time,user_id,user_name,gift_name,gift_count,diamond_total,grade,fans_club
2026-05-24 21:04:20,83891107891,山月不知心底事( ˃̶̤́ ꒳ ˂̶̤̀,大啤酒,1,2,[等级17],[粉丝团 Lv7]
2026-05-24 21:04:22,86550909045,✨星河入梦来˚❀,粉丝团灯牌,1,1,[等级17],[粉丝团 Lv9]
2026-05-24 21:04:22,64384587601,哥哥❄️,小皇冠,1,10,[等级17],[粉丝团 Lv15]
2026-05-24 21:04:22,69084013934,🌸🌸,粉丝团灯牌,1,1,[等级6],[粉丝团 Lv7]
2026-05-24 21:04:22,64384587601,哥哥❄️,小皇冠,1,10,[等级17],[粉丝团 Lv15]
2026-05-24 21:04:22,83718613961,梅花 K👀,粉丝团灯牌,1,1,[等级11],[粉丝团 Lv10]
2026-05-24 21:04:23,861611291057880,你不该卑微,点亮粉丝团,1,1,[等级28],[粉丝团 Lv9]
2026-05-24 21:04:23,105078996995,云深.不知梦,粉丝团灯牌,1,1,[等级18],[粉丝团 Lv12]
2026-05-24 21:04:23,102214837361,张不胖.,粉丝团灯牌,1,1,[等级19],[粉丝团 Lv11]
2026-05-24 21:04:26,861611291057880,你不该卑微,点亮粉丝团,1,1,[等级28],[粉丝团 Lv9]
2026-05-24 21:04:28,1605717292223668,江木习习,粉丝团灯牌,1,1,[等级17],[粉丝团 Lv9]
2026-05-24 21:04:28,50045461432,起个名真费劲,粉丝团灯牌,1,1,[等级17],[粉丝团 Lv12]
2026-05-24 21:04:28,1447389766638744,我还是我不一样的烟火,为你闪耀,1,9,[等级8],[粉丝团 Lv4]
2026-05-24 21:04:28,3782790736780904,装忧郁蹲在地上被狗误认为是神秘出餐口,粉丝团灯牌,1,1,[等级22],[粉丝团 Lv11]
2026-05-24 21:04:30,72547448736,就是南河呀！,粉丝团灯牌,1,1,[等级16],[粉丝团 Lv12]
2026-05-24 21:04:32,1447389766638744,我还是我不一样的烟火,为你闪耀,1,9,[等级8],[粉丝团 Lv4]
2026-05-24 21:04:32,4193984635741099,念念,粉丝团灯牌,1,1,[等级5],[粉丝团 Lv5]
2026-05-24 21:04:32,101647246155,大力水手,粉丝团灯牌,1,1,[等级22],[粉丝团 Lv15]
2026-05-24 21:04:32,50045461432,起个名真费劲,人气票,1,1,[等级17],[粉丝团 Lv12]
2026-05-24 21:04:34,3241013311441191,必不挠北,粉丝团灯牌,1,1,[等级12],[粉丝团 Lv10]
2026-05-24 21:04:35,58523992592,烽,粉丝团灯牌,1,1,[等级15],[粉丝团 Lv10]
2026-05-24 21:04:36,50045461432,起个名真费劲,人气票,1,1,[等级17],[粉丝团 Lv12]
2026-05-24 21:04:36,101594532095,文运火蟒暖树🎭 ⁵²⁰⁷🌙,粉丝团灯牌,1,1,[等级27],[粉丝团 Lv13]
2026-05-24 21:04:43,1415768448701549,上不了岸的猫🐱,粉丝团灯牌,1,1,[等级26],[粉丝团 Lv15]
2026-05-24 21:04:45,1447389766638744,我还是我不一样的烟火,粉丝团灯牌,1,1,[等级8],[粉丝团 Lv4]
2026-05-24 21:04:45,62046491428,Yy,粉丝团灯牌,1,1,[等级22],[粉丝团 Lv8]
2026-05-24 21:04:49,3061453761548606,♥🧡🩵🖤🩷,粉丝团灯牌,1,1,[等级35],[粉丝团 Lv13]
2026-05-24 21:04:51,1447389766638744,我还是我不一样的烟火,为你闪耀,1,9,[等级8],[粉丝团 Lv4]
2026-05-24 21:04:53,93063287456,༄༅ Mr.𝓓𝓲𝓷𝓰💯,粉丝团灯牌,1,1,[等级29],[粉丝团 Lv13]
2026-05-24 21:04:55,1447389766638744,我还是我不一样的烟火,为你闪耀,1,9,[等级8],[粉丝团 Lv4]
2026-05-24 21:04:56,870418750651885,猛踹瘸子那条好腿,人气票,1,1,[等级22],[粉丝团 Lv11]
2026-05-24 21:04:56,128001320695103,橘柚🍊,点亮粉丝团,1,1,[等级12],[粉丝团 Lv7]
2026-05-24 21:04:56,1447389766638744,我还是我不一样的烟火,为你闪耀,1,9,[等级8],[粉丝团 Lv4]
2026-05-24 21:04:56,1447389766638744,我还是我不一样的烟火,为你闪耀,1,9,[等级8],[粉丝团 Lv4]
2026-05-24 21:04:57,59262560352,樂 ⸜❤︎⸝,粉丝团灯牌,1,1,[等级20],[粉丝团 Lv9]
2026-05-24 21:04:57,1447389766638744,我还是我不一样的烟火,为你闪耀,3,27,[等级9],[粉丝团 Lv4]
2026-05-24 21:04:58,1447389766638744,我还是我不一样的烟火,为你闪耀,4,36,[等级9],[粉丝团 Lv4]
2026-05-24 21:04:58,870418750651885,猛踹瘸子那条好腿,人气票,1,1,[等级22],[粉丝团 Lv11]
2026-05-24 21:04:58,128001320695103,橘柚🍊,粉丝团灯牌,1,1,[等级12],[粉丝团 Lv7]
2026-05-24 21:04:58,128001320695103,橘柚🍊,点亮粉丝团,1,1,[等级12],[粉丝团 Lv7]
2026-05-24 21:05:01,1447389766638744,我还是我不一样的烟火,为你闪耀,4,36,[等级9],[粉丝团 Lv4]
2026-05-24 21:05:07,97655231960,এ᭄💕聴🎐風ོ🦋玲⃨樓🌈雨夜٭᭄,点亮粉丝团,1,9,[等级32],[粉丝团 Lv12]
2026-05-24 21:05:09,97655231960,এ᭄💕聴🎐風ོ🦋玲⃨樓🌈雨夜٭᭄,粉丝团灯牌,1,1,[等级32],[粉丝团 Lv12]
2026-05-24 21:05:09,97655231960,এ᭄💕聴🎐風ོ🦋玲⃨樓🌈雨夜٭᭄,点亮粉丝团,1,9,[等级32],[粉丝团 Lv12]
2026-05-24 21:05:09,4120625510094552,美丽天使,小心心,1,1,[等级8],
2026-05-24 21:05:10,63230468656,忘了那片海.,点亮粉丝团,1,1,[等级27],[粉丝团 Lv9]
2026-05-24 21:05:11,861611291057880,你不该卑微,粉丝团灯牌,1,1,[等级28],[粉丝团 Lv9]
2026-05-24 21:05:11,99979182999,寻城北上,点亮粉丝团,1,1,[等级15],[粉丝团 Lv5]
2026-05-24 21:05:11,541394791826397,小王的捷达🚗,点亮粉丝团,1,1,[等级27],[粉丝团 Lv10]
2026-05-24 21:05:13,63230468656,忘了那片海.,粉丝团灯牌,1,1,[等级27],[粉丝团 Lv9]
2026-05-24 21:05:13,63230468656,忘了那片海.,点亮粉丝团,1,1,[等级27],[粉丝团 Lv9]
2026-05-24 21:05:13,4120625510094552,美丽天使,小心心,1,1,[等级8],
2026-05-24 21:05:14,2484524900957379,阿强,粉丝团灯牌,1,1,[等级17],[粉丝团 Lv13]
2026-05-24 21:05:14,99979182999,寻城北上,点亮粉丝团,1,1,[等级15],[粉丝团 Lv5]
2026-05-24 21:05:14,541394791826397,小王的捷达🚗,点亮粉丝团,1,1,[等级27],[粉丝团 Lv10]
2026-05-24 21:05:15,84546284004,阿君君、,粉丝团灯牌,1,1,[等级13],[粉丝团 Lv8]
2026-05-24 21:05:16,4120625510094552,美丽天使,小心心,1,1,[等级8],
2026-05-24 21:05:18,79884032884,唐恋,粉丝团灯牌,1,1,[等级23],[粉丝团 Lv12]
2026-05-24 21:05:20,4120625510094552,美丽天使,小心心,1,1,[等级8],
2026-05-24 21:05:20,3069471088458343,情窦初开,粉丝团灯牌,1,1,[等级20],[粉丝团 Lv11]
2026-05-24 21:05:21,94295572114,柒七爱吃鱼,点亮粉丝团,1,1,[等级15],[粉丝团 Lv10]
2026-05-24 21:05:24,66470243217,江南、,粉丝团灯牌,1,1,[等级11],[粉丝团 Lv7]
2026-05-24 21:05:25,94295572114,柒七爱吃鱼,点亮粉丝团,1,1,[等级15],[粉丝团 Lv10]
2026-05-24 21:05:30,97391065780,Mc小四,粉丝团灯牌,1,1,[等级22],[粉丝团 Lv14]
2026-05-24 21:05:31,54955605104,抠鼻屎的牛,粉丝团灯牌,1,1,[等级21],[粉丝团 Lv8]
2026-05-24 21:05:31,62188665620,c。,粉丝团灯牌,1,1,[等级16],[粉丝团 Lv11]
2026-05-24 21:05:33,69412021386,优秀姐姐,点亮粉丝团,1,1,[等级34],[粉丝团 Lv9]
2026-05-24 21:05:34,74348956006,🇴,粉丝团灯牌,1,1,[等级23],[粉丝团 Lv15]
2026-05-24 21:05:34,109223356406,ღ临风纵欢 ོ࿐,粉丝团灯牌,1,1,[等级39],[粉丝团 Lv13]
2026-05-24 21:05:35,69412021386,优秀姐姐,粉丝团灯牌,1,1,[等级34],[粉丝团 Lv9]
2026-05-24 21:05:35,60413398977,ꦿএAmoº,粉丝团灯牌,1,1,[等级32],[粉丝团 Lv11]
2026-05-24 21:05:35,69412021386,优秀姐姐,点亮粉丝团,1,1,[等级34],[粉丝团 Lv9]
2026-05-24 21:05:38,3109074429031560,洽叽,粉丝团灯牌,1,1,[等级28],[粉丝团 Lv15]
2026-05-24 21:05:43,1151886901393246,逐日追风,粉丝团灯牌,1,1,[等级15],[粉丝团 Lv11]
2026-05-24 21:05:44,59542711299,月份,粉丝团灯牌,1,1,[等级21],[粉丝团 Lv11]
2026-05-24 21:05:47,62642627846,鹿茸,小心心,1,1,[等级12],[粉丝团 Lv10]
2026-05-24 21:05:48,1029556910162503,知了徐·,粉丝团灯牌,1,1,[等级8],[粉丝团 Lv8]
2026-05-24 21:05:49,588990068035101,泪痕,点亮粉丝团,1,9,[等级22],[粉丝团 Lv11]
2026-05-24 21:05:49,1214300769750568,芑悦,粉丝团灯牌,1,1,[等级21],[粉丝团 Lv11]
2026-05-24 21:05:50,62642627846,鹿茸,小心心,1,1,[等级12],[粉丝团 Lv10]
2026-05-24 21:05:50,51649153874,谁,粉丝团灯牌,1,1,[等级27],[粉丝团 Lv14]
2026-05-24 21:05:51,588990068035101,泪痕,粉丝团灯牌,1,1,[等级22],[粉丝团 Lv11]
2026-05-24 21:05:51,588990068035101,泪痕,点亮粉丝团,1,9,[等级22],[粉丝团 Lv11]
2026-05-24 21:05:52,69559193911,安祭     ღ,粉丝团灯牌,1,1,[等级30],[粉丝团 Lv8]
2026-05-24 21:05:52,915258452475982,P༌,为你闪耀,1,9,[等级17],[粉丝团 Lv4]
2026-05-24 21:05:52,109307336543,肖,粉丝团灯牌,1,1,[等级16],[粉丝团 Lv14]
2026-05-24 21:05:53,62752120826,尹柯,粉丝团灯牌,1,1,[等级23],[粉丝团 Lv10]
2026-05-24 21:05:53,915258452475982,P༌,为你闪耀,1,9,[等级17],[粉丝团 Lv4]
2026-05-24 21:05:53,101277257606,风的影子🧸,粉丝团灯牌,1,1,[等级42],[粉丝团 Lv11]
2026-05-24 21:05:53,915258452475982,P༌,为你闪耀,3,27,[等级17],[粉丝团 Lv4]
2026-05-24 21:05:57,915258452475982,P༌,为你闪耀,3,27,[等级17],[粉丝团 Lv4]
2026-05-24 21:06:01,98443382745,🍓希希💋,小心心,1,1,[等级27],[粉丝团 Lv13]
2026-05-24 21:06:04,98443382745,🍓希希💋,小心心,1,1,[等级27],[粉丝团 Lv13]
2026-05-24 21:06:04,98490189508,𝓩𝓱𝓪𝓷𝓰,粉丝团灯牌,1,1,[等级31],[粉丝团 Lv12]
2026-05-24 21:06:05,87850351741,一个达不吕,粉丝团灯牌,1,1,[等级14],[粉丝团 Lv10]
2026-05-24 21:06:05,75714455971,🌈🌞,粉丝团灯牌,1,1,[等级21],[粉丝团 Lv15]
2026-05-24 21:06:09,4164553472478136,蓝桉长在洱海边,粉丝团灯牌,1,1,[等级27],[粉丝团 Lv15]
2026-05-24 21:06:11,84138745332,时光🌈微凉,点亮粉丝团,1,1,[等级18],[粉丝团 Lv8]
2026-05-24 21:06:11,63539777930,🌲鹿屿i,粉丝团灯牌,1,1,[等级33],[粉丝团 Lv5]
2026-05-24 21:06:13,84138745332,时光🌈微凉,点亮粉丝团,1,1,[等级18],[粉丝团 Lv8]
2026-05-24 21:06:19,3975431641901518,注销账号中……,粉丝团灯牌,1,1,[等级12],[粉丝团 Lv11]
2026-05-24 21:06:23,2377597721773576,宇,点亮粉丝团,1,9,[等级29],[粉丝团 Lv12]
2026-05-24 21:06:26,2377597721773576,宇,点亮粉丝团,1,9,[等级29],[粉丝团 Lv12]
2026-05-24 21:06:27,915258452475982,P༌,为你闪耀,1,9,[等级17],[粉丝团 Lv4]
2026-05-24 21:06:28,76846449055,༒࿈圥忈༙྇࿈༒,粉丝团灯牌,1,1,[等级22],[粉丝团 Lv14]
2026-05-24 21:06:30,915258452475982,P༌,为你闪耀,1,9,[等级17],[粉丝团 Lv4]
2026-05-24 21:06:31,22788988590,琤霖,粉丝团灯牌,1,1,[等级10],[粉丝团 Lv7]
2026-05-24 21:06:32,64634596835,妗恬,粉丝团灯牌,1,1,[等级25],[粉丝团 Lv10]
2026-05-24 21:06:33,1934756770227812,🌈九门提督,棒棒糖,1,9,[等级27],[粉丝团 Lv14]
2026-05-24 21:06:34,99307256931,就看看,粉丝团灯牌,1,1,[等级27],[粉丝团 Lv15]
2026-05-24 21:06:36,1934756770227812,🌈九门提督,棒棒糖,1,9,[等级27],[粉丝团 Lv14]
2026-05-24 21:06:38,66442645829,🌈人无再少年%,粉丝团灯牌,1,1,[等级10],[粉丝团 Lv11]
2026-05-24 21:06:38,100997470262,小杨不爱说话,粉丝团灯牌,1,1,[等级8],[粉丝团 Lv4]
2026-05-24 21:06:40,1099111012513628,霜月贰💫,粉丝团灯牌,1,1,[等级9],[粉丝团 Lv10]
2026-05-24 21:06:41,1626875586159368,老韦,粉丝团灯牌,1,1,[等级13],[粉丝团 Lv13]
2026-05-24 21:06:42,2560076988827832,风吹回忆,粉丝团灯牌,1,1,[等级14],[粉丝团 Lv12]
2026-05-24 21:06:42,62952671133,周小周.,粉丝团灯牌,1,1,[等级15],[粉丝团 Lv9]
2026-05-24 21:06:48,96949891154,热血与梦想ね,粉丝团灯牌,1,1,[等级15],[粉丝团 Lv11]
2026-05-24 21:06:50,101664259026,L🍃,粉丝团灯牌,1,1,[等级22],[粉丝团 Lv12]
2026-05-24 21:06:52,1447389766638744,我还是我不一样的烟火,小心心,1,1,[等级9],[粉丝团 Lv4]
2026-05-24 21:06:53,1447389766638744,我还是我不一样的烟火,小心心,3,3,[等级10],[粉丝团 Lv4]
2026-05-24 21:06:53,1447389766638744,我还是我不一样的烟火,小心心,7,7,[等级10],[粉丝团 Lv4]
2026-05-24 21:06:54,1447389766638744,我还是我不一样的烟火,小心心,8,8,[等级10],[粉丝团 Lv4]
2026-05-24 21:06:54,71885414079,y,粉丝团灯牌,1,1,[等级27],[粉丝团 Lv11]
2026-05-24 21:06:57,1447389766638744,我还是我不一样的烟火,小心心,8,8,[等级10],[粉丝团 Lv4]
2026-05-24 21:07:02,104341317423,赞,粉丝团灯牌,1,1,[等级28],[粉丝团 Lv9]
2026-05-24 21:07:02,439407692749726,💤,粉丝团灯牌,1,1,[等级13],[粉丝团 Lv10]
2026-05-24 21:07:05,68644828886,@ღ᭄ꦿ雪จุบ松ღ᭄ꦿ,点亮粉丝团,1,1,[等级18],[粉丝团 Lv7]
2026-05-24 21:07:07,68644828886,@ღ᭄ꦿ雪จุบ松ღ᭄ꦿ,点亮粉丝团,1,1,[等级18],[粉丝团 Lv7]
2026-05-24 21:07:11,1464191219420044,独一无二,粉丝团灯牌,1,1,[等级31],[粉丝团 Lv4]
2026-05-24 21:07:21,1992730860589815,Ꮮ꯭Ꭽₑ栤橖💞䨮郦ꦿ₁³₁⁴,粉丝团灯牌,1,1,[等级34],[粉丝团 Lv11]
2026-05-24 21:07:25,62478700097,充能󰠇🇨🇳,粉丝团灯牌,1,1,[等级20],[粉丝团 Lv15]
2026-05-24 21:07:33,86856417008,吾乃天之饺子˚.🧸,粉丝团灯牌,1,1,[等级24],[粉丝团 Lv11]
2026-05-24 21:07:35,2946315483621007,杪諒,粉丝团灯牌,1,1,[等级31],[粉丝团 Lv10]
2026-05-24 21:07:36,1895154147667383,拒绝者,粉丝团灯牌,1,1,[等级18],[粉丝团 Lv7]
2026-05-24 21:07:37,100702304519,阿w.,点亮粉丝团,1,1,[等级5],[粉丝团 Lv8]
2026-05-24 21:07:39,101150785626,🍑,点亮粉丝团,1,1,[等级13],[粉丝团 Lv9]
2026-05-24 21:07:40,1134311094092071,怀来★小哥,点亮粉丝团,1,1,[等级30],[粉丝团 Lv8]
2026-05-24 21:07:41,100702304519,阿w.,点亮粉丝团,1,1,[等级5],[粉丝团 Lv8]
2026-05-24 21:07:42,101150785626,🍑,粉丝团灯牌,1,1,[等级13],[粉丝团 Lv9]
2026-05-24 21:07:42,101150785626,🍑,点亮粉丝团,1,1,[等级13],[粉丝团 Lv9]
2026-05-24 21:07:43,1134311094092071,怀来★小哥,点亮粉丝团,1,1,[等级30],[粉丝团 Lv8]
2026-05-24 21:07:44,1134311094092071,怀来★小哥,粉丝团灯牌,1,1,[等级30],[粉丝团 Lv8]
2026-05-24 21:07:45,101074412540,彪哥,点亮粉丝团,1,1,[等级7],[粉丝团 Lv10]
2026-05-24 21:07:46,2163433047329991,李,粉丝团灯牌,1,1,[等级21],[粉丝团 Lv7]
2026-05-24 21:07:47,101074412540,彪哥,点亮粉丝团,1,1,[等级7],[粉丝团 Lv10]
2026-05-24 21:07:54,2981497284348295,双鱼向前冲,粉丝团灯牌,1,1,[等级15],[粉丝团 Lv12]
2026-05-24 21:07:56,63208976639,™ 矫情又作🦄,小心心,1,1,[等级5],[粉丝团 Lv9]
2026-05-24 21:07:57,100720118695,随意活着,粉丝团灯牌,1,1,[等级11],[粉丝团 Lv12]
2026-05-24 21:08:00,63208976639,™ 矫情又作🦄,小心心,1,1,[等级5],[粉丝团 Lv9]
2026-05-24 21:08:06,71605478228,磊,点亮粉丝团,1,9,[等级26],[粉丝团 Lv11]
2026-05-24 21:08:09,71605478228,磊,点亮粉丝团,1,9,[等级26],[粉丝团 Lv11]
2026-05-24 21:08:12,8519435919,JoeyChung,粉丝团灯牌,1,1,[等级33],[粉丝团 Lv15]
2026-05-24 21:08:12,95556451708,🍒,粉丝团灯牌,1,1,[等级28],[粉丝团 Lv6]
2026-05-24 21:08:12,71605478228,磊,粉丝团灯牌,1,1,[等级26],[粉丝团 Lv11]
2026-05-24 21:08:16,82231126833,～:～,粉丝团灯牌,1,1,[等级30],[粉丝团 Lv13]
2026-05-24 21:08:19,817630535503485,《蓝—桉》,点亮粉丝团,1,1,[等级15],[粉丝团 Lv10]
2026-05-24 21:08:20,2889145647368846,16,粉丝团灯牌,1,1,[等级10],[粉丝团 Lv7]
2026-05-24 21:08:22,817630535503485,《蓝—桉》,点亮粉丝团,1,1,[等级15],[粉丝团 Lv10]
2026-05-24 21:08:22,97893281565,灬优梦、,粉丝团灯牌,1,1,[等级12],[粉丝团 Lv9]
2026-05-24 21:08:23,817630535503485,《蓝—桉》,粉丝团灯牌,1,1,[等级15],[粉丝团 Lv10]
2026-05-24 21:08:26,1160706495096109,莫慌嘛,粉丝团灯牌,1,1,[等级14],[粉丝团 Lv11]
2026-05-24 21:08:28,100080921300,༺相༒依༻🕊,粉丝团灯牌,1,1,[等级17],[粉丝团 Lv3]
2026-05-24 21:08:28,98755209202,呗呗,粉丝团灯牌,1,1,[等级9],[粉丝团 Lv2]
2026-05-24 21:08:30,839636647687335,小康豆,点亮粉丝团,1,1,[等级10],[粉丝团 Lv10]
2026-05-24 21:08:31,512849826559244,豆哥,粉丝团灯牌,1,1,[等级17],[粉丝团 Lv10]
2026-05-24 21:08:32,88050823910,嘎-嘎-那,粉丝团灯牌,1,1,[等级37],[粉丝团 Lv9]
2026-05-24 21:08:33,839636647687335,小康豆,点亮粉丝团,1,1,[等级10],[粉丝团 Lv10]
2026-05-24 21:08:36,2889145647368846,16,为你闪耀,1,9,[等级10],[粉丝团 Lv7]
2026-05-24 21:08:39,98714916130,心碎_也完美、,粉丝团灯牌,1,1,[等级11],[粉丝团 Lv9]
2026-05-24 21:08:39,67920706811,离线,粉丝团灯牌,1,1,[等级19],[粉丝团 Lv10]
2026-05-24 21:08:39,2889145647368846,16,为你闪耀,1,9,[等级10],[粉丝团 Lv7]
2026-05-24 21:08:39,86856417008,吾乃天之饺子˚.🧸,大啤酒,1,2,[等级24],[粉丝团 Lv11]
2026-05-24 21:08:39,96485623783,盛焱农业,大啤酒,1,2,[等级6],[粉丝团 Lv2]
2026-05-24 21:08:39,83423132104,@青山绿水之间,大啤酒,1,2,[等级25],[粉丝团 Lv10]
2026-05-24 21:08:39,1394598503266798,憇小憇,大啤酒,1,2,[等级21],
2026-05-24 21:08:39,62797885421,Winter,小皇冠,1,10,[等级16],[粉丝团 Lv9]
2026-05-24 21:08:39,3083458370606503,账号已注销,大啤酒,1,2,[等级17],[粉丝团 Lv12]
2026-05-24 21:08:39,68334443024,小熊饼干干干巴巴,大啤酒,1,2,[等级13],[粉丝团 Lv10]
2026-05-24 21:08:39,1807239114666904,·喵了个咪,小皇冠,1,10,[等级20],[粉丝团 Lv15]
2026-05-24 21:08:40,88091173189,漫漫🥰,大啤酒,1,2,[等级10],[粉丝团 Lv6]
2026-05-24 21:08:40,101329202528,刚哥,大啤酒,1,2,[等级14],[粉丝团 Lv12]
2026-05-24 21:08:40,60438210271,—然後呢🫧,大啤酒,1,2,[等级9],[粉丝团 Lv11]
2026-05-24 21:08:41,2837203945787854,予熙💫,小皇冠,1,10,[等级30],[粉丝团 Lv11]
2026-05-24 21:08:41,3825913431860920,迷茫,大啤酒,1,2,[等级16],[粉丝团 Lv9]
2026-05-24 21:08:41,70167607627,落地钢枪崴脚了,大啤酒,1,2,[等级30],[粉丝团 Lv12]
2026-05-24 21:08:42,50666988323,林0310,大啤酒,1,2,[等级25],[粉丝团 Lv4]
2026-05-24 21:08:42,96485623783,盛焱农业,大啤酒,1,2,[等级6],[粉丝团 Lv2]
2026-05-24 21:08:42,86856417008,吾乃天之饺子˚.🧸,大啤酒,1,2,[等级24],[粉丝团 Lv11]
2026-05-24 21:08:42,108473489771,ℒ升ℴ关ѵ发ℯ财এ⁵²º᭄এ,小皇冠,1,10,[等级17],[粉丝团 Lv13]
2026-05-24 21:08:43,1394598503266798,憇小憇,大啤酒,1,2,[等级21],
2026-05-24 21:08:43,3083458370606503,账号已注销,大啤酒,1,2,[等级17],[粉丝团 Lv12]
2026-05-24 21:08:43,1440784769099419,穷游玩玩,大啤酒,1,2,[等级4],[粉丝团 Lv6]
2026-05-24 21:08:43,83423132104,@青山绿水之间,大啤酒,1,2,[等级25],[粉丝团 Lv10]
2026-05-24 21:08:43,1807239114666904,·喵了个咪,小皇冠,1,10,[等级20],[粉丝团 Lv15]
2026-05-24 21:08:43,91628373600,11111,粉丝团灯牌,1,1,[等级16],[粉丝团 Lv10]
2026-05-24 21:08:43,68334443024,小熊饼干干干巴巴,大啤酒,1,2,[等级13],[粉丝团 Lv10]
2026-05-24 21:08:43,88091173189,漫漫🥰,大啤酒,1,2,[等级10],[粉丝团 Lv6]
2026-05-24 21:08:43,62797885421,Winter,小皇冠,1,10,[等级16],[粉丝团 Lv9]
2026-05-24 21:08:43,101329202528,刚哥,大啤酒,1,2,[等级14],[粉丝团 Lv12]
2026-05-24 21:08:43,60438210271,—然後呢🫧,大啤酒,1,2,[等级9],[粉丝团 Lv11]
2026-05-24 21:08:43,2837203945787854,予熙💫,小皇冠,1,10,[等级30],[粉丝团 Lv11]
2026-05-24 21:08:43,3825913431860920,迷茫,大啤酒,1,2,[等级16],[粉丝团 Lv9]
2026-05-24 21:08:44,70167607627,落地钢枪崴脚了,大啤酒,1,2,[等级30],[粉丝团 Lv12]
2026-05-24 21:08:45,102083502145,晋M-飞哥,小皇冠,1,10,[等级11],[粉丝团 Lv6]
2026-05-24 21:08:45,50666988323,林0310,大啤酒,1,2,[等级25],[粉丝团 Lv4]
2026-05-24 21:08:45,1440784769099419,穷游玩玩,大啤酒,1,2,[等级4],[粉丝团 Lv6]
2026-05-24 21:08:45,108473489771,ℒ升ℴ关ѵ发ℯ财এ⁵²º᭄এ,小皇冠,1,10,[等级17],[粉丝团 Lv13]
2026-05-24 21:08:47,3689574830449950,刘三哥,玫瑰,1,1,[等级27],
2026-05-24 21:08:47,102293842812,宋song,大啤酒,1,2,[等级18],[粉丝团 Lv8]
2026-05-24 21:08:47,2167858170170227,斌子,大啤酒,1,2,[等级12],[粉丝团 Lv12]
2026-05-24 21:08:47,94298274691,秋雨枫叶_,小皇冠,1,10,[等级15],[粉丝团 Lv11]
2026-05-24 21:08:47,2911136727434408,༺༃ 默 ༒ 雨 ༃༻,粉丝团灯牌,1,1,[等级17],[粉丝团 Lv13]
2026-05-24 21:08:47,109878317991,713宇,点亮粉丝团,1,1,[等级10],[粉丝团 Lv10]
2026-05-24 21:08:47,3171454209496302,Camellia-,点亮粉丝团,1,1,[等级22],[粉丝团 Lv10]
2026-05-24 21:08:48,102083502145,晋M-飞哥,小皇冠,1,10,[等级11],[粉丝团 Lv6]
2026-05-24 21:08:49,3171454209496302,Camellia-,粉丝团灯牌,1,1,[等级22],[粉丝团 Lv10]
2026-05-24 21:08:49,3171454209496302,Camellia-,点亮粉丝团,1,1,[等级22],[粉丝团 Lv10]
2026-05-24 21:08:49,2626068320882696,天知道,大啤酒,1,2,[等级11],[粉丝团 Lv2]
2026-05-24 21:08:49,104260931928,冰红茶,人气票,1,1,[等级16],[粉丝团 Lv11]
2026-05-24 21:08:49,3689574830449950,刘三哥,玫瑰,1,1,[等级27],
2026-05-24 21:08:49,102293842812,宋song,大啤酒,1,2,[等级18],[粉丝团 Lv8]
2026-05-24 21:08:50,2167858170170227,斌子,大啤酒,1,2,[等级12],[粉丝团 Lv12]
2026-05-24 21:08:50,94298274691,秋雨枫叶_,小皇冠,1,10,[等级15],[粉丝团 Lv11]
2026-05-24 21:08:50,109878317991,713宇,点亮粉丝团,1,1,[等级10],[粉丝团 Lv10]
2026-05-24 21:08:51,93171232427,未亡,粉丝团灯牌,1,1,[等级10],[粉丝团 Lv10]
2026-05-24 21:08:51,2031534828169099,于江跑不快,粉丝团灯牌,1,1,[等级15],[粉丝团 Lv12]
2026-05-24 21:08:52,2626068320882696,天知道,大啤酒,1,2,[等级11],[粉丝团 Lv2]
2026-05-24 21:08:52,1093332148954204,摇摇车buss,小皇冠,1,10,[等级9],[粉丝团 Lv9]
2026-05-24 21:08:53,104260931928,冰红茶,人气票,1,1,[等级16],[粉丝团 Lv11]
2026-05-24 21:08:55,4177795642034311,菏泽梦阳房产,粉丝团灯牌,1,1,[等级28],[粉丝团 Lv8]
2026-05-24 21:08:55,474597969114392,欭惗,大啤酒,1,2,[等级16],[粉丝团 Lv5]
2026-05-24 21:08:55,1093332148954204,摇摇车buss,小皇冠,1,10,[等级9],[粉丝团 Lv9]
2026-05-24 21:08:55,4054629944669431,时光💫,为你闪耀,1,9,[等级37],[粉丝团 Lv11]
2026-05-24 21:08:56,106007690977,ල᭄勇哥ꦿ᭄࿐,粉丝团灯牌,1,1,[等级36],[粉丝团 Lv14]
2026-05-24 21:08:56,3825913431860920,迷茫,点亮粉丝团,1,1,[等级16],[粉丝团 Lv9]
2026-05-24 21:08:57,102965258480,哇塞男孩,点亮粉丝团,1,1,[等级16],[粉丝团 Lv4]
2026-05-24 21:08:57,474597969114392,欭惗,大啤酒,1,2,[等级16],[粉丝团 Lv5]
2026-05-24 21:08:58,4054629944669431,时光💫,为你闪耀,1,9,[等级37],[粉丝团 Lv11]
2026-05-24 21:08:58,72907249364,兔子先生,粉丝团灯牌,1,1,[等级20],[粉丝团 Lv3]
2026-05-24 21:09:00,3825913431860920,迷茫,点亮粉丝团,1,1,[等级16],[粉丝团 Lv9]
2026-05-24 21:09:00,4006233480102638,大爷腰子虚,粉丝团灯牌,1,1,[等级26],[粉丝团 Lv13]
2026-05-24 21:09:00,102965258480,哇塞男孩,点亮粉丝团,1,1,[等级16],[粉丝团 Lv4]
2026-05-24 21:09:00,1143098230970669,Jason,大啤酒,1,2,[等级13],[粉丝团 Lv2]
2026-05-24 21:09:00,106537362415,李山締,点亮粉丝团,1,9,[等级20],[粉丝团 Lv13]
2026-05-24 21:09:02,78018605669,飯,粉丝团灯牌,1,1,[等级27],[粉丝团 Lv11]
2026-05-24 21:09:02,78139442155,壹玖,粉丝团灯牌,1,1,[等级37],[粉丝团 Lv11]
2026-05-24 21:09:03,71944032810,回忆,粉丝团灯牌,1,1,[等级22],[粉丝团 Lv15]
2026-05-24 21:09:03,1143098230970669,Jason,大啤酒,1,2,[等级13],[粉丝团 Lv2]
2026-05-24 21:09:03,106537362415,李山締,点亮粉丝团,1,9,[等级20],[粉丝团 Lv13]
2026-05-24 21:09:07,78139442155,壹玖,为你闪耀,1,9,[等级37],[粉丝团 Lv11]
2026-05-24 21:09:08,106537362415,李山締,粉丝团灯牌,1,1,[等级20],[粉丝团 Lv13]
2026-05-24 21:09:11,78139442155,壹玖,为你闪耀,1,9,[等级37],[粉丝团 Lv11]
2026-05-24 21:09:11,505416262615835,星缘,粉丝团灯牌,1,1,[等级40],[粉丝团 Lv9]
2026-05-24 21:09:11,62677451539,尼古丁有瘾,粉丝团灯牌,1,1,[等级19],[粉丝团 Lv12]
2026-05-24 21:09:11,4063413927178935,M9陌陌,人气票,1,1,[等级6],[粉丝团 Lv2]
2026-05-24 21:09:12,923225100663310,惠    😀,粉丝团灯牌,1,1,[等级23],[粉丝团 Lv9]
2026-05-24 21:09:12,106007690977,ල᭄勇哥ꦿ᭄࿐,小心心,1,1,[等级36],[粉丝团 Lv14]
2026-05-24 21:09:13,106007690977,ල᭄勇哥ꦿ᭄࿐,小心心,2,2,[等级36],[粉丝团 Lv14]
2026-05-24 21:09:14,106007690977,ල᭄勇哥ꦿ᭄࿐,小心心,6,6,[等级36],[粉丝团 Lv14]
2026-05-24 21:09:14,4063413927178935,M9陌陌,人气票,1,1,[等级6],[粉丝团 Lv2]
2026-05-24 21:09:14,106007690977,ල᭄勇哥ꦿ᭄࿐,小心心,7,7,[等级36],[粉丝团 Lv14]
2026-05-24 21:09:16,98131408937,🐱,小皇冠,1,10,[等级9],[粉丝团 Lv9]
2026-05-24 21:09:17,479017105637047,张君雅未出生的儿子⁵¹⁰⁷⁴,粉丝团灯牌,1,1,[等级36],[粉丝团 Lv17]
2026-05-24 21:09:18,106007690977,ල᭄勇哥ꦿ᭄࿐,小心心,7,7,[等级36],[粉丝团 Lv14]
2026-05-24 21:09:19,98131408937,🐱,小皇冠,1,10,[等级9],[粉丝团 Lv9]
2026-05-24 21:09:20,2686823707719107,@斌,粉丝团灯牌,1,1,[等级11],[粉丝团 Lv12]
2026-05-24 21:09:22,4063413927178935,M9陌陌,人气票,1,1,[等级6],[粉丝团 Lv2]
2026-05-24 21:09:23,4063413927178935,M9陌陌,人气票,4,4,[等级6],[粉丝团 Lv2]
2026-05-24 21:09:23,59135825781,周周周啊⁵¹⁰⁷⁴,大啤酒,1,2,[等级13],[粉丝团 Lv11]
2026-05-24 21:09:24,4063413927178935,M9陌陌,人气票,6,6,[等级6],[粉丝团 Lv2]
2026-05-24 21:09:24,3582662248249081,阳sir,点亮粉丝团,1,1,[等级14],[粉丝团 Lv7]
2026-05-24 21:09:24,4063413927178935,M9陌陌,人气票,9,9,[等级6],[粉丝团 Lv2]
2026-05-24 21:09:26,104171002561,小 🐟 吖 ！,粉丝团灯牌,1,1,[等级23],[粉丝团 Lv7]
2026-05-24 21:09:26,59135825781,周周周啊⁵¹⁰⁷⁴,大啤酒,1,2,[等级13],[粉丝团 Lv11]
2026-05-24 21:09:26,3582662248249081,阳sir,点亮粉丝团,1,1,[等级14],[粉丝团 Lv7]
2026-05-24 21:09:27,4063413927178935,M9陌陌,人气票,9,9,[等级6],[粉丝团 Lv2]
2026-05-24 21:09:28,3600277948080425,灬小高,点亮粉丝团,1,1,[等级21],[粉丝团 Lv2]
2026-05-24 21:09:30,3600277948080425,灬小高,粉丝团灯牌,1,1,[等级21],[粉丝团 Lv2]
2026-05-24 21:09:30,3600277948080425,灬小高,点亮粉丝团,1,1,[等级21],[粉丝团 Lv2]
2026-05-24 21:09:32,72970820981,西西cc,粉丝团灯牌,1,1,[等级15],[粉丝团 Lv12]
2026-05-24 21:09:34,103612270955,杰lj,点亮粉丝团,1,9,[等级13],[粉丝团 Lv11]
2026-05-24 21:09:35,82998705591,๓温暖°,小皇冠,1,10,[等级14],[粉丝团 Lv5]
2026-05-24 21:09:36,65241058455,猛踢瘸子那条好腿,点亮粉丝团,1,1,[等级12],[粉丝团 Lv5]
2026-05-24 21:09:36,72294907126,｛覃师傅开挖机！只开辣挖机｝,粉丝团灯牌,1,1,[等级17],[粉丝团 Lv10]
2026-05-24 21:09:37,105436341885,苏梓柠,大啤酒,1,2,[等级6],[粉丝团 Lv10]
2026-05-24 21:09:37,67625320253,喜欢下雨天丶,点亮粉丝团,1,1,[等级15],[粉丝团 Lv10]
2026-05-24 21:09:37,103612270955,杰lj,点亮粉丝团,1,9,[等级13],[粉丝团 Lv11]
2026-05-24 21:09:38,93337061090,不吃芹菜,点亮粉丝团,1,1,[等级13],[粉丝团 Lv5]
2026-05-24 21:09:38,82998705591,๓温暖°,小皇冠,1,10,[等级14],[粉丝团 Lv5]
2026-05-24 21:09:38,65241058455,猛踢瘸子那条好腿,点亮粉丝团,1,1,[等级12],[粉丝团 Lv5]
2026-05-24 21:09:39,102206169652,蛋蛋的忧伤👀,粉丝团灯牌,1,1,[等级14],[粉丝团 Lv4]
2026-05-24 21:09:40,105436341885,苏梓柠,大啤酒,1,2,[等级6],[粉丝团 Lv10]
2026-05-24 21:09:40,67625320253,喜欢下雨天丶,点亮粉丝团,1,1,[等级15],[粉丝团 Lv10]
2026-05-24 21:09:40,93337061090,不吃芹菜,点亮粉丝团,1,1,[等级13],[粉丝团 Lv5]
2026-05-24 21:09:42,62702653548,流浪心,玫瑰,1,1,[等级22],[粉丝团 Lv12]
2026-05-24 21:09:42,14117509729,媛媛,粉丝团灯牌,1,1,[等级19],[粉丝团 Lv11]
2026-05-24 21:09:42,68171781626,花辞树,为你闪耀,1,9,[等级24],[粉丝团 Lv11]
2026-05-24 21:09:44,67625320253,喜欢下雨天丶,粉丝团灯牌,1,1,[等级15],[粉丝团 Lv10]
2026-05-24 21:09:44,62702653548,流浪心,玫瑰,1,1,[等级22],[粉丝团 Lv12]
2026-05-24 21:09:46,68171781626,花辞树,为你闪耀,1,9,[等级24],[粉丝团 Lv11]
2026-05-24 21:09:48,2057934075868996,@知足常乐,点亮粉丝团,1,9,[等级17],[粉丝团 Lv12]
2026-05-24 21:09:50,61915582842,兜一圈儿,粉丝团灯牌,1,1,[等级22],[粉丝团 Lv12]
2026-05-24 21:09:50,2057934075868996,@知足常乐,点亮粉丝团,1,9,[等级17],[粉丝团 Lv12]
2026-05-24 21:09:51,4081858572982237,原来是美金💲,粉丝团灯牌,1,1,[等级26],[粉丝团 Lv11]
2026-05-24 21:09:52,93532784667,沐沐爸,粉丝团灯牌,1,1,[等级7],[粉丝团 Lv11]
2026-05-24 21:09:55,2057934075868996,@知足常乐,粉丝团灯牌,1,1,[等级17],[粉丝团 Lv12]
2026-05-24 21:09:57,3240997384359796,小白是黑色的,粉丝团灯牌,1,1,[等级26],[粉丝团 Lv11]
2026-05-24 21:10:02,102343558123,151好困呐（Oo沂）,粉丝团灯牌,1,1,[等级22],[粉丝团 Lv2]
2026-05-24 21:10:03,62756844382,啊哈丶小趴菜,粉丝团灯牌,1,1,[等级17],[粉丝团 Lv11]
2026-05-24 21:10:07,62581428479,刷子,粉丝团灯牌,1,1,[等级31],[粉丝团 Lv13]
2026-05-24 21:10:08,82353249337,茶客,点亮粉丝团,1,1,[等级25],[粉丝团 Lv2]
2026-05-24 21:10:08,60889377888,Ren,粉丝团灯牌,1,1,[等级17],[粉丝团 Lv11]
2026-05-24 21:10:09,51030308691,沧海一粟,粉丝团灯牌,1,1,[等级16],[粉丝团 Lv13]
2026-05-24 21:10:10,2330588968395416,贝塔β,为你闪耀,1,9,[等级25],[粉丝团 Lv14]
2026-05-24 21:10:11,82353249337,茶客,点亮粉丝团,1,1,[等级25],[粉丝团 Lv2]
2026-05-24 21:10:12,82353249337,茶客,粉丝团灯牌,1,1,[等级25],[粉丝团 Lv2]
2026-05-24 21:10:13,2330588968395416,贝塔β,为你闪耀,1,9,[等级25],[粉丝团 Lv14]
2026-05-24 21:10:14,67450470094,E路航,粉丝团灯牌,1,1,[等级26],[粉丝团 Lv10]
2026-05-24 21:10:16,1332203469940011,有一个笨蛋,粉丝团灯牌,1,1,[等级13],[粉丝团 Lv9]
2026-05-24 21:10:21,4054629944669431,时光💫,为你闪耀,1,9,[等级37],[粉丝团 Lv11]
2026-05-24 21:10:23,708513641294295,小地主,点亮粉丝团,1,1,[等级23],[粉丝团 Lv7]
2026-05-24 21:10:23,4054629944669431,时光💫,为你闪耀,1,9,[等级37],[粉丝团 Lv11]
2026-05-24 21:10:24,4438093509962792,可以长寿的益生杆菌菌👻,为你闪耀,1,9,[等级10],[粉丝团 Lv10]
2026-05-24 21:10:25,708513641294295,小地主,粉丝团灯牌,1,1,[等级23],[粉丝团 Lv7]
2026-05-24 21:10:25,4438093509962792,可以长寿的益生杆菌菌👻,为你闪耀,1,9,[等级10],[粉丝团 Lv10]
2026-05-24 21:10:25,708513641294295,小地主,点亮粉丝团,1,1,[等级23],[粉丝团 Lv7]
2026-05-24 21:10:26,93109348601,Boeing,点亮粉丝团,1,1,[等级21],[粉丝团 Lv2]
2026-05-24 21:10:27,4438093509962792,可以长寿的益生杆菌菌👻,为你闪耀,4,36,[等级10],[粉丝团 Lv10]
2026-05-24 21:10:28,71335324121,Sinine,点亮粉丝团,1,1,[等级17],[粉丝团 Lv3]
2026-05-24 21:10:29,4220392660537081,😡,粉丝团灯牌,1,1,[等级9],[粉丝团 Lv10]
2026-05-24 21:10:29,4438093509962792,可以长寿的益生杆菌菌👻,为你闪耀,5,45,[等级10],[粉丝团 Lv10]
2026-05-24 21:10:29,92539594611,L～ZH,粉丝团灯牌,1,1,[等级26],[粉丝团 Lv5]
2026-05-24 21:10:29,93109348601,Boeing,点亮粉丝团,1,1,[等级21],[粉丝团 Lv2]
2026-05-24 21:10:31,57729539122,Mos,粉丝团灯牌,1,1,[等级11],[粉丝团 Lv10]
2026-05-24 21:10:31,71335324121,Sinine,点亮粉丝团,1,1,[等级17],[粉丝团 Lv3]
2026-05-24 21:10:31,4438093509962792,可以长寿的益生杆菌菌👻,为你闪耀,5,45,[等级10],[粉丝团 Lv10]
2026-05-24 21:10:40,3109051956739284,胖胖呀✌︎' ֊',粉丝团灯牌,1,1,[等级29],[粉丝团 Lv13]
2026-05-24 21:10:40,70554483690,退堂的“古”,粉丝团灯牌,1,1,[等级23],[粉丝团 Lv13]
2026-05-24 21:10:42,92358212208,饮水思源,粉丝团灯牌,1,1,[等级17],[粉丝团 Lv13]
2026-05-24 21:10:46,107701880347,别吵我睡觉,点亮粉丝团,1,9,[等级14],[粉丝团 Lv11]
2026-05-24 21:10:49,107701880347,别吵我睡觉,点亮粉丝团,1,9,[等级14],[粉丝团 Lv11]
2026-05-24 21:10:50,2255829775695436,四季不缺豆❄,粉丝团灯牌,1,1,[等级18],[粉丝团 Lv13]
2026-05-24 21:10:56,95471983373,An,小皇冠,1,10,[等级12],[粉丝团 Lv10]
2026-05-24 21:10:59,95471983373,An,小皇冠,1,10,[等级12],[粉丝团 Lv10]
2026-05-24 21:11:00,774479027387455,ㅤ ㅤ ㅤ ㅤ ㅤ,粉丝团灯牌,1,1,[等级12],[粉丝团 Lv10]
2026-05-24 21:11:00,94982471161,耷拉憨儿🍡⁹⁵⁶,粉丝团灯牌,1,1,[等级38],[粉丝团 Lv11]
2026-05-24 21:11:01,59873100353,Re,粉丝团灯牌,1,1,[等级24],[粉丝团 Lv13]
2026-05-24 21:11:02,989976121574717,🍊🍊,粉丝团灯牌,1,1,[等级17],[粉丝团 Lv14]
2026-05-24 21:11:03,80618904026,囧,粉丝团灯牌,1,1,[等级32],[粉丝团 Lv15]
2026-05-24 21:11:04,70394730641,风,粉丝团灯牌,1,1,[等级21],[粉丝团 Lv14]
2026-05-24 21:11:05,85549890688,🍊🍊🍊🍊,粉丝团灯牌,1,1,[等级35],[粉丝团 Lv6]
2026-05-24 21:11:06,80603532480,H,粉丝团灯牌,1,1,[等级28],[粉丝团 Lv14]
2026-05-24 21:11:08,82723214488,绿色毛毛虫🫧,点亮粉丝团,1,1,[等级33],[粉丝团 Lv4]
2026-05-24 21:11:08,82977990853,逸飞艺,粉丝团灯牌,1,1,[等级18],[粉丝团 Lv14]
2026-05-24 21:11:10,82723214488,绿色毛毛虫🫧,粉丝团灯牌,1,1,[等级33],[粉丝团 Lv4]
2026-05-24 21:11:10,82723214488,绿色毛毛虫🫧,点亮粉丝团,1,1,[等级33],[粉丝团 Lv4]
2026-05-24 21:11:12,96847888658,陆游,粉丝团灯牌,1,1,[等级20],[粉丝团 Lv9]
2026-05-24 21:11:13,94591416333,小贵子,点亮粉丝团,1,1,[等级29],[粉丝团 Lv10]
2026-05-24 21:11:14,99170916314,游I丶丶,点亮粉丝团,1,9,[等级19],[粉丝团 Lv13]
2026-05-24 21:11:16,94591416333,小贵子,点亮粉丝团,1,1,[等级29],[粉丝团 Lv10]
2026-05-24 21:11:16,6820971778,紸銷.,粉丝团灯牌,1,1,[等级18],[粉丝团 Lv9]
2026-05-24 21:11:16,99170916314,游I丶丶,粉丝团灯牌,1,1,[等级19],[粉丝团 Lv13]
2026-05-24 21:11:16,99170916314,游I丶丶,点亮粉丝团,1,9,[等级19],[粉丝团 Lv13]
2026-05-24 21:11:17,2405334609052372,哎呀呦,小心心,1,1,[等级6],
2026-05-24 21:11:18,82723214488,绿色毛毛虫🫧,大啤酒,1,2,[等级33],[粉丝团 Lv4]
2026-05-24 21:11:19,52545544618,丶小五哥哥,粉丝团灯牌,1,1,[等级15],[粉丝团 Lv10]
2026-05-24 21:11:19,82723214488,绿色毛毛虫🫧,大啤酒,2,4,[等级33],[粉丝团 Lv4]
2026-05-24 21:11:20,2405334609052372,哎呀呦,小心心,1,1,[等级6],
2026-05-24 21:11:22,82723214488,绿色毛毛虫🫧,小心心,1,1,[等级33],[粉丝团 Lv4]
2026-05-24 21:11:22,82723214488,绿色毛毛虫🫧,大啤酒,2,4,[等级33],[粉丝团 Lv4]
2026-05-24 21:11:22,2570035990371532,永恒@,点亮粉丝团,1,1,[等级6],[粉丝团 Lv1]
2026-05-24 21:11:22,82723214488,绿色毛毛虫🫧,小心心,2,2,[等级33],[粉丝团 Lv4]
2026-05-24 21:11:25,2570035990371532,永恒@,点亮粉丝团,1,1,[等级6],[粉丝团 Lv1]
2026-05-24 21:11:25,82723214488,绿色毛毛虫🫧,小心心,2,2,[等级33],[粉丝团 Lv4]
2026-05-24 21:11:30,65788924596,ccc,粉丝团灯牌,1,1,[等级17],[粉丝团 Lv11]
2026-05-24 21:11:31,3677188376769624,初吻给了香烟,点亮粉丝团,1,1,[等级11],[粉丝团 Lv8]
2026-05-24 21:11:31,2612911638054671,ღ祁𝓠𝒾ᥫᩣ,粉丝团灯牌,1,1,[等级19],[粉丝团 Lv14]
2026-05-24 21:11:33,7453409897514910777,- 〆迟野,点亮粉丝团,1,1,[等级14],[粉丝团 Lv8]
2026-05-24 21:11:33,72423836982,56,点亮粉丝团,1,1,[等级31],[粉丝团 Lv3]
2026-05-24 21:11:34,3677188376769624,初吻给了香烟,点亮粉丝团,1,1,[等级11],[粉丝团 Lv8]
2026-05-24 21:11:36,57707282616,Ö耶,粉丝团灯牌,1,1,[等级26],[粉丝团 Lv13]
2026-05-24 21:11:37,7453409897514910777,- 〆迟野,点亮粉丝团,1,1,[等级14],[粉丝团 Lv8]
2026-05-24 21:11:37,72423836982,56,点亮粉丝团,1,1,[等级31],[粉丝团 Lv3]
2026-05-24 21:11:38,4041412782855367,一叶一浮生,粉丝团灯牌,1,1,[等级38],[粉丝团 Lv8]
2026-05-24 21:11:41,7453409897514910777,- 〆迟野,粉丝团灯牌,1,1,[等级14],[粉丝团 Lv8]
2026-05-24 21:11:41,96959175534,ο▬▬▬▬▬▬◙▅▅▅▆▆▆▆▆▆▇▇◤,粉丝团灯牌,1,1,[等级14],[粉丝团 Lv2]
2026-05-24 21:11:42,30416640425868,老罗超危险,小心心,1,1,[等级13],
2026-05-24 21:11:43,3394881741135997,听说名字长会有傻子跟着念,粉丝团灯牌,1,1,[等级13],[粉丝团 Lv4]
2026-05-24 21:11:43,893237569268628,扶光,粉丝团灯牌,1,1,[等级26],[粉丝团 Lv10]
2026-05-24 21:11:45,30416640425868,老罗超危险,小心心,1,1,[等级13],
2026-05-24 21:11:49,1744290618287516,造梦者,点亮粉丝团,1,1,[等级10],[粉丝团 Lv10]
2026-05-24 21:11:49,4217365043356446,蚀.,粉丝团灯牌,1,1,[等级33],[粉丝团 Lv12]
2026-05-24 21:11:49,68086392046,光头✡️涛,粉丝团灯牌,1,1,[等级27],[粉丝团 Lv12]
2026-05-24 21:11:50,3908113150515803,黑蛋,粉丝团灯牌,1,1,[等级17],[粉丝团 Lv7]
2026-05-24 21:11:51,1744290618287516,造梦者,点亮粉丝团,1,1,[等级10],[粉丝团 Lv10]
2026-05-24 21:11:52,71221062195,簡簡單單,为你闪耀,1,9,[等级25],[粉丝团 Lv13]
2026-05-24 21:11:54,2570035990371532,永恒@,粉丝团灯牌,1,1,[等级6],[粉丝团 Lv1]
2026-05-24 21:11:54,2720609376143175,无所吊谓🌈🌈🌈,粉丝团灯牌,1,1,[等级13],[粉丝团 Lv8]
2026-05-24 21:11:55,71221062195,簡簡單單,为你闪耀,1,9,[等级25],[粉丝团 Lv13]
2026-05-24 21:11:56,71239418454,M～明,粉丝团灯牌,1,1,[等级20],[粉丝团 Lv15]
2026-05-24 21:11:58,70411754539,~三哥~,小心心,1,1,[等级16],
2026-05-24 21:11:59,4015837525064942,0714,粉丝团灯牌,1,1,[等级19],[粉丝团 Lv1]
2026-05-24 21:12:01,62702653548,流浪心,小心心,1,1,[等级22],[粉丝团 Lv12]
2026-05-24 21:12:01,70411754539,~三哥~,小心心,1,1,[等级16],
2026-05-24 21:12:03,108175362815,onepiece,点亮粉丝团,1,1,[等级19],[粉丝团 Lv4]
2026-05-24 21:12:03,62702653548,流浪心,小心心,1,1,[等级22],[粉丝团 Lv12]
2026-05-24 21:12:05,3071351669662122,星河,粉丝团灯牌,1,1,[等级11],[粉丝团 Lv10]
2026-05-24 21:12:06,108175362815,onepiece,点亮粉丝团,1,1,[等级19],[粉丝团 Lv4]
2026-05-24 21:12:06,108175362815,onepiece,粉丝团灯牌,1,1,[等级19],[粉丝团 Lv4]
2026-05-24 21:12:06,57727769104,一世琉璃半世癫,粉丝团灯牌,1,1,[等级31],[粉丝团 Lv9]
2026-05-24 21:12:08,3153032311220871,长安的阿狸,粉丝团灯牌,1,1,[等级19],[粉丝团 Lv9]
2026-05-24 21:12:16,68295962974,宬澜.,粉丝团灯牌,1,1,[等级32],[粉丝团 Lv16]
2026-05-24 21:12:16,1582923852299326,荔枝吖,粉丝团灯牌,1,1,[等级14],[粉丝团 Lv12]
2026-05-24 21:12:18,73486945027,樵夫,小心心,1,1,[等级15],[粉丝团 Lv2]
2026-05-24 21:12:18,94206345445,又过个秋天,粉丝团灯牌,1,1,[等级30],[粉丝团 Lv8]
2026-05-24 21:12:21,73486945027,樵夫,小心心,1,1,[等级15],[粉丝团 Lv2]
2026-05-24 21:12:21,3153032311220871,长安的阿狸,为你闪耀,1,9,[等级19],[粉丝团 Lv9]
2026-05-24 21:12:22,3942173309674666,不丶止戈,粉丝团灯牌,1,1,[等级7],[粉丝团 Lv7]
2026-05-24 21:12:23,109600067848,沉默,点亮粉丝团,1,1,[等级26],[粉丝团 Lv6]
2026-05-24 21:12:23,3153032311220871,长安的阿狸,为你闪耀,2,18,[等级19],[粉丝团 Lv9]
2026-05-24 21:12:23,3153032311220871,长安的阿狸,为你闪耀,3,27,[等级19],[粉丝团 Lv9]
2026-05-24 21:12:23,4221736539917159,🥰😜😜,入团卡,1,1,[等级1],
2026-05-24 21:12:24,1354242022988311,三哥,点亮粉丝团,1,1,[等级13],[粉丝团 Lv9]
2026-05-24 21:12:24,3153032311220871,长安的阿狸,为你闪耀,4,36,[等级19],[粉丝团 Lv9]
2026-05-24 21:12:24,3153032311220871,长安的阿狸,为你闪耀,5,45,[等级19],[粉丝团 Lv9]
2026-05-24 21:12:25,3153032311220871,长安的阿狸,为你闪耀,3,27,[等级19],[粉丝团 Lv9]
2026-05-24 21:12:26,109600067848,沉默,点亮粉丝团,1,1,[等级26],[粉丝团 Lv6]
2026-05-24 21:12:26,4221736539917159,🥰😜😜,入团卡,1,1,[等级1],
2026-05-24 21:12:26,109600067848,沉默,粉丝团灯牌,1,1,[等级26],[粉丝团 Lv6]
2026-05-24 21:12:26,1354242022988311,三哥,点亮粉丝团,1,1,[等级13],[粉丝团 Lv9]
2026-05-24 21:12:28,94248501052,喜欢你的我,你最好看,1,2,[等级12],[粉丝团 Lv9]
2026-05-24 21:12:28,3153032311220871,长安的阿狸,为你闪耀,3,27,[等级19],[粉丝团 Lv9]
2026-05-24 21:12:30,94248501052,喜欢你的我,你最好看,1,2,[等级12],[粉丝团 Lv9]
2026-05-24 21:12:30,3236564079755997,彬彬,点亮粉丝团,1,1,[等级14],[粉丝团 Lv4]
2026-05-24 21:12:31,80537554670,✨money✨,点亮粉丝团,1,9,[等级25],[粉丝团 Lv11]
2026-05-24 21:12:31,105158428134,Qᴗ,粉丝团灯牌,1,1,[等级37],[粉丝团 Lv9]
2026-05-24 21:12:32,2138963890421356,6789,小心心,1,1,[等级26],
2026-05-24 21:12:32,1427578915392024,朰,粉丝团灯牌,1,1,[等级14],[粉丝团 Lv11]
2026-05-24 21:12:34,3236564079755997,彬彬,点亮粉丝团,1,1,[等级14],[粉丝团 Lv4]
2026-05-24 21:12:34,80537554670,✨money✨,点亮粉丝团,1,9,[等级25],[粉丝团 Lv11]
2026-05-24 21:12:35,1354242022988311,三哥,粉丝团灯牌,1,1,[等级13],[粉丝团 Lv9]
2026-05-24 21:12:35,2138963890421356,6789,小心心,1,1,[等级26],
2026-05-24 21:12:36,102396071542,Enor心诺,点亮粉丝团,1,99,[等级34],[粉丝团:张君雅 Lv16]
2026-05-24 21:12:36,2765992138383694,@涛,点亮粉丝团,1,1,[等级4],[粉丝团 Lv8]
2026-05-24 21:12:38,102396071542,Enor心诺,点点星光,1,1,[等级34],[粉丝团:张君雅 Lv16]
2026-05-24 21:12:39,102157389329,夏如风,大啤酒,1,2,[等级11],[粉丝团 Lv10]
2026-05-24 21:12:39,2765992138383694,@涛,点亮粉丝团,1,1,[等级4],[粉丝团 Lv8]
2026-05-24 21:12:39,111379489457,城南苡南 🐬,粉丝团灯牌,1,1,[等级18],[粉丝团 Lv14]
2026-05-24 21:12:42,102157389329,夏如风,大啤酒,1,2,[等级11],[粉丝团 Lv10]
2026-05-24 21:12:43,292904069761865,單,点亮粉丝团,1,1,[等级6],[粉丝团 Lv5]
2026-05-24 21:12:43,2581253616838616,她说好看,粉丝团灯牌,1,1,[等级21],[粉丝团 Lv7]
2026-05-24 21:12:45,81939195351,郭郭酱,粉丝团灯牌,1,1,[等级12],[粉丝团 Lv10]
2026-05-24 21:12:45,102396071542,Enor心诺,星光闪耀,1,9,[等级34],[粉丝团:张君雅 Lv16]
2026-05-24 21:12:45,64784334899,有趣的污昂,粉丝团灯牌,1,1,[等级12],[粉丝团 Lv8]
2026-05-24 21:12:46,292904069761865,單,点亮粉丝团,1,1,[等级6],[粉丝团 Lv5]
2026-05-24 21:12:46,292904069761865,單,粉丝团灯牌,1,1,[等级6],[粉丝团 Lv5]
2026-05-24 21:12:48,102396071542,Enor心诺,星光闪耀,1,9,[等级34],[粉丝团:张君雅 Lv16]
2026-05-24 21:12:48,3923487553491901,初樱暖,粉丝团灯牌,1,1,[等级14],[粉丝团 Lv11]
2026-05-24 21:12:51,103068542242,不姓张不姓蛋,粉丝团灯牌,1,1,[等级23],[粉丝团 Lv13]
2026-05-24 21:12:53,111442032237,红桃 K,粉丝团灯牌,1,1,[等级31],[粉丝团:张君雅 Lv12]
2026-05-24 21:12:56,68602748368,王呆呆掌福🧧,粉丝团灯牌,1,1,[等级25],[粉丝团 Lv13]
2026-05-24 21:12:57,2138963890421356,6789,人气票,1,1,[等级26],
2026-05-24 21:12:58,105130530485,彤彤,粉丝团灯牌,1,1,[等级9],[粉丝团 Lv10]
2026-05-24 21:12:59,707737790189373,2闹,粉丝团灯牌,1,1,[等级28],[粉丝团 Lv9]
2026-05-24 21:12:59,2977943739700520,勾栏听曲儿,粉丝团灯牌,1,1,[等级32],[粉丝团 Lv4]
2026-05-24 21:13:00,80807165842,九命怪猫,点亮粉丝团,1,1,[等级16],[粉丝团 Lv9]
2026-05-24 21:13:01,2138963890421356,6789,人气票,1,1,[等级26],
2026-05-24 21:13:01,1816856374288877,只息,粉丝团灯牌,1,1,[等级13],[粉丝团 Lv9]
2026-05-24 21:13:03,91646068246,李哼哼,粉丝团灯牌,1,1,[等级14],[粉丝团 Lv11]
2026-05-24 21:13:03,80807165842,九命怪猫,点亮粉丝团,1,1,[等级16],[粉丝团 Lv9]
2026-05-24 21:13:06,95605821824,难哄,粉丝团灯牌,1,1,[等级29],[粉丝团:张君雅 Lv12]
2026-05-24 21:13:12,102208368997,时雨J,粉丝团灯牌,1,1,[等级21],[粉丝团 Lv15]
2026-05-24 21:13:12,95605821824,难哄,星光闪耀,1,9,[等级29],[粉丝团:张君雅 Lv12]
2026-05-24 21:13:15,63223544384,Ge三三,粉丝团灯牌,1,1,[等级16],[粉丝团 Lv12]
2026-05-24 21:13:16,95605821824,难哄,星光闪耀,1,9,[等级29],[粉丝团:张君雅 Lv12]
2026-05-24 21:13:20,1473768201126212,点点点,粉丝团灯牌,1,1,[等级27],[粉丝团 Lv11]
2026-05-24 21:13:34,716514392282445,梁大爷,粉丝团灯牌,1,1,[等级23],[粉丝团 Lv10]
2026-05-24 21:13:41,57936360444,八戒爱练腿.,粉丝团灯牌,1,1,[等级18],[粉丝团 Lv4]
2026-05-24 21:13:41,107706495835,@CC.,粉丝团灯牌,1,1,[等级14],[粉丝团 Lv8]
2026-05-24 21:14:03,75609982023,something,粉丝团灯牌,1,1,[等级16],[粉丝团 Lv10]
2026-05-24 21:14:03,3686034440465136,起炑,粉丝团灯牌,1,1,[等级20],[粉丝团 Lv13]
2026-05-24 21:14:09,105638354133,L🌈,粉丝团灯牌,1,1,[等级12],[粉丝团 Lv12]
2026-05-24 21:14:10,4128012618447065,半颗糖心,点亮粉丝团,1,1,[等级36],[粉丝团 Lv9]
2026-05-24 21:14:10,79515859765,奶思兔米鱿,点亮粉丝团,1,1,[等级14],[粉丝团 Lv7]
2026-05-24 21:14:12,3478466840494503,晓哓无名乀,粉丝团灯牌,1,1,[等级15],[粉丝团 Lv11]
2026-05-24 21:14:13,4128012618447065,半颗糖心,点亮粉丝团,1,1,[等级36],[粉丝团 Lv9]
2026-05-24 21:14:13,79515859765,奶思兔米鱿,点亮粉丝团,1,1,[等级14],[粉丝团 Lv7]
2026-05-24 21:14:13,97600784686,人还是要有梦想,点亮粉丝团,1,1,[等级15],[粉丝团 Lv6]
2026-05-24 21:14:15,85909693409,星眠海,小心心,1,1,[等级15],[粉丝团 Lv7]
2026-05-24 21:14:17,97600784686,人还是要有梦想,点亮粉丝团,1,1,[等级15],[粉丝团 Lv6]
2026-05-24 21:14:18,85909693409,星眠海,小心心,1,1,[等级15],[粉丝团 Lv7]
2026-05-24 21:14:19,61584068174,.过客,点亮粉丝团,1,1,[等级26],[粉丝团 Lv8]
2026-05-24 21:14:22,61584068174,.过客,点亮粉丝团,1,1,[等级26],[粉丝团 Lv8]
2026-05-24 21:14:25,61584068174,.过客,粉丝团灯牌,1,1,[等级26],[粉丝团 Lv8]
2026-05-24 21:14:33,4182198410814109,白百百,点亮粉丝团,1,9,[等级19],[粉丝团 Lv11]
2026-05-24 21:14:33,3878667009659069,176斤的瘦子💨💤,点亮粉丝团,1,1,[等级18],[粉丝团 Lv10]
2026-05-24 21:14:35,67595468001,悬念,粉丝团灯牌,1,1,[等级40],[粉丝团 Lv11]
2026-05-24 21:14:35,4182198410814109,白百百,粉丝团灯牌,1,1,[等级19],[粉丝团 Lv11]
2026-05-24 21:14:35,4182198410814109,白百百,点亮粉丝团,1,9,[等级19],[粉丝团 Lv11]
2026-05-24 21:14:36,3878667009659069,176斤的瘦子💨💤,点亮粉丝团,1,1,[等级18],[粉丝团 Lv10]
2026-05-24 21:14:36,101453955546,🌈焕,点亮粉丝团,1,1,[等级27],[粉丝团 Lv4]
2026-05-24 21:14:38,58893785693,灬 ¹²⁰⁶,粉丝团灯牌,1,1,[等级15],[粉丝团 Lv12]
2026-05-24 21:14:39,98365726569,你不明白,粉丝团灯牌,1,1,[等级21],[粉丝团 Lv10]
2026-05-24 21:14:39,95573296238,Xcling 77,粉丝团灯牌,1,1,[等级11],[粉丝团 Lv10]
2026-05-24 21:14:39,101453955546,🌈焕,点亮粉丝团,1,1,[等级27],[粉丝团 Lv4]
2026-05-24 21:14:40,56838813663,不(╯忘初╰)心,粉丝团灯牌,1,1,[等级32],[粉丝团 Lv10]
2026-05-24 21:14:40,2318208744829869,弌弎弌亖,闪烁星河,1,1,[等级42],[粉丝团:张君雅 Lv19]
2026-05-24 21:14:42,101453955546,🌈焕,粉丝团灯牌,1,1,[等级27],[粉丝团 Lv4]
2026-05-24 21:14:45,61303363390,华南城商办站斧浏览器Amber,粉丝团灯牌,1,1,[等级30],[粉丝团 Lv13]
2026-05-24 21:14:49,4468062159648576,LK,为你闪耀,1,9,[等级27],[粉丝团 Lv15]
2026-05-24 21:14:49,57614644352,腐,热气球,1,520,[等级34],[粉丝团 Lv11]
2026-05-24 21:14:51,4468062159648576,LK,为你闪耀,1,9,[等级27],[粉丝团 Lv15]
2026-05-24 21:14:55,102484305394,忧郁小薯条,粉丝团灯牌,1,1,[等级9],[粉丝团 Lv11]
2026-05-24 21:14:56,265430371675060,知行合一,入团卡,1,1,[等级1],
2026-05-24 21:14:57,58837244934,诗不在远方,粉丝团灯牌,1,1,[等级21],[粉丝团 Lv12]
2026-05-24 21:15:00,265430371675060,知行合一,入团卡,1,1,[等级1],
2026-05-24 21:15:01,50479257569,"₊⋆M""",粉丝团灯牌,1,1,[等级25],[粉丝团 Lv11]
2026-05-24 21:15:06,483379872010903,荒⁵¹⁰⁷⁴,粉丝团灯牌,1,1,[等级25],[粉丝团 Lv15]
2026-05-24 21:15:06,7515853494768174138,花开花落花满天,粉丝团灯牌,1,1,[等级24],[粉丝团 Lv10]
2026-05-24 21:15:08,57614644352,腐,为你闪耀,1,9,[等级34],[粉丝团 Lv11]
2026-05-24 21:15:10,75903218900,🐳  九五,点亮粉丝团,1,1,[等级14],[粉丝团 Lv4]
2026-05-24 21:15:10,11586016457,*,点亮粉丝团,1,1,[等级6],[粉丝团 Lv6]
2026-05-24 21:15:12,57614644352,腐,为你闪耀,1,9,[等级34],[粉丝团 Lv11]
2026-05-24 21:15:12,75903218900,🐳  九五,点亮粉丝团,1,1,[等级14],[粉丝团 Lv4]
2026-05-24 21:15:13,11586016457,*,点亮粉丝团,1,1,[等级6],[粉丝团 Lv6]
2026-05-24 21:15:16,2036710070551976,小老头、,粉丝团灯牌,1,1,[等级20],[粉丝团 Lv6]
2026-05-24 21:15:16,108339025647,用户2548601874247,粉丝团灯牌,1,1,[等级13],[粉丝团 Lv5]
2026-05-24 21:15:17,84836949346,文武,粉丝团灯牌,1,1,[等级29],[粉丝团 Lv11]
2026-05-24 21:15:20,73440605596,彭Rui,粉丝团灯牌,1,1,[等级10],[粉丝团 Lv12]
2026-05-24 21:15:21,75903218900,🐳  九五,大啤酒,1,2,[等级14],[粉丝团 Lv4]
2026-05-24 21:15:22,75903218900,🐳  九五,大啤酒,2,4,[等级14],[粉丝团 Lv4]
2026-05-24 21:15:23,75903218900,🐳  九五,大啤酒,3,6,[等级14],[粉丝团 Lv4]
2026-05-24 21:15:23,84056723966,CKY🌈,点亮粉丝团,1,1,[等级21],[粉丝团 Lv10]
2026-05-24 21:15:23,75903218900,🐳  九五,大啤酒,4,8,[等级14],[粉丝团 Lv4]
2026-05-24 21:15:25,75903218900,🐳  九五,大啤酒,5,10,[等级14],[粉丝团 Lv5]
2026-05-24 21:15:25,59265343624,h 🐳🐳,小心心,1,1,[等级5],[粉丝团 Lv2]
2026-05-24 21:15:25,75903218900,🐳  九五,大啤酒,6,12,[等级14],[粉丝团 Lv5]
2026-05-24 21:15:26,84056723966,CKY🌈,点亮粉丝团,1,1,[等级21],[粉丝团 Lv10]
2026-05-24 21:15:27,59265343624,h 🐳🐳,小心心,1,1,[等级5],[粉丝团 Lv2]
2026-05-24 21:15:29,75903218900,🐳  九五,大啤酒,6,12,[等级14],[粉丝团 Lv5]
2026-05-24 21:15:29,4059871599672656,💫恃懐,粉丝团灯牌,1,1,[等级20],[粉丝团 Lv10]
2026-05-24 21:15:31,59265343624,h 🐳🐳,人气票,1,1,[等级5],[粉丝团 Lv2]
2026-05-24 21:15:33,62487602223,花落亦不离,粉丝团灯牌,1,1,[等级34],[粉丝团 Lv11]
2026-05-24 21:15:34,59265343624,h 🐳🐳,人气票,1,1,[等级5],[粉丝团 Lv2]
2026-05-24 21:15:35,52954259906,Mr weng,人气票,1,1,[等级24],[粉丝团 Lv10]
2026-05-24 21:15:35,63800499866,꧁༺教授༻꧂,点亮粉丝团,1,1,[等级18],[粉丝团 Lv7]
2026-05-24 21:15:36,118341865841163,辽宁又下雪.,粉丝团灯牌,1,1,[等级17],[粉丝团 Lv6]
2026-05-24 21:15:39,52954259906,Mr weng,人气票,1,1,[等级24],[粉丝团 Lv10]
2026-05-24 21:15:39,63800499866,꧁༺教授༻꧂,点亮粉丝团,1,1,[等级18],[粉丝团 Lv7]
2026-05-24 21:15:39,63800499866,꧁༺教授༻꧂,粉丝团灯牌,1,1,[等级18],[粉丝团 Lv7]
2026-05-24 21:15:39,2924320009238654,@殷,粉丝团灯牌,1,1,[等级23],[粉丝团 Lv12]
2026-05-24 21:15:41,96513967179,🌈旧时光,粉丝团灯牌,1,1,[等级20],[粉丝团 Lv10]
2026-05-24 21:15:41,1563971620965924,💯伱是莪此生不变的坚持ゞ,粉丝团灯牌,1,1,[等级14],[粉丝团 Lv9]
2026-05-24 21:15:44,3918283980676119,醒目-,粉丝团灯牌,1,1,[等级24],[粉丝团 Lv4]
2026-05-24 21:15:46,93484951296,闫鹏,点亮粉丝团,1,1,[等级16],[粉丝团 Lv8]
2026-05-24 21:15:49,93484951296,闫鹏,点亮粉丝团,1,1,[等级16],[粉丝团 Lv8]
2026-05-24 21:15:55,4186560907456766,至少还有你,粉丝团灯牌,1,1,[等级15],[粉丝团 Lv13]
2026-05-24 21:15:56,1185699190027659,未醒,粉丝团灯牌,1,1,[等级20],[粉丝团 Lv10]
2026-05-24 21:16:02,26824549871819,风  云,粉丝团灯牌,1,1,[等级18],[粉丝团 Lv11]
2026-05-24 21:16:03,2673635114354187,边牧🐶11,粉丝团灯牌,1,1,[等级15],[粉丝团 Lv10]
2026-05-24 21:16:07,82692710075,Autism.,粉丝团灯牌,1,1,[等级13],[粉丝团 Lv8]
2026-05-24 21:16:08,64766389621,微醺丶,粉丝团灯牌,1,1,[等级20],[粉丝团 Lv10]
2026-05-24 21:16:14,106183833521,M,点亮粉丝团,1,1,[等级36],[粉丝团 Lv8]
2026-05-24 21:16:16,105576240808,拾柒😉,粉丝团灯牌,1,1,[等级35],[粉丝团 Lv11]
2026-05-24 21:16:17,106183833521,M,点亮粉丝团,1,1,[等级36],[粉丝团 Lv8]
2026-05-24 21:16:17,106183833521,M,粉丝团灯牌,1,1,[等级36],[粉丝团 Lv8]
2026-05-24 21:16:19,4259931757230904,颜之有理🍬,粉丝团灯牌,1,1,[等级43],[粉丝团 Lv4]
2026-05-24 21:16:22,73760514908,谁明浪子心,粉丝团灯牌,1,1,[等级19],[粉丝团 Lv12]
2026-05-24 21:16:23,107889652344,$君(㜂孞),粉丝团灯牌,1,1,[等级46],[粉丝团 Lv13]
2026-05-24 21:16:23,100944373182,麻辣鱿鱼徐🥨,点亮粉丝团,1,1,[等级9],[粉丝团 Lv3]
2026-05-24 21:16:25,61551199792,树🌲树莓🍓,小皇冠,1,10,[等级13],
2026-05-24 21:16:26,76950799901,Super Dad,粉丝团灯牌,1,1,[等级9],[粉丝团 Lv8]
2026-05-24 21:16:26,100944373182,麻辣鱿鱼徐🥨,粉丝团灯牌,1,1,[等级9],[粉丝团 Lv3]
2026-05-24 21:16:26,100944373182,麻辣鱿鱼徐🥨,点亮粉丝团,1,1,[等级9],[粉丝团 Lv3]
2026-05-24 21:16:26,63538441444,嘦   姕,粉丝团灯牌,1,1,[等级25],[粉丝团 Lv11]
2026-05-24 21:16:28,61551199792,树🌲树莓🍓,小皇冠,1,10,[等级13],
2026-05-24 21:16:31,77636577678,kikyo,点亮粉丝团,1,1,[等级10],[粉丝团 Lv8]
2026-05-24 21:16:33,77636577678,kikyo,点亮粉丝团,1,1,[等级10],[粉丝团 Lv8]
2026-05-24 21:16:36,4442453646785180,俙夜,粉丝团灯牌,1,1,[等级23],[粉丝团 Lv12]
2026-05-24 21:16:41,72000100750,相_🐣,粉丝团灯牌,1,1,[等级12],[粉丝团 Lv8]
2026-05-24 21:16:43,1392458544717432,祝余,粉丝团灯牌,1,1,[等级24],[粉丝团 Lv11]
2026-05-24 21:16:45,59593010027,张再宇,粉丝团灯牌,1,1,[等级26],[粉丝团 Lv8]
2026-05-24 21:16:49,109756145828,96248048,粉丝团灯牌,1,1,[等级19],[粉丝团 Lv15]
2026-05-24 21:16:49,3174996845013359,兜兜里没得糖,为你闪耀,1,9,[等级18],[粉丝团 Lv8]
2026-05-24 21:16:53,3174996845013359,兜兜里没得糖,为你闪耀,1,9,[等级18],[粉丝团 Lv8]
2026-05-24 21:16:54,104451829892,没心没肺,粉丝团灯牌,1,1,[等级34],[粉丝团 Lv5]
2026-05-24 21:16:56,4186560907456766,至少还有你,人气票,1,1,[等级15],[粉丝团 Lv13]
2026-05-24 21:16:56,71999102663,甜的不正经,粉丝团灯牌,1,1,[等级27],[粉丝团 Lv12]
2026-05-24 21:16:59,4186560907456766,至少还有你,人气票,1,1,[等级15],[粉丝团 Lv13]
2026-05-24 21:17:04,53599471470,A-svvv.,粉丝团灯牌,1,1,[等级18],[粉丝团 Lv11]
2026-05-24 21:17:07,104331983235,黑·,粉丝团灯牌,1,1,[等级9],[粉丝团 Lv7]
2026-05-24 21:17:12,75379619494,kakavelle,点亮粉丝团,1,1,[等级22],[粉丝团 Lv8]
2026-05-24 21:17:14,75379619494,kakavelle,点亮粉丝团,1,1,[等级22],[粉丝团 Lv8]
2026-05-24 21:17:14,1578489652975198,不吃鱼的猫,粉丝团灯牌,1,1,[等级40],[粉丝团 Lv13]
2026-05-24 21:17:15,75379619494,kakavelle,粉丝团灯牌,1,1,[等级22],[粉丝团 Lv8]
2026-05-24 21:17:16,3174996845013359,兜兜里没得糖,为你闪耀,1,9,[等级18],[粉丝团 Lv8]
2026-05-24 21:17:20,3174996845013359,兜兜里没得糖,为你闪耀,1,9,[等级18],[粉丝团 Lv8]
2026-05-24 21:17:20,1930334146666587,XDF༒,粉丝团灯牌,1,1,[等级19],[粉丝团 Lv15]
2026-05-24 21:17:21,2546889633051451,突击手,粉丝团灯牌,1,1,[等级30],[粉丝团 Lv15]
2026-05-24 21:17:24,2084270332185720,cc ㅤ︅,粉丝团灯牌,1,1,[等级20],[粉丝团 Lv6]
2026-05-24 21:17:25,104331983235,黑·,大啤酒,1,2,[等级9],[粉丝团 Lv7]
2026-05-24 21:17:25,1503753305069687,明明会武功,粉丝团灯牌,1,1,[等级31],[粉丝团 Lv14]
2026-05-24 21:17:26,83481095996,知 了,大啤酒,1,2,[等级31],[粉丝团 Lv11]
2026-05-24 21:17:28,104331983235,黑·,大啤酒,1,2,[等级9],[粉丝团 Lv7]
2026-05-24 21:17:29,83481095996,知 了,大啤酒,1,2,[等级31],[粉丝团 Lv11]
2026-05-24 21:17:33,22924995704,用户4556135246865,粉丝团灯牌,1,1,[等级20],[粉丝团 Lv12]
2026-05-24 21:17:37,1362992959857468,冷月🌙,粉丝团灯牌,1,1,[等级23],[粉丝团 Lv14]
2026-05-24 21:17:42,59060711078,南棠,粉丝团灯牌,1,1,[等级35],[粉丝团 Lv6]
2026-05-24 21:17:43,2568893921504116,老鼠学种田,点亮粉丝团,1,1,[等级20],[粉丝团 Lv8]
2026-05-24 21:17:43,60497420322,゛迟柔,粉丝团灯牌,1,1,[等级31],[粉丝团 Lv12]
2026-05-24 21:17:46,3174996845013359,兜兜里没得糖,为你闪耀,1,9,[等级18],[粉丝团 Lv8]
2026-05-24 21:17:46,2568893921504116,老鼠学种田,点亮粉丝团,1,1,[等级20],[粉丝团 Lv8]
2026-05-24 21:17:48,3174996845013359,兜兜里没得糖,为你闪耀,1,9,[等级18],[粉丝团 Lv8]
2026-05-24 21:17:49,96923859176,果冻不丁,粉丝团灯牌,1,1,[等级6],[粉丝团 Lv6]
2026-05-24 21:17:50,69856588889,黑呜鸦,点亮粉丝团,1,9,[等级21],[粉丝团 Lv11]
2026-05-24 21:17:52,78786282167,♀ 莂碰涐の亽 ♂,粉丝团灯牌,1,1,[等级17],[粉丝团 Lv13]
2026-05-24 21:17:52,76036989323,郭……,粉丝团灯牌,1,1,[等级12],[粉丝团 Lv10]
2026-05-24 21:17:53,69856588889,黑呜鸦,点亮粉丝团,1,9,[等级21],[粉丝团 Lv11]
2026-05-24 21:17:57,60490022442,momo🐰,粉丝团灯牌,1,1,[等级27],[粉丝团 Lv9]
2026-05-24 21:17:59,3246192817087996,枫,点亮粉丝团,1,1,[等级22],[粉丝团 Lv6]
2026-05-24 21:17:59,92587429931,月 蒙  🍋,粉丝团灯牌,1,1,[等级24],[粉丝团 Lv12]
2026-05-24 21:18:01,3246192817087996,枫,点亮粉丝团,1,1,[等级22],[粉丝团 Lv6]
2026-05-24 21:18:03,54955605104,抠鼻屎的牛,人气票,1,1,[等级21],[粉丝团 Lv8]
2026-05-24 21:18:05,3246192817087996,枫,粉丝团灯牌,1,1,[等级22],[粉丝团 Lv6]
2026-05-24 21:18:06,54955605104,抠鼻屎的牛,人气票,1,1,[等级21],[粉丝团 Lv8]
2026-05-24 21:18:07,93201584500,欭惗,粉丝团灯牌,1,1,[等级10],[粉丝团 Lv10]
2026-05-24 21:18:09,78161520882,我叫MT,点亮粉丝团,1,1,[等级27],[粉丝团 Lv9]
2026-05-24 21:18:10,3592859907004200,安小龙,小心心,1,1,[等级15],[粉丝团 Lv4]
2026-05-24 21:18:11,82998705591,๓温暖°,你最好看,1,2,[等级14],[粉丝团 Lv5]
2026-05-24 21:18:11,78161520882,我叫MT,点亮粉丝团,1,1,[等级27],[粉丝团 Lv9]
2026-05-24 21:18:11,96973271555,四季城堡旅拍,点亮粉丝团,1,1,[等级25],[粉丝团 Lv8]
2026-05-24 21:18:11,105114543520,混沌中的闪电,小心心,1,1,[等级9],[粉丝团 Lv3]
2026-05-24 21:18:12,78161520882,我叫MT,粉丝团灯牌,1,1,[等级27],[粉丝团 Lv9]
2026-05-24 21:18:13,82998705591,๓温暖°,你最好看,1,2,[等级14],[粉丝团 Lv5]
2026-05-24 21:18:13,3592859907004200,安小龙,小心心,1,1,[等级15],[粉丝团 Lv4]
2026-05-24 21:18:13,75566635681,SHE🐍,撩一下,1,19,[等级11],[粉丝团 Lv8]
2026-05-24 21:18:15,96973271555,四季城堡旅拍,点亮粉丝团,1,1,[等级25],[粉丝团 Lv8]
2026-05-24 21:18:15,105114543520,混沌中的闪电,小心心,1,1,[等级9],[粉丝团 Lv3]
2026-05-24 21:18:15,3592859907004200,安小龙,小心心,1,1,[等级15],[粉丝团 Lv4]
2026-05-24 21:18:16,549392700941527,困困魚🌧️,粉丝团灯牌,1,1,[等级29],[粉丝团 Lv4]
2026-05-24 21:18:16,75566635681,SHE🐍,撩一下,1,19,[等级11],[粉丝团 Lv8]
2026-05-24 21:18:17,3592859907004200,安小龙,小心心,1,1,[等级15],[粉丝团 Lv4]
2026-05-24 21:18:18,3875103269993000,纤毫不实则落虚,粉丝团灯牌,1,1,[等级28],[粉丝团 Lv6]
2026-05-24 21:18:19,77365348613,Ansyaoyen_,点亮粉丝团,1,1,[等级9],[粉丝团 Lv2]
2026-05-24 21:18:20,75566635681,SHE🐍,大啤酒,1,2,[等级11],[粉丝团 Lv8]
2026-05-24 21:18:20,99454058061,划过你眼中的泪,粉丝团灯牌,1,1,[等级28],[粉丝团 Lv12]
2026-05-24 21:18:20,12705939639,再见丶青春,粉丝团灯牌,1,1,[等级20],[粉丝团 Lv15]
2026-05-24 21:18:21,4239366900696779,晟柒龘,小心心,1,1,[等级16],[粉丝团 Lv10]
2026-05-24 21:18:21,73207653475,#月满秋安,小心心,1,1,[等级9],[粉丝团 Lv9]
2026-05-24 21:18:21,2229437812180733,一生所爱,点亮粉丝团,1,1,[等级30],[粉丝团 Lv4]
2026-05-24 21:18:21,104133731360,你微笑的口红,粉丝团灯牌,1,1,[等级6],[粉丝团 Lv5]
2026-05-24 21:18:22,77365348613,Ansyaoyen_,点亮粉丝团,1,1,[等级9],[粉丝团 Lv2]
2026-05-24 21:18:22,103587045123,Gentle,点亮粉丝团,1,1,[等级18],[粉丝团 Lv6]
2026-05-24 21:18:22,75566635681,SHE🐍,大啤酒,1,2,[等级11],[粉丝团 Lv8]
2026-05-24 21:18:23,4239366900696779,晟柒龘,小心心,1,1,[等级16],[粉丝团 Lv10]
2026-05-24 21:18:24,73207653475,#月满秋安,小心心,1,1,[等级9],[粉丝团 Lv9]
2026-05-24 21:18:24,3364971149277155,木。。。易。。。,粉丝团灯牌,1,1,[等级17],[粉丝团 Lv14]
2026-05-24 21:18:24,2229437812180733,一生所爱,点亮粉丝团,1,1,[等级30],[粉丝团 Lv4]
2026-05-24 21:18:24,839647083890990,浊世清风,小心心,1,1,[等级29],[粉丝团 Lv13]
2026-05-24 21:18:25,980393771149277,-,粉丝团灯牌,1,1,[等级16],[粉丝团 Lv13]
2026-05-24 21:18:25,103587045123,Gentle,点亮粉丝团,1,1,[等级18],[粉丝团 Lv6]
2026-05-24 21:18:26,756883564822347,ꦿ归໊ོ零,小心心,1,1,[等级8],
2026-05-24 21:18:26,75511852700,睡个好觉。,入团卡,1,1,[等级40],
2026-05-24 21:18:26,1754414096581975,西江月,点亮粉丝团,1,1,[等级9],[粉丝团 Lv10]
2026-05-24 21:18:26,60525317971,毛毛是个好青年,粉丝团灯牌,1,1,[等级18],[粉丝团 Lv15]
2026-05-24 21:18:27,6816901671,21：57   ♡,粉丝团灯牌,1,1,[等级19],[粉丝团 Lv11]
2026-05-24 21:18:28,839647083890990,浊世清风,小心心,1,1,[等级29],[粉丝团 Lv13]
2026-05-24 21:18:28,103587045123,Gentle,粉丝团灯牌,1,1,[等级18],[粉丝团 Lv6]
2026-05-24 21:18:29,75511852700,睡个好觉。,入团卡,1,1,[等级40],
2026-05-24 21:18:29,756883564822347,ꦿ归໊ོ零,小心心,1,1,[等级8],
2026-05-24 21:18:29,1754414096581975,西江月,点亮粉丝团,1,1,[等级9],[粉丝团 Lv10]
2026-05-24 21:18:29,96631778328,🌟呙🌜,点亮粉丝团,1,1,[等级18],[粉丝团 Lv10]
2026-05-24 21:18:30,3527713876097182,大爹,小心心,1,1,[等级10],[粉丝团 Lv3]
2026-05-24 21:18:30,97697852188,冬哥G,粉丝团灯牌,1,1,[等级24],[粉丝团 Lv5]
2026-05-24 21:18:30,87111254696,🌹ℳꦿ玖零ꦿ࿐,粉丝团灯牌,1,1,[等级18],[粉丝团 Lv12]
2026-05-24 21:18:30,3527713876097182,大爹,小心心,2,2,[等级10],[粉丝团 Lv3]
2026-05-24 21:18:31,3527713876097182,大爹,小心心,6,6,[等级10],[粉丝团 Lv3]
2026-05-24 21:18:32,106060700733,又脸红了.,点亮粉丝团,1,1,[等级33],[粉丝团 Lv5]
2026-05-24 21:18:32,96631778328,🌟呙🌜,点亮粉丝团,1,1,[等级18],[粉丝团 Lv10]
2026-05-24 21:18:32,3527713876097182,大爹,小心心,7,7,[等级10],[粉丝团 Lv3]
2026-05-24 21:18:34,106060700733,又脸红了.,粉丝团灯牌,1,1,[等级33],[粉丝团 Lv5]
2026-05-24 21:18:34,106060700733,又脸红了.,点亮粉丝团,1,1,[等级33],[粉丝团 Lv5]
2026-05-24 21:18:36,75511852700,睡个好觉。,粉丝团灯牌,1,1,[等级40],[粉丝团 Lv1]
2026-05-24 21:18:36,3527713876097182,大爹,小心心,7,7,[等级10],[粉丝团 Lv3]
2026-05-24 21:18:36,72972286425,风,点亮粉丝团,1,1,[等级29],[粉丝团 Lv9]
2026-05-24 21:18:37,166719874141869,月亮大王,点亮粉丝团,1,1,[等级18],[粉丝团 Lv7]
2026-05-24 21:18:38,106071683627,黄小姐.,粉丝团灯牌,1,1,[等级23],[粉丝团 Lv10]
2026-05-24 21:18:38,72972286425,风,粉丝团灯牌,1,1,[等级29],[粉丝团 Lv9]
2026-05-24 21:18:39,72972286425,风,点亮粉丝团,1,1,[等级29],[粉丝团 Lv9]
2026-05-24 21:18:39,72972286425,风,点亮粉丝团,1,1,[等级29],[粉丝团 Lv9]
2026-05-24 21:18:40,166719874141869,月亮大王,粉丝团灯牌,1,1,[等级18],[粉丝团 Lv7]
2026-05-24 21:18:40,166719874141869,月亮大王,点亮粉丝团,1,1,[等级18],[粉丝团 Lv7]
2026-05-24 21:18:42,106060700733,又脸红了.,为你闪耀,1,9,[等级33],[粉丝团 Lv5]
2026-05-24 21:18:45,106060700733,又脸红了.,为你闪耀,1,9,[等级33],[粉丝团 Lv5]
2026-05-24 21:18:45,92313431912,罖亽,点亮粉丝团,1,1,[等级25],[粉丝团 Lv5]
2026-05-24 21:18:46,111548021631,啊噗噗噗,粉丝团灯牌,1,1,[等级13],[粉丝团 Lv11]
2026-05-24 21:18:46,99620952006,本塞·雍仲,粉丝团灯牌,1,1,[等级24],[粉丝团 Lv10]
2026-05-24 21:18:48,92313431912,罖亽,点亮粉丝团,1,1,[等级25],[粉丝团 Lv5]
2026-05-24 21:18:54,7622256497552180273,霸霸ᅟᅠᅟᅠᅟᅠᅟᅠ ᅟᅠᅟᅠ୧⍤⃝🥕,抖音,1,1,[等级11],[粉丝团 Lv9]
2026-05-24 21:18:57,7622256497552180273,霸霸ᅟᅠᅟᅠᅟᅠᅟᅠ ᅟᅠᅟᅠ୧⍤⃝🥕,抖音,1,1,[等级11],[粉丝团 Lv9]
2026-05-24 21:19:00,3606819052461037,初枫,点亮粉丝团,1,1,[等级18],[粉丝团 Lv10]
2026-05-24 21:19:00,2936119973393961,橙黄,点亮粉丝团,1,1,[等级8],[粉丝团 Lv7]
2026-05-24 21:19:02,2936119973393961,橙黄,粉丝团灯牌,1,1,[等级8],[粉丝团 Lv7]
2026-05-24 21:19:02,2936119973393961,橙黄,点亮粉丝团,1,1,[等级8],[粉丝团 Lv7]
2026-05-24 21:19:02,3606819052461037,初枫,点亮粉丝团,1,1,[等级18],[粉丝团 Lv10]
2026-05-24 21:19:03,3606819052461037,初枫,粉丝团灯牌,1,1,[等级18],[粉丝团 Lv10]
2026-05-24 21:19:03,3606819052461037,初枫,点亮粉丝团,1,1,[等级18],[粉丝团 Lv10]
2026-05-24 21:19:09,100372141079,落🍂无痕,点亮粉丝团,1,9,[等级18],[粉丝团 Lv12]
2026-05-24 21:19:09,70438515566,66卝,粉丝团灯牌,1,1,[等级20],[粉丝团 Lv15]
2026-05-24 21:19:10,70207664012,啊King,棒棒糖,1,9,[等级7],[粉丝团 Lv6]
2026-05-24 21:19:12,100372141079,落🍂无痕,点亮粉丝团,1,9,[等级18],[粉丝团 Lv12]
2026-05-24 21:19:13,70207664012,啊King,棒棒糖,1,9,[等级7],[粉丝团 Lv6]
2026-05-24 21:19:14,7538654499440952377,꧁唯꧂,为你闪耀,1,9,[等级8],[粉丝团 Lv5]
2026-05-24 21:19:15,108428807408,刘根儿,小心心,1,1,[等级18],[粉丝团 Lv10]
2026-05-24 21:19:17,7538654499440952377,꧁唯꧂,为你闪耀,1,9,[等级8],[粉丝团 Lv5]
2026-05-24 21:19:18,108428807408,刘根儿,小心心,1,1,[等级18],[粉丝团 Lv10]
2026-05-24 21:19:18,102467267522,´   关什么研 ¸🚬,点亮粉丝团,1,9,[等级14],[粉丝团 Lv11]
2026-05-24 21:19:19,104391516040,枫  灵,粉丝团灯牌,1,1,[等级32],[粉丝团 Lv15]
2026-05-24 21:19:20,1081511776105534,宇凡,粉丝团灯牌,1,1,[等级19],[粉丝团 Lv10]
2026-05-24 21:19:21,102467267522,´   关什么研 ¸🚬,点亮粉丝团,1,9,[等级14],[粉丝团 Lv11]
2026-05-24 21:19:22,7538654499440952377,꧁唯꧂,为你闪耀,1,9,[等级8],[粉丝团 Lv5]
2026-05-24 21:19:25,7538654499440952377,꧁唯꧂,为你闪耀,2,18,[等级8],[粉丝团 Lv5]
2026-05-24 21:19:27,1284652973175070,饭饭,点亮粉丝团,1,1,[等级11],[粉丝团 Lv6]
2026-05-24 21:19:27,7538654499440952377,꧁唯꧂,为你闪耀,2,18,[等级8],[粉丝团 Lv5]
2026-05-24 21:19:29,63178290912,Z-Sept16-Vir,粉丝团灯牌,1,1,[等级19],[粉丝团 Lv11]
2026-05-24 21:19:30,1284652973175070,饭饭,点亮粉丝团,1,1,[等级11],[粉丝团 Lv6]
2026-05-24 21:19:35,111022363744,失她失心,粉丝团灯牌,1,1,[等级15],[粉丝团 Lv12]
2026-05-24 21:19:36,1081511776105534,宇凡,为你闪耀,1,9,[等级19],[粉丝团 Lv10]
2026-05-24 21:19:38,110002483346,温酒斩俗尘,粉丝团灯牌,1,1,[等级21],[粉丝团 Lv12]
2026-05-24 21:19:38,105476716626,💫迷,小皇冠,1,10,[等级24],[粉丝团 Lv15]
2026-05-24 21:19:39,1081511776105534,宇凡,为你闪耀,1,9,[等级19],[粉丝团 Lv10]
2026-05-24 21:19:39,99620848589,毣,粉丝团灯牌,1,1,[等级19],[粉丝团 Lv15]
2026-05-24 21:19:41,105476716626,💫迷,小皇冠,1,10,[等级24],[粉丝团 Lv15]
2026-05-24 21:19:49,102467267522,´   关什么研 ¸🚬,粉丝团灯牌,1,1,[等级14],[粉丝团 Lv11]
2026-05-24 21:19:50,97742169729,☀️☀️☀️,粉丝团灯牌,1,1,[等级15],[粉丝团 Lv9]
2026-05-24 21:19:52,94929468033,如何,粉丝团灯牌,1,1,[等级15],[粉丝团 Lv11]
2026-05-24 21:19:58,1081511776105534,宇凡,为你闪耀,1,9,[等级19],[粉丝团 Lv10]
2026-05-24 21:20:01,1081511776105534,宇凡,为你闪耀,1,9,[等级19],[粉丝团 Lv10]
2026-05-24 21:20:04,2489773479715629,牧野,粉丝团灯牌,1,1,[等级11],[粉丝团 Lv10]
2026-05-24 21:20:10,110889583463,暴富  暴瘦  变美❣️,粉丝团灯牌,1,1,[等级21],[粉丝团 Lv11]
2026-05-24 21:20:19,2221442379287520,Mlo,粉丝团灯牌,1,1,[等级31],[粉丝团 Lv11]
2026-05-24 21:20:21,1077155293827419,🦢小芹,粉丝团灯牌,1,1,[等级14],[粉丝团 Lv10]
2026-05-24 21:20:22,844904479865486,逝去,粉丝团灯牌,1,1,[等级29],[粉丝团 Lv11]
2026-05-24 21:20:26,104153869756,疯,粉丝团灯牌,1,1,[等级32],[粉丝团 Lv13]
2026-05-24 21:20:28,60717626747,！,粉丝团灯牌,1,1,[等级11],[粉丝团 Lv10]
2026-05-24 21:20:28,3642030372693148,军歌,点亮粉丝团,1,1,[等级5],[粉丝团 Lv6]
2026-05-24 21:20:31,3642030372693148,军歌,点亮粉丝团,1,1,[等级5],[粉丝团 Lv6]
2026-05-24 21:20:38,2587618944225168,昕玧,入团卡,1,1,[等级18],
2026-05-24 21:20:40,915258452475982,P༌,真的爱你,1,520,[等级17],[粉丝团 Lv4]
2026-05-24 21:20:40,2587618944225168,昕玧,入团卡,1,1,[等级18],
2026-05-24 21:20:48,111245622319,佳乐,点亮粉丝团,1,1,[等级3],[粉丝团 Lv6]
2026-05-24 21:20:50,1271490473113422,纯折,点亮粉丝团,1,1,[等级23],[粉丝团 Lv10]
2026-05-24 21:20:51,111245622319,佳乐,点亮粉丝团,1,1,[等级3],[粉丝团 Lv6]
2026-05-24 21:20:54,1271490473113422,纯折,点亮粉丝团,1,1,[等级23],[粉丝团 Lv10]
2026-05-24 21:20:55,1081511776105534,宇凡,为你闪耀,1,9,[等级19],[粉丝团 Lv10]
2026-05-24 21:20:55,1271490473113422,纯折,粉丝团灯牌,1,1,[等级23],[粉丝团 Lv10]
2026-05-24 21:20:55,3071410415610891,英0785移,小心心,1,1,[等级4],
2026-05-24 21:20:56,3071410415610891,英0785移,小心心,2,2,[等级4],
2026-05-24 21:20:57,3071410415610891,英0785移,小心心,3,3,[等级4],
2026-05-24 21:20:57,1081511776105534,宇凡,为你闪耀,1,9,[等级19],[粉丝团 Lv10]
2026-05-24 21:20:59,3071410415610891,英0785移,小心心,3,3,[等级4],
2026-05-24 21:21:02,102743638737,一场游戏一场梦,粉丝团灯牌,1,1,[等级19],[粉丝团 Lv9]
2026-05-24 21:21:03,3114230413537332,哦豁豁,点亮粉丝团,1,1,[等级37],[粉丝团 Lv9]
2026-05-24 21:21:04,108678510237,大义6666,小心心,1,1,[等级15],
2026-05-24 21:21:06,2747040862833087,小杜,为你闪耀,1,9,[等级30],[粉丝团 Lv3]
2026-05-24 21:21:06,3114230413537332,哦豁豁,粉丝团灯牌,1,1,[等级37],[粉丝团 Lv9]
2026-05-24 21:21:06,3114230413537332,哦豁豁,点亮粉丝团,1,1,[等级37],[粉丝团 Lv9]
2026-05-24 21:21:06,3114230413537332,哦豁豁,点亮粉丝团,1,1,[等级37],[粉丝团 Lv9]
2026-05-24 21:21:06,108678510237,大义6666,小心心,1,1,[等级15],
2026-05-24 21:21:09,2747040862833087,小杜,为你闪耀,1,9,[等级30],[粉丝团 Lv3]
2026-05-24 21:21:20,1081511776105534,宇凡,为你闪耀,1,9,[等级19],[粉丝团 Lv10]
2026-05-24 21:21:23,1081511776105534,宇凡,为你闪耀,1,9,[等级19],[粉丝团 Lv10]
2026-05-24 21:21:24,1948748479467764,旭·Dec·03·Cap,点亮粉丝团,1,1,[等级25],[粉丝团 Lv8]
2026-05-24 21:21:27,786877759095933,Breeze.,粉丝团灯牌,1,1,[等级10],[粉丝团 Lv6]
2026-05-24 21:21:27,1948748479467764,旭·Dec·03·Cap,点亮粉丝团,1,1,[等级25],[粉丝团 Lv8]
2026-05-24 21:21:28,74799712674,蛋煎肉丝,粉丝团灯牌,1,1,[等级12],[粉丝团 Lv10]
2026-05-24 21:21:28,2587618944225168,昕玧,粉丝团灯牌,1,1,[等级18],[粉丝团 Lv1]
2026-05-24 21:21:29,3069434439679789,胜,粉丝团灯牌,1,1,[等级17],[粉丝团 Lv14]
2026-05-24 21:21:29,7469092209856463929,糖小琳_,粉丝团灯牌,1,1,[等级12],[粉丝团 Lv11]
2026-05-24 21:21:35,60481033924,🌊🌊,点亮粉丝团,1,1,[等级29],[粉丝团 Lv10]
2026-05-24 21:21:35,2781098345774531,公子玉蔲,粉丝团灯牌,1,1,[等级22],[粉丝团 Lv10]
2026-05-24 21:21:35,60481033924,🌊🌊,粉丝团灯牌,1,1,[等级29],[粉丝团 Lv10]
2026-05-24 21:21:35,104751706237,温霜,小心心,1,1,[等级28],[粉丝团 Lv10]
2026-05-24 21:21:35,60481033924,🌊🌊,点亮粉丝团,1,1,[等级29],[粉丝团 Lv10]
2026-05-24 21:21:37,1948748479467764,旭·Dec·03·Cap,粉丝团灯牌,1,1,[等级25],[粉丝团 Lv8]
2026-05-24 21:21:37,2587618944225168,昕玧,为你闪耀,1,9,[等级18],[粉丝团 Lv1]
2026-05-24 21:21:37,66783210861,玖月,粉丝团灯牌,1,1,[等级34],[粉丝团 Lv13]
2026-05-24 21:21:39,104751706237,温霜,小心心,1,1,[等级28],[粉丝团 Lv10]
2026-05-24 21:21:40,2587618944225168,昕玧,为你闪耀,1,9,[等级18],[粉丝团 Lv1]
2026-05-24 21:21:42,104505747357,老七,粉丝团灯牌,1,1,[等级19],[粉丝团 Lv12]
2026-05-24 21:21:43,1549632256883683,尔尔山川,点亮粉丝团,1,1,[等级18],[粉丝团 Lv5]
2026-05-24 21:21:45,2122526356684372,啊浪🌊,粉丝团灯牌,1,1,[等级25],[粉丝团 Lv13]
2026-05-24 21:21:46,62237980371,ℒᎭℯ⃝共卜💞金生💕⁵²º࿐狗抓鸡,粉丝团灯牌,1,1,[等级24],[粉丝团 Lv15]
2026-05-24 21:21:47,1549632256883683,尔尔山川,点亮粉丝团,1,1,[等级18],[粉丝团 Lv5]
2026-05-24 21:21:47,94730646451,时光,粉丝团灯牌,1,1,[等级9],[粉丝团 Lv5]
2026-05-24 21:21:47,1549632256883683,尔尔山川,粉丝团灯牌,1,1,[等级18],[粉丝团 Lv6]
2026-05-24 21:21:48,91575046209,涛,入团卡,1,1,[等级4],
2026-05-24 21:21:49,110293763111,老男孩一枚,真的爱你,1,520,[等级30],[粉丝团 Lv10]
2026-05-24 21:21:49,58803598537,LL...,点亮粉丝团,1,1,[等级40],[粉丝团 Lv4]
2026-05-24 21:21:51,91575046209,涛,入团卡,1,1,[等级4],
2026-05-24 21:21:51,567822895299640,催化加氢,点亮粉丝团,1,1,[等级4],[粉丝团 Lv4]
2026-05-24 21:21:52,58803598537,LL...,点亮粉丝团,1,1,[等级40],[粉丝团 Lv4]
2026-05-24 21:21:54,567822895299640,催化加氢,点亮粉丝团,1,1,[等级4],[粉丝团 Lv4]
2026-05-24 21:21:57,8437002667831,梦回长安桥,点亮粉丝团,1,1,[等级31],[粉丝团 Lv8]
2026-05-24 21:21:59,71363989770,_253326,小心心,1,1,[等级7],[粉丝团 Lv6]
2026-05-24 21:21:59,63930104684,Lu•,粉丝团灯牌,1,1,[等级23],[粉丝团 Lv12]
2026-05-24 21:21:59,8437002667831,梦回长安桥,粉丝团灯牌,1,1,[等级31],[粉丝团 Lv8]
2026-05-24 21:21:59,8437002667831,梦回长安桥,点亮粉丝团,1,1,[等级31],[粉丝团 Lv8]
2026-05-24 21:22:02,71363989770,_253326,小心心,1,1,[等级7],[粉丝团 Lv6]
2026-05-24 21:22:03,58803598537,LL...,粉丝团灯牌,1,1,[等级40],[粉丝团 Lv4]
2026-05-24 21:22:06,68793415146,ও🕊袁来是你💕小陆痴꧔ꦿ࿐้,粉丝团灯牌,1,1,[等级26],[粉丝团 Lv13]
2026-05-24 21:22:09,4215957197431401,红桃♥️J,粉丝团灯牌,1,1,[等级9],[粉丝团 Lv10]
2026-05-24 21:22:15,7478121848614437947,啵啵博,粉丝团灯牌,1,1,[等级10],[粉丝团 Lv7]
2026-05-24 21:22:16,96016035748,流*星Jy,粉丝团灯牌,1,1,[等级15],[粉丝团 Lv11]
2026-05-24 21:22:18,72715806694,🐰🦁,粉丝团灯牌,1,1,[等级26],[粉丝团 Lv10]
2026-05-24 21:22:21,68471297674,★ごMc ★尐飞,粉丝团灯牌,1,1,[等级33],[粉丝团 Lv14]
2026-05-24 21:22:24,92262317508,小猪猪˙Ꙫ˙,人气票,1,1,[等级21],[粉丝团 Lv2]
2026-05-24 21:22:25,92262317508,小猪猪˙Ꙫ˙,人气票,2,2,[等级21],[粉丝团 Lv2]
2026-05-24 21:22:26,92262317508,小猪猪˙Ꙫ˙,人气票,3,3,[等级21],[粉丝团 Lv2]
2026-05-24 21:22:26,59945880449,捕风~捉影,粉丝团灯牌,1,1,[等级15],[粉丝团 Lv12]
2026-05-24 21:22:26,92262317508,小猪猪˙Ꙫ˙,人气票,6,6,[等级21],[粉丝团 Lv2]
2026-05-24 21:22:26,92262317508,小猪猪˙Ꙫ˙,人气票,8,8,[等级21],[粉丝团 Lv2]
2026-05-24 21:22:27,92262317508,小猪猪˙Ꙫ˙,人气票,11,11,[等级21],[粉丝团 Lv2]
2026-05-24 21:22:28,92262317508,小猪猪˙Ꙫ˙,人气票,13,13,[等级21],[粉丝团 Lv2]
2026-05-24 21:22:28,92262317508,小猪猪˙Ꙫ˙,人气票,15,15,[等级21],[粉丝团 Lv2]
2026-05-24 21:22:28,92262317508,小猪猪˙Ꙫ˙,人气票,17,17,[等级21],[粉丝团 Lv2]
2026-05-24 21:22:29,95594641814,Shevket,粉丝团灯牌,1,1,[等级29],[粉丝团 Lv10]
2026-05-24 21:22:29,92262317508,小猪猪˙Ꙫ˙,人气票,20,20,[等级21],[粉丝团 Lv2]
2026-05-24 21:22:29,81699121674,乄卝暖阳🍀,点亮粉丝团,1,1,[等级44],[粉丝团 Lv10]
2026-05-24 21:22:30,92262317508,小猪猪˙Ꙫ˙,人气票,22,22,[等级21],[粉丝团 Lv2]
2026-05-24 21:22:32,92262317508,小猪猪˙Ꙫ˙,人气票,22,22,[等级21],[粉丝团 Lv2]
2026-05-24 21:22:32,81699121674,乄卝暖阳🍀,点亮粉丝团,1,1,[等级44],[粉丝团 Lv10]
2026-05-24 21:22:33,83858707640,予凉,粉丝团灯牌,1,1,[等级24],[粉丝团 Lv11]
2026-05-24 21:22:33,81699121674,乄卝暖阳🍀,粉丝团灯牌,1,1,[等级44],[粉丝团 Lv10]
2026-05-24 21:22:42,3095876201378845,白夜',粉丝团灯牌,1,1,[等级23],[粉丝团 Lv13]
2026-05-24 21:22:43,78873654996,～夏～,点亮粉丝团,1,1,[等级24],[粉丝团 Lv1]
2026-05-24 21:22:45,51841956331,乱了年轻的心,粉丝团灯牌,1,1,[等级12],[粉丝团 Lv9]
2026-05-24 21:22:46,78873654996,～夏～,点亮粉丝团,1,1,[等级24],[粉丝团 Lv1]
2026-05-24 21:22:49,88425646092,宇航员•ᯅ•,粉丝团灯牌,1,1,[等级17],[粉丝团 Lv9]
2026-05-24 21:22:50,101904040963,许哈哈🐾,粉丝团灯牌,1,1,[等级15],[粉丝团 Lv11]
2026-05-24 21:22:53,78459366588,你的浩阿.,粉丝团灯牌,1,1,[等级16],[粉丝团 Lv12]
2026-05-24 21:22:57,59254374363,富哥,粉丝团灯牌,1,1,[等级25],[粉丝团 Lv13]
2026-05-24 21:23:10,97263136525,乌鸦不乖（东9）,点亮粉丝团,1,1,[等级19],[粉丝团 Lv3]
2026-05-24 21:23:12,50484337469,🍑,粉丝团灯牌,1,1,[等级26],[粉丝团 Lv9]
2026-05-24 21:23:13,111188762845,AW.L,点亮粉丝团,1,1,[等级13],[粉丝团 Lv7]
2026-05-24 21:23:13,97263136525,乌鸦不乖（东9）,点亮粉丝团,1,1,[等级19],[粉丝团 Lv3]
2026-05-24 21:23:15,111188762845,AW.L,点亮粉丝团,1,1,[等级13],[粉丝团 Lv7]
2026-05-24 21:23:17,110989163704,Nice-S🪐,粉丝团灯牌,1,1,[等级34],[粉丝团 Lv13]
2026-05-24 21:23:18,50872442165,༺༃小  小༃༻,粉丝团灯牌,1,1,[等级21],[粉丝团 Lv10]
2026-05-24 21:23:21,97727486162,情字该如何追问,粉丝团灯牌,1,1,[等级39],[粉丝团 Lv10]
2026-05-24 21:23:22,92760925665,C-gh,星光闪耀,1,9,[等级28],[粉丝团:张君雅 Lv12]
2026-05-24 21:23:25,111158255581,虛無缥缈,粉丝团灯牌,1,1,[等级17],[粉丝团 Lv13]
2026-05-24 21:23:25,92760925665,C-gh,星光闪耀,1,9,[等级28],[粉丝团:张君雅 Lv12]
2026-05-24 21:23:26,111353035443,真果鲜生,点亮粉丝团,1,1,[等级21],[粉丝团 Lv3]
2026-05-24 21:23:29,111353035443,真果鲜生,点亮粉丝团,1,1,[等级21],[粉丝团 Lv3]
2026-05-24 21:23:31,74192906891,🌈小王不讲理,小心心,1,1,[等级32],[粉丝团 Lv5]
2026-05-24 21:23:32,17587923719,会飞的红绿灯,粉丝团灯牌,1,1,[等级14],[粉丝团 Lv5]
2026-05-24 21:23:34,61489809421,何以釋懷,点亮粉丝团,1,9,[等级19],[粉丝团 Lv14]
2026-05-24 21:23:35,74192906891,🌈小王不讲理,小心心,1,1,[等级32],[粉丝团 Lv5]
2026-05-24 21:23:35,66221024331,“𝙎𝙪𝙥𝙧𝙚𝙢𝙚 »,点亮粉丝团,1,1,[等级7],[粉丝团 Lv8]
2026-05-24 21:23:37,61489809421,何以釋懷,点亮粉丝团,1,9,[等级19],[粉丝团 Lv14]
2026-05-24 21:23:39,66221024331,“𝙎𝙪𝙥𝙧𝙚𝙢𝙚 »,点亮粉丝团,1,1,[等级7],[粉丝团 Lv8]
2026-05-24 21:23:43,17587923719,会飞的红绿灯,小心心,1,1,[等级14],[粉丝团 Lv5]
2026-05-24 21:23:45,62800423932,觸碰²¹⁶,粉丝团灯牌,1,1,[等级24],[粉丝团 Lv10]
2026-05-24 21:23:45,96524315577,执着是一种痛,粉丝团灯牌,1,1,[等级5],[粉丝团 Lv9]
2026-05-24 21:23:46,17587923719,会飞的红绿灯,小心心,1,1,[等级14],[粉丝团 Lv5]
2026-05-24 21:23:53,71053693862,碎碎念,粉丝团灯牌,1,1,[等级14],[粉丝团 Lv8]
2026-05-24 21:24:01,2599692374120259,老う男う孩廾,粉丝团灯牌,1,1,[等级24],[粉丝团 Lv12]
2026-05-24 21:24:06,58416689498,🇲🇴陈先森,粉丝团灯牌,1,1,[等级30],[粉丝团 Lv12]
2026-05-24 21:24:14,94382257192,L-August16-Virgo,点亮粉丝团,1,1,[等级11],[粉丝团 Lv4]
2026-05-24 21:24:17,94382257192,L-August16-Virgo,点亮粉丝团,1,1,[等级11],[粉丝团 Lv4]
2026-05-24 21:24:21,822073645334612,辽宁众云川海科技有限公司,粉丝团灯牌,1,1,[等级22],[粉丝团 Lv11]
2026-05-24 21:24:22,936424480191710,樓外樓,粉丝团灯牌,1,1,[等级26],[粉丝团 Lv11]
2026-05-24 21:24:29,60612301958,阿豆,点亮粉丝团,1,1,[等级6],[粉丝团 Lv7]
2026-05-24 21:24:31,4438041877021309,归有-,点亮粉丝团,1,1,[等级16],[粉丝团 Lv10]
2026-05-24 21:24:32,69712340079,冬至এ᭄,点亮粉丝团,1,1,[等级24],[粉丝团 Lv10]
2026-05-24 21:24:32,60612301958,阿豆,点亮粉丝团,1,1,[等级6],[粉丝团 Lv7]
2026-05-24 21:24:34,4438041877021309,归有-,点亮粉丝团,1,1,[等级16],[粉丝团 Lv10]
2026-05-24 21:24:34,1391306451743191,三颗星配送,入团卡,1,1,[等级7],
2026-05-24 21:24:34,4354505322529453,Tel丶阳光^O^,粉丝团灯牌,1,1,[等级33],[粉丝团 Lv7]
2026-05-24 21:24:35,69712340079,冬至এ᭄,点亮粉丝团,1,1,[等级24],[粉丝团 Lv10]
2026-05-24 21:24:37,1391306451743191,三颗星配送,入团卡,1,1,[等级7],
2026-05-24 21:24:43,490836634121707,漠然℡冷叙,粉丝团灯牌,1,1,[等级20],[粉丝团 Lv5]
2026-05-24 21:24:44,1391306451743191,三颗星配送,粉丝团灯牌,1,1,[等级7],[粉丝团 Lv1]
2026-05-24 21:24:46,91706517119,橘詭,粉丝团灯牌,1,1,[等级14],[粉丝团 Lv12]
2026-05-24 21:24:53,96009787891,玖零叁零,粉丝团灯牌,1,1,[等级31],[粉丝团 Lv9]
2026-05-24 21:24:59,78069052631,恒泰智能窗控系统,人气票,1,1,[等级49],[粉丝团 Lv1]
2026-05-24 21:24:59,3940288830908551,プ龍,点亮粉丝团,1,1,[等级13],[粉丝团 Lv8]
2026-05-24 21:25:00,75610997209,余温࿆͜❀҉࿈ 💋,小心心,1,1,[等级13],[粉丝团 Lv11]
2026-05-24 21:25:01,78069052631,恒泰智能窗控系统,人气票,1,1,[等级49],[粉丝团 Lv1]
2026-05-24 21:25:03,3940288830908551,プ龍,点亮粉丝团,1,1,[等级13],[粉丝团 Lv8]
2026-05-24 21:25:03,75610997209,余温࿆͜❀҉࿈ 💋,小心心,1,1,[等级13],[粉丝团 Lv11]
2026-05-24 21:25:06,62429598822,W,粉丝团灯牌,1,1,[等级13],[粉丝团 Lv12]
2026-05-24 21:25:07,2252250321261288,天天,撩一下,1,19,[等级7],[粉丝团 Lv8]
2026-05-24 21:25:09,93530804853,称呼,点亮粉丝团,1,9,[等级14],[粉丝团 Lv12]
2026-05-24 21:25:10,2252250321261288,天天,撩一下,1,19,[等级7],[粉丝团 Lv8]
2026-05-24 21:25:12,93530804853,称呼,点亮粉丝团,1,9,[等级14],[粉丝团 Lv12]
2026-05-24 21:25:12,93530804853,称呼,粉丝团灯牌,1,1,[等级14],[粉丝团 Lv12]
2026-05-24 21:25:13,73936611730,^0^渡己^0^,小心心,1,1,[等级5],
2026-05-24 21:25:15,73903692330,勾栏听曲儿,粉丝团灯牌,1,1,[等级16],[粉丝团 Lv11]
2026-05-24 21:25:16,73936611730,^0^渡己^0^,小心心,1,1,[等级5],
2026-05-24 21:25:18,97322564792,清尘,人气票,1,1,[等级4],[粉丝团 Lv5]
2026-05-24 21:25:20,97322564792,清尘,人气票,1,1,[等级4],[粉丝团 Lv5]
2026-05-24 21:25:27,1253091142284024,fly,点亮粉丝团,1,1,[等级13],[粉丝团 Lv1]
2026-05-24 21:25:27,102136776150,0818⁷⁷⁹⁹,点亮粉丝团,1,1,[等级26],[粉丝团 Lv6]
2026-05-24 21:25:29,1253091142284024,fly,粉丝团灯牌,1,1,[等级13],[粉丝团 Lv1]
2026-05-24 21:25:29,1253091142284024,fly,点亮粉丝团,1,1,[等级13],[粉丝团 Lv1]
2026-05-24 21:25:30,102136776150,0818⁷⁷⁹⁹,点亮粉丝团,1,1,[等级26],[粉丝团 Lv6]
2026-05-24 21:25:42,70965610196,™ Would  never  know,你最好看,1,2,[等级18],[粉丝团 Lv4]
2026-05-24 21:25:44,88260275875,有那么二天,粉丝团灯牌,1,1,[等级15],[粉丝团 Lv14]
2026-05-24 21:25:45,70965610196,™ Would  never  know,你最好看,1,2,[等级18],[粉丝团 Lv4]
2026-05-24 21:25:46,82998705591,๓温暖°,你最好看,1,2,[等级14],[粉丝团 Lv5]
2026-05-24 21:25:49,82998705591,๓温暖°,你最好看,1,2,[等级14],[粉丝团 Lv5]
2026-05-24 21:25:57,2189826764051944,岱蔻年華,粉丝团灯牌,1,1,[等级24],[粉丝团 Lv14]
2026-05-24 21:26:00,67627641289,末班车,点亮粉丝团,1,1,[等级11],[粉丝团 Lv10]
2026-05-24 21:26:00,3729134098328723,@〔飝躍〕￥,粉丝团灯牌,1,1,[等级35],[粉丝团 Lv10]
2026-05-24 21:26:01,110571980883,小武哥,粉丝团灯牌,1,1,[等级23],[粉丝团 Lv7]
2026-05-24 21:26:03,2897923281265083,颜洋,粉丝团灯牌,1,1,[等级22],[粉丝团 Lv11]
2026-05-24 21:26:04,67627641289,末班车,点亮粉丝团,1,1,[等级11],[粉丝团 Lv10]
2026-05-24 21:26:11,4230562689857805,早八的走狗🍳ovO,点亮粉丝团,1,1,[等级29],[粉丝团 Lv5]
2026-05-24 21:26:11,91690243923,秋蝉断夏,入团卡,1,1,[等级18],
2026-05-24 21:26:15,4230562689857805,早八的走狗🍳ovO,点亮粉丝团,1,1,[等级29],[粉丝团 Lv5]
2026-05-24 21:26:15,91690243923,秋蝉断夏,入团卡,1,1,[等级18],
2026-05-24 21:26:19,67431823039,时光薄凉~,粉丝团灯牌,1,1,[等级14],[粉丝团 Lv5]
2026-05-24 21:26:19,60172035788,栀麦,点亮粉丝团,1,1,[等级6],[粉丝团 Lv8]
2026-05-24 21:26:22,102002212318,初馨,点亮粉丝团,1,1,[等级39],[粉丝团 Lv8]
2026-05-24 21:26:22,60172035788,栀麦,点亮粉丝团,1,1,[等级6],[粉丝团 Lv8]
2026-05-24 21:26:22,83546754051,木易成,粉丝团灯牌,1,1,[等级28],[粉丝团 Lv15]
2026-05-24 21:26:23,99433801065795,～阁主,点亮粉丝团,1,1,[等级10],[粉丝团 Lv7]
2026-05-24 21:26:23,67637800518,安岳夕湖装饰工程有限公司,小心心,1,1,[等级29],
2026-05-24 21:26:24,102002212318,初馨,粉丝团灯牌,1,1,[等级39],[粉丝团 Lv8]
2026-05-24 21:26:24,102002212318,初馨,点亮粉丝团,1,1,[等级39],[粉丝团 Lv8]
2026-05-24 21:26:24,96959752919,🎄🌿🌱夜🍀🌿🌲,小心心,1,1,[等级4],
2026-05-24 21:26:25,79101594674,💋李想,粉丝团灯牌,1,1,[等级20],[粉丝团 Lv11]
2026-05-24 21:26:26,99433801065795,～阁主,点亮粉丝团,1,1,[等级10],[粉丝团 Lv7]
2026-05-24 21:26:27,67637800518,安岳夕湖装饰工程有限公司,小心心,1,1,[等级29],
2026-05-24 21:26:27,96959752919,🎄🌿🌱夜🍀🌿🌲,小心心,1,1,[等级4],
2026-05-24 21:26:27,2269019460342412,爱吃火锅的二喵,粉丝团灯牌,1,1,[等级11],[粉丝团 Lv10]
2026-05-24 21:26:34,97322564792,清尘,粉丝团灯牌,1,1,[等级4],[粉丝团 Lv5]
2026-05-24 21:26:35,74904656374,Yuan,点亮粉丝团,1,1,[等级14],[粉丝团 Lv10]
2026-05-24 21:26:37,65741331201,_颜非,粉丝团灯牌,1,1,[等级15],[粉丝团 Lv12]
2026-05-24 21:26:38,74904656374,Yuan,点亮粉丝团,1,1,[等级14],[粉丝团 Lv10]
2026-05-24 21:26:39,78343369474,红毛怪小姐.,点亮粉丝团,1,1,[等级18],[粉丝团 Lv5]
2026-05-24 21:26:42,78343369474,红毛怪小姐.,粉丝团灯牌,1,1,[等级18],[粉丝团 Lv5]
2026-05-24 21:26:42,78343369474,红毛怪小姐.,点亮粉丝团,1,1,[等级18],[粉丝团 Lv5]
2026-05-24 21:26:48,1217879652970987,妳哭着对我説,粉丝团灯牌,1,1,[等级24],[粉丝团 Lv10]
2026-05-24 21:26:54,66199879213,°冷眸ゞ°づ,粉丝团灯牌,1,1,[等级14],[粉丝团 Lv11]
2026-05-24 21:26:55,74294041485,滋滋巧乐兹,粉丝团灯牌,1,1,[等级19],[粉丝团 Lv8]
2026-05-24 21:26:55,95950446949,中,粉丝团灯牌,1,1,[等级13],[粉丝团 Lv10]
2026-05-24 21:26:56,81002902459,路人,粉丝团灯牌,1,1,[等级34],[粉丝团 Lv8]
2026-05-24 21:27:03,79884032884,唐恋,人气票,1,1,[等级23],[粉丝团 Lv12]
2026-05-24 21:27:06,79884032884,唐恋,人气票,1,1,[等级23],[粉丝团 Lv12]
2026-05-24 21:27:08,102804599189,蓝桉༒,粉丝团灯牌,1,1,[等级18],[粉丝团 Lv11]
2026-05-24 21:27:12,17587923719,会飞的红绿灯,人气票,1,1,[等级14],[粉丝团 Lv5]
2026-05-24 21:27:13,60172035788,栀麦,粉丝团灯牌,1,1,[等级6],[粉丝团 Lv8]
2026-05-24 21:27:13,3236562313162128,风栖野,点亮粉丝团,1,1,[等级9],[粉丝团 Lv9]
2026-05-24 21:27:15,105513796879,亮剑,点亮粉丝团,1,1,[等级39],[粉丝团 Lv7]
2026-05-24 21:27:15,17587923719,会飞的红绿灯,人气票,1,1,[等级14],[粉丝团 Lv5]
2026-05-24 21:27:15,3236562313162128,风栖野,粉丝团灯牌,1,1,[等级9],[粉丝团 Lv9]
2026-05-24 21:27:15,3236562313162128,风栖野,点亮粉丝团,1,1,[等级9],[粉丝团 Lv9]
2026-05-24 21:27:16,223910185147117,@孙先生,点亮粉丝团,1,1,[等级25],[粉丝团 Lv6]
2026-05-24 21:27:18,105513796879,亮剑,点亮粉丝团,1,1,[等级39],[粉丝团 Lv7]
2026-05-24 21:27:19,223910185147117,@孙先生,点亮粉丝团,1,1,[等级25],[粉丝团 Lv6]
2026-05-24 21:27:20,105513796879,亮剑,粉丝团灯牌,1,1,[等级39],[粉丝团 Lv7]
2026-05-24 21:27:23,1200315441359432,星空下的身影,点亮粉丝团,1,1,[等级13],[粉丝团 Lv9]
2026-05-24 21:27:27,1200315441359432,星空下的身影,点亮粉丝团,1,1,[等级13],[粉丝团 Lv9]
2026-05-24 21:27:28,8570023545,赵先生,粉丝团灯牌,1,1,[等级39],[粉丝团 Lv13]
2026-05-24 21:27:29,66496936159,拾级而上🇨🇳🛫,粉丝团灯牌,1,1,[等级40],[粉丝团 Lv11]
2026-05-24 21:27:37,82958040535,简单点,粉丝团灯牌,1,1,[等级15],[粉丝团 Lv8]
2026-05-24 21:27:37,96582531536,凪卄,点亮粉丝团,1,1,[等级11],[粉丝团 Lv10]
2026-05-24 21:27:38,8570023545,赵先生,大啤酒,1,2,[等级39],[粉丝团 Lv13]
2026-05-24 21:27:40,96582531536,凪卄,点亮粉丝团,1,1,[等级11],[粉丝团 Lv10]
2026-05-24 21:27:41,8570023545,赵先生,大啤酒,1,2,[等级39],[粉丝团 Lv13]
2026-05-24 21:27:46,395472362807342,棍爷,点亮粉丝团,1,1,[等级7],[粉丝团 Lv9]
2026-05-24 21:27:49,395472362807342,棍爷,点亮粉丝团,1,1,[等级7],[粉丝团 Lv9]
2026-05-24 21:27:53,452609260400772,别搞我,粉丝团灯牌,1,1,[等级14],[粉丝团 Lv12]
2026-05-24 21:27:56,3307744355156168,万马奔腾（黑风寨小妖）,粉丝团灯牌,1,1,[等级32],[粉丝团 Lv15]
2026-05-24 21:28:04,76726253587,Sunny,粉丝团灯牌,1,1,[等级23],[粉丝团 Lv14]
2026-05-24 21:28:04,78400182703,人生若只如初见-,粉丝团灯牌,1,1,[等级27],[粉丝团 Lv2]
2026-05-24 21:28:08,59310307167,迟到了也要坚持吃完早饭再去上班的晓尾,粉丝团灯牌,1,1,[等级18],[粉丝团 Lv9]
2026-05-24 21:28:39,3327583715595144,宋煜,粉丝团灯牌,1,1,[等级11],[粉丝团 Lv6]
2026-05-24 21:28:53,97118400406,飛哥,点亮粉丝团,1,1,[等级27],[粉丝团 Lv10]
2026-05-24 21:28:55,97118400406,飛哥,粉丝团灯牌,1,1,[等级27],[粉丝团 Lv10]
2026-05-24 21:28:55,97118400406,飛哥,点亮粉丝团,1,1,[等级27],[粉丝团 Lv10]
2026-05-24 21:28:59,71178500358,刘亦菲🍅,粉丝团灯牌,1,1,[等级35],[粉丝团 Lv13]
2026-05-24 21:29:00,62576518264,奕橙🍊,粉丝团灯牌,1,1,[等级13],[粉丝团 Lv11]
2026-05-24 21:29:00,91634997706,🌹花🌹开🌹富🌹贵🌹,粉丝团灯牌,1,1,[等级19],[粉丝团 Lv9]
2026-05-24 21:29:04,3450691163533582,随便01,粉丝团灯牌,1,1,[等级14],[粉丝团 Lv11]
2026-05-24 21:29:05,111138612235,由浅及深,玫瑰,1,1,[等级25],[粉丝团 Lv9]
2026-05-24 21:29:08,111138612235,由浅及深,玫瑰,1,1,[等级25],[粉丝团 Lv9]
2026-05-24 21:29:11,1178313742361096,7.18,粉丝团灯牌,1,1,[等级9],[粉丝团 Lv6]
2026-05-24 21:29:14,101758666678,大头娃娃,粉丝团灯牌,1,1,[等级30],[粉丝团 Lv15]
2026-05-24 21:29:17,94694009364,张全蛋的腿毛⁵¹⁰⁷⁴,粉丝团灯牌,1,1,[等级31],[粉丝团 Lv16]
2026-05-24 21:29:18,101896965563,不喜豆瓣,粉丝团灯牌,1,1,[等级25],[粉丝团 Lv11]
2026-05-24 21:29:24,65777246136,旧房改造—徐万年,点亮粉丝团,1,1,[等级21],[粉丝团 Lv5]
2026-05-24 21:29:25,93313660994,m愿得一人心,粉丝团灯牌,1,1,[等级14],[粉丝团 Lv12]
2026-05-24 21:29:27,65777246136,旧房改造—徐万年,粉丝团灯牌,1,1,[等级21],[粉丝团 Lv5]
2026-05-24 21:29:27,65777246136,旧房改造—徐万年,点亮粉丝团,1,1,[等级21],[粉丝团 Lv5]
2026-05-24 21:29:28,65777246136,旧房改造—徐万年,点亮粉丝团,1,1,[等级21],[粉丝团 Lv5]
2026-05-24 21:29:29,83486054530,莓莓甜贝,粉丝团灯牌,1,1,[等级11],[粉丝团 Lv10]
2026-05-24 21:29:31,91708779152,YANG_ou◡̈,点亮粉丝团,1,1,[等级26],[粉丝团 Lv6]
2026-05-24 21:29:33,91708779152,YANG_ou◡̈,点亮粉丝团,1,1,[等级26],[粉丝团 Lv6]
2026-05-24 21:29:47,4079626152326820,雨哥修车,点亮粉丝团,1,1,[等级24],[粉丝团 Lv4]
2026-05-24 21:29:50,4079626152326820,雨哥修车,点亮粉丝团,1,1,[等级24],[粉丝团 Lv4]
2026-05-24 21:29:50,58885509960,南方,粉丝团灯牌,1,1,[等级26],[粉丝团 Lv5]
2026-05-24 21:29:55,1511160070284009,岩岩,点亮粉丝团,1,1,[等级25],[粉丝团 Lv8]
2026-05-24 21:29:57,1511160070284009,岩岩,点亮粉丝团,1,1,[等级25],[粉丝团 Lv8]
2026-05-24 21:29:59,61845975111,23123,粉丝团灯牌,1,1,[等级27],[粉丝团 Lv10]
2026-05-24 21:30:03,100451278202,星ᰔᯓ,粉丝团灯牌,1,1,[等级19],[粉丝团 Lv12]
2026-05-24 21:30:04,97100978648,醉猫,人气票,1,1,[等级12],
2026-05-24 21:30:08,97100978648,醉猫,人气票,1,1,[等级12],
2026-05-24 21:30:12,111020700320,彩盒礼盒珍珠棉包装--李,粉丝团灯牌,1,1,[等级14],[粉丝团 Lv8]
2026-05-24 21:30:19,96595920676,恋爱保质期,点亮粉丝团,1,1,[等级19],[粉丝团 Lv10]
2026-05-24 21:30:22,3344027376681024,追求人生,小心心,1,1,[等级18],[粉丝团 Lv4]
2026-05-24 21:30:22,66935144474,想PEACH,粉丝团灯牌,1,1,[等级12],[粉丝团 Lv10]
2026-05-24 21:30:22,96595920676,恋爱保质期,点亮粉丝团,1,1,[等级19],[粉丝团 Lv10]
2026-05-24 21:30:22,96595920676,恋爱保质期,粉丝团灯牌,1,1,[等级19],[粉丝团 Lv10]
2026-05-24 21:30:22,96595920676,恋爱保质期,点亮粉丝团,1,1,[等级19],[粉丝团 Lv10]
2026-05-24 21:30:23,69085846955,幽蓝星空,粉丝团灯牌,1,1,[等级33],[粉丝团 Lv13]
2026-05-24 21:30:24,3344027376681024,追求人生,小心心,1,1,[等级18],[粉丝团 Lv4]
2026-05-24 21:30:26,69085846955,幽蓝星空,为你闪耀,1,9,[等级33],[粉丝团 Lv13]
2026-05-24 21:30:30,99131125351,绕着走,点亮粉丝团,1,1,[等级9],[粉丝团 Lv10]
2026-05-24 21:30:30,69085846955,幽蓝星空,为你闪耀,1,9,[等级33],[粉丝团 Lv13]
2026-05-24 21:30:33,99131125351,绕着走,点亮粉丝团,1,1,[等级9],[粉丝团 Lv10]
2026-05-24 21:30:42,4243770340022455,Foeg.🍀,粉丝团灯牌,1,1,[等级24],[粉丝团 Lv10]
2026-05-24 21:30:46,3271792146778589,￴ ￴ ￴ ￴蒸糕笑🍰,粉丝团灯牌,1,1,[等级16],[粉丝团 Lv12]
2026-05-24 21:30:58,4382028724977399,用户2957364850635,棒棒糖,1,9,[等级2],[粉丝团 Lv1]
2026-05-24 21:31:00,107777353804,颤抖吧骚年152067339,小心心,1,1,[等级25],
2026-05-24 21:31:01,4382028724977399,用户2957364850635,棒棒糖,1,9,[等级2],[粉丝团 Lv1]
2026-05-24 21:31:03,107777353804,颤抖吧骚年152067339,小心心,1,1,[等级25],
2026-05-24 21:31:07,4382028724977399,用户2957364850635,加油鸭,1,15,[等级3],[粉丝团 Lv1]
2026-05-24 21:31:07,75126518439,猪小六,点亮粉丝团,1,9,[等级28],[粉丝团 Lv12]
2026-05-24 21:31:09,4382028724977399,用户2957364850635,加油鸭,1,15,[等级3],[粉丝团 Lv1]
2026-05-24 21:31:10,75126518439,猪小六,点亮粉丝团,1,9,[等级28],[粉丝团 Lv12]
2026-05-24 21:31:12,75126518439,猪小六,粉丝团灯牌,1,1,[等级28],[粉丝团 Lv12]
2026-05-24 21:31:17,101922214474,悦児爱吃黎,粉丝团灯牌,1,1,[等级28],[粉丝团 Lv3]
2026-05-24 21:31:17,1405590951438027,老衲法号 乱来,小心心,1,1,[等级12],[粉丝团 Lv5]
2026-05-24 21:31:18,111471954172,a 5bdr93⁵¹⁰⁷⁴,粉丝团灯牌,1,1,[等级46],[粉丝团 Lv15]
2026-05-24 21:31:18,3250598299831604,尧,粉丝团灯牌,1,1,[等级7],[粉丝团 Lv4]
2026-05-24 21:31:20,1405590951438027,老衲法号 乱来,小心心,1,1,[等级12],[粉丝团 Lv5]
2026-05-24 21:31:21,88272934193,运峰,粉丝团灯牌,1,1,[等级16],[粉丝团 Lv10]
2026-05-24 21:31:24,109501454832,xuyii,粉丝团灯牌,1,1,[等级13],[粉丝团 Lv3]
2026-05-24 21:31:24,95996665621,佛安,666,1,1,[等级19],[粉丝团 Lv11]
2026-05-24 21:31:26,108334781787,当时我就震惊了,粉丝团灯牌,1,1,[等级12],[粉丝团 Lv12]
2026-05-24 21:31:26,95996665621,佛安,666,1,1,[等级19],[粉丝团 Lv11]
2026-05-24 21:31:30,98867380303,ghost咸鱼,为你闪耀,1,9,[等级15],[粉丝团 Lv11]
2026-05-24 21:31:32,98867380303,ghost咸鱼,为你闪耀,1,9,[等级15],[粉丝团 Lv11]
2026-05-24 21:31:40,7642211389264626725,浣韶（1V4战神）,粉丝团灯牌,1,1,[等级6],[粉丝团 Lv1]
2026-05-24 21:31:42,50621595876,是小肚吗是的,棒棒糖,1,9,[等级1],
2026-05-24 21:31:44,50621595876,是小肚吗是的,棒棒糖,1,9,[等级1],
2026-05-24 21:31:50,7470888097061782587,孑孓而行,粉丝团灯牌,1,1,[等级22],[粉丝团 Lv11]
2026-05-24 21:31:56,62174453970,〰️,粉丝团灯牌,1,1,[等级20],[粉丝团 Lv8]
2026-05-24 21:32:01,2572509672116388,倾城灬忘我,粉丝团灯牌,1,1,[等级12],[粉丝团 Lv11]
2026-05-24 21:32:02,63249500208,小白很奈斯呦,粉丝团灯牌,1,1,[等级25],[粉丝团 Lv12]
2026-05-24 21:32:09,55163567648,比奇堡最丑的🐟,你最好看,1,2,[等级24],[粉丝团 Lv2]
2026-05-24 21:32:12,55163567648,比奇堡最丑的🐟,你最好看,1,2,[等级24],[粉丝团 Lv2]
2026-05-24 21:32:17,75359982335,Z。,点亮粉丝团,1,9,[等级11],[粉丝团 Lv11]
2026-05-24 21:32:21,75359982335,Z。,点亮粉丝团,1,9,[等级11],[粉丝团 Lv11]
2026-05-24 21:32:23,918842674258136,🐯🐅🐅🐯,点亮粉丝团,1,1,[等级18],[粉丝团 Lv8]
2026-05-24 21:32:26,2124691332939324,仲秋序,点亮粉丝团,1,9,[等级14],[粉丝团 Lv11]
2026-05-24 21:32:27,918842674258136,🐯🐅🐅🐯,点亮粉丝团,1,1,[等级18],[粉丝团 Lv8]
2026-05-24 21:32:29,2124691332939324,仲秋序,点亮粉丝团,1,9,[等级14],[粉丝团 Lv11]
2026-05-24 21:32:29,61760544743,ღ꯭꯭拾柒,点亮粉丝团,1,9,[等级21],[粉丝团 Lv11]
2026-05-24 21:32:32,61760544743,ღ꯭꯭拾柒,点亮粉丝团,1,9,[等级21],[粉丝团 Lv11]
2026-05-24 21:32:33,96170088047,🌈无畏求,粉丝团灯牌,1,1,[等级19],[粉丝团 Lv10]
2026-05-24 21:32:35,61760544743,ღ꯭꯭拾柒,粉丝团灯牌,1,1,[等级21],[粉丝团 Lv11]
2026-05-24 21:32:36,1631273586274171,hahaha,点亮粉丝团,1,1,[等级18],[粉丝团 Lv10]
2026-05-24 21:32:36,3834693893755246,京京京京,粉丝团灯牌,1,1,[等级24],[粉丝团 Lv11]
2026-05-24 21:32:39,1631273586274171,hahaha,点亮粉丝团,1,1,[等级18],[粉丝团 Lv10]
2026-05-24 21:32:40,14211174129,晚风ᥫᩣ.𝓛𝓾𝓬𝓴𝔂,粉丝团灯牌,1,1,[等级19],[粉丝团 Lv15]
2026-05-24 21:32:41,646118025726283,时尚老太太！,棒棒糖,1,9,[等级18],[粉丝团 Lv5]
2026-05-24 21:32:42,3030707027585352,糊李糊涂,点亮粉丝团,1,9,[等级38],[粉丝团 Lv15]
2026-05-24 21:32:44,3030707027585352,糊李糊涂,粉丝团灯牌,1,1,[等级38],[粉丝团 Lv15]
2026-05-24 21:32:44,646118025726283,时尚老太太！,棒棒糖,1,9,[等级18],[粉丝团 Lv5]
2026-05-24 21:32:44,3030707027585352,糊李糊涂,点亮粉丝团,1,9,[等级38],[粉丝团 Lv15]
2026-05-24 21:33:01,97659093129,🥀এ᭄燕韵ꦿ余音ོ࿐ᩚ,粉丝团灯牌,1,1,[等级35],[粉丝团 Lv12]
2026-05-24 21:33:04,71302595993,我睡覺的時候不困,点亮粉丝团,1,1,[等级18],[粉丝团 Lv10]
2026-05-24 21:33:05,68270825715,等.,粉丝团灯牌,1,1,[等级13],[粉丝团 Lv10]
2026-05-24 21:33:08,71302595993,我睡覺的時候不困,点亮粉丝团,1,1,[等级18],[粉丝团 Lv10]
2026-05-24 21:33:09,95116285609,柚关我什么事,粉丝团灯牌,1,1,[等级9],[粉丝团 Lv10]
2026-05-24 21:33:11,123575336446654,靠近我,粉丝团灯牌,1,1,[等级10],[粉丝团 Lv11]
2026-05-24 21:33:12,1697246138075692,ovo,点亮粉丝团,1,1,[等级21],[粉丝团 Lv7]
2026-05-24 21:33:12,866032946527787,牛 二,粉丝团灯牌,1,1,[等级25],[粉丝团 Lv15]
2026-05-24 21:33:16,1697246138075692,ovo,粉丝团灯牌,1,1,[等级21],[粉丝团 Lv7]
2026-05-24 21:33:16,1697246138075692,ovo,点亮粉丝团,1,1,[等级21],[粉丝团 Lv7]
2026-05-24 21:33:16,1697246138075692,ovo,点亮粉丝团,1,1,[等级21],[粉丝团 Lv7]
2026-05-24 21:33:18,88540525847,零度💋,粉丝团灯牌,1,1,[等级33],[粉丝团 Lv14]
2026-05-24 21:33:19,94627381531,柒,粉丝团灯牌,1,1,[等级20],[粉丝团 Lv9]
2026-05-24 21:33:22,106103112534,第十二片银杏,粉丝团灯牌,1,1,[等级23],[粉丝团 Lv10]
2026-05-24 21:33:23,2819583707710068,狐狸尾巴向日葵🌻,粉丝团灯牌,1,1,[等级22],[粉丝团 Lv14]
2026-05-24 21:33:25,71182891125,建,粉丝团灯牌,1,1,[等级14],[粉丝团 Lv12]
2026-05-24 21:33:28,2774815269455399,零愿绪,小心心,1,1,[等级13],[粉丝团 Lv4]
2026-05-24 21:33:30,96196693642,云淡风轻,点亮粉丝团,1,9,[等级29],[粉丝团 Lv12]
2026-05-24 21:33:31,86654881895,🌈吃饱再睡🌈,粉丝团灯牌,1,1,[等级12],[粉丝团 Lv10]
2026-05-24 21:33:31,1920215208171975,欣,粉丝团灯牌,1,1,[等级22],[粉丝团 Lv5]
2026-05-24 21:33:31,2774815269455399,零愿绪,小心心,1,1,[等级13],[粉丝团 Lv4]
2026-05-24 21:33:32,52999976572,多财多亿💛,点亮粉丝团,1,1,[等级32],[粉丝团 Lv10]
2026-05-24 21:33:32,1763257424020092,数字用户,点亮粉丝团,1,1,[等级16],[粉丝团 Lv8]
2026-05-24 21:33:33,96196693642,云淡风轻,点亮粉丝团,1,9,[等级29],[粉丝团 Lv12]
2026-05-24 21:33:35,52999976572,多财多亿💛,点亮粉丝团,1,1,[等级32],[粉丝团 Lv10]
2026-05-24 21:33:35,2434778495983435,😗,点亮粉丝团,1,1,[等级10],[粉丝团 Lv5]
2026-05-24 21:33:35,1763257424020092,数字用户,点亮粉丝团,1,1,[等级16],[粉丝团 Lv8]
2026-05-24 21:33:35,52999976572,多财多亿💛,粉丝团灯牌,1,1,[等级32],[粉丝团 Lv11]
2026-05-24 21:33:37,2434778495983435,😗,点亮粉丝团,1,1,[等级10],[粉丝团 Lv5]
2026-05-24 21:33:40,96787237113,阿鑫,粉丝团灯牌,1,1,[等级7],[粉丝团 Lv9]
2026-05-24 21:33:41,2274229057494279,筱筱【筱舍造型工作室】,粉丝团灯牌,1,1,[等级21],[粉丝团 Lv13]
2026-05-24 21:33:42,103582878059,江湖,粉丝团灯牌,1,1,[等级18],[粉丝团 Lv11]
2026-05-24 21:33:43,4382028724977399,用户2957364850635,小心心,1,1,[等级4],[粉丝团 Lv1]
2026-05-24 21:33:44,93866912069,唐伯虎@,粉丝团灯牌,1,1,[等级35],[粉丝团 Lv13]
2026-05-24 21:33:45,97382336921,呢呦牛,人气票,1,1,[等级31],[粉丝团 Lv16]
2026-05-24 21:33:46,4382028724977399,用户2957364850635,小心心,1,1,[等级4],[粉丝团 Lv1]
2026-05-24 21:33:46,104570226019,Wu,粉丝团灯牌,1,1,[等级31],[粉丝团 Lv10]
2026-05-24 21:33:47,770073181568120,糊涂软,粉丝团灯牌,1,1,[等级25],[粉丝团 Lv10]
2026-05-24 21:33:48,73937081985,🌈爱你不如久伴你❤\_,粉丝团灯牌,1,1,[等级32],[粉丝团 Lv9]
2026-05-24 21:33:48,97382336921,呢呦牛,人气票,1,1,[等级31],[粉丝团 Lv16]
2026-05-24 21:33:49,1662086236618480,在在在,小心心,1,1,[等级9],
2026-05-24 21:33:50,68038605508,ˇＳēvěn,点亮粉丝团,1,1,[等级10],[粉丝团 Lv10]
2026-05-24 21:33:51,83931800170,🌈晓晓斌哥哥,粉丝团灯牌,1,1,[等级21],[粉丝团 Lv7]
2026-05-24 21:33:51,55396453849949,清琬辞🍒,粉丝团灯牌,1,1,[等级11],[粉丝团 Lv11]
2026-05-24 21:33:52,1662086236618480,在在在,小心心,1,1,[等级9],
2026-05-24 21:33:53,98456870624,lhz,粉丝团灯牌,1,1,[等级16],[粉丝团 Lv7]
2026-05-24 21:33:53,96870490687,撸铁,粉丝团灯牌,1,1,[等级32],[粉丝团 Lv10]
2026-05-24 21:33:53,68038605508,ˇＳēvěn,点亮粉丝团,1,1,[等级10],[粉丝团 Lv10]
2026-05-24 21:33:54,263485381159911,墨染流年,点亮粉丝团,1,1,[等级7],[粉丝团 Lv9]
2026-05-24 21:33:54,3328963188886926,🌈双人徐😍,小心心,1,1,[等级8],[粉丝团 Lv5]
2026-05-24 21:33:54,104570226019,Wu,为你闪耀,1,9,[等级31],[粉丝团 Lv10]
2026-05-24 21:33:56,93078259137,China、欧皇,粉丝团灯牌,1,1,[等级30],[粉丝团 Lv14]
2026-05-24 21:33:57,263485381159911,墨染流年,点亮粉丝团,1,1,[等级7],[粉丝团 Lv9]
2026-05-24 21:33:57,3328963188886926,🌈双人徐😍,小心心,1,1,[等级8],[粉丝团 Lv5]
2026-05-24 21:33:57,104570226019,Wu,为你闪耀,1,9,[等级31],[粉丝团 Lv10]
2026-05-24 21:33:58,3039508630878992,*,入团卡,1,1,[等级2],
2026-05-24 21:33:58,91824058841,6,粉丝团灯牌,1,1,[等级35],[粉丝团 Lv5]
2026-05-24 21:33:59,102814217730,少年你前途无量,粉丝团灯牌,1,1,[等级4],[粉丝团 Lv3]
2026-05-24 21:34:00,59193413066,不抽鲢鳙的刚粉,粉丝团灯牌,1,1,[等级34],[粉丝团 Lv4]
2026-05-24 21:34:00,2885554635806072,の`救赎✞,粉丝团灯牌,1,1,[等级27],[粉丝团 Lv10]
2026-05-24 21:34:01,3039508630878992,*,入团卡,1,1,[等级2],
2026-05-24 21:34:02,78929305769,～君莫笑～,你最好看,1,2,[等级24],[粉丝团 Lv10]
2026-05-24 21:34:02,646161190361448,暗影狂花,粉丝团灯牌,1,1,[等级22],[粉丝团 Lv8]
2026-05-24 21:34:05,78929305769,～君莫笑～,你最好看,1,2,[等级24],[粉丝团 Lv10]
2026-05-24 21:34:06,3710176201805579,林总,粉丝团灯牌,1,1,[等级2],[粉丝团 Lv5]
2026-05-24 21:34:10,110856348394,生活就是藝術,点亮粉丝团,1,1,[等级13],[粉丝团 Lv5]
2026-05-24 21:34:13,110856348394,生活就是藝術,点亮粉丝团,1,1,[等级13],[粉丝团 Lv5]
2026-05-24 21:34:14,109916831418,黑水北溟,玫瑰,1,1,[等级11],
2026-05-24 21:34:18,109916831418,黑水北溟,玫瑰,1,1,[等级11],
2026-05-24 21:34:18,110856348394,生活就是藝術,粉丝团灯牌,1,1,[等级13],[粉丝团 Lv5]
2026-05-24 21:34:20,51848403000,标得否,点亮粉丝团,1,1,[等级9],[粉丝团 Lv10]
2026-05-24 21:34:22,51848403000,标得否,点亮粉丝团,1,1,[等级9],[粉丝团 Lv10]
2026-05-24 21:34:30,92614185412,随  心,粉丝团灯牌,1,1,[等级21],[粉丝团 Lv4]
2026-05-24 21:34:31,60748485890,皮老六钓鱼🐟,小心心,1,1,[等级37],
2026-05-24 21:34:33,60748485890,皮老六钓鱼🐟,小心心,1,1,[等级37],
2026-05-24 21:34:38,545772532935629,沧笙踏歌,粉丝团灯牌,1,1,[等级1],[粉丝团 Lv1]
2026-05-24 21:34:39,68831839829,Mr.G先森,粉丝团灯牌,1,1,[等级44],[粉丝团 Lv13]
2026-05-24 21:34:42,50496640325,小马哥9527,人气票,1,1,[等级6],[粉丝团 Lv2]
2026-05-24 21:34:45,277496424316079,☆一杯冰美式,粉丝团灯牌,1,1,[等级5],[粉丝团 Lv9]
2026-05-24 21:34:45,50496640325,小马哥9527,人气票,1,1,[等级6],[粉丝团 Lv2]
2026-05-24 21:34:47,1917136681054014,101,粉丝团灯牌,1,1,[等级45],[粉丝团 Lv12]
2026-05-24 21:34:47,2348165983116428,晚晚要当绿tea,粉丝团灯牌,1,1,[等级19],[粉丝团 Lv10]
2026-05-24 21:34:48,2462557810990776,呵呵哒,点亮粉丝团,1,1,[等级33],[粉丝团 Lv4]
2026-05-24 21:34:49,4328130491716536,虞城,点亮粉丝团,1,1,[等级10],[粉丝团 Lv3]
2026-05-24 21:34:49,4217365043356446,蚀.,为你闪耀,1,9,[等级33],[粉丝团 Lv12]
2026-05-24 21:34:50,2462557810990776,呵呵哒,粉丝团灯牌,1,1,[等级33],[粉丝团 Lv4]
2026-05-24 21:34:50,2462557810990776,呵呵哒,点亮粉丝团,1,1,[等级33],[粉丝团 Lv4]
2026-05-24 21:34:50,4164582977316036,老骥伏枥,粉丝团灯牌,1,1,[等级8],[粉丝团 Lv8]
2026-05-24 21:34:51,69425325513,星辰丶,粉丝团灯牌,1,1,[等级28],[粉丝团 Lv11]
2026-05-24 21:34:51,105920113867,遗忘今生,粉丝团灯牌,1,1,[等级31],[粉丝团 Lv11]
2026-05-24 21:34:52,3681633849049928,爱上旅行,点亮粉丝团,1,1,[等级32],[粉丝团 Lv5]
2026-05-24 21:34:52,4207174040435181,司晨,点亮粉丝团,1,1,[等级9],[粉丝团 Lv10]
2026-05-24 21:34:53,4328130491716536,虞城,点亮粉丝团,1,1,[等级10],[粉丝团 Lv3]
2026-05-24 21:34:53,4217365043356446,蚀.,为你闪耀,1,9,[等级33],[粉丝团 Lv12]
2026-05-24 21:34:53,833861949066441,Zw--,粉丝团灯牌,1,1,[等级6],[粉丝团 Lv4]
2026-05-24 21:34:53,2889972244021436,芸熙吧,粉丝团灯牌,1,1,[等级13],[粉丝团 Lv12]
2026-05-24 21:34:53,74548900792,。。。,点亮粉丝团,1,1,[等级7],[粉丝团 Lv3]
2026-05-24 21:34:54,187361902467689,锦悦,粉丝团灯牌,1,1,[等级22],[粉丝团 Lv2]
2026-05-24 21:34:54,3746741972109951,民哥,点亮粉丝团,1,1,[等级26],[粉丝团 Lv3]
2026-05-24 21:34:54,3623596068973480,Cisyam,粉丝团灯牌,1,1,[等级4],[粉丝团 Lv6]
2026-05-24 21:34:55,266530981159869,Mr.k,点亮粉丝团,1,9,[等级27],[粉丝团 Lv11]
2026-05-24 21:34:55,3681633849049928,爱上旅行,点亮粉丝团,1,1,[等级32],[粉丝团 Lv5]
2026-05-24 21:34:55,4207174040435181,司晨,点亮粉丝团,1,1,[等级9],[粉丝团 Lv10]
2026-05-24 21:34:55,92403197758,🩶,点亮粉丝团,1,1,[等级17],[粉丝团 Lv9]
2026-05-24 21:34:56,2568872146265495,𝙡̶𝙤̶̶̶𝙫̶̶̶𝙚ᥫᩣ,粉丝团灯牌,1,1,[等级9],[粉丝团 Lv11]
2026-05-24 21:34:57,74548900792,。。。,点亮粉丝团,1,1,[等级7],[粉丝团 Lv3]
2026-05-24 21:34:57,3746741972109951,民哥,粉丝团灯牌,1,1,[等级26],[粉丝团 Lv3]
2026-05-24 21:34:57,3746741972109951,民哥,点亮粉丝团,1,1,[等级26],[粉丝团 Lv3]
2026-05-24 21:34:57,83185725878299,二哥,点亮粉丝团,1,1,[等级18],[粉丝团 Lv2]
2026-05-24 21:34:57,103608361587,雨夜！！！,粉丝团灯牌,1,1,[等级39],[粉丝团 Lv10]
2026-05-24 21:34:58,266530981159869,Mr.k,点亮粉丝团,1,9,[等级27],[粉丝团 Lv11]
2026-05-24 21:34:58,58568096618,车轮上的旅人,粉丝团灯牌,1,1,[等级20],[粉丝团 Lv3]
2026-05-24 21:34:59,92403197758,🩶,点亮粉丝团,1,1,[等级17],[粉丝团 Lv9]
2026-05-24 21:34:59,83185725878299,二哥,点亮粉丝团,1,1,[等级18],[粉丝团 Lv2]
2026-05-24 21:35:00,74209380694,橇装加油站厂家,粉丝团灯牌,1,1,[等级29],[粉丝团 Lv11]
2026-05-24 21:35:01,95864027234,滕州圣卡木地板，踢脚线,小心心,1,1,[等级15],[粉丝团 Lv12]
2026-05-24 21:35:02,77702126934,丶Yes,粉丝团灯牌,1,1,[等级28],[粉丝团 Lv8]
2026-05-24 21:35:02,66614031647,CC、🌸,粉丝团灯牌,1,1,[等级11],[粉丝团 Lv10]
2026-05-24 21:35:03,4103838003630679,小小分贝,点亮粉丝团,1,1,[等级16],[粉丝团 Lv8]
2026-05-24 21:35:05,95864027234,滕州圣卡木地板，踢脚线,小心心,1,1,[等级15],[粉丝团 Lv12]
2026-05-24 21:35:05,85608078232,巴倒烫,粉丝团灯牌,1,1,[等级23],[粉丝团 Lv7]
2026-05-24 21:35:05,58568096618,车轮上的旅人,为你闪耀,1,9,[等级20],[粉丝团 Lv3]
2026-05-24 21:35:06,4103838003630679,小小分贝,点亮粉丝团,1,1,[等级16],[粉丝团 Lv8]
2026-05-24 21:35:07,58568096618,车轮上的旅人,为你闪耀,1,9,[等级20],[粉丝团 Lv3]
2026-05-24 21:35:08,1530939874286500,y丶先生,粉丝团灯牌,1,1,[等级36],[粉丝团 Lv9]
2026-05-24 21:35:09,92403197758,🩶,粉丝团灯牌,1,1,[等级17],[粉丝团 Lv9]
2026-05-24 21:35:09,4396277703917444,李,人气票,1,1,[等级10],[粉丝团 Lv3]
2026-05-24 21:35:11,78022148039,满满（旭旭宝宝传媒）,点亮粉丝团,1,1,[等级29],[粉丝团 Lv2]
2026-05-24 21:35:11,4396277703917444,李,人气票,1,1,[等级10],[粉丝团 Lv3]
2026-05-24 21:35:13,602151430667160,剑,点亮粉丝团,1,1,[等级6],[粉丝团 Lv9]
2026-05-24 21:35:13,4396277703917444,李,666,1,1,[等级10],[粉丝团 Lv3]
2026-05-24 21:35:13,86213244789,猪八戒烟,玫瑰,1,1,[等级15],
2026-05-24 21:35:13,78022148039,满满（旭旭宝宝传媒）,点亮粉丝团,1,1,[等级29],[粉丝团 Lv2]
2026-05-24 21:35:15,61751484934,得得得的,点亮粉丝团,1,1,[等级6],[粉丝团 Lv9]
2026-05-24 21:35:15,2840787010198447,💦小崔总,粉丝团灯牌,1,1,[等级15],[粉丝团 Lv11]
2026-05-24 21:35:15,67515965996,昵称已重置,小心心,1,1,[等级2],
2026-05-24 21:35:15,602151430667160,剑,点亮粉丝团,1,1,[等级6],[粉丝团 Lv9]
2026-05-24 21:35:16,65340397460,一袭旧袍任风雨,点亮粉丝团,1,1,[等级23],[粉丝团 Lv10]
2026-05-24 21:35:16,4396277703917444,李,666,1,1,[等级10],[粉丝团 Lv3]
2026-05-24 21:35:16,86213244789,猪八戒烟,玫瑰,1,1,[等级15],
2026-05-24 21:35:17,1447380595780428,白开水😘,粉丝团灯牌,1,1,[等级16],[粉丝团 Lv4]
2026-05-24 21:35:18,61751484934,得得得的,点亮粉丝团,1,1,[等级6],[粉丝团 Lv9]
2026-05-24 21:35:18,67515965996,昵称已重置,小心心,1,1,[等级2],
2026-05-24 21:35:18,21631942527252,途归¢,粉丝团灯牌,1,1,[等级32],[粉丝团 Lv15]
2026-05-24 21:35:18,65340397460,一袭旧袍任风雨,点亮粉丝团,1,1,[等级23],[粉丝团 Lv10]
2026-05-24 21:35:21,1195908167903760,辉1166,粉丝团灯牌,1,1,[等级16],[粉丝团 Lv13]
2026-05-24 21:35:22,96781861553,Cdx,点亮粉丝团,1,1,[等级36],[粉丝团 Lv10]
2026-05-24 21:35:23,96781861553,Cdx,粉丝团灯牌,1,1,[等级36],[粉丝团 Lv10]
2026-05-24 21:35:23,96781861553,Cdx,点亮粉丝团,1,1,[等级36],[粉丝团 Lv10]
2026-05-24 21:35:24,65340397460,一袭旧袍任风雨,粉丝团灯牌,1,1,[等级23],[粉丝团 Lv10]
2026-05-24 21:35:25,100514964435,ゞ愛拚才會嬴ゞ,点亮粉丝团,1,1,[等级5],[粉丝团 Lv4]
2026-05-24 21:35:26,187361902467689,锦悦,为你闪耀,1,9,[等级22],[粉丝团 Lv2]
2026-05-24 21:35:27,94210146276,小角林呀,点亮粉丝团,1,1,[等级4],[粉丝团 Lv4]
2026-05-24 21:35:27,87737130442,萌猫ヾ不乖,人气票,1,1,[等级31],[粉丝团 Lv10]
2026-05-24 21:35:28,2066715339664559,亦亿,粉丝团灯牌,1,1,[等级9],[粉丝团 Lv11]
2026-05-24 21:35:28,1415796715437787,肉肉吖,粉丝团灯牌,1,1,[等级18],[粉丝团 Lv8]
2026-05-24 21:35:28,87737130442,萌猫ヾ不乖,人气票,2,2,[等级31],[粉丝团 Lv10]
2026-05-24 21:35:28,2764628632025677,无情的风浪,点亮粉丝团,1,9,[等级12],[粉丝团 Lv11]
2026-05-24 21:35:28,70207664012,啊King,人气票,1,1,[等级7],[粉丝团 Lv6]
2026-05-24 21:35:28,100514964435,ゞ愛拚才會嬴ゞ,点亮粉丝团,1,1,[等级5],[粉丝团 Lv4]
2026-05-24 21:35:28,87737130442,萌猫ヾ不乖,人气票,5,5,[等级31],[粉丝团 Lv10]
2026-05-24 21:35:28,70207664012,啊King,人气票,2,2,[等级7],[粉丝团 Lv6]
2026-05-24 21:35:29,87737130442,萌猫ヾ不乖,人气票,10,10,[等级31],[粉丝团 Lv10]
2026-05-24 21:35:29,2764628632025677,无情的风浪,粉丝团灯牌,1,1,[等级12],[粉丝团 Lv11]
2026-05-24 21:35:29,2764628632025677,无情的风浪,点亮粉丝团,1,9,[等级12],[粉丝团 Lv11]
2026-05-24 21:35:29,87737130442,萌猫ヾ不乖,人气票,13,13,[等级31],[粉丝团 Lv10]
2026-05-24 21:35:29,187361902467689,锦悦,为你闪耀,1,9,[等级22],[粉丝团 Lv2]
2026-05-24 21:35:30,87737130442,萌猫ヾ不乖,人气票,16,16,[等级31],[粉丝团 Lv10]
2026-05-24 21:35:30,94210146276,小角林呀,点亮粉丝团,1,1,[等级4],[粉丝团 Lv4]
2026-05-24 21:35:30,87737130442,萌猫ヾ不乖,人气票,20,20,[等级31],[粉丝团 Lv10]
2026-05-24 21:35:30,58568096618,车轮上的旅人,为你闪耀,1,9,[等级20],[粉丝团 Lv3]
2026-05-24 21:35:31,87737130442,萌猫ヾ不乖,人气票,23,23,[等级31],[粉丝团 Lv10]
2026-05-24 21:35:31,87737130442,萌猫ヾ不乖,人气票,26,26,[等级31],[粉丝团 Lv10]
2026-05-24 21:35:32,87737130442,萌猫ヾ不乖,人气票,29,29,[等级31],[粉丝团 Lv10]
2026-05-24 21:35:32,70207664012,啊King,人气票,2,2,[等级7],[粉丝团 Lv6]
2026-05-24 21:35:32,87737130442,萌猫ヾ不乖,人气票,33,33,[等级31],[粉丝团 Lv10]
2026-05-24 21:35:33,87737130442,萌猫ヾ不乖,人气票,35,35,[等级31],[粉丝团 Lv10]
2026-05-24 21:35:33,58568096618,车轮上的旅人,为你闪耀,1,9,[等级20],[粉丝团 Lv3]
2026-05-24 21:35:33,87737130442,萌猫ヾ不乖,人气票,38,38,[等级31],[粉丝团 Lv10]
2026-05-24 21:35:34,70207664012,啊King,人气票,1,1,[等级7],[粉丝团 Lv6]
2026-05-24 21:35:34,87737130442,萌猫ヾ不乖,人气票,40,40,[等级31],[粉丝团 Lv10]
2026-05-24 21:35:34,87737130442,萌猫ヾ不乖,人气票,43,43,[等级31],[粉丝团 Lv10]
2026-05-24 21:35:35,87737130442,萌猫ヾ不乖,人气票,46,46,[等级31],[粉丝团 Lv10]
2026-05-24 21:35:35,87737130442,萌猫ヾ不乖,人气票,48,48,[等级31],[粉丝团 Lv10]
2026-05-24 21:35:36,2520550509119192,本尊,点亮粉丝团,1,1,[等级11],[粉丝团 Lv4]
2026-05-24 21:35:36,87737130442,萌猫ヾ不乖,人气票,50,50,[等级31],[粉丝团 Lv10]
2026-05-24 21:35:36,87737130442,萌猫ヾ不乖,人气票,52,52,[等级31],[粉丝团 Lv10]
2026-05-24 21:35:36,70207664012,啊King,人气票,1,1,[等级7],[粉丝团 Lv6]
2026-05-24 21:35:36,87737130442,萌猫ヾ不乖,人气票,55,55,[等级31],[粉丝团 Lv10]
2026-05-24 21:35:37,87737130442,萌猫ヾ不乖,人气票,57,57,[等级31],[粉丝团 Lv10]
2026-05-24 21:35:38,87737130442,萌猫ヾ不乖,人气票,60,60,[等级31],[粉丝团 Lv10]
2026-05-24 21:35:38,87737130442,萌猫ヾ不乖,人气票,63,63,[等级31],[粉丝团 Lv10]
2026-05-24 21:35:38,87737130442,萌猫ヾ不乖,人气票,65,65,[等级31],[粉丝团 Lv10]
2026-05-24 21:35:38,2520550509119192,本尊,点亮粉丝团,1,1,[等级11],[粉丝团 Lv4]
2026-05-24 21:35:39,87737130442,萌猫ヾ不乖,人气票,67,67,[等级31],[粉丝团 Lv10]
2026-05-24 21:35:40,87737130442,萌猫ヾ不乖,人气票,69,69,[等级31],[粉丝团 Lv10]
2026-05-24 21:35:40,87737130442,萌猫ヾ不乖,人气票,70,70,[等级31],[粉丝团 Lv10]
2026-05-24 21:35:40,87737130442,萌猫ヾ不乖,人气票,71,71,[等级31],[粉丝团 Lv10]
2026-05-24 21:35:44,87737130442,萌猫ヾ不乖,人气票,71,71,[等级31],[粉丝团 Lv10]
2026-05-24 21:35:46,87737130442,萌猫ヾ不乖,人气票,1,1,[等级31],[粉丝团 Lv10]
2026-05-24 21:35:46,87737130442,萌猫ヾ不乖,人气票,2,2,[等级31],[粉丝团 Lv10]
2026-05-24 21:35:47,87737130442,萌猫ヾ不乖,人气票,3,3,[等级31],[粉丝团 Lv10]
2026-05-24 21:35:48,87737130442,萌猫ヾ不乖,人气票,4,4,[等级31],[粉丝团 Lv10]
2026-05-24 21:35:49,87737130442,萌猫ヾ不乖,人气票,5,5,[等级31],[粉丝团 Lv10]
2026-05-24 21:35:50,72624273628,石头,粉丝团灯牌,1,1,[等级11],[粉丝团 Lv10]
2026-05-24 21:35:51,3609040300280739,iiio,粉丝团灯牌,1,1,[等级6],[粉丝团 Lv8]
2026-05-24 21:35:52,87737130442,萌猫ヾ不乖,人气票,5,5,[等级31],[粉丝团 Lv10]
2026-05-24 21:35:54,1716756236215975,2041,玫瑰,1,1,[等级4],[粉丝团 Lv6]
2026-05-24 21:35:54,71253178100,☄️☄️☄️,粉丝团灯牌,1,1,[等级17],[粉丝团 Lv11]
2026-05-24 21:35:54,86213244789,猪八戒烟,大啤酒,1,2,[等级15],
2026-05-24 21:35:56,66449150234,曦曦,粉丝团灯牌,1,1,[等级13],[粉丝团 Lv9]
2026-05-24 21:35:57,1716756236215975,2041,玫瑰,1,1,[等级4],[粉丝团 Lv6]
2026-05-24 21:35:57,86213244789,猪八戒烟,大啤酒,1,2,[等级15],
2026-05-24 21:35:59,98601289872,乌珠穆沁,点亮粉丝团,1,9,[等级32],[粉丝团 Lv11]
2026-05-24 21:36:01,2075525160114912,琪炒哥（非物质文化遗产第十三代传人）,粉丝团灯牌,1,1,[等级21],[粉丝团 Lv10]
2026-05-24 21:36:02,98601289872,乌珠穆沁,点亮粉丝团,1,9,[等级32],[粉丝团 Lv11]
2026-05-24 21:36:04,109390518292,燃烧的香烟,粉丝团灯牌,1,1,[等级37],[粉丝团 Lv10]
2026-05-24 21:36:10,86213244789,猪八戒烟,人气票,1,1,[等级15],
2026-05-24 21:36:11,73791002689,ค小᳐牙宝᳐੭ﾞ,粉丝团灯牌,1,1,[等级31],[粉丝团 Lv9]
2026-05-24 21:36:13,86213244789,猪八戒烟,人气票,1,1,[等级15],
2026-05-24 21:36:19,74961823868,橙子ᴬ,粉丝团灯牌,1,1,[等级23],[粉丝团 Lv11]
2026-05-24 21:36:20,4152236259163979,妤·,点亮粉丝团,1,1,[等级4],[粉丝团 Lv5]
2026-05-24 21:36:20,61751484934,得得得的,粉丝团灯牌,1,1,[等级6],[粉丝团 Lv9]
2026-05-24 21:36:23,4152236259163979,妤·,点亮粉丝团,1,1,[等级4],[粉丝团 Lv5]
2026-05-24 21:36:24,100439706590,涂鸭,粉丝团灯牌,1,1,[等级31],[粉丝团 Lv15]
2026-05-24 21:36:27,98601289872,乌珠穆沁,粉丝团灯牌,1,1,[等级32],[粉丝团 Lv11]
2026-05-24 21:36:27,50496640325,小马哥9527,点亮粉丝团,1,1,[等级6],[粉丝团 Lv2]
2026-05-24 21:36:31,50496640325,小马哥9527,点亮粉丝团,1,1,[等级6],[粉丝团 Lv2]
2026-05-24 21:36:31,3940302431988990,Oni秋,点亮粉丝团,1,1,[等级21],[粉丝团 Lv9]
2026-05-24 21:36:33,63788249068,别哭我会心疼,小心心,1,1,[等级4],
2026-05-24 21:36:34,3940302431988990,Oni秋,粉丝团灯牌,1,1,[等级21],[粉丝团 Lv9]
2026-05-24 21:36:34,3940302431988990,Oni秋,点亮粉丝团,1,1,[等级21],[粉丝团 Lv9]
2026-05-24 21:36:36,63788249068,别哭我会心疼,小心心,1,1,[等级4],
2026-05-24 21:36:36,66233087833,R.‍,粉丝团灯牌,1,1,[等级36],[粉丝团 Lv10]
2026-05-24 21:36:37,3933397709234680,冷月葬花魂,点亮粉丝团,1,1,[等级7],[粉丝团 Lv3]
2026-05-24 21:36:39,100417616633,哆啦阿佳,点亮粉丝团,1,1,[等级10],[粉丝团 Lv8]
2026-05-24 21:36:39,85030283939,麦恩莉i,粉丝团灯牌,1,1,[等级14],[粉丝团 Lv11]
2026-05-24 21:36:39,721730080869692,@七安,小心心,1,1,[等级9],[粉丝团 Lv1]
2026-05-24 21:36:39,3933397709234680,冷月葬花魂,粉丝团灯牌,1,1,[等级7],[粉丝团 Lv3]
2026-05-24 21:36:39,3933397709234680,冷月葬花魂,点亮粉丝团,1,1,[等级7],[粉丝团 Lv3]
2026-05-24 21:36:40,71050853581,航弟,点亮粉丝团,1,1,[等级17],[粉丝团 Lv10]
2026-05-24 21:36:41,99903352737,牛哥,粉丝团灯牌,1,1,[等级12],[粉丝团 Lv9]
2026-05-24 21:36:41,100417616633,哆啦阿佳,点亮粉丝团,1,1,[等级10],[粉丝团 Lv8]
2026-05-24 21:36:42,721730080869692,@七安,小心心,1,1,[等级9],[粉丝团 Lv1]
2026-05-24 21:36:43,71050853581,航弟,粉丝团灯牌,1,1,[等级17],[粉丝团 Lv10]
2026-05-24 21:36:43,71050853581,航弟,点亮粉丝团,1,1,[等级17],[粉丝团 Lv10]
2026-05-24 21:36:43,107667023588,小小小饭团,粉丝团灯牌,1,1,[等级31],[粉丝团 Lv10]
2026-05-24 21:36:45,605181622112132,⊙▽⊙,小心心,1,1,[等级8],[粉丝团 Lv3]
2026-05-24 21:36:46,99477731361,明天会更好,入团卡,1,1,[等级2],
2026-05-24 21:36:46,93549004505,🌊᭄ঞ随ꪟ风⃨🌈ৡᩚ࿐,点亮粉丝团,1,9,[等级43],[粉丝团 Lv11]
2026-05-24 21:36:48,605181622112132,⊙▽⊙,小心心,1,1,[等级8],[粉丝团 Lv3]
2026-05-24 21:36:49,99477731361,明天会更好,入团卡,1,1,[等级2],
2026-05-24 21:36:49,93549004505,🌊᭄ঞ随ꪟ风⃨🌈ৡᩚ࿐,粉丝团灯牌,1,1,[等级43],[粉丝团 Lv11]
2026-05-24 21:36:49,93549004505,🌊᭄ঞ随ꪟ风⃨🌈ৡᩚ࿐,点亮粉丝团,1,9,[等级43],[粉丝团 Lv11]
2026-05-24 21:36:56,29029773087610,满载风月,小心心,1,1,[等级12],
2026-05-24 21:36:56,2613991669264746,人生难,粉丝团灯牌,1,1,[等级3],[粉丝团 Lv2]
2026-05-24 21:36:59,29029773087610,满载风月,小心心,1,1,[等级12],
2026-05-24 21:37:03,86580358314,🌈船长,点亮粉丝团,1,1,[等级19],[粉丝团 Lv4]
2026-05-24 21:37:06,86580358314,🌈船长,点亮粉丝团,1,1,[等级19],[粉丝团 Lv4]
2026-05-24 21:37:07,3296786213775913,死水微澜,点亮粉丝团,1,1,[等级8],[粉丝团 Lv5]
2026-05-24 21:37:07,79987497922,娜拉,点亮粉丝团,1,1,[等级24],[粉丝团 Lv10]
2026-05-24 21:37:08,63788249068,别哭我会心疼,小心心,1,1,[等级4],
2026-05-24 21:37:08,85611971115,M 🇨🇳,粉丝团灯牌,1,1,[等级24],[粉丝团 Lv9]
2026-05-24 21:37:09,58909926068,阿哦阿一,粉丝团灯牌,1,1,[等级34],[粉丝团 Lv9]
2026-05-24 21:37:09,3296786213775913,死水微澜,点亮粉丝团,1,1,[等级8],[粉丝团 Lv5]
2026-05-24 21:37:09,79987497922,娜拉,点亮粉丝团,1,1,[等级24],[粉丝团 Lv10]
2026-05-24 21:37:11,63788249068,别哭我会心疼,小心心,1,1,[等级4],
2026-05-24 21:37:13,2860149637,半夏,粉丝团灯牌,1,1,[等级13],[粉丝团 Lv12]
2026-05-24 21:37:14,3296786213775913,死水微澜,粉丝团灯牌,1,1,[等级8],[粉丝团 Lv5]
2026-05-24 21:37:18,605181622112132,⊙▽⊙,粉丝团灯牌,1,1,[等级8],[粉丝团 Lv3]
2026-05-24 21:37:19,3580431776361671,蜡笔没有芯.,粉丝团灯牌,1,1,[等级21],[粉丝团 Lv15]
2026-05-24 21:37:20,63788249068,别哭我会心疼,你最好看,1,2,[等级4],
2026-05-24 21:37:23,63788249068,别哭我会心疼,你最好看,1,2,[等级4],
2026-05-24 21:37:25,98213179066,洛舍镇兄弟果业,点亮粉丝团,1,1,[等级14],[粉丝团 Lv9]
2026-05-24 21:37:27,98213179066,洛舍镇兄弟果业,点亮粉丝团,1,1,[等级14],[粉丝团 Lv9]
2026-05-24 21:37:32,3192629862077663,🌈烘干机,点亮粉丝团,1,1,[等级30],[粉丝团 Lv4]
2026-05-24 21:37:33,4339111036719652,偶ᵈᵒᵈᵒ里没糖,粉丝团灯牌,1,1,[等级17],[粉丝团 Lv13]
2026-05-24 21:37:35,3192629862077663,🌈烘干机,点亮粉丝团,1,1,[等级30],[粉丝团 Lv4]
2026-05-24 21:37:41,1673882622495383,眠于风,粉丝团灯牌,1,1,[等级14],[粉丝团 Lv11]
2026-05-24 21:37:46,100888019278,~勇~,人气票,1,1,[等级17],[粉丝团 Lv12]
2026-05-24 21:37:48,1693666748415453,盘锦AE卡诗造型、棟,粉丝团灯牌,1,1,[等级22],[粉丝团 Lv15]
2026-05-24 21:37:49,100888019278,~勇~,人气票,1,1,[等级17],[粉丝团 Lv12]
2026-05-24 21:37:51,100888019278,~勇~,粉丝团灯牌,1,1,[等级17],[粉丝团 Lv12]
2026-05-24 21:37:51,3047465419542996,🔏,粉丝团灯牌,1,1,[等级19],[粉丝团 Lv11]
2026-05-24 21:37:59,66812241618,此爷  非比寻常,粉丝团灯牌,1,1,[等级33],[粉丝团 Lv13]
2026-05-24 21:38:10,103603514886,💞 爱雨💎 27💗 🎬,粉丝团灯牌,1,1,[等级16],[粉丝团 Lv15]
2026-05-24 21:38:10,3210182932314157,脸¹点也不圆,粉丝团灯牌,1,1,[等级16],[粉丝团 Lv10]
2026-05-24 21:38:14,3267381653681741,王先生呀,粉丝团灯牌,1,1,[等级30],[粉丝团 Lv14]
2026-05-24 21:38:30,92813188357,马先生🐲,粉丝团灯牌,1,1,[等级31],[粉丝团 Lv13]
2026-05-24 21:38:36,4135725301247737,酒醉的探戈丶,粉丝团灯牌,1,1,[等级16],[粉丝团 Lv8]
2026-05-24 21:38:39,104341317423,赞,你最好看,1,2,[等级28],[粉丝团 Lv9]
2026-05-24 21:38:42,104341317423,赞,你最好看,1,2,[等级28],[粉丝团 Lv9]
2026-05-24 21:38:43,71015185208,太阳🔥,粉丝团灯牌,1,1,[等级33],[粉丝团 Lv11]
2026-05-24 21:38:45,2878978400989524,温润,粉丝团灯牌,1,1,[等级21],[粉丝团 Lv8]
2026-05-24 21:38:46,87936590277,喵太,粉丝团灯牌,1,1,[等级17],[粉丝团 Lv9]
2026-05-24 21:38:48,97154531635,卖盐的老头儿,点亮粉丝团,1,1,[等级33],[粉丝团 Lv7]
2026-05-24 21:38:51,97154531635,卖盐的老头儿,点亮粉丝团,1,1,[等级33],[粉丝团 Lv7]
2026-05-24 21:38:53,78319275850,W·Feb²²Pis,粉丝团灯牌,1,1,[等级29],[粉丝团 Lv13]
2026-05-24 21:39:06,63218879574,🖍️蜡笔小小小小,粉丝团灯牌,1,1,[等级17],[粉丝团 Lv11]
2026-05-24 21:39:07,78391927756,了,粉丝团灯牌,1,1,[等级20],[粉丝团 Lv11]
2026-05-24 21:39:12,2730824774723992,徐怼怼丶,粉丝团灯牌,1,1,[等级10],[粉丝团 Lv4]
2026-05-24 21:39:20,96751885175,...............,粉丝团灯牌,1,1,[等级38],[粉丝团 Lv11]
2026-05-24 21:39:22,104669483226,相濡♤以沫,粉丝团灯牌,1,1,[等级23],[粉丝团 Lv10]
2026-05-24 21:39:22,97259462728,把你拥卡倒,小心心,1,1,[等级14],[粉丝团 Lv6]
2026-05-24 21:39:25,21295185044,o少放辣椒_,点亮粉丝团,1,1,[等级15],[粉丝团 Lv6]
2026-05-24 21:39:25,97259462728,把你拥卡倒,小心心,1,1,[等级14],[粉丝团 Lv6]
2026-05-24 21:39:28,21295185044,o少放辣椒_,点亮粉丝团,1,1,[等级15],[粉丝团 Lv6]
2026-05-24 21:39:30,105919865136,言,粉丝团灯牌,1,1,[等级30],[粉丝团 Lv12]
2026-05-24 21:39:34,4076585166310596,不吃香菜！！,粉丝团灯牌,1,1,[等级9],[粉丝团 Lv9]
2026-05-24 21:39:47,96140656696,Z....,粉丝团灯牌,1,1,[等级13],[粉丝团 Lv11]
2026-05-24 21:39:52,1148331313071271,😜小阿志😜,你最好看,1,2,[等级25],[粉丝团 Lv12]
2026-05-24 21:39:55,1148331313071271,😜小阿志😜,你最好看,1,2,[等级25],[粉丝团 Lv12]
2026-05-24 21:39:59,50902607171,逍遥客,点亮粉丝团,1,1,[等级30],[粉丝团 Lv10]
2026-05-24 21:40:01,92772104510,乄杺,粉丝团灯牌,1,1,[等级23],[粉丝团 Lv11]
2026-05-24 21:40:01,50902607171,逍遥客,点亮粉丝团,1,1,[等级30],[粉丝团 Lv10]
2026-05-24 21:40:02,50902607171,逍遥客,粉丝团灯牌,1,1,[等级30],[粉丝团 Lv10]
2026-05-24 21:40:05,2453743812747422,舀金,鲜花,1,10,[等级3],
2026-05-24 21:40:08,2453743812747422,舀金,鲜花,1,10,[等级3],
2026-05-24 21:40:18,1961984581439182,困,点亮粉丝团,1,1,[等级10],[粉丝团 Lv10]
2026-05-24 21:40:18,3122211199921576,🐭࿚李木子᭄ꦿ໌ᮨ້࿐,粉丝团灯牌,1,1,[等级24],[粉丝团 Lv11]
2026-05-24 21:40:21,1961984581439182,困,点亮粉丝团,1,1,[等级10],[粉丝团 Lv10]
2026-05-24 21:40:32,83605132977,小露吃,粉丝团灯牌,1,1,[等级23],[粉丝团 Lv11]
2026-05-24 21:40:33,67274410078,s,粉丝团灯牌,1,1,[等级22],[粉丝团 Lv10]
2026-05-24 21:40:43,69615346517,食遇地锅炖官方号,粉丝团灯牌,1,1,[等级21],[粉丝团 Lv8]
2026-05-24 21:41:07,2295368299586551,龙ヤ,粉丝团灯牌,1,1,[等级25],[粉丝团 Lv12]
2026-05-24 21:41:10,109222153325,白薇,粉丝团灯牌,1,1,[等级13],[粉丝团 Lv12]
2026-05-24 21:41:20,109926695547,晏ㄦ,粉丝团灯牌,1,1,[等级26],[粉丝团 Lv4]
2026-05-24 21:41:23,1609035157017716,扶老奶奶闯红灯,粉丝团灯牌,1,1,[等级21],[粉丝团 Lv14]
2026-05-24 21:41:29,1119715292878384,꧅,粉丝团灯牌,1,1,[等级40],[粉丝团 Lv11]
2026-05-24 21:41:31,3444109950333975,SL阿木,粉丝团灯牌,1,1,[等级22],[粉丝团 Lv12]
2026-05-24 21:41:38,3811334388192265,妻,点亮粉丝团,1,1,[等级32],[粉丝团 Lv6]
2026-05-24 21:41:41,3811334388192265,妻,点亮粉丝团,1,1,[等级32],[粉丝团 Lv6]
2026-05-24 21:42:05,103078112240,川E•0830,小心心,1,1,[等级17],[粉丝团 Lv11]
2026-05-24 21:42:07,2756731438,jojo,粉丝团灯牌,1,1,[等级25],[粉丝团 Lv10]
2026-05-24 21:42:08,2263256806988026,分,粉丝团灯牌,1,1,[等级9],[粉丝团 Lv9]
2026-05-24 21:42:09,103078112240,川E•0830,小心心,1,1,[等级17],[粉丝团 Lv11]
2026-05-24 21:42:15,62708502502,20m,点亮粉丝团,1,1,[等级23],[粉丝团 Lv7]
2026-05-24 21:42:17,62708502502,20m,点亮粉丝团,1,1,[等级23],[粉丝团 Lv7]
2026-05-24 21:42:25,63135597695,百万富猫,小心心,1,1,[等级11],[粉丝团 Lv6]
2026-05-24 21:42:28,63135597695,百万富猫,小心心,1,1,[等级11],[粉丝团 Lv6]
2026-05-24 21:42:29,93593538301,🌈是梦不是命丶🐒,点亮粉丝团,1,1,[等级25],[粉丝团 Lv6]
2026-05-24 21:42:33,93593538301,🌈是梦不是命丶🐒,点亮粉丝团,1,1,[等级25],[粉丝团 Lv6]
2026-05-24 21:42:33,95952637385,转角,小心心,1,1,[等级17],
2026-05-24 21:42:34,98190864379,Kun°,为你举牌,1,199,[等级39],[粉丝团:张君雅 Lv17]
2026-05-24 21:42:34,93593538301,🌈是梦不是命丶🐒,粉丝团灯牌,1,1,[等级25],[粉丝团 Lv6]
2026-05-24 21:42:36,93832583639,H,粉丝团灯牌,1,1,[等级21],[粉丝团 Lv9]
2026-05-24 21:42:37,95952637385,转角,小心心,1,1,[等级17],
2026-05-24 21:42:40,71287553288,小蛋卷,粉丝团灯牌,1,1,[等级14],[粉丝团 Lv11]
2026-05-24 21:42:40,82041751442,过客,粉丝团灯牌,1,1,[等级16],[粉丝团 Lv11]
2026-05-24 21:42:41,2519721364162920,白菜,粉丝团灯牌,1,1,[等级21],[粉丝团 Lv12]
2026-05-24 21:42:48,110468979685,🐉⁰⁸.₀₇范℘࿐,粉丝团灯牌,1,1,[等级25],[粉丝团 Lv5]
2026-05-24 21:42:50,54842942123,এ᭄°余生丶请指教ꦿᮁ໊এ᭄゛,点亮粉丝团,1,1,[等级15],[粉丝团 Lv8]
2026-05-24 21:42:52,54842942123,এ᭄°余生丶请指教ꦿᮁ໊এ᭄゛,点亮粉丝团,1,1,[等级15],[粉丝团 Lv8]
2026-05-24 21:42:58,98190864379,Kun°,为你举牌,1,199,[等级39],[粉丝团:张君雅 Lv17]
2026-05-24 21:42:58,103198959449,坣__朲,粉丝团灯牌,1,1,[等级12],[粉丝团 Lv10]
2026-05-24 21:43:06,98190864379,Kun°,为你举牌,1,199,[等级39],[粉丝团:张君雅 Lv17]
2026-05-24 21:43:06,106102143053,陶砚辰,粉丝团灯牌,1,1,[等级29],[粉丝团 Lv6]
2026-05-24 21:43:08,3544468408501456,2025 工具人⁵¹⁰⁷⁴,粉丝团灯牌,1,1,[等级24],[粉丝团 Lv14]
2026-05-24 21:43:08,118337978238452,玖,粉丝团灯牌,1,1,[等级20],[粉丝团 Lv6]
2026-05-24 21:43:15,71803258983,会打拳的峰峰,粉丝团灯牌,1,1,[等级30],[粉丝团 Lv9]
2026-05-24 21:43:20,68353080000,碎月,点亮粉丝团,1,1,[等级6],[粉丝团 Lv10]
2026-05-24 21:43:21,58239026966,人生❗,粉丝团灯牌,1,1,[等级16],[粉丝团 Lv13]
2026-05-24 21:43:22,1257437656002798,某某.,真的爱你,1,520,[等级34],[粉丝团:张君雅 Lv16]
2026-05-24 21:43:23,68353080000,碎月,点亮粉丝团,1,1,[等级6],[粉丝团 Lv10]
2026-05-24 21:43:26,289885472170040,_植语,你最好看,1,2,[等级8],[粉丝团 Lv2]
2026-05-24 21:43:27,100758959307,風尘旅途,粉丝团灯牌,1,1,[等级22],[粉丝团 Lv11]
2026-05-24 21:43:29,289885472170040,_植语,你最好看,1,2,[等级8],[粉丝团 Lv2]
2026-05-24 21:43:31,1257437656002798,某某.,一直陪伴你,1,520,[等级34],[粉丝团:张君雅 Lv16]
2026-05-24 21:43:34,59369346117,@郭  先生,粉丝团灯牌,1,1,[等级12],[粉丝团 Lv8]
2026-05-24 21:43:35,68353080000,碎月,粉丝团灯牌,1,1,[等级6],[粉丝团 Lv10]
2026-05-24 21:43:36,3326502030816890,ohh,粉丝团灯牌,1,1,[等级9],[粉丝团 Lv8]
2026-05-24 21:43:39,96837475970,公子世无双,点亮粉丝团,1,1,[等级25],[粉丝团 Lv10]
2026-05-24 21:43:40,96837475970,公子世无双,粉丝团灯牌,1,1,[等级25],[粉丝团 Lv10]
2026-05-24 21:43:40,96837475970,公子世无双,点亮粉丝团,1,1,[等级25],[粉丝团 Lv10]
2026-05-24 21:43:47,3227772965882303,诀,粉丝团灯牌,1,1,[等级25],[粉丝团 Lv13]
2026-05-24 21:43:49,75459899342,天霸动霸tua,粉丝团灯牌,1,1,[等级18],[粉丝团 Lv10]
2026-05-24 21:43:49,105618365247,满满man,点亮粉丝团,1,9,[等级21],[粉丝团 Lv13]
2026-05-24 21:43:51,4094236746319988,丶苏里苏里,点亮粉丝团,1,1,[等级24],[粉丝团 Lv10]
2026-05-24 21:43:51,105618365247,满满man,粉丝团灯牌,1,1,[等级21],[粉丝团 Lv13]
2026-05-24 21:43:52,105618365247,满满man,点亮粉丝团,1,9,[等级21],[粉丝团 Lv13]
2026-05-24 21:43:53,99259731514,LK,入团卡,1,1,[等级12],
2026-05-24 21:43:54,4094236746319988,丶苏里苏里,点亮粉丝团,1,1,[等级24],[粉丝团 Lv10]
2026-05-24 21:43:54,4094236746319988,丶苏里苏里,粉丝团灯牌,1,1,[等级24],[粉丝团 Lv10]
2026-05-24 21:43:55,99259731514,LK,入团卡,1,1,[等级12],
2026-05-24 21:43:57,81922832250,心之所向 (-^〇^-),粉丝团灯牌,1,1,[等级12],[粉丝团 Lv11]
2026-05-24 21:44:01,58654724749,L·May·06·Taurus♉,小心心,1,1,[等级18],[粉丝团 Lv8]
2026-05-24 21:44:03,100089886593,闯,粉丝团灯牌,1,1,[等级21],[粉丝团 Lv11]
2026-05-24 21:44:03,99259731514,LK,粉丝团灯牌,1,1,[等级12],[粉丝团 Lv1]
2026-05-24 21:44:04,58654724749,L·May·06·Taurus♉,小心心,1,1,[等级18],[粉丝团 Lv8]
2026-05-24 21:44:06,2682438364443575,静静,粉丝团灯牌,1,1,[等级37],[粉丝团 Lv10]
2026-05-24 21:44:08,1748651578754427,冲啊,粉丝团灯牌,1,1,[等级21],[粉丝团 Lv9]
2026-05-24 21:44:13,2678055717838701,歪歪⁵¹⁰⁷⁴,粉丝团灯牌,1,1,[等级23],[粉丝团 Lv15]
2026-05-24 21:44:16,1748651578754427,冲啊,为你闪耀,1,9,[等级21],[粉丝团 Lv9]
2026-05-24 21:44:19,1748651578754427,冲啊,为你闪耀,1,9,[等级21],[粉丝团 Lv9]
2026-05-24 21:44:30,3214596727637228,王某人✔,粉丝团灯牌,1,1,[等级31],[粉丝团 Lv12]
2026-05-24 21:44:30,14902971556,一人轻风,粉丝团灯牌,1,1,[等级18],[粉丝团 Lv4]
2026-05-24 21:44:32,102033672794,睡不饱☠,粉丝团灯牌,1,1,[等级15],[粉丝团 Lv11]
2026-05-24 21:44:40,63740832403,海娟🔅,粉丝团灯牌,1,1,[等级8],[粉丝团 Lv6]
2026-05-24 21:44:40,179941231041719,我姓曾,点亮粉丝团,1,1,[等级3],[粉丝团 Lv6]
2026-05-24 21:44:43,179941231041719,我姓曾,点亮粉丝团,1,1,[等级3],[粉丝团 Lv6]
2026-05-24 21:44:43,1151882107823031,浪尖,点亮粉丝团,1,1,[等级23],[粉丝团 Lv10]
2026-05-24 21:44:45,60730310307,2.12,入团卡,1,1,[等级19],
2026-05-24 21:44:46,1151882107823031,浪尖,点亮粉丝团,1,1,[等级23],[粉丝团 Lv10]
2026-05-24 21:44:46,71652404669,R,点亮粉丝团,1,1,[等级21],[粉丝团 Lv9]
2026-05-24 21:44:47,3390485017143048,玉潇不是韩,粉丝团灯牌,1,1,[等级18],[粉丝团 Lv8]
2026-05-24 21:44:48,3087040283686872,衡阳秒卖房小王,粉丝团灯牌,1,1,[等级9],[粉丝团 Lv8]
2026-05-24 21:44:48,60730310307,2.12,入团卡,1,1,[等级19],
2026-05-24 21:44:49,98460975967,ەㅤㅤㅤㅤㅤㅤㅤㅤㅤ一个蛋🥚 ㅤㅤㅤㅤ,点亮粉丝团,1,1,[等级34],[粉丝团 Lv10]
2026-05-24 21:44:49,71652404669,R,点亮粉丝团,1,1,[等级21],[粉丝团 Lv9]
2026-05-24 21:44:51,110215772870,南方有嘉人,粉丝团灯牌,1,1,[等级16],[粉丝团 Lv10]
2026-05-24 21:44:51,927619655679060,用户117802401212,小心心,1,1,[等级16],
2026-05-24 21:44:52,98460975967,ەㅤㅤㅤㅤㅤㅤㅤㅤㅤ一个蛋🥚 ㅤㅤㅤㅤ,点亮粉丝团,1,1,[等级34],[粉丝团 Lv10]
2026-05-24 21:44:53,83555844711,S 󰠇,人气票,1,1,[等级11],
2026-05-24 21:44:54,927619655679060,用户117802401212,小心心,1,1,[等级16],
2026-05-24 21:44:55,98190864379,Kun°,为你举牌,1,199,[等级39],[粉丝团:张君雅 Lv17]
2026-05-24 21:44:55,97844426153,💕陈陈,点亮粉丝团,1,1,[等级12],[粉丝团 Lv8]
2026-05-24 21:44:55,83555844711,S 󰠇,人气票,1,1,[等级11],
2026-05-24 21:44:56,96701139432,林渡,粉丝团灯牌,1,1,[等级13],[粉丝团 Lv13]
2026-05-24 21:44:56,1124134650386937,季星辞¹ˢᵗ,粉丝团灯牌,1,1,[等级1],[粉丝团 Lv2]
2026-05-24 21:44:58,96882192795,楚门,粉丝团灯牌,1,1,[等级10],[粉丝团 Lv5]
2026-05-24 21:44:59,103959715954,劉，,粉丝团灯牌,1,1,[等级18],[粉丝团 Lv11]
2026-05-24 21:44:59,97844426153,💕陈陈,点亮粉丝团,1,1,[等级12],[粉丝团 Lv8]
2026-05-24 21:45:07,93063953591,酸田辣闲(´ε｀),点亮粉丝团,1,1,[等级11],[粉丝团 Lv5]
2026-05-24 21:45:07,99726378843,╰ 风替我忘了﹉,小心心,1,1,[等级16],[粉丝团 Lv5]
2026-05-24 21:45:10,99935484086,小口吃肉,粉丝团灯牌,1,1,[等级21],[粉丝团 Lv11]
2026-05-24 21:45:10,105384633242,👑做手机钢化膜,点亮粉丝团,1,1,[等级22],[粉丝团 Lv5]
2026-05-24 21:45:10,93063953591,酸田辣闲(´ε｀),点亮粉丝团,1,1,[等级11],[粉丝团 Lv5]
2026-05-24 21:45:10,93063953591,酸田辣闲(´ε｀),粉丝团灯牌,1,1,[等级11],[粉丝团 Lv5]
2026-05-24 21:45:10,100444965631,ㅤㅤㅤㅤ ㅤ ㅤ ㅤ,点亮粉丝团,1,1,[等级14],[粉丝团 Lv8]
2026-05-24 21:45:10,99726378843,╰ 风替我忘了﹉,小心心,1,1,[等级16],[粉丝团 Lv5]
2026-05-24 21:45:12,105384633242,👑做手机钢化膜,点亮粉丝团,1,1,[等级22],[粉丝团 Lv5]
2026-05-24 21:45:13,100444965631,ㅤㅤㅤㅤ ㅤ ㅤ ㅤ,点亮粉丝团,1,1,[等级14],[粉丝团 Lv8]
2026-05-24 21:45:14,641764584860397,沉伦,小心心,1,1,[等级14],[粉丝团 Lv10]
2026-05-24 21:45:14,97785933918,友谊散尽了,粉丝团灯牌,1,1,[等级15],[粉丝团 Lv9]
2026-05-24 21:45:14,105384633242,👑做手机钢化膜,粉丝团灯牌,1,1,[等级22],[粉丝团 Lv5]
2026-05-24 21:45:17,641764584860397,沉伦,小心心,1,1,[等级14],[粉丝团 Lv10]
2026-05-24 21:45:20,3210226508237223,潮汐.,点亮粉丝团,1,9,[等级42],[粉丝团 Lv14]
2026-05-24 21:45:22,2861401764277748,马到成功女士,粉丝团灯牌,1,1,[等级21],[粉丝团 Lv7]
2026-05-24 21:45:22,3210226508237223,潮汐.,点亮粉丝团,1,9,[等级42],[粉丝团 Lv14]
2026-05-24 21:45:24,103977263962,biu๑҉,粉丝团灯牌,1,1,[等级21],[粉丝团 Lv11]
2026-05-24 21:45:24,3210226508237223,潮汐.,粉丝团灯牌,1,1,[等级42],[粉丝团 Lv14]
2026-05-24 21:45:25,101131053423,明心,粉丝团灯牌,1,1,[等级20],[粉丝团 Lv4]
2026-05-24 21:45:25,101163036007,Mir摆,粉丝团灯牌,1,1,[等级15],[粉丝团 Lv10]
2026-05-24 21:45:27,71022490868,念梦,点亮粉丝团,1,1,[等级17],[粉丝团 Lv10]
2026-05-24 21:45:30,63802242756,🕊💞ღ何᭄颜ꦿ꯭悦ꦿ色᭄,点亮粉丝团,1,1,[等级15],[粉丝团 Lv7]
2026-05-24 21:45:30,71022490868,念梦,点亮粉丝团,1,1,[等级17],[粉丝团 Lv10]
2026-05-24 21:45:31,93350879597,我呼吸了？,粉丝团灯牌,1,1,[等级7],[粉丝团 Lv10]
2026-05-24 21:45:33,63802242756,🕊💞ღ何᭄颜ꦿ꯭悦ꦿ色᭄,点亮粉丝团,1,1,[等级15],[粉丝团 Lv7]
2026-05-24 21:45:35,679968429588307,怡宝,粉丝团灯牌,1,1,[等级33],[粉丝团 Lv11]
2026-05-24 21:45:35,51673298646,果,点亮粉丝团,1,1,[等级16],[粉丝团 Lv6]
2026-05-24 21:45:35,99432360575,柠檬不萌🍋,点亮粉丝团,1,1,[等级15],[粉丝团 Lv6]
2026-05-24 21:45:36,67431823039,时光薄凉~,为你闪耀,1,9,[等级14],[粉丝团 Lv5]
2026-05-24 21:45:38,62787028370,一     （🐒）,粉丝团灯牌,1,1,[等级14],[粉丝团 Lv6]
2026-05-24 21:45:39,51673298646,果,点亮粉丝团,1,1,[等级16],[粉丝团 Lv6]
2026-05-24 21:45:39,99432360575,柠檬不萌🍋,点亮粉丝团,1,1,[等级15],[粉丝团 Lv6]
2026-05-24 21:45:39,67431823039,时光薄凉~,为你闪耀,1,9,[等级14],[粉丝团 Lv5]
2026-05-24 21:45:41,85423783624,奶酪麻麻🍰,点亮粉丝团,1,9,[等级11],[粉丝团 Lv11]
2026-05-24 21:45:41,51673298646,果,粉丝团灯牌,1,1,[等级16],[粉丝团 Lv6]
2026-05-24 21:45:43,78069052631,恒泰智能窗控系统,人气票,1,1,[等级49],[粉丝团 Lv1]
2026-05-24 21:45:44,85423783624,奶酪麻麻🍰,点亮粉丝团,1,9,[等级11],[粉丝团 Lv11]
2026-05-24 21:45:44,3811334388192265,妻,粉丝团灯牌,1,1,[等级32],[粉丝团 Lv6]
2026-05-24 21:45:45,85423783624,奶酪麻麻🍰,粉丝团灯牌,1,1,[等级11],[粉丝团 Lv11]
2026-05-24 21:45:46,78069052631,恒泰智能窗控系统,人气票,1,1,[等级49],[粉丝团 Lv1]
2026-05-24 21:45:47,59191785508,明正地产潘潘--,粉丝团灯牌,1,1,[等级12],[粉丝团 Lv10]
2026-05-24 21:45:53,2298404063154804,一键定乾坤,粉丝团灯牌,1,1,[等级25],[粉丝团 Lv15]
2026-05-24 21:45:54,2870198053640221,青柠.,人气票,1,1,[等级3],[粉丝团 Lv2]
2026-05-24 21:45:57,2870198053640221,青柠.,人气票,1,1,[等级3],[粉丝团 Lv2]
2026-05-24 21:45:57,2870198053640221,青柠.,小心心,1,1,[等级4],[粉丝团 Lv2]
2026-05-24 21:46:00,2870198053640221,青柠.,小心心,1,1,[等级4],[粉丝团 Lv2]
2026-05-24 21:46:06,2805552578822824,朝哥,点亮粉丝团,1,1,[等级41],[粉丝团 Lv10]
2026-05-24 21:46:07,2025758949121115,对方是你前男友,点亮粉丝团,1,1,[等级32],[粉丝团 Lv4]
2026-05-24 21:46:07,108178461472,霞涌€吴彦祖%,粉丝团灯牌,1,1,[等级17],[粉丝团 Lv11]
2026-05-24 21:46:09,2805552578822824,朝哥,点亮粉丝团,1,1,[等级41],[粉丝团 Lv10]
2026-05-24 21:46:10,2025758949121115,对方是你前男友,点亮粉丝团,1,1,[等级32],[粉丝团 Lv4]
2026-05-24 21:46:16,54517540713,男人难,粉丝团灯牌,1,1,[等级21],[粉丝团 Lv11]
2026-05-24 21:46:25,51894791053,一走一过⁸ºº⁸,点亮粉丝团,1,9,[等级19],[粉丝团 Lv15]
2026-05-24 21:46:28,51894791053,一走一过⁸ºº⁸,点亮粉丝团,1,9,[等级19],[粉丝团 Lv15]
2026-05-24 21:46:31,51894791053,一走一过⁸ºº⁸,粉丝团灯牌,1,1,[等级19],[粉丝团 Lv15]
2026-05-24 21:46:34,109719903788,秋硕宁,粉丝团灯牌,1,1,[等级15],[粉丝团 Lv10]
2026-05-24 21:46:44,79107469674,故人不旧,粉丝团灯牌,1,1,[等级17],[粉丝团 Lv10]
2026-05-24 21:46:44,3945485727971422,子墨,粉丝团灯牌,1,1,[等级16],[粉丝团 Lv10]
2026-05-24 21:46:44,75920899542,岩宝,点亮粉丝团,1,9,[等级24],[粉丝团 Lv12]
2026-05-24 21:46:46,98410779577,合肥韩哥,粉丝团灯牌,1,1,[等级17],[粉丝团 Lv9]
2026-05-24 21:46:46,75920899542,岩宝,粉丝团灯牌,1,1,[等级24],[粉丝团 Lv12]
2026-05-24 21:46:46,75920899542,岩宝,点亮粉丝团,1,9,[等级24],[粉丝团 Lv12]
2026-05-24 21:46:47,61645649974,一粒尘埃,粉丝团灯牌,1,1,[等级18],[粉丝团 Lv12]
2026-05-24 21:46:47,92794579428,禾城，冰爷,粉丝团灯牌,1,1,[等级19],[粉丝团 Lv10]
2026-05-24 21:46:57,99655017947,Ooo🐟,粉丝团灯牌,1,1,[等级21],[粉丝团 Lv11]
2026-05-24 21:47:02,82716536267,把你画在足球上，一脚一脚踢死你,点亮粉丝团,1,9,[等级15],[粉丝团 Lv11]
2026-05-24 21:47:03,99698354564,郑嘉,粉丝团灯牌,1,1,[等级12],[粉丝团 Lv9]
2026-05-24 21:47:04,97820022728,R.,点亮粉丝团,1,1,[等级34],[粉丝团 Lv10]
2026-05-24 21:47:05,2373212455052282,红尘璃月情百味,点亮粉丝团,1,1,[等级5],[粉丝团 Lv10]
2026-05-24 21:47:05,1134322067977549,嗯哼😏,大啤酒,1,2,[等级24],[粉丝团 Lv12]
2026-05-24 21:47:06,82716536267,把你画在足球上，一脚一脚踢死你,点亮粉丝团,1,9,[等级15],[粉丝团 Lv11]
2026-05-24 21:47:06,104510856570,微雨燕双飞,小心心,1,1,[等级14],
2026-05-24 21:47:06,97820022728,R.,点亮粉丝团,1,1,[等级34],[粉丝团 Lv10]
2026-05-24 21:47:07,61824930821,Luo-182yr,粉丝团灯牌,1,1,[等级13],[粉丝团 Lv11]
2026-05-24 21:47:07,2373212455052282,红尘璃月情百味,点亮粉丝团,1,1,[等级5],[粉丝团 Lv10]
2026-05-24 21:47:08,1134322067977549,嗯哼😏,大啤酒,1,2,[等级24],[粉丝团 Lv12]
2026-05-24 21:47:08,82716536267,把你画在足球上，一脚一脚踢死你,粉丝团灯牌,1,1,[等级15],[粉丝团 Lv11]
2026-05-24 21:47:09,104510856570,微雨燕双飞,小心心,1,1,[等级14],
2026-05-24 21:47:10,92818146120,孙大圣,点亮粉丝团,1,1,[等级22],[粉丝团 Lv4]
2026-05-24 21:47:11,1526536408676055,曲宗,点亮粉丝团,1,1,[等级22],[粉丝团 Lv7]
2026-05-24 21:47:13,92818146120,孙大圣,点亮粉丝团,1,1,[等级22],[粉丝团 Lv4]
2026-05-24 21:47:14,92818146120,孙大圣,粉丝团灯牌,1,1,[等级22],[粉丝团 Lv4]
2026-05-24 21:47:14,1526536408676055,曲宗,点亮粉丝团,1,1,[等级22],[粉丝团 Lv7]
2026-05-24 21:47:15,70333618150,ぃ.L,粉丝团灯牌,1,1,[等级29],[粉丝团 Lv9]
2026-05-24 21:47:16,108731265336,_,粉丝团灯牌,1,1,[等级26],[粉丝团 Lv4]
2026-05-24 21:47:17,97780583280,可笑,粉丝团灯牌,1,1,[等级16],[粉丝团 Lv11]
2026-05-24 21:47:18,106524767728,💞ღ.醉ꦿ逍遥⁵²º᭄এ,粉丝团灯牌,1,1,[等级24],[粉丝团 Lv11]
2026-05-24 21:47:20,1297021402880267,轻言ᥫᩣ,粉丝团灯牌,1,1,[等级15],[粉丝团 Lv12]
2026-05-24 21:47:22,276720628538782,李涵伊,粉丝团灯牌,1,1,[等级15],[粉丝团 Lv5]
2026-05-24 21:47:23,51894791053,一走一过⁸ºº⁸,鲜花,1,10,[等级19],[粉丝团 Lv15]
2026-05-24 21:47:24,70092731232,Anywn,粉丝团灯牌,1,1,[等级12],[粉丝团 Lv11]
2026-05-24 21:47:26,51894791053,一走一过⁸ºº⁸,鲜花,1,10,[等级19],[粉丝团 Lv15]
2026-05-24 21:47:27,2151123774615806,々,粉丝团灯牌,1,1,[等级25],[粉丝团 Lv10]
2026-05-24 21:47:27,255567350738958,情执,粉丝团灯牌,1,1,[等级30],[粉丝团 Lv8]
2026-05-24 21:47:28,2025758949121115,对方是你前男友,粉丝团灯牌,1,1,[等级32],[粉丝团 Lv4]
2026-05-24 21:47:28,62041331094,豆沙沙豆沙,点亮粉丝团,1,1,[等级16],[粉丝团 Lv6]
2026-05-24 21:47:31,62041331094,豆沙沙豆沙,点亮粉丝团,1,1,[等级16],[粉丝团 Lv6]
2026-05-24 21:47:34,1631286881694795,孤独豆包,粉丝团灯牌,1,1,[等级18],[粉丝团 Lv11]
2026-05-24 21:47:40,605181622112132,⊙▽⊙,小心心,1,1,[等级8],[粉丝团 Lv4]
2026-05-24 21:47:44,605181622112132,⊙▽⊙,小心心,1,1,[等级8],[粉丝团 Lv4]
2026-05-24 21:47:58,84864080263,不甘平凡,点亮粉丝团,1,1,[等级25],[粉丝团 Lv6]
2026-05-24 21:48:00,104497686428,迷茫,粉丝团灯牌,1,1,[等级9],[粉丝团 Lv7]
2026-05-24 21:48:01,84864080263,不甘平凡,点亮粉丝团,1,1,[等级25],[粉丝团 Lv6]
2026-05-24 21:48:05,3676420049740316,挽星,粉丝团灯牌,1,1,[等级15],[粉丝团 Lv10]
2026-05-24 21:48:09,76095418788,③分清醒⑦分醉,粉丝团灯牌,1,1,[等级13],[粉丝团 Lv11]
2026-05-24 21:48:09,3813582485333764,远游,粉丝团灯牌,1,1,[等级29],[粉丝团 Lv12]
2026-05-24 21:48:11,64275065751,红苹果ʲᵒᵏᵉʳ⁷¹⁷,粉丝团灯牌,1,1,[等级12],[粉丝团 Lv6]
2026-05-24 21:48:12,54545733074,@怪咖国王范,点亮粉丝团,1,1,[等级23],[粉丝团 Lv8]
2026-05-24 21:48:15,54545733074,@怪咖国王范,点亮粉丝团,1,1,[等级23],[粉丝团 Lv8]
2026-05-24 21:48:18,95064036296,乐1  Li,粉丝团灯牌,1,1,[等级14],[粉丝团 Lv8]
2026-05-24 21:48:20,54545733074,@怪咖国王范,粉丝团灯牌,1,1,[等级23],[粉丝团 Lv8]
2026-05-24 21:48:20,1148338442878520,念.,棒棒糖,1,9,[等级14],[粉丝团 Lv1]
2026-05-24 21:48:22,80316183797,喝华仔的可乐,粉丝团灯牌,1,1,[等级14],[粉丝团 Lv12]
2026-05-24 21:48:23,1148338442878520,念.,棒棒糖,1,9,[等级14],[粉丝团 Lv1]
2026-05-24 21:48:25,93857922256,马哥,粉丝团灯牌,1,1,[等级18],[粉丝团 Lv15]
2026-05-24 21:48:27,77557527972,🍀,粉丝团灯牌,1,1,[等级18],[粉丝团 Lv6]
2026-05-24 21:48:28,78235741607,杰哥很坏,点亮粉丝团,1,1,[等级17],[粉丝团 Lv9]
2026-05-24 21:48:28,1139507355196032,炒米粉,粉丝团灯牌,1,1,[等级12],[粉丝团 Lv9]
2026-05-24 21:48:29,3526852338516605,四月桥间月,粉丝团灯牌,1,1,[等级18],[粉丝团 Lv12]
2026-05-24 21:48:30,78235741607,杰哥很坏,点亮粉丝团,1,1,[等级17],[粉丝团 Lv9]
2026-05-24 21:48:32,2471356545901140,🌈祈蝶星,点亮粉丝团,1,1,[等级10],[粉丝团 Lv6]
2026-05-24 21:48:32,105195138764,冬陌,点亮粉丝团,1,1,[等级20],[粉丝团 Lv10]
2026-05-24 21:48:35,2471356545901140,🌈祈蝶星,点亮粉丝团,1,1,[等级10],[粉丝团 Lv6]
2026-05-24 21:48:35,105195138764,冬陌,点亮粉丝团,1,1,[等级20],[粉丝团 Lv10]
2026-05-24 21:48:36,93579132992,⁹⁸,点亮粉丝团,1,1,[等级17],[粉丝团 Lv10]
2026-05-24 21:48:36,97103831835,笑红尘🦢,你最好看,1,2,[等级28],[粉丝团 Lv10]
2026-05-24 21:48:38,2692025729460848,L·,粉丝团灯牌,1,1,[等级13],[粉丝团 Lv11]
2026-05-24 21:48:39,101583720319,ৡ世豪,点亮粉丝团,1,1,[等级35],[粉丝团 Lv9]
2026-05-24 21:48:39,93579132992,⁹⁸,粉丝团灯牌,1,1,[等级17],[粉丝团 Lv10]
2026-05-24 21:48:39,93579132992,⁹⁸,点亮粉丝团,1,1,[等级17],[粉丝团 Lv10]
2026-05-24 21:48:39,105195138764,冬陌,粉丝团灯牌,1,1,[等级20],[粉丝团 Lv10]
2026-05-24 21:48:39,97103831835,笑红尘🦢,你最好看,1,2,[等级28],[粉丝团 Lv10]
2026-05-24 21:48:41,101583720319,ৡ世豪,粉丝团灯牌,1,1,[等级35],[粉丝团 Lv9]
2026-05-24 21:48:41,101583720319,ৡ世豪,点亮粉丝团,1,1,[等级35],[粉丝团 Lv9]
2026-05-24 21:48:44,64857821169,💥💥三哥💫,点亮粉丝团,1,1,[等级7],[粉丝团 Lv3]
2026-05-24 21:48:47,95582176228,阿伟,人气票,1,1,[等级11],
2026-05-24 21:48:48,64857821169,💥💥三哥💫,点亮粉丝团,1,1,[等级7],[粉丝团 Lv3]
2026-05-24 21:48:50,95582176228,阿伟,人气票,1,1,[等级11],
2026-05-24 21:48:59,3795967051044656,小秋学校（新景）,粉丝团灯牌,1,1,[等级25],[粉丝团 Lv8]
2026-05-24 21:48:59,80751080840,ZHANG YU丶,粉丝团灯牌,1,1,[等级30],[粉丝团 Lv11]
2026-05-24 21:49:15,81780019756,用星渲染夜得伤,粉丝团灯牌,1,1,[等级24],[粉丝团 Lv10]
2026-05-24 21:49:20,95875301798,😝😄,点亮粉丝团,1,1,[等级28],[粉丝团 Lv10]
2026-05-24 21:49:21,88488074698,夏雨夜,点亮粉丝团,1,1,[等级17],[粉丝团 Lv10]
2026-05-24 21:49:22,98134846647,🌈＊驸马爷≯,粉丝团灯牌,1,1,[等级19],[粉丝团 Lv11]
2026-05-24 21:49:22,88488074698,夏雨夜,粉丝团灯牌,1,1,[等级17],[粉丝团 Lv10]
2026-05-24 21:49:22,88488074698,夏雨夜,点亮粉丝团,1,1,[等级17],[粉丝团 Lv10]
2026-05-24 21:49:23,95875301798,😝😄,点亮粉丝团,1,1,[等级28],[粉丝团 Lv10]
2026-05-24 21:49:23,98127397229,Luckyovoy,点亮粉丝团,1,1,[等级18],[粉丝团 Lv8]
2026-05-24 21:49:26,98127397229,Luckyovoy,点亮粉丝团,1,1,[等级18],[粉丝团 Lv8]
2026-05-24 21:49:27,1843217637842535,贾明安,粉丝团灯牌,1,1,[等级14],[粉丝团 Lv8]
2026-05-24 21:49:29,3899307936200384,其实都没有～,点亮粉丝团,1,1,[等级18],[粉丝团 Lv3]
2026-05-24 21:49:30,3899307936200384,其实都没有～,粉丝团灯牌,1,1,[等级18],[粉丝团 Lv3]
2026-05-24 21:49:30,3899307936200384,其实都没有～,点亮粉丝团,1,1,[等级18],[粉丝团 Lv3]
2026-05-24 21:49:39,2053475931787324,拔剑笑红颜,玫瑰,1,1,[等级25],[粉丝团 Lv9]
2026-05-24 21:49:41,2053475931787324,拔剑笑红颜,玫瑰,1,1,[等级25],[粉丝团 Lv9]
2026-05-24 21:49:43,103261781393,谜底,点亮粉丝团,1,1,[等级38],[粉丝团 Lv8]
2026-05-24 21:49:46,96995342407,YY.,粉丝团灯牌,1,1,[等级21],[粉丝团 Lv11]
2026-05-24 21:49:46,103261781393,谜底,点亮粉丝团,1,1,[等级38],[粉丝团 Lv8]
2026-05-24 21:49:48,96328888134,千与千寻,点亮粉丝团,1,1,[等级22],[粉丝团 Lv10]
2026-05-24 21:49:50,662377200355428,彭于晏.,粉丝团灯牌,1,1,[等级11],[粉丝团 Lv12]
2026-05-24 21:49:51,96328888134,千与千寻,粉丝团灯牌,1,1,[等级22],[粉丝团 Lv10]
2026-05-24 21:49:51,96328888134,千与千寻,点亮粉丝团,1,1,[等级22],[粉丝团 Lv10]
2026-05-24 21:49:51,103261781393,谜底,粉丝团灯牌,1,1,[等级38],[粉丝团 Lv8]
2026-05-24 21:49:52,2561180668015204,画心,粉丝团灯牌,1,1,[等级7],[粉丝团 Lv8]
2026-05-24 21:49:52,98127397229,Luckyovoy,粉丝团灯牌,1,1,[等级18],[粉丝团 Lv9]
2026-05-24 21:49:54,101470489750,爱吃巧克力,点亮粉丝团,1,1,[等级19],[粉丝团 Lv10]
2026-05-24 21:49:57,101470489750,爱吃巧克力,点亮粉丝团,1,1,[等级19],[粉丝团 Lv10]
2026-05-24 21:50:02,110293763111,老男孩一枚,人气票,1,1,[等级30],[粉丝团 Lv10]
2026-05-24 21:50:05,110293763111,老男孩一枚,人气票,1,1,[等级30],[粉丝团 Lv10]
2026-05-24 21:50:05,59802139484,丁羽彤,粉丝团灯牌,1,1,[等级25],[粉丝团 Lv12]
2026-05-24 21:50:08,104949047941,蔚蓝海岸,粉丝团灯牌,1,1,[等级34],[粉丝团 Lv11]
2026-05-24 21:50:15,2801175856683659,用户1950868181810,粉丝团灯牌,1,1,[等级7],[粉丝团 Lv5]
2026-05-24 21:50:18,96765459865,伪装╮臫巳,粉丝团灯牌,1,1,[等级13],[粉丝团 Lv10]
2026-05-24 21:50:23,106783755179,冯一朵🌸,点亮粉丝团,1,1,[等级10],[粉丝团 Lv9]
2026-05-24 21:50:23,54843091381,哓醒,粉丝团灯牌,1,1,[等级32],[粉丝团 Lv14]
2026-05-24 21:50:26,106783755179,冯一朵🌸,粉丝团灯牌,1,1,[等级10],[粉丝团 Lv9]
2026-05-24 21:50:26,106783755179,冯一朵🌸,点亮粉丝团,1,1,[等级10],[粉丝团 Lv9]
2026-05-24 21:50:51,549374612740331,夜的第七章,粉丝团灯牌,1,1,[等级29],[粉丝团 Lv8]
2026-05-24 21:50:53,60887449857,🌸一朵小花,点亮粉丝团,1,1,[等级22],[粉丝团 Lv10]
2026-05-24 21:50:55,60887449857,🌸一朵小花,点亮粉丝团,1,1,[等级22],[粉丝团 Lv10]
2026-05-24 21:50:56,108110317409,噗噗-,粉丝团灯牌,1,1,[等级23],[粉丝团 Lv10]
2026-05-24 21:50:58,69838708057,☞澄✰心,粉丝团灯牌,1,1,[等级43],[粉丝团 Lv13]
2026-05-24 21:51:00,103522920123,阿伟,粉丝团灯牌,1,1,[等级20],[粉丝团 Lv13]
2026-05-24 21:51:03,93293716528,你の笑,粉丝团灯牌,1,1,[等级21],[粉丝团 Lv14]
2026-05-24 21:51:10,58754359145,咖啡🐾,小心心,1,1,[等级2],[粉丝团 Lv4]
2026-05-24 21:51:13,58754359145,咖啡🐾,小心心,1,1,[等级2],[粉丝团 Lv4]
2026-05-24 21:51:14,58754359145,咖啡🐾,小心心,1,1,[等级2],[粉丝团 Lv4]
2026-05-24 21:51:16,75929408311,遇  见,点亮粉丝团,1,1,[等级14],[粉丝团 Lv8]
2026-05-24 21:51:17,74311454495,Vveee_,粉丝团灯牌,1,1,[等级11],[粉丝团 Lv10]
2026-05-24 21:51:17,58754359145,咖啡🐾,小心心,1,1,[等级2],[粉丝团 Lv4]
2026-05-24 21:51:19,75929408311,遇  见,点亮粉丝团,1,1,[等级14],[粉丝团 Lv8]
2026-05-24 21:51:22,4454840059561499,思戀漫山海💫,粉丝团灯牌,1,1,[等级26],[粉丝团 Lv11]
2026-05-24 21:51:34,2692025648167063,随缘者，心情好。,粉丝团灯牌,1,1,[等级17],[粉丝团 Lv10]
2026-05-24 21:51:35,71418409421,毛豆花卷儿,粉丝团灯牌,1,1,[等级18],[粉丝团 Lv8]
2026-05-24 21:51:44,48845182732652,1023,粉丝团灯牌,1,1,[等级11],[粉丝团 Lv10]
2026-05-24 21:51:53,61630873366,喬拾叁🐸,粉丝团灯牌,1,1,[等级27],[粉丝团 Lv6]
2026-05-24 21:51:57,94594602146,you❤️,粉丝团灯牌,1,1,[等级34],[粉丝团 Lv8]
2026-05-24 21:51:59,111340264187,大D,点亮粉丝团,1,1,[等级32],[粉丝团 Lv10]
2026-05-24 21:52:01,111340264187,大D,点亮粉丝团,1,1,[等级32],[粉丝团 Lv10]
2026-05-24 21:52:11,74207082846,🫧泡泡,点亮粉丝团,1,1,[等级35],[粉丝团 Lv8]
2026-05-24 21:52:14,74207082846,🫧泡泡,粉丝团灯牌,1,1,[等级35],[粉丝团 Lv8]
2026-05-24 21:52:14,74207082846,🫧泡泡,点亮粉丝团,1,1,[等级35],[粉丝团 Lv8]
2026-05-24 21:52:18,1148338442878520,念.,棒棒糖,1,9,[等级14],[粉丝团 Lv1]
2026-05-24 21:52:19,3804754268405806,夏目,粉丝团灯牌,1,1,[等级8],[粉丝团 Lv10]
2026-05-24 21:52:19,88036376608,🌈感恩的❤️,点亮粉丝团,1,1,[等级15],[粉丝团 Lv10]
2026-05-24 21:52:21,1148338442878520,念.,棒棒糖,1,9,[等级14],[粉丝团 Lv1]
2026-05-24 21:52:22,88036376608,🌈感恩的❤️,点亮粉丝团,1,1,[等级15],[粉丝团 Lv10]
2026-05-24 21:52:24,110189182378,💕₅²⁰傻ઈོ丫头¹ᶟ₁₄,粉丝团灯牌,1,1,[等级30],[粉丝团 Lv12]
2026-05-24 21:52:28,63602977430,追鱲者,小心心,1,1,[等级15],
2026-05-24 21:52:31,63602977430,追鱲者,小心心,1,1,[等级15],
2026-05-24 21:52:41,3301188099647884,༺六月༒归零༻,粉丝团灯牌,1,1,[等级33],[粉丝团 Lv14]
2026-05-24 21:52:42,2541707176186030,一路相随,粉丝团灯牌,1,1,[等级15],[粉丝团 Lv10]
2026-05-24 21:52:59,786899120955054,九十,粉丝团灯牌,1,1,[等级18],[粉丝团 Lv13]
2026-05-24 21:53:02,1913601451885502,京昭雨,粉丝团灯牌,1,1,[等级21],[粉丝团 Lv7]
2026-05-24 21:53:05,111340264187,大D,粉丝团灯牌,1,1,[等级32],[粉丝团 Lv10]
2026-05-24 21:53:23,4084036215518819,五花肉是只猫,点亮粉丝团,1,1,[等级7],[粉丝团 Lv9]
2026-05-24 21:53:25,4084036215518819,五花肉是只猫,点亮粉丝团,1,1,[等级7],[粉丝团 Lv9]
2026-05-24 21:53:44,93001358242,吖嘛跌,粉丝团灯牌,1,1,[等级19],[粉丝团 Lv11]
2026-05-24 21:53:44,1187924492159983,瑶瑶ཽ,粉丝团灯牌,1,1,[等级23],[粉丝团 Lv12]
2026-05-24 21:53:46,88128205797,古德猫宁🍀,粉丝团灯牌,1,1,[等级20],[粉丝团 Lv11]
2026-05-24 21:53:47,1574119493599892,简简  单单,粉丝团灯牌,1,1,[等级15],[粉丝团 Lv11]
2026-05-24 21:53:50,109612207819,鴻,粉丝团灯牌,1,1,[等级31],[粉丝团 Lv6]
2026-05-24 21:54:03,4309719574655645,沉默·,粉丝团灯牌,1,1,[等级20],[粉丝团 Lv9]
2026-05-24 21:54:08,7492827239823213626,诗与远方,粉丝团灯牌,1,1,[等级2],[粉丝团 Lv4]
2026-05-24 21:54:10,2417196860189236,拾光✨,小心心,1,1,[等级16],
2026-05-24 21:54:12,2417196860189236,拾光✨,小心心,1,1,[等级16],
2026-05-24 21:54:18,1920215208171975,欣,为你闪耀,1,9,[等级22],[粉丝团 Lv5]
2026-05-24 21:54:18,106880280722,我行我素,你最好看,1,2,[等级13],[粉丝团 Lv8]
2026-05-24 21:54:22,106880280722,我行我素,你最好看,1,2,[等级13],[粉丝团 Lv8]
2026-05-24 21:54:22,1920215208171975,欣,为你闪耀,1,9,[等级22],[粉丝团 Lv5]
2026-05-24 21:54:26,1525761913136445,🎣去钓鱼吖,点亮粉丝团,1,1,[等级27],[粉丝团 Lv9]
2026-05-24 21:54:29,73095559945,老街孤灯,粉丝团灯牌,1,1,[等级11],[粉丝团 Lv12]
2026-05-24 21:54:29,1525761913136445,🎣去钓鱼吖,点亮粉丝团,1,1,[等级27],[粉丝团 Lv9]
2026-05-24 21:54:32,1889410457548617,偏偏,粉丝团灯牌,1,1,[等级19],[粉丝团 Lv5]
2026-05-24 21:54:33,2797579080044238,隔壁小郑,粉丝团灯牌,1,1,[等级24],[粉丝团 Lv12]
2026-05-24 21:54:34,72936313173,懒毛豆,点亮粉丝团,1,1,[等级12],[粉丝团 Lv6]
2026-05-24 21:54:34,65229672099,H-Mar26-Ari,粉丝团灯牌,1,1,[等级21],[粉丝团 Lv10]
2026-05-24 21:54:35,1920215208171975,欣,为你闪耀,1,9,[等级22],[粉丝团 Lv5]
2026-05-24 21:54:36,3158260309824894,mhygh,点亮粉丝团,1,1,[等级15],[粉丝团 Lv5]
2026-05-24 21:54:36,108025245299,钢结构农村小伙,点亮粉丝团,1,1,[等级18],[粉丝团 Lv8]
2026-05-24 21:54:36,64718097175,瑾艺,粉丝团灯牌,1,1,[等级20],[粉丝团 Lv11]
2026-05-24 21:54:36,98225036564,一叶知秋，，,点亮粉丝团,1,1,[等级23],[粉丝团 Lv10]
2026-05-24 21:54:37,72936313173,懒毛豆,点亮粉丝团,1,1,[等级12],[粉丝团 Lv6]
2026-05-24 21:54:37,67273203216,尐尗,粉丝团灯牌,1,1,[等级14],[粉丝团 Lv5]
2026-05-24 21:54:38,1920215208171975,欣,为你闪耀,1,9,[等级22],[粉丝团 Lv5]
2026-05-24 21:54:38,3158260309824894,mhygh,点亮粉丝团,1,1,[等级15],[粉丝团 Lv5]
2026-05-24 21:54:39,82307896855,保持热爱,粉丝团灯牌,1,1,[等级29],[粉丝团 Lv12]
2026-05-24 21:54:39,108025245299,钢结构农村小伙,点亮粉丝团,1,1,[等级18],[粉丝团 Lv8]
2026-05-24 21:54:39,98225036564,一叶知秋，，,点亮粉丝团,1,1,[等级23],[粉丝团 Lv10]
2026-05-24 21:54:39,108025245299,钢结构农村小伙,粉丝团灯牌,1,1,[等级18],[粉丝团 Lv8]
2026-05-24 21:54:41,62177518251,莹火虫,粉丝团灯牌,1,1,[等级24],[粉丝团 Lv10]
2026-05-24 21:54:45,87993698999,下一站祝我快乐,点亮粉丝团,1,1,[等级13],[粉丝团 Lv10]
2026-05-24 21:54:49,87993698999,下一站祝我快乐,点亮粉丝团,1,1,[等级13],[粉丝团 Lv10]
2026-05-24 21:54:49,87993698999,下一站祝我快乐,粉丝团灯牌,1,1,[等级13],[粉丝团 Lv10]
2026-05-24 21:54:55,1889410457548617,偏偏,为你闪耀,1,9,[等级19],[粉丝团 Lv5]
2026-05-24 21:54:55,98613466301,C.H,粉丝团灯牌,1,1,[等级15],[粉丝团 Lv12]
2026-05-24 21:54:55,72192830642,Shen🌈,粉丝团灯牌,1,1,[等级28],[粉丝团 Lv5]
2026-05-24 21:54:55,4164583015847831,🌈我叫小阿晨吖,粉丝团灯牌,1,1,[等级9],[粉丝团 Lv8]
2026-05-24 21:54:57,63941657918,三两☁️,粉丝团灯牌,1,1,[等级21],[粉丝团 Lv14]
2026-05-24 21:54:58,1889410457548617,偏偏,为你闪耀,1,9,[等级19],[粉丝团 Lv5]
2026-05-24 21:55:01,89868220535,C倪呐,粉丝团灯牌,1,1,[等级34],[粉丝团 Lv7]
2026-05-24 21:55:02,556810961170683,Fff,点亮粉丝团,1,1,[等级2],[粉丝团 Lv4]
2026-05-24 21:55:05,556810961170683,Fff,点亮粉丝团,1,1,[等级2],[粉丝团 Lv4]
2026-05-24 21:55:07,76209200218,牛牛,小心心,1,1,[等级18],
2026-05-24 21:55:08,68707724390,羽,点亮粉丝团,1,1,[等级29],[粉丝团 Lv10]
2026-05-24 21:55:09,83646690359,এ᭄᭄🌹小二丫🌹ృ,粉丝团灯牌,1,1,[等级14],[粉丝团 Lv11]
2026-05-24 21:55:10,76209200218,牛牛,小心心,1,1,[等级18],
2026-05-24 21:55:10,68707724390,羽,粉丝团灯牌,1,1,[等级29],[粉丝团 Lv10]
2026-05-24 21:55:10,61185263286,薯条蘸酱🍟,粉丝团灯牌,1,1,[等级15],[粉丝团 Lv10]
2026-05-24 21:55:11,68707724390,羽,点亮粉丝团,1,1,[等级29],[粉丝团 Lv10]
2026-05-24 21:55:11,2797579080044238,隔壁小郑,为你闪耀,1,9,[等级24],[粉丝团 Lv12]
2026-05-24 21:55:12,96889983884,馒头片儿,点亮粉丝团,1,1,[等级16],[粉丝团 Lv10]
2026-05-24 21:55:13,7515334091669128250,绿野仙踪,点亮粉丝团,1,1,[等级6],[粉丝团 Lv10]
2026-05-24 21:55:14,2797579080044238,隔壁小郑,为你闪耀,1,9,[等级24],[粉丝团 Lv12]
2026-05-24 21:55:14,2581277918892676,堤了个大脑袋,点亮粉丝团,1,1,[等级13],[粉丝团 Lv10]
2026-05-24 21:55:14,96889983884,馒头片儿,点亮粉丝团,1,1,[等级16],[粉丝团 Lv10]
2026-05-24 21:55:16,3527652561917176,张老黑,点亮粉丝团,1,9,[等级15],[粉丝团 Lv12]
2026-05-24 21:55:16,1143092924646958,李二娃,粉丝团灯牌,1,1,[等级14],[粉丝团 Lv15]
2026-05-24 21:55:16,7515334091669128250,绿野仙踪,点亮粉丝团,1,1,[等级6],[粉丝团 Lv10]
2026-05-24 21:55:16,99374308940,拭目以待,粉丝团灯牌,1,1,[等级20],[粉丝团 Lv14]
2026-05-24 21:55:18,2581277918892676,堤了个大脑袋,点亮粉丝团,1,1,[等级13],[粉丝团 Lv10]
2026-05-24 21:55:19,3527652561917176,张老黑,点亮粉丝团,1,9,[等级15],[粉丝团 Lv12]
2026-05-24 21:55:28,105505463310,໑ຼₒ₂₆ღ好运加满⁺¹⁰⁰,粉丝团灯牌,1,1,[等级41],[粉丝团 Lv12]
2026-05-24 21:55:29,95992232061,24k,入团卡,1,1,[等级22],
2026-05-24 21:55:32,95992232061,24k,入团卡,1,1,[等级22],
2026-05-24 21:55:40,605181622112132,⊙▽⊙,小心心,1,1,[等级8],[粉丝团 Lv4]
2026-05-24 21:55:43,605181622112132,⊙▽⊙,小心心,1,1,[等级8],[粉丝团 Lv4]
2026-05-24 21:55:50,101434347518,🙈.,粉丝团灯牌,1,1,[等级14],[粉丝团 Lv11]
2026-05-24 21:55:57,56970270119,凯Sir✨,点亮粉丝团,1,1,[等级12],[粉丝团 Lv9]
2026-05-24 21:55:58,95542564163,阿乐。,粉丝团灯牌,1,1,[等级25],[粉丝团 Lv11]
2026-05-24 21:56:01,56970270119,凯Sir✨,点亮粉丝团,1,1,[等级12],[粉丝团 Lv9]
2026-05-24 21:56:03,109228529653,幸福,小心心,1,1,[等级14],[粉丝团 Lv1]
2026-05-24 21:56:04,3705772094274365,粼粼.,粉丝团灯牌,1,1,[等级10],[粉丝团 Lv6]
2026-05-24 21:56:05,3082657891361863,美娜,人气票,1,1,[等级25],[粉丝团 Lv2]
2026-05-24 21:56:05,109228529653,幸福,小心心,1,1,[等级14],[粉丝团 Lv1]
2026-05-24 21:56:07,74788416286,用户一花一世界,点亮粉丝团,1,1,[等级5],[粉丝团 Lv8]
2026-05-24 21:56:08,3082657891361863,美娜,人气票,1,1,[等级25],[粉丝团 Lv2]
2026-05-24 21:56:09,74788416286,用户一花一世界,点亮粉丝团,1,1,[等级5],[粉丝团 Lv8]
2026-05-24 21:56:12,96566479292,不高兴Cuif/l.,粉丝团灯牌,1,1,[等级10],[粉丝团 Lv11]
2026-05-24 21:56:13,4161000765396044,烤一个番薯,粉丝团灯牌,1,1,[等级35],[粉丝团 Lv6]
2026-05-24 21:56:14,3232155652597587,都梁山舍,点亮粉丝团,1,1,[等级19],[粉丝团 Lv10]
2026-05-24 21:56:16,105990842111,郑在想名,点亮粉丝团,1,1,[等级23],[粉丝团 Lv4]
2026-05-24 21:56:16,3232155652597587,都梁山舍,粉丝团灯牌,1,1,[等级19],[粉丝团 Lv10]
2026-05-24 21:56:16,2884772227983111,阿旭,点亮粉丝团,1,1,[等级8],[粉丝团 Lv6]
2026-05-24 21:56:16,3232155652597587,都梁山舍,点亮粉丝团,1,1,[等级19],[粉丝团 Lv10]
2026-05-24 21:56:18,105990842111,郑在想名,点亮粉丝团,1,1,[等级23],[粉丝团 Lv4]
2026-05-24 21:56:19,2884772227983111,阿旭,点亮粉丝团,1,1,[等级8],[粉丝团 Lv6]
2026-05-24 21:56:20,1148338442878520,念.,棒棒糖,1,9,[等级14],[粉丝团 Lv1]
2026-05-24 21:56:21,92766111149,天空,粉丝团灯牌,1,1,[等级22],[粉丝团 Lv11]
2026-05-24 21:56:23,1148338442878520,念.,棒棒糖,1,9,[等级14],[粉丝团 Lv1]
2026-05-24 21:56:24,83724067872,草莓啵啵^,粉丝团灯牌,1,1,[等级12],[粉丝团 Lv11]
2026-05-24 21:56:26,98365499357,大彻大悟！！！,入团卡,1,1,[等级26],
2026-05-24 21:56:28,4048842869974909,隽  永🫶,点亮粉丝团,1,1,[等级7],[粉丝团 Lv2]
2026-05-24 21:56:29,98365499357,大彻大悟！！！,入团卡,1,1,[等级26],
2026-05-24 21:56:29,761324840948616,。@LLl,点亮粉丝团,1,1,[等级17],[粉丝团 Lv10]
2026-05-24 21:56:31,4048842869974909,隽  永🫶,点亮粉丝团,1,1,[等级7],[粉丝团 Lv2]
2026-05-24 21:56:32,761324840948616,。@LLl,点亮粉丝团,1,1,[等级17],[粉丝团 Lv10]
2026-05-24 21:56:33,98365499357,大彻大悟！！！,粉丝团灯牌,1,1,[等级26],[粉丝团 Lv1]
2026-05-24 21:56:34,4103828891529998,ღ青. 💫,粉丝团灯牌,1,1,[等级14],[粉丝团 Lv10]
2026-05-24 21:56:34,74233273388,心 晴,小心心,1,1,[等级36],
2026-05-24 21:56:38,74233273388,心 晴,小心心,1,1,[等级36],
2026-05-24 21:56:42,59787234343,2/！,点亮粉丝团,1,1,[等级21],[粉丝团 Lv7]
2026-05-24 21:56:43,93285422405,谁在唱歌谣,粉丝团灯牌,1,1,[等级14],[粉丝团 Lv4]
2026-05-24 21:56:45,92716936967,烤肠有点子烫嘴,粉丝团灯牌,1,1,[等级28],[粉丝团 Lv7]
2026-05-24 21:56:45,59787234343,2/！,点亮粉丝团,1,1,[等级21],[粉丝团 Lv7]
2026-05-24 21:56:46,72719811891,海峰呗！,点亮粉丝团,1,1,[等级22],[粉丝团 Lv6]
2026-05-24 21:56:46,3764362393955859,哈喽MOTO,粉丝团灯牌,1,1,[等级46],[粉丝团 Lv13]
2026-05-24 21:56:48,106331047178,叼个棒棒糖拽天下,粉丝团灯牌,1,1,[等级17],[粉丝团 Lv11]
2026-05-24 21:56:48,60610663250,柠檬,入团卡,1,1,[等级9],
2026-05-24 21:56:49,72719811891,海峰呗！,点亮粉丝团,1,1,[等级22],[粉丝团 Lv6]
2026-05-24 21:56:51,60610663250,柠檬,入团卡,1,1,[等级9],
2026-05-24 21:56:53,62857409791,mmmmm,粉丝团灯牌,1,1,[等级11],[粉丝团 Lv11]
2026-05-24 21:56:53,84993203115,大粉儿,点亮粉丝团,1,1,[等级9],[粉丝团 Lv7]
2026-05-24 21:56:55,108677366474,噯爬屾の蝸犇,粉丝团灯牌,1,1,[等级43],[粉丝团 Lv11]
2026-05-24 21:56:55,60608861591,mine,点亮粉丝团,1,1,[等级26],[粉丝团 Lv7]
2026-05-24 21:56:55,60610663250,柠檬,粉丝团灯牌,1,1,[等级9],[粉丝团 Lv1]
2026-05-24 21:56:57,84993203115,大粉儿,点亮粉丝团,1,1,[等级9],[粉丝团 Lv7]
2026-05-24 21:56:57,60608861591,mine,粉丝团灯牌,1,1,[等级26],[粉丝团 Lv7]
2026-05-24 21:56:57,60608861591,mine,点亮粉丝团,1,1,[等级26],[粉丝团 Lv7]
2026-05-24 21:57:04,81816940917,迈克明,比心兔兔,1,299,[等级13],[粉丝团 Lv8]
2026-05-24 21:57:05,72719811891,海峰呗！,粉丝团灯牌,1,1,[等级22],[粉丝团 Lv6]
2026-05-24 21:57:14,111146696863,-柠捻,粉丝团灯牌,1,1,[等级9],[粉丝团 Lv11]
2026-05-24 21:57:15,468822998925113,己所不欲 勿施于人,粉丝团灯牌,1,1,[等级13],[粉丝团 Lv11]
2026-05-24 21:57:15,3457323086914381,柑橘味,粉丝团灯牌,1,1,[等级13],[粉丝团 Lv6]
2026-05-24 21:57:17,201931343013575,Ming.,粉丝团灯牌,1,1,[等级25],[粉丝团 Lv9]
2026-05-24 21:57:23,60689976036,乊扆,粉丝团灯牌,1,1,[等级19],[粉丝团 Lv13]
2026-05-24 21:57:25,902055306988781,绝尘⁴⁵π,粉丝团灯牌,1,1,[等级26],[粉丝团 Lv15]
2026-05-24 21:57:29,3457323086914381,柑橘味,小心心,1,1,[等级13],[粉丝团 Lv6]
2026-05-24 21:57:31,94362511572,遇见0721🌈,粉丝团灯牌,1,1,[等级10],[粉丝团 Lv11]
2026-05-24 21:57:32,3457323086914381,柑橘味,小心心,1,1,[等级13],[粉丝团 Lv6]
2026-05-24 21:57:34,3457323086914381,柑橘味,人气票,1,1,[等级13],[粉丝团 Lv6]
2026-05-24 21:57:37,3457323086914381,柑橘味,人气票,1,1,[等级13],[粉丝团 Lv6]
2026-05-24 21:57:38,1811611958385143,假装,粉丝团灯牌,1,1,[等级18],[粉丝团 Lv12]
2026-05-24 21:57:56,71628500148,ゞ过客╰→,粉丝团灯牌,1,1,[等级14],[粉丝团 Lv6]
2026-05-24 21:57:59,95376124226,明、、,粉丝团灯牌,1,1,[等级17],[粉丝团 Lv10]
2026-05-24 21:58:03,114781675069815,断ღ念ᰔᩚ ⁵¹⁰⁷⁴,大啤酒,1,2,[等级37],[粉丝团 Lv12]
2026-05-24 21:58:06,114781675069815,断ღ念ᰔᩚ ⁵¹⁰⁷⁴,大啤酒,1,2,[等级37],[粉丝团 Lv12]
2026-05-24 21:58:07,105071196736,==,小心心,1,1,[等级13],
2026-05-24 21:58:11,105071196736,==,小心心,1,1,[等级13],
2026-05-24 21:58:19,75474303345,🌈星期五的灰太狼,粉丝团灯牌,1,1,[等级8],[粉丝团 Lv7]
2026-05-24 21:58:25,3368497007564887,...,大啤酒,1,2,[等级15],[粉丝团 Lv5]
2026-05-24 21:58:25,105685248806,雷与灵,你最好看,1,2,[等级14],[粉丝团 Lv10]
2026-05-24 21:58:27,2858360584547902,0077,大啤酒,1,2,[等级18],[粉丝团 Lv10]
2026-05-24 21:58:28,3368497007564887,...,大啤酒,1,2,[等级15],[粉丝团 Lv5]
2026-05-24 21:58:28,105685248806,雷与灵,你最好看,1,2,[等级14],[粉丝团 Lv10]
2026-05-24 21:58:30,2858360584547902,0077,大啤酒,1,2,[等级18],[粉丝团 Lv10]
2026-05-24 21:58:31,99008673952,W初一💯,粉丝团灯牌,1,1,[等级20],[粉丝团 Lv7]
2026-05-24 21:58:37,2189824959195048,蓝色🔵空间,粉丝团灯牌,1,1,[等级12],[粉丝团 Lv10]
2026-05-24 21:58:42,1948803789758286,୧⍤⃝爱 ୧⍤⃝在ˉ⁸⁰⁰⁸,点亮粉丝团,1,9,[等级14],[粉丝团 Lv11]
2026-05-24 21:58:43,140355250177566,🚬Liu࿆ྃ先生࿐,粉丝团灯牌,1,1,[等级16],[粉丝团 Lv12]
2026-05-24 21:58:44,98732645906,hhZ,为你闪耀,1,9,[等级12],[粉丝团 Lv11]
2026-05-24 21:58:45,1948803789758286,୧⍤⃝爱 ୧⍤⃝在ˉ⁸⁰⁰⁸,点亮粉丝团,1,9,[等级14],[粉丝团 Lv11]
2026-05-24 21:58:47,2555730342193710,殇戀丶,粉丝团灯牌,1,1,[等级26],[粉丝团 Lv12]
2026-05-24 21:58:48,98732645906,hhZ,为你闪耀,1,9,[等级12],[粉丝团 Lv11]
2026-05-24 21:58:48,87925062079,紧握双手,粉丝团灯牌,1,1,[等级21],[粉丝团 Lv12]
2026-05-24 21:58:52,9263588320024,@CR,粉丝团灯牌,1,1,[等级13],[粉丝团 Lv11]
2026-05-24 21:59:01,1726673531971549,唱的好听,点亮粉丝团,1,9,[等级23],[粉丝团 Lv13]
2026-05-24 21:59:04,1726673531971549,唱的好听,点亮粉丝团,1,9,[等级23],[粉丝团 Lv13]
2026-05-24 21:59:09,94378262819,陌言🌈,小心心,1,1,[等级9],[粉丝团 Lv1]
2026-05-24 21:59:12,94378262819,陌言🌈,小心心,1,1,[等级9],[粉丝团 Lv1]
2026-05-24 21:59:15,95058682918,风来信,粉丝团灯牌,1,1,[等级19],[粉丝团 Lv13]
2026-05-24 21:59:19,59634619302,魚,小心心,1,1,[等级19],[粉丝团 Lv7]
2026-05-24 21:59:21,59634619302,魚,小心心,1,1,[等级19],[粉丝团 Lv7]
2026-05-24 21:59:28,95467273316,云南李家古茶坊²º²⁶,粉丝团灯牌,1,1,[等级29],[粉丝团 Lv11]
2026-05-24 21:59:29,89964230015,qzuser,粉丝团灯牌,1,1,[等级8],[粉丝团 Lv9]
2026-05-24 21:59:30,4256917594845294,靓仔添,点亮粉丝团,1,1,[等级16],[粉丝团 Lv8]
2026-05-24 21:59:32,4256917594845294,靓仔添,点亮粉丝团,1,1,[等级16],[粉丝团 Lv8]
2026-05-24 21:59:42,298678704408167,得闲饮茶,点亮粉丝团,1,1,[等级19],[粉丝团 Lv8]
2026-05-24 21:59:44,2417196860189236,拾光✨,玫瑰,1,1,[等级16],
2026-05-24 21:59:44,1297865566861966,东云,小心心,1,1,[等级27],[粉丝团 Lv3]
2026-05-24 21:59:45,1297865566861966,东云,小心心,2,2,[等级27],[粉丝团 Lv3]
2026-05-24 21:59:46,1297865566861966,东云,小心心,3,3,[等级27],[粉丝团 Lv3]
2026-05-24 21:59:46,298678704408167,得闲饮茶,点亮粉丝团,1,1,[等级19],[粉丝团 Lv8]
2026-05-24 21:59:46,1297865566861966,东云,小心心,4,4,[等级27],[粉丝团 Lv3]
2026-05-24 21:59:46,2417196860189236,拾光✨,玫瑰,1,1,[等级16],
2026-05-24 21:59:47,1297865566861966,东云,小心心,5,5,[等级27],[粉丝团 Lv3]
2026-05-24 21:59:47,1297865566861966,东云,小心心,6,6,[等级27],[粉丝团 Lv3]
2026-05-24 21:59:50,1297865566861966,东云,小心心,6,6,[等级27],[粉丝团 Lv3]
2026-05-24 21:59:52,92442845877,月下²º²²,点亮粉丝团,1,1,[等级13],[粉丝团 Lv2]
2026-05-24 21:59:52,1297865566861966,东云,人气票,1,1,[等级27],[粉丝团 Lv3]
2026-05-24 21:59:52,2858360584547902,0077,你最好看,1,2,[等级18],[粉丝团 Lv10]
2026-05-24 21:59:52,110107527291,🌚，走，，卒，🌚,点亮粉丝团,1,9,[等级34],[粉丝团 Lv11]
2026-05-24 21:59:54,1297865566861966,东云,人气票,2,2,[等级27],[粉丝团 Lv3]
2026-05-24 21:59:54,1297865566861966,东云,人气票,3,3,[等级27],[粉丝团 Lv3]
2026-05-24 21:59:54,1297865566861966,东云,人气票,4,4,[等级27],[粉丝团 Lv3]
2026-05-24 21:59:55,92442845877,月下²º²²,点亮粉丝团,1,1,[等级13],[粉丝团 Lv2]
2026-05-24 21:59:55,1297865566861966,东云,人气票,6,6,[等级27],[粉丝团 Lv3]
2026-05-24 21:59:56,2858360584547902,0077,你最好看,1,2,[等级18],[粉丝团 Lv10]
2026-05-24 21:59:56,1297865566861966,东云,人气票,7,7,[等级27],[粉丝团 Lv3]
2026-05-24 21:59:56,110107527291,🌚，走，，卒，🌚,点亮粉丝团,1,9,[等级34],[粉丝团 Lv11]
2026-05-24 21:59:56,772310691219482,• 圆形壮士 •,点亮粉丝团,1,1,[等级18],[粉丝团 Lv10]
2026-05-24 21:59:56,298678704408167,得闲饮茶,粉丝团灯牌,1,1,[等级19],[粉丝团 Lv8]
2026-05-24 21:59:57,109977580692,眼角de優傷,粉丝团灯牌,1,1,[等级15],[粉丝团 Lv12]
2026-05-24 21:59:58,1297865566861966,东云,人气票,7,7,[等级27],[粉丝团 Lv3]
2026-05-24 21:59:59,772310691219482,• 圆形壮士 •,点亮粉丝团,1,1,[等级18],[粉丝团 Lv10]
2026-05-24 22:00:00,1697272020077827,楊楊⁵¹⁰⁷⁴,粉丝团灯牌,1,1,[等级19],[粉丝团 Lv14]
2026-05-24 22:00:02,111480308764,锦程,人气票,1,1,[等级31],[粉丝团 Lv15]
2026-05-24 22:00:03,103477467720,奇迹再现,粉丝团灯牌,1,1,[等级18],[粉丝团 Lv10]
2026-05-24 22:00:06,111480308764,锦程,人气票,1,1,[等级31],[粉丝团 Lv15]
2026-05-24 22:00:07,64266222721,ღ᭄ꦿ落幕ヾ,粉丝团灯牌,1,1,[等级16],[粉丝团 Lv12]
2026-05-24 22:00:13,1297865566861966,东云,粉丝团灯牌,1,1,[等级27],[粉丝团 Lv3]
2026-05-24 22:00:18,110107527291,🌚，走，，卒，🌚,粉丝团灯牌,1,1,[等级34],[粉丝团 Lv11]
2026-05-24 22:00:21,1063968767217357,真爱你的云,粉丝团灯牌,1,1,[等级23],[粉丝团 Lv14]
2026-05-24 22:00:22,2919942582444399,望宁念,粉丝团灯牌,1,1,[等级14],[粉丝团 Lv11]
2026-05-24 22:00:23,92453958287,💓乐乐妈💓,粉丝团灯牌,1,1,[等级20],[粉丝团 Lv10]
2026-05-24 22:00:32,64463180721,小梦,小心心,1,1,[等级25],[粉丝团 Lv12]
2026-05-24 22:00:34,103685016371,小扬崽,粉丝团灯牌,1,1,[等级22],[粉丝团 Lv14]
2026-05-24 22:00:34,64463180721,小梦,小心心,2,2,[等级25],[粉丝团 Lv12]
2026-05-24 22:00:37,64463180721,小梦,小心心,2,2,[等级25],[粉丝团 Lv12]
2026-05-24 22:00:41,101250041610,自认与酒同醉,点亮粉丝团,1,9,[等级33],[粉丝团 Lv12]
2026-05-24 22:00:42,101250041610,自认与酒同醉,粉丝团灯牌,1,1,[等级33],[粉丝团 Lv12]
2026-05-24 22:00:42,101250041610,自认与酒同醉,点亮粉丝团,1,9,[等级33],[粉丝团 Lv12]
2026-05-24 22:00:51,62424426996,刘刘大顺,粉丝团灯牌,1,1,[等级31],[粉丝团 Lv12]
2026-05-24 22:00:53,97504334732,一起摇太阳🌞,粉丝团灯牌,1,1,[等级32],[粉丝团 Lv8]
2026-05-24 22:00:54,91646720480,晚安~,点亮粉丝团,1,1,[等级12],[粉丝团 Lv8]
2026-05-24 22:00:55,62678339988,玥兒寶貝,你最好看,1,2,[等级7],[粉丝团 Lv4]
2026-05-24 22:00:56,91646720480,晚安~,点亮粉丝团,1,1,[等级12],[粉丝团 Lv8]
2026-05-24 22:00:56,103544734774,抱你行嗎,粉丝团灯牌,1,1,[等级15],[粉丝团 Lv9]
2026-05-24 22:00:57,91646720480,晚安~,粉丝团灯牌,1,1,[等级12],[粉丝团 Lv8]
2026-05-24 22:00:57,91646720480,晚安~,点亮粉丝团,1,1,[等级12],[粉丝团 Lv8]
2026-05-24 22:00:57,103574064734,风止意难平,点亮粉丝团,1,1,[等级11],[粉丝团 Lv10]
2026-05-24 22:00:58,62678339988,玥兒寶貝,你最好看,1,2,[等级7],[粉丝团 Lv4]
2026-05-24 22:00:58,3289383190669309,其实很简单,点亮粉丝团,1,1,[等级20],[粉丝团 Lv5]
2026-05-24 22:00:59,61460037864,满眼星河皆是你,点亮粉丝团,1,1,[等级16],[粉丝团 Lv10]
2026-05-24 22:01:00,103574064734,风止意难平,点亮粉丝团,1,1,[等级11],[粉丝团 Lv10]
2026-05-24 22:01:02,3289383190669309,其实很简单,点亮粉丝团,1,1,[等级20],[粉丝团 Lv5]
2026-05-24 22:01:02,61460037864,满眼星河皆是你,点亮粉丝团,1,1,[等级16],[粉丝团 Lv10]
2026-05-24 22:01:04,95028048872,Mr.楊,点亮粉丝团,1,9,[等级11],[粉丝团 Lv11]
2026-05-24 22:01:08,95028048872,Mr.楊,点亮粉丝团,1,9,[等级11],[粉丝团 Lv11]
2026-05-24 22:01:08,60570686942,遇见。,粉丝团灯牌,1,1,[等级17],[粉丝团 Lv12]
2026-05-24 22:01:28,59301008111,丶尽欢,粉丝团灯牌,1,1,[等级12],[粉丝团 Lv12]
2026-05-24 22:01:30,109072268441,嗨 Siri,点亮粉丝团,1,1,[等级15],[粉丝团 Lv10]
2026-05-24 22:01:33,109072268441,嗨 Siri,点亮粉丝团,1,1,[等级15],[粉丝团 Lv10]
2026-05-24 22:01:42,7417464721140515897,+,粉丝团灯牌,1,1,[等级16],[粉丝团 Lv10]
2026-05-24 22:01:44,65576999861928,阿树🌲,点亮粉丝团,1,1,[等级13],[粉丝团 Lv6]
2026-05-24 22:01:47,65576999861928,阿树🌲,点亮粉丝团,1,1,[等级13],[粉丝团 Lv6]
2026-05-24 22:01:50,1091156443138616,嗝～,粉丝团灯牌,1,1,[等级14],[粉丝团 Lv7]
2026-05-24 22:01:51,109233648025,澄境管家（家政服务）,粉丝团灯牌,1,1,[等级26],[粉丝团 Lv12]
2026-05-24 22:02:02,95309800374,BECA  SE,粉丝团灯牌,1,1,[等级26],[粉丝团 Lv6]
2026-05-24 22:02:03,2581300620829460,墙角的懒猫儿,粉丝团灯牌,1,1,[等级32],[粉丝团 Lv10]
2026-05-24 22:02:04,100928282535,糖果LS,小心心,1,1,[等级21],[粉丝团 Lv10]
2026-05-24 22:02:05,602975623455420,এ濃煙໌ᮨ🚬伴烈酒🍶དྷ༗࿐,粉丝团灯牌,1,1,[等级21],[粉丝团 Lv11]
2026-05-24 22:02:07,100928282535,糖果LS,小心心,1,1,[等级21],[粉丝团 Lv10]
2026-05-24 22:02:08,7513259938203501628,快八吴彦祖,人气票,1,1,[等级8],[粉丝团 Lv2]
2026-05-24 22:02:08,88418967836,so,点亮粉丝团,1,1,[等级29],[粉丝团 Lv7]
2026-05-24 22:02:10,2395184081945055,忙里偷闲⁵¹⁰⁷⁴,粉丝团灯牌,1,1,[等级29],[粉丝团 Lv15]
2026-05-24 22:02:10,3922651247818760,世龙啊,粉丝团灯牌,1,1,[等级8],[粉丝团 Lv2]
2026-05-24 22:02:10,7513259938203501628,快八吴彦祖,人气票,1,1,[等级8],[粉丝团 Lv2]
2026-05-24 22:02:10,61044403842,蘇,粉丝团灯牌,1,1,[等级24],[粉丝团 Lv13]
2026-05-24 22:02:11,88418967836,so,点亮粉丝团,1,1,[等级29],[粉丝团 Lv7]
2026-05-24 22:02:15,7513259938203501628,快八吴彦祖,点亮粉丝团,1,1,[等级8],[粉丝团 Lv2]
2026-05-24 22:02:15,4393253428014184,折泪花ゞ徒剩酒²⁰²⁶,加油鸭,1,15,[等级19],[粉丝团 Lv9]
2026-05-24 22:02:16,7513259938203501628,快八吴彦祖,粉丝团灯牌,1,1,[等级9],[粉丝团 Lv2]
2026-05-24 22:02:16,7513259938203501628,快八吴彦祖,点亮粉丝团,1,1,[等级8],[粉丝团 Lv2]
2026-05-24 22:02:18,4393253428014184,折泪花ゞ徒剩酒²⁰²⁶,加油鸭,1,15,[等级19],[粉丝团 Lv9]
2026-05-24 22:02:18,81823565887268,Yí,粉丝团灯牌,1,1,[等级20],[粉丝团 Lv9]
2026-05-24 22:02:18,88418967836,so,粉丝团灯牌,1,1,[等级29],[粉丝团 Lv7]
2026-05-24 22:02:26,570023743327972,苏昭漪,点亮粉丝团,1,1,[等级17],[粉丝团 Lv7]
2026-05-24 22:02:28,570023743327972,苏昭漪,粉丝团灯牌,1,1,[等级17],[粉丝团 Lv7]
2026-05-24 22:02:28,570023743327972,苏昭漪,点亮粉丝团,1,1,[等级17],[粉丝团 Lv7]
2026-05-24 22:02:30,71565987189,枳栖,粉丝团灯牌,1,1,[等级18],[粉丝团 Lv10]
2026-05-24 22:02:32,232746381216027,🌝,点亮粉丝团,1,1,[等级12],[粉丝团 Lv8]
2026-05-24 22:02:35,232746381216027,🌝,点亮粉丝团,1,1,[等级12],[粉丝团 Lv8]
2026-05-24 22:02:39,83860131541,🌈冘弃,粉丝团灯牌,1,1,[等级15],[粉丝团 Lv10]
2026-05-24 22:02:42,99430733169,早起,小心心,1,1,[等级27],[粉丝团 Lv3]
2026-05-24 22:02:44,83945751038,小浪——,粉丝团灯牌,1,1,[等级24],[粉丝团 Lv13]
2026-05-24 22:02:45,99430733169,早起,小心心,1,1,[等级27],[粉丝团 Lv3]
2026-05-24 22:02:47,105537287948,独行流浪者,点亮粉丝团,1,1,[等级22],[粉丝团 Lv9]
2026-05-24 22:02:47,99430733169,早起,粉丝团灯牌,1,1,[等级27],[粉丝团 Lv3]
2026-05-24 22:02:48,2417196860189236,拾光✨,小心心,1,1,[等级16],
2026-05-24 22:02:50,105537287948,独行流浪者,点亮粉丝团,1,1,[等级22],[粉丝团 Lv9]
2026-05-24 22:02:51,2417196860189236,拾光✨,小心心,1,1,[等级16],
2026-05-24 22:02:55,8395632158909,郭叔,人气票,1,1,[等级9],[粉丝团 Lv9]
2026-05-24 22:02:57,69388511390,雾非雾丶╮の迷惘,粉丝团灯牌,1,1,[等级19],[粉丝团 Lv6]
2026-05-24 22:02:58,8395632158909,郭叔,人气票,1,1,[等级9],[粉丝团 Lv9]
2026-05-24 22:03:04,99430733169,早起,为你闪耀,1,9,[等级27],[粉丝团 Lv3]
2026-05-24 22:03:06,92681966104,Mua~🥀ᮨ້໌肆意᭄ཽꦿএ,粉丝团灯牌,1,1,[等级29],[粉丝团 Lv13]
2026-05-24 22:03:06,4251138795771497,太子,人气票,1,1,[等级3],[粉丝团 Lv3]
2026-05-24 22:03:07,99430733169,早起,为你闪耀,1,9,[等级27],[粉丝团 Lv3]
2026-05-24 22:03:07,4251138795771497,太子,人气票,2,2,[等级3],[粉丝团 Lv3]
2026-05-24 22:03:08,4251138795771497,太子,人气票,3,3,[等级3],[粉丝团 Lv3]
2026-05-24 22:03:11,4251138795771497,太子,人气票,3,3,[等级3],[粉丝团 Lv3]
2026-05-24 22:03:16,245900020026781,💋x   g💋,小心心,1,1,[等级6],[粉丝团 Lv1]
2026-05-24 22:03:17,605181622112132,⊙▽⊙,小心心,1,1,[等级8],[粉丝团 Lv4]
2026-05-24 22:03:19,245900020026781,💋x   g💋,小心心,1,1,[等级6],[粉丝团 Lv1]
2026-05-24 22:03:19,99430733169,早起,为你闪耀,1,9,[等级27],[粉丝团 Lv3]
2026-05-24 22:03:20,605181622112132,⊙▽⊙,小心心,1,1,[等级8],[粉丝团 Lv4]
2026-05-24 22:03:21,95882774008,沉默,粉丝团灯牌,1,1,[等级15],[粉丝团 Lv9]
2026-05-24 22:03:23,52647584574,安然🍃,粉丝团灯牌,1,1,[等级37],[粉丝团 Lv10]
2026-05-24 22:03:23,99430733169,早起,为你闪耀,1,9,[等级27],[粉丝团 Lv3]
2026-05-24 22:03:23,421830521787181,筱,粉丝团灯牌,1,1,[等级20],[粉丝团 Lv11]
2026-05-24 22:03:24,99430733169,早起,为你闪耀,1,9,[等级27],[粉丝团 Lv3]
2026-05-24 22:03:27,2428141716642744,落泪的尘埃,小心心,1,1,[等级10],[粉丝团 Lv9]
2026-05-24 22:03:27,99430733169,早起,为你闪耀,1,9,[等级27],[粉丝团 Lv3]
2026-05-24 22:03:29,2428141716642744,落泪的尘埃,小心心,1,1,[等级10],[粉丝团 Lv9]
2026-05-24 22:03:30,62886555304,一位来自中国广东广州不愿透露姓名的 靓仔,点亮粉丝团,1,1,[等级24],[粉丝团 Lv2]
2026-05-24 22:03:32,66504451833,平凡之路⁵¹⁰⁷⁴,粉丝团灯牌,1,1,[等级26],[粉丝团 Lv13]
2026-05-24 22:03:33,62886555304,一位来自中国广东广州不愿透露姓名的 靓仔,点亮粉丝团,1,1,[等级24],[粉丝团 Lv2]
2026-05-24 22:03:34,97046068066,🥥🥥,粉丝团灯牌,1,1,[等级28],[粉丝团 Lv1]
2026-05-24 22:03:37,62886555304,一位来自中国广东广州不愿透露姓名的 靓仔,粉丝团灯牌,1,1,[等级24],[粉丝团 Lv3]
2026-05-24 22:03:47,73669974160,虾仁五指毛桃鸡,点亮粉丝团,1,9,[等级26],[粉丝团 Lv13]
2026-05-24 22:03:50,73669974160,虾仁五指毛桃鸡,点亮粉丝团,1,9,[等级26],[粉丝团 Lv13]
2026-05-24 22:03:56,71750754644,向阿夕,粉丝团灯牌,1,1,[等级29],[粉丝团 Lv12]
2026-05-24 22:04:11,510594237339261,前凸后翘臣妾做不到,粉丝团灯牌,1,1,[等级13],[粉丝团 Lv12]
2026-05-24 22:04:15,63906162609,Gz,点亮粉丝团,1,1,[等级5],[粉丝团 Lv5]
2026-05-24 22:04:17,62067055448,汤姆,点亮粉丝团,1,1,[等级20],[粉丝团 Lv5]
2026-05-24 22:04:18,63906162609,Gz,粉丝团灯牌,1,1,[等级5],[粉丝团 Lv5]
2026-05-24 22:04:18,63906162609,Gz,点亮粉丝团,1,1,[等级5],[粉丝团 Lv5]
2026-05-24 22:04:20,100605495849,你头发乱了喔，,粉丝团灯牌,1,1,[等级15],[粉丝团 Lv10]
2026-05-24 22:04:20,62067055448,汤姆,点亮粉丝团,1,1,[等级20],[粉丝团 Lv5]
2026-05-24 22:04:20,1538906151990679,流年,真的爱你,1,520,[等级45],[粉丝团:张君雅 Lv15]
2026-05-24 22:04:27,4169824745303182,花生🥜,粉丝团灯牌,1,1,[等级24],[粉丝团 Lv11]
2026-05-24 22:04:31,3628825293639823,不要给我说话,点亮粉丝团,1,9,[等级28],[粉丝团 Lv11]
2026-05-24 22:04:33,86816371449,兔·兔,粉丝团灯牌,1,1,[等级21],[粉丝团 Lv11]
2026-05-24 22:04:33,3628825293639823,不要给我说话,点亮粉丝团,1,9,[等级28],[粉丝团 Lv11]
2026-05-24 22:04:35,62415351455,訛兽,粉丝团灯牌,1,1,[等级8],[粉丝团 Lv4]
2026-05-24 22:04:38,3689574830449950,刘三哥,玫瑰,1,1,[等级27],
2026-05-24 22:04:40,66115216504,北望～家,点亮粉丝团,1,1,[等级25],[粉丝团 Lv10]
2026-05-24 22:04:42,3689574830449950,刘三哥,玫瑰,1,1,[等级27],
2026-05-24 22:04:42,66115216504,北望～家,粉丝团灯牌,1,1,[等级25],[粉丝团 Lv10]
2026-05-24 22:04:42,66115216504,北望～家,点亮粉丝团,1,1,[等级25],[粉丝团 Lv10]
2026-05-24 22:04:45,2289632026565560,么么门,粉丝团灯牌,1,1,[等级19],[粉丝团 Lv11]
2026-05-24 22:04:45,2502904624717484,MARIO.,大啤酒,1,2,[等级21],[粉丝团 Lv10]
2026-05-24 22:04:48,100463357799,用户4920036644321,粉丝团灯牌,1,1,[等级19],[粉丝团 Lv9]
2026-05-24 22:04:48,2502904624717484,MARIO.,大啤酒,1,2,[等级21],[粉丝团 Lv10]
2026-05-24 22:04:50,96302201099,小宇弍,棒棒糖,1,9,[等级8],
2026-05-24 22:04:53,96302201099,小宇弍,棒棒糖,1,9,[等级8],
2026-05-24 22:04:58,2502904624717484,MARIO.,粉丝团灯牌,1,1,[等级21],[粉丝团 Lv10]
2026-05-24 22:05:00,52646520064,Cc（辣卤门卤味铺子）,点亮粉丝团,1,1,[等级11],[粉丝团 Lv5]
2026-05-24 22:05:01,104358327611,～Uncle~,粉丝团灯牌,1,1,[等级39],[粉丝团 Lv13]
2026-05-24 22:05:02,2638426362375405,小依,粉丝团灯牌,1,1,[等级15],[粉丝团 Lv11]
2026-05-24 22:05:03,52646520064,Cc（辣卤门卤味铺子）,点亮粉丝团,1,1,[等级11],[粉丝团 Lv5]
2026-05-24 22:05:04,109851896448,@过眼云烟,点亮粉丝团,1,1,[等级22],[粉丝团 Lv10]
2026-05-24 22:05:07,109851896448,@过眼云烟,点亮粉丝团,1,1,[等级22],[粉丝团 Lv10]
2026-05-24 22:05:10,95359148410,昭昭᭨如愿💕,点亮粉丝团,1,1,[等级11],[粉丝团 Lv10]
2026-05-24 22:05:13,95359148410,昭昭᭨如愿💕,点亮粉丝团,1,1,[等级11],[粉丝团 Lv10]
2026-05-24 22:05:16,55025860969,🎐.,粉丝团灯牌,1,1,[等级21],[粉丝团 Lv5]
2026-05-24 22:05:26,4393253428014184,折泪花ゞ徒剩酒²⁰²⁶,加油鸭,1,15,[等级19],[粉丝团 Lv9]
2026-05-24 22:05:29,65978438474,邦邦,粉丝团灯牌,1,1,[等级16],[粉丝团 Lv12]
2026-05-24 22:05:29,4393253428014184,折泪花ゞ徒剩酒²⁰²⁶,加油鸭,1,15,[等级19],[粉丝团 Lv9]
2026-05-24 22:05:34,94104256510,C·ay²¹ Gem,点亮粉丝团,1,9,[等级26],[粉丝团 Lv12]
2026-05-24 22:05:37,94104256510,C·ay²¹ Gem,粉丝团灯牌,1,1,[等级26],[粉丝团 Lv12]
2026-05-24 22:05:37,94104256510,C·ay²¹ Gem,点亮粉丝团,1,9,[等级26],[粉丝团 Lv12]
2026-05-24 22:05:38,55025860969,🎐.,为你闪耀,1,9,[等级21],[粉丝团 Lv5]
2026-05-24 22:05:41,55025860969,🎐.,为你闪耀,1,9,[等级21],[粉丝团 Lv5]
2026-05-24 22:05:42,104176913996,潕名指的ヾ等彳寺,粉丝团灯牌,1,1,[等级28],[粉丝团 Lv12]
2026-05-24 22:05:43,76575363281,晨晨🙃,点亮粉丝团,1,1,[等级35],[粉丝团 Lv4]
2026-05-24 22:05:45,1895148792587597,弑魂,粉丝团灯牌,1,1,[等级38],[粉丝团 Lv6]
2026-05-24 22:05:45,93439840897,@………,点亮粉丝团,1,1,[等级16],[粉丝团 Lv5]
2026-05-24 22:05:46,76575363281,晨晨🙃,点亮粉丝团,1,1,[等级35],[粉丝团 Lv4]
2026-05-24 22:05:48,93439840897,@………,点亮粉丝团,1,1,[等级16],[粉丝团 Lv5]
2026-05-24 22:05:49,7513259938203501628,快八吴彦祖,为你闪耀,1,9,[等级9],[粉丝团 Lv3]
2026-05-24 22:05:51,93439840897,@………,粉丝团灯牌,1,1,[等级16],[粉丝团 Lv5]
2026-05-24 22:05:51,546890633991104,知其不可奈何而安之若命,粉丝团灯牌,1,1,[等级14],[粉丝团 Lv10]
2026-05-24 22:05:52,7513259938203501628,快八吴彦祖,为你闪耀,1,9,[等级9],[粉丝团 Lv3]
2026-05-24 22:05:59,2505160057432475,一涂一一,粉丝团灯牌,1,1,[等级22],[粉丝团 Lv8]
2026-05-24 22:06:01,69427853650,明,粉丝团灯牌,1,1,[等级17],[粉丝团 Lv12]
2026-05-24 22:06:02,87767185100,Augenstern,粉丝团灯牌,1,1,[等级14],[粉丝团 Lv9]
2026-05-24 22:06:17,86113895745,梨花,粉丝团灯牌,1,1,[等级12],[粉丝团 Lv10]
2026-05-24 22:06:17,73982432207,许多年以后,小心心,1,1,[等级38],
2026-05-24 22:06:20,73982432207,许多年以后,小心心,1,1,[等级38],
2026-05-24 22:06:20,70894153226,凵凵 (qian),粉丝团灯牌,1,1,[等级13],[粉丝团 Lv9]
2026-05-24 22:06:22,3565088149617788,怡红院张掌柜,粉丝团灯牌,1,1,[等级28],[粉丝团 Lv3]
2026-05-24 22:06:24,98943912172,十     年,粉丝团灯牌,1,1,[等级20],[粉丝团 Lv12]
2026-05-24 22:06:26,86435338328,腾势D9大队长,点亮粉丝团,1,1,[等级19],[粉丝团 Lv10]
2026-05-24 22:06:38,98943912172,十     年,粉丝团灯牌,1,1,[等级20],[粉丝团 Lv12]
2026-05-24 22:06:38,86435338328,腾势D9大队长,点亮粉丝团,1,1,[等级19],[粉丝团 Lv10]
2026-05-24 22:06:39,86435338328,腾势D9大队长,点亮粉丝团,1,1,[等级19],[粉丝团 Lv10]
2026-05-24 22:06:39,86435338328,腾势D9大队长,粉丝团灯牌,1,1,[等级19],[粉丝团 Lv10]
2026-05-24 22:06:41,802021593324569,烁哥啊啊,小心心,1,1,[等级5],
2026-05-24 22:06:43,802021593324569,烁哥啊啊,小心心,1,1,[等级5],
2026-05-24 22:06:57,3777550623966108,霁晔,粉丝团灯牌,1,1,[等级10],[粉丝团 Lv11]
2026-05-24 22:06:57,2417196860189236,拾光✨,小心心,1,1,[等级16],
2026-05-24 22:06:57,97719469030,꧁周꧂周有鮽,点亮粉丝团,1,1,[等级24],[粉丝团 Lv3]
2026-05-24 22:06:59,1893807161093131,红丝绒泡芙,你最好看,1,2,[等级8],[粉丝团 Lv10]
2026-05-24 22:07:01,2417196860189236,拾光✨,小心心,1,1,[等级16],
2026-05-24 22:07:01,97719469030,꧁周꧂周有鮽,点亮粉丝团,1,1,[等级24],[粉丝团 Lv3]
2026-05-24 22:07:02,1893807161093131,红丝绒泡芙,你最好看,1,2,[等级8],[粉丝团 Lv10]
2026-05-24 22:07:04,71048687138,^O^微ོོൢღ凉ོོൢ͜,粉丝团灯牌,1,1,[等级21],[粉丝团 Lv11]
2026-05-24 22:07:07,72300399287,吴世勋吴世勋吴世勋,点亮粉丝团,1,1,[等级6],[粉丝团 Lv9]
2026-05-24 22:07:07,1178316005719096,雷🪡子（反霸凌版）,粉丝团灯牌,1,1,[等级10],[粉丝团 Lv2]
2026-05-24 22:07:10,72300399287,吴世勋吴世勋吴世勋,点亮粉丝团,1,1,[等级6],[粉丝团 Lv9]
2026-05-24 22:07:11,76728744726,甜宝,粉丝团灯牌,1,1,[等级33],[粉丝团 Lv9]
2026-05-24 22:07:11,52233895936,🐳,粉丝团灯牌,1,1,[等级21],[粉丝团 Lv5]
2026-05-24 22:07:22,232746381216027,🌝,粉丝团灯牌,1,1,[等级12],[粉丝团 Lv8]
2026-05-24 22:07:25,3180249847446588,名字太长不好记！！！,粉丝团灯牌,1,1,[等级14],[粉丝团 Lv10]
2026-05-24 22:07:28,102689815490,WY,粉丝团灯牌,1,1,[等级16],[粉丝团 Lv10]
2026-05-24 22:07:32,1538906151990679,流年,倾心于你,1,1888,[等级45],[粉丝团:张君雅 Lv15]
2026-05-24 22:07:42,2875967640449822,万柳柳小趴菜,粉丝团灯牌,1,1,[等级22],[粉丝团 Lv12]
2026-05-24 22:07:42,59876372209,那个男人,小心心,1,1,[等级41],[粉丝团 Lv6]
2026-05-24 22:07:45,59876372209,那个男人,小心心,1,1,[等级41],[粉丝团 Lv6]
2026-05-24 22:07:53,99780807090,犯困小熊,粉丝团灯牌,1,1,[等级18],[粉丝团 Lv11]
2026-05-24 22:08:03,66951909545,记忆_69878,点亮粉丝团,1,9,[等级20],[粉丝团 Lv11]
2026-05-24 22:08:05,66951909545,记忆_69878,粉丝团灯牌,1,1,[等级20],[粉丝团 Lv11]
2026-05-24 22:08:05,66951909545,记忆_69878,点亮粉丝团,1,9,[等级20],[粉丝团 Lv11]
2026-05-24 22:08:06,98693456215,Elowen | 风褶信笺,粉丝团灯牌,1,1,[等级32],[粉丝团 Lv13]
2026-05-24 22:08:09,104826304605,㞮孞,点亮粉丝团,1,1,[等级15],[粉丝团 Lv7]
2026-05-24 22:08:09,94673757945,Zzz.,粉丝团灯牌,1,1,[等级17],[粉丝团 Lv14]
2026-05-24 22:08:11,104826304605,㞮孞,点亮粉丝团,1,1,[等级15],[粉丝团 Lv7]
2026-05-24 22:08:15,89200424605,@6,粉丝团灯牌,1,1,[等级22],[粉丝团 Lv12]
2026-05-24 22:08:20,3572736961547516,荣的（和平精英）,大啤酒,1,2,[等级6],[粉丝团 Lv1]
2026-05-24 22:08:20,93626738580,踏雪无痕,小心心,1,1,[等级22],[粉丝团 Lv9]
2026-05-24 22:08:21,93626738580,踏雪无痕,小心心,5,5,[等级22],[粉丝团 Lv9]
2026-05-24 22:08:21,93626738580,踏雪无痕,小心心,8,8,[等级22],[粉丝团 Lv9]
2026-05-24 22:08:22,93626738580,踏雪无痕,小心心,9,9,[等级22],[粉丝团 Lv9]
2026-05-24 22:08:22,3572736961547516,荣的（和平精英）,大啤酒,1,2,[等级6],[粉丝团 Lv1]
2026-05-24 22:08:25,93626738580,踏雪无痕,小心心,9,9,[等级22],[粉丝团 Lv9]
2026-05-24 22:08:42,102539475837,hx.,粉丝团灯牌,1,1,[等级27],[粉丝团 Lv15]
2026-05-24 22:08:46,91687117029,Sunny 沐风,点亮粉丝团,1,1,[等级16],[粉丝团 Lv8]
2026-05-24 22:08:49,91687117029,Sunny 沐风,点亮粉丝团,1,1,[等级16],[粉丝团 Lv8]
2026-05-24 22:08:51,1574120353704776,じএve黄梁慕农₅₂₀💞࿐,粉丝团灯牌,1,1,[等级24],[粉丝团 Lv12]
2026-05-24 22:09:15,60835335511,吃可爱长大,粉丝团灯牌,1,1,[等级23],[粉丝团 Lv13]
2026-05-24 22:09:15,1613688294867076,软软,粉丝团灯牌,1,1,[等级20],[粉丝团 Lv13]
2026-05-24 22:09:17,98354326596,鹏,点亮粉丝团,1,1,[等级13],[粉丝团 Lv4]
2026-05-24 22:09:20,98354326596,鹏,点亮粉丝团,1,1,[等级13],[粉丝团 Lv4]
2026-05-24 22:09:22,98594389802,十七啊！,点亮粉丝团,1,1,[等级36],[粉丝团 Lv10]
2026-05-24 22:09:24,2577726701047950,三分热度°,粉丝团灯牌,1,1,[等级25],[粉丝团 Lv7]
2026-05-24 22:09:24,78749851425,DY.DN,粉丝团灯牌,1,1,[等级18],[粉丝团 Lv9]
2026-05-24 22:09:25,98594389802,十七啊！,点亮粉丝团,1,1,[等级36],[粉丝团 Lv10]
2026-05-24 22:09:25,98594389802,十七啊！,粉丝团灯牌,1,1,[等级36],[粉丝团 Lv10]
2026-05-24 22:09:33,248921365946573,阿亮@,点亮粉丝团,1,1,[等级9],[粉丝团 Lv3]
2026-05-24 22:09:34,70411529923,妹妹.,点亮粉丝团,1,1,[等级18],[粉丝团 Lv10]
2026-05-24 22:09:36,248921365946573,阿亮@,点亮粉丝团,1,1,[等级9],[粉丝团 Lv3]
2026-05-24 22:09:36,70411529923,妹妹.,粉丝团灯牌,1,1,[等级18],[粉丝团 Lv10]
2026-05-24 22:09:36,70411529923,妹妹.,点亮粉丝团,1,1,[等级18],[粉丝团 Lv10]
2026-05-24 22:09:38,88484093622,北海以北萍ゞ🇨🇳,小心心,1,1,[等级20],
2026-05-24 22:09:40,248921365946573,阿亮@,粉丝团灯牌,1,1,[等级9],[粉丝团 Lv3]
2026-05-24 22:09:41,66633366003,弦秋九二♡悲秋,粉丝团灯牌,1,1,[等级26],[粉丝团 Lv12]
2026-05-24 22:09:42,88484093622,北海以北萍ゞ🇨🇳,小心心,1,1,[等级20],
2026-05-24 22:09:48,3963069764481469,小企鹅子,粉丝团灯牌,1,1,[等级17],[粉丝团 Lv11]
2026-05-24 22:09:48,284088129296877,.枫.,粉丝团灯牌,1,1,[等级16],[粉丝团 Lv12]
2026-05-24 22:09:48,96487709831,乔先生,点亮粉丝团,1,1,[等级13],[粉丝团 Lv8]
2026-05-24 22:09:52,101971323625,Carlos Chan,为你闪耀,1,9,[等级14],[粉丝团 Lv10]
2026-05-24 22:09:52,96487709831,乔先生,点亮粉丝团,1,1,[等级13],[粉丝团 Lv8]
2026-05-24 22:09:54,101971323625,Carlos Chan,为你闪耀,1,9,[等级14],[粉丝团 Lv10]
2026-05-24 22:09:55,103544734774,抱你行嗎,小心心,1,1,[等级15],[粉丝团 Lv9]
2026-05-24 22:09:57,60800861846,小洛.,粉丝团灯牌,1,1,[等级26],[粉丝团 Lv3]
2026-05-24 22:09:58,101657120680,岁月依旧,点亮粉丝团,1,1,[等级22],[粉丝团 Lv7]
2026-05-24 22:09:58,103544734774,抱你行嗎,小心心,1,1,[等级15],[粉丝团 Lv9]
2026-05-24 22:09:59,97313024466,......,粉丝团灯牌,1,1,[等级38],[粉丝团 Lv9]
2026-05-24 22:10:01,382223187714637,铜锣湾,点亮粉丝团,1,9,[等级20],[粉丝团 Lv11]
2026-05-24 22:10:01,101657120680,岁月依旧,点亮粉丝团,1,1,[等级22],[粉丝团 Lv7]
2026-05-24 22:10:04,68796834947,人生不过三万天,粉丝团灯牌,1,1,[等级17],[粉丝团 Lv12]
2026-05-24 22:10:04,382223187714637,铜锣湾,点亮粉丝团,1,9,[等级20],[粉丝团 Lv11]
2026-05-24 22:10:05,2493298541608804,冰凌侠,粉丝团灯牌,1,1,[等级27],[粉丝团 Lv15]
2026-05-24 22:10:07,110574660190,@俗“人”,粉丝团灯牌,1,1,[等级5],[粉丝团 Lv3]
2026-05-24 22:10:07,101657120680,岁月依旧,粉丝团灯牌,1,1,[等级22],[粉丝团 Lv7]
2026-05-24 22:10:23,94922124923,奥特曼,真的爱你,1,520,[等级34],[粉丝团:张君雅 Lv12]
2026-05-24 22:10:25,94922124923,奥特曼,真的爱你,2,1040,[等级34],[粉丝团:张君雅 Lv12]
2026-05-24 22:10:54,108814781857,🚬᭄烟ℯ⃝雨᭄ꦿ过ℯ⃝客᭄,粉丝团灯牌,1,1,[等级13],[粉丝团 Lv12]
2026-05-24 22:11:05,95080488916,......,粉丝团灯牌,1,1,[等级19],[粉丝团 Lv12]
2026-05-24 22:11:07,4156633640084860,陪鱼看海的猫🐱,点亮粉丝团,1,9,[等级33],[粉丝团 Lv11]
2026-05-24 22:11:09,63823638541,有你任性,粉丝团灯牌,1,1,[等级20],[粉丝团 Lv11]
2026-05-24 22:11:09,4156633640084860,陪鱼看海的猫🐱,点亮粉丝团,1,9,[等级33],[粉丝团 Lv11]
2026-05-24 22:11:09,60658007993,এ᭄左右皆是甜࿐,大啤酒,1,2,[等级23],[粉丝团 Lv15]
2026-05-24 22:11:09,4156633640084860,陪鱼看海的猫🐱,粉丝团灯牌,1,1,[等级33],[粉丝团 Lv11]
2026-05-24 22:11:10,1148338442878520,念.,你最好看,1,2,[等级14],[粉丝团 Lv1]
2026-05-24 22:11:12,60658007993,এ᭄左右皆是甜࿐,大啤酒,1,2,[等级23],[粉丝团 Lv15]
2026-05-24 22:11:14,1148338442878520,念.,你最好看,1,2,[等级14],[粉丝团 Lv1]
2026-05-24 22:11:18,93265574474,虎皮猫大人゛,点亮粉丝团,1,9,[等级31],[粉丝团 Lv11]
2026-05-24 22:11:21,93265574474,虎皮猫大人゛,点亮粉丝团,1,9,[等级31],[粉丝团 Lv11]
2026-05-24 22:11:22,421830521787181,筱,小心心,1,1,[等级20],[粉丝团 Lv11]
2026-05-24 22:11:23,93265574474,虎皮猫大人゛,粉丝团灯牌,1,1,[等级31],[粉丝团 Lv11]
2026-05-24 22:11:25,421830521787181,筱,小心心,1,1,[等级20],[粉丝团 Lv11]
2026-05-24 22:11:33,61522742706,LinglingKwong_小万,粉丝团灯牌,1,1,[等级27],[粉丝团 Lv14]
2026-05-24 22:11:48,69736406388,qU点点,点亮粉丝团,1,1,[等级14],[粉丝团 Lv8]
2026-05-24 22:11:49,69264354537,念@,粉丝团灯牌,1,1,[等级25],[粉丝团 Lv10]
2026-05-24 22:11:51,69736406388,qU点点,点亮粉丝团,1,1,[等级14],[粉丝团 Lv8]
2026-05-24 22:11:57,2417196860189236,拾光✨,小心心,1,1,[等级16],
2026-05-24 22:11:58,347070077603336,游戏人间……,点亮粉丝团,1,1,[等级11],[粉丝团 Lv6]
2026-05-24 22:12:00,2417196860189236,拾光✨,小心心,1,1,[等级16],
2026-05-24 22:12:02,347070077603336,游戏人间……,点亮粉丝团,1,1,[等级11],[粉丝团 Lv6]
2026-05-24 22:12:08,111113294959,⁵¹⁰⁷⁴,粉丝团灯牌,1,1,[等级26],[粉丝团 Lv14]
2026-05-24 22:12:12,94922124923,奥特曼,为你举牌,1,199,[等级34],[粉丝团:张君雅 Lv12]
2026-05-24 22:12:13,94922124923,奥特曼,为你举牌,2,398,[等级34],[粉丝团:张君雅 Lv12]
2026-05-24 22:12:18,1157152973795639,Agony,入团卡,1,1,[等级20],
2026-05-24 22:12:21,1157152973795639,Agony,入团卡,1,1,[等级20],
2026-05-24 22:12:23,96836401625,周末、,粉丝团灯牌,1,1,[等级22],[粉丝团 Lv9]
2026-05-24 22:12:24,10206768523,陌陌无语,粉丝团灯牌,1,1,[等级17],[粉丝团 Lv12]
2026-05-24 22:12:24,1157152973795639,Agony,粉丝团灯牌,1,1,[等级20],[粉丝团 Lv1]
2026-05-24 22:12:39,857259579544014,❀͜͡ 王༿ꦿ爺᭄࿐,点亮粉丝团,1,1,[等级28],[粉丝团 Lv10]
2026-05-24 22:12:43,857259579544014,❀͜͡ 王༿ꦿ爺᭄࿐,点亮粉丝团,1,1,[等级28],[粉丝团 Lv10]
2026-05-24 22:12:43,857259579544014,❀͜͡ 王༿ꦿ爺᭄࿐,粉丝团灯牌,1,1,[等级28],[粉丝团 Lv10]
2026-05-24 22:13:00,86175469707,啊伟,粉丝团灯牌,1,1,[等级17],[粉丝团 Lv12]
2026-05-24 22:13:02,873430241258227,萝卜白菜各有所爱,粉丝团灯牌,1,1,[等级12],[粉丝团 Lv11]
2026-05-24 22:13:04,3756344370539021,Safety,粉丝团灯牌,1,1,[等级19],[粉丝团 Lv8]
2026-05-24 22:13:08,105729607101,因为,点亮粉丝团,1,1,[等级19],[粉丝团 Lv7]
2026-05-24 22:13:10,87700398617,柠檬酸了秋天,粉丝团灯牌,1,1,[等级38],[粉丝团 Lv11]
2026-05-24 22:13:10,99523239371,邓先生,粉丝团灯牌,1,1,[等级29],[粉丝团 Lv12]
2026-05-24 22:13:12,105729607101,因为,点亮粉丝团,1,1,[等级19],[粉丝团 Lv7]
2026-05-24 22:13:12,51022682132281,葡萄🍇,点亮粉丝团,1,1,[等级16],[粉丝团 Lv5]
2026-05-24 22:13:15,51022682132281,葡萄🍇,点亮粉丝团,1,1,[等级16],[粉丝团 Lv5]
2026-05-24 22:13:16,51022682132281,葡萄🍇,粉丝团灯牌,1,1,[等级16],[粉丝团 Lv5]
2026-05-24 22:13:25,60733324704,✨ShYLie...,粉丝团灯牌,1,1,[等级25],[粉丝团 Lv11]
2026-05-24 22:13:35,109157869586,晚夜微雨问海棠,粉丝团灯牌,1,1,[等级22],[粉丝团 Lv15]
2026-05-24 22:13:37,4433674361904192,精品果园,点亮粉丝团,1,1,[等级13],[粉丝团 Lv10]
2026-05-24 22:13:39,52041190738,晚风丶,粉丝团灯牌,1,1,[等级32],[粉丝团 Lv12]
2026-05-24 22:13:41,4433674361904192,精品果园,点亮粉丝团,1,1,[等级13],[粉丝团 Lv10]
2026-05-24 22:13:42,66493940947,今天中签了嘛,点亮粉丝团,1,1,[等级8],[粉丝团 Lv2]
2026-05-24 22:13:43,778074120267731,🥳心情不错,点亮粉丝团,1,1,[等级12],[粉丝团 Lv8]
2026-05-24 22:13:45,66493940947,今天中签了嘛,点亮粉丝团,1,1,[等级8],[粉丝团 Lv2]
2026-05-24 22:13:47,778074120267731,🥳心情不错,点亮粉丝团,1,1,[等级12],[粉丝团 Lv8]
2026-05-24 22:13:47,778074120267731,🥳心情不错,粉丝团灯牌,1,1,[等级12],[粉丝团 Lv8]
2026-05-24 22:13:55,1494928053779708,阿帕奇陨落,你最好看,1,2,[等级16],[粉丝团 Lv4]
2026-05-24 22:13:58,1494928053779708,阿帕奇陨落,你最好看,1,2,[等级16],[粉丝团 Lv4]
2026-05-24 22:14:23,204927468844247,烟灰,粉丝团灯牌,1,1,[等级21],[粉丝团 Lv12]
2026-05-24 22:14:24,52407199350,昊昊昊昊,粉丝团灯牌,1,1,[等级28],[粉丝团 Lv7]
2026-05-24 22:14:26,72717180803,🐴,点亮粉丝团,1,1,[等级27],[粉丝团 Lv9]
2026-05-24 22:14:28,79777848746,苏铭Bui ²⁸︍⁹³,点亮粉丝团,1,1,[等级34],[粉丝团 Lv10]
2026-05-24 22:14:29,72717180803,🐴,点亮粉丝团,1,1,[等级27],[粉丝团 Lv9]
2026-05-24 22:14:30,64773026538,有幸遇见你,点亮粉丝团,1,1,[等级21],[粉丝团 Lv10]
2026-05-24 22:14:31,79777848746,苏铭Bui ²⁸︍⁹³,点亮粉丝团,1,1,[等级34],[粉丝团 Lv10]
2026-05-24 22:14:32,110337030222,用户9726870965021,点亮粉丝团,1,9,[等级24],[粉丝团 Lv13]
2026-05-24 22:14:32,93112225866,坐硬座火车回拉萨的林黛玉,粉丝团灯牌,1,1,[等级15],[粉丝团 Lv11]
2026-05-24 22:14:33,3255016213459400,东北不冷,粉丝团灯牌,1,1,[等级21],[粉丝团 Lv14]
2026-05-24 22:14:33,64773026538,有幸遇见你,点亮粉丝团,1,1,[等级21],[粉丝团 Lv10]
2026-05-24 22:14:35,110337030222,用户9726870965021,粉丝团灯牌,1,1,[等级24],[粉丝团 Lv13]
2026-05-24 22:14:35,110337030222,用户9726870965021,点亮粉丝团,1,9,[等级24],[粉丝团 Lv13]
2026-05-24 22:14:37,64424159510,END,点亮粉丝团,1,1,[等级26],[粉丝团 Lv6]
2026-05-24 22:14:37,79777848746,苏铭Bui ²⁸︍⁹³,粉丝团灯牌,1,1,[等级34],[粉丝团 Lv10]
2026-05-24 22:14:37,22423695151,来日并非方长,点亮粉丝团,1,1,[等级18],[粉丝团 Lv5]
2026-05-24 22:14:40,64424159510,END,点亮粉丝团,1,1,[等级26],[粉丝团 Lv6]
2026-05-24 22:14:40,22423695151,来日并非方长,点亮粉丝团,1,1,[等级18],[粉丝团 Lv5]
2026-05-24 22:14:41,3461731396107453,王仔,粉丝团灯牌,1,1,[等级23],[粉丝团 Lv15]
2026-05-24 22:14:42,101458566776,瑟瑟,粉丝团灯牌,1,1,[等级23],[粉丝团 Lv12]
2026-05-24 22:14:47,7521394261465859130,🌾🌾🌾炒菜不用郭先生🍎🍊🍉🍌,粉丝团灯牌,1,1,[等级3],[粉丝团 Lv6]
2026-05-24 22:14:47,59321479537,森,粉丝团灯牌,1,1,[等级24],[粉丝团 Lv6]
2026-05-24 22:14:51,3855348770285827,淼,点亮粉丝团,1,1,[等级5],[粉丝团 Lv6]
2026-05-24 22:14:54,3855348770285827,淼,点亮粉丝团,1,1,[等级5],[粉丝团 Lv6]
2026-05-24 22:14:55,387450249152877,樊,小心心,1,1,[等级17],[粉丝团 Lv8]
2026-05-24 22:14:57,68171781626,花辞树,小心心,1,1,[等级24],[粉丝团 Lv11]
2026-05-24 22:14:58,387450249152877,樊,小心心,1,1,[等级17],[粉丝团 Lv8]
2026-05-24 22:14:59,68171781626,花辞树,小心心,1,1,[等级24],[粉丝团 Lv11]
2026-05-24 22:15:01,2199449991389518,漂泊的80后,你最好看,1,2,[等级7],
2026-05-24 22:15:01,62586764823,4ever.,粉丝团灯牌,1,1,[等级25],[粉丝团 Lv10]
2026-05-24 22:15:03,60029685642,天官赐福🔅,粉丝团灯牌,1,1,[等级21],[粉丝团 Lv8]
2026-05-24 22:15:03,2199449991389518,漂泊的80后,你最好看,1,2,[等级7],
2026-05-24 22:15:07,93864905741,他们叫我张大湿,点亮粉丝团,1,9,[等级16],[粉丝团 Lv11]
2026-05-24 22:15:09,109808864631,王新,点亮粉丝团,1,1,[等级12],[粉丝团 Lv10]
2026-05-24 22:15:10,101684553652,喔,点亮粉丝团,1,1,[等级21],[粉丝团 Lv10]
2026-05-24 22:15:10,93864905741,他们叫我张大湿,点亮粉丝团,1,9,[等级16],[粉丝团 Lv11]
2026-05-24 22:15:12,109808864631,王新,点亮粉丝团,1,1,[等级12],[粉丝团 Lv10]
2026-05-24 22:15:12,101684553652,喔,点亮粉丝团,1,1,[等级21],[粉丝团 Lv10]
2026-05-24 22:15:12,96871927002,包子包子肉肉,粉丝团灯牌,1,1,[等级12],[粉丝团 Lv10]
2026-05-24 22:15:13,101684553652,喔,粉丝团灯牌,1,1,[等级21],[粉丝团 Lv10]
2026-05-24 22:15:18,3922651247818760,世龙啊,人气票,1,1,[等级8],[粉丝团 Lv2]
2026-05-24 22:15:20,78069052631,恒泰智能窗控系统,人气票,1,1,[等级49],[粉丝团 Lv1]
2026-05-24 22:15:21,3922651247818760,世龙啊,人气票,1,1,[等级8],[粉丝团 Lv2]
2026-05-24 22:15:21,108793564919,🔰冬苝旳東,点亮粉丝团,1,9,[等级34],[粉丝团 Lv11]
2026-05-24 22:15:22,66266270038,满目疮痍_,小心心,1,1,[等级16],[粉丝团 Lv4]
2026-05-24 22:15:22,72719811891,海峰呗！,小心心,1,1,[等级22],[粉丝团 Lv6]
2026-05-24 22:15:24,63570268942,张歪歪,粉丝团灯牌,1,1,[等级13],[粉丝团 Lv11]
2026-05-24 22:15:24,2550501130896583,治愈,小心心,1,1,[等级3],[粉丝团 Lv1]
2026-05-24 22:15:24,78069052631,恒泰智能窗控系统,人气票,1,1,[等级49],[粉丝团 Lv1]
2026-05-24 22:15:24,106880467356,Tom.,点亮粉丝团,1,1,[等级6],[粉丝团 Lv6]
2026-05-24 22:15:24,108793564919,🔰冬苝旳東,点亮粉丝团,1,9,[等级34],[粉丝团 Lv11]
2026-05-24 22:15:25,66266270038,满目疮痍_,小心心,1,1,[等级16],[粉丝团 Lv4]
2026-05-24 22:15:26,72719811891,海峰呗！,小心心,1,1,[等级22],[粉丝团 Lv6]
2026-05-24 22:15:26,795700836961155,王丶程,你最好看,1,2,[等级8],[粉丝团 Lv1]
2026-05-24 22:15:26,7474869987770074171,@Miss 美丽•♡,点亮粉丝团,1,1,[等级15],[粉丝团 Lv4]
2026-05-24 22:15:26,93189901657,想吃牛肉米线（已婚版）,爱的花花,1,699,[等级20],[粉丝团 Lv4]
2026-05-24 22:15:27,106880467356,Tom.,点亮粉丝团,1,1,[等级6],[粉丝团 Lv6]
2026-05-24 22:15:27,101161108385,ଲ᭄归零ོᝰ ᭄²⁰²³,粉丝团灯牌,1,1,[等级26],[粉丝团 Lv10]
2026-05-24 22:15:27,2550501130896583,治愈,小心心,1,1,[等级3],[粉丝团 Lv1]
2026-05-24 22:15:28,2878954031814128,你都不认识我了,粉丝团灯牌,1,1,[等级29],[粉丝团 Lv7]
2026-05-24 22:15:28,7474869987770074171,@Miss 美丽•♡,粉丝团灯牌,1,1,[等级15],[粉丝团 Lv4]
2026-05-24 22:15:28,104488619624,可乐➕加冰,粉丝团灯牌,1,1,[等级15],[粉丝团 Lv9]
2026-05-24 22:15:28,7474869987770074171,@Miss 美丽•♡,点亮粉丝团,1,1,[等级15],[粉丝团 Lv4]
2026-05-24 22:15:29,795700836961155,王丶程,你最好看,1,2,[等级8],[粉丝团 Lv1]
2026-05-24 22:15:29,307510153056291,ꦾᩚ  ˡ꯭ᵒᵛ꯭ᵉ唯一᭄୫,粉丝团灯牌,1,1,[等级31],[粉丝团 Lv10]
2026-05-24 22:15:29,387450249152877,樊,粉丝团灯牌,1,1,[等级17],[粉丝团 Lv8]
2026-05-24 22:15:30,69547379139,東྄,粉丝团灯牌,1,1,[等级42],[粉丝团 Lv10]
2026-05-24 22:15:30,2550501130896583,治愈,小心心,1,1,[等级4],[粉丝团 Lv1]
2026-05-24 22:15:30,75190000130,≯玉erい,你最好看,1,2,[等级16],[粉丝团 Lv5]
2026-05-24 22:15:30,95894243746,廖星󰠇,粉丝团灯牌,1,1,[等级26],[粉丝团 Lv3]
2026-05-24 22:15:32,108793564919,🔰冬苝旳東,粉丝团灯牌,1,1,[等级34],[粉丝团 Lv11]
2026-05-24 22:15:32,3922651247818760,世龙啊,小心心,1,1,[等级8],[粉丝团 Lv2]
2026-05-24 22:15:32,99445363305,乆伴卜离,点亮粉丝团,1,1,[等级13],[粉丝团 Lv7]
2026-05-24 22:15:32,2550501130896583,治愈,小心心,1,1,[等级4],[粉丝团 Lv1]
2026-05-24 22:15:33,95002604279,💞小于不吃鱼,点亮粉丝团,1,1,[等级15],[粉丝团 Lv10]
2026-05-24 22:15:33,75190000130,≯玉erい,你最好看,1,2,[等级16],[粉丝团 Lv5]
2026-05-24 22:15:33,4259925351218591,寒江雪,粉丝团灯牌,1,1,[等级16],[粉丝团 Lv12]
2026-05-24 22:15:34,104176913996,潕名指的ヾ等彳寺,请吃鸡,1,5,[等级28],[粉丝团 Lv12]
2026-05-24 22:15:34,74981769566,你、非我莫属,点亮粉丝团,1,1,[等级14],[粉丝团 Lv8]
2026-05-24 22:15:35,3922651247818760,世龙啊,小心心,1,1,[等级8],[粉丝团 Lv2]
2026-05-24 22:15:35,3408077359680494,阿小,点亮粉丝团,1,1,[等级18],[粉丝团 Lv10]
2026-05-24 22:15:36,99445363305,乆伴卜离,点亮粉丝团,1,1,[等级13],[粉丝团 Lv7]
2026-05-24 22:15:36,95002604279,💞小于不吃鱼,点亮粉丝团,1,1,[等级15],[粉丝团 Lv10]
2026-05-24 22:15:36,104176913996,潕名指的ヾ等彳寺,请吃鸡,1,5,[等级28],[粉丝团 Lv12]
2026-05-24 22:15:36,759115769195512,冫漁,粉丝团灯牌,1,1,[等级8],[粉丝团 Lv10]
2026-05-24 22:15:37,76086339608,伟,点亮粉丝团,1,1,[等级3],[粉丝团 Lv3]
2026-05-24 22:15:37,2258848122937539,岁月沙漏,点亮粉丝团,1,1,[等级13],[粉丝团 Lv6]
2026-05-24 22:15:37,99445363305,乆伴卜离,粉丝团灯牌,1,1,[等级13],[粉丝团 Lv7]
2026-05-24 22:15:37,74981769566,你、非我莫属,点亮粉丝团,1,1,[等级14],[粉丝团 Lv8]
2026-05-24 22:15:37,76086339608,伟,粉丝团灯牌,1,1,[等级3],[粉丝团 Lv4]
2026-05-24 22:15:37,76086339608,伟,点亮粉丝团,1,1,[等级3],[粉丝团 Lv3]
2026-05-24 22:15:38,3408077359680494,阿小,点亮粉丝团,1,1,[等级18],[粉丝团 Lv10]
2026-05-24 22:15:38,110898884219,你大爷,小心心,1,1,[等级8],[粉丝团 Lv1]
2026-05-24 22:15:39,96605805767,心動了,点亮粉丝团,1,9,[等级27],[粉丝团 Lv11]
2026-05-24 22:15:39,2258848122937539,岁月沙漏,点亮粉丝团,1,1,[等级13],[粉丝团 Lv6]
2026-05-24 22:15:41,110898884219,你大爷,小心心,1,1,[等级8],[粉丝团 Lv1]
2026-05-24 22:15:42,95894243746,廖星󰠇,为你闪耀,1,9,[等级26],[粉丝团 Lv3]
2026-05-24 22:15:42,96605805767,心動了,粉丝团灯牌,1,1,[等级27],[粉丝团 Lv11]
2026-05-24 22:15:42,96605805767,心動了,点亮粉丝团,1,9,[等级27],[粉丝团 Lv11]
2026-05-24 22:15:42,77416951506,ら孤痞,为你举牌,1,199,[等级37],[粉丝团:张君雅 Lv17]
2026-05-24 22:15:43,1459802641275791,我一定要抽到我推,粉丝团灯牌,1,1,[等级13],[粉丝团 Lv10]
2026-05-24 22:15:45,95894243746,廖星󰠇,为你闪耀,1,9,[等级26],[粉丝团 Lv3]
2026-05-24 22:15:49,4006241142322887,🚬ಇ᭄烈酒࿆ྃ敬໊余生࿐,粉丝团灯牌,1,1,[等级32],[粉丝团 Lv10]
2026-05-24 22:15:56,98305066206,Y18392909119,点亮粉丝团,1,9,[等级26],[粉丝团 Lv11]
2026-05-24 22:15:56,2145873040249732,吃着泡面去蹦迪,平底锅,1,1,[等级21],
2026-05-24 22:15:57,4949513941,🌈As、one,粉丝团灯牌,1,1,[等级13],[粉丝团 Lv11]
2026-05-24 22:15:58,94693923080,光速小子,小心心,1,1,[等级13],[粉丝团 Lv2]
2026-05-24 22:15:59,93615843839,@夜半打更人,点亮粉丝团,1,1,[等级17],[粉丝团 Lv4]
2026-05-24 22:15:59,98305066206,Y18392909119,点亮粉丝团,1,9,[等级26],[粉丝团 Lv11]
2026-05-24 22:15:59,98305066206,Y18392909119,粉丝团灯牌,1,1,[等级26],[粉丝团 Lv11]
2026-05-24 22:15:59,2145873040249732,吃着泡面去蹦迪,平底锅,1,1,[等级21],
2026-05-24 22:16:00,110798213140,管家家政保洁清洗服务中心,小心心,1,1,[等级23],[粉丝团 Lv9]
2026-05-24 22:16:01,79977206128,甜拾贰,点亮粉丝团,1,1,[等级29],[粉丝团 Lv8]
2026-05-24 22:16:01,94693923080,光速小子,小心心,1,1,[等级13],[粉丝团 Lv2]
2026-05-24 22:16:01,1328646128927211,小麦,粉丝团灯牌,1,1,[等级18],[粉丝团 Lv8]
2026-05-24 22:16:01,93615843839,@夜半打更人,点亮粉丝团,1,1,[等级17],[粉丝团 Lv4]
2026-05-24 22:16:01,77349320922,别声张先生,粉丝团灯牌,1,1,[等级13],[粉丝团 Lv9]
2026-05-24 22:16:01,111582669055,情深不寿,粉丝团灯牌,1,1,[等级22],[粉丝团 Lv11]
2026-05-24 22:16:03,110798213140,管家家政保洁清洗服务中心,小心心,1,1,[等级23],[粉丝团 Lv9]
2026-05-24 22:16:03,79977206128,甜拾贰,粉丝团灯牌,1,1,[等级29],[粉丝团 Lv8]
2026-05-24 22:16:03,79977206128,甜拾贰,点亮粉丝团,1,1,[等级29],[粉丝团 Lv8]
2026-05-24 22:16:06,110224659453,糖宝儿,点亮粉丝团,1,1,[等级24],[粉丝团 Lv2]
2026-05-24 22:16:06,84430298672,孙橙汁儿,粉丝团灯牌,1,1,[等级17],[粉丝团 Lv3]
2026-05-24 22:16:07,91508333445,大美新疆你虎哥。,点亮粉丝团,1,1,[等级19],[粉丝团 Lv10]
2026-05-24 22:16:07,110224659453,糖宝儿,粉丝团灯牌,1,1,[等级24],[粉丝团 Lv2]
2026-05-24 22:16:07,110224659453,糖宝儿,点亮粉丝团,1,1,[等级24],[粉丝团 Lv2]
2026-05-24 22:16:08,82998705591,๓温暖°,你最好看,1,2,[等级14],[粉丝团 Lv5]
2026-05-24 22:16:09,101406598563,吴家四少,粉丝团灯牌,1,1,[等级17],[粉丝团 Lv8]
2026-05-24 22:16:10,91508333445,大美新疆你虎哥。,点亮粉丝团,1,1,[等级19],[粉丝团 Lv10]
2026-05-24 22:16:11,82998705591,๓温暖°,你最好看,1,2,[等级14],[粉丝团 Lv5]
2026-05-24 22:16:11,102003597908,ℳঞ清风🍒徐来꧔ꦿ້໌ᮨ࿐,粉丝团灯牌,1,1,[等级11],[粉丝团 Lv4]
2026-05-24 22:16:15,3554041139575647,阿莫的生活,点亮粉丝团,1,9,[等级18],[粉丝团 Lv11]
2026-05-24 22:16:15,81007615627,三宅一生⁵¹⁰⁷⁴,粉丝团灯牌,1,1,[等级29],[粉丝团 Lv16]
2026-05-24 22:16:16,95894243746,廖星󰠇,为你闪耀,1,9,[等级26],[粉丝团 Lv4]
2026-05-24 22:16:18,7522097625132172346,木头你现在在哪,小心心,1,1,[等级3],
2026-05-24 22:16:18,3554041139575647,阿莫的生活,点亮粉丝团,1,9,[等级18],[粉丝团 Lv11]
2026-05-24 22:16:19,95894243746,廖星󰠇,为你闪耀,1,9,[等级26],[粉丝团 Lv4]
2026-05-24 22:16:20,7522097625132172346,木头你现在在哪,小心心,1,1,[等级3],
2026-05-24 22:16:22,473264930699024,内蒙人听不懂蒙族话,你最好看,1,2,[等级1],[粉丝团 Lv2]
2026-05-24 22:16:22,77276496800,21:57,粉丝团灯牌,1,1,[等级36],[粉丝团 Lv5]
2026-05-24 22:16:25,7522097625132172346,木头你现在在哪,入团卡,1,1,[等级3],
2026-05-24 22:16:25,473264930699024,内蒙人听不懂蒙族话,你最好看,1,2,[等级1],[粉丝团 Lv2]
2026-05-24 22:16:25,3554041139575647,阿莫的生活,粉丝团灯牌,1,1,[等级18],[粉丝团 Lv11]
2026-05-24 22:16:27,7522097625132172346,木头你现在在哪,粉丝团灯牌,1,1,[等级3],[粉丝团 Lv1]
2026-05-24 22:16:27,7522097625132172346,木头你现在在哪,入团卡,1,1,[等级3],
2026-05-24 22:16:29,66585315700,꧁༺锋༻꧂,小心心,1,1,[等级8],[粉丝团 Lv3]
2026-05-24 22:16:30,97284591458,一岁可帅了,粉丝团灯牌,1,1,[等级36],[粉丝团 Lv1]
2026-05-24 22:16:32,66585315700,꧁༺锋༻꧂,小心心,1,1,[等级8],[粉丝团 Lv3]
2026-05-24 22:16:34,4424026214376877,靜聼丶細雨落,人气票,1,1,[等级6],
2026-05-24 22:16:35,60479775218,加点糖糖,粉丝团灯牌,1,1,[等级11],[粉丝团 Lv5]
2026-05-24 22:16:36,64220377312,允我,粉丝团灯牌,1,1,[等级36],[粉丝团 Lv10]
2026-05-24 22:16:36,4424026214376877,靜聼丶細雨落,人气票,2,2,[等级6],
2026-05-24 22:16:37,4424026214376877,靜聼丶細雨落,人气票,4,4,[等级6],
2026-05-24 22:16:37,4424026214376877,靜聼丶細雨落,人气票,7,7,[等级6],
2026-05-24 22:16:38,4424026214376877,靜聼丶細雨落,人气票,9,9,[等级6],
2026-05-24 22:16:38,4424026214376877,靜聼丶細雨落,人气票,12,12,[等级6],
2026-05-24 22:16:39,4424026214376877,靜聼丶細雨落,人气票,15,15,[等级7],
2026-05-24 22:16:39,4424026214376877,靜聼丶細雨落,人气票,16,16,[等级7],
2026-05-24 22:16:40,68181614717,🦁,粉丝团灯牌,1,1,[等级23],[粉丝团 Lv11]
2026-05-24 22:16:42,4424026214376877,靜聼丶細雨落,人气票,16,16,[等级7],
2026-05-24 22:16:52,75011302659,梦梦'',粉丝团灯牌,1,1,[等级19],[粉丝团 Lv12]
2026-05-24 22:16:55,54739557386,困不拉几,点亮粉丝团,1,1,[等级12],[粉丝团 Lv6]
2026-05-24 22:16:59,54739557386,困不拉几,点亮粉丝团,1,1,[等级12],[粉丝团 Lv6]
2026-05-24 22:16:59,54739557386,困不拉几,粉丝团灯牌,1,1,[等级12],[粉丝团 Lv7]
2026-05-24 22:16:59,101726292111,え兮兮和妍妍,粉丝团灯牌,1,1,[等级29],[粉丝团 Lv13]
2026-05-24 22:17:03,2601893247320889,浮云丶,粉丝团灯牌,1,1,[等级14],[粉丝团 Lv2]
2026-05-24 22:17:06,92589453730,何以解忧,粉丝团灯牌,1,1,[等级19],[粉丝团 Lv10]
2026-05-24 22:17:07,68399474976,他就是，,粉丝团灯牌,1,1,[等级17],[粉丝团 Lv12]
2026-05-24 22:17:08,1292658367530488,壮鱼,点亮粉丝团,1,1,[等级18],[粉丝团 Lv4]
2026-05-24 22:17:11,1292658367530488,壮鱼,点亮粉丝团,1,1,[等级18],[粉丝团 Lv4]
2026-05-24 22:17:14,1292658367530488,壮鱼,粉丝团灯牌,1,1,[等级18],[粉丝团 Lv4]
2026-05-24 22:17:15,92903206327,一介俗人（梁升海鲜）,人气票,1,1,[等级41],[粉丝团 Lv2]
2026-05-24 22:17:18,92903206327,一介俗人（梁升海鲜）,人气票,1,1,[等级41],[粉丝团 Lv2]
2026-05-24 22:17:22,1865228296131374,你与星空,点亮粉丝团,1,1,[等级23],[粉丝团 Lv3]
2026-05-24 22:17:25,1865228296131374,你与星空,点亮粉丝团,1,1,[等级23],[粉丝团 Lv3]
2026-05-24 22:17:27,60650517252,4864,入团卡,1,1,[等级9],
2026-05-24 22:17:27,72013141126,L灬L,点亮粉丝团,1,1,[等级7],[粉丝团 Lv5]
2026-05-24 22:17:28,4424026214376877,靜聼丶細雨落,人气票,1,1,[等级7],
2026-05-24 22:17:30,60650517252,4864,入团卡,1,1,[等级9],
2026-05-24 22:17:30,72013141126,L灬L,点亮粉丝团,1,1,[等级7],[粉丝团 Lv5]
2026-05-24 22:17:30,4424026214376877,靜聼丶細雨落,人气票,2,2,[等级7],
2026-05-24 22:17:30,4424026214376877,靜聼丶細雨落,人气票,5,5,[等级7],
2026-05-24 22:17:31,4424026214376877,靜聼丶細雨落,人气票,7,7,[等级7],
2026-05-24 22:17:31,4424026214376877,靜聼丶細雨落,人气票,10,10,[等级7],
2026-05-24 22:17:32,4424026214376877,靜聼丶細雨落,人气票,13,13,[等级7],
2026-05-24 22:17:32,4424026214376877,靜聼丶細雨落,人气票,15,15,[等级7],
2026-05-24 22:17:32,4424026214376877,靜聼丶細雨落,人气票,17,17,[等级7],
2026-05-24 22:17:33,99664439489,。。。,粉丝团灯牌,1,1,[等级12],[粉丝团 Lv8]
2026-05-24 22:17:33,4424026214376877,靜聼丶細雨落,人气票,20,20,[等级7],
2026-05-24 22:17:33,4424026214376877,靜聼丶細雨落,人气票,23,23,[等级7],
2026-05-24 22:17:34,4424026214376877,靜聼丶細雨落,人气票,26,26,[等级7],
2026-05-24 22:17:34,4424026214376877,靜聼丶細雨落,人气票,29,29,[等级7],
2026-05-24 22:17:34,98039878996,__丶乄,粉丝团灯牌,1,1,[等级18],[粉丝团 Lv11]
2026-05-24 22:17:37,4424026214376877,靜聼丶細雨落,人气票,29,29,[等级7],
2026-05-24 22:17:38,70303806924,匹夫,小心心,1,1,[等级21],
2026-05-24 22:17:40,70303806924,匹夫,小心心,2,2,[等级21],
2026-05-24 22:17:40,70303806924,匹夫,小心心,3,3,[等级21],
2026-05-24 22:17:40,70303806924,匹夫,小心心,5,5,[等级21],
2026-05-24 22:17:43,70303806924,匹夫,小心心,5,5,[等级21],
2026-05-24 22:17:46,4094190894459075,一介❄️俗人📳,粉丝团灯牌,1,1,[等级5],[粉丝团 Lv7]
2026-05-24 22:17:47,104493251928,天涯*踏雪无痕,点亮粉丝团,1,1,[等级10],[粉丝团 Lv7]
2026-05-24 22:17:48,4089782321285439,M_,粉丝团灯牌,1,1,[等级46],[粉丝团 Lv10]
2026-05-24 22:17:48,92481428737,정지점,点亮粉丝团,1,1,[等级17],[粉丝团 Lv6]
2026-05-24 22:17:50,104493251928,天涯*踏雪无痕,点亮粉丝团,1,1,[等级10],[粉丝团 Lv7]
2026-05-24 22:17:51,92481428737,정지점,点亮粉丝团,1,1,[等级17],[粉丝团 Lv6]
2026-05-24 22:17:51,4089782321285439,M_,为你闪耀,1,9,[等级46],[粉丝团 Lv10]
2026-05-24 22:17:53,2122494872650731,她和他,粉丝团灯牌,1,1,[等级16],[粉丝团 Lv5]
2026-05-24 22:17:53,66581853381,x.c,小心心,1,1,[等级11],[粉丝团 Lv6]
2026-05-24 22:17:54,4089782321285439,M_,为你闪耀,1,9,[等级46],[粉丝团 Lv10]
2026-05-24 22:17:55,59504712113,道崽,点亮粉丝团,1,1,[等级34],[粉丝团 Lv9]
2026-05-24 22:17:55,66581853381,x.c,小心心,1,1,[等级11],[粉丝团 Lv6]
2026-05-24 22:17:58,59504712113,道崽,点亮粉丝团,1,1,[等级34],[粉丝团 Lv9]
2026-05-24 22:17:59,275352230038112,你好    小熊,小心心,1,1,[等级8],
2026-05-24 22:17:59,110118334542,犇犇,粉丝团灯牌,1,1,[等级21],[粉丝团 Lv1]
2026-05-24 22:17:59,95317794045,尼古丁,粉丝团灯牌,1,1,[等级21],[粉丝团 Lv10]
2026-05-24 22:17:59,275352230038112,你好    小熊,小心心,2,2,[等级8],
2026-05-24 22:18:01,275352230038112,你好    小熊,小心心,3,3,[等级8],
2026-05-24 22:18:02,61193508351,SeVen_K、👣,点亮粉丝团,1,1,[等级22],[粉丝团 Lv2]
2026-05-24 22:18:02,275352230038112,你好    小熊,小心心,4,4,[等级8],
2026-05-24 22:18:02,101605365763,᭄💞: ໑ຼₒ₂₆从新💰开始᭄💞,点亮粉丝团,1,1,[等级12],[粉丝团 Lv9]
2026-05-24 22:18:02,66237334421,@এ赶໌ᮨ路🚬人🍶དྷ༗,点亮粉丝团,1,9,[等级18],[粉丝团 Lv11]
2026-05-24 22:18:02,275352230038112,你好    小熊,小心心,5,5,[等级8],
2026-05-24 22:18:02,59504712113,道崽,粉丝团灯牌,1,1,[等级34],[粉丝团 Lv9]
2026-05-24 22:18:03,275352230038112,你好    小熊,小心心,7,7,[等级8],
2026-05-24 22:18:05,61193508351,SeVen_K、👣,点亮粉丝团,1,1,[等级22],[粉丝团 Lv2]
2026-05-24 22:18:05,101605365763,᭄💞: ໑ຼₒ₂₆从新💰开始᭄💞,点亮粉丝团,1,1,[等级12],[粉丝团 Lv9]
2026-05-24 22:18:05,66237334421,@এ赶໌ᮨ路🚬人🍶དྷ༗,点亮粉丝团,1,9,[等级18],[粉丝团 Lv11]
2026-05-24 22:18:05,3329770935029524,☞六月寒,点亮粉丝团,1,1,[等级31],[粉丝团 Lv9]
2026-05-24 22:18:05,275352230038112,你好    小熊,小心心,7,7,[等级8],
2026-05-24 22:18:07,861607089670943,࿐韩先生🎭,点亮粉丝团,1,1,[等级7],[粉丝团 Lv8]
2026-05-24 22:18:07,1490573769064109,彗星的余温,粉丝团灯牌,1,1,[等级19],[粉丝团 Lv5]
2026-05-24 22:18:08,3329770935029524,☞六月寒,点亮粉丝团,1,1,[等级31],[粉丝团 Lv9]
2026-05-24 22:18:09,103595646248,初心不改,小心心,1,1,[等级8],
2026-05-24 22:18:10,861607089670943,࿐韩先生🎭,点亮粉丝团,1,1,[等级7],[粉丝团 Lv8]
2026-05-24 22:18:10,1662057242704557,简单点,点亮粉丝团,1,1,[等级16],[粉丝团 Lv10]
2026-05-24 22:18:11,103595646248,初心不改,小心心,1,1,[等级8],
2026-05-24 22:18:12,92014733434903,.三七,粉丝团灯牌,1,1,[等级25],[粉丝团 Lv13]
2026-05-24 22:18:12,93458715101,许多年以后，,点亮粉丝团,1,1,[等级15],[粉丝团 Lv6]
2026-05-24 22:18:13,1662057242704557,简单点,点亮粉丝团,1,1,[等级16],[粉丝团 Lv10]
2026-05-24 22:18:13,4424026214376877,靜聼丶細雨落,入团卡,1,1,[等级7],
2026-05-24 22:18:13,3329770935029524,☞六月寒,粉丝团灯牌,1,1,[等级31],[粉丝团 Lv9]
2026-05-24 22:18:14,103062685031,🎢过山车,为你闪耀,1,9,[等级40],[粉丝团 Lv12]
2026-05-24 22:18:15,93458715101,许多年以后，,点亮粉丝团,1,1,[等级15],[粉丝团 Lv6]
2026-05-24 22:18:17,4424026214376877,靜聼丶細雨落,入团卡,1,1,[等级7],
2026-05-24 22:18:17,103062685031,🎢过山车,为你闪耀,1,9,[等级40],[粉丝团 Lv12]
2026-05-24 22:18:21,106390429087,人字拖,粉丝团灯牌,1,1,[等级13],[粉丝团 Lv10]
2026-05-24 22:18:21,421804063328311,✎ℳζั͡楊,粉丝团灯牌,1,1,[等级5],[粉丝团 Lv9]
2026-05-24 22:18:23,81486279940,乄夵,点亮粉丝团,1,1,[等级30],[粉丝团 Lv3]
2026-05-24 22:18:25,103833348462,止于心💫💫💫,粉丝团灯牌,1,1,[等级20],[粉丝团 Lv10]
2026-05-24 22:18:25,81486279940,乄夵,点亮粉丝团,1,1,[等级30],[粉丝团 Lv3]
2026-05-24 22:18:26,81486279940,乄夵,粉丝团灯牌,1,1,[等级30],[粉丝团 Lv3]
2026-05-24 22:18:29,93458715101,许多年以后，,粉丝团灯牌,1,1,[等级15],[粉丝团 Lv6]
2026-05-24 22:18:32,4424026214376877,靜聼丶細雨落,粉丝团灯牌,1,1,[等级7],[粉丝团 Lv1]
2026-05-24 22:18:35,106394289209,大蛮大,粉丝团灯牌,1,1,[等级30],[粉丝团 Lv9]
2026-05-24 22:18:41,1112340799422796,木木木,粉丝团灯牌,1,1,[等级21],[粉丝团 Lv14]
2026-05-24 22:18:44,1148331313071271,😜小阿志😜,玫瑰,1,1,[等级25],[粉丝团 Lv12]
2026-05-24 22:18:48,1148331313071271,😜小阿志😜,玫瑰,1,1,[等级25],[粉丝团 Lv12]
2026-05-24 22:18:56,4424026214376877,靜聼丶細雨落,人气票,1,1,[等级7],[粉丝团 Lv1]
2026-05-24 22:18:57,4112632693398812,VII掦,粉丝团灯牌,1,1,[等级29],[粉丝团 Lv10]
2026-05-24 22:18:57,4424026214376877,靜聼丶細雨落,人气票,2,2,[等级7],[粉丝团 Lv1]
2026-05-24 22:18:57,4424026214376877,靜聼丶細雨落,人气票,4,4,[等级7],[粉丝团 Lv1]
2026-05-24 22:18:57,4424026214376877,靜聼丶細雨落,人气票,6,6,[等级8],[粉丝团 Lv1]
2026-05-24 22:18:58,4424026214376877,靜聼丶細雨落,人气票,9,9,[等级8],[粉丝团 Lv1]
2026-05-24 22:18:59,4424026214376877,靜聼丶細雨落,人气票,11,11,[等级8],[粉丝团 Lv1]
2026-05-24 22:18:59,4424026214376877,靜聼丶細雨落,人气票,13,13,[等级8],[粉丝团 Lv1]
2026-05-24 22:18:59,4424026214376877,靜聼丶細雨落,人气票,14,14,[等级8],[粉丝团 Lv1]
2026-05-24 22:18:59,4424026214376877,靜聼丶細雨落,人气票,16,16,[等级8],[粉丝团 Lv1]
2026-05-24 22:18:59,4424026214376877,靜聼丶細雨落,人气票,19,19,[等级8],[粉丝团 Lv1]
2026-05-24 22:19:00,4424026214376877,靜聼丶細雨落,人气票,21,21,[等级8],[粉丝团 Lv1]
2026-05-24 22:19:00,4424026214376877,靜聼丶細雨落,人气票,24,24,[等级8],[粉丝团 Lv1]
2026-05-24 22:19:01,4424026214376877,靜聼丶細雨落,人气票,27,27,[等级8],[粉丝团 Lv1]
2026-05-24 22:19:01,4424026214376877,靜聼丶細雨落,人气票,30,30,[等级8],[粉丝团 Lv1]
2026-05-24 22:19:02,4424026214376877,靜聼丶細雨落,人气票,33,33,[等级8],[粉丝团 Lv1]
2026-05-24 22:19:02,4424026214376877,靜聼丶細雨落,人气票,37,37,[等级8],[粉丝团 Lv1]
2026-05-24 22:19:03,4424026214376877,靜聼丶細雨落,人气票,40,40,[等级8],[粉丝团 Lv1]
2026-05-24 22:19:03,4424026214376877,靜聼丶細雨落,人气票,44,44,[等级8],[粉丝团 Lv1]
2026-05-24 22:19:04,4424026214376877,靜聼丶細雨落,人气票,47,47,[等级9],[粉丝团 Lv1]
2026-05-24 22:19:04,4424026214376877,靜聼丶細雨落,人气票,50,50,[等级9],[粉丝团 Lv1]
2026-05-24 22:19:05,4424026214376877,靜聼丶細雨落,人气票,52,52,[等级9],[粉丝团 Lv1]
2026-05-24 22:19:05,4424026214376877,靜聼丶細雨落,人气票,56,56,[等级9],[粉丝团 Lv1]
2026-05-24 22:19:05,4424026214376877,靜聼丶細雨落,人气票,59,59,[等级9],[粉丝团 Lv1]
2026-05-24 22:19:06,4424026214376877,靜聼丶細雨落,人气票,62,62,[等级9],[粉丝团 Lv1]
2026-05-24 22:19:06,4424026214376877,靜聼丶細雨落,人气票,64,64,[等级9],[粉丝团 Lv1]
2026-05-24 22:19:07,4424026214376877,靜聼丶細雨落,人气票,66,66,[等级9],[粉丝团 Lv1]
2026-05-24 22:19:07,4424026214376877,靜聼丶細雨落,人气票,69,69,[等级9],[粉丝团 Lv1]
2026-05-24 22:19:07,4424026214376877,靜聼丶細雨落,人气票,71,71,[等级9],[粉丝团 Lv1]
2026-05-24 22:19:11,4424026214376877,靜聼丶細雨落,人气票,71,71,[等级9],[粉丝团 Lv1]
2026-05-24 22:19:28,1407028889657838,阿猪🐷,粉丝团灯牌,1,1,[等级27],[粉丝团 Lv12]
2026-05-24 22:19:45,4424026214376877,靜聼丶細雨落,小心心,1,1,[等级9],[粉丝团 Lv1]
2026-05-24 22:19:48,4424026214376877,靜聼丶細雨落,小心心,1,1,[等级9],[粉丝团 Lv1]
2026-05-24 22:19:50,1588120450248941,觉扰,粉丝团灯牌,1,1,[等级14],[粉丝团 Lv11]
2026-05-24 22:19:50,421830521787181,筱,小心心,1,1,[等级20],[粉丝团 Lv11]
2026-05-24 22:19:54,421830521787181,筱,小心心,1,1,[等级20],[粉丝团 Lv11]
2026-05-24 22:20:09,7446384745104294969,我才是帅哥,粉丝团灯牌,1,1,[等级7],[粉丝团 Lv4]
2026-05-24 22:20:10,421830521787181,筱,人气票,1,1,[等级20],[粉丝团 Lv11]
2026-05-24 22:20:14,3003478497825112,清序爽月·如初,小心心,1,1,[等级22],[粉丝团 Lv10]
2026-05-24 22:20:14,421830521787181,筱,人气票,1,1,[等级20],[粉丝团 Lv11]
2026-05-24 22:20:16,3003478497825112,清序爽月·如初,小心心,1,1,[等级22],[粉丝团 Lv10]
2026-05-24 22:20:16,75190000130,≯玉erい,你最好看,1,2,[等级16],[粉丝团 Lv5]
2026-05-24 22:20:19,75190000130,≯玉erい,你最好看,1,2,[等级16],[粉丝团 Lv5]
2026-05-24 22:20:36,1471620552852627,憨睡小熊,点亮粉丝团,1,1,[等级10],[粉丝团 Lv3]
2026-05-24 22:20:39,1471620552852627,憨睡小熊,点亮粉丝团,1,1,[等级10],[粉丝团 Lv3]
2026-05-24 22:20:44,1257440102592381,2467卡0,小心心,1,1,[等级34],[粉丝团 Lv16]
2026-05-24 22:20:47,1257440102592381,2467卡0,小心心,1,1,[等级34],[粉丝团 Lv16]
2026-05-24 22:20:49,59681079638,扬中芬琳漆,粉丝团灯牌,1,1,[等级29],[粉丝团 Lv11]
2026-05-24 22:21:12,74558977317,俊哥 ♛ JimmY,点亮粉丝团,1,1,[等级34],[粉丝团 Lv9]
2026-05-24 22:21:14,74558977317,俊哥 ♛ JimmY,点亮粉丝团,1,1,[等级34],[粉丝团 Lv9]
2026-05-24 22:21:16,4230517441693838,李君毅,粉丝团灯牌,1,1,[等级13],[粉丝团 Lv10]
2026-05-24 22:21:21,74558977317,俊哥 ♛ JimmY,粉丝团灯牌,1,1,[等级34],[粉丝团 Lv9]
2026-05-24 22:21:25,74558977317,俊哥 ♛ JimmY,为你闪耀,1,9,[等级34],[粉丝团 Lv9]
2026-05-24 22:21:29,74558977317,俊哥 ♛ JimmY,为你闪耀,1,9,[等级34],[粉丝团 Lv9]
2026-05-24 22:21:37,73074792390,执念,粉丝团灯牌,1,1,[等级31],[粉丝团 Lv11]
2026-05-24 22:21:44,82447520117,ᯅ 对方已取消,粉丝团灯牌,1,1,[等级18],[粉丝团 Lv9]
2026-05-24 22:21:47,52193370022,Peri,粉丝团灯牌,1,1,[等级18],[粉丝团 Lv13]
2026-05-24 22:21:49,108466275626,超越与改变,粉丝团灯牌,1,1,[等级27],[粉丝团 Lv9]
2026-05-24 22:21:59,98383465980,🧸·,点亮粉丝团,1,1,[等级21],[粉丝团 Lv2]
2026-05-24 22:22:02,98383465980,🧸·,粉丝团灯牌,1,1,[等级21],[粉丝团 Lv2]
2026-05-24 22:22:02,98383465980,🧸·,点亮粉丝团,1,1,[等级21],[粉丝团 Lv2]
2026-05-24 22:22:17,849298153805198,羊马佳诚车行 亿顺力,点亮粉丝团,1,1,[等级12],[粉丝团 Lv10]
2026-05-24 22:22:20,849298153805198,羊马佳诚车行 亿顺力,点亮粉丝团,1,1,[等级12],[粉丝团 Lv10]
2026-05-24 22:22:20,100988433191,☞*^_^*涛☜,粉丝团灯牌,1,1,[等级8],[粉丝团 Lv9]
2026-05-24 22:22:20,849298153805198,羊马佳诚车行 亿顺力,粉丝团灯牌,1,1,[等级12],[粉丝团 Lv10]
2026-05-24 22:22:24,64864078792,辣椒炒肉拌面,粉丝团灯牌,1,1,[等级31],[粉丝团 Lv11]
2026-05-24 22:22:33,83406614768,笑出腹肌,你最好看,1,2,[等级9],[粉丝团 Lv1]
2026-05-24 22:22:35,103853803317,凴,粉丝团灯牌,1,1,[等级34],[粉丝团 Lv13]
2026-05-24 22:22:35,83406614768,笑出腹肌,你最好看,1,2,[等级9],[粉丝团 Lv1]
2026-05-24 22:22:37,65716536165,兮🥝,粉丝团灯牌,1,1,[等级21],[粉丝团 Lv12]
2026-05-24 22:22:44,51877184166,团团,玫瑰,1,1,[等级19],
2026-05-24 22:22:47,51877184166,团团,玫瑰,1,1,[等级19],
2026-05-24 22:22:49,7567403286325478437,日行一善积大德，日行多善积积大大德,粉丝团灯牌,1,1,[等级10],[粉丝团 Lv10]
2026-05-24 22:22:52,97071311956,给我瘦发财了！,点亮粉丝团,1,1,[等级8],[粉丝团 Lv8]
2026-05-24 22:22:55,97071311956,给我瘦发财了！,点亮粉丝团,1,1,[等级8],[粉丝团 Lv8]
2026-05-24 22:22:57,93250776284,蘇丹~zZ ,粉丝团灯牌,1,1,[等级12],[粉丝团 Lv12]
2026-05-24 22:23:00,1229719207416484,一个好人,点亮粉丝团,1,1,[等级14],[粉丝团 Lv5]
2026-05-24 22:23:01,3768755099018747,风,粉丝团灯牌,1,1,[等级18],[粉丝团 Lv11]
2026-05-24 22:23:02,1229719207416484,一个好人,点亮粉丝团,1,1,[等级14],[粉丝团 Lv5]
2026-05-24 22:23:09,1227504562999544,君念安,粉丝团灯牌,1,1,[等级17],[粉丝团 Lv10]
2026-05-24 22:23:15,61181970006,消遣  、,平底锅,1,1,[等级16],[粉丝团 Lv8]
2026-05-24 22:23:18,61181970006,消遣  、,平底锅,1,1,[等级16],[粉丝团 Lv8]
2026-05-24 22:23:20,3324520424280109,哆哆,点亮粉丝团,1,9,[等级32],[粉丝团 Lv12]
2026-05-24 22:23:22,67664148226,十月L,点亮粉丝团,1,1,[等级12],[粉丝团 Lv10]
2026-05-24 22:23:23,3324520424280109,哆哆,点亮粉丝团,1,9,[等级32],[粉丝团 Lv12]
2026-05-24 22:23:24,3324520424280109,哆哆,粉丝团灯牌,1,1,[等级32],[粉丝团 Lv12]
2026-05-24 22:23:26,67664148226,十月L,点亮粉丝团,1,1,[等级12],[粉丝团 Lv10]
2026-05-24 22:23:30,62919005289,慌慌张张,点亮粉丝团,1,1,[等级21],[粉丝团 Lv10]
2026-05-24 22:23:31,2313002745869431,🌈霍奇猜想¹²⁰⁸♥,粉丝团灯牌,1,1,[等级28],[粉丝团 Lv15]
2026-05-24 22:23:32,62919005289,慌慌张张,粉丝团灯牌,1,1,[等级21],[粉丝团 Lv10]
2026-05-24 22:23:32,62919005289,慌慌张张,点亮粉丝团,1,1,[等级21],[粉丝团 Lv10]
2026-05-24 22:23:34,92085058866,󠀀󠀀󠀀󠀀󠀀󠀀　󠀀󠀀󠀀,粉丝团灯牌,1,1,[等级13],[粉丝团 Lv9]
2026-05-24 22:23:45,71078095277,大黑,粉丝团灯牌,1,1,[等级12],[粉丝团 Lv9]
2026-05-24 22:23:47,2858340216217336,ㅤㅤ︃ㅤ︃︅︄︃   ㅤㅤ,粉丝团灯牌,1,1,[等级44],[粉丝团 Lv12]
2026-05-24 22:23:48,3103292783856507,海哥,粉丝团灯牌,1,1,[等级14],[粉丝团 Lv10]
2026-05-24 22:23:51,92601456787,無言以对,点亮粉丝团,1,1,[等级23],[粉丝团 Lv10]
2026-05-24 22:23:53,59517996954,起风了🌪,点亮粉丝团,1,1,[等级21],[粉丝团 Lv7]
2026-05-24 22:23:55,92601456787,無言以对,点亮粉丝团,1,1,[等级23],[粉丝团 Lv10]
2026-05-24 22:23:55,59517996954,起风了🌪,点亮粉丝团,1,1,[等级21],[粉丝团 Lv7]
2026-05-24 22:24:02,1723658550129847,只为您,粉丝团灯牌,1,1,[等级28],[粉丝团 Lv13]
2026-05-24 22:24:08,106729703660,💫布衣✨陳💦,点亮粉丝团,1,1,[等级13],[粉丝团 Lv7]
2026-05-24 22:24:11,106729703660,💫布衣✨陳💦,点亮粉丝团,1,1,[等级13],[粉丝团 Lv7]
2026-05-24 22:24:16,75190000130,≯玉erい,你最好看,1,2,[等级16],[粉丝团 Lv5]
2026-05-24 22:24:16,93211399408,边ༀ界,粉丝团灯牌,1,1,[等级32],[粉丝团 Lv13]
2026-05-24 22:24:19,75190000130,≯玉erい,你最好看,1,2,[等级16],[粉丝团 Lv5]
2026-05-24 22:24:29,1268188511223116,🤡,粉丝团灯牌,1,1,[等级22],[粉丝团 Lv11]
2026-05-24 22:24:33,2296209410387694,过客.ᶻ,粉丝团灯牌,1,1,[等级32],[粉丝团 Lv15]
2026-05-24 22:24:35,3834709536157515,🥤🤬,点亮粉丝团,1,1,[等级14],[粉丝团 Lv10]
2026-05-24 22:24:37,3692632515574204,魁爷,点亮粉丝团,1,1,[等级1],[粉丝团 Lv2]
2026-05-24 22:24:38,98022442209,Prisoner,粉丝团灯牌,1,1,[等级9],[粉丝团 Lv10]
2026-05-24 22:24:39,3834709536157515,🥤🤬,点亮粉丝团,1,1,[等级14],[粉丝团 Lv10]
2026-05-24 22:24:41,3692632515574204,魁爷,点亮粉丝团,1,1,[等级1],[粉丝团 Lv2]
2026-05-24 22:24:42,3834709536157515,🥤🤬,粉丝团灯牌,1,1,[等级14],[粉丝团 Lv10]
2026-05-24 22:24:42,3692632515574204,魁爷,粉丝团灯牌,1,1,[等级2],[粉丝团 Lv2]
2026-05-24 22:24:45,2915494115155092,钝感力,点亮粉丝团,1,1,[等级9],[粉丝团 Lv7]
2026-05-24 22:24:48,2915494115155092,钝感力,点亮粉丝团,1,1,[等级9],[粉丝团 Lv7]
2026-05-24 22:24:49,62599672492,雨琦安,粉丝团灯牌,1,1,[等级23],[粉丝团 Lv11]
2026-05-24 22:24:58,7523124109607666747,花和尚,点亮粉丝团,1,9,[等级17],[粉丝团 Lv11]
2026-05-24 22:24:58,69423486221,默,粉丝团灯牌,1,1,[等级18],[粉丝团 Lv10]
2026-05-24 22:25:01,7523124109607666747,花和尚,粉丝团灯牌,1,1,[等级17],[粉丝团 Lv11]
2026-05-24 22:25:01,7523124109607666747,花和尚,点亮粉丝团,1,9,[等级17],[粉丝团 Lv11]
2026-05-24 22:25:04,71065622521,J·ᰔᩚlᐝ🦩,点亮粉丝团,1,1,[等级11],[粉丝团 Lv7]
2026-05-24 22:25:06,23701467823,关东糖,点亮粉丝团,1,1,[等级11],[粉丝团 Lv7]
2026-05-24 22:25:06,71065622521,J·ᰔᩚlᐝ🦩,点亮粉丝团,1,1,[等级11],[粉丝团 Lv7]
2026-05-24 22:25:09,23701467823,关东糖,点亮粉丝团,1,1,[等级11],[粉丝团 Lv7]
2026-05-24 22:25:13,51081426112,小桃,点亮粉丝团,1,1,[等级21],[粉丝团 Lv9]
2026-05-24 22:25:14,4182160949904508,✨锦鲤附体✨,粉丝团灯牌,1,1,[等级17],[粉丝团 Lv2]
2026-05-24 22:25:15,107753266109,靓仔 ²₂²,粉丝团灯牌,1,1,[等级20],[粉丝团 Lv15]
2026-05-24 22:25:16,51081426112,小桃,点亮粉丝团,1,1,[等级21],[粉丝团 Lv9]
2026-05-24 22:25:18,68081358837,🇨🇳君之默🐎,粉丝团灯牌,1,1,[等级36],[粉丝团 Lv10]
2026-05-24 22:25:27,68709175027,呜哇喵,粉丝团灯牌,1,1,[等级12],[粉丝团 Lv10]
2026-05-24 22:25:27,3381740910676051,彩,点亮粉丝团,1,1,[等级14],[粉丝团 Lv4]
2026-05-24 22:25:27,96630542063,٩◔̯◔۶,点亮粉丝团,1,1,[等级2],[粉丝团 Lv1]
2026-05-24 22:25:28,51005747639803,掏心窝子,粉丝团灯牌,1,1,[等级10],[粉丝团 Lv9]
2026-05-24 22:25:28,64618992071,我五岁了,粉丝团灯牌,1,1,[等级28],[粉丝团 Lv15]
2026-05-24 22:25:30,96630542063,٩◔̯◔۶,点亮粉丝团,1,1,[等级2],[粉丝团 Lv1]
2026-05-24 22:25:30,3381740910676051,彩,点亮粉丝团,1,1,[等级14],[粉丝团 Lv4]
2026-05-24 22:25:31,264312463303399,初 九,粉丝团灯牌,1,1,[等级32],[粉丝团 Lv12]
2026-05-24 22:25:43,70988111361,小肥牛,小心心,1,1,[等级33],[粉丝团 Lv15]
2026-05-24 22:25:44,135930542040547,烟瘾⁷⁷⁹⁸,粉丝团灯牌,1,1,[等级17],[粉丝团 Lv10]
2026-05-24 22:25:46,70988111361,小肥牛,小心心,1,1,[等级33],[粉丝团 Lv15]
2026-05-24 22:25:49,3514510477390318,遗憾丶,粉丝团灯牌,1,1,[等级19],[粉丝团 Lv14]
2026-05-24 22:25:50,68551964192,年愁的今夜,点亮粉丝团,1,1,[等级15],[粉丝团 Lv8]
2026-05-24 22:25:51,1506801413001801,🌈永远挺宝哥👍🏻,点亮粉丝团,1,1,[等级9],[粉丝团 Lv3]
2026-05-24 22:25:53,68551964192,年愁的今夜,点亮粉丝团,1,1,[等级15],[粉丝团 Lv8]
2026-05-24 22:25:54,1506801413001801,🌈永远挺宝哥👍🏻,点亮粉丝团,1,1,[等级9],[粉丝团 Lv3]
2026-05-24 22:25:54,2615076077184284,Yuna,粉丝团灯牌,1,1,[等级19],[粉丝团 Lv11]
2026-05-24 22:26:09,105090376843,听说抖音名字可以取很长原来真的可以取很长,粉丝团灯牌,1,1,[等级29],[粉丝团 Lv10]
2026-05-24 22:26:16,70988111361,小肥牛,小心心,1,1,[等级33],[粉丝团 Lv15]
2026-05-24 22:26:19,70988111361,小肥牛,小心心,1,1,[等级33],[粉丝团 Lv15]
2026-05-24 22:26:24,63788630842,阿德,粉丝团灯牌,1,1,[等级29],[粉丝团 Lv1]
2026-05-24 22:26:26,3280534385210219,仰☆望★星☆空,粉丝团灯牌,1,1,[等级34],[粉丝团 Lv11]
2026-05-24 22:26:32,3865524108536667,果果,粉丝团灯牌,1,1,[等级24],[粉丝团 Lv11]
2026-05-24 22:26:34,81658630453,Zinnia,点亮粉丝团,1,1,[等级10],[粉丝团 Lv10]
2026-05-24 22:26:34,105742520904,二九,粉丝团灯牌,1,1,[等级19],[粉丝团 Lv7]
2026-05-24 22:26:36,81658630453,Zinnia,点亮粉丝团,1,1,[等级10],[粉丝团 Lv10]
2026-05-24 22:26:50,84731263908,心动9,为你闪耀,1,9,[等级37],[粉丝团 Lv13]
2026-05-24 22:26:52,78022148039,满满（旭旭宝宝传媒）,跑车,1,1200,[等级29],[粉丝团 Lv3]
2026-05-24 22:26:53,84731263908,心动9,为你闪耀,1,9,[等级37],[粉丝团 Lv13]
2026-05-24 22:26:56,80522934160,Miss.Zhou,点亮粉丝团,1,1,[等级21],[粉丝团 Lv10]
2026-05-24 22:26:59,80522934160,Miss.Zhou,点亮粉丝团,1,1,[等级21],[粉丝团 Lv10]
2026-05-24 22:27:10,2579915556534884,🌈山有木兮🎉,小心心,1,1,[等级1],
2026-05-24 22:27:13,2579915556534884,🌈山有木兮🎉,小心心,1,1,[等级1],
2026-05-24 22:27:16,75089083579,边境直发俄代🇷🇺,点亮粉丝团,1,1,[等级14],[粉丝团 Lv8]
2026-05-24 22:27:20,75089083579,边境直发俄代🇷🇺,点亮粉丝团,1,1,[等级14],[粉丝团 Lv8]
2026-05-24 22:27:27,75089083579,边境直发俄代🇷🇺,粉丝团灯牌,1,1,[等级14],[粉丝团 Lv8]
2026-05-24 22:27:29,64607269521,McGrady麦子,粉丝团灯牌,1,1,[等级23],[粉丝团 Lv11]
2026-05-24 22:27:30,86624924770,无数颗星星,粉丝团灯牌,1,1,[等级4],[粉丝团 Lv6]
2026-05-24 22:27:30,4388851907302136,@陈亮@,点亮粉丝团,1,1,[等级20],[粉丝团 Lv10]
2026-05-24 22:27:32,4094200783046139,顺其自然★,粉丝团灯牌,1,1,[等级34],[粉丝团 Lv10]
2026-05-24 22:27:34,4388851907302136,@陈亮@,点亮粉丝团,1,1,[等级20],[粉丝团 Lv10]
2026-05-24 22:27:34,2685482909575307,zwy,点亮粉丝团,1,1,[等级20],[粉丝团 Lv6]
2026-05-24 22:27:37,2685482909575307,zwy,粉丝团灯牌,1,1,[等级20],[粉丝团 Lv6]
2026-05-24 22:27:37,2685482909575307,zwy,点亮粉丝团,1,1,[等级20],[粉丝团 Lv6]
2026-05-24 22:27:38,94903794510,L,粉丝团灯牌,1,1,[等级21],[粉丝团 Lv9]
2026-05-24 22:27:41,95015933944,#*,小心心,1,1,[等级14],
2026-05-24 22:27:44,95015933944,#*,小心心,1,1,[等级14],
2026-05-24 22:27:47,74100859939,RE,粉丝团灯牌,1,1,[等级31],[粉丝团 Lv12]
2026-05-24 22:27:53,104768790955,遇事不慌张女士,粉丝团灯牌,1,1,[等级19],[粉丝团 Lv12]
2026-05-24 22:27:55,60285368669,豆汁,粉丝团灯牌,1,1,[等级18],[粉丝团 Lv7]
2026-05-24 22:27:55,58551350702,暂时的记号,粉丝团灯牌,1,1,[等级14],[粉丝团 Lv11]
2026-05-24 22:28:11,761308935368808,@爱意随风起@,小心心,1,1,[等级13],[粉丝团 Lv8]
2026-05-24 22:28:13,3865501852515271,❄️十贰銳🤍,粉丝团灯牌,1,1,[等级23],[粉丝团 Lv7]
2026-05-24 22:28:13,87900359390,一个怡,粉丝团灯牌,1,1,[等级10],[粉丝团 Lv5]
2026-05-24 22:28:14,761308935368808,@爱意随风起@,小心心,1,1,[等级13],[粉丝团 Lv8]
2026-05-24 22:28:25,82513200655,红烧肉>ε<,点亮粉丝团,1,1,[等级11],[粉丝团 Lv3]
2026-05-24 22:28:26,75993788308,不见,粉丝团灯牌,1,1,[等级11],[粉丝团 Lv12]
2026-05-24 22:28:28,82513200655,红烧肉>ε<,点亮粉丝团,1,1,[等级11],[粉丝团 Lv3]
2026-05-24 22:28:30,95941346995,🌈Ifeelgood,粉丝团灯牌,1,1,[等级21],[粉丝团 Lv11]
2026-05-24 22:28:30,55923930082,奥.,点亮粉丝团,1,1,[等级14],[粉丝团 Lv6]
2026-05-24 22:28:33,83732916212,嘎哈🌼,点亮粉丝团,1,9,[等级31],[粉丝团 Lv11]
2026-05-24 22:28:33,55923930082,奥.,粉丝团灯牌,1,1,[等级14],[粉丝团 Lv6]
2026-05-24 22:28:33,55923930082,奥.,点亮粉丝团,1,1,[等级14],[粉丝团 Lv6]
2026-05-24 22:28:34,75156592980,胡🔥哥🧛‍♂️༗,粉丝团灯牌,1,1,[等级17],[粉丝团 Lv13]
2026-05-24 22:28:36,83732916212,嘎哈🌼,粉丝团灯牌,1,1,[等级31],[粉丝团 Lv11]
2026-05-24 22:28:36,83732916212,嘎哈🌼,点亮粉丝团,1,9,[等级31],[粉丝团 Lv11]
2026-05-24 22:28:42,86969438151,@辉哥,点亮粉丝团,1,1,[等级10],[粉丝团 Lv8]
2026-05-24 22:28:43,86301772404,雷神哥,粉丝团灯牌,1,1,[等级32],[粉丝团 Lv9]
2026-05-24 22:28:45,86969438151,@辉哥,点亮粉丝团,1,1,[等级10],[粉丝团 Lv8]
2026-05-24 22:28:46,59815858334,鞭炮炸牛屎,点亮粉丝团,1,1,[等级30],[粉丝团 Lv10]
2026-05-24 22:28:50,59815858334,鞭炮炸牛屎,点亮粉丝团,1,1,[等级30],[粉丝团 Lv10]
2026-05-24 22:29:03,1522199050333672,綦河里的鱼,粉丝团灯牌,1,1,[等级14],[粉丝团 Lv11]
2026-05-24 22:29:05,109506072446,时迁,粉丝团灯牌,1,1,[等级19],[粉丝团 Lv14]
2026-05-24 22:29:10,59815858334,鞭炮炸牛屎,人气票,1,1,[等级30],[粉丝团 Lv10]
2026-05-24 22:29:11,19849967042,捡球小子,小心心,1,1,[等级11],[粉丝团 Lv10]
2026-05-24 22:29:13,59815858334,鞭炮炸牛屎,人气票,1,1,[等级30],[粉丝团 Lv10]
2026-05-24 22:29:15,19849967042,捡球小子,小心心,1,1,[等级11],[粉丝团 Lv10]
2026-05-24 22:29:15,2905369106198536,Chase·Jungle,粉丝团灯牌,1,1,[等级10],[粉丝团 Lv7]
2026-05-24 22:29:21,2843765663608188,鱼汤鱼鱼鱼,粉丝团灯牌,1,1,[等级9],[粉丝团 Lv7]
2026-05-24 22:29:22,103207276706,黑白间,人气票,1,1,[等级14],[粉丝团 Lv10]
2026-05-24 22:29:25,19849967042,捡球小子,你最好看,1,2,[等级11],[粉丝团 Lv10]
2026-05-24 22:29:25,103207276706,黑白间,人气票,1,1,[等级14],[粉丝团 Lv10]
2026-05-24 22:29:27,91632434183,开心,粉丝团灯牌,1,1,[等级19],[粉丝团 Lv9]
2026-05-24 22:29:28,19849967042,捡球小子,你最好看,1,2,[等级11],[粉丝团 Lv10]
2026-05-24 22:29:30,104640690948,诱惑,大啤酒,1,2,[等级18],[粉丝团 Lv11]
2026-05-24 22:29:30,3865528861460349,杨眉兔起,粉丝团灯牌,1,1,[等级35],[粉丝团 Lv12]
2026-05-24 22:29:32,104640690948,诱惑,大啤酒,1,2,[等级18],[粉丝团 Lv11]
2026-05-24 22:29:38,4002672530436323,anonymity,粉丝团灯牌,1,1,[等级27],[粉丝团 Lv3]
2026-05-24 22:29:40,84578997742,俊。,点亮粉丝团,1,1,[等级20],[粉丝团 Lv5]
2026-05-24 22:29:42,84578997742,俊。,点亮粉丝团,1,1,[等级20],[粉丝团 Lv5]
2026-05-24 22:29:48,2678053010423587,YM,粉丝团灯牌,1,1,[等级9],[粉丝团 Lv11]
2026-05-24 22:29:52,380869990956723,屿飌,粉丝团灯牌,1,1,[等级12],[粉丝团 Lv10]
2026-05-24 22:29:54,84578997742,俊。,粉丝团灯牌,1,1,[等级20],[粉丝团 Lv5]
2026-05-24 22:30:04,2749241973542558,🌸ღ᭄就是你এ᭄,粉丝团灯牌,1,1,[等级20],[粉丝团 Lv11]
2026-05-24 22:30:06,102841622022,꧔ꦿ᭄ 自ঞᩚ渡꧔ꦿ᭄,点亮粉丝团,1,1,[等级13],[粉丝团 Lv9]
2026-05-24 22:30:06,97977109675,帆哥哥,点亮粉丝团,1,1,[等级36],[粉丝团 Lv6]
2026-05-24 22:30:09,102841622022,꧔ꦿ᭄ 自ঞᩚ渡꧔ꦿ᭄,点亮粉丝团,1,1,[等级13],[粉丝团 Lv9]
2026-05-24 22:30:09,1461681511740124,偌希宝贝,点亮粉丝团,1,1,[等级13],[粉丝团 Lv3]
2026-05-24 22:30:09,97977109675,帆哥哥,点亮粉丝团,1,1,[等级36],[粉丝团 Lv6]
2026-05-24 22:30:10,7446793043845841979,风辣,小心心,1,1,[等级18],[粉丝团 Lv7]
2026-05-24 22:30:11,1461681511740124,偌希宝贝,点亮粉丝团,1,1,[等级13],[粉丝团 Lv3]
2026-05-24 22:30:11,1461681511740124,偌希宝贝,粉丝团灯牌,1,1,[等级13],[粉丝团 Lv3]
2026-05-24 22:30:12,50826103303,大圆胖哥,点亮粉丝团,1,1,[等级17],[粉丝团 Lv5]
2026-05-24 22:30:13,7446793043845841979,风辣,小心心,1,1,[等级18],[粉丝团 Lv7]
2026-05-24 22:30:15,50826103303,大圆胖哥,点亮粉丝团,1,1,[等级17],[粉丝团 Lv5]
2026-05-24 22:30:18,421830521787181,筱,小心心,1,1,[等级20],[粉丝团 Lv11]
2026-05-24 22:30:18,104637021682,🌈祁公子,粉丝团灯牌,1,1,[等级36],[粉丝团 Lv4]
2026-05-24 22:30:21,50826103303,大圆胖哥,粉丝团灯牌,1,1,[等级17],[粉丝团 Lv5]
2026-05-24 22:30:21,421830521787181,筱,小心心,1,1,[等级20],[粉丝团 Lv11]
2026-05-24 22:30:23,4277539570204411,叼烟pk不掉灰,粉丝团灯牌,1,1,[等级31],[粉丝团 Lv11]
2026-05-24 22:30:28,2621651578015143,ocean blue,粉丝团灯牌,1,1,[等级19],[粉丝团 Lv5]
2026-05-24 22:30:28,109253810183,yjfs,点亮粉丝团,1,1,[等级5],[粉丝团 Lv8]
2026-05-24 22:30:31,109253810183,yjfs,点亮粉丝团,1,1,[等级5],[粉丝团 Lv8]
2026-05-24 22:30:32,109253810183,yjfs,粉丝团灯牌,1,1,[等级5],[粉丝团 Lv8]
2026-05-24 22:30:34,3364982269687095,ABc.De,粉丝团灯牌,1,1,[等级12],[粉丝团 Lv5]
2026-05-24 22:30:36,59045638503,奋发图强,粉丝团灯牌,1,1,[等级28],[粉丝团 Lv9]
2026-05-24 22:30:37,84679043994,孓㤅！,小心心,1,1,[等级17],[粉丝团 Lv1]
2026-05-24 22:30:37,84679043994,孓㤅！,小心心,3,3,[等级17],[粉丝团 Lv1]
2026-05-24 22:30:37,84679043994,孓㤅！,小心心,6,6,[等级17],[粉丝团 Lv1]
2026-05-24 22:30:39,3355335336672572,断线,粉丝团灯牌,1,1,[等级14],[粉丝团 Lv11]
2026-05-24 22:30:40,105518274564,一刀,点亮粉丝团,1,1,[等级38],[粉丝团 Lv8]
2026-05-24 22:30:40,84679043994,孓㤅！,小心心,6,6,[等级17],[粉丝团 Lv1]
2026-05-24 22:30:43,105518274564,一刀,粉丝团灯牌,1,1,[等级38],[粉丝团 Lv8]
2026-05-24 22:30:43,105518274564,一刀,点亮粉丝团,1,1,[等级38],[粉丝团 Lv8]
2026-05-24 22:30:44,4234973216511859,吃口香菜,人气票,1,1,[等级13],
2026-05-24 22:30:44,2638447444242488,好运时间,点亮粉丝团,1,1,[等级12],[粉丝团 Lv6]
2026-05-24 22:30:46,104455392286,花自凋零、逝水不回头,粉丝团灯牌,1,1,[等级14],[粉丝团 Lv9]
2026-05-24 22:30:46,209346695008843,忘忧,点亮粉丝团,1,1,[等级2],[粉丝团 Lv5]
2026-05-24 22:30:46,93225930563,老郝,粉丝团灯牌,1,1,[等级12],[粉丝团 Lv8]
2026-05-24 22:30:46,4234973216511859,吃口香菜,人气票,1,1,[等级13],
2026-05-24 22:30:47,2638447444242488,好运时间,点亮粉丝团,1,1,[等级12],[粉丝团 Lv6]
2026-05-24 22:30:48,72470239012,滴哩哩,小心心,1,1,[等级14],[粉丝团 Lv3]
2026-05-24 22:30:48,82118318153,强哥,粉丝团灯牌,1,1,[等级13],[粉丝团 Lv4]
2026-05-24 22:30:48,72470239012,滴哩哩,小心心,2,2,[等级14],[粉丝团 Lv3]
2026-05-24 22:30:48,209346695008843,忘忧,点亮粉丝团,1,1,[等级2],[粉丝团 Lv5]
2026-05-24 22:30:50,3997449610337415,鹿稚,点亮粉丝团,1,1,[等级10],[粉丝团 Lv10]
2026-05-24 22:30:50,96905665799,微凉,点亮粉丝团,1,9,[等级21],[粉丝团 Lv11]
2026-05-24 22:30:50,72470239012,滴哩哩,小心心,3,3,[等级14],[粉丝团 Lv3]
2026-05-24 22:30:51,96905665799,微凉,粉丝团灯牌,1,1,[等级21],[粉丝团 Lv11]
2026-05-24 22:30:51,96905665799,微凉,点亮粉丝团,1,9,[等级21],[粉丝团 Lv11]
2026-05-24 22:30:52,3997449610337415,鹿稚,点亮粉丝团,1,1,[等级10],[粉丝团 Lv10]
2026-05-24 22:30:54,72470239012,滴哩哩,小心心,3,3,[等级14],[粉丝团 Lv3]
2026-05-24 22:30:54,2638447444242488,好运时间,粉丝团灯牌,1,1,[等级12],[粉丝团 Lv6]
2026-05-24 22:30:55,98847548356,WRH31,粉丝团灯牌,1,1,[等级17],[粉丝团 Lv12]
2026-05-24 22:30:55,3997449610337415,鹿稚,粉丝团灯牌,1,1,[等级10],[粉丝团 Lv10]
2026-05-24 22:30:56,72470239012,滴哩哩,点亮粉丝团,1,1,[等级14],[粉丝团 Lv3]
2026-05-24 22:30:58,72470239012,滴哩哩,点亮粉丝团,1,1,[等级14],[粉丝团 Lv3]
2026-05-24 22:31:02,774513741268264,🔥🔥🔥,点亮粉丝团,1,1,[等级7],[粉丝团 Lv2]
2026-05-24 22:31:04,774513741268264,🔥🔥🔥,点亮粉丝团,1,1,[等级7],[粉丝团 Lv2]
2026-05-24 22:31:06,2151080207582445,過客,点亮粉丝团,1,1,[等级15],[粉丝团 Lv10]
2026-05-24 22:31:08,78799576317,leo大萌,点亮粉丝团,1,1,[等级12],[粉丝团 Lv4]
2026-05-24 22:31:08,2151080207582445,過客,点亮粉丝团,1,1,[等级15],[粉丝团 Lv10]
2026-05-24 22:31:10,62760733566,Ye熏熏,入团卡,1,1,[等级31],
2026-05-24 22:31:11,78799576317,leo大萌,点亮粉丝团,1,1,[等级12],[粉丝团 Lv4]
2026-05-24 22:31:13,62760733566,Ye熏熏,入团卡,1,1,[等级31],
2026-05-24 22:31:16,62760733566,Ye熏熏,粉丝团灯牌,1,1,[等级31],[粉丝团 Lv1]
2026-05-24 22:31:18,3302568020159067,人生如戏全靠演技,点亮粉丝团,1,9,[等级30],[粉丝团 Lv11]
2026-05-24 22:31:19,95590473829,归云,粉丝团灯牌,1,1,[等级22],[粉丝团 Lv8]
2026-05-24 22:31:19,3302568020159067,人生如戏全靠演技,粉丝团灯牌,1,1,[等级30],[粉丝团 Lv11]
2026-05-24 22:31:19,3302568020159067,人生如戏全靠演技,点亮粉丝团,1,9,[等级30],[粉丝团 Lv11]
2026-05-24 22:31:26,93416845215,春日部小喵 ⁵¹⁰⁷⁴,粉丝团灯牌,1,1,[等级15],[粉丝团 Lv12]
2026-05-24 22:31:27,87238963147,财神财神快来找我,你最好看,1,2,[等级17],[粉丝团 Lv6]
2026-05-24 22:31:29,96371181602,就吃两口,粉丝团灯牌,1,1,[等级32],[粉丝团 Lv15]
2026-05-24 22:31:30,87238963147,财神财神快来找我,你最好看,1,2,[等级17],[粉丝团 Lv6]
2026-05-24 22:31:34,2192841461734680,.XX.,点亮粉丝团,1,1,[等级16],[粉丝团 Lv6]
2026-05-24 22:31:37,2192841461734680,.XX.,点亮粉丝团,1,1,[等级16],[粉丝团 Lv6]
2026-05-24 22:31:37,101809336590,এ᭄🥀独守*一人心🌺,点亮粉丝团,1,1,[等级14],[粉丝团 Lv7]
2026-05-24 22:31:40,2192841461734680,.XX.,粉丝团灯牌,1,1,[等级16],[粉丝团 Lv6]
2026-05-24 22:31:41,101809336590,এ᭄🥀独守*一人心🌺,点亮粉丝团,1,1,[等级14],[粉丝团 Lv7]
2026-05-24 22:31:41,99559672487,南栀&,粉丝团灯牌,1,1,[等级25],[粉丝团 Lv13]
2026-05-24 22:31:43,58774338741,清风💫,点亮粉丝团,1,1,[等级25],[粉丝团 Lv9]
2026-05-24 22:31:46,58774338741,清风💫,点亮粉丝团,1,1,[等级25],[粉丝团 Lv9]
2026-05-24 22:31:47,58774338741,清风💫,粉丝团灯牌,1,1,[等级25],[粉丝团 Lv9]
2026-05-24 22:31:55,68182629677,“锋”,粉丝团灯牌,1,1,[等级11],[粉丝团 Lv11]
2026-05-24 22:32:02,71280997550,多多,点亮粉丝团,1,1,[等级15],[粉丝团 Lv3]
2026-05-24 22:32:02,2207416305857560,晨'、⁹⁹⁹⁹⁹,闪烁星河,1,1,[等级39],[粉丝团:张君雅 Lv12]
2026-05-24 22:32:05,71280997550,多多,点亮粉丝团,1,1,[等级15],[粉丝团 Lv3]
2026-05-24 22:32:06,2207416305857560,晨'、⁹⁹⁹⁹⁹,星光闪耀,1,9,[等级39],[粉丝团:张君雅 Lv12]
2026-05-24 22:32:09,2207416305857560,晨'、⁹⁹⁹⁹⁹,星光闪耀,1,9,[等级39],[粉丝团:张君雅 Lv12]
2026-05-24 22:32:14,1432003397820099,乘风破浪666,点亮粉丝团,1,1,[等级21],[粉丝团 Lv4]
2026-05-24 22:32:15,1410034156451420,万星,粉丝团灯牌,1,1,[等级9],[粉丝团 Lv8]
2026-05-24 22:32:16,1432003397820099,乘风破浪666,点亮粉丝团,1,1,[等级21],[粉丝团 Lv4]
2026-05-24 22:32:23,1702496513309692,慵懒吉他手,粉丝团灯牌,1,1,[等级13],[粉丝团 Lv9]
2026-05-24 22:32:40,962789383866163,理想,粉丝团灯牌,1,1,[等级3],[粉丝团 Lv5]
2026-05-24 22:32:43,4498846822702359,再坚持坚持：万一是对🉐呢,你最好看,1,2,[等级8],[粉丝团 Lv8]
2026-05-24 22:32:47,4498846822702359,再坚持坚持：万一是对🉐呢,你最好看,1,2,[等级8],[粉丝团 Lv8]
2026-05-24 22:32:47,3336338490264820,奇点,粉丝团灯牌,1,1,[等级24],[粉丝团 Lv12]
2026-05-24 22:32:58,103098213726,渡清欢,粉丝团灯牌,1,1,[等级17],[粉丝团 Lv13]
2026-05-24 22:33:01,2093926653362376,一点,粉丝团灯牌,1,1,[等级38],[粉丝团 Lv14]
2026-05-24 22:33:04,3061494744884119,牛哥,点亮粉丝团,1,1,[等级9],[粉丝团 Lv6]
2026-05-24 22:33:06,3061494744884119,牛哥,点亮粉丝团,1,1,[等级9],[粉丝团 Lv6]
2026-05-24 22:33:09,87786698163,君临天下,粉丝团灯牌,1,1,[等级38],[粉丝团 Lv11]
2026-05-24 22:33:10,62952299382,乐干面·🍜,小心心,1,1,[等级8],[粉丝团 Lv5]
2026-05-24 22:33:14,62952299382,乐干面·🍜,小心心,1,1,[等级8],[粉丝团 Lv5]
2026-05-24 22:33:22,106789833787,情萱呀,点亮粉丝团,1,1,[等级12],[粉丝团 Lv3]
2026-05-24 22:33:24,3062562994786985,手可摘星辰.,点亮粉丝团,1,1,[等级5],[粉丝团 Lv8]
2026-05-24 22:33:25,106789833787,情萱呀,点亮粉丝团,1,1,[等级12],[粉丝团 Lv3]
2026-05-24 22:33:26,1537558686997353,邪恶奶油火鸡面,粉丝团灯牌,1,1,[等级18],[粉丝团 Lv4]
2026-05-24 22:33:27,3062562994786985,手可摘星辰.,点亮粉丝团,1,1,[等级5],[粉丝团 Lv8]
2026-05-24 22:33:30,3062562994786985,手可摘星辰.,粉丝团灯牌,1,1,[等级5],[粉丝团 Lv8]
2026-05-24 22:33:31,2708787672392423,Feb25-PisGT✨,粉丝团灯牌,1,1,[等级20],[粉丝团 Lv12]
2026-05-24 22:33:50,1160673270963725,大师兄,粉丝团灯牌,1,1,[等级11],[粉丝团 Lv7]
2026-05-24 22:34:03,2875931392745950,無語,粉丝团灯牌,1,1,[等级14],[粉丝团 Lv10]
2026-05-24 22:34:06,1469419599445479,财神爷,点亮粉丝团,1,1,[等级13],[粉丝团 Lv6]
2026-05-24 22:34:10,1469419599445479,财神爷,点亮粉丝团,1,1,[等级13],[粉丝团 Lv6]
2026-05-24 22:34:30,1842402200653288,猪大牛.,粉丝团灯牌,1,1,[等级32],[粉丝团 Lv9]
2026-05-24 22:34:40,93346192287,Mr..w,粉丝团灯牌,1,1,[等级22],[粉丝团 Lv10]
2026-05-24 22:34:43,17239654545144,旧城,点亮粉丝团,1,1,[等级25],[粉丝团 Lv4]
2026-05-24 22:34:46,17239654545144,旧城,点亮粉丝团,1,1,[等级25],[粉丝团 Lv4]
2026-05-24 22:34:56,4151367646323854,梦若清风,粉丝团灯牌,1,1,[等级34],[粉丝团 Lv16]
2026-05-24 22:35:07,58452321093,閪ㅤㅤ ㅤㅤㅤㅤㅤㅤㅤㅤ ㅤㅤㅤㅤㅤ █,粉丝团灯牌,1,1,[等级18],[粉丝团 Lv14]
2026-05-24 22:35:13,3213246236198826,🧊泡芙💛,粉丝团灯牌,1,1,[等级20],[粉丝团 Lv11]
2026-05-24 22:35:15,100940497755,得之我幸,粉丝团灯牌,1,1,[等级28],[粉丝团 Lv15]
2026-05-24 22:35:16,17239654545144,旧城,粉丝团灯牌,1,1,[等级25],[粉丝团 Lv4]
2026-05-24 22:35:16,109112659349,柠檬加金桔,粉丝团灯牌,1,1,[等级32],[粉丝团 Lv16]
2026-05-24 22:35:17,101733328424,🐱芝士喵🐱,点亮粉丝团,1,9,[等级35],[粉丝团 Lv12]
2026-05-24 22:35:20,101733328424,🐱芝士喵🐱,点亮粉丝团,1,9,[等级35],[粉丝团 Lv12]
2026-05-24 22:35:22,101733328424,🐱芝士喵🐱,粉丝团灯牌,1,1,[等级35],[粉丝团 Lv12]
2026-05-24 22:35:24,92272838458,无微不 至,粉丝团灯牌,1,1,[等级25],[粉丝团 Lv10]
2026-05-24 22:35:29,4195324902522119,江湖人称快递佬,粉丝团灯牌,1,1,[等级15],[粉丝团 Lv11]
2026-05-24 22:35:32,52248052078,佐手236601480,小心心,1,1,[等级12],[粉丝团 Lv1]
2026-05-24 22:35:36,52248052078,佐手236601480,小心心,1,1,[等级12],[粉丝团 Lv1]
2026-05-24 22:35:40,97054267196,确认过眼神,粉丝团灯牌,1,1,[等级19],[粉丝团 Lv11]
2026-05-24 22:35:42,1304445289505168,清禾,粉丝团灯牌,1,1,[等级20],[粉丝团 Lv13]
2026-05-24 22:35:46,78795062126093,三句,小心心,1,1,[等级13],[粉丝团 Lv10]
2026-05-24 22:35:49,78795062126093,三句,小心心,1,1,[等级13],[粉丝团 Lv10]
2026-05-24 22:35:50,98385889443,Re,点亮粉丝团,1,1,[等级20],[粉丝团 Lv7]
2026-05-24 22:35:53,98385889443,Re,粉丝团灯牌,1,1,[等级20],[粉丝团 Lv7]
2026-05-24 22:35:53,98385889443,Re,点亮粉丝团,1,1,[等级20],[粉丝团 Lv7]
2026-05-24 22:36:05,105622673029,王先生,粉丝团灯牌,1,1,[等级12],[粉丝团 Lv12]
2026-05-24 22:36:05,860249182973771,花哥,点亮粉丝团,1,1,[等级4],[粉丝团 Lv5]
2026-05-24 22:36:07,492179318131896,幸福老玩童,小心心,1,1,[等级15],
2026-05-24 22:36:08,100886174343,Andyzhou,人气票,1,1,[等级20],[粉丝团 Lv3]
2026-05-24 22:36:08,860249182973771,花哥,点亮粉丝团,1,1,[等级4],[粉丝团 Lv5]
2026-05-24 22:36:10,492179318131896,幸福老玩童,小心心,1,1,[等级15],
2026-05-24 22:36:10,100886174343,Andyzhou,人气票,1,1,[等级20],[粉丝团 Lv3]
2026-05-24 22:36:14,2946282155162509,y,点亮粉丝团,1,1,[等级14],[粉丝团 Lv5]
2026-05-24 22:36:17,2946282155162509,y,点亮粉丝团,1,1,[等级14],[粉丝团 Lv5]
2026-05-24 22:36:19,83750225886,zzy,点亮粉丝团,1,1,[等级32],[粉丝团 Lv2]
2026-05-24 22:36:19,95042595351,热巴绯闻女友,粉丝团灯牌,1,1,[等级15],[粉丝团 Lv12]
2026-05-24 22:36:20,18168591209,我好像睡觉没睡醒,点亮粉丝团,1,1,[等级21],[粉丝团 Lv6]
2026-05-24 22:36:22,83750225886,zzy,点亮粉丝团,1,1,[等级32],[粉丝团 Lv2]
2026-05-24 22:36:23,18168591209,我好像睡觉没睡醒,点亮粉丝团,1,1,[等级21],[粉丝团 Lv6]
2026-05-24 22:36:27,100886174343,Andyzhou,你最好看,1,2,[等级20],[粉丝团 Lv3]
2026-05-24 22:36:30,100886174343,Andyzhou,你最好看,1,2,[等级20],[粉丝团 Lv3]
2026-05-24 22:36:33,96624057867,不想睡觉,点亮粉丝团,1,1,[等级25],[粉丝团 Lv10]
2026-05-24 22:36:36,96624057867,不想睡觉,粉丝团灯牌,1,1,[等级25],[粉丝团 Lv10]
2026-05-24 22:36:36,96624057867,不想睡觉,点亮粉丝团,1,1,[等级25],[粉丝团 Lv10]
2026-05-24 22:36:37,1640886761434654,Gao 🍬,入团卡,1,1,[等级3],
2026-05-24 22:36:39,1640886761434654,Gao 🍬,粉丝团灯牌,1,1,[等级3],[粉丝团 Lv1]
2026-05-24 22:36:39,1640886761434654,Gao 🍬,入团卡,1,1,[等级3],
2026-05-24 22:36:43,31247313669180,许一颗真心,大啤酒,1,2,[等级15],[粉丝团 Lv7]
2026-05-24 22:36:43,3161836851833960,℡★夜郎꒪ཀ꒪」,点亮粉丝团,1,1,[等级15],[粉丝团 Lv4]
2026-05-24 22:36:44,31247313669180,许一颗真心,大啤酒,2,4,[等级15],[粉丝团 Lv7]
2026-05-24 22:36:44,96566859218,2026•,点亮粉丝团,1,1,[等级32],[粉丝团 Lv10]
2026-05-24 22:36:45,31247313669180,许一颗真心,大啤酒,5,10,[等级15],[粉丝团 Lv7]
2026-05-24 22:36:46,3161836851833960,℡★夜郎꒪ཀ꒪」,点亮粉丝团,1,1,[等级15],[粉丝团 Lv4]
2026-05-24 22:36:46,96566859218,2026•,粉丝团灯牌,1,1,[等级32],[粉丝团 Lv10]
2026-05-24 22:36:47,96566859218,2026•,点亮粉丝团,1,1,[等级32],[粉丝团 Lv10]
2026-05-24 22:36:47,69427356776,我有孤独和酒,粉丝团灯牌,1,1,[等级17],[粉丝团 Lv3]
2026-05-24 22:36:48,31247313669180,许一颗真心,大啤酒,5,10,[等级15],[粉丝团 Lv7]
2026-05-24 22:36:48,65521441432,老六6️⃣666,点亮粉丝团,1,9,[等级22],[粉丝团 Lv11]
2026-05-24 22:36:50,97135894700,飞哥与佛,粉丝团灯牌,1,1,[等级40],[粉丝团 Lv11]
2026-05-24 22:36:51,65521441432,老六6️⃣666,点亮粉丝团,1,9,[等级22],[粉丝团 Lv11]
2026-05-24 22:36:51,69427356776,我有孤独和酒,为你闪耀,1,9,[等级17],[粉丝团 Lv3]
2026-05-24 22:36:55,69427356776,我有孤独和酒,为你闪耀,1,9,[等级17],[粉丝团 Lv3]
2026-05-24 22:37:01,7429100845605225496,卫丆,粉丝团灯牌,1,1,[等级5],[粉丝团 Lv8]
2026-05-24 22:37:01,75190000130,≯玉erい,你最好看,1,2,[等级16],[粉丝团 Lv5]
2026-05-24 22:37:05,75190000130,≯玉erい,你最好看,1,2,[等级16],[粉丝团 Lv5]
2026-05-24 22:37:12,101324634706,李伟平,小心心,1,1,[等级11],[粉丝团 Lv4]
2026-05-24 22:37:15,101324634706,李伟平,小心心,1,1,[等级11],[粉丝团 Lv4]
2026-05-24 22:37:21,94923551422,卷子,粉丝团灯牌,1,1,[等级17],[粉丝团 Lv10]
2026-05-24 22:37:29,3081267453625099,先谋生，再谋爱。,粉丝团灯牌,1,1,[等级25],[粉丝团 Lv13]
2026-05-24 22:37:38,77275754034,川E泸州妹,粉丝团灯牌,1,1,[等级28],[粉丝团 Lv12]
2026-05-24 22:37:40,13621715015079,喵喵喵？☃,点亮粉丝团,1,1,[等级8],[粉丝团 Lv9]
2026-05-24 22:37:43,1931157267031214,知晓,粉丝团灯牌,1,1,[等级20],[粉丝团 Lv12]
2026-05-24 22:37:43,13621715015079,喵喵喵？☃,点亮粉丝团,1,1,[等级8],[粉丝团 Lv9]
2026-05-24 22:37:46,65980549489,🌈🍑•BC🌈,点亮粉丝团,1,1,[等级19],[粉丝团 Lv4]
2026-05-24 22:37:49,99238205700,刺客,粉丝团灯牌,1,1,[等级33],[粉丝团 Lv13]
2026-05-24 22:37:50,65980549489,🌈🍑•BC🌈,点亮粉丝团,1,1,[等级19],[粉丝团 Lv4]
2026-05-24 22:37:55,96542115957,阿峰的工地记录,粉丝团灯牌,1,1,[等级20],[粉丝团 Lv8]
2026-05-24 22:38:00,98463272816,半岛铁盒,粉丝团灯牌,1,1,[等级13],[粉丝团 Lv10]
2026-05-24 22:38:01,84280453001,不太美妙,点亮粉丝团,1,1,[等级11],[粉丝团 Lv8]
2026-05-24 22:38:04,84280453001,不太美妙,点亮粉丝团,1,1,[等级11],[粉丝团 Lv8]
2026-05-24 22:38:08,87268115792,@云溪沈小超,点亮粉丝团,1,1,[等级29],[粉丝团 Lv10]
2026-05-24 22:38:11,87268115792,@云溪沈小超,点亮粉丝团,1,1,[等级29],[粉丝团 Lv10]
2026-05-24 22:38:12,69374512898,🐲岛哥,点亮粉丝团,1,9,[等级25],[粉丝团 Lv11]
2026-05-24 22:38:13,76930010755,欧阳,你最好看,1,2,[等级13],
2026-05-24 22:38:13,3941064954611111,歪歪,粉丝团灯牌,1,1,[等级34],[粉丝团 Lv16]
2026-05-24 22:38:15,71548932538,酒醉的花爺,粉丝团灯牌,1,1,[等级20],[粉丝团 Lv10]
2026-05-24 22:38:15,69374512898,🐲岛哥,点亮粉丝团,1,9,[等级25],[粉丝团 Lv11]
2026-05-24 22:38:15,3776148654533812,陈钰琪,小心心,1,1,[等级11],[粉丝团 Lv2]
2026-05-24 22:38:16,76930010755,欧阳,你最好看,1,2,[等级13],
2026-05-24 22:38:18,3776148654533812,陈钰琪,小心心,1,1,[等级11],[粉丝团 Lv2]
2026-05-24 22:38:33,59928610695,Lᴀʏ ᴅᴏᴡɴ,小心心,1,1,[等级21],
2026-05-24 22:38:34,59928610695,Lᴀʏ ᴅᴏᴡɴ,小心心,2,2,[等级21],
2026-05-24 22:38:36,59928610695,Lᴀʏ ᴅᴏᴡɴ,小心心,2,2,[等级21],
2026-05-24 22:38:39,3245407989662781,劉～念,粉丝团灯牌,1,1,[等级23],[粉丝团 Lv11]
2026-05-24 22:38:40,68105469142,一竿一线一盒烟，一坐就是一整天！,点亮粉丝团,1,1,[等级10],[粉丝团 Lv9]
2026-05-24 22:38:42,107705067722,凯@炫,粉丝团灯牌,1,1,[等级20],[粉丝团 Lv10]
2026-05-24 22:38:42,68821780610,溪默,粉丝团灯牌,1,1,[等级8],[粉丝团 Lv11]
2026-05-24 22:38:42,67476730655,陌一啊が,点亮粉丝团,1,1,[等级10],[粉丝团 Lv4]
2026-05-24 22:38:42,68105469142,一竿一线一盒烟，一坐就是一整天！,点亮粉丝团,1,1,[等级10],[粉丝团 Lv9]
2026-05-24 22:38:43,68105469142,一竿一线一盒烟，一坐就是一整天！,粉丝团灯牌,1,1,[等级10],[粉丝团 Lv9]
2026-05-24 22:38:43,3903698040265145,阿庆,粉丝团灯牌,1,1,[等级15],[粉丝团 Lv6]
2026-05-24 22:38:44,67476730655,陌一啊が,点亮粉丝团,1,1,[等级10],[粉丝团 Lv4]
2026-05-24 22:38:47,4339100554634377,小熊哟,点亮粉丝团,1,1,[等级20],[粉丝团 Lv10]
2026-05-24 22:38:49,4339100554634377,小熊哟,粉丝团灯牌,1,1,[等级20],[粉丝团 Lv10]
2026-05-24 22:38:50,4339100554634377,小熊哟,点亮粉丝团,1,1,[等级20],[粉丝团 Lv10]
2026-05-24 22:38:53,86128358639,Qkk、,粉丝团灯牌,1,1,[等级16],[粉丝团 Lv7]
2026-05-24 22:39:03,69999320090,大表哥和他的猫,粉丝团灯牌,1,1,[等级17],[粉丝团 Lv15]
2026-05-24 22:39:03,96941174483,嗷呜～,点亮粉丝团,1,1,[等级25],[粉丝团 Lv4]
2026-05-24 22:39:06,96941174483,嗷呜～,点亮粉丝团,1,1,[等级25],[粉丝团 Lv4]
2026-05-24 22:39:08,59234838059,霉穿裤衩,点亮粉丝团,1,1,[等级25],[粉丝团 Lv7]
2026-05-24 22:39:11,59234838059,霉穿裤衩,点亮粉丝团,1,1,[等级25],[粉丝团 Lv7]
2026-05-24 22:39:11,3379231448113515,行,人气票,1,1,[等级3],[粉丝团 Lv1]
2026-05-24 22:39:12,3379231448113515,行,人气票,3,3,[等级3],[粉丝团 Lv1]
2026-05-24 22:39:15,3379231448113515,行,人气票,3,3,[等级3],[粉丝团 Lv1]
2026-05-24 22:39:16,75337078190,晚霞,小心心,1,1,[等级7],
2026-05-24 22:39:17,88276360372,Sunmer,点亮粉丝团,1,1,[等级8],[粉丝团 Lv6]
2026-05-24 22:39:19,75337078190,晚霞,小心心,1,1,[等级7],
2026-05-24 22:39:20,88276360372,Sunmer,点亮粉丝团,1,1,[等级8],[粉丝团 Lv6]
2026-05-24 22:39:24,73281057105,雾屿眠,粉丝团灯牌,1,1,[等级19],[粉丝团 Lv10]
2026-05-24 22:39:27,1948786066985560,玩乐,点亮粉丝团,1,9,[等级24],[粉丝团 Lv11]
2026-05-24 22:39:31,1948786066985560,玩乐,点亮粉丝团,1,9,[等级24],[粉丝团 Lv11]
2026-05-24 22:39:33,97044026375,劲爆蘑菇菇,小心心,1,1,[等级29],[粉丝团 Lv10]
2026-05-24 22:39:34,898716733805380,江南,点亮粉丝团,1,1,[等级20],[粉丝团 Lv8]
2026-05-24 22:39:36,97044026375,劲爆蘑菇菇,小心心,1,1,[等级29],[粉丝团 Lv10]
2026-05-24 22:39:37,898716733805380,江南,粉丝团灯牌,1,1,[等级20],[粉丝团 Lv8]
2026-05-24 22:39:37,898716733805380,江南,点亮粉丝团,1,1,[等级20],[粉丝团 Lv8]
2026-05-24 22:39:38,3205812920265820,@—小谭—@,点亮粉丝团,1,1,[等级29],[粉丝团 Lv8]
2026-05-24 22:39:39,213753051222480,美参参,入团卡,1,1,[等级30],
2026-05-24 22:39:41,3205812920265820,@—小谭—@,点亮粉丝团,1,1,[等级29],[粉丝团 Lv8]
2026-05-24 22:39:42,213753051222480,美参参,入团卡,1,1,[等级30],
2026-05-24 22:39:42,103460357875,陌路,点亮粉丝团,1,1,[等级13],[粉丝团 Lv8]
2026-05-24 22:39:44,213753051222480,美参参,粉丝团灯牌,1,1,[等级30],[粉丝团 Lv1]
2026-05-24 22:39:46,103460357875,陌路,点亮粉丝团,1,1,[等级13],[粉丝团 Lv8]
2026-05-24 22:39:46,103460357875,陌路,粉丝团灯牌,1,1,[等级13],[粉丝团 Lv8]
2026-05-24 22:39:54,68825040506,蒋蒋,点亮粉丝团,1,9,[等级25],[粉丝团 Lv11]
2026-05-24 22:39:57,68825040506,蒋蒋,点亮粉丝团,1,9,[等级25],[粉丝团 Lv11]
2026-05-24 22:39:57,106635873085,এ᭄公子ོꦿృ༊,点亮粉丝团,1,1,[等级33],[粉丝团 Lv4]
2026-05-24 22:39:58,75919130383,小香椿,粉丝团灯牌,1,1,[等级11],[粉丝团 Lv7]
2026-05-24 22:40:00,106635873085,এ᭄公子ོꦿృ༊,点亮粉丝团,1,1,[等级33],[粉丝团 Lv4]
2026-05-24 22:40:00,1764070548052008,存在,粉丝团灯牌,1,1,[等级7],[粉丝团 Lv4]
2026-05-24 22:40:06,213753051222480,美参参,人气票,1,1,[等级30],[粉丝团 Lv1]
2026-05-24 22:40:09,213753051222480,美参参,人气票,1,1,[等级30],[粉丝团 Lv1]
2026-05-24 22:40:14,97315012559,CC坦然,粉丝团灯牌,1,1,[等级33],[粉丝团 Lv6]
2026-05-24 22:40:18,3441883857814019,九分温柔,粉丝团灯牌,1,1,[等级10],[粉丝团 Lv8]
2026-05-24 22:40:36,71216059287,(:з如果*没有遇见你∠),粉丝团灯牌,1,1,[等级22],[粉丝团 Lv14]
2026-05-24 22:40:49,2480914772536279,H；,粉丝团灯牌,1,1,[等级12],[粉丝团 Lv10]
2026-05-24 22:40:50,3707169862323896,.十五,粉丝团灯牌,1,1,[等级17],[粉丝团 Lv14]
2026-05-24 22:41:06,3351748526747021,老兰,你最好看,1,2,[等级3],
2026-05-24 22:41:09,3351748526747021,老兰,你最好看,1,2,[等级3],
2026-05-24 22:41:10,61730392743,俆恬恬（tian）,粉丝团灯牌,1,1,[等级39],[粉丝团 Lv15]
2026-05-24 22:41:11,3043084466391616,雾雨,粉丝团灯牌,1,1,[等级3],[粉丝团 Lv3]
2026-05-24 22:41:13,1820381096451563,小烤鱼,粉丝团灯牌,1,1,[等级11],[粉丝团 Lv6]
2026-05-24 22:41:17,1764070548052008,存在,小心心,1,1,[等级7],[粉丝团 Lv4]
2026-05-24 22:41:17,15787596182,黑凤梨是真心的,粉丝团灯牌,1,1,[等级23],[粉丝团 Lv11]
2026-05-24 22:41:19,1764070548052008,存在,小心心,1,1,[等级7],[粉丝团 Lv4]
2026-05-24 22:41:20,4239320501465848,荣容绒绒,粉丝团灯牌,1,1,[等级16],[粉丝团 Lv12]
2026-05-24 22:41:27,106018064199,爱我中华,你最好看,1,2,[等级12],
2026-05-24 22:41:30,81494882964,顾里不及唐,点亮粉丝团,1,1,[等级31],[粉丝团 Lv5]
2026-05-24 22:41:30,106018064199,爱我中华,你最好看,1,2,[等级12],
2026-05-24 22:41:31,107682227126,💕₅²⁰凌乱^O^记忆❤️🌹¹ᶟ₁₄,粉丝团灯牌,1,1,[等级26],[粉丝团 Lv12]
2026-05-24 22:41:33,81494882964,顾里不及唐,点亮粉丝团,1,1,[等级31],[粉丝团 Lv5]
2026-05-24 22:41:34,81494882964,顾里不及唐,粉丝团灯牌,1,1,[等级31],[粉丝团 Lv5]
2026-05-24 22:41:34,69618454027,🩷❤️🧡💛💜🤍🩵💙💚,粉丝团灯牌,1,1,[等级10],[粉丝团 Lv11]
2026-05-24 22:41:35,99523602814,玩命人生,粉丝团灯牌,1,1,[等级25],[粉丝团 Lv3]
2026-05-24 22:41:36,92996268343,乎,粉丝团灯牌,1,1,[等级17],[粉丝团 Lv5]
2026-05-24 22:41:39,93182175561,🌈迁就🌈,粉丝团灯牌,1,1,[等级37],[粉丝团 Lv5]
2026-05-24 22:41:46,4366910085670700,尼古拉斯铁锤～嗷呜,粉丝团灯牌,1,1,[等级18],[粉丝团 Lv12]
2026-05-24 22:41:50,64094454401,࿐ Y·Sept⁴vir໒,粉丝团灯牌,1,1,[等级29],[粉丝团 Lv9]
2026-05-24 22:41:52,105019494986,小悍妇,入团卡,1,1,[等级34],
2026-05-24 22:41:54,92348188652,.小雏菊,粉丝团灯牌,1,1,[等级13],[粉丝团 Lv11]
2026-05-24 22:41:54,301691724106804,我真帅气！,粉丝团灯牌,1,1,[等级11],[粉丝团 Lv4]
2026-05-24 22:41:55,105019494986,小悍妇,入团卡,1,1,[等级34],
2026-05-24 22:41:55,3546388435579209,elephant,点亮粉丝团,1,1,[等级5],[粉丝团 Lv4]
2026-05-24 22:41:57,67669136088,TANG,点亮粉丝团,1,1,[等级16],[粉丝团 Lv9]
2026-05-24 22:41:58,3546388435579209,elephant,点亮粉丝团,1,1,[等级5],[粉丝团 Lv4]
2026-05-24 22:42:00,67669136088,TANG,点亮粉丝团,1,1,[等级16],[粉丝团 Lv9]
2026-05-24 22:42:08,97454224718,LAD007,小心心,1,1,[等级27],
2026-05-24 22:42:11,97454224718,LAD007,小心心,1,1,[等级27],
2026-05-24 22:42:13,94552326130,失忆,点亮粉丝团,1,1,[等级11],[粉丝团 Lv1]
2026-05-24 22:42:16,94552326130,失忆,点亮粉丝团,1,1,[等级11],[粉丝团 Lv1]
2026-05-24 22:42:16,96869095756,温茶,人气票,1,1,[等级19],[粉丝团 Lv4]
2026-05-24 22:42:18,68298268266,🌈Z🐬,粉丝团灯牌,1,1,[等级13],[粉丝团 Lv4]
2026-05-24 22:42:18,651376017815943,秋风落叶,点亮粉丝团,1,1,[等级6],[粉丝团 Lv2]
2026-05-24 22:42:19,96869095756,温茶,粉丝团灯牌,1,1,[等级19],[粉丝团 Lv4]
2026-05-24 22:42:19,96869095756,温茶,人气票,1,1,[等级19],[粉丝团 Lv4]
2026-05-24 22:42:21,651376017815943,秋风落叶,点亮粉丝团,1,1,[等级6],[粉丝团 Lv2]
2026-05-24 22:42:21,3579631044150733,小明醉欣美酒,小心心,1,1,[等级19],
2026-05-24 22:42:24,3579631044150733,小明醉欣美酒,小心心,1,1,[等级19],
2026-05-24 22:42:43,100707082623,sco ྀ ྀ ෆ  9   。🍂,粉丝团灯牌,1,1,[等级30],[粉丝团 Lv12]
2026-05-24 22:42:45,97434138299,得梦为鱼,粉丝团灯牌,1,1,[等级28],[粉丝团 Lv11]
2026-05-24 22:42:49,3843506626640478,天蓝水清,你最好看,1,2,[等级9],[粉丝团 Lv6]
2026-05-24 22:42:52,107777353804,颤抖吧骚年152067339,小心心,1,1,[等级25],
2026-05-24 22:42:52,3843506626640478,天蓝水清,你最好看,1,2,[等级9],[粉丝团 Lv6]
2026-05-24 22:42:53,99251540159,东方舒明,小心心,1,1,[等级21],[粉丝团 Lv11]
2026-05-24 22:42:54,107777353804,颤抖吧骚年152067339,小心心,1,1,[等级25],
2026-05-24 22:42:56,99251540159,东方舒明,小心心,1,1,[等级21],[粉丝团 Lv11]
2026-05-24 22:43:00,58640538727,悟空,你最好看,1,2,[等级25],
2026-05-24 22:43:00,101138818359,小鱼,大啤酒,1,2,[等级34],[粉丝团 Lv15]
2026-05-24 22:43:02,58640538727,悟空,你最好看,1,2,[等级25],
2026-05-24 22:43:03,101138818359,小鱼,大啤酒,1,2,[等级34],[粉丝团 Lv15]
2026-05-24 22:43:06,95799570267,之卿,粉丝团灯牌,1,1,[等级26],[粉丝团 Lv12]
2026-05-24 22:43:11,93381087203,高同学,点亮粉丝团,1,1,[等级26],[粉丝团 Lv8]
2026-05-24 22:43:13,93381087203,高同学,粉丝团灯牌,1,1,[等级26],[粉丝团 Lv8]
2026-05-24 22:43:13,93381087203,高同学,点亮粉丝团,1,1,[等级26],[粉丝团 Lv8]
2026-05-24 22:43:16,88127854361,旻京姓郑,点亮粉丝团,1,1,[等级15],[粉丝团 Lv10]
2026-05-24 22:43:18,88127854361,旻京姓郑,粉丝团灯牌,1,1,[等级15],[粉丝团 Lv10]
2026-05-24 22:43:18,88127854361,旻京姓郑,点亮粉丝团,1,1,[等级15],[粉丝团 Lv10]
2026-05-24 22:43:20,110703925111,空瓶子、,粉丝团灯牌,1,1,[等级21],[粉丝团 Lv10]
2026-05-24 22:43:30,470246439525815,🌈关我peace,粉丝团灯牌,1,1,[等级20],[粉丝团 Lv4]
2026-05-24 22:43:37,3919122968353627,u点困🎀,点亮粉丝团,1,1,[等级21],[粉丝团 Lv10]
2026-05-24 22:43:39,71002469664,🐬向阳花开,点亮粉丝团,1,1,[等级5],[粉丝团 Lv8]
2026-05-24 22:43:39,3919122968353627,u点困🎀,粉丝团灯牌,1,1,[等级21],[粉丝团 Lv10]
2026-05-24 22:43:39,3919122968353627,u点困🎀,点亮粉丝团,1,1,[等级21],[粉丝团 Lv10]
2026-05-24 22:43:41,71002469664,🐬向阳花开,点亮粉丝团,1,1,[等级5],[粉丝团 Lv8]
2026-05-24 22:43:47,71640384894,LLL,粉丝团灯牌,1,1,[等级21],[粉丝团 Lv12]
2026-05-24 22:43:59,2467777943707182,@光军,粉丝团灯牌,1,1,[等级14],[粉丝团 Lv10]
2026-05-24 22:43:59,98549523155,湛江的,点亮粉丝团,1,1,[等级12],[粉丝团 Lv2]
2026-05-24 22:44:02,98549523155,湛江的,点亮粉丝团,1,1,[等级12],[粉丝团 Lv2]
2026-05-24 22:44:08,3597218425615639,小鹿🌷,点亮粉丝团,1,1,[等级11],[粉丝团 Lv3]
2026-05-24 22:44:11,3597218425615639,小鹿🌷,粉丝团灯牌,1,1,[等级11],[粉丝团 Lv3]
2026-05-24 22:44:11,3597218425615639,小鹿🌷,点亮粉丝团,1,1,[等级11],[粉丝团 Lv3]
2026-05-24 22:44:18,2377583253274119,凉川,粉丝团灯牌,1,1,[等级29],[粉丝团 Lv11]
2026-05-24 22:44:20,13632501074,@是我冒饭了,点亮粉丝团,1,9,[等级18],[粉丝团 Lv11]
2026-05-24 22:44:24,13632501074,@是我冒饭了,点亮粉丝团,1,9,[等级18],[粉丝团 Lv11]
2026-05-24 22:44:26,100946444844,六゚一゚・,粉丝团灯牌,1,1,[等级30],[粉丝团 Lv15]
2026-05-24 22:44:26,4455681149124387,saiki,粉丝团灯牌,1,1,[等级17],[粉丝团 Lv10]
2026-05-24 22:44:33,4004888217134208,打工人,点亮粉丝团,1,9,[等级14],[粉丝团 Lv12]
2026-05-24 22:44:36,4004888217134208,打工人,粉丝团灯牌,1,1,[等级14],[粉丝团 Lv12]
2026-05-24 22:44:36,4004888217134208,打工人,点亮粉丝团,1,9,[等级14],[粉丝团 Lv12]
2026-05-24 22:44:36,70895569549,傲寒,粉丝团灯牌,1,1,[等级12],[粉丝团 Lv5]
2026-05-24 22:44:41,1091135224702116,萌柚,小心心,1,1,[等级9],
2026-05-24 22:44:42,96325742251,子鱼甜,粉丝团灯牌,1,1,[等级22],[粉丝团 Lv13]
2026-05-24 22:44:44,1091135224702116,萌柚,小心心,1,1,[等级9],
2026-05-24 22:45:16,3003521515127678,感恩的心,点亮粉丝团,1,9,[等级39],[粉丝团 Lv12]
2026-05-24 22:45:18,3003521515127678,感恩的心,点亮粉丝团,1,9,[等级39],[粉丝团 Lv12]
2026-05-24 22:45:24,589801488405966,T ω T)o･･･,粉丝团灯牌,1,1,[等级11],[粉丝团 Lv8]
2026-05-24 22:45:29,62111457405,勇敢牛牛,粉丝团灯牌,1,1,[等级15],[粉丝团 Lv11]
2026-05-24 22:45:30,97932505093,三关,点亮粉丝团,1,1,[等级12],[粉丝团 Lv10]
2026-05-24 22:45:30,60306268529,卟离、卟弃,小心心,1,1,[等级12],[粉丝团 Lv6]
2026-05-24 22:45:32,97932505093,三关,点亮粉丝团,1,1,[等级12],[粉丝团 Lv10]
2026-05-24 22:45:33,60306268529,卟离、卟弃,小心心,1,1,[等级12],[粉丝团 Lv6]
2026-05-24 22:45:39,67126209306,静榕·风,点亮粉丝团,1,1,[等级18],[粉丝团 Lv4]
2026-05-24 22:45:42,67126209306,静榕·风,点亮粉丝团,1,1,[等级18],[粉丝团 Lv4]
2026-05-24 22:45:43,53489953330,陳℘໌ᮨ້࿐,点亮粉丝团,1,1,[等级7],[粉丝团 Lv8]
2026-05-24 22:45:45,93690871495,Qiao,粉丝团灯牌,1,1,[等级20],[粉丝团 Lv10]
2026-05-24 22:45:45,3122245430677719,居居🍊,粉丝团灯牌,1,1,[等级17],[粉丝团 Lv11]
2026-05-24 22:45:47,53489953330,陳℘໌ᮨ້࿐,点亮粉丝团,1,1,[等级7],[粉丝团 Lv8]
2026-05-24 22:45:53,110138296780,嘎蛤捏,小心心,1,1,[等级14],
2026-05-24 22:45:56,110138296780,嘎蛤捏,小心心,1,1,[等级14],
2026-05-24 22:45:57,67126209306,静榕·风,粉丝团灯牌,1,1,[等级18],[粉丝团 Lv4]
2026-05-24 22:46:03,1970798370750552,你在狗叫什么,粉丝团灯牌,1,1,[等级23],[粉丝团 Lv10]
2026-05-24 22:46:08,96692634562,桑葚,粉丝团灯牌,1,1,[等级16],[粉丝团 Lv13]
2026-05-24 22:46:14,1134332761879854,君莫笑,粉丝团灯牌,1,1,[等级22],[粉丝团 Lv12]
2026-05-24 22:46:24,59593819063,LF@XP（利）,粉丝团灯牌,1,1,[等级30],[粉丝团 Lv9]
2026-05-24 22:46:26,65130184668,Miraitowa🧜‍♀️,点亮粉丝团,1,1,[等级11],[粉丝团 Lv9]
2026-05-24 22:46:28,65130184668,Miraitowa🧜‍♀️,点亮粉丝团,1,1,[等级11],[粉丝团 Lv9]
2026-05-24 22:46:42,74703144185,湘雨21,大啤酒,1,2,[等级18],
2026-05-24 22:46:46,74703144185,湘雨21,大啤酒,1,2,[等级18],
2026-05-24 22:46:48,105375347039,大不了,点亮粉丝团,1,1,[等级17],[粉丝团 Lv10]
2026-05-24 22:46:51,63098779035,L11-5,粉丝团灯牌,1,1,[等级20],[粉丝团 Lv10]
2026-05-24 22:46:51,105375347039,大不了,点亮粉丝团,1,1,[等级17],[粉丝团 Lv10]
2026-05-24 22:46:57,96389853241,诗和远方#,粉丝团灯牌,1,1,[等级33],[粉丝团 Lv11]
2026-05-24 22:47:15,97692929095,观山海⁵¹⁰⁷⁴,粉丝团灯牌,1,1,[等级30],[粉丝团 Lv13]
2026-05-24 22:47:17,102204433900,用户1919611578354,点亮粉丝团,1,1,[等级15],[粉丝团 Lv9]
2026-05-24 22:47:20,102204433900,用户1919611578354,点亮粉丝团,1,1,[等级15],[粉丝团 Lv9]
2026-05-24 22:47:40,2631574257416136,烟雨飘荡,为你举牌,1,199,[等级35],
2026-05-24 22:47:43,109221076173,喜乐平安,粉丝团灯牌,1,1,[等级21],[粉丝团 Lv12]
2026-05-24 22:47:45,2207416305857560,晨'、⁹⁹⁹⁹⁹,跑车,1,1200,[等级39],[粉丝团:张君雅 Lv12]
2026-05-24 22:47:49,2132703959328371,🩴长夜漫漫⁰⁴⁷,粉丝团灯牌,1,1,[等级38],[粉丝团 Lv3]
2026-05-24 22:47:55,94835927847,🌈晗涵,点亮粉丝团,1,1,[等级13],[粉丝团 Lv3]
2026-05-24 22:47:56,61630405926,煎饼果子,为你举牌,1,199,[等级23],[粉丝团 Lv10]
2026-05-24 22:47:57,93513492533,心空,点亮粉丝团,1,1,[等级13],[粉丝团 Lv10]
2026-05-24 22:47:57,94835927847,🌈晗涵,点亮粉丝团,1,1,[等级13],[粉丝团 Lv3]
2026-05-24 22:47:59,93513492533,心空,粉丝团灯牌,1,1,[等级13],[粉丝团 Lv10]
2026-05-24 22:47:59,93513492533,心空,点亮粉丝团,1,1,[等级13],[粉丝团 Lv10]
2026-05-24 22:47:59,430617246565021,Flamingo,点亮粉丝团,1,1,[等级8],[粉丝团 Lv3]
2026-05-24 22:48:01,2427357903729630,༒狂奔的蜗牛༒,点亮粉丝团,1,1,[等级18],[粉丝团 Lv5]
2026-05-24 22:48:01,62874885067,清风、扶醉月&学会忘记,粉丝团灯牌,1,1,[等级24],[粉丝团 Lv12]
2026-05-24 22:48:01,63084636025,老五,你最好看,1,2,[等级10],[粉丝团 Lv2]
2026-05-24 22:48:03,2491922095806825,@自定义,大啤酒,1,2,[等级9],[粉丝团 Lv11]
2026-05-24 22:48:03,430617246565021,Flamingo,点亮粉丝团,1,1,[等级8],[粉丝团 Lv3]
2026-05-24 22:48:03,2427357903729630,༒狂奔的蜗牛༒,点亮粉丝团,1,1,[等级18],[粉丝团 Lv5]
2026-05-24 22:48:04,63084636025,老五,你最好看,1,2,[等级10],[粉丝团 Lv2]
2026-05-24 22:48:05,2491922095806825,@自定义,小心心,1,1,[等级9],[粉丝团 Lv11]
2026-05-24 22:48:05,2491922095806825,@自定义,大啤酒,1,2,[等级9],[粉丝团 Lv11]
2026-05-24 22:48:08,2491922095806825,@自定义,小心心,2,2,[等级9],[粉丝团 Lv11]
2026-05-24 22:48:09,2491922095806825,@自定义,小心心,3,3,[等级9],[粉丝团 Lv11]
2026-05-24 22:48:11,1988330375610847,洋溢,粉丝团灯牌,1,1,[等级15],[粉丝团 Lv9]
2026-05-24 22:48:11,70477882295,喜欢葵,粉丝团灯牌,1,1,[等级17],[粉丝团 Lv12]
2026-05-24 22:48:13,88240691537,奔跑的蜗牛,粉丝团灯牌,1,1,[等级22],[粉丝团 Lv13]
2026-05-24 22:48:13,2491922095806825,@自定义,小心心,3,3,[等级9],[粉丝团 Lv11]
2026-05-24 22:48:15,97020002404,小爱,点亮粉丝团,1,1,[等级15],[粉丝团 Lv10]
2026-05-24 22:48:18,97020002404,小爱,点亮粉丝团,1,1,[等级15],[粉丝团 Lv10]
2026-05-24 22:48:22,2096109889262615,梦梦不萌,点亮粉丝团,1,1,[等级6],[粉丝团 Lv2]
2026-05-24 22:48:25,2096109889262615,梦梦不萌,点亮粉丝团,1,1,[等级6],[粉丝团 Lv2]
2026-05-24 22:48:29,100326952618,仰天啸,你最好看,1,2,[等级10],
2026-05-24 22:48:29,3747555314239148,July,粉丝团灯牌,1,1,[等级27],[粉丝团 Lv13]
2026-05-24 22:48:32,100326952618,仰天啸,你最好看,1,2,[等级10],
2026-05-24 22:48:36,1319061160213487,莫若以明,人气票,1,1,[等级6],[粉丝团 Lv2]
2026-05-24 22:48:36,335777796996841,ᘳ◥▶ι_◀◤ᘰ,入团卡,1,1,,
2026-05-24 22:48:38,2111517489633470,沐阳,粉丝团灯牌,1,1,[等级6],[粉丝团 Lv3]
2026-05-24 22:48:38,1319061160213487,莫若以明,人气票,1,1,[等级6],[粉丝团 Lv2]
2026-05-24 22:48:39,335777796996841,ᘳ◥▶ι_◀◤ᘰ,入团卡,1,1,,
2026-05-24 22:48:40,109816191367,不焦虑,粉丝团灯牌,1,1,[等级15],[粉丝团 Lv11]
2026-05-24 22:48:44,335777796996841,ᘳ◥▶ι_◀◤ᘰ,粉丝团灯牌,1,1,[等级1],[粉丝团 Lv1]
2026-05-24 22:48:54,2683241879052637,🏀DL✌,粉丝团灯牌,1,1,[等级20],[粉丝团 Lv8]
2026-05-24 22:48:57,109678435130,ᵎ(•̀㉨•́)و ̑̑ 加油,粉丝团灯牌,1,1,[等级16],[粉丝团 Lv9]
2026-05-24 22:49:01,94025094458,迷羊•᷄ࡇ•᷅💛,粉丝团灯牌,1,1,[等级26],[粉丝团 Lv8]
2026-05-24 22:49:02,1603513762714811,般若,粉丝团灯牌,1,1,[等级18],[粉丝团 Lv11]
2026-05-24 22:49:10,62720613514,安洋i,粉丝团灯牌,1,1,[等级38],[粉丝团 Lv5]
2026-05-24 22:49:11,110795072259,沧粟横度,粉丝团灯牌,1,1,[等级17],[粉丝团 Lv13]
2026-05-24 22:49:11,3825924402590096,🥥,点亮粉丝团,1,1,[等级20],[粉丝团 Lv10]
2026-05-24 22:49:12,22839186343,知寒,粉丝团灯牌,1,1,[等级10],[粉丝团 Lv10]
2026-05-24 22:49:12,72927012441,星落福星🌟,点亮粉丝团,1,1,[等级16],[粉丝团 Lv10]
2026-05-24 22:49:13,1530942307182192,@清,粉丝团灯牌,1,1,[等级8],[粉丝团 Lv8]
2026-05-24 22:49:14,94835927847,🌈晗涵,小心心,1,1,[等级13],[粉丝团 Lv3]
2026-05-24 22:49:15,3825924402590096,🥥,点亮粉丝团,1,1,[等级20],[粉丝团 Lv10]
2026-05-24 22:49:15,3825924402590096,🥥,粉丝团灯牌,1,1,[等级20],[粉丝团 Lv10]
2026-05-24 22:49:15,103874602310,乄杺,点亮粉丝团,1,1,[等级42],[粉丝团 Lv8]
2026-05-24 22:49:15,72927012441,星落福星🌟,点亮粉丝团,1,1,[等级16],[粉丝团 Lv10]
2026-05-24 22:49:16,587615959256659,军迷,点亮粉丝团,1,9,[等级17],[粉丝团 Lv11]
2026-05-24 22:49:17,94835927847,🌈晗涵,小心心,1,1,[等级13],[粉丝团 Lv3]
2026-05-24 22:49:18,103874602310,乄杺,点亮粉丝团,1,1,[等级42],[粉丝团 Lv8]
2026-05-24 22:49:18,587615959256659,军迷,粉丝团灯牌,1,1,[等级17],[粉丝团 Lv11]
2026-05-24 22:49:18,99431046460832,没遗憾,666,1,1,[等级19],
2026-05-24 22:49:18,587615959256659,军迷,点亮粉丝团,1,9,[等级17],[粉丝团 Lv11]
2026-05-24 22:49:19,103874602310,乄杺,粉丝团灯牌,1,1,[等级42],[粉丝团 Lv8]
2026-05-24 22:49:19,95512348639,二月,粉丝团灯牌,1,1,[等级17],[粉丝团 Lv11]
2026-05-24 22:49:20,99431046460832,没遗憾,666,2,2,[等级19],
2026-05-24 22:49:20,2506534979118141,18岁超雄老奶,点亮粉丝团,1,9,[等级21],[粉丝团 Lv11]
2026-05-24 22:49:21,57614644352,腐,为你爆灯,1,199,[等级34],[粉丝团 Lv11]
2026-05-24 22:49:21,63180297015,∞,粉丝团灯牌,1,1,[等级24],[粉丝团 Lv7]
2026-05-24 22:49:21,82694365969,one1,为你举牌,1,199,[等级20],[粉丝团 Lv5]
2026-05-24 22:49:23,94835927847,🌈晗涵,666,1,1,[等级13],[粉丝团 Lv3]
2026-05-24 22:49:23,96889907017,无恙。,点亮粉丝团,1,1,[等级13],[粉丝团 Lv9]
2026-05-24 22:49:23,2506534979118141,18岁超雄老奶,点亮粉丝团,1,9,[等级21],[粉丝团 Lv11]
2026-05-24 22:49:23,99431046460832,没遗憾,666,2,2,[等级19],
2026-05-24 22:49:24,237088232449438,🎯 红颜·娟如初^ ^,粉丝团灯牌,1,1,[等级9],[粉丝团 Lv11]
2026-05-24 22:49:25,94835927847,🌈晗涵,666,1,1,[等级13],[粉丝团 Lv3]
2026-05-24 22:49:25,96889907017,无恙。,点亮粉丝团,1,1,[等级13],[粉丝团 Lv9]
2026-05-24 22:49:26,99631950651,如果可以,大啤酒,1,2,[等级26],
2026-05-24 22:49:28,431442465400880,谁也不是谁的谁,粉丝团灯牌,1,1,[等级33],[粉丝团 Lv11]
2026-05-24 22:49:28,99631950651,如果可以,大啤酒,1,2,[等级26],
2026-05-24 22:49:30,2506534979118141,18岁超雄老奶,粉丝团灯牌,1,1,[等级21],[粉丝团 Lv11]
2026-05-24 22:49:32,355860765224654,余生☜,点亮粉丝团,1,1,[等级20],[粉丝团 Lv2]
2026-05-24 22:49:32,96176011847,*沐清风..,点亮粉丝团,1,1,[等级12],[粉丝团 Lv4]
2026-05-24 22:49:35,355860765224654,余生☜,点亮粉丝团,1,1,[等级20],[粉丝团 Lv2]
2026-05-24 22:49:35,96176011847,*沐清风..,点亮粉丝团,1,1,[等级12],[粉丝团 Lv4]
2026-05-24 22:49:36,229168837045704,君雅记录员,平底锅,1,1,,
2026-05-24 22:49:37,92987069943,坚冰之锋,人气票,1,1,[等级15],[粉丝团 Lv2]
2026-05-24 22:49:39,355860765224654,余生☜,粉丝团灯牌,1,1,[等级20],[粉丝团 Lv2]
2026-05-24 22:49:40,229168837045704,君雅记录员,平底锅,1,1,,
2026-05-24 22:49:40,92987069943,坚冰之锋,人气票,1,1,[等级15],[粉丝团 Lv2]
2026-05-24 22:49:46,2550501130896583,治愈,小心心,1,1,[等级4],[粉丝团 Lv1]
2026-05-24 22:49:48,4233546307994371,呆愣呢,点亮粉丝团,1,1,[等级18],[粉丝团 Lv10]
2026-05-24 22:49:49,2550501130896583,治愈,小心心,1,1,[等级4],[粉丝团 Lv1]
2026-05-24 22:49:50,97421465567,撒,小心心,1,1,[等级15],[粉丝团 Lv4]
2026-05-24 22:49:50,681289058361559,玖💫伴²⁰²⁶,粉丝团灯牌,1,1,[等级44],[粉丝团 Lv11]
2026-05-24 22:49:52,74111510993,小幸运🍀,粉丝团灯牌,1,1,[等级23],[粉丝团 Lv12]
2026-05-24 22:49:52,4233546307994371,呆愣呢,点亮粉丝团,1,1,[等级18],[粉丝团 Lv10]
2026-05-24 22:49:52,20717317155,X-Sep-5-Vir,大啤酒,1,2,[等级9],
2026-05-24 22:49:52,91719211015,喵喵,点亮粉丝团,1,1,[等级9],[粉丝团 Lv10]
2026-05-24 22:49:52,97421465567,撒,小心心,1,1,[等级15],[粉丝团 Lv4]
2026-05-24 22:49:54,1472949507336727,安安儿…❤️,点亮粉丝团,1,1,[等级16],[粉丝团 Lv8]
2026-05-24 22:49:55,98047177025,不晚💋,点亮粉丝团,1,1,[等级22],[粉丝团 Lv10]
2026-05-24 22:49:55,20717317155,X-Sep-5-Vir,大啤酒,1,2,[等级9],
2026-05-24 22:49:55,91719211015,喵喵,点亮粉丝团,1,1,[等级9],[粉丝团 Lv10]
2026-05-24 22:49:56,97421465567,撒,人气票,1,1,[等级15],[粉丝团 Lv4]
2026-05-24 22:49:57,1472949507336727,安安儿…❤️,点亮粉丝团,1,1,[等级16],[粉丝团 Lv8]
2026-05-24 22:49:57,4233546307994371,呆愣呢,粉丝团灯牌,1,1,[等级18],[粉丝团 Lv10]
2026-05-24 22:49:57,98047177025,不晚💋,点亮粉丝团,1,1,[等级22],[粉丝团 Lv10]
2026-05-24 22:49:59,58416626559,大巨蟹小树⁰⁷¹¹,点亮粉丝团,1,1,[等级9],[粉丝团 Lv10]
2026-05-24 22:49:59,97421465567,撒,人气票,1,1,[等级15],[粉丝团 Lv4]
2026-05-24 22:49:59,62556044936,钧澜未央,粉丝团灯牌,1,1,[等级17],[粉丝团 Lv9]
2026-05-24 22:50:00,100393112980,wWei,666,1,1,[等级21],[粉丝团 Lv12]
2026-05-24 22:50:02,58416626559,大巨蟹小树⁰⁷¹¹,点亮粉丝团,1,1,[等级9],[粉丝团 Lv10]
2026-05-24 22:50:03,100393112980,wWei,666,1,1,[等级21],[粉丝团 Lv12]
2026-05-24 22:50:04,2550501130896583,治愈,人气票,1,1,[等级4],[粉丝团 Lv1]
2026-05-24 22:50:04,687617105466777,过客,人气票,1,1,[等级18],[粉丝团 Lv10]
2026-05-24 22:50:05,1925956937189117,☆oО栤葑dē杺,粉丝团灯牌,1,1,[等级28],[粉丝团 Lv14]
2026-05-24 22:50:05,2550501130896583,治愈,人气票,2,2,[等级4],[粉丝团 Lv1]
2026-05-24 22:50:06,110372981423,。W,粉丝团灯牌,1,1,[等级15],[粉丝团 Lv10]
2026-05-24 22:50:06,2550501130896583,治愈,人气票,3,3,[等级4],[粉丝团 Lv1]
2026-05-24 22:50:06,98148061620,演员,点亮粉丝团,1,1,[等级22],[粉丝团 Lv9]
2026-05-24 22:50:07,687617105466777,过客,人气票,1,1,[等级18],[粉丝团 Lv10]
2026-05-24 22:50:08,63135597695,百万富猫,点亮粉丝团,1,1,[等级11],[粉丝团 Lv6]
2026-05-24 22:50:09,1275902366329864,沐野.,粉丝团灯牌,1,1,[等级10],[粉丝团 Lv3]
2026-05-24 22:50:09,2550501130896583,治愈,人气票,3,3,[等级4],[粉丝团 Lv1]
2026-05-24 22:50:10,98148061620,演员,点亮粉丝团,1,1,[等级22],[粉丝团 Lv9]
2026-05-24 22:50:10,66266270038,满目疮痍_,点亮粉丝团,1,1,[等级16],[粉丝团 Lv4]
2026-05-24 22:50:11,63135597695,百万富猫,点亮粉丝团,1,1,[等级11],[粉丝团 Lv6]
2026-05-24 22:50:12,2375395650571117,归ゞ故里,点亮粉丝团,1,1,[等级12],[粉丝团 Lv5]
2026-05-24 22:50:12,66266270038,满目疮痍_,点亮粉丝团,1,1,[等级16],[粉丝团 Lv4]
2026-05-24 22:50:13,92867208047,比较好的动物。,人气票,1,1,[等级7],[粉丝团 Lv8]
2026-05-24 22:50:13,3993847141783054,马太瘦@,粉丝团灯牌,1,1,[等级10],[粉丝团 Lv10]
2026-05-24 22:50:15,2375395650571117,归ゞ故里,点亮粉丝团,1,1,[等级12],[粉丝团 Lv5]
2026-05-24 22:50:15,1666486408324888,姜勇,点亮粉丝团,1,1,[等级19],[粉丝团 Lv4]
2026-05-24 22:50:16,92867208047,比较好的动物。,人气票,1,1,[等级7],[粉丝团 Lv8]
2026-05-24 22:50:17,1666486408324888,姜勇,粉丝团灯牌,1,1,[等级19],[粉丝团 Lv4]
2026-05-24 22:50:17,1666486408324888,姜勇,点亮粉丝团,1,1,[等级19],[粉丝团 Lv4]
2026-05-24 22:50:18,2550501130896583,治愈,人气票,1,1,[等级4],[粉丝团 Lv1]
2026-05-24 22:50:19,3048309468701662,嘿!*^O^*,人气票,1,1,[等级6],
2026-05-24 22:50:19,2550501130896583,治愈,人气票,2,2,[等级4],[粉丝团 Lv1]
2026-05-24 22:50:21,3513662114632653,（阿健）,粉丝团灯牌,1,1,[等级13],[粉丝团 Lv12]
2026-05-24 22:50:22,3048309468701662,嘿!*^O^*,人气票,1,1,[等级6],
2026-05-24 22:50:22,2550501130896583,治愈,人气票,2,2,[等级4],[粉丝团 Lv1]
2026-05-24 22:50:22,307464221759480,怀安丶,粉丝团灯牌,1,1,[等级20],[粉丝团 Lv11]
2026-05-24 22:50:27,91685402192,0️⃣4️⃣2️⃣6️⃣,粉丝团灯牌,1,1,[等级7],[粉丝团 Lv8]
2026-05-24 22:50:29,78337202213,想和你逃跑.,入团卡,1,1,[等级7],
2026-05-24 22:50:31,1899559023549102,东鹏,小心心,1,1,[等级5],
2026-05-24 22:50:32,78337202213,想和你逃跑.,入团卡,1,1,[等级7],
2026-05-24 22:50:33,1899559023549102,东鹏,小心心,1,1,[等级5],
2026-05-24 22:50:35,100875219763,芦苇mm,点亮粉丝团,1,1,[等级15],[粉丝团 Lv10]
2026-05-24 22:50:36,2375395650571117,归ゞ故里,粉丝团灯牌,1,1,[等级12],[粉丝团 Lv5]
2026-05-24 22:50:38,100875219763,芦苇mm,点亮粉丝团,1,1,[等级15],[粉丝团 Lv10]
2026-05-24 22:50:45,69441801649,说了晚安,点亮粉丝团,1,1,[等级16],[粉丝团 Lv10]
2026-05-24 22:50:48,69441801649,说了晚安,粉丝团灯牌,1,1,[等级16],[粉丝团 Lv10]
2026-05-24 22:50:48,69441801649,说了晚安,点亮粉丝团,1,1,[等级16],[粉丝团 Lv10]
2026-05-24 22:50:48,101560727316,希望丶,点亮粉丝团,1,1,[等级20],[粉丝团 Lv6]
2026-05-24 22:50:50,96773521077,愤怒的小鸟,粉丝团灯牌,1,1,[等级16],[粉丝团 Lv12]
2026-05-24 22:50:50,59593010027,张再宇,大啤酒,1,2,[等级26],[粉丝团 Lv8]
2026-05-24 22:50:50,59593010027,张再宇,大啤酒,2,4,[等级26],[粉丝团 Lv8]
2026-05-24 22:50:51,101560727316,希望丶,点亮粉丝团,1,1,[等级20],[粉丝团 Lv6]
2026-05-24 22:50:54,59593010027,张再宇,大啤酒,2,4,[等级26],[粉丝团 Lv8]
2026-05-24 22:50:54,93145029236,蒋威,粉丝团灯牌,1,1,[等级28],[粉丝团 Lv6]
2026-05-24 22:50:55,60991401232,Ｍ j 在🇲🇴ing..,点亮粉丝团,1,1,[等级27],[粉丝团 Lv6]
2026-05-24 22:50:55,59593010027,张再宇,小心心,1,1,[等级26],[粉丝团 Lv8]
2026-05-24 22:50:56,60991401232,Ｍ j 在🇲🇴ing..,粉丝团灯牌,1,1,[等级27],[粉丝团 Lv6]
2026-05-24 22:50:56,60991401232,Ｍ j 在🇲🇴ing..,点亮粉丝团,1,1,[等级27],[粉丝团 Lv6]
2026-05-24 22:50:56,59593010027,张再宇,小心心,2,2,[等级26],[粉丝团 Lv8]
2026-05-24 22:51:00,59593010027,张再宇,小心心,2,2,[等级26],[粉丝团 Lv8]
2026-05-24 22:51:01,3424330900049235,繁华落梦无痕,粉丝团灯牌,1,1,[等级19],[粉丝团 Lv10]
2026-05-24 22:51:02,98001980189,@搬砖的小哥哥,点亮粉丝团,1,1,[等级30],[粉丝团 Lv6]
2026-05-24 22:51:02,4400681030520448,李沐言•云岫,人气票,1,1,[等级22],[粉丝团 Lv4]
2026-05-24 22:51:04,4400681030520448,李沐言•云岫,人气票,1,1,[等级22],[粉丝团 Lv4]
2026-05-24 22:51:05,98001980189,@搬砖的小哥哥,点亮粉丝团,1,1,[等级30],[粉丝团 Lv6]
2026-05-24 22:51:05,69718779534,🥷,点亮粉丝团,1,1,[等级18],[粉丝团 Lv10]
2026-05-24 22:51:06,99722569148,是可乐呀,粉丝团灯牌,1,1,[等级17],[粉丝团 Lv13]
2026-05-24 22:51:08,69718779534,🥷,点亮粉丝团,1,1,[等级18],[粉丝团 Lv10]
2026-05-24 22:51:09,1473765257784829,柯西凡,粉丝团灯牌,1,1,[等级16],[粉丝团 Lv8]
2026-05-24 22:51:15,4400681030520448,李沐言•云岫,粉丝团灯牌,1,1,[等级22],[粉丝团 Lv4]
2026-05-24 22:51:19,135975194865107,遗忘⌓‿⌓,粉丝团灯牌,1,1,[等级15],[粉丝团 Lv12]
2026-05-24 22:51:29,7556501573540742201,🍥,粉丝团灯牌,1,1,[等级3],[粉丝团 Lv4]
2026-05-24 22:51:29,111340813660,云菜菜,点亮粉丝团,1,9,[等级16],[粉丝团 Lv11]
2026-05-24 22:51:32,111340813660,云菜菜,点亮粉丝团,1,9,[等级16],[粉丝团 Lv11]
2026-05-24 22:51:39,71657424135,এོEchoོ༊,粉丝团灯牌,1,1,[等级15],[粉丝团 Lv6]
2026-05-24 22:51:43,1361631305018875,动动,粉丝团灯牌,1,1,[等级22],[粉丝团 Lv1]
2026-05-24 22:51:52,93404312725,榆旎,小心心,1,1,[等级10],[粉丝团 Lv11]
2026-05-24 22:51:54,93404312725,榆旎,小心心,1,1,[等级10],[粉丝团 Lv11]
2026-05-24 22:52:06,103805664723,ღ可乐没糖,入团卡,1,1,[等级13],
2026-05-24 22:52:07,4101645246147532,枉寧,粉丝团灯牌,1,1,[等级14],[粉丝团 Lv10]
2026-05-24 22:52:08,1361631305018875,动动,为你闪耀,1,9,[等级22],[粉丝团 Lv1]
2026-05-24 22:52:09,103805664723,ღ可乐没糖,入团卡,1,1,[等级13],
2026-05-24 22:52:11,1361631305018875,动动,为你闪耀,1,9,[等级22],[粉丝团 Lv1]
2026-05-24 22:52:13,110190092350,小花！🚶‍♂️,点亮粉丝团,1,1,[等级26],[粉丝团 Lv6]
2026-05-24 22:52:15,1377060510774183,^O^,入团卡,1,1,[等级5],
2026-05-24 22:52:16,110190092350,小花！🚶‍♂️,粉丝团灯牌,1,1,[等级26],[粉丝团 Lv6]
2026-05-24 22:52:16,110190092350,小花！🚶‍♂️,点亮粉丝团,1,1,[等级26],[粉丝团 Lv6]
2026-05-24 22:52:17,1377060510774183,^O^,入团卡,1,1,[等级5],
2026-05-24 22:52:23,231350857637891,亚明化妆师,粉丝团灯牌,1,1,[等级15],[粉丝团 Lv10]
2026-05-24 22:52:23,100326952618,仰天啸,入团卡,1,1,[等级10],
2026-05-24 22:52:27,100326952618,仰天啸,入团卡,1,1,[等级10],
2026-05-24 22:52:28,107911003622,嘟嘟嘟~占線中,粉丝团灯牌,1,1,[等级15],[粉丝团 Lv9]
2026-05-24 22:52:29,75226828100,大釘,你最好看,1,2,[等级16],[粉丝团 Lv9]
2026-05-24 22:52:29,83295638598,刘览器,点亮粉丝团,1,1,[等级9],[粉丝团 Lv8]
2026-05-24 22:52:31,75226828100,大釘,你最好看,1,2,[等级16],[粉丝团 Lv9]
2026-05-24 22:52:33,83295638598,刘览器,点亮粉丝团,1,1,[等级9],[粉丝团 Lv8]
2026-05-24 22:52:38,93105354572,嗨嗨嗨,点亮粉丝团,1,1,[等级22],[粉丝团 Lv4]
2026-05-24 22:52:41,93105354572,嗨嗨嗨,点亮粉丝团,1,1,[等级22],[粉丝团 Lv4]
2026-05-24 22:52:45,71486992154,🍓,粉丝团灯牌,1,1,[等级21],[粉丝团 Lv10]
2026-05-24 22:52:51,488613368039181,/　⃢● — ●⃢    \,粉丝团灯牌,1,1,[等级13],[粉丝团 Lv10]
2026-05-24 22:52:58,1654127958963963,狂踹瘸子那条好腿  ŏ̥ㅁŏ̥,粉丝团灯牌,1,1,[等级40],[粉丝团 Lv8]
2026-05-24 22:52:58,93105354572,嗨嗨嗨,粉丝团灯牌,1,1,[等级22],[粉丝团 Lv5]
2026-05-24 22:53:02,59661775190,y·梦,粉丝团灯牌,1,1,[等级13],[粉丝团 Lv11]
2026-05-24 22:53:16,93404312725,榆旎,小心心,1,1,[等级10],[粉丝团 Lv11]
2026-05-24 22:53:18,55423480633262,SuperSuper--qi,粉丝团灯牌,1,1,[等级21],[粉丝团 Lv15]
2026-05-24 22:53:18,4468008173967902,感悟,点亮粉丝团,1,1,[等级16],[粉丝团 Lv10]
2026-05-24 22:53:18,1893807161093131,红丝绒泡芙,粉丝团灯牌,1,1,[等级8],[粉丝团 Lv10]
2026-05-24 22:53:19,93404312725,榆旎,小心心,1,1,[等级10],[粉丝团 Lv11]
2026-05-24 22:53:21,4468008173967902,感悟,点亮粉丝团,1,1,[等级16],[粉丝团 Lv10]
2026-05-24 22:53:25,3766244692730064,若愚,点亮粉丝团,1,1,[等级9],[粉丝团 Lv2]
2026-05-24 22:53:27,3766244692730064,若愚,点亮粉丝团,1,1,[等级9],[粉丝团 Lv2]
2026-05-24 22:53:35,108726130405,ㅤㅤㅤㅤㅤㅤㅤㅤㅤㅤㅤㅤ,点亮粉丝团,1,1,[等级30],[粉丝团 Lv4]
2026-05-24 22:53:37,108726130405,ㅤㅤㅤㅤㅤㅤㅤㅤㅤㅤㅤㅤ,粉丝团灯牌,1,1,[等级30],[粉丝团 Lv4]
2026-05-24 22:53:37,108726130405,ㅤㅤㅤㅤㅤㅤㅤㅤㅤㅤㅤㅤ,点亮粉丝团,1,1,[等级30],[粉丝团 Lv4]
2026-05-24 22:53:50,63607930461,木子🫧,点亮粉丝团,1,1,[等级31],[粉丝团 Lv8]
2026-05-24 22:53:53,63607930461,木子🫧,粉丝团灯牌,1,1,[等级31],[粉丝团 Lv8]
2026-05-24 22:53:53,63607930461,木子🫧,点亮粉丝团,1,1,[等级31],[粉丝团 Lv8]
2026-05-24 22:53:56,99545222774,🐰🐰涵老爹,点亮粉丝团,1,1,[等级25],[粉丝团 Lv8]
2026-05-24 22:54:00,99545222774,🐰🐰涵老爹,点亮粉丝团,1,1,[等级25],[粉丝团 Lv8]
2026-05-24 22:54:02,73137244852,从前-从前,点亮粉丝团,1,1,[等级22],[粉丝团 Lv10]
2026-05-24 22:54:03,102523691265,芳,粉丝团灯牌,1,1,[等级20],[粉丝团 Lv13]
2026-05-24 22:54:04,86956883576,与风听海⁵¹⁰⁷⁴,粉丝团灯牌,1,1,[等级31],[粉丝团 Lv16]
2026-05-24 22:54:05,93391594034,এ¹⁴ 幸会⁹⁹᷆♡⃘̎,人气票,1,1,[等级31],[粉丝团 Lv2]
2026-05-24 22:54:06,73137244852,从前-从前,粉丝团灯牌,1,1,[等级22],[粉丝团 Lv10]
2026-05-24 22:54:06,73137244852,从前-从前,点亮粉丝团,1,1,[等级22],[粉丝团 Lv10]
2026-05-24 22:54:08,93391594034,এ¹⁴ 幸会⁹⁹᷆♡⃘̎,人气票,1,1,[等级31],[粉丝团 Lv2]
2026-05-24 22:54:10,76611674090,欸小花‘🌸,粉丝团灯牌,1,1,[等级27],[粉丝团 Lv14]
2026-05-24 22:54:11,2049138419836388,卓灼其华,粉丝团灯牌,1,1,[等级13],[粉丝团 Lv8]
2026-05-24 22:54:16,3526860460529095,谷小说,点亮粉丝团,1,1,[等级6],[粉丝团 Lv10]
2026-05-24 22:54:18,3526860460529095,谷小说,点亮粉丝团,1,1,[等级6],[粉丝团 Lv10]
2026-05-24 22:54:25,99368918603,۞╰→忈間煙火_﹏ゥ★,粉丝团灯牌,1,1,[等级40],[粉丝团 Lv10]
2026-05-24 22:54:35,63131072804,🌈🌈执念,粉丝团灯牌,1,1,[等级24],[粉丝团 Lv9]
2026-05-24 22:54:39,63039160394,果然,小心心,1,1,[等级17],[粉丝团 Lv1]
2026-05-24 22:54:43,63039160394,果然,小心心,1,1,[等级17],[粉丝团 Lv1]
2026-05-24 22:54:51,2515331991211789,jiojio 牌惠灵顿,粉丝团灯牌,1,1,[等级22],[粉丝团 Lv10]
2026-05-24 22:54:53,687617105466777,过客,666,1,1,[等级18],[粉丝团 Lv10]
2026-05-24 22:54:56,687617105466777,过客,666,1,1,[等级18],[粉丝团 Lv10]
2026-05-24 22:54:57,61914967012,我在湖北挖洋芋,入团卡,1,1,[等级34],
2026-05-24 22:55:00,61914967012,我在湖北挖洋芋,入团卡,1,1,[等级34],
2026-05-24 22:55:00,1517756679988963,我的宝,粉丝团灯牌,1,1,[等级3],[粉丝团 Lv7]
2026-05-24 22:55:04,85134135377,未语,粉丝团灯牌,1,1,[等级22],[粉丝团 Lv13]
2026-05-24 22:55:12,75224957818,苏 苏,点亮粉丝团,1,1,[等级32],[粉丝团 Lv10]
2026-05-24 22:55:14,75224957818,苏 苏,点亮粉丝团,1,1,[等级32],[粉丝团 Lv10]
2026-05-24 22:55:14,75224957818,苏 苏,粉丝团灯牌,1,1,[等级32],[粉丝团 Lv10]
2026-05-24 22:55:24,110012786240,小猫饼,点亮粉丝团,1,9,[等级22],[粉丝团 Lv12]
2026-05-24 22:55:25,66480253221,有小田了,粉丝团灯牌,1,1,[等级10],[粉丝团 Lv8]
2026-05-24 22:55:27,110012786240,小猫饼,点亮粉丝团,1,9,[等级22],[粉丝团 Lv12]
2026-05-24 22:55:28,2035929401799652,褄,小心心,1,1,[等级10],[粉丝团 Lv6]
2026-05-24 22:55:30,2035929401799652,褄,小心心,1,1,[等级10],[粉丝团 Lv6]
2026-05-24 22:55:30,2035929401799652,褄,人气票,1,1,[等级10],[粉丝团 Lv6]
2026-05-24 22:55:32,2035929401799652,褄,小心心,1,1,[等级10],[粉丝团 Lv6]
2026-05-24 22:55:32,2035929401799652,褄,人气票,1,1,[等级10],[粉丝团 Lv6]
2026-05-24 22:55:33,2035929401799652,褄,玫瑰,1,1,[等级10],[粉丝团 Lv6]
2026-05-24 22:55:33,2035929401799652,褄,小心心,1,1,[等级10],[粉丝团 Lv6]
2026-05-24 22:55:33,785472230786381,不许熬夜,粉丝团灯牌,1,1,[等级26],[粉丝团 Lv6]
2026-05-24 22:55:35,3443320567902491,火鸡味的锅巴,点亮粉丝团,1,1,[等级6],[粉丝团 Lv9]
2026-05-24 22:55:36,2035929401799652,褄,玫瑰,1,1,[等级10],[粉丝团 Lv6]
2026-05-24 22:55:37,2035929401799652,褄,抖音,1,1,[等级10],[粉丝团 Lv6]
2026-05-24 22:55:37,3443320567902491,火鸡味的锅巴,点亮粉丝团,1,1,[等级6],[粉丝团 Lv9]
2026-05-24 22:55:40,2035929401799652,褄,抖音,1,1,[等级10],[粉丝团 Lv6]
2026-05-24 22:55:42,2035929401799652,褄,666,1,1,[等级10],[粉丝团 Lv6]
2026-05-24 22:55:43,70649164476,🥀᭄冯₅²⁰💞廉¹ᶟ₁₄ꦿ༉,点亮粉丝团,1,9,[等级19],[粉丝团 Lv11]
2026-05-24 22:55:44,2035929401799652,褄,666,2,2,[等级10],[粉丝团 Lv6]
2026-05-24 22:55:47,70649164476,🥀᭄冯₅²⁰💞廉¹ᶟ₁₄ꦿ༉,点亮粉丝团,1,9,[等级19],[粉丝团 Lv11]
2026-05-24 22:55:47,2035929401799652,褄,666,2,2,[等级10],[粉丝团 Lv6]
2026-05-24 22:56:02,3123068068172253,一杆清风,粉丝团灯牌,1,1,[等级18],[粉丝团 Lv13]
2026-05-24 22:56:14,105722804376,江湖人称·久美,粉丝团灯牌,1,1,[等级34],[粉丝团 Lv7]
2026-05-24 22:56:16,92531474477,心鈡- ̗̀(๑ᵔ⌔ᵔ๑)的臭宝,点亮粉丝团,1,1,[等级27],[粉丝团 Lv10]
2026-05-24 22:56:18,92531474477,心鈡- ̗̀(๑ᵔ⌔ᵔ๑)的臭宝,点亮粉丝团,1,1,[等级27],[粉丝团 Lv10]
2026-05-24 22:56:21,725300632620792,醒不来,点亮粉丝团,1,1,[等级27],[粉丝团 Lv10]
2026-05-24 22:56:23,725300632620792,醒不来,粉丝团灯牌,1,1,[等级27],[粉丝团 Lv10]
2026-05-24 22:56:23,725300632620792,醒不来,点亮粉丝团,1,1,[等级27],[粉丝团 Lv10]
2026-05-24 22:56:32,95605682474,无人听说,粉丝团灯牌,1,1,[等级12],[粉丝团 Lv11]
2026-05-24 22:56:35,99939454756,信徒,粉丝团灯牌,1,1,[等级16],[粉丝团 Lv11]
2026-05-24 22:56:35,80357757842,睡姿决定发型哦,点亮粉丝团,1,1,[等级14],[粉丝团 Lv10]
2026-05-24 22:56:38,4235742980087348,初虞,点亮粉丝团,1,1,[等级6],[粉丝团 Lv8]
2026-05-24 22:56:38,80357757842,睡姿决定发型哦,点亮粉丝团,1,1,[等级14],[粉丝团 Lv10]
2026-05-24 22:56:40,4235742980087348,初虞,点亮粉丝团,1,1,[等级6],[粉丝团 Lv8]
2026-05-24 22:56:43,3131828677397407,殇,点亮粉丝团,1,9,[等级37],[粉丝团 Lv12]
2026-05-24 22:56:43,80613585239,ℳৢ天℘🕊涯℘ৢℳ,粉丝团灯牌,1,1,[等级18],[粉丝团 Lv10]
2026-05-24 22:56:44,66194758182,SQM,小心心,1,1,[等级11],
2026-05-24 22:56:45,3131828677397407,殇,点亮粉丝团,1,9,[等级37],[粉丝团 Lv12]
2026-05-24 22:56:46,3131828677397407,殇,粉丝团灯牌,1,1,[等级37],[粉丝团 Lv12]
2026-05-24 22:56:47,66194758182,SQM,小心心,1,1,[等级11],
2026-05-24 22:56:49,98079643033,ঞོZhꕤou·ᰔᩚ,点亮粉丝团,1,1,[等级24],[粉丝团 Lv2]
2026-05-24 22:56:49,95140797808,绿豆沙,粉丝团灯牌,1,1,[等级24],[粉丝团 Lv12]
2026-05-24 22:56:51,98079643033,ঞོZhꕤou·ᰔᩚ,点亮粉丝团,1,1,[等级24],[粉丝团 Lv2]
2026-05-24 22:56:55,109090261803,饭饭,Thuglife,1,99,[等级24],[粉丝团 Lv11]
2026-05-24 22:56:58,933952653635642,和平精英-小斐,小心心,1,1,[等级5],[粉丝团 Lv2]
2026-05-24 22:56:59,933952653635642,和平精英-小斐,小心心,2,2,[等级5],[粉丝团 Lv2]
2026-05-24 22:56:59,933952653635642,和平精英-小斐,小心心,4,4,[等级6],[粉丝团 Lv2]
2026-05-24 22:56:59,933952653635642,和平精英-小斐,小心心,5,5,[等级6],[粉丝团 Lv2]
2026-05-24 22:57:00,62221471852,1,粉丝团灯牌,1,1,[等级26],[粉丝团 Lv10]
2026-05-24 22:57:01,7473408513495614524,^_^,粉丝团灯牌,1,1,[等级7],[粉丝团 Lv8]
2026-05-24 22:57:02,933952653635642,和平精英-小斐,小心心,5,5,[等级6],[粉丝团 Lv2]
2026-05-24 22:57:21,723919601668958,魏❤来可期,粉丝团灯牌,1,1,[等级13],[粉丝团 Lv11]
2026-05-24 22:57:22,55169205214,柚z 🎈🐸,粉丝团灯牌,1,1,[等级26],[粉丝团 Lv10]
2026-05-24 22:57:26,91497196217,果丹皮🌙,粉丝团灯牌,1,1,[等级26],[粉丝团 Lv9]
2026-05-24 22:57:28,62459074513,北冥有声,点亮粉丝团,1,1,[等级22],[粉丝团 Lv10]
2026-05-24 22:57:31,62459074513,北冥有声,粉丝团灯牌,1,1,[等级22],[粉丝团 Lv10]
2026-05-24 22:57:31,62459074513,北冥有声,点亮粉丝团,1,1,[等级22],[粉丝团 Lv10]
2026-05-24 22:58:29,87004963302,差不多小哥哥,粉丝团灯牌,1,1,[等级23],[粉丝团 Lv10]
2026-05-24 22:58:50,63208976639,™ 矫情又作🦄,大啤酒,1,2,[等级5],[粉丝团 Lv9]
2026-05-24 22:58:51,63208976639,™ 矫情又作🦄,大啤酒,2,4,[等级5],[粉丝团 Lv9]
2026-05-24 22:58:53,772273715565355,余莫,点亮粉丝团,1,1,[等级24],[粉丝团 Lv9]
2026-05-24 22:58:53,63208976639,™ 矫情又作🦄,大啤酒,2,4,[等级5],[粉丝团 Lv9]
2026-05-24 22:58:57,772273715565355,余莫,点亮粉丝团,1,1,[等级24],[粉丝团 Lv9]
2026-05-24 22:58:58,772273715565355,余莫,粉丝团灯牌,1,1,[等级24],[粉丝团 Lv9]
2026-05-24 22:58:58,88825020637,起了一个很好听的名字,粉丝团灯牌,1,1,[等级17],[粉丝团 Lv11]
2026-05-24 22:59:07,106649150362,时光美好,粉丝团灯牌,1,1,[等级15],[粉丝团 Lv15]
2026-05-24 22:59:20,4176408807214475,玉麒麟,点亮粉丝团,1,1,[等级34],[粉丝团 Lv8]
2026-05-24 22:59:23,4176408807214475,玉麒麟,点亮粉丝团,1,1,[等级34],[粉丝团 Lv8]
2026-05-24 22:59:38,63919607687,战斗,小心心,1,1,[等级37],[粉丝团 Lv14]
2026-05-24 22:59:41,63919607687,战斗,小心心,1,1,[等级37],[粉丝团 Lv14]
2026-05-24 22:59:53,60306938808,温茶,点亮粉丝团,1,1,[等级19],[粉丝团 Lv10]
2026-05-24 22:59:54,60306938808,温茶,粉丝团灯牌,1,1,[等级19],[粉丝团 Lv10]
2026-05-24 22:59:54,60306938808,温茶,点亮粉丝团,1,1,[等级19],[粉丝团 Lv10]
2026-05-24 22:59:56,101797650730,川菜不加辣,你最好看,1,2,[等级13],[粉丝团 Lv1]
2026-05-24 22:59:59,101797650730,川菜不加辣,你最好看,1,2,[等级13],[粉丝团 Lv1]
2026-05-24 23:00:11,71302685606,奶茶,大啤酒,1,2,[等级13],[粉丝团 Lv8]
2026-05-24 23:00:13,71302685606,奶茶,大啤酒,1,2,[等级13],[粉丝团 Lv8]
2026-05-24 23:00:15,4214908908996976,失忆@信鸽,小心心,1,1,[等级1],
2026-05-24 23:00:18,4214908908996976,失忆@信鸽,小心心,1,1,[等级1],
2026-05-24 23:00:22,52966323070,@尹廷恩,粉丝团灯牌,1,1,[等级28],[粉丝团 Lv3]
2026-05-24 23:00:22,333868362372663,皆浮云,点亮粉丝团,1,1,[等级8],[粉丝团 Lv9]
2026-05-24 23:00:23,97937352636,汤圆,粉丝团灯牌,1,1,[等级14],[粉丝团 Lv12]
2026-05-24 23:00:24,54977081433,🌈彤。,点亮粉丝团,1,1,[等级13],[粉丝团 Lv10]
2026-05-24 23:00:25,2797593197024557,湖南郴州零度制冷,点亮粉丝团,1,1,[等级27],[粉丝团 Lv3]
2026-05-24 23:00:25,333868362372663,皆浮云,点亮粉丝团,1,1,[等级8],[粉丝团 Lv9]
2026-05-24 23:00:27,54977081433,🌈彤。,点亮粉丝团,1,1,[等级13],[粉丝团 Lv10]
2026-05-24 23:00:27,2797593197024557,湖南郴州零度制冷,点亮粉丝团,1,1,[等级27],[粉丝团 Lv3]
2026-05-24 23:00:31,3883063367180092,遇呼,点亮粉丝团,1,1,[等级9],[粉丝团 Lv7]
2026-05-24 23:00:32,4134577863676592,颗颗秒,点亮粉丝团,1,1,[等级3],[粉丝团 Lv4]
2026-05-24 23:00:32,18823800717,江上舟,点亮粉丝团,1,9,[等级20],[粉丝团 Lv12]
2026-05-24 23:00:34,3883063367180092,遇呼,点亮粉丝团,1,1,[等级9],[粉丝团 Lv7]
2026-05-24 23:00:35,18823800717,江上舟,点亮粉丝团,1,9,[等级20],[粉丝团 Lv12]
2026-05-24 23:00:35,18823800717,江上舟,粉丝团灯牌,1,1,[等级20],[粉丝团 Lv12]
2026-05-24 23:00:36,4134577863676592,颗颗秒,点亮粉丝团,1,1,[等级3],[粉丝团 Lv4]
2026-05-24 23:00:39,2797593197024557,湖南郴州零度制冷,粉丝团灯牌,1,1,[等级27],[粉丝团 Lv3]
2026-05-24 23:00:42,105235411788,日落青山,粉丝团灯牌,1,1,[等级23],[粉丝团 Lv13]
2026-05-24 23:00:45,94740511772,JOKE,点亮粉丝团,1,1,[等级18],[粉丝团 Lv10]
2026-05-24 23:00:48,94740511772,JOKE,粉丝团灯牌,1,1,[等级18],[粉丝团 Lv10]
2026-05-24 23:00:48,94740511772,JOKE,点亮粉丝团,1,1,[等级18],[粉丝团 Lv10]
2026-05-24 23:00:50,101310329800,喜力司令,粉丝团灯牌,1,1,[等级21],[粉丝团 Lv7]
2026-05-24 23:00:55,80357757842,睡姿决定发型哦,粉丝团灯牌,1,1,[等级14],[粉丝团 Lv10]
2026-05-24 23:01:00,175572633520461,沐弦.,粉丝团灯牌,1,1,[等级27],[粉丝团 Lv10]
2026-05-24 23:01:04,4134577863676592,颗颗秒,粉丝团灯牌,1,1,[等级3],[粉丝团 Lv4]
2026-05-24 23:01:23,7572914980963681329,平凡老己,人气票,1,1,[等级27],[粉丝团 Lv11]
2026-05-24 23:01:26,1508149767177383,你已被移出群聊,粉丝团灯牌,1,1,[等级15],[粉丝团 Lv10]
2026-05-24 23:01:27,7572914980963681329,平凡老己,人气票,1,1,[等级27],[粉丝团 Lv11]
2026-05-24 23:01:29,99232763084,Nelia,粉丝团灯牌,1,1,[等级19],[粉丝团 Lv12]
2026-05-24 23:01:37,84604167284,超、,粉丝团灯牌,1,1,[等级33],[粉丝团 Lv10]
2026-05-24 23:01:41,5112330647,C子,点亮粉丝团,1,1,[等级21],[粉丝团 Lv7]
2026-05-24 23:01:43,3922651247818760,世龙啊,大啤酒,1,2,[等级8],[粉丝团 Lv2]
2026-05-24 23:01:44,5112330647,C子,点亮粉丝团,1,1,[等级21],[粉丝团 Lv7]
2026-05-24 23:01:44,3922651247818760,世龙啊,大啤酒,2,4,[等级8],[粉丝团 Lv2]
2026-05-24 23:01:44,3922651247818760,世龙啊,大啤酒,3,6,[等级8],[粉丝团 Lv2]
2026-05-24 23:01:45,69268051905,ᑋᵉᑊᑊᵒ妞,点亮粉丝团,1,1,[等级12],[粉丝团 Lv7]
2026-05-24 23:01:47,88635194436,开始的开始,粉丝团灯牌,1,1,[等级16],[粉丝团 Lv14]
2026-05-24 23:01:48,3922651247818760,世龙啊,大啤酒,3,6,[等级8],[粉丝团 Lv2]
2026-05-24 23:01:48,10322607083252,凡夫俗子,粉丝团灯牌,1,1,[等级28],[粉丝团 Lv3]
2026-05-24 23:01:48,69268051905,ᑋᵉᑊᑊᵒ妞,粉丝团灯牌,1,1,[等级12],[粉丝团 Lv7]
2026-05-24 23:01:48,69268051905,ᑋᵉᑊᑊᵒ妞,点亮粉丝团,1,1,[等级12],[粉丝团 Lv7]
2026-05-24 23:01:54,10322607083252,凡夫俗子,为你闪耀,1,9,[等级28],[粉丝团 Lv3]
2026-05-24 23:01:58,10322607083252,凡夫俗子,为你闪耀,1,9,[等级28],[粉丝团 Lv3]
2026-05-24 23:02:00,3922651247818760,世龙啊,人气票,1,1,[等级8],[粉丝团 Lv2]
2026-05-24 23:02:00,3922651247818760,世龙啊,人气票,2,2,[等级8],[粉丝团 Lv2]
2026-05-24 23:02:01,95208889331,鱼鱼T. T.,粉丝团灯牌,1,1,[等级15],[粉丝团 Lv10]
2026-05-24 23:02:03,3922651247818760,世龙啊,人气票,2,2,[等级8],[粉丝团 Lv2]
2026-05-24 23:02:04,10322607083252,凡夫俗子,为你闪耀,1,9,[等级28],[粉丝团 Lv3]
2026-05-24 23:02:06,10322607083252,凡夫俗子,为你闪耀,2,18,[等级28],[粉丝团 Lv3]
2026-05-24 23:02:09,10322607083252,凡夫俗子,为你闪耀,2,18,[等级28],[粉丝团 Lv3]
2026-05-24 23:02:11,105215504161,詼色……,粉丝团灯牌,1,1,[等级21],[粉丝团 Lv13]
2026-05-24 23:02:13,10322607083252,凡夫俗子,为你闪耀,1,9,[等级28],[粉丝团 Lv3]
2026-05-24 23:02:15,10322607083252,凡夫俗子,为你闪耀,1,9,[等级28],[粉丝团 Lv3]
2026-05-24 23:02:17,95292865892,小  馬.,点亮粉丝团,1,1,[等级13],[粉丝团 Lv2]
2026-05-24 23:02:20,95292865892,小  馬.,点亮粉丝团,1,1,[等级13],[粉丝团 Lv2]
2026-05-24 23:02:24,10322607083252,凡夫俗子,为你闪耀,1,9,[等级28],[粉丝团 Lv3]
2026-05-24 23:02:27,10322607083252,凡夫俗子,为你闪耀,1,9,[等级28],[粉丝团 Lv3]
2026-05-24 23:02:27,92171931772,ℳঞ ꦿ浮生若梦 ໌້ᮨ꧔ꦿ᭄💕,点亮粉丝团,1,1,[等级11],[粉丝团 Lv10]
2026-05-24 23:02:28,103058012336,郑,粉丝团灯牌,1,1,[等级23],[粉丝团 Lv12]
2026-05-24 23:02:31,92171931772,ℳঞ ꦿ浮生若梦 ໌້ᮨ꧔ꦿ᭄💕,点亮粉丝团,1,1,[等级11],[粉丝团 Lv10]
2026-05-24 23:02:31,92171931772,ℳঞ ꦿ浮生若梦 ໌້ᮨ꧔ꦿ᭄💕,粉丝团灯牌,1,1,[等级11],[粉丝团 Lv10]
2026-05-24 23:02:32,62951962879,LH@,粉丝团灯牌,1,1,[等级18],[粉丝团 Lv11]
2026-05-24 23:02:38,2968328426501950,阿尔卑斯,粉丝团灯牌,1,1,[等级27],[粉丝团 Lv12]
2026-05-24 23:02:38,63162036737,赛罗妹妹🌿,点亮粉丝团,1,1,[等级10],[粉丝团 Lv9]
2026-05-24 23:02:40,2933143326688360,行者,点亮粉丝团,1,1,[等级26],[粉丝团 Lv7]
2026-05-24 23:02:41,63162036737,赛罗妹妹🌿,点亮粉丝团,1,1,[等级10],[粉丝团 Lv9]
2026-05-24 23:02:43,2933143326688360,行者,点亮粉丝团,1,1,[等级26],[粉丝团 Lv7]
2026-05-24 23:02:58,4214908908996976,失忆@信鸽,小心心,1,1,[等级1],
2026-05-24 23:03:02,4214908908996976,失忆@信鸽,小心心,1,1,[等级1],
2026-05-24 23:03:02,687617105466777,过客,小心心,1,1,[等级18],[粉丝团 Lv10]
2026-05-24 23:03:02,53990896847,我心永怛,你最好看,1,2,[等级22],[粉丝团 Lv2]
2026-05-24 23:03:04,55550517298,吥讲理。,点亮粉丝团,1,1,[等级10],[粉丝团 Lv10]
2026-05-24 23:03:05,687617105466777,过客,小心心,1,1,[等级18],[粉丝团 Lv10]
2026-05-24 23:03:05,53990896847,我心永怛,你最好看,1,2,[等级22],[粉丝团 Lv2]
2026-05-24 23:03:06,4214908908996976,失忆@信鸽,小心心,1,1,[等级2],
2026-05-24 23:03:07,55550517298,吥讲理。,点亮粉丝团,1,1,[等级10],[粉丝团 Lv10]
2026-05-24 23:03:09,4214908908996976,失忆@信鸽,小心心,1,1,[等级2],
2026-05-24 23:03:12,63395942812,偷得半日闲,点亮粉丝团,1,1,[等级7],[粉丝团 Lv4]
2026-05-24 23:03:14,63395942812,偷得半日闲,点亮粉丝团,1,1,[等级7],[粉丝团 Lv4]
2026-05-24 23:03:25,92767735842,W__紫微,大啤酒,1,2,[等级17],[粉丝团 Lv7]
2026-05-24 23:03:25,92767735842,W__紫微,大啤酒,2,4,[等级17],[粉丝团 Lv7]
2026-05-24 23:03:27,63919607687,战斗,小心心,1,1,[等级37],[粉丝团 Lv14]
2026-05-24 23:03:27,92767735842,W__紫微,大啤酒,3,6,[等级17],[粉丝团 Lv7]
2026-05-24 23:03:27,92767735842,W__紫微,大啤酒,4,8,[等级17],[粉丝团 Lv7]
2026-05-24 23:03:28,67909709441,時肆,粉丝团灯牌,1,1,[等级26],[粉丝团 Lv8]
2026-05-24 23:03:29,92767735842,W__紫微,大啤酒,5,10,[等级17],[粉丝团 Lv7]
2026-05-24 23:03:29,63919607687,战斗,小心心,1,1,[等级37],[粉丝团 Lv14]
2026-05-24 23:03:33,92767735842,W__紫微,大啤酒,5,10,[等级17],[粉丝团 Lv7]
2026-05-24 23:03:33,63234864145,刘巨星,粉丝团灯牌,1,1,[等级19],[粉丝团 Lv11]
2026-05-24 23:03:35,103170102230,汐凉,点亮粉丝团,1,1,[等级29],[粉丝团 Lv9]
2026-05-24 23:03:38,103170102230,汐凉,点亮粉丝团,1,1,[等级29],[粉丝团 Lv9]
2026-05-24 23:03:44,82477271516,໑ຼₒ₂5ღ᭄谭何容易🕊꧔ꦿ᭄💞,粉丝团灯牌,1,1,[等级21],[粉丝团 Lv10]
2026-05-24 23:03:51,94010549632,*小乙哥*,粉丝团灯牌,1,1,[等级22],[粉丝团 Lv13]
2026-05-24 23:03:59,102863732008,星空之恋酒吧,点亮粉丝团,1,1,[等级24],[粉丝团 Lv5]
2026-05-24 23:04:02,102863732008,星空之恋酒吧,点亮粉丝团,1,1,[等级24],[粉丝团 Lv5]
2026-05-24 23:04:11,2502140211236653,清胜,人气票,1,1,[等级23],[粉丝团 Lv12]
2026-05-24 23:04:13,2502140211236653,清胜,人气票,1,1,[等级23],[粉丝团 Lv12]
2026-05-24 23:04:17,2322646774588103,顏,粉丝团灯牌,1,1,[等级16],[粉丝团 Lv13]
2026-05-24 23:04:28,96529285287,@L_Y@⁵¹⁰⁷⁴₈₀₀₈,热气球,1,520,[等级43],[粉丝团:张君雅 Lv17]
2026-05-24 23:04:32,2067522424150349,Rs.,粉丝团灯牌,1,1,[等级6],[粉丝团 Lv3]
2026-05-24 23:04:37,110012786240,小猫饼,粉丝团灯牌,1,1,[等级22],[粉丝团 Lv12]
2026-05-24 23:04:39,100242969028,Levi Li,点亮粉丝团,1,1,[等级39],[粉丝团 Lv6]
2026-05-24 23:04:40,61322375726,TT_T我已成仙,点亮粉丝团,1,1,[等级11],[粉丝团 Lv10]
2026-05-24 23:04:43,100242969028,Levi Li,点亮粉丝团,1,1,[等级39],[粉丝团 Lv6]
2026-05-24 23:04:43,61322375726,TT_T我已成仙,点亮粉丝团,1,1,[等级11],[粉丝团 Lv10]
2026-05-24 23:05:04,4076634280048663,小老头⁵¹⁰⁷⁴,粉丝团灯牌,1,1,[等级34],[粉丝团 Lv15]
2026-05-24 23:05:06,91497209422,0.01%（今晚不熬夜）,粉丝团灯牌,1,1,[等级22],[粉丝团 Lv9]
2026-05-24 23:05:07,100862998152,MaxMing,小心心,1,1,[等级7],
2026-05-24 23:05:08,62129644145,Suk🍓,粉丝团灯牌,1,1,[等级33],[粉丝团 Lv4]
2026-05-24 23:05:10,100862998152,MaxMing,小心心,1,1,[等级7],
2026-05-24 23:05:14,4019450682815101,一切随缘,粉丝团灯牌,1,1,[等级19],[粉丝团 Lv15]
2026-05-24 23:05:22,70142777287,豐う,点亮粉丝团,1,9,[等级28],[粉丝团 Lv11]
2026-05-24 23:05:26,70142777287,豐う,点亮粉丝团,1,9,[等级28],[粉丝团 Lv11]
2026-05-24 23:05:28,4460095015499656,zzz,点亮粉丝团,1,1,[等级13],[粉丝团 Lv10]
2026-05-24 23:05:29,96630542063,٩◔̯◔۶,粉丝团灯牌,1,1,[等级2],[粉丝团 Lv1]
2026-05-24 23:05:29,4297355006843405,ㅤㅤ,点亮粉丝团,1,9,[等级20],[粉丝团 Lv13]
2026-05-24 23:05:31,4460095015499656,zzz,点亮粉丝团,1,1,[等级13],[粉丝团 Lv10]
2026-05-24 23:05:32,4297355006843405,ㅤㅤ,点亮粉丝团,1,9,[等级20],[粉丝团 Lv13]
2026-05-24 23:05:42,69177531848,熊猫🐼,点亮粉丝团,1,1,[等级28],[粉丝团 Lv8]
2026-05-24 23:05:43,69177531848,熊猫🐼,粉丝团灯牌,1,1,[等级28],[粉丝团 Lv8]
2026-05-24 23:05:43,69177531848,熊猫🐼,点亮粉丝团,1,1,[等级28],[粉丝团 Lv8]
2026-05-24 23:05:47,69177531848,熊猫🐼,人气票,1,1,[等级28],[粉丝团 Lv8]
2026-05-24 23:05:49,1249462471389773,小王的朋友圈（2.2）,点亮粉丝团,1,1,[等级18],[粉丝团 Lv2]
2026-05-24 23:05:51,69177531848,熊猫🐼,人气票,1,1,[等级28],[粉丝团 Lv8]
2026-05-24 23:05:52,1249462471389773,小王的朋友圈（2.2）,点亮粉丝团,1,1,[等级18],[粉丝团 Lv2]
2026-05-24 23:05:56,3338539435039213,无畏渔者,点亮粉丝团,1,1,[等级29],[粉丝团 Lv10]
2026-05-24 23:05:57,87608506630,十月.初一,大啤酒,1,2,[等级14],[粉丝团 Lv8]
2026-05-24 23:06:00,3338539435039213,无畏渔者,点亮粉丝团,1,1,[等级29],[粉丝团 Lv10]
2026-05-24 23:06:00,87608506630,十月.初一,大啤酒,1,2,[等级14],[粉丝团 Lv8]
2026-05-24 23:06:04,55188987580,②月,粉丝团灯牌,1,1,[等级14],[粉丝团 Lv9]
2026-05-24 23:06:10,102893760124,大便垃你头上不擦,点亮粉丝团,1,1,[等级15],[粉丝团 Lv10]
2026-05-24 23:06:13,102893760124,大便垃你头上不擦,点亮粉丝团,1,1,[等级15],[粉丝团 Lv10]
2026-05-24 23:06:17,96656420049,陈龙 送手机！,点亮粉丝团,1,9,[等级35],[粉丝团 Lv12]
2026-05-24 23:06:20,96656420049,陈龙 送手机！,点亮粉丝团,1,9,[等级35],[粉丝团 Lv12]
2026-05-24 23:06:24,1249462471389773,小王的朋友圈（2.2）,粉丝团灯牌,1,1,[等级18],[粉丝团 Lv3]
2026-05-24 23:06:41,105028731044,🍡󰠇,点亮粉丝团,1,1,[等级10],[粉丝团 Lv10]
2026-05-24 23:06:43,63919607687,战斗,小心心,1,1,[等级37],[粉丝团 Lv14]
2026-05-24 23:06:44,105028731044,🍡󰠇,点亮粉丝团,1,1,[等级10],[粉丝团 Lv10]
2026-05-24 23:06:46,63919607687,战斗,小心心,1,1,[等级37],[粉丝团 Lv14]
2026-05-24 23:06:57,102741124676,逐风,粉丝团灯牌,1,1,[等级13],[粉丝团 Lv7]
2026-05-24 23:06:57,96873542589,傅小傅,粉丝团灯牌,1,1,[等级20],[粉丝团 Lv10]
2026-05-24 23:06:58,55700756187,你我没有他,粉丝团灯牌,1,1,[等级12],[粉丝团 Lv12]
2026-05-24 23:06:59,98540341660,让我中一个吧,点亮粉丝团,1,1,[等级12],[粉丝团 Lv7]
2026-05-24 23:07:02,4047729009628484,3391601692,粉丝团灯牌,1,1,[等级3],[粉丝团 Lv5]
2026-05-24 23:07:02,98540341660,让我中一个吧,点亮粉丝团,1,1,[等级12],[粉丝团 Lv7]
2026-05-24 23:07:06,53915061657,栗堃,小心心,1,1,[等级12],
2026-05-24 23:07:08,4214908908996976,失忆@信鸽,小心心,1,1,[等级2],
2026-05-24 23:07:09,53915061657,栗堃,小心心,1,1,[等级12],
2026-05-24 23:07:10,3769586112557848,🌈🌈🌈涅灭,粉丝团灯牌,1,1,[等级22],[粉丝团 Lv10]
2026-05-24 23:07:11,4214908908996976,失忆@信鸽,小心心,1,1,[等级2],
2026-05-24 23:07:14,2860302679675140,康齿4.0,小心心,1,1,,
2026-05-24 23:07:14,84072186394,我草莓招了,粉丝团灯牌,1,1,[等级8],[粉丝团 Lv6]
2026-05-24 23:07:15,624135551327245,阿兜,点亮粉丝团,1,1,[等级7],[粉丝团 Lv2]
2026-05-24 23:07:16,2860302679675140,康齿4.0,小心心,1,1,,
2026-05-24 23:07:18,624135551327245,阿兜,点亮粉丝团,1,1,[等级7],[粉丝团 Lv2]
2026-05-24 23:07:18,92282836063,Dix ans,粉丝团灯牌,1,1,[等级3],[粉丝团 Lv7]
2026-05-24 23:07:28,65661129651,许愿树,点亮粉丝团,1,1,[等级12],[粉丝团 Lv10]
2026-05-24 23:07:28,101592341830,多多西,点亮粉丝团,1,1,[等级4],[粉丝团 Lv5]
2026-05-24 23:07:31,61978805237,金融在世华佗💉,粉丝团灯牌,1,1,[等级16],[粉丝团 Lv9]
2026-05-24 23:07:31,65661129651,许愿树,点亮粉丝团,1,1,[等级12],[粉丝团 Lv10]
2026-05-24 23:07:32,101592341830,多多西,点亮粉丝团,1,1,[等级4],[粉丝团 Lv5]
2026-05-24 23:07:36,351485549356199,㣻 罖,玫瑰,1,1,[等级26],
2026-05-24 23:07:39,351485549356199,㣻 罖,玫瑰,1,1,[等级26],
2026-05-24 23:07:55,2801208325310877,上岸洗澡的🐠,粉丝团灯牌,1,1,[等级11],[粉丝团 Lv6]
2026-05-24 23:08:00,351485549356199,㣻 罖,小心心,1,1,[等级26],
2026-05-24 23:08:03,351485549356199,㣻 罖,小心心,1,1,[等级26],
2026-05-24 23:08:05,1433382090976392,残影的光,点亮粉丝团,1,1,[等级20],[粉丝团 Lv9]
2026-05-24 23:08:06,351485549356199,㣻 罖,小心心,1,1,[等级26],
2026-05-24 23:08:07,1433382090976392,残影的光,点亮粉丝团,1,1,[等级20],[粉丝团 Lv9]
2026-05-24 23:08:08,59862645076,"En""",点亮粉丝团,1,1,[等级9],[粉丝团 Lv7]
2026-05-24 23:08:08,95067084518,猫猫,粉丝团灯牌,1,1,[等级7],[粉丝团 Lv9]
2026-05-24 23:08:08,351485549356199,㣻 罖,小心心,1,1,[等级26],
2026-05-24 23:08:10,101538271678,小何才露煎煎饺,粉丝团灯牌,1,1,[等级14],[粉丝团 Lv12]
2026-05-24 23:08:11,59862645076,"En""",点亮粉丝团,1,1,[等级9],[粉丝团 Lv7]
2026-05-24 23:08:11,351485549356199,㣻 罖,小心心,1,1,[等级26],
2026-05-24 23:08:14,351485549356199,㣻 罖,小心心,1,1,[等级26],
2026-05-24 23:08:20,96628873230,✞༒十笑༒✞,粉丝团灯牌,1,1,[等级19],[粉丝团 Lv5]
2026-05-24 23:08:24,351485549356199,㣻 罖,小心心,1,1,[等级26],
2026-05-24 23:08:24,159860458261388,观云舞,大啤酒,1,2,[等级26],[粉丝团 Lv10]
2026-05-24 23:08:27,351485549356199,㣻 罖,小心心,1,1,[等级26],
2026-05-24 23:08:27,159860458261388,观云舞,大啤酒,1,2,[等级26],[粉丝团 Lv10]
2026-05-24 23:08:42,3825898796089886,情意,小心心,1,1,[等级30],[粉丝团 Lv13]
2026-05-24 23:08:43,448191444288040,雨晨,粉丝团灯牌,1,1,[等级16],[粉丝团 Lv15]
2026-05-24 23:08:44,3825898796089886,情意,小心心,1,1,[等级30],[粉丝团 Lv13]
2026-05-24 23:08:59,68639923816,湖西张学友,点亮粉丝团,1,1,[等级8],[粉丝团 Lv10]
2026-05-24 23:09:00,69656302641,你努力过就好,粉丝团灯牌,1,1,[等级9],[粉丝团 Lv8]
2026-05-24 23:09:03,68639923816,湖西张学友,点亮粉丝团,1,1,[等级8],[粉丝团 Lv10]
2026-05-24 23:09:17,52781723182,石先生.,点亮粉丝团,1,1,[等级13],[粉丝团 Lv8]
2026-05-24 23:09:20,94493581614,铁头娃,粉丝团灯牌,1,1,[等级21],[粉丝团 Lv11]
2026-05-24 23:09:20,52781723182,石先生.,点亮粉丝团,1,1,[等级13],[粉丝团 Lv8]
2026-05-24 23:09:25,83788616622,泪痕,粉丝团灯牌,1,1,[等级30],[粉丝团 Lv4]
2026-05-24 23:09:32,62925154644,你失散多年的前男友,粉丝团灯牌,1,1,[等级28],[粉丝团 Lv4]
2026-05-24 23:09:38,4396284877472339,Listen,点亮粉丝团,1,1,[等级23],[粉丝团 Lv10]
2026-05-24 23:09:40,77900685662,美式不加糖,点亮粉丝团,1,1,[等级23],[粉丝团 Lv10]
2026-05-24 23:09:41,4396284877472339,Listen,点亮粉丝团,1,1,[等级23],[粉丝团 Lv10]
2026-05-24 23:09:43,77900685662,美式不加糖,点亮粉丝团,1,1,[等级23],[粉丝团 Lv10]
2026-05-24 23:09:49,3834707212504368,辉,粉丝团灯牌,1,1,[等级35],[粉丝团 Lv16]
2026-05-24 23:10:05,98451060198,喜欢U8️⃣,人气票,1,1,[等级16],[粉丝团 Lv8]
2026-05-24 23:10:07,641738442542941,吃葡萄不吐籽,粉丝团灯牌,1,1,[等级7],[粉丝团 Lv7]
2026-05-24 23:10:08,2772306648634416,带娃宝爸,点亮粉丝团,1,1,[等级6],[粉丝团 Lv4]
2026-05-24 23:10:09,98451060198,喜欢U8️⃣,人气票,1,1,[等级16],[粉丝团 Lv8]
2026-05-24 23:10:10,67636804197,空空⁵¹⁰⁷⁴,粉丝团灯牌,1,1,[等级27],[粉丝团 Lv13]
2026-05-24 23:10:11,2772306648634416,带娃宝爸,粉丝团灯牌,1,1,[等级6],[粉丝团 Lv4]
2026-05-24 23:10:11,2772306648634416,带娃宝爸,点亮粉丝团,1,1,[等级6],[粉丝团 Lv4]
2026-05-24 23:10:13,100687323814,ℳ̶̶̶̶♡̶҉平凡ℳᥫ,点亮粉丝团,1,1,[等级24],[粉丝团 Lv10]
2026-05-24 23:10:15,63919607687,战斗,小心心,1,1,[等级37],[粉丝团 Lv14]
2026-05-24 23:10:16,100687323814,ℳ̶̶̶̶♡̶҉平凡ℳᥫ,粉丝团灯牌,1,1,[等级24],[粉丝团 Lv10]
2026-05-24 23:10:16,100687323814,ℳ̶̶̶̶♡̶҉平凡ℳᥫ,点亮粉丝团,1,1,[等级24],[粉丝团 Lv10]
2026-05-24 23:10:17,98451060198,喜欢U8️⃣,点亮粉丝团,1,1,[等级16],[粉丝团 Lv8]
2026-05-24 23:10:17,63919607687,战斗,小心心,1,1,[等级37],[粉丝团 Lv14]
2026-05-24 23:10:20,103101396018,茶人张哥,点亮粉丝团,1,1,[等级42],[粉丝团 Lv10]
2026-05-24 23:10:21,98451060198,喜欢U8️⃣,点亮粉丝团,1,1,[等级16],[粉丝团 Lv8]
2026-05-24 23:10:23,103101396018,茶人张哥,点亮粉丝团,1,1,[等级42],[粉丝团 Lv10]
2026-05-24 23:10:23,103101396018,茶人张哥,粉丝团灯牌,1,1,[等级42],[粉丝团 Lv10]
2026-05-24 23:10:23,2608466821922432,墨锦倾城染青衣,粉丝团灯牌,1,1,[等级24],[粉丝团 Lv11]
2026-05-24 23:10:25,98451060198,喜欢U8️⃣,粉丝团灯牌,1,1,[等级16],[粉丝团 Lv8]
2026-05-24 23:10:25,108165931527,也行,点亮粉丝团,1,1,[等级15],[粉丝团 Lv9]
2026-05-24 23:10:28,108165931527,也行,点亮粉丝团,1,1,[等级15],[粉丝团 Lv9]
2026-05-24 23:10:44,188743245375227,🌈 自渡ᥫ᭡້໌ᮨ,点亮粉丝团,1,1,[等级19],[粉丝团 Lv4]
2026-05-24 23:10:44,101375226196,嗨᭄🕊美女ꦿ借໌ᮨ个💋ꦿ᭄,点亮粉丝团,1,1,[等级16],[粉丝团 Lv9]
2026-05-24 23:10:45,2316022358485676,只吃亿点点,小心心,1,1,[等级30],[粉丝团 Lv16]
2026-05-24 23:10:46,188743245375227,🌈 自渡ᥫ᭡້໌ᮨ,点亮粉丝团,1,1,[等级19],[粉丝团 Lv4]
2026-05-24 23:10:46,101375226196,嗨᭄🕊美女ꦿ借໌ᮨ个💋ꦿ᭄,点亮粉丝团,1,1,[等级16],[粉丝团 Lv9]
2026-05-24 23:10:48,2316022358485676,只吃亿点点,小心心,1,1,[等级30],[粉丝团 Lv16]
2026-05-24 23:10:48,96695147705,不停前行,点亮粉丝团,1,1,[等级17],[粉丝团 Lv10]
2026-05-24 23:10:49,80415045502,雪儿@¥,你最好看,1,2,[等级15],[粉丝团 Lv11]
2026-05-24 23:10:50,80415045502,雪儿@¥,你最好看,2,4,[等级15],[粉丝团 Lv11]
2026-05-24 23:10:52,96695147705,不停前行,点亮粉丝团,1,1,[等级17],[粉丝团 Lv10]
2026-05-24 23:10:52,76930320427,@Mine.,点亮粉丝团,1,9,[等级21],[粉丝团 Lv15]
2026-05-24 23:10:52,1059573758967707,✨一身正气✨,点亮粉丝团,1,1,[等级54],[粉丝团 Lv10]
2026-05-24 23:10:53,80415045502,雪儿@¥,你最好看,2,4,[等级15],[粉丝团 Lv11]
2026-05-24 23:10:55,166717067108636,🌈郁景严,点亮粉丝团,1,1,[等级7],[粉丝团 Lv9]
2026-05-24 23:10:55,76930320427,@Mine.,点亮粉丝团,1,9,[等级21],[粉丝团 Lv15]
2026-05-24 23:10:55,1059573758967707,✨一身正气✨,点亮粉丝团,1,1,[等级54],[粉丝团 Lv10]
2026-05-24 23:10:56,63663953334,深藏,粉丝团灯牌,1,1,[等级39],[粉丝团 Lv13]
2026-05-24 23:10:57,166717067108636,🌈郁景严,粉丝团灯牌,1,1,[等级7],[粉丝团 Lv9]
2026-05-24 23:10:57,166717067108636,🌈郁景严,点亮粉丝团,1,1,[等级7],[粉丝团 Lv9]
2026-05-24 23:10:59,82670083407,想跟你鬼混,粉丝团灯牌,1,1,[等级27],[粉丝团 Lv8]
2026-05-24 23:10:59,70398066851,一王打不尽,玫瑰,1,1,[等级2],
2026-05-24 23:11:00,76930320427,@Mine.,粉丝团灯牌,1,1,[等级21],[粉丝团 Lv15]
2026-05-24 23:11:03,70398066851,一王打不尽,玫瑰,1,1,[等级2],
2026-05-24 23:11:06,84792259380,昭童🐈‍⬛,点亮粉丝团,1,1,[等级9],[粉丝团 Lv9]
2026-05-24 23:11:09,84792259380,昭童🐈‍⬛,点亮粉丝团,1,1,[等级9],[粉丝团 Lv9]
2026-05-24 23:11:11,96886104346,九尾白狐9986ⁱᵈᵘ,粉丝团灯牌,1,1,[等级34],[粉丝团 Lv14]
2026-05-24 23:11:13,95122840889,雀斑公主👸（求锦鲤版）,点亮粉丝团,1,1,[等级9],[粉丝团 Lv10]
2026-05-24 23:11:15,95122840889,雀斑公主👸（求锦鲤版）,点亮粉丝团,1,1,[等级9],[粉丝团 Lv10]
2026-05-24 23:11:17,94877884361,我不是才哥666,点亮粉丝团,1,1,[等级17],[粉丝团 Lv3]
2026-05-24 23:11:19,94877884361,我不是才哥666,点亮粉丝团,1,1,[等级17],[粉丝团 Lv3]
2026-05-24 23:11:21,59564749025,若儿.,粉丝团灯牌,1,1,[等级10],[粉丝团 Lv10]
2026-05-24 23:11:23,110012786240,小猫饼,为你闪耀,1,9,[等级22],[粉丝团 Lv12]
2026-05-24 23:11:26,110012786240,小猫饼,为你闪耀,1,9,[等级22],[粉丝团 Lv12]
2026-05-24 23:11:27,3536449081227548,狐步虚声,你最好看,1,2,[等级5],[粉丝团 Lv2]
2026-05-24 23:11:28,3896302993946972,67 ¨̮♡,粉丝团灯牌,1,1,[等级37],[粉丝团 Lv16]
2026-05-24 23:11:28,102177803690,蕭墨轩⁵¹⁰⁷⁴,你最好看,1,2,[等级23],[粉丝团 Lv15]
2026-05-24 23:11:29,3536449081227548,狐步虚声,你最好看,1,2,[等级5],[粉丝团 Lv2]
2026-05-24 23:11:31,102177803690,蕭墨轩⁵¹⁰⁷⁴,你最好看,1,2,[等级23],[粉丝团 Lv15]
2026-05-24 23:11:44,58919231306,思渝。,粉丝团灯牌,1,1,[等级15],[粉丝团 Lv13]
2026-05-24 23:11:52,71042234145,龍烈血,粉丝团灯牌,1,1,[等级21],[粉丝团 Lv11]
2026-05-24 23:11:52,71877146229,安娜与野兽,点亮粉丝团,1,1,[等级17],[粉丝团 Lv6]
2026-05-24 23:11:54,1292675038856718,小陈没烦恼💚,粉丝团灯牌,1,1,[等级7],[粉丝团 Lv8]
2026-05-24 23:11:55,39200217110222,🤍,粉丝团灯牌,1,1,[等级18],[粉丝团 Lv9]
2026-05-24 23:11:56,71877146229,安娜与野兽,点亮粉丝团,1,1,[等级17],[粉丝团 Lv6]
2026-05-24 23:11:56,93785150638,风雨同行就行,粉丝团灯牌,1,1,[等级35],[粉丝团 Lv12]
2026-05-24 23:11:57,93161963509,圣代,点亮粉丝团,1,1,[等级6],[粉丝团 Lv7]
2026-05-24 23:12:00,93161963509,圣代,点亮粉丝团,1,1,[等级6],[粉丝团 Lv7]
2026-05-24 23:12:02,2894335097708382,china老王,小心心,1,1,[等级12],[粉丝团 Lv10]
2026-05-24 23:12:02,4437247041481443,Petsの野,粉丝团灯牌,1,1,[等级16],[粉丝团 Lv10]
2026-05-24 23:12:03,100455334777,悠悠我心,小心心,1,1,[等级18],[粉丝团 Lv13]
2026-05-24 23:12:05,2894335097708382,china老王,小心心,1,1,[等级12],[粉丝团 Lv10]
2026-05-24 23:12:05,100455334777,悠悠我心,小心心,1,1,[等级18],[粉丝团 Lv13]
2026-05-24 23:12:10,110940727848,故事和鸠,点亮粉丝团,1,1,[等级10],[粉丝团 Lv5]
2026-05-24 23:12:14,110940727848,故事和鸠,点亮粉丝团,1,1,[等级10],[粉丝团 Lv5]
2026-05-24 23:12:16,4041395499185684,朝清,粉丝团灯牌,1,1,[等级19],[粉丝团 Lv13]
2026-05-24 23:12:27,51247047770,史努比,粉丝团灯牌,1,1,[等级19],[粉丝团 Lv6]
2026-05-24 23:12:27,52163836368,鱼鱼鱼乐🌠,入团卡,1,1,[等级29],
2026-05-24 23:12:30,52163836368,鱼鱼鱼乐🌠,粉丝团灯牌,1,1,[等级29],[粉丝团 Lv1]
2026-05-24 23:12:30,52163836368,鱼鱼鱼乐🌠,入团卡,1,1,[等级29],
2026-05-24 23:12:31,1279425533444781,与素颜和解（带娃中）,点亮粉丝团,1,1,[等级10],[粉丝团 Lv8]
2026-05-24 23:12:34,1279425533444781,与素颜和解（带娃中）,点亮粉丝团,1,1,[等级10],[粉丝团 Lv8]
2026-05-24 23:12:44,3096703109702397,Cz…….,点亮粉丝团,1,1,[等级6],[粉丝团 Lv3]
2026-05-24 23:12:45,2062304716272619,你的杨同学⁹⁴²¹,粉丝团灯牌,1,1,[等级20],[粉丝团 Lv9]
2026-05-24 23:12:46,3096703109702397,Cz…….,粉丝团灯牌,1,1,[等级6],[粉丝团 Lv3]
2026-05-24 23:12:46,3096703109702397,Cz…….,点亮粉丝团,1,1,[等级6],[粉丝团 Lv3]
2026-05-24 23:12:46,3096703109702397,Cz…….,点亮粉丝团,1,1,[等级6],[粉丝团 Lv3]
2026-05-24 23:12:47,7511949406070965308,登台坐水阁,粉丝团灯牌,1,1,[等级11],[粉丝团 Lv10]
2026-05-24 23:12:53,1279425533444781,与素颜和解（带娃中）,粉丝团灯牌,1,1,[等级10],[粉丝团 Lv8]
2026-05-24 23:13:00,88344663026,秀才,点亮粉丝团,1,1,[等级20],[粉丝团 Lv9]
2026-05-24 23:13:03,88344663026,秀才,点亮粉丝团,1,1,[等级20],[粉丝团 Lv9]
2026-05-24 23:13:22,1904811667359011,筠,大啤酒,1,2,[等级17],[粉丝团 Lv12]
2026-05-24 23:13:23,61218878149341,湘🈵园,点亮粉丝团,1,1,[等级10],[粉丝团 Lv10]
2026-05-24 23:13:25,1904811667359011,筠,大啤酒,1,2,[等级17],[粉丝团 Lv12]
2026-05-24 23:13:25,61218878149341,湘🈵园,粉丝团灯牌,1,1,[等级10],[粉丝团 Lv10]
2026-05-24 23:13:26,61218878149341,湘🈵园,点亮粉丝团,1,1,[等级10],[粉丝团 Lv10]
2026-05-24 23:13:26,1763271742590157,湉晨,粉丝团灯牌,1,1,[等级19],[粉丝团 Lv11]
2026-05-24 23:13:29,3041701722849328,2027,你最好看,1,2,[等级11],
2026-05-24 23:13:30,105039629374,༄不྅该༅,粉丝团灯牌,1,1,[等级27],[粉丝团 Lv11]
2026-05-24 23:13:30,82996600431,达文西  🐒,粉丝团灯牌,1,1,[等级29],[粉丝团 Lv15]
2026-05-24 23:13:32,3041701722849328,2027,你最好看,1,2,[等级11],
2026-05-24 23:13:35,2500739262064846,日行一善积大德  日行二善ㅤ积积大大德,粉丝团灯牌,1,1,[等级20],[粉丝团 Lv11]
2026-05-24 23:13:39,3041701722849328,2027,小心心,1,1,[等级11],
2026-05-24 23:13:42,106511681143,胖芋头,粉丝团灯牌,1,1,[等级41],[粉丝团 Lv13]
2026-05-24 23:13:42,3041701722849328,2027,小心心,1,1,[等级11],
2026-05-24 23:13:44,4410845128828888,地狱小魔,小心心,1,1,[等级25],[粉丝团 Lv11]
2026-05-24 23:13:47,4410845128828888,地狱小魔,小心心,1,1,[等级25],[粉丝团 Lv11]
2026-05-24 23:13:58,60969963350,大丹🧚‍♀️,粉丝团灯牌,1,1,[等级18],[粉丝团 Lv11]
2026-05-24 23:14:00,105864641077,不拘小节,粉丝团灯牌,1,1,[等级16],[粉丝团 Lv13]
2026-05-24 23:14:00,98482642168,you...,粉丝团灯牌,1,1,[等级11],[粉丝团 Lv2]
2026-05-24 23:14:06,91644402597,叙利亚男模.,粉丝团灯牌,1,1,[等级14],[粉丝团 Lv10]
2026-05-24 23:14:10,2638480099540503,沐云川,点亮粉丝团,1,1,[等级12],[粉丝团 Lv8]
2026-05-24 23:14:10,98602583690,🇨🇳天蝎🏀,粉丝团灯牌,1,1,[等级17],[粉丝团 Lv13]
2026-05-24 23:14:13,2638480099540503,沐云川,点亮粉丝团,1,1,[等级12],[粉丝团 Lv8]
2026-05-24 23:14:15,77943792450,dong。,点亮粉丝团,1,1,[等级31],[粉丝团 Lv10]
2026-05-24 23:14:18,77943792450,dong。,点亮粉丝团,1,1,[等级31],[粉丝团 Lv10]
2026-05-24 23:14:18,97062506740,🐯木子,点亮粉丝团,1,1,[等级27],[粉丝团 Lv4]
2026-05-24 23:14:21,97062506740,🐯木子,点亮粉丝团,1,1,[等级27],[粉丝团 Lv4]
2026-05-24 23:14:23,97062506740,🐯木子,粉丝团灯牌,1,1,[等级27],[粉丝团 Lv4]
2026-05-24 23:14:27,3355313354312904,天策上将🏹,粉丝团灯牌,1,1,[等级46],[粉丝团 Lv10]
2026-05-24 23:14:28,1016385365882302,潓飝㝶渰㴃,点亮粉丝团,1,9,[等级30],[粉丝团 Lv11]
2026-05-24 23:14:28,3320172891349331,杨大大（张君雅直播切片）,粉丝团灯牌,1,1,[等级21],[粉丝团 Lv11]
2026-05-24 23:14:31,1016385365882302,潓飝㝶渰㴃,点亮粉丝团,1,9,[等级30],[粉丝团 Lv11]
2026-05-24 23:14:33,4033424476084984,遇五,入团卡,1,1,[等级10],
2026-05-24 23:14:35,4033424476084984,遇五,入团卡,1,1,[等级10],
2026-05-24 23:14:39,64143779437,丿淡颜浅笑灬,粉丝团灯牌,1,1,[等级16],[粉丝团 Lv10]
2026-05-24 23:14:39,4033424476084984,遇五,粉丝团灯牌,1,1,[等级10],[粉丝团 Lv1]
2026-05-24 23:14:44,63919607687,战斗,小心心,1,1,[等级37],[粉丝团 Lv14]
2026-05-24 23:14:47,63919607687,战斗,小心心,1,1,[等级37],[粉丝团 Lv14]
2026-05-24 23:15:04,4204987368878509,歆橙🧸,粉丝团灯牌,1,1,[等级28],[粉丝团 Lv15]
2026-05-24 23:15:07,87007284029,磊哥²⁰²⁶,点亮粉丝团,1,1,[等级11],[粉丝团 Lv10]
2026-05-24 23:15:08,61781610358,记忆点,粉丝团灯牌,1,1,[等级19],[粉丝团 Lv9]
2026-05-24 23:15:10,87007284029,磊哥²⁰²⁶,点亮粉丝团,1,1,[等级11],[粉丝团 Lv10]
2026-05-24 23:15:11,2370967336127515,健者行,粉丝团灯牌,1,1,[等级21],[粉丝团 Lv11]
2026-05-24 23:15:22,1081544884363656,张什么祥,点亮粉丝团,1,1,[等级6],[粉丝团 Lv6]
2026-05-24 23:15:26,1081544884363656,张什么祥,点亮粉丝团,1,1,[等级6],[粉丝团 Lv6]
2026-05-24 23:15:27,4221728700765468,炫亮,小心心,1,1,[等级20],[粉丝团 Lv12]
2026-05-24 23:15:30,4221728700765468,炫亮,小心心,1,1,[等级20],[粉丝团 Lv12]
2026-05-24 23:15:32,1081544884363656,张什么祥,粉丝团灯牌,1,1,[等级6],[粉丝团 Lv6]
2026-05-24 23:15:37,4059865680970334,花花路,点亮粉丝团,1,1,[等级9],[粉丝团 Lv9]
2026-05-24 23:15:39,4059865680970334,花花路,点亮粉丝团,1,1,[等级9],[粉丝团 Lv9]
2026-05-24 23:15:42,105002713313,寧,点亮粉丝团,1,1,[等级23],[粉丝团 Lv2]
2026-05-24 23:15:45,105002713313,寧,点亮粉丝团,1,1,[等级23],[粉丝团 Lv2]
2026-05-24 23:16:02,76059630552,坤少,粉丝团灯牌,1,1,[等级29],[粉丝团 Lv10]
2026-05-24 23:16:06,2066673565966568,大元,粉丝团灯牌,1,1,[等级29],[粉丝团 Lv12]
2026-05-24 23:16:07,52896019817,💕𝐑𝐗𝑾。,点亮粉丝团,1,1,[等级28],[粉丝团 Lv7]
2026-05-24 23:16:07,64686200832,•.* ˚小薪亿亿𓅹°,粉丝团灯牌,1,1,[等级16],[粉丝团 Lv4]
2026-05-24 23:16:08,61020002727,乳山汪氏蜂蜜zhang,点亮粉丝团,1,1,[等级25],[粉丝团 Lv10]
2026-05-24 23:16:08,98603601464,云,点亮粉丝团,1,1,[等级28],[粉丝团 Lv3]
2026-05-24 23:16:10,52896019817,💕𝐑𝐗𝑾。,点亮粉丝团,1,1,[等级28],[粉丝团 Lv7]
2026-05-24 23:16:10,61020002727,乳山汪氏蜂蜜zhang,粉丝团灯牌,1,1,[等级25],[粉丝团 Lv10]
2026-05-24 23:16:10,61020002727,乳山汪氏蜂蜜zhang,点亮粉丝团,1,1,[等级25],[粉丝团 Lv10]
2026-05-24 23:16:11,97184029558,哒哒哒,粉丝团灯牌,1,1,[等级22],[粉丝团 Lv14]
2026-05-24 23:16:11,98603601464,云,点亮粉丝团,1,1,[等级28],[粉丝团 Lv3]
2026-05-24 23:16:11,99593149208,走马不问何方,点亮粉丝团,1,1,[等级20],[粉丝团 Lv10]
2026-05-24 23:16:12,2252213962162027,雨停了丶,小心心,1,1,[等级21],[粉丝团 Lv2]
2026-05-24 23:16:12,88342850942,陳❤️同学,点亮粉丝团,1,1,[等级24],[粉丝团 Lv8]
2026-05-24 23:16:12,2488908358884984,随风_@,粉丝团灯牌,1,1,[等级22],[粉丝团 Lv14]
2026-05-24 23:16:14,1594767282286736,丙汖～,点亮粉丝团,1,1,[等级25],[粉丝团 Lv2]
2026-05-24 23:16:14,99593149208,走马不问何方,点亮粉丝团,1,1,[等级20],[粉丝团 Lv10]
2026-05-24 23:16:14,2252213962162027,雨停了丶,小心心,1,1,[等级21],[粉丝团 Lv2]
2026-05-24 23:16:15,3065075269647324,☙ৡৢﺴﻬ 向阳ﺴﻬ☾⋆꯭᭄,粉丝团灯牌,1,1,[等级33],[粉丝团 Lv10]
2026-05-24 23:16:15,1757491754970745,小语短剧,点亮粉丝团,1,1,[等级3],[粉丝团 Lv3]
2026-05-24 23:16:15,88342850942,陳❤️同学,点亮粉丝团,1,1,[等级24],[粉丝团 Lv8]
2026-05-24 23:16:16,60261799708,猴狸獬T,粉丝团灯牌,1,1,[等级22],[粉丝团 Lv8]
2026-05-24 23:16:16,88342850942,陳❤️同学,粉丝团灯牌,1,1,[等级24],[粉丝团 Lv8]
2026-05-24 23:16:16,1594767282286736,丙汖～,点亮粉丝团,1,1,[等级25],[粉丝团 Lv2]
2026-05-24 23:16:17,1594767282286736,丙汖～,粉丝团灯牌,1,1,[等级25],[粉丝团 Lv2]
2026-05-24 23:16:17,109013239426,发光的电灯泡🐯,点亮粉丝团,1,1,[等级11],[粉丝团 Lv10]
2026-05-24 23:16:18,110448657104,LOYAL  TO,点亮粉丝团,1,1,[等级5],[粉丝团 Lv4]
2026-05-24 23:16:18,270948762917427,宸,粉丝团灯牌,1,1,[等级5],[粉丝团 Lv9]
2026-05-24 23:16:18,1638691886862782,兢身高163啊,粉丝团灯牌,1,1,[等级6],[粉丝团 Lv6]
2026-05-24 23:16:18,1757491754970745,小语短剧,点亮粉丝团,1,1,[等级3],[粉丝团 Lv3]
2026-05-24 23:16:18,20207703906,毛烨敏,小心心,1,1,[等级6],
2026-05-24 23:16:19,107771159251,💪,点亮粉丝团,1,1,[等级27],[粉丝团 Lv1]
2026-05-24 23:16:20,3896320832050893,🍓ChiaN🍓,点亮粉丝团,1,1,[等级5],[粉丝团 Lv5]
2026-05-24 23:16:20,109013239426,发光的电灯泡🐯,点亮粉丝团,1,1,[等级11],[粉丝团 Lv10]
2026-05-24 23:16:20,110448657104,LOYAL  TO,点亮粉丝团,1,1,[等级5],[粉丝团 Lv4]
2026-05-24 23:16:22,20207703906,毛烨敏,小心心,1,1,[等级6],
2026-05-24 23:16:22,107771159251,💪,点亮粉丝团,1,1,[等级27],[粉丝团 Lv1]
2026-05-24 23:16:22,2968283818495859,LOYO,粉丝团灯牌,1,1,[等级24],[粉丝团 Lv10]
2026-05-24 23:16:22,3896320832050893,🍓ChiaN🍓,点亮粉丝团,1,1,[等级5],[粉丝团 Lv5]
2026-05-24 23:16:23,3896320832050893,🍓ChiaN🍓,粉丝团灯牌,1,1,[等级5],[粉丝团 Lv5]
2026-05-24 23:16:24,97174929220,Chen,人气票,1,1,[等级7],[粉丝团 Lv8]
2026-05-24 23:16:24,2587617280398458,潕心,点亮粉丝团,1,1,[等级19],[粉丝团 Lv10]
2026-05-24 23:16:25,97305681744,回不到从前,点亮粉丝团,1,1,[等级9],[粉丝团 Lv8]
2026-05-24 23:16:26,97305681744,回不到从前,粉丝团灯牌,1,1,[等级9],[粉丝团 Lv8]
2026-05-24 23:16:26,100761365873,居危思安,粉丝团灯牌,1,1,[等级16],[粉丝团 Lv12]
2026-05-24 23:16:26,97305681744,回不到从前,点亮粉丝团,1,1,[等级9],[粉丝团 Lv8]
2026-05-24 23:16:26,71326443647,遇见🌻,点亮粉丝团,1,1,[等级24],[粉丝团 Lv6]
2026-05-24 23:16:27,97174929220,Chen,人气票,1,1,[等级7],[粉丝团 Lv8]
2026-05-24 23:16:28,2587617280398458,潕心,点亮粉丝团,1,1,[等级19],[粉丝团 Lv10]
2026-05-24 23:16:28,3076849955251482,K…归途,棒棒糖,1,9,[等级7],[粉丝团 Lv5]
2026-05-24 23:16:28,2587617280398458,潕心,粉丝团灯牌,1,1,[等级19],[粉丝团 Lv10]
2026-05-24 23:16:28,71326443647,遇见🌻,粉丝团灯牌,1,1,[等级24],[粉丝团 Lv6]
2026-05-24 23:16:28,71326443647,遇见🌻,点亮粉丝团,1,1,[等级24],[粉丝团 Lv6]
2026-05-24 23:16:31,3076849955251482,K…归途,棒棒糖,1,9,[等级7],[粉丝团 Lv5]
2026-05-24 23:16:33,97174929220,Chen,点亮粉丝团,1,1,[等级7],[粉丝团 Lv8]
2026-05-24 23:16:35,60616913823,陌路、,点亮粉丝团,1,9,[等级14],[粉丝团 Lv11]
2026-05-24 23:16:36,61792768790,小安❤,粉丝团灯牌,1,1,[等级18],[粉丝团 Lv9]
2026-05-24 23:16:36,97174929220,Chen,点亮粉丝团,1,1,[等级7],[粉丝团 Lv8]
2026-05-24 23:16:39,60616913823,陌路、,点亮粉丝团,1,9,[等级14],[粉丝团 Lv11]
2026-05-24 23:16:46,1156325449400455,home 🇨🇳,Thuglife,1,99,[等级43],[粉丝团 Lv2]
2026-05-24 23:16:50,93218333627,Crush.,点亮粉丝团,1,1,[等级13],[粉丝团 Lv10]
2026-05-24 23:16:53,93218333627,Crush.,点亮粉丝团,1,1,[等级13],[粉丝团 Lv10]
2026-05-24 23:16:53,57614644352,腐,抖音1号,1,10001,[等级34],[粉丝团 Lv11]
2026-05-24 23:16:54,101560656975,დ᭄ꦿ人间十万梦꧔ꦿ℘,粉丝团灯牌,1,1,[等级31],[粉丝团 Lv11]
2026-05-24 23:16:56,96605683339,🎀夏涟澈🌪️,点亮粉丝团,1,9,[等级23],[粉丝团 Lv11]
2026-05-24 23:16:57,2119472749479400,牵肠挂肚,你最好看,1,2,[等级4],
2026-05-24 23:16:59,96605683339,🎀夏涟澈🌪️,粉丝团灯牌,1,1,[等级23],[粉丝团 Lv11]
2026-05-24 23:16:59,96605683339,🎀夏涟澈🌪️,点亮粉丝团,1,9,[等级23],[粉丝团 Lv11]
2026-05-24 23:17:00,2119472749479400,牵肠挂肚,你最好看,1,2,[等级4],
2026-05-24 23:17:00,2119472749479400,牵肠挂肚,你最好看,1,2,[等级5],
2026-05-24 23:17:04,2119472749479400,牵肠挂肚,你最好看,1,2,[等级5],
2026-05-24 23:17:04,2928696292811743,超影独行,粉丝团灯牌,1,1,[等级18],[粉丝团 Lv12]
2026-05-24 23:17:10,68488524821,没心没肺的人,玫瑰,1,1,[等级16],
2026-05-24 23:17:12,68488524821,没心没肺的人,玫瑰,1,1,[等级16],
2026-05-24 23:17:16,59678646168,Vann,粉丝团灯牌,1,1,[等级21],[粉丝团 Lv7]
2026-05-24 23:17:16,64113483218,阿瑶ㅤ,粉丝团灯牌,1,1,[等级36],[粉丝团 Lv6]
2026-05-24 23:17:22,1156325449400455,home 🇨🇳,Thuglife,1,99,[等级43],[粉丝团 Lv2]
2026-05-24 23:17:25,111630548169,N泽,粉丝团灯牌,1,1,[等级14],[粉丝团 Lv14]
2026-05-24 23:17:32,86026329152,ෆ Stardustメ,粉丝团灯牌,1,1,[等级23],[粉丝团 Lv10]
2026-05-24 23:17:32,515032189253896,承✴️诺,粉丝团灯牌,1,1,[等级16],[粉丝团 Lv10]
2026-05-24 23:17:55,59625862971,🎆,点亮粉丝团,1,1,[等级18],[粉丝团 Lv10]
2026-05-24 23:17:57,59625862971,🎆,粉丝团灯牌,1,1,[等级18],[粉丝团 Lv10]
2026-05-24 23:17:57,59625862971,🎆,点亮粉丝团,1,1,[等级18],[粉丝团 Lv10]
2026-05-24 23:17:57,111630722341,小别墅,粉丝团灯牌,1,1,[等级26],[粉丝团 Lv15]
2026-05-24 23:18:08,4486439683240683,枫叶蛊,粉丝团灯牌,1,1,[等级13],[粉丝团 Lv11]
2026-05-24 23:18:17,81024957841,曾经的兵哥哥,点亮粉丝团,1,1,[等级26],[粉丝团 Lv9]
2026-05-24 23:18:20,81024957841,曾经的兵哥哥,点亮粉丝团,1,1,[等级26],[粉丝团 Lv9]
2026-05-24 23:18:30,109236774555,无趣,入团卡,1,1,[等级17],
2026-05-24 23:18:32,109236774555,无趣,入团卡,1,1,[等级17],
2026-05-24 23:18:36,99596456352,漓🌺,粉丝团灯牌,1,1,[等级30],[粉丝团 Lv11]
2026-05-24 23:18:57,70175254686,酸酸,粉丝团灯牌,1,1,[等级21],[粉丝团 Lv13]
2026-05-24 23:18:58,4306158140524344,ℳ๓俗人,粉丝团灯牌,1,1,[等级24],[粉丝团 Lv15]
2026-05-24 23:19:02,50316196128,懒大王i,点亮粉丝团,1,1,[等级14],[粉丝团 Lv5]
2026-05-24 23:19:05,50316196128,懒大王i,点亮粉丝团,1,1,[等级14],[粉丝团 Lv5]
2026-05-24 23:19:13,50316196128,懒大王i,粉丝团灯牌,1,1,[等级14],[粉丝团 Lv5]
2026-05-24 23:19:13,54065290081,🌙·,点亮粉丝团,1,1,[等级13],[粉丝团 Lv6]
2026-05-24 23:19:17,54065290081,🌙·,点亮粉丝团,1,1,[等级13],[粉丝团 Lv6]
2026-05-24 23:19:22,1227520438188235,仲 夏,点亮粉丝团,1,1,[等级15],[粉丝团 Lv5]
2026-05-24 23:19:26,1227520438188235,仲 夏,点亮粉丝团,1,1,[等级15],[粉丝团 Lv5]
2026-05-24 23:19:26,83166641560,距出轨⁵¹⁰⁷⁴·Q,粉丝团灯牌,1,1,[等级17],[粉丝团 Lv13]
2026-05-24 23:19:27,1227520438188235,仲 夏,粉丝团灯牌,1,1,[等级15],[粉丝团 Lv6]
2026-05-24 23:19:34,3208837832911044,垒哥哥,小心心,1,1,[等级10],
2026-05-24 23:19:38,3208837832911044,垒哥哥,小心心,1,1,[等级10],
2026-05-24 23:19:40,69513571814,汉堡🍔,小心心,1,1,[等级15],[粉丝团 Lv12]
2026-05-24 23:19:43,69513571814,汉堡🍔,小心心,1,1,[等级15],[粉丝团 Lv12]
2026-05-24 23:20:09,21772518583,路亚周周⁸⁰⁰⁸,点亮粉丝团,1,9,[等级29],[粉丝团 Lv12]
2026-05-24 23:20:09,96941830523,通通通,点亮粉丝团,1,1,[等级14],[粉丝团 Lv5]
2026-05-24 23:20:11,21772518583,路亚周周⁸⁰⁰⁸,点亮粉丝团,1,9,[等级29],[粉丝团 Lv12]
2026-05-24 23:20:13,96941830523,通通通,点亮粉丝团,1,1,[等级14],[粉丝团 Lv5]
2026-05-24 23:20:25,4214908908996976,失忆@信鸽,小心心,1,1,[等级2],
2026-05-24 23:20:26,85680056662,言西^^早呀！,点亮粉丝团,1,1,[等级11],[粉丝团 Lv10]
2026-05-24 23:20:28,4214908908996976,失忆@信鸽,小心心,1,1,[等级2],
2026-05-24 23:20:29,85680056662,言西^^早呀！,点亮粉丝团,1,1,[等级11],[粉丝团 Lv10]
2026-05-24 23:20:31,105689188797,一切归0️⃣,爱神之箭,1,5200,[等级43],[粉丝团:张君雅 Lv19]
2026-05-24 23:20:32,58962908907,无味.,点亮粉丝团,1,1,[等级14],[粉丝团 Lv10]
2026-05-24 23:20:35,58962908907,无味.,点亮粉丝团,1,1,[等级14],[粉丝团 Lv10]
2026-05-24 23:20:40,70892948076,宝塔山漆云南营销中心（景娟）,点亮粉丝团,1,9,[等级15],[粉丝团 Lv11]
2026-05-24 23:20:42,66606842239,西柚xi,点亮粉丝团,1,1,[等级9],[粉丝团 Lv10]
2026-05-24 23:20:43,70892948076,宝塔山漆云南营销中心（景娟）,点亮粉丝团,1,9,[等级15],[粉丝团 Lv11]
2026-05-24 23:20:45,66606842239,西柚xi,点亮粉丝团,1,1,[等级9],[粉丝团 Lv10]
2026-05-24 23:20:45,67318761886,1⃣9⃣8⃣9⃣,点亮粉丝团,1,1,[等级19],[粉丝团 Lv10]
2026-05-24 23:20:45,4375652373639837,筱尤,粉丝团灯牌,1,1,[等级24],[粉丝团 Lv9]
2026-05-24 23:20:48,67318761886,1⃣9⃣8⃣9⃣,粉丝团灯牌,1,1,[等级19],[粉丝团 Lv10]
2026-05-24 23:20:48,67318761886,1⃣9⃣8⃣9⃣,点亮粉丝团,1,1,[等级19],[粉丝团 Lv10]
2026-05-24 23:20:48,70892948076,宝塔山漆云南营销中心（景娟）,粉丝团灯牌,1,1,[等级15],[粉丝团 Lv11]
2026-05-24 23:20:56,61022739748,大树来途,大啤酒,1,2,[等级21],[粉丝团 Lv12]
2026-05-24 23:20:57,92497075135,酒伴！,粉丝团灯牌,1,1,[等级29],[粉丝团 Lv13]
2026-05-24 23:20:58,61022739748,大树来途,大啤酒,1,2,[等级21],[粉丝团 Lv12]
2026-05-24 23:21:04,63377428391,财财,点亮粉丝团,1,99,[等级36],[粉丝团 Lv16]
2026-05-24 23:21:05,71158743585,今天没胃口·,点亮粉丝团,1,1,[等级10],[粉丝团 Lv8]
2026-05-24 23:21:07,2194268707368212,꧁꫞浪天꫞꧂,小心心,1,1,[等级14],[粉丝团 Lv4]
2026-05-24 23:21:07,110012786240,小猫饼,为你举牌,1,199,[等级22],[粉丝团 Lv12]
2026-05-24 23:21:09,63377428391,财财,粉丝团灯牌,1,1,[等级36],[粉丝团 Lv16]
2026-05-24 23:21:09,71158743585,今天没胃口·,点亮粉丝团,1,1,[等级10],[粉丝团 Lv8]
2026-05-24 23:21:11,2194268707368212,꧁꫞浪天꫞꧂,小心心,1,1,[等级14],[粉丝团 Lv4]
2026-05-24 23:21:11,1877577123761172,坐忘·院落里,粉丝团灯牌,1,1,[等级20],[粉丝团 Lv11]
2026-05-24 23:21:11,1928967361410912,余疏禾,点亮粉丝团,1,1,[等级18],[粉丝团 Lv3]
2026-05-24 23:21:11,99741124427,张小闹,粉丝团灯牌,1,1,[等级23],[粉丝团 Lv10]
2026-05-24 23:21:14,1928967361410912,余疏禾,点亮粉丝团,1,1,[等级18],[粉丝团 Lv3]
2026-05-24 23:21:17,74480181675,揽尽风月,粉丝团灯牌,1,1,[等级24],[粉丝团 Lv11]
2026-05-24 23:21:24,72675461072,🪐❤宏宇（9237）,粉丝团灯牌,1,1,[等级34],[粉丝团 Lv12]
2026-05-24 23:21:24,60274263768,只柠萌,点亮粉丝团,1,1,[等级7],[粉丝团 Lv9]
2026-05-24 23:21:25,100950379099,yxh,人气票,1,1,[等级10],[粉丝团 Lv1]
2026-05-24 23:21:25,101191073415,俊郎、,点亮粉丝团,1,9,[等级28],[粉丝团 Lv12]
2026-05-24 23:21:27,99145195199,Aa,你最好看,1,2,[等级2],[粉丝团 Lv1]
2026-05-24 23:21:27,60274263768,只柠萌,点亮粉丝团,1,1,[等级7],[粉丝团 Lv9]
2026-05-24 23:21:28,101191073415,俊郎、,粉丝团灯牌,1,1,[等级28],[粉丝团 Lv12]
2026-05-24 23:21:28,100950379099,yxh,人气票,1,1,[等级10],[粉丝团 Lv1]
2026-05-24 23:21:28,101191073415,俊郎、,点亮粉丝团,1,9,[等级28],[粉丝团 Lv12]
2026-05-24 23:21:28,19875229108,与往事干杯～,点亮粉丝团,1,1,[等级21],[粉丝团 Lv9]
2026-05-24 23:21:29,101120321268,@曾经拥有,点亮粉丝团,1,1,[等级11],[粉丝团 Lv5]
2026-05-24 23:21:29,90123802131,张飞,点亮粉丝团,1,1,[等级27],[粉丝团 Lv8]
2026-05-24 23:21:30,99145195199,Aa,你最好看,1,2,[等级2],[粉丝团 Lv1]
2026-05-24 23:21:31,19875229108,与往事干杯～,点亮粉丝团,1,1,[等级21],[粉丝团 Lv9]
2026-05-24 23:21:31,1093360598918884,狮子小开口🦁,粉丝团灯牌,1,1,[等级30],[粉丝团 Lv8]
2026-05-24 23:21:32,90123802131,张飞,粉丝团灯牌,1,1,[等级27],[粉丝团 Lv8]
2026-05-24 23:21:32,90123802131,张飞,点亮粉丝团,1,1,[等级27],[粉丝团 Lv8]
2026-05-24 23:21:32,101120321268,@曾经拥有,点亮粉丝团,1,1,[等级11],[粉丝团 Lv5]
2026-05-24 23:21:32,94877884361,我不是才哥666,小心心,1,1,[等级17],[粉丝团 Lv4]
2026-05-24 23:21:33,2770372510887495,╮蕶落①裑偢,点亮粉丝团,1,1,[等级30],[粉丝团 Lv9]
2026-05-24 23:21:34,59220081861,52Hertz.,粉丝团灯牌,1,1,[等级37],[粉丝团 Lv8]
2026-05-24 23:21:35,1584871111395740,林先森,粉丝团灯牌,1,1,[等级18],[粉丝团 Lv3]
2026-05-24 23:21:36,94877884361,我不是才哥666,小心心,1,1,[等级17],[粉丝团 Lv4]
2026-05-24 23:21:36,1602415061371112,不釷骨頭,粉丝团灯牌,1,1,[等级15],[粉丝团 Lv1]
2026-05-24 23:21:36,88246739660,不再年轻,粉丝团灯牌,1,1,[等级23],[粉丝团 Lv8]
2026-05-24 23:21:36,2770372510887495,╮蕶落①裑偢,点亮粉丝团,1,1,[等级30],[粉丝团 Lv9]
2026-05-24 23:21:36,94446648802,啥都么得,点亮粉丝团,1,1,[等级10],[粉丝团 Lv10]
2026-05-24 23:21:36,3699172246561183,恎𥄫,点亮粉丝团,1,1,[等级16],[粉丝团 Lv9]
2026-05-24 23:21:36,93879565904,浅唱！吶回忆,入团卡,1,1,[等级32],
2026-05-24 23:21:37,108231892334,风吹雪🃏,点亮粉丝团,1,1,[等级13],[粉丝团 Lv8]
2026-05-24 23:21:37,1401239112003131,您的慈爹,点亮粉丝团,1,1,[等级26],[粉丝团 Lv6]
2026-05-24 23:21:39,94446648802,啥都么得,点亮粉丝团,1,1,[等级10],[粉丝团 Lv10]
2026-05-24 23:21:39,2770372510887495,╮蕶落①裑偢,粉丝团灯牌,1,1,[等级30],[粉丝团 Lv9]
2026-05-24 23:21:40,3699172246561183,恎𥄫,点亮粉丝团,1,1,[等级16],[粉丝团 Lv9]
2026-05-24 23:21:40,93879565904,浅唱！吶回忆,入团卡,1,1,[等级32],
2026-05-24 23:21:40,3699172246561183,恎𥄫,粉丝团灯牌,1,1,[等级16],[粉丝团 Lv9]
2026-05-24 23:21:40,108231892334,风吹雪🃏,点亮粉丝团,1,1,[等级13],[粉丝团 Lv8]
2026-05-24 23:21:40,95917514199,曦然妞～o>_<o～,粉丝团灯牌,1,1,[等级18],[粉丝团 Lv8]
2026-05-24 23:21:40,1819068583125652,❤️‍🔥语你相遇❤️‍🔥,点亮粉丝团,1,1,[等级27],[粉丝团 Lv6]
2026-05-24 23:21:41,88514989670,被生活磨平了棱角,点亮粉丝团,1,1,[等级27],[粉丝团 Lv8]
2026-05-24 23:21:42,1401239112003131,您的慈爹,点亮粉丝团,1,1,[等级26],[粉丝团 Lv6]
2026-05-24 23:21:43,64593145597,00/00,点亮粉丝团,1,1,[等级6],[粉丝团 Lv4]
2026-05-24 23:21:43,4094203160695240,霖雨,点亮粉丝团,1,1,[等级14],[粉丝团 Lv10]
2026-05-24 23:21:44,83945222978,文明里～垚妈小甜品,点亮粉丝团,1,1,[等级21],[粉丝团 Lv10]
2026-05-24 23:21:44,1819068583125652,❤️‍🔥语你相遇❤️‍🔥,点亮粉丝团,1,1,[等级27],[粉丝团 Lv6]
2026-05-24 23:21:44,93879565904,浅唱！吶回忆,粉丝团灯牌,1,1,[等级32],[粉丝团 Lv1]
2026-05-24 23:21:44,88514989670,被生活磨平了棱角,粉丝团灯牌,1,1,[等级27],[粉丝团 Lv8]
2026-05-24 23:21:44,88514989670,被生活磨平了棱角,点亮粉丝团,1,1,[等级27],[粉丝团 Lv8]
2026-05-24 23:21:44,88514989670,被生活磨平了棱角,点亮粉丝团,1,1,[等级27],[粉丝团 Lv8]
2026-05-24 23:21:46,64593145597,00/00,点亮粉丝团,1,1,[等级6],[粉丝团 Lv4]
2026-05-24 23:21:46,4094203160695240,霖雨,点亮粉丝团,1,1,[等级14],[粉丝团 Lv10]
2026-05-24 23:21:46,83945222978,文明里～垚妈小甜品,点亮粉丝团,1,1,[等级21],[粉丝团 Lv10]
2026-05-24 23:21:47,54806575693,全去鼠鼠,粉丝团灯牌,1,1,[等级19],[粉丝团 Lv11]
2026-05-24 23:21:47,1161499427223208,小点点,点亮粉丝团,1,1,[等级14],[粉丝团 Lv7]
2026-05-24 23:21:49,2969147581151208,凯凯,点亮粉丝团,1,1,[等级22],[粉丝团 Lv1]
2026-05-24 23:21:50,1161499427223208,小点点,点亮粉丝团,1,1,[等级14],[粉丝团 Lv7]
2026-05-24 23:21:50,64100700934,87、乃王道,粉丝团灯牌,1,1,[等级18],[粉丝团 Lv10]
2026-05-24 23:21:52,536216681585140,方块六,点亮粉丝团,1,1,[等级19],[粉丝团 Lv6]
2026-05-24 23:21:52,1028748470138863,漫步摘星辰,入团卡,1,1,[等级28],
2026-05-24 23:21:52,3526832178339150,緹頞,粉丝团灯牌,1,1,[等级21],[粉丝团 Lv8]
2026-05-24 23:21:52,2969147581151208,凯凯,点亮粉丝团,1,1,[等级22],[粉丝团 Lv1]
2026-05-24 23:21:52,97470731648,肖大大,点亮粉丝团,1,1,[等级7],[粉丝团 Lv9]
2026-05-24 23:21:54,105800434578,🍀神秘人,粉丝团灯牌,1,1,[等级29],[粉丝团 Lv11]
2026-05-24 23:21:55,109835242803,姜伯约,粉丝团灯牌,1,1,[等级28],[粉丝团 Lv9]
2026-05-24 23:21:55,536216681585140,方块六,点亮粉丝团,1,1,[等级19],[粉丝团 Lv6]
2026-05-24 23:21:55,1028748470138863,漫步摘星辰,入团卡,1,1,[等级28],
2026-05-24 23:21:55,83705848652,🍭淋着雨🍭,点亮粉丝团,1,1,[等级10],[粉丝团 Lv9]
2026-05-24 23:21:55,97470731648,肖大大,点亮粉丝团,1,1,[等级7],[粉丝团 Lv9]
2026-05-24 23:21:56,104755480557,̼He,点亮粉丝团,1,9,[等级34],[粉丝团 Lv12]
2026-05-24 23:21:56,21174553234,泳鱼体育,点亮粉丝团,1,1,[等级24],[粉丝团 Lv8]
2026-05-24 23:21:57,73303768995,十七,粉丝团灯牌,1,1,[等级25],[粉丝团 Lv12]
2026-05-24 23:21:58,83705848652,🍭淋着雨🍭,点亮粉丝团,1,1,[等级10],[粉丝团 Lv9]
2026-05-24 23:21:58,102155091278,流浪的疯子,点亮粉丝团,1,1,[等级13],[粉丝团 Lv9]
2026-05-24 23:21:58,21174553234,泳鱼体育,点亮粉丝团,1,1,[等级24],[粉丝团 Lv8]
2026-05-24 23:21:58,104755480557,̼He,点亮粉丝团,1,9,[等级34],[粉丝团 Lv12]
2026-05-24 23:21:59,1028748470138863,漫步摘星辰,粉丝团灯牌,1,1,[等级28],[粉丝团 Lv1]
2026-05-24 23:21:59,98428209123,ℳ₯㎕張᭱張᭱এ,点亮粉丝团,1,1,[等级31],[粉丝团 Lv2]
2026-05-24 23:22:01,94259202048,调皮的熊熊,入团卡,1,1,[等级16],
2026-05-24 23:22:01,97755988211,Ari,点亮粉丝团,1,1,[等级20],[粉丝团 Lv4]
2026-05-24 23:22:01,102155091278,流浪的疯子,点亮粉丝团,1,1,[等级13],[粉丝团 Lv9]
2026-05-24 23:22:02,98428209123,ℳ₯㎕張᭱張᭱এ,点亮粉丝团,1,1,[等级31],[粉丝团 Lv2]
2026-05-24 23:22:03,2860302679675140,康齿4.0,入团卡,1,1,[等级1],
2026-05-24 23:22:03,94259202048,调皮的熊熊,入团卡,1,1,[等级16],
2026-05-24 23:22:03,97103968855,@陈哥,入团卡,1,1,[等级28],
2026-05-24 23:22:04,97755988211,Ari,点亮粉丝团,1,1,[等级20],[粉丝团 Lv4]
2026-05-24 23:22:04,98428209123,ℳ₯㎕張᭱張᭱এ,粉丝团灯牌,1,1,[等级31],[粉丝团 Lv2]
2026-05-24 23:22:05,97755988211,Ari,粉丝团灯牌,1,1,[等级20],[粉丝团 Lv4]
2026-05-24 23:22:05,4102995310553165,李龙语,粉丝团灯牌,1,1,[等级20],[粉丝团 Lv10]
2026-05-24 23:22:06,2860302679675140,康齿4.0,入团卡,1,1,[等级1],
2026-05-24 23:22:07,97103968855,@陈哥,入团卡,1,1,[等级28],
2026-05-24 23:22:08,1093360598918884,狮子小开口🦁,为你闪耀,1,9,[等级30],[粉丝团 Lv8]
2026-05-24 23:22:09,69125781890,嗯嗯,点亮粉丝团,1,1,[等级22],[粉丝团 Lv10]
2026-05-24 23:22:09,105836288337,~~~~,点亮粉丝团,1,1,[等级29],[粉丝团 Lv3]
2026-05-24 23:22:11,1028748470138863,漫步摘星辰,为你闪耀,1,9,[等级28],[粉丝团 Lv1]
2026-05-24 23:22:11,97103968855,@陈哥,粉丝团灯牌,1,1,[等级28],[粉丝团 Lv1]
2026-05-24 23:22:11,1093360598918884,狮子小开口🦁,为你闪耀,1,9,[等级30],[粉丝团 Lv8]
2026-05-24 23:22:12,69125781890,嗯嗯,点亮粉丝团,1,1,[等级22],[粉丝团 Lv10]
2026-05-24 23:22:13,105836288337,~~~~,点亮粉丝团,1,1,[等级29],[粉丝团 Lv3]
2026-05-24 23:22:13,105836288337,~~~~,粉丝团灯牌,1,1,[等级29],[粉丝团 Lv3]
2026-05-24 23:22:13,1028748470138863,漫步摘星辰,为你闪耀,1,9,[等级28],[粉丝团 Lv1]
2026-05-24 23:22:13,52136825011,华锅锅,点亮粉丝团,1,1,[等级34],[粉丝团 Lv6]
2026-05-24 23:22:14,1028748470138863,漫步摘星辰,为你闪耀,1,9,[等级28],[粉丝团 Lv1]
2026-05-24 23:22:15,104616242745,寂寞一根烟,入团卡,1,1,[等级35],
2026-05-24 23:22:17,52136825011,华锅锅,点亮粉丝团,1,1,[等级34],[粉丝团 Lv6]
2026-05-24 23:22:17,1028748470138863,漫步摘星辰,为你闪耀,1,9,[等级28],[粉丝团 Lv1]
2026-05-24 23:22:17,69125781890,嗯嗯,粉丝团灯牌,1,1,[等级22],[粉丝团 Lv10]
2026-05-24 23:22:19,104616242745,寂寞一根烟,入团卡,1,1,[等级35],
2026-05-24 23:22:19,96841950524,琪,点亮粉丝团,1,1,[等级35],[粉丝团 Lv10]
2026-05-24 23:22:20,3646435961350248,Fff,粉丝团灯牌,1,1,[等级9],[粉丝团 Lv11]
2026-05-24 23:22:21,52136825011,华锅锅,粉丝团灯牌,1,1,[等级34],[粉丝团 Lv6]
2026-05-24 23:22:22,1028748470138863,漫步摘星辰,为你闪耀,1,9,[等级28],[粉丝团 Lv1]
2026-05-24 23:22:22,3241805613642644,小七🥰,点亮粉丝团,1,1,[等级33],[粉丝团 Lv6]
2026-05-24 23:22:23,96841950524,琪,点亮粉丝团,1,1,[等级35],[粉丝团 Lv10]
2026-05-24 23:22:23,96943806471,ᴄʜᴇɴ·,点亮粉丝团,1,1,[等级36],[粉丝团 Lv6]
2026-05-24 23:22:25,1028748470138863,漫步摘星辰,为你闪耀,2,18,[等级28],[粉丝团 Lv1]
2026-05-24 23:22:25,96841950524,琪,粉丝团灯牌,1,1,[等级35],[粉丝团 Lv10]
2026-05-24 23:22:25,3241805613642644,小七🥰,点亮粉丝团,1,1,[等级33],[粉丝团 Lv6]
2026-05-24 23:22:25,3241805613642644,小七🥰,粉丝团灯牌,1,1,[等级33],[粉丝团 Lv6]
2026-05-24 23:22:25,1969956057253293,南柯一梦,粉丝团灯牌,1,1,[等级21],[粉丝团 Lv15]
2026-05-24 23:22:25,97071022806,Summer,点亮粉丝团,1,1,[等级24],[粉丝团 Lv10]
2026-05-24 23:22:27,96943806471,ᴄʜᴇɴ·,点亮粉丝团,1,1,[等级36],[粉丝团 Lv6]
2026-05-24 23:22:27,104616242745,寂寞一根烟,粉丝团灯牌,1,1,[等级35],[粉丝团 Lv1]
2026-05-24 23:22:27,1028748470138863,漫步摘星辰,为你闪耀,3,27,[等级28],[粉丝团 Lv1]
2026-05-24 23:22:27,1028748470138863,漫步摘星辰,为你闪耀,2,18,[等级28],[粉丝团 Lv1]
2026-05-24 23:22:28,1028748470138863,漫步摘星辰,为你闪耀,2,18,[等级28],[粉丝团 Lv2]
2026-05-24 23:22:28,1028748470138863,漫步摘星辰,为你闪耀,3,27,[等级28],[粉丝团 Lv2]
2026-05-24 23:22:28,97071022806,Summer,点亮粉丝团,1,1,[等级24],[粉丝团 Lv10]
2026-05-24 23:22:28,58535192026,ℳ๓₯㎕☆沉默,点亮粉丝团,1,1,[等级18],[粉丝团 Lv2]
2026-05-24 23:22:28,97071022806,Summer,粉丝团灯牌,1,1,[等级24],[粉丝团 Lv10]
2026-05-24 23:22:28,1028748470138863,漫步摘星辰,为你闪耀,4,36,[等级28],[粉丝团 Lv2]
2026-05-24 23:22:29,2280847625171072,糖糖❄️（和平精英）,粉丝团灯牌,1,1,[等级16],[粉丝团 Lv10]
2026-05-24 23:22:29,1028748470138863,漫步摘星辰,为你闪耀,8,72,[等级28],[粉丝团 Lv1]
2026-05-24 23:22:30,1028748470138863,漫步摘星辰,为你闪耀,6,54,[等级28],[粉丝团 Lv1]
2026-05-24 23:22:30,1028748470138863,漫步摘星辰,为你闪耀,10,90,[等级28],[粉丝团 Lv2]
2026-05-24 23:22:30,1028748470138863,漫步摘星辰,为你闪耀,11,99,[等级28],[粉丝团 Lv2]
2026-05-24 23:22:31,95548260189,齁甜的蛋挞,点亮粉丝团,1,1,[等级29],[粉丝团 Lv3]
2026-05-24 23:22:31,1028748470138863,漫步摘星辰,为你闪耀,24,216,[等级28],[粉丝团 Lv3]
2026-05-24 23:22:31,58535192026,ℳ๓₯㎕☆沉默,点亮粉丝团,1,1,[等级18],[粉丝团 Lv2]
2026-05-24 23:22:32,1028748470138863,漫步摘星辰,为你闪耀,9,81,[等级28],[粉丝团 Lv2]
2026-05-24 23:22:32,1028748470138863,漫步摘星辰,为你闪耀,10,90,[等级28],[粉丝团 Lv3]
2026-05-24 23:22:32,1028748470138863,漫步摘星辰,为你闪耀,16,144,[等级28],[粉丝团 Lv2]
2026-05-24 23:22:33,1028748470138863,漫步摘星辰,为你闪耀,11,99,[等级28],[粉丝团 Lv3]
2026-05-24 23:22:34,1028748470138863,漫步摘星辰,为你闪耀,18,162,[等级28],[粉丝团 Lv3]
2026-05-24 23:22:34,95548260189,齁甜的蛋挞,点亮粉丝团,1,1,[等级29],[粉丝团 Lv3]
2026-05-24 23:22:36,882283824820291,c文君,点亮粉丝团,1,1,[等级3],[粉丝团 Lv2]
2026-05-24 23:22:36,1028748470138863,漫步摘星辰,为你闪耀,18,162,[等级28],[粉丝团 Lv3]
2026-05-24 23:22:37,3492517457174795,呜呼,粉丝团灯牌,1,1,[等级9],[粉丝团 Lv6]
2026-05-24 23:22:38,1614513330467710,逍遥,粉丝团灯牌,1,1,[等级14],[粉丝团 Lv10]
2026-05-24 23:22:38,2368817130111241,删情绪,点亮粉丝团,1,1,[等级27],[粉丝团 Lv10]
2026-05-24 23:22:39,882283824820291,c文君,点亮粉丝团,1,1,[等级3],[粉丝团 Lv2]
2026-05-24 23:22:40,84333685081,初一似今朝,粉丝团灯牌,1,1,[等级18],[粉丝团 Lv7]
2026-05-24 23:22:41,2368817130111241,删情绪,点亮粉丝团,1,1,[等级27],[粉丝团 Lv10]
2026-05-24 23:22:42,92905829426,^_^不忘初❤️,粉丝团灯牌,1,1,[等级27],[粉丝团 Lv5]
2026-05-24 23:22:42,1614513330467710,逍遥,人气票,1,1,[等级14],[粉丝团 Lv10]
2026-05-24 23:22:42,83921930419,翠花,点亮粉丝团,1,1,[等级19],[粉丝团 Lv10]
2026-05-24 23:22:42,99995235482,Lik~,小心心,1,1,[等级27],[粉丝团 Lv10]
2026-05-24 23:22:45,97235162528,ℳ寞傲/宇哲ℳ,点亮粉丝团,1,1,[等级14],[粉丝团 Lv1]
2026-05-24 23:22:46,1614513330467710,逍遥,人气票,1,1,[等级14],[粉丝团 Lv10]
2026-05-24 23:22:46,83921930419,翠花,点亮粉丝团,1,1,[等级19],[粉丝团 Lv10]
2026-05-24 23:22:46,99995235482,Lik~,小心心,1,1,[等级27],[粉丝团 Lv10]
2026-05-24 23:22:48,1028748470138863,漫步摘星辰,为你闪耀,1,9,[等级28],[粉丝团 Lv3]
2026-05-24 23:22:48,918841341250621,灬随灬缘灬,粉丝团灯牌,1,1,[等级22],[粉丝团 Lv15]
2026-05-24 23:22:48,97235162528,ℳ寞傲/宇哲ℳ,点亮粉丝团,1,1,[等级14],[粉丝团 Lv1]
2026-05-24 23:22:48,65822533833,睡不着.,点亮粉丝团,1,1,[等级17],[粉丝团 Lv4]
2026-05-24 23:22:51,1028748470138863,漫步摘星辰,为你闪耀,1,9,[等级28],[粉丝团 Lv3]
2026-05-24 23:22:52,65822533833,睡不着.,点亮粉丝团,1,1,[等级17],[粉丝团 Lv4]
2026-05-24 23:22:52,98008992281,許,666,1,1,[等级20],
2026-05-24 23:22:52,1917193733835112,菲菲不是公主,点亮粉丝团,1,1,[等级15],[粉丝团 Lv3]
2026-05-24 23:22:53,102719592986,橘_柚,粉丝团灯牌,1,1,[等级9],[粉丝团 Lv10]
2026-05-24 23:22:54,98008992281,許,666,1,1,[等级20],
2026-05-24 23:22:55,1917193733835112,菲菲不是公主,点亮粉丝团,1,1,[等级15],[粉丝团 Lv3]
2026-05-24 23:22:57,86354324174,一直在,点亮粉丝团,1,1,[等级14],[粉丝团 Lv6]
2026-05-24 23:22:58,1854229171951098,南樱ベ,粉丝团灯牌,1,1,[等级12],[粉丝团 Lv6]
2026-05-24 23:22:59,2067522424150349,Rs.,人气票,1,1,[等级6],[粉丝团 Lv3]
2026-05-24 23:22:59,1028748470138863,漫步摘星辰,为你闪耀,1,9,[等级28],[粉丝团 Lv3]
2026-05-24 23:22:59,95548260189,齁甜的蛋挞,粉丝团灯牌,1,1,[等级29],[粉丝团 Lv4]
2026-05-24 23:23:00,86354324174,一直在,点亮粉丝团,1,1,[等级14],[粉丝团 Lv6]
2026-05-24 23:23:00,65822533833,睡不着.,粉丝团灯牌,1,1,[等级17],[粉丝团 Lv4]
2026-05-24 23:23:00,2067522424150349,Rs.,人气票,2,2,[等级6],[粉丝团 Lv3]
2026-05-24 23:23:01,2067522424150349,Rs.,人气票,3,3,[等级6],[粉丝团 Lv3]
2026-05-24 23:23:02,1028748470138863,漫步摘星辰,为你闪耀,1,9,[等级28],[粉丝团 Lv3]
2026-05-24 23:23:04,2067522424150349,Rs.,人气票,3,3,[等级6],[粉丝团 Lv3]
2026-05-24 23:23:06,2172265008212877,Luminis·Vigore,入团卡,1,1,[等级11],
2026-05-24 23:23:06,69911801595,وً💚王德发💚 وً,点亮粉丝团,1,9,[等级19],[粉丝团 Lv11]
2026-05-24 23:23:09,4077413927239021,可。笑,点亮粉丝团,1,1,[等级12],[粉丝团 Lv10]
2026-05-24 23:23:09,2172265008212877,Luminis·Vigore,入团卡,1,1,[等级11],
2026-05-24 23:23:10,69911801595,وً💚王德发💚 وً,点亮粉丝团,1,9,[等级19],[粉丝团 Lv11]
2026-05-24 23:23:10,103691612457,胡𝓗𝓾 ᥫᩣ,点亮粉丝团,1,1,[等级12],[粉丝团 Lv8]
2026-05-24 23:23:12,4077413927239021,可。笑,粉丝团灯牌,1,1,[等级12],[粉丝团 Lv10]
2026-05-24 23:23:12,4077413927239021,可。笑,点亮粉丝团,1,1,[等级12],[粉丝团 Lv10]
2026-05-24 23:23:13,103691612457,胡𝓗𝓾 ᥫᩣ,点亮粉丝团,1,1,[等级12],[粉丝团 Lv8]
2026-05-24 23:23:13,69911801595,وً💚王德发💚 وً,粉丝团灯牌,1,1,[等级19],[粉丝团 Lv11]
2026-05-24 23:23:17,2172265008212877,Luminis·Vigore,粉丝团灯牌,1,1,[等级11],[粉丝团 Lv1]
2026-05-24 23:23:21,55264968210,《阿坝》~阿龙,粉丝团灯牌,1,1,[等级29],[粉丝团 Lv6]
2026-05-24 23:23:24,109402948401,浮生天,点亮粉丝团,1,1,[等级6],[粉丝团 Lv9]
2026-05-24 23:23:24,4168945486819639,赵小雷,入团卡,1,1,[等级14],
2026-05-24 23:23:26,765706695097374,Ahui,粉丝团灯牌,1,1,[等级17],[粉丝团 Lv10]
2026-05-24 23:23:27,109402948401,浮生天,点亮粉丝团,1,1,[等级6],[粉丝团 Lv9]
2026-05-24 23:23:27,4168945486819639,赵小雷,入团卡,1,1,[等级14],
2026-05-24 23:23:43,98787312682,Ⅱ快乐的小猪+丢了幸福的猪,点亮粉丝团,1,9,[等级26],[粉丝团 Lv11]
2026-05-24 23:23:46,98787312682,Ⅱ快乐的小猪+丢了幸福的猪,点亮粉丝团,1,9,[等级26],[粉丝团 Lv11]
2026-05-24 23:23:48,98787312682,Ⅱ快乐的小猪+丢了幸福的猪,粉丝团灯牌,1,1,[等级26],[粉丝团 Lv11]
2026-05-24 23:23:48,1866325584776761,unol,入团卡,1,1,[等级2],
2026-05-24 23:23:51,1866325584776761,unol,入团卡,1,1,[等级2],
2026-05-24 23:23:52,70324937733,ZZ.,大啤酒,1,2,[等级14],[粉丝团 Lv10]
2026-05-24 23:23:54,1866325584776761,unol,粉丝团灯牌,1,1,[等级2],[粉丝团 Lv1]
2026-05-24 23:23:56,70324937733,ZZ.,大啤酒,1,2,[等级14],[粉丝团 Lv10]
2026-05-24 23:24:05,4503660048358306,专注彩钢铁艺,点亮粉丝团,1,1,[等级8],[粉丝团 Lv7]
2026-05-24 23:24:08,4164602791199757,੯‧̀͡⬮\,粉丝团灯牌,1,1,[等级19],[粉丝团 Lv12]
2026-05-24 23:24:08,4503660048358306,专注彩钢铁艺,点亮粉丝团,1,1,[等级8],[粉丝团 Lv7]
2026-05-24 23:24:09,7577640562417910833,福布斯富婆,小心心,1,1,[等级5],
2026-05-24 23:24:12,7577640562417910833,福布斯富婆,小心心,1,1,[等级5],
2026-05-24 23:24:15,93166387491,雨陈墨客,点亮粉丝团,1,1,[等级5],[粉丝团 Lv6]
2026-05-24 23:24:16,4503660048358306,专注彩钢铁艺,粉丝团灯牌,1,1,[等级8],[粉丝团 Lv7]
2026-05-24 23:24:17,98787312682,Ⅱ快乐的小猪+丢了幸福的猪,为你闪耀,1,9,[等级26],[粉丝团 Lv11]
2026-05-24 23:24:18,93166387491,雨陈墨客,点亮粉丝团,1,1,[等级5],[粉丝团 Lv6]
2026-05-24 23:24:19,98787312682,Ⅱ快乐的小猪+丢了幸福的猪,为你闪耀,1,9,[等级26],[粉丝团 Lv11]
2026-05-24 23:24:23,52050847967,🔆詻妖妖🥕,点亮粉丝团,1,1,[等级15],[粉丝团 Lv8]
2026-05-24 23:24:26,98787312682,Ⅱ快乐的小猪+丢了幸福的猪,为你闪耀,1,9,[等级26],[粉丝团 Lv11]
2026-05-24 23:24:26,52050847967,🔆詻妖妖🥕,点亮粉丝团,1,1,[等级15],[粉丝团 Lv8]
2026-05-24 23:24:27,98787312682,Ⅱ快乐的小猪+丢了幸福的猪,为你闪耀,2,18,[等级26],[粉丝团 Lv11]
2026-05-24 23:24:30,98787312682,Ⅱ快乐的小猪+丢了幸福的猪,为你闪耀,2,18,[等级26],[粉丝团 Lv11]
2026-05-24 23:24:33,93507559378,嗯。。,粉丝团灯牌,1,1,[等级31],[粉丝团 Lv12]
2026-05-24 23:24:35,2041135185528739,我还能吃,粉丝团灯牌,1,1,[等级19],[粉丝团 Lv7]
2026-05-24 23:24:36,93166387491,雨陈墨客,粉丝团灯牌,1,1,[等级6],[粉丝团 Lv6]
2026-05-24 23:24:38,2753658073915060,🍼,粉丝团灯牌,1,1,[等级9],[粉丝团 Lv7]
2026-05-24 23:24:40,68204659115,人机,闪烁星河,1,1,[等级29],[粉丝团:张君雅 Lv13]
2026-05-24 23:24:52,97473417300,七分钱,点亮粉丝团,1,1,[等级10],[粉丝团 Lv10]
2026-05-24 23:24:52,96010382439,军军哥,入团卡,1,1,[等级32],
2026-05-24 23:24:55,97473417300,七分钱,点亮粉丝团,1,1,[等级10],[粉丝团 Lv10]
2026-05-24 23:24:56,96010382439,军军哥,入团卡,1,1,[等级32],
2026-05-24 23:25:18,1860847789148775,得意洋洋,粉丝团灯牌,1,1,[等级3],[粉丝团 Lv6]
2026-05-24 23:25:20,4476823248839901,诗の零碎结尾,粉丝团灯牌,1,1,[等级18],[粉丝团 Lv4]
2026-05-24 23:25:24,1847600444872948,七月,点亮粉丝团,1,1,[等级7],[粉丝团 Lv9]
2026-05-24 23:25:27,1847600444872948,七月,点亮粉丝团,1,1,[等级7],[粉丝团 Lv9]
2026-05-24 23:25:29,80386258867,日光倾城未必温暖,小心心,1,1,[等级29],
2026-05-24 23:25:31,80386258867,日光倾城未必温暖,小心心,1,1,[等级29],
2026-05-24 23:25:37,72307494322,楠哥迷糊,粉丝团灯牌,1,1,[等级21],[粉丝团 Lv15]
2026-05-24 23:25:44,79741900468,🐰胡萝卜🐰,点亮粉丝团,1,1,[等级31],[粉丝团 Lv5]
2026-05-24 23:25:47,79741900468,🐰胡萝卜🐰,点亮粉丝团,1,1,[等级31],[粉丝团 Lv5]
2026-05-24 23:25:52,68204659115,人机,星光闪耀,1,9,[等级29],[粉丝团:张君雅 Lv13]
2026-05-24 23:25:55,68204659115,人机,星光闪耀,1,9,[等级29],[粉丝团:张君雅 Lv13]
2026-05-24 23:25:56,100950379099,yxh,小心心,1,1,[等级10],[粉丝团 Lv1]
2026-05-24 23:25:58,100950379099,yxh,小心心,1,1,[等级10],[粉丝团 Lv1]
2026-05-24 23:26:08,2052124494539603,屈北,粉丝团灯牌,1,1,[等级8],[粉丝团 Lv5]
2026-05-24 23:26:14,100950379099,yxh,小心心,1,1,[等级10],[粉丝团 Lv1]
2026-05-24 23:26:15,66638038372,不知名王友,点亮粉丝团,1,9,[等级30],[粉丝团 Lv11]
2026-05-24 23:26:17,100950379099,yxh,小心心,1,1,[等级10],[粉丝团 Lv1]
2026-05-24 23:26:17,66638038372,不知名王友,粉丝团灯牌,1,1,[等级30],[粉丝团 Lv11]
2026-05-24 23:26:17,66638038372,不知名王友,点亮粉丝团,1,9,[等级30],[粉丝团 Lv11]
2026-05-24 23:26:17,64748701456,廾 匸,粉丝团灯牌,1,1,[等级24],[粉丝团 Lv14]
2026-05-24 23:26:19,3628807335188429,魏什么。,点亮粉丝团,1,1,[等级30],[粉丝团 Lv9]
2026-05-24 23:26:22,3628807335188429,魏什么。,点亮粉丝团,1,1,[等级30],[粉丝团 Lv9]
2026-05-24 23:26:24,108710950192,A 猜不透的人生ᰔᩚ ⁵¹⁰⁷⁴,粉丝团灯牌,1,1,[等级28],[粉丝团 Lv14]
2026-05-24 23:26:24,60622129597,SHUANG👑,点亮粉丝团,1,1,[等级8],[粉丝团 Lv2]
2026-05-24 23:26:25,100950379099,yxh,你最好看,1,2,[等级10],[粉丝团 Lv1]
2026-05-24 23:26:27,60622129597,SHUANG👑,点亮粉丝团,1,1,[等级8],[粉丝团 Lv2]
2026-05-24 23:26:29,100950379099,yxh,你最好看,1,2,[等级10],[粉丝团 Lv1]
2026-05-24 23:26:30,92769378671,阿 甘,点亮粉丝团,1,1,[等级14],[粉丝团 Lv4]
2026-05-24 23:26:32,60622129597,SHUANG👑,粉丝团灯牌,1,1,[等级8],[粉丝团 Lv3]
2026-05-24 23:26:33,92769378671,阿 甘,点亮粉丝团,1,1,[等级14],[粉丝团 Lv4]
2026-05-24 23:26:33,92769378671,阿 甘,粉丝团灯牌,1,1,[等级14],[粉丝团 Lv4]
2026-05-24 23:26:34,2007082427226906,用户8606881035707,小心心,1,1,[等级13],
2026-05-24 23:26:37,2007082427226906,用户8606881035707,小心心,1,1,[等级13],
2026-05-24 23:26:38,353384164234316,咩,点亮粉丝团,1,1,[等级4],[粉丝团 Lv8]
2026-05-24 23:26:41,353384164234316,咩,点亮粉丝团,1,1,[等级4],[粉丝团 Lv8]
2026-05-24 23:26:43,68204659115,人机,星光闪耀,1,9,[等级29],[粉丝团:张君雅 Lv13]
2026-05-24 23:26:44,68204659115,人机,星光闪耀,2,18,[等级29],[粉丝团:张君雅 Lv13]
2026-05-24 23:26:44,68204659115,人机,星光闪耀,1,9,[等级29],[粉丝团:张君雅 Lv13]
2026-05-24 23:26:45,68204659115,人机,星光闪耀,3,27,[等级29],[粉丝团:张君雅 Lv13]
2026-05-24 23:26:45,68204659115,人机,星光闪耀,4,36,[等级29],[粉丝团:张君雅 Lv13]
2026-05-24 23:26:46,68204659115,人机,星光闪耀,10,90,[等级29],[粉丝团:张君雅 Lv13]
2026-05-24 23:26:49,353384164234316,咩,粉丝团灯牌,1,1,[等级4],[粉丝团 Lv8]
2026-05-24 23:26:49,67535712021,如何采摘大勋花？,粉丝团灯牌,1,1,[等级9],[粉丝团 Lv10]
2026-05-24 23:26:49,68204659115,人机,星光闪耀,10,90,[等级29],[粉丝团:张君雅 Lv13]
2026-05-24 23:26:51,68204659115,人机,星光闪耀,1,9,[等级29],[粉丝团:张君雅 Lv13]
2026-05-24 23:26:53,68204659115,人机,星光闪耀,1,9,[等级29],[粉丝团:张君雅 Lv13]
2026-05-24 23:27:10,96593760454,九狸,粉丝团灯牌,1,1,[等级29],[粉丝团 Lv12]
2026-05-24 23:27:18,2629622842262791,小机灵,入团卡,1,1,[等级14],
2026-05-24 23:27:22,2629622842262791,小机灵,入团卡,1,1,[等级14],
2026-05-24 23:27:30,95722579453,ღ猫吉😍ོ,粉丝团灯牌,1,1,[等级20],[粉丝团 Lv11]
2026-05-24 23:27:31,3211044728872072,蛋糕,点亮粉丝团,1,1,[等级10],[粉丝团 Lv3]
2026-05-24 23:27:34,3211044728872072,蛋糕,点亮粉丝团,1,1,[等级10],[粉丝团 Lv3]
2026-05-24 23:27:49,74007988837,十九时。,粉丝团灯牌,1,1,[等级18],[粉丝团 Lv6]
2026-05-24 23:27:58,83998546890,三三三三zzg,点亮粉丝团,1,1,[等级16],[粉丝团 Lv8]
2026-05-24 23:28:01,83998546890,三三三三zzg,点亮粉丝团,1,1,[等级16],[粉丝团 Lv8]
2026-05-24 23:28:03,2510895138218599,刘一叨,粉丝团灯牌,1,1,[等级29],[粉丝团 Lv10]
2026-05-24 23:28:05,2827593358257540,ies,点亮粉丝团,1,1,[等级13],[粉丝团 Lv7]
2026-05-24 23:28:09,2827593358257540,ies,点亮粉丝团,1,1,[等级13],[粉丝团 Lv7]
2026-05-24 23:28:09,66410813601,羽毛,点亮粉丝团,1,1,[等级3],[粉丝团 Lv3]
2026-05-24 23:28:12,66410813601,羽毛,点亮粉丝团,1,1,[等级3],[粉丝团 Lv3]
2026-05-24 23:28:15,73664221862,世界第一白温柔,入团卡,1,1,[等级25],
2026-05-24 23:28:18,73664221862,世界第一白温柔,入团卡,1,1,[等级25],
2026-05-24 23:28:20,66410813601,羽毛,粉丝团灯牌,1,1,[等级3],[粉丝团 Lv3]
2026-05-24 23:28:24,945207153268631,尹清棠·砚初,粉丝团灯牌,1,1,[等级28],[粉丝团 Lv7]
2026-05-24 23:28:52,95796794792,五,点亮粉丝团,1,1,[等级19],[粉丝团 Lv10]
2026-05-24 23:28:55,95796794792,五,点亮粉丝团,1,1,[等级19],[粉丝团 Lv10]
2026-05-24 23:28:57,2893523296193389,冬日的暖阳,入团卡,1,1,[等级9],
2026-05-24 23:28:59,2893523296193389,冬日的暖阳,入团卡,1,1,[等级9],
2026-05-24 23:29:02,795694515367143,🌈二十七,粉丝团灯牌,1,1,[等级22],[粉丝团 Lv3]
2026-05-24 23:29:05,95738676309,阿久来了🌊,入团卡,1,1,[等级27],
2026-05-24 23:29:08,95738676309,阿久来了🌊,入团卡,1,1,[等级27],
2026-05-24 23:29:14,3120853628761372,用户6506923789213,人气票,1,1,[等级3],
2026-05-24 23:29:14,103587996110,清晨大鳄,点亮粉丝团,1,1,[等级29],[粉丝团 Lv10]
2026-05-24 23:29:15,58359066291,等日出,粉丝团灯牌,1,1,[等级16],[粉丝团 Lv9]
2026-05-24 23:29:16,3120853628761372,用户6506923789213,人气票,1,1,[等级3],
2026-05-24 23:29:16,103587996110,清晨大鳄,点亮粉丝团,1,1,[等级29],[粉丝团 Lv10]
2026-05-24 23:29:18,77369311186,👑   solo　-   👑,点亮粉丝团,1,1,[等级18],[粉丝团 Lv10]
2026-05-24 23:29:21,77369311186,👑   solo　-   👑,点亮粉丝团,1,1,[等级18],[粉丝团 Lv10]
2026-05-24 23:29:22,103587996110,清晨大鳄,粉丝团灯牌,1,1,[等级29],[粉丝团 Lv10]
2026-05-24 23:29:25,61842751834,十一有余❄️,粉丝团灯牌,1,1,[等级16],[粉丝团 Lv8]
2026-05-24 23:29:29,96587927861,泺眠,粉丝团灯牌,1,1,[等级11],[粉丝团 Lv10]
2026-05-24 23:29:32,59402388516,Lazy Cat☞懒猫☜,粉丝团灯牌,1,1,[等级19],[粉丝团 Lv8]
2026-05-24 23:29:40,93203450467,优质顾,点亮粉丝团,1,1,[等级16],[粉丝团 Lv10]
2026-05-24 23:29:43,93203450467,优质顾,粉丝团灯牌,1,1,[等级16],[粉丝团 Lv10]
2026-05-24 23:29:43,93203450467,优质顾,点亮粉丝团,1,1,[等级16],[粉丝团 Lv10]
2026-05-24 23:29:45,98088532588,い遇见い,点亮粉丝团,1,1,[等级18],[粉丝团 Lv8]
2026-05-24 23:29:49,98088532588,い遇见い,点亮粉丝团,1,1,[等级18],[粉丝团 Lv8]
2026-05-24 23:29:51,92843125665,小野猫ᰔᩚ ⁵¹⁰⁷⁴,粉丝团灯牌,1,1,[等级38],[粉丝团 Lv17]
2026-05-24 23:29:51,60294524711,晚,粉丝团灯牌,1,1,[等级15],[粉丝团 Lv11]
2026-05-24 23:29:55,79126006253,阿牛,入团卡,1,1,[等级11],
2026-05-24 23:29:57,96565158027,濪,粉丝团灯牌,1,1,[等级21],[粉丝团 Lv9]
2026-05-24 23:29:58,79126006253,阿牛,入团卡,1,1,[等级11],
2026-05-24 23:29:59,2585669014404799,厌,粉丝团灯牌,1,1,[等级26],[粉丝团 Lv9]
2026-05-24 23:30:00,1541983596710880,Peter朱,粉丝团灯牌,1,1,[等级48],[粉丝团 Lv10]
2026-05-24 23:30:09,4503669836332557,栩多渝🌽⚡️🌙,粉丝团灯牌,1,1,[等级11],[粉丝团 Lv10]
2026-05-24 23:30:14,1780836493700979,☞城里，庄稼汉π_π,人气票,1,1,[等级30],[粉丝团 Lv14]
2026-05-24 23:30:14,59400769757,語恬鲜笙,点亮粉丝团,1,1,[等级12],[粉丝团 Lv8]
2026-05-24 23:30:17,1780836493700979,☞城里，庄稼汉π_π,小心心,1,1,[等级30],[粉丝团 Lv14]
2026-05-24 23:30:17,1780836493700979,☞城里，庄稼汉π_π,人气票,1,1,[等级30],[粉丝团 Lv14]
2026-05-24 23:30:17,166732740167726,·睿哥,点亮粉丝团,1,99,[等级38],[粉丝团 Lv16]
2026-05-24 23:30:18,59400769757,語恬鲜笙,点亮粉丝团,1,1,[等级12],[粉丝团 Lv8]
2026-05-24 23:30:18,59400769757,語恬鲜笙,粉丝团灯牌,1,1,[等级12],[粉丝团 Lv8]
2026-05-24 23:30:18,111181692784,🌈晒着太阳发呆🌈,点亮粉丝团,1,1,[等级17],[粉丝团 Lv3]
2026-05-24 23:30:20,103955370394,是光,点亮粉丝团,1,1,[等级16],[粉丝团 Lv10]
2026-05-24 23:30:20,1780836493700979,☞城里，庄稼汉π_π,小心心,1,1,[等级30],[粉丝团 Lv14]
2026-05-24 23:30:21,111181692784,🌈晒着太阳发呆🌈,点亮粉丝团,1,1,[等级17],[粉丝团 Lv3]
2026-05-24 23:30:22,103955370394,是光,点亮粉丝团,1,1,[等级16],[粉丝团 Lv10]
2026-05-24 23:30:25,3982869667519364,还好,入团卡,1,1,[等级3],
2026-05-24 23:30:25,166732740167726,·睿哥,粉丝团灯牌,1,1,[等级38],[粉丝团 Lv16]
2026-05-24 23:30:28,3982869667519364,还好,入团卡,1,1,[等级3],
2026-05-24 23:30:29,3240989667624728,一场繁盛,粉丝团灯牌,1,1,[等级30],[粉丝团 Lv12]
2026-05-24 23:30:34,98127314878,艾瑞巴蒂跟我一起嗨,粉丝团灯牌,1,1,[等级25],[粉丝团 Lv11]
2026-05-24 23:30:35,106795356460,𝓓𝓮𝓐𝓡輞濕鑋䴒ꪖ♛&,粉丝团灯牌,1,1,[等级38],[粉丝团 Lv10]
2026-05-24 23:30:36,3982869667519364,还好,粉丝团灯牌,1,1,[等级3],[粉丝团 Lv1]
2026-05-24 23:30:45,96147979037,圥℡忈~,点亮粉丝团,1,9,[等级34],[粉丝团 Lv11]
2026-05-24 23:30:46,6605920222,宜宾飞弦吉他培训（吾悦店）,点亮粉丝团,1,1,[等级14],[粉丝团 Lv2]
2026-05-24 23:30:48,96147979037,圥℡忈~,点亮粉丝团,1,9,[等级34],[粉丝团 Lv11]
2026-05-24 23:30:49,6605920222,宜宾飞弦吉他培训（吾悦店）,点亮粉丝团,1,1,[等级14],[粉丝团 Lv2]
2026-05-24 23:30:53,81003349173,小毛驢66,粉丝团灯牌,1,1,[等级29],[粉丝团 Lv13]
2026-05-24 23:30:59,71155947910,Y·Lin²⁸︍︉︍︍⁹³,粉丝团灯牌,1,1,[等级34],[粉丝团 Lv7]
2026-05-24 23:31:02,2247009863217011,紫薯味的棋士呀,粉丝团灯牌,1,1,[等级16],[粉丝团 Lv5]
2026-05-24 23:31:04,101468196951,TIomI,粉丝团灯牌,1,1,[等级21],[粉丝团 Lv7]
2026-05-24 23:31:07,3962278561979389,桃子,粉丝团灯牌,1,1,[等级15],[粉丝团 Lv12]
2026-05-24 23:31:15,98124641925,9986丶瑜宝贝⁵¹⁰⁷⁴,小心心,1,1,[等级23],[粉丝团 Lv12]
2026-05-24 23:31:18,98124641925,9986丶瑜宝贝⁵¹⁰⁷⁴,小心心,1,1,[等级23],[粉丝团 Lv12]
2026-05-24 23:31:19,61194624212,细心饭桶,点亮粉丝团,1,1,[等级29],[粉丝团 Lv8]
2026-05-24 23:31:22,61194624212,细心饭桶,点亮粉丝团,1,1,[等级29],[粉丝团 Lv8]
2026-05-24 23:31:28,96147979037,圥℡忈~,粉丝团灯牌,1,1,[等级34],[粉丝团 Lv11]
2026-05-24 23:31:28,3698384995630219,饭特稀,点亮粉丝团,1,1,[等级10],[粉丝团 Lv4]
2026-05-24 23:31:30,86544266992,Freedom-L,粉丝团灯牌,1,1,[等级19],[粉丝团 Lv6]
2026-05-24 23:31:32,3698384995630219,饭特稀,点亮粉丝团,1,1,[等级10],[粉丝团 Lv4]
2026-05-24 23:31:32,1975146415131399,MuseZylan,点亮粉丝团,1,1,[等级7],[粉丝团 Lv7]
2026-05-24 23:31:33,94037074457,车窗起雾,点亮粉丝团,1,1,[等级14],[粉丝团 Lv3]
2026-05-24 23:31:34,103607362354,兰迪⁵²³³   ꒰ᵔ•̀з•́ᵔ꒱,粉丝团灯牌,1,1,[等级42],[粉丝团 Lv10]
2026-05-24 23:31:35,1975146415131399,MuseZylan,点亮粉丝团,1,1,[等级7],[粉丝团 Lv7]
2026-05-24 23:31:36,94037074457,车窗起雾,点亮粉丝团,1,1,[等级14],[粉丝团 Lv3]
2026-05-24 23:31:36,97697940262,^O^安^O^,粉丝团灯牌,1,1,[等级14],[粉丝团 Lv2]
2026-05-24 23:31:47,83723458244,¥一人一世界¥,你最好看,1,2,[等级8],
2026-05-24 23:31:50,83723458244,¥一人一世界¥,你最好看,1,2,[等级8],
2026-05-24 23:32:03,794292584977896,ℳℒℴѵℯ·李·ꦿ໊ོ⁵²⁰@,粉丝团灯牌,1,1,[等级4],[粉丝团 Lv6]
2026-05-24 23:32:03,3070261185223022,忆,粉丝团灯牌,1,1,[等级21],[粉丝团 Lv10]
2026-05-24 23:32:03,61696291077,🎣㠨巜,粉丝团灯牌,1,1,[等级23],[粉丝团 Lv12]
2026-05-24 23:32:05,3192601687621851,难得糊塗,粉丝团灯牌,1,1,[等级29],[粉丝团 Lv12]
2026-05-24 23:32:05,68204659115,人机,星光闪耀,1,9,[等级29],[粉丝团:张君雅 Lv13]
2026-05-24 23:32:05,68204659115,人机,星光闪耀,1,9,[等级29],[粉丝团:张君雅 Lv13]
2026-05-24 23:32:06,68204659115,人机,星光闪耀,2,18,[等级29],[粉丝团:张君雅 Lv13]
2026-05-24 23:32:07,68204659115,人机,星光闪耀,4,36,[等级29],[粉丝团:张君雅 Lv13]
2026-05-24 23:32:07,68204659115,人机,星光闪耀,5,45,[等级29],[粉丝团:张君雅 Lv13]
2026-05-24 23:32:10,68204659115,人机,星光闪耀,5,45,[等级29],[粉丝团:张君雅 Lv13]
2026-05-24 23:32:11,2927365631517483,小雨渐渐,粉丝团灯牌,1,1,[等级20],[粉丝团 Lv11]
2026-05-24 23:32:18,4001819700764573,🌈一眼万年🌈,玫瑰,1,1,[等级22],[粉丝团 Lv10]
2026-05-24 23:32:18,100397744161,✨发呆绵羊^_^,粉丝团灯牌,1,1,[等级14],[粉丝团 Lv11]
2026-05-24 23:32:21,4001819700764573,🌈一眼万年🌈,玫瑰,1,1,[等级22],[粉丝团 Lv10]
2026-05-24 23:32:21,59614188141,落凡,点亮粉丝团,1,1,[等级19],[粉丝团 Lv7]
2026-05-24 23:32:23,1895174700805700,惠佰年&意卡顿,点亮粉丝团,1,9,[等级24],[粉丝团 Lv11]
2026-05-24 23:32:25,59614188141,落凡,点亮粉丝团,1,1,[等级19],[粉丝团 Lv7]
2026-05-24 23:32:25,50339590045,零零叁,点亮粉丝团,1,1,[等级2],[粉丝团 Lv1]
2026-05-24 23:32:25,59614188141,落凡,粉丝团灯牌,1,1,[等级19],[粉丝团 Lv7]
2026-05-24 23:32:26,1895174700805700,惠佰年&意卡顿,点亮粉丝团,1,9,[等级24],[粉丝团 Lv11]
2026-05-24 23:32:27,1895174700805700,惠佰年&意卡顿,粉丝团灯牌,1,1,[等级24],[粉丝团 Lv11]
2026-05-24 23:32:28,50339590045,零零叁,点亮粉丝团,1,1,[等级2],[粉丝团 Lv1]
2026-05-24 23:32:31,4354505322529453,Tel丶阳光^O^,为你闪耀,1,9,[等级33],[粉丝团 Lv7]
2026-05-24 23:32:33,56824253394189,艮妳,粉丝团灯牌,1,1,[等级13],[粉丝团 Lv8]
2026-05-24 23:32:34,3021086214331399,昊悦,粉丝团灯牌,1,1,[等级27],[粉丝团 Lv10]
2026-05-24 23:32:34,4354505322529453,Tel丶阳光^O^,为你闪耀,1,9,[等级33],[粉丝团 Lv7]
2026-05-24 23:32:36,108606495233,💟💘🎉洋🐑💝🎉,粉丝团灯牌,1,1,[等级14],[粉丝团 Lv10]
2026-05-24 23:32:36,65832437706,故人離,粉丝团灯牌,1,1,[等级16],[粉丝团 Lv12]
2026-05-24 23:32:40,71409844725,🫧399,粉丝团灯牌,1,1,[等级21],[粉丝团 Lv8]
2026-05-24 23:32:48,1910300678307431,奶油,小心心,1,1,[等级1],
2026-05-24 23:32:49,68204659115,人机,星光闪耀,1,9,[等级29],[粉丝团:张君雅 Lv13]
2026-05-24 23:32:49,59440721612,Jin,点亮粉丝团,1,1,[等级6],[粉丝团 Lv4]
2026-05-24 23:32:50,1910300678307431,奶油,小心心,1,1,[等级1],
2026-05-24 23:32:52,68204659115,人机,星光闪耀,1,9,[等级29],[粉丝团:张君雅 Lv13]
2026-05-24 23:32:52,59440721612,Jin,点亮粉丝团,1,1,[等级6],[粉丝团 Lv4]
2026-05-24 23:32:55,974628464895539,🐴🐴🐴,点亮粉丝团,1,1,[等级8],[粉丝团 Lv8]
2026-05-24 23:32:58,974628464895539,🐴🐴🐴,点亮粉丝团,1,1,[等级8],[粉丝团 Lv8]
2026-05-24 23:32:59,33415893365156,耳聋的瞎子😶,点亮粉丝团,1,1,[等级13],[粉丝团 Lv2]
2026-05-24 23:33:02,33415893365156,耳聋的瞎子😶,点亮粉丝团,1,1,[等级13],[粉丝团 Lv2]
2026-05-24 23:33:06,94792127430,Z·Jun²⁸ Cnc♥𖠚ᐝ,粉丝团灯牌,1,1,[等级23],[粉丝团 Lv14]
2026-05-24 23:33:07,33415893365156,耳聋的瞎子😶,粉丝团灯牌,1,1,[等级13],[粉丝团 Lv2]
2026-05-24 23:33:14,97726753040,灵泽,粉丝团灯牌,1,1,[等级32],[粉丝团 Lv12]
2026-05-24 23:33:21,71475176698,明月策,粉丝团灯牌,1,1,[等级17],[粉丝团 Lv6]
2026-05-24 23:33:24,62462109224,Pa🫧,点亮粉丝团,1,1,[等级30],[粉丝团 Lv9]
2026-05-24 23:33:25,22413109891255,阿戒,小心心,1,1,[等级32],[粉丝团 Lv12]
2026-05-24 23:33:26,1785206042795727,猫宝ᰔᩚ ⁵¹⁰⁷⁴,粉丝团灯牌,1,1,[等级27],[粉丝团 Lv15]
2026-05-24 23:33:27,62462109224,Pa🫧,粉丝团灯牌,1,1,[等级30],[粉丝团 Lv9]
2026-05-24 23:33:27,62462109224,Pa🫧,点亮粉丝团,1,1,[等级30],[粉丝团 Lv9]
2026-05-24 23:33:28,22413109891255,阿戒,小心心,1,1,[等级32],[粉丝团 Lv12]
2026-05-24 23:33:29,108586630643,金三大叔,粉丝团灯牌,1,1,[等级15],[粉丝团 Lv12]
2026-05-24 23:33:32,61996707920,小瓦匠,粉丝团灯牌,1,1,[等级32],[粉丝团 Lv15]
2026-05-24 23:33:38,97952024182,凌空飞行实训营,点亮粉丝团,1,1,[等级26],[粉丝团 Lv5]
2026-05-24 23:33:40,97952024182,凌空飞行实训营,点亮粉丝团,1,1,[等级26],[粉丝团 Lv5]
2026-05-24 23:33:48,110591818036,0,大啤酒,1,2,[等级3],[粉丝团 Lv4]
2026-05-24 23:33:49,70156557625,justinliu,入团卡,1,1,[等级10],
2026-05-24 23:33:50,110591818036,0,大啤酒,1,2,[等级3],[粉丝团 Lv4]
2026-05-24 23:33:51,103539041407,起个名字真难,粉丝团灯牌,1,1,[等级19],[粉丝团 Lv10]
2026-05-24 23:33:52,111217116338,烟心,粉丝团灯牌,1,1,[等级8],[粉丝团 Lv6]
2026-05-24 23:33:52,70156557625,justinliu,入团卡,1,1,[等级10],
2026-05-24 23:33:53,93391594034,এ¹⁴ 幸会⁹⁹᷆♡⃘̎,Thuglife,1,99,[等级31],[粉丝团 Lv3]
2026-05-24 23:33:54,70156557625,justinliu,粉丝团灯牌,1,1,[等级10],[粉丝团 Lv1]
2026-05-24 23:34:04,99834881680,固执,点亮粉丝团,1,1,[等级25],[粉丝团 Lv5]
2026-05-24 23:34:06,99834881680,固执,点亮粉丝团,1,1,[等级25],[粉丝团 Lv5]
2026-05-24 23:34:06,74443425886,小透明,粉丝团灯牌,1,1,[等级23],[粉丝团 Lv4]
2026-05-24 23:34:08,59949826230,下雨,粉丝团灯牌,1,1,[等级14],[粉丝团 Lv11]
2026-05-24 23:34:11,1797067204991824,动漫鸭,点亮粉丝团,1,1,[等级15],[粉丝团 Lv10]
2026-05-24 23:34:14,1797067204991824,动漫鸭,点亮粉丝团,1,1,[等级15],[粉丝团 Lv10]
2026-05-24 23:34:17,1797067204991824,动漫鸭,粉丝团灯牌,1,1,[等级15],[粉丝团 Lv10]
2026-05-24 23:34:20,1214328624649438,半生,点亮粉丝团,1,9,[等级22],[粉丝团 Lv15]
2026-05-24 23:34:23,1214328624649438,半生,点亮粉丝团,1,9,[等级22],[粉丝团 Lv15]
2026-05-24 23:34:27,1207680968433444,^_^！,点亮粉丝团,1,1,[等级9],[粉丝团 Lv4]
2026-05-24 23:34:28,785486088254816,˶˃ ᵕ ˂˶,小心心,1,1,[等级13],[粉丝团 Lv12]
2026-05-24 23:34:29,1214328624649438,半生,粉丝团灯牌,1,1,[等级22],[粉丝团 Lv15]
2026-05-24 23:34:30,1207680968433444,^_^！,点亮粉丝团,1,1,[等级9],[粉丝团 Lv4]
2026-05-24 23:34:31,785486088254816,˶˃ ᵕ ˂˶,小心心,1,1,[等级13],[粉丝团 Lv12]
2026-05-24 23:34:41,95656883372,丶阿牛哥,人气票,1,1,[等级22],
2026-05-24 23:34:44,95656883372,丶阿牛哥,人气票,1,1,[等级22],
2026-05-24 23:34:47,71328393423,空调小哥哥☘️,粉丝团灯牌,1,1,[等级27],[粉丝团 Lv12]
2026-05-24 23:34:56,53138317811,你的西西吖🦄,粉丝团灯牌,1,1,[等级12],[粉丝团 Lv11]
2026-05-24 23:34:56,852830790097751,风,点亮粉丝团,1,1,[等级33],[粉丝团 Lv6]
2026-05-24 23:34:59,2475752530125374,仪见青心,粉丝团灯牌,1,1,[等级21],[粉丝团 Lv10]
2026-05-24 23:34:59,852830790097751,风,点亮粉丝团,1,1,[等级33],[粉丝团 Lv6]
2026-05-24 23:35:01,101812034877,✨♛执酒听风✨,粉丝团灯牌,1,1,[等级20],[粉丝团 Lv11]
2026-05-24 23:35:01,3285787627495736,柒曲,点亮粉丝团,1,1,[等级26],[粉丝团 Lv10]
2026-05-24 23:35:02,99605626539,小悔不是小梅,粉丝团灯牌,1,1,[等级23],[粉丝团 Lv9]
2026-05-24 23:35:04,3285787627495736,柒曲,点亮粉丝团,1,1,[等级26],[粉丝团 Lv10]
2026-05-24 23:35:05,65152167383,Yami,粉丝团灯牌,1,1,[等级18],[粉丝团 Lv11]
2026-05-24 23:35:06,2586516096557325,灿,点亮粉丝团,1,1,[等级9],[粉丝团 Lv5]
2026-05-24 23:35:06,796491597494599,。。。。,为你闪耀,1,9,[等级1],[粉丝团 Lv1]
2026-05-24 23:35:08,62875127576,吃不到狼的🐑,点亮粉丝团,1,1,[等级12],[粉丝团 Lv10]
2026-05-24 23:35:08,2586516096557325,灿,点亮粉丝团,1,1,[等级9],[粉丝团 Lv5]
2026-05-24 23:35:09,796491597494599,。。。。,为你闪耀,1,9,[等级1],[粉丝团 Lv1]
2026-05-24 23:35:11,62875127576,吃不到狼的🐑,点亮粉丝团,1,1,[等级12],[粉丝团 Lv10]
2026-05-24 23:35:18,1192349998267054,司哖,粉丝团灯牌,1,1,[等级9],[粉丝团 Lv4]
2026-05-24 23:35:47,64498894883,辞>♞<,粉丝团灯牌,1,1,[等级21],[粉丝团 Lv8]
2026-05-24 23:35:50,4001819700764573,🌈一眼万年🌈,玫瑰,1,1,[等级22],[粉丝团 Lv10]
2026-05-24 23:35:53,4001819700764573,🌈一眼万年🌈,玫瑰,1,1,[等级22],[粉丝团 Lv10]
2026-05-24 23:35:58,4001819700764573,🌈一眼万年🌈,粉丝团灯牌,1,1,[等级22],[粉丝团 Lv10]
2026-05-24 23:36:03,103645067763,杰森,粉丝团灯牌,1,1,[等级16],[粉丝团 Lv14]
2026-05-24 23:36:05,2999110812858315,用户8664324875650,粉丝团灯牌,1,1,[等级12],[粉丝团 Lv13]
2026-05-24 23:36:23,4287711750143277,🥀ঞ李尚王来₅₂₀💞࿐,点亮粉丝团,1,1,[等级33],[粉丝团 Lv9]
2026-05-24 23:36:24,114781675069815,断ღ念ᰔᩚ ⁵¹⁰⁷⁴,粉丝团灯牌,1,1,[等级37],[粉丝团 Lv12]
2026-05-24 23:36:26,4287711750143277,🥀ঞ李尚王来₅₂₀💞࿐,点亮粉丝团,1,1,[等级33],[粉丝团 Lv9]
2026-05-24 23:36:29,4287711750143277,🥀ঞ李尚王来₅₂₀💞࿐,粉丝团灯牌,1,1,[等级33],[粉丝团 Lv9]
2026-05-24 23:36:34,107876036754,小锅,点亮粉丝团,1,1,[等级18],[粉丝团 Lv10]
2026-05-24 23:36:37,107876036754,小锅,点亮粉丝团,1,1,[等级18],[粉丝团 Lv10]
2026-05-24 23:36:50,97355836008,明人不放暗屁🩷🩵,粉丝团灯牌,1,1,[等级18],[粉丝团 Lv9]
2026-05-24 23:36:55,108722782087,刮刮乐养娃,入团卡,1,1,[等级12],
2026-05-24 23:36:58,3702748956081278,圣僧,入团卡,1,1,[等级28],
2026-05-24 23:36:58,108722782087,刮刮乐养娃,入团卡,1,1,[等级12],
2026-05-24 23:37:01,3702748956081278,圣僧,入团卡,1,1,[等级28],
2026-05-24 23:37:01,108722782087,刮刮乐养娃,粉丝团灯牌,1,1,[等级12],[粉丝团 Lv1]
2026-05-24 23:37:06,108061796612,浮生か醉清风古,点亮粉丝团,1,1,[等级14],[粉丝团 Lv7]
2026-05-24 23:37:08,108722782087,刮刮乐养娃,为你闪耀,1,9,[等级12],[粉丝团 Lv1]
2026-05-24 23:37:08,108061796612,浮生か醉清风古,点亮粉丝团,1,1,[等级14],[粉丝团 Lv7]
2026-05-24 23:37:10,108061796612,浮生か醉清风古,粉丝团灯牌,1,1,[等级14],[粉丝团 Lv7]
2026-05-24 23:37:11,108722782087,刮刮乐养娃,为你闪耀,1,9,[等级12],[粉丝团 Lv1]
2026-05-24 23:37:27,4124985481501150,Dreamer,小心心,1,1,[等级12],[粉丝团 Lv9]
2026-05-24 23:37:27,2308607380820267,森,粉丝团灯牌,1,1,[等级11],[粉丝团 Lv12]
2026-05-24 23:37:30,4124985481501150,Dreamer,小心心,1,1,[等级12],[粉丝团 Lv9]
2026-05-24 23:37:41,87249612541,木子小家雀,点亮粉丝团,1,9,[等级17],[粉丝团 Lv12]
2026-05-24 23:37:43,87249612541,木子小家雀,点亮粉丝团,1,9,[等级17],[粉丝团 Lv12]
2026-05-24 23:37:51,87249612541,木子小家雀,粉丝团灯牌,1,1,[等级17],[粉丝团 Lv12]
2026-05-24 23:37:53,3307796517623774,斌少～,粉丝团灯牌,1,1,[等级35],[粉丝团 Lv10]
2026-05-24 23:37:53,75301225989,倒流,粉丝团灯牌,1,1,[等级27],[粉丝团 Lv11]
2026-05-24 23:37:59,3601615981392932,哈哈哈/,入团卡,1,1,[等级10],
2026-05-24 23:38:02,3601615981392932,哈哈哈/,入团卡,1,1,[等级10],
2026-05-24 23:38:05,1222282705635944,小杜的王先森,点亮粉丝团,1,1,[等级10],[粉丝团 Lv6]
2026-05-24 23:38:08,1222282705635944,小杜的王先森,点亮粉丝团,1,1,[等级10],[粉丝团 Lv6]
2026-05-24 23:38:09,97633370745,一往情深,点亮粉丝团,1,1,[等级11],[粉丝团 Lv2]
2026-05-24 23:38:10,50765593559,Bunny,粉丝团灯牌,1,1,[等级19],[粉丝团 Lv8]
2026-05-24 23:38:12,97633370745,一往情深,点亮粉丝团,1,1,[等级11],[粉丝团 Lv2]
2026-05-24 23:38:19,98682903034,嘘拟,粉丝团灯牌,1,1,[等级10],[粉丝团 Lv10]
2026-05-24 23:38:21,86813294596,顺风顺水,点亮粉丝团,1,1,[等级20],[粉丝团 Lv10]
2026-05-24 23:38:23,86813294596,顺风顺水,粉丝团灯牌,1,1,[等级20],[粉丝团 Lv10]
2026-05-24 23:38:23,86813294596,顺风顺水,点亮粉丝团,1,1,[等级20],[粉丝团 Lv10]
2026-05-24 23:38:26,4068655803144624,𝙯ᙆ,为你闪耀,1,9,[等级11],[粉丝团 Lv12]
2026-05-24 23:38:28,4068655803144624,𝙯ᙆ,为你闪耀,1,9,[等级11],[粉丝团 Lv12]
2026-05-24 23:38:38,66552084486,小怪兽😈,粉丝团灯牌,1,1,[等级36],[粉丝团 Lv10]
2026-05-24 23:38:48,110939694717,揲狗大队长,粉丝团灯牌,1,1,[等级17],[粉丝团 Lv8]
2026-05-24 23:38:50,105470860630,心有❤️山海,点亮粉丝团,1,1,[等级31],[粉丝团 Lv10]
2026-05-24 23:38:53,3500448130285720,詹山河,入团卡,1,1,[等级20],
2026-05-24 23:38:53,105470860630,心有❤️山海,点亮粉丝团,1,1,[等级31],[粉丝团 Lv10]
2026-05-24 23:38:56,3500448130285720,詹山河,入团卡,1,1,[等级20],
2026-05-24 23:38:57,4001819700764573,🌈一眼万年🌈,玫瑰,1,1,[等级22],[粉丝团 Lv10]
2026-05-24 23:38:59,4001819700764573,🌈一眼万年🌈,玫瑰,1,1,[等级22],[粉丝团 Lv10]
2026-05-24 23:39:04,98077485622,小锋哥,点亮粉丝团,1,9,[等级20],[粉丝团 Lv11]
2026-05-24 23:39:08,98077485622,小锋哥,点亮粉丝团,1,9,[等级20],[粉丝团 Lv11]
2026-05-24 23:39:08,68181770692,毛毛⁵¹⁰⁷⁴,粉丝团灯牌,1,1,[等级27],[粉丝团 Lv14]
2026-05-24 23:39:08,98077485622,小锋哥,粉丝团灯牌,1,1,[等级20],[粉丝团 Lv11]
2026-05-24 23:39:25,698909554642819,小何,粉丝团灯牌,1,1,[等级27],[粉丝团 Lv13]
2026-05-24 23:39:39,2678040024317975,超越梦想,点亮粉丝团,1,1,[等级18],[粉丝团 Lv4]
2026-05-24 23:39:43,2678040024317975,超越梦想,点亮粉丝团,1,1,[等级18],[粉丝团 Lv4]
2026-05-24 23:39:49,2678040024317975,超越梦想,人气票,1,1,[等级18],[粉丝团 Lv5]
2026-05-24 23:39:52,2678040024317975,超越梦想,人气票,1,1,[等级18],[粉丝团 Lv5]
2026-05-24 23:39:55,2326209673835917,走马也把花留下,入团卡,1,1,[等级1],
2026-05-24 23:39:59,2326209673835917,走马也把花留下,入团卡,1,1,[等级1],
2026-05-24 23:40:13,101305602029,此间少年,粉丝团灯牌,1,1,[等级10],[粉丝团 Lv9]
2026-05-24 23:40:16,2308623251808775,大雾尽散…,粉丝团灯牌,1,1,[等级18],[粉丝团 Lv12]
2026-05-24 23:40:17,4318487181278667,逾期,点亮粉丝团,1,1,[等级16],[粉丝团 Lv9]
2026-05-24 23:40:20,4318487181278667,逾期,点亮粉丝团,1,1,[等级16],[粉丝团 Lv9]
2026-05-24 23:40:25,110234053167,是猪比吖～,粉丝团灯牌,1,1,[等级10],[粉丝团 Lv9]
2026-05-24 23:40:26,4318487181278667,逾期,粉丝团灯牌,1,1,[等级16],[粉丝团 Lv9]
2026-05-24 23:40:29,105538169829,默辰,粉丝团灯牌,1,1,[等级40],[粉丝团 Lv12]
2026-05-24 23:40:42,3496926657389511,风吹萝卜干,点亮粉丝团,1,1,[等级10],[粉丝团 Lv3]
2026-05-24 23:40:44,3496926657389511,风吹萝卜干,点亮粉丝团,1,1,[等级10],[粉丝团 Lv3]
2026-05-24 23:40:44,96656420049,陈龙 送手机！,粉丝团灯牌,1,1,[等级35],[粉丝团 Lv12]
2026-05-24 23:40:48,68659738942,我想中大奖,粉丝团灯牌,1,1,[等级17],[粉丝团 Lv13]
2026-05-24 23:40:48,82112535094,星辰,点亮粉丝团,1,1,[等级13],[粉丝团 Lv1]
2026-05-24 23:40:51,597767478841101,🙈辣辣,点亮粉丝团,1,1,[等级22],[粉丝团 Lv8]
2026-05-24 23:40:51,82112535094,星辰,点亮粉丝团,1,1,[等级13],[粉丝团 Lv1]
2026-05-24 23:40:53,597767478841101,🙈辣辣,粉丝团灯牌,1,1,[等级22],[粉丝团 Lv8]
2026-05-24 23:40:53,597767478841101,🙈辣辣,点亮粉丝团,1,1,[等级22],[粉丝团 Lv8]
2026-05-24 23:41:00,108855286123,勾栏听曲,粉丝团灯牌,1,1,[等级12],[粉丝团 Lv12]
2026-05-24 23:41:01,3949895836249629,痞梓姐,粉丝团灯牌,1,1,[等级16],[粉丝团 Lv12]
2026-05-24 23:41:02,2716256563102617,𠹁擓鼋鼍,粉丝团灯牌,1,1,[等级12],[粉丝团 Lv11]
2026-05-24 23:41:07,58070075034,园娃儿🎀,小心心,1,1,[等级14],[粉丝团 Lv7]
2026-05-24 23:41:09,58070075034,园娃儿🎀,小心心,1,1,[等级14],[粉丝团 Lv7]
2026-05-24 23:41:14,102597770628,ℳ₯㎕叁潴潴潴🐝࿐,点亮粉丝团,1,1,[等级19],[粉丝团 Lv10]
2026-05-24 23:41:17,102597770628,ℳ₯㎕叁潴潴潴🐝࿐,点亮粉丝团,1,1,[等级19],[粉丝团 Lv10]
2026-05-24 23:41:18,100375454587,嗯嗯,你最好看,1,2,[等级14],[粉丝团 Lv7]
2026-05-24 23:41:20,95545150104,Zzzz,粉丝团灯牌,1,1,[等级7],[粉丝团 Lv8]
2026-05-24 23:41:21,4002647249009763,-M,粉丝团灯牌,1,1,[等级21],[粉丝团 Lv11]
2026-05-24 23:41:21,3399336583763726,ঞ婳້໌ᮨ蕁໊,粉丝团灯牌,1,1,[等级22],[粉丝团 Lv12]
2026-05-24 23:41:22,100375454587,嗯嗯,你最好看,1,2,[等级14],[粉丝团 Lv7]
2026-05-24 23:41:23,2550502252347887,小嘉,粉丝团灯牌,1,1,[等级5],[粉丝团 Lv1]
2026-05-24 23:41:23,3869897644049492,G.E.M.r,点亮粉丝团,1,1,[等级18],[粉丝团 Lv3]
2026-05-24 23:41:26,3869897644049492,G.E.M.r,点亮粉丝团,1,1,[等级18],[粉丝团 Lv3]
2026-05-24 23:41:26,3869897644049492,G.E.M.r,粉丝团灯牌,1,1,[等级18],[粉丝团 Lv3]
2026-05-24 23:41:31,450178925997052,张雪6663,小心心,1,1,[等级1],
2026-05-24 23:41:33,91578520581,举杯挽清风,点亮粉丝团,1,9,[等级35],[粉丝团 Lv12]
2026-05-24 23:41:34,450178925997052,张雪6663,小心心,1,1,[等级1],
2026-05-24 23:41:34,1103565483949128,吹凌晨的海风,粉丝团灯牌,1,1,[等级16],[粉丝团 Lv7]
2026-05-24 23:41:35,91578520581,举杯挽清风,粉丝团灯牌,1,1,[等级35],[粉丝团 Lv12]
2026-05-24 23:41:35,91578520581,举杯挽清风,点亮粉丝团,1,9,[等级35],[粉丝团 Lv12]
2026-05-24 23:41:41,50666461895,凜风而立-寻光,人气票,1,1,[等级4],[粉丝团 Lv4]
2026-05-24 23:41:44,50666461895,凜风而立-寻光,人气票,1,1,[等级4],[粉丝团 Lv4]
2026-05-24 23:41:47,91717024939,OvO,大啤酒,1,2,[等级22],[粉丝团 Lv6]
2026-05-24 23:41:48,91717024939,OvO,大啤酒,1,2,[等级22],[粉丝团 Lv6]
2026-05-24 23:41:48,91717024939,OvO,小心心,1,1,[等级22],[粉丝团 Lv6]
2026-05-24 23:41:49,91717024939,OvO,小心心,2,2,[等级22],[粉丝团 Lv6]
2026-05-24 23:41:51,91717024939,OvO,小心心,2,2,[等级22],[粉丝团 Lv6]
2026-05-24 23:41:52,4417166192682348,杏恒,点亮粉丝团,1,1,[等级3],[粉丝团 Lv6]
2026-05-24 23:41:55,4417166192682348,杏恒,点亮粉丝团,1,1,[等级3],[粉丝团 Lv6]
2026-05-24 23:41:57,3702748956081278,圣僧,粉丝团灯牌,1,1,[等级28],[粉丝团 Lv1]
2026-05-24 23:41:57,3496926657389511,风吹萝卜干,粉丝团灯牌,1,1,[等级10],[粉丝团 Lv3]
2026-05-24 23:42:05,98764269749,超视界,礼花筒,1,199,[等级39],
2026-05-24 23:42:08,72516908601,言执,粉丝团灯牌,1,1,[等级25],[粉丝团 Lv8]
2026-05-24 23:42:11,97823044706,小云云@,粉丝团灯牌,1,1,[等级18],[粉丝团 Lv14]
2026-05-24 23:42:15,61772282639,🦄潇洒的茂茂哥💋,粉丝团灯牌,1,1,[等级32],[粉丝团 Lv11]
2026-05-24 23:42:16,66847523208,别问 一问就是不知道✨99,粉丝团灯牌,1,1,[等级36],[粉丝团 Lv8]
2026-05-24 23:42:22,57614644352,腐,做我的猫,1,299,[等级34],[粉丝团 Lv11]
2026-05-24 23:42:26,3525513433067811,和煦风（组局版）,粉丝团灯牌,1,1,[等级10],[粉丝团 Lv3]
2026-05-24 23:42:28,57614644352,腐,小心心,1,1,[等级34],[粉丝团 Lv11]
2026-05-24 23:42:29,83934786334,乐呵大叔,小心心,1,1,[等级23],[粉丝团 Lv1]
2026-05-24 23:42:30,57614644352,腐,大啤酒,1,2,[等级34],[粉丝团 Lv11]
2026-05-24 23:42:30,57614644352,腐,小心心,1,1,[等级34],[粉丝团 Lv11]
2026-05-24 23:42:30,57614644352,腐,大啤酒,2,4,[等级34],[粉丝团 Lv11]
2026-05-24 23:42:32,57614644352,腐,大啤酒,3,6,[等级34],[粉丝团 Lv11]
2026-05-24 23:42:32,83934786334,乐呵大叔,小心心,1,1,[等级23],[粉丝团 Lv1]
2026-05-24 23:42:32,57614644352,腐,大啤酒,7,14,[等级34],[粉丝团 Lv11]
2026-05-24 23:42:32,96385479865,斌澜,粉丝团灯牌,1,1,[等级16],[粉丝团 Lv5]
2026-05-24 23:42:33,57614644352,腐,大啤酒,13,26,[等级34],[粉丝团 Lv11]
2026-05-24 23:42:34,57614644352,腐,大啤酒,19,38,[等级34],[粉丝团 Lv11]
2026-05-24 23:42:34,57614644352,腐,大啤酒,27,54,[等级34],[粉丝团 Lv11]
2026-05-24 23:42:35,57614644352,腐,大啤酒,35,70,[等级34],[粉丝团 Lv11]
2026-05-24 23:42:37,106341463742,走心机加工,粉丝团灯牌,1,1,[等级13],[粉丝团 Lv5]
2026-05-24 23:42:38,57614644352,腐,大啤酒,35,70,[等级34],[粉丝团 Lv11]
2026-05-24 23:42:40,95474128034,此情可待成追忆，只是当时已惘然,粉丝团灯牌,1,1,[等级40],[粉丝团 Lv11]
2026-05-24 23:42:42,99247846363,海仔,大啤酒,1,2,[等级23],[粉丝团 Lv13]
2026-05-24 23:42:44,106196939202,向心,小心心,1,1,[等级33],[粉丝团 Lv13]
2026-05-24 23:42:44,106341463742,走心机加工,为你闪耀,1,9,[等级13],[粉丝团 Lv5]
2026-05-24 23:42:45,57614644352,腐,小皇冠,1,10,[等级34],[粉丝团 Lv11]
2026-05-24 23:42:46,99247846363,海仔,大啤酒,1,2,[等级23],[粉丝团 Lv13]
2026-05-24 23:42:46,57614644352,腐,小皇冠,2,20,[等级34],[粉丝团 Lv11]
2026-05-24 23:42:46,57614644352,腐,小皇冠,4,40,[等级34],[粉丝团 Lv11]
2026-05-24 23:42:47,106196939202,向心,小心心,1,1,[等级33],[粉丝团 Lv13]
2026-05-24 23:42:47,106341463742,走心机加工,为你闪耀,1,9,[等级13],[粉丝团 Lv5]
2026-05-24 23:42:47,57614644352,腐,小皇冠,9,90,[等级34],[粉丝团 Lv11]
2026-05-24 23:42:48,57614644352,腐,小皇冠,15,150,[等级34],[粉丝团 Lv11]
2026-05-24 23:42:48,57614644352,腐,小皇冠,21,210,[等级34],[粉丝团 Lv11]
2026-05-24 23:42:49,97498403084,Y💰Y,粉丝团灯牌,1,1,[等级12],[粉丝团 Lv9]
2026-05-24 23:42:51,57614644352,腐,小皇冠,21,210,[等级34],[粉丝团 Lv11]
2026-05-24 23:42:55,57614644352,腐,小心心,1,1,[等级34],[粉丝团 Lv11]
2026-05-24 23:42:59,57614644352,腐,小心心,1,1,[等级34],[粉丝团 Lv11]
2026-05-24 23:42:59,105406353590,无忧的优,粉丝团灯牌,1,1,[等级6],[粉丝团 Lv10]
2026-05-24 23:43:04,458910027748618,kk_,点亮粉丝团,1,1,[等级12],[粉丝团 Lv5]
2026-05-24 23:43:07,458910027748618,kk_,点亮粉丝团,1,1,[等级12],[粉丝团 Lv5]
2026-05-24 23:43:11,389701234861612,Arbitrary,粉丝团灯牌,1,1,[等级14],[粉丝团 Lv11]
2026-05-24 23:43:17,57614644352,腐,小心心,1,1,[等级34],[粉丝团 Lv11]
2026-05-24 23:43:18,70156557625,justinliu,小心心,1,1,[等级10],[粉丝团 Lv1]
2026-05-24 23:43:18,57614644352,腐,小心心,2,2,[等级34],[粉丝团 Lv11]
2026-05-24 23:43:19,95463152578,一只小鲨鱼,粉丝团灯牌,1,1,[等级21],[粉丝团 Lv11]
2026-05-24 23:43:19,57614644352,腐,小心心,3,3,[等级34],[粉丝团 Lv11]
2026-05-24 23:43:19,109099374670,四点,点亮粉丝团,1,1,[等级31],[粉丝团 Lv5]
2026-05-24 23:43:19,57614644352,腐,小心心,7,7,[等级34],[粉丝团 Lv11]
2026-05-24 23:43:20,57614644352,腐,小心心,13,13,[等级34],[粉丝团 Lv11]
2026-05-24 23:43:20,57614644352,腐,小心心,20,20,[等级34],[粉丝团 Lv11]
2026-05-24 23:43:20,70156557625,justinliu,小心心,1,1,[等级10],[粉丝团 Lv1]
2026-05-24 23:43:21,109099374670,四点,粉丝团灯牌,1,1,[等级31],[粉丝团 Lv5]
2026-05-24 23:43:21,109099374670,四点,点亮粉丝团,1,1,[等级31],[粉丝团 Lv5]
2026-05-24 23:43:21,57614644352,腐,小心心,29,29,[等级34],[粉丝团 Lv11]
2026-05-24 23:43:22,57614644352,腐,小心心,39,39,[等级34],[粉丝团 Lv11]
2026-05-24 23:43:22,70156557625,justinliu,小心心,1,1,[等级10],[粉丝团 Lv1]
2026-05-24 23:43:22,57614644352,腐,小心心,50,50,[等级34],[粉丝团 Lv11]
2026-05-24 23:43:22,902060521828749,……..,点亮粉丝团,1,1,[等级9],[粉丝团 Lv6]
2026-05-24 23:43:23,99484059215,1228955378,粉丝团灯牌,1,1,[等级16],[粉丝团 Lv10]
2026-05-24 23:43:23,57614644352,腐,小心心,63,63,[等级34],[粉丝团 Lv11]
2026-05-24 23:43:24,100151995325,别烦旺仔,粉丝团灯牌,1,1,[等级31],[粉丝团 Lv12]
2026-05-24 23:43:24,70156557625,justinliu,小心心,2,2,[等级10],[粉丝团 Lv1]
2026-05-24 23:43:24,57614644352,腐,小心心,64,64,[等级34],[粉丝团 Lv11]
2026-05-24 23:43:24,70156557625,justinliu,小心心,3,3,[等级10],[粉丝团 Lv1]
2026-05-24 23:43:26,902060521828749,……..,点亮粉丝团,1,1,[等级9],[粉丝团 Lv6]
2026-05-24 23:43:26,100151995325,别烦旺仔,为你闪耀,1,9,[等级31],[粉丝团 Lv12]
2026-05-24 23:43:26,98169272440,樵苏,点亮粉丝团,1,1,[等级29],[粉丝团 Lv8]
2026-05-24 23:43:27,57614644352,腐,小心心,64,64,[等级34],[粉丝团 Lv11]
2026-05-24 23:43:27,70156557625,justinliu,小心心,3,3,[等级10],[粉丝团 Lv1]
2026-05-24 23:43:29,100151995325,别烦旺仔,为你闪耀,1,9,[等级31],[粉丝团 Lv12]
2026-05-24 23:43:29,98169272440,樵苏,点亮粉丝团,1,1,[等级29],[粉丝团 Lv8]
2026-05-24 23:43:32,103543896959,duck 不必 o.O,点亮粉丝团,1,1,[等级9],[粉丝团 Lv6]
2026-05-24 23:43:35,103543896959,duck 不必 o.O,点亮粉丝团,1,1,[等级9],[粉丝团 Lv6]
2026-05-24 23:43:35,103543896959,duck 不必 o.O,粉丝团灯牌,1,1,[等级9],[粉丝团 Lv6]
2026-05-24 23:43:38,2972674596547223,巴B扣了,粉丝团灯牌,1,1,[等级14],[粉丝团 Lv12]
2026-05-24 23:43:45,83059356397,双子,粉丝团灯牌,1,1,[等级31],[粉丝团 Lv10]
2026-05-24 23:43:48,1556556843856382,浮梦人生,粉丝团灯牌,1,1,[等级27],[粉丝团 Lv12]
2026-05-24 23:43:48,100072176802,11🇨🇳,粉丝团灯牌,1,1,[等级17],[粉丝团 Lv12]
2026-05-24 23:43:56,1363020517212600,赤城,粉丝团灯牌,1,1,[等级31],[粉丝团 Lv8]
2026-05-24 23:44:03,103615985232,㣻罖,粉丝团灯牌,1,1,[等级15],[粉丝团 Lv13]
2026-05-24 23:44:04,98607664901,菱,粉丝团灯牌,1,1,[等级14],[粉丝团 Lv11]
2026-05-24 23:44:06,65507358821,雾໒້໌岛听风ᴳᴱᴹ,粉丝团灯牌,1,1,[等级30],[粉丝团 Lv11]
2026-05-24 23:44:10,3606873558496464,是月亮呀,小心心,1,1,[等级12],[粉丝团 Lv8]
2026-05-24 23:44:13,3606873558496464,是月亮呀,小心心,1,1,[等级12],[粉丝团 Lv8]
2026-05-24 23:44:14,62235156840,.,点亮粉丝团,1,1,[等级2],[粉丝团 Lv7]
2026-05-24 23:44:17,62235156840,.,点亮粉丝团,1,1,[等级2],[粉丝团 Lv7]
2026-05-24 23:44:19,105839347426,愛氵寿,人气票,1,1,[等级20],[粉丝团 Lv11]
2026-05-24 23:44:21,99961987034,已重置,小心心,1,1,[等级6],[粉丝团 Lv8]
2026-05-24 23:44:21,99961987034,已重置,小心心,2,2,[等级6],[粉丝团 Lv8]
2026-05-24 23:44:22,105839347426,愛氵寿,人气票,2,2,[等级20],[粉丝团 Lv11]
2026-05-24 23:44:22,105839347426,愛氵寿,人气票,3,3,[等级20],[粉丝团 Lv11]
2026-05-24 23:44:23,105165283393966,李李～🌸,点亮粉丝团,1,1,[等级16],[粉丝团 Lv10]
2026-05-24 23:44:23,92339835855,r.,人气票,1,1,[等级30],
2026-05-24 23:44:25,99961987034,已重置,小心心,2,2,[等级6],[粉丝团 Lv8]
2026-05-24 23:44:25,105839347426,愛氵寿,人气票,3,3,[等级20],[粉丝团 Lv11]
2026-05-24 23:44:26,105165283393966,李李～🌸,点亮粉丝团,1,1,[等级16],[粉丝团 Lv10]
2026-05-24 23:44:26,92339835855,r.,人气票,1,1,[等级30],
2026-05-24 23:44:31,99961987034,已重置,小皇冠,1,10,[等级6],[粉丝团 Lv8]
2026-05-24 23:44:34,99961987034,已重置,小皇冠,1,10,[等级6],[粉丝团 Lv8]
2026-05-24 23:44:34,108296211254,豆,人气票,1,1,[等级6],
2026-05-24 23:44:37,105839347426,愛氵寿,人气票,1,1,[等级20],[粉丝团 Lv11]
2026-05-24 23:44:37,108296211254,豆,人气票,1,1,[等级6],
2026-05-24 23:44:38,105839347426,愛氵寿,人气票,2,2,[等级20],[粉丝团 Lv11]
2026-05-24 23:44:39,105839347426,愛氵寿,人气票,3,3,[等级20],[粉丝团 Lv11]
2026-05-24 23:44:39,105839347426,愛氵寿,人气票,4,4,[等级20],[粉丝团 Lv11]
2026-05-24 23:44:39,105839347426,愛氵寿,人气票,5,5,[等级20],[粉丝团 Lv11]
2026-05-24 23:44:40,105839347426,愛氵寿,人气票,6,6,[等级20],[粉丝团 Lv11]
2026-05-24 23:44:40,105839347426,愛氵寿,人气票,7,7,[等级20],[粉丝团 Lv11]
2026-05-24 23:44:42,105839347426,愛氵寿,人气票,8,8,[等级20],[粉丝团 Lv11]
2026-05-24 23:44:45,105839347426,愛氵寿,人气票,9,9,[等级20],[粉丝团 Lv11]
2026-05-24 23:44:46,82826774572,211-和平搭档（女厅）,入团卡,1,1,[等级8],
2026-05-24 23:44:48,105839347426,愛氵寿,人气票,10,10,[等级20],[粉丝团 Lv11]
2026-05-24 23:44:49,82826774572,211-和平搭档（女厅）,入团卡,1,1,[等级8],
2026-05-24 23:44:50,105839347426,愛氵寿,人气票,10,10,[等级20],[粉丝团 Lv11]
2026-05-24 23:44:52,82826774572,211-和平搭档（女厅）,粉丝团灯牌,1,1,[等级8],[粉丝团 Lv1]
2026-05-24 23:44:55,756929419281101,@句号,粉丝团灯牌,1,1,[等级21],[粉丝团 Lv9]
2026-05-24 23:45:00,106261377757,明狼,点亮粉丝团,1,1,[等级36],[粉丝团 Lv5]
2026-05-24 23:45:02,106261377757,明狼,点亮粉丝团,1,1,[等级36],[粉丝团 Lv5]
2026-05-24 23:45:18,95956400927,王麻子,点亮粉丝团,1,1,[等级14],[粉丝团 Lv8]
2026-05-24 23:45:21,2233804314932093,☆新睿☆,点亮粉丝团,1,1,[等级29],[粉丝团 Lv7]
2026-05-24 23:45:21,95956400927,王麻子,点亮粉丝团,1,1,[等级14],[粉丝团 Lv8]
2026-05-24 23:45:23,2233804314932093,☆新睿☆,点亮粉丝团,1,1,[等级29],[粉丝团 Lv7]
2026-05-24 23:45:33,3764351241816648,晚风私语🌻,你最好看,1,2,[等级20],[粉丝团 Lv7]
2026-05-24 23:45:37,3764351241816648,晚风私语🌻,你最好看,1,2,[等级20],[粉丝团 Lv7]
2026-05-24 23:45:40,72415864859,总是睡不醒,粉丝团灯牌,1,1,[等级28],[粉丝团 Lv12]
2026-05-24 23:45:50,52728577669,扒拉我,粉丝团灯牌,1,1,[等级12],[粉丝团 Lv10]
2026-05-24 23:45:58,4001819700764573,🌈一眼万年🌈,玫瑰,1,1,[等级22],[粉丝团 Lv10]
2026-05-24 23:46:01,4001819700764573,🌈一眼万年🌈,玫瑰,1,1,[等级22],[粉丝团 Lv10]
2026-05-24 23:46:02,104608816115,小宝贝88288,粉丝团灯牌,1,1,[等级14],[粉丝团 Lv11]
2026-05-24 23:46:09,68804063268,9527、,粉丝团灯牌,1,1,[等级27],[粉丝团 Lv10]
2026-05-24 23:46:11,102012420050,S壳郎,粉丝团灯牌,1,1,[等级41],[粉丝团 Lv15]
2026-05-24 23:46:12,281895150040256,独自一人,鲜花,1,10,[等级18],[粉丝团 Lv9]
2026-05-24 23:46:13,1626914986394419,路  人,粉丝团灯牌,1,1,[等级33],[粉丝团 Lv15]
2026-05-24 23:46:14,967991685561853,郎十三,粉丝团灯牌,1,1,[等级26],[粉丝团 Lv11]
2026-05-24 23:46:15,281895150040256,独自一人,鲜花,1,10,[等级18],[粉丝团 Lv9]
2026-05-24 23:46:17,78672954756,趁酒,粉丝团灯牌,1,1,[等级30],[粉丝团 Lv11]
2026-05-24 23:46:23,67851755535,淳1,粉丝团灯牌,1,1,[等级9],[粉丝团 Lv11]
2026-05-24 23:46:23,1626914986394419,路  人,为你闪耀,1,9,[等级33],[粉丝团 Lv15]
2026-05-24 23:46:23,63670869561,Mr张,粉丝团灯牌,1,1,[等级20],[粉丝团 Lv10]
2026-05-24 23:46:24,85865823335,微凉,粉丝团灯牌,1,1,[等级29],[粉丝团 Lv10]
2026-05-24 23:46:26,1626914986394419,路  人,为你闪耀,1,9,[等级33],[粉丝团 Lv15]
2026-05-24 23:46:28,81847311070,7󠇥󠇥7,点亮粉丝团,1,1,[等级30],[粉丝团 Lv10]
2026-05-24 23:46:29,3145079819350237,Ανακουφίστε,粉丝团灯牌,1,1,[等级6],[粉丝团 Lv7]
2026-05-24 23:46:31,81847311070,7󠇥󠇥7,点亮粉丝团,1,1,[等级30],[粉丝团 Lv10]
2026-05-24 23:46:37,2831938488113837,.无情,点亮粉丝团,1,1,[等级3],[粉丝团 Lv7]
2026-05-24 23:46:38,63862391721,ە𓆡𓆝𓆟𓆞,粉丝团灯牌,1,1,[等级33],[粉丝团 Lv10]
2026-05-24 23:46:39,2419395605561767,夏与安,粉丝团灯牌,1,1,[等级15],[粉丝团 Lv5]
2026-05-24 23:46:40,2831938488113837,.无情,点亮粉丝团,1,1,[等级3],[粉丝团 Lv7]
2026-05-24 23:46:44,103022743986,闪亮的屁灯,粉丝团灯牌,1,1,[等级32],[粉丝团 Lv2]
2026-05-24 23:46:54,103022743986,闪亮的屁灯,为你闪耀,1,9,[等级32],[粉丝团 Lv2]
2026-05-24 23:46:56,104013813271,魏公子,粉丝团灯牌,1,1,[等级30],[粉丝团 Lv10]
2026-05-24 23:46:57,103022743986,闪亮的屁灯,为你闪耀,1,9,[等级32],[粉丝团 Lv2]
2026-05-24 23:47:18,7465029989924209724,7,点亮粉丝团,1,1,[等级9],[粉丝团 Lv6]
2026-05-24 23:47:21,7465029989924209724,7,点亮粉丝团,1,1,[等级9],[粉丝团 Lv6]
2026-05-24 23:47:23,81690608666,00o,粉丝团灯牌,1,1,[等级38],[粉丝团 Lv8]
2026-05-24 23:47:25,4186541746590600,🌈以人为镜～,粉丝团灯牌,1,1,[等级22],[粉丝团 Lv15]
2026-05-24 23:47:35,97891938916,༄྄ེིོུTea༩༣࿂,点亮粉丝团,1,1,[等级24],[粉丝团 Lv9]
2026-05-24 23:47:38,97891938916,༄྄ེིོུTea༩༣࿂,点亮粉丝团,1,1,[等级24],[粉丝团 Lv9]
2026-05-24 23:47:39,63278023145,小文文,点亮粉丝团,1,1,[等级13],[粉丝团 Lv7]
2026-05-24 23:47:39,111188916253,Cara.,点亮粉丝团,1,1,[等级20],[粉丝团 Lv3]
2026-05-24 23:47:41,63278023145,小文文,粉丝团灯牌,1,1,[等级13],[粉丝团 Lv7]
2026-05-24 23:47:41,63278023145,小文文,点亮粉丝团,1,1,[等级13],[粉丝团 Lv7]
2026-05-24 23:47:43,111188916253,Cara.,点亮粉丝团,1,1,[等级20],[粉丝团 Lv3]
2026-05-24 23:47:44,111188916253,Cara.,粉丝团灯牌,1,1,[等级20],[粉丝团 Lv3]
2026-05-24 23:47:47,95008549561,唯酒可忘忧,入团卡,1,1,[等级29],
2026-05-24 23:47:51,95008549561,唯酒可忘忧,入团卡,1,1,[等级29],
2026-05-24 23:47:53,95008549561,唯酒可忘忧,粉丝团灯牌,1,1,[等级29],[粉丝团 Lv1]
2026-05-24 23:47:56,62962873574,玖叁,点亮粉丝团,1,1,[等级29],[粉丝团 Lv10]
2026-05-24 23:47:59,62962873574,玖叁,点亮粉丝团,1,1,[等级29],[粉丝团 Lv10]
2026-05-24 23:48:10,625002686199101,DDG,点亮粉丝团,1,1,[等级32],[粉丝团 Lv10]
2026-05-24 23:48:10,102289637906,→_→嘦姕←_←,点亮粉丝团,1,1,[等级10],[粉丝团 Lv10]
2026-05-24 23:48:13,102289637906,→_→嘦姕←_←,点亮粉丝团,1,1,[等级10],[粉丝团 Lv10]
2026-05-24 23:48:13,102289637906,→_→嘦姕←_←,粉丝团灯牌,1,1,[等级10],[粉丝团 Lv10]
2026-05-24 23:48:13,625002686199101,DDG,点亮粉丝团,1,1,[等级32],[粉丝团 Lv10]
2026-05-24 23:48:14,95810436182,热心市民陈先生,点亮粉丝团,1,1,[等级24],[粉丝团 Lv10]
2026-05-24 23:48:17,95810436182,热心市民陈先生,点亮粉丝团,1,1,[等级24],[粉丝团 Lv10]
2026-05-24 23:48:22,4107416262947759,正负号,点亮粉丝团,1,1,[等级6],[粉丝团 Lv8]
2026-05-24 23:48:25,4107416262947759,正负号,点亮粉丝团,1,1,[等级6],[粉丝团 Lv8]
2026-05-24 23:48:53,450178925997052,张雪6663,小心心,1,1,[等级1],
2026-05-24 23:48:57,450178925997052,张雪6663,小心心,1,1,[等级1],
2026-05-24 23:49:18,281103488007214,和光同尘,粉丝团灯牌,1,1,[等级21],[粉丝团 Lv9]
2026-05-24 23:49:20,4244585174281911,奋,点亮粉丝团,1,1,[等级6],[粉丝团 Lv5]
2026-05-24 23:49:23,61294025811,Y a n g,点亮粉丝团,1,9,[等级16],[粉丝团 Lv11]
2026-05-24 23:49:23,4244585174281911,奋,点亮粉丝团,1,1,[等级6],[粉丝团 Lv5]
2026-05-24 23:49:26,61294025811,Y a n g,点亮粉丝团,1,9,[等级16],[粉丝团 Lv11]
2026-05-24 23:49:26,31240807786860,swimming,点亮粉丝团,1,1,[等级23],[粉丝团 Lv2]
2026-05-24 23:49:29,31240807786860,swimming,点亮粉丝团,1,1,[等级23],[粉丝团 Lv2]
2026-05-24 23:49:41,836077888734520,赫然,入团卡,1,1,[等级14],
2026-05-24 23:49:43,62586546230,汪，王。往？旺：,人气票,1,1,[等级14],[粉丝团 Lv4]
2026-05-24 23:49:44,836077888734520,赫然,入团卡,1,1,[等级14],
2026-05-24 23:49:44,62586546230,汪，王。往？旺：,人气票,2,2,[等级14],[粉丝团 Lv4]
2026-05-24 23:49:45,2726387993816463,万金来门业,粉丝团灯牌,1,1,[等级13],[粉丝团 Lv10]
2026-05-24 23:49:45,62586546230,汪，王。往？旺：,人气票,3,3,[等级14],[粉丝团 Lv4]
2026-05-24 23:49:47,62586546230,汪，王。往？旺：,人气票,4,4,[等级14],[粉丝团 Lv4]
2026-05-24 23:49:49,2229410137118468,liu.,小心心,1,1,[等级8],
2026-05-24 23:49:49,836077888734520,赫然,粉丝团灯牌,1,1,[等级14],[粉丝团 Lv1]
2026-05-24 23:49:50,62586546230,汪，王。往？旺：,人气票,4,4,[等级14],[粉丝团 Lv4]
2026-05-24 23:49:51,2229410137118468,liu.,小心心,1,1,[等级8],
2026-05-24 23:49:55,102445405342,。文,大啤酒,1,2,[等级23],[粉丝团 Lv10]
2026-05-24 23:49:58,102445405342,。文,大啤酒,1,2,[等级23],[粉丝团 Lv10]
2026-05-24 23:50:04,100885399295,成哥MAX,粉丝团灯牌,1,1,[等级27],[粉丝团 Lv12]
2026-05-24 23:50:20,94222958862,有的没的,粉丝团灯牌,1,1,[等级20],[粉丝团 Lv15]
2026-05-24 23:50:26,2401786039643536,没空理你🫥,粉丝团灯牌,1,1,[等级14],[粉丝团 Lv10]
2026-05-24 23:50:27,663746325775534,✨ཉི༗雨后天晴✨ཉི,粉丝团灯牌,1,1,[等级25],[粉丝团 Lv11]
2026-05-24 23:50:30,96441121792,有点坏,点亮粉丝团,1,1,[等级15],[粉丝团 Lv10]
2026-05-24 23:50:34,96441121792,有点坏,点亮粉丝团,1,1,[等级15],[粉丝团 Lv10]
2026-05-24 23:50:34,61294025811,Y a n g,粉丝团灯牌,1,1,[等级16],[粉丝团 Lv11]
2026-05-24 23:50:38,78935853400,黑猫紧张,点亮粉丝团,1,1,[等级11],[粉丝团 Lv9]
2026-05-24 23:50:39,61226429037,Jovi,粉丝团灯牌,1,1,[等级18],[粉丝团 Lv11]
2026-05-24 23:50:42,78935853400,黑猫紧张,点亮粉丝团,1,1,[等级11],[粉丝团 Lv9]
2026-05-24 23:50:46,2920745700694868,半睡半醒,点亮粉丝团,1,1,[等级18],[粉丝团 Lv10]
2026-05-24 23:50:47,396253538559667,八万春°,入团卡,1,1,[等级14],
2026-05-24 23:50:48,2920745700694868,半睡半醒,粉丝团灯牌,1,1,[等级18],[粉丝团 Lv10]
2026-05-24 23:50:48,2920745700694868,半睡半醒,点亮粉丝团,1,1,[等级18],[粉丝团 Lv10]
2026-05-24 23:50:50,396253538559667,八万春°,入团卡,1,1,[等级14],
2026-05-24 23:50:52,2612854942864519,歪c,点亮粉丝团,1,1,[等级16],[粉丝团 Lv10]
2026-05-24 23:50:55,2612854942864519,歪c,点亮粉丝团,1,1,[等级16],[粉丝团 Lv10]
2026-05-24 23:50:55,2154667534196974,是舒不是苏,粉丝团灯牌,1,1,[等级12],[粉丝团 Lv12]
2026-05-24 23:50:59,61527337756,J  .  E,粉丝团灯牌,1,1,[等级29],[粉丝团 Lv16]
2026-05-24 23:51:01,22832308158,︶ㄣ喏訁巟訁,点亮粉丝团,1,1,[等级39],[粉丝团 Lv10]
2026-05-24 23:51:04,22832308158,︶ㄣ喏訁巟訁,点亮粉丝团,1,1,[等级39],[粉丝团 Lv10]
2026-05-24 23:51:04,22832308158,︶ㄣ喏訁巟訁,粉丝团灯牌,1,1,[等级39],[粉丝团 Lv10]
2026-05-24 23:51:04,22832308158,︶ㄣ喏訁巟訁,点亮粉丝团,1,1,[等级39],[粉丝团 Lv10]
2026-05-24 23:51:06,105752269877,元一,点亮粉丝团,1,1,[等级20],[粉丝团 Lv9]
2026-05-24 23:51:07,152166084652788,半个月亮🌙,粉丝团灯牌,1,1,[等级12],[粉丝团 Lv4]
2026-05-24 23:51:09,105752269877,元一,点亮粉丝团,1,1,[等级20],[粉丝团 Lv9]
2026-05-24 23:51:12,71214061235,寒食,粉丝团灯牌,1,1,[等级20],[粉丝团 Lv10]
2026-05-24 23:51:15,92760314301,木木²º²⁶ 🦔,粉丝团灯牌,1,1,[等级17],[粉丝团 Lv13]
2026-05-24 23:51:27,4457866151332857,随訫＂＂,点亮粉丝团,1,9,[等级9],[粉丝团 Lv11]
2026-05-24 23:51:28,4485640577617133,小怡碎碎念,粉丝团灯牌,1,1,[等级23],[粉丝团 Lv5]
2026-05-24 23:51:29,4457866151332857,随訫＂＂,粉丝团灯牌,1,1,[等级9],[粉丝团 Lv11]
2026-05-24 23:51:29,4457866151332857,随訫＂＂,点亮粉丝团,1,9,[等级9],[粉丝团 Lv11]
2026-05-24 23:51:44,1525714853569752,努力的羊,粉丝团灯牌,1,1,[等级32],[粉丝团 Lv15]
2026-05-24 23:51:55,787726736558743,硎興,点亮粉丝团,1,1,[等级33],[粉丝团 Lv7]
2026-05-24 23:51:58,787726736558743,硎興,点亮粉丝团,1,1,[等级33],[粉丝团 Lv7]
2026-05-24 23:51:59,787726736558743,硎興,粉丝团灯牌,1,1,[等级33],[粉丝团 Lv7]
2026-05-24 23:52:11,2745913310450539,！,粉丝团灯牌,1,1,[等级7],[粉丝团 Lv9]
2026-05-24 23:52:16,81037490011,似我菲我🎀,粉丝团灯牌,1,1,[等级20],[粉丝团 Lv5]
2026-05-24 23:52:18,98414105446,星星来晚了,粉丝团灯牌,1,1,[等级9],[粉丝团 Lv8]
2026-05-24 23:52:19,95902315631,没用的飞舞猴子气急败坏了只能拉黑我了,粉丝团灯牌,1,1,[等级13],[粉丝团 Lv12]
2026-05-24 23:52:32,2502922689588638,艾宇房产小崔,粉丝团灯牌,1,1,[等级23],[粉丝团 Lv11]
2026-05-24 23:52:42,58519048129,妖精味的跳跳糖,粉丝团灯牌,1,1,[等级21],[粉丝团 Lv12]
2026-05-24 23:52:56,72333976215,火因圈,点亮粉丝团,1,1,[等级13],[粉丝团 Lv8]
2026-05-24 23:52:59,72333976215,火因圈,点亮粉丝团,1,1,[等级13],[粉丝团 Lv8]
2026-05-24 23:53:09,210720524869408,祝君,点亮粉丝团,1,1,[等级11],[粉丝团 Lv5]
2026-05-24 23:53:11,210720524869408,祝君,点亮粉丝团,1,1,[等级11],[粉丝团 Lv5]
2026-05-24 23:53:13,109588188216,王大牛,粉丝团灯牌,1,1,[等级35],[粉丝团 Lv4]
2026-05-24 23:53:28,104697320931,爸 爸,点亮粉丝团,1,9,[等级29],[粉丝团 Lv12]
2026-05-24 23:53:29,417435344186430,Wan梚枫,点亮粉丝团,1,1,[等级30],[粉丝团 Lv3]
2026-05-24 23:53:30,104697320931,爸 爸,点亮粉丝团,1,9,[等级29],[粉丝团 Lv12]
2026-05-24 23:53:32,417435344186430,Wan梚枫,点亮粉丝团,1,1,[等级30],[粉丝团 Lv3]
2026-05-24 23:53:33,59729330261,中国π,粉丝团灯牌,1,1,[等级14],[粉丝团 Lv12]
2026-05-24 23:53:40,1377035400265342,简简单单1,点亮粉丝团,1,1,[等级4],[粉丝团 Lv5]
2026-05-24 23:53:41,111106551339,㣻罖,点亮粉丝团,1,1,[等级18],[粉丝团 Lv10]
2026-05-24 23:53:43,1377035400265342,简简单单1,点亮粉丝团,1,1,[等级4],[粉丝团 Lv5]
2026-05-24 23:53:44,66497983282,千里之行始于足@,小心心,1,1,[等级8],[粉丝团 Lv5]
2026-05-24 23:53:44,111106551339,㣻罖,点亮粉丝团,1,1,[等级18],[粉丝团 Lv10]
2026-05-24 23:53:46,94675331861,我叫阿良,粉丝团灯牌,1,1,[等级25],[粉丝团 Lv11]
2026-05-24 23:53:46,111106551339,㣻罖,粉丝团灯牌,1,1,[等级18],[粉丝团 Lv10]
2026-05-24 23:53:46,66497983282,千里之行始于足@,小心心,1,1,[等级8],[粉丝团 Lv5]
2026-05-24 23:53:53,3034276378191544,孤鸿影,点亮粉丝团,1,1,[等级16],[粉丝团 Lv10]
2026-05-24 23:53:56,97543562850,劉言非語,粉丝团灯牌,1,1,[等级32],[粉丝团 Lv10]
2026-05-24 23:53:56,3034276378191544,孤鸿影,点亮粉丝团,1,1,[等级16],[粉丝团 Lv10]
2026-05-24 23:53:58,98733161244,矜持-,点亮粉丝团,1,1,[等级34],[粉丝团 Lv10]
2026-05-24 23:54:01,98733161244,矜持-,点亮粉丝团,1,1,[等级34],[粉丝团 Lv10]
2026-05-24 23:54:03,4024678125941484,一点也不陈,点亮粉丝团,1,1,[等级9],[粉丝团 Lv10]
2026-05-24 23:54:03,2113722918903375,无语耶耶不酱,粉丝团灯牌,1,1,[等级11],[粉丝团 Lv5]
2026-05-24 23:54:05,4024678125941484,一点也不陈,点亮粉丝团,1,1,[等级9],[粉丝团 Lv10]
2026-05-24 23:54:07,61011286357,钱钱爱吃鱼,点亮粉丝团,1,1,[等级18],[粉丝团 Lv6]
2026-05-24 23:54:10,61011286357,钱钱爱吃鱼,点亮粉丝团,1,1,[等级18],[粉丝团 Lv6]
2026-05-24 23:54:14,61011286357,钱钱爱吃鱼,粉丝团灯牌,1,1,[等级18],[粉丝团 Lv6]
2026-05-24 23:54:15,75179937078,南方车站的聚会,粉丝团灯牌,1,1,[等级18],[粉丝团 Lv10]
2026-05-24 23:54:23,4261348894582355,大魔王,粉丝团灯牌,1,1,[等级23],[粉丝团 Lv10]
2026-05-24 23:54:31,69356524071,苏demo,点亮粉丝团,1,1,[等级12],[粉丝团 Lv10]
2026-05-24 23:54:32,67274311704,Ysabel·Jovial,粉丝团灯牌,1,1,[等级37],[粉丝团 Lv15]
2026-05-24 23:54:32,804480936840296,总是脾气暴躁,粉丝团灯牌,1,1,[等级11],[粉丝团 Lv10]
2026-05-24 23:54:34,69356524071,苏demo,点亮粉丝团,1,1,[等级12],[粉丝团 Lv10]
2026-05-24 23:54:36,67264364956,D.h,粉丝团灯牌,1,1,[等级17],[粉丝团 Lv9]
2026-05-24 23:54:37,63055575244,🖕🏻ᵛ⁴默默꧂ ⁵⁵⁰,粉丝团灯牌,1,1,[等级26],[粉丝团 Lv12]
2026-05-24 23:54:39,95536997990,关东煮小熊仔,粉丝团灯牌,1,1,[等级7],[粉丝团 Lv6]
2026-05-24 23:54:41,116989961990570,喜欢一个人,粉丝团灯牌,1,1,[等级12],[粉丝团 Lv10]
2026-05-24 23:54:43,47972078589495,海哥 在路上,粉丝团灯牌,1,1,[等级21],[粉丝团 Lv9]
2026-05-24 23:54:43,2963873539304445,sailor moon🌙,粉丝团灯牌,1,1,[等级21],[粉丝团 Lv11]
2026-05-24 23:54:44,179966898602747,🍇,粉丝团灯牌,1,1,[等级29],[粉丝团 Lv7]
2026-05-24 23:54:45,4424872983274371,雾眠眠,粉丝团灯牌,1,1,[等级26],[粉丝团 Lv13]
2026-05-24 23:54:47,3284935307439435,.Z.,入团卡,1,1,[等级26],
2026-05-24 23:54:50,57614644352,腐,为你爆灯,1,199,[等级34],[粉丝团 Lv11]
2026-05-24 23:54:50,11805950518,深情（张君雅助理）,粉丝团灯牌,1,1,[等级39],[粉丝团:张君雅 Lv18]
2026-05-24 23:54:50,3284935307439435,.Z.,入团卡,1,1,[等级26],
2026-05-24 23:54:52,3521054289700403,意游记,666,1,1,[等级17],
2026-05-24 23:54:52,3521054289700403,意游记,666,2,2,[等级17],
2026-05-24 23:54:53,3284935307439435,.Z.,粉丝团灯牌,1,1,[等级26],[粉丝团 Lv1]
2026-05-24 23:54:54,3521054289700403,意游记,666,3,3,[等级17],
2026-05-24 23:54:54,65950843541,薄荷煙花涼,粉丝团灯牌,1,1,[等级12],[粉丝团 Lv11]
2026-05-24 23:54:55,3521054289700403,意游记,666,4,4,[等级17],
2026-05-24 23:54:56,3521054289700403,意游记,666,5,5,[等级17],
2026-05-24 23:54:57,3521054289700403,意游记,666,6,6,[等级17],
2026-05-24 23:55:00,3521054289700403,意游记,666,6,6,[等级17],
2026-05-24 23:55:01,4503699279715189,落叶孤烟,为你闪耀,1,9,[等级10],[粉丝团 Lv7]
2026-05-24 23:55:02,64607113580,小慷妹妹,粉丝团灯牌,1,1,[等级23],[粉丝团 Lv12]
2026-05-24 23:55:04,4503699279715189,落叶孤烟,为你闪耀,1,9,[等级10],[粉丝团 Lv7]
2026-05-24 23:55:07,1055135900635773,꧁꫞꯭眸꯭中꯭月꯭꫞꧂,小心心,1,1,[等级26],
2026-05-24 23:55:08,4503699279715189,落叶孤烟,为你闪耀,1,9,[等级10],[粉丝团 Lv7]
2026-05-24 23:55:09,1055135900635773,꧁꫞꯭眸꯭中꯭月꯭꫞꧂,小心心,1,1,[等级26],
2026-05-24 23:55:10,93065783199,李修缘,点亮粉丝团,1,1,[等级24],[粉丝团 Lv10]
2026-05-24 23:55:11,4503699279715189,落叶孤烟,为你闪耀,1,9,[等级10],[粉丝团 Lv7]
2026-05-24 23:55:12,93065783199,李修缘,粉丝团灯牌,1,1,[等级24],[粉丝团 Lv10]
2026-05-24 23:55:12,93065783199,李修缘,点亮粉丝团,1,1,[等级24],[粉丝团 Lv10]
2026-05-24 23:55:17,63425322855,有¹点小糕冷,点亮粉丝团,1,1,[等级16],[粉丝团 Lv6]
2026-05-24 23:55:18,2586516096557325,灿,粉丝团灯牌,1,1,[等级9],[粉丝团 Lv5]
2026-05-24 23:55:20,63425322855,有¹点小糕冷,点亮粉丝团,1,1,[等级16],[粉丝团 Lv6]
2026-05-24 23:55:23,1055135900635773,꧁꫞꯭眸꯭中꯭月꯭꫞꧂,入团卡,1,1,[等级26],
2026-05-24 23:55:26,106709752087,ꪖ万万没想到ꪖ,点亮粉丝团,1,1,[等级32],[粉丝团 Lv7]
2026-05-24 23:55:27,1055135900635773,꧁꫞꯭眸꯭中꯭月꯭꫞꧂,入团卡,1,1,[等级26],
2026-05-24 23:55:27,1055135900635773,꧁꫞꯭眸꯭中꯭月꯭꫞꧂,粉丝团灯牌,1,1,[等级26],[粉丝团 Lv1]
2026-05-24 23:55:29,106709752087,ꪖ万万没想到ꪖ,点亮粉丝团,1,1,[等级32],[粉丝团 Lv7]
2026-05-24 23:55:34,99086199367,떠나,粉丝团灯牌,1,1,[等级19],[粉丝团 Lv10]
2026-05-24 23:55:40,1367422840868276,土豆,点亮粉丝团,1,1,[等级9],[粉丝团 Lv2]
2026-05-24 23:55:41,108184825501372,lasfer001,点亮粉丝团,1,1,[等级8],[粉丝团 Lv10]
2026-05-24 23:55:42,910873832731863,A6子,私人飞机,1,3000,[等级25],
2026-05-24 23:55:44,1367422840868276,土豆,点亮粉丝团,1,1,[等级9],[粉丝团 Lv2]
2026-05-24 23:55:44,108184825501372,lasfer001,点亮粉丝团,1,1,[等级8],[粉丝团 Lv10]
2026-05-24 23:55:52,545002548625886,被男神骂装货怀恨在心偷他拼好饭.,粉丝团灯牌,1,1,[等级21],[粉丝团 Lv5]
2026-05-24 23:55:56,94489505475,村口小美,粉丝团灯牌,1,1,[等级5],[粉丝团 Lv8]
2026-05-24 23:55:57,1987561870070046,不胖20斤不改名,点亮粉丝团,1,1,[等级26],[粉丝团 Lv8]
2026-05-24 23:55:58,2937526167279352,管鑫,粉丝团灯牌,1,1,[等级25],[粉丝团 Lv13]
2026-05-24 23:56:00,1987561870070046,不胖20斤不改名,点亮粉丝团,1,1,[等级26],[粉丝团 Lv8]
2026-05-24 23:56:00,1435282186730331,和平精英-崽崽.,点亮粉丝团,1,1,[等级13],[粉丝团 Lv4]
2026-05-24 23:56:03,76696258945,长得丑还很拽,玫瑰,1,1,[等级19],[粉丝团 Lv11]
2026-05-24 23:56:03,1435282186730331,和平精英-崽崽.,点亮粉丝团,1,1,[等级13],[粉丝团 Lv4]
2026-05-24 23:56:06,76696258945,长得丑还很拽,玫瑰,1,1,[等级19],[粉丝团 Lv11]
2026-05-24 23:56:09,1435282186730331,和平精英-崽崽.,粉丝团灯牌,1,1,[等级13],[粉丝团 Lv4]
2026-05-24 23:56:12,52163836368,鱼鱼鱼乐🌠,小心心,1,1,[等级29],[粉丝团 Lv1]
2026-05-24 23:56:14,688737574722968,烟花小哥,粉丝团灯牌,1,1,[等级20],[粉丝团 Lv10]
2026-05-24 23:56:15,52163836368,鱼鱼鱼乐🌠,小心心,1,1,[等级29],[粉丝团 Lv1]
2026-05-24 23:56:17,688737574722968,烟花小哥,为你闪耀,1,9,[等级20],[粉丝团 Lv10]
2026-05-24 23:56:21,688737574722968,烟花小哥,为你闪耀,1,9,[等级20],[粉丝团 Lv10]
2026-05-24 23:56:29,70911862588,搁浅（后浪🌊）,人气票,1,1,[等级23],[粉丝团 Lv7]
2026-05-24 23:56:31,1204679462363467,蛟龙云海,点亮粉丝团,1,1,[等级11],[粉丝团 Lv10]
2026-05-24 23:56:33,70911862588,搁浅（后浪🌊）,人气票,1,1,[等级23],[粉丝团 Lv7]
2026-05-24 23:56:34,1204679462363467,蛟龙云海,点亮粉丝团,1,1,[等级11],[粉丝团 Lv10]
2026-05-24 23:56:34,92656611417,袁，睿，轩,粉丝团灯牌,1,1,[等级13],[粉丝团 Lv9]
2026-05-24 23:56:37,3170609432636967,随心所欲,粉丝团灯牌,1,1,[等级15],[粉丝团 Lv14]
2026-05-24 23:56:40,1989482781882551,雾冬,点亮粉丝团,1,1,[等级1],[粉丝团 Lv3]
2026-05-24 23:56:43,1989482781882551,雾冬,点亮粉丝团,1,1,[等级1],[粉丝团 Lv3]
2026-05-24 23:56:43,110307852667,W逍遥自在,点亮粉丝团,1,1,[等级20],[粉丝团 Lv8]
2026-05-24 23:56:46,110307852667,W逍遥自在,点亮粉丝团,1,1,[等级20],[粉丝团 Lv8]
2026-05-24 23:56:55,3513678056925220,陳樂,粉丝团灯牌,1,1,[等级24],[粉丝团 Lv10]
