time,user_id,user_name,count,total,grade,fans_club
2026-05-18 21:03:44,96800023676,只要啤酒,10,6281,[等级32],[粉丝团 Lv5]
2026-05-18 21:03:44,56076255513,苦菊,7,6291,[等级24],[粉丝团 Lv15]
2026-05-18 21:03:44,71234380285,惜月,9,6302,[等级12],[粉丝团 Lv12]
2026-05-18 21:03:44,2590081665217859,再熬夜刷视频就是小狗🐶,1,6302,[等级15],[粉丝团 Lv13]
2026-05-18 21:03:44,1283829095470295,偷得山月霰山林,1,6342,[等级5],
2026-05-18 21:03:44,945207153268631,尹清棠·砚初,4,6350,[等级28],[粉丝团 Lv7]
2026-05-18 21:03:45,87872643486,念念不忘,11,6375,[等级21],[粉丝团 Lv11]
2026-05-18 21:03:45,61226959541,路人甲的煽情༊,10,6403,[等级23],[粉丝团 Lv8]
2026-05-18 21:03:45,116989961990570,喜欢一个人,13,6422,[等级12],[粉丝团 Lv10]
2026-05-18 21:03:45,96800023676,只要啤酒,10,6422,[等级32],[粉丝团 Lv5]
2026-05-18 21:03:45,71234380285,惜月,14,6454,[等级12],[粉丝团 Lv12]
2026-05-18 21:03:45,87872643486,念念不忘,11,6454,[等级21],[粉丝团 Lv11]
2026-05-18 21:03:45,96800023676,只要啤酒,11,6510,[等级32],[粉丝团 Lv5]
2026-05-18 21:03:45,56076255513,苦菊,8,6526,[等级24],[粉丝团 Lv15]
2026-05-18 21:03:45,71234380285,惜月,12,6538,[等级12],[粉丝团 Lv12]
2026-05-18 21:03:45,87872643486,念念不忘,12,6538,[等级21],[粉丝团 Lv11]
2026-05-18 21:03:45,96800023676,只要啤酒,6,6588,[等级32],[粉丝团 Lv5]
2026-05-18 21:03:45,59225851767,iiixxo,3,6609,[等级21],[粉丝团 Lv5]
2026-05-18 21:03:45,71234380285,惜月,12,6632,[等级12],[粉丝团 Lv12]
2026-05-18 21:03:45,87872643486,念念不忘,11,6632,[等级21],[粉丝团 Lv11]
2026-05-18 21:03:45,96800023676,只要啤酒,5,6694,[等级32],[粉丝团 Lv5]
2026-05-18 21:03:45,59225851767,iiixxo,7,6694,[等级21],[粉丝团 Lv5]
2026-05-18 21:03:46,87872643486,念念不忘,11,6717,[等级21],[粉丝团 Lv11]
2026-05-18 21:03:46,71234380285,惜月,12,6717,[等级12],[粉丝团 Lv12]
2026-05-18 21:03:46,96800023676,只要啤酒,11,6778,[等级32],[粉丝团 Lv5]
2026-05-18 21:03:46,56076255513,苦菊,9,6798,[等级24],[粉丝团 Lv15]
2026-05-18 21:03:46,71234380285,惜月,11,6809,[等级12],[粉丝团 Lv12]
2026-05-18 21:03:46,87872643486,念念不忘,11,6809,[等级21],[粉丝团 Lv11]
2026-05-18 21:03:47,56076255513,苦菊,9,6897,[等级24],[粉丝团 Lv15]
2026-05-18 21:03:47,103623410647,Mr  Zᴳᵀ兜里只有叁拾,11,6897,[等级31],[粉丝团 Lv6]
2026-05-18 21:03:47,71234380285,惜月,13,6897,[等级12],[粉丝团 Lv12]
2026-05-18 21:03:47,73783367047,卟曾忘记,1,6897,[等级13],[粉丝团 Lv3]
2026-05-18 21:03:47,116989961990570,喜欢一个人,11,6919,[等级12],[粉丝团 Lv10]
2026-05-18 21:03:47,56076255513,苦菊,8,6970,[等级24],[粉丝团 Lv15]
2026-05-18 21:03:47,87872643486,念念不忘,11,6981,[等级21],[粉丝团 Lv11]
2026-05-18 21:03:47,945207153268631,尹清棠·砚初,11,7004,[等级28],[粉丝团 Lv7]
2026-05-18 21:03:47,116989961990570,喜欢一个人,12,7004,[等级12],[粉丝团 Lv10]
2026-05-18 21:03:48,87872643486,念念不忘,11,7094,[等级21],[粉丝团 Lv11]
2026-05-18 21:03:49,945207153268631,尹清棠·砚初,11,7122,[等级28],[粉丝团 Lv7]
2026-05-18 21:03:49,58849949720,🛵,5,7162,[等级13],[粉丝团 Lv4]
2026-05-18 21:03:49,2824008837643668,Hom,1,7196,,
2026-05-18 21:03:50,71234380285,惜月,11,7207,[等级12],[粉丝团 Lv12]
2026-05-18 21:03:50,87872643486,念念不忘,11,7207,[等级21],[粉丝团 Lv11]
2026-05-18 21:03:51,58849949720,🛵,10,7277,[等级13],[粉丝团 Lv4]
2026-05-18 21:03:51,63249500208,小白很奈斯呦,6,7288,[等级25],[粉丝团 Lv12]
2026-05-18 21:03:52,87872643486,念念不忘,11,7311,[等级21],[粉丝团 Lv11]
2026-05-18 21:03:53,109120463174,星落荒川,1,7348,[等级39],
2026-05-18 21:03:53,58849949720,🛵,10,7371,[等级13],[粉丝团 Lv4]
2026-05-18 21:03:53,77351779198,📔,4,7371,,
2026-05-18 21:03:54,71234380285,惜月,12,7406,[等级12],[粉丝团 Lv12]
2026-05-18 21:03:54,1983122875891564,啦啦猪,2,7406,[等级14],[粉丝团 Lv10]
2026-05-18 21:03:55,116989961990570,喜欢一个人,11,7443,[等级12],[粉丝团 Lv10]
2026-05-18 21:03:55,2448287037,ヾ茶凉酒寒,10,7469,[等级10],[粉丝团 Lv10]
2026-05-18 21:03:56,71234380285,惜月,10,7492,[等级12],[粉丝团 Lv12]
2026-05-18 21:03:57,87872643486,念念不忘,11,7492,[等级21],[粉丝团 Lv11]
2026-05-18 21:03:57,116989961990570,喜欢一个人,12,7526,[等级12],[粉丝团 Lv10]
2026-05-18 21:03:57,110666097981,꧁༺阝东༻豆༺豆༻꧂,2,7526,[等级6],[粉丝团 Lv9]
2026-05-18 21:03:58,71234380285,惜月,12,7607,[等级12],[粉丝团 Lv12]
2026-05-18 21:03:59,1983122875891564,啦啦猪,12,7607,[等级14],[粉丝团 Lv10]
2026-05-18 21:03:59,116989961990570,喜欢一个人,10,7639,[等级12],[粉丝团 Lv10]
2026-05-18 21:03:59,63249500208,小白很奈斯呦,10,7658,[等级25],[粉丝团 Lv12]
2026-05-18 21:04:00,71234380285,惜月,10,7716,[等级12],[粉丝团 Lv12]
2026-05-18 21:04:00,1983122875891564,啦啦猪,9,7716,[等级14],[粉丝团 Lv10]
2026-05-18 21:04:02,63249500208,小白很奈斯呦,9,7756,[等级25],[粉丝团 Lv12]
2026-05-18 21:04:02,2448287037,ヾ茶凉酒寒,9,7767,[等级10],[粉丝团 Lv10]
2026-05-18 21:04:02,94989463972,小泽  338心1→①,11,7805,[等级7],[粉丝团 Lv3]
2026-05-18 21:04:02,1983122875891564,啦啦猪,10,7805,[等级14],[粉丝团 Lv10]
2026-05-18 21:04:03,63249500208,小白很奈斯呦,10,7833,[等级25],[粉丝团 Lv12]
2026-05-18 21:04:04,2448287037,ヾ茶凉酒寒,10,7859,[等级10],[粉丝团 Lv10]
2026-05-18 21:04:04,1081511776105534,宇凡,7,7893,[等级13],[粉丝团 Lv10]
2026-05-18 21:04:04,94989463972,小泽  338心1→①,13,7893,[等级7],[粉丝团 Lv3]
2026-05-18 21:04:05,633779512675495,陈玉,11,7938,[等级13],[粉丝团 Lv10]
2026-05-18 21:04:05,63249500208,小白很奈斯呦,10,7946,[等级25],[粉丝团 Lv12]
2026-05-18 21:04:06,1983122875891564,啦啦猪,10,8001,[等级14],[粉丝团 Lv10]
2026-05-18 21:04:06,1081511776105534,宇凡,13,8001,[等级13],[粉丝团 Lv10]
2026-05-18 21:04:07,4026837523771867,回见美发官方号,2,8045,[等级3],
2026-05-18 21:04:07,110562923141,Ning光满溢,1,8045,[等级1],
2026-05-18 21:04:08,1081511776105534,宇凡,11,8114,[等级13],[粉丝团 Lv10]
2026-05-18 21:04:08,87872643486,念念不忘,12,8114,[等级21],[粉丝团 Lv11]
2026-05-18 21:04:09,63249500208,小白很奈斯呦,10,8169,[等级25],[粉丝团 Lv12]
2026-05-18 21:04:10,2448287037,ヾ茶凉酒寒,9,8181,[等级10],[粉丝团 Lv10]
2026-05-18 21:04:10,87872643486,念念不忘,12,8226,[等级21],[粉丝团 Lv11]
2026-05-18 21:04:10,94989463972,小泽  338心1→①,7,8226,[等级7],[粉丝团 Lv3]
2026-05-18 21:04:11,96700684656,擒贼先擒王先生,2,8257,[等级11],
2026-05-18 21:04:12,2448287037,ヾ茶凉酒寒,9,8287,[等级10],[粉丝团 Lv10]
2026-05-18 21:04:12,71234380285,惜月,8,8353,[等级12],[粉丝团 Lv12]
2026-05-18 21:04:12,1081511776105534,宇凡,12,8353,[等级13],[粉丝团 Lv10]
2026-05-18 21:04:14,63249500208,小白很奈斯呦,10,8394,[等级25],[粉丝团 Lv12]
2026-05-18 21:04:14,2448287037,ヾ茶凉酒寒,10,8421,[等级10],[粉丝团 Lv10]
2026-05-18 21:04:14,71234380285,惜月,13,8473,[等级12],[粉丝团 Lv12]
2026-05-18 21:04:14,93595945883,恐高人士,10,8473,[等级28],[粉丝团 Lv9]
2026-05-18 21:04:16,63249500208,小白很奈斯呦,10,8518,[等级25],[粉丝团 Lv12]
2026-05-18 21:04:16,2448287037,ヾ茶凉酒寒,9,8555,[等级10],[粉丝团 Lv10]
2026-05-18 21:04:16,71234380285,惜月,11,8587,[等级12],[粉丝团 Lv12]
2026-05-18 21:04:16,108765670613,都市隶人啵唧小桃,5,8587,[等级13],[粉丝团 Lv10]
2026-05-18 21:04:17,116989961990570,喜欢一个人,10,8659,[等级12],[粉丝团 Lv10]
2026-05-18 21:04:18,63249500208,小白很奈斯呦,9,8659,[等级25],[粉丝团 Lv12]
2026-05-18 21:04:18,93595945883,恐高人士,11,8737,[等级28],[粉丝团 Lv9]
2026-05-18 21:04:18,2013925377846676,haiiiyana,5,8737,[等级13],
2026-05-18 21:04:19,116989961990570,喜欢一个人,7,8787,[等级12],[粉丝团 Lv10]
2026-05-18 21:04:19,633779512675495,陈玉,11,8801,[等级13],[粉丝团 Lv10]
2026-05-18 21:04:20,1081511776105534,宇凡,13,8896,[等级13],[粉丝团 Lv10]
2026-05-18 21:04:20,93595945883,恐高人士,9,8896,[等级28],[粉丝团 Lv9]
2026-05-18 21:04:21,116989961990570,喜欢一个人,1,8926,[等级12],[粉丝团 Lv10]
2026-05-18 21:04:22,2448287037,ヾ茶凉酒寒,9,8967,[等级10],[粉丝团 Lv10]
2026-05-18 21:04:22,1081511776105534,宇凡,13,9039,[等级13],[粉丝团 Lv10]
2026-05-18 21:04:22,76326282582,孩儿他爹,13,9049,[等级12],[粉丝团 Lv10]
2026-05-18 21:04:23,116989961990570,喜欢一个人,12,9105,[等级12],[粉丝团 Lv10]
2026-05-18 21:04:23,70388848694,💋妞妞姐姐（宠小白版）,3,9105,[等级45],[粉丝团:张君雅 Lv20]
2026-05-18 21:04:24,1081511776105534,宇凡,12,9195,[等级13],[粉丝团 Lv10]
2026-05-18 21:04:24,71234380285,惜月,12,9195,[等级12],[粉丝团 Lv12]
2026-05-18 21:04:25,116989961990570,喜欢一个人,10,9247,[等级12],[粉丝团 Lv10]
2026-05-18 21:04:26,92705481023,五月feng,1,9285,[等级27],[粉丝团 Lv5]
2026-05-18 21:04:26,87872643486,念念不忘,11,9344,[等级21],[粉丝团 Lv11]
2026-05-18 21:04:26,94989463972,小泽  338心1→①,5,9344,[等级7],[粉丝团 Lv3]
2026-05-18 21:04:27,116989961990570,喜欢一个人,10,9419,[等级12],[粉丝团 Lv10]
2026-05-18 21:04:28,92705481023,五月feng,7,9451,[等级27],[粉丝团 Lv5]
2026-05-18 21:04:28,97891471484,不锈钢配电箱,2,9508,[等级19],
2026-05-18 21:04:28,87872643486,念念不忘,12,9518,[等级21],[粉丝团 Lv11]
2026-05-18 21:04:30,92705481023,五月feng,10,9622,[等级27],[粉丝团 Lv5]
2026-05-18 21:04:30,2448287037,ヾ茶凉酒寒,9,9628,[等级10],[粉丝团 Lv10]
2026-05-18 21:04:30,1081511776105534,宇凡,12,9670,[等级13],[粉丝团 Lv10]
2026-05-18 21:04:30,87872643486,念念不忘,11,9686,[等级21],[粉丝团 Lv11]
2026-05-18 21:04:32,2448287037,ヾ茶凉酒寒,9,9769,[等级10],[粉丝团 Lv10]
2026-05-18 21:04:32,92705481023,五月feng,10,9756,[等级27],[粉丝团 Lv5]
2026-05-18 21:04:32,94989463972,小泽  338心1→①,9,9812,[等级7],[粉丝团 Lv3]
2026-05-18 21:04:32,1081511776105534,宇凡,12,9812,[等级13],[粉丝团 Lv10]
2026-05-18 21:04:33,116989961990570,喜欢一个人,9,9857,[等级12],[粉丝团 Lv10]
2026-05-18 21:04:34,92705481023,五月feng,10,9893,[等级27],[粉丝团 Lv5]
2026-05-18 21:04:34,1081511776105534,宇凡,12,9960,[等级13],[粉丝团 Lv10]
2026-05-18 21:04:34,71234380285,惜月,11,9960,[等级12],[粉丝团 Lv12]
2026-05-18 21:04:36,92705481023,五月feng,10,10051,[等级27],[粉丝团 Lv5]
2026-05-18 21:04:36,2448287037,ヾ茶凉酒寒,9,10051,[等级10],[粉丝团 Lv10]
2026-05-18 21:04:36,71234380285,惜月,13,10114,[等级12],[粉丝团 Lv12]
2026-05-18 21:04:36,1081511776105534,宇凡,12,10114,[等级13],[粉丝团 Lv10]
2026-05-18 21:04:37,92705481023,五月feng,8,10196,[等级27],[粉丝团 Lv5]
2026-05-18 21:04:37,56076255513,苦菊,9,10217,[等级24],[粉丝团 Lv15]
2026-05-18 21:04:38,71234380285,惜月,12,10263,[等级12],[粉丝团 Lv12]
2026-05-18 21:04:38,2013925377846676,haiiiyana,9,10263,[等级13],
2026-05-18 21:04:39,92705481023,五月feng,10,10336,[等级27],[粉丝团 Lv5]
2026-05-18 21:04:39,2448287037,ヾ茶凉酒寒,10,10336,[等级10],[粉丝团 Lv10]
2026-05-18 21:04:40,71234380285,惜月,10,10404,[等级12],[粉丝团 Lv12]
2026-05-18 21:04:40,87872643486,念念不忘,11,10404,[等级21],[粉丝团 Lv11]
2026-05-18 21:04:41,116989961990570,喜欢一个人,10,10474,[等级12],[粉丝团 Lv10]
2026-05-18 21:04:41,92705481023,五月feng,9,10491,[等级27],[粉丝团 Lv5]
2026-05-18 21:04:42,71234380285,惜月,12,10574,[等级12],[粉丝团 Lv12]
2026-05-18 21:04:42,87872643486,念念不忘,11,10574,[等级21],[粉丝团 Lv11]
2026-05-18 21:04:43,67958615483,做装修的_（余）,9,10613,[等级34],[粉丝团 Lv15]
2026-05-18 21:04:43,83610648048,慢慢走.别急,2,10625,[等级16],[粉丝团 Lv5]
2026-05-18 21:04:44,2013925377846676,haiiiyana,7,10706,[等级13],
2026-05-18 21:04:44,59225851767,iiixxo,5,10706,[等级21],[粉丝团 Lv5]
2026-05-18 21:04:45,116989961990570,喜欢一个人,10,10741,[等级12],[粉丝团 Lv10]
2026-05-18 21:04:45,67958615483,做装修的_（余）,8,10751,[等级34],[粉丝团 Lv15]
2026-05-18 21:04:46,71234380285,惜月,12,10845,[等级12],[粉丝团 Lv12]
2026-05-18 21:04:46,1081511776105534,宇凡,13,10845,[等级13],[粉丝团 Lv10]
2026-05-18 21:04:47,116989961990570,喜欢一个人,9,10904,[等级12],[粉丝团 Lv10]
2026-05-18 21:04:47,67958615483,做装修的_（余）,9,10912,[等级34],[粉丝团 Lv15]
2026-05-18 21:04:48,1081511776105534,宇凡,12,10990,[等级13],[粉丝团 Lv10]
2026-05-18 21:04:48,59225851767,iiixxo,4,10990,[等级21],[粉丝团 Lv5]
2026-05-18 21:04:49,66650496559,～～,9,11029,[等级6],[粉丝团 Lv2]
2026-05-18 21:04:49,67958615483,做装修的_（余）,8,11029,[等级34],[粉丝团 Lv15]
2026-05-18 21:04:50,2093067748255504,@？～￥￥￥￥ycfx,15,11130,[等级13],[粉丝团 Lv13]
2026-05-18 21:04:50,71234380285,惜月,13,11130,[等级12],[粉丝团 Lv12]
2026-05-18 21:04:51,67958615483,做装修的_（余）,8,11186,[等级34],[粉丝团 Lv15]
2026-05-18 21:04:51,92705481023,五月feng,10,11197,[等级27],[粉丝团 Lv5]
2026-05-18 21:04:52,2093067748255504,@？～￥￥￥￥ycfx,15,11280,[等级13],[粉丝团 Lv13]
2026-05-18 21:04:52,1081511776105534,宇凡,12,11280,[等级13],[粉丝团 Lv10]
2026-05-18 21:04:53,116989961990570,喜欢一个人,9,11331,[等级12],[粉丝团 Lv10]
2026-05-18 21:04:53,101138818359,小鱼,11,11341,[等级34],[粉丝团 Lv15]
2026-05-18 21:04:54,59225851767,iiixxo,3,11447,[等级21],[粉丝团 Lv5]
2026-05-18 21:04:54,71234380285,惜月,12,11447,[等级12],[粉丝团 Lv12]
2026-05-18 21:04:55,116989961990570,喜欢一个人,9,11499,[等级12],[粉丝团 Lv10]
2026-05-18 21:04:55,67958615483,做装修的_（余）,9,11522,[等级34],[粉丝团 Lv15]
2026-05-18 21:04:56,64295642372,💞棉花糖💓,9,11609,[等级26],[粉丝团 Lv13]
2026-05-18 21:04:56,59225851767,iiixxo,6,11614,[等级21],[粉丝团 Lv5]
2026-05-18 21:04:57,116989961990570,喜欢一个人,10,11680,[等级12],[粉丝团 Lv10]
2026-05-18 21:04:57,67958615483,做装修的_（余）,9,11680,[等级34],[粉丝团 Lv15]
2026-05-18 21:04:58,64295642372,💞棉花糖💓,6,11765,[等级26],[粉丝团 Lv13]
2026-05-18 21:04:58,2093067748255504,@？～￥￥￥￥ycfx,15,11769,[等级13],[粉丝团 Lv13]
2026-05-18 21:04:59,66650496559,～～,5,11852,[等级6],[粉丝团 Lv2]
2026-05-18 21:04:59,66650496559,～～,9,11861,[等级6],[粉丝团 Lv2]
2026-05-18 21:05:00,2093067748255504,@？～￥￥￥￥ycfx,14,11931,[等级13],[粉丝团 Lv13]
2026-05-18 21:05:00,94989463972,小泽  338心1→①,11,11931,[等级7],[粉丝团 Lv3]
2026-05-18 21:05:01,116989961990570,喜欢一个人,2,11959,[等级12],[粉丝团 Lv10]
2026-05-18 21:05:01,67958615483,做装修的_（余）,8,11988,[等级34],[粉丝团 Lv15]
2026-05-18 21:05:02,59225851767,iiixxo,10,12058,[等级21],[粉丝团 Lv5]
2026-05-18 21:05:02,2093067748255504,@？～￥￥￥￥ycfx,14,12058,[等级13],[粉丝团 Lv13]
2026-05-18 21:05:03,67958615483,做装修的_（余）,9,12117,[等级34],[粉丝团 Lv15]
2026-05-18 21:05:04,72572454046,'HH.kun←\_←,13,12128,[等级16],[粉丝团 Lv10]
2026-05-18 21:05:04,2093067748255504,@？～￥￥￥￥ycfx,14,12177,[等级13],[粉丝团 Lv13]
2026-05-18 21:05:04,71234380285,惜月,11,12177,[等级12],[粉丝团 Lv12]
2026-05-18 21:05:05,67958615483,做装修的_（余）,8,12245,[等级34],[粉丝团 Lv15]
2026-05-18 21:05:06,77351779198,📔,7,12258,,
2026-05-18 21:05:06,2093067748255504,@？～￥￥￥￥ycfx,13,12319,[等级13],[粉丝团 Lv13]
2026-05-18 21:05:06,71234380285,惜月,13,12319,[等级12],[粉丝团 Lv12]
2026-05-18 21:05:07,85134135377,未语,9,12367,[等级22],[粉丝团 Lv13]
2026-05-18 21:05:07,92705481023,五月feng,6,12391,[等级27],[粉丝团 Lv5]
2026-05-18 21:05:08,2093067748255504,@？～￥￥￥￥ycfx,13,12450,[等级13],[粉丝团 Lv13]
2026-05-18 21:05:08,71234380285,惜月,10,12450,[等级12],[粉丝团 Lv12]
2026-05-18 21:05:09,85134135377,未语,10,12499,[等级22],[粉丝团 Lv13]
2026-05-18 21:05:09,67958615483,做装修的_（余）,9,12535,[等级34],[粉丝团 Lv15]
2026-05-18 21:05:10,71234380285,惜月,11,12600,[等级12],[粉丝团 Lv12]
2026-05-18 21:05:10,61599724334,李飘飘～,10,12600,[等级4],[粉丝团 Lv8]
2026-05-18 21:05:11,85134135377,未语,11,12662,[等级22],[粉丝团 Lv13]
2026-05-18 21:05:11,62862533944,酷酷的小仙女🎈,6,12682,[等级2],
2026-05-18 21:05:12,71234380285,惜月,12,12746,[等级12],[粉丝团 Lv12]
2026-05-18 21:05:12,61599724334,李飘飘～,10,12759,[等级4],[粉丝团 Lv8]
2026-05-18 21:05:13,85134135377,未语,11,12850,[等级22],[粉丝团 Lv13]
2026-05-18 21:05:13,62862533944,酷酷的小仙女🎈,13,12868,[等级2],
2026-05-18 21:05:14,71234380285,惜月,9,12927,[等级12],[粉丝团 Lv12]
2026-05-18 21:05:14,2093067748255504,@？～￥￥￥￥ycfx,14,12939,[等级13],[粉丝团 Lv13]
2026-05-18 21:05:15,85134135377,未语,10,13015,[等级22],[粉丝团 Lv13]
2026-05-18 21:05:15,62862533944,酷酷的小仙女🎈,1,13035,[等级2],
2026-05-18 21:05:16,59225851767,iiixxo,9,13107,[等级21],[粉丝团 Lv5]
2026-05-18 21:05:16,61599724334,李飘飘～,7,13107,[等级4],[粉丝团 Lv8]
2026-05-18 21:05:17,85134135377,未语,10,13149,[等级22],[粉丝团 Lv13]
2026-05-18 21:05:17,101138818359,小鱼,10,13183,[等级34],[粉丝团 Lv15]
2026-05-18 21:05:18,2093067748255504,@？～￥￥￥￥ycfx,14,13237,[等级13],[粉丝团 Lv13]
2026-05-18 21:05:18,61599724334,李飘飘～,1,13240,[等级4],[粉丝团 Lv8]
2026-05-18 21:05:19,519437177339150,人间过客^O^,4,13314,[等级16],[粉丝团 Lv9]
2026-05-18 21:05:19,101138818359,小鱼,12,13309,[等级34],[粉丝团 Lv15]
2026-05-18 21:05:20,108825768878,南山居士,5,13370,[等级1],
2026-05-18 21:05:20,108825768878,南山居士,6,13370,[等级1],
2026-05-18 21:05:21,101138818359,小鱼,10,13447,[等级34],[粉丝团 Lv15]
2026-05-18 21:05:21,519437177339150,人间过客^O^,12,13447,[等级16],[粉丝团 Lv9]
2026-05-18 21:05:22,2093067748255504,@？～￥￥￥￥ycfx,12,13487,[等级13],[粉丝团 Lv13]
2026-05-18 21:05:22,237088232449438,醉仙灵芙🌿,3,13487,[等级9],[粉丝团 Lv10]
2026-05-18 21:05:23,92705481023,五月feng,9,13564,[等级27],[粉丝团 Lv5]
2026-05-18 21:05:24,101138818359,小鱼,11,13563,[等级34],[粉丝团 Lv15]
2026-05-18 21:05:24,153524214704011,#,4,13607,,
2026-05-18 21:05:24,385289093649929,丁凯乐,1,13607,,
2026-05-18 21:05:25,62862533944,酷酷的小仙女🎈,9,13691,[等级2],[粉丝团 Lv1]
2026-05-18 21:05:26,92705481023,五月feng,9,13705,[等级27],[粉丝团 Lv5]
2026-05-18 21:05:26,2093067748255504,@？～￥￥￥￥ycfx,14,13747,[等级13],[粉丝团 Lv13]
2026-05-18 21:05:26,153524214704011,#,3,13747,,
2026-05-18 21:05:27,101138818359,小鱼,10,13794,[等级34],[粉丝团 Lv15]
2026-05-18 21:05:28,92705481023,五月feng,10,13821,[等级27],[粉丝团 Lv5]
2026-05-18 21:05:28,2093067748255504,@？～￥￥￥￥ycfx,12,13866,[等级13],[粉丝团 Lv13]
2026-05-18 21:05:28,87872643486,念念不忘,11,13866,[等级21],[粉丝团 Lv11]
2026-05-18 21:05:30,62862533944,酷酷的小仙女🎈,4,13917,[等级2],[粉丝团 Lv1]
2026-05-18 21:05:30,92705481023,五月feng,10,13927,[等级27],[粉丝团 Lv5]
2026-05-18 21:05:30,101138818359,小鱼,11,13971,[等级34],[粉丝团 Lv15]
2026-05-18 21:05:30,87872643486,念念不忘,11,13980,[等级21],[粉丝团 Lv11]
2026-05-18 21:05:32,101138818359,小鱼,10,14026,[等级34],[粉丝团 Lv15]
2026-05-18 21:05:32,62862533944,酷酷的小仙女🎈,1,14026,[等级2],[粉丝团 Lv1]
2026-05-18 21:05:32,2093067748255504,@？～￥￥￥￥ycfx,13,14078,[等级13],[粉丝团 Lv13]
2026-05-18 21:05:32,87872643486,念念不忘,11,14087,[等级21],[粉丝团 Lv11]
2026-05-18 21:05:34,101138818359,小鱼,11,14156,[等级34],[粉丝团 Lv15]
2026-05-18 21:05:34,62862533944,酷酷的小仙女🎈,5,14156,[等级2],[粉丝团 Lv1]
2026-05-18 21:05:34,2093067748255504,@？～￥￥￥￥ycfx,11,14195,[等级13],[粉丝团 Lv13]
2026-05-18 21:05:34,87872643486,念念不忘,11,14203,[等级21],[粉丝团 Lv11]
2026-05-18 21:05:35,101138818359,小鱼,11,14269,[等级34],[粉丝团 Lv15]
2026-05-18 21:05:35,62862533944,酷酷的小仙女🎈,12,14269,[等级2],[粉丝团 Lv1]
2026-05-18 21:05:36,87872643486,念念不忘,11,14317,[等级21],[粉丝团 Lv11]
2026-05-18 21:05:36,59225851767,iiixxo,9,14317,[等级21],[粉丝团 Lv5]
2026-05-18 21:05:37,101138818359,小鱼,10,14379,[等级34],[粉丝团 Lv15]
2026-05-18 21:05:37,92705481023,五月feng,10,14386,[等级27],[粉丝团 Lv5]
2026-05-18 21:05:38,65972743228,快乐,7,14417,[等级11],[粉丝团 Lv11]
2026-05-18 21:05:38,87872643486,念念不忘,11,14425,[等级21],[粉丝团 Lv11]
2026-05-18 21:05:40,92705481023,五月feng,10,14500,[等级27],[粉丝团 Lv5]
2026-05-18 21:05:40,101138818359,小鱼,10,14493,[等级34],[粉丝团 Lv15]
2026-05-18 21:05:40,2093067748255504,@？～￥￥￥￥ycfx,13,14535,[等级13],[粉丝团 Lv13]
2026-05-18 21:05:40,153524214704011,#,3,14542,,
2026-05-18 21:05:42,92705481023,五月feng,10,14617,[等级27],[粉丝团 Lv5]
2026-05-18 21:05:42,62862533944,酷酷的小仙女🎈,11,14617,[等级2],[粉丝团 Lv1]
2026-05-18 21:05:42,153524214704011,#,11,14661,,
2026-05-18 21:05:42,87872643486,念念不忘,12,14661,[等级21],[粉丝团 Lv11]
2026-05-18 21:05:43,101138818359,小鱼,10,14721,[等级34],[粉丝团 Lv15]
2026-05-18 21:05:43,92705481023,五月feng,10,14721,[等级27],[粉丝团 Lv5]
2026-05-18 21:05:44,766813466267082,爱吃🍊,1,14773,,
2026-05-18 21:05:44,153524214704011,#,9,14774,,
2026-05-18 21:05:45,101138818359,小鱼,11,14825,[等级34],[粉丝团 Lv15]
2026-05-18 21:05:45,92705481023,五月feng,9,14833,[等级27],[粉丝团 Lv5]
2026-05-18 21:05:46,766813466267082,爱吃🍊,1,14875,,
2026-05-18 21:05:46,816286998230441,单机使我快乐,1,14875,[等级25],
2026-05-18 21:05:47,92705481023,五月feng,9,14936,[等级27],[粉丝团 Lv5]
2026-05-18 21:05:47,3205814473469320,小旭？,12,14948,[等级7],
2026-05-18 21:05:48,2093067748255504,@？～￥￥￥￥ycfx,12,14975,[等级13],[粉丝团 Lv13]
2026-05-18 21:05:48,153524214704011,#,6,14982,,
2026-05-18 21:05:50,92705481023,五月feng,10,15042,[等级27],[粉丝团 Lv5]
2026-05-18 21:05:50,101138818359,小鱼,10,15042,[等级34],[粉丝团 Lv15]
2026-05-18 21:05:50,2093067748255504,@？～￥￥￥￥ycfx,13,15082,[等级13],[粉丝团 Lv13]
2026-05-18 21:05:50,153524214704011,#,8,15082,,
2026-05-18 21:05:51,63939613194,message,1,15134,[等级28],[粉丝团 Lv11]
2026-05-18 21:05:51,101138818359,小鱼,10,15134,[等级34],[粉丝团 Lv15]
2026-05-18 21:05:52,87872643486,念念不忘,11,15190,[等级21],[粉丝团 Lv11]
2026-05-18 21:05:52,153524214704011,#,7,15199,,
2026-05-18 21:05:53,101138818359,小鱼,10,15243,[等级34],[粉丝团 Lv15]
2026-05-18 21:05:53,92705481023,五月feng,10,15252,[等级27],[粉丝团 Lv5]
2026-05-18 21:05:54,2093067748255504,@？～￥￥￥￥ycfx,14,15310,[等级13],[粉丝团 Lv13]
2026-05-18 21:05:54,153524214704011,#,8,15319,,
2026-05-18 21:05:55,56076255513,苦菊,6,15373,[等级24],[粉丝团 Lv15]
2026-05-18 21:05:55,101138818359,小鱼,11,15373,[等级34],[粉丝团 Lv15]
2026-05-18 21:05:56,56076255513,苦菊,11,15453,[等级24],[粉丝团 Lv15]
2026-05-18 21:05:56,153524214704011,#,8,15453,,
2026-05-18 21:05:57,62862533944,酷酷的小仙女🎈,8,15512,[等级2],[粉丝团 Lv1]
2026-05-18 21:05:57,92705481023,五月feng,10,15512,[等级27],[粉丝团 Lv5]
2026-05-18 21:05:58,2093067748255504,@？～￥￥￥￥ycfx,13,15566,[等级13],[粉丝团 Lv13]
2026-05-18 21:05:58,65972743228,快乐,7,15566,[等级11],[粉丝团 Lv11]
2026-05-18 21:05:59,92705481023,五月feng,10,15622,[等级27],[粉丝团 Lv5]
2026-05-18 21:05:59,62862533944,酷酷的小仙女🎈,10,15629,[等级2],[粉丝团 Lv1]
2026-05-18 21:06:00,87872643486,念念不忘,11,15672,[等级21],[粉丝团 Lv11]
2026-05-18 21:06:00,2093067748255504,@？～￥￥￥￥ycfx,13,15672,[等级13],[粉丝团 Lv13]
2026-05-18 21:06:01,92705481023,五月feng,10,15723,[等级27],[粉丝团 Lv5]
2026-05-18 21:06:01,62862533944,酷酷的小仙女🎈,10,15731,[等级2],[粉丝团 Lv1]
2026-05-18 21:06:02,87872643486,念念不忘,10,15761,[等级21],[粉丝团 Lv11]
2026-05-18 21:06:03,153524214704011,#,7,15761,,
2026-05-18 21:06:03,92705481023,五月feng,10,15831,[等级27],[粉丝团 Lv5]
2026-05-18 21:06:03,62862533944,酷酷的小仙女🎈,9,15831,[等级2],[粉丝团 Lv1]
2026-05-18 21:06:04,2093067748255504,@？～￥￥￥￥ycfx,12,15879,[等级13],[粉丝团 Lv13]
2026-05-18 21:06:04,87872643486,念念不忘,11,15879,[等级21],[粉丝团 Lv11]
2026-05-18 21:06:05,62862533944,酷酷的小仙女🎈,11,15936,[等级2],[粉丝团 Lv1]
2026-05-18 21:06:05,92705481023,五月feng,9,15936,[等级27],[粉丝团 Lv5]
2026-05-18 21:06:06,2093067748255504,@？～￥￥￥￥ycfx,13,15983,[等级13],[粉丝团 Lv13]
2026-05-18 21:06:06,87872643486,念念不忘,11,15983,[等级21],[粉丝团 Lv11]
2026-05-18 21:06:07,101138818359,小鱼,5,16029,[等级34],[粉丝团 Lv15]
2026-05-18 21:06:07,92705481023,五月feng,9,16037,[等级27],[粉丝团 Lv5]
2026-05-18 21:06:08,87872643486,念念不忘,11,16083,[等级21],[粉丝团 Lv11]
2026-05-18 21:06:09,153524214704011,#,7,16089,,
2026-05-18 21:06:09,92705481023,五月feng,10,16129,[等级27],[粉丝团 Lv5]
2026-05-18 21:06:09,62862533944,酷酷的小仙女🎈,9,16136,[等级2],[粉丝团 Lv1]
2026-05-18 21:06:10,87872643486,念念不忘,12,16186,[等级21],[粉丝团 Lv11]
2026-05-18 21:06:11,153524214704011,#,7,16195,,
2026-05-18 21:06:11,92705481023,五月feng,10,16255,[等级27],[粉丝团 Lv5]
2026-05-18 21:06:12,62862533944,酷酷的小仙女🎈,10,16255,[等级2],[粉丝团 Lv1]
2026-05-18 21:06:12,2093067748255504,@？～￥￥￥￥ycfx,12,16282,[等级13],[粉丝团 Lv13]
2026-05-18 21:06:13,87872643486,念念不忘,11,16300,[等级21],[粉丝团 Lv11]
2026-05-18 21:06:13,92705481023,五月feng,9,16371,[等级27],[粉丝团 Lv5]
2026-05-18 21:06:13,93211399408,边ༀ界,11,16377,[等级32],[粉丝团 Lv13]
2026-05-18 21:06:14,2093067748255504,@？～￥￥￥￥ycfx,14,16417,[等级13],[粉丝团 Lv13]
2026-05-18 21:06:14,87872643486,念念不忘,11,16424,[等级21],[粉丝团 Lv11]
2026-05-18 21:06:15,452620019045336,🍀、,11,16462,[等级11],[粉丝团 Lv10]
2026-05-18 21:06:15,92705481023,五月feng,10,16494,[等级27],[粉丝团 Lv5]
2026-05-18 21:06:16,2093067748255504,@？～￥￥￥￥ycfx,12,16523,[等级13],[粉丝团 Lv13]
2026-05-18 21:06:16,87872643486,念念不忘,11,16531,[等级21],[粉丝团 Lv11]
2026-05-18 21:06:17,110666097981,꧁༺阝东༻豆༺豆༻꧂,1,16561,[等级6],[粉丝团 Lv9]
2026-05-18 21:06:17,452620019045336,🍀、,11,16568,[等级11],[粉丝团 Lv10]
2026-05-18 21:06:18,65972743228,快乐,8,16644,[等级11],[粉丝团 Lv11]
2026-05-18 21:06:18,2093067748255504,@？～￥￥￥￥ycfx,12,16644,[等级13],[粉丝团 Lv13]
2026-05-18 21:06:19,452620019045336,🍀、,12,16695,[等级11],[粉丝团 Lv10]
2026-05-18 21:06:19,66650496559,～～,10,16715,[等级6],[粉丝团 Lv2]
2026-05-18 21:06:20,87872643486,念念不忘,11,16780,[等级21],[粉丝团 Lv11]
2026-05-18 21:06:20,2093067748255504,@？～￥￥￥￥ycfx,12,16780,[等级13],[粉丝团 Lv13]
2026-05-18 21:06:21,452620019045336,🍀、,11,16811,[等级11],[粉丝团 Lv10]
2026-05-18 21:06:21,92705481023,五月feng,10,16823,[等级27],[粉丝团 Lv5]
2026-05-18 21:06:22,2093067748255504,@？～￥￥￥￥ycfx,12,16871,[等级13],[粉丝团 Lv13]
2026-05-18 21:06:22,65972743228,快乐,7,16871,[等级11],[粉丝团 Lv11]
2026-05-18 21:06:23,452620019045336,🍀、,14,16938,[等级11],[粉丝团 Lv10]
2026-05-18 21:06:24,92705481023,五月feng,10,16949,[等级27],[粉丝团 Lv5]
2026-05-18 21:06:24,65972743228,快乐,7,17000,[等级11],[粉丝团 Lv11]
2026-05-18 21:06:24,87872643486,念念不忘,10,17000,[等级21],[粉丝团 Lv11]
2026-05-18 21:06:25,452620019045336,🍀、,3,17047,[等级11],[粉丝团 Lv10]
2026-05-18 21:06:25,108173846242,💞楠栀🇨🇳,1,17047,[等级14],
2026-05-18 21:06:26,72572454046,'HH.kun←\_←,13,17111,[等级16],[粉丝团 Lv10]
2026-05-18 21:06:26,2093067748255504,@？～￥￥￥￥ycfx,11,17130,[等级13],[粉丝团 Lv13]
2026-05-18 21:06:27,276691712739660,ℳ.晚风吹人醒꧔ꦿ᭄,1,17143,[等级4],
2026-05-18 21:06:27,452620019045336,🍀、,2,17163,[等级11],[粉丝团 Lv10]
2026-05-18 21:06:28,2093067748255504,@？～￥￥￥￥ycfx,14,17219,[等级13],[粉丝团 Lv13]
2026-05-18 21:06:28,87872643486,念念不忘,11,17228,[等级21],[粉丝团 Lv11]
2026-05-18 21:06:30,92705481023,五月feng,8,17270,[等级27],[粉丝团 Lv5]
2026-05-18 21:06:30,3205814473469320,小旭？,11,17311,[等级7],
2026-05-18 21:06:30,72572454046,'HH.kun←\_←,10,17321,[等级16],[粉丝团 Lv10]
2026-05-18 21:06:30,87872643486,念念不忘,11,17321,[等级21],[粉丝团 Lv11]
2026-05-18 21:06:31,110666097981,꧁༺阝东༻豆༺豆༻꧂,3,17355,[等级6],[粉丝团 Lv9]
2026-05-18 21:06:31,580173490030160,不正歪,3,17374,[等级1],[粉丝团 Lv5]
2026-05-18 21:06:32,65972743228,快乐,8,17424,[等级11],[粉丝团 Lv11]
2026-05-18 21:06:32,87872643486,念念不忘,11,17434,[等级21],[粉丝团 Lv11]
2026-05-18 21:06:34,92705481023,五月feng,10,17480,[等级27],[粉丝团 Lv5]
2026-05-18 21:06:34,3205814473469320,小旭？,12,17503,[等级7],
2026-05-18 21:06:34,87872643486,念念不忘,11,17517,[等级21],[粉丝团 Lv11]
2026-05-18 21:06:34,72572454046,'HH.kun←\_←,11,17526,[等级16],[粉丝团 Lv10]
2026-05-18 21:06:36,92705481023,五月feng,9,17570,[等级27],[粉丝团 Lv5]
2026-05-18 21:06:36,56076255513,苦菊,8,17588,[等级24],[粉丝团 Lv15]
2026-05-18 21:06:36,87872643486,念念不忘,11,17607,[等级21],[粉丝团 Lv11]
2026-05-18 21:06:37,66650496559,～～,8,17616,[等级6],[粉丝团 Lv2]
2026-05-18 21:06:38,92705481023,五月feng,9,17653,[等级27],[粉丝团 Lv5]
2026-05-18 21:06:38,56076255513,苦菊,8,17666,[等级24],[粉丝团 Lv15]
2026-05-18 21:06:38,87872643486,念念不忘,11,17677,[等级21],[粉丝团 Lv11]
2026-05-18 21:06:39,59225851767,iiixxo,9,17694,[等级21],[粉丝团 Lv5]
2026-05-18 21:06:40,92705481023,五月feng,8,17733,[等级27],[粉丝团 Lv5]
2026-05-18 21:06:40,56076255513,苦菊,8,17745,[等级24],[粉丝团 Lv15]
2026-05-18 21:06:40,87872643486,念念不忘,11,17756,[等级21],[粉丝团 Lv11]
2026-05-18 21:06:41,59225851767,iiixxo,9,17772,[等级21],[粉丝团 Lv5]
2026-05-18 21:06:42,92705481023,五月feng,8,17806,[等级27],[粉丝团 Lv5]
2026-05-18 21:06:42,56076255513,苦菊,8,17831,[等级24],[粉丝团 Lv15]
2026-05-18 21:06:42,2093067748255504,@？～￥￥￥￥ycfx,14,17842,[等级13],[粉丝团 Lv13]
2026-05-18 21:06:42,87872643486,念念不忘,11,17842,[等级21],[粉丝团 Lv11]
2026-05-18 21:06:43,452620019045336,🍀、,1,17886,[等级11],[粉丝团 Lv10]
2026-05-18 21:06:43,92705481023,五月feng,10,17886,[等级27],[粉丝团 Lv5]
2026-05-18 21:06:44,93659017604,清风与茶丶,10,17935,[等级21],
2026-05-18 21:06:44,2093067748255504,@？～￥￥￥￥ycfx,13,17935,[等级13],[粉丝团 Lv13]
2026-05-18 21:06:46,452620019045336,🍀、,4,17981,[等级11],[粉丝团 Lv10]
2026-05-18 21:06:46,92705481023,五月feng,10,17988,[等级27],[粉丝团 Lv5]
2026-05-18 21:06:46,2093067748255504,@？～￥￥￥￥ycfx,13,18016,[等级13],[粉丝团 Lv13]
2026-05-18 21:06:46,87872643486,念念不忘,11,18016,[等级21],[粉丝团 Lv11]
2026-05-18 21:06:48,452620019045336,🍀、,6,18059,[等级11],[粉丝团 Lv10]
2026-05-18 21:06:48,92705481023,五月feng,9,18059,[等级27],[粉丝团 Lv5]
2026-05-18 21:06:48,2093067748255504,@？～￥￥￥￥ycfx,12,18090,[等级13],[粉丝团 Lv13]
2026-05-18 21:06:48,65972743228,快乐,8,18090,[等级11],[粉丝团 Lv11]
2026-05-18 21:06:50,452620019045336,🍀、,11,18132,[等级11],[粉丝团 Lv10]
2026-05-18 21:06:50,92705481023,五月feng,8,18140,[等级27],[粉丝团 Lv5]
2026-05-18 21:06:50,87872643486,念念不忘,11,18174,[等级21],[粉丝团 Lv11]
2026-05-18 21:06:50,237088232449438,醉仙灵芙🌿,6,18193,[等级9],[粉丝团 Lv10]
2026-05-18 21:06:51,102735205551,🌞曜🌟辰,1,18238,[等级2],
2026-05-18 21:06:51,452620019045336,🍀、,9,18238,[等级11],[粉丝团 Lv10]
2026-05-18 21:06:52,87872643486,念念不忘,11,18273,[等级21],[粉丝团 Lv11]
2026-05-18 21:06:52,237088232449438,醉仙灵芙🌿,7,18284,[等级9],[粉丝团 Lv10]
2026-05-18 21:06:53,92705481023,五月feng,10,18314,[等级27],[粉丝团 Lv5]
2026-05-18 21:06:53,56076255513,苦菊,8,18332,[等级24],[粉丝团 Lv15]
2026-05-18 21:06:54,87872643486,念念不忘,12,18351,[等级21],[粉丝团 Lv11]
2026-05-18 21:06:54,237088232449438,醉仙灵芙🌿,7,18359,[等级9],[粉丝团 Lv10]
2026-05-18 21:06:55,452620019045336,🍀、,11,18420,[等级11],[粉丝团 Lv10]
2026-05-18 21:06:55,92705481023,五月feng,9,18410,[等级27],[粉丝团 Lv5]
2026-05-18 21:06:56,87872643486,念念不忘,11,18442,[等级21],[粉丝团 Lv11]
2026-05-18 21:06:57,105436165761,思忆,1,18450,[等级21],[粉丝团 Lv8]
2026-05-18 21:06:57,92705481023,五月feng,10,18485,[等级27],[粉丝团 Lv5]
2026-05-18 21:06:57,452620019045336,🍀、,4,18493,[等级11],[粉丝团 Lv10]
2026-05-18 21:06:58,87872643486,念念不忘,11,18515,[等级21],[粉丝团 Lv11]
2026-05-18 21:06:59,66650496559,～～,9,18524,[等级6],[粉丝团 Lv2]
2026-05-18 21:06:59,92705481023,五月feng,10,18554,[等级27],[粉丝团 Lv5]
2026-05-18 21:06:59,56076255513,苦菊,8,18574,[等级24],[粉丝团 Lv15]
2026-05-18 21:07:00,109089704140,博美柠茶Zzz,8,18592,[等级27],[粉丝团 Lv10]
2026-05-18 21:07:00,74306427900,Summer,12,18592,[等级7],
2026-05-18 21:07:01,85134135377,未语,10,18628,[等级22],[粉丝团 Lv13]
2026-05-18 21:07:01,92705481023,五月feng,9,18650,[等级27],[粉丝团 Lv5]
2026-05-18 21:07:02,87872643486,念念不忘,11,18681,[等级21],[粉丝团 Lv11]
2026-05-18 21:07:03,1711290803042755,安少,4,18689,,
2026-05-18 21:07:03,85134135377,未语,33,18745,[等级22],[粉丝团 Lv13]
2026-05-18 21:07:03,92705481023,五月feng,9,18752,[等级27],[粉丝团 Lv5]
2026-05-18 21:07:03,56076255513,苦菊,8,18767,[等级24],[粉丝团 Lv15]
2026-05-18 21:07:04,59191785508,明正地产潘潘--,1,18779,[等级12],[粉丝团 Lv10]
2026-05-18 21:07:04,87872643486,念念不忘,11,18779,[等级21],[粉丝团 Lv11]
2026-05-18 21:07:05,85134135377,未语,10,18820,[等级22],[粉丝团 Lv13]
2026-05-18 21:07:05,92705481023,五月feng,10,18835,[等级27],[粉丝团 Lv5]
2026-05-18 21:07:06,87872643486,念念不忘,11,18862,[等级21],[粉丝团 Lv11]
2026-05-18 21:07:07,66650496559,～～,8,18892,[等级6],[粉丝团 Lv2]
2026-05-18 21:07:07,85134135377,未语,10,18901,[等级22],[粉丝团 Lv13]
2026-05-18 21:07:07,92705481023,五月feng,9,18916,[等级27],[粉丝团 Lv5]
2026-05-18 21:07:08,74306427900,Summer,9,18948,[等级7],
2026-05-18 21:07:08,87872643486,念念不忘,12,18948,[等级21],[粉丝团 Lv11]
2026-05-18 21:07:09,4334708434407899,丘比特,3,18980,,
2026-05-18 21:07:09,85134135377,未语,10,18988,[等级22],[粉丝团 Lv13]
2026-05-18 21:07:09,92705481023,五月feng,27,18996,[等级27],[粉丝团 Lv5]
2026-05-18 21:07:09,56076255513,苦菊,8,18997,[等级24],[粉丝团 Lv15]
2026-05-18 21:07:10,109089704140,博美柠茶Zzz,1,19009,[等级27],[粉丝团 Lv10]
2026-05-18 21:07:10,87872643486,念念不忘,11,19009,[等级21],[粉丝团 Lv11]
2026-05-18 21:07:11,92705481023,五月feng,10,19080,[等级27],[粉丝团 Lv5]
2026-05-18 21:07:11,66650496559,～～,9,19080,[等级6],[粉丝团 Lv2]
2026-05-18 21:07:12,87872643486,念念不忘,33,19091,[等级21],[粉丝团 Lv11]
2026-05-18 21:07:13,97078399409,项钱看💰,6,19127,[等级14],
2026-05-18 21:07:14,56076255513,苦菊,8,19153,[等级24],[粉丝团 Lv15]
2026-05-18 21:07:14,87872643486,念念不忘,11,19153,[等级21],[粉丝团 Lv11]
2026-05-18 21:07:15,58535558438,ジ你唯愛办,36,19183,[等级15],[粉丝团 Lv2]
2026-05-18 21:07:16,65972743228,快乐,8,19203,[等级11],[粉丝团 Lv11]
2026-05-18 21:07:16,87872643486,念念不忘,12,19203,[等级21],[粉丝团 Lv11]
2026-05-18 21:07:17,86568130044,Nღingᰔᩚ,1,19245,[等级2],
2026-05-18 21:07:17,66650496559,～～,8,19252,[等级6],[粉丝团 Lv2]
2026-05-18 21:07:17,92705481023,五月feng,10,19252,[等级27],[粉丝团 Lv5]
2026-05-18 21:07:18,2946315483621007,杪諒,3,19283,[等级31],[粉丝团 Lv10]
2026-05-18 21:07:18,87872643486,念念不忘,33,19283,[等级21],[粉丝团 Lv11]
2026-05-18 21:07:19,56076255513,苦菊,10,19283,[等级24],[粉丝团 Lv15]
2026-05-18 21:07:19,92705481023,五月feng,10,19333,[等级27],[粉丝团 Lv5]
2026-05-18 21:07:20,56076255513,苦菊,5,19333,[等级24],[粉丝团 Lv15]
2026-05-18 21:07:20,87872643486,念念不忘,10,19343,[等级21],[粉丝团 Lv11]
2026-05-18 21:07:21,59225851767,iiixxo,11,19384,[等级21],[粉丝团 Lv5]
2026-05-18 21:07:21,58535558438,ジ你唯愛办,33,19384,[等级15],[粉丝团 Lv2]
2026-05-18 21:07:21,92705481023,五月feng,8,19400,[等级27],[粉丝团 Lv5]
2026-05-18 21:07:22,66650496559,～～,8,19411,[等级6],[粉丝团 Lv2]
2026-05-18 21:07:23,66650496559,～～,9,19458,[等级6],[粉丝团 Lv2]
2026-05-18 21:07:23,92705481023,五月feng,10,19478,[等级27],[粉丝团 Lv5]
2026-05-18 21:07:24,81917519655,(づ ●棟─● )づ,1,19489,,
2026-05-18 21:07:24,87872643486,念念不忘,33,19493,[等级21],[粉丝团 Lv11]
2026-05-18 21:07:25,92705481023,五月feng,10,19562,[等级27],[粉丝团 Lv5]
2026-05-18 21:07:26,66650496559,～～,6,19607,[等级6],[粉丝团 Lv2]
2026-05-18 21:07:27,756883496633111,小鱼,10,19617,[等级32],[粉丝团 Lv16]
2026-05-18 21:07:27,58535558438,ジ你唯愛办,12,19617,[等级15],[粉丝团 Lv2]
2026-05-18 21:07:29,92705481023,五月feng,9,19722,[等级27],[粉丝团 Lv5]
2026-05-18 21:07:30,96593638871,🐯,3,19737,[等级8],
2026-05-18 21:07:33,59225851767,iiixxo,11,19853,[等级21],[粉丝团 Lv5]
2026-05-18 21:07:33,58535558438,ジ你唯愛办,12,19853,[等级15],[粉丝团 Lv2]
2026-05-18 21:07:33,92705481023,五月feng,30,19860,[等级27],[粉丝团 Lv5]
2026-05-18 21:07:35,74306427900,Summer,5,19880,[等级7],
2026-05-18 21:07:35,92705481023,五月feng,8,19943,[等级27],[粉丝团 Lv5]
2026-05-18 21:07:36,58535558438,ジ你唯愛办,36,19968,[等级15],[粉丝团 Lv2]
2026-05-18 21:07:38,2946315483621007,杪諒,3,20061,[等级31],[粉丝团 Lv10]
2026-05-18 21:07:39,59225851767,iiixxo,30,20102,[等级21],[粉丝团 Lv5]
2026-05-18 21:07:42,74306427900,Summer,33,20238,[等级7],
2026-05-18 21:07:45,59225851767,iiixxo,30,20393,[等级21],[粉丝团 Lv5]
2026-05-18 21:07:48,56076255513,苦菊,8,20503,[等级24],[粉丝团 Lv15]
2026-05-18 21:07:49,74306427900,Summer,33,20534,[等级7],
2026-05-18 21:07:51,59225851767,iiixxo,27,20676,[等级21],[粉丝团 Lv5]
2026-05-18 21:07:54,87872643486,念念不忘,33,20792,[等级21],[粉丝团 Lv11]
2026-05-18 21:07:57,59225851767,iiixxo,33,20930,[等级21],[粉丝团 Lv5]
2026-05-18 21:08:00,87872643486,念念不忘,33,21042,[等级21],[粉丝团 Lv11]
2026-05-18 21:08:03,59225851767,iiixxo,30,21204,[等级21],[粉丝团 Lv5]
2026-05-18 21:08:06,87872643486,念念不忘,33,21319,[等级21],[粉丝团 Lv11]
2026-05-18 21:08:09,100711201636,海边,15,21471,[等级3],
2026-05-18 21:08:12,87872643486,念念不忘,33,21602,[等级21],[粉丝团 Lv11]
2026-05-18 21:08:16,59225851767,iiixxo,33,21733,[等级21],[粉丝团 Lv5]
2026-05-18 21:08:17,78139442155,壹玖,10,21829,[等级37],[粉丝团 Lv11]
2026-05-18 21:08:18,87872643486,念念不忘,33,21873,[等级21],[粉丝团 Lv11]
2026-05-18 21:08:21,59225851767,iiixxo,27,22025,[等级21],[粉丝团 Lv5]
2026-05-18 21:08:24,87872643486,念念不忘,30,22151,[等级21],[粉丝团 Lv11]
2026-05-18 21:08:27,59225851767,iiixxo,30,22313,[等级21],[粉丝团 Lv5]
2026-05-18 21:08:30,87872643486,念念不忘,33,22438,[等级21],[粉丝团 Lv11]
2026-05-18 21:08:33,382285959400620,毛豆有点甜,27,22572,[等级7],[粉丝团 Lv6]
2026-05-18 21:08:36,56076255513,苦菊,24,22699,[等级24],[粉丝团 Lv15]
2026-05-18 21:08:39,78139442155,壹玖,27,22849,[等级37],[粉丝团 Lv11]
2026-05-18 21:08:43,87872643486,念念不忘,33,22955,[等级21],[粉丝团 Lv11]
2026-05-18 21:08:45,92705481023,五月feng,30,23099,[等级27],[粉丝团 Lv5]
2026-05-18 21:08:49,87872643486,念念不忘,36,23271,[等级21],[粉丝团 Lv11]
2026-05-18 21:08:51,103608361587,雨夜！！！,27,23426,[等级39],[粉丝团 Lv10]
2026-05-18 21:08:55,87872643486,念念不忘,33,23595,[等级21],[粉丝团 Lv11]
2026-05-18 21:08:57,78139442155,壹玖,24,23772,[等级37],[粉丝团 Lv11]
2026-05-18 21:09:00,87872643486,念念不忘,33,23892,[等级21],[粉丝团 Lv11]
2026-05-18 21:09:04,92705481023,五月feng,30,24037,[等级27],[粉丝团 Lv5]
2026-05-18 21:09:06,87872643486,念念不忘,30,24149,[等级21],[粉丝团 Lv11]
2026-05-18 21:09:09,103608361587,雨夜！！！,12,24213,[等级39],[粉丝团 Lv10]
2026-05-18 21:09:12,87872643486,念念不忘,30,24308,[等级21],[粉丝团 Lv11]
2026-05-18 21:09:15,103608361587,雨夜！！！,15,24401,[等级39],[粉丝团 Lv10]
2026-05-18 21:09:18,87872643486,念念不忘,30,24502,[等级21],[粉丝团 Lv11]
2026-05-18 21:09:21,92705481023,五月feng,30,24603,[等级27],[粉丝团 Lv5]
2026-05-18 21:09:24,2388559434352679,怡,18,24680,[等级23],
2026-05-18 21:09:28,92705481023,五月feng,30,24800,[等级27],[粉丝团 Lv5]
2026-05-18 21:09:30,58535558438,ジ你唯愛办,36,24892,[等级15],[粉丝团 Lv2]
2026-05-18 21:09:34,103608361587,雨夜！！！,24,24997,[等级39],[粉丝团 Lv10]
2026-05-18 21:09:36,87872643486,念念不忘,30,25161,[等级21],[粉丝团 Lv11]
2026-05-18 21:09:39,103608361587,雨夜！！！,30,25276,[等级39],[粉丝团 Lv10]
2026-05-18 21:09:42,87872643486,念念不忘,33,25397,[等级21],[粉丝团 Lv11]
2026-05-18 21:09:45,382285959400620,毛豆有点甜,33,25490,[等级7],[粉丝团 Lv6]
2026-05-18 21:09:48,87872643486,念念不忘,30,25596,[等级21],[粉丝团 Lv11]
2026-05-18 21:09:51,103608361587,雨夜！！！,27,25714,[等级39],[粉丝团 Lv10]
2026-05-18 21:09:54,87872643486,念念不忘,33,25806,[等级21],[粉丝团 Lv11]
2026-05-18 21:09:57,103608361587,雨夜！！！,30,25899,[等级39],[粉丝团 Lv10]
2026-05-18 21:10:00,87872643486,念念不忘,33,25978,[等级21],[粉丝团 Lv11]
2026-05-18 21:10:03,103608361587,雨夜！！！,24,26076,[等级39],[粉丝团 Lv10]
2026-05-18 21:10:07,87872643486,念念不忘,33,26160,[等级21],[粉丝团 Lv11]
2026-05-18 21:10:10,56076255513,苦菊,24,26269,[等级24],[粉丝团 Lv15]
2026-05-18 21:10:13,87872643486,念念不忘,33,26343,[等级21],[粉丝团 Lv11]
2026-05-18 21:10:15,92705481023,五月feng,27,26414,[等级27],[粉丝团 Lv5]
2026-05-18 21:10:18,87872643486,念念不忘,36,26464,[等级21],[粉丝团 Lv11]
2026-05-18 21:10:21,103608361587,雨夜！！！,27,26534,[等级39],[粉丝团 Lv10]
2026-05-18 21:10:24,87872643486,念念不忘,33,26602,[等级21],[粉丝团 Lv11]
2026-05-18 21:10:27,103608361587,雨夜！！！,24,26708,[等级39],[粉丝团 Lv10]
2026-05-18 21:10:30,87872643486,念念不忘,33,26802,[等级21],[粉丝团 Lv11]
2026-05-18 21:10:33,382285959400620,毛豆有点甜,30,26944,[等级7],[粉丝团 Lv6]
2026-05-18 21:10:36,87872643486,念念不忘,33,27055,[等级21],[粉丝团 Lv11]
2026-05-18 21:10:39,103608361587,雨夜！！！,21,27181,[等级39],[粉丝团 Lv10]
2026-05-18 21:10:42,97552894117,桂林@仁杰,36,27292,[等级27],[粉丝团 Lv5]
2026-05-18 21:10:45,103608361587,雨夜！！！,3,27409,[等级39],[粉丝团 Lv10]
2026-05-18 21:10:48,87872643486,念念不忘,33,27540,[等级21],[粉丝团 Lv11]
2026-05-18 21:10:51,74306427900,Summer,3,27663,[等级7],
2026-05-18 21:10:54,87872643486,念念不忘,36,27771,[等级21],[粉丝团 Lv11]
2026-05-18 21:10:57,74306427900,Summer,30,27877,[等级7],
2026-05-18 21:11:00,87872643486,念念不忘,36,27945,[等级21],[粉丝团 Lv11]
2026-05-18 21:11:03,103608361587,雨夜！！！,24,28035,[等级39],[粉丝团 Lv10]
2026-05-18 21:11:06,87872643486,念念不忘,36,28110,[等级21],[粉丝团 Lv11]
2026-05-18 21:11:09,237088232449438,醉仙灵芙🌿,18,28198,[等级9],[粉丝团 Lv10]
2026-05-18 21:11:12,87872643486,念念不忘,36,28296,[等级21],[粉丝团 Lv11]
2026-05-18 21:11:15,237088232449438,醉仙灵芙🌿,15,28388,[等级9],[粉丝团 Lv10]
2026-05-18 21:11:18,87872643486,念念不忘,36,28489,[等级21],[粉丝团 Lv11]
2026-05-18 21:11:21,237088232449438,醉仙灵芙🌿,27,28602,[等级9],[粉丝团 Lv10]
2026-05-18 21:11:25,71929307815,野猫,6,28710,[等级6],
2026-05-18 21:11:27,2946315483621007,杪諒,12,28861,[等级31],[粉丝团 Lv10]
2026-05-18 21:11:30,71929307815,野猫,3,28996,[等级6],
2026-05-18 21:11:33,103608361587,雨夜！！！,21,29158,[等级39],[粉丝团 Lv10]
2026-05-18 21:11:36,726105018348880,鹿×,33,29316,[等级3],
2026-05-18 21:11:39,237088232449438,醉仙灵芙🌿,21,29442,[等级9],[粉丝团 Lv10]
2026-05-18 21:11:42,7628569499621360677,乖乖小白兔,3,29539,,
2026-05-18 21:11:45,111223345655,༺困的挣开眼༻,6,29715,[等级5],
2026-05-18 21:11:48,7628569499621360677,乖乖小白兔,6,29827,,
2026-05-18 21:11:51,101866172983,9528,6,29994,,
2026-05-18 21:11:54,7628569499621360677,乖乖小白兔,6,30103,,
2026-05-18 21:11:58,101866172983,9528,3,30280,,
2026-05-18 21:12:00,7628569499621360677,乖乖小白兔,15,30396,,
2026-05-18 21:12:04,237088232449438,醉仙灵芙🌿,12,30552,[等级9],[粉丝团 Lv10]
2026-05-18 21:12:07,109730116341,M丶,30,30677,[等级11],
2026-05-18 21:12:09,103608361587,雨夜！！！,24,30794,[等级39],[粉丝团 Lv10]
2026-05-18 21:12:13,7567403286325478437,日行一善积大德，日行多善积积大大德,30,30979,[等级10],[粉丝团 Lv10]
2026-05-18 21:12:15,103608361587,雨夜！！！,24,31091,[等级39],[粉丝团 Lv10]
2026-05-18 21:12:19,109730116341,M丶,27,31258,[等级11],
2026-05-18 21:12:21,92705481023,五月feng,30,31380,[等级27],[粉丝团 Lv5]
2026-05-18 21:12:25,7567403286325478437,日行一善积大德，日行多善积积大大德,27,31472,[等级10],[粉丝团 Lv10]
2026-05-18 21:12:27,7567403286325478437,日行一善积大德，日行多善积积大大德,27,31592,[等级10],[粉丝团 Lv10]
2026-05-18 21:12:31,7567403286325478437,日行一善积大德，日行多善积积大大德,24,31685,[等级10],[粉丝团 Lv10]
2026-05-18 21:12:33,1964147225146179,临,12,31790,,
2026-05-18 21:12:37,394079141639065,P90,27,31900,[等级2],[粉丝团 Lv2]
2026-05-18 21:12:39,103608361587,雨夜！！！,27,31990,[等级39],[粉丝团 Lv10]
2026-05-18 21:12:43,1513359007288603,什么鬼,30,32116,[等级16],
2026-05-18 21:12:46,103965755914,zhang·ᰔᩚ,12,32210,[等级9],[粉丝团 Lv7]
2026-05-18 21:12:49,7567403286325478437,日行一善积大德，日行多善积积大大德,27,32310,[等级10],[粉丝团 Lv10]
2026-05-18 21:12:51,103608361587,雨夜！！！,24,32394,[等级39],[粉丝团 Lv10]
2026-05-18 21:12:54,109730116341,M丶,36,32534,[等级11],
2026-05-18 21:12:57,103608361587,雨夜！！！,24,32620,[等级39],[粉丝团 Lv10]
2026-05-18 21:13:00,92541483367,流星奶黄包,27,32754,[等级13],[粉丝团 Lv2]
2026-05-18 21:13:03,103608361587,雨夜！！！,27,32867,[等级39],[粉丝团 Lv10]
2026-05-18 21:13:06,92541483367,流星奶黄包,27,33000,[等级13],[粉丝团 Lv2]
2026-05-18 21:13:09,103608361587,雨夜！！！,24,33130,[等级39],[粉丝团 Lv10]
2026-05-18 21:13:12,92541483367,流星奶黄包,30,33265,[等级13],[粉丝团 Lv2]
2026-05-18 21:13:15,101866172983,9528,3,33391,,
2026-05-18 21:13:18,92541483367,流星奶黄包,30,33477,[等级13],[粉丝团 Lv2]
2026-05-18 21:13:21,103608361587,雨夜！！！,24,33597,[等级39],[粉丝团 Lv10]
2026-05-18 21:13:24,92541483367,流星奶黄包,18,33682,[等级13],[粉丝团 Lv2]
2026-05-18 21:13:27,92705481023,五月feng,27,33781,[等级27],[粉丝团 Lv5]
2026-05-18 21:13:31,7567403286325478437,日行一善积大德，日行多善积积大大德,24,33867,[等级10],[粉丝团 Lv10]
2026-05-18 21:13:33,103608361587,雨夜！！！,27,33925,[等级39],[粉丝团 Lv10]
2026-05-18 21:13:37,7567403286325478437,日行一善积大德，日行多善积积大大德,24,34062,[等级10],[粉丝团 Lv10]
2026-05-18 21:13:39,103608361587,雨夜！！！,27,34141,[等级39],[粉丝团 Lv10]
2026-05-18 21:13:43,7567403286325478437,日行一善积大德，日行多善积积大大德,27,34252,[等级10],[粉丝团 Lv10]
2026-05-18 21:13:45,92705481023,五月feng,27,34319,[等级27],[粉丝团 Lv5]
2026-05-18 21:13:48,7567403286325478437,日行一善积大德，日行多善积积大大德,21,34365,[等级10],[粉丝团 Lv10]
2026-05-18 21:13:51,92705481023,五月feng,27,34417,[等级27],[粉丝团 Lv5]
2026-05-18 21:13:54,74306427900,Summer,6,34455,[等级7],
2026-05-18 21:13:58,92705481023,五月feng,30,34524,[等级27],[粉丝团 Lv5]
2026-05-18 21:14:00,74306427900,Summer,24,34572,[等级7],
2026-05-18 21:14:04,91668143786,斑小马,12,34642,[等级1],
2026-05-18 21:14:06,74306427900,Summer,30,34693,[等级7],
2026-05-18 21:14:09,103608361587,雨夜！！！,9,34748,[等级39],[粉丝团 Lv10]
2026-05-18 21:14:12,92541483367,流星奶黄包,6,34826,[等级13],[粉丝团 Lv2]
2026-05-18 21:14:15,92705481023,五月feng,30,34925,[等级27],[粉丝团 Lv5]
2026-05-18 21:14:18,74306427900,Summer,24,34989,[等级7],
2026-05-18 21:14:21,103608361587,雨夜！！！,18,35066,[等级39],[粉丝团 Lv10]
2026-05-18 21:14:24,74306427900,Summer,24,35154,[等级7],
2026-05-18 21:14:28,103608361587,雨夜！！！,12,35245,[等级39],[粉丝团 Lv10]
2026-05-18 21:14:30,74306427900,Summer,9,35312,[等级7],
2026-05-18 21:14:33,103608361587,雨夜！！！,15,35391,[等级39],[粉丝团 Lv10]
2026-05-18 21:14:36,74306427900,Summer,21,35505,[等级7],
2026-05-18 21:14:39,103608361587,雨夜！！！,24,35589,[等级39],[粉丝团 Lv10]
2026-05-18 21:14:43,74306427900,Summer,30,35691,[等级7],
2026-05-18 21:14:45,103608361587,雨夜！！！,21,35782,[等级39],[粉丝团 Lv10]
2026-05-18 21:14:49,74306427900,Summer,21,35864,[等级7],
2026-05-18 21:14:51,103608361587,雨夜！！！,24,35920,[等级39],[粉丝团 Lv10]
2026-05-18 21:14:54,74306427900,Summer,24,35981,[等级7],
2026-05-18 21:14:57,94078518589,对方正在输入,6,36038,[等级10],
2026-05-18 21:15:00,74306427900,Summer,33,36104,[等级7],
2026-05-18 21:15:03,85008536964,喵王饶命,6,36173,[等级29],
2026-05-18 21:15:06,74306427900,Summer,27,36253,[等级7],
2026-05-18 21:15:09,866887524942351,俞辞℘,30,36346,[等级7],[粉丝团 Lv4]
2026-05-18 21:15:12,2946315483621007,杪諒,12,36424,[等级31],[粉丝团 Lv10]
2026-05-18 21:15:15,866887524942351,俞辞℘,15,36514,[等级7],[粉丝团 Lv4]
2026-05-18 21:15:18,74306427900,Summer,27,36574,[等级7],
2026-05-18 21:15:22,676922019290750,C929-星星,3,36614,[等级15],
2026-05-18 21:15:24,74306427900,Summer,30,36657,[等级7],
2026-05-18 21:15:28,301720426260739,🐠鱼🐠🐠🐠🐠🐠🐠🐠🐠?,30,36737,[等级7],[粉丝团 Lv8]
2026-05-18 21:15:30,74306427900,Summer,30,36821,[等级7],
2026-05-18 21:15:34,676922019290750,C929-星星,3,36866,[等级15],
2026-05-18 21:15:37,77482817370,🍼,30,36934,[等级31],[粉丝团 Lv11]
2026-05-18 21:15:40,301720426260739,🐠鱼🐠🐠🐠🐠🐠🐠🐠🐠?,30,36983,[等级7],[粉丝团 Lv8]
2026-05-18 21:15:43,74306427900,Summer,27,37068,[等级7],
2026-05-18 21:15:45,1433406802234029,星尘,15,37131,[等级8],[粉丝团 Lv10]
2026-05-18 21:15:49,74306427900,Summer,39,37223,[等级7],
2026-05-18 21:15:51,1754461915855448,是山海！,27,37319,[等级14],[粉丝团 Lv8]
2026-05-18 21:15:55,74306427900,Summer,24,37383,[等级7],
2026-05-18 21:15:57,1433406802234029,星尘,6,37420,[等级8],[粉丝团 Lv10]
2026-05-18 21:16:01,74306427900,Summer,30,37507,[等级7],
2026-05-18 21:16:04,301720426260739,🐠鱼🐠🐠🐠🐠🐠🐠🐠🐠?,36,37565,[等级7],[粉丝团 Lv8]
2026-05-18 21:16:06,95039006744,超子,6,37627,[等级11],
2026-05-18 21:16:09,1433406802234029,星尘,12,37671,[等级8],[粉丝团 Lv10]
2026-05-18 21:16:13,7567403286325478437,日行一善积大德，日行多善积积大大德,24,37739,[等级10],[粉丝团 Lv10]
2026-05-18 21:16:16,301720426260739,🐠鱼🐠🐠🐠🐠🐠🐠🐠🐠?,36,37798,[等级7],[粉丝团 Lv8]
2026-05-18 21:16:18,7567403286325478437,日行一善积大德，日行多善积积大大德,27,37887,[等级10],[粉丝团 Lv10]
2026-05-18 21:16:21,98747859708,Mr.ma,3,37952,[等级16],[粉丝团 Lv10]
2026-05-18 21:16:24,70388848694,💋妞妞姐姐（宠小白版）,39,38001,[等级45],[粉丝团:张君雅 Lv20]
2026-05-18 21:16:28,866887524942351,俞辞℘,6,38061,[等级7],[粉丝团 Lv5]
2026-05-18 21:16:30,70388848694,💋妞妞姐姐（宠小白版）,33,38120,[等级45],[粉丝团:张君雅 Lv20]
2026-05-18 21:16:34,676922019290750,C929-星星,3,38156,[等级15],
2026-05-18 21:16:37,7567403286325478437,日行一善积大德，日行多善积积大大德,24,38180,[等级10],[粉丝团 Lv10]
2026-05-18 21:16:40,98615340038,霸道,3,38222,[等级5],
2026-05-18 21:16:43,7567403286325478437,日行一善积大德，日行多善积积大大德,27,38243,[等级10],[粉丝团 Lv10]
2026-05-18 21:16:46,79872083261,@丢了幸福的🐷,3,38264,[等级14],[粉丝团 Lv9]
2026-05-18 21:16:49,77351779198,📔,6,38303,,
2026-05-18 21:16:53,7567403286325478437,日行一善积大德，日行多善积积大大德,27,38369,[等级10],[粉丝团 Lv10]
2026-05-18 21:16:55,7567403286325478437,日行一善积大德，日行多善积积大大德,27,38406,[等级10],[粉丝团 Lv10]
2026-05-18 21:16:57,74306427900,Summer,21,38436,[等级7],
2026-05-18 21:17:01,7567403286325478437,日行一善积大德，日行多善积积大大德,27,38488,[等级10],[粉丝团 Lv10]
2026-05-18 21:17:03,3971860539116029,-小羊,3,38506,[等级5],[粉丝团 Lv2]
2026-05-18 21:17:07,7567403286325478437,日行一善积大德，日行多善积积大大德,27,38548,[等级10],[粉丝团 Lv10]
2026-05-18 21:17:10,2568057905493943,奕佑同学,36,38605,[等级27],[粉丝团 Lv14]
2026-05-18 21:17:12,1504581740672991,亦心丶,6,38635,[等级1],
2026-05-18 21:17:15,3971860539116029,-小羊,3,38705,[等级5],[粉丝团 Lv2]
2026-05-18 21:17:18,2568057905493943,奕佑同学,33,38835,[等级27],[粉丝团 Lv14]
2026-05-18 21:17:21,100711201636,海边,27,38935,[等级3],
2026-05-18 21:17:24,2568057905493943,奕佑同学,36,39060,[等级27],[粉丝团 Lv14]
2026-05-18 21:17:27,100711201636,海边,12,39134,[等级3],
2026-05-18 21:17:30,2568057905493943,奕佑同学,39,39230,[等级27],[粉丝团 Lv14]
2026-05-18 21:17:33,74306427900,Summer,30,39315,[等级7],
2026-05-18 21:17:36,2568057905493943,奕佑同学,36,39420,[等级27],[粉丝团 Lv14]
2026-05-18 21:17:39,74306427900,Summer,27,39519,[等级7],
2026-05-18 21:17:42,2568057905493943,奕佑同学,42,39633,[等级27],[粉丝团 Lv14]
2026-05-18 21:17:45,74306427900,Summer,27,39722,[等级7],
2026-05-18 21:17:48,2568057905493943,奕佑同学,36,39814,[等级27],[粉丝团 Lv14]
2026-05-18 21:17:51,74306427900,Summer,30,39906,[等级7],
2026-05-18 21:17:54,2568057905493943,奕佑同学,39,40009,[等级27],[粉丝团 Lv14]
2026-05-18 21:17:57,676922019290750,C929-星星,3,40066,[等级15],
2026-05-18 21:18:00,2568057905493943,奕佑同学,36,40144,[等级27],[粉丝团 Lv14]
2026-05-18 21:18:03,676922019290750,C929-星星,3,40205,[等级15],
2026-05-18 21:18:06,2568057905493943,奕佑同学,30,40286,[等级27],[粉丝团 Lv14]
2026-05-18 21:18:09,3606034372103192,空白 ᨳᤢ້໌ᮩᤣ,33,40343,[等级17],[粉丝团 Lv8]
2026-05-18 21:18:12,2568057905493943,奕佑同学,30,40426,[等级27],[粉丝团 Lv14]
2026-05-18 21:18:15,74306427900,Summer,30,40510,[等级7],
2026-05-18 21:18:18,101278244039,䲷雄？彭少。,3,40567,[等级26],[粉丝团 Lv4]
2026-05-18 21:18:21,74306427900,Summer,30,40652,[等级7],
2026-05-18 21:18:24,2568057905493943,奕佑同学,30,40703,[等级27],[粉丝团 Lv14]
2026-05-18 21:18:27,74306427900,Summer,33,40761,[等级7],
2026-05-18 21:18:30,2568057905493943,奕佑同学,30,40826,[等级27],[粉丝团 Lv14]
2026-05-18 21:18:34,74306427900,Summer,27,40892,[等级7],
2026-05-18 21:18:36,2568057905493943,奕佑同学,24,40938,[等级27],[粉丝团 Lv14]
2026-05-18 21:18:40,74306427900,Summer,27,41005,[等级7],
2026-05-18 21:18:42,2568057905493943,奕佑同学,30,41066,[等级27],[粉丝团 Lv14]
2026-05-18 21:18:46,74306427900,Summer,27,41126,[等级7],
2026-05-18 21:18:48,75126632329,我来摘棉花,3,41176,[等级14],[粉丝团 Lv11]
2026-05-18 21:18:51,98981664305,張先生🧍‍♂️,6,41240,[等级18],
2026-05-18 21:18:54,2568057905493943,奕佑同学,30,41341,[等级27],[粉丝团 Lv14]
2026-05-18 21:18:57,84363168563,-小刘忙,30,41466,[等级14],[粉丝团 Lv9]
2026-05-18 21:19:00,2568057905493943,奕佑同学,30,41612,[等级27],[粉丝团 Lv14]
2026-05-18 21:19:04,95573296238,Xcling 77,6,41712,[等级11],[粉丝团 Lv10]
2026-05-18 21:19:06,1530155757474296,玩鱼不养鱼,3,41826,[等级11],[粉丝团 Lv4]
2026-05-18 21:19:09,60539285303,偏偏是小羊,9,41927,[等级6],[粉丝团 Lv8]
2026-05-18 21:19:12,2568057905493943,奕佑同学,30,42046,[等级27],[粉丝团 Lv14]
2026-05-18 21:19:16,101895400649,一世一梦兮,12,42136,,
2026-05-18 21:19:18,1530155757474296,玩鱼不养鱼,24,42221,[等级11],[粉丝团 Lv4]
2026-05-18 21:19:21,83306683688,*。半夏微凉 *。,30,42312,[等级10],[粉丝团 Lv11]
2026-05-18 21:19:24,1530155757474296,玩鱼不养鱼,21,42407,[等级11],[粉丝团 Lv4]
2026-05-18 21:19:27,676922019290750,C929-星星,3,42480,[等级15],
2026-05-18 21:19:30,1530155757474296,玩鱼不养鱼,24,42552,[等级11],[粉丝团 Lv4]
2026-05-18 21:19:33,64295642372,💞棉花糖💓,3,42618,[等级26],[粉丝团 Lv13]
2026-05-18 21:19:36,59646917088,♠️,24,42665,[等级26],[粉丝团 Lv15]
2026-05-18 21:19:40,53136197759,𝗦·𝗝𝘂𝗻¹²𝗟𝗲𝗼𖠚ᐝ,21,42707,[等级28],[粉丝团 Lv15]
2026-05-18 21:19:42,59646917088,♠️,24,42716,[等级26],[粉丝团 Lv15]
2026-05-18 21:19:45,2946315483621007,杪諒,33,42753,[等级31],[粉丝团 Lv10]
2026-05-18 21:19:48,59646917088,♠️,3,42792,[等级26],[粉丝团 Lv15]
2026-05-18 21:19:51,98981664305,張先生🧍‍♂️,6,42829,[等级18],
2026-05-18 21:19:54,1767646315687197,小馫,33,42870,[等级13],[粉丝团 Lv12]
2026-05-18 21:19:57,77524292144,丞哥,27,42935,[等级5],[粉丝团 Lv2]
2026-05-18 21:20:01,382285959400620,毛豆有点甜,30,43009,[等级7],[粉丝团 Lv6]
2026-05-18 21:20:04,53136197759,𝗦·𝗝𝘂𝗻¹²𝗟𝗲𝗼𖠚ᐝ,27,43061,[等级28],[粉丝团 Lv15]
2026-05-18 21:20:06,1767646315687197,小馫,30,43091,[等级13],[粉丝团 Lv12]
2026-05-18 21:20:10,53136197759,𝗦·𝗝𝘂𝗻¹²𝗟𝗲𝗼𖠚ᐝ,27,43155,[等级28],[粉丝团 Lv15]
2026-05-18 21:20:14,53136197759,𝗦·𝗝𝘂𝗻¹²𝗟𝗲𝗼𖠚ᐝ,30,43208,[等级28],[粉丝团 Lv15]
2026-05-18 21:20:15,53136197759,𝗦·𝗝𝘂𝗻¹²𝗟𝗲𝗼𖠚ᐝ,27,43218,[等级28],[粉丝团 Lv15]
2026-05-18 21:20:19,53136197759,𝗦·𝗝𝘂𝗻¹²𝗟𝗲𝗼𖠚ᐝ,27,43240,[等级28],[粉丝团 Lv15]
2026-05-18 21:20:22,53136197759,𝗦·𝗝𝘂𝗻¹²𝗟𝗲𝗼𖠚ᐝ,30,43250,[等级28],[粉丝团 Lv15]
2026-05-18 21:20:24,541373002690733,li,3,43273,[等级5],[粉丝团 Lv7]
2026-05-18 21:20:27,91672187916,୧⍤⃝唯୧⍤⃝一,3,43286,[等级15],[粉丝团 Lv8]
2026-05-18 21:20:30,1530155757474296,玩鱼不养鱼,3,43310,[等级11],[粉丝团 Lv4]
2026-05-18 21:20:33,7503575797384873018,一南,27,43342,[等级3],[粉丝团 Lv8]
2026-05-18 21:20:36,3426538263427852,用户9229248005887,42,43395,[等级12],
2026-05-18 21:20:39,7503575797384873018,一南,36,43441,[等级3],[粉丝团 Lv8]
2026-05-18 21:20:43,7503575797384873018,一南,18,43518,[等级3],[粉丝团 Lv8]
2026-05-18 21:20:45,110666097981,꧁༺阝东༻豆༺豆༻꧂,6,43551,[等级6],[粉丝团 Lv9]
2026-05-18 21:20:48,1530155757474296,玩鱼不养鱼,18,43618,[等级11],[粉丝团 Lv4]
2026-05-18 21:20:52,176392914349309,陪我久¹点,30,43687,[等级2],[粉丝团 Lv4]
2026-05-18 21:20:54,69217678688,路路通,24,43727,[等级7],
2026-05-18 21:20:57,62409486451,把爱情给我锁死(退网),27,43792,[等级20],[粉丝团 Lv6]
2026-05-18 21:21:01,71126905166,抖音小肋手,30,43874,[等级11],[粉丝团 Lv10]
2026-05-18 21:21:04,176392914349309,陪我久¹点,30,43918,[等级2],[粉丝团 Lv4]
2026-05-18 21:21:07,110666097981,꧁༺阝东༻豆༺豆༻꧂,3,43958,[等级6],[粉丝团 Lv9]
2026-05-18 21:21:09,110666097981,꧁༺阝东༻豆༺豆༻꧂,24,44000,[等级6],[粉丝团 Lv9]
2026-05-18 21:21:13,1109845937758659,嘿嘿嘿,3,44067,[等级3],
2026-05-18 21:21:16,50480978308,晓锦,45,44144,[等级23],[粉丝团 Lv11]
2026-05-18 21:21:20,50480978308,晓锦,45,44238,[等级23],[粉丝团 Lv11]
2026-05-18 21:21:22,50480978308,晓锦,42,44276,[等级23],[粉丝团 Lv11]
2026-05-18 21:21:24,2782225270309235,问心,36,44369,[等级13],[粉丝团 Lv8]
2026-05-18 21:21:27,176392914349309,陪我久¹点,30,44439,[等级2],[粉丝团 Lv4]
2026-05-18 21:21:31,2782225270309235,问心,36,44510,[等级13],[粉丝团 Lv8]
2026-05-18 21:21:34,53136197759,𝗦·𝗝𝘂𝗻¹²𝗟𝗲𝗼𖠚ᐝ,30,44550,[等级28],[粉丝团 Lv15]
2026-05-18 21:21:37,2782225270309235,问心,27,44595,[等级13],[粉丝团 Lv8]
2026-05-18 21:21:39,4389701187024327,浪沧之水与世推移,3,44623,[等级2],[粉丝团 Lv4]
2026-05-18 21:21:43,2782225270309235,问心,27,44653,[等级13],[粉丝团 Lv8]
2026-05-18 21:21:46,53136197759,𝗦·𝗝𝘂𝗻¹²𝗟𝗲𝗼𖠚ᐝ,27,44683,[等级28],[粉丝团 Lv15]
2026-05-18 21:21:49,2782225270309235,问心,30,44711,[等级13],[粉丝团 Lv8]
2026-05-18 21:21:53,2782225270309235,问心,3,44719,[等级13],[粉丝团 Lv8]
2026-05-18 21:21:54,2146712559564574,林加一,6,44721,[等级28],[粉丝团 Lv6]
2026-05-18 21:21:59,2145888220228567,用户18054358,9,44728,[等级16],[粉丝团 Lv12]
2026-05-18 21:22:01,2145888220228567,用户18054358,15,44733,[等级16],[粉丝团 Lv12]
2026-05-18 21:22:07,59808197055,莫名其妙享清福,33,44744,[等级32],[粉丝团 Lv15]
2026-05-18 21:22:10,53136197759,𝗦·𝗝𝘂𝗻¹²𝗟𝗲𝗼𖠚ᐝ,12,44763,[等级28],[粉丝团 Lv15]
2026-05-18 21:22:12,71126905166,抖音小肋手,33,44809,[等级11],[粉丝团 Lv10]
2026-05-18 21:22:16,53136197759,𝗦·𝗝𝘂𝗻¹²𝗟𝗲𝗼𖠚ᐝ,12,44849,[等级28],[粉丝团 Lv15]
2026-05-18 21:22:19,756883496633111,小鱼,33,44917,[等级32],[粉丝团 Lv16]
2026-05-18 21:22:22,710724864472762,木空,27,44966,[等级16],[粉丝团 Lv13]
2026-05-18 21:22:24,3329743309776616,鲸游电竞 晋级赛 纯绿,3,45025,[等级8],[粉丝团 Lv1]
2026-05-18 21:22:28,96924693776,🍂♥🇨🇳❤️🍂,9,45096,[等级2],
2026-05-18 21:22:30,3329743309776616,鲸游电竞 晋级赛 纯绿,9,45117,[等级8],[粉丝团 Lv1]
2026-05-18 21:22:34,53136197759,𝗦·𝗝𝘂𝗻¹²𝗟𝗲𝗼𖠚ᐝ,30,45156,[等级28],[粉丝团 Lv15]
2026-05-18 21:22:37,756883496633111,小鱼,33,45200,[等级32],[粉丝团 Lv16]
2026-05-18 21:22:39,3105495683171277,我思故我在,12,45229,[等级4],[粉丝团 Lv2]
2026-05-18 21:22:42,99348431384,拉住半挂跑,9,45275,[等级14],[粉丝团 Lv2]
2026-05-18 21:22:45,3105495683171277,我思故我在,33,45340,[等级4],[粉丝团 Lv2]
2026-05-18 21:22:48,94362511572,遇见0721🌈,3,45381,[等级10],[粉丝团 Lv11]
2026-05-18 21:22:51,756883496633111,小鱼,30,45421,[等级32],[粉丝团 Lv16]
2026-05-18 21:22:55,756883496633111,小鱼,30,45471,[等级32],[粉丝团 Lv16]
2026-05-18 21:22:57,64174551233,六一儿童,3,45506,[等级7],
2026-05-18 21:23:00,3329743309776616,鲸游电竞 晋级赛 纯绿,6,45545,[等级8],[粉丝团 Lv1]
2026-05-18 21:23:03,71096652173,歌轶杳,33,45595,[等级31],
2026-05-18 21:23:06,82532873566,大鸡腿,33,45659,[等级26],
2026-05-18 21:23:09,71096652173,歌轶杳,33,45771,[等级31],
2026-05-18 21:23:12,101671737740,迟到的春天,12,45890,[等级14],[粉丝团 Lv11]
2026-05-18 21:23:15,4494416547425879,Coolk,6,46028,[等级21],[粉丝团 Lv2]
2026-05-18 21:23:19,103879673415,无所谓再来一次,15,46122,[等级18],[粉丝团 Lv6]
2026-05-18 21:23:21,103792752593,上善若水,3,46272,[等级32],
2026-05-18 21:23:24,98981664305,張先生🧍‍♂️,9,46364,[等级18],
2026-05-18 21:23:28,301720426260739,🐠鱼🐠🐠🐠🐠🐠🐠🐠🐠?,27,46490,[等级7],[粉丝团 Lv8]
2026-05-18 21:23:31,391864802884184,宠🌸,27,46581,[等级25],[粉丝团 Lv11]
2026-05-18 21:23:34,2977910733944259,苍海一声笑,36,46693,[等级14],[粉丝团 Lv6]
2026-05-18 21:23:37,391864802884184,宠🌸,24,46795,[等级25],[粉丝团 Lv11]
2026-05-18 21:23:39,2815169327824256,半张返程车票,9,46918,[等级2],[粉丝团 Lv2]
2026-05-18 21:23:42,3105495683171277,我思故我在,24,47037,[等级4],[粉丝团 Lv2]
2026-05-18 21:23:46,301720426260739,🐠鱼🐠🐠🐠🐠🐠🐠🐠🐠?,33,47207,[等级7],[粉丝团 Lv8]
2026-05-18 21:23:48,7612951911537198138,一条锦鲤游啊游～,27,47339,[等级6],[粉丝团 Lv3]
2026-05-18 21:23:51,7612951911537198138,一条锦鲤游啊游～,27,47498,[等级6],[粉丝团 Lv3]
2026-05-18 21:23:54,3105495683171277,我思故我在,27,47640,[等级4],[粉丝团 Lv2]
2026-05-18 21:23:58,7612951911537198138,一条锦鲤游啊游～,12,47848,[等级6],[粉丝团 Lv3]
2026-05-18 21:24:00,3105495683171277,我思故我在,27,47990,[等级4],[粉丝团 Lv2]
2026-05-18 21:24:03,7612951911537198138,一条锦鲤游啊游～,24,48203,[等级6],[粉丝团 Lv3]
2026-05-18 21:24:06,83306683688,*。半夏微凉 *。,30,48375,[等级10],[粉丝团 Lv11]
2026-05-18 21:24:09,93334768186,我不是伟人,3,48580,[等级7],
2026-05-18 21:24:12,83306683688,*。半夏微凉 *。,33,48722,[等级10],[粉丝团 Lv11]
2026-05-18 21:24:15,2738200465379367,用户4301848036571,3,48955,,
2026-05-18 21:24:18,83306683688,*。半夏微凉 *。,33,49128,[等级10],[粉丝团 Lv11]
2026-05-18 21:24:21,64295642372,💞棉花糖💓,6,49323,[等级26],[粉丝团 Lv13]
2026-05-18 21:24:24,83306683688,*。半夏微凉 *。,36,49458,[等级10],[粉丝团 Lv11]
2026-05-18 21:24:27,7888211981,人生海海,6,49639,[等级13],
2026-05-18 21:24:31,83306683688,*。半夏微凉 *。,33,49772,[等级10],[粉丝团 Lv11]
2026-05-18 21:24:34,2977910733944259,苍海一声笑,30,49915,[等级14],[粉丝团 Lv6]
2026-05-18 21:24:36,83306683688,*。半夏微凉 *。,33,50053,[等级10],[粉丝团 Lv11]
2026-05-18 21:24:40,2977910733944259,苍海一声笑,27,50182,[等级14],[粉丝团 Lv6]
2026-05-18 21:24:42,83306683688,*。半夏微凉 *。,3,50301,[等级10],[粉丝团 Lv11]
2026-05-18 21:24:45,382285959400620,毛豆有点甜,12,50428,[等级7],[粉丝团 Lv6]
2026-05-18 21:24:48,673323137631006,一点不慌张先生,3,50539,,
2026-05-18 21:24:51,391864802884184,宠🌸,27,50635,[等级25],[粉丝团 Lv11]
2026-05-18 21:24:54,3105495683171277,我思故我在,9,50781,[等级4],[粉丝团 Lv2]
2026-05-18 21:24:58,2977910733944259,苍海一声笑,30,50888,[等级14],[粉丝团 Lv6]
2026-05-18 21:25:00,3105495683171277,我思故我在,24,51037,[等级4],[粉丝团 Lv2]
2026-05-18 21:25:03,382285959400620,毛豆有点甜,30,51127,[等级7],[粉丝团 Lv6]
2026-05-18 21:25:06,2309442210895403,多加香菜,18,51262,[等级9],
2026-05-18 21:25:09,382285959400620,毛豆有点甜,30,51346,[等级7],[粉丝团 Lv6]
2026-05-18 21:25:12,3105495683171277,我思故我在,21,51500,[等级4],[粉丝团 Lv2]
2026-05-18 21:25:15,75311317473,吉雅,6,51587,[等级12],[粉丝团 Lv2]
2026-05-18 21:25:19,2309442210895403,多加香菜,27,51743,[等级9],
2026-05-18 21:25:21,2977910733944259,苍海一声笑,33,51828,[等级14],[粉丝团 Lv6]
2026-05-18 21:25:25,2309442210895403,多加香菜,27,51960,[等级9],
2026-05-18 21:25:27,2977910733944259,苍海一声笑,33,52051,[等级14],[粉丝团 Lv6]
2026-05-18 21:25:30,782465469271160,繁天,6,52163,[等级5],[粉丝团 Lv5]
2026-05-18 21:25:34,2977910733944259,苍海一声笑,33,52274,[等级14],[粉丝团 Lv6]
2026-05-18 21:25:37,96800023676,只要啤酒,33,52398,[等级32],[粉丝团 Lv5]
2026-05-18 21:25:39,585395258002987,禽兽时代,27,52515,[等级17],
2026-05-18 21:25:43,96800023676,只要啤酒,33,52672,[等级32],[粉丝团 Lv5]
2026-05-18 21:25:45,382285959400620,毛豆有点甜,30,52753,[等级7],[粉丝团 Lv6]
2026-05-18 21:25:48,96800023676,只要啤酒,33,52873,[等级32],[粉丝团 Lv5]
2026-05-18 21:25:52,64174551233,六一儿童,15,52950,[等级7],
2026-05-18 21:25:55,71096652173,歌轶杳,30,53054,[等级31],
2026-05-18 21:25:57,91616813169,七点兀,33,53252,[等级7],[粉丝团 Lv4]
2026-05-18 21:26:00,71096652173,歌轶杳,30,53395,[等级31],
2026-05-18 21:26:03,91616813169,七点兀,33,53582,[等级7],[粉丝团 Lv4]
2026-05-18 21:26:06,71096652173,歌轶杳,30,53721,[等级31],
2026-05-18 21:26:09,94078518589,对方正在输入,3,53861,[等级10],
2026-05-18 21:26:12,71096652173,歌轶杳,30,53982,[等级31],
2026-05-18 21:26:15,2814405101494927,和小彭岁岁年❤,3,54121,,
2026-05-18 21:26:18,102324402171,✨ོ 顾 名ོ✨,9,54302,[等级32],[粉丝团 Lv14]
2026-05-18 21:26:21,98981664305,張先生🧍‍♂️,9,54503,[等级18],
2026-05-18 21:26:24,97176068187,雅琪,15,54677,[等级16],[粉丝团 Lv13]
2026-05-18 21:26:27,64174551233,六一儿童,30,54857,[等级7],
2026-05-18 21:26:30,71096652173,歌轶杳,27,55001,[等级31],
2026-05-18 21:26:34,54742180725,第三瓶养乐多,3,55172,[等级15],[粉丝团 Lv11]
2026-05-18 21:26:36,3547502676544780,不讲李,27,55282,[等级5],[粉丝团 Lv1]
2026-05-18 21:26:39,382285959400620,毛豆有点甜,30,55444,[等级7],[粉丝团 Lv6]
2026-05-18 21:26:42,100595219540,Joemx-117,33,55640,[等级14],[粉丝团 Lv8]
2026-05-18 21:26:45,3105495683171277,我思故我在,24,55768,[等级4],[粉丝团 Lv2]
2026-05-18 21:26:48,3547502676544780,不讲李,6,55892,[等级5],[粉丝团 Lv1]
2026-05-18 21:26:51,54742180725,第三瓶养乐多,30,56037,[等级15],[粉丝团 Lv11]
2026-05-18 21:26:55,100595219540,Joemx-117,30,56143,[等级14],[粉丝团 Lv8]
2026-05-18 21:26:57,3105495683171277,我思故我在,15,56267,[等级4],[粉丝团 Lv2]
2026-05-18 21:27:01,100595219540,Joemx-117,30,56376,[等级14],[粉丝团 Lv8]
2026-05-18 21:27:03,3105495683171277,我思故我在,27,56493,[等级4],[粉丝团 Lv2]
2026-05-18 21:27:06,100595219540,Joemx-117,30,56608,[等级14],[粉丝团 Lv8]
2026-05-18 21:27:09,3105495683171277,我思故我在,24,56739,[等级4],[粉丝团 Lv2]
2026-05-18 21:27:12,100595219540,Joemx-117,24,56845,[等级14],[粉丝团 Lv8]
2026-05-18 21:27:15,3105495683171277,我思故我在,30,56971,[等级4],[粉丝团 Lv2]
2026-05-18 21:27:18,106727748421,别无所求@,39,57153,[等级30],[粉丝团 Lv11]
2026-05-18 21:27:21,3105495683171277,我思故我在,27,57263,[等级4],[粉丝团 Lv2]
2026-05-18 21:27:24,97176068187,雅琪,21,57450,[等级16],[粉丝团 Lv13]
2026-05-18 21:27:27,3105495683171277,我思故我在,33,57552,[等级4],[粉丝团 Lv2]
2026-05-18 21:27:30,53136197759,𝗦·𝗝𝘂𝗻¹²𝗟𝗲𝗼𖠚ᐝ,27,57661,[等级28],[粉丝团 Lv15]
2026-05-18 21:27:33,3105495683171277,我思故我在,27,57786,[等级4],[粉丝团 Lv2]
2026-05-18 21:27:36,72063702086,ABC,33,57906,[等级16],[粉丝团 Lv5]
2026-05-18 21:27:40,3105495683171277,我思故我在,30,58050,[等级4],[粉丝团 Lv2]
2026-05-18 21:27:42,72063702086,ABC,30,58174,[等级16],[粉丝团 Lv5]
2026-05-18 21:27:46,3105495683171277,我思故我在,27,58291,[等级4],[粉丝团 Lv2]
2026-05-18 21:27:48,72063702086,ABC,30,58425,[等级16],[粉丝团 Lv5]
2026-05-18 21:27:51,3105495683171277,我思故我在,27,58558,[等级4],[粉丝团 Lv2]
2026-05-18 21:27:54,81780019756,用星渲染夜得伤,30,58717,[等级24],[粉丝团 Lv10]
2026-05-18 21:27:57,3105495683171277,我思故我在,27,58862,[等级4],[粉丝团 Lv2]
2026-05-18 21:28:00,81780019756,用星渲染夜得伤,33,58968,[等级24],[粉丝团 Lv10]
2026-05-18 21:28:03,3105495683171277,我思故我在,27,59036,[等级4],[粉丝团 Lv2]
2026-05-18 21:28:06,81780019756,用星渲染夜得伤,33,59128,[等级24],[粉丝团 Lv10]
2026-05-18 21:28:09,96523524558,W♥ZJ,36,59242,[等级24],[粉丝团 Lv2]
2026-05-18 21:28:12,81780019756,用星渲染夜得伤,33,59355,[等级24],[粉丝团 Lv10]
2026-05-18 21:28:15,103591335296,礼,9,59470,[等级20],[粉丝团 Lv10]
2026-05-18 21:28:18,81780019756,用星渲染夜得伤,33,59602,[等级24],[粉丝团 Lv10]
2026-05-18 21:28:21,103591335296,礼,39,59755,[等级20],[粉丝团 Lv10]
2026-05-18 21:28:24,81780019756,用星渲染夜得伤,21,59875,[等级24],[粉丝团 Lv10]
2026-05-18 21:28:27,103591335296,礼,36,59981,[等级20],[粉丝团 Lv10]
2026-05-18 21:28:30,81780019756,用星渲染夜得伤,30,60079,[等级24],[粉丝团 Lv10]
2026-05-18 21:28:33,103591335296,礼,36,60185,[等级20],[粉丝团 Lv10]
2026-05-18 21:28:36,81780019756,用星渲染夜得伤,3,60299,[等级24],[粉丝团 Lv10]
2026-05-18 21:28:40,3105495683171277,我思故我在,30,60424,[等级4],[粉丝团 Lv2]
2026-05-18 21:28:42,81780019756,用星渲染夜得伤,33,60513,[等级24],[粉丝团 Lv10]
2026-05-18 21:28:45,71096652173,歌轶杳,27,60605,[等级31],
2026-05-18 21:28:48,4352346513737561,美式拉花,33,60748,[等级9],
2026-05-18 21:28:52,391864802884184,宠🌸,27,60875,[等级25],[粉丝团 Lv11]
2026-05-18 21:28:54,81780019756,用星渲染夜得伤,33,60984,[等级24],[粉丝团 Lv10]
2026-05-18 21:28:58,1807239114666904,·喵了个咪,30,61093,[等级20],[粉丝团 Lv15]
2026-05-18 21:29:00,2639302914745735,大明,18,61185,[等级15],[粉丝团 Lv12]
2026-05-18 21:29:04,1807239114666904,·喵了个咪,30,61288,[等级20],[粉丝团 Lv15]
2026-05-18 21:29:06,2639302914745735,大明,12,61374,[等级15],[粉丝团 Lv12]
2026-05-18 21:29:09,71096652173,歌轶杳,36,61475,[等级31],
2026-05-18 21:29:12,2639302914745735,大明,9,61571,[等级15],[粉丝团 Lv12]
2026-05-18 21:29:15,1807239114666904,·喵了个咪,27,61694,[等级20],[粉丝团 Lv15]
2026-05-18 21:29:18,2639302914745735,大明,9,61806,[等级15],[粉丝团 Lv12]
2026-05-18 21:29:21,71096652173,歌轶杳,33,61927,[等级31],
2026-05-18 21:29:24,2639302914745735,大明,15,62040,[等级15],[粉丝团 Lv12]
2026-05-18 21:29:27,71096652173,歌轶杳,30,62159,[等级31],
2026-05-18 21:29:30,2639302914745735,大明,15,62257,[等级15],[粉丝团 Lv12]
2026-05-18 21:29:33,71096652173,歌轶杳,30,62397,[等级31],
2026-05-18 21:29:37,2639302914745735,大明,24,62538,[等级15],[粉丝团 Lv12]
2026-05-18 21:29:39,1807239114666904,·喵了个咪,27,62670,[等级20],[粉丝团 Lv15]
2026-05-18 21:29:42,91616813169,七点兀,30,62792,[等级7],[粉丝团 Lv4]
2026-05-18 21:29:45,1807239114666904,·喵了个咪,30,62919,[等级20],[粉丝团 Lv15]
2026-05-18 21:29:49,2639302914745735,大明,21,63048,[等级15],[粉丝团 Lv12]
2026-05-18 21:29:51,1807239114666904,·喵了个咪,27,63173,[等级20],[粉丝团 Lv15]
2026-05-18 21:29:54,7634536216314332197,TmQi,18,63307,[等级4],[粉丝团 Lv5]
2026-05-18 21:29:57,1807239114666904,·喵了个咪,30,63446,[等级20],[粉丝团 Lv15]
2026-05-18 21:30:00,91616813169,七点兀,3,63563,[等级7],[粉丝团 Lv4]
2026-05-18 21:30:04,71096652173,歌轶杳,33,63671,[等级31],
2026-05-18 21:30:06,2639302914745735,大明,24,63783,[等级15],[粉丝团 Lv12]
2026-05-18 21:30:10,71096652173,歌轶杳,33,63933,[等级31],
2026-05-18 21:30:12,2639302914745735,大明,21,64098,[等级15],[粉丝团 Lv12]
2026-05-18 21:30:16,71096652173,歌轶杳,27,64238,[等级31],
2026-05-18 21:30:18,3105495683171277,我思故我在,30,64354,[等级4],[粉丝团 Lv2]
2026-05-18 21:30:22,71096652173,歌轶杳,15,64496,[等级31],
2026-05-18 21:30:24,3105495683171277,我思故我在,27,64606,[等级4],[粉丝团 Lv2]
2026-05-18 21:30:28,71096652173,歌轶杳,30,64746,[等级31],
2026-05-18 21:30:30,3105495683171277,我思故我在,27,64861,[等级4],[粉丝团 Lv2]
2026-05-18 21:30:34,676922019290750,C929-星星,3,64955,[等级15],
2026-05-18 21:30:36,2309442210895403,多加香菜,9,65058,[等级9],
2026-05-18 21:30:39,87056514384,HYG,3,65128,[等级7],
2026-05-18 21:30:42,3105495683171277,我思故我在,27,65227,[等级4],[粉丝团 Lv2]
2026-05-18 21:30:46,103608361587,雨夜！！！,21,65304,[等级39],[粉丝团 Lv10]
2026-05-18 21:30:48,3698398913367901,猪蹄,24,65378,[等级5],[粉丝团 Lv1]
2026-05-18 21:30:51,94976155577,昔友.,3,65457,[等级4],[粉丝团 Lv1]
2026-05-18 21:30:54,3698398913367901,猪蹄,30,65574,[等级5],[粉丝团 Lv1]
2026-05-18 21:30:57,77416951506,ら孤痞,18,65694,[等级37],[粉丝团 Lv17]
2026-05-18 21:31:00,3105495683171277,我思故我在,27,65838,[等级4],[粉丝团 Lv2]
2026-05-18 21:31:03,81780019756,用星渲染夜得伤,30,65937,[等级24],[粉丝团 Lv10]
2026-05-18 21:31:06,3105495683171277,我思故我在,27,66060,[等级4],[粉丝团 Lv2]
2026-05-18 21:31:09,17017143034,陌顾北,3,66149,[等级29],[粉丝团 Lv2]
2026-05-18 21:31:12,53136197759,𝗦·𝗝𝘂𝗻¹²𝗟𝗲𝗼𖠚ᐝ,9,66246,[等级28],[粉丝团 Lv15]
2026-05-18 21:31:15,2049934601756318,BBAYZ,6,66366,[等级11],[粉丝团 Lv10]
2026-05-18 21:31:18,3105495683171277,我思故我在,27,66508,[等级4],[粉丝团 Lv2]
2026-05-18 21:31:21,81780019756,用星渲染夜得伤,21,66605,[等级24],[粉丝团 Lv10]
2026-05-18 21:31:25,64981564926,垣泽,3,66774,[等级8],
2026-05-18 21:31:27,81780019756,用星渲染夜得伤,36,66907,[等级24],[粉丝团 Lv10]
2026-05-18 21:31:30,1616742101292714,张君雅的小黄瓜,6,67069,[等级2],[粉丝团 Lv6]
2026-05-18 21:31:33,81780019756,用星渲染夜得伤,33,67219,[等级24],[粉丝团 Lv10]
2026-05-18 21:31:36,3105495683171277,我思故我在,27,67353,[等级4],[粉丝团 Lv2]
2026-05-18 21:31:39,81780019756,用星渲染夜得伤,24,67448,[等级24],[粉丝团 Lv10]
2026-05-18 21:31:42,3105495683171277,我思故我在,27,67625,[等级4],[粉丝团 Lv2]
2026-05-18 21:31:45,585395258002987,禽兽时代,12,67717,[等级17],
2026-05-18 21:31:48,71096652173,歌轶杳,30,67839,[等级31],
2026-05-18 21:31:51,2458102176691848,堇年,24,67943,[等级13],[粉丝团 Lv10]
2026-05-18 21:31:55,53136197759,𝗦·𝗝𝘂𝗻¹²𝗟𝗲𝗼𖠚ᐝ,12,68029,[等级28],[粉丝团 Lv15]
2026-05-18 21:31:57,51569455313,人间🐸清醒,6,68179,[等级17],
2026-05-18 21:32:00,68115586503,@,3,68294,[等级4],
2026-05-18 21:32:04,103608361587,雨夜！！！,24,68372,[等级39],[粉丝团 Lv10]
2026-05-18 21:32:06,71096652173,歌轶杳,27,68452,[等级31],
2026-05-18 21:32:09,103608361587,雨夜！！！,24,68567,[等级39],[粉丝团 Lv10]
2026-05-18 21:32:12,71096652173,歌轶杳,30,68656,[等级31],
2026-05-18 21:32:16,3069447691043453,奇妙的夜,24,68817,[等级28],[粉丝团 Lv3]
2026-05-18 21:32:18,71096652173,歌轶杳,27,68933,[等级31],
2026-05-18 21:32:21,65142055034,春野,21,69113,[等级3],[粉丝团 Lv2]
2026-05-18 21:32:24,71096652173,歌轶杳,30,69209,[等级31],
2026-05-18 21:32:27,101866172983,9528,3,69347,,
2026-05-18 21:32:30,71096652173,歌轶杳,30,69451,[等级31],
2026-05-18 21:32:33,81780019756,用星渲染夜得伤,36,69590,[等级24],[粉丝团 Lv10]
2026-05-18 21:32:37,1616742101292714,张君雅的小黄瓜,12,69693,[等级2],[粉丝团 Lv6]
2026-05-18 21:32:39,103608361587,雨夜！！！,27,69802,[等级39],[粉丝团 Lv10]
2026-05-18 21:32:42,71096652173,歌轶杳,24,69877,[等级31],
2026-05-18 21:32:45,3105495683171277,我思故我在,3,69971,[等级4],[粉丝团 Lv2]
2026-05-18 21:32:49,71096652173,歌轶杳,30,70069,[等级31],
2026-05-18 21:32:51,3180214344757387,UIL NAIQ IUH,3,70135,[等级11],
2026-05-18 21:32:55,71096652173,歌轶杳,24,70203,[等级31],
2026-05-18 21:32:57,1842414906516782,琛琛,12,70286,[等级9],
2026-05-18 21:33:00,71096652173,歌轶杳,33,70363,[等级31],
2026-05-18 21:33:04,103608361587,雨夜！！！,24,70451,[等级39],[粉丝团 Lv10]
2026-05-18 21:33:06,71096652173,歌轶杳,12,70496,[等级31],
2026-05-18 21:33:09,2309442210895403,多加香菜,30,70561,[等级9],
2026-05-18 21:33:12,71096652173,歌轶杳,33,70619,[等级31],
2026-05-18 21:33:15,3737966600787709,乐成R,27,70687,[等级11],[粉丝团 Lv7]
2026-05-18 21:33:18,71096652173,歌轶杳,27,70797,[等级31],
2026-05-18 21:33:21,2309442210895403,多加香菜,27,70890,[等级9],
2026-05-18 21:33:24,71096652173,歌轶杳,30,70985,[等级31],
2026-05-18 21:33:27,3105495683171277,我思故我在,30,71077,[等级4],[粉丝团 Lv2]
2026-05-18 21:33:31,71096652173,歌轶杳,24,71174,[等级31],
2026-05-18 21:33:33,3105495683171277,我思故我在,30,71257,[等级4],[粉丝团 Lv2]
2026-05-18 21:33:36,3423199826810324,卡,18,71352,[等级15],[粉丝团 Lv3]
2026-05-18 21:33:39,3105495683171277,我思故我在,27,71456,[等级4],[粉丝团 Lv2]
2026-05-18 21:33:43,71096652173,歌轶杳,30,71541,[等级31],
2026-05-18 21:33:45,3105495683171277,我思故我在,27,71621,[等级4],[粉丝团 Lv2]
2026-05-18 21:33:49,71096652173,歌轶杳,27,71708,[等级31],
2026-05-18 21:33:51,3737966600787709,乐成R,24,71775,[等级11],[粉丝团 Lv7]
2026-05-18 21:33:54,3047482674388180,菜场在逃肥鸡,3,71851,[等级20],[粉丝团 Lv9]
2026-05-18 21:33:57,3105495683171277,我思故我在,27,71937,[等级4],[粉丝团 Lv2]
2026-05-18 21:34:01,71096652173,歌轶杳,21,72018,[等级31],
2026-05-18 21:34:03,3105495683171277,我思故我在,24,72128,[等级4],[粉丝团 Lv2]
2026-05-18 21:34:06,53136197759,𝗦·𝗝𝘂𝗻¹²𝗟𝗲𝗼𖠚ᐝ,27,72187,[等级28],[粉丝团 Lv15]
2026-05-18 21:34:09,3105495683171277,我思故我在,27,72308,[等级4],[粉丝团 Lv2]
2026-05-18 21:34:12,4138976788100819,独行﹒,6,72389,,
2026-05-18 21:34:15,3698398913367901,猪蹄,30,72512,[等级5],[粉丝团 Lv1]
2026-05-18 21:34:18,66772468877,满满金,27,72732,[等级15],[粉丝团 Lv11]
2026-05-18 21:34:21,3057102880251933,用户6483801355239,27,72960,[等级5],[粉丝团 Lv6]
2026-05-18 21:34:24,81780019756,用星渲染夜得伤,36,73191,[等级24],[粉丝团 Lv10]
2026-05-18 21:34:27,3698398913367901,猪蹄,24,73417,[等级5],[粉丝团 Lv1]
2026-05-18 21:34:30,81780019756,用星渲染夜得伤,33,73550,[等级24],[粉丝团 Lv10]
2026-05-18 21:34:33,1616742101292714,张君雅的小黄瓜,3,73698,[等级2],[粉丝团 Lv6]
2026-05-18 21:34:36,66772468877,满满金,30,73833,[等级15],[粉丝团 Lv11]
2026-05-18 21:34:39,1616742101292714,张君雅的小黄瓜,33,74000,[等级2],[粉丝团 Lv6]
2026-05-18 21:34:42,66772468877,满满金,24,74127,[等级15],[粉丝团 Lv11]
2026-05-18 21:34:45,2458102176691848,堇年,24,74330,[等级13],[粉丝团 Lv10]
2026-05-18 21:34:49,2639302914745735,大明,24,74517,[等级15],[粉丝团 Lv12]
2026-05-18 21:34:52,3449636689807929,zhao财喵uni.,3,74754,,
2026-05-18 21:34:54,2089537987944702,bob,30,74981,[等级4],
2026-05-18 21:34:57,3698398913367901,猪蹄,30,75311,[等级5],[粉丝团 Lv1]
2026-05-18 21:35:00,2639302914745735,大明,9,75559,[等级15],[粉丝团 Lv12]
2026-05-18 21:35:03,69373329862,故事兔,30,75843,[等级28],[粉丝团 Lv2]
2026-05-18 21:35:06,95560821468,๑•́₃•̀๑,3,76024,[等级17],
2026-05-18 21:35:09,73488341777,Zonda,15,76430,[等级18],[粉丝团 Lv4]
2026-05-18 21:35:12,92670008380,嗯嗯,45,76901,[等级23],[粉丝团 Lv6]
2026-05-18 21:35:15,71096652173,歌轶杳,21,77389,[等级31],
2026-05-18 21:35:18,100595219540,Joemx-117,21,77917,[等级14],[粉丝团 Lv8]
2026-05-18 21:35:21,7584690482769806385,小贤,3,78728,,
2026-05-18 21:35:24,100595219540,Joemx-117,24,80316,[等级14],[粉丝团 Lv8]
2026-05-18 21:35:27,77328782447,很小的时候我妈妈就告诉我名字越长越牛逼。,27,81777,[等级33],[粉丝团 Lv10]
2026-05-18 21:35:31,100595219540,Joemx-117,24,82954,[等级14],[粉丝团 Lv8]
2026-05-18 21:35:33,71754409296,酒伴到久伴,21,84141,[等级19],[粉丝团 Lv10]
2026-05-18 21:35:36,100595219540,Joemx-117,27,85228,[等级14],[粉丝团 Lv8]
2026-05-18 21:35:39,2559258277454052,超,36,86246,[等级18],[粉丝团 Lv8]
2026-05-18 21:35:42,110905185990,惜缘,3,87108,[等级7],[粉丝团 Lv5]
2026-05-18 21:35:45,77328782447,很小的时候我妈妈就告诉我名字越长越牛逼。,27,87869,[等级33],[粉丝团 Lv10]
2026-05-18 21:35:48,298685681638823,天生傲骨岂能输,12,88507,[等级2],
2026-05-18 21:35:51,92613220042,猫🐱,21,89336,[等级15],[粉丝团 Lv11]
2026-05-18 21:35:54,298685681638823,天生傲骨岂能输,33,90050,[等级2],
2026-05-18 21:35:57,62047442879,国,33,90854,[等级8],[粉丝团 Lv10]
2026-05-18 21:36:00,3437523415078937,曾先生,27,91526,[等级2],[粉丝团 Lv5]
2026-05-18 21:36:03,62047442879,国,33,92185,[等级8],[粉丝团 Lv10]
2026-05-18 21:36:06,100595219540,Joemx-117,21,92738,[等级14],[粉丝团 Lv8]
2026-05-18 21:36:09,71361466120,@太阳☀杰,18,93362,[等级15],
2026-05-18 21:36:12,92670008380,嗯嗯,39,93903,[等级23],[粉丝团 Lv6]
2026-05-18 21:36:15,77328782447,很小的时候我妈妈就告诉我名字越长越牛逼。,24,94596,[等级33],[粉丝团 Lv10]
2026-05-18 21:36:18,92670008380,嗯嗯,39,95022,[等级23],[粉丝团 Lv6]
2026-05-18 21:36:21,4222575221155246,＼樂／,30,95609,[等级9],[粉丝团 Lv10]
2026-05-18 21:36:24,95148093242,白含笑,24,96085,[等级18],[粉丝团 Lv14]
2026-05-18 21:36:27,3641178812594583,踟躇xin,36,96602,,
2026-05-18 21:36:30,3503497867967695,睡不着喝咖啡,15,96966,,
2026-05-18 21:36:34,7474393852690990138,飞扬,27,97425,,
2026-05-18 21:36:36,1279456675908423,叁嫂,24,97784,[等级12],
2026-05-18 21:36:39,1333022732588423,烟草味的情怀,39,98275,[等级3],[粉丝团 Lv5]
2026-05-18 21:36:42,22447737936,柔软的 Q 糖🍬🍬,27,98692,[等级7],
2026-05-18 21:36:45,66113949769,包子+﹌,27,99206,[等级21],[粉丝团 Lv10]
2026-05-18 21:36:48,197543158874872,º⁹¹³,3,99656,[等级16],
2026-05-18 21:36:51,66113949769,包子+﹌,30,100168,[等级21],[粉丝团 Lv10]
2026-05-18 21:36:54,69770072817,三哥,27,100663,[等级2],
2026-05-18 21:36:57,66113949769,包子+﹌,15,101121,[等级21],[粉丝团 Lv10]
2026-05-18 21:37:00,101074412540,彪哥,30,101581,[等级7],[粉丝团 Lv10]
2026-05-18 21:37:03,2093067748255504,@？～￥￥￥￥ycfx,42,102139,[等级13],[粉丝团 Lv13]
2026-05-18 21:37:06,110840489947,🌴🚕兵,15,102664,[等级32],[粉丝团 Lv6]
2026-05-18 21:37:09,81780019756,用星渲染夜得伤,36,103169,[等级24],[粉丝团 Lv10]
2026-05-18 21:37:12,69770072817,三哥,24,103578,[等级2],
2026-05-18 21:37:15,3688215106033316,秋拾捌.,27,104040,,
2026-05-18 21:37:18,108825768878,南山居士,33,104439,[等级1],
2026-05-18 21:37:21,81780019756,用星渲染夜得伤,33,104921,[等级24],[粉丝团 Lv10]
2026-05-18 21:37:24,1660701815348284,Aurora-,36,105283,[等级8],[粉丝团 Lv8]
2026-05-18 21:37:27,81780019756,用星渲染夜得伤,36,105676,[等级24],[粉丝团 Lv10]
2026-05-18 21:37:30,97643259813,冷泡,33,106053,[等级6],
2026-05-18 21:37:33,2093067748255504,@？～￥￥￥￥ycfx,33,106435,[等级13],[粉丝团 Lv13]
2026-05-18 21:37:36,1660701815348284,Aurora-,33,106743,[等级8],[粉丝团 Lv8]
2026-05-18 21:37:39,84721092134,砚,30,107072,[等级24],[粉丝团 Lv14]
2026-05-18 21:37:42,1660701815348284,Aurora-,39,107361,[等级8],[粉丝团 Lv8]
2026-05-18 21:37:45,109824285628,小子,36,107722,[等级25],
2026-05-18 21:37:48,1660701815348284,Aurora-,33,108042,[等级8],[粉丝团 Lv8]
2026-05-18 21:37:51,383061949164483,我布次蒜,15,108414,[等级15],[粉丝团 Lv10]
2026-05-18 21:37:54,22447737936,柔软的 Q 糖🍬🍬,30,108714,[等级7],
2026-05-18 21:37:57,2093067748255504,@？～￥￥￥￥ycfx,36,109062,[等级13],[粉丝团 Lv13]
2026-05-18 21:38:00,3698398913367901,猪蹄,21,109349,[等级5],[粉丝团 Lv1]
2026-05-18 21:38:03,2093067748255504,@？～￥￥￥￥ycfx,36,109654,[等级13],[粉丝团 Lv13]
2026-05-18 21:38:06,1660701815348284,Aurora-,36,109855,[等级8],[粉丝团 Lv8]
2026-05-18 21:38:09,2093067748255504,@？～￥￥￥￥ycfx,36,110159,[等级13],[粉丝团 Lv13]
2026-05-18 21:38:12,1660701815348284,Aurora-,36,110353,[等级8],[粉丝团 Lv8]
2026-05-18 21:38:15,71533879276,懒得起名字,36,110586,[等级15],[粉丝团 Lv8]
2026-05-18 21:38:18,1660701815348284,Aurora-,36,110773,[等级8],[粉丝团 Lv8]
2026-05-18 21:38:21,58849526523,- 空白 ゝ,30,111005,[等级3],[粉丝团 Lv4]
2026-05-18 21:38:24,1660701815348284,Aurora-,36,111196,[等级8],[粉丝团 Lv8]
2026-05-18 21:38:27,2093067748255504,@？～￥￥￥￥ycfx,42,111455,[等级13],[粉丝团 Lv13]
2026-05-18 21:38:30,1660701815348284,Aurora-,36,111654,[等级8],[粉丝团 Lv8]
2026-05-18 21:38:33,2093067748255504,@？～￥￥￥￥ycfx,42,111913,[等级13],[粉丝团 Lv13]
2026-05-18 21:38:36,1660701815348284,Aurora-,36,112079,[等级8],[粉丝团 Lv8]
2026-05-18 21:38:39,2093067748255504,@？～￥￥￥￥ycfx,39,112317,[等级13],[粉丝团 Lv13]
2026-05-18 21:38:42,1660701815348284,Aurora-,39,112479,[等级8],[粉丝团 Lv8]
2026-05-18 21:38:45,71533879276,懒得起名字,36,112673,[等级15],[粉丝团 Lv8]
2026-05-18 21:38:48,1660701815348284,Aurora-,36,112837,[等级8],[粉丝团 Lv8]
2026-05-18 21:38:51,2309442210895403,多加香菜,3,113009,[等级9],
2026-05-18 21:38:54,1660701815348284,Aurora-,33,113170,[等级8],[粉丝团 Lv8]
2026-05-18 21:38:57,2093067748255504,@？～￥￥￥￥ycfx,39,113327,[等级13],[粉丝团 Lv13]
2026-05-18 21:39:00,1660701815348284,Aurora-,36,113447,[等级8],[粉丝团 Lv8]
2026-05-18 21:39:03,2309442210895403,多加香菜,21,113613,[等级9],
2026-05-18 21:39:06,3663228569664605,天空无云,36,113753,[等级15],[粉丝团 Lv11]
2026-05-18 21:39:09,2309442210895403,多加香菜,21,113878,[等级9],
2026-05-18 21:39:12,1660701815348284,Aurora-,36,113963,[等级8],[粉丝团 Lv8]
2026-05-18 21:39:15,2309442210895403,多加香菜,24,114107,[等级9],
2026-05-18 21:39:18,1660701815348284,Aurora-,36,114228,[等级8],[粉丝团 Lv8]
2026-05-18 21:39:21,71533879276,懒得起名字,33,114396,[等级15],[粉丝团 Lv8]
2026-05-18 21:39:24,1660701815348284,Aurora-,36,114543,[等级8],[粉丝团 Lv8]
2026-05-18 21:39:27,23773147096,相见不如怀念,30,114738,[等级29],[粉丝团 Lv10]
2026-05-18 21:39:30,1660701815348284,Aurora-,36,114889,[等级8],[粉丝团 Lv8]
2026-05-18 21:39:33,58849526523,- 空白 ゝ,33,115092,[等级3],[粉丝团 Lv4]
2026-05-18 21:39:36,1660701815348284,Aurora-,30,115245,[等级8],[粉丝团 Lv8]
2026-05-18 21:39:39,71533879276,懒得起名字,36,115435,[等级15],[粉丝团 Lv8]
2026-05-18 21:39:42,1660701815348284,Aurora-,36,115554,[等级8],[粉丝团 Lv8]
2026-05-18 21:39:45,71533879276,懒得起名字,36,115691,[等级15],[粉丝团 Lv8]
2026-05-18 21:39:48,1660701815348284,Aurora-,33,115787,[等级8],[粉丝团 Lv8]
2026-05-18 21:39:51,71533879276,懒得起名字,30,115886,[等级15],[粉丝团 Lv8]
2026-05-18 21:39:54,1660701815348284,Aurora-,36,115984,[等级8],[粉丝团 Lv8]
2026-05-18 21:39:57,71533879276,懒得起名字,36,116072,[等级15],[粉丝团 Lv8]
2026-05-18 21:40:00,1660701815348284,Aurora-,33,116137,[等级8],[粉丝团 Lv8]
2026-05-18 21:40:03,71533879276,懒得起名字,36,116219,[等级15],[粉丝团 Lv8]
2026-05-18 21:40:06,1660701815348284,Aurora-,36,116286,[等级8],[粉丝团 Lv8]
2026-05-18 21:40:09,71533879276,懒得起名字,36,116369,[等级15],[粉丝团 Lv8]
2026-05-18 21:40:12,1660701815348284,Aurora-,33,116427,[等级8],[粉丝团 Lv8]
2026-05-18 21:40:15,71533879276,懒得起名字,36,116513,[等级15],[粉丝团 Lv8]
2026-05-18 21:40:19,2559258277454052,超,39,116587,[等级18],[粉丝团 Lv8]
2026-05-18 21:40:21,71533879276,懒得起名字,39,116623,[等级15],[粉丝团 Lv8]
2026-05-18 21:40:24,1660701815348284,Aurora-,36,116673,[等级8],[粉丝团 Lv8]
2026-05-18 21:40:27,2559258277454052,超,30,116733,[等级18],[粉丝团 Lv8]
2026-05-18 21:40:31,1660701815348284,Aurora-,30,116782,[等级8],[粉丝团 Lv8]
2026-05-18 21:40:33,71533879276,懒得起名字,36,116877,[等级15],[粉丝团 Lv8]
2026-05-18 21:40:36,1660701815348284,Aurora-,36,116955,[等级8],[粉丝团 Lv8]
2026-05-18 21:40:39,23773147096,相见不如怀念,24,117057,[等级29],[粉丝团 Lv10]
2026-05-18 21:40:42,108825768878,南山居士,12,117133,[等级1],
2026-05-18 21:40:45,71533879276,懒得起名字,36,117215,[等级15],[粉丝团 Lv8]
2026-05-18 21:40:48,1660701815348284,Aurora-,36,117306,[等级8],[粉丝团 Lv8]
2026-05-18 21:40:51,71533879276,懒得起名字,36,117437,[等级15],[粉丝团 Lv8]
2026-05-18 21:40:54,100595219540,Joemx-117,33,117541,[等级14],[粉丝团 Lv8]
2026-05-18 21:40:57,686517083705719,所念皆星辰,3,117660,[等级21],[粉丝团 Lv1]
2026-05-18 21:41:00,1660701815348284,Aurora-,33,117755,[等级8],[粉丝团 Lv8]
2026-05-18 21:41:03,71533879276,懒得起名字,36,117847,[等级15],[粉丝团 Lv8]
2026-05-18 21:41:06,1660701815348284,Aurora-,33,117921,[等级8],[粉丝团 Lv8]
2026-05-18 21:41:09,71533879276,懒得起名字,36,117998,[等级15],[粉丝团 Lv8]
2026-05-18 21:41:12,1660701815348284,Aurora-,30,118072,[等级8],[粉丝团 Lv8]
2026-05-18 21:41:15,2559258277454052,超,33,118182,[等级18],[粉丝团 Lv8]
2026-05-18 21:41:18,1660701815348284,Aurora-,36,118241,[等级8],[粉丝团 Lv8]
2026-05-18 21:41:21,71533879276,懒得起名字,36,118342,[等级15],[粉丝团 Lv8]
2026-05-18 21:41:24,100595219540,Joemx-117,15,118425,[等级14],[粉丝团 Lv8]
2026-05-18 21:41:27,64295642372,💞棉花糖💓,24,118585,[等级26],[粉丝团 Lv13]
2026-05-18 21:41:30,69784246206,孤独的狼.,3,118734,[等级11],
2026-05-18 21:41:33,2814398071321872,没辣吃不饱,30,119009,[等级15],[粉丝团 Lv11]
2026-05-18 21:41:36,1660701815348284,Aurora-,30,119205,[等级8],[粉丝团 Lv8]
2026-05-18 21:41:39,3698398913367901,猪蹄,24,119428,[等级5],[粉丝团 Lv1]
2026-05-18 21:41:42,105085838587,为你着迷,30,119578,[等级18],[粉丝团 Lv10]
2026-05-18 21:41:45,73760411580,狼哥,12,119753,[等级3],
2026-05-18 21:41:48,105085838587,为你着迷,30,119919,[等级18],[粉丝团 Lv10]
2026-05-18 21:41:51,71533879276,懒得起名字,33,120103,[等级15],[粉丝团 Lv8]
2026-05-18 21:41:54,105085838587,为你着迷,3,120217,[等级18],[粉丝团 Lv10]
2026-05-18 21:41:57,71533879276,懒得起名字,30,120392,[等级15],[粉丝团 Lv8]
2026-05-18 21:42:00,1660701815348284,Aurora-,33,120488,[等级8],[粉丝团 Lv8]
2026-05-18 21:42:03,97256097626,迷茫,30,120622,[等级13],[粉丝团 Lv7]
2026-05-18 21:42:06,1660701815348284,Aurora-,33,120717,[等级8],[粉丝团 Lv8]
2026-05-18 21:42:09,71533879276,懒得起名字,36,120836,[等级15],[粉丝团 Lv8]
2026-05-18 21:42:12,1660701815348284,Aurora-,36,120899,[等级8],[粉丝团 Lv8]
2026-05-18 21:42:15,71533879276,懒得起名字,33,120970,[等级15],[粉丝团 Lv8]
2026-05-18 21:42:18,1660701815348284,Aurora-,36,121017,[等级8],[粉丝团 Lv8]
2026-05-18 21:42:21,71533879276,懒得起名字,36,121087,[等级15],[粉丝团 Lv8]
2026-05-18 21:42:24,100595219540,Joemx-117,30,121151,[等级14],[粉丝团 Lv8]
2026-05-18 21:42:27,71533879276,懒得起名字,33,121224,[等级15],[粉丝团 Lv8]
2026-05-18 21:42:30,1660701815348284,Aurora-,33,121294,[等级8],[粉丝团 Lv8]
2026-05-18 21:42:33,71533879276,懒得起名字,33,121370,[等级15],[粉丝团 Lv8]
2026-05-18 21:42:36,1660701815348284,Aurora-,33,121429,[等级8],[粉丝团 Lv8]
2026-05-18 21:42:39,71533879276,懒得起名字,36,121514,[等级15],[粉丝团 Lv8]
2026-05-18 21:42:42,1660701815348284,Aurora-,9,121588,[等级8],[粉丝团 Lv8]
2026-05-18 21:42:45,71533879276,懒得起名字,33,121661,[等级15],[粉丝团 Lv8]
2026-05-18 21:42:48,100595219540,Joemx-117,30,121719,[等级14],[粉丝团 Lv8]
2026-05-18 21:42:51,2559258277454052,超,24,121793,[等级18],[粉丝团 Lv8]
2026-05-18 21:42:54,100595219540,Joemx-117,12,121835,[等级14],[粉丝团 Lv8]
2026-05-18 21:42:57,104487631190,在霧裡告白,3,121902,,
2026-05-18 21:43:01,2559258277454052,超,42,121952,[等级18],[粉丝团 Lv8]
2026-05-18 21:43:03,71533879276,懒得起名字,36,121995,[等级15],[粉丝团 Lv8]
2026-05-18 21:43:06,68290135883,时楠,3,122027,[等级11],
2026-05-18 21:43:09,71533879276,懒得起名字,36,122083,[等级15],[粉丝团 Lv8]
2026-05-18 21:43:13,71533879276,懒得起名字,36,122146,[等级15],[粉丝团 Lv8]
2026-05-18 21:43:15,71533879276,懒得起名字,36,122170,[等级15],[粉丝团 Lv8]
2026-05-18 21:43:18,63120899171,小宇啊,9,122196,[等级15],[粉丝团 Lv3]
2026-05-18 21:43:22,71533879276,懒得起名字,36,122218,[等级15],[粉丝团 Lv8]
2026-05-18 21:43:26,71533879276,懒得起名字,33,122275,[等级15],[粉丝团 Lv8]
2026-05-18 21:43:27,71533879276,懒得起名字,36,122307,[等级15],[粉丝团 Lv8]
2026-05-18 21:43:30,100545082473,E先生,6,122365,[等级8],
2026-05-18 21:43:33,71533879276,懒得起名字,36,122433,[等级15],[粉丝团 Lv8]
2026-05-18 21:43:36,3118670421442236,雨天头痛,3,122454,[等级2],[粉丝团 Lv5]
2026-05-18 21:43:40,71533879276,懒得起名字,39,122510,[等级15],[粉丝团 Lv8]
2026-05-18 21:43:43,3776149403477524,南风知我意,3,122555,[等级1],
2026-05-18 21:43:45,71533879276,懒得起名字,36,122609,[等级15],[粉丝团 Lv8]
2026-05-18 21:43:48,103996249597,发,9,122662,[等级21],[粉丝团 Lv1]
2026-05-18 21:43:51,71533879276,懒得起名字,36,122716,[等级15],[粉丝团 Lv8]
2026-05-18 21:43:55,64981564926,垣泽,3,122757,[等级8],
2026-05-18 21:43:57,71533879276,懒得起名字,36,122808,[等级15],[粉丝团 Lv8]
2026-05-18 21:44:01,71533879276,懒得起名字,36,122859,[等级15],[粉丝团 Lv8]
2026-05-18 21:44:03,71533879276,懒得起名字,36,122881,[等级15],[粉丝团 Lv8]
2026-05-18 21:44:07,71533879276,懒得起名字,39,122965,[等级15],[粉丝团 Lv8]
2026-05-18 21:44:09,71533879276,懒得起名字,36,123004,[等级15],[粉丝团 Lv8]
2026-05-18 21:44:13,71533879276,懒得起名字,39,123082,[等级15],[粉丝团 Lv8]
2026-05-18 21:44:15,71533879276,懒得起名字,36,123133,[等级15],[粉丝团 Lv8]
2026-05-18 21:44:19,71533879276,懒得起名字,36,123207,[等级15],[粉丝团 Lv8]
2026-05-18 21:44:21,71533879276,懒得起名字,36,123237,[等级15],[粉丝团 Lv8]
2026-05-18 21:44:24,64295642372,💞棉花糖💓,6,123292,[等级26],[粉丝团 Lv13]
2026-05-18 21:44:27,158809157013102,3613,6,123342,[等级3],
2026-05-18 21:44:31,91723093686,浩洋·X,6,123376,[等级36],
2026-05-18 21:44:33,1766262738521427,小绯,3,123416,[等级17],[粉丝团 Lv1]
2026-05-18 21:44:37,64174551233,六一儿童,33,123483,[等级7],
2026-05-18 21:44:39,71533879276,懒得起名字,39,123528,[等级15],[粉丝团 Lv8]
2026-05-18 21:44:43,64174551233,六一儿童,27,123554,[等级7],
2026-05-18 21:44:45,71533879276,懒得起名字,33,123591,[等级15],[粉丝团 Lv8]
2026-05-18 21:44:49,809700843586336,P90  冲锋枪,6,123633,[等级8],
2026-05-18 21:44:51,71533879276,懒得起名字,39,123676,[等级15],[粉丝团 Lv8]
2026-05-18 21:44:54,65142055034,春野,27,123730,[等级3],[粉丝团 Lv2]
2026-05-18 21:44:57,71533879276,懒得起名字,36,123773,[等级15],[粉丝团 Lv8]
2026-05-18 21:45:00,1616742101292714,张君雅的小黄瓜,21,123824,[等级2],[粉丝团 Lv6]
2026-05-18 21:45:03,71533879276,懒得起名字,39,123889,[等级15],[粉丝团 Lv8]
2026-05-18 21:45:06,1616742101292714,张君雅的小黄瓜,24,123944,[等级2],[粉丝团 Lv6]
2026-05-18 21:45:09,71533879276,懒得起名字,36,123999,[等级15],[粉丝团 Lv8]
2026-05-18 21:45:12,60727117909,用户0720,36,124040,[等级18],[粉丝团 Lv10]
2026-05-18 21:45:15,54944065079,记忆摄影工作室,6,124100,[等级20],[粉丝团 Lv4]
2026-05-18 21:45:19,71533879276,懒得起名字,33,124153,[等级15],[粉丝团 Lv8]
2026-05-18 21:45:22,71533879276,懒得起名字,36,124178,[等级15],[粉丝团 Lv8]
2026-05-18 21:45:25,1143959969336766,用户4514245847058,3,124203,,
2026-05-18 21:45:27,71533879276,懒得起名字,36,124254,[等级15],[粉丝团 Lv8]
2026-05-18 21:45:30,59593010027,张再宇,21,124300,[等级26],[粉丝团 Lv8]
2026-05-18 21:45:33,71533879276,懒得起名字,36,124364,[等级15],[粉丝团 Lv8]
2026-05-18 21:45:36,92272838458,无微不 至,3,124416,[等级25],[粉丝团 Lv10]
2026-05-18 21:45:40,71533879276,懒得起名字,36,124488,[等级15],[粉丝团 Lv8]
2026-05-18 21:45:42,59593010027,张再宇,24,124537,[等级26],[粉丝团 Lv8]
2026-05-18 21:45:46,4168947261270808,🤟,3,124566,[等级2],
2026-05-18 21:45:48,108657379142,婷.,9,124596,[等级5],[粉丝团 Lv3]
2026-05-18 21:45:51,109786577639,雨中漫步,21,124683,[等级9],
2026-05-18 21:45:55,2559258277454052,超,30,124792,[等级18],[粉丝团 Lv8]
2026-05-18 21:45:57,69373329862,故事兔,27,124845,[等级28],[粉丝团 Lv2]
2026-05-18 21:46:00,73777369889,清荷朔,3,124897,[等级18],[粉丝团 Lv9]
2026-05-18 21:46:04,69373329862,故事兔,30,124970,[等级28],[粉丝团 Lv2]
2026-05-18 21:46:07,3855359904083052,“22”,6,125014,[等级6],
2026-05-18 21:46:09,3855359904083052,“22”,24,125079,[等级6],
2026-05-18 21:46:13,2559258277454052,超,24,125141,[等级18],[粉丝团 Lv8]
2026-05-18 21:46:15,73488341777,Zonda,33,125220,[等级18],[粉丝团 Lv4]
2026-05-18 21:46:19,4503666766884469,过往小爱,3,125270,[等级7],
2026-05-18 21:46:21,73488341777,Zonda,30,125334,[等级18],[粉丝团 Lv4]
2026-05-18 21:46:25,102132936397,℡1,3,125384,[等级23],[粉丝团 Lv10]
2026-05-18 21:46:27,2772327648992604,和平精英.樱花校园.迷你世界,21,125458,,
2026-05-18 21:46:31,2559258277454052,超,9,125508,[等级18],[粉丝团 Lv8]
2026-05-18 21:46:33,2458102176691848,堇年,30,125559,[等级13],[粉丝团 Lv10]
2026-05-18 21:46:36,92272838458,无微不 至,12,125610,[等级25],[粉丝团 Lv10]
2026-05-18 21:46:40,4026837523771867,回见美发官方号,3,125664,[等级3],
2026-05-18 21:46:42,92272838458,无微不 至,30,125737,[等级25],[粉丝团 Lv10]
2026-05-18 21:46:45,2458102176691848,堇年,12,125785,[等级13],[粉丝团 Lv10]
2026-05-18 21:46:48,84363168563,-小刘忙,3,125863,[等级14],[粉丝团 Lv9]
2026-05-18 21:46:51,2458102176691848,堇年,30,125940,[等级13],[粉丝团 Lv10]
2026-05-18 21:46:54,92272838458,无微不 至,33,126003,[等级25],[粉丝团 Lv10]
2026-05-18 21:46:57,2458102176691848,堇年,30,126103,[等级13],[粉丝团 Lv10]
2026-05-18 21:47:00,92272838458,无微不 至,30,126168,[等级25],[粉丝团 Lv10]
2026-05-18 21:47:03,2458102176691848,堇年,30,126249,[等级13],[粉丝团 Lv10]
2026-05-18 21:47:06,7442337761900201017,🐟.,30,126307,,
2026-05-18 21:47:09,2458102176691848,堇年,3,126390,[等级13],[粉丝团 Lv10]
2026-05-18 21:47:13,104559485627,神雨,9,126467,[等级26],[粉丝团 Lv15]
2026-05-18 21:47:15,2458102176691848,堇年,15,126587,[等级13],[粉丝团 Lv10]
2026-05-18 21:47:19,98340384474,@石头,6,126691,[等级5],
2026-05-18 21:47:21,2458102176691848,堇年,24,126748,[等级13],[粉丝团 Lv10]
2026-05-18 21:47:24,7442337761900201017,🐟.,30,126796,,
2026-05-18 21:47:28,104559485627,神雨,33,126846,[等级26],[粉丝团 Lv15]
2026-05-18 21:47:30,104559485627,神雨,36,126878,[等级26],[粉丝团 Lv15]
2026-05-18 21:47:33,2458102176691848,堇年,6,126913,[等级13],[粉丝团 Lv10]
2026-05-18 21:47:36,7442337761900201017,🐟.,27,126985,,
2026-05-18 21:47:39,2458102176691848,堇年,12,127067,[等级13],[粉丝团 Lv10]
2026-05-18 21:47:42,104559485627,神雨,18,127153,[等级26],[粉丝团 Lv15]
2026-05-18 21:47:45,100711201636,海边,3,127208,[等级3],
2026-05-18 21:47:48,145598041041479,warr,18,127257,[等级24],
2026-05-18 21:47:51,2458102176691848,堇年,15,127320,[等级13],[粉丝团 Lv10]
2026-05-18 21:47:54,7442337761900201017,🐟.,30,127398,,
2026-05-18 21:47:58,2458102176691848,堇年,33,127460,[等级13],[粉丝团 Lv10]
2026-05-18 21:48:00,104559485627,神雨,15,127547,[等级26],[粉丝团 Lv15]
2026-05-18 21:48:03,70502666845,猴菇米稀,6,127623,[等级14],
2026-05-18 21:48:07,3875143136849544,忧郁的火鸡面,6,127740,[等级1],
2026-05-18 21:48:09,2458102176691848,堇年,27,127923,[等级13],[粉丝团 Lv10]
2026-05-18 21:48:13,100271763395,守陵人,66,128059,[等级2],[粉丝团 Lv1]
2026-05-18 21:48:15,2458102176691848,堇年,30,128188,[等级13],[粉丝团 Lv10]
2026-05-18 21:48:18,100271763395,守陵人,66,128285,[等级2],[粉丝团 Lv1]
2026-05-18 21:48:21,2458102176691848,堇年,30,128366,[等级13],[粉丝团 Lv10]
2026-05-18 21:48:24,100271763395,守陵人,54,128476,[等级2],[粉丝团 Lv1]
2026-05-18 21:48:27,2458102176691848,堇年,30,128571,[等级13],[粉丝团 Lv10]
2026-05-18 21:48:30,95996945125,小杰-,21,128671,[等级17],[粉丝团 Lv2]
2026-05-18 21:48:33,2458102176691848,堇年,27,128773,[等级13],[粉丝团 Lv10]
2026-05-18 21:48:36,100271763395,守陵人,51,128852,[等级2],[粉丝团 Lv1]
2026-05-18 21:48:39,2458102176691848,堇年,30,128956,[等级13],[粉丝团 Lv10]
2026-05-18 21:48:42,100271763395,守陵人,39,129038,[等级2],[粉丝团 Lv1]
2026-05-18 21:48:45,1925934001172990,奶糖不甜吖,36,129128,[等级23],[粉丝团 Lv9]
2026-05-18 21:48:49,3663228569664605,天空无云,36,129185,[等级15],[粉丝团 Lv11]
2026-05-18 21:48:51,1925934001172990,奶糖不甜吖,30,129268,[等级23],[粉丝团 Lv9]
2026-05-18 21:48:54,3663228569664605,天空无云,36,129310,[等级15],[粉丝团 Lv11]
2026-05-18 21:48:57,1925934001172990,奶糖不甜吖,30,129355,[等级23],[粉丝团 Lv9]
2026-05-18 21:49:00,3663228569664605,天空无云,36,129418,[等级15],[粉丝团 Lv11]
2026-05-18 21:49:04,1925934001172990,奶糖不甜吖,30,129485,[等级23],[粉丝团 Lv9]
2026-05-18 21:49:06,3065071013735720,看我大威天龙,3,129536,[等级1],
2026-05-18 21:49:10,1925934001172990,奶糖不甜吖,30,129588,[等级23],[粉丝团 Lv9]
2026-05-18 21:49:12,3663228569664605,天空无云,30,129639,[等级15],[粉丝团 Lv11]
2026-05-18 21:49:16,3597192790817620,離人莫歸,3,129648,[等级7],
2026-05-18 21:49:18,3663228569664605,天空无云,30,129682,[等级15],[粉丝团 Lv11]
2026-05-18 21:49:22,3663228569664605,天空无云,36,129742,[等级15],[粉丝团 Lv11]
2026-05-18 21:49:24,3663228569664605,天空无云,33,129757,[等级15],[粉丝团 Lv11]
2026-05-18 21:49:27,104868672127,黑桃A,3,129782,[等级13],
2026-05-18 21:49:30,95594231759,爱别离,3,129830,[等级8],
2026-05-18 21:49:34,96270693640,小孩.🌾,6,129879,[等级22],[粉丝团 Lv5]
2026-05-18 21:49:36,3663228569664605,天空无云,39,129947,[等级15],[粉丝团 Lv11]
2026-05-18 21:49:40,95996945125,小杰-,15,129976,[等级17],[粉丝团 Lv2]
2026-05-18 21:49:42,3663228569664605,天空无云,9,130026,[等级15],[粉丝团 Lv11]
2026-05-18 21:49:45,862438361147135,今晚⊙▽⊙月色真美,39,130096,[等级32],[粉丝团 Lv10]
2026-05-18 21:49:48,3663228569664605,天空无云,36,130186,[等级15],[粉丝团 Lv11]
2026-05-18 21:49:51,85241778552,守候你一生,30,130271,[等级2],[粉丝团 Lv3]
2026-05-18 21:49:54,3663228569664605,天空无云,39,130373,[等级15],[粉丝团 Lv11]
2026-05-18 21:49:57,396298128997747,梦🇨🇳,3,130476,[等级25],
2026-05-18 21:50:00,3663228569664605,天空无云,39,130562,[等级15],[粉丝团 Lv11]
2026-05-18 21:50:03,862438361147135,今晚⊙▽⊙月色真美,42,130663,[等级32],[粉丝团 Lv10]
2026-05-18 21:50:06,3663228569664605,天空无云,36,130736,[等级15],[粉丝团 Lv11]
2026-05-18 21:50:09,740407544917152,、讲不出再见🔥,6,130838,[等级13],
2026-05-18 21:50:12,3663228569664605,天空无云,36,130986,[等级15],[粉丝团 Lv11]
2026-05-18 21:50:15,740407544917152,、讲不出再见🔥,12,131081,[等级13],
2026-05-18 21:50:18,3663228569664605,天空无云,18,131201,[等级15],[粉丝团 Lv11]
2026-05-18 21:50:22,85241778552,守候你一生,27,131340,[等级2],[粉丝团 Lv3]
2026-05-18 21:50:24,3663228569664605,天空无云,39,131457,[等级15],[粉丝团 Lv11]
2026-05-18 21:50:27,85241778552,守候你一生,30,131570,[等级2],[粉丝团 Lv3]
2026-05-18 21:50:30,3663228569664605,天空无云,39,131719,[等级15],[粉丝团 Lv11]
2026-05-18 21:50:33,85241778552,守候你一生,21,131803,[等级2],[粉丝团 Lv3]
2026-05-18 21:50:36,95996945125,小杰-,6,131886,[等级17],[粉丝团 Lv2]
2026-05-18 21:50:40,102748821674,一张白纸,30,132030,[等级17],[粉丝团 Lv8]
2026-05-18 21:50:42,3663228569664605,天空无云,39,132120,[等级15],[粉丝团 Lv11]
2026-05-18 21:50:46,3663228569664605,天空无云,39,132219,[等级15],[粉丝团 Lv11]
2026-05-18 21:50:49,3663228569664605,天空无云,30,132294,[等级15],[粉丝团 Lv11]
2026-05-18 21:50:52,95996945125,小杰-,6,132329,[等级17],[粉丝团 Lv2]
2026-05-18 21:50:55,3663228569664605,天空无云,36,132410,[等级15],[粉丝团 Lv11]
2026-05-18 21:50:57,686515472042327,BEAST 刘雨泽,3,132456,,
2026-05-18 21:51:01,3663228569664605,天空无云,21,132529,[等级15],[粉丝团 Lv11]
2026-05-18 21:51:04,95996945125,小杰-,24,132582,[等级17],[粉丝团 Lv2]
2026-05-18 21:51:07,3663228569664605,天空无云,33,132664,[等级15],[粉丝团 Lv11]
2026-05-18 21:51:10,95996945125,小杰-,15,132708,[等级17],[粉丝团 Lv2]
2026-05-18 21:51:13,3601645046871719,卓＠_＠,9,132742,[等级4],
2026-05-18 21:51:16,3601645046871719,卓＠_＠,18,132756,[等级4],
2026-05-18 21:51:18,70499109905,🌈卡范儿,6,132772,[等级16],
2026-05-18 21:51:22,92869436080,QSSHX,33,132821,[等级10],
2026-05-18 21:51:24,3698398913367901,猪蹄,30,132844,[等级5],[粉丝团 Lv1]
2026-05-18 21:51:28,2909739451421659,千一,3,132874,[等级23],[粉丝团 Lv2]
2026-05-18 21:51:30,3698398913367901,猪蹄,27,132937,[等级5],[粉丝团 Lv1]
2026-05-18 21:51:34,92869436080,QSSHX,36,132982,[等级10],
2026-05-18 21:51:36,92869436080,QSSHX,36,133017,[等级10],
2026-05-18 21:51:39,59663065416,失眠数羊🐑,6,133051,[等级6],[粉丝团 Lv7]
2026-05-18 21:51:42,92991755529,东北至尊宝,36,133137,[等级23],[粉丝团 Lv12]
2026-05-18 21:51:45,59663065416,失眠数羊🐑,21,133233,[等级6],[粉丝团 Lv7]
2026-05-18 21:51:48,92991755529,东北至尊宝,36,133327,[等级23],[粉丝团 Lv12]
2026-05-18 21:51:51,59663065416,失眠数羊🐑,18,133418,[等级6],[粉丝团 Lv7]
2026-05-18 21:51:54,92991755529,东北至尊宝,36,133514,[等级23],[粉丝团 Lv12]
2026-05-18 21:51:57,2066715339664559,亦亿,30,132938,[等级9],[粉丝团 Lv11]
2026-05-18 21:52:00,92991755529,东北至尊宝,33,133689,[等级23],[粉丝团 Lv12]
2026-05-18 21:52:04,92869436080,QSSHX,33,133737,[等级10],
2026-05-18 21:52:06,92991755529,东北至尊宝,27,133790,[等级23],[粉丝团 Lv12]
2026-05-18 21:52:09,59663065416,失眠数羊🐑,12,133846,[等级6],[粉丝团 Lv7]
2026-05-18 21:52:12,100018714322,莫名其妙,3,133901,[等级15],[粉丝团 Lv11]
2026-05-18 21:52:15,92869436080,QSSHX,33,133964,[等级10],
2026-05-18 21:52:18,92991755529,东北至尊宝,36,134015,[等级23],[粉丝团 Lv12]
2026-05-18 21:52:21,103903751404,胡说八道的刘,3,134053,[等级15],[粉丝团 Lv3]
2026-05-18 21:52:24,92869436080,QSSHX,33,134107,[等级10],
2026-05-18 21:52:28,95996945125,小杰-,3,134136,[等级17],[粉丝团 Lv2]
2026-05-18 21:52:30,86050612943,饼饼,24,134163,[等级32],[粉丝团 Lv11]
2026-05-18 21:52:34,92991755529,东北至尊宝,33,134211,[等级23],[粉丝团 Lv12]
2026-05-18 21:52:36,237088232449438,醉仙灵芙🌿,3,134212,[等级9],[粉丝团 Lv10]
2026-05-18 21:52:40,95996945125,小杰-,9,134258,[等级17],[粉丝团 Lv2]
2026-05-18 21:52:42,237088232449438,醉仙灵芙🌿,15,134309,[等级9],[粉丝团 Lv10]
2026-05-18 21:52:46,95019317766,小手先生,3,134380,[等级33],[粉丝团 Lv3]
2026-05-18 21:52:48,61298227981,Qin_G,3,134442,[等级18],[粉丝团 Lv10]
2026-05-18 21:52:52,95996945125,小杰-,15,134479,[等级17],[粉丝团 Lv2]
2026-05-18 21:52:54,23773147096,相见不如怀念,27,134549,[等级29],[粉丝团 Lv10]
2026-05-18 21:52:57,95996945125,小杰-,12,134605,[等级17],[粉丝团 Lv2]
2026-05-18 21:53:01,2066715339664559,亦亿,24,134679,[等级9],[粉丝团 Lv11]
2026-05-18 21:53:03,23773147096,相见不如怀念,33,134736,[等级29],[粉丝团 Lv10]
2026-05-18 21:53:06,98022442209,Prisoner,21,134814,[等级9],[粉丝团 Lv10]
2026-05-18 21:53:09,95996945125,小杰-,9,134860,[等级17],[粉丝团 Lv2]
2026-05-18 21:53:13,2066715339664559,亦亿,24,134939,[等级9],[粉丝团 Lv11]
2026-05-18 21:53:16,95996945125,小杰-,21,134994,[等级17],[粉丝团 Lv2]
2026-05-18 21:53:18,95996945125,小杰-,21,135031,[等级17],[粉丝团 Lv2]
2026-05-18 21:53:22,95996945125,小杰-,24,135127,[等级17],[粉丝团 Lv2]
2026-05-18 21:53:24,2066715339664559,亦亿,24,135225,[等级9],[粉丝团 Lv11]
2026-05-18 21:53:27,23773147096,相见不如怀念,24,135275,[等级29],[粉丝团 Lv10]
2026-05-18 21:53:31,2066715339664559,亦亿,27,135347,[等级9],[粉丝团 Lv11]
2026-05-18 21:53:33,70439663640,秦强大件,3,135410,[等级15],[粉丝团 Lv2]
2026-05-18 21:53:37,92991755529,东北至尊宝,30,135472,[等级23],[粉丝团 Lv12]
2026-05-18 21:53:40,95996945125,小杰-,18,135511,[等级17],[粉丝团 Lv2]
2026-05-18 21:53:43,2066715339664559,亦亿,9,135559,[等级9],[粉丝团 Lv11]
2026-05-18 21:53:45,23773147096,相见不如怀念,33,135582,[等级29],[粉丝团 Lv10]
2026-05-18 21:53:49,92991755529,东北至尊宝,6,135622,[等级23],[粉丝团 Lv12]
2026-05-18 21:53:53,3663228569664605,天空无云,42,135657,[等级15],[粉丝团 Lv11]
2026-05-18 21:53:54,1541962763867504,character,3,135670,[等级12],
2026-05-18 21:53:58,95996945125,小杰-,21,135701,[等级17],[粉丝团 Lv2]
2026-05-18 21:54:01,87004610298,市井小民,3,135712,[等级17],
2026-05-18 21:54:04,23773147096,相见不如怀念,24,135727,[等级29],[粉丝团 Lv10]
2026-05-18 21:54:06,23773147096,相见不如怀念,27,135755,[等级29],[粉丝团 Lv10]
2026-05-18 21:54:10,95996945125,小杰-,9,135786,[等级17],[粉丝团 Lv2]
2026-05-18 21:54:12,23773147096,相见不如怀念,24,135795,[等级29],[粉丝团 Lv10]
2026-05-18 21:54:17,23773147096,相见不如怀念,27,135843,[等级29],[粉丝团 Lv10]
2026-05-18 21:54:19,23773147096,相见不如怀念,9,135847,[等级29],[粉丝团 Lv10]
2026-05-18 21:54:22,4212921950274888,十三🐾,3,135849,[等级21],[粉丝团 Lv8]
2026-05-18 21:54:24,60557556893,默默默,3,135859,[等级16],[粉丝团 Lv11]
2026-05-18 21:54:28,2366587526185592,端不住碗,3,135881,,
2026-05-18 21:54:30,23773147096,相见不如怀念,24,135901,[等级29],[粉丝团 Lv10]
2026-05-18 21:54:35,23773147096,相见不如怀念,24,135923,[等级29],[粉丝团 Lv10]
2026-05-18 21:54:37,23773147096,相见不如怀念,27,135945,[等级29],[粉丝团 Lv10]
2026-05-18 21:54:40,23773147096,相见不如怀念,9,135965,[等级29],[粉丝团 Lv10]
2026-05-18 21:54:42,23773147096,相见不如怀念,12,135979,[等级29],[粉丝团 Lv10]
2026-05-18 21:54:45,69797074890,瑞【十月二十九】,9,135999,[等级18],[粉丝团 Lv11]
2026-05-18 21:54:49,73440774031,Siky,3,136016,[等级3],
2026-05-18 21:54:51,69797074890,瑞【十月二十九】,39,136029,[等级18],[粉丝团 Lv11]
2026-05-18 21:54:55,61298227981,Qin_G,9,136043,[等级18],[粉丝团 Lv10]
2026-05-18 21:54:57,1376214052780036,华浩塑胶,6,136066,[等级29],[粉丝团 Lv5]
2026-05-18 21:55:00,59123998132,两爷们,3,136084,[等级15],[粉丝团 Lv8]
2026-05-18 21:55:03,2488942021331496,薯条大王,27,136127,[等级5],[粉丝团 Lv2]
2026-05-18 21:55:06,64295642372,💞棉花糖💓,6,136182,[等级26],[粉丝团 Lv13]
2026-05-18 21:55:09,69797074890,瑞【十月二十九】,24,136217,[等级18],[粉丝团 Lv11]
2026-05-18 21:55:12,229144752826728,晚晚无安.,3,136226,[等级5],
2026-05-18 21:55:15,23773147096,相见不如怀念,27,136259,[等级29],[粉丝团 Lv10]
2026-05-18 21:55:20,23773147096,相见不如怀念,30,136281,[等级29],[粉丝团 Lv10]
2026-05-18 21:55:22,69797074890,瑞【十月二十九】,12,136298,[等级18],[粉丝团 Lv11]
2026-05-18 21:55:24,2966933437680842,明天再说吧,33,136339,[等级4],[粉丝团 Lv5]
2026-05-18 21:55:27,3372893188916228,老元,6,136410,[等级10],[粉丝团 Lv2]
2026-05-18 21:55:31,21835345500,Aiyxq,9,136479,[等级4],
2026-05-18 21:55:33,65142055034,春野,18,136540,[等级3],[粉丝团 Lv2]
2026-05-18 21:55:36,23773147096,相见不如怀念,39,136610,[等级29],[粉丝团 Lv10]
2026-05-18 21:55:40,23773147096,相见不如怀念,30,136655,[等级29],[粉丝团 Lv10]
2026-05-18 21:55:42,23773147096,相见不如怀念,33,136688,[等级29],[粉丝团 Lv10]
2026-05-18 21:55:45,21835345500,Aiyxq,21,136764,[等级4],
2026-05-18 21:55:48,2145888220228567,用户18054358,18,136841,[等级16],[粉丝团 Lv12]
2026-05-18 21:55:51,23773147096,相见不如怀念,24,136962,[等级29],[粉丝团 Lv10]
2026-05-18 21:55:54,2966933437680842,明天再说吧,27,137042,[等级4],[粉丝团 Lv5]
2026-05-18 21:55:58,95996945125,小杰-,24,137108,[等级17],[粉丝团 Lv2]
2026-05-18 21:56:01,100662933970,我姓杨,3,137198,[等级21],
2026-05-18 21:56:03,23773147096,相见不如怀念,30,137244,[等级29],[粉丝团 Lv10]
2026-05-18 21:56:06,2966933437680842,明天再说吧,27,137281,[等级4],[粉丝团 Lv5]
2026-05-18 21:56:09,3784996990494887,紫雷网络-和平小宇（专业回收）,9,137344,[等级11],
2026-05-18 21:56:12,69797074890,瑞【十月二十九】,6,137398,[等级18],[粉丝团 Lv11]
2026-05-18 21:56:15,23773147096,相见不如怀念,30,137468,[等级29],[粉丝团 Lv10]
2026-05-18 21:56:18,2966933437680842,明天再说吧,27,137533,[等级4],[粉丝团 Lv5]
2026-05-18 21:56:21,3784996990494887,紫雷网络-和平小宇（专业回收）,24,137604,[等级11],
2026-05-18 21:56:24,2966933437680842,明天再说吧,24,137675,[等级4],[粉丝团 Lv5]
2026-05-18 21:56:27,3784996990494887,紫雷网络-和平小宇（专业回收）,24,137747,[等级11],
2026-05-18 21:56:30,2966933437680842,明天再说吧,24,137813,[等级4],[粉丝团 Lv5]
2026-05-18 21:56:34,3663228569664605,天空无云,36,137926,[等级15],[粉丝团 Lv11]
2026-05-18 21:56:36,2966933437680842,明天再说吧,21,137989,[等级4],[粉丝团 Lv5]
2026-05-18 21:56:39,3784996990494887,紫雷网络-和平小宇（专业回收）,24,138097,[等级11],
2026-05-18 21:56:42,7500060095355765817,。。。。。。。。,3,138160,[等级1],
2026-05-18 21:56:45,3663228569664605,天空无云,3,138207,[等级15],[粉丝团 Lv11]
2026-05-18 21:56:48,2145888220228567,用户18054358,21,138230,[等级16],[粉丝团 Lv12]
2026-05-18 21:56:51,3663228569664605,天空无云,24,138250,[等级15],[粉丝团 Lv11]
2026-05-18 21:56:54,2145888220228567,用户18054358,21,138274,[等级16],[粉丝团 Lv12]
2026-05-18 21:56:57,95996945125,小杰-,27,138312,[等级17],[粉丝团 Lv2]
2026-05-18 21:57:00,2145888220228567,用户18054358,24,138355,[等级16],[粉丝团 Lv12]
2026-05-18 21:57:03,99546209315,a钦、,9,138400,[等级15],[粉丝团 Lv7]
2026-05-18 21:57:07,63800656091,只吃一口口,12,138480,[等级18],
2026-05-18 21:57:09,2458102176691848,堇年,27,138562,[等级13],[粉丝团 Lv10]
2026-05-18 21:57:13,1987505028078605,火龙雨,30,138656,[等级20],[粉丝团 Lv11]
2026-05-18 21:57:15,2458102176691848,堇年,27,138767,[等级13],[粉丝团 Lv10]
2026-05-18 21:57:18,2919903342887374,白日梦想家,33,138857,[等级1],
2026-05-18 21:57:21,2458102176691848,堇年,15,138934,[等级13],[粉丝团 Lv10]
2026-05-18 21:57:24,70966228552,okok,3,139042,[等级8],
2026-05-18 21:57:27,2458102176691848,堇年,9,139120,[等级13],[粉丝团 Lv10]
2026-05-18 21:57:30,1987505028078605,火龙雨,27,139226,[等级20],[粉丝团 Lv11]
2026-05-18 21:57:33,7614851847777748027,风清扬,33,139337,[等级3],[粉丝团 Lv6]
2026-05-18 21:57:36,59663065416,失眠数羊🐑,6,139424,[等级6],[粉丝团 Lv7]
2026-05-18 21:57:39,2919903342887374,白日梦想家,33,139555,[等级1],
2026-05-18 21:57:42,59663065416,失眠数羊🐑,9,139656,[等级6],[粉丝团 Lv7]
2026-05-18 21:57:45,4151409240189283,NiceT,6,139773,[等级3],
2026-05-18 21:57:48,4165407898869996,每天对被子表白,3,139830,[等级5],[粉丝团 Lv2]
2026-05-18 21:57:52,2458102176691848,堇年,30,139961,[等级13],[粉丝团 Lv10]
2026-05-18 21:57:54,23773147096,相见不如怀念,30,140076,[等级29],[粉丝团 Lv10]
2026-05-18 21:57:57,7614851847777748027,风清扬,30,140176,[等级3],[粉丝团 Lv6]
2026-05-18 21:58:00,57668329207,脉动吖,30,140272,[等级7],[粉丝团 Lv8]
2026-05-18 21:58:03,94078518589,对方正在输入,3,140385,[等级10],
2026-05-18 21:58:07,57668329207,脉动吖,33,140471,[等级7],[粉丝团 Lv8]
2026-05-18 21:58:09,7614851847777748027,风清扬,36,140565,[等级3],[粉丝团 Lv6]
2026-05-18 21:58:13,57668329207,脉动吖,30,140655,[等级7],[粉丝团 Lv8]
2026-05-18 21:58:15,7614851847777748027,风清扬,36,140765,[等级3],[粉丝团 Lv6]
2026-05-18 21:58:19,57668329207,脉动吖,15,140877,[等级7],[粉丝团 Lv8]
2026-05-18 21:58:21,23773147096,相见不如怀念,36,140961,[等级29],[粉丝团 Lv10]
2026-05-18 21:58:25,1987505028078605,火龙雨,27,141049,[等级20],[粉丝团 Lv11]
2026-05-18 21:58:27,102493533426,♂宸,6,141167,[等级12],
2026-05-18 21:58:30,23773147096,相见不如怀念,27,141287,[等级29],[粉丝团 Lv10]
2026-05-18 21:58:33,7614851847777748027,风清扬,27,141380,[等级3],[粉丝团 Lv6]
2026-05-18 21:58:36,1987505028078605,火龙雨,24,141455,[等级20],[粉丝团 Lv11]
2026-05-18 21:58:39,7614851847777748027,风清扬,36,141533,[等级3],[粉丝团 Lv6]
2026-05-18 21:58:42,23773147096,相见不如怀念,18,141606,[等级29],[粉丝团 Lv10]
2026-05-18 21:58:45,7614851847777748027,风清扬,36,141720,[等级3],[粉丝团 Lv6]
2026-05-18 21:58:48,7465029989924209724,7,30,141827,[等级9],[粉丝团 Lv5]
2026-05-18 21:58:51,7614851847777748027,风清扬,36,141934,[等级3],[粉丝团 Lv6]
2026-05-18 21:58:54,2018292684035636,· 不予,33,142047,[等级15],[粉丝团 Lv12]
2026-05-18 21:58:57,68015970220,鲤鱼之祈,24,142150,[等级31],[粉丝团 Lv10]
2026-05-18 21:59:01,2018292684035636,· 不予,33,142271,[等级15],[粉丝团 Lv12]
2026-05-18 21:59:03,7614851847777748027,风清扬,33,142367,[等级3],[粉丝团 Lv6]
2026-05-18 21:59:06,1987505028078605,火龙雨,27,142488,[等级20],[粉丝团 Lv11]
2026-05-18 21:59:09,7614851847777748027,风清扬,24,142585,[等级3],[粉丝团 Lv6]
2026-05-18 21:59:12,1987505028078605,火龙雨,27,142700,[等级20],[粉丝团 Lv11]
2026-05-18 21:59:15,4474082867,彪哥,24,142803,[等级21],[粉丝团 Lv6]
2026-05-18 21:59:18,1987505028078605,火龙雨,24,142878,[等级20],[粉丝团 Lv11]
2026-05-18 21:59:21,7614851847777748027,风清扬,36,143016,[等级3],[粉丝团 Lv6]
2026-05-18 21:59:24,96882351296,楽,39,143123,[等级19],[粉丝团 Lv5]
2026-05-18 21:59:27,2018292684035636,· 不予,33,143215,[等级15],[粉丝团 Lv12]
2026-05-18 21:59:30,1987505028078605,火龙雨,24,143282,[等级20],[粉丝团 Lv11]
2026-05-18 21:59:33,7614851847777748027,风清扬,30,143393,[等级3],[粉丝团 Lv6]
2026-05-18 21:59:37,1987505028078605,火龙雨,27,143521,[等级20],[粉丝团 Lv11]
2026-05-18 21:59:39,7614851847777748027,风清扬,36,143644,[等级3],[粉丝团 Lv6]
2026-05-18 21:59:42,80325952591,Yvette·Xanthe,6,143764,[等级8],[粉丝团 Lv10]
2026-05-18 21:59:45,97982905492,乱七八糟,27,143896,[等级4],
2026-05-18 21:59:48,2966933437680842,明天再说吧,12,144005,[等级4],[粉丝团 Lv5]
2026-05-18 21:59:51,7614851847777748027,风清扬,36,144120,[等级3],[粉丝团 Lv6]
2026-05-18 21:59:55,1987505028078605,火龙雨,24,144240,[等级20],[粉丝团 Lv11]
2026-05-18 21:59:57,104258331949,别树,3,144327,[等级19],
2026-05-18 22:00:01,1987505028078605,火龙雨,24,144404,[等级20],[粉丝团 Lv11]
2026-05-18 22:00:03,7614851847777748027,风清扬,30,144486,[等级3],[粉丝团 Lv6]
2026-05-18 22:00:07,100870303820,喷7⃣️届的小学生,27,144545,[等级20],[粉丝团 Lv1]
2026-05-18 22:00:10,98434487845,燃🏀,36,144621,[等级17],[粉丝团 Lv13]
2026-05-18 22:00:13,23773147096,相见不如怀念,33,144677,[等级29],[粉丝团 Lv10]
2026-05-18 22:00:15,7614851847777748027,风清扬,36,144750,[等级3],[粉丝团 Lv6]
2026-05-18 22:00:18,6942700917,👣共清欢,3,144824,[等级16],[粉丝团 Lv1]
2026-05-18 22:00:21,106003113151,崮箬,3,144855,[等级1],
2026-05-18 22:00:24,23773147096,相见不如怀念,30,144915,[等级29],[粉丝团 Lv10]
2026-05-18 22:00:27,7614851847777748027,风清扬,36,144959,[等级3],[粉丝团 Lv6]
2026-05-18 22:00:31,2621649891897528,予了故人,3,145016,,
2026-05-18 22:00:33,7614851847777748027,风清扬,33,145061,[等级3],[粉丝团 Lv6]
2026-05-18 22:00:37,1758828734487165,11也叫伊莱文,3,145099,[等级11],[粉丝团 Lv9]
2026-05-18 22:00:39,95996945125,小杰-,27,145181,[等级17],[粉丝团 Lv2]
2026-05-18 22:00:43,23773147096,相见不如怀念,30,145221,[等级29],[粉丝团 Lv10]
2026-05-18 22:00:45,95996945125,小杰-,21,145253,[等级17],[粉丝团 Lv2]
2026-05-18 22:00:49,95996945125,小杰-,6,145322,[等级17],[粉丝团 Lv2]
2026-05-18 22:00:51,101825757205,年年有财财,3,145332,,
2026-05-18 22:00:55,4182149856499320,熙茵,9,145392,[等级11],
2026-05-18 22:00:57,95996945125,小杰-,24,145456,[等级17],[粉丝团 Lv2]
2026-05-18 22:01:00,1371786717439472,铁锅dun大eee,27,145516,[等级13],[粉丝团 Lv4]
2026-05-18 22:01:03,3663228569664605,天空无云,9,145559,[等级15],[粉丝团 Lv11]
2026-05-18 22:01:06,1371786717439472,铁锅dun大eee,27,145624,[等级13],[粉丝团 Lv4]
2026-05-18 22:01:09,3663228569664605,天空无云,36,145698,[等级15],[粉丝团 Lv11]
2026-05-18 22:01:12,1371786717439472,铁锅dun大eee,12,145755,[等级13],[粉丝团 Lv4]
2026-05-18 22:01:15,3663228569664605,天空无云,36,145820,[等级15],[粉丝团 Lv11]
2026-05-18 22:01:18,65142055034,春野,36,145903,[等级3],[粉丝团 Lv2]
2026-05-18 22:01:21,7614851847777748027,风清扬,27,145981,[等级3],[粉丝团 Lv6]
2026-05-18 22:01:24,739328369368372,雾迷,3,146044,[等级18],
2026-05-18 22:01:28,95996945125,小杰-,27,146124,[等级17],[粉丝团 Lv2]
2026-05-18 22:01:30,77416951506,ら孤痞,33,146261,[等级37],[粉丝团 Lv17]
2026-05-18 22:01:33,100060513007,梭,3,146495,[等级4],[粉丝团 Lv3]
2026-05-18 22:01:36,2966933437680842,明天再说吧,27,146699,[等级4],[粉丝团 Lv5]
2026-05-18 22:01:39,97923585715,...successful...,30,147015,[等级27],[粉丝团 Lv4]
2026-05-18 22:01:42,23773147096,相见不如怀念,24,147323,[等级29],[粉丝团 Lv10]
2026-05-18 22:01:45,2458102176691848,堇年,24,147568,[等级13],[粉丝团 Lv10]
2026-05-18 22:01:48,2966933437680842,明天再说吧,24,147827,[等级4],[粉丝团 Lv5]
2026-05-18 22:01:51,7614851847777748027,风清扬,27,148031,[等级3],[粉丝团 Lv6]
2026-05-18 22:01:54,2966933437680842,明天再说吧,27,148309,[等级4],[粉丝团 Lv5]
2026-05-18 22:01:57,7614851847777748027,风清扬,27,148499,[等级3],[粉丝团 Lv6]
2026-05-18 22:02:00,2488942021331496,薯条大王,33,148778,[等级5],[粉丝团 Lv2]
2026-05-18 22:02:03,7614851847777748027,风清扬,30,148984,[等级3],[粉丝团 Lv6]
2026-05-18 22:02:06,2966933437680842,明天再说吧,12,149168,[等级4],[粉丝团 Lv5]
2026-05-18 22:02:10,96528907190,ღ᭄蜜雪@冰程꧔ꦿ᭄,42,149344,[等级37],[粉丝团 Lv14]
2026-05-18 22:02:12,2966933437680842,明天再说吧,12,149462,[等级4],[粉丝团 Lv5]
2026-05-18 22:02:16,96528907190,ღ᭄蜜雪@冰程꧔ꦿ᭄,33,149582,[等级37],[粉丝团 Lv14]
2026-05-18 22:02:18,69268051905,ᑋᵉᑊᑊᵒ妞,24,149670,[等级12],[粉丝团 Lv7]
2026-05-18 22:02:21,96528907190,ღ᭄蜜雪@冰程꧔ꦿ᭄,36,149769,[等级37],[粉丝团 Lv14]
2026-05-18 22:02:24,69268051905,ᑋᵉᑊᑊᵒ妞,24,149876,[等级12],[粉丝团 Lv7]
2026-05-18 22:02:27,96528907190,ღ᭄蜜雪@冰程꧔ꦿ᭄,36,149993,[等级37],[粉丝团 Lv14]
2026-05-18 22:02:30,65142055034,春野,21,150103,[等级3],[粉丝团 Lv2]
2026-05-18 22:02:34,452609260400772,别搞我,24,150258,[等级14],[粉丝团 Lv12]
2026-05-18 22:02:36,63475986578,😴,3,150376,[等级11],
2026-05-18 22:02:40,452609260400772,别搞我,24,150483,[等级14],[粉丝团 Lv12]
2026-05-18 22:02:42,69268051905,ᑋᵉᑊᑊᵒ妞,27,150545,[等级12],[粉丝团 Lv7]
2026-05-18 22:02:45,2488942021331496,薯条大王,3,150633,[等级5],[粉丝团 Lv2]
2026-05-18 22:02:49,69268051905,ᑋᵉᑊᑊᵒ妞,24,150732,[等级12],[粉丝团 Lv7]
2026-05-18 22:02:51,100595219540,Joemx-117,27,150798,[等级14],[粉丝团 Lv8]
2026-05-18 22:02:54,1346245062834036,L-1,3,150911,[等级6],[粉丝团 Lv9]
2026-05-18 22:02:57,452609260400772,别搞我,3,151041,[等级14],[粉丝团 Lv12]
2026-05-18 22:03:00,93975236409,脸红即心动,6,151130,[等级18],
2026-05-18 22:03:03,452609260400772,别搞我,30,151260,[等级14],[粉丝团 Lv12]
2026-05-18 22:03:06,97947877076,德德er,24,151346,[等级13],[粉丝团 Lv6]
2026-05-18 22:03:09,3663228569664605,天空无云,24,151465,[等级15],[粉丝团 Lv11]
2026-05-18 22:03:12,76218477653,一个机器猫,3,151551,[等级30],[粉丝团:张君雅 Lv9]
2026-05-18 22:03:15,101792348273,远道,33,151646,[等级7],
2026-05-18 22:03:18,97947877076,德德er,21,151735,[等级13],[粉丝团 Lv6]
2026-05-18 22:03:21,3663228569664605,天空无云,42,151833,[等级15],[粉丝团 Lv11]
2026-05-18 22:03:24,97947877076,德德er,27,151937,[等级13],[粉丝团 Lv6]
2026-05-18 22:03:27,101792348273,远道,30,152040,[等级7],
2026-05-18 22:03:30,69268051905,ᑋᵉᑊᑊᵒ妞,24,152102,[等级12],[粉丝团 Lv7]
2026-05-18 22:03:33,101792348273,远道,18,152170,[等级7],
2026-05-18 22:03:36,69268051905,ᑋᵉᑊᑊᵒ妞,27,152227,[等级12],[粉丝团 Lv7]
2026-05-18 22:03:39,101792348273,远道,33,152306,[等级7],
2026-05-18 22:03:42,69268051905,ᑋᵉᑊᑊᵒ妞,27,152346,[等级12],[粉丝团 Lv7]
2026-05-18 22:03:45,101792348273,远道,30,152408,[等级7],
2026-05-18 22:03:48,69268051905,ᑋᵉᑊᑊᵒ妞,24,152451,[等级12],[粉丝团 Lv7]
2026-05-18 22:03:51,101792348273,远道,27,152511,[等级7],
2026-05-18 22:03:54,69268051905,ᑋᵉᑊᑊᵒ妞,21,152571,[等级12],[粉丝团 Lv7]
2026-05-18 22:03:58,101792348273,远道,30,152660,[等级7],
2026-05-18 22:04:00,97156735623,55岁美艳毒妇,3,152707,[等级21],[粉丝团 Lv12]
2026-05-18 22:04:04,3663228569664605,天空无云,33,152803,[等级15],[粉丝团 Lv11]
2026-05-18 22:04:06,69268051905,ᑋᵉᑊᑊᵒ妞,24,152869,[等级12],[粉丝团 Lv7]
2026-05-18 22:04:09,3663228569664605,天空无云,36,152933,[等级15],[粉丝团 Lv11]
2026-05-18 22:04:12,69268051905,ᑋᵉᑊᑊᵒ妞,24,152974,[等级12],[粉丝团 Lv7]
2026-05-18 22:04:15,101792348273,远道,15,153052,[等级7],
2026-05-18 22:04:18,85161086519,女王,18,153256,[等级6],
2026-05-18 22:04:21,3238488436382032,用户1324082652476,27,154597,[等级11],[粉丝团 Lv11]
2026-05-18 22:04:24,4345694357297854,用户3876480679006,15,156962,[等级4],
2026-05-18 22:04:27,597741628304263,阿军,30,160089,[等级15],[粉丝团 Lv12]
2026-05-18 22:04:30,118362727004531,静,15,163571,[等级13],[粉丝团 Lv11]
2026-05-18 22:04:33,1720062753380216,叶落、尘埃定。,36,167231,[等级8],
2026-05-18 22:04:36,97552894117,桂林@仁杰,30,170960,[等级27],[粉丝团 Lv5]
2026-05-18 22:04:39,93412289368,Xuan,30,174575,[等级7],[粉丝团 Lv10]
2026-05-18 22:04:42,75827757822,🇨🇳小朱,9,178195,[等级8],[粉丝团 Lv10]
2026-05-18 22:04:45,93886169458,S,39,181538,[等级23],[粉丝团 Lv7]
2026-05-18 22:04:48,73546961819,苗苗,33,184779,[等级3],[粉丝团 Lv6]
2026-05-18 22:04:51,59254374363,富哥,24,188181,[等级25],[粉丝团 Lv13]
2026-05-18 22:04:54,73546961819,苗苗,33,191240,[等级3],[粉丝团 Lv6]
2026-05-18 22:04:57,96585983508,"ゞ青絲如墨,言如惑ゞ",21,194183,[等级35],[粉丝团 Lv10]
2026-05-18 22:05:00,2260194398835827,Xg,21,197246,,
2026-05-18 22:05:03,597741628304263,阿军,30,200369,[等级15],[粉丝团 Lv12]
2026-05-18 22:05:07,2013904131865485,会预言的猫,27,203146,[等级22],[粉丝团 Lv11]
2026-05-18 22:05:09,63924962515,玲儿,6,205834,[等级17],[粉丝团 Lv5]
2026-05-18 22:05:12,2386374041535033,三分熟,27,208351,,
2026-05-18 22:05:15,84915313456,一个人的海岸,39,210961,[等级2],
2026-05-18 22:05:18,61367677833,奶茶是狗不是茶,48,213513,[等级5],
2026-05-18 22:05:21,59254374363,富哥,24,215821,[等级25],[粉丝团 Lv13]
2026-05-18 22:05:24,101792348273,远道,30,218076,[等级7],
2026-05-18 22:05:27,352305292525229,随便,33,220260,[等级15],[粉丝团 Lv4]
2026-05-18 22:05:30,2893531888760263,日向翔阳☀️,30,222540,[等级7],
2026-05-18 22:05:33,84915313456,一个人的海岸,36,224669,[等级2],
2026-05-18 22:05:36,92272838458,无微不 至,24,226710,[等级25],[粉丝团 Lv10]
2026-05-18 22:05:39,3057102880251933,用户6483801355239,27,228713,[等级5],[粉丝团 Lv6]
2026-05-18 22:05:42,4064246227538350,芒果味的菠萝,9,230608,[等级2],
2026-05-18 22:05:45,99229601776,♛小菜鸟,27,232547,[等级17],[粉丝团 Lv12]
2026-05-18 22:05:48,2941934469909608,51～9527😎👍🧞‍♂️,30,234400,[等级19],[粉丝团 Lv15]
2026-05-18 22:05:51,96569653242,77,42,236050,[等级30],
2026-05-18 22:05:54,102053272711,꧁༺沧～海༻꧂,33,237377,[等级20],[粉丝团 Lv11]
2026-05-18 22:05:57,104868672127,黑桃A,15,238439,[等级13],
2026-05-18 22:06:00,103080271781,金刚狼,9,239247,[等级13],[粉丝团 Lv11]
2026-05-18 22:06:03,50422440282,有钱的狮子🦁🐰,27,240033,[等级15],[粉丝团 Lv14]
2026-05-18 22:06:06,99469083037,Argl🐭,36,241173,[等级17],[粉丝团 Lv10]
2026-05-18 22:06:09,104868672127,黑桃A,45,242301,[等级13],
2026-05-18 22:06:13,97504183029,ZovL,24,243541,[等级18],[粉丝团 Lv2]
2026-05-18 22:06:15,74580201215,༺318  仓   央  ༻,15,244775,[等级13],[粉丝团 Lv10]
2026-05-18 22:06:18,2013904131865485,会预言的猫,24,245868,[等级22],[粉丝团 Lv11]
2026-05-18 22:06:21,2145888220228567,用户18054358,24,247084,[等级16],[粉丝团 Lv12]
2026-05-18 22:06:24,103022812480,彬✨彬,30,248113,[等级3],
2026-05-18 22:06:27,98714916130,心碎_也完美、,33,249306,[等级11],[粉丝团 Lv9]
2026-05-18 22:06:30,4441674979758301,强Ge,21,250307,[等级19],[粉丝团 Lv8]
2026-05-18 22:06:33,2145888220228567,用户18054358,24,251406,[等级16],[粉丝团 Lv12]
2026-05-18 22:06:36,108056879592,🌈嘿， 张先生,3,252433,[等级22],
2026-05-18 22:06:39,993605284528379,外面冷,33,253387,[等级14],
2026-05-18 22:06:42,62532659942,靓崽🤍,24,254188,[等级6],
2026-05-18 22:06:45,100165858276,clzzzzz,33,255030,[等级6],[粉丝团 Lv6]
2026-05-18 22:06:48,2013904131865485,会预言的猫,18,255835,[等级22],[粉丝团 Lv11]
2026-05-18 22:06:51,1319876922731886,悠然竹客,15,256687,[等级15],[粉丝团 Lv10]
2026-05-18 22:06:54,4441674979758301,强Ge,18,257435,[等级19],[粉丝团 Lv8]
2026-05-18 22:06:57,2278656691943804,✨是周周吖,27,258343,[等级4],[粉丝团 Lv7]
2026-05-18 22:07:00,60704769499,狐狸对你笑,24,259096,[等级27],[粉丝团 Lv8]
2026-05-18 22:07:03,2145888220228567,用户18054358,24,260023,[等级16],[粉丝团 Lv12]
2026-05-18 22:07:06,60704769499,狐狸对你笑,24,260814,[等级27],[粉丝团 Lv8]
2026-05-18 22:07:09,2145888220228567,用户18054358,24,261720,[等级16],[粉丝团 Lv12]
2026-05-18 22:07:12,2013904131865485,会预言的猫,24,262471,[等级22],[粉丝团 Lv11]
2026-05-18 22:07:15,2278656691943804,✨是周周吖,27,263141,[等级4],[粉丝团 Lv7]
2026-05-18 22:07:18,60704769499,狐狸对你笑,27,263657,[等级27],[粉丝团 Lv8]
2026-05-18 22:07:21,103119047188,黎椰,33,264161,[等级12],
2026-05-18 22:07:24,11324502535,十一°,27,264708,[等级20],
2026-05-18 22:07:27,2278656691943804,✨是周周吖,33,265377,[等级4],[粉丝团 Lv7]
2026-05-18 22:07:31,60704769499,狐狸对你笑,27,266032,[等级27],[粉丝团 Lv8]
2026-05-18 22:07:33,2278656691943804,✨是周周吖,30,266776,[等级4],[粉丝团 Lv7]
2026-05-18 22:07:36,97504183029,ZovL,21,267584,[等级18],[粉丝团 Lv2]
2026-05-18 22:07:39,111608081708,何书桓,27,268348,[等级8],
2026-05-18 22:07:42,3144238817351854,小甲鱼,27,269213,[等级21],[粉丝团 Lv5]
2026-05-18 22:07:45,110952893880,瑞菁瘦丽人村和新居西门店,30,270124,[等级10],
2026-05-18 22:07:48,3144238817351854,小甲鱼,30,271029,[等级21],[粉丝团 Lv5]
2026-05-18 22:07:51,104868672127,黑桃A,3,271860,[等级13],
2026-05-18 22:07:54,83423132104,@青山绿水之间,48,272588,[等级25],[粉丝团 Lv10]
2026-05-18 22:07:57,1499356053113469,虚空,21,273353,[等级24],[粉丝团 Lv15]
2026-05-18 22:08:00,73570302449,My、,33,274050,[等级18],[粉丝团 Lv11]
2026-05-18 22:08:03,1499356053113469,虚空,21,274744,[等级24],[粉丝团 Lv15]
2026-05-18 22:08:06,237088232449438,醉仙灵芙🌿,24,275367,[等级9],[粉丝团 Lv10]
2026-05-18 22:08:09,2893531888760263,日向翔阳☀️,30,276038,[等级7],
2026-05-18 22:08:12,73570302449,My、,24,276601,[等级18],[粉丝团 Lv11]
2026-05-18 22:08:15,786871042189692,小猫不吃鱼🐟,30,277111,[等级16],[粉丝团 Lv10]
2026-05-18 22:08:18,237088232449438,醉仙灵芙🌿,3,277490,[等级9],[粉丝团 Lv10]
2026-05-18 22:08:21,2893531888760263,日向翔阳☀️,33,277936,[等级7],
2026-05-18 22:08:24,73570302449,My、,21,278447,[等级18],[粉丝团 Lv11]
2026-05-18 22:08:27,2893531888760263,日向翔阳☀️,30,278973,[等级7],
2026-05-18 22:08:30,104575658282,绅士,60,279415,[等级17],
2026-05-18 22:08:33,2278656691943804,✨是周周吖,27,279964,[等级4],[粉丝团 Lv7]
2026-05-18 22:08:36,66867866897,豆豆不逗,33,280370,[等级13],
2026-05-18 22:08:39,2278656691943804,✨是周周吖,27,280845,[等级4],[粉丝团 Lv7]
2026-05-18 22:08:42,94700920490,是小崔啊✨,27,281178,[等级27],[粉丝团 Lv4]
2026-05-18 22:08:45,2278656691943804,✨是周周吖,18,281451,[等级4],[粉丝团 Lv7]
2026-05-18 22:08:48,93666468459,🌈叶,24,281720,[等级24],[粉丝团 Lv10]
2026-05-18 22:08:51,50422440282,有钱的狮子🦁🐰,27,282091,[等级15],[粉丝团 Lv14]
2026-05-18 22:08:54,93666468459,🌈叶,24,282425,[等级24],[粉丝团 Lv10]
2026-05-18 22:08:57,786871042189692,小猫不吃鱼🐟,30,282900,[等级16],[粉丝团 Lv10]
2026-05-18 22:09:00,59663065416,失眠数羊🐑,21,283263,[等级6],[粉丝团 Lv7]
2026-05-18 22:09:03,1371786717439472,铁锅dun大eee,30,283733,[等级13],[粉丝团 Lv4]
2026-05-18 22:09:06,97504183029,ZovL,21,284172,[等级18],[粉丝团 Lv2]
2026-05-18 22:09:09,786871042189692,小猫不吃鱼🐟,30,284684,[等级16],[粉丝团 Lv10]
2026-05-18 22:09:12,66867866897,豆豆不逗,27,285130,[等级13],
2026-05-18 22:09:15,2278656691943804,✨是周周吖,12,285593,[等级4],[粉丝团 Lv7]
2026-05-18 22:09:18,93666468459,🌈叶,18,285910,[等级24],[粉丝团 Lv10]
2026-05-18 22:09:21,97504183029,ZovL,21,286335,[等级18],[粉丝团 Lv2]
2026-05-18 22:09:24,93666468459,🌈叶,21,286701,[等级24],[粉丝团 Lv10]
2026-05-18 22:09:27,56385548301,16,12,287179,[等级22],[粉丝团 Lv12]
2026-05-18 22:09:30,104575658282,绅士,69,287550,[等级17],
2026-05-18 22:09:34,2278656691943804,✨是周周吖,30,287951,[等级4],[粉丝团 Lv7]
2026-05-18 22:09:36,2066673565966568,大元,39,288275,[等级29],[粉丝团 Lv12]
2026-05-18 22:09:39,50929254381,゛知樂゜,3,288534,[等级34],[粉丝团 Lv10]
2026-05-18 22:09:43,66867866897,豆豆不逗,15,288845,[等级13],
2026-05-18 22:09:45,59466805456,算卦五块,33,289118,[等级31],[粉丝团:张君雅 Lv12]
2026-05-18 22:09:49,93666468459,🌈叶,6,289449,[等级24],[粉丝团 Lv10]
2026-05-18 22:09:51,2278656691943804,✨是周周吖,24,289709,[等级4],[粉丝团 Lv7]
2026-05-18 22:09:55,59663065416,失眠数羊🐑,9,289974,[等级6],[粉丝团 Lv7]
2026-05-18 22:09:57,62532659942,靓崽🤍,27,290307,[等级6],
2026-05-18 22:10:00,59663065416,失眠数羊🐑,18,290626,[等级6],[粉丝团 Lv7]
2026-05-18 22:10:03,62532659942,靓崽🤍,30,291058,[等级6],
2026-05-18 22:10:06,64279060612,白胖*,30,291446,[等级13],
2026-05-18 22:10:09,65142055034,春野,30,291882,[等级3],[粉丝团 Lv2]
2026-05-18 22:10:12,1226681822751486,大仙儿的日常,3,292227,[等级17],[粉丝团 Lv4]
2026-05-18 22:10:15,2278656691943804,✨是周周吖,33,292594,[等级4],[粉丝团 Lv7]
2026-05-18 22:10:18,1226681822751486,大仙儿的日常,9,292917,[等级17],[粉丝团 Lv4]
2026-05-18 22:10:21,2278656691943804,✨是周周吖,33,293310,[等级4],[粉丝团 Lv7]
2026-05-18 22:10:24,104575658282,绅士,63,293647,[等级17],
2026-05-18 22:10:27,786871042189692,小猫不吃鱼🐟,30,294008,[等级16],[粉丝团 Lv10]
2026-05-18 22:10:30,64279060612,白胖*,21,294332,[等级13],
2026-05-18 22:10:33,2278656691943804,✨是周周吖,27,294599,[等级4],[粉丝团 Lv7]
2026-05-18 22:10:36,11324502535,十一°,24,294819,[等级20],
2026-05-18 22:10:39,2278656691943804,✨是周周吖,30,295141,[等级4],[粉丝团 Lv7]
2026-05-18 22:10:43,94700920490,是小崔啊✨,27,295372,[等级27],[粉丝团 Lv4]
2026-05-18 22:10:45,2278656691943804,✨是周周吖,30,295647,[等级4],[粉丝团 Lv7]
2026-05-18 22:10:48,11324502535,十一°,27,295869,[等级20],
2026-05-18 22:10:51,2278656691943804,✨是周周吖,24,296158,[等级4],[粉丝团 Lv7]
2026-05-18 22:10:54,11324502535,十一°,24,296434,[等级20],
2026-05-18 22:10:57,2217064857605981,＇ 。＇,3,296729,[等级2],
2026-05-18 22:11:00,786871042189692,小猫不吃鱼🐟,33,297016,[等级16],[粉丝团 Lv10]
2026-05-18 22:11:03,56076255513,苦菊,24,297221,[等级24],[粉丝团 Lv15]
2026-05-18 22:11:07,101792348273,远道,21,297388,[等级7],
2026-05-18 22:11:09,2278656691943804,✨是周周吖,9,297569,[等级4],[粉丝团 Lv7]
2026-05-18 22:11:12,101792348273,远道,33,297772,[等级7],
2026-05-18 22:11:15,2278656691943804,✨是周周吖,30,297953,[等级4],[粉丝团 Lv7]
2026-05-18 22:11:18,101792348273,远道,15,298127,[等级7],
2026-05-18 22:11:21,66867866897,豆豆不逗,30,298307,[等级13],
2026-05-18 22:11:24,74311454495,Vveee_,27,298511,[等级11],[粉丝团 Lv10]
2026-05-18 22:11:27,2278656691943804,✨是周周吖,27,298769,[等级4],[粉丝团 Lv7]
2026-05-18 22:11:30,2966933437680842,明天再说吧,3,298966,[等级4],[粉丝团 Lv5]
2026-05-18 22:11:33,2278656691943804,✨是周周吖,27,299253,[等级4],[粉丝团 Lv7]
2026-05-18 22:11:36,74311454495,Vveee_,27,299472,[等级11],[粉丝团 Lv10]
2026-05-18 22:11:39,2278656691943804,✨是周周吖,9,299730,[等级4],[粉丝团 Lv7]
2026-05-18 22:11:42,2966933437680842,明天再说吧,9,299962,[等级4],[粉丝团 Lv5]
2026-05-18 22:11:45,3270404761730932,那年青春、,3,300241,[等级2],
2026-05-18 22:11:48,2966933437680842,明天再说吧,21,300449,[等级4],[粉丝团 Lv5]
2026-05-18 22:11:51,87236964825,周孃孃💫,3,300694,[等级19],[粉丝团 Lv10]
2026-05-18 22:11:54,2966933437680842,明天再说吧,9,300839,[等级4],[粉丝团 Lv5]
2026-05-18 22:11:57,2278656691943804,✨是周周吖,12,301037,[等级4],[粉丝团 Lv7]
2026-05-18 22:12:01,74311454495,Vveee_,30,301181,[等级11],[粉丝团 Lv10]
2026-05-18 22:12:03,97504183029,ZovL,21,301336,[等级18],[粉丝团 Lv2]
2026-05-18 22:12:07,74311454495,Vveee_,30,301462,[等级11],[粉丝团 Lv10]
2026-05-18 22:12:09,786871042189692,小猫不吃鱼🐟,30,301612,[等级16],[粉丝团 Lv10]
2026-05-18 22:12:13,74311454495,Vveee_,27,301741,[等级11],[粉丝团 Lv10]
2026-05-18 22:12:15,2278656691943804,✨是周周吖,36,301909,[等级4],[粉丝团 Lv7]
2026-05-18 22:12:18,93030627537,千逐,6,302074,[等级16],[粉丝团 Lv4]
2026-05-18 22:12:21,66867866897,豆豆不逗,9,302291,[等级13],
2026-05-18 22:12:24,66867866897,豆豆不逗,33,302531,[等级13],
2026-05-18 22:12:27,2278656691943804,✨是周周吖,36,302679,[等级4],[粉丝团 Lv7]
2026-05-18 22:12:30,93030627537,千逐,27,302808,[等级16],[粉丝团 Lv4]
2026-05-18 22:12:33,2278656691943804,✨是周周吖,30,302975,[等级4],[粉丝团 Lv7]
2026-05-18 22:12:36,4378688579962780,梦茴,9,303109,[等级8],
2026-05-18 22:12:39,2278656691943804,✨是周周吖,30,303314,[等级4],[粉丝团 Lv7]
2026-05-18 22:12:42,94422539632,缘起阿韦,30,303520,[等级22],[粉丝团 Lv10]
2026-05-18 22:12:45,2278656691943804,✨是周周吖,27,303683,[等级4],[粉丝团 Lv7]
2026-05-18 22:12:48,94422539632,缘起阿韦,30,303847,[等级22],[粉丝团 Lv10]
2026-05-18 22:12:51,2278656691943804,✨是周周吖,33,303988,[等级4],[粉丝团 Lv7]
2026-05-18 22:12:54,97504183029,ZovL,21,304152,[等级18],[粉丝团 Lv2]
2026-05-18 22:12:57,2278656691943804,✨是周周吖,30,304343,[等级4],[粉丝团 Lv7]
2026-05-18 22:13:00,62532659942,靓崽🤍,24,304477,[等级6],
2026-05-18 22:13:03,2278656691943804,✨是周周吖,27,304627,[等级4],[粉丝团 Lv7]
2026-05-18 22:13:06,62532659942,靓崽🤍,21,304768,[等级6],
2026-05-18 22:13:09,101792348273,远道,33,304931,[等级7],
2026-05-18 22:13:12,62532659942,靓崽🤍,27,305103,[等级6],
2026-05-18 22:13:15,2278656691943804,✨是周周吖,24,305270,[等级4],[粉丝团 Lv7]
2026-05-18 22:13:18,62532659942,靓崽🤍,18,305431,[等级6],
2026-05-18 22:13:21,2278656691943804,✨是周周吖,21,305563,[等级4],[粉丝团 Lv7]
2026-05-18 22:13:24,2966933437680842,明天再说吧,3,305698,[等级4],[粉丝团 Lv5]
2026-05-18 22:13:27,2278656691943804,✨是周周吖,30,305835,[等级4],[粉丝团 Lv7]
2026-05-18 22:13:30,1616742101292714,张君雅的小黄瓜,21,306001,[等级2],[粉丝团 Lv6]
2026-05-18 22:13:33,111213672203,晚周,3,306207,[等级10],[粉丝团 Lv10]
2026-05-18 22:13:36,2966933437680842,明天再说吧,9,306369,[等级4],[粉丝团 Lv5]
2026-05-18 22:13:39,64315695054,很乏,21,306529,[等级15],[粉丝团 Lv9]
2026-05-18 22:13:42,1616742101292714,张君雅的小黄瓜,6,306701,[等级2],[粉丝团 Lv6]
2026-05-18 22:13:45,1267095340586100,齮,27,306878,[等级17],
2026-05-18 22:13:48,66167984020,一眼万年，前世有缘,3,307003,[等级3],
2026-05-18 22:13:51,56076255513,苦菊,24,307154,[等级24],[粉丝团 Lv15]
2026-05-18 22:13:54,774531495769000,zou,36,307282,[等级2],[粉丝团 Lv3]
2026-05-18 22:13:57,394079141639065,P90,3,307472,[等级2],[粉丝团 Lv2]
2026-05-18 22:14:00,774531495769000,zou,36,307659,[等级2],[粉丝团 Lv3]
2026-05-18 22:14:03,101792348273,远道,18,307790,[等级7],
2026-05-18 22:14:06,774531495769000,zou,36,307976,[等级2],[粉丝团 Lv3]
2026-05-18 22:14:09,101792348273,远道,33,308145,[等级7],
2026-05-18 22:14:12,2966933437680842,明天再说吧,24,308306,[等级4],[粉丝团 Lv5]
2026-05-18 22:14:15,394079141639065,P90,6,308521,[等级2],[粉丝团 Lv2]
2026-05-18 22:14:18,2966933437680842,明天再说吧,27,308711,[等级4],[粉丝团 Lv5]
2026-05-18 22:14:21,94109711138,无事小神仙,33,308885,[等级7],[粉丝团 Lv10]
2026-05-18 22:14:24,2966933437680842,明天再说吧,15,309067,[等级4],[粉丝团 Lv5]
2026-05-18 22:14:27,101792348273,远道,30,309233,[等级7],
2026-05-18 22:14:30,1121935923879166,巫玫狗,12,309400,[等级26],[粉丝团 Lv11]
2026-05-18 22:14:33,82340969519,宵夜,30,309560,[等级18],[粉丝团 Lv13]
2026-05-18 22:14:37,2488942021331496,薯条大王,27,309711,[等级5],[粉丝团 Lv2]
2026-05-18 22:14:39,2693181535423515,她的大男孩,3,309932,[等级1],[粉丝团 Lv2]
2026-05-18 22:14:42,2966933437680842,明天再说吧,30,310154,[等级4],[粉丝团 Lv5]
2026-05-18 22:14:45,94109711138,无事小神仙,27,310408,[等级7],[粉丝团 Lv10]
2026-05-18 22:14:48,1616742101292714,张君雅的小黄瓜,21,310643,[等级2],[粉丝团 Lv6]
2026-05-18 22:14:51,110487983863,都怪你隐身太清晰,36,310919,[等级17],[粉丝团 Lv8]
2026-05-18 22:14:54,2066673565966568,大元,9,311141,[等级29],[粉丝团 Lv12]
2026-05-18 22:14:57,94109711138,无事小神仙,6,311327,[等级7],[粉丝团 Lv10]
2026-05-18 22:15:00,2066673565966568,大元,39,311481,[等级29],[粉丝团 Lv12]
2026-05-18 22:15:03,95623629953,西瓜大王,24,311638,[等级7],[粉丝团 Lv9]
2026-05-18 22:15:06,66867866897,豆豆不逗,27,311880,[等级13],
2026-05-18 22:15:09,95623629953,西瓜大王,30,312073,[等级7],[粉丝团 Lv9]
2026-05-18 22:15:12,2066673565966568,大元,39,312318,[等级29],[粉丝团 Lv12]
2026-05-18 22:15:15,95623629953,西瓜大王,27,312514,[等级7],[粉丝团 Lv9]
2026-05-18 22:15:18,1216484335169374,雨生,33,312683,[等级25],[粉丝团 Lv5]
2026-05-18 22:15:21,95623629953,西瓜大王,24,312808,[等级7],[粉丝团 Lv9]
2026-05-18 22:15:24,2066673565966568,大元,27,312942,[等级29],[粉丝团 Lv12]
2026-05-18 22:15:27,57730644794,皮蛋张,3,313120,[等级16],
2026-05-18 22:15:30,2488942021331496,薯条大王,12,313302,[等级5],[粉丝团 Lv2]
2026-05-18 22:15:33,95623629953,西瓜大王,27,313473,[等级7],[粉丝团 Lv9]
2026-05-18 22:15:36,93128036459,龙少,15,313648,[等级31],[粉丝团 Lv16]
2026-05-18 22:15:39,59663065416,失眠数羊🐑,27,313841,[等级6],[粉丝团 Lv7]
2026-05-18 22:15:42,3175862005677819,汽车电器电路电子,24,314056,[等级8],[粉丝团 Lv1]
2026-05-18 22:15:45,95623629953,西瓜大王,24,314282,[等级7],[粉丝团 Lv9]
2026-05-18 22:15:48,93128036459,龙少,24,314499,[等级31],[粉丝团 Lv16]
2026-05-18 22:15:51,62532659942,靓崽🤍,27,314683,[等级6],
2026-05-18 22:15:54,93128036459,龙少,24,314923,[等级31],[粉丝团 Lv16]
2026-05-18 22:15:57,82340969519,宵夜,18,315125,[等级18],[粉丝团 Lv13]
2026-05-18 22:16:00,61088081565,精彩人生,33,315303,[等级20],[粉丝团 Lv13]
2026-05-18 22:16:03,386626565714856,彬☞,12,315465,[等级10],[粉丝团 Lv6]
2026-05-18 22:16:06,3426537881738311,恶魔桃,27,315646,[等级2],[粉丝团 Lv3]
2026-05-18 22:16:09,822042142452797,萌娃仨宝,3,315772,[等级8],
2026-05-18 22:16:12,62472484232,天天都想发财🧸,30,315918,[等级16],[粉丝团 Lv6]
2026-05-18 22:16:15,62532659942,靓崽🤍,9,316073,[等级6],
2026-05-18 22:16:18,93128036459,龙少,21,316243,[等级31],[粉丝团 Lv16]
2026-05-18 22:16:21,62532659942,靓崽🤍,30,316413,[等级6],
2026-05-18 22:16:24,106171456649,蜡笔小新眼子,30,316610,[等级19],[粉丝团 Lv10]
2026-05-18 22:16:27,95623629953,西瓜大王,27,316788,[等级7],[粉丝团 Lv9]
2026-05-18 22:16:30,93128036459,龙少,24,316975,[等级31],[粉丝团 Lv16]
2026-05-18 22:16:33,62532659942,靓崽🤍,27,317160,[等级6],
2026-05-18 22:16:36,106171456649,蜡笔小新眼子,30,317360,[等级19],[粉丝团 Lv10]
2026-05-18 22:16:39,95357029848,有点甜,3,317597,[等级13],[粉丝团 Lv10]
2026-05-18 22:16:42,93128036459,龙少,24,317771,[等级31],[粉丝团 Lv16]
2026-05-18 22:16:45,62532659942,靓崽🤍,27,317935,[等级6],
2026-05-18 22:16:48,106171456649,蜡笔小新眼子,30,318112,[等级19],[粉丝团 Lv10]
2026-05-18 22:16:51,95623629953,西瓜大王,27,318350,[等级7],[粉丝团 Lv9]
2026-05-18 22:16:54,106171456649,蜡笔小新眼子,30,318506,[等级19],[粉丝团 Lv10]
2026-05-18 22:16:57,95623629953,西瓜大王,30,318655,[等级7],[粉丝团 Lv9]
2026-05-18 22:17:00,93128036459,龙少,9,318857,[等级31],[粉丝团 Lv16]
2026-05-18 22:17:03,95623629953,西瓜大王,30,319055,[等级7],[粉丝团 Lv9]
2026-05-18 22:17:06,93404312725,榆旎,30,319207,[等级10],[粉丝团 Lv11]
2026-05-18 22:17:09,82340969519,宵夜,9,319357,[等级18],[粉丝团 Lv13]
2026-05-18 22:17:12,97504183029,ZovL,15,319479,[等级18],[粉丝团 Lv2]
2026-05-18 22:17:15,95623629953,西瓜大王,18,319574,[等级7],[粉丝团 Lv9]
2026-05-18 22:17:18,61088081565,精彩人生,33,319686,[等级20],[粉丝团 Lv13]
2026-05-18 22:17:21,56076255513,苦菊,27,319777,[等级24],[粉丝团 Lv15]
2026-05-18 22:17:24,93404312725,榆旎,30,319902,[等级10],[粉丝团 Lv11]
2026-05-18 22:17:27,56076255513,苦菊,24,320028,[等级24],[粉丝团 Lv15]
2026-05-18 22:17:30,4318481088251056,覃川,3,320165,[等级16],[粉丝团 Lv13]
2026-05-18 22:17:34,2458102176691848,堇年,33,320334,[等级13],[粉丝团 Lv10]
2026-05-18 22:17:36,2840764406051086,是车车呀,3,320470,,
2026-05-18 22:17:39,2458102176691848,堇年,21,320602,[等级13],[粉丝团 Lv10]
2026-05-18 22:17:42,3426537881738311,恶魔桃,27,320685,[等级2],[粉丝团 Lv3]
2026-05-18 22:17:46,61088081565,精彩人生,36,320757,[等级20],[粉丝团 Lv13]
2026-05-18 22:17:49,1754461915855448,是山海！,24,320818,[等级14],[粉丝团 Lv8]
2026-05-18 22:17:51,111429902087,Likn .,27,320894,[等级8],
2026-05-18 22:17:55,1754461915855448,是山海！,30,321109,[等级14],[粉丝团 Lv8]
2026-05-18 22:17:57,111429902087,Likn .,27,321213,[等级8],
2026-05-18 22:18:01,1754461915855448,是山海！,21,321330,[等级14],[粉丝团 Lv8]
2026-05-18 22:18:03,111429902087,Likn .,3,321419,[等级8],
2026-05-18 22:18:07,1754461915855448,是山海！,30,321526,[等级14],[粉丝团 Lv8]
2026-05-18 22:18:09,111429902087,Likn .,3,321623,[等级8],
2026-05-18 22:18:13,1754461915855448,是山海！,21,321716,[等级14],[粉丝团 Lv8]
2026-05-18 22:18:15,2488942021331496,薯条大王,21,321802,[等级5],[粉丝团 Lv2]
2026-05-18 22:18:19,1754461915855448,是山海！,21,321879,[等级14],[粉丝团 Lv8]
2026-05-18 22:18:21,87015678816,🃏不乖不坏,3,321912,[等级15],
2026-05-18 22:18:24,60727117909,用户0720,36,322007,[等级18],[粉丝团 Lv10]
2026-05-18 22:18:27,2488942021331496,薯条大王,39,322097,[等级5],[粉丝团 Lv2]
2026-05-18 22:18:30,60727117909,用户0720,33,322223,[等级18],[粉丝团 Lv10]
2026-05-18 22:18:33,2088661280097767,明天是个好天气,3,322279,,
2026-05-18 22:18:36,60727117909,用户0720,3,322389,[等级18],[粉丝团 Lv10]
2026-05-18 22:18:40,62532659942,靓崽🤍,27,322488,[等级6],
2026-05-18 22:18:42,60727117909,用户0720,33,322568,[等级18],[粉丝团 Lv10]
2026-05-18 22:18:46,2488942021331496,薯条大王,27,322679,[等级5],[粉丝团 Lv2]
2026-05-18 22:18:48,1754461915855448,是山海！,24,322765,[等级14],[粉丝团 Lv8]
2026-05-18 22:18:52,111429902087,Likn .,3,322838,[等级8],
2026-05-18 22:18:54,100579465259,👉🏽Conquer👈🏽,3,322922,[等级1],
2026-05-18 22:18:58,111429902087,Likn .,18,323017,[等级8],
2026-05-18 22:19:00,100579465259,👉🏽Conquer👈🏽,18,323101,[等级1],
2026-05-18 22:19:03,864639857210395,瞎逛,27,323242,[等级10],[粉丝团 Lv10]
2026-05-18 22:19:06,86050612943,饼饼,27,323351,[等级32],[粉丝团 Lv11]
2026-05-18 22:19:09,99256855261,帅帅做菜,3,323478,[等级1],
2026-05-18 22:19:12,7547614749284009019,鸽能舅,36,323620,,
2026-05-18 22:19:15,71126905166,抖音小肋手,30,323738,[等级11],[粉丝团 Lv10]
2026-05-18 22:19:18,2399597339881332,通讯录好友,36,323910,[等级8],[粉丝团 Lv10]
2026-05-18 22:19:21,4329235845226857,旭93,3,324059,,
2026-05-18 22:19:24,869046806906499,小霖.,27,324249,[等级21],
2026-05-18 22:19:27,1499356053113469,虚空,18,324424,[等级24],[粉丝团 Lv15]
2026-05-18 22:19:30,62532659942,靓崽🤍,3,324561,[等级6],
2026-05-18 22:19:33,1499356053113469,虚空,21,324729,[等级24],[粉丝团 Lv15]
2026-05-18 22:19:36,74306427900,Summer,27,324859,[等级7],
2026-05-18 22:19:39,7465029989924209724,7,6,324977,[等级9],[粉丝团 Lv5]
2026-05-18 22:19:42,60584652729,MX,3,325111,[等级7],[粉丝团 Lv10]
2026-05-18 22:19:45,1499356053113469,虚空,33,325243,[等级24],[粉丝团 Lv15]
2026-05-18 22:19:48,74306427900,Summer,27,325369,[等级7],
2026-05-18 22:19:51,62235156840,.,36,325526,[等级2],[粉丝团 Lv7]
2026-05-18 22:19:54,98055711223,এ Xing王Ming凯,21,325692,[等级23],[粉丝团 Lv8]
2026-05-18 22:19:57,2145888220228567,用户18054358,24,325901,[等级16],[粉丝团 Lv12]
2026-05-18 22:20:00,74306427900,Summer,27,326132,[等级7],
2026-05-18 22:20:03,86050612943,饼饼,3,326278,[等级32],[粉丝团 Lv11]
2026-05-18 22:20:06,74306427900,Summer,33,326425,[等级7],
2026-05-18 22:20:09,93404312725,榆旎,30,326575,[等级10],[粉丝团 Lv11]
2026-05-18 22:20:12,862438361147135,今晚⊙▽⊙月色真美,39,326697,[等级32],[粉丝团 Lv10]
2026-05-18 22:20:15,110487983863,都怪你隐身太清晰,36,326887,[等级17],[粉丝团 Lv8]
2026-05-18 22:20:18,74306427900,Summer,30,327072,[等级7],
2026-05-18 22:20:21,62235156840,.,30,327249,[等级2],[粉丝团 Lv7]
2026-05-18 22:20:24,74306427900,Summer,12,327430,[等级7],
2026-05-18 22:20:27,110487983863,都怪你隐身太清晰,36,327582,[等级17],[粉丝团 Lv8]
2026-05-18 22:20:30,1226681822751486,大仙儿的日常,15,327720,[等级17],[粉丝团 Lv4]
2026-05-18 22:20:33,131532822160692,啊！,30,327873,[等级5],[粉丝团 Lv6]
2026-05-18 22:20:36,111429902087,Likn .,3,328036,[等级8],
2026-05-18 22:20:39,110562923141,Ning光满溢,3,328153,[等级1],
2026-05-18 22:20:42,66286275708,心甘,24,328309,[等级10],[粉丝团 Lv7]
2026-05-18 22:20:45,131532822160692,啊！,30,328475,[等级5],[粉丝团 Lv6]
2026-05-18 22:20:48,1537558686997353,邪恶奶油火鸡面,33,328671,[等级18],[粉丝团 Lv3]
2026-05-18 22:20:51,131532822160692,啊！,24,328835,[等级5],[粉丝团 Lv6]
2026-05-18 22:20:55,4460069966578135,llll,33,328969,[等级13],[粉丝团 Lv6]
2026-05-18 22:20:57,62235156840,.,33,329068,[等级2],[粉丝团 Lv7]
2026-05-18 22:21:00,97904790867,两只小白兔子,15,329178,[等级9],[粉丝团 Lv4]
2026-05-18 22:21:03,62235156840,.,30,329282,[等级2],[粉丝团 Lv7]
2026-05-18 22:21:07,74306427900,Summer,27,329385,[等级7],
2026-05-18 22:21:09,62235156840,.,30,329483,[等级2],[粉丝团 Lv7]
2026-05-18 22:21:13,94700920490,是小崔啊✨,30,329610,[等级27],[粉丝团 Lv4]
2026-05-18 22:21:15,2145888220228567,用户18054358,21,329728,[等级16],[粉丝团 Lv12]
2026-05-18 22:21:18,95028048872,Mr.楊,36,329865,[等级11],[粉丝团 Lv11]
2026-05-18 22:21:21,2579932476618505,cws,27,329986,[等级2],[粉丝团 Lv4]
2026-05-18 22:21:24,95028048872,Mr.楊,42,330141,[等级11],[粉丝团 Lv11]
2026-05-18 22:21:27,2145888220228567,用户18054358,24,330261,[等级16],[粉丝团 Lv12]
2026-05-18 22:21:30,1632099066199470,总失眠,3,330395,,
2026-05-18 22:21:33,2458102176691848,堇年,30,330579,[等级13],[粉丝团 Lv10]
2026-05-18 22:21:37,94700920490,是小崔啊✨,30,330720,[等级27],[粉丝团 Lv4]
2026-05-18 22:21:39,2831963117862039,悲伤的火鸡面,42,330857,[等级13],[粉丝团 Lv10]
2026-05-18 22:21:43,73685064398,人生如戏,6,331010,[等级24],
2026-05-18 22:21:45,2831963117862039,悲伤的火鸡面,33,331115,[等级13],[粉丝团 Lv10]
2026-05-18 22:21:49,95028048872,Mr.楊,36,331244,[等级11],[粉丝团 Lv11]
2026-05-18 22:21:51,62235156840,.,36,331321,[等级2],[粉丝团 Lv7]
2026-05-18 22:21:55,60478997164,知有。,3,331410,[等级4],[粉丝团 Lv4]
2026-05-18 22:21:57,62235156840,.,36,331500,[等级2],[粉丝团 Lv7]
2026-05-18 22:22:01,110326142532,小康,30,331616,[等级5],[粉丝团 Lv2]
2026-05-18 22:22:03,62235156840,.,36,331719,[等级2],[粉丝团 Lv7]
2026-05-18 22:22:06,110326142532,小康,15,331837,[等级5],[粉丝团 Lv2]
2026-05-18 22:22:09,62235156840,.,30,331959,[等级2],[粉丝团 Lv7]
2026-05-18 22:22:12,94700920490,是小崔啊✨,30,332100,[等级27],[粉丝团 Lv4]
2026-05-18 22:22:15,7634535665578083377,月月（和平精英糖果超甜）,33,332217,,
2026-05-18 22:22:18,110326142532,小康,30,332345,[等级5],[粉丝团 Lv2]
2026-05-18 22:22:21,62235156840,.,36,332448,[等级2],[粉丝团 Lv7]
2026-05-18 22:22:24,110326142532,小康,27,332551,[等级5],[粉丝团 Lv2]
2026-05-18 22:22:27,74306427900,Summer,18,332659,[等级7],
2026-05-18 22:22:30,110326142532,小康,27,332746,[等级5],[粉丝团 Lv2]
2026-05-18 22:22:33,62235156840,.,30,332852,[等级2],[粉丝团 Lv7]
2026-05-18 22:22:36,110326142532,小康,27,332939,[等级5],[粉丝团 Lv2]
2026-05-18 22:22:39,74306427900,Summer,18,333029,[等级7],
2026-05-18 22:22:43,94700920490,是小崔啊✨,30,333126,[等级27],[粉丝团 Lv4]
2026-05-18 22:22:46,74306427900,Summer,21,333198,[等级7],
2026-05-18 22:22:48,294322844736680,G.E.M.,144,333331,[等级16],
2026-05-18 22:22:51,62235156840,.,33,333450,[等级2],[粉丝团 Lv7]
2026-05-18 22:22:55,94700920490,是小崔啊✨,30,333563,[等级27],[粉丝团 Lv4]
2026-05-18 22:22:57,62235156840,.,33,333660,[等级2],[粉丝团 Lv7]
2026-05-18 22:23:00,86050612943,饼饼,24,333764,[等级32],[粉丝团 Lv11]
2026-05-18 22:23:03,62235156840,.,33,333870,[等级2],[粉丝团 Lv7]
2026-05-18 22:23:06,452609260400772,别搞我,12,333987,[等级14],[粉丝团 Lv12]
2026-05-18 22:23:09,62235156840,.,30,334090,[等级2],[粉丝团 Lv7]
2026-05-18 22:23:12,3184628306020094,一曲杆常断,27,334214,[等级17],[粉丝团 Lv10]
2026-05-18 22:23:15,62235156840,.,33,334318,[等级2],[粉丝团 Lv7]
2026-05-18 22:23:18,1616742101292714,张君雅的小黄瓜,15,334436,[等级2],[粉丝团 Lv6]
2026-05-18 22:23:21,62235156840,.,39,334515,[等级2],[粉丝团 Lv7]
2026-05-18 22:23:24,94700920490,是小崔啊✨,30,334634,[等级27],[粉丝团 Lv4]
2026-05-18 22:23:27,62366412796,想吃但胖,21,334738,[等级4],[粉丝团 Lv5]
2026-05-18 22:23:30,94700920490,是小崔啊✨,30,334882,[等级27],[粉丝团 Lv4]
2026-05-18 22:23:33,62366412796,想吃但胖,12,334975,[等级4],[粉丝团 Lv5]
2026-05-18 22:23:36,2247818499066269,青柿,6,335088,[等级24],
2026-05-18 22:23:39,62366412796,想吃但胖,33,335177,[等级4],[粉丝团 Lv5]
2026-05-18 22:23:42,94700920490,是小崔啊✨,27,335296,[等级27],[粉丝团 Lv4]
2026-05-18 22:23:46,62366412796,想吃但胖,30,335363,[等级4],[粉丝团 Lv5]
2026-05-18 22:23:49,75598545701,.   劳资太可爱了,15,335440,[等级36],[粉丝团 Lv13]
2026-05-18 22:23:51,62366412796,想吃但胖,33,335514,[等级4],[粉丝团 Lv5]
2026-05-18 22:23:54,2247818499066269,青柿,9,335612,[等级24],
2026-05-18 22:23:57,62366412796,想吃但胖,27,335674,[等级4],[粉丝团 Lv5]
2026-05-18 22:24:00,2858360584547902,0077,33,335727,[等级18],[粉丝团 Lv10]
2026-05-18 22:24:04,74306427900,Summer,21,335780,[等级7],
2026-05-18 22:24:06,2858360584547902,0077,27,335799,[等级18],[粉丝团 Lv10]
2026-05-18 22:24:10,518558119376301,—-,12,335826,[等级1],
2026-05-18 22:24:13,1616742101292714,张君雅的小黄瓜,9,335854,[等级2],[粉丝团 Lv6]
2026-05-18 22:24:15,61239510647,蘇莹,3,335892,[等级31],[粉丝团 Lv13]
2026-05-18 22:24:18,92272838458,无微不 至,21,335915,[等级25],[粉丝团 Lv10]
2026-05-18 22:24:21,110539356789,用户8000633812713,3,335939,,
2026-05-18 22:24:24,92272838458,无微不 至,3,335955,[等级25],[粉丝团 Lv10]
2026-05-18 22:24:28,74306427900,Summer,18,335983,[等级7],
2026-05-18 22:24:30,638182013805623,憨包🌱,3,335995,[等级8],[粉丝团 Lv4]
2026-05-18 22:24:34,76745188902,臻臻熊`,3,336026,[等级7],
2026-05-18 22:24:37,638182013805623,憨包🌱,12,336042,[等级8],[粉丝团 Lv4]
2026-05-18 22:24:40,74306427900,Summer,21,336073,[等级7],
2026-05-18 22:24:42,74306427900,Summer,21,336082,[等级7],
2026-05-18 22:24:46,97396347396,男神鲜,9,336111,[等级22],[粉丝团 Lv11]
2026-05-18 22:24:48,1893823808808035,用户936399004831,3,336129,,
2026-05-18 22:24:52,73908919846,袜子一周一洗,12,336145,[等级5],[粉丝团 Lv8]
2026-05-18 22:24:54,2909739451421659,千一,3,336152,[等级23],[粉丝团 Lv2]
2026-05-18 22:24:57,1433406802234029,星尘,15,336177,[等级8],[粉丝团 Lv10]
2026-05-18 22:25:00,84367191375,Y！,3,336223,[等级12],
2026-05-18 22:25:03,92911512458,往事随风,6,336245,[等级10],[粉丝团 Lv9]
2026-05-18 22:25:06,74306427900,Summer,21,336268,[等级7],
2026-05-18 22:25:09,1616742101292714,张君雅的小黄瓜,6,336287,[等级2],[粉丝团 Lv6]
2026-05-18 22:25:12,74306427900,Summer,24,336310,[等级7],
2026-05-18 22:25:15,1616742101292714,张君雅的小黄瓜,9,336345,[等级2],[粉丝团 Lv6]
2026-05-18 22:25:19,98105659869,去新疆采棉花,3,336365,[等级20],
2026-05-18 22:25:22,52495544292,玩了个寂寞,9,336382,[等级16],[粉丝团 Lv6]
2026-05-18 22:25:24,74306427900,Summer,18,336391,[等级7],
2026-05-18 22:25:27,1616742101292714,张君雅的小黄瓜,3,336411,[等级2],[粉丝团 Lv6]
2026-05-18 22:25:30,74306427900,Summer,21,336439,[等级7],
2026-05-18 22:25:34,1616742101292714,张君雅的小黄瓜,12,336473,[等级2],[粉丝团 Lv6]
2026-05-18 22:25:37,74306427900,Summer,15,336491,[等级7],
2026-05-18 22:25:40,74306427900,Summer,18,336502,[等级7],
2026-05-18 22:25:42,74306427900,Summer,6,336506,[等级7],
2026-05-18 22:25:46,74306427900,Summer,15,336528,[等级7],
2026-05-18 22:25:48,74306427900,Summer,18,336534,[等级7],
2026-05-18 22:25:52,92947972104,• 四 月 •,3,336550,[等级19],[粉丝团 Lv10]
2026-05-18 22:25:54,74306427900,Summer,18,336568,[等级7],
2026-05-18 22:25:58,74306427900,Summer,15,336582,[等级7],
2026-05-18 22:26:00,74306427900,Summer,21,336589,[等级7],
2026-05-18 22:26:04,93975236409,脸红即心动,6,336612,[等级18],
2026-05-18 22:26:06,74306427900,Summer,18,336627,[等级7],
2026-05-18 22:26:10,96874827461,劫,3,336638,[等级27],
2026-05-18 22:26:12,74306427900,Summer,21,336658,[等级7],
2026-05-18 22:26:15,2247818499066269,青柿,3,336677,[等级24],
2026-05-18 22:26:19,74306427900,Summer,21,336702,[等级7],
2026-05-18 22:26:21,86050612943,饼饼,33,336724,[等级32],[粉丝团 Lv11]
2026-05-18 22:26:25,74306427900,Summer,21,336750,[等级7],
2026-05-18 22:26:29,74306427900,Summer,21,336774,[等级7],
2026-05-18 22:26:31,92947972104,• 四 月 •,3,336781,[等级19],[粉丝团 Lv10]
2026-05-18 22:26:35,74306427900,Summer,18,336791,[等级7],
2026-05-18 22:26:36,74306427900,Summer,24,336803,[等级7],
2026-05-18 22:26:41,74306427900,Summer,18,336820,[等级7],
2026-05-18 22:26:42,59300356633,哈哈哈哈嗝儿～,3,336829,[等级6],[粉丝团 Lv10]
2026-05-18 22:26:46,67841822876,振华,15,336852,[等级20],[粉丝团 Lv10]
2026-05-18 22:26:48,88181030376,异域,6,336879,[等级21],
2026-05-18 22:26:52,67841822876,振华,21,336913,[等级20],[粉丝团 Lv10]
2026-05-18 22:26:54,4503671930023549,张哼哼,6,336943,[等级11],
2026-05-18 22:26:57,2247818499066269,青柿,9,336992,[等级24],
2026-05-18 22:27:00,106110002750,谈笑风云,39,337049,[等级25],[粉丝团 Lv15]
2026-05-18 22:27:04,67841822876,振华,33,337095,[等级20],[粉丝团 Lv10]
2026-05-18 22:27:06,1616742101292714,张君雅的小黄瓜,3,337141,[等级2],[粉丝团 Lv6]
2026-05-18 22:27:09,93975236409,脸红即心动,18,337202,[等级18],
2026-05-18 22:27:12,7581722577145578533,唯,30,337320,[等级1],
2026-05-18 22:27:16,64903208367,Jack-,3,337389,[等级17],[粉丝团 Lv11]
2026-05-18 22:27:18,7581722577145578533,唯,18,337466,[等级1],
2026-05-18 22:27:21,441337528714075,海岛,6,337522,[等级2],
2026-05-18 22:27:24,106110002750,谈笑风云,36,337586,[等级25],[粉丝团 Lv15]
2026-05-18 22:27:28,106110002750,谈笑风云,36,337649,[等级25],[粉丝团 Lv15]
2026-05-18 22:27:30,106110002750,谈笑风云,36,337675,[等级25],[粉丝团 Lv15]
2026-05-18 22:27:33,105582897115,我的快乐,12,337723,[等级16],
2026-05-18 22:27:37,4341323396034580,三分月色,24,337801,[等级22],[粉丝团 Lv8]
2026-05-18 22:27:39,93975236409,脸红即心动,33,337837,[等级18],
2026-05-18 22:27:43,74306427900,Summer,24,337874,[等级7],
2026-05-18 22:27:46,72332564993,特别会卖鸭货！,33,337893,[等级24],[粉丝团 Lv15]
2026-05-18 22:27:49,57730644794,皮蛋张,3,337910,[等级16],
2026-05-18 22:27:51,74306427900,Summer,24,337946,[等级7],
2026-05-18 22:27:55,100595219540,Joemx-117,33,338025,[等级14],[粉丝团 Lv8]
2026-05-18 22:27:58,111429902087,Likn .,12,338085,[等级8],
2026-05-18 22:28:00,100595219540,Joemx-117,24,338148,[等级14],[粉丝团 Lv8]
2026-05-18 22:28:03,74306427900,Summer,12,338203,[等级7],
2026-05-18 22:28:06,100595219540,Joemx-117,9,338228,[等级14],[粉丝团 Lv8]
2026-05-18 22:28:09,74306427900,Summer,12,338237,[等级7],
2026-05-18 22:28:13,74306427900,Summer,18,338256,[等级7],
2026-05-18 22:28:15,74306427900,Summer,18,338263,[等级7],
2026-05-18 22:28:19,74306427900,Summer,6,338277,[等级7],
2026-05-18 22:28:21,3191222582914896,D.,24,338290,[等级3],
2026-05-18 22:28:24,1616742101292714,张君雅的小黄瓜,12,338361,[等级2],[粉丝团 Lv6]
2026-05-18 22:28:27,3191222582914896,D.,30,338447,[等级3],
2026-05-18 22:28:30,1969915462424519,钓鱼哪有不空军,3,338553,[等级14],[粉丝团 Lv5]
2026-05-18 22:28:34,111429902087,Likn .,12,338604,[等级8],
2026-05-18 22:28:36,3469693404065148,◎,3,338636,[等级1],
2026-05-18 22:28:39,3579615618796168,婷吖,33,338726,[等级15],[粉丝团 Lv13]
2026-05-18 22:28:43,2858360584547902,0077,33,338814,[等级18],[粉丝团 Lv10]
2026-05-18 22:28:46,111429902087,Likn .,9,338876,[等级8],
2026-05-18 22:28:48,111429902087,Likn .,6,338898,[等级8],
2026-05-18 22:28:53,3663228569664605,天空无云,24,338959,[等级15],[粉丝团 Lv11]
2026-05-18 22:28:55,74272928716,自我？,3,338973,,
2026-05-18 22:28:58,3734388397324296,筱柒,6,339004,[等级1],
2026-05-18 22:29:01,2858360584547902,0077,33,339026,[等级18],[粉丝团 Lv10]
2026-05-18 22:29:03,104084088758,9个略｀,3,339039,[等级1],
2026-05-18 22:29:07,2858360584547902,0077,33,339065,[等级18],[粉丝团 Lv10]
2026-05-18 22:29:10,74580201215,༺318  仓   央  ༻,33,339092,[等级13],[粉丝团 Lv10]
2026-05-18 22:29:13,99584906788,玖伍貳柒,9,339125,[等级14],
2026-05-18 22:29:16,774531495769000,zou,9,339178,[等级2],[粉丝团 Lv3]
2026-05-18 22:29:19,99584906788,玖伍貳柒,27,339239,[等级14],
2026-05-18 22:29:21,3191222582914896,D.,27,339289,[等级3],
2026-05-18 22:29:24,86050612943,饼饼,27,339337,[等级32],[粉丝团 Lv11]
2026-05-18 22:29:27,3191222582914896,D.,24,339359,[等级3],
2026-05-18 22:29:30,111429902087,Likn .,6,339418,[等级8],
2026-05-18 22:29:33,96459899975,0凸凸0,36,339485,[等级22],[粉丝团 Lv12]
2026-05-18 22:29:36,1308883718243696,好喝的都到我嘴里来,3,339561,,
2026-05-18 22:29:39,96459899975,0凸凸0,27,339633,[等级22],[粉丝团 Lv12]
2026-05-18 22:29:43,86050612943,饼饼,24,339707,[等级32],[粉丝团 Lv11]
2026-05-18 22:29:45,96459899975,0凸凸0,36,339772,[等级22],[粉丝团 Lv12]
2026-05-18 22:29:48,131532822160692,啊！,36,339841,[等级5],[粉丝团 Lv6]
2026-05-18 22:29:51,96459899975,0凸凸0,36,339899,[等级22],[粉丝团 Lv12]
2026-05-18 22:29:54,81471372959,噢,30,339953,[等级13],[粉丝团 Lv11]
2026-05-18 22:29:57,96459899975,0凸凸0,33,339981,[等级22],[粉丝团 Lv12]
2026-05-18 22:30:00,93687105296,洛皮皮🐻‍❄️⁰⁵⁰³,15,339999,[等级40],[粉丝团:张君雅 Lv17]
2026-05-18 22:30:04,96459899975,0凸凸0,30,340073,[等级22],[粉丝团 Lv12]
2026-05-18 22:30:06,83437198309,潇豆仔,33,340117,[等级24],[粉丝团 Lv8]
2026-05-18 22:30:09,96459899975,0凸凸0,33,340178,[等级22],[粉丝团 Lv12]
2026-05-18 22:30:13,96365843525,尢,3,340218,[等级10],
2026-05-18 22:30:15,96459899975,0凸凸0,36,340231,[等级22],[粉丝团 Lv12]
2026-05-18 22:30:19,96459899975,0凸凸0,30,340282,[等级22],[粉丝团 Lv12]
2026-05-18 22:30:22,63616691256,🌈强子,21,340302,[等级18],
2026-05-18 22:30:25,63616691256,🌈强子,15,340313,[等级18],
2026-05-18 22:30:28,71096652173,歌轶杳,33,340324,[等级31],
2026-05-18 22:30:31,2730811578129292,50后也玩抖音,3,340330,[等级1],
2026-05-18 22:30:34,71096652173,歌轶杳,33,340354,[等级31],
2026-05-18 22:30:38,71096652173,歌轶杳,15,340394,[等级31],
2026-05-18 22:30:40,71096652173,歌轶杳,27,340414,[等级31],
2026-05-18 22:30:43,61002012810,ggufucuvh,3,340424,[等级8],
2026-05-18 22:30:46,3382520135300684,付清苒·云岫,3,340435,[等级14],
2026-05-18 22:30:52,71096652173,歌轶杳,21,340447,[等级31],
2026-05-18 22:30:54,3226385376096540,不知风月意 🌊,3,340455,[等级14],
2026-05-18 22:30:59,66288907951,“晓”,3,340457,[等级6],[粉丝团 Lv9]
2026-05-18 22:31:00,111429902087,Likn .,21,340464,[等级8],
2026-05-18 22:31:04,1931191715628416,👻,15,340487,[等级10],
2026-05-18 22:31:07,111429902087,Likn .,3,340506,[等级8],
2026-05-18 22:31:10,71096652173,歌轶杳,15,340519,[等级31],
2026-05-18 22:31:14,71126905166,抖音小肋手,36,340559,[等级11],[粉丝团 Lv10]
2026-05-18 22:31:16,71126905166,抖音小肋手,33,340574,[等级11],[粉丝团 Lv10]
2026-05-18 22:31:18,2739607744034852,可爱PUPPY,3,340590,[等级9],[粉丝团 Lv7]
2026-05-18 22:31:22,110497147302,忘忧,24,340629,[等级13],[粉丝团 Lv10]
2026-05-18 22:31:24,71096652173,歌轶杳,3,340655,[等级31],
2026-05-18 22:31:28,110497147302,忘忧,21,340708,[等级13],[粉丝团 Lv10]
2026-05-18 22:31:30,71096652173,歌轶杳,9,340734,[等级31],
2026-05-18 22:31:34,1931191715628416,👻,39,340808,[等级10],
2026-05-18 22:31:36,3809172831080195,Fi,30,340873,[等级15],[粉丝团 Lv10]
2026-05-18 22:31:39,73602175651,静静จูเจียจิง,30,340986,[等级18],[粉丝团 Lv11]
2026-05-18 22:31:42,774531495769000,zou,24,341084,[等级2],[粉丝团 Lv3]
2026-05-18 22:31:45,6472167828,顺城,24,341167,[等级22],[粉丝团 Lv15]
2026-05-18 22:31:48,1226681822751486,大仙儿的日常,33,341298,[等级17],[粉丝团 Lv4]
2026-05-18 22:31:51,108825768878,南山居士,12,341406,[等级1],
2026-05-18 22:31:54,1226681822751486,大仙儿的日常,30,341504,[等级17],[粉丝团 Lv4]
2026-05-18 22:31:57,95623629953,西瓜大王,24,341591,[等级7],[粉丝团 Lv9]
2026-05-18 22:32:00,65394797479,飘逸坊1号,3,341678,[等级9],[粉丝团 Lv1]
2026-05-18 22:32:03,95623629953,西瓜大王,24,341754,[等级7],[粉丝团 Lv9]
2026-05-18 22:32:06,1226681822751486,大仙儿的日常,24,341806,[等级17],[粉丝团 Lv4]
2026-05-18 22:32:09,95623629953,西瓜大王,24,341920,[等级7],[粉丝团 Lv9]
2026-05-18 22:32:12,1226681822751486,大仙儿的日常,33,341993,[等级17],[粉丝团 Lv4]
2026-05-18 22:32:15,95623629953,西瓜大王,24,342068,[等级7],[粉丝团 Lv9]
2026-05-18 22:32:18,1226681822751486,大仙儿的日常,30,342137,[等级17],[粉丝团 Lv4]
2026-05-18 22:32:21,95623629953,西瓜大王,21,342194,[等级7],[粉丝团 Lv9]
2026-05-18 22:32:24,1139534776505371,喜欢张张的姜姜,15,342263,[等级13],[粉丝团 Lv10]
2026-05-18 22:32:27,86050612943,饼饼,9,342367,[等级32],[粉丝团 Lv11]
2026-05-18 22:32:31,1613736721254099,炼狱,6,342540,,
2026-05-18 22:32:33,4358937121142893,小猪配骑,33,342637,[等级16],[粉丝团 Lv8]
2026-05-18 22:32:36,61298227981,Qin_G,6,342747,[等级18],[粉丝团 Lv10]
2026-05-18 22:32:39,95623629953,西瓜大王,24,342875,[等级7],[粉丝团 Lv9]
2026-05-18 22:32:42,65860383089,(*˘︶˘*).｡.:*♡小小哈,6,342977,[等级9],[粉丝团 Lv7]
2026-05-18 22:32:45,86050612943,饼饼,12,343130,[等级32],[粉丝团 Lv11]
2026-05-18 22:32:48,102966543535,霖霖,9,343270,[等级9],
2026-05-18 22:32:52,4358937121142893,小猪配骑,33,343427,[等级16],[粉丝团 Lv8]
2026-05-18 22:32:54,677720989108904,吉吉,6,343561,[等级13],[粉丝团 Lv9]
2026-05-18 22:32:57,66791511248,小蔡同学爱撸铁,3,343703,[等级23],
2026-05-18 22:33:00,94000239627,ᥫᬊ₁₉⁹°陳℘࿐ᩚ۵: ᥫᬊ,9,343821,[等级14],[粉丝团 Lv10]
2026-05-18 22:33:03,1231099222033309,杨同学～努力ing,24,343938,,
2026-05-18 22:33:06,94000239627,ᥫᬊ₁₉⁹°陳℘࿐ᩚ۵: ᥫᬊ,30,344095,[等级14],[粉丝团 Lv10]
2026-05-18 22:33:09,1231099222033309,杨同学～努力ing,30,344200,,
2026-05-18 22:33:12,110497147302,忘忧,21,344338,[等级13],[粉丝团 Lv10]
2026-05-18 22:33:15,3293786078458500,y༉,3,344421,[等级26],
2026-05-18 22:33:18,65860383089,(*˘︶˘*).｡.:*♡小小哈,21,344575,[等级9],[粉丝团 Lv7]
2026-05-18 22:33:22,111429902087,Likn .,18,344674,[等级8],
2026-05-18 22:33:25,69362967627,芒果西米鹿,15,344758,[等级11],[粉丝团 Lv1]
2026-05-18 22:33:27,94334134121,于波,24,344834,[等级6],[粉丝团 Lv7]
2026-05-18 22:33:30,110497147302,忘忧,6,344914,[等级13],[粉丝团 Lv10]
2026-05-18 22:33:34,58821848693,内涵,33,345066,[等级24],[粉丝团 Lv5]
2026-05-18 22:33:36,69362967627,芒果西米鹿,30,345168,[等级11],[粉丝团 Lv1]
2026-05-18 22:33:39,86050612943,饼饼,30,345291,[等级32],[粉丝团 Lv11]
2026-05-18 22:33:42,95165260773,19∑87,33,345516,[等级10],[粉丝团 Lv10]
2026-05-18 22:33:45,103941764431,人生如戏,18,345709,[等级13],[粉丝团 Lv1]
2026-05-18 22:33:48,3566409341476285,钟情,33,345900,[等级19],[粉丝团 Lv7]
2026-05-18 22:33:51,111429902087,Likn .,21,346095,[等级8],
2026-05-18 22:33:54,3566409341476285,钟情,33,346279,[等级19],[粉丝团 Lv7]
2026-05-18 22:33:57,86050612943,饼饼,27,346417,[等级32],[粉丝团 Lv11]
2026-05-18 22:34:00,3566409341476285,钟情,30,346560,[等级19],[粉丝团 Lv7]
2026-05-18 22:34:04,86050612943,饼饼,3,346677,[等级32],[粉丝团 Lv11]
2026-05-18 22:34:06,3566409341476285,钟情,30,346809,[等级19],[粉丝团 Lv7]
2026-05-18 22:34:09,1895985174296125,&…,3,346873,,
2026-05-18 22:34:12,3566409341476285,钟情,30,346938,[等级19],[粉丝团 Lv7]
2026-05-18 22:34:16,58821848693,内涵,21,346994,[等级24],[粉丝团 Lv5]
2026-05-18 22:34:18,97096092259,清风徐来520,30,347046,[等级7],[粉丝团 Lv10]
2026-05-18 22:34:21,888853401441128,用户4970130878415,3,347098,,
2026-05-18 22:34:25,97096092259,清风徐来520,36,347141,[等级7],[粉丝团 Lv10]
2026-05-18 22:34:28,58821848693,内涵,3,347164,[等级24],[粉丝团 Lv5]
2026-05-18 22:34:30,4188511109129769,日落,3,347194,[等级7],[粉丝团 Lv6]
2026-05-18 22:34:33,86050612943,饼饼,30,347255,[等级32],[粉丝团 Lv11]
2026-05-18 22:34:36,59617270993,惯性  淡然,27,347354,[等级15],[粉丝团 Lv8]
2026-05-18 22:34:40,59200192511,.... ...,3,347424,[等级3],
2026-05-18 22:34:42,59617270993,惯性  淡然,33,347520,[等级15],[粉丝团 Lv8]
2026-05-18 22:34:46,71126905166,抖音小肋手,3,347612,[等级11],[粉丝团 Lv10]
2026-05-18 22:34:48,59617270993,惯性  淡然,27,347702,[等级15],[粉丝团 Lv8]
2026-05-18 22:34:52,2135722312078522,6哈哈,15,347797,[等级10],[粉丝团 Lv5]
2026-05-18 22:34:54,59617270993,惯性  淡然,24,347903,[等级15],[粉丝团 Lv8]
2026-05-18 22:34:58,105194926666119,Camellia🍑,33,347984,[等级4],
2026-05-18 22:35:00,4168969197985919,🌈姜堰,3,348046,[等级14],
2026-05-18 22:35:04,3663228569664605,天空无云,39,348114,[等级15],[粉丝团 Lv11]
2026-05-18 22:35:06,105194926666119,Camellia🍑,36,348152,[等级4],
2026-05-18 22:35:09,95972451597,🔱葫芦哥哥,21,348182,[等级13],
2026-05-18 22:35:12,2858360584547902,0077,30,348243,[等级18],[粉丝团 Lv10]
2026-05-18 22:35:15,86050612943,饼饼,33,348302,[等级32],[粉丝团 Lv11]
2026-05-18 22:35:18,2858360584547902,0077,30,348376,[等级18],[粉丝团 Lv10]
2026-05-18 22:35:21,95972451597,🔱葫芦哥哥,18,348450,[等级13],
2026-05-18 22:35:24,2858360584547902,0077,30,348533,[等级18],[粉丝团 Lv10]
2026-05-18 22:35:27,95972451597,🔱葫芦哥哥,24,348616,[等级13],
2026-05-18 22:35:30,2858360584547902,0077,27,348754,[等级18],[粉丝团 Lv10]
2026-05-18 22:35:33,4006222051421563,小董,3,348866,[等级8],
2026-05-18 22:35:36,2858360584547902,0077,30,349000,[等级18],[粉丝团 Lv10]
2026-05-18 22:35:39,71096652173,歌轶杳,6,349072,[等级31],
2026-05-18 22:35:42,105194926666119,Camellia🍑,3,349160,[等级4],
2026-05-18 22:35:45,71096652173,歌轶杳,3,349234,[等级31],
2026-05-18 22:35:48,1735488087792611,还是会发呆,27,349380,[等级3],[粉丝团 Lv8]
2026-05-18 22:35:51,71096652173,歌轶杳,24,349497,[等级31],
2026-05-18 22:35:54,63681751670,꒰๑˘ᴗ˘๑꒱*.不给🍬就捣蛋˚◌,33,349652,[等级14],[粉丝团 Lv12]
2026-05-18 22:35:57,774531495769000,zou,45,349843,[等级2],[粉丝团 Lv3]
2026-05-18 22:36:00,55813426530,久天渡,3,350036,[等级15],[粉丝团 Lv4]
2026-05-18 22:36:04,110421807073,夏微凉,36,350302,[等级21],[粉丝团 Lv15]
2026-05-18 22:36:06,3425681721529756,时间,6,350545,[等级7],
2026-05-18 22:36:09,71096652173,歌轶杳,9,350789,[等级31],
2026-05-18 22:36:12,109752114156,布德衣教,9,351026,[等级15],[粉丝团 Lv11]
2026-05-18 22:36:15,93175106625,༺前塵如夢󰠇往事隨風༻,21,351214,[等级21],[粉丝团 Lv9]
2026-05-18 22:36:18,3191222582914896,D.,27,351417,[等级3],
2026-05-18 22:36:22,1906967174984656,琪不奇怪,24,351609,[等级10],[粉丝团 Lv10]
2026-05-18 22:36:24,62944420291,随心且安,21,351778,[等级20],[粉丝团 Lv12]
2026-05-18 22:36:27,198378293041518,农夫三拳有点痛,3,351874,[等级3],
2026-05-18 22:36:30,2132689772357678,Y·Mar⁴- Tau❣,36,352059,[等级36],[粉丝团 Lv6]
2026-05-18 22:36:33,104089824566,柒伍,3,352214,[等级1],
2026-05-18 22:36:36,66446438256,🐮🐰,3,352376,[等级10],[粉丝团 Lv8]
2026-05-18 22:36:39,2132689772357678,Y·Mar⁴- Tau❣,33,352552,[等级36],[粉丝团 Lv6]
2026-05-18 22:36:42,62944420291,随心且安,21,352702,[等级20],[粉丝团 Lv12]
2026-05-18 22:36:46,62944420291,随心且安,21,352822,[等级20],[粉丝团 Lv12]
2026-05-18 22:36:49,62944420291,随心且安,24,352867,[等级20],[粉丝团 Lv12]
2026-05-18 22:36:51,69707707149,傷情歳月,6,352912,[等级8],[粉丝团 Lv2]
2026-05-18 22:36:54,62944420291,随心且安,21,353013,[等级20],[粉丝团 Lv12]
2026-05-18 22:36:57,69707707149,傷情歳月,30,353119,[等级8],[粉丝团 Lv2]
2026-05-18 22:37:00,62944420291,随心且安,24,353206,[等级20],[粉丝团 Lv12]
2026-05-18 22:37:03,1616742101292714,张君雅的小黄瓜,6,353302,[等级2],[粉丝团 Lv6]
2026-05-18 22:37:06,62944420291,随心且安,18,353384,[等级20],[粉丝团 Lv12]
2026-05-18 22:37:09,3433109703365099,⁷⁹分喜欢,27,353462,[等级9],[粉丝团 Lv5]
2026-05-18 22:37:12,62944420291,随心且安,21,353517,[等级20],[粉丝团 Lv12]
2026-05-18 22:37:15,69707707149,傷情歳月,36,353594,[等级8],[粉丝团 Lv2]
2026-05-18 22:37:18,62944420291,随心且安,21,353676,[等级20],[粉丝团 Lv12]
2026-05-18 22:37:22,69707707149,傷情歳月,33,353737,[等级8],[粉丝团 Lv2]
2026-05-18 22:37:24,111429902087,Likn .,6,353797,[等级8],
2026-05-18 22:37:27,69707707149,傷情歳月,33,353837,[等级8],[粉丝团 Lv2]
2026-05-18 22:37:31,99106545473,碧珍阁二当家,27,353905,[等级14],[粉丝团 Lv10]
2026-05-18 22:37:33,294260830112156,XJ,18,353945,[等级8],[粉丝团 Lv10]
2026-05-18 22:37:37,99106545473,碧珍阁二当家,27,353999,[等级14],[粉丝团 Lv10]
2026-05-18 22:37:39,7555682203687240761,不是蓝衣,6,354057,[等级1],
2026-05-18 22:37:42,3663228569664605,天空无云,42,354101,[等级15],[粉丝团 Lv11]
2026-05-18 22:37:45,4124967456746219,不⁴辣妹好烦.,3,354204,[等级7],[粉丝团 Lv10]
2026-05-18 22:37:48,3663228569664605,天空无云,39,354312,[等级15],[粉丝团 Lv11]
2026-05-18 22:37:51,3923520177834067,风息,3,354428,[等级9],[粉丝团 Lv1]
2026-05-18 22:37:54,3663228569664605,天空无云,39,354524,[等级15],[粉丝团 Lv11]
2026-05-18 22:37:57,106062702956,格先生🐒🐒🐒,6,354613,[等级16],
2026-05-18 22:38:00,81300307483,黄油年糕',12,354659,[等级11],
2026-05-18 22:38:03,106062702956,格先生🐒🐒🐒,39,354737,[等级16],
2026-05-18 22:38:07,109886789309,✨️larkspur_tang⁵¹⁰⁷⁴,18,354798,[等级31],[粉丝团 Lv16]
2026-05-18 22:38:09,73602175651,静静จูเจียจิง,21,354896,[等级18],[粉丝团 Lv11]
2026-05-18 22:38:12,109886789309,✨️larkspur_tang⁵¹⁰⁷⁴,36,355015,[等级31],[粉丝团 Lv16]
2026-05-18 22:38:15,106062702956,格先生🐒🐒🐒,15,355155,[等级16],
2026-05-18 22:38:18,2225024078724269,心亡,3,355226,[等级18],[粉丝团 Lv10]
2026-05-18 22:38:21,1735488087792611,还是会发呆,24,355333,[等级3],[粉丝团 Lv8]
2026-05-18 22:38:24,109886789309,✨️larkspur_tang⁵¹⁰⁷⁴,18,355437,[等级31],[粉丝团 Lv16]
2026-05-18 22:38:27,3949062634087486,晞和,33,355578,[等级9],[粉丝团 Lv10]
2026-05-18 22:38:31,73908919846,袜子一周一洗,24,355674,[等级5],[粉丝团 Lv8]
2026-05-18 22:38:33,3949062634087486,晞和,27,355783,[等级9],[粉丝团 Lv10]
2026-05-18 22:38:37,73908919846,袜子一周一洗,21,355886,[等级5],[粉丝团 Lv8]
2026-05-18 22:38:39,3949062634087486,晞和,30,356006,[等级9],[粉丝团 Lv10]
2026-05-18 22:38:42,62944420291,随心且安,24,356142,[等级20],[粉丝团 Lv12]
2026-05-18 22:38:45,111429902087,Likn .,3,356247,[等级8],
2026-05-18 22:38:49,60720763321,″北柠″🐾,30,356344,[等级34],[粉丝团 Lv8]
2026-05-18 22:38:51,73602175651,静静จูเจียจิง,30,356404,[等级18],[粉丝团 Lv11]
2026-05-18 22:38:54,60704769499,狐狸对你笑,24,356491,[等级27],[粉丝团 Lv8]
2026-05-18 22:38:57,111429902087,Likn .,18,356613,[等级8],
2026-05-18 22:39:00,60704769499,狐狸对你笑,27,356727,[等级27],[粉丝团 Lv8]
2026-05-18 22:39:03,73602175651,静静จูเจียจิง,24,356809,[等级18],[粉丝团 Lv11]
2026-05-18 22:39:06,68398930384,Hello，重庆小面,9,356893,[等级8],
2026-05-18 22:39:09,73602175651,静静จูเจียจิง,21,356972,[等级18],[粉丝团 Lv11]
2026-05-18 22:39:12,60704769499,狐狸对你笑,24,357049,[等级27],[粉丝团 Lv8]
2026-05-18 22:39:16,73602175651,静静จูเจียจิง,24,357110,[等级18],[粉丝团 Lv11]
2026-05-18 22:39:18,60704769499,狐狸对你笑,24,357212,[等级27],[粉丝团 Lv8]
2026-05-18 22:39:21,73602175651,静静จูเจียจิง,24,357292,[等级18],[粉丝团 Lv11]
2026-05-18 22:39:24,99229601776,♛小菜鸟,27,357399,[等级17],[粉丝团 Lv12]
2026-05-18 22:39:27,73602175651,静静จูเจียจิง,21,357469,[等级18],[粉丝团 Lv11]
2026-05-18 22:39:30,69707707149,傷情歳月,30,357543,[等级8],[粉丝团 Lv2]
2026-05-18 22:39:33,73602175651,静静จูเจียจิง,9,357603,[等级18],[粉丝团 Lv11]
2026-05-18 22:39:36,69707707149,傷情歳月,24,357672,[等级8],[粉丝团 Lv2]
2026-05-18 22:39:40,294260830112156,XJ,27,357758,[等级8],[粉丝团 Lv10]
2026-05-18 22:39:42,69707707149,傷情歳月,30,357807,[等级8],[粉丝团 Lv2]
2026-05-18 22:39:45,73602175651,静静จูเจียจิง,12,357879,[等级18],[粉丝团 Lv11]
2026-05-18 22:39:49,69707707149,傷情歳月,36,357966,[等级8],[粉丝团 Lv2]
2026-05-18 22:39:51,111429902087,Likn .,9,358020,[等级8],
2026-05-18 22:39:54,69707707149,傷情歳月,30,358127,[等级8],[粉丝团 Lv2]
2026-05-18 22:39:57,94491110875,🍅柿柿皆顺,27,358225,[等级19],[粉丝团 Lv12]
2026-05-18 22:40:00,69707707149,傷情歳月,39,358314,[等级8],[粉丝团 Lv2]
2026-05-18 22:40:03,94491110875,🍅柿柿皆顺,15,358382,[等级19],[粉丝团 Lv12]
2026-05-18 22:40:06,69707707149,傷情歳月,36,358479,[等级8],[粉丝团 Lv2]
2026-05-18 22:40:09,94491110875,🍅柿柿皆顺,36,358602,[等级19],[粉丝团 Lv12]
2026-05-18 22:40:12,69707707149,傷情歳月,30,358689,[等级8],[粉丝团 Lv2]
2026-05-18 22:40:15,62785258748,.L,21,358805,[等级8],
2026-05-18 22:40:18,69707707149,傷情歳月,33,358930,[等级8],[粉丝团 Lv2]
2026-05-18 22:40:21,73602175651,静静จูเจียจิง,21,358998,[等级18],[粉丝团 Lv11]
2026-05-18 22:40:24,294260830112156,XJ,27,359098,[等级8],[粉丝团 Lv10]
2026-05-18 22:40:28,86050612943,饼饼,9,359164,[等级32],[粉丝团 Lv11]
2026-05-18 22:40:30,294260830112156,XJ,27,359256,[等级8],[粉丝团 Lv10]
2026-05-18 22:40:33,94491110875,🍅柿柿皆顺,12,359329,[等级19],[粉丝团 Lv12]
2026-05-18 22:40:36,294260830112156,XJ,24,359426,[等级8],[粉丝团 Lv10]
2026-05-18 22:40:40,294260830112156,XJ,27,359536,[等级8],[粉丝团 Lv10]
2026-05-18 22:40:42,294260830112156,XJ,27,359599,[等级8],[粉丝团 Lv10]
2026-05-18 22:40:45,94491110875,🍅柿柿皆顺,27,359721,[等级19],[粉丝团 Lv12]
2026-05-18 22:40:49,294260830112156,XJ,30,359848,[等级8],[粉丝团 Lv10]
2026-05-18 22:40:52,1116703967684055,阿龙,3,359986,[等级1],
2026-05-18 22:40:55,294260830112156,XJ,27,360062,[等级8],[粉丝团 Lv10]
2026-05-18 22:40:57,94491110875,🍅柿柿皆顺,12,360132,[等级19],[粉丝团 Lv12]
2026-05-18 22:41:01,294260830112156,XJ,30,360216,[等级8],[粉丝团 Lv10]
2026-05-18 22:41:03,93404312725,榆旎,24,360287,[等级10],[粉丝团 Lv11]
2026-05-18 22:41:06,294260830112156,XJ,27,360368,[等级8],[粉丝团 Lv10]
2026-05-18 22:41:09,94491110875,🍅柿柿皆顺,33,360442,[等级19],[粉丝团 Lv12]
2026-05-18 22:41:12,294260830112156,XJ,27,360540,[等级8],[粉丝团 Lv10]
2026-05-18 22:41:15,94491110875,🍅柿柿皆顺,30,360639,[等级19],[粉丝团 Lv12]
2026-05-18 22:41:18,4262160533822109,晓大人,3,360709,[等级16],[粉丝团 Lv12]
2026-05-18 22:41:21,94491110875,🍅柿柿皆顺,21,360788,[等级19],[粉丝团 Lv12]
2026-05-18 22:41:24,57361839941,随遇而过,3,360872,[等级8],[粉丝团 Lv2]
2026-05-18 22:41:28,2066673565966568,大元,33,360955,[等级29],[粉丝团 Lv12]
2026-05-18 22:41:31,294260830112156,XJ,27,361061,[等级8],[粉丝团 Lv10]
2026-05-18 22:41:33,2066673565966568,大元,30,361150,[等级29],[粉丝团 Lv12]
2026-05-18 22:41:37,69707707149,傷情歳月,33,361232,[等级8],[粉丝团 Lv2]
2026-05-18 22:41:39,60704769499,狐狸对你笑,21,361315,[等级27],[粉丝团 Lv8]
2026-05-18 22:41:42,111429902087,Likn .,18,361399,[等级8],
2026-05-18 22:41:45,94491110875,🍅柿柿皆顺,3,361510,[等级19],[粉丝团 Lv12]
2026-05-18 22:41:48,103831111173,布噜biubiu-,3,361611,[等级11],
2026-05-18 22:41:51,94491110875,🍅柿柿皆顺,39,361731,[等级19],[粉丝团 Lv12]
2026-05-18 22:41:54,92705481023,五月feng,30,361842,[等级27],[粉丝团 Lv5]
2026-05-18 22:41:57,94491110875,🍅柿柿皆顺,36,361976,[等级19],[粉丝团 Lv12]
2026-05-18 22:42:00,92705481023,五月feng,30,362105,[等级27],[粉丝团 Lv5]
2026-05-18 22:42:03,94491110875,🍅柿柿皆顺,36,362231,[等级19],[粉丝团 Lv12]
2026-05-18 22:42:06,92705481023,五月feng,30,362373,[等级27],[粉丝团 Lv5]
2026-05-18 22:42:09,94491110875,🍅柿柿皆顺,9,362465,[等级19],[粉丝团 Lv12]
2026-05-18 22:42:12,92705481023,五月feng,30,362572,[等级27],[粉丝团 Lv5]
2026-05-18 22:42:15,60704769499,狐狸对你笑,21,362701,[等级27],[粉丝团 Lv8]
2026-05-18 22:42:18,92705481023,五月feng,30,362786,[等级27],[粉丝团 Lv5]
2026-05-18 22:42:21,60704769499,狐狸对你笑,27,362891,[等级27],[粉丝团 Lv8]
2026-05-18 22:42:24,92705481023,五月feng,30,363008,[等级27],[粉丝团 Lv5]
2026-05-18 22:42:28,60704769499,狐狸对你笑,21,363105,[等级27],[粉丝团 Lv8]
2026-05-18 22:42:30,64331589731,香橙好吃嘛,27,363177,[等级9],[粉丝团 Lv10]
2026-05-18 22:42:33,60704769499,狐狸对你笑,27,363286,[等级27],[粉丝团 Lv8]
2026-05-18 22:42:36,86050612943,饼饼,21,363381,[等级32],[粉丝团 Lv11]
2026-05-18 22:42:39,94491110875,🍅柿柿皆顺,6,363578,[等级19],[粉丝团 Lv12]
2026-05-18 22:42:42,92705481023,五月feng,30,363677,[等级27],[粉丝团 Lv5]
2026-05-18 22:42:45,294260830112156,XJ,27,363832,[等级8],[粉丝团 Lv10]
2026-05-18 22:42:48,3949062634087486,晞和,36,363991,[等级9],[粉丝团 Lv10]
2026-05-18 22:42:51,294260830112156,XJ,27,364217,[等级8],[粉丝团 Lv10]
2026-05-18 22:42:54,3949062634087486,晞和,36,364417,[等级9],[粉丝团 Lv10]
2026-05-18 22:42:57,94491110875,🍅柿柿皆顺,36,364670,[等级19],[粉丝团 Lv12]
2026-05-18 22:43:00,84880484245,从化#顺风顺水,6,364843,[等级4],
2026-05-18 22:43:03,294260830112156,XJ,30,365040,[等级8],[粉丝团 Lv10]
2026-05-18 22:43:07,84880484245,从化#顺风顺水,6,365171,[等级4],
2026-05-18 22:43:09,59617270993,惯性  淡然,24,365337,[等级15],[粉丝团 Lv8]
2026-05-18 22:43:13,92705481023,五月feng,30,365471,[等级27],[粉丝团 Lv5]
2026-05-18 22:43:15,51554238284,请叫我小张同学,3,365607,,
2026-05-18 22:43:18,92705481023,五月feng,30,365698,[等级27],[粉丝团 Lv5]
2026-05-18 22:43:21,94491110875,🍅柿柿皆顺,24,365816,[等级19],[粉丝团 Lv12]
2026-05-18 22:43:24,958407957811024,捕鱼达人🎣,3,365907,[等级16],[粉丝团 Lv8]
2026-05-18 22:43:27,94491110875,🍅柿柿皆顺,33,366021,[等级19],[粉丝团 Lv12]
2026-05-18 22:43:30,2695628977087251,晚山夏,3,366112,[等级6],
2026-05-18 22:43:33,94491110875,🍅柿柿皆顺,24,366211,[等级19],[粉丝团 Lv12]
2026-05-18 22:43:36,1203332966794195,痕累,36,366323,[等级6],[粉丝团 Lv10]
2026-05-18 22:43:39,94491110875,🍅柿柿皆顺,21,366422,[等级19],[粉丝团 Lv12]
2026-05-18 22:43:42,84880484245,从化#顺风顺水,15,366514,[等级4],
2026-05-18 22:43:45,94491110875,🍅柿柿皆顺,36,366611,[等级19],[粉丝团 Lv12]
2026-05-18 22:43:48,1203332966794195,痕累,30,366704,[等级6],[粉丝团 Lv10]
2026-05-18 22:43:51,94491110875,🍅柿柿皆顺,27,366846,[等级19],[粉丝团 Lv12]
2026-05-18 22:43:54,59663065416,失眠数羊🐑,12,366945,[等级6],[粉丝团 Lv7]
2026-05-18 22:43:57,2151121255408783,Ning`,33,367094,[等级24],[粉丝团 Lv4]
2026-05-18 22:44:00,111549956396,翻斗花园小孙,6,367206,[等级4],[粉丝团 Lv2]
2026-05-18 22:44:03,2151121255408783,Ning`,24,367411,[等级24],[粉丝团 Lv4]
2026-05-18 22:44:07,111475823009,明天依然是晴天,3,367536,[等级7],
2026-05-18 22:44:09,1616742101292714,张君雅的小黄瓜,3,367714,[等级2],[粉丝团 Lv6]
2026-05-18 22:44:12,93128036459,龙少,12,367870,[等级31],[粉丝团 Lv16]
2026-05-18 22:44:15,94491110875,🍅柿柿皆顺,12,368060,[等级19],[粉丝团 Lv12]
2026-05-18 22:44:19,77336342326,再美终究是戏,3,368192,[等级14],[粉丝团 Lv7]
2026-05-18 22:44:21,67431823039,时光薄凉~,18,368339,[等级13],[粉丝团 Lv4]
2026-05-18 22:44:24,4242375619907243,Nan,12,368434,,
2026-05-18 22:44:27,94491110875,🍅柿柿皆顺,30,368572,[等级19],[粉丝团 Lv12]
2026-05-18 22:44:30,1121114923470013,：້໌ᮨ꯭清欢,30,368714,[等级13],[粉丝团 Lv9]
2026-05-18 22:44:33,1046325426913655,小呼呼,24,368874,[等级6],[粉丝团 Lv4]
2026-05-18 22:44:36,69707707149,傷情歳月,30,369003,[等级8],[粉丝团 Lv2]
2026-05-18 22:44:39,97911487501,🩴 🌈路晖,36,369158,[等级32],[粉丝团 Lv13]
2026-05-18 22:44:43,993599746738967,独～处,6,369245,[等级28],[粉丝团 Lv15]
2026-05-18 22:44:45,1046325426913655,小呼呼,21,369361,[等级6],[粉丝团 Lv4]
2026-05-18 22:44:48,3875143136849544,忧郁的火鸡面,18,369486,[等级1],
2026-05-18 22:44:51,1046325426913655,小呼呼,9,369628,[等级6],[粉丝团 Lv4]
2026-05-18 22:44:54,82340969519,宵夜,33,369742,[等级18],[粉丝团 Lv13]
2026-05-18 22:44:57,62500350209,布礼猫🫧,36,369888,[等级12],[粉丝团 Lv6]
2026-05-18 22:45:00,64331589731,香橙好吃嘛,21,370019,[等级9],[粉丝团 Lv10]
2026-05-18 22:45:03,94491110875,🍅柿柿皆顺,27,370180,[等级19],[粉丝团 Lv12]
2026-05-18 22:45:06,53599471470,A-svvv.,24,370298,[等级18],[粉丝团 Lv11]
2026-05-18 22:45:09,94491110875,🍅柿柿皆顺,36,370474,[等级19],[粉丝团 Lv12]
2026-05-18 22:45:12,53599471470,A-svvv.,27,370621,[等级18],[粉丝团 Lv11]
2026-05-18 22:45:15,94491110875,🍅柿柿皆顺,3,370779,[等级19],[粉丝团 Lv12]
2026-05-18 22:45:18,3012301886073037,丁彦明,3,370905,,
2026-05-18 22:45:21,94491110875,🍅柿柿皆顺,9,371041,[等级19],[粉丝团 Lv12]
2026-05-18 22:45:25,68535855912,汏🍉西瓜汁🍉,30,371166,[等级21],[粉丝团 Lv14]
2026-05-18 22:45:27,94491110875,🍅柿柿皆顺,15,371318,[等级19],[粉丝团 Lv12]
2026-05-18 22:45:30,323736272118377,不廖廖,27,371517,,
2026-05-18 22:45:33,78614213579,不借钱,36,371726,[等级7],[粉丝团 Lv5]
2026-05-18 22:45:36,508400390120156,秋水共长天一色,36,371852,[等级4],
2026-05-18 22:45:39,61233465875,Undefined,6,372075,,
2026-05-18 22:45:42,69268051905,ᑋᵉᑊᑊᵒ妞,27,372323,[等级12],[粉丝团 Lv7]
2026-05-18 22:45:45,94491110875,🍅柿柿皆顺,21,372553,[等级19],[粉丝团 Lv12]
2026-05-18 22:45:48,69707707149,傷情歳月,30,372767,[等级8],[粉丝团 Lv2]
2026-05-18 22:45:51,93849928462,今天淦点啥.,21,372937,[等级3],
2026-05-18 22:45:54,69707707149,傷情歳月,27,373184,[等级8],[粉丝团 Lv2]
2026-05-18 22:45:57,93849928462,今天淦点啥.,3,373400,[等级3],
2026-05-18 22:46:00,69707707149,傷情歳月,27,373603,[等级8],[粉丝团 Lv2]
2026-05-18 22:46:03,94491110875,🍅柿柿皆顺,30,373819,[等级19],[粉丝团 Lv12]
2026-05-18 22:46:06,69707707149,傷情歳月,30,374011,[等级8],[粉丝团 Lv2]
2026-05-18 22:46:09,1216484335169374,雨生,33,374179,[等级25],[粉丝团 Lv5]
2026-05-18 22:46:12,69707707149,傷情歳月,27,374351,[等级8],[粉丝团 Lv2]
2026-05-18 22:46:15,1216484335169374,雨生,33,374572,[等级25],[粉丝团 Lv5]
2026-05-18 22:46:18,69707707149,傷情歳月,36,374772,[等级8],[粉丝团 Lv2]
2026-05-18 22:46:21,78614213579,不借钱,36,374976,[等级7],[粉丝团 Lv5]
2026-05-18 22:46:24,69707707149,傷情歳月,36,375145,[等级8],[粉丝团 Lv2]
2026-05-18 22:46:27,1216484335169374,雨生,36,375270,[等级25],[粉丝团 Lv5]
2026-05-18 22:46:31,23773147096,相见不如怀念,30,375423,[等级29],[粉丝团 Lv10]
2026-05-18 22:46:33,1216484335169374,雨生,42,375568,[等级25],[粉丝团 Lv5]
2026-05-18 22:46:36,89255764254,六叔,33,375749,[等级12],
2026-05-18 22:46:39,1216484335169374,雨生,36,375899,[等级25],[粉丝团 Lv5]
2026-05-18 22:46:42,89255764254,六叔,33,376056,[等级12],
2026-05-18 22:46:45,78614213579,不借钱,39,376169,[等级7],[粉丝团 Lv5]
2026-05-18 22:46:48,89255764254,六叔,30,376285,[等级12],
2026-05-18 22:46:51,1216484335169374,雨生,30,376437,[等级25],[粉丝团 Lv5]
2026-05-18 22:46:54,89255764254,六叔,21,376543,[等级12],
2026-05-18 22:46:58,1216484335169374,雨生,36,376676,[等级25],[粉丝团 Lv5]
2026-05-18 22:47:00,89255764254,六叔,36,376818,[等级12],
2026-05-18 22:47:03,78614213579,不借钱,36,376916,[等级7],[粉丝团 Lv5]
2026-05-18 22:47:06,92826880554,发发,3,376988,[等级15],[粉丝团 Lv9]
2026-05-18 22:47:10,1216484335169374,雨生,42,377135,[等级25],[粉丝团 Lv5]
2026-05-18 22:47:12,4432864647062893,小灰灰会飞,9,377221,[等级5],[粉丝团 Lv6]
2026-05-18 22:47:15,1216484335169374,雨生,42,377366,[等级25],[粉丝团 Lv5]
2026-05-18 22:47:18,4432864647062893,小灰灰会飞,27,377546,[等级5],[粉丝团 Lv6]
2026-05-18 22:47:21,94491110875,🍅柿柿皆顺,27,377740,[等级19],[粉丝团 Lv12]
2026-05-18 22:47:24,61233465875,Undefined,21,377958,,
2026-05-18 22:47:27,1216484335169374,雨生,36,378118,[等级25],[粉丝团 Lv5]
2026-05-18 22:47:30,95296686184,侯,30,378245,[等级22],[粉丝团 Lv5]
2026-05-18 22:47:33,751693780497405,尾号6178,30,378450,[等级32],[粉丝团 Lv15]
2026-05-18 22:47:36,82340969519,宵夜,36,378641,[等级18],[粉丝团 Lv13]
2026-05-18 22:47:39,1216484335169374,雨生,39,378845,[等级25],[粉丝团 Lv5]
2026-05-18 22:47:42,95296686184,侯,30,379002,[等级22],[粉丝团 Lv5]
2026-05-18 22:47:45,61233465875,Undefined,18,379146,,
2026-05-18 22:47:48,95296686184,侯,27,379308,[等级22],[粉丝团 Lv5]
2026-05-18 22:47:51,94491110875,🍅柿柿皆顺,30,379512,[等级19],[粉丝团 Lv12]
2026-05-18 22:47:54,82340969519,宵夜,33,379720,[等级18],[粉丝团 Lv13]
2026-05-18 22:47:57,78614213579,不借钱,36,379930,[等级7],[粉丝团 Lv5]
2026-05-18 22:48:00,100579465259,👉🏽Conquer👈🏽,18,380131,[等级1],
2026-05-18 22:48:03,1216484335169374,雨生,18,380291,[等级25],[粉丝团 Lv5]
2026-05-18 22:48:06,494119519809962,人无完人,33,380456,,
2026-05-18 22:48:09,1216484335169374,雨生,36,380626,[等级25],[粉丝团 Lv5]
2026-05-18 22:48:12,494119519809962,人无完人,30,380779,,
2026-05-18 22:48:15,64331589731,香橙好吃嘛,42,380933,[等级9],[粉丝团 Lv10]
2026-05-18 22:48:18,82340969519,宵夜,33,381041,[等级18],[粉丝团 Lv13]
2026-05-18 22:48:21,1216484335169374,雨生,18,381168,[等级25],[粉丝团 Lv5]
2026-05-18 22:48:24,494119519809962,人无完人,33,381281,,
2026-05-18 22:48:27,1216484335169374,雨生,24,381423,[等级25],[粉丝团 Lv5]
2026-05-18 22:48:30,494119519809962,人无完人,30,381554,,
2026-05-18 22:48:33,67569241927,大树成荫,3,381695,[等级15],
2026-05-18 22:48:36,1616742101292714,张君雅的小黄瓜,24,381864,[等级2],[粉丝团 Lv6]
2026-05-18 22:48:39,94491110875,🍅柿柿皆顺,36,382080,[等级19],[粉丝团 Lv12]
2026-05-18 22:48:42,1616742101292714,张君雅的小黄瓜,15,382324,[等级2],[粉丝团 Lv6]
2026-05-18 22:48:45,94491110875,🍅柿柿皆顺,33,382630,[等级19],[粉丝团 Lv12]
2026-05-18 22:48:48,494119519809962,人无完人,30,382840,,
2026-05-18 22:48:51,23773147096,相见不如怀念,21,383087,[等级29],[粉丝团 Lv10]
2026-05-18 22:48:54,95941346995,🌈Ifeelgood,3,383323,[等级21],[粉丝团 Lv11]
2026-05-18 22:48:57,1216484335169374,雨生,30,383530,[等级25],[粉丝团 Lv5]
2026-05-18 22:49:00,494119519809962,人无完人,27,383764,,
2026-05-18 22:49:03,1216484335169374,雨生,21,383995,[等级25],[粉丝团 Lv5]
2026-05-18 22:49:06,494119519809962,人无完人,27,384240,,
2026-05-18 22:49:09,99480255555,河边草☘️☘️,30,384482,[等级10],
2026-05-18 22:49:12,494119519809962,人无完人,33,384726,,
2026-05-18 22:49:15,89255764254,六叔,30,384918,[等级12],
2026-05-18 22:49:18,106110002750,谈笑风云,33,385091,[等级25],[粉丝团 Lv15]
2026-05-18 22:49:21,99480255555,河边草☘️☘️,27,385254,[等级10],
2026-05-18 22:49:24,106110002750,谈笑风云,33,385385,[等级25],[粉丝团 Lv15]
2026-05-18 22:49:28,1216484335169374,雨生,18,385501,[等级25],[粉丝团 Lv5]
2026-05-18 22:49:30,144785279034619,亲亲小嘴,3,385608,[等级3],
2026-05-18 22:49:33,99480255555,河边草☘️☘️,27,385743,[等级10],
2026-05-18 22:49:36,94334134121,于波,33,385905,[等级6],[粉丝团 Lv7]
2026-05-18 22:49:39,64331589731,香橙好吃嘛,30,386069,[等级9],[粉丝团 Lv10]
2026-05-18 22:49:42,97841728375,斯🌾普,3,386215,[等级24],[粉丝团 Lv13]
2026-05-18 22:49:45,94491110875,🍅柿柿皆顺,24,386372,[等级19],[粉丝团 Lv12]
2026-05-18 22:49:48,3257204834834941,ZL@,3,386569,[等级1],
2026-05-18 22:49:51,23773147096,相见不如怀念,27,386736,[等级29],[粉丝团 Lv10]
2026-05-18 22:49:54,92764120868,珂珂,27,386902,[等级4],
2026-05-18 22:49:57,64331589731,香橙好吃嘛,21,387013,[等级9],[粉丝团 Lv10]
2026-05-18 22:50:00,7555682203687240761,不是蓝衣,3,387187,[等级1],
2026-05-18 22:50:03,98714916130,心碎_也完美、,27,387330,[等级11],[粉丝团 Lv9]
2026-05-18 22:50:06,92764120868,珂珂,30,387447,[等级4],
2026-05-18 22:50:09,1216484335169374,雨生,42,387594,[等级25],[粉丝团 Lv5]
2026-05-18 22:50:12,23773147096,相见不如怀念,30,387762,[等级29],[粉丝团 Lv10]
2026-05-18 22:50:15,1216484335169374,雨生,42,387901,[等级25],[粉丝团 Lv5]
2026-05-18 22:50:18,2763506534587609,梧桐树,30,388061,,
2026-05-18 22:50:21,94491110875,🍅柿柿皆顺,27,388232,[等级19],[粉丝团 Lv12]
2026-05-18 22:50:24,23773147096,相见不如怀念,15,388370,[等级29],[粉丝团 Lv10]
2026-05-18 22:50:27,110497147302,忘忧,27,388487,[等级13],[粉丝团 Lv10]
2026-05-18 22:50:30,2135722312078522,6哈哈,3,388583,[等级10],[粉丝团 Lv5]
2026-05-18 22:50:33,1216484335169374,雨生,15,388639,[等级25],[粉丝团 Lv5]
2026-05-18 22:50:37,64331589731,香橙好吃嘛,57,388780,[等级9],[粉丝团 Lv10]
2026-05-18 22:50:39,1216484335169374,雨生,42,388885,[等级25],[粉丝团 Lv5]
2026-05-18 22:50:43,23773147096,相见不如怀念,24,389082,[等级29],[粉丝团 Lv10]
2026-05-18 22:50:45,94491110875,🍅柿柿皆顺,3,389197,[等级19],[粉丝团 Lv12]
2026-05-18 22:50:49,1616742101292714,张君雅的小黄瓜,9,389387,[等级2],[粉丝团 Lv6]
2026-05-18 22:50:51,94491110875,🍅柿柿皆顺,6,389508,[等级19],[粉丝团 Lv12]
2026-05-18 22:50:54,23773147096,相见不如怀念,9,389659,[等级29],[粉丝团 Lv10]
2026-05-18 22:50:57,1216484335169374,雨生,36,389749,[等级25],[粉丝团 Lv5]
2026-05-18 22:51:00,3777572106678292,妉,27,389873,[等级23],[粉丝团 Lv14]
2026-05-18 22:51:03,94491110875,🍅柿柿皆顺,36,390025,[等级19],[粉丝团 Lv12]
2026-05-18 22:51:06,23773147096,相见不如怀念,30,390199,[等级29],[粉丝团 Lv10]
2026-05-18 22:51:09,2817366432678382,用户0401,3,390291,[等级20],
2026-05-18 22:51:12,1257440102592381,2467卡0,30,390406,[等级34],[粉丝团 Lv16]
2026-05-18 22:51:16,174152815742634,用户863138408890,18,390458,,
2026-05-18 22:51:18,89255764254,六叔,30,390481,[等级12],
2026-05-18 22:51:22,4266563642330734,别问我是谁😶,3,390524,[等级17],
2026-05-18 22:51:24,89255764254,六叔,33,390556,[等级12],
2026-05-18 22:51:28,89255764254,六叔,36,390615,[等级12],
2026-05-18 22:51:30,89255764254,六叔,30,390642,[等级12],
2026-05-18 22:51:33,2475702575179399,这个我是真的喜欢,6,390697,[等级14],
2026-05-18 22:51:36,89255764254,六叔,36,390764,[等级12],
2026-05-18 22:51:39,64331589731,香橙好吃嘛,27,390811,[等级9],[粉丝团 Lv10]
2026-05-18 22:51:42,89255764254,六叔,30,390853,[等级12],
2026-05-18 22:51:45,64331589731,香橙好吃嘛,30,390926,[等级9],[粉丝团 Lv10]
2026-05-18 22:51:48,89255764254,六叔,36,391043,[等级12],
2026-05-18 22:51:52,100384497512,枂洄,21,391142,[等级3],
2026-05-18 22:51:54,89255764254,六叔,33,391234,[等级12],
2026-05-18 22:51:57,101912516704,愿你喜💦,3,391392,[等级9],
2026-05-18 22:52:01,93404312725,榆旎,6,391604,[等级10],[粉丝团 Lv11]
2026-05-18 22:52:03,1405637868913348,？,3,391768,,
2026-05-18 22:52:06,3191222582914896,D.,18,392035,[等级3],
2026-05-18 22:52:09,99393356410,吃不了一点香菜,33,392289,[等级26],[粉丝团 Lv12]
2026-05-18 22:52:12,99309439150,孞琞,12,392585,[等级13],
2026-05-18 22:52:15,71747499339,十 三,30,392853,[等级21],[粉丝团 Lv10]
2026-05-18 22:52:18,1906967174984656,琪不奇怪,6,393126,[等级10],[粉丝团 Lv10]
2026-05-18 22:52:21,63316782796,简单,6,393416,[等级12],[粉丝团 Lv11]
2026-05-18 22:52:24,76363832072,山南水北,3,393664,[等级15],[粉丝团 Lv3]
2026-05-18 22:52:27,71747499339,十 三,30,394088,[等级21],[粉丝团 Lv10]
2026-05-18 22:52:30,76498623494,ㅤㅤㅤ       ㅤㅤㅤ,15,394642,[等级10],[粉丝团 Lv2]
2026-05-18 22:52:33,2395184081945055,忙里偷闲⁵¹⁰⁷⁴,6,395345,[等级29],[粉丝团 Lv15]
2026-05-18 22:52:36,2933110340847693,提笔画忧愁,24,396096,[等级7],[粉丝团 Lv5]
2026-05-18 22:52:39,99229601776,♛小菜鸟,30,396878,[等级17],[粉丝团 Lv12]
2026-05-18 22:52:42,370969433090000,用户1835014483227,3,397650,[等级3],
2026-05-18 22:52:45,67431823039,时光薄凉~,6,398376,[等级13],[粉丝团 Lv4]
2026-05-18 22:52:48,67431823039,时光薄凉~,6,399017,[等级13],[粉丝团 Lv4]
2026-05-18 22:52:51,2763506534587609,梧桐树,30,399689,,
2026-05-18 22:52:54,60413731655,薇,30,400319,[等级13],[粉丝团 Lv11]
2026-05-18 22:52:57,82568099538,海,30,400949,[等级14],[粉丝团 Lv5]
2026-05-18 22:53:00,60413731655,薇,27,401561,[等级13],[粉丝团 Lv11]
2026-05-18 22:53:03,2402904187611179,好一點點點,33,402093,,
2026-05-18 22:53:06,60413731655,薇,27,402606,[等级13],[粉丝团 Lv11]
2026-05-18 22:53:09,2402904187611179,好一點點點,33,403049,,
2026-05-18 22:53:12,100060114693,俞我有缘,30,403501,[等级13],[粉丝团 Lv11]
2026-05-18 22:53:15,108723252132,蜡笔小海（忍住版）,36,403965,[等级17],
2026-05-18 22:53:18,92705481023,五月feng,24,404427,[等级27],[粉丝团 Lv5]
2026-05-18 22:53:21,82568099538,海,27,404883,[等级14],[粉丝团 Lv5]
2026-05-18 22:53:24,101578878604,充电宝,69,405324,[等级18],[粉丝团 Lv12]
2026-05-18 22:53:27,92764120868,珂珂,21,405821,[等级4],
2026-05-18 22:53:30,76363832072,山南水北,6,406206,[等级15],[粉丝团 Lv3]
2026-05-18 22:53:33,3628026859366756,L@H,21,406740,[等级18],[粉丝团 Lv2]
2026-05-18 22:53:36,101578878604,充电宝,69,407242,[等级18],[粉丝团 Lv12]
2026-05-18 22:53:40,108723252132,蜡笔小海（忍住版）,36,407723,[等级17],
2026-05-18 22:53:42,62856865724,🌈珍朱奶茶,24,408122,[等级30],[粉丝团 Lv1]
2026-05-18 22:53:45,108723252132,蜡笔小海（忍住版）,36,408572,[等级17],
2026-05-18 22:53:48,62856865724,🌈珍朱奶茶,27,408979,[等级30],[粉丝团 Lv1]
2026-05-18 22:53:51,2458960108983902,我眼睛酸,18,409310,[等级6],[粉丝团 Lv2]
2026-05-18 22:53:54,2763506534587609,梧桐树,18,409579,,
2026-05-18 22:53:57,2458960108983902,我眼睛酸,21,409913,[等级6],[粉丝团 Lv2]
2026-05-18 22:54:00,7572914980963681329,平凡老己,33,410143,[等级26],[粉丝团 Lv11]
2026-05-18 22:54:03,88425646092,宇航员•ᯅ•,18,410384,[等级17],[粉丝团 Lv9]
2026-05-18 22:54:06,100060114693,俞我有缘,21,410678,[等级13],[粉丝团 Lv11]
2026-05-18 22:54:09,2458960108983902,我眼睛酸,30,410989,[等级6],[粉丝团 Lv2]
2026-05-18 22:54:12,92705481023,五月feng,30,411295,[等级27],[粉丝团 Lv5]
2026-05-18 22:54:15,108723252132,蜡笔小海（忍住版）,36,411524,[等级17],
2026-05-18 22:54:18,92705481023,五月feng,27,411695,[等级27],[粉丝团 Lv5]
2026-05-18 22:54:21,108723252132,蜡笔小海（忍住版）,33,411880,[等级17],
2026-05-18 22:54:24,92705481023,五月feng,30,412112,[等级27],[粉丝团 Lv5]
2026-05-18 22:54:27,94944450747,👩🏼,24,412293,[等级8],[粉丝团 Lv4]
2026-05-18 22:54:30,1482598688239719,封心📿,6,412487,[等级28],[粉丝团 Lv10]
2026-05-18 22:54:33,66894441509,阿米嘎滴哆咪,30,412675,[等级4],
2026-05-18 22:54:36,92705481023,五月feng,24,412825,[等级27],[粉丝团 Lv5]
2026-05-18 22:54:39,94944450747,👩🏼,12,412969,[等级8],[粉丝团 Lv4]
2026-05-18 22:54:42,92705481023,五月feng,27,413125,[等级27],[粉丝团 Lv5]
2026-05-18 22:54:45,101413221300,·拾柒·,36,413249,[等级7],[粉丝团 Lv10]
2026-05-18 22:54:48,92705481023,五月feng,18,413360,[等级27],[粉丝团 Lv5]
2026-05-18 22:54:51,74306427900,Summer,27,413512,[等级7],
2026-05-18 22:54:54,92705481023,五月feng,30,413654,[等级27],[粉丝团 Lv5]
2026-05-18 22:54:57,74306427900,Summer,33,413821,[等级7],
2026-05-18 22:55:00,83306683688,*。半夏微凉 *。,30,413971,[等级10],[粉丝团 Lv11]
2026-05-18 22:55:03,1482598688239719,封心📿,6,414146,[等级28],[粉丝团 Lv10]
2026-05-18 22:55:06,96891130642,小肆,30,414329,[等级5],[粉丝团 Lv4]
2026-05-18 22:55:09,94944450747,👩🏼,15,414526,[等级8],[粉丝团 Lv4]
2026-05-18 22:55:12,92705481023,五月feng,24,414648,[等级27],[粉丝团 Lv5]
2026-05-18 22:55:15,94944450747,👩🏼,3,414740,[等级8],[粉丝团 Lv4]
2026-05-18 22:55:18,85465668445,新新有脾气,3,414815,,
2026-05-18 22:55:21,4089776399728542,辉,3,414930,[等级16],[粉丝团 Lv10]
2026-05-18 22:55:25,92705481023,五月feng,27,415015,[等级27],[粉丝团 Lv5]
2026-05-18 22:55:27,23773147096,相见不如怀念,27,415123,[等级29],[粉丝团 Lv10]
2026-05-18 22:55:30,92705481023,五月feng,30,415258,[等级27],[粉丝团 Lv5]
2026-05-18 22:55:34,74306427900,Summer,30,415399,[等级7],
2026-05-18 22:55:36,92705481023,五月feng,30,415498,[等级27],[粉丝团 Lv5]
2026-05-18 22:55:39,23773147096,相见不如怀念,30,415601,[等级29],[粉丝团 Lv10]
2026-05-18 22:55:42,92705481023,五月feng,30,415729,[等级27],[粉丝团 Lv5]
2026-05-18 22:55:45,94944450747,👩🏼,24,415863,[等级8],[粉丝团 Lv4]
2026-05-18 22:55:48,92705481023,五月feng,30,416012,[等级27],[粉丝团 Lv5]
2026-05-18 22:55:51,94944450747,👩🏼,15,416144,[等级8],[粉丝团 Lv4]
2026-05-18 22:55:54,92705481023,五月feng,30,416247,[等级27],[粉丝团 Lv5]
2026-05-18 22:55:57,82110318586,依旧少年,3,416344,[等级15],[粉丝团 Lv2]
2026-05-18 22:56:00,92705481023,五月feng,27,416440,[等级27],[粉丝团 Lv5]
2026-05-18 22:56:03,94944450747,👩🏼,15,416610,[等级8],[粉丝团 Lv4]
2026-05-18 22:56:07,92705481023,五月feng,30,416714,[等级27],[粉丝团 Lv5]
2026-05-18 22:56:09,104949047941,蔚蓝海岸,33,416854,[等级34],[粉丝团 Lv11]
2026-05-18 22:56:12,92705481023,五月feng,24,416995,[等级27],[粉丝团 Lv5]
2026-05-18 22:56:15,2475702575179399,这个我是真的喜欢,9,417187,[等级14],
2026-05-18 22:56:18,92705481023,五月feng,27,417325,[等级27],[粉丝团 Lv5]
2026-05-18 22:56:21,104949047941,蔚蓝海岸,30,417463,[等级34],[粉丝团 Lv11]
2026-05-18 22:56:24,92705481023,五月feng,30,417551,[等级27],[粉丝团 Lv5]
2026-05-18 22:56:27,23773147096,相见不如怀念,24,417681,[等级29],[粉丝团 Lv10]
2026-05-18 22:56:30,92705481023,五月feng,27,417759,[等级27],[粉丝团 Lv5]
2026-05-18 22:56:34,144788103372621,欧 小欧,24,417847,[等级5],
2026-05-18 22:56:36,108723252132,蜡笔小海（忍住版）,33,417918,[等级17],
2026-05-18 22:56:40,144788103372621,欧 小欧,24,418031,[等级5],
2026-05-18 22:56:42,92705481023,五月feng,30,418103,[等级27],[粉丝团 Lv5]
2026-05-18 22:56:45,1103510050969096,梦佳斯（贵创）清洁用品,6,418172,[等级21],
2026-05-18 22:56:48,65541210479,墨染流年,3,418264,[等级18],[粉丝团 Lv1]
2026-05-18 22:56:52,97586851070,洋洋洋洋洋🐳,6,418347,[等级13],[粉丝团 Lv11]
2026-05-18 22:56:54,23773147096,相见不如怀念,39,418419,[等级29],[粉丝团 Lv10]
2026-05-18 22:56:58,1333067217383981,时迁,3,418491,[等级3],
2026-05-18 22:57:00,92705481023,五月feng,30,418557,[等级27],[粉丝团 Lv5]
2026-05-18 22:57:03,1333067217383981,时迁,6,418635,[等级3],
2026-05-18 22:57:06,92705481023,五月feng,27,418677,[等级27],[粉丝团 Lv5]
2026-05-18 22:57:09,144788103372621,欧 小欧,27,418729,[等级5],
2026-05-18 22:57:12,92705481023,五月feng,27,418778,[等级27],[粉丝团 Lv5]
2026-05-18 22:57:16,144788103372621,欧 小欧,21,418824,[等级5],
2026-05-18 22:57:18,92705481023,五月feng,24,418873,[等级27],[粉丝团 Lv5]
2026-05-18 22:57:21,82110318586,依旧少年,3,418916,[等级15],[粉丝团 Lv2]
2026-05-18 22:57:24,92705481023,五月feng,27,418974,[等级27],[粉丝团 Lv5]
2026-05-18 22:57:27,99393356410,吃不了一点香菜,27,419049,[等级26],[粉丝团 Lv12]
2026-05-18 22:57:30,92705481023,五月feng,21,419131,[等级27],[粉丝团 Lv5]
2026-05-18 22:57:33,99393356410,吃不了一点香菜,15,419176,[等级26],[粉丝团 Lv12]
2026-05-18 22:57:36,92705481023,五月feng,30,419253,[等级27],[粉丝团 Lv5]
2026-05-18 22:57:39,99393356410,吃不了一点香菜,21,419302,[等级26],[粉丝团 Lv12]
2026-05-18 22:57:43,92705481023,五月feng,24,419359,[等级27],[粉丝团 Lv5]
2026-05-18 22:57:45,2919903342887374,白日梦想家,12,419441,[等级1],
2026-05-18 22:57:48,92705481023,五月feng,30,419513,[等级27],[粉丝团 Lv5]
2026-05-18 22:57:51,99393356410,吃不了一点香菜,21,419595,[等级26],[粉丝团 Lv12]
2026-05-18 22:57:54,92705481023,五月feng,24,419679,[等级27],[粉丝团 Lv5]
2026-05-18 22:57:57,1333067217383981,时迁,30,419762,[等级3],
2026-05-18 22:58:00,92705481023,五月feng,27,419811,[等级27],[粉丝团 Lv5]
2026-05-18 22:58:04,99393356410,吃不了一点香菜,27,419857,[等级26],[粉丝团 Lv12]
2026-05-18 22:58:06,92705481023,五月feng,24,419887,[等级27],[粉丝团 Lv5]
2026-05-18 22:58:10,2919903342887374,白日梦想家,3,419927,[等级1],
2026-05-18 22:58:12,92705481023,五月feng,27,419975,[等级27],[粉丝团 Lv5]
2026-05-18 22:58:15,99393356410,吃不了一点香菜,21,420099,[等级26],[粉丝团 Lv12]
2026-05-18 22:58:18,92705481023,五月feng,24,420153,[等级27],[粉丝团 Lv5]
2026-05-18 22:58:21,2919903342887374,白日梦想家,3,420198,[等级1],
2026-05-18 22:58:24,92705481023,五月feng,21,420226,[等级27],[粉丝团 Lv5]
2026-05-18 22:58:27,12153731260,学会笑着走·,6,420295,[等级12],[粉丝团 Lv1]
2026-05-18 22:58:30,92705481023,五月feng,24,420358,[等级27],[粉丝团 Lv5]
2026-05-18 22:58:33,2919903342887374,白日梦想家,18,420421,[等级1],
2026-05-18 22:58:36,1267095340586100,齮,12,420474,[等级17],
2026-05-18 22:58:39,1116699846516204,茶香园,6,420517,[等级13],[粉丝团 Lv4]
2026-05-18 22:58:42,1267095340586100,齮,30,420596,[等级17],
2026-05-18 22:58:46,2919903342887374,白日梦想家,24,420668,[等级1],
2026-05-18 22:58:48,1267095340586100,齮,27,420743,[等级17],
2026-05-18 22:58:52,144788103372621,欧 小欧,24,420822,[等级5],
2026-05-18 22:58:54,1267095340586100,齮,30,420878,[等级17],
2026-05-18 22:58:58,2559258277454052,超,36,420950,[等级18],[粉丝团 Lv8]
2026-05-18 22:59:00,92705481023,五月feng,30,421031,[等级27],[粉丝团 Lv5]
2026-05-18 22:59:04,7468234728773682234,✨✨✨七里香,30,421114,[等级20],[粉丝团 Lv12]
2026-05-18 22:59:06,92705481023,五月feng,30,421187,[等级27],[粉丝团 Lv5]
2026-05-18 22:59:10,144788103372621,欧 小欧,18,421256,[等级5],
2026-05-18 22:59:12,92705481023,五月feng,30,421303,[等级27],[粉丝团 Lv5]
2026-05-18 22:59:15,92764120868,珂珂,24,421344,[等级4],
2026-05-18 22:59:18,92705481023,五月feng,27,421391,[等级27],[粉丝团 Lv5]
2026-05-18 22:59:21,144788103372621,欧 小欧,27,421434,[等级5],
2026-05-18 22:59:24,92705481023,五月feng,30,421469,[等级27],[粉丝团 Lv5]
2026-05-18 22:59:27,95081940764,👁‿👁,18,421515,[等级1],
2026-05-18 22:59:30,92705481023,五月feng,27,421580,[等级27],[粉丝团 Lv5]
2026-05-18 22:59:33,95081940764,👁‿👁,27,421634,[等级1],
2026-05-18 22:59:36,78322643945,Luna·Yvette,9,421698,[等级18],[粉丝团 Lv11]
2026-05-18 22:59:39,95081940764,👁‿👁,24,421742,[等级1],
2026-05-18 22:59:42,92705481023,五月feng,30,421798,[等级27],[粉丝团 Lv5]
2026-05-18 22:59:45,95081940764,👁‿👁,27,421857,[等级1],
2026-05-18 22:59:48,92705481023,五月feng,30,421937,[等级27],[粉丝团 Lv5]
2026-05-18 22:59:51,86050612943,饼饼,21,422013,[等级32],[粉丝团 Lv11]
2026-05-18 22:59:54,92705481023,五月feng,30,422094,[等级27],[粉丝团 Lv5]
2026-05-18 22:59:57,61298227981,Qin_G,3,422150,[等级18],[粉丝团 Lv10]
2026-05-18 23:00:00,51534481865,清澈里,3,422219,[等级13],[粉丝团 Lv6]
2026-05-18 23:00:04,99393356410,吃不了一点香菜,24,422268,[等级26],[粉丝团 Lv12]
2026-05-18 23:00:06,92705481023,五月feng,30,422309,[等级27],[粉丝团 Lv5]
2026-05-18 23:00:09,1988359764577108,命在,3,422368,[等级12],
2026-05-18 23:00:12,92705481023,五月feng,27,422438,[等级27],[粉丝团 Lv5]
2026-05-18 23:00:16,4161019989728232,单行Ｎ线➕1️⃣🍁,18,422468,[等级13],[粉丝团 Lv5]
2026-05-18 23:00:18,51534481865,清澈里,24,422578,[等级13],[粉丝团 Lv6]
2026-05-18 23:00:21,3558462383205171,微笑可以治愈一切,3,422655,[等级11],[粉丝团 Lv1]
2026-05-18 23:00:24,92705481023,五月feng,27,422754,[等级27],[粉丝团 Lv5]
2026-05-18 23:00:27,3742388895890504,ঞৣ᭄陈蒙້໌ཽ厚爱ꦿꕥ🌴,42,422856,[等级43],[粉丝团 Lv7]
2026-05-18 23:00:30,92705481023,五月feng,30,423046,[等级27],[粉丝团 Lv5]
2026-05-18 23:00:33,3025459012973000,南朋友,6,423327,[等级33],[粉丝团 Lv12]
2026-05-18 23:00:36,19875229108,与往事干杯～,30,423563,[等级21],[粉丝团 Lv9]
2026-05-18 23:00:39,23773147096,相见不如怀念,9,423759,[等级29],[粉丝团 Lv10]
2026-05-18 23:00:42,2478712599615904,Czzz.,12,423935,[等级25],
2026-05-18 23:00:45,1560954851308167,壹壹呀一一🍒,33,424147,[等级7],[粉丝团 Lv10]
2026-05-18 23:00:48,69559193911,安祭     ღ,33,424322,[等级30],[粉丝团 Lv8]
2026-05-18 23:00:52,1560954851308167,壹壹呀一一🍒,33,424489,[等级7],[粉丝团 Lv10]
2026-05-18 23:00:54,65938442573,芋泥脏脏包,15,424615,[等级9],[粉丝团 Lv6]
2026-05-18 23:00:57,4226172964837288,李吧啦吧啦,24,424783,[等级7],[粉丝团 Lv10]
2026-05-18 23:01:00,92705481023,五月feng,30,424932,[等级27],[粉丝团 Lv5]
2026-05-18 23:01:03,4226172964837288,李吧啦吧啦,33,425077,[等级7],[粉丝团 Lv10]
2026-05-18 23:01:06,92705481023,五月feng,27,425228,[等级27],[粉丝团 Lv5]
2026-05-18 23:01:10,4226172964837288,李吧啦吧啦,27,425339,[等级7],[粉丝团 Lv10]
2026-05-18 23:01:12,65938442573,芋泥脏脏包,9,425433,[等级9],[粉丝团 Lv6]
2026-05-18 23:01:15,4226172964837288,李吧啦吧啦,27,425502,[等级7],[粉丝团 Lv10]
2026-05-18 23:01:18,69559193911,安祭     ღ,33,425565,[等级30],[粉丝团 Lv8]
2026-05-18 23:01:19,92705481023,五月feng,24,425565,[等级27],[粉丝团 Lv5]
2026-05-18 23:01:22,4226172964837288,李吧啦吧啦,15,425625,[等级7],[粉丝团 Lv10]
2026-05-18 23:01:24,99393356410,吃不了一点香菜,27,425711,[等级26],[粉丝团 Lv12]
2026-05-18 23:01:27,3712366425938654,你在我,3,425781,[等级9],
2026-05-18 23:01:30,92705481023,五月feng,27,425854,[等级27],[粉丝团 Lv5]
2026-05-18 23:01:33,145609550201527,肖肖,3,425915,[等级18],[粉丝团 Lv13]
2026-05-18 23:01:36,1873159283029960,🍐钴,3,426004,[等级15],
2026-05-18 23:01:39,145609550201527,肖肖,42,426091,[等级18],[粉丝团 Lv13]
2026-05-18 23:01:42,92705481023,五月feng,30,426171,[等级27],[粉丝团 Lv5]
2026-05-18 23:01:45,145609550201527,肖肖,45,426223,[等级18],[粉丝团 Lv13]
2026-05-18 23:01:48,92705481023,五月feng,30,426276,[等级27],[粉丝团 Lv5]
2026-05-18 23:01:51,96124644413,酷野阿姨,6,426308,[等级10],
2026-05-18 23:01:55,69559193911,安祭     ღ,33,426344,[等级30],[粉丝团 Lv8]
2026-05-18 23:01:57,23652410602,派星星,3,426389,[等级10],[粉丝团 Lv4]
2026-05-18 23:02:01,69559193911,安祭     ღ,33,426423,[等级30],[粉丝团 Lv8]
2026-05-18 23:02:04,7468234728773682234,✨✨✨七里香,36,426472,[等级20],[粉丝团 Lv12]
2026-05-18 23:02:06,69559193911,安祭     ღ,18,426524,[等级30],[粉丝团 Lv8]
2026-05-18 23:02:10,2358883873730825,三三三,3,426577,[等级9],[粉丝团 Lv1]
2026-05-18 23:02:13,69559193911,安祭     ღ,33,426643,[等级30],[粉丝团 Lv8]
2026-05-18 23:02:15,3636816477170595,66666,36,426687,[等级24],[粉丝团 Lv13]
2026-05-18 23:02:19,69559193911,安祭     ღ,33,426772,[等级30],[粉丝团 Lv8]
2026-05-18 23:02:21,3636816477170595,66666,33,426815,[等级24],[粉丝团 Lv13]
2026-05-18 23:02:24,81467071981,coffee🌞⁵¹⁰⁷⁴,3,426896,[等级25],[粉丝团 Lv15]
2026-05-18 23:02:28,3636816477170595,66666,30,426971,[等级24],[粉丝团 Lv13]
2026-05-18 23:02:31,69559193911,安祭     ღ,36,427039,[等级30],[粉丝团 Lv8]
2026-05-18 23:02:33,7468234728773682234,✨✨✨七里香,33,427085,[等级20],[粉丝团 Lv12]
2026-05-18 23:02:36,60704769499,狐狸对你笑,24,427119,[等级27],[粉丝团 Lv8]
2026-05-18 23:02:39,1267095340586100,齮,3,427182,[等级17],
2026-05-18 23:02:42,95622916953,🦄喜吖夏🌈,3,427268,[等级13],[粉丝团 Lv1]
2026-05-18 23:02:45,3636816477170595,66666,30,427379,[等级24],[粉丝团 Lv13]
2026-05-18 23:02:48,60704769499,狐狸对你笑,27,427514,[等级27],[粉丝团 Lv8]
2026-05-18 23:02:51,3636816477170595,66666,30,427639,[等级24],[粉丝团 Lv13]
2026-05-18 23:02:54,60704769499,狐狸对你笑,30,427754,[等级27],[粉丝团 Lv8]
2026-05-18 23:02:57,3636816477170595,66666,27,427850,[等级24],[粉丝团 Lv13]
2026-05-18 23:03:01,60704769499,狐狸对你笑,21,427951,[等级27],[粉丝团 Lv8]
2026-05-18 23:03:03,59103325214,滴迪底弟,3,428024,[等级14],
2026-05-18 23:03:06,4410875622990936,祥叔,6,428158,[等级1],
2026-05-18 23:03:09,69559193911,安祭     ღ,33,428257,[等级30],[粉丝团 Lv8]
2026-05-18 23:03:12,94161696152,V夏梦,27,428360,[等级15],[粉丝团 Lv11]
2026-05-18 23:03:15,69559193911,安祭     ღ,36,428436,[等级30],[粉丝团 Lv8]
2026-05-18 23:03:18,60704769499,狐狸对你笑,24,428531,[等级27],[粉丝团 Lv8]
2026-05-18 23:03:21,69559193911,安祭     ღ,6,428587,[等级30],[粉丝团 Lv8]
2026-05-18 23:03:24,71126905166,抖音小肋手,27,428655,[等级11],[粉丝团 Lv10]
2026-05-18 23:03:28,786877759095933,Breeze.,3,428695,[等级10],[粉丝团 Lv6]
2026-05-18 23:03:30,69268051905,ᑋᵉᑊᑊᵒ妞,24,428764,[等级12],[粉丝团 Lv7]
2026-05-18 23:03:33,54879030085,安义儿,9,428829,[等级9],
2026-05-18 23:03:36,69268051905,ᑋᵉᑊᑊᵒ妞,24,428924,[等级12],[粉丝团 Lv7]
2026-05-18 23:03:39,79336658380,广东木门源头厂家,3,428966,[等级28],[粉丝团 Lv7]
2026-05-18 23:03:42,113988720669796,我要桃跑啦.,33,429057,[等级7],
2026-05-18 23:03:45,7555682203687240761,不是蓝衣,9,429112,[等级1],
2026-05-18 23:03:49,60704769499,狐狸对你笑,24,429144,[等级27],[粉丝团 Lv8]
2026-05-18 23:03:51,103587577954,———.,15,429174,,
2026-05-18 23:03:54,113988720669796,我要桃跑啦.,30,429220,[等级7],
2026-05-18 23:03:57,59103325214,滴迪底弟,3,429245,[等级14],
2026-05-18 23:04:01,945207153268631,尹清棠·砚初,33,429297,[等级28],[粉丝团 Lv7]
2026-05-18 23:04:03,93519887375,🌈咖啡,12,429332,[等级5],
2026-05-18 23:04:06,23773147096,相见不如怀念,9,429346,[等级29],[粉丝团 Lv10]
2026-05-18 23:04:09,23773147096,相见不如怀念,27,429386,[等级29],[粉丝团 Lv10]
2026-05-18 23:04:12,81467071981,coffee🌞⁵¹⁰⁷⁴,27,429446,[等级25],[粉丝团 Lv15]
2026-05-18 23:04:16,23773147096,相见不如怀念,12,429515,[等级29],[粉丝团 Lv10]
2026-05-18 23:04:18,63807032510,Y..,27,429623,[等级3],
2026-05-18 23:04:21,3636816477170595,66666,15,429708,[等级24],[粉丝团 Lv13]
2026-05-18 23:04:24,63807032510,Y..,27,429817,[等级3],
2026-05-18 23:04:27,3636816477170595,66666,27,429888,[等级24],[粉丝团 Lv13]
2026-05-18 23:04:30,63807032510,Y..,27,429987,[等级3],
2026-05-18 23:04:33,3636816477170595,66666,24,430060,[等级24],[粉丝团 Lv13]
2026-05-18 23:04:36,2163494518533592,小韭菜,9,430149,[等级17],
2026-05-18 23:04:39,3636816477170595,66666,27,430281,[等级24],[粉丝团 Lv13]
2026-05-18 23:04:42,2163494518533592,小韭菜,21,430377,[等级17],
2026-05-18 23:04:45,3636816477170595,66666,30,430520,[等级24],[粉丝团 Lv13]
2026-05-18 23:04:48,63807032510,Y..,27,430665,[等级3],
2026-05-18 23:04:51,3636816477170595,66666,24,430796,[等级24],[粉丝团 Lv13]
2026-05-18 23:04:54,61716263564,⁰⁸¹⁷,21,430959,[等级15],
2026-05-18 23:04:57,3636816477170595,66666,24,431048,[等级24],[粉丝团 Lv13]
2026-05-18 23:05:00,61716263564,⁰⁸¹⁷,24,431156,[等级15],
2026-05-18 23:05:03,1950986301867676,栗子,15,431240,[等级7],
2026-05-18 23:05:06,61716263564,⁰⁸¹⁷,18,431358,[等级15],
2026-05-18 23:05:10,1950986301867676,栗子,21,431428,[等级7],
2026-05-18 23:05:13,63807032510,Y..,30,431497,[等级3],
2026-05-18 23:05:15,785486088254816,˶˃ ᵕ ˂˶,3,431581,[等级13],[粉丝团 Lv12]
2026-05-18 23:05:19,63807032510,Y..,30,431734,[等级3],
2026-05-18 23:05:21,82568099538,海,3,432000,[等级14],[粉丝团 Lv5]
2026-05-18 23:05:24,71126905166,抖音小肋手,6,432248,[等级11],[粉丝团 Lv10]
2026-05-18 23:05:27,60704769499,狐狸对你笑,24,432529,[等级27],[粉丝团 Lv8]
2026-05-18 23:05:30,92396571848,白也诗无敌,3,432766,[等级9],
2026-05-18 23:05:33,3482902895789992,一二 三🚶🏻‍♂️,3,433041,[等级26],
2026-05-18 23:05:36,61233465875,Undefined,150,433278,,
2026-05-18 23:05:39,77684077842,🍊cc,27,433497,[等级25],[粉丝团:张君雅 Lv12]
2026-05-18 23:05:42,4089787381720256,荼靡：,3,433641,[等级5],
2026-05-18 23:05:45,60704769499,狐狸对你笑,24,433790,[等级27],[粉丝团 Lv8]
2026-05-18 23:05:48,77416951506,ら孤痞,36,433931,[等级37],[粉丝团 Lv17]
2026-05-18 23:05:52,60704769499,狐狸对你笑,24,434074,[等级27],[粉丝团 Lv8]
2026-05-18 23:05:54,77416951506,ら孤痞,36,434199,[等级37],[粉丝团 Lv17]
2026-05-18 23:05:57,23773147096,相见不如怀念,9,434309,[等级29],[粉丝团 Lv10]
2026-05-18 23:06:01,77416951506,ら孤痞,33,434486,[等级37],[粉丝团 Lv17]
2026-05-18 23:06:03,60704769499,狐狸对你笑,27,434670,[等级27],[粉丝团 Lv8]
2026-05-18 23:06:07,1257440102592381,2467卡0,33,434824,[等级34],[粉丝团 Lv16]
2026-05-18 23:06:09,3408136833613693,小希卡利,3,434942,[等级5],
2026-05-18 23:06:13,100384704559,✨随缘੭ु⁾⁾,12,435077,[等级23],[粉丝团 Lv5]
2026-05-18 23:06:15,4112613780753423,都是肉肉,27,435169,[等级22],[粉丝团 Lv10]
2026-05-18 23:06:18,1257440102592381,2467卡0,30,435260,[等级34],[粉丝团 Lv16]
2026-05-18 23:06:21,307514755259232,浪子鹏☯️,3,435355,[等级31],[粉丝团 Lv10]
2026-05-18 23:06:25,4336889049648686,暮雨轻尘,3,435492,[等级28],[粉丝团 Lv10]
2026-05-18 23:06:27,61233465875,Undefined,18,435602,,
2026-05-18 23:06:30,71126905166,抖音小肋手,27,435707,[等级11],[粉丝团 Lv10]
2026-05-18 23:06:34,4112613780753423,都是肉肉,18,435806,[等级22],[粉丝团 Lv10]
2026-05-18 23:06:36,7555682203687240761,不是蓝衣,6,435867,[等级1],
2026-05-18 23:06:39,74873074366,用户9820061724291,3,435986,[等级19],
2026-05-18 23:06:42,74580201215,༺318  仓   央  ༻,9,436072,[等级13],[粉丝团 Lv10]
2026-05-18 23:06:46,61233465875,Undefined,6,436206,,
2026-05-18 23:06:48,61233465875,Undefined,6,436303,,
2026-05-18 23:06:51,1424620722848253,橘,27,436497,[等级11],[粉丝团 Lv8]
2026-05-18 23:06:54,23773147096,相见不如怀念,3,436662,[等级29],[粉丝团 Lv10]
2026-05-18 23:06:57,72369325229,你可爱的姐,30,436726,[等级7],[粉丝团 Lv2]
2026-05-18 23:07:00,104284197188,呼伦贝尔_彪哥,30,436803,[等级25],[粉丝团 Lv12]
2026-05-18 23:07:03,72369325229,你可爱的姐,30,436895,[等级7],[粉丝团 Lv2]
2026-05-18 23:07:06,104284197188,呼伦贝尔_彪哥,30,437072,[等级25],[粉丝团 Lv12]
2026-05-18 23:07:09,72369325229,你可爱的姐,30,437184,[等级7],[粉丝团 Lv2]
2026-05-18 23:07:12,99229601776,♛小菜鸟,27,437392,[等级17],[粉丝团 Lv12]
2026-05-18 23:07:15,3802544472597220,姜小闲,12,437516,[等级12],
2026-05-18 23:07:19,3747577269337822,@陈雅欣,27,437647,[等级14],
2026-05-18 23:07:21,72369325229,你可爱的姐,30,437747,[等级7],[粉丝团 Lv2]
2026-05-18 23:07:24,93912956308,可乐加冰块,30,437905,[等级19],[粉丝团 Lv11]
2026-05-18 23:07:27,72369325229,你可爱的姐,30,438161,[等级7],[粉丝团 Lv2]
2026-05-18 23:07:30,84352463504,単亾*63,3,438344,[等级20],[粉丝团 Lv12]
2026-05-18 23:07:33,1950986301867676,栗子,24,438472,[等级7],
2026-05-18 23:07:36,7555682203687240761,不是蓝衣,3,438640,[等级1],
2026-05-18 23:07:39,1950986301867676,栗子,24,438797,[等级7],
2026-05-18 23:07:42,1402594866508043,lina,9,438969,[等级3],
2026-05-18 23:07:45,862438361147135,今晚⊙▽⊙月色真美,36,439157,[等级32],[粉丝团 Lv10]
2026-05-18 23:07:48,95598370394,山阔天蓝,6,439354,[等级2],
2026-05-18 23:07:51,1950986301867676,栗子,6,439496,[等级7],
2026-05-18 23:07:54,99393356410,吃不了一点香菜,24,439647,[等级26],[粉丝团 Lv12]
2026-05-18 23:07:57,862438361147135,今晚⊙▽⊙月色真美,15,439747,[等级32],[粉丝团 Lv10]
2026-05-18 23:08:00,60704769499,狐狸对你笑,27,439843,[等级27],[粉丝团 Lv8]
2026-05-18 23:08:03,1950986301867676,栗子,24,439950,[等级7],
2026-05-18 23:08:06,96335230788,玖玖,30,440105,[等级32],[粉丝团 Lv12]
2026-05-18 23:08:09,61233465875,Undefined,6,440235,,
2026-05-18 23:08:12,60704769499,狐狸对你笑,6,440398,[等级27],[粉丝团 Lv8]
2026-05-18 23:08:15,3230840108888531,直到你降临,27,440540,[等级1],
2026-05-18 23:08:18,96335230788,玖玖,33,440657,[等级32],[粉丝团 Lv12]
2026-05-18 23:08:21,3230840108888531,直到你降临,30,440770,[等级1],
2026-05-18 23:08:25,751693780497405,尾号6178,24,440862,[等级32],[粉丝团 Lv15]
2026-05-18 23:08:28,4391881922061728,AJ331,18,440940,,
2026-05-18 23:08:30,60704769499,狐狸对你笑,27,441049,[等级27],[粉丝团 Lv8]
2026-05-18 23:08:34,60704769499,狐狸对你笑,27,441173,[等级27],[粉丝团 Lv8]
2026-05-18 23:08:36,60704769499,狐狸对你笑,24,441228,[等级27],[粉丝团 Lv8]
2026-05-18 23:08:39,2175260074708730,.Wen,21,441285,[等级16],[粉丝团 Lv1]
2026-05-18 23:08:42,60704769499,狐狸对你笑,27,441370,[等级27],[粉丝团 Lv8]
2026-05-18 23:08:45,92947972104,• 四 月 •,21,441416,[等级19],[粉丝团 Lv10]
2026-05-18 23:08:48,60704769499,狐狸对你笑,24,441496,[等级27],[粉丝团 Lv8]
2026-05-18 23:08:52,92947972104,• 四 月 •,15,441553,[等级19],[粉丝团 Lv10]
2026-05-18 23:08:54,4283295263633028,用户674852948699,3,441653,[等级2],
2026-05-18 23:08:58,92947972104,• 四 月 •,3,441754,[等级19],[粉丝团 Lv10]
2026-05-18 23:09:00,99190248455,指南针,3,441850,[等级7],[粉丝团 Lv5]
2026-05-18 23:09:03,3558462383205171,微笑可以治愈一切,30,441969,[等级11],[粉丝团 Lv1]
2026-05-18 23:09:06,71943208594,简单.,3,442089,[等级6],
2026-05-18 23:09:09,97982905492,乱七八糟,21,442222,[等级4],
2026-05-18 23:09:13,60704769499,狐狸对你笑,27,442297,[等级27],[粉丝团 Lv8]
2026-05-18 23:09:15,3558462383205171,微笑可以治愈一切,30,442355,[等级11],[粉丝团 Lv1]
2026-05-18 23:09:18,71126905166,抖音小肋手,30,442444,[等级11],[粉丝团 Lv10]
2026-05-18 23:09:21,3558462383205171,微笑可以治愈一切,21,442521,[等级11],[粉丝团 Lv1]
2026-05-18 23:09:24,3558448754095124,心动,6,442605,[等级5],
2026-05-18 23:09:28,109730116341,M丶,33,442657,[等级11],
2026-05-18 23:09:31,3558448754095124,心动,3,442706,[等级5],
2026-05-18 23:09:34,109730116341,M丶,9,442761,[等级11],
2026-05-18 23:09:36,71126905166,抖音小肋手,30,442832,[等级11],[粉丝团 Lv10]
2026-05-18 23:09:40,109730116341,M丶,30,442893,[等级11],
2026-05-18 23:09:42,84704398489,小郑,30,442963,[等级24],[粉丝团 Lv11]
2026-05-18 23:09:46,60352846605,攸,6,443017,[等级14],[粉丝团 Lv9]
2026-05-18 23:09:48,4066454498975438,腹黑女妲,3,443060,[等级14],
2026-05-18 23:09:52,93946565444,梦,3,443081,[等级11],
2026-05-18 23:09:54,71126905166,抖音小肋手,3,443129,[等级11],[粉丝团 Lv10]
2026-05-18 23:09:58,1267095340586100,齮,27,443181,[等级17],
2026-05-18 23:10:00,71126905166,抖音小肋手,9,443240,[等级11],[粉丝团 Lv10]
2026-05-18 23:10:04,1267095340586100,齮,3,443326,[等级17],
2026-05-18 23:10:06,1794029961617984,酃,39,443423,[等级17],[粉丝团 Lv12]
2026-05-18 23:10:09,3558462383205171,微笑可以治愈一切,39,443565,[等级11],[粉丝团 Lv1]
2026-05-18 23:10:12,1794029961617984,酃,39,443700,[等级17],[粉丝团 Lv12]
2026-05-18 23:10:16,3425670619468908,🧶没心没肺快乐加倍ඡ·,27,443828,[等级10],[粉丝团 Lv8]
2026-05-18 23:10:18,95598370394,山阔天蓝,6,443987,[等级2],
2026-05-18 23:10:21,3558462383205171,微笑可以治愈一切,33,444135,[等级11],[粉丝团 Lv1]
2026-05-18 23:10:24,95598370394,山阔天蓝,6,444339,[等级2],
2026-05-18 23:10:27,131532822160692,啊！,15,444470,[等级5],[粉丝团 Lv6]
2026-05-18 23:10:30,93912956308,可乐加冰块,15,444673,[等级19],[粉丝团 Lv11]
2026-05-18 23:10:33,131532822160692,啊！,30,444837,[等级5],[粉丝团 Lv6]
2026-05-18 23:10:36,1794029961617984,酃,36,444984,[等级17],[粉丝团 Lv12]
2026-05-18 23:10:39,3558462383205171,微笑可以治愈一切,12,445162,[等级11],[粉丝团 Lv1]
2026-05-18 23:10:42,93912956308,可乐加冰块,30,445346,[等级19],[粉丝团 Lv11]
2026-05-18 23:10:45,99393356410,吃不了一点香菜,30,445563,[等级26],[粉丝团 Lv12]
2026-05-18 23:10:48,69268051905,ᑋᵉᑊᑊᵒ妞,27,445770,[等级12],[粉丝团 Lv7]
2026-05-18 23:10:51,92085301663,满目星何,21,445923,[等级26],[粉丝团 Lv2]
2026-05-18 23:10:54,4187361561545469,肆意,21,446160,,
2026-05-18 23:10:57,60704769499,狐狸对你笑,18,446284,[等级27],[粉丝团 Lv8]
2026-05-18 23:11:00,53418282001,淋雨的鱼,6,446508,[等级8],[粉丝团 Lv9]
2026-05-18 23:11:03,2458102176691848,堇年,9,446685,[等级13],[粉丝团 Lv10]
2026-05-18 23:11:06,95598370394,山阔天蓝,3,446844,[等级2],
2026-05-18 23:11:09,69707707149,傷情歳月,30,446982,[等级8],[粉丝团 Lv2]
2026-05-18 23:11:12,3047482674388180,菜场在逃肥鸡,27,447127,[等级20],[粉丝团 Lv9]
2026-05-18 23:11:15,60704769499,狐狸对你笑,24,447243,[等级27],[粉丝团 Lv8]
2026-05-18 23:11:18,69268051905,ᑋᵉᑊᑊᵒ妞,27,447376,[等级12],[粉丝团 Lv7]
2026-05-18 23:11:21,60704769499,狐狸对你笑,24,447500,[等级27],[粉丝团 Lv8]
2026-05-18 23:11:24,69268051905,ᑋᵉᑊᑊᵒ妞,24,447593,[等级12],[粉丝团 Lv7]
2026-05-18 23:11:27,60704769499,狐狸对你笑,24,447692,[等级27],[粉丝团 Lv8]
2026-05-18 23:11:30,66547364147,这人很懒没昵称,3,447781,[等级3],
2026-05-18 23:11:33,60704769499,狐狸对你笑,24,447886,[等级27],[粉丝团 Lv8]
2026-05-18 23:11:37,69268051905,ᑋᵉᑊᑊᵒ妞,27,447981,[等级12],[粉丝团 Lv7]
2026-05-18 23:11:39,69707707149,傷情歳月,27,448086,[等级8],[粉丝团 Lv2]
2026-05-18 23:11:43,69268051905,ᑋᵉᑊᑊᵒ妞,24,448173,[等级12],[粉丝团 Lv7]
2026-05-18 23:11:45,69707707149,傷情歳月,36,448270,[等级8],[粉丝团 Lv2]
2026-05-18 23:11:49,92764120868,珂珂,27,448348,[等级4],
2026-05-18 23:11:51,69707707149,傷情歳月,33,448420,[等级8],[粉丝团 Lv2]
2026-05-18 23:11:54,70388848694,💋妞妞姐姐（宠小白版）,3,448465,[等级45],[粉丝团:张君雅 Lv20]
2026-05-18 23:11:57,69707707149,傷情歳月,33,448541,[等级8],[粉丝团 Lv2]
2026-05-18 23:12:01,92085301663,满目星何,24,448598,[等级26],[粉丝团 Lv2]
2026-05-18 23:12:03,69707707149,傷情歳月,30,448636,[等级8],[粉丝团 Lv2]
2026-05-18 23:12:06,102085568323,拿根辣条辣si你,3,448701,[等级9],
2026-05-18 23:12:09,69707707149,傷情歳月,33,448751,[等级8],[粉丝团 Lv2]
2026-05-18 23:12:12,69268051905,ᑋᵉᑊᑊᵒ妞,30,448845,[等级12],[粉丝团 Lv7]
2026-05-18 23:12:16,69707707149,傷情歳月,30,448915,[等级8],[粉丝团 Lv2]
2026-05-18 23:12:18,93248588684,小芳,15,449031,[等级22],
2026-05-18 23:12:22,69707707149,傷情歳月,33,449113,[等级8],[粉丝团 Lv2]
2026-05-18 23:12:24,69268051905,ᑋᵉᑊᑊᵒ妞,27,449220,[等级12],[粉丝团 Lv7]
2026-05-18 23:12:27,69707707149,傷情歳月,33,449292,[等级8],[粉丝团 Lv2]
2026-05-18 23:12:30,69268051905,ᑋᵉᑊᑊᵒ妞,24,449413,[等级12],[粉丝团 Lv7]
2026-05-18 23:12:33,69707707149,傷情歳月,30,449481,[等级8],[粉丝团 Lv2]
2026-05-18 23:12:36,102254495808,ZG,3,449566,[等级6],
2026-05-18 23:12:39,69707707149,傷情歳月,30,449664,[等级8],[粉丝团 Lv2]
2026-05-18 23:12:42,3921326678486148,随缘吧,27,449798,[等级21],
2026-05-18 23:12:45,1736855209912958,平凡的人,9,449887,[等级13],[粉丝团 Lv10]
2026-05-18 23:12:49,69268051905,ᑋᵉᑊᑊᵒ妞,27,450010,[等级12],[粉丝团 Lv7]
2026-05-18 23:12:51,1736855209912958,平凡的人,3,450096,[等级13],[粉丝团 Lv10]
2026-05-18 23:12:54,65105600138,小淮贝贝🐧,3,450220,[等级20],[粉丝团 Lv10]
2026-05-18 23:12:58,2339385377311368,知许,30,450343,[等级10],[粉丝团 Lv5]
2026-05-18 23:13:00,7525492378984170554,用户0520🏆,30,450445,[等级6],
2026-05-18 23:13:03,1736855209912958,平凡的人,6,450538,[等级13],[粉丝团 Lv10]
2026-05-18 23:13:06,65105600138,小淮贝贝🐧,15,450641,[等级20],[粉丝团 Lv10]
2026-05-18 23:13:09,893221675995575,you,15,450741,[等级10],
2026-05-18 23:13:12,97277936985,hey🗯,21,451015,[等级18],[粉丝团 Lv11]
2026-05-18 23:13:15,2207437687098365,7 1 7 1,6,451586,[等级11],[粉丝团 Lv11]
2026-05-18 23:13:18,98624754092,全村就我最忧郁,18,452541,[等级10],
2026-05-18 23:13:21,1538906151990679,流年,3,453557,[等级45],[粉丝团:张君雅 Lv15]
2026-05-18 23:13:24,97277936985,hey🗯,36,454670,[等级18],[粉丝团 Lv11]
2026-05-18 23:13:27,3802544472597220,姜小闲,24,455694,[等级12],
2026-05-18 23:13:30,140340531574067,(´ . .̫ . `),30,456810,[等级15],[粉丝团 Lv5]
2026-05-18 23:13:33,1538906151990679,流年,33,457828,[等级45],[粉丝团:张君雅 Lv15]
2026-05-18 23:13:36,4310564675782863,DGM&,18,458897,[等级16],
2026-05-18 23:13:39,1538906151990679,流年,30,459721,[等级45],[粉丝团:张君雅 Lv15]
2026-05-18 23:13:42,60821163799,丿穿靴子的猫,24,460645,[等级21],
2026-05-18 23:13:45,71747499339,十 三,24,461389,[等级21],[粉丝团 Lv10]
2026-05-18 23:13:48,60723455835,M    清零,3,462152,[等级11],[粉丝团 Lv9]
2026-05-18 23:13:51,1538906151990679,流年,30,462792,[等级45],[粉丝团:张君雅 Lv15]
2026-05-18 23:13:54,24878051489,廿阿七🍋,24,463548,[等级14],[粉丝团 Lv4]
2026-05-18 23:13:57,1538906151990679,流年,30,464127,[等级45],[粉丝团:张君雅 Lv15]
2026-05-18 23:14:00,60704769499,狐狸对你笑,21,464739,[等级27],[粉丝团 Lv8]
2026-05-18 23:14:03,1538906151990679,流年,27,465271,[等级45],[粉丝团:张君雅 Lv15]
2026-05-18 23:14:06,1742048551253741,哈喽啊,21,465869,[等级5],[粉丝团 Lv8]
2026-05-18 23:14:09,2388559434352679,怡,27,466429,[等级23],
2026-05-18 23:14:12,1742048551253741,哈喽啊,15,466936,[等级5],[粉丝团 Lv8]
2026-05-18 23:14:15,4319326856807591,黎明的谎言,30,467400,[等级24],[粉丝团 Lv4]
2026-05-18 23:14:18,69707707149,傷情歳月,27,467832,[等级8],[粉丝团 Lv2]
2026-05-18 23:14:21,4319326856807591,黎明的谎言,15,468255,[等级24],[粉丝团 Lv4]
2026-05-18 23:14:24,1742048551253741,哈喽啊,21,468694,[等级5],[粉丝团 Lv8]
2026-05-18 23:14:27,63638137971,✨幸运儿✨,36,469076,[等级12],[粉丝团 Lv6]
2026-05-18 23:14:30,69707707149,傷情歳月,33,469428,[等级8],[粉丝团 Lv2]
2026-05-18 23:14:33,63638137971,✨幸运儿✨,27,469808,[等级12],[粉丝团 Lv6]
2026-05-18 23:14:36,69707707149,傷情歳月,33,470203,[等级8],[粉丝团 Lv2]
2026-05-18 23:14:39,63638137971,✨幸运儿✨,30,470566,[等级12],[粉丝团 Lv6]
2026-05-18 23:14:42,69707707149,傷情歳月,27,470858,[等级8],[粉丝团 Lv2]
2026-05-18 23:14:45,2616470449435517,🐲🐲🐲,27,471178,,
2026-05-18 23:14:48,69707707149,傷情歳月,33,471501,[等级8],[粉丝团 Lv2]
2026-05-18 23:14:51,4285222403980756,青山绿田,30,471832,[等级2],[粉丝团 Lv4]
2026-05-18 23:14:54,2194227665831236,FY,24,472167,[等级2],
2026-05-18 23:14:57,2616470449435517,🐲🐲🐲,30,472523,,
2026-05-18 23:15:00,2194227665831236,FY,30,472833,[等级2],
2026-05-18 23:15:03,63638137971,✨幸运儿✨,36,473144,[等级12],[粉丝团 Lv6]
2026-05-18 23:15:06,4094186405507198,诚哥,3,473448,[等级13],[粉丝团 Lv11]
2026-05-18 23:15:09,92947972104,• 四 月 •,3,473769,[等级19],[粉丝团 Lv10]
2026-05-18 23:15:12,564474381615296,楠得心动🍃,24,474097,[等级6],[粉丝团 Lv10]
2026-05-18 23:15:15,2616470449435517,🐲🐲🐲,30,474408,,
2026-05-18 23:15:18,60723455835,M    清零,24,474681,[等级11],[粉丝团 Lv9]
2026-05-18 23:15:21,92947972104,• 四 月 •,3,474958,[等级19],[粉丝团 Lv10]
2026-05-18 23:15:24,105314273975,濤,24,475181,[等级25],[粉丝团 Lv13]
2026-05-18 23:15:27,101764618198,L- Sept VV-Lib,33,475416,[等级17],
2026-05-18 23:15:30,105314273975,濤,27,475664,[等级25],[粉丝团 Lv13]
2026-05-18 23:15:33,101764618198,L- Sept VV-Lib,30,475953,[等级17],
2026-05-18 23:15:36,60723455835,M    清零,24,476291,[等级11],[粉丝团 Lv9]
2026-05-18 23:15:39,101764618198,L- Sept VV-Lib,33,476680,[等级17],
2026-05-18 23:15:42,60723455835,M    清零,27,477067,[等级11],[粉丝团 Lv9]
2026-05-18 23:15:45,564474381615296,楠得心动🍃,27,477471,[等级6],[粉丝团 Lv10]
2026-05-18 23:15:48,105314273975,濤,24,477808,[等级25],[粉丝团 Lv13]
2026-05-18 23:15:51,564474381615296,楠得心动🍃,15,478125,[等级6],[粉丝团 Lv10]
2026-05-18 23:15:54,105314273975,濤,24,478428,[等级25],[粉丝团 Lv13]
2026-05-18 23:15:57,101764618198,L- Sept VV-Lib,33,478682,[等级17],
2026-05-18 23:16:00,60723455835,M    清零,27,478916,[等级11],[粉丝团 Lv9]
2026-05-18 23:16:03,3335235743256411,fly,3,479184,[等级2],
2026-05-18 23:16:06,59402388516,Lazy Cat☞懒猫☜,12,479414,[等级19],[粉丝团 Lv8]
2026-05-18 23:16:09,102589312859,玛淇若,3,479662,[等级3],[粉丝团 Lv3]
2026-05-18 23:16:12,100116269929,刘ಇ᭄先生࿐,27,479909,[等级19],[粉丝团 Lv10]
2026-05-18 23:16:15,101764618198,L- Sept VV-Lib,30,480124,[等级17],
2026-05-18 23:16:18,59402388516,Lazy Cat☞懒猫☜,30,480330,[等级19],[粉丝团 Lv8]
2026-05-18 23:16:21,2471356545901140,🌈祈蝶星,9,480585,[等级9],[粉丝团 Lv6]
2026-05-18 23:16:24,60723455835,M    清零,24,480784,[等级11],[粉丝团 Lv9]
2026-05-18 23:16:27,102589312859,玛淇若,9,481001,[等级3],[粉丝团 Lv3]
2026-05-18 23:16:30,59402388516,Lazy Cat☞懒猫☜,6,481209,[等级19],[粉丝团 Lv8]
2026-05-18 23:16:33,67352038214,小心眼,3,481462,[等级30],[粉丝团 Lv5]
2026-05-18 23:16:36,1249522913392173,拾肆z,27,481716,[等级13],[粉丝团 Lv12]
2026-05-18 23:16:39,3405605230622532,y.,6,481945,,
2026-05-18 23:16:42,1249522913392173,拾肆z,27,482163,[等级13],[粉丝团 Lv12]
2026-05-18 23:16:46,100595219540,Joemx-117,24,482432,[等级14],[粉丝团 Lv8]
2026-05-18 23:16:48,1249522913392173,拾肆z,27,482666,[等级13],[粉丝团 Lv12]
2026-05-18 23:16:51,2458102176691848,堇年,30,482925,[等级13],[粉丝团 Lv10]
2026-05-18 23:16:54,509818415880967,中意李,27,483164,[等级7],[粉丝团 Lv5]
2026-05-18 23:16:57,564474381615296,楠得心动🍃,30,483427,[等级6],[粉丝团 Lv10]
2026-05-18 23:17:00,1249522913392173,拾肆z,27,483666,[等级13],[粉丝团 Lv12]
2026-05-18 23:17:03,1267095340586100,齮,27,483948,[等级17],
2026-05-18 23:17:06,509818415880967,中意李,30,484224,[等级7],[粉丝团 Lv5]
2026-05-18 23:17:09,1267095340586100,齮,9,484537,[等级17],
2026-05-18 23:17:12,509818415880967,中意李,30,484818,[等级7],[粉丝团 Lv5]
2026-05-18 23:17:15,3802544472597220,姜小闲,30,485113,[等级12],
2026-05-18 23:17:18,96270693640,小孩.🌾,3,485447,[等级22],[粉丝团 Lv5]
2026-05-18 23:17:21,453461361565087,春风杨柳醉南桥,3,485719,[等级11],
2026-05-18 23:17:24,59185507100,小小新,3,486010,[等级8],[粉丝团 Lv10]
2026-05-18 23:17:27,3272565982234759,C了个C,30,486302,[等级11],[粉丝团 Lv3]
2026-05-18 23:17:30,4441636620732459,随便i,30,486549,[等级6],
2026-05-18 23:17:33,96751997554,东厨司命,9,486783,[等级26],[粉丝团 Lv12]
2026-05-18 23:17:36,2616470449435517,🐲🐲🐲,30,486961,,
2026-05-18 23:17:39,103918155604,一城,33,487043,[等级23],[粉丝团 Lv15]
2026-05-18 23:17:42,509818415880967,中意李,27,487168,[等级7],[粉丝团 Lv5]
2026-05-18 23:17:46,100595219540,Joemx-117,15,487332,[等级14],[粉丝团 Lv8]
2026-05-18 23:17:48,509818415880967,中意李,36,487445,[等级7],[粉丝团 Lv5]
2026-05-18 23:17:51,86050612943,饼饼,9,487554,[等级32],[粉丝团 Lv11]
2026-05-18 23:17:54,71126905166,抖音小肋手,30,487666,[等级11],[粉丝团 Lv10]
2026-05-18 23:17:57,3802544472597220,姜小闲,27,487751,[等级12],
2026-05-18 23:18:01,219518131246654,曲靖 荣德福管道卫浴 欧普照明 百冠电缆,9,487854,[等级18],
2026-05-18 23:18:03,3802544472597220,姜小闲,21,487952,[等级12],
2026-05-18 23:18:06,774531495769000,zou,48,488038,[等级2],[粉丝团 Lv3]
2026-05-18 23:18:09,100595219540,Joemx-117,9,488120,[等级14],[粉丝团 Lv8]
2026-05-18 23:18:13,93279066911,密密.,21,488167,[等级25],[粉丝团 Lv9]
2026-05-18 23:18:16,1005410606648288,cunese.,3,488215,[等级1],
2026-05-18 23:18:19,1736824437093372,小红@,3,488240,[等级4],
2026-05-18 23:18:22,105864641077,不拘小节,30,488325,[等级16],[粉丝团 Lv13]
2026-05-18 23:18:25,1415768448701549,上不了岸的猫🐱,6,488354,[等级26],[粉丝团 Lv15]
2026-05-18 23:18:28,105864641077,不拘小节,33,488419,[等级16],[粉丝团 Lv13]
2026-05-18 23:18:30,4441636620732459,随便i,30,488454,[等级6],
2026-05-18 23:18:34,105864641077,不拘小节,27,488561,[等级16],[粉丝团 Lv13]
2026-05-18 23:18:36,1350657032324824,良好市民,3,488613,,
2026-05-18 23:18:40,3144243844229831,：,6,488667,,
2026-05-18 23:18:42,2458960108983902,我眼睛酸,36,488708,[等级6],[粉丝团 Lv2]
2026-05-18 23:18:46,105864641077,不拘小节,30,488739,[等级16],[粉丝团 Lv13]
2026-05-18 23:18:48,1099985939344704,llxx,15,488770,[等级1],[粉丝团 Lv1]
2026-05-18 23:18:51,96751997554,东厨司命,3,488855,[等级26],[粉丝团 Lv12]
2026-05-18 23:18:54,101938492959,小A,12,488973,[等级16],
2026-05-18 23:18:57,85439432645,羅。,3,489039,[等级2],
2026-05-18 23:19:00,101938492959,小A,21,489090,[等级16],
2026-05-18 23:19:03,1470485007708212,星辰&,12,489151,,
2026-05-18 23:19:06,1099985939344704,llxx,24,489191,[等级1],[粉丝团 Lv1]
2026-05-18 23:19:09,105864641077,不拘小节,27,489222,[等级16],[粉丝团 Lv13]
2026-05-18 23:19:13,100456957089,無傷,33,489252,[等级27],[粉丝团 Lv12]
2026-05-18 23:19:16,100534641853,🌈大嘴唇子（8008）,27,489299,[等级10],[粉丝团 Lv5]
2026-05-18 23:19:18,74461809204,艾斯,3,489346,[等级12],
2026-05-18 23:19:22,86050612943,饼饼,3,489405,[等级32],[粉丝团 Lv11]
2026-05-18 23:19:25,2475702575179399,这个我是真的喜欢,36,489486,[等级14],
2026-05-18 23:19:27,4224799348895373,。，。，。，。。。,6,489543,,
2026-05-18 23:19:30,100456957089,無傷,21,489593,[等级27],[粉丝团 Lv12]
2026-05-18 23:19:33,96751997554,东厨司命,3,489648,[等级26],[粉丝团 Lv12]
2026-05-18 23:19:36,97511427849,慕云,3,489708,[等级26],
2026-05-18 23:19:39,83570466940,J·Aug ²⁰ Leo✧︒,3,489799,[等级24],[粉丝团 Lv10]
2026-05-18 23:19:43,1099985939344704,llxx,33,489894,[等级1],[粉丝团 Lv1]
2026-05-18 23:19:45,2438070686201433,杂酱,3,489930,,
2026-05-18 23:19:48,2703019685981437,豆沙,6,489993,[等级11],
2026-05-18 23:19:51,51271765744,放空,42,490034,[等级12],[粉丝团 Lv9]
2026-05-18 23:19:54,97511427849,慕云,30,490132,[等级26],
2026-05-18 23:19:58,4212972636094336,凌晨☯,3,490187,[等级2],
2026-05-18 23:20:01,97511427849,慕云,27,490274,[等级26],
2026-05-18 23:20:04,100595219540,Joemx-117,24,490331,[等级14],[粉丝团 Lv8]
2026-05-18 23:20:06,140361969439688,普通人。,36,490425,[等级13],[粉丝团 Lv6]
2026-05-18 23:20:10,100595219540,Joemx-117,27,490498,[等级14],[粉丝团 Lv8]
2026-05-18 23:20:12,2720664292171641,Molly,6,490555,[等级1],
2026-05-18 23:20:16,3802544472597220,姜小闲,30,490638,[等级12],
2026-05-18 23:20:19,2475702575179399,这个我是真的喜欢,42,490756,[等级14],
2026-05-18 23:20:21,7509091053892011066,终点,18,490820,,
2026-05-18 23:20:24,84998427668,PLAN—A,6,490907,[等级10],
2026-05-18 23:20:27,7509091053892011066,终点,18,490999,,
2026-05-18 23:20:31,100456957089,無傷,33,491087,[等级27],[粉丝团 Lv12]
2026-05-18 23:20:33,3802544472597220,姜小闲,27,491186,[等级12],
2026-05-18 23:20:36,1267095340586100,齮,27,491295,[等级17],
2026-05-18 23:20:39,3802544472597220,姜小闲,27,491389,[等级12],
2026-05-18 23:20:42,1267095340586100,齮,30,491477,[等级17],
2026-05-18 23:20:45,1833609352712366,刘胖胖,9,491526,[等级10],
2026-05-18 23:20:49,1267095340586100,齮,30,491599,[等级17],
2026-05-18 23:20:52,2816262866483979,拯救逃离世界🌍,33,491670,[等级15],
2026-05-18 23:20:54,1267095340586100,齮,6,491735,[等级17],
2026-05-18 23:20:58,2816262866483979,拯救逃离世界🌍,33,491830,[等级15],
2026-05-18 23:21:00,394079141639065,P90,3,491932,[等级2],[粉丝团 Lv2]
2026-05-18 23:21:04,2816262866483979,拯救逃离世界🌍,27,492035,[等级15],
2026-05-18 23:21:06,86050612943,饼饼,9,492099,[等级32],[粉丝团 Lv11]
2026-05-18 23:21:10,7509091053892011066,终点,21,492154,,
2026-05-18 23:21:12,98574005131,心静自然凉,30,492203,[等级18],[粉丝团 Lv13]
2026-05-18 23:21:15,2816262866483979,拯救逃离世界🌍,33,492262,[等级15],
2026-05-18 23:21:18,98574005131,心静自然凉,9,492306,[等级18],[粉丝团 Lv13]
2026-05-18 23:21:21,7555682203687240761,不是蓝衣,3,492349,[等级1],
2026-05-18 23:21:24,99393356410,吃不了一点香菜,18,492390,[等级26],[粉丝团 Lv12]
2026-05-18 23:21:27,92813625406967,LT123456,27,492434,[等级16],[粉丝团 Lv2]
2026-05-18 23:21:30,883662655592851,挚,3,492528,[等级10],
2026-05-18 23:21:33,2458960108983902,我眼睛酸,24,492643,[等级6],[粉丝团 Lv2]
2026-05-18 23:21:36,93215156036,🍎,24,492742,[等级12],[粉丝团 Lv7]
2026-05-18 23:21:39,3802544472597220,姜小闲,24,492844,[等级12],
2026-05-18 23:21:43,101064988035,湖人总冠军,9,492918,[等级10],
2026-05-18 23:21:45,2858372767690952,K@K,21,492996,[等级21],[粉丝团 Lv4]
2026-05-18 23:21:48,93215156036,🍎,33,493100,[等级12],[粉丝团 Lv7]
2026-05-18 23:21:51,774531495769000,zou,75,493218,[等级2],[粉丝团 Lv3]
2026-05-18 23:21:54,86050612943,饼饼,15,493352,[等级32],[粉丝团 Lv11]
2026-05-18 23:21:57,2605160496106008,想想了,15,493508,[等级2],[粉丝团 Lv5]
2026-05-18 23:22:00,86050612943,饼饼,24,493622,[等级32],[粉丝团 Lv11]
2026-05-18 23:22:03,2458960108983902,我眼睛酸,27,493793,[等级6],[粉丝团 Lv2]
2026-05-18 23:22:06,86050612943,饼饼,27,494005,[等级32],[粉丝团 Lv11]
2026-05-18 23:22:09,51169064476,回忆，终成伤,30,494149,[等级21],[粉丝团 Lv2]
2026-05-18 23:22:12,794301132708445,Unico,30,494303,[等级3],
2026-05-18 23:22:15,2212639033534349,Cole,27,494508,[等级4],
2026-05-18 23:22:18,4433646298085550,枫ア鑫い泪,3,494675,,
2026-05-18 23:22:21,2212639033534349,Cole,18,494851,[等级4],
2026-05-18 23:22:25,70157019077,VIP小马哥（自律版）²⁰²⁶₁₈₁₈,6,494989,[等级21],[粉丝团 Lv10]
2026-05-18 23:22:27,2605160496106008,想想了,3,495125,[等级2],[粉丝团 Lv5]
2026-05-18 23:22:30,64953664147,໑ຼₒ₂₆秦༒哥⁷⁴⁸,36,495266,[等级37],[粉丝团 Lv10]
2026-05-18 23:22:33,96751997554,东厨司命,3,495427,[等级26],[粉丝团 Lv12]
2026-05-18 23:22:36,59376452059,周,15,495583,,
2026-05-18 23:22:39,3329743309776616,鲸游电竞 晋级赛 纯绿,9,495712,[等级8],[粉丝团 Lv1]
2026-05-18 23:22:42,60528961668,张君宝,30,495893,[等级20],[粉丝团 Lv10]
2026-05-18 23:22:45,3802544472597220,姜小闲,27,496063,[等级12],
2026-05-18 23:22:48,7465029989924209724,7,27,496356,[等级9],[粉丝团 Lv5]
2026-05-18 23:22:51,1376214052780036,华浩塑胶,3,496638,[等级29],[粉丝团 Lv5]
2026-05-18 23:22:54,59402388516,Lazy Cat☞懒猫☜,3,496875,[等级19],[粉丝团 Lv8]
2026-05-18 23:22:57,75007675182,🥝    小任哥哥～,27,497071,[等级7],
2026-05-18 23:23:00,3802544472597220,姜小闲,9,497247,[等级12],
2026-05-18 23:23:03,681306412557639,@坤,30,497447,[等级7],[粉丝团 Lv9]
2026-05-18 23:23:06,7465029989924209724,7,27,497621,[等级9],[粉丝团 Lv5]
2026-05-18 23:23:09,681306412557639,@坤,30,497786,[等级7],[粉丝团 Lv9]
2026-05-18 23:23:12,2320436649015059,伊䇦,12,497921,[等级2],
2026-05-18 23:23:15,681306412557639,@坤,33,498089,[等级7],[粉丝团 Lv9]
2026-05-18 23:23:18,3802544472597220,姜小闲,30,498233,[等级12],
2026-05-18 23:23:21,681306412557639,@坤,30,498407,[等级7],[粉丝团 Lv9]
2026-05-18 23:23:24,3802544472597220,姜小闲,30,498575,[等级12],
2026-05-18 23:23:27,92992288513,昕愿,24,498720,[等级10],[粉丝团 Lv3]
2026-05-18 23:23:30,2320436649015059,伊䇦,24,498865,[等级2],
2026-05-18 23:23:33,61298227981,Qin_G,15,499055,[等级18],[粉丝团 Lv10]
2026-05-18 23:23:36,3802544472597220,姜小闲,24,499246,[等级12],
2026-05-18 23:23:39,446867679222489,美兰罗驰百货,33,499396,[等级1],
2026-05-18 23:23:42,751693780497405,尾号6178,6,499543,[等级32],[粉丝团 Lv15]
2026-05-18 23:23:45,99393356410,吃不了一点香菜,24,499667,[等级26],[粉丝团 Lv12]
2026-05-18 23:23:49,59402388516,Lazy Cat☞懒猫☜,6,499780,[等级19],[粉丝团 Lv8]
2026-05-18 23:23:51,352288610982335,辜月临川·明澈,3,499918,[等级2],
2026-05-18 23:23:55,92992288513,昕愿,21,500058,[等级10],[粉丝团 Lv3]
2026-05-18 23:23:57,99393356410,吃不了一点香菜,27,500190,[等级26],[粉丝团 Lv12]
2026-05-18 23:24:00,67658256581,Yang🌻,36,500363,[等级10],[粉丝团 Lv11]
2026-05-18 23:24:03,83617703979,十七柒,24,500565,[等级14],[粉丝团 Lv10]
2026-05-18 23:24:06,65646065520,无尽的烦恼,15,500829,[等级5],[粉丝团 Lv3]
2026-05-18 23:24:09,86050612943,饼饼,24,501079,[等级32],[粉丝团 Lv11]
2026-05-18 23:24:12,74306427900,Summer,24,501346,[等级7],
2026-05-18 23:24:15,86050612943,饼饼,21,501553,[等级32],[粉丝团 Lv11]
2026-05-18 23:24:18,74306427900,Summer,21,501770,[等级7],
2026-05-18 23:24:21,86050612943,饼饼,21,502003,[等级32],[粉丝团 Lv11]
2026-05-18 23:24:24,74306427900,Summer,18,502155,[等级7],
2026-05-18 23:24:26,2605160496106008,想想了,3,502256,[等级2],[粉丝团 Lv5]
2026-05-18 23:24:27,62124586594,本初（兜兜）,3,502318,[等级22],[粉丝团 Lv1]
2026-05-18 23:24:30,74306427900,Summer,24,502491,[等级7],
2026-05-18 23:24:34,96065166912,是郎亦是狼🐺,3,502731,[等级36],
2026-05-18 23:24:36,74306427900,Summer,21,502922,[等级7],
2026-05-18 23:24:39,2458102176691848,堇年,12,503082,[等级13],[粉丝团 Lv10]
2026-05-18 23:24:42,95122840889,雀斑公主👸（求锦鲤版）,9,503216,[等级9],[粉丝团 Lv10]
2026-05-18 23:24:45,2458102176691848,堇年,3,503363,[等级13],[粉丝团 Lv10]
2026-05-18 23:24:48,74306427900,Summer,21,503457,[等级7],
2026-05-18 23:24:51,2458102176691848,堇年,30,503628,[等级13],[粉丝团 Lv10]
2026-05-18 23:24:54,7612951911537198138,一条锦鲤游啊游～,33,503791,[等级6],[粉丝团 Lv3]
2026-05-18 23:24:57,67658256581,Yang🌻,6,503947,[等级10],[粉丝团 Lv11]
2026-05-18 23:25:00,82923100574,可口可乐‼️,39,504120,[等级15],[粉丝团 Lv2]
2026-05-18 23:25:03,688742758628695,懒羊羊大王,30,504305,[等级8],[粉丝团 Lv2]
2026-05-18 23:25:06,4041413785298123,TJ,3,504444,[等级24],[粉丝团 Lv2]
2026-05-18 23:25:09,1736869423621325,寻,3,504575,,
2026-05-18 23:25:13,7612951911537198138,一条锦鲤游啊游～,33,504717,[等级6],[粉丝团 Lv3]
2026-05-18 23:25:15,1493585188102458,七月,3,504850,,
2026-05-18 23:25:18,7612951911537198138,一条锦鲤游啊游～,9,504955,[等级6],[粉丝团 Lv3]
2026-05-18 23:25:22,688742758628695,懒羊羊大王,24,505064,[等级8],[粉丝团 Lv2]
2026-05-18 23:25:24,60553060786,凡尘の大大,42,505188,[等级11],[粉丝团 Lv9]
2026-05-18 23:25:28,688742758628695,懒羊羊大王,24,505312,[等级8],[粉丝团 Lv2]
2026-05-18 23:25:30,7612951911537198138,一条锦鲤游啊游～,15,505408,[等级6],[粉丝团 Lv3]
2026-05-18 23:25:33,83956298318,苗木销售,9,505530,[等级10],
2026-05-18 23:25:36,87257178196,•,3,505636,[等级14],
2026-05-18 23:25:40,688742758628695,懒羊羊大王,27,505724,[等级8],[粉丝团 Lv2]
2026-05-18 23:25:43,74306427900,Summer,18,505809,[等级7],
2026-05-18 23:25:45,60553060786,凡尘の大大,27,505878,[等级11],[粉丝团 Lv9]
2026-05-18 23:25:49,74306427900,Summer,18,505971,[等级7],
2026-05-18 23:25:51,68359033340,满满,30,506043,[等级11],[粉丝团 Lv7]
2026-05-18 23:25:55,60553060786,凡尘の大大,21,506171,[等级11],[粉丝团 Lv9]
2026-05-18 23:25:57,68359033340,满满,15,506226,[等级11],[粉丝团 Lv7]
2026-05-18 23:26:01,74306427900,Summer,21,506336,[等级7],
2026-05-18 23:26:03,68359033340,满满,30,506396,[等级11],[粉丝团 Lv7]
2026-05-18 23:26:07,74306427900,Summer,15,506443,[等级7],
2026-05-18 23:26:09,688742758628695,懒羊羊大王,24,506489,[等级8],[粉丝团 Lv2]
2026-05-18 23:26:12,60553060786,凡尘の大大,21,506589,[等级11],[粉丝团 Lv9]
2026-05-18 23:26:15,60553060786,凡尘の大大,27,506628,[等级11],[粉丝团 Lv9]
2026-05-18 23:26:19,74306427900,Summer,21,506672,[等级7],
2026-05-18 23:26:21,688742758628695,懒羊羊大王,27,506710,[等级8],[粉丝团 Lv2]
2026-05-18 23:26:24,60553060786,凡尘の大大,24,506766,[等级11],[粉丝团 Lv9]
2026-05-18 23:26:28,688742758628695,懒羊羊大王,12,506846,[等级8],[粉丝团 Lv2]
2026-05-18 23:26:31,74306427900,Summer,21,506914,[等级7],
2026-05-18 23:26:34,688742758628695,懒羊羊大王,27,506999,[等级8],[粉丝团 Lv2]
2026-05-18 23:26:36,60553060786,凡尘の大大,27,507071,[等级11],[粉丝团 Lv9]
2026-05-18 23:26:40,688742758628695,懒羊羊大王,27,507178,[等级8],[粉丝团 Lv2]
2026-05-18 23:26:43,74306427900,Summer,15,507261,[等级7],
2026-05-18 23:26:46,111095910399,小因,9,507311,[等级10],
2026-05-18 23:26:48,7555682203687240761,不是蓝衣,6,507374,[等级1],
2026-05-18 23:26:51,74306427900,Summer,6,507452,[等级7],
2026-05-18 23:26:54,7555682203687240761,不是蓝衣,6,507536,[等级1],
2026-05-18 23:26:57,74306427900,Summer,18,507607,[等级7],
2026-05-18 23:27:00,3663228569664605,天空无云,3,507674,[等级15],[粉丝团 Lv11]
2026-05-18 23:27:03,74306427900,Summer,24,507731,[等级7],
2026-05-18 23:27:06,97982905492,乱七八糟,30,507802,[等级4],
2026-05-18 23:27:09,60553060786,凡尘の大大,24,507882,[等级11],[粉丝团 Lv9]
2026-05-18 23:27:13,74306427900,Summer,18,507981,[等级7],
2026-05-18 23:27:15,74306427900,Summer,18,508024,[等级7],
2026-05-18 23:27:18,3663228569664605,天空无云,9,508125,[等级15],[粉丝团 Lv11]
2026-05-18 23:27:21,63174524121,私欲,3,508207,[等级2],[粉丝团 Lv1]
2026-05-18 23:27:24,97982905492,乱七八糟,30,508285,[等级4],
2026-05-18 23:27:27,60553060786,凡尘の大大,36,508371,[等级11],[粉丝团 Lv9]
2026-05-18 23:27:30,64611016973,Ok张,3,508440,[等级3],[粉丝团 Lv7]
2026-05-18 23:27:33,2115908920947662,李建振.,3,508537,[等级13],
2026-05-18 23:27:36,97982905492,乱七八糟,30,508630,[等级4],
2026-05-18 23:27:40,688742758628695,懒羊羊大王,24,508697,[等级8],[粉丝团 Lv2]
2026-05-18 23:27:42,97982905492,乱七八糟,30,508771,[等级4],
2026-05-18 23:27:46,74306427900,Summer,18,508848,[等级7],
2026-05-18 23:27:48,97982905492,乱七八糟,21,508922,[等级4],
2026-05-18 23:27:52,688742758628695,懒羊羊大王,24,508973,[等级8],[粉丝团 Lv2]
2026-05-18 23:27:55,74548900792,。。。,27,509041,[等级7],[粉丝团 Lv2]
2026-05-18 23:27:57,60553060786,凡尘の大大,33,509086,[等级11],[粉丝团 Lv9]
2026-05-18 23:28:00,3980695303895736,小谭同学,3,509174,[等级13],
2026-05-18 23:28:03,69177366218,小叶(>﹏<),36,509248,[等级23],
2026-05-18 23:28:06,69922849595,七月🍬,36,509333,[等级25],[粉丝团 Lv6]
2026-05-18 23:28:09,69177366218,小叶(>﹏<),30,509401,[等级23],
2026-05-18 23:28:12,69922849595,七月🍬,39,509485,[等级25],[粉丝团 Lv6]
2026-05-18 23:28:15,688742758628695,懒羊羊大王,30,509608,[等级8],[粉丝团 Lv2]
2026-05-18 23:28:19,109011764891,波浪号～,3,509730,[等级18],[粉丝团 Lv9]
2026-05-18 23:28:21,3191222582914896,D.,27,509845,[等级3],
2026-05-18 23:28:25,97982905492,乱七八糟,30,509914,[等级4],
2026-05-18 23:28:27,60553060786,凡尘の大大,33,510005,[等级11],[粉丝团 Lv9]
2026-05-18 23:28:31,774531495769000,zou,9,510088,[等级2],[粉丝团 Lv4]
2026-05-18 23:28:33,688742758628695,懒羊羊大王,27,510193,[等级8],[粉丝团 Lv2]
2026-05-18 23:28:36,60553060786,凡尘の大大,30,510256,[等级11],[粉丝团 Lv9]
2026-05-18 23:28:39,96009787891,玖零叁零,3,510321,[等级31],[粉丝团 Lv9]
2026-05-18 23:28:42,97982905492,乱七八糟,24,510378,[等级4],
2026-05-18 23:28:45,7492452654209254459,刘先生,6,510479,,
2026-05-18 23:28:48,545002548625886,被男神骂装货怀恨在心偷他拼好饭.,12,510537,[等级21],[粉丝团 Lv4]
2026-05-18 23:28:52,688742758628695,懒羊羊大王,27,510604,[等级8],[粉丝团 Lv2]
2026-05-18 23:28:54,545002548625886,被男神骂装货怀恨在心偷他拼好饭.,15,510706,[等级21],[粉丝团 Lv4]
2026-05-18 23:28:57,60553060786,凡尘の大大,33,510791,[等级11],[粉丝团 Lv9]
2026-05-18 23:29:00,7555682203687240761,不是蓝衣,3,510872,[等级1],
2026-05-18 23:29:03,688742758628695,懒羊羊大王,27,510959,[等级8],[粉丝团 Lv2]
2026-05-18 23:29:06,60553060786,凡尘の大大,30,511071,[等级11],[粉丝团 Lv9]
2026-05-18 23:29:09,688742758628695,懒羊羊大王,24,511169,[等级8],[粉丝团 Lv2]
2026-05-18 23:29:12,74306427900,Summer,15,511240,[等级7],
2026-05-18 23:29:15,60553060786,凡尘の大大,30,511311,[等级11],[粉丝团 Lv9]
2026-05-18 23:29:18,88048646687,炊烟醉清风,63,511404,[等级6],
2026-05-18 23:29:21,61938833360,财神爷的心尖宠,33,511467,[等级13],[粉丝团 Lv11]
2026-05-18 23:29:24,84838281902,小小怪下士,6,511546,[等级19],[粉丝团 Lv2]
2026-05-18 23:29:27,52717736643,美好时光,3,511613,[等级8],[粉丝团 Lv2]
2026-05-18 23:29:30,74306427900,Summer,21,511681,[等级7],
2026-05-18 23:29:34,60553060786,凡尘の大大,27,511773,[等级11],[粉丝团 Lv9]
2026-05-18 23:29:37,74306427900,Summer,21,511845,[等级7],
2026-05-18 23:29:39,61938833360,财神爷的心尖宠,6,511914,[等级13],[粉丝团 Lv11]
2026-05-18 23:29:42,1560954851308167,壹壹呀一一🍒,24,511976,[等级7],[粉丝团 Lv10]
2026-05-18 23:29:46,1706879762302077,Dan、,3,512043,[等级14],
2026-05-18 23:29:48,74306427900,Summer,9,512093,[等级7],
2026-05-18 23:29:52,60553060786,凡尘の大大,27,512126,[等级11],[粉丝团 Lv9]
2026-05-18 23:29:54,317140330877757,五条猫猫,9,512152,[等级6],
2026-05-18 23:29:58,59617270993,惯性  淡然,36,512196,[等级15],[粉丝团 Lv8]
2026-05-18 23:30:00,74306427900,Summer,18,512245,[等级7],
2026-05-18 23:30:03,59617270993,惯性  淡然,30,512314,[等级15],[粉丝团 Lv8]
2026-05-18 23:30:06,317140330877757,五条猫猫,12,512363,[等级6],
2026-05-18 23:30:09,99393356410,吃不了一点香菜,15,512424,[等级26],[粉丝团 Lv12]
2026-05-18 23:30:12,317140330877757,五条猫猫,3,512525,[等级6],
2026-05-18 23:30:15,61938833360,财神爷的心尖宠,12,512637,[等级13],[粉丝团 Lv11]
2026-05-18 23:30:19,103257270762,p'booboo🥰小瑞秋,9,512705,[等级6],
2026-05-18 23:30:21,99393356410,吃不了一点香菜,27,512781,[等级26],[粉丝团 Lv12]
2026-05-18 23:30:24,80200724957,瓶盖儿,3,512848,,
2026-05-18 23:30:27,73982273778,蔡蔡蔡蔡大人,3,512908,[等级26],
2026-05-18 23:30:31,3038651188514013,团子（躺平版）,3,512946,[等级26],
2026-05-18 23:30:33,60553060786,凡尘の大大,27,513005,[等级11],[粉丝团 Lv9]
2026-05-18 23:30:37,74306427900,Summer,18,513049,[等级7],
2026-05-18 23:30:39,69922849595,七月🍬,39,513103,[等级25],[粉丝团 Lv6]
2026-05-18 23:30:42,58790277527,壹,9,513220,[等级1],
2026-05-18 23:30:45,72156231459,盼曦,9,513294,[等级15],[粉丝团 Lv12]
2026-05-18 23:30:48,2713248578672734,沙本缘,3,513371,[等级9],[粉丝团 Lv1]
2026-05-18 23:30:51,69922849595,七月🍬,39,513424,[等级25],[粉丝团 Lv6]
2026-05-18 23:30:54,60553060786,凡尘の大大,30,513557,[等级11],[粉丝团 Lv9]
2026-05-18 23:30:57,69922849595,七月🍬,30,513613,[等级25],[粉丝团 Lv6]
2026-05-18 23:31:00,20510562372,长意,21,513683,[等级13],[粉丝团 Lv11]
2026-05-18 23:31:04,69922849595,七月🍬,39,513738,[等级25],[粉丝团 Lv6]
2026-05-18 23:31:07,74306427900,Summer,15,513805,[等级7],
2026-05-18 23:31:09,69922849595,七月🍬,36,513853,[等级25],[粉丝团 Lv6]
2026-05-18 23:31:13,60553060786,凡尘の大大,21,513882,[等级11],[粉丝团 Lv9]
2026-05-18 23:31:15,69922849595,七月🍬,36,513920,[等级25],[粉丝团 Lv6]
2026-05-18 23:31:19,94016720552,吶赢寧위검녕⁰⁹¹³₁₉₈₆🤏,30,514006,[等级16],[粉丝团 Lv2]
2026-05-18 23:31:21,693104961931683,克,3,514070,[等级14],[粉丝团 Lv7]
2026-05-18 23:31:25,60553060786,凡尘の大大,21,514133,[等级11],[粉丝团 Lv9]
2026-05-18 23:31:27,69922849595,七月🍬,33,514198,[等级25],[粉丝团 Lv6]
2026-05-18 23:31:31,20510562372,长意,27,514257,[等级13],[粉丝团 Lv11]
2026-05-18 23:31:33,69922849595,七月🍬,39,514322,[等级25],[粉丝团 Lv6]
2026-05-18 23:31:37,60553060786,凡尘の大大,24,514386,[等级11],[粉丝团 Lv9]
2026-05-18 23:31:40,69922849595,七月🍬,36,514440,[等级25],[粉丝团 Lv6]
2026-05-18 23:31:42,96270693640,小孩.🌾,30,514506,[等级22],[粉丝团 Lv5]
2026-05-18 23:31:45,69922849595,七月🍬,39,514594,[等级25],[粉丝团 Lv6]
2026-05-18 23:31:48,7612951911537198138,一条锦鲤游啊游～,12,514631,[等级6],[粉丝团 Lv3]
2026-05-18 23:31:52,69922849595,七月🍬,21,514693,[等级25],[粉丝团 Lv6]
2026-05-18 23:31:55,74306427900,Summer,21,514767,[等级7],
2026-05-18 23:31:57,61938833360,财神爷的心尖宠,21,514822,[等级13],[粉丝团 Lv11]
2026-05-18 23:32:01,74306427900,Summer,21,514910,[等级7],
2026-05-18 23:32:04,61938833360,财神爷的心尖宠,24,514964,[等级13],[粉丝团 Lv11]
2026-05-18 23:32:06,7612951911537198138,一条锦鲤游啊游～,33,515036,[等级6],[粉丝团 Lv3]
2026-05-18 23:32:09,74306427900,Summer,15,515097,[等级7],
2026-05-18 23:32:13,1116729974197319,用户8709684243143,3,515160,[等级2],
2026-05-18 23:32:15,74306427900,Summer,24,515210,[等级7],
2026-05-18 23:32:18,140361969439688,普通人。,39,515316,[等级13],[粉丝团 Lv6]
2026-05-18 23:32:22,74306427900,Summer,24,515430,[等级7],
2026-05-18 23:32:25,60553060786,凡尘の大大,33,515503,[等级11],[粉丝团 Lv9]
2026-05-18 23:32:27,60553060786,凡尘の大大,27,515525,[等级11],[粉丝团 Lv9]
2026-05-18 23:32:31,97586851070,洋洋洋洋洋🐳,3,515543,[等级13],[粉丝团 Lv11]
2026-05-18 23:32:33,74306427900,Summer,21,515567,[等级7],
2026-05-18 23:32:36,60553060786,凡尘の大大,27,515597,[等级11],[粉丝团 Lv9]
2026-05-18 23:32:39,74306427900,Summer,18,515644,[等级7],
2026-05-18 23:32:43,71480910685,（Q）,39,515717,[等级25],[粉丝团 Lv13]
2026-05-18 23:32:45,836058446041687,devil,30,515753,,
2026-05-18 23:32:49,71480910685,（Q）,30,515832,[等级25],[粉丝团 Lv13]
2026-05-18 23:32:51,836058446041687,devil,27,515890,,
2026-05-18 23:32:54,60553060786,凡尘の大大,30,515967,[等级11],[粉丝团 Lv9]
2026-05-18 23:32:57,836058446041687,devil,21,516039,,
2026-05-18 23:33:01,81422724740,吉星高赵先生,33,516103,,
2026-05-18 23:33:03,836058446041687,devil,30,516154,,
2026-05-18 23:33:06,4481211814912638,迟遇.,24,516242,[等级7],
2026-05-18 23:33:09,836058446041687,devil,30,516309,,
2026-05-18 23:33:13,4481211814912638,迟遇.,30,516386,[等级7],
2026-05-18 23:33:15,836058446041687,devil,24,516440,,
2026-05-18 23:33:19,7555682203687240761,不是蓝衣,3,516494,[等级1],
2026-05-18 23:33:21,836058446041687,devil,30,516540,,
2026-05-18 23:33:24,60553060786,凡尘の大大,33,516578,[等级11],[粉丝团 Lv9]
2026-05-18 23:33:27,836058446041687,devil,18,516619,,
2026-05-18 23:33:30,23773147096,相见不如怀念,18,516668,[等级29],[粉丝团 Lv10]
2026-05-18 23:33:33,836058446041687,devil,33,516711,,
2026-05-18 23:33:37,98714916130,心碎_也完美、,15,516778,[等级11],[粉丝团 Lv9]
2026-05-18 23:33:39,301720426260739,🐠鱼🐠🐠🐠🐠🐠🐠🐠🐠?,30,516849,[等级7],[粉丝团 Lv8]
2026-05-18 23:33:42,993599746738967,独～处,9,516947,[等级28],[粉丝团 Lv15]
2026-05-18 23:33:45,301720426260739,🐠鱼🐠🐠🐠🐠🐠🐠🐠🐠?,30,517072,[等级7],[粉丝团 Lv8]
2026-05-18 23:33:49,751693780497405,尾号6178,27,517197,[等级32],[粉丝团 Lv15]
2026-05-18 23:33:51,301720426260739,🐠鱼🐠🐠🐠🐠🐠🐠🐠🐠?,27,517308,[等级7],[粉丝团 Lv8]
2026-05-18 23:33:54,99393356410,吃不了一点香菜,24,517478,[等级26],[粉丝团 Lv12]
2026-05-18 23:33:57,60553060786,凡尘の大大,33,517649,[等级11],[粉丝团 Lv9]
2026-05-18 23:34:00,99393356410,吃不了一点香菜,3,517785,[等级26],[粉丝团 Lv12]
2026-05-18 23:34:03,1719231358708824,Υ,33,517908,[等级9],
2026-05-18 23:34:06,98414105446,星星来晚了,30,518068,[等级9],[粉丝团 Lv8]
2026-05-18 23:34:09,23773147096,相见不如怀念,24,518215,[等级29],[粉丝团 Lv10]
2026-05-18 23:34:12,98414105446,星星来晚了,27,518358,[等级9],[粉丝团 Lv8]
2026-05-18 23:34:15,301720426260739,🐠鱼🐠🐠🐠🐠🐠🐠🐠🐠?,15,518502,[等级7],[粉丝团 Lv8]
2026-05-18 23:34:18,23773147096,相见不如怀念,21,518634,[等级29],[粉丝团 Lv10]
2026-05-18 23:34:22,301720426260739,🐠鱼🐠🐠🐠🐠🐠🐠🐠🐠?,24,518773,[等级7],[粉丝团 Lv8]
2026-05-18 23:34:24,74306427900,Summer,15,518911,[等级7],
2026-05-18 23:34:27,60553060786,凡尘の大大,30,519067,[等级11],[粉丝团 Lv9]
2026-05-18 23:34:30,74306427900,Summer,15,519208,[等级7],
2026-05-18 23:34:33,301720426260739,🐠鱼🐠🐠🐠🐠🐠🐠🐠🐠?,24,519364,[等级7],[粉丝团 Lv8]
2026-05-18 23:34:36,60553060786,凡尘の大大,30,519509,[等级11],[粉丝团 Lv9]
2026-05-18 23:34:39,301720426260739,🐠鱼🐠🐠🐠🐠🐠🐠🐠🐠?,27,519653,[等级7],[粉丝团 Lv8]
2026-05-18 23:34:42,74306427900,Summer,18,519774,[等级7],
2026-05-18 23:34:45,1719231358708824,Υ,30,519897,[等级9],
2026-05-18 23:34:48,1859996616501203,被窝探险家.,3,520051,[等级9],
2026-05-18 23:34:51,1719231358708824,Υ,36,520199,[等级9],
2026-05-18 23:34:55,74306427900,Summer,18,520371,[等级7],
2026-05-18 23:34:57,3663228569664605,天空无云,18,520510,[等级15],[粉丝团 Lv11]
2026-05-18 23:35:01,3191222582914896,D.,6,520626,[等级3],
2026-05-18 23:35:03,23773147096,相见不如怀念,27,520753,[等级29],[粉丝团 Lv10]
2026-05-18 23:35:06,74306427900,Summer,18,520867,[等级7],
2026-05-18 23:35:09,3126628533409752,糖果🍬爸比,33,520941,[等级12],[粉丝团 Lv9]
2026-05-18 23:35:12,80402016125,安小舞,30,521106,[等级13],[粉丝团 Lv3]
2026-05-18 23:35:15,3126628533409752,糖果🍬爸比,33,521214,[等级12],[粉丝团 Lv9]
2026-05-18 23:35:18,80402016125,安小舞,24,521338,[等级13],[粉丝团 Lv3]
2026-05-18 23:35:22,52243439934,Air_,33,521435,[等级20],[粉丝团 Lv10]
2026-05-18 23:35:24,80402016125,安小舞,27,521518,[等级13],[粉丝团 Lv3]
2026-05-18 23:35:28,2909739451421659,千一,6,521626,[等级23],[粉丝团 Lv2]
2026-05-18 23:35:30,80402016125,安小舞,27,521736,[等级13],[粉丝团 Lv3]
2026-05-18 23:35:34,60553060786,凡尘の大大,27,521859,[等级11],[粉丝团 Lv9]
2026-05-18 23:35:36,52243439934,Air_,33,521920,[等级20],[粉丝团 Lv10]
2026-05-18 23:35:40,52243439934,Air_,30,522066,[等级20],[粉丝团 Lv10]
2026-05-18 23:35:42,2387736216216171,但行好事,3,522131,[等级6],[粉丝团 Lv3]
2026-05-18 23:35:45,23773147096,相见不如怀念,24,522242,[等级29],[粉丝团 Lv10]
2026-05-18 23:35:48,52243439934,Air_,33,522275,[等级20],[粉丝团 Lv10]
2026-05-18 23:35:51,23773147096,相见不如怀念,12,522357,[等级29],[粉丝团 Lv10]
2026-05-18 23:35:54,52243439934,Air_,12,522444,[等级20],[粉丝团 Lv10]
2026-05-18 23:35:57,60553060786,凡尘の大大,30,522536,[等级11],[粉丝团 Lv9]
2026-05-18 23:36:00,52243439934,Air_,27,522667,[等级20],[粉丝团 Lv10]
2026-05-18 23:36:04,98414105446,星星来晚了,27,522818,[等级9],[粉丝团 Lv8]
2026-05-18 23:36:06,98414105446,星星来晚了,30,522881,[等级9],[粉丝团 Lv8]
2026-05-18 23:36:11,98714916130,心碎_也完美、,30,523015,[等级11],[粉丝团 Lv9]
2026-05-18 23:36:12,98714916130,心碎_也完美、,30,523083,[等级11],[粉丝团 Lv9]
2026-05-18 23:36:15,3126628533409752,糖果🍬爸比,36,523150,[等级12],[粉丝团 Lv9]
2026-05-18 23:36:18,23773147096,相见不如怀念,30,523242,[等级29],[粉丝团 Lv10]
2026-05-18 23:36:21,60553060786,凡尘の大大,24,523319,[等级11],[粉丝团 Lv9]
2026-05-18 23:36:24,52243439934,Air_,9,523374,[等级20],[粉丝团 Lv10]
2026-05-18 23:36:27,7555682203687240761,不是蓝衣,12,523468,[等级1],
2026-05-18 23:36:30,52243439934,Air_,33,523570,[等级20],[粉丝团 Lv10]
2026-05-18 23:36:33,60553060786,凡尘の大大,21,523688,[等级11],[粉丝团 Lv9]
2026-05-18 23:36:36,52243439934,Air_,30,523798,[等级20],[粉丝团 Lv10]
2026-05-18 23:36:40,2454556191232126,我主沉浮,3,523902,,
2026-05-18 23:36:42,52243439934,Air_,24,523968,[等级20],[粉丝团 Lv10]
2026-05-18 23:36:45,23773147096,相见不如怀念,24,524034,[等级29],[粉丝团 Lv10]
2026-05-18 23:36:48,60553060786,凡尘の大大,24,524096,[等级11],[粉丝团 Lv9]
2026-05-18 23:36:51,61938833360,财神爷的心尖宠,6,524179,[等级13],[粉丝团 Lv11]
2026-05-18 23:36:55,98714916130,心碎_也完美、,30,524274,[等级11],[粉丝团 Lv9]
2026-05-18 23:36:57,1267095340586100,齮,21,524316,[等级17],
2026-05-18 23:37:00,7554983571090785339,xx,3,524363,[等级2],
2026-05-18 23:37:04,23773147096,相见不如怀念,36,524427,[等级29],[粉丝团 Lv10]
2026-05-18 23:37:07,98714916130,心碎_也完美、,27,524479,[等级11],[粉丝团 Lv9]
2026-05-18 23:37:09,99393356410,吃不了一点香菜,9,524538,[等级26],[粉丝团 Lv12]
2026-05-18 23:37:13,74093762075,热爱健身的小趴菜,3,524593,[等级18],
2026-05-18 23:37:15,23773147096,相见不如怀念,27,524626,[等级29],[粉丝团 Lv10]
2026-05-18 23:37:18,7398484556175082555,失意,3,524668,[等级2],
2026-05-18 23:37:21,61938833360,财神爷的心尖宠,39,524707,[等级13],[粉丝团 Lv11]
2026-05-18 23:37:24,23773147096,相见不如怀念,24,524751,[等级29],[粉丝团 Lv10]
2026-05-18 23:37:27,61938833360,财神爷的心尖宠,33,524825,[等级13],[粉丝团 Lv11]
2026-05-18 23:37:31,61938833360,财神爷的心尖宠,33,524894,[等级13],[粉丝团 Lv11]
2026-05-18 23:37:33,61938833360,财神爷的心尖宠,30,524922,[等级13],[粉丝团 Lv11]
2026-05-18 23:37:37,1333022732588423,烟草味的情怀,9,524952,[等级3],[粉丝团 Lv5]
2026-05-18 23:37:40,61938833360,财神爷的心尖宠,30,524970,[等级13],[粉丝团 Lv11]
2026-05-18 23:37:43,61938833360,财神爷的心尖宠,33,525004,[等级13],[粉丝团 Lv11]
2026-05-18 23:37:45,61938833360,财神爷的心尖宠,6,525007,[等级13],[粉丝团 Lv11]
2026-05-18 23:37:49,4081863559743259,挨打要立正,3,525021,[等级19],[粉丝团 Lv3]
2026-05-18 23:37:52,61938833360,财神爷的心尖宠,15,525033,[等级13],[粉丝团 Lv11]
2026-05-18 23:37:54,93052318863,纽纽纽扣.,15,525041,[等级11],[粉丝团 Lv2]
2026-05-18 23:37:57,7555682203687240761,不是蓝衣,6,525058,[等级1],
2026-05-18 23:38:01,96270693640,小孩.🌾,6,525117,[等级22],[粉丝团 Lv5]
2026-05-18 23:38:03,99393356410,吃不了一点香菜,9,525201,[等级26],[粉丝团 Lv12]
2026-05-18 23:38:06,93052318863,纽纽纽扣.,21,525244,[等级11],[粉丝团 Lv2]
2026-05-18 23:38:09,61938833360,财神爷的心尖宠,33,525283,[等级13],[粉丝团 Lv11]
2026-05-18 23:38:12,93052318863,纽纽纽扣.,24,525318,[等级11],[粉丝团 Lv2]
2026-05-18 23:38:15,785486088254816,˶˃ ᵕ ˂˶,9,525335,[等级13],[粉丝团 Lv12]
2026-05-18 23:38:18,93052318863,纽纽纽扣.,12,525349,[等级11],[粉丝团 Lv2]
2026-05-18 23:38:22,93052318863,纽纽纽扣.,21,525391,[等级11],[粉丝团 Lv2]
2026-05-18 23:38:24,93052318863,纽纽纽扣.,27,525413,[等级11],[粉丝团 Lv2]
2026-05-18 23:38:28,93052318863,纽纽纽扣.,21,525454,[等级11],[粉丝团 Lv2]
2026-05-18 23:38:30,93052318863,纽纽纽扣.,12,525474,[等级11],[粉丝团 Lv2]
2026-05-18 23:38:34,100484339280,勿忘我⑤怪我i。le,3,525524,[等级12],[粉丝团 Lv5]
2026-05-18 23:38:36,1139507355196032,炒米粉,24,525561,[等级12],[粉丝团 Lv9]
2026-05-18 23:38:40,3438875820437919,幸福=1+1,30,525626,[等级6],[粉丝团 Lv2]
2026-05-18 23:38:43,951533290134336,混分巨兽,3,525673,,
2026-05-18 23:38:46,93849928462,今天淦点啥.,48,525754,[等级3],
2026-05-18 23:38:48,3337727496961636,与狼共舞👿,3,525831,,
2026-05-18 23:38:52,1842414218391980,噜噜脸,3,525959,[等级17],[粉丝团 Lv10]
2026-05-18 23:38:54,93052318863,纽纽纽扣.,24,526051,[等级11],[粉丝团 Lv2]
2026-05-18 23:38:57,93849928462,今天淦点啥.,42,526157,[等级3],
2026-05-18 23:39:00,93052318863,纽纽纽扣.,24,526206,[等级11],[粉丝团 Lv2]
2026-05-18 23:39:03,93849928462,今天淦点啥.,15,526261,[等级3],
2026-05-18 23:39:06,66914748227,{千城墨白},3,526292,[等级23],[粉丝团 Lv13]
2026-05-18 23:39:10,3438875820437919,幸福=1+1,18,526345,[等级6],[粉丝团 Lv2]
2026-05-18 23:39:12,86050612943,饼饼,9,526372,[等级32],[粉丝团 Lv11]
2026-05-18 23:39:15,1842414218391980,噜噜脸,6,526419,[等级17],[粉丝团 Lv10]
2026-05-18 23:39:19,88312588832,🌈 𝗠𝗮𝗸𝗮𝗯𝗮𝗸𝗮。,12,526464,[等级8],[粉丝团 Lv8]
2026-05-18 23:39:21,59663065416,失眠数羊🐑,3,526490,[等级6],[粉丝团 Lv7]
2026-05-18 23:39:25,83617703979,十七柒,21,526511,[等级14],[粉丝团 Lv10]
2026-05-18 23:39:27,83617703979,十七柒,27,526522,[等级14],[粉丝团 Lv10]
2026-05-18 23:39:32,3438875820437919,幸福=1+1,27,526553,[等级6],[粉丝团 Lv2]
2026-05-18 23:39:34,3438875820437919,幸福=1+1,30,526563,[等级6],[粉丝团 Lv2]
2026-05-18 23:39:36,3438875820437919,幸福=1+1,24,526572,[等级6],[粉丝团 Lv2]
2026-05-18 23:39:40,3588412038460078,立,3,526602,[等级7],[粉丝团 Lv9]
2026-05-18 23:39:42,2623896775296892,涵,3,526625,[等级11],
2026-05-18 23:39:46,2623896775296892,涵,33,526696,[等级11],
2026-05-18 23:39:48,97982905492,乱七八糟,30,526727,[等级4],
2026-05-18 23:39:52,100766777964,忘忧树@倩,6,526753,[等级10],
2026-05-18 23:39:54,52781723182,石先生.,3,526796,[等级13],[粉丝团 Lv7]
2026-05-18 23:39:57,1055992621305102,77s,3,526840,[等级7],[粉丝团 Lv3]
2026-05-18 23:40:00,3438875820437919,幸福=1+1,33,526958,[等级6],[粉丝团 Lv2]
2026-05-18 23:40:03,84445012870,遇见,3,527067,[等级1],
2026-05-18 23:40:06,97982905492,乱七八糟,9,527224,[等级4],
2026-05-18 23:40:09,108652485468,陌路い憂傷,3,527349,[等级35],
2026-05-18 23:40:12,52781723182,石先生.,18,527479,[等级13],[粉丝团 Lv7]
2026-05-18 23:40:15,111566204905,星晨与海洋,30,527624,[等级16],[粉丝团 Lv5]
2026-05-18 23:40:19,3663228569664605,天空无云,30,527773,[等级15],[粉丝团 Lv11]
2026-05-18 23:40:21,111566204905,星晨与海洋,30,527907,[等级16],[粉丝团 Lv5]
2026-05-18 23:40:24,1719280294440728,C,3,528093,[等级26],[粉丝团 Lv2]
2026-05-18 23:40:27,111566204905,星晨与海洋,27,528249,[等级16],[粉丝团 Lv5]
2026-05-18 23:40:31,3663228569664605,天空无云,27,528390,[等级15],[粉丝团 Lv11]
2026-05-18 23:40:33,111566204905,星晨与海洋,30,528532,[等级16],[粉丝团 Lv5]
2026-05-18 23:40:36,61981963966,CR7🇨🇳,3,528690,[等级27],[粉丝团 Lv9]
2026-05-18 23:40:39,93912956308,可乐加冰块,9,528828,[等级19],[粉丝团 Lv11]
2026-05-18 23:40:42,3438875820437919,幸福=1+1,12,528939,[等级6],[粉丝团 Lv2]
2026-05-18 23:40:45,111566204905,星晨与海洋,24,529033,[等级16],[粉丝团 Lv5]
2026-05-18 23:40:48,71538131979,会飞的猪,24,529096,[等级2],
2026-05-18 23:40:51,111566204905,星晨与海洋,27,529153,[等级16],[粉丝团 Lv5]
2026-05-18 23:40:54,2541670104830732,李阳阳,6,529208,[等级19],
2026-05-18 23:40:57,111566204905,星晨与海洋,24,529269,[等级16],[粉丝团 Lv5]
2026-05-18 23:41:01,100463357799,用户4920036644321,24,529309,[等级19],[粉丝团 Lv9]
2026-05-18 23:41:03,111566204905,星晨与海洋,27,529331,[等级16],[粉丝团 Lv5]
2026-05-18 23:41:07,100463357799,用户4920036644321,21,529361,[等级19],[粉丝团 Lv9]
2026-05-18 23:41:09,111566204905,星晨与海洋,30,529388,[等级16],[粉丝团 Lv5]
2026-05-18 23:41:13,100463357799,用户4920036644321,24,529430,[等级19],[粉丝团 Lv9]
2026-05-18 23:41:15,111566204905,星晨与海洋,15,529450,[等级16],[粉丝团 Lv5]
2026-05-18 23:41:19,100463357799,用户4920036644321,24,529498,[等级19],[粉丝团 Lv9]
2026-05-18 23:41:21,111566204905,星晨与海洋,27,529520,[等级16],[粉丝团 Lv5]
2026-05-18 23:41:25,77260079062,谷先生,3,529559,[等级13],[粉丝团 Lv1]
2026-05-18 23:41:27,111566204905,星晨与海洋,27,529575,[等级16],[粉丝团 Lv5]
2026-05-18 23:41:30,96207163527,潍坊创博金属,3,529601,[等级29],[粉丝团 Lv10]
2026-05-18 23:41:33,111566204905,星晨与海洋,24,529635,[等级16],[粉丝团 Lv5]
2026-05-18 23:41:37,100463357799,用户4920036644321,24,529672,[等级19],[粉丝团 Lv9]
2026-05-18 23:41:39,111566204905,星晨与海洋,27,529697,[等级16],[粉丝团 Lv5]
2026-05-18 23:41:43,101938492959,小A,9,529728,[等级16],
2026-05-18 23:41:46,84707122121,超级棒,42,529767,[等级11],[粉丝团 Lv4]
2026-05-18 23:41:48,101938492959,小A,27,529801,[等级16],
2026-05-18 23:41:51,111566204905,星晨与海洋,24,529850,[等级16],[粉丝团 Lv5]
2026-05-18 23:41:55,59120457158,牛妞,6,529920,[等级10],
2026-05-18 23:41:57,111566204905,星晨与海洋,21,529942,[等级16],[粉丝团 Lv5]
2026-05-18 23:42:01,111566204905,星晨与海洋,30,529962,[等级16],[粉丝团 Lv5]
2026-05-18 23:42:03,111566204905,星晨与海洋,24,529978,[等级16],[粉丝团 Lv5]
2026-05-18 23:42:06,1702496513309692,慵懒吉他手,9,530012,[等级12],[粉丝团 Lv9]
2026-05-18 23:42:09,111566204905,星晨与海洋,27,530041,[等级16],[粉丝团 Lv5]
2026-05-18 23:42:12,101938492959,小A,15,530095,[等级16],
2026-05-18 23:42:15,111566204905,星晨与海洋,15,530126,[等级16],[粉丝团 Lv5]
2026-05-18 23:42:18,2605160496106008,想想了,9,530154,[等级2],[粉丝团 Lv5]
2026-05-18 23:42:21,111566204905,星晨与海洋,21,530188,[等级16],[粉丝团 Lv5]
2026-05-18 23:42:24,2200582788481028,陳浩南,9,530208,[等级9],
2026-05-18 23:42:27,111566204905,星晨与海洋,24,530251,[等级16],[粉丝团 Lv5]
2026-05-18 23:42:30,2200582788481028,陳浩南,36,530307,[等级9],
2026-05-18 23:42:33,111566204905,星晨与海洋,27,530378,[等级16],[粉丝团 Lv5]
2026-05-18 23:42:37,111566204905,星晨与海洋,21,530453,[等级16],[粉丝团 Lv5]
2026-05-18 23:42:39,111566204905,星晨与海洋,27,530483,[等级16],[粉丝团 Lv5]
2026-05-18 23:42:43,111566204905,星晨与海洋,30,530548,[等级16],[粉丝团 Lv5]
2026-05-18 23:42:45,111566204905,星晨与海洋,21,530574,[等级16],[粉丝团 Lv5]
2026-05-18 23:42:49,111566204905,星晨与海洋,27,530630,[等级16],[粉丝团 Lv5]
2026-05-18 23:42:51,111566204905,星晨与海洋,15,530654,[等级16],[粉丝团 Lv5]
2026-05-18 23:42:55,96619454532,一生只为你,6,530689,[等级12],[粉丝团 Lv6]
2026-05-18 23:42:57,111566204905,星晨与海洋,18,530708,[等级16],[粉丝团 Lv5]
2026-05-18 23:43:01,111566204905,星晨与海洋,18,530744,[等级16],[粉丝团 Lv5]
2026-05-18 23:43:03,111566204905,星晨与海洋,27,530768,[等级16],[粉丝团 Lv5]
2026-05-18 23:43:08,111566204905,星晨与海洋,24,530838,[等级16],[粉丝团 Lv5]
2026-05-18 23:43:09,111566204905,星晨与海洋,30,530872,[等级16],[粉丝团 Lv5]
2026-05-18 23:43:12,103587577954,———.,3,530916,,
2026-05-18 23:43:15,111566204905,星晨与海洋,24,530978,[等级16],[粉丝团 Lv5]
2026-05-18 23:43:18,2200582788481028,陳浩南,30,531025,[等级9],
2026-05-18 23:43:21,111566204905,星晨与海洋,21,531073,[等级16],[粉丝团 Lv5]
2026-05-18 23:43:24,2200582788481028,陳浩南,36,531116,[等级9],
2026-05-18 23:43:27,111566204905,星晨与海洋,27,531147,[等级16],[粉丝团 Lv5]
2026-05-18 23:43:31,4418314773997859,南京下小雪,15,531195,,
2026-05-18 23:43:33,111566204905,星晨与海洋,27,531248,[等级16],[粉丝团 Lv5]
2026-05-18 23:43:36,2200582788481028,陳浩南,36,531300,[等级9],
2026-05-18 23:43:39,111566204905,星晨与海洋,24,531346,[等级16],[粉丝团 Lv5]
2026-05-18 23:43:42,2200582788481028,陳浩南,36,531421,[等级9],
2026-05-18 23:43:45,111566204905,星晨与海洋,24,531499,[等级16],[粉丝团 Lv5]
2026-05-18 23:43:48,2200582788481028,陳浩南,36,531569,[等级9],
2026-05-18 23:43:51,111566204905,星晨与海洋,15,531622,[等级16],[粉丝团 Lv5]
2026-05-18 23:43:54,2200582788481028,陳浩南,33,531673,[等级9],
2026-05-18 23:43:58,100232264105,磊。。。,15,531711,[等级2],
2026-05-18 23:44:00,2200582788481028,陳浩南,30,531732,[等级9],
2026-05-18 23:44:04,100232264105,磊。。。,12,531762,[等级2],
2026-05-18 23:44:08,4300879461097608,绝尘,6,531805,[等级4],
2026-05-18 23:44:10,4300879461097608,绝尘,3,531808,[等级4],
2026-05-18 23:44:12,2200582788481028,陳浩南,33,531836,[等级9],
2026-05-18 23:44:16,2200582788481028,陳浩南,42,531872,[等级9],
2026-05-18 23:44:18,2200582788481028,陳浩南,33,531889,[等级9],
2026-05-18 23:44:21,111566204905,星晨与海洋,24,531930,[等级16],[粉丝团 Lv5]
2026-05-18 23:44:25,111566204905,星晨与海洋,30,531998,[等级16],[粉丝团 Lv5]
2026-05-18 23:44:27,111566204905,星晨与海洋,24,532023,[等级16],[粉丝团 Lv5]
2026-05-18 23:44:31,23773147096,相见不如怀念,27,532088,[等级29],[粉丝团 Lv10]
2026-05-18 23:44:33,23773147096,相见不如怀念,27,532116,[等级29],[粉丝团 Lv10]
2026-05-18 23:44:36,2200582788481028,陳浩南,36,532157,[等级9],
2026-05-18 23:44:39,23773147096,相见不如怀念,21,532195,[等级29],[粉丝团 Lv10]
2026-05-18 23:44:42,23773147096,相见不如怀念,27,532214,[等级29],[粉丝团 Lv10]
2026-05-18 23:44:45,111566204905,星晨与海洋,30,532245,[等级16],[粉丝团 Lv5]
2026-05-18 23:44:48,2200582788481028,陳浩南,36,532285,[等级9],
2026-05-18 23:44:51,111566204905,星晨与海洋,24,532335,[等级16],[粉丝团 Lv5]
2026-05-18 23:44:55,2200582788481028,陳浩南,33,532378,[等级9],
2026-05-18 23:44:57,111566204905,星晨与海洋,21,532411,[等级16],[粉丝团 Lv5]
2026-05-18 23:45:00,23773147096,相见不如怀念,27,532467,[等级29],[粉丝团 Lv10]
2026-05-18 23:45:03,111566204905,星晨与海洋,12,532506,[等级16],[粉丝团 Lv5]
2026-05-18 23:45:06,2200582788481028,陳浩南,33,532554,[等级9],
2026-05-18 23:45:09,86050612943,饼饼,30,532602,[等级32],[粉丝团 Lv11]
2026-05-18 23:45:12,7555682203687240761,不是蓝衣,6,532655,[等级1],
2026-05-18 23:45:15,86050612943,饼饼,30,532712,[等级32],[粉丝团 Lv11]
2026-05-18 23:45:19,3996074456384855,余生不长，未来可期,6,532778,[等级1],
2026-05-18 23:45:21,111566204905,星晨与海洋,6,532804,[等级16],[粉丝团 Lv5]
2026-05-18 23:45:24,2200582788481028,陳浩南,27,532841,[等级9],
2026-05-18 23:45:27,86050612943,饼饼,24,532872,[等级32],[粉丝团 Lv11]
2026-05-18 23:45:31,86050612943,饼饼,27,532898,[等级32],[粉丝团 Lv11]
2026-05-18 23:45:33,86050612943,饼饼,21,532916,[等级32],[粉丝团 Lv11]
2026-05-18 23:45:38,97066511918,腾冲志诚二手车  三老板,3,532926,[等级17],
2026-05-18 23:45:39,2500742976125688,🍓,3,532928,,
2026-05-18 23:45:44,3787146690568471,晚婉该睡觉了,9,532935,[等级10],[粉丝团 Lv3]
2026-05-18 23:45:46,51766643941,。。。,3,532957,[等级4],[粉丝团 Lv1]
2026-05-18 23:45:48,2200582788481028,陳浩南,24,532967,[等级9],
2026-05-18 23:45:53,1003210410832599,🐍⚝,3,532979,[等级4],
2026-05-18 23:45:57,68032523450,许愿,3,532983,[等级18],
2026-05-18 23:46:01,3061498356178845,默 ),3,532988,[等级10],[粉丝团 Lv2]
2026-05-18 23:46:03,2674480805319565,浅炫个饭(๑òᆺó๑),9,533000,,
2026-05-18 23:46:06,83171537465,、、,3,533006,[等级4],
2026-05-18 23:46:09,2674480805319565,浅炫个饭(๑òᆺó๑),3,533014,,
2026-05-18 23:46:13,153524214704011,#,36,533052,,
2026-05-18 23:46:15,153524214704011,#,24,533071,,
2026-05-18 23:46:19,153524214704011,#,27,533109,,
2026-05-18 23:46:21,153524214704011,#,33,533138,,
2026-05-18 23:46:24,56552551182,栖于水云边,6,533232,[等级5],[粉丝团 Lv1]
2026-05-18 23:46:27,153524214704011,#,27,533288,,
2026-05-18 23:46:31,97982905492,乱七八糟,27,533327,[等级4],
2026-05-18 23:46:33,97982905492,乱七八糟,33,533354,[等级4],
2026-05-18 23:46:37,102110698649,逃离季,39,533415,[等级11],
2026-05-18 23:46:39,2370965323133555,彗九,36,533455,[等级5],[粉丝团 Lv1]
2026-05-18 23:46:43,102110698649,逃离季,39,533500,[等级11],
2026-05-18 23:46:45,101938492959,小A,12,533531,[等级16],
2026-05-18 23:46:48,88869427554,清风。,9,533608,[等级16],[粉丝团 Lv4]
2026-05-18 23:46:51,63638137971,✨幸运儿✨,27,533743,[等级12],[粉丝团 Lv6]
2026-05-18 23:46:54,88869427554,清风。,30,533852,[等级16],[粉丝团 Lv4]
2026-05-18 23:46:57,63638137971,✨幸运儿✨,33,533983,[等级12],[粉丝团 Lv6]
2026-05-18 23:47:00,88869427554,清风。,33,534080,[等级16],[粉丝团 Lv4]
2026-05-18 23:47:03,102110698649,逃离季,36,534200,[等级11],
2026-05-18 23:47:06,88869427554,清风。,27,534277,[等级16],[粉丝团 Lv4]
2026-05-18 23:47:09,102110698649,逃离季,33,534381,[等级11],
2026-05-18 23:47:13,88869427554,清风。,30,534488,[等级16],[粉丝团 Lv4]
2026-05-18 23:47:15,65803811732,极 望,33,534612,[等级19],[粉丝团 Lv2]
2026-05-18 23:47:18,88869427554,清风。,33,534727,[等级16],[粉丝团 Lv4]
2026-05-18 23:47:21,65803811732,极 望,27,534867,[等级19],[粉丝团 Lv2]
2026-05-18 23:47:24,88869427554,清风。,30,535013,[等级16],[粉丝团 Lv4]
2026-05-18 23:47:27,668137441996108,唔西迪西,39,535153,,
2026-05-18 23:47:30,88869427554,清风。,30,535254,[等级16],[粉丝团 Lv4]
2026-05-18 23:47:33,7580604859926545445,阿雯（和平精英俱乐部 p🥚）,9,535367,,
2026-05-18 23:47:36,88869427554,清风。,33,535497,[等级16],[粉丝团 Lv4]
2026-05-18 23:47:40,668137441996108,唔西迪西,30,535615,,
2026-05-18 23:47:42,82201381865,飞鹰,3,535767,[等级11],[粉丝团 Lv1]
2026-05-18 23:47:45,101412018260,向光🤗,3,535971,[等级27],
2026-05-18 23:47:48,88869427554,清风。,33,536085,[等级16],[粉丝团 Lv4]
2026-05-18 23:47:51,2458102176691848,堇年,18,536247,[等级13],[粉丝团 Lv10]
2026-05-18 23:47:54,88869427554,清风。,18,536366,[等级16],[粉丝团 Lv4]
2026-05-18 23:47:57,2458102176691848,堇年,9,536520,[等级13],[粉丝团 Lv10]
2026-05-18 23:48:00,77416951506,ら孤痞,6,536681,[等级37],[粉丝团 Lv17]
2026-05-18 23:48:03,66992414470,ღ᭄🌟এ,24,536932,[等级27],[粉丝团 Lv15]
2026-05-18 23:48:06,460032871513661,.楊阳羊杨.,21,537136,[等级17],[粉丝团 Lv1]
2026-05-18 23:48:09,66992414470,ღ᭄🌟এ,18,537342,[等级27],[粉丝团 Lv15]
2026-05-18 23:48:13,3663228569664605,天空无云,36,537508,[等级15],[粉丝团 Lv11]
2026-05-18 23:48:15,2228040683499699,✨✨🌟,24,537614,[等级7],[粉丝团 Lv9]
2026-05-18 23:48:19,3663228569664605,天空无云,24,537718,[等级15],[粉丝团 Lv11]
2026-05-18 23:48:22,8387486817655,yaner岩2,3,537819,[等级12],[粉丝团 Lv10]
2026-05-18 23:48:24,460032871513661,.楊阳羊杨.,24,537860,[等级17],[粉丝团 Lv1]
2026-05-18 23:48:28,2370965323133555,彗九,21,537933,[等级5],[粉丝团 Lv1]
2026-05-18 23:48:30,460032871513661,.楊阳羊杨.,24,537964,[等级17],[粉丝团 Lv1]
2026-05-18 23:48:34,2370965323133555,彗九,6,538004,[等级5],[粉丝团 Lv1]
2026-05-18 23:48:36,460032871513661,.楊阳羊杨.,21,538030,[等级17],[粉丝团 Lv1]
2026-05-18 23:48:40,2370965323133555,彗九,30,538120,[等级5],[粉丝团 Lv1]
2026-05-18 23:48:42,460032871513661,.楊阳羊杨.,24,538183,[等级17],[粉丝团 Lv1]
2026-05-18 23:48:46,2458102176691848,堇年,30,538285,[等级13],[粉丝团 Lv10]
2026-05-18 23:48:48,63638137971,✨幸运儿✨,36,538402,[等级12],[粉丝团 Lv6]
2026-05-18 23:48:51,82342925279,✎﹏ℳ๓宝ོྂ子ོྂ,6,538514,[等级25],[粉丝团 Lv3]
2026-05-18 23:48:54,63638137971,✨幸运儿✨,33,538630,[等级12],[粉丝团 Lv6]
2026-05-18 23:48:57,1332203469940011,有一个笨蛋,33,538736,[等级13],[粉丝团 Lv8]
2026-05-18 23:49:01,100250134080,凯,30,538816,[等级19],[粉丝团 Lv15]
2026-05-18 23:49:03,2370965323133555,彗九,27,538899,[等级5],[粉丝团 Lv1]
2026-05-18 23:49:06,64749251570,漫步人生路.,15,538954,[等级11],
2026-05-18 23:49:10,3270406227902329,碎碎念念,3,539092,[等级2],
2026-05-18 23:49:12,64749251570,漫步人生路.,21,539178,[等级11],
2026-05-18 23:49:16,2370965323133555,彗九,18,539269,[等级5],[粉丝团 Lv1]
2026-05-18 23:49:19,63638137971,✨幸运儿✨,30,539330,[等级12],[粉丝团 Lv6]
2026-05-18 23:49:22,2370965323133555,彗九,18,539399,[等级5],[粉丝团 Lv1]
2026-05-18 23:49:24,72209590551,新疆迈创工程机械租赁,27,539451,[等级23],[粉丝团 Lv11]
2026-05-18 23:49:28,68602748368,王呆呆掌福🧧,15,539512,[等级25],[粉丝团 Lv13]
2026-05-18 23:49:30,72209590551,新疆迈创工程机械租赁,21,539577,[等级23],[粉丝团 Lv11]
2026-05-18 23:49:34,68602748368,王呆呆掌福🧧,30,539657,[等级25],[粉丝团 Lv13]
2026-05-18 23:49:36,72209590551,新疆迈创工程机械租赁,24,539713,[等级23],[粉丝团 Lv11]
2026-05-18 23:49:40,68602748368,王呆呆掌福🧧,27,539791,[等级25],[粉丝团 Lv13]
2026-05-18 23:49:42,63638137971,✨幸运儿✨,33,539856,[等级12],[粉丝团 Lv6]
2026-05-18 23:49:45,68602748368,王呆呆掌福🧧,27,539913,[等级25],[粉丝团 Lv13]
2026-05-18 23:49:48,63638137971,✨幸运儿✨,33,539991,[等级12],[粉丝团 Lv6]
2026-05-18 23:49:51,2031508635004126,syx,3,540026,[等级19],[粉丝团 Lv10]
2026-05-18 23:49:54,63638137971,✨幸运儿✨,36,540104,[等级12],[粉丝团 Lv6]
2026-05-18 23:49:57,2370965323133555,彗九,9,540142,[等级5],[粉丝团 Lv1]
2026-05-18 23:50:00,66831255513,魚,3,540213,[等级4],[粉丝团 Lv1]
2026-05-18 23:50:03,51766643941,。。。,21,540277,[等级4],[粉丝团 Lv1]
2026-05-18 23:50:06,66831255513,魚,42,540335,[等级4],[粉丝团 Lv1]
2026-05-18 23:50:09,594182857827832,🐯西格玛_Man🦁,3,540388,[等级1],
2026-05-18 23:50:12,1676133374894960,🥀⃟佛爷,12,540451,[等级34],[粉丝团 Lv4]
2026-05-18 23:50:16,2370965323133555,彗九,18,540504,[等级5],[粉丝团 Lv1]
2026-05-18 23:50:18,66831255513,魚,33,540583,[等级4],[粉丝团 Lv1]
2026-05-18 23:50:21,98438686831,边ഒ界ζ,84,540682,[等级23],[粉丝团 Lv12]
2026-05-18 23:50:25,66831255513,魚,27,540764,[等级4],[粉丝团 Lv1]
2026-05-18 23:50:28,51766643941,。。。,3,540823,[等级4],[粉丝团 Lv1]
2026-05-18 23:50:30,66831255513,魚,24,540883,[等级4],[粉丝团 Lv1]
2026-05-18 23:50:33,7555682203687240761,不是蓝衣,3,541011,[等级1],
2026-05-18 23:50:36,66831255513,魚,30,541121,[等级4],[粉丝团 Lv1]
2026-05-18 23:50:39,98438686831,边ഒ界ζ,36,541204,[等级23],[粉丝团 Lv12]
2026-05-18 23:50:42,66831255513,魚,15,541287,[等级4],[粉丝团 Lv1]
2026-05-18 23:50:45,98438686831,边ഒ界ζ,78,541390,[等级23],[粉丝团 Lv12]
2026-05-18 23:50:48,64749251570,漫步人生路.,18,541462,[等级11],
2026-05-18 23:50:52,2370965323133555,彗九,12,541529,[等级5],[粉丝团 Lv1]
2026-05-18 23:50:55,64749251570,漫步人生路.,33,541587,[等级11],
2026-05-18 23:50:57,73908919846,袜子一周一洗,36,541652,[等级5],[粉丝团 Lv8]
2026-05-18 23:51:01,64749251570,漫步人生路.,15,541736,[等级11],
2026-05-18 23:51:03,7555682203687240761,不是蓝衣,3,541786,[等级1],
2026-05-18 23:51:06,79863128140,壹寒,9,541832,[等级26],[粉丝团 Lv3]
2026-05-18 23:51:09,7555682203687240761,不是蓝衣,9,541882,[等级1],
2026-05-18 23:51:13,3729191193283915,江湖•渡劫,30,541971,[等级27],
2026-05-18 23:51:15,98438686831,边ഒ界ζ,84,542041,[等级23],[粉丝团 Lv12]
2026-05-18 23:51:19,100250134080,凯,39,542164,[等级19],[粉丝团 Lv15]
2026-05-18 23:51:21,98438686831,边ഒ界ζ,81,542224,[等级23],[粉丝团 Lv12]
2026-05-18 23:51:25,100250134080,凯,30,542345,[等级19],[粉丝团 Lv15]
2026-05-18 23:51:27,98438686831,边ഒ界ζ,81,542413,[等级23],[粉丝团 Lv12]
2026-05-18 23:51:30,62884807843,赤城门徒,15,542493,[等级6],[粉丝团 Lv10]
2026-05-18 23:51:33,98438686831,边ഒ界ζ,84,542599,[等级23],[粉丝团 Lv12]
2026-05-18 23:51:36,3272565982234759,C了个C,3,542686,[等级11],[粉丝团 Lv3]
2026-05-18 23:51:39,98438686831,边ഒ界ζ,81,542783,[等级23],[粉丝团 Lv12]
2026-05-18 23:51:43,100250134080,凯,42,542883,[等级19],[粉丝团 Lv15]
2026-05-18 23:51:45,98438686831,边ഒ界ζ,81,542940,[等级23],[粉丝团 Lv12]
2026-05-18 23:51:48,106463264158,诗人爱上疯子,6,543009,[等级8],
2026-05-18 23:51:51,98438686831,边ഒ界ζ,84,543101,[等级23],[粉丝团 Lv12]
2026-05-18 23:51:55,100250134080,凯,30,543213,[等级19],[粉丝团 Lv15]
2026-05-18 23:51:57,59663065416,失眠数羊🐑,24,543252,[等级6],[粉丝团 Lv7]
2026-05-18 23:52:01,100250134080,凯,30,543363,[等级19],[粉丝团 Lv15]
2026-05-18 23:52:03,98438686831,边ഒ界ζ,81,543422,[等级23],[粉丝团 Lv12]
2026-05-18 23:52:06,98994335408,𝔸𝕟 𝕎𝕖𝕟 🌈,30,543507,[等级1],
2026-05-18 23:52:09,64749251570,漫步人生路.,27,543659,[等级11],
2026-05-18 23:52:12,78929305769,～君莫笑～,12,544070,[等级24],[粉丝团 Lv10]
2026-05-18 23:52:15,92959559950,り满眼星辰✨,9,544760,[等级11],[粉丝团 Lv10]
2026-05-18 23:52:18,96189905549,user6939197963994,3,545383,[等级8],[粉丝团 Lv5]
2026-05-18 23:52:21,98438686831,边ഒ界ζ,84,545913,[等级23],[粉丝团 Lv12]
2026-05-18 23:52:25,3437523415078937,曾先生,21,546388,[等级2],[粉丝团 Lv5]
2026-05-18 23:52:27,100579465259,👉🏽Conquer👈🏽,21,546768,[等级1],
2026-05-18 23:52:31,3437523415078937,曾先生,27,547139,[等级2],[粉丝团 Lv5]
2026-05-18 23:52:33,95003182837,故事缺酒也缺你,27,547460,[等级1],[粉丝团 Lv3]
2026-05-18 23:52:37,23773147096,相见不如怀念,12,547706,[等级29],[粉丝团 Lv10]
2026-05-18 23:52:39,69268051905,ᑋᵉᑊᑊᵒ妞,24,547945,[等级12],[粉丝团 Lv7]
2026-05-18 23:52:42,23773147096,相见不如怀念,21,548122,[等级29],[粉丝团 Lv10]
2026-05-18 23:52:45,69268051905,ᑋᵉᑊᑊᵒ妞,21,548322,[等级12],[粉丝团 Lv7]
2026-05-18 23:52:48,438018980461011,用户9686979853450,24,548541,,
2026-05-18 23:52:51,69268051905,ᑋᵉᑊᑊᵒ妞,9,548666,[等级12],[粉丝团 Lv7]
2026-05-18 23:52:54,23773147096,相见不如怀念,27,548799,[等级29],[粉丝团 Lv10]
2026-05-18 23:52:57,61088081565,精彩人生,27,548982,[等级20],[粉丝团 Lv13]
2026-05-18 23:53:00,3663228569664605,天空无云,30,549108,[等级15],[粉丝团 Lv11]
2026-05-18 23:53:03,98438686831,边ഒ界ζ,84,549315,[等级23],[粉丝团 Lv12]
2026-05-18 23:53:07,100250134080,凯,39,549482,[等级19],[粉丝团 Lv15]
2026-05-18 23:53:09,98438686831,边ഒ界ζ,81,549592,[等级23],[粉丝团 Lv12]
2026-05-18 23:53:12,3663228569664605,天空无云,33,549755,[等级15],[粉丝团 Lv11]
2026-05-18 23:53:15,98438686831,边ഒ界ζ,81,549962,[等级23],[粉丝团 Lv12]
2026-05-18 23:53:18,3663228569664605,天空无云,30,550114,[等级15],[粉丝团 Lv11]
2026-05-18 23:53:21,83617703979,十七柒,24,550283,[等级14],[粉丝团 Lv10]
2026-05-18 23:53:24,3663228569664605,天空无云,21,550430,[等级15],[粉丝团 Lv11]
2026-05-18 23:53:27,73908919846,袜子一周一洗,36,550601,[等级5],[粉丝团 Lv8]
2026-05-18 23:53:30,3663228569664605,天空无云,27,550732,[等级15],[粉丝团 Lv11]
2026-05-18 23:53:33,98438686831,边ഒ界ζ,81,550882,[等级23],[粉丝团 Lv12]
2026-05-18 23:53:36,102490715520,福尔魔方,36,551016,[等级5],
2026-05-18 23:53:39,98438686831,边ഒ界ζ,84,551139,[等级23],[粉丝团 Lv12]
2026-05-18 23:53:43,23773147096,相见不如怀念,24,551258,[等级29],[粉丝团 Lv10]
2026-05-18 23:53:46,59663065416,失眠数羊🐑,12,551334,[等级6],[粉丝团 Lv7]
2026-05-18 23:53:49,2458102176691848,堇年,3,551399,[等级13],[粉丝团 Lv10]
2026-05-18 23:53:51,2458102176691848,堇年,3,551436,[等级13],[粉丝团 Lv10]
2026-05-18 23:53:55,2458102176691848,堇年,6,551554,[等级13],[粉丝团 Lv10]
2026-05-18 23:53:57,95734817960,境界,3,551582,[等级21],[粉丝团 Lv4]
2026-05-18 23:54:01,98438686831,边ഒ界ζ,81,551692,[等级23],[粉丝团 Lv12]
2026-05-18 23:54:03,98438686831,边ഒ界ζ,84,551762,[等级23],[粉丝团 Lv12]
2026-05-18 23:54:07,71106944802,之祠,3,551894,,
2026-05-18 23:54:09,98438686831,边ഒ界ζ,81,551963,[等级23],[粉丝团 Lv12]
2026-05-18 23:54:13,23773147096,相见不如怀念,24,552109,[等级29],[粉丝团 Lv10]
2026-05-18 23:54:15,23773147096,相见不如怀念,27,552210,[等级29],[粉丝团 Lv10]
2026-05-18 23:54:18,108614894174,Lemonade_PS,33,552332,[等级6],
2026-05-18 23:54:21,62896098453,丁当驾到,3,552476,[等级11],
2026-05-18 23:54:24,23773147096,相见不如怀念,27,552596,[等级29],[粉丝团 Lv10]
2026-05-18 23:54:27,98438686831,边ഒ界ζ,81,552734,[等级23],[粉丝团 Lv12]
2026-05-18 23:54:30,3469686098102036,老劉忙,36,552853,[等级19],
2026-05-18 23:54:33,23773147096,相见不如怀念,24,552948,[等级29],[粉丝团 Lv10]
2026-05-18 23:54:36,3469686098102036,老劉忙,24,553040,[等级19],
2026-05-18 23:54:39,73908919846,袜子一周一洗,33,553113,[等级5],[粉丝团 Lv8]
2026-05-18 23:54:42,101938492959,小A,24,553219,[等级16],
2026-05-18 23:54:45,73908919846,袜子一周一洗,27,553315,[等级5],[粉丝团 Lv8]
2026-05-18 23:54:48,460032871513661,.楊阳羊杨.,24,553381,[等级17],[粉丝团 Lv1]
2026-05-18 23:54:51,82110318586,依旧少年,3,553446,[等级15],[粉丝团 Lv2]
2026-05-18 23:54:54,2946315483621007,杪諒,6,553556,[等级31],[粉丝团 Lv10]
2026-05-18 23:54:57,3558462383205171,微笑可以治愈一切,24,553670,[等级11],[粉丝团 Lv1]
2026-05-18 23:55:00,460032871513661,.楊阳羊杨.,18,553765,[等级17],[粉丝团 Lv1]
2026-05-18 23:55:03,73908919846,袜子一周一洗,21,553838,[等级5],[粉丝团 Lv8]
2026-05-18 23:55:06,460032871513661,.楊阳羊杨.,24,553938,[等级17],[粉丝团 Lv1]
2026-05-18 23:55:09,2516161899267294,兮.,15,554017,[等级3],
2026-05-18 23:55:12,106879909769,辉哥,3,554089,[等级10],
2026-05-18 23:55:15,73908919846,袜子一周一洗,30,554203,[等级5],[粉丝团 Lv8]
2026-05-18 23:55:18,460032871513661,.楊阳羊杨.,27,554354,[等级17],[粉丝团 Lv1]
2026-05-18 23:55:21,73908919846,袜子一周一洗,30,554509,[等级5],[粉丝团 Lv8]
2026-05-18 23:55:24,2946315483621007,杪諒,18,554737,[等级31],[粉丝团 Lv10]
2026-05-18 23:55:27,73908919846,袜子一周一洗,33,554936,[等级5],[粉丝团 Lv8]
2026-05-18 23:55:30,1139507355196032,炒米粉,21,555224,[等级12],[粉丝团 Lv9]
2026-05-18 23:55:33,73908919846,袜子一周一洗,33,555409,[等级5],[粉丝团 Lv8]
2026-05-18 23:55:36,68499637987,黑粉吖,3,555621,[等级9],[粉丝团 Lv8]
2026-05-18 23:55:39,73908919846,袜子一周一洗,30,555830,[等级5],[粉丝团 Lv8]
2026-05-18 23:55:42,68499637987,黑粉吖,6,556038,[等级9],[粉丝团 Lv8]
2026-05-18 23:55:45,73908919846,袜子一周一洗,30,556258,[等级5],[粉丝团 Lv8]
2026-05-18 23:55:48,1319061160213487,莫若以明,27,556463,[等级6],[粉丝团 Lv2]
2026-05-18 23:55:51,7509091053892011066,终点,12,556613,,
2026-05-18 23:55:54,102388103725,ღ᭄ꫛ零এ,30,556818,[等级8],[粉丝团 Lv3]
2026-05-18 23:55:57,73908919846,袜子一周一洗,33,557019,[等级5],[粉丝团 Lv8]
2026-05-18 23:56:00,102388103725,ღ᭄ꫛ零এ,27,557260,[等级8],[粉丝团 Lv3]
2026-05-18 23:56:03,73908919846,袜子一周一洗,33,557486,[等级5],[粉丝团 Lv8]
2026-05-18 23:56:06,1333022732588423,烟草味的情怀,15,557657,[等级3],[粉丝团 Lv5]
2026-05-18 23:56:09,73908919846,袜子一周一洗,30,557828,[等级5],[粉丝团 Lv8]
2026-05-18 23:56:12,65105600138,小淮贝贝🐧,3,558009,[等级20],[粉丝团 Lv10]
2026-05-18 23:56:15,81177285710,九安,12,558266,[等级6],[粉丝团 Lv7]
2026-05-18 23:56:18,68499637987,黑粉吖,3,558490,[等级9],[粉丝团 Lv8]
2026-05-18 23:56:21,102490715520,福尔魔方,6,558769,[等级5],
2026-05-18 23:56:24,3922648416399870,临霁,12,558995,[等级10],[粉丝团 Lv10]
2026-05-18 23:56:27,73908919846,袜子一周一洗,30,559245,[等级5],[粉丝团 Lv8]
2026-05-18 23:56:30,3843491101155824,XIAOYU🦁🦈,3,559417,[等级20],[粉丝团 Lv5]
2026-05-18 23:56:33,73908919846,袜子一周一洗,30,559607,[等级5],[粉丝团 Lv8]
2026-05-18 23:56:36,98714916130,心碎_也完美、,33,559818,[等级11],[粉丝团 Lv9]
2026-05-18 23:56:39,73908919846,袜子一周一洗,30,560007,[等级5],[粉丝团 Lv8]
2026-05-18 23:56:42,1333022732588423,烟草味的情怀,21,560287,[等级3],[粉丝团 Lv5]
2026-05-18 23:56:45,60806748798,王蓉～小柠檬麻麻,15,560527,[等级12],[粉丝团 Lv10]
2026-05-18 23:56:48,2200582788481028,陳浩南,3,560731,[等级9],
2026-05-18 23:56:51,73908919846,袜子一周一洗,12,560962,[等级5],[粉丝团 Lv8]
2026-05-18 23:56:54,4277559046439880,小天碎冰冰,6,561162,[等级8],[粉丝团 Lv2]
2026-05-18 23:56:57,105036568087,槐🫧,27,561314,[等级7],
2026-05-18 23:57:00,2499611050117147,悠然,24,561504,[等级10],[粉丝团 Lv10]
2026-05-18 23:57:03,108614894174,Lemonade_PS,33,561745,[等级6],
2026-05-18 23:57:06,82780679124,。宁,33,562018,[等级23],[粉丝团 Lv13]
2026-05-18 23:57:09,1848743239621097,mukri,36,562351,,
2026-05-18 23:57:12,60704769499,狐狸对你笑,27,562632,[等级27],[粉丝团 Lv8]
2026-05-18 23:57:15,73908919846,袜子一周一洗,27,562968,[等级5],[粉丝团 Lv8]
2026-05-18 23:57:18,7465029989924209724,7,15,563267,[等级9],[粉丝团 Lv5]
2026-05-18 23:57:21,73908919846,袜子一周一洗,30,563543,[等级5],[粉丝团 Lv8]
2026-05-18 23:57:24,60704769499,狐狸对你笑,24,563798,[等级27],[粉丝团 Lv8]
2026-05-18 23:57:27,93161963509,圣代,18,564004,[等级6],[粉丝团 Lv7]
2026-05-18 23:57:30,2710748969042795,用户70530146422,21,564259,[等级1],
2026-05-18 23:57:33,73908919846,袜子一周一洗,27,564459,[等级5],[粉丝团 Lv8]
2026-05-18 23:57:36,111199836072,.x,3,564673,[等级9],[粉丝团 Lv5]
2026-05-18 23:57:39,73908919846,袜子一周一洗,3,564883,[等级5],[粉丝团 Lv8]
2026-05-18 23:57:42,102388103725,ღ᭄ꫛ零এ,33,565070,[等级8],[粉丝团 Lv3]
2026-05-18 23:57:45,99625616620,忍 冬,15,565239,[等级20],[粉丝团 Lv10]
2026-05-18 23:57:48,2710748969042795,用户70530146422,12,565425,[等级1],
2026-05-18 23:57:51,73908919846,袜子一周一洗,30,565634,[等级5],[粉丝团 Lv8]
2026-05-18 23:57:54,1333022732588423,烟草味的情怀,30,565854,[等级3],[粉丝团 Lv5]
2026-05-18 23:57:57,2940556457551331,满山猴子我腚最红,30,566067,[等级6],
2026-05-18 23:58:00,2710748969042795,用户70530146422,21,566282,[等级1],
2026-05-18 23:58:03,55760606101,岑孞,30,566531,[等级11],[粉丝团 Lv5]
2026-05-18 23:58:07,1333022732588423,烟草味的情怀,24,566755,[等级3],[粉丝团 Lv5]
2026-05-18 23:58:09,73908919846,袜子一周一洗,33,566963,[等级5],[粉丝团 Lv8]
2026-05-18 23:58:13,2710748969042795,用户70530146422,24,567156,[等级1],
2026-05-18 23:58:15,73908919846,袜子一周一洗,6,567295,[等级5],[粉丝团 Lv8]
2026-05-18 23:58:18,2710748969042795,用户70530146422,21,567416,[等级1],
2026-05-18 23:58:21,73908919846,袜子一周一洗,27,567545,[等级5],[粉丝团 Lv8]
2026-05-18 23:58:24,917415349200511,吉星高赵💫,3,567680,[等级5],
2026-05-18 23:58:27,73908919846,袜子一周一洗,21,567767,[等级5],[粉丝团 Lv8]
2026-05-18 23:58:30,94700920490,是小崔啊✨,24,567871,[等级27],[粉丝团 Lv4]
2026-05-18 23:58:33,60627504900,雪碧吖🌓,39,567990,[等级29],[粉丝团 Lv6]
2026-05-18 23:58:36,74449574189,G',3,568093,[等级15],[粉丝团 Lv3]
2026-05-18 23:58:40,3104660720720029,小亿追剧,24,568195,[等级15],[粉丝团 Lv1]
2026-05-18 23:58:42,81498709949,玉楼金阙慵归去,21,568307,[等级12],[粉丝团 Lv6]
2026-05-18 23:58:45,64331589731,香橙好吃嘛,27,568448,[等级9],[粉丝团 Lv10]
2026-05-18 23:58:48,81498709949,玉楼金阙慵归去,24,568566,[等级12],[粉丝团 Lv6]
2026-05-18 23:58:51,64331589731,香橙好吃嘛,24,568693,[等级9],[粉丝团 Lv10]
2026-05-18 23:58:54,81498709949,玉楼金阙慵归去,24,568828,[等级12],[粉丝团 Lv6]
2026-05-18 23:58:57,64331589731,香橙好吃嘛,27,568940,[等级9],[粉丝团 Lv10]
2026-05-18 23:59:00,81498709949,玉楼金阙慵归去,27,569033,[等级12],[粉丝团 Lv6]
2026-05-18 23:59:03,64331589731,香橙好吃嘛,27,569138,[等级9],[粉丝团 Lv10]
2026-05-18 23:59:06,61012921378,星星点灯,30,569238,[等级14],
2026-05-18 23:59:09,228290059320334,池恩,6,569357,[等级3],[粉丝团 Lv7]
2026-05-18 23:59:12,102420886252,木槿～,9,569487,[等级7],
2026-05-18 23:59:15,369029274418303,木🪵,3,569802,[等级2],
2026-05-18 23:59:18,3356179743640159,时安.,27,570367,[等级2],
2026-05-18 23:59:21,2999938390169099,HAHA,30,571257,[等级2],
2026-05-18 23:59:24,81498709949,玉楼金阙慵归去,27,572122,[等级12],[粉丝团 Lv6]
2026-05-18 23:59:27,110487983863,都怪你隐身太清晰,6,573272,[等级17],[粉丝团 Lv8]
2026-05-18 23:59:30,3491666135363180,喜喜,30,574360,[等级25],
2026-05-18 23:59:33,3466124388734654,oook,24,575602,,
2026-05-18 23:59:36,7509091053892011066,终点,6,576590,,
2026-05-18 23:59:39,110487983863,都怪你隐身太清晰,42,577644,[等级17],[粉丝团 Lv8]
2026-05-18 23:59:42,176392914349309,陪我久¹点,27,578536,[等级2],[粉丝团 Lv4]
2026-05-18 23:59:45,4143436941760055,茶馆,30,579584,[等级7],[粉丝团 Lv10]
2026-05-18 23:59:48,1099972564753256,DDDDDDee.,30,580462,[等级35],[粉丝团:张君雅 Lv15]
2026-05-18 23:59:51,4143436941760055,茶馆,36,581514,[等级7],[粉丝团 Lv10]
2026-05-18 23:59:54,101629850514,张老黑的飞哥⁵¹⁰⁷⁴,27,582483,[等级33],[粉丝团 Lv16]
2026-05-18 23:59:57,2242602506400819,𝓅𝒾𝓂𝓇𝒾𝓆 .🧊,30,583399,[等级19],[粉丝团 Lv1]
2026-05-19 00:00:00,2710748969042795,用户70530146422,21,584342,[等级1],
2026-05-19 00:00:03,60704769499,狐狸对你笑,27,585257,[等级27],[粉丝团 Lv8]
2026-05-19 00:00:06,2710748969042795,用户70530146422,24,586160,[等级1],
2026-05-19 00:00:09,4143436941760055,茶馆,33,586961,[等级7],[粉丝团 Lv10]
2026-05-19 00:00:12,81498709949,玉楼金阙慵归去,30,587786,[等级12],[粉丝团 Lv6]
2026-05-19 00:00:15,4143436941760055,茶馆,36,588517,[等级7],[粉丝团 Lv10]
2026-05-19 00:00:18,4385284366281144,只想躺平,3,589253,[等级7],[粉丝团 Lv5]
2026-05-19 00:00:21,3949038285624535,风间,36,590001,[等级13],[粉丝团 Lv10]
2026-05-19 00:00:24,2629627423229533,茆,30,590671,[等级14],[粉丝团 Lv4]
2026-05-19 00:00:27,62198742039,🌈咬不断的痰,27,591349,[等级18],[粉丝团 Lv4]
2026-05-19 00:00:30,2629627423229533,茆,30,591977,[等级14],[粉丝团 Lv4]
2026-05-19 00:00:33,1890758845273127,是甜甜吗？,6,592571,[等级10],[粉丝团 Lv8]
2026-05-19 00:00:36,1848743239621097,mukri,30,593104,,
2026-05-19 00:00:39,110487983863,都怪你隐身太清晰,33,593610,[等级17],[粉丝团 Lv8]
2026-05-19 00:00:42,81498709949,玉楼金阙慵归去,27,594177,[等级12],[粉丝团 Lv6]
2026-05-19 00:00:45,110487983863,都怪你隐身太清晰,36,594725,[等级17],[粉丝团 Lv8]
2026-05-19 00:00:48,1848743239621097,mukri,33,595315,,
2026-05-19 00:00:51,4160974532130136,冉冉升起,9,595883,[等级18],[粉丝团 Lv11]
2026-05-19 00:00:54,4345691005783246,Its-ok,24,596420,[等级1],
2026-05-19 00:00:57,73908919846,袜子一周一洗,9,596925,[等级5],[粉丝团 Lv8]
2026-05-19 00:01:00,81498709949,玉楼金阙慵归去,27,597445,[等级12],[粉丝团 Lv6]
2026-05-19 00:01:03,1689329904654509,仔⁸ 仔⁸,6,598026,[等级10],[粉丝团 Lv6]
2026-05-19 00:01:06,4345691005783246,Its-ok,30,598468,[等级1],
2026-05-19 00:01:09,110487983863,都怪你隐身太清晰,33,598826,[等级17],[粉丝团 Lv8]
2026-05-19 00:01:12,81498709949,玉楼金阙慵归去,30,599154,[等级12],[粉丝团 Lv6]
2026-05-19 00:01:15,4143436941760055,茶馆,42,599588,[等级7],[粉丝团 Lv10]
2026-05-19 00:01:18,1890758845273127,是甜甜吗？,30,600048,[等级10],[粉丝团 Lv8]
2026-05-19 00:01:21,73908919846,袜子一周一洗,15,600422,[等级5],[粉丝团 Lv8]
2026-05-19 00:01:25,4345691005783246,Its-ok,27,600772,[等级1],
2026-05-19 00:01:27,4143436941760055,茶馆,30,601062,[等级7],[粉丝团 Lv10]
2026-05-19 00:01:30,97648291164,王乐,36,601377,[等级11],[粉丝团 Lv5]
2026-05-19 00:01:33,4143436941760055,茶馆,36,601662,[等级7],[粉丝团 Lv10]
2026-05-19 00:01:36,97109331275,💌,27,602033,[等级9],
2026-05-19 00:01:39,4143436941760055,茶馆,36,602526,[等级7],[粉丝团 Lv10]
2026-05-19 00:01:42,97648291164,王乐,33,603010,[等级11],[粉丝团 Lv5]
2026-05-19 00:01:45,73908919846,袜子一周一洗,30,603458,[等级5],[粉丝团 Lv8]
2026-05-19 00:01:48,2326217848783460,放之,6,603881,[等级22],[粉丝团 Lv8]
2026-05-19 00:01:51,73908919846,袜子一周一洗,15,604248,[等级5],[粉丝团 Lv8]
2026-05-19 00:01:54,998827332731295,陪你向阳而生.,3,604587,[等级19],[粉丝团 Lv11]
2026-05-19 00:01:57,4160974532130136,冉冉升起,33,604932,[等级18],[粉丝团 Lv11]
2026-05-19 00:02:00,97648291164,王乐,33,605369,[等级11],[粉丝团 Lv5]
2026-05-19 00:02:03,66992414470,ღ᭄🌟এ,21,605773,[等级27],[粉丝团 Lv15]
2026-05-19 00:02:06,97648291164,王乐,33,606107,[等级11],[粉丝团 Lv5]
2026-05-19 00:02:09,66992414470,ღ᭄🌟এ,36,606431,[等级27],[粉丝团 Lv15]
2026-05-19 00:02:12,998827332731295,陪你向阳而生.,27,606752,[等级19],[粉丝团 Lv11]
2026-05-19 00:02:15,1345421453835067,只做你的太阳🌞,54,607015,[等级1],
2026-05-19 00:02:18,97648291164,王乐,36,607288,[等级11],[粉丝团 Lv5]
2026-05-19 00:02:21,66992414470,ღ᭄🌟এ,36,607567,[等级27],[粉丝团 Lv15]
2026-05-19 00:02:24,97648291164,王乐,33,607917,[等级11],[粉丝团 Lv5]
2026-05-19 00:02:27,66992414470,ღ᭄🌟এ,33,608234,[等级27],[粉丝团 Lv15]
2026-05-19 00:02:30,97648291164,王乐,33,608536,[等级11],[粉丝团 Lv5]
2026-05-19 00:02:33,79496793968,WH,9,608827,[等级29],[粉丝团 Lv14]
2026-05-19 00:02:36,96362302466,桃子晚晚,33,609065,[等级8],[粉丝团 Lv9]
2026-05-19 00:02:39,4160974532130136,冉冉升起,33,609372,[等级18],[粉丝团 Lv11]
2026-05-19 00:02:42,77416951506,ら孤痞,27,609717,[等级37],[粉丝团 Lv17]
2026-05-19 00:02:45,87788323882,茫,24,609945,[等级24],[粉丝团 Lv4]
2026-05-19 00:02:48,71126905166,抖音小肋手,18,610183,[等级11],[粉丝团 Lv10]
2026-05-19 00:02:51,93849928462,今天淦点啥.,9,610284,[等级3],
2026-05-19 00:02:54,60704769499,狐狸对你笑,24,610390,[等级27],[粉丝团 Lv8]
2026-05-19 00:02:57,64331589731,香橙好吃嘛,27,610522,[等级9],[粉丝团 Lv10]
2026-05-19 00:03:00,60704769499,狐狸对你笑,27,610642,[等级27],[粉丝团 Lv8]
2026-05-19 00:03:03,64331589731,香橙好吃嘛,30,610803,[等级9],[粉丝团 Lv10]
2026-05-19 00:03:06,60704769499,狐狸对你笑,27,610989,[等级27],[粉丝团 Lv8]
2026-05-19 00:03:09,1099972564753256,DDDDDDee.,27,611219,[等级35],[粉丝团:张君雅 Lv15]
2026-05-19 00:03:12,3148609206629501,黎钰,36,611448,[等级14],
2026-05-19 00:03:14,71533879276,懒得起名字,13,611602,[等级15],[粉丝团 Lv8]
2026-05-19 00:03:14,1297018684969272,又一场大雪，落在我们的世界里,2,611602,,
2026-05-19 00:03:14,3148609206629501,黎钰,11,611602,[等级14],
2026-05-19 00:03:14,98714916130,心碎_也完美、,10,611602,[等级11],[粉丝团 Lv9]
