time,user_id,user_name,content,grade,fans_club
2026-05-11 23:10:21,1904820371071117,不过是向往,提前关注=额外100宵夜,[等级9],[粉丝团 Lv10]
2026-05-11 23:10:22,59081864451,ly.ঞ,提前关注=额外100宵夜,[等级18],[粉丝团 Lv12]
2026-05-11 23:10:22,15820922723,恰似,提前关注=额外100宵夜,[等级20],
2026-05-11 23:10:22,98570026608,小影。,提前关注=额外100宵夜,[等级13],[粉丝团 Lv11]
2026-05-11 23:10:22,452643025072951,向晴,提前关注=额外100宵夜,[等级14],[粉丝团 Lv11]
2026-05-11 23:10:22,106357344136,龙,提前关注=额外100宵夜,[等级29],[粉丝团 Lv13]
2026-05-11 23:10:22,108583432791,Yu🐠,提前关注=额外100宵夜,[等级30],[粉丝团 Lv10]
2026-05-11 23:10:22,100454180696,Rᴇ.,提前关注=额外100宵夜,[等级16],[粉丝团 Lv10]
2026-05-11 23:10:22,22457894056600,🌙捧花看海～,提前关注=额外100宵夜,[等级13],[粉丝团 Lv10]
2026-05-11 23:10:22,59193928782,👣,提前关注=额外100宵夜,[等级5],[粉丝团 Lv8]
2026-05-11 23:10:22,95880683974,喵,提前关注=额外100宵夜,[等级10],[粉丝团 Lv7]
2026-05-11 23:10:23,111438436586,真就九漏鱼²⁰²⁶,提前关注=额外100宵夜,[等级14],[粉丝团 Lv11]
2026-05-11 23:10:23,85781734566,楠星,提前关注=额外100宵夜,[等级16],[粉丝团 Lv7]
2026-05-11 23:10:23,1540850591738068,🌈不知名网友,提前关注=额外100宵夜,[等级3],[粉丝团 Lv3]
2026-05-11 23:10:23,23772131148,豆豆不逗了,提前关注=额外100宵夜,[等级8],[粉丝团 Lv6]
2026-05-11 23:10:23,3263817174771448,辛杰,提前关注=额外100宵夜,[等级8],[粉丝团 Lv9]
2026-05-11 23:10:23,60388573942,小张and小谢,提前关注=额外100宵夜,[等级5],[粉丝团 Lv2]
2026-05-11 23:10:23,73760514908,谁明浪子心,提前关注=额外100宵夜,[等级19],[粉丝团 Lv12]
2026-05-11 23:10:23,3808297727566620,呐呐的小饼干,提前关注=额外100宵夜,[等级8],
2026-05-11 23:10:24,3847919026051827,越前家的小寒寒,提前关注=额外100宵夜,[等级3],[粉丝团 Lv2]
2026-05-11 23:10:24,68434524482,二月十六,提前关注=额外100宵夜,[等级15],[粉丝团 Lv3]
2026-05-11 23:10:24,104486021714,爱就一个字,提前关注=额外100宵夜,[等级5],
2026-05-11 23:10:24,74306427900,Summer,提前关注=额外100宵夜,[等级7],
2026-05-11 23:10:24,99229601776,♛小菜鸟,提前关注=额外100宵夜,[等级17],[粉丝团 Lv12]
2026-05-11 23:10:24,852835326769630,梁全其美,提前关注=额外100宵夜,[等级17],[粉丝团 Lv9]
2026-05-11 23:10:24,74037152646,Z☡zᶻ ⌁,提前关注=额外100宵夜,[等级19],[粉丝团 Lv6]
2026-05-11 23:10:26,1724463621879645,ㅤㅤㅤㅤㅤㅤ ㅤㅤ,提前关注=额外100宵夜,[等级12],[粉丝团 Lv11]
2026-05-11 23:10:26,87319606012,假。,提前关注=额外100宵夜,[等级11],[粉丝团 Lv2]
2026-05-11 23:10:26,4499643040531264,yiqi7,提前关注=额外100宵夜,[等级12],[粉丝团 Lv11]
2026-05-11 23:10:26,2247824732324727,小光，爱钓鱼,提前关注=额外100宵夜,[等级19],[粉丝团 Lv10]
2026-05-11 23:10:26,3056245809885772,喜哥哥,提前关注=额外100宵夜,[等级15],[粉丝团 Lv3]
2026-05-11 23:10:26,63727953176,辞冬序,提前关注=额外100宵夜,[等级21],[粉丝团 Lv10]
2026-05-11 23:10:26,99997472580,放肆DI小侽人,提前关注=额外100宵夜,[等级19],[粉丝团 Lv13]
2026-05-11 23:10:26,2410566453040446,朋友的酒,提前关注=额外100宵夜,[等级3],[粉丝团 Lv7]
2026-05-11 23:10:26,1723660662481374,💫☘︎ ݁꙳无恙 ﻬꦿ,提前关注=额外100宵夜,[等级43],[粉丝团:张君雅 Lv8]
2026-05-11 23:10:26,22839186343,知寒,提前关注=额外100宵夜,[等级10],[粉丝团 Lv10]
2026-05-11 23:10:26,102994141167,武曲,提前关注=额外100宵夜,[等级15],[粉丝团 Lv6]
2026-05-11 23:10:27,1942207228024420,Angel.z.,提前关注=额外100宵夜,[等级8],[粉丝团 Lv7]
2026-05-11 23:10:27,84657551318,多少666666,提前关注=额外100宵夜,[等级20],[粉丝团 Lv11]
2026-05-11 23:10:27,96619454532,一生只为你,提前关注=额外100宵夜,[等级12],[粉丝团 Lv6]
2026-05-11 23:10:27,90210925852,素颜Sᥫᩣ,提前关注=额外100宵夜,[等级20],[粉丝团 Lv4]
2026-05-11 23:10:28,58416689498,🇲🇴陈先森,提前关注=额外100宵夜,[等级30],[粉丝团 Lv12]
2026-05-11 23:10:28,2883387267750147,等待,提前关注=额外100宵夜,[等级9],[粉丝团 Lv10]
2026-05-11 23:10:28,2377570401131560,薇薇,提前关注=额外100宵夜,[等级10],[粉丝团 Lv10]
2026-05-11 23:10:28,4011490499899575,☆兦䢋,提前关注=额外100宵夜,[等级11],[粉丝团 Lv12]
2026-05-11 23:10:28,74933759258,SLS,提前关注=额外100宵夜,[等级6],[粉丝团 Lv6]
2026-05-11 23:10:28,70892948076,宝塔山漆云南营销中心（景娟）,提前关注=额外100宵夜,[等级15],[粉丝团 Lv11]
2026-05-11 23:10:28,2192845238175603,小陳,提前关注=额外100宵夜,[等级10],[粉丝团 Lv7]
2026-05-11 23:10:28,96612544972,简单生活,提前关注=额外100宵夜,[等级23],[粉丝团 Lv11]
2026-05-11 23:10:28,980403168753005,把酒叹平生,提前关注=额外100宵夜,[等级19],[粉丝团 Lv13]
2026-05-11 23:10:28,2823142878755851,🍓杨玉杰,提前关注=额外100宵夜,[等级18],[粉丝团 Lv10]
2026-05-11 23:10:28,111095909756,小囡囡🍼,提前关注=额外100宵夜,[等级14],[粉丝团 Lv5]
2026-05-11 23:10:28,109756665406,ᑮéиg宝🧸ོ,提前关注=额外100宵夜,[等级29],[粉丝团 Lv12]
2026-05-11 23:10:29,2228061436379418,知予🌙,提前关注=额外100宵夜,[等级20],[粉丝团 Lv12]
2026-05-11 23:10:29,107881005322,不甘寂寞,提前关注=额外100宵夜,[等级17],
2026-05-11 23:10:29,101860449017,🦦,提前关注=额外100宵夜,[等级16],[粉丝团 Lv14]
2026-05-11 23:10:29,66071262220,˚*̥(∗*⁰͈꒨⁰͈)*̥哇哦~,提前关注=额外100宵夜,[等级34],[粉丝团 Lv10]
2026-05-11 23:10:29,1275883216438728,元,提前关注=额外100宵夜,[等级10],[粉丝团 Lv10]
2026-05-11 23:10:29,93197484104,开水养活鱼🌊,提前关注=额外100宵夜,[等级14],
2026-05-11 23:10:29,82570271987,张张～,提前关注=额外100宵夜,[等级22],[粉丝团 Lv13]
2026-05-11 23:10:29,7518212624074048572,@谋财  爱命👌,提前关注=额外100宵夜,,
2026-05-11 23:10:31,108175362815,onepiece,提前关注=额外100宵夜,[等级19],[粉丝团 Lv2]
2026-05-11 23:10:31,3616758115861305,用户4750234859682,提前关注=额外100宵夜,[等级3],[粉丝团 Lv3]
2026-05-11 23:10:31,1946573784227340,芦苇微微,提前关注=额外100宵夜,[等级22],[粉丝团 Lv11]
2026-05-11 23:10:31,81332612031,全全,提前关注=额外100宵夜,[等级17],[粉丝团 Lv12]
2026-05-11 23:10:31,95752092555,初夏。,提前关注=额外100宵夜,[等级18],[粉丝团 Lv3]
2026-05-11 23:10:31,3701410584332524,前女友,提前关注=额外100宵夜,[等级7],[粉丝团 Lv4]
2026-05-11 23:10:31,1666477811055604,铃鹿御前怀中娇羞小野牛,提前关注=额外100宵夜,[等级17],[粉丝团 Lv11]
2026-05-11 23:10:31,1939186566050807,花花欸🌻,提前关注=额外100宵夜,[等级15],
2026-05-11 23:10:31,62920095801,💕 吊兒郎當喜姐姐💕,提前关注=额外100宵夜,[等级16],[粉丝团 Lv10]
2026-05-11 23:10:31,307488968937284,有点es,提前关注=额外100宵夜,[等级5],[粉丝团 Lv6]
2026-05-11 23:10:31,93191808860,时间已逝～,提前关注=额外100宵夜,[等级23],[粉丝团 Lv11]
2026-05-11 23:10:31,104700446656,💞ঞ陶入₅₂₀星陈💞࿐,提前关注=额外100宵夜,[等级10],[粉丝团 Lv8]
2026-05-11 23:10:32,102984950872,海蛎子,提前关注=额外100宵夜,[等级7],[粉丝团 Lv2]
2026-05-11 23:10:32,106643458713,知,提前关注=额外100宵夜,[等级12],[粉丝团 Lv11]
2026-05-11 23:10:32,103925064325,虞姬灬,提前关注=额外100宵夜,[等级13],[粉丝团 Lv1]
2026-05-11 23:10:32,1785207680931591,snail🫧,提前关注=额外100宵夜,[等级12],[粉丝团 Lv8]
2026-05-11 23:10:32,4476808713473731,帅气的小奶包,提前关注=额外100宵夜,[等级11],[粉丝团 Lv11]
2026-05-11 23:10:32,71390102774,完蛋🌞,提前关注=额外100宵夜,[等级14],[粉丝团 Lv11]
2026-05-11 23:10:32,2008152259705040,汉、歼的审判者,提前关注=额外100宵夜,[等级15],[粉丝团 Lv12]
2026-05-11 23:10:32,105045359671,落落狂生,提前关注=额外100宵夜,[等级12],[粉丝团 Lv5]
2026-05-11 23:10:33,690148873871396,黑夜,提前关注=额外100宵夜,[等级33],[粉丝团 Lv15]
2026-05-11 23:10:34,87515012276,@叁叁,提前关注=额外100宵夜,[等级24],[粉丝团 Lv3]
2026-05-11 23:10:34,2200543213398892,市区的国王,提前关注=额外100宵夜,[等级8],
2026-05-11 23:10:34,101918214411,hdy勇者无畏,提前关注=额外100宵夜,[等级30],[粉丝团 Lv11]
2026-05-11 23:10:34,50880679707,Zik-,提前关注=额外100宵夜,[等级3],
2026-05-11 23:10:34,108947993276,等待爱的港湾,提前关注=额外100宵夜,[等级11],[粉丝团 Lv6]
2026-05-11 23:10:34,4200585207743172,I·,提前关注=额外100宵夜,[等级11],[粉丝团 Lv4]
2026-05-11 23:10:34,100980175964,凡夫*,提前关注=额外100宵夜,[等级19],[粉丝团 Lv6]
2026-05-11 23:10:34,100060317645,粼粼,提前关注=额外100宵夜,[等级12],
2026-05-11 23:10:36,69755469128,青春，过后,提前关注=额外100宵夜,[等级31],[粉丝团 Lv3]
2026-05-11 23:10:36,94163447805,梦魇,提前关注=额外100宵夜,[等级5],[粉丝团 Lv5]
2026-05-11 23:10:36,3315728636710124,天下,提前关注=额外100宵夜,[等级35],[粉丝团 Lv11]
2026-05-11 23:10:36,72116497735,final°analysis,提前关注=额外100宵夜,[等级4],
2026-05-11 23:10:36,70418181029,陈大宝儿-,提前关注=额外100宵夜,[等级11],[粉丝团 Lv10]
2026-05-11 23:10:36,101750708991,Liquor.,提前关注=额外100宵夜,[等级14],[粉丝团 Lv10]
2026-05-11 23:10:36,71821808506,坤屿承锋,提前关注=额外100宵夜,[等级15],[粉丝团 Lv1]
2026-05-11 23:10:36,2704450278136856,繁盛,提前关注=额外100宵夜,[等级19],[粉丝团 Lv11]
2026-05-11 23:10:37,3954296654411208,小 川,提前关注=额外100宵夜,[等级7],
2026-05-11 23:10:37,65142055034,春野,提前关注=额外100宵夜,[等级3],[粉丝团 Lv2]
2026-05-11 23:10:37,100389792662,晚会,提前关注=额外100宵夜,[等级10],
2026-05-11 23:10:37,3865528861460349,杨眉兔起,提前关注=额外100宵夜,[等级35],[粉丝团 Lv12]
2026-05-11 23:10:37,83945751038,小浪——,提前关注=额外100宵夜,[等级24],[粉丝团 Lv13]
2026-05-11 23:10:37,1163715389438104,HZ,提前关注=额外100宵夜,[等级14],[粉丝团 Lv3]
2026-05-11 23:10:37,108778580059,十三。,提前关注=额外100宵夜,[等级11],[粉丝团 Lv3]
2026-05-11 23:10:37,3720391563673639,菠萝吹雪.🫐,提前关注=额外100宵夜,[等级14],[粉丝团 Lv7]
2026-05-11 23:10:38,109009216867,@💞 ℒℴѵℯ宋ꦿོ哥এ⁵²º᭄এ,提前关注=额外100宵夜,[等级15],[粉丝团 Lv11]
2026-05-11 23:10:38,145614412973144,一句话,提前关注=额外100宵夜,[等级24],[粉丝团 Lv6]
2026-05-11 23:10:39,102096829979,淡雨～萧然,提前关注=额外100宵夜,[等级12],[粉丝团 Lv10]
2026-05-11 23:10:39,105722804376,江湖人称·久美,提前关注=额外100宵夜,[等级33],[粉丝团 Lv7]
2026-05-11 23:10:39,682159235405924,哟哟,提前关注=额外100宵夜,[等级2],[粉丝团 Lv2]
2026-05-11 23:10:39,660179549163101,墨•米,提前关注=额外100宵夜,[等级32],[粉丝团 Lv10]
2026-05-11 23:10:39,417467785573784,🌈 槑呆5179,提前关注=额外100宵夜,[等级14],[粉丝团 Lv3]
2026-05-11 23:10:39,2762392021507171,人心..,提前关注=额外100宵夜,[等级14],[粉丝团 Lv12]
2026-05-11 23:10:39,95039144284,没意思,提前关注=额外100宵夜,[等级16],[粉丝团 Lv2]
2026-05-11 23:10:39,104720515412,三天不上班,提前关注=额外100宵夜,[等级15],[粉丝团 Lv12]
2026-05-11 23:10:40,93919569729,石头哥,提前关注=额外100宵夜,[等级26],[粉丝团 Lv12]
2026-05-11 23:10:40,75217315318,☆’浪亽dц白,提前关注=额外100宵夜,[等级7],[粉丝团 Lv3]
2026-05-11 23:10:40,3438882202060983,☆往事随風☆,提前关注=额外100宵夜,[等级9],[粉丝团 Lv6]
2026-05-11 23:10:40,92460650653,悯诉,提前关注=额外100宵夜,[等级13],[粉丝团 Lv11]
2026-05-11 23:10:40,96462718376,Allen.,提前关注=额外100宵夜,[等级4],
2026-05-11 23:10:42,91646770290,茄子杀手,提前关注=额外100宵夜,[等级5],[粉丝团 Lv1]
2026-05-11 23:10:42,20248883631358,深得我心 ذ,提前关注=额外100宵夜,[等级13],[粉丝团 Lv9]
2026-05-11 23:10:42,3421304077686212,用户2295358914487,提前关注=额外100宵夜,[等级4],
2026-05-11 23:10:42,95913397691,知芜,提前关注=额外100宵夜,[等级9],[粉丝团 Lv3]
2026-05-11 23:10:42,75877145587,我说我说我说。,提前关注=额外100宵夜,,
2026-05-11 23:10:42,2058762045107086,憧憬²⁰²⁶,提前关注=额外100宵夜,[等级30],
2026-05-11 23:10:43,3764351241816648,晚风私语🌻,提前关注=额外100宵夜,[等级20],[粉丝团 Lv5]
2026-05-11 23:10:43,3954290240791341,别续,提前关注=额外100宵夜,[等级25],[粉丝团 Lv11]
2026-05-11 23:10:43,1968601816641968,汤圆❄️,提前关注=额外100宵夜,[等级2],[粉丝团 Lv5]
2026-05-11 23:10:43,3790742114278045,贺喜,提前关注=额外100宵夜,[等级36],[粉丝团 Lv4]
2026-05-11 23:10:43,484259234842535,夏灼,提前关注=额外100宵夜,[等级13],
2026-05-11 23:10:43,80422030384,无疆.,提前关注=额外100宵夜,[等级11],[粉丝团 Lv9]
2026-05-11 23:10:43,101237027259,ღ᭄：໑ຼₒ₂₂୧⍤⃝李💞ــــﮩﮩ,提前关注=额外100宵夜,[等级3],[粉丝团 Lv1]
2026-05-11 23:10:43,92616925981,李度春风,提前关注=额外100宵夜,[等级25],[粉丝团 Lv13]
2026-05-11 23:10:43,4270925303264023,...。,提前关注=额外100宵夜,[等级3],
2026-05-11 23:10:43,67580687416,宠着她Δ,提前关注=额外100宵夜,[等级3],[粉丝团 Lv1]
2026-05-11 23:10:44,2692058209587549,暮玖禾,提前关注=额外100宵夜,[等级30],[粉丝团 Lv4]
2026-05-11 23:10:45,99655499463,12.,提前关注=额外100宵夜,[等级32],[粉丝团 Lv12]
2026-05-11 23:10:45,1895194513901262,陈皮皮⁵¹⁰⁷⁴,提前关注=额外100宵夜,[等级28],[粉丝团 Lv16]
2026-05-11 23:10:45,10871216285,洁是这个洁,提前关注=额外100宵夜,[等级7],
2026-05-11 23:10:45,1961967569092384,辣条,提前关注=额外100宵夜,[等级4],
2026-05-11 23:10:45,99950956078,凯,提前关注=额外100宵夜,[等级14],[粉丝团 Lv2]
2026-05-11 23:10:45,59781579204,Yhhdgj,提前关注=额外100宵夜,[等级12],[粉丝团 Lv1]
2026-05-11 23:10:45,800054500924855,云飞羽,提前关注=额外100宵夜,[等级9],
2026-05-11 23:10:45,94673757945,Zzz.,提前关注=额外100宵夜,[等级17],[粉丝团 Lv14]
2026-05-11 23:10:45,70499109905,🌈卡范儿,提前关注=额外100宵夜,[等级16],
2026-05-11 23:10:45,4442484826702942,清风吹走明月,提前关注=额外100宵夜,[等级6],[粉丝团 Lv5]
2026-05-11 23:10:45,96529285287,@L_Y@⁵¹⁰⁷⁴₈₀₀₈,提前关注=额外100宵夜,[等级43],[粉丝团:张君雅 Lv17]
2026-05-11 23:10:46,69550548628,月朦胧,提前关注=额外100宵夜,[等级4],
2026-05-11 23:10:46,3103267749102899,用户6194287692229,提前关注=额外100宵夜,[等级2],
2026-05-11 23:10:46,64495310288,J.Roseanne,提前关注=额外100宵夜,[等级3],
2026-05-11 23:10:46,2700008501543597,pikapika,提前关注=额外100宵夜,[等级28],[粉丝团 Lv15]
2026-05-11 23:10:47,99348431384,拉住半挂跑,提前关注=额外100宵夜,[等级14],[粉丝团 Lv2]
2026-05-11 23:10:47,99516281526,🦋ꦿ᭄໊🕊空白格᭄ꦿᩚ٭,提前关注=额外100宵夜,[等级21],[粉丝团 Lv8]
2026-05-11 23:10:47,80373092225,鱼久.,提前关注=额外100宵夜,[等级22],[粉丝团 Lv9]
2026-05-11 23:10:47,93186320746,Laurie,提前关注=额外100宵夜,[等级14],[粉丝团 Lv10]
2026-05-11 23:10:47,59663065416,失眠数羊🐑,提前关注=额外100宵夜,[等级6],[粉丝团 Lv6]
2026-05-11 23:10:47,94715198084,柠檬,提前关注=额外100宵夜,[等级4],
2026-05-11 23:10:47,106119096935,半程客梦,提前关注=额外100宵夜,[等级11],[粉丝团 Lv9]
2026-05-11 23:10:47,7603294357017773105,6666,提前关注=额外100宵夜,[等级7],[粉丝团 Lv3]
2026-05-11 23:10:47,74758959103,陈家有三少,提前关注=额外100宵夜,[等级23],
2026-05-11 23:10:47,2686803442141891,ㅤㅤ          ㅤ🫧,提前关注=额外100宵夜,[等级34],[粉丝团 Lv2]
2026-05-11 23:10:47,71321975544,逐放者,提前关注=额外100宵夜,[等级5],
2026-05-11 23:10:47,87617516566,jkchu,提前关注=额外100宵夜,[等级12],[粉丝团 Lv6]
2026-05-11 23:10:47,84278900742,宁之鸿（马宁华）,提前关注=额外100宵夜,[等级18],[粉丝团 Lv4]
2026-05-11 23:10:47,118362727004531,静,提前关注=额外100宵夜,[等级13],[粉丝团 Lv11]
2026-05-11 23:10:47,6424061662,想吃鸡柳,提前关注=额外100宵夜,[等级12],[粉丝团 Lv7]
2026-05-11 23:10:48,73742651567,顺顺,提前关注=额外100宵夜,[等级13],[粉丝团 Lv11]
2026-05-11 23:10:49,2623848492595204,口袋,提前关注=额外100宵夜,[等级19],[粉丝团 Lv10]
2026-05-11 23:10:49,3565086415273003,_302,提前关注=额外100宵夜,[等级9],[粉丝团 Lv11]
2026-05-11 23:10:49,97111695439,胖头鱼,提前关注=额外100宵夜,[等级17],[粉丝团 Lv9]
2026-05-11 23:10:50,96000979034,斌⁸⁰⁰⁸,提前关注=额外100宵夜,[等级25],[粉丝团 Lv10]
2026-05-11 23:10:50,81941937256,抹不掉的轻狂@,提前关注=额外100宵夜,[等级16],[粉丝团 Lv12]
2026-05-11 23:10:50,79984538020,秋風知落葉,提前关注=额外100宵夜,[等级10],[粉丝团 Lv2]
2026-05-11 23:10:50,4429309763651428,初一,提前关注=额外100宵夜,[等级13],[粉丝团 Lv6]
2026-05-11 23:10:50,97936697812,一颗糖,提前关注=额外100宵夜,[等级12],
2026-05-11 23:10:51,1604939747440603,🌸🌸金金,提前关注=额外100宵夜,[等级24],
2026-05-11 23:10:51,91697000921,🌈🌈老张,提前关注=额外100宵夜,[等级11],[粉丝团 Lv6]
2026-05-11 23:10:51,100595219540,Joemx-117,提前关注=额外100宵夜,[等级14],[粉丝团 Lv7]
2026-05-11 23:10:51,61453257581,Doooozh,提前关注=额外100宵夜,,
2026-05-11 23:10:51,88205648008,@  Rui☁️,提前关注=额外100宵夜,[等级23],[粉丝团 Lv9]
2026-05-11 23:10:51,102689815490,WY,提前关注=额外100宵夜,[等级16],[粉丝团 Lv9]
2026-05-11 23:10:51,81792345938,十禾,提前关注=额外100宵夜,[等级17],[粉丝团 Lv4]
2026-05-11 23:10:51,2462538005220237,哈哈哈✘,提前关注=额外100宵夜,[等级25],[粉丝团 Lv10]
2026-05-11 23:10:51,169786408703152,Ar.y,提前关注=额外100宵夜,[等级29],[粉丝团:张君雅 Lv10]
2026-05-11 23:10:51,1623358347937411,不喝脉动,提前关注=额外100宵夜,[等级2],[粉丝团 Lv2]
2026-05-11 23:10:52,77336342326,再美终究是戏,提前关注=额外100宵夜,[等级13],[粉丝团 Lv7]
2026-05-11 23:10:52,2977095174336611,*🌵~,提前关注=额外100宵夜,[等级6],[粉丝团 Lv8]
2026-05-11 23:10:52,76363832072,山南水北,提前关注=额外100宵夜,[等级15],[粉丝团 Lv1]
2026-05-11 23:10:52,3518850673677901,小,提前关注=额外100宵夜,[等级4],[粉丝团 Lv3]
2026-05-11 23:10:52,3584026938449598,具揺,提前关注=额外100宵夜,[等级29],[粉丝团 Lv7]
2026-05-11 23:10:52,92924354707,枝上晴,提前关注=额外100宵夜,[等级15],[粉丝团 Lv12]
2026-05-11 23:10:53,94978776825,无心无尘,提前关注=额外100宵夜,[等级8],[粉丝团 Lv1]
2026-05-11 23:10:53,92900827244,从,提前关注=额外100宵夜,[等级9],
2026-05-11 23:10:53,1283835851180096,习惯,提前关注=额外100宵夜,[等级14],[粉丝团 Lv12]
2026-05-11 23:10:54,3047487571497452,农夫三拳@@,提前关注=额外100宵夜,[等级10],[粉丝团 Lv11]
2026-05-11 23:10:54,93971904223,Only丶,提前关注=额外100宵夜,[等级36],[粉丝团 Lv11]
2026-05-11 23:10:54,2356955038358781,🎊瑶,提前关注=额外100宵夜,[等级5],[粉丝团 Lv7]
2026-05-11 23:10:54,98542349910,@小军军的生活日记,提前关注=额外100宵夜,[等级7],
2026-05-11 23:10:54,97565407970,说毕平生,提前关注=额外100宵夜,,
2026-05-11 23:10:54,1798427627499870,TeFuir,提前关注=额外100宵夜,[等级26],[粉丝团 Lv12]
2026-05-11 23:10:54,345687675895915,宴,提前关注=额外100宵夜,[等级23],[粉丝团 Lv4]
2026-05-11 23:10:54,1925946612124173,有理不杠,提前关注=额外100宵夜,[等级1],
2026-05-11 23:10:55,54944065079,记忆摄影工作室,提前关注=额外100宵夜,[等级20],[粉丝团 Lv3]
2026-05-11 23:10:55,394051693591179,一切随缘,提前关注=额外100宵夜,[等级10],[粉丝团 Lv11]
2026-05-11 23:10:56,2159866394979848,用户3415706323344,提前关注=额外100宵夜,[等级4],[粉丝团 Lv7]
2026-05-11 23:10:56,1398193747657629,丸鱼,提前关注=额外100宵夜,[等级2],[粉丝团 Lv2]
2026-05-11 23:10:56,94422539632,缘起阿韦,提前关注=额外100宵夜,[等级22],[粉丝团 Lv10]
2026-05-11 23:10:56,8395632158909,郭叔,提前关注=额外100宵夜,[等级9],[粉丝团 Lv8]
2026-05-11 23:10:57,73021190580599,恒啊,提前关注=额外100宵夜,[等级5],[粉丝团 Lv6]
2026-05-11 23:10:57,976832342015160,˚₊꒰ა 晶໒꒱｡˚,提前关注=额外100宵夜,[等级35],[粉丝团 Lv11]
2026-05-11 23:10:59,1829221013664456,☁️᭄,提前关注=额外100宵夜,[等级17],
2026-05-11 23:10:59,69937817063,有点模糊,提前关注=额外100宵夜,[等级4],
2026-05-11 23:10:59,3012311662211108,路西法,提前关注=额外100宵夜,[等级47],[粉丝团 Lv11]
2026-05-11 23:10:59,93994416218,🌈🌈🌈潇潇,提前关注=额外100宵夜,[等级13],[粉丝团 Lv11]
2026-05-11 23:10:59,2541670104830732,李阳阳,提前关注=额外100宵夜,[等级19],
2026-05-11 23:10:59,1060369071870939,叶集小曹轮毂修复,提前关注=额外100宵夜,[等级6],
2026-05-11 23:10:59,997966445812163,无法战胜之入,提前关注=额外100宵夜,[等级29],
2026-05-11 23:10:59,100783289278243,欧蛋蛋,提前关注=额外100宵夜,[等级13],[粉丝团 Lv10]
2026-05-11 23:10:59,1063922456330749,L,提前关注=额外100宵夜,[等级9],
2026-05-11 23:10:59,3844328141621256,✨刘杨⭐️,提前关注=额外100宵夜,[等级16],[粉丝团 Lv7]
2026-05-11 23:10:59,59702056544,暴躁的小薯条,提前关注=额外100宵夜,[等级19],[粉丝团 Lv7]
2026-05-11 23:10:59,135929226856291,新的开始，加油,提前关注=额外100宵夜,[等级5],[粉丝团 Lv3]
2026-05-11 23:10:59,1046325426913655,小呼呼,提前关注=额外100宵夜,[等级5],
2026-05-11 23:10:59,1420193428934036,前世缘&今生伤,提前关注=额外100宵夜,[等级11],[粉丝团 Lv7]
2026-05-11 23:11:00,7504168604189131835,瞎搞,提前关注=额外100宵夜,[等级2],[粉丝团 Lv4]
2026-05-11 23:11:00,95608007850,Shyou,提前关注=额外100宵夜,[等级55],[粉丝团 Lv11]
2026-05-11 23:11:00,522982768251300,哇哈哈v,提前关注=额外100宵夜,[等级31],[粉丝团 Lv15]
2026-05-11 23:11:00,3179403341731661,小丨生,提前关注=额外100宵夜,[等级18],[粉丝团 Lv10]
2026-05-11 23:11:00,108068068849,三道崖,提前关注=额外100宵夜,[等级37],[粉丝团 Lv11]
2026-05-11 23:11:00,86333778712,杨砚秋·墨宸,提前关注=额外100宵夜,[等级34],[粉丝团 Lv9]
2026-05-11 23:11:00,72352497850,归尘,提前关注=额外100宵夜,[等级13],[粉丝团 Lv10]
2026-05-11 23:11:00,59953234424,-LU,提前关注=额外100宵夜,[等级26],
2026-05-11 23:11:02,4209397196930224,苔原,提前关注=额外100宵夜,[等级6],[粉丝团 Lv5]
2026-05-11 23:11:02,108339025647,用户2548601874247,提前关注=额外100宵夜,[等级12],[粉丝团 Lv2]
2026-05-11 23:11:02,1273696575297444,Cheetos,提前关注=额外100宵夜,[等级2],[粉丝团 Lv2]
2026-05-11 23:11:02,77530226486,奇思妙想聪明的小羊,提前关注=额外100宵夜,[等级17],
2026-05-11 23:11:02,83967645298,𒐫𒐫𒐫𒐫𒐫𒐫𒐫𒐫乄米可,提前关注=额外100宵夜,[等级23],[粉丝团 Lv5]
2026-05-11 23:11:02,104919418725,T,提前关注=额外100宵夜,[等级21],
2026-05-11 23:11:02,2463327307992528,兰。,提前关注=额外100宵夜,[等级13],[粉丝团 Lv11]
2026-05-11 23:11:02,99554218361,蛋娃送鸡粪,提前关注=额外100宵夜,[等级16],
2026-05-11 23:11:02,2870198053640221,青柠.,提前关注=额外100宵夜,[等级3],[粉丝团 Lv2]
2026-05-11 23:11:03,4230517441693838,李君毅,提前关注=额外100宵夜,[等级13],[粉丝团 Lv10]
2026-05-11 23:11:03,226937048668634,人生路,提前关注=额外100宵夜,[等级27],[粉丝团 Lv11]
2026-05-11 23:11:03,96173142236,往后余生,提前关注=额外100宵夜,[等级16],[粉丝团 Lv1]
2026-05-11 23:11:03,87640037343,王龙虾😊,提前关注=额外100宵夜,[等级2],
2026-05-11 23:11:03,1895168765855763,雅涛,提前关注=额外100宵夜,[等级16],[粉丝团 Lv5]
2026-05-11 23:11:03,67359980002,蓝色港湾,提前关注=额外100宵夜,[等级7],
2026-05-11 23:11:03,11501252412,光明，2026,提前关注=额外100宵夜,[等级9],
2026-05-11 23:11:03,3184628306020094,一曲杆常断,提前关注=额外100宵夜,[等级16],[粉丝团 Lv10]
2026-05-11 23:11:03,78622399131,胖胖的辣条,提前关注=额外100宵夜,[等级38],[粉丝团 Lv11]
2026-05-11 23:11:03,2555730342193710,殇戀丶,提前关注=额外100宵夜,[等级26],[粉丝团 Lv12]
2026-05-11 23:11:04,111555559454,大侠,提前关注=额外100宵夜,[等级15],[粉丝团 Lv12]
2026-05-11 23:11:05,63066927308,每天都很困🥱,提前关注=额外100宵夜,[等级14],[粉丝团 Lv2]
2026-05-11 23:11:05,2887735907985422,安Twilight,提前关注=额外100宵夜,[等级12],
2026-05-11 23:11:05,100914398423,影子怀特,提前关注=额外100宵夜,[等级7],[粉丝团 Lv7]
2026-05-11 23:11:05,79994972769,এ᭄醉卧美人膝 এ᭄💕,提前关注=额外100宵夜,[等级27],[粉丝团 Lv11]
2026-05-11 23:11:05,99480255555,河边草☘️☘️,提前关注=额外100宵夜,[等级10],
2026-05-11 23:11:05,2652471730118007,如果说.,提前关注=额外100宵夜,[等级12],[粉丝团 Lv11]
2026-05-11 23:11:05,73862412489,乖乖呀,提前关注=额外100宵夜,[等级5],
2026-05-11 23:11:05,71467473043,….,提前关注=额外100宵夜,[等级15],[粉丝团 Lv12]
2026-05-11 23:11:05,2399597339881332,通讯录好友,提前关注=额外100宵夜,[等级8],[粉丝团 Lv10]
2026-05-11 23:11:05,106674948679,擂行天下,提前关注=额外100宵夜,[等级7],
2026-05-11 23:11:06,1638719781092535,驯化飞天大野猪🐗36次,提前关注=额外100宵夜,[等级9],
2026-05-11 23:11:06,433624206809392,小二哥,提前关注=额外100宵夜,[等级10],[粉丝团 Lv10]
2026-05-11 23:11:07,2773443029513129,亦然,提前关注=额外100宵夜,[等级1],[粉丝团 Lv1]
2026-05-11 23:11:07,11805950518,深情（张君雅助理）,提前关注=额外100宵夜,[等级39],[粉丝团:张君雅 Lv18]
2026-05-11 23:11:07,2885563037530699,东江湖里的小虾,提前关注=额外100宵夜,[等级4],
2026-05-11 23:11:07,69664188342,清酒🍶,提前关注=额外100宵夜,[等级15],[粉丝团 Lv5]
2026-05-11 23:11:07,102507868156,阿陈,提前关注=额外100宵夜,[等级17],[粉丝团 Lv10]
2026-05-11 23:11:07,2806406319967939,370,提前关注=额外100宵夜,[等级23],[粉丝团 Lv5]
2026-05-11 23:11:07,298678704408167,得闲饮茶,提前关注=额外100宵夜,[等级19],[粉丝团 Lv8]
2026-05-11 23:11:07,2713216199700523,🤡小妖怪🤡,提前关注=额外100宵夜,[等级31],
2026-05-11 23:11:07,92916806936,🌈Zhang.,提前关注=额外100宵夜,[等级15],[粉丝团 Lv10]
2026-05-11 23:11:07,78024842849,叼之烟吻你,提前关注=额外100宵夜,[等级34],[粉丝团 Lv12]
2026-05-11 23:11:07,76095418788,③分清醒⑦分醉,提前关注=额外100宵夜,[等级13],[粉丝团 Lv11]
2026-05-11 23:11:08,108980894587,華༒,提前关注=额外100宵夜,[等级23],[粉丝团 Lv13]
2026-05-11 23:11:08,94053866222,语无伦次,提前关注=额外100宵夜,[等级16],[粉丝团 Lv12]
2026-05-11 23:11:08,101949530507,GRJ,提前关注=额外100宵夜,[等级1],
2026-05-11 23:11:08,1525761913136445,🎣去钓鱼吖,提前关注=额外100宵夜,[等级27],[粉丝团 Lv9]
2026-05-11 23:11:08,106673720129,冷欯,提前关注=额外100宵夜,[等级20],[粉丝团 Lv11]
2026-05-11 23:11:09,511696823919280,小希,提前关注=额外100宵夜,[等级2],
2026-05-11 23:11:09,62315390176,🌈人在旅途,提前关注=额外100宵夜,[等级15],[粉丝团 Lv11]
2026-05-11 23:11:09,65735136519,我呀,提前关注=额外100宵夜,[等级18],[粉丝团 Lv10]
2026-05-11 23:11:09,888878240114743,笑一笑,提前关注=额外100宵夜,[等级2],
2026-05-11 23:11:09,108632963470,亓,提前关注=额外100宵夜,[等级28],[粉丝团 Lv11]
2026-05-11 23:11:09,102380004467,阿紫的跟班,提前关注=额外100宵夜,[等级15],[粉丝团 Lv5]
2026-05-11 23:11:10,2959541325269512,财,提前关注=额外100宵夜,[等级23],[粉丝团 Lv11]
2026-05-11 23:11:10,89964230015,qzuser,提前关注=额外100宵夜,[等级7],[粉丝团 Lv9]
2026-05-11 23:11:11,2933107075852472,孤☜,提前关注=额外100宵夜,[等级28],[粉丝团 Lv7]
2026-05-11 23:11:11,4265696128149982,鴻飛,提前关注=额外100宵夜,[等级28],[粉丝团 Lv15]
2026-05-11 23:11:11,94061171258,她的心哥哥,提前关注=额外100宵夜,[等级27],[粉丝团 Lv11]
2026-05-11 23:11:11,1019971262219543,骚,提前关注=额外100宵夜,[等级1],
2026-05-11 23:11:11,61650098877,夜狼,提前关注=额外100宵夜,[等级32],[粉丝团 Lv15]
2026-05-11 23:11:11,110900259987,喧嚣中平静,提前关注=额外100宵夜,[等级13],[粉丝团 Lv11]
2026-05-11 23:11:11,817624937413011,渺秒,提前关注=额外100宵夜,[等级12],[粉丝团 Lv7]
2026-05-11 23:11:11,106805441138,常规赛,提前关注=额外100宵夜,[等级14],[粉丝团 Lv11]
2026-05-11 23:11:11,61009775551,℡Star↘縋憶緣,提前关注=额外100宵夜,[等级16],[粉丝团 Lv7]
2026-05-11 23:11:11,73025928445,litchi,提前关注=额外100宵夜,[等级23],[粉丝团 Lv9]
2026-05-11 23:11:12,73989346071,Francis,提前关注=额外100宵夜,[等级25],[粉丝团 Lv10]
2026-05-11 23:11:12,4399625840107572,Mr.董,提前关注=额外100宵夜,[等级1],
2026-05-11 23:11:12,3103292783856507,海哥,提前关注=额外100宵夜,[等级14],[粉丝团 Lv10]
2026-05-11 23:11:12,105349458040,🤳对方已拒绝,提前关注=额外100宵夜,[等级29],[粉丝团 Lv10]
2026-05-11 23:11:12,2053506993227956,88行者,提前关注=额外100宵夜,[等级16],
2026-05-11 23:11:13,111138395755,在左就往右了！,提前关注=额外100宵夜,[等级7],[粉丝团 Lv5]
2026-05-11 23:11:13,95970734818,二刺螈,提前关注=额外100宵夜,[等级12],[粉丝团 Lv8]
2026-05-11 23:11:13,93132296266,辷湉,提前关注=额外100宵夜,[等级22],[粉丝团 Lv11]
2026-05-11 23:11:13,94815128298,萌叔,提前关注=额外100宵夜,[等级20],[粉丝团 Lv13]
2026-05-11 23:11:13,110926351605,地山天火,提前关注=额外100宵夜,[等级12],[粉丝团 Lv10]
2026-05-11 23:11:13,93899493913,再好听不就一个名,提前关注=额外100宵夜,[等级7],[粉丝团 Lv6]
2026-05-11 23:11:13,1854220896046755,5277,提前关注=额外100宵夜,[等级15],[粉丝团 Lv6]
2026-05-11 23:11:13,4188511109129769,日落,提前关注=额外100宵夜,[等级7],[粉丝团 Lv6]
2026-05-11 23:11:13,86721387563,李,提前关注=额外100宵夜,[等级15],[粉丝团 Lv12]
2026-05-11 23:11:13,68547047546,用户577369292,提前关注=额外100宵夜,[等级7],
2026-05-11 23:11:15,88481326932,都,提前关注=额外100宵夜,[等级10],[粉丝团 Lv1]
2026-05-11 23:11:15,18396721622,柚子不是我的,提前关注=额外100宵夜,[等级9],
2026-05-11 23:11:15,84940839345,到此一游！,提前关注=额外100宵夜,[等级25],[粉丝团 Lv13]
2026-05-11 23:11:15,1335270661955642,MMoer,提前关注=额外100宵夜,[等级22],[粉丝团:张君雅 Lv12]
2026-05-11 23:11:15,96891130642,小肆,提前关注=额外100宵夜,[等级4],[粉丝团 Lv2]
2026-05-11 23:11:15,81488044418,毛哥,提前关注=额外100宵夜,[等级34],[粉丝团 Lv12]
2026-05-11 23:11:15,92497479499,西北的光头,提前关注=额外100宵夜,[等级23],[粉丝团 Lv3]
2026-05-11 23:11:15,1989460539222873,龙记养生砂锅鸡煲官方号,提前关注=额外100宵夜,[等级12],[粉丝团 Lv4]
2026-05-11 23:11:15,81841246203,🌈🌈🌈🌈幸福,提前关注=额外100宵夜,[等级19],
2026-05-11 23:11:15,106092027438,大王,提前关注=额外100宵夜,[等级10],
2026-05-11 23:11:15,132387497866904,@小杰,提前关注=额外100宵夜,[等级12],[粉丝团 Lv7]
2026-05-11 23:11:15,7512485181006185530,土豆🥔🥔,提前关注=额外100宵夜,[等级4],
2026-05-11 23:11:15,74766886829,实创汽车漆调色中心,提前关注=额外100宵夜,[等级4],
2026-05-11 23:11:15,98897481730,🌈杨十一,提前关注=额外100宵夜,[等级12],[粉丝团 Lv1]
2026-05-11 23:11:17,4094223101202775,梨花诗,提前关注=额外100宵夜,[等级3],[粉丝团 Lv7]
2026-05-11 23:11:17,1442163680886012,一块🧊,提前关注=额外100宵夜,[等级16],[粉丝团 Lv3]
2026-05-11 23:11:17,3642049561895048,滴滴嗒,提前关注=额外100宵夜,[等级32],[粉丝团 Lv11]
2026-05-11 23:11:17,69134025098,凨儿,提前关注=额外100宵夜,[等级11],
2026-05-11 23:11:17,98504044931,北慕👀,提前关注=额外100宵夜,[等级21],
2026-05-11 23:11:17,1403449853346414,momo,提前关注=额外100宵夜,[等级1],
2026-05-11 23:11:18,2740408115015368,꧔ꦿ*ℳ深林麋了鹿꧔ꦿ᭄ℳ,提前关注=额外100宵夜,[等级3],[粉丝团 Lv4]
2026-05-11 23:11:18,500982366350184,陌颜～,提前关注=额外100宵夜,[等级20],[粉丝团 Lv12]
2026-05-11 23:11:18,1811588536875735,航航业业,提前关注=额外100宵夜,[等级7],[粉丝团 Lv8]
2026-05-11 23:11:18,61760575786,磊࿐้,提前关注=额外100宵夜,[等级20],
2026-05-11 23:11:18,500996611254592,秦敏,提前关注=额外100宵夜,,
2026-05-11 23:11:18,4170890856890948,杨俊俊,提前关注=额外100宵夜,,
2026-05-11 23:11:18,71764197620,啦啦啦啦,提前关注=额外100宵夜,[等级15],[粉丝团 Lv11]
2026-05-11 23:11:18,255550550192679,²³⁰²待定,提前关注=额外100宵夜,[等级24],[粉丝团 Lv8]
2026-05-11 23:11:18,2963937959098303,Zhang.,提前关注=额外100宵夜,[等级25],
2026-05-11 23:11:18,65400365146,僅此一心💋,提前关注=额外100宵夜,[等级9],[粉丝团 Lv5]
2026-05-11 23:11:18,2010371424009144,不负光阴,提前关注=额外100宵夜,[等级16],[粉丝团 Lv14]
2026-05-11 23:11:18,61283771658,孤独小欧,提前关注=额外100宵夜,[等级16],[粉丝团 Lv12]
2026-05-11 23:11:18,3601610368906525,用户3842733432887,提前关注=额外100宵夜,[等级16],[粉丝团 Lv11]
2026-05-11 23:11:18,2120321547643287,拾光,提前关注=额外100宵夜,[等级10],
2026-05-11 23:11:18,2472167363063838,乱糟糟,提前关注=额外100宵夜,[等级9],[粉丝团 Lv5]
2026-05-11 23:11:18,1487011063530926,彭小彭（多财多亿版）,提前关注=额外100宵夜,[等级7],[粉丝团 Lv5]
2026-05-11 23:11:19,76602509848,@এღ᭄重生ℋღ᭄,提前关注=额外100宵夜,[等级12],[粉丝团 Lv7]
2026-05-11 23:11:19,2981497284348295,双鱼向前冲,提前关注=额外100宵夜,[等级15],[粉丝团 Lv12]
2026-05-11 23:11:19,3576062789558568,🌞東昇,提前关注=额外100宵夜,[等级16],[粉丝团 Lv10]
2026-05-11 23:11:19,3654413403565918,yuan,提前关注=额外100宵夜,[等级7],
2026-05-11 23:11:19,67005756591,🚬ཀོ搞钱ོ要紧 ꦿ҉࿐,提前关注=额外100宵夜,[等级14],[粉丝团 Lv6]
2026-05-11 23:11:19,96605008534,𝑲。,提前关注=额外100宵夜,[等级14],
2026-05-11 23:11:19,1126322180989344,顿顿都想吃肉,提前关注=额外100宵夜,[等级27],[粉丝团 Lv4]
2026-05-11 23:11:19,60772152014,花火,提前关注=额外100宵夜,[等级7],[粉丝团 Lv5]
2026-05-11 23:11:20,3201399108152973,成哥喜欢看,提前关注=额外100宵夜,[等级17],[粉丝团 Lv5]
2026-05-11 23:11:20,3038663070711820,红配绿,提前关注=额外100宵夜,[等级7],[粉丝团 Lv5]
2026-05-11 23:11:21,93312063715,是否还记得,提前关注=额外100宵夜,[等级20],
2026-05-11 23:11:21,3074696907338189,专治各种抬杠,提前关注=额外100宵夜,[等级12],
2026-05-11 23:11:21,67269590303,妳生气了吗,提前关注=额外100宵夜,[等级30],[粉丝团 Lv12]
2026-05-11 23:11:21,522961476664515,飞天面条大王,提前关注=额外100宵夜,[等级3],
2026-05-11 23:11:21,93676520909,己所不欲勿施于人,提前关注=额外100宵夜,[等级14],[粉丝团 Lv11]
2026-05-11 23:11:21,98268991433,乘风,提前关注=额外100宵夜,[等级16],[粉丝团 Lv4]
2026-05-11 23:11:21,98324781666,凭什么我得迎合你,提前关注=额外100宵夜,[等级13],[粉丝团 Lv2]
2026-05-11 23:11:21,4141186600404560,修,提前关注=额外100宵夜,[等级1],[粉丝团 Lv1]
2026-05-11 23:11:21,3725560356537887,温暖的港湾,提前关注=额外100宵夜,[等级24],
2026-05-11 23:11:21,70477882295,喜欢葵,提前关注=额外100宵夜,[等级17],[粉丝团 Lv12]
2026-05-11 23:11:22,97738835844,🌧️夜,提前关注=额外100宵夜,[等级29],[粉丝团 Lv9]
2026-05-11 23:11:22,93685610799,抱小熊🐻睡觉,提前关注=额外100宵夜,[等级5],
2026-05-11 23:11:23,103909181518,戈鸡戈鸡戈鸡,提前关注=额外100宵夜,[等级4],
2026-05-11 23:11:23,68603691375,奈飞,提前关注=额外100宵夜,[等级33],[粉丝团 Lv11]
2026-05-11 23:11:23,431471884506142,泡芙小鱼,提前关注=额外100宵夜,[等级15],[粉丝团 Lv11]
2026-05-11 23:11:23,3756377854195836,晚风狠温柔,提前关注=额外100宵夜,[等级22],[粉丝团 Lv11]
2026-05-11 23:11:23,281903147784670,没去过钵兰街,提前关注=额外100宵夜,[等级22],
2026-05-11 23:11:23,58848139728,末寒,提前关注=额外100宵夜,[等级9],[粉丝团 Lv2]
2026-05-11 23:11:23,100772051058,超哥@,提前关注=额外100宵夜,[等级11],
2026-05-11 23:11:23,3008707963391719,天予,提前关注=额外100宵夜,[等级24],[粉丝团 Lv7]
2026-05-11 23:11:23,4860846021847,大大大大大大大将军,提前关注=额外100宵夜,,
2026-05-11 23:11:23,1843217637842535,贾明安,提前关注=额外100宵夜,[等级14],[粉丝团 Lv7]
2026-05-11 23:11:23,97079981550,环游攻略,提前关注=额外100宵夜,[等级2],
2026-05-11 23:11:23,59738372405,弥勒爱敏弟✌,提前关注=额外100宵夜,[等级15],
2026-05-11 23:11:24,99019658525,Www_Yy,提前关注=额外100宵夜,[等级11],
2026-05-11 23:11:24,95541311279,佳,提前关注=额外100宵夜,[等级7],
2026-05-11 23:11:24,483387177963005,笑看人生YYQ,提前关注=额外100宵夜,[等级6],
2026-05-11 23:11:24,74796340829,摘 星陈,提前关注=额外100宵夜,[等级26],[粉丝团 Lv3]
2026-05-11 23:11:24,58527584972,娩莬,提前关注=额外100宵夜,[等级21],[粉丝团 Lv10]
2026-05-11 23:11:25,427039740134255,李LiLiLi,提前关注=额外100宵夜,[等级19],[粉丝团 Lv2]
2026-05-11 23:11:25,64686200832,•.* ˚小薪亿亿𓅹°,提前关注=额外100宵夜,[等级16],[粉丝团 Lv3]
2026-05-11 23:11:25,97322564792,清尘,提前关注=额外100宵夜,[等级3],[粉丝团 Lv3]
2026-05-11 23:11:25,105641645961,🇨🇳让子弹再飞一会🇨🇳,提前关注=额外100宵夜,[等级15],
2026-05-11 23:11:25,3940288830908551,プ龍,提前关注=额外100宵夜,[等级13],[粉丝团 Lv7]
2026-05-11 23:11:25,67060035758,AAA华为荣耀,提前关注=额外100宵夜,[等级21],[粉丝团 Lv4]
2026-05-11 23:11:25,79163702379,Zyhhan_,提前关注=额外100宵夜,[等级6],
2026-05-11 23:11:25,67262882951,只想睡觉,提前关注=额外100宵夜,[等级11],[粉丝团 Lv8]
2026-05-11 23:11:25,65579049891,🦐皮皮虾🦐,提前关注=额外100宵夜,[等级31],[粉丝团 Lv11]
2026-05-11 23:11:27,504022690695740,锋，江，电，机，欠，钱，不还,提前关注=额外100宵夜,,
2026-05-11 23:11:27,1383625178756372,久恋拾九,提前关注=额外100宵夜,[等级29],
2026-05-11 23:11:27,109139316893,向北没有你,提前关注=额外100宵夜,[等级2],
2026-05-11 23:11:27,1710484703679692,雨_轩,提前关注=额外100宵夜,[等级16],[粉丝团 Lv11]
2026-05-11 23:11:27,3513643761148996,小呆子🍩,提前关注=额外100宵夜,[等级14],
2026-05-11 23:11:27,1489179772464347,两极依存,提前关注=额外100宵夜,[等级5],
2026-05-11 23:11:28,75121700022,睡不完的觉,提前关注=额外100宵夜,[等级1],[粉丝团 Lv2]
2026-05-11 23:11:28,96223250716,我偷了李白的酒,提前关注=额外100宵夜,[等级28],[粉丝团 Lv9]
2026-05-11 23:11:28,88458310771,angel,提前关注=额外100宵夜,[等级14],[粉丝团 Lv10]
2026-05-11 23:11:28,21940601382,阿狸～,提前关注=额外100宵夜,[等级11],[粉丝团 Lv4]
2026-05-11 23:11:28,1584871111395740,抑郁的加菲猫（自律中）,提前关注=额外100宵夜,[等级18],
2026-05-11 23:11:28,2938361604219981,吃好睡好最难得,提前关注=额外100宵夜,[等级3],
2026-05-11 23:11:29,93059480265,木须鸡蛋,提前关注=额外100宵夜,[等级9],
2026-05-11 23:11:29,68716328770,祥哥来了,提前关注=额外100宵夜,[等级9],[粉丝团 Lv4]
2026-05-11 23:11:29,104955361115,再瘦11斤🖖🏿,提前关注=额外100宵夜,[等级18],
2026-05-11 23:11:29,104794244916,序夏惬惬,提前关注=额外100宵夜,[等级3],[粉丝团 Lv3]
2026-05-11 23:11:29,105481022242,小2,提前关注=额外100宵夜,[等级13],
2026-05-11 23:11:29,64860216495,抽象在作怪,提前关注=额外100宵夜,[等级7],
2026-05-11 23:11:29,75468729980,月光不慌、,提前关注=额外100宵夜,[等级7],
2026-05-11 23:11:29,59152595394,craz,提前关注=额外100宵夜,[等级6],[粉丝团 Lv4]
2026-05-11 23:11:29,628564168810840,似水流年(关必回）,提前关注=额外100宵夜,[等级2],
2026-05-11 23:11:29,861607047468519,渡,提前关注=额外100宵夜,[等级21],[粉丝团 Lv9]
2026-05-11 23:11:29,3280556566525223,’,提前关注=额外100宵夜,[等级3],
2026-05-11 23:11:29,93082704768,‖坤＾哥‖℡,提前关注=额外100宵夜,[等级2],
2026-05-11 23:11:30,4262178693071758,Lost soul,提前关注=额外100宵夜,[等级13],[粉丝团 Lv8]
2026-05-11 23:11:31,2831963117862039,悲伤的火鸡面,提前关注=额外100宵夜,[等级13],[粉丝团 Lv10]
2026-05-11 23:11:31,2475696120412088,心跳多久,提前关注=额外100宵夜,[等级9],[粉丝团 Lv2]
2026-05-11 23:11:31,25345486648,@思雨,提前关注=额外100宵夜,[等级12],[粉丝团 Lv9]
2026-05-11 23:11:31,72829030803,用户已注销,提前关注=额外100宵夜,[等级8],[粉丝团 Lv10]
2026-05-11 23:11:31,63279369345,阿军,提前关注=额外100宵夜,[等级29],[粉丝团 Lv2]
2026-05-11 23:11:31,92815939763,拌面,提前关注=额外100宵夜,[等级16],
2026-05-11 23:11:31,71978058239,ぃ__李 尐 洁,提前关注=额外100宵夜,[等级3],
2026-05-11 23:11:32,34779940270430,清风🌈,提前关注=额外100宵夜,[等级15],[粉丝团 Lv4]
2026-05-11 23:11:32,64248820815388,Zara Maye Yara,提前关注=额外100宵夜,,
2026-05-11 23:11:32,97541873440,ｈａ丷,提前关注=额外100宵夜,[等级18],[粉丝团 Lv10]
2026-05-11 23:11:32,98508100599,开心比什么都好,提前关注=额外100宵夜,[等级18],[粉丝团 Lv6]
2026-05-11 23:11:32,2936109040152732,，,提前关注=额外100宵夜,[等级1],
2026-05-11 23:11:32,82164477351,Kermit,提前关注=额外100宵夜,[等级47],
2026-05-11 23:11:32,96693821374,不靠谱,提前关注=额外100宵夜,[等级14],
2026-05-11 23:11:33,3707969593943175,重生之年我在广州批发拉夫劳伦,提前关注=额外100宵夜,[等级9],
2026-05-11 23:11:33,91659395772,D,提前关注=额外100宵夜,[等级2],
2026-05-11 23:11:33,4299531497782683,12.24,提前关注=额外100宵夜,[等级6],[粉丝团 Lv1]
2026-05-11 23:11:33,1292658367530488,壮鱼,提前关注=额外100宵夜,[等级18],[粉丝团 Lv2]
2026-05-11 23:11:33,98641273468,无可取代,提前关注=额外100宵夜,[等级17],[粉丝团 Lv2]
2026-05-11 23:11:33,3175015389343166,最后的轻语/,提前关注=额外100宵夜,[等级14],
2026-05-11 23:11:33,104612012119,Mrs、磊先生,提前关注=额外100宵夜,[等级1],
2026-05-11 23:11:33,1234111054492464,行善,提前关注=额外100宵夜,[等级2],[粉丝团 Lv1]
2026-05-11 23:11:33,97277916161,轻う笑,提前关注=额外100宵夜,[等级31],[粉丝团 Lv8]
2026-05-11 23:11:33,2482042437899706,@杨枝遇良风,提前关注=额外100宵夜,[等级2],
2026-05-11 23:11:33,106753535027,魂歌,提前关注=额外100宵夜,[等级20],
2026-05-11 23:11:33,4363312351425191,Ha,提前关注=额外100宵夜,[等级10],
2026-05-11 23:11:34,76489804541,米粉来一碗,提前关注=额外100宵夜,[等级13],[粉丝团 Lv10]
2026-05-11 23:11:34,62284667896,翘毛修勾,提前关注=额外100宵夜,[等级13],[粉丝团 Lv3]
2026-05-11 23:11:35,111382325572,🐰、雾,提前关注=额外100宵夜,[等级13],[粉丝团 Lv4]
2026-05-11 23:11:35,62258984584,Gawai,提前关注=额外100宵夜,[等级23],
2026-05-11 23:11:35,3072460614273159,letter,提前关注=额外100宵夜,[等级21],
2026-05-11 23:11:35,96882192795,楚门,提前关注=额外100宵夜,[等级9],[粉丝团 Lv2]
2026-05-11 23:11:35,1060357012724334,Zz…,提前关注=额外100宵夜,[等级8],
2026-05-11 23:11:35,69434781122,桃桃逃不掉,提前关注=额外100宵夜,[等级4],[粉丝团 Lv4]
2026-05-11 23:11:35,57090729780,☀,提前关注=额外100宵夜,[等级1],
2026-05-11 23:11:35,2920735682594380,乄杺 ོ,提前关注=额外100宵夜,[等级24],
2026-05-11 23:11:35,1476011395915568,kiko,提前关注=额外100宵夜,[等级13],
2026-05-11 23:11:35,2510916046300045,老郭老郭,提前关注=额外100宵夜,[等级7],[粉丝团 Lv10]
2026-05-11 23:11:35,23597984757,你的阿文,提前关注=额外100宵夜,[等级18],[粉丝团 Lv6]
2026-05-11 23:11:36,99315743404,好一个赫先生,提前关注=额外100宵夜,[等级6],
2026-05-11 23:11:37,69388511390,雾非雾丶╮の迷惘,提前关注=额外100宵夜,[等级19],[粉丝团 Lv4]
2026-05-11 23:11:37,105344916517,张熠,提前关注=额外100宵夜,[等级5],
2026-05-11 23:11:37,98666689342,古柳卖黄瓜,提前关注=额外100宵夜,[等级14],[粉丝团 Lv2]
2026-05-11 23:11:37,83749537082,周周,提前关注=额外100宵夜,[等级11],[粉丝团 Lv11]
2026-05-11 23:11:37,96099460283,「清霁朏月」,提前关注=额外100宵夜,[等级14],[粉丝团 Lv5]
2026-05-11 23:11:37,72417892889,李,提前关注=额外100宵夜,[等级15],[粉丝团 Lv10]
2026-05-11 23:11:37,572214605522024,敲敲滴🤓,提前关注=额外100宵夜,[等级1],
2026-05-11 23:11:37,75091519020,可乐~,提前关注=额外100宵夜,[等级14],
2026-05-11 23:11:37,86662982898,꧁轻酌浅醉꧂,提前关注=额外100宵夜,[等级9],
2026-05-11 23:11:37,52687913236,黄哥弟,提前关注=额外100宵夜,,
2026-05-11 23:11:37,98194834764,康乐福,提前关注=额外100宵夜,[等级15],[粉丝团 Lv10]
2026-05-11 23:11:38,86482743750,悲喜烂剧，轮播不停。,提前关注=额外100宵夜,[等级28],[粉丝团 Lv4]
2026-05-11 23:11:38,572183632156020,柒,提前关注=额外100宵夜,,
2026-05-11 23:11:38,108398308269,在他乡,提前关注=额外100宵夜,[等级21],[粉丝团 Lv1]
2026-05-11 23:11:38,90579072720375,安然ゞ,提前关注=额外100宵夜,[等级2],[粉丝团 Lv1]
2026-05-11 23:11:40,102852377866,同乐海,提前关注=额外100宵夜,[等级16],[粉丝团 Lv7]
2026-05-11 23:11:40,99787889302,心若兰兮终不移,提前关注=额外100宵夜,[等级34],[粉丝团 Lv1]
2026-05-11 23:11:40,228290059320334,池恩,提前关注=额外100宵夜,[等级3],[粉丝团 Lv6]
2026-05-11 23:11:40,68399441706,彭彭,提前关注=额外100宵夜,[等级29],[粉丝团 Lv13]
2026-05-11 23:11:40,110688399933,打工仔,提前关注=额外100宵夜,[等级24],[粉丝团 Lv10]
2026-05-11 23:11:40,4292907712645271,青春荒唐不负你,提前关注=额外100宵夜,[等级11],[粉丝团 Lv11]
2026-05-11 23:11:41,1968578220797451,健身,提前关注=额外100宵夜,[等级1],
2026-05-11 23:11:41,107955470894,卷柏之叹,提前关注=额外100宵夜,[等级2],
2026-05-11 23:11:41,1945457758313680,用户405394837408,提前关注=额外100宵夜,,
2026-05-11 23:11:41,180763379371655,幻☞梦☜,提前关注=额外100宵夜,[等级25],[粉丝团 Lv10]
2026-05-11 23:11:41,74902252071,安好、,提前关注=额外100宵夜,[等级11],[粉丝团 Lv10]
2026-05-11 23:11:41,94790195448,喜与你,提前关注=额外100宵夜,[等级11],[粉丝团 Lv2]
2026-05-11 23:11:41,105864641077,不拘小节,提前关注=额外100宵夜,[等级16],[粉丝团 Lv13]
2026-05-11 23:11:41,98181469184,玖弎～,提前关注=额外100宵夜,[等级5],[粉丝团 Lv3]
2026-05-11 23:11:41,83067929615,清风徐来…,提前关注=额外100宵夜,[等级14],
2026-05-11 23:11:41,103803036774,秋秋秋,提前关注=额外100宵夜,[等级14],[粉丝团 Lv10]
2026-05-11 23:11:41,3591450941457501,🌈🌈distance,提前关注=额外100宵夜,[等级5],[粉丝团 Lv2]
2026-05-11 23:11:42,104168550586,國,提前关注=额外100宵夜,[等级28],
2026-05-11 23:11:42,54625816075,最后一份天真,提前关注=额外100宵夜,[等级21],
2026-05-11 23:11:42,103438430492,楠叔：aebd,提前关注=额外100宵夜,[等级28],[粉丝团 Lv11]
2026-05-11 23:11:42,101792211005,X.潇,提前关注=额外100宵夜,[等级15],[粉丝团 Lv7]
2026-05-11 23:11:42,253317389235776,小龙哥,提前关注=额外100宵夜,[等级7],
2026-05-11 23:11:42,2291019372827438,澤~、,提前关注=额外100宵夜,[等级37],[粉丝团 Lv3]
2026-05-11 23:11:42,93248319945,舁,提前关注=额外100宵夜,[等级12],[粉丝团 Lv11]
2026-05-11 23:11:42,71371980480,严肃黑猫ᶻʸ,提前关注=额外100宵夜,[等级18],[粉丝团 Lv15]
2026-05-11 23:11:42,79203131945,yang,提前关注=额外100宵夜,[等级21],[粉丝团 Lv9]
2026-05-11 23:11:43,101400159031,牧牛人,提前关注=额外100宵夜,[等级8],
2026-05-11 23:11:43,77388430857,微醺小懒猫,提前关注=额外100宵夜,[等级19],[粉丝团 Lv2]
2026-05-11 23:11:44,989197031980635,军旗下的誓言,提前关注=额外100宵夜,[等级10],[粉丝团 Lv6]
2026-05-11 23:11:44,71589186504,雪山陈睿,提前关注=额外100宵夜,[等级1],
2026-05-11 23:11:44,73580349465,Y Y-,提前关注=额外100宵夜,[等级14],[粉丝团 Lv13]
2026-05-11 23:11:44,584561307166059,陈念玺.,提前关注=额外100宵夜,[等级7],[粉丝团 Lv3]
2026-05-11 23:11:44,108063000447,自由自在的飞翔,提前关注=额外100宵夜,[等级31],[粉丝团 Lv10]
2026-05-11 23:11:44,1786071242250408,......,提前关注=额外100宵夜,[等级24],[粉丝团 Lv11]
2026-05-11 23:11:45,96593638871,🐯,提前关注=额外100宵夜,[等级8],
2026-05-11 23:11:45,105548667964,不吃蛋黄女士、,提前关注=额外100宵夜,[等级11],[粉丝团 Lv7]
2026-05-11 23:11:45,109620463470,凡尘烟火,提前关注=额外100宵夜,[等级24],[粉丝团 Lv1]
2026-05-11 23:11:45,2920724096887374,弟，楼下娶麦兜,提前关注=额外100宵夜,[等级10],[粉丝团 Lv2]
2026-05-11 23:11:45,107985339716,于额不足,提前关注=额外100宵夜,[等级17],[粉丝团 Lv5]
2026-05-11 23:11:45,2106317563242972,少年 .,提前关注=额外100宵夜,[等级5],
2026-05-11 23:11:45,68919722501,小魚兒,提前关注=额外100宵夜,[等级11],[粉丝团 Lv6]
2026-05-11 23:11:45,104390163465,雨点,提前关注=额外100宵夜,[等级13],[粉丝团 Lv1]
2026-05-11 23:11:46,111445252944,🦦,提前关注=额外100宵夜,[等级18],[粉丝团 Lv7]
2026-05-11 23:11:46,2555725577724493,一份冻豆腐,提前关注=额外100宵夜,[等级3],[粉丝团 Lv2]
2026-05-11 23:11:46,72911646362,符子诚,提前关注=额外100宵夜,[等级29],[粉丝团 Lv2]
2026-05-11 23:11:46,72465352242,山外有山,提前关注=额外100宵夜,[等级10],
2026-05-11 23:11:47,99203207142,豌豆颠,提前关注=额外100宵夜,[等级10],
2026-05-11 23:11:48,7592991671429923897,我们已经分手了,提前关注=额外100宵夜,[等级1],
2026-05-11 23:11:48,77388430857,微醺小懒猫,提前关注=额外100宵夜,[等级19],[粉丝团 Lv2]
2026-05-11 23:11:48,52762192099,Porridge Wang ,提前关注=额外100宵夜,[等级20],
2026-05-11 23:11:48,3488118696324872,家有沐宝,提前关注=额外100宵夜,[等级7],[粉丝团 Lv9]
2026-05-11 23:11:48,94005323293,X.,提前关注=额外100宵夜,[等级13],
2026-05-11 23:11:48,2886664507635936,谢谢,提前关注=额外100宵夜,[等级3],[粉丝团 Lv1]
2026-05-11 23:11:48,108463000135,听风赏月,提前关注=额外100宵夜,[等级11],
2026-05-11 23:11:48,2185458034417693,海阔天空,提前关注=额外100宵夜,[等级21],[粉丝团 Lv8]
2026-05-11 23:11:48,100499968780,张引,提前关注=额外100宵夜,[等级5],[粉丝团 Lv2]
2026-05-11 23:11:48,1504582883350983,sad,提前关注=额外100宵夜,[等级16],[粉丝团 Lv7]
2026-05-11 23:11:50,3399329912985012,Healer,提前关注=额外100宵夜,[等级35],[粉丝团 Lv2]
2026-05-11 23:11:50,171176079660743,wanglou,提前关注=额外100宵夜,[等级16],
2026-05-11 23:11:50,111179185269,1 cigarette.,提前关注=额外100宵夜,[等级2],
2026-05-11 23:11:50,104904670137,A&唯一,提前关注=额外100宵夜,[等级28],[粉丝团 Lv12]
2026-05-11 23:11:50,105367496095,小耳东东,提前关注=额外100宵夜,[等级13],
2026-05-11 23:11:50,1988377158626542,仁圣驿站,提前关注=额外100宵夜,[等级4],[粉丝团 Lv3]
2026-05-11 23:11:50,102863533873,清风,提前关注=额外100宵夜,[等级2],
2026-05-11 23:11:50,110868826065,中心如云,提前关注=额外100宵夜,[等级1],
2026-05-11 23:11:50,99595445542,The   initial,提前关注=额外100宵夜,[等级16],[粉丝团 Lv6]
2026-05-11 23:11:50,62699433338,♪豪哥勋弟♪,提前关注=额外100宵夜,[等级15],[粉丝团 Lv10]
2026-05-11 23:11:50,3606873558496464,是月亮呀,提前关注=额外100宵夜,[等级11],[粉丝团 Lv7]
2026-05-11 23:11:50,73880468522,🔅,提前关注=额外100宵夜,[等级14],
2026-05-11 23:11:51,101120321268,@曾经拥有,提前关注=额外100宵夜,[等级11],[粉丝团 Lv4]
2026-05-11 23:11:51,2964714109011303,小仇,提前关注=额外100宵夜,[等级2],
2026-05-11 23:11:51,73197555539,溢贤,提前关注=额外100宵夜,[等级15],[粉丝团 Lv11]
2026-05-11 23:11:52,84332105334,流只朗躺,提前关注=额外100宵夜,[等级13],[粉丝团 Lv11]
2026-05-11 23:11:52,98167800627,迷失,提前关注=额外100宵夜,[等级2],[粉丝团 Lv2]
2026-05-11 23:11:52,77780574504,梨花梦,提前关注=额外100宵夜,[等级13],[粉丝团 Lv10]
2026-05-11 23:11:52,99664439489,。。。,提前关注=额外100宵夜,[等级12],[粉丝团 Lv7]
2026-05-11 23:11:52,88060933212,仓狼,提前关注=额外100宵夜,[等级13],[粉丝团 Lv7]
2026-05-11 23:11:52,108793564919,🔰冬苝旳東,提前关注=额外100宵夜,[等级34],[粉丝团 Lv11]
2026-05-11 23:11:54,101657120680,岁月依旧,提前关注=额外100宵夜,[等级22],[粉丝团 Lv6]
2026-05-11 23:11:55,105742531227,是光,提前关注=额外100宵夜,[等级6],
2026-05-11 23:11:55,100105179954,枫🍁叶,提前关注=额外100宵夜,[等级33],[粉丝团 Lv8]
2026-05-11 23:11:55,3421281098138301,神秘人335379,提前关注=额外100宵夜,[等级43],[粉丝团 Lv11]
2026-05-11 23:11:55,104792339227,︻Fj▅▆▇◤,提前关注=额外100宵夜,[等级8],[粉丝团 Lv1]
2026-05-11 23:11:55,99719118107,静默的悲伤,提前关注=额外100宵夜,[等级12],
2026-05-11 23:11:55,82087077180,辉仔四驱拉木,提前关注=额外100宵夜,,
2026-05-11 23:11:55,86730989984,El,提前关注=额外100宵夜,[等级13],
2026-05-11 23:11:55,1726673531971549,唱的好听,提前关注=额外100宵夜,[等级23],[粉丝团 Lv13]
2026-05-11 23:11:56,3896270147029806,梦想天使,提前关注=额外100宵夜,[等级7],
2026-05-11 23:11:56,67588504526,🈚语,提前关注=额外100宵夜,[等级14],[粉丝团 Lv4]
2026-05-11 23:11:56,72535140910,.-,提前关注=额外100宵夜,[等级37],[粉丝团 Lv1]
2026-05-11 23:11:56,1313284358672692,广联达建模（王）,提前关注=额外100宵夜,[等级16],[粉丝团 Lv6]
2026-05-11 23:11:56,50825642562,~DJ~,提前关注=额外100宵夜,[等级7],
2026-05-11 23:11:57,63485564845,Nuyoah,提前关注=额外100宵夜,[等级5],[粉丝团 Lv9]
2026-05-11 23:11:57,4425992397653096,翠花-,提前关注=额外100宵夜,[等级1],[粉丝团 Lv1]
2026-05-11 23:11:58,68059220546,大刘🌻,提前关注=额外100宵夜,[等级7],[粉丝团 Lv1]
2026-05-11 23:11:58,50237758202,老八水产梅姐,提前关注=额外100宵夜,[等级19],
2026-05-11 23:11:58,63767117108,多喝水少生气,提前关注=额外100宵夜,[等级10],
2026-05-11 23:11:58,100177234872,高彦杰,提前关注=额外100宵夜,[等级11],[粉丝团 Lv11]
2026-05-11 23:11:58,2304180388367724,quattro,提前关注=额外100宵夜,[等级7],
2026-05-11 23:11:58,1500182256837815,橙子🍊-。,提前关注=额外100宵夜,,
2026-05-11 23:11:58,1584876300799376,挣亿点🍐🎼,提前关注=额外100宵夜,[等级3],[粉丝团 Lv3]
2026-05-11 23:11:59,3369374285312691,她说最i我的kun,提前关注=额外100宵夜,[等级24],
2026-05-11 23:11:59,63120899171,小宇啊,提前关注=额外100宵夜,[等级15],[粉丝团 Lv2]
2026-05-11 23:11:59,1077167646320590,☞沐兮☜,提前关注=额外100宵夜,[等级3],
2026-05-11 23:11:59,99031714965,咁啱嘅咪,提前关注=额外100宵夜,[等级2],[粉丝团 Lv3]
2026-05-11 23:11:59,100393112980,wWei,提前关注=额外100宵夜,[等级21],[粉丝团 Lv12]
2026-05-11 23:11:59,1244264985800360,L .,提前关注=额外100宵夜,[等级20],
2026-05-11 23:11:59,1830045274345678,Z、、,提前关注=额外100宵夜,[等级6],
2026-05-11 23:12:00,254692624963200,辉煌通讯小黄，只做正品手机,提前关注=额外100宵夜,[等级23],
2026-05-11 23:12:00,75395986183,✦  .益达,提前关注=额外100宵夜,[等级27],[粉丝团 Lv5]
2026-05-11 23:12:01,7527586587935097880,草莓醋🍓,提前关注=额外100宵夜,[等级2],[粉丝团 Lv4]
2026-05-11 23:12:01,2717628635552872,零颜☀️,提前关注=额外100宵夜,[等级33],[粉丝团 Lv10]
2026-05-11 23:12:02,7614065955699115057,王初九,提前关注=额外100宵夜,,
2026-05-11 23:12:02,81990467395,💞心想事_陳,提前关注=额外100宵夜,[等级25],[粉丝团 Lv9]
2026-05-11 23:12:02,106768183425,博士,提前关注=额外100宵夜,[等级4],
2026-05-11 23:12:02,94121600272,এ゛吥惪。꧂,提前关注=额外100宵夜,[等级15],
2026-05-11 23:12:02,83198008191,EZG,提前关注=额外100宵夜,[等级16],[粉丝团 Lv9]
2026-05-11 23:12:03,1408898989558796,夏之夏蝶,提前关注=额外100宵夜,[等级22],
2026-05-11 23:12:03,70204281394,此去经年应是良辰美景,提前关注=额外100宵夜,[等级20],[粉丝团 Lv3]
2026-05-11 23:12:03,80973037220,啾咪猫,提前关注=额外100宵夜,[等级11],[粉丝团 Lv4]
2026-05-11 23:12:04,63670869561,Mr张,提前关注=额外100宵夜,[等级20],[粉丝团 Lv9]
2026-05-11 23:12:04,73497353103,强哥不搞笑丶,提前关注=额外100宵夜,[等级8],
2026-05-11 23:12:05,91691795933,卦卦皆无你,提前关注=额外100宵夜,[等级15],
2026-05-11 23:12:05,111437173157,(／_＼)哈达,提前关注=额外100宵夜,[等级2],
2026-05-11 23:12:05,3767365015715095,乂兯,提前关注=额外100宵夜,[等级13],[粉丝团 Lv6]
2026-05-11 23:12:05,69599345221,🌈Ming,提前关注=额外100宵夜,[等级10],[粉丝团 Lv9]
2026-05-11 23:12:06,101406598563,吴家四少,提前关注=额外100宵夜,[等级17],[粉丝团 Lv8]
2026-05-11 23:12:06,78771598179,尘尘💖✨,提前关注=额外100宵夜,[等级39],[粉丝团 Lv12]
2026-05-11 23:12:06,79167506622,星烬,提前关注=额外100宵夜,[等级20],[粉丝团 Lv3]
2026-05-11 23:12:06,1631285014430941,绝地求生（小坏蛋）,提前关注=额外100宵夜,[等级8],[粉丝团 Lv3]
2026-05-11 23:12:07,97140514163,她.,提前关注=额外100宵夜,[等级2],
2026-05-11 23:12:08,3218990355196397,珍惜拥有你,提前关注=额外100宵夜,[等级9],
2026-05-11 23:12:08,96526925071,w×,提前关注=额外100宵夜,[等级8],[粉丝团 Lv2]
2026-05-11 23:12:09,97479781984,叫我兵哥,提前关注=额外100宵夜,[等级2],
2026-05-11 23:12:09,4317126918414442,哎哟不错哦,提前关注=额外100宵夜,[等级5],[粉丝团 Lv3]
2026-05-11 23:12:10,96793430613,变迁,提前关注=额外100宵夜,[等级13],
2026-05-11 23:12:11,100515465222,✨甜憨憨吖🌈,提前关注=额外100宵夜,[等级8],[粉丝团 Lv2]
2026-05-11 23:12:12,2585704965087422,小新,提前关注=额外100宵夜,[等级15],[粉丝团 Lv9]
2026-05-11 23:12:12,110478212484,☞手心✋🏻☜,提前关注=额外100宵夜,[等级14],[粉丝团 Lv11]
2026-05-11 23:12:12,2013903438748670,今天星期五,提前关注=额外100宵夜,[等级13],[粉丝团 Lv12]
2026-05-11 23:12:13,68821780610,溪默,提前关注=额外100宵夜,[等级8],[粉丝团 Lv10]
2026-05-11 23:12:15,108781274466,加心瓜仔,提前关注=额外100宵夜,[等级17],[粉丝团 Lv5]
2026-05-11 23:12:15,59189538424,鱼在冒泡泡,提前关注=额外100宵夜,[等级12],[粉丝团 Lv8]
2026-05-11 23:12:15,3664003065714740,学会沉默888,提前关注=额外100宵夜,[等级16],[粉丝团 Lv12]
2026-05-11 23:12:15,1939156420010856,福仙人,提前关注=额外100宵夜,[等级7],[粉丝团 Lv1]
2026-05-11 23:12:16,3381743139437742,无敌知心,提前关注=额外100宵夜,[等级2],
2026-05-11 23:12:17,88795321960,少主,提前关注=额外100宵夜,[等级34],[粉丝团 Lv12]
2026-05-11 23:12:17,96751997554,东厨司命,提前关注=额外100宵夜,[等级26],[粉丝团 Lv12]
2026-05-11 23:12:19,3320964764669133,你的宝宝来了,提前关注=额外100宵夜,[等级20],[粉丝团 Lv11]
2026-05-11 23:12:19,87243903052,辞川,提前关注=额外100宵夜,[等级24],[粉丝团 Lv10]
2026-05-11 23:12:21,1412201088559491,K🌊小明同学,提前关注=额外100宵夜,[等级36],
2026-05-11 23:12:21,99370093312,戏如人生,提前关注=额外100宵夜,[等级16],[粉丝团 Lv10]
2026-05-11 23:12:21,105179239629,阿炳,提前关注=额外100宵夜,[等级13],[粉丝团 Lv6]
2026-05-11 23:12:21,2849528259281454,是🐸,提前关注=额外100宵夜,[等级13],[粉丝团 Lv12]
2026-05-11 23:12:21,672532588140683,Sophie,提前关注=额外100宵夜,[等级13],
2026-05-11 23:12:21,96863961531,零゜,提前关注=额外100宵夜,[等级23],[粉丝团 Lv10]
2026-05-11 23:12:21,135944937669196,ㅤ1,提前关注=额外100宵夜,[等级12],[粉丝团 Lv8]
2026-05-11 23:12:21,103868886063,未来可期!💍,提前关注=额外100宵夜,[等级20],[粉丝团 Lv10]
2026-05-11 23:12:21,2919942582444399,望宁念,提前关注=额外100宵夜,[等级14],[粉丝团 Lv11]
2026-05-11 23:12:22,98748841541,吴南北,提前关注=额外100宵夜,[等级17],[粉丝团 Lv7]
2026-05-11 23:12:22,2946320664363086,-倾一世、等一人,提前关注=额外100宵夜,[等级17],
2026-05-11 23:12:22,1599113770054452,今晚不想睡、,提前关注=额外100宵夜,[等级3],
2026-05-11 23:12:22,4366915275851582,此间乐,提前关注=额外100宵夜,[等级10],
2026-05-11 23:12:23,95558583638,爸辣辣能量ᝰ,提前关注=额外100宵夜,[等级4],
2026-05-11 23:12:24,75933958835,零一①,提前关注=额外100宵夜,[等级25],[粉丝团 Lv10]
2026-05-11 23:12:24,57666685521,ㅤㅤㅤㅤㅤ,提前关注=额外100宵夜,[等级11],[粉丝团 Lv4]
2026-05-11 23:12:24,77440024452,꧁转角꧂,提前关注=额外100宵夜,[等级31],[粉丝团 Lv11]
2026-05-11 23:12:25,176386184852382,🙈  🙉,提前关注=额外100宵夜,[等级6],[粉丝团 Lv7]
2026-05-11 23:12:25,106767053936,红旗开锁 小志吖,提前关注=额外100宵夜,[等级15],[粉丝团 Lv10]
2026-05-11 23:12:25,63427306295,Ccc_,提前关注=额外100宵夜,[等级11],[粉丝团 Lv11]
2026-05-11 23:12:25,3377334844659816,There,提前关注=额外100宵夜,[等级2],[粉丝团 Lv2]
2026-05-11 23:12:25,103617029911,小猫੭,提前关注=额外100宵夜,[等级12],[粉丝团 Lv9]
2026-05-11 23:12:25,1528746436470224,keep ㅤㅤㅤㅤ,提前关注=额外100宵夜,[等级2],
2026-05-11 23:12:26,67445711771,时节,提前关注=额外100宵夜,[等级15],[粉丝团 Lv11]
2026-05-11 23:12:26,63245261740,苏叔叔,提前关注=额外100宵夜,[等级7],
2026-05-11 23:12:26,76316905883,🌈殇泪,提前关注=额外100宵夜,[等级11],[粉丝团 Lv2]
2026-05-11 23:12:27,91559497429,三歲呦、🐰,提前关注=额外100宵夜,[等级16],[粉丝团 Lv12]
2026-05-11 23:12:27,2761591777671687,梁哴,提前关注=额外100宵夜,[等级28],[粉丝团 Lv1]
2026-05-11 23:12:27,59202923092,空白,提前关注=额外100宵夜,[等级21],[粉丝团 Lv12]
2026-05-11 23:12:27,1842394209983959,LiVe,提前关注=额外100宵夜,[等级10],
2026-05-11 23:12:27,107662442756,老曾⁶¹⁷,提前关注=额外100宵夜,[等级19],[粉丝团 Lv11]
2026-05-11 23:12:27,84595557622,笔芯,提前关注=额外100宵夜,[等级27],
2026-05-11 23:12:27,3117857857342636,一搓一蹦跶,提前关注=额外100宵夜,[等级33],[粉丝团 Lv2]
2026-05-11 23:12:28,452609260400772,别搞我,提前关注=额外100宵夜,[等级14],[粉丝团 Lv12]
2026-05-11 23:12:28,73127315663,曾梦想仗剑走天涯,提前关注=额外100宵夜,[等级17],
2026-05-11 23:12:28,84486890943,甜佳吖、 🎀,提前关注=额外100宵夜,[等级17],
2026-05-11 23:12:28,94000824086,ABC,提前关注=额外100宵夜,[等级1],
2026-05-11 23:12:29,80196999871,胡扯,提前关注=额外100宵夜,[等级5],[粉丝团 Lv8]
2026-05-11 23:12:29,3394899074375095,繁星、,提前关注=额外100宵夜,[等级31],[粉丝团 Lv9]
2026-05-11 23:12:29,95974341335,赵大少,提前关注=额外100宵夜,[等级23],
2026-05-11 23:12:29,95543524047,愛伱莪卟後悔,提前关注=额外100宵夜,[等级8],
2026-05-11 23:12:29,3083471221430008,凡尘`,提前关注=额外100宵夜,[等级24],[粉丝团 Lv10]
2026-05-11 23:12:29,101852076859,跳跳🦐,提前关注=额外100宵夜,[等级6],[粉丝团 Lv4]
2026-05-11 23:12:29,1005412831464700,大朗 吃药,提前关注=额外100宵夜,[等级12],
2026-05-11 23:12:29,88481207720,try,提前关注=额外100宵夜,[等级9],
2026-05-11 23:12:30,93054638433,楚の恋,提前关注=额外100宵夜,[等级13],
2026-05-11 23:12:30,80944908802,꧁༺仰天长啸༻꧂,提前关注=额外100宵夜,[等级33],[粉丝团 Lv10]
2026-05-11 23:12:30,75192420529,温柔半两🎈,提前关注=额外100宵夜,[等级18],[粉丝团 Lv3]
2026-05-11 23:12:30,1728081137502235,(⊙o⊙)啥？,提前关注=额外100宵夜,[等级19],[粉丝团 Lv5]
2026-05-11 23:12:31,71074166083,乔巴,提前关注=额外100宵夜,[等级34],[粉丝团 Lv11]
2026-05-11 23:12:31,83763102383,卓尔不凡🅳,提前关注=额外100宵夜,[等级15],[粉丝团 Lv2]
2026-05-11 23:12:31,106647761213,没事多晒太阳,提前关注=额外100宵夜,[等级12],[粉丝团 Lv4]
2026-05-11 23:12:31,103301828811,忽念我,提前关注=额外100宵夜,[等级8],[粉丝团 Lv2]
2026-05-11 23:12:32,98682903034,嘘拟,提前关注=额外100宵夜,[等级10],[粉丝团 Lv9]
2026-05-11 23:12:32,3793760807553824,图图^,提前关注=额外100宵夜,,
2026-05-11 23:12:32,653577584122912,yiho777,提前关注=额外100宵夜,[等级8],[粉丝团 Lv10]
2026-05-11 23:12:32,3817112683426573,～,提前关注=额外100宵夜,[等级13],[粉丝团 Lv6]
2026-05-11 23:12:32,4393271295750771,中心二又贝1,提前关注=额外100宵夜,[等级20],
2026-05-11 23:12:32,51886508226,Jk,提前关注=额外100宵夜,[等级22],[粉丝团 Lv9]
2026-05-11 23:12:32,60786747211,琳儿,提前关注=额外100宵夜,[等级14],
2026-05-11 23:12:32,2977944976501072,星辞秋,提前关注=额外100宵夜,[等级6],[粉丝团 Lv7]
2026-05-11 23:12:33,100364256568,卜佑,提前关注=额外100宵夜,[等级16],
2026-05-11 23:12:33,3227795282738861,壹桉,提前关注=额外100宵夜,[等级5],
2026-05-11 23:12:33,73957396501,乘风破浪🏖️(ˆ˚ˆ✿),提前关注=额外100宵夜,[等级21],
2026-05-11 23:12:34,3272624287522575,1⌯︎,提前关注=额外100宵夜,[等级11],
2026-05-11 23:12:35,61624904933,西 瓜,提前关注=额外100宵夜,[等级13],[粉丝团 Lv11]
2026-05-11 23:12:36,105400617657,唯一的爱,提前关注=额外100宵夜,[等级22],[粉丝团 Lv11]
2026-05-11 23:12:36,72568079369,最爱抹茶味,提前关注=额外100宵夜,[等级16],[粉丝团 Lv7]
2026-05-11 23:12:38,4162095481363833,mrtang,提前关注=额外100宵夜,,
2026-05-11 23:12:39,1019949408065331,冷殇,提前关注=额外100宵夜,[等级10],
2026-05-11 23:12:40,66000077913,嗯哼～,提前关注=额外100宵夜,[等级8],
2026-05-11 23:12:40,97080257484,SVnlq,提前关注=额外100宵夜,[等级1],
2026-05-11 23:12:40,56804961688231,王者荣耀~$,提前关注=额外100宵夜,[等级3],
2026-05-11 23:12:40,2815166014561166,ᴄʜᴇɴ,提前关注=额外100宵夜,[等级5],[粉丝团 Lv1]
2026-05-11 23:12:41,3371571298702284,林隐,提前关注=额外100宵夜,,
2026-05-11 23:12:41,92462258569,二月初④,提前关注=额外100宵夜,[等级29],[粉丝团 Lv10]
2026-05-11 23:12:41,3135449995686839,🌈 ___゛未来可期,提前关注=额外100宵夜,[等级29],
2026-05-11 23:12:41,83785392859,安静当大树 。,提前关注=额外100宵夜,[等级10],[粉丝团 Lv5]
2026-05-11 23:12:41,74384873108843,☾⋆᭄ 神说要有光💋,提前关注=额外100宵夜,[等级25],[粉丝团 Lv8]
2026-05-11 23:12:42,92562077105,实安双,提前关注=额外100宵夜,[等级2],
2026-05-11 23:12:42,4068672770416317,袅袅催烟,提前关注=额外100宵夜,[等级11],[粉丝团 Lv4]
2026-05-11 23:12:44,1530152524453133,守夜人,提前关注=额外100宵夜,[等级13],[粉丝团 Lv4]
2026-05-11 23:12:46,63185844928,橙子味🍊,提前关注=额外100宵夜,[等级12],[粉丝团 Lv5]
2026-05-11 23:12:46,3628860828301992,川.,提前关注=额外100宵夜,[等级6],
2026-05-11 23:12:46,70193079091,葳蕤 繁祉,提前关注=额外100宵夜,[等级19],[粉丝团 Lv1]
2026-05-11 23:12:47,3778347831664061,🌈Te amo,提前关注=额外100宵夜,[等级3],
2026-05-11 23:12:48,59483183601,吻别不算BE,提前关注=额外100宵夜,[等级6],[粉丝团 Lv3]
2026-05-11 23:12:48,102051807712,麻辣烫😘,提前关注=额外100宵夜,[等级12],
2026-05-11 23:12:49,3825901139410685,李哥,提前关注=额外100宵夜,[等级31],[粉丝团 Lv10]
2026-05-11 23:12:49,96941830523,通通通,提前关注=额外100宵夜,[等级14],[粉丝团 Lv4]
2026-05-11 23:12:50,59907301569,大蒜蒜,提前关注=额外100宵夜,[等级11],[粉丝团 Lv9]
2026-05-11 23:12:50,87094731678,5q,提前关注=额外100宵夜,[等级20],[粉丝团 Lv11]
2026-05-11 23:12:52,3597213644367775,往事随风，余生有你,提前关注=额外100宵夜,[等级16],[粉丝团 Lv6]
2026-05-11 23:12:52,50451765750,啤酒的泡沫🐸₁₄₉,提前关注=额外100宵夜,[等级35],[粉丝团 Lv14]
2026-05-11 23:12:53,68190194301,鹿鸣🦌,提前关注=额外100宵夜,[等级9],[粉丝团 Lv7]
2026-05-11 23:12:54,95261707349,🌏🌏🌏🌏🌏🌏🌏,提前关注=额外100宵夜,[等级19],
2026-05-11 23:12:54,99101634863,灰灰不太黑,提前关注=额外100宵夜,[等级8],
2026-05-11 23:12:54,97951324215,"迈迈,",提前关注=额外100宵夜,[等级2],
2026-05-11 23:12:54,2607697438194397,我信你个粑粑,提前关注=额外100宵夜,[等级17],[粉丝团 Lv10]
2026-05-11 23:12:56,4319326856807591,黎明的谎言,提前关注=额外100宵夜,[等级24],[粉丝团 Lv2]
2026-05-11 23:12:56,57134833521,后知后觉🕊️,提前关注=额外100宵夜,[等级21],[粉丝团 Lv13]
2026-05-11 23:12:56,96485623783,盛焱农业,提前关注=额外100宵夜,[等级5],[粉丝团 Lv2]
2026-05-11 23:12:57,55682857451,我叫Myh，，😛😛🥖🥖,提前关注=额外100宵夜,[等级12],
2026-05-11 23:12:58,59903038216,平安树,提前关注=额外100宵夜,[等级20],[粉丝团 Lv14]
2026-05-11 23:12:58,92953176930,尖晶,提前关注=额外100宵夜,[等级21],[粉丝团 Lv10]
2026-05-11 23:12:58,109605591980814,酸菜鱼,提前关注=额外100宵夜,[等级12],
2026-05-11 23:13:00,3139795768314862,开开心心每一天,提前关注=额外100宵夜,[等级27],
2026-05-11 23:13:01,99714459703,全国卖荔枝的小森,提前关注=额外100宵夜,[等级18],[粉丝团 Lv12]
2026-05-11 23:13:01,3875103269993000,纤毫不实则落虚,提前关注=额外100宵夜,[等级28],[粉丝团 Lv4]
2026-05-11 23:13:02,2792351726570046,ChardTyson,提前关注=额外100宵夜,[等级4],[粉丝团 Lv7]
2026-05-11 23:13:02,94719996734,你礼貌吗,提前关注=额外100宵夜,[等级15],[粉丝团 Lv10]
2026-05-11 23:13:02,1215412508056907,用户9809756723811,提前关注=额外100宵夜,[等级4],[粉丝团 Lv7]
2026-05-11 23:13:02,134603014155520,单曲循环,提前关注=额外100宵夜,[等级11],[粉丝团 Lv5]
2026-05-11 23:13:02,75648805386,吾名,提前关注=额外100宵夜,[等级11],[粉丝团 Lv6]
2026-05-11 23:13:02,100179406867,.初见,提前关注=额外100宵夜,[等级21],[粉丝团 Lv12]
2026-05-11 23:13:02,2001563588242799,李卡卡,提前关注=额外100宵夜,[等级35],[粉丝团 Lv10]
2026-05-11 23:13:03,63180297015,∞,提前关注=额外100宵夜,[等级24],[粉丝团 Lv6]
2026-05-11 23:13:04,1857508531512860,我们明天见_,提前关注=额外100宵夜,[等级2],[粉丝团 Lv4]
2026-05-11 23:13:04,4292946723090695,小饭,提前关注=额外100宵夜,[等级16],
2026-05-11 23:13:05,96751885175,开荒,提前关注=额外100宵夜,[等级38],[粉丝团 Lv11]
2026-05-11 23:13:05,3396839333446332,🌈小宝,提前关注=额外100宵夜,[等级1],
2026-05-11 23:13:05,954826520013991,烦烦烦烦烦烦烦烦烦烦烦烦烦烦烦烦烦烦🌈,提前关注=额外100宵夜,[等级3],[粉丝团 Lv1]
2026-05-11 23:13:05,4047729009628484,3391601692,提前关注=额外100宵夜,[等级2],[粉丝团 Lv2]
2026-05-11 23:13:05,96807499829,正东大神,提前关注=额外100宵夜,[等级32],[粉丝团 Lv12]
2026-05-11 23:13:05,1352860449374844,忘记了,提前关注=额外100宵夜,[等级9],
2026-05-11 23:13:05,93171506223,巧妈,提前关注=额外100宵夜,[等级12],[粉丝团 Lv11]
2026-05-11 23:13:05,1989472578182252,回家,提前关注=额外100宵夜,[等级12],[粉丝团 Lv1]
2026-05-11 23:13:06,75436531083,✘坏小子@,提前关注=额外100宵夜,[等级12],[粉丝团 Lv10]
2026-05-11 23:13:06,3131828677397407,殇,提前关注=额外100宵夜,[等级37],[粉丝团 Lv12]
2026-05-11 23:13:06,100436213197,你的张同学,提前关注=额外100宵夜,[等级9],[粉丝团 Lv6]
2026-05-11 23:13:07,4152232271685672,余生挚乂氼,提前关注=额外100宵夜,[等级22],[粉丝团 Lv1]
2026-05-11 23:13:07,3781927878527000,浩东🐉,提前关注=额外100宵夜,[等级36],[粉丝团 Lv9]
2026-05-11 23:13:07,47972078589495,海哥 在路上,提前关注=额外100宵夜,[等级21],[粉丝团 Lv9]
2026-05-11 23:13:07,105993448995820,她删了微信,提前关注=额外100宵夜,[等级25],[粉丝团 Lv2]
2026-05-11 23:13:08,1327842378390622,卡布呢,提前关注=额外100宵夜,[等级2],[粉丝团 Lv2]
2026-05-11 23:13:09,4354517966533859,余生请多指教,提前关注=额外100宵夜,[等级8],
2026-05-11 23:13:09,4261336844612708,eggb4773ghjm,提前关注=额外100宵夜,[等级13],[粉丝团 Lv10]
2026-05-11 23:13:09,67526857086,似水流年,提前关注=额外100宵夜,[等级19],[粉丝团 Lv7]
2026-05-11 23:13:09,110577836566,唯一,提前关注=额外100宵夜,[等级11],[粉丝团 Lv12]
2026-05-11 23:13:10,100582230132,ᦔꪱડꪖρρꫀꪖrꪖꪀᥴꫀ.,提前关注=额外100宵夜,[等级12],[粉丝团 Lv4]
2026-05-11 23:13:10,383061949164483,我布次蒜,提前关注=额外100宵夜,[等级15],[粉丝团 Lv10]
2026-05-11 23:13:10,64123103584,盼.,提前关注=额外100宵夜,[等级2],
2026-05-11 23:13:10,78755455433,CT。,提前关注=额外100宵夜,[等级10],
2026-05-11 23:13:10,2299813016126087,韦氏~四少,提前关注=额外100宵夜,[等级15],[粉丝团 Lv7]
2026-05-11 23:13:10,1789609679531916,顺风顺水顺财神1005,提前关注=额外100宵夜,[等级12],[粉丝团 Lv7]
2026-05-11 23:13:10,2472129344576189,用户6160277827130,提前关注=额外100宵夜,[等级21],[粉丝团 Lv13]
2026-05-11 23:13:10,68359033340,满满,提前关注=额外100宵夜,[等级11],[粉丝团 Lv6]
2026-05-11 23:13:11,62222516897,🍂大隐隐于被窝.,提前关注=额外100宵夜,[等级8],
2026-05-11 23:13:11,62343756081,二十二.,提前关注=额外100宵夜,[等级3],[粉丝团 Lv3]
2026-05-11 23:13:11,4362456917355726,何处不能快乐无限,提前关注=额外100宵夜,[等级23],[粉丝团 Lv10]
2026-05-11 23:13:11,92460936271,宁大莘。,提前关注=额外100宵夜,[等级10],[粉丝团 Lv10]
2026-05-11 23:13:11,61324676323,爷们,提前关注=额外100宵夜,[等级10],[粉丝团 Lv10]
2026-05-11 23:13:12,1433362342351472,小李,提前关注=额外100宵夜,[等级20],[粉丝团 Lv7]
2026-05-11 23:13:12,96513293329,树莓,提前关注=额外100宵夜,[等级6],[粉丝团 Lv5]
2026-05-11 23:13:12,97377340893,大哥哥,提前关注=额外100宵夜,,
2026-05-11 23:13:12,356717965360574,普,提前关注=额外100宵夜,[等级15],[粉丝团 Lv2]
2026-05-11 23:13:12,4108239742188679,定制我的专属名字,提前关注=额外100宵夜,[等级1],
2026-05-11 23:13:12,56585855490,茜茜,提前关注=额外100宵夜,[等级35],[粉丝团 Lv10]
2026-05-11 23:13:12,1676117876942583,土豆ㅤ,提前关注=额外100宵夜,[等级29],[粉丝团 Lv9]
2026-05-11 23:13:12,96711633908,🌻锅包肉,提前关注=额外100宵夜,[等级24],[粉丝团 Lv11]
2026-05-11 23:13:12,63923380376,识人,提前关注=额外100宵夜,[等级10],[粉丝团 Lv6]
2026-05-11 23:13:12,4295115881845472,乘风破浪🏄‍♂️,提前关注=额外100宵夜,[等级18],
2026-05-11 23:13:12,30384348213603,✓🈶,提前关注=额外100宵夜,[等级11],[粉丝团 Lv5]
2026-05-11 23:13:12,7523857677438846010,用户2022371381228,提前关注=额外100宵夜,,
2026-05-11 23:13:13,102805062095,小輝哥,提前关注=额外100宵夜,[等级25],[粉丝团 Lv11]
2026-05-11 23:13:13,91579650356,轩の父,提前关注=额外100宵夜,[等级10],[粉丝团 Lv5]
2026-05-11 23:13:14,3167034991449480,Zero💰,提前关注=额外100宵夜,[等级3],[粉丝团 Lv3]
2026-05-11 23:13:14,176378123654503,消失的温度,提前关注=额外100宵夜,[等级3],
2026-05-11 23:13:14,111208521241,用护588876543210,提前关注=额外100宵夜,[等级28],[粉丝团 Lv10]
2026-05-11 23:13:14,101454380972,不想懂得,提前关注=额外100宵夜,[等级7],
2026-05-11 23:13:14,109003197531,紫云贵,提前关注=额外100宵夜,[等级28],[粉丝团 Lv2]
2026-05-11 23:13:14,145602322895255,奕的邓,提前关注=额外100宵夜,[等级12],[粉丝团 Lv11]
2026-05-11 23:13:14,2975753182907104,不汁民的人,提前关注=额外100宵夜,[等级13],
2026-05-11 23:13:14,103586277701,再等冬天,提前关注=额外100宵夜,[等级8],[粉丝团 Lv5]
2026-05-11 23:13:14,83189187323,陌🎶,提前关注=额外100宵夜,[等级15],[粉丝团 Lv11]
2026-05-11 23:13:14,67774983971,空格键-,提前关注=额外100宵夜,[等级22],[粉丝团 Lv5]
2026-05-11 23:13:14,2825095081891113,用户2923034351152,提前关注=额外100宵夜,[等级5],[粉丝团 Lv8]
2026-05-11 23:13:14,98161089214,sansheng♡sanshi,提前关注=额外100宵夜,[等级25],[粉丝团 Lv11]
2026-05-11 23:13:14,1842414218391980,噜噜脸,提前关注=额外100宵夜,[等级17],[粉丝团 Lv10]
2026-05-11 23:13:14,99149446516,宗介的啵妞🍼,提前关注=额外100宵夜,[等级15],[粉丝团 Lv11]
2026-05-11 23:13:14,101879848553,Tenacity、少年°,提前关注=额外100宵夜,[等级7],[粉丝团 Lv5]
2026-05-11 23:13:15,96816298315,开饭开饭开饭,提前关注=额外100宵夜,[等级33],[粉丝团 Lv10]
2026-05-11 23:13:16,3755587882982503,兹,提前关注=额外100宵夜,[等级34],[粉丝团 Lv8]
2026-05-11 23:13:16,3255016213459400,东北不冷,提前关注=额外100宵夜,[等级21],[粉丝团 Lv13]
2026-05-11 23:13:16,63249500208,小白很奈斯呦,提前关注=额外100宵夜,[等级25],[粉丝团 Lv12]
2026-05-11 23:13:16,65674487731,落尘,提前关注=额外100宵夜,[等级1],
2026-05-11 23:13:16,734081810174456,张饼干,提前关注=额外100宵夜,[等级9],[粉丝团 Lv6]
2026-05-11 23:13:16,93168870476,S,提前关注=额外100宵夜,[等级17],
2026-05-11 23:13:16,97330506687,有缘路人,提前关注=额外100宵夜,[等级28],[粉丝团 Lv11]
2026-05-11 23:13:17,98294304169,、向风而行,提前关注=额外100宵夜,[等级7],[粉丝团 Lv1]
2026-05-11 23:13:17,62569991060,安芈修🍃ζั,提前关注=额外100宵夜,[等级2],
2026-05-11 23:13:18,84228438963,吞云,提前关注=额外100宵夜,[等级29],[粉丝团 Lv3]
2026-05-11 23:13:18,62279150672,静静,提前关注=额外100宵夜,[等级23],[粉丝团 Lv11]
2026-05-11 23:13:18,4811022678510,18🎣,提前关注=额外100宵夜,[等级14],
2026-05-11 23:13:18,66194381137,天真半糖🌙似月,提前关注=额外100宵夜,[等级20],[粉丝团 Lv10]
2026-05-11 23:13:18,93730206581,蟹老板,提前关注=额外100宵夜,[等级5],
2026-05-11 23:13:18,99516146659,仙女家的小阿辛,提前关注=额外100宵夜,[等级7],
2026-05-11 23:13:18,104187620532,˗ˋˏ芋泥啵啵冰ˎˊ,提前关注=额外100宵夜,[等级8],[粉丝团 Lv5]
2026-05-11 23:13:18,67122464302,电击小子1,提前关注=额外100宵夜,[等级5],[粉丝团 Lv5]
2026-05-11 23:13:18,2040347078690014,💰懒得想名字💰,提前关注=额外100宵夜,[等级13],
2026-05-11 23:13:18,2686801032787799,L。,提前关注=额外100宵夜,[等级8],[粉丝团 Lv7]
2026-05-11 23:13:18,93953379637,土豆,提前关注=额外100宵夜,[等级13],[粉丝团 Lv2]
2026-05-11 23:13:18,60523777280,夏般,提前关注=额外100宵夜,[等级20],[粉丝团 Lv11]
2026-05-11 23:13:19,64051745934,玉面大帝,提前关注=额外100宵夜,[等级14],
2026-05-11 23:13:19,387449305175373,吾家有女,提前关注=额外100宵夜,[等级20],
2026-05-11 23:13:20,3184626577180701,梧๑,提前关注=额外100宵夜,[等级10],[粉丝团 Lv5]
2026-05-11 23:13:20,4397679354064495,铭都,提前关注=额外100宵夜,[等级32],[粉丝团 Lv2]
2026-05-11 23:13:20,200590403310275,「十九序·昭煦」,提前关注=额外100宵夜,[等级7],
2026-05-11 23:13:20,69167460456,Sunshine南风,提前关注=额外100宵夜,[等级24],[粉丝团 Lv11]
2026-05-11 23:13:20,97462454980,妮美式吧,提前关注=额外100宵夜,[等级12],[粉丝团 Lv1]
2026-05-11 23:13:21,95057948694,👉🏾魏你婷留,提前关注=额外100宵夜,[等级13],[粉丝团 Lv11]
2026-05-11 23:13:21,94484040922,葡梨丝🌻,提前关注=额外100宵夜,[等级5],[粉丝团 Lv2]
2026-05-11 23:13:21,95243885599,◑.◑,提前关注=额外100宵夜,[等级11],
2026-05-11 23:13:21,2745913310450539,！,提前关注=额外100宵夜,[等级7],[粉丝团 Lv8]
2026-05-11 23:13:21,4330320094040795,喜悦恨,提前关注=额外100宵夜,[等级12],
2026-05-11 23:13:21,100058972550,AUG科普,提前关注=额外100宵夜,[等级20],
2026-05-11 23:13:21,593327668346155,梦,提前关注=额外100宵夜,[等级15],[粉丝团 Lv11]
2026-05-11 23:13:21,1292659685080952,__Smileヾ迷惘c,提前关注=额外100宵夜,[等级17],[粉丝团 Lv7]
2026-05-11 23:13:21,71365739547,麦计西,提前关注=额外100宵夜,[等级20],[粉丝团 Lv9]
2026-05-11 23:13:21,3556283947167949,邱邱🇨🇳,提前关注=额外100宵夜,[等级29],[粉丝团 Lv6]
2026-05-11 23:13:21,61522399012,ω·𝓙𝓾𝓵³¹ 𝓒𝓮𝓞♌,提前关注=额外100宵夜,[等级36],[粉丝团 Lv7]
2026-05-11 23:13:21,396300198617742,别具一格1,提前关注=额外100宵夜,[等级1],
2026-05-11 23:13:21,2115896037876829,西兰花🥦,提前关注=额外100宵夜,[等级6],[粉丝团 Lv3]
2026-05-11 23:13:21,83703127277,灬探路灬,提前关注=额外100宵夜,[等级16],[粉丝团 Lv8]
2026-05-11 23:13:21,74915143519,晴天,提前关注=额外100宵夜,[等级12],[粉丝团 Lv10]
2026-05-11 23:13:21,553749124219751,市井小民,提前关注=额外100宵夜,[等级22],[粉丝团 Lv1]
2026-05-11 23:13:22,50480978308,晓锦,提前关注=额外100宵夜,[等级23],[粉丝团 Lv11]
2026-05-11 23:13:22,2515331991211789,jiojio 牌惠灵顿,提前关注=额外100宵夜,[等级22],[粉丝团 Lv10]
2026-05-11 23:13:22,105395336979,我姓尤却游不进你的心。,提前关注=额外100宵夜,[等级13],[粉丝团 Lv1]
2026-05-11 23:13:22,106054295032,暴揍壮壮爸,提前关注=额外100宵夜,[等级15],[粉丝团 Lv10]
2026-05-11 23:13:22,1706030239060376,葡萄Miyo,提前关注=额外100宵夜,[等级31],
2026-05-11 23:13:22,954796698776592,多财এ多亿᭄,提前关注=额外100宵夜,[等级19],[粉丝团 Lv9]
2026-05-11 23:13:22,63802242756,🕊💞ღ何᭄颜ꦿ꯭悦ꦿ色᭄,提前关注=额外100宵夜,[等级15],[粉丝团 Lv5]
2026-05-11 23:13:22,60984929193,嗯啦啦,提前关注=额外100宵夜,[等级9],[粉丝团 Lv3]
2026-05-11 23:13:23,82749379936,归宿。,提前关注=额外100宵夜,[等级30],[粉丝团 Lv4]
2026-05-11 23:13:23,93157673495,123,提前关注=额外100宵夜,[等级2],[粉丝团 Lv3]
2026-05-11 23:13:23,2330615895294312,wei嗯,提前关注=额外100宵夜,[等级12],[粉丝团 Lv11]
2026-05-11 23:13:24,2093067748255504,@？～￥￥￥￥ycfx,提前关注=额外100宵夜,[等级13],[粉丝团 Lv13]
2026-05-11 23:13:24,62345880536,昔日的足迹¹⁷⁸⁰⁹⁷⁴⁸⁸⁸⁶,提前关注=额外100宵夜,[等级16],
2026-05-11 23:13:24,3025488582294387,用户6205584704829,提前关注=额外100宵夜,[等级24],[粉丝团 Lv4]
2026-05-11 23:13:24,104503513163,3211,提前关注=额外100宵夜,[等级15],
2026-05-11 23:13:24,2852576698055171,你所見即我.,提前关注=额外100宵夜,[等级10],[粉丝团 Lv6]
2026-05-11 23:13:25,75769340562,周大侠🏀,提前关注=额外100宵夜,[等级5],
2026-05-11 23:13:25,99194094321,爱与海,提前关注=额外100宵夜,[等级5],
2026-05-11 23:13:25,4142551257070440,沉默雕塑,提前关注=额外100宵夜,[等级1],[粉丝团 Lv3]
2026-05-11 23:13:25,100602309084,田加凡欠钱不还打电话不接消息不回,提前关注=额外100宵夜,[等级2],
2026-05-11 23:13:26,72171633317,乐夫🌝᭄鄧,提前关注=额外100宵夜,[等级7],
2026-05-11 23:13:26,1364927701072970,🌈小杰,提前关注=额外100宵夜,[等级14],
2026-05-11 23:13:26,565588679201224,小华同学,提前关注=额外100宵夜,[等级5],
2026-05-11 23:13:26,3681620701753863,小样🌸,提前关注=额外100宵夜,[等级9],
2026-05-11 23:13:26,60810776162,抱着酒瓶的男人,提前关注=额外100宵夜,[等级6],
2026-05-11 23:13:26,1429810226670871,🌈🌈🌈🌈🌈🌈🌈🌈🌈🌈,提前关注=额外100宵夜,[等级4],
2026-05-11 23:13:26,72091587856,懒得讲,提前关注=额外100宵夜,[等级30],[粉丝团 Lv6]
2026-05-11 23:13:26,102048809724,财神散人,提前关注=额外100宵夜,[等级6],
2026-05-11 23:13:26,75857155527,抖友,提前关注=额外100宵夜,[等级14],[粉丝团 Lv5]
2026-05-11 23:13:26,59183129068,小龙龙,提前关注=额外100宵夜,[等级17],[粉丝团 Lv10]
2026-05-11 23:13:26,2216224692634589,十页,提前关注=额外100宵夜,,
2026-05-11 23:13:26,72835663308,好家伙🍀,提前关注=额外100宵夜,[等级8],[粉丝团 Lv1]
2026-05-11 23:13:26,97550654477,上善若水,提前关注=额外100宵夜,,
2026-05-11 23:13:27,60810525547,❤️,提前关注=额外100宵夜,[等级10],[粉丝团 Lv2]
2026-05-11 23:13:27,86559127826,🏃动物园扛把子✨,提前关注=额外100宵夜,[等级24],[粉丝团 Lv12]
2026-05-11 23:13:27,62269261963,a张明旭🇨🇳(多吉),提前关注=额外100宵夜,[等级18],[粉丝团 Lv8]
2026-05-11 23:13:28,96380601826,ババ,提前关注=额外100宵夜,[等级12],
2026-05-11 23:13:28,59651163082,不吃辣的胡建人,提前关注=额外100宵夜,[等级42],
2026-05-11 23:13:28,52633839150,你的样子👑,提前关注=额外100宵夜,[等级10],[粉丝团 Lv2]
2026-05-11 23:13:28,826440347555959,川大大,提前关注=额外100宵夜,[等级13],[粉丝团 Lv2]
2026-05-11 23:13:28,100158075829,͏͏ ͏,提前关注=额外100宵夜,[等级31],
2026-05-11 23:13:28,3658824635126603,YZT简单,提前关注=额外100宵夜,[等级7],[粉丝团 Lv1]
2026-05-11 23:13:28,794263119464381,用户4550103014106,提前关注=额外100宵夜,,
2026-05-11 23:13:28,1947926994888779,问道，,提前关注=额外100宵夜,[等级14],[粉丝团 Lv10]
2026-05-11 23:13:29,1926808333191368,钦锅,提前关注=额外100宵夜,[等级2],
2026-05-11 23:13:29,3245360587487198,陈先生╮,提前关注=额外100宵夜,[等级2],
2026-05-11 23:13:29,842696646206393,向快乐出发,提前关注=额外100宵夜,,
2026-05-11 23:13:29,98789800604,【萬LIFE】车安伟,提前关注=额外100宵夜,[等级11],
2026-05-11 23:13:29,111189142209,蝶梦,提前关注=额外100宵夜,[等级8],[粉丝团 Lv7]
2026-05-11 23:13:29,69720835228,@☜,提前关注=额外100宵夜,[等级18],
2026-05-11 23:13:29,97154205484,🐉,提前关注=额外100宵夜,[等级17],
2026-05-11 23:13:29,111406064048,jack lee,提前关注=额外100宵夜,[等级12],[粉丝团 Lv2]
2026-05-11 23:13:30,103829635573,请叫我小海哥,提前关注=额外100宵夜,[等级3],
2026-05-11 23:13:30,100415074088,美丽性感赖格宝,提前关注=额外100宵夜,[等级10],
2026-05-11 23:13:30,2884751279037736,夜✘中＆莹@火,提前关注=额外100宵夜,[等级20],[粉丝团 Lv15]
2026-05-11 23:13:30,96936486377,遇见,提前关注=额外100宵夜,[等级20],
2026-05-11 23:13:30,61963381297,悆,提前关注=额外100宵夜,[等级14],[粉丝团 Lv4]
2026-05-11 23:13:31,2815226878369992,烟,提前关注=额外100宵夜,[等级12],[粉丝团 Lv11]
2026-05-11 23:13:31,74905826632,李北安,提前关注=额外100宵夜,[等级23],[粉丝团 Lv4]
2026-05-11 23:13:31,553799750258989,风云,提前关注=额外100宵夜,[等级6],
2026-05-11 23:13:31,59207653392,邹,提前关注=额外100宵夜,[等级16],[粉丝团 Lv5]
2026-05-11 23:13:31,2343794431762279,🎈上上签,提前关注=额外100宵夜,,
2026-05-11 23:13:31,66624217824,᭄自由ঞৣঁ如风᭄🍻,提前关注=额外100宵夜,[等级14],[粉丝团 Lv6]
2026-05-11 23:13:31,98144493117,哼哼哈嘿,提前关注=额外100宵夜,[等级11],[粉丝团 Lv1]
2026-05-11 23:13:31,65526231743,加油,提前关注=额外100宵夜,[等级3],
2026-05-11 23:13:31,3377307667936127,南糖,提前关注=额外100宵夜,[等级21],[粉丝团 Lv5]
2026-05-11 23:13:32,104673975169,༿浅笑༧༿༾梨花落༾,提前关注=额外100宵夜,[等级16],[粉丝团 Lv7]
2026-05-11 23:13:32,81471372959,噢,提前关注=额外100宵夜,[等级12],[粉丝团 Lv11]
2026-05-11 23:13:33,88748661360,十一丷,提前关注=额外100宵夜,[等级18],
2026-05-11 23:13:33,3985069260153027,张老三。,提前关注=额外100宵夜,,
2026-05-11 23:13:33,104885423613,🌈朝廷的赈灾粮,提前关注=额外100宵夜,[等级3],[粉丝团 Lv7]
2026-05-11 23:13:33,2030123477117867,小混蛋,提前关注=额外100宵夜,[等级5],
2026-05-11 23:13:33,60293028229,中国队长,提前关注=额外100宵夜,[等级7],[粉丝团 Lv2]
2026-05-11 23:13:33,2593121794786939,陌冰（重生）,提前关注=额外100宵夜,[等级14],[粉丝团 Lv3]
2026-05-11 23:13:34,3223387867715868,不熬夜,提前关注=额外100宵夜,[等级15],[粉丝团 Lv1]
2026-05-11 23:13:35,1763256623433064,事后一根烟,提前关注=额外100宵夜,[等级20],
2026-05-11 23:13:35,2678864722789469,不开心就喝敌敌畏,提前关注=额外100宵夜,[等级7],
2026-05-11 23:13:35,3377334501516344,虾仁猪心(˃ ⌑ ˂ഃ ),提前关注=额外100宵夜,[等级19],[粉丝团 Lv5]
2026-05-11 23:13:35,3910295281219911,凌海晨,提前关注=额外100宵夜,,
2026-05-11 23:13:35,99187365551,晚夜,提前关注=额外100宵夜,[等级10],[粉丝团 Lv5]
2026-05-11 23:13:35,100941421581,迁就你一生*,提前关注=额外100宵夜,[等级13],[粉丝团 Lv10]
2026-05-11 23:13:35,109603859863,牵你的左手,提前关注=额外100宵夜,[等级17],[粉丝团 Lv10]
2026-05-11 23:13:36,101935539385,铥娜鯹埿,提前关注=额外100宵夜,[等级2],
2026-05-11 23:13:36,111556925318,🌈钓泥公龟丢那猩,提前关注=额外100宵夜,[等级7],
2026-05-11 23:13:37,188730050092743,用户39360008,提前关注=额外100宵夜,[等级10],[粉丝团 Lv10]
2026-05-11 23:13:37,3525470004450361,邓憨憨,提前关注=额外100宵夜,[等级10],[粉丝团 Lv10]
2026-05-11 23:13:37,1934756770227812,🌈九门提督,提前关注=额外100宵夜,[等级27],[粉丝团 Lv14]
2026-05-11 23:13:37,2846016610243240,～随风～,提前关注=额外100宵夜,[等级17],
2026-05-11 23:13:40,74091077774,关你什么柿,提前关注=额外100宵夜,[等级13],[粉丝团 Lv11]
2026-05-11 23:13:40,108955311880,餐饮人,提前关注=额外100宵夜,[等级17],[粉丝团 Lv11]
2026-05-11 23:13:40,75827996314,蔬菜三鲜,提前关注=额外100宵夜,[等级22],[粉丝团 Lv4]
2026-05-11 23:13:40,74879918810,上上签,提前关注=额外100宵夜,[等级11],[粉丝团 Lv11]
2026-05-11 23:13:40,4407298673882495,LY,提前关注=额外100宵夜,[等级3],
2026-05-11 23:13:40,76431538804,wi-,提前关注=额外100宵夜,[等级15],[粉丝团 Lv10]
2026-05-11 23:13:40,71426331325,K、T,提前关注=额外100宵夜,[等级10],[粉丝团 Lv1]
2026-05-11 23:13:40,95575139431,谢,提前关注=额外100宵夜,[等级14],
2026-05-11 23:13:40,97844426153,💕陈陈,提前关注=额外100宵夜,[等级12],[粉丝团 Lv7]
2026-05-11 23:13:41,101192411112,Aゞ 欧欧゜💕,提前关注=额外100宵夜,[等级8],[粉丝团 Lv3]
2026-05-11 23:13:41,479016390761756,听风的鲸࿚໌້ᮨ,提前关注=额外100宵夜,[等级16],[粉丝团 Lv2]
2026-05-11 23:13:41,3954284579260868,许华升好物推荐,提前关注=额外100宵夜,[等级1],
2026-05-11 23:13:41,308286100865901,家里小成员石榴,提前关注=额外100宵夜,[等级12],[粉丝团 Lv8]
2026-05-11 23:13:41,4010637273597959,小肖同志,提前关注=额外100宵夜,[等级11],
2026-05-11 23:13:41,95602531295,石头,提前关注=额外100宵夜,,
2026-05-11 23:13:41,63135597695,百万富猫,提前关注=额外100宵夜,[等级11],[粉丝团 Lv6]
2026-05-11 23:13:41,73327583532,你闹什么,提前关注=额外100宵夜,[等级12],[粉丝团 Lv7]
2026-05-11 23:13:42,443847322634212,芭比Q了,提前关注=额外100宵夜,,
2026-05-11 23:13:42,62704835874,0糖0卡,提前关注=额外100宵夜,[等级8],[粉丝团 Lv3]
2026-05-11 23:13:42,59958431840,钱多多🍸,提前关注=额外100宵夜,[等级19],[粉丝团 Lv10]
2026-05-11 23:13:43,75406127231,無情,提前关注=额外100宵夜,[等级31],[粉丝团 Lv9]
2026-05-11 23:13:43,2005953337364083,🍁,提前关注=额外100宵夜,[等级23],[粉丝团 Lv12]
2026-05-11 23:13:43,72530575175,AAK,提前关注=额外100宵夜,[等级29],[粉丝团 Lv10]
2026-05-11 23:13:43,2716218822768844,必须加油,提前关注=额外100宵夜,[等级15],[粉丝团 Lv2]
2026-05-11 23:13:43,4358077448723815,墨盒,提前关注=额外100宵夜,[等级4],
2026-05-11 23:13:43,2365786792144975,流年笑掷,提前关注=额外100宵夜,[等级13],[粉丝团 Lv1]
2026-05-11 23:13:43,70815804538,邓哥,提前关注=额外100宵夜,[等级12],[粉丝团 Lv4]
2026-05-11 23:13:43,3072497656541460,007,提前关注=额外100宵夜,[等级19],[粉丝团 Lv6]
2026-05-11 23:13:43,103616874329,太有才了,提前关注=额外100宵夜,[等级10],[粉丝团 Lv11]
2026-05-11 23:13:43,1697247994849419,僔僧,提前关注=额外100宵夜,,
2026-05-11 23:13:44,79770803908,偷偷转个圈😏^_^,提前关注=额外100宵夜,[等级7],
2026-05-11 23:13:44,7589785441424114747,用户8771738608329,提前关注=额外100宵夜,[等级2],
2026-05-11 23:13:44,3940246886840095,你才是冰块,提前关注=额外100宵夜,[等级4],
2026-05-11 23:13:44,1750047908434414,往事随风而逝,提前关注=额外100宵夜,[等级23],[粉丝团 Lv12]
2026-05-11 23:13:44,95950215921,珊珊来迟,提前关注=额外100宵夜,[等级12],[粉丝团 Lv2]
2026-05-11 23:13:45,95792020636,a不吃饭,提前关注=额外100宵夜,[等级2],
2026-05-11 23:13:45,4356733810253932,🐼,提前关注=额外100宵夜,[等级29],
2026-05-11 23:13:45,92996953883,我只愿,提前关注=额外100宵夜,[等级3],[粉丝团 Lv3]
2026-05-11 23:13:45,3531260738930851,🛁,提前关注=额外100宵夜,[等级13],[粉丝团 Lv2]
2026-05-11 23:13:47,1855600228573933,香烟会说话,提前关注=额外100宵夜,[等级1],
2026-05-11 23:13:47,22687115830,愿与终、,提前关注=额外100宵夜,[等级19],[粉丝团 Lv13]
2026-05-11 23:13:47,888877934459624,🇨🇳夨坕,提前关注=额外100宵夜,[等级33],[粉丝团 Lv9]
2026-05-11 23:13:47,93016544296,Ö椰,提前关注=额外100宵夜,[等级10],[粉丝团 Lv8]
2026-05-11 23:13:47,105139455836,四川意阳酒店用品商厨设备,提前关注=额外100宵夜,[等级11],
2026-05-11 23:13:49,95438835289,如🐟得 水,提前关注=额外100宵夜,[等级36],[粉丝团 Lv10]
2026-05-11 23:13:49,4376484488429220,fiveG冲浪选手,提前关注=额外100宵夜,[等级15],[粉丝团 Lv9]
2026-05-11 23:13:49,4495267497252631,只对ぃ你谈爱,提前关注=额外100宵夜,[等级8],[粉丝团 Lv7]
2026-05-11 23:13:49,2720630805632489,晚了个安,提前关注=额外100宵夜,[等级26],
2026-05-11 23:13:49,101926350513,军,提前关注=额外100宵夜,[等级11],
2026-05-11 23:13:49,3579599418298564,惠州老陈,提前关注=额外100宵夜,[等级16],[粉丝团 Lv10]
2026-05-11 23:13:50,61748084992,川沙贝贝贝贝贝贝,提前关注=额外100宵夜,[等级19],[粉丝团 Lv10]
2026-05-11 23:13:50,102434549839,番茄🍅酱,提前关注=额外100宵夜,[等级12],[粉丝团 Lv4]
2026-05-11 23:13:50,96246027069,岁月静好！！！,提前关注=额外100宵夜,[等级15],
2026-05-11 23:13:50,3404546195856043,Am,提前关注=额外100宵夜,[等级1],
2026-05-11 23:13:50,63805983487,糖宝,提前关注=额外100宵夜,[等级10],
2026-05-11 23:13:50,2009537267897319,中国伟业,提前关注=额外100宵夜,[等级4],
2026-05-11 23:13:50,58599130583,💐风情万种的姥爷🌾,提前关注=额外100宵夜,[等级35],[粉丝团 Lv3]
2026-05-11 23:13:50,59680630068,摸着蛤蟆过河,提前关注=额外100宵夜,[等级23],[粉丝团 Lv10]
2026-05-11 23:13:50,73902685518,爱打篮球的双胞胎,提前关注=额外100宵夜,[等级5],
2026-05-11 23:13:50,1011168572613694,黑帝国,提前关注=额外100宵夜,[等级2],
2026-05-11 23:13:51,83767145664,江河,提前关注=额外100宵夜,[等级20],[粉丝团 Lv1]
2026-05-11 23:13:51,563402577554764,不会打碟的DJ,提前关注=额外100宵夜,[等级4],
2026-05-11 23:13:51,71657626580,爱晒太阳de狼,提前关注=额外100宵夜,[等级15],[粉丝团 Lv10]
2026-05-11 23:13:51,109218273118,天崖🍊,提前关注=额外100宵夜,[等级27],[粉丝团 Lv10]
2026-05-11 23:13:52,96867759833,WBwnn,提前关注=额外100宵夜,[等级19],
2026-05-11 23:13:52,2276405920669139,可乐，土豆,提前关注=额外100宵夜,[等级4],[粉丝团 Lv2]
2026-05-11 23:13:52,96828030119,💞穆℘࿐ᩚ沈℘࿐ᩚ,提前关注=额外100宵夜,[等级12],[粉丝团 Lv2]
2026-05-11 23:13:53,93668321051,笑👀红尘,提前关注=额外100宵夜,[等级32],
2026-05-11 23:13:53,99548245107,Felix,提前关注=额外100宵夜,[等级18],[粉丝团 Lv11]
2026-05-11 23:13:54,3795136668767928,🤡,提前关注=额外100宵夜,[等级3],
2026-05-11 23:13:54,25768459163,XUETTING7ᐡ,提前关注=额外100宵夜,[等级2],
2026-05-11 23:13:54,339094652067566,哈哈！！！,提前关注=额外100宵夜,[等级14],
2026-05-11 23:13:54,7589236403420021809,小满,提前关注=额外100宵夜,,
2026-05-11 23:13:54,62759221803,郭佳-海友水族,提前关注=额外100宵夜,[等级11],
2026-05-11 23:13:56,96654996045,₍₍Ϡ(੭•̀ω•́)੭✧⃛,提前关注=额外100宵夜,[等级8],[粉丝团 Lv10]
2026-05-11 23:13:56,68321774445,黎,提前关注=额外100宵夜,[等级36],[粉丝团 Lv13]
2026-05-11 23:13:56,4206056597891769,九太子,提前关注=额外100宵夜,[等级1],[粉丝团 Lv1]
2026-05-11 23:13:56,71802765322,保温杯🇨🇳,提前关注=额外100宵夜,[等级5],
2026-05-11 23:13:56,4485625251892696,伊瑞,提前关注=额外100宵夜,[等级19],[粉丝团 Lv12]
2026-05-11 23:13:56,1689279221466542,龐,提前关注=额外100宵夜,[等级10],
2026-05-11 23:13:56,2269037053349927,邓宇川,提前关注=额外100宵夜,[等级7],
2026-05-11 23:13:56,110728065410,用户4333573913341,提前关注=额外100宵夜,[等级5],[粉丝团 Lv3]
2026-05-11 23:13:56,92979001880,ㅤㅤㅤㅤㅤㅤㅤㅤㅤㅤㅤㅤㅤLayMan·,提前关注=额外100宵夜,[等级14],[粉丝团 Lv9]
2026-05-11 23:13:56,10390572608,格局打开,提前关注=额外100宵夜,[等级13],[粉丝团 Lv8]
2026-05-11 23:13:56,4424880030497976,成都蓉城死忠球迷,提前关注=额外100宵夜,[等级16],[粉丝团 Lv3]
2026-05-11 23:13:56,4169765673766237,清清子·🖤,提前关注=额外100宵夜,[等级7],
2026-05-11 23:13:59,2221436905194493,L-OuO,提前关注=额外100宵夜,[等级8],
2026-05-11 23:13:59,1205533274800411,吃饱再睡,提前关注=额外100宵夜,[等级9],[粉丝团 Lv9]
2026-05-11 23:13:59,3267381653681741,王先生呀,提前关注=额外100宵夜,[等级30],[粉丝团 Lv14]
2026-05-11 23:14:00,70800997813,哈哈～,提前关注=额外100宵夜,[等级19],[粉丝团 Lv13]
2026-05-11 23:14:01,61138054384,桃谷,提前关注=额外100宵夜,[等级25],[粉丝团 Lv10]
2026-05-11 23:14:01,52336828680,小艾,提前关注=额外100宵夜,[等级22],[粉丝团 Lv15]
2026-05-11 23:14:01,68187156437,龙哥,提前关注=额外100宵夜,[等级16],
2026-05-11 23:14:01,1110948984401795,呆橘🍊,提前关注=额外100宵夜,[等级31],
2026-05-11 23:14:01,88954175860,用户8243837585005向爷,提前关注=额外100宵夜,[等级6],
2026-05-11 23:14:01,10837952976,💫✨文🇨🇳,提前关注=额外100宵夜,[等级20],[粉丝团 Lv1]
2026-05-11 23:14:02,3246206103860215,Hust,提前关注=额外100宵夜,[等级28],[粉丝团 Lv10]
2026-05-11 23:14:02,93116522578,禁止熬夜⚠️,提前关注=额外100宵夜,[等级22],
2026-05-11 23:14:02,88002985014,纸飞机,提前关注=额外100宵夜,[等级7],
2026-05-11 23:14:04,104255375834,LJH,提前关注=额外100宵夜,[等级5],
2026-05-11 23:14:04,417405069436196,詹姆斯的小迷弟,提前关注=额外100宵夜,[等级12],[粉丝团 Lv6]
2026-05-11 23:14:04,97566891720,玖玖,提前关注=额外100宵夜,[等级6],
2026-05-11 23:14:04,78762229113773,@乘风破浪&,提前关注=额外100宵夜,[等级14],
2026-05-11 23:14:05,56431115556,哥的世界你不配,提前关注=额外100宵夜,[等级28],[粉丝团 Lv7]
2026-05-11 23:14:05,4455644273583019,康康😍,提前关注=额外100宵夜,[等级12],[粉丝团 Lv2]
2026-05-11 23:14:05,3118670421442236,雨天头痛,提前关注=额外100宵夜,[等级2],[粉丝团 Lv5]
2026-05-11 23:14:06,106774499090,蔚然成风,提前关注=额外100宵夜,[等级3],
2026-05-11 23:14:06,100263152596,八方来财,提前关注=额外100宵夜,[等级19],[粉丝团 Lv11]
2026-05-11 23:14:06,896837157652727,注定,提前关注=额外100宵夜,[等级24],[粉丝团 Lv10]
2026-05-11 23:14:06,14022204921,麻将得嘛,提前关注=额外100宵夜,[等级6],[粉丝团 Lv6]
2026-05-11 23:14:06,3720361421315693,就说你不会,提前关注=额外100宵夜,[等级4],[粉丝团 Lv6]
2026-05-11 23:14:06,85184880987,愿:-C,提前关注=额外100宵夜,[等级7],
2026-05-11 23:14:06,14747427794,动漫系,提前关注=额外100宵夜,[等级8],
2026-05-11 23:14:08,4441662307701911,杰哥,提前关注=额外100宵夜,[等级6],[粉丝团 Lv4]
2026-05-11 23:14:09,77535939988,山月不知心底事,提前关注=额外100宵夜,[等级14],[粉丝团 Lv2]
2026-05-11 23:14:09,78630005685,壹呀。,提前关注=额外100宵夜,[等级6],[粉丝团 Lv5]
2026-05-11 23:14:10,826438908381876,6080,提前关注=额外100宵夜,[等级7],
2026-05-11 23:14:10,58676177928,小多,提前关注=额外100宵夜,[等级2],
2026-05-11 23:14:10,87118804948,天份,提前关注=额外100宵夜,[等级1],
2026-05-11 23:14:10,101457061140,嘦姕嫑忈ಇ᭄,提前关注=额外100宵夜,[等级39],
2026-05-11 23:14:10,2364389171659403,✨慕愷✨,提前关注=额外100宵夜,[等级18],[粉丝团 Lv11]
2026-05-11 23:14:10,2781139472507876,粉色麻油,提前关注=额外100宵夜,[等级7],[粉丝团 Lv1]
2026-05-11 23:14:11,77811873985,郭郭郭啊,提前关注=额外100宵夜,[等级11],[粉丝团 Lv1]
2026-05-11 23:14:11,59261159909,P,提前关注=额外100宵夜,[等级9],
2026-05-11 23:14:11,3474062197930564,杨工,提前关注=额外100宵夜,[等级33],[粉丝团 Lv4]
2026-05-11 23:14:11,7626046097862444090,高宇航的奶茶狗子快别来狗叫了,提前关注=额外100宵夜,,
2026-05-11 23:14:11,67997205030,韶☄ ☄ ☄,提前关注=额外100宵夜,[等级17],[粉丝团 Lv2]
2026-05-11 23:14:11,98884185928,摩羯言彦,提前关注=额外100宵夜,[等级26],[粉丝团 Lv11]
2026-05-11 23:14:11,1433378303257884,俏,提前关注=额外100宵夜,[等级11],
2026-05-11 23:14:14,552395129227545,纤一尘,提前关注=额外100宵夜,[等级2],
2026-05-11 23:14:14,2729463414533495,🕊꧔ꦿ᭄💞满眼星陈₅₂₀💞࿐,提前关注=额外100宵夜,[等级9],[粉丝团 Lv5]
2026-05-11 23:14:14,1987562844985852,红伞伞™,提前关注=额外100宵夜,[等级33],[粉丝团 Lv12]
2026-05-11 23:14:14,60047544879,呆了个呆,提前关注=额外100宵夜,[等级20],[粉丝团 Lv11]
2026-05-11 23:14:14,93106022390,biubiu~,提前关注=额外100宵夜,[等级4],
2026-05-11 23:14:14,98691481132,🇱,提前关注=额外100宵夜,[等级20],[粉丝团 Lv4]
2026-05-11 23:14:14,29007130657965,隔壁小王,提前关注=额外100宵夜,,
2026-05-11 23:14:15,100021596635,꒰ঌ佳+໒꒱,提前关注=额外100宵夜,[等级14],
2026-05-11 23:14:15,64254583425,累嘞,提前关注=额外100宵夜,[等级10],
2026-05-11 23:14:16,66325830959,肆意,提前关注=额外100宵夜,[等级22],[粉丝团 Lv10]
2026-05-11 23:14:16,71797983678,🌈🈚️🌈,提前关注=额外100宵夜,[等级18],[粉丝团 Lv4]
2026-05-11 23:14:17,105492103189,只想一生跟你走,提前关注=额外100宵夜,[等级18],[粉丝团 Lv2]
2026-05-11 23:14:17,2818792248058494,江湖.先生,提前关注=额外100宵夜,[等级26],[粉丝团 Lv3]
2026-05-11 23:14:18,3284933273193667,流云,提前关注=额外100宵夜,[等级23],[粉丝团 Lv8]
2026-05-11 23:14:18,72088081735,吕钦扬,提前关注=额外100宵夜,[等级19],
2026-05-11 23:14:18,61135305063,ღᩚ俗人,提前关注=额外100宵夜,[等级33],[粉丝团 Lv6]
2026-05-11 23:14:18,95723341278,NIE,提前关注=额外100宵夜,[等级6],
2026-05-11 23:14:18,98659457140,能有什么坏心思呢👦,提前关注=额外100宵夜,[等级12],[粉丝团 Lv2]
2026-05-11 23:14:18,2220669807887316,初笺,提前关注=额外100宵夜,[等级18],
2026-05-11 23:14:18,96937826158,老友🇨🇳,提前关注=额外100宵夜,[等级25],[粉丝团 Lv1]
2026-05-11 23:14:18,104710421430,逆风,提前关注=额外100宵夜,[等级25],[粉丝团 Lv2]
2026-05-11 23:14:19,55368874415,橘子味的西瓜,提前关注=额外100宵夜,[等级19],[粉丝团 Lv10]
2026-05-11 23:14:19,3727807254103449,姚总,提前关注=额外100宵夜,,
2026-05-11 23:14:20,93404173632,恬哥,提前关注=额外100宵夜,[等级12],
2026-05-11 23:14:20,98155902778,CHEN-,提前关注=额外100宵夜,[等级6],[粉丝团 Lv8]
2026-05-11 23:14:21,1437769119571534,Wait,提前关注=额外100宵夜,[等级20],
2026-05-11 23:14:21,3362740559688139,空 白,提前关注=额外100宵夜,[等级2],[粉丝团 Lv3]
2026-05-11 23:14:21,60783538214,💭Broken ້໌ᮩ♡̶²⁷,提前关注=额外100宵夜,[等级9],
2026-05-11 23:14:21,613973359596412,㊎八八一九,提前关注=额外100宵夜,[等级16],
2026-05-11 23:14:21,92992601606,是你的孟先生,提前关注=额外100宵夜,[等级2],
2026-05-11 23:14:21,68741973201,君💋君,提前关注=额外100宵夜,[等级1],
2026-05-11 23:14:21,1415770410320814,用,提前关注=额外100宵夜,[等级29],
2026-05-11 23:14:21,99433301216,超,提前关注=额外100宵夜,[等级7],
2026-05-11 23:14:21,93171998731,a屁桃,提前关注=额外100宵夜,[等级15],[粉丝团 Lv11]
2026-05-11 23:14:21,105594061301,牵着猪去裸奔,提前关注=额外100宵夜,[等级21],[粉丝团 Lv10]
2026-05-11 23:14:24,1099926415355758,烟丝,提前关注=额外100宵夜,,
2026-05-11 23:14:24,690942738701720,『冒昧』,提前关注=额外100宵夜,[等级16],[粉丝团 Lv11]
2026-05-11 23:14:25,2769037504032778,晨煦彗成,提前关注=额外100宵夜,[等级5],[粉丝团 Lv8]
2026-05-11 23:14:25,1047183347952088,拾依向暖,提前关注=额外100宵夜,[等级16],[粉丝团 Lv8]
2026-05-11 23:14:25,2502122785225212,LuYH,提前关注=额外100宵夜,[等级9],
2026-05-11 23:14:25,3584060277917949,大米粒,提前关注=额外100宵夜,[等级13],[粉丝团 Lv4]
2026-05-11 23:14:26,101759357134,f k y,提前关注=额外100宵夜,[等级20],[粉丝团 Lv10]
2026-05-11 23:14:26,101710370520,戀,提前关注=额外100宵夜,[等级40],[粉丝团 Lv1]
2026-05-11 23:14:26,2414951374533416,舒窈,提前关注=额外100宵夜,[等级20],[粉丝团 Lv11]
2026-05-11 23:14:26,95305635491,美好时光,提前关注=额外100宵夜,[等级18],[粉丝团 Lv8]
2026-05-11 23:14:26,4378688579962780,梦茴,提前关注=额外100宵夜,[等级8],
2026-05-11 23:14:26,2211851642092141,夏至,提前关注=额外100宵夜,[等级13],[粉丝团 Lv11]
2026-05-11 23:14:26,50883721471,🤹‍♀️奣.菿.烎.夯⬅️,提前关注=额外100宵夜,[等级34],[粉丝团 Lv13]
2026-05-11 23:14:27,97615029355,金灵世界,提前关注=额外100宵夜,[等级10],[粉丝团 Lv5]
2026-05-11 23:14:27,70584690404,疯子小刚,提前关注=额外100宵夜,[等级36],
2026-05-11 23:14:27,3201432431625392,噢蒽噢蒽,提前关注=额外100宵夜,[等级14],[粉丝团 Lv1]
2026-05-11 23:14:27,100451922412,无,提前关注=额外100宵夜,[等级1],
2026-05-11 23:14:27,92338098327,艾妃,提前关注=额外100宵夜,[等级3],
2026-05-11 23:14:28,104223145544,ckybst,提前关注=额外100宵夜,[等级15],[粉丝团 Lv9]
2026-05-11 23:14:28,3714615479634557,梦里偷时光,提前关注=额外100宵夜,[等级13],[粉丝团 Lv3]
2026-05-11 23:14:28,2905369106198536,Chase·Jungle,提前关注=额外100宵夜,[等级10],[粉丝团 Lv6]
2026-05-11 23:14:29,98788550218,夏乔安,提前关注=额外100宵夜,[等级3],
2026-05-11 23:14:29,109716670138,安然,提前关注=额外100宵夜,[等级3],
2026-05-11 23:14:29,91707198568,醉马🐴,提前关注=额外100宵夜,[等级22],[粉丝团 Lv12]
2026-05-11 23:14:31,65629314883,嘘_安静,提前关注=额外100宵夜,[等级20],[粉丝团 Lv9]
2026-05-11 23:14:31,93601227499,扬魁,提前关注=额外100宵夜,[等级14],[粉丝团 Lv3]
2026-05-11 23:14:31,99420194061,小张姑娘🐾,提前关注=额外100宵夜,[等级14],[粉丝团 Lv10]
2026-05-11 23:14:31,51700662261,安然^O^,提前关注=额外100宵夜,[等级8],[粉丝团 Lv6]
2026-05-11 23:14:31,64784341585,奉节二手车收售,提前关注=额外100宵夜,[等级24],[粉丝团 Lv3]
2026-05-11 23:14:31,68422483360,深情不及久伴,提前关注=额外100宵夜,[等级25],[粉丝团 Lv11]
2026-05-11 23:14:31,63034188085,『春天的河』♠︎♡,提前关注=额外100宵夜,[等级15],[粉丝团 Lv3]
2026-05-11 23:14:32,10294136468,张砚凌,提前关注=额外100宵夜,[等级2],
2026-05-11 23:14:32,4112616044901128,凉风_,提前关注=额外100宵夜,[等级13],[粉丝团 Lv5]
2026-05-11 23:14:32,2295379061910621,除了没钱啥都好,提前关注=额外100宵夜,[等级7],[粉丝团 Lv8]
2026-05-11 23:14:32,3496065010244484,诗.,提前关注=额外100宵夜,[等级26],[粉丝团 Lv13]
2026-05-11 23:14:33,52781723182,石先生.,提前关注=额外100宵夜,[等级13],[粉丝团 Lv7]
2026-05-11 23:14:33,102892771986,ℳ̶̶̶̶♡̶҉ 摘星꧔ꦿ℘,提前关注=额外100宵夜,[等级22],[粉丝团 Lv10]
2026-05-11 23:14:33,74719907703,🇨🇳粮商郝汉🇨🇳,提前关注=额外100宵夜,[等级23],[粉丝团 Lv1]
2026-05-11 23:14:35,519434450775096,一定要早起,提前关注=额外100宵夜,[等级12],[粉丝团 Lv11]
2026-05-11 23:14:35,66982918909,毛哥,提前关注=额外100宵夜,[等级27],[粉丝团 Lv10]
2026-05-11 23:14:35,80535370714,季节,提前关注=额外100宵夜,[等级39],[粉丝团 Lv5]
2026-05-11 23:14:35,4292110083163747,精神焕发🐂,提前关注=额外100宵夜,[等级21],[粉丝团 Lv2]
2026-05-11 23:14:35,85043065478,@馨琪,提前关注=额外100宵夜,[等级4],
2026-05-11 23:14:35,631532001166299,庄生梦醒了,提前关注=额外100宵夜,,
2026-05-11 23:14:35,3059272630929386,雨夜冷雨,提前关注=额外100宵夜,,
2026-05-11 23:14:36,483382126193964,弓长,提前关注=额外100宵夜,[等级19],[粉丝团 Lv10]
2026-05-11 23:14:36,75084932110,༊余温散尽🍃,提前关注=额外100宵夜,[等级8],
2026-05-11 23:14:36,61298227981,Qin_G,提前关注=额外100宵夜,[等级18],[粉丝团 Lv10]
2026-05-11 23:14:36,93163979551,果果,提前关注=额外100宵夜,[等级4],[粉丝团 Lv6]
2026-05-11 23:14:37,3825913431860920,迷茫,提前关注=额外100宵夜,[等级16],[粉丝团 Lv9]
2026-05-11 23:14:37,98311391504,默离小星陈,提前关注=额外100宵夜,[等级21],[粉丝团 Lv10]
2026-05-11 23:14:37,39201902968483,九溟,提前关注=额外100宵夜,[等级20],
2026-05-11 23:14:37,80408995377,星星星✨,提前关注=额外100宵夜,[等级3],[粉丝团 Lv3]
2026-05-11 23:14:37,83763003968,〝可乐不加冰,提前关注=额外100宵夜,[等级16],
2026-05-11 23:14:38,99317734788,QM,提前关注=额外100宵夜,[等级22],[粉丝团 Lv1]
2026-05-11 23:14:38,62556044936,钧澜未央,提前关注=额外100宵夜,[等级17],[粉丝团 Lv8]
2026-05-11 23:14:39,3179425765794862,朱先生,提前关注=额外100宵夜,[等级7],
2026-05-11 23:14:39,92090585009,好运来来,提前关注=额外100宵夜,[等级7],
2026-05-11 23:14:40,86754028351,👀洋来了,提前关注=额外100宵夜,[等级17],
2026-05-11 23:14:41,95097255938,y🤣,提前关注=额外100宵夜,[等级17],
2026-05-11 23:14:41,101434347518,🙈.,提前关注=额外100宵夜,[等级14],[粉丝团 Lv11]
2026-05-11 23:14:41,69262242193,*泡泡糖,提前关注=额外100宵夜,[等级2],
2026-05-11 23:14:41,96800023676,只要啤酒,提前关注=额外100宵夜,[等级31],[粉丝团 Lv3]
2026-05-11 23:14:41,99488655038,谨 言 慎 行,提前关注=额外100宵夜,[等级22],
2026-05-11 23:14:41,3288016513145914,＼,提前关注=额外100宵夜,,
2026-05-11 23:14:42,3782733050152087,一昂🐑,提前关注=额外100宵夜,[等级7],[粉丝团 Lv9]
2026-05-11 23:14:43,53637624389,得鹿梦鱼🐟,提前关注=额外100宵夜,[等级8],[粉丝团 Lv2]
2026-05-11 23:14:43,2950700742486894,沐浴露,提前关注=额外100宵夜,[等级8],
2026-05-11 23:14:43,63056364493,少年,提前关注=额外100宵夜,[等级15],
2026-05-11 23:14:43,77005728072,大抵是风吹过丶,提前关注=额外100宵夜,[等级6],[粉丝团 Lv1]
2026-05-11 23:14:43,1925946394542558,bond,提前关注=额外100宵夜,[等级20],
2026-05-11 23:14:43,281930901498107,ZK9949,提前关注=额外100宵夜,[等级23],[粉丝团 Lv10]
2026-05-11 23:14:43,378658126573005,心阳,提前关注=额外100宵夜,[等级16],[粉丝团 Lv3]
2026-05-11 23:14:45,96894228959,你的最爱鸭…！,提前关注=额外100宵夜,[等级8],[粉丝团 Lv7]
2026-05-11 23:14:45,1647497703341075,暴躁的山羊,提前关注=额外100宵夜,[等级15],[粉丝团 Lv5]
2026-05-11 23:14:45,2230236150242400,幽,提前关注=额外100宵夜,[等级31],[粉丝团 Lv12]
2026-05-11 23:14:45,78352225450,z,提前关注=额外100宵夜,[等级13],
2026-05-11 23:14:45,62072085675,啊懿（努力版）,提前关注=额外100宵夜,[等级14],[粉丝团 Lv2]
2026-05-11 23:14:45,7609872726371189817,太抑郁了凌晨两点半挖前女友骨灰粉泡茶提神,提前关注=额外100宵夜,[等级7],
2026-05-11 23:14:46,82353249337,茶客,提前关注=额外100宵夜,[等级25],[粉丝团 Lv2]
2026-05-11 23:14:46,63664292902,uTwTu,提前关注=额外100宵夜,[等级10],[粉丝团 Lv10]
2026-05-11 23:14:46,85581134720,@江先生（黔枢）,提前关注=额外100宵夜,[等级27],[粉丝团 Lv7]
2026-05-11 23:14:47,105618229594,DnR.H¹³¹,提前关注=额外100宵夜,[等级25],
2026-05-11 23:14:47,4382027712040683,十 1 娘,提前关注=额外100宵夜,,
2026-05-11 23:14:48,98361480693,美钞疯,提前关注=额外100宵夜,[等级15],[粉丝团 Lv3]
2026-05-11 23:14:48,1658531673280616,我是一个小学生,提前关注=额外100宵夜,[等级6],[粉丝团 Lv3]
2026-05-11 23:14:48,73069329092,搁浅,提前关注=额外100宵夜,[等级7],[粉丝团 Lv3]
2026-05-11 23:14:49,552391442702387,冬序十四·霁雪⁹²,提前关注=额外100宵夜,,
2026-05-11 23:14:49,78780549307,偌靉(安全员)99,提前关注=额外100宵夜,[等级21],[粉丝团 Lv10]
2026-05-11 23:14:49,4059014550796547,：𓆡𓆝𓆟𓆜依然,提前关注=额外100宵夜,[等级6],[粉丝团 Lv3]
2026-05-11 23:14:50,105428577714,🇨🇳转个弯就到󰠇,提前关注=额外100宵夜,[等级12],[粉丝团 Lv10]
2026-05-11 23:14:50,60965545605,艾新明🔥,提前关注=额外100宵夜,[等级23],
2026-05-11 23:14:50,4221728700765468,炫亮,提前关注=额外100宵夜,[等级20],[粉丝团 Lv12]
2026-05-11 23:14:50,59162316693,天。,提前关注=额外100宵夜,[等级5],
2026-05-11 23:14:51,3549651194625239,再加碗饭！,提前关注=额外100宵夜,[等级2],
2026-05-11 23:14:51,2701924113590364,山风,提前关注=额外100宵夜,[等级8],[粉丝团 Lv10]
2026-05-11 23:14:51,1091132895018231,—一,提前关注=额外100宵夜,[等级25],[粉丝团 Lv6]
2026-05-11 23:14:51,102172846454,⚘,提前关注=额外100宵夜,[等级5],
2026-05-11 23:14:51,1763271742590157,湉晨,提前关注=额外100宵夜,[等级19],[粉丝团 Lv10]
2026-05-11 23:14:51,1794841456156139,(っ◔◡◔)っ,提前关注=额外100宵夜,[等级2],[粉丝团 Lv5]
2026-05-11 23:14:52,408645929017076,跳过,提前关注=额外100宵夜,[等级14],[粉丝团 Lv5]
2026-05-11 23:14:52,4441642268888676,Gao,提前关注=额外100宵夜,[等级2],
2026-05-11 23:14:53,7442318742409184313,Vv恬,提前关注=额外100宵夜,[等级15],[粉丝团 Lv10]
2026-05-11 23:14:53,475448831917627,初恋🍂,提前关注=额外100宵夜,[等级24],[粉丝团 Lv10]
2026-05-11 23:14:53,68139327074,🫧🫧,提前关注=额外100宵夜,[等级20],[粉丝团 Lv13]
2026-05-11 23:14:53,64036246200,余音,提前关注=额外100宵夜,[等级30],[粉丝团 Lv12]
2026-05-11 23:14:54,1103558800058104,█,提前关注=额外100宵夜,[等级10],[粉丝团 Lv1]
2026-05-11 23:14:54,74615933977,༺峰哥༻,提前关注=额外100宵夜,[等级29],[粉丝团 Lv11]
2026-05-11 23:14:54,95664665738,大川,提前关注=额外100宵夜,[等级15],[粉丝团 Lv1]
2026-05-11 23:14:54,71016931914,御宣隆农产品,提前关注=额外100宵夜,[等级41],[粉丝团 Lv11]
2026-05-11 23:14:54,84381891916,十七日尾灯🍀,提前关注=额外100宵夜,[等级7],[粉丝团 Lv8]
2026-05-11 23:14:56,59269469627,唇,提前关注=额外100宵夜,[等级28],[粉丝团 Lv11]
2026-05-11 23:14:56,2148910869261440,C罗,提前关注=额外100宵夜,[等级9],[粉丝团 Lv11]
2026-05-11 23:14:57,3745395227774212,馬小帅,提前关注=额外100宵夜,[等级21],[粉丝团 Lv10]
2026-05-11 23:14:57,84404342817,断雨,提前关注=额外100宵夜,[等级11],
2026-05-11 23:14:57,1383647616185177,难搞,提前关注=额外100宵夜,[等级2],[粉丝团 Lv5]
2026-05-11 23:14:58,62018288174,超爱黑莓式,提前关注=额外100宵夜,[等级26],
2026-05-11 23:14:59,1603553149321412,用户811310458503,提前关注=额外100宵夜,[等级3],
2026-05-11 23:14:59,2577726701047950,三分热度°,提前关注=额外100宵夜,[等级25],[粉丝团 Lv5]
2026-05-11 23:14:59,163206174093518,小小乐🍊,提前关注=额外100宵夜,[等级21],[粉丝团 Lv12]
2026-05-11 23:14:59,1972970651664173,萌 叔,提前关注=额外100宵夜,[等级33],[粉丝团 Lv16]
2026-05-11 23:15:00,7621232035134293041,牛二a,提前关注=额外100宵夜,,
2026-05-11 23:15:01,813293749156507,喜丸,提前关注=额外100宵夜,[等级27],
2026-05-11 23:15:01,94461478417,一支上上签,提前关注=额外100宵夜,[等级20],[粉丝团 Lv4]
2026-05-11 23:15:02,58535885743,小怪瘦,提前关注=额外100宵夜,[等级2],
2026-05-11 23:15:03,1410034156451420,万星,提前关注=额外100宵夜,[等级9],[粉丝团 Lv7]
2026-05-11 23:15:03,3584047420807597,虐身虐心,提前关注=额外100宵夜,[等级6],
2026-05-11 23:15:03,64607624757,曾经少年,提前关注=额外100宵夜,[等级22],[粉丝团 Lv6]
2026-05-11 23:15:04,3037286603696436,王牌飞行员、,提前关注=额外100宵夜,[等级12],
2026-05-11 23:15:04,3351764729600551,ID Anson,提前关注=额外100宵夜,[等级5],[粉丝团 Lv1]
2026-05-11 23:15:04,63870842824,无锡御尚壁布美缝打胶,提前关注=额外100宵夜,[等级7],
2026-05-11 23:15:04,3118672415047203,孓㤅2021,提前关注=额外100宵夜,[等级20],[粉丝团 Lv2]
2026-05-11 23:15:05,2084301911100285,小呆很呆💭,提前关注=额外100宵夜,[等级25],
2026-05-11 23:15:05,110852954107,邹杰,提前关注=额外100宵夜,[等级4],
2026-05-11 23:15:05,110469470107,别丢下我,提前关注=额外100宵夜,[等级9],[粉丝团 Lv9]
2026-05-11 23:15:05,99419181723,𝒀𝑳𝑮🍊小龙虾,提前关注=额外100宵夜,[等级15],[粉丝团 Lv2]
2026-05-11 23:15:07,72098975036,Seremy,提前关注=额外100宵夜,[等级4],[粉丝团 Lv5]
2026-05-11 23:15:07,4285060971,去青青草原抓羊,提前关注=额外100宵夜,[等级13],[粉丝团 Lv10]
2026-05-11 23:15:07,3408098413512419,心静自然,提前关注=额外100宵夜,[等级30],[粉丝团 Lv11]
2026-05-11 23:15:08,2757220105978359,是🐻艾,提前关注=额外100宵夜,[等级2],
2026-05-11 23:15:08,62599672492,雨琦安,提前关注=额外100宵夜,[等级20],[粉丝团 Lv10]
2026-05-11 23:15:08,96469726362,唐晓乐,提前关注=额外100宵夜,[等级2],
2026-05-11 23:15:08,54927252209,茶奈,提前关注=额外100宵夜,[等级7],[粉丝团 Lv5]
2026-05-11 23:15:10,88505410299,。,提前关注=额外100宵夜,[等级11],[粉丝团 Lv4]
2026-05-11 23:15:10,895467486972848,🌈豆包,提前关注=额外100宵夜,[等级13],[粉丝团 Lv4]
2026-05-11 23:15:10,87614284690,坤*^_^*韧,提前关注=额外100宵夜,[等级11],[粉丝团 Lv7]
2026-05-11 23:15:11,1535370544294328,义结金兰阿太,提前关注=额外100宵夜,[等级11],
2026-05-11 23:15:14,108657379142,婷.,提前关注=额外100宵夜,[等级5],[粉丝团 Lv2]
2026-05-11 23:15:15,102368257669,唱跳RAP打篮球,提前关注=额外100宵夜,[等级8],[粉丝团 Lv2]
2026-05-11 23:15:16,65771515759,🌈余温,提前关注=额外100宵夜,[等级7],
2026-05-11 23:15:16,97846776308,&,提前关注=额外100宵夜,[等级8],[粉丝团 Lv9]
2026-05-11 23:15:17,2484514063135284,楚天,提前关注=额外100宵夜,[等级20],
2026-05-11 23:15:18,108061796612,浮生か醉清风古,提前关注=额外100宵夜,[等级14],[粉丝团 Lv6]
2026-05-11 23:15:18,95566226920,林仔,提前关注=额外100宵夜,,
2026-05-11 23:15:21,68039986323,@Sun.,提前关注=额外100宵夜,[等级21],
2026-05-11 23:15:22,3562874283235452,大薇哥,提前关注=额外100宵夜,[等级17],[粉丝团 Lv4]
2026-05-11 23:15:23,72099065253,旺旺小仙贝,提前关注=额外100宵夜,[等级12],[粉丝团 Lv7]
2026-05-11 23:15:23,1416623274339684,Mr.风起,提前关注=额外100宵夜,[等级7],
2026-05-11 23:15:25,66671326275,多爸,提前关注=额外100宵夜,[等级12],[粉丝团 Lv3]
2026-05-11 23:15:28,74348956006,🇴,提前关注=额外100宵夜,[等级23],[粉丝团 Lv15]
2026-05-11 23:15:35,1011974637101655,个人 企业融💰顾问,提前关注=额外100宵夜,[等级18],[粉丝团 Lv10]
2026-05-11 23:15:35,58763866156,晴天、☀️,提前关注=额外100宵夜,[等级22],[粉丝团 Lv9]
2026-05-11 23:15:37,93482487103,。。。,提前关注=额外100宵夜,[等级10],[粉丝团 Lv3]
2026-05-11 23:15:39,80955612985,(^_^)铁汉柔情,提前关注=额外100宵夜,[等级10],[粉丝团 Lv4]
2026-05-11 23:15:40,2232475781966570,唐伯虎点蚊香,提前关注=额外100宵夜,[等级4],[粉丝团 Lv4]
2026-05-11 23:15:40,2181019509206248,已是过往,提前关注=额外100宵夜,[等级22],
2026-05-11 23:15:41,4407271598068887,Cobain 静止,提前关注=额外100宵夜,[等级15],[粉丝团 Lv10]
2026-05-11 23:15:41,62866105807,一只白猫🪼,提前关注=额外100宵夜,[等级10],
2026-05-11 23:15:41,1470504060332916,小美有点闲,提前关注=额外100宵夜,,
2026-05-11 23:15:43,452611846714668,大黑塔,提前关注=额外100宵夜,[等级6],
2026-05-11 23:15:44,72100467916,🌸xiao,提前关注=额外100宵夜,[等级16],[粉丝团 Lv2]
2026-05-11 23:15:45,3755557160238728,蜀道山🇨🇳™♊💧💧,提前关注=额外100宵夜,[等级19],[粉丝团 Lv11]
2026-05-11 23:15:46,838281757984747,小满,提前关注=额外100宵夜,[等级19],[粉丝团 Lv11]
2026-05-11 23:15:47,109719903788,秋硕宁,提前关注=额外100宵夜,[等级15],[粉丝团 Lv10]
2026-05-11 23:15:47,91580467214,卖萌磕到萌牙,提前关注=额外100宵夜,[等级5],[粉丝团 Lv2]
2026-05-11 23:15:47,95754120978,转身-𝒀𝑳𝑮 🍊,提前关注=额外100宵夜,[等级22],[粉丝团 Lv10]
2026-05-11 23:15:47,61945779184,甜粥🌙,提前关注=额外100宵夜,[等级20],[粉丝团 Lv8]
2026-05-11 23:15:49,67862325632,@【^…^】·,提前关注=额外100宵夜,[等级9],[粉丝团 Lv6]
2026-05-11 23:15:49,78173414014,寒城雨记,提前关注=额外100宵夜,[等级16],
2026-05-11 23:15:50,4068658273063936,Shawn,提前关注=额外100宵夜,[等级6],
2026-05-11 23:15:52,101687584674,𝒀𝑳𝑮🍊ღ᭄吉,提前关注=额外100宵夜,[等级24],[粉丝团 Lv14]
2026-05-11 23:15:52,61498758520,亲爱的小田,提前关注=额外100宵夜,[等级3],
2026-05-11 23:15:53,96574045652,九三。,提前关注=额外100宵夜,[等级4],[粉丝团 Lv4]
2026-05-11 23:15:54,100169477196,民,提前关注=额外100宵夜,[等级11],
2026-05-11 23:15:57,2881175753081384,今生゜,提前关注=额外100宵夜,[等级12],[粉丝团 Lv1]
2026-05-11 23:15:58,94770549896,uhdghdhg,提前关注=额外100宵夜,[等级10],[粉丝团 Lv5]
2026-05-11 23:15:59,83948734461,182613203,提前关注=额外100宵夜,[等级19],[粉丝团 Lv11]
2026-05-11 23:16:02,13154565763,Coisini,提前关注=额外100宵夜,[等级26],[粉丝团 Lv11]
2026-05-11 23:16:02,1004304185191456,益,提前关注=额外100宵夜,[等级9],[粉丝团 Lv4]
2026-05-11 23:16:06,4259925351218591,寒江雪,提前关注=额外100宵夜,[等级16],[粉丝团 Lv12]
2026-05-11 23:16:07,109229543691,陌北北@,提前关注=额外100宵夜,[等级15],[粉丝团 Lv10]
2026-05-11 23:16:07,5964397381,彤,提前关注=额外100宵夜,[等级15],[粉丝团 Lv11]
2026-05-11 23:16:11,99006885035,一个大大大H,提前关注=额外100宵夜,[等级12],[粉丝团 Lv10]
2026-05-11 23:16:14,3865495664595544,活人微死,提前关注=额外100宵夜,[等级12],[粉丝团 Lv9]
2026-05-11 23:16:14,88888254949,男小,提前关注=额外100宵夜,[等级18],[粉丝团 Lv12]
2026-05-11 23:16:16,2111526520493822,hsdjybt～,提前关注=额外100宵夜,[等级1],[粉丝团 Lv2]
2026-05-11 23:16:16,1332225723339756,用户7087416616603,提前关注=额外100宵夜,[等级14],[粉丝团 Lv5]
2026-05-11 23:16:17,998827332731295,陪你向阳而生.,提前关注=额外100宵夜,[等级19],[粉丝团 Lv11]
2026-05-11 23:16:18,3446290433454980,和夏天有个约定,提前关注=额外100宵夜,[等级1],
2026-05-11 23:16:18,2299802032816011,搁浅🫧,提前关注=额外100宵夜,[等级18],[粉丝团 Lv2]
2026-05-11 23:16:18,108478079250,OOP,提前关注=额外100宵夜,[等级13],[粉丝团 Lv10]
2026-05-11 23:16:18,2522724120667834,hswijdb,提前关注=额外100宵夜,[等级6],
2026-05-11 23:16:18,102495845734,皮皮军,提前关注=额外100宵夜,[等级15],
2026-05-11 23:16:19,103611011899,＆,提前关注=额外100宵夜,[等级8],[粉丝团 Lv5]
2026-05-11 23:16:19,1473765257784829,柯西凡,提前关注=额外100宵夜,[等级16],[粉丝团 Lv6]
2026-05-11 23:16:20,99523617777,ꪖꪀꪗꪮꪀꫀ,提前关注=额外100宵夜,[等级8],[粉丝团 Lv10]
2026-05-11 23:16:20,95875308771,^·Yanᰔ·^,提前关注=额外100宵夜,[等级24],[粉丝团 Lv13]
2026-05-11 23:16:20,4325894802120724,首衡燃卡健身李跑跑🏃,提前关注=额外100宵夜,[等级14],[粉丝团 Lv10]
2026-05-11 23:16:20,70487834859,kay tse🌈,提前关注=额外100宵夜,[等级15],
2026-05-11 23:16:22,109756145828,96248048,提前关注=额外100宵夜,[等级18],[粉丝团 Lv15]
2026-05-11 23:16:22,141170281560030,Wei万利先森,提前关注=额外100宵夜,[等级14],[粉丝团 Lv10]
2026-05-11 23:16:22,229157483593159,布洛,提前关注=额外100宵夜,[等级5],
2026-05-11 23:16:23,1776414332033920,夏绮（十个勤天）,提前关注=额外100宵夜,[等级10],[粉丝团 Lv2]
2026-05-11 23:16:24,70167607627,落地钢枪崴脚了,提前关注=额外100宵夜,[等级30],[粉丝团 Lv12]
2026-05-11 23:16:24,2673635114354187,边牧🐶11,提前关注=额外100宵夜,[等级15],[粉丝团 Lv9]
2026-05-11 23:16:26,94813969287,暮雪流年,提前关注=额外100宵夜,[等级17],
2026-05-11 23:16:28,2145888220228567,用户18054358,提前关注=额外100宵夜,[等级16],[粉丝团 Lv12]
2026-05-11 23:16:28,382239399740604,JJJ创业商会,提前关注=额外100宵夜,[等级17],[粉丝团 Lv11]
2026-05-11 23:16:29,2783605277860478,北有暖杨,提前关注=额外100宵夜,[等级21],
2026-05-11 23:16:30,3118687331814205,昨夜的酒 解不了今日的愁,提前关注=额外100宵夜,[等级4],[粉丝团 Lv3]
2026-05-11 23:16:30,96233867028,藕汤印象—曹洋,提前关注=额外100宵夜,[等级10],
2026-05-11 23:16:30,12700069035,旋子,提前关注=额外100宵夜,[等级26],[粉丝团 Lv8]
2026-05-11 23:16:30,71989707062,ω.,提前关注=额外100宵夜,[等级13],[粉丝团 Lv11]
2026-05-11 23:16:30,12798212702957,可达,提前关注=额外100宵夜,[等级13],[粉丝团 Lv10]
2026-05-11 23:16:30,3953488474931416,徐 Mr,提前关注=额外100宵夜,[等级13],[粉丝团 Lv7]
2026-05-11 23:16:30,3228629661922925,瑩。,提前关注=额外100宵夜,[等级15],[粉丝团 Lv3]
2026-05-11 23:16:33,3620051126090888,@🌈✨渣渣✨✨✨,提前关注=额外100宵夜,[等级12],[粉丝团 Lv11]
2026-05-11 23:16:34,3157393406180408,🌈莱芜   范,提前关注=额外100宵夜,[等级11],[粉丝团 Lv3]
2026-05-11 23:16:34,921866657348811,Iris,提前关注=额外100宵夜,[等级9],[粉丝团 Lv5]
2026-05-11 23:16:35,110053771562,一天只饿三顿,提前关注=额外100宵夜,[等级12],
2026-05-11 23:16:36,110201112461,︶︿︶華,提前关注=额外100宵夜,[等级16],[粉丝团 Lv12]
2026-05-11 23:16:37,62604471936,大碴粥。,提前关注=额外100宵夜,[等级2],
2026-05-11 23:16:37,690113211270411,🌈小蛋挞,提前关注=额外100宵夜,[等级25],[粉丝团 Lv5]
2026-05-11 23:16:38,1723651305779751,蜡笔大新,提前关注=额外100宵夜,[等级11],[粉丝团 Lv8]
2026-05-11 23:16:39,1889405852720708,愿,提前关注=额外100宵夜,,
2026-05-11 23:16:39,756899313890471,做个好梦,提前关注=额外100宵夜,[等级8],
2026-05-11 23:16:39,100450060023,建立堡,提前关注=额外100宵夜,[等级5],[粉丝团 Lv4]
2026-05-11 23:16:39,59397633549,Cynicism,提前关注=额外100宵夜,[等级23],
2026-05-11 23:16:39,101438319791,21.🍟,提前关注=额外100宵夜,[等级24],
2026-05-11 23:16:40,119202575288205,🌈遥遥万里,提前关注=额外100宵夜,[等级8],
2026-05-11 23:16:40,1229719207416484,一个好人,提前关注=额外100宵夜,[等级13],[粉丝团 Lv4]
2026-05-11 23:16:41,101132035228,星空无垠,提前关注=额外100宵夜,[等级4],[粉丝团 Lv8]
2026-05-11 23:16:41,1934736595367584,孤冢,提前关注=额外100宵夜,[等级24],[粉丝团 Lv12]
2026-05-11 23:16:41,1878431155624983,hy许宁宴,提前关注=额外100宵夜,[等级11],[粉丝团 Lv2]
2026-05-11 23:16:41,63489244758,许妳一世溫情,提前关注=额外100宵夜,[等级20],[粉丝团 Lv15]
2026-05-11 23:16:42,4168969197985919,🌈姜堰,提前关注=额外100宵夜,[等级14],
2026-05-11 23:16:43,99601623050,銭程似錦,提前关注=额外100宵夜,[等级13],[粉丝团 Lv11]
2026-05-11 23:16:43,85931141960,北北林,提前关注=额外100宵夜,[等级19],[粉丝团 Lv3]
2026-05-11 23:16:43,3355313257326334,幺哥⛅,提前关注=额外100宵夜,[等级37],[粉丝团 Lv13]
2026-05-11 23:16:44,4244560063522397,小猫丝带分,提前关注=额外100宵夜,[等级2],
2026-05-11 23:16:44,416037012504701,封笔亦封心,提前关注=额外100宵夜,[等级4],
2026-05-11 23:16:45,2395184081945055,忙里偷闲⁵¹⁰⁷⁴,提前关注=额外100宵夜,[等级29],[粉丝团 Lv15]
2026-05-11 23:16:45,71939470281,浮℘࿐,提前关注=额外100宵夜,[等级4],[粉丝团 Lv3]
2026-05-11 23:16:46,103001342634,10.25,提前关注=额外100宵夜,[等级18],[粉丝团 Lv10]
2026-05-11 23:16:47,67715293669,赤帆,提前关注=额外100宵夜,[等级24],
2026-05-11 23:16:47,89241765081,普琼,提前关注=额外100宵夜,[等级15],[粉丝团 Lv9]
2026-05-11 23:16:47,64277763264,地雷,提前关注=额外100宵夜,[等级16],[粉丝团 Lv2]
2026-05-11 23:16:49,93912956308,可乐加冰块,提前关注=额外100宵夜,[等级19],[粉丝团 Lv11]
2026-05-11 23:16:53,1627743660045944,温柔之给意中人,提前关注=额外100宵夜,[等级16],[粉丝团 Lv6]
2026-05-11 23:16:53,98127314878,艾瑞巴蒂跟我一起嗨,提前关注=额外100宵夜,[等级25],[粉丝团 Lv11]
2026-05-11 23:16:53,65283106296,嘟米,提前关注=额外100宵夜,[等级5],[粉丝团 Lv9]
2026-05-11 23:16:54,89923512028,J,提前关注=额外100宵夜,[等级9],
2026-05-11 23:16:54,3170633258895691,风中奇缘🐰,提前关注=额外100宵夜,[等级25],[粉丝团 Lv11]
2026-05-11 23:16:54,100010106647,贰零🃏,提前关注=额外100宵夜,[等级20],[粉丝团 Lv11]
2026-05-11 23:16:55,7572914980963681329,平凡老己,提前关注=额外100宵夜,[等级26],[粉丝团 Lv10]
2026-05-11 23:16:55,10951908725,小马🐎🐎,提前关注=额外100宵夜,[等级7],[粉丝团 Lv2]
2026-05-11 23:16:56,104009876453,九十六,提前关注=额外100宵夜,[等级22],[粉丝团 Lv9]
2026-05-11 23:16:57,93110728439,🍊爸,提前关注=额外100宵夜,[等级6],[粉丝团 Lv10]
2026-05-11 23:16:57,104430122590,黄八咪,提前关注=额外100宵夜,[等级22],[粉丝团 Lv15]
2026-05-11 23:16:58,3372900537869883,是圆圆🦋,提前关注=额外100宵夜,[等级13],[粉丝团 Lv4]
2026-05-11 23:16:58,102552172995,程💫,提前关注=额外100宵夜,[等级19],[粉丝团 Lv7]
2026-05-11 23:16:59,2670093320862584,Jacky8,提前关注=额外100宵夜,,
2026-05-11 23:17:00,750284565126208,以鱼,提前关注=额外100宵夜,[等级18],[粉丝团 Lv3]
2026-05-11 23:17:00,3569492075487243,懒得取名字,提前关注=额外100宵夜,[等级8],[粉丝团 Lv10]
2026-05-11 23:17:02,95910173152,啦啦啦,提前关注=额外100宵夜,[等级13],
2026-05-11 23:17:02,88787629778,舍得,提前关注=额外100宵夜,[等级13],[粉丝团 Lv7]
2026-05-11 23:17:02,67161144129,WH＆,提前关注=额外100宵夜,[等级25],[粉丝团 Lv11]
2026-05-11 23:17:04,82808863626,🌈太蔟🐳,提前关注=额外100宵夜,[等级23],
2026-05-11 23:17:04,74065214364,我很开心,提前关注=额外100宵夜,[等级13],[粉丝团 Lv3]
2026-05-11 23:17:04,2137870410982487,猪油糖,提前关注=额外100宵夜,[等级7],
2026-05-11 23:17:05,101539594771,风吹过雾散了。,提前关注=额外100宵夜,[等级20],[粉丝团 Lv8]
2026-05-11 23:17:05,75300830217,小 胖 超,提前关注=额外100宵夜,[等级14],[粉丝团 Lv13]
2026-05-11 23:17:05,81459124616,Poppy.L🐳,提前关注=额外100宵夜,[等级13],[粉丝团 Lv10]
2026-05-11 23:17:05,91905624625,路人,提前关注=额外100宵夜,[等级5],[粉丝团 Lv9]
2026-05-11 23:17:06,400701991960292,㤅儞,提前关注=额外100宵夜,[等级14],
2026-05-11 23:17:07,2686808072921661,一日千里,提前关注=额外100宵夜,[等级2],
2026-05-11 23:17:09,103623410647,Mr  Zᴳᵀ兜里只有叁拾,提前关注=额外100宵夜,[等级31],[粉丝团 Lv5]
2026-05-11 23:17:10,1684079016949156,香菜拌饭,提前关注=额外100宵夜,[等级19],[粉丝团 Lv9]
2026-05-11 23:17:11,66788644920,h·ᰔᩚan੭ﾞ,提前关注=额外100宵夜,[等级17],
2026-05-11 23:17:12,81459017611,往事越千年,提前关注=额外100宵夜,[等级20],[粉丝团 Lv10]
2026-05-11 23:17:13,105777965883,柠檬内个酸啊,提前关注=额外100宵夜,[等级6],
2026-05-11 23:17:14,75436771589,呆仔A,提前关注=额外100宵夜,[等级11],[粉丝团 Lv11]
2026-05-11 23:17:14,4350123442703351,行乙,提前关注=额外100宵夜,[等级4],
2026-05-11 23:17:15,940819048825773,wuiio,提前关注=额外100宵夜,,
2026-05-11 23:17:17,108894988833,玩&世@不&恭,提前关注=额外100宵夜,[等级1],[粉丝团 Lv2]
2026-05-11 23:17:18,97311361606,🍋🧋,提前关注=额外100宵夜,[等级11],[粉丝团 Lv6]
2026-05-11 23:17:18,98428397085,🌈Ming明(38群）,提前关注=额外100宵夜,[等级24],[粉丝团 Lv7]
2026-05-11 23:17:20,2809973897697767,🌈路哈哈🌈,提前关注=额外100宵夜,[等级12],
2026-05-11 23:17:20,95949940146,李直气壮,提前关注=额外100宵夜,[等级8],
2026-05-11 23:17:21,75293978048,洋洋得亿🎐,提前关注=额外100宵夜,[等级23],[粉丝团 Lv13]
2026-05-11 23:17:22,685727082625047,iiio,提前关注=额外100宵夜,[等级13],
2026-05-11 23:17:24,101781050360,A 梦,提前关注=额外100宵夜,[等级3],
2026-05-11 23:17:28,7480487238444008507,希尔,提前关注=额外100宵夜,[等级15],[粉丝团 Lv4]
2026-05-11 23:17:28,2128250824295511,来自远方的朋友,提前关注=额外100宵夜,[等级19],[粉丝团 Lv12]
2026-05-11 23:17:29,95000629840,李喳喳,提前关注=额外100宵夜,[等级33],[粉丝团 Lv12]
2026-05-11 23:17:30,53136197759,一瞥刀🚣🏻‍♀️ᨶ႒ᩚ⁵¹⁰⁷⁴,提前关注=额外100宵夜,[等级28],[粉丝团 Lv15]
2026-05-11 23:17:30,4334728797758250,小秋,提前关注=额外100宵夜,[等级2],[粉丝团 Lv2]
2026-05-11 23:17:30,63825509835,Y·杨小杨,提前关注=额外100宵夜,[等级8],[粉丝团 Lv6]
2026-05-11 23:17:31,101262168365,大鹏,提前关注=额外100宵夜,[等级17],[粉丝团 Lv6]
2026-05-11 23:17:32,4299555057443131,嘟嘟妈咪,提前关注=额外100宵夜,[等级10],[粉丝团 Lv8]
2026-05-11 23:17:32,103953555122,爱睡懒觉,提前关注=额外100宵夜,[等级14],
2026-05-11 23:17:33,52158981248,到此为止ོ,提前关注=额外100宵夜,[等级30],[粉丝团 Lv13]
2026-05-11 23:17:34,101111248674,生而为人.,提前关注=额外100宵夜,[等级10],[粉丝团 Lv3]
2026-05-11 23:17:34,98134846647,🌈＊驸马爷≯,提前关注=额外100宵夜,[等级19],[粉丝团 Lv11]
2026-05-11 23:17:35,11440403524768,十六   🦋,提前关注=额外100宵夜,[等级37],[粉丝团 Lv4]
2026-05-11 23:17:36,2233835468897038,우우,提前关注=额外100宵夜,[等级8],[粉丝团 Lv7]
2026-05-11 23:17:36,105476716626,💫迷,提前关注=额外100宵夜,[等级24],[粉丝团 Lv15]
2026-05-11 23:17:36,101781484227,问心无愧,提前关注=额外100宵夜,[等级9],
2026-05-11 23:17:36,466643497779880,Lolx（国服火舞）,提前关注=额外100宵夜,[等级14],[粉丝团 Lv1]
2026-05-11 23:17:36,2544694299993427,浅浅.,提前关注=额外100宵夜,[等级16],[粉丝团 Lv4]
2026-05-11 23:17:36,106284992293,等待只爱你,提前关注=额外100宵夜,[等级19],[粉丝团 Lv6]
2026-05-11 23:17:37,4174188127722893,℘ོ劉妽嚒給妳•᷄এ、ℒ゜,提前关注=额外100宵夜,[等级17],[粉丝团 Lv11]
2026-05-11 23:17:37,3232185359555532,已重置,提前关注=额外100宵夜,[等级4],
2026-05-11 23:17:39,80649925396,时间飞逝,提前关注=额外100宵夜,[等级9],[粉丝团 Lv6]
2026-05-11 23:17:39,1398175513975800,✨༺孤峰༻✨,提前关注=额外100宵夜,[等级27],[粉丝团 Lv15]
2026-05-11 23:17:39,104965793479,🌈捡漏滴🌈,提前关注=额外100宵夜,[等级7],
2026-05-11 23:17:39,71564878546,予,提前关注=额外100宵夜,[等级30],[粉丝团 Lv11]
2026-05-11 23:17:39,3956508913578988,爱就一个字,提前关注=额外100宵夜,[等级3],
2026-05-11 23:17:39,100599734616,银鱼巷,提前关注=额外100宵夜,[等级33],[粉丝团 Lv11]
2026-05-11 23:17:40,1908351412733416,老李,提前关注=额外100宵夜,[等级10],[粉丝团 Lv9]
2026-05-11 23:17:41,3118682526975479,爱笑的猪🐷,提前关注=额外100宵夜,[等级19],[粉丝团 Lv6]
2026-05-11 23:17:41,2056519167253507,懒得动,提前关注=额外100宵夜,[等级7],
2026-05-11 23:17:41,63223544384,Ge三三,提前关注=额外100宵夜,[等级16],[粉丝团 Lv12]
2026-05-11 23:17:42,66321027945,天青色等烟雨,提前关注=额外100宵夜,[等级27],[粉丝团 Lv12]
2026-05-11 23:17:42,80773689280,therefore,提前关注=额外100宵夜,[等级5],
2026-05-11 23:17:42,105051598065,任小权,提前关注=额外100宵夜,[等级19],[粉丝团 Lv9]
2026-05-11 23:17:42,3470505665907726,妄寻杰,提前关注=额外100宵夜,[等级7],
2026-05-11 23:17:42,71126905166,抖音小肋手,提前关注=额外100宵夜,[等级10],[粉丝团 Lv10]
2026-05-11 23:17:42,93364898689,误删,提前关注=额外100宵夜,[等级25],
2026-05-11 23:17:43,99374308940,拭目以待,提前关注=额外100宵夜,[等级20],[粉丝团 Lv14]
2026-05-11 23:17:43,102373432952,是阳不是羊,提前关注=额外100宵夜,[等级14],
2026-05-11 23:17:43,68069242781,祁小静🌙,提前关注=额外100宵夜,[等级21],[粉丝团 Lv12]
2026-05-11 23:17:43,2532895178888260,【俩俩相忘】安静看👀主播🚫禁止带节奏,提前关注=额外100宵夜,[等级9],
2026-05-11 23:17:43,4252514747951710,椰子🥥,提前关注=额外100宵夜,[等级20],[粉丝团 Lv13]
2026-05-11 23:17:44,3364985277514740,至上励合,提前关注=额外100宵夜,[等级1],[粉丝团 Lv1]
2026-05-11 23:17:44,98902675995,于先生,提前关注=额外100宵夜,[等级13],[粉丝团 Lv8]
2026-05-11 23:17:45,1367424884027159,怼你难受,提前关注=额外100宵夜,[等级21],[粉丝团 Lv10]
2026-05-11 23:17:45,954026219018227,会飞的虾,提前关注=额外100宵夜,[等级20],[粉丝团 Lv13]
2026-05-11 23:17:46,3214588588597739,Z💫💫,提前关注=额外100宵夜,[等级10],[粉丝团 Lv10]
2026-05-11 23:17:46,3415562089674644,ℳ̶̶̶̶♡̶҉泡🫧沫.ℳᥫᩣ,提前关注=额外100宵夜,[等级18],[粉丝团 Lv6]
2026-05-11 23:17:46,101537699417,放松,提前关注=额外100宵夜,[等级16],[粉丝团 Lv11]
2026-05-11 23:17:46,102452474527,龙少🇨🇳,提前关注=额外100宵夜,[等级13],[粉丝团 Lv11]
2026-05-11 23:17:47,97611917133,王  命之徒,提前关注=额外100宵夜,[等级30],
2026-05-11 23:17:47,69597114067,君杰,提前关注=额外100宵夜,[等级14],[粉丝团 Lv11]
2026-05-11 23:17:48,1614521659045520,鸡毛一地,提前关注=额外100宵夜,[等级30],[粉丝团 Lv15]
2026-05-11 23:17:48,96621326669,@萧Sir,提前关注=额外100宵夜,[等级20],[粉丝团 Lv3]
2026-05-11 23:17:49,63913506462,🖤,提前关注=额外100宵夜,[等级24],[粉丝团 Lv3]
2026-05-11 23:17:49,2985862850940638,钢铁人王师傅,提前关注=额外100宵夜,[等级9],[粉丝团 Lv10]
2026-05-11 23:17:50,104711202796,冉霸霸🖤,提前关注=额外100宵夜,[等级27],[粉丝团 Lv10]
2026-05-11 23:17:50,103774182185,云归处🇨🇳,提前关注=额外100宵夜,[等级13],[粉丝团 Lv10]
2026-05-11 23:17:51,110253132034,张张张张。,提前关注=额外100宵夜,[等级6],
2026-05-11 23:17:51,105151504204,轻享好货店,提前关注=额外100宵夜,[等级11],[粉丝团 Lv10]
2026-05-11 23:17:52,253320561442000,迷人的小阿鳜,提前关注=额外100宵夜,[等级4],
2026-05-11 23:17:53,3922648416399870,临霁,提前关注=额外100宵夜,[等级10],[粉丝团 Lv10]
2026-05-11 23:17:53,94025094458,迷羊•᷄ࡇ•᷅💛,提前关注=额外100宵夜,[等级26],[粉丝团 Lv7]
2026-05-11 23:17:54,23487634423,白羊座的软泥怪,提前关注=额外100宵夜,[等级32],[粉丝团 Lv11]
2026-05-11 23:17:54,96229856184,一生有李,提前关注=额外100宵夜,[等级28],
2026-05-11 23:17:55,449017683913731,W▁Z,提前关注=额外100宵夜,[等级7],[粉丝团 Lv11]
2026-05-11 23:17:55,73459388873,sun璃瑛,提前关注=额外100宵夜,[等级22],[粉丝团 Lv3]
2026-05-11 23:17:55,2707457313608771,春暖花开🌸,提前关注=额外100宵夜,[等级6],[粉丝团 Lv8]
2026-05-11 23:17:56,863549221512649,睡觉总失眠,提前关注=额外100宵夜,[等级9],
2026-05-11 23:17:56,3573842504063165,阿曦呀,提前关注=额外100宵夜,[等级22],[粉丝团 Lv7]
2026-05-11 23:17:57,59332510513,Blue闵,提前关注=额外100宵夜,[等级4],[粉丝团 Lv5]
2026-05-11 23:17:57,109093121624,国强家富,提前关注=额外100宵夜,[等级11],[粉丝团 Lv10]
2026-05-11 23:17:57,808832652807735,红王1313113,提前关注=额外100宵夜,[等级9],[粉丝团 Lv3]
2026-05-11 23:17:58,103815130627,好喝茶的豹子,提前关注=额外100宵夜,[等级25],[粉丝团 Lv13]
2026-05-11 23:17:58,4285222403980756,青山绿田,提前关注=额外100宵夜,[等级2],[粉丝团 Lv4]
2026-05-11 23:17:58,2334957579812151,张根568,提前关注=额外100宵夜,[等级10],[粉丝团 Lv10]
2026-05-11 23:18:00,96434476460,0X,提前关注=额外100宵夜,[等级20],[粉丝团 Lv10]
2026-05-11 23:18:00,633796478895115,困😪,提前关注=额外100宵夜,[等级4],
2026-05-11 23:18:01,96313124700,不加冰的🥤,提前关注=额外100宵夜,[等级19],[粉丝团 Lv12]
2026-05-11 23:18:01,2599692374120259,老う男う孩廾,提前关注=额外100宵夜,[等级24],[粉丝团 Lv12]
2026-05-11 23:18:03,72303803915,✨️等一下³¹⁵,提前关注=额外100宵夜,[等级6],[粉丝团 Lv7]
2026-05-11 23:18:05,83773948885,.XY.,提前关注=额外100宵夜,[等级23],[粉丝团 Lv10]
2026-05-11 23:18:05,78139442155,壹玖,提前关注=额外100宵夜,[等级37],[粉丝团 Lv11]
2026-05-11 23:18:05,84792259380,昭童🐈‍⬛,提前关注=额外100宵夜,[等级9],[粉丝团 Lv9]
2026-05-11 23:18:05,52350890903,等待的明天_,提前关注=额外100宵夜,[等级21],[粉丝团 Lv10]
2026-05-11 23:18:05,84436807237,GTR,提前关注=额外100宵夜,[等级24],[粉丝团 Lv11]
2026-05-11 23:18:07,84419944952,阿森,提前关注=额外100宵夜,[等级12],[粉丝团 Lv4]
2026-05-11 23:18:07,95825172162,“大叔”,提前关注=额外100宵夜,[等级10],
2026-05-11 23:18:08,107727242256,繁花@,提前关注=额外100宵夜,[等级7],[粉丝团 Lv4]
2026-05-11 23:18:09,103455419497,鳄鱼哈哈,提前关注=额外100宵夜,[等级22],[粉丝团 Lv3]
2026-05-11 23:18:09,1715676660892093,深渊,提前关注=额外100宵夜,[等级12],[粉丝团 Lv10]
2026-05-11 23:18:10,78291349760,.｡.,提前关注=额外100宵夜,[等级14],[粉丝团 Lv4]
2026-05-11 23:18:11,97824582816,Tina,提前关注=额外100宵夜,[等级32],[粉丝团 Lv16]
2026-05-11 23:18:11,101690154083,番薯叶,提前关注=额外100宵夜,[等级18],
2026-05-11 23:18:11,104573609369,从简,提前关注=额外100宵夜,[等级20],[粉丝团 Lv2]
2026-05-11 23:18:13,72374432396,任性掩饰,提前关注=额外100宵夜,[等级11],[粉丝团 Lv9]
2026-05-11 23:18:14,4170860419097168,忧郁的黑龙江入,提前关注=额外100宵夜,[等级8],
2026-05-11 23:18:15,589789736210509,麦田守望者2021,提前关注=额外100宵夜,[等级9],[粉丝团 Lv11]
2026-05-11 23:18:15,60315789846,皮蛋瘦肉周女士♀,提前关注=额外100宵夜,[等级14],[粉丝团 Lv12]
2026-05-11 23:18:15,4318472311935278,用户1431753061707,提前关注=额外100宵夜,[等级16],[粉丝团 Lv12]
2026-05-11 23:18:16,1424620722848253,橘,提前关注=额外100宵夜,[等级11],[粉丝团 Lv8]
2026-05-11 23:18:16,96379029776,✨仙逆✨,提前关注=额外100宵夜,[等级16],[粉丝团 Lv12]
2026-05-11 23:18:18,107715175938,暖控,提前关注=额外100宵夜,[等级25],[粉丝团 Lv9]
2026-05-11 23:18:18,4504813708,姜战,提前关注=额外100宵夜,[等级39],[粉丝团 Lv18]
2026-05-11 23:18:18,75005365992,派大星⭐ （张君雅直播切片）,提前关注=额外100宵夜,[等级24],[粉丝团 Lv13]
2026-05-11 23:18:18,71206625999,M4男友,提前关注=额外100宵夜,[等级25],[粉丝团 Lv10]
2026-05-11 23:18:19,77391627325,沓沓,提前关注=额外100宵夜,[等级32],
2026-05-11 23:18:19,2474319964016035,小丸子🍡,提前关注=额外100宵夜,[等级2],[粉丝团 Lv1]
2026-05-11 23:18:20,1648865336625212,活力☆,提前关注=额外100宵夜,[等级28],[粉丝团 Lv13]
2026-05-11 23:18:20,106071683627,黄小姐.,提前关注=额外100宵夜,[等级23],[粉丝团 Lv10]
2026-05-11 23:18:20,1898211824119120,輪迴,提前关注=额外100宵夜,[等级3],[粉丝团 Lv3]
2026-05-11 23:18:20,105235411788,日落青山,提前关注=额外100宵夜,[等级23],[粉丝团 Lv13]
2026-05-11 23:18:20,58956631817,啤酒饮料花生米,提前关注=额外100宵夜,[等级23],[粉丝团 Lv2]
2026-05-11 23:18:21,61647004162,北城以念·何以为安,提前关注=额外100宵夜,[等级15],[粉丝团 Lv10]
2026-05-11 23:18:21,96176011847,*沐清风..,提前关注=额外100宵夜,[等级12],[粉丝团 Lv2]
2026-05-11 23:18:21,78913877578,棍子沾屎捅谁谁亖,提前关注=额外100宵夜,[等级27],
2026-05-11 23:18:21,104232189951,꧁༺貝勒爺༻꧂²⁰²³SXT,提前关注=额外100宵夜,[等级20],[粉丝团 Lv11]
2026-05-11 23:18:21,94685230682,独孤斌,提前关注=额外100宵夜,[等级10],[粉丝团 Lv9]
2026-05-11 23:18:22,294314963375363,c__天珠,提前关注=额外100宵夜,[等级24],[粉丝团 Lv11]
2026-05-11 23:18:22,100091419668,い沐雨听风う,提前关注=额外100宵夜,[等级38],[粉丝团 Lv15]
2026-05-11 23:18:22,4409484139561708,爱老付油,提前关注=额外100宵夜,[等级17],[粉丝团 Lv9]
2026-05-11 23:18:22,98455415200,Cristiano,提前关注=额外100宵夜,[等级17],[粉丝团 Lv2]
2026-05-11 23:18:24,61686488304,佩奇的三师弟,提前关注=额外100宵夜,[等级26],[粉丝团 Lv12]
2026-05-11 23:18:24,2770384622725965,液氩🐒,提前关注=额外100宵夜,[等级20],[粉丝团 Lv11]
2026-05-11 23:18:25,101600230746,春半见月🌙,提前关注=额外100宵夜,[等级12],[粉丝团 Lv8]
2026-05-11 23:18:25,68536889899,今晚早点睡,提前关注=额外100宵夜,[等级16],
2026-05-11 23:18:25,62540745118,福7,提前关注=额外100宵夜,[等级17],[粉丝团 Lv3]
2026-05-11 23:18:26,4135725301247737,酒醉的探戈丶,提前关注=额外100宵夜,[等级16],[粉丝团 Lv7]
2026-05-11 23:18:28,58452321093,閪ㅤㅤ ㅤㅤㅤㅤㅤㅤㅤㅤ ㅤㅤㅤㅤㅤ █,提前关注=额外100宵夜,[等级18],[粉丝团 Lv14]
2026-05-11 23:18:28,606529192461293,帮我带杯西瓜汁,提前关注=额外100宵夜,[等级3],[粉丝团 Lv2]
2026-05-11 23:18:28,1719237622111325,娵訾    谶,提前关注=额外100宵夜,[等级20],[粉丝团 Lv15]
2026-05-11 23:18:29,60382409960,沙雕且欢乐,提前关注=额外100宵夜,[等级1],
2026-05-11 23:18:30,555718293341210,加点辣,提前关注=额外100宵夜,,
2026-05-11 23:18:30,2364367041469328,东子烤肉一元一串鸭恋虾官方号,提前关注=额外100宵夜,[等级2],[粉丝团 Lv3]
2026-05-11 23:18:30,93819596140,泡芙仙女,提前关注=额外100宵夜,[等级15],[粉丝团 Lv12]
2026-05-11 23:18:30,64169033659,子木😺,提前关注=额外100宵夜,[等级14],[粉丝团 Lv11]
2026-05-11 23:18:30,6873109969,姐姐,提前关注=额外100宵夜,[等级7],
2026-05-11 23:18:31,97056066987,妥协,提前关注=额外100宵夜,[等级4],[粉丝团 Lv5]
2026-05-11 23:18:32,93410180817,AUV🌬,提前关注=额外100宵夜,[等级18],[粉丝团 Lv2]
2026-05-11 23:18:32,1742050498977623,用户4559778779204,提前关注=额外100宵夜,[等级5],
2026-05-11 23:18:32,75355984497,👸🏻Queen 👑,提前关注=额外100宵夜,[等级3],
2026-05-11 23:18:32,88698000828,一醉解千愁,提前关注=额外100宵夜,[等级26],[粉丝团 Lv13]
2026-05-11 23:18:32,76893138136,✨✨晴天✨✨8008,提前关注=额外100宵夜,[等级20],[粉丝团 Lv11]
2026-05-11 23:18:32,1271457798438503,略略略,提前关注=额外100宵夜,[等级5],[粉丝团 Lv9]
2026-05-11 23:18:33,2291003302876995,💍安之若素,提前关注=额外100宵夜,[等级31],[粉丝团 Lv13]
2026-05-11 23:18:34,91776705917,任-,提前关注=额外100宵夜,[等级15],
2026-05-11 23:18:34,74266717990,擒贼先擒王,提前关注=额外100宵夜,[等级20],[粉丝团 Lv10]
2026-05-11 23:18:34,99655493761,打小就丑,提前关注=额外100宵夜,[等级35],[粉丝团 Lv14]
2026-05-11 23:18:34,68001294575,肖一涵,提前关注=额外100宵夜,[等级19],[粉丝团 Lv8]
2026-05-11 23:18:34,96667074684,芥子,提前关注=额外100宵夜,[等级13],[粉丝团 Lv8]
2026-05-11 23:18:35,2238239079928174,身份暴露了,提前关注=额外100宵夜,[等级16],[粉丝团 Lv12]
2026-05-11 23:18:35,98194107432,日进：斗金。,提前关注=额外100宵夜,[等级24],[粉丝团 Lv10]
2026-05-11 23:18:35,1005433336118052,Gemini,提前关注=额外100宵夜,[等级11],[粉丝团 Lv9]
2026-05-11 23:18:35,259090345899659,❤️星辰❤️,提前关注=额外100宵夜,[等级7],
2026-05-11 23:18:35,55055500101,胖十斤,提前关注=额外100宵夜,[等级34],
2026-05-11 23:18:36,93687352729,我系小猫咪,提前关注=额外100宵夜,[等级13],[粉丝团 Lv4]
2026-05-11 23:18:37,105220173205,ZCJ119966,提前关注=额外100宵夜,[等级15],[粉丝团 Lv10]
2026-05-11 23:18:38,71898971481,童话村,提前关注=额外100宵夜,[等级13],
2026-05-11 23:18:38,71216059287,(:з如果*没有遇见你∠),提前关注=额外100宵夜,[等级22],[粉丝团 Lv14]
2026-05-11 23:18:38,2106285163560839,Mr. Li,提前关注=额外100宵夜,[等级34],[粉丝团 Lv15]
2026-05-11 23:18:38,59123998132,两爷们,提前关注=额外100宵夜,[等级15],[粉丝团 Lv7]
2026-05-11 23:18:38,87608506630,十月.初一,提前关注=额外100宵夜,[等级14],[粉丝团 Lv6]
2026-05-11 23:18:39,950398160743133,手波小王子,提前关注=额外100宵夜,[等级1],[粉丝团 Lv1]
2026-05-11 23:18:39,2684332790268425,Zbj,提前关注=额外100宵夜,,
2026-05-11 23:18:40,4177742966832459,薛定谔的猫屎咖啡,提前关注=额外100宵夜,[等级7],[粉丝团 Lv8]
2026-05-11 23:18:40,4031266286735149,^ - ^,提前关注=额外100宵夜,[等级12],[粉丝团 Lv1]
2026-05-11 23:18:40,78800389337,☁️🌬️,提前关注=额外100宵夜,[等级36],[粉丝团 Lv11]
2026-05-11 23:18:41,96494775818,放苟屁,提前关注=额外100宵夜,[等级29],[粉丝团 Lv6]
2026-05-11 23:18:41,1525719786862231,Add怀恋流星雨,提前关注=额外100宵夜,[等级1],
2026-05-11 23:18:42,2780042450976667,啦啦啦,提前关注=额外100宵夜,[等级2],
2026-05-11 23:18:42,2859208375271619,心,提前关注=额外100宵夜,[等级15],
2026-05-11 23:18:43,77864465865,🍁南风未起🌈,提前关注=额外100宵夜,[等级22],
2026-05-11 23:18:43,237128455292189,用户2239062461573,提前关注=额外100宵夜,[等级8],
2026-05-11 23:18:45,96009658795,Luuu🍡,提前关注=额外100宵夜,[等级25],[粉丝团 Lv12]
2026-05-11 23:18:45,52775271316,田先生·,提前关注=额外100宵夜,[等级17],[粉丝团 Lv8]
2026-05-11 23:18:45,103957166797,weilaiBL,提前关注=额外100宵夜,[等级26],[粉丝团 Lv7]
2026-05-11 23:18:46,380881911154506,｛千城墨白｝,提前关注=额外100宵夜,[等级6],[粉丝团 Lv9]
2026-05-11 23:18:46,65303539287,🍌峰哥🍌,提前关注=额外100宵夜,[等级28],[粉丝团 Lv5]
2026-05-11 23:18:46,107918610511,祎芷花,提前关注=额外100宵夜,[等级10],[粉丝团 Lv10]
2026-05-11 23:18:46,104288203205,经典80,提前关注=额外100宵夜,[等级15],[粉丝团 Lv6]
2026-05-11 23:18:46,160987731731852,最帅的崽,提前关注=额外100宵夜,[等级4],
2026-05-11 23:18:46,2571091790004536,-_-,提前关注=额外100宵夜,[等级6],[粉丝团 Lv10]
2026-05-11 23:18:46,100018714322,莫名其妙,提前关注=额外100宵夜,[等级15],[粉丝团 Lv11]
2026-05-11 23:18:47,96467835457,表哥,提前关注=额外100宵夜,[等级2],[粉丝团 Lv6]
2026-05-11 23:18:47,2889944304989598,猜不透,提前关注=额外100宵夜,[等级17],[粉丝团 Lv10]
2026-05-11 23:18:47,99169120247,只因当时太冷漠,提前关注=额外100宵夜,[等级10],[粉丝团 Lv11]
2026-05-11 23:18:50,62235156840,.,提前关注=额外100宵夜,[等级2],[粉丝团 Lv6]
2026-05-11 23:18:50,81445624446,元,提前关注=额外100宵夜,[等级22],[粉丝团 Lv11]
2026-05-11 23:18:50,4154386491641239,绿林豪客,提前关注=额外100宵夜,[等级1],
2026-05-11 23:18:51,874847890575219,陈晓北,提前关注=额外100宵夜,[等级3],[粉丝团 Lv3]
2026-05-11 23:18:51,4217380246651403,火力全开,提前关注=额外100宵夜,[等级14],[粉丝团 Lv9]
2026-05-11 23:18:52,104576066736,🕊悦悦,提前关注=额外100宵夜,[等级11],[粉丝团 Lv9]
2026-05-11 23:18:52,1939167566635403,握不住的沙不如扬了它ᥫᩣ,提前关注=额外100宵夜,[等级15],[粉丝团 Lv9]
2026-05-11 23:18:53,770087998721191,占卜师,提前关注=额外100宵夜,[等级15],[粉丝团 Lv13]
2026-05-11 23:18:53,76067761690,-威威-,提前关注=额外100宵夜,[等级19],[粉丝团 Lv10]
2026-05-11 23:18:53,97552652836,•·,提前关注=额外100宵夜,[等级24],[粉丝团 Lv15]
2026-05-11 23:18:53,95945844813,心心吖,提前关注=额外100宵夜,[等级18],[粉丝团 Lv4]
2026-05-11 23:18:54,3047490208932803,倾城,提前关注=额外100宵夜,[等级16],[粉丝团 Lv10]
2026-05-11 23:18:55,2848201860982147,幸运小狗,提前关注=额外100宵夜,[等级4],
2026-05-11 23:18:56,94712475981,已重置,提前关注=额外100宵夜,[等级11],[粉丝团 Lv9]
2026-05-11 23:18:56,1294584247763104,抖一抖,提前关注=额外100宵夜,[等级2],[粉丝团 Lv4]
2026-05-11 23:18:56,56476764104,都匀供应沙子、水泥、砖-17385888,提前关注=额外100宵夜,[等级9],
2026-05-11 23:18:57,104653446678,飘逸的忧伤,提前关注=额外100宵夜,[等级6],[粉丝团 Lv7]
2026-05-11 23:18:57,4133819857516303,王Tom,提前关注=额外100宵夜,[等级2],
2026-05-11 23:18:57,2862726213811501,郑一亿,提前关注=额外100宵夜,[等级13],
2026-05-11 23:18:57,530398245563576,心事,提前关注=额外100宵夜,[等级10],
2026-05-11 23:18:57,2162099067562432,是苏苏哈,提前关注=额外100宵夜,[等级12],[粉丝团 Lv11]
2026-05-11 23:18:58,72769479516,帽衫🎀,提前关注=额外100宵夜,[等级28],[粉丝团 Lv8]
2026-05-11 23:18:58,72334279009,☞☞☞,提前关注=额外100宵夜,[等级8],[粉丝团 Lv11]
2026-05-11 23:18:59,3648625002163180,一句顶一万句,提前关注=额外100宵夜,[等级11],
2026-05-11 23:18:59,58035845822,小猫讨厌你,提前关注=额外100宵夜,,
2026-05-11 23:19:00,272302701559247,rock.,提前关注=额外100宵夜,[等级2],
2026-05-11 23:19:01,2386361400170781,志志,提前关注=额外100宵夜,[等级5],
2026-05-11 23:19:02,1426493923931386,坐竽桃红,提前关注=额外100宵夜,[等级1],
2026-05-11 23:19:02,62633034966,了了,提前关注=额外100宵夜,[等级9],[粉丝团 Lv2]
2026-05-11 23:19:03,58553763132,S烟火伴人生,提前关注=额外100宵夜,[等级17],
2026-05-11 23:19:07,231331770146510,白黎,提前关注=额外100宵夜,[等级23],[粉丝团 Lv13]
2026-05-11 23:19:07,3984221799986956,S,提前关注=额外100宵夜,[等级16],
2026-05-11 23:19:09,7546497449880683579,澜,提前关注=额外100宵夜,[等级3],
2026-05-11 23:19:09,96649708379,auv,提前关注=额外100宵夜,[等级16],[粉丝团 Lv11]
2026-05-11 23:19:09,66433830383,Staid🌸,提前关注=额外100宵夜,[等级15],[粉丝团 Lv7]
2026-05-11 23:19:10,1341883240159832,🌈依林,提前关注=额外100宵夜,[等级13],
2026-05-11 23:19:10,99416234752,萧萧,提前关注=额外100宵夜,[等级11],[粉丝团 Lv11]
2026-05-11 23:19:11,2430367404666435,上善若水～,提前关注=额外100宵夜,[等级15],[粉丝团 Lv8]
2026-05-11 23:19:11,800912269914499,软笨,提前关注=额外100宵夜,[等级13],[粉丝团 Lv10]
2026-05-11 23:19:11,2522697340556169,某某,提前关注=额外100宵夜,[等级22],
2026-05-11 23:19:11,60622125629,惊抱草莓,提前关注=额外100宵夜,[等级11],[粉丝团 Lv4]
2026-05-11 23:19:11,69614609972,锦钰,提前关注=额外100宵夜,[等级12],[粉丝团 Lv1]
2026-05-11 23:19:12,68781794181,十彡姨,提前关注=额外100宵夜,[等级36],[粉丝团 Lv7]
2026-05-11 23:19:12,83320173463,乘墉˙³˙,提前关注=额外100宵夜,[等级14],[粉丝团 Lv11]
2026-05-11 23:19:12,92321161027,刘早早,提前关注=额外100宵夜,[等级11],[粉丝团 Lv10]
2026-05-11 23:19:12,61121517407,UTA,提前关注=额外100宵夜,[等级10],[粉丝团 Lv6]
2026-05-11 23:19:13,81968353282,7777777,提前关注=额外100宵夜,[等级5],[粉丝团 Lv3]
2026-05-11 23:19:13,61226668198,橘子不甜吖,提前关注=额外100宵夜,[等级12],[粉丝团 Lv1]
2026-05-11 23:19:13,104342139164,彬彬,提前关注=额外100宵夜,[等级13],[粉丝团 Lv7]
2026-05-11 23:19:13,79858206171,我是好人。,提前关注=额外100宵夜,[等级21],
2026-05-11 23:19:13,106731904682,᭄人生ཽ࿆如戏࿐,提前关注=额外100宵夜,[等级32],
2026-05-11 23:19:13,1583734850333380,喜乐,提前关注=额外100宵夜,[等级7],[粉丝团 Lv8]
2026-05-11 23:19:14,1019966102708104,来份芝士焗饭,提前关注=额外100宵夜,[等级2],
2026-05-11 23:19:14,106098311940,🚬᭄ཽ࿆心宽٭似海࿐,提前关注=额外100宵夜,[等级17],
2026-05-11 23:19:14,1578524128315000,潇洒一郎龚先生,提前关注=额外100宵夜,[等级10],[粉丝团 Lv4]
2026-05-11 23:19:15,83860131541,🌈冘弃,提前关注=额外100宵夜,[等级15],[粉丝团 Lv10]
2026-05-11 23:19:15,67111878325,逸墨清,提前关注=额外100宵夜,[等级20],[粉丝团 Lv14]
2026-05-11 23:19:15,65601644014868,爱珍影视,提前关注=额外100宵夜,[等级23],[粉丝团 Lv11]
2026-05-11 23:19:16,2930656686643625,噜噜,提前关注=额外100宵夜,,
2026-05-11 23:19:16,2524072594386557,老男人,提前关注=额外100宵夜,[等级10],[粉丝团 Lv5]
2026-05-11 23:19:16,65427504537,笑熬浆糊_252668106,提前关注=额外100宵夜,[等级2],
2026-05-11 23:19:16,70722837325,半日暖,提前关注=额外100宵夜,[等级20],[粉丝团 Lv10]
2026-05-11 23:19:16,76316963001,无风-,提前关注=额外100宵夜,[等级18],[粉丝团 Lv10]
2026-05-11 23:19:16,106073405437,§§§§,提前关注=额外100宵夜,[等级27],[粉丝团 Lv15]
2026-05-11 23:19:17,68279666222,凡人听风,提前关注=额外100宵夜,[等级10],[粉丝团 Lv10]
2026-05-11 23:19:17,2304204894897071,ღ᭄ꦿ維ℒℴѵℯ愛এ⁵²º᭄  ♡̶҉,提前关注=额外100宵夜,[等级35],[粉丝团 Lv5]
2026-05-11 23:19:18,98916244847,土豆,提前关注=额外100宵夜,[等级12],
2026-05-11 23:19:18,92719646080,mri辉,提前关注=额外100宵夜,[等级14],[粉丝团 Lv12]
2026-05-11 23:19:21,110210615739,暮,提前关注=额外100宵夜,[等级5],[粉丝团 Lv3]
2026-05-11 23:19:22,100499880444,马🐎（闺女小恬恬🐰）,提前关注=额外100宵夜,[等级21],[粉丝团 Lv14]
2026-05-11 23:19:22,2651623487716907,桐城眼镜蛇🐍.,提前关注=额外100宵夜,[等级14],
2026-05-11 23:19:22,851459079670987,👻👻👻,提前关注=额外100宵夜,[等级34],[粉丝团 Lv11]
2026-05-11 23:19:22,62477645355,小二,提前关注=额外100宵夜,[等级12],[粉丝团 Lv6]
2026-05-11 23:19:22,72400549351,那时天蓝,提前关注=额外100宵夜,[等级15],[粉丝团 Lv12]
2026-05-11 23:19:22,3474904417046028,⭐️星星⭐️,提前关注=额外100宵夜,[等级8],
2026-05-11 23:19:23,102518808982,胖胖,提前关注=额外100宵夜,[等级2],
2026-05-11 23:19:23,97436576616,泥查的泰滲,提前关注=额外100宵夜,[等级19],
2026-05-11 23:19:23,109753450332,ゞ灬湈摋si渁姩澕╰→,提前关注=额外100宵夜,[等级24],
2026-05-11 23:19:23,62817531941,热心市民石先生,提前关注=额外100宵夜,[等级5],
2026-05-11 23:19:25,78339490257,夜幽丶,提前关注=额外100宵夜,[等级30],[粉丝团 Lv2]
2026-05-11 23:19:25,92315339223,姐夫不喝药,提前关注=额外100宵夜,[等级13],[粉丝团 Lv11]
2026-05-11 23:19:25,102506653497,开心点哈🔰,提前关注=额外100宵夜,[等级19],[粉丝团 Lv7]
2026-05-11 23:19:25,95781622567,江晚正愁余,提前关注=额外100宵夜,[等级11],
2026-05-11 23:19:26,632915231246023,我这名字有点长不要跟着读了,提前关注=额外100宵夜,[等级10],[粉丝团 Lv5]
2026-05-11 23:19:26,1333051360019008,熬熬熬,提前关注=额外100宵夜,[等级40],[粉丝团 Lv12]
2026-05-11 23:19:26,94149558415,crave,提前关注=额外100宵夜,[等级21],[粉丝团 Lv11]
2026-05-11 23:19:26,60772272597,joyꗯ̤̫,提前关注=额外100宵夜,[等级14],[粉丝团 Lv10]
2026-05-11 23:19:26,110787020930,ooo0,提前关注=额外100宵夜,[等级3],
2026-05-11 23:19:26,2704423561211230,大米,提前关注=额外100宵夜,[等级11],
2026-05-11 23:19:28,1528770895819344,推石上山其实也好吧,提前关注=额外100宵夜,,
2026-05-11 23:19:29,2581260324579916,逍遥,提前关注=额外100宵夜,[等级19],[粉丝团 Lv11]
2026-05-11 23:19:29,8213267684,路维希尔,提前关注=额外100宵夜,[等级8],
2026-05-11 23:19:29,95129404330,酷狗随心听,提前关注=额外100宵夜,[等级20],[粉丝团 Lv11]
2026-05-11 23:19:29,3423232821049884,潇洒的人生,提前关注=额外100宵夜,[等级1],
2026-05-11 23:19:29,3729184261422638,破乄灭,提前关注=额外100宵夜,[等级11],
2026-05-11 23:19:30,101317510085,谢氏三少,提前关注=额外100宵夜,[等级18],[粉丝团 Lv5]
2026-05-11 23:19:30,4410865357435404,蓝色8849,提前关注=额外100宵夜,[等级41],[粉丝团 Lv2]
2026-05-11 23:19:30,80392220145,南川🍃,提前关注=额外100宵夜,[等级10],
2026-05-11 23:19:30,50412934166,里昂,提前关注=额外100宵夜,[等级14],
2026-05-11 23:19:34,3579615618796168,婷吖,提前关注=额外100宵夜,[等级15],[粉丝团 Lv13]
2026-05-11 23:19:34,1868811887183291,⛷,提前关注=额外100宵夜,[等级25],
2026-05-11 23:19:34,106486212124,A佳,提前关注=额外100宵夜,[等级17],[粉丝团 Lv3]
2026-05-11 23:19:34,97084247843,🌈春风吹,提前关注=额外100宵夜,[等级17],[粉丝团 Lv1]
2026-05-11 23:19:34,796459972700712,若ั͡ัꢆº,提前关注=额外100宵夜,[等级22],[粉丝团 Lv10]
2026-05-11 23:19:35,103639217087,汐希,提前关注=额外100宵夜,[等级9],
2026-05-11 23:19:36,1129946969022205,༺༃老衲༒法號༒無情༃༻,提前关注=额外100宵夜,[等级18],
2026-05-11 23:19:36,96876517649,《●鸿●》,提前关注=额外100宵夜,[等级34],[粉丝团 Lv10]
2026-05-11 23:19:37,2422936513294147,靡靡之殷,提前关注=额外100宵夜,[等级10],
2026-05-11 23:19:37,58864450527,等等我,提前关注=额外100宵夜,[等级2],[粉丝团 Lv2]
2026-05-11 23:19:37,105090376843,听说抖音名字可以取很长原来真的可以取很长,提前关注=额外100宵夜,[等级29],[粉丝团 Lv10]
2026-05-11 23:19:37,2601915879013788,“渡”,提前关注=额外100宵夜,[等级3],
2026-05-11 23:19:37,3918283980676119,醒目-,提前关注=额外100宵夜,[等级24],
2026-05-11 23:19:38,108203911092,相濡以沫,提前关注=额外100宵夜,[等级11],[粉丝团 Lv10]
2026-05-11 23:19:38,60644041895,Ꮩ࿆Ꭵ࿆Ꮲ◎   ❁海❁,提前关注=额外100宵夜,[等级26],[粉丝团 Lv14]
2026-05-11 23:19:38,2423798776988656,nindy,提前关注=额外100宵夜,[等级20],[粉丝团 Lv2]
2026-05-11 23:19:40,101410264319,早点睡,提前关注=额外100宵夜,[等级16],[粉丝团 Lv14]
2026-05-11 23:19:41,99273138902,甜白菜🌸,提前关注=额外100宵夜,[等级3],
2026-05-11 23:19:41,103139472131,梦归处 佘生安暖,提前关注=额外100宵夜,[等级14],[粉丝团 Lv4]
2026-05-11 23:19:41,5030027739,阿光,提前关注=额外100宵夜,[等级19],[粉丝团 Lv11]
2026-05-11 23:19:42,404230903956958,《风轻云淡》,提前关注=额外100宵夜,[等级7],[粉丝团 Lv1]
2026-05-11 23:19:43,2664822003729949,陪你一生一世,提前关注=额外100宵夜,[等级10],
2026-05-11 23:19:44,994436965475384,晌午,提前关注=额外100宵夜,[等级11],
2026-05-11 23:19:45,523011045464952,興,提前关注=额外100宵夜,[等级16],[粉丝团 Lv15]
2026-05-11 23:19:46,60776273689,🇨🇳 💤今晚打老虎,提前关注=额外100宵夜,[等级19],[粉丝团 Lv10]
2026-05-11 23:19:46,100011194781,RR～,提前关注=额外100宵夜,[等级17],[粉丝团 Lv9]
2026-05-11 23:19:46,76751136166,莓啤汽𖠚 ˎ,提前关注=额外100宵夜,[等级12],[粉丝团 Lv10]
2026-05-11 23:19:46,79774746113,🌙,提前关注=额外100宵夜,[等级16],[粉丝团 Lv11]
2026-05-11 23:19:46,92333479864,🙊🙈,提前关注=额外100宵夜,[等级11],[粉丝团 Lv10]
2026-05-11 23:19:46,2273412292031917,寒玉,提前关注=额外100宵夜,[等级16],
2026-05-11 23:19:46,4054602636078688,欢喜,提前关注=额外100宵夜,[等级7],
2026-05-11 23:19:46,105025260358,人道洛阳花似锦,提前关注=额外100宵夜,[等级4],[粉丝团 Lv1]
2026-05-11 23:19:46,71393228017,༺ༀ༂࿅小白࿅༂ༀ༻,提前关注=额外100宵夜,[等级20],[粉丝团 Lv8]
2026-05-11 23:19:47,3540907178863518,加倍,提前关注=额外100宵夜,[等级23],[粉丝团 Lv11]
2026-05-11 23:19:47,67265547145,星辰入梦～,提前关注=额外100宵夜,[等级16],[粉丝团 Lv10]
2026-05-11 23:19:47,102376800251,青春无妄,提前关注=额外100宵夜,[等级1],
2026-05-11 23:19:48,97004479072,南宁VG,提前关注=额外100宵夜,[等级2],[粉丝团 Lv4]
2026-05-11 23:19:48,3065900593057672,骰子第七面,提前关注=额外100宵夜,[等级3],
2026-05-11 23:19:48,71893038025,061228,提前关注=额外100宵夜,[等级8],[粉丝团 Lv1]
2026-05-11 23:19:48,18374452326,随「缘,提前关注=额外100宵夜,[等级17],[粉丝团 Lv10]
2026-05-11 23:19:48,71182891125,建,提前关注=额外100宵夜,[等级14],[粉丝团 Lv12]
2026-05-11 23:19:48,2744796472148664,-.,提前关注=额外100宵夜,[等级24],[粉丝团 Lv6]
2026-05-11 23:19:48,101338878791,小戴同志⚓️🇨🇳,提前关注=额外100宵夜,[等级7],
2026-05-11 23:19:49,110080351035,八零23,提前关注=额外100宵夜,[等级28],[粉丝团 Lv9]
2026-05-11 23:19:49,99358555138,66,提前关注=额外100宵夜,[等级27],[粉丝团 Lv14]
2026-05-11 23:19:51,110668064150,小魏,提前关注=额外100宵夜,[等级14],[粉丝团 Lv8]
2026-05-11 23:19:51,626038178593484,一家亲,提前关注=额外100宵夜,[等级9],
2026-05-11 23:19:51,7590313888701858865,草莓,提前关注=额外100宵夜,[等级11],
2026-05-11 23:19:51,98743508873,࿌༒࿈凌ཻ༙༙྇࿈༒,提前关注=额外100宵夜,[等级20],[粉丝团 Lv3]
2026-05-11 23:19:51,66787235157,🐧4823🐧李福华🐧,提前关注=额外100宵夜,[等级30],[粉丝团 Lv13]
2026-05-11 23:19:51,60546422162,你头发乱了喔,提前关注=额外100宵夜,[等级4],
2026-05-11 23:19:51,110983523708,看见你就烦,提前关注=额外100宵夜,[等级26],
2026-05-11 23:19:51,76653700048,大叔,提前关注=额外100宵夜,[等级27],[粉丝团 Lv12]
2026-05-11 23:19:52,94210202341,只吃开心药💊,提前关注=额外100宵夜,[等级32],
2026-05-11 23:19:52,62041393616,圈圈,提前关注=额外100宵夜,[等级17],[粉丝团 Lv9]
2026-05-11 23:19:53,2616464490628091,柳~benefical,提前关注=额外100宵夜,[等级10],[粉丝团 Lv8]
2026-05-11 23:19:53,2553493627353195,123._♡,提前关注=额外100宵夜,[等级14],[粉丝团 Lv2]
2026-05-11 23:19:55,4358110419886632,怪咖先生,提前关注=额外100宵夜,[等级11],
2026-05-11 23:19:55,111310057381,🏃 望前看,提前关注=额外100宵夜,[等级5],
2026-05-11 23:19:55,80821965711,c,提前关注=额外100宵夜,[等级13],[粉丝团 Lv11]
2026-05-11 23:19:56,3204430699437128,盼盼🌈🌈🌈🌈🌈🌈🌈,提前关注=额外100宵夜,[等级7],
2026-05-11 23:19:56,66914748227,{千城墨白},提前关注=额外100宵夜,[等级23],[粉丝团 Lv13]
2026-05-11 23:19:56,1480422249736436,清禾·初霁,提前关注=额外100宵夜,[等级9],[粉丝团 Lv11]
2026-05-11 23:19:56,2645863088526809,深山袅袅,提前关注=额外100宵夜,[等级4],
2026-05-11 23:19:56,3736565212000596,你猜我,提前关注=额外100宵夜,[等级13],
2026-05-11 23:19:58,940833112599501,✨ོꦿ 房琸雅༼༻,提前关注=额外100宵夜,[等级24],[粉丝团 Lv13]
2026-05-11 23:19:59,104060930680,杨杨杨,提前关注=额外100宵夜,[等级20],[粉丝团 Lv3]
2026-05-11 23:19:59,2236845591372196,好坏都是我,提前关注=额外100宵夜,[等级8],[粉丝团 Lv5]
2026-05-11 23:19:59,55682208092,design_刚哥,提前关注=额外100宵夜,[等级19],[粉丝团 Lv1]
2026-05-11 23:19:59,102293325176,苍老的小孩,提前关注=额外100宵夜,[等级7],[粉丝团 Lv5]
2026-05-11 23:19:59,93635941053,不懂💀❗,提前关注=额外100宵夜,[等级1],
2026-05-11 23:19:59,64842469038,47只猫,提前关注=额外100宵夜,[等级23],[粉丝团 Lv12]
2026-05-11 23:19:59,545002548625886,被男神骂装货怀恨在心偷他拼好饭.,提前关注=额外100宵夜,[等级21],[粉丝团 Lv1]
2026-05-11 23:19:59,99951724243,苏默,提前关注=额外100宵夜,[等级7],
2026-05-11 23:20:00,1038405120558685,Doc.Q,提前关注=额外100宵夜,[等级4],[粉丝团 Lv2]
2026-05-11 23:20:00,209372216559450,乌海阿诺造型,提前关注=额外100宵夜,[等级11],[粉丝团 Lv3]
2026-05-11 23:20:01,2616481862662276,小王唱歌不跑调🥰,提前关注=额外100宵夜,[等级3],
2026-05-11 23:20:01,96071371157,一个滑铲✔️,提前关注=额外100宵夜,[等级6],[粉丝团 Lv10]
2026-05-11 23:20:01,96522458529,ο▬▬▬◙▅▅▆▆▆▆◤,提前关注=额外100宵夜,[等级9],[粉丝团 Lv2]
2026-05-11 23:20:01,65984678233,好柿豆花生,提前关注=额外100宵夜,[等级12],[粉丝团 Lv5]
2026-05-11 23:20:01,74188858717,小兔子妈咪,提前关注=额外100宵夜,[等级16],[粉丝团 Lv13]
2026-05-11 23:20:02,3305574269727267,咸蛋,提前关注=额外100宵夜,[等级13],[粉丝团 Lv8]
2026-05-11 23:20:02,109920079885,黄金珍奶巧克力,提前关注=额外100宵夜,[等级20],
2026-05-11 23:20:02,2278665718350259,可可可可可,提前关注=额外100宵夜,[等级20],[粉丝团 Lv9]
2026-05-11 23:20:02,97565879770,未知,提前关注=额外100宵夜,[等级30],[粉丝团 Lv13]
2026-05-11 23:20:02,80327052290,每天都很困,提前关注=额外100宵夜,[等级13],
2026-05-11 23:20:02,65934328725,🏀、,提前关注=额外100宵夜,[等级12],[粉丝团 Lv6]
2026-05-11 23:20:03,93584401913,我干嘛了.,提前关注=额外100宵夜,[等级22],[粉丝团 Lv9]
2026-05-11 23:20:03,4402094832624487,啥也不想看,提前关注=额外100宵夜,[等级13],[粉丝团 Lv10]
2026-05-11 23:20:03,2135722312078522,6哈哈,提前关注=额外100宵夜,[等级10],[粉丝团 Lv4]
2026-05-11 23:20:03,66894441509,阿米嘎滴哆咪,提前关注=额外100宵夜,[等级4],
2026-05-11 23:20:03,1880641936338171,用户5409808496797,提前关注=额外100宵夜,[等级7],[粉丝团 Lv10]
2026-05-11 23:20:03,201907568913831,宝̊,提前关注=额外100宵夜,[等级13],[粉丝团 Lv5]
2026-05-11 23:20:05,96894780169,腻笑,提前关注=额外100宵夜,[等级33],[粉丝团 Lv12]
2026-05-11 23:20:05,88688880486,微笑🚥,提前关注=额外100宵夜,[等级15],[粉丝团 Lv12]
2026-05-11 23:20:06,3996063592881981,@@🚬yangꦿ᭄ཽ࿆࿆:,提前关注=额外100宵夜,[等级15],[粉丝团 Lv10]
2026-05-11 23:20:06,3588451673324717,小闫同学ya ⁸⁶¹,提前关注=额外100宵夜,[等级19],[粉丝团 Lv2]
2026-05-11 23:20:06,87679304527,大头一米五,提前关注=额外100宵夜,[等级3],
2026-05-11 23:20:06,101241162207,ItookapillinLA.,提前关注=额外100宵夜,[等级22],[粉丝团 Lv4]
2026-05-11 23:20:07,2629627423229533,茆,提前关注=额外100宵夜,[等级14],[粉丝团 Lv3]
2026-05-11 23:20:07,101735050325,是阳阳啊,提前关注=额外100宵夜,[等级16],
2026-05-11 23:20:07,196131646094872,小洋哥的零花钱,提前关注=额外100宵夜,[等级32],[粉丝团 Lv2]
2026-05-11 23:20:09,576590269653319,下🌧️了,提前关注=额外100宵夜,[等级20],[粉丝团 Lv9]
2026-05-11 23:20:10,2605167718186410,抠脚大汉,提前关注=额外100宵夜,[等级34],[粉丝团 Lv10]
2026-05-11 23:20:11,83068799320,好运连连,提前关注=额外100宵夜,[等级15],[粉丝团 Lv14]
2026-05-11 23:20:11,71027775979,𓆡𓆝𓆟𓆜𓆞𓆝,提前关注=额外100宵夜,[等级30],[粉丝团 Lv1]
2026-05-11 23:20:11,95579765825,鱼䲆鱻䲜@,提前关注=额外100宵夜,[等级9],[粉丝团 Lv3]
2026-05-11 23:20:11,7429498621357540409,不善言辞,提前关注=额外100宵夜,[等级22],[粉丝团 Lv14]
2026-05-11 23:20:11,97826805522,鈊侟鄯惗,提前关注=额外100宵夜,[等级17],[粉丝团 Lv10]
2026-05-11 23:20:11,681341494757580,氯酸钾,提前关注=额外100宵夜,[等级12],[粉丝团 Lv9]
2026-05-11 23:20:11,81024957841,曾经的兵哥哥,提前关注=额外100宵夜,[等级26],[粉丝团 Lv9]
2026-05-11 23:20:12,78792199935,烟花巷陌,提前关注=额外100宵夜,[等级25],
2026-05-11 23:20:12,1118622931504347,好运常伴我,提前关注=额外100宵夜,[等级13],
2026-05-11 23:20:13,3509252660400893,沉默是金@,提前关注=额外100宵夜,[等级15],
2026-05-11 23:20:13,63863149284,🌈小钥钥¹²¹²,提前关注=额外100宵夜,[等级19],
2026-05-11 23:20:13,769253535921340,QQ糖🍬ぃ,提前关注=额外100宵夜,[等级19],[粉丝团 Lv11]
2026-05-11 23:20:13,10559013041,犯困就睡la,提前关注=额外100宵夜,[等级4],[粉丝团 Lv4]
2026-05-11 23:20:13,75870868149,吃饭的时候不饿,提前关注=额外100宵夜,[等级11],[粉丝团 Lv9]
2026-05-11 23:20:15,97317811060,²⁰²⁵__莪鍾意伱,提前关注=额外100宵夜,[等级20],[粉丝团 Lv6]
2026-05-11 23:20:15,2585655341231080,好人,提前关注=额外100宵夜,[等级16],[粉丝团 Lv11]
2026-05-11 23:20:16,79752351630,我、,提前关注=额外100宵夜,[等级19],[粉丝团 Lv11]
2026-05-11 23:20:17,1279451033246899,（小游）🤍🐾1108,提前关注=额外100宵夜,[等级34],[粉丝团 Lv15]
2026-05-11 23:20:17,92333942259,刘,提前关注=额外100宵夜,[等级23],[粉丝团 Lv12]
2026-05-11 23:20:17,101902288295,As cc,提前关注=额外100宵夜,[等级28],
