time,user_id,user_name,content,grade,fans_club
2026-05-16 12:03:56,1135129825119888,快到盆里来,1080,[等级8],
2026-05-16 12:03:56,72382172350,殇雪,晚了2分钟,[等级10],
2026-05-16 12:03:56,84159073433,不入戏🍃,我来啦[比心][比心][比心],[等级20],[粉丝团 Lv12]
2026-05-16 12:03:56,4258846191921225,幸福的终点是你,好听好听好听好听好听好听好听,[等级7],[粉丝团 Lv4]
2026-05-16 12:03:57,96293235234,每天都要看妞,今天准时。干屎了没,[等级12],[粉丝团 Lv5]
2026-05-16 12:03:57,3147266134918243,凳子,雅姐,,
2026-05-16 12:03:57,110895971722,一个人挺好…👿,这局我看过落地成盒,[等级24],[粉丝团 Lv9]
2026-05-16 12:03:57,4258846191921225,幸福的终点是你,好听好听好听好听好听好听,[等级7],[粉丝团 Lv4]
2026-05-16 12:03:57,109180026220,ki9u,猫局嘞,[等级9],[粉丝团 Lv1]
2026-05-16 12:03:57,99882436761,，。。。。,[比心],[等级20],[粉丝团 Lv5]
2026-05-16 12:03:57,1576052894208233,泡8喝9说10话,哈喽,[等级14],
2026-05-16 12:03:57,61748084992,川沙贝贝贝贝贝贝,中午好宝贝,[等级19],[粉丝团 Lv10]
2026-05-16 12:03:58,2294045516499104,嘟,@陈薪玲 没有为什么,[等级13],[粉丝团 Lv10]
2026-05-16 12:03:59,104289922734,芝麻糊糊,今天准时啦,[等级10],
2026-05-16 12:04:00,1576052894208233,泡8喝9说10话,张大房,[等级14],
2026-05-16 12:04:02,97929220301,ღ᭄ꦿℒℴѵℯএ强,中午好,[等级9],
2026-05-16 12:04:03,103638952334,🐑安灏,迟到了,[等级13],[粉丝团 Lv5]
2026-05-16 12:04:04,72470239012,滴哩哩,[比心],[等级13],[粉丝团 Lv3]
2026-05-16 12:04:05,59378850517,旧版-老张,猫局呢！,[等级21],
2026-05-16 12:04:06,1066969880079371,@王先生@,来了来了,[等级7],[粉丝团 Lv8]
2026-05-16 12:04:07,1453995430513568,多多赚钱,[一起加油][一起加油][一起加油][一起加油][一起加油][一起加油][一起加油],[等级7],[粉丝团 Lv3]
2026-05-16 12:04:08,94694009364,张全蛋的腿毛⁵¹⁰⁷⁴,呦吼,[等级31],[粉丝团 Lv16]
2026-05-16 12:04:08,102380940885,乱了浮生,今天终于娱乐局了，,[等级26],[粉丝团 Lv11]
2026-05-16 12:04:10,4459243629712462,永( ˝ᗢ̈˝ )²⁴⁹,因为技术加身体素质都高哇,[等级24],[粉丝团 Lv13]
2026-05-16 12:04:12,98930319391,晴天。,来啦来啦,[等级9],[粉丝团 Lv2]
2026-05-16 12:04:14,752511004979607,人间失格,四川哪里的,[等级4],
2026-05-16 12:04:15,839672879395031,陆桐桐,九权下班你上班,[等级20],[粉丝团 Lv1]
2026-05-16 12:04:15,4862013350589,厉扑,所里的事解决了吗？,[等级21],[粉丝团 Lv11]
2026-05-16 12:04:15,458944523016780,秋言若水🍂,张君雅 我喜欢你[比心],[等级14],
2026-05-16 12:04:18,97652805920,恩哥,今天还过生日吗？,[等级21],[粉丝团 Lv7]
2026-05-16 12:04:18,4503658257446344,🥐cornetto,除了星期二都播,[等级41],[粉丝团 Lv6]
2026-05-16 12:04:19,70929227201,你好啊泽,1,[等级23],
2026-05-16 12:04:19,62203129282,王𝒲𝒶𝓃ℊ ᥫᩣ💫,不是天天 是除了周二,[等级27],[粉丝团 Lv15]
2026-05-16 12:04:20,78503495957,Winston·Diana,队友是谁,[等级12],[粉丝团 Lv10]
2026-05-16 12:04:20,279718988623529,Luka,迟到加班,[等级24],[粉丝团 Lv6]
2026-05-16 12:04:20,2590102490720099,梦醉扶摇,盒盒盒,[等级21],[粉丝团 Lv10]
2026-05-16 12:04:21,1231908516937566,fine,[666],[等级7],
2026-05-16 12:04:22,98200507751,赶路人,这游戏到底咋玩儿啊，越玩越不会了,[等级31],
2026-05-16 12:04:22,68237756614,陈山野🌈🌈🌈🌈,午饭已经准备好[看][看],[等级15],[粉丝团 Lv7]
2026-05-16 12:04:23,65008922355,🌈浮夸.,我迟到了，快给我道歉。,[等级27],[粉丝团 Lv5]
2026-05-16 12:04:24,68359033340,满满,除了周二,[等级11],[粉丝团 Lv7]
2026-05-16 12:04:24,3120827745703849,忠杰终结,为啥给你叫张老黑,[等级22],[粉丝团 Lv3]
2026-05-16 12:04:25,3430895678660199,就要李_发财,老黑，枸杞原浆还有没，我最近有点虚,[等级29],
2026-05-16 12:04:25,88757268529,张小狮,昨天还可以啊,[等级11],[粉丝团 Lv11]
2026-05-16 12:04:27,76707525955,青城山-十三月客栈。🎐,你不播，我就不得劲,[等级12],[粉丝团 Lv3]
2026-05-16 12:04:28,4503658257446344,🥐cornetto,电脑维护了吗,[等级41],[粉丝团 Lv6]
2026-05-16 12:04:28,55159220102,BWRZ（记录美好）,也没有太没[看][看][看][看],[等级36],[粉丝团 Lv16]
2026-05-16 12:04:31,95825172162,孤身熬过四季寒ꦿ,中午好，老黑,[等级10],
2026-05-16 12:04:38,62163158251,椎造,赵新在看吗,[等级17],[粉丝团 Lv3]
2026-05-16 12:04:38,106595660023,阳光☀️,最喜欢看张君雅,[等级5],
2026-05-16 12:04:38,64124242405,Dreamer,队友呢,,
2026-05-16 12:04:40,110895971722,一个人挺好…👿,@恩哥 说什么呢，老黑天天生日,[等级24],[粉丝团 Lv9]
2026-05-16 12:04:42,1075773400438494,还会再见吗,小雅雅,[等级2],[粉丝团 Lv5]
2026-05-16 12:04:42,1917175235877295,裤衩丢了的我找了一夜又一夜,雅姐,[等级22],[粉丝团 Lv1]
2026-05-16 12:04:42,1242904070991179,一品香,康熙灭队,[等级1],
2026-05-16 12:04:46,2225013806866989,浅草园艺（何雨）铁机店,为什么不能双休啊[捂脸],[等级11],[粉丝团 Lv8]
2026-05-16 12:04:48,2590102490720099,梦醉扶摇,啊,[等级21],[粉丝团 Lv10]
2026-05-16 12:04:49,1902597345383916,白色.,饭搭子，哈哈哈,[等级9],[粉丝团 Lv5]
2026-05-16 12:04:53,2093067748255504,@？～￥￥￥￥ycfx,有没有把所里的事处理好,[等级13],[粉丝团 Lv13]
2026-05-16 12:04:55,82475360736,🌈鱼,好几天没看你直播了,[等级33],[粉丝团 Lv6]
2026-05-16 12:04:55,70089648286,东哥,小雅好[比心][比心][比心],[等级15],[粉丝团 Lv2]
2026-05-16 12:04:55,4503658257446344,🥐cornetto,声卡不会开不了机啊,[等级41],[粉丝团 Lv6]
2026-05-16 12:04:59,103496139779,不爱吃猫的鱼,最后两把也吃鸡了  可以了,[等级21],[粉丝团 Lv2]
2026-05-16 12:05:04,97652805920,恩哥,主播，今天还过生日吗？,[等级21],[粉丝团 Lv7]
2026-05-16 12:05:06,4142569167522718,秋风雨夜,把声带换了,[等级10],[粉丝团 Lv4]
2026-05-16 12:05:06,839672879395031,陆桐桐,最喜欢2大主播，张君雅，小老虎，,[等级20],[粉丝团 Lv1]
2026-05-16 12:05:07,69960935727,Y 、8555🐵,准时,[等级20],[粉丝团 Lv7]
2026-05-16 12:05:07,794292584977896,ℳℒℴѵℯ·李·ꦿ໊ོ⁵²⁰@,老黑老黑,[等级2],[粉丝团 Lv5]
2026-05-16 12:05:08,1085940474324414,老四666,又单飞,[等级7],[粉丝团 Lv2]
2026-05-16 12:05:10,1256112565303898,喂猪啦,御姐音还有吗？,,
2026-05-16 12:05:11,104909120110,Mr. Liu@,没声音,[等级33],[粉丝团 Lv2]
2026-05-16 12:05:12,452592066894947,ᯅ 对方已拒绝,[比心],[等级7],[粉丝团 Lv4]
2026-05-16 12:05:12,4112604411736253,兔粉妆,早上好[比心],[等级15],[粉丝团 Lv10]
2026-05-16 12:05:14,2318204194271443,龙行天下,俊雅每天直播时间是啥时候啊,[等级4],
2026-05-16 12:05:15,81160200889,白洛師門,除了你。不爱看别人。,[等级21],[粉丝团 Lv4]
2026-05-16 12:05:16,279718988623529,Luka,1,[等级24],[粉丝团 Lv6]
2026-05-16 12:05:22,64124242405,Dreamer,老黑偷人去这招我熟,,
2026-05-16 12:05:28,24852553135,仙,@褄 开播啦,[等级28],[粉丝团 Lv12]
2026-05-16 12:05:35,87685795754,硕歌,上去给他抓了,[等级11],[粉丝团 Lv8]
2026-05-16 12:05:36,55159220102,BWRZ（记录美好）,干了[看][看][看],[等级36],[粉丝团 Lv16]
2026-05-16 12:05:42,2361371952155971,꧁༺๑ 安老大๑༻꧂,搞雅雅,[等级24],[粉丝团 Lv6]
2026-05-16 12:05:42,52690548193,Rebirth🥤,刚刚撞菜园子了，才园子跑了,[等级28],[粉丝团 Lv5]
2026-05-16 12:05:47,100252343477,不羁,老六打法吗哈哈哈哈,[等级10],[粉丝团 Lv1]
2026-05-16 12:05:49,892413678724877,厌遇,[不失礼貌的微笑][斜眼][不失礼貌的微笑][斜眼][不失礼貌的微笑][斜眼],[等级24],[粉丝团 Lv6]
2026-05-16 12:05:52,476528295288860,天道酬勤,爱你老黑,[等级3],[粉丝团 Lv3]
2026-05-16 12:05:54,3934507317863532,一个从人民中走出来的普通人（轮回版）,张老黑我也来了哦[捂脸],[等级23],[粉丝团 Lv2]
2026-05-16 12:05:54,100252343477,不羁,上卫星楼,[等级10],[粉丝团 Lv1]
2026-05-16 12:05:55,100028994237,用户9991,苟分不容易，算了吧,[等级19],[粉丝团 Lv10]
2026-05-16 12:05:58,476528295288860,天道酬勤,[看],[等级3],[粉丝团 Lv3]
2026-05-16 12:05:59,98460975967,ەㅤㅤㅤㅤㅤㅤㅤㅤㅤ一个蛋🥚 ㅤㅤㅤㅤ,搞快点,[等级34],[粉丝团 Lv10]
2026-05-16 12:06:07,448249880646383,王显生,变老六感觉比以前更强了,[等级16],[粉丝团 Lv11]
2026-05-16 12:06:15,1843231749047240,范不上✨ZHENG,张君雅[舔屏][舔屏][舔屏],[等级2],
2026-05-16 12:06:30,98349299658,刚刚@好,又来看我女神了,[等级26],
2026-05-16 12:06:30,607343060979028,兔子和青草,队友是谁，没出声啊！还是今天老6局,[等级24],[粉丝团 Lv9]
2026-05-16 12:06:32,83687491547,᭄ꦿ張᭄ꦿ,雅雅第一把不表演一个落地成盒嘛,[等级26],[粉丝团 Lv5]
2026-05-16 12:06:34,3934507317863532,一个从人民中走出来的普通人（轮回版）,黑宝[捂脸],[等级23],[粉丝团 Lv2]
2026-05-16 12:06:38,2018327256903347,柒年,终于等到你，还好我没放弃,[等级10],
2026-05-16 12:06:40,100252343477,不羁,去山下蹲守,[等级10],[粉丝团 Lv1]
2026-05-16 12:07:00,4165407898869996,每天对被子表白,干拉跑了吧,[等级5],[粉丝团 Lv2]
2026-05-16 12:07:05,4321509304176393,厚厚🉑,老黑没出过金吗[看],[等级10],[粉丝团 Lv10]
2026-05-16 12:07:05,4208566998404589,玩归玩闹归闹,怎么没和才园园一起玩啊,[等级8],
2026-05-16 12:07:05,97062680554,老酒馆的猫,蹲一波,[等级7],[粉丝团 Lv10]
2026-05-16 12:07:11,175538554811668,花样男,上面有飞机,[等级15],[粉丝团 Lv8]
2026-05-16 12:07:12,101629850514,张老黑的飞哥⁵¹⁰⁷⁴,我在吃饭，老黑,[等级33],[粉丝团 Lv16]
2026-05-16 12:07:13,4161020901206477,与冬不唤,不是钢枪嘛,[等级10],
2026-05-16 12:07:15,62896791912,peekaboo,在吃饭呢！！！,[等级8],
2026-05-16 12:07:16,21643884763804,经典永不过时,我在吃饭你说拉屎,,
2026-05-16 12:07:16,892413678724877,厌遇,[尬笑][黑脸][尬笑][黑脸][尬笑][黑脸],[等级24],[粉丝团 Lv6]
2026-05-16 12:07:17,4138216943280167,白萌,在吃饭呢,[等级19],
2026-05-16 12:07:19,1135129825119888,快到盆里来,饭点 你拉什么屎,[等级8],
2026-05-16 12:07:19,2322588576267069,1979,老子在吃饭,[等级30],[粉丝团 Lv11]
2026-05-16 12:07:20,2840776176057645,F2,楼顶,[等级25],[粉丝团 Lv13]
2026-05-16 12:07:23,2317394450845011,嬷🤡,苟分局,[等级1],
2026-05-16 12:07:29,62082825688,随心随缘,是我啊，已经开滑翔机走了,[等级28],[粉丝团 Lv4]
2026-05-16 12:07:31,84014250529,杨某某,带粉丝么,[等级12],[粉丝团 Lv1]
2026-05-16 12:07:31,69245046584,☞BO☜,拉西了,[等级2],
2026-05-16 12:07:31,3259400131708952,🌈_ღ大勇,死鬼又去偷人[看][看],[等级8],[粉丝团 Lv10]
2026-05-16 12:07:42,1135129825119888,快到盆里来,吃饭时间，你拉什么屎💩,[等级8],
2026-05-16 12:07:43,448249880646383,王显生,我正在吃饭你说拉粑粑礼貌吗[抠鼻],[等级16],[粉丝团 Lv11]
2026-05-16 12:07:44,102469975321,✨名门⭐️,@张灯的头发 真的挺像[比心][比心][比心][捂脸][捂脸],[等级19],[粉丝团 Lv15]
2026-05-16 12:07:51,100028994237,用户9991,一喷子[捂脸][捂脸][捂脸],[等级19],[粉丝团 Lv10]
2026-05-16 12:07:54,1259364523448220,狒狒躺赢纪,中午好雅姐,[等级19],[粉丝团 Lv5]
2026-05-16 12:07:55,111579618145,阳光🤏,嘴碎主播南宝万,[等级16],
2026-05-16 12:08:16,95554782081,一菲爸爸,小房间角落,[等级7],
2026-05-16 12:08:19,68338678197,浅墨,密室可能不,[等级46],[粉丝团:张君雅 Lv10]
2026-05-16 12:08:20,246758888446382,大猪蹄子🐷,不像,[等级16],
2026-05-16 12:08:21,98828564130,张灯的头发,@✨名门⭐️ 真的吗,[等级22],[粉丝团 Lv8]
2026-05-16 12:08:22,83782544890,✨奥博工艺✨,拉屎掉厕所里了[捂脸],[等级10],[粉丝团 Lv5]
2026-05-16 12:08:29,88688880486,微笑🚥,这里会刷一架飞机吧,[等级15],[粉丝团 Lv12]
2026-05-16 12:08:34,75956341032,唯一,飞下去,[等级16],[粉丝团 Lv10]
2026-05-16 12:08:38,102469975321,✨名门⭐️,@张灯的头发 对对对！[捂脸][捂脸],[等级19],[粉丝团 Lv15]
2026-05-16 12:08:40,3259400131708952,🌈_ღ大勇,从天而降的马法,[等级8],[粉丝团 Lv10]
2026-05-16 12:08:41,4321509304176393,厚厚🉑,老六见老六[看],[等级10],[粉丝团 Lv10]
2026-05-16 12:08:42,2150263172647869,陳十一,老6说老6[看],[等级11],[粉丝团 Lv7]
2026-05-16 12:08:44,87685795754,硕歌,小老六碰上了大老六,[等级11],[粉丝团 Lv8]
2026-05-16 12:08:45,100252343477,不羁,有时候会,[等级10],[粉丝团 Lv1]
2026-05-16 12:08:50,104917868526,🌅,张老六说小老六,[等级7],[粉丝团 Lv8]
2026-05-16 12:08:50,12347700151,何必执着,小老六遇上大老六,[等级35],[粉丝团 Lv13]
2026-05-16 12:08:55,63416229807,风沙迷了眼⁵¹⁰⁷⁴,[捂脸][捂脸][捂脸][捂脸][捂脸],[等级21],[粉丝团 Lv15]
2026-05-16 12:08:56,794278634983936,FLIPPED,爱播我来啦[比心],[等级16],[粉丝团 Lv11]
2026-05-16 12:09:00,1135129825119888,快到盆里来,？,[等级8],
2026-05-16 12:09:02,84172950417,那,@用户9991,[等级10],
2026-05-16 12:09:02,83024458084,善保,我要是在这死了，就是死在这了。,[等级32],[粉丝团 Lv2]
2026-05-16 12:09:03,84159073433,不入戏🍃,[捂脸][捂脸][捂脸][捂脸],[等级20],[粉丝团 Lv12]
2026-05-16 12:09:03,2598859158075331,守猎者,死老六,[等级8],
2026-05-16 12:09:04,1257437656002798,某某.,老六说老六,[等级34],[粉丝团:张君雅 Lv16]
2026-05-16 12:09:07,76133959662,@等风起,像,[等级14],[粉丝团 Lv8]
2026-05-16 12:09:09,1638744213695143,那就这样子,吓死我了,[等级18],[粉丝团 Lv10]
2026-05-16 12:09:11,2782225270309235,问心,看你打爆炸弓，我终于学会了一剑爆头[看][看][看],[等级13],[粉丝团 Lv8]
2026-05-16 12:09:13,83024458084,善保,经典语录啊,[等级32],[粉丝团 Lv2]
2026-05-16 12:09:19,1453995430513568,多多赚钱,[666][666][666],[等级7],[粉丝团 Lv3]
2026-05-16 12:09:20,102469975321,✨名门⭐️,@张灯的头发 特别像！兄弟姐妹们可以听一下[捂脸][捂脸],[等级19],[粉丝团 Lv15]
2026-05-16 12:09:21,83570466940,J·Aug ²⁰ Leo✧︒,怎么还用上野牛了,[等级24],[粉丝团 Lv10]
2026-05-16 12:09:24,100028994237,用户9991,掉大分[捂脸],[等级19],[粉丝团 Lv10]
2026-05-16 12:09:27,76133959662,@等风起,声音很像,[等级14],[粉丝团 Lv8]
2026-05-16 12:09:27,98466077792,发發乏,这么高跳下来，马都没死,[等级14],[粉丝团 Lv3]
2026-05-16 12:09:31,191791620436266,捡到一分钱,那么高，马都没死？,[等级11],[粉丝团 Lv10]
2026-05-16 12:09:32,109336122589,♛,软糯香甜的小蛋糕我来了,[等级7],
2026-05-16 12:09:35,68509782200,E.,老黑中午是单排吗？,[等级12],
2026-05-16 12:09:35,110845165410,🍊橙子,恐高症犯了😨,[等级14],
2026-05-16 12:09:37,103861981610,대77,@问心 学会了被敌人爆头吗[捂脸],[等级40],[粉丝团 Lv16]
2026-05-16 12:09:39,4164567745964686,帕·拉,你别抓小老六了 人家苟个分也不容易，你去打会玩的吧,[等级26],[粉丝团 Lv11]
2026-05-16 12:09:41,99083196105,平城梦,怎么天天都能打到这哥们[捂脸][捂脸][捂脸],[等级13],[粉丝团 Lv10]
2026-05-16 12:09:43,4503658257446344,🥐cornetto,我学爆炸弓学废了,[等级41],[粉丝团 Lv6]
2026-05-16 12:09:44,55983934170,神吊侠侣,遇到你也是倒霉[捂脸],[等级11],
2026-05-16 12:09:53,892413678724877,厌遇,老是从这么高跳下来[黑脸][咒骂]，恐高症犯了[黑脸][躺平][黑脸][躺平],[等级24],[粉丝团 Lv6]
2026-05-16 12:09:54,108825768878,南山居士,强烈呼吁和平精英必须给和平一姐张君雅全套黄金风衣的第4天！,[等级1],
2026-05-16 12:09:57,101795391933,坦然面对,中午热度不行啊,[等级18],[粉丝团 Lv2]
2026-05-16 12:10:03,103861981610,대77,爱播你小心2号她要炸死你,[等级40],[粉丝团 Lv16]
2026-05-16 12:10:04,246758888446382,大猪蹄子🐷,红衣大炮预备,[等级16],
2026-05-16 12:10:11,1135129825119888,快到盆里来,开臻彩,[等级8],
2026-05-16 12:10:13,1759669246498072,暴君,我送了2年灯牌了，还是没有升级,[等级27],[粉丝团 Lv10]
2026-05-16 12:10:16,93298324846,小鼻嘎,@坦然面对 刚开播,[等级22],[粉丝团 Lv12]
2026-05-16 12:10:18,1453995430513568,多多赚钱,人机,[等级7],[粉丝团 Lv3]
2026-05-16 12:10:26,1709115167487976,流逝的记忆（关注立即回关）,我去堂堂9000淘汰分的战神居然拿vss,[等级29],[粉丝团 Lv15]
2026-05-16 12:10:27,87685795754,硕歌,去密室看看,[等级11],[粉丝团 Lv8]
2026-05-16 12:10:28,1135129825119888,快到盆里来,为什么不开臻彩,[等级8],
2026-05-16 12:10:31,1453995430513568,多多赚钱,人机开的车,[等级7],[粉丝团 Lv3]
2026-05-16 12:10:31,109336122589,♛,今天的声音好听以后就这声音吧,[等级7],
2026-05-16 12:10:35,893243414819400,酒,雅宝,[等级3],[粉丝团 Lv7]
2026-05-16 12:10:36,1135129825119888,快到盆里来,为什么不开臻彩,[等级8],
2026-05-16 12:10:43,3378144954030583,用户726,@暴君 刷礼物升的快,[等级7],[粉丝团 Lv6]
2026-05-16 12:10:43,2274247923467549,知遇👣,@坦然面对 才开播几分钟想多高,[等级24],[粉丝团 Lv10]
2026-05-16 12:10:45,3250624171618980,@冷风,撞鲨鱼了,,
2026-05-16 12:10:49,4321509304176393,厚厚🉑,有道理,[等级10],[粉丝团 Lv10]
2026-05-16 12:10:50,449017683913731,W▁Z,刚来 局哥呢？,[等级7],[粉丝团 Lv11]
2026-05-16 12:10:55,110080351035,八零23,又偷人,[等级28],[粉丝团 Lv9]
2026-05-16 12:10:57,4321509304176393,厚厚🉑,快去大吃特吃吧,[等级10],[粉丝团 Lv10]
2026-05-16 12:10:58,108825768878,南山居士,强烈呼吁和平精英必须给和平一姐张君雅全套黄金风衣的第4天！,[等级1],
2026-05-16 12:11:00,83151173454603,随遇安-,@快到盆里来 自己开呀,[等级8],
2026-05-16 12:11:00,4321509304176393,厚厚🉑,[看],[等级10],[粉丝团 Lv10]
2026-05-16 12:11:08,64124242405,Dreamer,捡点破烂,,
2026-05-16 12:11:10,1135129825119888,快到盆里来,@随遇安- 开不了啊,[等级8],
2026-05-16 12:11:10,1684107914131324,䲜                ╲,@🌈賧賧🌈 @🌈鱻 我的宝宝在吗？[流泪],[等级21],[粉丝团 Lv12]
2026-05-16 12:11:11,102469975321,✨名门⭐️,@南山居士 [666][666][捂脸],[等级19],[粉丝团 Lv15]
2026-05-16 12:11:11,3161849263567373,🌈慢慢慢,刚刚人机还把我车偷了,[等级15],
2026-05-16 12:11:13,3839954220231357,男sir,密室去了,[等级12],
2026-05-16 12:11:33,2274247923467549,知遇👣,@暴君 真的假的我几天都十级,[等级24],[粉丝团 Lv10]
2026-05-16 12:11:33,104917868526,🌅,今天升9级,[等级7],[粉丝团 Lv8]
2026-05-16 12:11:44,108756856233,殷澍锴,去抢空投，vss配不上你！[捂脸][捂脸][捂脸],[等级4],[粉丝团 Lv3]
2026-05-16 12:11:47,1135129825119888,快到盆里来,为什么我开不了臻彩,[等级8],
2026-05-16 12:11:57,97156735623,55岁美艳毒妇,好像没搜,[等级21],[粉丝团 Lv12]
2026-05-16 12:11:59,4007100812373215,小小ˇ,z吗。,[等级2],
2026-05-16 12:12:00,1135129825119888,快到盆里来,为什么我开不了臻彩,[等级8],
2026-05-16 12:12:01,1759669246498072,暴君,@知遇👣 你升11试试,[等级27],[粉丝团 Lv10]
2026-05-16 12:12:06,1135129825119888,快到盆里来,为什么我开不了臻彩,[等级8],
2026-05-16 12:12:07,100252343477,不羁,队友干空投了吗,[等级10],[粉丝团 Lv1]
2026-05-16 12:12:11,378653761608896,ᥫᩣ⁵²º🐒₁₉₉²杨℘࿐ᩚ,拿下拿下,[等级22],[粉丝团 Lv1]
2026-05-16 12:12:18,1135129825119888,快到盆里来,为什么我开不了臻彩,[等级8],
2026-05-16 12:12:20,619780006226327,远方,为什么看美女跳钢管舞一点都不卡，看你打游戏卡得要死？,[等级16],[粉丝团 Lv12]
2026-05-16 12:12:20,104917868526,🌅,@深情（张君雅助理） 9级有群吗,[等级7],[粉丝团 Lv8]
2026-05-16 12:12:28,2274247923467549,知遇👣,@暴君 快了,[等级24],[粉丝团 Lv10]
2026-05-16 12:12:34,3557665193860644,梅钞疯 󰠇,今天不表演秦王绕柱了[捂脸],[等级20],[粉丝团 Lv12]
2026-05-16 12:12:36,1709115167487976,流逝的记忆（关注立即回关）,大家快加团和送灯牌，冲粉丝团团任务,[等级29],[粉丝团 Lv15]
2026-05-16 12:12:37,4503658257446344,🥐cornetto,VSS是不是没标记的,[等级41],[粉丝团 Lv6]
2026-05-16 12:12:49,101629850514,张老黑的飞哥⁵¹⁰⁷⁴,@远方 不反省？,[等级33],[粉丝团 Lv16]
2026-05-16 12:12:54,100028994237,用户9991,@远方 可能是钢管的原因[捂脸],[等级19],[粉丝团 Lv10]
2026-05-16 12:12:58,399861699315614,@K.H.凯,还是看老黑直播得劲[捂脸][捂脸][捂脸],[等级10],
2026-05-16 12:13:00,95263642004,⑦哥,张老黑不读弹幕别说话,[等级18],
2026-05-16 12:13:04,1143932275131671,月下～独酌,就等你上线了,[等级8],[粉丝团 Lv1]
2026-05-16 12:13:04,2274251339211214,真我,暴炸弓最烦了,[等级7],
2026-05-16 12:13:07,95210153986,情绪超级稳～,主播打巅峰赛吗,[等级1],
2026-05-16 12:13:20,93060552271,小别兔别又别,9级在升级 就要开会员了吗？,[等级11],[粉丝团 Lv9]
2026-05-16 12:13:20,3557665193860644,梅钞疯 󰠇,昨天那个秦王绕柱一定要剪出来，太精彩了[捂脸],[等级20],[粉丝团 Lv12]
2026-05-16 12:13:30,104278450082,🌈凡人多烦事,老黑啥时候换电脑,[等级17],[粉丝团 Lv2]
2026-05-16 12:13:31,2229460732220552,做个俗人,单排好像没之前人多了！,[等级22],[粉丝团 Lv11]
2026-05-16 12:13:33,417427108929038,麦幽,三级,[等级3],[粉丝团 Lv6]
2026-05-16 12:13:33,2201666492307559,慕容皓轩@,中午好[666][赞],[等级16],[粉丝团 Lv11]
2026-05-16 12:13:33,2274247923467549,知遇👣,@远方 系统知道你的喜好[捂脸],[等级24],[粉丝团 Lv10]
2026-05-16 12:13:35,4358937121142893,小猪配骑,来了来了，中午好,[等级16],[粉丝团 Lv7]
2026-05-16 12:13:39,108825768878,南山居士,强烈呼吁和平精英必须给和平一姐张君雅全套黄金风衣的第4天！,[等级1],
2026-05-16 12:13:40,4429299420504542,（!!!）,主播用的第几面板,[等级2],
2026-05-16 12:13:44,83904522899,向天再借五厘米,张君雅昨天我在步行街看见你了[捂脸],[等级23],[粉丝团 Lv10]
2026-05-16 12:13:49,63416229807,风沙迷了眼⁵¹⁰⁷⁴,@做个俗人 她才刚开播十分钟,[等级21],[粉丝团 Lv15]
2026-05-16 12:13:49,1244249822078139,碎星闪闪,[捂脸][捂脸][捂脸][捂脸][捂脸][捂脸][捂脸],[等级7],[粉丝团 Lv10]
2026-05-16 12:14:00,1972970651664173,萌 叔,不能,[等级33],[粉丝团 Lv16]
2026-05-16 12:14:06,1838860180944093,ㅤ0621,[捂脸],[等级19],[粉丝团 Lv12]
2026-05-16 12:14:08,3878732771368995,猫局弟弟没别墅,@萌 叔 昨天是不是撞的你,[等级25],[粉丝团 Lv11]
2026-05-16 12:14:11,95210153986,情绪超级稳～,@深情（张君雅助理） 主播玩巅峰赛吗,[等级1],
2026-05-16 12:14:26,4321509304176393,厚厚🉑,肯定不是你,[等级10],[粉丝团 Lv10]
2026-05-16 12:14:26,4164567745964686,帕·拉,反正不是你,[等级26],[粉丝团 Lv11]
2026-05-16 12:14:26,109042802862,有点困,@情绪超级稳～ 不,[等级14],
2026-05-16 12:14:28,99519056697,一二三k,他不玩,[等级7],[粉丝团 Lv8]
2026-05-16 12:14:30,1838838104734926,花匠小马,冰丝裤衩,[等级34],[粉丝团 Lv15]
2026-05-16 12:14:33,7620716843766498353,团团合豆豆,宝宝开播啦,[等级1],[粉丝团 Lv2]
2026-05-16 12:14:40,97652805920,恩哥,@情绪超级稳～ 巅峰赛他玩不了,[等级21],[粉丝团 Lv7]
2026-05-16 12:14:40,108756856233,殷澍锴,走了，去打架,[等级4],[粉丝团 Lv3]
2026-05-16 12:14:41,1972970651664173,萌 叔,@猫局弟弟没别墅 我才王牌八星。,[等级33],[粉丝团 Lv16]
2026-05-16 12:14:44,100252343477,不羁,那边也在抓老六哈哈哈哈,[等级10],[粉丝团 Lv1]
2026-05-16 12:14:49,94903794510,L,走了,[等级21],[粉丝团 Lv9]
2026-05-16 12:14:57,2717628635552872,零颜☀️,快去打架,[等级33],[粉丝团 Lv10]
2026-05-16 12:14:59,1798427627499870,TeFuir,兄弟们，我来了,[等级26],[粉丝团 Lv12]
2026-05-16 12:15:05,3878732771368995,猫局弟弟没别墅,@萌 叔 打的萌妹的号[看],[等级25],[粉丝团 Lv11]
2026-05-16 12:15:09,95210153986,情绪超级稳～,@恩哥 主播这技术不玩巅峰赛可惜了,[等级1],
2026-05-16 12:15:15,102469975321,✨名门⭐️,我觉得这小子声音挺好听！,[等级19],[粉丝团 Lv15]
2026-05-16 12:15:22,1972970651664173,萌 叔,@猫局弟弟没别墅 不是我不是我。,[等级33],[粉丝团 Lv16]
2026-05-16 12:15:22,1113159024777230,ohh超乖的小财迷,来到天堂箭堆,[等级13],[粉丝团 Lv2]
2026-05-16 12:15:25,111278920151,小宝g 🍑,还找啥呢,[等级13],
2026-05-16 12:15:26,100800899497,徐,走了喂。,[等级18],[粉丝团 Lv1]
2026-05-16 12:15:36,63416229807,风沙迷了眼⁵¹⁰⁷⁴,[捂脸][捂脸][捂脸][捂脸][捂脸],[等级21],[粉丝团 Lv15]
2026-05-16 12:15:36,73149747062,安.,跟着张君雅，三天饿9顿,[等级9],[粉丝团 Lv1]
2026-05-16 12:15:37,100252343477,不羁,翻车了,[等级10],[粉丝团 Lv1]
2026-05-16 12:15:38,4321509304176393,厚厚🉑,[送心][小鼓掌],[等级10],[粉丝团 Lv10]
2026-05-16 12:15:38,3342988301840432,蒙圈不懵圈,找啥呢,[等级18],[粉丝团 Lv4]
2026-05-16 12:15:40,1613680223464860,喜欢你,猫居的声音,[等级31],[粉丝团 Lv8]
2026-05-16 12:15:41,73133140989,行稳致远,[捂脸][捂脸][捂脸],[等级31],[粉丝团 Lv15]
2026-05-16 12:15:42,104917868526,🌅,[捂脸][捂脸],[等级7],[粉丝团 Lv8]
2026-05-16 12:15:46,92461848227,煜,[捂脸][捂脸][捂脸],[等级13],[粉丝团 Lv11]
2026-05-16 12:15:46,1420996635792391,张老黑的好大儿,[捂脸],[等级24],[粉丝团 Lv12]
2026-05-16 12:15:47,7581046443550164005,ʕº̫͡ºʔ好,有一个好像猫局觉得声音,,
2026-05-16 12:15:47,94903794510,L,找啥呢,[等级21],[粉丝团 Lv9]
2026-05-16 12:15:48,2368783071586875,漸行,[捂脸][捂脸][捂脸][捂脸],[等级24],[粉丝团 Lv12]
2026-05-16 12:15:48,369863720173661,热门儿,一号声音像猫局,[等级23],[粉丝团 Lv7]
2026-05-16 12:15:48,65500357230,Ren同学,主播啥会成了抗毒主播了？,[等级22],[粉丝团 Lv11]
2026-05-16 12:15:49,75505324848,🚬 独行者🚬,幸灾乐祸[捂脸],[等级25],[粉丝团 Lv11]
2026-05-16 12:15:53,99372859314,启  夏,@小宝g 🍑 轻型，自救[捂脸],[等级25],[粉丝团 Lv15]
2026-05-16 12:15:53,102469975321,✨名门⭐️,被,[等级19],[粉丝团 Lv15]
2026-05-16 12:15:55,1968604174630651,好运连连,队友死了你笑什么[捂脸][捂脸],[等级10],[粉丝团 Lv9]
2026-05-16 12:15:56,21643884763804,经典永不过时,笑队友你礼貌吗,,
2026-05-16 12:15:57,1625514934287187,大王,[捂脸],[等级9],
2026-05-16 12:15:57,2915514259871091,Ya.-,是真的像猫,[等级13],[粉丝团 Lv2]
2026-05-16 12:16:03,103861981610,대77,2号这粉丝不跟着爱播,[等级40],[粉丝团 Lv16]
2026-05-16 12:16:03,92461848227,煜,哈哈哈哈哈哈,[等级13],[粉丝团 Lv11]
2026-05-16 12:16:05,102469975321,✨名门⭐️,芭比扣了！[尬笑][尬笑][尬笑],[等级19],[粉丝团 Lv15]
2026-05-16 12:16:05,100252343477,不羁,昨天有个货拉拉当我们面开车开翻了[捂脸],[等级10],[粉丝团 Lv1]
2026-05-16 12:16:12,63416229807,风沙迷了眼⁵¹⁰⁷⁴,[捂脸][捂脸][捂脸][捂脸][捂脸],[等级21],[粉丝团 Lv15]
2026-05-16 12:16:13,101324634706,李伟平,哈哈,[等级11],[粉丝团 Lv4]
2026-05-16 12:16:14,93014642999,🌈南山楠,哈哈哈,[等级11],[粉丝团 Lv10]
2026-05-16 12:16:15,62737705024,还不赖,这啥人,[等级10],[粉丝团 Lv3]
2026-05-16 12:16:15,1881983920385927,希芙,哈哈哈哈哈,[等级4],
2026-05-16 12:16:16,91682738528,DYBB,[捂脸][捂脸][捂脸],[等级29],
2026-05-16 12:16:18,101277257606,风的影子🧸,[捂脸][捂脸][捂脸][捂脸],[等级42],[粉丝团 Lv11]
2026-05-16 12:16:18,99519056697,一二三k,[捂脸][捂脸][捂脸],[等级7],[粉丝团 Lv8]
2026-05-16 12:16:18,104917868526,🌅,哈哈哈,[等级7],[粉丝团 Lv8]
2026-05-16 12:16:18,590893464955795,111,[捂脸],[等级1],[粉丝团 Lv3]
2026-05-16 12:16:19,4321509304176393,厚厚🉑,[捂脸]哈哈哈,[等级10],[粉丝团 Lv10]
2026-05-16 12:16:22,68035324790,T,开麦，能救吗队友,[等级11],[粉丝团 Lv8]
2026-05-16 12:16:23,2665697062160392,哈喽啊啊额个,队友都是倒霉蛋,[等级11],
2026-05-16 12:16:24,3153822084251196,孤屿🌿,哈哈[看],[等级13],[粉丝团 Lv9]
2026-05-16 12:16:25,4165407898869996,每天对被子表白,[捂脸][捂脸][捂脸],[等级5],[粉丝团 Lv2]
2026-05-16 12:16:25,1881983920385927,希芙,找我的爱播[捂脸],[等级4],
2026-05-16 12:16:28,92461848227,煜,[捂脸][捂脸][捂脸],[等级13],[粉丝团 Lv11]
2026-05-16 12:16:28,99372859314,启  夏,[捂脸][捂脸],[等级25],[粉丝团 Lv15]
2026-05-16 12:16:28,71126905166,抖音小肋手,[捂脸][捂脸][捂脸],[等级11],[粉丝团 Lv10]
2026-05-16 12:16:29,62827726948,唐伯虎点蚊香🦟,哈哈哈哈,[等级8],[粉丝团 Lv7]
2026-05-16 12:16:30,80383016930,零度°C 冰川⁵¹⁰⁷⁴,[捂脸][捂脸][捂脸][捂脸],[等级11],[粉丝团 Lv11]
2026-05-16 12:16:36,104570891437,春风十里,傻笑,[等级38],
2026-05-16 12:16:36,62827726948,唐伯虎点蚊香🦟,哈哈哈哈哈哈哈,[等级8],[粉丝团 Lv7]
2026-05-16 12:16:42,102028794518,用户110524,啊,[等级19],[粉丝团 Lv6]
2026-05-16 12:16:42,82178468399,延迟,@猫局弟弟没别墅,[等级22],[粉丝团 Lv10]
2026-05-16 12:16:43,4451288081510848,是我娅！,哈哈哈哈哈,[等级20],[粉丝团 Lv10]
2026-05-16 12:16:44,310477779122768,A_和影子对话,2号是个阿姨[捂脸][捂脸],[等级31],[粉丝团 Lv9]
2026-05-16 12:16:45,71126905166,抖音小肋手,@六六爱打架 谢谢美女,[等级11],[粉丝团 Lv10]
2026-05-16 12:16:46,3153822084251196,孤屿🌿,我要找我的爱播,[等级13],[粉丝团 Lv9]
2026-05-16 12:16:46,417461152521400,小刘 忙,二号是老人家,[等级24],
2026-05-16 12:16:46,99372859314,启  夏,@六六爱打架 2号是不是你？[捂脸],[等级25],[粉丝团 Lv15]
2026-05-16 12:16:47,59348532870,贫僧法号：乱来,[捂脸][捂脸][捂脸][捂脸][捂脸],[等级34],
2026-05-16 12:16:53,63416229807,风沙迷了眼⁵¹⁰⁷⁴,[捂脸][捂脸][捂脸][捂脸],[等级21],[粉丝团 Lv15]
2026-05-16 12:16:54,82178468399,延迟,弟弟打不打游戏,[等级22],[粉丝团 Lv10]
2026-05-16 12:16:57,452643025072951,向晴,[捂脸][捂脸][捂脸],[等级14],[粉丝团 Lv11]
2026-05-16 12:16:57,3878732771368995,猫局弟弟没别墅,@延迟 怎么了大哥,[等级25],[粉丝团 Lv11]
2026-05-16 12:16:58,1781687114795088,梁子,下吧带她,[等级12],[粉丝团 Lv8]
2026-05-16 12:16:59,1420996635792391,张老黑的好大儿,[捂脸][捂脸][捂脸],[等级24],[粉丝团 Lv12]
2026-05-16 12:16:59,1644525708386619,八九野马,二号是大妈,[等级21],
2026-05-16 12:17:07,104917868526,🌅,你安心去吧,[等级7],[粉丝团 Lv8]
2026-05-16 12:17:09,68423550125,Love the way you lie,[发呆][发呆][发呆][发呆][发呆],[等级15],[粉丝团 Lv11]
2026-05-16 12:17:10,3369346016745140,🌈逆影🌈,我去，感谢老板,[等级20],[粉丝团 Lv15]
2026-05-16 12:17:10,100250134080,凯,哇，感谢老板,[等级19],[粉丝团 Lv15]
2026-05-16 12:17:10,4451288081510848,是我娅！,哈哈哈哈,[等级20],[粉丝团 Lv10]
2026-05-16 12:17:11,1257437656002798,某某.,我去,[等级34],[粉丝团:张君雅 Lv16]
2026-05-16 12:17:11,101277257606,风的影子🧸,我靠,[等级42],[粉丝团 Lv11]
2026-05-16 12:17:11,82178468399,延迟,打不打 弟弟,[等级22],[粉丝团 Lv10]
2026-05-16 12:17:11,1904008710601260,醉后☆清风,我去,[等级19],[粉丝团 Lv14]
2026-05-16 12:17:12,87059970971,____残梦℡斌\,666,[等级12],[粉丝团 Lv10]
2026-05-16 12:17:13,3723397241514860,欺侮老头,哇哦,,
2026-05-16 12:17:13,1259364523448220,狒狒躺赢纪,白粉,[等级19],[粉丝团 Lv5]
2026-05-16 12:17:13,76709520672,轧尕有活,哇注意音量,[等级26],[粉丝团 Lv15]
2026-05-16 12:17:14,1504612792413726,星空美人更美,我靠嘉年华,[等级19],[粉丝团 Lv10]
2026-05-16 12:17:14,71126905166,抖音小肋手,@张君雅的啤酒瓶 谢谢老板大气大气大气大气大气大气,[等级11],[粉丝团 Lv10]
2026-05-16 12:17:15,64620865007,小蛋糕🍰,前方高能,[等级31],[粉丝团 Lv10]
2026-05-16 12:17:15,63416229807,风沙迷了眼⁵¹⁰⁷⁴,@八九野马 你礼貌吗,[等级21],[粉丝团 Lv15]
2026-05-16 12:17:15,1900386906278199,玲衻,我去感谢老板,[等级28],[粉丝团 Lv15]
2026-05-16 12:17:16,100780132326,🌈🌈十六,3号位还在呀,[等级26],[粉丝团 Lv11]
2026-05-16 12:17:16,65464729113,一顿五个馍,这是什么耳朵能听成妹妹,[等级11],[粉丝团 Lv9]
2026-05-16 12:17:16,88458310771,angel,声音调小,[等级14],[粉丝团 Lv10]
2026-05-16 12:17:17,59011956650,ღ᭄不念过往ꦿ࿐,音量警告,[等级20],[粉丝团 Lv11]
2026-05-16 12:17:17,1560954851308167,壹壹呀一一🍒,谢谢老板,[等级7],[粉丝团 Lv10]
2026-05-16 12:17:17,99453358013,咸鱼干儿,老板大气,[等级25],[粉丝团 Lv10]
2026-05-16 12:17:17,2234669848332717,高强，。,糊涂啊老板,[等级22],[粉丝团 Lv11]
2026-05-16 12:17:17,59313502832,其乐🇨🇳,哇哦,[等级30],[粉丝团 Lv15]
2026-05-16 12:17:17,2124702574722936,Dong,我贱够了[捂脸][捂脸][捂脸][捂脸][捂脸][捂脸][捂脸],[等级18],[粉丝团 Lv2]
2026-05-16 12:17:17,99519056697,一二三k,我去,[等级7],[粉丝团 Lv8]
2026-05-16 12:17:18,101277257606,风的影子🧸,华子,[等级42],[粉丝团 Lv11]
2026-05-16 12:17:18,68644316727,G红红,音量预警,[等级24],
2026-05-16 12:17:18,4165407898869996,每天对被子表白,我去,[等级5],[粉丝团 Lv2]
2026-05-16 12:17:19,92956760775,樱桃丸犊子,哇老板大气,[等级5],[粉丝团 Lv10]
2026-05-16 12:17:19,101875225014,🐮,我去,[等级15],[粉丝团 Lv7]
2026-05-16 12:17:19,62163069622,鱼宝在编绳📿,哇哇哇,[等级20],[粉丝团 Lv13]
2026-05-16 12:17:19,71242245903,X S造型（美容美发养生）,@张君雅的啤酒瓶 糊涂啊 老板,[等级28],[粉丝团 Lv11]
2026-05-16 12:17:19,96360158610,夏l,6,[等级14],
2026-05-16 12:17:20,3228621261774320,湫！,我去,[等级11],[粉丝团 Lv12]
2026-05-16 12:17:20,52278926696,梨涡远点,我去,[等级14],
2026-05-16 12:17:20,145602322895255,奕的邓,我都发,[等级12],[粉丝团 Lv11]
2026-05-16 12:17:21,2330615895294312,wei嗯,哇,[等级12],[粉丝团 Lv11]
2026-05-16 12:17:21,2704429593142974,C- May²³ ·Gem♊️,我去了,[等级20],[粉丝团 Lv12]
2026-05-16 12:17:21,7244778181,佛山华金汽车改装中心,老板大气,[等级11],[粉丝团 Lv8]
2026-05-16 12:17:21,110186833243,゛慕勤゜,嘉年华,[等级8],[粉丝团 Lv8]
2026-05-16 12:17:21,102469975321,✨名门⭐️,@张君雅的啤酒瓶 大哥喝茶[比心]🍵🍵🍵🍵🍵🍵🍵🍵🍵🍵🍵🍵🍵🍵🍵🍵🍵🍵🍵🍵🍵🍵🍵🍵🍵🍵🍵🍵🍵🍵🍵🍵🍵🍵🍵🍵,[等级19],[粉丝团 Lv15]
2026-05-16 12:17:21,96838208788,小亲密---,音量,[等级7],
2026-05-16 12:17:21,1886410166772381,随心,捂住耳朵,[等级27],[粉丝团 Lv12]
2026-05-16 12:17:22,100383672775,过尽千帆,我去,[等级21],[粉丝团 Lv12]
2026-05-16 12:17:22,88268870351,不能说,[比心],[等级22],[粉丝团 Lv13]
2026-05-16 12:17:23,2809972909942500,雞翅,谢谢老板,[等级32],[粉丝团 Lv15]
2026-05-16 12:17:23,10780303618,隔壁老陈,来华了[捂脸],[等级22],[粉丝团 Lv14]
2026-05-16 12:17:23,100066340726,是人机呀💎,[鼓掌][鼓掌][鼓掌][鼓掌],[等级44],[粉丝团 Lv9]
2026-05-16 12:17:23,3013139552021534,🦁🖤,發財了（絲,[等级32],[粉丝团:张君雅 Lv16]
2026-05-16 12:17:23,88138890987,艺术饰家,大哥威武霸气[666],[等级19],[粉丝团 Lv10]
2026-05-16 12:17:23,1560954851308167,壹壹呀一一🍒,前方高能,[等级7],[粉丝团 Lv10]
2026-05-16 12:17:24,111507224035,🐺,我去,[等级20],
2026-05-16 12:17:24,64279060612,白胖*,哇,[等级13],
2026-05-16 12:17:24,1244249822078139,碎星闪闪,哇塞,[等级7],[粉丝团 Lv10]
2026-05-16 12:17:25,1684107914131324,䲜                ╲,我去，华子,[等级21],[粉丝团 Lv12]
2026-05-16 12:17:25,839647083890990,浊世清风,[发呆][发呆][发呆][发呆][发呆]大华子,[等级28],[粉丝团 Lv13]
2026-05-16 12:17:25,63607930461,木子🫧,666,[等级31],[粉丝团 Lv8]
2026-05-16 12:17:26,3228621261774320,湫！,老板大气,[等级11],[粉丝团 Lv12]
2026-05-16 12:17:26,1944402593857181,晴天小猪,我靠 老板大气,[等级16],[粉丝团 Lv12]
2026-05-16 12:17:26,101324634706,李伟平,大妈好,[等级11],[粉丝团 Lv4]
2026-05-16 12:17:26,78107688495,陌影,老板大气,[等级22],[粉丝团 Lv11]
2026-05-16 12:17:27,92760314301,木木²º²⁶ 🦔,华子！,[等级17],[粉丝团 Lv13]
2026-05-16 12:17:27,96360158610,夏l,嘉年华,[等级14],
2026-05-16 12:17:27,2782225270309235,问心,老板真糊涂啊！,[等级13],[粉丝团 Lv8]
2026-05-16 12:17:27,103293057161,L,我去,[等级17],[粉丝团 Lv3]
2026-05-16 12:17:27,99372859314,启  夏,哈哈哈[捂脸]妹妹太惨了[捂脸],[等级25],[粉丝团 Lv15]
2026-05-16 12:17:27,1257437656002798,某某.,老板大气[比心],[等级34],[粉丝团:张君雅 Lv16]
2026-05-16 12:17:28,2368783071586875,漸行,老板大气,[等级24],[粉丝团 Lv12]
2026-05-16 12:17:28,3390517398224103,志ゥぃォ,音量低点[捂脸][捂脸],[等级35],[粉丝团 Lv12]
2026-05-16 12:17:30,1618903418547639,江 远  歌  🔥,老板大气[赞][赞][赞],[等级32],[粉丝团 Lv8]
2026-05-16 12:17:30,81284792784,美食家,张老黑嘉年华,[等级10],
2026-05-16 12:17:30,100383672775,过尽千帆,注意音量,[等级21],[粉丝团 Lv12]
2026-05-16 12:17:30,98931584851,kkk,老板糊涂,[等级14],
2026-05-16 12:17:31,54421526629,🌈猫,蛙趣,[等级26],[粉丝团 Lv11]
2026-05-16 12:17:32,63607930461,木子🫧,前方高能,[等级31],[粉丝团 Lv8]
2026-05-16 12:17:32,101875225014,🐮,注意音量,[等级15],[粉丝团 Lv7]
2026-05-16 12:17:33,101629850514,张老黑的飞哥⁵¹⁰⁷⁴,音量警告[鼓掌],[等级33],[粉丝团 Lv16]
2026-05-16 12:17:34,62163069622,鱼宝在编绳📿,啤酒瓶大气[鼓掌][鼓掌][鼓掌][鼓掌],[等级20],[粉丝团 Lv13]
2026-05-16 12:17:34,94719578533,52,糊涂啊老板,[等级20],[粉丝团 Lv10]
2026-05-16 12:17:34,2351184471948713,浮云,感谢老板,[等级1],
2026-05-16 12:17:34,521642863761721,臭鱼,哈哈哈哈哈哈哈,[等级1],
2026-05-16 12:17:34,1113180618894655,北极之星,2号 是男的是女的，听不出来,[等级24],[粉丝团 Lv4]
2026-05-16 12:17:35,101649879788,方老头了👴,小心耳朵[捂脸][捂脸][捂脸],[等级9],
2026-05-16 12:17:35,3390517398224103,志ゥぃォ,准备,[等级35],[粉丝团 Lv12]
2026-05-16 12:17:36,2274251339211214,真我,糊涂,[等级7],
2026-05-16 12:17:36,3151673436672756,小贝殼,老板大气,[等级24],[粉丝团 Lv12]
2026-05-16 12:17:36,59313502832,其乐🇨🇳,关音量准备,[等级30],[粉丝团 Lv15]
2026-05-16 12:17:36,3878732771368995,猫局弟弟没别墅,谢谢腿毛,[等级25],[粉丝团 Lv11]
2026-05-16 12:17:36,99129956951,难舍,捂耳朵,[等级10],[粉丝团 Lv8]
2026-05-16 12:17:36,64279060612,白胖*,老板大气,[等级13],
2026-05-16 12:17:37,59011956650,ღ᭄不念过往ꦿ࿐,音量警告⚠⚠⚠⚠⚠⚠⚠⚠,[等级20],[粉丝团 Lv11]
2026-05-16 12:17:37,111002104161,农夫,牛逼,[等级1],
2026-05-16 12:17:37,92956760775,樱桃丸犊子,前方音量警告,[等级5],[粉丝团 Lv10]
2026-05-16 12:17:38,84187662606,一世奢华,大气老板,[等级18],[粉丝团 Lv2]
2026-05-16 12:17:38,3642015633909464,-♡落书,这不叫妹子,[等级22],[粉丝团 Lv9]
2026-05-16 12:17:39,4380084132381328,🌈微峰,赶紧把声音调小,[等级30],[粉丝团 Lv15]
2026-05-16 12:17:39,3342988301840432,蒙圈不懵圈,前方高能,[等级18],[粉丝团 Lv4]
2026-05-16 12:17:40,1504612792413726,星空美人更美,注意调小音量,[等级19],[粉丝团 Lv10]
2026-05-16 12:17:40,104917868526,🌅,@X S造型（美容美发养生） 滚,[等级7],[粉丝团 Lv8]
2026-05-16 12:17:40,59348532870,贫僧法号：乱来,(⊙o⊙)哇  感谢老板送来的地板砖,[等级34],
2026-05-16 12:17:40,59225349339,事了佛衣去,准备闭麦,[等级16],[粉丝团 Lv10]
2026-05-16 12:17:40,55922140011,七皇子,不是妹子是大姐,[等级39],[粉丝团 Lv7]
2026-05-16 12:17:42,101277257606,风的影子🧸,音量警告,[等级42],[粉丝团 Lv11]
2026-05-16 12:17:42,100028994237,用户9991,烟酒嗓，社会姐吧？,[等级19],[粉丝团 Lv10]
2026-05-16 12:17:42,101629850514,张老黑的飞哥⁵¹⁰⁷⁴,音量警告⚠️,[等级33],[粉丝团 Lv16]
2026-05-16 12:17:42,1997191107846174,九日,感谢老板,[等级10],[粉丝团 Lv10]
2026-05-16 12:17:46,3562073847497751,┋⑤仴渡龍┋宸洸拾陸┋,2号是妹子吗？,[等级17],[粉丝团 Lv8]
2026-05-16 12:17:46,4321509304176393,厚厚🉑,刚才还怪人家妹子压力[捂脸],[等级10],[粉丝团 Lv10]
2026-05-16 12:17:48,3377334501516344,虾仁猪心(˃ ⌑ ˂ഃ ),怎么有回声,[等级19],[粉丝团 Lv5]
2026-05-16 12:17:49,3642015633909464,-♡落书,叫阿姨,[等级22],[粉丝团 Lv9]
2026-05-16 12:17:51,54421526629,🌈猫,音量调小一点,[等级26],[粉丝团 Lv11]
2026-05-16 12:17:53,369863720173661,热门儿,姐姐在播间,[等级23],[粉丝团 Lv7]
2026-05-16 12:17:53,84187662606,一世奢华,华子多少钱啊,[等级18],[粉丝团 Lv2]
2026-05-16 12:17:54,1709115167487976,流逝的记忆（关注立即回关）,张君雅你不感谢一下啤酒瓶大哥的嘉年华啊,[等级29],[粉丝团 Lv15]
2026-05-16 12:17:54,98039254047,(❁´過客`❁),老板大气上档次,[等级26],[粉丝团 Lv10]
2026-05-16 12:17:54,84159073433,不入戏🍃,666,[等级20],[粉丝团 Lv12]
2026-05-16 12:17:55,95026630529,日不落..,声音关小一点,[等级11],
2026-05-16 12:17:55,63607930461,木子🫧,@张君雅的啤酒瓶 老板大气,[等级31],[粉丝团 Lv8]
2026-05-16 12:17:57,88860379244,王云峥,好久没有看过华子了,[等级17],[粉丝团 Lv14]
2026-05-16 12:17:57,536163939778964,Y ☀,老板糊涂啊,[等级17],[粉丝团 Lv12]
2026-05-16 12:17:59,76133959662,@等风起,直接上华子？,[等级14],[粉丝团 Lv8]
2026-05-16 12:18:00,105986043431,胖墩墩,来了来了[捂脸][捂脸][捂脸][捂脸],[等级20],[粉丝团 Lv11]
2026-05-16 12:18:00,7568512499445302309,回形针,老黑  出来接客啦,[等级34],[粉丝团 Lv10]
2026-05-16 12:18:01,101875225014,🐮,老板糊涂,[等级15],[粉丝团 Lv7]
2026-05-16 12:18:01,1917136681054014,101,华子？,[等级45],[粉丝团 Lv12]
2026-05-16 12:18:03,99549870598,顾北 ￴ ￴￴,君雅，我爱你，君雅[舔屏][恐惧][舔屏][恐惧][舔屏][恐惧],[等级30],[粉丝团 Lv13]
2026-05-16 12:18:04,1723624214495287,来两份芒果西米露,老板大气,[等级22],[粉丝团 Lv15]
2026-05-16 12:18:05,521642863761721,臭鱼,好不容易匹配到爱播，结果噶了,[等级1],
2026-05-16 12:18:05,4380084132381328,🌈微峰,音量调小[呲牙],[等级30],[粉丝团 Lv15]
2026-05-16 12:18:06,1478188048587403,向东,准备捂住耳朵,[等级18],[粉丝团 Lv10]
2026-05-16 12:18:09,1910275027515595,丽哥づ,太牛了,[等级2],
2026-05-16 12:18:11,71126905166,抖音小肋手,张君雅牛逼,[等级11],[粉丝团 Lv10]
2026-05-16 12:18:11,101629850514,张老黑的飞哥⁵¹⁰⁷⁴,音量,[等级33],[粉丝团 Lv16]
2026-05-16 12:18:13,55159220102,BWRZ（记录美好）,6[看][看],[等级36],[粉丝团 Lv16]
2026-05-16 12:18:15,1563965943987979,林,下把再带她打一局,[等级5],
2026-05-16 12:18:15,580139676342808,饭最团火🔥,兄弟们、支持下吧带上哪个妹妹呗！[比心][比心][比心][比心],[等级7],
2026-05-16 12:18:16,892413678724877,厌遇,前方高能，注意减少音量[捂脸][笑哭],[等级24],[粉丝团 Lv6]
2026-05-16 12:18:17,92658348355,zhoucl,[666][666][666],[等级16],[粉丝团 Lv14]
2026-05-16 12:18:17,1625514934287187,大王,哈哈哈哈,[等级9],
2026-05-16 12:18:19,1910275027515595,丽哥づ,快快的吃完饭就看你直播来,[等级2],
2026-05-16 12:18:22,109600067848,沉默,[666][666][666][666],[等级26],[粉丝团 Lv5]
2026-05-16 12:18:22,61072672391,LLLch,牛牛牛,[等级19],[粉丝团 Lv11]
2026-05-16 12:18:22,7521394261465859130,🌾🌾🌾炒菜不用郭先生🍎🍊🍉🍌,这不发财了吗[捂脸][捂脸][捂脸],[等级3],[粉丝团 Lv6]
2026-05-16 12:18:23,58070075034,园娃儿🎀,[比心],[等级14],[粉丝团 Lv6]
2026-05-16 12:18:23,84159073433,不入戏🍃,[捂脸][捂脸][捂脸][捂脸],[等级20],[粉丝团 Lv12]
2026-05-16 12:18:25,59011956650,ღ᭄不念过往ꦿ࿐,音量警告⚠⚠⚠⚠⚠⚠⚠⚠⚠⚠⚠⚠⚠,[等级20],[粉丝团 Lv11]
2026-05-16 12:18:25,1259364523448220,狒狒躺赢纪,[捂脸][捂脸][捂脸],[等级19],[粉丝团 Lv5]
2026-05-16 12:18:26,83536529771,9岁学亲嘴🤨,@向东 哈哈哈哈哈哈哈,[等级30],
2026-05-16 12:18:27,3364161853067437,东台特产专卖,夹子[666][666][666],[等级19],
2026-05-16 12:18:29,70841787770,嗨🔥嗨🔥嗨,[尬笑][尬笑][尬笑],[等级25],[粉丝团 Lv8]
2026-05-16 12:18:29,536179273106493,🌾谷子🥕,P港往N港拉哈哈哈，你看你说的啥,[等级24],[粉丝团 Lv14]
2026-05-16 12:18:29,4321509304176393,厚厚🉑,死丫头运气真好,[等级10],[粉丝团 Lv10]
2026-05-16 12:18:31,62467530775,平安.😼,嗓子好了？[看][看][看],[等级23],[粉丝团 Lv8]
2026-05-16 12:18:34,892413678724877,厌遇,[不失礼貌的微笑][斜眼][不失礼貌的微笑][斜眼][不失礼貌的微笑][斜眼],[等级24],[粉丝团 Lv6]
2026-05-16 12:18:34,7451512997976032313,风如歌,别叫,,
2026-05-16 12:18:36,75638954729,大黎子,你把我爷爷吓一跳,[等级20],
2026-05-16 12:18:37,100028994237,用户9991,御姐？,[等级19],[粉丝团 Lv10]
2026-05-16 12:18:41,77701861464,可乐炫不停,是2号,[等级35],[粉丝团 Lv16]
2026-05-16 12:18:46,191791620436266,捡到一分钱,赚大了[捂脸],[等级11],[粉丝团 Lv10]
2026-05-16 12:18:47,21643884763804,经典永不过时,别叫别叫,,
2026-05-16 12:18:48,59260357003,✨罗某某✨,是2号,[等级18],[粉丝团 Lv11]
2026-05-16 12:18:49,101911197669,涛哥,刚进来！吓我一跳[捂脸][捂脸][捂脸],[等级13],[粉丝团 Lv11]
2026-05-16 12:18:50,88860379244,王云峥,我是二号,[等级17],[粉丝团 Lv14]
2026-05-16 12:18:50,4077467857071726,大叔.⛈,吓一跳,[等级17],[粉丝团 Lv1]
2026-05-16 12:18:52,108815236364,扯蛋,能不能声音小点[捂脸][捂脸][捂脸],[等级23],[粉丝团 Lv6]
2026-05-16 12:18:52,1904008710601260,醉后☆清风,是她,[等级19],[粉丝团 Lv14]
2026-05-16 12:18:54,96838208788,小亲密---,可以不吃82年的稀饭，吃点新鲜的[捂脸][捂脸][捂脸],[等级7],
2026-05-16 12:18:54,7451512997976032313,风如歌,吓死老子了,,
2026-05-16 12:18:54,61815027548,优vov,主播他们说你以前开挂 你以前开过挂吗,[等级17],
2026-05-16 12:18:59,1478188048587403,向东,不对劲，不对劲，虚晃一枪[捂脸],[等级18],[粉丝团 Lv10]
2026-05-16 12:18:59,510652295427912,Yc,6666,[等级24],[粉丝团 Lv3]
2026-05-16 12:18:59,3254975325336768,辣条,叫什么？旁边人都对我看着,[等级24],[粉丝团 Lv8]
2026-05-16 12:19:05,4042233810518583,没熟的豆撅子,老黑,[等级12],
2026-05-16 12:19:06,3013139552021534,🦁🖤,主播 妳飞艇还没满（絲,[等级32],[粉丝团:张君雅 Lv16]
2026-05-16 12:19:08,81346826192,柠檬心、薄荷情〆,没用的66啊[捂脸][捂脸],[等级25],[粉丝团 Lv15]
2026-05-16 12:19:11,110986320405,💞ꦿ᭄余温散尽᭄ꦿএ,带一局妹妹,[等级18],
2026-05-16 12:19:11,3969709917617626,无话可说.,叫3号过来舔包,[等级8],
2026-05-16 12:19:12,100252343477,不羁,工作服穿上了,[等级10],[粉丝团 Lv1]
2026-05-16 12:19:13,102469975321,✨名门⭐️,给啤酒瓶🍺跳一个[看][看],[等级19],[粉丝团 Lv15]
2026-05-16 12:19:15,1702477377839315,乔虎,王旭出来,,
2026-05-16 12:19:15,510652295427912,Yc,送个灯牌压压惊,[等级24],[粉丝团 Lv3]
2026-05-16 12:19:15,76133959662,@等风起,一个华子三千吗😶,[等级14],[粉丝团 Lv8]
2026-05-16 12:19:16,101629850514,张老黑的飞哥⁵¹⁰⁷⁴,@优vov 听说是吗,[等级33],[粉丝团 Lv16]
2026-05-16 12:19:17,99549870598,顾北 ￴ ￴￴,给我个面子，把赞👍🏻点到100万[爱心][爱心][爱心],[等级30],[粉丝团 Lv13]
2026-05-16 12:19:17,298678704408167,得闲饮茶,张老六,[等级19],[粉丝团 Lv8]
2026-05-16 12:19:17,939398847544570,烤个星星💫,@优vov 废话,,
2026-05-16 12:19:18,2274251339211214,真我,君雅又在要钱,[等级7],
2026-05-16 12:19:27,70841787770,嗨🔥嗨🔥嗨,G3不能骑射[捂脸][捂脸][捂脸],[等级25],[粉丝团 Lv8]
2026-05-16 12:19:27,3013139552021534,🦁🖤,主播 妳云中秘境还没满（ 丝,[等级32],[粉丝团:张君雅 Lv16]
2026-05-16 12:19:30,92956760775,樱桃丸犊子,老板大气,[等级5],[粉丝团 Lv10]
2026-05-16 12:19:30,102028794518,用户110524,老板大气,[等级19],[粉丝团 Lv6]
2026-05-16 12:19:30,54421526629,🌈猫,老板大气,[等级26],[粉丝团 Lv11]
2026-05-16 12:19:31,81346826192,柠檬心、薄荷情〆,@六六爱打架 没用的666啊！嘎这么早,[等级25],[粉丝团 Lv15]
2026-05-16 12:19:32,73647036676,捣蛋熊,老板大气,[等级20],[粉丝团 Lv12]
2026-05-16 12:19:32,4814368148227,Strong,老板糊涂啊,[等级15],
2026-05-16 12:19:32,51936111616,木木阿,老板糊涂,[等级27],[粉丝团 Lv10]
2026-05-16 12:19:32,1560954851308167,壹壹呀一一🍒,老板大气,[等级7],[粉丝团 Lv10]
2026-05-16 12:19:33,1257437656002798,某某.,老板大气[打call],[等级34],[粉丝团:张君雅 Lv16]
2026-05-16 12:19:33,839672879395031,陆桐桐,老板糊涂啊,[等级20],[粉丝团 Lv1]
2026-05-16 12:19:33,1205486806637383,🥣🎮,老板糊涂,[等级2],
2026-05-16 12:19:33,2787958112137518,觀日落.,老板大气,[等级40],[粉丝团 Lv12]
2026-05-16 12:19:33,99519056697,一二三k,老板大气,[等级7],[粉丝团 Lv8]
2026-05-16 12:19:35,98878505737,杰.,等下六的你自闭,,
2026-05-16 12:19:35,98714916130,心碎_也完美、,老板大气[666][666][666][666],[等级11],[粉丝团 Lv9]
2026-05-16 12:19:35,101629850514,张老黑的飞哥⁵¹⁰⁷⁴,大哥大气,[等级33],[粉丝团 Lv16]
2026-05-16 12:19:36,1954304541884027,叁肆か,老板糊涂啊,[等级2],[粉丝团 Lv2]
2026-05-16 12:19:36,102028794518,用户110524,老板大气,[等级19],[粉丝团 Lv6]
2026-05-16 12:19:36,3228621261774320,湫！,老板大气,[等级11],[粉丝团 Lv12]
2026-05-16 12:19:36,71126905166,抖音小肋手,老板大气,[等级11],[粉丝团 Lv10]
2026-05-16 12:19:36,99129260350,杰博西全屋定制,老板大气,[等级13],[粉丝团 Lv11]
2026-05-16 12:19:36,96471514187,小兮兮,不客气,[等级10],[粉丝团 Lv6]
2026-05-16 12:19:36,1946599684842282,春日捕月,老板大气,[等级6],[粉丝团 Lv5]
2026-05-16 12:19:38,96935429576,@余@乐@,老板大气,[等级17],[粉丝团 Lv10]
2026-05-16 12:19:38,86340065147,枭笙♛,老板糊涂啊[捂脸][捂脸],[等级6],
2026-05-16 12:19:38,3683842542541420,明天,老板大气,[等级7],[粉丝团 Lv10]
2026-05-16 12:19:38,2787958112137518,觀日落.,666,[等级40],[粉丝团 Lv12]
2026-05-16 12:19:39,101875225014,🐮,老板糊涂,[等级15],[粉丝团 Lv7]
2026-05-16 12:19:40,3250624171618980,@冷风,老板糊涂[捂脸],,
2026-05-16 12:19:40,1113180618894655,北极之星,老板 糊涂呀,[等级24],[粉丝团 Lv4]
2026-05-16 12:19:40,939398847544570,烤个星星💫,肯定开挂了不然怎么那么牛逼,,
2026-05-16 12:19:41,1709115167487976,流逝的记忆（关注立即回关）,老板大气，老板牛逼,[等级29],[粉丝团 Lv15]
2026-05-16 12:19:41,191791620436266,捡到一分钱,可以加餐了[捂脸],[等级11],[粉丝团 Lv10]
2026-05-16 12:19:41,1259364523448220,狒狒躺赢纪,老板大气,[等级19],[粉丝团 Lv5]
2026-05-16 12:19:42,2107129891661533,大洋大哥,老板大气,,
2026-05-16 12:19:42,1968604174630651,好运连连,@顾北 ￴ ￴￴ 不认识你啊[捂脸],[等级10],[粉丝团 Lv9]
2026-05-16 12:19:42,64246014102,晚安,@真我 羡慕嫉妒了吗？,[等级27],[粉丝团 Lv13]
2026-05-16 12:19:43,87685795754,硕歌,开心了,[等级11],[粉丝团 Lv8]
2026-05-16 12:19:43,97730039716,尘染墨轩,应该是2号,[等级21],[粉丝团 Lv10]
2026-05-16 12:19:44,81777742378,什麽余,下把带她吃个鸡,[等级11],
2026-05-16 12:19:44,4164567745964686,帕·拉,老板糊涂,[等级26],[粉丝团 Lv11]
2026-05-16 12:19:44,70459434124,刚刚好゛,老板糊涂,[等级22],
2026-05-16 12:19:45,100028994237,用户9991,生几个儿子啊？,[等级19],[粉丝团 Lv10]
2026-05-16 12:19:46,1987505028078605,火龙雨,老板糊涂！,[等级20],[粉丝团 Lv11]
2026-05-16 12:19:46,97004479072,南宁VG,老板大气,[等级2],[粉丝团 Lv5]
2026-05-16 12:19:46,3479329206435911,韦恩,老板糊涂啊,[等级29],
2026-05-16 12:19:46,4503658257446344,🥐cornetto,老板气大,[等级41],[粉丝团 Lv6]
2026-05-16 12:19:46,4503672370747676,Ad安静,66666,[等级11],
2026-05-16 12:19:47,104372068243,ღ吴所谓᭄ꦿ࿐⁵¹⁰⁷⁴,老板大气！！！,[等级33],[粉丝团 Lv15]
2026-05-16 12:19:47,10780303618,隔壁老陈,老板湖途[捂脸][捂脸][捂脸],[等级22],[粉丝团 Lv14]
2026-05-16 12:19:48,4305341351728823,我叫嘉诚不姓李,老板糊涂啊,[等级6],
2026-05-16 12:19:48,98579261230,ZiDoung₆₆₆6,1080,[等级15],[粉丝团 Lv4]
2026-05-16 12:19:48,1625514934287187,大王,老板大气,[等级9],
2026-05-16 12:19:49,95210153986,情绪超级稳～,老板糊涂啊,[等级1],
2026-05-16 12:19:49,1953154938971336,那些年,老板糊涂呀,[等级16],[粉丝团 Lv12]
2026-05-16 12:19:49,2656010348025624,昊昊,老板大气。,[等级8],[粉丝团 Lv6]
2026-05-16 12:19:50,86340065147,枭笙♛,老板糊涂啊 哈哈,[等级6],
2026-05-16 12:19:53,111007266356,🔱守望w,老板生一百个儿子，一百个儿子都是自己的[抠鼻][抠鼻][抠鼻],[等级29],[粉丝团 Lv15]
2026-05-16 12:19:53,99359821203,佛芜,老板哥假酒了,[等级30],[粉丝团 Lv6]
2026-05-16 12:19:53,369863720173661,热门儿,老黑多才多艺,[等级23],[粉丝团 Lv7]
2026-05-16 12:19:54,3239606816080829,卷心菜烤肉,老板大气666,[等级25],[粉丝团 Lv12]
2026-05-16 12:19:54,3991701427071299,小林同志,天降正义,,
2026-05-16 12:19:54,69553032845,☞七哥☜,老板糊涂,[等级12],[粉丝团 Lv8]
2026-05-16 12:19:54,2274247923467549,知遇👣,@优vov 天天开每天开你能怎么样啊气不气啊,[等级24],[粉丝团 Lv10]
2026-05-16 12:19:58,104917868526,🌅,@烤个星星💫 去举报,[等级7],[粉丝团 Lv8]
2026-05-16 12:20:00,105437290020,🌈ℳ๓₯十 三,老黑拿g3，梦回小炮虫,[等级20],[粉丝团 Lv8]
2026-05-16 12:20:00,81195391616,我会一直在i,老板真大气 我是心有余而力不足 等我年薪百万后 我天天来刷华子[捂脸][捂脸],[等级18],[粉丝团 Lv13]
2026-05-16 12:20:00,1732482147564606,Ziba_🌙,老板大气[色],[等级4],
2026-05-16 12:20:00,1626875586159368,老韦,老板大气,[等级13],[粉丝团 Lv13]
2026-05-16 12:20:02,97346633763,隔壁老王,糊涂老板,[等级17],[粉丝团 Lv3]
2026-05-16 12:20:02,2656010348025624,昊昊,老板大气。,[等级8],[粉丝团 Lv6]
2026-05-16 12:20:03,54520001722,巴特尔,怎么就自己了,[等级18],
2026-05-16 12:20:07,101911197669,涛哥,老板送了个啥！,[等级13],[粉丝团 Lv11]
2026-05-16 12:20:10,98878505737,杰.,这个老登,,
2026-05-16 12:20:10,100780132326,🌈🌈十六,你不是狗都不玩g3吗[捂脸][捂脸],[等级26],[粉丝团 Lv11]
2026-05-16 12:20:11,82178468399,延迟,@猫局弟弟没别墅 来不,[等级22],[粉丝团 Lv10]
2026-05-16 12:20:14,4321509304176393,厚厚🉑,[捂脸]哈哈哈死丫头运气真好,[等级10],[粉丝团 Lv10]
2026-05-16 12:20:14,72289720624,0,我从没见过一个直播间1w➕的主播天天要礼物[捂脸],[等级2],
2026-05-16 12:20:15,369863720173661,热门儿,老板大气，老板生八个儿子,[等级23],[粉丝团 Lv7]
2026-05-16 12:20:17,70459434124,刚刚好゛,大家好，我是刚刚好,[等级22],
2026-05-16 12:20:17,75570551219,心想事🍊,111,[等级4],[粉丝团 Lv2]
2026-05-16 12:20:17,3745395227774212,馬小帅,2号好像还在,[等级21],[粉丝团 Lv10]
2026-05-16 12:20:20,3878732771368995,猫局弟弟没别墅,@延迟 来,[等级25],[粉丝团 Lv11]
2026-05-16 12:20:21,76459959545,☆子☆青🇨🇳,第一次刷礼物充3百充成3千了[尬笑],[等级23],[粉丝团 Lv8]
2026-05-16 12:20:22,99017994496,彭先生,叫三号来,[等级14],
2026-05-16 12:20:23,59348532870,贫僧法号：乱来,把牛批打在华子上,[等级34],
2026-05-16 12:20:23,3378144954030583,用户726,@涛哥 你问的你要动漫,[等级7],[粉丝团 Lv6]
2026-05-16 12:20:26,83151173454603,随遇安-,@涛哥 嘉年华[捂脸],[等级8],
2026-05-16 12:20:27,96838208788,小亲密---,@优vov 没关过，报警了吗？,[等级7],
2026-05-16 12:20:28,110288302121,ࡀ你超甜ܫ,在呢,[等级25],
2026-05-16 12:20:29,99372859314,启  夏,@优vov 没开。,[等级25],[粉丝团 Lv15]
2026-05-16 12:20:29,103967558811,路人甲,在的呀,[等级13],[粉丝团 Lv3]
2026-05-16 12:20:30,101875225014,🐮,老板大气，老板也糊涂[捂脸],[等级15],[粉丝团 Lv7]
2026-05-16 12:20:32,80561819786,Bubbles,老板糊涂啊[捂脸],[等级23],[粉丝团 Lv11]
2026-05-16 12:20:32,100164520660,北沚,[看][看][看],[等级10],
2026-05-16 12:20:33,3438889881054317,八の名字,@烤个星星💫 对对对  这就是对主播实力的认可  厉害的像挂[看],[等级5],[粉丝团 Lv5]
2026-05-16 12:20:34,111002104161,农夫,[捂脸][捂脸][捂脸],[等级1],
2026-05-16 12:20:35,82178468399,延迟,你上线等我,[等级22],[粉丝团 Lv10]
2026-05-16 12:20:37,1322064223941683,8888,[捂脸][捂脸][捂脸],[等级18],[粉丝团 Lv2]
2026-05-16 12:20:37,3434523218417629,123,在呀,[等级2],
2026-05-16 12:20:37,104372068243,ღ吴所谓᭄ꦿ࿐⁵¹⁰⁷⁴,@0 找你要了吗？,[等级33],[粉丝团 Lv15]
2026-05-16 12:20:37,7521394261465859130,🌾🌾🌾炒菜不用郭先生🍎🍊🍉🍌,[捂脸][捂脸][捂脸],[等级3],[粉丝团 Lv6]
2026-05-16 12:20:38,84159073433,不入戏🍃,[捂脸][捂脸][捂脸],[等级20],[粉丝团 Lv12]
2026-05-16 12:20:38,94361138647,小小方,这对也是倒霉蛋，居然碰在你,[等级29],
2026-05-16 12:20:39,3378144954030583,用户726,@涛哥 你问的你要送吗,[等级7],[粉丝团 Lv6]
2026-05-16 12:20:41,1259364523448220,狒狒躺赢纪,欢迎小姐姐,[等级19],[粉丝团 Lv5]
2026-05-16 12:20:46,3259400131708952,🌈_ღ大勇,[捂脸][捂脸],[等级8],[粉丝团 Lv10]
2026-05-16 12:20:47,4310549579694780,@你,哪个,[等级15],[粉丝团 Lv10]
2026-05-16 12:20:47,3447669008126471,π²,人机66？？[看][看][看],[等级39],[粉丝团:张君雅 Lv18]
2026-05-16 12:20:48,103861981610,대77,没用的66,[等级40],[粉丝团 Lv16]
2026-05-16 12:20:49,69177366218,小叶(>﹏<),下一把带她,[等级23],
2026-05-16 12:20:51,3013139552021534,🦁🖤,@@等风起 你问这么多干嘛？（丝,[等级32],[粉丝团:张君雅 Lv16]
2026-05-16 12:20:51,79917727762,总会🈶,1,[等级7],
2026-05-16 12:20:51,4321509304176393,厚厚🉑,改名爱睡觉的66吧[捂脸],[等级10],[粉丝团 Lv10]
2026-05-16 12:20:52,92298461320,说反话,迟到，道歉,[等级10],[粉丝团 Lv10]
2026-05-16 12:20:53,98838697960,良,队友祭天法力无边[捂脸][捂脸][捂脸][捂脸],[等级14],[粉丝团 Lv7]
2026-05-16 12:20:54,3610443347133307,123456,1,[等级11],
2026-05-16 12:20:55,99635116485,十二之余生,[捂脸],[等级11],[粉丝团 Lv6]
2026-05-16 12:20:56,4503658257446344,🥐cornetto,下一把再带,[等级41],[粉丝团 Lv6]
2026-05-16 12:20:56,11012591295,提拉米苏,。,[等级4],
2026-05-16 12:20:56,4165407898869996,每天对被子表白,[捂脸][捂脸][捂脸],[等级5],[粉丝团 Lv2]
2026-05-16 12:20:56,110983523708,看见你就烦,没用的666[捂脸],[等级26],
2026-05-16 12:20:57,74370801132,格格格格格格格格格,[捂脸],[等级7],[粉丝团 Lv1]
2026-05-16 12:20:58,92982881570,swilder,6,[等级1],[粉丝团 Lv2]
2026-05-16 12:20:58,84828973779,来日无方长,[捂脸],[等级13],[粉丝团 Lv12]
2026-05-16 12:20:59,93959119567,宋🤫,带一把,[等级13],[粉丝团 Lv2]
2026-05-16 12:21:00,110986320405,💞ꦿ᭄余温散尽᭄ꦿএ,带她一局,[等级18],
2026-05-16 12:21:00,78827985321,王丿哪跑,[捂脸],[等级18],[粉丝团 Lv5]
2026-05-16 12:21:02,104917868526,🌅,爱打架的睡觉了,[等级7],[粉丝团 Lv8]
2026-05-16 12:21:03,994436976752936,慢冷,拉她打一把,,
2026-05-16 12:21:04,8711291302,OKmmyaa,所以是爱播,[等级5],[粉丝团 Lv1]
2026-05-16 12:21:04,68423550125,Love the way you lie,[捂脸][捂脸][捂脸][捂脸],[等级15],[粉丝团 Lv11]
2026-05-16 12:21:05,63179781027,🐰,，,[等级21],[粉丝团 Lv8]
2026-05-16 12:21:05,3731096500180186,Lyhhsdh,14级灯牌,[等级8],[粉丝团 Lv10]
2026-05-16 12:21:06,99549870598,顾北 ￴ ￴￴,她是你宝宝。那我是什么？？？？？,[等级30],[粉丝团 Lv13]
2026-05-16 12:21:06,106038907879,huangzhir,老黑今天精气神好呀,[等级17],[粉丝团 Lv4]
2026-05-16 12:21:06,1259364523448220,狒狒躺赢纪,小姐姐有没有男朋友啊,[等级19],[粉丝团 Lv5]
2026-05-16 12:21:06,1560947581518232,呦吼😎,下把带妹妹,[等级15],[粉丝团 Lv6]
2026-05-16 12:21:07,514984624273303,小主角,没用的66,[等级28],[粉丝团 Lv12]
2026-05-16 12:21:07,2107129891661533,大洋大哥,带一把,,
2026-05-16 12:21:07,3768747051197725,西瓜哥,在打一把,[等级31],[粉丝团 Lv10]
2026-05-16 12:21:08,111002104161,农夫,[666][666][666][捂脸],[等级1],
2026-05-16 12:21:08,87710426327,举杯敬风尘,牛🐮,[等级20],[粉丝团 Lv10]
2026-05-16 12:21:08,98878505737,杰.,下把带上,,
2026-05-16 12:21:08,2532895178888260,【俩俩相忘】安静看👀🚫禁止带节奏,可怜的啊，爱粉啊，掉太快了[黄脸祈祷][黄脸祈祷][黄脸祈祷][黄脸祈祷],[等级9],
2026-05-16 12:21:08,86340065147,枭笙♛,带一把,[等级6],
2026-05-16 12:21:09,695312041902644,༄᭄印ꦿᩚ࿐,下一局  带她,[等级27],[粉丝团 Lv12]
2026-05-16 12:21:09,100108701617,粘牙的（  ）,带一把,[等级16],
2026-05-16 12:21:09,84159073433,不入戏🍃,低调又有钱大哥,[等级20],[粉丝团 Lv12]
2026-05-16 12:21:10,175538554811668,花样男,下局一起,[等级15],[粉丝团 Lv8]
2026-05-16 12:21:10,59260357003,✨罗某某✨,早晓得早点开麦一起打,[等级18],[粉丝团 Lv11]
2026-05-16 12:21:11,68481156725,幸福的港湾,下把一起,[等级13],
2026-05-16 12:21:11,99012647060,扑,2号找深情领丝袜,[等级48],[粉丝团:张君雅 Lv20]
2026-05-16 12:21:11,1626917773250925,胡小七,[调皮][比心][调皮][比心][调皮][比心],[等级24],[粉丝团 Lv10]
2026-05-16 12:21:12,93642087825,陈泽-,6,[等级2],
2026-05-16 12:21:12,87685795754,硕歌,吃鸡把她放下来,[等级11],[粉丝团 Lv8]
2026-05-16 12:21:13,63175519998,缘如雪,[捂脸][捂脸][捂脸],[等级9],[粉丝团 Lv2]
2026-05-16 12:21:13,110864695286,丹霞山霸王龙,带她一局,[等级12],
2026-05-16 12:21:13,79104826068,哦祢酱℡,有没有一起打的，求带飞,[等级32],[粉丝团 Lv5]
2026-05-16 12:21:13,839647083890990,浊世清风,14级粉丝[捂脸][捂脸][捂脸][捂脸][捂脸][捂脸],[等级28],[粉丝团 Lv13]
2026-05-16 12:21:14,75436771589,呆仔A,下一把带她,[等级11],[粉丝团 Lv11]
2026-05-16 12:21:15,95854122845,张先生2020🇨🇳,妹妹再带一把,[等级17],[粉丝团 Lv10]
2026-05-16 12:21:15,2713216199700523,🤡小妖怪🤡,[捂脸][捂脸][捂脸],[等级31],
2026-05-16 12:21:17,73133140989,行稳致远,老板大气[赞],[等级31],[粉丝团 Lv15]
2026-05-16 12:21:19,3013139552021534,🦁🖤,@烤个星星💫 ？（絲,[等级32],[粉丝团:张君雅 Lv16]
2026-05-16 12:21:19,4006254901995012,王富贵♤,[看],[等级5],
2026-05-16 12:21:19,7634326774848242737,Zeus,下把带人家,,
2026-05-16 12:21:19,10702585225,小阿拽,66是男的还是女的？,[等级11],
2026-05-16 12:21:20,81195391616,我会一直在i,必须带他下一局,[等级18],[粉丝团 Lv13]
2026-05-16 12:21:20,63416229807,风沙迷了眼⁵¹⁰⁷⁴,66他们说你没用   来跟我打[看][看][看][看],[等级21],[粉丝团 Lv15]
2026-05-16 12:21:21,69510026416,蓝海神舟,带一把,[等级10],
2026-05-16 12:21:21,1600496432581181,帮帮两拳,这妹妹[捂脸][捂脸][捂脸],[等级19],[粉丝团 Lv10]
2026-05-16 12:21:21,93079321481,舍得,66,[等级2],
2026-05-16 12:21:22,103987891954,紫橙,[捂脸],[等级9],[粉丝团 Lv6]
2026-05-16 12:21:25,2532895178888260,【俩俩相忘】安静看👀🚫禁止带节奏,[捂脸][捂脸][捂脸]拉着去送人头了,[等级9],
2026-05-16 12:21:25,399861699315614,@K.H.凯,再带它一把[捂脸][捂脸],[等级10],
2026-05-16 12:21:25,104730763610,也曾有梦。,能匹到主播  这66还是很有实力的,[等级16],[粉丝团 Lv6]
2026-05-16 12:21:26,95854122845,张先生2020🇨🇳,妹妹再带一把,[等级17],[粉丝团 Lv10]
2026-05-16 12:21:27,71756441521,春色,老粉了，下把带一把了[比心],[等级8],
2026-05-16 12:21:27,98962566785,Lᴏʏᴀʟᴛ꯭ᴏ꯭.,下把一起,[等级15],[粉丝团 Lv7]
2026-05-16 12:21:27,695312041902644,༄᭄印ꦿᩚ࿐,下一局带她,[等级27],[粉丝团 Lv12]
2026-05-16 12:21:28,111165080737,血战,[捂脸][捂脸]，再带他一把14级粉丝啊,[等级28],[粉丝团 Lv10]
2026-05-16 12:21:28,88377196545512,上上下下,哎哟，别带节奏啊,[等级6],
2026-05-16 12:21:30,96553683669,费城之子,1,[等级16],
2026-05-16 12:21:31,104917868526,🌅,@扑 哈哈哈,[等级7],[粉丝团 Lv8]
2026-05-16 12:21:32,54421526629,🌈猫,带一把吧,[等级26],[粉丝团 Lv11]
2026-05-16 12:21:32,1781687114795088,梁子,下巴带她,[等级12],[粉丝团 Lv8]
2026-05-16 12:21:32,695312041902644,༄᭄印ꦿᩚ࿐,下一局带她,[等级27],[粉丝团 Lv12]
2026-05-16 12:21:33,79876982398,王辉✌,下把一起,[等级17],
2026-05-16 12:21:33,98962566785,Lᴏʏᴀʟᴛ꯭ᴏ꯭.,必须带一把,[等级15],[粉丝团 Lv7]
2026-05-16 12:21:33,109881104951,372923,[捂脸][捂脸][捂脸][捂脸][捂脸],[等级3],
2026-05-16 12:21:33,3560680169939081,兰里个浪,下把带她，真粉丝,[等级11],[粉丝团 Lv7]
2026-05-16 12:21:34,110986320405,💞ꦿ᭄余温散尽᭄ꦿএ,下局一起,[等级18],
2026-05-16 12:21:35,111596727793,缤纷看世界,下吧继续,[等级3],
2026-05-16 12:21:35,92949479041,天空极限,带一把,[等级6],
2026-05-16 12:21:36,93060552271,小别兔别又别,带粉带粉,[等级11],[粉丝团 Lv9]
2026-05-16 12:21:37,110527293027,【柳哥】,必须带一吧,[等级27],[粉丝团 Lv12]
2026-05-16 12:21:37,110864695286,丹霞山霸王龙,带她一局 兄弟姐妹们顶起,[等级12],
2026-05-16 12:21:38,695312041902644,༄᭄印ꦿᩚ࿐,下一局带她,[等级27],[粉丝团 Lv12]
2026-05-16 12:21:39,102448055222,@昨日_已去@,[捂脸],[等级3],[粉丝团 Lv1]
2026-05-16 12:21:40,690125102658323,黑猫@警长,带妹妹一把,[等级24],[粉丝团 Lv12]
2026-05-16 12:21:41,58357264093,星禾·辰,带 1 号再搂一把,[等级17],[粉丝团 Lv8]
2026-05-16 12:21:41,87111254696,🌹ℳꦿ玖零ꦿ࿐,下把继续,[等级18],[粉丝团 Lv12]
2026-05-16 12:21:41,96589384650,回😘忆🐷,2号小姐姐 找深情领10双袜子,[等级9],[粉丝团 Lv10]
2026-05-16 12:21:42,7464983777896547387,⸝ဗဵူ⸜,我去了  14级铁粉啊,[等级6],
2026-05-16 12:21:43,695312041902644,༄᭄印ꦿᩚ࿐,下一局带她,[等级27],[粉丝团 Lv12]
2026-05-16 12:21:43,92949479041,天空极限,必须带一把,[等级6],
2026-05-16 12:21:43,399861699315614,@K.H.凯,下把再带一局,[等级10],
2026-05-16 12:21:43,3731096500180186,Lyhhsdh,铁粉啊，14级灯牌,[等级8],[粉丝团 Lv10]
2026-05-16 12:21:44,3043039534135614,楓,张君雅,[等级62],
2026-05-16 12:21:45,1503787764427159,皇室独舞,带一下,,
2026-05-16 12:21:45,82694365969,one1,带一把,[等级20],[粉丝团 Lv4]
2026-05-16 12:21:47,101406475985,了无痕（做人要善良）,她还给你养了只战犬,[等级30],[粉丝团 Lv10]
2026-05-16 12:21:47,98087388130,天杀,令导,[等级11],
2026-05-16 12:21:48,2648042028140108,筱董董,带一把,[等级1],
2026-05-16 12:21:48,2467761221019724,仙女,好不容易遇到，还没见就没了,[等级26],[粉丝团 Lv11]
2026-05-16 12:21:50,3560680169939081,兰里个浪,这是真爱粉,[等级11],[粉丝团 Lv7]
2026-05-16 12:21:50,82694365969,one1,带一把呀,[等级20],[粉丝团 Lv4]
2026-05-16 12:21:51,104806576583,伟。。哥,铁粉带一下局,[等级16],[粉丝团 Lv11]
2026-05-16 12:21:51,1930337982879432,河北保温防腐管道管件,带一把,[等级8],
2026-05-16 12:21:51,63175519998,缘如雪,带她一把,[等级9],[粉丝团 Lv2]
2026-05-16 12:21:53,695312041902644,༄᭄印ꦿᩚ࿐,下一局带她,[等级27],[粉丝团 Lv12]
2026-05-16 12:21:54,99519056697,一二三k,铁粉,[等级7],[粉丝团 Lv8]
2026-05-16 12:21:54,110864695286,丹霞山霸王龙,必须带一把,[等级12],
2026-05-16 12:21:54,107900878117,商用切菜机工厂,带一下,[等级8],
2026-05-16 12:21:55,104834425553,十八方来财,带一把,[等级21],[粉丝团 Lv5]
2026-05-16 12:21:55,10233557325,灵魂放飞,带一把啊,[等级11],[粉丝团 Lv11]
2026-05-16 12:21:55,73149747062,安.,带一把,[等级9],[粉丝团 Lv1]
2026-05-16 12:21:55,71645372691,杨鹏,下局带一把,[等级13],[粉丝团 Lv8]
2026-05-16 12:21:56,11805950518,深情（张君雅助理）,来，一人刷个华子,[等级39],[粉丝团:张君雅 Lv18]
2026-05-16 12:21:56,62050494729,叔,我都要哭了  就带一把嘛,[等级29],[粉丝团 Lv10]
2026-05-16 12:21:56,58357264093,星禾·辰,带一把,[等级17],[粉丝团 Lv8]
2026-05-16 12:21:56,92290446044,小轩轩👀,下把一起,[等级11],
2026-05-16 12:21:58,104917868526,🌅,找你16领丝袜,[等级7],[粉丝团 Lv8]
2026-05-16 12:21:58,62478708649,逼上梁山先生,带一把,[等级17],
2026-05-16 12:21:58,78827985321,王丿哪跑,[捂脸],[等级18],[粉丝团 Lv5]
2026-05-16 12:22:00,73498333874,残❤️影,下巴带它,[等级15],
2026-05-16 12:22:00,3364161853067437,东台特产专卖,必须整一把[比心][比心][比心],[等级19],
2026-05-16 12:22:00,98708072331,版纳原生,带,[等级30],[粉丝团 Lv4]
2026-05-16 12:22:01,105207203562,鈊海,我看网上说战神增加名额了,[等级1],
2026-05-16 12:22:01,100780132326,🌈🌈十六,必须带一把,[等级26],[粉丝团 Lv11]
2026-05-16 12:22:02,106662798295,柠夏,带一把,[等级2],[粉丝团 Lv2]
2026-05-16 12:22:03,107900878117,商用切菜机工厂,下一局带下,[等级8],
2026-05-16 12:22:03,695312041902644,༄᭄印ꦿᩚ࿐,下一局带她,[等级27],[粉丝团 Lv12]
2026-05-16 12:22:04,10233557325,灵魂放飞,人家都送礼物了,[等级11],[粉丝团 Lv11]
2026-05-16 12:22:05,94295773477,Y,带一把,[等级11],
2026-05-16 12:22:06,58357264093,星禾·辰,必须带一把,[等级17],[粉丝团 Lv8]
2026-05-16 12:22:06,399861699315614,@K.H.凯,带一把[赞][赞][赞],[等级10],
2026-05-16 12:22:06,93216195503,🐛毛毛虫🐛,话说大米的板子还没到,[等级33],[粉丝团 Lv8]
2026-05-16 12:22:06,73498333874,残❤️影,下宝贝他一起,[等级15],
2026-05-16 12:22:07,82694365969,one1,带一把14级灯牌,[等级20],[粉丝团 Lv4]
2026-05-16 12:22:07,84159073433,不入戏🍃,[比心][比心][比心],[等级20],[粉丝团 Lv12]
2026-05-16 12:22:07,62478708649,逼上梁山先生,带一把,[等级17],
2026-05-16 12:22:07,1626875586159368,老韦,这是真铁粉,[等级13],[粉丝团 Lv13]
2026-05-16 12:22:08,695312041902644,༄᭄印ꦿᩚ࿐,下一局带她,[等级27],[粉丝团 Lv12]
2026-05-16 12:22:08,71126905166,抖音小肋手,@枯萎 [比心][比心][比心],[等级11],[粉丝团 Lv10]
2026-05-16 12:22:08,3560680169939081,兰里个浪,带,[等级11],[粉丝团 Lv7]
2026-05-16 12:22:08,4321509304176393,厚厚🉑,下把继续，众筹今天中午都跟妹子打[看],[等级10],[粉丝团 Lv10]
2026-05-16 12:22:09,94295773477,Y,带一下,[等级11],
2026-05-16 12:22:10,1452874105881897,用户11260272749,带一把,,
2026-05-16 12:22:10,110864695286,丹霞山霸王龙,带一把,[等级12],
2026-05-16 12:22:10,2665697062160392,哈喽啊啊额个,老黑什么时候送丝袜,[等级11],
2026-05-16 12:22:11,96583964455,发,必须带妹妹打一把[看],[等级19],[粉丝团 Lv12]
2026-05-16 12:22:12,2717628635552872,零颜☀️,真爱必须带一把,[等级33],[粉丝团 Lv10]
2026-05-16 12:22:12,83536529771,9岁学亲嘴🤨,不一样啊 他妹妹大气,[等级30],
2026-05-16 12:22:12,73498333874,残❤️影,下把带他一起,[等级15],
2026-05-16 12:22:13,94295773477,Y,整一把,[等级11],
2026-05-16 12:22:14,107900878117,商用切菜机工厂,14级了,[等级8],
2026-05-16 12:22:14,103952091396,春风十里,你这老六单独行动,[等级17],
2026-05-16 12:22:14,521642863761721,臭鱼,咋不说话呢？,[等级1],
2026-05-16 12:22:14,96109458661,深渊的渊深渊的深,带一把,[等级26],[粉丝团 Lv5]
2026-05-16 12:22:15,88377196545512,上上下下,一会儿有要挨主播怼了，你们,[等级6],
2026-05-16 12:22:16,1684107914131324,䲜                ╲,这个是铁粉，经常看的，知道爱玩爆炸弓,[等级21],[粉丝团 Lv12]
2026-05-16 12:22:16,64228295103,小小Aᵃ,@深情（张君雅助理） 从你开始刷,[等级29],[粉丝团 Lv10]
2026-05-16 12:22:18,98708072331,版纳原生,带一天,[等级30],[粉丝团 Lv4]
2026-05-16 12:22:18,77701861464,可乐炫不停,66紧张死了,[等级35],[粉丝团 Lv16]
2026-05-16 12:22:19,73566319648,别想纵容我,14级必须带一把,[等级17],[粉丝团 Lv11]
2026-05-16 12:22:19,94295773477,Y,必须整一把,[等级11],
2026-05-16 12:22:19,4164567745964686,帕·拉,邦驾老黑,[等级26],[粉丝团 Lv11]
2026-05-16 12:22:20,93298324846,小鼻嘎,带什么带，别带节奏啊。,[等级22],[粉丝团 Lv12]
2026-05-16 12:22:21,510652295427912,Yc,哈哈,[等级24],[粉丝团 Lv3]
2026-05-16 12:22:22,3143595301,懒洋洋,[捂脸][捂脸][捂脸],[等级26],[粉丝团 Lv12]
2026-05-16 12:22:22,3261568012262480,有缘无份,65岁的2号小姐姐说话了,[等级25],
2026-05-16 12:22:22,82977990853,逸飞艺,[呲牙],[等级18],[粉丝团 Lv14]
2026-05-16 12:22:23,63416229807,风沙迷了眼⁵¹⁰⁷⁴,[捂脸][捂脸][捂脸][捂脸][捂脸],[等级21],[粉丝团 Lv15]
2026-05-16 12:22:24,3438889881054317,八の名字,带一把  真爱粉必须带,[等级5],[粉丝团 Lv5]
2026-05-16 12:22:26,99372859314,启  夏,吓死了[捂脸],[等级25],[粉丝团 Lv15]
2026-05-16 12:22:28,101759357134,f k y,哈哈,[等级20],[粉丝团 Lv10]
2026-05-16 12:22:29,4041430069950967,阿鑫,哈哈哈,[等级11],
2026-05-16 12:22:30,474639356942429,多云转晴,主播有自己玩法，你们全是压力主播,[等级29],[粉丝团 Lv15]
2026-05-16 12:22:31,103861981610,대77,带什么带，说在带一把的每人刷一个华子,[等级40],[粉丝团 Lv16]
2026-05-16 12:22:34,106677916801,栀,带14级妹妹打一把,[等级27],
2026-05-16 12:22:35,3756361594706168,刘小虎,吓尿了,[等级14],[粉丝团 Lv7]
2026-05-16 12:22:37,11805950518,深情（张君雅助理）,@小小Aᵃ 我没说要带,[等级39],[粉丝团:张君雅 Lv18]
2026-05-16 12:22:37,63229851477,蟹蟹爱喝冰,[捂脸][捂脸],[等级14],[粉丝团 Lv1]
2026-05-16 12:22:38,1626917773250925,胡小七,信念坚定[看],[等级24],[粉丝团 Lv10]
2026-05-16 12:22:39,94765520216,T.T,抖一下不是猫局才会吗[看][看][看],[等级22],[粉丝团 Lv7]
2026-05-16 12:22:39,1899551962707399,雷神,这份情意下把也要带妹妹一把,[等级11],
2026-05-16 12:22:39,4503669836332557,栩多渝🌽⚡️🌙,有信念支撑,[等级11],[粉丝团 Lv10]
2026-05-16 12:22:40,695312041902644,༄᭄印ꦿᩚ࿐,下一局带她,[等级27],[粉丝团 Lv12]
2026-05-16 12:22:40,17384447281,兔飞的猫丞,[捂脸][捂脸][捂脸][捂脸],[等级12],[粉丝团 Lv8]
2026-05-16 12:22:40,86716677489,〈勇哥〉野钓,14级带一把,[等级15],[粉丝团 Lv8]
2026-05-16 12:22:41,1453995430513568,多多赚钱,好像满编队啊,[等级7],[粉丝团 Lv3]
2026-05-16 12:22:42,2150263172647869,陳十一,空投枪？,[等级11],[粉丝团 Lv7]
2026-05-16 12:22:42,101875225014,🐮,[捂脸],[等级15],[粉丝团 Lv7]
2026-05-16 12:22:43,101965747148,宝贝儿,哈哈,[等级12],[粉丝团 Lv10]
2026-05-16 12:22:43,103106480192,🌈听风吟何处,[捂脸][捂脸][捂脸],[等级31],[粉丝团 Lv11]
2026-05-16 12:22:43,88377196545512,上上下下,一会儿主播怼你们了,[等级6],
2026-05-16 12:22:44,3557665193860644,梅钞疯 󰠇,🤣🤣🤣🤣,[等级20],[粉丝团 Lv12]
2026-05-16 12:22:44,695312041902644,༄᭄印ꦿᩚ࿐,下一局带她,[等级27],[粉丝团 Lv12]
2026-05-16 12:22:45,101759357134,f k y,差点砸了平板,[等级20],[粉丝团 Lv10]
2026-05-16 12:22:45,3143595301,懒洋洋,[捂脸][捂脸][捂脸],[等级26],[粉丝团 Lv12]
2026-05-16 12:22:45,3406705907740807,何爱华（承蒙厚爱）,[捂脸][捂脸][捂脸][捂脸],[等级22],[粉丝团 Lv12]
2026-05-16 12:22:46,59161987298,猫咪喵,哈哈哈,[等级21],[粉丝团 Lv11]
2026-05-16 12:22:46,64197226920,✨蔻楠丶,[捂脸][捂脸][捂脸],[等级19],[粉丝团 Lv10]
2026-05-16 12:22:46,1257437656002798,某某.,带什么带，少带节奏了,[等级34],[粉丝团:张君雅 Lv16]
2026-05-16 12:22:46,109881104951,372923,[捂脸][捂脸][捂脸][捂脸][捂脸],[等级3],
2026-05-16 12:22:47,1478178913912695,沫雨,胖了,[等级3],
2026-05-16 12:22:47,1259364523448220,狒狒躺赢纪,[捂脸][捂脸][捂脸],[等级19],[粉丝团 Lv5]
2026-05-16 12:22:47,99722569148,是可乐呀,长胖了,[等级17],[粉丝团 Lv13]
2026-05-16 12:22:48,111007266356,🔱守望w,@楓 打游戏看不到公屏，你有什么事情找管理深情吧,[等级29],[粉丝团 Lv15]
2026-05-16 12:22:48,892413678724877,厌遇,[捂脸][笑哭][捂脸][笑哭][捂脸][笑哭],[等级24],[粉丝团 Lv6]
2026-05-16 12:22:48,84159073433,不入戏🍃,[捂脸][捂脸][捂脸],[等级20],[粉丝团 Lv12]
2026-05-16 12:22:48,4330355120149084,唯一♥,[捂脸][捂脸],[等级8],[粉丝团 Lv7]
2026-05-16 12:22:48,590893464955795,111,[捂脸],[等级1],[粉丝团 Lv3]
2026-05-16 12:22:49,695312041902644,༄᭄印ꦿᩚ࿐,下一局带她,[等级27],[粉丝团 Lv12]
2026-05-16 12:22:49,81195391616,我会一直在i,[捂脸][捂脸][捂脸],[等级18],[粉丝团 Lv13]
2026-05-16 12:22:49,21643884763804,经典永不过时,卡住吓死了,,
2026-05-16 12:22:50,96769891445,人间小叔子,哈哈哈，,[等级31],[粉丝团 Lv15]
2026-05-16 12:22:50,174171496136138,云茶,[捂脸],,
2026-05-16 12:22:51,1997191107846174,九日,[捂脸][捂脸][捂脸],[等级10],[粉丝团 Lv10]
2026-05-16 12:22:52,1242904070991179,一品香,长胖了哈哈[捂脸],[等级1],
2026-05-16 12:22:52,100459313206,莉枝,[捂脸][捂脸],[等级17],[粉丝团 Lv10]
2026-05-16 12:22:53,695312041902644,༄᭄印ꦿᩚ࿐,下一局带她,[等级27],[粉丝团 Lv12]
2026-05-16 12:22:54,71126905166,抖音小肋手,屏幕刷屏，带节奏是吧,[等级11],[粉丝团 Lv10]
2026-05-16 12:22:54,1530976442254383,带五个孤儿住天桥底下,长胖了,[等级27],[粉丝团 Lv11]
2026-05-16 12:22:54,2880324753953741,聽聞遠方有你❤️,吓死宝宝了[捂脸],[等级19],
2026-05-16 12:22:55,132387497866904,@小杰,让我抱抱看看,[等级13],[粉丝团 Lv7]
2026-05-16 12:22:56,63416229807,风沙迷了眼⁵¹⁰⁷⁴,[捂脸][捂脸][捂脸][捂脸],[等级21],[粉丝团 Lv15]
2026-05-16 12:22:57,1626917773250925,胡小七,长胖了[捂脸],[等级24],[粉丝团 Lv10]
2026-05-16 12:22:57,4126930228740572,雅雅,长胖了[捂脸][捂脸],,
2026-05-16 12:22:58,4295115881845472,乘风破浪🏄‍♂️,一起点点赞吧,[等级18],
2026-05-16 12:22:58,70651357326,柒玖,长胖了都来了,[等级19],
2026-05-16 12:22:59,98556501282,十二块零九毛,拉少了一点,[等级6],[粉丝团 Lv10]
2026-05-16 12:22:59,1920219220818452,玄枵,那个地方就是要卡,[等级1],[粉丝团 Lv1]
2026-05-16 12:23:00,1684107914131324,䲜                ╲,脚被绊住了[捂脸],[等级21],[粉丝团 Lv12]
2026-05-16 12:23:03,93060552271,小别兔别又别,带一把,[等级11],[粉丝团 Lv9]
2026-05-16 12:23:03,101132873138,唐 僧,确实胖了不少[呲牙],[等级32],
2026-05-16 12:23:03,87685795754,硕歌,真吓着了[捂脸],[等级11],[粉丝团 Lv8]
2026-05-16 12:23:04,101406475985,了无痕（做人要善良）,深情说一人刷个华子，我看成了一人领双袜子[捂脸],[等级30],[粉丝团 Lv10]
2026-05-16 12:23:04,96293235234,每天都要看妞,房子太大[捂脸][捂脸][捂脸][捂脸],[等级12],[粉丝团 Lv5]
2026-05-16 12:23:04,71126905166,抖音小肋手,不要带节奏,[等级11],[粉丝团 Lv10]
2026-05-16 12:23:06,81195391616,我会一直在i,房子大了卡住了[捂脸][捂脸],[等级18],[粉丝团 Lv13]
2026-05-16 12:23:06,99670406488,杨@~￥少,吃得好,[等级19],[粉丝团 Lv7]
2026-05-16 12:23:06,93060552271,小别兔别又别,再带一把,[等级11],[粉丝团 Lv9]
2026-05-16 12:23:06,474639356942429,多云转晴,@༄᭄印ꦿᩚ࿐ 就不带,[等级29],[粉丝团 Lv15]
2026-05-16 12:23:06,63416229807,风沙迷了眼⁵¹⁰⁷⁴,@༄᭄印ꦿᩚ࿐ 你带,[等级21],[粉丝团 Lv15]
2026-05-16 12:23:10,99519056697,一二三k,工作服有点肥,[等级7],[粉丝团 Lv8]
2026-05-16 12:23:11,71229876990,留个念想呗,哎呀   我不能死，我不能死[捂脸],[等级27],[粉丝团 Lv13]
2026-05-16 12:23:13,97608742493,福铭轩,[赞][赞][赞],[等级12],[粉丝团 Lv7]
2026-05-16 12:23:14,75593380263,雲上花瑤🀄曽淸誠,他哥长胖了和你没关系[捂脸][捂脸][捂脸],[等级32],[粉丝团 Lv15]
2026-05-16 12:23:14,470245012415309,铭洋speak⁵¹⁰⁷⁴🌈,老黑自有安排,[等级29],[粉丝团 Lv13]
2026-05-16 12:23:14,2711865477565672,月亮满了,发生了啥,[等级2],
2026-05-16 12:23:16,63416229807,风沙迷了眼⁵¹⁰⁷⁴,@小别兔别又别 你带,[等级21],[粉丝团 Lv15]
2026-05-16 12:23:16,104055433188,柒月、,哈哈,[等级6],
2026-05-16 12:23:18,2711865477565672,月亮满了,错过了,[等级2],
2026-05-16 12:23:18,2665697062160392,哈喽啊啊额个,给二号小姐姐来个深情一吻,[等级11],
2026-05-16 12:23:20,3537571553215177,█星🔥🇨🇳,老黑说话很好玩[捂脸][捂脸][捂脸][捂脸],[等级4],[粉丝团 Lv6]
2026-05-16 12:23:21,88377196545512,上上下下,主播，怼他们,[等级6],
2026-05-16 12:23:25,4503698666348269,罗密欧与猪过夜,猛攻猛攻,[等级17],
2026-05-16 12:23:27,85379485661,盼妮,好感动，君雅那么努力的一个小姑娘,[等级24],[粉丝团 Lv11]
2026-05-16 12:23:29,1504612792413726,星空美人更美,2号妹妹是开了变身器吗？,[等级19],[粉丝团 Lv10]
2026-05-16 12:23:31,101629850514,张老黑的飞哥⁵¹⁰⁷⁴,主播今天生日，点点赞[赞],[等级33],[粉丝团 Lv16]
2026-05-16 12:23:31,99129956951,难舍,游泳圈卡住了吧[色],[等级10],[粉丝团 Lv8]
2026-05-16 12:23:35,110012786240,小猫饼,牛逼宝宝,[等级22],[粉丝团 Lv12]
2026-05-16 12:23:39,939398847544570,烤个星星💫,她房子应该装修过的[捂脸],,
2026-05-16 12:23:39,99372859314,启  夏,带不带她自己知道[捂脸]弹幕别叫[捂脸],[等级25],[粉丝团 Lv15]
2026-05-16 12:23:39,1304490118489299,蒹葭萋萋,她哥的,[等级13],[粉丝团 Lv10]
2026-05-16 12:23:45,399861699315614,@K.H.凯,房子太大了，挤不过去了[捂脸][捂脸][捂脸],[等级10],
2026-05-16 12:23:48,73566319648,别想纵容我,十四级必须带一把[捂脸][捂脸],[等级17],[粉丝团 Lv11]
2026-05-16 12:23:59,1904008710601260,醉后☆清风,他一直在那,[等级19],[粉丝团 Lv14]
2026-05-16 12:24:01,1968604174630651,好运连连,你不去接人家,[等级10],[粉丝团 Lv9]
2026-05-16 12:24:03,474639356942429,多云转晴,@别想纵容我 你自己带,[等级29],[粉丝团 Lv15]
2026-05-16 12:24:03,100252343477,不羁,666被6了,[等级10],[粉丝团 Lv1]
2026-05-16 12:24:03,4321509304176393,厚厚🉑,去z城都被揍[捂脸],[等级10],[粉丝团 Lv10]
2026-05-16 12:24:04,11805950518,深情（张君雅助理）,天天指挥麻了,[等级39],[粉丝团:张君雅 Lv18]
2026-05-16 12:24:05,100028994237,用户9991,@难舍 应该是房子大了！,[等级19],[粉丝团 Lv10]
2026-05-16 12:24:07,62066888769,相遇不易……,开密室去了估计,,
2026-05-16 12:24:08,110940657592,予🍀安づ,又剩自己了,[等级21],
2026-05-16 12:24:10,53952338216,清风拂杨柳,[互粉][互粉],[等级3],
2026-05-16 12:24:14,1798427627499870,TeFuir,看个游戏你们那来那么多事，带不带的你们是不是管的有点宽宽,[等级26],[粉丝团 Lv12]
2026-05-16 12:24:15,63416229807,风沙迷了眼⁵¹⁰⁷⁴,@好运连连 你去接,[等级21],[粉丝团 Lv15]
2026-05-16 12:24:15,76885824614,✨喜乐安生🍭🍭🍭,一群老六全不进圈,[等级20],[粉丝团 Lv7]
2026-05-16 12:24:16,4300887604074349,来好运,能吃鸡的扣1不能的扣2,[等级20],[粉丝团 Lv12]
2026-05-16 12:24:17,98878505737,杰.,段位越高  老六越多,,
2026-05-16 12:24:23,69195527868,♡♡,不是只有你吗,[等级8],[粉丝团 Lv5]
2026-05-16 12:24:28,66295655351,夏天🌒,孤军奋战了,[等级15],[粉丝团 Lv2]
2026-05-16 12:24:29,73133140989,行稳致远,[捂脸][捂脸][捂脸][捂脸]大有人在,[等级31],[粉丝团 Lv15]
2026-05-16 12:24:30,1504612792413726,星空美人更美,没想到z城还有高手,[等级19],[粉丝团 Lv10]
2026-05-16 12:24:31,99372859314,启  夏,给你们说了，别认识一个就说带[捂脸]她自己知道分寸[捂脸],[等级25],[粉丝团 Lv15]
2026-05-16 12:24:31,93134501455,YF818,多吓人你说,[等级14],[粉丝团 Lv11]
2026-05-16 12:24:33,1257437656002798,某某.,你们越刷屏她越不理，指挥闹麻了,[等级34],[粉丝团:张君雅 Lv16]
2026-05-16 12:24:35,1503787764427159,皇室独舞,带一把,,
2026-05-16 12:24:41,65399001507,顺风顺水顺路,在Z城没啥，关键在Z城被打了[捂脸],[等级10],[粉丝团 Lv11]
2026-05-16 12:24:42,93872747534,🌈捡漏王,这种段位的，野区都是一样有人,[等级20],
2026-05-16 12:24:43,99920630045,哈雷野马,@深情（张君雅助理） 有黑子  弹幕多一点[捂脸],[等级34],[粉丝团 Lv10]
2026-05-16 12:24:44,93060552271,小别兔别又别,就说就说  带带带,[等级11],[粉丝团 Lv9]
2026-05-16 12:24:45,98470101697,想不出来,晋级赛去Z城的人多了,[等级30],[粉丝团 Lv13]
2026-05-16 12:24:48,101629850514,张老黑的飞哥⁵¹⁰⁷⁴,主播今天生日，点点赞[赞],[等级33],[粉丝团 Lv16]
2026-05-16 12:24:48,73149747062,安.,臭妹妹,[等级9],[粉丝团 Lv1]
2026-05-16 12:24:49,68422483360,深情不及久伴,@皇室独舞 烦死了，你去带,[等级25],[粉丝团 Lv11]
2026-05-16 12:24:49,3930073980749065,壹万,快跑,[等级9],
2026-05-16 12:24:52,71126905166,抖音小肋手,一群没灯牌的带节奏[捂脸],[等级11],[粉丝团 Lv10]
2026-05-16 12:24:54,2700009298731404,𩵋,带不带是她自己的事。一毛不刷，免费的赞都不点，还天天在这里指挥,[等级31],[粉丝团 Lv16]
2026-05-16 12:24:55,56677674518,吴中生柚,你在乱打吗？会不会打吗？,[等级9],
2026-05-16 12:24:57,3378144954030583,用户726,指挥的一人一个华子听你们的,[等级7],[粉丝团 Lv6]
2026-05-16 12:24:59,95825485328,ぃ゛南言ᤨ᤺💓࿐,待会一个大炮没了[捂脸],[等级11],
2026-05-16 12:24:59,102469975321,✨名门⭐️,@张灯的头发 真的挺像[捂脸][捂脸],[等级19],[粉丝团 Lv15]
2026-05-16 12:25:00,101629850514,张老黑的飞哥⁵¹⁰⁷⁴,主播今天生日，点点赞[赞],[等级33],[粉丝团 Lv16]
2026-05-16 12:25:08,92038465660,柒,[比心],[等级4],[粉丝团 Lv3]
2026-05-16 12:25:08,1968604174630651,好运连连,三号都跑了,[等级10],[粉丝团 Lv9]
2026-05-16 12:25:08,73133140989,行稳致远,不是你胖 是衣服太厚了[捂脸],[等级31],[粉丝团 Lv15]
2026-05-16 12:25:12,95025469057,杰森,走吧  一会别死在这里了[捂脸],,
2026-05-16 12:25:12,60082902798,小跳～麻麻,[比心],[等级4],[粉丝团 Lv5]
2026-05-16 12:25:12,1559537658109609,秉信,[看]感觉不如拿ace了,[等级20],[粉丝团 Lv2]
2026-05-16 12:25:14,3302530776043847,卛锅,三号死哪了,[等级16],[粉丝团 Lv2]
2026-05-16 12:25:14,7606619244797248549,雾感,@张老黑的飞哥⁵¹⁰⁷⁴ 好好好又生日[看],[等级7],
2026-05-16 12:25:18,97705467114,ジ晴宝🩷,我路配，我都是一个人去G镇，基本上没人,[等级25],[粉丝团 Lv12]
2026-05-16 12:25:20,3032887931980060,五福临门,今天怎么了，在这苟分了,[等级16],
2026-05-16 12:25:22,110940507669,哼哼哈嘿,又剩独苗了,[等级11],[粉丝团 Lv2]
2026-05-16 12:25:26,2005142166316856,fgg,z城现在比p城人多,[等级8],[粉丝团 Lv4]
2026-05-16 12:25:28,95921647311,名称已违规,主播，今天我生日,[等级2],
2026-05-16 12:25:31,96565447462,时宜,弹幕是乐队指挥吗？一天天这么喜欢指挥,[等级30],[粉丝团:张君雅 Lv15]
2026-05-16 12:25:32,3073872191297821,zZ,夏天穿吉利服还是太热了,[等级27],[粉丝团 Lv15]
2026-05-16 12:25:33,95825485328,ぃ゛南言ᤨ᤺💓࿐,干,[等级11],
2026-05-16 12:25:33,70542553438,六六爱打架,噶的太突然[捂脸],[等级24],[粉丝团 Lv14]
2026-05-16 12:25:35,1626875586159368,老韦,真爱粉不带也是粉，不得乱她直播节奏,[等级13],[粉丝团 Lv13]
2026-05-16 12:25:50,51030885625,十点醒,@六六爱打架 可惜了,[等级13],[粉丝团 Lv11]
2026-05-16 12:25:51,104384029140,TYM,路人局日常单四,,
2026-05-16 12:25:52,1103538544979604,xiao,带一把,[等级30],
2026-05-16 12:25:56,3378144954030583,用户726,@五福临门 看不起苟分的？,[等级7],[粉丝团 Lv6]
2026-05-16 12:25:57,1240714419115678,长安公子苏@,这个赛季几号结束,[等级19],[粉丝团 Lv1]
2026-05-16 12:25:58,110983523708,看见你就烦,@六六爱打架 没用的66,[等级26],
2026-05-16 12:26:00,7464983777896547387,⸝ဗဵူ⸜,@六六爱打架 没事的没事的[看],[等级6],
2026-05-16 12:26:02,63249437054,只有你🐸⁸⁰⁰⁸,卡了,[等级27],[粉丝团 Lv15]
2026-05-16 12:26:03,75634525708,༄᭄冰封ꦿᩚ࿐,老黑没有搭档配合，带妹子恐怕也保全不过来，再让人家掉分，说带一把的，你们是认真的？[看],[等级22],[粉丝团 Lv14]
2026-05-16 12:26:03,67936016602,黑风寨萧瑟(嗷呜~),@六六爱打架 [呲牙][呲牙][呲牙],[等级29],[粉丝团 Lv15]
2026-05-16 12:26:07,102469975321,✨名门⭐️,@六六爱打架 上了日本人当吧？[尬笑][尬笑],[等级19],[粉丝团 Lv15]
2026-05-16 12:26:08,104917868526,🌅,@六六爱打架 你安心的走吧,[等级7],[粉丝团 Lv8]
2026-05-16 12:26:14,104711957071,神秘乄小趴菜,@六六爱打架 ，你自己不开车,[等级29],[粉丝团 Lv11]
2026-05-16 12:26:17,61446200574,༄༊自渡࿐,下局带这个妹妹一局吧[捂脸],[等级9],[粉丝团 Lv10]
2026-05-16 12:26:28,63416229807,风沙迷了眼⁵¹⁰⁷⁴,66一看就是经常看老黑直播的  ，人家没有耽误张老黑的节奏，一群弹幕还叫麻了,[等级21],[粉丝团 Lv15]
2026-05-16 12:26:36,103861981610,대77,@六六爱打架 你可以开下一把了,[等级40],[粉丝团 Lv16]
2026-05-16 12:26:36,63416229807,风沙迷了眼⁵¹⁰⁷⁴,@༄༊自渡࿐ 你去带,[等级21],[粉丝团 Lv15]
2026-05-16 12:26:36,509767910434235,Avo,2号怎么还在偷学技术,,
2026-05-16 12:26:45,68422483360,深情不及久伴,@༄༊自渡࿐ 你看不到弹幕吗，在这里瞎起哄,[等级25],[粉丝团 Lv11]
2026-05-16 12:26:49,2057892881507176,鲸哥哥,下局带这个妹妹,[等级13],[粉丝团 Lv6]
2026-05-16 12:26:52,1798427627499870,TeFuir,@甜ル🍒 快，热闹来了,[等级26],[粉丝团 Lv12]
2026-05-16 12:26:59,71126905166,抖音小肋手,点粉丝团→一键送11个为你闪耀（陪伴之旅），完成后可多领很多很多亲密度→记得把星星都点开有亲密❤️❤,[等级11],[粉丝团 Lv10]
2026-05-16 12:26:59,101629850514,张老黑的飞哥⁵¹⁰⁷⁴,主播今天生日，点点赞[赞],[等级33],[粉丝团 Lv16]
2026-05-16 12:26:59,63416229807,风沙迷了眼⁵¹⁰⁷⁴,@鲸哥哥 你去带,[等级21],[粉丝团 Lv15]
2026-05-16 12:27:05,101629850514,张老黑的飞哥⁵¹⁰⁷⁴,主播今天生日，点点赞[赞],[等级33],[粉丝团 Lv16]
2026-05-16 12:27:09,4020290905715363,沃特旮,。,,
2026-05-16 12:27:09,1503787764427159,皇室独舞,带一把妹妹,,
2026-05-16 12:27:11,7464983777896547387,⸝ဗဵူ⸜,14级 不刷礼物最起码得看两年吧,[等级6],
2026-05-16 12:27:11,3239610446003800,北海东路,一个人不好守,[等级4],[粉丝团 Lv2]
2026-05-16 12:27:11,75634525708,༄᭄冰封ꦿᩚ࿐,老黑在争取最后吃鸡和粉丝合影,[等级22],[粉丝团 Lv14]
2026-05-16 12:27:15,51204509663,羊了到处浪,猫局不是一直和老黑打配合吗！猫局咋了,[等级26],[粉丝团 Lv11]
2026-05-16 12:27:17,52991897330,随便,又单四了,[等级24],
2026-05-16 12:27:22,3438889881054317,八の名字,哈哈哈  有些粉丝坐不住了  嫉妒人家[捂脸],[等级5],[粉丝团 Lv5]
2026-05-16 12:27:24,68714399595,小庄🤔,丫丫,[等级16],
2026-05-16 12:27:25,104570891437,春风十里,趴下别动聊聊天,[等级38],
2026-05-16 12:27:26,70542553438,六六爱打架,没有开语音不想打扰主播节奏,[等级24],[粉丝团 Lv14]
2026-05-16 12:27:26,111570252130,纵情山水,带不带是主播的事,[等级11],[粉丝团 Lv8]
2026-05-16 12:27:28,101629850514,张老黑的飞哥⁵¹⁰⁷⁴,@羊了到处浪 猫局只播晚上,[等级33],[粉丝团 Lv16]
2026-05-16 12:27:28,99549870598,顾北 ￴ ￴￴,@⸝ဗဵူ⸜ 两年可不止,[等级30],[粉丝团 Lv13]
2026-05-16 12:27:38,1504612792413726,星空美人更美,@羊了到处浪 猫局中午不播,[等级19],[粉丝团 Lv10]
2026-05-16 12:27:38,3773134067730812,流沙时🛴,几级,[等级16],[粉丝团 Lv7]
2026-05-16 12:27:41,102469975321,✨名门⭐️,@羊了到处浪 猫局晚上播[比心],[等级19],[粉丝团 Lv15]
2026-05-16 12:27:42,1349834223402740,是肥雲啊⁵¹⁰⁷⁴,66撞到老黑了？,[等级31],[粉丝团 Lv16]
2026-05-16 12:27:42,86210078442,李贤助眠师,还能复活，别走，别听他们的，死鸡也是鸡,[等级24],[粉丝团 Lv2]
2026-05-16 12:27:48,93171998731,a屁桃,某些评论区的指挥官们怎么自己不去开一局,[等级15],[粉丝团 Lv11]
2026-05-16 12:27:52,111007266356,🔱守望w,一切都在老六的眼皮底下[捂脸][捂脸][捂脸],[等级29],[粉丝团 Lv15]
2026-05-16 12:27:55,51204509663,羊了到处浪,@张老黑的飞哥⁵¹⁰⁷⁴ 老黑把猫局玩废了,[等级26],[粉丝团 Lv11]
2026-05-16 12:28:00,103861981610,대77,@是肥雲啊⁵¹⁰⁷⁴ 撞到没有已经噶了[捂脸],[等级40],[粉丝团 Lv16]
2026-05-16 12:28:00,87685795754,硕歌,@是肥雲啊⁵¹⁰⁷⁴ 2号就是,[等级11],[粉丝团 Lv8]
2026-05-16 12:28:02,3001047073959260,用户7937985473573,来了来了,[等级1],
2026-05-16 12:28:05,101629850514,张老黑的飞哥⁵¹⁰⁷⁴,@羊了到处浪 太虚了,[等级33],[粉丝团 Lv16]
2026-05-16 12:28:06,81346826192,柠檬心、薄荷情〆,@六六爱打架 叫你要单独走[看],[等级25],[粉丝团 Lv15]
2026-05-16 12:28:15,70542553438,六六爱打架,盒子2号,[等级24],[粉丝团 Lv14]
2026-05-16 12:28:20,7464983777896547387,⸝ဗဵူ⸜,死鸡也是鸡[看],[等级6],
2026-05-16 12:28:20,4041430069950967,阿鑫,我在船厂里,[等级11],
2026-05-16 12:28:23,1003205268617283,左右言它,空投,[等级25],[粉丝团 Lv8]
2026-05-16 12:28:23,2665697062160392,哈喽啊啊额个,老黑答应送我们的丝袜了[捂脸],[等级11],
2026-05-16 12:28:24,93060552271,小别兔别又别,妈呀  还直接@主角2号啦 当自己指挥家呢,[等级11],[粉丝团 Lv9]
2026-05-16 12:28:29,1050760333230430,姜🍺点,@六六爱打架 滴滴,[等级20],[粉丝团 Lv11]
2026-05-16 12:28:29,51204509663,羊了到处浪,@张老黑的飞哥⁵¹⁰⁷⁴ 老黑太费男人了,[等级26],[粉丝团 Lv11]
2026-05-16 12:28:32,70542553438,六六爱打架,你们这些人,[等级24],[粉丝团 Lv14]
2026-05-16 12:28:34,103861981610,대77,没用的2号,[等级40],[粉丝团 Lv16]
2026-05-16 12:28:35,61373678757,星河🐾,必须拿下,[等级4],[粉丝团 Lv3]
2026-05-16 12:28:36,3258572307438155,有你才完美,[666],[等级11],[粉丝团 Lv8]
2026-05-16 12:28:42,2810000885416044,wei一诺,下把带2号。,[等级22],[粉丝团 Lv10]
2026-05-16 12:28:44,103610713286,独舞,主播3面板吗,[等级12],
2026-05-16 12:28:46,3001047073959260,用户7937985473573,支持主播呀,[等级1],
2026-05-16 12:28:50,2564475995302415,加糖酸奶☆,[看][看][看],[等级3],
2026-05-16 12:28:51,109881104951,372923,爆炸工干他们[捂脸][捂脸][捂脸][捂脸],[等级3],
2026-05-16 12:28:53,96583964455,发,@六六爱打架 能救吗[捂脸],[等级19],[粉丝团 Lv12]
2026-05-16 12:28:58,4108211970906398,短发⁵¹⁰⁷⁴,@六六爱打架 随叫你上别的男人的车,[等级30],[粉丝团 Lv15]
2026-05-16 12:28:58,70542553438,六六爱打架,我打四一个咯,[等级24],[粉丝团 Lv14]
2026-05-16 12:28:58,98409959285,yy,大家看了那个盲人摆拍视频吗,[等级24],[粉丝团 Lv11]
2026-05-16 12:29:00,102469975321,✨名门⭐️,@六六爱打架 大腿没抱住呀！,[等级19],[粉丝团 Lv15]
2026-05-16 12:29:05,96769891445,人间小叔子,@六六爱打架 哈哈哈，这群就这样，你又不是不清楚，哈哈哈，淡定,[等级31],[粉丝团 Lv15]
2026-05-16 12:29:06,536179273106493,🌾谷子🥕,@六六爱打架 为何去Z城？,[等级24],[粉丝团 Lv14]
2026-05-16 12:29:08,2400966542627591,Drunk《醉梦》,@六六爱打架 cpdd,[等级4],
2026-05-16 12:29:08,76133959662,@等风起,@六六爱打架 别搭理他们,[等级14],[粉丝团 Lv8]
2026-05-16 12:29:15,892413678724877,厌遇,好好看直播，别带节奏[黑脸][躺平],[等级24],[粉丝团 Lv6]
2026-05-16 12:29:18,2770384622725965,液氩🐒,点赞点赞点赞点赞点赞点赞点赞点赞点赞,[等级20],[粉丝团 Lv11]
2026-05-16 12:29:19,70542553438,六六爱打架,人家抢了司机位,[等级24],[粉丝团 Lv14]
2026-05-16 12:29:23,4387960396,天下任我行,小老虎是不是打不过你啊？每次你直播他就避开了,[等级12],
2026-05-16 12:29:23,1917990204084584,念,两天没吃东西  太难了生活 有没有好心人跪谢了,[等级13],
2026-05-16 12:29:27,104497951505,小脏孩💭,第一把嘛,[等级19],
2026-05-16 12:29:27,1917990204084584,念,生活所迫  拿尊严讨个泡面  两天没吃饭有没有好心人 跪谢了,[等级13],
2026-05-16 12:29:32,102028794518,用户110524,没有自救,[等级19],[粉丝团 Lv6]
2026-05-16 12:29:40,4108211970906398,短发⁵¹⁰⁷⁴,@六六爱打架 方向盘要拿自己手里,[等级30],[粉丝团 Lv15]
2026-05-16 12:29:40,2770384622725965,液氩🐒,边看边点赞点赞点赞点赞点赞点赞点赞点赞,[等级20],[粉丝团 Lv11]
2026-05-16 12:29:41,4503658257446344,🥐cornetto,@念 捡瓶子去,[等级41],[粉丝团 Lv6]
2026-05-16 12:29:42,103861981610,대77,@念 跪着吧,[等级40],[粉丝团 Lv16]
2026-05-16 12:29:42,63416229807,风沙迷了眼⁵¹⁰⁷⁴,@六六爱打架 我也爱打架 别跟打[看][看][看],[等级21],[粉丝团 Lv15]
2026-05-16 12:29:43,94295773477,Y,1,[等级11],
2026-05-16 12:29:44,1478159719214247,热心村民,@六六爱打架 cpdd,[等级15],[粉丝团 Lv8]
2026-05-16 12:29:44,108825768878,南山居士,六六第一时间没有认出主播吗,[等级1],
2026-05-16 12:29:45,986727866970276,如此简单呀,2号偷学技术,,
2026-05-16 12:29:47,110983523708,看见你就烦,@六六爱打架 没用的66…走，我们去开一局[柴犬],[等级26],
2026-05-16 12:29:52,101629850514,张老黑的飞哥⁵¹⁰⁷⁴,点点赞，上上热度[鼓掌][鼓掌],[等级33],[粉丝团 Lv16]
2026-05-16 12:29:56,3875150853837632,🚬᭄ℯ⃝渡ღ᭄ꦿ꯭己꧔ꦿ℘,有一个人了,[等级28],[粉丝团 Lv1]
2026-05-16 12:30:01,98878505737,杰.,看着想睡觉,,
2026-05-16 12:30:02,2555735625448800,￴  ￴￴￴,@念 你先借我200我先吃个饭,,
2026-05-16 12:30:13,3900697688683143,花花🌸。,@念 去饭店捡垃圾去,[等级9],
2026-05-16 12:30:18,93298324846,小鼻嘎,@念 此话若有半句假，十世轮回九世寡。,[等级22],[粉丝团 Lv12]
2026-05-16 12:30:21,4866169379827,锦官城知事,这么近，那么美，舔包到河北,,
2026-05-16 12:30:27,1895154147667383,拒绝者,为什么我一看张老黑直播就想睡觉,[等级18],[粉丝团 Lv6]
2026-05-16 12:30:35,83612741710,用户9527,张军雅,[等级16],[粉丝团 Lv11]
2026-05-16 12:30:40,3944693331661997,如夢似幻,六子一会吃个死鸡合个影也是不错的[捂脸],[等级22],[粉丝团 Lv14]
2026-05-16 12:30:40,2057892881507176,鲸哥哥,下把带这个妹妹,[等级13],[粉丝团 Lv6]
2026-05-16 12:30:41,95240743559,生而向阳,让狗带个三级套啊,[等级15],[粉丝团 Lv9]
2026-05-16 12:30:42,7464983777896547387,⸝ဗဵူ⸜,输入54250，可以提高极清画质哦,[等级6],
2026-05-16 12:30:45,65862969556,扬扬,南南,[等级4],
2026-05-16 12:30:48,3933397709234680,冷月葬花魂,轰黑什么鬼(・◇・)？,[等级7],[粉丝团 Lv2]
2026-05-16 12:30:49,93298324846,小鼻嘎,张雅君,[等级22],[粉丝团 Lv12]
2026-05-16 12:30:54,3380068129,迷路小羔羊,二号，下把一起,[等级14],[粉丝团 Lv14]
2026-05-16 12:30:54,65862969556,扬扬,在看吗,[等级4],
2026-05-16 12:31:00,63416229807,风沙迷了眼⁵¹⁰⁷⁴,@鲸哥哥 不行   我要带,[等级21],[粉丝团 Lv15]
2026-05-16 12:31:02,775571389809527,Bert,抓老黑最好抓的时候没人抓？,[等级21],[粉丝团 Lv10]
2026-05-16 12:31:02,51204509663,羊了到处浪,@张老黑的飞哥⁵¹⁰⁷⁴ 在硬朗的男人也经不起老黑半年造,[等级26],[粉丝团 Lv11]
2026-05-16 12:31:03,96934092779,& 蕭先森 oO,[发呆],[等级7],[粉丝团 Lv3]
2026-05-16 12:31:06,102469975321,✨名门⭐️,@拒绝者 声音太性感了吧？[捂脸][捂脸],[等级19],[粉丝团 Lv15]
2026-05-16 12:31:13,65862969556,扬扬,南南～,[等级4],
2026-05-16 12:31:23,2400966542627591,Drunk《醉梦》,cpdd,[等级4],
2026-05-16 12:31:27,4258846191921225,幸福的终点是你,早说不走了吧,[等级7],[粉丝团 Lv4]
2026-05-16 12:31:40,100028994237,用户9991,大炮声音真好听[赞][赞][赞],[等级19],[粉丝团 Lv10]
2026-05-16 12:31:40,3345147599527159,乔峰✨,cpdd,[等级4],
2026-05-16 12:31:41,1666500797140135,꧁༺予你༻꧂,老黑又1v18了,[等级15],[粉丝团 Lv12]
2026-05-16 12:31:46,64124242405,Dreamer,你这位子非常危险,,
2026-05-16 12:31:58,73863761626,晨堂,还不跑,[等级15],[粉丝团 Lv2]
2026-05-16 12:31:58,102634546339,脑壳有点大,他射你啊,[等级25],
2026-05-16 12:32:02,111007266356,🔱守望w,四处漏风,[等级29],[粉丝团 Lv15]
2026-05-16 12:32:09,1530162754361581,清风有娱,打的也不咋样嘛,[等级15],
2026-05-16 12:32:10,2919892499313293,喜怒哀乐,爆炸弓范围被砍了,[等级12],
2026-05-16 12:32:47,4215957197431401,红桃♥️J,马要被打死,[等级9],[粉丝团 Lv10]
2026-05-16 12:32:49,1129916270906508,溪中水,砍的好,[等级20],[粉丝团 Lv1]
2026-05-16 12:32:50,1530976442254383,带五个孤儿住天桥底下,@清风有娱 是不咋样 就一个她打4个你,[等级27],[粉丝团 Lv11]
2026-05-16 12:32:56,3282459170708620,予我心桉,不保马嘛,,
2026-05-16 12:32:56,2294045516499104,嘟,@清风有娱 你行你开播,[等级13],[粉丝团 Lv10]
2026-05-16 12:32:56,64279060612,白胖*,你来打,[等级13],
2026-05-16 12:32:57,3239610446003800,北海东路,马要被抽,[等级4],[粉丝团 Lv2]
2026-05-16 12:32:58,62177518251,莹火虫,@清风有娱 让你看了吗？,[等级24],[粉丝团 Lv10]
2026-05-16 12:32:58,75956341032,唯一,@清风有娱 那就走吧,[等级16],[粉丝团 Lv10]
2026-05-16 12:33:04,4503658257446344,🥐cornetto,@清风有娱 你开播我他喵的看你打,[等级41],[粉丝团 Lv6]
2026-05-16 12:33:04,68292903603,费流量,@清风有娱 你拉稀了[看][看][看],[等级15],[粉丝团 Lv2]
2026-05-16 12:33:05,93171998731,a屁桃,@清风有娱 又来找骂了,[等级15],[粉丝团 Lv11]
2026-05-16 12:33:08,3573856050612103,旺财,@清风有娱 打你绰绰有余,[等级5],[粉丝团 Lv2]
2026-05-16 12:33:09,2623880804961359,￴ ￴ ￴ ￴ ￴ ￴快乐买断,他怎么射的你？,[等级5],[粉丝团 Lv1]
2026-05-16 12:33:14,310477779122768,A_和影子对话,指定地点隐藏啊,[等级31],[粉丝团 Lv9]
2026-05-16 12:33:15,76459959545,☆子☆青🇨🇳,叫杜蕾斯回来,[等级23],[粉丝团 Lv8]
2026-05-16 12:33:18,2274247923467549,知遇👣,@清风有娱 你打的好没有人看啊她打的不好有人看你说气不气,[等级24],[粉丝团 Lv10]
2026-05-16 12:33:21,4321509304176393,厚厚🉑,不喜欢看左上角把主播拉黑一下哈[看][比心],[等级10],[粉丝团 Lv10]
2026-05-16 12:33:22,118363425610868,★ · 十月冬羊．,@清风有娱 一般般吧，娱乐主播：也就是每个赛季轻轻松松战神,[等级22],[粉丝团 Lv15]
2026-05-16 12:33:22,2016964461475360,實,@清风有娱 就你最厉害,[等级4],
2026-05-16 12:33:23,4077422199453351,许个愿吧-,可以指定它站那啊,,
2026-05-16 12:33:23,96769891445,人间小叔子,@清风有娱 你也不咋滴呀，满嘴口臭,[等级31],[粉丝团 Lv15]
2026-05-16 12:33:23,22860428464,又困ˡᵃ💤,@带五个孤儿住天桥底下 你高看他了[看],[等级15],[粉丝团 Lv10]
2026-05-16 12:33:25,289866577879726,练气百万年,直播间蹲个漂亮小姐姐[星星眼],[等级9],
2026-05-16 12:33:25,7612951911537198138,一条锦鲤游啊游～,麻辣烫好强啊,[等级6],[粉丝团 Lv2]
2026-05-16 12:33:25,97705467114,ジ晴宝🩷,@清风有娱 你行你试试打战神局,[等级25],[粉丝团 Lv12]
2026-05-16 12:33:29,4160159374915432,斜阳丶,金浅浅，报到了,[等级19],[粉丝团 Lv12]
2026-05-16 12:33:30,68422483360,深情不及久伴,@清风有娱 你什么时候开播,[等级25],[粉丝团 Lv11]
2026-05-16 12:33:31,101629850514,张老黑的飞哥⁵¹⁰⁷⁴,@☆子☆青🇨🇳 杜蕾斯，不要更好,[等级33],[粉丝团 Lv16]
2026-05-16 12:33:39,3026295769542926,阿翔,全部是爆炸工。[捂脸][捂脸][捂脸],[等级18],
2026-05-16 12:33:40,67161144129,WH＆,@带五个孤儿住天桥底下 你高看它了，打十个它没问题,[等级25],[粉丝团 Lv11]
2026-05-16 12:33:41,111318541962,late,盲人，这里是叙利亚吗？,[等级15],
2026-05-16 12:33:45,109462981723,陌亿米,就喜欢看张老黑,[等级25],[粉丝团 Lv1]
2026-05-16 12:34:07,67397120400,Ys,有是浪费弓，补不掉,[等级28],[粉丝团 Lv10]
2026-05-16 12:34:08,1636547580920328,黑犇,画质不清晰,[等级12],[粉丝团 Lv1]
2026-05-16 12:34:08,68859117174,佳慧办公配件,好家伙，上次居然匹到你,[等级31],
2026-05-16 12:34:08,4503658257446344,🥐cornetto,@张老黑的飞哥⁵¹⁰⁷⁴ 你不喜欢带？,[等级41],[粉丝团 Lv6]
2026-05-16 12:34:10,100250134080,凯,不走早就被别人攻了,[等级19],[粉丝团 Lv15]
2026-05-16 12:34:14,3143595301,懒洋洋,浅浅在哪[看],[等级26],[粉丝团 Lv12]
2026-05-16 12:34:18,93327118568,挽ㅤ,哈哈哈,[等级22],
2026-05-16 12:34:22,101277257606,风的影子🧸,[捂脸][捂脸][捂脸],[等级42],[粉丝团 Lv11]
2026-05-16 12:34:22,101629850514,张老黑的飞哥⁵¹⁰⁷⁴,@late 这里是叙利亚在逃玫瑰,[等级33],[粉丝团 Lv16]
2026-05-16 12:34:22,892413678724877,厌遇,@清风有娱 确实，每场直播也就上万人而已[黑脸][躺平][黑脸][躺平],[等级24],[粉丝团 Lv6]
2026-05-16 12:34:24,71126905166,抖音小肋手,[捂脸],[等级11],[粉丝团 Lv10]
2026-05-16 12:34:24,4258846191921225,幸福的终点是你,哈哈哈,[等级7],[粉丝团 Lv4]
2026-05-16 12:34:26,59740312250,沛公,你怎么进圈[捂脸][捂脸][捂脸][捂脸][捂脸],[等级26],[粉丝团 Lv12]
2026-05-16 12:34:27,97763433901,空明溯流光,看上你了[看],[等级15],[粉丝团 Lv9]
2026-05-16 12:34:29,2016964461475360,實,@清风有娱 打的不咋样也有天天一万加的人看，气不气[捂脸],[等级4],
2026-05-16 12:34:31,98352713415,我不认识你,就点你[捂脸][捂脸][捂脸],[等级11],
2026-05-16 12:34:31,1556525685934064,wang.,决赛圈爆炸弓现在是真多[捂脸][捂脸][捂脸],[等级7],
2026-05-16 12:34:32,69894844197,@谭二旺,准备压你这边进圈了,[等级32],[粉丝团 Lv10]
2026-05-16 12:34:33,108331035374,爱钓鱼的造型师,为什么是老登,[等级14],
2026-05-16 12:34:42,4193987893397472,在下雨,咋这么喜欢搞对立[捂脸][捂脸][捂脸],,
2026-05-16 12:34:51,68399474976,他就是，,太帅了,[等级17],[粉丝团 Lv12]
2026-05-16 12:34:53,4193987893397472,在下雨,老登怎么了？,,
2026-05-16 12:34:54,68422483360,深情不及久伴,@在下雨 ?,[等级25],[粉丝团 Lv11]
2026-05-16 12:34:57,99549870598,顾北 ￴ ￴￴,能做到吗,[等级30],[粉丝团 Lv13]
2026-05-16 12:35:01,96529285287,@L_Y@⁵¹⁰⁷⁴₈₀₀₈,漂亮,[等级43],[粉丝团:张君雅 Lv17]
2026-05-16 12:35:03,68399474976,他就是，,这上房顶太帅了,[等级17],[粉丝团 Lv12]
2026-05-16 12:35:06,88156524487,情非得已。,666,[等级17],
2026-05-16 12:35:08,98415890034,富,牛,[等级12],
2026-05-16 12:35:08,1374825635651165,圆圆有家小店👩,牛掰,[等级25],
2026-05-16 12:35:13,59093724775,💤,是不好打，总共碰到她五次，就打的过她一次，给的还是我们天命圈，4打她们2,[等级13],
2026-05-16 12:35:14,99549870598,顾北 ￴ ￴￴,。。。,[等级30],[粉丝团 Lv13]
2026-05-16 12:35:14,1881983920385927,希芙,哈哈哈哈哈,[等级4],
2026-05-16 12:35:16,68422483360,深情不及久伴,@在下雨 你对号入座什么，那么容易应激?,[等级25],[粉丝团 Lv11]
2026-05-16 12:35:16,3246182959960926,ᯅ对方已关注,@惜梦 手速有点快,[等级1],
2026-05-16 12:35:16,4193987893397472,在下雨,@深情不及久伴 [捂脸][捂脸][捂脸][捂脸],,
2026-05-16 12:35:16,98095182081,手握风云★,牛逼666,[等级20],[粉丝团 Lv2]
2026-05-16 12:35:18,1728874239763085,雪梨梨梨,哎呦,[等级8],[粉丝团 Lv11]
2026-05-16 12:35:18,63970836030,未央,菜,[等级7],
2026-05-16 12:35:18,1556525685934064,wang.,[捂脸][捂脸][捂脸][捂脸][捂脸][捂脸][捂脸],[等级7],
2026-05-16 12:35:20,4258846191921225,幸福的终点是你,[流泪],[等级7],[粉丝团 Lv4]
2026-05-16 12:35:21,63416229807,风沙迷了眼⁵¹⁰⁷⁴,极限了,[等级21],[粉丝团 Lv15]
2026-05-16 12:35:21,7496135397744133179,要早起🦄,[捂脸][捂脸],[等级9],[粉丝团 Lv10]
2026-05-16 12:35:22,266560717205872,wtk,1v99,[等级7],[粉丝团 Lv10]
2026-05-16 12:35:22,109881104951,372923,[捂脸][捂脸][捂脸][捂脸][捂脸][捂脸][捂脸],[等级3],
2026-05-16 12:35:22,12550947690,泡菜小子🍼,牛逼,[等级29],
2026-05-16 12:35:22,1904008710601260,醉后☆清风,被顶了,[等级19],[粉丝团 Lv14]
2026-05-16 12:35:23,775571389809527,Bert,哈哈哈,[等级21],[粉丝团 Lv10]
2026-05-16 12:35:24,93171998731,a屁桃,很牛了,[等级15],[粉丝团 Lv11]
2026-05-16 12:35:24,71126905166,抖音小肋手,完啦,[等级11],[粉丝团 Lv10]
2026-05-16 12:35:26,289866577879726,练气百万年,菜,[等级9],
2026-05-16 12:35:26,1257437656002798,某某.,燃尽了,[等级34],[粉丝团:张君雅 Lv16]
2026-05-16 12:35:26,7630797104780854309,余好,很棒了,[等级16],
2026-05-16 12:35:26,3934507317863532,一个从人民中走出来的普通人（轮回版）,黑宝。能救吗,[等级23],[粉丝团 Lv2]
2026-05-16 12:35:27,102469975321,✨名门⭐️,燃尽了！不错了,[等级19],[粉丝团 Lv15]
2026-05-16 12:35:28,61748084992,川沙贝贝贝贝贝贝,极限很牛逼了,[等级19],[粉丝团 Lv10]
2026-05-16 12:35:28,102200676908,此刻,厉害,[等级19],
2026-05-16 12:35:29,101875225014,🐮,依然牛牛牛牛,[等级15],[粉丝团 Lv7]
2026-05-16 12:35:29,71126905166,抖音小肋手,燃尽啦,[等级11],[粉丝团 Lv10]
2026-05-16 12:35:29,67936016602,黑风寨萧瑟(嗷呜~),尽力了[比心][比心][比心],[等级29],[粉丝团 Lv15]
2026-05-16 12:35:30,2665697062160392,哈喽啊啊额个,没有开啊,[等级11],
2026-05-16 12:35:30,78311138358,喜欢妮,很厉害了,[等级28],[粉丝团 Lv13]
2026-05-16 12:35:31,97600677185,晓乔治ovo,尽力了,[等级38],[粉丝团 Lv12]
2026-05-16 12:35:32,48030128544723,汤立,还是不能拿G3,[等级6],
2026-05-16 12:35:32,289866577879726,练气百万年,大白菜,[等级9],
2026-05-16 12:35:32,866032946527787,牛 二,哎呀,[等级25],[粉丝团 Lv15]
2026-05-16 12:35:32,404236732742333,风飘过❀,不打药补人,[等级11],
2026-05-16 12:35:32,68364365268,好先生,喷烟就可以,[等级17],
2026-05-16 12:35:34,86407783217,ཀོོ°Zhෆ·ᰔᩚaoꦿ҉²⁰²⁶,拉妹妹,[等级25],[粉丝团 Lv13]
2026-05-16 12:35:34,97187465400,执手，,已经很牛逼了，宝宝,[等级13],
2026-05-16 12:35:34,102830709413,白羊座♈️,可惜了,[等级13],
2026-05-16 12:35:34,4193987893397472,在下雨,@深情不及久伴 [捂脸][捂脸][捂脸][捂脸]啥主播有啥粉丝,,
2026-05-16 12:35:34,102028794518,用户110524,➕0,[等级19],[粉丝团 Lv6]
2026-05-16 12:35:34,99372859314,启  夏,哈哈哈,[等级25],[粉丝团 Lv15]
2026-05-16 12:35:35,79876982398,王辉✌,带一把,[等级17],
2026-05-16 12:35:36,4165407898869996,每天对被子表白,可惜了,[等级5],[粉丝团 Lv2]
2026-05-16 12:35:36,104834425553,十八方来财,带妹妹,[等级21],[粉丝团 Lv5]
2026-05-16 12:35:36,104184497784,🐝🌸❄️🌙609,老乡牛[666][666],[等级32],[粉丝团 Lv11]
2026-05-16 12:35:37,3372901682121875,你弄啥嘞,✅,[等级30],
2026-05-16 12:35:37,2796812370457612,♥🧡🩵🖤🩶,白打[捂脸],[等级28],[粉丝团 Lv10]
2026-05-16 12:35:37,1829206389950766,伱我皆牛马,+0分,[等级25],[粉丝团 Lv2]
2026-05-16 12:35:37,71126905166,抖音小肋手,@顾北 ￴ ￴￴ 谢谢老板,[等级11],[粉丝团 Lv10]
2026-05-16 12:35:37,69441337274,猛龙过江,66666666,[等级23],[粉丝团 Lv7]
2026-05-16 12:35:37,2189876583215576,爱生活爱钓鱼,[赞][赞][赞],,
2026-05-16 12:35:38,94295773477,Y,带一把,[等级11],
2026-05-16 12:35:38,101687967112,无脚的鸟,牛牛牛牛牛牛牛牛牛牛牛牛牛牛牛[鼓掌][鼓掌][鼓掌][鼓掌][鼓掌][鼓掌][鼓掌],[等级15],[粉丝团 Lv7]
2026-05-16 12:35:38,429255276110676,PP,封烟阿,[等级7],
2026-05-16 12:35:39,7468234728773682234,✨✨✨七里香,燃尽了,[等级20],[粉丝团 Lv12]
2026-05-16 12:35:39,1904008710601260,醉后☆清风,带她,[等级19],[粉丝团 Lv14]
2026-05-16 12:35:39,3171434925663607,歪糯,没猫局就是菜,[等级6],
2026-05-16 12:35:39,3380319399706888,喵🐾媚娘,燃尽了[比心][比心],[等级23],[粉丝团 Lv12]
2026-05-16 12:35:39,110986320405,💞ꦿ᭄余温散尽᭄ꦿএ,换子弹太慢了,[等级18],
2026-05-16 12:35:39,3372901682121875,你弄啥嘞,[捂脸][捂脸],[等级30],
2026-05-16 12:35:40,2078521240594136,鱼跃龙门先生,已经很NIU L,[等级7],
2026-05-16 12:35:40,62802690421,誓解,G3换弹太慢了,[等级5],
2026-05-16 12:35:41,98352713415,我不认识你,加0,[等级11],
2026-05-16 12:35:41,2008152259705040,汉、歼的审判者,@顾北 ￴ ￴￴ [抱抱你][抱抱你][抱抱你],[等级15],[粉丝团 Lv12]
2026-05-16 12:35:41,94295773477,Y,带一把,[等级11],
2026-05-16 12:35:42,105633835483,醉卧沙场君莫笑,再带六六一把,[等级27],[粉丝团 Lv16]
2026-05-16 12:35:42,1563965943987979,林,带她一把,[等级5],
2026-05-16 12:35:42,781127811074233,彡久伴,带她玩一局,[等级14],[粉丝团 Lv2]
2026-05-16 12:35:42,84159073433,不入戏🍃,哦豁,[等级20],[粉丝团 Lv12]
2026-05-16 12:35:42,51687725609,o_O一二一,带我打一啦,[等级16],[粉丝团 Lv1]
2026-05-16 12:35:43,63416229807,风沙迷了眼⁵¹⁰⁷⁴,以后G3狗都不用[看][看][看][看],[等级21],[粉丝团 Lv15]
2026-05-16 12:35:43,93014642999,🌈南山楠,带把6,[等级11],[粉丝团 Lv10]
2026-05-16 12:35:43,4160159374915432,斜阳丶,金浅浅，报到了,[等级19],[粉丝团 Lv12]
2026-05-16 12:35:43,101506242007,懵🫧,已经很牛了,[等级40],[粉丝团 Lv4]
2026-05-16 12:35:43,2405329200754091,时间飞逝,单打你不行,[等级20],
2026-05-16 12:35:43,100780132326,🌈🌈十六,然尽了,[等级26],[粉丝团 Lv11]
2026-05-16 12:35:44,62571776000,Cherish,上房顶操作很6喔,[等级13],[粉丝团 Lv2]
2026-05-16 12:35:44,71126905166,抖音小肋手,燃尽了,[等级11],[粉丝团 Lv10]
2026-05-16 12:35:45,72622242389,Leo.,一分不加？,[等级16],
2026-05-16 12:35:45,101313376263,可可乾坤,带她一起玩把,[等级34],[粉丝团 Lv8]
2026-05-16 12:35:45,102028794518,用户110524,为什么＋0,[等级19],[粉丝团 Lv6]
2026-05-16 12:35:45,772280035849376,🌹罗富贵🌹,已经很棒了[比心],[等级29],
2026-05-16 12:35:45,103987860323,あ抖🔥巅♡,[捂脸],[等级27],
2026-05-16 12:35:45,72599065285,池,枪还没子弹了,[等级16],[粉丝团 Lv9]
2026-05-16 12:35:46,2078521240594136,鱼跃龙门先生,已经很牛了,[等级7],
2026-05-16 12:35:47,103861981610,대77,不用放下了她在上面很好,[等级40],[粉丝团 Lv16]
2026-05-16 12:35:47,4321509304176393,厚厚🉑,带一把666,[等级10],[粉丝团 Lv10]
2026-05-16 12:35:47,1103538544979604,xiao,拉她打一把,[等级30],
2026-05-16 12:35:47,153542495048296,一念人海,被埋汰王杀了，不丢人,[等级9],[粉丝团 Lv4]
2026-05-16 12:35:47,85379485661,盼妮,你的66不会怪你的,[等级24],[粉丝团 Lv11]
2026-05-16 12:35:47,3791540402530264,秋恋风,哈哈哈哈,[等级10],[粉丝团 Lv11]
2026-05-16 12:35:47,71614597737,雪儿很凶会咬人,别拿G3,[等级14],[粉丝团 Lv10]
2026-05-16 12:35:48,2638426362375405,小依,[捂脸][捂脸][捂脸],[等级15],[粉丝团 Lv11]
2026-05-16 12:35:48,92458043375,Cc.,😂,[等级11],[粉丝团 Lv4]
2026-05-16 12:35:49,103918155604,一城,你却这样说[看][看][捂脸][捂脸],[等级23],[粉丝团 Lv15]
2026-05-16 12:35:49,103952091396,春风十里,你才是老六,[等级17],
2026-05-16 12:35:49,64620028748,溢,不吃鸡都不加分,[等级3],
2026-05-16 12:35:50,521642863761721,臭鱼,哈哈哈哈哈哈哈哈哈,[等级1],
2026-05-16 12:35:50,3830327714517827,嗯嗯嗯,带他啊,[等级16],[粉丝团 Lv7]
2026-05-16 12:35:50,102518780357,郭郭郭,哈哈哈,[等级7],
2026-05-16 12:35:51,69268051905,ᑋᵉᑊᑊᵒ妞,白打,[等级12],[粉丝团 Lv6]
2026-05-16 12:35:51,93219461622,🌈难得糊涂🌈,带妹子,[等级18],[粉丝团 Lv4]
2026-05-16 12:35:51,4023774885486,晴空万里,上床那波很秀啊,[等级5],
2026-05-16 12:35:51,98095182081,手握风云★,666,[等级20],[粉丝团 Lv2]
2026-05-16 12:35:51,2255845608404396,AUG （和平精英）,@清风有娱 你这么牛皮咋不去打职业搞个冠军呢,[等级16],[粉丝团 Lv10]
2026-05-16 12:35:52,97187465400,执手，,带妹妹,[等级13],
2026-05-16 12:35:52,99770678587,大橘为重♞,哈哈哈[捂脸],[等级41],[粉丝团 Lv10]
2026-05-16 12:35:52,55922140011,七皇子,带3号,[等级39],[粉丝团 Lv7]
2026-05-16 12:35:53,104821945917,航典💭,很牛逼了,[等级20],[粉丝团 Lv8]
2026-05-16 12:35:53,104713691535,ZL,这分假的吧,[等级15],[粉丝团 Lv2]
2026-05-16 12:35:54,2057892881507176,鲸哥哥,带妹妹一个,[等级13],[粉丝团 Lv6]
2026-05-16 12:35:54,71126905166,抖音小肋手,燃尽了,[等级11],[粉丝团 Lv10]
2026-05-16 12:35:55,100459313206,莉枝,没办法,[等级17],[粉丝团 Lv10]
2026-05-16 12:35:55,70741116214,Z Z,笑死了,[等级14],[粉丝团 Lv8]
2026-05-16 12:35:55,2665697062160392,哈喽啊啊额个,老黑厉害,[等级11],
2026-05-16 12:35:55,4112604411736253,兔粉妆,燃尽了,[等级15],[粉丝团 Lv10]
2026-05-16 12:35:56,61063079197,小维,我爱所实话,[等级11],[粉丝团 Lv1]
2026-05-16 12:35:56,93219461622,🌈难得糊涂🌈,带妹子,[等级18],[粉丝团 Lv4]
2026-05-16 12:35:56,1881983920385927,希芙,[看]不是掉大分就该谢天谢地了,[等级4],
2026-05-16 12:35:57,99017994496,彭先生,不带爱粉,[等级14],
2026-05-16 12:35:57,100546271322,糊涂蛋,带一把,[等级18],[粉丝团 Lv4]
2026-05-16 12:35:57,254686236782456,🌈幸运小趴菜,强哥,[等级16],[粉丝团 Lv11]
2026-05-16 12:35:57,4321509304176393,厚厚🉑,带一把66吧老板[看],[等级10],[粉丝团 Lv10]
2026-05-16 12:35:57,2377583253274119,凉川,要是狗砸估计赢了G3换子弹真的难受,[等级29],[粉丝团 Lv11]
2026-05-16 12:35:58,3773117669339950,修空调的嚣张,白嫖一局,[等级14],[粉丝团 Lv5]
2026-05-16 12:35:58,105008635104,天池周哥,战神局还是可以的,[等级12],
2026-05-16 12:35:58,75956341032,唯一,尽力了,[等级16],[粉丝团 Lv10]
2026-05-16 12:35:58,108449280478,小人物,带一把,[等级33],[粉丝团 Lv5]
2026-05-16 12:35:58,104775763270,ᯅ懒得热闹,白忙活,[等级24],[粉丝团 Lv6]
2026-05-16 12:35:59,2500744598796624,🪳🪳🪳,不扣分就好了[流泪],[等级6],[粉丝团 Lv4]
2026-05-16 12:36:01,3457309057224110,YE:,带我一个呗,[等级30],
2026-05-16 12:36:01,93219461622,🌈难得糊涂🌈,带妹子,[等级18],[粉丝团 Lv4]
2026-05-16 12:36:01,104834425553,十八方来财,带一把,[等级21],[粉丝团 Lv5]
2026-05-16 12:36:01,99372859314,启  夏,0分,[等级25],[粉丝团 Lv15]
2026-05-16 12:36:01,82938103533,Mr. 杨,功过相抵等于0,[等级36],
2026-05-16 12:36:02,3174996845013359,兜兜里没得糖,带2号呀,[等级18],[粉丝团 Lv8]
2026-05-16 12:36:02,1420996635792391,张老黑的好大儿,全蛋玩了[看],[等级24],[粉丝团 Lv12]
2026-05-16 12:36:02,97705467114,ジ晴宝🩷,忙会半天，一分不给,[等级25],[粉丝团 Lv12]
2026-05-16 12:36:02,68422483360,深情不及久伴,@在下雨 不爱看快走,[等级25],[粉丝团 Lv11]
2026-05-16 12:36:04,109042802862,有点困,@风飘过❀ 你不补他有自救起来，等他起来你也死呀。[捂脸],[等级14],
2026-05-16 12:36:04,88156524487,情非得已。,就不能用G3,[等级17],
2026-05-16 12:36:04,65303539287,࿐星河染岳🌧️,带六六啊,[等级28],[粉丝团 Lv5]
2026-05-16 12:36:04,3468282902884459,¥....,是哦  你们4个围殴1个就可以哦[捂脸],[等级2],
2026-05-16 12:36:04,4126930228740572,雅雅,雅姐不带一把妹妹,,
2026-05-16 12:36:04,63683375128,￴￴ ￴￴ ￴,没扣你就不错了,[等级25],
2026-05-16 12:36:05,60720763321,″北柠″🐾,G3不好,[等级34],[粉丝团 Lv8]
2026-05-16 12:36:05,55922140011,七皇子,带她一把,[等级39],[粉丝团 Lv7]
2026-05-16 12:36:05,64124242405,Dreamer,直接打就好了，不该到对面去,,
2026-05-16 12:36:05,52382213909,中车楚胜车队,带一把啊,[等级18],[粉丝团 Lv9]
2026-05-16 12:36:05,2159030380540484,𝒊²＝-1,起码累着了,[等级12],
2026-05-16 12:36:06,1999364501020540,天空没有极限,@歪糯 你会看格调,[等级16],[粉丝团 Lv13]
2026-05-16 12:36:06,3830327714517827,嗯嗯嗯,带妹子啊老黑,[等级16],[粉丝团 Lv7]
2026-05-16 12:36:06,103918155604,一城,到底有没有[看][捂脸][捂脸],[等级23],[粉丝团 Lv15]
2026-05-16 12:36:07,97652805920,恩哥,是不是加分,[等级21],[粉丝团 Lv7]
2026-05-16 12:36:07,4300887604074349,来好运,骑马保底加1分啊[捂脸][捂脸][捂脸],[等级20],[粉丝团 Lv12]
2026-05-16 12:36:08,99017994496,彭先生,带爱粉打一把,[等级14],
2026-05-16 12:36:08,3369346016745140,🌈逆影🌈,一切都是贪吃空投引起的,[等级20],[粉丝团 Lv15]
2026-05-16 12:36:10,93219461622,🌈难得糊涂🌈,14级也不带,[等级18],[粉丝团 Lv4]
2026-05-16 12:36:11,101759357134,f k y,应该放个烟雾弹,[等级20],[粉丝团 Lv10]
2026-05-16 12:36:11,7496135397744133179,要早起🦄,燃尽了,[等级9],[粉丝团 Lv10]
2026-05-16 12:36:12,7634326774848242737,Zeus,带一把,,
2026-05-16 12:36:13,63416229807,风沙迷了眼⁵¹⁰⁷⁴,@歪糯 显你长手了 会打字,[等级21],[粉丝团 Lv15]
2026-05-16 12:36:13,97187465400,执手，,带妹妹一起,[等级13],
2026-05-16 12:36:14,2587583563698441,我要去炼体,@用户110524 段位太高了,[等级20],[粉丝团 Lv6]
2026-05-16 12:36:14,75360175022,丶J R H,[捂脸],[等级14],
2026-05-16 12:36:16,55922140011,七皇子,带3号,[等级39],[粉丝团 Lv7]
2026-05-16 12:36:16,3378144954030583,用户726,@时间飞逝 那就别看趴下,[等级7],[粉丝团 Lv6]
2026-05-16 12:36:16,289866577879726,练气百万年,不带妹,[等级9],
2026-05-16 12:36:17,97764985902,少华,干嘛不带上66,[等级15],[粉丝团 Lv7]
2026-05-16 12:36:18,2353403465832910,兰,@歪糯 你快别叽歪的了,[等级21],[粉丝团 Lv4]
2026-05-16 12:36:21,75956341032,唯一,尽力了 尽力了,[等级16],[粉丝团 Lv10]
2026-05-16 12:36:21,93219461622,🌈难得糊涂🌈,14级也不带,[等级18],[粉丝团 Lv4]
2026-05-16 12:36:22,99017994496,彭先生,带爱粉,[等级14],
2026-05-16 12:36:24,103861981610,대77,@醉卧沙场君莫笑 你说带就带啊，刷10个华子在说话,[等级40],[粉丝团 Lv16]
2026-05-16 12:36:24,2225013806866989,浅草园艺（何雨）铁机店,这游戏应该改革，杀一个人加两分,[等级11],[粉丝团 Lv8]
2026-05-16 12:36:24,102334226470,始兴野狼户外（刘帮主）,差个队友救一下,[等级13],[粉丝团 Lv8]
2026-05-16 12:36:24,76707525955,青城山-十三月客栈。🎐,很精彩,[等级12],[粉丝团 Lv3]
2026-05-16 12:36:26,11674635244,非遗传承速减吧【莱西姜山店】,三号是山东人,[等级16],[粉丝团 Lv11]
2026-05-16 12:36:28,99017994496,彭先生,带爱粉,[等级14],
2026-05-16 12:36:30,772280035849376,🌹罗富贵🌹,君雅妹妹加油[比心],[等级29],
2026-05-16 12:36:34,2665697062160392,哈喽啊啊额个,不带六六吗,[等级11],
2026-05-16 12:36:34,896828231649432,修缘,站太高了，目标太大[微笑],,
2026-05-16 12:36:34,76707525955,青城山-十三月客栈。🎐,看的很爽,[等级12],[粉丝团 Lv3]
2026-05-16 12:36:34,99017994496,彭先生,带爱粉,[等级14],
2026-05-16 12:36:35,2858358405342999,徒步新疆🇨🇳²⁰²⁶,放小有节目效果,[等级18],[粉丝团 Lv10]
2026-05-16 12:36:36,72332001812,一拍,猫局绝世没打完 还不来加班,[等级21],
2026-05-16 12:36:36,106328773884,望舒行,薄荷猫哥他们打吗？,[等级9],
2026-05-16 12:36:38,64386173303,🌈锋锅🌈🌈🌈,你讲话有点像沫子，咋回事,[等级28],
2026-05-16 12:36:39,98181665549,刘风,屁股给个烟好点[捂脸],[等级5],[粉丝团 Lv10]
2026-05-16 12:36:39,63416229807,风沙迷了眼⁵¹⁰⁷⁴,今天老人机有点多啊  什么情况[捂脸][捂脸][捂脸][捂脸],[等级21],[粉丝团 Lv15]
2026-05-16 12:36:40,55922140011,七皇子,带3号,[等级39],[粉丝团 Lv7]
2026-05-16 12:36:40,97763433901,空明溯流光,爱播发福袋，没抖币续灯牌了,[等级15],[粉丝团 Lv9]
2026-05-16 12:36:41,1574966431071944,川,忘记封烟，,[等级6],
2026-05-16 12:36:41,93327118568,挽ㅤ,一号别看了,[等级22],
2026-05-16 12:36:41,7612951911537198138,一条锦鲤游啊游～,g3换弹好慢，刚刚10发没打死下面那个,[等级6],[粉丝团 Lv2]
2026-05-16 12:36:43,71126905166,抖音小肋手,[捂脸][捂脸][捂脸],[等级11],[粉丝团 Lv10]
2026-05-16 12:36:43,101277257606,风的影子🧸,[捂脸][捂脸][捂脸][捂脸],[等级42],[粉丝团 Lv11]
2026-05-16 12:36:43,108272629068,-L Y,一个人还拿G3 换弹太慢了,[等级9],[粉丝团 Lv6]
2026-05-16 12:36:43,108062536838,🌈微醺🌈,你的提升還有空間進一步完善,[等级16],[粉丝团 Lv8]
2026-05-16 12:36:44,520528646119031,在下雨-,不是你老叫啥？[捂脸][捂脸][捂脸][捂脸][捂脸],,
2026-05-16 12:36:45,99017994496,彭先生,带爱粉,[等级14],
2026-05-16 12:36:45,2858358405342999,徒步新疆🇨🇳²⁰²⁶,放水,[等级18],[粉丝团 Lv10]
2026-05-16 12:36:45,1242904070991179,一品香,带一把,[等级1],
2026-05-16 12:36:46,2942735914377405,#,。,[等级18],[粉丝团 Lv13]
2026-05-16 12:36:47,61861982355,๑҉ W·Oct¹⁸Libra🤍,米老鼠[捂脸],[等级19],[粉丝团 Lv12]
2026-05-16 12:36:49,521642863761721,臭鱼,甲车库不动好了,[等级1],
2026-05-16 12:36:49,58808587402,云四爷,云南第三，第一和第二第有人知道吗,[等级7],[粉丝团 Lv6]
2026-05-16 12:36:50,64386173303,🌈锋锅🌈🌈🌈,你讲话像沫子,[等级28],
2026-05-16 12:36:50,89827336194,凌晨三点的狼,满嘴顺口溜,[等级47],[粉丝团 Lv11]
2026-05-16 12:36:51,4215957197431401,红桃♥️J,它们就知道欺负一个弱女子[看],[等级9],[粉丝团 Lv10]
2026-05-16 12:36:51,64718097175,瑾艺,带66一把,[等级20],[粉丝团 Lv11]
2026-05-16 12:36:51,1361647345609580,用户9360850031204,别叭叭了,,
2026-05-16 12:36:53,866032946527787,牛 二,这点好全来了,[等级25],[粉丝团 Lv15]
2026-05-16 12:36:57,92444416080,蓑笠翁,一套一套的,[等级15],[粉丝团 Lv12]
2026-05-16 12:36:57,520528646119031,在下雨-,说的事实就拉黑[捂脸][捂脸][捂脸][捂脸][捂脸],,
2026-05-16 12:36:57,2968316065096828,橘子再睡一会儿,主播想带就带 不带也是她的事，咋这么多人喜欢安排主播？,[等级13],[粉丝团 Lv10]
2026-05-16 12:37:02,55922140011,七皇子,[衰][衰][衰][衰][衰][衰][衰][衰][衰][衰][衰][衰],[等级39],[粉丝团 Lv7]
2026-05-16 12:37:04,75456158273,美美于,带六六,[等级10],
2026-05-16 12:37:06,97309137171,@羅 老四,可惜66给你刷的礼物🎁,[等级24],[粉丝团 Lv12]
2026-05-16 12:37:07,69894844197,@谭二旺,绝地求生啊[捂脸][捂脸][捂脸],[等级32],[粉丝团 Lv10]
2026-05-16 12:37:15,98095182081,手握风云★,666,[等级20],[粉丝团 Lv2]
2026-05-16 12:37:16,2057892881507176,鲸哥哥,怼他,[等级13],[粉丝团 Lv6]
2026-05-16 12:37:17,96738301829,㿝氼,[捂脸],[等级19],[粉丝团 Lv12]
2026-05-16 12:37:18,1702489841494813,葫芦♬,鸡了吗，刚刚来,[等级12],[粉丝团 Lv9]
2026-05-16 12:37:18,7621232035134293041,牛二a,@牛 二,,
2026-05-16 12:37:20,71126905166,抖音小肋手,都欺负老黑一个弱女子[看],[等级11],[粉丝团 Lv10]
2026-05-16 12:37:22,2274247923467549,知遇👣,@歪糯 在菜都比你强,[等级24],[粉丝团 Lv10]
2026-05-16 12:37:22,103165243757,A开心就好,@🌈难得糊涂🌈 你去带吧,[等级12],[粉丝团 Lv11]
2026-05-16 12:37:23,540559659247868,兵哥🎤,[捂脸][捂脸],[等级16],[粉丝团 Lv9]
2026-05-16 12:37:26,103952091396,春风十里,[尬笑],[等级17],
2026-05-16 12:37:28,93219461622,🌈难得糊涂🌈,带妹子啊,[等级18],[粉丝团 Lv4]
2026-05-16 12:37:28,2590102490720099,梦醉扶摇,@葫芦♬ 第三,[等级21],[粉丝团 Lv10]
2026-05-16 12:37:29,520528646119031,在下雨-,搞对立,,
2026-05-16 12:37:30,4503658257446344,🥐cornetto,@葫芦♬ 被围了,[等级41],[粉丝团 Lv6]
2026-05-16 12:37:30,61524628975,Tender一小哥哥,撞假车库好点[呲牙],[等级15],[粉丝团 Lv11]
2026-05-16 12:37:30,88156524487,情非得已。,一百万克隆人,[等级17],
2026-05-16 12:37:32,474639356942429,多云转晴,你们这些人干嘛要压力主播了，她播什么看什么,[等级29],[粉丝团 Lv15]
2026-05-16 12:37:33,3980691008913528,浮云遮望眼,应该跳下去进车里打药,[等级2],
2026-05-16 12:37:36,3378144954030583,用户726,@葫芦♬ 鸡了别问了,[等级7],[粉丝团 Lv6]
2026-05-16 12:37:36,961394415253700,捞手,没封烟，上房顶要封烟,[等级14],[粉丝团 Lv9]
2026-05-16 12:37:36,2057892881507176,鲸哥哥,川妹凶,[等级13],[粉丝团 Lv6]
2026-05-16 12:37:37,102469975321,✨名门⭐️,骂它！不要客气,[等级19],[粉丝团 Lv15]
2026-05-16 12:37:38,111570252130,纵情山水,六六生气了,[等级11],[粉丝团 Lv8]
2026-05-16 12:37:40,100554224754,👫我的秦哥哥👫,怎么也没看出来哪里有弱女子[捂脸]。。。。,[等级31],[粉丝团 Lv6]
2026-05-16 12:37:40,65119172413,习惯有妳,一百万粉丝，一年几百万,[等级17],
2026-05-16 12:37:40,4108211970906398,短发⁵¹⁰⁷⁴,@࿐星河染岳🌧️ 六六要上班咯,[等级30],[粉丝团 Lv15]
2026-05-16 12:37:40,1041989997167927,往前走、别回头,在你这不可以上车的,[等级22],
2026-05-16 12:37:41,71126905166,抖音小肋手,克隆人军团,[等级11],[粉丝团 Lv10]
2026-05-16 12:37:41,99549870598,顾北 ￴ ￴￴,哈哈哈哈,[等级30],[粉丝团 Lv13]
2026-05-16 12:37:44,2555722893636007,枠,物以类聚嘛,,
2026-05-16 12:37:44,2274251339211214,真我,君雅点名要钱,[等级7],
2026-05-16 12:37:44,3934507317863532,一个从人民中走出来的普通人（轮回版）,黑宝。你想和我跳一支舞吗？跳交际舞,[等级23],[粉丝团 Lv2]
2026-05-16 12:37:46,520528646119031,在下雨-,快行了你[捂脸],,
2026-05-16 12:37:47,98923922474,爺💮一心只想搞钱,谁是传销呢？,[等级4],
2026-05-16 12:37:48,866032946527787,牛 二,@牛二a [666],[等级25],[粉丝团 Lv15]
2026-05-16 12:37:48,97414230918,泥怎么笨笨的,郑志超别看了，睡觉吧,[等级4],
2026-05-16 12:37:48,102200676908,此刻,支持君雅,[等级19],
2026-05-16 12:37:50,108062536838,🌈微醺🌈,大臉貓加油,[等级16],[粉丝团 Lv8]
2026-05-16 12:37:51,3518049655206372,独孤一人,闭嘴！,,
2026-05-16 12:37:52,102248961194,思念的痛,跳,[等级25],[粉丝团 Lv11]
2026-05-16 12:37:52,97754841248,Laws123,妹妹，我来狙你[看],[等级6],[粉丝团 Lv4]
2026-05-16 12:37:58,2172229561625960,好嗨哟,怼他别客气,[等级25],[粉丝团 Lv13]
2026-05-16 12:37:59,97705467114,ジ晴宝🩷,@在下雨 你刷什么存在感,[等级25],[粉丝团 Lv12]
2026-05-16 12:37:59,2057892881507176,鲸哥哥,川妹,[等级13],[粉丝团 Lv6]
2026-05-16 12:38:00,2493345355283147,❤️🍺✌️,叶姐，游戏,[等级2],
2026-05-16 12:38:00,540559659247868,兵哥🎤,都是老油条[捂脸][捂脸][捂脸][捂脸],[等级16],[粉丝团 Lv9]
2026-05-16 12:38:01,4258846191921225,幸福的终点是你,[比心],[等级7],[粉丝团 Lv4]
2026-05-16 12:38:02,98321076637,夏天的风🍀,几天不续灯牌会变黑？,[等级19],[粉丝团 Lv12]
2026-05-16 12:38:03,7513789224489272379,劲劲,害羞了[捂脸],[等级24],[粉丝团 Lv4]
2026-05-16 12:38:03,4165407898869996,每天对被子表白,现在已经是海岛大明星了[捂脸],[等级5],[粉丝团 Lv2]
2026-05-16 12:38:04,1702489841494813,葫芦♬,[比心][比心][比心],[等级12],[粉丝团 Lv9]
2026-05-16 12:38:07,2453724377132072,老古董,老黑又开始吹牛逼,[等级32],
2026-05-16 12:38:09,3689574830449950,刘三哥,[微笑][捂脸][微笑][捂脸][微笑][捂脸][捂脸][捂脸][捂脸][玫瑰][比心][666],[等级27],
2026-05-16 12:38:09,4258846191921225,幸福的终点是你,[比心][比心][比心],[等级7],[粉丝团 Lv4]
2026-05-16 12:38:11,4164554720018765,爱情给了你,[比心],[等级12],[粉丝团 Lv6]
2026-05-16 12:38:15,100390017761,顺,[捂脸],[等级6],
2026-05-16 12:38:17,4077410115396845,我基本疲惫不堪了开始在,带带我姐姐。你打吃鸡厉害不,,
2026-05-16 12:38:19,4258846191921225,幸福的终点是你,[笑哭][九转大肠],[等级7],[粉丝团 Lv4]
2026-05-16 12:38:25,2395167893756941,宿,@夏天的风🍀 2天,[等级25],[粉丝团 Lv12]
2026-05-16 12:38:25,62914429665,佳嘉,我觉得主播很好啊，和主播一样我很开心！[比心],[等级13],[粉丝团 Lv10]
2026-05-16 12:38:26,520528646119031,在下雨-,老登惹你了[捂脸],,
2026-05-16 12:38:26,3934507317863532,一个从人民中走出来的普通人（轮回版）,不用找理由就骂,[等级23],[粉丝团 Lv2]
2026-05-16 12:38:26,2590102490720099,梦醉扶摇,[捂脸],[等级21],[粉丝团 Lv10]
2026-05-16 12:38:26,1080149981540420,哎吆我去😂,怎么好好的正能量雅变成怨妇雅了😂😂😂,[等级2],
2026-05-16 12:38:29,1420996635792391,张老黑的好大儿,2号以前匹配到,[等级24],[粉丝团 Lv12]
2026-05-16 12:38:32,102477798132,东风吹,老黑没遇到让她变温柔得男生,[等级7],
2026-05-16 12:38:33,69894844197,@谭二旺,爱播带我打[捂脸][捂脸][捂脸],[等级32],[粉丝团 Lv10]
2026-05-16 12:38:36,52143415889,ৡ°聶ོꦿ࿐,去别的直播间抢福袋，来你这里续灯牌[呲牙],[等级27],[粉丝团 Lv9]
2026-05-16 12:38:41,7630797104780854309,余好,一个万人工厂，都有上千个大小管理都管不明白，何况万人播间,[等级16],
2026-05-16 12:38:41,1257437656002798,某某.,@在下雨- 知道你是老登了[捂脸],[等级34],[粉丝团:张君雅 Lv16]
2026-05-16 12:38:41,102028794518,用户110524,点点赞,[等级19],[粉丝团 Lv6]
2026-05-16 12:38:44,102028794518,用户110524,点点赞,[等级19],[粉丝团 Lv6]
2026-05-16 12:38:48,84363168563,-小刘忙,一天不挨顿叼浑身难受估计,[等级14],[粉丝团 Lv9]
2026-05-16 12:38:54,99372859314,启  夏,@修缘 没法，她没ads在屋里要被打蒙[捂脸]还有雷[捂脸],[等级25],[粉丝团 Lv15]
2026-05-16 12:38:54,77416951506,ら孤痞,@🌈难得糊涂🌈 真操心，刷十个华子再指挥,[等级36],[粉丝团 Lv17]
2026-05-16 12:38:54,2113722918903375,无语耶耶不酱,爱波会考虑播别的图嘛[戳手手],[等级11],[粉丝团 Lv3]
2026-05-16 12:39:01,92482468210,- 岁月苍白，人颜老,@❤️🍺✌️ 上号,[等级5],
2026-05-16 12:39:04,520528646119031,在下雨-,@某某.哈哈哈哈哈哈太经典了[捂脸][捂脸][捂脸],,
2026-05-16 12:39:05,68422483360,深情不及久伴,@习惯有妳 你给的吗,[等级25],[粉丝团 Lv11]
2026-05-16 12:39:06,72568079369,最爱抹茶味,[比心],[等级16],[粉丝团 Lv8]
2026-05-16 12:39:09,85572574854,一缕执念💫,雅雅~,[等级35],
2026-05-16 12:39:09,63416229807,风沙迷了眼⁵¹⁰⁷⁴,@无语耶耶不酱 她不考虑,[等级21],[粉丝团 Lv15]
2026-05-16 12:39:23,101629850514,张老黑的飞哥⁵¹⁰⁷⁴,@无语耶耶不酱 直播人气为主，哪个高打哪个,[等级33],[粉丝团 Lv16]
2026-05-16 12:39:29,690125102658323,黑猫@警长,@ら孤痞 你17级指挥过吗[捂脸][捂脸][捂脸],[等级24],[粉丝团 Lv12]
2026-05-16 12:39:34,520528646119031,在下雨-,小红书终身VIP[捂脸][比心],,
2026-05-16 12:39:34,73126091268,°o心碎的声音o°,有个箱子,[等级8],[粉丝团 Lv9]
2026-05-16 12:39:40,2274247923467549,知遇👣,@在下雨- 拉黑你一点价值都没有,[等级24],[粉丝团 Lv10]
2026-05-16 12:39:40,111570252130,纵情山水,有个箱子,[等级11],[粉丝团 Lv8]
2026-05-16 12:39:42,2005977489743528,种木薯吧,好会找人机,[等级10],
2026-05-16 12:39:42,62203129282,王𝒲𝒶𝓃ℊ ᥫᩣ💫,有箱子,[等级27],[粉丝团 Lv15]
2026-05-16 12:39:42,102028794518,用户110524,扑总不打游戏吗,[等级19],[粉丝团 Lv6]
2026-05-16 12:39:43,61524628975,Tender一小哥哥,君雅寄树主播挺好[666][666][666],[等级15],[粉丝团 Lv11]
2026-05-16 12:39:44,1257437656002798,某某.,@在下雨- 你已急哭[吐舌][黑脸],[等级34],[粉丝团:张君雅 Lv16]
2026-05-16 12:39:44,83645562268,風裡藏著溫柔,人机那个房里有箱子,[等级9],[粉丝团 Lv11]
2026-05-16 12:39:47,100554224754,👫我的秦哥哥👫,箱子,[等级31],[粉丝团 Lv6]
2026-05-16 12:39:48,95590473829,归云,刚好像有个黑箱子,[等级22],[粉丝团 Lv7]
2026-05-16 12:39:48,99569816302,蝴蝶过山门,老黑，荒郊野岭的在干嘛,[等级20],[粉丝团 Lv8]
2026-05-16 12:39:49,95022908520,CFR🚒,老黑他爸是谁,[等级21],
2026-05-16 12:39:49,3934507317863532,一个从人民中走出来的普通人（轮回版）,队友看过你直播[捂脸],[等级23],[粉丝团 Lv2]
2026-05-16 12:39:52,100554224754,👫我的秦哥哥👫,666,[等级31],[粉丝团 Lv6]
2026-05-16 12:39:52,1841054966900747,相思,刚才打肉鸡那个房子里有箱子,[等级9],[粉丝团 Lv10]
2026-05-16 12:39:52,10780303618,隔壁老陈,和平精英中粉丝不是最多的，但是我们直播间人是最多的，气死那些黑子[呲牙],[等级22],[粉丝团 Lv14]
2026-05-16 12:39:53,93219461622,🌈难得糊涂🌈,@ら孤痞 你真操心,[等级18],[粉丝团 Lv4]
2026-05-16 12:39:55,2289629026328952,不认识也要给520,厕所有338,,
2026-05-16 12:39:56,2057892881507176,鲸哥哥,快点嫁人吧,[等级13],[粉丝团 Lv6]
2026-05-16 12:39:59,94715703930,呆呆对我笑,四号我也在看你直播,[等级47],[粉丝团 Lv10]
2026-05-16 12:40:00,2289629026328952,不认识也要给520,厕所有338,,
2026-05-16 12:40:00,109462981723,陌亿米,海岛只看张老黑,[等级25],[粉丝团 Lv1]
2026-05-16 12:40:01,4503658257446344,🥐cornetto,妈的就该设置🈲止发言,[等级41],[粉丝团 Lv6]
2026-05-16 12:40:01,93327118568,挽ㅤ,这个车牌，老黑她爸。哈哈哈哈,[等级22],
2026-05-16 12:40:05,3934507317863532,一个从人民中走出来的普通人（轮回版）,队友有个现眼包,[等级23],[粉丝团 Lv2]
2026-05-16 12:40:07,72319034001,半夏°,@情非得已。 你在这眼红什么？,[等级13],[粉丝团 Lv2]
2026-05-16 12:40:09,102477798132,东风吹,不求入,[等级7],
2026-05-16 12:40:09,3170614929538557,常平洗车行,君雅一天的快乐就是打肉鸡，舔空投，待着局子逛海岛[比心],[等级34],[粉丝团 Lv7]
2026-05-16 12:40:13,504043965519449,不知名,老黑他爸姓张,[等级1],
2026-05-16 12:40:13,62827972147,万万,猫局呢,[等级33],[粉丝团 Lv12]
2026-05-16 12:40:16,4077410115396845,我基本疲惫不堪了开始在,[垃圾][垃圾],,
2026-05-16 12:40:16,3940246886840095,你才是冰块,1,[等级4],[粉丝团 Lv1]
2026-05-16 12:40:17,61063079197,小维,居然敢自己抓鸡 奖励一个火力车吧,[等级11],[粉丝团 Lv1]
2026-05-16 12:40:19,1530976442254383,带五个孤儿住天桥底下,@用户110524 扑总周二玩吧,[等级27],[粉丝团 Lv11]
2026-05-16 12:40:19,2370139115760428,就是你,车牌号真棒👍,,
2026-05-16 12:40:30,3934507317863532,一个从人民中走出来的普通人（轮回版）,队友有个现眼包看过你直播。还发弹幕[捂脸],[等级23],[粉丝团 Lv2]
2026-05-16 12:40:31,68422483360,深情不及久伴,@🌈难得糊涂🌈 不然呢，要你操心吗，空口白牙在这里指挥什么,[等级25],[粉丝团 Lv11]
2026-05-16 12:40:32,2782225270309235,问心,@不知名 你也是个人才，一个网名当真名,[等级13],[粉丝团 Lv8]
2026-05-16 12:40:33,87685795754,硕歌,富贵险中求嘛,[等级11],[粉丝团 Lv8]
2026-05-16 12:40:36,7513789224489272379,劲劲,两边可以打卡,[等级24],[粉丝团 Lv4]
2026-05-16 12:40:36,108825768878,南山居士,强烈呼吁和平精英必须给和平一姐张君雅全套黄金风衣的第4天！,[等级1],
2026-05-16 12:40:39,4200551147897191,棋士,吃了吗上把,[等级21],[粉丝团 Lv13]
2026-05-16 12:40:41,97705467114,ジ晴宝🩷,@在下雨- 你真的是找骂,[等级25],[粉丝团 Lv12]
2026-05-16 12:40:42,77416951506,ら孤痞,@黑猫@警长 我从来没指挥过,[等级36],[粉丝团 Lv17]
2026-05-16 12:40:45,68422483360,深情不及久伴,@鲸哥哥 你爱嫁人，你快去嫁十个八个的,[等级25],[粉丝团 Lv11]
2026-05-16 12:40:51,2287464239611550,晓张,@棋士 没有,[等级4],[粉丝团 Lv2]
2026-05-16 12:40:56,75499568019,阿嚏oio🌈 𓈒 𓂂𓏸🫧,这个号得充了多少钱呀,[等级6],
2026-05-16 12:40:56,3866302121772893,哈总,偷人喽[捂脸][捂脸][捂脸],[等级14],[粉丝团 Lv2]
2026-05-16 12:40:58,69448501504,菜喵,这个 2 号，昨天晚上我跟我朋友匹配到他，我朋友骑马没接他，先是把我们马抢马了，后面还一直卸我们车胎,[等级23],[粉丝团 Lv6]
2026-05-16 12:41:02,58590758249,希顿斯,那个字是读   qiao吗,[等级16],
2026-05-16 12:41:03,4255563358933050,陈小七🐾,发现老黑白马都不爱变皮肤,,
2026-05-16 12:41:09,67862230314,别动,[捂脸][捂脸][捂脸][捂脸],[等级8],[粉丝团 Lv4]
2026-05-16 12:41:13,2211842521836435,搁浅,1080,[等级10],
2026-05-16 12:41:16,690125102658323,黑猫@警长,@ら孤痞 咱们看看，学着就行不配指挥[捂脸][捂脸][捂脸],[等级24],[粉丝团 Lv12]
2026-05-16 12:41:22,2057892881507176,鲸哥哥,@深情不及久伴 我是男,[等级13],[粉丝团 Lv6]
2026-05-16 12:41:25,98095182081,手握风云★,又开始嘚瑟了,[等级20],[粉丝团 Lv2]
2026-05-16 12:41:33,3934507317863532,一个从人民中走出来的普通人（轮回版）,@菜喵 噶了[捂脸],[等级23],[粉丝团 Lv2]
2026-05-16 12:41:39,2078521240594136,鱼跃龙门先生,队友正确,[等级7],
2026-05-16 12:41:41,71764673407,佩奇身上纹个猪,上把一样的剧情,[等级3],
2026-05-16 12:41:43,102469975321,✨名门⭐️,太难了！君雅[捂脸][捂脸],[等级19],[粉丝团 Lv15]
2026-05-16 12:41:45,98464117717,_99,队友正确,[等级20],[粉丝团 Lv5]
2026-05-16 12:41:45,92454033767,循梦而行,白天海岛悍妇，晚上海丰大桥管理员，纯海岛杀机四伏[捂脸],[等级9],
2026-05-16 12:41:46,3866302121772893,哈总,还有四号呢,[等级14],[粉丝团 Lv2]
2026-05-16 12:41:46,71999985421,逢喜入怀,三号要投奔你了,[等级15],[粉丝团 Lv1]
2026-05-16 12:41:49,1636547580920328,黑犇,队友错过大佬,[等级12],[粉丝团 Lv1]
2026-05-16 12:41:52,109348233166,乄兴源,我五星能去撞老黑吗[看][看],[等级29],[粉丝团 Lv14]
2026-05-16 12:41:52,68422483360,深情不及久伴,@鲸哥哥那你快去嫁啊，嫁人分什么男女，你爱嫁，多嫁几个男的，正好你喜欢,[等级25],[粉丝团 Lv11]
2026-05-16 12:41:54,99349758303,明飉,队友全死了，找个人骂都没有,[等级11],
2026-05-16 12:41:56,92454033767,循梦而行,白天海岛悍妇，晚上海丰大桥管理员，纯海岛杀机四伏[捂脸],[等级9],
2026-05-16 12:42:07,102200676908,此刻,@鲸哥哥 男的也可以,[等级19],
2026-05-16 12:42:11,99017994496,彭先生,又是剩3.4号,[等级14],
2026-05-16 12:42:11,67862230314,别动,没事，可以学习技术,[等级8],[粉丝团 Lv4]
2026-05-16 12:42:12,99349758303,明飉,没有队友骂，就骂粉丝啊！,[等级11],
2026-05-16 12:42:13,77416951506,ら孤痞,@🌈难得糊涂🌈 你不操心，一直刷屏干啥，吃多了,[等级36],[粉丝团 Lv17]
2026-05-16 12:42:13,99240303123,🔥影儿🔥,下把和铁蛋一起玩呗,[等级16],[粉丝团 Lv9]
2026-05-16 12:42:16,72571847526,💘,水里怎么有飞机,[等级19],[粉丝团 Lv11]
2026-05-16 12:42:16,3601628328638200,不吃焖子,不明白为什么队友有大腿不抱呢,,
2026-05-16 12:42:17,1349834223402740,是肥雲啊⁵¹⁰⁷⁴,@乄兴源 你小子，灯牌咋黑了？[捂脸],[等级31],[粉丝团 Lv16]
2026-05-16 12:42:21,23873775116,จุ追梦人,咋不跟队友一起走,[等级13],
2026-05-16 12:42:21,1893815699126649,.知行合一.,真变1v4啦,[等级17],
2026-05-16 12:42:22,92454033767,循梦而行,白天海岛悍妇，晚上海丰大桥管理员，纯海岛杀机四伏[捂脸],[等级9],
2026-05-16 12:42:23,540559659247868,兵哥🎤,跟队友相克[捂脸][捂脸][捂脸],[等级16],[粉丝团 Lv9]
2026-05-16 12:42:24,4503658257446344,🥐cornetto,@乄兴源 要二十星  同一设备同时开,[等级41],[粉丝团 Lv6]
2026-05-16 12:42:27,109348233166,乄兴源,[捂脸][捂脸][捂脸][捂脸],[等级29],[粉丝团 Lv14]
2026-05-16 12:42:29,84685332185,相公,小雅小雅处cP吗,[等级9],
2026-05-16 12:42:32,94781363233,二氧化碳emm,为什么海岛悍妇直播间的主图是她海边照[摊手],[等级10],[粉丝团 Lv9]
2026-05-16 12:42:32,109348233166,乄兴源,不要在意这些细节[看],[等级29],[粉丝团 Lv14]
2026-05-16 12:42:35,4305294912129470,余拉,老黑我爱你,[等级18],[粉丝团 Lv10]
2026-05-16 12:42:41,71999985421,逢喜入怀,人机,[等级15],[粉丝团 Lv1]
2026-05-16 12:42:42,98039254047,(❁´過客`❁),和上把一个剧情吗,[等级26],[粉丝团 Lv10]
2026-05-16 12:42:42,2942735914377405,#,@ら孤痞 一天到晚，就你弹幕最多,[等级18],[粉丝团 Lv13]
2026-05-16 12:42:42,896828231649432,修缘,一会去找3号别让他早早的躺，活到最后挡子弹也不错[抠鼻],,
2026-05-16 12:42:42,77440024452,꧁转角꧂,死劲喝[捂脸][捂脸],[等级31],[粉丝团 Lv11]
2026-05-16 12:42:47,75975538794,郭大侠,一个人搜一个n港,[等级19],[粉丝团 Lv4]
2026-05-16 12:42:49,4503658257446344,🥐cornetto,我试过十几次 没遇到,[等级41],[粉丝团 Lv6]
2026-05-16 12:42:56,75975538794,郭大侠,叫队友来,[等级19],[粉丝团 Lv4]
2026-05-16 12:42:56,3367119101376588,又赢了,把队友克死了,[等级4],[粉丝团 Lv4]
2026-05-16 12:42:57,3039086662,Walker-man,都有水上飞机🛩️啦[疑问][疑问][疑问],[等级21],[粉丝团 Lv10]
2026-05-16 12:43:00,100524298596,汤姆华,人机还会跳了,[等级14],
2026-05-16 12:43:07,11430137696900,晴,吓死宝宝了,,
2026-05-16 12:43:10,68422483360,深情不及久伴,@Walker-man 老早就有了,[等级25],[粉丝团 Lv11]
2026-05-16 12:43:10,1178306890961928,素履以往💎🥦🥑,这人机都比我有身法[捂脸],[等级1],[粉丝团 Lv2]
2026-05-16 12:43:11,130204092075648,聆夏,跳马上房 怎么也学不会 能不能教学一下,[等级7],
2026-05-16 12:43:12,1080149981540420,哎吆我去😂,捡那么多药准备扛毒吗😂😂,[等级2],
2026-05-16 12:43:14,1798427627499870,TeFuir,@🥐cornetto 她打完你就要开，你要考虑延迟,[等级26],[粉丝团 Lv12]
2026-05-16 12:43:15,2942735914377405,#,天天怎么那么能说,[等级18],[粉丝团 Lv13]
2026-05-16 12:43:17,11805950518,深情（张君雅助理）,@# 你管人家呢，你管这么多，家里咸盐吃多了？？？,[等级39],[粉丝团:张君雅 Lv18]
2026-05-16 12:43:20,103952091396,春风十里,人机包怎么肥[666],[等级17],
2026-05-16 12:43:21,109348233166,乄兴源,那不应该[看],[等级29],[粉丝团 Lv14]
2026-05-16 12:43:25,61291622127,谁还没年轻过⁵¹⁰⁷⁴,人机一个大跳，直接空中解体,[等级16],[粉丝团 Lv14]
2026-05-16 12:43:31,97610404908,PL,信号枪,[等级15],
2026-05-16 12:43:33,130204092075648,聆夏,跳马上房 怎么也学不会 能不能教学一下,[等级7],
2026-05-16 12:43:34,4503658257446344,🥐cornetto,@TeFuir 有道理,[等级41],[粉丝团 Lv6]
2026-05-16 12:43:34,62666028044,钟钟bb,君雅谈恋爱吗,[等级32],
2026-05-16 12:43:37,84159073433,不入戏🍃,[比心][互粉],[等级20],[粉丝团 Lv12]
2026-05-16 12:43:37,102469975321,✨名门⭐️,@汤姆华 现在人机还会闪身枪了！,[等级19],[粉丝团 Lv15]
2026-05-16 12:43:45,75975538794,郭大侠,队友在厕所瑟瑟发抖不敢搜[捂脸],[等级19],[粉丝团 Lv4]
2026-05-16 12:43:48,3689574830449950,刘三哥,这机哥比我蹦哒得还灵活！[捂脸][微笑][捂脸][微笑][捂脸][微笑][捂脸][微笑][微笑][微笑][666],[等级27],
2026-05-16 12:43:50,4303951025418371,夏夜,也就你打个人机敢承认人机,[等级34],
2026-05-16 12:43:51,68422483360,深情不及久伴,@# 你管他呢，他爱说话也不行，你住海边啊,[等级25],[粉丝团 Lv11]
2026-05-16 12:43:55,1869588052320495,听～风,转的头晕,[等级4],
2026-05-16 12:44:00,71999985421,逢喜入怀,好的,[等级15],[粉丝团 Lv1]
2026-05-16 12:44:02,63416229807,风沙迷了眼⁵¹⁰⁷⁴,？？？？,[等级21],[粉丝团 Lv15]
2026-05-16 12:44:04,1560954851308167,壹壹呀一一🍒,行,[等级7],[粉丝团 Lv10]
2026-05-16 12:44:06,70421014611,免打扰～,好的,[等级22],[粉丝团 Lv11]
2026-05-16 12:44:06,1900427196767240,元霸,名花有主了,[等级14],[粉丝团 Lv7]
2026-05-16 12:44:06,84014250529,杨某某,为啥你得嗯港人去楼空，我的跟打仗一样,[等级12],[粉丝团 Lv1]
2026-05-16 12:44:07,520528646119031,朴,@深情（张君雅助理） 我的妈呀大姐 你家爱博这么娇贵呢[捂脸],,
2026-05-16 12:44:08,101277257606,风的影子🧸,你带一下吧,[等级42],[粉丝团 Lv11]
2026-05-16 12:44:08,1456169111790891,隔壁老王,我来拿了,[等级16],[粉丝团 Lv7]
2026-05-16 12:44:10,1728874239763085,雪梨梨梨,6,[等级8],[粉丝团 Lv11]
2026-05-16 12:44:12,96738301829,㿝氼,不要,[等级19],[粉丝团 Lv12]
2026-05-16 12:44:12,3859735191489808,TT的（程）蒙你喜欢,[看],[等级1],
2026-05-16 12:44:13,1560954851308167,壹壹呀一一🍒,等会就来,[等级7],[粉丝团 Lv10]
2026-05-16 12:44:14,103952091396,春风十里,让谁拿,[等级17],
2026-05-16 12:44:16,59348532870,贫僧法号：乱来,好的   我下辈子来拿,[等级34],
2026-05-16 12:44:18,61063079197,小维,你要开药店呀[懵],[等级11],[粉丝团 Lv1]
2026-05-16 12:44:19,4503658257446344,🥐cornetto,大概是我才7星遇不到,[等级41],[粉丝团 Lv6]
2026-05-16 12:44:21,3800334512690803,有点难瘦,不痛了吧,[等级13],
2026-05-16 12:44:22,4327333764806140,❤️满眼皆是你,等你走了，我来拿,[等级11],
2026-05-16 12:44:22,76786388221,🌈 海龍_,11级啦 哈哈,[等级24],[粉丝团 Lv11]
2026-05-16 12:44:25,101094843998,『🐒🐒』,你帮我拿，等会去找你要[尬笑][尬笑][尬笑],[等级19],[粉丝团 Lv12]
2026-05-16 12:44:29,1662055106230765,真名,你要不磕两瓶药？,[等级21],[粉丝团 Lv3]
2026-05-16 12:44:30,96261969310,酒醉人不归,止痛打着玩了,[等级15],[粉丝团 Lv10]
2026-05-16 12:44:30,61291622127,谁还没年轻过⁵¹⁰⁷⁴,老黑准备开药店了,[等级16],[粉丝团 Lv14]
2026-05-16 12:44:31,993565434188280,晏老三,上船,[等级2],
2026-05-16 12:44:31,540559659247868,兵哥🎤,有车声音,[等级16],[粉丝团 Lv9]
2026-05-16 12:44:31,1080149981540420,哎吆我去😂,你捡九瓶止痛，一个医疗箱干啥😂😂,[等级2],
2026-05-16 12:44:35,3859735191489808,TT的（程）蒙你喜欢,海岛药品贩卖商,[等级1],
2026-05-16 12:44:35,11805950518,深情（张君雅助理）,@朴 大侄儿，你说的有点道理,[等级39],[粉丝团:张君雅 Lv18]
2026-05-16 12:44:35,3129625137919339,晚安🌙,[捂脸],[等级3],
2026-05-16 12:44:36,4503658257446344,🥐cornetto,我学爆炸弓学废了现在,[等级41],[粉丝团 Lv6]
2026-05-16 12:44:36,1798427627499870,TeFuir,@🥐cornetto 我号借你去撞,[等级26],[粉丝团 Lv12]
2026-05-16 12:44:36,64424159510,END,猫局：okok,[等级26],[粉丝团 Lv5]
2026-05-16 12:44:37,1390250963510063,南乔,为啥你的弓可以带倍镜,[等级2],
2026-05-16 12:44:37,3557665193860644,梅钞疯 󰠇,一会儿去决赛圈卖止痛[捂脸][捂脸][捂脸],[等级20],[粉丝团 Lv12]
2026-05-16 12:44:38,72319034001,半夏°,@朴 你咋换个名字又来了[捂脸],[等级13],[粉丝团 Lv2]
2026-05-16 12:44:39,4165407898869996,每天对被子表白,3号要死[捂脸],[等级5],[粉丝团 Lv2]
2026-05-16 12:44:39,22415580083835,苹果,今天黑子比较多啊！,[等级18],
2026-05-16 12:44:39,102469975321,✨名门⭐️,@听～风 人家还是手搓！[捂脸][捂脸],[等级19],[粉丝团 Lv15]
2026-05-16 12:44:40,99502622005,小乔妹妹,有人堵桥,[等级21],[粉丝团 Lv5]
2026-05-16 12:44:41,4077410115396845,我基本疲惫不堪了开始在,[吐舌小狗][吐舌小狗],,
2026-05-16 12:44:41,55159220102,BWRZ（记录美好）,给你个面子[看]下次拿,[等级36],[粉丝团 Lv16]
2026-05-16 12:44:41,2353403465832910,兰,[哭哭]17星都遇不到,[等级21],[粉丝团 Lv4]
2026-05-16 12:44:41,102477798132,东风吹,这么多止疼药可以建议顺产,[等级7],
2026-05-16 12:44:42,63416229807,风沙迷了眼⁵¹⁰⁷⁴,队友   带一下[捂脸][捂脸][捂脸]一会儿换,[等级21],[粉丝团 Lv15]
2026-05-16 12:44:45,1530976442254383,带五个孤儿住天桥底下,感觉你的三级包比我的三级包更能装呢,[等级27],[粉丝团 Lv11]
2026-05-16 12:44:49,62842154530,边城浪子²º²⁶,三号要嘎了,[等级13],
2026-05-16 12:44:51,43611220089102,和尚洗头用飘柔,今天1，2号位置不行吗,[等级14],[粉丝团 Lv6]
2026-05-16 12:44:51,2729403170182891,可乐,都能骑马了[捂脸][捂脸]我还是落伍了,,
2026-05-16 12:44:54,102100433387,风,信号枪,[等级15],
2026-05-16 12:44:56,2500744598796624,🪳🪳🪳,@朴 闹麻了还换了一个网名,[等级6],[粉丝团 Lv4]
2026-05-16 12:45:02,781127811074233,彡久伴,刚刚里面有箭啊,[等级14],[粉丝团 Lv2]
2026-05-16 12:45:06,1882799140776472,一二三四,没会员优惠[捂脸][捂脸],[等级30],[粉丝团 Lv1]
2026-05-16 12:45:08,71999985421,逢喜入怀,淘汰王出来了,[等级15],[粉丝团 Lv1]
2026-05-16 12:45:10,97705467114,ジ晴宝🩷,@朴 你还改个名字过来，找骂,[等级25],[粉丝团 Lv12]
2026-05-16 12:45:12,109348233166,乄兴源,？？？？老黑抗毒主播啊[看],[等级29],[粉丝团 Lv14]
2026-05-16 12:45:14,380881911154506,｛千城墨白｝,你能碰到我吗？我可是黄冠段位,[等级7],[粉丝团 Lv9]
2026-05-16 12:45:16,4327333764806140,❤️满眼皆是你,我怕去被你当人机打,[等级11],
2026-05-16 12:45:20,90123802131,张飞,能不能捡空投去，不要垃圾了,[等级27],[粉丝团 Lv7]
2026-05-16 12:45:23,99635116485,十二之余生,后面集装箱有,[等级11],[粉丝团 Lv6]
2026-05-16 12:45:24,1080149981540420,哎吆我去😂,这几个要干嘛？怎么刷了三个伞包,[等级2],
2026-05-16 12:45:25,61772282639,🦄潇洒的茂茂哥💋,咋一进来就忌了俩队友啊[捂脸],[等级32],[粉丝团 Lv11]
2026-05-16 12:45:35,71126905166,抖音小肋手,点粉丝团→一键送11个为你闪耀（陪伴之旅），完成后可多领很多很多亲密度→记得把星星都点开有亲密❤️❤,[等级11],[粉丝团 Lv10]
2026-05-16 12:45:37,4503658257446344,🥐cornetto,@TeFuir 你的号撞到也不香,[等级41],[粉丝团 Lv6]
2026-05-16 12:45:42,92448389317,无心☆上人か,小张带我打两把吧[捂脸][捂脸][捂脸][捂脸][捂脸][捂脸],[等级16],[粉丝团 Lv1]
2026-05-16 12:45:43,96260581351,羽洛,变个皮肤,[等级17],
2026-05-16 12:45:45,96665089234,万亿元,三段有,[等级16],[粉丝团 Lv8]
2026-05-16 12:45:47,213731129951743,刻画快乐,我我们不生产剑 我们只是和平搬运工[捂脸],[等级33],[粉丝团 Lv9]
2026-05-16 12:45:48,52896019817,💕𝐑𝐗𝑾。,就骑马搜东西这个操作就够我练半年[捂脸],[等级28],[粉丝团 Lv6]
2026-05-16 12:45:49,80018457395,奥特曼打怪兽🐳,比君雅肥了,[等级16],[粉丝团 Lv2]
2026-05-16 12:45:51,144758227084366,今天,你在这溜马呢,[等级6],
2026-05-16 12:45:52,95696288772,今生有约笑妍,房区,[等级27],[粉丝团 Lv3]
2026-05-16 12:45:53,97652805920,恩哥,队友会给你送剑的,[等级21],[粉丝团 Lv7]
2026-05-16 12:45:53,64622892651,行者,三段刚才不是有箭,[等级6],
2026-05-16 12:45:53,4215957197431401,红桃♥️J,房区有,[等级9],[粉丝团 Lv10]
2026-05-16 12:45:53,1262683587609187,蜗牛国度,不是搜一城不如打一人吗？在毒里找人机？,[等级3],[粉丝团 Lv2]
2026-05-16 12:45:54,1994989757268857,拾染,怎么才能一起打一局,[等级7],
2026-05-16 12:45:54,56973782137,望.,去房区看看呗,[等级19],[粉丝团 Lv2]
2026-05-16 12:45:55,3557665193860644,梅钞疯 󰠇,一条街，多得很,[等级20],[粉丝团 Lv12]
2026-05-16 12:45:56,64622892651,行者,三段刚才不是有箭,[等级6],
2026-05-16 12:45:57,1173906957280910,摆摊卖寂寞,房区会有,[等级8],
2026-05-16 12:45:57,540559659247868,兵哥🎤,给大狼吃药[捂脸][捂脸][捂脸],[等级16],[粉丝团 Lv9]
2026-05-16 12:45:59,96211988113,怪叔叔烤猪蹄·酸辣粉,码头看看,[等级25],[粉丝团 Lv9]
2026-05-16 12:46:00,92448389317,无心☆上人か,小张带我打两把吧[捂脸][捂脸][捂脸][捂脸][捂脸],[等级16],[粉丝团 Lv1]
2026-05-16 12:46:00,808832785757615,，。好,打带弓的人,[等级12],
2026-05-16 12:46:01,59886164025,z&啊,六倍那儿有,,
2026-05-16 12:46:05,2722013630699155,做足疗的小伙,机场码头哪里,[等级16],[粉丝团 Lv11]
2026-05-16 12:46:06,1798427627499870,TeFuir,@🥐cornetto 笑死了,[等级26],[粉丝团 Lv12]
2026-05-16 12:46:07,64622892651,行者,三段刚才不是有箭,[等级6],
2026-05-16 12:46:09,100474701110,w.w,直接单人四排得了,[等级27],[粉丝团 Lv5]
2026-05-16 12:46:10,111205835280,戏幕落，谁是客,抢别人的，你不是这样干过吗[捂脸],[等级40],[粉丝团 Lv13]
2026-05-16 12:46:14,69894844197,@谭二旺,3号队友顶住进决赛圈[捂脸][捂脸][捂脸],[等级32],[粉丝团 Lv10]
2026-05-16 12:46:14,279718988623529,Luka,主播是手搓嘛,[等级24],[粉丝团 Lv6]
2026-05-16 12:46:14,71397888254,ᝰꫛꪮꪮꫜ ,房区看看,[等级30],
2026-05-16 12:46:16,213731129951743,刻画快乐,慢慢搜 不捉鸡,[等级33],[粉丝团 Lv9]
2026-05-16 12:46:18,110913016109,风,灭一队就有了,[等级23],
2026-05-16 12:46:22,3527674280811703,11//,我看到了p90,,
2026-05-16 12:46:22,111524154361,風花雪月,弓和箭从今天开始刷新率调低了,[等级11],[粉丝团 Lv3]
2026-05-16 12:46:25,1403391814404989,易难,剑王你犯就有了,[等级11],
2026-05-16 12:46:26,2493287312401693,岁月无情，,怎么还有怎么多人在看,[等级4],
2026-05-16 12:46:29,1900427196767240,元霸,你们那里啊啊啊多少钱,[等级14],[粉丝团 Lv7]
2026-05-16 12:46:29,63416229807,风沙迷了眼⁵¹⁰⁷⁴,[捂脸][捂脸][捂脸][捂脸][捂脸],[等级21],[粉丝团 Lv15]
2026-05-16 12:46:32,71999985421,逢喜入怀,团团转，就是找不到箭,[等级15],[粉丝团 Lv1]
2026-05-16 12:46:33,93327118568,挽ㅤ,？,[等级22],
2026-05-16 12:46:33,3536480698644541,✨锅包又✨,区区张君雅我单手能打倆[看],[等级12],[粉丝团 Lv11]
2026-05-16 12:46:35,71126905166,抖音小肋手,直播间的一万兄弟姐妹们大家给君雅点点赞吧，上上赞吧！一起点有加成[比心][比心][比心],[等级11],[粉丝团 Lv10]
2026-05-16 12:46:35,94678015999,肥佬,反馈一下光子就马上给你安排了,[等级19],
2026-05-16 12:46:36,4380084132381328,🌈微峰,弄个狗，让狗找,[等级30],[粉丝团 Lv15]
2026-05-16 12:46:37,521642863761721,臭鱼,哈哈哈哈哈哈哈,[等级1],
2026-05-16 12:46:38,71126905166,抖音小肋手,[捂脸],[等级11],[粉丝团 Lv10]
2026-05-16 12:46:41,76786388221,🌈 海龍_,哈哈 老山东,[等级24],[粉丝团 Lv11]
2026-05-16 12:46:45,97763433901,空明溯流光,[看]爱播喜欢？,[等级15],[粉丝团 Lv9]
2026-05-16 12:46:46,3790709202623287,༄༊࿆ღ᭄ᝰꫛꫀꪟ520⅓¼ོྂཾ࿆࿐,一段大仓门口集装箱上我都看到了,[等级18],[粉丝团 Lv7]
2026-05-16 12:46:47,4503658257446344,🥐cornetto,老黑一天打11把左右   也是厉害,[等级41],[粉丝团 Lv6]
2026-05-16 12:46:49,107758779896,孙启通,有点卡,[等级15],[粉丝团 Lv3]
2026-05-16 12:47:01,4258846191921225,幸福的终点是你,哈哈哈哈哈哈哈哈哈😃😃😃😃😃😃😃😃😃😃😃😃😃😃,[等级7],[粉丝团 Lv4]
2026-05-16 12:47:01,3790709202623287,༄༊࿆ღ᭄ᝰꫛꫀꪟ520⅓¼ོྂཾ࿆࿐,一段大仓门口集装箱上我都看到了,[等级18],[粉丝团 Lv7]
2026-05-16 12:47:03,3367119101376588,又赢了,看个人本事，有的时候不要钱,[等级4],[粉丝团 Lv4]
2026-05-16 12:47:07,104816191787,实力k8,今天打几把都很难看到弓箭,[等级13],
2026-05-16 12:47:09,24886259276,今晚早点·睡,马路旁边那个两个房子,[等级25],
2026-05-16 12:47:12,1662055106230765,真名,你的自救器呢？,[等级21],[粉丝团 Lv3]
2026-05-16 12:47:12,59886164025,z&啊,六倍那儿有 20 发,,
2026-05-16 12:47:16,1150566179807236,岁月静谧,密室有大炮,,
2026-05-16 12:47:16,107713288805,阿岁。,中段靠房区有点箭,[等级27],
2026-05-16 12:47:20,866032946527787,牛 二,朴：是帽牌货,[等级25],[粉丝团 Lv15]
2026-05-16 12:47:25,99460247743,日行一善²⁰²⁶,给你100发箭没弓你难受不,[等级12],[粉丝团 Lv10]
2026-05-16 12:47:28,3456458772460702,紫夜幻梦,防空洞的弓箭特别多,[等级15],[粉丝团 Lv10]
2026-05-16 12:47:29,69894844197,@谭二旺,爱播带我一把，就差一个就晋级了[捂脸][捂脸][捂脸],[等级32],[粉丝团 Lv10]
2026-05-16 12:47:30,54842942123,এ᭄°余生丶请指教ꦿᮁ໊এ᭄゛,队友包里有,[等级15],[粉丝团 Lv8]
2026-05-16 12:47:31,103183372203,半熟烟火气,这个时节都改用蒜薹了,[等级10],[粉丝团 Lv5]
2026-05-16 12:47:34,1895154147667383,拒绝者,你不用的时候到处都是，要用了半天找不到,[等级18],[粉丝团 Lv6]
2026-05-16 12:47:35,82672971114,智障收容院 张院长,十二宫有剑,[等级19],[粉丝团 Lv9]
2026-05-16 12:47:46,109042802862,有点困,抗毒嘛这么多[捂脸],[等级14],
2026-05-16 12:47:47,55159220102,BWRZ（记录美好）,[发呆][干饭人],[等级36],[粉丝团 Lv16]
2026-05-16 12:47:50,98286879051,Mister.Li 🐾,改抗毒主播了,[等级3],[粉丝团 Lv2]
2026-05-16 12:47:51,2587583563698441,我要去炼体,药王[捂脸],[等级20],[粉丝团 Lv6]
2026-05-16 12:47:53,690125102658323,黑猫@警长,你这是要开医馆[捂脸][捂脸][捂脸][捂脸],[等级24],[粉丝团 Lv12]
2026-05-16 12:47:53,100406205609,S .,改抗毒主播了？,[等级16],[粉丝团 Lv8]
2026-05-16 12:47:57,3355313257326334,幺哥⛅,这是准备抗毒吗,[等级37],[粉丝团 Lv13]
2026-05-16 12:47:57,106373474110,León,千里送快递，,[等级25],[粉丝团 Lv4]
2026-05-16 12:47:57,21532947347,🇨🇳꧁༺YANG·帆起航༻꧂,队友呢,[等级12],[粉丝团 Lv2]
2026-05-16 12:47:58,95599238433,圪塔坨水果西红柿,我来抓你了[呲牙][呲牙],[等级17],
2026-05-16 12:48:03,73347898863,琼6270,开局队友没两个了？,[等级8],[粉丝团 Lv9]
2026-05-16 12:48:03,73569757746,小丑鱼,黑雅,[等级9],[粉丝团 Lv9]
2026-05-16 12:48:05,1262683587609187,蜗牛国度,不是说搜一城不如打一人吗？毒里打人机？,[等级3],[粉丝团 Lv2]
2026-05-16 12:48:05,84438956662,向前进★,你在找什么,[等级17],[粉丝团 Lv1]
2026-05-16 12:48:08,12145751462,0554_8888008,抗毒主播？,[等级16],
2026-05-16 12:48:09,4125830879644147,兔子🌈,医术高超,,
2026-05-16 12:48:09,104065623423,沉稳,只打决赛圈。,[等级2],
2026-05-16 12:48:09,875653320155998,乌拉……,溃子，要来了,,
2026-05-16 12:48:12,98352713415,我不认识你,马上来一队？,[等级11],
2026-05-16 12:48:14,18374452326,随「缘,多捡点抗毒,[等级17],[粉丝团 Lv10]
2026-05-16 12:48:18,3557665193860644,梅钞疯 󰠇,大仓,[等级20],[粉丝团 Lv12]
2026-05-16 12:48:19,71999985421,逢喜入怀,宝子们给君雅送箭➹,[等级15],[粉丝团 Lv1]
2026-05-16 12:48:20,2587583563698441,我要去炼体,@向前进★ 箭矢,[等级20],[粉丝团 Lv6]
2026-05-16 12:48:20,22415580083835,苹果,爆炸烈弓的范围伤害直接史诗级的削弱,[等级18],
2026-05-16 12:48:20,3773944581073336,独立客,光明顶，有剑,[等级2],
2026-05-16 12:48:21,106659299883,笑游书影,海边铁皮棚子下有箭,[等级5],[粉丝团 Lv3]
2026-05-16 12:48:22,68422483360,深情不及久伴,@向前进★ 箭矢,[等级25],[粉丝团 Lv11]
2026-05-16 12:48:22,4327333764806140,❤️满眼皆是你,好菜到后面,[等级11],
2026-05-16 12:48:22,69612053701,牛逼又活了一天,你不如打单4,[等级11],
2026-05-16 12:48:23,96000063813,半两清风序,刚刷到一个妹妹跟你一对，可把她忙坏了[捂脸]，,[等级17],
2026-05-16 12:48:24,55159220102,BWRZ（记录美好）,你们就学吧[看],[等级36],[粉丝团 Lv16]
2026-05-16 12:48:26,7566692566998041659,1739737副,88888,[等级11],
2026-05-16 12:48:27,111551681754,金马踏清,伞包高处当老六,[等级11],[粉丝团 Lv6]
2026-05-16 12:48:30,67309576108,腾飛，明天更美好！,[鼓掌][赞][赞][赞][鼓掌][鼓掌],,
2026-05-16 12:48:31,2057892881507176,鲸哥哥,老黑嫁人吧,[等级13],[粉丝团 Lv6]
2026-05-16 12:48:47,22412045763,迪迪小铺,人机吧,[等级22],[粉丝团 Lv3]
2026-05-16 12:48:48,103952091396,春风十里,为啥没人来揍你呢,[等级17],
2026-05-16 12:48:49,55159220102,BWRZ（记录美好）,能运营到吃鸡我说白了[看]都是牛逼,[等级36],[粉丝团 Lv16]
2026-05-16 12:48:51,2101915534493229,205,弓箭消弱了吗,[等级16],
2026-05-16 12:48:51,67309576108,腾飛，明天更美好！,[抠鼻][酷拽][抠鼻][酷拽][抠鼻][酷拽][抠鼻][抠鼻][流泪][抠鼻][流泪][抠鼻][流泪],,
2026-05-16 12:48:51,73133140989,行稳致远,[赞][赞][赞],[等级31],[粉丝团 Lv15]
2026-05-16 12:48:54,3934507317863532,一个从人民中走出来的普通人（轮回版）,雅雅，当六子,[等级23],[粉丝团 Lv2]
2026-05-16 12:48:55,4258846191921225,幸福的终点是你,运气这么好,[等级7],[粉丝团 Lv4]
2026-05-16 12:48:55,3724739391260380,💰F☄️,@逢喜入怀 好的，张君雅看剑🗡️,[等级14],[粉丝团 Lv1]
2026-05-16 12:48:57,690125102658323,黑猫@警长,@鲸哥哥 深16看上你了[捂脸][捂脸][捂脸][捂脸],[等级24],[粉丝团 Lv12]
2026-05-16 12:48:57,71999985421,逢喜入怀,不要狗砸,[等级15],[粉丝团 Lv1]
2026-05-16 12:49:00,104985348157,嘉年华,@鲸哥哥 嫁给你要不要,[等级20],[粉丝团 Lv2]
2026-05-16 12:49:00,99154405458,枭公子,狼狼狼狼狼狼狼狼狼狼狼狼狼狼狼狼狼狼狼狼狼狼狼狼狼狼狼狼狼狼狼狼狼狼狼狼狼狼狼狼狼狼狼狼狼狼狼狼狼狼,[等级24],
2026-05-16 12:49:03,75389805983,一諾₃₀₈₁,老黑我在桥头等你哦,[等级35],
2026-05-16 12:49:04,3456458772460702,紫夜幻梦,又被你,[等级15],[粉丝团 Lv10]
2026-05-16 12:49:07,106657793966,用户22085646654,我卡吗？,[等级15],
2026-05-16 12:49:07,80383016930,零度°C 冰川⁵¹⁰⁷⁴,工作服套上了,[等级11],[粉丝团 Lv11]
2026-05-16 12:49:09,781127811074233,彡久伴,止痛药不要嘛,[等级14],[粉丝团 Lv2]
2026-05-16 12:49:11,71182698712,德成（码字人）,哦哦哦,[等级7],[粉丝团 Lv2]
2026-05-16 12:49:11,68422483360,深情不及久伴,@鲸哥哥 你快去嫁啊，你爱嫁多嫁一点，奖励你,[等级25],[粉丝团 Lv11]
2026-05-16 12:49:12,520528646119031,扑,@BWRZ（记录美好） 吃了吗,,
2026-05-16 12:49:15,2807475993843516,远山寒叶,现在密室都有空投枪了？,,
2026-05-16 12:49:16,60876735247,九月是只喵,马还没吃两口就又干活了[看][看][看][看],[等级16],[粉丝团 Lv13]
2026-05-16 12:49:17,82672971114,智障收容院 张院长,谁能有我剑,[等级19],[粉丝团 Lv9]
2026-05-16 12:49:21,3934507317863532,一个从人民中走出来的普通人（轮回版）,雅雅。,[等级23],[粉丝团 Lv2]
2026-05-16 12:49:24,1403391814404989,易难,这么多药都可以扛毒吃鸡了,[等级11],
2026-05-16 12:49:24,1636547580920328,黑犇,再让你杀五个人机,[等级12],[粉丝团 Lv1]
2026-05-16 12:49:28,59886164025,z&啊,等会儿就送快递了。,,
2026-05-16 12:49:30,109042802862,有点困,@远山寒叶 随机刷,[等级14],
2026-05-16 12:49:31,56145808012,北方有个男孩,好肥的快递,[等级32],
2026-05-16 12:49:32,68422483360,深情不及久伴,@嘉年华 别在这里侮辱老黑,[等级25],[粉丝团 Lv11]
2026-05-16 12:49:32,94779253226,失踪人口,准备好送快递了[看],[等级20],
2026-05-16 12:49:32,59886164025,z&啊,等会儿就送快递了。,,
2026-05-16 12:49:34,71999985421,逢喜入怀,一闭一睁成盒子[捂脸],[等级15],[粉丝团 Lv1]
2026-05-16 12:49:35,104165828625,零冷,[看]要搜C字楼,[等级18],[粉丝团 Lv11]
2026-05-16 12:49:35,3536480698644541,✨锅包又✨,那要是一闭不睁呢？[看],[等级12],[粉丝团 Lv11]
2026-05-16 12:49:35,1900427196767240,元霸,骂骂咧咧下一把吧,[等级14],[粉丝团 Lv7]
2026-05-16 12:49:36,73761674954,羙伢mmゝに,淘汰王都七杀了,[等级16],[粉丝团 Lv13]
2026-05-16 12:49:38,59886164025,z&啊,等会儿就送快递了。,,
2026-05-16 12:49:40,2965799508641152,没错 一起的,仔细看哦 还是两杀,[等级2],[粉丝团 Lv4]
2026-05-16 12:49:40,2019184163427904,🇨🇳,去所里办事吗,[等级21],
2026-05-16 12:49:41,76326840152,往事随风,局哥呢,,
2026-05-16 12:49:42,98095182081,手握风云★,两个人机有什么值得炫耀,[等级20],[粉丝团 Lv2]
2026-05-16 12:49:43,1262683587609187,蜗牛国度,人机人机,[等级3],[粉丝团 Lv2]
2026-05-16 12:49:44,87049558548,圆较瘦,埋汰王[捂脸],[等级17],[粉丝团 Lv2]
2026-05-16 12:49:46,97483080870,🌈小宝,走鲨鱼路线了,[等级13],[粉丝团 Lv4]
2026-05-16 12:49:47,95499294637,🌈~凯.,有没可能出去就嘎[捂脸],[等级19],[粉丝团 Lv5]
2026-05-16 12:49:47,61063079197,小维,鲨鱼打法[懵],[等级11],[粉丝团 Lv1]
2026-05-16 12:49:49,104362751051,伟,你说儿豁[捂脸][捂脸],[等级18],[粉丝团 Lv4]
2026-05-16 12:49:49,2008152259705040,汉、歼的审判者,@iiixxo [抱抱你][抱抱你][抱抱你],[等级15],[粉丝团 Lv12]
2026-05-16 12:49:49,59886164025,z&啊,等会儿就送快递了。,,
2026-05-16 12:49:49,781127811074233,彡久伴,刚刚密室里都两三瓶,[等级14],[粉丝团 Lv2]
2026-05-16 12:49:51,104471040370,只攻不防实力不详,1,[等级5],[粉丝团 Lv1]
2026-05-16 12:49:56,1429003545097816,𓆡𓆝𓆟𓆜𓆞OOF,药王吧,[等级3],
2026-05-16 12:49:56,69894844197,@谭二旺,一点都不能浪费,[等级32],[粉丝团 Lv10]
2026-05-16 12:49:57,521642863761721,臭鱼,只要不是眼睛一闭一辈子了就行,[等级1],
2026-05-16 12:49:58,96738301829,㿝氼,我闭眼[害羞]我睁眼[发呆],[等级19],[粉丝团 Lv12]
2026-05-16 12:50:00,98352713415,我不认识你,火力车来一队[捂脸][捂脸][捂脸][捂脸],[等级11],
2026-05-16 12:50:02,71534882179,忆修@遗修,两杀，你已经超过百分之九十的人了,[等级5],
2026-05-16 12:50:05,1636547580920328,黑犇,苟分雅,[等级12],[粉丝团 Lv1]
2026-05-16 12:50:08,102270028900,Ustinian.,眼睛一闭不睁淘汰亡了,[等级15],
2026-05-16 12:50:09,7472439803331576891,ACE、,天降正义,[等级17],[粉丝团 Lv4]
2026-05-16 12:50:09,108272629068,-L Y,别被堵了,[等级9],[粉丝团 Lv6]
2026-05-16 12:50:09,321526558105752,༆   ༒,老黑快去嫁了吧！一年生两个！给她玩不了游戏,[等级6],
2026-05-16 12:50:09,607398155003172,崽仔,@✨锅包又✨ 那就8个人一桌，风光大办,[等级23],
2026-05-16 12:50:11,104885423613,🌈朝廷的赈灾粮,穿工作服的老黑最好别惹,[等级3],[粉丝团 Lv7]
2026-05-16 12:50:11,81923643945,知道了,太稳了没看点，生死看淡，不服就干，重要的是过程,[等级21],
2026-05-16 12:50:16,68181904476,王烦,我嘞个13瓶药[捂脸][捂脸][捂脸],[等级8],
2026-05-16 12:50:17,91697881893,✨蜜蜜蜜蜜✨,轰炸区,[等级30],[粉丝团 Lv11]
2026-05-16 12:50:17,1724476710198067,only,不要看我现在两杀  等会就上你看我是怎么成盒子的[捂脸][捂脸],[等级14],[粉丝团 Lv10]
2026-05-16 12:50:19,16284672077,喵了个咪,稀奇呀捡这么多止疼药,[等级5],
2026-05-16 12:50:19,99770678587,大橘为重♞,天降正义,[等级41],[粉丝团 Lv10]
2026-05-16 12:50:23,71999985421,逢喜入怀,这周人头都没有,[等级15],[粉丝团 Lv1]
2026-05-16 12:50:25,109348233166,乄兴源,来个天降正义就太有节目效果了[看][看],[等级29],[粉丝团 Lv14]
2026-05-16 12:50:28,68422483360,深情不及久伴,@༆   ༒ 你快去嫁，你多生一点,[等级25],[粉丝团 Lv11]
2026-05-16 12:50:31,4503658257446344,🥐cornetto,@忆修@遗修 阴阳怪气？,[等级41],[粉丝团 Lv6]
2026-05-16 12:50:34,70251950008,远山,楼顶有箭,[等级19],
2026-05-16 12:50:35,104793948903,王先生⁵⁵⁰ 🐘,啊,[等级25],
2026-05-16 12:50:42,105076731771,钟期,画质不行,[等级22],[粉丝团 Lv2]
2026-05-16 12:50:46,68181904476,王烦,昨天晚上机场跑毒那把跑出心理阴影了,[等级8],
2026-05-16 12:50:48,866032946527787,牛 二,苟分好。我想学,[等级25],[粉丝团 Lv15]
2026-05-16 12:50:48,97763433901,空明溯流光,怎么整天想着偷人,[等级15],[粉丝团 Lv9]
2026-05-16 12:50:49,63416229807,风沙迷了眼⁵¹⁰⁷⁴,？,[等级21],[粉丝团 Lv15]
2026-05-16 12:50:52,54642780642,dou9438724,蹲八个少妇,[等级48],
2026-05-16 12:50:52,73133140989,行稳致远,不是吧 [666],[等级31],[粉丝团 Lv15]
2026-05-16 12:50:52,1373709734260448,r,是不是轰炸区炸的地方会有人 每次打游戏，那轰炸区就怼着我炸[捂脸],[等级11],
2026-05-16 12:50:55,55159220102,BWRZ（记录美好）,[发呆][干饭人],[等级36],[粉丝团 Lv16]
2026-05-16 12:50:55,7496135397744133179,要早起🦄,？,[等级9],[粉丝团 Lv10]
2026-05-16 12:50:57,404236732742333,风飘过❀,藏起来,[等级11],
2026-05-16 12:50:58,71999985421,逢喜入怀,留下一局,[等级15],[粉丝团 Lv1]
2026-05-16 12:50:58,3408098413512419,心静自然,运气不错[赞],[等级30],[粉丝团 Lv11]
2026-05-16 12:50:59,4258846191921225,幸福的终点是你,叫队友来拿,[等级7],[粉丝团 Lv4]
2026-05-16 12:51:01,71126905166,抖音小肋手,[捂脸],[等级11],[粉丝团 Lv10]
2026-05-16 12:51:02,109348233166,乄兴源,哈哈哈哈哈哈,[等级29],[粉丝团 Lv14]
2026-05-16 12:51:03,60481033924,🌊🌊,哈哈哈,[等级29],[粉丝团 Lv10]
2026-05-16 12:51:04,109600067848,沉默,[捂脸][捂脸][捂脸][捂脸][捂脸],[等级26],[粉丝团 Lv5]
2026-05-16 12:51:04,55159220102,BWRZ（记录美好）,看你压枪[看],[等级36],[粉丝团 Lv16]
2026-05-16 12:51:05,73569757746,小丑鱼,狗砸留局哥,[等级9],[粉丝团 Lv9]
2026-05-16 12:51:05,110940507669,哼哼哈嘿,走时把门关了,[等级11],[粉丝团 Lv2]
2026-05-16 12:51:05,3361669743913258,信命,办起来,,
2026-05-16 12:51:05,94557808630,_𝙡̶𝙤̶̶̶𝙫̶̶̶𝙚王先生,[捂脸][捂脸][捂脸],[等级20],[粉丝团 Lv3]
2026-05-16 12:51:05,95627435468,小辉,给队友标一下,[等级21],
2026-05-16 12:51:06,3536480698644541,✨锅包又✨,？,[等级12],[粉丝团 Lv11]
2026-05-16 12:51:08,64386173303,🌈锋锅🌈🌈🌈,什么虎狼之词,[等级28],
2026-05-16 12:51:09,7577028479742805050,󰠇Dravvle,？？？？,[等级10],
2026-05-16 12:51:09,892413678724877,厌遇,[不失礼貌的微笑][斜眼][不失礼貌的微笑][斜眼][不失礼貌的微笑][斜眼],[等级24],[粉丝团 Lv6]
2026-05-16 12:51:09,3723397241514860,欺侮老头,[捂脸][捂脸][捂脸][捂脸],,
2026-05-16 12:51:09,1478188048587403,向东,塞裤裆[捂脸][捂脸],[等级18],[粉丝团 Lv10]
2026-05-16 12:51:10,89050504308,🌈다음 접합부 보자🌈,[捂脸][捂脸][捂脸],[等级16],
2026-05-16 12:51:11,104730763610,也曾有梦。,给队友标一下啊,[等级16],[粉丝团 Lv6]
2026-05-16 12:51:11,94621081467,雨踏歌行.,？,[等级20],[粉丝团 Lv15]
2026-05-16 12:51:12,109600067848,沉默,虎狼之词,[等级26],[粉丝团 Lv5]
2026-05-16 12:51:13,93054496193,🌈卫辉妞姐,[捂脸],[等级10],[粉丝团 Lv4]
2026-05-16 12:51:14,826437088053463,随风而至,裤挡,[等级18],[粉丝团 Lv11]
2026-05-16 12:51:15,102297852125,superman🐜,塞哪里？,[等级39],
2026-05-16 12:51:15,88342850942,陳❤️同学,裤裆好[捂脸][捂脸][捂脸],[等级24],[粉丝团 Lv8]
2026-05-16 12:51:16,3380319399706888,喵🐾媚娘,揌哪[捂脸][捂脸][捂脸],[等级23],[粉丝团 Lv12]
2026-05-16 12:51:17,4037002617430204,自渡山河,老黑说的啥啊[捂脸][捂脸],[等级17],[粉丝团 Lv5]
2026-05-16 12:51:17,99469083037,Argl🐭,塞吧,[等级17],[粉丝团 Lv9]
2026-05-16 12:51:19,96895767693,小叶,[捂脸][捂脸][捂脸][捂脸],[等级29],[粉丝团 Lv3]
2026-05-16 12:51:19,4497442629231056,难扑,开一个旅行车,[等级33],[粉丝团 Lv5]
2026-05-16 12:51:20,14340847547,Jiang波,塞裤裆里,[等级9],[粉丝团 Lv7]
2026-05-16 12:51:21,1081574460239063,🌈我是、打酱油的,？,[等级45],
2026-05-16 12:51:22,63607392502,殿下🖤,把门关上，要不然敌人拿了,[等级13],[粉丝团 Lv4]
2026-05-16 12:51:23,101875225014,🐮,[捂脸],[等级15],[粉丝团 Lv7]
2026-05-16 12:51:24,110547340114,@@,你裤裆里真能塞一把,[等级9],
2026-05-16 12:51:24,4258846191921225,幸福的终点是你,[比心][比心][捂脸],[等级7],[粉丝团 Lv4]
2026-05-16 12:51:25,91585060430,海雾,[捂脸][捂脸][捂脸][捂脸],[等级26],[粉丝团 Lv10]
2026-05-16 12:51:25,59729330261,中国π,咋天我一身入局，结果被炸了[捂脸][捂脸][捂脸][捂脸][捂脸][捂脸][捂脸][捂脸][捂脸][捂脸][捂脸][捂脸][捂脸][捂脸][捂脸][捂脸][捂脸][捂脸],[等级14],[粉丝团 Lv12]
2026-05-16 12:51:26,98158314370,昂,队友都拜拜了,[等级18],
2026-05-16 12:51:26,3054904749861284,󠀀ㅤ⁥⁥,在哪儿塞一把？,[等级32],
2026-05-16 12:51:27,75634525708,༄᭄冰封ꦿᩚ࿐,今天裤衩子没那么大，没地方带？[看],[等级22],[粉丝团 Lv14]
2026-05-16 12:51:28,103952091396,春风十里,你是单独王还带什么带,[等级17],
2026-05-16 12:51:29,111002104161,农夫,[赞][赞][赞][赞],[等级1],
2026-05-16 12:51:30,5964397381,彤,雅雅我考完试了，好开心，有时间看直播了[打call][打call][打call],[等级15],[粉丝团 Lv11]
2026-05-16 12:51:31,3584829626791055,满意土菜馆,你是女孩子吧？,,
2026-05-16 12:51:32,4503658257446344,🥐cornetto,我要下车。,[等级41],[粉丝团 Lv6]
2026-05-16 12:51:32,106014083643,ʢ˶ᵒ ᵕ ˂˶ʡᶻ👹,快去找箱子，今天爆金局,[等级13],[粉丝团 Lv1]
2026-05-16 12:51:33,2965799508641152,没错 一起的,你看着啊 就两杀,[等级2],[粉丝团 Lv4]
2026-05-16 12:51:34,852830790097751,风,喊局哥上来掏,[等级33],[粉丝团 Lv5]
2026-05-16 12:51:35,76786388221,🌈 海龍_,净整些虎狼之词哈哈,[等级24],[粉丝团 Lv11]
2026-05-16 12:51:37,866048084294110,往事随风（丁）,这娘们啥都说[捂脸],[等级35],[粉丝团 Lv10]
2026-05-16 12:51:39,72571847526,💘,队友裤裆里有,[等级19],[粉丝团 Lv11]
2026-05-16 12:51:42,111480308764,锦程,我也带不了一点,[等级31],[粉丝团 Lv15]
2026-05-16 12:51:47,4258846191921225,幸福的终点是你,真有钱,[等级7],[粉丝团 Lv4]
2026-05-16 12:51:49,94621081467,雨踏歌行.,真不拿我们当外人啊,[等级20],[粉丝团 Lv15]
2026-05-16 12:51:50,93014642999,🌈南山楠,掏上了[捂脸],[等级11],[粉丝团 Lv10]
2026-05-16 12:51:52,2782225270309235,问心,把子弹拿了,[等级13],[粉丝团 Lv8]
2026-05-16 12:51:53,92992288513,昕愿,全局好货都拿了,[等级10],[粉丝团 Lv2]
2026-05-16 12:51:56,1869588052320495,听～风,这直播观光吗,[等级4],
2026-05-16 12:51:57,109600067848,沉默,拿大炮啊,[等级26],[粉丝团 Lv5]
2026-05-16 12:52:00,3505675524641976,请叫我老龚（公）,塞裤裆不好！塞上面吧,[等级24],
2026-05-16 12:52:01,73133140989,行稳致远,差个枪匣,[等级31],[粉丝团 Lv15]
2026-05-16 12:52:01,70815804538,邓哥,子弹先拿,[等级12],[粉丝团 Lv4]
2026-05-16 12:52:01,3557665193860644,梅钞疯 󰠇,子弹扣了,[等级20],[粉丝团 Lv12]
2026-05-16 12:52:05,613969786831459,丨亻,无人机放个狗出来背,[等级11],
2026-05-16 12:52:06,71999985421,逢喜入怀,有，等会过来拿,[等级15],[粉丝团 Lv1]
2026-05-16 12:52:09,55159220102,BWRZ（记录美好）,6[看]以后捡,[等级36],[粉丝团 Lv16]
2026-05-16 12:52:09,2529307639167710,老baby💫,怎么有回音,[等级29],[粉丝团 Lv11]
2026-05-16 12:52:10,111205835280,戏幕落，谁是客,喝上,[等级40],[粉丝团 Lv13]
2026-05-16 12:52:11,3689574830449950,刘三哥,[微笑][捂脸][666],[等级27],
2026-05-16 12:52:11,3745395227774212,馬小帅,弓箭少直接拿炮,[等级21],[粉丝团 Lv10]
2026-05-16 12:52:11,3361669743913258,信命,子弹拿了,,
2026-05-16 12:52:13,12145751462,0554_8888008,拿AW,[等级16],
2026-05-16 12:52:15,3967481098810589,朝暮²⁷⁷,太富裕。。。[捂脸][捂脸][捂脸],[等级31],
2026-05-16 12:52:16,4259925351218591,寒江雪,子弹[捂脸][捂脸][捂脸][捂脸],[等级16],[粉丝团 Lv12]
2026-05-16 12:52:17,104985348157,嘉年华,阿西吧，怎么不来把啤酒瓶呢？,[等级20],[粉丝团 Lv2]
2026-05-16 12:52:17,690125102658323,黑猫@警长,把大炮子弹扣了[捂脸][捂脸],[等级24],[粉丝团 Lv12]
2026-05-16 12:52:18,4503658257446344,🥐cornetto,马上要去上厕所了吧,[等级41],[粉丝团 Lv6]
2026-05-16 12:52:19,470219582866307,忻安,子弹你都拿了[看],[等级17],[粉丝团 Lv15]
2026-05-16 12:52:19,63416229807,风沙迷了眼⁵¹⁰⁷⁴,[捂脸][捂脸][捂脸][捂脸][捂脸],[等级21],[粉丝团 Lv15]
2026-05-16 12:52:20,94242371311,洋洋🉐亿的兔,哈哈哈,[等级17],[粉丝团 Lv4]
2026-05-16 12:52:20,93014642999,🌈南山楠,哈哈哈,[等级11],[粉丝团 Lv10]
2026-05-16 12:52:20,71126905166,抖音小肋手,[捂脸],[等级11],[粉丝团 Lv10]
2026-05-16 12:52:21,4165407898869996,每天对被子表白,咋还把子弹扣走了[捂脸][捂脸],[等级5],[粉丝团 Lv2]
2026-05-16 12:52:21,101965747148,宝贝儿,[捂脸],[等级12],[粉丝团 Lv10]
2026-05-16 12:52:21,3355313257326334,幺哥⛅,塞裤裆[捂脸],[等级37],[粉丝团 Lv13]
2026-05-16 12:52:22,892413678724877,厌遇,直接扎不就完了,[等级24],[粉丝团 Lv6]
2026-05-16 12:52:22,763498854357146,H先森,[捂脸][捂脸][捂脸][捂脸],[等级26],[粉丝团 Lv8]
2026-05-16 12:52:23,80383016930,零度°C 冰川⁵¹⁰⁷⁴,[捂脸][捂脸][捂脸][捂脸],[等级11],[粉丝团 Lv11]
2026-05-16 12:52:23,71126905166,抖音小肋手,[捂脸][捂脸],[等级11],[粉丝团 Lv10]
2026-05-16 12:52:23,3795156287621927,拾欢,[捂脸],[等级15],[粉丝团 Lv13]
2026-05-16 12:52:23,61748084992,川沙贝贝贝贝贝贝,哈哈哈哈哈哈哈哈哈你真是个哈人,[等级19],[粉丝团 Lv10]
2026-05-16 12:52:24,102200676908,此刻,你人挺好,[等级19],
2026-05-16 12:52:24,108697135894,寂寞一支烟,喝完在跑,[等级27],[粉丝团 Lv8]
2026-05-16 12:52:24,80797621894,猫俢,Ok，我一会儿过来拿,[等级24],[粉丝团 Lv10]
2026-05-16 12:52:25,71999985421,逢喜入怀,好,[等级15],[粉丝团 Lv1]
2026-05-16 12:52:26,7542012252325905468,一个人,[捂脸][捂脸][捂脸],[等级2],
2026-05-16 12:52:26,1322064223941683,8888,[捂脸][捂脸][捂脸],[等级18],[粉丝团 Lv2]
2026-05-16 12:52:26,94621081467,雨踏歌行.,没箭，拿大炮吧,[等级20],[粉丝团 Lv15]
2026-05-16 12:52:27,3456458772460702,紫夜幻梦,得吃得吃,[等级15],[粉丝团 Lv10]
2026-05-16 12:52:27,111007378581,姣好运,1080,[等级14],[粉丝团 Lv3]
2026-05-16 12:52:27,87049558548,圆较瘦,添烟不封包绝对是高手[捂脸][捂脸][捂脸],[等级17],[粉丝团 Lv2]
2026-05-16 12:52:29,109348233166,乄兴源,哈哈哈哈哈哈子弹扣了,[等级29],[粉丝团 Lv14]
2026-05-16 12:52:31,68422483360,深情不及久伴,666,[等级25],[粉丝团 Lv11]
2026-05-16 12:52:33,61063079197,小维,主播人真好,[等级11],[粉丝团 Lv1]
2026-05-16 12:52:35,89050504308,🌈다음 접합부 보자🌈,还挺贴心,[等级16],
2026-05-16 12:52:36,198346926993662,霁月照山涧,哈哈哈哈,[等级22],
2026-05-16 12:52:37,73133140989,行稳致远,[捂脸][捂脸][捂脸][捂脸]气势,[等级31],[粉丝团 Lv15]
2026-05-16 12:52:37,1113180618894655,北极之星,"药放在 海水中 ,泡烂了...",[等级24],[粉丝团 Lv4]
2026-05-16 12:52:38,62802690421,誓解,煮啵人真好[流泪],[等级5],
2026-05-16 12:52:39,99302260042,荣家老大,一个人在那自言自语,[等级14],
2026-05-16 12:52:40,94242371311,洋洋🉐亿的兔,说的好有道理,[等级17],[粉丝团 Lv4]
2026-05-16 12:52:41,65531990091,贵州中黔腾辉吊车租赁有限公司,每次遇到骑马的，打也打不过，跑也跑不脱，好气人啊,[等级40],
2026-05-16 12:52:41,56145808012,北方有个男孩,人美心善,[等级32],
2026-05-16 12:52:44,80797621894,猫俢,谢谢宝宝[捂脸],[等级24],[粉丝团 Lv10]
2026-05-16 12:52:44,2665697062160392,哈喽啊啊额个,？,[等级11],
2026-05-16 12:52:46,64430820235,好运佳佳,给队友标下,[等级9],
2026-05-16 12:52:48,62047442879,国,给队友标记,[等级8],[粉丝团 Lv10]
2026-05-16 12:52:49,73133140989,行稳致远,你人还怪好的[捂脸],[等级31],[粉丝团 Lv15]
2026-05-16 12:52:50,1530976442254383,带五个孤儿住天桥底下,你人还怪好嘞,[等级27],[粉丝团 Lv11]
2026-05-16 12:52:52,2848201860982147,幸运小狗,好嘞，我等下就来,[等级4],
2026-05-16 12:52:53,99085959044,亣不了,xz,[等级14],[粉丝团 Lv10]
2026-05-16 12:52:57,66951909545,记忆_69878,你人还怪好的,[等级20],[粉丝团 Lv11]
2026-05-16 12:53:01,87135557281,后来,鲨鱼没有制裁你啊？,[等级15],
2026-05-16 12:53:06,470219582866307,忻安,真来了你都不乐意[看],[等级17],[粉丝团 Lv15]
2026-05-16 12:53:06,71089126391,咕噜咕噜,先拿大炮打了啊,[等级2],
2026-05-16 12:53:07,3536480698644541,✨锅包又✨,鬼鬼祟祟,[等级12],[粉丝团 Lv11]
2026-05-16 12:53:07,104730763610,也曾有梦。,抓你的,[等级16],[粉丝团 Lv6]
2026-05-16 12:53:11,71999985421,逢喜入怀,来捡药,[等级15],[粉丝团 Lv1]
2026-05-16 12:53:18,63416229807,风沙迷了眼⁵¹⁰⁷⁴,[捂脸][捂脸][捂脸][捂脸][捂脸],[等级21],[粉丝团 Lv15]
2026-05-16 12:53:19,470219582866307,忻安,哈哈哈哈,[等级17],[粉丝团 Lv15]
2026-05-16 12:53:19,875653320155998,乌拉……,溃子,,
2026-05-16 12:53:21,2005142166316856,fgg,完辣,[等级8],[粉丝团 Lv4]
2026-05-16 12:53:21,98095182081,手握风云★,牛逼666,[等级20],[粉丝团 Lv2]
2026-05-16 12:53:21,3170614929538557,常平洗车行,救命啊[比心],[等级34],[粉丝团 Lv7]
2026-05-16 12:53:21,104165828625,零冷,[看][看][看],[等级18],[粉丝团 Lv11]
2026-05-16 12:53:21,1042773355269868,烦恼,[看][看][看][看],[等级22],
2026-05-16 12:53:22,60876735247,九月是只喵,[捂脸][捂脸][捂脸][捂脸],[等级16],[粉丝团 Lv13]
2026-05-16 12:53:23,775571389809527,Bert,哈哈哈哈哈哈,[等级21],[粉丝团 Lv10]
2026-05-16 12:53:23,109348233166,乄兴源,哈哈哈哈哈,[等级29],[粉丝团 Lv14]
2026-05-16 12:53:23,58339080184,人生本是修行,抓了[捂脸][捂脸][捂脸][捂脸],[等级7],
2026-05-16 12:53:25,3147271348687547,🏏,[呲牙][呲牙][呲牙],[等级29],
2026-05-16 12:53:25,71999985421,逢喜入怀,丸啦,[等级15],[粉丝团 Lv1]
2026-05-16 12:53:26,1636547580920328,黑犇,哈哈,[等级12],[粉丝团 Lv1]
2026-05-16 12:53:26,51782197378,爱哭的鱼…,这么精准。,[等级34],[粉丝团:张君雅 Lv15]
2026-05-16 12:53:27,109273692485,跟八旬富婆谈恋爱之每天抱着她的甲沟炎狂亲,丸辣,[等级16],
2026-05-16 12:53:27,3380319399706888,喵🐾媚娘,[捂脸][捂脸][捂脸],[等级23],[粉丝团 Lv12]
2026-05-16 12:53:27,66672197795,過客,[尬笑][尬笑][尬笑],[等级34],[粉丝团 Lv7]
2026-05-16 12:53:28,237960187372840,魔王大人,粉丝,[等级3],
2026-05-16 12:53:29,99372859314,启  夏,哈哈哈哈。完了，大炮也没了[捂脸],[等级25],[粉丝团 Lv15]
2026-05-16 12:53:29,1882799140776472,一二三四,被窥屏了,[等级31],[粉丝团:张君雅 Lv3]
2026-05-16 12:53:29,93014642999,🌈南山楠,窥屏的,[等级11],[粉丝团 Lv10]
2026-05-16 12:53:29,22415580083835,苹果,来抓你的,[等级18],
2026-05-16 12:53:30,2796812370457612,♥🧡🩵🖤🩶,[捂脸][捂脸][捂脸][捂脸],[等级28],[粉丝团 Lv10]
2026-05-16 12:53:30,1349834223402740,是肥雲啊⁵¹⁰⁷⁴,[捂脸][捂脸][捂脸],[等级31],[粉丝团 Lv16]
2026-05-16 12:53:30,4233546532927219,🉑🈶🉑🈚,能救吗,[等级20],[粉丝团 Lv10]
2026-05-16 12:53:30,100250134080,凯,被包围了，来抓的,[等级19],[粉丝团 Lv15]
2026-05-16 12:53:31,92992288513,昕愿,粉丝吧,[等级10],[粉丝团 Lv2]
2026-05-16 12:53:31,73569757746,小丑鱼,黑雅，说话,[等级9],[粉丝团 Lv9]
2026-05-16 12:53:31,96362561751,一生有你,[捂脸][捂脸][捂脸],[等级12],[粉丝团 Lv11]
2026-05-16 12:53:31,1257437656002798,某某.,抓你的,[等级34],[粉丝团:张君雅 Lv16]
2026-05-16 12:53:31,4503658257446344,🥐cornetto,马身上上房你们学废了吗,[等级41],[粉丝团 Lv6]
2026-05-16 12:53:31,71407530208,商用健身器材厂家,穷吃鸡，富成盒,[等级7],
2026-05-16 12:53:31,875653320155998,乌拉……,溃子,,
2026-05-16 12:53:32,81195431231,我来也,快递雅,[等级24],[粉丝团 Lv13]
2026-05-16 12:53:33,96427723255,傻大鹅🫧,抓你来了,[等级29],[粉丝团 Lv9]
2026-05-16 12:53:33,71091522114,面具,一边两个人融化吧。,[等级8],
2026-05-16 12:53:33,3633219092901623,云端V,粉丝,[等级13],[粉丝团 Lv1]
2026-05-16 12:53:33,96738301829,㿝氼,[捂脸][捂脸][捂脸],[等级19],[粉丝团 Lv12]
2026-05-16 12:53:34,51782197378,爱哭的鱼…,故意的,[等级34],[粉丝团:张君雅 Lv15]
2026-05-16 12:53:34,80792191057,🌟所期˖°如愿✶,窥屏,[等级6],[粉丝团 Lv10]
2026-05-16 12:53:35,63416229807,风沙迷了眼⁵¹⁰⁷⁴,[捂脸][捂脸][捂脸][捂脸][捂脸],[等级21],[粉丝团 Lv15]
2026-05-16 12:53:35,775571389809527,Bert,抓住了[捂脸][捂脸],[等级21],[粉丝团 Lv10]
2026-05-16 12:53:35,58339080184,人生本是修行,裤裆藏雷,[等级7],
2026-05-16 12:53:35,3051888308391678,可乐漆,[尬笑],[等级15],
2026-05-16 12:53:35,3170614929538557,常平洗车行,[捂脸][捂脸][捂脸][捂脸],[等级34],[粉丝团 Lv7]
2026-05-16 12:53:36,69268051905,ᑋᵉᑊᑊᵒ妞,[捂脸][捂脸][捂脸][捂脸],[等级12],[粉丝团 Lv6]
2026-05-16 12:53:36,111480308764,锦程,[捂脸][捂脸],[等级31],[粉丝团 Lv15]
2026-05-16 12:53:36,2965799508641152,没错 一起的,我就说两杀嘛,[等级2],[粉丝团 Lv4]
2026-05-16 12:53:36,101687967112,无脚的鸟,[捂脸][捂脸][捂脸][捂脸][捂脸][捂脸][捂脸],[等级15],[粉丝团 Lv7]
2026-05-16 12:53:37,92992288513,昕愿,[捂脸][捂脸],[等级10],[粉丝团 Lv2]
2026-05-16 12:53:37,68422483360,深情不及久伴,故意的,[等级25],[粉丝团 Lv11]
2026-05-16 12:53:37,55159220102,BWRZ（记录美好）,？,[等级36],[粉丝团 Lv16]
2026-05-16 12:53:37,3795156287621927,拾欢,[捂脸][捂脸][捂脸],[等级15],[粉丝团 Lv13]
2026-05-16 12:53:37,80018457395,奥特曼打怪兽🐳,窥,[等级16],[粉丝团 Lv2]
2026-05-16 12:53:37,4133816633945832,赵大庆,不跑干嘛呢,[等级24],
2026-05-16 12:53:37,4022473420183417,在烂泥堆里摆烂,窥子,[等级10],
2026-05-16 12:53:38,96005113653,山海声,窥子,[等级23],[粉丝团 Lv6]
2026-05-16 12:53:39,2377583253274119,凉川,[捂脸][捂脸][捂脸],[等级29],[粉丝团 Lv11]
2026-05-16 12:53:39,4375699765331038,小华,总算看到老黑倒了,,
2026-05-16 12:53:39,2950740333835965,醒必静（重生版),[捂脸][捂脸][捂脸][捂脸],[等级30],[粉丝团 Lv15]
2026-05-16 12:53:40,69960935727,Y 、8555🐵,哈哈哈哈,[等级20],[粉丝团 Lv7]
2026-05-16 12:53:40,3883101576503096,道140787795,他想拳你,[等级13],[粉丝团 Lv11]
2026-05-16 12:53:40,57124929083,丶,窥屏的,[等级3],
2026-05-16 12:53:41,103708385724,恭喜发财,窥屏[捂脸],[等级35],[粉丝团 Lv9]
2026-05-16 12:53:41,103952091396,春风十里,[呲牙],[等级17],[粉丝团 Lv1]
2026-05-16 12:53:41,1262683587609187,蜗牛国度,被粉丝找到了,[等级3],[粉丝团 Lv2]
2026-05-16 12:53:41,101687967112,无脚的鸟,[捂脸][捂脸][捂脸][捂脸][捂脸][捂脸],[等级15],[粉丝团 Lv7]
2026-05-16 12:53:41,92702372736,一一一一✨️,[泪奔][泪奔][泪奔][泪奔][泪奔][泪奔],[等级13],[粉丝团 Lv10]
2026-05-16 12:53:41,59348532870,贫僧法号：乱来,窥屏[捂脸][捂脸][捂脸],[等级34],
2026-05-16 12:53:41,99770678587,大橘为重♞,两人一边包围[捂脸][捂脸][捂脸],[等级41],[粉丝团 Lv10]
2026-05-16 12:53:42,763498854357146,H先森,来抓你,[等级26],[粉丝团 Lv8]
2026-05-16 12:53:42,71126905166,抖音小肋手,[捂脸][捂脸],[等级11],[粉丝团 Lv10]
2026-05-16 12:53:42,98095182081,手握风云★,杀两个人机就完事,[等级20],[粉丝团 Lv2]
2026-05-16 12:53:43,1882799140776472,一二三四,窥屏,[等级31],[粉丝团:张君雅 Lv3]
2026-05-16 12:53:43,198341897501503,他予她梦,[捂脸][捂脸][捂脸],[等级24],[粉丝团 Lv10]
2026-05-16 12:53:43,1636547580920328,黑犇,一看就是精准找你的,[等级12],[粉丝团 Lv1]
2026-05-16 12:53:44,7521394261465859130,🌾🌾🌾炒菜不用郭先生🍎🍊🍉🍌,[捂脸][捂脸][捂脸],[等级3],[粉丝团 Lv6]
2026-05-16 12:53:44,109452691674,华少,咋了，张老黑,[等级10],
2026-05-16 12:53:45,2008152259705040,汉、歼的审判者,[捂脸][捂脸][捂脸]哈哈,[等级15],[粉丝团 Lv12]
2026-05-16 12:53:45,3235202690715835,咖啡壶,跳舞了[捂脸],,
2026-05-16 12:53:45,4233546532927219,🉑🈶🉑🈚,能救吗，主播,[等级20],[粉丝团 Lv10]
2026-05-16 12:53:45,68692000940,经典云音乐,老黑凉了,,
2026-05-16 12:53:45,111537940854,李不懂事,哈哈哈哈[呲牙],[等级32],[粉丝团 Lv5]
2026-05-16 12:53:45,88156524487,情非得已。,逮你的,[等级17],
2026-05-16 12:53:46,2374580241176279,枫林叶落,[尬笑],[等级21],
2026-05-16 12:53:46,107908151462,𝓙𝓸𝓬𝓮𝓵𝔂𝓷,很无语,[等级5],
2026-05-16 12:53:46,989206631426035,朝花夕拾杯中酒,哈哈,[等级12],
2026-05-16 12:53:46,96738301829,㿝氼,[捂脸][捂脸][捂脸],[等级19],[粉丝团 Lv12]
2026-05-16 12:53:47,4111768338312163,巴塞罗那足球具乐部,没意思,[等级5],
2026-05-16 12:53:48,105042775421,深情不及久伴,起来跳舞啊[捂脸],[等级17],[粉丝团 Lv11]
2026-05-16 12:53:48,2005142166316856,fgg,粉丝来了不过是黑粉[捂脸],[等级8],[粉丝团 Lv4]
2026-05-16 12:53:48,2858358405342999,徒步新疆🇨🇳²⁰²⁶,还能救吗？,[等级18],[粉丝团 Lv10]
2026-05-16 12:53:49,64263117796,今天吃什么🍔,不打近点打远点,[等级4],
2026-05-16 12:53:49,62040792318,🍓561.,谁  ？,[等级24],[粉丝团 Lv10]
2026-05-16 12:53:50,100250134080,凯,放弃吧,[等级19],[粉丝团 Lv15]
2026-05-16 12:53:50,230233378400020,行走的荷尔蒙,一起的,[等级1],
2026-05-16 12:53:50,83972042163,姑娘我天生傲骨,看看他们跳舞,[等级1],
2026-05-16 12:53:50,2524940450925799,相忘于江湖,跳舞干嘛,[等级35],
2026-05-16 12:53:51,96455235651,陈林枫,感觉你故意死的,[等级5],
2026-05-16 12:53:51,71126905166,抖音小肋手,跳舞💃,[等级11],[粉丝团 Lv10]
2026-05-16 12:53:52,96197149407,陕西省汉中市汉台区,全麦,[等级12],[粉丝团 Lv2]
2026-05-16 12:53:52,1297042480573323,用户8097514673060,[捂脸][捂脸][捂脸],[等级1],[粉丝团 Lv1]
2026-05-16 12:53:52,931979993298120,1.,真服了 这帮怪兽,[等级2],
2026-05-16 12:53:54,1322064223941683,8888,[捂脸][捂脸][捂脸],[等级18],[粉丝团 Lv2]
2026-05-16 12:53:54,111551681754,金马踏清,眼睛一闭一睁就过去了,[等级11],[粉丝团 Lv6]
2026-05-16 12:53:54,22415580083835,苹果,放弃吧,[等级18],
2026-05-16 12:53:55,866032946527787,牛 二,哈哈哈跳舞,[等级25],[粉丝团 Lv15]
2026-05-16 12:53:55,87049558548,圆较瘦,你都看到了右边两个人,[等级17],[粉丝团 Lv2]
2026-05-16 12:53:55,539206085509316,逆影,退吧,[等级17],[粉丝团 Lv14]
2026-05-16 12:53:56,4258846191921225,幸福的终点是你,笑死我了3号,[等级7],[粉丝团 Lv4]
2026-05-16 12:53:56,108272629068,-L Y,还不跑,[等级9],[粉丝团 Lv6]
2026-05-16 12:53:56,763498854357146,H先森,哈哈哈哈哈,[等级26],[粉丝团 Lv8]
2026-05-16 12:53:57,452643025072951,向晴,[捂脸],[等级14],[粉丝团 Lv11]
2026-05-16 12:53:58,92461848227,煜,[捂脸][捂脸][捂脸],[等级13],[粉丝团 Lv11]
2026-05-16 12:53:59,101975986724,付先生,丸辣[捂脸][捂脸],[等级15],[粉丝团 Lv8]
2026-05-16 12:54:00,67862230314,别动,队友别来,[等级8],[粉丝团 Lv4]
2026-05-16 12:54:00,106855969162,An,我一看你跟我们一起，不抓你抓谁[捂脸],[等级7],
2026-05-16 12:54:00,87626101168,一夹一袄,他们给你自救,[等级20],
2026-05-16 12:54:00,98095182081,手握风云★,[捂脸][捂脸][捂脸],[等级20],[粉丝团 Lv2]
2026-05-16 12:54:01,523831373735262,树先生🐒ヽ(爱´∀‘爱)ノ,[大笑][大笑][大笑][大笑][大笑],[等级23],[粉丝团 Lv12]
2026-05-16 12:54:01,540559659247868,兵哥🎤,[捂脸][捂脸][捂脸],[等级16],[粉丝团 Lv9]
2026-05-16 12:54:02,75389805983,一諾₃₀₈₁,都说了我在桥头等你了,[等级35],
2026-05-16 12:54:02,2848201860982147,幸运小狗,让他们别打,[等级4],
2026-05-16 12:54:02,4258846191921225,幸福的终点是你,根本就不是粉丝,[等级7],[粉丝团 Lv4]
2026-05-16 12:54:03,3361669743913258,信命,骂他,,
2026-05-16 12:54:03,72860240337,在路上…,自雷吧,[等级24],
2026-05-16 12:54:04,2665697062160392,哈喽啊啊额个,好漂亮,[等级11],
2026-05-16 12:54:04,1262683587609187,蜗牛国度,莫大的羞辱,[等级3],[粉丝团 Lv2]
2026-05-16 12:54:04,96382530710,忆侬,肚子痛，亲戚来了[捂脸],[等级21],
2026-05-16 12:54:05,95763164849,大头黑粉,三号要被打成筛子[捂脸][捂脸],[等级39],[粉丝团 Lv12]
2026-05-16 12:54:05,98240811678,zzzii,找点队友一起玩,[等级37],[粉丝团 Lv5]
2026-05-16 12:54:06,104165828625,零冷,[看][看][看],[等级18],[粉丝团 Lv11]
2026-05-16 12:54:06,111152566123,脆脆鲨🍍,太惨了[看][看][看][看],[等级26],[粉丝团 Lv14]
2026-05-16 12:54:06,77243413347,A杨先生,[捂脸][捂脸][捂脸][捂脸],[等级20],[粉丝团 Lv1]
2026-05-16 12:54:06,2159888265384252,游客9526,直接举报,[等级2],[粉丝团 Lv1]
2026-05-16 12:54:07,63416229807,风沙迷了眼⁵¹⁰⁷⁴,[尬笑][尬笑][尬笑][尬笑][尬笑],[等级21],[粉丝团 Lv15]
2026-05-16 12:54:07,1636547580920328,黑犇,偷看小姐姐洗澡,[等级12],[粉丝团 Lv1]
2026-05-16 12:54:08,4258846191921225,幸福的终点是你,坏蛋粉丝,[等级7],[粉丝团 Lv4]
2026-05-16 12:54:08,1869588052320495,听～风,搞半天送快递的,[等级4],
2026-05-16 12:54:08,2665697062160392,哈喽啊啊额个,干的漂亮,[等级11],
2026-05-16 12:54:08,3406705907740807,何爱华（承蒙厚爱）,[捂脸][捂脸][捂脸],[等级22],[粉丝团 Lv12]
2026-05-16 12:54:09,1455350881721268,弋🍓🍓,叫啥，营地走一波[看],[等级13],[粉丝团 Lv12]
2026-05-16 12:54:09,105219086280,一条小凝竹,哈哈哈哈哈哈哈,[等级9],
2026-05-16 12:54:09,729698943901115,过往,为什么爬到房顶去？,[等级9],[粉丝团 Lv8]
2026-05-16 12:54:10,764852230425208,格局哥,没了,[等级16],
2026-05-16 12:54:10,99770678587,大橘为重♞,干得漂亮[捂脸][捂脸][捂脸][捂脸],[等级41],[粉丝团 Lv10]
2026-05-16 12:54:10,687617105466777,过客,哈哈哈,[等级18],[粉丝团 Lv10]
2026-05-16 12:54:10,1275887184258269,粤净化板工程,[捂脸][捂脸][捂脸],[等级16],[粉丝团 Lv1]
2026-05-16 12:54:10,3104613352084124,五行缺钱,目标很明确,[等级9],
2026-05-16 12:54:11,24921359165,辉少.,哈哈,[等级21],[粉丝团 Lv10]
2026-05-16 12:54:11,230233378400020,行走的荷尔蒙,直接退,[等级1],
2026-05-16 12:54:11,2907529708579879,喵喵汪汪队🌈,这辈子也就这样了,[等级14],[粉丝团 Lv6]
2026-05-16 12:54:11,3883101576503096,道140787795,唱征服，放你一马,[等级13],[粉丝团 Lv11]
2026-05-16 12:54:12,72482849471,哒卜⑥,[捂脸][捂脸][捂脸],[等级24],[粉丝团 Lv12]
2026-05-16 12:54:12,68781874944,欣雅门窗,粉丝,,
2026-05-16 12:54:12,111480308764,锦程,[捂脸],[等级31],[粉丝团 Lv15]
2026-05-16 12:54:12,61524628975,Tender一小哥哥,被包围了[捂脸][捂脸][捂脸][捂脸][捂脸],[等级15],[粉丝团 Lv11]
2026-05-16 12:54:13,71091522114,面具,正在疯狂跳舞。,[等级8],
2026-05-16 12:54:13,92315339223,姐夫不喝药,耻辱啊,[等级13],[粉丝团 Lv11]
2026-05-16 12:54:13,80018457395,奥特曼打怪兽🐳,窥子跳不上来,[等级16],[粉丝团 Lv2]
2026-05-16 12:54:14,61173775443,yd约定美发店,哈哈,[等级10],
2026-05-16 12:54:14,3919111482519118,ღ明ོꦿ࿐,明显来抓你的,,
2026-05-16 12:54:15,1679650014109447,文刀小子,[鼓掌][鼓掌][鼓掌][鼓掌],[等级29],[粉丝团 Lv10]
2026-05-16 12:54:15,3689574830449950,刘三哥,[微笑][捂脸][微笑][捂脸][微笑][捂脸][捂脸][捂脸][捂脸],[等级27],
2026-05-16 12:54:15,87049558548,圆较瘦,[捂脸][捂脸][捂脸][捂脸],[等级17],[粉丝团 Lv2]
2026-05-16 12:54:15,4866169379827,锦官城知事,杀人诛心,,
2026-05-16 12:54:15,102722148449,人生不过葱姜蒜,哈哈,[等级25],
2026-05-16 12:54:15,22415580083835,苹果,放弃吧！不受这气,[等级18],
2026-05-16 12:54:15,103953263686,gavin～,来玩你了,[等级15],
2026-05-16 12:54:16,892413678724877,厌遇,上不来[捂脸][捂脸],[等级24],[粉丝团 Lv6]
2026-05-16 12:54:16,67862230314,别动,他们上不来,[等级8],[粉丝团 Lv4]
2026-05-16 12:54:16,111537940854,李不懂事,被气死了[呲牙],[等级32],[粉丝团 Lv5]
2026-05-16 12:54:16,110940657592,予🍀安づ,窥屏[看],[等级21],
2026-05-16 12:54:17,99569816302,蝴蝶过山门,喜报，老黑挨打了,[等级20],[粉丝团 Lv8]
2026-05-16 12:54:17,408638022221864,遇见,[捂脸],[等级29],[粉丝团 Lv1]
2026-05-16 12:54:17,4233546532927219,🉑🈶🉑🈚,[捂脸][尬笑][捂脸][尬笑],[等级20],[粉丝团 Lv10]
2026-05-16 12:54:17,51245191737,AAA小超哥,上来给你送自救,[等级16],[粉丝团 Lv8]
2026-05-16 12:54:18,99655493761,打小就丑,[捂脸][捂脸][捂脸],[等级35],[粉丝团 Lv14]
2026-05-16 12:54:18,60556163553,🌈兰序廿四·栖南,很无语,[等级18],[粉丝团 Lv2]
2026-05-16 12:54:19,84316928345,一身腱子肉,他想脱你衣服,[等级17],[粉丝团 Lv3]
2026-05-16 12:54:19,105920304034,烟锅巴,这不是调皮了[捂脸],[等级23],
2026-05-16 12:54:19,4258846191921225,幸福的终点是你,黑粉,[等级7],[粉丝团 Lv4]
2026-05-16 12:54:19,103708385724,恭喜发财,渣渣。都跳不上来,[等级35],[粉丝团 Lv9]
2026-05-16 12:54:20,68422483360,深情不及久伴,感谢大哥[比心][比心],[等级25],[粉丝团 Lv11]
2026-05-16 12:54:20,3720338066378846,夜思晨,[捂脸][捂脸][捂脸][捂脸][捂脸][捂脸][捂脸][捂脸][捂脸][捂脸][捂脸][捂脸][捂脸][捂脸][捂脸][捂脸][捂脸][捂脸][捂脸][捂脸],[等级19],
2026-05-16 12:54:20,97763433901,空明溯流光,又是你叫人家来拿狗杂的[看],[等级15],[粉丝团 Lv9]
2026-05-16 12:54:21,59211375220,第十六颗奶糖,开个延时叭,[等级19],
2026-05-16 12:54:21,523848398931511,☁️Q,上不来房顶,[等级11],
2026-05-16 12:54:21,71126905166,抖音小肋手,@一二三四 谢谢老板,[等级11],[粉丝团 Lv10]
2026-05-16 12:54:21,98331997178,大雷子,没死,[等级29],[粉丝团 Lv11]
2026-05-16 12:54:21,69960935727,Y 、8555🐵,破防了[捂脸][捂脸][捂脸][捂脸],[等级20],[粉丝团 Lv7]
2026-05-16 12:54:21,55159220102,BWRZ（记录美好）,就是就是[看],[等级36],[粉丝团 Lv16]
2026-05-16 12:54:23,687617105466777,过客,张妈妈温柔点[捂脸],[等级18],[粉丝团 Lv10]
2026-05-16 12:54:23,94621081467,雨踏歌行.,@一二三四 谢谢大哥,[等级20],[粉丝团 Lv15]
2026-05-16 12:54:23,1257437656002798,某某.,不要骂人[看],[等级34],[粉丝团:张君雅 Lv16]
2026-05-16 12:54:23,64361202734,是梦梦呀！,[捂脸],[等级6],
2026-05-16 12:54:23,106660845616,冰河,[捂脸][捂脸][捂脸],[等级21],[粉丝团 Lv7]
2026-05-16 12:54:23,60555902912,🦖,哈哈哈哈哈,[等级6],[粉丝团 Lv1]
2026-05-16 12:54:23,110941285674,如果我变成∽回忆,哈哈哈哈,[等级4],
2026-05-16 12:54:24,2008152259705040,汉、歼的审判者,@一二三四 [抱抱你][抱抱你][抱抱你],[等级15],[粉丝团 Lv12]
2026-05-16 12:54:25,540559659247868,兵哥🎤,羞辱你[捂脸][捂脸][捂脸][捂脸],[等级16],[粉丝团 Lv9]
2026-05-16 12:54:25,55159220102,BWRZ（记录美好）,就是就是[看],[等级36],[粉丝团 Lv16]
2026-05-16 12:54:25,2395184081945055,忙里偷闲⁵¹⁰⁷⁴,[摊手][摊手],[等级29],[粉丝团 Lv15]
2026-05-16 12:54:25,89050504308,🌈다음 접합부 보자🌈,[捂脸][捂脸][捂脸],[等级16],
2026-05-16 12:54:25,106373474110,León,说了吧，千里送快递,[等级25],[粉丝团 Lv4]
2026-05-16 12:54:26,103708385724,恭喜发财,还在那跳,[等级35],[粉丝团 Lv9]
2026-05-16 12:54:26,820668182832523,小雨天-,开延迟,[等级24],[粉丝团 Lv10]
2026-05-16 12:54:26,99208015364,我不懂。,哈哈,[等级10],
2026-05-16 12:54:27,3536480698644541,✨锅包又✨,气[发怒][发怒],[等级12],[粉丝团 Lv11]
2026-05-16 12:54:27,54774745311,怪咖,不进圈，浪死,[等级2],
2026-05-16 12:54:27,237960187372840,魔王大人,开延时哇,[等级3],
2026-05-16 12:54:28,1403391814404989,易难,骂骂咧咧的退了[捂脸],[等级11],
2026-05-16 12:54:28,2965799508641152,没错 一起的,仔细看哦,[等级2],[粉丝团 Lv4]
2026-05-16 12:54:29,97080317649,还不中,你这心态炸了啊,[等级18],
2026-05-16 12:54:29,2801182282627507,奔跑的独狼,淡定,[等级28],
2026-05-16 12:54:29,1900427196767240,元霸,早就说了骂骂咧咧下一把[捂脸],[等级14],[粉丝团 Lv7]
2026-05-16 12:54:30,3977389513127131,轻风,破防了[捂脸],,
2026-05-16 12:54:31,102722148449,人生不过葱姜蒜,哈哈,[等级25],
2026-05-16 12:54:31,1411427651030318,丿灬六个核弹,刷存在感呢,[等级1],
2026-05-16 12:54:31,97309137171,@羅 老四,哈哈哈,[等级24],[粉丝团 Lv12]
2026-05-16 12:54:31,2757168374233964,耶火火,被揍了就骂人,[等级31],
2026-05-16 12:54:33,3361669743913258,信命,吃不上三个菜,,
2026-05-16 12:54:33,103708385724,恭喜发财,搞笑呢,[等级35],[粉丝团 Lv9]
2026-05-16 12:54:33,59748426017,陈..GT,大炮子弹不丢？,[等级2],[粉丝团 Lv3]
2026-05-16 12:54:35,2858358405342999,徒步新疆🇨🇳²⁰²⁶,拳补你,[等级18],[粉丝团 Lv10]
2026-05-16 12:54:35,73569757746,小丑鱼,黑雅爆粗了,[等级9],[粉丝团 Lv9]
2026-05-16 12:54:35,3826750988493931,丰富多彩,开延迟,[等级23],
2026-05-16 12:54:36,7636932874373874746,成都雷宇租房（双流）,你喊别人越开心,,
2026-05-16 12:54:36,2352602893525243,河边发现多巴胺,野生窥子,[等级17],
2026-05-16 12:54:37,289866577879726,练气百万年,被抓了吧，哈哈哈,[等级9],
2026-05-16 12:54:37,2515331991211789,jiojio 牌惠灵顿,跳都跳不上来,[等级22],[粉丝团 Lv10]
2026-05-16 12:54:37,104985348157,嘉年华,3号说话打击你了[捂脸][捂脸],[等级20],[粉丝团 Lv2]
2026-05-16 12:54:38,76133959662,@等风起,太有名了就这样,[等级14],[粉丝团 Lv8]
2026-05-16 12:54:39,3158258205861917,乞儿煲饭,去所里办点事儿,[等级23],
2026-05-16 12:54:39,1647527798774803,小七,四个手残党,[等级17],[粉丝团 Lv7]
2026-05-16 12:54:39,210734066705198,彼岸-海棠,心态，注意心态！[捂脸][捂脸][捂脸],[等级14],[粉丝团 Lv12]
2026-05-16 12:54:39,82672971114,智障收容院 张院长,我还在等你淘汰王呢,[等级19],[粉丝团 Lv9]
2026-05-16 12:54:39,695312041902644,༄᭄印ꦿᩚ࿐,[666][666][666][666][666][666][666][666][666][666][捂脸][捂脸][捂脸][捂脸],[等级27],[粉丝团 Lv12]
2026-05-16 12:54:40,75216878522,晚知泽,完啦，黑粉来捡空投枪了,[等级26],
2026-05-16 12:54:40,99017994496,彭先生,哈哈哈，给人捉了，还生气了,[等级14],
2026-05-16 12:54:40,2933143326688360,行者,又要自闭了[捂脸][捂脸][捂脸],[等级26],[粉丝团 Lv6]
2026-05-16 12:54:40,102526063477,闊。,好东西都给别人了,[等级15],[粉丝团 Lv13]
2026-05-16 12:54:41,2008152259705040,汉、歼的审判者,这也窥的太明显了[捂脸][捂脸][捂脸],[等级15],[粉丝团 Lv12]
2026-05-16 12:54:41,101093530399,嘻嘻。,心态炸裂了,[等级6],
2026-05-16 12:54:41,99770678587,大橘为重♞,还敢上房顶不[捂脸],[等级41],[粉丝团 Lv10]
2026-05-16 12:54:41,4416107241808414,气质I,急了[捂脸],[等级27],[粉丝团 Lv4]
2026-05-16 12:54:43,1869588052320495,听～风,你可以去送快递[捂脸],[等级4],
2026-05-16 12:54:44,76664505500,PENGYINGWU,因为他们知道平时打不过所以只敢偷你一个人啊,[等级6],
2026-05-16 12:54:44,963601228894363,相信,我在成都东站笑[呲牙][呲牙][呲牙],[等级16],[粉丝团 Lv3]
2026-05-16 12:54:44,2546077208152651,我昰一怾鱼,[惊喜][惊喜],[等级28],[粉丝团 Lv3]
2026-05-16 12:54:45,521642863761721,臭鱼,看他们干嘛呢，直接退了,[等级1],
2026-05-16 12:54:45,989206631426035,朝花夕拾杯中酒,开延迟啊,[等级12],
2026-05-16 12:54:45,4138190682982019,Mr曹 ⃕࿄༉゛,匹配队友啊，跟队友打啊…,,
2026-05-16 12:54:46,106855969162,An,噶了你很开心[捂脸][捂脸][捂脸][捂脸],[等级7],
2026-05-16 12:54:46,3228621261774320,湫！,@欣雅门窗 粉丝。,[等级11],[粉丝团 Lv12]
2026-05-16 12:54:46,101666048611,无音无律,都在追你,[等级18],
2026-05-16 12:54:47,81777742378,什麽余,[捂脸][捂脸][捂脸][捂脸],[等级11],
2026-05-16 12:54:47,102334226470,始兴野狼户外（刘帮主）,打狙压,[等级13],[粉丝团 Lv8]
2026-05-16 12:54:47,111205835280,戏幕落，谁是客,不在房顶肯定能灭了他们,[等级40],[粉丝团 Lv13]
2026-05-16 12:54:48,108781013029,白?学,应该带个粉丝打,[等级24],[粉丝团 Lv4]
2026-05-16 12:54:48,3657438303882196,乐小喵,捡了半个世纪[捂脸],[等级19],[粉丝团 Lv2]
2026-05-16 12:54:49,3883070739987355,蚌夫,隔壁老王 偷家了[捂脸],[等级25],
2026-05-16 12:54:49,158798739933645,门窗搬运工小原,[呲牙],[等级5],
2026-05-16 12:54:50,97250140620,晨晨,这是很正常的,[等级2],
2026-05-16 12:54:51,1185721257299652,乘风破浪,人家看你是1V4的高手,,
2026-05-16 12:54:51,75965238396,期待,伤害性不大侮辱性极强[捂脸],[等级12],[粉丝团 Lv3]
2026-05-16 12:54:52,71999985421,逢喜入怀,黑粉也是粉,[等级15],[粉丝团 Lv1]
2026-05-16 12:54:52,68917910991,逆蝶🦋,不跟队友走一起 我就抓你,[等级16],[粉丝团 Lv3]
2026-05-16 12:54:52,62040792318,🍓561.,有本来在正常打呗  [捂脸]看着打算啥,[等级24],[粉丝团 Lv10]
2026-05-16 12:54:52,3934507317863532,一个从人民中走出来的普通人（轮回版）,终于能骂人了[捂脸],[等级23],[粉丝团 Lv2]
2026-05-16 12:54:52,87049558548,圆较瘦,没开延迟吗,[等级17],[粉丝团 Lv2]
2026-05-16 12:54:53,3703580895752048,萧诧,猫局呢,[等级10],[粉丝团 Lv1]
2026-05-16 12:54:53,97309137171,@羅 老四,这个时候有个队友多好呀,[等级24],[粉丝团 Lv12]
2026-05-16 12:54:54,1113180618894655,北极之星,骂声中听出无力感,[等级24],[粉丝团 Lv4]
2026-05-16 12:54:54,82694365969,one1,？,[等级20],[粉丝团 Lv4]
2026-05-16 12:54:55,100016449632,404NotFound,好🗡️啊这群人,[等级24],
2026-05-16 12:54:56,4138216943280167,白萌,果然悍妇[捂脸][捂脸],[等级19],[粉丝团 Lv1]
2026-05-16 12:54:56,521642863761721,臭鱼,看的我生气,[等级1],
2026-05-16 12:54:56,102028794518,用户110524,直接停了,[等级19],[粉丝团 Lv6]
2026-05-16 12:54:57,4416107241808414,气质I,我知道你很急，但是你先不要急,[等级27],[粉丝团 Lv4]
2026-05-16 12:54:59,71091522114,面具,最气人的是打完你就自雷。,[等级8],
2026-05-16 12:54:59,99722140122,乐优,那技术也就窥屏了，不然连人机都打不过,[等级5],[粉丝团 Lv2]
2026-05-16 12:54:59,110226696911,甜甜大肉批发配送猪的各个部位,我技术不行不然天天陪你打游戏,[等级18],
2026-05-16 12:55:00,4138190682982019,Mr曹 ⃕࿄༉゛,进组队的队伍…,,
2026-05-16 12:55:01,3235202690715835,咖啡壶,@An 气死[捂脸],,
2026-05-16 12:55:01,84793966478,俊俊✨,开延迟啊,[等级19],
2026-05-16 12:55:01,83221230383,小胡121212,带个厉害的队友把，一个人真的不好打，,[等级12],[粉丝团 Lv2]
2026-05-16 12:55:02,2950740333835965,醒必静（重生版),我一看两边包夹就知道大事不好了,[等级30],[粉丝团 Lv15]
2026-05-16 12:55:02,97843307525,岁初拾,真烦人啊,[等级28],[粉丝团 Lv8]
2026-05-16 12:55:04,3689574830449950,刘三哥,延迟还这样！？！[捂脸][微笑][捂脸],[等级27],
2026-05-16 12:55:04,1736822343598796,aspas,跳伞主播吗,[等级9],
2026-05-16 12:55:04,4295140519981183,🐟.,开延迟呀,[等级23],
2026-05-16 12:55:05,3734394131979512,我的网名你的故事,带上我小白,[等级37],
2026-05-16 12:55:06,101629194255,🌈守,你不开延迟吗,[等级18],
2026-05-16 12:55:07,4503658257446344,🥐cornetto,张老黑你被包围了  举起手来,[等级41],[粉丝团 Lv6]
2026-05-16 12:55:08,62040792318,🍓561.,谁 想问候下,[等级24],[粉丝团 Lv10]
2026-05-16 12:55:08,3905943321969416,哎哟燰,停那就感觉不对了，,[等级13],[粉丝团 Lv11]
2026-05-16 12:55:10,1099142018376125,荷兰猪,肯定是你的粉丝,[等级22],[粉丝团 Lv1]
2026-05-16 12:55:10,2436112732404675,静候风起时,鲨鱼之前窥屏的好多[捂脸],[等级4],
2026-05-16 12:55:10,1244252302486525,皆༯⋆̩̩͙✨如願·,明显就是冲你来的,[等级18],[粉丝团 Lv13]
2026-05-16 12:55:11,521642863761721,臭鱼,就是窥屏的,[等级1],
2026-05-16 12:55:11,3457297651348365,忆澳,第一时间就该打的,[等级18],
2026-05-16 12:55:12,95024878173,天空之镜,4打1很正常啊，1V4是你的基操[捂脸],[等级11],[粉丝团 Lv1]
2026-05-16 12:55:12,3958691435916040,世界那么大,跟队友一起不好吗？,[等级11],[粉丝团 Lv8]
2026-05-16 12:55:13,85794237251,哇达西哇,黑粉,[等级10],[粉丝团 Lv3]
2026-05-16 12:55:13,101087461455,是星星呐,还跳舞嘲讽，太可恶了,[等级10],[粉丝团 Lv2]
2026-05-16 12:55:14,1978755120628039,100＋,还一边两个,[等级20],
2026-05-16 12:55:14,54994797925,²⁶土豆¾,开延迟,[等级13],[粉丝团 Lv3]
2026-05-16 12:55:14,690125102658323,黑猫@警长,粉丝会这么干想啥呢[捂脸][捂脸][捂脸][捂脸],[等级24],[粉丝团 Lv12]
2026-05-16 12:55:14,2524940450925799,相忘于江湖,人怕出名猪怕壮啊[捂脸],[等级35],
2026-05-16 12:55:14,110895971722,一个人挺好…👿,听说被窥屏了[捂脸][捂脸],[等级24],[粉丝团 Lv9]
2026-05-16 12:55:14,2928740540613880,冉冉冉,没有别的意思，其实你可以开延迟，你直播有窥子太正常了,[等级4],
2026-05-16 12:55:14,102028794518,用户110524,开了延时的,[等级19],[粉丝团 Lv6]
2026-05-16 12:55:15,2129109692727048,8023,[呲牙][呲牙][呲牙][呲牙][呲牙],[等级17],[粉丝团 Lv10]
2026-05-16 12:55:15,2008152259705040,汉、歼的审判者,@iiixxo [抱抱你][抱抱你][抱抱你],[等级15],[粉丝团 Lv12]
2026-05-16 12:55:15,540559659247868,兵哥🎤,老黑[捂脸][捂脸][捂脸],[等级16],[粉丝团 Lv9]
2026-05-16 12:55:15,102380940885,乱了浮生,两边包抄,[等级26],[粉丝团 Lv11]
2026-05-16 12:55:16,1354201907597575,总有刁民要害朕,你刚才贪抢,[等级23],[粉丝团 Lv7]
2026-05-16 12:55:16,3408098413512419,心静自然,延迟开5分钟[捂脸],[等级30],[粉丝团 Lv11]
2026-05-16 12:55:17,3905943321969416,哎哟燰,一头一尾的,[等级13],[粉丝团 Lv11]
2026-05-16 12:55:17,1256112565303898,喂猪啦,也不在圈，直接来了,,
2026-05-16 12:55:18,2940561482319832,叶十七,看着别人屏幕打算什么玩意,[等级25],[粉丝团 Lv12]
2026-05-16 12:55:18,1257437656002798,某某.,上个房顶都费劲,[等级34],[粉丝团:张君雅 Lv16]
2026-05-16 12:55:19,1539773870387415,半杯橙🍊,还想跳上来拳你,[等级12],[粉丝团 Lv7]
2026-05-16 12:55:20,3967481098810589,朝暮²⁷⁷,正常被打无所谓，窥屏就。。。,[等级31],
2026-05-16 12:55:20,143387746377295,冬季🙆,把延迟打开,,
2026-05-16 12:55:21,408638022221864,遇见,心态崩了,[等级29],[粉丝团 Lv1]
2026-05-16 12:55:21,98148467589,值得,喊局哥上来,[等级11],[粉丝团 Lv2]
2026-05-16 12:55:21,106178669970,爱我宝贝！,窥屏抓你,[等级23],[粉丝团 Lv1]
2026-05-16 12:55:22,101666048611,无音无律,知道你对空头情有独钟,[等级18],
2026-05-16 12:55:23,102057833976,就事论事,捡完了就走，他们就抓不着了,[等级7],[粉丝团 Lv9]
2026-05-16 12:55:23,5964397381,彤,还是大哥好,[等级15],[粉丝团 Lv11]
2026-05-16 12:55:23,866032946527787,牛 二,还跳舞,[等级25],[粉丝团 Lv15]
2026-05-16 12:55:24,102200676908,此刻,允许哈气,[等级19],
2026-05-16 12:55:24,3723406497814016,可可乐乐,直接去抓你的,[等级8],[粉丝团 Lv4]
2026-05-16 12:55:25,68917910991,逆蝶🦋,不跟队友走一起，我还抓你[呲牙],[等级16],[粉丝团 Lv3]
2026-05-16 12:55:26,88004445304,回忆,他们两边停下来 没办法,[等级5],
2026-05-16 12:55:27,55159220102,BWRZ（记录美好）,@耶火火 你是看不到对面干嘛了吗[看],[等级36],[粉丝团 Lv16]
2026-05-16 12:55:27,96397219905,ゝ7,错了,[等级4],
2026-05-16 12:55:27,76085174480,胜天半子,开挂了,[等级28],[粉丝团 Lv1]
2026-05-16 12:55:27,78503495957,Winston·Diana,窥屏来的,[等级12],[粉丝团 Lv10]
2026-05-16 12:55:28,4295140519981183,🐟.,开延迟吧开延迟吧开延迟吧,[等级23],
2026-05-16 12:55:30,108181118648,⭐往事如烟,怎么不等等看人家跳舞,[等级25],
2026-05-16 12:55:30,110167979379,石情画意,专门来抓你的,,
2026-05-16 12:55:31,100283307322,清风拂山岗,踏歌的人[捂脸],[等级33],[粉丝团 Lv2]
2026-05-16 12:55:32,75311317473,吉雅,来抓你的[捂脸],[等级12],[粉丝团 Lv2]
2026-05-16 12:55:33,3824521899687552,路,开个延迟就不容易被抓了[捂脸],[等级1],
2026-05-16 12:55:33,4233546532927219,🉑🈶🉑🈚,哈哈,[等级20],[粉丝团 Lv10]
2026-05-16 12:55:33,4328098590118670,Superficial lady Y,开延时,[等级18],[粉丝团 Lv7]
2026-05-16 12:55:33,2192877032585164,追风,直接干人去,[等级14],[粉丝团 Lv1]
2026-05-16 12:55:34,85517278350,shengni,要是用大炮就没事了[呲牙][呲牙][呲牙],,
2026-05-16 12:55:37,73647036676,捣蛋熊,@耶火火 咋了那咋了,[等级20],[粉丝团 Lv12]
2026-05-16 12:55:37,2968291974594055,刘国华,你放开打他们,[等级8],
2026-05-16 12:55:38,3170614929538557,常平洗车行,你在空投那待太久了,[等级34],[粉丝团 Lv7]
2026-05-16 12:55:39,4295140519981183,🐟.,开延迟吧,[等级23],
2026-05-16 12:55:39,57361007402,绥阳。。。人生,粉丝来围你,[等级2],
2026-05-16 12:55:39,69693108692,很哇晒,笑死了[捂脸]，就走一会儿你就没了,[等级5],
2026-05-16 12:55:39,3430895678660199,就要李_发财,人怕出名猪怕壮,[等级29],
2026-05-16 12:55:40,99569816302,蝴蝶过山门,老黑挨打的姿势好看,[等级20],[粉丝团 Lv8]
2026-05-16 12:55:40,55159220102,BWRZ（记录美好）,@耶火火 他的行为有多么可恶 你没看到吗[看],[等级36],[粉丝团 Lv16]
2026-05-16 12:55:40,97451185415,-已知、未知。,先打那个马应该可以打,[等级16],[粉丝团 Lv11]
2026-05-16 12:55:41,2824008837643668,Hom,一个人的时候一个地方别逗留太久[捂脸],,
2026-05-16 12:55:41,3509280366147309,小拉扎,越骂他们越开心,[等级8],
2026-05-16 12:55:42,4138190682982019,Mr曹 ⃕࿄༉゛,进组队，别打单独斗了…,,
2026-05-16 12:55:43,2665697062160392,哈喽啊啊额个,老黑骂骂咧咧的下一把,[等级11],
2026-05-16 12:55:43,7560755518743528507,灰灰是只🐈,应该是在桥那堵你，,,
2026-05-16 12:55:45,101393000279,兰肃,抖枪术,[等级25],[粉丝团 Lv13]
2026-05-16 12:55:45,4295140519981183,🐟.,开延迟吧,[等级23],
2026-05-16 12:55:45,96261969310,酒醉人不归,一边两个[捂脸],[等级15],[粉丝团 Lv10]
2026-05-16 12:55:47,82694365969,one1,？,[等级20],[粉丝团 Lv4]
2026-05-16 12:55:47,1829206389950766,伱我皆牛马,你没有杀心也不会被嘎，所以遇到这种来毒里的就撤,[等级25],[粉丝团 Lv2]
2026-05-16 12:55:48,2071120584645000,盒子,没本事就这样窥屏,[等级2],
2026-05-16 12:55:49,103473431175,笑敬过往,进房间还能打一波,[等级15],
2026-05-16 12:55:49,99374420153,薛啊,破防了[捂脸],[等级22],[粉丝团 Lv2]
2026-05-16 12:55:52,1636547580920328,黑犇,这一把很不顺。一直找不到弓箭,[等级12],[粉丝团 Lv1]
2026-05-16 12:55:52,5964397381,彤,@彭先生 你窥的吧？,[等级15],[粉丝团 Lv11]
2026-05-16 12:55:54,96220936370,唐,用大炮,[等级12],[粉丝团 Lv6]
2026-05-16 12:55:57,104985348157,嘉年华,这一把撞鲨老六了。,[等级20],[粉丝团 Lv2]
2026-05-16 12:56:00,104885423613,🌈朝廷的赈灾粮,这要还不是窥子，那深情吃两斤,[等级3],[粉丝团 Lv7]
2026-05-16 12:56:00,1374825635651165,圆圆有家小店👩,直播没开延迟吗,[等级25],
2026-05-16 12:56:02,81195431231,我来也,快递雅,[等级24],[粉丝团 Lv13]
2026-05-16 12:56:02,2129109692727048,8023,揍你能提高知名度吗[捂脸][捂脸][捂脸],[等级17],[粉丝团 Lv10]
2026-05-16 12:56:02,102028794518,用户110524,开了延时的,[等级19],[粉丝团 Lv6]
2026-05-16 12:56:03,1276987230137771,ber,这下好了，3号4号腚都被豆橛子抽了[捂脸],,
2026-05-16 12:56:03,896829696524519,🌈纸间悟,你不是这样的[捂脸],[等级4],
2026-05-16 12:56:04,56234875885,记得、遗忘,哪队我杀2直接补了,[等级14],
2026-05-16 12:56:04,4375699765331038,小华,老黑  人家舞没跳完就退了,,
2026-05-16 12:56:04,71129088285,￠邓先生♓,开了三分钟延迟还能抓这么精准的嘛？,[等级32],[粉丝团 Lv4]
2026-05-16 12:56:04,7598523885545374778,李香兰,开延迟呀,[等级1],
2026-05-16 12:56:05,102254863371,了了,被窥屏也是做主播必经,[等级5],
2026-05-16 12:56:05,60336856495,盛康源纺织🧶L 'W' D,窥屏抓，算个毛线,[等级25],[粉丝团 Lv1]
2026-05-16 12:56:06,83745917544,熟读圣经的恶魔~,不能提粉丝,[等级42],[粉丝团 Lv11]
2026-05-16 12:56:06,2968291974594055,刘国华,把他们屎打出来,[等级8],
2026-05-16 12:56:06,1268211743201744,山外山,这就是看到人不打的下场,,
2026-05-16 12:56:06,79305983418,半醉半醒,他们怎么知道跟你同一局？,[等级4],
2026-05-16 12:56:07,896828231649432,修缘,这波应该可以周旋一会的，你在上面被打的快没血了还对枪[捂脸],,
2026-05-16 12:56:11,80845384246,Blowin,刚刚你骑马舔空投会不会被看到了啊,[等级21],
2026-05-16 12:56:12,3703580895752048,萧诧,喊猫局来啊,[等级10],[粉丝团 Lv1]
2026-05-16 12:56:12,87797456056,菌,[泪奔]是这个航线，我也撞上了,[等级20],
2026-05-16 12:56:13,99256740802,雪儿·,你被打你不骂呀，就骂就骂,[等级23],[粉丝团 Lv12]
2026-05-16 12:56:13,96397219905,ゝ7,先去打骑马的  u错过了战机 蹦蹦还在绕的时候,[等级4],
2026-05-16 12:56:13,1702489841494813,葫芦♬,跟队友互动着打有看点,[等级12],[粉丝团 Lv9]
2026-05-16 12:56:14,1516980841223752,陈志铭,他们是在军事基地过来抓你来了,[等级20],
2026-05-16 12:56:14,110940507669,哼哼哈嘿,延迟再开高一点还不行吗,[等级11],[粉丝团 Lv2]
2026-05-16 12:56:14,110167979379,石情画意,看你孤单，所以欺负你,,
2026-05-16 12:56:15,3724739391260380,💰F☄️,这么快做飞机了,[等级14],[粉丝团 Lv1]
2026-05-16 12:56:16,520528646119031,扑,打了一上午你没吃鸡呀 淘汰王都不是[呲牙][呲牙][呲牙],,
2026-05-16 12:56:16,104806848587,Hcx,单打不好玩,[等级2],
2026-05-16 12:56:17,71126905166,抖音小肋手,@一二三四 谢谢老板,[等级11],[粉丝团 Lv10]
2026-05-16 12:56:18,3170614929538557,常平洗车行,[捂脸][捂脸][捂脸][捂脸][捂脸],[等级34],[粉丝团 Lv7]
2026-05-16 12:56:19,92876203790,刘教主,[捂脸],[等级6],[粉丝团 Lv10]
2026-05-16 12:56:19,687617105466777,过客,哈哈哈,[等级18],[粉丝团 Lv10]
2026-05-16 12:56:20,94242371311,洋洋🉐亿的兔,骂的好,[等级17],[粉丝团 Lv4]
2026-05-16 12:56:20,4233546532927219,🉑🈶🉑🈚,[捂脸][尬笑][捂脸][尬笑],[等级20],[粉丝团 Lv10]
2026-05-16 12:56:20,72075398313,郑乔,哈哈哈,[等级18],
2026-05-16 12:56:20,7636932874373874746,成都雷宇租房（双流）,哈哈哈哈哈,,
2026-05-16 12:56:20,2411656677964560,白茶清欢,窥子一辈子也只能这样了,[等级2],
2026-05-16 12:56:20,82694365969,one1,破防了,[等级20],[粉丝团 Lv4]
2026-05-16 12:56:21,81195431231,我来也,快递雅，急眼了,[等级24],[粉丝团 Lv13]
2026-05-16 12:56:22,96261969310,酒醉人不归,哈哈哈,[等级15],[粉丝团 Lv10]
2026-05-16 12:56:22,176392914349309,过客而已,开延迟吧,[等级2],[粉丝团 Lv4]
2026-05-16 12:56:22,74947574518,魔尊,[捂脸][捂脸][捂脸],[等级31],[粉丝团 Lv10]
2026-05-16 12:56:22,2111507851127823,天青色等烟雨,猫去抓他,[等级12],[粉丝团 Lv5]
2026-05-16 12:56:23,92461848227,煜,[捂脸][捂脸][捂脸][捂脸],[等级13],[粉丝团 Lv11]
2026-05-16 12:56:23,100283307322,清风拂山岗,我也想抓你宝宝[捂脸],[等级33],[粉丝团 Lv2]
2026-05-16 12:56:24,3184646453991965,@你的陈先生,你说你[捂脸],[等级25],
2026-05-16 12:56:24,521642863761721,臭鱼,对对对哈哈哈哈哈哈哈😂😂😂😂😂😂😂😂😂😂😂,[等级1],
2026-05-16 12:56:24,2950740333835965,醒必静（重生版),[捂脸][捂脸][捂脸],[等级30],[粉丝团 Lv15]
2026-05-16 12:56:24,520528646119031,扑,打不过依旧诋毁[捂脸],,
2026-05-16 12:56:24,109110948701,晚年不详,好骂,[等级2],
2026-05-16 12:56:25,99512654033,% 斌 %,好啦好啦，格局大点，别说他们了,[等级16],[粉丝团 Lv6]
2026-05-16 12:56:25,3905943321969416,哎哟燰,专门来蹲君雅的,[等级13],[粉丝团 Lv11]
2026-05-16 12:56:26,3624460079086734,🐼,看给你气的,[等级17],
2026-05-16 12:56:26,56234875885,记得、遗忘,帮你报仇啦,[等级14],
2026-05-16 12:56:26,101502975224,张自在,唉,[等级14],
2026-05-16 12:56:26,106290863268,𠂇,哈哈哈哈哈哈哈,[等级18],[粉丝团 Lv2]
2026-05-16 12:56:27,1276987230137771,ber,窥屏什么意思,,
2026-05-16 12:56:28,54994797925,²⁶土豆¾,最喜欢听老黑怼黑子,[等级13],[粉丝团 Lv3]
2026-05-16 12:56:29,96840313581,香菜*🇨🇳,急了哈哈[看],[等级16],
2026-05-16 12:56:29,1257437656002798,某某.,@冉冉冉 有延迟，一分钟一下就到了,[等级34],[粉丝团:张君雅 Lv16]
2026-05-16 12:56:30,1172550470866364,井上月,也就中午一个人的时候敢来抓了，晚上咋不来抓[捂脸],[等级23],[粉丝团 Lv7]
2026-05-16 12:56:30,2192845238175603,小陳,线下真实他,[等级10],[粉丝团 Lv7]
2026-05-16 12:56:31,979038914218602,不爱吃鱼,骂得好！！,[等级2],[粉丝团 Lv2]
2026-05-16 12:56:31,487797581427022,光明山—273–二炮-修理所-大不龙,怎么刚开始就结束了？,[等级12],[粉丝团 Lv3]
2026-05-16 12:56:31,92315339223,姐夫不喝药,你不是1 V 4吗,[等级13],[粉丝团 Lv11]
2026-05-16 12:56:31,153520094054333,🌼简知可宁,是知道你在那儿吧,[等级15],
2026-05-16 12:56:32,2111507851127823,天青色等烟雨,老鼠最怕猫，叫猫局来,[等级12],[粉丝团 Lv5]
2026-05-16 12:56:32,3470490056011854,V7,破防了,[等级14],
2026-05-16 12:56:32,84743250996,默离,延迟开高点。,[等级26],
2026-05-16 12:56:33,1530957853376064,小莱玩,哈哈哈,,
2026-05-16 12:56:33,54994797925,²⁶土豆¾,太爽了,[等级13],[粉丝团 Lv3]
2026-05-16 12:56:34,96422681228,7962,破防了破防了[捂脸][捂脸][捂脸][捂脸],[等级28],[粉丝团 Lv11]
2026-05-16 12:56:34,97021139556,T☆,哈哈哈,[等级21],
2026-05-16 12:56:34,100474701110,w.w,骂的太难听了[看],[等级27],[粉丝团 Lv5]
2026-05-16 12:56:35,103165243757,A开心就好,算鸟算鸟，游戏而已，,[等级12],[粉丝团 Lv11]
2026-05-16 12:56:35,110895971722,一个人挺好…👿,老黑又急了[捂脸][捂脸],[等级24],[粉丝团 Lv9]
2026-05-16 12:56:36,2858358405342999,徒步新疆🇨🇳²⁰²⁶,主播没有实力,[等级18],[粉丝团 Lv10]
2026-05-16 12:56:37,69759582732,LY𓁷,这把还来抓你,[等级23],
2026-05-16 12:56:38,99569816302,蝴蝶过山门,哈哈，老黑被打上头了,[等级20],[粉丝团 Lv8]
2026-05-16 12:56:38,97483080870,🌈小宝,活着才有资格说话,[等级13],[粉丝团 Lv4]
2026-05-16 12:56:39,97330506687,有缘路人,国粹,[等级28],[粉丝团 Lv11]
2026-05-16 12:56:39,102526063477,闊。,给君雅气坏了，主要是他太肥了,[等级15],[粉丝团 Lv13]
2026-05-16 12:56:39,110211536586,得人心者得天下,窥屏的确实恶心,[等级44],[粉丝团 Lv13]
2026-05-16 12:56:39,1987562844985852,红伞伞™,第几把了，看数量我就知道今天打得开不开心,[等级33],[粉丝团 Lv12]
2026-05-16 12:56:40,99460247743,日行一善²⁰²⁶,确实房顶都跳不上去[捂脸]好菜,[等级12],[粉丝团 Lv10]
2026-05-16 12:56:41,4277525150437576,ペ◆黑禮服ジ,刚进来，就听到又又又在骂黑子,[等级1],
2026-05-16 12:56:42,2008152259705040,汉、歼的审判者,@一二三四 [抱抱你][抱抱你][抱抱你],[等级15],[粉丝团 Lv12]
2026-05-16 12:56:43,2192845238175603,小陳,线下真实他,[等级10],[粉丝团 Lv7]
2026-05-16 12:56:43,71126905166,抖音小肋手,@一二三四 [比心][比心][比心],[等级11],[粉丝团 Lv10]
2026-05-16 12:56:43,4059038133529949,纽约ovo,别侮辱鼠妇,[等级7],[粉丝团 Lv3]
2026-05-16 12:56:43,99374420153,薛啊,刚才那队名字叫什么,[等级22],[粉丝团 Lv2]
2026-05-16 12:56:43,877825373505193,玮,开延迟吧,,
2026-05-16 12:56:44,2686800610211515,飒飒宝宝,哈哈哈哈哈,,
2026-05-16 12:56:44,99460247743,日行一善²⁰²⁶,确实房顶都跳不上去[捂脸]好菜,[等级12],[粉丝团 Lv10]
2026-05-16 12:56:45,76340359302,爱逆光,窥屏打的都是玩不起不打了破防的,[等级14],
2026-05-16 12:56:46,102477798132,东风吹,被骂爽了[捂脸],[等级7],
2026-05-16 12:56:47,2192845238175603,小陳,线下真实他,[等级10],[粉丝团 Lv7]
2026-05-16 12:56:47,1636547580920328,黑犇,没用的别人堵她的,[等级12],[粉丝团 Lv1]
2026-05-16 12:56:48,3689574830449950,刘三哥,唉！树大招风！[比心][捂脸][微笑][捂脸][玫瑰],[等级27],
2026-05-16 12:56:49,520528646119031,扑,破防了,,
2026-05-16 12:56:49,1648910542319853,阿飞,牛批,[等级9],
2026-05-16 12:56:50,2411702110138731,是阿磊啊,进来就听见我女人生气了  谁惹她了 办他,,
2026-05-16 12:56:51,3657438303882196,乐小喵,哈哈,[等级19],[粉丝团 Lv2]
2026-05-16 12:56:51,1841054966900747,相思,来个10分钟延迟,[等级9],[粉丝团 Lv10]
2026-05-16 12:56:51,62467530775,平安.😼,人怕出名猪怕壮，雅雅一人站两样[色][色],[等级23],[粉丝团 Lv8]
2026-05-16 12:56:53,2950740333835965,醒必静（重生版),腿太短跳不上来[捂脸][捂脸][捂脸],[等级30],[粉丝团 Lv15]
2026-05-16 12:56:54,153520094054333,🌼简知可宁,他们知道你在那儿,[等级15],
2026-05-16 12:56:55,73569757746,小丑鱼,黑雅被气得不轻,[等级9],[粉丝团 Lv9]
2026-05-16 12:56:55,523848398931511,☁️Q,上不来屋顶，还2把包抄，有什么可得瑟的,[等级11],
2026-05-16 12:56:56,62729762489,BBLB,@姐夫不喝药 窥子急眼咯,[等级12],[粉丝团 Lv12]
2026-05-16 12:56:58,153520094054333,🌼简知可宁,特意去的,[等级15],
2026-05-16 12:56:58,71126905166,抖音小肋手,老黑消消气,[等级11],[粉丝团 Lv10]
2026-05-16 12:56:59,99374420153,薛啊,名字叫什么让我去爆了他,[等级22],[粉丝团 Lv2]
2026-05-16 12:57:00,98323678933,兰芋,怎么急了,[等级12],
2026-05-16 12:57:03,111596727793,缤纷看世界,还是找个人打双排好看一点！单人路匹主播太寂寞难耐了,[等级3],
2026-05-16 12:57:04,100474701110,w.w,要是鲨鱼崩溃了,[等级27],[粉丝团 Lv5]
2026-05-16 12:57:05,1648910542319853,阿飞,这娘们挺烈我喜欢,[等级9],
2026-05-16 12:57:05,96397219905,ゝ7,谁规定分,[等级4],
2026-05-16 12:57:06,2419370855769710,随便逛逛,@8023 能[捂脸],[等级17],[粉丝团 Lv7]
2026-05-16 12:57:07,71126905166,抖音小肋手,老黑消消气,[等级11],[粉丝团 Lv10]
2026-05-16 12:57:09,1055134092889560,🌈🌈🌈🌈允许,急了,[等级19],[粉丝团 Lv2]
2026-05-16 12:57:09,69654624609,温棪,骂的好[比心],[等级30],[粉丝团:张君雅 Lv14]
2026-05-16 12:57:10,2665697062160392,哈喽啊啊额个,这局还抓张老黑[捂脸],[等级11],
2026-05-16 12:57:10,4265703982504955,Z.C.L,骂的好,[等级4],
2026-05-16 12:57:10,1354205412474766,暖难,高延迟就好了，十分钟五分钟,[等级8],[粉丝团 Lv1]
2026-05-16 12:57:10,96397219905,ゝ7,sh,[等级4],
2026-05-16 12:57:11,100474701110,w.w,？,[等级27],[粉丝团 Lv5]
2026-05-16 12:57:12,4328098590118670,Superficial lady Y,如果都窥主播，粉丝看主播把把落地死吗？,[等级18],[粉丝团 Lv7]
2026-05-16 12:57:12,111002104161,农夫,刚刚窥屏的叫啥去营地骂他们,[等级1],
2026-05-16 12:57:12,896829696524519,🌈纸间悟,你不是这性格的，把张甜妹气的[捂脸],[等级4],
2026-05-16 12:57:13,75863932663,爱小猪,直播间黑子太多了,[等级17],[粉丝团 Lv10]
2026-05-16 12:57:13,82490976143,往事随风666,一说老鼠瞬间想到了鲨鱼[捂脸],[等级15],[粉丝团 Lv4]
2026-05-16 12:57:14,2170872892240208,浓痰拌饭,垃圾战神局,[等级8],[粉丝团 Lv1]
2026-05-16 12:57:15,4085403482857084,呆咩,不要奖励她们啊，给人家骂爽了,[等级13],[粉丝团 Lv10]
2026-05-16 12:57:17,102200676908,此刻,好骂,[等级19],
2026-05-16 12:57:18,73647036676,捣蛋熊,死黑子把星打到42星再来叫,[等级20],[粉丝团 Lv12]
2026-05-16 12:57:18,3300046921803952,孤城,四川女孩就这个范[捂脸][捂脸][捂脸][捂脸],,
2026-05-16 12:57:18,3934507317863532,一个从人民中走出来的普通人（轮回版）,不窥屏。他们打不过[捂脸],[等级23],[粉丝团 Lv2]
2026-05-16 12:57:20,2858358405342999,徒步新疆🇨🇳²⁰²⁶,主播好难受,[等级18],[粉丝团 Lv10]
2026-05-16 12:57:22,57138963899,皮蛋睡不醒,上把吃鸡了吗,[等级15],[粉丝团 Lv10]
2026-05-16 12:57:22,99372859314,启  夏,@￠邓先生♓ 谁告诉你3分钟？,[等级25],[粉丝团 Lv15]
2026-05-16 12:57:22,106597042562,幺00/迪美汽车维修,上把出生岛垂你那两个，一个蓝螳螂，一个白裙子妹子,[等级15],[粉丝团 Lv10]
2026-05-16 12:57:23,3919111482519118,ღ明ོꦿ࿐,骂得好,,
2026-05-16 12:57:24,101061407912,早起的虫儿被鸟吃,什么情况？,[等级17],[粉丝团 Lv8]
2026-05-16 12:57:24,2515331991211789,jiojio 牌惠灵顿,好骂,[等级22],[粉丝团 Lv10]
2026-05-16 12:57:25,3723397241514860,欺侮老头,不气不气,,
2026-05-16 12:57:26,3408098413512419,心静自然,就是就是,[等级30],[粉丝团 Lv11]
2026-05-16 12:57:27,1530957853376064,小莱玩,我马上到,,
2026-05-16 12:57:28,110167979379,石情画意,不要生气，玩的高兴,,
2026-05-16 12:57:28,74581802383,晚风枕氿,有淘汰播报能看到,[等级13],
2026-05-16 12:57:30,64386173303,🌈锋锅🌈🌈🌈,啥飞机？,[等级28],
2026-05-16 12:57:32,104341317423,赞,老黑不喷人，有点不习惯[捂脸][捂脸][捂脸][捂脸],[等级28],[粉丝团 Lv8]
2026-05-16 12:57:33,2928740540613880,冉冉冉,急了,[等级4],
2026-05-16 12:57:33,3300046921803952,孤城,哦哦谢谢谢谢[捂脸][捂脸][捂脸],,
2026-05-16 12:57:34,100474701110,w.w,？？？？,[等级27],[粉丝团 Lv5]
2026-05-16 12:57:34,94242371311,洋洋🉐亿的兔,鲨鱼是老六，不是老鼠,[等级17],[粉丝团 Lv4]
2026-05-16 12:57:35,3302530776043847,卛锅,就是1234把你抓了[捂脸],[等级16],[粉丝团 Lv2]
2026-05-16 12:57:37,880063400392157,文,老黑漏脸,[等级13],
2026-05-16 12:57:38,57138963899,皮蛋睡不醒,上把吃鸡了嘛 大家,[等级15],[粉丝团 Lv10]
2026-05-16 12:57:41,3378144954030583,用户726,黑子们说说我呗求喷[看],[等级7],[粉丝团 Lv6]
2026-05-16 12:57:42,96255521891,猛踹瘸子那条好腿          🪳,哈哈,[等级23],[粉丝团 Lv3]
2026-05-16 12:57:42,68917910991,逆蝶🦋,我感觉我也能上战神[捂脸],[等级16],[粉丝团 Lv3]
2026-05-16 12:57:45,989206631426035,朝花夕拾杯中酒,别骂了开延迟你骂人家人家也少不了一块肉,[等级12],
2026-05-16 12:57:47,896829696524519,🌈纸间悟,线下张君雅，可甜妹了[捂脸],[等级4],
2026-05-16 12:57:48,102477798132,东风吹,这么肥，被骂也要抓呀,[等级7],
2026-05-16 12:57:49,1262683587609187,蜗牛国度,免得一个人自言自语,[等级3],[粉丝团 Lv2]
2026-05-16 12:57:49,14077802268,娇生惯养的大馋丫头,搁谁谁都气,[等级16],[粉丝团 Lv4]
2026-05-16 12:57:50,2858320515838446,坏大叔,就爱抓你   不窥屏不你  我心里难受[舔屏],[等级29],
2026-05-16 12:57:51,106515132537,欣铭佳纸业,这话没毛病，开直播是粉丝看，窥屏抓人还挑衅确实败人品。,[等级6],[粉丝团 Lv1]
2026-05-16 12:57:53,1710477989655699,❤亮❤,心态放平和,[等级16],[粉丝团 Lv15]
2026-05-16 12:57:55,76133959662,@等风起,老黑那三个号一直不玩吗？,[等级14],[粉丝团 Lv8]
2026-05-16 12:57:55,102028794518,用户110524,这些人咋这样,[等级19],[粉丝团 Lv6]
2026-05-16 12:57:56,110547340114,@@,打不过别人都说别人亏你屏,[等级9],
2026-05-16 12:57:57,1257437656002798,某某.,上个房顶都费劲,[等级34],[粉丝团:张君雅 Lv16]
2026-05-16 12:58:02,99129956951,难舍,就喜欢听老黑骂黑粉们那叫一个舒服[捂脸][捂脸][捂脸],[等级10],[粉丝团 Lv8]
2026-05-16 12:58:02,110167979379,石情画意,高调,,
2026-05-16 12:58:02,94304291055,希堂.王康,刚刚不是离开N港找剑去了吗,[等级8],
2026-05-16 12:58:04,3228621261774320,湫！,@逆蝶🦋 你的感觉太好了，快去吧,[等级11],[粉丝团 Lv12]
2026-05-16 12:58:04,2735210901028664,海不曾怀疑夏的蓝,刚来发生什么事了,[等级5],
2026-05-16 12:58:04,76326840152,往事随风,局哥呢,,
2026-05-16 12:58:09,2792375375108893,旗7756,张君雅打的不赖，好的很,[等级9],[粉丝团 Lv2]
2026-05-16 12:58:13,2568057905493943,奕佑同学,@姐夫不喝药 [尬笑]1v4不是1v4个窥屏仔,[等级27],[粉丝团 Lv14]
2026-05-16 12:58:17,64386173303,🌈锋锅🌈🌈🌈,咋又开始搜了,[等级28],
2026-05-16 12:58:19,99460247743,日行一善²⁰²⁶,主包上房顶时候谁说的，穷吃鸡富快递[捂脸],[等级12],[粉丝团 Lv10]
2026-05-16 12:58:20,96255521891,猛踹瘸子那条好腿          🪳,总有刁民想害朕,[等级23],[粉丝团 Lv3]
2026-05-16 12:58:20,1832233854318264,ㅤ︅ᅠ︅ᅠ,这跟肥不肥有半毛钱关系吗？还气坏了，换你你不气站着说话不腰疼呢,[等级8],
2026-05-16 12:58:20,3378144954030583,用户726,黑子们别说主播了，说说我求喷[看],[等级7],[粉丝团 Lv6]
2026-05-16 12:58:27,2651651401850973,云见山川,@@@ 那你去打,[等级10],[粉丝团 Lv6]
2026-05-16 12:58:28,71126905166,抖音小肋手,点粉丝团→一键送11个为你闪耀（陪伴之旅），完成后可多领很多很多亲密度→记得把星星都点开有亲密❤️❤,[等级11],[粉丝团 Lv10]
2026-05-16 12:58:35,1113180618894655,北极之星,"老黑要面子,不去拿爆炸🏹吗",[等级24],[粉丝团 Lv4]
2026-05-16 12:58:35,71126905166,抖音小肋手,点粉丝团→一键送11个为你闪耀（陪伴之旅），完成后可多领很多很多亲密度→记得把星星都点开有亲密❤️❤,[等级11],[粉丝团 Lv10]
2026-05-16 12:58:36,1239897172612587,天义⁹⁰¹,我躲在草里六你，[捂脸]我不算偷看屏幕🖥吧,[等级32],[粉丝团 Lv9]
2026-05-16 12:58:36,484257882206712,欧欧欧包,抓人的你一个人来给她打了我就服你,[等级19],[粉丝团 Lv5]
2026-05-16 12:58:36,1882799140776472,一二三四,看直播，不咋打游戏,[等级31],[粉丝团:张君雅 Lv3]
2026-05-16 12:58:37,64386173303,🌈锋锅🌈🌈🌈,天天看你搜箭,[等级28],
2026-05-16 12:58:38,110073374666,Tony jun,把他们的🆔拿本本都记下来 以后还会碰到的,[等级21],[粉丝团 Lv11]
2026-05-16 12:58:39,2395184081945055,忙里偷闲⁵¹⁰⁷⁴,点亮灯牌，点亮灯牌的各位帅哥美女，心想事成，一夜暴富[比心][比心][比心],[等级29],[粉丝团 Lv15]
2026-05-16 12:58:41,4233546532927219,🉑🈶🉑🈚,[捂脸][尬笑],[等级20],[粉丝团 Lv10]
2026-05-16 12:58:42,93224838325,Æ,窥屏该喊话：张老黑你被包围了，放下武器,[等级20],[粉丝团 Lv12]
2026-05-16 12:58:43,2016929707730272,不屑一切,有本事正面刚,,
2026-05-16 12:58:43,103952091396,春风十里,[呲牙],[等级17],[粉丝团 Lv1]
2026-05-16 12:58:45,3493622147712864,南方8357,主播加油,[等级2],
2026-05-16 12:58:45,97908114253,龍（大轴子）,他直播间里咋有这么多人啊,,
2026-05-16 12:58:46,4162095481363833,mrtang,窥屏的就是黑粉[捂脸][捂脸][捂脸],,
2026-05-16 12:58:47,99770678587,大橘为重♞,虽然是窥屏但是很有想法啊[捂脸][捂脸]四面包围好再打[捂脸],[等级41],[粉丝团 Lv10]
2026-05-16 12:58:49,2258848122937539,岁月沙漏,以后谁想杀君雅直接刷个跑车之类的，让她站在那里那里杀不好吗[捂脸],[等级13],[粉丝团 Lv6]
2026-05-16 12:58:50,2928740540613880,冉冉冉,不会把直播间举报一下，不让黑子看直播,[等级4],
2026-05-16 12:58:51,92991755529,东北至尊宝,哈哈哈[玫瑰][呲牙],[等级23],[粉丝团 Lv12]
2026-05-16 12:58:56,104982158385,都别@我,老板有钱[鼓掌],[等级3],
2026-05-16 12:58:59,2665697062160392,哈喽啊啊额个,这局再把老黑抓了就送你们丝袜[捂脸],[等级11],
2026-05-16 12:59:01,2019147461952637,清风,主包主包  你这个蓝色的是什么皮肤,[等级19],
2026-05-16 12:59:05,109419284346,曾经的少年！曾经的你！！,大家点点赞，安抚一下主播[比心][比心][比心][比心][比心][比心],[等级24],[粉丝团 Lv14]
2026-05-16 12:59:13,99374420153,薛啊,三级甲,[等级22],[粉丝团 Lv2]
2026-05-16 12:59:13,2009542393864356,铭朗建筑小周,里面有三级甲,[等级34],[粉丝团 Lv10]
2026-05-16 12:59:14,2858358405342999,徒步新疆🇨🇳²⁰²⁶,来4个人把张君雅吓的,[等级18],[粉丝团 Lv10]
2026-05-16 12:59:16,2968291974594055,刘国华,三级甲,[等级8],
2026-05-16 12:59:20,3490263717127820,星仔,三级甲,[等级8],
2026-05-16 12:59:20,99017994496,彭先生,三级甲,[等级14],
2026-05-16 12:59:28,690125102658323,黑猫@警长,大家一起点点赞[赞][赞][赞][赞],[等级24],[粉丝团 Lv12]
2026-05-16 12:59:28,1882799140776472,一二三四,[捂脸][捂脸][捂脸],[等级31],[粉丝团:张君雅 Lv3]
2026-05-16 12:59:30,2009542393864356,铭朗建筑小周,两件三级甲,[等级34],[粉丝团 Lv10]
2026-05-16 12:59:31,101277257606,风的影子🧸,[捂脸][捂脸][捂脸][捂脸],[等级42],[粉丝团 Lv11]
2026-05-16 12:59:32,80383016930,零度°C 冰川⁵¹⁰⁷⁴,[捂脸][捂脸][捂脸][捂脸],[等级11],[粉丝团 Lv11]
2026-05-16 12:59:32,980372382560669,🐲ೄ°强ೄ°哥ೄ࿐,[捂脸][捂脸][捂脸][捂脸],[等级17],[粉丝团 Lv2]
2026-05-16 12:59:32,74581802383,晚风枕氿,哈哈哈😂,[等级13],
2026-05-16 12:59:33,100020994551,乄夵,老黑,[等级18],[粉丝团 Lv2]
2026-05-16 12:59:33,2016929707730272,不屑一切,专门开的新号骂黑子,,
2026-05-16 12:59:33,93014642999,🌈南山楠,哈哈哈,[等级11],[粉丝团 Lv10]
2026-05-16 12:59:34,896828231649432,修缘,[捂脸][捂脸][捂脸],,
2026-05-16 12:59:34,110895971722,一个人挺好…👿,人家就要打你，你能怎么办[捂脸][捂脸],[等级24],[粉丝团 Lv9]
2026-05-16 12:59:34,1900427196767240,元霸,还来,[等级14],[粉丝团 Lv7]
2026-05-16 12:59:35,89902404865,艳,[捂脸][捂脸][捂脸],[等级21],[粉丝团 Lv9]
2026-05-16 12:59:36,896829696524519,🌈纸间悟,太可爱了,[等级4],
2026-05-16 12:59:36,66672197795,過客,[捂脸][捂脸][捂脸][捂脸],[等级34],[粉丝团 Lv7]
2026-05-16 12:59:36,7636932874373874746,成都雷宇租房（双流）,哈哈哈哈哈,,
2026-05-16 12:59:36,106660845616,冰河,[捂脸][捂脸][捂脸],[等级21],[粉丝团 Lv7]
2026-05-16 12:59:36,96362561751,一生有你,[捂脸][捂脸][捂脸][捂脸],[等级12],[粉丝团 Lv11]
2026-05-16 12:59:36,78639296323,Big,[尬笑][尬笑][尬笑],[等级28],[粉丝团 Lv10]
2026-05-16 12:59:37,53270331610,秃头小番茄🍅,说得好,[等级24],
2026-05-16 12:59:37,1113180618894655,北极之星,越想越气,[等级24],[粉丝团 Lv4]
2026-05-16 12:59:37,99770678587,大橘为重♞,哈哈哈[捂脸][捂脸][捂脸],[等级41],[粉丝团 Lv10]
2026-05-16 12:59:38,470207716141453,座等斗地主,[捂脸][捂脸],[等级11],[粉丝团 Lv11]
2026-05-16 12:59:38,73448831285,浩哥,输了就是输了,[等级25],
2026-05-16 12:59:38,2515331991211789,jiojio 牌惠灵顿,[捂脸][捂脸][捂脸],[等级22],[粉丝团 Lv10]
2026-05-16 12:59:38,97977109675,帆哥哥,心态心态,[等级36],[粉丝团 Lv5]
2026-05-16 12:59:38,59348532870,贫僧法号：乱来,[捂脸][捂脸][捂脸][捂脸][捂脸],[等级34],
2026-05-16 12:59:39,72075398313,郑乔,哈哈哈哈,[等级18],
2026-05-16 12:59:40,53270331610,秃头小番茄🍅,哈哈哈哈哈,[等级24],
2026-05-16 12:59:41,5964397381,彤,骂得好雅雅,[等级15],[粉丝团 Lv11]
2026-05-16 12:59:41,4233546532927219,🉑🈶🉑🈚,[捂脸][尬笑][捂脸][尬笑],[等级20],[粉丝团 Lv10]
2026-05-16 12:59:41,102200676908,此刻,好骂,[等级19],
2026-05-16 12:59:42,61772282639,🦄潇洒的茂茂哥💋,[尬笑][奸笑],[等级32],[粉丝团 Lv11]
2026-05-16 12:59:42,73448831285,浩哥,这么墨迹,[等级25],
2026-05-16 12:59:43,2129109692727048,8023,[鼓掌][鼓掌][鼓掌][鼓掌][鼓掌],[等级17],[粉丝团 Lv10]
2026-05-16 12:59:44,1238463738291515,五保户,还没走出来啊[捂脸][捂脸],,
2026-05-16 12:59:44,1354205412474766,暖难,别恒温了，开延迟就好了,[等级8],[粉丝团 Lv1]
2026-05-16 12:59:45,86009373363,朱脑阔,[捂脸][捂脸][捂脸][捂脸][捂脸][捂脸],[等级3],
2026-05-16 12:59:45,69268051905,ᑋᵉᑊᑊᵒ妞,[捂脸][捂脸][捂脸],[等级12],[粉丝团 Lv6]
2026-05-16 12:59:45,3232152101332788,揽月,气死了[捂脸],[等级21],[粉丝团 Lv2]
2026-05-16 12:59:46,2286638041411710,梦涵,[捂脸][捂脸][捂脸][捂脸],[等级5],
2026-05-16 12:59:46,64405820525,ξ壹戰為紅顏و  ̑,[捂脸][捂脸][捂脸],[等级15],[粉丝团 Lv10]
2026-05-16 12:59:47,3746757804561379,MR.L,小学生放假了,[等级28],
2026-05-16 12:59:47,65137095314,请李一薪一亿💕,[捂脸][捂脸][捂脸][捂脸],[等级7],
2026-05-16 12:59:48,3096657847394206,物以稀为桂 󰠇,老黑急了,[等级7],
2026-05-16 12:59:49,1882799140776472,一二三四,不说了，越说越生气[呲牙][呲牙][呲牙],[等级31],[粉丝团:张君雅 Lv3]
2026-05-16 12:59:49,98095182081,手握风云★,故意气你,[等级20],[粉丝团 Lv2]
2026-05-16 12:59:49,65759302943,第三人称,哈哈哈,[等级9],[粉丝团 Lv11]
2026-05-16 12:59:49,2111507851127823,天青色等烟雨,越想越气,[等级12],[粉丝团 Lv5]
2026-05-16 12:59:49,102678073542,小幸运🌸,[打call][打call][打call][打call][打call][打call][打call][打call][打call][互粉][互粉][互粉][互粉][666][666][666][666],[等级1],
2026-05-16 12:59:50,81335611617,遇  见𓁙,又破防了[捂脸],[等级19],
2026-05-16 12:59:51,1640949502448119,修身,退一步，越想越气,[等级31],[粉丝团 Lv4]
2026-05-16 12:59:51,68422483360,深情不及久伴,@不屑一切 你这个发言，啧啧啧……,[等级25],[粉丝团 Lv11]
2026-05-16 12:59:51,54994797925,²⁶土豆¾,四打一没什么可牛逼的,[等级13],[粉丝团 Lv3]
2026-05-16 12:59:51,96261969310,酒醉人不归,哈哈哈哈骂的好,[等级15],[粉丝团 Lv10]
2026-05-16 12:59:53,68917910991,逆蝶🦋,不跟队友走一起，我还抓你[色],[等级16],[粉丝团 Lv3]
2026-05-16 12:59:53,96087104769,拖泥&邱,人家抓的就是你,[等级12],
2026-05-16 12:59:55,2959539499973415,我不美却独一无二,不气不气,[等级15],
2026-05-16 12:59:55,73448831285,浩哥,输不起啊,[等级25],
2026-05-16 12:59:55,521642863761721,臭鱼,骂的好哈哈哈哈😂😂😂😂😂😂,[等级1],
2026-05-16 12:59:55,65137095314,请李一薪一亿💕,不气不气,[等级7],
2026-05-16 12:59:55,99770678587,大橘为重♞,看见跳舞破防了[捂脸][捂脸],[等级41],[粉丝团 Lv10]
2026-05-16 12:59:55,100988433191,☞*^_^*涛☜,怎么回事,[等级8],[粉丝团 Lv9]
2026-05-16 12:59:56,3267352005977800,释怀！,[捂脸][捂脸][捂脸][捂脸],[等级20],
2026-05-16 12:59:56,4112646701849917,。。。,哈哈,[等级20],[粉丝团 Lv2]
2026-05-16 12:59:57,2959539499973415,我不美却独一无二,过去了,[等级15],
2026-05-16 12:59:58,94792007680,👾BMDJ👾,可能现实没什么存在感吧[捂脸],[等级2],
2026-05-16 12:59:59,4085403482857084,呆咩,不是带着三级甲吗弹幕在干嘛[捂脸],[等级13],[粉丝团 Lv10]
2026-05-16 12:59:59,65137095314,请李一薪一亿💕,不值得,[等级7],
2026-05-16 12:59:59,55159220102,BWRZ（记录美好）,@浩哥 输了不能说吗[看],[等级36],[粉丝团 Lv16]
2026-05-16 13:00:00,64352008185,林较瘦,我也要来抓你[捂脸],[等级12],[粉丝团 Lv5]
2026-05-16 13:00:00,54642780642,dou9438724,蹲两个少妇,[等级48],
2026-05-16 13:00:01,102469975321,✨名门⭐️,谢宝庆啊谢宝庆！惹她干嘛？[捂脸][捂脸][捂脸],[等级19],[粉丝团 Lv15]
2026-05-16 13:00:01,73647036676,捣蛋熊,不生气哦,[等级20],[粉丝团 Lv12]
2026-05-16 13:00:02,1040560380975011,变、变、变,不管做什么。心态最重要。,,
2026-05-16 13:00:03,78639296323,Big,气大伤身 别生气了[捂脸],[等级28],[粉丝团 Lv10]
2026-05-16 13:00:03,289866577879726,练气百万年,诛心了[捂脸],[等级9],
2026-05-16 13:00:03,1829206389950766,伱我皆牛马,开延迟,[等级25],[粉丝团 Lv2]
2026-05-16 13:00:03,1262683587609187,蜗牛国度,不是上不了房顶是互动,[等级3],[粉丝团 Lv2]
2026-05-16 13:00:05,2294045516499104,嘟,@浩哥 就墨迹气死你，有本事你开播,[等级13],[粉丝团 Lv10]
2026-05-16 13:00:05,63173469632,小K,莫生气,[等级14],[粉丝团 Lv8]
2026-05-16 13:00:05,1987562844985852,红伞伞™,听到没，小丑们,[等级33],[粉丝团 Lv12]
2026-05-16 13:00:06,2016929707730272,不屑一切,上炕都费劲，还能上房顶！,,
2026-05-16 13:00:07,102477798132,东风吹,骂爽了,[等级7],
2026-05-16 13:00:07,108790597735,朱^_^（励志）,你们不窥屏你四个打赢老黑我还有点佩服你，窥屏有啥意思？被骂舒服吗？你爹妈跟着你也遭老大罪了,[等级15],[粉丝团 Lv11]
2026-05-16 13:00:07,101629850514,张老黑的飞哥⁵¹⁰⁷⁴,气死我了[捂脸],[等级33],[粉丝团 Lv16]
2026-05-16 13:00:07,55159220102,BWRZ（记录美好）,@浩哥 就说就说[看],[等级36],[粉丝团 Lv16]
2026-05-16 13:00:08,600812307624723,心事,[捂脸][捂脸],[等级11],[粉丝团 Lv6]
2026-05-16 13:00:09,71126905166,抖音小肋手,[捂脸][捂脸][捂脸][捂脸],[等级11],[粉丝团 Lv10]
2026-05-16 13:00:09,73569757746,小丑鱼,骂骂咧咧,[等级9],[粉丝团 Lv9]
2026-05-16 13:00:09,3657438303882196,乐小喵,哈哈,[等级19],[粉丝团 Lv2]
2026-05-16 13:00:10,281902277461694,莫旗金榜题名,局哥死哪去了,[等级6],[粉丝团 Lv3]
2026-05-16 13:00:13,4221762087166973,拒绝刘亦菲18402次,他们就喜欢抓你,[等级4],[粉丝团 Lv2]
2026-05-16 13:00:13,1912738157700251,。。。。。。。,越破防他们越爱抓[捂脸][捂脸],[等级5],[粉丝团 Lv1]
2026-05-16 13:00:14,61631559133,三宝99,哈哈哈哈,[等级2],
2026-05-16 13:00:15,2511762924253400,吾心安处打个盹儿,老黑意难平,,
2026-05-16 13:00:15,61524628975,Tender一小哥哥,跳不上去却把你打倒了[捂脸][捂脸][捂脸][捂脸][捂脸],[等级15],[粉丝团 Lv11]
2026-05-16 13:00:16,7571745879104406565,𝑨꯭𝑰꯭𝒐꯭𝒏꯭𝒆꯭。,[捂脸][捂脸],[等级2],
2026-05-16 13:00:17,4328098590118670,Superficial lady Y,哈哈哈,[等级18],[粉丝团 Lv7]
2026-05-16 13:00:17,92461848227,煜,[捂脸],[等级13],[粉丝团 Lv11]
2026-05-16 13:00:19,99569816302,蝴蝶过山门,越想越生气，不骂俩句不解气,[等级20],[粉丝团 Lv8]
2026-05-16 13:00:20,71126905166,抖音小肋手,老黑不要气啦[比心][比心][比心],[等级11],[粉丝团 Lv10]
2026-05-16 13:00:21,839647083890990,浊世清风,[赞][赞][赞][赞][赞],[等级28],[粉丝团 Lv13]
2026-05-16 13:00:21,77416951506,ら孤痞,@@@ 还不明显吗？,[等级36],[粉丝团 Lv17]
2026-05-16 13:00:23,2939415147321803,🌈🌈✨✨@好运连连✨✨,破防了，玩不起,[等级11],
2026-05-16 13:00:25,82694365969,one1,是不是粉丝抓的你,[等级20],[粉丝团 Lv4]
2026-05-16 13:00:26,93506272215,钻石农民,打不赢人家，说那说那，你是什么主播，,[等级16],
2026-05-16 13:00:26,4041398736916958,良辰美景,没必要跟这种生气,[等级24],[粉丝团 Lv9]
2026-05-16 13:00:27,4866169379827,锦官城知事,别骂了，你越骂，他们越高兴，你不把他们当回事，他们就索然无味了,,
2026-05-16 13:00:28,2560120560040653,蜂花月夜,天气热了，莫要生气，气大伤身[捂脸],[等级28],[粉丝团 Lv11]
2026-05-16 13:00:29,93247796295,满眼皆星河,反正我打不过的就举报，有时候会碰到开挂的[捂脸],,
2026-05-16 13:00:30,110940507669,哼哼哈嘿,延迟不能开久点吗？,[等级11],[粉丝团 Lv2]
2026-05-16 13:00:31,95825172162,孤身熬过四季寒ꦿ,骂死他们[捂脸]！太过分了,[等级10],
2026-05-16 13:00:31,2761574857855886,👑他🎙️他👑,又又又破防了。,[等级24],[粉丝团 Lv8]
2026-05-16 13:00:32,55159220102,BWRZ（记录美好）,[发呆],[等级36],[粉丝团 Lv16]
2026-05-16 13:00:34,96570524433,-,这要是我，当时就开全部麦骂了[戳手手],[等级18],[粉丝团 Lv12]
2026-05-16 13:00:36,97806080834,🚬ღ᭄辭ꦿ࿐,@浩哥 你这理解能力吃三鹿奶粉长大的吧,[等级21],[粉丝团 Lv15]
2026-05-16 13:00:38,102200676908,此刻,不气不气,[等级19],
2026-05-16 13:00:39,55159220102,BWRZ（记录美好）,你干嘛[懵],[等级36],[粉丝团 Lv16]
2026-05-16 13:00:39,93181514488,丰山,今天几倒了？,[等级40],
2026-05-16 13:00:39,58108715302,Nan.,信号枪,[等级7],
2026-05-16 13:00:40,75381180213,阳光彩虹小白马,[戳手手]委屈屈,[等级12],
2026-05-16 13:00:42,224733026058638,清秋🍂,几点钟有信号枪,[等级17],[粉丝团 Lv2]
2026-05-16 13:00:44,74274692488,Yvette,1080p,[等级20],
2026-05-16 13:00:46,104341317423,赞,就是跳几下都没跳上去，想跳房顶拳老黑[比心][比心][比心],[等级28],[粉丝团 Lv8]
2026-05-16 13:00:48,4279760182582183,夹心甜,就像不作弊没法考试啊 没那个实力啊[捂脸],[等级20],
2026-05-16 13:00:48,2950740333835965,醒必静（重生版),掉大分了，肯定不开心呀,[等级30],[粉丝团 Lv15]
2026-05-16 13:00:50,2294045516499104,嘟,@🌈🌈✨✨@好运连连✨✨ 你玩得起你开播我去抓你[捂脸],[等级13],[粉丝团 Lv10]
2026-05-16 13:00:51,1702489841494813,葫芦♬,骂，骂到他们惭愧去[捂脸],[等级12],[粉丝团 Lv9]
2026-05-16 13:00:51,3584009327358715,谜鹿～,去偷人,[等级7],[粉丝团 Lv3]
2026-05-16 13:00:52,62770880199,拿着大瓶可乐当🍺喝,信号枪刚才好像是,[等级33],
2026-05-16 13:00:53,93506272215,钻石农民,输不起,[等级16],
2026-05-16 13:00:54,1636547580920328,黑犇,你，需要一个狗子,[等级12],[粉丝团 Lv1]
2026-05-16 13:00:55,58108715302,Nan.,有信号枪,[等级7],
2026-05-16 13:00:55,84316928345,一身腱子肉,认了吧，人怕出名猪怕壮，谁让你是抖音和平一姐呢,[等级17],[粉丝团 Lv3]
2026-05-16 13:00:56,11805950518,深情（张君雅助理）,@钻石农民 儿子，去写作业，别玩我手机,[等级39],[粉丝团:张君雅 Lv18]
2026-05-16 13:00:57,1882799140776472,一二三四,@清秋🍂 五点到十一点,[等级31],[粉丝团:张君雅 Lv3]
2026-05-16 13:01:01,2101915534493229,205,菜就承认,[等级16],
2026-05-16 13:01:05,1640107378216685,哈哈啊,上把吃鸡了没,[等级5],[粉丝团 Lv2]
2026-05-16 13:01:07,104284064269,月下独酌,@钻石农民 你可以不看呀[捂脸],[等级18],[粉丝团 Lv11]
2026-05-16 13:01:07,521642863761721,臭鱼,这么大的主播，高低是有人嫉妒的,[等级1],
2026-05-16 13:01:08,62729762489,BBLB,@钻石农民 窥子急了,[等级12],[粉丝团 Lv12]
2026-05-16 13:01:12,62770880199,拿着大瓶可乐当🍺喝,有信号枪,[等级33],
2026-05-16 13:01:13,74274692488,Yvette,高清,[等级20],
2026-05-16 13:01:13,64210044708,ℳ̶̶̶̶♡̶҉夏枫ᥫᩣ,刚那一对偷窥者在出生岛拳爱播的时候，就知道他们不是什么好人了[捂脸],[等级30],[粉丝团 Lv12]
2026-05-16 13:01:15,2396574524118979,不知名University仔仔,@钻石农民 这么厉害你来啊，就知道嘴,[等级8],
2026-05-16 13:01:17,59696399335,人间边客,说信号枪的脑子转一下,[等级12],[粉丝团 Lv10]
2026-05-16 13:01:20,3934507317863532,一个从人民中走出来的普通人（轮回版）,@深情（张君雅助理） 别理他。给他脸了,[等级23],[粉丝团 Lv2]
2026-05-16 13:01:21,93015669579,🍼,@一二三四 四点到十二点了,[等级43],[粉丝团 Lv11]
2026-05-16 13:01:24,2858320515838446,坏大叔,单挑不过你   我就爱群殴你,[等级29],
2026-05-16 13:01:24,3689574830449950,刘三哥,别气了！对手不是一班的人！尽力玩吧！[玫瑰][爱心][比心][赞][捂脸][微笑][捂脸],[等级27],
2026-05-16 13:01:25,99770678587,大橘为重♞,虽然上炕都费劲但是人家有老六办法啊,[等级41],[粉丝团 Lv10]
2026-05-16 13:01:25,1987562844985852,红伞伞™,@深情（张君雅助理） 你在和谁说话,[等级33],[粉丝团 Lv12]
2026-05-16 13:01:26,501017431248247,今天也开心呀,@205 你很厉害吗,[等级8],[粉丝团 Lv9]
2026-05-16 13:01:28,68359033340,满满,有本事光明正大决赛圈见，能打过才佩服你呢，窥屏打人算啥,[等级11],[粉丝团 Lv7]
2026-05-16 13:01:29,1455350881721268,弋🍓🍓,@钻石农民 就是你吧[看][看][看]挨骂了,[等级13],[粉丝团 Lv12]
2026-05-16 13:01:30,100500267450,昨日一去不复返,有没有想过是透视专门抓落单的,[等级13],[粉丝团 Lv7]
2026-05-16 13:01:31,2258848122937539,岁月沙漏,节目效果,[等级13],[粉丝团 Lv6]
2026-05-16 13:01:33,2016929707730272,不屑一切,@深情不及久伴 别@我，我骂黑子的话,,
2026-05-16 13:01:35,67173533157,呵忒（髋关节三期保守中）,@一二三四 现在是4点到12点了,[等级26],[粉丝团 Lv10]
2026-05-16 13:01:43,2294045516499104,嘟,@坏大叔 你也就只能过过嘴瘾了大叔[捂脸],[等级13],[粉丝团 Lv10]
2026-05-16 13:01:44,107693677980,七月,猫局中午怎么不播了,[等级27],[粉丝团 Lv11]
2026-05-16 13:01:46,3458393053855946,爱你的人,88888,[等级10],
2026-05-16 13:01:48,104909120110,Mr. Liu@,后面又捡呀,[等级33],[粉丝团 Lv3]
2026-05-16 13:01:50,96992796442,💕凉凉⁸⁰⁰⁸,老黑,[等级10],[粉丝团 Lv11]
2026-05-16 13:01:53,75381180213,阳光彩虹小白马,[戳手手]委屈屈,[等级12],
2026-05-16 13:01:56,2735210901028664,海不曾怀疑夏的蓝,发生什么事了,[等级5],
2026-05-16 13:01:59,105463503267,我的名字,@昨日一去不复返 透视能知道谁是谁？[翻白眼][黑脸],[等级16],[粉丝团 Lv10]
2026-05-16 13:02:01,1882799140776472,一二三四,@🍼 改了吗？这赛季都没玩，不晓得,[等级31],[粉丝团:张君雅 Lv3]
2026-05-16 13:02:01,4503699279715189,落叶孤烟,这个无人机怎么增加次数啊,[等级7],[粉丝团 Lv6]
2026-05-16 13:02:02,95591334240,獨角獸的眼淚,666,[等级17],[粉丝团 Lv11]
2026-05-16 13:02:05,2651651401850973,云见山川,@205 哦，那看来你很厉害咯，那你报个ID来看看你打的如何,[等级10],[粉丝团 Lv6]
2026-05-16 13:02:05,69648792681,Despacito...,我在矿场,[等级13],[粉丝团 Lv2]
2026-05-16 13:02:06,3962290399874691,雨中漫步,杀人不了打人机,[等级18],[粉丝团 Lv9]
2026-05-16 13:02:12,71126905166,抖音小肋手,[捂脸][捂脸][捂脸],[等级11],[粉丝团 Lv10]
2026-05-16 13:02:15,2772306648634416,也是老徐,[捂脸][捂脸][捂脸],[等级6],[粉丝团 Lv4]
2026-05-16 13:02:16,654957605821508,ᏓᎭⲉᬼ清风✨⃟徐来༉ᩚ᭄,秘屎,[等级1],
2026-05-16 13:02:18,1173906957280910,摆摊卖寂寞,单跑等下又被抓,[等级8],
2026-05-16 13:02:21,93015669579,🍼,@一二三四 这新模式开始,[等级43],[粉丝团 Lv11]
2026-05-16 13:02:24,50666988323,林0310,就喜欢老黑骂窥子,[等级25],[粉丝团 Lv4]
2026-05-16 13:02:25,2395184081945055,忙里偷闲⁵¹⁰⁷⁴,[666][666],[等级29],[粉丝团 Lv15]
2026-05-16 13:02:27,3795156287621927,拾欢,发财了,[等级15],[粉丝团 Lv13]
2026-05-16 13:02:30,56505883242,Fara,我敲，AUG,[等级15],[粉丝团 Lv12]
2026-05-16 13:02:31,4196217367083853,别跟他多话，直接扣,雅雅又在单排,[等级7],[粉丝团 Lv3]
2026-05-16 13:02:34,2735210901028664,海不曾怀疑夏的蓝,发生什么事了,[等级5],
2026-05-16 13:02:36,2475702575179399,这个我是真的喜欢,AUG拿下,[等级14],
2026-05-16 13:02:37,1297845116211678,我是你涛哥,我给你报点啊，他是谁你去？,[等级14],[粉丝团 Lv9]
2026-05-16 13:02:37,2395184081945055,忙里偷闲⁵¹⁰⁷⁴,发财,[等级29],[粉丝团 Lv15]
2026-05-16 13:02:37,62467530775,平安.😼,今天咋的了，酷酷爆金,[等级23],[粉丝团 Lv8]
2026-05-16 13:02:37,99460247743,日行一善²⁰²⁶,我靠，密室爆金率提升了吗？,[等级12],[粉丝团 Lv10]
2026-05-16 13:02:37,111642458376,娱锋,刚才ID叫什么,[等级11],[粉丝团 Lv11]
2026-05-16 13:02:37,1257437656002798,某某.,aug,[等级34],[粉丝团:张君雅 Lv16]
2026-05-16 13:02:38,93014642999,🌈南山楠,这两把开始开好东西了,[等级11],[粉丝团 Lv10]
2026-05-16 13:02:40,65767160127,琬渝,[捂脸]有点欧皇附体，密室把把出金,[等级21],[粉丝团 Lv13]
2026-05-16 13:02:40,3934507317863532,一个从人民中走出来的普通人（轮回版）,粉丝们都别理黑子。让老黑自己骂。她想骂人了[捂脸],[等级23],[粉丝团 Lv2]
2026-05-16 13:02:41,73569757746,小丑鱼,都骂了十几分钟了,[等级9],[粉丝团 Lv9]
2026-05-16 13:02:41,1912738157700251,。。。。。。。,这弹幕和不求人直播间有得一拼[捂脸][捂脸][捂脸][捂脸],[等级5],[粉丝团 Lv1]
2026-05-16 13:02:42,53270331610,秃头小番茄🍅,这种窥子还开直播  都是啥没品的人在看啊,[等级24],
2026-05-16 13:02:43,1344016871068905,弥安,我想问一下，现在几点有信号枪，老黑用的第几面板,[等级25],[粉丝团 Lv10]
2026-05-16 13:02:43,3795156287621927,拾欢,[捂脸][捂脸][捂脸],[等级15],[粉丝团 Lv13]
2026-05-16 13:02:43,84159073433,不入戏🍃,[捂脸][捂脸][捂脸],[等级20],[粉丝团 Lv12]
2026-05-16 13:02:44,93327118568,挽ㅤ,哈哈哈哈,[等级22],
2026-05-16 13:02:44,3267352005977800,释怀！,[捂脸][捂脸][捂脸][捂脸][捂脸][捂脸],[等级20],
2026-05-16 13:02:44,102477798132,东风吹,不抓你吃鸡是问题。所以大家都是为了吃鸡干掉对手,[等级7],
2026-05-16 13:02:44,3147271348687547,🏏,[捂脸][捂脸][捂脸],[等级29],
2026-05-16 13:02:46,71981851159,相濡以沐淅,怎么暴金了,[等级22],[粉丝团 Lv6]
2026-05-16 13:02:46,4503658257446344,🥐cornetto,哈哈哈哈,[等级41],[粉丝团 Lv6]
2026-05-16 13:02:46,590893464955795,111,[捂脸],[等级1],[粉丝团 Lv3]
2026-05-16 13:02:47,2280855111746220,梦醒如初、,[捂脸],[等级29],[粉丝团 Lv13]
2026-05-16 13:02:47,59348532870,贫僧法号：乱来,啊优哥,[等级34],
2026-05-16 13:02:48,85081289813,木又,[捂脸][捂脸][捂脸],[等级7],[粉丝团 Lv6]
2026-05-16 13:02:49,93316149550,七七💋,还是要有心态 被抓正常,[等级27],
2026-05-16 13:02:49,2598859158075331,守猎者,老黑你天天说别人小黑,[等级8],
2026-05-16 13:02:49,63832965277,青洲,怎么失声了,[等级15],
2026-05-16 13:02:50,3913881339040927,再见Superman,这声音好好听,[等级16],
2026-05-16 13:02:50,64405820525,ξ壹戰為紅顏و  ̑,1哈哈哈,[等级15],[粉丝团 Lv10]
2026-05-16 13:02:50,946014451151415,隐匿。,[捂脸][捂脸][捂脸][捂脸],[等级1],
2026-05-16 13:02:51,54994797925,²⁶土豆¾,[捂脸],[等级13],[粉丝团 Lv3]
2026-05-16 13:02:51,610933898226500,，，，，,深情你负责发袜子，骂人还让君雅来，她嘴皮子厉害[捂脸][捂脸][捂脸],[等级31],[粉丝团 Lv12]
2026-05-16 13:02:51,53270331610,秃头小番茄🍅,哈哈哈哈,[等级24],
2026-05-16 13:02:52,4141204285953451,飞天小能逗,张黑子,[等级3],
2026-05-16 13:02:52,206304117262455,刘鼻涕~,就喜欢老黑打1V4,[等级14],[粉丝团 Lv12]
2026-05-16 13:02:52,60644041895,Ꮩ࿆Ꭵ࿆Ꮲ◎   ❁海❁,[捂脸][捂脸][捂脸][捂脸],[等级26],[粉丝团 Lv14]
2026-05-16 13:02:53,54842942123,এ᭄°余生丶请指教ꦿᮁ໊এ᭄゛,别夹,[等级15],[粉丝团 Lv8]
2026-05-16 13:02:53,99012647060,扑,死嘴  继续骂  不要停,[等级48],[粉丝团:张君雅 Lv20]
2026-05-16 13:02:54,3377334501516344,虾仁猪心(˃ ⌑ ˂ഃ ),哈哈哈哈哈哈,[等级19],[粉丝团 Lv5]
2026-05-16 13:02:55,2735210901028664,海不曾怀疑夏的蓝,发生什么事了,[等级5],
2026-05-16 13:02:56,3652994858754640,西一恩,😂,[等级10],[粉丝团 Lv5]
2026-05-16 13:02:56,108790597735,朱^_^（励志）,补偿你一把AUG安慰一下，不生气了，,[等级15],[粉丝团 Lv11]
2026-05-16 13:02:56,7542012252325905468,一个人,？？？？？？,[等级2],
2026-05-16 13:02:56,3151673436672756,小贝殼,哈哈哈,[等级24],[粉丝团 Lv12]
2026-05-16 13:02:56,109773095724,♡̷,骂骂咧咧[捂脸],[等级20],
2026-05-16 13:02:56,3267352005977800,释怀！,[捂脸][捂脸][捂脸][捂脸],[等级20],
2026-05-16 13:02:57,93583064765,珊瑚海🀄️👌💰,补偿机制爆金了,[等级24],[粉丝团 Lv2]
2026-05-16 13:02:57,72482849471,哒卜⑥,[捂脸][捂脸][捂脸],[等级24],[粉丝团 Lv12]
2026-05-16 13:02:58,75381180213,阳光彩虹小白马,[戳手手]撒娇不好听，好好说话,[等级12],
2026-05-16 13:02:58,75863932663,爱小猪,[捂脸][捂脸][捂脸][捂脸][捂脸][捂脸],[等级17],[粉丝团 Lv10]
2026-05-16 13:02:59,2665697062160392,哈喽啊啊额个,抓的张老黑破防[捂脸],[等级11],
2026-05-16 13:02:59,54994797925,²⁶土豆¾,很不正常啊,[等级13],[粉丝团 Lv3]
2026-05-16 13:03:00,56455053206,LᎭℯ⃝安安ᨶ႒ᩚ,[捂脸][捂脸][捂脸],[等级34],[粉丝团 Lv15]
2026-05-16 13:03:00,102469975321,✨名门⭐️,没毛病,[等级19],[粉丝团 Lv15]
2026-05-16 13:03:00,110895971722,一个人挺好…👿,老黑真急了一直叭叭[捂脸][捂脸],[等级24],[粉丝团 Lv9]
2026-05-16 13:03:00,3949062634087486,晞和,[捂脸][捂脸],[等级9],[粉丝团 Lv10]
2026-05-16 13:03:01,2950740333835965,醒必静（重生版),嗓子不要了[捂脸][捂脸],[等级30],[粉丝团 Lv15]
2026-05-16 13:03:02,72568079369,最爱抹茶味,哈哈哈,[等级16],[粉丝团 Lv8]
2026-05-16 13:03:02,4265726784049283,文钦,哈哈哈,[等级8],[粉丝团 Lv7]
2026-05-16 13:03:03,66672197795,過客,[大笑][大笑][大笑][大笑],[等级34],[粉丝团 Lv7]
2026-05-16 13:03:03,896829696524519,🌈纸间悟,谁娶了张君雅生活可太有趣了,[等级4],
2026-05-16 13:03:03,71820339446,LLLIS777,哈哈哈哈哈,[等级10],
2026-05-16 13:03:03,69648792681,Despacito...,刚才的声音怎么发出来的[捂脸],[等级13],[粉丝团 Lv2]
2026-05-16 13:03:04,84793966478,俊俊✨,说的太好了,[等级19],
2026-05-16 13:03:04,2019147461952637,清风,这给气的不轻啊,[等级19],
2026-05-16 13:03:05,3556242538371252,故里,张俊雅，你要笑死我,,
2026-05-16 13:03:05,62731939386,W-Jul-Cnc,嗓子又要哑啦[捂脸][捂脸][捂脸][捂脸][捂脸][捂脸],[等级23],[粉丝团 Lv9]
2026-05-16 13:03:05,71126905166,抖音小肋手,[捂脸],[等级11],[粉丝团 Lv10]
2026-05-16 13:03:07,54999001618,老七,你心态炸了,[等级17],[粉丝团 Lv2]
2026-05-16 13:03:08,67173533157,呵忒（髋关节三期保守中）,[捂脸][捂脸][捂脸][捂脸]死老黑，麻烦你别夹[捂脸][捂脸],[等级26],[粉丝团 Lv10]
2026-05-16 13:03:08,1881983920385927,希芙,都破音了,[等级4],
2026-05-16 13:03:08,100705834204,@歪歪,自己埋不了啊[捂脸],[等级7],
2026-05-16 13:03:08,1257437656002798,某某.,笑死我了,[等级34],[粉丝团:张君雅 Lv16]
2026-05-16 13:03:08,775571389809527,Bert,哈哈哈[笑哭],[等级21],[粉丝团 Lv10]
2026-05-16 13:03:08,1750047908434414,往事随风而逝,哈哈哈哈哈哈哈,[等级23],[粉丝团 Lv12]
2026-05-16 13:03:10,110839373409,di,老黑夹起来了[看],[等级13],[粉丝团 Lv3]
2026-05-16 13:03:11,835235511810592,-1%,春泥[看],[等级18],[粉丝团 Lv12]
2026-05-16 13:03:12,58582148672,疯回路转不贱君,开出下一个花季,[等级10],
2026-05-16 13:03:13,509782236604071,半夜出门装忧郁被狗追,哈哈哈哈哈哈笑死我了支持,[等级13],[粉丝团 Lv3]
2026-05-16 13:03:13,66996336300,去码头整点薯条哟,不想看了，跟个怨妇一样，唉,[等级17],
2026-05-16 13:03:14,96005113653,山海声,给扑总气的[捂脸][捂脸],[等级23],[粉丝团 Lv6]
2026-05-16 13:03:14,63681751670,꒰๑˘ᴗ˘๑꒱*.不给🍬就捣蛋˚◌,[捂脸][捂脸],[等级14],[粉丝团 Lv12]
2026-05-16 13:03:15,93118804306,菡香大米⁹²⁰⁰,昨天给光子了 把把爆金,[等级32],[粉丝团 Lv12]
2026-05-16 13:03:15,4112646758470907,外欧呦,我就喜欢你这样的,,
2026-05-16 13:03:16,2903183921789800,一米87有腹肌…,嘴皮子真厉害我了个豆……,[等级11],
2026-05-16 13:03:17,74581802383,晚风枕氿,密室有AUG,[等级13],
2026-05-16 13:03:17,1785221565660027,暴躁的冰棍,老黑多喝点水，嗓子好像哑了,[等级6],[粉丝团 Lv10]
2026-05-16 13:03:17,2148905831895459,7天,哈哈老黑气完了,[等级3],
2026-05-16 13:03:17,2294045516499104,嘟,就是啊，这种老登打不过只能在这找存在感过嘴瘾,[等级13],[粉丝团 Lv10]
2026-05-16 13:03:17,3153052794098980,木木,说的谁,[等级7],
2026-05-16 13:03:17,71126905166,抖音小肋手,老黑一套一套的[捂脸],[等级11],[粉丝团 Lv10]
2026-05-16 13:03:18,65517029712,山高路远,抓的张老黑破防[捂脸],[等级11],
2026-05-16 13:03:19,1068343218674500,清淡,👍厉害,[等级4],[粉丝团 Lv6]
2026-05-16 13:03:20,102200676908,此刻,就是就是，被抓了还不允许君雅生气吗[懵],[等级19],
2026-05-16 13:03:20,3934469653018963,米兜,昨天晚上8个人抓她  [捂脸][捂脸],,
2026-05-16 13:03:21,1173906957280910,摆摊卖寂寞,这两天是来事了[捂脸],[等级8],
2026-05-16 13:03:21,55159220102,BWRZ（记录美好）,就骂就骂[看],[等级36],[粉丝团 Lv16]
2026-05-16 13:03:22,100705834204,@歪歪,变声器,[等级7],
2026-05-16 13:03:22,54994797925,²⁶土豆¾,问雅不生气,[等级13],[粉丝团 Lv3]
2026-05-16 13:03:23,2258848122937539,岁月沙漏,你在哪里学的这些虎狼之词[捂脸],[等级13],[粉丝团 Lv6]
2026-05-16 13:03:24,7542012252325905468,一个人,[捂脸][捂脸],[等级2],
2026-05-16 13:03:24,81288230631,罗非余,从不跟女人一般见识,[等级13],
2026-05-16 13:03:25,102881071014,大杨哥,完了我喜欢上张黑子了,[等级4],
2026-05-16 13:03:25,76055064464,旧颜*,不要停,[等级11],[粉丝团 Lv12]
2026-05-16 13:03:25,3729957861197940,重生之我在茶小仙摇奶茶,宝娟，你的嗓子,[等级6],
2026-05-16 13:03:25,98733476579,伱还有遗憾吗.,有点看不懂，懂了又不和队友一起，又开始苟分，也不开麦[捂脸],[等级10],[粉丝团 Lv10]
2026-05-16 13:03:26,102795137699,🚬ಇ᭄烟࿆ྃ似寂寞໊酒似愁࿐，,丝袜还有吗,[等级13],[粉丝团 Lv9]
2026-05-16 13:03:27,94161219196,𝐇𝐮,我已经埋了半截了,[等级8],[粉丝团 Lv4]
2026-05-16 13:03:27,55159220102,BWRZ（记录美好）,就骂就骂[看],[等级36],[粉丝团 Lv16]
2026-05-16 13:03:27,1262683587609187,蜗牛国度,跳,[等级3],[粉丝团 Lv2]
2026-05-16 13:03:27,2280855111746220,梦醒如初、,所以千万不要去惹女人,[等级29],[粉丝团 Lv13]
2026-05-16 13:03:28,69654624609,温棪,骂的好[比心],[等级30],[粉丝团:张君雅 Lv14]
2026-05-16 13:03:28,4265703982504955,Z.C.L,这就是天赋吗,[等级4],
2026-05-16 13:03:29,111278920151,小宝g 🍑,@去码头整点薯条哟 不看就滚,[等级13],
2026-05-16 13:03:30,1310213551949656,牙乐哈哈笑,谁出生在土里！？？不是在肚子里吗,[等级6],
2026-05-16 13:03:31,178533298082093,🌈乄LW,现在都是烧成灰[偷笑],[等级29],[粉丝团 Lv3]
2026-05-16 13:03:32,97523528294,回首一回头,继续夹些骂我们爱听,[等级20],[粉丝团 Lv15]
2026-05-16 13:03:33,104570891437,春风十里,能听你骂这么久对面也值了,[等级38],
2026-05-16 13:03:33,81838150256314,sky,看来这次是真的气炸了,[等级5],[粉丝团 Lv7]
2026-05-16 13:03:34,52727051848,玫瑰,我快九级了,[等级30],[粉丝团 Lv8]
2026-05-16 13:03:34,101126433635,Huan. 💋,@Despacito... 人家是天生的啦,[等级2],
2026-05-16 13:03:36,2419370855769710,随便逛逛,@去码头整点薯条哟 谁求着你看了吗,[等级17],[粉丝团 Lv7]
2026-05-16 13:03:41,2735210901028664,海不曾怀疑夏的蓝,发生什么事了,[等级5],
2026-05-16 13:03:42,65517029712,山高路远,张老黑被彻底抓破防了[捂脸],[等级11],
2026-05-16 13:03:43,1011153392382067,m.,骂得好,[等级17],[粉丝团 Lv10]
2026-05-16 13:03:44,2761574857855886,👑他🎙️他👑,这脾气，谁娶张军远一天能被揍九顿[捂脸],[等级24],[粉丝团 Lv8]
2026-05-16 13:03:46,55159220102,BWRZ（记录美好）,@摆摊卖寂寞 你来事包装身体啊[看],[等级36],[粉丝团 Lv16]
2026-05-16 13:03:48,1372604917885816,人民万岁,有趣,[等级3],
2026-05-16 13:03:48,58642685107,@黄麒,张老黑，现实吵架，也是厉害的人物，估计小区没几个婆娘敢惹她[捂脸][捂脸][捂脸],[等级11],[粉丝团 Lv10]
2026-05-16 13:03:49,470207716141453,座等斗地主,老黑打游戏很认真的[比心][比心][比心],[等级11],[粉丝团 Lv11]
2026-05-16 13:03:50,103165243757,A开心就好,要不聊聊人生[捂脸],[等级12],[粉丝团 Lv11]
2026-05-16 13:03:50,96242156823,鉵酒狂孤,滋润了大地，开出下一朵花蕊,[等级16],[粉丝团 Lv7]
2026-05-16 13:03:51,2897923281265083,颜洋,张老黑现在怎么这么碎嘴子啊[捂脸],[等级22],[粉丝团 Lv11]
2026-05-16 13:03:54,111152566123,脆脆鲨🍍,[捂脸][捂脸][捂脸][捂脸][捂脸],[等级26],[粉丝团 Lv14]
2026-05-16 13:03:55,97806080834,🚬ღ᭄辭ꦿ࿐,感谢老板,[等级21],[粉丝团 Lv15]
2026-05-16 13:03:56,2395184081945055,忙里偷闲⁵¹⁰⁷⁴,❤️💐❤️感谢老板，老板大气，喝茶🍵🍵🍵,[等级29],[粉丝团 Lv15]
2026-05-16 13:03:56,71126905166,抖音小肋手,@一二三四 谢谢老板大气大气,[等级11],[粉丝团 Lv10]
2026-05-16 13:03:57,2717628635552872,零颜☀️,完了今天一天都要碎碎念念我一天,[等级33],[粉丝团 Lv10]
2026-05-16 13:03:57,72571847526,💘,骑马跳下去会咋样,[等级19],[粉丝团 Lv11]
2026-05-16 13:03:58,96955386184,i,别因为这种人影响心情影响整场直播,[等级42],
2026-05-16 13:04:00,103473431175,笑敬过往,不要奖励他们[捂脸],[等级15],
2026-05-16 13:04:01,2395184081945055,忙里偷闲⁵¹⁰⁷⁴,❤️💐❤️感谢老板，老板大气，喝茶🍵🍵🍵,[等级29],[粉丝团 Lv15]
2026-05-16 13:04:01,65517029712,山高路远,张老黑被彻底抓破防了[捂脸],[等级11],
2026-05-16 13:04:01,102748821674,一张白纸,那你骂人都那么好听[玫瑰][玫瑰],[等级17],[粉丝团 Lv8]
2026-05-16 13:04:01,65008922355,🌈浮夸.,大家点关注  送黑丝，昨天我收到货了。,[等级27],[粉丝团 Lv5]
2026-05-16 13:04:02,102795137699,🚬ಇ᭄烟࿆ྃ似寂寞໊酒似愁࿐，,丝袜上链接吧,[等级13],[粉丝团 Lv9]
2026-05-16 13:04:02,690125102658323,黑猫@警长,@一二三四 老板大气[赞][赞][赞][赞],[等级24],[粉丝团 Lv12]
2026-05-16 13:04:04,102722148449,人生不过葱姜蒜,做淑女,[等级25],
2026-05-16 13:04:06,2008152259705040,汉、歼的审判者,@一二三四 [抱抱你][抱抱你][抱抱你][抱抱你][抱抱你][抱抱你],[等级15],[粉丝团 Lv12]
2026-05-16 13:04:08,71052094484,꧁💞时光不᭄ᩚ꯭ᩚ语꧂,张君雅牛逼[捂脸][捂脸][捂脸][捂脸][捂脸],,
2026-05-16 13:04:08,1530976442254383,带五个孤儿住天桥底下,打游戏没她厉害 骂人也没她厉害,[等级27],[粉丝团 Lv11]
2026-05-16 13:04:08,102722148449,人生不过葱姜蒜,做淑女,[等级25],
2026-05-16 13:04:10,71126905166,抖音小肋手,[捂脸][捂脸][捂脸],[等级11],[粉丝团 Lv10]
2026-05-16 13:04:11,2735210901028664,海不曾怀疑夏的蓝,富哥们抓紧刷几个跑车，哄主播开心,[等级5],
2026-05-16 13:04:12,58585762521,荒漠中的仙人球…扎手,给雨果处cp吧。。。。,[等级3],
2026-05-16 13:04:13,509818415880967,中意李,感谢老板[比心][比心][比心],[等级7],[粉丝团 Lv5]
2026-05-16 13:04:13,102722148449,人生不过葱姜蒜,做熟女,[等级25],
2026-05-16 13:04:14,70421014611,免打扰～,滋养了大地  开出下一个花季,[等级22],[粉丝团 Lv11]
2026-05-16 13:04:14,380881911154506,｛千城墨白｝,把他骂爽了咋办,[等级7],[粉丝团 Lv9]
2026-05-16 13:04:15,55159220102,BWRZ（记录美好）,@i 放心吧[看]多看看就了解了[看],[等级36],[粉丝团 Lv16]
2026-05-16 13:04:17,108160051507,野猫,蛋总嘴巴骂干了没有,[等级30],[粉丝团 Lv10]
2026-05-16 13:04:19,81195431231,我来也,我又给你起了个新名，张快递,[等级24],[粉丝团 Lv13]
2026-05-16 13:04:19,102722148449,人生不过葱姜蒜,做淑女,[等级25],
2026-05-16 13:04:21,4235749255036188,小奶橘,昨晚那个炮真牛,[等级14],
2026-05-16 13:04:21,99770678587,大橘为重♞,这要是连续被抓两三把那得骂到下班[捂脸][捂脸][捂脸],[等级41],[粉丝团 Lv10]
2026-05-16 13:04:21,96109458661,深渊的渊深渊的深,收到张君雅送的丝袜了,[等级26],[粉丝团 Lv5]
2026-05-16 13:04:23,85958039602,星河🌌✨,骑马从上面跳下去会受伤吗,[等级23],[粉丝团 Lv5]
2026-05-16 13:04:26,1512542077459805,记得晒太阳,把那两个小姐姐说的做成特效，经常听听就很棒,[等级18],[粉丝团 Lv9]
2026-05-16 13:04:28,50666988323,林0310,喝口水,[等级25],[粉丝团 Lv4]
2026-05-16 13:04:29,52727051848,玫瑰,发生什么了？？？？,[等级30],[粉丝团 Lv8]
2026-05-16 13:04:29,1226692695440574,0,到点了，该去所里办事了吧,[等级20],[粉丝团 Lv7]
2026-05-16 13:04:29,3507858529089792,董萍萍是猪,尿尿去了[捂脸],,
2026-05-16 13:04:29,104689996186,白蛮—之刃,算鸟算鸟,[等级33],[粉丝团 Lv8]
2026-05-16 13:04:35,1257437656002798,某某.,@i 她心情不好的时候话没这么密[看],[等级34],[粉丝团:张君雅 Lv16]
2026-05-16 13:04:35,3153052794098980,木木,骂得哪个主播,[等级7],
2026-05-16 13:04:36,69759582732,LY𓁷,啥丝袜,[等级23],
2026-05-16 13:04:36,65759302943,第三人称,@星河🌌✨ 马会,[等级9],[粉丝团 Lv11]
2026-05-16 13:04:36,2258848122937539,岁月沙漏,下播了继续找大妈去研究语言艺术,[等级13],[粉丝团 Lv6]
2026-05-16 13:04:37,2019147461952637,清风,不行，不能奖励他们[看],[等级19],
2026-05-16 13:04:38,60644041895,Ꮩ࿆Ꭵ࿆Ꮲ◎   ❁海❁,骂人都骂得这么可爱，牠们得多享受啊,[等级26],[粉丝团 Lv14]
2026-05-16 13:04:39,84793966478,俊俊✨,都知道是你谁也不敢开口乱说话啊,[等级19],
2026-05-16 13:04:40,109042802862,有点困,@星河🌌✨ 会,[等级14],
2026-05-16 13:04:42,1939157993129428,莓柿,不讲不讲[捂脸][捂脸][捂脸],[等级6],[粉丝团 Lv4]
2026-05-16 13:04:43,3320170005402967,ㅤY❧ᐝ,你下来让他吃两口草,[等级19],[粉丝团 Lv13]
2026-05-16 13:04:44,96261969310,酒醉人不归,人家开了小队聊天[捂脸],[等级15],[粉丝团 Lv10]
2026-05-16 13:04:44,8395632158909,郭叔,666,[等级9],[粉丝团 Lv8]
2026-05-16 13:04:44,109419284346,曾经的少年！曾经的你！！,一般窥屏抓主播的是有组织的，有的是别人雇佣的，不是那么简单的，因为君雅流量高，所以别人眼红了。,[等级24],[粉丝团 Lv14]
2026-05-16 13:04:46,110490267772,帖子,越骂他，越嘚瑟，打服他最好,[等级12],[粉丝团 Lv11]
2026-05-16 13:04:47,760490342493069,rph俱乐部,发生了什么[捂脸],[等级1],
2026-05-16 13:04:47,4387960396,天下任我行,你说我是大美女，谁愿意跟我说话,[等级12],
2026-05-16 13:04:48,97483321183,杰哥曼,主播怎么不去打架,[等级11],
2026-05-16 13:04:50,95542564163,阿乐。,卖丝袜的君雅,[等级25],[粉丝团 Lv11]
2026-05-16 13:04:51,4328098590118670,Superficial lady Y,都来找你了，估计都粉丝,[等级18],[粉丝团 Lv7]
2026-05-16 13:04:53,103161284102,时光🎣,这么高骑马下去会不会摔死,[等级18],[粉丝团 Lv10]
2026-05-16 13:04:56,3611234595246733,你这个小逗比啊,关直播，然后他们就窥不了屏了，你也不用上火了，完美解决方案,[等级8],
2026-05-16 13:04:58,52727051848,玫瑰,姐妹们发生什么了，我刚来不知道,[等级30],[粉丝团 Lv8]
2026-05-16 13:04:58,4416107241808414,气质I,谢宝庆啊谢宝庆,[等级27],[粉丝团 Lv4]
2026-05-16 13:05:00,3430895678660199,就要李_发财,人家一场直播挣你半个月工资，你还觉得自己行了？,[等级29],
2026-05-16 13:05:04,3967481098810589,朝暮²⁷⁷,今天所里没事[捂脸][捂脸][捂脸][呲牙][呲牙][呲牙],[等级31],
2026-05-16 13:05:04,99240303123,🔥影儿🔥,今天还拉不,[等级16],[粉丝团 Lv9]
2026-05-16 13:05:04,102160896882,年轻的国王,局哥他们呢,[等级6],
2026-05-16 13:05:06,97523528294,回首一回头,@时光🎣 不会,[等级20],[粉丝团 Lv15]
2026-05-16 13:05:06,3378144954030583,用户726,@杰哥曼 你怎么不刷礼物,[等级7],[粉丝团 Lv6]
2026-05-16 13:05:08,109042802862,有点困,@时光🎣 不会,[等级14],
2026-05-16 13:05:10,1640107378216685,哈哈啊,别跳   我害怕,[等级5],[粉丝团 Lv2]
2026-05-16 13:05:10,102795137699,🚬ಇ᭄烟࿆ྃ似寂寞໊酒似愁࿐，,丝袜有黑丝吗[捂脸],[等级13],[粉丝团 Lv9]
2026-05-16 13:05:12,68197931335,神秘人六阶,君雅,[等级23],
2026-05-16 13:05:12,1947978329753758,小满妈妈,站在这里就像夜王,[等级13],[粉丝团 Lv10]
2026-05-16 13:05:14,71126905166,抖音小肋手,@时光🎣 不会，昨天老黑就跳下去啦,[等级11],[粉丝团 Lv10]
2026-05-16 13:05:15,4503658257446344,🥐cornetto,@曾经的少年！曾经的你！！ 起码五六个人,[等级41],[粉丝团 Lv6]
2026-05-16 13:05:16,55159220102,BWRZ（记录美好）,@杰哥曼 运营啊,[等级36],[粉丝团 Lv16]
2026-05-16 13:05:16,102028794518,用户110524,@你这个小逗比啊 开直播又不是给你看的,[等级19],[粉丝团 Lv6]
2026-05-16 13:05:17,93316149550,七七💋,@玫瑰 去看回放,[等级27],
2026-05-16 13:05:17,4415246605487588,🍉贩卖冰淇林,昨天晚上打   掉人老快了，第1个圈刷完就剩30多个了。,[等级13],
2026-05-16 13:05:19,1560954851308167,壹壹呀一一🍒,局哥晚上,[等级7],[粉丝团 Lv10]
2026-05-16 13:05:20,7617362959212069946,用户7731626224276,开延迟了,,
2026-05-16 13:05:23,1239897172612587,天义⁹⁰¹,跳舞就很气人[捂脸],[等级32],[粉丝团 Lv9]
2026-05-16 13:05:23,62467530775,平安.😼,2号在干拉,[等级23],[粉丝团 Lv8]
2026-05-16 13:05:25,73647036676,捣蛋熊,@你这个小逗比啊 关了我看啥,[等级20],[粉丝团 Lv12]
2026-05-16 13:05:25,4215957197431401,红桃♥️J,@你这个小逗比啊 关了，我们看啥[捂脸],[等级9],[粉丝团 Lv10]
2026-05-16 13:05:26,2772306648634416,也是老徐,[捂脸][捂脸][捂脸],[等级6],[粉丝团 Lv4]
2026-05-16 13:05:26,73569757746,小丑鱼,组队深16扑17孤痞18,[等级9],[粉丝团 Lv9]
2026-05-16 13:05:27,69894844197,@谭二旺,爱播带2号吧,[等级32],[粉丝团 Lv10]
2026-05-16 13:05:27,76709520672,轧尕有活,窥子耽误主播正常直播节奏，说白了就是你耽误别人正常工作，窥子你觉得合适么,[等级26],[粉丝团 Lv15]
2026-05-16 13:05:27,68422483360,深情不及久伴,@伱还有遗憾吗. ?她中午单人路匹，你还是个粉丝灯牌的有不是看一天两天了吧，怎么问出这种话来的?,[等级25],[粉丝团 Lv11]
2026-05-16 13:05:27,1925968538904128,城堡,老黑，,[等级11],[粉丝团 Lv3]
2026-05-16 13:05:29,675565253167116,打一把吗 小宁🐻‍❄️,你敢跳下去吗,[等级9],[粉丝团 Lv1]
2026-05-16 13:05:29,104622085339,滩羊🐏,哪里人，大美女,[等级6],
2026-05-16 13:05:31,3611234595246733,你这个小逗比啊,关直播，然后他们就窥不了屏了，你也不用上火了，完美解决方案,[等级8],
2026-05-16 13:05:31,3962290399874691,雨中漫步,怎么进直播间,[等级18],[粉丝团 Lv9]
2026-05-16 13:05:33,95627435468,小辉,可是我爱你啊,[等级21],
2026-05-16 13:05:33,4328098590118670,Superficial lady Y,@罗非余 你都没女人高，你敢跟女人见识吗,[等级18],[粉丝团 Lv7]
2026-05-16 13:05:33,1776458250852335,宁德装修-进口涂料线条毛毛,张君雅31岁了吧,[等级21],
2026-05-16 13:05:37,588937448401759,浮尘,你还有腰？？？[捂脸],[等级34],[粉丝团 Lv7]
2026-05-16 13:05:37,105076731771,钟期,干他,[等级22],[粉丝团 Lv2]
2026-05-16 13:05:37,77385139418,🤠,该去所里办事了,[等级19],
2026-05-16 13:05:39,2939415147321803,🌈🌈✨✨@好运连连✨✨,公主病,[等级11],
2026-05-16 13:05:39,2008152259705040,汉、歼的审判者,@师兄 [抱抱你][抱抱你][抱抱你],[等级15],[粉丝团 Lv12]
2026-05-16 13:05:40,65759302943,第三人称,@你这个小逗比啊 人才,[等级9],[粉丝团 Lv11]
2026-05-16 13:05:41,3367119101376588,又赢了,先去拉💩，,[等级4],[粉丝团 Lv4]
2026-05-16 13:05:42,79150935059,你爱的皇阿玛,你以后去偷人别人也要骂你,[等级9],[粉丝团 Lv8]
2026-05-16 13:05:42,2858358405342999,徒步新疆🇨🇳²⁰²⁶,那个主播打君雅的,[等级18],[粉丝团 Lv10]
2026-05-16 13:05:46,1776458250852335,宁德装修-进口涂料线条毛毛,张君雅是不是31岁？,[等级21],
2026-05-16 13:05:47,102028794518,用户110524,@你这个小逗比啊 别刷屏了，找点事干吧你,[等级19],[粉丝团 Lv6]
2026-05-16 13:05:48,83221230383,小胡121212,被人看直播间贴脸抓了,[等级12],[粉丝团 Lv2]
2026-05-16 13:05:49,106062585962,寒望绥宁·云川,这什么游戏,[等级27],
2026-05-16 13:05:52,2665697062160392,哈喽啊啊额个,都一起抓张老黑啊[捂脸],[等级11],
2026-05-16 13:05:53,73647036676,捣蛋熊,@宁德装修-进口涂料线条毛毛 没有吧,[等级20],[粉丝团 Lv12]
2026-05-16 13:05:54,99961872378,如意hgjgfg,41了,[等级21],
2026-05-16 13:05:54,1207692186367642,〆,跳下去人会不会摔死,[等级7],
2026-05-16 13:05:56,97139351243,瑶不起ིྀ,支持,[等级18],[粉丝团 Lv11]
2026-05-16 13:05:57,3117857857342636,一搓一蹦跶,今天不去所里了[捂脸],[等级33],[粉丝团 Lv3]
2026-05-16 13:05:57,2233801836346472,玉龙第三国的夜车,君雅语录还是挺牛逼的[捂脸],[等级7],[粉丝团 Lv7]
2026-05-16 13:05:59,72283057478,寻道第一猛男,这是 真破防了  现在还在嘀咕,[等级12],
2026-05-16 13:06:01,72571847526,💘,跳一下看看马腿能摔坏不,[等级19],[粉丝团 Lv11]
2026-05-16 13:06:01,53200627501,藤井树树啊,我们帮老黑喷！ ！,[等级20],[粉丝团 Lv4]
2026-05-16 13:06:02,1354201907597575,总有刁民要害朕,进圈搞空头,[等级23],[粉丝团 Lv7]
2026-05-16 13:06:02,105745183035,盗帅,谁要是当你老公这辈子有福了,[等级28],
2026-05-16 13:06:04,2243456699734920,•逃跑计划•,这时候了 格局呢胸怀呢，得拉出来呀,[等级6],
2026-05-16 13:06:04,102254863371,了了,此一时彼一时而已啦,[等级5],
2026-05-16 13:06:07,51782197378,爱哭的鱼…,必须当场报，乳腺通畅,[等级34],[粉丝团:张君雅 Lv15]
2026-05-16 13:06:07,8395632158909,郭叔,站在这的气场绝了,[等级9],[粉丝团 Lv8]
2026-05-16 13:06:08,87797456056,菌,马儿瘸了,[等级20],
2026-05-16 13:06:08,105351975538,米苏🍊,没毛病，不能懦弱,[等级19],
2026-05-16 13:06:08,98839716639,师兄,牛掰啊,[等级32],[粉丝团 Lv4]
2026-05-16 13:06:08,1735504660794923,一卓,偷人可以啊，别窥屏偷啊,[等级10],[粉丝团 Lv8]
2026-05-16 13:06:09,98456920119,冰糖雪莉汁,18岁,[等级13],
2026-05-16 13:06:10,62979936380,小刁,我恐高啊,[等级6],[粉丝团 Lv6]
2026-05-16 13:06:14,2782225270309235,问心,这招叫王从天降,[等级13],[粉丝团 Lv8]
2026-05-16 13:06:14,4503658257446344,🥐cornetto,好啦好啦不气啦,[等级41],[粉丝团 Lv6]
2026-05-16 13:06:15,3342113759038205,走走,都一样[捂脸],[等级10],
2026-05-16 13:06:17,949576118315152,打铁匠🌈,二十七八吧,[等级7],[粉丝团 Lv3]
2026-05-16 13:06:19,4233546532927219,🉑🈶🉑🈚,这都没摔死？,[等级20],[粉丝团 Lv10]
2026-05-16 13:06:21,67173533157,呵忒（髋关节三期保守中）,大家都喷我，把霉运给我喷走，让我腿快点好[比心][比心][比心][玫瑰][玫瑰][玫瑰][玫瑰][玫,[等级26],[粉丝团 Lv10]
2026-05-16 13:06:21,93316149550,七七💋,还没人抓吗[捂脸],[等级27],
2026-05-16 13:06:21,1776458250852335,宁德装修-进口涂料线条毛毛,起码28岁,[等级21],
2026-05-16 13:06:23,1075773400438494,还会再见吗,老马每天都体验这个,[等级2],[粉丝团 Lv5]
2026-05-16 13:06:25,764858599219059,⭐️人王疋虫⭐️⁵¹⁰⁷⁴,爱播就是费马[捂脸][捂脸],[等级34],[粉丝团 Lv16]
2026-05-16 13:06:25,1207692186367642,〆,才摔一半血,[等级7],
2026-05-16 13:06:26,96837475970,公子世无双,别惹，敢惹她现场真刀真枪的跟你干,[等级25],[粉丝团 Lv10]
2026-05-16 13:06:27,105413483630,永恒♡,恐高啊，别搞,[等级24],[粉丝团 Lv9]
2026-05-16 13:06:27,1262683587609187,蜗牛国度,找到了飞行的感觉,[等级3],[粉丝团 Lv2]
2026-05-16 13:06:29,102748821674,一张白纸,队友咋不跟你玩？,[等级17],[粉丝团 Lv8]
2026-05-16 13:06:29,51996247342,闷葫芦,对嫂子好点,[等级14],
2026-05-16 13:06:31,73569757746,小丑鱼,她真能骂一个下午,[等级9],[粉丝团 Lv9]
2026-05-16 13:06:31,3962290399874691,雨中漫步,张君雅真牛逼[赞][赞][赞],[等级18],[粉丝团 Lv9]
2026-05-16 13:06:31,2687681280871060,夏天带你去旅游,君姐，你用的是什么耳机，能不能推荐一下,,
2026-05-16 13:06:33,1776458250852335,宁德装修-进口涂料线条毛毛,最少28,[等级21],
2026-05-16 13:06:34,4265726784049283,文钦,@•逃跑计划• 拉你当乐山大佛可以吗？,[等级8],[粉丝团 Lv7]
2026-05-16 13:06:35,83221230383,小胡121212,自己好好打游戏不好吗，非得过来找存在感，完了还在哪里洋洋自得,[等级12],[粉丝团 Lv2]
2026-05-16 13:06:36,102795137699,🚬ಇ᭄烟࿆ྃ似寂寞໊酒似愁࿐，,丝袜（黑丝上车）,[等级13],[粉丝团 Lv9]
2026-05-16 13:06:39,75381180213,阳光彩虹小白马,[戳手手]她32岁了,[等级12],
2026-05-16 13:06:41,1689329904654509,仔⁸ 仔⁸,给马吃点蒜苔补补,[等级10],[粉丝团 Lv6]
2026-05-16 13:06:45,521642863761721,臭鱼,不要被黑子臆想心情,[等级1],
2026-05-16 13:06:47,95009056904,道真家电清洗维修安装,马脚杆都断了,[等级15],
2026-05-16 13:06:48,1776458250852335,宁德装修-进口涂料线条毛毛,32差不多,[等级21],
2026-05-16 13:06:49,67173533157,呵忒（髋关节三期保守中）,大家都喷我，把霉运给我喷走，让我腿快点好了可以打游戏[比心][比心][比心][玫瑰][玫瑰],[等级26],[粉丝团 Lv10]
2026-05-16 13:06:49,68422483360,深情不及久伴,@•逃跑计划• 你钱给我啊，你要有格局有胸怀啊,[等级25],[粉丝团 Lv11]
2026-05-16 13:06:55,8395632158909,郭叔,惹谁别惹张老黑,[等级9],[粉丝团 Lv8]
2026-05-16 13:06:55,103161284102,时光🎣,头晕晕,[等级18],[粉丝团 Lv10]
2026-05-16 13:06:55,109419284346,曾经的少年！曾经的你！！,点点赞点点赞点点赞，干到100万，干干起,[等级24],[粉丝团 Lv14]
2026-05-16 13:06:55,93944839374,何先生,又不喜欢喂马的人，老是摔马，两下摔死个屁了,[等级19],[粉丝团 Lv10]
2026-05-16 13:06:57,55159220102,BWRZ（记录美好）,我爱播很控制了[看],[等级36],[粉丝团 Lv16]
2026-05-16 13:06:57,67572264852,PowerBank,昨晚就从天而降了,[等级4],
2026-05-16 13:07:02,3962290399874691,雨中漫步,发个福利,[等级18],[粉丝团 Lv9]
2026-05-16 13:07:03,103053890203,开心丶,两发就倒这弓箭,[等级25],
2026-05-16 13:07:06,55159220102,BWRZ（记录美好）,这才骂多少[看],[等级36],[粉丝团 Lv16]
2026-05-16 13:07:06,99240303123,🔥影儿🔥,拉去了,[等级16],[粉丝团 Lv9]
2026-05-16 13:07:12,67173533157,呵忒（髋关节三期保守中）,大家都喷我，把霉运给我喷走，让我腿快点好了可以打游戏[比心][比心][比心][玫瑰][玫瑰],[等级26],[粉丝团 Lv10]
2026-05-16 13:07:13,93327118568,挽ㅤ,？？,[等级22],
2026-05-16 13:07:14,931979993298120,1.,哈哈哈哈,[等级2],
2026-05-16 13:07:14,52727051848,玫瑰,？,[等级30],[粉丝团 Lv8]
2026-05-16 13:07:15,4503658257446344,🥐cornetto,不对啊  抓你的玩匹配多久才能遇到你,[等级41],[粉丝团 Lv6]
2026-05-16 13:07:16,4328098590118670,Superficial lady Y,哈哈,[等级18],[粉丝团 Lv7]
2026-05-16 13:07:16,61625624905,几何,哈哈哈哈哈哈,[等级28],[粉丝团 Lv10]
2026-05-16 13:07:16,3514466180274228,瑾,[捂脸][捂脸][捂脸],[等级32],[粉丝团 Lv15]
2026-05-16 13:07:16,109042802862,有点困,吓我一跳,[等级14],
2026-05-16 13:07:16,3325352426351198,你也很难释怀么,？,[等级19],
2026-05-16 13:07:16,1257437656002798,某某.,哈哈哈哈哈哈哈哈,[等级34],[粉丝团:张君雅 Lv16]
2026-05-16 13:07:16,102200676908,此刻,[微笑],[等级19],
2026-05-16 13:07:17,3087857021107373,碇真嗣,[捂脸][捂脸][捂脸],[等级6],[粉丝团 Lv1]
2026-05-16 13:07:17,69268051905,ᑋᵉᑊᑊᵒ妞,[捂脸][捂脸][捂脸],[等级12],[粉丝团 Lv6]
2026-05-16 13:07:17,61228864570,Adventure- EE,我去,[等级32],[粉丝团 Lv4]
2026-05-16 13:07:17,4085403482857084,呆咩,？,[等级13],[粉丝团 Lv10]
2026-05-16 13:07:17,97600677185,晓乔治ovo,？？？,[等级38],[粉丝团 Lv13]
2026-05-16 13:07:18,105413483630,永恒♡,啥啊,[等级24],[粉丝团 Lv9]
2026-05-16 13:07:18,3831133893840103,Miyu,到天庭了,[等级2],
2026-05-16 13:07:18,60481033924,🌊🌊,？,[等级29],[粉丝团 Lv10]
2026-05-16 13:07:18,101277257606,风的影子🧸,？？,[等级42],[粉丝团 Lv11]
2026-05-16 13:07:18,2515331991211789,jiojio 牌惠灵顿,[捂脸][捂脸][捂脸][捂脸],[等级22],[粉丝团 Lv10]
2026-05-16 13:07:18,102028794518,用户110524,啥,[等级19],[粉丝团 Lv6]
2026-05-16 13:07:18,53270331610,秃头小番茄🍅,哈哈哈哈,[等级24],
2026-05-16 13:07:18,97705467114,ジ晴宝🩷,吓一跳,[等级25],[粉丝团 Lv12]
2026-05-16 13:07:18,2221489133718928,狼牙九号,你们讨论人家的岁数干嘛，这是对雅君的不尊重,[等级7],
2026-05-16 13:07:19,97523528294,回首一回头,？？？,[等级20],[粉丝团 Lv15]
2026-05-16 13:07:19,71820339446,LLLIS777,？,[等级10],
2026-05-16 13:07:20,56505883242,Fara,？？！？,[等级15],[粉丝团 Lv12]
2026-05-16 13:07:20,65759302943,第三人称,哎吆我去,[等级9],[粉丝团 Lv11]
2026-05-16 13:07:20,3795156287621927,拾欢,[捂脸],[等级15],[粉丝团 Lv13]
2026-05-16 13:07:20,71291098985,🌈在花果山给猴喂猪饲料,[捂脸][捂脸][捂脸][捂脸],[等级16],[粉丝团 Lv13]
2026-05-16 13:07:20,7614495429729027130,你霉柿吧˚.🧸,[捂脸],[等级7],[粉丝团 Lv9]
2026-05-16 13:07:20,66446438256,🐮🐰,？？,[等级10],[粉丝团 Lv8]
2026-05-16 13:07:20,62467530775,平安.😼,[看][看][看],[等级23],[粉丝团 Lv8]
2026-05-16 13:07:20,4112604411736253,兔粉妆,[捂脸][捂脸][捂脸],[等级15],[粉丝团 Lv10]
2026-05-16 13:07:20,80383016930,零度°C 冰川⁵¹⁰⁷⁴,[捂脸][捂脸][捂脸],[等级11],[粉丝团 Lv11]
2026-05-16 13:07:20,3949062634087486,晞和,[捂脸],[等级9],[粉丝团 Lv10]
2026-05-16 13:07:20,2235736310940796,🫛🫛,[捂脸][捂脸]，啥声音,[等级16],[粉丝团 Lv10]
2026-05-16 13:07:20,91697881893,✨蜜蜜蜜蜜✨,[捂脸][捂脸][捂脸],[等级30],[粉丝团 Lv11]
2026-05-16 13:07:20,92461848227,煜,哈哈哈哈哈哈哈,[等级13],[粉丝团 Lv11]
2026-05-16 13:07:21,99129260350,杰博西全屋定制,？,[等级13],[粉丝团 Lv11]
2026-05-16 13:07:21,2395184081945055,忙里偷闲⁵¹⁰⁷⁴,？,[等级29],[粉丝团 Lv15]
2026-05-16 13:07:21,68359033340,满满,哈哈哈哈哈哈哈哈,[等级11],[粉丝团 Lv7]
2026-05-16 13:07:21,1560954851308167,壹壹呀一一🍒,哈哈哈哈哈哈哈哈哈哈哈,[等级7],[粉丝团 Lv10]
2026-05-16 13:07:22,2605165543963572,KKyy,[看],[等级3],[粉丝团 Lv2]
2026-05-16 13:07:22,2111507851127823,天青色等烟雨,如来佛音,[等级12],[粉丝团 Lv5]
2026-05-16 13:07:22,4493038328221434,宽窄.,[捂脸],[等级24],[粉丝团 Lv5]
2026-05-16 13:07:22,4204952027144647,老鼠爱大米@,[发呆],[等级24],[粉丝团 Lv12]
2026-05-16 13:07:22,94398492035,来世做你帐上妖,[捂脸][捂脸][捂脸],[等级12],[粉丝团 Lv11]
2026-05-16 13:07:22,380881911154506,｛千城墨白｝,吓死我了,[等级7],[粉丝团 Lv9]
2026-05-16 13:07:22,70421014611,免打扰～,[捂脸][捂脸],[等级22],[粉丝团 Lv11]
2026-05-16 13:07:22,50765593559,Bunny,来自天堂的声音,[等级19],[粉丝团 Lv8]
2026-05-16 13:07:22,383061949164483,我布次蒜,阴间,[等级15],[粉丝团 Lv10]
2026-05-16 13:07:22,52727051848,玫瑰,吓我一跳,[等级30],[粉丝团 Lv8]
2026-05-16 13:07:22,1904811667359011,筠,？,[等级17],[粉丝团 Lv12]
2026-05-16 13:07:22,96155127862,糖🍬,哈哈哈哈,[等级18],[粉丝团 Lv12]
2026-05-16 13:07:23,105614299326,潵z悾尐誋憶,？,[等级15],[粉丝团 Lv11]
2026-05-16 13:07:23,88497751116,喝碗甜粥.,我勒个豆,[等级25],[粉丝团 Lv11]
2026-05-16 13:07:23,58907206250,文文oil呀！🙈,哈哈哈,[等级11],[粉丝团 Lv10]
2026-05-16 13:07:23,59907301569,大蒜蒜,佛祖来了,[等级11],[粉丝团 Lv9]
2026-05-16 13:07:23,73647036676,捣蛋熊,哈哈哈,[等级20],[粉丝团 Lv12]
2026-05-16 13:07:23,3380319399706888,喵🐾媚娘,[捂脸]声卡又咋了,[等级23],[粉丝团 Lv12]
2026-05-16 13:07:23,107908151462,𝓙𝓸𝓬𝓮𝓵𝔂𝓷,哈哈哈哈哈,[等级5],
2026-05-16 13:07:23,1367445777424910,Eucalyptus 🐸,？,[等级24],[粉丝团 Lv14]
2026-05-16 13:07:23,99635116485,十二之余生,[捂脸][捂脸][捂脸],[等级11],[粉丝团 Lv6]
2026-05-16 13:07:23,4503658257446344,🥐cornetto,？,[等级41],[粉丝团 Lv6]
2026-05-16 13:07:23,73037946975,↞七💫の🌧＊,空灵,[等级14],[粉丝团 Lv11]
2026-05-16 13:07:24,2717628635552872,零颜☀️,哈哈哈,[等级33],[粉丝团 Lv10]
2026-05-16 13:07:24,11805950518,深情（张君雅助理）,你开什么混响[捂脸][捂脸][捂脸],[等级39],[粉丝团:张君雅 Lv18]
2026-05-16 13:07:24,55159220102,BWRZ（记录美好）,你要广播吗[懵][懵][懵],[等级36],[粉丝团 Lv16]
2026-05-16 13:07:24,71611005606,W.󰠇,哈哈哈哈,[等级16],[粉丝团 Lv4]
2026-05-16 13:07:24,3729957861197940,重生之我在茶小仙摇奶茶,天庭,[等级6],
2026-05-16 13:07:24,835235511810592,-1%,好空灵的声音,[等级18],[粉丝团 Lv12]
2026-05-16 13:07:24,83645562268,風裡藏著溫柔,吓我一跳,[等级9],[粉丝团 Lv11]
2026-05-16 13:07:24,73459388873,sun璃瑛,幽灵,[等级22],[粉丝团 Lv3]
2026-05-16 13:07:25,3087857021107373,碇真嗣,给我干哪来了,[等级6],[粉丝团 Lv1]
2026-05-16 13:07:25,61988075528,王者荣耀法师妲己,混响了,[等级7],
2026-05-16 13:07:25,80950817911,锋,吓死,[等级14],[粉丝团 Lv11]
2026-05-16 13:07:25,78501427785,W🧸,我还以为观音来了,[等级19],
2026-05-16 13:07:25,1736829381905783,H…,天庭麦,[等级17],[粉丝团 Lv11]
2026-05-16 13:07:25,254703843934807,老恭,老黑今年有18岁了吗,[等级16],[粉丝团 Lv10]
2026-05-16 13:07:25,2605165543963572,KKyy,偷袭,[等级3],[粉丝团 Lv2]
2026-05-16 13:07:25,104514705176,伊芙琳主义,[捂脸],[等级11],[粉丝团 Lv10]
2026-05-16 13:07:26,2632652182265917,糯米,我还以为是如来佛祖,[等级2],
2026-05-16 13:07:26,4416107241808414,气质I,吓我一跳,[等级27],[粉丝团 Lv4]
2026-05-16 13:07:26,75956341032,唯一,天堂的声音[捂脸],[等级16],[粉丝团 Lv10]
2026-05-16 13:07:26,102028794518,用户110524,啥声音,[等级19],[粉丝团 Lv6]
2026-05-16 13:07:26,4427111626975129,重卡差速器大全,真成大佛了,[等级4],
2026-05-16 13:07:26,1075773400438494,还会再见吗,吓我一跳,[等级2],[粉丝团 Lv5]
2026-05-16 13:07:27,2814337929469783,睚眦,[捂脸]好空旷,[等级10],[粉丝团 Lv9]
2026-05-16 13:07:27,104730763610,也曾有梦。,上天庭了[捂脸],[等级16],[粉丝团 Lv6]
2026-05-16 13:07:27,103175322492,潮男衣品,如来佛祖来了,[等级10],[粉丝团 Lv3]
2026-05-16 13:07:27,67862230314,别动,吓死人，以为有鬼,[等级8],[粉丝团 Lv4]
2026-05-16 13:07:27,67125700829,我要蘸豆,怎么有hunxiang,[等级13],
2026-05-16 13:07:27,1231906993346727,起床困难户@,开混响了,[等级11],[粉丝团 Lv10]
2026-05-16 13:07:28,97600677185,晓乔治ovo,[捂脸][捂脸][捂脸],[等级38],[粉丝团 Lv13]
2026-05-16 13:07:28,61772282639,🦄潇洒的茂茂哥💋,[发呆],[等级32],[粉丝团 Lv11]
2026-05-16 13:07:28,71611005606,W.󰠇,这是啥,[等级16],[粉丝团 Lv4]
2026-05-16 13:07:28,844841589997320,L--,差点升天,[等级7],
2026-05-16 13:07:28,2172230942856775,陈七一,什么声音,[等级11],[粉丝团 Lv6]
2026-05-16 13:07:28,1714837292058188,asdfghjklwxq,我靠吓我一跳,[等级11],[粉丝团 Lv8]
2026-05-16 13:07:28,71533879276,懒得起名字,[捂脸][捂脸][捂脸][捂脸][捂脸],[等级15],[粉丝团 Lv8]
2026-05-16 13:07:28,70459434124,刚刚好゛,这是要唱歌吗,[等级22],
2026-05-16 13:07:28,3170620489077117,来都来了,佛祖在讲话,[等级15],
2026-05-16 13:07:28,931979993298120,1.,笑死我了,[等级2],
2026-05-16 13:07:29,103106480192,🌈听风吟何处,升天了？,[等级31],[粉丝团 Lv11]
2026-05-16 13:07:29,3361669743913258,信命,[发呆][发呆][发呆],,
2026-05-16 13:07:29,96527816039,Bye吳小寶,老黑道歉，吓我一跳,[等级37],[粉丝团 Lv10]
2026-05-16 13:07:29,111480308764,锦程,艹吓我一跳,[等级31],[粉丝团 Lv15]
2026-05-16 13:07:29,65767160127,琬渝,哈哈哈哈哈，吓死我了，我以为灵魂出窍了,[等级21],[粉丝团 Lv13]
2026-05-16 13:07:29,3406705907740807,何爱华（承蒙厚爱）,[捂脸][捂脸][捂脸],[等级22],[粉丝团 Lv12]
2026-05-16 13:07:29,103165243757,A开心就好,我以为有鬼呢,[等级12],[粉丝团 Lv11]
2026-05-16 13:07:29,4340475985660060,是yan不是颜,高歌一曲,[等级14],
2026-05-16 13:07:30,97139351243,瑶不起ིྀ,什么声音我到天堂了吗,[等级18],[粉丝团 Lv11]
2026-05-16 13:07:31,1991964883692444,情商☞零♋️,回响打开了,[等级28],[粉丝团 Lv11]
2026-05-16 13:07:31,2258848122937539,岁月沙漏,开始K歌模式,[等级13],[粉丝团 Lv6]
2026-05-16 13:07:31,3203333750525352,白眉鹰王,哈哈，村里广播吗,,
2026-05-16 13:07:31,110853008719,！,突破了[捂脸][捂脸][捂脸],[等级26],
2026-05-16 13:07:31,64124242405,Dreamer,开混响了,,
2026-05-16 13:07:31,98286879051,Mister.Li 🐾,灵魂出窍了,[等级3],[粉丝团 Lv2]
2026-05-16 13:07:31,73347898863,琼6270,哈哈哈,[等级8],[粉丝团 Lv9]
2026-05-16 13:07:31,2950740333835965,醒必静（重生版),快点补了去吃空投,[等级30],[粉丝团 Lv15]
2026-05-16 13:07:31,3639858395358916,花落倾城季微凉6245,哈哈哈哈,[等级1],
2026-05-16 13:07:31,3723397241514860,欺侮老头,要唱歌啊,,
2026-05-16 13:07:31,2739607744034852,可爱PUPPY,感觉从天庭发出的声音,[等级8],[粉丝团 Lv6]
2026-05-16 13:07:32,523794622200814,南瓜瓤瓤,开启卡拉ok模式,[等级2],[粉丝团 Lv2]
2026-05-16 13:07:32,92818652224,小二哥,主播住800平房子,[等级17],[粉丝团 Lv10]
2026-05-16 13:07:32,93902332860,沐兮ツ,咋还开回响,[等级15],[粉丝团 Lv12]
2026-05-16 13:07:32,104689996186,白蛮—之刃,KT v音效都岀来了,[等级33],[粉丝团 Lv8]
2026-05-16 13:07:32,94350206893,神之手,差点以为麦炸了,[等级11],[粉丝团 Lv1]
2026-05-16 13:07:33,10369293973,卡門,叫你唱歌了,[等级12],[粉丝团 Lv12]
2026-05-16 13:07:33,63904071509,，,[看]升仙儿了好像 hhhh,[等级3],
2026-05-16 13:07:33,95885838957,༺小༒康༻ ⁵¹⁰⁷⁴,混响开了[捂脸],[等级21],[粉丝团 Lv15]
2026-05-16 13:07:33,96261969310,酒醉人不归,声卡想唱歌了[捂脸],[等级15],[粉丝团 Lv10]
2026-05-16 13:07:33,75388306795,咖啡不加糖,你这个麦跟天音一样,,
2026-05-16 13:07:33,1257437656002798,某某.,到天庭了,[等级34],[粉丝团:张君雅 Lv16]
2026-05-16 13:07:33,1478159719214247,热心村民,天庭。,[等级15],[粉丝团 Lv8]
2026-05-16 13:07:33,63205018385,匠人,上天堂了？,[等级15],[粉丝团 Lv11]
2026-05-16 13:07:33,14077802268,娇生惯养的大馋丫头,刚刚好像听到村里的喇叭响了,[等级16],[粉丝团 Lv4]
2026-05-16 13:07:34,1280305470645079,冷大歡,笑死,[等级5],[粉丝团 Lv4]
2026-05-16 13:07:34,1560954851308167,壹壹呀一一🍒,空气敢拉满,[等级7],[粉丝团 Lv10]
2026-05-16 13:07:35,2172229561625960,好嗨哟,[捂脸][捂脸][捂脸][捂脸]卡拉OK,[等级25],[粉丝团 Lv13]
2026-05-16 13:07:35,2610672600100236,半醉半醒,有点阴间,[等级3],[粉丝团 Lv3]
2026-05-16 13:07:35,1512542077459805,记得晒太阳,谁踢音响了,[等级18],[粉丝团 Lv9]
2026-05-16 13:07:35,109920079885,黄金珍奶巧克力,[捂脸][捂脸][捂脸][捂脸],[等级20],
2026-05-16 13:07:36,92461848227,煜,好遥远的声音,[等级13],[粉丝团 Lv11]
2026-05-16 13:07:36,2113722918903375,无语耶耶不酱,天堂发声,[等级11],[粉丝团 Lv3]
2026-05-16 13:07:36,98148467589,值得,啥[发呆][发呆][发呆][发呆],[等级11],[粉丝团 Lv2]
2026-05-16 13:07:37,102184900243,耽梦,天庭了,[等级5],[粉丝团 Lv6]
2026-05-16 13:07:37,93316149550,七七💋,到天庭了吗,[等级27],
2026-05-16 13:07:37,96005113653,山海声,啥情况到灵山了,[等级23],[粉丝团 Lv6]
2026-05-16 13:07:37,71291098985,🌈在花果山给猴喂猪饲料,从天庭传来的声音[捂脸][捂脸][捂脸],[等级16],[粉丝团 Lv13]
2026-05-16 13:07:38,837187737750538,大A不赚钱,玉帝哥哥,,
2026-05-16 13:07:38,3438921414351399,淡泊·明智,要唱歌吗,[等级15],[粉丝团 Lv11]
2026-05-16 13:07:38,94350206893,神之手,耳机差点以为炸了,[等级11],[粉丝团 Lv1]
2026-05-16 13:07:39,1736829381905783,H…,这天庭麦,[等级17],[粉丝团 Lv11]
2026-05-16 13:07:39,99240303123,🔥影儿🔥,在爬,[等级16],[粉丝团 Lv9]
2026-05-16 13:07:39,70508993197,ZZ .,哈哈哈哈哈哈到天庭了,[等级13],[粉丝团 Lv12]
2026-05-16 13:07:39,37802165149496,张球球,云霄宝殿[捂脸],[等级5],[粉丝团 Lv9]
2026-05-16 13:07:40,76328611177,派大星,吓我一跳,[等级21],[粉丝团 Lv9]
2026-05-16 13:07:41,104341317423,赞,幸好不是晚上,[等级28],[粉丝团 Lv8]
2026-05-16 13:07:42,73347898863,琼6270,突然这声音,[等级8],[粉丝团 Lv9]
2026-05-16 13:07:42,98683947939,这个人很懒,我去，突然变成乐山大佛了，,[等级2],[粉丝团 Lv2]
2026-05-16 13:07:42,75381180213,阳光彩虹小白马,[尴尬流汗]哎呦我去，山洞,[等级12],
2026-05-16 13:07:43,92818652224,小二哥,空旷一点正常,[等级17],[粉丝团 Lv10]
2026-05-16 13:07:43,1289063284090132,℡孟先森,我以为如来来了，,[等级2],
2026-05-16 13:07:43,4503658257446344,🥐cornetto,拔了  吓我一跳,[等级41],[粉丝团 Lv6]
2026-05-16 13:07:43,1256112565303898,喂猪啦,来到了天庭,,
2026-05-16 13:07:43,81838150256314,sky,怎么突然住隧道了,[等级5],[粉丝团 Lv7]
2026-05-16 13:07:44,96164221347,光子镖师,声卡被骂坏了[看],[等级25],[粉丝团 Lv15]
2026-05-16 13:07:45,2605165543963572,KKyy,天庭说话了,[等级3],[粉丝团 Lv2]
2026-05-16 13:07:45,3650791193714766,星辰ღ喵了个咪,吓我一跳，以为进语音厅了,[等级6],
2026-05-16 13:07:45,4221762087166973,拒绝刘亦菲18402次,老黑多高？,[等级4],[粉丝团 Lv2]
2026-05-16 13:07:45,3116439401673790,🪷紫运福气✨🌴💦🐲,从天而降的声音,[等级9],[粉丝团 Lv2]
2026-05-16 13:07:45,91697881893,✨蜜蜜蜜蜜✨,突然就空灵了,[等级30],[粉丝团 Lv11]
2026-05-16 13:07:47,1068343218674500,清淡,成仙了,[等级4],[粉丝团 Lv6]
2026-05-16 13:07:47,61625624905,几何,好像在天庭说话[捂脸],[等级28],[粉丝团 Lv10]
2026-05-16 13:07:47,104885423613,🌈朝廷的赈灾粮,瞎老子一跳，还以为老虎叫呢,[等级3],[粉丝团 Lv7]
2026-05-16 13:07:49,1987562844985852,红伞伞™,羽化飞升了[捂脸][捂脸],[等级33],[粉丝团 Lv12]
2026-05-16 13:07:50,3430895678660199,就要李_发财,有喜欢玩快乐八的没有？研究一组玩玩，别蛐蛐老黑了，,[等级29],
2026-05-16 13:07:51,94350206893,神之手,吓了一跳我,[等级11],[粉丝团 Lv1]
2026-05-16 13:07:51,76586782344,Leo,是天堂吗,[等级6],
2026-05-16 13:07:55,98683947939,这个人很懒,乐山大佛,[等级2],[粉丝团 Lv2]
2026-05-16 13:07:57,102932638877,健康康,@听晚安 丶？′,[等级4],
2026-05-16 13:07:58,62467530775,平安.😼,房子太大了，没办法家人们[看][看],[等级23],[粉丝团 Lv8]
2026-05-16 13:07:58,8395632158909,郭叔,开广播呀,[等级9],[粉丝团 Lv8]
2026-05-16 13:07:58,501791385462590,用户1473129177694,千里传音,[等级4],
2026-05-16 13:08:00,2605165543963572,KKyy,说哎呀卧槽,[等级3],[粉丝团 Lv2]
2026-05-16 13:08:01,4503658257446344,🥐cornetto,你们那儿这几天打雷了吗,[等级41],[粉丝团 Lv6]
2026-05-16 13:08:01,61163235525,刚,下水道传来的声音,[等级7],
2026-05-16 13:08:01,690125102658323,黑猫@警长,昨天5箭灭了一队[赞][赞][赞],[等级24],[粉丝团 Lv12]
2026-05-16 13:08:04,2365795517868014,҈҉҈҉҈҉҈҉҈҉҈҉ဗီူ⸜⸝ဗီူ,[难过][九转大肠],[等级10],[粉丝团 Lv1]
2026-05-16 13:08:04,1776458250852335,宁德装修-进口涂料线条毛毛,老黑146高度,[等级21],
2026-05-16 13:08:04,71126905166,抖音小肋手,用刚才那个声音骂黑子，就搞笑啦[捂脸][捂脸][捂脸],[等级11],[粉丝团 Lv10]
2026-05-16 13:08:06,79588577534,眼镜-,厕所里玩的？,[等级15],
2026-05-16 13:08:06,1525712368189293,云间月落,@拒绝刘亦菲18402次 一米八,[等级12],[粉丝团 Lv11]
2026-05-16 13:08:07,2283034441943822,前女友骨灰压成筛子遇到难题帮我出鬼点子,张大佛,[等级10],[粉丝团 Lv7]
2026-05-16 13:08:08,103579276618,🌈浪,以为你去佛祖那里开会了。,[等级11],
2026-05-16 13:08:08,99372859314,启  夏,哈哈哈[捂脸]这声卡[捂脸],[等级25],[粉丝团 Lv15]
2026-05-16 13:08:09,3532111727821495,追求极致的手法与技术,@深情（张君雅助理） 你牛逼 我就说个大哥糊涂 你给我禁言了，劳资11级灯牌，已取关[赞],[等级4],
2026-05-16 13:08:09,96527816039,Bye吳小寶,道歉[看],[等级37],[粉丝团 Lv10]
2026-05-16 13:08:09,80950817911,锋,快睡着了！直接吓醒,[等级14],[粉丝团 Lv11]
2026-05-16 13:08:10,87797456056,菌,乐山大佛降临,[等级20],
2026-05-16 13:08:10,94350206893,神之手,佛祖来了，还是什么声音啊？,[等级11],[粉丝团 Lv1]
2026-05-16 13:08:11,1293483307448312,序言页,老张CP,[等级6],[粉丝团 Lv7]
2026-05-16 13:08:12,380881911154506,｛千城墨白｝,我罚哏的,[等级7],[粉丝团 Lv9]
2026-05-16 13:08:12,105413483630,永恒♡,我以为你跑我身后开麦了[捂脸],[等级24],[粉丝团 Lv9]
2026-05-16 13:08:12,78211964297,🌈新手上路🌈,老黑155,[等级14],[粉丝团 Lv11]
2026-05-16 13:08:13,1776458250852335,宁德装修-进口涂料线条毛毛,146,[等级21],
2026-05-16 13:08:15,103967558811,路人甲,老黑1米82,[等级13],[粉丝团 Lv3]
2026-05-16 13:08:16,98649144113,zy_Chen,天庭打法,[等级11],
2026-05-16 13:08:17,108117081071,浮生梦,[比心],[等级16],
2026-05-16 13:08:18,97600677185,晓乔治ovo,开了唱歌频道[捂脸],[等级38],[粉丝团 Lv13]
2026-05-16 13:08:20,111152566123,脆脆鲨🍍,天堂的声音[捂脸][捂脸][捂脸][捂脸][捂脸],[等级26],[粉丝团 Lv14]
2026-05-16 13:08:20,1776458250852335,宁德装修-进口涂料线条毛毛,没有155,[等级21],
2026-05-16 13:08:21,2353403465832910,兰,[捂脸]顶号上来骂黑子了哈哈,[等级21],[粉丝团 Lv5]
2026-05-16 13:08:22,73569757746,小丑鱼,黑雅骂到声卡的发热了[捂脸],[等级9],[粉丝团 Lv9]
2026-05-16 13:08:25,99012647060,扑,上把窥屏队  粤省少爷  苏九绾  铛饱   2KZ,[等级48],[粉丝团:张君雅 Lv20]
2026-05-16 13:08:25,1776458250852335,宁德装修-进口涂料线条毛毛,148差不多,[等级21],
2026-05-16 13:08:27,8395632158909,郭叔,老黑把ktv的音响打开了,[等级9],[粉丝团 Lv8]
2026-05-16 13:08:29,66446438256,🐮🐰,我以为我耳机出问题了[捂脸],[等级10],[粉丝团 Lv8]
2026-05-16 13:08:32,96527816039,Bye吳小寶,我滴妈，我刚刚都快睡着了  给我吓得一激灵[捂脸][捂脸],[等级37],[粉丝团 Lv10]
2026-05-16 13:08:35,87797456056,菌,包里没东西,[等级20],
2026-05-16 13:08:42,1600544354612030,悸野.,我以为我耳机问题[捂脸][捂脸],[等级18],
2026-05-16 13:08:42,2940533129357379,ㅤ小面,谁能请我吃个泡面啊  一天没吃饭了  求求了 让我干什么都行,[等级9],
2026-05-16 13:08:43,3081266249862527,糯米,腹语，千里传音,[等级5],[粉丝团 Lv6]
2026-05-16 13:08:47,102526063477,闊。,这队友东北人,[等级15],[粉丝团 Lv13]
2026-05-16 13:08:55,1525712368189293,云间月落,@ㅤ小面 那你别吃饭,[等级12],[粉丝团 Lv11]
2026-05-16 13:08:57,3729957861197940,重生之我在茶小仙摇奶茶,为什么只晚上和猫局打，喜欢看你俩一起打,[等级6],
2026-05-16 13:08:58,73133140989,行稳致远,[捂脸][捂脸][捂脸],[等级31],[粉丝团 Lv15]
2026-05-16 13:09:00,520528646119031,扑,就知道叫唤好歹吃个鸡,,
2026-05-16 13:09:02,97806080834,🚬ღ᭄辭ꦿ࿐,感谢老板,[等级21],[粉丝团 Lv15]
2026-05-16 13:09:03,63351976881,饼干,？？？,[等级32],[粉丝团 Lv10]
2026-05-16 13:09:08,68422483360,深情不及久伴,@追求极致的手法与技术 你11级灯牌在哪里,[等级25],[粉丝团 Lv11]
2026-05-16 13:09:12,2395184081945055,忙里偷闲⁵¹⁰⁷⁴,[捂脸],[等级29],[粉丝团 Lv15]
2026-05-16 13:09:13,8395632158909,郭叔,骂黑子的时候把它打开,[等级9],[粉丝团 Lv8]
2026-05-16 13:09:17,102200676908,此刻,[看][捂脸],[等级19],
2026-05-16 13:09:19,55159220102,BWRZ（记录美好）,@扑 ……🌚,[等级36],[粉丝团 Lv16]
2026-05-16 13:09:20,71126905166,抖音小肋手,[捂脸],[等级11],[粉丝团 Lv10]
2026-05-16 13:09:22,2005142166316856,fgg,？？？,[等级8],[粉丝团 Lv4]
2026-05-16 13:09:22,107662442756,老曾⁶¹⁷,？,[等级19],[粉丝团 Lv11]
2026-05-16 13:09:24,3532111727821495,追求极致的手法与技术,@深情不及久伴 大号,[等级4],
2026-05-16 13:09:25,2008152259705040,汉、歼的审判者,@一二三四 [抱抱你][抱抱你][抱抱你][抱抱你][抱抱你][抱抱你],[等级15],[粉丝团 Lv12]
2026-05-16 13:09:26,690125102658323,黑猫@警长,@一二三四 老板大气，祝老板一胎生10个儿子[赞][赞][赞][赞],[等级24],[粉丝团 Lv12]
2026-05-16 13:09:27,3795156287621927,拾欢,[捂脸],[等级15],[粉丝团 Lv13]
2026-05-16 13:09:27,73569757746,小丑鱼,如来君雅,[等级9],[粉丝团 Lv9]
2026-05-16 13:09:30,87797456056,菌,明明就是没东西拿,[等级20],
2026-05-16 13:09:31,61861982355,๑҉ W·Oct¹⁸Libra🤍,对；最好的张君雅[捂脸],[等级19],[粉丝团 Lv12]
2026-05-16 13:09:32,104471040370,只攻不防实力不详,1,[等级5],[粉丝团 Lv1]
2026-05-16 13:09:32,96884160041,王哥，出租大小挖机，微挖，建材！,谁娶了你？,[等级28],
2026-05-16 13:09:34,15430333586,江山易改,眼神真好，,[等级18],[粉丝团 Lv8]
2026-05-16 13:09:36,64430820235,好运佳佳,给队友贴膜,[等级9],
2026-05-16 13:09:36,69943684387,哈，三打白骨精。,主播还不如组排玩呢，路人没意思,[等级12],
2026-05-16 13:09:36,68422483360,深情不及久伴,@追求极致的手法与技术 深情不可能无缘无故禁言的，你少在这里掐头去尾的,[等级25],[粉丝团 Lv11]
2026-05-16 13:09:37,2824008837643668,Hom,给队友车变个皮,,
2026-05-16 13:09:37,4428421833700091,对爱过敏,贴个车皮,[等级7],
2026-05-16 13:09:39,55134983839,大疆无人机,老张卖瓜自卖自夸,[等级10],
2026-05-16 13:09:39,1451772266707070,亚梨SGA,给队友贴膜,[等级10],
2026-05-16 13:09:42,1530957853376064,小莱玩,马上到找你,,
2026-05-16 13:09:42,1724455447693886,💥 十三,[捂脸],[等级14],[粉丝团 Lv8]
2026-05-16 13:09:44,2739607744034852,可爱PUPPY,骂人的时候能把混响打开吗雅,[等级8],[粉丝团 Lv6]
2026-05-16 13:09:45,3203333750525352,白眉鹰王,可以堵桥吗,,
2026-05-16 13:09:48,97600677185,晓乔治ovo,@扑 你知道咧,[等级38],[粉丝团 Lv13]
2026-05-16 13:09:49,3532111727821495,追求极致的手法与技术,@深情不及久伴 第一次遇到这样的管理 牛逼,[等级4],
2026-05-16 13:09:52,1257437656002798,某某.,@可爱PUPPY 笑死我了,[等级34],[粉丝团:张君雅 Lv16]
2026-05-16 13:09:53,77416951506,ら孤痞,@拒绝刘亦菲18402次 不到2米,[等级36],[粉丝团 Lv17]
2026-05-16 13:09:57,65759302943,第三人称,哪里来的AUG啊,[等级9],[粉丝团 Lv11]
2026-05-16 13:09:58,52727051848,玫瑰,@重生之我在茶小仙摇奶茶 猫局晚上直播，中午不直播,[等级30],[粉丝团 Lv8]
2026-05-16 13:09:59,2274247923467549,知遇👣,@追求极致的手法与技术 不可能肯定还说什么过分的话了,[等级24],[粉丝团 Lv10]
2026-05-16 13:10:05,369075332585421,渡。,叫队友去机场逛一圈,[等级14],[粉丝团 Lv2]
2026-05-16 13:10:07,1623345931224240,油炸包龙星,君雅我爱你[爱心][爱心][爱心][爱心][爱心][爱心][爱心][爱心],[等级4],[粉丝团 Lv5]
2026-05-16 13:10:10,65759302943,第三人称,刚才骂黑子去了没注意看,[等级9],[粉丝团 Lv11]
2026-05-16 13:10:11,101132035228,星空无垠,有个叫日照第一深情的被淘汰了,[等级4],[粉丝团 Lv8]
2026-05-16 13:10:12,111064762512,奕宸麻麻,这几天迷上雅雅了，晚上游戏都不上啦,[等级13],[粉丝团 Lv3]
2026-05-16 13:10:17,59696399335,人间边客,@追求极致的手法与技术 不差你一个,[等级12],[粉丝团 Lv10]
2026-05-16 13:10:17,3242873151563898,柠檬水,主播666,,
2026-05-16 13:10:17,289866577879726,练气百万年,骂人的时候才好听,[等级9],
2026-05-16 13:10:18,3532111727821495,追求极致的手法与技术,@知遇👣 没有,[等级4],
2026-05-16 13:10:18,2274247923467549,知遇👣,@ㅤ小面 卖手机,[等级24],[粉丝团 Lv10]
2026-05-16 13:10:26,2357787969199351,嗷呜,@第三人称 密室给的,[等级22],
2026-05-16 13:10:30,3736580717292816,琪琪格,观音君雅[感谢],,
2026-05-16 13:10:31,2008152259705040,汉、歼的审判者,@扑 [抱抱你][抱抱你][抱抱你],[等级15],[粉丝团 Lv12]
2026-05-16 13:10:32,97600677185,晓乔治ovo,@第三人称 使劲骂，骂死他们,[等级38],[粉丝团 Lv13]
2026-05-16 13:10:33,3378144954030583,用户726,扑总真是一分钟要到所有信息[捂脸],[等级7],[粉丝团 Lv6]
2026-05-16 13:10:33,59195022257,小唐很哇塞🙌,在二楼大厅趴着,[等级24],[粉丝团 Lv10]
2026-05-16 13:10:39,2365795517868014,҈҉҈҉҈҉҈҉҈҉҈҉ဗီူ⸜⸝ဗီူ,[难过][九转大肠],[等级10],[粉丝团 Lv1]
2026-05-16 13:10:43,1900427196767240,元霸,窥屏的兄弟快来吖，就喜欢看主播骂人,[等级14],[粉丝团 Lv7]
2026-05-16 13:10:43,73239645290,Alex·君越江南,@追求极致的手法与技术 别逗了兄弟，有时候系统会自动禁言，过一两天就好了[捂脸],[等级21],[粉丝团 Lv12]
2026-05-16 13:10:54,68422483360,深情不及久伴,@追求极致的手法与技术 你不可能只说了一句，肯定还说了别的,[等级25],[粉丝团 Lv11]
2026-05-16 13:10:55,1882799140776472,一二三四,永远匹配不到我，我在钻石局[看][看][看],[等级31],[粉丝团:张君雅 Lv3]
2026-05-16 13:10:57,55159220102,BWRZ（记录美好）,真的[看],[等级36],[粉丝团 Lv16]
2026-05-16 13:11:01,696433082641674,1984若即若离,太喜欢主播的风格了超耐看。❤,[等级7],
2026-05-16 13:11:05,55159220102,BWRZ（记录美好）,很难[看],[等级36],[粉丝团 Lv16]
2026-05-16 13:11:05,102200676908,此刻,雀食,[等级19],
2026-05-16 13:11:07,1530976442254383,带五个孤儿住天桥底下,扑总营地第一时间打开,[等级27],[粉丝团 Lv11]
2026-05-16 13:11:10,4085403482857084,呆咩,上个赛季末撞到你了，打不过你自雷了[流泪],[等级13],[粉丝团 Lv10]
2026-05-16 13:11:12,7500838669998556219,甜梦,空投,[等级2],
2026-05-16 13:11:14,488613368039181,/　⃢● — ●⃢    \,喜欢雅雅,[等级13],[粉丝团 Lv9]
2026-05-16 13:11:15,1451772266707070,亚梨SGA,贴膜,[等级10],
2026-05-16 13:11:15,1303393967546067,姜影拾光,车皮,,
2026-05-16 13:11:19,3657414032522778,321,那你应该学鲨鱼，经常改名字，就好,[等级7],[粉丝团 Lv8]
2026-05-16 13:11:19,106824653653,小土豆,空投可以吃,[等级20],[粉丝团 Lv11]
2026-05-16 13:11:20,109348233166,乄兴源,你就匹配不到我，我1.8 kd[看],[等级29],[粉丝团 Lv14]
2026-05-16 13:11:21,105745183035,盗帅,人怕出名猪怕壮,[等级28],
2026-05-16 13:11:22,103952091396,春风十里,让我看到你肯定得绕着走[捂脸],[等级17],[粉丝团 Lv1]
2026-05-16 13:11:22,55159220102,BWRZ（记录美好）,很强的队伍窥屏[看]就真的难,[等级36],[粉丝团 Lv16]
2026-05-16 13:11:22,521642863761721,臭鱼,是的是的是的,[等级1],
2026-05-16 13:11:24,96838208788,小亲密---,延迟开五分钟，让他们窥,[等级7],
2026-05-16 13:11:24,2824008837643668,Hom,贴个车皮,,
2026-05-16 13:11:24,84793966478,俊俊✨,能打到战神都已经超过百分之99的人了,[等级19],
2026-05-16 13:11:25,110895971722,一个人挺好…👿,还在说啊,[等级24],[粉丝团 Lv9]
2026-05-16 13:11:26,73950150310,是然宝吖 👧🏻,老黑我爱你❤️,[等级23],[粉丝团 Lv3]
2026-05-16 13:11:26,79761463413,酷盖,就近安排,[等级1],
2026-05-16 13:11:27,105346528919,清风💕,他说是来这里诉苦，他说什么不好听的话他肯定不会说出来，听他说干嘛,[等级28],[粉丝团 Lv7]
2026-05-16 13:11:30,102469975321,✨名门⭐️,[捂脸][捂脸][捂脸],[等级19],[粉丝团 Lv15]
2026-05-16 13:11:32,68092828104,三郎,也有送鸡🐔的呀[呲牙][呲牙][呲牙],[等级19],[粉丝团 Lv6]
2026-05-16 13:11:34,54214307743,柔风。,[鼓掌],[等级37],[粉丝团 Lv11]
2026-05-16 13:11:36,1530976442254383,带五个孤儿住天桥底下,那为什么我撞不到你啊,[等级27],[粉丝团 Lv11]
2026-05-16 13:11:36,96970405154,ℋღ全᭄剧-终᭄💞࿐:,[捂脸][捂脸][捂脸],[等级13],
2026-05-16 13:11:37,2717628635552872,零颜☀️,给你队友贴膜呀,[等级33],[粉丝团 Lv10]
2026-05-16 13:11:38,102200676908,此刻,就是就是,[等级19],
2026-05-16 13:11:38,4503658257446344,🥐cornetto,人怕出名猪怕壮,[等级41],[粉丝团 Lv6]
2026-05-16 13:11:39,99129956951,难舍,喜欢荤雅[捂脸],[等级10],[粉丝团 Lv8]
2026-05-16 13:11:39,87797456056,菌,蜜汁自信，我从来不记游戏名字[看],[等级20],
2026-05-16 13:11:40,65759302943,第三人称,给队友贴膜,[等级9],[粉丝团 Lv11]
2026-05-16 13:11:42,104689996186,白蛮—之刃,只要认识你的，肯定都想打你，挑战一下,[等级33],[粉丝团 Lv8]
2026-05-16 13:11:42,96970405154,ℋღ全᭄剧-终᭄💞࿐:,我也看了,[等级13],
2026-05-16 13:11:43,1900427196767240,元霸,啊对对对,[等级14],[粉丝团 Lv7]
2026-05-16 13:11:44,83221230383,小胡121212,永远匹配不到我，因为我菜，有一次匹配到了，被主播打死了，但是那一局是队友厉害,[等级12],[粉丝团 Lv2]
2026-05-16 13:11:45,73647036676,捣蛋熊,人红是非多,[等级20],[粉丝团 Lv12]
2026-05-16 13:11:47,71126905166,抖音小肋手,@321 这是老板单字号，没法改,[等级11],[粉丝团 Lv10]
2026-05-16 13:11:53,1257437656002798,某某.,打不过就窥子[看]经典语录,[等级34],[粉丝团:张君雅 Lv16]
2026-05-16 13:11:55,93316149550,七七💋,谁叫你一直打一个号,[等级27],
2026-05-16 13:11:55,26018586296455,49❕,叭叭个没完没了了,[等级10],[粉丝团 Lv6]
2026-05-16 13:11:58,2274247923467549,知遇👣,@追求极致的手法与技术 不可能深情不可能无缘无故禁,[等级24],[粉丝团 Lv10]
2026-05-16 13:11:59,111480308764,锦程,我晚我看了那一局，极限进圈吃鸡,[等级31],[粉丝团 Lv15]
2026-05-16 13:12:02,3235189433567264,尘尽光生,作为游戏主播，你老是纠结人家窥屏干嘛？你既然享受了直播的红利，就不要纠结那么多。,,
2026-05-16 13:12:02,8395632158909,郭叔,昨天我看了，极限了,[等级9],[粉丝团 Lv8]
2026-05-16 13:12:03,67113017376,👱🏻Kennethwoman👱🏻,开超长延迟[看],[等级4],[粉丝团 Lv9]
2026-05-16 13:12:04,2570029961577962,999,这马还可以在水里开呀。,,
2026-05-16 13:12:05,2009542393864356,铭朗建筑小周,难上那么一呢呢,[等级34],[粉丝团 Lv10]
2026-05-16 13:12:06,2192845238175603,小陳,那是打过了，没打过就是另外一回事了[看][看][看][捂脸],[等级10],[粉丝团 Lv7]
2026-05-16 13:12:07,3657414032522778,321,@抖音小肋手 把队友名字打上码,[等级7],[粉丝团 Lv8]
2026-05-16 13:12:07,67266127637,若你还在，🥰,不堵你怎么拿素材发视频,[等级1],[粉丝团 Lv1]
2026-05-16 13:12:08,2365795517868014,҈҉҈҉҈҉҈҉҈҉҈҉ဗီူ⸜⸝ဗီူ,[尬笑][奸笑],[等级10],[粉丝团 Lv1]
2026-05-16 13:12:11,106000203587,*安虞默*,为什么奖励他[看],[等级22],[粉丝团 Lv2]
2026-05-16 13:12:18,81838150256314,sky,这种人你越骂他。他就越有成就感,[等级5],[粉丝团 Lv7]
2026-05-16 13:12:20,2192845238175603,小陳,昨晚那把那是打过了，没打过就是另外一回事了[看][看][看][捂脸],[等级10],[粉丝团 Lv7]
2026-05-16 13:12:21,4503658257446344,🥐cornetto,打三四个号呗,[等级41],[粉丝团 Lv6]
2026-05-16 13:12:21,1530976442254383,带五个孤儿住天桥底下,我要撞到你带着我队友来给你送人头,[等级27],[粉丝团 Lv11]
2026-05-16 13:12:22,2365795517868014,҈҉҈҉҈҉҈҉҈҉҈҉ဗီူ⸜⸝ဗီူ,有宝宝么[难过][九转大肠],[等级10],[粉丝团 Lv1]
2026-05-16 13:12:27,111480308764,锦程,@尘尽光生 你又能了,[等级31],[粉丝团 Lv15]
2026-05-16 13:12:29,2192845238175603,小陳,昨晚那把那是打过了，没打过就是另外一回事了[看][看][看][捂脸],[等级10],[粉丝团 Lv7]
2026-05-16 13:12:30,2623880804961359,￴ ￴ ￴ ￴ ￴ ￴快乐买断,@321 他这游戏名字都值几万块了怎么改[捂脸],[等级5],[粉丝团 Lv1]
2026-05-16 13:12:32,369887430851198,断了的线,没啥节目效果为啥这么多人看,[等级23],
2026-05-16 13:12:33,65759302943,第三人称,@尘尽光生 那作为观众的我们就没有好的观感懂不懂？,[等级9],[粉丝团 Lv11]
2026-05-16 13:12:36,73647036676,捣蛋熊,@尘尽光生 那你看她直播干嘛,[等级20],[粉丝团 Lv12]
2026-05-16 13:12:36,64620865007,小蛋糕🍰,为什么被禁言自己心里清楚，不要在这里装可怜了,[等级31],[粉丝团 Lv10]
2026-05-16 13:12:36,104570891437,春风十里,去年和你们队偶遇了一回，摇车摇到宿舍楼，你们队倒了仨，倒了才看到凯琪那个号,[等级38],
2026-05-16 13:12:38,3245360942419415,就让我停在安静的角落,等下爆头了,[等级4],
2026-05-16 13:12:38,77416951506,ら孤痞,@追求极致的手法与技术 有时候是抖音系统禁言[捂脸],[等级36],[粉丝团 Lv17]
2026-05-16 13:12:38,72771494855,Sagittarius⚖,张君雅牛逼，热度榜永远第一[赞],[等级19],
2026-05-16 13:12:39,108790597735,朱^_^（励志）,@若你还在，🥰 那个更可恨，,[等级15],[粉丝团 Lv11]
2026-05-16 13:12:40,110895971722,一个人挺好…👿,老黑直播任何事都会发生，别让自己破防,[等级24],[粉丝团 Lv9]
2026-05-16 13:12:42,55159220102,BWRZ（记录美好）,以后谁抖音侥幸击杀主播我就点点举报[看],[等级36],[粉丝团 Lv16]
2026-05-16 13:12:43,101918461499,杰仔,主播出名，窥屏你，正常,[等级26],
2026-05-16 13:12:47,696433082641674,1984若即若离,宝藏主播，值得一直关注。。,[等级7],
2026-05-16 13:12:48,1138739356639323,前庄嫩老表😂,昨天晚上你连续吃个两把鸡 堵桥被夹差点死,[等级20],
2026-05-16 13:12:50,3745395227774212,馬小帅,捡一空的吧,[等级21],[粉丝团 Lv10]
2026-05-16 13:12:50,99012647060,扑,去营地问候窥屏队  粤省少爷  苏九绾  铛饱   2Kz,[等级48],[粉丝团:张君雅 Lv20]
2026-05-16 13:12:52,2274247923467549,知遇👣,@尘尽光生 必须要说啊要分享啊不然直播的意义是什么,[等级24],[粉丝团 Lv10]
2026-05-16 13:12:52,96769891445,人间小叔子,@断了的线 管你什么事，那你看什么,[等级31],[粉丝团 Lv15]
2026-05-16 13:12:54,1560947581518232,呦吼😎,延时三分钟让他们窥屏去吧,[等级15],[粉丝团 Lv6]
2026-05-16 13:13:02,100987841662,把麦给我,昨晚桥头那队差点让主播一队毒死[泪奔],[等级7],[粉丝团 Lv1]
2026-05-16 13:13:05,1068343218674500,清淡,打的好，喜欢看,[等级4],[粉丝团 Lv6]
2026-05-16 13:13:05,56505883242,Fara,@扑 扑总6[捂脸],[等级15],[粉丝团 Lv12]
2026-05-16 13:13:07,3532111727821495,追求极致的手法与技术,你们去找 我有说过什么恶心的话 找出来 发给我 我直接上华子 大号 x s,[等级4],
2026-05-16 13:13:11,3663228569664605,天空无云,@白蛮—之刃 正面打没问题可是搞那些偷鸡摸狗的事情怎么打啊,[等级15],[粉丝团 Lv11]
2026-05-16 13:13:15,99372859314,启  夏,@321 她打的扑总单子号[捂脸]怎么可能改名[捂脸],[等级25],[粉丝团 Lv15]
2026-05-16 13:13:15,97798920252,985,老给又被抓了？,[等级17],[粉丝团 Lv11]
2026-05-16 13:13:19,2192845238175603,小陳,昨晚那把那是打过了，没打过就是另外一回事了[看][看][看][捂脸],[等级10],[粉丝团 Lv7]
2026-05-16 13:13:21,55159220102,BWRZ（记录美好）,@扑 你头一个[打脸],[等级36],[粉丝团 Lv16]
2026-05-16 13:13:25,1049365068123705,不要对深爱的人说拜拜,张老黑，卵姐！,[等级16],[粉丝团 Lv2]
2026-05-16 13:13:42,100070934263,………,主播用的什么耳机  转换器啊,[等级16],
2026-05-16 13:13:46,67785142948,Miki,哈哈受不了了,[等级25],[粉丝团 Lv10]
2026-05-16 13:13:52,2615110554884144,Paocai飯🥥,@扑 收到,[等级25],
2026-05-16 13:14:02,96449117332,是小罗(⊙o⊙)呀,真的吗,[等级11],[粉丝团 Lv12]
2026-05-16 13:14:02,71126905166,抖音小肋手,摔死了,[等级11],[粉丝团 Lv10]
2026-05-16 13:14:10,1049365068123705,不要对深爱的人说拜拜,张老黑，卵姐！,[等级16],[粉丝团 Lv2]
2026-05-16 13:14:10,2475702575179399,这个我是真的喜欢,队友啤酒瓶想办法搞过来,[等级14],
2026-05-16 13:14:14,484257882206712,欧欧欧包,好坏，给人吓得,[等级19],[粉丝团 Lv5]
2026-05-16 13:14:15,111480308764,锦程,摔的流比直[捂脸],[等级31],[粉丝团 Lv15]
2026-05-16 13:14:17,55159220102,BWRZ（记录美好）,[衰][干饭人],[等级36],[粉丝团 Lv16]
2026-05-16 13:14:19,101310329800,喜力司令,居然一队都活着,[等级21],[粉丝团 Lv7]
2026-05-16 13:14:20,104689996186,白蛮—之刃,你看把人吓的，摔死了,[等级33],[粉丝团 Lv8]
2026-05-16 13:14:23,3790745693330856,37度°,对友有P90,[等级22],[粉丝团 Lv4]
2026-05-16 13:14:25,73133140989,行稳致远,队友装备不错啊,[等级31],[粉丝团 Lv15]
2026-05-16 13:14:26,93171998731,a屁桃,@不要对深爱的人说拜拜 又来找骂了,[等级15],[粉丝团 Lv11]
2026-05-16 13:14:27,52727051848,玫瑰,别纠结了，大家好好看直播吧,[等级30],[粉丝团 Lv8]
2026-05-16 13:14:27,73950150310,是然宝吖 👧🏻,[爱心][爱心][爱心][爱心][爱心],[等级23],[粉丝团 Lv3]
2026-05-16 13:14:27,110895971722,一个人挺好…👿,老黑破防菜园子陈慧娃也碎蛋[捂脸][捂脸],[等级24],[粉丝团 Lv9]
2026-05-16 13:14:29,1303393967546067,姜影拾光,车皮,,
2026-05-16 13:14:30,111480308764,锦程,[捂脸][捂脸],[等级31],[粉丝团 Lv15]
2026-05-16 13:14:31,100035685959,光明磊落,为什么叫老黑，长的黑吗[捂脸],[等级6],
2026-05-16 13:14:35,95413672728,那树,主播，有人拿大狙狙你,,
2026-05-16 13:14:42,97837899648,通知：,完咯,[等级2],
2026-05-16 13:14:43,3918283980676119,醒目-,@光明磊落 比黑,[等级24],
2026-05-16 13:14:44,93118804306,菡香大米⁹²⁰⁰,1号有啤酒瓶了,[等级32],[粉丝团 Lv12]
2026-05-16 13:14:44,95465615887,明杰,这个空投可以去拿一手,[等级25],[粉丝团 Lv5]
2026-05-16 13:14:46,696433082641674,1984若即若离,格局超大，真心为粉丝着想。。✨,[等级7],
2026-05-16 13:14:48,3378144954030583,用户726,@不要对深爱的人说拜拜你蛐,[等级7],[粉丝团 Lv6]
2026-05-16 13:14:48,2225039717708067,陆小果,猫局是几号,[等级7],
2026-05-16 13:14:48,104600621959,戒心,解放全海岛活捉张君雅,[等级26],[粉丝团 Lv8]
2026-05-16 13:14:49,8395632158909,郭叔,战马变河马,[等级9],[粉丝团 Lv8]
2026-05-16 13:14:50,4162095481363833,mrtang,叫队友把啤酒交出来,,
2026-05-16 13:14:50,1049365068123705,不要对深爱的人说拜拜,张老黑，卵姐,[等级16],[粉丝团 Lv2]
2026-05-16 13:14:54,60621443821,Faye,为什么叫老黑,[等级1],
2026-05-16 13:14:54,110211536586,得人心者得天下,第一个死的就是一号,[等级44],[粉丝团 Lv13]
2026-05-16 13:14:55,2665697062160392,哈喽啊啊额个,@光明磊落 心黑[捂脸],[等级11],
2026-05-16 13:14:58,3114248789304856,五月_号,[鼓掌][鼓掌][鼓掌][鼓掌],[等级8],[粉丝团 Lv7]
2026-05-16 13:15:03,87582326574,开心就好,下手黑,[等级17],[粉丝团 Lv10]
2026-05-16 13:15:06,63681751670,꒰๑˘ᴗ˘๑꒱*.不给🍬就捣蛋˚◌,[捂脸],[等级14],[粉丝团 Lv12]
2026-05-16 13:15:06,2274247923467549,知遇👣,@追求极致的手法与技术 那那么多人为什么就你被禁言了自己好好想想说什么不好的话了,[等级24],[粉丝团 Lv10]
2026-05-16 13:15:08,23939876395,Jiu是这样,中午的节目效果…,,
2026-05-16 13:15:09,77203903001,腊初宁岁,真卡,[等级17],[粉丝团 Lv1]
2026-05-16 13:15:09,2497699454393470,肉丝,游戏被针对就真的很烦,[等级9],[粉丝团 Lv11]
2026-05-16 13:15:09,2192845238175603,小陳,你喜欢，世界上有公平吗？,[等级10],[粉丝团 Lv7]
2026-05-16 13:15:10,3051834976244382,_是困的猫,昨天匹配到你了主播在g港之后把我队友打死了哈哈哈哈我苟决赛圈就剩我俩不知道昨天听没听到我说是粉丝[捂脸],[等级4],
2026-05-16 13:15:11,57320979019,薛明.,为什么叫老黑,[等级7],
2026-05-16 13:15:13,3535648923594047,锕铭,好久不来了,[等级13],[粉丝团 Lv10]
2026-05-16 13:15:13,3235189433567264,尘尽光生,凡事有利有弊。作为大主播，别人窥屏比开科技好多了。,,
2026-05-16 13:15:22,101277257606,风的影子🧸,怎么还在说[捂脸][捂脸][捂脸],[等级42],[粉丝团 Lv11]
2026-05-16 13:15:23,3123029805638711,开心就会发大财,第几把了,[等级17],[粉丝团 Lv7]
2026-05-16 13:15:24,2192845238175603,小陳,强者为尊,[等级10],[粉丝团 Lv7]
2026-05-16 13:15:24,266503392330851,悲伤张鱼小丸子,@薛明. 下手黑[看],[等级20],
2026-05-16 13:15:25,4177739799337277,看看可口可乐了,你名为1V4,[等级7],[粉丝团 Lv10]
2026-05-16 13:15:29,109855260699,仇,说了半个小时了,[等级1],
2026-05-16 13:15:30,93286381693,77.🍯,[比心][比心][比心],[等级6],
2026-05-16 13:15:32,77203903001,腊初宁岁,你真卡,[等级17],[粉丝团 Lv1]
2026-05-16 13:15:33,289866577879726,练气百万年,给你送人头就公平？[看],[等级9],
2026-05-16 13:15:33,67807204576,她眼里没有光了,给队友来个车皮吧，看不下去了,[等级7],[粉丝团 Lv10]
2026-05-16 13:15:35,5964397381,彤,挨个问候一遍了[看],[等级15],[粉丝团 Lv11]
2026-05-16 13:15:37,79761463413,酷盖,[捂脸][捂脸][捂脸]是的,[等级1],
2026-05-16 13:15:37,1303393967546067,姜影拾光,你为什么不跟队友走,,
2026-05-16 13:15:37,51926593366,用户7695575370332,人家也是凭本事窥屏打[捂脸][捂脸],[等级17],
2026-05-16 13:15:37,3361669743913258,信命,菜就多练吧,,
2026-05-16 13:15:38,3267352005977800,释怀！,[捂脸][捂脸][捂脸][捂脸],[等级20],
2026-05-16 13:15:38,2192845238175603,小陳,强者为尊,[等级10],[粉丝团 Lv7]
2026-05-16 13:15:39,110487983863,都怪你隐身太清晰,[捂脸][捂脸][捂脸][捂脸],[等级17],[粉丝团 Lv8]
2026-05-16 13:15:40,96422681228,7962,受不了这个气碎嘴子[捂脸][捂脸][捂脸],[等级28],[粉丝团 Lv11]
2026-05-16 13:15:41,110895971722,一个人挺好…👿,@风的影子🧸 老黑今天破防了,[等级24],[粉丝团 Lv9]
2026-05-16 13:15:41,103852735188,莫子,哪都好，就是唠叨了一点,[等级18],
2026-05-16 13:15:42,98196563519,识趣,开团秒跟,[等级19],[粉丝团 Lv11]
2026-05-16 13:15:43,2950740333835965,醒必静（重生版),停不下来了[捂脸][捂脸],[等级30],[粉丝团 Lv15]
2026-05-16 13:15:45,7621232035134293041,牛二a,有本事决赛圈把老黑打倒了 那才叫实力 窥屏算什么实力,,
2026-05-16 13:15:45,92461848227,煜,[捂脸][捂脸][捂脸],[等级13],[粉丝团 Lv11]
2026-05-16 13:15:46,57320979019,薛明.,@悲伤张鱼小丸子 哈哈哈[捂脸],[等级7],
2026-05-16 13:15:47,93316149550,七七💋,快来人把他抓了,[等级27],
2026-05-16 13:15:47,67173533157,呵忒（髋关节三期保守中）,好好说话，麻烦你不要夹[捂脸][捂脸],[等级26],[粉丝团 Lv10]
2026-05-16 13:15:48,1258311745546655,富,是我先下的黑手[看],[等级23],[粉丝团 Lv5]
2026-05-16 13:15:49,110487983863,都怪你隐身太清晰,张老黑,[等级17],[粉丝团 Lv8]
2026-05-16 13:15:49,72599065285,池,一个小女孩哪能架得住4个大汉,[等级16],[粉丝团 Lv9]
2026-05-16 13:15:50,95115965858,Y☜☜P,队友要你贴车皮,[等级25],
2026-05-16 13:15:50,101532476795,@小刚,活捉张君雅,[等级30],
2026-05-16 13:15:50,1049365068123705,不要对深爱的人说拜拜,卵姐,[等级16],[粉丝团 Lv2]
2026-05-16 13:15:51,3657414032522778,321,女郭德纲？？,[等级7],[粉丝团 Lv8]
2026-05-16 13:15:51,109855260699,仇,聊些其他不行吗,[等级1],
2026-05-16 13:15:52,83741692901,925,那你为什么不4排，说这话,[等级33],[粉丝团 Lv7]
2026-05-16 13:15:52,1367445777424910,Eucalyptus 🐸,厉害，可以蛐蛐一局，还不带一样的[捂脸][捂脸][捂脸]口才👍,[等级24],[粉丝团 Lv14]
2026-05-16 13:15:52,92593442221,承♥诺,行军打仗谁去讲公平啊,[等级14],
2026-05-16 13:15:53,3535648923594047,锕铭,[比心][比心][比心],[等级13],[粉丝团 Lv10]
2026-05-16 13:15:54,93171998731,a屁桃,今天怎么这么多乐子,[等级15],[粉丝团 Lv11]
2026-05-16 13:15:54,1789610906105324,怡辰爸,怕你跑了[捂脸][捂脸][捂脸][捂脸][捂脸][捂脸]好不容易逮到你,[等级9],[粉丝团 Lv3]
2026-05-16 13:15:54,1047183347952088,拾依向暖,@看看可口可乐了 君雅年龄大了,[等级16],[粉丝团 Lv8]
2026-05-16 13:15:57,96005113653,山海声,末世先噶圣母[看],[等级23],[粉丝团 Lv6]
2026-05-16 13:15:59,96838208788,小亲密---,@尘尽光生 你在说什么？自己知道吗？,[等级7],
2026-05-16 13:16:00,55159220102,BWRZ（记录美好）,你没有遭受过[看]你凭什么评价别人[看],[等级36],[粉丝团 Lv16]
2026-05-16 13:16:00,4059038133529949,纽约ovo,太能叭叭了,[等级7],[粉丝团 Lv3]
2026-05-16 13:16:00,68422483360,深情不及久伴,@用户7695575370332 什么本事?,[等级25],[粉丝团 Lv11]
2026-05-16 13:16:01,62433726186,纳之,三指是不是操作上限太低,[等级20],
2026-05-16 13:16:02,7443467011387458618,骨阿夫特嫩,吃,[等级29],
2026-05-16 13:16:02,93487656531,旧人不覆,吃,[等级7],
2026-05-16 13:16:03,93118804306,菡香大米⁹²⁰⁰,给队友贴膜,[等级32],[粉丝团 Lv12]
2026-05-16 13:16:04,2274247923467549,知遇👣,@不要对深爱的人说拜拜 找骂的,[等级24],[粉丝团 Lv10]
2026-05-16 13:16:04,111064762512,奕宸麻麻,雅雅的队友怎么能没有车皮呢,[等级13],[粉丝团 Lv4]
2026-05-16 13:16:05,4361100414691929,夕影呀,小雅小雅，目前为止有什么车皮返场过吗,,
2026-05-16 13:16:05,4168949777312200,✨无敌幸运星✨,不要开直播就公平了，别人窥不到你,[等级17],
2026-05-16 13:16:10,59591607129,用户1228,@用户7695575370332 窥屏有啥本事[捂脸][捂脸][捂脸],[等级18],
2026-05-16 13:16:12,103852735188,莫子,我是她前男友，因为碎嘴子分的手,[等级18],
2026-05-16 13:16:12,787686894090669,w-,只能接受主播这行带来的好处，接受不了一点坏处[捂脸],[等级18],[粉丝团 Lv8]
2026-05-16 13:16:12,1354201907597575,总有刁民要害朕,去拿空头,[等级23],[粉丝团 Lv7]
2026-05-16 13:16:12,92705481023,五月feng,单排？,[等级27],[粉丝团 Lv5]
2026-05-16 13:16:13,61063771122,bin☞少,人家围剿你也是图个一乐[捂脸],[等级22],[粉丝团 Lv3]
2026-05-16 13:16:15,4116225351760328,笑看人生༆,心情最重要，别管了,[等级7],
2026-05-16 13:16:15,19875229108,与往事干杯～,不要夹,[等级21],[粉丝团 Lv9]
2026-05-16 13:16:16,4154429194119527,超灵异,这得骂到下播[捂脸]爱了，有空就骂[捂脸],[等级15],[粉丝团 Lv4]
2026-05-16 13:16:16,96840313581,香菜*🇨🇳,要噶,[等级16],
2026-05-16 13:16:16,111064762512,奕宸麻麻,快去给队友贴一个,[等级13],[粉丝团 Lv4]
2026-05-16 13:16:17,68644316727,G红红,死于贪吃,[等级24],
2026-05-16 13:16:18,600812307624723,心事,不偷干不过你呀,[等级11],[粉丝团 Lv6]
2026-05-16 13:16:18,102028794518,用户110524,@✨无敌幸运星✨ 不开直播我看啥,[等级19],[粉丝团 Lv6]
2026-05-16 13:16:21,1873166349900574,Xvi,这装备可以了,[等级5],[粉丝团 Lv1]
2026-05-16 13:16:21,107693677980,七月,要都是你这个技术都干主播了，哪有公平一说,[等级27],[粉丝团 Lv11]
2026-05-16 13:16:21,95465615887,明杰,海里那个空投可以拿,[等级25],[粉丝团 Lv5]
2026-05-16 13:16:21,687617105466777,过客,张妈妈年龄大了，大家理解一下[捂脸],[等级18],[粉丝团 Lv10]
2026-05-16 13:16:23,1512542077459805,记得晒太阳,还回来吃饭吗,[等级18],[粉丝团 Lv9]
2026-05-16 13:16:23,55159220102,BWRZ（记录美好）,你不是主播[看]你凭什么先教育主播[看],[等级36],[粉丝团 Lv16]
2026-05-16 13:16:24,7499032451454649403,提钱退休,解说的时候就不说话了，这自己挺能说[发呆],[等级1],
2026-05-16 13:16:24,3727807164195466,也,@✨无敌幸运星✨ 为啥老是受害者有罪论,[等级7],
2026-05-16 13:16:25,3175008440419892,叫大哥,勇敢点去吧,[等级7],[粉丝团 Lv2]
2026-05-16 13:16:25,10780303618,隔壁老陈,没牌的闭嘴,[等级22],[粉丝团 Lv14]
2026-05-16 13:16:25,92992288513,昕愿,@陆小果 猫局晚上玩  白天不玩,[等级10],[粉丝团 Lv2]
2026-05-16 13:16:26,2993345031834797,阿红,有埋伏,[等级13],[粉丝团 Lv1]
2026-05-16 13:16:27,1049365068123705,不要对深爱的人说拜拜,@知遇👣 她自己说的,[等级16],[粉丝团 Lv2]
2026-05-16 13:16:28,1257437656002798,某某.,她不开播我看啥,[等级34],[粉丝团:张君雅 Lv16]
2026-05-16 13:16:31,59591607129,用户1228,@✨无敌幸运星✨ 那我们看啥[捂脸][捂脸][捂脸],[等级18],
2026-05-16 13:16:31,4218154221315908,懒,主播没有俱乐部吗,[等级10],[粉丝团 Lv1]
2026-05-16 13:16:33,101532476795,@小刚,活捉张君雅[比心],[等级30],
2026-05-16 13:16:33,12347700151,何必执着,我现在打游戏都点带挂的陪玩[捂脸][捂脸][捂脸],[等级35],[粉丝团 Lv13]
2026-05-16 13:16:35,3235189433567264,尘尽光生,喜欢看主播打游戏，但不代表赞同他的每一句言论。,,
2026-05-16 13:16:39,52727051848,玫瑰,继续吵吧,[等级30],[粉丝团 Lv8]
2026-05-16 13:16:41,97705467114,ジ晴宝🩷,今天黑子真多啊[捂脸][捂脸],[等级25],[粉丝团 Lv12]
2026-05-16 13:16:42,73312853739,神泣纷争-曾胖子,大哥大姐们求求了，到妹妹直播间来溜达一圈吧，帮妹妹增一下场观[玫瑰],[等级2],
2026-05-16 13:16:46,52727051848,玫瑰,看你们吵,[等级30],[粉丝团 Lv8]
2026-05-16 13:16:48,93281318252,信阳之上海,还是喜欢玩狙的君雅,[等级21],
2026-05-16 13:16:52,83750360605,✨小安🫧 ⁵¹⁰⁷⁴,有一点事儿   满屏的小黑子就有话说了   现实是多没存在感[看],[等级25],[粉丝团 Lv15]
2026-05-16 13:16:58,4162095481363833,mrtang,叫队友把p90交出来[捂脸][捂脸][捂脸][捂脸],,
2026-05-16 13:16:59,2146716701428124,Supery,毕竟放假了周六,[等级13],[粉丝团 Lv6]
2026-05-16 13:17:00,2933143326688360,行者,一中午没枪匣？？,[等级26],[粉丝团 Lv6]
2026-05-16 13:17:00,96973451235,一叶知秋🍁,大厚嘴唇子不就是开挂给封了,[等级7],
2026-05-16 13:17:02,792061057970573,曲终散ꦿ,你昨天队友是开麦叨叨，你是闭麦叨叨[捂脸][捂脸][捂脸],[等级20],[粉丝团 Lv10]
2026-05-16 13:17:03,2475702575179399,这个我是真的喜欢,继续呀，热度还没第一,[等级14],
2026-05-16 13:17:04,73133140989,行稳致远,真不戳[赞],[等级31],[粉丝团 Lv15]
2026-05-16 13:17:06,1297845116211678,我是你涛哥,車放狗里啊,[等级14],[粉丝团 Lv9]
2026-05-16 13:17:06,103852735188,莫子,@隔壁老陈 可怜的优越感,[等级18],
2026-05-16 13:17:07,2274247923467549,知遇👣,@尘尽光生 你真的会说别显的你了,[等级24],[粉丝团 Lv10]
2026-05-16 13:17:14,65759302943,第三人称,@尘尽光生 少在这说教了行不行，他骂两句有什么错[捂脸],[等级9],[粉丝团 Lv11]
2026-05-16 13:17:16,4168949777312200,✨无敌幸运星✨,@也 我说的实话啊,[等级17],
2026-05-16 13:17:18,101532476795,@小刚,兄弟们：活捉张君雅,[等级30],
2026-05-16 13:17:20,60876735247,九月是只喵,@一叶知秋🍁 真假？？？？,[等级16],[粉丝团 Lv13]
2026-05-16 13:17:25,97806080834,🚬ღ᭄辭ꦿ࿐,@尘尽光生 不赞同也憋着,[等级21],[粉丝团 Lv15]
2026-05-16 13:17:31,2294045516499104,嘟,@尘尽光生 人家也没逼你赞同[捂脸],[等级13],[粉丝团 Lv10]
2026-05-16 13:17:31,97523528294,回首一回头,@一叶知秋🍁 你哪个眼睛看见了,[等级20],[粉丝团 Lv15]
2026-05-16 13:17:33,102028794518,用户110524,@尘尽光生 那你走吧闲得很非说几句膈应人的话显摆得你了,[等级19],[粉丝团 Lv6]
2026-05-16 13:17:35,55159220102,BWRZ（记录美好）,@尘尽光生 呢你gong,[等级36],[粉丝团 Lv16]
2026-05-16 13:17:35,96973451235,一叶知秋🍁,@九月是只喵 真的,[等级7],
2026-05-16 13:17:37,60941817491,王小飞🤪🙄,张君雅我喊你一声，你敢答应吗！！,[等级34],
2026-05-16 13:17:37,109770256927,涛声依旧,今天怎么这么多小黑子,[等级20],[粉丝团 Lv10]
2026-05-16 13:17:37,1530976442254383,带五个孤儿住天桥底下,今天周六了 黑子们也上班了。正儿八经找个班上吧,[等级27],[粉丝团 Lv11]
2026-05-16 13:17:42,104278450082,🌈凡人多烦事,快跑，老黑。他们来了,[等级17],[粉丝团 Lv2]
2026-05-16 13:17:47,104600621959,戒心,解放全海岛活捉张君雅,[等级26],[粉丝团 Lv8]
2026-05-16 13:17:47,105076731771,钟期,黑粉不少,[等级22],[粉丝团 Lv2]
2026-05-16 13:17:51,2307247892860760,21u²⁰²⁶,张老黑中午局哥没来啊,[等级4],
2026-05-16 13:17:54,1303393967546067,姜影拾光,白天播的真的没观赏性,,
2026-05-16 13:17:56,1049365068123705,不要对深爱的人说拜拜,张老黑都要当老六了，怎么搞？,[等级16],[粉丝团 Lv2]
2026-05-16 13:17:56,102200676908,此刻,哈哈哈,[等级19],
2026-05-16 13:17:58,931979993298120,1.,蛙趣,[等级2],
2026-05-16 13:17:59,1910275027515595,丽哥づ,里面能藏人,[等级2],
2026-05-16 13:17:59,60876735247,九月是只喵,@一叶知秋🍁 啥时候的我怎么不知道,[等级16],[粉丝团 Lv13]
2026-05-16 13:18:00,101277257606,风的影子🧸,[捂脸][捂脸][捂脸][捂脸],[等级42],[粉丝团 Lv11]
2026-05-16 13:18:02,2008152259705040,汉、歼的审判者,@七月 技术有高有低才叫公平、有人靠技术、有人靠窥屏那能一样吗[看],[等级15],[粉丝团 Lv12]
2026-05-16 13:18:02,68422483360,深情不及久伴,@尘尽光生 你叭叭叭，说了多久了，还在这里说,[等级25],[粉丝团 Lv11]
2026-05-16 13:18:04,2475702575179399,这个我是真的喜欢,哈哈哈哈哈,[等级14],
2026-05-16 13:18:04,97806080834,🚬ღ᭄辭ꦿ࿐,哈哈哈,[等级21],[粉丝团 Lv15]
2026-05-16 13:18:05,590893464955795,111,哈哈哈,[等级1],[粉丝团 Lv3]
2026-05-16 13:18:07,1068343218674500,清淡,卧倒老黑，老黑卧倒,[等级4],[粉丝团 Lv6]
2026-05-16 13:18:09,66672197795,過客,[尬笑][尬笑][尬笑],[等级34],[粉丝团 Lv7]
2026-05-16 13:18:10,105633835483,醉卧沙场君莫笑,哈哈哈,[等级27],[粉丝团 Lv16]
2026-05-16 13:18:12,71126905166,抖音小肋手,[捂脸][捂脸][捂脸],[等级11],[粉丝团 Lv10]
2026-05-16 13:18:12,135964883951687,you(^_^)丹,[捂脸],[等级9],
2026-05-16 13:18:13,4165407898869996,每天对被子表白,笑死我了[捂脸][捂脸],[等级5],[粉丝团 Lv2]
2026-05-16 13:18:13,55159220102,BWRZ（记录美好）,[大笑][偷笑],[等级36],[粉丝团 Lv16]
2026-05-16 13:18:14,65759302943,第三人称,哈哈哈哈哈,[等级9],[粉丝团 Lv11]
2026-05-16 13:18:14,73133140989,行稳致远,哈哈哈哈,[等级31],[粉丝团 Lv15]
2026-05-16 13:18:15,52727051848,玫瑰,哈哈哈哈哈哈哈哈,[等级30],[粉丝团 Lv8]
2026-05-16 13:18:15,71126905166,抖音小肋手,[捂脸][捂脸][捂脸][捂脸],[等级11],[粉丝团 Lv10]
2026-05-16 13:18:15,101277257606,风的影子🧸,哈哈哈哈,[等级42],[粉丝团 Lv11]
2026-05-16 13:18:17,71611005606,W.󰠇,哈哈哈哈,[等级16],[粉丝团 Lv4]
2026-05-16 13:18:18,110895971722,一个人挺好…👿,人机都要调戏一下[捂脸][捂脸],[等级24],[粉丝团 Lv9]
2026-05-16 13:18:18,1881983920385927,希芙,？,[等级4],
2026-05-16 13:18:21,96005113653,山海声,哈哈哈,[等级23],[粉丝团 Lv6]
2026-05-16 13:18:22,84519436994,｜｜,笑死了,[等级2],[粉丝团 Lv2]
2026-05-16 13:18:22,4215957197431401,红桃♥️J,@尘尽光生 不赞同憋着！需要你赞同？,[等级9],[粉丝团 Lv10]
2026-05-16 13:18:23,1178306890961928,素履以往💎🥦🥑,哈哈哈哈,[等级1],[粉丝团 Lv2]
2026-05-16 13:18:24,77416951506,ら孤痞,@知遇👣 别理了，他有可能是被系统禁言了,[等级36],[粉丝团 Lv17]
2026-05-16 13:18:26,2782225270309235,问心,哈哈哈,[等级13],[粉丝团 Lv8]
2026-05-16 13:18:27,4162095481363833,mrtang,问队友想吃鸡的话，就叫他把p90交出来,,
2026-05-16 13:18:28,97705467114,ジ晴宝🩷,[捂脸][捂脸][捂脸],[等级25],[粉丝团 Lv12]
2026-05-16 13:18:28,93014642999,🌈南山楠,老六,[等级11],[粉丝团 Lv10]
2026-05-16 13:18:29,97600677185,晓乔治ovo,哈哈，抓老六[捂脸],[等级38],[粉丝团 Lv13]
2026-05-16 13:18:29,92461848227,煜,哈哈哈哈哈哈,[等级13],[粉丝团 Lv11]
2026-05-16 13:18:31,78639296323,Big,七九[捂脸],[等级28],[粉丝团 Lv10]
2026-05-16 13:18:31,79761463413,酷盖,哈哈哈[捂脸],[等级1],[粉丝团 Lv1]
2026-05-16 13:18:32,52278926696,梨涡远点,妻九哈哈哈哈,[等级14],
2026-05-16 13:18:33,712081548248717,繁丶星⁵¹⁰⁷⁴,它一直叫,[等级30],[粉丝团 Lv16]
2026-05-16 13:18:33,7542012252325905468,一个人,[捂脸][捂脸][捂脸],[等级2],
2026-05-16 13:18:35,97523528294,回首一回头,对人机你也能聊一会[捂脸],[等级20],[粉丝团 Lv15]
2026-05-16 13:18:36,96565447462,时宜,看看把小老六吓得！,[等级30],[粉丝团:张君雅 Lv15]
2026-05-16 13:18:39,86562890288,ㅤ　 ㅤ顺利朱,[捂脸][捂脸][捂脸][捂脸],[等级20],[粉丝团 Lv11]
2026-05-16 13:18:39,2475702575179399,这个我是真的喜欢,这个老六,[等级14],
2026-05-16 13:18:39,100035685959,光明磊落,这是人机吧[捂脸],[等级6],
2026-05-16 13:18:45,111480308764,锦程,妻九的妹妹七十[捂脸],[等级31],[粉丝团 Lv15]
2026-05-16 13:18:46,4314936913194206,90后中登,这不79吗,[等级22],[粉丝团 Lv7]
2026-05-16 13:18:47,2782225270309235,问心,不像人机,[等级13],[粉丝团 Lv8]
2026-05-16 13:18:48,2475702575179399,这个我是真的喜欢,狗还是有用,[等级14],
2026-05-16 13:18:48,509818415880967,中意李,人机兄弟，哈哈哈,[等级7],[粉丝团 Lv5]
2026-05-16 13:18:48,2274247923467549,知遇👣,@mrtang 她什么时候跟队友要过东西,[等级24],[粉丝团 Lv10]
2026-05-16 13:18:49,101277257606,风的影子🧸,老六克星,[等级42],[粉丝团 Lv11]
2026-05-16 13:18:50,3657414032522778,321,79好像不拿枪,[等级7],[粉丝团 Lv8]
2026-05-16 13:18:51,4503658257446344,🥐cornetto,趴得6,[等级41],[粉丝团 Lv6]
2026-05-16 13:18:51,110895971722,一个人挺好…👿,@时宜 人给[捂脸][捂脸],[等级24],[粉丝团 Lv9]
2026-05-16 13:18:51,690125102658323,黑猫@警长,传出去，张老黑调戏人机[捂脸][捂脸][捂脸][捂脸][捂脸][捂脸],[等级24],[粉丝团 Lv12]
2026-05-16 13:18:53,104600621959,戒心,解放全海岛活捉张君雅,[等级26],[粉丝团 Lv8]
2026-05-16 13:18:53,484257882206712,欧欧欧包,人机不会苟分,[等级19],[粉丝团 Lv5]
2026-05-16 13:18:54,97151462263,吳 烦 恼,当老六都不得安生[捂脸][捂脸][捂脸],[等级12],[粉丝团 Lv3]
2026-05-16 13:18:55,97600677185,晓乔治ovo,妻九的粉丝[捂脸],[等级38],[粉丝团 Lv13]
2026-05-16 13:18:55,3143595301,懒洋洋,好像你们打游戏的样子[捂脸][捂脸][捂脸],[等级26],[粉丝团 Lv12]
2026-05-16 13:18:55,1574966431071944,川,人家只是想苟个分,[等级6],
2026-05-16 13:18:55,2129109692727048,8023,怎么找到这个位置的[捂脸][捂脸][捂脸],[等级17],[粉丝团 Lv10]
2026-05-16 13:18:55,88156524487,情非得已。,又碎一个晋级赛,[等级17],
2026-05-16 13:18:56,2075510964228408,🥬🈶,不是人机,,
2026-05-16 13:18:57,135964883951687,you(^_^)丹,@光明磊落 妻九兵,[等级9],
2026-05-16 13:18:59,1027410089477851,心魔,好久没看你玩了,[等级3],
2026-05-16 13:18:59,96261969310,酒醉人不归,这能躲一个人[捂脸],[等级15],[粉丝团 Lv10]
2026-05-16 13:19:03,58912107104,G.🐽,妻九的同行,[等级18],
2026-05-16 13:19:04,67774983971,空格键-,妻九徒弟[捂脸],[等级22],[粉丝团 Lv5]
2026-05-16 13:19:05,109770256927,涛声依旧,这是79的兵[捂脸][捂脸][捂脸],[等级20],[粉丝团 Lv10]
2026-05-16 13:19:05,1178306890961928,素履以往💎🥦🥑,他肯定药特别多,[等级1],[粉丝团 Lv2]
2026-05-16 13:19:05,4154386241826123,火云邪神,撞车必窥屏,,
2026-05-16 13:19:05,1409994799981447,奎ら哥,不是人给，,[等级19],[粉丝团 Lv11]
2026-05-16 13:19:07,1820410608091631,🤡,为什么打死我，说好不打的,[等级29],[粉丝团 Lv13]
2026-05-16 13:19:09,1512542077459805,记得晒太阳,我狗个分我容易吗[热化了],[等级18],[粉丝团 Lv9]
2026-05-16 13:19:13,104689996186,白蛮—之刃,这个技术跟我差不多＇怎么匹上你了,[等级33],[粉丝团 Lv8]
2026-05-16 13:19:13,3729957861197940,重生之我在茶小仙摇奶茶,真牛,[等级6],
2026-05-16 13:19:14,2129109692727048,8023,下次我也躲这里去[呲牙],[等级17],[粉丝团 Lv10]
2026-05-16 13:19:14,56505883242,Fara,妻九打主题，很少打纯海岛,[等级15],[粉丝团 Lv12]
2026-05-16 13:19:16,2075510964228408,🥬🈶,拿衣服是自己搭配的,,
2026-05-16 13:19:17,69894844197,@谭二旺,老六无孔不入啊[捂脸][捂脸][捂脸][捂脸][捂脸][捂脸],[等级32],[粉丝团 Lv10]
2026-05-16 13:19:18,7472439803331576891,ACE、,狗真的老6克星[捂脸][捂脸][捂脸][捂脸],[等级17],[粉丝团 Lv4]
2026-05-16 13:19:18,76133959662,@等风起,有了狗以后老六就越来越难了[捂脸],[等级14],[粉丝团 Lv8]
2026-05-16 13:19:20,85634467775,静尽,人机都聊上了，把光子都搞懵了[捂脸],[等级17],[粉丝团 Lv11]
2026-05-16 13:19:25,52727051848,玫瑰,你们不要理黑子了，越理他们他们越来劲,[等级30],[粉丝团 Lv8]
2026-05-16 13:19:25,103685233869,遇她,点错了吧，,[等级25],[粉丝团 Lv2]
2026-05-16 13:19:27,2419370855769710,随便逛逛,@光明磊落 人机趴那？人机是直接追着人打,[等级17],[粉丝团 Lv7]
2026-05-16 13:19:30,83221230383,小胡121212,帮忙去哪里看看，下次可不可以去,[等级12],[粉丝团 Lv2]
2026-05-16 13:19:32,51030885625,十点醒,把狗换一下   换成德牧   二哈不会咬人,[等级13],[粉丝团 Lv11]
2026-05-16 13:19:35,96923453637,百煉金,自从有了狗，妻九的兵都不好玩了。[捂脸],[等级12],[粉丝团 Lv12]
2026-05-16 13:19:38,791250884109807,泡面不加水,怎么闭麦还有麦标,[等级5],[粉丝团 Lv6]
2026-05-16 13:19:39,2782225270309235,问心,肯定不是人机叫他出来的时候，他还出来了,[等级13],[粉丝团 Lv8]
2026-05-16 13:19:41,2307247892860760,21u²⁰²⁶,局哥没在浪不起来了[捂脸][捂脸][捂脸],[等级4],
2026-05-16 13:19:41,52480618226,随风飘逝的影子,@中意李 你家人机还会找点藏起来,[等级15],[粉丝团 Lv4]
2026-05-16 13:19:43,98104435572,-     -,卵姐中午好,[等级7],
2026-05-16 13:19:46,68422483360,深情不及久伴,@十点醒 啊，这还有区别呢,[等级25],[粉丝团 Lv11]
2026-05-16 13:19:51,92313431912,罖亽,狗是老六的克星[捂脸],[等级25],[粉丝团 Lv5]
2026-05-16 13:19:57,7471122850271872058,沧浪客,可不可以吹一群狗出来,[等级9],
2026-05-16 13:20:00,101750721329,万川,狗快要出皮肤了吧,[等级20],[粉丝团 Lv10]
2026-05-16 13:20:01,4221762087166973,拒绝刘亦菲18402次,拐了[捂脸],[等级4],[粉丝团 Lv2]
2026-05-16 13:20:04,52727051848,玫瑰,黑子就是羡慕嫉妒恨，所以不爽出来到处找存在感,[等级30],[粉丝团 Lv8]
2026-05-16 13:20:04,79150935059,你爱的皇阿玛,老黑啪的狗身上看他跑不跑不跑？,[等级9],[粉丝团 Lv8]
2026-05-16 13:20:05,3746736253706503,刚枪小索男,你关门了它进不来,[等级15],
2026-05-16 13:20:07,98997731687,小张²⁰²⁶,还是喜欢看一局好几个主播对，那打起来有意思,[等级40],
2026-05-16 13:20:09,1257437656002798,某某.,你俩搁这里趴着干啥,[等级34],[粉丝团:张君雅 Lv16]
2026-05-16 13:20:11,1283842802977662,等风来,你俩爬的整整齐齐,[等级22],[粉丝团 Lv11]
2026-05-16 13:20:11,84316928345,一身腱子肉,你这打的太稳了，不符合你的竞技水平，你应该到处找人杀，才刺激,[等级17],[粉丝团 Lv3]
2026-05-16 13:20:13,97600677185,晓乔治ovo,哈哈，笑屎我了[捂脸],[等级38],[粉丝团 Lv13]
2026-05-16 13:20:13,1627697591880078,用户1557569082216,你用二哈会被它带偏的,[等级9],[粉丝团 Lv5]
2026-05-16 13:20:17,4154386241826123,火云邪神,撞车必窥屏,,
2026-05-16 13:20:18,94813074976,漠北,战神局能匹配到这种菜鸟吗？,[等级21],[粉丝团 Lv7]
2026-05-16 13:20:21,100201411333,一个热爱生活的普通人,狗会做警戒姿势,[等级14],
2026-05-16 13:20:28,1678320489990602,Outiler 🚬.,皮肤要出狗了吧[看],[等级21],[粉丝团 Lv3]
2026-05-16 13:20:29,100201411333,一个热爱生活的普通人,冲着有人的方向,[等级14],
2026-05-16 13:20:32,82200572907,🎃Damn,毒死好多,[等级30],[粉丝团 Lv9]
2026-05-16 13:20:36,910864192120759,小猪翊礼,光子和数码宝贝联名出个钢铁加鲁鲁的皮肤,[等级38],[粉丝团 Lv10]
2026-05-16 13:20:36,3279201252684659,㐅,常有理[看],[等级18],
2026-05-16 13:20:38,97705467114,ジ晴宝🩷,毒死好多人,[等级25],[粉丝团 Lv12]
2026-05-16 13:20:40,104461535617,陈公子⁶²⁸,@沧浪客 那这游戏不叫吃鸡 是叫吃人了,,
2026-05-16 13:20:46,55159220102,BWRZ（记录美好）,笑死[看],[等级36],[粉丝团 Lv16]
2026-05-16 13:20:48,1049365068123705,不要对深爱的人说拜拜,狗能救敌人吗？,[等级16],[粉丝团 Lv2]
2026-05-16 13:20:49,75823126902,观海🙏🏻☝🏻️,狗是合法的挂[捂脸],[等级27],[粉丝团 Lv9]
2026-05-16 13:20:50,73647036676,捣蛋熊,@一身腱子肉 一个人稳着点，,[等级20],[粉丝团 Lv12]
2026-05-16 13:20:51,109770256927,涛声依旧,会不会到时狗在出个老虎的皮肤啊[捂脸][捂脸][捂脸],[等级20],[粉丝团 Lv10]
2026-05-16 13:20:53,71126905166,抖音小肋手,老黑小馋猫[捂脸],[等级11],[粉丝团 Lv10]
2026-05-16 13:20:59,19120227047,小无双,让狗去捡空投,[等级3],
2026-05-16 13:21:00,97139351243,瑶不起ིྀ,你让狗去捡空投,[等级18],[粉丝团 Lv11]
2026-05-16 13:21:05,690125102658323,黑猫@警长,让狗去拿空投枪[捂脸][捂脸][捂脸][捂脸][捂脸],[等级24],[粉丝团 Lv12]
2026-05-16 13:21:08,3655200822788333,无影,让狗去捡空投,[等级11],[粉丝团 Lv7]
2026-05-16 13:21:23,51782197378,爱哭的鱼…,高伞队友，放的,[等级34],[粉丝团:张君雅 Lv15]
2026-05-16 13:21:24,2907529708579879,喵喵汪汪队🌈,ads,[等级14],[粉丝团 Lv6]
2026-05-16 13:21:40,2824008837643668,Hom,让狗去拿ads,,
2026-05-16 13:21:42,84316928345,一身腱子肉,@捣蛋熊 稳到最后杀两个人吃鸡了，有意思吗，中间疯狂秀技术杀人我们看的才过瘾,[等级17],[粉丝团 Lv3]
2026-05-16 13:21:42,78216978019,🌈曾经以过,叫狗去舔空投,[等级18],[粉丝团 Lv5]
2026-05-16 13:21:57,231375413972592,欢乐的跳痘,让狗捡空投,[等级7],[粉丝团 Lv3]
2026-05-16 13:21:57,71126905166,抖音小肋手,发财啦,[等级11],[粉丝团 Lv10]
2026-05-16 13:22:03,55159220102,BWRZ（记录美好）,[大笑][偷笑],[等级36],[粉丝团 Lv16]
2026-05-16 13:22:08,2524940450925799,相忘于江湖,让狗拿aw啊,[等级35],
2026-05-16 13:22:11,764859912567168,蛋包飯,对,[等级19],[粉丝团 Lv5]
2026-05-16 13:22:12,2665697062160392,哈喽啊啊额个,白天和晚上好像不是一个人玩游戏，技术都不一样啊[捂脸],[等级11],
2026-05-16 13:22:15,3732162401805662,TEnhr,是的,[等级1],
2026-05-16 13:22:18,7542012252325905468,一个人,[捂脸][捂脸],[等级2],
2026-05-16 13:22:21,19120227047,小无双,就是刚刚你舔的那个空投里面的狗杂和aw,[等级3],
2026-05-16 13:22:23,3732162401805662,TEnhr,不少,[等级1],
2026-05-16 13:22:27,1420988272350541,暴躁琴🫧,@一身腱子肉 自己去打更过瘾,[等级30],[粉丝团 Lv10]
2026-05-16 13:22:28,97217883865,尭💫,然后队友用完再丢给你,[等级22],[粉丝团 Lv7]
2026-05-16 13:22:30,764859912567168,蛋包飯,自己用完给队友 又能用,[等级19],[粉丝团 Lv5]
2026-05-16 13:22:31,79138729699,☞小刘忙☜,好像是这么回事,[等级30],[粉丝团 Lv7]
2026-05-16 13:22:49,6472167828,顺城,@哈喽啊啊额个 中午没搭档，没法硬刚,[等级22],[粉丝团 Lv15]
2026-05-16 13:22:50,93171998731,a屁桃,@哈喽啊啊额个 晚上有局哥，白天是自己打啊,[等级15],[粉丝团 Lv11]
2026-05-16 13:22:51,55159220102,BWRZ（记录美好）,@一身腱子肉 你自己去打会儿游戏吧 我说白了[看],[等级36],[粉丝团 Lv16]
2026-05-16 13:22:59,103424893593,荣哥,搞半天才搞三个人机,[等级15],[粉丝团 Lv2]
2026-05-16 13:23:02,84743250996,默离,你都没开麦。,[等级26],[粉丝团 Lv1]
2026-05-16 13:23:07,79761463413,酷盖,加油哈,[等级1],[粉丝团 Lv1]
2026-05-16 13:23:07,4358937121142893,小猪配骑,没多少人了，又准备吃鸡了[鼓掌][鼓掌][鼓掌],[等级16],[粉丝团 Lv7]
2026-05-16 13:23:09,66300027316,懒语,战神局拼的就是运营吧,[等级20],
2026-05-16 13:23:10,1392419226256304,是因你而来,666,[等级10],
2026-05-16 13:23:26,3962260748249928,正玺影视,@荣哥 你去，你能搞30个,[等级22],[粉丝团 Lv10]
2026-05-16 13:23:30,2274247923467549,知遇👣,@荣哥 打的都是人机我们爱看也不需要你看,[等级24],[粉丝团 Lv10]
2026-05-16 13:23:37,4112604411736253,兔粉妆,@荣哥 ？[疑问],[等级15],[粉丝团 Lv10]
2026-05-16 13:23:41,3378144954030583,用户726,@荣哥 你看你又急,[等级7],[粉丝团 Lv6]
2026-05-16 13:23:43,96100691650,Forever,老妹你是学生吗,,
2026-05-16 13:23:46,104985348157,嘉年华,黑子们出来，和白子们死磕到底。这把吃鸭了,[等级20],[粉丝团 Lv2]
2026-05-16 13:23:47,55159220102,BWRZ（记录美好）,@荣哥 你连这个局都进不来 你还打人机[看],[等级36],[粉丝团 Lv16]
2026-05-16 13:23:48,1049365068123705,不要对深爱的人说拜拜,三号要到十几次,[等级16],[粉丝团 Lv2]
2026-05-16 13:24:05,72060195055,兜兜酱,没开麦,[等级25],[粉丝团 Lv9]
2026-05-16 13:24:10,97705467114,ジ晴宝🩷,@荣哥 你看你急得,[等级25],[粉丝团 Lv12]
2026-05-16 13:24:17,4358937121142893,小猪配骑,三号位，有说法[捂脸][捂脸][捂脸],[等级16],[粉丝团 Lv7]
2026-05-16 13:24:31,63229851477,蟹蟹爱喝冰,太稳了吧,[等级14],[粉丝团 Lv1]
2026-05-16 13:24:32,102566362554,Zy,没开麦,[等级35],[粉丝团 Lv5]
2026-05-16 13:24:32,67936016602,黑风寨萧瑟(嗷呜~),没子弹了,[等级29],[粉丝团 Lv15]
2026-05-16 13:24:46,391068474412557,Sco,我的灯牌终于亮起来了[捂脸],[等级26],[粉丝团 Lv9]
2026-05-16 13:24:50,75634525708,༄᭄冰封ꦿᩚ࿐,无敌战神局32杀的时候，这些黑子又是另一种话风了[看]这些玩意儿总有借口喷你,[等级22],[粉丝团 Lv14]
2026-05-16 13:24:57,3962260748249928,正玺影视,晴宝一姨妈巾扇他出去[捂脸],[等级22],[粉丝团 Lv10]
2026-05-16 13:25:07,62163069622,鱼宝在编绳📿,@荣哥 你不会是其中一个人机吧[看],[等级20],[粉丝团 Lv13]
2026-05-16 13:25:08,51782197378,爱哭的鱼…,巡视领地一样,[等级34],[粉丝团:张君雅 Lv15]
2026-05-16 13:25:15,68422483360,深情不及久伴,@༄᭄冰封ꦿᩚ࿐ 32杀，又说老黑开挂了[捂脸],[等级25],[粉丝团 Lv11]
2026-05-16 13:25:32,2665697062160392,哈喽啊啊额个,这把吃鸡送你们深情一吻外加丝袜一双[捂脸],[等级11],
2026-05-16 13:25:33,2274247923467549,知遇👣,看直播就看直播没有那么多要求你们又没有花钱没有资格安排这个安排那个的,[等级24],[粉丝团 Lv10]
2026-05-16 13:25:44,94553421053,🐍Superman🏄🏻‍♂️,oi～相对那就针锋相对,[等级16],[粉丝团 Lv8]
2026-05-16 13:25:50,97705467114,ジ晴宝🩷,@正玺影视 [发怒][发怒][发怒],[等级25],[粉丝团 Lv12]
2026-05-16 13:25:54,55159220102,BWRZ（记录美好）,[衰][干饭人],[等级36],[粉丝团 Lv16]
2026-05-16 13:25:56,2528502421920877,沧桑的岁月,欺负人,[等级2],
2026-05-16 13:25:58,55159220102,BWRZ（记录美好）,没毛病,[等级36],[粉丝团 Lv16]
2026-05-16 13:25:59,110012786240,小猫饼,牛逼,[等级22],[粉丝团 Lv12]
2026-05-16 13:26:01,3795156287621927,拾欢,[鼓掌][鼓掌][鼓掌],[等级15],[粉丝团 Lv13]
2026-05-16 13:26:01,52727051848,玫瑰,牛逼,[等级30],[粉丝团 Lv8]
2026-05-16 13:26:02,102200676908,此刻,帅帅帅,[等级19],
2026-05-16 13:26:02,55159220102,BWRZ（记录美好）,爱播[打call],[等级36],[粉丝团 Lv16]
2026-05-16 13:26:02,71126905166,抖音小肋手,老黑6666,[等级11],[粉丝团 Lv10]
2026-05-16 13:26:03,103505415604,走着,牛逼啊,[等级4],
2026-05-16 13:26:03,1341059843757268,Vincent,[666][666][666][666],[等级37],[粉丝团 Lv14]
2026-05-16 13:26:03,2141446715747582,魏大呆,牛逼牛逼牛逼牛逼,[等级15],[粉丝团 Lv11]
2026-05-16 13:26:05,3116439401673790,🪷紫运福气✨🌴💦🐲,6666,[等级9],[粉丝团 Lv2]
2026-05-16 13:26:05,93191620592,无欲而刚,[666][666][666],[等级28],[粉丝团 Lv13]
2026-05-16 13:26:05,4508316446,大闸蟹（黎明中的花朵）,[赞][赞][赞],[等级40],[粉丝团:张君雅 Lv16]
2026-05-16 13:26:06,73133140989,行稳致远,[666][666][666],[等级31],[粉丝团 Lv15]
2026-05-16 13:26:07,71126905166,抖音小肋手,张君雅牛逼,[等级11],[粉丝团 Lv10]
2026-05-16 13:26:07,2008152259705040,汉、歼的审判者,牛逼[赞][赞][赞],[等级15],[粉丝团 Lv12]
2026-05-16 13:26:07,64620865007,小蛋糕🍰,666,[等级31],[粉丝团 Lv10]
2026-05-16 13:26:08,97523528294,回首一回头,牛逼66666,[等级20],[粉丝团 Lv15]
2026-05-16 13:26:09,68422483360,深情不及久伴,牛逼牛逼,[等级25],[粉丝团 Lv11]
2026-05-16 13:26:09,2141446715747582,魏大呆,牛逼牛逼牛逼牛逼牛逼,[等级15],[粉丝团 Lv11]
2026-05-16 13:26:09,96943342914,永往直钱,你是我见过打和平精英最厉害的人,[等级2],
2026-05-16 13:26:09,1910275027515595,丽哥づ,牛牛牛[赞][赞][赞][赞],[等级2],
2026-05-16 13:26:09,57279776787,马提亚斯,太牛了,[等级16],[粉丝团 Lv5]
2026-05-16 13:26:10,106660845616,冰河,牛逼牛逼牛逼,[等级21],[粉丝团 Lv7]
2026-05-16 13:26:11,82200572907,🎃Damn,一号可以的,[等级30],[粉丝团 Lv9]
2026-05-16 13:26:11,4215957197431401,红桃♥️J,黑子说话,[等级9],[粉丝团 Lv10]
2026-05-16 13:26:12,2497699454393470,肉丝,[666][666][666][666][666][666],[等级9],[粉丝团 Lv11]
2026-05-16 13:26:13,4112604411736253,兔粉妆,牛逼,[等级15],[粉丝团 Lv10]
2026-05-16 13:26:14,100447569108,🌈歪歪兰,1号可以,[等级2],
2026-05-16 13:26:15,95330432539,chen,拿下拿下,[等级12],[粉丝团 Lv6]
2026-05-16 13:26:16,2141446715747582,魏大呆,[666][666][666][666],[等级15],[粉丝团 Lv11]
2026-05-16 13:26:17,4221762087166973,拒绝刘亦菲18402次,3号位,[等级4],[粉丝团 Lv2]
2026-05-16 13:26:17,3117841111319639,游钓、江湖,大雅真牛[赞][赞][赞][赞][赞][赞][赞][赞][赞][赞],[等级21],[粉丝团 Lv4]
2026-05-16 13:26:18,110012786240,小猫饼,牛逼,[等级22],[粉丝团 Lv12]
2026-05-16 13:26:18,107840718348,丫丫吖,牛掰牛掰牛掰[666][666][666],[等级19],[粉丝团 Lv13]
2026-05-16 13:26:18,55159220102,BWRZ（记录美好）,撒撒水某门忒[看],[等级36],[粉丝团 Lv16]
2026-05-16 13:26:18,3117857857342636,一搓一蹦跶,张君雅牛逼,[等级33],[粉丝团 Lv3]
2026-05-16 13:26:19,4358937121142893,小猪配骑,拿下，轻轻松松,[等级16],[粉丝团 Lv7]
2026-05-16 13:26:20,4328098590118670,Superficial lady Y,牛逼,[等级18],[粉丝团 Lv7]
2026-05-16 13:26:20,103505415604,走着,君雅牛逼 可否带我吃鸡,[等级4],
2026-05-16 13:26:21,1678320489990602,Outiler 🚬.,人家没开挂,[等级21],[粉丝团 Lv3]
2026-05-16 13:26:21,3962260748249928,正玺影视,一如既往的埋汰王,[等级22],[粉丝团 Lv10]
2026-05-16 13:26:21,51030885625,十点醒,牛逼,[等级13],[粉丝团 Lv11]
2026-05-16 13:26:23,100035685959,光明磊落,老黑说话,[等级6],
2026-05-16 13:26:25,1521315532520632,妍,[打call][打call],[等级29],[粉丝团 Lv9]
2026-05-16 13:26:25,1049365068123705,不要对深爱的人说拜拜,他比你杀得多吧？,[等级16],[粉丝团 Lv2]
2026-05-16 13:26:28,4215957197431401,红桃♥️J,黑子说话[看],[等级9],[粉丝团 Lv10]
2026-05-16 13:26:28,96905665799,微凉,666,[等级21],[粉丝团 Lv11]
2026-05-16 13:26:29,73133140989,行稳致远,能做你的队友肯定不差啊[赞],[等级31],[粉丝团 Lv15]
2026-05-16 13:26:29,95088694279,兰诺,厉害厉害,[等级21],
2026-05-16 13:26:29,97523528294,回首一回头,把公屏打在牛逼上,[等级20],[粉丝团 Lv15]
2026-05-16 13:26:29,83741692901,925,1号带飞,[等级33],[粉丝团 Lv7]
2026-05-16 13:26:30,102597770628,ℳ₯㎕叁潴潴潴🐝࿐,牛逼,[等级19],[粉丝团 Lv10]
2026-05-16 13:26:31,100035685959,光明磊落,老黑说话,[等级6],
2026-05-16 13:26:33,3557665193860644,梅钞疯 󰠇,开播第一把🐔,[等级20],[粉丝团 Lv12]
2026-05-16 13:26:33,2458152368608676,宁静致远,这个段位，我们就是抗毒也到不了，还别说运营,[等级21],[粉丝团 Lv7]
2026-05-16 13:26:35,4112604411736253,兔粉妆,厉害厉害,[等级15],[粉丝团 Lv10]
2026-05-16 13:26:43,116989961990570,喜欢一个人,成都箭王张君雅牛逼666[比心][比心][比心],[等级12],[粉丝团 Lv10]
2026-05-16 13:26:46,3430895678660199,就要李_发财,这是地锅鸡还是辣子鸡,[等级29],
2026-05-16 13:26:46,97600677185,晓乔治ovo,[666][666][666],[等级38],[粉丝团 Lv13]
2026-05-16 13:26:47,2889142291671943,过客而,一惊一乍的干哈[捂脸],[等级2],[粉丝团 Lv2]
2026-05-16 13:26:52,1251683519443182,z……,真的没话说，你这技术太牛逼了,[等级2],
2026-05-16 13:26:52,1313284358672692,广联达建模（王）,爱播[比心][比心][比心],[等级16],[粉丝团 Lv6]
2026-05-16 13:26:54,55159220102,BWRZ（记录美好）,看到了吗小黑子[看]路匹吃鸡[看],[等级36],[粉丝团 Lv16]
2026-05-16 13:26:57,102380940885,乱了浮生,你送我啥,[等级26],[粉丝团 Lv11]
2026-05-16 13:26:57,101506242007,懵🫧,你怎么过,[等级40],[粉丝团 Lv4]
2026-05-16 13:26:58,4376474664319053,Together、,你,[等级2],
2026-05-16 13:26:59,2365795517868014,҈҉҈҉҈҉҈҉҈҉҈҉ဗီူ⸜⸝ဗီူ,说爱我[难过][九转大肠],[等级10],[粉丝团 Lv1]
2026-05-16 13:26:59,2008152259705040,汉、歼的审判者,香香甜甜的小蛋糕、雅雅、又美又帅[比心][比心][比心],[等级15],[粉丝团 Lv12]
2026-05-16 13:27:00,79138729699,☞小刘忙☜,要抱抱,[等级30],[粉丝团 Lv7]
2026-05-16 13:27:00,2324797018095400,别太早说晚安.,大眯呢,[等级13],[粉丝团 Lv10]
2026-05-16 13:27:00,68359033340,满满,你,[等级11],[粉丝团 Lv7]
2026-05-16 13:27:00,102200676908,此刻,[捂脸],[等级19],
2026-05-16 13:27:00,369075332585421,渡。,丝袜,[等级14],[粉丝团 Lv2]
2026-05-16 13:27:01,2782225270309235,问心,露脸直播,[等级13],[粉丝团 Lv8]
2026-05-16 13:27:01,3331981408741036,走着走着走着,粉丝见面会,,
2026-05-16 13:27:01,108698943317,魏,[捂脸],[等级27],[粉丝团 Lv12]
2026-05-16 13:27:02,7529408415518803002,《4》,跟你有关系吗,[等级7],[粉丝团 Lv1]
2026-05-16 13:27:02,98323678933,兰芋,要你[捂脸],[等级12],
2026-05-16 13:27:02,1917960631895199,哥不做那狗,想要爱博,[等级22],
2026-05-16 13:27:02,2546072797066894,愙歖,来根腿毛,[等级16],
2026-05-16 13:27:02,103825605272,时欢,你要送吗,[等级11],
2026-05-16 13:27:03,4162095481363833,mrtang,丝袜,,
2026-05-16 13:27:03,1513390621854628,风吹草低见牛羊.,想要你[捂脸],[等级29],[粉丝团 Lv9]
2026-05-16 13:27:03,3722285933933771,群众里面有坏人,[看],[等级4],[粉丝团 Lv8]
2026-05-16 13:27:03,1257437656002798,某某.,?,[等级34],[粉丝团:张君雅 Lv16]
2026-05-16 13:27:04,1332257489430460,安 之   ^,[捂脸][捂脸][捂脸][捂脸][捂脸],[等级32],[粉丝团 Lv15]
2026-05-16 13:27:04,65008922355,🌈浮夸.,我想要一个张君雅[尬笑],[等级27],[粉丝团 Lv5]
2026-05-16 13:27:04,96061722180,Hulk浩克1315🇨🇳,[捂脸],[等级30],[粉丝团 Lv10]
2026-05-16 13:27:04,2052124494539603,屈北,6,[等级8],[粉丝团 Lv4]
2026-05-16 13:27:04,97472025407,山大王,哈哈哈哈哈哈哈哈哈哈哈哈哈哈,[等级8],[粉丝团 Lv10]
2026-05-16 13:27:04,58805806221,瞎跑,啥都要[看][看],[等级31],[粉丝团 Lv12]
2026-05-16 13:27:04,7634326774848242737,Zeus,丝袜,,
2026-05-16 13:27:04,58150219405,ᯅ 对方已拒绝,哈哈哈哈哈哈,[等级9],
2026-05-16 13:27:04,140361969439688,普通人。,深情一吻,[等级13],[粉丝团 Lv6]
2026-05-16 13:27:04,1049365068123705,不要对深爱的人说拜拜,我想要你爱我！,[等级16],[粉丝团 Lv2]
2026-05-16 13:27:04,101214330177,刘枭,张老黑,[等级18],[粉丝团 Lv5]
2026-05-16 13:27:04,1614559823013373,悲傷的旋律,想要你[捂脸],[等级11],[粉丝团 Lv10]
2026-05-16 13:27:05,1821211059824060,毛毛.,我想要你,[等级17],[粉丝团 Lv5]
2026-05-16 13:27:05,75459914386,野猫,要你呀,[等级20],[粉丝团 Lv9]
2026-05-16 13:27:05,603006804442072,无双✨,[微笑],[等级16],
2026-05-16 13:27:06,4433688919815223,玖绊,说白了白说了,[等级29],[粉丝团 Lv13]
2026-05-16 13:27:06,3123029805638711,开心就会发大财,520直播一天,[等级17],[粉丝团 Lv7]
2026-05-16 13:27:06,4112604411736253,兔粉妆,想要你哈哈,[等级15],[粉丝团 Lv10]
2026-05-16 13:27:06,91621209670,CC –7,[捂脸][捂脸],[等级11],[粉丝团 Lv6]
2026-05-16 13:27:06,470207716141453,座等斗地主,袜子,[等级11],[粉丝团 Lv11]
2026-05-16 13:27:06,1367445777424910,Eucalyptus 🐸,想要大嘴巴子,[等级24],[粉丝团 Lv14]
2026-05-16 13:27:07,96565447462,时宜,[捂脸][捂脸][捂脸][捂脸][捂脸],[等级30],[粉丝团:张君雅 Lv15]
2026-05-16 13:27:07,71179422214,-🤡-,要你,[等级14],[粉丝团 Lv1]
2026-05-16 13:27:07,69797074890,瑞【十月二十九】,[呲牙][呲牙][呲牙][呲牙],[等级18],[粉丝团 Lv11]
2026-05-16 13:27:07,1027410089477851,心魔,要你可以不,[等级3],
2026-05-16 13:27:07,109462981723,陌亿米,想要你,[等级25],[粉丝团 Lv1]
2026-05-16 13:27:07,2176686406252660,果壳,[捂脸][捂脸][捂脸][捂脸],[等级9],[粉丝团 Lv10]
2026-05-16 13:27:07,1732475847968701,火辣辣（正经二创）,我想要两个大嘴巴子,[等级24],[粉丝团 Lv11]
2026-05-16 13:27:08,103598016908,H、,丝袜,[等级12],
2026-05-16 13:27:08,452592066894947,ᯅ 对方已拒绝,要你直播一天,[等级7],[粉丝团 Lv4]
2026-05-16 13:27:08,93171998731,a屁桃,[捂脸][捂脸][捂脸],[等级15],[粉丝团 Lv11]
2026-05-16 13:27:09,501827075581870,三旬。,哈哈哈哈,[等级11],[粉丝团 Lv3]
2026-05-16 13:27:09,110012786240,小猫饼,[懵],[等级22],[粉丝团 Lv12]
2026-05-16 13:27:09,104278450082,🌈凡人多烦事,把你的旧电脑抽了吧,[等级17],[粉丝团 Lv2]
2026-05-16 13:27:09,289866577879726,练气百万年,黑丝[捂脸],[等级9],
2026-05-16 13:27:09,3988676638936008,Aurora-,予桉呢,[等级7],[粉丝团 Lv10]
2026-05-16 13:27:09,1777277832279591,等天亮,给我送个娘们[看],[等级22],[粉丝团 Lv6]
2026-05-16 13:27:09,50440656118,ღ᭄把心归零࿐,要大老黑[调皮][尬笑],[等级16],[粉丝团 Lv3]
2026-05-16 13:27:09,1618903418547639,江 远  歌  🔥,毛线[呲牙],[等级32],[粉丝团 Lv8]
2026-05-16 13:27:09,68033173728,Johnny✨⁵¹⁰⁷⁴,？,[等级31],[粉丝团 Lv16]
2026-05-16 13:27:10,2113722918903375,无语耶耶不酱,想要你的一个香吻,[等级11],[粉丝团 Lv3]
2026-05-16 13:27:10,7529408415518803002,《4》,你个老六,[等级7],[粉丝团 Lv1]
2026-05-16 13:27:10,106620842222,也许、我不懂,想要个女朋友[抠鼻],[等级15],
2026-05-16 13:27:11,60541008398,Nu：Yoah,[看],[等级12],
2026-05-16 13:27:11,96905665799,微凉,哈哈哈哈,[等级21],[粉丝团 Lv11]
2026-05-16 13:27:11,63712060181,🌞🌅,把公屏打在牛🍺上,[等级32],[粉丝团 Lv9]
2026-05-16 13:27:11,4358937121142893,小猪配骑,[捂脸][捂脸][捂脸],[等级16],[粉丝团 Lv7]
2026-05-16 13:27:11,111245002854,小小.,小嘴真甜,[等级14],[粉丝团 Lv2]
2026-05-16 13:27:11,69100515199,阿狸,浪漫的节日,[等级13],
2026-05-16 13:27:11,1341059843757268,Vincent,[无语流汗][无语流汗],[等级37],[粉丝团 Lv14]
2026-05-16 13:27:12,73950150310,是然宝吖 👧🏻,[吐血][吐血][吐血][吐血][吐血][吐血][吐血],[等级23],[粉丝团 Lv3]
2026-05-16 13:27:12,93196727601,且行且悟,[抠鼻],[等级27],[粉丝团 Lv13]
2026-05-16 13:27:12,93118804306,菡香大米⁹²⁰⁰,他们想要深情的一吻,[等级32],[粉丝团 Lv12]
2026-05-16 13:27:12,688737031306013,大大大朋友,欠欠的[捂脸],[等级20],[粉丝团 Lv10]
2026-05-16 13:27:12,92364586912,数字方块153，,房间里找,[等级11],[粉丝团 Lv9]
2026-05-16 13:27:12,1244252302486525,皆༯⋆̩̩͙✨如願·,要你[呲牙],[等级18],[粉丝团 Lv13]
2026-05-16 13:27:13,2052124494539603,屈北,666,[等级8],[粉丝团 Lv4]
2026-05-16 13:27:13,2129109692727048,8023,单身[捂脸][捂脸][捂脸],[等级17],[粉丝团 Lv10]
2026-05-16 13:27:13,294276813040877,好好的,张君雅香吻一枚[呲牙][呲牙],[等级19],[粉丝团 Lv11]
2026-05-16 13:27:13,2959541325269512,财,要你[比心][比心][比心],[等级23],[粉丝团 Lv11]
2026-05-16 13:27:13,3117841111319639,游钓、江湖,要大雅[捂脸][捂脸][捂脸][捂脸][捂脸][捂脸],[等级21],[粉丝团 Lv4]
2026-05-16 13:27:13,927578923217016,老恭仔,我想要张君雅,[等级22],
2026-05-16 13:27:14,69611671020,清风√,我想要张老黑开开心心的。,[等级13],[粉丝团 Lv4]
2026-05-16 13:27:14,105207726882504,小雄,想要你带我玩一局,[等级17],
2026-05-16 13:27:14,2824008837643668,Hom,我要你香香的飞吻[比心][比心],,
2026-05-16 13:27:14,64402027653,🇨🇳劉教授,想要满级张君雅,[等级32],[粉丝团 Lv6]
2026-05-16 13:27:14,440607453415,💕 ❧⁵²⁰革樊邓圣💕 ❧⁵²⁰,520快乐,[等级22],
2026-05-16 13:27:14,369075332585421,渡。,送丝袜,[等级14],[粉丝团 Lv2]
2026-05-16 13:27:14,3378144954030583,用户726,黑子们这是你们的一辈子,[等级7],[粉丝团 Lv6]
2026-05-16 13:27:15,4162095481363833,mrtang,要黑丝,,
2026-05-16 13:27:17,2950740333835965,醒必静（重生版),我想要深情一吻,[等级30],[粉丝团 Lv15]
2026-05-16 13:27:18,63712060181,🌞🌅,把公屏打在牛🍺上,[等级32],[粉丝团 Lv9]
2026-05-16 13:27:18,110196148650,ℒᎭℯ⃝江哥,还有没有袜子。,[等级31],[粉丝团 Lv11]
2026-05-16 13:27:18,71126905166,抖音小肋手,[捂脸][捂脸],[等级11],[粉丝团 Lv10]
2026-05-16 13:27:18,110490267772,帖子,举报窥子开透视[赞][赞],[等级12],[粉丝团 Lv11]
2026-05-16 13:27:19,59729330261,中国π,我想要张老黑,[等级14],[粉丝团 Lv12]
2026-05-16 13:27:19,105413483630,永恒♡,开房间赛吧  粉丝见面会,[等级24],[粉丝团 Lv9]
2026-05-16 13:27:19,428124200521483,伤了心后不在有,深情一吻,,
2026-05-16 13:27:20,1352860449374844,忘记了,爱播洗干净可以嘛[看],[等级9],
2026-05-16 13:27:20,417402907793757,崏,我想看雷神,[等级7],
2026-05-16 13:27:20,2148905831895459,7天,唉，我单身狗,[等级3],
2026-05-16 13:27:20,7409694092488164412,一生一世亿双人,我什么都不要 只想要深情一吻,[等级33],[粉丝团 Lv9]
2026-05-16 13:27:20,87624322488,“未来自己掌握”,麻烦大家点点关注点点赞,[等级31],[粉丝团 Lv12]
2026-05-16 13:27:20,63712060181,🌞🌅,把公屏打在牛🍺上,[等级32],[粉丝团 Lv9]
2026-05-16 13:27:21,67113017376,👱🏻Kennethwoman👱🏻,想要张老黑大耳瓜子,[等级4],[粉丝团 Lv9]
2026-05-16 13:27:24,1623345931224240,油炸包龙星,我想买你的香吻👄,[等级4],[粉丝团 Lv5]
2026-05-16 13:27:24,55159220102,BWRZ（记录美好）,你还不如不让我知道[懵][懵],[等级36],[粉丝团 Lv16]
2026-05-16 13:27:25,93196727601,且行且悟,不要啥都不要,[等级27],[粉丝团 Lv13]
2026-05-16 13:27:27,103598016908,H、,要丝袜,[等级12],
2026-05-16 13:27:27,10780303618,隔壁老陈,想要香香软软甜甜的君雅[捂脸][捂脸][捂脸],[等级22],[粉丝团 Lv14]
2026-05-16 13:27:27,2959541325269512,财,要你[比心][比心][比心],[等级23],[粉丝团 Lv11]
2026-05-16 13:27:27,2629642608706254,沐沐，,要你,[等级18],
2026-05-16 13:27:27,4221762087166973,拒绝刘亦菲18402次,想吃爱情的苦,[等级4],[粉丝团 Lv2]
2026-05-16 13:27:27,611745857801143,灰色,这套衣服多少钱,[等级6],
2026-05-16 13:27:28,96005113653,山海声,礼物给你们放在淘宝里了要什么自己买就行[看][看],[等级23],[粉丝团 Lv6]
2026-05-16 13:27:28,1838847804575764,老农民A1,[发呆][发呆][发呆][发呆]难道你给钱,[等级33],[粉丝团 Lv15]
2026-05-16 13:27:28,97443902310,💞ঞ᭄小情绪ഒᩚ࿐,张老黑520不给送丝袜[捂脸],[等级15],[粉丝团 Lv6]
2026-05-16 13:27:29,7496135397744133179,要早起🦄,要你,[等级9],[粉丝团 Lv10]
2026-05-16 13:27:29,101214330177,刘枭,想要你带我吃把鸡,[等级18],[粉丝团 Lv5]
2026-05-16 13:27:29,1358647634697495,♬ 8+1♬,520   没对象   都咋过的,[等级11],
2026-05-16 13:27:29,67936016602,黑风寨萧瑟(嗷呜~),想要个女朋友[看],[等级29],[粉丝团 Lv15]
2026-05-16 13:27:29,3438869767791208,金鼠纳福,别人家粉丝灯牌9级都有礼物,[等级35],[粉丝团 Lv11]
2026-05-16 13:27:30,69894844197,@谭二旺,想看看爱播露脸直播[捂脸][捂脸][捂脸],[等级32],[粉丝团 Lv10]
2026-05-16 13:27:31,2629642608706254,沐沐，,要你,[等级18],
2026-05-16 13:27:31,92313431912,罖亽,想要你,[等级25],[粉丝团 Lv5]
2026-05-16 13:27:31,862482522189421,姓黄的璜先森🎵,洗干净等我就行了,[等级2],
2026-05-16 13:27:35,4037060322140430,·ᰔᩚಇ上上ജ签ഒᩚ,豪宅,[等级15],[粉丝团 Lv12]
2026-05-16 13:27:36,3557665193860644,梅钞疯 󰠇,麻子哥锤你的话，早没了,[等级20],[粉丝团 Lv12]
2026-05-16 13:27:36,521642863761721,臭鱼,我正想说呢！你这句自己买。[捂脸],[等级1],
2026-05-16 13:27:37,96293235234,每天都要看妞,想住张老黑大房子[捂脸][捂脸][捂脸][捂脸][捂脸],[等级12],[粉丝团 Lv5]
2026-05-16 13:27:37,3430895678660199,就要李_发财,520你直播一整天呗[呲牙][呲牙],[等级29],
2026-05-16 13:27:41,71182599202,TNT,要给张君雅一次,[等级12],
2026-05-16 13:27:42,105076731771,钟期,想要跟你接吻[捂脸][捂脸],[等级22],[粉丝团 Lv2]
2026-05-16 13:27:43,297345567958281,憨不拢怂,520不是出轨节吗[呲牙][呲牙][呲牙],[等级30],[粉丝团 Lv3]
2026-05-16 13:27:43,97705467114,ジ晴宝🩷,没滴滴的，赶紧滴滴，马上520了,[等级25],[粉丝团 Lv12]
2026-05-16 13:27:45,3952084971952764,离葉,图卡盟，手感怎么样,,
2026-05-16 13:27:46,100035685959,光明磊落,穿小白袜的成都妹妹,[等级6],
2026-05-16 13:27:47,97600677185,晓乔治ovo,予桉那么长时间不直播了,[等级38],[粉丝团 Lv13]
2026-05-16 13:27:48,1257437656002798,某某.,送个香吻在直播间,[等级34],[粉丝团:张君雅 Lv16]
2026-05-16 13:27:48,1276987230137771,ber,我是女的，520急需爱播吻我[比心],,
2026-05-16 13:27:48,96822844982,良先生,想去洗一次脚,[等级21],
2026-05-16 13:27:50,92313431912,罖亽,你是我永远得不到的女人[捂脸],[等级25],[粉丝团 Lv5]
2026-05-16 13:27:52,738510076381757,李辰曦,君雅，我要跟你相亲,[等级20],[粉丝团 Lv7]
2026-05-16 13:27:55,87797456056,菌,520想要君雅加班一整天，我就可以看一整天了。,[等级20],
2026-05-16 13:27:56,2091750962240592,万千,张老吹,,
2026-05-16 13:27:58,97610404908,PL,被六了 咋整,[等级15],
2026-05-16 13:27:58,4226980784639853,🌈苏阳,想要直播间一个女粉做我女朋友,[等级21],[粉丝团 Lv13]
2026-05-16 13:27:59,110326517870,果果儿,又开了？,[等级4],[粉丝团 Lv3]
2026-05-16 13:28:00,87624322488,“未来自己掌握”,点点关注不迷路，主播带你上高速[捂脸][捂脸][捂脸][捂脸][捂脸],[等级31],[粉丝团 Lv12]
2026-05-16 13:28:00,104600621959,戒心,解放全海岛活捉张君雅,[等级26],[粉丝团 Lv8]
2026-05-16 13:28:01,104284788162,༺好运🍀加满໊ཀོ࿐,把你的号 拿出来抽了吧[捂脸],[等级21],[粉丝团 Lv9]
2026-05-16 13:28:03,71126905166,抖音小肋手,直播间的一万兄弟姐妹们大家给君雅点点赞吧，上上赞吧！一起点有加成[比心][比心][比心],[等级11],[粉丝团 Lv10]
2026-05-16 13:28:08,1226649651380333,🪲拾記憶,还有没有丝袜,[等级14],
2026-05-16 13:28:08,71126905166,抖音小肋手,直播间的一万兄弟姐妹们大家给君雅点点赞吧，上上赞吧！一起点有加成[比心][比心][比心],[等级11],[粉丝团 Lv10]
2026-05-16 13:28:09,4097245591642122,ദ്ദി,爱播现在还有丝袜送吗？,[等级4],[粉丝团 Lv6]
2026-05-16 13:28:12,98839716639,师兄,昨天的吧，在上一把那个大仓那[捂脸][捂脸],[等级32],[粉丝团 Lv4]
2026-05-16 13:28:14,103198959449,坣__朲,还是上把队友？,[等级12],[粉丝团 Lv10]
2026-05-16 13:28:15,2858372891937864,西红柿炒鸡蛋,该拉屎了吧，到点了,[等级18],[粉丝团 Lv5]
2026-05-16 13:28:16,103721083714,🥔🌱,开饭了开饭了,[等级20],[粉丝团 Lv11]
2026-05-16 13:28:18,521642863761721,臭鱼,想让你带我吃鸡,[等级1],
2026-05-16 13:28:22,55159220102,BWRZ（记录美好）,@姓黄的璜先森🎵 [打脸][打脸][打脸]牌子都没有不配,[等级36],[粉丝团 Lv16]
2026-05-16 13:28:23,4221762087166973,拒绝刘亦菲18402次,5.20准备去火车站玩玩,[等级4],[粉丝团 Lv2]
2026-05-16 13:28:24,4256901006898765,⠀ 立刻有,[捂脸],[等级9],
2026-05-16 13:28:27,2894335097708382,china老王,想要听你说0夜,[等级12],[粉丝团 Lv10]
2026-05-16 13:28:29,3430895678660199,就要李_发财,520想要君雅直播一整天的公屏上扣《想要》,[等级29],
2026-05-16 13:28:29,2052124494539603,屈北,[看],[等级8],[粉丝团 Lv4]
2026-05-16 13:28:29,4376474664319053,Together、,雅姐这号也是极品,[等级2],
2026-05-16 13:28:31,61752680475,終柔,有一起玩的没,[等级22],
2026-05-16 13:28:36,58600333289,Heartbeat.,局哥直播间抢的小心心送给君雅,[等级15],[粉丝团 Lv9]
2026-05-16 13:28:37,1512542077459805,记得晒太阳,哎没有碎碎念的队友吗,[等级18],[粉丝团 Lv9]
2026-05-16 13:28:41,2524940450925799,相忘于江湖,昨晚有一把22杀，灭队好几车[666],[等级35],
2026-05-16 13:28:43,77739939467,旅程...,深情有人要你吻他,[等级14],[粉丝团 Lv7]
2026-05-16 13:28:44,1714836544962407,曾令涛,张俊雅。俗称张老黑。别名张雅坤。外号坤姐。,[等级24],[粉丝团 Lv4]
2026-05-16 13:28:45,2365795517868014,҈҉҈҉҈҉҈҉҈҉҈҉ဗီူ⸜⸝ဗီူ,过几天不知道谁又要被挨揍了[流泪],[等级10],[粉丝团 Lv1]
2026-05-16 13:28:47,3883101576503096,道140787795,开麦,[等级13],[粉丝团 Lv11]
2026-05-16 13:28:50,1116706069814798,苏哥119,都没开麦,[等级4],[粉丝团 Lv3]
2026-05-16 13:28:52,2858372891937864,西红柿炒鸡蛋,张老黑，该拉屎了，到点了,[等级18],[粉丝团 Lv5]
2026-05-16 13:28:56,55159220102,BWRZ（记录美好）,[衰][干饭人],[等级36],[粉丝团 Lv16]
2026-05-16 13:29:00,2093067748255504,@？～￥￥￥￥ycfx,怼黑子就得爆粗口，骂死他,[等级13],[粉丝团 Lv13]
2026-05-16 13:29:02,2950740333835965,醒必静（重生版),深情舌头都麻了[捂脸][捂脸],[等级30],[粉丝团 Lv15]
2026-05-16 13:29:10,84159073433,不入戏🍃,开麦兑油[捂脸],[等级20],[粉丝团 Lv12]
2026-05-16 13:29:22,55159220102,BWRZ（记录美好）,[懵][懵],[等级36],[粉丝团 Lv16]
2026-05-16 13:29:28,2274247923467549,知遇👣,@曾令涛 你知道的真的显的你了,[等级24],[粉丝团 Lv10]
2026-05-16 13:29:28,66446438256,🐮🐰,@哈喽啊啊额个 南瓜车[捂脸],[等级10],[粉丝团 Lv8]
2026-05-16 13:29:32,3883101576503096,道140787795,这火三轮骚气,[等级13],[粉丝团 Lv11]
2026-05-16 13:29:41,72117217430,你睡了没🫧,上把吃鸡了吗，家人们,[等级11],
2026-05-16 13:29:43,3117857857342636,一搓一蹦跶,这三轮怎么花里胡哨的[捂脸][捂脸][捂脸]第一次见,[等级33],[粉丝团 Lv3]
2026-05-16 13:29:43,61088081565,精彩人生,@西红柿炒鸡蛋 主播现在吃饭拉屎都有人管了吗[捂脸][捂脸][捂脸],[等级20],[粉丝团 Lv13]
2026-05-16 13:29:51,2052124494539603,屈北,[看],[等级8],[粉丝团 Lv5]
2026-05-16 13:29:53,68422483360,深情不及久伴,@你睡了没🫧 包的,[等级25],[粉丝团 Lv11]
2026-05-16 13:30:01,2395184081945055,忙里偷闲⁵¹⁰⁷⁴,点亮灯牌，点亮灯牌的各位帅哥美女，心想事成，一夜暴富[比心][比心][比心],[等级29],[粉丝团 Lv15]
2026-05-16 13:30:04,2274247923467549,知遇👣,@你睡了没🫧 吃了你送华子啊,[等级24],[粉丝团 Lv10]
2026-05-16 13:30:04,2395184081945055,忙里偷闲⁵¹⁰⁷⁴,来都来了，点点关注，亮灯牌❤️❤️❤️送送小心心,[等级29],[粉丝团 Lv15]
2026-05-16 13:30:06,659358177043372,李静雨,三级甲不要？,[等级25],[粉丝团 Lv5]
2026-05-16 13:30:06,60392815249,🌈哲爸爸,三级甲[捂脸][捂脸][捂脸],[等级30],[粉丝团 Lv11]
2026-05-16 13:30:14,105463503267,我的名字,@一搓一蹦跶 看轮胎，转起来晕眼睛[害羞][灵机一动],[等级16],[粉丝团 Lv10]
2026-05-16 13:30:15,63027055055,美女社社长,雅雅我来晚了，快安慰一下我,[等级2],
2026-05-16 13:30:19,76906887668,墨蓝,甲,[等级14],[粉丝团 Lv2]
2026-05-16 13:30:36,61835779108,二毛,[666],[等级32],[粉丝团 Lv15]
2026-05-16 13:30:39,3795156287621927,拾欢,老实了[捂脸],[等级15],[粉丝团 Lv13]
2026-05-16 13:30:41,97806080834,🚬ღ᭄辭ꦿ࿐,[666][666][666],[等级21],[粉丝团 Lv15]
2026-05-16 13:30:44,1276987230137771,ber,实在不行猫局送给我一天行吗，我觊觎猫局好久了[舔屏],,
2026-05-16 13:30:48,93316149550,七七💋,这队真菜,[等级27],
2026-05-16 13:30:51,92461848227,煜,[捂脸][捂脸][捂脸],[等级13],[粉丝团 Lv11]
2026-05-16 13:30:54,71126905166,抖音小肋手,[捂脸][捂脸][捂脸],[等级11],[粉丝团 Lv10]
2026-05-16 13:30:55,1049365068123705,不要对深爱的人说拜拜,诶哟,[等级16],[粉丝团 Lv2]
2026-05-16 13:30:59,135964883951687,you(^_^)丹,这车[捂脸],[等级9],
2026-05-16 13:31:04,56505883242,Fara,卖了[捂脸],[等级15],[粉丝团 Lv12]
2026-05-16 13:31:04,55159220102,BWRZ（记录美好）,@美女社社长 我帮你[打脸][打脸][打脸][打脸][打脸][打脸][打脸][打脸][打脸][打脸][打脸]好了吗,[等级36],[粉丝团 Lv16]
2026-05-16 13:31:08,73133140989,行稳致远,笑脸给多了[捂脸],[等级31],[粉丝团 Lv15]
2026-05-16 13:31:09,1807239114666904,·喵了个咪,跑了,[等级20],[粉丝团 Lv15]
2026-05-16 13:31:11,109042802862,有点困,这车跟拖拉机一样[捂脸],[等级14],
2026-05-16 13:31:19,103443020055,星空下的簇火,装备好的，打的都菜[捂脸],[等级23],
2026-05-16 13:31:24,99312110710,Hl海龙,这小三轮好安逸,[等级17],
2026-05-16 13:31:28,65767160127,琬渝,猴子？,[等级21],[粉丝团 Lv13]
2026-05-16 13:31:35,1049365068123705,不要对深爱的人说拜拜,诶哟,[等级16],[粉丝团 Lv2]
2026-05-16 13:31:42,3795156287621927,拾欢,[捂脸],[等级15],[粉丝团 Lv13]
2026-05-16 13:31:44,93014642999,🌈南山楠,哈哈哈,[等级11],[粉丝团 Lv10]
2026-05-16 13:31:45,2612854942864519,歪c,牛批,[等级16],[粉丝团 Lv10]
2026-05-16 13:31:46,61624904933,西 瓜,[捂脸][捂脸][捂脸][捂脸],[等级13],[粉丝团 Lv11]
2026-05-16 13:31:47,55159220102,BWRZ（记录美好）,哦里谢[看],[等级36],[粉丝团 Lv16]
2026-05-16 13:31:48,2782225270309235,问心,卸了怎么感觉跑得快啊,[等级13],[粉丝团 Lv8]
2026-05-16 13:31:48,4508316446,大闸蟹（黎明中的花朵）,[坏笑][绝望的凝视],[等级40],[粉丝团:张君雅 Lv16]
2026-05-16 13:31:49,1910275027515595,丽哥づ,就是牛啊,[等级2],
2026-05-16 13:31:53,84159073433,不入戏🍃,真的会谢[捂脸][捂脸],[等级20],[粉丝团 Lv12]
2026-05-16 13:31:56,1049365068123705,不要对深爱的人说拜拜,诶哟，我爱听,[等级16],[粉丝团 Lv2]
2026-05-16 13:31:56,97139351243,瑶不起ིྀ,卸了更好开了,[等级18],[粉丝团 Lv11]
2026-05-16 13:32:05,75634525708,༄᭄冰封ꦿᩚ࿐,卸胎？卸宝庆啊！,[等级22],[粉丝团 Lv14]
2026-05-16 13:32:16,98352713415,我不认识你,队友正确[捂脸][捂脸],[等级11],
2026-05-16 13:32:27,55159220102,BWRZ（记录美好）,@大闸蟹（黎明中的花朵） 以后请叫哦里蟹[看],[等级36],[粉丝团 Lv16]
2026-05-16 13:32:28,4112604411736253,兔粉妆,牛哦,[等级15],[粉丝团 Lv10]
2026-05-16 13:32:30,3722285933933771,群众里面有坏人,[捂脸][捂脸][捂脸],[等级4],[粉丝团 Lv8]
2026-05-16 13:32:31,71126905166,抖音小肋手,[捂脸],[等级11],[粉丝团 Lv10]
2026-05-16 13:32:36,2524940450925799,相忘于江湖,队友很配合[捂脸],[等级35],
2026-05-16 13:32:42,58357264093,星禾·辰,低调点,[等级17],[粉丝团 Lv8]
2026-05-16 13:32:51,97975100112,风与纸片人丶,单排？,[等级10],[粉丝团 Lv5]
2026-05-16 13:32:52,4165407898869996,每天对被子表白,单人4排,[等级5],[粉丝团 Lv2]
2026-05-16 13:32:55,71126905166,抖音小肋手,完啦，单排,[等级11],[粉丝团 Lv10]
2026-05-16 13:32:56,2005142166316856,fgg,单四开启,[等级8],[粉丝团 Lv4]
2026-05-16 13:32:56,809721520985592,爱吃蜂蜜.,去1V4啊加油加油,[等级21],[粉丝团 Lv7]
2026-05-16 13:32:57,104600621959,戒心,单人四排,[等级26],[粉丝团 Lv8]
2026-05-16 13:32:59,95873546804,过去式、,单四了,[等级5],
2026-05-16 13:32:59,4508316446,大闸蟹（黎明中的花朵）,@BWRZ（记录美好） 哈哈哈哈哈哈[捂脸],[等级40],[粉丝团:张君雅 Lv16]
2026-05-16 13:33:01,60876735247,九月是只喵,OK雅，现在又可以看老黑1v4了，队友全隔屁了[捂脸][捂脸][捂脸],[等级16],[粉丝团 Lv13]
2026-05-16 13:33:05,102200676908,此刻,[偷笑][思考],[等级19],
2026-05-16 13:33:07,2782225270309235,问心,又得打猥琐一点了,[等级13],[粉丝团 Lv8]
2026-05-16 13:33:10,64197226920,✨蔻楠丶,又又又又又又单四了[捂脸][捂脸][捂脸],[等级19],[粉丝团 Lv10]
2026-05-16 13:33:11,64891362014,灵子,又1V4了,[等级9],[粉丝团 Lv5]
2026-05-16 13:33:11,3844328141621256,✨刘杨⭐️,又1打4,[等级16],[粉丝团 Lv7]
2026-05-16 13:33:12,104806848587,Hcx,单打没意思,[等级2],
2026-05-16 13:33:12,98315502176,掂过禄蔗,局哥呢？,[等级10],[粉丝团 Lv2]
2026-05-16 13:33:13,58642685107,@黄麒,第一个包，应该有密匙,[等级11],[粉丝团 Lv10]
2026-05-16 13:33:14,103275379177,在机场等艘船,@九月是只喵,[等级17],[粉丝团 Lv12]
2026-05-16 13:33:18,92461848227,煜,又单四了[捂脸],[等级13],[粉丝团 Lv11]
2026-05-16 13:33:19,81159556291,奥利给,丸辣,[等级29],[粉丝团 Lv12]
2026-05-16 13:33:20,7540640742583125050,🦐捂好,队友有实力但不多,[等级29],[粉丝团 Lv3]
2026-05-16 13:33:20,1695912684950956,咻,回去舔包有钥匙,[等级4],
2026-05-16 13:33:20,103275379177,在机场等艘船,@✨蔻楠丶,[等级17],[粉丝团 Lv12]
2026-05-16 13:33:21,91737162584,AI助手,你这是打算走鲨鱼的后路？,[等级21],
2026-05-16 13:33:21,143387746377295,冬季🙆,又成单四了,,
2026-05-16 13:33:22,3143595301,懒洋洋,又孤军奋战了[看],[等级26],[粉丝团 Lv12]
2026-05-16 13:33:26,2005142166316856,fgg,又要穿猴批了,[等级8],[粉丝团 Lv4]
2026-05-16 13:33:26,104600621959,戒心,1v62,[等级26],[粉丝团 Lv8]
2026-05-16 13:33:29,4508316446,大闸蟹（黎明中的花朵）,@BWRZ（记录美好） only 蟹[坏笑][绝望的凝视],[等级40],[粉丝团:张君雅 Lv16]
2026-05-16 13:33:31,600812307624723,心事,又要苟着打了,[等级11],[粉丝团 Lv6]
2026-05-16 13:33:32,55159220102,BWRZ（记录美好）,主播又到了熟悉的对决[看],[等级36],[粉丝团 Lv16]
2026-05-16 13:33:34,73133140989,行稳致远,这波队友不谈,[等级31],[粉丝团 Lv15]
2026-05-16 13:33:36,61835779108,二毛,天天都1v4,[等级32],[粉丝团 Lv15]
2026-05-16 13:33:38,55159220102,BWRZ（记录美好）,[大笑][偷笑],[等级36],[粉丝团 Lv16]
2026-05-16 13:33:39,3430895678660199,就要李_发财,开预测，这局能不能吃鸡[呲牙][呲牙],[等级29],
2026-05-16 13:33:43,93032203992,秀儿⁵¹⁰⁷⁴,@心事 不然呢？？？,[等级19],[粉丝团 Lv12]
2026-05-16 13:33:43,64197226920,✨蔻楠丶,@在机场等艘船 ？？？,[等级19],[粉丝团 Lv10]
2026-05-16 13:33:44,99667182230,秋·初禾,单人四排,[等级43],
2026-05-16 13:33:47,98733476579,伱还有遗憾吗.,我真的感觉这样打的话，还不如去打单4弃气队友于不顾,[等级10],[粉丝团 Lv10]
2026-05-16 13:33:49,63681751670,꒰๑˘ᴗ˘๑꒱*.不给🍬就捣蛋˚◌,[666],[等级14],[粉丝团 Lv12]
2026-05-16 13:33:51,17211517315160,☆_☆星空☆_☆,孤家寡人了[捂脸][捂脸][捂脸][捂脸][捂脸][捂脸],[等级15],
2026-05-16 13:34:03,51208997380,c～j,[色][色],[等级3],
2026-05-16 13:34:04,73133140989,行稳致远,对 主要是人太多了 [捂脸],[等级31],[粉丝团 Lv15]
2026-05-16 13:34:09,118363425610868,★ · 十月冬羊．,@伱还有遗憾吗. 感觉你还是不要看。：因为你看不懂。,[等级22],[粉丝团 Lv15]
2026-05-16 13:34:10,1049365068123705,不要对深爱的人说拜拜,队友都跑了,[等级16],[粉丝团 Lv2]
2026-05-16 13:34:11,73647036676,捣蛋熊,@伱还有遗憾吗. 她又不是菩萨,[等级20],[粉丝团 Lv12]
2026-05-16 13:34:11,108698943317,魏,@伱还有遗憾吗. 你的感觉不重要,[等级27],[粉丝团 Lv12]
2026-05-16 13:34:17,7612951911537198138,一条锦鲤游啊游～,又是1v4的一天,[等级6],[粉丝团 Lv2]
2026-05-16 13:34:17,1257437656002798,某某.,队友自己没打过又怪上她了,[等级34],[粉丝团:张君雅 Lv16]
2026-05-16 13:34:25,68422483360,深情不及久伴,@伱还有遗憾吗. 别看了,[等级25],[粉丝团 Lv11]
2026-05-16 13:34:30,874847890575219,陈晓北,枪下留马,[等级3],[粉丝团 Lv3]
2026-05-16 13:34:35,2905369106198536,Chase·Jungle,[捂脸],[等级10],[粉丝团 Lv6]
2026-05-16 13:34:36,98733476579,伱还有遗憾吗.,只是说个实话而已,[等级10],[粉丝团 Lv10]
2026-05-16 13:34:37,93014642999,🌈南山楠,不要虚,[等级11],[粉丝团 Lv10]
2026-05-16 13:34:39,1049365068123705,不要对深爱的人说拜拜,呼呼，快跑,[等级16],[粉丝团 Lv2]
2026-05-16 13:34:40,2274247923467549,知遇👣,@伱还有遗憾吗. 飞一起了吗她这边来一队怎么没有人帮忙,[等级24],[粉丝团 Lv10]
2026-05-16 13:34:46,6472167828,顺城,咬不动你[捂脸],[等级22],[粉丝团 Lv15]
2026-05-16 13:34:48,3883101576503096,道140787795,队友没了吗？,[等级13],[粉丝团 Lv11]
2026-05-16 13:34:48,3852312079508893,奋～斗～的～小～蝌～蚪,来抓你了,[等级6],
2026-05-16 13:34:48,2294045516499104,嘟,@伱还有遗憾吗. 我们说的也是实话[捂脸],[等级13],[粉丝团 Lv10]
2026-05-16 13:34:49,58916901302,解广星,[比心],[等级32],[粉丝团 Lv6]
2026-05-16 13:34:52,93032203992,秀儿⁵¹⁰⁷⁴,队友死了就是主播的错？？？？,[等级19],[粉丝团 Lv12]
2026-05-16 13:34:52,68422483360,深情不及久伴,@伱还有遗憾吗. 队友菜也要怪他?你这是什么逻辑,[等级25],[粉丝团 Lv11]
2026-05-16 13:34:53,97476680874,Y-Fed3-Arq,摊上事了,[等级30],[粉丝团 Lv8]
2026-05-16 13:34:54,55159220102,BWRZ（记录美好）,惹事咋办[看],[等级36],[粉丝团 Lv16]
2026-05-16 13:34:54,59217910423,哈哈阿哈哈,把他们带去集装箱,[等级11],
2026-05-16 13:34:55,62163069622,鱼宝在编绳📿,君雅想怎么打就怎么打，想掌控全局的自己去开游戏,[等级20],[粉丝团 Lv13]
2026-05-16 13:34:58,71126905166,抖音小肋手,蒜鸟蒜鸟都不容易[捂脸][捂脸][捂脸],[等级11],[粉丝团 Lv10]
2026-05-16 13:34:59,118363425610868,★ · 十月冬羊．,@伱还有遗憾吗. 我也说实话而已。：外面这么多主播还不够你看吗？,[等级22],[粉丝团 Lv15]
2026-05-16 13:35:00,2933091313655323,❤️‍🔥吃不胖❤️‍🔥,带他们去集装箱,[等级33],[粉丝团 Lv15]
2026-05-16 13:35:00,73026127145,ver,把他们引到集装箱区,[等级30],
2026-05-16 13:35:04,2172229561625960,好嗨哟,别怂一起干,[等级25],[粉丝团 Lv13]
2026-05-16 13:35:05,55159220102,BWRZ（记录美好）,海岛你解决[看],[等级36],[粉丝团 Lv16]
2026-05-16 13:35:05,3872936266307229,莫,最近怎么没和猫一起打了？,[等级13],
2026-05-16 13:35:05,2755827023239035,用户2319682823939,[捂脸][捂脸]好喜欢她这个碎碎念，好助眠,[等级2],[粉丝团 Lv2]
2026-05-16 13:35:06,93032203992,秀儿⁵¹⁰⁷⁴,@伱还有遗憾吗. 队友没了也怪主播？,[等级19],[粉丝团 Lv12]
2026-05-16 13:35:08,64197226920,✨蔻楠丶,[捂脸],[等级19],[粉丝团 Lv10]
2026-05-16 13:35:09,101393000279,兰肃,打你的是开车的，我是骑马的，我路过,[等级25],[粉丝团 Lv13]
2026-05-16 13:35:09,111064762512,奕宸麻麻,偷你车,[等级13],[粉丝团 Lv4]
2026-05-16 13:35:11,61835779108,二毛,[捂脸][捂脸],[等级32],[粉丝团 Lv15]
2026-05-16 13:35:13,73133140989,行稳致远,你还说上实话了 你会说话吗 [捂脸],[等级31],[粉丝团 Lv15]
2026-05-16 13:35:14,97139351243,瑶不起ིྀ,哈哈哈,[等级18],[粉丝团 Lv11]
2026-05-16 13:35:15,4112604411736253,兔粉妆,@伱还有遗憾吗. 说得跟队友救过你命一样😂,[等级15],[粉丝团 Lv10]
2026-05-16 13:35:16,3408098413512419,心静自然,[捂脸][捂脸][捂脸],[等级30],[粉丝团 Lv11]
2026-05-16 13:35:17,135964883951687,you(^_^)丹,[捂脸],[等级9],
2026-05-16 13:35:17,71126905166,抖音小肋手,[捂脸][捂脸][捂脸],[等级11],[粉丝团 Lv10]
2026-05-16 13:35:17,64197226920,✨蔻楠丶,这摩托车有点眼熟,[等级19],[粉丝团 Lv10]
2026-05-16 13:35:19,75211442426,曾正勇,光说游戏不能打，高手在那里都知道,[等级17],
2026-05-16 13:35:19,63027055055,美女社社长,是他们摊上事了吧,[等级2],
2026-05-16 13:35:20,66446438256,🐮🐰,这么有缘分,[等级10],[粉丝团 Lv8]
2026-05-16 13:35:25,3408098413512419,心静自然,笑的肚子疼[捂脸],[等级30],[粉丝团 Lv11]
2026-05-16 13:35:25,91667435850,大仙一起鸭𓅿𓅹𓆝𓆟,别怂呀,[等级19],[粉丝团 Lv4]
2026-05-16 13:35:28,19120227047,小无双,人机,[等级3],
2026-05-16 13:35:30,84341855235,今天要早睡（不困）,路过都得挨两梭子,[等级18],[粉丝团 Lv14]
2026-05-16 13:35:31,68422483360,深情不及久伴,把你摩托车骑过来了[捂脸][捂脸],[等级25],[粉丝团 Lv11]
2026-05-16 13:35:35,102200676908,此刻,哈哈哈,[等级19],
2026-05-16 13:35:38,61270934740,新凯合万象零重力热压圆弧机（湖北）,老6,[等级4],
2026-05-16 13:35:38,84341855235,今天要早睡（不困）,匹配到她就得离得远远的,[等级18],[粉丝团 Lv14]
2026-05-16 13:35:42,91667435850,大仙一起鸭𓅿𓅹𓆝𓆟,别怂呀，不是你的作风,[等级19],[粉丝团 Lv4]
2026-05-16 13:35:44,92671369236,🌈欧气虫虫喔,又独狼啦[捂脸],[等级13],[粉丝团 Lv5]
2026-05-16 13:35:46,101393000279,兰肃,你是骑马的,[等级25],[粉丝团 Lv13]
2026-05-16 13:35:46,3117857857342636,一搓一蹦跶,这花里胡哨的车子看见还挺眼熟的[捂脸],[等级33],[粉丝团 Lv3]
2026-05-16 13:35:49,622797099112921,一句晚安,主播给我报仇,[等级6],
2026-05-16 13:35:53,2950740333835965,醒必静（重生版),人机还开有皮肤的车,[等级30],[粉丝团 Lv15]
2026-05-16 13:35:55,2274247923467549,知遇👣,@伱还有遗憾吗. 你自己去打要求别人干什么让你说实话了吗,[等级24],[粉丝团 Lv10]
2026-05-16 13:35:58,2129109692727048,8023,一起上！别怂啊,[等级17],[粉丝团 Lv10]
2026-05-16 13:36:00,61270934740,新凯合万象零重力热压圆弧机（湖北）,路过的狗都得挨两巴掌,[等级4],
2026-05-16 13:36:04,2524940450925799,相忘于江湖,他给你送摩托车的，你却要打死他[捂脸],[等级35],
2026-05-16 13:36:05,2395184081945055,忙里偷闲⁵¹⁰⁷⁴,来都来了，点点关注，亮灯牌❤️❤️❤️送送小心心,[等级29],[粉丝团 Lv15]
2026-05-16 13:36:06,622797099112921,一句晚安,想去给你送无人机的被打了,[等级6],
2026-05-16 13:36:07,60644041895,Ꮩ࿆Ꭵ࿆Ꮲ◎   ❁海❁,人机就想还个车,[等级26],[粉丝团 Lv14]
2026-05-16 13:36:10,1049365068123705,不要对深爱的人说拜拜,张老黑又准备去苟分了吗？,[等级16],[粉丝团 Lv2]
2026-05-16 13:36:11,2395184081945055,忙里偷闲⁵¹⁰⁷⁴,来都来了，点点关注，亮灯牌❤️❤️❤️送送小心心,[等级29],[粉丝团 Lv15]
2026-05-16 13:36:12,68422483360,深情不及久伴,@醒必静（重生版) 他偷的[捂脸][捂脸]人人机最爱偷车,[等级25],[粉丝团 Lv11]
2026-05-16 13:36:13,65103907362,憨憨小哥,这里有两个包没舔,[等级6],
2026-05-16 13:36:17,63027055055,美女社社长,丫丫每天晚上看你直播然后白天打瞌睡，有没有枸杞原浆卖,[等级2],
2026-05-16 13:36:19,603006804442072,无双✨,真爱偷人,[等级16],
2026-05-16 13:36:22,833864502346924,洋芋搅团,一转眼，队友咋没了,[等级2],
2026-05-16 13:36:25,97600677185,晓乔治ovo,@一句晚安 啊？,[等级38],[粉丝团 Lv13]
2026-05-16 13:36:25,69894844197,@谭二旺,可以往山上走，高打低有优势,[等级32],[粉丝团 Lv10]
2026-05-16 13:36:28,95424642604,盐城连云港深孔钻加工,这个场景我看了没有一百次也有八十了[捂脸],[等级35],
2026-05-16 13:36:28,2027961105792055,很想听你唱歌,支持主播,,
2026-05-16 13:36:29,101875225014,🐮,给马儿吃点草呀,[等级15],[粉丝团 Lv7]
2026-05-16 13:36:30,92294124549,空^〇^白,玛卡巴卡要来了[看],[等级6],[粉丝团 Lv6]
2026-05-16 13:36:30,1968604174630651,好运连连,我来给你送无人机，你就把我打死了,[等级10],[粉丝团 Lv9]
2026-05-16 13:36:30,68399905395,那个男人,这把死了晚上得打5把才能回本[捂脸][捂脸][捂脸],[等级17],
2026-05-16 13:36:33,98315502176,掂过禄蔗,局哥呢？,[等级10],[粉丝团 Lv2]
2026-05-16 13:36:33,81829963713,泽清和,为什么画面这么清楚啊,[等级26],
2026-05-16 13:36:34,2365795517868014,҈҉҈҉҈҉҈҉҈҉҈҉ဗီူ⸜⸝ဗီူ,@美女社社长 不卖[尬笑][奸笑],[等级10],[粉丝团 Lv1]
2026-05-16 13:36:35,2395184081945055,忙里偷闲⁵¹⁰⁷⁴,一人300赞，500人一起点有双倍🌺冲击50万赞❤️点赞的人运气爆棚，心想事成❤️,[等级29],[粉丝团 Lv15]
2026-05-16 13:36:47,1051548115808759,杬杬,君雅是我好不容易找到的经典海岛路匹队友的主播，你们想看1v4有很多主播可以看，君雅这样路匹已经很久了,[等级17],[粉丝团 Lv6]
2026-05-16 13:36:50,55159220102,BWRZ（记录美好）,[大笑][偷笑][大笑][偷笑][大笑][偷笑][大笑][偷笑],[等级36],[粉丝团 Lv16]
2026-05-16 13:36:52,97600677185,晓乔治ovo,喂马喂马,[等级38],[粉丝团 Lv13]
2026-05-16 13:36:54,95042595351,热巴绯闻女友,又开始了,[等级15],[粉丝团 Lv12]
2026-05-16 13:36:54,84341855235,今天要早睡（不困）,又要开赌了吗,[等级18],[粉丝团 Lv14]
2026-05-16 13:36:54,102200676908,此刻,[看],[等级19],
2026-05-16 13:36:54,66446438256,🐮🐰,没草了,[等级10],[粉丝团 Lv8]
2026-05-16 13:36:56,2027961105792055,很想听你唱歌,主播加油,,
2026-05-16 13:36:56,96838208788,小亲密---,又要喝水？？,[等级7],
2026-05-16 13:36:58,143387746377295,冬季🙆,[捂脸],,
2026-05-16 13:36:58,63332449290,自由￰,贪吃,[等级29],[粉丝团 Lv15]
2026-05-16 13:36:59,4346810298557888,福格格,几斤？？,[等级2],[粉丝团 Lv1]
2026-05-16 13:37:00,1257437656002798,某某.,把水喝干,[等级34],[粉丝团:张君雅 Lv16]
2026-05-16 13:37:00,67862230314,别动,又吃,[等级8],[粉丝团 Lv4]
2026-05-16 13:37:01,51782197378,爱哭的鱼…,又要骗吃,[等级34],[粉丝团:张君雅 Lv15]
2026-05-16 13:37:01,1049365068123705,不要对深爱的人说拜拜,吃几斤？,[等级16],[粉丝团 Lv2]
2026-05-16 13:37:01,58593174933,烟草味,回头喝水,[等级15],[粉丝团 Lv4]
2026-05-16 13:37:02,55159220102,BWRZ（记录美好）,吃[看]好，我看着,[等级36],[粉丝团 Lv16]
2026-05-16 13:37:02,96822844982,良先生,吃三斤,[等级21],
2026-05-16 13:37:02,66446438256,🐮🐰,今天不喝水了？,[等级10],[粉丝团 Lv8]
2026-05-16 13:37:03,108698943317,魏,又吃,[等级27],[粉丝团 Lv12]
2026-05-16 13:37:04,72179010645,✨三十六,又来到了,[等级25],[粉丝团 Lv10]
2026-05-16 13:37:04,2554914899232407,看山 、,你的马快没草了哦,[等级13],[粉丝团 Lv9]
2026-05-16 13:37:05,2538142284127856,旋,又吃上了,,
2026-05-16 13:37:05,59348532870,贫僧法号：乱来,吃几斤,[等级34],
2026-05-16 13:37:05,21643884763804,经典永不过时,我先去拉屎,,
2026-05-16 13:37:06,60876735247,九月是只喵,[看][看]真贪吃,[等级16],[粉丝团 Lv13]
2026-05-16 13:37:07,1666475693448286,宏宇汽车技术服务中心,不喝水了,[等级6],
2026-05-16 13:37:07,104982303668,科谛,转头把河水河干。,[等级24],
2026-05-16 13:37:08,233519300221879,过🔥,主播又饿了,[等级25],[粉丝团 Lv15]
2026-05-16 13:37:09,92834409158,钓鱼要到岛上钓,吃热的还是凉的？我去准备,[等级4],
2026-05-16 13:37:09,106171807771,～左～,历史总是惊人的相似[看],[等级22],[粉丝团 Lv7]
2026-05-16 13:37:11,96565447462,时宜,上次的平板还没吃呢,[等级30],[粉丝团:张君雅 Lv15]
2026-05-16 13:37:12,98471565737,@余尚勇,先一口我看看,[等级36],[粉丝团 Lv16]
2026-05-16 13:37:12,101277257606,风的影子🧸,[捂脸][捂脸][捂脸],[等级42],[粉丝团 Lv11]
2026-05-16 13:37:12,102200676908,此刻,牛逼,[等级19],
2026-05-16 13:37:12,53456687388,陕西安杰儿,[捂脸][捂脸][捂脸][捂脸][捂脸][捂脸][捂脸],[等级10],[粉丝团 Lv2]
2026-05-16 13:37:13,2612854942864519,歪c,牛批,[等级16],[粉丝团 Lv10]
2026-05-16 13:37:14,101875225014,🐮,牛,[等级15],[粉丝团 Lv7]
2026-05-16 13:37:14,135964883951687,you(^_^)丹,[捂脸],[等级9],
2026-05-16 13:37:14,71126905166,抖音小肋手,6666,[等级11],[粉丝团 Lv10]
2026-05-16 13:37:14,97183338992,薏苡.⁵¹⁰⁷⁴,这个场景如此熟悉，是不是要喝海水,[等级17],[粉丝团 Lv12]
2026-05-16 13:37:15,78322567524,依途科技,没说吃几斤啊,[等级16],[粉丝团 Lv1]
2026-05-16 13:37:15,3852312079508893,奋～斗～的～小～蝌～蚪,[捂脸],[等级6],
2026-05-16 13:37:16,93067879082,Jerry,牛逼,[等级13],[粉丝团 Lv10]
2026-05-16 13:37:16,101277257606,风的影子🧸,哈哈哈哈,[等级42],[粉丝团 Lv11]
2026-05-16 13:37:16,3461723338583255,8oiiz,牛逼,[等级2],
2026-05-16 13:37:16,55159220102,BWRZ（记录美好）,……不用了吃了[捂脸],[等级36],[粉丝团 Lv16]
2026-05-16 13:37:17,93014642999,🌈南山楠,哈哈哈,[等级11],[粉丝团 Lv10]
2026-05-16 13:37:17,98246735303,妈妈说名字长才有美女聊天,chi ba[捂脸]吃吧,[等级28],
2026-05-16 13:37:18,83741692901,925,死老6[捂脸],[等级33],[粉丝团 Lv7]
2026-05-16 13:37:18,73133140989,行稳致远,[赞][赞][赞],[等级31],[粉丝团 Lv15]
2026-05-16 13:37:18,92461848227,煜,吓死了[捂脸],[等级13],[粉丝团 Lv11]
2026-05-16 13:37:18,83024458084,善保,我是真爱你啊,[等级32],[粉丝团 Lv2]
2026-05-16 13:37:18,1458423511390539,脸红什么.,[666][666][666][666],[等级10],[粉丝团 Lv11]
2026-05-16 13:37:18,3116439401673790,🪷紫运福气✨🌴💦🐲,偷上了,[等级9],[粉丝团 Lv2]
2026-05-16 13:37:18,68033173728,Johnny✨⁵¹⁰⁷⁴,[666][666][666][捂脸],[等级31],[粉丝团 Lv16]
2026-05-16 13:37:19,75211442426,曾正勇,那一队厉害，是怎么看出来往自己方向来的,[等级17],
2026-05-16 13:37:19,70644249078,设计橙,[666][666][666][666][666],[等级37],[粉丝团:张君雅 Lv16]
2026-05-16 13:37:19,135964883951687,you(^_^)丹,哇去,[等级9],
2026-05-16 13:37:19,3117841111319639,游钓、江湖,[赞][赞][赞][赞][赞][赞],[等级21],[粉丝团 Lv4]
2026-05-16 13:37:19,4112604411736253,兔粉妆,厉害厉害,[等级15],[粉丝团 Lv10]
2026-05-16 13:37:20,96197197101,睡醒了就回你,牛牛牛[比心],[等级19],[粉丝团 Lv5]
2026-05-16 13:37:23,2027961105792055,很想听你唱歌,主播666,,
2026-05-16 13:37:24,3487283079289420,剑胆-琴心,边打边叫唤,[等级13],
2026-05-16 13:37:25,1455350881721268,弋🍓🍓,还击,[等级13],[粉丝团 Lv12]
2026-05-16 13:37:27,4383112373738923,蒜皮儿,你戏真多[捂脸][捂脸][捂脸][捂脸],,
2026-05-16 13:37:27,62467530775,平安.😼,有爆炸弓,[等级23],[粉丝团 Lv8]
2026-05-16 13:37:27,1666475693448286,宏宇汽车技术服务中心,上次河里水都还没喝完,[等级6],
2026-05-16 13:37:27,103721083714,🥔🌱,太牛了,[等级20],[粉丝团 Lv11]
2026-05-16 13:37:27,110895971722,一个人挺好…👿,又单四了,[等级24],[粉丝团 Lv9]
2026-05-16 13:37:29,101277257606,风的影子🧸,往回跑跑不掉,[等级42],[粉丝团 Lv11]
2026-05-16 13:37:30,62978378029,钟灵毓秀,你个老6[裂开],[等级21],[粉丝团 Lv11]
2026-05-16 13:37:33,690948260241671,真诚123,打的顺序太好正确了,[等级3],[粉丝团 Lv1]
2026-05-16 13:37:35,61787933842,任平生,今天有吃鸡嘛[捂脸],[等级11],[粉丝团 Lv6]
2026-05-16 13:37:36,93145824721,37❤❤❤,给队友报仇了,[等级2],[粉丝团 Lv4]
2026-05-16 13:37:39,4503669836332557,栩多渝🌽⚡️🌙,666,[等级11],[粉丝团 Lv10]
2026-05-16 13:37:40,93014642999,🌈南山楠,全是细节,[等级11],[粉丝团 Lv10]
2026-05-16 13:37:41,111002104161,农夫,[赞][赞][赞][赞][赞],[等级1],
2026-05-16 13:37:41,77684077842,🍊cc,6,[等级25],[粉丝团:张君雅 Lv11]
2026-05-16 13:37:42,51782197378,爱哭的鱼…,没骗到 吃,[等级34],[粉丝团:张君雅 Lv15]
2026-05-16 13:37:43,61938541920,小黄不慌,细节,[等级13],[粉丝团 Lv1]
2026-05-16 13:37:43,3657414032522778,321,因为后边的有掩体，前边的在大平原,[等级7],[粉丝团 Lv8]
2026-05-16 13:37:43,7612951911537198138,一条锦鲤游啊游～,这个皇冠盒子好看,[等级6],[粉丝团 Lv2]
2026-05-16 13:37:45,4112604411736253,兔粉妆,战术哈哈,[等级15],[粉丝团 Lv10]
2026-05-16 13:37:47,2129109692727048,8023,[捂脸][捂脸][捂脸][捂脸],[等级17],[粉丝团 Lv10]
2026-05-16 13:37:48,2782225270309235,问心,@任平生 上一把吃鸡了,[等级13],[粉丝团 Lv8]
2026-05-16 13:37:52,1678320489990602,Outiler 🚬.,都是智慧啊[看],[等级21],[粉丝团 Lv3]
2026-05-16 13:37:56,2824008837643668,Hom,有伞包还要拿马[捂脸],,
2026-05-16 13:37:57,2129109692727048,8023,800个心眼子,[等级17],[粉丝团 Lv10]
2026-05-16 13:37:58,55159220102,BWRZ（记录美好）,主播教你们打法思路呢[看],[等级36],[粉丝团 Lv16]
2026-05-16 13:37:59,4346810298557888,福格格,先说吃屎的问题，[捂脸][捂脸][捂脸],[等级2],[粉丝团 Lv1]
2026-05-16 13:38:01,72691577838,扬州市雅恩农业有限公司,女悍匪女悍匪女悍匪女悍匪女悍匪,[等级21],
2026-05-16 13:38:01,75654789316,帅得哭,死老6[捂脸],[等级9],[粉丝团 Lv2]
2026-05-16 13:38:02,61787933842,任平生,可以,[等级11],[粉丝团 Lv6]
2026-05-16 13:38:04,55159220102,BWRZ（记录美好）,主播教你们打法思路呢[看]能学到吗,[等级36],[粉丝团 Lv16]
2026-05-16 13:38:05,105392418367,TB12,一天偷人[捂脸],[等级24],[粉丝团 Lv15]
2026-05-16 13:38:06,105431872634,明哥,这就叫专业,[等级1],
2026-05-16 13:38:07,84756699038,亮哥☜,都是心眼子[捂脸],[等级18],[粉丝团 Lv12]
2026-05-16 13:38:08,538109008421114,和平精英-绵绵,喵喵喵,[等级8],[粉丝团 Lv4]
2026-05-16 13:38:09,98315502176,掂过禄蔗,局哥呢,[等级10],[粉丝团 Lv2]
2026-05-16 13:38:12,66968775163,青山,对，你有一把钥匙,[等级21],
2026-05-16 13:38:14,102697957144,姚星禾·念安,有点费队友啊,[等级29],[粉丝团 Lv13]
2026-05-16 13:38:17,71126905166,抖音小肋手,大家快加团和送灯牌，冲粉丝团团任务,[等级11],[粉丝团 Lv10]
2026-05-16 13:38:18,974597718805612,陈小白,[看],[等级17],[粉丝团 Lv7]
2026-05-16 13:38:23,2656073386295976,勇 哥,又是单人四排,[等级13],[粉丝团 Lv1]
2026-05-16 13:38:25,3116439401673790,🪷紫运福气✨🌴💦🐲,玩游戏得用脑,[等级9],[粉丝团 Lv2]
2026-05-16 13:38:28,603006804442072,无双✨,有弓，队友被打就炸坑还来得及,[等级16],
2026-05-16 13:38:29,3204447382804108,烜,猫局呢,[等级19],[粉丝团 Lv4]
2026-05-16 13:38:30,58593174933,烟草味,没见还击捏,[等级15],[粉丝团 Lv4]
2026-05-16 13:38:33,73133140989,行稳致远,主播怎么这么聪明啊 [赞],[等级31],[粉丝团 Lv15]
2026-05-16 13:38:35,974597718805612,陈小白,不知不觉要8级粉丝团了[捂脸],[等级17],[粉丝团 Lv7]
2026-05-16 13:38:38,787686923184519,🌈A喜歡,老黑想你了[流泪],[等级11],
2026-05-16 13:38:42,73133140989,行稳致远,细节[捂脸][捂脸],[等级31],[粉丝团 Lv15]
2026-05-16 13:38:42,75634525708,༄᭄冰封ꦿᩚ࿐,@抖音小肋手 你名字咋还改了这么个字儿,[等级22],[粉丝团 Lv14]
2026-05-16 13:38:42,289866577879726,练气百万年,阴苞谷[捂脸],[等级9],
2026-05-16 13:38:46,896828231649432,修缘,一会没来队友咋都躺板板了[捂脸],,
2026-05-16 13:38:47,140340531574067,(´ . .̫ . `),开个什么？,[等级15],[粉丝团 Lv5]
2026-05-16 13:38:47,60704769499,狐狸对你笑,[爱心],[等级27],[粉丝团 Lv8]
2026-05-16 13:38:50,63019632364,仰望星空,装备全靠打劫,[等级31],[粉丝团 Lv5]
2026-05-16 13:38:50,60621443821,Faye,又单四了,[等级1],
2026-05-16 13:38:50,3657414032522778,321,开个福利姬？,[等级7],[粉丝团 Lv8]
2026-05-16 13:38:50,6472167828,顺城,再有一个狙就满配了,[等级22],[粉丝团 Lv15]
2026-05-16 13:38:50,54616565301,✨遥远的她✨,队友你们快睁开眼睛看看呀，我帮你们报仇了,[等级12],
2026-05-16 13:38:52,4362506438184156,用户4037192335629,@★ · 十月冬羊． 什么叫看不懂啊！张君雅和猫局组队時另外两个队友不跟他俩跳不也是怪话很多吗！说卖,,
2026-05-16 13:38:53,52977393478,大河向东刘先生,[互粉],[等级32],
2026-05-16 13:38:53,1313284358672692,广联达建模（王）,专业偷人20年[捂脸][发怒][捂脸][发怒][捂脸][发怒],[等级16],[粉丝团 Lv7]
2026-05-16 13:38:57,106660845616,冰河,[捂脸][捂脸][捂脸],[等级21],[粉丝团 Lv7]
2026-05-16 13:38:57,116989961990570,喜欢一个人,P90,[等级12],[粉丝团 Lv10]
2026-05-16 13:38:58,55159220102,BWRZ（记录美好）,笑死[看],[等级36],[粉丝团 Lv16]
2026-05-16 13:38:59,1068343218674500,清淡,就这样被你征服喝下你藏好的毒,[等级4],[粉丝团 Lv6]
2026-05-16 13:38:59,109336122589,♛,[捂脸][捂脸][捂脸],[等级7],
2026-05-16 13:39:00,101875225014,🐮,[捂脸],[等级15],[粉丝团 Lv7]
2026-05-16 13:39:02,96032544562,老A先生🦅,[发呆],[等级22],[粉丝团 Lv15]
2026-05-16 13:39:02,73133140989,行稳致远,[捂脸][捂脸][捂脸],[等级31],[粉丝团 Lv15]
2026-05-16 13:39:04,4042233810518583,没熟的豆撅子,洗干净了？？,[等级12],
2026-05-16 13:39:06,1421004868694023,༄༊࿆泠璃ོྂཾ࿆࿐,[疑问][翻白眼][疑问][翻白眼][疑问][翻白眼][疑问][翻白眼][疑问][翻白眼][疑问][翻白眼],[等级19],[粉丝团 Lv9]
2026-05-16 13:39:06,72176764927,大哥哥,滚我被窝吗,[等级15],[粉丝团 Lv7]
2026-05-16 13:39:08,99555504727,透心凉,笑死[捂脸],[等级14],[粉丝团 Lv10]
2026-05-16 13:39:08,2365795517868014,҈҉҈҉҈҉҈҉҈҉҈҉ဗီူ⸜⸝ဗီူ,[尬笑][奸笑],[等级10],[粉丝团 Lv1]
2026-05-16 13:39:09,60331575096,芋泥不爱啵啵,金光子是啥,[等级12],
2026-05-16 13:39:11,232739623419060,垚,接不接，吃鸡送萝卜,[等级37],[粉丝团 Lv9]
2026-05-16 13:39:12,3487283079289420,剑胆-琴心,转头你又要去所里蹲半小时,[等级13],
2026-05-16 13:39:14,3461722240719101,别动我河蟹,给我噶了老黑[捂脸][捂脸][捂脸],[等级2],
2026-05-16 13:39:14,71572324127,墨语,上把吃鸡了吗没看到,[等级21],[粉丝团 Lv10]
2026-05-16 13:39:16,92820219610,7-sec,洗了吗,[等级15],[粉丝团 Lv11]
2026-05-16 13:39:16,4042233810518583,没熟的豆撅子,洗干净了？,[等级12],
2026-05-16 13:39:16,118363425610868,★ · 十月冬羊．,@用户4037192335629 看不懂就出去叽叽歪歪的干啥？,[等级22],[粉丝团 Lv15]
2026-05-16 13:39:20,16253603096,无限,就不要你[捂脸],[等级21],[粉丝团 Lv11]
2026-05-16 13:39:23,101875225014,🐮,光光不要[捂脸],[等级15],[粉丝团 Lv7]
2026-05-16 13:39:27,1257437656002798,某某.,@垚 找管理，她弹幕有延迟,[等级34],[粉丝团:张君雅 Lv16]
2026-05-16 13:39:27,50451765750,啤酒的泡沫🐸₁₄₉,如何当老六的专业授课局[尬笑][害羞],[等级35],[粉丝团 Lv14]
2026-05-16 13:39:27,108470144271,那就这样吧、,光子不稀罕你呀,,
2026-05-16 13:39:28,2532895178888260,【俩俩相忘】安静看👀🚫禁止带节奏,光光知道你喜欢老六装[尬笑][尬笑][尬笑],[等级9],
2026-05-16 13:39:30,95115965858,Y☜☜P,看来光子想留你,[等级25],
2026-05-16 13:39:35,71533879276,懒得起名字,光子：滚吧[捂脸],[等级15],[粉丝团 Lv8]
2026-05-16 13:39:41,95115965858,Y☜☜P,滚啥,[等级25],
2026-05-16 13:39:43,70388025371,胖仔,呼救器走啊,[等级19],
2026-05-16 13:39:43,2685482909575307,zwy,[捂脸][捂脸],[等级20],[粉丝团 Lv6]
2026-05-16 13:39:48,116989961990570,喜欢一个人,多捡点药呢,[等级12],[粉丝团 Lv10]
2026-05-16 13:39:50,3584009327358715,谜鹿～,完了，又要被抓,[等级7],[粉丝团 Lv3]
2026-05-16 13:39:52,4086239591939799,南国,队友正确,[等级2],
2026-05-16 13:39:55,113950156132612,你该幸福了,没吃,[等级11],
2026-05-16 13:39:56,74760525331,Mr陳什麼,光～光～～～,[等级13],[粉丝团 Lv11]
2026-05-16 13:39:56,71126905166,抖音小肋手,@垚 找深情，老黑延迟不怎么看弹幕,[等级11],[粉丝团 Lv10]
2026-05-16 13:39:57,4251138795771497,太子,OK,[等级2],
2026-05-16 13:39:58,94363759377,门窗专家,刚吃好。,[等级30],[粉丝团 Lv8]
2026-05-16 13:39:58,96639608256,替我自由,没吃,[等级19],
2026-05-16 13:39:58,98098327265,爵士,不点[看],[等级34],[粉丝团 Lv12]
2026-05-16 13:39:58,99372859314,启  夏,@垚 大哥，艾特深情[捂脸],[等级25],[粉丝团 Lv15]
2026-05-16 13:39:59,101277257606,风的影子🧸,没吃,[等级42],[粉丝团 Lv11]
2026-05-16 13:40:00,3204447382804108,烜,猫局呢,[等级19],[粉丝团 Lv4]
2026-05-16 13:40:00,3894921363206779,蒸汽朋克之家,怎么点单，想找人护航打绝世晋级,[等级25],
2026-05-16 13:40:00,3293764412245739,做奶茶培训的小刘,没吃,[等级10],
2026-05-16 13:40:00,58759131779,咪咪了,没吃,[等级32],[粉丝团 Lv8]
2026-05-16 13:40:01,72466716059,清风.轩,在吃饭,[等级5],
2026-05-16 13:40:01,92565113680,黄宗泽,没吃，取关了,[等级16],[粉丝团 Lv4]
2026-05-16 13:40:01,16253603096,无限,没,[等级21],[粉丝团 Lv11]
2026-05-16 13:40:02,4042233810518583,没熟的豆撅子,没钱吃饭了,[等级12],
2026-05-16 13:40:03,92455411788,四川萧,没,[等级21],[粉丝团 Lv10]
2026-05-16 13:40:04,100283307322,清风拂山岗,吃的螺蛳粉,[等级33],[粉丝团 Lv2]
2026-05-16 13:40:04,2172229561625960,好嗨哟,7个止痛你这个老六[捂脸],[等级25],[粉丝团 Lv13]
2026-05-16 13:40:04,104497951505,小脏孩💭,不吃了,[等级19],
2026-05-16 13:40:04,67379655208,洞洞幺,吃了两个大白馒头，越吃越饿,[等级22],
2026-05-16 13:40:05,75211442426,曾正勇,它们打游戏，谁有自救都都知道[呲牙]，不能有队友啊,[等级17],
2026-05-16 13:40:05,95115965858,Y☜☜P,我还没吃就不点了,[等级25],
2026-05-16 13:40:05,1895207825312551,༦Wuഒᩚ᨞,我没吃，那我不点了,[等级31],[粉丝团 Lv7]
2026-05-16 13:40:06,96639608256,替我自由,吃完了,[等级19],
2026-05-16 13:40:06,3456462038240004,主页有毒,没吃,[等级16],
2026-05-16 13:40:06,97303949412,🌈欣💕小丸子🌈,[捂脸],[等级22],[粉丝团 Lv13]
2026-05-16 13:40:06,4383112373738923,蒜皮儿,没吃，减肥呢,,
2026-05-16 13:40:07,2951567989812547,三餐一日,没吃饭不点[捂脸],[等级21],
2026-05-16 13:40:07,102200676908,此刻,[捂脸],[等级19],
2026-05-16 13:40:07,1118637450869609,1080,正在吃,[等级3],[粉丝团 Lv4]
2026-05-16 13:40:08,563415019427047,余生,没吃，来个下午茶,[等级21],
2026-05-16 13:40:08,70825408761,悟-爱旅行,没吃的点点取关吗,[等级10],
2026-05-16 13:40:08,1293483307448312,序言页,@无语的大米饭 [看][看],[等级6],[粉丝团 Lv7]
2026-05-16 13:40:08,98422361441,多财多亿,点了，宝子,[等级12],
2026-05-16 13:40:09,101214330177,刘枭,没有吃，你请吗？,[等级18],[粉丝团 Lv5]
2026-05-16 13:40:10,2101864600181854,果果,刘莉莉别看了[比心],[等级2],
2026-05-16 13:40:10,63681751670,꒰๑˘ᴗ˘๑꒱*.不给🍬就捣蛋˚◌,[捂脸],[等级14],[粉丝团 Lv12]
2026-05-16 13:40:10,77416951506,ら孤痞,@垚 跟深情说,[等级36],[粉丝团 Lv17]
2026-05-16 13:40:11,60305008646,冰凉,那我还是吐出来吧,[等级17],
2026-05-16 13:40:11,101393000279,兰肃,哈哈哈哈,[等级25],[粉丝团 Lv13]
2026-05-16 13:40:11,1014200379387242,John翰🇨🇳,给你点个外卖,[等级7],
2026-05-16 13:40:11,1989460539222873,龙记养生砂锅鸡煲官方号,1,[等级12],[粉丝团 Lv5]
2026-05-16 13:40:11,4366903906403820,疾风亦有归途！,今天主播生日，各位表示表示,[等级9],[粉丝团 Lv4]
2026-05-16 13:40:11,7542012252325905468,一个人,[捂脸][捂脸][捂脸],[等级2],
2026-05-16 13:40:11,99555504727,透心凉,我先取关，再点一次[看],[等级14],[粉丝团 Lv10]
2026-05-16 13:40:11,3844328141621256,✨刘杨⭐️,呵，女人,[等级16],[粉丝团 Lv7]
2026-05-16 13:40:13,100283307322,清风拂山岗,你要不要吃,[等级33],[粉丝团 Lv2]
2026-05-16 13:40:13,93096305443,雾散．,取关,[等级5],[粉丝团 Lv1]
2026-05-16 13:40:14,2598898950222008,新仔,我看了好几天，好看，但是就是没有关注[捂脸],[等级18],
2026-05-16 13:40:14,66729167186,•.* ˚小薪亿亿𓅹°,正吃的呢？,[等级24],[粉丝团 Lv3]
2026-05-16 13:40:15,4221722584161135,云,正在吃的怎么办？,[等级33],
2026-05-16 13:40:15,103790275797,浙里伴,[捂脸],[等级8],[粉丝团 Lv9]
2026-05-16 13:40:15,85624847576,橙汁酱,没吃又吃了,[等级13],[粉丝团 Lv3]
2026-05-16 13:40:16,98246735303,妈妈说名字长才有美女聊天,没有办法,[等级28],[粉丝团 Lv1]
2026-05-16 13:40:16,68033173728,Johnny✨⁵¹⁰⁷⁴,[泪奔][不失礼貌的微笑],[等级31],[粉丝团 Lv16]
2026-05-16 13:40:16,73615818300,李逍遥,升级了,[等级24],[粉丝团 Lv9]
2026-05-16 13:40:16,68359033340,满满,在路上了饭,[等级11],[粉丝团 Lv7]
2026-05-16 13:40:17,4251138795771497,太子,666,[等级2],
2026-05-16 13:40:18,62886851434,爱伊伊人,正在吃就不点了,[等级14],[粉丝团 Lv11]
2026-05-16 13:40:18,462220947892168,白桃味的脉动,吃到一半,[等级22],
2026-05-16 13:40:19,93135944259,🍋初辰,6，我不吃了,[等级22],[粉丝团 Lv13]
2026-05-16 13:40:20,62706692202,海哥,取关吃午饭,[等级11],
2026-05-16 13:40:21,53456687388,陕西安杰儿,正在吃的，卡什么[捂脸][捂脸][捂脸][捂脸][捂脸],[等级10],[粉丝团 Lv2]
2026-05-16 13:40:21,4346810298557888,福格格,君雅中午吃了啥？,[等级2],[粉丝团 Lv1]
2026-05-16 13:40:21,101393000279,兰肃,给我点个外卖,[等级25],[粉丝团 Lv13]
2026-05-16 13:40:21,96565447462,时宜,没吃！我怕我吃饭你就拉屎[捂脸],[等级30],[粉丝团:张君雅 Lv15]
2026-05-16 13:40:22,97360203146,飞起壹jio✨,没吃请我吃吗,[等级18],[粉丝团 Lv14]
2026-05-16 13:40:23,73133140989,行稳致远,不吃也罢[捂脸],[等级31],[粉丝团 Lv15]
2026-05-16 13:40:25,101875225014,🐮,吃了，准备午睡,[等级15],[粉丝团 Lv7]
2026-05-16 13:40:26,2170875542515929,恸洎,吃了的已经关注的再点关注是不是取关[看],[等级10],[粉丝团 Lv7]
2026-05-16 13:40:27,60876735247,九月是只喵,[呲牙][呲牙][呲牙]刚吃完螺狮粉,[等级16],[粉丝团 Lv13]
2026-05-16 13:40:27,4383112373738923,蒜皮儿,正在吃怎么说[捂脸][捂脸][捂脸],,
2026-05-16 13:40:29,50440656118,ღ᭄把心归零࿐,吃了一半[捂脸][爱心],[等级16],[粉丝团 Lv3]
2026-05-16 13:40:29,102748821674,一张白纸,给你点灯牌了，饭不吃了。,[等级17],[粉丝团 Lv8]
2026-05-16 13:40:30,2225013806866989,浅草园艺（何雨）铁机店,吃的关注，没吃的灯牌，正在吃的干嘛？,[等级11],[粉丝团 Lv8]
2026-05-16 13:40:32,874847890575219,陈晓北,不吃了,[等级3],[粉丝团 Lv3]
2026-05-16 13:40:32,98878505737,杰.,张老黑果然还是这么黑,,
2026-05-16 13:40:32,69894844197,@谭二旺,追你往山上跑有利于你还击[捂脸],[等级32],[粉丝团 Lv10]
2026-05-16 13:40:33,4063417728246446,偷懒的熊二,？,[等级21],
2026-05-16 13:40:34,97420738981,华夏武道院院长,已拉勿念,[等级16],[粉丝团 Lv2]
2026-05-16 13:40:36,71457238828,.九🌠,一年多没玩了，君雅还是那么强[鼓掌],[等级39],[粉丝团 Lv1]
2026-05-16 13:40:36,97553321898,Hildishness,一只手端饭碗，一只手拿手机，腾不出手点啊,[等级22],[粉丝团 Lv6]
2026-05-16 13:40:37,4508316446,大闸蟹（黎明中的花朵）,低谷期，等三点吃[捂脸],[等级40],[粉丝团:张君雅 Lv16]
2026-05-16 13:40:38,99647573454,没烦恼,[捂脸][捂脸][捂脸],[等级6],
2026-05-16 13:40:38,4162092584146668,青柠6,88888,[等级10],
2026-05-16 13:40:39,79559725728,ﻌ啊强灬,在搬砖呢[捂脸][捂脸][捂脸],[等级26],[粉丝团 Lv2]
2026-05-16 13:40:39,111189142209,蝶梦,怎么又是单枪了,[等级8],[粉丝团 Lv7]
2026-05-16 13:40:39,1363831530980424,就喜欢骑骆驼,晚上啥时候下播的，又开播了？[捂脸],,
2026-05-16 13:40:39,2274247923467549,知遇👣,@墨语 吃了,[等级24],[粉丝团 Lv10]
2026-05-16 13:40:39,103175322492,潮男衣品,刚进来就队友祭天了,[等级10],[粉丝团 Lv3]
2026-05-16 13:40:47,72629651878,小鞋匠→和鞋社会,没钱吃饭了，哪个大哥请吃个饭吧,[等级16],[粉丝团 Lv3]
2026-05-16 13:40:50,1118637450869609,1080,刚刚搬砖🧱回来。正在吃,[等级3],[粉丝团 Lv4]
2026-05-16 13:40:55,232739623419060,垚,吃鸡送萝卜，接不接,[等级37],[粉丝团 Lv9]
2026-05-16 13:40:59,1081509445107789,相关部门,有没有蒜薹的？,[等级12],[粉丝团 Lv5]
2026-05-16 13:41:00,521642863761721,臭鱼,马🐴要跑不动了,[等级1],
2026-05-16 13:41:02,2129109692727048,8023,再嘎25个[鼓掌][鼓掌][鼓掌],[等级17],[粉丝团 Lv10]
2026-05-16 13:41:04,3083502656686798,沐浴阳光🇨🇳,小雅大牛逼我来了,[等级8],
2026-05-16 13:41:06,84541778405,李佩,15个，吃鸡,[等级22],
2026-05-16 13:41:07,94116315745,星宝🌈,[捂脸],[等级17],[粉丝团 Lv11]
2026-05-16 13:41:19,1081509445107789,相关部门,有没有卖蒜薹的？,[等级12],[粉丝团 Lv5]
2026-05-16 13:41:28,2782225270309235,问心,这个房子里面1v4,[等级13],[粉丝团 Lv8]
2026-05-16 13:41:30,597762475559528,吃鸡糕手,天天打单4[看],[等级18],[粉丝团 Lv5]
2026-05-16 13:41:30,3487283079289420,剑胆-琴心,你的队友呢？,[等级13],
2026-05-16 13:41:30,81878522542,秋屿鲜果🍊,队友祭天法力无边🌚,[等级15],[粉丝团 Lv3]
2026-05-16 13:41:36,111189142209,蝶梦,费队友,[等级8],[粉丝团 Lv7]
2026-05-16 13:41:36,75211442426,曾正勇,这游戏就没法玩，都是给主播当陪衬的[呲牙],[等级17],
2026-05-16 13:41:38,95924568215,小帅哥哥ᴹʳ.ˡᵉᵉ,三个队友去哪了[捂脸],[等级35],[粉丝团 Lv9]
2026-05-16 13:41:43,96778177109,小张不嚣张⍥,低谷期，午饭等晚饭一起吃,[等级24],[粉丝团 Lv9]
2026-05-16 13:41:48,2782225270309235,问心,队友饿了，下播了,[等级13],[粉丝团 Lv8]
2026-05-16 13:41:51,2274247923467549,知遇👣,@蒸汽朋克之家 找深情,[等级24],[粉丝团 Lv10]
2026-05-16 13:41:55,1895207825312551,༦Wuഒᩚ᨞,满血马,[等级31],[粉丝团 Lv7]
2026-05-16 13:41:55,179966898602747,🍇,加油加油加油[呲牙],[等级29],[粉丝团 Lv6]
2026-05-16 13:41:56,3969664936053292,Jiang蒋,没爆金,[等级11],[粉丝团 Lv6]
2026-05-16 13:41:58,3722285933933771,群众里面有坏人,真黑,[等级4],[粉丝团 Lv8]
2026-05-16 13:42:02,98878505737,杰.,人品,,
2026-05-16 13:42:03,86721387563,李,人黑,[等级15],[粉丝团 Lv12]
2026-05-16 13:42:04,1048284195202316,心相印,这样六人，实在是没有观赏性。,[等级9],[粉丝团 Lv2]
2026-05-16 13:42:05,3487283079289420,剑胆-琴心,你的队友呢？[看],[等级13],
2026-05-16 13:42:05,2410566453040446,朋友的酒,喝药,[等级3],[粉丝团 Lv7]
2026-05-16 13:42:07,99374271537,错过,你屁股对着箱子太臭了,[等级10],[粉丝团 Lv9]
2026-05-16 13:42:07,77416951506,ら孤痞,@福格格 她要下班了再吃,[等级36],[粉丝团 Lv17]
2026-05-16 13:42:07,3817107964829184,洪   斌,没洗干净,[等级9],
2026-05-16 13:42:07,67652067063,辰言乐,人品问题,[等级23],[粉丝团 Lv10]
2026-05-16 13:42:08,97059795113,ꪋꪆ꫁⁵²⁰My.bae ꧔🎀᭄,嫌弃你,[等级32],[粉丝团 Lv11]
2026-05-16 13:42:09,70388025371,胖仔,能量打满,[等级19],
2026-05-16 13:42:09,63332449290,自由￰,？？？,[等级29],[粉丝团 Lv15]
2026-05-16 13:42:10,1037557646502936,今天只做一件事,那么多药不舍得用,[等级1],
2026-05-16 13:42:10,68422483360,深情不及久伴,@曾正勇 看到你很多次了，每次都是不好的发言，不理解你不喜欢主播还老是来找存在感干什么,[等级25],[粉丝团 Lv11]
2026-05-16 13:42:10,1636547580920328,黑犇,该你花钱了,[等级12],[粉丝团 Lv1]
2026-05-16 13:42:12,92820219610,7-sec,？,[等级15],[粉丝团 Lv11]
2026-05-16 13:42:13,102200676908,此刻,？？？,[等级19],
2026-05-16 13:42:14,4383112373738923,蒜皮儿,永远爆不出来金你[捂脸][捂脸],,
2026-05-16 13:42:15,69651345728,老许,人的问题,[等级16],
2026-05-16 13:42:16,1014200379387242,John翰🇨🇳,一礼拜不玩就报金,[等级7],
2026-05-16 13:42:16,387462253781624,用户123321,装备全扔了开,[等级1],
2026-05-16 13:42:16,1706878886747552,顺其自然……,没洗干净？？？,[等级11],[粉丝团 Lv6]
2026-05-16 13:42:17,105689188797,一切归0️⃣,?,[等级43],[粉丝团:张君雅 Lv19]
2026-05-16 13:42:18,109617754580,江南韵,只能最开始报金,[等级22],[粉丝团 Lv8]
2026-05-16 13:42:18,111261943561,帅得彻底,？,[等级11],[粉丝团 Lv8]
2026-05-16 13:42:18,7542012252325905468,一个人,？？？,[等级2],
2026-05-16 13:42:19,354463431796395,🌴悠然👀蓝山          🐜,没洗干净，爆不了金[尬笑],[等级13],[粉丝团 Lv9]
2026-05-16 13:42:20,102957440086,白总,我单发,[等级16],
2026-05-16 13:42:20,2749225974899623,萱,谁问了,[等级2],
2026-05-16 13:42:20,69195527868,♡♡,你在开玩笑,[等级8],[粉丝团 Lv5]
2026-05-16 13:42:21,1512542077459805,记得晒太阳,我不信,[等级18],[粉丝团 Lv9]
2026-05-16 13:42:22,92455411788,四川萧,不知道,[等级21],[粉丝团 Lv10]
2026-05-16 13:42:22,96809958508,浪子勿泊岸,谁问你了啊？？？？？,[等级10],
2026-05-16 13:42:23,2528486479102643,银,没有队友在拿秃头换,[等级7],[粉丝团 Lv3]
2026-05-16 13:42:23,88401608442271,𝓗·𝓕𝓮𝓫²𝓐𝓺𝓾♒,炫耀,[等级11],[粉丝团 Lv7]
2026-05-16 13:42:24,111261943561,帅得彻底,显摆呢,[等级11],[粉丝团 Lv8]
2026-05-16 13:42:24,96317821947,🇨🇳壹玖玖柒,谁问了[看][看],[等级20],[粉丝团 Lv5]
2026-05-16 13:42:24,4195390781667271,Yves,呵呵？[捂脸],[等级9],[粉丝团 Lv1]
2026-05-16 13:42:26,71126905166,抖音小肋手,？？,[等级11],[粉丝团 Lv10]
2026-05-16 13:42:26,3197015224228878,如梦人生,人品问题[捂脸],[等级1],
2026-05-16 13:42:27,1257437656002798,某某.,谁问了,[等级34],[粉丝团:张君雅 Lv16]
2026-05-16 13:42:28,73312853739,神泣纷争-曾胖子,大哥大姐们求求了，到妹妹直播间来溜达一圈吧，帮妹妹增一下场观[玫瑰],[等级2],
2026-05-16 13:42:30,4438071152745527,🇨🇳华灯初上等伊人,都没有爆过金,[等级12],[粉丝团 Lv10]
2026-05-16 13:42:30,420467883641371,Sakura,谁问啦？[捂脸][捂脸][捂脸],[等级1],
2026-05-16 13:42:30,64420108819,劳资蜀道山,单四啊,[等级30],[粉丝团 Lv7]
2026-05-16 13:42:30,74902252071,安好、,不知道[捂脸],[等级11],[粉丝团 Lv10]
2026-05-16 13:42:32,71126905166,抖音小肋手,谁问你啦[捂脸],[等级11],[粉丝团 Lv10]
2026-05-16 13:42:33,3844328141621256,✨刘杨⭐️,没雅姐有钱,[等级16],[粉丝团 Lv7]
2026-05-16 13:42:33,69195527868,♡♡,没洗干净,[等级8],[粉丝团 Lv5]
2026-05-16 13:42:34,105689188797,一切归0️⃣,什么时候的事？,[等级43],[粉丝团:张君雅 Lv19]
2026-05-16 13:42:37,95115965858,Y☜☜P,刚知道,[等级25],
2026-05-16 13:42:39,118363425610868,★ · 十月冬羊．,@心相印 哎呦，又酸了一个一万人呀,[等级22],[粉丝团 Lv15]
2026-05-16 13:42:39,1530109701939495,愿满天星辰兜是你,有谁问啦,[等级29],[粉丝团 Lv2]
2026-05-16 13:42:41,62472484232,天天都想发财🧸,73出一个338。没有其他的[流泪],[等级16],[粉丝团 Lv6]
2026-05-16 13:42:41,111261943561,帅得彻底,在显摆你就一直不爆金,[等级11],[粉丝团 Lv8]
2026-05-16 13:42:41,3969664936053292,Jiang蒋,把能量值打满，就会爆金,[等级11],[粉丝团 Lv6]
2026-05-16 13:42:49,484257882206712,欧欧欧包,我两个多赛季没玩了都没爆金,[等级19],[粉丝团 Lv5]
2026-05-16 13:42:49,68422483360,深情不及久伴,@一切归0️⃣ 就上次代抽的时候,[等级25],[粉丝团 Lv11]
2026-05-16 13:42:50,1257437656002798,某某.,@一切归0️⃣ 刚出来那天晚上加班抽奖,[等级34],[粉丝团:张君雅 Lv16]
2026-05-16 13:43:01,2713224421580957,sakebay,张君雅,[等级21],
2026-05-16 13:43:01,84719550761,智天使,又单四了,[等级27],[粉丝团 Lv10]
2026-05-16 13:43:05,387462253781624,用户123321,昨天打五把开五把金,[等级1],
2026-05-16 13:43:06,1048284195202316,心相印,@★ · 十月冬羊． 好好舔吧，舔干净一点。,[等级9],[粉丝团 Lv2]
2026-05-16 13:43:13,1257437656002798,某某.,@深情不及久伴代抽是后面的事了,[等级34],[粉丝团:张君雅 Lv16]
2026-05-16 13:43:15,1829206389950766,伱我皆牛马,跑就完了,[等级25],[粉丝团 Lv2]
2026-05-16 13:43:18,77416951506,ら孤痞,@深情（张君雅助理） 深情，有个哥说吃鸡抖音一号，问接不接,[等级36],[粉丝团 Lv17]
2026-05-16 13:43:18,71126905166,抖音小肋手,@一切归0️⃣ 前段时间皮肤刚出来，老黑50的时候抽出主套,[等级11],[粉丝团 Lv10]
2026-05-16 13:43:19,3307796517623774,斌少～,？,[等级35],[粉丝团 Lv10]
2026-05-16 13:43:19,2274247923467549,知遇👣,@小鞋匠→和鞋社会 手机卖了,[等级24],[粉丝团 Lv10]
2026-05-16 13:43:21,3487283079289420,剑胆-琴心,粑粑都吓出来了,[等级13],
2026-05-16 13:43:36,2129109692727048,8023,[呲牙][呲牙][呲牙][呲牙][呲牙],[等级17],[粉丝团 Lv10]
2026-05-16 13:43:38,3844328141621256,✨刘杨⭐️,拿个伞包,[等级16],[粉丝团 Lv7]
2026-05-16 13:43:38,3166232454638980,啊啊,主播是手搓还是陀螺仪,,
2026-05-16 13:43:40,68422483360,深情不及久伴,@某某. 干忘记了，因为这两个事情时间差不多,[等级25],[粉丝团 Lv11]
2026-05-16 13:43:41,2274247923467549,知遇👣,@垚 找深情说,[等级24],[粉丝团 Lv10]
2026-05-16 13:43:45,98471565737,@余尚勇,这还是海岛悍妇,[等级36],[粉丝团 Lv16]
2026-05-16 13:43:45,3969664936053292,Jiang蒋,有人,[等级11],[粉丝团 Lv6]
2026-05-16 13:43:47,21772518583,路亚周周⁸⁰⁰⁸,蛋小蛋呢,[等级29],[粉丝团 Lv12]
2026-05-16 13:43:47,68422483360,深情不及久伴,@心相印 不爱看管,[等级25],[粉丝团 Lv11]
2026-05-16 13:43:48,72629651878,小鞋匠→和鞋社会,卖不了掉,[等级16],[粉丝团 Lv3]
2026-05-16 13:43:49,1997151792532391,尢,打野的,[等级28],
2026-05-16 13:43:51,993565434188280,晏老三,这把有人追杀吗,[等级2],
2026-05-16 13:43:55,111261943561,帅得彻底,@啊啊 手搓,[等级11],[粉丝团 Lv8]
2026-05-16 13:43:55,3969664936053292,Jiang蒋,去抓他,[等级11],[粉丝团 Lv6]
2026-05-16 13:43:55,84341855235,今天要早睡（不困）,都在毒外,[等级18],[粉丝团 Lv14]
2026-05-16 13:43:59,3487283079289420,剑胆-琴心,看把主播吓得，拉一裤裆,[等级13],
2026-05-16 13:43:59,93014642999,🌈南山楠,还有高手[捂脸],[等级11],[粉丝团 Lv10]
2026-05-16 13:44:00,77527502424,蘭亭序,打晋级赛都是抗毒搜药,[等级21],[粉丝团 Lv11]
2026-05-16 13:44:00,55159220102,BWRZ（记录美好）,但是你比他厉害[看],[等级36],[粉丝团 Lv16]
2026-05-16 13:44:01,75198082085,归途,打晋级赛的,[等级21],[粉丝团 Lv9]
2026-05-16 13:44:01,2528486479102643,银,都是晋级赛的多,[等级7],[粉丝团 Lv3]
2026-05-16 13:44:01,73133140989,行稳致远,有高手,[等级31],[粉丝团 Lv15]
2026-05-16 13:44:03,82259537754,木羽,抓他,[等级17],
2026-05-16 13:44:03,73133140989,行稳致远,[666],[等级31],[粉丝团 Lv15]
2026-05-16 13:44:05,102248961194,思念的痛,打晋级赛的,[等级25],[粉丝团 Lv11]
2026-05-16 13:44:07,1257437656002798,某某.,还有高手,[等级34],[粉丝团:张君雅 Lv16]
2026-05-16 13:44:08,113950156132612,你该幸福了,别人不要的,[等级11],
2026-05-16 13:44:08,11805950518,深情（张君雅助理）,@ら孤痞 哪个大哥？,[等级39],[粉丝团:张君雅 Lv18]
2026-05-16 13:44:11,3355313257326334,幺哥⛅,还有车声,[等级37],[粉丝团 Lv13]
2026-05-16 13:44:11,4463672098568963,希希,去抓老黑,[等级2],
2026-05-16 13:44:11,96009787891,玖零叁零,还有高手,[等级31],[粉丝团 Lv9]
2026-05-16 13:44:22,88189479440,三宝哥🐟🐟🐟,没有猫局你胆子小多了,[等级23],[粉丝团 Lv5]
2026-05-16 13:44:23,4503688093516652,马老六,不好抓 房间太多,,
2026-05-16 13:44:24,2471323988671523,萍水相逢,现在还开挂吗,[等级1],
2026-05-16 13:44:24,75320438468,北冥有愚_,有可能死那了,[等级4],
2026-05-16 13:44:28,3197015224228878,如梦人生,吓尿了,[等级1],
2026-05-16 13:44:28,1636547580920328,黑犇,这个平原你被抓就完了,[等级12],[粉丝团 Lv1]
2026-05-16 13:44:32,72629651878,小鞋匠→和鞋社会,没钱吃饭了哪个大哥请吃个饭[捂脸][捂脸][捂脸][捂脸],[等级16],[粉丝团 Lv3]
2026-05-16 13:44:34,108733503410,彩云之男！！！,会吓死老黑了,[等级7],[粉丝团 Lv7]
2026-05-16 13:44:38,68422483360,深情不及久伴,@萍水相逢 你报警了吗,[等级25],[粉丝团 Lv11]
2026-05-16 13:44:42,3378144954030583,用户726,@玫瑰花,[等级7],[粉丝团 Lv6]
2026-05-16 13:44:45,96873783648,✘๓ん,你是不是参加选美了,[等级14],
2026-05-16 13:44:46,99372859314,启  夏,@深情（张君雅助理） 那个垚,[等级25],[粉丝团 Lv15]
2026-05-16 13:44:48,1075773400438494,还会再见吗,虎狼之词,[等级2],[粉丝团 Lv5]
2026-05-16 13:44:48,3088955148084476,江悦1v4,[比心],,
2026-05-16 13:44:51,96261969310,酒醉人不归,状态打满啊，不然容易倒,[等级15],[粉丝团 Lv10]
2026-05-16 13:44:54,99012647060,扑,@一切归0️⃣ 你不会是抽了四百多发吧,[等级48],[粉丝团:张君雅 Lv20]
2026-05-16 13:44:55,77416951506,ら孤痞,@深情（张君雅助理） 单字@垚 这个,[等级36],[粉丝团 Lv17]
2026-05-16 13:44:55,3778386515474196,陈先生,马一骑老六服一穿，整个海岛偷人开启,[等级13],[粉丝团 Lv10]
2026-05-16 13:44:57,3088955148084476,江悦1v4,有,,
2026-05-16 13:45:01,102334226470,始兴野狼户外（刘帮主）,见人救杀,[等级13],[粉丝团 Lv8]
2026-05-16 13:45:02,1283849891888711,西南侯,君雅，我想跟你一起玩游戏,[等级12],
2026-05-16 13:45:06,3969664936053292,Jiang蒋,兄弟们点点赞[捂脸],[等级11],[粉丝团 Lv6]
2026-05-16 13:45:08,97633466142,二胡老友,细节翻楼点拿下他们,[等级13],
2026-05-16 13:45:15,105689188797,一切归0️⃣,@扑 滚，老子一发入魂,[等级43],[粉丝团:张君雅 Lv19]
2026-05-16 13:45:22,52401445010,错觉ᝰꫛꫀꪝ,@萍水相逢 一直都开，哎…就是封不掉，你说气人不气人[捂脸][捂脸][捂脸][捂脸][捂脸][捂脸][捂脸][捂脸][捂脸][捂脸][捂脸][捂脸],[等级21],
2026-05-16 13:45:22,995502248958772,🥳瑶妹,没钱吃饭了哪个大哥请吃个饭[捂脸][捂脸][捂脸][捂脸][看],[等级1],[粉丝团 Lv1]
2026-05-16 13:45:29,88189479440,三宝哥🐟🐟🐟,你不能让马吃点草吗,[等级23],[粉丝团 Lv5]
2026-05-16 13:45:35,69894844197,@谭二旺,带着一个排的装备来追你，这换谁也顶不住啊[捂脸][捂脸][捂脸][捂脸][捂脸][捂脸],[等级32],[粉丝团 Lv10]
2026-05-16 13:45:37,104570891437,春风十里,一狙入魂,[等级38],
2026-05-16 13:45:38,2471323988671523,萍水相逢,为什么你那么确定这里没人,[等级1],
2026-05-16 13:45:38,3956520599442880,L....,去无敌楼呀,[等级3],
2026-05-16 13:45:42,1041978781338963,随心而欲,这个马队应该是开密室的那个马队,[等级40],
2026-05-16 13:45:43,1367428900591214,**,老黑,[等级17],[粉丝团 Lv2]
2026-05-16 13:45:44,75489745058,屁股上的酒窝,@🥳瑶妹 好[捂脸],[等级12],[粉丝团 Lv1]
2026-05-16 13:45:48,68422483360,深情不及久伴,@错觉ᝰꫛꫀꪝ 你怎么不让他报警,[等级25],[粉丝团 Lv11]
2026-05-16 13:45:48,105076731771,钟期,@🥳瑶妹 我,[等级22],[粉丝团 Lv2]
2026-05-16 13:45:49,65851686825,偶然黄昏见,没吃饭吗,[等级11],
2026-05-16 13:45:50,71126905166,抖音小肋手,[捂脸],[等级11],[粉丝团 Lv10]
2026-05-16 13:45:50,2475702575179399,这个我是真的喜欢,仙贝好吃,[等级14],
2026-05-16 13:45:50,1367428900591214,**,少吃点减肥吧,[等级17],[粉丝团 Lv2]
2026-05-16 13:45:50,106350023793,问泉,我在吃旺旺仙贝,[等级7],
2026-05-16 13:45:51,93316149550,七七💋,@🥳瑶妹 你去卖披萨,[等级27],
2026-05-16 13:45:54,102380940885,乱了浮生,吃甜的长胖,[等级26],[粉丝团 Lv11]
2026-05-16 13:45:55,73711710665,a宁宁°,@🥳瑶妹 我请你吃,[等级21],[粉丝团 Lv11]
2026-05-16 13:45:56,3969664936053292,Jiang蒋,甜妹[捂脸],[等级11],[粉丝团 Lv6]
2026-05-16 13:45:56,1049365068123705,不要对深爱的人说拜拜,张老黑，你吃过鸡翅没有？,[等级16],[粉丝团 Lv2]
2026-05-16 13:45:56,2575483865934928,.,[发呆][发呆],[等级19],[粉丝团 Lv10]
2026-05-16 13:45:58,118363425610868,★ · 十月冬羊．,@萍水相逢 气不气？,[等级22],[粉丝团 Lv15]
2026-05-16 13:45:58,2365795517868014,҈҉҈҉҈҉҈҉҈҉҈҉ဗီူ⸜⸝ဗီူ,我也要[尬笑][奸笑],[等级10],[粉丝团 Lv1]
2026-05-16 13:45:58,2792375375108893,旗7756,先苟着,[等级9],[粉丝团 Lv2]
2026-05-16 13:45:58,102718285717,子宸（地铁逃生）,吃的袜子吗[看],[等级15],[粉丝团 Lv10]
2026-05-16 13:45:59,65118665437,戏幕,这么胖了还吃,[等级16],
2026-05-16 13:45:59,85299691962,茶不加糖,哈哈哈哈吃零食的雅雅,[等级25],[粉丝团 Lv4]
2026-05-16 13:46:00,2612854942864519,歪c,声控主播,[等级16],[粉丝团 Lv10]
2026-05-16 13:46:01,65117355098,一身姨妈味,咋看到的,,
2026-05-16 13:46:01,1257437656002798,某某.,吃仙贝,[等级34],[粉丝团:张君雅 Lv16]
2026-05-16 13:46:01,3677188125887576,雷厉风行,露个脸,[等级12],
2026-05-16 13:46:02,105076731771,钟期,没有[捂脸][捂脸][捂脸],[等级22],[粉丝团 Lv2]
2026-05-16 13:46:02,69884596160,「娟妹儿」,吓我一跳，我以为游戏里面吃旺旺雪饼,[等级9],
2026-05-16 13:46:03,99961872378,如意hgjgfg,160斤了,[等级21],
2026-05-16 13:46:03,68555087373,长不大 Q,那你还吃,[等级11],
2026-05-16 13:46:03,3778386515474196,陈先生,我看弹幕，你们看老黑偷人[捂脸],[等级13],[粉丝团 Lv10]
2026-05-16 13:46:04,99012647060,扑,@一切归0️⃣ 姑娘火气有点大，要淡定,[等级48],[粉丝团:张君雅 Lv20]
2026-05-16 13:46:04,96293235234,每天都要看妞,少吃点，吃多了又要去拉[捂脸][捂脸][捂脸][捂脸],[等级12],[粉丝团 Lv5]
2026-05-16 13:46:04,3438889881054317,八の名字,分我点,[等级5],[粉丝团 Lv5]
2026-05-16 13:46:05,31217670176568,果冻´,大脸盘子少吃点甜的[看],[等级15],
2026-05-16 13:46:06,2612854942864519,歪c,声控主播[看],[等级16],[粉丝团 Lv10]
2026-05-16 13:46:06,521642863761721,臭鱼,不要在一个地方待太久了，要不然又有窥屏的,[等级1],
2026-05-16 13:46:06,3657414032522778,321,怪味胡豆好吃,[等级7],[粉丝团 Lv8]
2026-05-16 13:46:08,3582678975397787,往事如烟,马没草吃，她吃上了,[等级22],
2026-05-16 13:46:09,4416107241808414,气质I,当年玛莎刚出来的时候，不知道咋抽，花了3k堆了一个金马，纯纯大冤种,[等级27],[粉丝团 Lv4]
2026-05-16 13:46:09,102380940885,乱了浮生,别海里游过来一个,[等级26],[粉丝团 Lv11]
2026-05-16 13:46:09,3856710716631172,吴名子风,老黑老黑现在还钓鱼吗,[等级17],[粉丝团 Lv8]
2026-05-16 13:46:11,82259537754,木羽,等下又来抓你了,[等级17],
2026-05-16 13:46:12,73689966523,•囍•,开播前不先吃饭嘛,[等级13],[粉丝团 Lv5]
2026-05-16 13:46:13,1014200379387242,John翰🇨🇳,我一听吃东西声音就困,[等级7],
2026-05-16 13:46:13,4112604411736253,兔粉妆,雅雅饿了,[等级15],[粉丝团 Lv10]
2026-05-16 13:46:13,97600677185,晓乔治ovo,一狙给你爆头[捂脸],[等级38],[粉丝团 Lv13]
2026-05-16 13:46:16,1068343218674500,清淡,笑到最后,[等级4],[粉丝团 Lv6]
2026-05-16 13:46:17,2575483865934928,.,这把能吃鸡不？,[等级19],[粉丝团 Lv10]
2026-05-16 13:46:18,92198805647,俗人,开视频大家看着吃,[等级12],
2026-05-16 13:46:19,778920210213421,牛~bua,非得雪饼吗？仙贝不行吗[捂脸],[等级31],[粉丝团 Lv13]
2026-05-16 13:46:20,83945751038,小浪——,@萍水相逢 玩个游戏都没点意识么,[等级24],[粉丝团 Lv13]
2026-05-16 13:46:21,59185405920,一起养条奈吗,街溜子打法，先坑队友，然后以弱势群体的身份溜达。,[等级15],[粉丝团 Lv8]
2026-05-16 13:46:22,2129109692727048,8023,来找你了,[等级17],[粉丝团 Lv10]
2026-05-16 13:46:22,77683456856,🌈大碗茶,骑马在房子上能跳到对面那个贴塔上么？,[等级12],[粉丝团 Lv5]
2026-05-16 13:46:24,3825901139410685,李哥,来抓你了,[等级31],[粉丝团 Lv10]
2026-05-16 13:46:25,79496793968,WH,@萍水相逢 多看多学,[等级29],[粉丝团 Lv14]
2026-05-16 13:46:26,995502248958772,🥳瑶妹,@钟期 [害羞][舔屏],[等级1],[粉丝团 Lv1]
2026-05-16 13:46:30,109152069294,蔡哈哈,张君雅,[等级30],
2026-05-16 13:46:32,101277257606,风的影子🧸,她都不吃午饭的吧,[等级42],[粉丝团 Lv11]
2026-05-16 13:46:32,88189479440,三宝哥🐟🐟🐟,你让马吃点草呀,[等级23],[粉丝团 Lv5]
2026-05-16 13:46:36,69894844197,@谭二旺,就不能在一个地方呆太久了,[等级32],[粉丝团 Lv10]
2026-05-16 13:46:38,64484664902,不念,又剩自己,[等级29],[粉丝团 Lv14]
2026-05-16 13:46:38,65851686825,偶然黄昏见,主播爱吃什么吃什么,[等级11],
2026-05-16 13:46:38,1081509445107789,相关部门,在那等着，我去噶你,[等级12],[粉丝团 Lv5]
2026-05-16 13:46:40,62058539287,张员外,这是再吃小浣熊干脆面,[等级10],
2026-05-16 13:46:45,140374881343149,666999,老姝在吃什么好东西,[等级11],[粉丝团 Lv1]
2026-05-16 13:46:46,69894844197,@谭二旺,容易出事情[捂脸][捂脸][捂脸],[等级32],[粉丝团 Lv10]
2026-05-16 13:46:48,51773971887,🙇🏿‍♀️大锤•᷅🐳,@一起养条奈吗 [看]咋了 你生气了,[等级32],[粉丝团 Lv12]
2026-05-16 13:46:48,995502248958772,🥳瑶妹,@a宁宁° [舔屏],[等级1],[粉丝团 Lv1]
2026-05-16 13:46:50,3438889881054317,八の名字,可能是窥屏的,[等级5],[粉丝团 Lv5]
2026-05-16 13:46:51,4233546532927219,🉑🈶🉑🈚,别跑[捂脸][捂脸],[等级20],[粉丝团 Lv10]
2026-05-16 13:46:57,61835779108,二毛,[捂脸][捂脸],[等级32],[粉丝团 Lv15]
2026-05-16 13:46:58,75211442426,曾正勇,他们打的,[等级17],
2026-05-16 13:46:58,82197905185,㭍ㄦメ,卡住了快跑哈哈哈,[等级25],[粉丝团 Lv11]
2026-05-16 13:47:03,3689574830449950,刘三哥,我来3！[捂脸][微笑][捂脸][玫瑰][爱心][比心][赞][666][666][666],[等级27],
2026-05-16 13:47:07,102830709413,白羊座♈️,加油,[等级13],
2026-05-16 13:47:09,4162105776028826,独行者,吃苦瓜粘辣椒面,,
2026-05-16 13:47:11,111261943561,帅得彻底,完了,[等级11],[粉丝团 Lv8]
2026-05-16 13:47:15,71126905166,抖音小肋手,又来啦,[等级11],[粉丝团 Lv10]
2026-05-16 13:47:18,1081509445107789,相关部门,窥屏的,[等级12],[粉丝团 Lv5]
2026-05-16 13:47:18,73459388873,sun璃瑛,窥屏来的,[等级22],[粉丝团 Lv3]
2026-05-16 13:47:21,2475702575179399,这个我是真的喜欢,直接过来了,[等级14],
2026-05-16 13:47:31,1657712377594284,Ly,火力车来了？,[等级15],
2026-05-16 13:47:32,75211442426,曾正勇,快举报,[等级17],
2026-05-16 13:47:33,113950156132612,你该幸福了,窥屏,[等级11],
2026-05-16 13:47:33,1455350881721268,弋🍓🍓,准备营地干活,[等级13],[粉丝团 Lv12]
2026-05-16 13:47:36,50917918059,🇨🇳一张張༊🌻,这绝对是窥屏仔,[等级14],[粉丝团 Lv10]
2026-05-16 13:47:37,2475702575179399,这个我是真的喜欢,这金马都干脸上了,[等级14],
2026-05-16 13:47:42,100179063750,163广播站,跑,[等级9],[粉丝团 Lv6]
2026-05-16 13:47:43,60375221243,🍎浢包,一万%窥屏的,[等级13],[粉丝团 Lv10]
2026-05-16 13:47:45,53200627501,藤井树树啊,kp屎圈假？,[等级20],[粉丝团 Lv4]
2026-05-16 13:47:50,4328098590118670,Superficial lady Y,该,[等级18],[粉丝团 Lv7]
2026-05-16 13:47:53,102830709413,白羊座♈️,牛,[等级13],
2026-05-16 13:47:54,96491112356,、等风,[捂脸],[等级24],[粉丝团 Lv12]
2026-05-16 13:47:55,2761620380977661,蓝天与大地,[捂脸][捂脸][捂脸],[等级7],
2026-05-16 13:47:56,1788230807587104,X～H,一来人就是窥屏,[等级14],
2026-05-16 13:47:57,93014642999,🌈南山楠,漂亮,[等级11],[粉丝团 Lv10]
2026-05-16 13:47:57,523848398931511,☁️Q,不窥屏，很难打过主播,[等级11],
2026-05-16 13:47:57,55159220102,BWRZ（记录美好）,漂亮,[等级36],[粉丝团 Lv16]
2026-05-16 13:47:58,4204952027144647,老鼠爱大米@,牛,[等级24],[粉丝团 Lv12]
2026-05-16 13:47:58,102200676908,此刻,牛,[等级19],
2026-05-16 13:47:58,71169442799,ㅤㅤㅤ,爽死了,[等级11],[粉丝团 Lv2]
2026-05-16 13:47:58,2129109692727048,8023,[666][666][666][666],[等级17],[粉丝团 Lv10]
2026-05-16 13:48:02,3689574830449950,刘三哥,直接补！[赞][666],[等级27],
2026-05-16 13:48:03,53456687388,陕西安杰儿,牛🐮🐮🐮🐮🐮🐮🐮🐮,[等级10],[粉丝团 Lv2]
2026-05-16 13:48:03,110211536586,得人心者得天下,这么菜还窥屏,[等级44],[粉丝团 Lv13]
2026-05-16 13:48:04,105392418367,TB12,[666][666],[等级24],[粉丝团 Lv15]
2026-05-16 13:48:04,92199085516,阿灿,怎么骂人呢,[等级1],
2026-05-16 13:48:06,73133140989,行稳致远,牛逼,[等级31],[粉丝团 Lv15]
2026-05-16 13:48:06,3969664936053292,Jiang蒋,哈啊哈哈,[等级11],[粉丝团 Lv6]
2026-05-16 13:48:07,3934507317863532,一个从人民中走出来的普通人（轮回版）,主播,[等级23],[粉丝团 Lv2]
2026-05-16 13:48:08,66672197795,過客,[捂脸][捂脸][捂脸],[等级34],[粉丝团 Lv7]
2026-05-16 13:48:09,68422483360,深情不及久伴,@X～H我们爱说什么说什么,[等级25],[粉丝团 Lv11]
2026-05-16 13:48:11,4041398736916958,良辰美景,加油君雅宝子,[等级24],[粉丝团 Lv9]
2026-05-16 13:48:12,4112604411736253,兔粉妆,窥屏仔没实力,[等级15],[粉丝团 Lv10]
2026-05-16 13:48:15,53200627501,藤井树树啊,66666,[等级20],[粉丝团 Lv5]
2026-05-16 13:48:17,3778386515474196,陈先生,觉得老黑能逃过一劫的扣1,[等级13],[粉丝团 Lv10]
2026-05-16 13:48:21,309411621386987,90后公子,[捂脸][捂脸][捂脸],[等级20],[粉丝团 Lv8]
2026-05-16 13:48:21,71074166083,乔巴,哈哈哈,[等级34],[粉丝团 Lv11]
2026-05-16 13:48:23,97523528294,回首一回头,[捂脸][捂脸][捂脸][捂脸],[等级20],[粉丝团 Lv15]
2026-05-16 13:48:25,53200627501,藤井树树啊,张君雅牛皮,[等级20],[粉丝团 Lv5]
2026-05-16 13:48:27,3582678975397787,往事如烟,老娘和你拼了[捂脸],[等级22],
2026-05-16 13:48:27,2423763099990823,0⃣️0⃣️,太狂了,[等级17],[粉丝团 Lv10]
2026-05-16 13:48:29,86580358314,🌈船长,怎么还骂人呢[捂脸][捂脸][捂脸],[等级19],[粉丝团 Lv3]
2026-05-16 13:48:30,78016969370,未知。。。,[捂脸][捂脸][捂脸],[等级15],[粉丝团 Lv8]
2026-05-16 13:48:30,77527502424,蘭亭序,打到了给拳了他,[等级21],[粉丝团 Lv11]
2026-05-16 13:48:31,100179063750,163广播站,[捂脸][捂脸][捂脸],[等级9],[粉丝团 Lv6]
2026-05-16 13:48:31,71074166083,乔巴,[捂脸][捂脸][捂脸][捂脸],[等级34],[粉丝团 Lv11]
2026-05-16 13:48:32,60782535293,叁柒玖贰壹🩶,[捂脸][捂脸][捂脸],[等级44],[粉丝团 Lv15]
2026-05-16 13:48:33,3267352005977800,释怀！,[捂脸][捂脸][捂脸][捂脸],[等级20],
2026-05-16 13:48:35,4233546532927219,🉑🈶🉑🈚,笑死[捂脸],[等级20],[粉丝团 Lv10]
2026-05-16 13:48:35,7542012252325905468,一个人,[捂脸][捂脸][捂脸][捂脸][捂脸],[等级2],
2026-05-16 13:48:36,96657813688,金,你是女的，做不了爹[呲牙],[等级26],[粉丝团 Lv3]
2026-05-16 13:48:36,7474300916007453758,韩老魔,[捂脸][捂脸][捂脸],,
2026-05-16 13:48:36,102259862239,🐉寒江孤影🐉,[尬笑][尬笑],[等级26],
2026-05-16 13:48:38,109592234297,愙  歖,又给自己加戏了！？[666],[等级18],
2026-05-16 13:48:39,79752507911,唸薇,[捂脸],[等级27],[粉丝团 Lv6]
2026-05-16 13:48:39,4354486716600925,᭄悲喜自渡ꦿ,[捂脸][捂脸][捂脸][捂脸],[等级32],[粉丝团 Lv14]
2026-05-16 13:48:39,105392418367,TB12,[捂脸][捂脸][捂脸][捂脸],[等级24],[粉丝团 Lv15]
2026-05-16 13:48:39,1050745505059651,磊盛石业,哈哈哈[捂脸],[等级18],[粉丝团 Lv10]
2026-05-16 13:48:40,83741692901,925,[捂脸][捂脸],[等级33],[粉丝团 Lv7]
2026-05-16 13:48:40,2796805205268616,鼠宝,[捂脸][捂脸][捂脸][捂脸][捂脸],[等级27],[粉丝团 Lv11]
2026-05-16 13:48:40,53456687388,陕西安杰儿,[尬笑][尬笑][尬笑][尬笑][尬笑],[等级10],[粉丝团 Lv2]
2026-05-16 13:48:40,484257882206712,欧欧欧包,对面怕了,[等级19],[粉丝团 Lv5]
2026-05-16 13:48:41,68278570215,🌟锦霄🌟,[捂脸][捂脸][捂脸][捂脸][捂脸],[等级19],[粉丝团 Lv14]
2026-05-16 13:48:41,2933091313655323,❤️‍🔥吃不胖❤️‍🔥,[捂脸][捂脸][捂脸],[等级33],[粉丝团 Lv15]
2026-05-16 13:48:41,102448055222,@昨日_已去@,[捂脸],[等级3],[粉丝团 Lv1]
2026-05-16 13:48:42,85268358183,本性,哈哈[捂脸],[等级13],[粉丝团 Lv11]
2026-05-16 13:48:42,1934736671376126,福宝,哈哈,[等级16],[粉丝团 Lv1]
2026-05-16 13:48:42,55159220102,BWRZ（记录美好）,骂他,[等级36],[粉丝团 Lv16]
2026-05-16 13:48:42,1560947581518232,呦吼😎,开全麦,[等级15],[粉丝团 Lv6]
2026-05-16 13:48:43,2423763099990823,0⃣️0⃣️,没人收拾你,[等级17],[粉丝团 Lv10]
2026-05-16 13:48:43,66672197795,過客,[捂脸][捂脸][捂脸],[等级34],[粉丝团 Lv7]
2026-05-16 13:48:43,60743243189,汐颜,哈哈哈哈,[等级12],[粉丝团 Lv10]
2026-05-16 13:48:43,1068349355463991,用户2150895394329,[呲牙][呲牙][呲牙][呲牙][呲牙],[等级11],[粉丝团 Lv1]
2026-05-16 13:48:43,4062023312223140,某人」,[捂脸][捂脸][捂脸][捂脸],[等级27],[粉丝团 Lv10]
2026-05-16 13:48:44,56145808012,北方有个男孩,[大笑][奸笑],[等级32],
2026-05-16 13:48:44,71572324127,墨语,干他,[等级21],[粉丝团 Lv10]
2026-05-16 13:48:44,97493921950,一叶秋风88,哈哈哈哈哈,[等级18],[粉丝团 Lv11]
2026-05-16 13:48:44,110895971722,一个人挺好…👿,不要把自己炸死了,[等级24],[粉丝团 Lv9]
2026-05-16 13:48:44,3969664936053292,Jiang蒋,哈哈哈一会儿来了,[等级11],[粉丝团 Lv6]
2026-05-16 13:48:45,4233546532927219,🉑🈶🉑🈚,继续骂[捂脸],[等级20],[粉丝团 Lv10]
2026-05-16 13:48:45,80744237861,无妄生欢,狂暴模式开启[捂脸][捂脸],[等级15],[粉丝团 Lv2]
2026-05-16 13:48:46,55159220102,BWRZ（记录美好）,骂他[酷拽][酷拽][酷拽],[等级36],[粉丝团 Lv16]
2026-05-16 13:48:46,2129109692727048,8023,[鼓掌][鼓掌][鼓掌][鼓掌],[等级17],[粉丝团 Lv10]
2026-05-16 13:48:46,1049365068123705,不要对深爱的人说拜拜,连自己都炸,[等级16],[粉丝团 Lv2]
2026-05-16 13:48:46,3267352005977800,释怀！,[捂脸][捂脸][捂脸][捂脸],[等级20],
2026-05-16 13:48:46,99512064477,大嘭🌈,发飙了[捂脸],[等级24],[粉丝团 Lv13]
2026-05-16 13:48:47,75863932663,爱小猪,哈哈哈哈哈,[等级17],[粉丝团 Lv10]
2026-05-16 13:48:47,3069436756242135,ZHANG,一会拳他,[等级22],[粉丝团 Lv4]
2026-05-16 13:48:47,98144839877,穆辰,哈哈哈,[等级22],[粉丝团 Lv10]
2026-05-16 13:48:48,3532063191606712,浅羽<服饰定制>限量,牛批,[等级2],
2026-05-16 13:48:48,3922654838397437,风轻a,主播骂人[大笑],[等级19],[粉丝团 Lv13]
2026-05-16 13:48:48,71126905166,抖音小肋手,全麦啦[捂脸],[等级11],[粉丝团 Lv10]
2026-05-16 13:48:49,1636547580920328,黑犇,人少了二个人打不过,[等级12],[粉丝团 Lv1]
2026-05-16 13:48:49,759077932646078,柒芯,指桑骂槐[捂脸],[等级21],[粉丝团 Lv11]
2026-05-16 13:48:50,309411621386987,90后公子,[捂脸][捂脸][捂脸],[等级20],[粉丝团 Lv8]
2026-05-16 13:48:51,2782225270309235,问心,太爽了,[等级13],[粉丝团 Lv8]
2026-05-16 13:48:51,75211442426,曾正勇,这主播直接抬走,[等级17],
2026-05-16 13:48:51,86580358314,🌈船长,低调低调,[等级19],[粉丝团 Lv3]
2026-05-16 13:48:51,100648000247,vvvvlly,哈哈哈,[等级15],[粉丝团 Lv10]
2026-05-16 13:48:52,95558583638,爸辣辣能量ᝰ,雅姐威武,[等级4],
2026-05-16 13:48:53,50954861534,你也姓崔吗_,喊啥呢,[等级1],
2026-05-16 13:48:53,74187220901,零度&,哈哈哈，怪不得外号这样来的,[等级2],
2026-05-16 13:48:56,71074166083,乔巴,[捂脸][捂脸][捂脸],[等级34],[粉丝团 Lv11]
2026-05-16 13:48:57,100179063750,163广播站,干他[捂脸][捂脸][捂脸],[等级9],[粉丝团 Lv6]
2026-05-16 13:48:58,72060195055,兜兜酱,爽,[等级25],[粉丝团 Lv9]
2026-05-16 13:48:58,85885525055,眉间朱砂,是不是开全部麦咱们听不见,[等级42],[粉丝团 Lv3]
2026-05-16 13:48:58,71983688442,🌹99,哈哈,[等级15],[粉丝团 Lv11]
2026-05-16 13:49:00,995502248958772,🥳瑶妹,你在直播哦,[等级1],[粉丝团 Lv1]
2026-05-16 13:49:00,102200676908,此刻,好骂,[等级19],
2026-05-16 13:49:02,2475702575179399,这个我是真的喜欢,好骂,[等级14],
2026-05-16 13:49:02,93014642999,🌈南山楠,哈哈哈,[等级11],[粉丝团 Lv10]
2026-05-16 13:49:02,111412669201,指尖上的烟云,不是有延迟吗？怎么抓,[等级23],[粉丝团 Lv11]
2026-05-16 13:49:04,484257882206712,欧欧欧包,哈哈哈哈,[等级19],[粉丝团 Lv5]
2026-05-16 13:49:04,106101466662,袁凯🐍（保函）,哈哈哈,[等级34],
2026-05-16 13:49:06,102259862239,🐉寒江孤影🐉,没开麦,[等级26],
2026-05-16 13:49:09,105392418367,TB12,[捂脸][捂脸][捂脸][捂脸],[等级24],[粉丝团 Lv15]
2026-05-16 13:49:09,53200627501,藤井树树啊,张君雅好帅 ！ ！,[等级20],[粉丝团 Lv5]
2026-05-16 13:49:09,995502248958772,🥳瑶妹,别生气,[等级1],[粉丝团 Lv1]
2026-05-16 13:49:10,95507451318,溪鱼,有意思,[等级17],[粉丝团 Lv10]
2026-05-16 13:49:11,98878505737,杰.,张老黑气疯了,,
2026-05-16 13:49:13,2582094266762910,²·¹¹礼冰✨,雅雅咋们直播间有69岁以上小姐姐闲余时间一起甜蜜双排吗？,[等级40],[粉丝团 Lv9]
2026-05-16 13:49:14,50338908343,晴天🧚‍♀️,每次刷到都是咋呼呼了,[等级20],
2026-05-16 13:49:16,2782225270309235,问心,骂的真解气,[等级13],[粉丝团 Lv8]
2026-05-16 13:49:22,6472167828,顺城,一般人真偷不了她,[等级22],[粉丝团 Lv15]
2026-05-16 13:49:23,1118637450869609,1080,拉拉仇恨一手,[等级3],[粉丝团 Lv4]
2026-05-16 13:49:26,55159220102,BWRZ（记录美好）,@²·¹¹礼冰✨ 这么精彩 别找了,[等级36],[粉丝团 Lv16]
2026-05-16 13:49:29,55159220102,BWRZ（记录美好）,[酷拽][酷拽],[等级36],[粉丝团 Lv16]
2026-05-16 13:49:29,637357369600724,.来凤优奢名品汇,主播可以带我玩吗？,[等级21],
2026-05-16 13:49:29,3722296131858329,星禾安,看直播抓人啊,,
2026-05-16 13:49:33,2423763099990823,0⃣️0⃣️,加油兄弟,[等级17],[粉丝团 Lv10]
2026-05-16 13:49:35,58774297474,尐尗　╲   　　　༽,瞌睡吓醒了[捂脸],[等级33],
2026-05-16 13:49:38,61088081565,精彩人生,语言继续输出[捂脸][捂脸][捂脸],[等级20],[粉丝团 Lv13]
2026-05-16 13:49:38,103790275797,浙里伴,窥者,[等级8],[粉丝团 Lv9]
2026-05-16 13:49:39,110487983863,都怪你隐身太清晰,狠起来自己都炸[捂脸],[等级17],[粉丝团 Lv8]
2026-05-16 13:49:41,68422483360,深情不及久伴,@晴天🧚‍♀️ 不理解，不爱看也要说,[等级25],[粉丝团 Lv11]
2026-05-16 13:49:46,484257882206712,欧欧欧包,我们四川妹就是这样直抒胸臆,[等级19],[粉丝团 Lv5]
2026-05-16 13:49:52,105392418367,TB12,[666][666][666][666],[等级24],[粉丝团 Lv15]
2026-05-16 13:49:52,55159220102,BWRZ（记录美好）,漂亮,[等级36],[粉丝团 Lv16]
2026-05-16 13:49:52,99454581712,夜流星,好,[等级10],[粉丝团 Lv4]
2026-05-16 13:49:54,523848398931511,☁️Q,哈哈哈,[等级11],
2026-05-16 13:49:54,4508316446,大闸蟹（黎明中的花朵）,[捂脸][捂脸][捂脸],[等级40],[粉丝团:张君雅 Lv16]
2026-05-16 13:49:54,93014642999,🌈南山楠,哈哈哈,[等级11],[粉丝团 Lv10]
2026-05-16 13:49:54,111261943561,帅得彻底,哈哈哈哈哈哈,[等级11],[粉丝团 Lv8]
2026-05-16 13:49:55,88757268529,张小狮,[捂脸][捂脸][捂脸][捂脸],[等级11],[粉丝团 Lv11]
2026-05-16 13:49:55,73106185482,简单点！,[666][666][666][666],[等级7],[粉丝团 Lv1]
2026-05-16 13:49:56,102200676908,此刻,牛逼！,[等级19],
2026-05-16 13:49:56,102830709413,白羊座♈️,牛[比心][比心][比心],[等级13],
2026-05-16 13:49:56,3778386515474196,陈先生,[捂脸][捂脸][捂脸],[等级13],[粉丝团 Lv10]
2026-05-16 13:49:56,100179063750,163广播站,[捂脸][捂脸][捂脸][捂脸],[等级9],[粉丝团 Lv6]
2026-05-16 13:49:56,2475702575179399,这个我是真的喜欢,66666,[等级14],
2026-05-16 13:49:56,57303221055,BS,哈哈哈哈哈哈哈哈,[等级21],
2026-05-16 13:49:56,62827726948,唐伯虎点蚊香🦟,[捂脸][捂脸][捂脸][捂脸],[等级8],[粉丝团 Lv7]
2026-05-16 13:49:56,66672197795,過客,[尬笑][尬笑][尬笑],[等级34],[粉丝团 Lv7]
2026-05-16 13:49:56,105457912449,Mr.馬,[捂脸][捂脸][捂脸][捂脸][捂脸],[等级11],[粉丝团 Lv11]
2026-05-16 13:49:57,74187220901,零度&,hhhhh,[等级2],
2026-05-16 13:49:57,109336122589,♛,[捂脸][捂脸],[等级7],
2026-05-16 13:49:57,71126905166,抖音小肋手,张君雅牛逼,[等级11],[粉丝团 Lv10]
2026-05-16 13:49:57,3722285933933771,群众里面有坏人,[捂脸][捂脸][捂脸][捂脸][捂脸][捂脸],[等级4],[粉丝团 Lv8]
2026-05-16 13:49:57,92461848227,煜,[捂脸][捂脸][捂脸][捂脸],[等级13],[粉丝团 Lv11]
2026-05-16 13:49:57,107662442756,老曾⁶¹⁷,[捂脸][发怒],[等级19],[粉丝团 Lv11]
2026-05-16 13:49:57,61835779108,二毛,[捂脸][捂脸][捂脸],[等级32],[粉丝团 Lv15]
2026-05-16 13:49:58,1968604174630651,好运连连,做主播不要怕人抓嘛，有人抓是代表人气高啊[捂脸][捂脸][捂脸],[等级10],[粉丝团 Lv9]
2026-05-16 13:49:58,101277257606,风的影子🧸,[捂脸][捂脸][捂脸][捂脸][捂脸],[等级42],[粉丝团 Lv11]
2026-05-16 13:49:58,96491112356,、等风,哈哈哈,[等级24],[粉丝团 Lv12]
2026-05-16 13:49:58,484257882206712,欧欧欧包,哈哈哈哈哈哈哈哈,[等级19],[粉丝团 Lv5]
2026-05-16 13:49:58,1259364523448220,狒狒躺赢纪,[捂脸][捂脸][捂脸],[等级19],[粉丝团 Lv5]
2026-05-16 13:49:58,93191620592,无欲而刚,哈哈哈哈,[等级28],[粉丝团 Lv13]
2026-05-16 13:49:58,4259925351218591,寒江雪,太帅了[鼓掌][鼓掌][鼓掌][鼓掌][鼓掌][鼓掌][鼓掌],[等级16],[粉丝团 Lv12]
2026-05-16 13:49:58,102570603939,看海,解气,[等级11],[粉丝团 Lv11]
2026-05-16 13:49:58,81471372959,噢,好,[等级13],[粉丝团 Lv11]
2026-05-16 13:49:58,2181026330191848,yIng2h0vlI,牛逼牛逼,[等级9],[粉丝团 Lv3]
2026-05-16 13:49:59,2612854942864519,歪c,牛批,[等级16],[粉丝团 Lv10]
2026-05-16 13:49:59,102469975321,✨名门⭐️,[666][666][666][666],[等级19],[粉丝团 Lv15]
2026-05-16 13:49:59,98144839877,穆辰,哈哈哈,[等级22],[粉丝团 Lv10]
2026-05-16 13:49:59,2532895178888260,【俩俩相忘】安静看👀🚫禁止带节奏,[捂脸][捂脸][捂脸][捂脸],[等级9],
2026-05-16 13:49:59,73106185482,简单点！,[鼓掌][鼓掌][鼓掌][鼓掌][鼓掌],[等级7],[粉丝团 Lv1]
2026-05-16 13:49:59,105392418367,TB12,[捂脸][捂脸][捂脸][捂脸],[等级24],[粉丝团 Lv15]
2026-05-16 13:49:59,2093067748255504,@？～￥￥￥￥ycfx,[666][666][666],[等级13],[粉丝团 Lv13]
2026-05-16 13:49:59,2959539499973415,我不美却独一无二,哈哈,[等级15],
2026-05-16 13:50:00,1974351574870727,池鱼,哈哈哈哈哈,[等级20],[粉丝团 Lv2]
2026-05-16 13:50:00,111261943561,帅得彻底,漂亮,[等级11],[粉丝团 Lv8]
2026-05-16 13:50:00,1313284358672692,广联达建模（王）,[捂脸][发怒][捂脸][发怒][捂脸][发怒][捂脸][发怒],[等级16],[粉丝团 Lv7]
2026-05-16 13:50:00,88681439560,鑫小汁,哈哈哈,[等级29],
2026-05-16 13:50:00,106101466662,袁凯🐍（保函）,哈哈哈,[等级34],
2026-05-16 13:50:00,70644249078,设计橙,[捂脸][捂脸][捂脸][捂脸][捂脸][捂脸],[等级37],[粉丝团:张君雅 Lv16]
2026-05-16 13:50:00,97217883865,尭💫,哈哈哈哈,[等级22],[粉丝团 Lv7]
2026-05-16 13:50:00,97472025407,山大王,哈哈哈哈哈哈哈哈哈哈哈哈哈哈,[等级8],[粉丝团 Lv10]
2026-05-16 13:50:00,3117841111319639,游钓、江湖,[赞][赞][赞][赞][赞][赞][给力][给力][给力][给力][给力][给力][给力][给力][给力][给力],[等级21],[粉丝团 Lv4]
2026-05-16 13:50:01,510652295427912,Yc,哈哈哈,[等级24],[粉丝团 Lv3]
2026-05-16 13:50:01,1807239114666904,·喵了个咪,哈哈哈哈,[等级20],[粉丝团 Lv15]
2026-05-16 13:50:01,2189880376430734,田心`,[捂脸][捂脸][捂脸][捂脸][捂脸][捂脸][捂脸],[等级15],[粉丝团 Lv8]
2026-05-16 13:50:02,147794188577292,『淡定』,哈哈哈哈,[等级7],[粉丝团 Lv7]
2026-05-16 13:50:02,2582094266762910,²·¹¹礼冰✨,哈哈,[等级40],[粉丝团 Lv9]
2026-05-16 13:50:02,1257437656002798,某某.,笑死了,[等级34],[粉丝团:张君雅 Lv16]
2026-05-16 13:50:02,98200507751,赶路人,[捂脸][捂脸][捂脸][捂脸],[等级31],
2026-05-16 13:50:02,1456169111790891,隔壁老王,哈哈哈哈哈哈哈哈哈哈哈,[等级16],[粉丝团 Lv7]
2026-05-16 13:50:02,95788584507,肆月,[捂脸][捂脸][捂脸][捂脸][捂脸][捂脸],[等级12],[粉丝团 Lv10]
2026-05-16 13:50:02,2524940450925799,相忘于江湖,[捂脸][捂脸][捂脸][捂脸],[等级35],[粉丝团 Lv1]
2026-05-16 13:50:02,93171998731,a屁桃,[666][666][666],[等级15],[粉丝团 Lv11]
2026-05-16 13:50:02,102570603939,看海,爽,[等级11],[粉丝团 Lv11]
2026-05-16 13:50:02,3720338066378846,夜思晨,[捂脸][捂脸][捂脸][捂脸][捂脸][捂脸][捂脸][捂脸][捂脸][捂脸],[等级19],
2026-05-16 13:50:02,61090497713,圆嘟嘟,[捂脸][捂脸][捂脸][捂脸],[等级14],[粉丝团 Lv6]
2026-05-16 13:50:02,96820145690,iiu,帅呆了,[等级9],[粉丝团 Lv2]
2026-05-16 13:50:02,3232152101332788,揽月,哈哈哈哈哈哈,[等级21],[粉丝团 Lv2]
2026-05-16 13:50:03,523848398931511,☁️Q,气疯了感觉,[等级11],
2026-05-16 13:50:03,75863932663,爱小猪,爽死了,[等级17],[粉丝团 Lv10]
2026-05-16 13:50:03,68422483360,深情不及久伴,[捂脸][捂脸][捂脸][捂脸][捂脸],[等级25],[粉丝团 Lv11]
2026-05-16 13:50:03,116989961990570,喜欢一个人,成都箭王张君雅牛逼666[比心][比心][比心],[等级12],[粉丝团 Lv10]
2026-05-16 13:50:04,86580358314,🌈船长,笑死我了,[等级19],[粉丝团 Lv3]
2026-05-16 13:50:04,1890758845273127,是甜甜吗？,哈哈哈,[等级10],[粉丝团 Lv8]
2026-05-16 13:50:04,7497650823804257340,Xy 🐈‍⬛,漂亮 漂亮,[等级13],[粉丝团 Lv9]
2026-05-16 13:50:04,1715653566532856,C,笑死了,[等级15],[粉丝团 Lv10]
2026-05-16 13:50:04,2129109692727048,8023,[鼓掌][鼓掌][鼓掌][鼓掌][鼓掌],[等级17],[粉丝团 Lv10]
2026-05-16 13:50:04,3025500509839964,云想衣裳花想容,哈哈哈哈哈哈哈,[等级17],
2026-05-16 13:50:04,2612854942864519,歪c,牛批,[等级16],[粉丝团 Lv10]
2026-05-16 13:50:04,3677188125887576,雷厉风行,悍妇[捂脸][捂脸][捂脸],[等级12],
2026-05-16 13:50:04,99961872378,如意hgjgfg,老黑怒了,[等级21],
2026-05-16 13:50:05,4256959787711342,金如意,[捂脸][捂脸][捂脸][捂脸],[等级3],
2026-05-16 13:50:05,4112604411736253,兔粉妆,哈哈哈,[等级15],[粉丝团 Lv10]
2026-05-16 13:50:05,105388351499,明天会更好,[捂脸][捂脸][捂脸][捂脸],[等级11],[粉丝团 Lv11]
2026-05-16 13:50:05,2950740333835965,醒必静（重生版),[捂脸][捂脸][捂脸][捂脸],[等级30],[粉丝团 Lv15]
2026-05-16 13:50:05,97472025407,山大王,6666,[等级8],[粉丝团 Lv10]
2026-05-16 13:50:05,1560947581518232,呦吼😎,开全麦,[等级15],[粉丝团 Lv6]
2026-05-16 13:50:05,110277570700,moment—FF,来自香香软软小蛋糕的嘲讽[捂脸],[等级10],[粉丝团 Lv10]
2026-05-16 13:50:06,97915842097,大    王,小人得志,[等级8],
2026-05-16 13:50:06,61225125818,发困困困媛.,牛逼牛逼,[等级8],[粉丝团 Lv10]
2026-05-16 13:50:06,61624904933,西 瓜,[捂脸][捂脸][捂脸][捂脸][捂脸],[等级13],[粉丝团 Lv11]
2026-05-16 13:50:06,68017181310,K.Z,舒服[赞],[等级16],[粉丝团 Lv9]
2026-05-16 13:50:06,3267352005977800,释怀！,[捂脸][捂脸][捂脸][捂脸][捂脸],[等级20],
2026-05-16 13:50:06,102518780357,郭郭郭,哈哈哈,[等级7],
2026-05-16 13:50:06,68278570215,🌟锦霄🌟,牛逼,[等级19],[粉丝团 Lv14]
2026-05-16 13:50:06,2401813627406455,喝了酱油耍酒疯,哈哈哈,,
2026-05-16 13:50:06,2322637781999111,用户8670873791962,66,[等级13],
2026-05-16 13:50:06,4499643040531264,yiqi7,六,[等级12],[粉丝团 Lv11]
2026-05-16 13:50:07,93031321835,小熊217712,哈哈哈,[等级9],[粉丝团 Lv4]
2026-05-16 13:50:07,2172229561625960,好嗨哟,[捂脸][捂脸][捂脸][捂脸][捂脸],[等级25],[粉丝团 Lv13]
2026-05-16 13:50:07,98104297930,发发大,哈哈哈哈，,[等级4],
2026-05-16 13:50:07,96197197101,睡醒了就回你,哈哈哈哈,[等级19],[粉丝团 Lv5]
2026-05-16 13:50:08,67284514194,好运,舒服,[等级22],[粉丝团 Lv11]
2026-05-16 13:50:08,97937352636,汤圆,哈哈哈哈哈,[等级14],[粉丝团 Lv12]
2026-05-16 13:50:08,116989961990570,喜欢一个人,生气了生气了,[等级12],[粉丝团 Lv10]
2026-05-16 13:50:08,100648000247,vvvvlly,哈哈哈[捂脸][捂脸],[等级15],[粉丝团 Lv10]
2026-05-16 13:50:08,7542012252325905468,一个人,[捂脸][捂脸][捂脸],[等级2],
2026-05-16 13:50:08,4266530398280583,xrg徐荣贵,急眼了,[等级14],
2026-05-16 13:50:08,74560745349,范闲的铁盒子,吓醒了,[等级15],[粉丝团 Lv1]
2026-05-16 13:50:08,61861982355,๑҉ W·Oct¹⁸Libra🤍,牛b[赞][比心],[等级19],[粉丝团 Lv12]
2026-05-16 13:50:08,1988397133736351,徐玖,咋回事啊,[等级22],
2026-05-16 13:50:08,78034166192,🌈@li,[捂脸][捂脸][捂脸][捂脸][捂脸][捂脸],[等级16],[粉丝团 Lv6]
2026-05-16 13:50:08,383081845372960,看1页,牛逼,[等级20],[粉丝团 Lv11]
2026-05-16 13:50:08,603006804442072,无双✨,[捂脸][捂脸][捂脸],[等级16],
2026-05-16 13:50:09,4459243629712462,永( ˝ᗢ̈˝ )²⁴⁹,[抠鼻][抠鼻][抠鼻],[等级24],[粉丝团 Lv13]
2026-05-16 13:50:09,4259925351218591,寒江雪,看得我都不敢呼吸了[鼓掌][鼓掌][鼓掌][鼓掌][鼓掌][鼓掌],[等级16],[粉丝团 Lv12]
2026-05-16 13:50:09,104689996186,白蛮—之刃,老黑生气了,[等级33],[粉丝团 Lv8]
2026-05-16 13:50:09,64222449904036,你是我的小迷妹,哈哈哈哈 刺激[捂脸][捂脸][捂脸],[等级3],[粉丝团 Lv1]
2026-05-16 13:50:09,3069436756242135,ZHANG,解气[呲牙],[等级22],[粉丝团 Lv4]
2026-05-16 13:50:09,77683456856,🌈大碗茶,张三疯[捂脸],[等级12],[粉丝团 Lv5]
2026-05-16 13:50:10,86580358314,🌈船长,[捂脸][捂脸][捂脸][捂脸],[等级19],[粉丝团 Lv3]
2026-05-16 13:50:10,110940507669,哼哼哈嘿,[捂脸][捂脸][捂脸][捂脸][捂脸],[等级11],[粉丝团 Lv2]
2026-05-16 13:50:10,3315721617551160,爱咂烟的小伙,[666][666][666],[等级15],[粉丝团 Lv11]
2026-05-16 13:50:10,1706878886747552,顺其自然……,[666][666][666][666][666],[等级11],[粉丝团 Lv6]
2026-05-16 13:50:10,1540863323540624,用户5735528885032,[捂脸][捂脸][捂脸][捂脸][捂脸][捂脸][捂脸][捂脸][捂脸][捂脸][捂脸][捂脸][捂脸][捂脸],,
2026-05-16 13:50:10,95558583638,爸辣辣能量ᝰ,鞭成血雾了,[等级4],
2026-05-16 13:50:11,3642015633909464,-♡落书,牛掰,[等级22],[粉丝团 Lv9]
2026-05-16 13:50:11,78267720770,龍⁵¹⁰⁷⁴,[捂脸][捂脸][捂脸][捂脸],[等级28],[粉丝团 Lv15]
2026-05-16 13:50:11,108698943317,魏,牛掰,[等级27],[粉丝团 Lv12]
2026-05-16 13:50:11,60375221243,🍎浢包,就这？[捂脸],[等级13],[粉丝团 Lv10]
2026-05-16 13:50:12,70974839887,枪枪,舒服,[等级28],[粉丝团 Lv11]
2026-05-16 13:50:12,730556680664045,睡觉.,哈哈哈哈哈哈,[等级14],[粉丝团 Lv3]
2026-05-16 13:50:12,58888445649,彼得潘,哈哈,[等级5],[粉丝团 Lv8]
2026-05-16 13:50:12,3081266249862527,糯米,舒坦了[微笑],[等级5],[粉丝团 Lv6]
2026-05-16 13:50:12,94618643500,洋葱小子,暴躁了[捂脸],[等级18],
2026-05-16 13:50:12,1939157993129428,莓柿,舒服了,[等级6],[粉丝团 Lv4]
2026-05-16 13:50:12,1974351574870727,池鱼,帅过肖战,[等级20],[粉丝团 Lv2]
2026-05-16 13:50:12,92461848227,煜,其他人吓死了[捂脸][捂脸],[等级13],[粉丝团 Lv11]
2026-05-16 13:50:13,2528486479102643,银,悍妇发飙了[捂脸][捂脸][捂脸],[等级7],[粉丝团 Lv3]
2026-05-16 13:50:14,116989961990570,喜欢一个人,哈哈哈😂😂😂😂😂😂,[等级12],[粉丝团 Lv10]
2026-05-16 13:50:14,73689966523,•囍•,哈哈哈哈哈哈,[等级13],[粉丝团 Lv5]
2026-05-16 13:50:14,98471565737,@余尚勇,进入狂暴状态了,[等级36],[粉丝团 Lv16]
2026-05-16 13:50:14,98181665549,刘风,[捂脸][捂脸][捂脸][捂脸],[等级5],[粉丝团 Lv10]
2026-05-16 13:50:15,484257882206712,欧欧欧包,太爽了，爽文！！,[等级19],[粉丝团 Lv5]
2026-05-16 13:50:15,603006804442072,无双✨,气急败坏,[等级16],
2026-05-16 13:50:15,3531230260761091,森,弄就完了,[等级14],[粉丝团 Lv9]
2026-05-16 13:50:16,82534880659,风度(ФωФ),[捂脸][捂脸][捂脸],[等级13],[粉丝团 Lv8]
2026-05-16 13:50:16,102200676908,此刻,帅帅帅,[等级19],
2026-05-16 13:50:16,103842619143,开心糖🍬,出气了,[等级11],
2026-05-16 13:50:16,455642185216483,大树听风,少了两个粉丝,[等级16],[粉丝团 Lv3]
2026-05-16 13:50:16,73446401849,7  ︎,解气,[等级28],[粉丝团 Lv6]
2026-05-16 13:50:16,730556680664045,睡觉.,解气,[等级14],[粉丝团 Lv3]
2026-05-16 13:50:16,103721083714,🥔🌱,帅,[等级20],[粉丝团 Lv11]
2026-05-16 13:50:16,4041398736916958,良辰美景,[鼓掌][鼓掌][鼓掌][鼓掌],[等级24],[粉丝团 Lv9]
2026-05-16 13:50:16,974597718805612,陈小白,哈哈,[等级17],[粉丝团 Lv7]
2026-05-16 13:50:16,59436791002,糖炒栗子🌰,爽,[等级16],
2026-05-16 13:50:16,3408098413512419,心静自然,彻底疯狂[捂脸][捂脸][捂脸][捂脸],[等级30],[粉丝团 Lv11]
2026-05-16 13:50:16,110961011703,@@,帅,[等级28],[粉丝团 Lv13]
2026-05-16 13:50:17,102570603939,看海,爽,[等级11],[粉丝团 Lv11]
2026-05-16 13:50:17,77627448475,晴天已过,张老黑毛了,[等级17],[粉丝团 Lv2]
2026-05-16 13:50:17,93126368980,曲水流觞,[捂脸],[等级6],[粉丝团 Lv7]
2026-05-16 13:50:18,7497650823804257340,Xy 🐈‍⬛,张君雅牛逼,[等级13],[粉丝团 Lv9]
2026-05-16 13:50:18,7571745879104406565,𝑨꯭𝑰꯭𝒐꯭𝒏꯭𝒆꯭。,[捂脸][捂脸],[等级2],
2026-05-16 13:50:18,2129109692727048,8023,[666][666][666][666][666],[等级17],[粉丝团 Lv10]
2026-05-16 13:50:18,62430075419,手机用户62430075419,骂得好,,
2026-05-16 13:50:18,101393000279,兰肃,牛逼,[等级25],[粉丝团 Lv13]
2026-05-16 13:50:18,86930497949,好嘢生活严选,牛逼,,
2026-05-16 13:50:18,63229851477,蟹蟹爱喝冰,真帅！！,[等级14],[粉丝团 Lv1]
2026-05-16 13:50:18,3723397241514860,欺侮老头,出气了[捂脸][捂脸],,
2026-05-16 13:50:18,102259862239,🐉寒江孤影🐉,[呲牙][呲牙],[等级26],
2026-05-16 13:50:18,1981770657709155,Lone.,小丑出来露露脸[捂脸],[等级30],[粉丝团 Lv11]
2026-05-16 13:50:18,113950156132612,你该幸福了,解气,[等级11],
2026-05-16 13:50:20,110277570700,moment—FF,还得是老黑黑啊[捂脸],[等级10],[粉丝团 Lv10]
2026-05-16 13:50:20,71126905166,抖音小肋手,@张君雅的啤酒瓶 谢谢老板大气,[等级11],[粉丝团 Lv10]
2026-05-16 13:50:20,2612854942864519,歪c,制裁窥屏仔,[等级16],[粉丝团 Lv10]
2026-05-16 13:50:20,826427900432958,离小川。,解气解气,[等级9],[粉丝团 Lv3]
2026-05-16 13:50:20,83645562268,風裡藏著溫柔,就这两下子,[等级9],[粉丝团 Lv11]
2026-05-16 13:50:20,64314211024,Soliloquy,n b[比心]nb,[等级13],
2026-05-16 13:50:20,57614644352,腐,牛批,[等级33],[粉丝团 Lv10]
2026-05-16 13:50:20,1988397133736351,徐玖,咋回事啊,[等级22],
2026-05-16 13:50:20,67773608836,杰哥,举报骂人,[等级3],
2026-05-16 13:50:20,3487283079289420,剑胆-琴心,雅姐尿尿,[等级13],
2026-05-16 13:50:20,75863932663,爱小猪,解气,[等级17],[粉丝团 Lv10]
2026-05-16 13:50:20,68278570215,🌟锦霄🌟,牛逼,[等级19],[粉丝团 Lv14]
2026-05-16 13:50:20,3689593107120935,晚歌,帅锅过肖战[看],[等级7],[粉丝团 Lv10]
2026-05-16 13:50:21,2867143476017070,潘先生,教他做人[捂脸],[等级10],[粉丝团 Lv11]
2026-05-16 13:50:21,102380940885,乱了浮生,终于报仇一次,[等级26],[粉丝团 Lv11]
2026-05-16 13:50:22,94250382577,MVP聰,太帅了,[等级17],
2026-05-16 13:50:22,35603934612855,一只喵吖,这爆脾气[捂脸],[等级9],[粉丝团 Lv2]
2026-05-16 13:50:22,2063153605908235,叽哩呱啦,急眼了,,
2026-05-16 13:50:22,53456687388,陕西安杰儿,牛掰啊啊啊啊啊啊啊啊啊啊啊啊啊啊啊啊啊啊啊啊啊啊啊啊,[等级10],[粉丝团 Lv2]
2026-05-16 13:50:22,109501454832,xuyii,可以可以爽了,[等级13],[粉丝团 Lv1]
2026-05-16 13:50:22,4041398736916958,良辰美景,[赞][赞][赞][赞][赞],[等级24],[粉丝团 Lv9]
2026-05-16 13:50:23,4182169172050043,hdbsvhxiwnzgaj,牛皮克拉斯，666666,[等级33],
2026-05-16 13:50:24,61485803368,ᥫᩣฅ⭐,[鼓掌][鼓掌][鼓掌][鼓掌],[等级4],[粉丝团 Lv7]
2026-05-16 13:50:24,2782225270309235,问心,有实力，有实力，爱播,[等级13],[粉丝团 Lv8]
2026-05-16 13:50:24,100179063750,163广播站,以后要叫黑哥[看],[等级9],[粉丝团 Lv6]
2026-05-16 13:50:24,1530976442254383,带五个孤儿住天桥底下,干得漂亮,[等级27],[粉丝团 Lv11]
2026-05-16 13:50:24,68334443024,小熊饼干干干巴巴,牛逼牛逼,[等级13],[粉丝团 Lv10]
2026-05-16 13:50:25,86816371449,兔·兔,你说你们惹她干嘛,[等级21],[粉丝团 Lv11]
2026-05-16 13:50:25,88757268529,张小狮,论拉扯，无人能敌老黑,[等级11],[粉丝团 Lv11]
2026-05-16 13:50:25,1455350881721268,弋🍓🍓,帅过肖战？  这我忍不了[看][看][看]我去营地有点事[看][看][看][看],[等级13],[粉丝团 Lv12]
2026-05-16 13:50:25,62568598873,犯懒大王🤍,[赞][赞][赞],[等级2],
2026-05-16 13:50:26,98457454810,悦·晗,哇靠，黑子取个这种名字简直侮辱我战哥,[等级38],[粉丝团 Lv11]
2026-05-16 13:50:26,1772869150587784,猪羔逗⁷¹⁵⁸✨,鞭尸[捂脸][捂脸][捂脸],[等级20],[粉丝团 Lv4]
2026-05-16 13:50:26,3677188125887576,雷厉风行,果然是悍妇[捂脸][捂脸][捂脸][捂脸],[等级12],
2026-05-16 13:50:26,53200627501,藤井树树啊,爽！ ！ ！,[等级20],[粉丝团 Lv5]
2026-05-16 13:50:26,109592234297,愙  歖,天天给自己加戏,[等级18],
2026-05-16 13:50:26,81498709949,玉楼金阙慵归去,谁惹她干啥[捂脸][捂脸][捂脸],[等级12],[粉丝团 Lv5]
2026-05-16 13:50:26,96434476460,0X,川渝啥……,[等级20],[粉丝团 Lv11]
2026-05-16 13:50:26,65685369638,洋葱,是我是我[捂脸][捂脸],[等级32],[粉丝团 Lv12]
2026-05-16 13:50:26,62211050570,Nixiak,窥屏都打不过[看],[等级3],[粉丝团 Lv5]
2026-05-16 13:50:27,3865495664595544,活人微死,解气了,[等级12],[粉丝团 Lv9]
2026-05-16 13:50:27,2423763099990823,0⃣️0⃣️,组队捉主播去,[等级17],[粉丝团 Lv10]
2026-05-16 13:50:27,93501557602,黎 大 銘,人家喜欢你,[等级25],[粉丝团 Lv10]
2026-05-16 13:50:27,4433688919815223,玖绊,要气哭了感觉[捂脸],[等级29],[粉丝团 Lv13]
2026-05-16 13:50:27,74284219522,笑看风云,这个女人狠起来是厉害呢,[等级17],[粉丝团 Lv9]
2026-05-16 13:50:28,3606873558496464,是月亮呀,[鼓掌][鼓掌][鼓掌][鼓掌][鼓掌],[等级11],[粉丝团 Lv7]
2026-05-16 13:50:28,2294045516499104,嘟,连肖战脚底板都比不上[捂脸][捂脸][捂脸][捂脸],[等级13],[粉丝团 Lv10]
2026-05-16 13:50:29,57525104566,♋️栖野,舒服了不,[等级14],[粉丝团 Lv8]
2026-05-16 13:50:29,2133524661936728,绝不废话,海岛悍妇,[等级7],
2026-05-16 13:50:29,50723822354,จุ๊บ糖的味道,哈哈哈哈哈哈哈哈哈哈哈哈哈哈,[等级19],[粉丝团 Lv10]
2026-05-16 13:50:29,80977304568,荣哥,这是真急了,[等级11],[粉丝团 Lv10]
2026-05-16 13:50:30,92516947019,明天好,打得好,[等级19],[粉丝团 Lv10]
2026-05-16 13:50:30,484257882206712,欧欧欧包,对乳腺结节极其友好,[等级19],[粉丝团 Lv5]
2026-05-16 13:50:31,73133140989,行稳致远,[666][666][666],[等级31],[粉丝团 Lv15]
2026-05-16 13:50:31,75956341032,唯一,解气[赞][赞][赞][赞][赞][赞],[等级16],[粉丝团 Lv10]
2026-05-16 13:50:31,61088081565,精彩人生,[捂脸][捂脸][捂脸],[等级20],[粉丝团 Lv13]
2026-05-16 13:50:31,70060171728,感恩之心,上头了[捂脸][捂脸],[等级28],[粉丝团 Lv10]
2026-05-16 13:50:31,1442212134287511,一个英,[赞][赞][赞],[等级1],
2026-05-16 13:50:32,85268358183,本性,你看又急[捂脸],[等级13],[粉丝团 Lv11]
2026-05-16 13:50:32,93126368980,曲水流觞,老黑干得漂亮,[等级6],[粉丝团 Lv7]
2026-05-16 13:50:33,3384928576,゜本尊不在线,牛逼[比心][比心][比心],[等级9],
2026-05-16 13:50:33,432585927043624,东海孤鹰,[捂脸][捂脸][捂脸][捂脸][捂脸][捂脸],[等级16],[粉丝团 Lv4]
2026-05-16 13:50:33,2258848122937539,岁月沙漏,继续别停,[等级13],[粉丝团 Lv6]
2026-05-16 13:50:33,55159220102,BWRZ（记录美好）,这几个真菜呀[看]就这还打不死,[等级36],[粉丝团 Lv16]
2026-05-16 13:50:34,67972772738,link,娶到张君雅的人这辈子是有了,[等级40],[粉丝团 Lv8]
2026-05-16 13:50:35,105241604683,热火,依旧窥屏打不过[捂脸][捂脸][捂脸][捂脸][捂脸]黑子继续,[等级14],
2026-05-16 13:50:35,94070115846,六角亭边,川渝软妹,[等级12],
2026-05-16 13:50:35,88757268529,张小狮,牛逼,[等级11],[粉丝团 Lv11]
2026-05-16 13:50:35,110012786240,小猫饼,舒服,[等级22],[粉丝团 Lv12]
2026-05-16 13:50:36,91706088420,糊里糊涂,爱播  我们撞车了,[等级28],[粉丝团 Lv7]
2026-05-16 13:50:36,58888445649,彼得潘,牛逼,[等级5],[粉丝团 Lv8]
2026-05-16 13:50:36,3778386515474196,陈先生,补总，你号有毒[捂脸][捂脸][捂脸]一直抓你,[等级13],[粉丝团 Lv10]
2026-05-16 13:50:37,1508135245980798,向幸福出发,牛逼，张老黑,[等级3],
2026-05-16 13:50:37,72332001812,一拍,生气了，不要生气，生气长结节[捂脸],[等级21],
2026-05-16 13:50:37,1988397133736351,徐玖,咋回事啊,[等级22],
2026-05-16 13:50:38,71126905166,抖音小肋手,@爱哭的鱼… [比心],[等级11],[粉丝团 Lv10]
2026-05-16 13:50:38,60782535293,叁柒玖贰壹🩶,[捂脸][捂脸][捂脸],[等级44],[粉丝团 Lv15]
2026-05-16 13:50:38,4296546325904652,用户347986225108,老黑牛🐮,[等级15],[粉丝团 Lv12]
2026-05-16 13:50:39,16253603096,无限,舒服了,[等级21],[粉丝团 Lv11]
2026-05-16 13:50:40,1187090904910855,小熊打盹,张宝庆啊,[等级17],[粉丝团 Lv10]
2026-05-16 13:50:41,921866657348811,Iris,爽,[等级9],[粉丝团 Lv6]
2026-05-16 13:50:41,416061041683978,羽安,[比心],[等级1],[粉丝团 Lv2]
2026-05-16 13:50:42,3219787634454189,👑叶落知秋👑,惹谁不好，非惹悍妇,[等级18],[粉丝团 Lv12]
2026-05-16 13:50:42,4328098590118670,Superficial lady Y,舒适了,[等级18],[粉丝团 Lv7]
2026-05-16 13:50:42,4441674979758301,强Ge,批塞,[等级19],[粉丝团 Lv8]
2026-05-16 13:50:42,2066673565966568,大元,[捂脸],[等级29],[粉丝团 Lv12]
2026-05-16 13:50:43,98261208043,麒麟^_^,黑粉+1,[等级16],[粉丝团 Lv12]
2026-05-16 13:50:43,60375221243,🍎浢包,还是老黑牛逼,[等级13],[粉丝团 Lv10]
2026-05-16 13:50:43,62978378029,钟灵毓秀,这两个不行，抬走，下一队,[等级21],[粉丝团 Lv11]
2026-05-16 13:50:45,2274247923467549,知遇👣,@.就这水平还抓人丢人不,[等级24],[粉丝团 Lv10]
2026-05-16 13:50:45,55159220102,BWRZ（记录美好）,窥屏没窥明白呀[看],[等级36],[粉丝团 Lv16]
2026-05-16 13:50:45,108790597735,朱^_^（励志）,漂亮，不行就去多练练，,[等级15],[粉丝团 Lv11]
2026-05-16 13:50:45,71126905166,抖音小肋手,666,[等级11],[粉丝团 Lv10]
2026-05-16 13:50:45,96032544562,老A先生🦅,爽,[等级22],[粉丝团 Lv15]
2026-05-16 13:50:46,50723822354,จุ๊บ糖的味道,啥也不是，还抓人,[等级19],[粉丝团 Lv10]
2026-05-16 13:50:47,68422483360,深情不及久伴,@大树听风 这是什么粉丝?,[等级25],[粉丝团 Lv11]
2026-05-16 13:50:47,98457454810,悦·晗,[鼓掌][鼓掌][鼓掌]爱播好样的,[等级38],[粉丝团 Lv11]
2026-05-16 13:50:48,1116700846328702,9251卤粥故人,别生气[比心],[等级20],[粉丝团 Lv10]
2026-05-16 13:50:48,69894844197,@谭二旺,打死无罪[捂脸][捂脸][捂脸],[等级32],[粉丝团 Lv10]
2026-05-16 13:50:50,4318472311935278,用户1431753061707,你看你又急眼[捂脸][捂脸],[等级16],[粉丝团 Lv12]
2026-05-16 13:50:51,101376906320,小王,这队人真菜   抓都抓不明白    废了,[等级14],[粉丝团 Lv11]
2026-05-16 13:50:51,2755827023239035,用户2319682823939,爽了,[等级2],[粉丝团 Lv2]
2026-05-16 13:50:52,531796100913955,吧唧一笑,那如果遇到你可以合影不,[等级21],
2026-05-16 13:50:53,92803003327966,🚢🚀🚀🚀,感谢啤酒，送来的大哥,[等级4],[粉丝团 Lv4]
2026-05-16 13:50:55,2722833297056100,纯看🤨,雅雅牛逼[比心],[等级24],
2026-05-16 13:50:55,71126905166,抖音小肋手,@一切归0️⃣ 谢谢老板,[等级11],[粉丝团 Lv10]
2026-05-16 13:50:55,103826910046,鸱吻,瞌睡都把我吓醒了[捂脸],[等级28],[粉丝团 Lv13]
2026-05-16 13:50:56,3934507317863532,一个从人民中走出来的普通人（轮回版）,哈哈,[等级23],[粉丝团 Lv2]
2026-05-16 13:50:56,4431510979222186,妤纯·,[看],[等级5],
2026-05-16 13:50:56,64143966761,Blare✨,哈哈哈，舒服了[你不大行],[等级29],[粉丝团 Lv12]
2026-05-16 13:50:59,3689574830449950,刘三哥,当配演来了！[玫瑰][爱心][比心][赞][微笑][捂脸][微笑][捂脸][微笑][捂脸][666][666][666],[等级27],
2026-05-16 13:51:00,69818629301,冰杯,没事惹她干嘛,[等级11],
2026-05-16 13:51:00,3228621261774320,湫！,@大树听风 黑粉也是粉吗？,[等级11],[粉丝团 Lv12]
2026-05-16 13:51:00,484257882206712,欧欧欧包,哈哈哈哈哈哈哈哈,[等级19],[粉丝团 Lv5]
2026-05-16 13:51:01,2274247923467549,知遇👣,@大树听风 是粉丝吗,[等级24],[粉丝团 Lv10]
2026-05-16 13:51:02,1025197752976952,刁德一,一下给我嗷嗷醒了,[等级23],[粉丝团 Lv15]
2026-05-16 13:51:02,109249506289,怪兽ヽ,舒服了[看],[等级3],
2026-05-16 13:51:02,2532895178888260,【俩俩相忘】安静看👀🚫禁止带节奏,昨晚看天刚治好劲锥病，今天又看地[捂脸][捂脸][捂脸]颈椎病看犯了,[等级9],
2026-05-16 13:51:03,110287839933,张三每,直播效果，不要太在意。,[等级11],[粉丝团 Lv8]
2026-05-16 13:51:04,97523528294,回首一回头,@@余尚勇 大哥灯牌黑了,[等级20],[粉丝团 Lv15]
2026-05-16 13:51:04,84316928345,一身腱子肉,脾气太大，主要是这个游戏玩时间长了最容易突然暴脾气,[等级17],[粉丝团 Lv3]
2026-05-16 13:51:04,92820219610,7-sec,舒服了,[等级15],[粉丝团 Lv11]
2026-05-16 13:51:06,82090851319,𝒵𝒽𝓸𝓃𝓰 ✨,张君雅牛逼[比心],[等级32],
2026-05-16 13:51:07,102469975321,✨名门⭐️,打又打不过骂也骂不过！好气人！[捂脸][捂脸][捂脸],[等级19],[粉丝团 Lv15]
2026-05-16 13:51:07,1116700846328702,9251卤粥故人,宝宝别生气[比心][捂脸],[等级20],[粉丝团 Lv10]
2026-05-16 13:51:08,493000899432619,斗金,说的好[捂脸],[等级2],
2026-05-16 13:51:09,200580296878250,ο▬▬▬◙▅▅▆▆▆▆◤千,解气解气,[等级7],[粉丝团 Lv10]
2026-05-16 13:51:09,57525104566,♋️栖野,唱征服,[等级14],[粉丝团 Lv8]
2026-05-16 13:51:10,1297040135693236,老李彩钢,这小娘们,[等级19],
2026-05-16 13:51:10,109249506289,怪兽ヽ,乳腺畅通,[等级3],
2026-05-16 13:51:10,4259925351218591,寒江雪,真解气   [鼓掌][鼓掌][鼓掌][鼓掌],[等级16],[粉丝团 Lv12]
2026-05-16 13:51:11,1857518968242220,盼春至,发生啥了,[等级14],[粉丝团 Lv8]
2026-05-16 13:51:12,63073431755,💋 初见、,小丑,[等级34],[粉丝团 Lv13]
2026-05-16 13:51:14,66446438256,🐮🐰,把我瞌睡打醒了,[等级10],[粉丝团 Lv8]
2026-05-16 13:51:14,96261969310,酒醉人不归,舒服,[等级15],[粉丝团 Lv10]
2026-05-16 13:51:14,16253603096,无限,舒服了,[等级21],[粉丝团 Lv11]
2026-05-16 13:51:14,432585927043624,东海孤鹰,好凶[捂脸],[等级16],[粉丝团 Lv4]
2026-05-16 13:51:16,3438921414351399,淡泊·明智,出气了[呲牙][呲牙][呲牙],[等级15],[粉丝团 Lv11]
2026-05-16 13:51:18,448249880646383,王显生,打急眼了[捂脸],[等级16],[粉丝团 Lv11]
2026-05-16 13:51:19,71126905166,抖音小肋手,老黑出口恶气啦[捂脸],[等级11],[粉丝团 Lv10]
2026-05-16 13:51:20,7535325015157113913,张君雅的马甲线,班也不一定上的明白啊～,[等级9],[粉丝团 Lv11]
2026-05-16 13:51:20,1512542077459805,记得晒太阳,小雅，漂亮[看],[等级18],[粉丝团 Lv9]
2026-05-16 13:51:21,493000899432619,斗金,说的好，多说点[比心],[等级2],
2026-05-16 13:51:23,2423763099990823,0⃣️0⃣️,打不过没办法,[等级17],[粉丝团 Lv10]
2026-05-16 13:51:24,101406475985,了无痕（做人要善良）,悍妇一尖叫，敌人生死难料[捂脸][捂脸][捂脸][捂脸],[等级30],[粉丝团 Lv10]
2026-05-16 13:51:26,75211442426,曾正勇,就这样的主播还有人爱,[等级17],
2026-05-16 13:51:27,61225125818,发困困困媛.,张君雅房区的神[舔屏][舔屏][舔屏],[等级8],[粉丝团 Lv10]
2026-05-16 13:51:28,3852312079508893,奋～斗～的～小～蝌～蚪,四个人，你就完了,[等级6],
2026-05-16 13:51:31,31226528019117,婺罅,你看你又急,[等级24],[粉丝团 Lv10]
2026-05-16 13:51:31,3197015224228878,如梦人生,你惹川渝婆娘干啥？[捂脸],[等级1],
2026-05-16 13:51:32,4259925351218591,寒江雪,爱播 真争气[赞][赞][赞],[等级16],[粉丝团 Lv12]
2026-05-16 13:51:33,1672810337407367,陈大叔,改个名字,,
2026-05-16 13:51:35,71983688442,🌹99,[捂脸][捂脸],[等级15],[粉丝团 Lv11]
2026-05-16 13:51:35,2423763099990823,0⃣️0⃣️,下次一定可以,[等级17],[粉丝团 Lv10]
2026-05-16 13:51:35,2782225270309235,问心,说的好,[等级13],[粉丝团 Lv8]
2026-05-16 13:51:35,69881179764,Y.t,谢宝庆啊谢宝庆，你说你惹她干嘛,[等级15],[粉丝团 Lv10]
2026-05-16 13:51:35,110277570700,moment—FF,来自小蛋糕的无情嘲讽[捂脸],[等级10],[粉丝团 Lv10]
2026-05-16 13:51:37,2735208913699470,懒得起名,张君雅牛13,[等级22],[粉丝团 Lv2]
2026-05-16 13:51:37,88757268529,张小狮,能不能把延时开成5分钟,[等级11],[粉丝团 Lv11]
2026-05-16 13:51:38,101686417552,明天,好久没看，猫局呢,[等级3],
2026-05-16 13:51:39,1857518968242220,盼春至,发生什么事了,[等级14],[粉丝团 Lv8]
2026-05-16 13:51:40,4233546532927219,🉑🈶🉑🈚,[捂脸][尬笑][捂脸][尬笑],[等级20],[粉丝团 Lv10]
2026-05-16 13:51:40,56505883242,Fara,这把窥屏真的菜，衣角微脏,[等级15],[粉丝团 Lv12]
2026-05-16 13:51:41,63027055055,美女社社长,解气,[等级2],
2026-05-16 13:51:41,484257882206712,欧欧欧包,太爽了,[等级19],[粉丝团 Lv5]
2026-05-16 13:51:41,2274247923467549,知遇👣,@叽哩呱啦 就就水平还来抓,[等级24],[粉丝团 Lv10]
2026-05-16 13:51:42,111261943561,帅得彻底,舒服,[等级11],[粉丝团 Lv8]
2026-05-16 13:51:42,68237756614,陈山野🌈🌈🌈🌈,帅过肖战，净吹。怎么可能帅过肖战,[等级15],[粉丝团 Lv7]
2026-05-16 13:51:43,826427900432958,离小川。,哪来的自信去这名字,[等级9],[粉丝团 Lv3]
2026-05-16 13:51:43,1789610906105324,怡辰爸,2大汗，不好使[捂脸][捂脸][捂脸][捂脸][捂脸][捂脸],[等级9],[粉丝团 Lv3]
2026-05-16 13:51:45,3096657847394206,物以稀为桂 󰠇,还急眼了[捂脸][捂脸],[等级7],
2026-05-16 13:51:45,3434514376563995,丶簡,这两人技术不行[捂脸],[等级16],[粉丝团 Lv12]
2026-05-16 13:51:45,176392914349309,过客而已,谢宝庆啊谢宝庆 你说你惹她干嘛,[等级2],[粉丝团 Lv4]
2026-05-16 13:51:46,1172550470866364,井上月,帅过肖战，去给他冲了,[等级23],[粉丝团 Lv7]
2026-05-16 13:51:46,80744237861,无妄生欢,狂暴雅[捂脸][捂脸],[等级15],[粉丝团 Lv2]
2026-05-16 13:51:46,106265479123,23。,@曾正勇 关你屁事儿[捂脸],,
2026-05-16 13:51:47,2782225270309235,问心,有一个队友他们都不敢过来,[等级13],[粉丝团 Lv8]
2026-05-16 13:51:48,4292115819138440,书荒,姐妹太强,[等级10],[粉丝团 Lv3]
2026-05-16 13:51:49,68278570215,🌟锦霄🌟,谢宝庆,[等级19],[粉丝团 Lv14]
2026-05-16 13:51:49,3116439401673790,🪷紫运福气✨🌴💦🐲,爽,[等级9],[粉丝团 Lv2]
2026-05-16 13:51:51,103790275797,浙里伴,情绪不稳定，来个男人堵住她的嘴[捂脸][捂脸][捂脸],[等级8],[粉丝团 Lv9]
2026-05-16 13:51:51,1068343218674500,清淡,就爱这样的,[等级4],[粉丝团 Lv6]
2026-05-16 13:51:51,106650644374,辉少,女中豪杰[比心][比心][比心],[等级8],
2026-05-16 13:51:51,63019632364,仰望星空,还有昨晚抗毒堵桥头,[等级31],[粉丝团 Lv5]
2026-05-16 13:51:51,94070115846,六角亭边,四川小甜甜[捂脸][捂脸][捂脸],[等级12],
2026-05-16 13:51:52,70573976610,石头,爽了,[等级3],
2026-05-16 13:51:52,99842740281,🚬ᐝ᭄逆天⿻改命🍻࿐,这娘们儿挺虎的[捂脸],[等级10],
2026-05-16 13:51:52,67972772738,link,以后张老黑老公要是晚上10点以后还没回家。估计就是刚刚的愤怒值。太残暴了,[等级40],[粉丝团 Lv8]
2026-05-16 13:51:53,3491667074626334,嚴色看看,打又打不过，骂又骂不赢，难搞哦[捂脸],[等级6],[粉丝团 Lv3]
2026-05-16 13:51:54,1373709734260448,r,@曾正勇 你不喜欢，有的人是喜欢,[等级11],
2026-05-16 13:51:55,91692192767,安○逸,想装一下没装明白,[等级8],[粉丝团 Lv5]
2026-05-16 13:51:55,1118637450869609,1080,你不要太嚣张了 老黑,[等级3],[粉丝团 Lv4]
2026-05-16 13:51:56,66857736436,村  长,这婆娘有点凶,[等级24],
2026-05-16 13:51:56,99393356410,吃不了一点香菜,牛掰,[等级26],[粉丝团 Lv12]
2026-05-16 13:51:57,1512542077459805,记得晒太阳,香香甜甜小蛋糕[坏笑],[等级18],[粉丝团 Lv9]
2026-05-16 13:51:57,3433129036744580,aaa阿楼🐳,被窥屏了吗？怎么这么生气[咒骂][九转大肠][咒骂][九转大肠],[等级15],
2026-05-16 13:51:58,4314936913194206,90后中登,@曾正勇 我怀疑你就是那个窥子,[等级22],[粉丝团 Lv7]
2026-05-16 13:51:58,289916590774943,老幺wrt,牛逼[666][666][666]👍👍👍,[等级14],[粉丝团 Lv10]
2026-05-16 13:51:59,1116700846328702,9251卤粥故人,这是假粉丝[捂脸],[等级20],[粉丝团 Lv10]
2026-05-16 13:51:59,96140656696,Z....,@曾正勇 给你打了？？,[等级13],[粉丝团 Lv11]
2026-05-16 13:51:59,1666475693448286,宏宇汽车技术服务中心,悍妇果然名不虚传[捂脸],[等级6],
2026-05-16 13:51:59,104576066736,🕊悦悦,窥屏仔一路追过来,[等级11],[粉丝团 Lv9]
2026-05-16 13:52:01,874847890575219,陈晓北,还有吗还有再来,[等级3],[粉丝团 Lv3]
2026-05-16 13:52:05,63712060181,🌞🌅,生气容易乳腺结节！黑子,[等级32],[粉丝团 Lv9]
2026-05-16 13:52:05,63681751670,꒰๑˘ᴗ˘๑꒱*.不给🍬就捣蛋˚◌,[捂脸][捂脸][捂脸],[等级14],[粉丝团 Lv12]
2026-05-16 13:52:06,96032544562,老A先生🦅,宝庆啊宝庆[呲牙],[等级22],[粉丝团 Lv15]
2026-05-16 13:52:07,7540640742583125050,🦐捂好,今天的窥屏仔不行啊,[等级29],[粉丝团 Lv3]
2026-05-16 13:52:07,2016928388101048,贵在平安,川渝婆娘惹不得[泪奔][泪奔][泪奔],[等级16],[粉丝团 Lv6]
2026-05-16 13:52:08,103842619143,开心糖🍬,马喂点草吃,[等级11],
2026-05-16 13:52:09,60586852944,‘’邱屋男神超哥,敢捉我黑寡妇,[等级25],[粉丝团 Lv12]
2026-05-16 13:52:09,104535456895,亦炀(yáng)🇨🇳,马没力了,[等级15],[粉丝团 Lv1]
2026-05-16 13:52:10,63712060181,🌞🌅,生气容易乳腺结节！黑子,[等级32],[粉丝团 Lv9]
2026-05-16 13:52:12,1068317358433080,睿睿,喂马,[等级19],[粉丝团 Lv11]
2026-05-16 13:52:14,62782136851,Ruìࡇíen,kp还不允许别人生气啊[流泪]大佛们快坐下,[等级10],[粉丝团 Lv3]
2026-05-16 13:52:15,69549195417,久睡成瘾,你看窥屏的没打过就不来刷屏了[捂脸],[等级26],[粉丝团 Lv8]
2026-05-16 13:52:16,2941913298117255,木鱼™,@奋～斗～的～小～蝌～蚪 四个人抓赢了你又觉得你很光荣吗,[等级17],[粉丝团 Lv5]
2026-05-16 13:52:17,62211050570,Nixiak,14星[看],[等级3],[粉丝团 Lv5]
2026-05-16 13:52:17,990001199852003,不深情男歌手,这是张老黑的直播间吗,[等级15],[粉丝团 Lv8]
2026-05-16 13:52:18,7535325015157113913,张君雅的马甲线,@曾正勇 孩子，你又咋的了？,[等级9],[粉丝团 Lv11]
2026-05-16 13:52:20,69881179764,Y.t,乖乖的抗个毒打个第二名算了嘛,[等级15],[粉丝团 Lv10]
2026-05-16 13:52:23,1655199501655936,ha,主播不是单人路匹吗？怎么是单四呀？,,
2026-05-16 13:52:24,1442978823150043,A驾校糠教,虽然说骂人不对，但他喵的听着就是舒服,[等级22],[粉丝团 Lv14]
2026-05-16 13:52:24,219519181408007,痞老板的秘方,等下我们车队马上来摇你,[等级30],
2026-05-16 13:52:24,98522856418,起风了~,叙利亚悍妇[捂脸],[等级35],
2026-05-16 13:52:27,98144839877,穆辰,谢宝庆啊，谢宝庆，你惹老黑干啥嘛？[捂脸][捂脸][捂脸][捂脸],[等级22],[粉丝团 Lv10]
2026-05-16 13:52:27,69881179764,Y.t,谢宝庆啊谢宝庆,[等级15],[粉丝团 Lv10]
2026-05-16 13:52:28,50917918059,🇨🇳一张張༊🌻,我们不但爱，而且大爱张君雅,[等级14],[粉丝团 Lv10]
2026-05-16 13:52:28,1981770657709155,Lone.,打螺丝都拿不到工资的那种[捂脸],[等级30],[粉丝团 Lv11]
2026-05-16 13:52:29,2322637781999111,用户8670873791962,打也打不过、骂也骂不过、你说你惹张老黑干啥！,[等级13],
2026-05-16 13:52:29,456848312087,BlueHour,本来听你打游戏说话睡觉的，结果这一声出来，瞌睡没了[捂脸],[等级20],
2026-05-16 13:52:30,109019580467,兴哥哥,[666][666][666],[等级18],[粉丝团 Lv14]
2026-05-16 13:52:31,200580296878250,ο▬▬▬◙▅▅▆▆▆▆◤千,这过来直接打还可以。他要背后偷你更难受,[等级7],[粉丝团 Lv10]
2026-05-16 13:52:32,2274247923467549,知遇👣,@吧唧一笑 不可以,[等级24],[粉丝团 Lv10]
2026-05-16 13:52:32,98144839877,穆辰,谢宝庆啊，谢宝庆，你惹老黑干啥嘛？[捂脸][捂脸][捂脸][捂脸],[等级22],[粉丝团 Lv10]
2026-05-16 13:52:33,3103246217384480,漫步人生@,舒服了吧。不节结了[捂脸],,
2026-05-16 13:52:34,4233546532927219,🉑🈶🉑🈚,可惜没骂起来,[等级20],[粉丝团 Lv10]
2026-05-16 13:52:34,111408505944,亐梘,抓独狼很正常啊[捂脸],[等级10],[粉丝团 Lv6]
2026-05-16 13:52:34,70939972707,哇哇,海岛第一悍妇,[等级17],
2026-05-16 13:52:36,98144839877,穆辰,谢宝庆啊，谢宝庆，你惹老黑干啥嘛？[捂脸][捂脸][捂脸][捂脸],[等级22],[粉丝团 Lv10]
2026-05-16 13:52:36,16253603096,无限,舒服了,[等级21],[粉丝团 Lv11]
2026-05-16 13:52:39,69654624609,温棪,建国同志发来贺电[666][666][666],[等级30],[粉丝团:张君雅 Lv14]
2026-05-16 13:52:39,98144839877,穆辰,谢宝庆啊，谢宝庆，你惹老黑干啥嘛？[捂脸][捂脸][捂脸][捂脸],[等级22],[粉丝团 Lv10]
2026-05-16 13:52:41,3395707326701248,用户2890582352297,能不能温柔一点,[等级3],
2026-05-16 13:52:42,60876735247,九月是只喵,[呲牙][呲牙][呲牙]骂得窥屏仔大气都不敢出,[等级16],[粉丝团 Lv13]
2026-05-16 13:52:42,1648896467802728,gao夰,窥屏都被反杀了！到底是有多菜啊……[捂脸][捂脸][捂脸],[等级15],
2026-05-16 13:52:43,111007266356,🔱守望w,有车,[等级29],[粉丝团 Lv15]
2026-05-16 13:52:43,4416107241808414,气质I,谢宝庆啊谢宝庆,[等级27],[粉丝团 Lv4]
2026-05-16 13:52:44,990001199852003,不深情男歌手,o▬▬▬▬|▅▅▅▅▅▅▆▆▇◤,[等级15],[粉丝团 Lv8]
2026-05-16 13:52:45,1838838104734926,花匠小马,容易增生,[等级34],[粉丝团 Lv15]
2026-05-16 13:52:45,69224198365,KXKXKX,打你不需要演,[等级27],[粉丝团 Lv10]
2026-05-16 13:52:45,91619138327,岁岁安♪,没开延迟吗,[等级4],
2026-05-16 13:52:49,690948260241671,真诚123,右侧有空投,[等级3],[粉丝团 Lv1]
2026-05-16 13:52:49,111192623383,北挽离歌,没事惹老黑干啥,[等级28],[粉丝团 Lv12]
2026-05-16 13:52:50,3934507317863532,一个从人民中走出来的普通人（轮回版）,幸好张全蛋是个妹妹[捂脸]，要是个汉子。直播间粉丝全废,[等级23],[粉丝团 Lv2]
2026-05-16 13:52:51,101376906320,小王,窥子不敢说话了    丢死人[捂脸],[等级14],[粉丝团 Lv11]
2026-05-16 13:52:52,98878505737,杰.,下回也去抓    专门拿个二三十个雷丢,,
2026-05-16 13:52:53,52546045220,꧁꫞迃⭐幵꫞꧂,海岛悍妇不是白叫的[捂脸][捂脸][捂脸],[等级38],[粉丝团 Lv10]
2026-05-16 13:52:54,4248133702007176,铜板,等一下被老了就舒服,[等级16],[粉丝团 Lv12]
2026-05-16 13:52:55,3689574830449950,刘三哥,赶紧搜点物质！[比心][666][微笑][捂脸],[等级27],
2026-05-16 13:52:56,995502248958772,🥳瑶妹,看你直播都不用吃饭了,[等级1],[粉丝团 Lv1]
2026-05-16 13:52:57,16253603096,无限,兄弟们：把舒服了滚屏,[等级21],[粉丝团 Lv11]
2026-05-16 13:53:00,538109008421114,和平精英-绵绵,哈哈哈哈,[等级8],[粉丝团 Lv4]
2026-05-16 13:53:03,7612951911537198138,一条锦鲤游啊游～,难不成被人搞还要唯唯诺诺啊,[等级6],[粉丝团 Lv2]
2026-05-16 13:53:04,3731096500180186,Lyhhsdh,和平精英热度榜第一牛逼,[等级8],[粉丝团 Lv10]
2026-05-16 13:53:04,2941913298117255,木鱼™,@用户2890582352297 换你早都骂街了,[等级17],[粉丝团 Lv5]
2026-05-16 13:53:06,75489745058,屁股上的酒窝,她没雷了，趁她脾气暴，窥屏的继续上啊～,[等级12],[粉丝团 Lv1]
2026-05-16 13:53:07,888869537723774,yuz.,@曾正勇 那你不是看到现在 也就嘴会说了[看],[等级5],[粉丝团 Lv3]
2026-05-16 13:53:09,3166215967092253,一个两个,这两个是真的菜，差点就掉血了,[等级27],[粉丝团 Lv6]
2026-05-16 13:53:09,3307796517623774,斌少～,那怎么了？,[等级35],[粉丝团 Lv10]
2026-05-16 13:53:09,2965799508641152,没错 一起的,凉凉,[等级2],[粉丝团 Lv4]
2026-05-16 13:53:11,3731096500180186,Lyhhsdh,和平精英热度榜第一牛逼,[等级8],[粉丝团 Lv10]
2026-05-16 13:53:11,67173533157,呵忒（髋关节三期保守中）,谢宝庆啊谢宝庆[捂脸][捂脸]你说你惹谁不好[捂脸][捂脸],[等级26],[粉丝团 Lv10]
2026-05-16 13:53:12,2782225270309235,问心,舒服是无罪的,[等级13],[粉丝团 Lv8]
2026-05-16 13:53:15,3722285933933771,群众里面有坏人,窥屏仔,[等级4],[粉丝团 Lv8]
2026-05-16 13:53:15,2294045516499104,嘟,@KXKXKX 那你快来打吧大叔,[等级13],[粉丝团 Lv10]
2026-05-16 13:53:15,103790275797,浙里伴,别骂了，学生放假了[捂脸],[等级8],[粉丝团 Lv9]
2026-05-16 13:53:18,2274247923467549,知遇👣,@0⃣️0⃣️ 下次在练练,[等级24],[粉丝团 Lv10]
2026-05-16 13:53:18,75211442426,曾正勇,现实中这女人得挨多少嘴巴了,[等级17],
2026-05-16 13:53:20,61657265094,黑子不喝酒,能不能关了延迟,[等级13],
2026-05-16 13:53:20,200580296878250,ο▬▬▬◙▅▅▆▆▆▆◤千,他要背后偷更难受了,[等级7],[粉丝团 Lv10]
2026-05-16 13:53:20,93690812723,乘风破浪,不是有延迟吗还能抓,[等级27],[粉丝团 Lv2]
2026-05-16 13:53:20,60876735247,九月是只喵,[呲牙][呲牙][呲牙][呲牙]刚好把上上把的气全撒出来了,[等级16],[粉丝团 Lv13]
2026-05-16 13:53:22,3731096500180186,Lyhhsdh,和平精英热度榜第一牛逼,[等级8],[粉丝团 Lv10]
2026-05-16 13:53:22,3307796517623774,斌少～,给你送人头还唧唧歪歪这么久[捂脸][捂脸],[等级35],[粉丝团 Lv10]
2026-05-16 13:53:23,4311621342069399,年少且歌纵马,两个小丑，窥屏都打不过[捂脸][捂脸],,
2026-05-16 13:53:24,108790597735,朱^_^（励志）,他们看你在吃东西,[等级15],[粉丝团 Lv11]
2026-05-16 13:53:30,4207193270256420,初夏😘我依在,开了,[等级36],
2026-05-16 13:53:33,111174628524,白菜炖汤,6,[等级21],[粉丝团 Lv12]
2026-05-16 13:53:38,62163069622,鱼宝在编绳📿,这么菜还窥屏，笑死人了,[等级20],[粉丝团 Lv13]
2026-05-16 13:53:41,93425446997,wo,？,[等级11],[粉丝团 Lv2]
2026-05-16 13:53:43,99961872378,如意hgjgfg,老6,[等级21],
2026-05-16 13:53:44,63681751670,꒰๑˘ᴗ˘๑꒱*.不给🍬就捣蛋˚◌,跳秒了,[等级14],[粉丝团 Lv12]
2026-05-16 13:53:44,85313590291,不瘦二十斤不改名,6,[等级21],
2026-05-16 13:53:48,71126905166,抖音小肋手,张君雅牛逼,[等级11],[粉丝团 Lv10]
2026-05-16 13:53:48,2782225270309235,问心,@初夏😘我依在 这还用开呀,[等级13],[粉丝团 Lv8]
2026-05-16 13:53:49,3723397241514860,欺侮老头,当她中气十足的喊一声“来！”，仿佛向命运发出不屈的呐喊,,
2026-05-16 13:53:50,633796478895115,困😪,？？？,[等级4],
2026-05-16 13:53:51,53200627501,藤井树树啊,帅,[等级20],[粉丝团 Lv5]
2026-05-16 13:53:53,3969664936053292,Jiang蒋,这个6,[等级11],[粉丝团 Lv6]
2026-05-16 13:53:53,55159220102,BWRZ（记录美好）,[衰][干饭人],[等级36],[粉丝团 Lv16]
2026-05-16 13:53:57,4248131573652556,Camp,@曾正勇 女人强了就得挨嘴巴吗[666][666],[等级3],[粉丝团 Lv2]
2026-05-16 13:53:59,633796478895115,困😪,又忘记关了？,[等级4],
2026-05-16 13:54:01,92294124549,空^〇^白,营地里面他发骂人的图片了刚刚[流泪][流泪][流泪],[等级6],[粉丝团 Lv6]
2026-05-16 13:54:05,1981770657709155,Lone.,@꒰๑˘ᴗ˘๑꒱*.不给🍬就捣蛋˚◌ 450米之内不跳,[等级30],[粉丝团 Lv11]
2026-05-16 13:54:06,3865495664595544,活人微死,@欺侮老头 哈哈哈哈,[等级12],[粉丝团 Lv9]
2026-05-16 13:54:06,484257882206712,欧欧欧包,海岛射王牛🐮,[等级19],[粉丝团 Lv5]
2026-05-16 13:54:07,7535325015157113913,张君雅的马甲线,都说了公平竞技～,[等级9],[粉丝团 Lv11]
2026-05-16 13:54:10,63681751670,꒰๑˘ᴗ˘๑꒱*.不给🍬就捣蛋˚◌,nb,[等级14],[粉丝团 Lv12]
2026-05-16 13:54:13,110557412435,亚杰,兄弟给我分享的你，说你很牛逼，我想看看,[等级15],
2026-05-16 13:54:13,7535325015157113913,张君雅的马甲线,听不懂似的,[等级9],[粉丝团 Lv11]
2026-05-16 13:54:15,2423763099990823,0⃣️0⃣️,下次再来捉[捂脸],[等级17],[粉丝团 Lv10]
2026-05-16 13:54:17,111261943561,帅得彻底,@空^〇^白 谁啊,[等级11],[粉丝团 Lv8]
2026-05-16 13:54:17,1066991400269195,见鹿°🖤,@曾正勇 你这种人现实中得挨多少嘴巴？,[等级22],[粉丝团 Lv12]
2026-05-16 13:54:17,2782225270309235,问心,说开的下个和平精英拿爆炸弓,[等级13],[粉丝团 Lv8]
2026-05-16 13:54:21,2294045516499104,嘟,@空^〇^白 他叫啥名字,[等级13],[粉丝团 Lv10]
2026-05-16 13:54:22,66672197795,過客,@曾正勇 你挨的不会比她少,[等级34],[粉丝团 Lv7]
2026-05-16 13:54:23,2782225270309235,问心,你打你也行,[等级13],[粉丝团 Lv8]
2026-05-16 13:54:25,3969664936053292,Jiang蒋,完了对面晋级赛碎了,[等级11],[粉丝团 Lv6]
2026-05-16 13:54:28,4495263148809662,Zero.零笙,@空^〇^白 ？？,[等级10],[粉丝团 Lv10]
2026-05-16 13:54:30,62928322877,8丶5丶7,直接把我喊醒了,[等级15],[粉丝团 Lv3]
2026-05-16 13:54:30,3287995220759888,小熊饼干,@空^〇^白 怎么看,[等级12],
2026-05-16 13:54:34,61957369647,醉后的冲动,打马,[等级16],
2026-05-16 13:54:38,4248133702007176,铜板,窥仔要在空投附近等着,[等级16],[粉丝团 Lv12]
2026-05-16 13:54:38,72419691347,🐯.  瑩瑩瑩,@曾正勇 为什么要拿女人说事,[等级14],
2026-05-16 13:54:40,101518257561,木目木南,这小仙女使爆炸弓没少杀,[等级21],[粉丝团 Lv2]
2026-05-16 13:54:40,1049365068123705,不要对深爱的人说拜拜,你怎么背那么多药了？,[等级16],[粉丝团 Lv2]
2026-05-16 13:54:43,110277570700,moment—FF,下次抓老黑记得一起上，别葫芦娃救爷爷,[等级10],[粉丝团 Lv10]
2026-05-16 13:54:46,2423763099990823,0⃣️0⃣️,总有一天会捉到的  加油 兄弟们[捂脸],[等级17],[粉丝团 Lv10]
2026-05-16 13:54:49,16253603096,无限,老黑：人家是给你搞直播效果的[捂脸],[等级21],[粉丝团 Lv11]
2026-05-16 13:54:57,4265726784049283,文钦,@曾正勇 现实中你这种男人是最容易挨打的,[等级8],[粉丝团 Lv7]
2026-05-16 13:54:59,102570603939,看海,真爽真帅气真解气也真有实力,[等级11],[粉丝团 Lv11]
2026-05-16 13:55:09,1081509445107789,相关部门,套他猴子,[等级12],[粉丝团 Lv5]
2026-05-16 13:55:13,116989961990570,喜欢一个人,进圈,[等级12],[粉丝团 Lv10]
2026-05-16 13:55:13,96182849892,ℳ๓ 一介俗人°ꦿ: ᭄:,我吃了口饭  看迷了  忘了咽了,[等级7],[粉丝团 Lv6]
2026-05-16 13:55:15,2761577295780076,许星纯不纯,@曾正勇 妈呀大哥爱打人来这里装呢家暴属性很酷哦🙄,[等级12],
2026-05-16 13:55:18,1036154461226617,咻啾咻,窥子在营地里骂呢[捂脸],[等级11],[粉丝团 Lv11]
2026-05-16 13:55:18,71126905166,抖音小肋手,[捂脸][捂脸][捂脸],[等级11],[粉丝团 Lv10]
2026-05-16 13:55:21,103545614837,空心,@曾正勇 估计你现实中挨打比较多,[等级22],
2026-05-16 13:55:22,4233546532927219,🉑🈶🉑🈚,吵起来吵起来,[等级20],[粉丝团 Lv10]
2026-05-16 13:55:22,102830709413,白羊座♈️,那都是人,[等级13],
2026-05-16 13:55:25,71126905166,抖音小肋手,你走你走[捂脸],[等级11],[粉丝团 Lv10]
2026-05-16 13:55:27,4233546532927219,🉑🈶🉑🈚,使劲,[等级20],[粉丝团 Lv10]
2026-05-16 13:55:28,2474370426736475,临允1v4,能不能支持一下小主播，能赞赞我视频吗[流泪][流泪][流泪][流泪][流泪][流泪][流泪],[等级14],
2026-05-16 13:55:31,55159220102,BWRZ（记录美好）,哈哈哈哈哈,[等级36],[粉丝团 Lv16]
2026-05-16 13:55:32,2474370426736475,临允1v4,能不能支持一下小主播，能赞赞我视频吗[流泪][流泪][流泪][流泪][流泪][流泪][流泪],[等级14],
2026-05-16 13:55:32,109448537670,清茶c,没草[捂脸],[等级14],[粉丝团 Lv9]
2026-05-16 13:55:32,2423763099990823,0⃣️0⃣️,打不过没办法,[等级17],[粉丝团 Lv10]
2026-05-16 13:55:34,65399001507,顺风顺水顺路,马上就跑不了了,[等级10],[粉丝团 Lv11]
2026-05-16 13:55:42,93207062480,🌈🌈原味儿老柴̶͜🇨🇳🇨🇳,马惊了[捂脸],[等级27],
2026-05-16 13:55:42,2294045516499104,嘟,@咻啾咻 他叫啥名,[等级13],[粉丝团 Lv10]
2026-05-16 13:55:48,72824933259,总的来说,等猫局给你喂,[等级25],[粉丝团 Lv14]
2026-05-16 13:55:50,12347700151,何必执着,不喂马的下场,[等级35],[粉丝团 Lv13]
2026-05-16 13:55:51,92294124549,空^〇^白,就他的ID，又删了[流泪][流泪][流泪]，底下七彩阳光的评论,[等级6],[粉丝团 Lv6]
2026-05-16 13:55:54,2274247923467549,知遇👣,@KXKXKX 你打的过吗,[等级24],[粉丝团 Lv10]
2026-05-16 13:55:54,2423763099990823,0⃣️0⃣️,根本打不过,[等级17],[粉丝团 Lv10]
2026-05-16 13:55:56,4481263199326568,绯闻男友,@临允1v4 不能,[等级29],
2026-05-16 13:55:56,2529343295198756,🫶渡己🫶,让你天天不知道喂马,[等级28],[粉丝团 Lv1]
2026-05-16 13:55:57,103842619143,开心糖🍬,刚刚不喂[捂脸],[等级11],
2026-05-16 13:55:59,88757268529,张小狮,@亚杰 重点看决赛圈,[等级11],[粉丝团 Lv11]
2026-05-16 13:55:59,110895971722,一个人挺好…👿,现在你想它吃，它偏不吃,[等级24],[粉丝团 Lv9]
2026-05-16 13:56:01,3287995220759888,小熊饼干,@咻啾咻 有id 吗,[等级12],
2026-05-16 13:56:02,55159220102,BWRZ（记录美好）,在吃了 在吃了[看],[等级36],[粉丝团 Lv16]
2026-05-16 13:56:05,493000899432619,斗金,马开始挑食了[捂脸],[等级2],
2026-05-16 13:56:05,2991105112553038,物极必反,@怪兽ヽ 个疲惫,[等级24],
2026-05-16 13:56:09,62163069622,鱼宝在编绳📿,@曾正勇 bro不会把自己当回事了吧？挨嘴巴挨习惯啦？,[等级20],[粉丝团 Lv13]
2026-05-16 13:56:17,88189479440,三宝哥🐟🐟🐟,你让马吃草呀,[等级23],[粉丝团 Lv5]
2026-05-16 13:56:22,3962290399874691,雨中漫步,碎了,[等级18],[粉丝团 Lv9]
2026-05-16 13:56:23,3655200822788333,无影,喂马,[等级11],[粉丝团 Lv7]
2026-05-16 13:56:26,1068317358433080,睿睿,喂马,[等级19],[粉丝团 Lv11]
2026-05-16 13:56:29,1049365068123705,不要对深爱的人说拜拜,好多烟,[等级16],[粉丝团 Lv2]
2026-05-16 13:56:30,58642685107,@黄麒,又不让马吃草了[捂脸][捂脸][捂脸],[等级11],[粉丝团 Lv10]
2026-05-16 13:56:30,103842619143,开心糖🍬,杀完窥屏仔那时候就要喂了[捂脸],[等级11],
2026-05-16 13:56:32,892434861528366,Cc.,这马没吃草感觉会是个伏笔[捂脸][捂脸],[等级11],
2026-05-16 13:56:35,2294045516499104,嘟,@空^〇^白 他叫啥名字,[等级13],[粉丝团 Lv10]
2026-05-16 13:56:35,68399905395,那个男人,喂马,[等级17],
2026-05-16 13:56:38,109430146750,如艺,吃草,[等级14],
2026-05-16 13:56:40,104689996186,白蛮—之刃,狠起来马上都骂了,[等级33],[粉丝团 Lv8]
2026-05-16 13:56:41,111261943561,帅得彻底,@空^〇^白 说的什么,[等级11],[粉丝团 Lv8]
2026-05-16 13:56:46,96922664293,Miss   周,不给马吃草一会又跑不了,[等级16],[粉丝团 Lv11]
2026-05-16 13:56:46,1508962283036404,雨浓舞墨,怎么又成了单人四排呢？[捂脸],[等级24],
2026-05-16 13:56:49,104866651035,睡个好觉,一会过来压你了,[等级17],[粉丝团 Lv13]
2026-05-16 13:56:50,2274247923467549,知遇👣,@杰. 来一百个雷也不怕就你也配,[等级24],[粉丝团 Lv10]
2026-05-16 13:56:52,84036328897863,壹,马喂草,[等级3],
2026-05-16 13:57:01,55159220102,BWRZ（记录美好）,[发呆][干饭人],[等级36],[粉丝团 Lv16]
2026-05-16 13:57:09,2423763099990823,0⃣️0⃣️,这次看你们三了,[等级17],[粉丝团 Lv10]
2026-05-16 13:57:09,55159220102,BWRZ（记录美好）,漂亮,[等级36],[粉丝团 Lv16]
2026-05-16 13:57:10,484257882206712,欧欧欧包,66666,[等级19],[粉丝团 Lv5]
2026-05-16 13:57:12,2423763099990823,0⃣️0⃣️,加油,[等级17],[粉丝团 Lv10]
2026-05-16 13:57:13,111007266356,🔱守望w,[666][666][666],[等级29],[粉丝团 Lv15]
2026-05-16 13:57:15,55159220102,BWRZ（记录美好）,帅啊,[等级36],[粉丝团 Lv16]
2026-05-16 13:57:17,62140187570,咩咩咩咩羊🐑,艺高人胆大,[等级7],[粉丝团 Lv11]
2026-05-16 13:57:21,3650031635938989,晴晴Ace,[大笑][黑脸][大笑][黑脸][大笑][黑脸],[等级23],[粉丝团 Lv11]
2026-05-16 13:57:24,92992288513,昕愿,你没喂草,[等级10],[粉丝团 Lv2]
2026-05-16 13:57:30,56145808012,北方有个男孩,[大笑][奸笑][大笑][奸笑][大笑][奸笑],[等级32],
2026-05-16 13:57:31,73106185482,简单点！,[捂脸],[等级7],[粉丝团 Lv1]
2026-05-16 13:57:32,98269642214,執迷,[捂脸][捂脸][捂脸][捂脸][捂脸],[等级19],[粉丝团 Lv15]
2026-05-16 13:57:32,98294552840,顶顶,菜,[等级12],
2026-05-16 13:57:32,83889567501,Dedicated to🌈,哈哈哈哈哈,[等级14],
2026-05-16 13:57:32,105388351499,明天会更好,[捂脸][捂脸][捂脸][捂脸][捂脸],[等级11],[粉丝团 Lv11]
2026-05-16 13:57:32,93316149550,七七💋,[捂脸][捂脸],[等级27],
2026-05-16 13:57:32,61835779108,二毛,[捂脸][捂脸],[等级32],[粉丝团 Lv15]
2026-05-16 13:57:32,96718600522,八岁习武,[捂脸][捂脸][捂脸][捂脸],[等级14],[粉丝团 Lv8]
2026-05-16 13:57:32,12550947690,泡菜小子🍼,[捂脸],[等级29],
2026-05-16 13:57:33,1301435658548127,爱生活爱笑爱可乐,路边,[等级13],
2026-05-16 13:57:33,637368504170286,♠︎ 岚军,[呲牙][呲牙][呲牙][呲牙][呲牙],[等级30],
2026-05-16 13:57:33,4410845128828888,地狱小魔,哈哈哈哈哈哈哈哈,[等级25],[粉丝团 Lv11]
2026-05-16 13:57:33,107821510683,虚惊一场,高手,[等级4],
2026-05-16 13:57:33,2761577295780076,许星纯不纯,我去,[等级12],
2026-05-16 13:57:34,2507346480214990,画春山,哈哈哈,[等级20],[粉丝团 Lv7]
2026-05-16 13:57:34,61772282639,🦄潇洒的茂茂哥💋,唉！营地搜到那窥屏仔[捂脸]我反正骂爽了！兄弟们！你们出手了没有[尬笑][奸笑],[等级32],[粉丝团 Lv11]
2026-05-16 13:57:34,2962555391185916,独来独往,[捂脸][捂脸][捂脸][捂脸],[等级16],
2026-05-16 13:57:34,75712401102,子木,[捂脸][捂脸],[等级31],[粉丝团 Lv10]
2026-05-16 13:57:35,2189880376430734,田心`,[捂脸][捂脸][捂脸][捂脸],[等级15],[粉丝团 Lv8]
2026-05-16 13:57:35,99586592757,叁太子,近战就完蛋,[等级8],
2026-05-16 13:57:35,3944681332022525,小咔啦咪,[看][看],[等级37],[粉丝团 Lv2]
2026-05-16 13:57:35,60443499689,有道ꪶꪮꪜꫀ李,哈哈,[等级10],[粉丝团 Lv2]
2026-05-16 13:57:35,91667435850,大仙一起鸭𓅿𓅹𓆝𓆟,会玩[捂脸],[等级19],[粉丝团 Lv4]
2026-05-16 13:57:36,2384220335642877,不菜的菜菜,哈哈哈哈,[等级8],
2026-05-16 13:57:36,3307796517623774,斌少～,漂亮,[等级35],[粉丝团 Lv10]
2026-05-16 13:57:36,99941077916,你霉柿吧,哈哈哈哈,[等级11],[粉丝团 Lv2]
2026-05-16 13:57:36,95496292149,~予我心动～,[捂脸][捂脸],[等级33],[粉丝团 Lv13]
2026-05-16 13:57:36,4248133702007176,铜板,舒服,[等级16],[粉丝团 Lv12]
2026-05-16 13:57:36,98294552840,顶顶,菜,[等级12],
2026-05-16 13:57:36,3922654838397437,风轻a,[大笑][大笑][大笑],[等级19],[粉丝团 Lv13]
2026-05-16 13:57:37,3852312079508893,奋～斗～的～小～蝌～蚪,你没血了,[等级6],
2026-05-16 13:57:37,92461848227,煜,[捂脸][捂脸][捂脸],[等级13],[粉丝团 Lv11]
2026-05-16 13:57:37,102830709413,白羊座♈️,可惜了,[等级13],
2026-05-16 13:57:37,55159220102,BWRZ（记录美好）,可惜[看],[等级36],[粉丝团 Lv16]
2026-05-16 13:57:37,63712060181,🌞🌅,有鬼,[等级32],[粉丝团 Lv9]
2026-05-16 13:57:37,67435424949,巴山夜雨,爆头,[等级11],[粉丝团 Lv4]
2026-05-16 13:57:38,93014642999,🌈南山楠,打你头了,[等级11],[粉丝团 Lv10]
2026-05-16 13:57:38,4233546532927219,🉑🈶🉑🈚,这波怎么说[捂脸],[等级20],[粉丝团 Lv10]
2026-05-16 13:57:38,3544473905937592,全有,这个人预判的好,[等级25],[粉丝团 Lv6]
2026-05-16 13:57:38,99772685062,跟着感觉走,你卡了,[等级16],[粉丝团 Lv11]
2026-05-16 13:57:38,7549456355062170681,还没想好~,[捂脸][捂脸][捂脸][捂脸][捂脸],,
2026-05-16 13:57:38,71909326551,Lemon,[捂脸][捂脸],[等级18],[粉丝团 Lv7]
2026-05-16 13:57:38,1636547580920328,黑犇,哈哈,[等级12],[粉丝团 Lv1]
2026-05-16 13:57:38,1560947581518232,呦吼😎,刚好露个头,[等级15],[粉丝团 Lv6]
2026-05-16 13:57:38,484257882206712,欧欧欧包,你只露了头哈哈哈，可惜,[等级19],[粉丝团 Lv5]
2026-05-16 13:57:38,60621443821,Faye,老六,[等级1],
2026-05-16 13:57:39,93191620592,无欲而刚,一枪没血了,[等级28],[粉丝团 Lv13]
2026-05-16 13:57:39,60876735247,九月是只喵,随缘枪法[看][看][看][看],[等级16],[粉丝团 Lv13]
2026-05-16 13:57:39,99372859314,启  夏,我趣,[等级25],[粉丝团 Lv15]
2026-05-16 13:57:39,2365795517868014,҈҉҈҉҈҉҈҉҈҉҈҉ဗီူ⸜⸝ဗီူ,说话[尬笑][奸笑],[等级10],[粉丝团 Lv1]
2026-05-16 13:57:40,88757268529,张小狮,你矮他高,[等级11],[粉丝团 Lv11]
2026-05-16 13:57:40,56505883242,Fara,马枪,[等级15],[粉丝团 Lv12]
2026-05-16 13:57:40,78129489192,给你一只静,打头了,[等级18],[粉丝团 Lv11]
2026-05-16 13:57:40,1657712377594284,Ly,拉完了,[等级15],
2026-05-16 13:57:40,1807239114666904,·喵了个咪,哈哈哈哈,[等级20],[粉丝团 Lv15]
2026-05-16 13:57:40,102469975321,✨名门⭐️,丝血了！,[等级19],[粉丝团 Lv15]
2026-05-16 13:57:41,78311138358,喜欢妮,没招了,[等级28],[粉丝团 Lv13]
2026-05-16 13:57:41,4207193270256420,初夏😘我依在,漏头就秒,[等级36],
2026-05-16 13:57:42,109348233166,乄兴源,哈哈哈哈哈,[等级29],[粉丝团 Lv14]
2026-05-16 13:57:42,53456687388,陕西安杰儿,可惜了,[等级10],[粉丝团 Lv2]
2026-05-16 13:57:42,1267112040465127,齐倒倒,[捂脸][捂脸],[等级21],[粉丝团 Lv13]
2026-05-16 13:57:42,96109458661,深渊的渊深渊的深,你打药啊,[等级26],[粉丝团 Lv5]
2026-05-16 13:57:42,110287839933,张三每,有挂,[等级11],[粉丝团 Lv8]
2026-05-16 13:57:43,3103246217384480,漫步人生@,这次心服口服啦[捂脸],,
2026-05-16 13:57:43,7549456355062170681,还没想好~,[捂脸][捂脸][捂脸][捂脸],,
2026-05-16 13:57:43,74184018883,湛蓝的海,哈哈哈哈哈,[等级7],[粉丝团 Lv2]
2026-05-16 13:57:44,1049365068123705,不要对深爱的人说拜拜,老六也好准啊,[等级16],[粉丝团 Lv2]
2026-05-16 13:57:44,637368504170286,♠︎ 岚军,[呲牙][呲牙][呲牙][呲牙][呲牙][呲牙][呲牙][呲牙][呲牙][呲牙][呲牙][呲牙],[等级30],
2026-05-16 13:57:44,3722285933933771,群众里面有坏人,[捂脸],[等级4],[粉丝团 Lv8]
2026-05-16 13:57:44,99586592757,叁太子,去训练场练练,[等级8],
2026-05-16 13:57:44,1794031875001863,没关系,弹幕在叫啥,[等级12],
2026-05-16 13:57:44,100179063750,163广播站,[捂脸][捂脸],[等级9],[粉丝团 Lv6]
2026-05-16 13:57:44,73540141028,蔺(lin)哥哥,可以了,[等级9],[粉丝团 Lv4]
2026-05-16 13:57:44,4499643040531264,yiqi7,瞬间血没了,[等级12],[粉丝团 Lv11]
2026-05-16 13:57:44,100574466698,星期刘,没有队友你啥都不是,[等级23],
2026-05-16 13:57:45,99367867842,花花没脖子,762,[等级12],[粉丝团 Lv11]
2026-05-16 13:57:45,2423763099990823,0⃣️0⃣️,终于赢一次,[等级17],[粉丝团 Lv10]
2026-05-16 13:57:46,3944681332022525,小咔啦咪,[捂脸][捂脸][捂脸],[等级37],[粉丝团 Lv2]
2026-05-16 13:57:46,3204455763031220,寻🦌,哈哈哈哈哈哈哈哈哈哈哈,[等级26],[粉丝团 Lv1]
2026-05-16 13:57:46,96662014998,大大.,可惜,[等级6],
2026-05-16 13:57:46,4463672098568963,希希,[捂脸],[等级2],
2026-05-16 13:57:46,93341738751,ηǐпg笑,可惜了,[等级5],
2026-05-16 13:57:46,3170614929538557,常平洗车行,死于小绿人[捂脸],[等级34],[粉丝团 Lv7]
2026-05-16 13:57:47,2761577295780076,许星纯不纯,@顶顶 你看你这个时候又发炎了,[等级12],
2026-05-16 13:57:48,107982899348,An Seven,[比心][比心][比心][比心][比心][比心][比心][比心],[等级35],[粉丝团 Lv12]
2026-05-16 13:57:48,88757268529,张小狮,吃了亏了,[等级11],[粉丝团 Lv11]
2026-05-16 13:57:48,2123890786055805,sensen,已经很厉害了,[等级5],
2026-05-16 13:57:48,144766731559499,煜乘风破浪,让老六打了,[等级2],
2026-05-16 13:57:48,75951165926,巴萨,你的马就没味,[等级11],
2026-05-16 13:57:48,105061801128,🌈优乐家,打的真好,[等级39],[粉丝团 Lv8]
2026-05-16 13:57:48,94411680301,翊&星河,厉害,[等级2],[粉丝团 Lv2]
2026-05-16 13:57:48,91667435850,大仙一起鸭𓅿𓅹𓆝𓆟,这家伙会玩,[等级19],[粉丝团 Lv4]
2026-05-16 13:57:48,72599065285,池,可惜了,[等级16],[粉丝团 Lv9]
2026-05-16 13:57:49,1604939747440603,🌸🌸金金,你没血了,[等级24],
2026-05-16 13:57:50,78814137581,勒尤六,老六还是狠,[等级16],[粉丝团 Lv4]
2026-05-16 13:57:50,1568334386300455,华山论喷冠军,挺厉害了,[等级7],
2026-05-16 13:57:50,98352713415,我不认识你,这是高手[捂脸][捂脸][捂脸][捂脸],[等级11],
2026-05-16 13:57:50,82200572907,🎃Damn,有两,[等级30],[粉丝团 Lv9]
2026-05-16 13:57:50,66446438256,🐮🐰,没草了,[等级10],[粉丝团 Lv8]
2026-05-16 13:57:51,1957545429707037,一片海的区豫.,近战就是人机[捂脸]可惜,[等级11],
2026-05-16 13:57:51,2900987339880313,一哥尕东乡,666,,
2026-05-16 13:57:52,111261943561,帅得彻底,@🦄潇洒的茂茂哥💋 名字,[等级11],[粉丝团 Lv8]
2026-05-16 13:57:52,1301435658548127,爱生活爱笑爱可乐,哈哈,[等级13],
2026-05-16 13:57:52,102100433387,风,被预判了[微笑],[等级15],
2026-05-16 13:57:52,92461848227,煜,惜败,[等级13],[粉丝团 Lv11]
2026-05-16 13:57:52,94411680301,翊&星河,太厉害了,[等级2],[粉丝团 Lv2]
2026-05-16 13:57:52,103214053177,余墨,玛卡巴卡呢,[等级22],
2026-05-16 13:57:52,54535866814,Y  _,打不过就打不过，还撒枪法,[等级7],
2026-05-16 13:57:52,1313284358672692,广联达建模（王）,[抠鼻][流泪][抠鼻][流泪][抠鼻][流泪],[等级16],[粉丝团 Lv7]
2026-05-16 13:57:52,116989961990570,喜欢一个人,会玩的,[等级12],[粉丝团 Lv10]
2026-05-16 13:57:52,106284992293,等待只爱你,你没血了,[等级19],[粉丝团 Lv6]
2026-05-16 13:57:53,55159220102,BWRZ（记录美好）,这个老六服一直打那个点[看],[等级36],[粉丝团 Lv16]
2026-05-16 13:57:53,63073431755,💋 初见、,@🦄潇洒的茂茂哥💋 叫什么名字,[等级34],[粉丝团 Lv13]
2026-05-16 13:57:53,73574748656,橘子寶,太牛批了 [捂脸],[等级33],[粉丝团:张君雅 Lv15]
2026-05-16 13:57:53,109336122589,♛,[捂脸][捂脸],[等级7],
2026-05-16 13:57:53,3944681332022525,小咔啦咪,牛逼[看],[等级37],[粉丝团 Lv2]
2026-05-16 13:57:54,320702076161656,mai921002,挂姐,[等级14],[粉丝团 Lv12]
2026-05-16 13:57:54,64346333808,晚风,打个药就好了,[等级14],[粉丝团 Lv2]
2026-05-16 13:57:54,4371270032961902,真的在,低帧补偿吧,[等级3],
2026-05-16 13:57:54,7523124109607666747,花和尚,[捂脸][捂脸],[等级17],[粉丝团 Lv11]
2026-05-16 13:57:54,4112646120147711,雨林寻珍,这两个也是高手,[等级2],
2026-05-16 13:57:54,92992288513,昕愿,那里没草,[等级10],[粉丝团 Lv2]
2026-05-16 13:57:54,1794031875001863,没关系,很厉害了,[等级12],
2026-05-16 13:57:54,103842619143,开心糖🍬,马儿应该早点给草吃,[等级11],
2026-05-16 13:57:54,1682672985582808,还能再见吗,多少淘汰分呀？,[等级4],
2026-05-16 13:57:54,98095182081,手握风云★,打你戳戳有余,[等级20],[粉丝团 Lv2]
2026-05-16 13:57:55,99149446516,宗介的啵妞🍼,[捂脸][捂脸][捂脸][捂脸],[等级15],[粉丝团 Lv11]
2026-05-16 13:57:55,7549456355062170681,还没想好~,[捂脸][捂脸][捂脸][捂脸],,
2026-05-16 13:57:56,1050745505059651,磊盛石业,哈哈哈,[等级18],[粉丝团 Lv10]
2026-05-16 13:57:56,2792375375108893,旗7756,没队友真不行,[等级9],[粉丝团 Lv2]
2026-05-16 13:57:56,96293235234,每天都要看妞,应该扱雷,[等级12],[粉丝团 Lv5]
2026-05-16 13:57:56,3147271348687547,🏏,[捂脸],[等级29],
2026-05-16 13:57:56,2933091313655323,❤️‍🔥吃不胖❤️‍🔥,[捂脸][捂脸],[等级33],[粉丝团 Lv15]
2026-05-16 13:57:56,3810222319869243,+,直接扣2分,,
2026-05-16 13:57:56,7468234728773682234,✨✨✨七里香,[捂脸][捂脸][捂脸],[等级20],[粉丝团 Lv12]
2026-05-16 13:57:56,637368504170286,♠︎ 岚军,[呲牙][呲牙][呲牙][呲牙][呲牙][呲牙][呲牙][呲牙][呲牙],[等级30],
2026-05-16 13:57:56,84845710009,周先森,怪吗咯,[等级8],
2026-05-16 13:57:56,4242391670471672,@Aminah 🐾,哈哈哈哈哈哈,[等级14],[粉丝团 Lv11]
2026-05-16 13:57:57,59185405920,一起养条奈吗,街溜子还是被抓了,[等级15],[粉丝团 Lv8]
2026-05-16 13:57:57,7571745879104406565,𝑨꯭𝑰꯭𝒐꯭𝒏꯭𝒆꯭。,可以了，极限了,[等级2],
2026-05-16 13:57:58,4248133702007176,铜板,全是老六服,[等级16],[粉丝团 Lv12]
2026-05-16 13:57:58,2172229561625960,好嗨哟,接了子弹,[等级25],[粉丝团 Lv13]
2026-05-16 13:57:58,104634432640,Henry Harrison Lewis,猫局在啊,[等级4],[粉丝团 Lv1]
2026-05-16 13:57:58,4233546532927219,🉑🈶🉑🈚,[捂脸][尬笑][捂脸][尬笑],[等级20],[粉丝团 Lv10]
2026-05-16 13:57:58,99961872378,如意hgjgfg,五皮肤,[等级21],
2026-05-16 13:57:58,104430012975,敬明天,一个女孩子，天天口里操操操的，真是服了,[等级19],
2026-05-16 13:57:58,73106185482,简单点！,撕腿,[等级7],[粉丝团 Lv1]
2026-05-16 13:57:58,21720336684,好好做人，少说多看.ㅤㅤㅤ,这马背锅,[等级49],
2026-05-16 13:57:58,97120627796,小樱英,哈哈哈哈哈哈,[等级11],
2026-05-16 13:57:59,59192526732,逆流而上,还能比你惨[呲牙],[等级15],[粉丝团 Lv10]
2026-05-16 13:57:59,1540863323540624,用户5735528885032,[捂脸][捂脸][捂脸][捂脸][捂脸][捂脸][捂脸][捂脸][捂脸][捂脸],,
2026-05-16 13:57:59,800075209256152,家里600头猪,[捂脸][捂脸][捂脸][捂脸],,
2026-05-16 13:58:00,2676688427687456,又见观影,马有时候就会卡,[等级2],
2026-05-16 13:58:00,246711849597264,香辣鸡腿堡⁰˙⁸,[尬笑][尬笑][尬笑][尬笑][尬笑][尬笑][尬笑],[等级13],
2026-05-16 13:58:00,2944936596477824,ZBing,卧槽，杀12个还减分吗？,[等级4],
2026-05-16 13:58:00,3842110168243840,余香肉丝,菜鸟,[等级17],
2026-05-16 13:58:01,3117841111319639,游钓、江湖,很牛逼了[赞][赞][赞][赞][赞][赞][赞][赞][赞][赞],[等级21],[粉丝团 Lv4]
2026-05-16 13:58:02,92461848227,煜,哈哈哈哈哈哈哈哈哈,[等级13],[粉丝团 Lv11]
2026-05-16 13:58:02,3147271348687547,🏏,[捂脸][捂脸][捂脸],[等级29],
2026-05-16 13:58:02,67761482281,光头AI,打得真不错，厉害,[等级7],
2026-05-16 13:58:02,1283849891888711,西南侯,502,[等级12],
2026-05-16 13:58:02,86762636305,@钱,你只有一丝丝雪,[等级9],[粉丝团 Lv6]
2026-05-16 13:58:02,105033553613,她和她的猫.,这不是你的马，不听话,[等级34],[粉丝团 Lv5]
2026-05-16 13:58:03,3944681332022525,小咔啦咪,卡墙了[看],[等级37],[粉丝团 Lv2]
2026-05-16 13:58:03,232739623419060,垚,萝卜省了[捂脸][捂脸],[等级37],[粉丝团 Lv9]
2026-05-16 13:58:04,95507451318,溪鱼,真有意思这把.[捂脸],[等级17],[粉丝团 Lv10]
2026-05-16 13:58:04,97021139556,T☆,哈哈哈,[等级21],
2026-05-16 13:58:04,84845710009,周先森,怪马咯,[等级8],
2026-05-16 13:58:04,88189479440,三宝哥🐟🐟🐟,你没给它吃草,[等级23],[粉丝团 Lv5]
2026-05-16 13:58:04,3013100869019070,kavov,受击爆头了[看][看][看],[等级18],[粉丝团 Lv3]
2026-05-16 13:58:04,109448537670,清茶c,没草[捂脸],[等级14],[粉丝团 Lv9]
2026-05-16 13:58:04,2111507851127823,天青色等烟雨,502粘到墙上了,[等级12],[粉丝团 Lv5]
2026-05-16 13:58:04,4248133702007176,铜板,漂亮,[等级16],[粉丝团 Lv12]
2026-05-16 13:58:05,3724768647847668,祈爱,@顶顶 那是你的一辈子,[等级23],[粉丝团 Lv11]
2026-05-16 13:58:05,2294045516499104,嘟,@顶顶 你还不如主播你装什么,[等级13],[粉丝团 Lv10]
2026-05-16 13:58:06,110287839933,张三每,有科技和狠活,[等级11],[粉丝团 Lv8]
2026-05-16 13:58:06,68075244906,A.t love her,太厉害了,[等级20],
2026-05-16 13:58:06,2458139419223572,爱学习爱读书,马差一丢丢而已,[等级13],[粉丝团 Lv11]
2026-05-16 13:58:06,400693742811559,逆行而上,你没有喂马,[等级7],
2026-05-16 13:58:06,1267112040465127,齐倒倒,[捂脸][捂脸],[等级21],[粉丝团 Lv13]
2026-05-16 13:58:06,1172550470866364,井上月,不给马儿吃草，抗议了,[等级23],[粉丝团 Lv7]
2026-05-16 13:58:07,53456687388,陕西安杰儿,马慢了点[捂脸][捂脸][捂脸],[等级10],[粉丝团 Lv2]
2026-05-16 13:58:07,4463672098568963,希希,舒服了,[等级2],
2026-05-16 13:58:07,800075209256152,家里600头猪,笑死我了[捂脸][捂脸][捂脸],,
2026-05-16 13:58:07,7549456355062170681,还没想好~,[捂脸][捂脸][捂脸][捂脸],,
2026-05-16 13:58:08,93126368980,曲水流觞,对面枪法牛逼,[等级6],[粉丝团 Lv7]
2026-05-16 13:58:08,110895971722,一个人挺好…👿,马饿了,[等级24],[粉丝团 Lv9]
2026-05-16 13:58:08,98313287706,草原游牧人,一楼有人,[等级26],[粉丝团 Lv5]
2026-05-16 13:58:08,484257882206712,欧欧欧包,马离墙太近，卡脚了,[等级19],[粉丝团 Lv5]
2026-05-16 13:58:08,4198415648439594,🐻‍❄️微醺才不会醉🤍,被马卡受击了,[等级23],
2026-05-16 13:58:08,104909302196,峰哥⁸⁰⁰⁸,3.秒,[等级18],[粉丝团 Lv11]
2026-05-16 13:58:08,567000297907470,梦中轻音,信号值,[等级2],
2026-05-16 13:58:09,4208565149767799,多余的温柔,已经很好了,[等级11],
2026-05-16 13:58:09,1050745505059651,磊盛石业,[捂脸][捂脸][捂脸],[等级18],[粉丝团 Lv10]
2026-05-16 13:58:09,2528486479102643,银,刚好又残了[捂脸][捂脸],[等级7],[粉丝团 Lv3]
2026-05-16 13:58:09,95116752047,自古忠孝两难全⁵¹⁰⁷⁴,502,[等级11],
2026-05-16 13:58:09,31226528019117,婺罅,马是伏笔,[等级24],[粉丝团 Lv10]
2026-05-16 13:58:11,3135436086066109,不爱吃豆芽,[大笑][大笑],[等级11],
2026-05-16 13:58:11,103981756726,*&黑桃k,马一直饿就肚子[捂脸][捂脸][捂脸],[等级14],[粉丝团 Lv11]
2026-05-16 13:58:11,4410845128828888,地狱小魔,马的锅,[等级25],[粉丝团 Lv11]
2026-05-16 13:58:11,69463840673,无支祁。可燃冰,已经举报了,[等级7],
2026-05-16 13:58:11,64891362014,灵子,主要还是马没喂上,[等级9],[粉丝团 Lv5]
2026-05-16 13:58:12,2703019685981437,豆沙,很厉害啦！,[等级11],
2026-05-16 13:58:12,76786388221,🌈 海龍_,摇人摇人,[等级24],[粉丝团 Lv11]
2026-05-16 13:58:13,97493921950,一叶秋风88,确实 这马有自己的想法[看],[等级18],[粉丝团 Lv11]
2026-05-16 13:58:13,96109458661,深渊的渊深渊的深,马德错,[等级26],[粉丝团 Lv5]
2026-05-16 13:58:13,103796417719,用户7291898574400,他预判了你的预判[捂脸],[等级15],[粉丝团 Lv11]
2026-05-16 13:58:14,3962260748249928,正玺影视,520强力胶,[等级22],[粉丝团 Lv10]
2026-05-16 13:58:16,3842110168243840,余香肉丝,菜就是菜,[等级17],
2026-05-16 13:58:16,3103246217384480,漫步人生@,关键对付打头了,,
2026-05-16 13:58:17,108339504010,枫,马还没吃饱吃好,[等级13],
2026-05-16 13:58:18,85137595168,匹诺曹,已经很牛🐮了[赞],[等级4],
2026-05-16 13:58:18,493000899432619,斗金,马卡bug了[捂脸],[等级2],
2026-05-16 13:58:18,73750852087,单眼皮不emo,君雅，别激动别激动,[等级4],[粉丝团 Lv2]
2026-05-16 13:58:19,78615620942,吗喽,你停的嘛,[等级27],[粉丝团 Lv11]
2026-05-16 13:58:19,3689574830449950,刘三哥,没掩体，开火就是送头！[捂脸][捂脸][捂脸][玫瑰][爱心][比心][赞][666][666][666],[等级27],
2026-05-16 13:58:19,4112646120147711,雨林寻珍,那个板本来在山上就没吃草，刚吃草你又骑了，骑到这里的话又没有喂草，饿了跑不动[捂脸],[等级2],
2026-05-16 13:58:19,60768710753,CT陈天宇,你自己没停好怪谁啊？[捂脸][捂脸][捂脸],[等级15],[粉丝团 Lv8]
2026-05-16 13:58:19,2423763099990823,0⃣️0⃣️,[捂脸][捂脸]我心里[捂脸][捂脸],[等级17],[粉丝团 Lv10]
2026-05-16 13:58:19,7549456355062170681,还没想好~,[捂脸][捂脸][捂脸][捂脸],,
2026-05-16 13:58:20,87437737787,✿゛Sᴀғᴇᴛʏ .,高打低[捂脸],[等级27],
2026-05-16 13:58:20,102469975321,✨名门⭐️,不错了很秀了！,[等级19],[粉丝团 Lv15]
2026-05-16 13:58:21,61772282639,🦄潇洒的茂茂哥💋,@💋 初见、 帅过肖战[捂脸],[等级32],[粉丝团 Lv11]
2026-05-16 13:58:21,67097968605,早睡早起⁸,[比心],,
2026-05-16 13:58:23,96558241330,KG16,马饿了 要多喂[捂脸],[等级18],[粉丝团 Lv12]
2026-05-16 13:58:23,3430895678660199,就要李_发财,受精了，它乱跑,[等级29],
2026-05-16 13:58:23,116989961990570,喜欢一个人,对面会玩的,[等级12],[粉丝团 Lv10]
2026-05-16 13:58:23,99393356410,吃不了一点香菜,养成喂草好习惯[看][看][看][看],[等级26],[粉丝团 Lv12]
2026-05-16 13:58:23,62789788220,云端捕光者,那小子又来了,[等级14],[粉丝团 Lv7]
2026-05-16 13:58:23,73106185482,简单点！,呼叫铁蛋,[等级7],[粉丝团 Lv1]
2026-05-16 13:58:24,99770716229,果味浓郁^,冰柠薄荷！茉莉花香！多肉芒芒，冰萃咖啡，冰镇西瓜。多汁葡萄！,[等级18],
2026-05-16 13:58:25,4226175786292925,言念君子,被马演了,[等级26],[粉丝团 Lv3]
2026-05-16 13:58:25,99620999817,看那片海³√,还是老六厉害,[等级17],[粉丝团 Lv9]
2026-05-16 13:58:25,100179063750,163广播站,惜败[捂脸],[等级9],[粉丝团 Lv6]
2026-05-16 13:58:25,111007266356,🔱守望w,你用的时候就用，不用的时候也不喂喂[捂脸][捂脸][捂脸],[等级29],[粉丝团 Lv15]
2026-05-16 13:58:25,2129109692727048,8023,[鼓掌][鼓掌][鼓掌],[等级17],[粉丝团 Lv10]
2026-05-16 13:58:25,97214377093,碉堡,卡长是多长,[等级3],
2026-05-16 13:58:25,1081509445107789,相关部门,那个马是我安排的，知道怕了吧[灵机一动],[等级12],[粉丝团 Lv5]
2026-05-16 13:58:25,1050745505059651,磊盛石业,被小牙签打死了[捂脸],[等级18],[粉丝团 Lv10]
2026-05-16 13:58:25,96491112356,、等风,又想马儿跑又不给马儿吃草[捂脸],[等级24],[粉丝团 Lv12]
2026-05-16 13:58:26,104249123804,✈️👂🐮,要想马儿跑就🉐给马儿吃草[鼓掌],[等级11],[粉丝团 Lv10]
2026-05-16 13:58:27,453442174718862,张君雅的陛下⁵¹⁰⁷⁴,@顶顶 你又叫上了,[等级35],[粉丝团 Lv16]
2026-05-16 13:58:27,4112604411736253,兔粉妆,补了两个没事,[等级15],[粉丝团 Lv10]
2026-05-16 13:58:27,54492656969,💕如悉💕,卡长一截[捂脸],[等级14],[粉丝团 Lv3]
2026-05-16 13:58:27,109512946746,lq²⁰²⁶,卡墙上了,[等级11],[粉丝团 Lv8]
2026-05-16 13:58:27,2111507851127823,天青色等烟雨,主要是草莓吃上马,[等级12],[粉丝团 Lv5]
2026-05-16 13:58:28,101696082528,（悟）,@敬明天 你可以不看,[等级26],[粉丝团 Lv10]
2026-05-16 13:58:29,98352713415,我不认识你,吉利服是高手[捂脸][捂脸][捂脸][捂脸],[等级11],
2026-05-16 13:58:29,108435858410,等我一下,撞车了,[等级2],
2026-05-16 13:58:30,3745395227774212,馬小帅,细节,[等级21],[粉丝团 Lv10]
2026-05-16 13:58:30,2528471910712947,L-Sep20-Virgo,@星期刘 你行你来,[等级18],[粉丝团 Lv4]
2026-05-16 13:58:31,7549456355062170681,还没想好~,[捂脸][捂脸][捂脸][捂脸],,
2026-05-16 13:58:31,3544473905937592,全有,马：可不粘住了嘛[捂脸][捂脸]它有锁勾器啊[捂脸][捂脸],[等级25],[粉丝团 Lv6]
2026-05-16 13:58:31,97523528294,回首一回头,@Y  _ 打不过也比你强,[等级20],[粉丝团 Lv15]
2026-05-16 13:58:32,103842619143,开心糖🍬,主包别生气，你是最棒的,[等级11],
2026-05-16 13:58:32,98422361441,多财多亿,已经很牛逼了,[等级12],
2026-05-16 13:58:32,3784954888070723,梁山伯与猪硬来,差了一秒就没有先手了,[等级22],[粉丝团 Lv11]
2026-05-16 13:58:33,105076731771,钟期,抓张君雅,[等级22],[粉丝团 Lv2]
2026-05-16 13:58:33,4427111626975129,重卡差速器大全,[尬笑][衰],[等级4],
2026-05-16 13:58:33,3934507317863532,一个从人民中走出来的普通人（轮回版）,黑宝。你是最菜的[捂脸][捂脸],[等级23],[粉丝团 Lv2]
2026-05-16 13:58:33,92820219610,7-sec,直接爆头了,[等级15],[粉丝团 Lv11]
2026-05-16 13:58:33,4160156117768544,徐**,投掷物啊，不对枪，那么牛的意识不用,[等级21],[粉丝团 Lv11]
2026-05-16 13:58:33,99961872378,如意hgjgfg,马没吃饱,[等级21],
2026-05-16 13:58:34,2669243963282877,汪,你停马时候没喂马，她生气了[捂脸][捂脸][捂脸],,
2026-05-16 13:58:34,2497699454393470,肉丝,瞬秒,[等级9],[粉丝团 Lv11]
2026-05-16 13:58:34,101430146803,🎣晖哥,这鬼游戏越更新bug越多[捂脸],[等级23],[粉丝团 Lv9]
2026-05-16 13:58:34,98181665549,刘风,不打第二下窗口可以打药的[捂脸],[等级5],[粉丝团 Lv10]
2026-05-16 13:58:35,4499643040531264,yiqi7,太挨墙壁了,[等级12],[粉丝团 Lv11]
2026-05-16 13:58:35,62467530775,平安.😼,卡马脚了,[等级23],[粉丝团 Lv8]
2026-05-16 13:58:36,1987562844985852,红伞伞™,卡长一截是好长[捂脸],[等级33],[粉丝团 Lv12]
2026-05-16 13:58:36,96350224341,醉入星辰☀️,这就是实力,[等级15],[粉丝团 Lv5]
2026-05-16 13:58:36,4503688093516652,马老六,打死两个 一个残血很可以了,,
2026-05-16 13:58:36,493000899432619,斗金,马卡缰绳了[捂脸],[等级2],
2026-05-16 13:58:38,92294124549,空^〇^白,帅过肖战,[等级6],[粉丝团 Lv6]
2026-05-16 13:58:38,2199450770226439,Baco.,@星期刘 你有队友你怎么还不是在榜战神呀哥哥,[等级17],[粉丝团 Lv11]
2026-05-16 13:58:39,350067274032176,枫,还得是502好用,[等级34],
2026-05-16 13:58:40,66446438256,🐮🐰,可惜了，被老六服打了,[等级10],[粉丝团 Lv8]
2026-05-16 13:58:40,3736580717292816,琪琪格,胜败乃兵家常事[捂脸],,
2026-05-16 13:58:40,107982899348,An Seven,白色马 有问题 这把骑黑色的马[比心][比心][比心],[等级35],[粉丝团 Lv12]
2026-05-16 13:58:40,3680809831900556,先上DJ,退烧片[呲牙],[等级17],
2026-05-16 13:58:42,2274247923467549,知遇👣,@手握风云★ 把你牛比的,[等级24],[粉丝团 Lv10]
2026-05-16 13:58:42,31226528019117,婺罅,马是伏笔,[等级24],[粉丝团 Lv10]
2026-05-16 13:58:42,108959704499,悦读悦悟,卧底马！！,[等级3],
2026-05-16 13:58:42,3935856812891191,^_^LYB^_^,动作太快了，马反应不过来,[等级9],[粉丝团 Lv2]
2026-05-16 13:58:43,96350224341,醉入星辰☀️,好实力,[等级15],[粉丝团 Lv5]
2026-05-16 13:58:44,1050745505059651,磊盛石业,被小牙签打死了[捂脸],[等级18],[粉丝团 Lv10]
2026-05-16 13:58:44,3103246217384480,漫步人生@,窗口那就抢对付打的一下子半管血,,
2026-05-16 13:58:44,3996063592881981,@@🚬yangꦿ᭄ཽ࿆࿆:,要对马好一点，给他吃饱,[等级15],[粉丝团 Lv10]
2026-05-16 13:58:44,2703019685981437,豆沙,没关系的，很厉害了！,[等级11],
2026-05-16 13:58:44,4275343175983391,・ccw,跑都跑过去了，别骑马。,[等级13],
2026-05-16 13:58:45,92992288513,昕愿,没有队友  好难  光自己吃子弹了,[等级10],[粉丝团 Lv2]
2026-05-16 13:58:46,109516527997,汤圆🦩,君雅很牛逼了,[等级12],[粉丝团 Lv11]
2026-05-16 13:58:46,7549456355062170681,还没想好~,又怪马身上去了[捂脸][捂脸][捂脸][捂脸][捂脸],,
2026-05-16 13:58:46,79990340255,小五哥,明知马没草  停房区该喂马再进屋的  喂了会好点（调整好马头朝向）,[等级10],[粉丝团 Lv5]
2026-05-16 13:58:48,98878505737,杰.,马发脾气了    谁让你不给它吃草,,
2026-05-16 13:58:49,99620999817,看那片海³√,还得是老六,[等级17],[粉丝团 Lv9]
2026-05-16 13:58:50,64891362014,灵子,老黑的马总让人担心[捂脸],[等级9],[粉丝团 Lv5]
2026-05-16 13:58:50,2586524230097480,用户2622774973489,已经很强了,[等级4],
2026-05-16 13:58:50,1049365068123705,不要对深爱的人说拜拜,马想要你死，你不喂饱它，就要它跑,[等级16],[粉丝团 Lv2]
2026-05-16 13:58:50,3532063191606712,浅羽<服饰定制>限量,带粉丝不就好了吗,[等级2],
2026-05-16 13:58:50,93635941053,不懂💀❗,然后直接开车的时候让对面灭队了,[等级1],
2026-05-16 13:58:52,59193049570,凡尘丶,2枪头，人没了,[等级30],
2026-05-16 13:58:52,100283307322,清风拂山岗,这把梭哈怎么样，忍不了了[捂脸],[等级33],[粉丝团 Lv2]
2026-05-16 13:58:53,87437737787,✿゛Sᴀғᴇᴛʏ .,主播男的女的,[等级27],
2026-05-16 13:58:53,2252278749728183,@胜天半子,为什么不打血[捂脸],[等级9],
2026-05-16 13:58:54,4248133702007176,铜板,等一下就狗顶你，现在就怪马没有跑好,[等级16],[粉丝团 Lv12]
2026-05-16 13:58:54,82375658197,🃏|lıı||31🫧 👨🏻‍🌾,不开预言吗,[等级19],[粉丝团 Lv1]
2026-05-16 13:58:55,2456740738897724,❤️💛💚💙💜,看回放,,
2026-05-16 13:58:56,85284297714,无所谓84819,你嫂子饿了不想走,[等级19],[粉丝团 Lv7]
2026-05-16 13:58:58,85137595168,匹诺曹,[赞][赞][赞][赞],[等级4],
2026-05-16 13:58:58,1234078516384542,Sy666,不吃一点毒也打掉了,[等级8],
2026-05-16 13:58:59,77388036968656,兔子吖,很猛了,[等级6],[粉丝团 Lv1]
2026-05-16 13:59:01,1185721257299652,乘风破浪,已经不错了,,
2026-05-16 13:59:03,105076731771,钟期,兄弟们抓张君雅[捂脸][捂脸][捂脸]\,[等级22],[粉丝团 Lv2]
2026-05-16 13:59:03,98878505737,杰.,马饿坏了   发脾气了,,
2026-05-16 13:59:05,2243437638192589,🐬,玩的确实牛啊,[等级21],
2026-05-16 13:59:07,3934507317863532,一个从人民中走出来的普通人（轮回版）,我家黑宝，就是好爱[捂脸],[等级23],[粉丝团 Lv2]
2026-05-16 13:59:07,3092274932364628,该释怀ˡᵃ,我喜欢你,[等级1],
2026-05-16 13:59:08,100283307322,清风拂山岗,梭哈,[等级33],[粉丝团 Lv2]
2026-05-16 13:59:09,439428277876471,小坚坚,太着急了,[等级19],
2026-05-16 13:59:10,61671323616,大宝贝（重生版）,已经很不错了，要是我早都慌得一批,[等级26],[粉丝团 Lv12]
2026-05-16 13:59:10,96882091468,ㅤFj,@敬明天 是男的才能说吗[比心],[等级2],
2026-05-16 13:59:11,3535624224912072,D,想给马儿跑得快，又不给马儿吃草,[等级5],[粉丝团 Lv5]
2026-05-16 13:59:13,100283307322,清风拂山岗,梭哈,[等级33],[粉丝团 Lv2]
2026-05-16 13:59:13,4127983307850067,加点辣,@星期刘 没队友人家也10几杀，不像你，只能打打人机,[等级2],
2026-05-16 13:59:15,1081509445107789,相关部门,那个马是我安排的，知道怕了吧？[灵机一动],[等级12],[粉丝团 Lv5]
2026-05-16 13:59:15,99620999817,看那片海³√,老六打老六,[等级17],[粉丝团 Lv9]
2026-05-16 13:59:17,72629651878,小鞋匠→和鞋社会,两个小姐姐,[等级16],[粉丝团 Lv3]
2026-05-16 13:59:17,111007266356,🔱守望w,已经很极限了,[等级29],[粉丝团 Lv15]
2026-05-16 13:59:17,88757268529,张小狮,低打高，墙就挡掉了一部分伤害，本来就吃亏了,[等级11],[粉丝团 Lv11]
2026-05-16 13:59:20,111192623383,北挽离歌,黑子又开始了,[等级28],[粉丝团 Lv12]
2026-05-16 13:59:24,3934507317863532,一个从人民中走出来的普通人（轮回版）,黑宝帅宝宝,[等级23],[粉丝团 Lv2]
2026-05-16 13:59:25,105351975538,米苏🍊,吃薯片，看直播[打call],[等级19],
2026-05-16 13:59:26,94675331861,我叫阿良,君雅吃啥呢？,[等级25],[粉丝团 Lv11]
2026-05-16 13:59:29,493000899432619,斗金,这都没穿，以为你要穿了[捂脸],[等级2],
2026-05-16 13:59:29,63227054528,Zeal Mine,666,[等级16],[粉丝团 Lv2]
2026-05-16 13:59:30,60768710753,CT陈天宇,只想马儿跑，不想给马儿吃草[捂脸][捂脸][捂脸],[等级15],[粉丝团 Lv8]
2026-05-16 13:59:30,109348233166,乄兴源,撞不到老黑啊[看][看][看],[等级29],[粉丝团 Lv14]
2026-05-16 13:59:32,2199450770226439,Baco.,@敬明天 一个男孩子，天天看直播还指手画脚的,[等级17],[粉丝团 Lv11]
2026-05-16 13:59:32,102431607086,zo·Jo. [F+]',很牛B了，对面也挺狠，提前枪不停,[等级4],[粉丝团 Lv2]
2026-05-16 13:59:35,116989961990570,喜欢一个人,又吃啥呢,[等级12],[粉丝团 Lv10]
2026-05-16 13:59:36,484257882206712,欧欧欧包,一打四杀俩，一残血，燃尽了[比心],[等级19],[粉丝团 Lv5]
2026-05-16 13:59:36,2716230011075964,仧乆,之前那都是自己跑了，这匹算不错了,[等级5],
2026-05-16 13:59:36,2274247923467549,知遇👣,@余香肉丝 你厉害你自己去打看什么直播,[等级24],[粉丝团 Lv10]
2026-05-16 13:59:37,100283307322,清风拂山岗,梭哈,[等级33],[粉丝团 Lv2]
2026-05-16 13:59:37,1267112040465127,齐倒倒,[捂脸][捂脸][捂脸],[等级21],[粉丝团 Lv13]
2026-05-16 13:59:37,1657712377594284,Ly,[躺平][躺平][躺平][躺平][躺平][躺平][躺平][躺平][躺平],[等级15],
2026-05-16 13:59:38,61671323616,大宝贝（重生版）,取关了重新点关注[捂脸],[等级26],[粉丝团 Lv12]
2026-05-16 13:59:38,1049365068123705,不要对深爱的人说拜拜,这把有没有人来抓张老黑？,[等级16],[粉丝团 Lv2]
2026-05-16 13:59:39,3092274932364628,该释怀ˡᵃ,[爱慕][爱慕][爱慕][爱慕],[等级1],
2026-05-16 13:59:40,55159220102,BWRZ（记录美好）,[举手][举手]提升,[等级36],[粉丝团 Lv16]
2026-05-16 13:59:41,110631955568,Amber,[爱心][爱心][爱心][比心][比心][比心],[等级11],[粉丝团 Lv10]
2026-05-16 13:59:42,73750852087,单眼皮不emo,很厉害了[666][666][666][666],[等级4],[粉丝团 Lv2]
2026-05-16 13:59:42,108331035374,爱钓鱼的造型师,你用手机还是平板,[等级14],
2026-05-16 13:59:43,16734600891,梅菜扣肉不要菜,还得练,[等级21],
2026-05-16 13:59:43,100283307322,清风拂山岗,梭哈,[等级33],[粉丝团 Lv2]
2026-05-16 13:59:43,1313284358672692,广联达建模（王）,咔嚓咔嚓地啃雪饼[捂脸][捂脸][捂脸],[等级16],[粉丝团 Lv7]
2026-05-16 13:59:44,104982303668,科谛,福袋有吗,[等级24],
2026-05-16 13:59:44,2665697062160392,哈喽啊啊额个,提升空间很大,[等级11],
2026-05-16 13:59:44,96983472755,没素质的绅士,发个红包,[等级16],[粉丝团 Lv1]
2026-05-16 13:59:45,22212740075,十五,只有马才能制裁你,[等级14],[粉丝团 Lv11]
2026-05-16 13:59:45,104909302196,峰哥⁸⁰⁰⁸,因为那个窗口从里往外看，正好漏头打头,[等级18],[粉丝团 Lv11]
2026-05-16 13:59:46,3584009327358715,谜鹿～,三号位，危险3,[等级7],[粉丝团 Lv3]
2026-05-16 13:59:47,99961872378,如意hgjgfg,高手了，提升什么,[等级21],
2026-05-16 13:59:47,4112604411736253,兔粉妆,君雅姐牛逼,[等级15],[粉丝团 Lv10]
2026-05-16 13:59:48,100283307322,清风拂山岗,梭哈,[等级33],[粉丝团 Lv2]
2026-05-16 13:59:49,103981756726,*&黑桃k,找一个队友，配合一下，好看点,[等级14],[粉丝团 Lv11]
2026-05-16 13:59:50,4432834332736103,行走的蜗牛,已经很牛啦   公屏都是高手[捂脸][捂脸]实力自己的打的时候像人机[捂脸],[等级15],
2026-05-16 13:59:50,12838319168999,向来处丶青涩年华,张老黑，打巅峰啊,[等级15],[粉丝团 Lv2]
2026-05-16 13:59:50,86580358314,🌈船长,关注点完了还点啥呢,[等级19],[粉丝团 Lv3]
2026-05-16 13:59:51,1957545429707037,一片海的区豫.,主播打的啥也不是怎么办[捂脸][看]（滑稽）,[等级11],
2026-05-16 13:59:51,71179422214,-🤡-,你不菜，怎么不开直播啊,[等级14],[粉丝团 Lv1]
2026-05-16 13:59:51,637368504170286,♠︎ 岚军,[呲牙][呲牙][呲牙][呲牙][呲牙][呲牙][呲牙][呲牙][呲牙],[等级30],
2026-05-16 13:59:51,69894844197,@谭二旺,主播打得非常好[赞][赞][赞],[等级32],[粉丝团 Lv10]
2026-05-16 13:59:52,3908086324009151,伤,这一把全是小姐姐,[等级21],[粉丝团 Lv9]
2026-05-16 13:59:53,3996063592881981,@@🚬yangꦿ᭄ཽ࿆࿆:,那个马叛变了[捂脸][捂脸][捂脸],[等级15],[粉丝团 Lv10]
2026-05-16 13:59:53,3642015633909464,-♡落书,能提升吗,[等级22],[粉丝团 Lv9]
2026-05-16 13:59:55,106154257281,风中的胭脂味,沉淀沉淀[呲牙],[等级4],[粉丝团 Lv2]
2026-05-16 13:59:57,3532063191606712,浅羽<服饰定制>限量,其实你可以白天带粉丝一起的,[等级2],
2026-05-16 13:59:59,99961872378,如意hgjgfg,不要谦虚老黑,[等级21],
2026-05-16 14:00:01,279718988623529,Luka,大家快加团和送灯牌，冲粉丝团团任务,[等级24],[粉丝团 Lv6]
2026-05-16 14:00:02,4427111626975129,重卡差速器大全,[大笑][黑脸],[等级4],
2026-05-16 14:00:02,112610259769674,沐雨潇潇,可以了，只比我差一丢丢[看][看],[等级16],[粉丝团 Lv2]
2026-05-16 14:00:02,2294045516499104,嘟,@还没想好~ 怪你身上，你影响主播磁场了，快退出去,[等级13],[粉丝团 Lv10]
2026-05-16 14:00:04,484257882206712,欧欧欧包,君雅为啥不钓鱼做烤鱼啊，那个回血快,[等级19],[粉丝团 Lv5]
2026-05-16 14:00:07,110277570700,moment—FF,觉得主播香香软软的点上一个关注[捂脸],[等级10],[粉丝团 Lv10]
2026-05-16 14:00:08,3117857857342636,一搓一蹦跶,怪不得不喂马，一喂马就要被抓[捂脸],[等级33],[粉丝团 Lv3]
2026-05-16 14:00:08,69761529707,满怀期待啊,局哥最近中午不打了吗？,[等级14],[粉丝团 Lv10]
2026-05-16 14:00:09,6472167828,顺城,提升到1v99？[捂脸],[等级22],[粉丝团 Lv15]
2026-05-16 14:00:10,3090041429304904,繁花如梦,组车队稳一点,,
2026-05-16 14:00:12,107682227126,💕₅²⁰凌乱^O^记忆❤️🌹¹ᶟ₁₄,牛逼[赞]爱雅,[等级26],[粉丝团 Lv12]
2026-05-16 14:00:12,2181026330191848,yIng2h0vlI,@敬明天 又关你啥事了，一个男的天天嘴里管别人，真是服了,[等级9],[粉丝团 Lv3]
2026-05-16 14:00:16,4358937121142893,小猪配骑,他出车的时候拿枪就好了,[等级16],[粉丝团 Lv7]
2026-05-16 14:00:19,93912476060,亿六壹🇨🇳,已经很强了，不需要提升了，已经没有提升的空间了,[等级5],[粉丝团 Lv4]
2026-05-16 14:00:20,1626875586159368,老韦,二号应该认出来了,[等级13],[粉丝团 Lv13]
2026-05-16 14:00:20,2669243963282877,汪,你对马不好，她就负你[捂脸][捂脸][捂脸],,
2026-05-16 14:00:21,55159220102,BWRZ（记录美好）,不带粉丝 想要撞到你 就全凭运气吧[看],[等级36],[粉丝团 Lv16]
2026-05-16 14:00:23,61772282639,🦄潇洒的茂茂哥💋,把那个窥屏仔骂完就拉黑！[捂脸]爽死了[尬笑][奸笑],[等级32],[粉丝团 Lv11]
2026-05-16 14:00:23,4127983307850067,加点辣,@余香肉丝 10几杀还菜，你啥实力啊，你有这实力就不是在这呱呱叫了,[等级2],
2026-05-16 14:00:23,637368504170286,♠︎ 岚军,[呲牙][呲牙][呲牙][呲牙][呲牙],[等级30],
2026-05-16 14:00:25,76363832072,山南水北,有她一成功力   就能从自闭城出来了,[等级15],[粉丝团 Lv3]
2026-05-16 14:00:27,103842619143,开心糖🍬,君儿换个射神车骑骑,[等级11],
2026-05-16 14:00:28,7511731403504239675,曹不问ꦿ,我能杀个零头就不错了，你这还有待提升，我们咋活,,
2026-05-16 14:00:34,132399380304215,百分之二,雅雅[比心][比心][比心][比心][比心][比心][比心],[等级13],[粉丝团 Lv10]
2026-05-16 14:00:35,580166755811412,室内设计装饰谢祥兴,小雅,[等级23],
2026-05-16 14:00:35,74184018883,湛蓝的海,看到一对一干掉君雅 特别开心[捂脸][捂脸][捂脸],[等级7],[粉丝团 Lv2]
2026-05-16 14:00:39,2294045516499104,嘟,@一片海的区豫. 打你绰绰有余,[等级13],[粉丝团 Lv10]
2026-05-16 14:00:44,19439154285,老六🍟,战神局够牛了,[等级24],
2026-05-16 14:00:52,1838838104734926,花匠小马,屋里喵窗口容易爆头,[等级34],[粉丝团 Lv15]
2026-05-16 14:00:56,61787933842,任平生,刚刚吃鸡了吗,[等级11],[粉丝团 Lv6]
2026-05-16 14:00:58,116989961990570,喜欢一个人,大家点点赞,[等级12],[粉丝团 Lv10]
2026-05-16 14:01:00,103842619143,开心糖🍬,昨天花了四百才抽到射神车[捂脸][捂脸][捂脸],[等级11],
2026-05-16 14:01:01,60876735247,九月是只喵,[看][看][看][看]这把要是再有窥屏仔，那老黑骂人的怒气值直线上升,[等级16],[粉丝团 Lv13]
2026-05-16 14:01:04,58642685107,@黄麒,小p那有马,[等级11],[粉丝团 Lv10]
2026-05-16 14:01:07,2294045516499104,嘟,@湛蓝的海 开心了就给主播刷个华子,[等级13],[粉丝团 Lv10]
2026-05-16 14:01:10,637368504170286,♠︎ 岚军,女悍匪笑死人[捂脸][捂脸][捂脸],[等级30],
2026-05-16 14:01:15,1957545429707037,一片海的区豫.,@嘟 又魔怔了？笑死我了,[等级11],
2026-05-16 14:01:16,435826362431742,疯狂的蜗牛,没朋友吗,[等级14],[粉丝团 Lv11]
2026-05-16 14:01:19,2456740738897724,❤️💛💚💙💜,破防了,,
2026-05-16 14:01:21,69463840673,无支祁。可燃冰,张子黑[抠鼻],[等级7],
2026-05-16 14:01:25,2274247923467549,知遇👣,@浅羽<服饰定制>限量 为什么要带你又安排上了,[等级24],[粉丝团 Lv10]
2026-05-16 14:01:27,2665697062160392,哈喽啊啊额个,右边拉满棚满钵满,[等级11],
2026-05-16 14:01:29,102679969167,星梦玉魂,小P有边上马,[等级38],
2026-05-16 14:01:37,78780549307,偌靉(安全员)99,手机放一边，睡觉(。-ω-)zzz,[等级22],[粉丝团 Lv11]
2026-05-16 14:01:39,2274247923467549,知遇👣,@梅菜扣肉不要菜 打你绰绰有余,[等级24],[粉丝团 Lv10]
2026-05-16 14:01:40,110986320405,💞ꦿ᭄余温散尽᭄ꦿএ,这局有你粉丝,[等级18],
2026-05-16 14:01:44,4463672098568963,希希,张老黑 [捂脸],[等级2],
2026-05-16 14:01:45,1301435658548127,爱生活爱笑爱可乐,金,[等级13],
2026-05-16 14:01:48,7457874793100461080,常开心,金,[等级6],[粉丝团 Lv7]
2026-05-16 14:01:50,484257882206712,欧欧欧包,@❤️💛💚💙💜 小小号就多充点钱少发评论,[等级19],[粉丝团 Lv5]
2026-05-16 14:01:53,92671369236,🌈欧气虫虫喔,局哥呢[捂脸],[等级13],[粉丝团 Lv5]
2026-05-16 14:01:53,62653006650,*顺奇自然*,队友给你标爆炸弓,[等级12],[粉丝团 Lv8]
2026-05-16 14:02:01,105463503267,我的名字,局局都有箱子，真羡慕,[等级16],[粉丝团 Lv10]
2026-05-16 14:02:04,106854853408,小草,上把打过了吗,[等级5],[粉丝团 Lv2]
2026-05-16 14:02:07,59185405920,一起养条奈吗,1号2号女的,[等级15],[粉丝团 Lv8]
2026-05-16 14:02:07,103842619143,开心糖🍬,你们的射神车多少米抽出的？,[等级11],
2026-05-16 14:02:08,69463840673,无支祁。可燃冰,快去抓他,[等级7],
2026-05-16 14:02:10,1657712377594284,Ly,[愤怒][愤怒][愤怒][愤怒][愤怒][愤怒],[等级15],
2026-05-16 14:02:12,2274247923467549,知遇👣,@浅羽<服饰定制>限量 你一分钱不花在这里安排上了,[等级24],[粉丝团 Lv10]
2026-05-16 14:02:17,93113842956,遇见房缘,这个赛季到几号呀？,[等级8],[粉丝团 Lv8]
2026-05-16 14:02:18,1049365068123705,不要对深爱的人说拜拜,张老黑，又准备被狙了,[等级16],[粉丝团 Lv2]
2026-05-16 14:02:24,60876735247,九月是只喵,@我的名字 [捂脸][捂脸][捂脸]羡慕啥，一个金都没有,[等级16],[粉丝团 Lv13]
2026-05-16 14:02:25,63073431755,💋 初见、,我也是，骂完就拉黑[捂脸],[等级34],[粉丝团 Lv13]
2026-05-16 14:02:28,59185405920,一起养条奈吗,1号女的,[等级15],[粉丝团 Lv8]
2026-05-16 14:02:39,2258848122937539,岁月沙漏,怎么跳P城了？你放弃偷人的念头了吗？老黑,[等级13],[粉丝团 Lv6]
2026-05-16 14:02:47,105463503267,我的名字,@九月是只喵 那也比我这个箱子都没有的好吧,[等级16],[粉丝团 Lv10]
2026-05-16 14:02:49,61772282639,🦄潇洒的茂茂哥💋,@💋 初见、 哈哈哈！[赞]好玩极了[抠鼻][舔屏],[等级32],[粉丝团 Lv11]
2026-05-16 14:02:51,58619480777,Kiki,队友认识你,[等级23],[粉丝团 Lv6]
2026-05-16 14:02:52,93316149550,七七💋,人早都走了 这里谢[捂脸],[等级27],
2026-05-16 14:02:52,72060195055,兜兜酱,估计认出你了,[等级25],[粉丝团 Lv9]
2026-05-16 14:02:53,110986320405,💞ꦿ᭄余温散尽᭄ꦿএ,听说指挥官钥匙又要出来了，是真的吗[捂脸],[等级18],
2026-05-16 14:02:55,58642685107,@黄麒,队友认出你了，出生岛2号过来找你了,[等级11],[粉丝团 Lv10]
2026-05-16 14:02:57,26012485162823,妄想徒手摘星,开麦,[等级9],
2026-05-16 14:02:57,309411621386987,90后公子,应该是认识的[捂脸][捂脸],[等级20],[粉丝团 Lv8]
2026-05-16 14:03:05,2709648370835534,Cold❄️,出生岛应该就认出来了,[等级34],[粉丝团 Lv8]
2026-05-16 14:03:08,98373352228,W！,三级头不给别人标,[等级41],[粉丝团 Lv12]
2026-05-16 14:03:13,3689574830449950,刘三哥,这把吃鸡了！[玫瑰][爱心][比心][赞][666][666][666],[等级27],
2026-05-16 14:03:13,4045857138424189,7_很爱,张老黑v区还是q区,[等级8],
2026-05-16 14:03:14,4248131573652556,Camp,爱播吧,[等级3],[粉丝团 Lv2]
2026-05-16 14:03:15,3922654838397437,风轻a,老黑我都想你了[捂脸],[等级19],[粉丝团 Lv13]
2026-05-16 14:03:16,3545278820388088,猪事如意,我来抓你了哈哈[呲牙][呲牙],[等级23],
2026-05-16 14:03:18,350067274032176,枫,一般人打不过你[大笑],[等级34],
2026-05-16 14:03:22,105463503267,我的名字,四号也认识你,[等级16],[粉丝团 Lv10]
2026-05-16 14:03:30,93014642999,🌈南山楠,还有你没捡完,[等级11],[粉丝团 Lv10]
2026-05-16 14:03:31,7501643394876490810,伄師,张老黑现在孤单了 上午就一个人了,[等级9],
2026-05-16 14:03:36,1755300623293495,王中王,麦炸了,[等级6],
2026-05-16 14:03:38,66674897546,小傲娇,A I反过来,[等级33],[粉丝团 Lv9]
2026-05-16 14:03:42,4310549579694780,@你,还有一发没扣,[等级15],[粉丝团 Lv10]
2026-05-16 14:03:44,3545278820388088,猪事如意,我来了哈哈,[等级23],
2026-05-16 14:03:45,1049365068123705,不要对深爱的人说拜拜,队友应该认出是张老黑了,[等级16],[粉丝团 Lv2]
2026-05-16 14:03:45,98878505737,杰.,怎么那么爱看张老黑发飙,,
2026-05-16 14:03:49,110986320405,💞ꦿ᭄余温散尽᭄ꦿএ,1080,[等级18],
2026-05-16 14:03:54,548004340438996,小笨蛋,@疯狂的蜗牛 你朋友多能怎样 我就在这 来干掉我[呲牙][呲牙][呲牙][抠鼻],,
2026-05-16 14:03:59,2493284360132540,🍊🍊,刚才那个屋还有弓箭,[等级15],
2026-05-16 14:04:00,99372859314,启  夏,[捂脸][捂脸][捂脸],[等级25],[粉丝团 Lv15]
2026-05-16 14:04:04,1257437656002798,某某.,?,[等级34],[粉丝团:张君雅 Lv16]
2026-05-16 14:04:04,2493284360132540,🍊🍊,还没剪完,[等级15],
2026-05-16 14:04:04,7501643394876490810,伄師,上午可以不播 改成下午5点到晚上12点,[等级9],
2026-05-16 14:04:08,99372859314,启  夏,[捂脸][捂脸][捂脸][捂脸],[等级25],[粉丝团 Lv15]
2026-05-16 14:04:10,93113842956,遇见房缘,又听见了[捂脸],[等级8],[粉丝团 Lv8]
2026-05-16 14:04:11,101277257606,风的影子🧸,[捂脸][捂脸][捂脸][捂脸],[等级42],[粉丝团 Lv11]
2026-05-16 14:04:11,73133140989,行稳致远,[捂脸][捂脸][捂脸],[等级31],[粉丝团 Lv15]
2026-05-16 14:04:12,7577028479742805050,󰠇Dravvle,？。？,[等级10],
2026-05-16 14:04:12,51782197378,爱哭的鱼…,专门给你放的,[等级34],[粉丝团:张君雅 Lv15]
2026-05-16 14:04:12,107982899348,An Seven,[捂脸][捂脸][捂脸][捂脸][捂脸],[等级35],[粉丝团 Lv12]
2026-05-16 14:04:12,85355152776,毛蛋.♪ ﷽,？,[等级4],[粉丝团 Lv5]
2026-05-16 14:04:12,60444392232,NN,？,[等级10],
2026-05-16 14:04:13,3852312079508893,奋～斗～的～小～蝌～蚪,[捂脸],[等级6],
2026-05-16 14:04:13,4275343175983391,・ccw,[捂脸],[等级13],
2026-05-16 14:04:14,95558583638,爸辣辣能量ᝰ,粉丝,[等级4],
2026-05-16 14:04:14,96558241330,KG16,刚才那个马耽误了两秒 有时关建时候一两秒可以决定输赢,[等级18],[粉丝团 Lv12]
2026-05-16 14:04:14,110487983863,都怪你隐身太清晰,[捂脸][捂脸][捂脸],[等级17],[粉丝团 Lv8]
2026-05-16 14:04:14,470207716141453,座等斗地主,[捂脸][捂脸][捂脸][捂脸],[等级11],[粉丝团 Lv11]
2026-05-16 14:04:14,1626875586159368,老韦,内鬼,[等级13],[粉丝团 Lv13]
2026-05-16 14:04:15,92461848227,煜,[捂脸][捂脸][捂脸],[等级13],[粉丝团 Lv11]
2026-05-16 14:04:15,1838847804575764,老农民A1,[捂脸][捂脸][捂脸][捂脸],[等级33],[粉丝团 Lv15]
2026-05-16 14:04:15,3799519870065677,我发现你在看我的名字,？,[等级6],
2026-05-16 14:04:16,3632420663601888,发什么呆,[捂脸][捂脸][捂脸][捂脸],[等级8],[粉丝团 Lv10]
2026-05-16 14:04:16,3722285933933771,群众里面有坏人,[捂脸][捂脸][捂脸][捂脸],[等级4],[粉丝团 Lv8]
2026-05-16 14:04:17,72060195055,兜兜酱,识你,[等级25],[粉丝团 Lv9]
2026-05-16 14:04:17,3544473905937592,全有,压不住是吧[捂脸][捂脸],[等级25],[粉丝团 Lv6]
2026-05-16 14:04:18,64143966761,Blare✨,内鬼[看]实锤了,[等级29],[粉丝团 Lv12]
2026-05-16 14:04:18,4503669836332557,栩多渝🌽⚡️🌙,[捂脸],[等级11],[粉丝团 Lv10]
2026-05-16 14:04:18,1904810708450736,不善于表达,[捂脸],[等级11],[粉丝团 Lv2]
2026-05-16 14:04:19,60876735247,九月是只喵,认出来了[看][看][看][看][看],[等级16],[粉丝团 Lv13]
2026-05-16 14:04:19,72393438347,少帅,[捂脸][捂脸][捂脸][捂脸][捂脸],[等级18],[粉丝团 Lv13]
2026-05-16 14:04:19,2475702575179399,这个我是真的喜欢,队友认识你给你的,[等级14],
2026-05-16 14:04:19,110487983863,都怪你隐身太清晰,是是是,[等级17],[粉丝团 Lv8]
2026-05-16 14:04:19,3689574830449950,刘三哥,[捂脸][微笑][捂脸][微笑][比心][666],[等级27],
2026-05-16 14:04:19,16734600891,梅菜扣肉不要菜,卧槽[捂脸][捂脸][捂脸],[等级21],
2026-05-16 14:04:20,58619480777,Kiki,你粉丝,[等级23],[粉丝团 Lv6]
2026-05-16 14:04:20,93014642999,🌈南山楠,听到声音就去了[看],[等级11],[粉丝团 Lv10]
2026-05-16 14:04:21,309411621386987,90后公子,队友认识你了[捂脸][捂脸],[等级20],[粉丝团 Lv8]
2026-05-16 14:04:21,97600677185,晓乔治ovo,队友认识你呢[捂脸],[等级38],[粉丝团 Lv13]
2026-05-16 14:04:22,68423550125,Love the way you lie,[看][看][看][看],[等级15],[粉丝团 Lv11]
2026-05-16 14:04:22,4112604411736253,兔粉妆,粉丝,[等级15],[粉丝团 Lv10]
2026-05-16 14:04:24,62653006650,*顺奇自然*,知道是你吧？,[等级12],[粉丝团 Lv8]
2026-05-16 14:04:24,2660444059471064,葉子与风,很明显认识你,[等级14],[粉丝团 Lv8]
2026-05-16 14:04:24,98200507751,赶路人,[捂脸][捂脸][捂脸],[等级31],
2026-05-16 14:04:24,4200585207743172,I·,这啥耳朵啊哈哈哈哈哈哈,[等级11],[粉丝团 Lv4]
2026-05-16 14:04:24,100275864327,史上最强赘婿,老黑直播间封面的美女是谁,[等级6],[粉丝团 Lv1]
2026-05-16 14:04:24,1968604174630651,好运连连,人家给你你还这样说，好么[捂脸],[等级10],[粉丝团 Lv9]
2026-05-16 14:04:25,59418396674,小一、,？,[等级12],
2026-05-16 14:04:25,1049365068123705,不要对深爱的人说拜拜,对对对,[等级16],[粉丝团 Lv2]
2026-05-16 14:04:25,76133959662,@等风起,一看就是粉丝,[等级14],[粉丝团 Lv8]
2026-05-16 14:04:25,110487983863,都怪你隐身太清晰,对对对,[等级17],[粉丝团 Lv8]
2026-05-16 14:04:26,3954312606928571,mo🐟,内奸[看],[等级12],
2026-05-16 14:04:26,3544473905937592,全有,很难压[捂脸][捂脸],[等级25],[粉丝团 Lv6]
2026-05-16 14:04:26,84756699038,亮哥☜,这一看就是铁粉[比心],[等级18],[粉丝团 Lv12]
2026-05-16 14:04:26,66433545949,许知意,还没见到爱播就噶了[捂脸],[等级21],[粉丝团 Lv10]
2026-05-16 14:04:28,144766731559499,煜乘风破浪,是不是就吃鸡了,[等级2],
2026-05-16 14:04:28,800075209256152,家里600头猪,粉丝,,
2026-05-16 14:04:28,105463503267,我的名字,他给你放的[黑脸][红脸],[等级16],[粉丝团 Lv10]
2026-05-16 14:04:30,7561034207784928314,九,应该知道你,,
2026-05-16 14:04:30,1588116407206167,站在高处假装跳等到人多往下尿,@伄師 连播太累,[等级32],[粉丝团 Lv12]
2026-05-16 14:04:30,96857350830,好运来喽！,4号呢,[等级3],
2026-05-16 14:04:30,107982899348,An Seven,肯定认出你来了,[等级35],[粉丝团 Lv12]
2026-05-16 14:04:30,484257882206712,欧欧欧包,对你了如指掌了,[等级19],[粉丝团 Lv5]
2026-05-16 14:04:31,3778386515474196,陈先生,必须带小姐姐吃鸡,[等级13],[粉丝团 Lv10]
2026-05-16 14:04:31,1838838104734926,花匠小马,我喜欢看老黑一个人路匹，主要惊喜和意外，不知道那个先到来,[等级34],[粉丝团 Lv15]
2026-05-16 14:04:32,4275343175983391,・ccw,这嘴脸[捂脸],[等级13],
2026-05-16 14:04:34,3378144954030583,用户726,@伄師 刷个华子考虑考虑,[等级7],[粉丝团 Lv6]
2026-05-16 14:04:34,66446438256,🐮🐰,又被你押上了,[等级10],[粉丝团 Lv8]
2026-05-16 14:04:34,110490267772,帖子,4号不要挂机啊,[等级12],[粉丝团 Lv11]
2026-05-16 14:04:35,1226692695440574,0,听见无人机声音就应激了,[等级20],[粉丝团 Lv7]
2026-05-16 14:04:35,59121284288,张君雅的绯闻男友,@ら孤痞 下午好,[等级24],[粉丝团 Lv11]
2026-05-16 14:04:37,518559512397032,那加⁵¹⁰⁷⁴,想得理所当然(13,[等级22],[粉丝团 Lv15]
2026-05-16 14:04:38,82118318153,强哥,有内鬼,[等级13],[粉丝团 Lv2]
2026-05-16 14:04:38,61485803368,ᥫᩣฅ⭐,上把吃鸡了么,[等级4],[粉丝团 Lv7]
2026-05-16 14:04:38,1313284358672692,广联达建模（王）,[捂脸][发怒][捂脸][发怒][捂脸][发怒],[等级16],[粉丝团 Lv7]
2026-05-16 14:04:38,103842619143,开心糖🍬,想看射神车[看],[等级11],
2026-05-16 14:04:46,3267352005977800,释怀！,[捂脸][捂脸][捂脸][捂脸],[等级20],
2026-05-16 14:04:47,2322591814792717,😴再睡一会💤,？,[等级13],[粉丝团 Lv11]
2026-05-16 14:04:48,3722285933933771,群众里面有坏人,嫉妒,[等级4],[粉丝团 Lv8]
2026-05-16 14:04:48,67535712021,如何采摘大勋花？,爱粉,[等级9],[粉丝团 Lv10]
2026-05-16 14:04:49,3406737923128777,客,[发呆][哈欠][发呆][哈欠][发呆][哈欠][发呆][哈欠],[等级29],
2026-05-16 14:04:51,95240743559,生而向阳,zhe,[等级15],[粉丝团 Lv9]
2026-05-16 14:04:51,2709648370835534,Cold❄️,单字ID人机,[等级34],[粉丝团 Lv8]
2026-05-16 14:04:51,56151521640,木子,给队友交保护费,[等级10],
2026-05-16 14:04:52,69458880430,庞,他知道你是老登,[等级18],[粉丝团 Lv10]
2026-05-16 14:04:53,4112646120147711,雨林寻珍,上把他是没有喂马，那个马饿了跑不动[捂脸],[等级2],
2026-05-16 14:04:53,51782197378,爱哭的鱼…,人机单子id,[等级34],[粉丝团:张君雅 Lv15]
2026-05-16 14:04:53,64248623299,777777,你不也是小姐姐嘛,[等级4],
2026-05-16 14:04:53,63265005711,🌈✓宇,鸡,[等级6],
2026-05-16 14:04:55,64914020634,超强章鱼哥,zhé,[等级19],[粉丝团 Lv2]
2026-05-16 14:04:55,1997193377222846,凡修,这个人机我杀过，读jing,[等级24],[粉丝团 Lv14]
2026-05-16 14:04:56,67862230314,别动,yi,[等级8],[粉丝团 Lv4]
2026-05-16 14:04:57,3839954220231357,男sir,zhe,[等级12],
2026-05-16 14:04:57,67097968605,早睡早起⁸,开一下甲壳虫。,,
2026-05-16 14:04:57,4371270032961902,真的在,坤,[等级3],
2026-05-16 14:04:58,2274247923467549,知遇👣,@伄師 你又安排上了你给钱了嘛,[等级24],[粉丝团 Lv10]
2026-05-16 14:04:58,800075209256152,家里600头猪,粉丝,,
2026-05-16 14:04:58,60876735247,九月是只喵,读双言,[等级16],[粉丝团 Lv13]
2026-05-16 14:05:02,104435469892,COCO,你的粉丝,[等级25],[粉丝团 Lv11]
2026-05-16 14:05:03,69993381987,22-3.18,吉吉,[等级22],
2026-05-16 14:05:03,76133959662,@等风起,人机都单子了[捂脸],[等级14],[粉丝团 Lv8]
2026-05-16 14:05:03,1147514172218188,微 🌈 微,人家看你直播呢,[等级17],[粉丝团 Lv10]
2026-05-16 14:05:03,3210226508237223,潮汐.,粉丝,[等级42],[粉丝团 Lv14]
2026-05-16 14:05:03,72060195055,兜兜酱,都说了认识你,[等级25],[粉丝团 Lv9]
2026-05-16 14:05:04,2008150680020944,风说。,铁粉，真爱粉[捂脸],[等级11],[粉丝团 Lv1]
2026-05-16 14:05:05,64248623299,777777,你不也是小姐姐嘛,[等级4],
2026-05-16 14:05:05,82118318153,强哥,内鬼,[等级13],[粉丝团 Lv2]
2026-05-16 14:05:06,92702372736,一一一一✨️,高手,[等级13],[粉丝团 Lv10]
2026-05-16 14:05:06,1647523631467475,周叙[AI],为什么直播间好多黑子来看 不喜欢就别来看啊 真的是,[等级14],[粉丝团 Lv3]
2026-05-16 14:05:06,100390017761,顺,人鸡都有极品id,[等级6],
2026-05-16 14:05:09,70815804538,邓哥,一进来就知道了,[等级12],[粉丝团 Lv4]
2026-05-16 14:05:09,1348463545028665,小落,二言,,
2026-05-16 14:05:11,1657712377594284,Ly,听说过你得故事？,[等级15],
2026-05-16 14:05:11,95582737508,豆逗,喆是两个吉,[等级35],[粉丝团 Lv5]
2026-05-16 14:05:11,3722285933933771,群众里面有坏人,jiji,[等级4],[粉丝团 Lv8]
2026-05-16 14:05:11,64248623299,777777,你不也是小姐姐嘛,[等级4],
2026-05-16 14:05:11,2500750007610655,狼不点,誩jing,[等级11],[粉丝团 Lv2]
2026-05-16 14:05:12,69458880430,庞,他知道你是老登,[等级18],[粉丝团 Lv10]
2026-05-16 14:05:16,61485803368,ᥫᩣฅ⭐,上把吃鸡了么，有点事没看,[等级4],[粉丝团 Lv7]
2026-05-16 14:05:16,105463503267,我的名字,我靠，这个单字id是被封了，又拉出来当人机的,[等级16],[粉丝团 Lv10]
2026-05-16 14:05:18,64248623299,777777,你不也是小姐姐嘛。,[等级4],
2026-05-16 14:05:20,2709648370835534,Cold❄️,看似闭麦 实则开麦,[等级34],[粉丝团 Lv8]
2026-05-16 14:05:22,455613941550944,大怪兽,4号刚才出去看你直播了。,,
2026-05-16 14:05:23,1539773870387415,半杯橙🍊,我靠机哥都有单字id,[等级12],[粉丝团 Lv7]
2026-05-16 14:05:23,64248623299,777777,你不也是小姐姐嘛,[等级4],
2026-05-16 14:05:25,103842619143,开心糖🍬,换个射神车看看[比心][比心],[等级11],
2026-05-16 14:05:29,2154655729849639,左手の智,吉吉国王[捂脸],[等级18],[粉丝团 Lv11]
2026-05-16 14:05:30,92461848227,煜,@ᥫᩣฅ⭐ 没,[等级13],[粉丝团 Lv11]
2026-05-16 14:05:30,61966656499,有苦我不吃,喆,[等级8],[粉丝团 Lv2]
2026-05-16 14:05:30,73133140989,行稳致远,好像是念喆,[等级31],[粉丝团 Lv15]
2026-05-16 14:05:32,309411621386987,90后公子,无人机都开给你了，弓也拿给你了。肯定认识了,[等级20],[粉丝团 Lv8]
2026-05-16 14:05:34,3751988732892061,多加点饭,密室是固定点吗,[等级3],
2026-05-16 14:05:34,73647036676,捣蛋熊,卡了,[等级20],[粉丝团 Lv12]
2026-05-16 14:05:36,417461152521400,小刘 忙,自救器,[等级24],
2026-05-16 14:05:37,98878505737,杰.,又饿马,,
2026-05-16 14:05:40,110986320405,💞ꦿ᭄余温散尽᭄ꦿএ,人机都极品单字了,[等级18],
2026-05-16 14:05:41,106053895102,红鳞鱼绿鳞鱼,一辆车，你开走了，队友咋办,[等级17],
2026-05-16 14:05:46,60876735247,九月是只喵,@ᥫᩣฅ⭐ [捂脸][捂脸][捂脸]上把没吃鸡，但是骂人了就,[等级16],[粉丝团 Lv13]
2026-05-16 14:05:48,1838847804575764,老农民A1,@多加点饭 对,[等级33],[粉丝团 Lv15]
2026-05-16 14:05:51,3254171587069726,等晴天,@多加点饭 对,[等级8],
2026-05-16 14:05:52,3771738245053625,会游泳的鱼👻,一看就知道是内粉,,
2026-05-16 14:05:56,104909302196,峰哥⁸⁰⁰⁸,带着队友吧，毕竟给你无人机了,[等级18],[粉丝团 Lv11]
2026-05-16 14:05:59,92992288513,昕愿,@红鳞鱼绿鳞鱼 队友没有腿吗,[等级10],[粉丝团 Lv2]
2026-05-16 14:06:00,4112646120147711,雨林寻珍,我都看到他把把虐待马的[捂脸],[等级2],
2026-05-16 14:06:03,442460709587987,初霁,喆,[等级10],[粉丝团 Lv1]
2026-05-16 14:06:03,105463503267,我的名字,我拿现在的号打，抓人机抓到过我被封的那个号[黑脸][红脸],[等级16],[粉丝团 Lv10]
2026-05-16 14:06:05,2735210901028664,海不曾怀疑夏的蓝,发生什么事了[捂脸],[等级5],
2026-05-16 14:06:07,101289034871,龱伈󰠇,誩@,[等级23],[粉丝团 Lv13]
2026-05-16 14:06:08,1838838104734926,花匠小马,jing,[等级34],[粉丝团 Lv15]
2026-05-16 14:06:09,3663228569664605,天空无云,@红鳞鱼绿鳞鱼 队友有车怎么看的啊,[等级15],[粉丝团 Lv11]
2026-05-16 14:06:09,442460709587987,初霁,zhe,[等级10],[粉丝团 Lv1]
2026-05-16 14:06:10,1081509445107789,相关部门,这个马是我安排的，你敢骑吗？,[等级12],[粉丝团 Lv5]
2026-05-16 14:06:10,63027055055,美女社社长,这马屁股好黑啊,[等级2],
2026-05-16 14:06:11,88066076164,凪卄,队友有一辆车的,[等级20],[粉丝团 Lv8]
2026-05-16 14:06:13,3751988732892061,多加点饭,@老农民A1 谢谢 我想知道在哪[捂脸],[等级3],
2026-05-16 14:06:17,107982899348,An Seven,长时间不玩被系统抓人机了[捂脸][捂脸][捂脸],[等级35],[粉丝团 Lv12]
2026-05-16 14:06:18,1373709734260448,r,队友有车啊，没看到有那个标吗,[等级11],
2026-05-16 14:06:22,3751988732892061,多加点饭,@等晴天 谢谢,[等级3],
2026-05-16 14:06:22,2154655729849639,左手の智,陶喆[捂脸],[等级18],[粉丝团 Lv11]
2026-05-16 14:06:24,442460709587987,初霁,喆zhe,[等级10],[粉丝团 Lv1]
2026-05-16 14:06:28,103842619143,开心糖🍬,这马穿黑丝[看][看],[等级11],
2026-05-16 14:06:29,95582737508,豆逗,黑粉们真的超碎了心[捂脸],[等级35],[粉丝团 Lv5]
2026-05-16 14:06:30,96930305718,放肆的打我🫧,誩jing,[等级26],[粉丝团 Lv10]
2026-05-16 14:06:38,2578803629504092,用户7301883880488,没队友玩的跟逃难一样。。。,,
2026-05-16 14:06:38,82118318153,强哥,[捂脸][捂脸][捂脸],[等级13],[粉丝团 Lv2]
2026-05-16 14:06:45,61270934740,新凯合万象零重力热压圆弧机（湖北）,抢密室吧[看],[等级4],
2026-05-16 14:06:50,2274247923467549,知遇👣,@ᥫᩣฅ⭐ 吃了,[等级24],[粉丝团 Lv10]
2026-05-16 14:06:50,1657712377594284,Ly,穿的线裤,[等级15],
2026-05-16 14:06:51,1755300623293495,王中王,有回音,[等级6],
2026-05-16 14:06:51,108300370023,✨幸运拉满⭐,没文化，真可怕,[等级22],[粉丝团 Lv13]
2026-05-16 14:06:51,107821510683,虚惊一场,誩jing（四声）,[等级4],
2026-05-16 14:06:52,59152595394,craz,怎么有回音,[等级6],[粉丝团 Lv4]
2026-05-16 14:06:52,3778386515474196,陈先生,密室都想吃一口,[等级13],[粉丝团 Lv10]
2026-05-16 14:07:01,110277570700,moment—FF,老黑有汗脚，不穿黑丝[捂脸],[等级10],[粉丝团 Lv10]
2026-05-16 14:07:02,59152595394,craz,这么严重得回音、,[等级6],[粉丝团 Lv4]
2026-05-16 14:07:02,2714041448144461,终将逝去,jìng,[等级23],[粉丝团 Lv8]
2026-05-16 14:07:03,21643884763804,经典永不过时,你确定无人机是给你放的,,
2026-05-16 14:07:03,84756699038,亮哥☜,哈哈哈[捂脸][捂脸][捂脸],[等级18],[粉丝团 Lv12]
2026-05-16 14:07:04,3742345549589852,小芯芯,鲨鱼2号,[等级11],
2026-05-16 14:07:04,1031793184352656,猛踹瘸子那条好腿.,工作服又穿上了,[等级17],[粉丝团 Lv10]
2026-05-16 14:07:05,3109899729643216,自由的风,落地就帮你标爆炸弓,[等级13],[粉丝团 Lv11]
2026-05-16 14:07:07,102324402171,✨ོ 顾 名ོ✨,最后一句话是真的[捂脸],[等级32],[粉丝团 Lv14]
2026-05-16 14:07:08,4339110402067072,牛魔 王,燚,[等级2],
2026-05-16 14:07:09,2714041448144461,终将逝去,jìng,[等级23],[粉丝团 Lv8]
2026-05-16 14:07:10,55159220102,BWRZ（记录美好）,笑死[看],[等级36],[粉丝团 Lv16]
2026-05-16 14:07:12,101277257606,风的影子🧸,[捂脸][捂脸][捂脸],[等级42],[粉丝团 Lv11]
2026-05-16 14:07:12,61772282639,🦄潇洒的茂茂哥💋,[尬笑][奸笑],[等级32],[粉丝团 Lv11]
2026-05-16 14:07:12,1049365068123705,不要对深爱的人说拜拜,捡破烂了,[等级16],[粉丝团 Lv2]
2026-05-16 14:07:14,80122957251,晴空🌼,过分  吃剩下的,[等级27],
2026-05-16 14:07:15,4410845128828888,地狱小魔,哈哈哈哈哈哈哈哈,[等级25],[粉丝团 Lv11]
2026-05-16 14:07:16,95088694279,兰诺,哈哈哈哈,[等级21],
2026-05-16 14:07:16,6472167828,顺城,不要不要[捂脸],[等级22],[粉丝团 Lv15]
2026-05-16 14:07:20,3689574830449950,刘三哥,[舔屏][调皮][害羞][呲牙][捂脸][微笑][捂脸][微笑][微笑][微笑],[等级27],
2026-05-16 14:07:21,1354201907597575,总有刁民要害朕,是粉丝,[等级23],[粉丝团 Lv7]
2026-05-16 14:07:25,2129109692727048,8023,[捂脸][捂脸][捂脸][捂脸],[等级17],[粉丝团 Lv10]
2026-05-16 14:07:30,94078488361,辻陆,使不得使不得,[等级9],
2026-05-16 14:07:34,110986320405,💞ꦿ᭄余温散尽᭄ꦿএ,一个快扩搂一下腰,[等级18],
2026-05-16 14:07:34,3406737923128777,客,[发呆][哈欠][发呆][哈欠][发呆][哈欠][发呆][哈欠][发呆][哈欠],[等级29],
2026-05-16 14:07:34,484257882206712,欧欧欧包,粉丝霸道宠爱,[等级19],[粉丝团 Lv5]
2026-05-16 14:07:35,64353801820,嗯嗯嗯。,就要搂你腰[捂脸],[等级43],[粉丝团 Lv16]
2026-05-16 14:07:36,103842619143,开心糖🍬,给队友的车染个车皮[比心][比心][比心],[等级11],
2026-05-16 14:07:36,7509444781722993723,￴ ￴ㅤㅤㅤㅤㅤ,宝儿姐开麦是个男的,[等级11],
2026-05-16 14:07:36,3544473905937592,全有,那个晶晶？,[等级25],[粉丝团 Lv6]
2026-05-16 14:07:37,61772282639,🦄潇洒的茂茂哥💋,不拿粉丝一针一线[捂脸],[等级32],[粉丝团 Lv11]
2026-05-16 14:07:40,2154655729849639,左手の智,十有八九是粉丝,[等级18],[粉丝团 Lv11]
2026-05-16 14:07:41,3967517023804999,《萝卜》,嘴上说不要不要的,[等级21],[粉丝团 Lv10]
2026-05-16 14:07:42,95115965858,Y☜☜P,开麦蛐蛐啊,[等级25],
2026-05-16 14:07:42,659358177043372,李静雨,嘴上说不要，身体却很诚实,[等级25],[粉丝团 Lv5]
2026-05-16 14:07:42,96930305718,放肆的打我🫧,都说是两个言字了 读誩jing 说什么喆,[等级26],[粉丝团 Lv10]
2026-05-16 14:07:43,55159220102,BWRZ（记录美好）,但你的马确实不安全[看],[等级36],[粉丝团 Lv16]
2026-05-16 14:07:44,104683335196,小吴姐姐,怎么都不开队伍麦了,[等级21],[粉丝团 Lv7]
2026-05-16 14:07:45,97600677185,晓乔治ovo,混丝来的,[等级38],[粉丝团 Lv13]
2026-05-16 14:07:46,7509444781722993723,￴ ￴ㅤㅤㅤㅤㅤ,二号刚才开麦说男的啊,[等级11],
2026-05-16 14:07:48,2129109692727048,8023,是不是大哥要搂三层盘子,[等级17],[粉丝团 Lv10]
2026-05-16 14:07:55,98127314878,艾瑞巴蒂跟我一起嗨,坐她的马确实不安全,[等级25],[粉丝团 Lv11]
2026-05-16 14:07:59,96293235234,每天都要看妞,让她在后面当子丁弹,[等级12],[粉丝团 Lv5]
2026-05-16 14:08:00,4259925351218591,寒江雪,小姐姐说队友快跑    我只想做老黑的马[呲牙][呲牙][呲牙][呲牙],[等级16],[粉丝团 Lv12]
2026-05-16 14:08:01,1049365068123705,不要对深爱的人说拜拜,小姐姐听话,[等级16],[粉丝团 Lv2]
2026-05-16 14:08:01,62978378029,钟灵毓秀,跟你路匹得贿赂你[捂脸],[等级21],[粉丝团 Lv11]
2026-05-16 14:08:01,92294124549,空^〇^白,开麦是锅锅[看],[等级6],[粉丝团 Lv6]
2026-05-16 14:08:07,65282628275,财月,昨晚匹到你了，吃鸡了没举过杯，举错了，好尴尬,[等级11],[粉丝团 Lv2]
2026-05-16 14:08:09,1081509445107789,相关部门,马要饿死了,[等级12],[粉丝团 Lv5]
2026-05-16 14:08:13,484257882206712,欧欧欧包,不拿一针一线，只拿大炮弓箭,[等级19],[粉丝团 Lv5]
2026-05-16 14:08:15,7621540477086614585,许巍,少女收割雅,,
2026-05-16 14:08:19,100066340726,是人机呀💎,等会又被抓,[等级44],[粉丝团 Lv9]
2026-05-16 14:08:21,3123069103389979,哦豁，又睡不着,不是粉丝就是被你的王八之气震慑住了,[等级11],[粉丝团 Lv4]
2026-05-16 14:08:29,2274247923467549,知遇👣,@用户7301883880488 也比你强,[等级24],[粉丝团 Lv10]
2026-05-16 14:08:33,1139569482808350,十一.,给队友贴个皮肤[捂脸],[等级32],[粉丝团 Lv10]
2026-05-16 14:08:40,100056462711,是玲玲吖丶ᥫᩣ,小姐姐没上马[捂脸][捂脸][捂脸],[等级29],[粉丝团 Lv8]
2026-05-16 14:08:48,98878505737,杰.,又饿马    等下马又发脾气了,,
2026-05-16 14:08:48,291842765886441,孝感市迈仁婧百货店,马换个皮肤,,
2026-05-16 14:08:52,1081509445107789,相关部门,喂马,[等级12],[粉丝团 Lv5]
2026-05-16 14:08:54,75951165926,巴萨,大姐喂喂马,[等级11],
2026-05-16 14:09:00,181833868000572,用户2747615757327,这么能跑,,
2026-05-16 14:09:02,97409929959,七安凭什么不中福袋🌈🌈🌈🌈🌈,换狼皮,[等级24],[粉丝团 Lv9]
2026-05-16 14:09:02,93316718195,Ciao,@财月 4号小姐姐吗,[等级2],
2026-05-16 14:09:02,3406701201996791,✨清风,马不行了,,
2026-05-16 14:09:02,3544473905937592,全有,你把宝儿姐丢了[捂脸][捂脸],[等级25],[粉丝团 Lv6]
2026-05-16 14:09:04,116989961990570,喜欢一个人,喂马,[等级12],[粉丝团 Lv10]
2026-05-16 14:09:09,97409929959,七安凭什么不中福袋🌈🌈🌈🌈🌈,换狼皮,[等级24],[粉丝团 Lv9]
2026-05-16 14:09:09,2497699454393470,肉丝,喂马喂马,[等级9],[粉丝团 Lv11]
2026-05-16 14:09:15,63027055055,美女社社长,他们三个开的组队麦,[等级2],
2026-05-16 14:09:18,65282628275,财月,是的哈哈。第一次举杯。不会弄,[等级11],[粉丝团 Lv2]
2026-05-16 14:09:19,92294124549,空^〇^白,嫂子要饿死了[看],[等级6],[粉丝团 Lv6]
2026-05-16 14:09:24,659358177043372,李静雨,马都快饿晕了,[等级25],[粉丝团 Lv5]
2026-05-16 14:09:25,55159220102,BWRZ（记录美好）,[看]马太危险了 不适合队友做,[等级36],[粉丝团 Lv16]
2026-05-16 14:09:26,3657414032522778,321,得喂铁了，老马们,[等级7],[粉丝团 Lv8]
2026-05-16 14:09:29,55159220102,BWRZ（记录美好）,座,[等级36],[粉丝团 Lv16]
2026-05-16 14:09:29,4112646120147711,雨林寻珍,难得主播终于想起要喂马了[捂脸],[等级2],
2026-05-16 14:09:34,93113842956,遇见房缘,为啥喂马这么难,[等级8],[粉丝团 Lv8]
2026-05-16 14:09:38,98878505737,杰.,马儿命苦   跟了老黑,,
2026-05-16 14:09:41,3817107964829184,洪   斌,今天还没去所里报到？,[等级9],
2026-05-16 14:09:43,68689644015,无边界.🎀,这局掉人有点慢呀,[等级14],[粉丝团 Lv10]
2026-05-16 14:09:44,800075209256152,家里600头猪,小姐姐是你粉丝,,
2026-05-16 14:09:45,4233546532927219,🉑🈶🉑🈚,[捂脸],[等级20],[粉丝团 Lv10]
2026-05-16 14:09:46,879235309773102,不要再吃了,有队友一起吗一个人打崩了,[等级7],[粉丝团 Lv4]
2026-05-16 14:09:48,484257882206712,欧欧欧包,真爱粉,[等级19],[粉丝团 Lv5]
2026-05-16 14:09:48,3106591515883418,林哥鸡蛋肉汉堡,张老黑打游戏最累的就是马,,
2026-05-16 14:09:52,105463503267,我的名字,他要跟着你,[等级16],[粉丝团 Lv10]
2026-05-16 14:09:54,93029906597,汤了圓圆,哈哈哈,[等级40],[粉丝团 Lv10]
2026-05-16 14:09:54,3689574830449950,刘三哥,暂时不贴，吃鸡了再说！[玫瑰][爱心][比心][赞][666][666][666],[等级27],
2026-05-16 14:09:55,70815804538,邓哥,2号跟他们不是一路的,[等级12],[粉丝团 Lv4]
2026-05-16 14:09:57,1257437656002798,某某.,哈哈哈哈哈哈哈哈,[等级34],[粉丝团:张君雅 Lv16]
2026-05-16 14:09:58,61772282639,🦄潇洒的茂茂哥💋,@财月 你是昨天那个小姐姐麽？[捂脸],[等级32],[粉丝团 Lv11]
2026-05-16 14:09:58,69894844197,@谭二旺,送装备,[等级32],[粉丝团 Lv10]
2026-05-16 14:10:00,55159220102,BWRZ（记录美好）,[懵][懵],[等级36],[粉丝团 Lv16]
2026-05-16 14:10:00,1994952904279258,🌈乾边有杉🌈,[捂脸][捂脸][捂脸][捂脸],[等级42],[粉丝团 Lv1]
2026-05-16 14:10:02,110277570700,moment—FF,张老黑陪一根[捂脸],[等级10],[粉丝团 Lv10]
2026-05-16 14:10:04,73133140989,行稳致远,哈哈哈,[等级31],[粉丝团 Lv15]
2026-05-16 14:10:06,2172229561625960,好嗨哟,[捂脸][捂脸][捂脸][捂脸]哑语,[等级25],[粉丝团 Lv13]
2026-05-16 14:10:08,116989961990570,喜欢一个人,二号真好,[等级12],[粉丝团 Lv10]
2026-05-16 14:10:08,2471323988671523,萍水相逢,你们有没有发现他去的地方都没有没有人？,[等级1],
2026-05-16 14:10:10,2475702575179399,这个我是真的喜欢,真好呀队友,[等级14],
2026-05-16 14:10:10,2575483865934928,.,@不要再吃了 你厉害不[捂脸]我也被打的不想玩了[捂脸],[等级19],[粉丝团 Lv10]
2026-05-16 14:10:10,2321779027616264,🥀⃟错把᭄敷衍ꦻ当承诺ꦿ,给小姐姐带上,[等级14],[粉丝团 Lv1]
2026-05-16 14:10:10,76304306792,🥀ꕥ᭄意难平ꦿᩚ࿐,你说话,[等级24],[粉丝团 Lv10]
2026-05-16 14:10:11,1838838104734926,花匠小马,撩妹,[等级34],[粉丝团 Lv15]
2026-05-16 14:10:11,64353801820,嗯嗯嗯。,[捂脸][捂脸][捂脸][捂脸]就想搂腰,[等级43],[粉丝团 Lv16]
2026-05-16 14:10:11,3267352005977800,释怀！,[捂脸][捂脸][捂脸][捂脸],[等级20],
2026-05-16 14:10:12,83191762270312,一早被自己帅醒,不是赤兔都配不上你[捂脸],[等级37],[粉丝团 Lv15]
2026-05-16 14:10:13,116989961990570,喜欢一个人,成都箭王张君雅牛逼666[比心][比心][比心],[等级12],[粉丝团 Lv10]
2026-05-16 14:10:13,13422771482,gdragon,好可爱的小姐姐,[等级10],
2026-05-16 14:10:13,1049365068123705,不要对深爱的人说拜拜,二号，要追随你！,[等级16],[粉丝团 Lv2]
2026-05-16 14:10:13,98061316280,♊凡尘,哈哈哈,[等级32],[粉丝团 Lv10]
2026-05-16 14:10:15,76304306792,🥀ꕥ᭄意难平ꦿᩚ࿐,开麦,[等级24],[粉丝团 Lv10]
2026-05-16 14:10:17,76133959662,@等风起,是真爱啊,[等级14],[粉丝团 Lv8]
2026-05-16 14:10:17,309411621386987,90后公子,送快递📦[捂脸],[等级20],[粉丝团 Lv8]
2026-05-16 14:10:18,69948510253,可乐🥤,[看][看][看],[等级24],[粉丝团 Lv2]
2026-05-16 14:10:19,55159220102,BWRZ（记录美好）,你是没开麦 他肯定都知道[看],[等级36],[粉丝团 Lv16]
2026-05-16 14:10:19,83261023647,小坛老酸肉,不喜欢小的喜欢大的,[等级18],
2026-05-16 14:10:22,57847163748,叙白,给摩托贴一个,[等级25],[粉丝团 Lv11]
2026-05-16 14:10:22,58593174933,烟草味,投喂,[等级15],[粉丝团 Lv4]
2026-05-16 14:10:24,76304306792,🥀ꕥ᭄意难平ꦿᩚ࿐,开麦,[等级24],[粉丝团 Lv10]
2026-05-16 14:10:26,55159220102,BWRZ（记录美好）,但是唯独这把不想学[看],[等级36],[粉丝团 Lv16]
2026-05-16 14:10:29,105463503267,我的名字,他就想把他觉得最好的都给你,[等级16],[粉丝团 Lv10]
2026-05-16 14:10:33,3378144954030583,用户726,越来越高级了[捂脸],[等级7],[粉丝团 Lv6]
2026-05-16 14:10:34,13422771482,gdragon,遇到我的爱播我也这样哈哈哈,[等级10],
2026-05-16 14:10:35,2497699454393470,肉丝,现在感觉游戏好难打呀！打个野厕所里都是人,[等级9],[粉丝团 Lv11]
2026-05-16 14:10:37,80744237861,无妄生欢,爱得太热烈[捂脸],[等级15],[粉丝团 Lv2]
2026-05-16 14:10:37,105463503267,我的名字,把你喂肥,[等级16],[粉丝团 Lv10]
2026-05-16 14:10:41,65282628275,财月,@🦄潇洒的茂茂哥💋 是的哈哈,[等级11],[粉丝团 Lv2]
2026-05-16 14:10:46,794292584977896,ℳℒℴѵℯ·李·ꦿ໊ོ⁵²⁰@,抱一下,[等级2],[粉丝团 Lv5]
2026-05-16 14:10:47,97652295883,时光追逐青春,开麦，我要和你对话,[等级4],
2026-05-16 14:10:52,103981756726,*&黑桃k,要打手势[捂脸],[等级14],[粉丝团 Lv11]
2026-05-16 14:10:54,64279060612,白胖*,这小姐姐人真好 真爱粉,[等级13],
2026-05-16 14:10:55,21643884763804,经典永不过时,老黑开麦我是2号,,
2026-05-16 14:10:55,109571873058,ㅤㅤㅤㅤㅤㅤ,不打地铁吗？,[等级24],
2026-05-16 14:10:56,67284514194,好运,绝对铁粉,[等级22],[粉丝团 Lv11]
2026-05-16 14:10:56,1783835815839257,藰先森,大老黑，用的什么平板,[等级33],
2026-05-16 14:11:03,2471323988671523,萍水相逢,石锤的挂怎么还在开播？,[等级1],
2026-05-16 14:11:04,105463503267,我的名字,我遇到爱播也是，什么都给爱播[黑脸][红脸],[等级16],[粉丝团 Lv10]
2026-05-16 14:11:05,3996063592881981,@@🚬yangꦿ᭄ཽ࿆࿆:,带一下2号吧，他被队友抛弃了,[等级15],[粉丝团 Lv10]
2026-05-16 14:11:05,2575483865934928,.,有一起玩的队友吗？[捂脸],[等级19],[粉丝团 Lv10]
2026-05-16 14:11:09,68422483360,深情不及久伴,@ㅤㅤㅤㅤㅤㅤ 感觉纯经典好看,[等级25],[粉丝团 Lv11]
2026-05-16 14:11:14,8415303961968,垚只诺米欣er💦,有本事打架的时候不开麦[看][看][看][看],[等级2],
2026-05-16 14:11:16,102248961194,思念的痛,带上小姐姐,[等级25],[粉丝团 Lv11]
2026-05-16 14:11:18,2321779027616264,🥀⃟错把᭄敷衍ꦻ当承诺ꦿ,带上他,[等级14],[粉丝团 Lv1]
2026-05-16 14:11:25,61772282639,🦄潇洒的茂茂哥💋,@财月 看你激动的点快了！[捂脸]没跟着举杯[捂脸],[等级32],[粉丝团 Lv11]
2026-05-16 14:11:27,92992288513,昕愿,他要跟你,[等级10],[粉丝团 Lv2]
2026-05-16 14:11:27,84793966478,俊俊✨,你比较有安全感,[等级19],
2026-05-16 14:11:27,7509444781722993723,￴ ￴ㅤㅤㅤㅤㅤ,不是二号刚才开麦声音是男的啊，为啥都说是小姐姐[捂脸],[等级11],
2026-05-16 14:11:29,7621540477086614585,许巍,少女收割雅[捂脸],,
2026-05-16 14:11:31,64353801820,嗯嗯嗯。,[捂脸][捂脸][捂脸]就想搂你腰,[等级43],[粉丝团 Lv16]
2026-05-16 14:11:31,58894324958,我可不是娇滴滴的女王,冰柠薄荷！！茉莉花香！！多肉芒芒，，冰萃咖啡，，冰镇西瓜。。多汁葡萄！！金桔百香果。。,[等级9],
2026-05-16 14:11:32,309411621386987,90后公子,跟定你了[捂脸][捂脸],[等级20],[粉丝团 Lv8]
2026-05-16 14:11:35,484257882206712,欧欧欧包,跟着你她宁愿死,[等级19],[粉丝团 Lv5]
2026-05-16 14:11:37,109168939520,慕玄,厕所里有个人,[等级31],[粉丝团 Lv6]
2026-05-16 14:11:38,4259925351218591,寒江雪,哈哈哈，2号说就想黏着你[呲牙][呲牙][呲牙][呲牙],[等级16],[粉丝团 Lv12]
2026-05-16 14:11:38,62978378029,钟灵毓秀,吃人嘴软[捂脸],[等级21],[粉丝团 Lv11]
2026-05-16 14:11:39,107821510683,虚惊一场,等哈就开麦喊，队友，能救,[等级4],
2026-05-16 14:11:39,63027055055,美女社社长,开麦呀，都听不见小姐姐讲话,[等级2],
2026-05-16 14:11:40,102248961194,思念的痛,估计不是她队友,[等级25],[粉丝团 Lv11]
2026-05-16 14:11:47,105463503267,我的名字,赖上主播[黑脸][红脸],[等级16],[粉丝团 Lv10]
2026-05-16 14:11:47,3908086324009151,伤,开麦,[等级21],[粉丝团 Lv9]
2026-05-16 14:11:52,87061048791,小颜,你架枪让队友去拿,[等级10],[粉丝团 Lv10]
2026-05-16 14:11:56,2129109692727048,8023,你架枪，二号去吃[呲牙],[等级17],[粉丝团 Lv10]
2026-05-16 14:12:06,2274247923467549,知遇👣,@萍水相逢 官方认证的这么的气不气,[等级24],[粉丝团 Lv10]
2026-05-16 14:12:14,84415804474,✨赫赫有名的JC-T,还给放烟,[等级18],[粉丝团 Lv5]
2026-05-16 14:12:25,100358489293,纳木,狗砸他压不住，他要Aug,[等级27],[粉丝团 Lv9]
2026-05-16 14:12:31,69654624609,温棪,你不说话我也不说[捂脸],[等级30],[粉丝团:张君雅 Lv14]
2026-05-16 14:12:33,55159220102,BWRZ（记录美好）,[衰][干饭人],[等级36],[粉丝团 Lv16]
2026-05-16 14:12:34,111007266356,🔱守望w,小姐姐只要有你就够了[捂脸][捂脸][捂脸],[等级29],[粉丝团 Lv15]
2026-05-16 14:12:35,55159220102,BWRZ（记录美好）,[大笑][偷笑],[等级36],[粉丝团 Lv16]
2026-05-16 14:12:35,68422483360,深情不及久伴,@萍水相逢 谁实锤的?报警了吗,[等级25],[粉丝团 Lv11]
2026-05-16 14:12:35,102830709413,白羊座♈️,呵呵🤭,[等级13],
2026-05-16 14:12:35,87061048791,小颜,哈哈哈哈哈,[等级10],[粉丝团 Lv10]
2026-05-16 14:12:36,484257882206712,欧欧欧包,哈哈哈哈,[等级19],[粉丝团 Lv5]
2026-05-16 14:12:36,92461848227,煜,[捂脸][捂脸][捂脸],[等级13],[粉丝团 Lv11]
2026-05-16 14:12:37,3922654838397437,风轻a,二号是妹子吧,[等级19],[粉丝团 Lv13]
2026-05-16 14:12:37,97652295883,时光追逐青春,我不错吧，,[等级4],
2026-05-16 14:12:37,102861379967,伟少,队友粉丝 细节,[等级16],
2026-05-16 14:12:37,1974343055190883,向上,都不用开麦交流的,[等级13],[粉丝团 Lv7]
2026-05-16 14:12:38,93029906597,汤了圓圆,哈哈哈哈哈哈哈哈,[等级40],[粉丝团 Lv10]
2026-05-16 14:12:39,87061048791,小颜,哈哈哈哈,[等级10],[粉丝团 Lv10]
2026-05-16 14:12:39,55773068204,ℋღ᭄ 阖贾🍒᭄順李💞🦋,[捂脸][捂脸],[等级19],[粉丝团 Lv14]
2026-05-16 14:12:40,484257882206712,欧欧欧包,跟定你了,[等级19],[粉丝团 Lv5]
2026-05-16 14:12:40,1257437656002798,某某.,你不是说人家压不住嘛,[等级34],[粉丝团:张君雅 Lv16]
2026-05-16 14:12:41,98127314878,艾瑞巴蒂跟我一起嗨,以生相许[捂脸],[等级25],[粉丝团 Lv11]
2026-05-16 14:12:41,70069234641,咕噜咕噜,哈哈,[等级14],[粉丝团 Lv8]
2026-05-16 14:12:41,4233546532927219,🉑🈶🉑🈚,@纳木 [捂脸],[等级20],[粉丝团 Lv10]
2026-05-16 14:12:41,2111507851127823,天青色等烟雨,妹妹,[等级12],[粉丝团 Lv5]
2026-05-16 14:12:43,3657438303882196,乐小喵,[捂脸],[等级19],[粉丝团 Lv2]
2026-05-16 14:12:43,3722285933933771,群众里面有坏人,[捂脸][捂脸][捂脸],[等级4],[粉丝团 Lv8]
2026-05-16 14:12:43,88745690242,iiii,二号晋级赛希望交给你了,[等级11],
2026-05-16 14:12:44,2497699454393470,肉丝,Aug伤害高，特别好压,[等级9],[粉丝团 Lv11]
2026-05-16 14:12:45,2111507851127823,天青色等烟雨,队友是小妹妹,[等级12],[粉丝团 Lv5]
2026-05-16 14:12:47,102248961194,思念的痛,带上她,[等级25],[粉丝团 Lv11]
2026-05-16 14:12:53,101090120610,小鄭,吃人嘴软,[等级12],
2026-05-16 14:12:53,2111507851127823,天青色等烟雨,Au g腰射集中呀,[等级12],[粉丝团 Lv5]
2026-05-16 14:12:55,3408098413512419,心静自然,他要跟你作个伴[捂脸],[等级30],[粉丝团 Lv11]
2026-05-16 14:12:55,1858616790366187,所爱隔山川,拿人手短，吃人嘴短,[等级29],
2026-05-16 14:12:55,1680483035134528,温暖-,妹妹带一下可以的,[等级24],[粉丝团 Lv13]
2026-05-16 14:12:57,103842619143,开心糖🍬,给队友染个车皮,[等级11],
2026-05-16 14:12:58,68422483360,深情不及久伴,@萍水相逢 实锤的，谁说的，你怎么不报警?,[等级25],[粉丝团 Lv11]
2026-05-16 14:12:58,1968604174630651,好运连连,礼轻情意重,[等级10],[粉丝团 Lv9]
2026-05-16 14:12:59,105463503267,我的名字,带着他，他想跟着你,[等级16],[粉丝团 Lv10]
2026-05-16 14:13:02,55159220102,BWRZ（记录美好）,短了一大截[看],[等级36],[粉丝团 Lv16]
2026-05-16 14:13:02,70815804538,邓哥,开麦,[等级12],[粉丝团 Lv4]
2026-05-16 14:13:02,2575483865934928,🤪🤪🤪🤪🤪🤪🤪🤪🤪🤪,[抠鼻][抠鼻],[等级19],[粉丝团 Lv10]
2026-05-16 14:13:03,102292532517,哥不帅,哈哈哈😁,[等级2],[粉丝团 Lv6]
2026-05-16 14:13:04,2172229561625960,好嗨哟,[捂脸]2子底死跟,[等级25],[粉丝团 Lv13]
2026-05-16 14:13:04,523831373735262,树先生🐒ヽ(爱´∀‘爱)ノ,[捂脸][捂脸][捂脸],[等级23],[粉丝团 Lv12]
2026-05-16 14:13:04,103981756726,*&黑桃k,想说好久了，带了个累赘[捂脸][捂脸][捂脸],[等级14],[粉丝团 Lv11]
2026-05-16 14:13:05,2005142166316856,fgg,逼着你开麦,[等级8],[粉丝团 Lv4]
2026-05-16 14:13:06,101090120610,小鄭,拿人手段[捂脸],[等级12],
2026-05-16 14:13:06,95775796696,嗨、詹先生,认出来了,[等级25],[粉丝团 Lv2]
2026-05-16 14:13:08,628548856449112,抖抖手脚,？？？,[等级2],
2026-05-16 14:13:08,62315763436,听  风,你就带带人家那咋了,[等级25],[粉丝团 Lv2]
2026-05-16 14:13:12,62978378029,钟灵毓秀,看的出来老黑你挺吃这套[捂脸],[等级21],[粉丝团 Lv11]
2026-05-16 14:13:13,1049365068123705,不要对深爱的人说拜拜,这把没人敢来狙了,[等级16],[粉丝团 Lv2]
2026-05-16 14:13:15,2016928388101048,贵在平安,别人喜欢你,[等级16],[粉丝团 Lv6]
2026-05-16 14:13:16,3544473905937592,全有,你手短就手短[捂脸]怪人家[捂脸][捂脸],[等级25],[粉丝团 Lv6]
2026-05-16 14:13:20,1858616790366187,所爱隔山川,带着她替你挡子弹,[等级29],
2026-05-16 14:13:27,7509444781722993723,￴ ￴ㅤㅤㅤㅤㅤ,二号真的是男的都不信吗，一会二号开麦就知道了[捂脸],[等级11],
2026-05-16 14:13:35,93316149550,七七💋,要没了,[等级27],
2026-05-16 14:13:35,309411621386987,90后公子,把快速扩容还给他吧。然后你就走。[捂脸],[等级20],[粉丝团 Lv8]
2026-05-16 14:13:42,55159220102,BWRZ（记录美好）,@*&黑桃k [看]咱别说 如果你变成队友 你能跟得住主播吗[看],[等级36],[粉丝团 Lv16]
2026-05-16 14:13:43,59185405920,一起养条奈吗,不说话酒只能麻烦粉丝各种标记装备,[等级15],[粉丝团 Lv8]
2026-05-16 14:13:51,95125776765,Hao、⁵¹⁰⁷⁴,@萍水相逢 你实锤的挂？你倒是把作品点赞收藏我们看看啊,[等级18],[粉丝团 Lv14]
2026-05-16 14:13:58,417461152521400,小刘 忙,？？,[等级24],
2026-05-16 14:14:03,62978378029,钟灵毓秀,下次匹到老黑先给点甜头[捂脸],[等级21],[粉丝团 Lv11]
2026-05-16 14:14:03,79172972484,退色,还有,[等级10],
2026-05-16 14:14:12,417461152521400,小刘 忙,？？,[等级24],
2026-05-16 14:14:13,484257882206712,欧欧欧包,6666,[等级19],[粉丝团 Lv5]
2026-05-16 14:14:13,3996063592881981,@@🚬yangꦿ᭄ཽ࿆࿆:,2号又被队友抛弃了,[等级15],[粉丝团 Lv10]
2026-05-16 14:14:14,442460709587987,初霁,开了,[等级10],[粉丝团 Lv1]
2026-05-16 14:14:16,93487656531,旧人不覆,老板糊涂,[等级7],
2026-05-16 14:14:18,96322911796,Miraitowa,好强,[等级30],
2026-05-16 14:14:18,1560954851308167,壹壹呀一一🍒,牛逼,[等级7],[粉丝团 Lv10]
2026-05-16 14:14:19,2475702575179399,这个我是真的喜欢,补偿AUG声音好听,[等级14],
2026-05-16 14:14:19,442460709587987,初霁,开了666,[等级10],[粉丝团 Lv1]
2026-05-16 14:14:24,99961872378,如意hgjgfg,没关,[等级21],
2026-05-16 14:14:24,71865849720,•XH•,牛          逼,[等级8],[粉丝团 Lv2]
2026-05-16 14:14:25,2189876583215576,爱生活爱钓鱼,实力,,
2026-05-16 14:14:30,63269914526,害羞的穿牛仔裤的缓缓,？,[等级1],
2026-05-16 14:14:30,2008152259705040,汉、歼的审判者,@Mr、king [抱抱你][抱抱你][抱抱你],[等级15],[粉丝团 Lv12]
2026-05-16 14:14:31,2537295447863195,你的温柔遇见了我的霸道,还得是张老黑灭队,[等级15],
2026-05-16 14:14:32,103842619143,开心糖🍬,给队友贴个车皮[比心][比心][比心],[等级11],
2026-05-16 14:14:35,55159220102,BWRZ（记录美好）,@旧人不覆 [打脸],[等级36],[粉丝团 Lv16]
2026-05-16 14:14:39,96459899975,0凸凸0,@萍水相逢 不是石锤是实锤，能不能当一个有文化的黑子？[捂脸][捂脸][捂脸],[等级22],[粉丝团 Lv12]
2026-05-16 14:14:40,2274247923467549,知遇👣,@初霁 天天开官方认证的,[等级24],[粉丝团 Lv10]
2026-05-16 14:14:41,99359030448,大鸡腿子……,接妹妹,[等级20],[粉丝团 Lv9]
2026-05-16 14:14:46,99359030448,大鸡腿子……,妹妹没车啊,[等级20],[粉丝团 Lv9]
2026-05-16 14:14:47,4112604411736253,兔粉妆,有点卡卡的,[等级15],[粉丝团 Lv10]
2026-05-16 14:14:55,18012710109662,一   恒,2号被抛弃了[看],[等级24],[粉丝团 Lv6]
2026-05-16 14:15:02,3406701201996791,✨清风,感谢大哥的。。。。我也爱你哟,,
2026-05-16 14:15:03,3355313354312904,天策上将🏹,接2号,[等级46],[粉丝团 Lv10]
2026-05-16 14:15:11,74966812209,南望🍑,其实2号是小哥哥[捂脸],[等级16],
2026-05-16 14:15:14,7509444781722993723,￴ ￴ㅤㅤㅤㅤㅤ,二号是男的真不是妹妹,[等级11],
2026-05-16 14:15:16,3268212862487043,黑粉,嫂子好，我是我哥,[等级34],
2026-05-16 14:16:12,7509444781722993723,￴ ￴ㅤㅤㅤㅤㅤ,二号前面开麦是男的（居然没人听到吗都说是妹妹[捂脸]）,[等级11],
2026-05-16 14:16:18,3544473905937592,全有,对方咋不会掐雷[捂脸][捂脸],[等级25],[粉丝团 Lv6]
2026-05-16 14:16:19,76133959662,@等风起,要是妹妹就老黑这德性早开麦了[捂脸],[等级14],[粉丝团 Lv8]
2026-05-16 14:16:36,3162674487895863,缸子肉,1,[等级31],
2026-05-16 14:16:38,64430820235,好运佳佳,俩妹妹,[等级9],
2026-05-16 14:16:54,2274247923467549,知遇👣,@全有 你会欠骂,[等级24],[粉丝团 Lv10]
2026-05-16 14:17:01,1075773400438494,还会再见吗,好绝望呀，跑出来跟四个人玩腰射,[等级2],[粉丝团 Lv5]
2026-05-16 14:17:07,1911413562412587,桂,幸好队友来救你了,[等级3],
2026-05-16 14:17:13,386620701561527,亿知s半解,开了一枪，若来了一个杀神,[等级10],
2026-05-16 14:17:17,4233546532927219,🉑🈶🉑🈚,带着老二啊,[等级20],[粉丝团 Lv10]
2026-05-16 14:17:19,2129109692727048,8023,我是二号我直接喊老黑,[等级17],[粉丝团 Lv10]
2026-05-16 14:17:24,455612925222553,欧珀,88888,[等级12],
2026-05-16 14:17:36,295111016069997,来呀哈哈,马饿了。可以吃吉利服回血吗,,
2026-05-16 14:17:44,2861347763388535,扶棉,骑马追着车杀,[等级10],[粉丝团 Lv11]
2026-05-16 14:17:46,484257882206712,欧欧欧包,2号上车跟你来了,[等级19],[粉丝团 Lv5]
2026-05-16 14:17:47,55159220102,BWRZ（记录美好）,[大笑][偷笑],[等级36],[粉丝团 Lv16]
2026-05-16 14:17:53,2321779027616264,🥀⃟错把᭄敷衍ꦻ当承诺ꦿ,小姐姐带上啊,[等级14],[粉丝团 Lv1]
2026-05-16 14:17:55,98127314878,艾瑞巴蒂跟我一起嗨,你追他跑他插翅难飞,[等级25],[粉丝团 Lv11]
2026-05-16 14:17:56,1822363298300364,冰糖葫卢先生,人家是越野车,,
2026-05-16 14:17:59,102861379967,伟少,@来呀哈哈 哈哈哈哈哈你的想法值得试试[捂脸][捂脸],[等级16],
2026-05-16 14:17:59,61270934740,新凯合万象零重力热压圆弧机（湖北）,1追4,[等级4],
2026-05-16 14:18:05,3689574830449950,刘三哥,怎么感觉有消音器打得稳些！[赞][666],[等级27],
2026-05-16 14:18:09,61772282639,🦄潇洒的茂茂哥💋,两个妹妹太无助了[捂脸],[等级32],[粉丝团 Lv11]
2026-05-16 14:18:10,3400129183491054,记得开心,@￴ ￴ㅤㅤㅤㅤㅤ 实事求是,[等级8],
2026-05-16 14:18:11,2274247923467549,知遇👣,@🉑🈶🉑🈚 带粉丝容易被打她一个人打好打,[等级24],[粉丝团 Lv10]
2026-05-16 14:18:17,3544473905937592,全有,就刚刚这波，带上宝儿姐 估计就死球了[捂脸]宝儿姐 会直接冲下去的,[等级25],[粉丝团 Lv6]
2026-05-16 14:18:18,200580296878250,ο▬▬▬◙▅▅▆▆▆▆◤千,1追4个人打,[等级7],[粉丝团 Lv10]
2026-05-16 14:18:19,81923643945,知道了,就跑你能拿我咋滴,[等级21],
2026-05-16 14:18:21,55159220102,BWRZ（记录美好）,[懵],[等级36],[粉丝团 Lv16]
2026-05-16 14:18:21,104524060256,精彩,还追？马不用加油吗[捂脸],[等级30],[粉丝团 Lv3]
2026-05-16 14:18:21,61835779108,二毛,[捂脸],[等级32],[粉丝团 Lv15]
2026-05-16 14:18:27,800075209256152,家里600头猪,[捂脸][捂脸][捂脸],,
2026-05-16 14:18:28,68423550125,Love the way you lie,[捂脸][捂脸][捂脸][捂脸],[等级15],[粉丝团 Lv11]
2026-05-16 14:18:33,67862230314,别动,[捂脸],[等级8],[粉丝团 Lv4]
2026-05-16 14:18:38,62978378029,钟灵毓秀,2号又来了,[等级21],[粉丝团 Lv11]
2026-05-16 14:18:38,800075209256152,家里600头猪,[捂脸][捂脸][捂脸],,
2026-05-16 14:18:40,99961872378,如意hgjgfg,追到天涯海角,[等级21],
2026-05-16 14:18:42,108959704499,悦读悦悟,以为人人都跟你一样？,[等级3],
2026-05-16 14:18:44,4310549579694780,@你,哈哈,[等级15],[粉丝团 Lv10]
2026-05-16 14:18:50,103138965795,天赖༒之峰ഒᩚ࿐: 🚬防水,老六,[等级4],
2026-05-16 14:18:53,2274247923467549,知遇👣,@知道了 跑的掉吗老弟,[等级24],[粉丝团 Lv10]
2026-05-16 14:18:53,97600677185,晓乔治ovo,2号喜欢跟着你,[等级38],[粉丝团 Lv13]
2026-05-16 14:18:54,4233546532927219,🉑🈶🉑🈚,老二哪里搞得马[捂脸],[等级20],[粉丝团 Lv10]
2026-05-16 14:18:55,102324402171,✨ོ 顾 名ོ✨,人家上个分容易嘛[捂脸],[等级32],[粉丝团 Lv14]
2026-05-16 14:18:57,98127314878,艾瑞巴蒂跟我一起嗨,追了几条街,[等级25],[粉丝团 Lv11]
2026-05-16 14:19:00,1657712377594284,Ly,最后几天  路过厕所必扔雷,[等级15],
2026-05-16 14:19:00,1644468157809064,谢军,太残忍了[捂脸][捂脸],[等级30],[粉丝团 Lv9]
2026-05-16 14:19:02,97600677185,晓乔治ovo,二号真好咧,[等级38],[粉丝团 Lv13]
2026-05-16 14:19:04,7621540477086614585,许巍,灭绝师太张老黑[捂脸],,
2026-05-16 14:19:06,73851204785,7-,人家苟个分不容易啊[捂脸][捂脸],[等级12],
2026-05-16 14:19:11,71865849720,•XH•,高手都喜欢玩AUG,[等级8],[粉丝团 Lv2]
2026-05-16 14:19:13,111007266356,🔱守望w,有点危险,[等级29],[粉丝团 Lv15]
2026-05-16 14:19:16,1059556013913534,阿贵,豪无人性，追着打[捂脸][捂脸][捂脸][捂脸][捂脸][捂脸][捂脸][捂脸][捂脸],[等级17],[粉丝团 Lv10]
2026-05-16 14:19:19,71091522114,面具,又不封烟。,[等级8],
2026-05-16 14:19:21,93316149550,七七💋,@🉑🈶🉑🈚 游戏只有一匹马？,[等级27],
2026-05-16 14:19:24,67862230314,别动,2号是爱粉,[等级8],[粉丝团 Lv4]
2026-05-16 14:19:29,4112646120147711,雨林寻珍,你这个马停也让他停在草里了，让他吃点草了，把把虐待马,[等级2],
2026-05-16 14:19:32,1896019433626000,🥤可乐,人家都是等你捡了才过来,[等级22],[粉丝团 Lv12]
2026-05-16 14:19:34,3825901139410685,李哥,我只是路过，多看了你一眼，就被你追到天涯海角。,[等级31],[粉丝团 Lv10]
2026-05-16 14:19:43,1644468157809064,谢军,只是路过  追了几条街[捂脸],[等级30],[粉丝团 Lv9]
2026-05-16 14:19:45,68278570215,🌟锦霄🌟,二号去了,[等级19],[粉丝团 Lv14]
2026-05-16 14:19:48,3544473905937592,全有,宝儿姐还知道帮你架枪[捂脸][捂脸],[等级25],[粉丝团 Lv6]
2026-05-16 14:19:55,4233546532927219,🉑🈶🉑🈚,老二有点意思,[等级20],[粉丝团 Lv10]
2026-05-16 14:20:13,2274247923467549,知遇👣,@🉑🈶🉑🈚 发现你是名副其实的黑粉,[等级24],[粉丝团 Lv10]
2026-05-16 14:20:16,68422483360,深情不及久伴,@全有 那是男的，一开始招马的时候开麦了是男的啊,[等级25],[粉丝团 Lv11]
2026-05-16 14:20:25,839672879395031,陆桐桐,老板糊涂啊,[等级20],[粉丝团 Lv1]
2026-05-16 14:20:30,96966276857,🌈帅帅,干嘛不开队友麦？,[等级22],[粉丝团 Lv11]
2026-05-16 14:20:31,97600677185,晓乔治ovo,真爱粉啊这二号[比心],[等级38],[粉丝团 Lv13]
2026-05-16 14:20:31,1987562844985852,红伞伞™,快决赛圈了，可以说话了[捂脸],[等级33],[粉丝团 Lv12]
2026-05-16 14:20:32,98127314878,艾瑞巴蒂跟我一起嗨,老二现在肥的很 狗砸338,[等级25],[粉丝团 Lv11]
2026-05-16 14:20:40,3544473905937592,全有,@深情不及久伴 那好吧[捂脸],[等级25],[粉丝团 Lv6]
2026-05-16 14:20:42,2034575808408028,天 空,@深情不及久伴 主播是男的还是女的？,[等级9],
2026-05-16 14:20:56,105331930370,执着的,5级了,[等级11],[粉丝团 Lv5]
2026-05-16 14:20:56,4233546532927219,🉑🈶🉑🈚,[捂脸][尬笑][捂脸][尬笑],[等级20],[粉丝团 Lv10]
2026-05-16 14:20:56,104691645948,用户258679,女,,
2026-05-16 14:20:58,75489745058,屁股上的酒窝,@🌈帅帅 因为关着，所以不开,[等级12],[粉丝团 Lv1]
2026-05-16 14:21:00,3003475896043515,不想再熬夜啦,@艾瑞巴蒂跟我一起嗨 338小炮[看],[等级18],
2026-05-16 14:21:00,98127314878,艾瑞巴蒂跟我一起嗨,[捂脸][捂脸][捂脸][捂脸],[等级25],[粉丝团 Lv11]
2026-05-16 14:21:02,3722285933933771,群众里面有坏人,[捂脸][捂脸][捂脸],[等级4],[粉丝团 Lv8]
2026-05-16 14:21:04,2129109692727048,8023,[捂脸][捂脸][捂脸],[等级17],[粉丝团 Lv10]
2026-05-16 14:21:04,97600677185,晓乔治ovo,[捂脸][捂脸][捂脸],[等级38],[粉丝团 Lv13]
2026-05-16 14:21:04,93014642999,🌈南山楠,哈哈哈,[等级11],[粉丝团 Lv10]
2026-05-16 14:21:05,1301435658548127,爱生活爱笑爱可乐,哈哈,[等级13],
2026-05-16 14:21:06,1890758845273127,是甜甜吗？,哈哈哈,[等级10],[粉丝团 Lv8]
2026-05-16 14:21:06,7509444781722993723,￴ ￴ㅤㅤㅤㅤㅤ,主播女，二号男,[等级11],
2026-05-16 14:21:07,62827726948,唐伯虎点蚊香🦟,[呲牙][呲牙],[等级8],[粉丝团 Lv7]
2026-05-16 14:21:07,95558583638,爸辣辣能量ᝰ,队友人还挺好,[等级4],
2026-05-16 14:21:07,476528295288860,天道酬勤,什么皮？,[等级3],[粉丝团 Lv3]
2026-05-16 14:21:08,61835779108,二毛,[捂脸][捂脸][捂脸][捂脸],[等级32],[粉丝团 Lv15]
2026-05-16 14:21:08,98061316280,♊凡尘,这设计可以躺着多好，没事躺坑里等缩圈[捂脸][捂脸][捂脸],[等级32],[粉丝团 Lv10]
2026-05-16 14:21:08,93487656531,旧人不覆,哈哈哈哈哈,[等级7],
2026-05-16 14:21:09,66446438256,🐮🐰,哈哈哈，还知道你喜欢哪种,[等级10],[粉丝团 Lv8]
2026-05-16 14:21:10,4503669836332557,栩多渝🌽⚡️🌙,[捂脸],[等级11],[粉丝团 Lv10]
2026-05-16 14:21:11,111641800738,凉笙,老二338+小炮[捂脸][捂脸][捂脸][捂脸][捂脸],[等级28],[粉丝团 Lv11]
2026-05-16 14:21:11,55159220102,BWRZ（记录美好）,笑死[看],[等级36],[粉丝团 Lv16]
2026-05-16 14:21:11,97396347396,男神鲜,知道你喜欢这皮肤,[等级22],[粉丝团 Lv11]
2026-05-16 14:21:13,4233546532927219,🉑🈶🉑🈚,太细了,[等级20],[粉丝团 Lv10]
2026-05-16 14:21:13,97044026375,劲爆蘑菇菇,[捂脸][捂脸][捂脸][捂脸],[等级29],[粉丝团 Lv9]
2026-05-16 14:21:14,3996063592881981,@@🚬yangꦿ᭄ཽ࿆࿆:,[捂脸][捂脸][捂脸][捂脸],[等级15],[粉丝团 Lv10]
2026-05-16 14:21:14,3799519870065677,我发现你在看我的名字,哈哈哈哈哈哈哈哈,[等级6],
2026-05-16 14:21:15,87049558548,圆较瘦,[捂脸][捂脸][捂脸],[等级17],[粉丝团 Lv2]
2026-05-16 14:21:15,97600677185,晓乔治ovo,那是情侣马皮,[等级38],[粉丝团 Lv13]
2026-05-16 14:21:17,55159220102,BWRZ（记录美好）,笑死[看],[等级36],[粉丝团 Lv16]
2026-05-16 14:21:17,2181026330191848,yIng2h0vlI,2号还知道你常用这个皮[看],[等级9],[粉丝团 Lv3]
2026-05-16 14:21:17,78211964297,🌈新手上路🌈,不想要你骂他啊,[等级14],[粉丝团 Lv11]
2026-05-16 14:21:19,2475702575179399,这个我是真的喜欢,还知道你喜欢这个,[等级14],
2026-05-16 14:21:19,417427108929038,麦幽,等人家也不想要车皮啊[捂脸],[等级3],[粉丝团 Lv6]
2026-05-16 14:21:19,7457874793100461080,常开心,都知道你的套路,[等级6],[粉丝团 Lv7]
2026-05-16 14:21:21,1257437656002798,某某.,知道你喜欢这个皮肤,[等级34],[粉丝团:张君雅 Lv16]
2026-05-16 14:21:21,1427643035813181,乌镇小凉亭,帮倒忙,[等级13],[粉丝团 Lv10]
2026-05-16 14:21:21,7465029989924209724,7,知道你喜欢这颜色,[等级9],[粉丝团 Lv5]
2026-05-16 14:21:25,71639921060,睡不醒的靓仔,解锁1080,[等级25],
2026-05-16 14:21:25,1890788935993854,路过点赞,你给人家车贴了膜人家还个礼,[等级15],[粉丝团 Lv12]
2026-05-16 14:21:26,61835779108,二毛,笑死[捂脸],[等级32],[粉丝团 Lv15]
2026-05-16 14:21:29,3963069764481469,小企鹅子,队友还知道你爱用红色马皮,[等级17],[粉丝团 Lv11]
2026-05-16 14:21:29,1838847804575764,老农民A1,你不是不想要，是怕一次十块钱[捂脸][捂脸][捂脸],[等级33],[粉丝团 Lv15]
2026-05-16 14:21:30,94675331861,我叫阿良,礼尚往来[捂脸][捂脸][捂脸][捂脸],[等级25],[粉丝团 Lv11]
2026-05-16 14:21:31,87049558548,圆较瘦,估计是你的粉丝,[等级17],[粉丝团 Lv2]
2026-05-16 14:21:32,7457874793100461080,常开心,只是不说话而已,[等级6],[粉丝团 Lv7]
2026-05-16 14:21:34,96714804652,🌈PB🌈,队友在想，我也必要车皮,[等级16],[粉丝团 Lv10]
2026-05-16 14:21:34,104640667169,Chajiaying,还是你经常贴那个,[等级6],
2026-05-16 14:21:36,2804184964144730,大阴阳师,什么皮？[看][看][看],,
2026-05-16 14:21:45,7579913546873668667,8073好物推荐,666,[等级4],
2026-05-16 14:21:47,102292532517,哥不帅,人家都知道主播喜欢这个马皮,[等级2],[粉丝团 Lv6]
2026-05-16 14:22:02,3722285933933771,群众里面有坏人,[捂脸][捂脸][捂脸][捂脸][捂脸][捂脸],[等级4],[粉丝团 Lv8]
2026-05-16 14:22:04,4233546532927219,🉑🈶🉑🈚,哈哈哈哈[捂脸],[等级20],[粉丝团 Lv10]
2026-05-16 14:22:04,66672197795,過客,[捂脸][捂脸][捂脸],[等级34],[粉丝团 Lv7]
2026-05-16 14:22:05,1822363298300364,冰糖葫卢先生,[捂脸],,
2026-05-16 14:22:06,95088694279,兰诺,呵呵，,[等级21],
2026-05-16 14:22:06,92461848227,煜,[捂脸][捂脸][捂脸][捂脸],[等级13],[粉丝团 Lv11]
2026-05-16 14:22:10,102248961194,思念的痛,哈哈,[等级25],[粉丝团 Lv11]
2026-05-16 14:22:10,108825768878,南山居士,不要管队友,[等级1],
2026-05-16 14:22:13,3003485424977763,师姐,老二跟我打的时候全程话唠[捂脸][捂脸][捂脸],[等级27],[粉丝团 Lv1]
2026-05-16 14:22:13,3722285933933771,群众里面有坏人,[捂脸][捂脸][捂脸][捂脸],[等级4],[粉丝团 Lv8]
2026-05-16 14:22:13,56248970343,ʚ财多多ɞ₂₀₂₆,哈哈哈什么虎狼之词,[等级13],
2026-05-16 14:22:14,108300370023,✨幸运拉满⭐,4号开的麦，2号一直没开，还是妹子,[等级22],[粉丝团 Lv13]
2026-05-16 14:22:15,98127314878,艾瑞巴蒂跟我一起嗨,[捂脸][捂脸][捂脸][捂脸],[等级25],[粉丝团 Lv11]
2026-05-16 14:22:16,82197905185,㭍ㄦメ,哈哈哈,[等级25],[粉丝团 Lv11]
2026-05-16 14:22:16,4292959568671891,爱吃香菜,哈哈哈哈哈哈哈,[等级25],
2026-05-16 14:22:19,71865849720,•XH•,二号跑了？,[等级8],[粉丝团 Lv2]
2026-05-16 14:22:19,95088694279,兰诺,好搞笑,[等级21],
2026-05-16 14:22:20,70187414449,呼噜大王🐯,笑死了,[等级15],[粉丝团 Lv5]
2026-05-16 14:22:23,92461848227,煜,哈哈哈哈哈哈哈哈,[等级13],[粉丝团 Lv11]
2026-05-16 14:22:25,56248970343,ʚ财多多ɞ₂₀₂₆,哈哈哈哈,[等级13],
2026-05-16 14:22:26,87049558548,圆较瘦,设个洞,[等级17],[粉丝团 Lv2]
2026-05-16 14:22:27,101393000279,兰肃,[笑哭][笑哭][笑哭],[等级25],[粉丝团 Lv13]
2026-05-16 14:22:27,63817207460,加减法,说洞的肯定是南方人,[等级14],
2026-05-16 14:22:29,3934474162155827,释怀了嘛,来个喜欢玩游戏的，我冲你玩，当大哥,,
2026-05-16 14:22:33,3934474162155827,释怀了嘛,来个喜欢玩游戏的，我冲你玩，当大哥。,,
2026-05-16 14:22:35,98127314878,艾瑞巴蒂跟我一起嗨,脸上色个洞[捂脸],[等级25],[粉丝团 Lv11]
2026-05-16 14:22:35,3934474162155827,释怀了嘛,来个喜欢玩游戏的，我冲你玩，当大哥,,
2026-05-16 14:22:37,4233546532927219,🉑🈶🉑🈚,老二架枪呢,[等级20],[粉丝团 Lv10]
2026-05-16 14:22:37,1631276520974334,杨云波,[呲牙],[等级8],
2026-05-16 14:22:37,22212740075,十五,老鼠吗，还来洞,[等级14],[粉丝团 Lv11]
2026-05-16 14:22:37,95115965858,Y☜☜P,这咋被炮到的[捂脸],[等级25],
2026-05-16 14:22:38,7509444781722993723,￴ ￴ㅤㅤㅤㅤㅤ,二号开局开麦了,[等级11],
2026-05-16 14:22:39,3934474162155827,释怀了嘛,来个喜欢玩游戏的，我冲你玩，当大哥。,,
2026-05-16 14:22:39,1845423225446986,小仔爷,请给我头上开个洞,[等级13],[粉丝团 Lv5]
2026-05-16 14:22:41,1224221897803177,笑看人生,888,[等级1],
2026-05-16 14:22:41,110277570700,moment—FF,这都能活下来[捂脸],[等级10],[粉丝团 Lv10]
2026-05-16 14:22:43,309411621386987,90后公子,保姆[捂脸][捂脸],[等级20],[粉丝团 Lv8]
2026-05-16 14:22:44,3934474162155827,释怀了嘛,来个喜欢玩游戏的，我冲你玩，当大哥,,
2026-05-16 14:22:46,3934474162155827,释怀了嘛,来个喜欢玩游戏的，我冲你玩，当大哥。,,
2026-05-16 14:22:47,14598543622,幸好,射洞,[等级6],[粉丝团 Lv9]
2026-05-16 14:22:49,3934474162155827,释怀了嘛,来个喜欢玩游戏的，我冲你玩，当大哥,,
2026-05-16 14:22:51,101393000279,兰肃,北方人说坑，南方人说洞,[等级25],[粉丝团 Lv13]
2026-05-16 14:22:51,3934474162155827,释怀了嘛,来个喜欢玩游戏的，我冲你玩，当大哥。,,
2026-05-16 14:22:52,2575483865934928,幽灵,[抠鼻],[等级19],[粉丝团 Lv10]
2026-05-16 14:22:53,103790275797,浙里伴,洞，坑，还是缝[捂脸],[等级8],[粉丝团 Lv9]
2026-05-16 14:22:56,3934474162155827,释怀了嘛,来个喜欢玩游戏的，我冲你玩，当大哥,,
2026-05-16 14:22:58,7509444781722993723,￴ ￴ㅤㅤㅤㅤㅤ,二号真是男的，男玩女号,[等级11],
2026-05-16 14:23:01,3934474162155827,释怀了嘛,来个喜欢玩游戏的，我冲你玩，当大哥。,,
2026-05-16 14:23:03,55159220102,BWRZ（记录美好）,[衰][干饭人],[等级36],[粉丝团 Lv16]
2026-05-16 14:23:04,3934474162155827,释怀了嘛,来个喜欢玩游戏的，我冲你玩，当大哥,,
2026-05-16 14:23:04,74966812209,南望🍑,二号妹妹你说话呀[呲牙],[等级16],
2026-05-16 14:23:07,3934474162155827,释怀了嘛,来个喜欢玩游戏的，我冲你玩，当大哥。,,
2026-05-16 14:23:12,103492965326,如意.,。,[等级2],
2026-05-16 14:23:13,2005142166316856,fgg,终于忍不住了,[等级8],[粉丝团 Lv4]
2026-05-16 14:23:14,3934474162155827,释怀了嘛,来个喜欢玩游戏的，我冲你玩，当大哥,,
2026-05-16 14:23:15,68422483360,深情不及久伴,@释怀了嘛 不要刷屏,[等级25],[粉丝团 Lv11]
2026-05-16 14:23:31,710724864472762,木空,怎么和队友说话了[捂脸],[等级16],[粉丝团 Lv13]
2026-05-16 14:23:38,104610445807,不可理喻！！,铁蛋怎么没播了,[等级18],[粉丝团 Lv8]
2026-05-16 14:23:39,108300370023,✨幸运拉满⭐,2号是男的，我吃  老黑,[等级22],[粉丝团 Lv13]
2026-05-16 14:23:40,3491639626052461,王鑫,老黑，带幼儿园啊,[等级6],
2026-05-16 14:23:54,1822363298300364,冰糖葫卢先生,四号,,
2026-05-16 14:24:04,3722285933933771,群众里面有坏人,[捂脸][捂脸],[等级4],[粉丝团 Lv8]
2026-05-16 14:24:04,74966812209,南望🍑,@✨幸运拉满⭐ 我朋友[捂脸]就是男的,[等级16],
2026-05-16 14:24:04,4233546532927219,🉑🈶🉑🈚,哈哈哈哈,[等级20],[粉丝团 Lv10]
2026-05-16 14:24:08,82200572907,🎃Damn,找不着路了[捂脸],[等级30],[粉丝团 Lv9]
2026-05-16 14:24:10,7509444781722993723,￴ ￴ㅤㅤㅤㅤㅤ,不信看回放呗，二号开局说话包是男的,[等级11],
2026-05-16 14:24:11,3722285933933771,群众里面有坏人,不敢跟你了,[等级4],[粉丝团 Lv8]
2026-05-16 14:24:13,2761577295780076,许星纯不纯,哈哈哈,[等级12],
2026-05-16 14:24:15,2129109692727048,8023,[666][666],[等级17],[粉丝团 Lv10]
2026-05-16 14:24:20,3544473905937592,全有,二号不听指挥，追加差评[捂脸],[等级25],[粉丝团 Lv6]
2026-05-16 14:24:21,71865849720,•XH•,有实力[赞],[等级8],[粉丝团 Lv2]
2026-05-16 14:24:21,92461848227,煜,牛牛牛,[等级13],[粉丝团 Lv11]
2026-05-16 14:24:22,96963291568,a..。。,这队友太呆了艾玛,[等级16],[粉丝团 Lv9]
2026-05-16 14:24:25,484257882206712,欧欧欧包,2号急得团团转,[等级19],[粉丝团 Lv5]
2026-05-16 14:24:26,61748084992,川沙贝贝贝贝贝贝,牛！,[等级19],[粉丝团 Lv10]
2026-05-16 14:24:28,3680809831900556,先上DJ,退烧片[呲牙],[等级17],
2026-05-16 14:24:28,1455350881721268,弋🍓🍓,2号蒙圈了[捂脸][捂脸][捂脸][捂脸],[等级13],[粉丝团 Lv12]
2026-05-16 14:24:32,68689644015,无边界.🎀,一直都是四号说话呀,[等级14],[粉丝团 Lv10]
2026-05-16 14:24:34,107662442756,老曾⁶¹⁷,别压力队友,[等级19],[粉丝团 Lv11]
2026-05-16 14:24:39,62978378029,钟灵毓秀,2号自己有马,[等级21],[粉丝团 Lv11]
2026-05-16 14:24:39,75489745058,屁股上的酒窝,@全有 不是不听，是跟不上思路,[等级12],[粉丝团 Lv1]
2026-05-16 14:24:41,1981770657709155,Lone.,没有你这个家都得散[捂脸],[等级30],[粉丝团 Lv11]
2026-05-16 14:24:42,3254171587069726,等晴天,二号是想骑自己的马,[等级8],
2026-05-16 14:24:43,100629594897,释@然,让二号嘎了吧,[等级26],
2026-05-16 14:24:43,103981756726,*&黑桃k,二号打架不敢跟你[捂脸],[等级14],[粉丝团 Lv11]
2026-05-16 14:24:44,7509444781722993723,￴ ￴ㅤㅤㅤㅤㅤ,二号开局说了一句,[等级11],
2026-05-16 14:24:45,110012786240,小猫饼,哪压力了,[等级22],[粉丝团 Lv12]
2026-05-16 14:24:49,98127314878,艾瑞巴蒂跟我一起嗨,不用喊 你一出发他们就跟来了[呲牙],[等级25],[粉丝团 Lv11]
2026-05-16 14:24:50,77196430300,菟子,2号在找他自己的马,[等级20],[粉丝团 Lv12]
2026-05-16 14:24:52,2475702575179399,这个我是真的喜欢,二号是想找自己马跟的，不知道老黑说上她的马,[等级14],
2026-05-16 14:24:54,778078041670900,打螺丝,切蓝光怎么画质还这么差,[等级7],
2026-05-16 14:24:59,140363052876195,呱呱🐸,给老黑忙坏了[捂脸][捂脸][捂脸],[等级36],
2026-05-16 14:25:08,1877571817704455,旺旺大笋包,过年了🧨,[等级19],
2026-05-16 14:25:08,2274247923467549,知遇👣,@打螺丝 换手机,[等级24],[粉丝团 Lv10]
2026-05-16 14:25:11,7590588732115010597,花龙159 7093 6730,拉完了,,
2026-05-16 14:25:14,7590588732115010597,花龙159 7093 6730,拉完了,,
2026-05-16 14:25:22,95550121892,Loser,这女人开挂着了，透视,[等级12],
2026-05-16 14:25:22,104178234949,以快乐为主,白马王子殿下,[等级1],
2026-05-16 14:25:26,2623880804961359,￴ ￴ ￴ ￴ ￴ ￴快乐买断,@打螺丝 手机不行或者就是你用平板看的,[等级5],[粉丝团 Lv1]
2026-05-16 14:25:29,3510073256847724,阿豪不豪,大家快加团和送灯牌，冲粉丝团团任务,[等级20],[粉丝团 Lv8]
2026-05-16 14:25:30,81923643945,知道了,好的打屁股,[等级21],
2026-05-16 14:25:38,100629594897,释@然,嘎了嘎了,[等级26],
2026-05-16 14:25:39,93029906597,汤了圓圆,忙死了哈哈哈哈哈,[等级40],[粉丝团 Lv10]
2026-05-16 14:25:44,2475702575179399,这个我是真的喜欢,完了二号,[等级14],
2026-05-16 14:25:45,778078041670900,打螺丝,我平板呀,[等级7],
2026-05-16 14:25:45,3680809831900556,先上DJ,2号[呲牙],[等级17],
2026-05-16 14:25:45,1257437656002798,某某.,二号没了,[等级34],[粉丝团:张君雅 Lv16]
2026-05-16 14:25:47,2129109692727048,8023,[捂脸][捂脸][捂脸],[等级17],[粉丝团 Lv10]
2026-05-16 14:25:49,110012786240,小猫饼,哈哈哈哈哈忙死了,[等级22],[粉丝团 Lv12]
2026-05-16 14:25:49,2774804294543891,@榴芒,哈哈哈哈,[等级27],
2026-05-16 14:25:49,97600677185,晓乔治ovo,二号宝儿[捂脸],[等级38],[粉丝团 Lv13]
2026-05-16 14:25:52,484257882206712,欧欧欧包,可怜的2号，牺牲了,[等级19],[粉丝团 Lv5]
2026-05-16 14:25:52,3544473905937592,全有,老二死的惨啊[捂脸][捂脸],[等级25],[粉丝团 Lv6]
2026-05-16 14:25:53,53456687388,陕西安杰儿,[666][666][666][666][666],[等级10],[粉丝团 Lv2]
2026-05-16 14:25:54,31226528019117,婺罅,2号忙死了,[等级24],[粉丝团 Lv10]
2026-05-16 14:25:56,1049365068123705,不要对深爱的人说拜拜,二号嘎了，可惜了,[等级16],[粉丝团 Lv2]
2026-05-16 14:25:57,110277570700,moment—FF,二号,[等级10],[粉丝团 Lv10]
2026-05-16 14:26:03,110277570700,moment—FF,可算死了,[等级10],[粉丝团 Lv10]
2026-05-16 14:26:04,97600677185,晓乔治ovo,哇哇，二号,[等级38],[粉丝团 Lv13]
2026-05-16 14:26:06,4410855829013591,@用户174523698741263,2号惜败,[等级12],
2026-05-16 14:26:07,2274247923467549,知遇👣,@Loser 怎么了不可以啊不服气啊举报啊,[等级24],[粉丝团 Lv10]
2026-05-16 14:26:08,1037557646502936,今天只做一件事,队友忙着舔包,[等级1],
2026-05-16 14:26:12,4233546532927219,🉑🈶🉑🈚,老二怎么没了,[等级20],[粉丝团 Lv10]
2026-05-16 14:26:12,2623880804961359,￴ ￴ ￴ ￴ ￴ ￴快乐买断,@打螺丝 平板就是这样画质有点模糊,[等级5],[粉丝团 Lv1]
2026-05-16 14:26:12,73574748656,橘子寶,队友说人呢  看不到  我舔包呢,[等级33],[粉丝团:张君雅 Lv15]
2026-05-16 14:26:13,99722140122,乐优,四号带妹的,[等级5],[粉丝团 Lv2]
2026-05-16 14:26:17,3664006664951543,小泪,带不动，根本带不动啊,[等级32],[粉丝团 Lv2]
2026-05-16 14:26:22,55159220102,BWRZ（记录美好）,漂亮,[等级36],[粉丝团 Lv16]
2026-05-16 14:26:26,60274263768,只柠萌,厉害,[等级7],[粉丝团 Lv9]
2026-05-16 14:26:27,59021407727,Y...C,1号和4号一直在舔包的路上,[等级13],[粉丝团 Lv8]
2026-05-16 14:26:37,2111507851127823,天青色等烟雨,宝儿，姐没了,[等级12],[粉丝团 Lv5]
2026-05-16 14:26:41,778078041670900,打螺丝,为什么别的主播挺清晰的,[等级7],
2026-05-16 14:26:43,191791620436266,捡到一分钱,2号没了,[等级11],[粉丝团 Lv10]
2026-05-16 14:26:51,484257882206712,欧欧欧包,2号英勇就义，我们会记得你的,[等级19],[粉丝团 Lv5]
2026-05-16 14:26:55,7509444781722993723,￴ ￴ㅤㅤㅤㅤㅤ,一号女，二号包是男的，不信看回放开局在哪个城二号开麦了,[等级11],
2026-05-16 14:26:55,104178234949,以快乐为主,还可以弄个炕，发展这么快了,[等级1],
2026-05-16 14:26:59,1455350881721268,弋🍓🍓,队友人都到脸上了还在舔包[捂脸][捂脸][捂脸][捂脸][捂脸][捂脸],[等级13],[粉丝团 Lv12]
2026-05-16 14:26:59,4499643040531264,yiqi7,箭没多少,[等级12],[粉丝团 Lv11]
2026-05-16 14:27:00,2274247923467549,知遇👣,@打螺丝 为什么我们清晰只是个人问题,[等级24],[粉丝团 Lv10]
2026-05-16 14:27:00,1896019433626000,🥤可乐,差个ADS,[等级22],[粉丝团 Lv12]
2026-05-16 14:27:00,88757268529,张小狮,2号刚刚不听话,[等级11],[粉丝团 Lv11]
2026-05-16 14:27:01,101197082557,意。,多拿点箭啊,[等级7],
2026-05-16 14:27:01,2111507851127823,天青色等烟雨,宝儿，姐去享福了,[等级12],[粉丝团 Lv5]
2026-05-16 14:27:02,111053756890,Smile丶红颜,我去，他这是六倍镜吗？扫射一点不晃。,[等级5],
2026-05-16 14:27:02,1910269685538060,明天有雨,打架少一人，舔包多张嘴,,
2026-05-16 14:27:03,100056462711,是玲玲吖丶ᥫᩣ,弓箭还要补一点,[等级29],[粉丝团 Lv8]
2026-05-16 14:27:04,1172550470866364,井上月,拿箭啊2,[等级23],[粉丝团 Lv7]
2026-05-16 14:27:06,3680809831900556,先上DJ,跟郡雅打游戏不能只知其一要知其二三四五六～[呲牙],[等级17],
2026-05-16 14:27:19,71865849720,•XH•,为啥都是进圈前跳一下进圈[看],[等级8],[粉丝团 Lv2]
2026-05-16 14:27:19,2005142166316856,fgg,矿山战役2号不幸死亡,[等级8],[粉丝团 Lv4]
2026-05-16 14:27:20,1657712377594284,Ly,队友忙着找货拉拉拉盒子,[等级15],
2026-05-16 14:27:23,1172550470866364,井上月,箭不多拿点,[等级23],[粉丝团 Lv7]
2026-05-16 14:27:28,108127082766,J  、,我就是2号,[等级11],
2026-05-16 14:27:40,4195350818330920,清衣,主播爆炸弓打得真好,[等级29],
2026-05-16 14:27:49,74966812209,南望🍑,@J  、 你冒充[捂脸],[等级16],
2026-05-16 14:27:55,96261969310,酒醉人不归,这感觉回来了,[等级15],[粉丝团 Lv10]
2026-05-16 14:27:58,62978378029,钟灵毓秀,卡了吗,[等级21],[粉丝团 Lv11]
2026-05-16 14:28:00,455642185216483,大树听风,队友的马的皮肤很好看啊,[等级16],[粉丝团 Lv3]
2026-05-16 14:28:02,7409694092488164412,一生一世亿双人,苗人凤,[等级33],[粉丝团 Lv9]
2026-05-16 14:28:05,74785611530,心心慈,弓牙,[等级28],
2026-05-16 14:28:09,73569757746,小丑鱼,有桂啊[捂脸],[等级9],[粉丝团 Lv9]
2026-05-16 14:28:20,4112604411736253,兔粉妆,鸡了,[等级15],[粉丝团 Lv10]
2026-05-16 14:28:22,92992288513,昕愿,二号咋没了,[等级10],[粉丝团 Lv2]
2026-05-16 14:28:23,2933107075852472,孤☜,我是二号，我退了来直播间看了,[等级28],[粉丝团 Lv8]
2026-05-16 14:28:23,2475702575179399,这个我是真的喜欢,一号这个血极限,[等级14],
2026-05-16 14:28:24,59143343966,认真,还是需要猫局的配合,[等级34],[粉丝团 Lv6]
2026-05-16 14:28:26,110277570700,moment—FF,二号不是真爱吧，怎么退了[捂脸],[等级10],[粉丝团 Lv10]
2026-05-16 14:28:28,1556525685934064,wang.,[捂脸][捂脸][捂脸],[等级7],
2026-05-16 14:28:34,1626875586159368,老韦,二号看来是认出来了，但是不是铁粉,[等级13],[粉丝团 Lv13]
2026-05-16 14:28:36,101344557556,向 阳,[捂脸][捂脸][捂脸],[等级26],[粉丝团 Lv12]
2026-05-16 14:28:36,7409694092488164412,一生一世亿双人,就我 刚才那一梭子 枪口都指向天上了,[等级33],[粉丝团 Lv9]
2026-05-16 14:28:45,59143343966,认真,猫局的配合，君雅立马无敌,[等级34],[粉丝团 Lv6]
2026-05-16 14:28:48,75652282317,m,@•XH• 跳一下可以看周围有没有老六,[等级7],[粉丝团 Lv10]
2026-05-16 14:28:50,2933107075852472,孤☜,@moment—FF 我来直播间看了,[等级28],[粉丝团 Lv8]
2026-05-16 14:28:51,3544473905937592,全有,人家拉复合弓，你开不了镜的[捂脸][捂脸],[等级25],[粉丝团 Lv6]
2026-05-16 14:29:01,1657712377594284,Ly,队友够到极致,[等级15],
2026-05-16 14:29:06,2578803419787395,牧云,88888,[等级6],
2026-05-16 14:29:11,110277570700,moment—FF,你是个抠脚大汉嘛,[等级10],[粉丝团 Lv10]
2026-05-16 14:29:13,91776987650,抱紧琴琴.,这小圈还有这么多人,[等级11],[粉丝团 Lv9]
2026-05-16 14:29:23,97044026375,劲爆蘑菇菇,复合弓太猛了😂,[等级29],[粉丝团 Lv9]
2026-05-16 14:29:23,78780549307,偌靉(安全员)99,手机没下载这游戏，这么些年都电脑上玩,[等级23],[粉丝团 Lv11]
2026-05-16 14:29:35,108127082766,J  、,这把好难[捂脸],[等级11],
2026-05-16 14:29:35,1049365068123705,不要对深爱的人说拜拜,药不够用啊,[等级16],[粉丝团 Lv2]
2026-05-16 14:29:36,2400965055756909,纵我不住,这队友一点用没有啊,[等级5],
2026-05-16 14:29:38,2774804294543891,@榴芒,哈哈哈哈,[等级27],
2026-05-16 14:29:42,99722140122,乐优,这队友也就这样了,[等级5],[粉丝团 Lv2]
2026-05-16 14:29:44,2330588968395416,贝塔β,动啊动啊,[等级25],[粉丝团 Lv14]
2026-05-16 14:29:51,69681840475,✨THY🔥,[捂脸][捂脸],[等级23],[粉丝团 Lv12]
2026-05-16 14:29:52,1822363298300364,冰糖葫卢先生,[捂脸],,
2026-05-16 14:29:55,1657712377594284,Ly,燃尽了,[等级15],
2026-05-16 14:29:55,2129109692727048,8023,[666][666][666][666],[等级17],[粉丝团 Lv10]
2026-05-16 14:29:56,1556525685934064,wang.,[捂脸][捂脸][捂脸][捂脸][捂脸][捂脸],[等级7],
2026-05-16 14:29:56,66442150500,北一铣床（三哥）,你这啥操作[捂脸][捂脸],[等级23],[粉丝团 Lv7]
2026-05-16 14:29:56,98095182081,手握风云★,666,[等级20],[粉丝团 Lv2]
2026-05-16 14:29:58,4508316446,大闸蟹（黎明中的花朵）,差一点点………,[等级40],[粉丝团:张君雅 Lv16]
2026-05-16 14:29:58,4233546532927219,🉑🈶🉑🈚,这都补了[捂脸],[等级20],[粉丝团 Lv10]
2026-05-16 14:29:59,140363052876195,呱呱🐸,这队友啥也不是[捂脸][捂脸][捂脸],[等级36],
2026-05-16 14:30:00,1825624754237672,初七,人机对友,[等级13],[粉丝团 Lv6]
2026-05-16 14:30:00,3650804966499693,白开水,太菜了队友,,
2026-05-16 14:30:01,2274247923467549,知遇👣,@偌靉(安全员)99 手机下了你都看不见人的,[等级24],[粉丝团 Lv10]
2026-05-16 14:30:01,1288263266220376,￴ ￴ ￴ ￴ ￴ ￴ ￴ ￴,ads拉回家去放,[等级18],
2026-05-16 14:30:02,99241561425,✨七里香,你在干嘛？？,[等级12],[粉丝团 Lv10]
2026-05-16 14:30:02,100016449632,404NotFound,带不动哈哈哈,[等级24],
2026-05-16 14:30:02,3384928576,゜本尊不在线,队友不给力,[等级9],
2026-05-16 14:30:02,4112604411736253,兔粉妆,这队友也是神人,[等级15],[粉丝团 Lv10]
2026-05-16 14:30:02,93113842956,遇见房缘,还是自己走吧,[等级8],[粉丝团 Lv8]
2026-05-16 14:30:03,73569757746,小丑鱼,雅子，说话,[等级9],[粉丝团 Lv9]
2026-05-16 14:30:04,103981756726,*&黑桃k,你噶了，肯定没了,[等级14],[粉丝团 Lv11]
2026-05-16 14:30:04,61835779108,二毛,[捂脸],[等级32],[粉丝团 Lv15]
2026-05-16 14:30:05,88757268529,张小狮,先自救就好了,[等级11],[粉丝团 Lv11]
2026-05-16 14:30:06,1822363298300364,冰糖葫卢先生,凉凉,,
2026-05-16 14:30:06,92760526755,້ ✿ 陈心•如意 ࿐,14号太呆,[等级11],[粉丝团 Lv8]
2026-05-16 14:30:07,65934328725,🏀、,太搓了,[等级12],[粉丝团 Lv6]
2026-05-16 14:30:07,67972772738,link,水逆,[等级40],[粉丝团 Lv8]
2026-05-16 14:30:07,3438889881054317,八の名字,队友太菜了,[等级5],[粉丝团 Lv5]
2026-05-16 14:30:08,55159220102,BWRZ（记录美好）,[衰][干饭人],[等级36],[粉丝团 Lv16]
2026-05-16 14:30:09,62790639783,开心的丑八怪,兵败如山倒,[等级7],
2026-05-16 14:30:09,2727235521087341,黑咖啡有点浓,Ace很强的,,
2026-05-16 14:30:09,3725607455961192,big高手,人机吧这队友,[等级2],[粉丝团 Lv1]
2026-05-16 14:30:09,3544473905937592,全有,哈哈哈[捂脸][捂脸],[等级25],[粉丝团 Lv6]
2026-05-16 14:30:11,1367445777424910,Eucalyptus 🐸,[捂脸][呲牙][捂脸][呲牙][捂脸][呲牙],[等级24],[粉丝团 Lv14]
2026-05-16 14:30:11,2475702575179399,这个我是真的喜欢,还有一队满编,[等级14],
2026-05-16 14:30:11,95337180761,Sir。,队友太菜了,[等级22],
2026-05-16 14:30:12,111156712881,日行一善积大德🙏日行两善积大大德,[泪奔][黑脸],[等级18],[粉丝团 Lv10]
2026-05-16 14:30:13,2456740738897724,❤️💛💚💙💜,莽,,
2026-05-16 14:30:13,1556525685934064,wang.,这游戏难打的很一到决赛圈[捂脸][捂脸][捂脸],[等级7],
2026-05-16 14:30:13,3140628495207183,🎫 🎖️ 🏅闹闹哥哥,有身法,[等级21],
2026-05-16 14:30:15,97600677185,晓乔治ovo,[捂脸][捂脸][捂脸],[等级38],[粉丝团 Lv13]
2026-05-16 14:30:15,3680809831900556,先上DJ,的话[呲牙],[等级17],
2026-05-16 14:30:15,181833868000572,用户2747615757327,好看,,
2026-05-16 14:30:15,105237449265,滁州杜先生,你的队友太菜了根本带不动,[等级34],
2026-05-16 14:30:17,2661268843147476,大白菜,黑子说话,[等级37],[粉丝团 Lv2]
2026-05-16 14:30:17,82197905185,㭍ㄦメ,[捂脸],[等级25],[粉丝团 Lv11]
2026-05-16 14:30:17,67284514194,好运,队友指望不上,[等级22],[粉丝团 Lv11]
2026-05-16 14:30:17,140363052876195,呱呱🐸,这队友真是人机[捂脸][捂脸],[等级36],
2026-05-16 14:30:17,2129109692727048,8023,[鼓掌][鼓掌][鼓掌][鼓掌][鼓掌],[等级17],[粉丝团 Lv10]
2026-05-16 14:30:17,4233546532927219,🉑🈶🉑🈚,可惜,[等级20],[粉丝团 Lv10]
2026-05-16 14:30:18,104730763610,也曾有梦。,星辰姐姐,[等级16],[粉丝团 Lv6]
2026-05-16 14:30:20,1455350881721268,弋🍓🍓,[捂脸][捂脸][捂脸][捂脸][捂脸]带不动  心有余而力不足[看][看][看],[等级13],[粉丝团 Lv12]
2026-05-16 14:30:21,3852312079508893,奋～斗～的～小～蝌～蚪,队友太菜了,[等级6],
2026-05-16 14:30:21,102868157861,西贝巴巴,老铁,[等级7],
2026-05-16 14:30:21,102334226470,始兴野狼户外（刘帮主）,爆炸弓呀,[等级13],[粉丝团 Lv8]
2026-05-16 14:30:21,734079781189527,西瓜霜_韩片    　　　　　　༽,什么队友啊,[等级22],
2026-05-16 14:30:22,3544473905937592,全有,全趴地，看你怎么办[捂脸][捂脸],[等级25],[粉丝团 Lv6]
2026-05-16 14:30:26,2400965055756909,纵我不住,人机都比队友好,[等级5],
2026-05-16 14:30:27,99318966461,威哥,那来得及放防雷,[等级24],
2026-05-16 14:30:27,16734600891,梅菜扣肉不要菜,扔个火啥都解决了,[等级21],
2026-05-16 14:30:27,2475702575179399,这个我是真的喜欢,铁蛋来了,[等级14],
2026-05-16 14:30:27,1829206389950766,伱我皆牛马,还加3分可以了,[等级25],[粉丝团 Lv2]
2026-05-16 14:30:29,3162674487895863,缸子肉,arx好用,[等级31],[粉丝团 Lv1]
2026-05-16 14:30:29,7612951911537198138,一条锦鲤游啊游～,还是局哥手枪强,[等级6],[粉丝团 Lv2]
2026-05-16 14:30:30,1313284358672692,广联达建模（王）,[泪奔][黑脸],[等级16],[粉丝团 Lv7]
2026-05-16 14:30:31,99722140122,乐优,别架枪先自救好了,[等级5],[粉丝团 Lv2]
2026-05-16 14:30:31,2456740738897724,❤️💛💚💙💜,封烟进攻,,
2026-05-16 14:30:31,3438889881054317,八の名字,队友加起来倒了七八次了,[等级5],[粉丝团 Lv5]
2026-05-16 14:30:31,69721054674,常风2021,拉个队友,[等级11],
2026-05-16 14:30:31,2129109692727048,8023,可能也站不住,[等级17],[粉丝团 Lv10]
2026-05-16 14:30:31,102334226470,始兴野狼户外（刘帮主）,爆炸弓轰,[等级13],[粉丝团 Lv8]
2026-05-16 14:30:32,62571776000,Cherish,一个人17头,[等级13],[粉丝团 Lv2]
2026-05-16 14:30:32,3725607455961192,big高手,这队友好像刚下载游戏一样,[等级2],[粉丝团 Lv1]
2026-05-16 14:30:34,64124242405,Dreamer,先自救啊,,
2026-05-16 14:30:34,116989961990570,喜欢一个人,铁蛋来了,[等级12],[粉丝团 Lv10]
2026-05-16 14:30:35,62571776000,Cherish,666,[等级13],[粉丝团 Lv2]
2026-05-16 14:30:35,3689574830449950,刘三哥,[玫瑰][爱心][比心][赞][666][微笑][666][666][666],[等级27],
2026-05-16 14:30:35,107982899348,An Seven,铁蛋来了,[等级35],[粉丝团 Lv12]
2026-05-16 14:30:36,1172550470866364,井上月,怎么跑出去扔ads,[等级23],[粉丝团 Lv7]
2026-05-16 14:30:36,4138190682982019,Mr曹 ⃕࿄༉゛,这没队友你怎么打嘛？ 还是要队友的，这是个团队游戏,,
2026-05-16 14:30:37,3245360942419415,就让我停在安静的角落,跌牛来了,[等级4],
2026-05-16 14:30:37,4047774608275011,娜,@张小狮 没机会，外面有其他人打,[等级10],[粉丝团 Lv2]
2026-05-16 14:30:38,97652805920,恩哥,玛卡巴卡,[等级21],[粉丝团 Lv7]
2026-05-16 14:30:38,4310549579694780,@你,先自救啊,[等级15],[粉丝团 Lv10]
2026-05-16 14:30:40,100282396070,Monkey,玛卡巴卡,[等级32],[粉丝团 Lv14]
2026-05-16 14:30:40,191791620436266,捡到一分钱,蛋来了[捂脸],[等级11],[粉丝团 Lv10]
2026-05-16 14:30:40,85420740251,小静,尽力了,[等级19],[粉丝团 Lv10]
2026-05-16 14:30:41,16734600891,梅菜扣肉不要菜,放防雷耽误事可,[等级21],
2026-05-16 14:30:42,68689644015,无边界.🎀,评论区全是压力队友的,[等级14],[粉丝团 Lv10]
2026-05-16 14:30:42,57480735790,张同学丶,为什么出去放ADS仍个火卡走位就好了,[等级14],
2026-05-16 14:30:43,94430474077,秘制脱脂猪头肉,能自救不是,[等级10],
2026-05-16 14:30:43,98754558776,曾曾s,玛卡巴卡来了,[等级11],[粉丝团 Lv10]
2026-05-16 14:30:44,3140628495207183,🎫 🎖️ 🏅闹闹哥哥,黑子说话。哈哈,[等级21],
2026-05-16 14:30:44,107662442756,老曾⁶¹⁷,打手枪还得是局哥[捂脸],[等级19],[粉丝团 Lv11]
2026-05-16 14:30:44,4112604411736253,兔粉妆,没事蛋蛋来了,[等级15],[粉丝团 Lv10]
2026-05-16 14:30:44,96143139754,信念,玛卡玛卡呢,[等级5],
2026-05-16 14:30:46,104284064269,月下独酌,玛卡巴卡,[等级18],[粉丝团 Lv11]
2026-05-16 14:30:46,1505664376519131,你多久没来高湖了,新区刚开、来个玩游戏的、我冲你玩l,,
2026-05-16 14:30:46,99842740281,🚬ᐝ᭄逆天⿻改命🍻࿐,你的手枪掏慢啦[呲牙],[等级10],
2026-05-16 14:30:46,96220936370,唐,没队友,[等级12],[粉丝团 Lv6]
2026-05-16 14:30:46,116989961990570,喜欢一个人,铁蛋来了,[等级12],[粉丝团 Lv10]
2026-05-16 14:30:46,50917918059,🇨🇳一张張༊🌻,第一时间自救就好了,[等级14],[粉丝团 Lv10]
2026-05-16 14:30:47,1505664376519131,你多久没来高湖了,新区刚开、来个玩游戏的、我冲你玩ll,,
2026-05-16 14:30:47,455613941550944,大怪兽,刚才为什么拉出去放ads？,,
2026-05-16 14:30:48,4160151240835676,Jerry_BC,手枪还是局哥打的好,[等级7],
2026-05-16 14:30:48,109168939520,慕玄,平房翻出来的，,[等级31],[粉丝团 Lv7]
2026-05-16 14:30:49,96171901138,风（锋）华正茂,手枪还得是啊猫,[等级16],
2026-05-16 14:30:49,62467530775,平安.😼,手枪跟猫局差点意思,[等级23],[粉丝团 Lv8]
2026-05-16 14:30:49,1505664376519131,你多久没来高湖了,新区刚开、来个玩游戏的、我冲你玩lll[鼓掌],,
2026-05-16 14:30:49,97044026375,劲爆蘑菇菇,队友真是不听指挥啊,[等级29],[粉丝团 Lv9]
2026-05-16 14:30:50,4085403689157548,奔赴美加墨等你加冕Ronald,蛋蛋来了,[等级17],[粉丝团 Lv11]
2026-05-16 14:30:50,102830709413,白羊座♈️,不听话队友，如果他们先上可能结局又不一样,[等级13],
2026-05-16 14:30:51,94778101101,🌈哈基米胖嘟嘟,玛卡巴卡穿新装了[666][666][666][666][666],[等级22],
2026-05-16 14:30:51,2475702575179399,这个我是真的喜欢,玛卡巴卡,[等级14],
2026-05-16 14:30:51,3729957861197940,重生之我在茶小仙摇奶茶,爷们要战斗,[等级6],
2026-05-16 14:30:52,64124242405,Dreamer,没自救吗,,
2026-05-16 14:30:53,1900427196767240,元霸,不补人自救还有机会[捂脸],[等级14],[粉丝团 Lv7]
2026-05-16 14:30:54,99722140122,乐优,让队友先打，先自救好了,[等级5],[粉丝团 Lv2]
2026-05-16 14:30:54,102154123118,明里有你❤️,队友是谁啊,[等级7],
2026-05-16 14:30:55,4156614068673598,嘴硬,你咋不开透,[等级22],[粉丝团 Lv1]
2026-05-16 14:30:55,2529343295198756,🫶渡己🫶,躲树后面不跑出去就好了,[等级28],[粉丝团 Lv1]
2026-05-16 14:30:55,64891362014,灵子,有铁蛋了,[等级9],[粉丝团 Lv5]
2026-05-16 14:30:56,4233546532927219,🉑🈶🉑🈚,直接自救好了,[等级20],[粉丝团 Lv10]
2026-05-16 14:30:56,102324402171,✨ོ 顾 名ོ✨,敌人预判你的预判，等着你呢[捂脸],[等级32],[粉丝团 Lv14]
2026-05-16 14:30:56,97044026375,劲爆蘑菇菇,队友真是不听指挥,[等级29],[粉丝团 Lv9]
2026-05-16 14:30:56,66000111942,東,玛卡巴卡呢？,[等级6],[粉丝团 Lv2]
2026-05-16 14:30:56,945198046651083,无形,玛卡巴卡[捂脸][捂脸][捂脸],[等级16],[粉丝团 Lv13]
2026-05-16 14:30:58,82197905185,㭍ㄦメ,不放ads可能都死不了,[等级25],[粉丝团 Lv11]
2026-05-16 14:30:59,2172229561625960,好嗨哟,手枪当没尿局打的好了[捂脸][捂脸][捂脸][捂脸],[等级25],[粉丝团 Lv13]
2026-05-16 14:30:59,2456740738897724,❤️💛💚💙💜,放防雷没必要，不如攻击,,
2026-05-16 14:31:00,4259925351218591,寒江雪,是不是忘记叫  玛卡巴卡 了,[等级16],[粉丝团 Lv12]
2026-05-16 14:31:00,3148611881534173,▞▙▛▖▜▗▙▛,双蛋组合,[等级15],[粉丝团 Lv3]
2026-05-16 14:31:01,3544473905937592,全有,带铁蛋吧,[等级25],[粉丝团 Lv6]
2026-05-16 14:31:02,69721054674,常风2021,要团队,[等级11],
2026-05-16 14:31:03,58593174933,烟草味,拉铁蛋来了准备下班了甩人的节奏[捂脸][捂脸],[等级15],[粉丝团 Lv4]
2026-05-16 14:31:05,83024458084,善保,我话说，我要是死在这我就死在这了。,[等级32],[粉丝团 Lv2]
2026-05-16 14:31:07,1657712377594284,Ly,ADS坑了你,[等级15],
2026-05-16 14:31:07,2735208913699470,懒得起名,封了大烟再上，可以有机会,[等级22],[粉丝团 Lv2]
2026-05-16 14:31:07,83024458084,善保,我话说，我要是死在这我就死在这了。,[等级32],[粉丝团 Lv2]
2026-05-16 14:31:08,7459959585686701118,陈跃,他没有受伤，难打死,[等级2],
2026-05-16 14:31:09,2862770259759879,彡里淸風彡里路，歩歩淸風歩歩伱。,玛卡巴卡又来了,[等级13],[粉丝团 Lv12]
2026-05-16 14:31:09,116989961990570,喜欢一个人,玛卡巴卡来了,[等级12],[粉丝团 Lv10]
2026-05-16 14:31:09,64891362014,灵子,铁蛋来了,[等级9],[粉丝团 Lv5]
2026-05-16 14:31:10,1301435658548127,爱生活爱笑爱可乐,我也去玩[捂脸],[等级13],
2026-05-16 14:31:10,309411621386987,90后公子,鸡蛋[捂脸],[等级20],[粉丝团 Lv8]
2026-05-16 14:31:11,83024458084,善保,我话说，我要是死在这我就死在这了。,[等级32],[粉丝团 Lv2]
2026-05-16 14:31:15,1829206389950766,伱我皆牛马,拉铁蛋,[等级25],[粉丝团 Lv2]
2026-05-16 14:31:16,83024458084,善保,我话说，我要是死在这我就死在这了。,[等级32],[粉丝团 Lv2]
2026-05-16 14:31:16,4259925351218591,寒江雪,玛卡巴卡,[等级16],[粉丝团 Lv12]
2026-05-16 14:31:17,1505664376519131,你多久没来高湖了,新区刚开、来个玩游戏的、我冲你玩l,,
2026-05-16 14:31:17,3544473905937592,全有,铁蛋，护你周全 帮你挡子弹,[等级25],[粉丝团 Lv6]
2026-05-16 14:31:19,1505664376519131,你多久没来高湖了,新区刚开、来个玩游戏的、我冲你玩ll,,
2026-05-16 14:31:21,3680809831900556,先上DJ,亮又尽力了[呲牙],[等级17],
2026-05-16 14:31:21,874847890575219,陈晓北,队友反应没有那么快,[等级3],[粉丝团 Lv3]
2026-05-16 14:31:21,1505664376519131,你多久没来高湖了,新区刚开、来个玩游戏的、我冲你玩lll,,
2026-05-16 14:31:21,1505664376519131,你多久没来高湖了,新区刚开、来个玩游戏的、我冲你玩llll,,
2026-05-16 14:31:23,96712045544,AA照夜白,蛋蛋[捂脸],[等级21],[粉丝团 Lv14]
2026-05-16 14:31:23,94693708297,✨久ۣۖ伴ۣۖ✨,都在平房里 让你爆炸弓炸出来了,[等级21],[粉丝团 Lv5]
2026-05-16 14:31:23,7571745879104406565,𝑨꯭𝑰꯭𝒐꯭𝒏꯭𝒆꯭。,没放那首歌（爷们要战斗）[流泪],[等级2],
2026-05-16 14:31:23,3996063592881981,@@🚬yangꦿ᭄ཽ࿆࿆:,如果队友是战神就好了,[等级15],[粉丝团 Lv10]
2026-05-16 14:31:24,920705462445875,刘有才,会不会被窥屏了？,,
2026-05-16 14:31:24,1147514172218188,微 🌈 微,这都下午了,[等级17],[粉丝团 Lv10]
2026-05-16 14:31:25,4233546532927219,🉑🈶🉑🈚,[捂脸][尬笑],[等级20],[粉丝团 Lv10]
2026-05-16 14:31:25,4259925351218591,寒江雪,啊  来了[捂脸][捂脸][捂脸][捂脸],[等级16],[粉丝团 Lv12]
2026-05-16 14:31:26,76133959662,@等风起,2号不死还能打,[等级14],[粉丝团 Lv8]
2026-05-16 14:31:30,74801492566,青禾影像-摄影师邵坤,铁蛋来了应该好一些,[等级12],[粉丝团 Lv2]
2026-05-16 14:31:30,2317422041512103,猛将兄,钢蛋还是铁蛋，,[等级25],[粉丝团 Lv12]
2026-05-16 14:31:31,102380940885,乱了浮生,铁蛋来了？,[等级26],[粉丝团 Lv11]
2026-05-16 14:31:31,3083502656686798,沐浴阳光🇨🇳,先自救队友应该海能抗会😏,[等级8],
2026-05-16 14:31:32,3689574830449950,刘三哥,主判失误！[捂脸][微笑][捂脸][微笑][玫瑰][爱心][比心][赞][666][666][666],[等级27],
2026-05-16 14:31:32,1484795842921546,野原新之助～,中午好,,
2026-05-16 14:31:32,94430474077,秘制脱脂猪头肉,为啥不自救,[等级10],
2026-05-16 14:31:33,3771738245053625,会游泳的鱼👻,来了一个炮灰[捂脸],,
2026-05-16 14:31:33,3537571553215177,█星🔥🇨🇳,下午了还中午[抠鼻][抠鼻][抠鼻],[等级4],[粉丝团 Lv6]
2026-05-16 14:31:33,84793966478,俊俊✨,不放防雷必到，，倒了必被补的,[等级19],
2026-05-16 14:31:33,1313284358672692,广联达建模（王）,[奸笑][泪奔],[等级16],[粉丝团 Lv7]
2026-05-16 14:31:34,2129109692727048,8023,哟呵，蛋上班了,[等级17],[粉丝团 Lv10]
2026-05-16 14:31:37,96455235651,陈林枫,你应该自救的，,[等级5],
2026-05-16 14:31:37,83024458084,善保,我话说，我要是死在这我就死在这了。,[等级32],[粉丝团 Lv2]
2026-05-16 14:31:39,64891362014,灵子,上把钥匙有铁蛋就妥了,[等级9],[粉丝团 Lv5]
2026-05-16 14:31:41,110287839933,张三每,队友不行，没跟紧,[等级11],[粉丝团 Lv8]
2026-05-16 14:31:41,22212740075,十五,没吃鸡，中午那里好,[等级14],[粉丝团 Lv11]
2026-05-16 14:31:42,1987562844985852,红伞伞™,中午吃到鸡没有？？？,[等级33],[粉丝团 Lv12]
2026-05-16 14:31:42,3962260748249928,正玺影视,懂点礼貌，徒弟问候都不回应[捂脸],[等级22],[粉丝团 Lv10]
2026-05-16 14:31:45,87510432996,大海,没猫局的君雅不完美[捂脸],[等级12],[粉丝团 Lv2]
2026-05-16 14:31:45,1113180618894655,北极之星,"先干掉,再放 ads",[等级24],[粉丝团 Lv4]
2026-05-16 14:31:50,3745395227774212,馬小帅,打水枪还得看局哥,[等级21],[粉丝团 Lv10]
2026-05-16 14:31:50,97044026375,劲爆蘑菇菇,小手枪还得看局哥[看],[等级29],[粉丝团 Lv9]
2026-05-16 14:31:52,84793966478,俊俊✨,而且AUG没子弹了,[等级19],
2026-05-16 14:32:01,66446438256,🐮🐰,好久不见铁蛋,[等级10],[粉丝团 Lv8]
2026-05-16 14:32:03,920705462445875,刘有才,爷们要战斗[捂脸],,
2026-05-16 14:32:04,84793966478,俊俊✨,秒不了两个懂？,[等级19],
2026-05-16 14:32:07,3825901139410685,李哥,玛卡巴卡来了,[等级31],[粉丝团 Lv10]
2026-05-16 14:32:07,3140628495207183,🎫 🎖️ 🏅闹闹哥哥,没猫局的君雅打不过[捂脸],[等级21],
2026-05-16 14:32:09,66202681069,DuDuDu,[666][666][666]尽力了,[等级20],[粉丝团 Lv11]
2026-05-16 14:32:10,2410566453040446,朋友的酒,说白了白给了[捂脸],[等级3],[粉丝团 Lv7]
2026-05-16 14:32:12,3408098413512419,心静自然,学无止境[捂脸],[等级30],[粉丝团 Lv11]
2026-05-16 14:32:14,102380940885,乱了浮生,菊哥手枪都能一挑四[捂脸],[等级26],[粉丝团 Lv11]
2026-05-16 14:32:15,561182614253578,潦草的大叔,又准备给爱蛋甩人了,[等级10],
2026-05-16 14:32:15,21050242488,森,得放歌  爷们要战斗,[等级18],[粉丝团 Lv4]
2026-05-16 14:32:16,31226528019117,婺罅,玛卡巴卡来了,[等级24],[粉丝团 Lv10]
2026-05-16 14:32:17,67284514194,好运,蛋蛋不会又要来观战了吧[捂脸],[等级22],[粉丝团 Lv11]
2026-05-16 14:32:18,2623880804961359,￴ ￴ ￴ ￴ ￴ ￴快乐买断,前段时间不是都有几个女队友吗。怎么这两天都是一个人匹配,[等级5],[粉丝团 Lv1]
2026-05-16 14:32:19,2784433643196638,虐心情话,小手枪准心怎么设置啊老黑,[等级1],
2026-05-16 14:32:23,99620999817,看那片海³√,猫局，专业打手枪,[等级17],[粉丝团 Lv9]
2026-05-16 14:32:27,102248961194,思念的痛,1号是铁蛋,[等级25],[粉丝团 Lv11]
2026-05-16 14:32:28,2016928388101048,贵在平安,让你徒弟把你逐出师门[泪奔][泪奔][泪奔],[等级16],[粉丝团 Lv6]
2026-05-16 14:32:29,97043771254,༒࿈༙྇龑༒࿈༒,蛋姐来了[呲牙],[等级13],
2026-05-16 14:32:29,920705462445875,刘有才,猫局不在没人扶了,,
2026-05-16 14:32:36,95811293515,农二大爷,局哥，专业打手枪三十年,[等级11],[粉丝团 Lv9]
2026-05-16 14:32:44,2823978339808232,用户6484245052162,张老黑,,
2026-05-16 14:32:44,94724997262,乄老男孩丶,[发呆]女孩子玩什么手🔫,[等级22],[粉丝团 Lv11]
2026-05-16 14:32:54,68838917898,前程似锦👌,现在好多主播都打纯经典模式了,[等级6],
2026-05-16 14:32:54,439428277876471,小坚坚,猫局听话,[等级19],
2026-05-16 14:32:56,1560949578808408,潮流购精选,66666,[等级11],
2026-05-16 14:33:04,2831963117862039,悲伤的火鸡面,?,[等级13],[粉丝团 Lv10]
2026-05-16 14:33:04,62163069622,鱼宝在编绳📿,[比心]每人戳几下屏幕给君雅点赞点到50万吧[比心][比心][比心][比心][比心][比心],[等级20],[粉丝团 Lv13]
2026-05-16 14:33:04,60696366025,♥,[发呆][发呆],[等级28],[粉丝团 Lv9]
2026-05-16 14:33:06,63750443554,康康康,刚好520,[等级3],
2026-05-16 14:33:10,88745690242,iiii,这合理吗,[等级11],
2026-05-16 14:33:10,4218147940337566,生命因你而火热,跟猫局比打手枪有点大意了[捂脸][捂脸][捂脸],[等级18],[粉丝团 Lv9]
2026-05-16 14:33:11,1900427196767240,元霸,人机不是独狼,[等级14],[粉丝团 Lv7]
2026-05-16 14:33:14,920705462445875,刘有才,这波666,,
2026-05-16 14:33:17,1657712377594284,Ly,喜提空中变盒子,[等级15],
2026-05-16 14:33:21,2317422041512103,猛将兄,[捂脸][捂脸][捂脸]这还没落下就没了[捂脸],[等级25],[粉丝团 Lv12]
2026-05-16 14:33:22,102200676908,此刻,这都不能算落地盒哈哈哈[捂脸],[等级19],
2026-05-16 14:33:24,1075773400438494,还会再见吗,你亲手掐灭了对面单四的梦,[等级2],[粉丝团 Lv5]
2026-05-16 14:33:29,465785617920968,贝音遥,我去没落地就嘎了[捂脸],[等级7],[粉丝团 Lv2]
2026-05-16 14:33:29,548004340438996,小笨蛋,@虐心情话 你想怎样设置都没问题[坏笑][呲牙][呲牙][呲牙][抠鼻],,
2026-05-16 14:33:30,4296533096014430,ღ᭄ꦿ꯭梦醒ღ心空꧔ꦿ᭄,人机他喵的在天上飞呀,[等级18],
2026-05-16 14:33:31,82197905185,㭍ㄦメ,包都不要,[等级25],[粉丝团 Lv11]
2026-05-16 14:33:33,99519056697,一二三k,点点赞,[等级7],[粉丝团 Lv8]
2026-05-16 14:33:33,3117857857342636,一搓一蹦跶,这枪还会冒火,[等级33],[粉丝团 Lv4]
2026-05-16 14:33:35,110804669846,℡空白,点赞点赞点赞,[等级15],[粉丝团 Lv10]
2026-05-16 14:33:38,74801492566,青禾影像-摄影师邵坤,搜东西舔包，没人爱老黑快,[等级12],[粉丝团 Lv2]
2026-05-16 14:33:40,3112047843483770,抖音用户467812404678,那个空中成盒的要掉大分了哈哈哈,,
2026-05-16 14:33:48,110277570700,moment—FF,全蛋和铁蛋，双黄蛋组合[捂脸],[等级10],[粉丝团 Lv10]
2026-05-16 14:33:49,1987562844985852,红伞伞™,98K？？,[等级33],[粉丝团 Lv12]
2026-05-16 14:33:50,2400965055756909,纵我不住,回音,[等级5],
2026-05-16 14:33:50,7571745879104406565,𝑨꯭𝑰꯭𝒐꯭𝒏꯭𝒆꯭。,最快落盒成地[流泪],[等级2],
2026-05-16 14:33:54,1903972194453294,小虎@,玉芬你是个狠人啊,[等级8],
2026-05-16 14:34:06,111007266356,🔱守望w,@红伞伞™ [捂脸][捂脸][捂脸],[等级29],[粉丝团 Lv15]
2026-05-16 14:34:13,3729957861197940,重生之我在茶小仙摇奶茶,四倍镜咋这样,[等级6],
2026-05-16 14:34:18,2274247923467549,知遇👣,@正玺影视 怎么没有回应你耳朵没有带,[等级24],[粉丝团 Lv10]
2026-05-16 14:34:38,3104623915185879,爱心永远,牛啊,[等级13],[粉丝团 Lv3]
2026-05-16 14:34:38,99519056697,一二三k,牛逼,[等级7],[粉丝团 Lv8]
2026-05-16 14:34:39,62163069622,鱼宝在编绳📿,[比心]直播快三小时[比心]每人戳几下屏幕给君雅点点赞吧[比心][比心][比心],[等级20],[粉丝团 Lv13]
2026-05-16 14:34:39,4508316446,大闸蟹（黎明中的花朵）,[紫薇别走][绝望的凝视][紫薇别走][绝望的凝视]我丢,[等级40],[粉丝团:张君雅 Lv16]
2026-05-16 14:34:40,470219582866307,忻安,牛逼,[等级17],[粉丝团 Lv15]
2026-05-16 14:34:43,93032203992,秀儿⁵¹⁰⁷⁴,姜子牙牛逼,[等级19],[粉丝团 Lv12]
2026-05-16 14:34:44,1900427196767240,元霸,啊,[等级14],[粉丝团 Lv7]
2026-05-16 14:34:44,57703720805,冰糖雪黎,牛牛牛,[等级17],[粉丝团 Lv9]
2026-05-16 14:34:48,66446438256,🐮🐰,98k这么牛,[等级10],[粉丝团 Lv8]
2026-05-16 14:34:48,4218147940337566,生命因你而火热,🐂🍺,[等级18],[粉丝团 Lv9]
2026-05-16 14:34:49,98991160388,🌟空留回忆,开了,[等级6],
2026-05-16 14:34:49,920705462445875,刘有才,开了吧？,,
2026-05-16 14:34:54,4385425115,軼宸【亮亮】,烧火棍怎么厉害,[等级2],
2026-05-16 14:34:54,4112604411736253,兔粉妆,不愧是98k,[等级15],[粉丝团 Lv10]
2026-05-16 14:34:56,99519056697,一二三k,点点赞,[等级7],[粉丝团 Lv8]
2026-05-16 14:34:59,2317422041512103,猛将兄,这98K听着声音爽爽的,[等级25],[粉丝团 Lv12]
2026-05-16 14:35:02,3380319399706888,喵🐾媚娘,铁蛋来了？,[等级23],[粉丝团 Lv12]
2026-05-16 14:35:10,93032203992,秀儿⁵¹⁰⁷⁴,@喵🐾媚娘 是的,[等级19],[粉丝团 Lv12]
2026-05-16 14:35:16,2823978339808232,用户6484245052162,@喵🐾媚娘 蛋蛋[捂脸],,
2026-05-16 14:35:20,3380319399706888,喵🐾媚娘,@秀儿⁵¹⁰⁷⁴ 听着声音像[捂脸],[等级23],[粉丝团 Lv12]
2026-05-16 14:35:46,93032203992,秀儿⁵¹⁰⁷⁴,@喵🐾媚娘 [捂脸][捂脸][捂脸]老粉一听就知道,[等级19],[粉丝团 Lv12]
2026-05-16 14:35:49,3689574830449950,刘三哥,队友倒了！[捂脸][微笑][捂脸][玫瑰],[等级27],
2026-05-16 14:35:51,548004340438996,小笨蛋,@小虎@ 都该向你看齐[坏笑],,
2026-05-16 14:35:55,3380319399706888,喵🐾媚娘,@秀儿⁵¹⁰⁷⁴ 嗯呢,[等级23],[粉丝团 Lv12]
2026-05-16 14:36:01,62163069622,鱼宝在编绳📿,最后一把啦[比心]直播间的美女帅哥们给君雅点点赞点到50万吧[比心]比心[比心][比心][比心],[等级20],[粉丝团 Lv13]
2026-05-16 14:36:03,92461848227,煜,牛牛牛,[等级13],[粉丝团 Lv11]
2026-05-16 14:36:05,93135944259,🍋初辰,这队友，当面干拉,[等级22],[粉丝团 Lv13]
2026-05-16 14:36:06,3747577269337822,@陈雅欣,牛逼,[等级14],
2026-05-16 14:36:06,11805950518,深情（张君雅助理）,@用户868293956330感谢大哥[比心][比心][比心],[等级39],[粉丝团:张君雅 Lv18]
2026-05-16 14:36:13,4112604411736253,兔粉妆,牛逼,[等级15],[粉丝团 Lv10]
2026-05-16 14:36:15,3380319399706888,喵🐾媚娘,[666][666][666],[等级23],[粉丝团 Lv12]
2026-05-16 14:36:16,4233546532927219,🉑🈶🉑🈚,这是一雷双响吗,[等级20],[粉丝团 Lv10]
2026-05-16 14:36:16,2475702575179399,这个我是真的喜欢,6666666,[等级14],
2026-05-16 14:36:16,2129109692727048,8023,[666][666][666],[等级17],[粉丝团 Lv10]
2026-05-16 14:36:18,87959267391,🌈柒,[鼓掌][鼓掌]牛啊,[等级19],[粉丝团 Lv6]
2026-05-16 14:36:18,57703720805,冰糖雪黎,牛牛牛,[等级17],[粉丝团 Lv9]
2026-05-16 14:36:19,111007266356,🔱守望w,[666][666][666],[等级29],[粉丝团 Lv15]
2026-05-16 14:36:20,2475702575179399,这个我是真的喜欢,牛逼,[等级14],
2026-05-16 14:36:21,96487497499,卷卷~~~,牛批！！！,[等级10],[粉丝团 Lv10]
2026-05-16 14:36:22,1947982223391608,逐光,牛逼,[等级11],[粉丝团 Lv9]
2026-05-16 14:36:23,4508316446,大闸蟹（黎明中的花朵）,[紫薇别走][绝望的凝视][紫薇别走][绝望的凝视]我丢～～,[等级40],[粉丝团:张君雅 Lv16]
2026-05-16 14:36:26,110804669846,℡空白,一人灭队,[等级15],[粉丝团 Lv10]
2026-05-16 14:36:26,96786220022,君不见,五个了[捂脸],[等级16],[粉丝团 Lv8]
2026-05-16 14:36:26,66624217824,᭄自由ঞৣঁ如风᭄🍻,1v4,[等级14],[粉丝团 Lv6]
2026-05-16 14:36:27,99722140122,乐优,带妹的都很勇,[等级5],[粉丝团 Lv2]
2026-05-16 14:36:28,98181665549,刘风,这队友[捂脸],[等级5],[粉丝团 Lv10]
2026-05-16 14:36:28,2475702575179399,这个我是真的喜欢,高架自救,[等级14],
2026-05-16 14:36:28,102830709413,白羊座♈️,h h[捂脸][捂脸]hh,[等级13],
2026-05-16 14:36:30,103581602583,虹月莫,5个自己都杀了[捂脸],[等级7],
2026-05-16 14:36:31,3722285933933771,群众里面有坏人,[666][666],[等级4],[粉丝团 Lv8]
2026-05-16 14:36:32,97004479072,南宁VG,上把吃鸡没？,[等级2],[粉丝团 Lv5]
2026-05-16 14:36:33,4138216943280167,白萌,猫局呢？,[等级19],[粉丝团 Lv1]
2026-05-16 14:36:33,116989961990570,喜欢一个人,成都箭王张君雅牛逼👍👍👍👍👍👍666,[等级12],[粉丝团 Lv10]
2026-05-16 14:36:33,1898211824119120,輪迴,五个人全被老黑杀了,[等级3],[粉丝团 Lv3]
2026-05-16 14:36:36,97044026375,劲爆蘑菇菇,实力🤙,[等级29],[粉丝团 Lv9]
2026-05-16 14:36:37,102469975321,✨名门⭐️,[666][666][666],[等级19],[粉丝团 Lv15]
2026-05-16 14:36:37,2172229561625960,好嗨哟,1V4[捂脸],[等级25],[粉丝团 Lv13]
2026-05-16 14:36:44,66446438256,🐮🐰,自救,[等级10],[粉丝团 Lv8]
2026-05-16 14:36:45,3309997351245848,伍六七🔤,高架自救,[等级1],
2026-05-16 14:36:47,1049365068123705,不要对深爱的人说拜拜,五个头都是你的,[等级16],[粉丝团 Lv2]
2026-05-16 14:36:47,116989961990570,喜欢一个人,成都箭王张君雅牛逼👍👍👍👍👍👍666,[等级12],[粉丝团 Lv10]
2026-05-16 14:36:48,59801614616,郝先生,主播是手机还是平板,[等级5],
2026-05-16 14:36:48,21050242488,森,自救,[等级18],[粉丝团 Lv4]
2026-05-16 14:36:49,104917044747,L♛,为什么叫你老黑,[等级13],
2026-05-16 14:36:49,3309997351245848,伍六七🔤,高架自救,[等级1],
2026-05-16 14:36:50,63019632364,仰望星空,这是人干的事吗[捂脸][捂脸][捂脸][捂脸][捂脸],[等级31],[粉丝团 Lv5]
2026-05-16 14:36:51,2410566453040446,朋友的酒,急救,[等级3],[粉丝团 Lv7]
2026-05-16 14:36:57,107821510683,虚惊一场,高价高架上有自救,[等级4],
2026-05-16 14:36:58,1313284358672692,广联达建模（王）,你救我去舔包[泪奔][黑脸][泪奔][黑脸],[等级16],[粉丝团 Lv7]
2026-05-16 14:36:58,1682672985582808,还能再见吗,战神局现在都这样了嘛？,[等级4],
2026-05-16 14:36:58,2274247923467549,知遇👣,@郝先生 平板,[等级24],[粉丝团 Lv10]
2026-05-16 14:36:59,2129109692727048,8023,不是一般的牛批,[等级17],[粉丝团 Lv10]
2026-05-16 14:36:59,1822363298300364,冰糖葫卢先生,苹果平板,,
2026-05-16 14:37:01,75972540883,毛毛                ╰╮,这不又是人机队友么,[等级23],[粉丝团 Lv10]
2026-05-16 14:37:09,3408098413512419,心静自然,她知道自救,[等级30],[粉丝团 Lv11]
2026-05-16 14:37:10,98181665549,刘风,在人脸上干啦救队友[捂脸],[等级5],[粉丝团 Lv10]
2026-05-16 14:37:13,116989961990570,喜欢一个人,成都箭王张君雅牛逼👍👍👍👍👍👍666,[等级12],[粉丝团 Lv10]
2026-05-16 14:37:20,98878505737,杰.,我又感觉98K又行了,,
2026-05-16 14:37:20,1682672985582808,还能再见吗,感觉战神局变水了呀,[等级4],
2026-05-16 14:37:34,386652325291725,zheng,这淘汰盒子好看,[等级10],
2026-05-16 14:37:35,96786220022,君不见,98牛逼,[等级16],[粉丝团 Lv8]
2026-05-16 14:37:38,465785617920968,贝音遥,老黑一落地就打人[爱心],[等级7],[粉丝团 Lv2]
2026-05-16 14:37:38,86416906718,小Y 1v4,35杀送跑车,[等级38],[粉丝团 Lv8]
2026-05-16 14:37:38,92992288513,昕愿,又没有东西,[等级10],[粉丝团 Lv2]
2026-05-16 14:37:39,3663228569664605,天空无云,@还能再见吗 你可以去试试,[等级15],[粉丝团 Lv11]
2026-05-16 14:37:39,2274247923467549,知遇👣,@还能再见吗 你去打试试,[等级24],[粉丝团 Lv10]
2026-05-16 14:37:42,92992288513,昕愿,[看],[等级10],[粉丝团 Lv2]
2026-05-16 14:37:43,62163069622,鱼宝在编绳📿,[比心]觉得君雅牛逼的给君雅点点赞[比心],[等级20],[粉丝团 Lv13]
2026-05-16 14:37:43,3544473905937592,全有,那么多5.56子弹不标,[等级25],[粉丝团 Lv6]
2026-05-16 14:37:46,7630797104780854309,余好,98jiad,[等级16],
2026-05-16 14:37:47,1822363298300364,冰糖葫卢先生,巅峰赛才牛,,
2026-05-16 14:37:48,2623880804961359,￴ ￴ ￴ ￴ ￴ ￴快乐买断,@还能再见吗 赛季末了,[等级5],[粉丝团 Lv1]
2026-05-16 14:37:50,22212740075,十五,队友以为是皇冠局吗,[等级14],[粉丝团 Lv11]
2026-05-16 14:37:54,76133959662,@等风起,蛋真听话啊,[等级14],[粉丝团 Lv8]
2026-05-16 14:37:54,1900427196767240,元霸,酒吧K,[等级14],[粉丝团 Lv7]
2026-05-16 14:37:57,109571873058,ㅤㅤㅤㅤㅤㅤ,你们6倍，没有后坐力似的！,[等级24],
2026-05-16 14:38:03,3663228569664605,天空无云,@小Y 1v4 你还是留着吧,[等级15],[粉丝团 Lv11]
2026-05-16 14:38:05,3536508991048141,排骨它香啊,队友是谁啊，声音很好听,[等级19],[粉丝团 Lv1]
2026-05-16 14:38:05,75489745058,屁股上的酒窝,铁蛋声音不对,[等级12],[粉丝团 Lv1]
2026-05-16 14:38:06,92298461320,说反话,白天跟晚上是两种强度,[等级10],[粉丝团 Lv10]
2026-05-16 14:38:09,442460709587987,初霁,粉丝,[等级10],[粉丝团 Lv1]
2026-05-16 14:38:14,200580296878250,ο▬▬▬◙▅▅▆▆▆▆◤千,还的你打弓他们打差点意思啊,[等级7],[粉丝团 Lv10]
2026-05-16 14:38:19,1682672985582808,还能再见吗,@知遇👣 我肯定打不过这是感觉变水了,[等级4],
2026-05-16 14:38:20,442460709587987,初霁,那是粉丝吧,[等级10],[粉丝团 Lv1]
2026-05-16 14:38:24,2274247923467549,知遇👣,@小Y 1v4 你自己玩去吧,[等级24],[粉丝团 Lv10]
2026-05-16 14:38:24,1049365068123705,不要对深爱的人说拜拜,拿下淘汰王,[等级16],[粉丝团 Lv2]
2026-05-16 14:38:28,6472167828,顺城,那有那么多的全战神满局，人数都是凑的,[等级22],[粉丝团 Lv15]
2026-05-16 14:38:28,97205879226,婷鴿,你看水是因为主播厉害,[等级19],[粉丝团 Lv8]
2026-05-16 14:38:28,1496870945563132,沐雨橙风,不玩k20吗,[等级11],[粉丝团 Lv10]
2026-05-16 14:38:32,1172550470866364,井上月,人机还会封烟了吗,[等级23],[粉丝团 Lv7]
2026-05-16 14:38:37,1512542077459805,记得晒太阳,这对吗,[等级18],[粉丝团 Lv9]
2026-05-16 14:38:47,111192623383,北挽离歌,这是铁蛋么,[等级28],[粉丝团 Lv12]
2026-05-16 14:38:52,3825901139410685,李哥,人机还会封烟,[等级31],[粉丝团 Lv10]
2026-05-16 14:38:57,116989961990570,喜欢一个人,没爆炸弓,[等级12],[粉丝团 Lv10]
2026-05-16 14:38:59,1451785998042972,2曼,有没有回放捏,[等级2],[粉丝团 Lv2]
2026-05-16 14:39:04,95577185496,凡某某,为什么没有罗盘？,[等级23],
2026-05-16 14:39:05,2274247923467549,知遇👣,@还能再见吗 那是你感觉看主播打轻轻松松自己去打人机都费劲,[等级24],[粉丝团 Lv10]
2026-05-16 14:39:11,108825768878,南山居士,你这徒弟一点没有眼力劲,[等级1],
2026-05-16 14:39:13,2524940450925799,相忘于江湖,让队友交出来,[等级35],[粉丝团 Lv1]
2026-05-16 14:39:15,2317422041512103,猛将兄,张老黑，,[等级25],[粉丝团 Lv12]
2026-05-16 14:39:19,84793966478,俊俊✨,不是有钥匙吗,[等级19],
2026-05-16 14:39:21,3723397241514860,欺侮老头,@婷鴿 是的，你看主播的队友，冲上去就嘎了,,
2026-05-16 14:39:22,98373352228,W！,开密室,[等级41],[粉丝团 Lv12]
2026-05-16 14:39:26,1682672985582808,还能再见吗,@知遇👣 应该吧,[等级4],
2026-05-16 14:39:28,1900427196767240,元霸,现在的人机除了谈恋爱什么都会,[等级14],[粉丝团 Lv7]
2026-05-16 14:39:30,3736596198466794,西临,这个N港这么穷,[等级29],[粉丝团 Lv5]
2026-05-16 14:39:49,116989961990570,喜欢一个人,门打不烂,[等级12],[粉丝团 Lv10]
2026-05-16 14:39:50,84793966478,俊俊✨,？？？？怎么打不死？,[等级19],
2026-05-16 14:39:51,6472167828,顺城,穿模了[捂脸],[等级22],[粉丝团 Lv15]
2026-05-16 14:39:52,2623880804961359,￴ ￴ ￴ ￴ ￴ ￴快乐买断,@知遇👣 前面打的这几个本来就菜啊[捂脸],[等级5],[粉丝团 Lv1]
2026-05-16 14:39:53,69881179764,Y.t,打到铁门了,[等级15],[粉丝团 Lv10]
2026-05-16 14:39:55,2529343295198756,🫶渡己🫶,打不死,[等级28],[粉丝团 Lv1]
2026-05-16 14:39:55,1822363298300364,冰糖葫卢先生,战神局还有人机[捂脸],,
2026-05-16 14:39:59,78317054276,🚶🏻大麟,这人机挺难杀啊,[等级11],
2026-05-16 14:40:00,1049365068123705,不要对深爱的人说拜拜,你打人家枪干嘛？,[等级16],[粉丝团 Lv2]
2026-05-16 14:40:02,77409369739,水润金生,行就所不行就不行，歇一会是什么意思？回家去,[等级11],
2026-05-16 14:40:03,111007266356,🔱守望w,这人机躲门后要偷袭[捂脸][捂脸][捂脸],[等级29],[粉丝团 Lv15]
2026-05-16 14:40:10,83739102984,Sam,[捂脸],[等级34],[粉丝团 Lv10]
2026-05-16 14:40:13,2274247923467549,知遇👣,@￴ ￴ ￴ ￴ ￴ ￴快乐买断 你不菜你去打,[等级24],[粉丝团 Lv10]
2026-05-16 14:40:15,1987562844985852,红伞伞™,今天蛋仔怎么说话软软糯糯的,[等级33],[粉丝团 Lv12]
2026-05-16 14:40:15,2400965055756909,纵我不住,队友最多 王牌 15 星,[等级5],
2026-05-16 14:40:23,82197905185,㭍ㄦメ,密室,[等级25],[粉丝团 Lv11]
2026-05-16 14:40:33,56007669654,🌈ι违心,密室啊,[等级21],
2026-05-16 14:40:34,116989961990570,喜欢一个人,@红伞伞™ 蛋仔感冒了,[等级12],[粉丝团 Lv10]
2026-05-16 14:40:35,67580187885,不爱吃猪肉,t发财了[捂脸][捂脸],[等级24],[粉丝团 Lv11]
2026-05-16 14:40:36,60444392232,NN,不懂事啊,[等级10],
2026-05-16 14:40:37,106171807771,～左～,除了巅峰赛没有人机  其他都有,[等级22],[粉丝团 Lv7]
2026-05-16 14:40:37,62083262908,蟹蟹.,人机那有10个,[等级38],[粉丝团 Lv11]
2026-05-16 14:40:38,60586852944,‘’邱屋男神超哥,堵桥,[等级25],[粉丝团 Lv12]
2026-05-16 14:40:38,108825768878,南山居士,让你队友不要打爆炸弓,[等级1],
2026-05-16 14:40:40,2623880804961359,￴ ￴ ￴ ￴ ￴ ￴快乐买断,@知遇👣 我说的敌人啊[捂脸],[等级5],[粉丝团 Lv1]
2026-05-16 14:40:44,7435895091359646777,一点都不困,爆炸攻不玩了吗,[等级3],
2026-05-16 14:40:49,3650031635938989,晴晴Ace,[大笑][黑脸][大笑][黑脸][大笑][黑脸],[等级23],[粉丝团 Lv11]
2026-05-16 14:40:58,1049365068123705,不要对深爱的人说拜拜,估计打完这把，张老黑又下班了,[等级16],[粉丝团 Lv2]
2026-05-16 14:40:59,99065443665,麒麟财子,怎么不用K20,[等级10],[粉丝团 Lv4]
2026-05-16 14:41:00,99372859314,启  夏,@￴ ￴ ￴ ￴ ￴ ￴快乐买断 没事，不用纠结，终于肯定没有晚上质量[捂脸],[等级25],[粉丝团 Lv15]
2026-05-16 14:41:06,14271251266,和🇨🇳天下,开密室[捂脸][捂脸][捂脸][捂脸][捂脸][捂脸],[等级6],[粉丝团 Lv6]
2026-05-16 14:41:07,2274247923467549,知遇👣,@￴ ￴ ￴ ￴ ￴ ￴快乐买断 知道说的是敌人,[等级24],[粉丝团 Lv10]
2026-05-16 14:41:07,2317422041512103,猛将兄,必须秀一局98k,[等级25],[粉丝团 Lv12]
2026-05-16 14:41:21,1900427196767240,元霸,哪来那么多战神一天到晚在线打游戏，人数不够人机来凑,[等级14],[粉丝团 Lv7]
2026-05-16 14:41:23,99371855517,BCM,倒地手枪没准星怎么调啊 主播,[等级18],
2026-05-16 14:41:25,96712045544,AA照夜白,爆金,[等级21],[粉丝团 Lv14]
2026-05-16 14:41:34,2924328179468797,五分钟的神,svd不要嘛,[等级6],
2026-05-16 14:41:39,2005142166316856,fgg,98k当年也是空投枪,[等级8],[粉丝团 Lv4]
2026-05-16 14:41:44,102518780357,郭郭郭,四排了吗,[等级7],
2026-05-16 14:41:45,69260020651,ZDL,大炮来一个,[等级11],[粉丝团 Lv10]
2026-05-16 14:41:46,4196217367083853,别跟他多话，直接扣,@小Y 1v4 不想送直说[捂脸],[等级7],[粉丝团 Lv3]
2026-05-16 14:41:48,3174996845013359,兜兜里没得糖,@BCM 设置里,[等级18],[粉丝团 Lv8]
2026-05-16 14:42:02,62978378029,钟灵毓秀,@BCM 问百度，问豆包,[等级21],[粉丝团 Lv11]
2026-05-16 14:42:03,2228051123372432,你睿,队友有谁啊,[等级7],[粉丝团 Lv10]
2026-05-16 14:42:05,99371855517,BCM,@兜兜里没得糖 我找了没找到[捂脸],[等级18],
2026-05-16 14:42:08,65934328725,🏀、,98k什么时候是空投枪了？？？？？？,[等级12],[粉丝团 Lv6]
2026-05-16 14:42:13,2317422041512103,猛将兄,队友咋不说话,[等级25],[粉丝团 Lv12]
2026-05-16 14:42:13,7571745879104406565,𝑨꯭𝑰꯭𝒐꯭𝒏꯭𝒆꯭。,主播现在很喜欢穿吉利服呢,[等级2],
2026-05-16 14:42:21,246758888446382,大猪蹄子🐷,@小Y 1v4 送你个嘴巴子,[等级16],
2026-05-16 14:42:28,62182742752,冰山上的狼,哈哈哈哈哈哈哈哈哈,[等级20],
2026-05-16 14:42:33,1682672985582808,还能再见吗,晚上木乃伊都苏醒了,[等级4],
2026-05-16 14:42:56,116989961990570,喜欢一个人,@𝑨꯭𝑰꯭𝒐꯭𝒏꯭𝒆꯭。 单打时候穿,[等级12],[粉丝团 Lv10]
2026-05-16 14:43:10,108825768878,南山居士,没有爆炸弓这把不好打,[等级1],
2026-05-16 14:43:13,3723397241514860,欺侮老头,所以看敌人菜，是你在主播的思路，视角看的，你自己去打，对局分析又不一样，就会难打,,
2026-05-16 14:43:25,3650031635938989,晴晴Ace,[666][666],[等级23],[粉丝团 Lv11]
2026-05-16 14:43:27,3408098413512419,心静自然,[赞][赞][赞][赞],[等级30],[粉丝团 Lv11]
2026-05-16 14:43:36,2317422041512103,猛将兄,消音器丢了[捂脸],[等级25],[粉丝团 Lv12]
2026-05-16 14:43:36,4508316446,大闸蟹（黎明中的花朵）,这老6好枪法啊[紫薇别走][绝望的凝视],[等级40],[粉丝团:张君雅 Lv16]
2026-05-16 14:43:37,690120964189620,逸澄,牛逼,[等级28],[粉丝团 Lv5]
2026-05-16 14:43:38,7633947335924450353,Mvsie,@欺侮老头 有道理,[等级19],
2026-05-16 14:43:47,94442349099,cattooth,估计就蹲你的,[等级25],[粉丝团 Lv11]
2026-05-16 14:43:49,79746523796,ㅤㅤㅤ有钱就有缘↘,[捂脸],[等级40],
2026-05-16 14:43:49,1987562844985852,红伞伞™,我去，这质感,[等级33],[粉丝团 Lv12]
2026-05-16 14:43:51,1907020576071203,书性,开陀螺仪了吗主播,[等级3],
2026-05-16 14:43:57,68616064346,忧郁菠萝.,幸好他们过来了一个 要不然就被堵了,[等级20],[粉丝团 Lv8]
2026-05-16 14:44:01,3494674431760602,跨…越,关注你了外围看不到,[等级7],
2026-05-16 14:44:02,99372859314,启  夏,@书性 没有，以前是,[等级25],[粉丝团 Lv15]
2026-05-16 14:44:04,57729539122,Mos,@🏀、 不是啊,[等级11],[粉丝团 Lv10]
2026-05-16 14:44:10,1257437656002798,某某.,主播六指手搓,[等级34],[粉丝团:张君雅 Lv16]
2026-05-16 14:44:16,1987562844985852,红伞伞™,枪还是老的猛啊[舔屏][舔屏],[等级33],[粉丝团 Lv12]
2026-05-16 14:44:17,2274247923467549,知遇👣,超过20星都不好打能进决赛圈都费劲,[等级24],[粉丝团 Lv10]
2026-05-16 14:44:17,73647036676,捣蛋熊,@书性 没有,[等级20],[粉丝团 Lv12]
2026-05-16 14:44:29,63416229807,风沙迷了眼⁵¹⁰⁷⁴,98卡都拿上了？,[等级21],[粉丝团 Lv15]
2026-05-16 14:44:38,1049365068123705,不要对深爱的人说拜拜,这把不拿爆炸弓了？,[等级16],[粉丝团 Lv2]
2026-05-16 14:44:51,91682738528,DYBB,98 卡这么牛,[等级29],
2026-05-16 14:44:51,1907020576071203,书性,好准  想学,[等级3],
2026-05-16 14:45:05,63416229807,风沙迷了眼⁵¹⁰⁷⁴,太牛了,[等级21],[粉丝团 Lv15]
2026-05-16 14:45:08,75489745058,屁股上的酒窝,@书性 那你想吧,[等级12],[粉丝团 Lv1]
2026-05-16 14:45:11,108825768878,南山居士,没有爆炸弓的劣势,[等级1],
2026-05-16 14:45:39,101506242007,懵🫧,看人真厉害,[等级40],[粉丝团 Lv4]
2026-05-16 14:46:04,2497699454393470,肉丝,回音,[等级9],[粉丝团 Lv11]
2026-05-16 14:46:07,99372859314,启  夏,@懵🫧 他们不经看到人，还要动态视力[捂脸],[等级25],[粉丝团 Lv15]
2026-05-16 14:46:12,106115314016,@じ★ve連連好运,跳水了,[等级19],
2026-05-16 14:46:26,99586592757,叁太子,快来快来四打一,[等级8],
2026-05-16 14:46:47,1829206389950766,伱我皆牛马,队友不说话,[等级25],[粉丝团 Lv2]
2026-05-16 14:46:50,93536983676,空调安装,就这还堵桥，给我趴下[666][666][666],[等级12],[粉丝团 Lv10]
2026-05-16 14:46:53,108035311167,shuai,队友是谁来着,[等级3],
2026-05-16 14:46:55,1313284358672692,广联达建模（王）,不学好[泪奔][黑脸]居然学堵桥[泪奔][黑脸][泪奔][黑脸],[等级16],[粉丝团 Lv7]
2026-05-16 14:46:58,3544473905937592,全有,堵桥未遂，惨死当场[捂脸][捂脸],[等级25],[粉丝团 Lv6]
2026-05-16 14:47:04,64891362014,灵子,有铁蛋好打多了,[等级9],[粉丝团 Lv5]
2026-05-16 14:47:06,597762475559528,吃鸡糕手,钢蛋,[等级18],[粉丝团 Lv5]
2026-05-16 14:47:15,76133959662,@等风起,两个队友不说话啊,[等级14],[粉丝团 Lv8]
2026-05-16 14:47:24,52438467257,天道,一发,[等级46],[粉丝团 Lv6]
2026-05-16 14:47:34,77416951506,ら孤痞,@叁太子 前几天被主播点名怼了，舒服不[看],[等级36],[粉丝团 Lv17]
2026-05-16 14:47:36,93687105296,洛皮皮🐻‍❄️⁰⁵⁰³,点赞👍没点满的宝子❤️‍🔥❤️‍🔥把这个小时的3000👍赞点满🅾️点赞辛苦了❣️❣️❣️,[等级40],[粉丝团:张君雅 Lv17]
2026-05-16 14:47:45,97652295883,时光追逐青春,[捂脸],[等级4],
2026-05-16 14:47:47,116989961990570,喜欢一个人,队友抢箭,[等级12],[粉丝团 Lv10]
2026-05-16 14:47:49,1276987230137771,ber,1号配合这么好啊,,
2026-05-16 14:47:51,2317422041512103,猛将兄,怎么不跟队友说话，,[等级25],[粉丝团 Lv12]
2026-05-16 14:47:51,116989961990570,喜欢一个人,[捂脸][捂脸][捂脸],[等级12],[粉丝团 Lv10]
2026-05-16 14:47:57,1822363298300364,冰糖葫卢先生,么有麦,,
2026-05-16 14:48:03,62953493505,敲可爱的小雨呀,队友是谁,[等级15],[粉丝团 Lv10]
2026-05-16 14:48:03,200580296878250,ο▬▬▬◙▅▅▆▆▆▆◤千,这两个队友要和你贴贴,[等级7],[粉丝团 Lv10]
2026-05-16 14:48:05,1987562844985852,红伞伞™,蛋啊，你可长点心吧，油价这么高，能捡去什么加油站⛽️[尬笑],[等级33],[粉丝团 Lv12]
2026-05-16 14:48:06,61270934740,新凯合万象零重力热压圆弧机（湖北）,[加一],[等级4],
2026-05-16 14:48:06,93135944259,🍋初辰,1号是爱徒铁蛋,[等级22],[粉丝团 Lv13]
2026-05-16 14:48:12,3450712572831575,暮色,你爱我吗[捂脸][捂脸][捂脸],[等级43],
2026-05-16 14:48:13,98979175560,草莓味小可爱,1080,[等级10],
2026-05-16 14:48:13,4112604411736253,兔粉妆,一号是蛋蛋呀,[等级15],[粉丝团 Lv10]
2026-05-16 14:48:16,97652295883,时光追逐青春,点赞,[等级4],
2026-05-16 14:48:17,62953493505,敲可爱的小雨呀,嗷嗷嗷,[等级15],[粉丝团 Lv10]
2026-05-16 14:48:21,107786823938,随心莫强求,御姐在这组队了,[等级5],[粉丝团 Lv8]
2026-05-16 14:48:22,12979518093,浮殇哖華,玛咖巴卡现在打的也还可以了,[等级19],[粉丝团 Lv11]
2026-05-16 14:48:23,98767901467,仅此而已,一号声音我喜欢,[等级6],
2026-05-16 14:48:24,597762475559528,吃鸡糕手,什么铁蛋。这是刚蛋,[等级18],[粉丝团 Lv5]
2026-05-16 14:48:24,111267936686,魂歌,我不爱你[看],,
2026-05-16 14:48:24,86570208996,@迷途小歌,我不爱你了.老黑[捂脸],[等级20],
2026-05-16 14:48:25,100933523670,の嗰壞侽亽,Y蛋🥚,[等级12],[粉丝团 Lv11]
2026-05-16 14:48:30,4310549579694780,@你,一号是我儿媳妇,[等级15],[粉丝团 Lv10]
2026-05-16 14:48:34,93687105296,洛皮皮🐻‍❄️⁰⁵⁰³,点赞👍没点满的宝子❤️‍🔥❤️‍🔥把这个小时的3000👍赞点满🅾️点赞辛苦了❣️❣️❣️,[等级40],[粉丝团:张君雅 Lv17]
2026-05-16 14:48:38,3378144954030583,用户726,@暮色 看看实力[看],[等级7],[粉丝团 Lv6]
2026-05-16 14:48:41,3746734266399104,振刚推拿,不见毛局了,,
2026-05-16 14:48:43,100056462711,是玲玲吖丶ᥫᩣ,要换马了,[等级29],[粉丝团 Lv8]
2026-05-16 14:48:47,254686236782456,🌈幸运小趴菜,强哥😏,[等级16],[粉丝团 Lv11]
2026-05-16 14:48:47,94724997262,乄老男孩丶,[捂脸]刚刚四个人把人家妹妹按在屋里一顿突突,[等级22],[粉丝团 Lv11]
2026-05-16 14:48:58,1900427196767240,元霸,就那几个人堵我这种10队都行，有实力的,[等级14],[粉丝团 Lv7]
2026-05-16 14:49:00,3450712572831575,暮色,悍妇，你爱我不[呲牙][呲牙][呲牙],[等级43],
2026-05-16 14:49:08,100933523670,の嗰壞侽亽,@振刚推拿 猫弟洗脚被抓了,[等级12],[粉丝团 Lv11]
2026-05-16 14:49:23,2739596892059571,卖小男孩的核弹,@暮色 你年龄太大了,[等级6],
2026-05-16 14:49:25,12700069035,旋子,@暮色 爱你,[等级26],[粉丝团 Lv8]
2026-05-16 14:49:41,3557665193860644,梅钞疯 󰠇,玛卡巴卡不是在线吗,[等级20],[粉丝团 Lv12]
2026-05-16 14:49:41,3746734266399104,振刚推拿,洗脚不应该呀,,
2026-05-16 14:49:45,1458423511390539,脸红什么.,@暮色 刷个华子 证明一下,[等级10],[粉丝团 Lv11]
2026-05-16 14:49:46,2623880804961359,￴ ￴ ￴ ￴ ￴ ￴快乐买断,20杀抖音一号,[等级5],[粉丝团 Lv1]
2026-05-16 14:49:48,104488141468,蓝铮铮铮,@暮色 你送她一个我爱你不就知道了，弹幕她又看不到,[等级25],[粉丝团 Lv11]
2026-05-16 14:49:50,1711255742582829,硬度,悍妇爱吃鸡,[等级19],[粉丝团 Lv11]
2026-05-16 14:49:51,51572181520,于公子,[比心],[等级9],[粉丝团 Lv4]
2026-05-16 14:49:52,97727744500,倾城旧梦,老黑不习惯喂马,[等级34],
2026-05-16 14:49:53,3315728247958590,狗吃我再吃,@暮色 刷10个华子再说,[等级22],[粉丝团 Lv10]
2026-05-16 14:49:56,1987562844985852,红伞伞™,@暮色 这儿一万多人，没牌子都不会瞧你一眼,[等级33],[粉丝团 Lv12]
2026-05-16 14:50:03,98841211796,北遇,@暮色 找存在感呀,[等级37],[粉丝团 Lv7]
2026-05-16 14:50:05,3378144954030583,用户726,@暮色 看看实力再谈情说爱,[等级7],[粉丝团 Lv6]
2026-05-16 14:50:05,88066076164,凪卄,@卖小男孩的核弹 30很老嘛？[尬笑],[等级20],[粉丝团 Lv8]
2026-05-16 14:50:07,74796340829,摘 星陈,全蛋带铁蛋[捂脸],[等级26],[粉丝团 Lv3]
2026-05-16 14:50:07,99519056697,一二三k,灯牌都没有,[等级7],[粉丝团 Lv8]
2026-05-16 14:50:13,71126905166,抖音小肋手,@￴ ￴ ￴ ￴ ￴ ￴快乐买断 联系深情,[等级11],[粉丝团 Lv10]
2026-05-16 14:50:14,1437775143899315,王,你快去带带菜园子吧,[等级10],
2026-05-16 14:50:15,3450712572831575,暮色,悍妇都不爱我，哪里有华子[捂脸][捂脸][捂脸],[等级43],
2026-05-16 14:50:20,1049365068123705,不要对深爱的人说拜拜,三号是谁？,[等级16],[粉丝团 Lv2]
2026-05-16 14:50:20,3619209065271464,隐笙,，,[等级5],[粉丝团 Lv1]
2026-05-16 14:50:21,96499564161,孞仰,走，一起打,[等级8],[粉丝团 Lv15]
2026-05-16 14:50:24,2739596892059571,卖小男孩的核弹,@凪卄 你多大了,[等级6],
2026-05-16 14:50:28,1437775143899315,王,都让人打出阴影啦,[等级10],
2026-05-16 14:50:29,72364440158,借来晚风下酒,[看],[等级17],[粉丝团 Lv9]
2026-05-16 14:50:30,53228661990,礼平,2蛋合体了,[等级12],[粉丝团 Lv3]
2026-05-16 14:50:32,73647036676,捣蛋熊,@￴ ￴ ￴ ￴ ￴ ￴快乐买断 早干嘛不说,[等级20],[粉丝团 Lv12]
2026-05-16 14:50:32,102448055222,@昨日_已去@,[捂脸],[等级3],[粉丝团 Lv1]
2026-05-16 14:50:34,3746734266399104,振刚推拿,毛局去哪里了,,
2026-05-16 14:50:38,67969455683,故事,@暮色 送个真的爱你你就知道了,[等级17],[粉丝团 Lv7]
2026-05-16 14:50:39,1458423511390539,脸红什么.,@暮色 你不刷怎么爱你[看],[等级10],[粉丝团 Lv11]
2026-05-16 14:50:40,7630797104780854309,余好,@暮色 你刷，刷了就爱你,[等级16],
2026-05-16 14:50:41,100116269929,刘ಇ᭄先生࿐,[捂脸][捂脸][捂脸],[等级19],[粉丝团 Lv10]
2026-05-16 14:50:42,3544449118126824,爱吃醋的李,我来啦,[等级25],[粉丝团 Lv11]
2026-05-16 14:50:42,1286869076148443,嘻蓝发,今天加班这么久,[等级2],
2026-05-16 14:50:43,88066076164,凪卄,31[捂脸],[等级20],[粉丝团 Lv8]
2026-05-16 14:50:44,1714836544962407,曾令涛,张雅坤,[等级24],[粉丝团 Lv4]
2026-05-16 14:50:45,76133959662,@等风起,@暮色 43的大佬不应该啊[捂脸],[等级14],[粉丝团 Lv8]
2026-05-16 14:50:47,105076731771,钟期,蛋娃子,[等级22],[粉丝团 Lv2]
2026-05-16 14:50:49,1711255742582829,硬度,@暮色 刷了华子直接爱,[等级19],[粉丝团 Lv11]
2026-05-16 14:50:52,93687105296,洛皮皮🐻‍❄️⁰⁵⁰³,点赞👍没点满的宝子❤️‍🔥❤️‍🔥把这个小时的3000👍赞点满🅾️点赞辛苦了❣️❣️❣️,[等级40],[粉丝团:张君雅 Lv17]
2026-05-16 14:50:53,2475702575179399,这个我是真的喜欢,@振刚推拿 猫局晚上九点,[等级14],
2026-05-16 14:50:57,99586592757,叁太子,三公里范围内的雷达竖起来    看人,[等级8],
2026-05-16 14:50:58,103919279066,熙一夜,[捂脸][捂脸][捂脸],[等级14],[粉丝团 Lv13]
2026-05-16 14:50:58,4155809772612440,小雪驹,[捂脸][捂脸],[等级3],
2026-05-16 14:51:01,58522020937,王大林,大哥看看实力[捂脸][捂脸],,
2026-05-16 14:51:01,61072672391,LLLch,[捂脸][捂脸][捂脸],[等级19],[粉丝团 Lv11]
2026-05-16 14:51:02,1049365068123705,不要对深爱的人说拜拜,张老黑，我也爱你哟！,[等级16],[粉丝团 Lv2]
2026-05-16 14:51:02,3913893390853565,烦心💫,交易成功,[等级13],[粉丝团 Lv2]
2026-05-16 14:51:07,63084683391,@张辉,[捂脸][捂脸][捂脸],[等级13],
2026-05-16 14:51:07,3746734266399104,振刚推拿,嗯,,
2026-05-16 14:51:09,108205955973,城,[捂脸][捂脸][捂脸],[等级16],[粉丝团 Lv8]
2026-05-16 14:51:09,72364440158,借来晚风下酒,又给局哥献祭了[捂脸],[等级17],[粉丝团 Lv9]
2026-05-16 14:51:11,1711255742582829,硬度,先有付出再有爱,[等级19],[粉丝团 Lv11]
2026-05-16 14:51:11,62978378029,钟灵毓秀,拉屎没厕纸,[等级21],[粉丝团 Lv11]
2026-05-16 14:51:13,103919279066,熙一夜,要的太多了,[等级14],[粉丝团 Lv13]
2026-05-16 14:51:15,69441337274,猛龙过江,@暮色 张老黑喜欢你,[等级23],[粉丝团 Lv7]
2026-05-16 14:51:16,2623880804961359,￴ ￴ ￴ ￴ ￴ ￴快乐买断,@捣蛋熊 没事还有机会,[等级5],[粉丝团 Lv2]
2026-05-16 14:51:18,1512542077459805,记得晒太阳,可怜的局哥,[等级18],[粉丝团 Lv9]
2026-05-16 14:51:19,98095182081,手握风云★,用张老黑40年单身换,[等级20],[粉丝团 Lv2]
2026-05-16 14:51:25,729698943901115,过往,死猫躺着都被说,[等级9],[粉丝团 Lv8]
2026-05-16 14:51:25,2739596892059571,卖小男孩的核弹,@凪卄 31网瘾还这么大,[等级6],
2026-05-16 14:51:25,60438128099,泽仁,局哥直接不活了[捂脸][捂脸],[等级7],
2026-05-16 14:51:26,246758888446382,大猪蹄子🐷,@钟灵毓秀 用手,[等级16],
2026-05-16 14:51:26,1276987230137771,ber,局哥在家里感觉屁股痒痒的,,
2026-05-16 14:51:27,98154085807,冷雨,局哥躺着中枪,[等级22],[粉丝团 Lv9]
2026-05-16 14:51:30,98841211796,北遇,@暮色 你如果是粉丝肯定爱，如果找存在感就,[等级37],[粉丝团 Lv7]
2026-05-16 14:51:31,99167459027,哎呦喂,局哥人在家中坐祸从天上来啊[捂脸][捂脸][捂脸],[等级18],[粉丝团 Lv11]
2026-05-16 14:51:33,71126905166,抖音小肋手,@暮色 谢谢老板,[等级11],[粉丝团 Lv10]
2026-05-16 14:51:34,104488141468,蓝铮铮铮,@暮色 没事，不是第一次见要别人爱你，还不先自己表示的,[等级25],[粉丝团 Lv11]
2026-05-16 14:51:35,96499564161,孞仰,爱一次就够了,[等级8],[粉丝团 Lv15]
2026-05-16 14:51:40,2008152259705040,汉、歼的审判者,@暮色 哥们看着不是小孩啊[捂脸]还爱你、君雅认识你谁啊！你这么聊天感觉你不超过8岁！,[等级15],[粉丝团 Lv12]
2026-05-16 14:51:50,1822363298300364,冰糖葫卢先生,人家怎么不打她,,
2026-05-16 14:51:51,4233546532927219,🉑🈶🉑🈚,[捂脸][尬笑],[等级20],[粉丝团 Lv10]
2026-05-16 14:51:51,2321779027616264,🥀⃟错把᭄敷衍ꦻ当承诺ꦿ,局哥躺着中枪,[等级14],[粉丝团 Lv1]
2026-05-16 14:51:52,7509444781722993723,￴ ￴ㅤㅤㅤㅤㅤ,（有点像激将法怎么说[捂脸]真给送了）,[等级11],
2026-05-16 14:51:55,3408098413512419,心静自然,局哥没毛了 让你都换东西了。,[等级30],[粉丝团 Lv11]
2026-05-16 14:51:58,60586852944,‘’邱屋男神超哥,大炮,[等级25],[粉丝团 Lv12]
2026-05-16 14:51:58,2008152259705040,汉、歼的审判者,@暮色 [抱抱你][抱抱你][抱抱你]大哥牛逼,[等级15],[粉丝团 Lv12]
2026-05-16 14:52:02,104488141468,蓝铮铮铮,@暮色 老板大气！！！,[等级25],[粉丝团 Lv11]
2026-05-16 14:52:03,2274247923467549,知遇👣,@￴ ￴ ￴ ￴ ￴ ￴快乐买断 以后要提前跟深情说主播她有时候打架看不到大幕,[等级24],[粉丝团 Lv10]
2026-05-16 14:52:05,96455235651,陈林枫,200加消音,[等级5],
2026-05-16 14:52:06,1711255742582829,硬度,@暮色 大哥有实力,[等级19],[粉丝团 Lv11]
2026-05-16 14:52:07,76133959662,@等风起,我就说43级不应该啊,[等级14],[粉丝团 Lv8]
2026-05-16 14:52:13,69260020651,ZDL,换地方，马上要被炸,[等级11],[粉丝团 Lv10]
2026-05-16 14:52:15,1568334386300455,华山论喷冠军,张君雅处吗？,[等级7],
2026-05-16 14:52:16,75438393968,cambricon,打个暗号[抠鼻],[等级34],[粉丝团 Lv3]
2026-05-16 14:52:17,58522020937,王大林,大哥有实力[捂脸][比心][比心],,
2026-05-16 14:52:18,2739596892059571,卖小男孩的核弹,暮色年纪和28的老黑差不多,[等级6],
2026-05-16 14:52:18,98841211796,北遇,打脸如此之快[捂脸][捂脸][捂脸],[等级37],[粉丝团 Lv7]
2026-05-16 14:52:18,4310549579694780,@你,拿下这队就发财了,[等级15],[粉丝团 Lv10]
2026-05-16 14:52:24,100056462711,是玲玲吖丶ᥫᩣ,你们一个个的，好糊涂啊[捂脸][捂脸][捂脸][捂脸],[等级29],[粉丝团 Lv8]
2026-05-16 14:52:27,4200585207743172,I·,@暮色 大气,[等级11],[粉丝团 Lv4]
2026-05-16 14:52:27,54842942123,এ᭄°余生丶请指教ꦿᮁ໊এ᭄゛,6,[等级15],[粉丝团 Lv8]
2026-05-16 14:52:28,1987562844985852,红伞伞™,就是喽，我们都爱你[捂脸][捂脸],[等级33],[粉丝团 Lv12]
2026-05-16 14:52:28,3450712572831575,暮色,不是，我一个月在8008点一千多单，难道这还不是真爱吗[流泪][流泪][流泪],[等级43],
2026-05-16 14:52:29,3164825545090043,刘程章,@汉、歼的审判者 看魔怔了[捂脸],,
2026-05-16 14:52:30,1711255742582829,硬度,悍妇一会爱你了,[等级19],[粉丝团 Lv11]
2026-05-16 14:52:32,98920668309,十一、,打了这队就肥了,[等级14],[粉丝团 Lv11]
2026-05-16 14:52:36,107662442756,老曾⁶¹⁷,@暮色 祝老板生100个儿子,[等级19],[粉丝团 Lv11]
2026-05-16 14:52:36,94502288119,大木头啊,你还别说，暴躁主播也是一条清奇的路线,[等级19],[粉丝团 Lv1]
2026-05-16 14:52:37,2274247923467549,知遇👣,@冰糖葫卢先生 人家跟她有亲戚关系,[等级24],[粉丝团 Lv10]
2026-05-16 14:52:38,79366517896,🐲龍三歌（龍式情歌）,直接四个人飞过去,[等级7],
2026-05-16 14:52:39,73647036676,捣蛋熊,@暮色 对不起大哥，刚才声音大了,[等级20],[粉丝团 Lv12]
2026-05-16 14:52:42,2403988016736986,陈粘粘,@知遇👣 就是看不可能了才说的,[等级25],[粉丝团 Lv15]
2026-05-16 14:52:42,99372859314,启  夏,快，刚刚说大哥的[捂脸]道歉[捂脸],[等级25],[粉丝团 Lv15]
2026-05-16 14:52:45,71126905166,抖音小肋手,[捂脸][捂脸][捂脸],[等级11],[粉丝团 Lv10]
2026-05-16 14:52:46,1537582657175684,足力健,1,[等级4],[粉丝团 Lv6]
2026-05-16 14:52:46,839672879395031,陆桐桐,老板糊涂啊,[等级20],[粉丝团 Lv1]
2026-05-16 14:52:49,101659179929,feng、,哈哈[捂脸],,
2026-05-16 14:52:50,64082768622,路遥知马力、,？？？？,[等级27],[粉丝团 Lv10]
2026-05-16 14:52:51,1014185706925252,黑色星期一,哈哈哈哈,,
2026-05-16 14:52:52,1997151509417133,失纵,不应该是上天吗,,
2026-05-16 14:52:52,3456469115090142,粟毒ㅤㅤㅤㅤㅤㅤㅤㅤ,@暮色 祝老板生100个儿子,[等级15],[粉丝团 Lv8]
2026-05-16 14:52:54,12700069035,旋子,@暮色 真爱，老板大气,[等级26],[粉丝团 Lv8]
2026-05-16 14:52:54,21643884763804,经典永不过时,越来越敷衍了老黑,,
2026-05-16 14:52:55,1081572293104728,初味饮品,君雅小嘴儿天天吧嗒吧嗒的太可爱了哈哈哈，不愧是顶流女一号,[等级4],
2026-05-16 14:52:56,56007669654,🌈ι违心,真不爱你啊,[等级21],
2026-05-16 14:52:57,82118318153,强哥,[捂脸][捂脸][捂脸][捂脸],[等级13],[粉丝团 Lv2]
2026-05-16 14:52:58,3013139552021534,🦁🖤,@暮色 没灯牌 没爱（絲,[等级32],[粉丝团:张君雅 Lv16]
2026-05-16 14:52:58,64082768622,路遥知马力、,说的啥子呢,[等级27],[粉丝团 Lv10]
2026-05-16 14:52:58,3544473905937592,全有,还差一个点的技师全是大妈[捂脸][捂脸],[等级25],[粉丝团 Lv6]
2026-05-16 14:53:02,2475702575179399,这个我是真的喜欢,给大哥整急眼了,[等级14],
2026-05-16 14:53:03,63416229807,风沙迷了眼⁵¹⁰⁷⁴,我爱播很温柔 从不发脾气[比心][比心][比心][比心][比心][比心][比心],[等级21],[粉丝团 Lv15]
2026-05-16 14:53:04,4432834332736103,行走的蜗牛,打狙是真的帅[呲牙][呲牙],[等级15],
2026-05-16 14:53:04,2008152259705040,汉、歼的审判者,@暮色 大哥这回大家都认识你了、你说啥都对[抱抱你][抱抱你][抱抱你],[等级15],[粉丝团 Lv12]
2026-05-16 14:53:04,7537694621045457978,安,[捂脸][捂脸][捂脸],[等级16],[粉丝团 Lv4]
2026-05-16 14:53:04,73647036676,捣蛋熊,@暮色 是真爱,[等级20],[粉丝团 Lv12]
2026-05-16 14:53:05,1503753305069687,明明会武功,@暮色 爱爱爱，我爱你,[等级31],[粉丝团 Lv14]
2026-05-16 14:53:05,2274247923467549,知遇👣,@暮色 真爱,[等级24],[粉丝团 Lv10]
2026-05-16 14:53:05,75489745058,屁股上的酒窝,铁蛋调皮了,[等级12],[粉丝团 Lv1]
2026-05-16 14:53:06,3825901139410685,李哥,调皮,[等级31],[粉丝团 Lv10]
2026-05-16 14:53:08,93032203992,秀儿⁵¹⁰⁷⁴,[捂脸][捂脸][捂脸][捂脸]真皮,[等级19],[粉丝团 Lv12]
2026-05-16 14:53:08,100056462711,是玲玲吖丶ᥫᩣ,@粟毒ㅤㅤㅤㅤㅤㅤㅤㅤ 你是真毒啊[捂脸][捂脸][捂脸][捂脸],[等级29],[粉丝团 Lv8]
2026-05-16 14:53:10,110895971722,一个人挺好…👿,@启  夏 你们变脸比川剧变脸还快[捂脸][捂脸],[等级24],[粉丝团 Lv9]
2026-05-16 14:53:11,1906967174984656,琪不奇怪,@风沙迷了眼⁵¹⁰⁷⁴ 那必须的,[等级10],[粉丝团 Lv10]
2026-05-16 14:53:11,3544449118126824,爱吃醋的李,榜二大哥考虑加个灯牌不,[等级25],[粉丝团 Lv11]
2026-05-16 14:53:14,7537694621045457978,安,被顶下来了[捂脸][捂脸][捂脸],[等级16],[粉丝团 Lv4]
2026-05-16 14:53:17,2005142166316856,fgg,铁蛋玩你,[等级8],[粉丝团 Lv4]
2026-05-16 14:53:20,3941111440351694,人,@一个人挺好…👿 8008是啥,[等级11],
2026-05-16 14:53:22,1711255742582829,硬度,@暮色 有点区别，大哥下次直接点悍妇，让悍妇给你控号,[等级19],[粉丝团 Lv11]
2026-05-16 14:53:25,58593174933,烟草味,铁蛋学坏了,[等级15],[粉丝团 Lv4]
2026-05-16 14:53:29,3544449118126824,爱吃醋的李,卡个灯牌,[等级25],[粉丝团 Lv11]
2026-05-16 14:53:31,3941111440351694,人,@硬度 8008是啥,[等级11],
2026-05-16 14:53:33,99372859314,启  夏,@一个人挺好…👿 我刚刚可没大哥[捂脸]哈哈[捂脸],[等级25],[粉丝团 Lv15]
2026-05-16 14:53:34,3450712572831575,暮色,悍妇不爱我，我决定一个星期不点单了[捂脸][捂脸][捂脸],[等级43],
2026-05-16 14:53:35,7509444781722993723,￴ ￴ㅤㅤㅤㅤㅤ,8008是老黑组起来的吗,[等级11],
2026-05-16 14:53:41,105076731771,钟期,抓蛋娃:,[等级22],[粉丝团 Lv2]
2026-05-16 14:53:44,61861982355,๑҉ W·Oct¹⁸Libra🤍,有没有雅下播打游戏的[捂脸],[等级19],[粉丝团 Lv12]
2026-05-16 14:53:51,2755827023239035,用户2319682823939,大哥送错礼物了[捂脸]你送个真的爱你，她就爱你了[捂脸],[等级2],[粉丝团 Lv2]
2026-05-16 14:53:52,12700069035,旋子,@暮色 我是悍妇，我爱你,[等级26],[粉丝团 Lv8]
2026-05-16 14:53:52,108802633246,泡沫🫧,哈哈，就是没说爱你,[等级2],
2026-05-16 14:53:52,6965023697,云开日出,@烟草味 铁蛋怎么了[捂脸],[等级9],[粉丝团 Lv7]
2026-05-16 14:53:53,110895971722,一个人挺好…👿,@人 8008你不知道[捂脸][捂脸],[等级24],[粉丝团 Lv9]
2026-05-16 14:53:54,95125776765,Hao、⁵¹⁰⁷⁴,@暮色 大哥，刚才声音大了点，不好意思[尬笑][尬笑],[等级18],[粉丝团 Lv14]
2026-05-16 14:53:56,990007498651772,青红造了个白,直接取关了,[等级20],[粉丝团 Lv2]
2026-05-16 14:53:56,82200572907,🎃Damn,@暮色 你要刷真的爱我就能听见了,[等级30],[粉丝团 Lv9]
2026-05-16 14:53:58,3746734266399104,振刚推拿,君雅是富婆吗？,,
2026-05-16 14:53:59,2419370855769710,随便逛逛,@暮色 你送那个真的爱你礼物，她就爱你了,[等级17],[粉丝团 Lv7]
2026-05-16 14:54:00,94234770312,远道,@暮色 送个真的爱你，他就爱你了,[等级29],[粉丝团 Lv4]
2026-05-16 14:54:01,1711255742582829,硬度,@暮色 大哥再点个灯牌呗,[等级19],[粉丝团 Lv11]
2026-05-16 14:54:03,3544449118126824,爱吃醋的李,@暮色 送个真的爱你,[等级25],[粉丝团 Lv11]
2026-05-16 14:54:03,6472167828,顺城,@暮色 8008，张老黑是付会长,[等级22],[粉丝团 Lv15]
2026-05-16 14:54:05,3941111440351694,人,@一个人挺好…👿 是啥,[等级11],
2026-05-16 14:54:07,84655336157,kimi 🌾,@暮色老板威武，张君雅的粉丝们爱你，再刷个火箭看看，老板，,[等级21],[粉丝团 Lv9]
2026-05-16 14:54:08,102987896418,赵涛🤳流浪者0001,这反应真快,[等级29],[粉丝团 Lv13]
2026-05-16 14:54:10,58522020937,王大林,线下直接约，喜欢就追求啊[捂脸][捂脸][比心],,
2026-05-16 14:54:20,1900427196767240,元霸,死手，关门好快,[等级14],[粉丝团 Lv7]
2026-05-16 14:54:21,1367445777424910,Eucalyptus 🐸,@暮色 你送个真的爱你试试看呢[捂脸]看她爱不爱你,[等级24],[粉丝团 Lv14]
2026-05-16 14:54:21,2739596892059571,卖小男孩的核弹,@暮色 悍妇28岁了需要嘉年华,[等级6],
2026-05-16 14:54:23,3544449118126824,爱吃醋的李,@暮色 再卡个灯牌大哥,[等级25],[粉丝团 Lv11]
2026-05-16 14:54:23,95125776765,Hao、⁵¹⁰⁷⁴,@暮色 礼物送真的爱你，她就爱你了[比心][比心],[等级18],[粉丝团 Lv14]
2026-05-16 14:54:37,4200585207743172,I·,那你们不刷，一直在叫大哥刷,[等级11],[粉丝团 Lv4]
2026-05-16 14:54:38,3941111440351694,人,@顺城 8008是啥,[等级11],
2026-05-16 14:54:38,61826877743,嫡长子,@๑ W·Oct¹⁸Libra🤍 带我打[呲牙],[等级20],[粉丝团 Lv3]
2026-05-16 14:54:45,3408098413512419,心静自然,你们怼人有点普吧,[等级30],[粉丝团 Lv11]
2026-05-16 14:54:45,888869537723774,yuz.,[打call],[等级5],[粉丝团 Lv3]
2026-05-16 14:54:47,576618469798936,九门-十三少,？,[等级6],
2026-05-16 14:54:48,2981515683171182,都好无趣ㅤ ㅤ ㅤ,essm,[等级23],
2026-05-16 14:54:49,1711255742582829,硬度,@暮色 悍妇今天生日，来个华子,[等级19],[粉丝团 Lv11]
2026-05-16 14:54:56,76133959662,@等风起,你们逮着老板使劲薅是吧[捂脸],[等级14],[粉丝团 Lv8]
2026-05-16 14:54:58,100056462711,是玲玲吖丶ᥫᩣ,8008是啥[捂脸],[等级29],[粉丝团 Lv8]
2026-05-16 14:55:04,6472167828,顺城,@人 俱乐部,[等级22],[粉丝团 Lv15]
2026-05-16 14:55:08,76217586567,晶晶不乖,点击下方红色小摇杆即玩,[等级8],
2026-05-16 14:55:10,107662442756,老曾⁶¹⁷,你们倒是给大哥做个示范啊[捂脸],[等级19],[粉丝团 Lv11]
2026-05-16 14:55:13,110895971722,一个人挺好…👿,@是玲玲吖丶ᥫᩣ 你也不知道那[捂脸][捂脸][捂脸],[等级24],[粉丝团 Lv9]
2026-05-16 14:55:16,1711255742582829,硬度,@人 8008是张老黑的小窝,[等级19],[粉丝团 Lv11]
2026-05-16 14:55:21,96528907190,ღ᭄蜜雪@冰程꧔ꦿ᭄,今天我生日，想找个cp一起玩游戏[捂脸],[等级37],[粉丝团 Lv14]
2026-05-16 14:55:25,3803947375532540,譕訫,@是玲玲吖丶ᥫᩣ 陪玩,[等级15],
2026-05-16 14:55:25,1987562844985852,红伞伞™,@是玲玲吖丶ᥫᩣ 小姐姐都来这么久了还不知道？,[等级33],[粉丝团 Lv12]
2026-05-16 14:55:25,3013139552021534,🦁🖤,@是玲玲吖丶ᥫᩣ 親我一口 告訴妳（絲,[等级32],[粉丝团:张君雅 Lv16]
2026-05-16 14:55:26,100056462711,是玲玲吖丶ᥫᩣ,@一个人挺好…👿 不知道,[等级29],[粉丝团 Lv8]
2026-05-16 14:55:30,2779171937856606,🐮🐰🐲🐒,8008是一个神秘组织，抖音好几个主播都是8008[捂脸],[等级38],[粉丝团 Lv11]
2026-05-16 14:55:32,2739596892059571,卖小男孩的核弹,@是玲玲吖丶ᥫᩣ 宝贝你四十了网瘾这么大吗,[等级6],
2026-05-16 14:55:45,63027055055,美女社社长,你们这帮人都不用上班的吗？,[等级2],
2026-05-16 14:55:45,4248133702007176,铜板,主播生日🎂，大家点点赞，送送小心❤️大啤酒🍻,[等级16],[粉丝团 Lv12]
2026-05-16 14:55:50,101683737556,阿粉,空头,[等级12],[粉丝团 Lv7]
2026-05-16 14:55:54,694524552152752,呮浗逍滛亾迣簡,掉空投了,[等级17],
2026-05-16 14:55:57,2274247923467549,知遇👣,@美女社社长 在班上,[等级24],[粉丝团 Lv10]
2026-05-16 14:56:00,431484948190571,隐逸,张君雅是个厉害的女人不敢娶[捂脸],[等级2],
2026-05-16 14:56:01,2824008837643668,Hom,空投咂脸了,,
2026-05-16 14:56:04,71126905166,抖音小肋手,[捂脸][捂脸][捂脸],[等级11],[粉丝团 Lv10]
2026-05-16 14:56:04,94633537809,龙在天涯,空投砸脸了,[等级16],[粉丝团 Lv10]
2026-05-16 14:56:05,3790709202623287,༄༊࿆ღ᭄ᝰꫛꫀꪟ520⅓¼ོྂཾ࿆࿐,空投砸脸,[等级18],[粉丝团 Lv7]
2026-05-16 14:56:05,66672197795,過客,[捂脸][捂脸][捂脸][捂脸],[等级34],[粉丝团 Lv7]
2026-05-16 14:56:06,83739102984,Sam,空投在脸上,[等级34],[粉丝团 Lv10]
2026-05-16 14:56:06,101683737556,阿粉,空头掉后面了,[等级12],[粉丝团 Lv7]
2026-05-16 14:56:08,104821945917,航典💭,哈哈,[等级20],[粉丝团 Lv8]
2026-05-16 14:56:11,92461848227,煜,[捂脸][捂脸][捂脸],[等级13],[粉丝团 Lv11]
2026-05-16 14:56:14,729718750986008,🤡,这不弄他 能忍啊[捂脸][捂脸][捂脸],,
2026-05-16 14:56:16,3650031635938989,晴晴Ace,[大笑][黑脸][大笑][黑脸][大笑][黑脸],[等级23],[粉丝团 Lv11]
2026-05-16 14:56:16,1711255742582829,硬度,老黑一会给暮色大哥一个深情的心心,[等级19],[粉丝团 Lv11]
2026-05-16 14:56:16,7509444781722993723,￴ ￴ㅤㅤㅤㅤㅤ,不是说人家年龄是在干嘛啊[尬笑]抖音的年龄可以自己设置吧,[等级11],
2026-05-16 14:56:18,97330506687,有缘路人,[捂脸][捂脸][捂脸],[等级28],[粉丝团 Lv11]
2026-05-16 14:56:22,787686894090669,w-,打的太保守了,[等级18],[粉丝团 Lv8]
2026-05-16 14:56:27,95853442950,敏与诺,1000多单，你是怎么想的，1000/30，每天要点34单.？,[等级19],[粉丝团 Lv12]
2026-05-16 14:56:27,2274247923467549,知遇👣,@隐逸 你娶的起吗,[等级24],[粉丝团 Lv10]
2026-05-16 14:56:27,3746734266399104,振刚推拿,适合单身,,
2026-05-16 14:56:39,1234078516384542,Sy666,有炮,[等级8],
2026-05-16 14:56:40,104451829892,没心没肺,49分上来了嘛,[等级34],[粉丝团 Lv3]
2026-05-16 14:56:40,96683779158,碎姑。,迫击炮打啊,[等级13],
2026-05-16 14:56:43,79138729699,☞小刘忙☜,拿迫击炮,[等级30],[粉丝团 Lv7]
2026-05-16 14:56:47,3746734266399104,振刚推拿,100万彩礼,,
2026-05-16 14:56:48,69260020651,ZDL,拿炮干他,[等级11],[粉丝团 Lv10]
2026-05-16 14:56:53,1711255742582829,硬度,@w- 打的战神，这叫策略，这不叫保守,[等级19],[粉丝团 Lv11]
2026-05-16 14:56:54,3650031635938989,晴晴Ace,[比心][比心][比心],[等级23],[粉丝团 Lv11]
2026-05-16 14:56:54,93687105296,洛皮皮🐻‍❄️⁰⁵⁰³,点赞👍没点满的宝子❤️‍🔥❤️‍🔥把这个小时的3000👍赞点满🅾️点赞辛苦了❣️❣️❣️,[等级40],[粉丝团:张君雅 Lv17]
2026-05-16 14:57:10,3934507317863532,一个从人民中走出来的普通人（轮回版）,[捂脸],[等级23],[粉丝团 Lv2]
2026-05-16 14:57:18,4314131885199896,小涵涵❤宝宝,谁  看  [福][无语流汗],,
2026-05-16 14:57:22,4248133702007176,铜板,点点赞，大啤酒送送,[等级16],[粉丝团 Lv12]
2026-05-16 14:57:24,76133959662,@等风起,@洛皮皮🐻‍❄️⁰⁵⁰³ 皮皮昨晚死的好惨啊,[等级14],[粉丝团 Lv8]
2026-05-16 14:57:24,4314131885199896,小涵涵❤宝宝,谁  看  [福][撒花],,
2026-05-16 14:57:25,4314131885199896,小涵涵❤宝宝,谁  看  [福][贴贴],,
2026-05-16 14:57:26,4314131885199896,小涵涵❤宝宝,谁  看  [福][疑问],,
2026-05-16 14:57:26,4314131885199896,小涵涵❤宝宝,谁  看  [福][愤怒],,
2026-05-16 14:57:30,3934507317863532,一个从人民中走出来的普通人（轮回版）,黑宝[捂脸]，炮轰,[等级23],[粉丝团 Lv2]
2026-05-16 14:57:34,3736596198466794,西临,这个捷豹倒四次了[捂脸],[等级29],[粉丝团 Lv5]
2026-05-16 14:57:36,3650031635938989,晴晴Ace,[666],[等级23],[粉丝团 Lv11]
2026-05-16 14:57:37,93687105296,洛皮皮🐻‍❄️⁰⁵⁰³,@@等风起 好玩[捂脸],[等级40],[粉丝团:张君雅 Lv17]
2026-05-16 14:57:39,71126905166,抖音小肋手,牛逼,[等级11],[粉丝团 Lv10]
2026-05-16 14:57:43,4508316446,大闸蟹（黎明中的花朵）,啊？！,[等级40],[粉丝团:张君雅 Lv16]
2026-05-16 14:57:43,99318966461,威哥,浪费建,[等级24],
2026-05-16 14:57:49,95125776765,Hao、⁵¹⁰⁷⁴,@洛皮皮🐻‍❄️⁰⁵⁰³ 皮皮，昨晚被爱播虐幸福不？[捂脸][捂脸][捂脸],[等级18],[粉丝团 Lv14]
2026-05-16 14:57:52,58522020937,王大林,玲玲呀，四十岁了，还在看张君雅[捂脸],,
2026-05-16 14:57:52,3934507317863532,一个从人民中走出来的普通人（轮回版）,黑宝，帅,[等级23],[粉丝团 Lv2]
2026-05-16 14:57:58,2739596892059571,卖小男孩的核弹,我平板都看不到,[等级6],
2026-05-16 14:57:59,52202503111,萨瓦迪卡🙏,那么远射得到？,[等级17],[粉丝团 Lv11]
2026-05-16 14:58:12,93687105296,洛皮皮🐻‍❄️⁰⁵⁰³,@Hao、⁵¹⁰⁷⁴ 第一次对阵好玩[捂脸]就是找不到她,[等级40],[粉丝团:张君雅 Lv17]
2026-05-16 14:58:15,105265398153,张小凡Zz,怎么看得到的？,,
2026-05-16 14:58:16,98098327265,爵士,@洛皮皮🐻‍❄️⁰⁵⁰³ 我们看着都糟心，死的太惨了[看],[等级34],[粉丝团 Lv12]
2026-05-16 14:58:17,111107367570,尘莳,我也是，压根没看到,[等级19],[粉丝团 Lv4]
2026-05-16 14:58:18,61826877743,嫡长子,等下有没有一起打游戏的[捂脸],[等级20],[粉丝团 Lv3]
2026-05-16 14:58:19,116989961990570,喜欢一个人,沒箭了,[等级12],[粉丝团 Lv10]
2026-05-16 14:58:20,71126905166,抖音小肋手,点粉丝团→一键送11个为你闪耀（陪伴之旅），完成后可多领很多很多亲密度→记得把星星都点开有亲密❤️❤,[等级11],[粉丝团 Lv10]
2026-05-16 14:58:22,1352860449374844,忘记了,那是箭矢,[等级9],
2026-05-16 14:58:23,74801492566,青禾影像-摄影师邵坤,我42了，天天看张俊雅,[等级12],[粉丝团 Lv2]
2026-05-16 14:58:24,99199585032,酒不醉人人自醉,又要下班了,[等级30],
2026-05-16 14:58:26,79752507911,唸薇,伤害低了,[等级27],[粉丝团 Lv6]
2026-05-16 14:58:30,4429299420504542,（!!!）,主播是超广角,[等级2],
2026-05-16 14:58:32,67475671418,ㅤ     ㅤ         ㅤ,@萨瓦迪卡🙏 你办不了  不代表别人办不到,[等级23],[粉丝团 Lv12]
2026-05-16 14:58:35,11805950518,深情（张君雅助理）,管人家多大了，你没准都活不到,[等级39],[粉丝团:张君雅 Lv18]
2026-05-16 14:58:39,2739596892059571,卖小男孩的核弹,我四十五了还在坚持玩吃鸡,[等级6],
2026-05-16 14:59:05,729718750986008,🤡,送关爱来了[捂脸],,
2026-05-16 14:59:10,3394899074375095,繁星、,四十有啥？见过五十多的阿姨还玩王者呢,[等级31],[粉丝团 Lv9]
2026-05-16 14:59:12,1910275027515595,丽哥づ,谁说女孩子打游戏不行这女孩子打游戏多棒,[等级2],
2026-05-16 14:59:14,94090177921,唯念,铁蛋成长了,[等级33],[粉丝团 Lv8]
2026-05-16 14:59:15,95873546804,过去式、,这妹子可以,[等级5],
2026-05-16 14:59:16,58522020937,王大林,找事是不深情[捂脸],,
2026-05-16 14:59:23,108802633246,泡沫🫧,队友都是路匹的吗,[等级2],
2026-05-16 14:59:23,3825901139410685,李哥,马也有一个助攻吧,[等级31],[粉丝团 Lv10]
2026-05-16 14:59:28,1367445777424910,Eucalyptus 🐸,深情好毒[捂脸],[等级24],[粉丝团 Lv14]
2026-05-16 14:59:31,3456469115090142,粟毒ㅤㅤㅤㅤㅤㅤㅤㅤ,不能有颗年轻的心？一直拿年龄说事儿干嘛,[等级15],[粉丝团 Lv8]
2026-05-16 14:59:33,110804669846,℡空白,@过去式、 君雅徒弟,[等级15],[粉丝团 Lv10]
2026-05-16 14:59:36,88757268529,张小狮,铁蛋也很棒,[等级11],[粉丝团 Lv11]
2026-05-16 14:59:37,105076731771,钟期,蛋娃[色][色][色][色],[等级22],[粉丝团 Lv2]
2026-05-16 14:59:39,73647036676,捣蛋熊,@丽哥づ 都忌妒她，,[等级20],[粉丝团 Lv12]
2026-05-16 14:59:43,4233546532927219,🉑🈶🉑🈚,[捂脸][尬笑][捂脸][尬笑],[等级20],[粉丝团 Lv10]
2026-05-16 14:59:46,93687105296,洛皮皮🐻‍❄️⁰⁵⁰³,@爵士 她趴下我就找不到她了，还好最后炸死她一次[捂脸],[等级40],[粉丝团:张君雅 Lv17]
2026-05-16 14:59:47,21772518583,路亚周周⁸⁰⁰⁸,给铁蛋点个关注[666],[等级29],[粉丝团 Lv12]
2026-05-16 14:59:47,2274247923467549,知遇👣,@卖小男孩的核弹 厉害能看见人吗,[等级24],[粉丝团 Lv10]
2026-05-16 14:59:57,1711255742582829,硬度,游戏还分年龄？,[等级19],[粉丝团 Lv11]
2026-05-16 14:59:59,2739596892059571,卖小男孩的核弹,你们让我45的游戏玩家怎么活,[等级6],
2026-05-16 14:59:59,66377808923,倩,女孩子们 不会被年纪和能力所定义[比心],[等级19],[粉丝团 Lv10]
2026-05-16 15:00:00,56007669654,🌈ι违心,这人绝望死,[等级21],
2026-05-16 15:00:01,3650031635938989,晴晴Ace,[比心][比心][比心],[等级23],[粉丝团 Lv11]
2026-05-16 15:00:03,93687105296,洛皮皮🐻‍❄️⁰⁵⁰³,@Hao、⁵¹⁰⁷⁴ 好玩开心[呲牙],[等级40],[粉丝团:张君雅 Lv17]
2026-05-16 15:00:05,79752507911,唸薇,这个真难死[捂脸],[等级27],[粉丝团 Lv6]
2026-05-16 15:00:14,51782197378,爱哭的鱼…,描述的准确，不是里面就是外面,[等级34],[粉丝团:张君雅 Lv15]
2026-05-16 15:00:17,4233546532927219,🉑🈶🉑🈚,我四十多了，我骄傲了吗？,[等级20],[粉丝团 Lv10]
2026-05-16 15:00:22,521610681385401,用户86521378568,卡点下班吗？,[等级1],
2026-05-16 15:00:24,69260020651,ZDL,拿狙,[等级11],[粉丝团 Lv10]
2026-05-16 15:00:26,108756856233,殷澍锴,厕所有一个，不在里面就在外面[抠鼻][抠鼻][抠鼻]，精确概括,[等级4],[粉丝团 Lv3]
2026-05-16 15:00:26,58522020937,王大林,本人40天天看张君雅[捂脸]老妹,,
2026-05-16 15:00:26,109881104951,372923,用爆炸弓都是跟张老黑学的吗[捂脸][捂脸][捂脸][捂脸][捂脸],[等级3],
2026-05-16 15:00:31,63740832403,海娟🔅,拿狙,[等级8],[粉丝团 Lv5]
2026-05-16 15:00:32,2274247923467549,知遇👣,@硬度 分,[等级24],[粉丝团 Lv10]
2026-05-16 15:00:39,1711255742582829,硬度,吃鸡这游戏靠的不是年龄，而且你对这游戏的理解和熟练,[等级19],[粉丝团 Lv11]
2026-05-16 15:00:41,3544449118126824,爱吃醋的李,帅,[等级25],[粉丝团 Lv11]
2026-05-16 15:00:46,60743243189,汐颜,@372923 不是  个人喜欢而已,[等级12],[粉丝团 Lv10]
2026-05-16 15:00:54,110277570700,moment—FF,我49年的，现在日韩欧美还是看一夜，咋了嘛[捂脸],[等级10],[粉丝团 Lv10]
2026-05-16 15:01:01,2764651544458988,比丑的帅 比帅的丑,1号也是主播吗,[等级12],
2026-05-16 15:01:15,2739596892059571,卖小男孩的核弹,@硬度 还是分年龄的我45打的都反应不过来,[等级6],
2026-05-16 15:01:22,69596610268,B-Jan27-Aqua.,几号是铁蛋,[等级11],[粉丝团 Lv10]
2026-05-16 15:01:27,2274247923467549,知遇👣,@倩 那要什么定义,[等级24],[粉丝团 Lv10]
2026-05-16 15:01:36,3745395227774212,馬小帅,弓箭不多拿大狙,[等级21],[粉丝团 Lv10]
2026-05-16 15:01:37,4508316446,大闸蟹（黎明中的花朵）,[捂脸][捂脸]好K,[等级40],[粉丝团:张君雅 Lv16]
2026-05-16 15:01:46,2867992440603667,N~ෆ,4K,[等级3],
2026-05-16 15:01:53,1711255742582829,硬度,@卖小男孩的核弹 千万别被自己的年龄给骗了,[等级19],[粉丝团 Lv11]
2026-05-16 15:02:06,3413334368722349,小阿悄,@比丑的帅 比帅的丑 嗯，铁蛋襄樊小姐姐，19岁,[等级15],[粉丝团 Lv11]
2026-05-16 15:02:10,63416229807,风沙迷了眼⁵¹⁰⁷⁴,牛逼,[等级21],[粉丝团 Lv15]
2026-05-16 15:02:11,71126905166,抖音小肋手,老黑牛批,[等级11],[粉丝团 Lv10]
2026-05-16 15:02:11,729681218265693,🤡,我去,[等级16],[粉丝团 Lv5]
2026-05-16 15:02:11,4165407898869996,每天对被子表白,666,[等级5],[粉丝团 Lv2]
2026-05-16 15:02:12,3650031635938989,晴晴Ace,[666][666],[等级23],[粉丝团 Lv11]
2026-05-16 15:02:13,102987896418,赵涛🤳流浪者0001,[666][666][666][666][666][666][666][666],[等级29],[粉丝团 Lv13]
2026-05-16 15:02:15,7542012252325905468,一个人,[捂脸][捂脸],[等级2],
2026-05-16 15:02:15,100056462711,是玲玲吖丶ᥫᩣ,差点又没了,[等级29],[粉丝团 Lv8]
2026-05-16 15:02:15,4112604411736253,兔粉妆,@小涵涵❤宝宝你不,[等级15],[粉丝团 Lv10]
2026-05-16 15:02:17,7615988333545931813,ik-🦋,1爬着不扔雷,,
2026-05-16 15:02:17,729681218265693,🤡,哈哈哈,[等级16],[粉丝团 Lv5]
2026-05-16 15:02:18,116989961990570,喜欢一个人,锁住了[捂脸][捂脸][捂脸],[等级12],[粉丝团 Lv10]
2026-05-16 15:02:18,110804669846,℡空白,都是土拨鼠[捂脸],[等级15],[粉丝团 Lv10]
2026-05-16 15:02:20,69596610268,B-Jan27-Aqua.,[666][666][666],[等级11],[粉丝团 Lv10]
2026-05-16 15:02:20,4112604411736253,兔粉妆,牛逼,[等级15],[粉丝团 Lv10]
2026-05-16 15:02:20,52167242079,芝士鱼,牛逼,[等级17],[粉丝团 Lv11]
2026-05-16 15:02:24,449017683913731,W▁Z,这反应,[等级7],[粉丝团 Lv11]
2026-05-16 15:02:24,53587232410,好运降临,这么多老六,[等级4],
2026-05-16 15:02:25,74801492566,青禾影像-摄影师邵坤,放炮的队友也不错,[等级12],[粉丝团 Lv2]
2026-05-16 15:02:28,2916327095541376,人生🌲如梦,这反应速度 牛逼,[等级16],
2026-05-16 15:02:36,104689996186,白蛮—之刃,我山都打秃了,[等级33],[粉丝团 Lv8]
2026-05-16 15:02:36,1711255742582829,硬度,@卖小男孩的核弹 多看老黑的操作和营运，你也可以成为路人王,[等级19],[粉丝团 Lv11]
2026-05-16 15:02:39,74129491113,猪脚只吃肥的,老黑我11级了,[等级21],[粉丝团 Lv11]
2026-05-16 15:02:42,7457874793100461080,常开心,打完这局下班加班一小会,[等级6],[粉丝团 Lv7]
2026-05-16 15:02:49,71126905166,抖音小肋手,张君雅牛逼,[等级11],[粉丝团 Lv10]
2026-05-16 15:02:50,63416229807,风沙迷了眼⁵¹⁰⁷⁴,牛逼,[等级21],[粉丝团 Lv15]
2026-05-16 15:02:50,3650031635938989,晴晴Ace,[666][666][666],[等级23],[粉丝团 Lv11]
2026-05-16 15:02:55,3934507317863532,一个从人民中走出来的普通人（轮回版）,黑宝宝,[等级23],[粉丝团 Lv2]
2026-05-16 15:02:56,102987896418,赵涛🤳流浪者0001,[666][666][666][666][666][666][666][666],[等级29],[粉丝团 Lv13]
2026-05-16 15:02:59,51450704802,3个K,666,[等级24],[粉丝团 Lv11]
2026-05-16 15:02:59,83024458084,善保,66666,[等级32],[粉丝团 Lv2]
2026-05-16 15:03:03,2739596892059571,卖小男孩的核弹,这反应换我45岁老登早嘎了,[等级6],
2026-05-16 15:03:06,3408098413512419,心静自然,牛啊牛啊,[等级30],[粉丝团 Lv11]
2026-05-16 15:03:17,2475702575179399,这个我是真的喜欢,我记得有一个大哥说二十杀送导弹,[等级14],
2026-05-16 15:03:19,4046620985145015,【执念】,这都敢干拉[捂脸][捂脸][捂脸],[等级7],
2026-05-16 15:03:25,3545303485253932,🌈☔️宇🌊,放狗。,[等级22],
2026-05-16 15:03:28,1987562844985852,红伞伞™,终于能吃上鸡🐔了,[等级33],[粉丝团 Lv12]
2026-05-16 15:03:34,98098327265,爵士,@洛皮皮🐻‍❄️⁰⁵⁰³ 哈哈，那确实好玩，躲猫猫[捂脸],[等级34],[粉丝团 Lv12]
2026-05-16 15:03:40,88757268529,张小狮,牛逼,[等级11],[粉丝团 Lv11]
2026-05-16 15:03:41,65767160127,琬渝,[捂脸][捂脸][捂脸][捂脸],[等级21],[粉丝团 Lv13]
2026-05-16 15:03:41,63416229807,风沙迷了眼⁵¹⁰⁷⁴,[捂脸][捂脸][捂脸][捂脸][捂脸],[等级21],[粉丝团 Lv15]
2026-05-16 15:03:42,71126905166,抖音小肋手,张君雅牛逼,[等级11],[粉丝团 Lv10]
2026-05-16 15:03:44,71126905166,抖音小肋手,[捂脸][捂脸][捂脸],[等级11],[粉丝团 Lv10]
2026-05-16 15:03:48,729718750986008,🤡,[捂脸][捂脸][捂脸][捂脸],,
2026-05-16 15:03:48,68295945503,风兮,碟中谍,[等级16],[粉丝团 Lv4]
2026-05-16 15:03:48,1257437656002798,某某.,非法组队,[等级34],[粉丝团:张君雅 Lv16]
2026-05-16 15:03:49,3408098413512419,心静自然,@卖小男孩的核弹 说什么了。我六十了没觉得[呲牙],[等级30],[粉丝团 Lv11]
2026-05-16 15:03:50,62978378029,钟灵毓秀,哈哈哈哈,[等级21],[粉丝团 Lv11]
2026-05-16 15:03:52,1825605269328318,kiki,拿年龄说话的是不是发现自己比人家小还没人家厉害 自卑了吧[捂脸][捂脸][捂脸],[等级15],
2026-05-16 15:03:52,71126905166,抖音小肋手,[捂脸][捂脸],[等级11],[粉丝团 Lv10]
2026-05-16 15:03:53,64124242405,Dreamer,老六,,
2026-05-16 15:03:54,4165407898869996,每天对被子表白,66,[等级5],[粉丝团 Lv2]
2026-05-16 15:03:54,3689574830449950,刘三哥,[玫瑰][爱心][比心][赞][666][666][666][微笑][微笑][微笑],[等级27],
2026-05-16 15:03:56,720902480736136,小杨在减肥,那不是我队友,[等级15],
2026-05-16 15:03:59,102987896418,赵涛🤳流浪者0001,人都死完了，还捡那么多爆炸弓干嘛[捂脸][捂脸][捂脸],[等级29],[粉丝团 Lv13]
2026-05-16 15:04:00,96455235651,陈林枫,半天都没打你们,[等级5],
2026-05-16 15:04:01,116989961990570,喜欢一个人,非法组队,[等级12],[粉丝团 Lv10]
2026-05-16 15:04:02,3544449118126824,爱吃醋的李,组队了,[等级25],[粉丝团 Lv11]
2026-05-16 15:04:05,3650031635938989,晴晴Ace,[大笑][黑脸][大笑][黑脸][大笑][黑脸],[等级23],[粉丝团 Lv11]
2026-05-16 15:04:05,720902480736136,小杨在减肥,我一直趴那里的,[等级15],
2026-05-16 15:04:06,534807919995907,沈黑娃,这时候还捡装备？,[等级23],[粉丝团 Lv6]
2026-05-16 15:04:07,68295945503,风兮,无间道,[等级16],[粉丝团 Lv4]
2026-05-16 15:04:08,3544449118126824,爱吃醋的李,应该是妹妹,[等级25],[粉丝团 Lv11]
2026-05-16 15:04:08,51450704802,3个K,刚好下班,[等级24],[粉丝团 Lv11]
2026-05-16 15:04:09,61826877743,嫡长子,有一起打游戏的吗,[等级20],[粉丝团 Lv3]
2026-05-16 15:04:10,62978378029,钟灵毓秀,原住民,[等级21],[粉丝团 Lv11]
2026-05-16 15:04:12,88757268529,张小狮,吃鸡了还要舔包[捂脸][捂脸][捂脸],[等级11],[粉丝团 Lv11]
2026-05-16 15:04:18,98878505737,杰.,加班,,
2026-05-16 15:04:18,521610681385401,用户86521378568,下班下班,[等级1],
2026-05-16 15:04:19,63027055055,美女社社长,很明显的非法组队了,[等级2],
2026-05-16 15:04:19,64124242405,Dreamer,独狼,,
2026-05-16 15:04:19,59135552977,🌈李宝珺🌈🌈,第一次看见你吃鸡了[捂脸],[等级25],
2026-05-16 15:04:21,3650031635938989,晴晴Ace,[666][666][666],[等级23],[粉丝团 Lv11]
2026-05-16 15:04:21,100605495849,你头发乱了喔，,啊啊啊啊啊,[等级15],[粉丝团 Lv10]
2026-05-16 15:04:22,720902480736136,小杨在减肥,我只是想过个晋级赛,[等级15],
2026-05-16 15:04:30,82778911155,我的楼兰,再来一波,[等级15],[粉丝团 Lv10]
2026-05-16 15:04:31,2739596892059571,卖小男孩的核弹,@小杨在减肥 宝贝,[等级6],
2026-05-16 15:04:31,111267936686,魂歌,我在看你直播呢，没有非法组队，他们没进来看到我[捂脸],,
2026-05-16 15:04:35,75489745058,屁股上的酒窝,跳房顶的时候我看到小地图6个脚步,[等级12],[粉丝团 Lv1]
2026-05-16 15:04:36,1906967174984656,琪不奇怪,拜拜👋🏻,[等级10],[粉丝团 Lv10]
2026-05-16 15:04:36,96786220022,君不见,有少妇一起打游戏的时候,[等级16],[粉丝团 Lv8]
2026-05-16 15:04:37,92364586912,数字方块153，,张房子,[等级11],[粉丝团 Lv10]
2026-05-16 15:04:38,116989961990570,喜欢一个人,成都箭王张君雅牛逼👍👍👍👍👍👍666,[等级12],[粉丝团 Lv10]
2026-05-16 15:04:39,88757268529,张小狮,88,[等级11],[粉丝团 Lv11]
2026-05-16 15:04:40,3944681332022525,小咔啦咪,回着淘,[等级37],[粉丝团 Lv2]
2026-05-16 15:04:44,83024458084,善保,别啊,[等级32],[粉丝团 Lv2]
2026-05-16 15:04:44,1374805285681631,24kv,加班,,
2026-05-16 15:04:44,2258848122937539,岁月沙漏,拜拜,[等级13],[粉丝团 Lv6]
2026-05-16 15:04:44,104225317761,Hi 嘉宾,加班,[等级16],[粉丝团 Lv3]
2026-05-16 15:04:45,1711255742582829,硬度,年龄不代表一切，请重新审视自己对游戏的理解[戳手手],[等级19],[粉丝团 Lv11]
2026-05-16 15:04:45,11641859069,著名艺术家,拜拜,[等级21],
2026-05-16 15:04:45,7475950739811599420,立即成魔,才加10分,[等级2],
2026-05-16 15:04:47,83024458084,善保,继续呗,[等级32],[粉丝团 Lv2]
2026-05-16 15:04:47,116989961990570,喜欢一个人,晚上九点不见不散[比心][比心][比心],[等级12],[粉丝团 Lv10]
2026-05-16 15:04:47,2703019685981437,豆沙,拜拜👋👋👋👋👋👋👋👋👋👋👋👋👋👋👋👋👋👋👋👋,[等级11],
2026-05-16 15:04:48,88757268529,张小狮,晚上等你，酒店见,[等级11],[粉丝团 Lv11]
2026-05-16 15:04:48,96583964455,发,晚上酒店见,[等级19],[粉丝团 Lv12]
2026-05-16 15:04:48,2456740738897724,❤️💛💚💙💜,破防了,,
2026-05-16 15:04:50,104225317761,Hi 嘉宾,加班,[等级16],[粉丝团 Lv3]
2026-05-16 15:04:50,96712045544,AA照夜白,辛苦了[赞],[等级21],[粉丝团 Lv14]
2026-05-16 15:04:50,3502369753530640,初秧映,我才来,[等级2],
2026-05-16 15:04:52,3450712572831575,暮色,那是谁在直播,[等级43],
2026-05-16 15:04:53,2274247923467549,知遇👣,@kiki 打这个游戏年龄真的是个难题年纪大了反应慢很多,[等级24],[粉丝团 Lv10]
2026-05-16 15:04:53,83024458084,善保,继续呗,[等级32],[粉丝团 Lv2]
2026-05-16 15:04:54,3122234497437248,梁全其美,好的，叔,[等级15],[粉丝团 Lv10]
2026-05-16 15:04:54,215136114312093,水寒,在干一把,[等级3],
2026-05-16 15:04:55,64891362014,灵子,今晚酒店见。。。。。。。。。。。。,[等级9],[粉丝团 Lv6]
2026-05-16 15:04:55,51169770322,🍀兰兰🍀,我还想干,[等级15],
2026-05-16 15:04:56,66672197795,過客,拜拜,[等级34],[粉丝团 Lv7]
2026-05-16 15:04:56,4165407898869996,每天对被子表白,白白,[等级5],[粉丝团 Lv2]
2026-05-16 15:04:58,81923643945,知道了,干不动了吗,[等级21],
2026-05-16 15:04:58,74801492566,青禾影像-摄影师邵坤,酒店不见不散,[等级12],[粉丝团 Lv2]
2026-05-16 15:04:58,73133140989,行稳致远,大肘子拜拜,[等级31],[粉丝团 Lv15]
2026-05-16 15:05:00,7597413643777770545,哭哭马,酒店不见不散[捂脸][捂脸][捂脸],[等级14],
2026-05-16 15:05:00,60444392232,NN,哪个酒店,[等级10],
2026-05-16 15:05:01,2703019685981437,豆沙,晚上见[比心][比心][比心],[等级11],
2026-05-16 15:05:02,1906967174984656,琪不奇怪,@暮色 铁蛋,[等级10],[粉丝团 Lv10]
2026-05-16 15:05:03,83024458084,善保,加班,[等级32],[粉丝团 Lv2]
2026-05-16 15:05:04,101506242007,懵🫧,怎么看人的,[等级40],[粉丝团 Lv4]
2026-05-16 15:05:05,235723996298219,张君雅精彩画面,拜拜[比心],[等级8],[粉丝团 Lv11]
2026-05-16 15:05:05,2870198053640221,青柠.,酒店见,[等级3],[粉丝团 Lv2]
2026-05-16 15:05:06,102380940885,乱了浮生,干饭干饭,[等级26],[粉丝团 Lv11]
2026-05-16 15:05:06,1479292893016480,深情演绎,@暮色 铁蛋,[等级6],[粉丝团 Lv4]
2026-05-16 15:05:07,3993846421666916,AAA0828,晚上酒店见,[等级1],
2026-05-16 15:05:07,105580123470,archshen,酒店见,[等级25],[粉丝团 Lv9]
2026-05-16 15:05:07,414074297886,流萤,再见,[等级3],[粉丝团 Lv2]
2026-05-16 15:05:08,69441337274,猛龙过江,我在酒店等你,[等级23],[粉丝团 Lv7]
2026-05-16 15:05:08,83024458084,善保,加班,[等级32],[粉丝团 Lv2]
2026-05-16 15:05:10,3267367593579931,重庆满亿孵化养殖,你下了我可以上了,[等级13],
2026-05-16 15:05:11,63416229807,风沙迷了眼⁵¹⁰⁷⁴,没看到暴打窥屏仔,[等级21],[粉丝团 Lv15]
2026-05-16 15:05:12,4296533096014430,ღ᭄ꦿ꯭梦醒ღ心空꧔ꦿ᭄,🏨🏨🏨🏨，,[等级18],
2026-05-16 15:05:12,93621313217,自由人,如家酒店,[等级4],
2026-05-16 15:05:14,2703019685981437,豆沙,拜拜👋👋👋👋👋👋👋👋👋👋👋,[等级11],
2026-05-16 15:05:15,102380940885,乱了浮生,可以吃饭了,[等级26],[粉丝团 Lv11]
2026-05-16 15:05:16,3532063191606712,浅羽<服饰定制>限量,让你们酒店见,[等级2],
2026-05-16 15:05:17,4233546532927219,🉑🈶🉑🈚,酒店见,[等级20],[粉丝团 Lv10]
