time,user_id,user_name,content,grade,fans_club
2026-05-13 21:03:47,83724542786,青遥听雪,[捂脸][捂脸][捂脸][捂脸],[等级16],[粉丝团 Lv4]
2026-05-13 21:03:47,98368135041,捡瓶盖的小哥💫,张君雅张君雅,[等级24],
2026-05-13 21:03:47,111167818654,荔枝小丸,哈哈哈哈,[等级27],[粉丝团 Lv15]
2026-05-13 21:03:48,3949873380983047,Lc.,单排的吗？,[等级15],[粉丝团 Lv7]
2026-05-13 21:03:48,52775271316,田先生·,哈哈,[等级17],[粉丝团 Lv8]
2026-05-13 21:03:48,3157445076854464,无界,我去 这不是老黑吗,[等级15],[粉丝团 Lv5]
2026-05-13 21:03:49,875653320155998,乌拉……,完犊子，死亡3号位，落地成盒,,
2026-05-13 21:03:49,3755567245175758,江,张君雅[比心],[等级7],
2026-05-13 21:03:49,4862013350589,厉扑,上来就撩,[等级21],[粉丝团 Lv11]
2026-05-13 21:03:49,67223019113,伟,老黑专业偷人,[等级23],[粉丝团 Lv9]
2026-05-13 21:03:52,2933143326688360,行者,我去，老黑艾甜妹[捂脸][捂脸][赞][赞],[等级26],[粉丝团 Lv5]
2026-05-13 21:03:53,82883261676,捷腾物流曾平☀️,小歪。小歪[互粉],[等级16],
2026-05-13 21:03:53,111578549617,এۣۖิ 晚风᭄,局哥呢,[等级10],
2026-05-13 21:03:54,100988433191,☞*^_^*涛☜,雅马哈吗,[等级8],[粉丝团 Lv9]
2026-05-13 21:03:57,64253140611,是小宋啊,那么伤那么恨那么痛,[等级17],[粉丝团 Lv11]
2026-05-13 21:03:57,2937526807441763,护花俗人,死老黑一遇妹子就变温柔,[等级24],[粉丝团 Lv10]
2026-05-13 21:03:58,64352267094,北鸢⁸⁰⁰⁸,[捂脸][捂脸][捂脸],[等级16],[粉丝团 Lv10]
2026-05-13 21:04:00,1525725697671843,暮云归²⁰²⁶,假粉。不认识ID,[等级42],[粉丝团 Lv12]
2026-05-13 21:04:01,104917868526,🌅,张老黑,[等级7],[粉丝团 Lv8]
2026-05-13 21:04:03,2427344102360279,鹏哥🐮,一下就听出来了[捂脸],[等级13],[粉丝团 Lv12]
2026-05-13 21:04:05,100720118695,随意活着,一天不看大房子是浑身难受啊[捂脸][捂脸][捂脸],[等级11],[粉丝团 Lv11]
2026-05-13 21:04:06,1525725697671843,暮云归²⁰²⁶,[泣不成声][泣不成声],[等级42],[粉丝团 Lv12]
2026-05-13 21:04:07,109737006858,繁星一点,死亡三号完了[呲牙],[等级27],[粉丝团 Lv11]
2026-05-13 21:04:08,82883261676,捷腾物流曾平☀️,小歪。小歪，OVEr[捂脸],[等级16],
2026-05-13 21:04:08,68542591755,mizhon,君雅0几的？,[等级9],
2026-05-13 21:04:10,101658941422,100%,我前妻,[等级37],[粉丝团 Lv9]
2026-05-13 21:04:12,77739939467,旅程...,海岛名人[捂脸],[等级14],[粉丝团 Lv7]
2026-05-13 21:04:18,75515184486,晚安i,张老黑[爱心],[等级22],[粉丝团 Lv5]
2026-05-13 21:04:19,106181078286,花開願重逢,四号之前匹过,[等级5],[粉丝团 Lv4]
2026-05-13 21:04:21,94020127979,江枫,带飞不[捂脸],[等级4],[粉丝团 Lv1]
2026-05-13 21:04:23,95110302423,用户9772819509223,盒子,[等级6],
2026-05-13 21:04:25,603006804442072,无双✨,昨天干啥去了啊,[等级16],
2026-05-13 21:04:26,176377349548877,李爱笑丿,困吗,[等级4],
2026-05-13 21:04:29,2410566453040446,朋友的酒,海岛女明星,[等级3],[粉丝团 Lv7]
2026-05-13 21:04:31,65972743228,快乐,太有名了，一听声音就知道,[等级11],[粉丝团 Lv11]
2026-05-13 21:04:37,3157445076854464,无界,那是猫局,[等级15],[粉丝团 Lv5]
2026-05-13 21:04:38,104860905881,蓝色加勒比,张君雅辨识度拉满[666][666][666][666][666][666],[等级2],
2026-05-13 21:04:41,71176955055,通讯录的好友,没以前打的热血澎湃的，现在不好看了[捂脸][捂脸][捂脸],[等级14],[粉丝团 Lv11]
2026-05-13 21:04:41,59348532870,贫僧法号：乱来,掉大分,[等级34],
2026-05-13 21:04:44,62556044936,钧澜未央,@无双✨ 老黑每周二休息,[等级17],[粉丝团 Lv8]
2026-05-13 21:05:00,65008922355,🌈浮夸.,海岛悍妇第一人，谁人不知张君雅，,[等级27],[粉丝团 Lv5]
2026-05-13 21:05:02,105052889019,Sky輝,我爱俊雅,[等级21],
2026-05-13 21:05:07,59287878139,云南大龙哥🍄,主播袜子怎么样？,[等级24],[粉丝团 Lv10]
2026-05-13 21:05:12,93060552271,小别兔别又别,昨晚局哥 活活的被毒死  哈哈哈,[等级11],[粉丝团 Lv9]
2026-05-13 21:05:19,64559614201,OLL,一号是哪个主播,[等级4],
2026-05-13 21:05:19,2409724869872109,邪恶李李 🫧,今天看到嘴宝带菜园子挖宝打游戏了[捂脸],[等级32],[粉丝团 Lv10]
2026-05-13 21:05:21,75446230005,@Lucky￥,盒子,[等级17],[粉丝团 Lv13]
2026-05-13 21:05:22,68359033340,满满,爆炸工被削弱了呢,[等级11],[粉丝团 Lv7]
2026-05-13 21:05:31,106233306293,祥子,袜子可以买，质量不错,[等级16],[粉丝团 Lv11]
2026-05-13 21:05:38,65263583138,四川靓号之家,人机名字：插兄弟两刀,[等级32],[粉丝团 Lv16]
2026-05-13 21:05:40,1827809526030755,💮张💓君✡️雅💋老黑,君雅来了,[等级11],[粉丝团 Lv8]
2026-05-13 21:05:40,1556555157474350,🌈🌈小宝888888,@邪恶李李 🫧 什么时候,[等级18],
2026-05-13 21:05:47,4410884105452616,初相恋&终相守,@邪恶李李 🫧 老黄瓜打几天了[呲牙],[等级34],[粉丝团 Lv11]
2026-05-13 21:05:49,93032203992,秀儿⁵¹⁰⁷⁴,@🌈🌈小宝888888 下午,[等级19],[粉丝团 Lv12]
2026-05-13 21:05:52,102334226470,始兴野狼户外（刘帮主）,老黑今晚上早班[赞][呲牙],[等级13],[粉丝团 Lv8]
2026-05-13 21:05:57,76709520672,轧尕有活,爆炸弓这是削弱了么，两箭,[等级26],[粉丝团 Lv15]
2026-05-13 21:06:00,84450401746,观山,哪卖袜子,[等级23],[粉丝团 Lv6]
2026-05-13 21:06:05,2985862850940638,钢铁人王师傅,[比心],[等级9],[粉丝团 Lv10]
2026-05-13 21:06:18,3853110172199261,吃点猫耳朵,削弱了中午修复的,[等级10],[粉丝团 Lv8]
2026-05-13 21:06:34,97315012559,CC坦然,升级了,[等级33],[粉丝团 Lv6]
2026-05-13 21:06:34,3817984312222104,冷笑柒,@观山 主页的商品橱窗,[等级17],[粉丝团 Lv13]
2026-05-13 21:06:36,76133959662,@等风起,我靠，大佬啊,[等级14],[粉丝团 Lv8]
2026-05-13 21:06:40,1822363298300364,冰糖葫卢先生,爆炸弓今天被削弱了,,
2026-05-13 21:06:47,59787234343,2/！,啥削弱了,[等级21],[粉丝团 Lv5]
2026-05-13 21:06:49,64253771979,莎拉酱,@Kun° 老板大气,[等级13],[粉丝团 Lv10]
2026-05-13 21:06:51,93060552271,小别兔别又别,老板大气  老板大气,[等级11],[粉丝团 Lv9]
2026-05-13 21:06:56,65759302943,第三人称,该削了，不然太变态了，直接无视掩体,[等级9],[粉丝团 Lv11]
2026-05-13 21:06:59,93368482794,灵魂爱人👄,怎么感觉掉帧啊,[等级11],[粉丝团 Lv6]
2026-05-13 21:07:07,1134350379006733,烟酒生,一来就看到张老黑偷人,[等级19],[粉丝团 Lv3]
2026-05-13 21:07:09,77416951506,ら孤痞,@轧尕有活 好像是削弱了，刷抖音看到有人发作品说削弱了,[等级36],[粉丝团 Lv17]
2026-05-13 21:07:11,97315012559,CC坦然,老板糊涂,[等级33],[粉丝团 Lv6]
2026-05-13 21:07:24,1822363298300364,冰糖葫卢先生,更新了就削弱了,,
2026-05-13 21:07:30,105195225535,彬,这是放的录像吧，,[等级6],[粉丝团 Lv8]
2026-05-13 21:07:35,4162095481363833,mrtang,今天削弱的,,
2026-05-13 21:07:40,93032203992,秀儿⁵¹⁰⁷⁴,@彬 ？？？？？？？？？？,[等级19],[粉丝团 Lv12]
2026-05-13 21:07:47,1798427627499870,TeFuir,兄弟们，我来了,[等级26],[粉丝团 Lv12]
2026-05-13 21:07:52,105195225535,彬,看过这集,[等级6],[粉丝团 Lv8]
2026-05-13 21:07:54,2984502456237699,汪汪小汪,爆炸工吗,[等级32],[粉丝团:张君雅 Lv15]
2026-05-13 21:08:01,3680809831900556,先上DJ,今年谁赢[呲牙],[等级17],
2026-05-13 21:08:04,76133959662,@等风起,老黑快叫了,[等级14],[粉丝团 Lv8]
2026-05-13 21:08:04,465820773783655,用户空白,这是打了个装甲车把,[等级15],[粉丝团 Lv12]
2026-05-13 21:08:07,97881708502,信阳道源茶业,上,[等级27],
2026-05-13 21:08:09,98460975967,ەㅤㅤㅤㅤㅤㅤㅤㅤㅤ一个蛋🥚 ㅤㅤㅤㅤ,搞快点[看],[等级34],[粉丝团 Lv10]
2026-05-13 21:08:18,3933432383813963,无聊就发呆,6,[等级6],[粉丝团 Lv2]
2026-05-13 21:08:19,3765201499085319,匹夫,快跑哟，我来🫳你了,[等级17],[粉丝团 Lv9]
2026-05-13 21:08:21,77416951506,ら孤痞,@汪汪小汪 是的,[等级36],[粉丝团 Lv17]
2026-05-13 21:08:22,70839302644,小乐哥,@深情（张君雅助理） 你老板老公来了你也不欢迎,[等级6],
2026-05-13 21:08:30,70713167383,小冉不是小冉,1,[等级21],[粉丝团 Lv5]
2026-05-13 21:08:32,110895971722,一个人挺好…👿,张老黑我来晚了，快给我道歉,[等级24],[粉丝团 Lv8]
2026-05-13 21:08:37,4162095481363833,mrtang,小妹子求生欲很强[捂脸][捂脸][捂脸][捂脸],,
2026-05-13 21:08:38,7409694092488164412,一生一世亿双人,吓死宝宝了,[等级33],[粉丝团 Lv9]
2026-05-13 21:08:39,76773190783,馨儿💋,[666][666][666],[等级34],[粉丝团 Lv10]
2026-05-13 21:08:42,1944389489268328,破土,主播是怎么看到的,[等级22],
2026-05-13 21:08:43,93032203992,秀儿⁵¹⁰⁷⁴,哎呀，吓死宝宝了[捂脸][捂脸],[等级19],[粉丝团 Lv12]
2026-05-13 21:08:44,11805950518,深情（张君雅助理）,@小乐哥 谁啊,[等级39],[粉丝团:张君雅 Lv18]
2026-05-13 21:08:48,93060552271,小别兔别又别,装甲车也很实用,[等级11],[粉丝团 Lv9]
2026-05-13 21:08:50,7615988333545931813,ik-🦋,真的挺吓人     是我要哭,,
2026-05-13 21:08:52,77416951506,ら孤痞,@一个人挺好…👿 对不起,[等级36],[粉丝团 Lv17]
2026-05-13 21:08:55,64133755439,龍少⁸⁰⁰⁸,[捂脸][捂脸][捂脸],[等级28],[粉丝团 Lv11]
2026-05-13 21:08:56,3573876511223243,空白,宝宝好怕怕,[等级11],[粉丝团 Lv2]
2026-05-13 21:08:57,62250659807,我还是我。,学学,[等级4],
2026-05-13 21:08:58,2510933522645259,🍎紫,我今天差点一穿4,[等级16],
2026-05-13 21:09:01,4229150813988988,杠精儿,老黑嫉妒了[捂脸],[等级4],[粉丝团 Lv3]
2026-05-13 21:09:03,60234494791,莽小虎,怎么现在12点都还有信号枪？？,[等级26],[粉丝团 Lv10]
2026-05-13 21:09:07,2211842521836435,搁浅,1080,[等级10],
2026-05-13 21:09:07,63123151185,安年,我,[等级31],[粉丝团 Lv1]
2026-05-13 21:09:08,60234494791,莽小虎,怎么现在12点都还有信号枪？？,[等级26],[粉丝团 Lv10]
2026-05-13 21:09:15,60234494791,莽小虎,怎么现在12点都还有信号枪？？,[等级26],[粉丝团 Lv10]
2026-05-13 21:09:19,85300433458,ʕ•̫͡•ʔ维仔ᥫᩣ,[比心],[等级20],[粉丝团 Lv3]
2026-05-13 21:09:21,70841787770,嗨🔥嗨🔥嗨,快去抢空投[捂脸][捂脸][捂脸],[等级25],[粉丝团 Lv8]
2026-05-13 21:09:24,1024396019894413,冲动是魔鬼,替TeFuir滴个富婆少妇,[等级18],[粉丝团 Lv13]
2026-05-13 21:09:25,83151173454603,随遇安-,改时间了,[等级8],
2026-05-13 21:09:26,93134596561,螺妹·守艺人柳州螺蛳粉(崇文店)官方号,12点有呀,[等级9],[粉丝团 Lv2]
2026-05-13 21:09:26,101137468166,地球上只有一个中国,去拿空投,[等级7],
2026-05-13 21:09:30,3312151228593960,耙华华,君雅，我爱你😘,[等级21],[粉丝团 Lv10]
2026-05-13 21:09:31,93032203992,秀儿⁵¹⁰⁷⁴,@莽小虎 都一个月了,[等级19],[粉丝团 Lv12]
2026-05-13 21:09:31,96870192629,龍,爆炸弓是咋玩的,[等级24],
2026-05-13 21:09:32,1231099222033309,杨同学～努力ing,老六,,
2026-05-13 21:09:34,93969423743,冷雨,老黑学学人家妹子,[等级12],[粉丝团 Lv10]
2026-05-13 21:09:34,93171998731,a屁桃,谁要送了？,[等级15],[粉丝团 Lv11]
2026-05-13 21:09:34,65759302943,第三人称,一般吧[看]没有张君雅牛,[等级9],[粉丝团 Lv11]
2026-05-13 21:09:35,101629850514,张老黑的飞哥⁵¹⁰⁷⁴,@莽小虎 改了,[等级33],[粉丝团 Lv16]
2026-05-13 21:09:36,2605167718186410,抠脚大汉,@深情（张君雅助理） 你欠我深情一吻[捂脸][捂脸][捂脸][捂脸],[等级34],[粉丝团 Lv10]
2026-05-13 21:09:36,98460975967,ەㅤㅤㅤㅤㅤㅤㅤㅤㅤ一个蛋🥚 ㅤㅤㅤㅤ,[看],[等级34],[粉丝团 Lv10]
2026-05-13 21:09:39,4200551147897191,棋士,媲美天眼系统,[等级20],[粉丝团 Lv13]
2026-05-13 21:09:39,69550548628,月朦胧,好久不见啊,[等级4],
2026-05-13 21:09:40,96686893754,欭惗,中午那个机长牛B,[等级9],[粉丝团 Lv5]
2026-05-13 21:09:44,2984502456237699,汪汪小汪,好的送小心心,[等级32],[粉丝团:张君雅 Lv15]
2026-05-13 21:09:44,4162095481363833,mrtang,今天过生日[捂脸][捂脸]求大家点点赞,,
2026-05-13 21:09:47,96966298494,（Leo）,煮啵主播，m4和74u这赛季哪个强嘛,[等级20],
2026-05-13 21:09:48,105331930370,执着的,就是钢枪,[等级11],[粉丝团 Lv4]
2026-05-13 21:09:48,70839302644,小乐哥,给你送给你红袜子,[等级6],
2026-05-13 21:09:49,109044551886,🌈一世浮华じ,老黑你想多了[看],[等级15],[粉丝团 Lv9]
2026-05-13 21:09:51,7409694092488164412,一生一世亿双人,我没送灯牌 张老黑都知道,[等级33],[粉丝团 Lv9]
2026-05-13 21:09:52,4156624146008430,喔丢,好的，小星星,[等级23],[粉丝团 Lv11]
2026-05-13 21:09:53,2219267123059902,🌈蓝桉***,能叫我一声张君雅吗？,[等级7],[粉丝团 Lv10]
2026-05-13 21:09:54,2985896913671203,hy2016,嘉年华‘啾,[等级16],[粉丝团 Lv2]
2026-05-13 21:10:05,58566247170,小小苏,一看就会 一动手就废,[等级25],
2026-05-13 21:10:08,2634850192076140,长生@,昨天咋没开直播？,[等级28],
2026-05-13 21:10:16,1864375673819964,@﹌自由_,但虽然没有礼物送  但是你必须说爱我,[等级27],[粉丝团 Lv3]
2026-05-13 21:10:18,98460975967,ەㅤㅤㅤㅤㅤㅤㅤㅤㅤ一个蛋🥚 ㅤㅤㅤㅤ,[看][看][看],[等级34],[粉丝团 Lv10]
2026-05-13 21:10:19,6472167828,顺城,我钱少，就凑个人场[捂脸],[等级22],[粉丝团 Lv15]
2026-05-13 21:10:19,1259364523448220,狒狒躺赢纪,晚上好，小甜甜,[等级18],[粉丝团 Lv4]
2026-05-13 21:10:21,110895971722,一个人挺好…👿,@长生@ 周二正常休息,[等级24],[粉丝团 Lv8]
2026-05-13 21:10:21,83067929615,清风徐来…,@[比心][看][捂脸][玫瑰][赞][玫瑰][666][赞][打call][流泪][666][666][666][666][666][666][666][666][666],[等级14],
2026-05-13 21:10:21,3518066405420040,小林子,[捂脸],[等级11],[粉丝团 Lv1]
2026-05-13 21:10:21,93032203992,秀儿⁵¹⁰⁷⁴,@长生@ 星期二休息,[等级19],[粉丝团 Lv12]
2026-05-13 21:10:22,110794631072,空空,老黑了,[等级22],[粉丝团 Lv6]
2026-05-13 21:10:25,101629850514,张老黑的飞哥⁵¹⁰⁷⁴,@长生@ 周二休息,[等级33],[粉丝团 Lv16]
2026-05-13 21:10:27,2782225270309235,问心,为什么我的爆炸弓总是射不到人,[等级13],[粉丝团 Lv8]
2026-05-13 21:10:31,67851755535,淳1,@长生@ 昨天休息,[等级9],[粉丝团 Lv11]
2026-05-13 21:10:34,3784990542015783,一,看嘉年华,[等级7],[粉丝团 Lv9]
2026-05-13 21:10:35,2414168284857165,漠漠,爆炸弓被削了,[等级9],
2026-05-13 21:10:37,2782225270309235,问心,是能射到，就是一箭射不死,[等级13],[粉丝团 Lv8]
2026-05-13 21:10:46,93536983676,空调安装,上人,[等级12],[粉丝团 Lv10]
2026-05-13 21:10:50,2541707176186030,一路相随,爆炸弓是不是削弱啦,[等级15],[粉丝团 Lv10]
2026-05-13 21:10:50,3377334501516344,虾仁猪心(˃ ⌑ ˂ഃ ),右手边,[等级19],[粉丝团 Lv5]
2026-05-13 21:10:56,65759302943,第三人称,@问心 太软了吧拉的不够久,[等级9],[粉丝团 Lv11]
2026-05-13 21:10:58,2007084944330340,陈不住气的玩意,@问心 多练就好了,,
2026-05-13 21:10:58,110769666293,ღ᭄半城💞烟雨℘᭄ᩚ,爱播，灵敏度能不能看一下,[等级35],[粉丝团 Lv2]
2026-05-13 21:11:00,83067929615,清风徐来…,[捂脸][比心][互粉][666][666][666][666][666][666][666][666][666][666][666][666][666][666][666][666][666][666][666][666][666][666],[等级14],
2026-05-13 21:11:01,3134021366194635,白鶴,空投呢,[等级5],
2026-05-13 21:11:02,106480597465,lvyii,空投哪去了,[等级11],
2026-05-13 21:11:04,4862013350589,厉扑,老黑的女粉都好温柔啊,[等级21],[粉丝团 Lv11]
2026-05-13 21:11:08,74972771661,🌈王令群,@小梦 [抠鼻],[等级25],
2026-05-13 21:11:08,2427344102360279,鹏哥🐮,猫局昨晚毒屎了[捂脸],[等级13],[粉丝团 Lv12]
2026-05-13 21:11:13,1525725697671843,暮云归²⁰²⁶,@ღ᭄半城💞烟雨℘᭄ᩚ 群里有,[等级42],[粉丝团 Lv12]
2026-05-13 21:11:13,93032203992,秀儿⁵¹⁰⁷⁴,空投是车,[等级19],[粉丝团 Lv12]
2026-05-13 21:11:15,83067929615,清风徐来…,[666][666][666][666][666][666][666][666][666][666][666][666][666][666][666][666][666][666][666][666],[等级14],
2026-05-13 21:11:19,2414168284857165,漠漠,削了飞溅伤害,[等级9],
2026-05-13 21:11:19,1822363298300364,冰糖葫卢先生,不抢空投？,,
2026-05-13 21:11:25,2007084944330340,陈不住气的玩意,@鹏哥🐮 哈哈哈 看到了笑死,,
2026-05-13 21:11:25,105148636454,༒࿈狼啸永恒࿈༒,还是有猫局好看[捂脸][捂脸][捂脸],[等级14],[粉丝团 Lv6]
2026-05-13 21:11:33,4006250759597895,周蒙,空投是个车，装甲车,[等级25],[粉丝团 Lv5]
2026-05-13 21:11:34,78267720770,龍⁵¹⁰⁷⁴,@鹏哥🐮 太搞笑了,[等级28],[粉丝团 Lv15]
2026-05-13 21:11:35,83067929615,清风徐来…,[666][666][666][666][666][666][666][666][666][666][666][666][666][666][666][666][666][666][666][666][666][666][666][666][666][666][666][666],[等级14],
2026-05-13 21:11:42,52885706679,飞翔2022,是消弱了，要多打一剑,[等级13],[粉丝团 Lv1]
2026-05-13 21:11:50,2159866394979848,用户3415706323344,局哥昨天晚上毒死了,[等级4],[粉丝团 Lv7]
2026-05-13 21:11:52,3732187851805405,柒,局哥昨晚捡到信号枪被毒死了[看],[等级10],[粉丝团 Lv6]
2026-05-13 21:11:59,58520899379,静压桩专业施工团队,猫局昨晚都被毒死,[等级28],
2026-05-13 21:12:01,1003232807106727,长安某🌊,猫局昨天就死了,[等级23],
2026-05-13 21:12:07,58981583301,Annie`,哈哈哈昨天局哥被毒死了哈哈哈哈哈哈,[等级16],
2026-05-13 21:12:10,83938218726,老爸,局哥昨天毒死了,[等级16],[粉丝团 Lv4]
2026-05-13 21:12:10,3795155452705660,不加糖,堂堂战神，被毒死[捂脸],[等级21],[粉丝团 Lv3]
2026-05-13 21:12:11,2824008837643668,Hom,局昨晚匹配到一位16岁未成年少女，你待会问问局哥什么感觉,,
2026-05-13 21:12:16,58520899379,静压桩专业施工团队,猫局昨晚各位死[捂脸],[等级28],
2026-05-13 21:12:18,60315789846,皮蛋瘦肉周女士♀,昨晚猫局被毒死了，好惨,[等级14],[粉丝团 Lv12]
2026-05-13 21:12:21,88688880486,微笑🚥,晋级赛又碎了[流泪],[等级15],[粉丝团 Lv12]
2026-05-13 21:12:23,1003232807106727,长安某🌊,活生生毒死了,[等级23],
2026-05-13 21:12:25,1503742727296619,大碴粥a咸鸭蛋,大房子,[等级13],[粉丝团 Lv2]
2026-05-13 21:12:33,68624310158,詹姆斯,老黑，灵敏度在哪看,[等级28],[粉丝团 Lv5]
2026-05-13 21:12:38,96390041469,漫步太空,发福袋，没钻石续灯牌了,[等级42],[粉丝团 Lv12]
2026-05-13 21:12:45,3769556590667043,茅台,你要拿个麻雀？,[等级16],
2026-05-13 21:12:50,83938218726,老爸,老黑昨天局哥堵死了,[等级16],[粉丝团 Lv4]
2026-05-13 21:12:52,3864157386712875,BWRZ(记录美好)2,昨天的事跟今天有什么关系？,[等级22],[粉丝团 Lv13]
2026-05-13 21:12:54,110895971722,一个人挺好…👿,@詹姆斯 会员群,[等级24],[粉丝团 Lv8]
2026-05-13 21:12:56,101822137025,💞ꦽ满是心酸ꦿ皆是遗憾,悲剧从演？ 我是错过哪场直播了,[等级13],[粉丝团 Lv8]
2026-05-13 21:13:06,3021056084285832,💫,@漫步太空 这福袋，你能抢得到？兄弟,[等级39],[粉丝团:张君雅 Lv16]
2026-05-13 21:13:18,68422483360,深情不及久伴,@漫步太空 压根抢不到,[等级25],[粉丝团 Lv11]
2026-05-13 21:13:19,83067929615,清风徐来…,[蕉绿][扎心][扎心][圣诞树][圣诞树][蕉绿],[等级14],
2026-05-13 21:13:21,105052889019,Sky輝,君雅呢,[等级21],
2026-05-13 21:13:29,99669389955,z..¹⁹⁸⁷,@漫步太空 靠腰 42级诶。大哥你,[等级12],[粉丝团 Lv11]
2026-05-13 21:13:31,2007084944330340,陈不住气的玩意,666,,
2026-05-13 21:13:37,2312967289047828,…..,666,[等级11],
2026-05-13 21:13:37,96390041469,漫步太空,@💫 抢过很多次，就是没中过[捂脸],[等级42],[粉丝团 Lv12]
2026-05-13 21:13:41,65517029712,山高路远,想看你带妹妹,[等级11],
2026-05-13 21:13:50,1798427627499870,TeFuir,低谷期，有没有多余的少妇分我个,[等级26],[粉丝团 Lv12]
2026-05-13 21:13:58,63800656091,只吃一口口,爆炸弓这么强,[等级18],
2026-05-13 21:13:58,3101038202323388,碲,他想抓你,[等级24],
2026-05-13 21:14:00,93032203992,秀儿⁵¹⁰⁷⁴,四个妹子,[等级19],[粉丝团 Lv12]
2026-05-13 21:14:06,1024396019894413,冲动是魔鬼,@TeFuir 有好多[捂脸][捂脸][捂脸],[等级18],[粉丝团 Lv13]
2026-05-13 21:14:06,65517029712,山高路远,想看你带妹妹,[等级11],
2026-05-13 21:14:10,3864157386712875,BWRZ(记录美好)2,笑死[看],[等级22],[粉丝团 Lv13]
2026-05-13 21:14:12,58416689498,🇲🇴陈先森,跟上次一样,[等级30],[粉丝团 Lv12]
2026-05-13 21:14:14,1822363298300364,冰糖葫卢先生,猫眼,,
2026-05-13 21:14:16,94554790742,龙…,丽丽,[等级13],
2026-05-13 21:14:18,1798427627499870,TeFuir,@冲动是魔鬼 [酷拽],[等级26],[粉丝团 Lv12]
2026-05-13 21:14:18,1822363298300364,冰糖葫卢先生,[捂脸],,
2026-05-13 21:14:20,3104613352084124,五行缺钱,哈哈哈,[等级9],
2026-05-13 21:14:20,3529852089799556,政,哈哈哈,[等级16],
2026-05-13 21:14:22,71748801977,余生漫漫*,[666][666][666][666],[等级1],
2026-05-13 21:14:22,77416951506,ら孤痞,@TeFuir 叫深情帮你滴[看],[等级36],[粉丝团 Lv17]
2026-05-13 21:14:22,3021056084285832,💫,@漫步太空 没事的，我16级没中过[懵],[等级39],[粉丝团:张君雅 Lv16]
2026-05-13 21:14:23,3864157386712875,BWRZ(记录美好)2,shi[看],[等级22],[粉丝团 Lv13]
2026-05-13 21:14:24,109044551886,🌈一世浮华じ,[捂脸][捂脸][捂脸][捂脸][捂脸],[等级15],[粉丝团 Lv9]
2026-05-13 21:14:25,86562890288,ㅤ　 ㅤ顺利朱,[捂脸][捂脸][捂脸],[等级20],[粉丝团 Lv11]
2026-05-13 21:14:25,3036199494624010,悦己,[捂脸][捂脸],[等级14],[粉丝团 Lv8]
2026-05-13 21:14:25,78267720770,龍⁵¹⁰⁷⁴,[捂脸][捂脸][捂脸][捂脸],[等级28],[粉丝团 Lv15]
2026-05-13 21:14:25,59200421796,躲帅,[666][666][666][666][666],[等级19],[粉丝团 Lv13]
2026-05-13 21:14:25,2119470609606635,小哥,哈哈,[等级40],
2026-05-13 21:14:30,4503658257446344,🥐cornetto,快给我道歉  我迟到了,[等级41],[粉丝团 Lv6]
2026-05-13 21:14:32,1066986895315563,只看不回,打情骂俏,,
2026-05-13 21:14:35,96372548189208,@安生,注意注意,[等级7],[粉丝团 Lv1]
2026-05-13 21:14:36,1827809526030755,💮张💓君✡️雅💋老黑,哈哈哈哈哈,[等级11],[粉丝团 Lv8]
2026-05-13 21:14:37,2427344102360279,鹏哥🐮,这弓箭玩的[666],[等级13],[粉丝团 Lv12]
2026-05-13 21:14:37,98223003329,同桌在麻豆,还挺押运[抠鼻][抠鼻][抠鼻],[等级3],[粉丝团 Lv3]
2026-05-13 21:14:38,82197905185,㭍ㄦメ,怎么才二级包,[等级25],[粉丝团 Lv11]
2026-05-13 21:14:39,98460975967,ەㅤㅤㅤㅤㅤㅤㅤㅤㅤ一个蛋🥚 ㅤㅤㅤㅤ,[抠鼻],[等级34],[粉丝团 Lv10]
2026-05-13 21:14:39,61772282639,🦄潇洒的茂茂哥💋,张口就来啊！老黑[尬笑][奸笑],[等级32],[粉丝团 Lv11]
2026-05-13 21:14:39,3104613352084124,五行缺钱,局哥竟然不反抗,[等级9],
2026-05-13 21:14:41,1433375872400744,klng,这剧情好像见过,[等级19],
2026-05-13 21:14:45,63543126668,黑麦子,有点不喜欢这个猫！个人观点,[等级15],
2026-05-13 21:14:49,102057833976,就事论事,多拿点弓箭,[等级7],[粉丝团 Lv9]
2026-05-13 21:14:49,76709520672,轧尕有活,削弱对箭王来说不是事,[等级26],[粉丝团 Lv15]
2026-05-13 21:14:49,1798427627499870,TeFuir,@ら孤痞 不不不，闹着玩，认真就不好了,[等级26],[粉丝团 Lv12]
2026-05-13 21:14:51,1827809526030755,💮张💓君✡️雅💋老黑,[打脸][打脸][打脸],[等级11],[粉丝团 Lv8]
2026-05-13 21:14:55,3898192624102731,小雨￴￴ ￴￴￴ ￴ ￴,[钱][不失礼貌的微笑][坏笑][不失礼貌的微笑][钱][不失礼貌的微笑][坏笑][不失礼貌的微笑][钱][不失礼貌的微笑][坏笑][不失礼貌的微笑][钱][不失礼貌的微笑][坏笑][不失礼貌的微笑],[等级19],[粉丝团 Lv6]
2026-05-13 21:14:55,1024396019894413,冲动是魔鬼,@深情（张君雅助理） 替TeFuir滴个富婆少妇[捂脸],[等级18],[粉丝团 Lv13]
2026-05-13 21:14:57,131572352952336,阿海囗,我用放大镜都没看到人你是怎么看见的[捂脸],[等级2],
2026-05-13 21:14:58,3746724026530539,因果,老黑有没有使坏？进来看一眼[呲牙][呲牙],[等级14],[粉丝团 Lv6]
2026-05-13 21:15:04,1723660957387304,浮生💔无相,桥上还有药的,[等级28],[粉丝团 Lv11]
2026-05-13 21:15:07,111188397567,生活,你喝点饮料,[等级4],
2026-05-13 21:15:13,892413678724877,厌遇,@五行缺钱 没办法，局哥宠老黑[捂脸][笑哭][捂脸][笑哭],[等级24],[粉丝团 Lv6]
2026-05-13 21:15:22,530428046355452,不经意亲你一口,老黑带4个治疗包,[等级34],[粉丝团 Lv9]
2026-05-13 21:15:23,7409694092488164412,一生一世亿双人,你不撞那个人机 你也冲过来了[捂脸][捂脸][捂脸],[等级33],[粉丝团 Lv9]
2026-05-13 21:15:26,135937604456056,Mr～李,每次搜你都会先搜到一个擦边主播,[等级20],[粉丝团 Lv3]
2026-05-13 21:15:33,109544019260,农夫三拳,那还不给人机磕一个,[等级10],[粉丝团 Lv11]
2026-05-13 21:15:33,85967801717,痴爱ᶜᵃⁱ,[666],[等级20],[粉丝团 Lv13]
2026-05-13 21:15:37,63543126668,黑麦子,老黑技术也不错啊,[等级15],
2026-05-13 21:15:38,73069329092,搁浅,这骑马技术很好,[等级7],[粉丝团 Lv3]
2026-05-13 21:15:42,101629850514,张老黑的飞哥⁵¹⁰⁷⁴,@Mr～李 关注一下呗,[等级33],[粉丝团 Lv16]
2026-05-13 21:15:44,2007084944330340,陈不住气的玩意,@黑麦子 也没让你喜欢啊,,
2026-05-13 21:15:45,77416951506,ら孤痞,@TeFuir 我也是闹着玩的，深情也不会干这事[看],[等级36],[粉丝团 Lv17]
2026-05-13 21:15:49,3021056084285832,💫,@Mr～李 关注一手[比心],[等级39],[粉丝团:张君雅 Lv16]
2026-05-13 21:15:56,95115571480,雁過藍天,开心哦,[等级2],
2026-05-13 21:16:03,1798427627499870,TeFuir,小厨今天咋没来,[等级26],[粉丝团 Lv12]
2026-05-13 21:16:03,92674535284,影子 ,老黑现在身价多少，几千万？,[等级15],[粉丝团 Lv7]
2026-05-13 21:16:05,1739853394346796,无心法师,[紫薇别走]🇨🇦答应我干下去,,
2026-05-13 21:16:06,4503658257446344,🥐cornetto,@ら孤痞 深情自己都没有,[等级41],[粉丝团 Lv6]
2026-05-13 21:16:06,103591335296,礼,温桑 温桑,[等级20],[粉丝团 Lv10]
2026-05-13 21:16:12,7442318742409184313,Vv恬,你的马儿好听话啊,[等级15],[粉丝团 Lv10]
2026-05-13 21:16:13,109190910078,玖.,@黑麦子 你的观点谁在乎,[等级12],[粉丝团 Lv11]
2026-05-13 21:16:14,2701924113590364,山风,不是有密室钥匙吗,[等级9],[粉丝团 Lv10]
2026-05-13 21:16:16,93248047652,萍水相逢,信号枪,[等级15],[粉丝团 Lv11]
2026-05-13 21:16:16,2350104233645243,派大星的海洋裤,昨天猫局老惨了,,
2026-05-13 21:16:20,102334226470,始兴野狼户外（刘帮主）,一切都是刚刚好，一见老黑马上倒[呲牙],[等级13],[粉丝团 Lv8]
2026-05-13 21:16:20,309411621386987,90后公子,小姐姐温柔,[等级20],[粉丝团 Lv7]
2026-05-13 21:16:22,3518088034139172,🌻🌻🌻,大仓信号枪,[等级25],[粉丝团 Lv10]
2026-05-13 21:16:24,4200551147897191,棋士,给猫贴个膜这个吵死了,[等级20],[粉丝团 Lv13]
2026-05-13 21:16:27,2395184081945055,忙里偷闲⁵¹⁰⁷⁴,点亮灯牌，点亮灯牌的各位帅哥美女，心想事成，一夜暴富[比心][比心][比心],[等级29],[粉丝团 Lv15]
2026-05-13 21:16:28,1525725697671843,暮云归²⁰²⁶,叫宝宝[偷笑],[等级42],[粉丝团 Lv12]
2026-05-13 21:16:30,75474673634,半成熟§ㄝRenゞ,你也有,[等级31],[粉丝团 Lv2]
2026-05-13 21:16:34,108834329822,千奇百怪,@Mr～李 你是不是关注那个大灯泡了[捂脸],[等级13],[粉丝团 Lv6]
2026-05-13 21:16:34,103591335296,礼,瘟桑,[等级20],[粉丝团 Lv10]
2026-05-13 21:16:35,4503658257446344,🥐cornetto,@派大星的海洋裤 毒死了哈哈哈,[等级41],[粉丝团 Lv6]
2026-05-13 21:16:36,465820773783655,用户空白,你自己不就有吗钥匙,[等级15],[粉丝团 Lv12]
2026-05-13 21:16:36,97035872603,xi唐滚滚a,@TeFuir 现在用上深情了，下一个就是爱播帮你滴了,[等级13],[粉丝团 Lv12]
2026-05-13 21:16:45,131572352952336,阿海囗,老黑嘴巴好大[捂脸],[等级2],
2026-05-13 21:16:49,65517029712,山高路远,妹妹多说话,[等级11],
2026-05-13 21:16:52,3021056084285832,💫,@影子  说少了，去年刚买了几栋楼，锦江区那边,[等级39],[粉丝团:张君雅 Lv16]
2026-05-13 21:16:53,1798427627499870,TeFuir,@xi唐滚滚a 你们几个过分了,[等级26],[粉丝团 Lv12]
2026-05-13 21:16:58,108343994389,小孩子气,别打啊雅姐,[等级14],
2026-05-13 21:17:02,109336122589,♛,软糯香甜的小蛋糕,[等级7],
2026-05-13 21:17:05,108343994389,小孩子气,给个马我,[等级14],
2026-05-13 21:17:10,105787521156,盒子,@佑润地产小陆,[等级24],[粉丝团 Lv3]
2026-05-13 21:17:11,3864157386712875,BWRZ(记录美好)2,真能yy[抠鼻][抠鼻],[等级22],[粉丝团 Lv13]
2026-05-13 21:17:14,83067929615,清风徐来…,[色][呲牙][呲牙][色][色][色][色][色][色][色][色][色][色][色][色][色][色][色][色][色][色][色][色][色][色][色][色][色][色],[等级14],
2026-05-13 21:17:17,103988316171,心机之蛙一直摸你肚子,把马给杀了,[等级13],[粉丝团 Lv10]
2026-05-13 21:17:17,96194870833,ᝰꫛ时来运转ꫀ,王麻子皮肤好帅啊,[等级20],[粉丝团 Lv2]
2026-05-13 21:17:18,96635977587,军师（12.15）,故意放的,[等级14],[粉丝团 Lv11]
2026-05-13 21:17:21,50994395662,Z.x.y,小蛋糕晚上好,[等级30],[粉丝团 Lv13]
2026-05-13 21:17:21,102334226470,始兴野狼户外（刘帮主）,修马,[等级13],[粉丝团 Lv8]
2026-05-13 21:17:21,2350104233645243,派大星的海洋裤,@🥐cornetto 还被6了，,,
2026-05-13 21:17:26,135937604456056,Mr～李,@千奇百怪 没有 我一直有关注老黑的 最近一搜她都是排前边,[等级20],[粉丝团 Lv3]
2026-05-13 21:17:27,22077196930,王德发🧚🏻‍♀️,坏啊[看],[等级9],[粉丝团 Lv10]
2026-05-13 21:17:30,99669389955,z..¹⁹⁸⁷,qs,[等级12],[粉丝团 Lv11]
2026-05-13 21:17:36,77416951506,ら孤痞,@🥐cornetto 深情五十八带三娃了[看],[等级36],[粉丝团 Lv17]
2026-05-13 21:17:40,76133959662,@等风起,老黑别打，我在洞里面,[等级14],[粉丝团 Lv8]
2026-05-13 21:17:41,101665125778,🦊年年有余,粉丝,[等级16],[粉丝团 Lv11]
2026-05-13 21:17:46,69549195417,久睡成瘾,粉丝[捂脸],[等级26],[粉丝团 Lv8]
2026-05-13 21:17:46,101665125778,🦊年年有余,粉丝,[等级16],[粉丝团 Lv11]
2026-05-13 21:17:47,1906967174984656,琪不奇怪,[打call][打call][打call],[等级10],[粉丝团 Lv9]
2026-05-13 21:17:47,95345770499,皮皮、,服了 把我们马打了,[等级22],
2026-05-13 21:17:48,102334226470,始兴野狼户外（刘帮主）,开车塞门,[等级13],[粉丝团 Lv8]
2026-05-13 21:17:53,7634536216314332197,TmQi,[呲牙][呲牙][呲牙],[等级3],[粉丝团 Lv4]
2026-05-13 21:17:55,2007084944330340,陈不住气的玩意,哈哈哈哈,,
2026-05-13 21:18:00,96194870833,ᝰꫛ时来运转ꫀ,王麻子皮肤要多少钱出啊,[等级20],[粉丝团 Lv2]
2026-05-13 21:18:02,97035872603,xi唐滚滚a,@TeFuir 爱播的凝聚力强多了,[等级13],[粉丝团 Lv12]
2026-05-13 21:18:03,4111794276932327,会功夫的小Q,暗号是怎么打得,[等级7],[粉丝团 Lv3]
2026-05-13 21:18:04,110895971722,一个人挺好…👿,老黑别打我，让我打你,[等级24],[粉丝团 Lv8]
2026-05-13 21:18:07,95507451318,溪鱼,哒哒 哒哒哒  老黑.别打我,[等级17],[粉丝团 Lv10]
2026-05-13 21:18:09,3960882075280280,S乄𢗀☞💀,@皮皮、 出来干她,[等级40],[粉丝团 Lv9]
2026-05-13 21:18:09,4162095481363833,mrtang,粉丝求生欲也很强[捂脸][捂脸][捂脸][捂脸][捂脸],,
2026-05-13 21:18:10,1024396019894413,冲动是魔鬼,哦14级了[捂脸][捂脸][捂脸][捂脸],[等级18],[粉丝团 Lv14]
2026-05-13 21:18:11,102863732008,星空之恋酒吧,老黑，你把我马打了,[等级24],[粉丝团 Lv4]
2026-05-13 21:18:14,93793070880,小磊,@皮皮、 举报他,[等级24],[粉丝团 Lv9]
2026-05-13 21:18:15,69549195417,久睡成瘾,@皮皮、 早打暗号啊,[等级26],[粉丝团 Lv8]
2026-05-13 21:18:16,1604906776528811,C.C.,[爱心]哒哒哒哒,[等级10],[粉丝团 Lv8]
2026-05-13 21:18:17,108343994389,小孩子气,还我马啊,[等级14],
2026-05-13 21:18:22,4503658257446344,🥐cornetto,@ら孤痞[捂脸]  你抹黑别人真的一绝,[等级41],[粉丝团 Lv6]
2026-05-13 21:18:25,93060552271,小别兔别又别,暗号  哒 哒 哒 哒哒哒,[等级11],[粉丝团 Lv9]
2026-05-13 21:18:28,93793070880,小磊,@星空之恋酒吧 你举报他,[等级24],[粉丝团 Lv9]
2026-05-13 21:18:32,7409694092488164412,一生一世亿双人,哒   哒    哒哒哒,[等级33],[粉丝团 Lv9]
2026-05-13 21:18:33,69656856233,无名小卒PLA,还我马,[等级23],[粉丝团 Lv11]
2026-05-13 21:18:35,98211015545,金浅浅～,老黑走了都不错了[捂脸],[等级14],[粉丝团 Lv12]
2026-05-13 21:18:35,95345770499,皮皮、,@S乄𢗀☞💀 我们只有两个队友了 干不过,[等级22],
2026-05-13 21:18:38,93271781239,㞮孞🚬,大美七,[等级18],[粉丝团 Lv8]
2026-05-13 21:18:40,7450110997022393401,保护水晶,[比心][比心][比心],[等级2],[粉丝团 Lv4]
2026-05-13 21:18:41,69549195417,久睡成瘾,@星空之恋酒吧 暗号打晚了[捂脸],[等级26],[粉丝团 Lv8]
2026-05-13 21:18:42,101808958385,陆辰,有延迟的，他说啥你们也信,[等级26],[粉丝团 Lv11]
2026-05-13 21:18:43,62203129282,王𝒲𝒶𝓃ℊ ᥫᩣ💫,你却三级头 黑子,[等级27],[粉丝团 Lv15]
2026-05-13 21:18:45,109514934819,璇公子,还是打不着我，一会我来6你,[等级21],[粉丝团 Lv8]
2026-05-13 21:18:50,63019632364,仰望星空,缺一架空警500侦察机[捂脸][捂脸][捂脸][捂脸][捂脸],[等级31],[粉丝团 Lv4]
2026-05-13 21:18:50,102156597466,幸运草🌿,[赞][赞][赞],[等级13],[粉丝团 Lv8]
2026-05-13 21:18:52,58416689498,🇲🇴陈先森,你又打我马,[等级30],[粉丝团 Lv12]
2026-05-13 21:18:56,1024396019894413,冲动是魔鬼,@金浅浅～ 滴滴一下,[等级18],[粉丝团 Lv14]
2026-05-13 21:18:57,69656856233,无名小卒PLA,服了拉个伞包都不行,[等级23],[粉丝团 Lv11]
2026-05-13 21:19:00,58416689498,🇲🇴陈先森,不是给你打暗号了,[等级30],[粉丝团 Lv12]
2026-05-13 21:19:03,59985925263,安心工作,老黑，我耐你，想跟你处对象[爱心][爱心][爱心][爱心][爱心][爱心][爱心][爱心][爱心][爱心][爱心][爱心][爱心][爱心][爱心][爱心][爱心],[等级16],[粉丝团 Lv5]
2026-05-13 21:19:06,102863732008,星空之恋酒吧,本来拿个伞包，想去加油站的,[等级24],[粉丝团 Lv4]
2026-05-13 21:19:07,59985925263,安心工作,老黑，我耐你，想跟你处对象[爱心][爱心][爱心][爱心][爱心][爱心][爱心][爱心][爱心][,[等级16],[粉丝团 Lv5]
2026-05-13 21:19:09,69656856233,无名小卒PLA,还打我们马,[等级23],[粉丝团 Lv11]
2026-05-13 21:19:13,59985925263,安心工作,老黑，我耐你，想跟你处对象[爱心][爱心][爱心][爱心][爱心][爱心][爱心][爱心][爱心][爱心][爱心][爱心][爱心][爱心][爱心][爱心][爱心],[等级16],[粉丝团 Lv5]
2026-05-13 21:19:16,7634536216314332197,TmQi,@安心工作 我不允许[看],[等级3],[粉丝团 Lv4]
2026-05-13 21:19:29,109514934819,璇公子,没把我打死，总能6到你,[等级21],[粉丝团 Lv8]
2026-05-13 21:19:36,1024396019894413,冲动是魔鬼,@安心工作 TeFuir这个跟你处[捂脸][捂脸][捂脸],[等级18],[粉丝团 Lv14]
2026-05-13 21:19:37,135964883951687,you(^_^)丹,@安心工作 处什么对象,[等级9],
2026-05-13 21:19:37,77670420901,candy,什么情况,[等级6],[粉丝团 Lv2]
2026-05-13 21:19:38,77739939467,旅程...,我也不同意,[等级14],[粉丝团 Lv7]
2026-05-13 21:19:38,3769556590667043,茅台,给他换个车皮，他那个车声音太大了,[等级16],
2026-05-13 21:19:46,60806748798,王蓉～小柠檬麻麻,点赞点赞,[等级12],[粉丝团 Lv10]
2026-05-13 21:19:50,99240303123,🔥影儿🔥,喂喂马,[等级16],[粉丝团 Lv9]
2026-05-13 21:19:56,12068323818,Stubborn👣,为啥我11级粉丝团变9级了,[等级13],[粉丝团 Lv11]
2026-05-13 21:19:57,2493283472772824,四号,这女的还想在加油站打,[等级22],
2026-05-13 21:19:59,101786950057,啊钦,爆炸弓削了,[等级18],
2026-05-13 21:20:01,4503658257446344,🥐cornetto,@冲动是魔鬼 卧槽笑死我了,[等级41],[粉丝团 Lv6]
2026-05-13 21:20:05,98211015545,金浅浅～,@冲动是魔鬼 够义气不,[等级14],[粉丝团 Lv12]
2026-05-13 21:20:05,69311538633,蜕变$^“”,这是什么局？一直在动感觉好高[捂脸][捂脸][捂脸],[等级22],
2026-05-13 21:20:05,101289462336,广西妹💞,[看],[等级24],[粉丝团 Lv9]
2026-05-13 21:20:05,6965023697,云开日出,又怎么了,[等级9],[粉丝团 Lv6]
2026-05-13 21:20:05,88836406741,支昂张。,苟分吗,[等级19],
2026-05-13 21:20:07,4010633887234983,那就明天见,c,[等级9],[粉丝团 Lv3]
2026-05-13 21:20:07,99129956951,难舍,掏你猴子 把我的打死了[捂脸][捂脸],[等级10],[粉丝团 Lv7]
2026-05-13 21:20:11,646161190361448,暗影狂花,还没有嗓子还没有好,[等级22],[粉丝团 Lv7]
2026-05-13 21:20:13,4242354226617822,Ycq 💕,[捂脸],[等级5],[粉丝团 Lv3]
2026-05-13 21:20:18,1024396019894413,冲动是魔鬼,[捂脸][捂脸][捂脸][捂脸][捂脸],[等级18],[粉丝团 Lv14]
2026-05-13 21:20:21,107662442756,老曾⁶¹⁷,叫太大声了,[等级19],[粉丝团 Lv11]
2026-05-13 21:20:25,2176657375633011,小先生,老黑   老黑   我喜欢你,[等级2],[粉丝团 Lv3]
2026-05-13 21:20:25,92461848227,煜,[捂脸][捂脸][捂脸][捂脸],[等级13],[粉丝团 Lv11]
2026-05-13 21:20:26,6965023697,云开日出,[捂脸][捂脸][捂脸],[等级9],[粉丝团 Lv6]
2026-05-13 21:20:27,892413678724877,厌遇,[捂脸][笑哭][捂脸][笑哭][捂脸][笑哭],[等级24],[粉丝团 Lv6]
2026-05-13 21:20:27,66446438256,🐮🐰,心眼子,[等级10],[粉丝团 Lv8]
2026-05-13 21:20:29,111152566123,脆脆鲨🍍,[看][看][看][看],[等级26],[粉丝团 Lv14]
2026-05-13 21:20:32,102057833976,就事论事,三倍镜用不上了，还有20个人,[等级7],[粉丝团 Lv9]
2026-05-13 21:20:35,101289462336,广西妹💞,妹妹,[等级24],[粉丝团 Lv9]
2026-05-13 21:20:35,78267720770,龍⁵¹⁰⁷⁴,[捂脸][捂脸][捂脸],[等级28],[粉丝团 Lv15]
2026-05-13 21:20:38,2968325159399836,Dei劲,32岁中登处对象啦！,[等级24],[粉丝团 Lv4]
2026-05-13 21:20:41,2201666492307559,慕容皓轩@,金嗓子喉宝[赞][赞][赞],[等级16],[粉丝团 Lv11]
2026-05-13 21:20:42,62944420291,随心且安,[比心],[等级20],[粉丝团 Lv12]
2026-05-13 21:20:47,60846740521,Luna· Jade,怎么叫得太大声[捂脸],[等级13],[粉丝团 Lv4]
2026-05-13 21:20:48,104954678698,🚶🏼 ℳ๓诚筱,信号枪不打,[等级15],
2026-05-13 21:20:49,77416951506,ら孤痞,那你中午还那么大声说话,[等级36],[粉丝团 Lv17]
2026-05-13 21:20:50,224773104735615,锦鲤🍀,这小姐姐可以处,[等级3],
2026-05-13 21:20:50,96545023877,.........,你的钥匙不开？,[等级30],[粉丝团 Lv2]
2026-05-13 21:20:52,103988316171,心机之蛙一直摸你肚子,大仓,[等级13],[粉丝团 Lv10]
2026-05-13 21:20:54,101993617483,齐齐杨洋,老黑想我没,[等级23],[粉丝团 Lv11]
2026-05-13 21:20:55,101289462336,广西妹💞,有哥哥吗[捂脸][捂脸][偷笑],[等级24],[粉丝团 Lv9]
2026-05-13 21:20:55,7639074884061119537,海王🌹,加油，吃鸡我把收藏放开给兄弟们发福利[看],,
2026-05-13 21:20:56,606525771223824,LeYi李,你天天说嗓子废了，准是又要跟我们请假不直播了[捂脸][捂脸],[等级24],[粉丝团 Lv2]
2026-05-13 21:20:57,76370897547,Novelty,这个妹子肯定南方的,,
2026-05-13 21:21:00,628513888804135,🎄一林,昨天干嘛去了，嗓子费了？？？,[等级11],[粉丝团 Lv11]
2026-05-13 21:21:03,62944420291,随心且安,[比心],[等级20],[粉丝团 Lv12]
2026-05-13 21:21:06,68244821638,财、多多,@Dei劲 32都一把年纪了，还处啥对象,[等级28],[粉丝团 Lv4]
2026-05-13 21:21:07,606525771223824,LeYi李,你天天说嗓子废了，准是又要跟我们请假不直播了,[等级24],[粉丝团 Lv2]
2026-05-13 21:21:08,1024396019894413,冲动是魔鬼,@Dei劲 处对象的找TeFuir，他是队长,[等级18],[粉丝团 Lv14]
2026-05-13 21:21:14,2493283472772824,四号,这女的还不想挪地方呢,[等级22],
2026-05-13 21:21:21,73761674954,羙伢mmゝに,信号枪也不打了,[等级16],[粉丝团 Lv13]
2026-05-13 21:21:23,2080741267357548,九点,昨天老黑去生三胎吗？,[等级5],
2026-05-13 21:21:24,7639074884061119537,海王🌹,加油，吃鸡我把收藏放开给兄弟们发福利[看],,
2026-05-13 21:21:34,96009787891,玖零叁零,[呲牙][衰][呲牙][衰],[等级31],[粉丝团 Lv9]
2026-05-13 21:21:42,59877813806,oiikl,m城那边爆过一次p90,[等级31],
2026-05-13 21:21:44,7609872726371189817,太抑郁了凌晨两点半挖前女友骨灰粉泡茶提神,个人练习坤？,[等级7],
2026-05-13 21:22:02,101786950057,啊钦,昨天见粉丝去了吗,[等级18],
2026-05-13 21:22:03,104706507502,伈倘人,打信号枪,[等级18],[粉丝团 Lv11]
2026-05-13 21:23:10,2007084944330340,陈不住气的玩意,666,,
2026-05-13 21:23:11,106115742857,ᥫ᭡ོ提ꦿ笔ꦿ🌸⃟忘᭄ི情ꦿ,1080,[等级20],
2026-05-13 21:23:16,93171998731,a屁桃,这身法,[等级15],[粉丝团 Lv11]
2026-05-13 21:23:16,2984502456237699,汪汪小汪,这跳枪,[等级32],[粉丝团:张君雅 Lv15]
2026-05-13 21:23:18,98415890034,富,牛,[等级12],
2026-05-13 21:23:18,95507451318,溪鱼,跳枪带走,[等级17],[粉丝团 Lv10]
2026-05-13 21:23:19,88745690242,iiii,死补,[等级11],
2026-05-13 21:23:22,94976687091,最烦男人哭,[捂脸]给局哥补了,[等级33],[粉丝团 Lv9]
2026-05-13 21:23:23,76927102221,足迹,[捂脸][捂脸][捂脸],[等级32],[粉丝团 Lv8]
2026-05-13 21:23:23,111188397567,生活,666,[等级4],
2026-05-13 21:23:24,106480597465,lvyii,好帅,[等级11],
2026-05-13 21:23:24,2984502456237699,汪汪小汪,好帅啊,[等级32],[粉丝团:张君雅 Lv15]
2026-05-13 21:23:24,2475702575179399,这个我是真的喜欢,好肥啊,[等级14],
2026-05-13 21:23:25,783316645061374,lH,猛[666][赞],[等级3],
2026-05-13 21:23:29,101289462336,广西妹💞,学到了[捂脸][捂脸][捂脸],[等级24],[粉丝团 Lv9]
2026-05-13 21:23:31,2839396777998876,给我灵感好吗,牛,[等级5],[粉丝团 Lv1]
2026-05-13 21:23:31,102469975321,✨名门⭐️,左蹦右跳[666][666][666],[等级19],[粉丝团 Lv15]
2026-05-13 21:23:34,65008922355,🌈浮夸.,舔包最快了[捂脸],[等级27],[粉丝团 Lv5]
2026-05-13 21:23:34,59011956650,ღ᭄不念过往ꦿ࿐,帅,[等级20],[粉丝团 Lv11]
2026-05-13 21:23:35,7615988333545931813,ik-🦋,完了,,
2026-05-13 21:23:37,93856458218,心无境,这操作,[等级12],[粉丝团 Lv11]
2026-05-13 21:23:39,60703794769,無趣,一号舔包啦,[等级16],[粉丝团 Lv9]
2026-05-13 21:23:41,4111794276932327,会功夫的小Q,学到了,[等级7],[粉丝团 Lv3]
2026-05-13 21:23:43,2475702575179399,这个我是真的喜欢,好肥啊,[等级14],
2026-05-13 21:23:43,86568130044,Nღingᰔᩚ,好肥啊,[等级2],
2026-05-13 21:23:43,2330588968395416,贝塔β,局哥陨落,[等级25],[粉丝团 Lv14]
2026-05-13 21:23:44,101665125778,🦊年年有余,好肥,[等级16],[粉丝团 Lv11]
2026-05-13 21:23:44,4162095481363833,mrtang,猫用m4[捂脸]近战很拉胯,,
2026-05-13 21:23:45,75965238396,期待,真肥,[等级12],[粉丝团 Lv3]
2026-05-13 21:23:45,98261208043,麒麟^_^,牛逼啊[赞],[等级16],[粉丝团 Lv12]
2026-05-13 21:23:46,2145888220228567,用户18054358,老黑太猛了！牛逼！牛逼！,[等级16],[粉丝团 Lv12]
2026-05-13 21:23:48,104432719593,赞美愚者,倍镜,[等级34],
2026-05-13 21:23:48,93856458218,心无境,神了！,[等级12],[粉丝团 Lv11]
2026-05-13 21:23:51,73133140989,行稳致远,真肥,[等级31],[粉丝团 Lv15]
2026-05-13 21:23:53,646161190361448,暗影狂花,和我一起4个必须要扑一个,[等级22],[粉丝团 Lv7]
2026-05-13 21:23:55,68259703826,致逝去的回忆,怎么不拿八倍镜,[等级1],
2026-05-13 21:23:57,101289462336,广西妹💞,打人要跳起来打[捂脸][捂脸][捂脸],[等级24],[粉丝团 Lv9]
2026-05-13 21:23:58,95507451318,溪鱼,一号起来舔包了,[等级17],[粉丝团 Lv10]
2026-05-13 21:23:58,3864157386712875,BWRZ(记录美好)2,你们怎么不说 1 号位置有说法了[看][看][看],[等级22],[粉丝团 Lv13]
2026-05-13 21:24:03,1525725697671843,暮云归²⁰²⁶,200[泣不成声],[等级42],[粉丝团 Lv12]
2026-05-13 21:24:04,7409694092488164412,一生一世亿双人,二零零,[等级33],[粉丝团 Lv9]
2026-05-13 21:24:05,94260112782,老三,局哥掉了？,[等级17],[粉丝团 Lv9]
2026-05-13 21:24:06,1367445777424910,Eucalyptus 🐸,真肥[捂脸][捂脸][捂脸],[等级24],[粉丝团 Lv14]
2026-05-13 21:24:06,2605167718186410,抠脚大汉,有弹夹,[等级34],[粉丝团 Lv10]
2026-05-13 21:24:08,1264896700321572,愤怒的猪大肠,这队好肥,[等级3],[粉丝团 Lv6]
2026-05-13 21:24:10,59019034837,说到做到,2零零[捂脸][捂脸],[等级32],[粉丝团 Lv12]
2026-05-13 21:24:10,309411621386987,90后公子,200[呲牙][呲牙][呲牙],[等级20],[粉丝团 Lv7]
2026-05-13 21:24:10,110478212484,☞手心✋🏻☜,二零零,[等级14],[粉丝团 Lv11]
2026-05-13 21:24:13,98261208043,麒麟^_^,真速度真的快,[等级16],[粉丝团 Lv12]
2026-05-13 21:24:16,103633121744,🍊阿豪,二00什么鬼,[等级31],[粉丝团 Lv15]
2026-05-13 21:24:26,101289462336,广西妹💞,9级才学到一个[捂脸],[等级24],[粉丝团 Lv9]
2026-05-13 21:24:26,3765201499085319,匹夫,终究还是不举扛下了所有,[等级17],[粉丝团 Lv9]
2026-05-13 21:24:31,3913913666903720,太阳☀,二零零,[等级41],[粉丝团 Lv13]
2026-05-13 21:24:31,109291268639,潮砸不吃香菜,啤酒瓶500发子弹？？？？,[等级9],[粉丝团 Lv8]
2026-05-13 21:24:34,75505324848,🚬 独行者🚬,人家说200难道不对吗[捂脸],[等级25],[粉丝团 Lv11]
2026-05-13 21:24:34,292887482075868,一叶知秋,不过来这三个包废了,[等级4],[粉丝团 Lv1]
2026-05-13 21:24:35,110895971722,一个人挺好…👿,@🍊阿豪 20,[等级24],[粉丝团 Lv8]
2026-05-13 21:24:37,4503658257446344,🥐cornetto,@🍊阿豪 M200？,[等级41],[粉丝团 Lv6]
2026-05-13 21:24:38,110895971722,一个人挺好…👿,200,[等级24],[粉丝团 Lv8]
2026-05-13 21:24:38,121385257828032,·小泽..,今天晚上还没有固定队友吗,,
2026-05-13 21:24:40,104949047941,蔚蓝海岸,局哥挂了吗？,[等级34],[粉丝团 Lv11]
2026-05-13 21:24:41,61727879811,微风细雨,带个弓,[等级12],
2026-05-13 21:24:44,93793070880,小磊,叫姐姐,[等级24],[粉丝团 Lv9]
2026-05-13 21:24:47,2959541325269512,财,猫猫没了[捂脸],[等级23],[粉丝团 Lv11]
2026-05-13 21:24:51,69656856233,无名小卒PLA,局哥呢,[等级23],[粉丝团 Lv11]
2026-05-13 21:24:53,1724508553093678,江江江江江湖樊,1080,[等级6],
2026-05-13 21:24:53,56076255513,苦菊,兄弟们一起点点赞[赞]上上人气[赞]推推流[赞]冲一冲热榜[赞],[等级24],[粉丝团 Lv15]
2026-05-13 21:24:54,309411621386987,90后公子,007[捂脸][捂脸],[等级20],[粉丝团 Lv7]
2026-05-13 21:24:59,1447389766638744,我还是我不一样的烟火,毛驹永远没有老黑那么丝滑,[等级7],
2026-05-13 21:25:06,109174843633,南  栀,1号不爱玩游戏吗？,[等级7],
2026-05-13 21:25:06,465820773783655,用户空白,500发啤酒瓶闹呢,[等级15],[粉丝团 Lv12]
2026-05-13 21:25:10,7612951911537198138,一条锦鲤游啊游～,这就是献祭局哥的物资嘛[看],[等级6],[粉丝团 Lv1]
2026-05-13 21:25:12,97352886589,释怀✔,给局哥打电话   来人了   别挂机了[捂脸],[等级15],[粉丝团 Lv11]
2026-05-13 21:25:13,4396317798323683,杭州  云南男模,老黑好卡,[等级2],
2026-05-13 21:25:14,69084013934,🌸🌸,@南  栀 是的,[等级6],[粉丝团 Lv7]
2026-05-13 21:25:18,4162095481363833,mrtang,应该是防空洞的粉丝吧,,
2026-05-13 21:25:20,96206087409,孤单、简单,你留弓箭干嘛呢,[等级21],
2026-05-13 21:25:24,2147813559110793,@杯莫霆（微醺版）,空投奔赴者！！！卒[捂脸],[等级10],
2026-05-13 21:25:27,96800023676,只要啤酒,老黑都说了，猫猫好倒,[等级31],[粉丝团 Lv4]
2026-05-13 21:25:36,945207153268631,尹清棠·砚初,君雅 还记得中午队友名字吗？ 猫局哥哥没别墅,[等级27],[粉丝团 Lv6]
2026-05-13 21:25:37,69084013934,🌸🌸,@孤单、简单 射,[等级6],[粉丝团 Lv7]
2026-05-13 21:25:38,69463840673,可燃冰,妹开,[等级7],
2026-05-13 21:25:41,93032203992,秀儿⁵¹⁰⁷⁴,@孤单、简单 最后炸坑当掩体,[等级19],[粉丝团 Lv12]
2026-05-13 21:25:46,63416229807,风沙迷了眼⁵¹⁰⁷⁴,[捂脸][捂脸][捂脸][捂脸],[等级21],[粉丝团 Lv15]
2026-05-13 21:25:47,101289462336,广西妹💞,没事啊[捂脸][捂脸],[等级24],[粉丝团 Lv9]
2026-05-13 21:25:47,179966898602747,🍇,一抢爆头,[等级29],[粉丝团 Lv6]
2026-05-13 21:25:53,588940244944333,哟哟哟,来晚了，老黑快跟我说对不起[看],[等级22],[粉丝团 Lv6]
2026-05-13 21:25:55,65008922355,🌈浮夸.,又打暗号了[捂脸],[等级27],[粉丝团 Lv5]
2026-05-13 21:25:55,104917868526,🌅,[捂脸],[等级7],[粉丝团 Lv8]
2026-05-13 21:25:56,109515368381,创生之柱,大炮自由了[捂脸],[等级4],[粉丝团 Lv1]
2026-05-13 21:26:05,67003428351,@M,身体很诚实,[等级17],[粉丝团 Lv11]
2026-05-13 21:26:07,73133140989,行稳致远,先带着吧,[等级31],[粉丝团 Lv15]
2026-05-13 21:26:11,2007084944330340,陈不住气的玩意,哈哈哈,,
2026-05-13 21:26:12,4162095481363833,mrtang,是防空洞那2个[捂脸][捂脸][捂脸][捂脸][捂脸],,
2026-05-13 21:26:14,44455973627559,中午12点,猫猫呢,[等级2],
2026-05-13 21:26:14,3925710735935316,涛.,张老黑,[等级8],
2026-05-13 21:26:27,60846740521,Luna· Jade,打2号[捂脸],[等级13],[粉丝团 Lv4]
2026-05-13 21:26:29,100250134080,凯,打暗号的离远点，不要过来啊,[等级19],[粉丝团 Lv15]
2026-05-13 21:26:30,102987896418,赵涛🤳流浪者0001,赶紧叫局哥过去看一下[捂脸][捂脸][捂脸],[等级29],[粉丝团 Lv13]
2026-05-13 21:26:39,71126905166,抖音小肋手,直播间上方👆展馆滑动[爱心]有主播充能[感谢][感谢]大家看直播能免费[爱心]给主播君雅充能[爱心],[等级10],[粉丝团 Lv10]
2026-05-13 21:26:40,109515368381,创生之柱,你是他粉丝[捂脸],[等级4],[粉丝团 Lv1]
2026-05-13 21:26:42,94940522926,岸上的鱼,暗号是啥,[等级17],
2026-05-13 21:26:45,71126905166,抖音小肋手,直播间上方👆展馆滑动[爱心]有主播充能[感谢][感谢]大家看直播能免费[爱心]给主播君雅充能[爱心],[等级10],[粉丝团 Lv10]
2026-05-13 21:26:46,465820773783655,用户空白,要是黑粉咋弄,[等级15],[粉丝团 Lv12]
2026-05-13 21:26:48,588940244944333,哟哟哟,一号是谁？,[等级22],[粉丝团 Lv6]
2026-05-13 21:26:48,4862013350589,厉扑,福尔摩斯雅[看],[等级21],[粉丝团 Lv11]
2026-05-13 21:26:51,131572352952336,阿海囗,一号嘎了,[等级2],
2026-05-13 21:26:52,3898192624102731,小雨￴￴ ￴￴￴ ￴ ￴,[坏笑][不失礼貌的微笑][钱][不失礼貌的微笑][钱][不失礼貌的微笑][钱][不失礼貌的微笑][钱][不失礼貌的微笑][大笑][你不大行][大笑][你不大行][大笑][你不大行][发怒][钱][大笑][你不大行][酷拽][抠鼻],[等级19],[粉丝团 Lv6]
2026-05-13 21:26:54,2704389373694951,青衫衿,安好暗号怎么打的,[等级2],
2026-05-13 21:26:59,64198753627,小付,主播手搓还是陀螺仪,[等级12],
2026-05-13 21:27:04,131572352952336,阿海囗,一号祭天法力无边[捂脸],[等级2],
2026-05-13 21:27:07,108877724124,小李🍃,@用户空白 那就要挨骂死咯[捂脸],[等级24],[粉丝团 Lv11]
2026-05-13 21:27:09,81893556891,私宠,让局哥过去交涉一下,[等级29],[粉丝团 Lv10]
2026-05-13 21:27:09,73319121800,左转三次是右转,滴～～～滴滴,[等级15],[粉丝团 Lv11]
2026-05-13 21:27:10,91609062591,久久💞ــــﮩﮩ٨,@小付 手搓,[等级35],[粉丝团 Lv15]
2026-05-13 21:27:12,69776772954,人世间,又坐牢了[捂脸][捂脸][捂脸][捂脸],[等级8],[粉丝团 Lv8]
2026-05-13 21:27:13,67194033557,连连！,我要用锅跟老黑决一死战,[等级19],[粉丝团 Lv11]
2026-05-13 21:27:15,2737104603059491,Sober.,别叭叭,,
2026-05-13 21:27:15,2206080635244756,小兔椰椰,宫廷玉液酒,[等级3],[粉丝团 Lv1]
2026-05-13 21:27:16,78602673617,七新,1,[等级14],[粉丝团 Lv1]
2026-05-13 21:27:16,660130228076558,半懂.,@哟哟哟 尿局[捂脸],[等级10],
2026-05-13 21:27:16,63416229807,风沙迷了眼⁵¹⁰⁷⁴,[捂脸][捂脸][捂脸][捂脸][捂脸],[等级21],[粉丝团 Lv15]
2026-05-13 21:27:19,107987814991,🦂,别喵我,[等级19],[粉丝团 Lv9]
2026-05-13 21:27:20,3898192624102731,小雨￴￴ ￴￴￴ ￴ ￴,[抠鼻][发怒],[等级19],[粉丝团 Lv6]
2026-05-13 21:27:20,101786950057,啊钦,就是想打粉丝,[等级18],
2026-05-13 21:27:20,93134596561,螺妹·守艺人柳州螺蛳粉(崇文店)官方号,暗号：哒哒哒，哒哒哒,[等级9],[粉丝团 Lv2]
2026-05-13 21:27:22,100056462711,是玲玲吖丶ᥫᩣ,[流泪][流泪][流泪][流泪],[等级29],[粉丝团 Lv8]
2026-05-13 21:27:22,95507451318,溪鱼,放大我也没看见枪口[捂脸],[等级17],[粉丝团 Lv10]
2026-05-13 21:27:24,588940244944333,哟哟哟,[捂脸][捂脸][捂脸],[等级22],[粉丝团 Lv6]
2026-05-13 21:27:24,64198753627,小付,几指,[等级12],
2026-05-13 21:27:24,3831165666985047,Knight,把打暗号的噶了，就没人打暗号了[捂脸],[等级11],
2026-05-13 21:27:26,102730837107,^o^强^o^,空投里有高炮,[等级11],
2026-05-13 21:27:26,4455661928199896,红辣椒,1号怎么死了,[等级15],
2026-05-13 21:27:30,3601589106902589,刚,@青衫衿 暗号，就是哒，哒哒，哒哒哒,[等级20],[粉丝团 Lv11]
2026-05-13 21:27:30,131572352952336,阿海囗,小姐姐嘎了吗,[等级2],
2026-05-13 21:27:32,93501903633,陕二娃,你是放马的,[等级11],
2026-05-13 21:27:32,135962238649756,峰顶揽月,小可爱这么暴力[捂脸][捂脸][捂脸],[等级11],
2026-05-13 21:27:32,70879293615,拼命三郎,不杀不罢休,[等级16],[粉丝团 Lv4]
2026-05-13 21:27:33,1556525685934064,wang.,1号又完犊子了[捂脸][捂脸][捂脸],[等级7],
2026-05-13 21:27:35,110487983863,都怪你隐身太清晰,你放马的？[捂脸],[等级17],[粉丝团 Lv7]
2026-05-13 21:27:38,2737104603059491,Sober.,软QQ糖,,
2026-05-13 21:27:40,95923158356,星星✨会发光🌟,番茄哈哈哈,[等级25],[粉丝团 Lv5]
2026-05-13 21:27:40,309411621386987,90后公子,开全部麦去会一会,[等级20],[粉丝团 Lv7]
2026-05-13 21:27:41,3776192994607851,扑,菜园子,[等级2],
2026-05-13 21:27:42,3905056839578446,小猪唛,菜园子,[等级24],[粉丝团 Lv14]
2026-05-13 21:27:49,4455661928199896,红辣椒,不是还在说话嘛 就死了,[等级15],
2026-05-13 21:27:51,3408098413512419,心静自然,走吧,[等级30],[粉丝团 Lv11]
2026-05-13 21:27:55,50090008444,肥7.,才园园,[等级24],[粉丝团 Lv11]
2026-05-13 21:27:56,66656580543,LKX丶,那你不成了放马的了,[等级6],
2026-05-13 21:27:56,1276987230137771,ber,对面怎么知道这边是主播的,,
2026-05-13 21:28:03,2605167718186410,抠脚大汉,才园园和挖宝[捂脸][捂脸][捂脸],[等级34],[粉丝团 Lv10]
2026-05-13 21:28:06,3557665193860644,梅钞疯 󰠇,才副总[捂脸][捂脸][捂脸],[等级20],[粉丝团 Lv12]
2026-05-13 21:28:07,536179273106493,🌾谷子🥕,有谁知道中午，死噶，秒君雅的那个敌人叫啥吗,[等级24],[粉丝团 Lv14]
2026-05-13 21:28:09,3516694711253481,蜗牛同学🐌,1080,,
2026-05-13 21:28:09,3723397241514860,欺侮老头,是铁粉的话你根本打不到，因为不会给你机会打，唉，我一点都不露[看][看],,
2026-05-13 21:28:11,3819026927860087,搁浅的鱼！！,她在直播间，你瞄她就不露了,[等级22],[粉丝团 Lv5]
2026-05-13 21:28:17,6965023697,云开日出,菜园子,[等级9],[粉丝团 Lv6]
2026-05-13 21:28:24,102882721597,花非花花花,p90那么多子弹，,[等级3],
2026-05-13 21:28:30,64198753627,小付,主播打几指,[等级12],
2026-05-13 21:28:33,7409694092488164412,一生一世亿双人,自己打的马？,[等级33],[粉丝团 Lv9]
2026-05-13 21:28:34,76133959662,@等风起,打老嫂子干啥,[等级14],[粉丝团 Lv8]
2026-05-13 21:28:43,4433688919815223,玖绊,我的开播提醒为嘛不提醒我[捂脸],[等级29],[粉丝团 Lv13]
2026-05-13 21:28:49,72857378188,。,又打粉丝,[等级9],
2026-05-13 21:28:53,102469975321,✨名门⭐️,调皮,[等级19],[粉丝团 Lv15]
2026-05-13 21:28:55,6472167828,顺城,[捂脸],[等级22],[粉丝团 Lv15]
2026-05-13 21:28:55,88688880486,微笑🚥,那是菜园子,[等级15],[粉丝团 Lv12]
2026-05-13 21:28:57,104600621959,戒心,破枪法,[等级26],[粉丝团 Lv7]
2026-05-13 21:28:57,95115571480,雁過藍天,开心哦,[等级2],
2026-05-13 21:28:57,1034002896270576,✨好运来✨,那么多人非要盯着粉丝打干嘛,[等级17],[粉丝团 Lv10]
2026-05-13 21:28:59,101076884055,Mr'李先森🚀,粉丝也打，,[等级18],
2026-05-13 21:29:02,2318209130694403,东张🤭西旺,大残大残,,
2026-05-13 21:29:02,101076884055,Mr'李先森🚀,啊啊啊啊啊,[等级18],
2026-05-13 21:29:03,75013120136,悲伤小鬼,打了个寂寞,[等级25],
2026-05-13 21:29:03,69549195417,久睡成瘾,又打粉丝[捂脸],[等级26],[粉丝团 Lv8]
2026-05-13 21:29:04,61826877743,嫡长子,张君宝我命由我不由天,[等级20],[粉丝团 Lv3]
2026-05-13 21:29:05,75122095425,L·7-06.10,阿斯顿马狙，哈哈,[等级11],
2026-05-13 21:29:05,95115571480,雁過藍天,打十几枪,[等级2],
2026-05-13 21:29:05,3834726358986456,壹,算了,[等级15],[粉丝团 Lv13]
2026-05-13 21:29:07,110895971722,一个人挺好…👿,老黑就想嘎粉丝[捂脸][捂脸],[等级24],[粉丝团 Lv8]
2026-05-13 21:29:07,101076884055,Mr'李先森🚀,取关,[等级18],
2026-05-13 21:29:11,102863732008,星空之恋酒吧,别打,[等级24],[粉丝团 Lv4]
2026-05-13 21:29:12,927620859432302,阿久,这杯装的,[等级19],[粉丝团 Lv6]
2026-05-13 21:29:14,1920170378669774,粥,粉丝也打，小心取关[捂脸],[等级7],[粉丝团 Lv2]
2026-05-13 21:29:14,100326619890,勿忧,打的就是粉丝,[等级4],[粉丝团 Lv2]
2026-05-13 21:29:14,3175856763320983,有点上了年纪的美少男,给小番茄吓得,[等级4],[粉丝团 Lv7]
2026-05-13 21:29:14,60330972069,网友小甜,@玖绊 我的也是 还得搜索才能进来,[等级12],[粉丝团 Lv10]
2026-05-13 21:29:18,4162095481363833,mrtang,有点像才园子小番茄[捂脸][捂脸][捂脸],,
2026-05-13 21:29:20,63416229807,风沙迷了眼⁵¹⁰⁷⁴,[捂脸][捂脸],[等级21],[粉丝团 Lv15]
2026-05-13 21:29:20,2008152259705040,汉、歼的审判者,哈哈[捂脸][捂脸][捂脸],[等级15],[粉丝团 Lv12]
2026-05-13 21:29:22,62729762489,BBCT,@Mr'李先森🚀 犯法你就报警,[等级12],[粉丝团 Lv12]
2026-05-13 21:29:23,93032203992,秀儿⁵¹⁰⁷⁴,[捂脸][捂脸][捂脸]一直打暗号,[等级19],[粉丝团 Lv12]
2026-05-13 21:29:24,95507451318,溪鱼,又打暗号[捂脸],[等级17],[粉丝团 Lv10]
2026-05-13 21:29:26,78519164857,是你没选我啊！,装杯失败[捂脸][捂脸],[等级22],[粉丝团 Lv12]
2026-05-13 21:29:28,60621443821,Faye,打得就是粉丝,[等级1],
2026-05-13 21:29:29,3529852089799556,政,是我 ，不要打,[等级16],
2026-05-13 21:29:32,3424359815056996,杨军,粉丝不能打,[等级20],[粉丝团 Lv1]
2026-05-13 21:29:32,660130228076558,半懂.,@微笑🚥 菜园子跟大拖鞋在别的地方[微笑],[等级10],
2026-05-13 21:29:33,71126905166,抖音小肋手,点粉丝团→一键送11个为你闪耀（陪伴之旅），完成后可多领很多很多亲密度→记得把星星都点开有亲密❤️❤,[等级10],[粉丝团 Lv10]
2026-05-13 21:29:36,95115571480,雁過藍天,打暗号是不是就是粉丝的意思,[等级2],
2026-05-13 21:29:37,69549195417,久睡成瘾,别吓小番茄[捂脸],[等级26],[粉丝团 Lv8]
2026-05-13 21:29:37,100179063750,163广播站,小才跑路了,[等级9],[粉丝团 Lv6]
2026-05-13 21:29:37,105514999415,成功1,纯懵,[等级26],[粉丝团 Lv1]
2026-05-13 21:29:38,2274247923467549,知遇👣,打什么暗号,[等级24],[粉丝团 Lv10]
2026-05-13 21:29:38,1822363298300364,冰糖葫卢先生,上把赢了吗,,
2026-05-13 21:29:40,60846740521,Luna· Jade,哒 哒 哒哒哒[捂脸],[等级13],[粉丝团 Lv4]
2026-05-13 21:29:40,92562043848,🐧【我没叫】,被你打死过两次了,[等级26],[粉丝团 Lv2]
2026-05-13 21:29:42,93032203992,秀儿⁵¹⁰⁷⁴,像穿的小番茄啊,[等级19],[粉丝团 Lv12]
2026-05-13 21:29:42,778928437596350,愿来年皆如愿,是我 不要打,[等级21],
2026-05-13 21:29:43,1440775914167146,宇涵的小蜜,被老黑打了就取关的也不是真爱吧,[等级8],[粉丝团 Lv11]
2026-05-13 21:29:43,70995008348,和猴子看海,局哥怎么不说话了    是不喜欢吗,[等级15],[粉丝团 Lv5]
2026-05-13 21:29:45,2981467202791789,吕泽,打得一般，声音提神,[等级12],
2026-05-13 21:29:48,109347489740,水口丶惠字,撞车才副总嘛？,[等级11],[粉丝团 Lv9]
2026-05-13 21:29:50,96379029776,✨仙逆✨,优先打粉丝[捂脸][捂脸][捂脸],[等级16],[粉丝团 Lv12]
2026-05-13 21:29:50,106808983793,识趣,打我钩子了老黑[酷拽][酷拽][酷拽][酷拽][酷拽][酷拽][酷拽][酷拽],[等级15],[粉丝团 Lv11]
2026-05-13 21:29:50,2141454869201292,放牛郎,卡卡卡卡卡,[等级24],
2026-05-13 21:29:54,3157445076854464,无界,就打粉丝 怎么的,[等级15],[粉丝团 Lv5]
2026-05-13 21:29:55,3091475468402355,目雨,不错不错,[等级5],[粉丝团 Lv1]
2026-05-13 21:29:57,101076884055,Mr'李先森🚀,@BBCT 开个玩笑而已，咋地啦。范你的法了吗？,[等级18],
2026-05-13 21:29:58,6965023697,云开日出,不是菜园子,[等级9],[粉丝团 Lv6]
2026-05-13 21:30:02,3913913666903720,太阳☀,打的就是粉丝,[等级41],[粉丝团 Lv13]
2026-05-13 21:30:03,63416229807,风沙迷了眼⁵¹⁰⁷⁴,@识趣 番茄？？？？,[等级21],[粉丝团 Lv15]
2026-05-13 21:30:07,100054097939,九璃✨,啊,[等级21],[粉丝团 Lv13]
2026-05-13 21:30:09,61106276015,biubiubiu,局哥是1号？,[等级24],[粉丝团 Lv11]
2026-05-13 21:30:13,96922664293,Miss   周,队友真好,[等级16],[粉丝团 Lv11]
2026-05-13 21:30:15,893243414819400,酒,局子呢,[等级3],[粉丝团 Lv7]
2026-05-13 21:30:16,100054097939,九璃✨,做生气,[等级21],[粉丝团 Lv13]
2026-05-13 21:30:16,3831165666985047,Knight,无限补给,[等级11],
2026-05-13 21:30:22,7470028634277315642,没事8+1,回音,[等级6],[粉丝团 Lv2]
2026-05-13 21:30:26,3996063592881981,@@🚬yangꦿ᭄ཽ࿆࿆:,老黑的后勤真丰富[捂脸][捂脸][捂脸],[等级15],[粉丝团 Lv10]
2026-05-13 21:30:28,1798427627499870,TeFuir,小厨不来我一个人不敢滴了,[等级26],[粉丝团 Lv12]
2026-05-13 21:30:30,710724864472762,木空,完了，烧火棍[捂脸],[等级16],[粉丝团 Lv13]
2026-05-13 21:30:50,62729762489,BBCT,@Mr'李先森🚀 带节奏就带节奏呗，被说了就说开玩笑是吧,[等级12],[粉丝团 Lv12]
2026-05-13 21:30:54,83508609971,Contentment,吃鸡了我说的,[等级2],
2026-05-13 21:31:14,82197905185,㭍ㄦメ,剩粉丝,[等级25],[粉丝团 Lv11]
2026-05-13 21:31:15,88745690242,iiii,剩那两个了,[等级11],
2026-05-13 21:31:15,102863732008,星空之恋酒吧,别打别打,[等级24],[粉丝团 Lv4]
2026-05-13 21:31:16,77416951506,ら孤痞,@Mr'李先森🚀 开玩笑后面加个表情包，不然很容易被误伤[捂脸],[等级36],[粉丝团 Lv17]
2026-05-13 21:31:18,62729762489,BBCT,@Mr'李先森🚀 还说啥打粉丝取关,[等级12],[粉丝团 Lv12]
2026-05-13 21:31:18,92188435408,Lu -,就是两个粉丝,[等级30],[粉丝团 Lv11]
2026-05-13 21:31:18,60846740521,Luna· Jade,哈哈哈,[等级13],[粉丝团 Lv4]
2026-05-13 21:31:19,4162095481363833,mrtang,就是两个粉丝,,
2026-05-13 21:31:19,7615988333545931813,ik-🦋,那两个暗号,,
2026-05-13 21:31:20,2008152259705040,汉、歼的审判者,是那俩个[捂脸][捂脸][捂脸],[等级15],[粉丝团 Lv12]
2026-05-13 21:31:21,3544449118126824,爱吃醋的李,啦啦啦,[等级25],[粉丝团 Lv11]
2026-05-13 21:31:23,102863732008,星空之恋酒吧,下来下来,[等级24],[粉丝团 Lv4]
2026-05-13 21:31:24,98460975967,ەㅤㅤㅤㅤㅤㅤㅤㅤㅤ一个蛋🥚 ㅤㅤㅤㅤ,[看][看],[等级34],[粉丝团 Lv10]
2026-05-13 21:31:29,4162095481363833,mrtang,能苟到第2名[捂脸][捂脸][捂脸][捂脸],,
2026-05-13 21:31:32,1561766671155837,梨涡圆点,哈哈哈哈打粉丝,[等级14],
2026-05-13 21:31:33,101289462336,广西妹💞,[捂脸][捂脸],[等级24],[粉丝团 Lv9]
2026-05-13 21:31:39,101076884055,Mr'李先森🚀,@ら孤痞 [捂脸][捂脸]失误失误。,[等级18],
2026-05-13 21:31:41,71126905166,抖音小肋手,[捂脸][捂脸][捂脸],[等级10],[粉丝团 Lv10]
2026-05-13 21:31:41,63416229807,风沙迷了眼⁵¹⁰⁷⁴,[捂脸][捂脸][捂脸][捂脸][捂脸],[等级21],[粉丝团 Lv15]
2026-05-13 21:31:43,109305454829,⠀ ⠀⠀,[捂脸][捂脸][捂脸][捂脸][捂脸],[等级5],[粉丝团 Lv9]
2026-05-13 21:31:44,588940244944333,哟哟哟,[捂脸][捂脸],[等级22],[粉丝团 Lv6]
2026-05-13 21:31:44,3751994326781677,齊北北⁵¹⁰⁷⁴,[捂脸][捂脸][捂脸],[等级13],[粉丝团 Lv12]
2026-05-13 21:31:44,93032203992,秀儿⁵¹⁰⁷⁴,[捂脸][捂脸][捂脸][捂脸],[等级19],[粉丝团 Lv12]
2026-05-13 21:31:45,97982941955,🇨🇳天平灬回忆,[666][666][666],[等级19],[粉丝团 Lv11]
2026-05-13 21:31:45,96800023676,只要啤酒,[捂脸][捂脸][捂脸],[等级31],[粉丝团 Lv4]
2026-05-13 21:31:46,102469975321,✨名门⭐️,[捂脸][捂脸][捂脸],[等级19],[粉丝团 Lv15]
2026-05-13 21:31:46,93134596561,螺妹·守艺人柳州螺蛳粉(崇文店)官方号,是我，把我马打了,[等级9],[粉丝团 Lv2]
2026-05-13 21:31:46,101786950057,啊钦,[尴尬流汗],[等级18],
2026-05-13 21:31:46,2678053010423587,YM,[捂脸][捂脸][捂脸][捂脸][捂脸][捂脸],[等级9],[粉丝团 Lv11]
2026-05-13 21:31:48,46647388407515,不…晚…,[捂脸][捂脸][捂脸][捂脸],,
2026-05-13 21:31:48,69260020651,ZDL,[捂脸][捂脸][捂脸],[等级11],[粉丝团 Lv10]
2026-05-13 21:31:49,783316645061374,lH,哈哈哈哈哈,[等级3],
2026-05-13 21:31:49,3377334501516344,虾仁猪心(˃ ⌑ ˂ഃ ),是谁,[等级19],[粉丝团 Lv5]
2026-05-13 21:31:49,100250134080,凯,张嘴就来[捂脸],[等级19],[粉丝团 Lv15]
2026-05-13 21:31:50,101076884055,Mr'李先森🚀,@BBCT 我也是老黑铁粉。,[等级18],
2026-05-13 21:31:50,1561766671155837,梨涡圆点,[捂脸][捂脸][捂脸][捂脸],[等级14],
2026-05-13 21:31:51,660130228076558,半懂.,[捂脸],[等级10],
2026-05-13 21:31:53,4222581957207630,🌈🌈十一🌈🌈,[捂脸][捂脸],[等级24],
2026-05-13 21:31:54,1024396019894413,冲动是魔鬼,[捂脸],[等级18],[粉丝团 Lv14]
2026-05-13 21:31:54,3189007276050968,生椰拿铁🥤,[捂脸][捂脸][捂脸][捂脸],[等级5],
2026-05-13 21:31:54,465820773783655,用户空白,原来是真粉丝啊[捂脸][捂脸][捂脸],[等级15],[粉丝团 Lv12]
2026-05-13 21:31:54,1822363298300364,冰糖葫卢先生,[捂脸],,
2026-05-13 21:31:54,62321132457,风哥,瑟瑟发抖[捂脸],[等级22],[粉丝团 Lv11]
2026-05-13 21:31:54,3723397241514860,欺侮老头,[捂脸][捂脸][捂脸][捂脸][捂脸][捂脸],,
2026-05-13 21:31:55,2968325159399836,Dei劲,睁眼说瞎话一流啊[捂脸],[等级24],[粉丝团 Lv4]
2026-05-13 21:31:56,110943331449,我想静静了,队友:？？？？？？,[等级22],[粉丝团 Lv10]
2026-05-13 21:31:56,4222581957207630,🌈🌈十一🌈🌈,[捂脸][捂脸][捂脸][捂脸][捂脸],[等级24],
2026-05-13 21:31:56,7615988333545931813,ik-🦋,这个哪吒,,
2026-05-13 21:31:57,95115571480,雁過藍天,开心哦,[等级2],
2026-05-13 21:31:58,78267720770,龍⁵¹⁰⁷⁴,[捂脸][捂脸][捂脸],[等级28],[粉丝团 Lv15]
2026-05-13 21:31:58,2008152259705040,汉、歼的审判者,[捂脸][捂脸][捂脸],[等级15],[粉丝团 Lv12]
2026-05-13 21:31:58,60846740521,Luna· Jade,哈哈哈[捂脸],[等级13],[粉丝团 Lv4]
2026-05-13 21:32:00,2678053010423587,YM,[捂脸][捂脸][捂脸][捂脸],[等级9],[粉丝团 Lv11]
2026-05-13 21:32:00,101076884055,Mr'李先森🚀,[捂脸][捂脸][捂脸],[等级18],
2026-05-13 21:32:00,86562890288,ㅤ　 ㅤ顺利朱,[捂脸][捂脸][捂脸][捂脸],[等级20],[粉丝团 Lv11]
2026-05-13 21:32:00,2568875316349119,￴ ￴ ￴ ￴ ￴只关注骚的,[捂脸][捂脸][捂脸],[等级2],
2026-05-13 21:32:01,84910775879,🐯🐯,哈哈,[等级31],[粉丝团 Lv3]
2026-05-13 21:32:01,103988316171,心机之蛙一直摸你肚子,[捂脸][捂脸],[等级13],[粉丝团 Lv10]
2026-05-13 21:32:01,100501356545,L -May .23 - Gemini,[捂脸][捂脸][捂脸][捂脸][捂脸],[等级25],[粉丝团 Lv15]
2026-05-13 21:32:03,100179063750,163广播站,翘嘴[捂脸][捂脸][捂脸],[等级9],[粉丝团 Lv6]
2026-05-13 21:32:05,2493298541608804,冰凌侠,[发呆][发呆],[等级27],[粉丝团 Lv15]
2026-05-13 21:32:05,94430998545,东，,[捂脸][捂脸][捂脸],[等级27],[粉丝团 Lv10]
2026-05-13 21:32:05,2233801836346472,玉龙第三国的夜车,又要杀粉丝了[流泪],[等级7],[粉丝团 Lv7]
2026-05-13 21:32:06,200580296878250,ο▬▬▬◙▅▅▆▆▆▆◤千,[捂脸][捂脸][捂脸][捂脸],[等级7],[粉丝团 Lv10]
2026-05-13 21:32:15,93032203992,秀儿⁵¹⁰⁷⁴,哪吒骑马上看你们[捂脸][捂脸][捂脸],[等级19],[粉丝团 Lv12]
2026-05-13 21:32:22,68179112233,克里斯～RONALDO,你是张嘴就说呀,[等级19],
2026-05-13 21:32:23,63416229807,风沙迷了眼⁵¹⁰⁷⁴,扇感冒了[捂脸][捂脸][捂脸][捂脸],[等级21],[粉丝团 Lv15]
2026-05-13 21:32:31,2597516806203699,彬哥,这种女人谁敢要，反话张口就来！,[等级26],[粉丝团 Lv5]
2026-05-13 21:32:35,3864157386712875,BWRZ(记录美好)2,一般这也不行呀[看][看],[等级22],[粉丝团 Lv13]
2026-05-13 21:32:43,101289462336,广西妹💞,被你宠[捂脸][捂脸][捂脸],[等级24],[粉丝团 Lv9]
2026-05-13 21:32:43,3377334501516344,虾仁猪心(˃ ⌑ ˂ഃ ),拿爪,[等级19],[粉丝团 Lv5]
2026-05-13 21:32:44,100804807960,憨憨宝贝,拿抓[捂脸][捂脸],[等级3],
2026-05-13 21:32:44,96635977587,军师（12.15）,来一人一枪,[等级14],[粉丝团 Lv11]
2026-05-13 21:32:44,1822363298300364,冰糖葫卢先生,哪吒,,
2026-05-13 21:32:47,66324393119,🔥柯楠🔥🐶🤙🏽🤙🏽🤙🏽,老黑亚洲锅王,[等级24],
2026-05-13 21:32:47,66424410217,iᯅi,拿抓,[等级11],[粉丝团 Lv8]
2026-05-13 21:32:48,3544449118126824,爱吃醋的李,被你宠，哈哈哈哈,[等级25],[粉丝团 Lv11]
2026-05-13 21:32:50,100367453456,凌晨³点看海,拿抓,[等级15],
2026-05-13 21:32:50,104432719593,赞美愚者,拿爪,[等级34],
2026-05-13 21:32:59,3377334501516344,虾仁猪心(˃ ⌑ ˂ഃ ),拿爪,[等级19],[粉丝团 Lv5]
2026-05-13 21:33:00,62729762489,BBCT,@Mr'李先森🚀 黑粉也是粉是吧，谁家真粉说取关带节奏,[等级12],[粉丝团 Lv12]
2026-05-13 21:33:00,95995985667,、小蛋🥚,拿捉,[等级14],
2026-05-13 21:33:05,1822363298300364,冰糖葫卢先生,哪抓,,
2026-05-13 21:33:07,1702489841494813,葫芦♬,拿爪[捂脸],[等级12],[粉丝团 Lv9]
2026-05-13 21:33:07,1539773870387415,半杯橙🍊,哪吒头太大了,[等级12],[粉丝团 Lv6]
2026-05-13 21:33:08,600767341014696,小福星🍬,拿抓好拍，脑瓜那么大,[等级26],[粉丝团 Lv8]
2026-05-13 21:33:12,1822363298300364,冰糖葫卢先生,拿抓,,
2026-05-13 21:33:15,2782225270309235,问心,空气大残,[等级13],[粉丝团 Lv8]
2026-05-13 21:33:18,99561715617,云阳豆丁婚礼/生日/写真品质约拍,蚂蚱吃亏,[等级11],
2026-05-13 21:33:19,68128483419,秋霜,[捂脸][捂脸][捂脸],[等级33],[粉丝团 Lv11]
2026-05-13 21:33:21,101076884055,Mr'李先森🚀,@BBCT 随你怎么说吧，,[等级18],
2026-05-13 21:33:22,99561715617,云阳豆丁婚礼/生日/写真品质约拍,头大,[等级11],
2026-05-13 21:33:23,588940244944333,哟哟哟,[捂脸][捂脸],[等级22],[粉丝团 Lv6]
2026-05-13 21:33:24,2436116885012536,霜妹儿,[捂脸][捂脸],[等级14],[粉丝团 Lv10]
2026-05-13 21:33:26,1525725697671843,暮云归²⁰²⁶,[偷笑][偷笑],[等级42],[粉丝团 Lv12]
2026-05-13 21:33:27,7615988333545931813,ik-🦋,这个头真大,,
2026-05-13 21:33:27,91692192767,安○逸,头太大了,[等级8],[粉丝团 Lv5]
2026-05-13 21:33:29,95780262897,抖来助力,合照,[等级12],[粉丝团 Lv2]
2026-05-13 21:33:29,3544449118126824,爱吃醋的李,是皮皮吗[看][看][看],[等级25],[粉丝团 Lv11]
2026-05-13 21:33:33,46647388407515,不…晚…,[赞][赞][赞][赞],,
2026-05-13 21:33:33,191760441544041,帅气的阿祥,一打二,[等级7],[粉丝团 Lv4]
2026-05-13 21:33:33,100250134080,凯,身法雅[捂脸],[等级19],[粉丝团 Lv15]
2026-05-13 21:33:33,83191762270312,一早被自己帅醒,一打2,[等级37],[粉丝团 Lv15]
2026-05-13 21:33:33,96005113653,山海声,头太大了[捂脸],[等级23],[粉丝团 Lv5]
2026-05-13 21:33:35,100044676422,heart break,哪吒好有喜感的皮肤,[等级30],[粉丝团 Lv10]
2026-05-13 21:33:35,710724864472762,木空,[捂脸],[等级16],[粉丝团 Lv13]
2026-05-13 21:33:35,111167818654,荔枝小丸,🤭,[等级27],[粉丝团 Lv15]
2026-05-13 21:33:35,101133486635,缓缓的枫叶飘落像思念,一打二,[等级16],[粉丝团 Lv13]
2026-05-13 21:33:37,1822363298300364,冰糖葫卢先生,群殴,,
2026-05-13 21:33:38,2568875316349119,￴ ￴ ￴ ￴ ￴只关注骚的,头太大了一拍就没了[看],[等级2],
2026-05-13 21:33:41,71126905166,抖音小肋手,点粉丝团→一键送11个为你闪耀（陪伴之旅），完成后可多领很多很多亲密度→记得把星星都点开有亲密❤️❤,[等级10],[粉丝团 Lv10]
2026-05-13 21:33:45,109347489740,水口丶惠字,这种机会当然打主播[捂脸],[等级11],[粉丝团 Lv9]
2026-05-13 21:33:45,2395184081945055,忙里偷闲⁵¹⁰⁷⁴,❤️💐❤️感谢老板，老板大气，喝茶🍵🍵🍵,[等级29],[粉丝团 Lv15]
2026-05-13 21:33:48,3544449118126824,爱吃醋的李,@子一 感谢大哥,[等级25],[粉丝团 Lv11]
2026-05-13 21:33:50,7539185225391866904,胖胖哦,都把甲脱了才公平,[等级1],
2026-05-13 21:33:50,2008152259705040,汉、歼的审判者,@子一 [抱抱你][抱抱你][抱抱你],[等级15],[粉丝团 Lv12]
2026-05-13 21:33:51,76773190783,馨儿💋,牛逼牛逼,[等级34],[粉丝团 Lv10]
2026-05-13 21:33:52,98460975967,ەㅤㅤㅤㅤㅤㅤㅤㅤㅤ一个蛋🥚 ㅤㅤㅤㅤ,[看][看][看],[等级34],[粉丝团 Lv10]
2026-05-13 21:33:52,92461848227,煜,[捂脸][捂脸][捂脸],[等级13],[粉丝团 Lv11]
2026-05-13 21:33:54,105457912449,Mr.馬,老板糊涂啊,[等级11],[粉丝团 Lv11]
2026-05-13 21:33:54,96635977587,军师（12.15）,是谁出来,[等级14],[粉丝团 Lv11]
2026-05-13 21:33:55,101289462336,广西妹💞,[捂脸][捂脸],[等级24],[粉丝团 Lv9]
2026-05-13 21:33:57,71126905166,抖音小肋手,@子一 谢谢老板,[等级10],[粉丝团 Lv10]
2026-05-13 21:33:57,77416951506,ら孤痞,@爱吃醋的李 应该不是,[等级36],[粉丝团 Lv17]
2026-05-13 21:33:58,77739939467,旅程...,吗注意耳膜,[等级14],[粉丝团 Lv7]
2026-05-13 21:34:00,68128483419,秋霜,[捂脸][捂脸][捂脸][捂脸],[等级33],[粉丝团 Lv11]
2026-05-13 21:34:01,109756665406,ᑮéиg宝🧸ོ,[捂脸][捂脸][捂脸],[等级29],[粉丝团 Lv12]
2026-05-13 21:34:01,96635977587,军师（12.15）,哈哈哈,[等级14],[粉丝团 Lv11]
2026-05-13 21:34:02,95594231759,爱别离,不断腿,[等级8],
2026-05-13 21:34:02,98460975967,ەㅤㅤㅤㅤㅤㅤㅤㅤㅤ一个蛋🥚 ㅤㅤㅤㅤ,还有一个人[捂脸],[等级34],[粉丝团 Lv10]
2026-05-13 21:34:03,2475702575179399,这个我是真的喜欢,扑总大气,[等级14],
2026-05-13 21:34:05,69260020651,ZDL,哈哈,[等级11],[粉丝团 Lv10]
2026-05-13 21:34:06,892413678724877,厌遇,[捂脸][笑哭][捂脸][笑哭][捂脸][笑哭],[等级24],[粉丝团 Lv6]
2026-05-13 21:34:06,59011956650,ღ᭄不念过往ꦿ࿐,声音警报,[等级20],[粉丝团 Lv11]
2026-05-13 21:34:06,63019632364,仰望星空,[捂脸][捂脸][捂脸][捂脸][捂脸][捂脸][捂脸][捂脸],[等级31],[粉丝团 Lv4]
2026-05-13 21:34:08,1525725697671843,暮云归²⁰²⁶,@子一 感谢老板,[等级42],[粉丝团 Lv12]
2026-05-13 21:34:09,102987896418,赵涛🤳流浪者0001,[捂脸][捂脸][捂脸][捂脸][捂脸],[等级29],[粉丝团 Lv13]
2026-05-13 21:34:10,104812228048,伤心的影子,感谢一号,[等级11],
2026-05-13 21:34:10,224773104735615,锦鲤🍀,再来一把这队友可以,[等级3],
2026-05-13 21:34:11,95507451318,溪鱼,局哥忘了,[等级17],[粉丝团 Lv10]
2026-05-13 21:34:13,4162095481363833,mrtang,注意音量[捂脸][捂脸][捂脸][捂脸][捂脸],,
2026-05-13 21:34:13,1618100755631022,像梦一样自由,[捂脸][捂脸][捂脸][捂脸][捂脸][捂脸][捂脸][捂脸][捂脸][捂脸][捂脸][捂脸][捂脸][捂脸][捂脸][捂脸][捂脸][捂脸][捂脸][捂脸],[等级10],[粉丝团 Lv10]
2026-05-13 21:34:17,309411621386987,90后公子,一人一个[捂脸][捂脸][捂脸],[等级20],[粉丝团 Lv7]
2026-05-13 21:34:18,97266147825,十一🍅,这个锅确实可以,[等级27],[粉丝团 Lv3]
2026-05-13 21:34:19,102469975321,✨名门⭐️,@子一 喝茶🍵🍵🍵🍵🍵🍵🍵🍵🍵🍵🍵🍵🍵🍵🍵🍵🍵🍵🍵🍵🍵🍵🍵🍵🍵🍵🍵🍵🍵🍵🍵🍵🍵🍵🍵🍵🍵🍵🍵🍵🍵🍵🍵🍵,[等级19],[粉丝团 Lv15]
2026-05-13 21:34:20,66202681069,DuDuDu,[比心][比心][比心],[等级20],[粉丝团 Lv11]
2026-05-13 21:34:20,92461848227,煜,[捂脸][捂脸][捂脸],[等级13],[粉丝团 Lv11]
2026-05-13 21:34:21,97600677185,晓乔治ovo,[捂脸][捂脸][捂脸],[等级38],[粉丝团 Lv12]
2026-05-13 21:34:23,1822363298300364,冰糖葫卢先生,[捂脸],,
2026-05-13 21:34:23,3047482674388180,菜场在逃肥鸡,我靠,[等级12],[粉丝团 Lv7]
2026-05-13 21:34:23,1257437656002798,某某.,笑死我了,[等级34],[粉丝团:张君雅 Lv16]
2026-05-13 21:34:24,1525725697671843,暮云归²⁰²⁶,[偷笑][偷笑][偷笑],[等级42],[粉丝团 Lv12]
2026-05-13 21:34:25,52167242079,芝士鱼,[捂脸][捂脸],[等级17],[粉丝团 Lv11]
2026-05-13 21:34:25,3406705907740807,何爱华（承蒙厚爱）,哈哈哈,[等级22],[粉丝团 Lv12]
2026-05-13 21:34:28,71640384894,LLL,注意音量,[等级21],[粉丝团 Lv12]
2026-05-13 21:34:28,17954405978,X.宁缺毋滥💋,活鸭[捂脸],[等级27],[粉丝团 Lv13]
2026-05-13 21:34:29,59011956650,ღ᭄不念过往ꦿ࿐,警报,[等级20],[粉丝团 Lv11]
2026-05-13 21:34:29,87872643486,念念不忘,牛逼，牛逼,[等级21],[粉丝团 Lv11]
2026-05-13 21:34:30,206310247248147,莱墨,静音,[等级34],
2026-05-13 21:34:31,289926315248628,风景线,有情有义,[等级17],[粉丝团 Lv8]
2026-05-13 21:34:31,588940244944333,哟哟哟,尿频鸭[捂脸],[等级22],[粉丝团 Lv6]
2026-05-13 21:34:31,2568875316349119,￴ ￴ ￴ ￴ ￴只关注骚的,把局哥忽略了[捂脸],[等级2],
2026-05-13 21:34:33,75656851589,lbu伊布,干嘛不让鸡给粉丝？,[等级9],
2026-05-13 21:34:33,98415794567,Mr.K先生,又开车,[等级18],[粉丝团 Lv11]
2026-05-13 21:34:36,7041895366976,极客前沿小雪花开发,传出去，猫局是鸭子,[等级18],[粉丝团 Lv12]
2026-05-13 21:34:37,2893510603975646,卡卡12345,悍匪老张,[等级14],[粉丝团 Lv11]
2026-05-13 21:34:37,3424359815056996,杨军,就不能让粉丝一局嘛,[等级20],[粉丝团 Lv1]
2026-05-13 21:34:38,73133140989,行稳致远,[捂脸][捂脸][捂脸],[等级31],[粉丝团 Lv15]
2026-05-13 21:34:39,71640384894,LLL,警报,[等级21],[粉丝团 Lv12]
2026-05-13 21:34:40,65972743228,快乐,牛逼牛逼牛逼牛逼牛逼,[等级11],[粉丝团 Lv11]
2026-05-13 21:34:42,61106276015,biubiubiu,各位粉粉们，音量注意⚠️注意,[等级24],[粉丝团 Lv11]
2026-05-13 21:34:43,101076884055,Mr'李先森🚀,[捂脸][捂脸],[等级18],
2026-05-13 21:34:45,75656851589,lbu伊布,不爱粉丝,[等级9],
2026-05-13 21:34:46,7615988333545931813,ik-🦋,拼锅没输过,,
2026-05-13 21:34:47,83837395870,啊董430,主播打粉丝,[等级19],[粉丝团 Lv8]
2026-05-13 21:34:48,1447389766638744,我还是我不一样的烟火,张君雅，可以呀，比猫局牛逼多了,[等级7],
2026-05-13 21:34:49,71640384894,LLL,警报警报,[等级21],[粉丝团 Lv12]
2026-05-13 21:34:49,3406705907740807,何爱华（承蒙厚爱）,死了就变成烤鸭。[捂脸][捂脸][捂脸],[等级22],[粉丝团 Lv12]
2026-05-13 21:34:50,108585465324,甘泉,警技,[等级24],[粉丝团 Lv9]
2026-05-13 21:34:50,97600677185,晓乔治ovo,[捂脸]鸭子🦆,[等级38],[粉丝团 Lv12]
2026-05-13 21:34:50,99670406488,杨@~￥少,没有,[等级19],[粉丝团 Lv7]
2026-05-13 21:34:52,104917868526,🌅,[捂脸][捂脸],[等级7],[粉丝团 Lv8]
2026-05-13 21:34:53,716485322086043,勇气,[666][666][666][比心][比心][比心][比心],[等级12],[粉丝团 Lv8]
2026-05-13 21:34:56,7639074884061119537,海王🌹,张老黑牛逼，我把收藏的放开了，给兄弟们发福利[看],,
2026-05-13 21:34:58,106880280722,我行我素,[666][666][666],[等级13],[粉丝团 Lv8]
2026-05-13 21:34:58,465820773783655,用户空白,又夹,[等级15],[粉丝团 Lv12]
2026-05-13 21:35:00,102057833976,就事论事,这游戏没法打了，都认识咱们张君雅,[等级7],[粉丝团 Lv9]
2026-05-13 21:35:00,100028994237,用户9991,死动静[捂脸],[等级19],[粉丝团 Lv10]
2026-05-13 21:35:01,81922832250,心之所向 (-^〇^-),不处,[等级12],[粉丝团 Lv11]
2026-05-13 21:35:01,3949062634087486,晞和,[捂脸][捂脸],[等级9],[粉丝团 Lv10]
2026-05-13 21:35:01,99453358013,咸鱼干儿,[看]？,[等级25],[粉丝团 Lv10]
2026-05-13 21:35:01,4459243629712462,永( ˝ᗢ̈˝ )²⁴⁹,夹子[捂脸],[等级24],[粉丝团 Lv12]
2026-05-13 21:35:02,105457912449,Mr.馬,[捂脸][捂脸][捂脸][捂脸][捂脸],[等级11],[粉丝团 Lv11]
2026-05-13 21:35:02,92516088456,花落知多少,哦哦yes,[等级20],[粉丝团 Lv12]
2026-05-13 21:35:02,484257882206712,欧欧欧包,？？？,[等级19],[粉丝团 Lv4]
2026-05-13 21:35:02,110853008719,！,[尬笑][尬笑],[等级26],
2026-05-13 21:35:04,96921675385,X I A N G,？？？,[等级12],[粉丝团 Lv8]
2026-05-13 21:35:04,588940244944333,哟哟哟,？？？,[等级22],[粉丝团 Lv6]
2026-05-13 21:35:04,103358665061,@初心伴风雨,[捂脸][捂脸][捂脸][捂脸],[等级32],
2026-05-13 21:35:05,108586220306,%,[捂脸][捂脸][捂脸],[等级22],[粉丝团 Lv12]
2026-05-13 21:35:06,3843508995369550,超级幸运鹅🦢,[捂脸][捂脸][捂脸][捂脸],[等级18],[粉丝团 Lv6]
2026-05-13 21:35:06,646161190361448,暗影狂花,不吃会掉分,[等级22],[粉丝团 Lv7]
2026-05-13 21:35:07,1313284358672692,广联达建模（王）,[捂脸][发怒][捂脸][发怒][捂脸][发怒],[等级16],[粉丝团 Lv6]
2026-05-13 21:35:07,68139327074,🫧🫧,[捂脸][捂脸][捂脸][捂脸],[等级20],[粉丝团 Lv13]
2026-05-13 21:35:08,224751403147871,🌙🌙           　　╲,[捂脸][捂脸]100个儿子,[等级18],[粉丝团 Lv11]
2026-05-13 21:35:08,99670406488,杨@~￥少,金雅给你生10个,[等级19],[粉丝团 Lv7]
2026-05-13 21:35:08,81214383347,superid,你这是祝福吗,[等级11],
2026-05-13 21:35:08,109042802862,有点困,又是恩将仇报的一天[捂脸][捂脸],[等级14],
2026-05-13 21:35:10,100599277178,☞╭(╯黑暗ε霸主╰)╮,07,[等级5],
2026-05-13 21:35:10,1702489841494813,葫芦♬,哎呀，我浑身一激灵[捂脸],[等级12],[粉丝团 Lv9]
2026-05-13 21:35:10,1556555157474350,🌈🌈小宝888888,不处,[等级18],
2026-05-13 21:35:10,110271030926,寻星子,[捂脸][捂脸][捂脸],[等级15],[粉丝团 Lv12]
2026-05-13 21:35:11,94735245961,🌈孟俐言,整这死出,[等级12],[粉丝团 Lv11]
2026-05-13 21:35:12,501823594569320,自在,这死出,[等级20],[粉丝团 Lv14]
2026-05-13 21:35:12,98512611137,鱼先森,牛逼瓦,[等级21],
2026-05-13 21:35:14,1827809526030755,💮张💓君✡️雅💋老黑,[捂脸][捂脸][捂脸],[等级11],[粉丝团 Lv8]
2026-05-13 21:35:15,95285920974,🌈🌈🌈🌈,都是亲生的 哈哈哈,[等级16],[粉丝团 Lv3]
2026-05-13 21:35:15,3864157386712875,BWRZ(记录美好)2,[大笑][大笑][大笑][大笑][大笑][大笑][大笑][大笑][大笑][大笑][大笑][大笑][大笑][大笑],[等级22],[粉丝团 Lv13]
2026-05-13 21:35:16,7567403286325478437,日行一善积大德，日行多善积积大大德,你这不是祝福，是诅咒[捂脸],[等级10],[粉丝团 Lv10]
2026-05-13 21:35:17,7609872726371189817,太抑郁了凌晨两点半挖前女友骨灰粉泡茶提神,@杨军 让鸡主播半个小时白打，你觉得她会让吗[看],[等级7],
2026-05-13 21:35:17,78267720770,龍⁵¹⁰⁷⁴,[捂脸][捂脸][捂脸],[等级28],[粉丝团 Lv15]
2026-05-13 21:35:18,91657182053,爱旅行的岳先森,这是扑总？,,
2026-05-13 21:35:20,77739939467,旅程...,我去,[等级14],[粉丝团 Lv7]
2026-05-13 21:35:20,3122234497437248,梁全其美,⭐⭐⭐⭐⭐⭐⭐⭐⭐⭐⭐⭐⭐⭐⭐⭐⭐⭐⭐⭐⭐⭐⭐⭐⭐⭐⭐⭐⭐⭐⭐⭐⭐⭐⭐⭐⭐⭐⭐⭐⭐⭐⭐⭐⭐⭐⭐⭐⭐⭐,[等级15],[粉丝团 Lv10]
2026-05-13 21:35:20,77497764555,不缺暖阳-,你在咒他,[等级29],[粉丝团 Lv13]
2026-05-13 21:35:20,51169770322,🍀兰兰🍀,一百个儿子不是亲生的[捂脸][捂脸][捂脸][捂脸],[等级15],
2026-05-13 21:35:20,98512611137,鱼先森,牛逼雅,[等级21],
2026-05-13 21:35:21,3408098413512419,心静自然,50个别人生的[捂脸],[等级30],[粉丝团 Lv11]
2026-05-13 21:35:21,7636113897531589689,沉默,牛笔[捂脸][捂脸][捂脸],,
2026-05-13 21:35:22,99776070009,碎冰冰💦💦💦,@海王🌹 可以啊，兄弟,[等级31],
2026-05-13 21:35:22,97705467114,ジ晴宝🩷,替TeFuir 滴滴一个少妇,[等级25],[粉丝团 Lv12]
2026-05-13 21:35:24,61772282639,🦄潇洒的茂茂哥💋,这么歹毒！一百个儿子[尬笑][奸笑],[等级32],[粉丝团 Lv11]
2026-05-13 21:35:26,224751403147871,🌙🌙           　　╲,[酷拽][捂脸],[等级18],[粉丝团 Lv11]
2026-05-13 21:35:26,56729258180,齐大圣⁰⁴⁷（冲击万粉）,我又来找女朋友了😭,[等级33],
2026-05-13 21:35:26,4503658257446344,🥐cornetto,换个号打  都认识你,[等级41],[粉丝团 Lv6]
2026-05-13 21:35:27,3544449118126824,爱吃醋的李,榜一是扑总[捂脸]？,[等级25],[粉丝团 Lv11]
2026-05-13 21:35:28,87685795754,硕歌,隔三差五生100个儿子[看],[等级11],[粉丝团 Lv8]
2026-05-13 21:35:28,108585465324,甘泉,不是子一吗,[等级24],[粉丝团 Lv9]
2026-05-13 21:35:29,7615988333545931813,ik-🦋,奥利给[捂脸],,
2026-05-13 21:35:30,3122234497437248,梁全其美,🍺🍺🍺🍺🍺🍺🍺🍺🍺🍺🍺,[等级15],[粉丝团 Lv10]
2026-05-13 21:35:30,71830617955,認生若如初見,[尬笑]这是死动静。,[等级31],[粉丝团 Lv16]
2026-05-13 21:35:30,1075773400438494,还会再见吗,666,[等级2],[粉丝团 Lv4]
2026-05-13 21:35:32,94272261346,以孤独为名,估计尼扑嫂子在骂你,[等级20],[粉丝团 Lv11]
2026-05-13 21:35:33,110407694978,刘业青,橘子睡醒了啊,[等级24],[粉丝团 Lv13]
2026-05-13 21:35:34,224751403147871,🌙🌙           　　╲,[捂脸][黑脸][捂脸][黑脸][捂脸][黑脸],[等级18],[粉丝团 Lv11]
2026-05-13 21:35:38,3544449118126824,爱吃醋的李,扑总改名了？,[等级25],[粉丝团 Lv11]
2026-05-13 21:35:39,102469975321,✨名门⭐️,扑总好像要被掏空[看][看],[等级19],[粉丝团 Lv15]
2026-05-13 21:35:39,54356574057,又帅又靠谱,[捂脸],[等级11],
2026-05-13 21:35:39,939441883709913,问啥都懵,恩将仇报,[等级18],[粉丝团 Lv9]
2026-05-13 21:35:40,3996063592881981,@@🚬yangꦿ᭄ཽ࿆࿆:,奥利给不是大便吗？[捂脸][捂脸][捂脸],[等级15],[粉丝团 Lv10]
2026-05-13 21:35:41,1276987230137771,ber,少夫有吗,,
2026-05-13 21:35:41,56729258180,齐大圣⁰⁴⁷（冲击万粉）,找个女朋友😁广州的有小姐姐吗,[等级33],
2026-05-13 21:35:41,1024396019894413,冲动是魔鬼,@ジ晴宝🩷 [捂脸],[等级18],[粉丝团 Lv14]
2026-05-13 21:35:43,4278930450155335,那就晚安_,扑总小号么,[等级2],
2026-05-13 21:35:45,59181011145,时光流逝,种马咯，100个,[等级3],
2026-05-13 21:35:48,587615959256659,军迷,扑总换名字了？？？,[等级17],[粉丝团 Lv11]
2026-05-13 21:35:48,224751403147871,🌙🌙           　　╲,[打脸][衰][打脸][衰][打脸][衰],[等级18],[粉丝团 Lv11]
2026-05-13 21:35:49,95149129832,@紫霞仙子🪷,请问有人知道晚上播到几点吗？,[等级14],
2026-05-13 21:35:49,7585416658971558970,小杨🐑,[看],[等级2],[粉丝团 Lv3]
2026-05-13 21:35:49,58522020937,王大林,又意气用事了不是[捂脸],,
2026-05-13 21:35:51,58621929347,野生小厨,@爱吃醋的李 不是,[等级24],[粉丝团 Lv15]
2026-05-13 21:35:53,53041436711,已读不回☀️,@爱吃醋的李 小号,[等级37],[粉丝团 Lv13]
2026-05-13 21:35:53,2274247923467549,知遇👣,@太抑郁了凌晨两点半挖前女友骨灰粉泡茶提神 你酸什么主播也没有打她们,[等级24],[粉丝团 Lv10]
2026-05-13 21:35:58,63416229807,风沙迷了眼⁵¹⁰⁷⁴,@@紫霞仙子🪷 12,[等级21],[粉丝团 Lv15]
2026-05-13 21:35:58,97523528294,回首一回头,@爱吃醋的李 扑总俩个号,[等级20],[粉丝团 Lv15]
2026-05-13 21:35:59,2704407724044788,匚亓,@@紫霞仙子🪷 十二点,[等级14],[粉丝团 Lv6]
2026-05-13 21:36:03,110547340114,@@,扑种,[等级9],
2026-05-13 21:36:03,95883614774,泛白的记忆,@@紫霞仙子🪷 12点,[等级33],
2026-05-13 21:36:04,2322637781999111,用户8670873791962,不送,[等级13],
2026-05-13 21:36:05,71126905166,抖音小肋手,直播间上方👆展馆滑动[爱心]有主播充能[感谢][感谢]大家看直播能免费[爱心]给主播君雅充能[爱心],[等级10],[粉丝团 Lv10]
2026-05-13 21:36:07,81893556891,私宠,你要扑总破产啊,[等级29],[粉丝团 Lv10]
2026-05-13 21:36:07,1827809526030755,💮张💓君✡️雅💋老黑,对了,[等级11],[粉丝团 Lv8]
2026-05-13 21:36:08,105457912449,Mr.馬,有啊,[等级11],[粉丝团 Lv11]
2026-05-13 21:36:10,100030072195,农夫山里有块田,[看],[等级5],[粉丝团 Lv4]
2026-05-13 21:36:10,3628016316716552,🌈c,[捂脸],[等级8],[粉丝团 Lv8]
2026-05-13 21:36:10,95529368545,时光淡了回忆,退吧,[等级3],
2026-05-13 21:36:11,2274247923467549,知遇👣,@@紫霞仙子🪷 九点,[等级24],[粉丝团 Lv10]
2026-05-13 21:36:12,71126905166,抖音小肋手,点粉丝团→一键送11个为你闪耀（陪伴之旅），完成后可多领很多很多亲密度→记得把星星都点开有亲密❤️❤,[等级10],[粉丝团 Lv10]
2026-05-13 21:36:12,92516088456,花落知多少,oh  oh  yes,[等级20],[粉丝团 Lv12]
2026-05-13 21:36:13,3544449118126824,爱吃醋的李,哦了[比心],[等级25],[粉丝团 Lv11]
2026-05-13 21:36:14,95149129832,@紫霞仙子🪷,@风沙迷了眼⁵¹⁰⁷⁴ 谢谢,[等级14],
2026-05-13 21:36:14,101904040963,许哈哈🐾,灯牌,[等级15],[粉丝团 Lv11]
2026-05-13 21:36:15,63416229807,风沙迷了眼⁵¹⁰⁷⁴,[捂脸][捂脸][捂脸][捂脸],[等级21],[粉丝团 Lv15]
2026-05-13 21:36:16,501017431248247,今天也开心呀,还可以这样啊,[等级8],[粉丝团 Lv9]
2026-05-13 21:36:17,3047482674388180,菜场在逃肥鸡,哈哈哈,[等级12],[粉丝团 Lv7]
2026-05-13 21:36:17,2475702575179399,这个我是真的喜欢,真的假的,[等级14],
2026-05-13 21:36:18,63164981537,十六-,？,[等级42],[粉丝团 Lv9]
2026-05-13 21:36:18,61624904933,西 瓜,[捂脸][捂脸][捂脸][捂脸],[等级13],[粉丝团 Lv11]
2026-05-13 21:36:18,101808958385,陆辰,[捂脸][捂脸][捂脸],[等级26],[粉丝团 Lv11]
2026-05-13 21:36:19,102987896418,赵涛🤳流浪者0001,[捂脸][捂脸][捂脸],[等级29],[粉丝团 Lv13]
2026-05-13 21:36:19,95529368545,时光淡了回忆,没妹妹,[等级3],
2026-05-13 21:36:19,93687105296,洛皮皮🐻‍❄️⁰⁵⁰³,[捂脸][捂脸],[等级40],[粉丝团:张君雅 Lv17]
2026-05-13 21:36:20,514224067980621,YES潇洒,[尬笑][尬笑][尬笑][尬笑][尬笑],[等级30],[粉丝团 Lv4]
2026-05-13 21:36:20,99536716717,✨过去式的你🌈,[看][看],[等级2],
2026-05-13 21:36:20,63416229807,风沙迷了眼⁵¹⁰⁷⁴,？？？？,[等级21],[粉丝团 Lv15]
2026-05-13 21:36:20,588940244944333,哟哟哟,？？,[等级22],[粉丝团 Lv6]
2026-05-13 21:36:21,94519821033,Doki,哪有ai啊,[等级36],[粉丝团 Lv5]
2026-05-13 21:36:21,67534735453,+2,666,[等级15],[粉丝团 Lv10]
2026-05-13 21:36:21,4459243629712462,永( ˝ᗢ̈˝ )²⁴⁹,[捂脸][捂脸][捂脸],[等级24],[粉丝团 Lv12]
2026-05-13 21:36:21,78534869874,xoxo,哈哈哈哈哈,[等级15],
2026-05-13 21:36:21,92461848227,煜,哈哈哈哈哈哈,[等级13],[粉丝团 Lv11]
2026-05-13 21:36:21,1118655583631034,未闻花名,哈哈哈哈哈哈哈,[等级8],[粉丝团 Lv2]
2026-05-13 21:36:21,95123484643,W-May55-Gem,哈哈哈哈哈,[等级17],[粉丝团 Lv3]
2026-05-13 21:36:21,4862013350589,厉扑,有啊，我还用着呢,[等级21],[粉丝团 Lv11]
2026-05-13 21:36:21,3864157386712875,BWRZ(记录美好)2,[大笑][大笑][大笑][大笑][大笑][大笑]不要[看],[等级22],[粉丝团 Lv13]
2026-05-13 21:36:22,83724542786,青遥听雪,？,[等级16],[粉丝团 Lv4]
2026-05-13 21:36:23,3651923871273244,飞鸟和鱼🐟²⁰²⁶,？？？,[等级3],[粉丝团 Lv2]
2026-05-13 21:36:23,3557665193860644,梅钞疯 󰠇,[尬笑][尬笑][尬笑][尬笑],[等级20],[粉丝团 Lv12]
2026-05-13 21:36:23,75737713936,ﾍ😌ﾍ工商财务,[捂脸][捂脸][捂脸][捂脸],[等级15],[粉丝团 Lv12]
2026-05-13 21:36:23,723899268213787,花火,[色][色],[等级12],[粉丝团 Lv11]
2026-05-13 21:36:23,3913913666903720,太阳☀,服了你了,[等级41],[粉丝团 Lv13]
2026-05-13 21:36:23,101138818359,小鱼,[捂脸][捂脸][捂脸],[等级34],[粉丝团 Lv15]
2026-05-13 21:36:23,53409606507,龙龙,隔三差五，旷工,[等级5],
2026-05-13 21:36:23,4328130491716536,虞城,[捂脸],[等级10],[粉丝团 Lv3]
2026-05-13 21:36:23,2475702575179399,这个我是真的喜欢,晚上试试,[等级14],
2026-05-13 21:36:23,1827809526030755,💮张💓君✡️雅💋老黑,[捂脸][捂脸][捂脸],[等级11],[粉丝团 Lv8]
2026-05-13 21:36:23,109305454829,⠀ ⠀⠀,[捂脸][捂脸][捂脸][捂脸],[等级5],[粉丝团 Lv9]
2026-05-13 21:36:24,4441674979758301,强Ge,之前红的变黄了,[等级19],[粉丝团 Lv8]
2026-05-13 21:36:24,91621209670,CC –7,[捂脸][捂脸],[等级11],[粉丝团 Lv6]
2026-05-13 21:36:24,103633121744,🍊阿豪,真的可以吗[捂脸],[等级31],[粉丝团 Lv15]
2026-05-13 21:36:25,3267381653681741,王先生呀,不可能,[等级30],[粉丝团 Lv14]
2026-05-13 21:36:25,100748498747,毛毛虫先生,？？？？,[等级6],[粉丝团 Lv8]
2026-05-13 21:36:25,71729529542,拾捌月,六六六,[等级27],[粉丝团 Lv12]
2026-05-13 21:36:25,3962260748249928,正玺影视,我怕睡不着,[等级22],[粉丝团 Lv10]
2026-05-13 21:36:25,109756665406,ᑮéиg宝🧸ོ,咋滴？？[捂脸],[等级29],[粉丝团 Lv12]
2026-05-13 21:36:26,2478777726402908,杨哥游戏推荐,猫局 直播叫什么呀。兄弟们,,
2026-05-13 21:36:26,63019632364,仰望星空,哪里啊,[等级31],[粉丝团 Lv4]
2026-05-13 21:36:26,98200507751,赶路人,虎狼之词,[等级31],
2026-05-13 21:36:26,3996063592881981,@@🚬yangꦿ᭄ཽ࿆࿆:,0K,[等级15],[粉丝团 Lv10]
2026-05-13 21:36:26,501017431248247,今天也开心呀,才知道，可以这样续灯牌,[等级8],[粉丝团 Lv9]
2026-05-13 21:36:26,1335270661955642,MMoer,有点暧昧了,[等级22],[粉丝团:张君雅 Lv12]
2026-05-13 21:36:26,3122234497437248,梁全其美,你AI说要嫁给我，我害怕,[等级15],[粉丝团 Lv10]
2026-05-13 21:36:26,54327626551,遇见丶,[酷拽],[等级21],[粉丝团 Lv8]
2026-05-13 21:36:26,82059622776,随心,[捂脸],[等级5],[粉丝团 Lv7]
2026-05-13 21:36:27,93687105296,洛皮皮🐻‍❄️⁰⁵⁰³,点赞👍没点满的宝子❤️‍🔥❤️‍🔥把这个小时的3000👍赞点满🅾️点赞辛苦了❣️❣️❣️,[等级40],[粉丝团:张君雅 Lv17]
2026-05-13 21:36:27,78267720770,龍⁵¹⁰⁷⁴,[捂脸][捂脸][捂脸],[等级28],[粉丝团 Lv15]
2026-05-13 21:36:27,101904040963,许哈哈🐾,还可以这样,[等级15],[粉丝团 Lv11]
2026-05-13 21:36:27,103802179097,囸囲囚,[666][666][666][666],[等级13],[粉丝团 Lv8]
2026-05-13 21:36:27,100474701110,W.W🌈,奖励自己,[等级27],[粉丝团 Lv5]
2026-05-13 21:36:27,94272261346,以孤独为名,你打呼噜吗？,[等级20],[粉丝团 Lv11]
2026-05-13 21:36:27,68139327074,🫧🫧,[无语流汗][无语流汗][无语流汗][无语流汗],[等级20],[粉丝团 Lv13]
2026-05-13 21:36:27,2782225270309235,问心,[捂脸][捂脸][捂脸][看],[等级13],[粉丝团 Lv8]
2026-05-13 21:36:28,110947301379,冬哥李,闷骚,[等级33],[粉丝团 Lv12]
2026-05-13 21:36:28,99776070009,碎冰冰💦💦💦,[捂脸],[等级31],
2026-05-13 21:36:28,588940244944333,哟哟哟,刺激？,[等级22],[粉丝团 Lv6]
2026-05-13 21:36:29,103510963838,《重生之》我在成都养🐰钓🐟,[捂脸][捂脸][捂脸][捂脸],[等级7],[粉丝团 Lv10]
2026-05-13 21:36:29,77440024452,꧁转角꧂,我在找你Al干架[捂脸][捂脸][捂脸][捂脸],[等级31],[粉丝团 Lv11]
2026-05-13 21:36:29,96565447462,时宜,你的ai嘲笑我[捂脸],[等级30],[粉丝团:张君雅 Lv15]
2026-05-13 21:36:29,3905061825554712,🐰🐰,[捂脸][捂脸][捂脸],[等级19],[粉丝团 Lv3]
2026-05-13 21:36:29,88786722885,月月🌈🦐,[捂脸][捂脸][捂脸],[等级23],[粉丝团 Lv3]
2026-05-13 21:36:29,109343750207,半夏梦秋CIUM,[捂脸][捂脸][捂脸][捂脸],[等级12],[粉丝团 Lv8]
2026-05-13 21:36:29,111167818654,荔枝小丸,好的我和你连麦,[等级27],[粉丝团 Lv15]
2026-05-13 21:36:29,60444392232,NN,那不得做噩梦,[等级10],
2026-05-13 21:36:29,7541605761006470204,糯儿,？,,
2026-05-13 21:36:29,3544449118126824,爱吃醋的李,扑总小号,[等级25],[粉丝团 Lv11]
2026-05-13 21:36:30,62321132457,风哥,连麦睡觉？,[等级22],[粉丝团 Lv11]
2026-05-13 21:36:30,2427344102360279,鹏哥🐮,不睡[捂脸],[等级13],[粉丝团 Lv12]
2026-05-13 21:36:31,71830617955,認生若如初見,[疑问][疑问][疑问],[等级31],[粉丝团 Lv16]
2026-05-13 21:36:31,3267381653681741,王先生呀,绝对不可能,[等级30],[粉丝团 Lv14]
2026-05-13 21:36:31,81922832250,心之所向 (-^〇^-),流口水了,[等级12],[粉丝团 Lv11]
2026-05-13 21:36:31,176392914349309,过客而已,真的假的,[等级2],[粉丝团 Lv3]
2026-05-13 21:36:31,3651923871273244,飞鸟和鱼🐟²⁰²⁶,你在说什么？,[等级3],[粉丝团 Lv2]
2026-05-13 21:36:32,7609872726371189817,太抑郁了凌晨两点半挖前女友骨灰粉泡茶提神,@知遇👣 我是在回复别人，有你什么事？,[等级7],
2026-05-13 21:36:32,95123484643,W-May55-Gem,不处,[等级17],[粉丝团 Lv3]
2026-05-13 21:36:32,200580296878250,ο▬▬▬◙▅▅▆▆▆▆◤千,你子放假。灯牌都灭了,[等级7],[粉丝团 Lv10]
2026-05-13 21:36:32,105130530485,彤彤,那还睡的着吗,[等级9],[粉丝团 Lv10]
2026-05-13 21:36:32,2704407724044788,匚亓,一会试试[看],[等级14],[粉丝团 Lv6]
2026-05-13 21:36:33,3280543313568760,ZzZ,刺激？,[等级5],
2026-05-13 21:36:33,87872643486,念念不忘,真的吗,[等级21],[粉丝团 Lv11]
2026-05-13 21:36:33,4160159374915432,斜阳丶,灯牌断了怎么办？,[等级19],[粉丝团 Lv12]
2026-05-13 21:36:33,3422121456042301,墨辰哥,你还需要哄睡觉吗,,
2026-05-13 21:36:33,96769891445,人间小叔子,流口水了,[等级31],[粉丝团 Lv15]
2026-05-13 21:36:33,100720118695,随意活着,[看][看][看],[等级11],[粉丝团 Lv11]
2026-05-13 21:36:34,93336981362,你老公叫丹枫吗？,睡觉一起？,[等级16],
2026-05-13 21:36:34,2053485629553660,🌈李小臭,那你不会怀孕了吧,[等级24],
2026-05-13 21:36:34,1512542077459805,记得晒太阳,？,[等级18],[粉丝团 Lv9]
2026-05-13 21:36:35,1525725697671843,暮云归²⁰²⁶,[捂脸][捂脸][捂脸],[等级42],[粉丝团 Lv12]
2026-05-13 21:36:35,2805585749477864,取暖ﻩ,[捂脸][捂脸]刺激,[等级45],[粉丝团 Lv11]
2026-05-13 21:36:36,1453995430513568,多多赚钱,牛逼[比心][比心][比心][比心],[等级6],[粉丝团 Lv3]
2026-05-13 21:36:36,97600677185,晓乔治ovo,让你哄睡吗[捂脸],[等级38],[粉丝团 Lv12]
2026-05-13 21:36:36,107662442756,老曾⁶¹⁷,刺激？,[等级19],[粉丝团 Lv11]
2026-05-13 21:36:37,96100691650,Forever,主播好看吗，视频睡觉,,
2026-05-13 21:36:37,2678053010423587,YM,？还在引导,[等级9],[粉丝团 Lv11]
2026-05-13 21:36:37,93271781239,㞮孞🚬,美七,[等级18],[粉丝团 Lv8]
2026-05-13 21:36:38,54327626551,遇见丶,[抠鼻],[等级21],[粉丝团 Lv8]
2026-05-13 21:36:38,774479027387455,终错过,啊，还可以这样子,[等级12],[粉丝团 Lv10]
2026-05-13 21:36:38,100814045634,飘缈一生,怕睡不着,[等级23],[粉丝团 Lv11]
2026-05-13 21:36:39,7567403286325478437,日行一善积大德，日行多善积积大大德,张君雅ai女朋友[捂脸],[等级10],[粉丝团 Lv10]
2026-05-13 21:36:39,101289462336,广西妹💞,[捂脸],[等级24],[粉丝团 Lv9]
2026-05-13 21:36:39,87925062079,紧握双手,什么虎狼之词,[等级21],[粉丝团 Lv12]
2026-05-13 21:36:39,98135666836,说好的！！！,在开车,[等级23],
2026-05-13 21:36:39,923225100663310,惠    😀,哈哈,[等级23],[粉丝团 Lv9]
2026-05-13 21:36:39,4503658257446344,🥐cornetto,没灯牌问问题的别搭理,[等级41],[粉丝团 Lv6]
2026-05-13 21:36:39,681328012439959,芳村～大支嘢,别那么直接啊,[等级5],
2026-05-13 21:36:39,87872643486,念念不忘,ai打电话,[等级21],[粉丝团 Lv11]
2026-05-13 21:36:40,102452474527,龙少🇨🇳,那还能睡的着啊,[等级13],[粉丝团 Lv11]
2026-05-13 21:36:41,105455613281,狼行者,连麦睡觉[捂脸][捂脸][捂脸],[等级7],[粉丝团 Lv2]
2026-05-13 21:36:41,72624273628,石头,什么虎狼之词,[等级11],[粉丝团 Lv10]
2026-05-13 21:36:41,77739939467,旅程...,扑总我给你生十个,[等级14],[粉丝团 Lv7]
2026-05-13 21:36:43,2722833297056100,纯看🤨,你下播我要给你打电话,[等级24],
2026-05-13 21:36:43,3685196069341767,早起没虫吃,口水收收 便宜你。想的美,[等级15],
2026-05-13 21:36:43,104949047941,蔚蓝海岸,@@紫霞仙子🪷 十二点,[等级34],[粉丝团 Lv11]
2026-05-13 21:36:44,104600530835,时光的流走,呃,,
2026-05-13 21:36:44,101133486635,缓缓的枫叶飘落像思念,口水收一收,[等级16],[粉丝团 Lv13]
2026-05-13 21:36:44,93944839374,何先生,你想多了吧，跟你连麦睡觉不得做一晚上噩梦,[等级19],[粉丝团 Lv10]
2026-05-13 21:36:45,97600677185,晓乔治ovo,[捂脸],[等级38],[粉丝团 Lv12]
2026-05-13 21:36:45,99536716717,✨过去式的你🌈,刺激,[等级2],
2026-05-13 21:36:45,1138709965834941,是魚小鱼吖ʘᴗʘ,己结扎放心爱哈哈,[等级10],[粉丝团 Lv10]
2026-05-13 21:36:46,1094758905950702,平淡,晚上可以搂了,[等级12],[粉丝团 Lv2]
2026-05-13 21:36:46,3651923871273244,飞鸟和鱼🐟²⁰²⁶,多少人睡觉[捂脸],[等级3],[粉丝团 Lv2]
2026-05-13 21:36:46,110063362407,因困,可以跟香香软软的君雅连麦睡觉,[等级3],
2026-05-13 21:36:50,2322637781999111,用户8670873791962,连了会不会做噩梦[捂脸],[等级13],
2026-05-13 21:36:51,103165243757,A开心就好,可以聊羞羞的话题吗？,[等级12],[粉丝团 Lv11]
2026-05-13 21:36:51,100044676422,heart break,你不会吧，想想就流口水,[等级30],[粉丝团 Lv10]
2026-05-13 21:36:53,92988300107,北京好铺推荐官,具体说一下怎么操作？,[等级18],[粉丝团 Lv2]
2026-05-13 21:36:53,1627697591880078,用户1557569082216,老黑刚说到睡觉是不是流口水了[捂脸],[等级9],[粉丝团 Lv5]
2026-05-13 21:36:55,53599471470,A-svvv.,就猫局,[等级18],[粉丝团 Lv11]
2026-05-13 21:36:56,56076255513,苦菊,@杨哥游戏推荐 就叫猫局,[等级24],[粉丝团 Lv15]
2026-05-13 21:36:56,98061316280,♊凡尘,我跟你IA聊天，他说你不是成都勒，你是河南的[捂脸][捂脸][捂脸],[等级32],[粉丝团 Lv10]
2026-05-13 21:36:56,87685795754,硕歌,@杨哥游戏推荐 猫局,[等级11],[粉丝团 Lv8]
2026-05-13 21:36:58,3557665193860644,梅钞疯 󰠇,连麦调情[呲牙][呲牙][呲牙],[等级20],[粉丝团 Lv12]
2026-05-13 21:36:58,417410696624275,赤马奔腾,又是路匹吗,[等级9],
2026-05-13 21:36:58,4416058262342064,左玉虎,@@紫霞仙子🪷 12点，有时候会加班,[等级21],[粉丝团 Lv13]
2026-05-13 21:36:58,93687105296,洛皮皮🐻‍❄️⁰⁵⁰³,灯牌点开陪伴之旅里面送闪耀❣️1️⃣个闪耀有50亲密度❣️完成100%陪伴之旅有更多亲密度领取❣️❣,[等级40],[粉丝团:张君雅 Lv17]
2026-05-13 21:36:59,103358665061,@初心伴风雨,好刺激,[等级32],
2026-05-13 21:37:00,176392914349309,过客而已,挺刺激的,[等级2],[粉丝团 Lv3]
2026-05-13 21:37:04,2478777726402908,杨哥游戏推荐,[捂脸],,
2026-05-13 21:37:08,110063362407,因困,香香软软,[等级3],
2026-05-13 21:37:09,87936590277,喵太,僚机热力第三名，已结扎放心ai,[等级17],[粉丝团 Lv8]
2026-05-13 21:37:10,1217906664023675,ི玲儿༊,666,[等级18],[粉丝团 Lv12]
2026-05-13 21:37:10,110947301379,冬哥李,猫局是几号,[等级33],[粉丝团 Lv12]
2026-05-13 21:37:10,77416951506,ら孤痞,@爱吃醋的李 另一个号[看],[等级36],[粉丝团 Lv17]
2026-05-13 21:37:10,97705467114,ジ晴宝🩷,@冲动是魔鬼 一天替他滴滴两遍,[等级25],[粉丝团 Lv12]
2026-05-13 21:37:12,98211015545,金浅浅～,@斜阳丶 续,[等级14],[粉丝团 Lv12]
2026-05-13 21:37:12,1939159334257548,吳先生,这是才开播吧？刚刚看还没有开呢,[等级3],
2026-05-13 21:37:17,3913913666903720,太阳☀,周一晚上，晚一分钟下班交了灯牌就行了,[等级41],[粉丝团 Lv13]
2026-05-13 21:37:18,2478777726402908,杨哥游戏推荐,@苦菊 好的👌谢谢,,
2026-05-13 21:37:18,582102788084313,知进退，明得失,[看]睡觉可不敢跟你聊天，万一一颗雷扔过来，还怎么睡,[等级6],[粉丝团 Lv10]
2026-05-13 21:37:18,94519821033,Doki,ai在哪里,[等级36],[粉丝团 Lv5]
2026-05-13 21:37:20,1666500797140135,꧁༺予你༻꧂,扑总没看张老黑直播之前估计是一米八一百好几十斤的体格，自从看张老黑以后天天忙着生一百个儿子估计都瘦了,[等级15],[粉丝团 Lv12]
2026-05-13 21:37:21,96362561751,一生有你,猫局呢？,[等级12],[粉丝团 Lv11]
2026-05-13 21:37:22,1798427627499870,TeFuir,@野生小厨 小厨，中午你干啥去了,[等级26],[粉丝团 Lv12]
2026-05-13 21:37:24,176397604366174,嘴角V上扬,a,[等级13],
2026-05-13 21:37:27,2274247923467549,知遇👣,@太抑郁了凌晨两点半挖前女友骨灰粉泡茶提神 关键你酸啊,[等级24],[粉丝团 Lv10]
2026-05-13 21:37:29,224751403147871,🌙🌙           　　╲,100个儿子,[等级18],[粉丝团 Lv11]
2026-05-13 21:37:36,224751403147871,🌙🌙           　　╲,要累死的,[等级18],[粉丝团 Lv11]
2026-05-13 21:37:39,95529368545,时光淡了回忆,[捂脸],[等级3],[粉丝团 Lv1]
2026-05-13 21:37:39,93687105296,洛皮皮🐻‍❄️⁰⁵⁰³,灯牌点开陪伴之旅里面送闪耀❣️1️⃣个闪耀有50亲密度❣️完成100%陪伴之旅有更多亲密度领取❣️❣,[等级40],[粉丝团:张君雅 Lv17]
2026-05-13 21:37:42,7636113897531589689,沉默,难道比你们还厉害[捂脸][捂脸][捂脸][捂脸],,
2026-05-13 21:37:53,103633121744,🍊阿豪,你太有想法了[捂脸],[等级31],[粉丝团 Lv15]
2026-05-13 21:37:57,101786950057,啊钦,会做噩梦的,[等级18],
2026-05-13 21:37:57,77416951506,ら孤痞,大号可以，是小号续不了,[等级36],[粉丝团 Lv17]
2026-05-13 21:38:05,3913913666903720,太阳☀,十字弩能射到，我吃一吨,[等级41],[粉丝团 Lv13]
2026-05-13 21:38:19,417410696624275,赤马奔腾,这是第几把了,[等级9],
2026-05-13 21:38:22,93687105296,洛皮皮🐻‍❄️⁰⁵⁰³,点赞👍没点满的宝子❤️‍🔥❤️‍🔥把这个小时的3000👍赞点满🅾️点赞辛苦了❣️❣️❣️,[等级40],[粉丝团:张君雅 Lv17]
2026-05-13 21:38:25,7609872726371189817,太抑郁了凌晨两点半挖前女友骨灰粉泡茶提神,@知遇👣 我酸啥啊？你理解有问题吧[看]我另个号十二级灯牌，比你看得久,[等级7],
2026-05-13 21:38:29,2274247923467549,知遇👣,@吳先生 第二把,[等级24],[粉丝团 Lv10]
2026-05-13 21:38:33,63616565302,在路上。,xun,[等级9],
2026-05-13 21:38:38,62978378029,钟灵毓秀,真稳健,[等级21],[粉丝团 Lv11]
2026-05-13 21:38:38,1906967174984656,琪不奇怪,[打call],[等级10],[粉丝团 Lv10]
2026-05-13 21:38:43,56729258180,齐大圣⁰⁴⁷（冲击万粉）,找个女朋友😁广州的有小姐姐吗,[等级33],
2026-05-13 21:38:47,95107600577,𝑿,大房,[等级18],
2026-05-13 21:38:49,93687105296,洛皮皮🐻‍❄️⁰⁵⁰³,点赞👍没点满的宝子❤️‍🔥❤️‍🔥把这个小时的3000👍赞点满🅾️点赞辛苦了❣️❣️❣️,[等级40],[粉丝团:张君雅 Lv17]
2026-05-13 21:38:52,1906967174984656,琪不奇怪,家人们十级啦[呲牙][呲牙][呲牙],[等级10],[粉丝团 Lv10]
2026-05-13 21:39:03,61303363390,华南城商办站斧浏览器Amber,刚来，第一把么[戳手手][戳手手][戳手手],[等级30],[粉丝团 Lv13]
2026-05-13 21:39:09,97608742493,福铭轩,[666][666],[等级12],[粉丝团 Lv7]
2026-05-13 21:39:15,101289462336,广西妹💞,@齐大圣⁰⁴⁷（冲击万粉） 这里是看直播的，不是谈恋爱的,[等级24],[粉丝团 Lv9]
2026-05-13 21:39:18,1356133431518375,See·U 囍,今天下午 2 号那个空军侦察不在了,,
2026-05-13 21:39:24,1356133431518375,See·U 囍,滑翔机土豆,,
2026-05-13 21:39:26,93171998731,a屁桃,局哥大气,[等级15],[粉丝团 Lv11]
2026-05-13 21:39:33,101289462336,广西妹💞,[看][看],[等级24],[粉丝团 Lv9]
2026-05-13 21:39:34,95123484643,W-May55-Gem,路人好像人机,[等级17],[粉丝团 Lv3]
2026-05-13 21:39:38,94813074976,漠北,猫局好队友,[等级21],[粉丝团 Lv7]
2026-05-13 21:39:39,71126905166,抖音小肋手,飞车[捂脸],[等级10],[粉丝团 Lv10]
2026-05-13 21:39:39,93687105296,洛皮皮🐻‍❄️⁰⁵⁰³,陪伴之旅的点亮闪耀💡送一送，帮君雅完成100%💡点亮❣️❣️❣️完成后可领取更多亲密度❣️❣️❣️,[等级40],[粉丝团:张君雅 Lv17]
2026-05-13 21:39:41,1356133431518375,See·U 囍,今天下午那个滑翔机空中侦察,,
2026-05-13 21:39:41,61303363390,华南城商办站斧浏览器Amber,[捂脸][捂脸][捂脸],[等级30],[粉丝团 Lv13]
2026-05-13 21:39:48,2374557380392285,雪花。,卧槽土匪,[等级3],[粉丝团 Lv3]
2026-05-13 21:39:55,103171423939,话温情,李大宝,[等级23],
2026-05-13 21:39:55,3962260748249928,正玺影视,车飞起来了,[等级22],[粉丝团 Lv10]
2026-05-13 21:39:55,93113842956,遇见房缘,这两真倒霉,[等级8],[粉丝团 Lv8]
2026-05-13 21:39:56,76133959662,@等风起,遇到老黑也是倒了大霉[捂脸],[等级14],[粉丝团 Lv8]
2026-05-13 21:39:57,73133140989,行稳致远,就这么没了,[等级31],[粉丝团 Lv15]
2026-05-13 21:40:00,96362561751,一生有你,真虎[捂脸]，不怕死的,[等级12],[粉丝团 Lv11]
2026-05-13 21:40:01,3905056839578446,小猪唛,车开得帅[捂脸],[等级24],[粉丝团 Lv14]
2026-05-13 21:40:01,6472167828,顺城,这车开的太莽了[捂脸],[等级22],[粉丝团 Lv15]
2026-05-13 21:40:04,2475702575179399,这个我是真的喜欢,我回个消息掏上了AUG,[等级14],
2026-05-13 21:40:05,270919733360588,发呼呼,该睡觉了张老黑催眠,[等级16],
2026-05-13 21:40:06,101133486635,缓缓的枫叶飘落像思念,空中飞车[捂脸][捂脸],[等级16],[粉丝团 Lv13]
2026-05-13 21:40:10,1538906151990679,流年,这车开得牛[捂脸],[等级45],[粉丝团:张君雅 Lv15]
2026-05-13 21:40:12,1303393967546067,姜影拾光,三号最慢,,
2026-05-13 21:40:14,108825768878,南山居士,三号有点过拖,[等级1],
2026-05-13 21:40:18,3852291762041080,光头有点闲,还在空中就炸了,[等级14],[粉丝团 Lv13]
2026-05-13 21:40:23,3913913666903720,太阳☀,车子空中爆炸,[等级41],[粉丝团 Lv13]
2026-05-13 21:40:29,2897924883488636,:(•,1080,[等级5],[粉丝团 Lv2]
2026-05-13 21:40:32,99776070009,碎冰冰💦💦💦,土匪,[等级31],
2026-05-13 21:40:35,2274247923467549,知遇👣,@太抑郁了凌晨两点半挖前女友骨灰粉泡茶提神 我又没说你没有打牌只是说你说话酸你急什么你理解什么,[等级24],[粉丝团 Lv10]
2026-05-13 21:40:38,200580296878250,ο▬▬▬◙▅▅▆▆▆▆◤千,三号这把要凉凉,[等级7],[粉丝团 Lv10]
2026-05-13 21:40:42,4503658257446344,🥐cornetto,三号跟你们很像,[等级41],[粉丝团 Lv6]
2026-05-13 21:40:42,56729258180,齐大圣⁰⁴⁷（冲击万粉）,广州的小姐姐有吗👀,[等级33],
2026-05-13 21:40:52,1538906151990679,流年,不知道的以为你在玩特技飞车[黑脸],[等级45],[粉丝团:张君雅 Lv15]
2026-05-13 21:40:55,7585416658971558970,小杨🐑,哈哈哈哈,[等级2],[粉丝团 Lv3]
2026-05-13 21:40:57,92744227073,吕志,狗子感冒了,[等级19],[粉丝团 Lv7]
2026-05-13 21:41:01,1359408941243855,阿童,因为它叫爆炸猎弓，不叫爆炸弓。,[等级31],[粉丝团 Lv2]
2026-05-13 21:41:02,109756665406,ᑮéиg宝🧸ོ,你说的不包准[看][看],[等级29],[粉丝团 Lv12]
2026-05-13 21:41:08,109927122225,666666,你的狗不行,[等级28],
2026-05-13 21:41:09,76094896485,走向阳光的温暖,你多久没喂狗了,[等级11],
2026-05-13 21:41:11,111149267192,Actor朝,可能得叫全称,[等级31],
2026-05-13 21:41:11,94940522926,岸上的鱼,那叫爆炸烈弓,[等级17],
2026-05-13 21:41:13,1798427627499870,TeFuir,别吵别吵，耽误我滴少妇,[等级26],[粉丝团 Lv12]
2026-05-13 21:41:13,64537498283,王二狗.,狗子有鼻炎,[等级6],[粉丝团 Lv8]
2026-05-13 21:41:17,111149267192,Actor朝,爆照猎弓,[等级31],
2026-05-13 21:41:23,4274497383826808,Serena,人家叫爆炸列弓,[等级15],
2026-05-13 21:41:31,221420760078779,努力的青年,博雅,[等级2],
2026-05-13 21:41:32,111149267192,Actor朝,爆炸猎弓,[等级31],
2026-05-13 21:41:35,7609872726371189817,太抑郁了凌晨两点半挖前女友骨灰粉泡茶提神,@知遇👣 我就回答了一下别人的提问，你盯着我干嘛[捂脸],[等级7],
2026-05-13 21:41:40,417410696624275,赤马奔腾,爆炸烈弓这么厉害,[等级9],
2026-05-13 21:41:44,7447508100376773692,·丨,仓库有一个,,
2026-05-13 21:41:56,3913913666903720,太阳☀,说爆炸弓也能识别得到,[等级41],[粉丝团 Lv13]
2026-05-13 21:41:58,71126905166,抖音小肋手,点粉丝团→一键送11个为你闪耀（陪伴之旅），完成后可多领很多很多亲密度→记得把星星都点开有亲密❤️❤,[等级10],[粉丝团 Lv10]
2026-05-13 21:42:03,101795391933,坦然面对,前面棚子,[等级18],[粉丝团 Lv2]
2026-05-13 21:42:15,101795391933,坦然面对,在前面棚子,[等级18],[粉丝团 Lv2]
2026-05-13 21:42:32,224751403147871,🌙🌙           　　╲,[打脸][衰][打脸][衰][打脸][衰],[等级18],[粉丝团 Lv11]
2026-05-13 21:42:44,102134995688,饲养员,不是双跑过来的人吗,[等级15],[粉丝团 Lv2]
2026-05-13 21:42:46,2005142166316856,fgg,先找人！,[等级8],[粉丝团 Lv4]
2026-05-13 21:42:55,110947301379,冬哥李,应该还有一个头啊,[等级33],[粉丝团 Lv12]
2026-05-13 21:42:58,1807239114666904,·喵了个咪,[捂脸],[等级20],[粉丝团 Lv15]
2026-05-13 21:43:12,2274247923467549,知遇👣,@太抑郁了凌晨两点半挖前女友骨灰粉泡茶提神 不对吧你自己说话酸还不让不让反驳[捂脸],[等级24],[粉丝团 Lv10]
2026-05-13 21:43:13,3969691283621395,Apex、莽夫,二哈不行,[等级2],
2026-05-13 21:43:17,111623579838,@小任,好久没来啦[比心][比心][比心][比心],[等级15],[粉丝团 Lv3]
2026-05-13 21:43:18,3557665193860644,梅钞疯 󰠇,你那是二哈[捂脸],[等级20],[粉丝团 Lv12]
2026-05-13 21:43:21,1453995430513568,多多赚钱,爆炸猎弓,[等级6],[粉丝团 Lv3]
2026-05-13 21:43:22,83491825669,赵、小文,没听清,[等级17],
2026-05-13 21:43:29,75300830217,小 胖 超,今天没抢到钻石不能续灯牌[流泪],[等级14],[粉丝团 Lv13]
2026-05-13 21:43:48,3100258455527543,清水河,这是公狗，没有母狗不高兴了,[等级18],
2026-05-13 21:43:50,1627697591880078,用户1557569082216,你的狗是二哈,[等级9],[粉丝团 Lv5]
2026-05-13 21:43:53,78809151323663,12345、,你自救就自救，信号枪就信号枪，你让它一次找两个，你也是个人才,[等级18],
2026-05-13 21:43:56,1453995430513568,多多赚钱,爆炸烈弓,[等级6],[粉丝团 Lv3]
2026-05-13 21:44:00,75300830217,小 胖 超,？,[等级14],[粉丝团 Lv13]
2026-05-13 21:44:00,100581249911,Zhang先生,支持主播,[等级13],[粉丝团 Lv5]
2026-05-13 21:44:00,93687105296,洛皮皮🐻‍❄️⁰⁵⁰³,@华南城商办站斧浏览器Amber 谢谢大哥[比心][比心][比心][比心][比心],[等级40],[粉丝团:张君雅 Lv17]
2026-05-13 21:44:01,4503658257446344,🥐cornetto,@清水河 你快去啊,[等级41],[粉丝团 Lv6]
2026-05-13 21:44:02,3468324498310648,墨语,怎么调清晰度？,,
2026-05-13 21:44:03,2274247923467549,知遇👣,@太抑郁了凌晨两点半挖前女友骨灰粉泡茶提神 还提醒我一下你是老粉灯牌12级意思你欺负新人,[等级24],[粉丝团 Lv10]
2026-05-13 21:44:09,75300830217,小 胖 超,？,[等级14],[粉丝团 Lv13]
2026-05-13 21:44:10,4494422190865789,涂 ᳐涂  ᳐੭.,一个一个搜,,
2026-05-13 21:44:13,474639356942429,多云转晴,@12345、 你不爽吗,[等级29],[粉丝团 Lv15]
2026-05-13 21:44:14,2008152259705040,汉、歼的审判者,@华南城商办站斧浏览器Amber [抱抱你][抱抱你][抱抱你],[等级15],[粉丝团 Lv12]
2026-05-13 21:44:15,93687105296,洛皮皮🐻‍❄️⁰⁵⁰³,大家帮 君雅♀️爆甜妹妹💃🏻点点赞❣️点点赞❣️点点赞💞💞💞上个100万赞👍👍👍,[等级40],[粉丝团:张君雅 Lv17]
2026-05-13 21:44:16,63416229807,风沙迷了眼⁵¹⁰⁷⁴,@12345、 打小就看你是个大聪明[捂脸][捂脸][捂脸][捂脸][捂脸],[等级21],[粉丝团 Lv15]
2026-05-13 21:44:19,75300830217,小 胖 超,啥,[等级14],[粉丝团 Lv13]
2026-05-13 21:44:22,1798427627499870,TeFuir,@知遇👣 好了好了，别说了,[等级26],[粉丝团 Lv12]
2026-05-13 21:44:22,106787674075,久伴,1080,[等级15],[粉丝团 Lv10]
2026-05-13 21:44:37,69656856233,无名小卒PLA,哈哈,[等级23],[粉丝团 Lv11]
2026-05-13 21:44:46,7609872726371189817,太抑郁了凌晨两点半挖前女友骨灰粉泡茶提神,@知遇👣 别艾特我了大哥[比心],[等级7],
2026-05-13 21:44:46,3417716304647079,泡芙是只喵🐱,哈哈哈,[等级5],[粉丝团 Lv1]
2026-05-13 21:44:52,102987896418,赵涛🤳流浪者0001,[捂脸][捂脸][捂脸],[等级29],[粉丝团 Lv13]
2026-05-13 21:44:53,4375697175361117,御,老黑快叫,[等级4],[粉丝团 Lv3]
2026-05-13 21:44:53,530428046355452,不经意亲你一口,说人家是高手,[等级34],[粉丝团 Lv9]
2026-05-13 21:44:54,3913913666903720,太阳☀,@小 胖 超 对自己好一点，怒充一块钱[赞],[等级41],[粉丝团 Lv13]
2026-05-13 21:44:56,63019632364,仰望星空,800个心眼,[等级31],[粉丝团 Lv4]
2026-05-13 21:44:58,75350607134,浅@陌,那狗还能丢？？？,,
2026-05-13 21:44:59,7567403286325478437,日行一善积大德，日行多善积积大大德,好家伙，拿狗换空投[捂脸],[等级10],[粉丝团 Lv10]
2026-05-13 21:45:00,105457912449,Mr.馬,机场,[等级11],[粉丝团 Lv11]
2026-05-13 21:45:02,96712045544,AA照夜白,看张君雅有瘾是吧,[等级21],[粉丝团 Lv14]
2026-05-13 21:45:08,73133140989,行稳致远,[666],[等级31],[粉丝团 Lv15]
2026-05-13 21:45:13,588940244944333,哟哟哟,没东西,[等级22],[粉丝团 Lv6]
2026-05-13 21:45:14,24878051489,廿阿七,现在吹出来了还能给队友呀,[等级14],[粉丝团 Lv4]
2026-05-13 21:45:17,4503658257446344,🥐cornetto,@AA照夜白 包的,[等级41],[粉丝团 Lv6]
2026-05-13 21:45:18,86660191152,朋仔啊朋仔,没东西,[等级23],[粉丝团 Lv2]
2026-05-13 21:45:22,95114696630,楠De小雨天气💦,直接伞包空降过去好了[抠鼻][抠鼻][抠鼻][抠鼻][抠鼻],[等级19],[粉丝团 Lv7]
2026-05-13 21:45:31,52401445010,错觉ᝰꫛꫀꪝ,装狗身上,[等级21],
2026-05-13 21:45:31,69084013934,🌸🌸,@AA照夜白 周二她休息我浑身难受[捂脸],[等级6],[粉丝团 Lv7]
2026-05-13 21:45:34,75300830217,小 胖 超,@太阳☀ 不，分币不掏,[等级14],[粉丝团 Lv13]
2026-05-13 21:45:37,63056364493,少年,狗包里可以带爆炸工,[等级15],
2026-05-13 21:45:40,100598654699,拾忆,爆炸弓可以让狗背着,[等级6],
2026-05-13 21:45:41,3969691283621395,Apex、莽夫,放狗里面,[等级2],
2026-05-13 21:45:46,93687105296,洛皮皮🐻‍❄️⁰⁵⁰³,点赞👍没点满的宝子❤️‍🔥❤️‍🔥把这个小时的3000👍赞点满🅾️点赞辛苦了❣️❣️❣️,[等级40],[粉丝团:张君雅 Lv17]
2026-05-13 21:45:47,4233546532927219,🉑🈶🉑🈚,……,[等级20],[粉丝团 Lv10]
2026-05-13 21:45:54,108825768878,南山居士,拿复合弓和爆炸弓，小炮没有用,[等级1],
2026-05-13 21:45:54,3175868363977623,洋  仔⁸⁰⁰⁸,去抢他们,[等级21],[粉丝团:张君雅 Lv12]
2026-05-13 21:45:55,1306685529145203,慢慢,让狗带，猫局带上了哈哈哈哈,[等级11],[粉丝团 Lv10]
2026-05-13 21:45:55,4503658257446344,🥐cornetto,@小 胖 超 小抠超,[等级41],[粉丝团 Lv6]
2026-05-13 21:45:57,4233546532927219,🉑🈶🉑🈚,雅马哈，你在吗,[等级20],[粉丝团 Lv10]
2026-05-13 21:45:58,70841787770,嗨🔥嗨🔥嗨,旁边有伞包[比心][比心],[等级25],[粉丝团 Lv8]
2026-05-13 21:45:58,96712045544,AA照夜白,主要是技术流,[等级21],[粉丝团 Lv14]
2026-05-13 21:46:00,2137925751670728,芜畏,队友跟不上,[等级13],[粉丝团 Lv10]
2026-05-13 21:46:02,3175868363977623,洋  仔⁸⁰⁰⁸,干票大的,[等级21],[粉丝团:张君雅 Lv12]
2026-05-13 21:46:06,110882406046,邱朝歌,都在舔空投  没人拿车[捂脸],[等级14],
2026-05-13 21:46:08,100250134080,凯,队友又不说话了,[等级19],[粉丝团 Lv15]
2026-05-13 21:46:09,61957369647,醉后的冲动,快点去打架 抢空投,[等级16],
2026-05-13 21:46:09,3913913666903720,太阳☀,@小 胖 超 有原则，牛逼[赞],[等级41],[粉丝团 Lv13]
2026-05-13 21:46:18,99776070009,碎冰冰💦💦💦,死腿快跑,[等级31],
2026-05-13 21:46:19,4455661928199896,红辣椒,土匪,[等级15],
2026-05-13 21:46:21,2684322732325795,用户9071435528012,放高伞,,
2026-05-13 21:46:27,62612700356,2 丶 1,磨磨唧唧的队友,[等级4],[粉丝团 Lv8]
2026-05-13 21:46:31,95123484643,W-May55-Gem,直接散包去啊,[等级17],[粉丝团 Lv3]
2026-05-13 21:46:32,94476909937,ღ᭄茜🫧,他们好磨叽,[等级22],[粉丝团 Lv11]
2026-05-13 21:46:33,93171998731,a屁桃,空投奔赴着,[等级15],[粉丝团 Lv11]
2026-05-13 21:46:34,96712045544,AA照夜白,今天咋有人说，喜欢看张君雅的都是青铜[流泪],[等级21],[粉丝团 Lv14]
2026-05-13 21:46:46,78199253926,淡淡的烟草味！,3号人机包都不放过,[等级23],[粉丝团 Lv13]
2026-05-13 21:46:47,92188435408,Lu -,队友真慢,[等级30],[粉丝团 Lv11]
2026-05-13 21:46:49,102060746094,流年,3号拖节奏,[等级10],[粉丝团 Lv9]
2026-05-13 21:46:51,2684322732325795,用户9071435528012,高伞,,
2026-05-13 21:46:53,1754424064089155,爸爸的爸爸叫什么,该减员了,[等级16],[粉丝团 Lv11]
2026-05-13 21:46:55,75300830217,小 胖 超,@太阳☀ 分币不充，全靠抢来的续灯牌送礼物[呲牙],[等级14],[粉丝团 Lv13]
2026-05-13 21:46:55,4162095481363833,mrtang,队友跟不上脚步,,
2026-05-13 21:47:02,4503658257446344,🥐cornetto,在n港就只能在车库偷老黑,[等级41],[粉丝团 Lv6]
2026-05-13 21:47:05,4376484488429220,圈,刚刚那两人的队友,[等级15],[粉丝团 Lv9]
2026-05-13 21:47:08,69084013934,🌸🌸,@AA照夜白 黑子呗,[等级6],[粉丝团 Lv7]
2026-05-13 21:47:08,3543056681802459,许糯糯吖,要死了，队友没有跟上,[等级11],[粉丝团 Lv10]
2026-05-13 21:47:09,98098327265,爵士,@小 胖 超 厉害[赞],[等级34],[粉丝团 Lv12]
2026-05-13 21:47:19,108825768878,南山居士,锚具没有大局观，一直在等队友,[等级1],
2026-05-13 21:47:28,3913913666903720,太阳☀,@小 胖 超 牛逼牛逼[赞][赞][赞],[等级41],[粉丝团 Lv13]
2026-05-13 21:47:31,105671746779,高洪峰,我卡 你们卡不卡,[等级8],
2026-05-13 21:47:33,53599471470,A-svvv.,队友太慢了   都喊半天了 还在原地  都不往车库跑,[等级18],[粉丝团 Lv11]
2026-05-13 21:47:34,93902332860,沐兮ツ,不要埋怨队友，不是每个人都跟得上她,[等级14],[粉丝团 Lv12]
2026-05-13 21:47:37,110103470082,👑全球音乐王子吕啸龙🐉,[呲牙],[等级7],
2026-05-13 21:47:43,93171998731,a屁桃,[捂脸][捂脸],[等级15],[粉丝团 Lv11]
2026-05-13 21:47:47,730552564453991,木木迷糊糊,跟不上不很正常 大部分都是普通多有 能有多少老黑这样的节奏技术的,[等级11],
2026-05-13 21:47:48,93687105296,洛皮皮🐻‍❄️⁰⁵⁰³,大家帮 君雅♀️爆甜妹妹💃🏻点点赞❣️点点赞❣️点点赞💞💞💞上个100万赞👍👍👍,[等级40],[粉丝团:张君雅 Lv17]
2026-05-13 21:47:55,96867455657,Look,你说谁不聪明呢,[等级7],[粉丝团 Lv7]
2026-05-13 21:48:02,93687105296,洛皮皮🐻‍❄️⁰⁵⁰³,@甜ル🍒 谢谢美女[比心][比心][比心][比心][比心][比心][比心],[等级40],[粉丝团:张君雅 Lv17]
2026-05-13 21:48:03,2008152259705040,汉、歼的审判者,@甜ル🍒 [抱抱你][抱抱你][抱抱你],[等级15],[粉丝团 Lv12]
2026-05-13 21:48:04,103603514886,💞 爱雨💎 27💗 🎬,说了那么久，队友还没过来,[等级16],[粉丝团 Lv14]
2026-05-13 21:48:10,1798427627499870,TeFuir,@甜ル🍒 刚吵完架你来了,[等级26],[粉丝团 Lv12]
2026-05-13 21:48:12,108044946803,Xw,6666,[等级13],[粉丝团 Lv11]
2026-05-13 21:48:21,77416951506,ら孤痞,@高洪峰 不卡,[等级36],[粉丝团 Lv17]
2026-05-13 21:48:26,96712045544,AA照夜白,我一天不看张君雅是浑身难受[抠鼻],[等级21],[粉丝团 Lv14]
2026-05-13 21:48:28,3913913666903720,太阳☀,给我一胎……[捂脸],[等级41],[粉丝团 Lv13]
2026-05-13 21:48:30,2663432393593513,甜ル🍒,@TeFuir 我错过了什么,[等级36],[粉丝团:张君雅 Lv5]
2026-05-13 21:48:34,1798427627499870,TeFuir,看热闹都不积极,[等级26],[粉丝团 Lv12]
2026-05-13 21:48:45,2234682707544967,子一,@甜ル🍒 哟！云南的呀！处大象不？,[等级28],[粉丝团:张君雅 Lv15]
2026-05-13 21:48:46,102469975321,✨名门⭐️,配合真好[比心][比心],[等级19],[粉丝团 Lv15]
2026-05-13 21:48:49,96362561751,一生有你,这配合无敌,[等级12],[粉丝团 Lv11]
2026-05-13 21:48:50,1303393967546067,姜影拾光,路人太拉,,
2026-05-13 21:48:53,95090750810,弥🥺妄,打胎了[抠鼻][呲牙],[等级21],[粉丝团 Lv11]
2026-05-13 21:48:57,75300830217,小 胖 超,@甜ル🍒 他又没滴到少妇,[等级14],[粉丝团 Lv13]
2026-05-13 21:48:58,94765520216,T.T,哥尿尿也很准[看],[等级22],[粉丝团 Lv7]
2026-05-13 21:49:03,61303363390,华南城商办站斧浏览器Amber,竟然打了你的胎[看][看],[等级30],[粉丝团 Lv13]
2026-05-13 21:49:03,97705467114,ジ晴宝🩷,@TeFuir 赶紧自己在滴一遍,[等级25],[粉丝团 Lv12]
2026-05-13 21:49:05,2663432393593513,甜ル🍒,@子一 别闹宝[捂脸],[等级36],[粉丝团:张君雅 Lv5]
2026-05-13 21:49:05,58621929347,野生小厨,@子一 处孔雀[捂脸][捂脸][捂脸],[等级24],[粉丝团 Lv15]
2026-05-13 21:49:09,4503658257446344,🥐cornetto,@子一哈哈哈哈哈哈,[等级41],[粉丝团 Lv6]
2026-05-13 21:49:11,1978736643939053,將劲夫,没狙你头就不算准,[等级18],
2026-05-13 21:49:11,4233546532927219,🉑🈶🉑🈚,[捂脸][尬笑][捂脸][尬笑][捂脸][尬笑][捂脸][尬笑][捂脸][尬笑],[等级20],[粉丝团 Lv10]
2026-05-13 21:49:17,1798427627499870,TeFuir,不是，跟我滴少妇有啥关系,[等级26],[粉丝团 Lv12]
2026-05-13 21:49:18,66672197795,過客,[捂脸][捂脸][捂脸][捂脸],[等级34],[粉丝团 Lv7]
2026-05-13 21:49:19,69084013934,🌸🌸,发财发财,[等级6],[粉丝团 Lv7]
2026-05-13 21:49:20,92461848227,煜,[捂脸][捂脸][捂脸][捂脸],[等级13],[粉丝团 Lv11]
2026-05-13 21:49:20,2475702575179399,这个我是真的喜欢,细节组队,[等级14],
2026-05-13 21:49:22,99256700443,惗旧,这队友是你昨天就举报的吧？,[等级28],
2026-05-13 21:49:24,4503658257446344,🥐cornetto,@甜ル🍒 去过缅甸吗,[等级41],[粉丝团 Lv6]
2026-05-13 21:49:24,660130228076558,半懂.,[捂脸]两个人分赃,[等级10],
2026-05-13 21:49:24,96604598984,可   ㅤ,局哥不爱用哈哈哈哈哈哈哈,[等级20],[粉丝团 Lv9]
2026-05-13 21:49:30,97600677185,晓乔治ovo,[捂脸][捂脸],[等级38],[粉丝团 Lv12]
2026-05-13 21:49:33,588940244944333,哟哟哟,上的来不[捂脸],[等级22],[粉丝团 Lv6]
2026-05-13 21:49:34,93687105296,洛皮皮🐻‍❄️⁰⁵⁰³,灯牌点开陪伴之旅里面送闪耀❣️1️⃣个闪耀有50亲密度❣️完成100%陪伴之旅有更多亲密度领取❣️❣,[等级40],[粉丝团:张君雅 Lv17]
2026-05-13 21:49:35,7408071472247768122,川渡,哈哈哈哈哈哈哈,[等级6],[粉丝团 Lv5]
2026-05-13 21:49:35,98460975967,ەㅤㅤㅤㅤㅤㅤㅤㅤㅤ一个蛋🥚 ㅤㅤㅤㅤ,[看][看][看],[等级34],[粉丝团 Lv10]
2026-05-13 21:49:36,92461848227,煜,两个人[捂脸][捂脸][捂脸],[等级13],[粉丝团 Lv11]
2026-05-13 21:49:36,71091522114,面具,细节。,[等级8],
2026-05-13 21:49:36,3047482674388180,菜场在逃肥鸡,哈哈哈哈,[等级12],[粉丝团 Lv7]
2026-05-13 21:49:37,65759302943,第三人称,哈哈哈,[等级9],[粉丝团 Lv11]
2026-05-13 21:49:38,927594191523069,余生有你,两个分赃,[等级16],[粉丝团 Lv5]
2026-05-13 21:49:40,3996063592881981,@@🚬yangꦿ᭄ཽ࿆࿆:,偷吃[捂脸][捂脸][捂脸],[等级15],[粉丝团 Lv10]
2026-05-13 21:49:41,2782225270309235,问心,哈哈哈  真老六呀！,[等级13],[粉丝团 Lv8]
2026-05-13 21:49:42,63197492648,Mr       刘,分赃[捂脸][捂脸][捂脸],[等级24],
2026-05-13 21:49:43,95507451318,溪鱼,细节组队麦,[等级17],[粉丝团 Lv10]
2026-05-13 21:49:43,2234682707544967,子一,@甜ル🍒 会吐信子，你值得拥有,[等级28],[粉丝团:张君雅 Lv15]
2026-05-13 21:49:44,96921675385,X I A N G,哈哈哈，你们两个像分赃,[等级12],[粉丝团 Lv8]
2026-05-13 21:49:44,3632420663601888,发什么呆,[捂脸][捂脸][捂脸],[等级8],[粉丝团 Lv10]
2026-05-13 21:49:47,4274497383826808,Serena,哈哈,[等级15],
2026-05-13 21:49:47,3853110172199261,吃点猫耳朵,分赃中,[等级10],[粉丝团 Lv8]
2026-05-13 21:49:48,70841787770,嗨🔥嗨🔥嗨,[尬笑][尬笑][尬笑],[等级25],[粉丝团 Lv8]
2026-05-13 21:49:48,92461848227,煜,[捂脸][捂脸][捂脸][捂脸],[等级13],[粉丝团 Lv11]
2026-05-13 21:49:48,4862013350589,厉扑,切麦分赃是吧[捂脸],[等级21],[粉丝团 Lv11]
2026-05-13 21:49:49,1638698744813067,封      雲(有关必回),上不来,[等级14],[粉丝团 Lv12]
2026-05-13 21:49:49,98460975967,ەㅤㅤㅤㅤㅤㅤㅤㅤㅤ一个蛋🥚 ㅤㅤㅤㅤ,[看][看][看],[等级34],[粉丝团 Lv10]
2026-05-13 21:49:49,21772518583,路亚周周⁸⁰⁰⁸,分赃[捂脸],[等级29],[粉丝团 Lv12]
2026-05-13 21:49:49,60444392232,NN,哈哈,[等级10],
2026-05-13 21:49:49,2322591814792717,😴再睡一会💤,800发,[等级13],[粉丝团 Lv11]
2026-05-13 21:49:49,94765520216,T.T,这把完，你哥应该要尿尿了吧[看][看][看][看][看],[等级22],[粉丝团 Lv7]
2026-05-13 21:49:51,69549195417,久睡成瘾,又分赃[捂脸],[等级26],[粉丝团 Lv8]
2026-05-13 21:49:51,470219582866307,忻安,哈哈哈哈,[等级17],[粉丝团 Lv15]
2026-05-13 21:49:51,105457912449,Mr.馬,[捂脸][捂脸][捂脸][捂脸][捂脸],[等级11],[粉丝团 Lv11]
2026-05-13 21:49:51,93032203992,秀儿⁵¹⁰⁷⁴,[捂脸][捂脸][捂脸][捂脸][捂脸],[等级19],[粉丝团 Lv12]
2026-05-13 21:49:51,61957369647,醉后的冲动,两个人分赃,[等级16],
2026-05-13 21:49:51,101133486635,缓缓的枫叶飘落像思念,[捂脸][捂脸][捂脸],[等级16],[粉丝团 Lv13]
2026-05-13 21:49:52,4160156117768544,徐**,吃相难看,[等级21],[粉丝团 Lv11]
2026-05-13 21:49:52,111149267192,Actor朝,哈哈哈哈哈哈哈哈哈哈哈哈,[等级31],
2026-05-13 21:49:52,4233546532927219,🉑🈶🉑🈚,[捂脸][尬笑][捂脸][尬笑][捂脸][尬笑][捂脸][尬笑],[等级20],[粉丝团 Lv10]
2026-05-13 21:49:52,77440024452,꧁转角꧂,哈哈哈哈哈哈哈,[等级31],[粉丝团 Lv11]
2026-05-13 21:49:52,93014642999,🌈南山楠,哈哈哈,[等级11],[粉丝团 Lv10]
2026-05-13 21:49:53,91657182053,爱旅行的岳先森,细节切麦,,
2026-05-13 21:49:54,93171998731,a屁桃,[捂脸][捂脸][捂脸],[等级15],[粉丝团 Lv11]
2026-05-13 21:49:55,2663432393593513,甜ル🍒,@🥐cornetto 没,[等级36],[粉丝团:张君雅 Lv5]
2026-05-13 21:49:55,660130228076558,半懂.,[捂脸]细节调组队,[等级10],
2026-05-13 21:49:55,96362561751,一生有你,[捂脸][捂脸],[等级12],[粉丝团 Lv11]
2026-05-13 21:49:57,22077196930,王德发🧚🏻‍♀️,万一是粉丝,[等级9],[粉丝团 Lv10]
2026-05-13 21:49:58,97523528294,回首一回头,俩人分赃了[捂脸],[等级20],[粉丝团 Lv15]
2026-05-13 21:50:00,1313284358672692,广联达建模（王）,[捂脸][发怒][捂脸][发怒]啥都没有,[等级16],[粉丝团 Lv6]
2026-05-13 21:50:01,59958431840,钱多多🍸,两个人賊嘻嘻的,[等级19],[粉丝团 Lv10]
2026-05-13 21:50:01,3369357708103198,✨月亮✨,哈哈哈,[等级14],[粉丝团 Lv10]
2026-05-13 21:50:02,98460975967,ەㅤㅤㅤㅤㅤㅤㅤㅤㅤ一个蛋🥚 ㅤㅤㅤㅤ,你俩过分了[尬笑],[等级34],[粉丝团 Lv10]
2026-05-13 21:50:02,3913913666903720,太阳☀,[捂脸][捂脸][捂脸]，偷感好重[捂脸][捂脸],[等级41],[粉丝团 Lv13]
2026-05-13 21:50:02,53662861405,Yin.,哈哈哈哈哈,[等级18],
2026-05-13 21:50:03,92461848227,煜,哈哈哈哈哈哈哈哈哈,[等级13],[粉丝团 Lv11]
2026-05-13 21:50:03,95507451318,溪鱼,真细节..开组队麦,[等级17],[粉丝团 Lv10]
2026-05-13 21:50:04,63416229807,风沙迷了眼⁵¹⁰⁷⁴,[尬笑][尬笑][尬笑][尬笑][尬笑],[等级21],[粉丝团 Lv15]
2026-05-13 21:50:05,100250134080,凯,嘴脸[捂脸],[等级19],[粉丝团 Lv15]
2026-05-13 21:50:06,3557665193860644,梅钞疯 󰠇,[尬笑][尬笑][尬笑],[等级20],[粉丝团 Lv12]
2026-05-13 21:50:08,484257882206712,欧欧欧包,搞小团体是吧,[等级19],[粉丝团 Lv4]
2026-05-13 21:50:08,106033555658,UFC👊,给你一博发,[等级27],[粉丝团 Lv7]
2026-05-13 21:50:09,3047482674388180,菜场在逃肥鸡,演员,[等级12],[粉丝团 Lv7]
2026-05-13 21:50:11,93687105296,洛皮皮🐻‍❄️⁰⁵⁰³,点赞👍没点满的宝子❤️‍🔥❤️‍🔥把这个小时的3000👍赞点满🅾️点赞辛苦了❣️❣️❣️,[等级40],[粉丝团:张君雅 Lv17]
2026-05-13 21:50:11,96604598984,可   ㅤ,哈哈哈哈哈哈哈,[等级20],[粉丝团 Lv9]
2026-05-13 21:50:14,2663432393593513,甜ル🍒,@子一 哈哈哈,[等级36],[粉丝团:张君雅 Lv5]
2026-05-13 21:50:14,96362561751,一生有你,没有实力打空投都是罪过[捂脸],[等级12],[粉丝团 Lv11]
2026-05-13 21:50:17,3913913666903720,太阳☀,偷感十足[捂脸],[等级41],[粉丝团 Lv13]
2026-05-13 21:50:17,2388558199929709,巴山夜雨涨秋池,队友都笑了,[等级4],[粉丝团 Lv6]
2026-05-13 21:50:17,4233546532927219,🉑🈶🉑🈚,注意嘴脸,[等级20],[粉丝团 Lv10]
2026-05-13 21:50:18,1561766671155837,梨涡圆点,队友：拿我当日本人整,[等级14],
2026-05-13 21:50:20,94940522926,岸上的鱼,两个人都吃跃出来了,[等级17],
2026-05-13 21:50:22,3847918103835787,护卫队子龙,[666][666][666],[等级35],[粉丝团 Lv13]
2026-05-13 21:50:22,95114696630,楠De小雨天气💦,真是老黑[捂脸][捂脸][捂脸][捂脸],[等级19],[粉丝团 Lv7]
2026-05-13 21:50:24,61303363390,华南城商办站斧浏览器Amber,竟然是组队麦[捂脸][捂脸]两个人太鸡贼了[捂脸][捂脸],[等级30],[粉丝团 Lv13]
2026-05-13 21:50:24,94476909937,ღ᭄茜🫧,@徐** 那咋了,[等级22],[粉丝团 Lv11]
2026-05-13 21:50:25,86922507033,春夏秋冬一轮回,分他们应该ads,[等级7],[粉丝团 Lv3]
2026-05-13 21:50:26,3905056839578446,小猪唛,两队友在吞口水[捂脸],[等级24],[粉丝团 Lv14]
2026-05-13 21:50:30,1644525708386619,八九野马,不地道,[等级21],
2026-05-13 21:50:30,77739939467,旅程...,队友不开心了,[等级14],[粉丝团 Lv7]
2026-05-13 21:50:32,66672197795,過客,[捂脸][捂脸][捂脸],[等级34],[粉丝团 Lv7]
2026-05-13 21:50:34,2950687624270093,佳佳,一个老六一个老黑,[等级4],[粉丝团 Lv3]
2026-05-13 21:50:36,7542012252325905468,一个人,[捂脸][捂脸][捂脸][捂脸],[等级2],
2026-05-13 21:50:36,3535628812958407,小小小森☆,巨蟹男 处对象,[等级12],[粉丝团 Lv3]
2026-05-13 21:50:42,2744023257720807,血染南国,不要个l,[等级8],[粉丝团 Lv12]
2026-05-13 21:50:47,95594231759,爱别离,不坠楼,[等级8],
2026-05-13 21:50:48,2663432393593513,甜ル🍒,太开心了[捂脸],[等级36],[粉丝团:张君雅 Lv5]
2026-05-13 21:50:49,4029073139181552,告别路人甲,桥头有人,[等级32],
2026-05-13 21:50:51,7409694092488164412,一生一世亿双人,@甜ル🍒 小甜甜 你又出来了,[等级33],[粉丝团 Lv9]
2026-05-13 21:50:52,98458524806,ঠᩚ᭄封存💕过往᭨ᮩ໊࿐,哪个,[等级33],[粉丝团 Lv11]
2026-05-13 21:50:52,2145888220228567,用户18054358,队友听着都笑了,[等级16],[粉丝团 Lv12]
2026-05-13 21:50:55,105457912449,Mr.馬,队友复合弓换过来,[等级11],[粉丝团 Lv11]
2026-05-13 21:50:58,4375697175361117,御,肥了肥了,[等级4],[粉丝团 Lv3]
2026-05-13 21:50:59,102380940885,乱了浮生,我空投都是刺地上,[等级26],[粉丝团 Lv11]
2026-05-13 21:50:59,4248106687539532,国平岚,关系户就是不一样,[等级27],
2026-05-13 21:51:00,1231897779774327,🌈更好,你过桥小心点[尴尬流汗],[等级18],[粉丝团 Lv5]
2026-05-13 21:51:01,51011709573323,往事如烟,aug也喊队友拿着啊[捂脸],[等级28],[粉丝团 Lv9]
2026-05-13 21:51:01,76709520672,轧尕有活,还有俩展馆,[等级26],[粉丝团 Lv15]
2026-05-13 21:51:01,60586852944,‘’邱屋男神超哥,回N港拿复合弓,[等级25],[粉丝团 Lv12]
2026-05-13 21:51:01,1798427627499870,TeFuir,我准备去撞老黑了兄弟们,[等级26],[粉丝团 Lv12]
2026-05-13 21:51:05,26839009984920,小锦儿.,主播流量不够用，有推荐的电话卡吗？,[等级10],
2026-05-13 21:51:09,1838847804575764,老农民A1,有多开心,[等级33],[粉丝团 Lv15]
2026-05-13 21:51:12,96712045544,AA照夜白,猫局在，老黑兴奋起来了,[等级21],[粉丝团 Lv14]
2026-05-13 21:51:14,2663432393593513,甜ル🍒,@一生一世亿双人 我又又又来了,[等级36],[粉丝团:张君雅 Lv5]
2026-05-13 21:51:15,69549195417,久睡成瘾,@往事如烟 猫局一起拿了,[等级26],[粉丝团 Lv8]
2026-05-13 21:51:18,102057833976,就事论事,有人是没有人，好像是什么意思？,[等级7],[粉丝团 Lv9]
2026-05-13 21:51:19,1303393967546067,姜影拾光,问题好抢给队友也没多大意义啊,,
2026-05-13 21:51:21,53599471470,A-svvv.,@往事如烟 局哥拿着呀,[等级18],[粉丝团 Lv11]
2026-05-13 21:51:24,479032009042663,多多,加油熄火,[等级4],[粉丝团 Lv9]
2026-05-13 21:51:26,102469975321,✨名门⭐️,@小锦儿. 猫局有,[等级19],[粉丝团 Lv15]
2026-05-13 21:51:38,72875984918,明.Abe,天降正义,[等级13],
2026-05-13 21:51:43,75634525708,༄᭄冰封ꦿᩚ࿐,@姜影拾光 扎铁了老心[看],[等级22],[粉丝团 Lv14]
2026-05-13 21:51:49,110909715242,李逍遥,你再说鲨鱼,[等级11],
2026-05-13 21:51:56,1798427627499870,TeFuir,@甜ル🍒 热闹没看到，你开心啥,[等级26],[粉丝团 Lv12]
2026-05-13 21:51:58,61303363390,华南城商办站斧浏览器Amber,[捂脸][捂脸][捂脸][捂脸],[等级30],[粉丝团 Lv13]
2026-05-13 21:52:00,76133959662,@等风起,这队友说的啥[捂脸],[等级14],[粉丝团 Lv8]
2026-05-13 21:52:01,588940244944333,哟哟哟,[捂脸][捂脸][捂脸],[等级22],[粉丝团 Lv6]
2026-05-13 21:52:04,4433688919815223,玖绊,有没有听懂的,[等级29],[粉丝团 Lv13]
2026-05-13 21:52:05,1702489841494813,葫芦♬,[捂脸][捂脸],[等级12],[粉丝团 Lv9]
2026-05-13 21:52:09,3557665193860644,梅钞疯 󰠇,说的什么东西,[等级20],[粉丝团 Lv12]
2026-05-13 21:52:09,4233546532927219,🉑🈶🉑🈚,哪里的，兄弟们,[等级20],[粉丝团 Lv10]
2026-05-13 21:52:10,4433688919815223,玖绊,翻译一下,[等级29],[粉丝团 Lv13]
2026-05-13 21:52:10,2388558199929709,巴山夜雨涨秋池,这是广东方言,[等级4],[粉丝团 Lv6]
2026-05-13 21:52:11,104600621959,戒心,他在骂你,[等级26],[粉丝团 Lv7]
2026-05-13 21:52:12,96905665799,微凉,哈哈,[等级21],[粉丝团 Lv11]
2026-05-13 21:52:13,59225349339,事了佛衣去,@甜ル🍒 老黑有对象了，,[等级16],[粉丝团 Lv10]
2026-05-13 21:52:13,71091522114,面具,湛江的应该是。,[等级8],
2026-05-13 21:52:13,2663432393593513,甜ル🍒,@TeFuir 啥热闹,[等级36],[粉丝团:张君雅 Lv5]
2026-05-13 21:52:13,7567403286325478437,日行一善积大德，日行多善积积大大德,这是哪里的方言,[等级10],[粉丝团 Lv10]
2026-05-13 21:52:14,100028994237,用户9991,国际友人？,[等级19],[粉丝团 Lv10]
2026-05-13 21:52:15,75926745555,喳喳贝,123....456,[等级32],[粉丝团 Lv6]
2026-05-13 21:52:15,588940244944333,哟哟哟,注意防火[捂脸],[等级22],[粉丝团 Lv6]
2026-05-13 21:52:15,3913913666903720,太阳☀,@✨名门⭐️ 现在局哥不卖了，挂一个月只挣了几十块钱[捂脸][捂脸],[等级41],[粉丝团 Lv13]
2026-05-13 21:52:19,3778386515474196,陈先生,说电文呢,[等级13],[粉丝团 Lv10]
2026-05-13 21:52:20,3980701572009213,Dandelion～～,福建人,[等级35],
2026-05-13 21:52:20,2388558199929709,巴山夜雨涨秋池,广东雷州的,[等级4],[粉丝团 Lv6]
2026-05-13 21:52:21,1750047908434414,往事随风而逝,加密[捂脸][捂脸][捂脸],[等级23],[粉丝团 Lv12]
2026-05-13 21:52:21,98460975967,ەㅤㅤㅤㅤㅤㅤㅤㅤㅤ一个蛋🥚 ㅤㅤㅤㅤ,你俩悄悄话 他们说听不懂的,[等级34],[粉丝团 Lv10]
2026-05-13 21:52:22,68253465801,无名009,加油不给钱[捂脸][捂脸],[等级15],[粉丝团 Lv12]
2026-05-13 21:52:22,104360562881,夏序清和·嘉辰,闽南话,[等级24],[粉丝团 Lv9]
2026-05-13 21:52:23,70492044030,紫痕9099,翻译在哪[捂脸][捂脸][捂脸],[等级15],[粉丝团 Lv13]
2026-05-13 21:52:23,104684135037,空气能烘干机厂家-麦生,雷州话,[等级12],[粉丝团 Lv12]
2026-05-13 21:52:23,660130228076558,半懂.,[捂脸]是不是加密电报说你俩分赃,[等级10],
2026-05-13 21:52:24,99261769848,聪,加油还没给钱呢,[等级21],[粉丝团 Lv6]
2026-05-13 21:52:24,108834329822,千奇百怪,像福建哪里的话,[等级13],[粉丝团 Lv6]
2026-05-13 21:52:24,82466015215,茶底换新篇,莆田话,[等级15],[粉丝团 Lv9]
2026-05-13 21:52:25,3905056839578446,小猪唛,潮州话啊,[等级24],[粉丝团 Lv14]
2026-05-13 21:52:25,104600621959,戒心,不分他空投,[等级26],[粉丝团 Lv7]
2026-05-13 21:52:26,3953443864314451,天真无邪,湛,[等级31],
2026-05-13 21:52:26,2137925751670728,芜畏,我去,[等级13],[粉丝团 Lv10]
2026-05-13 21:52:27,7442219576371364922,一撇一捺默写牵挂²⁰²⁶₈₈₈,@流年 感谢大哥,[等级30],
2026-05-13 21:52:27,66446438256,🐮🐰,老板大气,[等级10],[粉丝团 Lv8]
2026-05-13 21:52:28,111569241394,把酒不离食,他俩曲曲你俩[捂脸],[等级19],[粉丝团 Lv15]
2026-05-13 21:52:28,94442349099,cattooth,局哥也会加密语言,[等级25],[粉丝团 Lv11]
2026-05-13 21:52:29,99320503380,M.,这都不用开组队麦了,[等级17],[粉丝团 Lv10]
2026-05-13 21:52:29,52363192777,🌈💨🧸🍒🍒,湛江 的 雷话,[等级11],[粉丝团 Lv3]
2026-05-13 21:52:30,99248232721,星空入夢,雷州话杀一个人机哈哈,[等级19],
2026-05-13 21:52:30,93687105296,洛皮皮🐻‍❄️⁰⁵⁰³,@流年 谢谢大哥[比心][比心][比心][比心][比心][比心][比心][比心],[等级40],[粉丝团:张君雅 Lv17]
2026-05-13 21:52:30,582102788084313,知进退，明得失,浙江话还是闽南话？,[等级6],[粉丝团 Lv10]
2026-05-13 21:52:30,7409694092488164412,一生一世亿双人,你俩情愿把啤酒瓶子弹扣了 也不给队友啤酒瓶 这么玩是吧,[等级33],[粉丝团 Lv9]
2026-05-13 21:52:31,76709520672,轧尕有活,哇注意音量,[等级26],[粉丝团 Lv15]
2026-05-13 21:52:31,1306685529145203,慢慢,注意音量！！,[等级11],[粉丝团 Lv10]
2026-05-13 21:52:31,76927102221,足迹,老板大气。,[等级32],[粉丝团 Lv9]
2026-05-13 21:52:31,95090750810,弥🥺妄,大哥糊涂呀,[等级21],[粉丝团 Lv11]
2026-05-13 21:52:31,2008152259705040,汉、歼的审判者,@流年 [抱抱你][抱抱你][抱抱你],[等级15],[粉丝团 Lv12]
2026-05-13 21:52:32,1178316005719096,雷🪡子（反霸凌版）,湛江方言，雷州话,[等级10],
2026-05-13 21:52:32,4162095481363833,mrtang,注意手机音量[捂脸][捂脸][捂脸][捂脸][捂脸],,
2026-05-13 21:52:32,2466926483482072,听雨沉眠,注意耳朵,[等级12],
2026-05-13 21:52:32,7484318634689905723,晴天ovo,赛季还有多少天结束,,
2026-05-13 21:52:32,2111483235546643,用户5885031963854,爆炸工变成啤酒瓶咯,,
2026-05-13 21:52:33,96838208788,小亲密---,音量,[等级7],
2026-05-13 21:52:34,2936160098984140,Sol·Dion,一分钟预警,[等级11],[粉丝团 Lv10]
2026-05-13 21:52:34,108756856233,殷澍锴,队友是湖建人？,[等级4],[粉丝团 Lv3]
2026-05-13 21:52:34,1798427627499870,TeFuir,@甜ル🍒 刚吵完架你来了,[等级26],[粉丝团 Lv12]
2026-05-13 21:52:36,1322064223941683,8888,音量警告⚠️,[等级18],[粉丝团 Lv2]
2026-05-13 21:52:36,2928696292811743,超影独行,我去   先静音吧,[等级18],[粉丝团 Lv12]
2026-05-13 21:52:37,91657182053,爱旅行的岳先森,老板糊涂啊,,
2026-05-13 21:52:37,3175868363977623,洋  仔⁸⁰⁰⁸,大哥牛逼[比心],[等级21],[粉丝团:张君雅 Lv12]
2026-05-13 21:52:37,2973499001939728,用户9188596257484,广西人吧,[等级8],
2026-05-13 21:52:38,70841787770,嗨🔥嗨🔥嗨,快静音[呲牙][呲牙],[等级25],[粉丝团 Lv8]
2026-05-13 21:52:39,3953443864314451,天真无邪,湛江,[等级31],
2026-05-13 21:52:39,73042763502,九十,台弯闽南语,[等级12],
2026-05-13 21:52:40,95335422721,任*,雷州话,[等级15],[粉丝团 Lv11]
2026-05-13 21:52:40,69656856233,无名小卒PLA,注意音,[等级23],[粉丝团 Lv11]
2026-05-13 21:52:40,102469975321,✨名门⭐️,@太阳☀ 喔！[捂脸][捂脸][捂脸],[等级19],[粉丝团 Lv15]
2026-05-13 21:52:41,101297432951,老酒醉人,捂耳朵,[等级21],[粉丝团 Lv11]
2026-05-13 21:52:42,109680241556,平凡的人啊,来了来了,[等级4],[粉丝团 Lv3]
2026-05-13 21:52:42,87121104707,许聪專業墻繪,湛江雷州话,[等级6],
2026-05-13 21:52:42,2427344102360279,鹏哥🐮,老板糊涂[捂脸],[等级13],[粉丝团 Lv12]
2026-05-13 21:52:43,82466015215,茶底换新篇,局哥老乡,[等级15],[粉丝团 Lv9]
2026-05-13 21:52:44,62558086927,戌,注意耳机音量[鼓掌][鼓掌][鼓掌][鼓掌][鼓掌],[等级15],[粉丝团 Lv13]
2026-05-13 21:52:44,603006804442072,无双✨,注意音量,[等级16],
2026-05-13 21:52:44,3484799942530332,十四,湛江的表示不知道说什么,[等级2],[粉丝团 Lv3]
2026-05-13 21:52:45,3151680605272068,发狂的狗蛋,稳住。别被吓到,[等级2],[粉丝团 Lv5]
2026-05-13 21:52:46,993561207905837,十三月凉,老板糊涂啊,[等级13],
2026-05-13 21:52:46,71234380285,惜月,老板,[等级12],[粉丝团 Lv12]
2026-05-13 21:52:47,108756856233,殷澍锴,湖建人,[等级4],[粉丝团 Lv3]
2026-05-13 21:52:48,98657042845,缘来、如此（有关必回，永不取关）,老板大气[比心],[等级19],[粉丝团 Lv8]
2026-05-13 21:52:49,2858358405342999,徒步新疆🇨🇳²⁰²⁶,老板有钱[赞],[等级18],[粉丝团 Lv10]
2026-05-13 21:52:49,69656856233,无名小卒PLA,注意音量,[等级23],[粉丝团 Lv11]
2026-05-13 21:52:49,104360562881,夏序清和·嘉辰,闽南话,[等级24],[粉丝团 Lv9]
2026-05-13 21:52:50,96905665799,微凉,注意耳膜,[等级21],[粉丝团 Lv11]
2026-05-13 21:52:52,76114717356,@@,老板大气,[等级30],[粉丝团 Lv13]
2026-05-13 21:52:53,2045551230858424,德心。🔮主页版,[看],[等级3],[粉丝团 Lv2]
2026-05-13 21:52:53,76927102221,足迹,老板大气。,[等级32],[粉丝团 Lv9]
2026-05-13 21:52:54,94765520216,T.T,莆田猫[舔屏],[等级22],[粉丝团 Lv7]
2026-05-13 21:52:55,93687105296,洛皮皮🐻‍❄️⁰⁵⁰³,点赞👍没点满的宝子❤️‍🔥❤️‍🔥把这个小时的3000👍赞点满🅾️点赞辛苦了❣️❣️❣️,[等级40],[粉丝团:张君雅 Lv17]
2026-05-13 21:52:56,2466926483482072,听雨沉眠,注意耳朵 各位,[等级12],
2026-05-13 21:52:56,62978378029,钟灵毓秀,音量调大有惊喜[鼓掌],[等级21],[粉丝团 Lv11]
2026-05-13 21:52:58,61303363390,华南城商办站斧浏览器Amber,你们组队麦，队友就加密语言交流[看][看],[等级30],[粉丝团 Lv13]
2026-05-13 21:52:59,3320144375321459,乐-乌～陆,谢谢大哥的抖音一号,[等级12],[粉丝团 Lv2]
2026-05-13 21:52:59,68270825715,等.,老板糊涂啊,[等级13],[粉丝团 Lv9]
2026-05-13 21:53:01,100060758893,🌈曾曾日上,加密语言[捂脸],[等级17],[粉丝团 Lv10]
2026-05-13 21:53:01,76709520672,轧尕有活,一分钟大家注意,[等级26],[粉丝团 Lv15]
2026-05-13 21:53:01,65008922355,🌈浮夸.,他说 你们把好东西都拿走了，不给他们留点,[等级27],[粉丝团 Lv5]
2026-05-13 21:53:03,96362561751,一生有你,发工资了[捂脸],[等级12],[粉丝团 Lv11]
2026-05-13 21:53:09,96905665799,微凉,注意耳膜,[等级21],[粉丝团 Lv11]
2026-05-13 21:53:09,2475702575179399,这个我是真的喜欢,大导弹,[等级14],
2026-05-13 21:53:10,501823594569320,自在,太肥了 估计要噶,[等级20],[粉丝团 Lv14]
2026-05-13 21:53:11,813267276802846,H,这是雷州话,[等级25],[粉丝团 Lv5]
2026-05-13 21:53:11,1187090904910855,小熊打盹,热度第一[比心],[等级17],[粉丝团 Lv10]
2026-05-13 21:53:13,100310276974,落,老板牛批,[等级30],[粉丝团 Lv4]
2026-05-13 21:53:13,185179001089518,遇见☃️,老板大气,[等级13],
2026-05-13 21:53:21,83191762270312,一早被自己帅醒,321,[等级37],[粉丝团 Lv15]
2026-05-13 21:53:26,100310276974,落,老板牛批大气大气大气大气,[等级30],[粉丝团 Lv4]
2026-05-13 21:53:27,63800656091,只吃一口口,和平一姐,[等级18],
2026-05-13 21:53:27,76927102221,足迹,老板牛逼，老板大气。,[等级32],[粉丝团 Lv9]
2026-05-13 21:53:28,101297432951,老酒醉人,3分钟延迟,[等级21],[粉丝团 Lv11]
2026-05-13 21:53:33,100060758893,🌈曾曾日上,321,[等级17],[粉丝团 Lv10]
2026-05-13 21:53:35,1822363298300364,冰糖葫卢先生,[捂脸],,
2026-05-13 21:53:36,681328012439959,芳村～大支嘢,去老鼠洞,[等级5],
2026-05-13 21:53:37,4162095481363833,mrtang,热度榜一[比心][比心][比心][比心][比心][比心][比心][比心],,
2026-05-13 21:53:38,61303363390,华南城商办站斧浏览器Amber,厘话吧,[等级30],[粉丝团 Lv13]
2026-05-13 21:53:38,7567403286325478437,日行一善积大德，日行多善积积大大德,注意你们的耳朵,[等级10],[粉丝团 Lv10]
2026-05-13 21:53:38,64177440399,过客~,这车皮都不用自己花钱买[捂脸],[等级36],
2026-05-13 21:53:39,104917868526,🌅,321,[等级7],[粉丝团 Lv8]
2026-05-13 21:53:40,1121102919119197,，。？,[捂脸],,
2026-05-13 21:53:40,1838847804575764,老农民A1,热度第一了，所以说要经常吵架[捂脸][捂脸][捂脸],[等级33],[粉丝团 Lv15]
2026-05-13 21:53:41,100060758893,🌈曾曾日上,3,[等级17],[粉丝团 Lv10]
2026-05-13 21:53:44,100060758893,🌈曾曾日上,2,[等级17],[粉丝团 Lv10]
2026-05-13 21:53:46,109997305292,Paradīsus,车皮走真耐跑,[等级9],
2026-05-13 21:53:48,100060758893,🌈曾曾日上,1,[等级17],[粉丝团 Lv10]
2026-05-13 21:53:50,62978378029,钟灵毓秀,这是小牛还是大牛,[等级21],[粉丝团 Lv11]
2026-05-13 21:53:50,4862013350589,厉扑,嘴一个[看],[等级21],[粉丝团 Lv11]
2026-05-13 21:53:51,93902332860,沐兮ツ,老黑来了,[等级14],[粉丝团 Lv12]
2026-05-13 21:53:54,101138818359,小鱼,老板大气谢谢大哥[比心],[等级34],[粉丝团 Lv15]
2026-05-13 21:53:57,93687105296,洛皮皮🐻‍❄️⁰⁵⁰³,大家帮 君雅♀️爆甜妹妹💃🏻点点赞❣️点点赞❣️点点赞💞💞💞上个100万赞👍👍👍,[等级40],[粉丝团:张君雅 Lv17]
2026-05-13 21:53:58,102057833976,就事论事,这回占住了，可别让偷家了,[等级7],[粉丝团 Lv9]
2026-05-13 21:54:02,2928696292811743,超影独行,321静音,[等级18],[粉丝团 Lv12]
2026-05-13 21:54:02,7409694092488164412,一生一世亿双人,怎么给我一种预感 这么肥 这把吃不到鸡呢 是我的错觉吗,[等级33],[粉丝团 Lv9]
2026-05-13 21:54:04,1306685529145203,慢慢,@钟灵毓秀 这是svj,[等级11],[粉丝团 Lv10]
2026-05-13 21:54:04,76709520672,轧尕有活,倒计时,[等级26],[粉丝团 Lv15]
2026-05-13 21:54:04,93078259137,China、欧皇,[色][色][色][色][色],[等级30],[粉丝团 Lv14]
2026-05-13 21:54:04,3134071856970844,晚岑,点赞有点少啊，大家动动小手吧,[等级28],[粉丝团 Lv9]
2026-05-13 21:54:08,51011709573323,往事如烟,哈哈,[等级28],[粉丝团 Lv9]
2026-05-13 21:54:08,101277257606,风的影子🧸,？,[等级41],[粉丝团 Lv11]
2026-05-13 21:54:09,200580296878250,ο▬▬▬◙▅▅▆▆▆▆◤千,三斤大辣椒。一炒一大麻勺,[等级7],[粉丝团 Lv10]
2026-05-13 21:54:12,588940244944333,哟哟哟,？,[等级22],[粉丝团 Lv6]
2026-05-13 21:54:13,66202681069,DuDuDu,[尬笑][尬笑],[等级20],[粉丝团 Lv11]
2026-05-13 21:54:15,96712045544,AA照夜白,唱起来了[赞],[等级21],[粉丝团 Lv14]
2026-05-13 21:54:15,2395184081945055,忙里偷闲⁵¹⁰⁷⁴,[爱心][爱心],[等级29],[粉丝团 Lv15]
2026-05-13 21:54:16,67652067063,辰言乐,又得瑟了,[等级23],[粉丝团 Lv10]
2026-05-13 21:54:18,97008314491,🌈喜欢吃藤藤菜,老板糊涂啊,[等级15],[粉丝团 Lv2]
2026-05-13 21:54:18,2466926483482072,听雨沉眠,？,[等级12],
2026-05-13 21:54:18,63197492648,Mr       刘,榴莲[捂脸],[等级24],
2026-05-13 21:54:19,95995985667,、小蛋🥚,什么榴莲,[等级14],
2026-05-13 21:54:21,50994395662,Z.x.y,榴莲,[等级30],[粉丝团 Lv13]
2026-05-13 21:54:21,76709520672,轧尕有活,声音不对,[等级26],[粉丝团 Lv15]
2026-05-13 21:54:21,101813288335,新新壹,？,[等级23],
2026-05-13 21:54:21,7542012252325905468,一个人,[捂脸],[等级2],
2026-05-13 21:54:22,101297432951,老酒醉人,张老黑居然温柔了,[等级21],[粉丝团 Lv11]
2026-05-13 21:54:22,7442219576371364922,一撇一捺默写牵挂²⁰²⁶₈₈₈,榴莲？,[等级30],
2026-05-13 21:54:22,100883860476,柚子,榴莲,[等级13],[粉丝团 Lv11]
2026-05-13 21:54:22,2858358405342999,徒步新疆🇨🇳²⁰²⁶,榴莲[赞][赞],[等级18],[粉丝团 Lv10]
2026-05-13 21:54:23,835247439107287,小手冰冷,榴莲,[等级6],
2026-05-13 21:54:23,93687105296,洛皮皮🐻‍❄️⁰⁵⁰³,灯牌点开陪伴之旅里面送闪耀❣️1️⃣个闪耀有50亲密度❣️完成100%陪伴之旅有更多亲密度领取❣️❣,[等级40],[粉丝团:张君雅 Lv17]
2026-05-13 21:54:25,75634525708,༄᭄冰封ꦿᩚ࿐,榴莲？[看],[等级22],[粉丝团 Lv14]
2026-05-13 21:54:26,3329758134547384,路灯下的影子,呗,[等级15],
2026-05-13 21:54:26,69084013934,🌸🌸,[比心],[等级6],[粉丝团 Lv7]
2026-05-13 21:54:26,95114696630,楠De小雨天气💦,牛年,[等级19],[粉丝团 Lv7]
2026-05-13 21:54:27,582102788084313,知进退，明得失,榴莲,[等级6],[粉丝团 Lv10]
2026-05-13 21:54:27,3996063592881981,@@🚬yangꦿ᭄ཽ࿆࿆:,老黑，今天有什么喜事？这么开心[捂脸],[等级15],[粉丝团 Lv10]
2026-05-13 21:54:27,110231887780,袁憨憨,老板糊涂啊,[等级15],[粉丝团 Lv7]
2026-05-13 21:54:27,69656856233,无名小卒PLA,吃上好的了,[等级23],[粉丝团 Lv11]
2026-05-13 21:54:28,102469975321,✨名门⭐️,@流年 大哥喝茶🍵🍵🍵🍵🍵🍵🍵🍵🍵🍵🍵🍵🍵🍵🍵🍵🍵🍵🍵🍵🍵🍵🍵🍵🍵🍵🍵🍵🍵🍵🍵🍵🍵🍵🍵🍵🍵🍵🍵🍵🍵🍵,[等级19],[粉丝团 Lv15]
2026-05-13 21:54:28,7409694092488164412,一生一世亿双人,爱吃榴莲的流年,[等级33],[粉丝团 Lv9]
2026-05-13 21:54:29,81003349173,小毛驢66,语气不对重新感谢,[等级29],[粉丝团 Lv13]
2026-05-13 21:54:29,1455399635005047,W,榴莲,[等级10],
2026-05-13 21:54:29,2928696292811743,超影独行,哎呀   现在嗓门变小了[捂脸],[等级18],[粉丝团 Lv12]
2026-05-13 21:54:31,97312860735,༒             ╰葉,榴莲,[等级22],[粉丝团 Lv11]
2026-05-13 21:54:33,4862013350589,厉扑,发工资了发工资了,[等级21],[粉丝团 Lv11]
2026-05-13 21:54:33,4375697175361117,御,又兴奋了,[等级4],[粉丝团 Lv3]
2026-05-13 21:54:33,70204281394,此去经年应是良辰美景,声音这么小 重来[看],[等级20],[粉丝团 Lv3]
2026-05-13 21:54:34,523828176633691,正念·阿伟,老板糊涂[捂脸],[等级2],
2026-05-13 21:54:37,77739939467,旅程...,大舌头👅,[等级14],[粉丝团 Lv7]
2026-05-13 21:54:38,101762916531,小悦少,打信号枪啊,,
2026-05-13 21:54:38,98211015545,金浅浅～,榴莲宝宝好吃,[等级14],[粉丝团 Lv12]
2026-05-13 21:54:38,1627697591880078,用户1557569082216,流年都喊成榴莲了,[等级9],[粉丝团 Lv5]
2026-05-13 21:54:38,2466926483482072,听雨沉眠,你咋不嗷嗷叫 这不是你的风格,[等级12],
2026-05-13 21:54:41,95995985667,、小蛋🥚,拿捉,[等级14],
2026-05-13 21:54:42,2427344102360279,鹏哥🐮,今晚居然没喊[捂脸],[等级13],[粉丝团 Lv12]
2026-05-13 21:54:43,3101038202323388,碲,老黑想吃榴莲了,[等级24],
2026-05-13 21:54:46,111480308764,锦程,我是木瓜需要开窍,[等级31],[粉丝团 Lv15]
2026-05-13 21:54:49,4111828564053511,朋友,张全蛋的，床上，有个，暖床男[捂脸][捂脸][捂脸],[等级21],[粉丝团 Lv1]
2026-05-13 21:54:50,101297432951,老酒醉人,[捂脸][捂脸]感谢的这么温柔，老黑你不够诚意,[等级21],[粉丝团 Lv11]
2026-05-13 21:54:50,638137753147991,醒目呀,要蒜苔不,[等级2],
2026-05-13 21:54:50,69372933215,边城七喜,明天爆炸弓就削弱了 明天爆炸弓就削弱了 明天爆炸弓就削弱了 明天爆炸弓就削弱了 明天爆炸弓就削弱了,[等级23],[粉丝团 Lv9]
2026-05-13 21:54:52,55732950093,挽风。,这把包吃鸡了,[等级6],
2026-05-13 21:54:52,94865486326,自然之音,伐木场有信号抢,[等级19],
2026-05-13 21:54:52,75634525708,༄᭄冰封ꦿᩚ࿐,大哥送你大导弹，你还给大哥整上味道了[看],[等级22],[粉丝团 Lv14]
2026-05-13 21:54:56,1134350379006733,烟酒生,榴莲老板糊涂啊,[等级19],[粉丝团 Lv3]
2026-05-13 21:54:57,99522832734,是有点蔡⁵¹⁰⁷⁴,晚上可以两桶海鲜面了，吃一桶，扔一桶,[等级32],[粉丝团 Lv16]
2026-05-13 21:54:58,4295115881845472,乘风破浪🏄‍♂️,一起点点赞吧,[等级18],
2026-05-13 21:54:58,104360562881,夏序清和·嘉辰,@老农民A1 大哥晚上好😃,[等级24],[粉丝团 Lv9]
2026-05-13 21:54:58,628564168810840,似水流年(关必回）,昨天约会了,[等级2],
2026-05-13 21:54:58,102469975321,✨名门⭐️,@鹏哥🐮 嗓子不舒服了[捂脸][捂脸][捂脸],[等级19],[粉丝团 Lv15]
2026-05-13 21:55:02,93575328156,贝勒爷,500块到手了[捂脸],[等级9],[粉丝团 Lv10]
2026-05-13 21:55:04,69372933215,边城七喜,明天爆炸弓就削弱了 明天爆炸弓就削弱了 明天爆炸弓就削弱了 明天爆炸弓就削弱了,[等级23],[粉丝团 Lv9]
2026-05-13 21:55:08,3408098413512419,心静自然,怕吓到你们闲唱两声[捂脸],[等级30],[粉丝团 Lv11]
2026-05-13 21:55:14,1838847804575764,老农民A1,榴莲吃不惯，主要是不好闻[捂脸][捂脸],[等级33],[粉丝团 Lv15]
2026-05-13 21:55:16,352324592338701,c   丶,不生一百个儿子了[捂脸][捂脸][捂脸],[等级27],[粉丝团 Lv15]
2026-05-13 21:55:16,99871121549,我不喜欢吃饭,最佳悍匪是什么意思？,[等级8],
2026-05-13 21:55:17,69084013934,🌸🌸,明天赛季更新？,[等级6],[粉丝团 Lv7]
2026-05-13 21:55:20,53599471470,A-svvv.,@小悦少 兄弟认真看   N 港就打了,[等级18],[粉丝团 Lv11]
2026-05-13 21:55:29,3002111643359776,路关4v1,@边城七喜 不是大削还是能玩,[等级10],
2026-05-13 21:55:30,61303363390,华南城商办站斧浏览器Amber,老黑在热练中，所以温油一点了[捂脸][捂脸],[等级30],[粉丝团 Lv13]
2026-05-13 21:55:30,67045463270,卡卡西,流连～牛年,[等级17],[粉丝团 Lv6]
2026-05-13 21:55:31,69372933215,边城七喜,出公告栏,[等级23],[粉丝团 Lv9]
2026-05-13 21:55:33,2458155356002285,托尼8,肥来咯,[等级18],[粉丝团 Lv10]
2026-05-13 21:55:40,7409694092488164412,一生一世亿双人,@甜ル🍒 今晚直接点名 甜甜把私密账号打开 让大家伙儿看看,[等级33],[粉丝团 Lv9]
2026-05-13 21:55:43,3852291762041080,光头有点闲,要肥死了,[等级14],[粉丝团 Lv13]
2026-05-13 21:55:43,2858358405342999,徒步新疆🇨🇳²⁰²⁶,主播一天挣几千块钱，轻轻松松的[赞][赞][赞],[等级18],[粉丝团 Lv10]
2026-05-13 21:55:49,75634525708,༄᭄冰封ꦿᩚ࿐,@老农民A1 榴莲你吃瓤？[看],[等级22],[粉丝团 Lv14]
2026-05-13 21:55:51,4211595503746483,⑦,[比心],[等级24],[粉丝团 Lv5]
2026-05-13 21:55:56,71126905166,抖音小肋手,直播间上方👆展馆滑动[爱心]有主播充能[感谢][感谢]大家看直播能免费[爱心]给主播君雅充能[爱心],[等级10],[粉丝团 Lv10]
2026-05-13 21:55:59,2973499001939728,用户9188596257484,装备够了，小心点吧,[等级8],
2026-05-13 21:56:02,75485062293,明头⁸⁰⁰⁸,局哥脸真大,[等级20],[粉丝团 Lv10]
2026-05-13 21:56:10,1838847804575764,老农民A1,@༄᭄冰封ꦿᩚ࿐ 难道吃皮[发呆][发呆][发呆],[等级33],[粉丝团 Lv15]
2026-05-13 21:56:12,98205531199,ᰔᩚ,[点火],[等级7],
2026-05-13 21:56:15,109997305292,Paradīsus,有车皮，这油是真耐跑,[等级9],
2026-05-13 21:56:15,103603514886,💞 爱雨💎 27💗 🎬,现在是小炮，想要大炮,[等级16],[粉丝团 Lv14]
2026-05-13 21:56:16,7473128820611384377,行走的舌尖,@徒步新疆🇨🇳²⁰²⁶ 人家也是抖音大主播了,[等级24],
2026-05-13 21:56:21,99621041765,爱晴晴❤️,榴莲不是吃壳吗？虽然有点扎嘴,[等级22],
2026-05-13 21:56:23,4295115881845472,乘风破浪🏄‍♂️,一起点点赞吧,[等级18],
2026-05-13 21:56:25,75634525708,༄᭄冰封ꦿᩚ࿐,@老农民A1 瓤是臭的[看],[等级22],[粉丝团 Lv14]
2026-05-13 21:56:29,84341855235,今天要早睡（不困）,果然女人的嘴骗人的鬼,[等级17],[粉丝团 Lv14]
2026-05-13 21:56:29,102387381609,深圳市龙岗区大康创新文具店,🉑,[等级21],[粉丝团 Lv1]
2026-05-13 21:56:47,3557665193860644,梅钞疯 󰠇,榴莲吃皮还是吃瓤？,[等级20],[粉丝团 Lv12]
2026-05-13 21:56:49,4233546532927219,🉑🈶🉑🈚,自己打……,[等级20],[粉丝团 Lv10]
2026-05-13 21:56:54,582102788084313,知进退，明得失,快拉倒吧，瓤是臭的,[等级6],[粉丝团 Lv10]
2026-05-13 21:57:06,50358212261,小九哥,@梅钞疯 󰠇 都不吃，臭[捂脸],[等级31],[粉丝团 Lv13]
2026-05-13 21:57:21,111480308764,锦程,肯定满编,[等级31],[粉丝团 Lv15]
2026-05-13 21:57:28,100479486886,欭惗⁵¹⁰⁷⁴,[捂脸],[等级21],[粉丝团 Lv13]
2026-05-13 21:57:34,1911413562412587,桂,[互粉][互粉][爱心][爱心],[等级3],
2026-05-13 21:57:38,3699216602375948,发轫,吃核,[等级29],[粉丝团 Lv10]
2026-05-13 21:57:54,4233546532927219,🉑🈶🉑🈚,捡个二手少妇有吗,[等级20],[粉丝团 Lv10]
2026-05-13 21:57:58,582102788084313,知进退，明得失,@发轫 核是苦的,[等级6],[粉丝团 Lv10]
2026-05-13 21:57:58,7409694092488164412,一生一世亿双人,给你们炸坑  一人一个,[等级33],[粉丝团 Lv9]
2026-05-13 21:58:00,59958431840,钱多多🍸,@知进退，明得失 一看就是葫萝社的粉丝,[等级19],[粉丝团 Lv10]
2026-05-13 21:58:01,101813288335,新新壹,这位置不好啊,[等级23],
2026-05-13 21:58:02,310488211662580,🔔宝藏,如果你觉得主播是轻轻松松挣钱那建议你也去播 不要在这酸 既然是轻松的那相信你也可以,[等级7],[粉丝团 Lv10]
2026-05-13 21:58:04,254686236782456,🌈幸运小趴菜,强哥在不在,[等级16],[粉丝团 Lv11]
2026-05-13 21:58:07,93575328156,贝勒爷,@梅钞疯 󰠇 皮好吃 ，肉喂狗吧,[等级9],[粉丝团 Lv10]
2026-05-13 21:58:08,71126905166,抖音小肋手,[爱心]点点赞，一人300下，分3次点，一次100下[爱心][爱心]开点,[等级10],[粉丝团 Lv10]
2026-05-13 21:58:15,1798427627499870,TeFuir,好家伙，少妇都有人抢了？,[等级26],[粉丝团 Lv12]
2026-05-13 21:58:27,1838847804575764,老农民A1,还有螺蛳粉那个气味好几天都有[捂脸][捂脸][捂脸],[等级33],[粉丝团 Lv15]
2026-05-13 21:58:32,995526467676297,悦享时光,跃咳🍵菠萝🍍芒果🥭可乐🥤柠檬🍋,,
2026-05-13 21:58:38,99621041765,爱晴晴❤️,谁不喜欢少妇呢,[等级22],
2026-05-13 21:58:58,7636216417905919025,喜乐安康,兄弟们兄弟们，又要准备要搜指挥官秘药了[捂脸],,
2026-05-13 21:59:03,97705467114,ジ晴宝🩷,少妇，真抢手,[等级25],[粉丝团 Lv12]
2026-05-13 21:59:12,3557665193860644,梅钞疯 󰠇,@贝勒爷 没吃过，原来你们都是把瓤喂狗了！[赞],[等级20],[粉丝团 Lv12]
2026-05-13 21:59:14,7409694092488164412,一生一世亿双人,cpdd 时宜优先,[等级33],[粉丝团 Lv9]
2026-05-13 21:59:19,88488074698,夏雨夜,把p90切进去不行吗,[等级17],[粉丝团 Lv10]
2026-05-13 21:59:22,3432036185683792,葡萄叶,怎么感觉画质好糊啊,[等级1],
2026-05-13 21:59:22,4233546532927219,🉑🈶🉑🈚,少妇还是少啊，唉,[等级20],[粉丝团 Lv10]
2026-05-13 21:59:23,59958431840,钱多多🍸,我不喜欢少妇，就喜欢萌妹子,[等级19],[粉丝团 Lv10]
2026-05-13 21:59:29,94519821033,Doki,把枪扔地上 切得快,[等级36],[粉丝团 Lv5]
2026-05-13 21:59:29,1024396019894413,冲动是魔鬼,@ジ晴宝🩷 是吧,[等级18],[粉丝团 Lv14]
2026-05-13 21:59:30,818458912358512,34177028007,受不了？,[等级3],
2026-05-13 21:59:30,3996063592881981,@@🚬yangꦿ᭄ཽ࿆࿆:,干房区那一队,[等级15],[粉丝团 Lv10]
2026-05-13 21:59:39,6904423692,⚡️五行缺浪,听说这里有少妇，我也来蹲一个[呲牙],[等级31],
2026-05-13 21:59:39,61303363390,华南城商办站斧浏览器Amber,爆炸弓确实太恶心🤢🤢。平原无处可躲。,[等级30],[粉丝团 Lv13]
2026-05-13 21:59:39,97806080834,🚬ღ᭄辭ꦿ࿐,搁那呢少妇[黑脸][如花][震惊][嘘],[等级21],[粉丝团 Lv15]
2026-05-13 21:59:52,1024396019894413,冲动是魔鬼,@TeFuir 你赶紧滴,[等级18],[粉丝团 Lv14]
2026-05-13 21:59:53,1702489841494813,葫芦♬,不要被夹击了,[等级12],[粉丝团 Lv9]
2026-05-13 21:59:56,59210706649,🌸,这里这里🙌,[等级14],
2026-05-13 21:59:59,99621041765,爱晴晴❤️,跪求少妇一枚,[等级22],
2026-05-13 22:00:03,71126905166,抖音小肋手,点粉丝团→一键送11个为你闪耀（陪伴之旅），完成后可多领很多很多亲密度→记得把星星都点开有亲密❤️❤,[等级10],[粉丝团 Lv10]
2026-05-13 22:00:05,100389792662,晚会,遍地都是,[等级10],
2026-05-13 22:00:07,662378232428043,岁晏·清尘,少妇扣1,[等级14],[粉丝团 Lv10]
2026-05-13 22:00:08,1798427627499870,TeFuir,我不滴，你们不要霍霍我了,[等级26],[粉丝团 Lv12]
2026-05-13 22:00:08,96635808416,知趣i,说切P90的，近点来人了怎么打？站着求死？,[等级20],[粉丝团 Lv12]
2026-05-13 22:00:09,4346810298557888,福格格,最近有没有接黄广子？？,[等级2],[粉丝团 Lv1]
2026-05-13 22:00:11,84367191375,Y！,我不是少妇，我是少奶,[等级12],
2026-05-13 22:00:24,65399001507,顺风顺水顺路,空投有200,[等级10],[粉丝团 Lv11]
2026-05-13 22:00:36,4233546532927219,🉑🈶🉑🈚,@🌸 你小子，么少看那,[等级20],[粉丝团 Lv10]
2026-05-13 22:00:41,3795149522993707,无名氏,多少岁算少妇,[等级10],
2026-05-13 22:00:43,69084013934,🌸🌸,我是少奶奶,[等级6],[粉丝团 Lv7]
2026-05-13 22:00:45,97806080834,🚬ღ᭄辭ꦿ࿐,确实是少妇[黑脸][如花],[等级21],[粉丝团 Lv15]
2026-05-13 22:00:57,71126905166,抖音小肋手,[爱心]点点赞，一人300下，分3次点，一次100下[爱心][爱心]开点,[等级10],[粉丝团 Lv10]
2026-05-13 22:01:03,4233546532927219,🉑🈶🉑🈚,有少妇看上我的吗,[等级20],[粉丝团 Lv10]
2026-05-13 22:01:03,1838847804575764,老农民A1,@无名氏 比自己年轻的都是[捂脸][捂脸][捂脸],[等级33],[粉丝团 Lv15]
2026-05-13 22:01:15,7442219576371364922,一撇一捺默写牵挂²⁰²⁶₈₈₈,我也喜欢少妇,[等级30],
2026-05-13 22:01:19,110478212484,☞手心✋🏻☜,七个不是埋汰王,[等级14],[粉丝团 Lv11]
2026-05-13 22:01:19,4233546532927219,🉑🈶🉑🈚,情绪稳定，随叫随到,[等级20],[粉丝团 Lv10]
2026-05-13 22:01:30,97806080834,🚬ღ᭄辭ꦿ࿐,@🌸🌸 少奶奶就只能介绍给我七舅姥爷了[捂脸],[等级21],[粉丝团 Lv15]
2026-05-13 22:01:42,2663432393593513,甜ル🍒,笑死我了[捂脸],[等级36],[粉丝团:张君雅 Lv5]
2026-05-13 22:01:54,7409694092488164412,一生一世亿双人,cpdd 甜儿优先,[等级33],[粉丝团 Lv9]
2026-05-13 22:01:56,2663432393593513,甜ル🍒,弹幕真有意思,[等级36],[粉丝团:张君雅 Lv5]
2026-05-13 22:01:58,1798427627499870,TeFuir,我滴个少妇你们都要跟我抢,[等级26],[粉丝团 Lv12]
2026-05-13 22:02:00,111554191116,向英雄致敬,牛逼,[等级15],[粉丝团 Lv1]
2026-05-13 22:02:07,61748084992,川沙贝贝贝贝贝贝,牛,[等级19],[粉丝团 Lv10]
2026-05-13 22:02:10,62978378029,钟灵毓秀,中心点,[等级21],[粉丝团 Lv11]
2026-05-13 22:02:11,1798427627499870,TeFuir,一群曹贼,[等级26],[粉丝团 Lv12]
2026-05-13 22:02:13,4233546532927219,🉑🈶🉑🈚,@甜ル🍒 咋滴啦[看][看],[等级20],[粉丝团 Lv10]
2026-05-13 22:02:15,93131849410,澜✨,来了一头牛[捂脸][捂脸],[等级17],[粉丝团 Lv8]
2026-05-13 22:02:15,2663432393593513,甜ル🍒,@一生一世亿双人 我不滴,[等级36],[粉丝团:张君雅 Lv5]
2026-05-13 22:02:21,72179010645,✨三十六,有没有打晋级赛打,[等级25],[粉丝团 Lv10]
2026-05-13 22:02:24,88063609186,JyWr·,@甜ル🍒 你在笑什么,[等级19],[粉丝团 Lv12]
2026-05-13 22:02:27,87707300321,人间有情,老黑今天又耍高兴了,[等级8],[粉丝团 Lv2]
2026-05-13 22:02:30,97035872603,xi唐滚滚a,@TeFuir 没事儿，4群的都来帮你,[等级13],[粉丝团 Lv12]
2026-05-13 22:02:36,1798427627499870,TeFuir,@甜ル🍒 憋着，不许笑,[等级26],[粉丝团 Lv12]
2026-05-13 22:02:37,484257882206712,欧欧欧包,狙又续上了,[等级19],[粉丝团 Lv4]
2026-05-13 22:02:37,51782197378,爱哭的鱼…,cpdd，你是唯一，生不见面死不奔现，不接语音不发照片，只打游戏撑撑场面！全网无前任，有也不承认,[等级34],[粉丝团:张君雅 Lv15]
2026-05-13 22:02:40,2663432393593513,甜ル🍒,我是来看弹幕的,[等级36],[粉丝团:张君雅 Lv5]
2026-05-13 22:02:40,95594231759,爱别离,不断手,[等级8],
2026-05-13 22:02:42,628513888804135,🎄一林,@甜ル🍒 头像是你吗,[等级11],[粉丝团 Lv11]
2026-05-13 22:02:56,1024396019894413,冲动是魔鬼,@TeFuir 我们人多，不要怂,[等级18],[粉丝团 Lv14]
2026-05-13 22:03:06,7409694092488164412,一生一世亿双人,@甜ル🍒 看着看着就得把自己霍霍进去,[等级33],[粉丝团 Lv9]
2026-05-13 22:03:11,2663432393593513,甜ル🍒,你们继续,[等级36],[粉丝团:张君雅 Lv5]
2026-05-13 22:03:13,1838847804575764,老农民A1,七群的有多少，出来集合了[捂脸][捂脸][捂脸],[等级33],[粉丝团 Lv15]
2026-05-13 22:03:21,1994934611885114,用户4710645460438,恐怖如斯,,
2026-05-13 22:03:26,1798427627499870,TeFuir,@冲动是魔鬼 我的名声被你们霍霍完了，天天给我滴少妇,[等级26],[粉丝团 Lv12]
2026-05-13 22:03:31,62612700356,2 丶 1,@甜ル🍒 身材太好了😄,[等级4],[粉丝团 Lv8]
2026-05-13 22:03:31,4233546532927219,🉑🈶🉑🈚,滴个少妇太难了,[等级20],[粉丝团 Lv10]
2026-05-13 22:03:33,4041441330597911,Bury,有高手,[等级10],
2026-05-13 22:03:33,4346810298557888,福格格,生了崽的是不是叫少妇？？,[等级2],[粉丝团 Lv1]
2026-05-13 22:03:35,549374612740331,夜的第七章,@老农民A1,[等级29],[粉丝团 Lv8]
2026-05-13 22:03:57,1838847804575764,老农民A1,@夜的第七章 才我们两个[捂脸][捂脸],[等级33],[粉丝团 Lv15]
2026-05-13 22:03:58,673381173953396,作者小号,为什么得了模特冠军不说呀 张君雅,,
2026-05-13 22:04:01,76927102221,足迹,防雷快放,[等级32],[粉丝团 Lv9]
2026-05-13 22:04:04,673381173953396,作者小号,为什么得了模特冠军不说呀 张君雅,,
2026-05-13 22:04:04,1024396019894413,冲动是魔鬼,@福格格 生了崽叫妇女[捂脸][捂脸][捂脸][捂脸][捂脸],[等级18],[粉丝团 Lv14]
2026-05-13 22:04:06,4041441330597911,Bury,淘汰王有点儿东西的,[等级10],
2026-05-13 22:04:12,91667435850,大仙一起鸭𓅿𓅹𓆝𓆟,还不是埋汰王,[等级19],[粉丝团 Lv4]
2026-05-13 22:04:13,97035872603,xi唐滚滚a,@TeFuir 名声有啥用？,[等级13],[粉丝团 Lv12]
2026-05-13 22:04:14,4233546532927219,🉑🈶🉑🈚,其实我喜欢雅马哈[流泪][流泪][流泪],[等级20],[粉丝团 Lv10]
2026-05-13 22:04:19,7409694092488164412,一生一世亿双人,@甜ル🍒 不处cp  你就看不到精彩弹幕了,[等级33],[粉丝团 Lv9]
2026-05-13 22:04:21,673381173953396,作者小号,为什么得了模特冠军不说呀 张君雅,,
2026-05-13 22:04:23,61303363390,华南城商办站斧浏览器Amber,这里不是研究游戏的么，你们都在研究啥呢[捂脸][捂脸][捂脸],[等级30],[粉丝团 Lv13]
2026-05-13 22:04:30,101629850514,张老黑的飞哥⁵¹⁰⁷⁴,@🉑🈶🉑🈚 原来你喜欢欧美专区,[等级33],[粉丝团 Lv16]
2026-05-13 22:04:31,4233546532927219,🉑🈶🉑🈚,还是雅马哈好,[等级20],[粉丝团 Lv10]
2026-05-13 22:04:34,1798427627499870,TeFuir,@老农民A1 你们人太少了,[等级26],[粉丝团 Lv12]
2026-05-13 22:04:41,95526300424,q,不是淘汰王,[等级1],
2026-05-13 22:04:46,4233546532927219,🉑🈶🉑🈚,@张老黑的飞哥⁵¹⁰⁷⁴ 偶也是,[等级20],[粉丝团 Lv10]
2026-05-13 22:04:46,95123484643,W-May55-Gem,队友拿个复合弓一个人都没打[捂脸],[等级17],[粉丝团 Lv3]
2026-05-13 22:04:48,95526300424,q,有高手,[等级1],
2026-05-13 22:04:49,662378232428043,岁晏·清尘,张君雅什么时候去参加的模特大赛,[等级14],[粉丝团 Lv10]
2026-05-13 22:04:52,849298153805198,羊马佳诚车行 亿顺力,淘汰王都还在[捂脸],[等级12],[粉丝团 Lv10]
2026-05-13 22:04:54,4433688919815223,玖绊,八个不是淘汰王,[等级29],[粉丝团 Lv13]
2026-05-13 22:04:56,73133140989,行稳致远,有高手,[等级31],[粉丝团 Lv15]
2026-05-13 22:04:57,1838847804575764,老农民A1,@TeFuir 四百多个，不少了,[等级33],[粉丝团 Lv15]
2026-05-13 22:05:02,101629850514,张老黑的飞哥⁵¹⁰⁷⁴,@🉑🈶🉑🈚 我不喜欢欧美,[等级33],[粉丝团 Lv16]
2026-05-13 22:05:09,66837725711,12ei_,洋芋宝你在吗,[等级6],
2026-05-13 22:05:09,110895971722,一个人挺好…👿,@老农民A1 啥段位了,[等级24],[粉丝团 Lv8]
2026-05-13 22:05:09,97764985902,少华,有高手,[等级15],[粉丝团 Lv7]
2026-05-13 22:05:25,1798427627499870,TeFuir,纯经典，有人打吗,[等级26],[粉丝团 Lv12]
2026-05-13 22:05:29,539206085509316,逆影,爆炸弓，消了，[捂脸],[等级17],[粉丝团 Lv14]
2026-05-13 22:05:34,1838847804575764,老农民A1,@一个人挺好…👿 问的什么，游戏王牌,[等级33],[粉丝团 Lv15]
2026-05-13 22:05:34,4424072882030159,凯文321,搜索敌人,[等级6],[粉丝团 Lv3]
2026-05-13 22:05:34,673381173953396,作者小号,为什么得了模特冠军不说呀 张君雅,,
2026-05-13 22:05:35,3143595301,懒洋洋,@TeFuir [看][看][看][看],[等级26],[粉丝团 Lv12]
2026-05-13 22:05:37,871246271356731,じ忘情老坛酸菜面꧔ꦿ᭄,三天不看老黑，心里特难受，[比心][比心][比心],[等级20],[粉丝团 Lv12]
2026-05-13 22:05:39,97078591561,爆烟子老者,@今天要早睡（不困） 怎么怎么说,[等级29],[粉丝团 Lv15]
2026-05-13 22:05:40,4233546532927219,🉑🈶🉑🈚,@张老黑的飞哥⁵¹⁰⁷⁴ 欧不欧美不重要，雅马哈好啊,[等级20],[粉丝团 Lv10]
2026-05-13 22:05:52,1024396019894413,冲动是魔鬼,@TeFuir 你想撞老黑？,[等级18],[粉丝团 Lv14]
2026-05-13 22:05:54,110895971722,一个人挺好…👿,@老农民A1 能和老黑偶遇了吗,[等级24],[粉丝团 Lv8]
2026-05-13 22:05:54,69084013934,🌸🌸,@作者小号 你看错人了,[等级6],[粉丝团 Lv7]
2026-05-13 22:05:56,84341855235,今天要早睡（不困）,@爆烟子老者 你咋发现我的,[等级17],[粉丝团 Lv14]
2026-05-13 22:05:56,118363425610868,★ · 十月冬羊．,理智点吧直播间封了就舒服了,[等级22],[粉丝团 Lv15]
2026-05-13 22:06:08,7409694092488164412,一生一世亿双人,张老黑 你赶紧找个男人嫁了吧 看看你把直播间的妹妹带的都不找对象了,[等级33],[粉丝团 Lv9]
2026-05-13 22:06:11,1838847804575764,老农民A1,@一个人挺好…👿 不能，她太高了[捂脸][捂脸],[等级33],[粉丝团 Lv15]
2026-05-13 22:06:19,1231085634073447,宠溺ღ᭄,刚升10级灯牌能送我吃个洋芋耙嘛,[等级21],[粉丝团 Lv10]
2026-05-13 22:06:24,4346810298557888,福格格,君雅介于少女与少妇之间？？叫什么？,[等级2],[粉丝团 Lv1]
2026-05-13 22:06:29,4233546532927219,🉑🈶🉑🈚,@🌸🌸 一起玩游戏呀，妹妹[看],[等级20],[粉丝团 Lv10]
2026-05-13 22:06:30,106028942886,肆🌒月,牛逼,[等级29],[粉丝团 Lv11]
2026-05-13 22:06:34,1798427627499870,TeFuir,@冲动是魔鬼 我本来就是打纯经典的,[等级26],[粉丝团 Lv12]
2026-05-13 22:06:40,110895971722,一个人挺好…👿,@老农民A1 [捂脸][捂脸]能的话就可以匹配她了，雷了她[呲牙][呲牙],[等级24],[粉丝团 Lv8]
2026-05-13 22:06:53,7442219576371364922,一撇一捺默写牵挂²⁰²⁶₈₈₈,完了,[等级30],
2026-05-13 22:06:57,69084013934,🌸🌸,@🉑🈶🉑🈚 我要带孩子[看],[等级6],[粉丝团 Lv7]
2026-05-13 22:06:57,93421569511,吃串串的喵,[捂脸][捂脸],[等级2],[粉丝团 Lv4]
2026-05-13 22:06:59,92992288513,昕愿,没人救,[等级10],[粉丝团 Lv2]
2026-05-13 22:07:00,336929161490519,小酒,@一生一世亿双人 她有男朋友，用不着你操心,[等级6],[粉丝团 Lv5]
2026-05-13 22:07:08,1944402593857181,晴天小猪,牛逼,[等级16],[粉丝团 Lv12]
2026-05-13 22:07:08,484257882206712,欧欧欧包,666666,[等级19],[粉丝团 Lv4]
2026-05-13 22:07:09,106028942886,肆🌒月,哈哈哈哈哈哈哈哈,[等级29],[粉丝团 Lv11]
2026-05-13 22:07:09,62978378029,钟灵毓秀,[666][666],[等级21],[粉丝团 Lv11]
2026-05-13 22:07:09,102469975321,✨名门⭐️,[666][666][666],[等级19],[粉丝团 Lv15]
2026-05-13 22:07:09,470219582866307,忻安,哈哈哈哈[捂脸],[等级17],[粉丝团 Lv15]
2026-05-13 22:07:09,175557499433192,你是哪只虾米,6666,[等级10],[粉丝团 Lv7]
2026-05-13 22:07:09,63197492648,Mr       刘,[捂脸][捂脸],[等级24],
2026-05-13 22:07:09,2928692839329863,五月人生,[捂脸][捂脸][捂脸][捂脸][鼓掌][鼓掌][鼓掌][鼓掌][鼓掌],[等级21],[粉丝团 Lv9]
2026-05-13 22:07:10,92461848227,煜,牛牛牛,[等级13],[粉丝团 Lv11]
2026-05-13 22:07:10,99557528667,妈妈说名字取得长就有沙雕跟着念,啊哈哈哈哈,[等级14],
2026-05-13 22:07:10,71126905166,抖音小肋手,老黑牛逼,[等级10],[粉丝团 Lv10]
2026-05-13 22:07:10,96927287900,伞伞,[捂脸][捂脸][捂脸][捂脸],[等级28],[粉丝团 Lv11]
2026-05-13 22:07:10,68189106631,𝑶𝒏𝒆,[捂脸][捂脸],[等级30],[粉丝团 Lv10]
2026-05-13 22:07:10,6965023697,云开日出,[赞][赞][赞][赞],[等级9],[粉丝团 Lv6]
2026-05-13 22:07:10,63416229807,风沙迷了眼⁵¹⁰⁷⁴,[666][666][666][666][666][666],[等级21],[粉丝团 Lv15]
2026-05-13 22:07:10,2456725359170397,讨厌花生,笑死了,[等级7],
2026-05-13 22:07:10,2395184081945055,忙里偷闲⁵¹⁰⁷⁴,[666][666][666],[等级29],[粉丝团 Lv15]
2026-05-13 22:07:10,97523528294,回首一回头,666,[等级20],[粉丝团 Lv15]
2026-05-13 22:07:10,96272933331,龙先生,[捂脸][捂脸][捂脸][捂脸][捂脸],[等级26],[粉丝团 Lv10]
2026-05-13 22:07:11,92458043375,Cc.,哈哈哈哈哈哈哈,[等级11],[粉丝团 Lv4]
2026-05-13 22:07:11,7442219576371364922,一撇一捺默写牵挂²⁰²⁶₈₈₈,牛逼,[等级30],
2026-05-13 22:07:11,92843125665,小野猫ᰔᩚ ⁵¹⁰⁷⁴,卧槽。牛逼,[等级38],[粉丝团 Lv17]
2026-05-13 22:07:11,92992288513,昕愿,牛逼,[等级10],[粉丝团 Lv2]
2026-05-13 22:07:12,4376484488429220,圈,6666,[等级15],[粉丝团 Lv9]
2026-05-13 22:07:12,69260020651,ZDL,牛逼,[等级11],[粉丝团 Lv10]
2026-05-13 22:07:12,3073872191297821,zZ,牛逼,[等级27],[粉丝团 Lv15]
2026-05-13 22:07:12,111149267192,Actor朝,哈哈哈哈哈哈哈哈哈哈哈,[等级31],
2026-05-13 22:07:12,62642627846,鹿茸,牛逼,[等级11],[粉丝团 Lv9]
2026-05-13 22:07:12,1900377003016699,小尾巴_熊猫儿,哈哈哈哈,[等级7],[粉丝团 Lv7]
2026-05-13 22:07:12,110421807073,夏微凉,[666][666][666],[等级21],[粉丝团 Lv15]
2026-05-13 22:07:12,651375933927656,单人旅途,[鼓掌][鼓掌][鼓掌][鼓掌],[等级5],
2026-05-13 22:07:12,52567375622,不倾城的女芓,牛,[等级1],
2026-05-13 22:07:12,99453358013,咸鱼干儿,哈哈哈哈,[等级25],[粉丝团 Lv10]
2026-05-13 22:07:12,1807239114666904,·喵了个咪,[666][666][666],[等级20],[粉丝团 Lv15]
2026-05-13 22:07:12,75620505199,🤐🤐🤐,哈哈哈哈哈,[等级18],[粉丝团 Lv10]
2026-05-13 22:07:13,93421569511,吃串串的喵,[捂脸][捂脸][捂脸][捂脸],[等级2],[粉丝团 Lv4]
2026-05-13 22:07:13,83737154976,蒋锅,[赞][赞][赞][赞][赞],[等级18],[粉丝团 Lv12]
2026-05-13 22:07:13,92460650653,悯诉,牛逼,[等级13],[粉丝团 Lv11]
2026-05-13 22:07:13,71126905166,抖音小肋手,6666,[等级10],[粉丝团 Lv10]
2026-05-13 22:07:13,98261208043,麒麟^_^,[捂脸][捂脸][捂脸][捂脸],[等级16],[粉丝团 Lv12]
2026-05-13 22:07:14,71074166083,乔巴,666,[等级34],[粉丝团 Lv11]
2026-05-13 22:07:14,93536983676,空调安装,[666][666][666],[等级12],[粉丝团 Lv10]
2026-05-13 22:07:14,104228469482,💕鹏ꦿ💞,哈[捂脸][捂脸],[等级20],
2026-05-13 22:07:14,65882853894,明月,6️⃣,[等级22],[粉丝团 Lv12]
2026-05-13 22:07:14,4022443804471660,921,哈哈,[等级3],
2026-05-13 22:07:14,91656563000,木子💕,牛逼,[等级23],[粉丝团 Lv11]
2026-05-13 22:07:14,51334554917,✨七个草莓熊✨,66666,[等级19],[粉丝团 Lv10]
2026-05-13 22:07:14,101018246079,邱北壮族《小表哥》,牛逼,[等级10],[粉丝团 Lv11]
2026-05-13 22:07:14,4200585207743172,I·,我靠牛逼,[等级11],[粉丝团 Lv4]
2026-05-13 22:07:14,102326153684,Lོ,牛批,[等级38],[粉丝团 Lv8]
2026-05-13 22:07:14,110487983863,都怪你隐身太清晰,[666][666][666],[等级17],[粉丝团 Lv7]
2026-05-13 22:07:15,97600677185,晓乔治ovo,[捂脸][捂脸]，哈哈哈哈哈,[等级38],[粉丝团 Lv12]
2026-05-13 22:07:15,83508609971,Contentment,哈哈哈哈哈哈哈,[等级2],
2026-05-13 22:07:16,2663432393593513,甜ル🍒,666666,[等级36],[粉丝团:张君雅 Lv5]
2026-05-13 22:07:16,21772518583,路亚周周⁸⁰⁰⁸,[捂脸][捂脸][捂脸][捂脸],[等级29],[粉丝团 Lv12]
2026-05-13 22:07:16,71189357410,🙃🙃🙃,666666,[等级14],[粉丝团 Lv10]
2026-05-13 22:07:16,95995985667,、小蛋🥚,牛逼6666,[等级14],
2026-05-13 22:07:16,100804807960,憨憨宝贝,帅[捂脸][捂脸],[等级3],
2026-05-13 22:07:16,3732162401805662,TEnhr,6,[等级1],
2026-05-13 22:07:16,96712045544,AA照夜白,厉害,[等级21],[粉丝团 Lv14]
2026-05-13 22:07:16,3344042356389289,可乐不加冰,66666,,
2026-05-13 22:07:16,101629850514,张老黑的飞哥⁵¹⁰⁷⁴,爷们要战斗,[等级33],[粉丝团 Lv16]
2026-05-13 22:07:16,100490533128,软软🌸,哈哈哈哈哈,[等级29],[粉丝团 Lv12]
2026-05-13 22:07:16,93171998731,a屁桃,牛逼,[等级15],[粉丝团 Lv11]
2026-05-13 22:07:16,106517207909,ぅAurora,哈哈哈哈哈,[等级21],[粉丝团 Lv9]
2026-05-13 22:07:16,94813074976,漠北,？,[等级21],[粉丝团 Lv7]
2026-05-13 22:07:16,64903208367,Jack-,爷们要战斗,[等级17],[粉丝团 Lv11]
2026-05-13 22:07:17,1231897779774327,🌈更好,这也行？,[等级18],[粉丝团 Lv5]
2026-05-13 22:07:17,68322996710,小时不识月⁵¹⁰⁷⁴,[666][666][666][666][666],[等级15],[粉丝团 Lv14]
2026-05-13 22:07:18,96635808416,知趣i,[捂脸][捂脸][捂脸],[等级20],[粉丝团 Lv12]
2026-05-13 22:07:18,109756665406,ᑮéиg宝🧸ོ,哈哈哈啊哈太牛了[捂脸][捂脸][捂脸],[等级29],[粉丝团 Lv12]
2026-05-13 22:07:18,92460650653,悯诉,666666,[等级13],[粉丝团 Lv11]
2026-05-13 22:07:18,7630723591168099386,战神小忧,厉害,,
2026-05-13 22:07:18,7542012252325905468,一个人,66666,[等级2],
2026-05-13 22:07:18,3457323086914381,柑橘味,66666666666,[等级8],[粉丝团 Lv3]
2026-05-13 22:07:18,2386378385529776,ღ 念池鱼,这个嗓子真好,[等级16],
2026-05-13 22:07:18,3421324277451133,早中晚,[捂脸][捂脸][捂脸][捂脸],[等级18],
2026-05-13 22:07:18,590893464955795,111,66,[等级1],[粉丝团 Lv2]
2026-05-13 22:07:19,61543378691,Cookie~,[捂脸][捂脸][捂脸],[等级14],[粉丝团 Lv11]
2026-05-13 22:07:19,61630873366,喬拾叁🐸,手枪局吗[捂脸],[等级27],[粉丝团 Lv5]
2026-05-13 22:07:19,106880280722,我行我素,[666][666][666],[等级13],[粉丝团 Lv8]
2026-05-13 22:07:19,91632434183,开心,六六六,[等级19],[粉丝团 Lv9]
2026-05-13 22:07:19,111149267192,Actor朝,四人全倒,[等级31],
2026-05-13 22:07:20,75620505199,🤐🤐🤐,手枪,[等级18],[粉丝团 Lv10]
2026-05-13 22:07:20,76927102221,足迹,[捂脸][捂脸][捂脸][捂脸],[等级32],[粉丝团 Lv9]
2026-05-13 22:07:20,95507451318,溪鱼,手枪666,[等级17],[粉丝团 Lv10]
2026-05-13 22:07:20,3432036185683792,葡萄叶,[666][666][666][666],[等级1],
2026-05-13 22:07:20,76296653265,X、Y,牛逼牛逼[666][666][666],[等级20],[粉丝团 Lv13]
2026-05-13 22:07:20,2192845238175603,小陳,手枪立大功[捂脸][捂脸],[等级10],[粉丝团 Lv7]
2026-05-13 22:07:20,4200585207743172,I·,牛逼牛逼牛逼,[等级11],[粉丝团 Lv4]
2026-05-13 22:07:21,111480308764,锦程,牛逼,[等级31],[粉丝团 Lv15]
2026-05-13 22:07:21,100276301039,丶Marsご绝版,[赞][赞][赞],[等级15],[粉丝团 Lv12]
2026-05-13 22:07:21,73625830353,S ฅฅ*³,身残志坚吃鸡[捂脸][捂脸],[等级22],[粉丝团 Lv12]
2026-05-13 22:07:21,3344042356389289,可乐不加冰,666,,
2026-05-13 22:07:21,61303363390,华南城商办站斧浏览器Amber,[捂脸][捂脸][捂脸],[等级30],[粉丝团 Lv13]
2026-05-13 22:07:22,3642049561895048,滴滴嗒,三个躺着,[等级32],[粉丝团 Lv11]
2026-05-13 22:07:22,78016969370,未知。。。,真六[捂脸][捂脸],[等级15],[粉丝团 Lv8]
2026-05-13 22:07:22,2008152259705040,汉、歼的审判者,[捂脸][捂脸][捂脸],[等级15],[粉丝团 Lv12]
2026-05-13 22:07:22,77223069015,❤️李李,手枪吃鸡[666][666][666],[等级19],[粉丝团 Lv8]
2026-05-13 22:07:22,105265234501,不乖的圆宝,[捂脸][捂脸][捂脸],[等级2],
2026-05-13 22:07:22,71091522114,面具,两把手枪打死的。,[等级8],
2026-05-13 22:07:22,203833861480778,用户3275505286422,[捂脸][捂脸][捂脸][捂脸][捂脸],,
2026-05-13 22:07:22,58754359145,咖啡🐾,哈哈哈哈哈哈哈哈哈哈哈,[等级2],[粉丝团 Lv2]
2026-05-13 22:07:22,4186560907456766,至少还有你,[666][666][666][666][666][666][666][666][666][666][666][666],[等级15],[粉丝团 Lv13]
2026-05-13 22:07:23,4376484488429220,圈,笑死,[等级15],[粉丝团 Lv9]
2026-05-13 22:07:23,92461848227,煜,哈哈哈哈哈哈哈哈,[等级13],[粉丝团 Lv11]
2026-05-13 22:07:23,92992288513,昕愿,牛逼,[等级10],[粉丝团 Lv2]
2026-05-13 22:07:23,62978378029,钟灵毓秀,小手枪玩挺6,[等级21],[粉丝团 Lv11]
2026-05-13 22:07:23,94813074976,漠北,这都行,[等级21],[粉丝团 Lv7]
2026-05-13 22:07:23,96927287900,伞伞,全倒了[捂脸][捂脸][捂脸][捂脸],[等级28],[粉丝团 Lv11]
2026-05-13 22:07:23,52567375622,不倾城的女芓,四个躺着,[等级1],
2026-05-13 22:07:23,96712045544,AA照夜白,差一点,[等级21],[粉丝团 Lv14]
2026-05-13 22:07:23,96921675385,X I A N G,[捂脸],[等级12],[粉丝团 Lv8]
2026-05-13 22:07:23,106028942886,肆🌒月,牛牛牛牛,[等级29],[粉丝团 Lv11]
2026-05-13 22:07:23,94430998545,东，,[捂脸][捂脸][捂脸],[等级27],[粉丝团 Lv10]
2026-05-13 22:07:23,84341855235,今天要早睡（不困）,全部趴下掏手枪,[等级17],[粉丝团 Lv14]
2026-05-13 22:07:24,335822352821127,握不住彼此的明天（农村啊呆哥）,[捂脸][捂脸][捂脸],[等级9],
2026-05-13 22:07:24,2141442928811836,凤栖阁,四个跪了,[等级21],[粉丝团 Lv12]
2026-05-13 22:07:24,94161696152,V夏梦,手枪把人突突了[捂脸],[等级15],[粉丝团 Lv11]
2026-05-13 22:07:25,4164599867516798,冰吻予思,6666,[等级20],[粉丝团 Lv13]
2026-05-13 22:07:25,104268799825,胡小胡,牛,[等级18],
2026-05-13 22:07:25,92460650653,悯诉,手枪的神,[等级13],[粉丝团 Lv11]
2026-05-13 22:07:25,111149267192,Actor朝,666,[等级31],
2026-05-13 22:07:25,100145149020,Jung-jae Lee（이정재）,牛牛🐮,[等级3],
2026-05-13 22:07:25,73943586485,Gu 小婷儿👸🏻,牛逼,[等级14],[粉丝团 Lv6]
2026-05-13 22:07:25,103948540494,浩晨,跪着把鸡吃[捂脸][捂脸][捂脸],[等级16],
2026-05-13 22:07:25,62509342151,斯文·孙,爷们儿要战斗[捂脸][捂脸][捂脸],[等级9],
2026-05-13 22:07:25,2242631133311534,ELlAUK,哈哈哈哈哈哈,[等级6],
2026-05-13 22:07:26,1322064223941683,8888,[捂脸][捂脸][捂脸],[等级18],[粉丝团 Lv2]
2026-05-13 22:07:26,85420740251,小静,[比心][比心][比心],[等级19],[粉丝团 Lv10]
2026-05-13 22:07:26,1945459114393435,·𝑺𝒎𝒊𝒍𝒆✦,哈哈哈[捂脸][捂脸][捂脸]厉害,[等级15],[粉丝团 Lv10]
2026-05-13 22:07:26,110487983863,都怪你隐身太清晰,[捂脸][捂脸][捂脸],[等级17],[粉丝团 Lv7]
2026-05-13 22:07:27,92188435408,Lu -,那3号不救人,[等级30],[粉丝团 Lv11]
2026-05-13 22:07:27,53599471470,A-svvv.,666,[等级18],[粉丝团 Lv11]
2026-05-13 22:07:27,3632420663601888,发什么呆,[捂脸][捂脸][捂脸][捂脸],[等级8],[粉丝团 Lv10]
2026-05-13 22:07:27,1561766671155837,梨涡圆点,牛,[等级14],
2026-05-13 22:07:27,64903208367,Jack-,爷们要战斗,[等级17],[粉丝团 Lv11]
2026-05-13 22:07:27,2395184081945055,忙里偷闲⁵¹⁰⁷⁴,好多小手枪[捂脸][捂脸],[等级29],[粉丝团 Lv15]
2026-05-13 22:07:27,92606360977,小手冰凉,[捂脸][捂脸][捂脸][捂脸],[等级28],[粉丝团 Lv8]
2026-05-13 22:07:28,200580296878250,ο▬▬▬◙▅▅▆▆▆▆◤千,牛逼,[等级7],[粉丝团 Lv10]
2026-05-13 22:07:28,104228469482,💕鹏ꦿ💞,估计第一次[捂脸][捂脸],[等级20],
2026-05-13 22:07:28,102326153684,Lོ,爽啊,[等级38],[粉丝团 Lv8]
2026-05-13 22:07:28,52401445010,错觉ᝰꫛꫀꪝ,全倒了,[等级21],
2026-05-13 22:07:28,1618952192527575,啊对对对🙄,哈哈哈哈哈[捂脸],[等级12],[粉丝团 Lv1]
2026-05-13 22:07:28,231336365530115,᭄ꫛ兜兜里木糖🍬᭄ꫛ,这游戏还咋玩啊[捂脸][捂脸][捂脸],[等级17],[粉丝团 Lv8]
2026-05-13 22:07:28,105265234501,不乖的圆宝,牛逼,[等级2],
2026-05-13 22:07:29,4200585207743172,I·,太6了,[等级11],[粉丝团 Lv4]
2026-05-13 22:07:29,1660681580976427,L Z T♡J G J,🐂,,
2026-05-13 22:07:29,91657182053,爱旅行的岳先森,666,,
2026-05-13 22:07:29,63345826880,宝藏多多,和平现在这么花里胡哨啊,[等级8],
2026-05-13 22:07:29,73133140989,行稳致远,[赞][赞][赞][赞],[等级31],[粉丝团 Lv15]
2026-05-13 22:07:29,2242631133311534,ELlAUK,牛逼,[等级6],
2026-05-13 22:07:29,61377608210,别太晚睡,地上爬三个,[等级12],[粉丝团 Lv11]
2026-05-13 22:07:29,4204184509619773,小。,666,[等级2],
2026-05-13 22:07:29,817624937413011,渺秒,[666][666],[等级12],[粉丝团 Lv7]
2026-05-13 22:07:29,534807919995907,沈黑娃,差点死了,[等级23],[粉丝团 Lv6]
2026-05-13 22:07:29,2663432393593513,甜ル🍒,我有这技术就好了[捂脸],[等级36],[粉丝团:张君雅 Lv5]
2026-05-13 22:07:30,71126905166,抖音小肋手,老黑手枪牛逼,[等级10],[粉丝团 Lv10]
2026-05-13 22:07:30,85551885878,ʚ 玖月 ɞ,牛逼是什么意思[捂脸],[等级10],
2026-05-13 22:07:31,3725560356537887,温暖的港湾,这也行,[等级24],
2026-05-13 22:07:31,4212975408004637,扎西⁵¹⁰⁷⁴,牛逼,[等级18],[粉丝团 Lv15]
2026-05-13 22:07:31,3457323086914381,柑橘味,[666][666][666][666][666][666][666],[等级8],[粉丝团 Lv3]
2026-05-13 22:07:31,660130228076558,半懂.,[捂脸]这个倒霉蛋真是被手枪围殴致死,[等级10],
2026-05-13 22:07:31,87925062079,紧握双手,身残志坚,[等级21],[粉丝团 Lv12]
2026-05-13 22:07:32,93113842956,遇见房缘,精彩,[等级8],[粉丝团 Lv8]
2026-05-13 22:07:32,65049388012,袁滚子,[看][看][看][看][看][看][看][看],[等级18],[粉丝团 Lv10]
2026-05-13 22:07:32,82041751442,过客,爷们要战斗,[等级16],[粉丝团 Lv11]
2026-05-13 22:07:32,85420740251,小静,[666][666][666],[等级19],[粉丝团 Lv10]
2026-05-13 22:07:32,1972970651664173,萌 叔,@一生一世亿双人 嫁人做什么  找不开心,[等级33],[粉丝团 Lv16]
2026-05-13 22:07:32,817624937413011,渺秒,[666][666][666],[等级12],[粉丝团 Lv7]
2026-05-13 22:07:33,96712045544,AA照夜白,应该救人的,[等级21],[粉丝团 Lv14]
2026-05-13 22:07:33,7567403286325478437,日行一善积大德，日行多善积积大大德,两把手枪立大功[鼓掌][鼓掌][鼓掌],[等级10],[粉丝团 Lv10]
2026-05-13 22:07:33,2192845238175603,小陳,手枪立大功[捂脸][捂脸],[等级10],[粉丝团 Lv7]
2026-05-13 22:07:33,93186320746,Laurie,太牛了,[等级14],[粉丝团 Lv10]
2026-05-13 22:07:33,61833985310,风止于秋水,[小鼓掌][不失礼貌的微笑]素材有了,[等级31],[粉丝团 Lv11]
2026-05-13 22:07:34,76296653265,X、Y,牛逼！,[等级20],[粉丝团 Lv13]
2026-05-13 22:07:34,118362727004531,静,[666][666][666],[等级13],[粉丝团 Lv11]
2026-05-13 22:07:34,91616813169,七点兀,哈哈哈哈哈哈,[等级7],[粉丝团 Lv2]
2026-05-13 22:07:34,100066340726,dou1950407,[666][666][666],[等级44],[粉丝团 Lv8]
2026-05-13 22:07:35,84756699038,亮哥☜,笑死我了,[等级18],[粉丝团 Lv12]
2026-05-13 22:07:35,67652067063,辰言乐,四个倒的,[等级23],[粉丝团 Lv10]
2026-05-13 22:07:35,3334134092009016,七生伴,哈哈哈,[等级22],[粉丝团 Lv10]
2026-05-13 22:07:35,68689644015,无边界.🎀,[捂脸]一个个不救人，幸好有手枪,[等级14],[粉丝团 Lv10]
2026-05-13 22:07:35,4340475985660060,是yan不是颜,牛逼,[等级14],
2026-05-13 22:07:35,492175898721085,柠檬加可乐,对面主动送,[等级5],
2026-05-13 22:07:35,111149267192,Actor朝,一队人全倒了,[等级31],
2026-05-13 22:07:35,84173262484,能吃香菜.,6666,[等级5],
2026-05-13 22:07:35,70046258647,江湖人称强,全都没血了,[等级9],
2026-05-13 22:07:35,101438039784,甜柚,[666][666][666][666],[等级3],
2026-05-13 22:07:35,93190990360,浩瀚家电,打手枪[捂脸],[等级13],[粉丝团 Lv11]
2026-05-13 22:07:35,98261208043,麒麟^_^,4个全倒,[等级16],[粉丝团 Lv12]
2026-05-13 22:07:36,53599471470,A-svvv.,[666][666][666][666][666][666],[等级18],[粉丝团 Lv11]
2026-05-13 22:07:36,7442219576371364922,一撇一捺默写牵挂²⁰²⁶₈₈₈,幸好两把手枪,[等级30],
2026-05-13 22:07:36,87925062079,紧握双手,身残志坚,[等级21],[粉丝团 Lv12]
2026-05-13 22:07:36,3548812902407180,aaay,[捂脸][捂脸][捂脸],[等级2],
2026-05-13 22:07:36,104925240546,超～,手枪掏出来[比心],[等级18],[粉丝团 Lv10]
2026-05-13 22:07:37,97680444570,深琴为伴,刚刚被主播打死了,[等级2],
2026-05-13 22:07:38,4233546532927219,🉑🈶🉑🈚,@🌸🌸 巧了，我喜欢带孩子的,[等级20],[粉丝团 Lv10]
2026-05-13 22:07:38,65049388012,袁滚子,[赞][赞][赞][赞][赞][赞][赞][赞][赞],[等级18],[粉丝团 Lv10]
2026-05-13 22:07:39,98531320097,人间果味,牛逼啊,[等级20],
2026-05-13 22:07:39,2456725359170397,讨厌花生,[绝][绝][绝][绝][绝],[等级7],
2026-05-13 22:07:39,93687105296,洛皮皮🐻‍❄️⁰⁵⁰³,点赞👍没点满的宝子❤️‍🔥❤️‍🔥把这个小时的3000👍赞点满🅾️点赞辛苦了❣️❣️❣️,[等级40],[粉丝团:张君雅 Lv17]
2026-05-13 22:07:39,61787933842,任平生,死鸡也是鸡,[等级11],[粉丝团 Lv5]
2026-05-13 22:07:40,2192845238175603,小陳,手枪立大功[捂脸][捂脸],[等级10],[粉丝团 Lv7]
2026-05-13 22:07:40,97806080834,🚬ღ᭄辭ꦿ࿐,一人拄个拐,[等级21],[粉丝团 Lv15]
2026-05-13 22:07:40,1336643464478256,๓°趙无道ꦿᮁ໊এ᭄゛,牛逼,[等级7],
2026-05-13 22:07:40,105265234501,不乖的圆宝,666,[等级2],
2026-05-13 22:07:41,96982260090,一天,手枪打的好，吃鸡少不了[赞][赞][赞],[等级27],[粉丝团 Lv2]
2026-05-13 22:07:41,66202681069,DuDuDu,[鼓掌][鼓掌][鼓掌][鼓掌],[等级20],[粉丝团 Lv11]
2026-05-13 22:07:41,4200585207743172,I·,一秒都不用剪,[等级11],[粉丝团 Lv4]
2026-05-13 22:07:41,335822352821127,握不住彼此的明天（农村啊呆哥）,全都倒了[捂脸][捂脸][捂脸][捂脸],[等级9],
2026-05-13 22:07:42,4287742060012696,严干,这把素材有了,[等级19],[粉丝团 Lv4]
2026-05-13 22:07:42,98460975967,ەㅤㅤㅤㅤㅤㅤㅤㅤㅤ一个蛋🥚 ㅤㅤㅤㅤ,[抠鼻][抠鼻][抠鼻],[等级34],[粉丝团 Lv10]
2026-05-13 22:07:43,2980132780529584,鱼得水,就这也能吃鸡,[等级14],
2026-05-13 22:07:43,86660191152,朋仔啊朋仔,公屏打在牛逼上,[等级23],[粉丝团 Lv2]
2026-05-13 22:07:43,65049388012,袁滚子,[666][666][666][666][666][666][666][666][666],[等级18],[粉丝团 Lv10]
2026-05-13 22:07:43,92460650653,悯诉,手枪的神,[等级13],[粉丝团 Lv11]
2026-05-13 22:07:43,104204409648,牵牛的娃,手枪打了俩,[等级19],[粉丝团 Lv12]
2026-05-13 22:07:43,70492044030,紫痕9099,跪鸡[捂脸][捂脸][捂脸],[等级15],[粉丝团 Lv13]
2026-05-13 22:07:43,2192845238175603,小陳,手枪立大功[捂脸][捂脸],[等级10],[粉丝团 Lv7]
2026-05-13 22:07:43,73133140989,行稳致远,敌人憋屈死,[等级31],[粉丝团 Lv15]
2026-05-13 22:07:44,2824008837643668,Hom,这波可以上素材,,
2026-05-13 22:07:44,2576845188893629,@雨星,四个都到，6666,,
2026-05-13 22:07:44,61262388759,🐾、不能喝的咖啡,哈哈，小手枪立功了,[等级13],[粉丝团 Lv8]
2026-05-13 22:07:45,2721991177274552,深夜故事会,老黑：局哥，把手枪掏出来[看][看],[等级12],[粉丝团 Lv10]
2026-05-13 22:07:45,3047482674388180,菜场在逃肥鸡,NB,[等级12],[粉丝团 Lv7]
2026-05-13 22:07:45,76068728395,君心,牛哇   一看就是天天打手枪的,[等级12],[粉丝团 Lv1]
2026-05-13 22:07:45,603006804442072,无双✨,[捂脸][捂脸][捂脸],[等级16],
2026-05-13 22:07:45,62642627846,鹿茸,666,[等级11],[粉丝团 Lv9]
2026-05-13 22:07:45,4416058262342064,左玉虎,笑死了,[等级21],[粉丝团 Lv13]
2026-05-13 22:07:45,761323149861565,一吱硕,手枪MVP,[等级10],
2026-05-13 22:07:45,1179097012114632,半只🦊,怎么个事,[等级11],
2026-05-13 22:07:45,86632318528,R26,这手机打得可以,[等级3],
2026-05-13 22:07:45,94519821033,Doki,两个手枪biubiu,[等级36],[粉丝团 Lv5]
2026-05-13 22:07:46,1761849244397704,熙钰,哈哈哈,[等级11],[粉丝团 Lv11]
2026-05-13 22:07:46,4376484488429220,圈,真的是倒一地，也能吃鸡,[等级15],[粉丝团 Lv9]
2026-05-13 22:07:47,93131849410,澜✨,六个六[666][666],[等级17],[粉丝团 Lv8]
2026-05-13 22:07:47,93687105296,洛皮皮🐻‍❄️⁰⁵⁰³,吃鸡[666][666][666][666],[等级40],[粉丝团:张君雅 Lv17]
2026-05-13 22:07:47,2727234037097544,用户9790808663852,跪着也要吃鸡[捂脸],[等级3],
2026-05-13 22:07:48,4200585207743172,I·,好牛逼,[等级11],[粉丝团 Lv4]
2026-05-13 22:07:48,60887449857,🌸一朵小花,手枪大队哈哈哈,[等级22],[粉丝团 Lv10]
2026-05-13 22:07:48,65049388012,袁滚子,[打call][打call][打call][打call][打call][打call][打call][打call][打call][打call][打call],[等级18],[粉丝团 Lv10]
2026-05-13 22:07:48,59648471720,周末⅛,四个倒地，吃鸡，那队友要被骂死了,[等级2],
2026-05-13 22:07:49,3143595301,懒洋洋,@小野猫ᰔᩚ ⁵¹⁰⁷⁴ 野猫来了[看],[等级26],[粉丝团 Lv12]
2026-05-13 22:07:49,2192845238175603,小陳,手枪立大功[捂脸][捂脸],[等级10],[粉丝团 Lv7]
2026-05-13 22:07:49,3194524796719968,G*Aug13.leo ୧⍢⃝୨,身残志坚,,
2026-05-13 22:07:50,102660550350,物是ゞ人非℡旧时光,身残志坚[捂脸],[等级13],[粉丝团 Lv2]
2026-05-13 22:07:51,87925062079,紧握双手,身残志坚！,[等级21],[粉丝团 Lv12]
2026-05-13 22:07:51,59287878139,云南大龙哥🍄,手枪MVP,[等级24],[粉丝团 Lv10]
2026-05-13 22:07:51,74580201215,༺318  仓   央  ༻,[比心][比心][比心][比心][比心][比心][比心],[等级13],[粉丝团 Lv10]
2026-05-13 22:07:53,1336643464478256,๓°趙无道ꦿᮁ໊এ᭄゛,牛逼,[等级7],
2026-05-13 22:07:53,95960753786,不在意,[666][666][666],[等级15],[粉丝团 Lv3]
2026-05-13 22:07:53,65049388012,袁滚子,[鼓掌][鼓掌][鼓掌][鼓掌][鼓掌][鼓掌][鼓掌][鼓掌][鼓掌],[等级18],[粉丝团 Lv10]
2026-05-13 22:07:53,2234682707544967,子一,这队人恨不得把手机砸了,[等级28],[粉丝团:张君雅 Lv15]
2026-05-13 22:07:53,93687105296,洛皮皮🐻‍❄️⁰⁵⁰³,欢迎来到战神🔥张君雅🔥直播间❣️喜欢看的给君雅点个关注❣️加个灯牌❣️点点赞👍开个会员和守护吧💖💖💖,[等级40],[粉丝团:张君雅 Lv17]
2026-05-13 22:07:53,1178306890961928,素履以往💎🥦🥑,手枪吃鸡了,[等级1],
2026-05-13 22:07:53,62642627846,鹿茸,[捂脸][捂脸],[等级11],[粉丝团 Lv9]
2026-05-13 22:07:54,100066340726,dou1950407,二创有素材,[等级44],[粉丝团 Lv8]
2026-05-13 22:07:55,2233801836346472,玉龙第三国的夜车,帅气逼人,[等级7],[粉丝团 Lv7]
2026-05-13 22:07:56,22415580083835,苹果,最后那个人气死了，,[等级18],
2026-05-13 22:07:57,7442219576371364922,一撇一捺默写牵挂²⁰²⁶₈₈₈,最强小手枪,[等级30],
2026-05-13 22:07:58,110895971722,一个人挺好…👿,这个倒霉蛋叫啥名字,[等级24],[粉丝团 Lv8]
2026-05-13 22:07:58,111430818388,那年-2018,全趴下，掏小手机,[等级34],
2026-05-13 22:07:58,67851755535,淳1,哈哈哈 nuu b[捂脸][捂脸][捂脸][捂脸][捂脸]牛逼,[等级9],[粉丝团 Lv11]
2026-05-13 22:07:59,4164599867516798,冰吻予思,把公屏打在牛逼上,[等级20],[粉丝团 Lv13]
2026-05-13 22:08:00,71951152000,冷寂gg,爷们要战斗[捂脸][捂脸][捂脸],[等级11],[粉丝团 Lv3]
2026-05-13 22:08:00,3789370342519571,启明星⭐,手枪太神了,[等级19],[粉丝团 Lv7]
2026-05-13 22:08:01,11440403524768,十六   🦋,那人今晚睡不着了,[等级37],[粉丝团 Lv4]
2026-05-13 22:08:02,67954904246,࿐饭饭,我上把队友这两个,[等级18],[粉丝团 Lv4]
2026-05-13 22:08:02,111149267192,Actor朝,四个跪着的把人给办了,[等级31],
2026-05-13 22:08:02,59958431840,钱多多🍸,哈哈哈，对面的就躲着不出来，都得死[捂脸][捂脸][捂脸],[等级19],[粉丝团 Lv10]
2026-05-13 22:08:02,73575610085,熬醒了,寿手枪,[等级29],
2026-05-13 22:08:02,93687105296,洛皮皮🐻‍❄️⁰⁵⁰³,欢迎来到战神🔥张君雅🔥直播间❣️喜欢看的给君雅点个关注❣️加个灯牌❣️点点赞👍开个会员和守护吧💖💖💖,[等级40],[粉丝团:张君雅 Lv17]
2026-05-13 22:08:02,92188435408,Lu -,两个队友拖后腿,[等级30],[粉丝团 Lv11]
2026-05-13 22:08:02,179966898602747,🍇,手枪666,[等级29],[粉丝团 Lv6]
2026-05-13 22:08:03,2192845238175603,小陳,手枪立大功[捂脸][捂脸],[等级10],[粉丝团 Lv7]
2026-05-13 22:08:04,5112330647,C子,都到了谁去救了[看],[等级21],[粉丝团 Lv6]
2026-05-13 22:08:04,111149267192,Actor朝,哈哈哈哈哈哈哈哈哈哈哈,[等级31],
2026-05-13 22:08:05,95960753786,不在意,小手枪无敌,[等级15],[粉丝团 Lv3]
2026-05-13 22:08:06,59193739258,徐徐晚风_,太牛了,[等级9],[粉丝团 Lv10]
2026-05-13 22:08:06,94694798385,ヾ婷のづ,睡倒一对吃鸡了,[等级27],[粉丝团 Lv8]
2026-05-13 22:08:06,4346810298557888,福格格,君雅说脏话[捂脸][捂脸][捂脸],[等级2],[粉丝团 Lv1]
2026-05-13 22:08:08,69549195417,久睡成瘾,@💕鹏ꦿ💞 很多次了,[等级26],[粉丝团 Lv8]
2026-05-13 22:08:08,67479174300,冲凉百香果,好牛的小手枪,[等级16],
2026-05-13 22:08:09,97087785590,MgN,哈哈哈哈哈哈哈哈哈6666,[等级3],[粉丝团 Lv3]
2026-05-13 22:08:10,109756665406,ᑮéиg宝🧸ོ,笑死[捂脸],[等级29],[粉丝团 Lv12]
2026-05-13 22:08:12,98261208043,麒麟^_^,全网第一人[赞][赞][赞][赞][赞],[等级16],[粉丝团 Lv12]
2026-05-13 22:08:12,2172229561625960,好嗨哟,手枪队,[等级25],[粉丝团 Lv13]
2026-05-13 22:08:12,92461848227,煜,[捂脸][捂脸][捂脸][捂脸],[等级13],[粉丝团 Lv11]
2026-05-13 22:08:14,2782225270309235,问心,让猫局配个爷们要战斗，把这个段截下来,[等级13],[粉丝团 Lv8]
2026-05-13 22:08:14,111480308764,锦程,给你加鸡腿,[等级31],[粉丝团 Lv15]
2026-05-13 22:08:14,62978378029,钟灵毓秀,让我这天天打手枪的情何以堪,[等级21],[粉丝团 Lv11]
2026-05-13 22:08:14,93277570347,本༒是俗人,爷们要战斗,[等级18],[粉丝团 Lv3]
2026-05-13 22:08:14,61377608210,别太晚睡,三个在爬,[等级12],[粉丝团 Lv11]
2026-05-13 22:08:16,93131849410,澜✨,这小手枪关键时刻还真顶用[捂脸][捂脸][捂脸],[等级17],[粉丝团 Lv8]
2026-05-13 22:08:16,53599471470,A-svvv.,对面都得怀疑人生,[等级18],[粉丝团 Lv11]
2026-05-13 22:08:17,2663432393593513,甜ル🍒,原来手枪是这么用的,[等级36],[粉丝团:张君雅 Lv5]
2026-05-13 22:08:19,93687105296,洛皮皮🐻‍❄️⁰⁵⁰³,欢迎来到战神🔥张君雅🔥直播间❣️喜欢看的给君雅点个关注❣️加个灯牌❣️点点赞👍开个会员和守护吧💖💖💖,[等级40],[粉丝团:张君雅 Lv17]
2026-05-13 22:08:19,4265716599759383,志少年,爷们要战斗,[等级10],[粉丝团 Lv10]
2026-05-13 22:08:20,71126905166,抖音小肋手,老黑牛逼,[等级10],[粉丝团 Lv10]
2026-05-13 22:08:22,2933109942650078,白撕不得骑姐,打手枪第一名[比心][比心][比心][比心][比心][比心],[等级21],[粉丝团 Lv8]
2026-05-13 22:08:24,100705396812,微光～,不是男友嘛,[等级10],
2026-05-13 22:08:25,1283840409348984,小张,爷们要战斗,[等级1],[粉丝团 Lv7]
2026-05-13 22:08:25,95787922060,局中人,局哥刷点礼物,[等级19],[粉丝团 Lv6]
2026-05-13 22:08:26,3557665193860644,梅钞疯 󰠇,好久没看到小野猫了,[等级20],[粉丝团 Lv12]
2026-05-13 22:08:26,73575610085,熬醒了,两把手枪立大功了,[等级29],
2026-05-13 22:08:26,1525761913136445,🎣去钓鱼吖,爷们要战斗,[等级27],[粉丝团 Lv9]
2026-05-13 22:08:26,110895971722,一个人挺好…👿,把公屏打到牛逼上,[等级24],[粉丝团 Lv8]
2026-05-13 22:08:26,101438039784,甜柚,牛逼,[等级3],
2026-05-13 22:08:28,77223069015,❤️李李,张君雅[666][666][666],[等级19],[粉丝团 Lv8]
2026-05-13 22:08:29,101629850514,张老黑的飞哥⁵¹⁰⁷⁴,爷们牛逼,[等级33],[粉丝团 Lv16]
2026-05-13 22:08:29,1574939805617439,半醒半醉半浮生,雅牛逼,[等级20],[粉丝团 Lv3]
2026-05-13 22:08:29,66704027389,怎么了123,牛逼[比心],[等级12],[粉丝团 Lv1]
2026-05-13 22:08:31,166716836167276,悦神,牛逼,[等级31],[粉丝团 Lv1]
2026-05-13 22:08:31,3355364986231832,肖晏,张牛逼,[等级25],[粉丝团 Lv5]
2026-05-13 22:08:32,2395184081945055,忙里偷闲⁵¹⁰⁷⁴,[666][666][666],[等级29],[粉丝团 Lv15]
2026-05-13 22:08:32,3847918103835787,护卫队子龙,[666][666][666][666][666][666][666][666][666][666][666][666][666][666][666][666][666],[等级35],[粉丝团 Lv13]
2026-05-13 22:08:33,106840805821,@周先生,张老黑,[等级20],
2026-05-13 22:08:33,93687105296,洛皮皮🐻‍❄️⁰⁵⁰³,大家帮 君雅♀️爆甜妹妹💃🏻点点赞❣️点点赞❣️点点赞💞💞💞上个100万赞👍👍👍,[等级40],[粉丝团:张君雅 Lv17]
2026-05-13 22:08:34,110487983863,都怪你隐身太清晰,牛杯牛杯,[等级17],[粉丝团 Lv7]
2026-05-13 22:08:34,59931828350,Beautiful🎗,🐂🅱,[等级11],
2026-05-13 22:08:35,1349839534954935,开心有妳在,猫局牛批,[等级20],[粉丝团 Lv10]
2026-05-13 22:08:35,95594231759,爱别离,不断手,[等级8],
2026-05-13 22:08:35,52235541621,轮回,昨天看猫局打了三局，第一把就把自己毒死了[捂脸],[等级37],
2026-05-13 22:08:35,2816262866483979,拯救逃离世界🌍,[666][666],[等级15],
2026-05-13 22:08:35,103633121744,🍊阿豪,张老黑牛批,[等级31],[粉丝团 Lv15]
2026-05-13 22:08:36,3441914485411577,过客,四个人都倒了，还能吃鸡[捂脸][捂脸][捂脸],[等级27],[粉丝团 Lv4]
2026-05-13 22:08:36,99045771484,@听风☞起,张君雅我爱你,[等级8],
2026-05-13 22:08:37,1226681822751486,大仙儿的日常,实在是黑啊,[等级17],[粉丝团 Lv2]
2026-05-13 22:08:37,105470860630,心有❤️山海,6666,[等级31],[粉丝团 Lv10]
2026-05-13 22:08:38,2704407724044788,匚亓,把张君雅打在公屏上[看],[等级14],[粉丝团 Lv6]
2026-05-13 22:08:38,54625816075,最后一份天真,把老黑打在牛逼上,[等级21],
2026-05-13 22:08:38,1574939805617439,半醒半醉半浮生,雅牛逼牛逼真牛逼,[等级20],[粉丝团 Lv3]
2026-05-13 22:08:39,70101893022,FanTasTic,张老黑牛鼻,[等级18],
2026-05-13 22:08:39,53576020744,没什么,刚好赶上,[等级3],[粉丝团 Lv4]
2026-05-13 22:08:39,71189357410,🙃🙃🙃,三号是不是那个拿复合弓的？,[等级14],[粉丝团 Lv10]
2026-05-13 22:08:39,102597770628,ℳ₯㎕叁潴潴潴🐝࿐,带妹妹,[等级19],[粉丝团 Lv10]
2026-05-13 22:08:39,104713691535,ZL,爷们要战斗,[等级15],[粉丝团 Lv2]
2026-05-13 22:08:40,4410870052160584,坏气十足,张君雅老牛逼了,[等级15],[粉丝团 Lv5]
2026-05-13 22:08:41,3457323086914381,柑橘味,[666],[等级8],[粉丝团 Lv3]
2026-05-13 22:08:43,68536453805,青城,嘿嘿牛b,[等级13],[粉丝团 Lv2]
2026-05-13 22:08:43,3544449118126824,爱吃醋的李,牛逼,[等级25],[粉丝团 Lv11]
2026-05-13 22:08:43,1530155757474296,玩鱼不养鱼,昨晚猫被毒死,[等级11],[粉丝团 Lv3]
2026-05-13 22:08:44,3996063592881981,@@🚬yangꦿ᭄ཽ࿆࿆:,牛B1张老黑,[等级15],[粉丝团 Lv10]
2026-05-13 22:08:45,105068931996,有理讲不清,战神局匹配最低段位是多少,[等级37],
2026-05-13 22:08:47,3482892676115656,湘西四鬼歌,把对面气死了。,[等级12],[粉丝团 Lv7]
2026-05-13 22:08:48,7567403286325478437,日行一善积大德，日行多善积积大大德,这两个对手今晚上睡不着了[捂脸],[等级10],[粉丝团 Lv10]
2026-05-13 22:08:48,179966898602747,🍇,手枪666哈哈,[等级29],[粉丝团 Lv6]
2026-05-13 22:08:49,98531320097,人间果味,张君雅牛逼,[等级20],
2026-05-13 22:08:49,751693780497405,尾号6178,全倒，对面开心死了，没想到被手枪干了,[等级32],[粉丝团 Lv15]
2026-05-13 22:08:50,2465518279994179,风云再起,张君雅流逼,[等级20],[粉丝团 Lv4]
2026-05-13 22:08:51,2456725359170397,讨厌花生,太牛了 局哥又要爷们要战斗了[爱心][爱心][爱心],[等级7],
2026-05-13 22:08:51,335822352821127,握不住彼此的明天（农村啊呆哥）,对方轻敌了[捂脸][捂脸],[等级9],
2026-05-13 22:08:54,78780549307,偌靉(安全员)99,猫局12345里哪一头,[等级21],[粉丝团 Lv10]
2026-05-13 22:08:54,61262388759,🐾、不能喝的咖啡,不倒地不会打架夫斯基[捂脸],[等级13],[粉丝团 Lv8]
2026-05-13 22:08:55,52235541621,轮回,第二把冲上去被老六打死了,[等级37],
2026-05-13 22:08:57,4233546532927219,🉑🈶🉑🈚,@🌸🌸 就喜欢带孩子的,[等级20],[粉丝团 Lv10]
2026-05-13 22:08:57,51011709573323,往事如烟,局哥打手枪第一人,[等级28],[粉丝团 Lv9]
2026-05-13 22:08:58,1367445777424910,Eucalyptus 🐸,敌人手机砸了[捂脸][捂脸][捂脸],[等级24],[粉丝团 Lv14]
2026-05-13 22:08:59,111642458376,娱锋,猫局直播间搜索不到了呢，我还是他那边粉丝呢[捂脸],[等级11],[粉丝团 Lv11]
2026-05-13 22:08:59,100950654491,丑就丑点吧或许你瞎呢,猫局那手枪打的真狠好,[等级12],[粉丝团 Lv3]
2026-05-13 22:09:00,2219267123059902,🌈蓝桉***,口嗨哥,[等级7],[粉丝团 Lv10]
2026-05-13 22:09:01,77449052207,浪哩格朗︶ε╰,瘸了当兵精神好哈,[等级23],[粉丝团 Lv5]
2026-05-13 22:09:03,97806080834,🚬ღ᭄辭ꦿ࿐,感谢老板,[等级21],[粉丝团 Lv15]
2026-05-13 22:09:04,83781723275,一书一世界,那个人看到倒四了。吃鸡了结果,[等级7],[粉丝团 Lv8]
2026-05-13 22:09:05,2219267123059902,🌈蓝桉***,口嗨姐,[等级7],[粉丝团 Lv10]
2026-05-13 22:09:06,71126905166,抖音小肋手,@子一 谢谢老板,[等级10],[粉丝团 Lv10]
2026-05-13 22:09:06,2395184081945055,忙里偷闲⁵¹⁰⁷⁴,[666][666][666],[等级29],[粉丝团 Lv15]
2026-05-13 22:09:06,70970412037,望明月,他抖音号是多少啊？怎么在榜上看不到？,[等级15],
2026-05-13 22:09:06,4330355120149084,唯一♥,只能等着看素材了，刚刚来没看到[捂脸][捂脸],[等级8],[粉丝团 Lv7]
2026-05-13 22:09:08,110088364436,落凡,爷们娘们要战斗,[等级15],[粉丝团 Lv7]
2026-05-13 22:09:08,12681223719,小.馮,多亲嘴嗓子就好了,[等级27],
2026-05-13 22:09:08,98198225801,浅笑心柔💗,猫局跟老黑是最佳搭档,[等级4],
2026-05-13 22:09:10,335822352821127,握不住彼此的明天（农村啊呆哥）,要不然几颗雷你们都死,[等级9],
2026-05-13 22:09:11,2722868435630654,用户1026316473504,[爱心],[等级4],
2026-05-13 22:09:12,2727234037097544,用户9790808663852,嗓子夹冒烟我小[捂脸]姑娘,[等级3],
2026-05-13 22:09:12,2980132780529584,鱼得水,你们能不能直接跳集装箱,[等级14],
2026-05-13 22:09:12,94679618617,终将失去的青春,张大嗓子,[等级28],[粉丝团 Lv10]
2026-05-13 22:09:13,3544449118126824,爱吃醋的李,让局哥剪辑出来，配爷们要战斗，哈哈哈哈😃😃,[等级25],[粉丝团 Lv11]
2026-05-13 22:09:13,2008152259705040,汉、歼的审判者,@子一 [抱抱你][抱抱你][抱抱你],[等级15],[粉丝团 Lv12]
2026-05-13 22:09:13,3126644131508429,秋序拾陆·追光,不是娘们吗,[等级3],[粉丝团 Lv1]
2026-05-13 22:09:14,1530155757474296,玩鱼不养鱼,被毒死的猫,[等级11],[粉丝团 Lv3]
2026-05-13 22:09:14,1574939805617439,半醒半醉半浮生,雅笑的流口水,[等级20],[粉丝团 Lv3]
2026-05-13 22:09:15,12681223719,小.馮,多亲嘴嗓子就好了,[等级27],
2026-05-13 22:09:18,694511491097195,澄,昨天猫局自己毒死了,[等级15],[粉丝团 Lv2]
2026-05-13 22:09:20,1467173920573099,"不要想起我,",不要看了，黄元韩,[等级4],[粉丝团 Lv4]
2026-05-13 22:09:20,109731804257,肉肉🥰🥰,情难自控,[等级7],[粉丝团 Lv4]
2026-05-13 22:09:20,93687105296,洛皮皮🐻‍❄️⁰⁵⁰³,@子一 谢谢扑总[比心][比心][比心][比心][比心],[等级40],[粉丝团:张君雅 Lv17]
2026-05-13 22:09:20,12681223719,小.馮,多亲嘴嗓子就好了,[等级27],
2026-05-13 22:09:27,2145888220228567,用户18054358,手枪吃鸡等第一人！牛逼！,[等级16],[粉丝团 Lv12]
2026-05-13 22:09:28,103584088957,喜乐,那种情况对方也没法啊，先补自救还是先补shouqiao,[等级9],[粉丝团 Lv8]
2026-05-13 22:09:30,3989485268505827,🫧 𓆡𓆝𓆟𓆜𓆞  🫧,晚上好老黑,[等级2],
2026-05-13 22:09:32,60887449857,🌸一朵小花,哈哈哈哈,[等级22],[粉丝团 Lv10]
2026-05-13 22:09:32,98127314878,艾瑞巴蒂跟我一起嗨,对面大腿都拍肿了,[等级25],[粉丝团 Lv11]
2026-05-13 22:09:39,1467173920573099,"不要想起我,",黄元韩,[等级4],[粉丝团 Lv4]
2026-05-13 22:09:39,93687105296,洛皮皮🐻‍❄️⁰⁵⁰³,点赞👍没点满的宝子❤️‍🔥❤️‍🔥把这个小时的3000👍赞点满🅾️点赞辛苦了❣️❣️❣️,[等级40],[粉丝团:张君雅 Lv17]
2026-05-13 22:09:47,102652642805,石月亮,倒了声音小一点就好了[捂脸],[等级17],
2026-05-13 22:09:48,92461848227,煜,[捂脸][捂脸][捂脸][捂脸],[等级13],[粉丝团 Lv11]
2026-05-13 22:09:48,97600677185,晓乔治ovo,[捂脸][捂脸][捂脸],[等级38],[粉丝团 Lv12]
2026-05-13 22:09:49,93014642999,🌈南山楠,哈哈哈,[等级11],[粉丝团 Lv10]
2026-05-13 22:09:49,889939304646432,爱音乐小木木子,最后那队人，不得睡不着觉了,[等级2],
2026-05-13 22:09:51,2242631133311534,ELlAUK,哈哈哈,[等级6],
2026-05-13 22:09:51,93687105296,洛皮皮🐻‍❄️⁰⁵⁰³,@锦程 谢谢大哥[比心][比心][比心][比心][比心][比心],[等级40],[粉丝团:张君雅 Lv17]
2026-05-13 22:09:51,63416229807,风沙迷了眼⁵¹⁰⁷⁴,[捂脸][捂脸][捂脸][捂脸][捂脸],[等级21],[粉丝团 Lv15]
2026-05-13 22:09:52,3557665193860644,梅钞疯 󰠇,记得，隐富婆，小野猫，愷琪,[等级20],[粉丝团 Lv12]
2026-05-13 22:09:53,1838847804575764,老农民A1,[捂脸][捂脸][捂脸][捂脸],[等级33],[粉丝团 Lv15]
2026-05-13 22:09:55,84341855235,今天要早睡（不困）,宝宝你出来啊,[等级17],[粉丝团 Lv14]
2026-05-13 22:09:57,71126905166,抖音小肋手,@锦程 谢谢老板,[等级10],[粉丝团 Lv10]
2026-05-13 22:09:58,87103264196,壹拌生鲜,红包呢爱播,[等级23],[粉丝团 Lv6]
2026-05-13 22:09:59,2008152259705040,汉、歼的审判者,@锦程 [抱抱你][抱抱你][抱抱你],[等级15],[粉丝团 Lv12]
2026-05-13 22:10:02,1102130459973504,V4,土匪,[等级47],
2026-05-13 22:10:06,7567403286325478437,日行一善积大德，日行多善积积大大德,就是想让你砸平板[捂脸],[等级10],[粉丝团 Lv10]
2026-05-13 22:10:06,98657042845,缘来、如此（有关必回，永不取关）,心态会炸[捂脸],[等级19],[粉丝团 Lv8]
2026-05-13 22:10:08,74580201215,༺318  仓   央  ༻,666666666,[等级13],[粉丝团 Lv10]
2026-05-13 22:10:08,97986736366,我的小可爱,砸了好换新的,[等级7],
2026-05-13 22:10:10,74588972222,老狼乔治,四个队友全倒了吗,[等级15],[粉丝团 Lv10]
2026-05-13 22:10:10,3544449118126824,爱吃醋的李,设计的非常人性,[等级25],[粉丝团 Lv11]
2026-05-13 22:10:10,110088364436,落凡,菊哥被毒死le,[等级15],[粉丝团 Lv7]
2026-05-13 22:10:10,1838847804575764,老农民A1,你不会咬回去[捂脸][捂脸][捂脸],[等级33],[粉丝团 Lv15]
2026-05-13 22:10:10,2246995185243198,道友，请留步,乐极生悲[呲牙],[等级2],
2026-05-13 22:10:12,662378232428043,岁晏·清尘,为了气死更多的人[捂脸],[等级14],[粉丝团 Lv10]
2026-05-13 22:10:12,254686236782456,🌈幸运小趴菜,强哥在不在,[等级16],[粉丝团 Lv11]
2026-05-13 22:10:14,1234078516384542,Sy666,打久了，什么事情都有,[等级8],
2026-05-13 22:10:15,4346810298557888,福格格,跟着局哥，小手枪打的不错，奈斯奈斯[比心][比心][比心],[等级2],[粉丝团 Lv1]
2026-05-13 22:10:16,73133140989,行稳致远,万66当时也在 [666][666][666],[等级31],[粉丝团 Lv15]
2026-05-13 22:10:16,62415686966,扶瑶。,1号是上把被你爆炸弓打死得,[等级8],[粉丝团 Lv6]
2026-05-13 22:10:17,254686236782456,🌈幸运小趴菜,强哥在不在,[等级16],[粉丝团 Lv11]
2026-05-13 22:10:18,63197492648,Mr       刘,悍妇夹子[捂脸],[等级24],
2026-05-13 22:10:20,100689216457,金怀瑾·清辞,悍妇就是牛逼,[等级25],[粉丝团 Lv5]
2026-05-13 22:10:20,104917868526,🌅,谁还记得被马踢死的？,[等级7],[粉丝团 Lv8]
2026-05-13 22:10:22,2405375991356200,L-Oct 29-Sc,小炮虫,[等级24],[粉丝团 Lv13]
2026-05-13 22:10:23,2419370502667399,刘得帅。,猫局航母大掉头,[等级8],[粉丝团 Lv5]
2026-05-13 22:10:29,358921087755200,云哥,明天到成都，晚上出来喝点[捂脸],[等级14],[粉丝团 Lv10]
2026-05-13 22:10:30,5112330647,C子,来个蹦子,[等级21],[粉丝团 Lv6]
2026-05-13 22:10:37,97600677185,晓乔治ovo,二号叫花哩雅[捂脸][捂脸],[等级38],[粉丝团 Lv12]
2026-05-13 22:10:38,3166204513238656,铁憨憨,猫局有素材了,[等级17],
2026-05-13 22:10:39,772280035849376,🌹罗富贵🌹,[捂脸],[等级29],
2026-05-13 22:10:42,94048451023,周裕伟,上次G港桥头被打倒，手枪立大功,[等级21],[粉丝团 Lv11]
2026-05-13 22:10:43,104803807561,大海.,张君雅牛逼[比心][比心],[等级20],[粉丝团 Lv10]
2026-05-13 22:10:49,92744227073,吕志,生8个儿子,[等级19],[粉丝团 Lv7]
2026-05-13 22:10:52,70150470010,一场修行,把公屏打在张君雅牛逼上,[等级27],
2026-05-13 22:11:00,772280035849376,🌹罗富贵🌹,100个儿子[呲牙],[等级29],
2026-05-13 22:11:14,69084013934,🌸🌸,一万岁怕是有点悬[捂脸],[等级6],[粉丝团 Lv7]
2026-05-13 22:11:50,77416951506,ら孤痞,@爱吃醋的李 局哥都不发作品的[捂脸],[等级36],[粉丝团 Lv17]
2026-05-13 22:11:53,743720714503783,527138649,祝老板生一百个儿子 你是认真的吗？[呲牙][呲牙][呲牙],[等级8],
2026-05-13 22:12:07,11805950518,深情（张君雅助理）,@华南城商办站斧浏览器Amber 感谢大哥[比心][比心][比心],[等级39],[粉丝团:张君雅 Lv18]
2026-05-13 22:12:20,7409694092488164412,一生一世亿双人,准备偷人,[等级33],[粉丝团 Lv9]
2026-05-13 22:12:23,53067276670,灭亡吧世界,什么美滋滋啊黑,[等级14],
2026-05-13 22:12:33,2984502456237699,汪汪小汪,最近好多爆炸工，都要把海岛炸平了,[等级32],[粉丝团:张君雅 Lv15]
2026-05-13 22:12:39,100276301039,丶Marsご绝版,牛比[呲牙],[等级15],[粉丝团 Lv12]
2026-05-13 22:12:49,62978378029,钟灵毓秀,762子弹带上,[等级21],[粉丝团 Lv11]
2026-05-13 22:12:50,71074166083,乔巴,儿豁,[等级34],[粉丝团 Lv11]
2026-05-13 22:12:51,110271609404,s,儿嚯[看],[等级30],[粉丝团 Lv6]
2026-05-13 22:12:51,1046381754333631,遥远的距离,你一在猫局富起来了,[等级26],[粉丝团 Lv11]
2026-05-13 22:12:53,910872535641128,我爱吃炒饭,我儿豁,[等级3],
2026-05-13 22:12:57,1179097012114632,半只🦊,霍儿,[等级11],
2026-05-13 22:13:05,3544449118126824,爱吃醋的李,@ら孤痞 他第一个作品配的手枪合集，剪到一起的，音乐很燃，看好久了,[等级25],[粉丝团 Lv11]
2026-05-13 22:13:07,92396239995,结果与导向,贼呢,[等级25],[粉丝团 Lv2]
2026-05-13 22:13:08,7638601529051055161,用户651568587365,-#frbtrhytn,,
2026-05-13 22:13:09,95125776765,Hao、⁵¹⁰⁷⁴,明天游戏更新，爆炸工要削弱了[捂脸][捂脸][捂脸][捂脸][捂脸],[等级18],[粉丝团 Lv14]
2026-05-13 22:13:14,1134296217429792,Henry,二货是什么意思？,[等级8],
2026-05-13 22:13:17,77739939467,旅程...,儿豁是啥意思？,[等级14],[粉丝团 Lv7]
2026-05-13 22:13:17,7409694092488164412,一生一世亿双人,@汪汪小汪 一百多米爆头都能倒 这么高的伤害 会玩的肯定优先选择啊,[等级33],[粉丝团 Lv9]
2026-05-13 22:13:18,109756665406,ᑮéиg宝🧸ོ,啥意思,[等级29],[粉丝团 Lv12]
2026-05-13 22:13:20,3544449118126824,爱吃醋的李,局哥有素材了,[等级25],[粉丝团 Lv11]
2026-05-13 22:13:22,4233546532927219,🉑🈶🉑🈚,我儿豁,[等级20],[粉丝团 Lv10]
2026-05-13 22:13:23,3556283947167949,邱邱🇨🇳,多余上马[捂脸],[等级29],[粉丝团 Lv6]
2026-05-13 22:13:24,866056281001387,桃子坝的飞,局哥被骗多了,[等级14],
2026-05-13 22:13:27,1046381754333631,遥远的距离,不像昨晚似的 不是在抗毒的路上就是在吃药的路上[捂脸],[等级26],[粉丝团 Lv11]
2026-05-13 22:13:35,1798427627499870,TeFuir,我要去打游戏了兄弟们,[等级26],[粉丝团 Lv12]
2026-05-13 22:13:38,1046381754333631,遥远的距离,没你不行,[等级26],[粉丝团 Lv11]
2026-05-13 22:13:42,62978378029,钟灵毓秀,搞鸡毛的意思,[等级21],[粉丝团 Lv11]
2026-05-13 22:13:53,1838847804575764,老农民A1,@TeFuir 好的，等你两分钟[捂脸],[等级33],[粉丝团 Lv15]
2026-05-13 22:14:02,97806080834,🚬ღ᭄辭ꦿ࿐,感谢老板,[等级21],[粉丝团 Lv15]
2026-05-13 22:14:05,77416951506,ら孤痞,@爱吃醋的李 他快两年就发了那一个作品,[等级36],[粉丝团 Lv17]
2026-05-13 22:14:06,2008152259705040,汉、歼的审判者,@张君雅的啤酒瓶 [抱抱你][抱抱你][抱抱你],[等级15],[粉丝团 Lv12]
2026-05-13 22:14:34,95893498375,三掌柜的😏😏,豁（  四川话就是骗,[等级13],[粉丝团 Lv9]
2026-05-13 22:14:40,2610658564386476,懦夫救星i,这爆炸弓也没削弱啊[捂脸],[等级7],[粉丝团 Lv7]
2026-05-13 22:14:49,61124196239,十二¸,这么准？,[等级20],
2026-05-13 22:14:49,96880263526,老衲,我去直接一箭头,[等级14],
2026-05-13 22:14:50,4165407898869996,我总后知后觉,666,[等级5],
2026-05-13 22:14:50,62978378029,钟灵毓秀,太准了这爆炸弓,[等级21],[粉丝团 Lv11]
2026-05-13 22:14:51,3544449118126824,爱吃醋的李,@ら孤痞 再收集收集慢慢剪，一年的视频全剪一块了,[等级25],[粉丝团 Lv11]
2026-05-13 22:14:52,2984502456237699,汪汪小汪,这哪里削了,[等级32],[粉丝团:张君雅 Lv15]
2026-05-13 22:14:57,110012786240,小猫饼,牛逼,[等级22],[粉丝团 Lv12]
2026-05-13 22:14:59,83508609971,Contentment,牛逼[赞],[等级2],
2026-05-13 22:15:00,734911082271080,Leslie,为什么我的爆炸弓打不了这个效果,[等级19],
2026-05-13 22:15:00,100276301039,丶Marsご绝版,[赞][赞][赞][赞],[等级15],[粉丝团 Lv12]
2026-05-13 22:15:01,2663432393593513,甜ル🍒,[666][666][666][666][666],[等级36],[粉丝团:张君雅 Lv5]
2026-05-13 22:15:01,4862013350589,厉扑,牛逼牛逼,[等级21],[粉丝团 Lv11]
2026-05-13 22:15:01,110487983863,都怪你隐身太清晰,[666][666][666],[等级17],[粉丝团 Lv7]
2026-05-13 22:15:03,63073431755,💋 初见、,牛逼,[等级34],[粉丝团 Lv12]
2026-05-13 22:15:04,103633121744,🍊阿豪,箭王,[等级31],[粉丝团 Lv15]
2026-05-13 22:15:05,102469975321,✨名门⭐️,[666][666][666],[等级19],[粉丝团 Lv15]
2026-05-13 22:15:05,76709520672,轧尕有活,谁说的削弱了,[等级26],[粉丝团 Lv15]
2026-05-13 22:15:05,7567403286325478437,日行一善积大德，日行多善积积大大德,偷人成功[鼓掌],[等级10],[粉丝团 Lv10]
2026-05-13 22:15:06,63416229807,风沙迷了眼⁵¹⁰⁷⁴,@懦夫救星i 确实削了  但是她还是那么厉害啊[捂脸][捂脸][捂脸][捂脸],[等级21],[粉丝团 Lv15]
2026-05-13 22:15:07,3078225537805712,凯蒂🐱,队友都不过来[捂脸],[等级17],[粉丝团 Lv12]
2026-05-13 22:15:07,84671643664,罗罗罗aas,关了吧没意思[捂脸],[等级12],
2026-05-13 22:15:13,61124196239,十二¸,跟开了自瞄一样,[等级20],
2026-05-13 22:15:18,200580296878250,ο▬▬▬◙▅▅▆▆▆▆◤千,牛逼,[等级7],[粉丝团 Lv10]
2026-05-13 22:15:19,106115742857,ᥫ᭡ོ提ꦿ笔ꦿ🌸⃟忘᭄ི情ꦿ,国服射手,[等级20],
2026-05-13 22:15:20,92188435408,Lu -,队友要来舔包了,[等级30],[粉丝团 Lv11]
2026-05-13 22:15:20,106028942886,肆🌒月,哈哈哈哈哈,[等级29],[粉丝团 Lv11]
2026-05-13 22:15:21,14117509729,媛媛,我为啥爆炸弓炸不到人？打不准[捂脸][捂脸][捂脸][捂脸],[等级19],[粉丝团 Lv11]
2026-05-13 22:15:22,734911082271080,Leslie,猪啵爆炸弓要调灵敏度吗？,[等级19],
2026-05-13 22:15:23,97523528294,回首一回头,[捂脸][捂脸],[等级20],[粉丝团 Lv15]
2026-05-13 22:15:23,92461848227,煜,[捂脸][捂脸][捂脸],[等级13],[粉丝团 Lv11]
2026-05-13 22:15:23,101018246079,邱北壮族《小表哥》,[捂脸][捂脸][捂脸],[等级10],[粉丝团 Lv11]
2026-05-13 22:15:23,61303363390,华南城商办站斧浏览器Amber,[捂脸][捂脸][捂脸][捂脸],[等级30],[粉丝团 Lv13]
2026-05-13 22:15:23,4321509304176393,厚厚🉑,队友这不来舔包了[看],[等级10],[粉丝团 Lv10]
2026-05-13 22:15:25,101277257606,风的影子🧸,[捂脸][捂脸][捂脸],[等级41],[粉丝团 Lv11]
2026-05-13 22:15:25,100276301039,丶Marsご绝版,[捂脸][捂脸][捂脸][捂脸],[等级15],[粉丝团 Lv12]
2026-05-13 22:15:25,75956341032,唯一,这弓打巅峰赛也是无敌的存在,[等级16],[粉丝团 Lv10]
2026-05-13 22:15:26,154402749158894,留住那一秒,关了吧,[等级2],
2026-05-13 22:15:27,21772518583,路亚周周⁸⁰⁰⁸,[捂脸][捂脸][捂脸][捂脸],[等级29],[粉丝团 Lv12]
2026-05-13 22:15:29,20239435624,訫訫大王,哈哈哈哈哈,[等级18],[粉丝团 Lv9]
2026-05-13 22:15:30,59004525076,万般皆是命，半点不由人,海岛悍妇张君雅名不虚传,[等级30],
2026-05-13 22:15:31,4233546532927219,🉑🈶🉑🈚,哈哈哈,[等级20],[粉丝团 Lv10]
2026-05-13 22:15:31,7409694092488164412,一生一世亿双人,猫局：我只用aug,[等级33],[粉丝团 Lv9]
2026-05-13 22:15:36,110804669846,℡空白,猫局的都是你的,[等级15],[粉丝团 Lv10]
2026-05-13 22:15:39,7615988333545931813,ik-🦋,队友闻着味就来了,,
2026-05-13 22:15:39,810791848390499,遇见对的人,太黑了[捂脸][捂脸],[等级12],
2026-05-13 22:15:39,4233546532927219,🉑🈶🉑🈚,天天压力猫猫,[等级20],[粉丝团 Lv10]
2026-05-13 22:15:41,97338444142,珂润,局哥大气,[等级21],[粉丝团 Lv5]
2026-05-13 22:15:43,97806080834,🚬ღ᭄辭ꦿ࿐,局哥捞不着但是吸波来闻闻味还不行吗[捂脸],[等级21],[粉丝团 Lv15]
2026-05-13 22:15:43,6472167828,顺城,是不敢拿p90[捂脸],[等级22],[粉丝团 Lv15]
2026-05-13 22:15:48,67161144129,WH＆,猫局好卑微啊[捂脸],[等级25],[粉丝团 Lv11]
2026-05-13 22:15:52,1538906151990679,流年,你敢抢我啤酒瓶[看],[等级45],[粉丝团:张君雅 Lv15]
2026-05-13 22:15:54,101886879420,࿐ 咔. 咔,[互粉],[等级9],[粉丝团 Lv1]
2026-05-13 22:15:55,2263256806988026,分,有手枪子弹不对,[等级9],[粉丝团 Lv9]
2026-05-13 22:15:55,92988300107,北京好铺推荐官,关了吧、没意思[捂脸][捂脸][捂脸],[等级18],[粉丝团 Lv2]
2026-05-13 22:16:01,1059556013913534,阿贵,我拿的爆炸弓好像是假的，炸不到[捂脸][捂脸][捂脸],[等级16],[粉丝团 Lv10]
2026-05-13 22:16:05,100276301039,丶Marsご绝版,猫局很自觉的[呲牙],[等级15],[粉丝团 Lv12]
2026-05-13 22:16:08,2008152259705040,汉、歼的审判者,@流年 [捂脸][捂脸][捂脸],[等级15],[粉丝团 Lv12]
2026-05-13 22:16:08,1367445777424910,Eucalyptus 🐸,@流年 ？。？,[等级24],[粉丝团 Lv14]
2026-05-13 22:16:09,69084013934,🌸🌸,@🉑🈶🉑🈚 不玩,[等级6],[粉丝团 Lv7]
2026-05-13 22:16:19,61291622127,谁还没年轻过⁵¹⁰⁷⁴,来来来，猫局大气走一波,[等级16],[粉丝团 Lv14]
2026-05-13 22:16:21,99238205700,刺客,这个箭简直没谁了,[等级33],[粉丝团 Lv13]
2026-05-13 22:16:29,105572344060,沧海一粟，我之于你,高架有个包,[等级42],[粉丝团 Lv9]
2026-05-13 22:16:29,1046381754333631,遥远的距离,猫局今晚跟你站起来了,[等级26],[粉丝团 Lv11]
2026-05-13 22:16:32,2839407163605924,蔓越莓烦恼 iu,@北京好铺推荐官 菜就多练,,
2026-05-13 22:16:37,84671643664,罗罗罗aas,这把难道要吃了,[等级12],
2026-05-13 22:16:39,92188435408,Lu -,队友只会吃,[等级30],[粉丝团 Lv11]
2026-05-13 22:16:39,4233546532927219,🉑🈶🉑🈚,@🌸🌸 哎呀，人家想跟你玩嘛[拜拜],[等级20],[粉丝团 Lv10]
2026-05-13 22:16:42,734911082271080,Leslie,今天画质怎么这么糊,[等级19],
2026-05-13 22:16:43,2175273249276348,L·Dec²³-Cap,爆炸弓 玩的好 6,[等级20],[粉丝团 Lv1]
2026-05-13 22:16:46,95064036296,乐1  Li,张老黑。,[等级14],[粉丝团 Lv7]
2026-05-13 22:16:58,3831165666985047,Knight,土匪行为[捂脸],[等级11],
2026-05-13 22:16:58,628571832331751,꧁꫞꯭林老头꫞꧂,1080,[等级9],
2026-05-13 22:17:01,53599471470,A-svvv.,差一个空投枪吧  看错了嘛我？,[等级18],[粉丝团 Lv11]
2026-05-13 22:17:03,7409694092488164412,一生一世亿双人,这个爆炸弓再削弱一点 对于张老黑都是无伤大雅,[等级33],[粉丝团 Lv9]
2026-05-13 22:17:06,1679687627319144,凝聚最美好,1080,,
2026-05-13 22:17:08,1179097012114632,半只🦊,1080,[等级11],
2026-05-13 22:17:13,1838847804575764,老农民A1,认识的这几个，有好东西那个不是都让给老黑了，都怕她[捂脸][捂脸][捂脸],[等级33],[粉丝团 Lv15]
2026-05-13 22:17:16,92188435408,Lu -,哈哈哈哈,[等级30],[粉丝团 Lv11]
2026-05-13 22:17:19,64906438463,八千里路,哈哈哈哈,[等级23],[粉丝团 Lv4]
2026-05-13 22:17:20,4165407898869996,我总后知后觉,[捂脸][捂脸][捂脸],[等级5],
2026-05-13 22:17:20,100276301039,丶Marsご绝版,霸道总裁,[等级15],[粉丝团 Lv12]
2026-05-13 22:17:25,637347689148744,Echo：,1080,[等级27],
2026-05-13 22:17:27,60846740521,Luna· Jade,她有，不说话[捂脸],[等级13],[粉丝团 Lv4]
2026-05-13 22:17:28,95114696630,楠De小雨天气💦,哈哈哈哈^_^,[等级19],[粉丝团 Lv7]
2026-05-13 22:17:29,103442798670,夜...dz,又想勾搭妹子,[等级14],[粉丝团 Lv11]
2026-05-13 22:17:29,61861982355,๑҉ W·Oct¹⁸Libra🤍,好卑微的问2号,[等级19],[粉丝团 Lv12]
2026-05-13 22:17:31,3116470416186508,我想吃冰激凌🍦,1080,[等级2],[粉丝团 Lv2]
2026-05-13 22:17:33,4274497383826808,Serena,妹妹不想理你,[等级15],
2026-05-13 22:17:35,92188435408,Lu -,2敢不说话,[等级30],[粉丝团 Lv11]
2026-05-13 22:17:35,7433006812662613052,泽霖,1080,[等级20],[粉丝团 Lv6]
2026-05-13 22:17:36,7639074884061119537,海王（收藏版）🌹,老黑就是喜欢小姐姐[看],,
2026-05-13 22:17:37,99519056697,一二三k,哈哈哈,[等级7],[粉丝团 Lv8]
2026-05-13 22:17:37,1165901554266780,柠檬🐰,1080,[等级12],[粉丝团 Lv1]
2026-05-13 22:17:38,61861982355,๑҉ W·Oct¹⁸Libra🤍,就是不说话[捂脸],[等级19],[粉丝团 Lv12]
2026-05-13 22:17:41,104917868526,🌅,@老农民A1 所以叫张老黑吗,[等级7],[粉丝团 Lv8]
2026-05-13 22:17:44,394079141639065,P90,哈哈哈[捂脸]霸总语气,[等级2],[粉丝团 Lv2]
2026-05-13 22:17:45,200580296878250,ο▬▬▬◙▅▅▆▆▆▆◤千,你对2号真温柔啊,[等级7],[粉丝团 Lv10]
2026-05-13 22:17:45,104600621959,戒心,二号表示全局不用嗑药,[等级26],[粉丝团 Lv7]
2026-05-13 22:17:46,1068327325152855,菜地里的小白兔,小张怎么知道2号是女的,[等级12],
2026-05-13 22:17:49,2287430138602391,唯一的执着,又撩妹子[捂脸],[等级18],[粉丝团 Lv2]
2026-05-13 22:17:50,93184019293,乂氼,幼儿,[等级25],[粉丝团 Lv10]
2026-05-13 22:17:50,3544449118126824,爱吃醋的李,上演霸道总裁,[等级25],[粉丝团 Lv11]
2026-05-13 22:17:53,12681223719,小.馮,霸道总裁爱上打游戏的张老黑,[等级27],
2026-05-13 22:17:56,60846740521,Luna· Jade,默默的自己吃起了药,[等级13],[粉丝团 Lv4]
2026-05-13 22:17:57,12681223719,小.馮,霸道总裁爱上打游戏的张老黑,[等级27],
2026-05-13 22:18:00,3408098413512419,心静自然,抠脚大汉什么妹子,[等级30],[粉丝团 Lv11]
2026-05-13 22:18:05,1811588536875735,航航业业,右边有扑空,[等级7],[粉丝团 Lv8]
2026-05-13 22:18:10,71189357410,🙃🙃🙃,等二号倒了或者要保点就开始说话了,[等级14],[粉丝团 Lv10]
2026-05-13 22:18:23,12681223719,小.馮,霸道总裁爱上打游戏的张老黑,[等级27],
2026-05-13 22:18:35,3819026927860087,搁浅的鱼！！,有挣钱的活都带他们的好吧，给点装备咋了,[等级22],[粉丝团 Lv5]
2026-05-13 22:18:37,1838847804575764,老农民A1,@🌅 不，张老黑是她办赏金赛，别人到给他钱[捂脸][捂脸][捂脸]所以叫张老黑,[等级33],[粉丝团 Lv15]
2026-05-13 22:18:43,62632667532,小熊饼干,这腿晃得搞笑啊,[等级13],[粉丝团 Lv7]
2026-05-13 22:18:49,1121946249212045,菲MHp,滴个认真相处的小哥哥[打call],,
2026-05-13 22:18:55,2973499001939728,用户9188596257484,好装备配好的技术，才能发挥最大的效果,[等级8],
2026-05-13 22:18:57,93687105296,洛皮皮🐻‍❄️⁰⁵⁰³,大家帮 君雅♀️爆甜妹妹💃🏻点点赞❣️点点赞❣️点点赞💞💞💞上个100万赞👍👍👍,[等级40],[粉丝团:张君雅 Lv17]
2026-05-13 22:19:10,61303363390,华南城商办站斧浏览器Amber,[捂脸][捂脸][捂脸][捂脸]上,[等级30],[粉丝团 Lv13]
2026-05-13 22:19:13,104917868526,🌅,@老农民A1 6,[等级7],[粉丝团 Lv8]
2026-05-13 22:19:19,1903973222853821,方向,上[捂脸],,
2026-05-13 22:19:26,6472167828,顺城,你们先上[捂脸],[等级22],[粉丝团 Lv15]
2026-05-13 22:19:26,78267720770,龍⁵¹⁰⁷⁴,@老农民A1 你知道的太多了,[等级28],[粉丝团 Lv15]
2026-05-13 22:19:33,69084013934,🌸🌸,擦[捂脸],[等级6],[粉丝团 Lv7]
2026-05-13 22:19:41,99522832734,是有点蔡⁵¹⁰⁷⁴,都是雅,[等级32],[粉丝团 Lv16]
2026-05-13 22:19:41,84341855235,今天要早睡（不困）,一个角落呆俩人,[等级17],[粉丝团 Lv14]
2026-05-13 22:19:43,1972970651664173,萌 叔,木乃伊 终于找到   不好看地方就是腿不协调[捂脸][捂脸][捂脸][捂脸][捂脸][捂脸][捂脸],[等级33],[粉丝团 Lv16]
2026-05-13 22:19:47,1838847804575764,老农民A1,@龍⁵¹⁰⁷⁴ [捂脸][捂脸][捂脸],[等级33],[粉丝团 Lv15]
2026-05-13 22:19:48,4233546532927219,🉑🈶🉑🈚,@🌸🌸 妹妹温柔点,[等级20],[粉丝团 Lv10]
2026-05-13 22:19:52,51782197378,爱哭的鱼…,为什么今晚都在cpdd,[等级34],[粉丝团:张君雅 Lv15]
2026-05-13 22:19:53,61303363390,华南城商办站斧浏览器Amber,老演员了[捂脸][捂脸][捂脸],[等级30],[粉丝团 Lv13]
2026-05-13 22:19:53,2933109942650078,白撕不得骑姐,发财[比心][比心][比心][比心],[等级21],[粉丝团 Lv8]
2026-05-13 22:19:54,7567403286325478437,日行一善积大德，日行多善积积大大德,好肥,[等级10],[粉丝团 Lv10]
2026-05-13 22:20:00,1160678663794076,雾散。,吃饱了,[等级29],[粉丝团 Lv10]
2026-05-13 22:20:03,68179112233,克里斯～RONALDO,你们先上，我断后[捂脸][捂脸],[等级19],
2026-05-13 22:20:06,3175868363977623,洋  仔⁸⁰⁰⁸,大炮在手，天下我有[捂脸],[等级21],[粉丝团:张君雅 Lv12]
2026-05-13 22:20:07,106130605249,🇨🇳愿与愁ᴶᴹ✨,两个重叠在一起了吗[捂脸][捂脸][捂脸],[等级25],[粉丝团 Lv9]
2026-05-13 22:20:08,4233546532927219,🉑🈶🉑🈚,不可以鲁莽哦,[等级20],[粉丝团 Lv10]
2026-05-13 22:20:10,12681223719,小.馮,霸道总裁爱上打游戏的张老黑,[等级27],
2026-05-13 22:20:12,96656139763,🐳,主播今天生日,[等级17],
2026-05-13 22:20:14,534807919995907,沈黑娃,好人啊，好枪都替别人拿,[等级23],[粉丝团 Lv6]
2026-05-13 22:20:14,91664944267,A－潘胜,我帮你们拿了[发呆],[等级7],
2026-05-13 22:20:19,69084013934,🌸🌸,@🉑🈶🉑🈚 笑死我是你姐,[等级6],[粉丝团 Lv7]
2026-05-13 22:20:22,58620329844,你霉柿吧🐷,吻住,[等级12],[粉丝团 Lv4]
2026-05-13 22:20:27,2916326503629885,用户8869052474629,老黑女神差点嘎了,[等级16],
2026-05-13 22:20:39,1838847804575764,老农民A1,老黑今天说，有时间她开房间做节目，你们参加吗[捂脸][捂脸][捂脸],[等级33],[粉丝团 Lv15]
2026-05-13 22:20:42,7409694092488164412,一生一世亿双人,以身入局,[等级33],[粉丝团 Lv9]
2026-05-13 22:20:43,4233546532927219,🉑🈶🉑🈚,@🌸🌸 就是妹妹,[等级20],[粉丝团 Lv10]
2026-05-13 22:21:11,103217630695,爱吃米线的蜡笔小新,干他,[等级14],[粉丝团 Lv5]
2026-05-13 22:21:18,91628381802,云和运,[爱心][爱心][爱心][比心][比心][比心][比心][比心][赞][赞][赞][赞][赞][赞],[等级14],
2026-05-13 22:21:20,59135825781,周周周啊⁵¹⁰⁷⁴,这反应绝了👍,[等级13],[粉丝团 Lv11]
2026-05-13 22:21:22,103217630695,爱吃米线的蜡笔小新,你怕啥,[等级14],[粉丝团 Lv5]
2026-05-13 22:22:02,3047482674388180,菜场在逃肥鸡,哈哈哈同时丢雷,[等级13],[粉丝团 Lv7]
2026-05-13 22:22:11,254725766260168,云开,只会鬼鬼祟祟的偷人，一个人4个人都不敢冲因为一贴脸大概率就倒,[等级10],
2026-05-13 22:22:12,1121946249212045,菲MHp,Cp滴滴 [打call],,
2026-05-13 22:22:13,1433410145888648,龙,看不起你这么多人，打一个,[等级24],[粉丝团 Lv10]
2026-05-13 22:22:14,98579261230,ZiDoung₆₆₆6,1080,[等级15],[粉丝团 Lv4]
2026-05-13 22:22:18,1303393967546067,姜影拾光,谢宝庆啊谢宝庆,,
2026-05-13 22:22:19,1121946249212045,菲MHp,滴个认真相处的小哥哥,,
2026-05-13 22:22:19,99597413055,wonderjdhduub,雷对雷,[等级7],
2026-05-13 22:22:21,7409694092488164412,一生一世亿双人,@菜场在逃肥鸡 不在一个级别上,[等级33],[粉丝团 Lv9]
2026-05-13 22:22:23,77416951506,ら孤痞,@爱吃米线的蜡笔小新 她又不是神,[等级36],[粉丝团 Lv17]
2026-05-13 22:22:24,4162095481363833,mrtang,2号连打药都不会[捂脸][捂脸][捂脸],,
2026-05-13 22:22:26,84341855235,今天要早睡（不困）,你怎么下来掉这么少的血,[等级17],[粉丝团 Lv14]
2026-05-13 22:22:33,2897924883488636,:(•,1080,[等级5],[粉丝团 Lv2]
2026-05-13 22:22:35,103217630695,爱吃米线的蜡笔小新,上上上。你在后面[捂脸][捂脸][捂脸],[等级14],[粉丝团 Lv5]
2026-05-13 22:22:41,1121946249212045,菲MHp,处个cp 可以认真相互了解的[比心],,
2026-05-13 22:22:41,1433410145888648,龙,一点节目效果都没有,[等级24],[粉丝团 Lv10]
2026-05-13 22:22:45,99453358013,咸鱼干儿,？,[等级25],[粉丝团 Lv10]
2026-05-13 22:22:45,501823594569320,自在,2号很听话,[等级20],[粉丝团 Lv14]
2026-05-13 22:22:46,4233546532927219,🉑🈶🉑🈚,二号，搂紧哦,[等级20],[粉丝团 Lv10]
2026-05-13 22:22:47,99519056697,一二三k,男的,[等级7],[粉丝团 Lv8]
2026-05-13 22:22:52,1793999101495223,A·,男的,[等级2],
2026-05-13 22:22:53,3184604100702462,小泽.,新疆,[等级26],
2026-05-13 22:22:53,2916326503629885,用户8869052474629,看老黑打游戏就是爽[赞][赞][赞][赞][赞][赞],[等级16],
2026-05-13 22:22:57,394079141639065,P90,男的你开什么麦,[等级2],[粉丝团 Lv2]
2026-05-13 22:23:00,86562890288,ㅤ　 ㅤ顺利朱,[捂脸][捂脸][捂脸][捂脸],[等级20],[粉丝团 Lv11]
2026-05-13 22:23:00,88745690242,iiii,@菲MHp 我可以吗，雅姐老粉了[看],[等级11],
2026-05-13 22:23:00,61303363390,华南城商办站斧浏览器Amber,[赞][赞][赞][赞][赞],[等级30],[粉丝团 Lv13]
2026-05-13 22:23:01,4504813708,姜战,牛逼,[等级39],[粉丝团 Lv18]
2026-05-13 22:23:02,4503669836332557,栩多渝🌽⚡️🌙,牛逼牛逼牛逼牛逼,[等级11],[粉丝团 Lv10]
2026-05-13 22:23:06,93870435129,清风问归期,有一个空中倒了[捂脸][捂脸][捂脸],[等级17],[粉丝团 Lv10]
2026-05-13 22:23:07,67194033557,连连！,死亡飞车,[等级19],[粉丝团 Lv11]
2026-05-13 22:23:09,3962260748249928,正玺影视,飞天人？,[等级22],[粉丝团 Lv10]
2026-05-13 22:23:09,2190706767562894,楓୧⍤⃝🌊⃛𒅌꙳,@菲MHp 不打游戏的行不行,[等级18],[粉丝团 Lv14]
2026-05-13 22:23:11,99229601776,♛小菜鸟,哇塞，车在空中炸了[呲牙],[等级17],[粉丝团 Lv12]
2026-05-13 22:23:15,93169074503,縸藜,人都要飞起来了[捂脸],[等级18],[粉丝团 Lv11]
2026-05-13 22:23:15,1538906151990679,流年,又飞车特技[捂脸],[等级45],[粉丝团:张君雅 Lv15]
2026-05-13 22:23:15,51011709573323,往事如烟,车都打飞了,[等级28],[粉丝团 Lv9]
2026-05-13 22:23:16,88063609186,JyWr·,诚心的,[等级19],[粉丝团 Lv12]
2026-05-13 22:23:17,534807919995907,沈黑娃,第一个自救,[等级23],[粉丝团 Lv6]
2026-05-13 22:23:21,68179112233,克里斯～RONALDO,大老爷们别说话了[捂脸][捂脸],[等级19],
2026-05-13 22:23:21,1702489841494813,葫芦♬,[尬笑][尬笑][尬笑],[等级12],[粉丝团 Lv9]
2026-05-13 22:23:25,110280810124,茅台大傻哥,牛逼牛逼,[等级21],[粉丝团 Lv10]
2026-05-13 22:23:28,4862013350589,厉扑,这场景上把看过呢[捂脸],[等级21],[粉丝团 Lv11]
2026-05-13 22:23:30,2663432393593513,甜ル🍒,这车飞的好,[等级36],[粉丝团:张君雅 Lv5]
2026-05-13 22:23:31,4233546532927219,🉑🈶🉑🈚,就打了个自救还救起来了[捂脸],[等级20],[粉丝团 Lv10]
2026-05-13 22:23:31,104490949225,Yingjie,这种纯送,[等级10],[粉丝团 Lv2]
2026-05-13 22:23:32,106028942886,肆🌒月,飞起来,[等级29],[粉丝团 Lv11]
2026-05-13 22:23:33,7567403286325478437,日行一善积大德，日行多善积积大大德,真惨呐,[等级10],[粉丝团 Lv10]
2026-05-13 22:23:34,88063609186,JyWr·,被你狙下来了,[等级19],[粉丝团 Lv12]
2026-05-13 22:23:36,2576845188893629,@雨星,车飞了66,,
2026-05-13 22:23:38,102668856354,外墙装饰线条，水泥罗马柱栏杆,太残暴了,[等级20],[粉丝团 Lv8]
2026-05-13 22:23:39,95995985667,、小蛋🥚,假装妹妹,[等级14],
2026-05-13 22:23:45,104499992061,北苑吴彦祖,土匪啊土匪,[等级5],[粉丝团 Lv3]
2026-05-13 22:23:50,3852291762041080,光头有点闲,突然来一队,[等级14],[粉丝团 Lv13]
2026-05-13 22:23:50,66769450054,爱做饭的美术老师会摄影,阿达西,[等级26],[粉丝团 Lv5]
2026-05-13 22:23:52,2858358405342999,徒步新疆🇨🇳²⁰²⁶,这车🚗人死的太惨了，还偷一手,[等级18],[粉丝团 Lv10]
2026-05-13 22:23:53,7409694092488164412,一生一世亿双人,我的cp 甜儿优先 其他的暂时不考虑,[等级33],[粉丝团 Lv9]
2026-05-13 22:23:54,71126905166,抖音小肋手,直播间上方👆展馆滑动[爱心]有主播充能[感谢][感谢]大家看直播能免费[爱心]给主播君雅充能[爱心],[等级10],[粉丝团 Lv10]
2026-05-13 22:23:54,7567403286325478437,日行一善积大德，日行多善积积大大德,这搞不好是窥屏过来的，结果还没跑到[捂脸],[等级10],[粉丝团 Lv10]
2026-05-13 22:23:55,206319312452301,爱一,这里也有密室啊[呲牙][呲牙][呲牙],[等级13],[粉丝团 Lv9]
2026-05-13 22:23:58,71126905166,抖音小肋手,直播间上方👆展馆滑动[爱心]有主播充能[感谢][感谢]大家看直播能免费[爱心]给主播君雅充能[爱心],[等级10],[粉丝团 Lv10]
2026-05-13 22:24:05,97369239450,温度尚好,张老黑是不是你外号？,[等级7],[粉丝团 Lv1]
2026-05-13 22:24:14,4233546532927219,🉑🈶🉑🈚,二号搂的紧啊,[等级20],[粉丝团 Lv10]
2026-05-13 22:24:17,1945459114393435,·𝑺𝒎𝒊𝒍𝒆✦,立马不想带他了,[等级15],[粉丝团 Lv10]
2026-05-13 22:24:17,103442798670,夜...dz,这2号他哥的是个男的[捂脸][捂脸][666],[等级14],[粉丝团 Lv11]
2026-05-13 22:24:25,85931141960,北北林,手枪给局哥啊，爷们要战斗,[等级19],[粉丝团 Lv3]
2026-05-13 22:24:27,107662442756,老曾⁶¹⁷,@温度尚好 真名,[等级19],[粉丝团 Lv11]
2026-05-13 22:24:27,1453995430513568,多多赚钱,[666][666][666][666][666][666],[等级6],[粉丝团 Lv3]
2026-05-13 22:24:28,99318966461,威哥,你就适合打这种节奏，唯唯诺诺，畏首畏尾不适合你,[等级24],
2026-05-13 22:24:29,111519916804,最初的梦想✨,队友反应也好快啊,[等级9],[粉丝团 Lv3]
2026-05-13 22:24:30,1601357024344691,L eo,马上又要开始指挥官钥匙了[捂脸][捂脸][捂脸][捂脸][捂脸][捂脸],[等级19],[粉丝团 Lv11]
2026-05-13 22:24:30,11586016457,*,•,[等级6],[粉丝团 Lv5]
2026-05-13 22:24:34,71126905166,抖音小肋手,点粉丝团→一键送11个为你闪耀（陪伴之旅），完成后可多领很多很多亲密度→记得把星星都点开有亲密❤️❤,[等级10],[粉丝团 Lv10]
2026-05-13 22:24:36,1838847804575764,老农民A1,@温度尚好 不，是她的本名,[等级33],[粉丝团 Lv15]
2026-05-13 22:24:37,100634323321,沧海珍珑,就在水平的要什么吉利服[捂脸],[等级9],
2026-05-13 22:24:38,92461848227,煜,[捂脸][捂脸][捂脸][捂脸],[等级13],[粉丝团 Lv11]
2026-05-13 22:24:40,4233546532927219,🉑🈶🉑🈚,[捂脸][尬笑],[等级20],[粉丝团 Lv10]
2026-05-13 22:24:40,62886210038,_冇有,[捂脸][捂脸],[等级19],[粉丝团 Lv11]
2026-05-13 22:24:41,63197492648,Mr       刘,哪里大[捂脸],[等级24],
2026-05-13 22:24:42,1160678663794076,雾散。,这二号装的很深沉,[等级29],[粉丝团 Lv10]
2026-05-13 22:24:42,71126905166,抖音小肋手,陪伴之旅的点亮闪耀💡送一送，帮君雅完成100%💡点亮❣️❣️❣️完成后可领取更多亲密度❣️❣️❣️,[等级10],[粉丝团 Lv10]
2026-05-13 22:24:42,2201666492307559,慕容皓轩@,[捂脸][捂脸][捂脸],[等级16],[粉丝团 Lv11]
2026-05-13 22:24:43,67774983971,空格键-,[捂脸],[等级22],[粉丝团 Lv5]
2026-05-13 22:24:45,3303410640369453,赤月,队友延迟高,[等级12],[粉丝团 Lv7]
2026-05-13 22:24:46,852863455863725,Z无悔,老黑见不是妹妹就丢人拿车了[捂脸],[等级32],[粉丝团 Lv8]
2026-05-13 22:24:46,1313284358672692,广联达建模（王）,[大笑][黑脸][大笑][黑脸][大笑][黑脸],[等级16],[粉丝团 Lv6]
2026-05-13 22:24:48,826437088053463,随风而至,长大了,[等级18],[粉丝团 Lv11]
2026-05-13 22:24:48,1433410145888648,龙,看不起橘哥吗？,[等级24],[粉丝团 Lv10]
2026-05-13 22:24:48,101277257606,风的影子🧸,[捂脸][捂脸][捂脸][捂脸],[等级41],[粉丝团 Lv11]
2026-05-13 22:24:48,4233546532927219,🉑🈶🉑🈚,长多大[看][看],[等级20],[粉丝团 Lv10]
2026-05-13 22:24:50,3619235368280125,保护我方后義,哪里大？,[等级12],[粉丝团 Lv10]
2026-05-13 22:24:50,6965023697,云开日出,哪长大了[捂脸],[等级9],[粉丝团 Lv6]
2026-05-13 22:24:50,104689996186,白蛮—之刃,局哥专业开车,[等级33],[粉丝团 Lv8]
2026-05-13 22:24:50,2233801836346472,玉龙第三国的夜车,长大了？,[等级7],[粉丝团 Lv7]
2026-05-13 22:24:52,111185767942,嫂家热搜,驾照下来了,[等级19],[粉丝团 Lv12]
2026-05-13 22:24:52,106154257281,风中的胭脂味,哪里大了？,[等级4],[粉丝团 Lv2]
2026-05-13 22:24:53,74801492566,青禾影像-摄影师邵坤,今天局哥有机会坐老黑的马，搂老黑的腰了,[等级12],
2026-05-13 22:24:54,59958431840,钱多多🍸,真佩服君雅的记性，所有的密室都知道位置，我每次都要用营地工具[捂脸][捂脸][捂脸],[等级19],[粉丝团 Lv10]
2026-05-13 22:24:54,66704027389,怎么了123,懂事[捂脸],[等级12],[粉丝团 Lv1]
2026-05-13 22:24:54,75149210050,碎银解千愁,什么长大了,[等级9],[粉丝团 Lv7]
2026-05-13 22:24:56,4292907712645271,青春荒唐不负你,昨天毒死了,[等级12],[粉丝团 Lv11]
2026-05-13 22:24:57,3544449118126824,爱吃醋的李,指挥官密钥有什莫用啊？没摸到过,[等级25],[粉丝团 Lv11]
2026-05-13 22:25:01,98460975967,ەㅤㅤㅤㅤㅤㅤㅤㅤㅤ一个蛋🥚 ㅤㅤㅤㅤ,懂事了[看],[等级34],[粉丝团 Lv10]
2026-05-13 22:25:05,7639074884061119537,海王（收藏版）🌹,这车开的，猝不及防[看],,
2026-05-13 22:25:06,534807919995907,沈黑娃,局哥只要是你不要的装备他啥都喜欢,[等级23],[粉丝团 Lv6]
2026-05-13 22:25:09,4341326093232718,🍒🍒,看着了,[等级6],[粉丝团 Lv9]
2026-05-13 22:25:10,1601357024344691,L eo,@爱吃醋的李 开东西的[捂脸],[等级19],[粉丝团 Lv11]
2026-05-13 22:25:11,61291622127,谁还没年轻过⁵¹⁰⁷⁴,老黑亲自证明局哥长大啦,[等级16],[粉丝团 Lv14]
2026-05-13 22:25:12,78780549307,偌靉(安全员)99,这2号不说话但跟得上节奏,[等级21],[粉丝团 Lv10]
2026-05-13 22:25:13,62422853495,一起吃芝士嘛,老黑之前打的那个什么琪的号现在不打了吗,[等级11],[粉丝团 Lv5]
2026-05-13 22:25:16,54327626551,遇见丶,@钱多多🍸 这很难吗,[等级21],[粉丝团 Lv8]
2026-05-13 22:25:19,2704407724044788,匚亓,@钱多多🍸 你一天打八个小时，也会记得[看],[等级14],[粉丝团 Lv6]
2026-05-13 22:25:21,3548812902407180,aaay,为啥不是p90子弹,[等级2],
2026-05-13 22:25:25,61303363390,华南城商办站斧浏览器Amber,搂了老黑这么久的腰，最后才他哥的发现是个汉子[捂脸],[等级30],[粉丝团 Lv13]
2026-05-13 22:25:26,74630123724,【相约星期八】^_^,怪不得叫老黑,[等级23],
2026-05-13 22:25:26,864636619207405,微白ᬐ,菊哥威武,,
2026-05-13 22:25:26,92527554004,逸川爸比,？,[等级6],[粉丝团 Lv9]
2026-05-13 22:25:26,522992643489406,羔羔羔羔,马嘉祺,[等级27],[粉丝团 Lv6]
2026-05-13 22:25:28,1121946249212045,菲MHp,滴个认真相处的小哥哥[比心],,
2026-05-13 22:25:35,1121946249212045,菲MHp,Cpdd,,
2026-05-13 22:25:38,95876578799,✨澤 mó 吥 Tòu🍀✨,@一起吃芝士嘛 那是另外一个老板的号[比心],[等级23],[粉丝团 Lv11]
2026-05-13 22:25:38,4174188127722893,℘ོ劉妽嚒給妳•᷄এ、ℒ゜,昨天有个主播被毒死了谁知道叫什么[捂脸][捂脸][捂脸],[等级17],[粉丝团 Lv11]
2026-05-13 22:25:40,59958431840,钱多多🍸,@遇见丶 我感觉挺难的，[捂脸][捂脸][捂脸]记不住,[等级19],[粉丝团 Lv10]
2026-05-13 22:25:42,102368485919,A lonely person,老黑还是那么喜欢曲曲打工豹[捂脸],[等级12],
2026-05-13 22:25:42,93687105296,洛皮皮🐻‍❄️⁰⁵⁰³,大家帮 君雅♀️爆甜妹妹💃🏻点点赞❣️点点赞❣️点点赞💞💞💞上个100万赞👍👍👍,[等级40],[粉丝团:张君雅 Lv17]
2026-05-13 22:25:43,1442190503978511,越丑越好,刚才去出生岛，4把信号枪，被老六把船偷了,[等级13],
2026-05-13 22:25:54,97369239450,温度尚好,猫局直播间都是关于张老黑的传说,[等级7],[粉丝团 Lv1]
2026-05-13 22:25:59,54642780642,别闹，别问，别期待,@菲MHp 你看我行吗[害羞],[等级48],
2026-05-13 22:26:02,98460975967,ەㅤㅤㅤㅤㅤㅤㅤㅤㅤ一个蛋🥚 ㅤㅤㅤㅤ,@菲MHp 快快快,[等级34],[粉丝团 Lv10]
2026-05-13 22:26:24,4862013350589,厉扑,@越丑越好 我也被偷过船，直接嘎在岛上[捂脸],[等级21],[粉丝团 Lv11]
2026-05-13 22:26:35,335822352821127,握不住彼此的明天（农村啊呆哥）,[捂脸][捂脸][捂脸]两个倒霉鬼,[等级9],
2026-05-13 22:26:37,96032544562,老A先生🦅,好惨,[等级22],[粉丝团 Lv15]
2026-05-13 22:26:39,1433410145888648,龙,能不能带队友吃鸡？,[等级24],[粉丝团 Lv10]
2026-05-13 22:26:48,104917868526,🌅,@℘ོ劉妽嚒給妳•᷄এ、ℒ゜ 猫局吧,[等级7],[粉丝团 Lv8]
2026-05-13 22:26:50,78267720770,龍⁵¹⁰⁷⁴,@℘ོ劉妽嚒給妳•᷄এ、ℒ゜ 好像叫某局吧,[等级28],[粉丝团 Lv15]
2026-05-13 22:26:56,2858358405342999,徒步新疆🇨🇳²⁰²⁶,这俩人也倒霉，想捡空投被追着打[捂脸][捂脸][捂脸][捂脸],[等级18],[粉丝团 Lv10]
2026-05-13 22:27:00,94712520828,天宫,张屠夫,[等级32],[粉丝团 Lv10]
2026-05-13 22:27:04,3628026859366756,L@H,太残暴了,[等级18],
2026-05-13 22:27:06,97369239450,温度尚好,听指挥吃鸡没问题,[等级7],[粉丝团 Lv1]
2026-05-13 22:27:06,2008152259705040,汉、歼的审判者,@汪汪小汪 [抱抱你][抱抱你][抱抱你],[等级15],[粉丝团 Lv12]
2026-05-13 22:27:06,68270825715,等.,有信号枪打个蟑螂车不也能进圈,[等级13],[粉丝团 Lv9]
2026-05-13 22:27:09,93687105296,洛皮皮🐻‍❄️⁰⁵⁰³,@汪汪小汪 谢谢大哥[比心][比心][比心][比心][比心][比心],[等级40],[粉丝团:张君雅 Lv17]
2026-05-13 22:27:09,61957369647,醉后的冲动,只是在人群中多看了你一眼,[等级16],
2026-05-13 22:27:12,61377608210,别太晚睡,叫尿局,[等级12],[粉丝团 Lv11]
2026-05-13 22:27:13,1702489841494813,葫芦♬,过来瞄一眼就嘎了[捂脸],[等级12],[粉丝团 Lv9]
2026-05-13 22:27:13,93687105296,洛皮皮🐻‍❄️⁰⁵⁰³,大家帮 君雅♀️爆甜妹妹💃🏻点点赞❣️点点赞❣️点点赞💞💞💞上个100万赞👍👍👍,[等级40],[粉丝团:张君雅 Lv17]
2026-05-13 22:27:18,3944673150763331,/一起追日落吧,@天塌下来当被盖,,
2026-05-13 22:27:21,98714916130,心碎_也完美、,大家晚上好,[等级11],[粉丝团 Lv9]
2026-05-13 22:27:25,78016969370,未知。。。,就是条狗路过都得挨两脚[捂脸][捂脸][捂脸],[等级15],[粉丝团 Lv8]
2026-05-13 22:27:25,96362561751,一生有你,海岛推土机,[等级12],[粉丝团 Lv11]
2026-05-13 22:27:26,7567403286325478437,日行一善积大德，日行多善积积大大德,真是人见杀人，佛见杀佛,[等级10],[粉丝团 Lv10]
2026-05-13 22:27:27,1486147019607023,悲伤𝙂𝙂爆.,@别闹，别问，别期待 我来滴一个哥哥,[等级10],
2026-05-13 22:27:29,781087542879098,知珩,搜一下G港,[等级20],[粉丝团 Lv4]
2026-05-13 22:27:30,99662358907,烈火,太残暴了，人家只是看看空投,[等级19],[粉丝团 Lv2]
2026-05-13 22:27:33,4233546532927219,🉑🈶🉑🈚,🌸🌸想你了[看],[等级20],[粉丝团 Lv10]
2026-05-13 22:27:39,109981986620,半度～浅夏,这游戏玩的，眼睛都要瞎了,[等级9],
2026-05-13 22:27:43,4503669836332557,栩多渝🌽⚡️🌙,一起点赞,[等级11],[粉丝团 Lv10]
2026-05-13 22:27:48,85931141960,北北林,手枪不给局哥吗,[等级19],[粉丝团 Lv3]
2026-05-13 22:27:56,110895971722,一个人挺好…👿,张老黑现在武器齐了,[等级24],[粉丝团 Lv8]
2026-05-13 22:28:06,1486147019607023,悲伤𝙂𝙂爆.,不会玩看着挺刺激,[等级10],
2026-05-13 22:28:08,69084013934,🌸🌸,@🉑🈶🉑🈚 想想你爸妈吧[捂脸],[等级6],[粉丝团 Lv7]
2026-05-13 22:28:21,93687105296,洛皮皮🐻‍❄️⁰⁵⁰³,大家帮 君雅♀️爆甜妹妹💃🏻点点赞❣️点点赞❣️点点赞💞💞💞上个100万赞👍👍👍,[等级40],[粉丝团:张君雅 Lv17]
2026-05-13 22:28:24,64886519358,知意,马路是不是有人,[等级14],
2026-05-13 22:28:27,2129109692727048,8023,老黑,[等级17],[粉丝团 Lv10]
2026-05-13 22:28:31,4233546532927219,🉑🈶🉑🈚,@🌸🌸 [看]好好说话,[等级20],[粉丝团 Lv10]
2026-05-13 22:28:33,1160678663794076,雾散。,@🌸🌸 有些残忍了[捂脸],[等级29],[粉丝团 Lv10]
2026-05-13 22:28:45,92910492585,哎呦喂,[比心][比心][比心],[等级8],[粉丝团 Lv9]
2026-05-13 22:28:52,1947926994888779,问道，,找点我都是蹲着或者趴着，打的好的都是跳来跳去。,[等级14],[粉丝团 Lv10]
2026-05-13 22:28:53,597743335638139,沐辰,密钥活动是不是又要开始了,[等级6],[粉丝团 Lv7]
2026-05-13 22:28:58,104917868526,🌅,50年单身,[等级7],[粉丝团 Lv8]
2026-05-13 22:29:01,63823638541,有你任性,[比心][比心][比心],[等级20],[粉丝团 Lv11]
2026-05-13 22:29:03,51169770322,🍀兰兰🍀,他已经单身了好多年了,[等级15],
2026-05-13 22:29:04,96905345668,🌈97,战神多少分了,[等级19],
2026-05-13 22:29:07,61957369647,醉后的冲动,已经秃头了还要人家单身 太毒了,[等级16],
2026-05-13 22:29:08,360271582075095,我嘛,这距离  五年,[等级12],[粉丝团 Lv5]
2026-05-13 22:29:08,70398644609,洪✨★ooO,现在和平精英快凉了，也就老黑一个人撑起来，热度帮好几个小时都是榜一,[等级16],[粉丝团 Lv12]
2026-05-13 22:29:12,102751909277,安安静静的美好,细节闭麦,[等级12],
2026-05-13 22:29:18,61303363390,华南城商办站斧浏览器Amber,猫局连头皮都脱几层了[看][看],[等级30],[粉丝团 Lv13]
2026-05-13 22:29:18,100515465222,✨甜憨憨吖🌈,几辈子了都,[等级8],[粉丝团 Lv2]
2026-05-13 22:29:20,93703443218,꧁꫞影子꫞꧂,这辈子都不会去打晋级赛了，已疯,[等级23],[粉丝团 Lv13]
2026-05-13 22:29:20,2238239079928174,身份暴露了,太狠了，50年,[等级16],[粉丝团 Lv12]
2026-05-13 22:29:20,72813485275,皮皮皮,烫手,[等级20],[粉丝团 Lv15]
2026-05-13 22:29:21,93687105296,洛皮皮🐻‍❄️⁰⁵⁰³,大家帮 君雅♀️爆甜妹妹💃🏻点点赞❣️点点赞❣️点点赞💞💞💞上个100万赞👍👍👍,[等级40],[粉丝团:张君雅 Lv17]
2026-05-13 22:29:21,6965023697,云开日出,[捂脸][捂脸][捂脸],[等级9],[粉丝团 Lv6]
2026-05-13 22:29:24,58779130570,🌈盛夏的风微微凉🌻,[捂脸],[等级15],
2026-05-13 22:29:24,108756856233,殷澍锴,局哥的单身时间已经被换掉800年了,[等级4],[粉丝团 Lv3]
2026-05-13 22:29:24,534807919995907,沈黑娃,你说的自己信不,[等级23],[粉丝团 Lv6]
2026-05-13 22:29:26,98878505737,杰.,心里美滋滋,,
2026-05-13 22:29:30,98095182081,手握风云★,用二十年张君雅没老公换[捂脸][捂脸][捂脸],[等级20],[粉丝团 Lv2]
2026-05-13 22:29:31,104917868526,🌅,[捂脸],[等级7],[粉丝团 Lv8]
2026-05-13 22:29:38,3913913666903720,太阳☀,已经秃头了，还要局哥单身50年？,[等级41],[粉丝团 Lv13]
2026-05-13 22:29:41,3544473905937592,全有,你就怕队友不救你[捂脸][捂脸],[等级25],[粉丝团 Lv6]
2026-05-13 22:29:41,175538554811668,花样男,张大神把你的键位码发一下呗,[等级15],[粉丝团 Lv8]
2026-05-13 22:29:41,110895971722,一个人挺好…👿,@皮皮皮 你认为老黑会烫手[呲牙][呲牙],[等级24],[粉丝团 Lv8]
2026-05-13 22:29:53,175538554811668,花样男,张大神把你的键位码发一下呗,[等级15],[粉丝团 Lv8]
2026-05-13 22:29:55,60527757013,奶思兔咪邱女士～❤️,局哥这辈子毁在你手上了[捂脸][捂脸],[等级22],[粉丝团 Lv11]
2026-05-13 22:29:56,96137590156,一颗小元宝,和平精英为啥凉这么厉害[捂脸]我感觉挺好玩的啊,[等级4],[粉丝团 Lv3]
2026-05-13 22:30:00,54625816075,最后一份天真,这咒好毒。五十年就是不死，也不能干了[呲牙],[等级21],
2026-05-13 22:30:06,3544473905937592,全有,队友对p90垂涎已久[捂脸][捂脸],[等级25],[粉丝团 Lv6]
2026-05-13 22:30:21,2647250326534312,一别两宽,都这么肥了！还砸脸[看],[等级19],[粉丝团 Lv12]
2026-05-13 22:30:28,61957369647,醉后的冲动,看来局哥这辈子只能打手枪了,[等级16],
2026-05-13 22:30:37,104102554150,0.1%,主播，咨询一下，你在空中标注了空投，标的点怎么就显示在地上了？,[等级3],
2026-05-13 22:30:41,2973499001939728,用户9188596257484,快走,[等级8],
2026-05-13 22:30:44,1838847804575764,老农民A1,@洪✨★ooO 所以为什么请他去解说比赛呢，就是因为她一直直播游戏,[等级33],[粉丝团 Lv15]
2026-05-13 22:30:45,61688982496,。。。，,大炮不能分一下吗^_^,[等级6],
2026-05-13 22:30:47,84341855235,今天要早睡（不困）,四十多发大炮子弹,[等级17],[粉丝团 Lv14]
2026-05-13 22:30:51,175538554811668,花样男,张大神把你的键位码发一下呗,[等级15],[粉丝团 Lv8]
2026-05-13 22:30:55,96362561751,一生有你,太肥了容易嘎,[等级12],[粉丝团 Lv11]
2026-05-13 22:30:55,522992643489406,羔羔羔羔,@0.1% 点两下,[等级27],[粉丝团 Lv6]
2026-05-13 22:31:00,60495695213,赚钱买猫粮的11,@0.1% 问下豆包,[等级13],[粉丝团 Lv6]
2026-05-13 22:31:01,51547085821,噗噗-,-,[等级9],[粉丝团 Lv10]
2026-05-13 22:31:03,71126905166,抖音小肋手,点粉丝团→一键送11个为你闪耀（陪伴之旅），完成后可多领很多很多亲密度→记得把星星都点开有亲密❤️❤,[等级10],[粉丝团 Lv10]
2026-05-13 22:31:03,4503658257446344,🥐cornetto,局哥  你要假发不,[等级41],[粉丝团 Lv6]
2026-05-13 22:31:04,71533879276,懒得起名字,@0.1% 连点两下,[等级15],[粉丝团 Lv8]
2026-05-13 22:31:05,4267665647482208,沐心檀香业厂,谁打信号枪谁先死,,
2026-05-13 22:31:06,106646085673,无期,@0.1% 连点两下,[等级13],[粉丝团 Lv9]
2026-05-13 22:31:08,59250145536,吹吹风.,这个怼友口音有点像新疆羊肉串[看][看][看],[等级12],[粉丝团 Lv3]
2026-05-13 22:31:08,71126905166,抖音小肋手,陪伴之旅的点亮闪耀💡送一送，帮君雅完成100%💡点亮❣️❣️❣️完成后可领取更多亲密度❣️❣️❣️,[等级10],[粉丝团 Lv10]
2026-05-13 22:31:13,95575139431,谢,@0.1% 连续标两下,[等级14],
2026-05-13 22:31:16,78267720770,龍⁵¹⁰⁷⁴,@0.1% 你标点也是在地上的,[等级28],[粉丝团 Lv15]
2026-05-13 22:31:17,95876578799,✨澤 mó 吥 Tòu🍀✨,@0.1% 去和平营地设置里面,[等级23],[粉丝团 Lv11]
2026-05-13 22:31:24,1878401020081576,猫抓板GET,@0.1% 开最新标记点,[等级9],[粉丝团 Lv10]
2026-05-13 22:31:34,75244161187,洋八🚲🚲,@0.1% 设置里边   标点  进阶,[等级12],[粉丝团 Lv7]
2026-05-13 22:31:34,3135461416250670,蜜桃啵啵奶茶,怎么看有没有自救啊,[等级11],[粉丝团 Lv1]
2026-05-13 22:31:54,4233546532927219,🉑🈶🉑🈚,啊……,[等级20],[粉丝团 Lv10]
2026-05-13 22:32:07,360271582075095,我嘛,@蜜桃啵啵奶茶 用眼睛看[比心],[等级12],[粉丝团 Lv5]
2026-05-13 22:32:11,3416904449131387,🌈羊肉汤,@一颗小元宝 陪玩队太多 晋级赛难打,[等级22],
2026-05-13 22:32:16,71797258648,哈少,爆炸弓削弱了多少？,[等级19],[粉丝团 Lv2]
2026-05-13 22:32:18,7431219158149104699,养只小猫叫Ruby,@蜜桃啵啵奶茶 名字后面有没有小爱心,[等级2],[粉丝团 Lv1]
2026-05-13 22:32:21,98714916130,心碎_也完美、,@蜜桃啵啵奶茶 打倒提示后面红色碎心,[等级11],[粉丝团 Lv9]
2026-05-13 22:32:21,106356236736,🈺华恒家具,@蜜桃啵啵奶茶 打人播报有红心,[等级14],[粉丝团 Lv5]
2026-05-13 22:32:22,63800656091,只吃一口口,@蜜桃啵啵奶茶 后面有个红心,[等级18],
2026-05-13 22:32:23,97806080834,🚬ღ᭄辭ꦿ࿐,感谢老板,[等级21],[粉丝团 Lv15]
2026-05-13 22:32:23,2763506534587609,梧桐树,@蜜桃啵啵奶茶 倒地以后名字后面有爱心,,
2026-05-13 22:32:25,96395406876893,K*,山上有吗,,
2026-05-13 22:32:25,95047055540,歲鈅,打倒有个红色的小心心,[等级22],[粉丝团 Lv2]
2026-05-13 22:32:26,71126905166,抖音小肋手,@锦程 谢谢老板,[等级10],[粉丝团 Lv10]
2026-05-13 22:32:27,108455954648,哒哒嘿,4080,[等级14],[粉丝团 Lv4]
2026-05-13 22:32:28,175538554811668,花样男,张大神把你的键位码发一下呗,[等级15],[粉丝团 Lv8]
2026-05-13 22:32:28,135949352450375,想不出名字,灭队的,[等级10],[粉丝团 Lv10]
2026-05-13 22:32:28,2008152259705040,汉、歼的审判者,@锦程 [抱抱你][抱抱你][抱抱你],[等级15],[粉丝团 Lv12]
2026-05-13 22:32:28,294260830112156,XJ,灭队,[等级8],[粉丝团 Lv10]
2026-05-13 22:32:28,53599471470,A-svvv.,@蜜桃啵啵奶茶 名字后面有小心心,[等级18],[粉丝团 Lv11]
2026-05-13 22:32:31,3266015749480475,渣男,灭队,[等级22],[粉丝团 Lv11]
2026-05-13 22:32:32,84856181685,微,左边有个马,[等级17],
2026-05-13 22:32:32,97600677185,晓乔治ovo,灭队的,[等级38],[粉丝团 Lv12]
2026-05-13 22:32:33,3135461416250670,蜜桃啵啵奶茶,@养只小猫叫Ruby 哦哦  谢谢,[等级11],[粉丝团 Lv1]
2026-05-13 22:32:33,2755815537915587,欧阳༒,1,[等级7],[粉丝团 Lv3]
2026-05-13 22:32:34,81922832250,心之所向 (-^〇^-),灭队,[等级12],[粉丝团 Lv11]
2026-05-13 22:32:35,69549195417,久睡成瘾,灭队了,[等级26],[粉丝团 Lv8]
2026-05-13 22:32:36,4301762278996350,🌈鲨鱼辣椒,山上有马,[等级9],
2026-05-13 22:32:36,200580296878250,ο▬▬▬◙▅▅▆▆▆▆◤千,灭队,[等级7],[粉丝团 Lv10]
2026-05-13 22:32:36,3556241533049927,依然想着你,@蜜桃啵啵奶茶 倒了，后面有个红色的标,[等级15],[粉丝团 Lv7]
2026-05-13 22:32:37,4321256286,有幸遇见妳,灭对了,[等级20],[粉丝团 Lv8]
2026-05-13 22:32:38,96891965217,清风.,谁抽你,[等级19],
2026-05-13 22:32:39,2717624768666167,玖柒,灭队de,[等级2],
2026-05-13 22:32:40,66769450054,爱做饭的美术老师会摄影,灭队,[等级26],[粉丝团 Lv5]
2026-05-13 22:32:40,70160221410,ঞ别碰ꦿ勿扰꧔ꦿꦿ᭄,灭队,[等级7],
2026-05-13 22:32:43,94712520828,天宫,用手抽的还是皮带抽的[捂脸],[等级32],[粉丝团 Lv10]
2026-05-13 22:32:46,4503658257446344,🥐cornetto,去玩几把就知道了  有没有这么问,[等级41],[粉丝团 Lv6]
2026-05-13 22:32:53,78267720770,龍⁵¹⁰⁷⁴,@蜜桃啵啵奶茶 打倒人名字后面🈶个小心心,[等级28],[粉丝团 Lv15]
2026-05-13 22:32:55,380881911154506,｛千城墨白｝,不是菊部了？,[等级7],[粉丝团 Lv9]
2026-05-13 22:32:55,3913913666903720,太阳☀,从来没有玩过这个游戏的，看得懂吗？,[等级41],[粉丝团 Lv13]
2026-05-13 22:33:05,3135461416250670,蜜桃啵啵奶茶,了解了，谢谢科普,[等级11],[粉丝团 Lv1]
2026-05-13 22:33:05,64551259866,ᦦ🐎¹⁹⁹⁰㋂㏶王℘࿐ᩚ,干狮房的,[等级21],
2026-05-13 22:33:10,1895154147667383,拒绝者,这是什么游戏,[等级18],[粉丝团 Lv6]
2026-05-13 22:33:15,94940522926,岸上的鱼,因为挂太多，玩的人就少了,[等级17],
2026-05-13 22:33:16,4233546532927219,🉑🈶🉑🈚,@蜜桃啵啵奶茶 一起玩，我教你呀,[等级20],[粉丝团 Lv10]
2026-05-13 22:33:18,3573825154854160,我想回农村🐭,@天宫 先用手抽累了，才用皮带抽[捂脸][捂脸][捂脸],[等级10],
2026-05-13 22:33:18,4164567745964686,帕·拉,这狙下来看你怎么解释,[等级26],[粉丝团 Lv11]
2026-05-13 22:33:24,470219582866307,忻安,牛逼,[等级17],[粉丝团 Lv15]
2026-05-13 22:33:31,4503658257446344,🥐cornetto,@拒绝者超级玛丽,[等级41],[粉丝团 Lv6]
2026-05-13 22:33:31,102469975321,✨名门⭐️,还吃[尬笑][尬笑][尬笑],[等级19],[粉丝团 Lv15]
2026-05-13 22:33:32,59252253998,城南花已败。,有款游戏越打越年轻…,[等级25],
2026-05-13 22:33:33,95444653417,田鼠先生,牛而逼之[比心],[等级1],
2026-05-13 22:33:34,1972970651664173,萌 叔,@拒绝者 穿越火线,[等级33],[粉丝团 Lv16]
2026-05-13 22:33:37,99662358907,烈火,人家过路啊,[等级19],[粉丝团 Lv2]
2026-05-13 22:33:45,80383016930,零度°C 冰川⁵¹⁰⁷⁴,[捂脸][捂脸][捂脸],[等级11],[粉丝团 Lv11]
2026-05-13 22:33:50,10350113338041,用户2773121987711,[捂脸][捂脸][捂脸],,
2026-05-13 22:33:52,73664899616,浙G-大叔,刘国艳你老公叫你,[等级24],
2026-05-13 22:33:52,76133959662,@等风起,@岸上的鱼 不是挂太多是因为越来越花里胡哨自然很多老玩家就退了,[等级14],[粉丝团 Lv8]
2026-05-13 22:33:54,99519056697,一二三k,过路,[等级7],[粉丝团 Lv8]
2026-05-13 22:33:57,10350113338041,用户2773121987711,[色][抠鼻][色],,
2026-05-13 22:34:00,1895154147667383,拒绝者,我下载怎么是QQ飞车,[等级18],[粉丝团 Lv6]
2026-05-13 22:34:03,2916326503629885,用户8869052474629,P90子弹,[等级16],
2026-05-13 22:34:08,101216605639,鲁鹏,来我直播间,[等级2],
2026-05-13 22:34:13,64028433344,ZY.,这是我的包,[等级10],
2026-05-13 22:34:13,84341855235,今天要早睡（不困）,吃不完，根本吃不完,[等级17],[粉丝团 Lv14]
2026-05-13 22:34:15,109756665406,ᑮéиg宝🧸ོ,别吃啦[捂脸],[等级29],[粉丝团 Lv12]
2026-05-13 22:34:15,102469975321,✨名门⭐️,打的完吗？[尬笑][尬笑][尬笑],[等级19],[粉丝团 Lv15]
2026-05-13 22:34:16,61303363390,华南城商办站斧浏览器Amber,[捂脸][捂脸][捂脸][捂脸][捂脸],[等级30],[粉丝团 Lv13]
2026-05-13 22:34:17,64028433344,ZY.,[捂脸],[等级10],
2026-05-13 22:34:20,93014642999,🌈南山楠,太肥了,[等级11],[粉丝团 Lv10]
2026-05-13 22:34:20,3913913666903720,太阳☀,别舔了，吃不下,[等级41],[粉丝团 Lv13]
2026-05-13 22:34:21,103149346251,时光会咬人。。,真肥啊，,[等级16],[粉丝团 Lv11]
2026-05-13 22:34:24,83508609971,Contentment,太肥了,[等级2],
2026-05-13 22:34:24,72179010645,✨三十六,[捂脸],[等级25],[粉丝团 Lv10]
2026-05-13 22:34:25,93421569511,吃串串的喵,[捂脸][捂脸][捂脸],[等级2],[粉丝团 Lv4]
2026-05-13 22:34:26,97963845411,温暖的光,[捂脸][捂脸],[等级22],[粉丝团 Lv1]
2026-05-13 22:34:27,93703443218,꧁꫞影子꫞꧂,[捂脸][捂脸][捂脸][捂脸][捂脸],[等级23],[粉丝团 Lv13]
2026-05-13 22:34:27,3047482674388180,菜场在逃肥鸡,好肥,[等级13],[粉丝团 Lv7]
2026-05-13 22:34:28,92803003327966,🚢🚀🚀🚀,没人了，还，，，,[等级4],[粉丝团 Lv4]
2026-05-13 22:34:28,4233546532927219,🉑🈶🉑🈚,[捂脸][尬笑],[等级20],[粉丝团 Lv10]
2026-05-13 22:34:28,200580296878250,ο▬▬▬◙▅▅▆▆▆▆◤千,太费了,[等级7],[粉丝团 Lv10]
2026-05-13 22:34:29,99229601776,♛小菜鸟,那么肥了还在捡包[捂脸],[等级17],[粉丝团 Lv12]
2026-05-13 22:34:29,89947002312,人行道诸事顺遂,进圈吧,[等级8],
2026-05-13 22:34:30,3377290333127367,开水煮菜椒,别吃了[捂脸],[等级2],[粉丝团 Lv6]
2026-05-13 22:34:30,78317054276,🚶🏻大麟,都不要,[等级11],
2026-05-13 22:34:32,59260357003,✨罗某某✨,捡着下一把打,[等级18],[粉丝团 Lv11]
2026-05-13 22:34:32,51011709573323,往事如烟,局哥只管自己的,[等级28],[粉丝团 Lv9]
2026-05-13 22:34:36,95114696630,楠De小雨天气💦,把盒子搬回去啊[捂脸][捂脸][捂脸][捂脸],[等级19],[粉丝团 Lv7]
2026-05-13 22:34:37,4503658257446344,🥐cornetto,卖不掉了老黑  走吧,[等级41],[粉丝团 Lv6]
2026-05-13 22:34:38,104490949225,Yingjie,太肥了就是快递,[等级10],[粉丝团 Lv2]
2026-05-13 22:34:38,93421569511,吃串串的喵,还吃[捂脸][捂脸],[等级2],[粉丝团 Lv4]
2026-05-13 22:34:40,108980894587,華༒,吃吐了都,[等级23],[粉丝团 Lv13]
2026-05-13 22:34:40,95114696630,楠De小雨天气💦,把盒子搬回去啊[捂脸][捂脸][捂脸][捂脸],[等级19],[粉丝团 Lv7]
2026-05-13 22:34:41,96523524558,W♥ZJ,肥的不想走了,[等级24],
2026-05-13 22:34:42,501823594569320,自在,太肥了,[等级20],[粉丝团 Lv14]
2026-05-13 22:34:44,95114696630,楠De小雨天气💦,把盒子搬回去啊[捂脸][捂脸][捂脸][捂脸],[等级19],[粉丝团 Lv7]
2026-05-13 22:34:44,100250134080,凯,开车来把盒子放车上,[等级19],[粉丝团 Lv15]
2026-05-13 22:34:46,99519056697,一二三k,真肥啊,[等级7],[粉丝团 Lv8]
2026-05-13 22:34:48,95114696630,楠De小雨天气💦,把盒子搬回去啊[捂脸][捂脸][捂脸][捂脸],[等级19],[粉丝团 Lv7]
2026-05-13 22:34:49,60527757013,奶思兔咪邱女士～❤️,吃撑了都,[等级22],[粉丝团 Lv11]
2026-05-13 22:34:49,59958431840,钱多多🍸,只剩这点人了，捡那么多没用啊[捂脸],[等级19],[粉丝团 Lv10]
2026-05-13 22:34:49,4142569167522718,秋风雨夜,箱子扛着走,[等级10],[粉丝团 Lv4]
2026-05-13 22:34:52,102469975321,✨名门⭐️,带个行李箱吧！,[等级19],[粉丝团 Lv15]
2026-05-13 22:34:55,1508977924900520,I don't care,盒子对于女人的诱惑力很大的，,[等级28],
2026-05-13 22:34:56,101592341830,多多西,回来,[等级4],[粉丝团 Lv4]
2026-05-13 22:34:58,75652282317,m,70发大炮子弹[捂脸],[等级7],[粉丝团 Lv10]
2026-05-13 22:34:58,2840776176057645,F2,下把开个物资车吧[捂脸],[等级25],[粉丝团 Lv13]
2026-05-13 22:35:03,97204597780,小小小小小小小鸟,他要毒死信不信,[等级17],[粉丝团 Lv3]
2026-05-13 22:35:13,2016946464491402,胖猫,猫局，还是最流弊,[等级8],[粉丝团 Lv5]
2026-05-13 22:35:16,4503658257446344,🥐cornetto,皮卡  运输兵,[等级41],[粉丝团 Lv6]
2026-05-13 22:35:22,73647036676,捣蛋熊,@楠De小雨天气💦 骑马扛着盒子吗,[等级20],[粉丝团 Lv12]
2026-05-13 22:35:26,3175868363977623,洋  仔⁸⁰⁰⁸,敷衍[捂脸],[等级21],[粉丝团:张君雅 Lv12]
2026-05-13 22:35:30,4233546532927219,🉑🈶🉑🈚,滴个少妇这么难吗？,[等级20],[粉丝团 Lv10]
2026-05-13 22:35:31,2798671553367552,⋅,一百个太少了吧,[等级17],
2026-05-13 22:35:32,111480308764,锦程,嘘,[等级31],[粉丝团 Lv15]
2026-05-13 22:35:33,175538554811668,花样男,张大神把你的键位码发一下呗,[等级15],[粉丝团 Lv8]
2026-05-13 22:35:34,294322844736680,G.E.M.,张老黑 为啥我就匹配不到你,[等级16],
2026-05-13 22:35:34,107662442756,老曾⁶¹⁷,又想起夏日哥了[捂脸],[等级19],[粉丝团 Lv11]
2026-05-13 22:35:35,67851755535,淳1,这局大家都很肥[赞][赞],[等级9],[粉丝团 Lv11]
2026-05-13 22:35:36,1367424884027159,怼你难受,老板谢谢你[捂脸][捂脸],[等级21],[粉丝团 Lv10]
2026-05-13 22:35:36,73664899616,浙G-大叔,刘国艳你老公叫你,[等级24],
2026-05-13 22:35:37,59260357003,✨罗某某✨,以后别骑马了，开物质车才跟你适配,[等级18],[粉丝团 Lv11]
2026-05-13 22:35:38,3544473905937592,全有,淘汰王才是最牛逼的[呲牙],[等级25],[粉丝团 Lv6]
2026-05-13 22:35:40,10350113338041,用户2773121987711,好玩好玩,,
2026-05-13 22:35:42,97963845411,温暖的光,捡不下好可惜[捂脸][捂脸],[等级22],[粉丝团 Lv1]
2026-05-13 22:35:48,681328012439959,芳村～大支嘢,祝老板生10个儿子才是硬道理,[等级5],
2026-05-13 22:35:49,71126905166,抖音小肋手,直播间上方👆展馆滑动[爱心]有主播充能[感谢][感谢]大家看直播能免费[爱心]给主播君雅充能[爱心],[等级10],[粉丝团 Lv10]
2026-05-13 22:35:52,96005113653,山海声,这年头刷礼物还要被老黑诅咒[捂脸][捂脸],[等级23],[粉丝团 Lv5]
2026-05-13 22:36:00,2364429434360784,陪她终老。,这是什么游戏,[等级9],[粉丝团 Lv2]
2026-05-13 22:36:03,70398644609,洪✨★ooO,猫局在等几天又可以出个爷们要战斗的视频了[捂脸][捂脸][捂脸],[等级16],[粉丝团 Lv12]
2026-05-13 22:36:09,1838847804575764,老农民A1,主要是，[捂脸][捂脸][捂脸]谁给老板生,[等级33],[粉丝团 Lv15]
2026-05-13 22:36:14,175538554811668,花样男,张大神把你的键位码发一下呗,[等级15],[粉丝团 Lv8]
2026-05-13 22:36:16,3413334368722349,小阿悄,@陪她终老。 植物大战僵尸[捂脸],[等级15],[粉丝团 Lv11]
2026-05-13 22:36:17,93032203992,秀儿⁵¹⁰⁷⁴,@陪她终老。 消消乐,[等级19],[粉丝团 Lv12]
2026-05-13 22:36:17,10350113338041,用户2773121987711,呼哈呼哈,,
2026-05-13 22:36:19,99519056697,一二三k,真肥啊,[等级7],[粉丝团 Lv8]
2026-05-13 22:36:27,3913913666903720,太阳☀,要带上夏日秋晴 他开物资车，专门捡物资，从不开枪打人,[等级41],[粉丝团 Lv13]
2026-05-13 22:36:30,1644525708386619,八九野马,整个海岛都是你们,[等级21],
2026-05-13 22:36:33,106130605249,🇨🇳愿与愁ᴶᴹ✨,这游戏遇到你们就没法玩了[捂脸][捂脸][捂脸],[等级25],[粉丝团 Lv9]
2026-05-13 22:36:33,3619235368280125,保护我方后義,全自动大炮都够了,[等级12],[粉丝团 Lv10]
2026-05-13 22:36:37,96032544562,老A先生🦅,@陪她终老。 穿越米线,[等级22],[粉丝团 Lv15]
2026-05-13 22:36:38,111480308764,锦程,生三了都遭罪,[等级31],[粉丝团 Lv15]
2026-05-13 22:36:39,246711788243949,野生向日葵🌻,@陪她终老。 王者荣耀,[等级19],[粉丝团 Lv8]
2026-05-13 22:36:45,69549195417,久睡成瘾,太肥了，吃不下了[捂脸],[等级26],[粉丝团 Lv8]
2026-05-13 22:36:49,4475458192938265,菜圆vs万柳柳打得有来有回,在局咋感觉好吵[酷拽],[等级21],[粉丝团 Lv12]
2026-05-13 22:36:49,2016946464491402,胖猫,猫局就是，先让张老黑，再自己,[等级8],[粉丝团 Lv6]
2026-05-13 22:36:51,2763506534587609,梧桐树,@陪她终老。 掘地求生,,
2026-05-13 22:36:55,83630850343,已重置,要不能留着下把用更加好[呲牙],,
2026-05-13 22:37:04,1860010763880509,*爱你吖,我还以为这游戏是跑跑卡丁车呢,[等级15],
2026-05-13 22:37:13,1917975834137262,鋏、,疑问 这不透是什么,[等级2],
2026-05-13 22:37:15,2364429434360784,陪她终老。,@老A先生🦅 穿越求生吗,[等级9],[粉丝团 Lv2]
2026-05-13 22:37:18,102377853879,君@,咋不打单人四排,[等级8],
2026-05-13 22:37:21,4165407898869996,我总后知后觉,[捂脸][捂脸][捂脸],[等级5],
2026-05-13 22:37:23,93032203992,秀儿⁵¹⁰⁷⁴,@鋏、 ？？？？？？？？？？？,[等级19],[粉丝团 Lv12]
2026-05-13 22:37:24,96077725054,CCCC🐍,急死了,[等级15],[粉丝团 Lv2]
2026-05-13 22:37:25,2008152259705040,汉、歼的审判者,@张晓萱 [抱抱你][抱抱你][抱抱你],[等级15],[粉丝团 Lv12]
2026-05-13 22:37:26,91667435850,大仙一起鸭𓅿𓅹𓆝𓆟,狙呀,[等级19],[粉丝团 Lv4]
2026-05-13 22:37:27,3047482674388180,菜场在逃肥鸡,笑死了 好多kd,[等级13],[粉丝团 Lv7]
2026-05-13 22:37:29,71126905166,抖音小肋手,@张晓萱 谢谢美女,[等级10],[粉丝团 Lv10]
2026-05-13 22:37:37,3544449118126824,爱吃醋的李,打的好爽,[等级25],[粉丝团 Lv11]
2026-05-13 22:37:40,97806080834,🚬ღ᭄辭ꦿ࿐,感谢老板,[等级21],[粉丝团 Lv15]
2026-05-13 22:37:43,61303363390,华南城商办站斧浏览器Amber,[捂脸][捂脸][捂脸][捂脸][捂脸],[等级30],[粉丝团 Lv13]
2026-05-13 22:37:44,3457323086914381,柑橘味,666666666,[等级8],[粉丝团 Lv3]
2026-05-13 22:37:45,71126905166,抖音小肋手,6666,[等级10],[粉丝团 Lv10]
2026-05-13 22:37:46,107662442756,老曾⁶¹⁷,[捂脸][发怒],[等级19],[粉丝团 Lv11]
2026-05-13 22:37:46,470219582866307,忻安,哈哈哈哈,[等级17],[粉丝团 Lv15]
2026-05-13 22:37:47,75737713936,ﾍ😌ﾍ工商财务,心里得多痒！全是头,[等级15],[粉丝团 Lv12]
2026-05-13 22:37:48,102469975321,✨名门⭐️,[666][666][666],[等级19],[粉丝团 Lv15]
2026-05-13 22:37:48,4165407898869996,我总后知后觉,[捂脸][捂脸][捂脸],[等级5],
2026-05-13 22:37:48,3548812902407180,aaay,[捂脸],[等级2],
2026-05-13 22:37:48,2129109692727048,8023,[666][666][666],[等级17],[粉丝团 Lv10]
2026-05-13 22:37:50,7567403286325478437,日行一善积大德，日行多善积积大大德,[捂脸][捂脸][捂脸],[等级10],[粉丝团 Lv10]
2026-05-13 22:37:50,3457323086914381,柑橘味,[666][666][666][666][666],[等级8],[粉丝团 Lv3]
2026-05-13 22:37:51,62490912970,✨✨ℒ𝒾𝓃 ᥫᩣ,[666][666][666],[等级12],[粉丝团 Lv3]
2026-05-13 22:37:52,501823594569320,自在,白忙活,[等级20],[粉丝团 Lv14]
2026-05-13 22:37:52,111149267192,Actor朝,哈哈哈哈哈哈哈哈哈哈哈哈,[等级31],
2026-05-13 22:37:52,2016946464491402,胖猫,666,[等级8],[粉丝团 Lv6]
2026-05-13 22:37:53,3544449118126824,爱吃醋的李,哈哈哈哈哈,[等级25],[粉丝团 Lv11]
2026-05-13 22:37:58,3800378607154080,张晓萱,@深情（张君雅助理）,[等级34],[粉丝团 Lv15]
2026-05-13 22:37:58,61377608210,别太晚睡,捡漏王,[等级12],[粉丝团 Lv11]
2026-05-13 22:37:58,2916326503629885,用户8869052474629,[666][666][666][666][666][666][666][666][666][666][666][666],[等级16],
2026-05-13 22:37:58,2704407724044788,匚亓,队友也打爽了[捂脸],[等级14],[粉丝团 Lv6]
2026-05-13 22:38:01,4503658257446344,🥐cornetto,太爽了哈哈哈哈,[等级41],[粉丝团 Lv6]
2026-05-13 22:38:02,3544473905937592,全有,有多爽[捂脸][捂脸],[等级25],[粉丝团 Lv6]
2026-05-13 22:38:04,110487983863,都怪你隐身太清晰,[666][666][666],[等级17],[粉丝团 Lv7]
2026-05-13 22:38:04,2920724108946030,如煙✨HELLO～⁵¹⁰⁷⁴,[666][666][666],[等级37],[粉丝团 Lv16]
2026-05-13 22:38:04,111355492018,金,这就吃鸡了,[等级22],[粉丝团 Lv10]
2026-05-13 22:38:05,101786950057,啊钦,干得漂亮,[等级18],
2026-05-13 22:38:06,63197492648,Mr       刘,白搭浪费啤酒瓶,[等级24],
2026-05-13 22:38:07,99662358907,烈火,队友捡空投都忙不过来,[等级19],[粉丝团 Lv2]
2026-05-13 22:38:07,111149267192,Actor朝,大老远跑过去被队友k了[看],[等级31],
2026-05-13 22:38:08,67652067063,辰言乐,果然叫捡漏王,[等级23],[粉丝团 Lv10]
2026-05-13 22:38:08,62490912970,✨✨ℒ𝒾𝓃 ᥫᩣ,打工雅,[等级12],[粉丝团 Lv3]
2026-05-13 22:38:09,91667435850,大仙一起鸭𓅿𓅹𓆝𓆟,[捂脸][捂脸][捂脸],[等级19],[粉丝团 Lv4]
2026-05-13 22:38:11,82280481643,记忆永不褪色,太有实力[赞][赞][赞],[等级15],
2026-05-13 22:38:11,3544473905937592,全有,问问他有多爽[捂脸][捂脸],[等级25],[粉丝团 Lv6]
2026-05-13 22:38:11,7540523964109538361,容儿,匹配到雅雅的真幸运[比心][比心],[等级5],
2026-05-13 22:38:12,93421569511,吃串串的喵,[捂脸][捂脸][捂脸],[等级2],[粉丝团 Lv4]
2026-05-13 22:38:14,90579072720375,安然ゞ,[捂脸],[等级2],[粉丝团 Lv2]
2026-05-13 22:38:14,3342129568684590,已过去的青春,[捂脸][捂脸][捂脸],[等级15],[粉丝团 Lv10]
2026-05-13 22:38:15,58538323106,天  道  酬  勤,[捂脸][捂脸],[等级16],
2026-05-13 22:38:16,62731939386,W-Jul-Cnc,[捂脸][捂脸][捂脸][捂脸][捂脸][捂脸][捂脸],[等级23],[粉丝团 Lv9]
2026-05-13 22:38:16,3166204513238656,铁憨憨,哈哈哈哈哈哈,[等级17],
2026-05-13 22:38:16,66202681069,DuDuDu,[捂脸][捂脸][捂脸],[等级20],[粉丝团 Lv11]
2026-05-13 22:38:17,69260020651,ZDL,[捂脸][捂脸][捂脸],[等级11],[粉丝团 Lv10]
2026-05-13 22:38:18,102597770628,ℳ₯㎕叁潴潴潴🐝࿐,[捂脸][捂脸],[等级19],[粉丝团 Lv10]
2026-05-13 22:38:19,1313284358672692,广联达建模（王）,[大笑][黑脸][大笑][黑脸][大笑][黑脸],[等级16],[粉丝团 Lv6]
2026-05-13 22:38:19,105633835483,醉卧沙场君莫笑,哈哈哈,[等级27],[粉丝团 Lv16]
2026-05-13 22:38:20,109044551886,🌈一世浮华じ,[捂脸][捂脸][捂脸][捂脸][捂脸][捂脸],[等级15],[粉丝团 Lv9]
2026-05-13 22:38:20,3377290333127367,开水煮菜椒,放开那个女孩让我来！结果……[捂脸],[等级2],[粉丝团 Lv6]
2026-05-13 22:38:21,69084013934,🌸🌸,[捂脸],[等级6],[粉丝团 Lv7]
2026-05-13 22:38:21,4085403482857084,呆咩,哈哈哈[微笑],[等级13],[粉丝团 Lv10]
2026-05-13 22:38:21,3739867379151588,か空か空か,节奏太快跟不上[捂脸][捂脸][捂脸][捂脸],[等级23],
2026-05-13 22:38:22,84721092134,砚,哈哈哈,[等级24],[粉丝团 Lv14]
2026-05-13 22:38:22,106071683627,黄小姐.,哈哈哈,[等级23],[粉丝团 Lv10]
2026-05-13 22:38:23,87049558548,圆较瘦,[捂脸][捂脸][捂脸],[等级17],[粉丝团 Lv2]
2026-05-13 22:38:25,1455399635005047,W,[捂脸][捂脸][捂脸][捂脸][捂脸][捂脸],[等级10],
2026-05-13 22:38:25,83724542786,青遥听雪,[捂脸][捂脸][捂脸],[等级16],[粉丝团 Lv4]
2026-05-13 22:38:26,97535002746,炖了庄周的鱼,。。。,[等级34],[粉丝团 Lv6]
2026-05-13 22:38:27,175538554811668,花样男,张大神把你的键位码发一下呗,[等级15],[粉丝团 Lv8]
2026-05-13 22:38:27,892452276536252,Jiajiabin,姜子牙[互粉],[等级10],[粉丝团 Lv11]
2026-05-13 22:38:28,3288016513145914,＼,[捂脸][捂脸][捂脸][捂脸][捂脸][捂脸],,
2026-05-13 22:38:29,1371786717439472,铁锅dun大eee,进房,[等级13],[粉丝团 Lv3]
2026-05-13 22:38:30,109044551886,🌈一世浮华じ,国服姜子牙,[等级15],[粉丝团 Lv9]
2026-05-13 22:38:31,861607089670943,࿐韩先生🎭,我叫张老黑,[等级7],[粉丝团 Lv7]
2026-05-13 22:38:32,921866657348811,Iris,[捂脸][捂脸][捂脸][捂脸],[等级9],[粉丝团 Lv5]
2026-05-13 22:38:33,4233546532927219,🉑🈶🉑🈚,@🌸🌸 笑啥呢，妹妹,[等级20],[粉丝团 Lv10]
2026-05-13 22:38:33,4162095481363833,mrtang,玩招募,,
2026-05-13 22:38:36,1437805602674302,曼岛TT145,张君雅是我兄弟[捂脸],[等级19],[粉丝团 Lv2]
2026-05-13 22:38:37,175538554811668,花样男,张大神把你的键位码发一下呗,[等级15],[粉丝团 Lv8]
2026-05-13 22:38:37,98611994478,玩＝™搏命,太🈶实力辣,[等级27],[粉丝团 Lv6]
2026-05-13 22:38:39,3712397299157015,昍翀🦁🐾,张老黑[懵],[等级6],[粉丝团 Lv5]
2026-05-13 22:38:40,3996063592881981,@@🚬yangꦿ᭄ཽ࿆࿆:,周末吧，周末吧,[等级15],[粉丝团 Lv10]
2026-05-13 22:38:41,522992643489406,羔羔羔羔,真是你啊,[等级27],[粉丝团 Lv6]
2026-05-13 22:38:43,110895971722,一个人挺好…👿,这个赛季又要上9000,[等级24],[粉丝团 Lv8]
2026-05-13 22:38:43,7465029989924209724,7,[捂脸],[等级9],[粉丝团 Lv4]
2026-05-13 22:38:43,681328012439959,芳村～大支嘢,有没有万分战神,[等级5],
2026-05-13 22:38:45,100634323321,沧海珍珑,就着节奏我跟都跟不上[捂脸],[等级9],
2026-05-13 22:38:47,61124196239,十二¸,我费劲巴拉才4500淘汰分,[等级20],
2026-05-13 22:38:51,4164567745964686,帕·拉,今晚打到9000下班,[等级26],[粉丝团 Lv11]
2026-05-13 22:38:52,262160091190266,1科技股图图,为什么不跟于大眯一起玩儿了,,
2026-05-13 22:38:52,79504009530,深海有光,张君宝,[等级44],
2026-05-13 22:38:52,91715791654,S˙Jun23˙Can,[666],[等级12],[粉丝团 Lv4]
2026-05-13 22:38:55,4267665647482208,沐心檀香业厂,就赛季初看着有意思，这样的屠杀局没啥意思,,
2026-05-13 22:38:57,175538554811668,花样男,张大神把你的键位码发一下呗,[等级15],[粉丝团 Lv8]
2026-05-13 22:38:58,4072215435290583,冰🧊心,K D多少了？,[等级25],
2026-05-13 22:38:58,53533832463,天猫优品(尚城国际店),我也爱你哦,[等级27],
2026-05-13 22:38:58,4233546532927219,🉑🈶🉑🈚,好玩吗，花花妹妹,[等级20],[粉丝团 Lv10]
2026-05-13 22:39:04,99834881680,固执,爆炸弓削弱了还能玩吗,[等级25],[粉丝团 Lv4]
2026-05-13 22:39:11,2798671553367552,⋅,最高9000淘汰分封顶了,[等级17],
2026-05-13 22:39:12,1465016178992317,汉堡,怎么上车,,
2026-05-13 22:39:13,92316285483,三,哈佬刚枪无敌舰队,[等级19],[粉丝团 Lv6]
2026-05-13 22:39:17,606580154311640,不再打扰,太容易了没意思,[等级29],
2026-05-13 22:39:20,50872828975,大海之子,张老黑你给局哥生个孩子吧！[呲牙][呲牙][呲牙],[等级35],
2026-05-13 22:39:21,87361410092,慢慢亦漫漫,小达子,[等级21],[粉丝团 Lv7]
2026-05-13 22:39:22,1896019433626000,🥤可乐,躺赢,[等级22],[粉丝团 Lv12]
2026-05-13 22:39:23,100870620397,静沐暖阳L-L,这个赛季还有9天了啊,[等级25],[粉丝团 Lv2]
2026-05-13 22:39:25,68128483419,秋霜,行了行了，换一队,[等级33],[粉丝团 Lv11]
2026-05-13 22:39:28,78016969370,未知。。。,[捂脸][捂脸][捂脸],[等级15],[粉丝团 Lv8]
2026-05-13 22:39:30,4165407898869996,我总后知后觉,[捂脸][捂脸][捂脸],[等级5],
2026-05-13 22:39:31,3227809472840551,一人一❤一世界,[捂脸][捂脸][捂脸][捂脸],[等级19],[粉丝团 Lv12]
2026-05-13 22:39:31,105457912449,Mr.馬,[捂脸][捂脸][捂脸][捂脸][捂脸],[等级11],[粉丝团 Lv11]
2026-05-13 22:39:32,2234682707544967,子一,信你成盒,[等级29],[粉丝团:张君雅 Lv15]
2026-05-13 22:39:33,93032203992,秀儿⁵¹⁰⁷⁴,[捂脸][捂脸][捂脸][捂脸],[等级19],[粉丝团 Lv12]
2026-05-13 22:39:33,71126905166,抖音小肋手,卑微战神雅,[等级10],[粉丝团 Lv10]
2026-05-13 22:39:34,1261848801839245,曾经最美,[捂脸][捂脸][捂脸],[等级28],
2026-05-13 22:39:35,109044551886,🌈一世浮华じ,[捂脸][捂脸][捂脸][捂脸][捂脸][捂脸],[等级15],[粉丝团 Lv9]
2026-05-13 22:39:36,3835516657862510,hello,哈哈哈哈哈哈哈哈哈[捂脸][捂脸][捂脸],[等级21],[粉丝团 Lv4]
2026-05-13 22:39:37,106802329821,虾米哥,好卑微[看][看][看],[等级25],[粉丝团 Lv8]
2026-05-13 22:39:37,175538554811668,花样男,张大神把你的键位码发一下呗,[等级15],[粉丝团 Lv8]
2026-05-13 22:39:37,87361410092,慢慢亦漫漫,小达子,[等级21],[粉丝团 Lv7]
2026-05-13 22:39:39,3174987696190765,TTTT,[捂脸][捂脸][捂脸],[等级32],[粉丝团 Lv3]
2026-05-13 22:39:39,3949062634087486,晞和,[捂脸][捂脸],[等级9],[粉丝团 Lv10]
2026-05-13 22:39:39,70116519251,💗,哈哈哈,[等级3],
2026-05-13 22:39:39,97982941955,🇨🇳天平灬回忆,[666][666][666],[等级19],[粉丝团 Lv11]
2026-05-13 22:39:39,104917868526,🌅,[捂脸],[等级7],[粉丝团 Lv8]
2026-05-13 22:39:39,75737713936,ﾍ😌ﾍ工商财务,认出来了,[等级15],[粉丝团 Lv12]
2026-05-13 22:39:40,100250134080,凯,知道了,[等级19],[粉丝团 Lv15]
2026-05-13 22:39:41,99584247786,狼行天下,知道了,[等级28],[粉丝团 Lv5]
2026-05-13 22:39:41,4380875243918871,俞田,认出来了,[等级21],[粉丝团 Lv14]
2026-05-13 22:39:41,62731939386,W-Jul-Cnc,[捂脸][捂脸][捂脸][捂脸][捂脸][捂脸][捂脸][捂脸][捂脸],[等级23],[粉丝团 Lv9]
2026-05-13 22:39:41,3047482674388180,菜场在逃肥鸡,哈哈哈妹妹害怕了,[等级13],[粉丝团 Lv7]
2026-05-13 22:39:41,87111254696,🌹ℳꦿ玖零ꦿ࿐,[捂脸][捂脸][捂脸],[等级18],[粉丝团 Lv12]
2026-05-13 22:39:42,3139812960253661,闭关修仙中……,知道了,[等级20],[粉丝团 Lv11]
2026-05-13 22:39:43,1465016178992317,汉堡,打完我自己自废武功,,
2026-05-13 22:39:43,87049558548,圆较瘦,太卑微了,[等级17],[粉丝团 Lv2]
2026-05-13 22:39:43,71126905166,抖音小肋手,咋啦这是认出来啦[捂脸],[等级10],[粉丝团 Lv10]
2026-05-13 22:39:44,3544449118126824,爱吃醋的李,好卑微的雅,[等级25],[粉丝团 Lv11]
2026-05-13 22:39:44,58538323106,天  道  酬  勤,[捂脸],[等级16],
2026-05-13 22:39:44,22077196930,王德发🧚🏻‍♀️,有内鬼,[等级9],[粉丝团 Lv10]
2026-05-13 22:39:44,88125133521,我的世界,[捂脸][捂脸][捂脸][捂脸],[等级8],[粉丝团 Lv9]
2026-05-13 22:39:44,66525441308,华哥~,认出来了,[等级32],[粉丝团 Lv2]
2026-05-13 22:39:44,111480308764,锦程,一甜就废，好好打,[等级31],[粉丝团 Lv15]
2026-05-13 22:39:44,3160463314786260,辻弎0,[捂脸],[等级16],
2026-05-13 22:39:45,102469975321,✨名门⭐️,[捂脸][捂脸][捂脸],[等级19],[粉丝团 Lv15]
2026-05-13 22:39:46,111185767942,嫂家热搜,我必须打,[等级19],[粉丝团 Lv12]
2026-05-13 22:39:46,99372859314,启  夏,应该被知道了[捂脸]你是谁[捂脸],[等级25],[粉丝团 Lv15]
2026-05-13 22:39:47,105050559159,陈小贼,认出了,[等级30],[粉丝团 Lv1]
2026-05-13 22:39:47,206319312452301,爱一,好卑微[捂脸][捂脸][捂脸],[等级13],[粉丝团 Lv9]
2026-05-13 22:39:47,100436213197,你的张同学,段位那么高，谁都怕你,[等级9],[粉丝团 Lv6]
2026-05-13 22:39:48,2867979489646590,唯岁月静好,[捂脸][捂脸][捂脸],[等级12],[粉丝团 Lv4]
2026-05-13 22:39:48,4252510206311443,"花心大萝卜""",认出你了,[等级22],
2026-05-13 22:39:48,110947301379,冬哥李,另外一个人认出来了,[等级33],[粉丝团 Lv12]
2026-05-13 22:39:48,99669755834,花生,暴露了,[等级39],[粉丝团 Lv11]
2026-05-13 22:39:48,14211174129,晚风ᥫᩣ.𝓛𝓾𝓬𝓴𝔂,[捂脸][捂脸][捂脸][捂脸][捂脸],[等级19],[粉丝团 Lv15]
2026-05-13 22:39:48,96769891445,人间小叔子,认出来,[等级31],[粉丝团 Lv15]
2026-05-13 22:39:49,63416229807,风沙迷了眼⁵¹⁰⁷⁴,确实卑微[捂脸][捂脸][捂脸][捂脸],[等级21],[粉丝团 Lv15]
2026-05-13 22:39:49,4292907712645271,青春荒唐不负你,暴露了,[等级12],[粉丝团 Lv11]
2026-05-13 22:39:49,60527757013,奶思兔咪邱女士～❤️,[捂脸][捂脸][捂脸][捂脸],[等级22],[粉丝团 Lv11]
2026-05-13 22:39:49,892452276536252,Jiajiabin,有内鬼，终止交易,[等级10],[粉丝团 Lv11]
2026-05-13 22:39:49,54479050834,歌魔🎤阿兵,知道是你了,[等级8],
2026-05-13 22:39:49,2984502456237699,汪汪小汪,不妙,[等级32],[粉丝团:张君雅 Lv15]
2026-05-13 22:39:50,93147559797,JosonyYang♌,老黑忽悠人是真厉害[捂脸],[等级4],[粉丝团 Lv3]
2026-05-13 22:39:51,79338415230,宋梁星,争气一点哦[捂脸],[等级34],[粉丝团 Lv8]
2026-05-13 22:39:51,88125133521,我的世界,[捂脸][捂脸][捂脸][捂脸][捂脸][捂脸][捂脸],[等级8],[粉丝团 Lv9]
2026-05-13 22:39:51,102028794518,用户110524,不一定吧,[等级19],[粉丝团 Lv5]
2026-05-13 22:39:51,810791848390499,遇见对的人,她靠你[捂脸],[等级12],
2026-05-13 22:39:51,104917868526,🌅,认出来了,[等级7],[粉丝团 Lv8]
2026-05-13 22:39:52,71683531403,橙子味的气泡水,等下成盒,[等级33],[粉丝团 Lv2]
2026-05-13 22:39:52,4503658257446344,🥐cornetto,这两个不知道一个老黑一个猫局,[等级41],[粉丝团 Lv6]
2026-05-13 22:39:52,1917193733835112,菲菲不是公主,菜,[等级15],[粉丝团 Lv1]
2026-05-13 22:39:53,3227809472840551,一人一❤一世界,她知道你是谁了[捂脸][捂脸][捂脸][捂脸][捂脸],[等级19],[粉丝团 Lv12]
2026-05-13 22:39:53,69549195417,久睡成瘾,认出来了,[等级26],[粉丝团 Lv8]
2026-05-13 22:39:53,68179112233,克里斯～RONALDO,这个太激动了[捂脸][捂脸],[等级19],
2026-05-13 22:39:53,7542012252325905468,一个人,[捂脸][捂脸],[等级2],
2026-05-13 22:39:54,2008152259705040,汉、歼的审判者,这把要睡觉[捂脸][捂脸][捂脸],[等级15],[粉丝团 Lv12]
2026-05-13 22:39:55,99512064477,大嘭🌈,针织的眼神,[等级24],[粉丝团 Lv13]
2026-05-13 22:39:56,87361410092,慢慢亦漫漫,小达子,[等级21],[粉丝团 Lv7]
2026-05-13 22:39:56,2928696292811743,超影独行,完了   小姐姐醉了  也碎了[捂脸][捂脸][捂脸],[等级18],[粉丝团 Lv12]
2026-05-13 22:39:56,110895971722,一个人挺好…👿,信你个鬼，要成盒了[捂脸][捂脸],[等级24],[粉丝团 Lv8]
2026-05-13 22:39:56,105633835483,醉卧沙场君莫笑,带妹妹掉大分,[等级27],[粉丝团 Lv16]
2026-05-13 22:39:57,3378164464881807,'Wᴀɪᴛ.',@子一 [捂脸][捂脸],[等级19],[粉丝团 Lv8]
2026-05-13 22:39:57,99519056697,一二三k,卑微战神,[等级7],[粉丝团 Lv8]
2026-05-13 22:39:59,108825768878,南山居士,你打你的本号，黄金风衣出来跪着求你打,[等级1],
2026-05-13 22:39:59,93147559797,JosonyYang♌,张嘴就来,[等级4],[粉丝团 Lv3]
2026-05-13 22:40:02,99774015349,我是你雷哥⁹⁹⁹⁹⁹,猫局神补刀[捂脸]一只眼,[等级19],
2026-05-13 22:40:02,1896019433626000,🥤可乐,要保护好妹子,[等级22],[粉丝团 Lv12]
2026-05-13 22:40:03,62978378029,钟灵毓秀,你睁开眼，我不相信你的眼里没有我,[等级21],[粉丝团 Lv11]
2026-05-13 22:40:04,106604459850,北冥🐟,看你打真带劲,[等级19],
2026-05-13 22:40:04,66525441308,华哥~,认出来了,[等级32],[粉丝团 Lv2]
2026-05-13 22:40:05,100436213197,你的张同学,[捂脸],[等级9],[粉丝团 Lv6]
2026-05-13 22:40:05,3047482674388180,菜场在逃肥鸡,是不是粉丝,[等级13],[粉丝团 Lv7]
2026-05-13 22:40:07,4133813357931351,水是冰的眼泪,落地成盒就尴尬了[捂脸],[等级7],[粉丝团 Lv9]
2026-05-13 22:40:07,83508609971,Contentment,认出你了应该,[等级2],
2026-05-13 22:40:08,93032203992,秀儿⁵¹⁰⁷⁴,认出来了[捂脸][捂脸][捂脸],[等级19],[粉丝团 Lv12]
2026-05-13 22:40:08,69260020651,ZDL,粉丝,[等级11],[粉丝团 Lv10]
2026-05-13 22:40:08,95507451318,溪鱼,妹妹一看KD...吓死个人,[等级17],[粉丝团 Lv10]
2026-05-13 22:40:08,2541711077421758,🌈蜡笔小新,知道了,[等级31],[粉丝团 Lv10]
2026-05-13 22:40:08,93421569511,吃串串的喵,认出来了,[等级2],[粉丝团 Lv4]
2026-05-13 22:40:10,97088080701,🌈🌈🌈木子,发现了[呲牙][呲牙][呲牙][呲牙][呲牙],[等级33],[粉丝团 Lv11]
2026-05-13 22:40:10,69084013934,🌸🌸,@🉑🈶🉑🈚 看主播吧[捂脸],[等级6],[粉丝团 Lv7]
2026-05-13 22:40:10,4252510206311443,"花心大萝卜""",一看就有人爆点了,[等级22],
2026-05-13 22:40:10,71074166083,乔巴,内鬼,[等级34],[粉丝团 Lv11]
2026-05-13 22:40:10,646161190361448,暗影狂花,是小姐姐就非打不可，是男的早走,[等级22],[粉丝团 Lv7]
2026-05-13 22:40:11,10350113338041,用户2773121987711,[互粉][互粉][互粉],,
2026-05-13 22:40:12,2537315597563134,烽行天下,老黑啊[呲牙][呲牙][呲牙],[等级12],[粉丝团 Lv3]
2026-05-13 22:40:14,67851755535,淳1,知道了[捂脸],[等级9],[粉丝团 Lv11]
2026-05-13 22:40:14,3047482674388180,菜场在逃肥鸡,认出来了哈哈哈,[等级13],[粉丝团 Lv7]
2026-05-13 22:40:14,14211174129,晚风ᥫᩣ.𝓛𝓾𝓬𝓴𝔂,认出来了,[等级19],[粉丝团 Lv15]
2026-05-13 22:40:14,534807919995907,沈黑娃,换成男的就退了退了，换成女的就极力邀请,[等级23],[粉丝团 Lv6]
2026-05-13 22:40:15,108332748130,相遇微时,知道你啦[捂脸][捂脸][捂脸][捂脸],[等级16],
2026-05-13 22:40:16,70492044030,紫痕9099,队友应该知道 [捂脸][捂脸][捂脸],[等级15],[粉丝团 Lv13]
2026-05-13 22:40:16,1261848801839245,曾经最美,另外一个人认出来了,[等级28],
2026-05-13 22:40:16,97369239450,温度尚好,哈哈，认出来了,[等级7],[粉丝团 Lv1]
2026-05-13 22:40:18,4133813357931351,水是冰的眼泪,认识你了,[等级7],[粉丝团 Lv9]
2026-05-13 22:40:18,84534079599,斌仔,认出来了,[等级25],[粉丝团 Lv11]
2026-05-13 22:40:19,71331049459,我肝已麻痹,预测，下来没枪疯狂挥拳,[等级16],[粉丝团 Lv7]
2026-05-13 22:40:19,109044551886,🌈一世浮华じ,她知道你了[捂脸][捂脸][捂脸],[等级15],[粉丝团 Lv9]
2026-05-13 22:40:19,3406705907740807,何爱华（承蒙厚爱）,[捂脸][捂脸],[等级22],[粉丝团 Lv12]
2026-05-13 22:40:21,98061316280,♊凡尘,激动，看上你了[捂脸],[等级32],[粉丝团 Lv10]
2026-05-13 22:40:21,100250134080,凯,男的知道,[等级19],[粉丝团 Lv15]
2026-05-13 22:40:22,3836665492157003,小富即安.......,[微笑][微笑][微笑][微笑][微笑][微笑][微笑],[等级3],[粉丝团 Lv5]
2026-05-13 22:40:22,3227809472840551,一人一❤一世界,认出来了[捂脸][捂脸][捂脸][捂脸][捂脸],[等级19],[粉丝团 Lv12]
2026-05-13 22:40:24,3724795670434476,So?,队友开组队麦给她讲了,[等级15],[粉丝团 Lv9]
2026-05-13 22:40:25,104432719593,赞美愚者,她认出来了,[等级34],
2026-05-13 22:40:25,97982941955,🇨🇳天平灬回忆,那必须是知道了[666][666],[等级19],[粉丝团 Lv11]
2026-05-13 22:40:29,78016969370,未知。。。,假的[捂脸][捂脸][捂脸],[等级15],[粉丝团 Lv8]
2026-05-13 22:40:31,10350113338041,用户2773121987711,[色][色][色],,
2026-05-13 22:40:31,4504813708,姜战,这把落地成盒,[等级39],[粉丝团 Lv18]
2026-05-13 22:40:33,1465016178992317,汉堡,我是抖音张君宝[互粉],,
2026-05-13 22:40:35,71126905166,抖音小肋手,[捂脸],[等级10],[粉丝团 Lv10]
2026-05-13 22:40:36,3547481040237273,器意,张老黑的声音具有辨识性[看],,
2026-05-13 22:40:36,110895971722,一个人挺好…👿,不点不点,[等级24],[粉丝团 Lv8]
2026-05-13 22:40:36,111480308764,锦程,zimi。,[等级31],[粉丝团 Lv15]
2026-05-13 22:40:37,1925968538904128,城堡,老黑好,[等级11],[粉丝团 Lv1]
2026-05-13 22:40:38,106037472889,为你的颜憔悴,君雅是不模特,[等级17],
2026-05-13 22:40:38,3544473905937592,全有,原来是看到你哦[捂脸]你俩怎么那啥[捂脸][捂脸],[等级25],[粉丝团 Lv6]
2026-05-13 22:40:41,105849322767,骑着蜗牛看日出,张大忽悠[捂脸][捂脸]忽悠成功[赞],[等级3],
2026-05-13 22:40:42,3712397299157015,昍翀🦁🐾,下次一定点,[等级6],[粉丝团 Lv5]
2026-05-13 22:40:43,63285439261,YOLO,为什么不能横屏,[等级12],
2026-05-13 22:40:45,97824759331,拉萨，马青龙二手家具回收,我不是吗,[等级12],
2026-05-13 22:40:47,1118637450869609,1080,[呲牙][呲牙][呲牙],[等级2],[粉丝团 Lv3]
2026-05-13 22:40:47,54842942123,এ᭄°余生丶请指教ꦿᮁ໊এ᭄゛,求求我们,[等级15],[粉丝团 Lv8]
2026-05-13 22:40:48,2234682707544967,子一,预测这把大分,[等级29],[粉丝团:张君雅 Lv15]
2026-05-13 22:40:48,95507451318,溪鱼,-49分,[等级17],[粉丝团 Lv10]
2026-05-13 22:40:48,108332748130,相遇微时,原来是张老黑啊[呲牙][呲牙][呲牙],[等级16],
2026-05-13 22:40:49,4503658257446344,🥐cornetto,你们点点赞啊  骂人了,[等级41],[粉丝团 Lv6]
2026-05-13 22:40:50,70800997813,哈哈～,[比心][比心][比心][比心],[等级19],[粉丝团 Lv13]
2026-05-13 22:40:50,2428163424529806,柒柒鵺,我还没点关注,[等级7],
2026-05-13 22:40:50,71983688442,花九九,哈哈哈哈,[等级15],[粉丝团 Lv11]
2026-05-13 22:40:50,2928696292811743,超影独行,心疼妹妹五分钟[捂脸][捂脸][捂脸],[等级18],[粉丝团 Lv12]
2026-05-13 22:40:50,99519056697,一二三k,1,[等级7],[粉丝团 Lv8]
2026-05-13 22:40:51,870407718572355,衍神,[666][666][666][666][666],[等级20],[粉丝团 Lv15]
2026-05-13 22:40:51,110487983863,都怪你隐身太清晰,[666][666][666][比心],[等级17],[粉丝团 Lv7]
2026-05-13 22:40:52,110947301379,冬哥李,我张君雅一辈子没求过人,[等级33],[粉丝团 Lv12]
2026-05-13 22:40:52,71074166083,乔巴,1,[等级34],[粉丝团 Lv11]
2026-05-13 22:40:52,95582737508,豆逗,我新来的[微笑],[等级35],[粉丝团 Lv5]
2026-05-13 22:40:52,96705006261,🍑,[爱心],[等级3],
2026-05-13 22:40:52,98916845542,￴￴￴ ￴ ￴￴￴ ￴,1,[等级19],[粉丝团 Lv1]
2026-05-13 22:40:52,2062312162988716,耶黄包Z☡zᶻ,1,[等级16],[粉丝团 Lv2]
2026-05-13 22:40:53,111310172747,泪水打湿充电线，边刷抖音边触电,[捂脸],[等级29],
2026-05-13 22:40:53,95114696630,楠De小雨天气💦,[比心][比心][比心][比心],[等级19],[粉丝团 Lv7]
2026-05-13 22:40:54,211565293084568,啊布,装[捂脸][捂脸][捂脸]声音没听出来id也能看出来,[等级15],[粉丝团 Lv12]
2026-05-13 22:40:54,452597273341219,七月天,[666],[等级5],[粉丝团 Lv8]
2026-05-13 22:40:54,279718988623529,Luka,[看],[等级24],[粉丝团 Lv5]
2026-05-13 22:40:54,2053491554791112,S,1,[等级8],[粉丝团 Lv4]
2026-05-13 22:40:54,95383653450,不一Young,[爱心],[等级6],[粉丝团 Lv10]
2026-05-13 22:40:54,62731939386,W-Jul-Cnc,[赞][赞][赞],[等级23],[粉丝团 Lv9]
2026-05-13 22:40:54,2959541325269512,财,[比心],[等级23],[粉丝团 Lv11]
2026-05-13 22:40:54,93817955078,༄⁽⁽ଘLiuଓ⁾⁾🍣,[捂脸],[等级9],
2026-05-13 22:40:54,2893509119454078,停流86400,[比心],[等级25],[粉丝团 Lv6]
2026-05-13 22:40:54,4503199496283437,熊猫王国,-1,[等级28],
2026-05-13 22:40:54,78787425872199,导演1994,👌,[等级20],
2026-05-13 22:40:54,1987560424083240,二✧*｡东,哈哈哈,[等级27],[粉丝团 Lv3]
2026-05-13 22:40:54,4164567745964686,帕·拉,臭屁雅认出来了,[等级26],[粉丝团 Lv11]
2026-05-13 22:40:54,2831963117862039,悲伤的火鸡面,[比心][比心],[等级13],[粉丝团 Lv10]
2026-05-13 22:40:55,3556253128993838,yy,1,[等级29],[粉丝团 Lv2]
2026-05-13 22:40:55,2068598078056972,天青色等烟雨,好的,,
2026-05-13 22:40:55,11440403524768,十六   🦋,[抠鼻],[等级37],[粉丝团 Lv4]
2026-05-13 22:40:55,95626338259,然然,[看][看][看],[等级32],[粉丝团 Lv6]
2026-05-13 22:40:55,3540886128431735,vcvvcs,1,[等级22],[粉丝团 Lv5]
2026-05-13 22:40:55,93186320746,Laurie,[比心][比心][比心],[等级14],[粉丝团 Lv10]
2026-05-13 22:40:56,101093146023,俗人,[看],[等级16],[粉丝团 Lv1]
2026-05-13 22:40:56,1654145128867997,瑶瑶爱吃草,1,[等级16],[粉丝团 Lv2]
2026-05-13 22:40:56,662378232428043,岁晏·清尘,1,[等级14],[粉丝团 Lv10]
2026-05-13 22:40:56,75485062293,明头⁸⁰⁰⁸,[鼓掌],[等级20],[粉丝团 Lv10]
2026-05-13 22:40:56,62225218334,Z06,哈哈哈,[等级25],[粉丝团 Lv9]
2026-05-13 22:40:56,104751122661,夏夜,[666],[等级13],[粉丝团 Lv10]
2026-05-13 22:40:56,99146403062,⁸ 叶小贱²⁴,[鼓掌][鼓掌][鼓掌][鼓掌],[等级30],[粉丝团 Lv12]
2026-05-13 22:40:56,1367445777424910,Eucalyptus 🐸,[看][看][看],[等级24],[粉丝团 Lv14]
2026-05-13 22:40:56,83705848652,🍭淋着雨🍭,[爱心][爱心],[等级10],[粉丝团 Lv8]
2026-05-13 22:40:56,101992095112,青春之火,[666],[等级6],[粉丝团 Lv2]
2026-05-13 22:40:57,176377349548877,李爱笑丿,扣弹幕,[等级4],
2026-05-13 22:40:57,101649858043,🥀ᮨ້໌久伴不如酒伴᭄ཽꦿ,我天天看，我就不关注[捂脸],[等级9],
2026-05-13 22:40:57,3421324496340622,冬砚遥,[看],[等级10],[粉丝团 Lv5]
2026-05-13 22:40:57,56702560924,瘦子💆🏿‍♂️,[爱心],[等级6],
2026-05-13 22:40:57,1754436808744071,来de匆忙、,。,[等级19],[粉丝团 Lv11]
2026-05-13 22:40:57,96061479400,溫酒渡星河🐸,123,[等级35],[粉丝团 Lv13]
2026-05-13 22:40:57,59507151875,爱吃辣的懒羊羊,好的,[等级16],[粉丝团 Lv8]
2026-05-13 22:40:58,98714916130,心碎_也完美、,[666][666][666][666][666][666],[等级11],[粉丝团 Lv9]
2026-05-13 22:40:58,3162650538686240,FT泥鳅󰠇,1,[等级17],[粉丝团 Lv11]
2026-05-13 22:40:58,82533200389,杠精来了😝,[捂脸][互粉],[等级29],[粉丝团 Lv10]
2026-05-13 22:40:58,92367981845,豹哥装修,[比心][比心][比心][比心],[等级3],
2026-05-13 22:40:58,63800656091,只吃一口口,[互粉],[等级18],
2026-05-13 22:40:58,61584068174,.过客,1,[等级26],[粉丝团 Lv8]
2026-05-13 22:40:59,62731939386,W-Jul-Cnc,[捂脸][捂脸][捂脸][捂脸][捂脸][捂脸][捂脸][捂脸][捂脸][捂脸][赞],[等级23],[粉丝团 Lv9]
2026-05-13 22:40:59,71126905166,抖音小肋手,1,[等级10],[粉丝团 Lv10]
2026-05-13 22:40:59,87049558548,圆较瘦,今天主播过生日，给他点点关注[捂脸][捂脸][捂脸][捂脸][捂脸][捂脸],[等级17],[粉丝团 Lv2]
2026-05-13 22:40:59,98878505737,杰.,谁能告诉一下扣扣区还是微区呢？  也要区偶遇,,
2026-05-13 22:40:59,93175690583,南诵,1,[等级11],
2026-05-13 22:40:59,102469975321,✨名门⭐️,1,[等级19],[粉丝团 Lv15]
2026-05-13 22:41:00,2631588059297114,金福,[捂脸],[等级3],
2026-05-13 22:41:00,7507305275298464828,XY,1,,
2026-05-13 22:41:00,4318475014900724,L-Nov07-Cap,弹幕,[等级17],[粉丝团 Lv12]
2026-05-13 22:41:00,2364429434360784,陪她终老。,[比心],[等级9],[粉丝团 Lv2]
2026-05-13 22:41:00,1113175283735037,疼,好好好,[等级7],[粉丝团 Lv8]
2026-05-13 22:41:00,3712372488798584,YangY,我雅姐,[等级17],[粉丝团 Lv11]
2026-05-13 22:41:01,83705848652,🍭淋着雨🍭,[爱心][爱心][爱心],[等级10],[粉丝团 Lv8]
2026-05-13 22:41:01,3782740829036744,𝐙𝐚𝐧𝐠𝐑𝐧,君雅宝宝[比心],[等级12],[粉丝团 Lv4]
2026-05-13 22:41:01,57656943387,✨ 半允禾 Lune,1,[等级22],[粉丝团 Lv13]
2026-05-13 22:41:01,95114696630,楠De小雨天气💦,[捂脸][捂脸][捂脸][捂脸],[等级19],[粉丝团 Lv7]
2026-05-13 22:41:01,68204353505,韩立,宝贝,[等级11],
2026-05-13 22:41:01,79700987605,Battery-Jeff,别急 我拿我爷爷奶奶的手机点一下,[等级21],[粉丝团 Lv8]
2026-05-13 22:41:01,2577726701047950,三分热度°,[爱心],[等级25],[粉丝团 Lv5]
2026-05-13 22:41:01,110129244917,老刘不抽烟不喝酒,[赞][鼓掌],[等级16],[粉丝团 Lv10]
2026-05-13 22:41:01,391864802884184,宠🌸,2,[等级25],[粉丝团 Lv11]
2026-05-13 22:41:01,1073558381922519,T..,[鼓掌],[等级4],
2026-05-13 22:41:02,3120847434291356,哈达,[赞][赞][赞][赞][赞],[等级5],[粉丝团 Lv7]
2026-05-13 22:41:02,93355294492,少年已不在,我是我是新来的,[等级20],[粉丝团 Lv10]
2026-05-13 22:41:02,88757268529,张小狮,扣弹幕,[等级11],[粉丝团 Lv11]
2026-05-13 22:41:02,98039878996,__丶乄,[躺平],[等级18],[粉丝团 Lv11]
2026-05-13 22:41:02,4441674979758301,强Ge,[爱心],[等级19],[粉丝团 Lv8]
2026-05-13 22:41:02,4164585085745843,秋山澪,[666],[等级22],[粉丝团 Lv11]
2026-05-13 22:41:03,99669755834,花生,下次在点,[等级39],[粉丝团 Lv11]
2026-05-13 22:41:03,8395632158909,郭叔,认出你来了,[等级9],[粉丝团 Lv8]
2026-05-13 22:41:03,474639356942429,多云转晴,掉大分,[等级29],[粉丝团 Lv15]
2026-05-13 22:41:04,606565928287776,ℳঞ ꦿ໌້ᮨ꧔ꦿ᭄,1,[等级21],[粉丝团 Lv7]
2026-05-13 22:41:04,1118637450869609,1080,[发呆][发呆][发呆],[等级2],[粉丝团 Lv3]
2026-05-13 22:41:04,60966512026,买吊顶找我,7完赞,[等级10],[粉丝团 Lv11]
2026-05-13 22:41:04,66704700237,༒࿈韦༙྇࿈༒,什么时候亮相,[等级23],
2026-05-13 22:41:04,1478159719214247,热心村民,[看],[等级15],[粉丝团 Lv8]
2026-05-13 22:41:04,4441636620732459,随便i,[比心],[等级6],
2026-05-13 22:41:04,3266015749480475,渣男,51分走起,[等级22],[粉丝团 Lv11]
2026-05-13 22:41:04,4862013350589,厉扑,好的好的,[等级21],[粉丝团 Lv11]
2026-05-13 22:41:04,792090380868413,向日葵的微笑,[比心][比心][比心],[等级13],[粉丝团 Lv10]
2026-05-13 22:41:06,2009563192628787,木易,加班点100万,[等级10],[粉丝团 Lv8]
2026-05-13 22:41:06,58045456499,七寸风,都第一了还往哪涨,[等级14],
2026-05-13 22:41:06,93075871762,～,点赞点赞点赞,[等级16],[粉丝团 Lv14]
2026-05-13 22:41:06,3139812960253661,闭关修仙中……,6,[等级20],[粉丝团 Lv11]
2026-05-13 22:41:06,3713499404446009,广源-小付,1,[等级11],
2026-05-13 22:41:06,7567403286325478437,日行一善积大德，日行多善积积大大德,[抠鼻],[等级10],[粉丝团 Lv10]
2026-05-13 22:41:06,95507451318,溪鱼,-49分,[等级17],[粉丝团 Lv10]
2026-05-13 22:41:06,4164585085745843,秋山澪,[爱心],[等级22],[粉丝团 Lv11]
2026-05-13 22:41:06,83705848652,🍭淋着雨🍭,[爱心][爱心][爱心],[等级10],[粉丝团 Lv8]
2026-05-13 22:41:07,20239435624,訫訫大王,2,[等级18],[粉丝团 Lv9]
2026-05-13 22:41:07,65297805768,叫兽,发个福袋,[等级22],[粉丝团 Lv2]
2026-05-13 22:41:07,476528295288860,天道酬勤,不好,[等级2],[粉丝团 Lv2]
2026-05-13 22:41:07,98039878996,__丶乄,[鞠躬],[等级18],[粉丝团 Lv11]
2026-05-13 22:41:08,4441674979758301,强Ge,[发呆],[等级19],[粉丝团 Lv8]
2026-05-13 22:41:08,95558583638,爸辣辣能量ᝰ,1,[等级4],
2026-05-13 22:41:08,78517477284,咋回事？,人气这么旺，粉丝这么少[捂脸][捂脸],[等级1],
2026-05-13 22:41:08,4503658257446344,🥐cornetto,这把15杀,[等级41],[粉丝团 Lv6]
2026-05-13 22:41:08,2824008837643668,Hom,华子拿不动[捂脸],,
2026-05-13 22:41:08,92813188357,马先生🐲,点到一百万,[等级31],[粉丝团 Lv13]
2026-05-13 22:41:08,405039915214967,覃先生,666,[等级11],
2026-05-13 22:41:10,69549195417,久睡成瘾,这把老黑要掉大分[捂脸],[等级26],[粉丝团 Lv8]
2026-05-13 22:41:10,97561638236,闲着无聊,。,[等级11],[粉丝团 Lv8]
2026-05-13 22:41:10,110875358599,尽心随缘,确实流弊,[等级3],
2026-05-13 22:41:10,4164585085745843,秋山澪,[比心],[等级22],[粉丝团 Lv11]
2026-05-13 22:41:10,97618318147,万人迷,[666],[等级9],[粉丝团 Lv8]
2026-05-13 22:41:10,83705848652,🍭淋着雨🍭,[比心][比心][比心],[等级10],[粉丝团 Lv8]
2026-05-13 22:41:11,7556433160771781689,星辰为友,[比心],,
2026-05-13 22:41:11,3120847434291356,哈达,[爱心][爱心][爱心],[等级5],[粉丝团 Lv7]
2026-05-13 22:41:11,3377290333127367,开水煮菜椒,这个老六很会整活[捂脸],[等级2],[粉丝团 Lv6]
2026-05-13 22:41:11,71182698712,德成（码字人）,张老黑，为啥叫张老黑！,[等级7],
2026-05-13 22:41:11,100761365873,居危思安,1,[等级16],[粉丝团 Lv12]
2026-05-13 22:41:11,2528515193584664,Ruthless,[打call],[等级15],[粉丝团 Lv4]
2026-05-13 22:41:12,97561638236,闲着无聊,1,[等级11],[粉丝团 Lv8]
2026-05-13 22:41:12,476528295288860,天道酬勤,不,[等级2],[粉丝团 Lv2]
2026-05-13 22:41:12,96949891154,热血与梦想ね,[捂脸],[等级15],[粉丝团 Lv11]
2026-05-13 22:41:13,97561638236,闲着无聊,，,[等级11],[粉丝团 Lv8]
2026-05-13 22:41:14,870407718572355,衍神,[色],[等级20],[粉丝团 Lv15]
2026-05-13 22:41:14,91659395772,D,1,[等级2],[粉丝团 Lv1]
2026-05-13 22:41:15,3582622368535245,爱养鱼的猫,落地成盒送嘉年华,[等级3],[粉丝团 Lv3]
2026-05-13 22:41:15,83705848652,🍭淋着雨🍭,[比心][比心][比心],[等级10],[粉丝团 Lv8]
2026-05-13 22:41:15,476528295288860,天道酬勤,好,[等级2],[粉丝团 Lv2]
2026-05-13 22:41:16,94677692404,飞扬,66,[等级12],
2026-05-13 22:41:16,106662798295,柠夏,[比心],[等级2],[粉丝团 Lv2]
2026-05-13 22:41:16,71291592420,💭,[捂脸][呲牙],[等级10],[粉丝团 Lv11]
2026-05-13 22:41:16,3732162401805662,TEnhr,[爱心][爱心][爱心],[等级1],
2026-05-13 22:41:16,84776149087,🌈牵手（悟道中）,落地小盒盒[抠鼻],[等级33],
2026-05-13 22:41:18,1094755543681016,酒虽伤胃，能让我忘记疲惫,牛逼克拉斯,[等级11],[粉丝团 Lv1]
2026-05-13 22:41:18,2093067748255504,@？～￥￥￥￥ycfx,[666][666][666][666][666][666][666],[等级13],[粉丝团 Lv13]
2026-05-13 22:41:18,681328012439959,芳村～大支嘢,两个妹子落地成盒,[等级5],
2026-05-13 22:41:19,83705848652,🍭淋着雨🍭,[比心][比心][比心],[等级10],[粉丝团 Lv8]
2026-05-13 22:41:22,1478159719214247,热心村民,[懵][懵][懵],[等级15],[粉丝团 Lv8]
2026-05-13 22:41:22,2946293552644551,无情可破全局,落地成盒,[等级15],
2026-05-13 22:41:23,83705848652,🍭淋着雨🍭,[比心][比心][比心],[等级10],[粉丝团 Lv8]
2026-05-13 22:41:24,100089886593,闯,666,[等级21],[粉丝团 Lv11]
2026-05-13 22:41:24,638164654111015,ℳ̶̶̶̶♡̶҉꧔ꦿ໊ོﻬ清寂࿐,6,[等级8],[粉丝团 Lv10]
2026-05-13 22:41:25,106130605249,🇨🇳愿与愁ᴶᴹ✨,我就是那个“实在不行”[捂脸][捂脸][捂脸],[等级25],[粉丝团 Lv9]
2026-05-13 22:41:26,1640887381135000,夏天,没认出来，橘猫一来就能确定了,[等级11],[粉丝团 Lv5]
2026-05-13 22:41:26,2534846937703033,蓝山,[抱抱你][抱抱你][抱抱你][抱抱你][抱抱你][抱抱你][抱抱你],,
2026-05-13 22:41:27,3191222582914896,D.,哈哈哈,[等级3],
2026-05-13 22:41:29,100984997524,A-龙,@🥀ᮨ້໌久伴不如酒伴᭄ཽꦿ 一样的[呲牙],,
2026-05-13 22:41:30,104917868526,🌅,负59分,[等级7],[粉丝团 Lv8]
2026-05-13 22:41:30,993561207905837,十三月凉,你二舅有,[等级13],
2026-05-13 22:41:31,94679618617,终将失去的青春,你二舅有,[等级28],[粉丝团 Lv10]
2026-05-13 22:41:31,85680056662,言西^^早呀！,猫局又想尿尿了[捂脸],[等级11],[粉丝团 Lv10]
2026-05-13 22:41:31,2101862861388600,❃守护刺影,[666],[等级25],[粉丝团 Lv7]
2026-05-13 22:41:31,71098993742,路人、贾,32有,[等级12],
2026-05-13 22:41:32,51030308691,沧海一粟,[赞][赞][赞],[等级16],[粉丝团 Lv13]
2026-05-13 22:41:32,108825768878,南山居士,你这么大主播居然没有黄金风衣？,[等级1],
2026-05-13 22:41:32,64313003177,珍爱一生,[赞][赞][赞][赞][赞],[等级13],[粉丝团 Lv10]
2026-05-13 22:41:32,1118637450869609,1080,送个灯牌,[等级2],[粉丝团 Lv3]
2026-05-13 22:41:33,97183338992,薏苡.⁵¹⁰⁷⁴,[捂脸][捂脸][捂脸][捂脸],[等级17],[粉丝团 Lv12]
2026-05-13 22:41:33,3329743362468419,唯一,二舅有,[等级20],[粉丝团 Lv2]
2026-05-13 22:41:33,1486156930486008,伟,黄金不黄金！实力到位就行,[等级15],[粉丝团 Lv8]
2026-05-13 22:41:34,4327333764806140,❤️满眼皆是你,我有,[等级11],
2026-05-13 22:41:34,76786388221,🌈 海龍_,今年还不给发吗,[等级24],[粉丝团 Lv10]
2026-05-13 22:41:35,93293610221,小浩降临,牧童有,,
2026-05-13 22:41:37,61584068174,.过客,1,[等级26],[粉丝团 Lv8]
2026-05-13 22:41:37,102514723634,癖好,把你们没用的钱刷给老黑点,[等级16],[粉丝团 Lv10]
2026-05-13 22:41:37,105148636454,༒࿈狼啸永恒࿈༒,点赞啦,[等级14],[粉丝团 Lv6]
2026-05-13 22:41:38,2858358405342999,徒步新疆🇨🇳²⁰²⁶,穷鬼一个只能点点赞,[等级18],[粉丝团 Lv10]
2026-05-13 22:41:38,92632637672,香烟爱上火柴,32分钟有吗？,[等级18],[粉丝团 Lv10]
2026-05-13 22:41:38,3120847434291356,哈达,1111111,[等级5],[粉丝团 Lv7]
2026-05-13 22:41:39,61957369647,醉后的冲动,老黑知道我们要看小姐姐,[等级16],
2026-05-13 22:41:39,95507451318,溪鱼,二舅老拿着风衣装,[等级17],[粉丝团 Lv10]
2026-05-13 22:41:40,111480308764,锦程,我是大齐我有,[等级31],[粉丝团 Lv15]
2026-05-13 22:41:40,83705848652,🍭淋着雨🍭,[666][666][666],[等级10],[粉丝团 Lv8]
2026-05-13 22:41:40,2884772227983111,阿旭,老黑,[等级8],[粉丝团 Lv6]
2026-05-13 22:41:40,4358937121142893,小猪配骑,[比心][比心][比心][鼓掌][鼓掌][鼓掌],[等级15],[粉丝团 Lv7]
2026-05-13 22:41:43,792090380868413,向日葵的微笑,[玫瑰][玫瑰][玫瑰][玫瑰],[等级13],[粉丝团 Lv10]
2026-05-13 22:41:43,75389805983,一諾₃₀₈₁,老黑 饿了，应该给我点宵夜,[等级35],
2026-05-13 22:41:43,108825768878,南山居士,和平精英不想干了,[等级1],
2026-05-13 22:41:44,101465795184,天 ＆ 兔,你们猜今天是什么日子，没错正是主播的生日[看][看][看][看],[等级35],[粉丝团 Lv7]
2026-05-13 22:41:45,83705848652,🍭淋着雨🍭,[666][666][666],[等级10],[粉丝团 Lv8]
2026-05-13 22:41:45,78780549307,偌靉(安全员)99,老登二舅有,[等级21],[粉丝团 Lv10]
2026-05-13 22:41:46,3430895678660199,就要李_发财,黄金风衣比满级木乃伊贵吗？,[等级29],
2026-05-13 22:41:47,97806080834,🚬ღ᭄辭ꦿ࿐,但是你有冰丝裤衩,[等级21],[粉丝团 Lv15]
2026-05-13 22:41:47,1267057772737192,铁骨铮铮,我说句实话，掏猴子的🐒🐒🐒🐒,[等级10],[粉丝团 Lv5]
2026-05-13 22:41:47,99774015349,我是你雷哥⁹⁹⁹⁹⁹,传出去，黑蛋同性恋[看],[等级19],
2026-05-13 22:41:47,98349173902,星星点灯2,二舅借用一下,[等级4],[粉丝团 Lv2]
2026-05-13 22:41:48,1763255582985948,@㣻欦,[鼓掌][鼓掌][鼓掌][鼓掌][鼓掌][鼓掌][鼓掌][鼓掌][鼓掌],[等级13],[粉丝团 Lv4]
2026-05-13 22:41:49,54915355377,『逝氺无痕』,君雅还没有黄金风衣,[等级35],[粉丝团 Lv8]
2026-05-13 22:41:49,2009563192628787,木易,加班100万赞赞,[等级10],[粉丝团 Lv8]
2026-05-13 22:41:49,2344632289602847,长安有雪,[比心][比心][比心][比心],[等级18],[粉丝团 Lv9]
2026-05-13 22:41:50,2884772227983111,阿旭,怎么没实力,[等级8],[粉丝团 Lv6]
2026-05-13 22:41:50,108332748130,相遇微时,问你二舅要[呲牙],[等级16],
2026-05-13 22:41:51,87604014218,Fx¹⁰²⁷,鲨有，让他送你一套[捂脸],[等级30],
2026-05-13 22:41:51,2798671553367552,⋅,点点赞点点关注今天主播生日,[等级17],
2026-05-13 22:41:51,64551259866,ᦦ🐎¹⁹⁹⁰㋂㏶王℘࿐ᩚ,脱离跟随,[等级21],
2026-05-13 22:41:51,1763255582985948,@㣻欦,[鼓掌][鼓掌][鼓掌][鼓掌][鼓掌][鼓掌],[等级13],[粉丝团 Lv4]
2026-05-13 22:41:51,66299206533,✎﹏ℳღ᭄ꦿ暖ℒℴѵℯ阳,Logo号,[等级7],
2026-05-13 22:41:52,83705848652,🍭淋着雨🍭,[666][666][666],[等级10],[粉丝团 Lv8]
2026-05-13 22:41:53,3544449118126824,爱吃醋的李,点点赞[666][666][666][666]点点赞[鼓掌][鼓掌][鼓掌][鼓掌]点点赞[赞][赞][赞][赞],[等级25],[粉丝团 Lv11]
2026-05-13 22:41:55,3135454922419099,0923,[赞][赞][赞],[等级37],[粉丝团 Lv11]
2026-05-13 22:41:56,69550548628,月朦胧,没给你配一个,[等级4],
2026-05-13 22:41:56,108825768878,南山居士,必须给你三套风衣,[等级1],
2026-05-13 22:41:56,2831963117862039,悲伤的火鸡面,3,[等级13],[粉丝团 Lv10]
2026-05-13 22:41:56,101465795184,天 ＆ 兔,赶紧点点赞[看][看][看],[等级35],[粉丝团 Lv7]
2026-05-13 22:41:57,2541668655702413,御宇,我捧捧，天南海北，君雅醉美,[等级6],[粉丝团 Lv3]
2026-05-13 22:41:59,4162095481363833,mrtang,吓着小姐姐，不敢说话了[捂脸][捂脸][捂脸][捂脸][捂脸],,
2026-05-13 22:41:59,100436213197,你的张同学,[呲牙],[等级9],[粉丝团 Lv6]
2026-05-13 22:41:59,72624273628,石头,吓的妹妹不说话了,[等级11],[粉丝团 Lv10]
2026-05-13 22:42:00,309411621386987,90后公子,怎么都不说话了[捂脸][捂脸],[等级20],[粉丝团 Lv7]
2026-05-13 22:42:02,82240872765,依然执着承诺,@杰. 微,[等级19],[粉丝团 Lv10]
2026-05-13 22:42:05,108331503524,@，微笑,[比心][比心][比心][比心],[等级14],[粉丝团 Lv12]
2026-05-13 22:42:06,94090177921,唯念,猫又去撒尿了,[等级33],[粉丝团 Lv8]
2026-05-13 22:42:06,110019506846,🌈🌈重庆妹儿🌈🌈,。,[等级9],[粉丝团 Lv3]
2026-05-13 22:42:07,1864375673819964,@﹌自由_,那鲨鱼怎么拿到黄金风衣的,[等级27],[粉丝团 Lv3]
2026-05-13 22:42:08,95507498442,十三先生,为啥你没黄金风衣,[等级15],
2026-05-13 22:42:08,629381031018292,香蕉村的恋爱,我记得有个叫大齐游戏解说的有黄金风衣,[等级13],
2026-05-13 22:42:10,87621798940,🏀百尺竿头🙈💤,黄金风衣是什么，谁有,[等级26],[粉丝团 Lv3]
2026-05-13 22:42:11,100049026773,海上世界,可以申请一下黄金风衣了,[等级17],[粉丝团 Lv14]
2026-05-13 22:42:11,394079141639065,P90,1,[等级2],[粉丝团 Lv2]
2026-05-13 22:42:12,3544449118126824,爱吃醋的李,点点赞[666][666][666][666]点点赞[鼓掌][鼓掌][鼓掌][鼓掌]点点赞[赞][赞][赞][赞]点到50W,[等级25],[粉丝团 Lv11]
2026-05-13 22:42:12,96812125374,啊芜～✨,[爱心][爱心][打call][打call],[等级14],[粉丝团 Lv11]
2026-05-13 22:42:12,59260357003,✨罗某某✨,logo号你都不玩，黄金风衣给你也是两天新鲜,[等级18],[粉丝团 Lv11]
2026-05-13 22:42:12,83954632303,龙,扣49分这把,[等级28],[粉丝团 Lv8]
2026-05-13 22:42:14,93687105296,洛皮皮🐻‍❄️⁰⁵⁰³,点赞👍没点满的宝子❤️‍🔥❤️‍🔥把这个小时的3000👍赞点满🅾️点赞辛苦了❣️❣️❣️,[等级40],[粉丝团:张君雅 Lv17]
2026-05-13 22:42:15,99460247743,日行一善²⁰²⁶,主播主播，今天不是你的生日吗？,[等级12],[粉丝团 Lv10]
2026-05-13 22:42:18,77497764555,不缺暖阳-,@爱养鱼的猫 你3级啊,[等级29],[粉丝团 Lv13]
2026-05-13 22:42:18,96635808416,知趣i,嫂子开门，我是我哥,[等级20],[粉丝团 Lv12]
2026-05-13 22:42:19,99358555138,66,66,[等级27],[粉丝团 Lv14]
2026-05-13 22:42:20,61645649974,一粒尘埃,老黑有黄金风衣了？,[等级18],[粉丝团 Lv12]
2026-05-13 22:42:21,100049026773,海上世界,够资格了,[等级17],[粉丝团 Lv14]
2026-05-13 22:42:21,3819026927860087,搁浅的鱼！！,，,[等级22],[粉丝团 Lv5]
2026-05-13 22:42:22,4503658257446344,🥐cornetto,我下次去我爸妈那儿拿他们的抖音号都给你关注起来,[等级41],[粉丝团 Lv6]
2026-05-13 22:42:25,4372090580909815,执着终究输,今天主播过生日，卡灯牌只要1砖石[看][看][看][看][看],[等级12],[粉丝团 Lv8]
2026-05-13 22:42:26,97600677185,晓乔治ovo,[加功德],[等级38],[粉丝团 Lv12]
2026-05-13 22:42:26,3544449118126824,爱吃醋的李,点点赞[666][666][666][666]点点赞[鼓掌][鼓掌][鼓掌][鼓掌]点点赞[赞][赞][赞][赞],[等级25],[粉丝团 Lv11]
2026-05-13 22:42:28,104917868526,🌅,@爱养鱼的猫 不要装,[等级7],[粉丝团 Lv8]
2026-05-13 22:42:30,97600677185,晓乔治ovo,[加功德],[等级38],[粉丝团 Lv12]
2026-05-13 22:42:35,102469975321,✨名门⭐️,今天晚上没看见黑子不习惯[尬笑][尬笑][尬笑],[等级19],[粉丝团 Lv15]
2026-05-13 22:42:37,97183338992,薏苡.⁵¹⁰⁷⁴,往总热度榜涨,[等级17],[粉丝团 Lv12]
2026-05-13 22:42:45,97369239450,温度尚好,主播今天新婚之喜，麻烦关注下点点赞！,[等级7],[粉丝团 Lv1]
2026-05-13 22:42:51,3065066235899550,@开水烫红牛,因为张君雅的粉丝群叫黑风寨,[等级15],[粉丝团 Lv11]
2026-05-13 22:42:53,111480308764,锦程,黄金风衣都是给和平精英贡献好多年的人,[等级31],[粉丝团 Lv15]
2026-05-13 22:42:56,93687105296,洛皮皮🐻‍❄️⁰⁵⁰³,大家帮 君雅♀️爆甜妹妹💃🏻点点赞❣️点点赞❣️点点赞💞💞💞上个100万赞👍👍👍,[等级40],[粉丝团:张君雅 Lv17]
2026-05-13 22:43:10,108825768878,南山居士,那个三十二分钟打的🆖都有，你凭什么没有,[等级1],
2026-05-13 22:43:12,3819026927860087,搁浅的鱼！！,，,[等级22],[粉丝团 Lv5]
2026-05-13 22:43:12,96845611831,琪伊果,你这哥叫得顺啊[捂脸],[等级10],[粉丝团 Lv2]
2026-05-13 22:43:18,64551259866,ᦦ🐎¹⁹⁹⁰㋂㏶王℘࿐ᩚ,放无人机,[等级21],
2026-05-13 22:43:28,176377349548877,李爱笑丿,先去拿个密室,[等级4],
2026-05-13 22:43:32,3819026927860087,搁浅的鱼！！,，，,[等级22],[粉丝团 Lv5]
2026-05-13 22:43:41,92813188357,马先生🐲,速度点点点赞,[等级31],[粉丝团 Lv13]
2026-05-13 22:43:42,1829206389950766,伱我皆牛马,快去开密室,[等级25],[粉丝团 Lv2]
2026-05-13 22:43:42,93032203992,秀儿⁵¹⁰⁷⁴,@ᦦ🐎¹⁹⁹⁰㋂㏶王℘࿐ᩚ 无人机要3分钟才能开,[等级19],[粉丝团 Lv12]
2026-05-13 22:43:47,62178738196,抖音用户,去G港打肉干,[等级3],
2026-05-13 22:43:48,97369239450,温度尚好,主播今天二婚，麻烦关注下点点赞,[等级7],[粉丝团 Lv1]
2026-05-13 22:43:50,76133959662,@等风起,两个妹子？,[等级14],[粉丝团 Lv8]
2026-05-13 22:43:53,104689996186,白蛮—之刃,开P 90,[等级33],[粉丝团 Lv8]
2026-05-13 22:43:59,4503658257446344,🥐cornetto,@@等风起 嗯,[等级41],[粉丝团 Lv6]
2026-05-13 22:44:01,57847163748,叙白,晋级赛最后一把又碎了，太难了，你们都是怎么上绝世的,[等级25],[粉丝团 Lv11]
2026-05-13 22:44:12,3430895678660199,就要李_发财,不懂就问，满级木乃伊和黄金风衣哪个贵，分别是多少价位[比心][比心],[等级29],
2026-05-13 22:44:24,3913913666903720,太阳☀,AWM,[等级41],[粉丝团 Lv13]
2026-05-13 22:44:25,100064022281,。,土匪啊[捂脸][捂脸][捂脸],,
2026-05-13 22:44:32,98234963450,清白小生🍒,[捂脸][捂脸][捂脸],[等级38],[粉丝团 Lv10]
2026-05-13 22:44:33,4233546532927219,🉑🈶🉑🈚,[捂脸][尬笑],[等级20],[粉丝团 Lv10]
2026-05-13 22:44:37,3723397241514860,欺侮老头,你看她手速,,
2026-05-13 22:44:38,1838847804575764,老农民A1,@就要李_发财 黄金风衣不要钱，是官方给的,[等级33],[粉丝团 Lv15]
2026-05-13 22:44:40,3449586179646922,博宇,待会给你找一个？,[等级4],
2026-05-13 22:44:41,59182521835,🍬 心若情初💜,[捂脸],[等级21],[粉丝团 Lv5]
2026-05-13 22:44:42,105457912449,Mr.馬,[捂脸][捂脸][捂脸][捂脸][捂脸],[等级11],[粉丝团 Lv11]
2026-05-13 22:44:43,108825768878,南山居士,和平精英作死，居然不给你三套风衣黄金风衣花钱买不到,[等级1],
2026-05-13 22:44:44,62178738196,抖音用户,肉干太猛,[等级3],
2026-05-13 22:44:44,3935839844571848,慕,螺丝钉都不剩,[等级40],[粉丝团 Lv9]
2026-05-13 22:44:44,4058998357128558,来,[捂脸][捂脸][捂脸][捂脸],[等级8],[粉丝团 Lv2]
2026-05-13 22:44:44,81224119160,暖光,@叙白 抗毒[捂脸][捂脸][捂脸],,
2026-05-13 22:44:46,93032203992,秀儿⁵¹⁰⁷⁴,@就要李_发财 黄金风衣多少钱也买不到,[等级19],[粉丝团 Lv12]
2026-05-13 22:44:48,110895971722,一个人挺好…👿,@就要李_发财 黄金风衣买不到的,[等级24],[粉丝团 Lv8]
2026-05-13 22:44:51,62509342151,斯文·孙,打情骂俏[呲牙],[等级9],
2026-05-13 22:44:53,102469975321,✨名门⭐️,@就要李_发财 黄金风衣花钱买不到[尬笑][尬笑],[等级19],[粉丝团 Lv15]
2026-05-13 22:44:54,76133959662,@等风起,另一个妹妹不说话呢,[等级14],[粉丝团 Lv8]
2026-05-13 22:44:57,3723397241514860,欺侮老头,桌子上的东西眨眼就没了,,
2026-05-13 22:44:58,84187856416,Six,@就要李_发财 木乃伊买的到，黄金风衣好像没几个人有,[等级17],[粉丝团 Lv6]
2026-05-13 22:45:05,7419843522515305532,斩虍,随机回关288,[等级3],
2026-05-13 22:45:08,84187856416,Six,买不到,[等级17],[粉丝团 Lv6]
2026-05-13 22:45:11,108825768878,南山居士,但是你没有风衣是对和平一姐的不公平对待，重男轻女,[等级1],
2026-05-13 22:45:11,82526979511,天空空,猫局也开始调皮了,[等级36],[粉丝团 Lv12]
2026-05-13 22:45:12,78267720770,龍⁵¹⁰⁷⁴,@叙白 找人专给你收药抗毒,[等级28],[粉丝团 Lv15]
2026-05-13 22:45:24,108343994389,小孩子气,雅姐能不能让我抓你一把,[等级14],
2026-05-13 22:45:24,96038157678,江苏泗洪大蟹客,666,[等级31],[粉丝团 Lv1]
2026-05-13 22:45:24,1899604004308847,挚友,黄金风衣是怎么获得的,[等级18],[粉丝团 Lv1]
2026-05-13 22:45:33,237962435498220,⁸⁰登堡山⁰⁸,狙神,[等级38],[粉丝团 Lv16]
2026-05-13 22:45:33,1627697591880078,用户1557569082216,另一个是男的开始说了两字没听清,[等级9],[粉丝团 Lv5]
2026-05-13 22:45:40,110895971722,一个人挺好…👿,@挚友 官方,[等级24],[粉丝团 Lv8]
2026-05-13 22:45:41,57847163748,叙白,明天试下抗毒看看[捂脸],[等级25],[粉丝团 Lv11]
2026-05-13 22:45:41,77027854515,牧野异族马克,666,[等级28],
2026-05-13 22:45:45,2507346480214990,画春山,你是真怕死啊,[等级20],[粉丝团 Lv7]
2026-05-13 22:45:47,96038157678,江苏泗洪大蟹客,这能倒？？？封我吧，我黑粉,[等级31],[粉丝团 Lv1]
2026-05-13 22:45:49,62978378029,钟灵毓秀,自信收枪,[等级21],[粉丝团 Lv11]
2026-05-13 22:45:49,77027854515,牧野异族马克,666,[等级28],
2026-05-13 22:45:49,3913913666903720,太阳☀,@挚友 官方赠送,[等级41],[粉丝团 Lv13]
2026-05-13 22:45:54,77027854515,牧野异族马克,666,[等级28],
2026-05-13 22:46:03,108825768878,南山居士,为了抗议和平精英不给你全套风衣，我决定卸载游戏,[等级1],
2026-05-13 22:46:03,1570529765763374,清烟半缕󰠇,6,[等级34],[粉丝团 Lv5]
2026-05-13 22:46:05,4503669836332557,栩多渝🌽⚡️🌙,还有一个,[等级11],[粉丝团 Lv10]
2026-05-13 22:46:08,4503658257446344,🥐cornetto,@叙白 三个人辅助你  前期发育   后期抗毒,[等级41],[粉丝团 Lv6]
2026-05-13 22:46:10,62203129282,王𝒲𝒶𝓃ℊ ᥫᩣ💫,回去捡空头,[等级27],[粉丝团 Lv15]
2026-05-13 22:46:12,4312733019815760,雾里寻花,A打哪里来的？我刚来[捂脸],[等级13],[粉丝团 Lv11]
2026-05-13 22:46:12,522992643489406,羔羔羔羔,囧起来了,[等级27],[粉丝团 Lv6]
2026-05-13 22:46:20,78267720770,龍⁵¹⁰⁷⁴,@叙白 得有队友给你收药,[等级28],[粉丝团 Lv15]
2026-05-13 22:46:24,96038157678,江苏泗洪大蟹客,过分了,[等级31],[粉丝团 Lv1]
2026-05-13 22:46:27,101786950057,啊钦,啥耳机 这么厉害,[等级18],
2026-05-13 22:46:30,1972970651664173,萌 叔,赶快跑快跑快跑💨,[等级33],[粉丝团 Lv16]
2026-05-13 22:46:32,100377133091,杨氏正宗秘制皇后猪蹄,@雾里寻花 密室拿的,[等级23],[粉丝团 Lv7]
2026-05-13 22:46:33,101786950057,啊钦,听这么远,[等级18],
2026-05-13 22:46:40,84099880563,小A,@雾里寻花 密室里开出来的,[等级18],[粉丝团 Lv5]
2026-05-13 22:46:40,456999693197501,³√0₆,这都能听见,[等级11],
2026-05-13 22:46:41,59841363070,ゃp,有车声,[等级18],[粉丝团 Lv8]
2026-05-13 22:46:46,96038157678,江苏泗洪大蟹客,老乡，过分了。其他也能挣钱的,[等级31],[粉丝团 Lv1]
2026-05-13 22:46:50,59657998555,你会遗憾吗,@啊钦 那么大车声你听不到？？,[等级15],
2026-05-13 22:46:54,110895971722,一个人挺好…👿,@啊钦 老黑橱窗有同款耳机,[等级24],[粉丝团 Lv8]
2026-05-13 22:46:54,1267057772737192,铁骨铮铮,我说句实话，掏猴子的🐒🐒🐒🐒🐒🐒🐒🐒🐒🐒🐒,[等级10],[粉丝团 Lv5]
2026-05-13 22:46:56,99519056697,一二三k,耳机很牛,[等级7],[粉丝团 Lv8]
2026-05-13 22:47:07,59657998555,你会遗憾吗,我都听到了,[等级15],
2026-05-13 22:47:17,1798427627499870,TeFuir,兄弟们我回来了,[等级26],[粉丝团 Lv12]
2026-05-13 22:47:21,99372859314,启  夏,@江苏泗洪大蟹客 你可以刷飞机她给你看回放,[等级25],[粉丝团 Lv15]
2026-05-13 22:47:23,77416951506,ら孤痞,@啊钦 这还远？,[等级36],[粉丝团 Lv17]
2026-05-13 22:47:24,1972970651664173,萌 叔,@啊钦 不带耳机看什么游戏,[等级33],[粉丝团 Lv16]
2026-05-13 22:47:27,4312733019815760,雾里寻花,还爆金了[捂脸],[等级13],[粉丝团 Lv11]
2026-05-13 22:47:40,87604014218,Fx¹⁰²⁷,打雷了,[等级30],
2026-05-13 22:47:43,1601357024344691,L eo,我带的耳麦玩的，每次我听到车声队友都听不到,[等级19],[粉丝团 Lv11]
2026-05-13 22:47:44,1024396019894413,冲动是魔鬼,@TeFuir 才回来,[等级18],[粉丝团 Lv14]
2026-05-13 22:47:48,4503658257446344,🥐cornetto,@TeFuir 大保健结束了吗,[等级41],[粉丝团 Lv6]
2026-05-13 22:47:52,63992676826,睡着了还是困,u点困,[等级10],[粉丝团 Lv10]
2026-05-13 22:47:55,2386378385529776,ღ 念池鱼,队友这个声音好温柔啊,[等级16],
2026-05-13 22:47:56,99372859314,启  夏,@江苏泗洪大蟹客 快。你不相信你老乡你就刷个飞机看回放[比心],[等级25],[粉丝团 Lv15]
2026-05-13 22:48:01,609550534709379,Y巅峰,我用西伯利亚s2[尴尬流汗][尴尬流汗][尴尬流汗],[等级32],
2026-05-13 22:48:04,96038157678,江苏泗洪大蟹客,@启  夏 不用回放，露手搓我火箭刷屏,[等级31],[粉丝团 Lv1]
2026-05-13 22:48:04,1750047908434414,往事随风而逝,直播间都能听到一点。,[等级23],[粉丝团 Lv12]
2026-05-13 22:48:08,78519164857,是你没选我啊！,上把鸡了没？刚接了个视频！,[等级22],[粉丝团 Lv12]
2026-05-13 22:48:09,1972970651664173,萌 叔,@ら孤痞 反正我是带耳机看直播,[等级33],[粉丝团 Lv16]
2026-05-13 22:48:10,237962435498220,⁸⁰登堡山⁰⁸,[666][666][666],[等级38],[粉丝团 Lv16]
2026-05-13 22:48:23,60527757013,奶思兔咪邱女士～❤️,@是你没选我啊！ 鸡了,[等级22],[粉丝团 Lv11]
2026-05-13 22:48:23,484257882206712,欧欧欧包,？？？,[等级19],[粉丝团 Lv4]
2026-05-13 22:48:24,78267720770,龍⁵¹⁰⁷⁴,@是你没选我啊！ 鸡了,[等级28],[粉丝团 Lv15]
2026-05-13 22:48:25,93184505256,心如止水zgm,？？,[等级12],
2026-05-13 22:48:25,108617331607,🕊·R·₂·R·🕊ོ,[666][666][666][666][666][666][666],[等级15],[粉丝团 Lv11]
2026-05-13 22:48:25,237962435498220,⁸⁰登堡山⁰⁸,[666][666][666][666],[等级38],[粉丝团 Lv16]
2026-05-13 22:48:26,2604078384822663,小林呦.,？,[等级6],
2026-05-13 22:48:26,1798427627499870,TeFuir,@冲动是魔鬼 打王者去了,[等级26],[粉丝团 Lv12]
2026-05-13 22:48:27,761323149861565,一吱硕,@江苏泗洪大蟹客 得了吧口嗨谁不会,[等级10],
2026-05-13 22:48:27,79700987605,Battery-Jeff,开了,[等级21],[粉丝团 Lv8]
2026-05-13 22:48:27,60696366025,♥,？,[等级28],[粉丝团 Lv9]
2026-05-13 22:48:27,100377133091,杨氏正宗秘制皇后猪蹄,@是你没选我啊！ 鸡了,[等级23],[粉丝团 Lv7]
2026-05-13 22:48:28,76786388221,🌈 海龍_,6666,[等级24],[粉丝团 Lv10]
2026-05-13 22:48:28,4058998357128558,来,？？？？,[等级8],[粉丝团 Lv2]
2026-05-13 22:48:29,75293978048,洋洋得亿🎐,66666,[等级23],[粉丝团 Lv13]
2026-05-13 22:48:29,7519528213216560185,一条会飞的鱼,？,[等级11],[粉丝团 Lv5]
2026-05-13 22:48:29,63800656091,只吃一口口,这不是桂？,[等级18],
2026-05-13 22:48:31,93184505256,心如止水zgm,？？,[等级12],
2026-05-13 22:48:31,96635808416,知趣i,啊,[等级20],[粉丝团 Lv12]
2026-05-13 22:48:31,79876982398,王辉✌,？,[等级17],
2026-05-13 22:48:32,7519528213216560185,一条会飞的鱼,？,[等级11],[粉丝团 Lv5]
2026-05-13 22:48:33,470219582866307,忻安,？,[等级17],[粉丝团 Lv15]
2026-05-13 22:48:33,71074166083,乔巴,[小鼓掌][小鼓掌][小鼓掌][小鼓掌][小鼓掌][小鼓掌],[等级34],[粉丝团 Lv11]
2026-05-13 22:48:33,3073872191297821,zZ,？,[等级27],[粉丝团 Lv15]
2026-05-13 22:48:33,78007248662,🌈MiKey,？,[等级2],
2026-05-13 22:48:34,61748084992,川沙贝贝贝贝贝贝,我去？？。？,[等级19],[粉丝团 Lv10]
2026-05-13 22:48:35,61645649974,一粒尘埃,[666][666][666],[等级18],[粉丝团 Lv12]
2026-05-13 22:48:35,103811404276,💎Sooyaxxx21.💎,[666][666][666][666][666][666][666],[等级9],[粉丝团 Lv11]
2026-05-13 22:48:35,69084013934,🌸🌸,@是你没选我啊！ 连🐔,[等级6],[粉丝团 Lv7]
2026-05-13 22:48:35,63416229807,风沙迷了眼⁵¹⁰⁷⁴,[666][666][666][666][666],[等级21],[粉丝团 Lv15]
2026-05-13 22:48:35,2058762859066180,王淼淼,666,[等级22],
2026-05-13 22:48:36,102028794518,用户110524,太牛了,[等级19],[粉丝团 Lv5]
2026-05-13 22:48:36,3913913666903720,太阳☀,开了开了,[等级41],[粉丝团 Lv13]
2026-05-13 22:48:36,4503669836332557,栩多渝🌽⚡️🌙,牛逼牛逼牛逼牛逼,[等级11],[粉丝团 Lv10]
2026-05-13 22:48:37,811854763132375,以后的以后,人家肯定举报你,,
2026-05-13 22:48:37,102469975321,✨名门⭐️,[666][666][666],[等级19],[粉丝团 Lv15]
2026-05-13 22:48:37,98714916130,心碎_也完美、,。。。。。,[等级11],[粉丝团 Lv9]
2026-05-13 22:48:37,470219582866307,忻安,开了,[等级17],[粉丝团 Lv15]
2026-05-13 22:48:37,4503658257446344,🥐cornetto,@是你没选我啊！碾压,[等级41],[粉丝团 Lv6]
2026-05-13 22:48:37,78519164857,是你没选我啊！,又三连鸡了,[等级22],[粉丝团 Lv12]
2026-05-13 22:48:37,86562890288,ㅤ　 ㅤ顺利朱,？,[等级20],[粉丝团 Lv11]
2026-05-13 22:48:37,93404622161,十一 ʚ🐷⁷¹³ɞ,？,[等级42],[粉丝团 Lv12]
2026-05-13 22:48:37,71820339446,LLLIS777,？,[等级10],
2026-05-13 22:48:38,456999693197501,³√0₆,？,[等级11],
2026-05-13 22:48:38,309411621386987,90后公子,关了吧,[等级20],[粉丝团 Lv7]
2026-05-13 22:48:39,237962435498220,⁸⁰登堡山⁰⁸,瞬狙[666][666][666],[等级38],[粉丝团 Lv16]
2026-05-13 22:48:39,534807919995907,沈黑娃,开了,[等级23],[粉丝团 Lv6]
2026-05-13 22:48:39,92796233743,🇨🇳清醒🇨🇳,牛逼[赞][赞][赞][赞],[等级28],[粉丝团 Lv6]
2026-05-13 22:48:39,1042773355269868,烦恼,？,[等级22],
2026-05-13 22:48:39,246711788243949,野生向日葵🌻,[666][666][666][666],[等级19],[粉丝团 Lv8]
2026-05-13 22:48:39,109600067848,沉默,6666,[等级26],[粉丝团 Lv5]
2026-05-13 22:48:39,4862013350589,厉扑,啊？,[等级21],[粉丝团 Lv11]
2026-05-13 22:48:39,1682725011208043,Ma-,开了,[等级12],[粉丝团 Lv2]
2026-05-13 22:48:39,93184505256,心如止水zgm,？？,[等级12],
2026-05-13 22:48:39,4057673952927632,譕詺,哈哈[捂脸],[等级10],[粉丝团 Lv8]
2026-05-13 22:48:39,71830617955,認生若如初見,[666],[等级31],[粉丝团 Lv16]
2026-05-13 22:48:39,95626338259,然然,牛批,[等级32],[粉丝团 Lv6]
2026-05-13 22:48:40,102172846454,⚘,？,[等级5],
2026-05-13 22:48:40,1478159719214247,热心村民,！？,[等级15],[粉丝团 Lv8]
2026-05-13 22:48:40,92022245497,珏一,开了,[等级11],[粉丝团 Lv2]
2026-05-13 22:48:40,60527757013,奶思兔咪邱女士～❤️,牛掰,[等级22],[粉丝团 Lv11]
2026-05-13 22:48:40,223950994676659,一马平川,awm的神啊,[等级24],[粉丝团 Lv6]
2026-05-13 22:48:40,85420740251,小静,[666][666][666],[等级19],[粉丝团 Lv10]
2026-05-13 22:48:40,4165407898869996,我总后知后觉,6666666,[等级5],
2026-05-13 22:48:40,97088080701,🌈🌈🌈木子,？？？？,[等级33],[粉丝团 Lv11]
2026-05-13 22:48:40,2220639168496084,Mark•X 罗,66666,[等级7],
2026-05-13 22:48:40,4283296134465631,o,？,[等级7],
2026-05-13 22:48:40,1512542077459805,记得晒太阳,？？？,[等级18],[粉丝团 Lv9]
2026-05-13 22:48:41,97021139556,T☆,开了,[等级21],
2026-05-13 22:48:41,94197788080,五花肉🥩,？？？,[等级32],[粉丝团 Lv9]
2026-05-13 22:48:41,60740765299,amo_Ursinho,要被举报了,[等级19],[粉丝团 Lv13]
2026-05-13 22:48:41,3109872458796573,慕橙、,又开了,[等级1],
2026-05-13 22:48:41,3078225537805712,凯蒂🐱,你完了,[等级17],[粉丝团 Lv12]
2026-05-13 22:48:42,1033174858865783,散。,？,[等级34],[粉丝团 Lv10]
2026-05-13 22:48:42,93421569511,吃串串的喵,嗓子[捂脸],[等级2],[粉丝团 Lv4]
2026-05-13 22:48:42,69260020651,ZDL,[赞][赞][赞],[等级11],[粉丝团 Lv10]
2026-05-13 22:48:42,63924325617,糖钰小宝,？,[等级8],
2026-05-13 22:48:42,96867065246,罗 夕,开了,[等级12],[粉丝团 Lv10]
2026-05-13 22:48:42,77223069015,❤️李李,[666][666][666][666][666][666][666],[等级19],[粉丝团 Lv8]
2026-05-13 22:48:42,1601357024344691,L eo,666,[等级19],[粉丝团 Lv11]
2026-05-13 22:48:42,1367445777424910,Eucalyptus 🐸,？,[等级24],[粉丝团 Lv14]
2026-05-13 22:48:43,110940507669,哼哼哈嘿,？,[等级11],[粉丝团 Lv2]
2026-05-13 22:48:43,110487983863,都怪你隐身太清晰,[666][666][666][捂脸],[等级17],[粉丝团 Lv7]
2026-05-13 22:48:43,4390789759635656,广子,小声点,,
2026-05-13 22:48:43,108617331607,🕊·R·₂·R·🕊ོ,[666][666][666][666][666][666][666][666][666][666][666][666][666][666],[等级15],[粉丝团 Lv11]
2026-05-13 22:48:43,78016969370,未知。。。,？？？？,[等级15],[粉丝团 Lv8]
2026-05-13 22:48:43,100250134080,凯,超远距离[赞],[等级19],[粉丝团 Lv15]
2026-05-13 22:48:43,84092095671,心的力量,[666],[等级1],[粉丝团 Lv2]
2026-05-13 22:48:43,1556517540607726,▼・ᴥ・▼,？,[等级21],[粉丝团 Lv10]
2026-05-13 22:48:43,3765155603947184,顾北周,？,[等级6],
2026-05-13 22:48:44,50483076804,2,开了吧,[等级8],[粉丝团 Lv4]
2026-05-13 22:48:44,7519528213216560185,一条会飞的鱼,？,[等级11],[粉丝团 Lv5]
2026-05-13 22:48:44,2704407724044788,匚亓,？？？,[等级14],[粉丝团 Lv6]
2026-05-13 22:48:44,4300886546841632,大话西游2王同学,有点狠了[微笑],[等级10],
2026-05-13 22:48:44,70492044030,紫痕9099,忘了关吧[捂脸][捂脸][捂脸],[等级15],[粉丝团 Lv13]
2026-05-13 22:48:44,87049558548,圆较瘦,[捂脸][捂脸]吓到我了,[等级17],[粉丝团 Lv2]
2026-05-13 22:48:44,77369021662,超爱螺蛳粉🍜,牛逼,[等级19],[粉丝团 Lv11]
2026-05-13 22:48:44,54915355377,『逝氺无痕』,牛逼,[等级35],[粉丝团 Lv8]
2026-05-13 22:48:44,84106755362,幽灵呆,？开了？,[等级11],[粉丝团 Lv6]
2026-05-13 22:48:45,79259249475,珎歖,开了开了,[等级13],
2026-05-13 22:48:45,93014642999,🌈南山楠,基本操作,[等级11],[粉丝团 Lv10]
2026-05-13 22:48:45,99519056697,一二三k,？？？？？,[等级7],[粉丝团 Lv8]
2026-05-13 22:48:45,60742527698,☁️☀️🌧️🫧,哇趣太腻害了爱波,[等级29],[粉丝团 Lv10]
2026-05-13 22:48:45,106808983793,识趣,[捂脸][捂脸][捂脸][捂脸][捂脸],[等级15],[粉丝团 Lv11]
2026-05-13 22:48:45,3535663152507677,@小石头,666,[等级19],[粉丝团 Lv6]
2026-05-13 22:48:46,93920630912,ℳঞᩚ 戒 ঞᩚ,啊？,[等级26],[粉丝团 Lv3]
2026-05-13 22:48:46,14271251266,和🇨🇳天下,6666,[等级6],[粉丝团 Lv6]
2026-05-13 22:48:46,1059572056591934,冷,开啦？,[等级22],[粉丝团 Lv11]
2026-05-13 22:48:46,452597273341219,七月天,开了,[等级5],[粉丝团 Lv8]
2026-05-13 22:48:47,104371364890,Fun,开了[捂脸],[等级37],[粉丝团 Lv10]
2026-05-13 22:48:47,93425639249,卡拉米,开了,[等级16],[粉丝团 Lv7]
2026-05-13 22:48:47,70116519251,💗,好厉害,[等级3],
2026-05-13 22:48:47,2831963117862039,悲伤的火鸡面,[捂脸],[等级13],[粉丝团 Lv10]
2026-05-13 22:48:47,1829206389950766,伱我皆牛马,尿检,[等级25],[粉丝团 Lv2]
2026-05-13 22:48:47,98714916130,心碎_也完美、,要遭举报。哈哈哈,[等级11],[粉丝团 Lv9]
2026-05-13 22:48:47,102172846454,⚘,牛逼啊,[等级5],
2026-05-13 22:48:47,80567119609,心若向陽,这还不是挂,[等级17],
2026-05-13 22:48:48,104493381568,三,[666][666][666],[等级14],
2026-05-13 22:48:48,99880930642,曦,挂,[等级21],[粉丝团 Lv4]
2026-05-13 22:48:48,2386378385529776,ღ 念池鱼,这是挂吗,[等级16],
2026-05-13 22:48:48,104432719593,赞美愚者,你要被举报了,[等级34],
2026-05-13 22:48:48,581020321841502,加饭,开了？我去,[等级16],[粉丝团 Lv2]
2026-05-13 22:48:48,93184505256,心如止水zgm,？？,[等级12],
2026-05-13 22:48:48,18748583386,旺旺是只猫,开了？,[等级13],[粉丝团 Lv10]
2026-05-13 22:48:48,99787889302,心若兰兮终不移,开了吧,[等级34],[粉丝团 Lv2]
2026-05-13 22:48:48,68451000218,败落,没关[捂脸],[等级32],
2026-05-13 22:48:48,83724542786,青遥听雪,[鼓掌][鼓掌][鼓掌],[等级16],[粉丝团 Lv4]
2026-05-13 22:48:48,62978378029,钟灵毓秀,这甩狙帅的一匹,[等级21],[粉丝团 Lv11]
2026-05-13 22:48:49,100877984512,无情无义,66666,[等级36],
2026-05-13 22:48:49,22447737936,柔软的 Q 糖🍬🍬,[666][666][666],[等级7],
2026-05-13 22:48:49,100515465222,✨甜憨憨吖🌈,解释不了了[捂脸],[等级8],[粉丝团 Lv3]
2026-05-13 22:48:50,96362561751,一生有你,[捂脸][捂脸][捂脸],[等级12],[粉丝团 Lv11]
2026-05-13 22:48:50,4503696653068000,凡人,没关吧,[等级14],[粉丝团 Lv4]
2026-05-13 22:48:50,1811588536875735,航航业业,好像开了,[等级7],[粉丝团 Lv8]
2026-05-13 22:48:50,102172846454,⚘,开了,[等级5],
2026-05-13 22:48:50,98611994478,玩＝™搏命,啊～,[等级27],[粉丝团 Lv6]
2026-05-13 22:48:51,20239435624,訫訫大王,有贵,[等级18],[粉丝团 Lv9]
2026-05-13 22:48:51,96038157678,江苏泗洪大蟹客,我说的，直播窗口露手搓，我火箭刷屏！！！！？,[等级31],[粉丝团 Lv1]
2026-05-13 22:48:51,3913913666903720,太阳☀,关了吧,[等级41],[粉丝团 Lv13]
2026-05-13 22:48:52,69549195417,久睡成瘾,@只吃一口口 是挂，去举报吧,[等级26],[粉丝团 Lv8]
2026-05-13 22:48:52,61890472963,weiwf,这要遭举报了,[等级5],[粉丝团 Lv7]
2026-05-13 22:48:52,92796233743,🇨🇳清醒🇨🇳,牛逼[赞],[等级28],[粉丝团 Lv6]
2026-05-13 22:48:52,4862013350589,厉扑,这对吗？,[等级21],[粉丝团 Lv11]
2026-05-13 22:48:52,94398492035,来世做你帐上妖,[666][666][666],[等级12],[粉丝团 Lv11]
2026-05-13 22:48:54,95507451318,溪鱼,开  了还是没关,[等级17],[粉丝团 Lv10]
2026-05-13 22:48:54,71074166083,乔巴,？？？？,[等级34],[粉丝团 Lv11]
2026-05-13 22:48:54,107662442756,老曾⁶¹⁷,这嗓子能好？,[等级19],[粉丝团 Lv11]
2026-05-13 22:48:54,102172846454,⚘,牛逼啊,[等级5],
2026-05-13 22:48:55,1033174858865783,散。,？,[等级34],[粉丝团 Lv10]
2026-05-13 22:48:55,3556283947167949,邱邱🇨🇳,这预判,[等级29],[粉丝团 Lv6]
2026-05-13 22:48:55,77223069015,❤️李李,[666][666][666][666][666][666][666][666][666][666],[等级19],[粉丝团 Lv8]
2026-05-13 22:48:55,1925997403836780,人无再少年,我怀疑你开了,[等级18],[粉丝团 Lv3]
2026-05-13 22:48:56,2395167893756941,宿,关了吧，爱播,[等级25],[粉丝团 Lv12]
2026-05-13 22:48:56,602151430667160,剑,@就要李_发财 我靠，我都没有看到人,[等级6],[粉丝团 Lv9]
2026-05-13 22:48:56,104920417894,🌈五好青年,@只吃一口口 这就是挂，你不能理解呢挂,[等级11],[粉丝团 Lv10]
2026-05-13 22:48:57,108587545438,一生何求。。,开挂了,[等级2],
2026-05-13 22:48:58,52546045220,꧁꫞迃⭐幵꫞꧂,尿检[捂脸],[等级38],[粉丝团 Lv10]
2026-05-13 22:48:58,79259249475,珎歖,举报一波[捂脸],[等级13],
2026-05-13 22:48:58,7519528213216560185,一条会飞的鱼,？,[等级11],[粉丝团 Lv5]
2026-05-13 22:48:59,99229601776,♛小菜鸟,她的狙不用怀疑，第一女狙神,[等级17],[粉丝团 Lv12]
2026-05-13 22:48:59,4058998357128558,来,？？？？,[等级8],[粉丝团 Lv2]
2026-05-13 22:49:00,101076884055,Mr'李先森🚀,神,[等级18],
2026-05-13 22:49:00,892452276536252,Jiajiabin,演都不演啦？,[等级10],[粉丝团 Lv11]
2026-05-13 22:49:00,470219582866307,忻安,有桂,[等级17],[粉丝团 Lv15]
2026-05-13 22:49:02,67479174300,冲凉百香果,？？？,[等级16],
2026-05-13 22:49:02,99519056697,一二三k,还是喜欢看爱博玩狙,[等级7],[粉丝团 Lv8]
2026-05-13 22:49:03,7519528213216560185,一条会飞的鱼,？,[等级11],[粉丝团 Lv5]
2026-05-13 22:49:04,4503699279715189,落叶孤烟,你这一句大哥，我耳膜差点报废[捂脸][捂脸][捂脸][捂脸],[等级7],[粉丝团 Lv5]
2026-05-13 22:49:04,1644525708386619,八九野马,开了,[等级21],
2026-05-13 22:49:04,2439178392700387,广西狼兵,不要激动,[等级5],[粉丝团 Lv3]
2026-05-13 22:49:04,97904790867,两只小白兔子,开着吧，爱看,[等级8],[粉丝团 Lv2]
2026-05-13 22:49:05,3449599909169932,三秋叶,开了,[等级2],
2026-05-13 22:49:06,93864905741,他们叫我张大湿,尿检,[等级16],[粉丝团 Lv11]
2026-05-13 22:49:06,103964166674,一天到晚,又开科技,,
2026-05-13 22:49:06,60742527698,☁️☀️🌧️🫧,太腻害了吧啊,[等级29],[粉丝团 Lv10]
2026-05-13 22:49:07,99247846363,海仔,开了[捂脸][捂脸][捂脸],[等级23],[粉丝团 Lv13]
2026-05-13 22:49:07,2564473840474103,咸蛋超人,对面要举报了,[等级11],[粉丝团 Lv7]
2026-05-13 22:49:07,7519528213216560185,一条会飞的鱼,直接不演了是吧,[等级11],[粉丝团 Lv5]
2026-05-13 22:49:08,118362727004531,静,[666][666][666],[等级13],[粉丝团 Lv11]
2026-05-13 22:49:09,4503669836332557,栩多渝🌽⚡️🌙,哈哈,[等级11],[粉丝团 Lv10]
2026-05-13 22:49:09,4233546532927219,🉑🈶🉑🈚,[捂脸][尬笑][捂脸][尬笑],[等级20],[粉丝团 Lv10]
2026-05-13 22:49:09,108617331607,🕊·R·₂·R·🕊ོ,[666][666][666][666][666][666][666][666][666][666][666][666],[等级15],[粉丝团 Lv11]
2026-05-13 22:49:09,470219582866307,忻安,自首吧,[等级17],[粉丝团 Lv15]
2026-05-13 22:49:10,94105709583,Mr.N🛫,关了吧,[等级27],
2026-05-13 22:49:10,3685217451385853,小印💋️,关了吧,,
2026-05-13 22:49:11,1644525708386619,八九野马,开了开了,[等级21],
2026-05-13 22:49:11,73625830353,S ฅฅ*³,实锤了[看],[等级22],[粉丝团 Lv12]
2026-05-13 22:49:11,99880930642,曦,桂,[等级21],[粉丝团 Lv4]
2026-05-13 22:49:13,88757268529,张小狮,黑子说话[看][看][看],[等级11],[粉丝团 Lv11]
2026-05-13 22:49:13,111377062773,小康,透,[等级7],
2026-05-13 22:49:13,3634352077952348,显眼包,开了,,
2026-05-13 22:49:14,44455973627559,中午12点,赶紧天天举报,[等级2],
2026-05-13 22:49:14,1020812828351704,余生随缘,老黑这狙真厉害,[等级8],
2026-05-13 22:49:14,1798453090059043,小强,预判过点了！挂什么,[等级35],[粉丝团 Lv11]
2026-05-13 22:49:15,106635873085,এ᭄公子ོꦿృ༊,举报[捂脸],[等级33],[粉丝团 Lv1]
2026-05-13 22:49:15,104600621959,戒心,开了,[等级26],[粉丝团 Lv7]
2026-05-13 22:49:16,4252510206311443,"花心大萝卜""",点点举报[捂脸][捂脸],[等级22],
2026-05-13 22:49:17,4146951098729992,乄未来可期乄,点了点了，点举报[捂脸],[等级31],
2026-05-13 22:49:17,4232474243644123,忘掉哈,就算开挂，也打不了这么准,,
2026-05-13 22:49:18,86562890288,ㅤ　 ㅤ顺利朱,开了开了[看][看][看][看],[等级20],[粉丝团 Lv11]
2026-05-13 22:49:19,76786388221,🌈 海龍_,弹无虚发啊 厉害,[等级24],[粉丝团 Lv10]
2026-05-13 22:49:19,98714916130,心碎_也完美、,[666][666][666][666][666][666][666][666][666],[等级11],[粉丝团 Lv9]
2026-05-13 22:49:19,97600677185,晓乔治ovo,好快关了吧[捂脸]，,[等级38],[粉丝团 Lv12]
2026-05-13 22:49:21,7519528213216560185,一条会飞的鱼,感觉要没,[等级11],[粉丝团 Lv5]
2026-05-13 22:49:22,1256122564751680,烟花再美也是瞬间,不是开了压根没关[看][看],[等级18],[粉丝团 Lv5]
2026-05-13 22:49:23,87049558548,圆较瘦,要遭举报了[捂脸][捂脸][捂脸][捂脸],[等级17],[粉丝团 Lv2]
2026-05-13 22:49:23,93687105296,洛皮皮🐻‍❄️⁰⁵⁰³,大家帮 君雅♀️爆甜妹妹💃🏻点点赞❣️点点赞❣️点点赞💞💞💞上个100万赞👍👍👍,[等级40],[粉丝团:张君雅 Lv17]
2026-05-13 22:49:25,237962435498220,⁸⁰登堡山⁰⁸,把公屏打在牛逼上,[等级38],[粉丝团 Lv16]
2026-05-13 22:49:25,175538554811668,花样男,键位码,[等级15],[粉丝团 Lv8]
2026-05-13 22:49:27,97754841248,Laws123,开什么，根本就没关[看],[等级6],[粉丝团 Lv4]
2026-05-13 22:49:28,100515465222,✨甜憨憨吖🌈,完蛋，哈哈,[等级8],[粉丝团 Lv3]
2026-05-13 22:49:28,3408098413512419,心静自然,牛逼[赞],[等级30],[粉丝团 Lv11]
2026-05-13 22:49:29,2507346480214990,画春山,点点举报，哈哈哈,[等级20],[粉丝团 Lv7]
2026-05-13 22:49:29,91715791654,S˙Jun23˙Can,[666],[等级12],[粉丝团 Lv4]
2026-05-13 22:49:29,1715709940345863,阿阿阿怪,一颗子弹消灭一个敌人,[等级6],
2026-05-13 22:49:29,95507451318,溪鱼,6倍打的真好,[等级17],[粉丝团 Lv10]
2026-05-13 22:49:30,88757268529,张小狮,微信区,[等级11],[粉丝团 Lv11]
2026-05-13 22:49:31,1750047908434414,往事随风而逝,开了,[等级23],[粉丝团 Lv12]
2026-05-13 22:49:31,99519056697,一二三k,牛逼,[等级7],[粉丝团 Lv8]
2026-05-13 22:49:31,2831963117862039,悲伤的火鸡面,开了,[等级13],[粉丝团 Lv10]
2026-05-13 22:49:31,111642458376,娱锋,有脑子的也不会说是G,[等级11],[粉丝团 Lv11]
2026-05-13 22:49:33,95285920974,🌈🌈🌈🌈,牛逼,[等级16],[粉丝团 Lv3]
2026-05-13 22:49:33,4058998357128558,来,？？？？,[等级8],[粉丝团 Lv2]
2026-05-13 22:49:33,3235212001290636,Nirvana,开了吧[捂脸],[等级2],
2026-05-13 22:49:33,587615959256659,军迷,预判估计他过点,[等级17],[粉丝团 Lv11]
2026-05-13 22:49:33,60527757013,奶思兔咪邱女士～❤️,承认主播优秀这么难吗[捂脸][捂脸][捂脸][捂脸],[等级22],[粉丝团 Lv11]
2026-05-13 22:49:33,101395805039,小陈•,？,[等级37],[粉丝团 Lv7]
2026-05-13 22:49:33,1020812828351704,余生随缘,牛逼,[等级8],
2026-05-13 22:49:33,99229601776,♛小菜鸟,以前的狙更猛,[等级17],[粉丝团 Lv12]
2026-05-13 22:49:34,3913913666903720,太阳☀,关了吧,[等级41],[粉丝团 Lv13]
2026-05-13 22:49:34,4503669836332557,栩多渝🌽⚡️🌙,牛逼啊,[等级11],[粉丝团 Lv10]
2026-05-13 22:49:34,96038157678,江苏泗洪大蟹客,主播人不错，但不要把大家当傻子,[等级31],[粉丝团 Lv1]
2026-05-13 22:49:34,102164924438,心徒,上城有人,[等级5],[粉丝团 Lv5]
2026-05-13 22:49:34,102028794518,用户110524,太牛了,[等级19],[粉丝团 Lv5]
2026-05-13 22:49:34,71983688442,花九九,黑子要说话了,[等级15],[粉丝团 Lv11]
2026-05-13 22:49:35,3175868363977623,洋  仔⁸⁰⁰⁸,@只吃一口口 一百多万的号你拿来开挂吧,[等级21],[粉丝团:张君雅 Lv12]
2026-05-13 22:49:35,61748084992,川沙贝贝贝贝贝贝,哈哈哈哈哈哈太牛了啊,[等级19],[粉丝团 Lv10]
2026-05-13 22:49:35,93184505256,心如止水zgm,？？,[等级12],
2026-05-13 22:49:35,98194107432,日进：斗金。,正能量,[等级24],[粉丝团 Lv10]
2026-05-13 22:49:35,101808958385,陆辰,CF里这种过点狙是常态,[等级26],[粉丝团 Lv11]
2026-05-13 22:49:35,144766654225678,牛仔很忙,开了[捂脸],[等级9],[粉丝团 Lv3]
2026-05-13 22:49:35,50346402916,十月份.,？,[等级14],[粉丝团 Lv11]
2026-05-13 22:49:35,60696366025,♥,快关掉,[等级28],[粉丝团 Lv9]
2026-05-13 22:49:35,93421569511,吃串串的喵,[捂脸][捂脸][捂脸][捂脸]真牛,[等级2],[粉丝团 Lv4]
2026-05-13 22:49:36,609550534709379,Y巅峰,开了[捂脸][捂脸][捂脸],[等级32],
2026-05-13 22:49:36,3078225537805712,凯蒂🐱,关了吧,[等级17],[粉丝团 Lv12]
2026-05-13 22:49:36,96635808416,知趣i,[抠鼻],[等级20],[粉丝团 Lv12]
2026-05-13 22:49:36,68422483360,深情不及久伴,@心若向陽 报警,[等级25],[粉丝团 Lv11]
2026-05-13 22:49:36,1769555637837452,熹宝,快关了快关了。,[等级19],
2026-05-13 22:49:36,50666988323,林0310,[666][666][666][666],[等级25],[粉丝团 Lv4]
2026-05-13 22:49:37,11440403524768,十六   🦋,说不清了,[等级37],[粉丝团 Lv4]
2026-05-13 22:49:37,54842942123,এ᭄°余生丶请指教ꦿᮁ໊এ᭄゛,你完了[捂脸],[等级15],[粉丝团 Lv8]
2026-05-13 22:49:37,73330049117,一代村帅钱三爷,关了吧,[等级15],[粉丝团 Lv11]
2026-05-13 22:49:37,101076884055,Mr'李先森🚀,这就是老黑实力，不用怀疑,[等级18],
2026-05-13 22:49:37,2831963117862039,悲伤的火鸡面,忘记关了吗[捂脸][捂脸],[等级13],[粉丝团 Lv10]
2026-05-13 22:49:37,1033174858865783,散。,一枪一个[捂脸],[等级34],[粉丝团 Lv10]
2026-05-13 22:49:37,484257882206712,欧欧欧包,手感火热,[等级19],[粉丝团 Lv4]
2026-05-13 22:49:38,52546045220,꧁꫞迃⭐幵꫞꧂,？？？,[等级38],[粉丝团 Lv10]
2026-05-13 22:49:38,100515465222,✨甜憨憨吖🌈,不得了不得了,[等级8],[粉丝团 Lv3]
2026-05-13 22:49:39,3544449118126824,爱吃醋的李,狙神荣耀,[等级25],[粉丝团 Lv11]
2026-05-13 22:49:39,4375664403680372,， ， ，,关了吧,[等级17],[粉丝团 Lv10]
2026-05-13 22:49:39,1682725011208043,Ma-,？,[等级12],[粉丝团 Lv2]
2026-05-13 22:49:39,972409766944461,南拥夏栀,？？？,[等级21],[粉丝团 Lv11]
2026-05-13 22:49:39,98061316280,♊凡尘,完了[捂脸][捂脸][捂脸][捂脸],[等级32],[粉丝团 Lv10]
2026-05-13 22:49:39,844867683494035,起 点,点点举报,[等级28],[粉丝团 Lv8]
2026-05-13 22:49:39,111554191116,向英雄致敬,牛逼,[等级15],[粉丝团 Lv1]
2026-05-13 22:49:39,69799652970,白白咯,开了,[等级21],
2026-05-13 22:49:39,58654724749,L·May·06·Taurus♉,猫局:点了，点点举报队友[看],[等级18],[粉丝团 Lv7]
2026-05-13 22:49:40,92685984511,锈刃藏锋,是不是忘记关了,[等级27],
2026-05-13 22:49:40,1640887381135000,夏天,一枪一个小朋友,[等级11],[粉丝团 Lv5]
2026-05-13 22:49:40,2663432393593513,甜ル🍒,666,[等级36],[粉丝团:张君雅 Lv5]
2026-05-13 22:49:40,98611994478,玩＝™搏命,狙神附体了？,[等级27],[粉丝团 Lv6]
2026-05-13 22:49:40,18374452326,随「缘,开了,[等级17],[粉丝团 Lv10]
2026-05-13 22:49:40,1541962763867504,character,？？,[等级11],
2026-05-13 22:49:40,3078225537805712,凯蒂🐱,别这样,[等级17],[粉丝团 Lv12]
2026-05-13 22:49:40,51782197378,爱哭的鱼…,把自己吓到了,[等级34],[粉丝团:张君雅 Lv15]
2026-05-13 22:49:41,51011709573323,往事如烟,一枪一个小朋友,[等级28],[粉丝团 Lv9]
2026-05-13 22:49:41,57656943387,✨ 半允禾 Lune,解释不清了,[等级22],[粉丝团 Lv13]
2026-05-13 22:49:42,200580296878250,ο▬▬▬◙▅▅▆▆▆▆◤千,开了,[等级7],[粉丝团 Lv10]
2026-05-13 22:49:42,92403004279,00K很ok！,举报吧，真的,[等级14],[粉丝团 Lv10]
2026-05-13 22:49:42,94511118465,及时止损,猫局情绪价值给满呀,[等级2],
2026-05-13 22:49:42,609550534709379,Y巅峰,绝对开了[捂脸][捂脸][捂脸],[等级32],
2026-05-13 22:49:42,534807919995907,沈黑娃,关了吧，一会被举报了,[等级23],[粉丝团 Lv6]
2026-05-13 22:49:42,67029955024,待栀落,关了关了吧，哈哈哈哈,[等级30],[粉丝团 Lv15]
2026-05-13 22:49:42,62467530775,平安.😼,关了吧！,[等级23],[粉丝团 Lv8]
2026-05-13 22:49:43,3913913666903720,太阳☀,开了开了,[等级41],[粉丝团 Lv13]
2026-05-13 22:49:43,63800656091,只吃一口口,这不是桂,[等级18],
2026-05-13 22:49:43,2858358405342999,徒步新疆🇨🇳²⁰²⁶,举报你,[等级18],[粉丝团 Lv10]
2026-05-13 22:49:44,3157445076854464,无界,开了,[等级15],[粉丝团 Lv5]
2026-05-13 22:49:44,72813485275,皮皮皮,六倍比八倍还好用,[等级20],[粉丝团 Lv15]
2026-05-13 22:49:44,811854763132375,以后的以后,你今天这狙好像开挂的啊,,
2026-05-13 22:49:44,3837709416138076,100.,举报了,[等级18],[粉丝团 Lv12]
2026-05-13 22:49:44,309411621386987,90后公子,下次记得关了 这次原谅你[捂脸],[等级20],[粉丝团 Lv7]
2026-05-13 22:49:44,2421567983718772,🌻谷德衣无领,点点举报[尬笑][尬笑],[等级28],[粉丝团 Lv10]
2026-05-13 22:49:44,93184505256,心如止水zgm,绝对开了,[等级12],
2026-05-13 22:49:45,100250134080,凯,开了也打不出这个效果,[等级19],[粉丝团 Lv15]
2026-05-13 22:49:45,97610404908,PL,点点举报,[等级15],
2026-05-13 22:49:45,61890472963,weiwf,这无解了,[等级5],[粉丝团 Lv7]
2026-05-13 22:49:45,101804966887,吴可挑剔,点点举报,[等级20],
2026-05-13 22:49:46,1530976442254383,带五个孤儿住天桥底下,黑子快出来扣问号了,[等级27],[粉丝团 Lv11]
2026-05-13 22:49:46,93169074503,縸藜,这局手感犹如挂[捂脸],[等级18],[粉丝团 Lv11]
2026-05-13 22:49:46,88757268529,张小狮,开了[看],[等级11],[粉丝团 Lv11]
2026-05-13 22:49:46,85284297714,无所谓84819,真开了[捂脸][捂脸],[等级19],[粉丝团 Lv7]
2026-05-13 22:49:46,76292822372,🫧🫧🫧,开了吧[捂脸][捂脸],[等级14],
2026-05-13 22:49:46,7603294357017773105,6666,开了,[等级7],[粉丝团 Lv3]
2026-05-13 22:49:47,103811404276,💎Sooyaxxx21.💎,一枪一个小朋友,[等级9],[粉丝团 Lv11]
2026-05-13 22:49:47,1702489841494813,葫芦♬,不解释了，就开了[捂脸],[等级12],[粉丝团 Lv9]
2026-05-13 22:49:47,2386378385529776,ღ 念池鱼,妈呀，这把要躺鸡了,[等级16],
2026-05-13 22:49:48,4328615522,嘎嘣脆,来感觉了？,[等级27],[粉丝团 Lv10]
2026-05-13 22:49:48,95507451318,溪鱼,以后打6倍吧.别打8倍了,[等级17],[粉丝团 Lv10]
2026-05-13 22:49:49,93184505256,心如止水zgm,开了,[等级12],
2026-05-13 22:49:50,83891107891,山月不知心底事( ˃̶̤́ ꒳ ˂̶̤̀,又要被喷了,[等级17],[粉丝团 Lv6]
2026-05-13 22:49:50,285518783593516,Asher,牛,[等级17],[粉丝团 Lv4]
2026-05-13 22:49:52,73625830353,S ฅฅ*³,差不多得了，可以关了,[等级22],[粉丝团 Lv12]
2026-05-13 22:49:52,2663432393593513,甜ル🍒,牛逼老黑,[等级36],[粉丝团:张君雅 Lv5]
2026-05-13 22:49:52,3905056839578446,小猪唛,关了吧[捂脸],[等级24],[粉丝团 Lv14]
2026-05-13 22:49:52,105855089412,小麦果汁,用挂了吧，大仓库里哪看的见人,[等级2],[粉丝团 Lv1]
2026-05-13 22:49:52,3996063592881981,@@🚬yangꦿ᭄ཽ࿆࿆:,开挂了[捂脸][捂脸][捂脸],[等级15],[粉丝团 Lv10]
2026-05-13 22:49:52,62513823715,温柔^,完了,[等级28],[粉丝团 Lv11]
2026-05-13 22:49:53,4169824745303182,花生🥜,尿检,[等级24],[粉丝团 Lv11]
2026-05-13 22:49:53,84106755362,幽灵呆,锁头了你这是[看],[等级11],[粉丝团 Lv6]
2026-05-13 22:49:53,109805005610,菲泥默薯,忘关了[捂脸],[等级23],[粉丝团 Lv8]
2026-05-13 22:49:54,103442798670,夜...dz,点点举报点点赞[鼓掌][鼓掌][鼓掌][鼓掌][鼓掌],[等级14],[粉丝团 Lv11]
2026-05-13 22:49:54,69238203887,一大坨,开了开了,[等级32],[粉丝团 Lv11]
2026-05-13 22:49:54,2238239079928174,身份暴露了,举报点一波[捂脸],[等级16],[粉丝团 Lv12]
2026-05-13 22:49:54,93184505256,心如止水zgm,开了,[等级12],
2026-05-13 22:49:55,59182521835,🍬 心若情初💜,[捂脸][捂脸],[等级21],[粉丝团 Lv5]
2026-05-13 22:49:55,69549195417,久睡成瘾,老黑快关了吧[捂脸],[等级26],[粉丝团 Lv8]
2026-05-13 22:49:55,76133959662,@等风起,都快点报警吧,[等级14],[粉丝团 Lv8]
2026-05-13 22:49:56,101561295119,榮耀,队友人都没看到，老黑杀人王了,[等级18],[粉丝团 Lv10]
2026-05-13 22:49:56,175538554811668,花样男,键位码,[等级15],[粉丝团 Lv8]
2026-05-13 22:49:56,102863732008,星空之恋酒吧,A大增强了,[等级24],[粉丝团 Lv4]
2026-05-13 22:49:56,60887449857,🌸一朵小花,解释不清。我先躲会。你们上[懵],[等级22],[粉丝团 Lv10]
2026-05-13 22:49:58,100515465222,✨甜憨憨吖🌈,扑总汗都出来了吧[捂脸],[等级8],[粉丝团 Lv3]
2026-05-13 22:49:58,7519528213216560185,一条会飞的鱼,要数据异常了,[等级11],[粉丝团 Lv5]
2026-05-13 22:49:59,82240872765,依然执着承诺,就没有关，让他们举报吧,[等级19],[粉丝团 Lv10]
2026-05-13 22:49:59,1626875586159368,老韦,快点录频举报,[等级13],[粉丝团 Lv13]
2026-05-13 22:50:02,2247824732324727,小光，爱钓鱼,开了开了开了。,[等级19],[粉丝团 Lv10]
2026-05-13 22:50:02,3430895678660199,就要李_发财,我以前都带耳机看，但有时候老黑的声浪我实在扛不住，所以就不敢戴了[捂脸],[等级29],
2026-05-13 22:50:02,3408098413512419,心静自然,一枪一个小朋友,[等级30],[粉丝团 Lv11]
2026-05-13 22:50:02,99519056697,一二三k,手感来了,[等级7],[粉丝团 Lv8]
2026-05-13 22:50:02,3598082003173943,独坐愁城,开了,[等级17],
2026-05-13 22:50:02,78267720770,龍⁵¹⁰⁷⁴,太牛逼了,[等级28],[粉丝团 Lv15]
2026-05-13 22:50:03,99880930642,曦,自苗,[等级21],[粉丝团 Lv4]
2026-05-13 22:50:04,509818415880967,中意李,老黑，忘关了[看],[等级7],[粉丝团 Lv4]
2026-05-13 22:50:04,4481228059982771,ཨོཾ陌☞路☀,牛逼，子弹是带导航的吗,[等级2],
2026-05-13 22:50:04,2665697062160392,哈喽啊啊额个,和卢本伟一样吧这玩的[捂脸],[等级11],
2026-05-13 22:50:04,2604078384822663,小林呦.,没关就是开了?,[等级6],
2026-05-13 22:50:04,94476909937,ღ᭄茜🫧,今晚手感好,[等级22],[粉丝团 Lv11]
2026-05-13 22:50:06,3619235368280125,保护我方后義,没空过啊这,[等级12],[粉丝团 Lv10]
2026-05-13 22:50:06,102028794518,用户110524,太牛了宝宝,[等级19],[粉丝团 Lv5]
2026-05-13 22:50:06,289867803671152,英子,我也来感觉了,[等级15],[粉丝团 Lv13]
2026-05-13 22:50:07,44455973627559,中午12点,是不是忘记关了？,[等级2],
2026-05-13 22:50:07,75216878522,晚知泽,关了吧，没意思,[等级26],
2026-05-13 22:50:08,71983688442,花九九,黑子要来攻击了,[等级15],[粉丝团 Lv11]
2026-05-13 22:50:08,88125133521,我的世界,[666][666][666],[等级8],[粉丝团 Lv9]
2026-05-13 22:50:08,66664426021,@💞ꦿ᭄小阝击 ོꦿృ༊：💞,这把又挨举报了[捂脸],[等级2],
2026-05-13 22:50:08,111377062773,小康,应该是透，,[等级7],
2026-05-13 22:50:09,60696366025,♥,快关了,[等级28],[粉丝团 Lv9]
2026-05-13 22:50:09,104930503766,ʕº̫͡,比开了还准哈哈😂,[等级8],[粉丝团 Lv7]
2026-05-13 22:50:11,4077420646244526,M338,这不是外挂～,[等级14],[粉丝团 Lv9]
2026-05-13 22:50:12,111467981858,cyl,一会小黑屋了,[等级1],
2026-05-13 22:50:13,60527757013,奶思兔咪邱女士～❤️,来感觉了，今晚打的真不错[比心][比心][比心],[等级22],[粉丝团 Lv11]
2026-05-13 22:50:14,2889940102546845,冷暖自知,有人施舍 50买东西吃吗 两天没吃饭了 真的好饿 没找到工作 走投无路了[流泪][流泪][流泪,,
2026-05-13 22:50:15,88957121608,大伟,这6倍比8倍还要狠啊,[等级33],[粉丝团 Lv4]
2026-05-13 22:50:15,1313229862344720,向往,说的这话自己都不相信自己的感觉[捂脸][捂脸][捂脸],[等级5],
2026-05-13 22:50:16,96038157678,江苏泗洪大蟹客,这点举报，没毛病吧？？？粉丝说话！！！！！！！！,[等级31],[粉丝团 Lv1]
2026-05-13 22:50:16,109044551886,🌈一世浮华じ,尿检,[等级15],[粉丝团 Lv9]
2026-05-13 22:50:18,237962435498220,⁸⁰登堡山⁰⁸,君雅去年一直打狙，那叫出神入化,[等级38],[粉丝团 Lv16]
2026-05-13 22:50:19,62780209254,我不吃饭、,绝了啊,[等级19],[粉丝团 Lv11]
2026-05-13 22:50:21,3555195819923320,山东巧客新能源车业,举报了,,
2026-05-13 22:50:23,7523387484556117049,别偷看我,举报次数多了 会封吗,,
2026-05-13 22:50:23,102131139676,@行云流水——,@娱锋 看看就行了,[等级15],
2026-05-13 22:50:25,1948794942401459,卷毛狒狒,号主快上号领邮件,[等级4],
2026-05-13 22:50:27,7519528213216560185,一条会飞的鱼,空一枪证明没开,[等级11],[粉丝团 Lv5]
2026-05-13 22:50:28,66033296597,吗嘍在城市,玩下游戏吧你们,[等级21],[粉丝团 Lv4]
2026-05-13 22:50:29,87604014218,Fx¹⁰²⁷,赛季要结束了吗,[等级30],
2026-05-13 22:50:34,10350113338041,用户2773121987711,[爱心][爱心][爱心],,
2026-05-13 22:50:37,10350113338041,用户2773121987711,[酷拽],,
2026-05-13 22:50:39,95125791662,用户9985033051377,我终于找到机会了，明天企鹅楼下见[捂脸][比心][比心][比心][比心][比心][比心][比心][比心],,
2026-05-13 22:50:41,72857378188,。,白绷带➕螳螂经典组合,[等级9],
2026-05-13 22:50:42,96038157678,江苏泗洪大蟹客,理智粉丝出来说一句！！！！,[等级31],[粉丝团 Lv1]
2026-05-13 22:50:45,874847890575219,陈晓北,你们去举报，，昨天我卖给他的[捂脸][捂脸][捂脸],[等级3],[粉丝团 Lv3]
2026-05-13 22:50:47,97369239450,温度尚好,赶紧关了，要不我举报了,[等级7],[粉丝团 Lv1]
2026-05-13 22:50:47,109756665406,ᑮéиg宝🧸ོ,手感火热,[等级29],[粉丝团 Lv12]
2026-05-13 22:50:50,68179112233,克里斯～RONALDO,这次没开，怕被举报,[等级19],
2026-05-13 22:50:52,1530976442254383,带五个孤儿住天桥底下,老黑的子弹自带GPS,[等级27],[粉丝团 Lv11]
2026-05-13 22:50:52,111438436586,真就九漏鱼²⁰²⁶,来感觉了，露头秒！[捂脸][捂脸][捂脸],[等级14],[粉丝团 Lv11]
2026-05-13 22:50:56,75293978048,洋洋得亿🎐,扑总瑟瑟发抖🥶,[等级23],[粉丝团 Lv13]
2026-05-13 22:50:56,97806080834,🚬ღ᭄辭ꦿ࿐,之前陀螺仪比这猛 该手搓她也适应了挺长时间 开始狙的不是胳臂就是腿的,[等级21],[粉丝团 Lv15]
2026-05-13 22:50:56,85284297714,无所谓84819,刚又关了[捂脸][捂脸][捂脸][捂脸],[等级19],[粉丝团 Lv7]
2026-05-13 22:51:02,3996063592881981,@@🚬yangꦿ᭄ཽ࿆࿆:,开了,[等级15],[粉丝团 Lv10]
2026-05-13 22:51:07,111377062773,小康,百分之一百是透,[等级7],
2026-05-13 22:51:09,534807919995907,沈黑娃,开了,[等级23],[粉丝团 Lv6]
2026-05-13 22:51:13,94621081467,雨踏歌行.,@江苏泗洪大蟹客 那么多人考上清华北大，你咋就考不上？？？？？？！,[等级20],[粉丝团 Lv15]
2026-05-13 22:51:16,96038157678,江苏泗洪大蟹客,老乡，关了吧！不长久！！！,[等级31],[粉丝团 Lv1]
2026-05-13 22:51:17,1768474641445383,2170,挂,[等级16],[粉丝团 Lv5]
2026-05-13 22:51:18,103811404276,💎Sooyaxxx21.💎,awm就是比m200好用[捂脸],[等级9],[粉丝团 Lv11]
2026-05-13 22:51:18,2867979489646590,唯岁月静好,不会是没关吧[捂脸][捂脸][捂脸],[等级12],[粉丝团 Lv4]
2026-05-13 22:51:19,3109872458796573,慕橙、,扑总这会害怕不,[等级1],
2026-05-13 22:51:19,88610989490,🌈杨杨得忆❤️,撇强拉吊？,[等级24],[粉丝团 Lv7]
2026-05-13 22:51:19,93184505256,心如止水zgm,开了,[等级12],
2026-05-13 22:51:20,98878505737,杰.,有俩个妹子就是不一样,,
2026-05-13 22:51:21,3905056839578446,小猪唛,实力如挂[赞],[等级24],[粉丝团 Lv14]
2026-05-13 22:51:22,534807919995907,沈黑娃,关了吧老黑,[等级23],[粉丝团 Lv6]
2026-05-13 22:51:23,71126905166,抖音小肋手,[捂脸][捂脸],[等级10],[粉丝团 Lv10]
2026-05-13 22:51:24,102057833976,就事论事,主要得谁用,[等级7],[粉丝团 Lv9]
2026-05-13 22:51:24,99129609613,你的维生素,明显开了[捂脸],[等级17],[粉丝团 Lv11]
2026-05-13 22:51:26,109756665406,ᑮéиg宝🧸ོ,@江苏泗洪大蟹客 没毛病你点去吧[看],[等级29],[粉丝团 Lv12]
2026-05-13 22:51:26,99393356410,吃不了一点香菜,[捂脸][捂脸][捂脸]笑死,[等级26],[粉丝团 Lv12]
2026-05-13 22:51:26,4162095481363833,mrtang,黑子不来[捂脸]弹幕不热闹,,
2026-05-13 22:51:26,99880930642,曦,一枪一个[捂脸][捂脸][捂脸][捂脸],[等级21],[粉丝团 Lv4]
2026-05-13 22:51:26,1912770927798844,mengge,8倍不一定了,[等级6],
2026-05-13 22:51:27,3355332057763996,生情,[捂脸][捂脸][捂脸][捂脸],[等级33],[粉丝团 Lv9]
2026-05-13 22:51:29,63416229807,风沙迷了眼⁵¹⁰⁷⁴,@江苏泗洪大蟹客 乐子？,[等级21],[粉丝团 Lv15]
2026-05-13 22:51:33,1313284358672692,广联达建模（王）,[捂脸][发怒][捂脸][发怒][捂脸][发怒][捂脸][发怒],[等级16],[粉丝团 Lv6]
2026-05-13 22:51:35,2386378385529776,ღ 念池鱼,飘了飘了,[等级16],
2026-05-13 22:51:37,2247824732324727,小光，爱钓鱼,必须举报。,[等级19],[粉丝团 Lv10]
2026-05-13 22:51:37,93147559797,JosonyYang♌,a打稳得很,[等级4],[粉丝团 Lv3]
2026-05-13 22:51:37,3634352077952348,显眼包,人卦合一,,
2026-05-13 22:51:38,97318972133,王双玖,老黑想在妹妹面前展示一下,[等级2],
2026-05-13 22:51:39,3996063592881981,@@🚬yangꦿ᭄ཽ࿆࿆:,关了吧？[捂脸][捂脸][捂脸],[等级15],[粉丝团 Lv10]
2026-05-13 22:51:41,104952676685,皮卡丘,6666,[等级16],[粉丝团 Lv1]
2026-05-13 22:51:42,75293978048,洋洋得亿🎐,@江苏泗洪大蟹客 直播三年了，放心,[等级23],[粉丝团 Lv13]
2026-05-13 22:51:42,64315258448,🌈大王,清者自清,[等级16],[粉丝团 Lv9]
2026-05-13 22:51:42,108009241055,修哥哥,我在别的8倍,[等级11],[粉丝团 Lv5]
2026-05-13 22:51:43,97471342084,大道至简.,开了开了,[等级31],
2026-05-13 22:51:43,1102130459973504,V4,牛逼,[等级47],
2026-05-13 22:51:44,88610989490,🌈杨杨得忆❤️,咔咔咔,[等级24],[粉丝团 Lv7]
2026-05-13 22:51:45,101278244039,䲷雄？彭少。,6666666666,[等级26],[粉丝团 Lv4]
2026-05-13 22:51:45,2747000973177000,杜哥哥,开了,[等级3],
2026-05-13 22:51:45,51894721128,十亿战神尊魂幡,牛逼牛逼,[等级20],[粉丝团 Lv1]
2026-05-13 22:51:46,3755557160238728,蜀道山🇨🇳™♊💧💧,入口化,[等级19],[粉丝团 Lv11]
2026-05-13 22:51:47,110895971722,一个人挺好…👿,不可以,[等级24],[粉丝团 Lv8]
2026-05-13 22:51:47,3712397299157015,昍翀🦁🐾,点点举报[懵],[等级6],[粉丝团 Lv5]
2026-05-13 22:51:47,4340475985660060,是yan不是颜,6666,[等级14],
2026-05-13 22:51:47,102469975321,✨名门⭐️,举报的没有二万也有一万[捂脸][捂脸],[等级19],[粉丝团 Lv15]
2026-05-13 22:51:47,7442318742409184313,Vv恬,人家认识你吗。就老乡,[等级15],[粉丝团 Lv10]
2026-05-13 22:51:48,98714916130,心碎_也完美、,[爱心][爱心][666][666][666],[等级11],[粉丝团 Lv9]
2026-05-13 22:51:48,4169824745303182,花生🥜,尿检,[等级24],[粉丝团 Lv11]
2026-05-13 22:51:48,71126905166,抖音小肋手,[捂脸][捂脸],[等级10],[粉丝团 Lv10]
2026-05-13 22:51:48,94511118465,及时止损,不卡，举报了,[等级2],
2026-05-13 22:51:48,844867683494035,起 点,了个灯牌 点点举报,[等级28],[粉丝团 Lv8]
2026-05-13 22:51:50,100454824354,真兜里TiM好💎 💎,玩的不咋地，一般般,[等级10],
2026-05-13 22:51:50,109044551886,🌈一世浮华じ,不可以[看][看][看],[等级15],[粉丝团 Lv9]
2026-05-13 22:51:51,100632191540,佐助呀！,不卡,[等级32],[粉丝团 Lv8]
2026-05-13 22:51:51,101931505552,朝朝辞暮,挂g,,
2026-05-13 22:51:51,96038157678,江苏泗洪大蟹客,@风沙迷了眼⁵¹⁰⁷⁴ 我黑粉！！？你真的粉,[等级31],[粉丝团 Lv1]
2026-05-13 22:51:51,95200666061,毅哥,灯牌？做梦,[等级20],
2026-05-13 22:51:52,100515465222,✨甜憨憨吖🌈,点个举报还差不多,[等级8],[粉丝团 Lv3]
2026-05-13 22:51:52,99393356410,吃不了一点香菜,[捂脸][捂脸][捂脸][捂脸][捂脸][捂脸],[等级26],[粉丝团 Lv12]
2026-05-13 22:51:53,2928696292811743,超影独行,卡啦,[等级18],[粉丝团 Lv12]
2026-05-13 22:51:53,98061316280,♊凡尘,[呲牙][呲牙][呲牙][呲牙],[等级32],[粉丝团 Lv10]
2026-05-13 22:51:54,94076722103,俺滴小鱼干呢,帮忙点点举报,[等级2],
2026-05-13 22:51:54,9930592224,🌈小宇,素材又有了,[等级10],
2026-05-13 22:51:55,2058734957234222,哦噢！,飘了,[等级10],[粉丝团 Lv3]
2026-05-13 22:51:55,206319312452301,爱一,点个关注，举报一下[呲牙][呲牙][呲牙],[等级13],[粉丝团 Lv9]
2026-05-13 22:51:55,1468560865765991,贵而标准,这挂太假了,[等级18],[粉丝团 Lv10]
2026-05-13 22:51:55,97369239450,温度尚好,哈哈,[等级7],[粉丝团 Lv1]
2026-05-13 22:51:55,175538554811668,花样男,键位码,[等级15],[粉丝团 Lv8]
2026-05-13 22:51:55,62509342151,斯文·孙,噗💨,[等级9],
2026-05-13 22:51:57,96982260090,一天,比挂都牛逼[捂脸],[等级27],[粉丝团 Lv2]
2026-05-13 22:51:57,68128483419,秋霜,[捂脸][捂脸][捂脸],[等级33],[粉丝团 Lv11]
2026-05-13 22:51:57,3905056839578446,小猪唛,举报[捂脸],[等级24],[粉丝团 Lv14]
2026-05-13 22:51:57,68422483360,深情不及久伴,@江苏泗洪大蟹客 你一百多万的号拿来开挂?,[等级25],[粉丝团 Lv11]
2026-05-13 22:51:57,95507451318,溪鱼,朴,[等级17],[粉丝团 Lv10]
2026-05-13 22:51:59,92359836592,🎄清晨的阳光 🎄,开挂了[捂脸],[等级28],[粉丝团 Lv4]
2026-05-13 22:51:59,2016946464491402,胖猫,2222举报，哈哈，,[等级8],[粉丝团 Lv6]
2026-05-13 22:52:00,609550534709379,Y巅峰,什么出神入化，明明就是花里胡哨[看][看][看],[等级32],
2026-05-13 22:52:01,59060711078,宋怀砚·南棠,哈哈哈,[等级35],[粉丝团 Lv5]
2026-05-13 22:52:01,103811404276,💎Sooyaxxx21.💎,扑总：？,[等级9],[粉丝团 Lv11]
2026-05-13 22:52:01,98435654759,尚尚唯一,局哥一个人打不行。跟雅打强的可怕,[等级6],
2026-05-13 22:52:01,106154257281,风中的胭脂味,已举报，,[等级4],[粉丝团 Lv2]
2026-05-13 22:52:02,87604014218,Fx¹⁰²⁷,piao,[等级30],
2026-05-13 22:52:02,71820339446,LLLIS777,等会儿真给你举报了,[等级10],
2026-05-13 22:52:06,102980173896,天边,太牛了,[等级16],[粉丝团 Lv11]
2026-05-13 22:52:08,3913913666903720,太阳☀,ADS,[等级41],[粉丝团 Lv13]
2026-05-13 22:52:10,7538299438072136763,8899,巴拉扎卡,[等级27],
2026-05-13 22:52:14,3303410640369453,赤月,PIAO,[等级12],[粉丝团 Lv7]
2026-05-13 22:52:15,2858358405342999,徒步新疆🇨🇳²⁰²⁶,福袋都没有，大主播,[等级18],[粉丝团 Lv10]
2026-05-13 22:52:18,51894721128,十亿战神尊魂幡,没有开判断局哥说过去一个救人立马局拉过去了,[等级20],[粉丝团 Lv1]
2026-05-13 22:52:19,71126905166,抖音小肋手,点粉丝团→一键送11个为你闪耀（陪伴之旅），完成后可多领很多很多亲密度→记得把星星都点开有亲密❤️❤,[等级10],[粉丝团 Lv10]
2026-05-13 22:52:19,100515465222,✨甜憨憨吖🌈,扑总太感谢你了,[等级8],[粉丝团 Lv3]
2026-05-13 22:52:21,94940522926,岸上的鱼,我卢北纬没有开挂[酷拽][酷拽][酷拽],[等级17],
2026-05-13 22:52:22,69084013934,🌸🌸,@江苏泗洪大蟹客 你激动啥啊，打你了,[等级6],[粉丝团 Lv7]
2026-05-13 22:52:23,4503658257446344,🥐cornetto,工作服穿起来,[等级41],[粉丝团 Lv6]
2026-05-13 22:52:26,99372859314,启  夏,举报，欢迎举报。,[等级25],[粉丝团 Lv15]
2026-05-13 22:52:26,71126905166,抖音小肋手,陪伴之旅的点亮闪耀💡送一送，帮君雅完成100%💡点亮❣️❣️❣️完成后可领取更多亲密度❣️❣️❣️,[等级10],[粉丝团 Lv10]
2026-05-13 22:52:28,1715658283553710,⭐️3⃣0⃣💓6⃣4⃣🌙,终于十二级了！！！！,[等级19],[粉丝团 Lv12]
2026-05-13 22:52:31,4305294912129470,余拉,老黑我爱你,[等级18],[粉丝团 Lv10]
2026-05-13 22:52:31,2254452586189767,杨毛奈♥☜♥☞,举报的反被举报,[等级14],[粉丝团 Lv12]
2026-05-13 22:52:32,51894721128,十亿战神尊魂幡,穿越火线也是这样的预判,[等级20],[粉丝团 Lv1]
2026-05-13 22:52:33,96038157678,江苏泗洪大蟹客,老乡，55开是你的案例！！！！,[等级31],[粉丝团 Lv1]
2026-05-13 22:52:33,2093067748255504,@？～￥￥￥￥ycfx,弹幕快点点举报,[等级13],[粉丝团 Lv13]
2026-05-13 22:52:34,4162095481363833,mrtang,妹控打近战无敌,,
2026-05-13 22:52:34,2419370502667399,刘得帅。,这是抖音，你还得练,[等级8],[粉丝团 Lv5]
2026-05-13 22:52:35,58654724749,L·May·06·Taurus♉,官方认证的人肉外桂[看],[等级18],[粉丝团 Lv7]
2026-05-13 22:52:39,422672533557069,老弟,[赞],[等级33],[粉丝团 Lv8]
2026-05-13 22:52:41,3996063592881981,@@🚬yangꦿ᭄ཽ࿆࿆:,我都没看到人，就倒了[捂脸][捂脸][捂脸],[等级15],[粉丝团 Lv10]
2026-05-13 22:52:43,3408098413512419,心静自然,技术[赞],[等级30],[粉丝团 Lv11]
2026-05-13 22:52:44,2933096290989006,暗河æ小白条,比银行卡存款还长,[等级19],[粉丝团 Lv12]
2026-05-13 22:52:45,534807919995907,沈黑娃,好事自己的，举报扑总的？你对的起扑总的大导弹吗,[等级23],[粉丝团 Lv6]
2026-05-13 22:52:45,149975423530195,健健,为啥不要g3,[等级23],[粉丝团 Lv3]
2026-05-13 22:52:47,94621081467,雨踏歌行.,@江苏泗洪大蟹客 就问你，那么多人考上清华北大，你咋没考上呢？？？那些考上的都是作弊考上的吗？？？？,[等级20],[粉丝团 Lv15]
2026-05-13 22:52:55,88610989490,🌈杨杨得忆❤️,G3狗都不打,[等级24],[粉丝团 Lv7]
2026-05-13 22:52:57,60033777146,施某人,游戏ID成都富婆张君雅,[等级33],[粉丝团 Lv1]
2026-05-13 22:52:57,3175868363977623,洋  仔⁸⁰⁰⁸,你们还是不知道3LOGO认证的含金量[捂脸],[等级21],[粉丝团:张君雅 Lv12]
2026-05-13 22:52:59,60887449857,🌸一朵小花,扑总后背凉飕飕[看],[等级22],[粉丝团 Lv10]
2026-05-13 22:52:59,3544449118126824,爱吃醋的李,天天说挂的，举报了怎么没封啊，雅姐的狙实力如挂好吧,[等级25],[粉丝团 Lv11]
2026-05-13 22:52:59,88588629487,qingsong,已举报你，可以谢谢我吗？张老师,[等级12],[粉丝团 Lv5]
2026-05-13 22:53:01,51894721128,十亿战神尊魂幡,厉害的人就是厉害，穿越火线都是盲狙预判,[等级20],[粉丝团 Lv1]
2026-05-13 22:53:02,16887728601,zr3,刚才那集装箱里找一下信号枪,[等级15],[粉丝团 Lv2]
2026-05-13 22:53:05,1201095507976760,已读不回💙💙,以前一个月15万，他觉得不行,[等级15],
2026-05-13 22:53:08,102131139676,@行云流水——,大钢筋贴脸无敌啊,[等级15],
2026-05-13 22:53:11,2008152259705040,汉、歼的审判者,@江苏泗洪大蟹客 你小子真是人才,[等级15],[粉丝团 Lv12]
2026-05-13 22:53:12,2839407163605924,蔓越莓烦恼 iu,爱播太强了,,
2026-05-13 22:53:15,94511118465,及时止损,太肥了吧,[等级2],
2026-05-13 22:53:16,52370718861,花落吖,手枪子弹,[等级25],[粉丝团 Lv11]
2026-05-13 22:53:24,94519821033,Doki,@江苏泗洪大蟹客 你怎么每天都来说开挂,[等级36],[粉丝团 Lv5]
2026-05-13 22:53:26,66699108873,一朵向阳花あ,刚才那个包里有,[等级10],
2026-05-13 22:53:26,102469975321,✨名门⭐️,@沈黑娃 扑总的号有几十万[看][看][看],[等级19],[粉丝团 Lv15]
2026-05-13 22:53:27,60696366025,♥,队友G3都不要啊,[等级28],[粉丝团 Lv9]
2026-05-13 22:53:32,96615017283,开开心心的每一天,[捂脸][发怒],[等级9],
2026-05-13 22:53:33,175538554811668,花样男,键位码,[等级15],[粉丝团 Lv8]
2026-05-13 22:53:35,94793277520,钱**,就服君雅姐,[等级1],
2026-05-13 22:53:35,1257437656002798,某某.,她之前陀螺仪狙更夸张……现在改手搓玩复合弓去了而已😅,[等级34],[粉丝团:张君雅 Lv16]
2026-05-13 22:53:37,97088080701,🌈🌈🌈木子,[捂脸][捂脸][捂脸][捂脸][捂脸],[等级33],[粉丝团 Lv11]
2026-05-13 22:53:39,96038157678,江苏泗洪大蟹客,@汉、歼的审判者 害～我们老后续。总有一天会翻出来的,[等级31],[粉丝团 Lv1]
2026-05-13 22:53:41,93032266617,大k,一直爽,[等级24],
2026-05-13 22:53:42,3430895678660199,就要李_发财,实名举报魏秋彤打游戏老是偷人,[等级29],
2026-05-13 22:53:42,1333022732588423,烟草味的情怀,和平精英热度榜第一,[等级2],[粉丝团 Lv4]
2026-05-13 22:53:45,98169272440,樵苏,一直舔一直爽,[等级29],[粉丝团 Lv8]
2026-05-13 22:53:45,1925968538904128,城堡,灯牌怎么卡啊？,[等级11],[粉丝团 Lv1]
2026-05-13 22:53:47,3175868363977623,洋  仔⁸⁰⁰⁸,一直舔包，一直爽，一直舔到火葬场[捂脸],[等级21],[粉丝团:张君雅 Lv12]
2026-05-13 22:53:47,63197492648,Mr       刘,一直舔，有点爽[捂脸],[等级24],
2026-05-13 22:53:47,83739102984,Sam,一直舔，一直爽[捂脸],[等级34],[粉丝团 Lv10]
2026-05-13 22:53:49,2928696292811743,超影独行,一直舔一直爽,[等级18],[粉丝团 Lv12]
2026-05-13 22:53:49,69260020651,ZDL,这把有高手,[等级11],[粉丝团 Lv10]
2026-05-13 22:53:50,1333022732588423,烟草味的情怀,和平精英热度榜第一,[等级2],[粉丝团 Lv4]
2026-05-13 22:53:51,7541605761006470204,糯儿,一直停舔一直爽,,
2026-05-13 22:53:53,4503658257446344,🥐cornetto,舔撑住了,[等级41],[粉丝团 Lv6]
2026-05-13 22:53:53,761323149861565,一吱硕,@江苏泗洪大蟹客 那你就去举报,[等级10],
2026-05-13 22:53:53,88610989490,🌈杨杨得忆❤️,妹妹上电视啦[捂脸][捂脸][捂脸][捂脸],[等级24],[粉丝团 Lv7]
2026-05-13 22:53:53,2665697062160392,哈喽啊啊额个,这和55开一样的牛逼吧,[等级11],
2026-05-13 22:53:53,606525771223824,LeYi李,@真兜里TiM好💎 💎  好牛逼哦，你能打这样嚒？,[等级24],[粉丝团 Lv2]
2026-05-13 22:53:55,1333022732588423,烟草味的情怀,和平精英热度榜第一,[等级2],[粉丝团 Lv4]
2026-05-13 22:53:55,98382327569,Z、张,这是个假粉丝,[等级10],[粉丝团 Lv9]
2026-05-13 22:53:57,17202865771592,郑二爷,一直甜一直爽[捂脸][捂脸][捂脸],[等级16],[粉丝团 Lv10]
2026-05-13 22:53:57,93032266617,大k,一直爽[捂脸],[等级24],
2026-05-13 22:53:58,68105469142,一竿一线一盒烟，一坐就是一整天！,刚才叫小姐姐，现在叫妹妹,[等级10],[粉丝团 Lv9]
2026-05-13 22:53:59,92367981845,豹哥装修,一直舔一直爽[捂脸][捂脸][捂脸],[等级3],
2026-05-13 22:53:59,111549956396,翻斗花园小孙,1,[等级4],[粉丝团 Lv2]
2026-05-13 22:54:01,88953797266,书眠,一直舔包一直爽,[等级36],[粉丝团 Lv10]
2026-05-13 22:54:01,93421569511,吃串串的喵,[捂脸][捂脸][捂脸],[等级2],[粉丝团 Lv4]
2026-05-13 22:54:01,1525725697671843,暮云归²⁰²⁶,又是个妹妹,[等级42],[粉丝团 Lv12]
2026-05-13 22:54:03,7519528213216560185,一条会飞的鱼,又被炸了,[等级11],[粉丝团 Lv5]
2026-05-13 22:54:03,60566247707,得闲饮茶🍵,[捂脸][捂脸][捂脸],[等级15],[粉丝团 Lv8]
2026-05-13 22:54:03,60696366025,♥,[捂脸][捂脸][捂脸],[等级28],[粉丝团 Lv9]
2026-05-13 22:54:03,68128483419,秋霜,[捂脸][捂脸][捂脸][捂脸],[等级33],[粉丝团 Lv11]
2026-05-13 22:54:03,71126905166,抖音小肋手,[捂脸][捂脸][捂脸][捂脸],[等级10],[粉丝团 Lv10]
2026-05-13 22:54:03,99247846363,海仔,哈哈,[等级23],[粉丝团 Lv13]
2026-05-13 22:54:04,78016969370,未知。。。,[捂脸][捂脸][捂脸],[等级15],[粉丝团 Lv8]
2026-05-13 22:54:05,4390789759635656,广子,小声点,,
2026-05-13 22:54:06,97088080701,🌈🌈🌈木子,一直舔，一直爽[捂脸][捂脸][捂脸][捂脸],[等级33],[粉丝团 Lv11]
2026-05-13 22:54:06,68422483360,深情不及久伴,@江苏泗洪大蟹客 你去报警,[等级25],[粉丝团 Lv11]
2026-05-13 22:54:06,1055949186665544,🌈好运降林同学,哈哈哈哈,[等级8],[粉丝团 Lv6]
2026-05-13 22:54:06,86562890288,ㅤ　 ㅤ顺利朱,[捂脸][捂脸][捂脸][捂脸],[等级20],[粉丝团 Lv11]
2026-05-13 22:54:06,75737713936,ﾍ😌ﾍ工商财务,[捂脸][捂脸][捂脸][捂脸],[等级15],[粉丝团 Lv12]
2026-05-13 22:54:08,4041441330597911,Bury,[捂脸][捂脸],[等级10],
2026-05-13 22:54:08,2386378385529776,ღ 念池鱼,[捂脸][捂脸][捂脸],[等级16],
2026-05-13 22:54:08,62731939386,W-Jul-Cnc,[捂脸][捂脸][捂脸][捂脸][捂脸][捂脸][捂脸],[等级23],[粉丝团 Lv9]
2026-05-13 22:54:08,134555987880580,小老虎,[捂脸][捂脸][捂脸],[等级18],
2026-05-13 22:54:08,97600677185,晓乔治ovo,开了[捂脸],[等级38],[粉丝团 Lv12]
2026-05-13 22:54:08,509818415880967,中意李,差点[捂脸][捂脸][捂脸],[等级7],[粉丝团 Lv4]
2026-05-13 22:54:09,103232081569,张运,宝宝,[等级19],
2026-05-13 22:54:09,3100261416960620,棉棉,[捂脸][捂脸][捂脸][捂脸][捂脸],[等级17],[粉丝团 Lv12]
2026-05-13 22:54:09,1033174858865783,散。,这没倒？[捂脸],[等级34],[粉丝团 Lv10]
2026-05-13 22:54:09,1541962763867504,character,我嘞个轰炸区,[等级11],
2026-05-13 22:54:10,99336591699,度余生,[调皮][大笑],[等级36],[粉丝团 Lv12]
2026-05-13 22:54:10,4398499792427923,@哆啦A梦,被雷劈[捂脸],[等级20],
2026-05-13 22:54:10,75187127223,®弘毅☔️,差一点😅,[等级16],[粉丝团 Lv13]
2026-05-13 22:54:11,95507451318,溪鱼,这没掉,[等级17],[粉丝团 Lv10]
2026-05-13 22:54:11,7595056963696985125,韓氿児,炸屁股了[捂脸][捂脸][捂脸],[等级2],[粉丝团 Lv4]
2026-05-13 22:54:11,101808958385,陆辰,[捂脸][捂脸][捂脸][捂脸]天怒人怨了,[等级26],[粉丝团 Lv11]
2026-05-13 22:54:11,78267720770,龍⁵¹⁰⁷⁴,[捂脸][捂脸][捂脸],[等级28],[粉丝团 Lv15]
2026-05-13 22:54:11,1750047908434414,往事随风而逝,[捂脸][捂脸][捂脸],[等级23],[粉丝团 Lv12]
2026-05-13 22:54:12,3221994337993240,π。,这不死,[等级11],
2026-05-13 22:54:12,2919899496715341,追风,炸马屁股了,[等级16],
2026-05-13 22:54:13,93169074503,縸藜,炸马屁股了,[等级18],[粉丝团 Lv11]
2026-05-13 22:54:13,206319312452301,爱一,还说没开,[等级13],[粉丝团 Lv9]
2026-05-13 22:54:13,94476909937,ღ᭄茜🫧,让你撩妹,[等级22],[粉丝团 Lv11]
2026-05-13 22:54:13,100705396812,微光～,这都不死？？,[等级10],
2026-05-13 22:54:14,62780209254,我不吃饭、,差一点hhh,[等级19],[粉丝团 Lv11]
2026-05-13 22:54:15,4432834332736103,行走的蜗牛,炸马尾巴啦,[等级15],
2026-05-13 22:54:15,2928696292811743,超影独行,马尾巴都糊了[捂脸][捂脸][捂脸],[等级18],[粉丝团 Lv12]
2026-05-13 22:54:15,71126905166,抖音小肋手,差点炸死[捂脸],[等级10],[粉丝团 Lv10]
2026-05-13 22:54:15,4244534231041150,高傲的孤单,爽到你高点去,[等级23],[粉丝团 Lv3]
2026-05-13 22:54:15,63222002360,🎀 T·Sept.⁰¹ Vir☁️,这都没被炸啊[捂脸][捂脸],[等级36],[粉丝团 Lv17]
2026-05-13 22:54:15,3544449118126824,爱吃醋的李,妈呀，差一点,[等级25],[粉丝团 Lv11]
2026-05-13 22:54:16,761323149861565,一吱硕,@江苏泗洪大蟹客 你不会是不会打这个ID吧,[等级10],
2026-05-13 22:54:16,96038157678,江苏泗洪大蟹客,锁血，锁头！！！！！！！！！,[等级31],[粉丝团 Lv1]
2026-05-13 22:54:17,4862013350589,厉扑,炸沟子了[捂脸],[等级21],[粉丝团 Lv11]
2026-05-13 22:54:17,4135680381034556,77💗,别荣幸了，过来刷个导弹,[等级22],
2026-05-13 22:54:18,2419370855769710,随便逛逛,@江苏泗洪大蟹客 号封了她要赔号主钱的，她敢开挂吗[捂脸],[等级17],[粉丝团 Lv7]
2026-05-13 22:54:18,7556433160771781689,星辰为友,炸马蹄子上,,
2026-05-13 22:54:18,1094755543681016,酒虽伤胃，能让我忘记疲惫,炸屁股了,[等级11],[粉丝团 Lv1]
2026-05-13 22:54:18,79504009530,深海有光,天雷滚滚我好怕怕,[等级44],
2026-05-13 22:54:19,99512064477,大嘭🌈,光子要制裁你了,[等级24],[粉丝团 Lv13]
2026-05-13 22:54:19,111549956396,翻斗花园小孙,1,[等级4],[粉丝团 Lv2]
2026-05-13 22:54:20,109044551886,🌈一世浮华じ,炸沟子了[捂脸],[等级15],[粉丝团 Lv9]
2026-05-13 22:54:22,100515465222,✨甜憨憨吖🌈,正义制裁,[等级8],[粉丝团 Lv3]
2026-05-13 22:54:22,4503658257446344,🥐cornetto,让你撩妹  炸不死你,[等级41],[粉丝团 Lv6]
2026-05-13 22:54:25,93421569511,吃串串的喵,差点就,[等级2],[粉丝团 Lv4]
2026-05-13 22:54:27,3834726358986456,壹,跟屁股炸[捂脸],[等级15],[粉丝团 Lv13]
2026-05-13 22:54:32,1333022732588423,烟草味的情怀,和平精英热度榜第一,[等级2],[粉丝团 Lv4]
2026-05-13 22:54:39,3047468880638792,往事余生,？,[等级17],
2026-05-13 22:54:42,63416229807,风沙迷了眼⁵¹⁰⁷⁴,@江苏泗洪大蟹客  比你真 、 我菜就好好看直播 你菜不自知啊,[等级21],[粉丝团 Lv15]
2026-05-13 22:54:51,2665697062160392,哈喽啊啊额个,我卢本伟牛皮[捂脸],[等级11],
2026-05-13 22:54:59,4328615522,嘎嘣脆,谢宝庆啊谢宝庆,[等级27],[粉丝团 Lv10]
2026-05-13 22:55:02,100030072195,农夫山里有块田,防雷能防轰炸器吗,[等级5],[粉丝团 Lv4]
2026-05-13 22:55:02,16555948445,yyx,@江苏泗洪大蟹客 前两天被骂的不够，今天又冒出来了,[等级25],[粉丝团 Lv15]
2026-05-13 22:55:05,75293978048,洋洋得亿🎐,光绪灭队,[等级23],[粉丝团 Lv13]
2026-05-13 22:55:09,84580731383,miss.王🍀,一直舔,[等级15],
2026-05-13 22:55:09,103232081569,张运,宝宝,[等级19],
2026-05-13 22:55:11,69549195417,久睡成瘾,不亏是海岛悍匪,[等级26],[粉丝团 Lv8]
2026-05-13 22:55:13,96038157678,江苏泗洪大蟹客,55开是案例！！他需要开吗？为了人气！！！,[等级31],[粉丝团 Lv1]
2026-05-13 22:55:13,3377334501516344,虾仁猪心(˃ ⌑ ˂ഃ ),噩梦猫局338,[等级19],[粉丝团 Lv5]
2026-05-13 22:55:17,96662467601,甜心暖男i,光绪灭队，康熙啥时候灭队,[等级7],
2026-05-13 22:55:19,97806080834,🚬ღ᭄辭ꦿ࿐,一路三连枪王,[等级21],[粉丝团 Lv15]
2026-05-13 22:55:21,58654724749,L·May·06·Taurus♉,@江苏泗洪大蟹客 嗯嗯，你说的都对，最好录屏去发视频质疑,[等级18],[粉丝团 Lv7]
2026-05-13 22:55:22,3267352005977800,释怀！,[捂脸][捂脸][捂脸][捂脸][捂脸],[等级20],
2026-05-13 22:55:23,111007266356,🔱守望w,妹妹忙的很[捂脸][捂脸][捂脸],[等级29],[粉丝团 Lv15]
2026-05-13 22:55:23,93421569511,吃串串的喵,[捂脸][捂脸][捂脸],[等级2],[粉丝团 Lv4]
2026-05-13 22:55:23,71126905166,抖音小肋手,[捂脸][捂脸][捂脸][捂脸],[等级10],[粉丝团 Lv10]
2026-05-13 22:55:24,2254452586189767,杨毛奈♥☜♥☞,[捂脸][捂脸],[等级14],[粉丝团 Lv12]
2026-05-13 22:55:25,1644525708386619,八九野马,哈哈哈哈哈哈哈,[等级21],
2026-05-13 22:55:25,67386388838,嗯哼🫧,猫局不敢拿338啦[捂脸][捂脸],[等级31],[粉丝团 Lv11]
2026-05-13 22:55:25,844867683494035,起 点,噗,[等级28],[粉丝团 Lv8]
2026-05-13 22:55:25,1891616432333816,H～,[捂脸][捂脸],[等级16],
2026-05-13 22:55:26,110166692774,风雨兼程,[发呆],[等级23],[粉丝团 Lv6]
2026-05-13 22:55:26,2287430138602391,唯一的执着,懂事[比心],[等级18],[粉丝团 Lv2]
2026-05-13 22:55:26,4503669836332557,栩多渝🌽⚡️🌙,[捂脸][捂脸],[等级11],[粉丝团 Lv10]
2026-05-13 22:55:26,60887449857,🌸一朵小花,哈哈哈,[等级22],[粉丝团 Lv10]
2026-05-13 22:55:26,2564473840474103,咸蛋超人,？？[捂脸],[等级11],[粉丝团 Lv7]
2026-05-13 22:55:26,3091425656318840,西北的风⁵¹⁰⁷⁴,明明是姐姐，那来的妹妹,[等级33],[粉丝团 Lv15]
2026-05-13 22:55:26,63781359567,Faye菲儿,哈哈哈[捂脸],[等级20],[粉丝团 Lv11]
2026-05-13 22:55:27,3214588588597739,Z💫💫,[捂脸][捂脸][捂脸][捂脸],[等级10],[粉丝团 Lv10]
2026-05-13 22:55:28,84776149087,🌈牵手（悟道中）,[抠鼻][抠鼻],[等级33],
2026-05-13 22:55:28,71126905166,抖音小肋手,[捂脸][捂脸],[等级10],[粉丝团 Lv10]
2026-05-13 22:55:28,104596718632,醉眼看人间,[捂脸][捂脸][捂脸],[等级19],[粉丝团 Lv14]
2026-05-13 22:55:28,1257437656002798,某某.,?,[等级34],[粉丝团:张君雅 Lv16]
2026-05-13 22:55:28,2009563192628787,木易,[捂脸][捂脸],[等级10],[粉丝团 Lv8]
2026-05-13 22:55:28,453442174718862,张君雅的陛下⁵¹⁰⁷⁴,@江苏泗洪大蟹客 你真是大聪明,[等级35],[粉丝团 Lv16]
2026-05-13 22:55:29,67479174300,冲凉百香果,[捂脸][捂脸][捂脸],[等级16],
2026-05-13 22:55:30,94511118465,及时止损,舔还那么客气,[等级2],
2026-05-13 22:55:30,76207559451,龘戈 🕳️     ༽      🐲,妹子舔包舔麻了,,
2026-05-13 22:55:30,81498709949,玉楼金阙慵归去,[捂脸][捂脸][捂脸]又来,[等级12],[粉丝团 Lv5]
2026-05-13 22:55:31,56585855490,茜茜,哈哈哈哈哈哈,[等级35],[粉丝团 Lv10]
2026-05-13 22:55:31,104600621959,戒心,一直舔一直爽,[等级26],[粉丝团 Lv7]
2026-05-13 22:55:31,1895194513901262,陈皮皮⁵¹⁰⁷⁴,[捂脸][捂脸][捂脸][捂脸],[等级28],[粉丝团 Lv16]
2026-05-13 22:55:31,3835516657862510,hello,[捂脸][捂脸],[等级21],[粉丝团 Lv4]
2026-05-13 22:55:32,7595056963696985125,韓氿児,哈哈哈哈哈哈哈,[等级2],[粉丝团 Lv4]
2026-05-13 22:55:32,94059029506,向阳而生🐱,[捂脸][捂脸],[等级7],
2026-05-13 22:55:32,3996063592881981,@@🚬yangꦿ᭄ཽ࿆࿆:,[捂脸][捂脸][捂脸][捂脸][捂脸][捂脸][捂脸][捂脸][捂脸][捂脸][捂脸],[等级15],[粉丝团 Lv10]
2026-05-13 22:55:32,97369239450,温度尚好,感觉牛逼的麻烦举报猫局哈哈,[等级7],[粉丝团 Lv1]
2026-05-13 22:55:32,62731939386,W-Jul-Cnc,[捂脸][捂脸][捂脸][捂脸][捂脸][捂脸],[等级23],[粉丝团 Lv9]
2026-05-13 22:55:33,78267720770,龍⁵¹⁰⁷⁴,[捂脸][捂脸][捂脸],[等级28],[粉丝团 Lv15]
2026-05-13 22:55:33,59663065416,失眠数羊🐑,哈哈哈哈哈哈哈哈,[等级6],[粉丝团 Lv7]
2026-05-13 22:55:33,3081266249862527,糯米,厚,[等级4],[粉丝团 Lv6]
2026-05-13 22:55:33,4233546532927219,🉑🈶🉑🈚,切,[等级20],[粉丝团 Lv10]
2026-05-13 22:55:34,104917868526,🌅,嘴脸,[等级7],[粉丝团 Lv8]
2026-05-13 22:55:34,7519528213216560185,一条会飞的鱼,别把信号枪忘了,[等级11],[粉丝团 Lv5]
2026-05-13 22:55:35,95125776765,Hao、⁵¹⁰⁷⁴,@江苏泗洪大蟹客 都有灯牌了，怎么还这样？,[等级18],[粉丝团 Lv14]
2026-05-13 22:55:35,2247824732324727,小光，爱钓鱼,太会撩妹了。,[等级19],[粉丝团 Lv10]
2026-05-13 22:55:36,97115298588,老扯拐匠,骑马不能开枪了,[等级22],[粉丝团 Lv6]
2026-05-13 22:55:36,2386378385529776,ღ 念池鱼,这把躺鸡就行,[等级16],
2026-05-13 22:55:36,91715791654,S˙Jun23˙Can,[666],[等级12],[粉丝团 Lv4]
2026-05-13 22:55:36,3636810258328910,阿浪,6,[等级25],[粉丝团 Lv12]
2026-05-13 22:55:36,76133959662,@等风起,死出,[等级14],[粉丝团 Lv8]
2026-05-13 22:55:37,71983688442,花九九,[捂脸][捂脸][捂脸][捂脸][捂脸][捂脸],[等级15],[粉丝团 Lv11]
2026-05-13 22:55:37,98460975967,ەㅤㅤㅤㅤㅤㅤㅤㅤㅤ一个蛋🥚 ㅤㅤㅤㅤ,[看][看][看],[等级34],[粉丝团 Lv10]
2026-05-13 22:55:37,55396353556,西贝先生☆,信号枪,[等级13],
2026-05-13 22:55:38,3723397241514860,欺侮老头,[捂脸][捂脸][捂脸][捂脸][捂脸],,
2026-05-13 22:55:38,93032203992,秀儿⁵¹⁰⁷⁴,[捂脸][捂脸][捂脸][捂脸],[等级19],[粉丝团 Lv12]
2026-05-13 22:55:38,3377334501516344,虾仁猪心(˃ ⌑ ˂ഃ ),空头枪,[等级19],[粉丝团 Lv5]
2026-05-13 22:55:39,4340475985660060,是yan不是颜,哈哈哈哈哈哈,[等级14],
2026-05-13 22:55:39,1464996435068740,爱乐7,[抠鼻][抠鼻][抠鼻][抠鼻][酷拽],[等级19],[粉丝团 Lv10]
2026-05-13 22:55:39,4162095481363833,mrtang,妹子舔包都忙不过来,,
2026-05-13 22:55:39,149975423530195,健健,为啥不玩ace,[等级23],[粉丝团 Lv3]
2026-05-13 22:55:41,104600621959,戒心,这妹子真懂事,[等级26],[粉丝团 Lv7]
2026-05-13 22:55:41,761323149861565,一吱硕,@江苏泗洪大蟹客 那你就去举报你要是不会打扑这个字我给你发出来好吧,[等级10],
2026-05-13 22:55:41,2321788339226395,奋斗中,信号枪,[等级20],[粉丝团 Lv13]
2026-05-13 22:55:43,3408098413512419,心静自然,太客气了[捂脸],[等级30],[粉丝团 Lv11]
2026-05-13 22:55:44,2884772227983111,阿旭,讲这种，你就是想要哈哈,[等级8],[粉丝团 Lv6]
2026-05-13 22:55:44,60316484477,🌈瘾（互）,信号枪,[等级24],
2026-05-13 22:55:45,98878505737,杰.,张同志  [666],,
2026-05-13 22:55:46,108756856233,殷澍锴,她太能装了[捂脸][捂脸][捂脸]受不了,[等级4],[粉丝团 Lv3]
2026-05-13 22:55:46,1702489841494813,葫芦♬,信号枪拿起来,[等级12],[粉丝团 Lv9]
2026-05-13 22:55:46,75652282317,m,@江苏泗洪大蟹客 喊派出所来拿枪打,[等级7],[粉丝团 Lv10]
2026-05-13 22:55:47,1972970651664173,萌 叔,妹妹好忙得不开交[捂脸][捂脸][捂脸][捂脸][捂脸],[等级33],[粉丝团 Lv16]
2026-05-13 22:55:48,2858358405342999,徒步新疆🇨🇳²⁰²⁶,抢劫枪,[等级18],[粉丝团 Lv10]
2026-05-13 22:55:48,62780209254,我不吃饭、,@江苏泗洪大蟹客 你咋带牌子还说这种发言啊[捂脸],[等级19],[粉丝团 Lv11]
2026-05-13 22:55:48,55396353556,西贝先生☆,信号枪呢,[等级13],
2026-05-13 22:55:48,96038157678,江苏泗洪大蟹客,会有人实锤的，老乡我不锤,[等级31],[粉丝团 Lv1]
2026-05-13 22:55:50,534807919995907,沈黑娃,我怀疑老黑是gay,[等级23],[粉丝团 Lv6]
2026-05-13 22:55:50,88745690242,iiii,老猫338一梭子打不残一个人[捂脸],[等级11],
2026-05-13 22:55:51,2255824722339992,本艾🫧ᐝ、,@江苏泗洪大蟹客 这个人天天喊挂，天天看，找存在感吗[捂脸],[等级17],[粉丝团 Lv10]
2026-05-13 22:55:51,1666477811055604,铃鹿御前怀中娇羞小野牛,贪吃出名的老黑,[等级17],[粉丝团 Lv11]
2026-05-13 22:55:52,2287430138602391,唯一的执着,很清楚自己的段位[捂脸][捂脸][捂脸],[等级18],[粉丝团 Lv2]
2026-05-13 22:55:52,2620829104093415,我的1979,逮谁撩谁啊，厉害,[等级9],[粉丝团 Lv5]
2026-05-13 22:55:52,94793277520,钱**,勉为其难,[等级1],
2026-05-13 22:55:53,60742527698,☁️☀️🌧️🫧,信号枪打了啊在圈,[等级29],[粉丝团 Lv10]
2026-05-13 22:55:54,3723397241514860,欺侮老头,大色雅[捂脸],,
2026-05-13 22:55:54,3377334501516344,虾仁猪心(˃ ⌑ ˂ഃ ),弹没拿,[等级19],[粉丝团 Lv5]
2026-05-13 22:55:56,2665697062160392,哈喽啊啊额个,我卢本伟从不开挂[捂脸][捂脸],[等级11],
2026-05-13 22:55:57,110895971722,一个人挺好…👿,蛋没捡,[等级24],[粉丝团 Lv8]
2026-05-13 22:55:57,7519528213216560185,一条会飞的鱼,队友没捡起来,[等级11],[粉丝团 Lv5]
2026-05-13 22:55:57,109044551886,🌈一世浮华じ,老黑喜欢撩妹,[等级15],[粉丝团 Lv9]
2026-05-13 22:55:58,2700009298731404,𩵋,@江苏泗洪大蟹客 你怎么那么闲，还是考虑怎么把你那些卖不出去的臭螃蟹处理一下吧,[等级31],[粉丝团 Lv16]
2026-05-13 22:55:59,1613683637104845,ღ落尘᭄ꦿ,信号枪子弹没拿,[等级27],[粉丝团 Lv14]
2026-05-13 22:55:59,17202865771592,郑二爷,一直甜一直爽[捂脸][捂脸][捂脸][捂脸],[等级16],[粉丝团 Lv10]
2026-05-13 22:56:00,2321788339226395,奋斗中,信号枪,[等级20],[粉丝团 Lv13]
2026-05-13 22:56:03,98878505737,杰.,张同志  注意一下,,
2026-05-13 22:56:03,102868157861,西贝巴巴,我要有这技术 妹子不得排成排啊,[等级7],
2026-05-13 22:56:03,104432719593,赞美愚者,老妹旺你,[等级34],
2026-05-13 22:56:03,66000111942,東,开始夹了,[等级6],[粉丝团 Lv2]
2026-05-13 22:56:04,88610989490,🌈杨杨得忆❤️,没人抓你啊,[等级24],[粉丝团 Lv7]
2026-05-13 22:56:04,55396353556,西贝先生☆,信号枪,[等级13],
2026-05-13 22:56:05,1798427627499870,TeFuir,没热闹看了吗,[等级26],[粉丝团 Lv12]
2026-05-13 22:56:08,101808958385,陆辰,文章：哥哥。我顺极了,[等级26],[粉丝团 Lv11]
2026-05-13 22:56:08,7461244536518558777,爱练字的老张,会玩的一看她开镜的灵敏度就知道，纯技术,[等级15],
2026-05-13 22:56:09,84187662606,一世奢华,信号弹没减,[等级18],
2026-05-13 22:56:09,62731939386,W-Jul-Cnc,爱播爱听妹妹的话[捂脸][捂脸][捂脸][捂脸][捂脸][捂脸][捂脸],[等级23],[粉丝团 Lv9]
2026-05-13 22:56:11,76363536718,大象🐘,顺极了姐,[等级2],
2026-05-13 22:56:12,2884772227983111,阿旭,肥死了,[等级8],[粉丝团 Lv6]
2026-05-13 22:56:12,4162095481363833,mrtang,跟我游戏好友一样，包都装不下了，每个包盒子还舔一下,,
2026-05-13 22:56:12,69776772954,人世间,老黑一身泡妞技术，奈何自己是妞[捂脸][捂脸][捂脸][捂脸],[等级8],[粉丝团 Lv8]
2026-05-13 22:56:13,78267720770,龍⁵¹⁰⁷⁴,@嗯哼🫧 昨天晚上拿338被打蒙了,[等级28],[粉丝团 Lv15]
2026-05-13 22:56:13,3913913666903720,太阳☀,妹子信号枪都不拿吗？,[等级41],[粉丝团 Lv13]
2026-05-13 22:56:14,237962435498220,⁸⁰登堡山⁰⁸,心里不要，手比谁都快[捂脸],[等级38],[粉丝团 Lv16]
2026-05-13 22:56:15,1896019433626000,🥤可乐,还差个弹夹，ADS,[等级22],[粉丝团 Lv12]
2026-05-13 22:56:19,93687105296,洛皮皮🐻‍❄️⁰⁵⁰³,大家帮 君雅♀️爆甜妹妹💃🏻点点赞❣️点点赞❣️点点赞💞💞💞上个100万赞👍👍👍,[等级40],[粉丝团:张君雅 Lv17]
2026-05-13 22:56:19,94519821033,Doki,信号枪直接打呗,[等级36],[粉丝团 Lv5]
2026-05-13 22:56:20,96038157678,江苏泗洪大蟹客,我带牌子，我还吐槽，因为我有脑子！！！,[等级31],[粉丝团 Lv1]
2026-05-13 22:56:20,2220639168496084,Mark•X 罗,一直舔一直爽[捂脸][捂脸][捂脸],[等级7],
2026-05-13 22:56:27,3905056839578446,小猪唛,还是上把富裕,[等级24],[粉丝团 Lv14]
2026-05-13 22:56:27,94621081467,雨踏歌行.,@江苏泗洪大蟹客 兄弟，你是业余，这是别人的饭碗，能比？？,[等级20],[粉丝团 Lv15]
2026-05-13 22:56:30,94511118465,及时止损,老黑一身泡妞本事，可惜自己是个妞！！！,[等级2],
2026-05-13 22:56:32,4862013350589,厉扑,渣,[等级21],[粉丝团 Lv11]
2026-05-13 22:56:32,301705951982184,机械设备,[捂脸],[等级7],[粉丝团 Lv5]
2026-05-13 22:56:34,63416229807,风沙迷了眼⁵¹⁰⁷⁴,@𩵋 他生意好还会看直播？[捂脸][捂脸][捂脸][捂脸],[等级21],[粉丝团 Lv15]
2026-05-13 22:56:34,68422483360,深情不及久伴,@江苏泗洪大蟹客 你报警啊，说那么多,[等级25],[粉丝团 Lv11]
2026-05-13 22:56:35,110895971722,一个人挺好…👿,轰炸区炸渣女,[等级24],[粉丝团 Lv8]
2026-05-13 22:56:36,3347331401415552,互助,猫局：今晚不会抑郁了，也不会神偷了,[等级17],[粉丝团 Lv3]
2026-05-13 22:56:40,2973499001939728,用户9188596257484,别乐极生悲啊哈哈哈哈,[等级8],
2026-05-13 22:56:42,58654724749,L·May·06·Taurus♉,@江苏泗洪大蟹客 你质疑你不锤？那你质疑个毛篓子？嘴一张啥都说呗,[等级18],[粉丝团 Lv7]
2026-05-13 22:56:42,81498709949,玉楼金阙慵归去,光子受不了你整天撩妹[捂脸][捂脸][捂脸],[等级12],[粉丝团 Lv5]
2026-05-13 22:56:43,3913913666903720,太阳☀,ADS已经有了,[等级41],[粉丝团 Lv13]
2026-05-13 22:56:43,328116718277744,🌈小小曦很愤怒,[捂脸][捂脸][捂脸][捂脸],[等级22],
2026-05-13 22:56:44,94746298937,智燚LEO,钓鱼？,[等级15],
2026-05-13 22:56:45,4243747050102883,追忆、,文章:哥哥，我太顺了[捂脸],[等级24],[粉丝团 Lv3]
2026-05-13 22:56:45,637338988319725,傅欢,我这两天被轰炸区炸死3此,[等级5],
2026-05-13 22:56:45,1895194513901262,陈皮皮⁵¹⁰⁷⁴,[捂脸][捂脸][捂脸][捂脸][捂脸],[等级28],[粉丝团 Lv16]
2026-05-13 22:56:45,99393356410,吃不了一点香菜,一级[捂脸],[等级26],[粉丝团 Lv12]
2026-05-13 22:56:45,109805005610,菲泥默薯,[捂脸][捂脸][捂脸][捂脸],[等级23],[粉丝团 Lv8]
2026-05-13 22:56:45,2663432393593513,甜ル🍒,哈哈哈,[等级36],[粉丝团:张君雅 Lv5]
2026-05-13 22:56:45,534807919995907,沈黑娃,昨晚猫局338被人打死了,[等级23],[粉丝团 Lv6]
2026-05-13 22:56:46,96038157678,江苏泗洪大蟹客,@雨踏歌行. 你看不出来她比职业还牛？？？,[等级31],[粉丝团 Lv1]
2026-05-13 22:56:46,101808958385,陆辰,骑老奶奶过马路[捂脸][捂脸][捂脸],[等级26],[粉丝团 Lv11]
2026-05-13 22:56:47,78016969370,未知。。。,[捂脸][捂脸][捂脸],[等级15],[粉丝团 Lv8]
2026-05-13 22:56:47,93687105296,洛皮皮🐻‍❄️⁰⁵⁰³,点赞👍没点满的宝子❤️‍🔥❤️‍🔥把这个小时的3000👍赞点满🅾️点赞辛苦了❣️❣️❣️,[等级40],[粉丝团:张君雅 Lv17]
2026-05-13 22:56:47,93421569511,吃串串的喵,哈哈哈,[等级2],[粉丝团 Lv4]
2026-05-13 22:56:47,1750047908434414,往事随风而逝,老黑飘了[捂脸][捂脸][捂脸],[等级23],[粉丝团 Lv12]
2026-05-13 22:56:47,844867683494035,起 点,局哥说得好,[等级28],[粉丝团 Lv8]
2026-05-13 22:56:48,14211174129,晚风ᥫᩣ.𝓛𝓾𝓬𝓴𝔂,骑老奶奶过马路[捂脸],[等级19],[粉丝团 Lv15]
2026-05-13 22:56:50,20239435624,訫訫大王,哈哈哈,[等级18],[粉丝团 Lv9]
2026-05-13 22:56:50,83088060657,嗯,[捂脸][捂脸][捂脸][捂脸][捂脸][捂脸],[等级26],
2026-05-13 22:56:50,3837709416138076,100.,一直舔一直爽,[等级18],[粉丝团 Lv12]
2026-05-13 22:56:50,2933109942650078,白撕不得骑姐,昨晚猫局被毒死了[捂脸][捂脸][捂脸][捂脸],[等级21],[粉丝团 Lv8]
2026-05-13 22:56:50,2220639168496084,Mark•X 罗,该说不说，我也爱舔[捂脸][捂脸],[等级7],
2026-05-13 22:56:51,98095182081,手握风云★,举个说对了,[等级20],[粉丝团 Lv2]
2026-05-13 22:56:51,70649164476,🥀᭄冯₅²⁰💞廉¹ᶟ₁₄ꦿ༉,我拿到信号枪我都不敢打[捂脸][捂脸],[等级19],[粉丝团 Lv11]
2026-05-13 22:56:53,71126905166,抖音小肋手,[捂脸][捂脸][捂脸],[等级10],[粉丝团 Lv10]
2026-05-13 22:56:53,67223019113,伟,骑老奶奶过马路,[等级23],[粉丝团 Lv9]
2026-05-13 22:56:53,103811404276,💎Sooyaxxx21.💎,哈哈哈哈,[等级9],[粉丝团 Lv11]
2026-05-13 22:56:53,94398492035,来世做你帐上妖,[捂脸],[等级12],[粉丝团 Lv11]
2026-05-13 22:56:54,50642159501,平安喜乐,骑老奶奶过马路[捂脸][捂脸][捂脸][捂脸][捂脸],[等级14],[粉丝团 Lv10]
2026-05-13 22:56:54,95582737508,豆逗,骑老奶奶过马路[捂脸][捂脸][捂脸],[等级35],[粉丝团 Lv5]
2026-05-13 22:56:54,68128483419,秋霜,骑老奶奶过马路？[捂脸][捂脸][捂脸],[等级33],[粉丝团 Lv11]
2026-05-13 22:56:54,54842942123,এ᭄°余生丶请指教ꦿᮁ໊এ᭄゛,鞠哥昨天被毒死忘记了吗？[捂脸],[等级15],[粉丝团 Lv8]
2026-05-13 22:56:55,1257437656002798,某某.,炸人家鱼塘,[等级34],[粉丝团:张君雅 Lv16]
2026-05-13 22:56:55,690965135761015,64592187265,骑？,[等级9],[粉丝团 Lv5]
2026-05-13 22:56:56,1538906151990679,流年,你们越@那些黑子，他越爽,[等级45],[粉丝团:张君雅 Lv15]
2026-05-13 22:56:56,794292584977896,ℳℒℴѵℯ·李·ꦿ໊ོ⁵²⁰@,骑着老奶奶过马路[捂脸],[等级2],[粉丝团 Lv5]
2026-05-13 22:56:56,94511118465,及时止损,老黑一身泡妞本事，可惜自己是个妞！！！,[等级2],
2026-05-13 22:56:57,79338415230,宋梁星,骑老奶奶过马路[发呆],[等级34],[粉丝团 Lv8]
2026-05-13 22:56:57,101737189491,钢蹦铛铛铛,看我局部地区[呲牙][呲牙],[等级17],[粉丝团 Lv10]
2026-05-13 22:56:57,3370426959163980,长安,啥骑老奶奶过马路,,
2026-05-13 22:56:57,1416632014220120,ゞ信了你的谐ゞゞ⁶⁶⁶💞,你问他昨天各种死法[捂脸],,
2026-05-13 22:56:58,99393356410,吃不了一点香菜,这不是上次那个吗,[等级26],[粉丝团 Lv12]
2026-05-13 22:56:59,72787064272,叶叶叶,骑老奶奶过马路[捂脸][捂脸][捂脸][捂脸],[等级11],[粉丝团 Lv11]
2026-05-13 22:56:59,563415019427047,余生,骑老奶奶过马路,[等级21],
2026-05-13 22:56:59,62780209254,我不吃饭、,天……你真的是……你快别看了 在这难为你了,[等级19],[粉丝团 Lv11]
2026-05-13 22:57:00,1627697591880078,用户1557569082216,骑老奶奶过马路[发呆],[等级9],[粉丝团 Lv5]
2026-05-13 22:57:00,144766654225678,牛仔很忙,骑老奶奶过马路[捂脸][捂脸][捂脸],[等级9],[粉丝团 Lv3]
2026-05-13 22:57:00,101487550960,𝑪𝒓𝒖𝒔𝒉.,扶大爷过马路，大爷有低保[捂脸],[等级25],
2026-05-13 22:57:00,2651651401850973,云见山川,@江苏泗洪大蟹客 你是现实生活中没人理你，然后来这里找存在感的吧,[等级10],[粉丝团 Lv6]
2026-05-13 22:57:00,609550534709379,Y巅峰,骑老奶奶过马路[发呆][发呆][发呆],[等级32],
2026-05-13 22:57:00,102004859556,Ｊ－Aug -13,吃火腿肠木有[捂脸],[等级27],[粉丝团 Lv1]
2026-05-13 22:57:01,83095700957,不要干瞪眼👈,cpdd,[等级10],
2026-05-13 22:57:01,109044551886,🌈一世浮华じ,骑老奶奶过马路[衰],[等级15],[粉丝团 Lv9]
2026-05-13 22:57:03,2700009298731404,𩵋,螃蟹卖不出去了，来蹭点流量热度吗,[等级31],[粉丝团 Lv16]
2026-05-13 22:57:03,98061316280,♊凡尘,你摸着良心说，你在成都敢骑老奶奶过马路[捂脸],[等级32],[粉丝团 Lv10]
2026-05-13 22:57:04,7571018575764489273,木易。,骑老奶奶过马路,[等级6],[粉丝团 Lv4]
2026-05-13 22:57:05,60527757013,奶思兔咪邱女士～❤️,奶奶都不放过[捂脸],[等级22],[粉丝团 Lv11]
2026-05-13 22:57:09,94511118465,及时止损,老黑一身泡妞本事，可惜自己是个妞！！！,[等级2],
2026-05-13 22:57:09,3413334368722349,小阿悄,老黑休息都是洗脚按摩马杀鸡,[等级15],[粉丝团 Lv11]
2026-05-13 22:57:11,361090449686407,项工,骑老奶奶过马路[捂脸],[等级17],
2026-05-13 22:57:13,16253603096,无限,三个孩子的爸,[等级21],[粉丝团 Lv11]
2026-05-13 22:57:13,70492044030,紫痕9099,偷个鸡摸个狗女厕所里解个手[捂脸][捂脸][捂脸],[等级15],[粉丝团 Lv13]
2026-05-13 22:57:14,106130605249,🇨🇳愿与愁ᴶᴹ✨,这哪是做好事？这是坏事做尽了啊[捂脸][捂脸][捂脸],[等级25],[粉丝团 Lv9]
2026-05-13 22:57:15,4042233810518583,没熟的豆撅子,关爱青春男大,[等级12],
2026-05-13 22:57:17,95125776765,Hao、⁵¹⁰⁷⁴,@江苏泗洪大蟹客 三年了，你知道这三年唯一一个没有被人锤的主播吗？,[等级18],[粉丝团 Lv14]
2026-05-13 22:57:19,71126905166,抖音小肋手,[捂脸][捂脸][捂脸],[等级10],[粉丝团 Lv10]
2026-05-13 22:57:19,93421569511,吃串串的喵,老奶奶骨头不好[捂脸],[等级2],[粉丝团 Lv4]
2026-05-13 22:57:19,96038157678,江苏泗洪大蟹客,老乡，及时止损！！！！！！！！！？！！！！！！！！！！,[等级31],[粉丝团 Lv1]
2026-05-13 22:57:19,98095182081,手握风云★,昨天休息没干好事  绝对,[等级20],[粉丝团 Lv2]
2026-05-13 22:57:21,69084013934,🌸🌸,@江苏泗洪大蟹客 你嫉妒,[等级6],[粉丝团 Lv7]
2026-05-13 22:57:22,2652457515884291,小糯米,[捂脸][捂脸][捂脸],[等级12],[粉丝团 Lv12]
2026-05-13 22:57:22,2330588968395416,贝塔β,哈哈哈哈,[等级25],[粉丝团 Lv14]
2026-05-13 22:57:22,2263256806988026,分,老黑昨天找模子去了,[等级9],[粉丝团 Lv9]
2026-05-13 22:57:22,101902874850,七安,猛踹瘸子那条好腿[捂脸],[等级7],[粉丝团 Lv5]
2026-05-13 22:57:25,105220173205,ZCJ119966,信号枪不打,[等级15],[粉丝团 Lv10]
2026-05-13 22:57:26,96843508253,天 宏,骑老奶奶过马路,[等级48],
2026-05-13 22:57:26,3157445076854464,无界,你要考研啊,[等级15],[粉丝团 Lv5]
2026-05-13 22:57:26,69901418738,某某人,[捂脸],[等级4],
2026-05-13 22:57:26,2984502456237699,汪汪小汪,脱口秀,[等级32],[粉丝团:张君雅 Lv15]
2026-05-13 22:57:27,104432719593,赞美愚者,你要考研啊,[等级34],
2026-05-13 22:57:27,1113180618894655,北极之星,"骑着老奶奶 过马路 , 太残暴了",[等级24],[粉丝团 Lv3]
2026-05-13 22:57:30,99357489372,屹然,打信号枪,[等级39],[粉丝团 Lv9]
2026-05-13 22:57:33,2008152259705040,汉、歼的审判者,@殷澍锴 好好说话,[等级15],[粉丝团 Lv12]
2026-05-13 22:57:33,63222002360,🎀 T·Sept.⁰¹ Vir☁️,@𩵋 哈哈哈哈,[等级36],[粉丝团 Lv17]
2026-05-13 22:57:34,4503669836332557,栩多渝🌽⚡️🌙,进德云社吧[捂脸],[等级11],[粉丝团 Lv10]
2026-05-13 22:57:35,2809993704517324,重新开始,信号枪打了呀,[等级23],[粉丝团 Lv5]
2026-05-13 22:57:36,97814004132,111,打信号枪,[等级19],[粉丝团 Lv11]
2026-05-13 22:57:36,96038157678,江苏泗洪大蟹客,老乡，及时止损！！！！！！！！,[等级31],[粉丝团 Lv1]
2026-05-13 22:57:36,2421567983718772,🌻谷德衣无领,信号枪打了,[等级28],[粉丝团 Lv10]
2026-05-13 22:57:37,94621081467,雨踏歌行.,@江苏泗洪大蟹客 别人用的平板，你不知道？,[等级20],[粉丝团 Lv15]
2026-05-13 22:57:38,103811404276,💎Sooyaxxx21.💎,raper是别的东西[捂脸],[等级9],[粉丝团 Lv11]
2026-05-13 22:57:38,1453995430513568,多多赚钱,打信号枪啊,[等级6],[粉丝团 Lv3]
2026-05-13 22:57:40,99229601776,♛小菜鸟,@江苏泗洪大蟹客 职业用手机，主播用平板，不懂装懂,[等级17],[粉丝团 Lv12]
2026-05-13 22:57:41,606525771223824,LeYi李,信号枪打啊,[等级24],[粉丝团 Lv2]
2026-05-13 22:57:41,1306685529145203,慢慢,@江苏泗洪大蟹客 这是板子，职业是手机，正常，主播拿手机打不过职业,[等级11],[粉丝团 Lv10]
2026-05-13 22:57:42,88678687424,蜡笔小鹿✨,打信号枪,[等级8],[粉丝团 Lv3]
2026-05-13 22:57:42,2700009298731404,𩵋,你们别艾特其他了，人家螃蟹卖不出去了，来反串打点广告的[捂脸][捂脸][捂脸],[等级31],[粉丝团 Lv16]
2026-05-13 22:57:45,1877615703246221,梦千年,打信号枪啊[捂脸],[等级4],[粉丝团 Lv4]
2026-05-13 22:57:45,98460975967,ەㅤㅤㅤㅤㅤㅤㅤㅤㅤ一个蛋🥚 ㅤㅤㅤㅤ,[看][看][看],[等级34],[粉丝团 Lv10]
2026-05-13 22:57:45,3714600188810063,@做个坏人,打信号枪,[等级19],[粉丝团 Lv8]
2026-05-13 22:57:46,109756665406,ᑮéиg宝🧸ོ,不知道这种人怎么还能活在直播间的[抠鼻][抠鼻],[等级29],[粉丝团 Lv12]
2026-05-13 22:57:47,2638447444242488,好运时间,[666],[等级12],[粉丝团 Lv5]
2026-05-13 22:57:47,80409654677,🚴‍♀️,包爬过来,[等级7],
2026-05-13 22:57:48,1333022732588423,烟草味的情怀,和平精英热度榜第一,[等级2],[粉丝团 Lv4]
2026-05-13 22:57:48,96857350830,好运来喽！,信号枪,[等级3],
2026-05-13 22:57:50,1912770927798844,mengge,信号枪,[等级6],
2026-05-13 22:57:50,11999219065,勿忘&繁华依旧☆,[捂脸][捂脸],[等级18],[粉丝团 Lv12]
2026-05-13 22:57:50,2330588968395416,贝塔β,去说相声吧,[等级25],[粉丝团 Lv14]
2026-05-13 22:57:52,1629949001731619,🐆· 「社会上的边角料.」 🥷,不发信号啊,[等级23],
2026-05-13 22:57:52,2541707176186030,一路相随,骑老奶奶过马路哦，不炸你炸谁。,[等级15],[粉丝团 Lv10]
2026-05-13 22:57:53,3262956108521711,亿萬🍼,不打信号枪吗？,[等级17],
2026-05-13 22:57:53,3996063592881981,@@🚬yangꦿ᭄ཽ࿆࿆:,老妹好[捂脸][捂脸][捂脸],[等级15],[粉丝团 Lv10]
2026-05-13 22:57:55,87591928732711,healer,[捂脸][捂脸][捂脸],[等级30],[粉丝团 Lv1]
2026-05-13 22:57:56,60521377133,我爱吃肉肉,打信号枪啊,[等级4],
2026-05-13 22:57:57,3333368267161488,RYJ,满嘴顺口溜，这是要考研[赞],[等级3],[粉丝团 Lv2]
2026-05-13 22:57:57,82862075244,睡醒了☺️☺️,有妹妹[呲牙],[等级36],[粉丝团 Lv4]
2026-05-13 22:57:58,4372090580909815,执着终究输,打信号枪,[等级12],[粉丝团 Lv8]
2026-05-13 22:57:59,606525771223824,LeYi李,信号枪不打吗,[等级24],[粉丝团 Lv2]
2026-05-13 22:58:00,1257437656002798,某某.,别艾特了[捂脸]全是它的画面,[等级34],[粉丝团:张君雅 Lv16]
2026-05-13 22:58:01,69361859621,懵逼树上懵逼果,张君雅哪里人啊  怎么口音这么重啊,[等级17],
2026-05-13 22:58:01,96038157678,江苏泗洪大蟹客,她比职业牛多了！！！！！,[等级31],[粉丝团 Lv1]
2026-05-13 22:58:01,2564473840474103,咸蛋超人,不打信号枪吗,[等级11],[粉丝团 Lv7]
2026-05-13 22:58:03,107980521047,Mr:Liang,老妹好呀,[等级24],[粉丝团 Lv5]
2026-05-13 22:58:03,874847890575219,陈晓北,打信号枪,[等级3],[粉丝团 Lv3]
2026-05-13 22:58:03,108332748130,相遇微时,欢迎妹妹[捂脸],[等级16],
2026-05-13 22:58:03,61878340668,盛杭名烟名酒商贸,[比心],[等级7],[粉丝团 Lv3]
2026-05-13 22:58:03,1333022732588423,烟草味的情怀,和平精英热度榜第一，,[等级2],[粉丝团 Lv4]
2026-05-13 22:58:05,909994527827448,UU,妹妹来啦,[等级18],[粉丝团 Lv13]
2026-05-13 22:58:05,93883211325,伴侣,丝袜,[等级24],
2026-05-13 22:58:05,1160678663794076,雾散。,妹妹来了,[等级29],[粉丝团 Lv10]
2026-05-13 22:58:05,309411621386987,90后公子,表妹爱我吗[捂脸][捂脸],[等级20],[粉丝团 Lv7]
2026-05-13 22:58:05,108586220306,%,我是2号,[等级22],[粉丝团 Lv12]
2026-05-13 22:58:06,11459956854202,雾触晚,主播打一天游戏累吗？,[等级13],
2026-05-13 22:58:07,97369239450,温度尚好,妹子来看你直播了,[等级7],[粉丝团 Lv1]
2026-05-13 22:58:08,609550534709379,Y巅峰,李伯清的传人[捂脸][捂脸][捂脸]张老黑[捂脸][捂脸][捂脸],[等级32],
2026-05-13 22:58:11,98607664901,菱,打信号枪,[等级13],[粉丝团 Lv11]
2026-05-13 22:58:11,102597770628,ℳ₯㎕叁潴潴潴🐝࿐,妹妹说话,[等级19],[粉丝团 Lv10]
2026-05-13 22:58:11,60806748798,王蓉～小柠檬麻麻,点点赞,[等级12],[粉丝团 Lv10]
2026-05-13 22:58:14,7603294357017773105,6666,骑兵连,[等级7],[粉丝团 Lv3]
2026-05-13 22:58:14,2858358405342999,徒步新疆🇨🇳²⁰²⁶,欢迎小姐姐,[等级18],[粉丝团 Lv10]
2026-05-13 22:58:14,110853008719,！,大家好 我是2号,[等级26],
2026-05-13 22:58:15,3377290333127367,开水煮菜椒,信号枪留着过年吗[捂脸],[等级2],[粉丝团 Lv6]
2026-05-13 22:58:17,3996063592881981,@@🚬yangꦿ᭄ཽ࿆࿆:,欢迎老妹加入,[等级15],[粉丝团 Lv10]
2026-05-13 22:58:19,109389691119,自由人装饰老张｜先装修再付款,成都滴,[等级2],
2026-05-13 22:58:19,107980521047,Mr:Liang,我爱表妹,[等级24],[粉丝团 Lv5]
2026-05-13 22:58:21,96038157678,江苏泗洪大蟹客,我说实话，她这技术甩职业三条街！！！！！！！！！,[等级31],[粉丝团 Lv1]
2026-05-13 22:58:21,4347883561688179,倔犟的豆腐卷,画质怎么调的,[等级9],
2026-05-13 22:58:21,3262956108521711,亿萬🍼,不打信号枪吗,[等级17],
2026-05-13 22:58:23,88610989490,🌈杨杨得忆❤️,[捂脸][捂脸][捂脸][捂脸],[等级24],[粉丝团 Lv7]
2026-05-13 22:58:23,97633370745,一往情深,信号枪,[等级11],
2026-05-13 22:58:24,3157445076854464,无界,有个信号枪没打,[等级15],[粉丝团 Lv5]
2026-05-13 22:58:24,2700009298731404,𩵋,一个卖螃蟹的都跑来和平直播间蹭热度了。哎[捂脸],[等级31],[粉丝团 Lv16]
2026-05-13 22:58:24,4372090580909815,执着终究输,老妹，打枪啊,[等级12],[粉丝团 Lv8]
2026-05-13 22:58:24,7636216417905919025,喜乐安康,亡灵这把338怎么跟海钓的鱼竿似的海钓竿似的[捂脸],,
2026-05-13 22:58:25,474639356942429,多云转晴,@江苏泗洪大蟹客 你不看你就出去，那么多话了,[等级29],[粉丝团 Lv15]
2026-05-13 22:58:25,96038157678,江苏泗洪大蟹客,我说实话，她这技术甩职业三条街！！！！！！！！！,[等级31],[粉丝团 Lv1]
2026-05-13 22:58:25,2263256806988026,分,老黑是不是找模子去了,[等级9],[粉丝团 Lv9]
2026-05-13 22:58:27,2386378385529776,ღ 念池鱼,[比心][比心][比心],[等级16],
2026-05-13 22:58:29,104917868526,🌅,真的不用吗,[等级7],[粉丝团 Lv8]
2026-05-13 22:58:30,4162095481363833,mrtang,富婆欢迎[比心][比心][比心][比心][比心],,
2026-05-13 22:58:30,62780209254,我不吃饭、,点点赞吧～,[等级19],[粉丝团 Lv11]
2026-05-13 22:58:32,127163134649991,李四哥,刷,[等级10],[粉丝团 Lv10]
2026-05-13 22:58:32,309411621386987,90后公子,刷什么啊[捂脸][捂脸][捂脸],[等级20],[粉丝团 Lv7]
2026-05-13 22:58:32,1864375673819964,@﹌自由_,[捂脸][捂脸][捂脸][捂脸][捂脸][捂脸],[等级27],[粉丝团 Lv3]
2026-05-13 22:58:32,60527757013,奶思兔咪邱女士～❤️,又假客气了,[等级22],[粉丝团 Lv11]
2026-05-13 22:58:34,1767646315687197,小馫,可以去讲脱口秀,[等级13],[粉丝团 Lv12]
2026-05-13 22:58:34,2973499001939728,用户9188596257484,信号枪没打呢,[等级8],
2026-05-13 22:58:34,3047482674388180,菜场在逃肥鸡,哈哈哈,[等级13],[粉丝团 Lv7]
2026-05-13 22:58:35,82862075244,睡醒了☺️☺️,她不敢喊你老黑[呲牙],[等级36],[粉丝团 Lv4]
2026-05-13 22:58:35,96038157678,江苏泗洪大蟹客,我说实话，她这技术甩职业三条街！！！！！！！！！,[等级31],[粉丝团 Lv1]
2026-05-13 22:58:35,10350113338041,用户2773121987711,[看][看][看],,
2026-05-13 22:58:36,2984502456237699,汪汪小汪,客气啦，刷个大的,[等级32],[粉丝团:张君雅 Lv15]
2026-05-13 22:58:36,77497764555,不缺暖阳-,行,[等级29],[粉丝团 Lv13]
2026-05-13 22:58:38,95114696630,楠De小雨天气💦,@江苏泗洪大蟹客 她本来就是职业退役出来的,[等级19],[粉丝团 Lv7]
2026-05-13 22:58:38,84580731383,miss.王🍀,刷什么,[等级15],
2026-05-13 22:58:38,3175868363977623,洋  仔⁸⁰⁰⁸,行[捂脸],[等级21],[粉丝团:张君雅 Lv12]
2026-05-13 22:58:39,8402621700279,用户1318994328924,行[捂脸][捂脸][捂脸],[等级10],[粉丝团 Lv10]
2026-05-13 22:58:40,83891107891,山月不知心底事( ˃̶̤́ ꒳ ˂̶̤̀,君雅有什么小零食推荐,[等级17],[粉丝团 Lv6]
2026-05-13 22:58:40,71074166083,乔巴,刷华子,[等级34],[粉丝团 Lv11]
2026-05-13 22:58:42,102597770628,ℳ₯㎕叁潴潴潴🐝࿐,欢迎妹妹,[等级19],[粉丝团 Lv10]
2026-05-13 22:58:42,53129424192,杨先生@,yu [捂脸]有回音,[等级19],[粉丝团 Lv10]
2026-05-13 22:58:42,66000111942,東,局哥 昨晚带个16岁小孩打游戏 说人家是个妹妹[呲牙],[等级6],[粉丝团 Lv2]
2026-05-13 22:58:43,7612951911537198138,一条锦鲤游啊游～,卡一个生日灯牌,[等级6],[粉丝团 Lv1]
2026-05-13 22:58:44,2824008837643668,Hom,妹子说：刷个华子,,
2026-05-13 22:58:44,108332748130,相遇微时,张老黑说嘉年华好久不见了[捂脸][捂脸][捂脸],[等级16],
2026-05-13 22:58:46,52752956015,雪中曲❄️,不打信号枪吗,[等级23],[粉丝团 Lv4]
2026-05-13 22:58:46,75501579076,仰着头微笑,没事。不要刷多了,,
2026-05-13 22:58:46,99357489372,屹然,打信号枪,[等级39],[粉丝团 Lv9]
2026-05-13 22:58:48,175538554811668,花样男,键位码,[等级15],[粉丝团 Lv8]
2026-05-13 22:58:48,334705199679224,蜡笔楼,欢迎老妹,[等级19],
2026-05-13 22:58:48,4419676091979500,完美男人,欢迎小姐姐,[等级27],[粉丝团 Lv9]
2026-05-13 22:58:49,70067876868,不被定义的熊,老妹糊涂啊,[等级25],[粉丝团 Lv2]
2026-05-13 22:58:49,94511118465,及时止损,战术性客气,[等级2],
2026-05-13 22:58:50,99512064477,大嘭🌈,[捂脸],[等级24],[粉丝团 Lv13]
2026-05-13 22:58:51,97266147825,十一🍅,吃鸡必须来个导弹,[等级27],[粉丝团 Lv3]
2026-05-13 22:58:51,104289923392,川哥子,现在是玩这个游戏的人少了吗，抖音榜第一才都不能上人[捂脸],[等级25],[粉丝团 Lv8]
2026-05-13 22:58:52,1306685529145203,慢慢,@江苏泗洪大蟹客 她拿手机打不出有些操作的,[等级11],[粉丝团 Lv10]
2026-05-13 22:58:52,95507451318,溪鱼,那要吃把小鸡,[等级17],[粉丝团 Lv10]
2026-05-13 22:58:53,4233546532927219,🉑🈶🉑🈚,行,[等级20],[粉丝团 Lv10]
2026-05-13 22:58:54,72179010645,✨三十六,六月黄还早,[等级25],[粉丝团 Lv10]
2026-05-13 22:58:54,98349173902,星星点灯2,那个是小姐姐,[等级4],[粉丝团 Lv2]
2026-05-13 22:58:55,64762119955,吃了红苕打屁庞臭,整得老黑都不好意思了,[等级16],
2026-05-13 22:58:55,1530976442254383,带五个孤儿住天桥底下,老黑的子弹自带GPS欢迎妹妹,[等级27],[粉丝团 Lv11]
2026-05-13 22:58:56,97115298588,老扯拐匠,信号枪,[等级22],[粉丝团 Lv6]
2026-05-13 22:58:56,60696366025,♥,刷个抖音一号,[等级28],[粉丝团 Lv9]
2026-05-13 22:58:56,73252025185,雾恋,随便来一个嘉年华就好了,[等级27],
2026-05-13 22:58:56,111200763682,"Mr,李",哎，不用不用 太客气了 不用刷华子 不用不用,[等级32],[粉丝团 Lv3]
2026-05-13 22:58:57,76133959662,@等风起,我是妹妹,[等级14],[粉丝团 Lv8]
2026-05-13 22:58:58,51894721128,十亿战神尊魂幡,合影,[等级20],[粉丝团 Lv1]
2026-05-13 22:59:00,55578024711,礼拜日,半路开香槟🍾[看],[等级23],
2026-05-13 22:59:00,102282190037,☾⋆᭄⁵̶²̶º̶拖拉机₁̶₃̶₁̶₄̶,刷给我吧,[等级3],
2026-05-13 22:59:02,62612700356,2 丶 1,@倔犟的豆腐卷 调画质输54250  自动就好,[等级4],[粉丝团 Lv8]
2026-05-13 22:59:02,309411621386987,90后公子,刷什么,[等级20],[粉丝团 Lv7]
2026-05-13 22:59:03,4310549579694780,@你,坐等小姐姐,[等级15],[粉丝团 Lv10]
2026-05-13 22:59:04,97754841248,Laws123,哎呀，不用不用，那来个跑车吧[捂脸],[等级6],[粉丝团 Lv4]
2026-05-13 22:59:04,84580731383,miss.王🍀,刷空头？,[等级15],
2026-05-13 22:59:05,1750047908434414,往事随风而逝,不要不要不要，行[捂脸][捂脸][捂脸],[等级23],[粉丝团 Lv12]
2026-05-13 22:59:05,453442174718862,张君雅的陛下⁵¹⁰⁷⁴,"@江苏泗洪大蟹客 你这发的看不到没牌面,来个导弹先让主播注意你，完了你再来造谣。",[等级35],[粉丝团 Lv16]
2026-05-13 22:59:07,6965023697,云开日出,[捂脸][捂脸][捂脸][捂脸],[等级9],[粉丝团 Lv6]
2026-05-13 22:59:07,51894721128,十亿战神尊魂幡,欢迎小姐姐,[等级20],[粉丝团 Lv1]
2026-05-13 22:59:07,69084013934,🌸🌸,@江苏泗洪大蟹客 想甩你个大嘴巴子,[等级6],[粉丝团 Lv7]
2026-05-13 22:59:07,103442798670,夜...dz,来刷。 直播间一万多头狼蹲着呢[看][看][看],[等级14],[粉丝团 Lv11]
2026-05-13 22:59:08,71126905166,抖音小肋手,直播间上方👆展馆滑动[爱心]有主播充能[感谢][感谢]大家看直播能免费[爱心]给主播君雅充能[爱心],[等级10],[粉丝团 Lv10]
2026-05-13 22:59:09,10350113338041,用户2773121987711,[呲牙][呲牙][呲牙],,
2026-05-13 22:59:13,2013921850951495,🌈爱喝茶的大叔,局哥呀,[等级2],[粉丝团 Lv2]
2026-05-13 22:59:13,71126905166,抖音小肋手,直播间上方👆展馆滑动[爱心]有主播充能[感谢][感谢]大家看直播能免费[爱心]给主播君雅充能[爱心],[等级10],[粉丝团 Lv10]
2026-05-13 22:59:14,83617703979,十七柒,54250,[等级13],[粉丝团 Lv10]
2026-05-13 22:59:15,908666635041859,Dying Cat,前期不杀，决赛圈不好打,[等级2],
2026-05-13 22:59:17,2858358405342999,徒步新疆🇨🇳²⁰²⁶,欢迎老表,[等级18],[粉丝团 Lv10]
2026-05-13 22:59:18,94765520216,T.T,草船吧[看][看][看],[等级22],[粉丝团 Lv7]
2026-05-13 22:59:18,68179112233,克里斯～RONALDO,刷两个小心心就行了，意思意思,[等级19],
2026-05-13 22:59:19,2651651401850973,云见山川,@江苏泗洪大蟹客 职业打的和这个能一样吗？别人职业只有训练的时候才打路人局，真正比赛对面全是职业好吧,[等级10],[粉丝团 Lv6]
2026-05-13 22:59:22,100515465222,✨甜憨憨吖🌈,理他干啥啊,[等级8],[粉丝团 Lv3]
2026-05-13 22:59:24,1750047908434414,往事随风而逝,欢迎小姐姐,[等级23],[粉丝团 Lv12]
2026-05-13 22:59:24,16887728601,zr3,昨天去S P A了,[等级15],[粉丝团 Lv2]
2026-05-13 22:59:25,95125776765,Hao、⁵¹⁰⁷⁴,@江苏泗洪大蟹客 打个，哪个主播不比职业牛？你告诉我。职业是手机，手机束缚了太多操作,[等级18],[粉丝团 Lv14]
2026-05-13 22:59:29,1838847804575764,老农民A1,张老黑本来就是电竞老师，厉害一点怎么了,[等级33],[粉丝团 Lv15]
2026-05-13 22:59:31,131585466442676,小哥',诸葛猫🐱,[等级24],
2026-05-13 22:59:33,77416951506,ら孤痞,@雨踏歌行. 别理他[捂脸],[等级36],[粉丝团 Lv17]
2026-05-13 22:59:34,60696366025,♥,三就开枪,[等级28],[粉丝团 Lv9]
2026-05-13 22:59:37,62780209254,我不吃饭、,好稳的G3,[等级19],[粉丝团 Lv11]
2026-05-13 22:59:40,1257437656002798,某某.,别艾特了行不行,[等级34],[粉丝团:张君雅 Lv16]
2026-05-13 22:59:45,78780549307,偌靉(安全员)99,我天天电脑上玩的，用手机玩就跟木耳一样！！,[等级21],[粉丝团 Lv10]
2026-05-13 22:59:47,51334554917,✨七个草莓熊✨,338,[等级19],[粉丝团 Lv10]
2026-05-13 22:59:48,1306685529145203,慢慢,@我不吃饭、 这是338,[等级11],[粉丝团 Lv10]
2026-05-13 22:59:54,1402624549854467,金诚毛织,猫葛亮,,
2026-05-13 22:59:57,62780209254,我不吃饭、,靠！338,[等级19],[粉丝团 Lv11]
2026-05-13 22:59:58,4233546532927219,🉑🈶🉑🈚,……,[等级20],[粉丝团 Lv10]
2026-05-13 23:00:02,3913913666903720,太阳☀,@我不吃饭、 这是338,[等级41],[粉丝团 Lv13]
2026-05-13 23:00:06,109756665406,ᑮéиg宝🧸ོ,直接禁言了踢出去不就得了，真废话,[等级29],[粉丝团 Lv12]
2026-05-13 23:00:07,94621081467,雨踏歌行.,@ら孤痞 那货有点急人了[捂脸],[等级20],[粉丝团 Lv15]
2026-05-13 23:00:14,2984502456237699,汪汪小汪,打了这里打下面，打了下面打那边,[等级32],[粉丝团:张君雅 Lv15]
2026-05-13 23:00:18,61444528339,╰記憶╳擱淺╮,这透视牛B,[等级3],
2026-05-13 23:00:22,51894721128,十亿战神尊魂幡,小姐姐信号枪,[等级20],[粉丝团 Lv1]
2026-05-13 23:00:27,1336635934380526,风与路人✔,还有信号弹,[等级19],[粉丝团 Lv9]
2026-05-13 23:00:29,95125776765,Hao、⁵¹⁰⁷⁴,@江苏泗洪大蟹客 职业手机，主播平板，哪个主播不比职业牛？你告诉我,[等级18],[粉丝团 Lv14]
2026-05-13 23:00:30,2564473840474103,咸蛋超人,怎么突然有别的男的说话,[等级11],[粉丝团 Lv7]
2026-05-13 23:00:31,68422483360,深情不及久伴,@╰記憶╳擱淺╮ 又来一个乐子,[等级25],[粉丝团 Lv11]
2026-05-13 23:00:32,67223019113,伟,信号枪,[等级23],[粉丝团 Lv9]
2026-05-13 23:00:32,104917868526,🌅,@╰記憶╳擱淺╮ 你举报吧,[等级7],[粉丝团 Lv8]
2026-05-13 23:00:35,51894721128,十亿战神尊魂幡,信号枪,[等级20],[粉丝团 Lv1]
2026-05-13 23:00:35,62780209254,我不吃饭、,没事[看]给大家乐一乐,[等级19],[粉丝团 Lv11]
2026-05-13 23:00:39,86562890288,ㅤ　 ㅤ顺利朱,信号枪啊,[等级20],[粉丝团 Lv11]
2026-05-13 23:00:40,2419370855769710,随便逛逛,@ᑮéиg宝🧸ོ [捂脸]黑子发言加热度[捂脸],[等级17],[粉丝团 Lv7]
2026-05-13 23:00:41,2651651401850973,云见山川,友友们，别艾特他了，他就是现实生活中被人不断否定，才来这里找找自己存在的意义的,[等级10],[粉丝团 Lv6]
2026-05-13 23:00:41,67223019113,伟,包里信号枪,[等级23],[粉丝团 Lv9]
2026-05-13 23:00:41,14271251266,和🇨🇳天下,信号枪没拿[捂脸][捂脸][捂脸][捂脸][捂脸][捂脸][捂脸],[等级6],[粉丝团 Lv6]
2026-05-13 23:00:42,2274247923467549,知遇👣,@江苏泗洪大蟹客 她就是职业退役的有俱乐部,[等级24],[粉丝团 Lv10]
2026-05-13 23:00:52,58654724749,L·May·06·Taurus♉,@╰記憶╳擱淺╮ 。。。。。,[等级18],[粉丝团 Lv7]
2026-05-13 23:00:53,108825768878,南山居士,和平一姐居然没有黄金风衣，把我气的今晚睡不着了,[等级1],
2026-05-13 23:01:02,3175868363977623,洋  仔⁸⁰⁰⁸,一个个的都在这里装内行[捂脸],[等级21],[粉丝团:张君雅 Lv12]
2026-05-13 23:01:02,2663432393593513,甜ル🍒,又错过了什么热闹的,[等级36],[粉丝团:张君雅 Lv5]
2026-05-13 23:01:06,5193717972,bobo ……,给A妹投投票啦，,[等级9],
2026-05-13 23:01:10,96635808416,知趣i,他们就是来要热度的,[等级20],[粉丝团 Lv12]
2026-05-13 23:01:12,61444528339,╰記憶╳擱淺╮,绝对开了透视,[等级3],
2026-05-13 23:01:14,96635808416,知趣i,别理就行了,[等级20],[粉丝团 Lv12]
2026-05-13 23:01:20,888043895784167,阳光如你,[捂脸][捂脸][捂脸],[等级26],[粉丝团 Lv11]
2026-05-13 23:01:22,68422483360,深情不及久伴,@╰記憶╳擱淺╮ 你快报警,[等级25],[粉丝团 Lv11]
2026-05-13 23:01:22,109318745527,💫🔥_ ෆ⃛ ➷¹⁹⁹³🌟,@知遇👣 谁告诉你的，,[等级28],[粉丝团 Lv12]
2026-05-13 23:01:22,61444528339,╰記憶╳擱淺╮,我也开过,[等级3],
2026-05-13 23:01:22,14211174129,晚风ᥫᩣ.𝓛𝓾𝓬𝓴𝔂,[捂脸][捂脸][捂脸],[等级19],[粉丝团 Lv15]
2026-05-13 23:01:23,55159220102,BWRZ（记录美好）,@bobo …… ？,[等级36],[粉丝团 Lv16]
2026-05-13 23:01:23,99460247743,日行一善²⁰²⁶,把信号枪呲地上,[等级12],[粉丝团 Lv10]
2026-05-13 23:01:23,96705546715,卖卡车的老小伙,刚还有一把,[等级19],
2026-05-13 23:01:24,3905056839578446,小猪唛,滋地上,[等级24],[粉丝团 Lv14]
2026-05-13 23:01:24,1367445777424910,Eucalyptus 🐸,@甜ル🍒 来晚了[捂脸][捂脸][捂脸],[等级24],[粉丝团 Lv14]
2026-05-13 23:01:24,67223019113,伟,包里信号枪,[等级23],[粉丝团 Lv9]
2026-05-13 23:01:25,54642780642,别闹，别问，别期待,@甜ル🍒 错过了我[害羞][害羞],[等级48],
2026-05-13 23:01:27,4398499792427923,@哆啦A梦,打地上[捂脸][捂脸],[等级20],
2026-05-13 23:01:27,3430895678660199,就要李_发财,@南山居士 你这网名不适合看这种直播吧[呲牙][呲牙],[等级29],
2026-05-13 23:01:29,98559039759,邋遢猴🐒～曾,那个盒子还有信号抢,[等级27],
2026-05-13 23:01:30,474639356942429,多云转晴,@bobo …… 你家网是2G了吗,[等级29],[粉丝团 Lv15]
2026-05-13 23:01:31,71126905166,抖音小肋手,[爱心]点点赞，一人300下，分3次点，一次100下[爱心][爱心]开点,[等级10],[粉丝团 Lv10]
2026-05-13 23:01:33,62780209254,我不吃饭、,点点赞吧[看],[等级19],[粉丝团 Lv11]
2026-05-13 23:01:33,62825624795,JiA-关于小熊🧸,树旁边还有一个,[等级5],
2026-05-13 23:01:35,71126905166,抖音小肋手,点粉丝团→一键送11个为你闪耀（陪伴之旅），完成后可多领很多很多亲密度→记得把星星都点开有亲密❤️❤,[等级10],[粉丝团 Lv10]
2026-05-13 23:01:35,175538554811668,花样男,键位码,[等级15],[粉丝团 Lv8]
2026-05-13 23:01:35,417427108929038,麦幽,妹妹，往地上打,[等级3],[粉丝团 Lv6]
2026-05-13 23:01:35,4410845128828888,地狱小魔,@╰記憶╳擱淺╮ 对对对，赶紧报警,[等级25],[粉丝团 Lv11]
2026-05-13 23:01:37,1530155757474296,玩鱼不养鱼,树下包里有信号枪,[等级11],[粉丝团 Lv4]
2026-05-13 23:01:38,4233546532927219,🉑🈶🉑🈚,一号自带的,[等级20],[粉丝团 Lv10]
2026-05-13 23:01:39,67713148564,℡、执念,真的溜,[等级19],
2026-05-13 23:01:39,609550534709379,Y巅峰,还有一个信号枪[捂脸][捂脸],[等级32],
2026-05-13 23:01:41,71126905166,抖音小肋手,陪伴之旅的点亮闪耀💡送一送，帮君雅完成100%💡点亮❣️❣️❣️完成后可领取更多亲密度❣️❣️❣️,[等级10],[粉丝团 Lv10]
2026-05-13 23:01:45,1306685529145203,慢慢,电竞师其实就是之前的陪玩吧,[等级11],[粉丝团 Lv10]
2026-05-13 23:01:48,7567403286325478437,日行一善积大德，日行多善积积大大德,妹妹老壳都是晕乎乎的吧[捂脸],[等级10],[粉丝团 Lv10]
2026-05-13 23:01:49,94621081467,雨踏歌行.,@江苏泗洪大蟹客 她打大学生联赛，城市联赛都是线下拿了冠军的，你不知道吧。,[等级20],[粉丝团 Lv15]
2026-05-13 23:01:49,206319312452301,爱一,那把四个倒了，手枪吃鸡[呲牙],[等级13],[粉丝团 Lv9]
2026-05-13 23:01:51,767889155832154,主播凶巴巴,一个卖不出螃蟹的，来这里说两句话，你们画面比送个嘉年华都牛逼，这样还送啥礼物打广告呀[捂脸][捂脸][捂脸][捂脸],[等级26],[粉丝团 Lv15]
2026-05-13 23:01:53,108825768878,南山居士,@就要李_发财 我二十多年前就玩儿CS,[等级1],
2026-05-13 23:01:55,5193717972,bobo ……,哈哈。,[等级9],
2026-05-13 23:02:02,63416229807,风沙迷了眼⁵¹⁰⁷⁴,@慢慢 她有证书,[等级21],[粉丝团 Lv15]
2026-05-13 23:02:06,14271251266,和🇨🇳天下,还有一个信号枪[捂脸][捂脸][捂脸][捂脸],[等级6],[粉丝团 Lv6]
2026-05-13 23:02:07,2069731754390944,yx,黑她的点开主页全都是老登笑死了,[等级15],[粉丝团 Lv12]
2026-05-13 23:02:13,101289034871,龱伈󰠇,提前关注=额外100宵夜,[等级23],[粉丝团 Lv13]
2026-05-13 23:02:14,109917489171,小果董,提前关注=额外100宵夜,[等级13],[粉丝团 Lv2]
2026-05-13 23:02:21,1838847804575764,老农民A1,@慢慢 教学生的，小顾就是她学生,[等级33],[粉丝团 Lv15]
2026-05-13 23:02:24,231375413972592,欢乐的跳痘,提前关注=额外100宵夜,[等级7],[粉丝团 Lv2]
2026-05-13 23:02:29,60696366025,♥,队友有大炮,[等级28],[粉丝团 Lv9]
2026-05-13 23:02:29,59998001429,*,牛逼,[等级30],
2026-05-13 23:02:29,1319017338112280,风,拿338,,
2026-05-13 23:02:29,2807476684591771,咕噜咕噜,1,[等级2],
2026-05-13 23:02:29,100515465222,✨甜憨憨吖🌈,这些对手能和职业比赛的对手相提并论？[捂脸],[等级8],[粉丝团 Lv3]
2026-05-13 23:02:31,67713489476,-_-,漏线了,[等级2],
2026-05-13 23:02:33,71755721371,逆旅行人󰠇,提前关注=额外100宵夜,[等级28],[粉丝团 Lv14]
2026-05-13 23:02:36,1306685529145203,慢慢,好吧，因为比心弄证书的挺多啊,[等级11],[粉丝团 Lv10]
2026-05-13 23:02:36,4233546532927219,🉑🈶🉑🈚,妹妹穿的好凉快,[等级20],[粉丝团 Lv10]
2026-05-13 23:02:38,61230657105,_Deep sea,提前关注=额外100宵夜,[等级18],[粉丝团 Lv2]
2026-05-13 23:02:39,62501301713,桃了桃,有信号枪没子弹,[等级7],[粉丝团 Lv6]
2026-05-13 23:02:39,69513571814,汉堡🍔,P90 大炮,[等级15],[粉丝团 Lv12]
2026-05-13 23:02:41,51782197378,爱哭的鱼…,实力如挂,[等级34],[粉丝团:张君雅 Lv15]
2026-05-13 23:02:41,1319017338112280,风,338子弹,,
2026-05-13 23:02:41,3488068786195644,一生有你,提前关注=额外100宵夜,[等级14],[粉丝团 Lv7]
2026-05-13 23:02:42,88470052542,在南宁的成都大叔,提前关注=额外100宵夜,[等级8],[粉丝团 Lv4]
2026-05-13 23:02:42,2234682707544967,子一,快吵起来,[等级29],[粉丝团:张君雅 Lv15]
2026-05-13 23:02:45,2001563588242799,李卡卡,[V5][V5][V5],[等级35],[粉丝团 Lv10]
2026-05-13 23:02:45,5193717972,bobo ……,A妹：你就是我的亲姐好吧,[等级9],
2026-05-13 23:02:45,2673617717176813,Zttt,提前关注=额外100宵夜,[等级12],[粉丝团 Lv3]
2026-05-13 23:02:47,78380230678,生命中的过客,@雨踏歌行. 老黑上过大学？？？[捂脸],[等级13],[粉丝团 Lv11]
2026-05-13 23:02:48,471017770717575,眠,[捂脸][捂脸],[等级20],[粉丝团 Lv14]
2026-05-13 23:02:49,3162650538686240,FT泥鳅󰠇,提前关注=额外100宵夜,[等级17],[粉丝团 Lv11]
2026-05-13 23:02:50,101926760954,7,提前关注=额外100宵夜,[等级7],
2026-05-13 23:02:50,111238714001,老玩童,提前关注=额外100宵夜,,
2026-05-13 23:02:51,83808987258,PaopAO,提前关注=额外100宵夜,[等级10],[粉丝团 Lv5]
2026-05-13 23:02:52,54243805669,小琪琪,提前关注=额外100宵夜,[等级16],[粉丝团 Lv6]
2026-05-13 23:02:53,95067703802,●.|娚註桷,提前关注=额外100宵夜,[等级8],
2026-05-13 23:02:56,14271251266,和🇨🇳天下,树下那个包里还有信号枪[捂脸][捂脸][捂脸][捂脸][捂脸][捂脸][捂脸],[等级6],[粉丝团 Lv6]
2026-05-13 23:02:58,98531320097,人间果味,338,[等级20],
2026-05-13 23:02:58,104899196970,往事如风,十个明额一万人来抢,[等级36],[粉丝团 Lv9]
2026-05-13 23:02:58,3038671002406011,【梦里啥都有】,338子弹不拿吗,[等级10],[粉丝团 Lv5]
2026-05-13 23:02:59,104857300934,☞星空☜,提前关注=额外100宵夜,[等级12],[粉丝团 Lv3]
2026-05-13 23:03:01,66552494211,俩宝龙,提前关注=额外100宵夜,[等级2],
2026-05-13 23:03:01,3996063592881981,@@🚬yangꦿ᭄ཽ࿆࿆:,关了小炮都打不准了[捂脸][捂脸][捂脸],[等级15],[粉丝团 Lv10]
2026-05-13 23:03:02,98531320097,人间果味,338,[等级20],
2026-05-13 23:03:07,74653094993,我不会生气,提前关注=额外100宵夜,[等级18],[粉丝团 Lv13]
2026-05-13 23:03:09,2950710786796366,小酒馆,提前关注=额外100宵夜,[等级2],[粉丝团 Lv2]
2026-05-13 23:03:12,1303393967546067,姜影拾光,一号有大炮,,
2026-05-13 23:03:12,92091841259,V       v,提前关注=额外100宵夜,[等级3],
2026-05-13 23:03:12,1138691182433774,铜医小学生,提前关注=额外100宵夜,[等级6],[粉丝团 Lv2]
2026-05-13 23:03:18,175538554811668,花样男,键位码,[等级15],[粉丝团 Lv8]
2026-05-13 23:03:18,77050436309,Jgr,提前关注=额外100宵夜,[等级8],
2026-05-13 23:03:19,87931833816,龙战,10个钻石哪里是100宵夜？,[等级14],[粉丝团 Lv1]
2026-05-13 23:03:20,95871185865,@中山市业兴花木场,@和🇨🇳天下 有啊，就是没弹，,[等级24],
2026-05-13 23:03:21,9249088934,💞Meet🍀,提前关注=额外100宵夜,[等级25],[粉丝团 Lv13]
2026-05-13 23:03:22,3562051923872984,☞-♛-☜󰠇,提前关注=额外100宵夜,[等级18],[粉丝团 Lv5]
2026-05-13 23:03:23,852832636112283,𓆡,笑什么,[等级10],[粉丝团 Lv10]
2026-05-13 23:03:24,715145930390587,Luminay,一起打吗？,,
2026-05-13 23:03:24,1261848801839245,曾经最美,老黑脸皮真厚[捂脸][捂脸],[等级28],
2026-05-13 23:03:24,55159220102,BWRZ（记录美好）,@江苏泗洪大蟹客 别不说话呀，还等着你活跃呢[看],[等级36],[粉丝团 Lv16]
2026-05-13 23:03:26,51117412190,往事随风%,点点赞,[等级21],
2026-05-13 23:03:26,309411621386987,90后公子,都不中的[捂脸],[等级20],[粉丝团 Lv7]
2026-05-13 23:03:27,92516088456,花落知多少,今天不是生日？,[等级20],[粉丝团 Lv12]
2026-05-13 23:03:27,1838847804575764,老农民A1,[捂脸][捂脸][捂脸]鸡皮疙瘩掉地上了,[等级33],[粉丝团 Lv15]
2026-05-13 23:03:28,2263256806988026,分,我9级了可以让我中一次福袋嘛,[等级9],[粉丝团 Lv9]
2026-05-13 23:03:28,55617940901,磊哥,提前关注=额外100宵夜,[等级11],
2026-05-13 23:03:29,909994527827448,UU,把自己都说笑了[捂脸],[等级18],[粉丝团 Lv13]
2026-05-13 23:03:30,3433124560120664,积木熊潮玩娱乐,我去，谁送了一个小鹿？,[等级2],
2026-05-13 23:03:32,4138200750370388,高,[捂脸][捂脸][捂脸]大晚上的,[等级18],[粉丝团 Lv14]
2026-05-13 23:03:33,105457912449,Mr.馬,鸭鸭,[等级11],[粉丝团 Lv11]
2026-05-13 23:03:33,98867380303,ghost咸鱼,从来没中过,[等级15],[粉丝团 Lv11]
2026-05-13 23:03:35,53581162981,我想睡觉😪,1,[等级17],
2026-05-13 23:03:35,73968984549,云淡风轻,你骗我干啥，我偷偷摸摸不行吗,[等级25],
2026-05-13 23:03:36,54796449753,往事随风󰠇,张老黑，直播间只有19个人吗[捂脸],[等级8],[粉丝团 Lv2]
2026-05-13 23:03:36,99634429246,水洗小陈,给张老黑点个关注,[等级23],[粉丝团 Lv9]
2026-05-13 23:03:36,93664861200,心℡醉,提前关注=额外100宵夜,[等级15],[粉丝团 Lv10]
2026-05-13 23:03:38,3078225537805712,凯蒂🐱,小蛋糕🧁,[等级17],[粉丝团 Lv12]
2026-05-13 23:03:38,101875225014,🐮,[捂脸],[等级15],[粉丝团 Lv6]
2026-05-13 23:03:38,74273567425,妮妮,哈哈,[等级21],[粉丝团 Lv4]
2026-05-13 23:03:39,91758336462,li,还雅雅？？？老黑就是老黑[捂脸],[等级11],[粉丝团 Lv3]
2026-05-13 23:03:40,73127315663,曾梦想仗剑走天涯,今天不过生日了吗,[等级17],
2026-05-13 23:03:42,99065789006,我喝酒说话都别信,提前关注=额外100宵夜[赞][赞],[等级19],
2026-05-13 23:03:43,1297845116211678,我是你涛哥,干,[等级14],[粉丝团 Lv9]
2026-05-13 23:03:43,71182698712,德成（码字人）,从来没中过，能不能中一次，让我也实现梦想一次。,[等级7],
2026-05-13 23:03:43,101808958385,陆辰,香香甜甜的小蛋糕，雅雅[捂脸],[等级26],[粉丝团 Lv11]
2026-05-13 23:03:44,1578500484502990,吃饭第丨名,提前关注=额外100宵夜,[等级10],
2026-05-13 23:03:45,98978824821,只想说两字《加油》,雅雅[捂脸][捂脸][捂脸],[等级26],[粉丝团 Lv10]
2026-05-13 23:03:47,58173092302,🌈.婷夏吖,有多香甜,[等级18],[粉丝团 Lv3]
2026-05-13 23:03:48,1212138449278595,Ghrs,[看],,
2026-05-13 23:03:51,70492044030,紫痕9099,[捂脸][捂脸][捂脸],[等级15],[粉丝团 Lv13]
2026-05-13 23:03:52,82862075244,睡醒了☺️☺️,中奖明天买彩票,[等级36],[粉丝团 Lv4]
2026-05-13 23:03:52,65107605343,伊杨,香香甜甜小蛋糕[发呆],[等级32],[粉丝团 Lv12]
2026-05-13 23:03:52,106541088250,五哥,提前关注=额外100宵夜,[等级17],[粉丝团 Lv7]
2026-05-13 23:03:53,85348072672,好哇塞(✪▽✪),别发 千万别发 我不要[捂脸][捂脸],[等级15],[粉丝团 Lv1]
2026-05-13 23:03:53,2650295192532148,赞赞熊🐻,我要宵夜没钱吃宵夜[捂脸],[等级11],[粉丝团 Lv3]
2026-05-13 23:03:55,111438436586,真就九漏鱼²⁰²⁶,牙牙,[等级14],[粉丝团 Lv11]
2026-05-13 23:03:56,105602791995,风平浪静,是美女主播自己打的？,[等级3],
2026-05-13 23:03:58,55159220102,BWRZ（记录美好）,笑死[看],[等级36],[粉丝团 Lv16]
2026-05-13 23:03:58,94621081467,雨踏歌行.,@分 我都还没中过，你排队,[等级20],[粉丝团 Lv15]
2026-05-13 23:04:00,72979651027,安安,提前关注=额外100宵夜,[等级19],[粉丝团 Lv6]
2026-05-13 23:04:01,78491575443,琼姐（小榕树美甲美睫店）,你可老香了雅雅😏,[等级13],[粉丝团 Lv11]
2026-05-13 23:04:02,10350113338041,用户2773121987711,[鼓掌][鼓掌][鼓掌],,
2026-05-13 23:04:05,99065789006,我喝酒说话都别信,[赞][赞][赞],[等级19],
2026-05-13 23:04:06,1750047908434414,往事随风而逝,夸完了，不要笑[捂脸][捂脸][捂脸],[等级23],[粉丝团 Lv12]
2026-05-13 23:04:10,94511118465,及时止损,太肥了吧,[等级2],
2026-05-13 23:04:12,109336122589,♛,太阳🌞🌞,[等级7],
2026-05-13 23:04:13,71126905166,抖音小肋手,直播间上方👆展馆滑动[爱心]有主播充能[感谢][感谢]大家看直播能免费[爱心]给主播君雅充能[爱心],[等级10],[粉丝团 Lv10]
2026-05-13 23:04:22,78329311037,温暖的达少,提前关注=额外100宵夜,[等级10],
2026-05-13 23:04:24,100515465222,✨甜憨憨吖🌈,自己都憋不住,[等级8],[粉丝团 Lv3]
2026-05-13 23:04:25,71126905166,抖音小肋手,点粉丝团→一键送11个为你闪耀（陪伴之旅），完成后可多领很多很多亲密度→记得把星星都点开有亲密❤️❤,[等级10],[粉丝团 Lv10]
2026-05-13 23:04:28,52370718861,花落吖,还捡[捂脸],[等级25],[粉丝团 Lv11]
2026-05-13 23:04:31,864636619207405,微白ᬐ,张老黑直播嘴最累[捂脸],,
2026-05-13 23:04:32,71126905166,抖音小肋手,陪伴之旅的点亮闪耀💡送一送，帮君雅完成100%💡点亮❣️❣️❣️完成后可领取更多亲密度❣️❣️❣️,[等级10],[粉丝团 Lv10]
2026-05-13 23:04:33,59252253998,城南花已败。,去路口那个坑里,[等级25],
2026-05-13 23:04:34,20239435624,訫訫大王,哈哈哈哈哈,[等级18],[粉丝团 Lv9]
2026-05-13 23:04:35,1063946629944504,ꕥ᭄老妖ꦿঞ⁵⁵⁵⁵󰠇,提前关注=额外100宵夜,[等级22],[粉丝团 Lv9]
2026-05-13 23:04:36,2585669014404799,厌,提前关注=额外100宵夜,[等级26],[粉丝团 Lv8]
2026-05-13 23:04:38,1320994261705532,天益恒达3d打印,今天很水逆，可不可以得到雅雅的宵夜呢[捂脸],,
2026-05-13 23:04:38,80402016125,安小舞,提前关注=额外100宵,[等级13],[粉丝团 Lv3]
2026-05-13 23:04:38,66754288236,拥之则安,提前关注=额外100宵夜,[等级14],
2026-05-13 23:04:41,76133959662,@等风起,你们都别抢福袋了，让我抢吧我七天没吃饭了[抠鼻],[等级14],[粉丝团 Lv8]
2026-05-13 23:04:42,140388200397773,🌈快乐小张🌈,提前关注=额外100宵夜,[等级22],
2026-05-13 23:04:42,175538554811668,花样男,键位码,[等级15],[粉丝团 Lv8]
2026-05-13 23:04:44,309411621386987,90后公子,猫局 被你玩耍[捂脸][捂脸],[等级20],[粉丝团 Lv7]
2026-05-13 23:04:47,1632119290069800,毅,你可以说川渝话吗？,[等级3],
2026-05-13 23:04:48,1161499427223208,小点点,Zhq你在看吗,[等级14],[粉丝团 Lv7]
2026-05-13 23:04:53,95114696630,楠De小雨天气💦,哈哈哈哈😂,[等级19],[粉丝团 Lv7]
2026-05-13 23:04:57,92828165475,এ᭄ꦿ꯭，简单.行叔ꫛꫀꪝ,香香甜甜的雅雅，晚上好[微笑][微笑][微笑][微笑][微笑][微笑][微笑][微笑],[等级20],[粉丝团 Lv12]
2026-05-13 23:04:57,3355332057763996,生情,[捂脸][捂脸],[等级33],[粉丝团 Lv9]
2026-05-13 23:05:01,95114696630,楠De小雨天气💦,[捂脸][捂脸][捂脸][捂脸][捂脸],[等级19],[粉丝团 Lv7]
2026-05-13 23:05:05,75926745555,喳喳贝,你害老登,[等级32],[粉丝团 Lv6]
2026-05-13 23:05:05,71214588950,十二,提前关注=额外100宵夜,[等级2],
2026-05-13 23:05:05,93128036459,龙少,[微笑],[等级31],[粉丝团 Lv16]
2026-05-13 23:05:09,166717067108636,郁景严,小姐姐有实力,[等级6],[粉丝团 Lv8]
2026-05-13 23:05:09,77497764555,不缺暖阳-,不行了手点麻了,[等级29],[粉丝团 Lv13]
2026-05-13 23:05:09,1320994261705532,天益恒达3d打印,中[爱心],,
2026-05-13 23:05:11,3002102752483403,🌈初見,都是老六,[等级13],
2026-05-13 23:05:12,64197226920,✨蔻楠丶,中一个吧[比心],[等级19],[粉丝团 Lv10]
2026-05-13 23:05:18,2984502456237699,汪汪小汪,那你就崩老登,[等级32],[粉丝团:张君雅 Lv15]
2026-05-13 23:05:19,77416951506,ら孤痞,@ɞོ 失忆ృ༊ 谢谢,[等级36],[粉丝团 Lv17]
2026-05-13 23:05:32,105235411788,日落青山,[捂脸],[等级23],[粉丝团 Lv13]
2026-05-13 23:05:32,75492431979,余生永伴,和平精英可以升级了，要二个枪夹，不然老黑不知道玩什么了[捂脸],[等级15],
2026-05-13 23:05:34,1320994261705532,天益恒达3d打印,中一个吧[流泪],,
2026-05-13 23:05:37,62794128689,何家大闺女（不要连赞）,1,[等级7],
2026-05-13 23:05:40,3350909248084055,ᥫᩣ 璐璐󰠇,提前关注=额外100宵夜,[等级7],[粉丝团 Lv6]
2026-05-13 23:05:44,98349173902,星星点灯2,秃头换的,[等级4],[粉丝团 Lv2]
2026-05-13 23:05:48,98657042845,缘来、如此（有关必回，永不取关）,又祸害局哥[捂脸],[等级19],[粉丝团 Lv8]
2026-05-13 23:05:49,98714916130,心碎_也完美、,交易成功,[等级11],[粉丝团 Lv9]
2026-05-13 23:05:50,66443707718,✨今晚打老虎,提前关注=额外100宵夜,[等级18],[粉丝团 Lv1]
2026-05-13 23:05:53,417427108929038,麦幽,站的高，死的快,[等级3],[粉丝团 Lv6]
2026-05-13 23:05:53,105035721354,漫享时光民宿官方号,提前关注=额外100宵夜,[等级17],[粉丝团 Lv2]
2026-05-13 23:05:57,63539777930,🌲鹿屿i,这福袋可太难中了,[等级33],[粉丝团 Lv3]
2026-05-13 23:05:58,91947494595,Mr二,提前关注=额外100宵夜,[等级21],[粉丝团 Lv9]
2026-05-13 23:05:59,7409694092488164412,一生一世亿双人,屁股守一波吧 毕竟30年痔疮,[等级33],[粉丝团 Lv9]
2026-05-13 23:05:59,73031189952,北巷,提前关注=额外100宵夜,[等级17],[粉丝团 Lv3]
2026-05-13 23:06:00,100725807530,小旭也疯狂,提前关注=额外100宵夜,[等级15],
2026-05-13 23:06:01,78939980267,幸福！有何可言,提前关注=额外100宵夜,[等级8],[粉丝团 Lv2]
2026-05-13 23:06:02,55819320757,LSC,爱播,[等级16],[粉丝团 Lv4]
2026-05-13 23:06:03,967195791461448,এ᭄蓝桉ꦿృ༊,提前关注=额外100宵夜,[等级8],[粉丝团 Lv2]
2026-05-13 23:06:07,71533879276,懒得起名字,头发换完了，又痔疮换啊[捂脸][捂脸][捂脸][捂脸],[等级15],[粉丝团 Lv8]
2026-05-13 23:06:08,1320994261705532,天益恒达3d打印,顶级运营,,
2026-05-13 23:06:16,1046381754333631,遥远的距离,猫局今晚站起来了不用抗毒了,[等级26],[粉丝团 Lv11]
2026-05-13 23:06:19,56585855490,茜茜,中福袋,[等级35],[粉丝团 Lv10]
2026-05-13 23:06:22,1320994261705532,天益恒达3d打印,哇😯太帅了吧,,
2026-05-13 23:06:24,56585855490,茜茜,中中中,[等级35],[粉丝团 Lv10]
2026-05-13 23:06:24,2330588968395416,贝塔β,[666][666][666],[等级25],[粉丝团 Lv14]
2026-05-13 23:06:28,2651651401850973,云见山川,三四千人抢一个福袋[捂脸]，我是抢不到了,[等级10],[粉丝团 Lv6]
2026-05-13 23:06:35,110859205872,李,提前关注=额外100宵夜,[等级18],[粉丝团 Lv15]
2026-05-13 23:06:36,97088080701,🌈🌈🌈木子,提前关注=额外100宵夜,[等级33],[粉丝团 Lv11]
2026-05-13 23:06:41,80616512928,@敬锅锅,提前关注=额外100宵夜,[等级32],[粉丝团 Lv6]
2026-05-13 23:06:44,88398821852,小羅葉,难抢,[等级11],
2026-05-13 23:06:44,1320994261705532,天益恒达3d打印,中中中[互粉],,
2026-05-13 23:06:45,710724864472762,木空,让我看一下,[等级16],[粉丝团 Lv13]
2026-05-13 23:06:47,3002102752483403,🌈初見,好模糊啊,[等级13],
2026-05-13 23:06:47,92828165475,এ᭄ꦿ꯭，简单.行叔ꫛꫀꪝ,提前关注=额外100宵夜,[等级20],[粉丝团 Lv12]
2026-05-13 23:06:48,111024711271,拉萨瑞昌门业,提前关注=额外100宵夜,[等级15],
2026-05-13 23:06:48,4268731087718972,有空的时候,提前关注=额外100宵夜,[等级8],[粉丝团 Lv9]
2026-05-13 23:06:52,100444965631,ㅤㅤㅤㅤ ㅤ ㅤ ㅤ,这个妹子声音不错[看],[等级14],[粉丝团 Lv7]
2026-05-13 23:06:55,94511118465,及时止损,剩下的都是老六，人机,[等级2],
2026-05-13 23:06:58,63416229807,风沙迷了眼⁵¹⁰⁷⁴,？？？？,[等级21],[粉丝团 Lv15]
2026-05-13 23:06:59,63222002360,🎀 T·Sept.⁰¹ Vir☁️,[捂脸][捂脸][捂脸],[等级36],[粉丝团 Lv17]
2026-05-13 23:06:59,99557528667,妈妈说名字取得长就有沙雕跟着念,啊哈哈哈哈哈哈,[等级14],
2026-05-13 23:06:59,97754841248,Laws123,？,[等级6],[粉丝团 Lv4]
2026-05-13 23:06:59,75463265253,720,咦～,[等级21],[粉丝团 Lv2]
2026-05-13 23:06:59,96395406876893,K*,那女的还夹起来呢？,,
2026-05-13 23:06:59,71126905166,抖音小肋手,[捂脸][捂脸][捂脸],[等级10],[粉丝团 Lv10]
2026-05-13 23:06:59,99372859314,启  夏,[捂脸][捂脸][捂脸],[等级25],[粉丝团 Lv15]
2026-05-13 23:07:00,68399441706,彭彭,[捂脸][捂脸][捂脸],[等级29],[粉丝团 Lv13]
2026-05-13 23:07:00,772280035849376,🌹罗富贵🌹,[捂脸],[等级29],
2026-05-13 23:07:01,82862075244,睡醒了☺️☺️,老妹说话好御,[等级36],[粉丝团 Lv4]
2026-05-13 23:07:01,62731939386,W-Jul-Cnc,[捂脸][捂脸][捂脸][捂脸][捂脸][捂脸][捂脸][捂脸],[等级23],[粉丝团 Lv9]
2026-05-13 23:07:01,888043895784167,阳光如你,[捂脸][捂脸][捂脸],[等级26],[粉丝团 Lv11]
2026-05-13 23:07:01,90117365515,主角,？？？,[等级18],[粉丝团 Lv3]
2026-05-13 23:07:01,88610989490,🌈杨杨得忆❤️,[捂脸][捂脸][捂脸][捂脸][捂脸],[等级24],[粉丝团 Lv7]
2026-05-13 23:07:01,2581253616838616,她说好看,哈哈哈哈哈哈哈哈,[等级21],[粉丝团 Lv5]
2026-05-13 23:07:02,1033174858865783,散。,[捂脸][捂脸][捂脸],[等级34],[粉丝团 Lv10]
2026-05-13 23:07:02,80383016930,零度°C 冰川⁵¹⁰⁷⁴,[捂脸][捂脸][捂脸],[等级11],[粉丝团 Lv11]
2026-05-13 23:07:02,101277257606,风的影子🧸,[捂脸][捂脸][捂脸],[等级42],[粉丝团 Lv11]
2026-05-13 23:07:03,99519056697,一二三k,[捂脸][捂脸][捂脸],[等级7],[粉丝团 Lv8]
2026-05-13 23:07:03,782461558602846,孬,每回都是眼睛看会了，手不会[捂脸],[等级13],[粉丝团 Lv11]
2026-05-13 23:07:03,93014642999,🌈南山楠,哈哈哈,[等级11],[粉丝团 Lv10]
2026-05-13 23:07:03,14211174129,晚风ᥫᩣ.𝓛𝓾𝓬𝓴𝔂,？？？？？,[等级19],[粉丝团 Lv15]
2026-05-13 23:07:03,97938845948,～㊕,我来,[等级24],[粉丝团 Lv2]
2026-05-13 23:07:03,1285793567217527,♨️江左梅郎⚜️,也罚我吧,[等级11],[粉丝团 Lv3]
2026-05-13 23:07:04,73226621540,泡泡😘,木马,[等级15],[粉丝团 Lv11]
2026-05-13 23:07:04,2330588968395416,贝塔β,[捂脸][捂脸][捂脸],[等级25],[粉丝团 Lv14]
2026-05-13 23:07:04,97600677185,晓乔治ovo,[捂脸][捂脸][捂脸],[等级38],[粉丝团 Lv12]
2026-05-13 23:07:05,66769450054,爱做饭的美术老师会摄影,妈？,[等级26],[粉丝团 Lv5]
2026-05-13 23:07:05,94511118465,及时止损,老黑一身泡妞本事，可惜自己是个妞！！！,[等级2],
2026-05-13 23:07:05,95444653417,田鼠先生,？？？？,[等级1],
2026-05-13 23:07:06,78016969370,未知。。。,？,[等级15],[粉丝团 Lv8]
2026-05-13 23:07:06,90117365515,主角,？？？,[等级18],[粉丝团 Lv3]
2026-05-13 23:07:06,2069731754390944,yx,?,[等级15],[粉丝团 Lv12]
2026-05-13 23:07:06,88610989490,🌈杨杨得忆❤️,老色鬼,[等级24],[粉丝团 Lv7]
2026-05-13 23:07:07,106130605224,艾童童,妈？,[等级17],
2026-05-13 23:07:07,97297819103,涛,罚我吧,[等级30],[粉丝团 Lv11]
2026-05-13 23:07:07,92662606363,旧梦,再来一口,[等级32],[粉丝团:张君雅 Lv13]
2026-05-13 23:07:07,97600677185,晓乔治ovo,哈哈哈哈哈,[等级38],[粉丝团 Lv12]
2026-05-13 23:07:08,97938845948,～㊕,我来,[等级24],[粉丝团 Lv2]
2026-05-13 23:07:08,60485968118,707,？,[等级29],
2026-05-13 23:07:08,73226621540,泡泡😘,哈哈,[等级15],[粉丝团 Lv11]
2026-05-13 23:07:10,100041045016,一则,哈哈哈,[等级13],
2026-05-13 23:07:10,63395942812,偷得半日闲,老黑你咋回事,[等级7],[粉丝团 Lv3]
2026-05-13 23:07:10,844867683494035,起 点,鸡皮疙瘩掉一地,[等级28],[粉丝团 Lv8]
2026-05-13 23:07:10,104917868526,🌅,[捂脸],[等级7],[粉丝团 Lv8]
2026-05-13 23:07:11,782461558602846,孬,mua[捂脸][捂脸][捂脸],[等级13],[粉丝团 Lv11]
2026-05-13 23:07:11,76335231609,A箭冠简阳E家店15182186697,提前关注=额外100宵夜,[等级4],[粉丝团 Lv7]
2026-05-13 23:07:11,4081831605444446,流浪的存在,肉厚,[等级6],[粉丝团 Lv3]
2026-05-13 23:07:11,76133959662,@等风起,这老黑绝对有问题,[等级14],[粉丝团 Lv8]
2026-05-13 23:07:12,101741545732,康小🐲,放开让我来,[等级7],
2026-05-13 23:07:13,104600621959,戒心,我替妹妹亲你,[等级26],[粉丝团 Lv7]
2026-05-13 23:07:13,826437088053463,随风而至,色鬼,[等级18],[粉丝团 Lv11]
2026-05-13 23:07:13,7541605761006470204,糯儿,罚我亲你一口吧,,
2026-05-13 23:07:13,522988573440222,隐客,洼是什么鬼,[等级2],[粉丝团 Lv2]
2026-05-13 23:07:13,94476909937,ღ᭄茜🫧,妈耶她叫妈妈,[等级22],[粉丝团 Lv11]
2026-05-13 23:07:13,4390789759635656,广子,来呀,,
2026-05-13 23:07:14,1257497489066887,蓝灏,提前关注=额外100宵夜,[等级11],[粉丝团 Lv8]
2026-05-13 23:07:15,97754841248,Laws123,？？？,[等级6],[粉丝团 Lv4]
2026-05-13 23:07:15,1297845116211678,我是你涛哥,不是我说啥！就你这爆炸弓人家还玩啥,[等级14],[粉丝团 Lv9]
2026-05-13 23:07:15,95507451318,溪鱼,可惜了..是个女儿身,[等级17],[粉丝团 Lv10]
2026-05-13 23:07:15,105235411788,日落青山,[捂脸][捂脸][捂脸][捂脸],[等级23],[粉丝团 Lv13]
2026-05-13 23:07:15,97115298588,老扯拐匠,这老黑要是男人，哪个女人受得了,[等级22],[粉丝团 Lv6]
2026-05-13 23:07:16,97600677185,晓乔治ovo,亲了[捂脸],[等级38],[粉丝团 Lv12]
2026-05-13 23:07:16,3712397299157015,昍翀🦁🐾,我替妹妹来[懵],[等级6],[粉丝团 Lv5]
2026-05-13 23:07:17,4503658257446344,🥐cornetto,预测对了,[等级41],[粉丝团 Lv6]
2026-05-13 23:07:18,111522147591,稳稳的幸福,亲哪里,[等级18],[粉丝团 Lv9]
2026-05-13 23:07:18,98878505737,杰.,大家都亲一口,,
2026-05-13 23:07:18,817624937413011,渺秒,好好好，学会了[捂脸],[等级12],[粉丝团 Lv7]
2026-05-13 23:07:18,394079141639065,P90,木马～,[等级2],[粉丝团 Lv2]
2026-05-13 23:07:19,3989485268505827,🫧 𓆡𓆝𓆟𓆜𓆞  🫧,[尬笑][尬笑][尬笑],[等级2],
2026-05-13 23:07:20,3996063592881981,@@🚬yangꦿ᭄ཽ࿆࿆:,嗯啊，脸上一个月都不洗了[捂脸][捂脸][捂脸],[等级15],[粉丝团 Lv10]
2026-05-13 23:07:21,1320994261705532,天益恒达3d打印,牛[看],,
2026-05-13 23:07:21,1682725011208043,Ma-,？,[等级12],[粉丝团 Lv2]
2026-05-13 23:07:22,97600677185,晓乔治ovo,mua[捂脸],[等级38],[粉丝团 Lv12]
2026-05-13 23:07:22,71291592420,💭,mua~,[等级10],[粉丝团 Lv11]
2026-05-13 23:07:22,94476909937,ღ᭄茜🫧,[捂脸],[等级22],[粉丝团 Lv11]
2026-05-13 23:07:23,396240416939604,Zzww,？,[等级17],
2026-05-13 23:07:24,4111828752805053,惊蛰辞,提前关注=额外100宵夜,[等级11],[粉丝团 Lv4]
2026-05-13 23:07:26,2440569060342429,曾经的记忆,我亲你一口,[等级24],[粉丝团 Lv3]
2026-05-13 23:07:27,97297819103,涛,罚我吧,[等级30],[粉丝团 Lv11]
2026-05-13 23:07:29,100515465222,✨甜憨憨吖🌈,矜持点,[等级8],[粉丝团 Lv3]
2026-05-13 23:07:29,2082923137217795,紫滦栀夏🍀,姐姐,[等级23],
2026-05-13 23:07:29,110895971722,一个人挺好…👿,提前关注=额外100宵夜,[等级24],[粉丝团 Lv8]
2026-05-13 23:07:30,73347898863,琼6270,君雅又开了,[等级8],[粉丝团 Lv9]
2026-05-13 23:07:32,94476909937,ღ᭄茜🫧,[捂脸],[等级22],[粉丝团 Lv11]
2026-05-13 23:07:33,73347898863,琼6270,哈哈哈,[等级8],[粉丝团 Lv9]
2026-05-13 23:07:34,55387153787,豹子,蛙[捂脸],[等级37],[粉丝团 Lv1]
2026-05-13 23:07:35,111200763682,"Mr,李",张老黑，最近比较想男人呀,[等级32],[粉丝团 Lv3]
2026-05-13 23:07:35,3013139552021534,🦁🖤,有种冲我来（丝,[等级32],[粉丝团:张君雅 Lv16]
2026-05-13 23:07:35,67025084707,￴ ￴ ￴￴ ￴￴￴￴ ￴￴ ￴ ￴90,提前关注=额外100宵夜,[等级12],[粉丝团 Lv12]
2026-05-13 23:07:38,394079141639065,P90,木马～,[等级2],[粉丝团 Lv2]
2026-05-13 23:07:39,98878505737,杰.,直播间的家人们都亲一口,,
2026-05-13 23:07:40,75389805983,一諾₃₀₈₁,原来老黑喜欢女的[赞][赞],[等级35],
2026-05-13 23:07:40,1446611325827608,慢慢……,提前关注=额外100宵夜,[等级8],[粉丝团 Lv4]
2026-05-13 23:07:40,99634429246,水洗小陈,张老黑占便宜,[等级23],[粉丝团 Lv9]
2026-05-13 23:07:42,82862075244,睡醒了☺️☺️,多让老妹聊聊,[等级36],[粉丝团 Lv4]
2026-05-13 23:07:42,94511118465,及时止损,老黑一身泡妞本事，可惜自己是个妞！！！,[等级2],
2026-05-13 23:07:44,1640887381135000,夏天,打的比男的好，他喵的撩的都比男的好可还行,[等级11],[粉丝团 Lv5]
2026-05-13 23:07:44,1257437656002798,某某.,公式化骚扰,[等级34],[粉丝团:张君雅 Lv16]
2026-05-13 23:07:46,97806080834,🚬ღ᭄辭ꦿ࿐,这小蛋糕🎂有点油腻啊,[等级21],[粉丝团 Lv15]
2026-05-13 23:07:48,97600677185,晓乔治ovo,放开妹妹，让我来[捂脸],[等级38],[粉丝团 Lv12]
2026-05-13 23:07:48,2209493970,景少,猫局亲你一口,[等级17],
2026-05-13 23:07:51,68204659115,人机,提前关注=额外100宵夜,[等级29],[粉丝团:张君雅 Lv13]
2026-05-13 23:07:52,74273567425,妮妮,mua,[等级21],[粉丝团 Lv4]
2026-05-13 23:07:53,2008152259705040,汉、歼的审判者,[捂脸][捂脸][捂脸]张老黑就是偏爱妹妹……,[等级15],[粉丝团 Lv12]
2026-05-13 23:07:57,4308308980156650,睡不醒的猫咪,来咯[捂脸],[等级3],[粉丝团 Lv7]
2026-05-13 23:08:01,78267720770,龍⁵¹⁰⁷⁴,@孬 手指就像钢筋一样,[等级28],[粉丝团 Lv15]
2026-05-13 23:08:07,91985093082455,龙顺源租赁-唐山人,提前关注=额外100宵夜,[等级5],[粉丝团 Lv2]
2026-05-13 23:08:10,96982260090,一天,她亲你一口就两个人快乐，爱是可以转移的，让她亲猫局，猫局再亲你，大家都快乐,[等级27],[粉丝团 Lv2]
2026-05-13 23:08:13,605152885345616,小小鱼,提前关注=额外100宵夜,[等级14],[粉丝团 Lv12]
2026-05-13 23:08:13,2685482909575307,zwy,[捂脸],[等级20],[粉丝团 Lv5]
2026-05-13 23:08:18,3013139552021534,🦁🖤,我也叫麻麻 还好吧（絲,[等级32],[粉丝团:张君雅 Lv16]
2026-05-13 23:08:19,1367445777424910,Eucalyptus 🐸,@🦁🖤 少个黑字,[等级24],[粉丝团 Lv14]
2026-05-13 23:08:20,175538554811668,花样男,键位码,[等级15],[粉丝团 Lv8]
2026-05-13 23:08:22,844867683494035,起 点,老黑你们也能下得去口 我也是服了,[等级28],[粉丝团 Lv8]
2026-05-13 23:08:38,1320994261705532,天益恒达3d打印,[互粉],,
2026-05-13 23:08:40,94324600283,ken.wangxuejun,提前关注=额外100宵夜,[等级23],[粉丝团 Lv12]
2026-05-13 23:08:43,107662442756,老曾⁶¹⁷,妹妹对象在呢[捂脸],[等级19],[粉丝团 Lv11]
2026-05-13 23:08:44,765720889155080,% 李先生,[鼓掌][鼓掌][鼓掌][鼓掌][鼓掌],[等级15],[粉丝团 Lv2]
2026-05-13 23:08:46,104987787906,风行大地,炮带上,[等级22],
2026-05-13 23:08:47,75994029203,平凡人生,提前关注=额外100宵夜,[等级11],[粉丝团 Lv7]
2026-05-13 23:08:49,93250776284,蘇丹~zZ ,提前关注=额外100宵夜,[等级12],[粉丝团 Lv12]
2026-05-13 23:08:50,4199782460955517,MT,提前关注=额外100宵夜,[等级9],[粉丝团 Lv8]
2026-05-13 23:08:56,78016969370,未知。。。,[捂脸],[等级15],[粉丝团 Lv8]
2026-05-13 23:08:58,3996063592881981,@@🚬yangꦿ᭄ཽ࿆࿆:,吓我一跳[捂脸],[等级15],[粉丝团 Lv10]
2026-05-13 23:08:59,83753290905,星落人间,提前关注=额外100宵夜,[等级33],[粉丝团 Lv10]
2026-05-13 23:09:08,3013139552021534,🦁🖤,@Eucalyptus 🐸 不需要了 麻煩（絲,[等级32],[粉丝团:张君雅 Lv16]
2026-05-13 23:09:09,61325606188,𓂂𖧷𓈒𓐍奶盖星星罐,[捂脸][捂脸][捂脸][捂脸][捂脸],[等级20],[粉丝团 Lv11]
2026-05-13 23:09:09,76647435004,灰鲸,提前关注=额外100宵夜[赞],[等级23],[粉丝团 Lv8]
2026-05-13 23:09:09,60413731655,薇,[鼓掌][鼓掌][鼓掌],[等级13],[粉丝团 Lv11]
2026-05-13 23:09:13,3913913666903720,太阳☀,总有刁民想害朕…,[等级41],[粉丝团 Lv13]
2026-05-13 23:09:14,71381255603,高冷玉米,提前关注=额外100宵夜,[等级6],
2026-05-13 23:09:16,2431737504471821,月落廿二,提前关注=额外100宵夜,[等级15],[粉丝团 Lv9]
2026-05-13 23:09:17,94398492035,来世做你帐上妖,[666][666][666],[等级12],[粉丝团 Lv11]
2026-05-13 23:09:21,99311879871,赵妖镜,提前关注=额外100宵夜,[等级26],[粉丝团 Lv3]
2026-05-13 23:09:22,4325904122124515,没名字,提前关注=额外100宵夜,[等级15],[粉丝团 Lv8]
2026-05-13 23:09:24,1231085634073447,宠溺ღ᭄,[比心],[等级21],[粉丝团 Lv10]
2026-05-13 23:09:25,4503658257446344,🥐cornetto,老黑大局观真强,[等级41],[粉丝团 Lv6]
2026-05-13 23:09:26,102192942414,山海皆可平,扔烟骗炮,[等级10],
2026-05-13 23:09:27,1320994261705532,天益恒达3d打印,让我中一次八,,
2026-05-13 23:09:27,394079141639065,P90,暗算[捂脸][捂脸][捂脸][捂脸][捂脸][捂脸][捂脸],[等级2],[粉丝团 Lv2]
2026-05-13 23:09:36,77416951506,ら孤痞,@嫂家热搜 谢谢,[等级36],[粉丝团 Lv17]
2026-05-13 23:09:39,102192942414,山海皆可平,扔烟骗炮,[等级10],
2026-05-13 23:09:40,96293235234,每天都要看妞,立马横枪，惟我张大黑[捂脸][捂脸],[等级12],[粉丝团 Lv4]
2026-05-13 23:09:42,110960648969,雪狐,提前关注=额外100宵夜,[等级38],[粉丝团 Lv13]
2026-05-13 23:09:42,111492891339,阿拉丁鹏,提前关注=额外100宵夜,[等级22],[粉丝团 Lv10]
2026-05-13 23:09:43,1820432929406830,欣宝怡悦,提前关注=额外100宵夜,[等级6],
2026-05-13 23:09:44,94621081467,雨踏歌行.,我好像看到足球⚽⚽⚽⚽宝贝来了，好久没看到了,[等级20],[粉丝团 Lv15]
2026-05-13 23:09:55,980415517046024,小蜜蜂,准备抗毒吧,[等级23],
2026-05-13 23:09:56,101223602526,爱，不解释,200宵夜,[等级17],
2026-05-13 23:09:58,94252481132,匆匆忙忙,提前关注=额外100宵夜,[等级25],[粉丝团 Lv15]
2026-05-13 23:10:00,104307544871,金锐达,提前关注=额外100宵夜,[等级22],[粉丝团 Lv11]
2026-05-13 23:10:03,3479324270273876,•                  1,看神时衍去,,
2026-05-13 23:10:04,74949544051,旺旺桃花,给我中,[等级9],
2026-05-13 23:10:09,237962435498220,⁸⁰登堡山⁰⁸,君雅防卫意识好强[赞][赞][赞],[等级38],[粉丝团 Lv16]
2026-05-13 23:10:11,3913913666903720,太阳☀,准备抗毒吧,[等级41],[粉丝团 Lv13]
2026-05-13 23:10:15,101223602526,爱，不解释,两百,[等级17],
2026-05-13 23:10:29,94048451023,周裕伟,@•                  1 那你快点去看,[等级21],[粉丝团 Lv11]
2026-05-13 23:10:30,1901526258030795,浪静,昨晚是谁被毒死了[捂脸][捂脸],[等级3],
2026-05-13 23:10:31,1952384758056504,左边,提前关注=额外100宵夜,[等级5],[粉丝团 Lv6]
2026-05-13 23:10:38,907535073155402,小鱼,哈哈[爱心][爱心]需要车币的宝子来✶ 🎀 需要车币的宝子来 🎀 ✶🍡 🎀需要车币的宝子来 🎀[爱心]么么哒,,
2026-05-13 23:10:43,907535073155402,小鱼,哈哈[爱心][爱心]需要车币的宝子来✶ 🎀 需要车币的宝子来 🎀 ✶🍡 🎀需要车币的宝子来 🎀[爱心]么么哒,,
2026-05-13 23:10:46,2082923137217795,紫滦栀夏🍀,迫击炮声音压迫力好大,[等级23],
2026-05-13 23:10:47,907535073155402,小鱼,哈哈[爱心][爱心]需要车币的宝子来✶ 🎀 需要车币的宝子来 🎀 ✶🍡 🎀需要车币的宝子来 🎀[爱心]么么哒,,
2026-05-13 23:11:08,97806080834,🚬ღ᭄辭ꦿ࿐,才两万 以前决赛圈早就两万三四了,[等级21],[粉丝团 Lv15]
2026-05-13 23:11:11,3645619407950275,大韡,提前关注=额外100宵夜,[等级10],[粉丝团 Lv1]
2026-05-13 23:11:14,7503057226488448058,钢蛋,昨天没直播吗，等你一晚上,[等级13],
2026-05-13 23:11:23,3254171587069726,等晴天,不会四个满编队吧[看],[等级8],
2026-05-13 23:11:24,67445998040,崽♡崽,还有16个人,[等级5],[粉丝团 Lv7]
2026-05-13 23:11:30,3047482674388180,菜场在逃肥鸡,我靠这个迫击炮,[等级13],[粉丝团 Lv7]
2026-05-13 23:11:35,55159220102,BWRZ（记录美好）,[发呆][干饭人][发呆][干饭人],[等级36],[粉丝团 Lv16]
2026-05-13 23:11:35,1024364650701038,=…自在🍒随心,中个福袋呗。,[等级22],[粉丝团 Lv6]
2026-05-13 23:11:42,3201424064259149,养生猪儿虫,提前关注=额外100宵夜,[等级11],[粉丝团 Lv11]
2026-05-13 23:11:45,1024364650701038,=…自在🍒随心,毒死了。,[等级22],[粉丝团 Lv6]
2026-05-13 23:11:56,3822367435142180,西兰乐,n这么小的圈 还有这么多人,[等级3],[粉丝团 Lv1]
2026-05-13 23:12:00,3047482674388180,菜场在逃肥鸡,好阴啊这个迫击炮,[等级13],[粉丝团 Lv7]
2026-05-13 23:12:12,3078225537805712,凯蒂🐱,破福袋,[等级17],[粉丝团 Lv12]
2026-05-13 23:12:16,93687105296,洛皮皮🐻‍❄️⁰⁵⁰³,大家帮 君雅♀️爆甜妹妹💃🏻点点赞❣️点点赞❣️点点赞💞💞💞上个100万赞👍👍👍,[等级40],[粉丝团:张君雅 Lv17]
2026-05-13 23:12:16,3047482674388180,菜场在逃肥鸡,绷不住了,[等级13],[粉丝团 Lv7]
2026-05-13 23:12:20,59648471720,周末⅛,迫机炮卡网,[等级2],
2026-05-13 23:12:25,10350113338041,用户2773121987711,[发呆][发呆][发呆],,
2026-05-13 23:12:27,10350113338041,用户2773121987711,搞哈哈哈哈的,,
2026-05-13 23:12:28,2651651401850973,云见山川,4367个人抢，那个友友运气真好,[等级10],[粉丝团 Lv6]
2026-05-13 23:12:28,7603294357017773105,6666,精彩时刻,[等级7],[粉丝团 Lv3]
2026-05-13 23:12:29,95496292149,~予我心动～,把炮打了才行,[等级33],[粉丝团 Lv13]
2026-05-13 23:12:31,4146951098729992,乄未来可期乄,这点地还能有16人,[等级31],
2026-05-13 23:12:33,95008498828,只目含露,这么小圈这么多人,[等级18],
2026-05-13 23:12:36,2576845188893629,@雨星,好猛……,,
2026-05-13 23:12:37,97476484195,小星星⭐️,这么点地方， 16 14个人。,[等级16],
2026-05-13 23:12:40,1896019433626000,🥤可乐,妹妹还在吗,[等级22],[粉丝团 Lv12]
2026-05-13 23:12:41,1118655583631034,未闻花名,好激烈,[等级8],[粉丝团 Lv2]
2026-05-13 23:12:48,68422483360,深情不及久伴,那么多人在这个地方[捂脸][捂脸],[等级25],[粉丝团 Lv11]
2026-05-13 23:12:54,4410845128828888,地狱小魔,无了,[等级25],[粉丝团 Lv11]
2026-05-13 23:12:56,2386378385529776,ღ 念池鱼,[鼓掌][鼓掌][鼓掌],[等级16],
2026-05-13 23:12:57,101786950057,啊钦,漂亮,[等级18],
2026-05-13 23:12:58,96800023676,只要啤酒,[捂脸][捂脸][捂脸],[等级31],[粉丝团 Lv4]
2026-05-13 23:13:00,88610989490,🌈杨杨得忆❤️,[捂脸][捂脸][捂脸][捂脸],[等级24],[粉丝团 Lv7]
2026-05-13 23:13:00,102830709413,白羊座♈️,这个位置都不好,[等级13],
2026-05-13 23:13:00,59648471720,周末⅛,洞里面还有人,[等级2],
2026-05-13 23:13:00,4233546532927219,🉑🈶🉑🈚,[捂脸][尬笑],[等级20],[粉丝团 Lv10]
2026-05-13 23:13:00,108306206529,大 壮,哈哈,[等级16],[粉丝团 Lv9]
2026-05-13 23:13:00,1626917773250925,胡小七,哈哈哈,[等级24],[粉丝团 Lv10]
2026-05-13 23:13:00,97600677185,晓乔治ovo,[捂脸][捂脸],[等级38],[粉丝团 Lv12]
2026-05-13 23:13:01,1437805602674302,曼岛TT145,[捂脸][捂脸][捂脸][捂脸][捂脸][捂脸][捂脸][捂脸][捂脸][捂脸][捂脸],[等级19],[粉丝团 Lv2]
2026-05-13 23:13:02,2082923137217795,紫滦栀夏🍀,我嘞个豆,[等级23],
2026-05-13 23:13:02,3072514360097658,我就是我棒棒娃,啥也不是,[等级12],
2026-05-13 23:13:03,71126905166,抖音小肋手,丸啦,[等级10],[粉丝团 Lv10]
2026-05-13 23:13:03,95496292149,~予我心动～,[捂脸][捂脸],[等级33],[粉丝团 Lv13]
2026-05-13 23:13:04,84776149087,🌈牵手（悟道中）,[抠鼻][抠鼻],[等级33],
2026-05-13 23:13:04,94060853088,李叔,人家一个搞3个 [捂脸],[等级26],[粉丝团 Lv3]
2026-05-13 23:13:04,110853008719,！,[捂脸][捂脸],[等级26],
2026-05-13 23:13:04,1257437656002798,某某.,好多人,[等级34],[粉丝团:张君雅 Lv16]
2026-05-13 23:13:04,98932747508,前还可修,漂亮,[等级20],
2026-05-13 23:13:04,522988573440222,隐客,哈哈[捂脸],[等级2],[粉丝团 Lv2]
2026-05-13 23:13:04,91644402597,叙利亚男模.,[捂脸][捂脸][捂脸],[等级14],[粉丝团 Lv10]
2026-05-13 23:13:05,102028794518,用户110524,好多人,[等级19],[粉丝团 Lv5]
2026-05-13 23:13:05,4407315866330222,123854,[捂脸][捂脸][捂脸],[等级14],[粉丝团 Lv10]
2026-05-13 23:13:06,99336591699,度余生,[发呆][捂脸],[等级36],[粉丝团 Lv12]
2026-05-13 23:13:06,1313284358672692,广联达建模（王）,[捂脸][发怒][捂脸][发怒][捂脸][发怒],[等级16],[粉丝团 Lv6]
2026-05-13 23:13:06,92461848227,煜,[捂脸][捂脸][捂脸],[等级13],[粉丝团 Lv11]
2026-05-13 23:13:06,2066673565966568,大元,[捂脸][捂脸][捂脸],[等级29],[粉丝团 Lv12]
2026-05-13 23:13:06,2704450278136856,繁盛,[捂脸][捂脸][捂脸],[等级19],[粉丝团 Lv11]
2026-05-13 23:13:07,565609115156493,用户1851075584578,[捂脸][捂脸][捂脸][捂脸],,
2026-05-13 23:13:07,3913913666903720,太阳☀,可惜了,[等级41],[粉丝团 Lv13]
2026-05-13 23:13:07,75504545904,小康🐷,一串三,[等级2],[粉丝团 Lv1]
2026-05-13 23:13:08,93421569511,吃串串的喵,完犊子[捂脸],[等级2],[粉丝团 Lv4]
2026-05-13 23:13:08,82862075244,睡醒了☺️☺️,哈哈,[等级36],[粉丝团 Lv4]
2026-05-13 23:13:08,65004920868,潘攀🌹,我来了,[等级26],
2026-05-13 23:13:08,1538906151990679,流年,一穿三[捂脸],[等级45],[粉丝团:张君雅 Lv15]
2026-05-13 23:13:09,4233546532927219,🉑🈶🉑🈚,怎么突然上来了,[等级20],[粉丝团 Lv10]
2026-05-13 23:13:09,3013139552021534,🦁🖤,完了（丝,[等级32],[粉丝团:张君雅 Lv16]
2026-05-13 23:13:10,102028794518,用户110524,没事没事,[等级19],[粉丝团 Lv5]
2026-05-13 23:13:10,3267352005977800,释怀！,一串三,[等级20],
2026-05-13 23:13:10,86258952482,鹰立如睡,打得好[捂脸],[等级8],
2026-05-13 23:13:10,2330588968395416,贝塔β,完辣,[等级25],[粉丝团 Lv14]
2026-05-13 23:13:10,95507451318,溪鱼,没🐔,[等级17],[粉丝团 Lv10]
2026-05-13 23:13:10,68917910991,逆蝶🦋,我都看到他上来了，你没看到吗,[等级16],[粉丝团 Lv3]
2026-05-13 23:13:10,703341831136110,迈克乐博,真cccccc,[等级3],[粉丝团 Lv2]
2026-05-13 23:13:10,3996063592881981,@@🚬yangꦿ᭄ཽ࿆࿆:,[捂脸][捂脸][捂脸],[等级15],[粉丝团 Lv10]
2026-05-13 23:13:11,96052687199,渡心,可惜了,[等级18],[粉丝团 Lv10]
2026-05-13 23:13:12,103811404276,💎Sooyaxxx21.💎,自雷的,[等级9],[粉丝团 Lv11]
2026-05-13 23:13:12,97600677185,晓乔治ovo,[捂脸][捂脸][捂脸],[等级38],[粉丝团 Lv12]
2026-05-13 23:13:12,782461558602846,孬,[尬笑][尬笑][尬笑],[等级13],[粉丝团 Lv11]
2026-05-13 23:13:12,88056616696,🌈🌈🌈🌈🌈,就这,[等级14],
2026-05-13 23:13:12,86562890288,ㅤ　 ㅤ顺利朱,[捂脸][捂脸][捂脸],[等级20],[粉丝团 Lv11]
2026-05-13 23:13:12,888043895784167,阳光如你,[呲牙][呲牙],[等级26],[粉丝团 Lv11]
2026-05-13 23:13:12,1896019433626000,🥤可乐,心碎了,[等级22],[粉丝团 Lv12]
2026-05-13 23:13:13,89895169269,没穿酷裤,太什么？[捂脸][捂脸][捂脸],[等级20],[粉丝团 Lv9]
2026-05-13 23:13:14,94511118465,及时止损,哈哈,[等级2],
2026-05-13 23:13:14,99512064477,大嘭🌈,[捂脸][捂脸][捂脸],[等级24],[粉丝团 Lv13]
2026-05-13 23:13:14,61835779108,二毛,[捂脸],[等级32],[粉丝团 Lv15]
2026-05-13 23:13:14,289867803671152,英子,[呲牙][呲牙][呲牙],[等级15],[粉丝团 Lv13]
2026-05-13 23:13:14,68792810286,岁岁.,16个人，人太多,[等级33],[粉丝团 Lv5]
2026-05-13 23:13:14,95507451318,溪鱼,[捂脸][捂脸],[等级17],[粉丝团 Lv10]
2026-05-13 23:13:14,92315339223,姐夫不喝药,真菜,[等级13],[粉丝团 Lv11]
2026-05-13 23:13:15,79091437687,宅心$,哈哈哈哈,[等级17],
2026-05-13 23:13:15,2421567983718772,🌻谷德衣无领,什么虎狼之词,[等级28],[粉丝团 Lv10]
2026-05-13 23:13:15,59193413066,不抽鲢鳙的刚粉,太什么卡了？[捂脸],[等级34],[粉丝团 Lv3]
2026-05-13 23:13:16,60490022442,momo🐰,掉帧,[等级27],[粉丝团 Lv8]
2026-05-13 23:13:16,4292939278728957,·Jun,说鸡 不说吧[捂脸],[等级9],[粉丝团 Lv3]
2026-05-13 23:13:16,1257437656002798,某某.,文明文明[捂脸],[等级34],[粉丝团:张君雅 Lv16]
2026-05-13 23:13:16,4233546532927219,🉑🈶🉑🈚,文明文明,[等级20],[粉丝团 Lv10]
2026-05-13 23:13:16,75113306543,惠美多便利店,[捂脸][捂脸],[等级11],[粉丝团 Lv1]
2026-05-13 23:13:16,1063946629944504,ꕥ᭄老妖ꦿঞ⁵⁵⁵⁵󰠇,再来一把,[等级22],[粉丝团 Lv9]
2026-05-13 23:13:17,3723397241514860,欺侮老头,可惜了,,
2026-05-13 23:13:17,99372859314,启  夏,完啦,[等级25],[粉丝团 Lv15]
2026-05-13 23:13:18,3301184768582042,西南二手塔吊资源整合部,砸了,[等级7],[粉丝团 Lv3]
2026-05-13 23:13:18,97842559282,辣兔丁,哈哈哈,[等级4],
2026-05-13 23:13:18,175538554811668,花样男,哈哈,[等级15],[粉丝团 Lv8]
2026-05-13 23:13:18,95027017618,随心～～,再来一把,[等级15],
2026-05-13 23:13:18,93186320746,Laurie,[捂脸][捂脸],[等级14],[粉丝团 Lv10]
2026-05-13 23:13:18,237962435498220,⁸⁰登堡山⁰⁸,[捂脸][捂脸][捂脸],[等级38],[粉丝团 Lv16]
2026-05-13 23:13:18,88056616696,🌈🌈🌈🌈🌈,串烧,[等级14],
2026-05-13 23:13:18,52464815734,巴黎街的第三场雪,迫击炮有弧线，不往那丢雷,[等级43],
2026-05-13 23:13:19,86948263977,暴走的蜗牛,换设备,[等级9],
2026-05-13 23:13:20,96869937737,🌈啊哈🌈,被1V4了,[等级8],[粉丝团 Lv1]
2026-05-13 23:13:20,93592819736,高花道,这么小的圈,[等级28],[粉丝团 Lv2]
2026-05-13 23:13:20,1486990907289699,南波万,一串三啊,[等级3],[粉丝团 Lv1]
2026-05-13 23:13:20,70827147153,晚风_,手枪呢,[等级24],
2026-05-13 23:13:21,78519164857,是你没选我啊！,确实卡,[等级22],[粉丝团 Lv12]
2026-05-13 23:13:21,100250134080,凯,都在打你们,[等级19],[粉丝团 Lv15]
2026-05-13 23:13:21,102489922881,烟雨凄迷,这样才刺激,[等级14],
2026-05-13 23:13:22,4270135949132812,一梦几春秋,洞里面可以,[等级8],
2026-05-13 23:13:22,1367445777424910,Eucalyptus 🐸,[捂脸][捂脸][捂脸][捂脸],[等级24],[粉丝团 Lv14]
2026-05-13 23:13:22,72179010645,✨三十六,咋那么卡,[等级25],[粉丝团 Lv10]
2026-05-13 23:13:22,92131001724,蒋卓霖℡,燃尽了,[等级13],[粉丝团 Lv9]
2026-05-13 23:13:22,3905056839578446,小猪唛,一穿四[捂脸],[等级24],[粉丝团 Lv14]
2026-05-13 23:13:23,2013921850951495,🌈爱喝茶的大叔,的确卡死了,[等级2],[粉丝团 Lv2]
2026-05-13 23:13:23,97814004132,111,再带一把,[等级19],[粉丝团 Lv11]
2026-05-13 23:13:24,175538554811668,花样男,键位码,[等级15],[粉丝团 Lv8]
2026-05-13 23:13:26,102830709413,白羊座♈️,这个位置不好,[等级13],
2026-05-13 23:13:26,62790639783,开心的丑八怪,局哥都忙坏了,[等级7],
2026-05-13 23:13:26,570023743327972,苏昭漪,[捂脸][捂脸][捂脸][捂脸],[等级17],[粉丝团 Lv6]
2026-05-13 23:13:26,1556515796039133,方兴未艾,遭轰炸了,[等级16],[粉丝团 Lv5]
2026-05-13 23:13:26,96667074684,芥子,太什么卡了？[捂脸][捂脸],[等级13],[粉丝团 Lv8]
2026-05-13 23:13:26,2386378385529776,ღ 念池鱼,举报他，举报他,[等级16],
2026-05-13 23:13:26,97600677185,晓乔治ovo,毒气弹太吵死了[捂脸],[等级38],[粉丝团 Lv12]
2026-05-13 23:13:26,2858358405342999,徒步新疆🇨🇳²⁰²⁶,吃鸡屁股,[等级18],[粉丝团 Lv10]
2026-05-13 23:13:26,69549195417,久睡成瘾,毒气弹这么卡的吗？,[等级26],[粉丝团 Lv8]
2026-05-13 23:13:27,1231869125082669,旺仔小小舒,不怕抬走啊,[等级16],
2026-05-13 23:13:27,1015558473523852,懂我的人不多,在打一把,[等级16],[粉丝团 Lv8]
2026-05-13 23:13:27,98594092844,🇨🇳福星高照,投诉电信,[等级11],[粉丝团 Lv7]
2026-05-13 23:13:28,2537315597563134,烽行天下,再带一次！！！,[等级12],[粉丝团 Lv3]
2026-05-13 23:13:28,99336591699,度余生,[尴尬流汗],[等级36],[粉丝团 Lv12]
2026-05-13 23:13:28,3267352005977800,释怀！,一穿三,[等级20],
2026-05-13 23:13:29,86234310323,你是我的幸运儿,不过如此,[等级6],
2026-05-13 23:13:29,3078225537805712,凯蒂🐱,闪到这了？？,[等级17],[粉丝团 Lv12]
2026-05-13 23:13:29,66416843960391,冷漠,在打一局,[等级3],[粉丝团 Lv4]
2026-05-13 23:13:29,1437805602674302,曼岛TT145,别人一穿三[捂脸][捂脸][捂脸][捂脸][捂脸],[等级19],[粉丝团 Lv2]
2026-05-13 23:13:31,60033777146,施某人,太什么卡？,[等级33],[粉丝团 Lv1]
2026-05-13 23:13:31,2000728517260718,小趙在改变,重庆妹儿,,
2026-05-13 23:13:31,101298206483,学,再来一把,[等级6],[粉丝团 Lv2]
2026-05-13 23:13:31,1231869125082669,旺仔小小舒,[捂脸][捂脸],[等级16],
2026-05-13 23:13:31,97266147825,十一🍅,再打一局,[等级27],[粉丝团 Lv3]
2026-05-13 23:13:32,96635808416,知趣i,哈哈哈哈,[等级20],[粉丝团 Lv12]
2026-05-13 23:13:33,67713489476,-_-,为啥防雷不妨啊,[等级2],
2026-05-13 23:13:33,94511118465,及时止损,再带一把,[等级2],
2026-05-13 23:13:33,719510108908060,老表的表,爆粗口了,[等级18],[粉丝团 Lv1]
2026-05-13 23:13:34,73127315663,曾梦想仗剑走天涯,大家众筹一下帮老黑换个宽带吧,[等级17],
2026-05-13 23:13:35,110924696765,鑫霖,没办法，太吃处理器了,[等级21],[粉丝团 Lv10]
2026-05-13 23:13:35,82862075244,睡醒了☺️☺️,洞里四个老六,[等级36],[粉丝团 Lv4]
2026-05-13 23:13:35,919642089983559,/好久不见,她刚刚说了个啥[捂脸],,
2026-05-13 23:13:35,61945779184,甜粥🌙,2025也这么卡吗,[等级20],[粉丝团 Lv8]
2026-05-13 23:13:35,108306206529,大 壮,再来一把,[等级16],[粉丝团 Lv9]
2026-05-13 23:13:35,98594092844,🇨🇳福星高照,网是假的,[等级11],[粉丝团 Lv7]
2026-05-13 23:13:35,2541668655702413,御宇,再打一把,[等级6],[粉丝团 Lv3]
2026-05-13 23:13:35,1345399523910919,张张157,我也没看到,[等级17],
2026-05-13 23:13:36,2725057513945908,909,在打一把,[等级19],
2026-05-13 23:13:36,96956631134,菄,再来一口,[等级37],
2026-05-13 23:13:36,72479150046,山塘花泽类,2万了,[等级4],
2026-05-13 23:13:37,1971854602142396,感悟@,什么虎狼之词[捂脸],[等级3],
2026-05-13 23:13:37,3174987696190765,TTTT,[捂脸][捂脸][捂脸],[等级32],[粉丝团 Lv3]
2026-05-13 23:13:37,609550534709379,Y巅峰,终于把四川话说出来了,[等级32],
2026-05-13 23:13:37,497404843918919,葱紏齋濑,在带一次,[等级40],[粉丝团 Lv10]
2026-05-13 23:13:37,3047482674388180,菜场在逃肥鸡,哈哈哈,[等级13],[粉丝团 Lv7]
2026-05-13 23:13:37,105016030463,不晓得叫么子,着急v爆粗口了,[等级4],
2026-05-13 23:13:37,60217558201,风中凌乱美,在干,[等级23],[粉丝团 Lv10]
2026-05-13 23:13:39,51169770322,🍀兰兰🍀,人机了,[等级15],
2026-05-13 23:13:39,3912531712161651,👣咕噜咕噜👀,山里的人在纳凉[捂脸],[等级35],
2026-05-13 23:13:39,69550548628,月朦胧,再打一把？,[等级4],
2026-05-13 23:13:39,66416843960391,冷漠,在打一局,[等级3],[粉丝团 Lv4]
2026-05-13 23:13:39,99372859314,启  夏,感觉这个ads没有防住毒气弹呀[捂脸],[等级25],[粉丝团 Lv15]
2026-05-13 23:13:39,3869872274807592,她说缝上也不给我Y,加2分嘛[捂脸],[等级4],
2026-05-13 23:13:39,104612157853,赵可南,2万人了,[等级29],[粉丝团 Lv10]
2026-05-13 23:13:40,95450137991,开心,说话注意，小心封号[捂脸][捂脸][捂脸],[等级21],[粉丝团 Lv4]
2026-05-13 23:13:40,3488068786195644,一生有你,在来一局,[等级14],[粉丝团 Lv7]
2026-05-13 23:13:40,59537607536,ྀ  J ℳ̶̶,就你那队友太坑，什么猫局,[等级15],
2026-05-13 23:13:40,289867803671152,英子,太什么卡啊,[等级15],[粉丝团 Lv13]
2026-05-13 23:13:40,1345399523910919,张张157,[捂脸][捂脸],[等级17],
2026-05-13 23:13:40,101732322265,11,搞砸了,[等级14],[粉丝团 Lv12]
2026-05-13 23:13:41,109221076173,喜乐平安,太那个卡了[捂脸],[等级21],[粉丝团 Lv12]
2026-05-13 23:13:42,3081266249862527,糯米,开局太顺了,[等级4],[粉丝团 Lv6]
2026-05-13 23:13:42,95572095005,📰,再带一把,[等级11],
2026-05-13 23:13:43,93184190266,叶落,主播能不能建议官方把炮和爆炸弓取消了,[等级8],[粉丝团 Lv1]
2026-05-13 23:13:43,93903611812,🍀,游戏太卡了，就知道出皮肤,[等级10],[粉丝团 Lv2]
2026-05-13 23:13:43,175538554811668,花样男,键位码,[等级15],[粉丝团 Lv8]
2026-05-13 23:13:43,3971083281373342,天空,在来一次,[等级14],
2026-05-13 23:13:44,100060513007,梭,显卡攻击,[等级4],[粉丝团 Lv3]
2026-05-13 23:13:44,2537315597563134,烽行天下,地老鼠比较多！！！,[等级12],[粉丝团 Lv3]
2026-05-13 23:13:45,67385550526,标点门窗♛进峰,再来一把吧,[等级35],[粉丝团 Lv12]
2026-05-13 23:13:45,3013139552021534,🦁🖤,2万了  都你们都问题（絲,[等级32],[粉丝团:张君雅 Lv16]
2026-05-13 23:13:45,88757268529,张小狮,再打一把嘛,[等级11],[粉丝团 Lv11]
2026-05-13 23:13:45,782461558602846,孬,小心给抬走[捂脸],[等级13],[粉丝团 Lv11]
2026-05-13 23:13:47,4162095481363833,mrtang,三个被人家一个打,,
2026-05-13 23:13:47,1113175283735037,疼,说脏话了🤬,[等级7],[粉丝团 Lv8]
2026-05-13 23:13:47,92210415180,是小笼包呀,20万人搞这种,[等级12],
2026-05-13 23:13:48,92315339223,姐夫不喝药,近战是菜的不行,[等级13],[粉丝团 Lv11]
2026-05-13 23:13:48,83741692901,925,就这😕😕😕😕,[等级33],[粉丝团 Lv7]
2026-05-13 23:13:48,1367445777424910,Eucalyptus 🐸,下次知道怎么烧人家板子了[捂脸][捂脸][捂脸],[等级24],[粉丝团 Lv14]
2026-05-13 23:13:48,110189016928,强👀,1挑3对面那人牛逼,[等级25],
2026-05-13 23:13:49,70492044030,紫痕9099,妹妹飞机都准备好了[捂脸][捂脸][捂脸],[等级15],[粉丝团 Lv13]
2026-05-13 23:13:51,104493251928,天涯*踏雪无痕,又拜拜了[捂脸],[等级10],[粉丝团 Lv7]
2026-05-13 23:13:51,378700471732077,用户5034353952150,再来一局,,
2026-05-13 23:13:51,176392914349309,过客而已,说鸡不说吧 文明你我他,[等级2],[粉丝团 Lv3]
2026-05-13 23:13:52,3913913666903720,太阳☀,爆粗口了[捂脸],[等级41],[粉丝团 Lv13]
2026-05-13 23:13:53,102473341146,廿冬•顾染,原来不是我一个人决赛圈卡,[等级21],[粉丝团 Lv13]
2026-05-13 23:13:53,100515465222,✨甜憨憨吖🌈,哦豁,[等级8],[粉丝团 Lv3]
2026-05-13 23:13:53,4165407898869996,我总后知后觉,[捂脸][捂脸][捂脸],[等级5],
2026-05-13 23:13:54,100771759650,管理员01,[胡瓜][胡瓜][胡瓜][气球][烟花][圣诞帽][圣诞帽][圣诞帽][气球][烟花][气球],[等级20],[粉丝团 Lv11]
2026-05-13 23:13:55,68179112233,克里斯～RONALDO,洞里的人一起出来了，没办法,[等级19],
2026-05-13 23:13:55,55159220102,BWRZ（记录美好）,[发呆][干饭人],[等级36],[粉丝团 Lv16]
2026-05-13 23:13:55,92796233743,🇨🇳清醒🇨🇳,打的不错了，十几个人在一块，不卡才怪,[等级28],[粉丝团 Lv6]
2026-05-13 23:13:55,14211174129,晚风ᥫᩣ.𝓛𝓾𝓬𝓴𝔂,[捂脸][捂脸][捂脸][捂脸],[等级19],[粉丝团 Lv15]
2026-05-13 23:13:55,71126905166,抖音小肋手,[捂脸][捂脸][捂脸][捂脸],[等级10],[粉丝团 Lv10]
2026-05-13 23:13:55,93421569511,吃串串的喵,[捂脸][捂脸][捂脸][捂脸],[等级2],[粉丝团 Lv4]
2026-05-13 23:13:55,62731939386,W-Jul-Cnc,[捂脸][捂脸][捂脸][捂脸][捂脸][捂脸][捂脸][捂脸][捂脸][捂脸][捂脸][捂脸][捂脸][捂脸],[等级23],[粉丝团 Lv9]
2026-05-13 23:13:56,2603259237243416,思念,营地里面新出一个画质改善，可以避免这个问题,[等级14],[粉丝团 Lv12]
2026-05-13 23:13:57,80383016930,零度°C 冰川⁵¹⁰⁷⁴,[捂脸][捂脸][捂脸],[等级11],[粉丝团 Lv11]
2026-05-13 23:13:57,97600677185,晓乔治ovo,毒气弹太吵死了，听不到脚步[捂脸],[等级38],[粉丝团 Lv12]
2026-05-13 23:13:57,68422483360,深情不及久伴,说菜的看看战绩,[等级25],[粉丝团 Lv11]
2026-05-13 23:13:57,4142569923027118,🌈I°🃏,太卡了,[等级19],
2026-05-13 23:13:57,75737713936,ﾍ😌ﾍ工商财务,[捂脸][捂脸][捂脸][捂脸],[等级15],[粉丝团 Lv12]
2026-05-13 23:13:57,2576845188893629,@雨星,决赛圈太人多了，好猛,,
2026-05-13 23:13:59,707725036361932,斌哥,手枪没发挥好啊,[等级16],
2026-05-13 23:14:00,2082923137217795,紫滦栀夏🍀,这毒气迫击炮真的损,[等级23],
2026-05-13 23:14:01,107987446652,7099,都爆粗口了,[等级15],[粉丝团 Lv11]
2026-05-13 23:14:01,86339473798,天秤座,便秘,[等级25],
2026-05-13 23:14:01,59921598407,🌈赵叁疯,蹦子那里干拉上来，没看到吗？[捂脸][捂脸][捂脸][捂脸][捂脸],[等级24],[粉丝团 Lv11]
2026-05-13 23:14:01,96982260090,一天,啥感觉,[等级27],[粉丝团 Lv2]
2026-05-13 23:14:02,16555948445,yyx,文明你我他[捂脸],[等级25],[粉丝团 Lv15]
2026-05-13 23:14:02,104027644968,Ar,我在吃饭饭呢,[等级7],
2026-05-13 23:14:03,4503669836332557,栩多渝🌽⚡️🌙,说鸡不说吧，文明你我他,[等级11],[粉丝团 Lv10]
2026-05-13 23:14:03,62731939386,W-Jul-Cnc,便秘,[等级23],[粉丝团 Lv9]
2026-05-13 23:14:03,99597413055,wonderjdhduub,使劲扣啊,[等级7],
2026-05-13 23:14:03,109234761799,数今朝风流人物,用手扣啊,[等级26],[粉丝团 Lv1]
2026-05-13 23:14:04,3912531712161651,👣咕噜咕噜👀,山洞里面的人在纳凉[呲牙],[等级35],
2026-05-13 23:14:04,4312733019815760,雾里寻花,翻车了[捂脸],[等级13],[粉丝团 Lv11]
2026-05-13 23:14:04,266526737565512,奥沙利文,再拉一次就好啦,[等级10],
2026-05-13 23:14:05,4341326093232718,🍒🍒,使,[等级6],[粉丝团 Lv9]
2026-05-13 23:14:06,2318190165623677,安于命,雅雅牛逼,,
2026-05-13 23:14:06,3013139552021534,🦁🖤,怪直播间人太多[看]（丝,[等级32],[粉丝团:张君雅 Lv16]
2026-05-13 23:14:07,80383016930,零度°C 冰川⁵¹⁰⁷⁴,这个比喻恰当[捂脸][捂脸][捂脸],[等级11],[粉丝团 Lv11]
2026-05-13 23:14:08,9548415174,NpC,雷霆形容[捂脸],[等级11],
2026-05-13 23:14:08,76133959662,@等风起,就那个迫击炮打乱节奏了,[等级14],[粉丝团 Lv8]
2026-05-13 23:14:08,104645035106,海蓝多蓝,这么小圈居然这么多人,[等级27],
2026-05-13 23:14:09,2532895178888260,【俩俩相忘】安静看👀🚫禁止带节奏,卡，太难受了,[等级9],
2026-05-13 23:14:09,105849322767,骑着蜗牛看日出,大意了！发现太慢,[等级3],
2026-05-13 23:14:10,104493251928,天涯*踏雪无痕,拉屎拉不出来？多吃几根香蕉🍌,[等级10],[粉丝团 Lv7]
2026-05-13 23:14:11,233519300221879,过🔥,我天天都拉不出屎的感觉,[等级25],[粉丝团 Lv15]
2026-05-13 23:14:11,1320994261705532,天益恒达3d打印,我看的也好卡,,
2026-05-13 23:14:12,93421569511,吃串串的喵,换新设备,[等级2],[粉丝团 Lv4]
2026-05-13 23:14:12,1257437656002798,某某.,给你直播间抬了等会,[等级34],[粉丝团:张君雅 Lv16]
2026-05-13 23:14:14,4146951098729992,乄未来可期乄,我说怎么还有十几个人，都在洞里[捂脸][捂脸],[等级31],
2026-05-13 23:14:15,55159220102,BWRZ（记录美好）,你看听你们的吗[看],[等级36],[粉丝团 Lv16]
2026-05-13 23:14:15,61748084992,川沙贝贝贝贝贝贝,我懂！真的很恼火，我也卡过,[等级19],[粉丝团 Lv10]
2026-05-13 23:14:16,71875914556,陈♚小陈,人太多圈小就卡,[等级9],[粉丝团 Lv10]
2026-05-13 23:14:17,70681137790,C-C,拉屎拉不出来是啥感觉[捂脸][捂脸],[等级12],[粉丝团 Lv1]
2026-05-13 23:14:18,94511118465,及时止损,就是便秘的感觉白,[等级2],
2026-05-13 23:14:32,7612951911537198138,一条锦鲤游啊游～,卡帧说明毒气弹毒出了屏幕,[等级6],[粉丝团 Lv1]
2026-05-13 23:14:39,61835779108,二毛,[捂脸][捂脸],[等级32],[粉丝团 Lv15]
2026-05-13 23:14:39,63416229807,风沙迷了眼⁵¹⁰⁷⁴,[捂脸][捂脸][捂脸][捂脸][捂脸],[等级21],[粉丝团 Lv15]
2026-05-13 23:14:41,101487550960,𝑪𝒓𝒖𝒔𝒉.,[捂脸],[等级25],
2026-05-13 23:14:43,81486742593,嗯嗯嗯嗯嗯呢,@某某. 宝宝,[等级28],[粉丝团 Lv11]
2026-05-13 23:14:43,3949062634087486,晞和,[捂脸][捂脸],[等级9],[粉丝团 Lv10]
2026-05-13 23:14:43,62731939386,W-Jul-Cnc,[捂脸][捂脸][捂脸][捂脸][捂脸][捂脸][捂脸][捂脸][捂脸][捂脸],[等级23],[粉丝团 Lv9]
2026-05-13 23:14:43,1313284358672692,广联达建模（王）,[捂脸][发怒][捂脸][发怒][捂脸][发怒],[等级16],[粉丝团 Lv6]
2026-05-13 23:14:44,70272459129,我的快乐,不打不打,[等级3],
2026-05-13 23:14:44,78016969370,未知。。。,[捂脸][捂脸][捂脸],[等级15],[粉丝团 Lv8]
2026-05-13 23:14:44,93703443218,꧁꫞影子꫞꧂,[捂脸][捂脸][捂脸][捂脸][捂脸],[等级23],[粉丝团 Lv13]
2026-05-13 23:14:44,87049558548,圆较瘦,[捂脸][捂脸],[等级17],[粉丝团 Lv2]
2026-05-13 23:14:45,59000822529,Weirdo.,哈哈哈嗝,[等级14],
2026-05-13 23:14:46,71126905166,抖音小肋手,[捂脸][捂脸][捂脸][捂脸],[等级10],[粉丝团 Lv10]
2026-05-13 23:14:46,497404843918919,葱紏齋濑,[捂脸][捂脸][捂脸][捂脸],[等级40],[粉丝团 Lv10]
2026-05-13 23:14:47,103289990479,剛,又被嫌弃了,[等级5],[粉丝团 Lv3]
2026-05-13 23:14:47,110853008719,！,[捂脸],[等级26],
2026-05-13 23:14:47,4390789759635656,广子,换个台词啊,,
2026-05-13 23:14:48,96800023676,只要啤酒,卑微的无敌战神,[等级31],[粉丝团 Lv4]
2026-05-13 23:14:49,60887449857,🌸一朵小花,哈哈哈哈哈哈,[等级22],[粉丝团 Lv10]
2026-05-13 23:14:49,86562890288,ㅤ　 ㅤ顺利朱,[捂脸][捂脸][捂脸][捂脸],[等级20],[粉丝团 Lv11]
2026-05-13 23:14:49,3544449118126824,爱吃醋的李,又来,[等级25],[粉丝团 Lv11]
2026-05-13 23:14:49,95507451318,溪鱼,又是眼神[捂脸][捂脸][捂脸],[等级17],[粉丝团 Lv10]
2026-05-13 23:14:51,93421569511,吃串串的喵,赶紧换新设备[捂脸],[等级2],[粉丝团 Lv4]
2026-05-13 23:14:51,71126905166,抖音小肋手,[捂脸][捂脸][捂脸],[等级10],[粉丝团 Lv10]
2026-05-13 23:14:51,99372859314,启  夏,@-_- 放了的，但是毒气弹感觉没挡住[捂脸],[等级25],[粉丝团 Lv15]
2026-05-13 23:14:53,64410975275,包谷地里玩耍耍,[捂脸][捂脸][捂脸][捂脸],[等级16],[粉丝团 Lv12]
2026-05-13 23:14:53,100574449136,包孑,连哄带骗,[等级15],
2026-05-13 23:14:53,99512064477,大嘭🌈,这一招挺管用,[等级24],[粉丝团 Lv13]
2026-05-13 23:14:54,68422483360,深情不及久伴,@姐夫不喝药 看看战绩,[等级25],[粉丝团 Lv11]
2026-05-13 23:14:55,102868157861,西贝巴巴,好卑微,[等级7],
2026-05-13 23:14:55,1644525708386619,八九野马,[捂脸],[等级21],
2026-05-13 23:14:55,386652325291725,zheng,还嫌弃上了.[捂脸][捂脸][捂脸][捂脸][捂脸],[等级10],
2026-05-13 23:14:55,76033090614,🥬年华苍老了谁,梁朝伟说的[捂脸],[等级29],
2026-05-13 23:14:56,70272459129,我的快乐,卡颜卡皮肤卡声音[看],[等级3],
2026-05-13 23:14:57,68179112233,克里斯～RONALDO,又哄两个妹子[捂脸][捂脸],[等级19],
2026-05-13 23:14:57,247824368799011,苏打水的弟弟苏小水,[舔屏],[等级21],[粉丝团 Lv2]
2026-05-13 23:14:57,4165407898869996,我总后知后觉,我了真挚的眼神,[等级5],
2026-05-13 23:14:58,85348072672,好哇塞(✪▽✪),刚刚 也这么说滴[捂脸][捂脸],[等级15],[粉丝团 Lv1]
2026-05-13 23:14:58,87049558548,圆较瘦,卑微雅,[等级17],[粉丝团 Lv2]
2026-05-13 23:15:00,77416951506,ら孤痞,@逆蝶🦋 注意力都在石头那里了,[等级36],[粉丝团 Lv17]
2026-05-13 23:15:00,51011709573323,往事如烟,泡妞厉害,[等级28],[粉丝团 Lv9]
2026-05-13 23:15:01,1803671064816471,九曲十八弯,怎么每次都说这句话就行了,[等级7],
2026-05-13 23:15:01,94059029506,向阳而生🐱,女人容易相信人[捂脸],[等级7],
2026-05-13 23:15:01,104713691535,ZL,好卑微,[等级15],[粉丝团 Lv2]
2026-05-13 23:15:01,101487550960,𝑪𝒓𝒖𝒔𝒉.,带你舔包还是带你成盒[捂脸],[等级25],
2026-05-13 23:15:01,2330588968395416,贝塔β,你有眼神吗[捂脸],[等级25],[粉丝团 Lv14]
2026-05-13 23:15:03,97606852282,虞家大少,张大忽悠,[等级34],[粉丝团 Lv8]
2026-05-13 23:15:03,4270135949132812,一梦几春秋,睡信,[等级8],
2026-05-13 23:15:04,75634770974,阳,还有9天更新？,[等级9],[粉丝团 Lv2]
2026-05-13 23:15:04,7612951911537198138,一条锦鲤游啊游～,中毒了可不就行动迟缓[看],[等级6],[粉丝团 Lv1]
2026-05-13 23:15:04,68547379098,秋天是倒放的春天,又开始忽悠人了[捂脸],[等级21],[粉丝团 Lv5]
2026-05-13 23:15:05,62731939386,W-Jul-Cnc,卑微雅[捂脸][捂脸][捂脸][捂脸][捂脸][捂脸][捂脸][捂脸][捂脸],[等级23],[粉丝团 Lv9]
2026-05-13 23:15:05,3285760168699428,用户4403687243585,无敌战神是啥意思,[等级1],
2026-05-13 23:15:07,70272459129,我的快乐,不打不打[捂脸],[等级3],
2026-05-13 23:15:08,4270135949132812,一梦几春秋,谁信,[等级8],
2026-05-13 23:15:08,96800023676,只要啤酒,卑微的无敌战神[捂脸],[等级31],[粉丝团 Lv4]
2026-05-13 23:15:09,3835516657862510,hello,[看][看][看],[等级21],[粉丝团 Lv4]
2026-05-13 23:15:09,1257437656002798,某某.,@嗯嗯嗯嗯嗯呢 把你主页艾特改成我再喊,[等级34],[粉丝团:张君雅 Lv16]
2026-05-13 23:15:09,106788260212,后知后觉-,道具太多了，人还多，肯定掉帧，画质调最低吧,[等级11],
2026-05-13 23:15:09,2386378385529776,ღ 念池鱼,跟无敌战神打游戏,[等级16],
2026-05-13 23:15:09,60527757013,奶思兔咪邱女士～❤️,啥眼神，绷带蒙着[捂脸],[等级22],[粉丝团 Lv11]
2026-05-13 23:15:09,67479174300,冲凉百香果,你眼神有毒,[等级16],
2026-05-13 23:15:11,2318190165623677,安于命,雅雅厉害了,,
2026-05-13 23:15:11,2546077208152651,我昰一怾鱼,你眼神搁哪看[捂脸][捂脸],[等级28],[粉丝团 Lv1]
2026-05-13 23:15:11,65004920868,潘攀🌹,没截屏,[等级26],
2026-05-13 23:15:12,71126905166,抖音小肋手,@潘攀🌹 [比心][比心][比心],[等级10],[粉丝团 Lv10]
2026-05-13 23:15:13,101465795184,天 ＆ 兔,看出来了独眼[看][看][看][看],[等级35],[粉丝团 Lv7]
2026-05-13 23:15:13,4283334603050727,ぃLᰔinꨄ🍒,张忽悠[看][看],[等级3],[粉丝团 Lv1]
2026-05-13 23:15:13,69549195417,久睡成瘾,我看着都卡[捂脸],[等级26],[粉丝团 Lv8]
2026-05-13 23:15:15,1200315441359432,星空下的身影,看了一眼的眼屎[捂脸][捂脸][捂脸],[等级13],[粉丝团 Lv9]
2026-05-13 23:15:16,4393279042358779,呆瓜,又忽悠上车了[捂脸]耻辱下班局[捂脸][捂脸][捂脸],[等级26],
2026-05-13 23:15:16,2827563650792843,༺风采依旧༻,这俩是行走的3级包,[等级29],[粉丝团 Lv3]
2026-05-13 23:15:18,89895169269,没穿酷裤,大力2,[等级20],[粉丝团 Lv9]
2026-05-13 23:15:18,96499564161,孞仰,宝宝,[等级7],[粉丝团 Lv15]
2026-05-13 23:15:19,3285760168699428,用户4403687243585,无敌战神是啥,[等级1],
2026-05-13 23:15:20,844867683494035,起 点,左眼还是右眼,[等级28],[粉丝团 Lv8]
2026-05-13 23:15:20,4233546532927219,🉑🈶🉑🈚,哄小孩行,[等级20],[粉丝团 Lv10]
2026-05-13 23:15:20,99017994496,彭先生,落地成盒，掉大分[捂脸],[等级14],
2026-05-13 23:15:21,62978378029,钟灵毓秀,清澈的眼神,[等级21],[粉丝团 Lv11]
2026-05-13 23:15:21,109234761799,数今朝风流人物,拉不出屎是什么感觉？,[等级26],[粉丝团 Lv1]
2026-05-13 23:15:26,1362991362096408,🌱南兮ོ,卑微无敌战神雅[看],[等级10],[粉丝团 Lv2]
2026-05-13 23:15:27,93421569511,吃串串的喵,笑死[捂脸][捂脸][捂脸],[等级2],[粉丝团 Lv4]
2026-05-13 23:15:28,1710484703679692,雨_轩,周星驰经典语录看我真挚的眼神,[等级16],[粉丝团 Lv11]
2026-05-13 23:15:29,91556289564,L.,上把吃鸡了吗,[等级15],[粉丝团 Lv3]
2026-05-13 23:15:30,2736040460442919,鹫,渣男语录,[等级31],[粉丝团 Lv16]
2026-05-13 23:15:31,1917193733835112,菲菲不是公主,不厉害,[等级15],[粉丝团 Lv1]
2026-05-13 23:15:31,66873200785,岁岁平安,无敌战神,[等级3],
2026-05-13 23:15:31,62490912970,✨✨ℒ𝒾𝓃 ᥫᩣ,把感觉去掉,[等级12],[粉丝团 Lv3]
2026-05-13 23:15:32,4270135949132812,一梦几春秋,这颜色,[等级8],
2026-05-13 23:15:32,3822367435142180,西兰乐,哈哈哈哈哈厉害的,[等级3],[粉丝团 Lv1]
2026-05-13 23:15:32,105551225758,光头强,局哥的锅，不在坟头放防雷，被炸残了[捂脸],[等级21],[粉丝团 Lv10]
2026-05-13 23:15:33,71126905166,抖音小肋手,[捂脸][捂脸][捂脸],[等级10],[粉丝团 Lv10]
2026-05-13 23:15:33,3913913666903720,太阳☀,毒气是蔓延过来的，他打到洞口,[等级41],[粉丝团 Lv13]
2026-05-13 23:15:33,104260931928,冰红茶,风大容易闪了舌头[捂脸][捂脸][捂脸],[等级16],[粉丝团 Lv11]
2026-05-13 23:15:34,2008150680020944,风说。,毒气加烟雾，感觉板子都快烧了,[等级11],
2026-05-13 23:15:35,55159220102,BWRZ（记录美好）,[懵],[等级36],[粉丝团 Lv16]
2026-05-13 23:15:36,95558583638,爸辣辣能量ᝰ,装起来了,[等级4],
2026-05-13 23:15:36,100515465222,✨甜憨憨吖🌈,吓死两个小妹妹了,[等级8],[粉丝团 Lv3]
2026-05-13 23:15:36,100283307322,清风拂山岗,打野美女姐姐,[等级33],
2026-05-13 23:15:37,62490912970,✨✨ℒ𝒾𝓃 ᥫᩣ,[呲牙],[等级12],[粉丝团 Lv3]
2026-05-13 23:15:37,92516088456,花落知多少,她不是一般的厉害,[等级20],[粉丝团 Lv12]
2026-05-13 23:15:37,3822367435142180,西兰乐,哦哟,[等级3],[粉丝团 Lv1]
2026-05-13 23:15:37,4233546532927219,🉑🈶🉑🈚,[捂脸][尬笑][捂脸][尬笑][捂脸][尬笑],[等级20],[粉丝团 Lv10]
2026-05-13 23:15:38,62224538204,姐弟小剧场,太低调了[看],[等级19],
2026-05-13 23:15:38,3013139552021534,🦁🖤,一般吧（絲,[等级32],[粉丝团:张君雅 Lv16]
2026-05-13 23:15:38,75463265253,720,哈哈哈哈哈哈哈哈哈,[等级21],[粉丝团 Lv2]
2026-05-13 23:15:40,4011439661778159,伍壹捌,老黑撩妹有一套[捂脸],[等级18],[粉丝团 Lv11]
2026-05-13 23:15:40,2515331991211789,jiojio 牌惠灵顿,[捂脸][捂脸][捂脸],[等级22],[粉丝团 Lv10]
2026-05-13 23:15:40,71429601391,最爱喝兽奶🥛,喔呦,[等级17],[粉丝团 Lv6]
2026-05-13 23:15:40,100515465222,✨甜憨憨吖🌈,装起来,[等级8],[粉丝团 Lv3]
2026-05-13 23:15:41,83945751038,小浪——,[看][看][看][看][看][看][看][看],[等级24],[粉丝团 Lv13]
2026-05-13 23:15:42,71074166083,乔巴,装起来了,[等级34],[粉丝团 Lv11]
2026-05-13 23:15:42,66542821263,活在当下₂₀₂₆,哦哟,[等级13],[粉丝团 Lv8]
2026-05-13 23:15:43,95507451318,溪鱼,一般一般  云南第三,[等级17],[粉丝团 Lv10]
2026-05-13 23:15:43,64197226920,✨蔻楠丶,[捂脸],[等级19],[粉丝团 Lv10]
2026-05-13 23:15:43,95921192820,来福🍭,[捂脸][捂脸][捂脸],[等级33],[粉丝团 Lv9]
2026-05-13 23:15:43,4503224812839022,椰子.,哈哈哈哈哈哈哈哈,[等级18],[粉丝团 Lv7]
2026-05-13 23:15:43,4503669836332557,栩多渝🌽⚡️🌙,哈哈哈[捂脸],[等级11],[粉丝团 Lv10]
2026-05-13 23:15:43,88610989490,🌈杨杨得忆❤️,[捂脸][捂脸][捂脸][捂脸],[等级24],[粉丝团 Lv7]
2026-05-13 23:15:45,11440403524768,十六   🦋,[捂脸][捂脸],[等级37],[粉丝团 Lv4]
2026-05-13 23:15:45,59602298662,三七.,哈哈哈哈哈,[等级11],
2026-05-13 23:15:45,68359033340,满满,哈哈哈哈哈哈哈,[等级11],[粉丝团 Lv7]
2026-05-13 23:15:45,71126905166,抖音小肋手,吹起来啦[捂脸],[等级10],[粉丝团 Lv10]
2026-05-13 23:15:45,63965122592,山药吐司饼,[捂脸][捂脸][捂脸],[等级19],[粉丝团 Lv8]
2026-05-13 23:15:45,2342396942629456,好久不见.,偶哟,[等级13],[粉丝团 Lv3]
2026-05-13 23:15:45,93196727601,且行且悟,还行吧,[等级27],[粉丝团 Lv13]
2026-05-13 23:15:45,2905369106198536,Chase·Jungle,[捂脸],[等级10],[粉丝团 Lv6]
2026-05-13 23:15:46,64906438463,八千里路,[捂脸],[等级23],[粉丝团 Lv4]
2026-05-13 23:15:46,1090321057849667,路人,又装[捂脸][捂脸][捂脸],[等级12],
2026-05-13 23:15:47,108586220306,%,九千淘汰分,[等级22],[粉丝团 Lv12]
2026-05-13 23:15:47,1798427627499870,TeFuir,弹幕咋不热闹了,[等级26],[粉丝团 Lv12]
2026-05-13 23:15:47,46647388407515,不…晚…,[捂脸][捂脸][捂脸],,
2026-05-13 23:15:47,396296535158270,艺星男发馆💈彪彪🖤,哈哈哈哈哈,[等级11],
2026-05-13 23:15:47,3723397241514860,欺侮老头,[捂脸][捂脸][捂脸][捂脸][捂脸][捂脸],,
2026-05-13 23:15:47,92403004279,00K很ok！,现在也卡,[等级14],[粉丝团 Lv10]
2026-05-13 23:15:47,4233546532927219,🉑🈶🉑🈚,让你装明白了,[等级20],[粉丝团 Lv10]
2026-05-13 23:15:48,782461558602846,孬,燃烧弹过来才是真卡，直接硬控2秒[捂脸],[等级13],[粉丝团 Lv11]
2026-05-13 23:15:49,57656943387,✨ 半允禾 Lune,[捂脸][捂脸][捂脸],[等级22],[粉丝团 Lv13]
2026-05-13 23:15:49,83945751038,小浪——,[捂脸][捂脸][捂脸][捂脸][捂脸],[等级24],[粉丝团 Lv13]
2026-05-13 23:15:49,93186320746,Laurie,太装了,[等级14],[粉丝团 Lv10]
2026-05-13 23:15:50,93014498245,金鍂鑫𨰻～东吴子,一般一般，全宇宙第三,[等级6],
2026-05-13 23:15:52,1877571817704455,旺旺大笋包,每次决赛圈都闪退 晋级赛没法打了[捂脸][捂脸][捂脸],[等级19],
2026-05-13 23:15:52,3913913666903720,太阳☀,装起来了,[等级41],[粉丝团 Lv13]
2026-05-13 23:15:53,59021407727,Y...C,都被他撞到了,[等级13],[粉丝团 Lv8]
2026-05-13 23:15:55,1069193787353395,无情,一激动就是国粹[捂脸][呲牙][捂脸][呲牙][捂脸][呲牙],[等级31],[粉丝团 Lv1]
2026-05-13 23:15:55,88260275875,有那么二天,谁问了？,[等级15],[粉丝团 Lv14]
2026-05-13 23:15:55,3013139552021534,🦁🖤,又开始了（絲,[等级32],[粉丝团:张君雅 Lv16]
2026-05-13 23:15:56,1257437656002798,某某.,等会成盒就好笑了,[等级34],[粉丝团:张君雅 Lv16]
2026-05-13 23:15:56,62978378029,钟灵毓秀,不装了，摊牌了,[等级21],[粉丝团 Lv11]
2026-05-13 23:15:57,1214328624649438,半生,你个显眼包,[等级22],[粉丝团 Lv15]
2026-05-13 23:15:59,417427108929038,麦幽,让他装到了，可恶,[等级3],[粉丝团 Lv6]
2026-05-13 23:15:59,109110948701,晚年不详,问你了吗[捂脸],[等级2],
2026-05-13 23:16:01,2066673565966568,大元,[捂脸],[等级29],[粉丝团 Lv12]
2026-05-13 23:16:02,3224192758067471,(⊙o⊙),《还行吧》,[等级26],[粉丝团 Lv12]
2026-05-13 23:16:03,78016969370,未知。。。,这又嘚瑟起来了[捂脸][捂脸][捂脸],[等级15],[粉丝团 Lv8]
2026-05-13 23:16:03,93169074503,縸藜,刚刚以为我的网卡呢[捂脸][捂脸]，看的难受,[等级18],[粉丝团 Lv11]
2026-05-13 23:16:05,2007084944330340,陈不住气的玩意,？,,
2026-05-13 23:16:06,75652282317,m,？,[等级7],[粉丝团 Lv10]
2026-05-13 23:16:06,71074166083,乔巴,？？？,[等级34],[粉丝团 Lv11]
2026-05-13 23:16:06,2747000973177000,杜哥哥,你别把人家吓跑了[发呆][发呆][发呆],[等级3],
2026-05-13 23:16:06,75072156386,阿明⚜️,[捂脸],[等级18],
2026-05-13 23:16:06,94929468033,如何,？？,[等级15],[粉丝团 Lv11]
2026-05-13 23:16:06,67194033557,连连！,[捂脸][捂脸][捂脸][捂脸],[等级19],[粉丝团 Lv11]
2026-05-13 23:16:07,57153622818,下次见,？,[等级21],
2026-05-13 23:16:07,65004920868,潘攀🌹,[捂脸],[等级26],[粉丝团 Lv1]
2026-05-13 23:16:07,109756665406,ᑮéиg宝🧸ོ,啊？？[捂脸],[等级29],[粉丝团 Lv12]
2026-05-13 23:16:07,101487550960,𝑪𝒓𝒖𝒔𝒉.,[捂脸],[等级25],
2026-05-13 23:16:07,62977313690,LO,[捂脸][捂脸][捂脸],[等级25],[粉丝团 Lv8]
2026-05-13 23:16:07,1214328624649438,半生,[捂脸][捂脸][捂脸][捂脸][捂脸][捂脸],[等级22],[粉丝团 Lv15]
2026-05-13 23:16:07,53136197759,一瞥刀🚣🏻‍♀️ᨶ႒ᩚ⁵¹⁰⁷⁴,[捂脸][捂脸][捂脸][捂脸][捂脸],[等级28],[粉丝团 Lv15]
2026-05-13 23:16:07,75737713936,ﾍ😌ﾍ工商财务,[捂脸],[等级15],[粉丝团 Lv12]
2026-05-13 23:16:07,64410975275,包谷地里玩耍耍,哈哈哈哈哈哈哈[捂脸],[等级16],[粉丝团 Lv12]
2026-05-13 23:16:07,4503669836332557,栩多渝🌽⚡️🌙,[捂脸][捂脸],[等级11],[粉丝团 Lv10]
2026-05-13 23:16:08,4389701577878781,🌈君诏-,6,[等级32],[粉丝团 Lv7]
2026-05-13 23:16:08,83945751038,小浪——,[捂脸][捂脸][捂脸][捂脸][捂脸][捂脸][捂脸],[等级24],[粉丝团 Lv13]
2026-05-13 23:16:08,102150297162,烟清,？,[等级2],
2026-05-13 23:16:09,100091419668,影子あ恋人,[捂脸][捂脸][捂脸][捂脸],[等级38],[粉丝团 Lv15]
2026-05-13 23:16:09,66000111942,東,ADS能防住迫击炮吗？,[等级6],[粉丝团 Lv2]
2026-05-13 23:16:09,93196727601,且行且悟,？？？,[等级27],[粉丝团 Lv13]
2026-05-13 23:16:09,93014642999,🌈南山楠,？,[等级11],[粉丝团 Lv10]
2026-05-13 23:16:09,458929120480025,吖个星期,哈哈😄,[等级2],[粉丝团 Lv1]
2026-05-13 23:16:09,110853008719,！,[尬笑][尬笑][尬笑],[等级26],
2026-05-13 23:16:09,111548021631,啊噗噗噗,？,[等级13],[粉丝团 Lv11]
2026-05-13 23:16:09,95558583638,爸辣辣能量ᝰ,六六六,[等级4],
2026-05-13 23:16:09,85794237251,哇达西哇,哈哈哈哈哈哈哈哈哈,[等级10],[粉丝团 Lv3]
2026-05-13 23:16:09,58273620521,冷颜*,哈哈哈哈,[等级7],
2026-05-13 23:16:09,95921192820,来福🍭,[捂脸][捂脸][捂脸],[等级33],[粉丝团 Lv9]
2026-05-13 23:16:09,93421569511,吃串串的喵,[捂脸][捂脸],[等级2],[粉丝团 Lv4]
2026-05-13 23:16:10,95876951171,user6581269198517,？,[等级3],
2026-05-13 23:16:10,782461558602846,孬,[捂脸][呲牙][捂脸][呲牙][捂脸][呲牙],[等级13],[粉丝团 Lv11]
2026-05-13 23:16:10,60987512983,我不吃槟榔,虎狼之词,[等级11],[粉丝团 Lv4]
2026-05-13 23:16:10,65767160127,琬渝,？？？？？？？？？？？,[等级21],[粉丝团 Lv13]
2026-05-13 23:16:10,111613745351,远方的人,[捂脸],[等级25],
2026-05-13 23:16:10,94511118465,及时止损,老黑一身泡妞本事，可惜自己是个妞！！！,[等级2],
2026-05-13 23:16:10,1377014322563560,🌘,哈哈哈哈,[等级9],[粉丝团 Lv4]
2026-05-13 23:16:10,844867683494035,起 点,？？？,[等级28],[粉丝团 Lv8]
2026-05-13 23:16:10,55159220102,BWRZ（记录美好）,笑死[看],[等级36],[粉丝团 Lv16]
2026-05-13 23:16:10,2402886032848364,a,？,,
2026-05-13 23:16:10,68179112233,克里斯～RONALDO,这把自己一般夸[捂脸][捂脸],[等级19],
2026-05-13 23:16:10,64512837026,柚行了,啊？,[等级17],
2026-05-13 23:16:11,103514078280,一切都随缘。,[捂脸][捂脸][捂脸][捂脸][捂脸][捂脸],[等级39],[粉丝团 Lv12]
2026-05-13 23:16:11,100250134080,凯,什么虎狼之词,[等级19],[粉丝团 Lv15]
2026-05-13 23:16:11,95583879493,禾,笑死我了,[等级6],
2026-05-13 23:16:11,3685192504980491,风,我擦[捂脸][捂脸][捂脸][捂脸][捂脸],[等级26],
2026-05-13 23:16:12,16555948445,yyx,[捂脸][捂脸][捂脸][666][666][666],[等级25],[粉丝团 Lv15]
2026-05-13 23:16:12,67194033557,连连！,[捂脸][捂脸][捂脸][捂脸],[等级19],[粉丝团 Lv11]
2026-05-13 23:16:12,88610989490,🌈杨杨得忆❤️,[捂脸][捂脸][捂脸][捂脸],[等级24],[粉丝团 Lv7]
2026-05-13 23:16:12,93703443218,꧁꫞影子꫞꧂,[捂脸][捂脸][捂脸][捂脸][捂脸],[等级23],[粉丝团 Lv13]
2026-05-13 23:16:12,97600677185,晓乔治ovo,[捂脸][捂脸][捂脸],[等级38],[粉丝团 Lv12]
2026-05-13 23:16:12,772280035849376,🌹罗富贵🌹,[捂脸],[等级29],
2026-05-13 23:16:12,185179001089518,遇见☃️,把你3logo也露出来,[等级13],
2026-05-13 23:16:12,94708862143,毛毛虫.,？,[等级34],[粉丝团 Lv8]
2026-05-13 23:16:12,1214328624649438,半生,？？？？？？？,[等级22],[粉丝团 Lv15]
2026-05-13 23:16:12,2436150816938221,ᴴ,[发呆][发呆],[等级31],[粉丝团 Lv11]
2026-05-13 23:16:12,64396490234,玖柒禾十,？,[等级17],[粉丝团 Lv2]
2026-05-13 23:16:12,109336122589,♛,[捂脸][捂脸][捂脸],[等级7],
2026-05-13 23:16:13,59193413066,不抽鲢鳙的刚粉,看着就很厉害，等会落地成盒[捂脸],[等级34],[粉丝团 Lv3]
2026-05-13 23:16:13,587615959256659,军迷,[捂脸][捂脸][捂脸][捂脸][捂脸][捂脸],[等级17],[粉丝团 Lv11]
2026-05-13 23:16:13,62978378029,钟灵毓秀,？？？,[等级21],[粉丝团 Lv11]
2026-05-13 23:16:13,110717026683,风,[捂脸][捂脸][捂脸],[等级13],
2026-05-13 23:16:14,7541605761006470204,糯儿,[捂脸][捂脸][捂脸][捂脸][捂脸],,
2026-05-13 23:16:14,3949062634087486,晞和,[捂脸][捂脸],[等级9],[粉丝团 Lv10]
2026-05-13 23:16:14,59022751295,啊咦顾,？？？,[等级6],[粉丝团 Lv7]
2026-05-13 23:16:14,83945751038,小浪——,？,[等级24],[粉丝团 Lv13]
2026-05-13 23:16:14,1613683637104845,ღ落尘᭄ꦿ,[捂脸][捂脸][捂脸][捂脸],[等级27],[粉丝团 Lv14]
2026-05-13 23:16:14,92403004279,00K很ok！,[捂脸],[等级14],[粉丝团 Lv10]
2026-05-13 23:16:14,2894375771449584,👤,[捂脸][捂脸][捂脸][捂脸][捂脸],[等级5],
2026-05-13 23:16:14,3537604342463612,ran,[看][看],,
2026-05-13 23:16:14,1917193733835112,菲菲不是公主,啊,[等级15],[粉丝团 Lv1]
2026-05-13 23:16:14,2043347923383228,余溺$,[看][看][看],[等级6],[粉丝团 Lv4]
2026-05-13 23:16:14,3254171587069726,等晴天,貌似在….[看],[等级8],
2026-05-13 23:16:15,2831963117862039,悲伤的火鸡面,哈哈哈哈,[等级13],[粉丝团 Lv10]
2026-05-13 23:16:16,97841728375,斯🌾普,乱开车,[等级24],[粉丝团 Lv13]
2026-05-13 23:16:16,2419370502667399,刘得帅。,我家的床又大又软,[等级8],[粉丝团 Lv5]
2026-05-13 23:16:16,97391942050,白又白,撩妹高手,[等级21],
2026-05-13 23:16:16,1367445777424910,Eucalyptus 🐸,开车,[等级24],[粉丝团 Lv14]
2026-05-13 23:16:16,78267720770,龍⁵¹⁰⁷⁴,[捂脸][捂脸][捂脸],[等级28],[粉丝团 Lv15]
2026-05-13 23:16:16,73347898863,琼6270,不是？,[等级8],[粉丝团 Lv9]
2026-05-13 23:16:16,62490912970,✨✨ℒ𝒾𝓃 ᥫᩣ,[捂脸][赞],[等级12],[粉丝团 Lv3]
2026-05-13 23:16:17,95558583638,爸辣辣能量ᝰ,又开车,[等级4],
2026-05-13 23:16:17,102868157861,西贝巴巴,可惜啊,[等级7],
2026-05-13 23:16:17,100865032542,勇哥i,开车呢,[等级25],[粉丝团 Lv14]
2026-05-13 23:16:17,83945751038,小浪——,？,[等级24],[粉丝团 Lv13]
2026-05-13 23:16:17,64197226920,✨蔻楠丶,[捂脸]？,[等级19],[粉丝团 Lv10]
2026-05-13 23:16:17,3285760168699428,用户4403687243585,来家里干嘛,[等级1],
2026-05-13 23:16:18,70640905144,东营瀚海监控安防,她喜欢女生,[等级12],
2026-05-13 23:16:18,3289383190669309,其实很简单,[捂脸][捂脸][捂脸],[等级20],[粉丝团 Lv4]
2026-05-13 23:16:18,97869011029,太库啦,？,[等级21],[粉丝团 Lv7]
2026-05-13 23:16:18,1794029961617984,酃,[捂脸][捂脸][捂脸][捂脸],[等级17],[粉丝团 Lv12]
2026-05-13 23:16:18,2700008501543597,pikapika,？？？,[等级28],[粉丝团 Lv15]
2026-05-13 23:16:18,3416905577929435,10.10,[捂脸][捂脸][捂脸],[等级28],[粉丝团 Lv5]
2026-05-13 23:16:18,99372859314,启  夏,老黑天天都开车[捂脸],[等级25],[粉丝团 Lv15]
2026-05-13 23:16:19,2234682707544967,子一,上高速了,[等级29],[粉丝团:张君雅 Lv15]
2026-05-13 23:16:19,64396490234,玖柒禾十,哈哈哈哈,[等级17],[粉丝团 Lv2]
2026-05-13 23:16:19,509818415880967,中意李,哈哈哈哈哈哈[捂脸][捂脸],[等级7],[粉丝团 Lv4]
2026-05-13 23:16:20,93465004543,L,你在说什么虎狼之词,[等级3],[粉丝团 Lv2]
2026-05-13 23:16:20,105374792764,心若向阳   便是晴天,？？？？？,[等级35],[粉丝团 Lv11]
2026-05-13 23:16:20,2080739781786516,今生缘,[捂脸][捂脸][捂脸],[等级11],[粉丝团 Lv4]
2026-05-13 23:16:20,76133959662,@等风起,拿着扑总号不装白不装[捂脸],[等级14],[粉丝团 Lv8]
2026-05-13 23:16:20,109697549229,大写的一,还有这爱好,[等级9],
2026-05-13 23:16:20,81498709949,玉楼金阙慵归去,[捂脸][捂脸][捂脸],[等级12],[粉丝团 Lv5]
2026-05-13 23:16:20,3913913666903720,太阳☀,吓到人家了,[等级41],[粉丝团 Lv13]
2026-05-13 23:16:20,60049106141,光,家里？ 现场？,[等级14],
2026-05-13 23:16:20,4398499792427923,@哆啦A梦,土匪[捂脸][捂脸],[等级20],
2026-05-13 23:16:21,93920630912,ℳঞᩚ 戒 ঞᩚ,这对吗[看],[等级26],[粉丝团 Lv3]
2026-05-13 23:16:21,66649470058,꧁꫞꯭福꫞꧂,[抠鼻][抠鼻][抠鼻][抠鼻],[等级17],[粉丝团 Lv15]
2026-05-13 23:16:21,69549195417,久睡成瘾,我去，老黑这车[捂脸],[等级26],[粉丝团 Lv8]
2026-05-13 23:16:21,3054904541460123,🍒车厘子🍒（彬彬   已⬇️23斤）,哈哈哈哈哈,[等级20],
2026-05-13 23:16:22,2201666492307559,慕容皓轩@,[捂脸][捂脸][捂脸],[等级16],[粉丝团 Lv11]
2026-05-13 23:16:22,104497951505,小脏孩💭,拉拉？,[等级19],
2026-05-13 23:16:22,59580998652,安可予,没吃鸡啊,[等级2],
2026-05-13 23:16:22,3918283980676119,醒目-,床上,[等级24],
2026-05-13 23:16:22,2374557380392285,雪花。,老黑开车[抠鼻][抠鼻],[等级3],[粉丝团 Lv3]
2026-05-13 23:16:22,2007084944330340,陈不住气的玩意,老司机啊,,
2026-05-13 23:16:23,78631804235,小然🐾,张老黑,[等级19],
2026-05-13 23:16:23,3712372488798584,YangY,笑死我啦,[等级17],[粉丝团 Lv11]
2026-05-13 23:16:23,60527757013,奶思兔咪邱女士～❤️,[赞][赞][赞][赞][赞][赞],[等级22],[粉丝团 Lv11]
2026-05-13 23:16:23,2402886032848364,a,？,,
2026-05-13 23:16:24,70272459129,我的快乐,落地成盒我超厉害[捂脸],[等级3],
2026-05-13 23:16:24,2263256806988026,分,你是真饿了,[等级9],[粉丝团 Lv9]
2026-05-13 23:16:24,93514581821,古小力饼干,号机不要看了,[等级3],
2026-05-13 23:16:24,75737713936,ﾍ😌ﾍ工商财务,老黑这是要出手了吗,[等级15],[粉丝团 Lv12]
2026-05-13 23:16:25,2550497255102744,¹,什么虎狼之词,[等级31],[粉丝团 Lv12]
2026-05-13 23:16:25,103811404276,💎Sooyaxxx21.💎,现场干嘛,[等级9],[粉丝团 Lv11]
2026-05-13 23:16:25,4393279042358779,呆瓜,现场厉害得讲清楚[呲牙][呲牙][呲牙][呲牙][尬笑],[等级26],
2026-05-13 23:16:26,98932747508,前还可修,老黑绝对有问题,[等级20],
2026-05-13 23:16:26,2436150816938221,ᴴ,[疑问][疑问][疑问],[等级31],[粉丝团 Lv11]
2026-05-13 23:16:26,4233546532927219,🉑🈶🉑🈚,怎么说……,[等级20],[粉丝团 Lv10]
2026-05-13 23:16:26,2009563192628787,木易,老色女,[等级10],[粉丝团 Lv8]
2026-05-13 23:16:26,58983008237,@ 蒋旭,成都的你懂的,[等级23],[粉丝团 Lv11]
2026-05-13 23:16:26,808884212347839,走在忠孝东路,同性恋？？？,[等级9],
2026-05-13 23:16:26,7406913068915672126,晚风，,什么虎狼之词,[等级1],
2026-05-13 23:16:27,2402886032848364,a,？,,
2026-05-13 23:16:27,101875225014,🐮,家里？更厉害？[捂脸],[等级15],[粉丝团 Lv6]
2026-05-13 23:16:28,1090321057849667,路人,你开的是火车吗？[捂脸],[等级12],
2026-05-13 23:16:28,4503669836332557,栩多渝🌽⚡️🌙,真能撩,[等级11],[粉丝团 Lv10]
2026-05-13 23:16:28,600767341014696,小福星🍬,又开车,[等级26],[粉丝团 Lv8]
2026-05-13 23:16:28,465799913159950,🌈塰,[抠鼻][抠鼻],[等级18],[粉丝团 Lv9]
2026-05-13 23:16:28,782461558602846,孬,发定位[捂脸],[等级13],[粉丝团 Lv11]
2026-05-13 23:16:28,4358937121142893,小猪配骑,[捂脸][捂脸][捂脸]又开车,[等级15],[粉丝团 Lv7]
2026-05-13 23:16:28,103574064734,风止意难平,动不动就开车[捂脸],[等级11],[粉丝团 Lv10]
2026-05-13 23:16:29,110717026683,风,？？？,[等级13],
2026-05-13 23:16:29,101254559374,😀😁😀,你是拉拉啊,[等级14],
2026-05-13 23:16:29,97600677185,晓乔治ovo,6什么虎狼之词,[等级38],[粉丝团 Lv12]
2026-05-13 23:16:29,111462144671,月光下的身影,成都果然与众不同,[等级9],[粉丝团 Lv11]
2026-05-13 23:16:30,60619543190,feel,@東 可以,[等级15],[粉丝团 Lv5]
2026-05-13 23:16:30,95507451318,溪鱼,真能撩..可惜了..自己是个娘们,[等级17],[粉丝团 Lv10]
2026-05-13 23:16:30,95980960546,顺手牵杨女士🐑,猫局：？？,[等级6],[粉丝团 Lv8]
2026-05-13 23:16:30,93514581821,古小力饼干,号机不要看了,[等级3],
2026-05-13 23:16:31,94511118465,及时止损,老黑去过谁家里？,[等级2],
2026-05-13 23:16:32,1094755543681016,酒虽伤胃，能让我忘记疲惫,同性恋,[等级11],[粉丝团 Lv1]
2026-05-13 23:16:32,92685984511,锈刃藏锋,我好想去家里[捂脸][捂脸][捂脸],[等级27],
2026-05-13 23:16:32,93196727601,且行且悟,好家伙6666,[等级27],[粉丝团 Lv13]
2026-05-13 23:16:33,110717026683,风,[捂脸][捂脸],[等级13],
2026-05-13 23:16:33,2824008837643668,Hom,妹子，小心张老黑，她比较重口味[捂脸],,
2026-05-13 23:16:34,98460975967,ەㅤㅤㅤㅤㅤㅤㅤㅤㅤ一个蛋🥚 ㅤㅤㅤㅤ,[看],[等级34],[粉丝团 Lv10]
2026-05-13 23:16:34,64396490234,玖柒禾十,拉拉[捂脸],[等级17],[粉丝团 Lv2]
2026-05-13 23:16:34,247824368799011,苏打水的弟弟苏小水,[捂脸][捂脸][捂脸],[等级21],[粉丝团 Lv2]
2026-05-13 23:16:34,3166248228896107,三十！,啦啦啦啦啦啦啦啦啦,[等级12],
2026-05-13 23:16:35,101971323625,Carlos Chan,@東 能,[等级13],[粉丝团 Lv9]
2026-05-13 23:16:36,82862075244,睡醒了☺️☺️,[戳手手]去家干啥,[等级36],[粉丝团 Lv4]
2026-05-13 23:16:36,68179112233,克里斯～RONALDO,别人家妹子吓跑了[捂脸],[等级19],
2026-05-13 23:16:36,73347898863,琼6270,张君雅你在说什么,[等级8],[粉丝团 Lv9]
2026-05-13 23:16:38,81228318243,_刘长空,原来主播有这方面爱好,[等级15],
2026-05-13 23:16:38,343486129250376,Zzz...,果然 男女通吃[捂脸],[等级14],[粉丝团 Lv9]
2026-05-13 23:16:38,2402886032848364,a,问号大军呢？,,
2026-05-13 23:16:38,4031257742154355,冷光,老黑想吃人家豆腐[捂脸][捂脸][捂脸][捂脸][捂脸],[等级25],
2026-05-13 23:16:38,110717026683,风,？？？,[等级13],
2026-05-13 23:16:40,3406712753367316,浙江省精神病收容所(三哥）,哈哈哈哈,[等级4],
2026-05-13 23:16:40,624168097809288,九思,被你搞弯了[捂脸],[等级20],
2026-05-13 23:16:40,87951688692,攻克,张老黑又不正经了。,[等级21],
2026-05-13 23:16:42,3289383190669309,其实很简单,[捂脸][捂脸][捂脸],[等级20],[粉丝团 Lv4]
2026-05-13 23:16:42,110717026683,风,[捂脸][捂脸],[等级13],
2026-05-13 23:16:42,2770404252847896,天空,去家里更厉害，这是什么虎狼之词[捂脸],[等级1],[粉丝团 Lv1]
2026-05-13 23:16:42,62978378029,钟灵毓秀,老黑，给条生路[抠鼻],[等级21],[粉丝团 Lv11]
2026-05-13 23:16:44,105473453033,小雨,拉拉？,[等级13],
2026-05-13 23:16:44,3013139552021534,🦁🖤,来家里有点过分了[看]（絲,[等级32],[粉丝团:张君雅 Lv16]
2026-05-13 23:16:44,99519056697,一二三k,[捂脸],[等级7],[粉丝团 Lv8]
2026-05-13 23:16:44,7541605761006470204,糯儿,[尬笑][尬笑][尬笑][尬笑][尬笑][尬笑],,
2026-05-13 23:16:45,3912531712161651,👣咕噜咕噜👀,这是喝了多少假酒，才能如此的虎狼之词[呲牙],[等级35],
2026-05-13 23:16:45,710724864472762,木空,好渣呀[鼓掌],[等级16],[粉丝团 Lv13]
2026-05-13 23:16:46,104917868526,🌅,尿局,[等级7],[粉丝团 Lv8]
2026-05-13 23:16:46,98932747508,前还可修,老黑绝对有问题,[等级20],
2026-05-13 23:16:47,3406712753367316,浙江省精神病收容所(三哥）,@東 能,[等级4],
2026-05-13 23:16:47,289867803671152,英子,🐮,[等级15],[粉丝团 Lv13]
2026-05-13 23:16:50,100515465222,✨甜憨憨吖🌈,不得了不得了,[等级8],[粉丝团 Lv3]
2026-05-13 23:16:51,2550497255102744,¹,又想洗干净抬光子房间去,[等级31],[粉丝团 Lv12]
2026-05-13 23:16:51,109228065794,Yoexl.1210,来我家，我更厉害[看],[等级34],[粉丝团 Lv11]
2026-05-13 23:16:51,3166248228896107,三十！,啦啦啦啦啦啦啦啦啦,[等级12],
2026-05-13 23:16:52,92685984511,锈刃藏锋,体验一下厉害的感觉,[等级27],
2026-05-13 23:16:53,1544165293040916,尘,一身的撩妹技术，可惜自己是个妹子[捂脸][捂脸][捂脸],[等级25],[粉丝团 Lv15]
2026-05-13 23:16:55,611777808969511,时艺,完了 有这癖好,[等级14],
2026-05-13 23:16:55,386652325291725,zheng,三队这下有得看了。,[等级10],
2026-05-13 23:16:55,103513118364,三石哥,现场教学，都学着点[尬笑][尬笑][尬笑][尬笑][尬笑][尬笑][尬笑][尬笑][尬笑][尬笑][尬笑][尬笑][尬笑],[等级22],[粉丝团 Lv14]
2026-05-13 23:16:55,4503669836332557,栩多渝🌽⚡️🌙,开车了[捂脸],[等级11],[粉丝团 Lv10]
2026-05-13 23:16:56,624119281630472,阿从,我，我是她小老弟,[等级22],[粉丝团 Lv1]
2026-05-13 23:16:57,104260931928,冰红茶,老黑很厉害👍🏻，我知道[捂脸][捂脸][捂脸],[等级16],[粉丝团 Lv11]
2026-05-13 23:16:57,106767791004,迦_南,完全放飞自我了[捂脸],[等级18],[粉丝团 Lv6]
2026-05-13 23:16:57,16555948445,yyx,家里有金鱼[捂脸],[等级25],[粉丝团 Lv15]
2026-05-13 23:16:59,398441000221421,疯狂小鳄鳄,刚才3号位说的吧,[等级16],[粉丝团 Lv10]
2026-05-13 23:17:01,93421569511,吃串串的喵,吓到妹妹啦[捂脸][捂脸][捂脸],[等级2],[粉丝团 Lv4]
2026-05-13 23:17:01,95030117025,火气很大,成都把妹王👑,[等级28],[粉丝团 Lv4]
2026-05-13 23:17:01,103574064734,风止意难平,雅要是男的，得多少女孩遭殃,[等级11],[粉丝团 Lv10]
2026-05-13 23:17:03,3289383190669309,其实很简单,[泣不成声][泣不成声][泣不成声][泣不成声],[等级20],[粉丝团 Lv4]
2026-05-13 23:17:06,509818415880967,中意李,感觉会翻车[捂脸][捂脸],[等级7],[粉丝团 Lv4]
2026-05-13 23:17:08,105016030463,不晓得叫么子,我真怀疑是个男的开的变声器[捂脸],[等级4],
2026-05-13 23:17:14,1367445777424910,Eucalyptus 🐸,@子一 哈哈，她帮你说的[捂脸],[等级24],[粉丝团 Lv14]
2026-05-13 23:17:18,92403004279,00K很ok！,卡不卡,[等级14],[粉丝团 Lv10]
2026-05-13 23:17:21,4103028419869528,🌥🍟,现在都自己打吗,[等级13],
2026-05-13 23:17:27,81355840951,壹然壹暖,卡,[等级4],
2026-05-13 23:17:28,94511118465,及时止损,还没反应过来，老黑就上高速了,[等级2],
2026-05-13 23:17:34,2770404252847896,天空,[捂脸]撩女一套一套的,[等级1],[粉丝团 Lv1]
2026-05-13 23:17:35,1794029961617984,酃,老黑要是个男的得多少妹子要遭殃[看],[等级17],[粉丝团 Lv12]
2026-05-13 23:17:35,1257437656002798,某某.,你别给妹妹吓跑了,[等级34],[粉丝团:张君雅 Lv16]
2026-05-13 23:17:42,2043347923383228,余溺$,[捂脸][捂脸][捂脸],[等级6],[粉丝团 Lv4]
2026-05-13 23:17:44,386652325291725,zheng,甲都没有就冲了,[等级10],
2026-05-13 23:17:49,67084624113,钝刺,一决生死[看][看],[等级10],[粉丝团 Lv10]
2026-05-13 23:17:49,4503658257446344,🥐cornetto,家里放不开,[等级41],[粉丝团 Lv6]
2026-05-13 23:18:08,3531230260761091,森,1080,[等级14],[粉丝团 Lv9]
2026-05-13 23:18:11,1794029961617984,酃,收敛一点，不然下次没有妹子和你玩[看],[等级17],[粉丝团 Lv12]
2026-05-13 23:18:13,782461558602846,孬,小心一梭子给你撂下来[捂脸],[等级13],[粉丝团 Lv11]
2026-05-13 23:18:15,111383523563,风清扬,问问各位老师，是不是自己家里会更放的开一些[捂脸][捂脸][捂脸],[等级20],[粉丝团 Lv12]
2026-05-13 23:18:19,1257437656002798,某某.,是不是想把直播间抬了然后好早点下班是吧,[等级34],[粉丝团:张君雅 Lv16]
2026-05-13 23:18:30,4503658257446344,🥐cornetto,@风清扬 楼下录音,[等级41],[粉丝团 Lv6]
2026-05-13 23:18:34,188708920756156,晚,，,[等级16],
2026-05-13 23:18:42,4503658257446344,🥐cornetto,去天台,[等级41],[粉丝团 Lv6]
2026-05-13 23:19:00,81486742593,嗯嗯嗯嗯嗯呢,谁不想下班,[等级28],[粉丝团 Lv11]
2026-05-13 23:19:15,101875225014,🐮,没甲呀,[等级15],[粉丝团 Lv6]
2026-05-13 23:19:19,105457912449,Mr.馬,1,[等级11],[粉丝团 Lv11]
2026-05-13 23:19:20,61020514570,AAA 建材批发登哥,你注意了没甲,[等级33],[粉丝团 Lv11]
2026-05-13 23:19:21,111383523563,风清扬,@🥐cornetto 那得后半夜才能去吧？[捂脸],[等级20],[粉丝团 Lv12]
2026-05-13 23:19:22,105457912449,Mr.馬,2,[等级11],[粉丝团 Lv11]
2026-05-13 23:19:26,105457912449,Mr.馬,3,[等级11],[粉丝团 Lv11]
2026-05-13 23:19:34,4503658257446344,🥐cornetto,@风清扬 嗯,[等级41],[粉丝团 Lv6]
2026-05-13 23:19:35,71126905166,抖音小肋手,直播间上方👆展馆滑动[爱心]有主播充能[感谢][感谢]大家看直播能免费[爱心]给主播君雅充能[爱心],[等级10],[粉丝团 Lv10]
2026-05-13 23:19:40,71126905166,抖音小肋手,点粉丝团→一键送11个为你闪耀（陪伴之旅），完成后可多领很多很多亲密度→记得把星星都点开有亲密❤️❤,[等级10],[粉丝团 Lv10]
2026-05-13 23:19:46,101223602526,爱，不解释,四川的女子真的胆大,[等级17],
2026-05-13 23:19:47,60619543190,feel,雅姐没有甲,[等级15],[粉丝团 Lv5]
2026-05-13 23:19:48,4457872508858395,青情子衿,好人谁去医院[捂脸],,
2026-05-13 23:19:51,94511118465,及时止损,人家拿什么压你呀，头盔都没有,[等级2],
2026-05-13 23:19:56,3597196881565005,海岸和风,另一个袜子的链接呢？,[等级11],[粉丝团 Lv1]
2026-05-13 23:19:58,101875225014,🐮,完蛋,[等级15],[粉丝团 Lv6]
2026-05-13 23:19:59,111383523563,风清扬,@🥐cornetto [赞]有经验,[等级20],[粉丝团 Lv12]
2026-05-13 23:19:59,61835779108,二毛,[捂脸][捂脸],[等级32],[粉丝团 Lv15]
2026-05-13 23:20:01,4233546532927219,🉑🈶🉑🈚,完犊子了,[等级20],[粉丝团 Lv10]
2026-05-13 23:20:02,78016969370,未知。。。,[捂脸][捂脸][捂脸],[等级15],[粉丝团 Lv8]
2026-05-13 23:20:03,104055484673,系一一吖💋,好墨迹,[等级2],
2026-05-13 23:20:04,3104613352084124,五行缺钱,烫屁股,[等级9],
2026-05-13 23:20:04,386652325291725,zheng,哥，快快,[等级10],
2026-05-13 23:20:10,99519056697,一二三k,完了,[等级7],[粉丝团 Lv8]
2026-05-13 23:20:12,4503658257446344,🥐cornetto,最刺激飞机厕所,[等级41],[粉丝团 Lv6]
2026-05-13 23:20:13,3790745693330856,37度°,好准,[等级22],[粉丝团 Lv4]
2026-05-13 23:20:14,101595263010620,伊昂,肚肚疼了[捂脸][捂脸][捂脸],[等级12],[粉丝团 Lv10]
2026-05-13 23:20:21,61305168809,腿腿,[捂脸][捂脸][捂脸][捂脸],[等级18],[粉丝团 Lv12]
2026-05-13 23:20:27,4233546532927219,🉑🈶🉑🈚,哈哈哈哈,[等级20],[粉丝团 Lv10]
2026-05-13 23:20:27,1895194513901262,陈皮皮⁵¹⁰⁷⁴,[捂脸][捂脸][捂脸][捂脸],[等级28],[粉丝团 Lv16]
2026-05-13 23:20:30,99372859314,启  夏,[捂脸][捂脸][捂脸][捂脸],[等级25],[粉丝团 Lv15]
2026-05-13 23:20:31,77369021662,超爱螺蛳粉🍜,哈哈哈哈[捂脸],[等级19],[粉丝团 Lv11]
2026-05-13 23:20:35,1257437656002798,某某.,牛逼,[等级34],[粉丝团:张君雅 Lv16]
2026-05-13 23:20:37,101223602526,爱，不解释,这都是清车熟路。,[等级17],
2026-05-13 23:20:37,61760679687,送你1朵花叭🌈,上把鸡了吗,[等级17],
2026-05-13 23:20:44,386652325291725,zheng,医生这个好准,[等级10],
2026-05-13 23:20:48,111383523563,风清扬,@🥐cornetto [捂脸][捂脸][捂脸][赞][赞][赞],[等级20],[粉丝团 Lv12]
2026-05-13 23:20:48,782461558602846,孬,小背心都不穿，就去干这架[捂脸],[等级13],[粉丝团 Lv11]
2026-05-13 23:20:48,4503658257446344,🥐cornetto,@送你1朵花叭🌈 被创了,[等级41],[粉丝团 Lv6]
2026-05-13 23:20:55,55159220102,BWRZ（记录美好）,有点眼屎[看]。猫菊,[等级36],[粉丝团 Lv16]
2026-05-13 23:20:58,61760679687,送你1朵花叭🌈,@🥐cornetto [捂脸][捂脸][捂脸],[等级17],
2026-05-13 23:21:00,102002212318,初馨,卡屁了[捂脸],[等级39],[粉丝团 Lv8]
2026-05-13 23:21:01,61695231133,正在更新·····,自瞄啊,[等级14],
2026-05-13 23:21:01,101223602526,爱，不解释,四川的，可以呀,[等级17],
2026-05-13 23:21:05,4457872508858395,青情子衿,这马死不了吗[看],,
2026-05-13 23:21:10,972404837587015,清风,爆炸弓伤害削了吗,[等级22],[粉丝团 Lv10]
2026-05-13 23:21:11,94138647958,Erddfd,黄金木乃伊皮肤,[等级24],
2026-05-13 23:21:21,93687105296,洛皮皮🐻‍❄️⁰⁵⁰³,点赞👍没点满的宝子❤️‍🔥❤️‍🔥把这个小时的3000👍赞点满🅾️点赞辛苦了❣️❣️❣️,[等级40],[粉丝团:张君雅 Lv17]
2026-05-13 23:21:26,59252253998,城南花已败。,@清风 嗯嗯,[等级25],
2026-05-13 23:21:29,81355840951,壹然壹暖,卡,[等级4],
2026-05-13 23:21:35,570023743327972,苏昭漪,好卡看着,[等级17],[粉丝团 Lv6]
2026-05-13 23:21:41,111383523563,风清扬,[赞],[等级20],[粉丝团 Lv12]
2026-05-13 23:21:42,588965723781339,星哥,眼里都猫屎[捂脸],[等级15],[粉丝团 Lv10]
2026-05-13 23:21:46,7612951911537198138,一条锦鲤游啊游～,老黑：搜物资哪有抢物资来的快,[等级6],[粉丝团 Lv1]
2026-05-13 23:21:46,94511118465,及时止损,老黑一身泡妞本事，可惜自己是个妞！！！,[等级2],
2026-05-13 23:21:46,1132972291921529,明月,卡,[等级15],[粉丝团 Lv7]
2026-05-13 23:21:48,1601357024344691,L eo,不卡,[等级19],[粉丝团 Lv11]
2026-05-13 23:21:50,4233546532927219,🉑🈶🉑🈚,好,[等级20],[粉丝团 Lv10]
2026-05-13 23:21:51,77416951506,ら孤痞,@正在更新····· 你知道什么是自瞄吗？[捂脸],[等级36],[粉丝团 Lv17]
2026-05-13 23:21:54,101223602526,爱，不解释,你没看见都是看你的视个频才知道的？,[等级17],
2026-05-13 23:21:55,83737154976,蒋锅,[捂脸][捂脸][捂脸],[等级18],[粉丝团 Lv12]
2026-05-13 23:21:55,3610428669431932,葡萄成熟時,好卡,[等级15],
2026-05-13 23:21:56,66992414470,ღ᭄🌟এ,[捂脸][捂脸][捂脸][捂脸],[等级27],[粉丝团 Lv15]
2026-05-13 23:21:57,96077725054,CCCC🐍,好,[等级15],[粉丝团 Lv2]
2026-05-13 23:21:58,3610428669431932,葡萄成熟時,好卡,[等级15],
2026-05-13 23:21:59,69695349988,配送不在范韦先生,卡,[等级32],
2026-05-13 23:21:59,2096097515281111,雅,好,,
2026-05-13 23:22:00,60788648224,听夏,哈哈,[等级32],[粉丝团 Lv7]
2026-05-13 23:22:00,509818415880967,中意李,不卡呀，卡了重新进呗,[等级7],[粉丝团 Lv4]
2026-05-13 23:22:01,3610428669431932,葡萄成熟時,卡,[等级15],
2026-05-13 23:22:02,80744237861,无妄生欢,妹妹全程懵逼过,[等级15],[粉丝团 Lv1]
2026-05-13 23:22:02,972404837587015,清风,刚上游戏看到公共了,[等级22],[粉丝团 Lv10]
2026-05-13 23:22:03,1794029961617984,酃,[捂脸][捂脸][捂脸],[等级17],[粉丝团 Lv12]
2026-05-13 23:22:03,85299691962,茶不加糖,调一下清晰度蓝光真彩,[等级25],[粉丝团 Lv4]
2026-05-13 23:22:04,3408943437340396,信。,两层半是什么东西啊,[等级22],[粉丝团 Lv5]
2026-05-13 23:22:05,66873200785,岁岁平安,妹纸呆呆的,[等级3],
2026-05-13 23:22:06,91502590619,这滴纯色的雨 ̳,妹子好可爱,[等级4],[粉丝团 Lv2]
2026-05-13 23:22:06,111438436586,真就九漏鱼²⁰²⁶,好,[等级14],[粉丝团 Lv11]
2026-05-13 23:22:07,83842821625,M̶r̶-̶北̶筏̶,队友说两层半是什么[捂脸],[等级26],[粉丝团 Lv9]
2026-05-13 23:22:08,96499564161,孞仰,两层半是什么东西,[等级7],[粉丝团 Lv15]
2026-05-13 23:22:08,64906438463,八千里路,两层半什么东西哈哈哈哈,[等级23],[粉丝团 Lv4]
2026-05-13 23:22:08,3856711281811340,uncle,卡,[等级23],
2026-05-13 23:22:09,71126905166,抖音小肋手,卡的重新进入一下试试,[等级10],[粉丝团 Lv10]
2026-05-13 23:22:09,99519056697,一二三k,两成半是什么东西,[等级7],[粉丝团 Lv8]
2026-05-13 23:22:09,68917910991,逆蝶🦋,就是不到三层啊,[等级16],[粉丝团 Lv3]
2026-05-13 23:22:09,101875225014,🐮,不卡,[等级15],[粉丝团 Lv6]
2026-05-13 23:22:10,3996063592881981,@@🚬yangꦿ᭄ཽ࿆࿆:,卡,[等级15],[粉丝团 Lv10]
2026-05-13 23:22:11,5112330647,C子,不卡呀,[等级21],[粉丝团 Lv7]
2026-05-13 23:22:11,52518192704,小标标,两层半是什么东西啊,[等级22],
2026-05-13 23:22:12,2436150816938221,ᴴ,我以为是我卡[酷拽],[等级31],[粉丝团 Lv11]
2026-05-13 23:22:12,59223777708,🍅🍊,两层半是什么东西[捂脸][捂脸][捂脸][捂脸]好可爱,[等级6],
2026-05-13 23:22:14,101808958385,陆辰,妹子：两层半是什么东西啊[抠鼻][抠鼻][抠鼻][抠鼻],[等级26],[粉丝团 Lv11]
2026-05-13 23:22:14,99372859314,启  夏,不卡，您们拉的大退一下抖音再进来就好了,[等级25],[粉丝团 Lv15]
2026-05-13 23:22:14,69705935782,生活也是一种修行°C ⁸⁰⁰⁸,不卡呀,[等级18],[粉丝团 Lv9]
2026-05-13 23:22:14,100515465222,✨甜憨憨吖🌈,妹妹听了半天，啥也没搞明白,[等级8],[粉丝团 Lv3]
2026-05-13 23:22:16,99519056697,一二三k,[捂脸],[等级7],[粉丝团 Lv8]
2026-05-13 23:22:16,65263583138,四川靓号之家,妹妹说：两层半是什么意思啊？一条街又是哪？[呲牙],[等级32],[粉丝团 Lv16]
2026-05-13 23:22:16,97600677185,晓乔治ovo,妹妹好可爱,[等级38],[粉丝团 Lv12]
2026-05-13 23:22:17,794290331331172,苏屿安,两层半是好吃的,[等级32],
2026-05-13 23:22:17,69550548628,月朦胧,问你呢 2层半是啥,[等级4],
2026-05-13 23:22:17,386652325291725,zheng,二层半她不知道[捂脸][捂脸][捂脸][捂脸],[等级10],
2026-05-13 23:22:18,76786388221,🌈 海龍_,哈哈又挨训啦[捂脸],[等级24],[粉丝团 Lv10]
2026-05-13 23:22:20,98349173902,星星点灯2,妹妹问两层半是啥,[等级4],[粉丝团 Lv2]
2026-05-13 23:22:20,101223602526,爱，不解释,卡就是她没信心[捂脸],[等级17],
2026-05-13 23:22:20,83842821625,M̶r̶-̶北̶筏̶,队友太有意思[捂脸],[等级26],[粉丝团 Lv9]
2026-05-13 23:22:21,4233546532927219,🉑🈶🉑🈚,就喜欢呆呆的妹妹,[等级20],[粉丝团 Lv10]
2026-05-13 23:22:21,50994395662,Z.x.y,不卡,[等级30],[粉丝团 Lv13]
2026-05-13 23:22:21,86562890288,ㅤ　 ㅤ顺利朱,[捂脸][捂脸][捂脸],[等级20],[粉丝团 Lv11]
2026-05-13 23:22:23,62224538204,姐弟小剧场,妹妹一脸懵逼,[等级19],
2026-05-13 23:22:23,59627106678,运气不会太差,不卡,[等级4],
2026-05-13 23:22:25,98916845542,￴￴￴ ￴ ￴￴￴ ￴,调一下画质就不卡了,[等级19],[粉丝团 Lv1]
2026-05-13 23:22:25,4503658257446344,🥐cornetto,bar,[等级41],[粉丝团 Lv6]
2026-05-13 23:22:25,104579232313,葛富贵,是我卡了吗,[等级29],[粉丝团 Lv4]
2026-05-13 23:22:25,55931566812,豆浆油条、,[捂脸]好可爱的妹妹 两层半是什么东西,[等级14],
2026-05-13 23:22:26,1063956070013568,小胖,今晚网不好呀,[等级2],[粉丝团 Lv3]
2026-05-13 23:22:26,99519056697,一二三k,挺可爱的,[等级7],[粉丝团 Lv8]
2026-05-13 23:22:29,2610658564386476,懦夫救星i,你们报点太专业，妹妹完全听不懂[看],[等级7],[粉丝团 Lv7]
2026-05-13 23:22:31,3408943437340396,信。,两层半是什么东西啊,[等级22],[粉丝团 Lv5]
2026-05-13 23:22:33,83737154976,蒋锅,不卡啊,[等级18],[粉丝团 Lv12]
2026-05-13 23:22:34,83842821625,M̶r̶-̶北̶筏̶,呆呆的队友[捂脸],[等级26],[粉丝团 Lv9]
2026-05-13 23:22:36,68399441706,彭彭,没卡呀,[等级29],[粉丝团 Lv13]
2026-05-13 23:22:40,86562890288,ㅤ　 ㅤ顺利朱,[捂脸][捂脸][捂脸],[等级20],[粉丝团 Lv11]
2026-05-13 23:22:41,77534419648,旅行,..,[等级10],[粉丝团 Lv4]
2026-05-13 23:22:44,86562890288,ㅤ　 ㅤ顺利朱,呆萌[捂脸],[等级20],[粉丝团 Lv11]
2026-05-13 23:22:49,59223777708,🍅🍊,哈哈哈哈小呆呆,[等级6],
2026-05-13 23:22:49,4270135949132812,一梦几春秋,后知后觉啊,[等级8],
2026-05-13 23:22:53,52518192704,小标标,还在懵逼状态,[等级22],
2026-05-13 23:22:53,76445642992,晴·芷,才反应过来,[等级4],
2026-05-13 23:22:53,93089565004,李,来扶贫了,[等级12],[粉丝团 Lv2]
2026-05-13 23:22:54,2326189656509550,≡★≡,才反应过来[捂脸][捂脸][捂脸],[等级33],[粉丝团 Lv15]
2026-05-13 23:22:54,59663065416,失眠数羊🐑,哈哈哈哈哈哈哈哈,[等级6],[粉丝团 Lv7]
2026-05-13 23:22:57,104920762510,後来的後唻,怎拉的[捂脸],[等级4],[粉丝团 Lv1]
2026-05-13 23:22:59,1024364650701038,=…自在🍒随心,吃把鸡。,[等级22],[粉丝团 Lv6]
2026-05-13 23:23:01,74335750283,你的名字,老黑你要给猫局一点机会，你泡到手也没用[捂脸],[等级19],
2026-05-13 23:23:03,111438436586,真就九漏鱼²⁰²⁶,打半天，队友是认识的都不知道[捂脸],[等级14],[粉丝团 Lv11]
2026-05-13 23:23:08,83842821625,M̶r̶-̶北̶筏̶,队友太有意思[捂脸],[等级26],[粉丝团 Lv9]
2026-05-13 23:23:10,91675060018,雅男,两层板就是。上两个台阶滚下来了 丢了半条命 统称两层半,[等级19],[粉丝团 Lv11]
2026-05-13 23:23:11,101223602526,爱，不解释,她男朋友，所以就不管了,[等级17],
2026-05-13 23:23:13,98838697960,良,问问局哥昨晚怎么给毒死的[捂脸][捂脸][捂脸][捂脸],[等级14],[粉丝团 Lv7]
2026-05-13 23:23:17,100496608716,#DyBaLa.,1号是打窝的,[等级29],
2026-05-13 23:23:18,64906438463,八千里路,[捂脸][捂脸][捂脸][捂脸],[等级23],[粉丝团 Lv4]
2026-05-13 23:23:18,4233546532927219,🉑🈶🉑🈚,好,[等级20],[粉丝团 Lv10]
2026-05-13 23:23:18,2096097515281111,雅,老黑说话得慢点，学学小姐姐,,
2026-05-13 23:23:19,69705935782,生活也是一种修行°C ⁸⁰⁰⁸,确实是意识跟不上[捂脸],[等级18],[粉丝团 Lv9]
2026-05-13 23:23:21,1213491521791404,努力,你们两个聊天队友插不上话有点多余[捂脸],[等级22],
2026-05-13 23:23:26,100515465222,✨甜憨憨吖🌈,两个懵懵的队友,[等级8],[粉丝团 Lv3]
2026-05-13 23:23:30,603006804442072,无双✨,他哥的说人家呆呆的，你们去玩跟人家也差不多,[等级16],
2026-05-13 23:23:30,101875225014,🐮,你俩节奏慢点，等等妹妹呀,[等级15],[粉丝团 Lv6]
2026-05-13 23:23:31,93576336740,南书,两个学生,[等级4],[粉丝团 Lv4]
2026-05-13 23:23:33,1081574460239063,🌈我是、打酱油的,等你老了，话更多了,[等级45],
2026-05-13 23:23:33,98460975967,ەㅤㅤㅤㅤㅤㅤㅤㅤㅤ一个蛋🥚 ㅤㅤㅤㅤ,[看],[等级34],[粉丝团 Lv10]
2026-05-13 23:23:36,4478763005914713,害羞阿蛋蛋,[捂脸][捂脸][捂脸],,
2026-05-13 23:23:36,2241225192905635,f樊同学,各位，我搂着女朋友一起看的,[等级4],[粉丝团 Lv4]
2026-05-13 23:23:39,100515465222,✨甜憨憨吖🌈,菜菜你讲话,[等级8],[粉丝团 Lv3]
2026-05-13 23:23:41,3996063592881981,@@🚬yangꦿ᭄ཽ࿆࿆:,老黑关直播不了吗怎么没看到画面了？？？,[等级15],[粉丝团 Lv10]
2026-05-13 23:23:42,2181037444839293,某哩佢锦多,这两妹妹深得我心,[等级7],[粉丝团 Lv9]
2026-05-13 23:23:42,1530155757474296,玩鱼不养鱼,问问局哥昨晚怎么给毒死的[捂脸][捂脸][捂脸][捂脸],[等级11],[粉丝团 Lv4]
2026-05-13 23:23:47,782461558602846,孬,局哥要表现起来啊[看][看][看],[等级13],[粉丝团 Lv11]
2026-05-13 23:23:48,101808958385,陆辰,妹妹中午找到自己的价值了，我有油，我加油[捂脸][捂脸],[等级26],[粉丝团 Lv11]
2026-05-13 23:23:59,86744268915,我的单车没漏气,@@@🚬yangꦿ᭄ཽ࿆࿆: 你卡了，退出去在进来,[等级17],[粉丝团 Lv7]
2026-05-13 23:23:59,95876578799,✨澤 mó 吥 Tòu🍀✨,有小姐姐了，雅姐就兴奋了[捂脸][捂脸][捂脸],[等级23],[粉丝团 Lv11]
2026-05-13 23:24:04,1280306984780173,朵寧,悍妇给妹妹吓着了。[捂脸][捂脸][捂脸]妹妹就会说好好好,[等级13],[粉丝团 Lv11]
2026-05-13 23:24:08,98862242971,双一林,两层半是什么东西，那棵树又是哪棵树？屁股后面有人，是谁的屁股,[等级33],
2026-05-13 23:24:09,64908956615,逐流,就每次上高架都很危险,[等级17],[粉丝团 Lv9]
2026-05-13 23:24:25,4233546532927219,🉑🈶🉑🈚,快走,[等级20],[粉丝团 Lv10]
2026-05-13 23:24:33,474639356942429,多云转晴,快走啊,[等级29],[粉丝团 Lv15]
2026-05-13 23:24:33,99519056697,一二三k,快走,[等级7],[粉丝团 Lv8]
2026-05-13 23:24:35,4312733019815760,雾里寻花,你跳了,[等级13],[粉丝团 Lv11]
2026-05-13 23:24:37,77489688083,豉汁蒸橙🍊,有桂,[等级9],[粉丝团 Lv4]
2026-05-13 23:24:37,99512064477,大嘭🌈,快跑，这队不行,[等级24],[粉丝团 Lv13]
2026-05-13 23:24:37,58613257088,0.2°,别跳啊[捂脸],[等级16],[粉丝团 Lv4]
2026-05-13 23:24:38,97574588840,晶东--Mr.彭,赶紧跑吧,[等级13],
2026-05-13 23:24:38,61890472963,weiwf,走，打不了,[等级5],[粉丝团 Lv7]
2026-05-13 23:24:39,3890509222520532,雷爷,撤吧,[等级14],[粉丝团 Lv3]
2026-05-13 23:24:39,1794029961617984,酃,有问题，快走,[等级17],[粉丝团 Lv12]
2026-05-13 23:24:39,2234682707544967,子一,快溜,[等级29],[粉丝团:张君雅 Lv15]
2026-05-13 23:24:39,101223602526,爱，不解释,你们说的话就是敷衍,[等级17],
2026-05-13 23:24:40,69591551638,当时只道是寻常🤢,有东西,[等级25],[粉丝团 Lv1]
2026-05-13 23:24:42,101687967112,无脚的鸟,快走,[等级15],[粉丝团 Lv7]
2026-05-13 23:24:45,4233546532927219,🉑🈶🉑🈚,有脏东西,[等级20],[粉丝团 Lv10]
2026-05-13 23:24:46,59602298662,三七.,走吧,[等级11],
2026-05-13 23:24:47,101223602526,爱，不解释,懂不,[等级17],
2026-05-13 23:24:47,587615959256659,军迷,妹妹比我厉害多了，我玩儿了九年，还是原地踏步，见人就倒，经常被骂菜，还是在坚持玩儿[流泪][流泪][流泪],[等级17],[粉丝团 Lv11]
2026-05-13 23:24:50,97600677185,晓乔治ovo,走吧,[等级38],[粉丝团 Lv12]
2026-05-13 23:24:51,101687967112,无脚的鸟,快走,[等级15],[粉丝团 Lv7]
2026-05-13 23:24:51,3047482674388180,菜场在逃肥鸡,快走快走,[等级13],[粉丝团 Lv7]
2026-05-13 23:24:51,104713691535,ZL,这对吗这个,[等级15],[粉丝团 Lv2]
2026-05-13 23:24:51,99372859314,启  夏,走吧。妹妹没有战斗力的[捂脸],[等级25],[粉丝团 Lv15]
2026-05-13 23:24:52,103912008185,风雨彩虹,窥屏,[等级8],
2026-05-13 23:24:54,102186622212,重庆市（楠杭）拖挂复训基地,被内核看见了,[等级18],
2026-05-13 23:24:54,64396490234,玖柒禾十,有脏东西,[等级17],[粉丝团 Lv2]
2026-05-13 23:24:54,2933107075852472,孤☜,走吧，惹不起,[等级28],[粉丝团 Lv8]
2026-05-13 23:24:55,111438436586,真就九漏鱼²⁰²⁶,快走，这队不打,[等级14],[粉丝团 Lv11]
2026-05-13 23:24:56,69591551638,当时只道是寻常🤢,不对劲,[等级25],[粉丝团 Lv1]
2026-05-13 23:24:56,509818415880967,中意李,开溜开溜,[等级7],[粉丝团 Lv4]
2026-05-13 23:24:56,1917193733835112,菲菲不是公主,撤吧,[等级15],[粉丝团 Lv1]
2026-05-13 23:24:57,108734988139,凡人,赶紧走吧，否则小妹子要完了,[等级15],[粉丝团 Lv6]
2026-05-13 23:24:58,62170236494,懒得搭李,脏东西[看][看],[等级15],
2026-05-13 23:24:59,20239435624,訫訫大王,有脏东西,[等级18],[粉丝团 Lv9]
2026-05-13 23:24:59,292887482075868,一叶知秋,有问题快跑,[等级4],[粉丝团 Lv1]
2026-05-13 23:25:00,1644525708386619,八九野马,这一对不是吃素,[等级21],
2026-05-13 23:25:02,7612951911537198138,一条锦鲤游啊游～,风紧扯呼,[等级6],[粉丝团 Lv1]
2026-05-13 23:25:02,4330355120149084,唯一♥,快跑吧,[等级8],[粉丝团 Lv7]
2026-05-13 23:25:02,4233546532927219,🉑🈶🉑🈚,快走,[等级20],[粉丝团 Lv10]
2026-05-13 23:25:02,109756665406,ᑮéиg宝🧸ོ,[发呆][发呆][发呆],[等级29],[粉丝团 Lv12]
2026-05-13 23:25:03,4485613820848509,百毒不侵√,快快快走,[等级11],
2026-05-13 23:25:07,1280306984780173,朵寧,三十六计，走为上策,[等级13],[粉丝团 Lv11]
2026-05-13 23:25:10,111438436586,真就九漏鱼²⁰²⁶,走，不打这队,[等级14],[粉丝团 Lv11]
2026-05-13 23:25:12,3047482674388180,菜场在逃肥鸡,轮流倒哈哈哈,[等级13],[粉丝团 Lv7]
2026-05-13 23:25:14,83911077598,丰县唐艺卫浴厨电批发平价仓,熟人[捂脸],[等级27],
2026-05-13 23:25:14,1948780679148487,@随风@,走吧走吧，求你了,,
2026-05-13 23:25:14,77554002797,账号已注销（魔星版）,山外有山,[等级35],
2026-05-13 23:25:16,301729256833663,伤心,如果有人给我扫个号玩就好了,[等级3],
2026-05-13 23:25:17,101875225014,🐮,别看了,[等级15],[粉丝团 Lv6]
2026-05-13 23:25:17,1864395150858125,神马先生,那么怂？,[等级8],
2026-05-13 23:25:18,55159220102,BWRZ（记录美好）,决赛圈再见[看],[等级36],[粉丝团 Lv16]
2026-05-13 23:25:18,70492044030,紫痕9099,在打妹子就没了[捂脸],[等级15],[粉丝团 Lv13]
2026-05-13 23:25:19,99372859314,启  夏,走吧，妹妹都没头盔了[捂脸],[等级25],[粉丝团 Lv15]
2026-05-13 23:25:20,4233546532927219,🉑🈶🉑🈚,……,[等级20],[粉丝团 Lv10]
2026-05-13 23:25:20,470219582866307,忻安,完了,[等级17],[粉丝团 Lv15]
2026-05-13 23:25:20,111007266356,🔱守望w,妹妹吓死了,[等级29],[粉丝团 Lv15]
2026-05-13 23:25:20,3913913666903720,太阳☀,快走,[等级41],[粉丝团 Lv13]
2026-05-13 23:25:22,101875225014,🐮,快走,[等级15],[粉丝团 Lv6]
2026-05-13 23:25:22,509818415880967,中意李,3个人轮流倒[捂脸][捂脸],[等级7],[粉丝团 Lv4]
2026-05-13 23:25:22,3642049561895048,滴滴嗒,[捂脸],[等级32],[粉丝团 Lv11]
2026-05-13 23:25:23,97600677185,晓乔治ovo,[捂脸][捂脸],[等级38],[粉丝团 Lv12]
2026-05-13 23:25:23,53617735581,珊珊.,这位置咋看出来的，,[等级19],[粉丝团 Lv3]
2026-05-13 23:25:23,103811404276,💎Sooyaxxx21.💎,可能知道你,[等级9],[粉丝团 Lv11]
2026-05-13 23:25:27,67539775591,叽里咕噜🐟,一人死一次,[等级10],
2026-05-13 23:25:28,76133959662,@等风起,把妹妹都吓颤抖了,[等级14],[粉丝团 Lv8]
2026-05-13 23:25:30,59782841206,长 春,哈哈哈[捂脸][捂脸],[等级32],
2026-05-13 23:25:32,103811404276,💎Sooyaxxx21.💎,看到播报了,[等级9],[粉丝团 Lv11]
2026-05-13 23:25:33,86948263977,暴走的蜗牛,透视,[等级9],
2026-05-13 23:25:33,101875225014,🐮,快走快走,[等级15],[粉丝团 Lv6]
2026-05-13 23:25:35,3254171587069726,等晴天,四个人都倒过一次了,[等级8],
2026-05-13 23:25:35,3047482674388180,菜场在逃肥鸡,走走走,[等级13],[粉丝团 Lv7]
2026-05-13 23:25:38,1948780679148487,@随风@,走吧赶紧走,,
2026-05-13 23:25:38,3913913666903720,太阳☀,快走快走,[等级41],[粉丝团 Lv13]
2026-05-13 23:25:39,474639356942429,多云转晴,走啊,[等级29],[粉丝团 Lv15]
2026-05-13 23:25:41,4478763005914713,害羞阿蛋蛋,能打吗队友,,
2026-05-13 23:25:43,2541707176186030,一路相随,透视吧,[等级15],[粉丝团 Lv10]
2026-05-13 23:25:44,99519056697,一二三k,快走,[等级7],[粉丝团 Lv8]
2026-05-13 23:25:45,77880424176,嘎嘣脆,窥屏,[等级4],
2026-05-13 23:25:45,3949903059885501,ㅤㅤㅤㅤㅤㅤㅤㅤㅤㅤㅤㅤㅤㅤㅤㅤㅤㅤㅤ,亏心事做多了，疑神疑鬼,,
2026-05-13 23:25:45,79601217675,7·*,走吧,[等级6],
2026-05-13 23:25:46,4503699279715189,落叶孤烟,让妹妹，放个无人机,[等级7],[粉丝团 Lv5]
2026-05-13 23:25:47,82862075244,睡醒了☺️☺️,终止交易,[等级36],[粉丝团 Lv4]
2026-05-13 23:25:47,782461558602846,孬,撤吧,[等级13],[粉丝团 Lv11]
2026-05-13 23:25:48,68422483360,深情不及久伴,快走快走,[等级25],[粉丝团 Lv11]
2026-05-13 23:25:48,102002212318,初馨,看你直播了估计,[等级39],[粉丝团 Lv8]
2026-05-13 23:25:49,110804669846,℡空白,快走啊，队友没药,[等级15],[粉丝团 Lv10]
2026-05-13 23:25:49,558182306414956,ベ断桥烟雨ミ,有脏东西,[等级35],[粉丝团 Lv11]
2026-05-13 23:25:49,100922234881,杨66,窥屏,[等级18],[粉丝团 Lv7]
2026-05-13 23:25:49,18374452326,随「缘,走吧,[等级17],[粉丝团 Lv10]
2026-05-13 23:25:50,110853008719,！,走吧 妹妹跟不上节奏,[等级26],
2026-05-13 23:25:53,3790745693330856,37度°,看到也正常，,[等级22],[粉丝团 Lv4]
2026-05-13 23:25:53,60556163553,兰序廿四·栖南,快走,[等级18],[粉丝团 Lv2]
2026-05-13 23:25:54,1948780679148487,@随风@,一会儿就掉队友，不信,,
2026-05-13 23:25:54,175538554811668,花样男,看直播呢,[等级15],[粉丝团 Lv8]
2026-05-13 23:25:54,1118655583631034,未闻花名,跑,[等级8],[粉丝团 Lv2]
2026-05-13 23:25:55,61890472963,weiwf,不想走就毁灭吧[捂脸],[等级5],[粉丝团 Lv7]
2026-05-13 23:25:56,3070262216756539,hi,快走，一看就是透视,,
2026-05-13 23:25:58,93651516633,飞飞飞！,走吧,[等级7],
2026-05-13 23:25:58,1864395150858125,神马先生,太怂了吧,[等级8],
2026-05-13 23:25:59,3406705907740807,何爱华（承蒙厚爱）,[捂脸][捂脸][捂脸],[等级22],[粉丝团 Lv12]
2026-05-13 23:25:59,1829206389950766,伱我皆牛马,有问题，跑吧,[等级25],[粉丝团 Lv2]
2026-05-13 23:26:01,94357128789,紫炫,透,[等级14],[粉丝团 Lv2]
2026-05-13 23:26:01,68179112233,克里斯～RONALDO,看直播了吧,[等级19],
2026-05-13 23:26:01,4233546532927219,🉑🈶🉑🈚,快走,[等级20],[粉丝团 Lv10]
2026-05-13 23:26:02,270948762917427,宸,估计又碰到神仙了,[等级5],[粉丝团 Lv8]
2026-05-13 23:26:02,2610658564386476,懦夫救星i,快走快走，丸不了,[等级7],[粉丝团 Lv7]
2026-05-13 23:26:02,99512064477,大嘭🌈,快跑,[等级24],[粉丝团 Lv13]
2026-05-13 23:26:02,79601217675,7·*,我真服了 赶紧走吧,[等级6],
2026-05-13 23:26:02,111007266356,🔱守望w,神仙[捂脸][捂脸][捂脸],[等级29],[粉丝团 Lv15]
2026-05-13 23:26:02,175557499433192,你是哪只虾米,溜吧,[等级10],[粉丝团 Lv7]
2026-05-13 23:26:02,2154630621964680,一缕执念,有东西,[等级15],[粉丝团 Lv12]
2026-05-13 23:26:03,2516103068134935,嘎嘎,透,[等级5],
2026-05-13 23:26:03,18374452326,随「缘,开了,[等级17],[粉丝团 Lv10]
2026-05-13 23:26:04,76133959662,@等风起,走吧走吧,[等级14],[粉丝团 Lv8]
2026-05-13 23:26:05,20239435624,訫訫大王,快跑,[等级18],[粉丝团 Lv9]
2026-05-13 23:26:05,3592847430257607,沃滴歹奥,跑啊,[等级17],[粉丝团 Lv2]
2026-05-13 23:26:05,484257882206712,欧欧欧包,走了走了,[等级19],[粉丝团 Lv5]
2026-05-13 23:26:06,1627697591880078,用户1557569082216,跑快跑,[等级9],[粉丝团 Lv5]
2026-05-13 23:26:06,4022443804471660,921,挂,[等级3],
2026-05-13 23:26:06,2348165983116428,晚晚要当绿tea,走,[等级19],[粉丝团 Lv9]
2026-05-13 23:26:07,603006804442072,无双✨,还不跑,[等级16],
2026-05-13 23:26:07,72419691347,🐯.  瑩瑩瑩,这么准,[等级14],
2026-05-13 23:26:07,1948780679148487,@随风@,走吧走吧走走,,
2026-05-13 23:26:08,88337721962,奔跑的肉肉,走啊,[等级14],[粉丝团 Lv3]
2026-05-13 23:26:08,69550548628,月朦胧,快跑,[等级4],
2026-05-13 23:26:08,111549956396,翻斗花园小孙,[比心],[等级4],[粉丝团 Lv2]
2026-05-13 23:26:09,96624160213,在无真情.,科技吧,[等级14],
2026-05-13 23:26:10,3280543313568760,ZzZ,有高手,[等级5],[粉丝团 Lv1]
2026-05-13 23:26:10,93576336740,南书,撤,[等级4],[粉丝团 Lv4]
2026-05-13 23:26:10,2154630621964680,一缕执念,有脏东西,[等级15],[粉丝团 Lv12]
2026-05-13 23:26:10,1093360598918884,狮子小开口🦁,可能认识你知道你的打发,[等级30],[粉丝团 Lv8]
2026-05-13 23:26:11,1283840409348984,小张,走走走,[等级1],[粉丝团 Lv7]
2026-05-13 23:26:11,96667074684,芥子,有脏东西,[等级13],[粉丝团 Lv8]
2026-05-13 23:26:11,74539369721,转眼已过半生,有问题,[等级16],[粉丝团 Lv4]
2026-05-13 23:26:11,1024364650701038,=…自在🍒随心,没装备打不过赶紧跑。,[等级22],[粉丝团 Lv6]
2026-05-13 23:26:11,102186622212,重庆市（楠杭）拖挂复训基地,快走哟,[等级18],
2026-05-13 23:26:12,4270135949132812,一梦几春秋,跑路,[等级8],
2026-05-13 23:26:12,104227179249,🔪一笑卿莫言⁷⁰⁷,快点走吧,[等级31],[粉丝团 Lv13]
2026-05-13 23:26:13,2007084944330340,陈不住气的玩意,这队有问题,,
2026-05-13 23:26:13,1280306984780173,朵寧,不是有东西就是有高手,[等级13],[粉丝团 Lv11]
2026-05-13 23:26:13,62170236494,懒得搭李,透视[捂脸][捂脸][捂脸][捂脸][捂脸],[等级15],
2026-05-13 23:26:14,2035929401799652,褄,有问题，就是有问题，这游戏很多挂,[等级9],[粉丝团 Lv4]
2026-05-13 23:26:14,68179112233,克里斯～RONALDO,先走吧,[等级19],
2026-05-13 23:26:14,92403004279,00K很ok！,求你了，快走吧,[等级14],[粉丝团 Lv10]
2026-05-13 23:26:14,602157231122235,黄🤝軍👚,快跑[捂脸],[等级29],[粉丝团 Lv7]
2026-05-13 23:26:14,93576336740,南书,撤,[等级4],[粉丝团 Lv4]
2026-05-13 23:26:14,93014642999,🌈南山楠,走吧,[等级11],[粉丝团 Lv10]
2026-05-13 23:26:15,101875225014,🐮,走,[等级15],[粉丝团 Lv6]
2026-05-13 23:26:16,77554002797,账号已注销（魔星版）,天外有天,[等级35],
2026-05-13 23:26:16,2082923137217795,紫滦栀夏🍀,危险危险,[等级23],
2026-05-13 23:26:17,101223602526,爱，不解释,封禁了,[等级17],
2026-05-13 23:26:18,83842821625,M̶r̶-̶北̶筏̶,这几个有透视吧,[等级26],[粉丝团 Lv9]
2026-05-13 23:26:23,82862075244,睡醒了☺️☺️,撤乎[呲牙],[等级36],[粉丝团 Lv4]
2026-05-13 23:26:24,107892012587,叁柒壹拾,走就快走,[等级20],[粉丝团 Lv10]
2026-05-13 23:26:28,54535866814,Y  _,两个妹妹太菜了，没发打,[等级7],
2026-05-13 23:26:28,70944917192,陈又陈,他就一个人,[等级9],
2026-05-13 23:26:28,874800240661147,缱绻惊鸿幻梦悠,瞬狙,[等级21],
2026-05-13 23:26:29,4233546532927219,🉑🈶🉑🈚,别把我妹妹噶了,[等级20],[粉丝团 Lv10]
2026-05-13 23:26:30,101223602526,爱，不解释,快准狠,[等级17],
2026-05-13 23:26:31,88610989490,🌈杨杨得忆❤️,怂了？,[等级24],[粉丝团 Lv7]
2026-05-13 23:26:31,95591334240,獨角獸的眼淚,666,[等级17],[粉丝团 Lv11]
2026-05-13 23:26:32,67862230314,别动,人家架着了,[等级8],[粉丝团 Lv4]
2026-05-13 23:26:32,94511118465,及时止损,敢跳这里的，肯定也是高手,[等级2],
2026-05-13 23:26:34,782461558602846,孬,瞬狙[看][捂脸],[等级13],[粉丝团 Lv11]
2026-05-13 23:26:34,102292532517,哥不帅,有窥屏还不赶紧走啊,[等级2],[粉丝团 Lv6]
2026-05-13 23:26:35,104600621959,戒心,技术菜别说人快,[等级26],[粉丝团 Lv7]
2026-05-13 23:26:35,94476909937,ღ᭄茜🫧,有高手,[等级22],[粉丝团 Lv11]
2026-05-13 23:26:37,2254452586189767,杨毛奈♥☜♥☞,溜了溜了[捂脸],[等级14],[粉丝团 Lv12]
2026-05-13 23:26:37,102703277923,猪肉炖粉条,快点说，别人有挂。,,
2026-05-13 23:26:38,92934104347,兜,奎子,[等级8],[粉丝团 Lv3]
2026-05-13 23:26:39,1113180618894655,北极之星,吃鸡难度大,[等级24],[粉丝团 Lv3]
2026-05-13 23:26:40,111634779544,꧁꫞꯭jian_ge꯭꫞꧂,[捂脸],[等级8],[粉丝团 Lv6]
2026-05-13 23:26:42,64410975275,包谷地里玩耍耍,是深情,[等级16],[粉丝团 Lv12]
2026-05-13 23:26:42,1658488059075932,莜小筱,怂了,[等级16],
2026-05-13 23:26:42,720873842833453,小林阿猪,还有高手[看],,
2026-05-13 23:26:43,20239435624,訫訫大王,留得青山在,[等级18],[粉丝团 Lv9]
2026-05-13 23:26:43,84717906594,雪影青春,老是想六别人，老六,[等级3],
2026-05-13 23:26:44,63762468186,香菜大王,哈哈哈[捂脸],[等级3],[粉丝团 Lv6]
2026-05-13 23:26:44,1024364650701038,=…自在🍒随心,有装备在干。,[等级22],[粉丝团 Lv6]
2026-05-13 23:26:45,7541605761006470204,糯儿,中国有句古话,,
2026-05-13 23:26:47,101223602526,爱，不解释,我相信你,[等级17],
2026-05-13 23:26:47,103080271781,金刚狼,明显是透视,[等级13],[粉丝团 Lv11]
2026-05-13 23:26:47,97476484195,小星星⭐️,应该窥屏了。,[等级16],
2026-05-13 23:26:47,68422483360,深情不及久伴,@戒心 看看你牛逼的战绩,[等级25],[粉丝团 Lv11]
2026-05-13 23:26:47,102703277923,猪肉炖粉条,不说别人有挂透视。不是你的性格。,,
2026-05-13 23:26:49,4270135949132812,一梦几春秋,肯定有挂,[等级8],
2026-05-13 23:26:49,100515465222,✨甜憨憨吖🌈,挂五档,[等级8],[粉丝团 Lv3]
2026-05-13 23:26:49,100910484972,ㅤ ㅤㅤㅤ ㅤ,这弹幕打的厉害就问题[捂脸],[等级19],[粉丝团 Lv12]
2026-05-13 23:26:49,7612951911537198138,一条锦鲤游啊游～,吓哭了,[等级6],[粉丝团 Lv1]
2026-05-13 23:26:50,3996063592881981,@@🚬yangꦿ᭄ཽ࿆࿆:,遇到对手了,[等级15],[粉丝团 Lv10]
2026-05-13 23:26:51,52837533057,避风的港湾,刚刚被你打死，都不想玩这游戏了 被人追着满图跑[捂脸],[等级11],[粉丝团 Lv6]
2026-05-13 23:26:51,7541605761006470204,糯儿,叫识时务者为俊杰,,
2026-05-13 23:26:53,97420738981,华夏武道院院长,常年打鹰,[等级16],[粉丝团 Lv2]
2026-05-13 23:26:54,386652325291725,zheng,让妹子举报。,[等级10],
2026-05-13 23:26:55,1068336598753171,头头🍊,叫陈穷穷,[等级9],[粉丝团 Lv2]
2026-05-13 23:26:55,105190172529,信——封,中国有句古话:识时务者为俊杰[捂脸],[等级34],[粉丝团 Lv11]
2026-05-13 23:26:56,52613052666,秋雨寒,@37度° 从河里出来没露头看到正常吗,[等级34],
2026-05-13 23:26:56,2975759415384132,杨守愚,这时候，喊一句张老黑，直接无敌,[等级3],[粉丝团 Lv2]
2026-05-13 23:26:56,1654127958963963,狂踹瘸子那条好腿  ŏ̥ㅁŏ̥,中国有句古话  叫识时务者为俊杰,[等级40],[粉丝团 Lv7]
2026-05-13 23:26:57,68179112233,克里斯～RONALDO,这两队友不大行，就先走吧,[等级19],
2026-05-13 23:26:57,641724594523755,ღº花嘻嘻࿐,改程序了[捂脸],[等级17],[粉丝团 Lv2]
2026-05-13 23:26:59,58045456499,七寸风,开延时的，窥屏也没那么快啊,[等级14],
2026-05-13 23:26:59,99519056697,一二三k,高手,[等级7],[粉丝团 Lv8]
2026-05-13 23:26:59,4270135949132812,一梦几春秋,一枪打中,[等级8],
2026-05-13 23:26:59,92515796822,人生没有回头路,遇强就跑[捂脸],[等级19],
2026-05-13 23:27:00,237962435498220,⁸⁰登堡山⁰⁸,战略性撤退,[等级38],[粉丝团 Lv16]
2026-05-13 23:27:00,4295115881845472,乘风破浪🏄‍♂️,没装备不好打,[等级18],
2026-05-13 23:27:00,83842821625,M̶r̶-̶北̶筏̶,要么窥频要么有挂,[等级26],[粉丝团 Lv9]
2026-05-13 23:27:02,71126905166,抖音小肋手,直播间上方👆展馆滑动[爱心]有主播充能[感谢][感谢]大家看直播能免费[爱心]给主播君雅充能[爱心],[等级10],[粉丝团 Lv10]
2026-05-13 23:27:03,109886789309,✨️larkspur_tang⁵¹⁰⁷⁴,有脏东西。。,[等级31],[粉丝团 Lv16]
2026-05-13 23:27:03,2651626167339111,@👀杰,走吧,[等级32],[粉丝团 Lv9]
2026-05-13 23:27:05,852832636112283,𓆡,中国有句古话：识时务者为俊杰～,[等级10],[粉丝团 Lv10]
2026-05-13 23:27:07,99797538124,啊,要么大手子，要么挂，反正都打不过，先跑再说,[等级4],[粉丝团 Lv6]
2026-05-13 23:27:07,82862075244,睡醒了☺️☺️,我有科技 我怕你绕,[等级36],[粉丝团 Lv4]
2026-05-13 23:27:08,2096097515281111,雅,笑死了,,
2026-05-13 23:27:08,111438436586,真就九漏鱼²⁰²⁶,死腿快跑,[等级14],[粉丝团 Lv11]
2026-05-13 23:27:09,71126905166,抖音小肋手,点粉丝团→一键送11个为你闪耀（陪伴之旅），完成后可多领很多很多亲密度→记得把星星都点开有亲密❤️❤,[等级10],[粉丝团 Lv10]
2026-05-13 23:27:09,76204078655,皓雲,第一次见敢出来啦[捂脸],[等级35],[粉丝团 Lv4]
2026-05-13 23:27:10,2541707176186030,一路相随,都看到干拉啦就不往前面走啦,[等级15],[粉丝团 Lv10]
2026-05-13 23:27:10,2007084944330340,陈不住气的玩意,@初馨 有延迟,,
2026-05-13 23:27:11,2254452586189767,杨毛奈♥☜♥☞,人家有空投枪,[等级14],[粉丝团 Lv12]
2026-05-13 23:27:11,94511118465,及时止损,遇到同行了，赶紧走,[等级2],
2026-05-13 23:27:12,638137753147991,醒目呀,哈哈哈,[等级2],
2026-05-13 23:27:12,1864395150858125,神马先生,打得那么怂？还以为是在打比赛呢,[等级8],
2026-05-13 23:27:12,72306900897,梁锋,两句话，黑子来了一堆,[等级24],[粉丝团 Lv15]
2026-05-13 23:27:14,78519164857,是你没选我啊！,走吧，来日方长，决赛圈再收拾他们,[等级22],[粉丝团 Lv12]
2026-05-13 23:27:16,101223602526,爱，不解释,你的炮呆够了吧,[等级17],
2026-05-13 23:27:16,1094755543681016,酒虽伤胃，能让我忘记疲惫,遇到高手了,[等级11],[粉丝团 Lv1]
2026-05-13 23:27:17,782461558602846,孬,@及时止损 那不一定，我匹的他们是匡匡直往那里面跳，我还以为他们枪多硬，就直接往里面扎[看][捂脸],[等级13],[粉丝团 Lv11]
2026-05-13 23:27:17,3830301180561515,望穿秋水,哈哈哈哈,[等级22],
2026-05-13 23:27:17,7612951911537198138,一条锦鲤游啊游～,装备也不好，对上就倒了,[等级6],[粉丝团 Lv1]
2026-05-13 23:27:23,55159220102,BWRZ（记录美好）,@猪肉炖粉条 真爱带节奏,[等级36],[粉丝团 Lv16]
2026-05-13 23:27:24,1179097012114632,半只🦊,对面是深情快跑,[等级11],
2026-05-13 23:27:24,58613257088,0.2°,延迟还窥,[等级16],[粉丝团 Lv4]
2026-05-13 23:27:28,3913913666903720,太阳☀,先不管有没有问题，先打容易的，不要头铁,[等级41],[粉丝团 Lv13]
2026-05-13 23:27:30,2096097515281111,雅,开局吹得有多牛，对局就得多穷,,
2026-05-13 23:27:31,100105179954,枫🍁叶,钥匙，,[等级33],[粉丝团 Lv8]
2026-05-13 23:27:32,603006804442072,无双✨,打集装箱注意高架正常吧,[等级16],
2026-05-13 23:27:33,101223602526,爱，不解释,你抓她，你就死了,[等级17],
2026-05-13 23:27:34,70492044030,紫痕9099,这把有高手 有个叫 梦遗憾的 一直在刷屏[捂脸][捂脸],[等级15],[粉丝团 Lv13]
2026-05-13 23:27:45,1864395150858125,神马先生,打战神杯吗,[等级8],
2026-05-13 23:27:46,4310549579694780,@你,这把有点穷啊，说出去[捂脸][捂脸][捂脸],[等级15],[粉丝团 Lv10]
2026-05-13 23:27:46,111007266356,🔱守望w,[捂脸][捂脸][捂脸],[等级29],[粉丝团 Lv15]
2026-05-13 23:27:46,101376906320,小王,巅峰赛的都来上分了,[等级14],[粉丝团 Lv11]
2026-05-13 23:27:48,71885983112,MNYX,这游戏就是挂多，而且经常卡，我就是因为这退游的[捂脸][捂脸][捂脸],[等级5],
2026-05-13 23:27:49,4233546532927219,🉑🈶🉑🈚,[捂脸][尬笑][捂脸][尬笑],[等级20],[粉丝团 Lv10]
2026-05-13 23:27:49,54403167120,强强,打信号枪啊,[等级35],[粉丝团 Lv10]
2026-05-13 23:27:49,88757268529,张小狮,感觉是有问题,[等级11],[粉丝团 Lv11]
2026-05-13 23:27:49,65263583138,四川靓号之家,[捂脸][捂脸],[等级32],[粉丝团 Lv16]
2026-05-13 23:27:51,1081509445107789,相关部门,吃什么？,[等级12],[粉丝团 Lv5]
2026-05-13 23:27:51,101487550960,𝑪𝒓𝒖𝒔𝒉.,[捂脸][捂脸][捂脸],[等级25],
2026-05-13 23:27:51,63542412539,LDY.,马没皮肤,[等级4],
2026-05-13 23:27:52,2933096588522344,us,吃什么？,[等级20],
2026-05-13 23:27:52,86948263977,暴走的蜗牛,吃什么,[等级9],
2026-05-13 23:27:52,1864395150858125,神马先生,还是巅峰赛,[等级8],
2026-05-13 23:27:53,100515465222,✨甜憨憨吖🌈,对面是深情，快跑,[等级8],[粉丝团 Lv3]
2026-05-13 23:27:55,97600677185,晓乔治ovo,太穷了,[等级38],[粉丝团 Lv12]
2026-05-13 23:27:56,73486945027,樵夫,带俩妹子 这把不太好打啊[呲牙][呲牙][呲牙],[等级15],[粉丝团 Lv2]
2026-05-13 23:27:56,111383523563,风清扬,哈哈哈[捂脸],[等级20],[粉丝团 Lv12]
2026-05-13 23:27:56,74762479485,凣,能吃什么,[等级38],[粉丝团 Lv3]
2026-05-13 23:27:57,68179112233,克里斯～RONALDO,不好打就走，别逞强,[等级19],
2026-05-13 23:27:58,87632712304,$$.Addition¥,妹妹想上分,,
2026-05-13 23:27:59,52613052666,秋雨寒,@🌈杨杨得忆❤️ 打字的才怂,[等级34],
2026-05-13 23:28:00,102703277923,猪肉炖粉条,我让你吃[捂脸],,
2026-05-13 23:28:01,2096097515281111,雅,哈哈,,
2026-05-13 23:28:01,945207153268631,尹清棠·砚初,这队不是透 就是老黑的黑粉而且还是很了解老黑的黑粉,[等级27],[粉丝团 Lv6]
2026-05-13 23:28:01,2007084944330340,陈不住气的玩意,@M̶r̶-̶北̶筏̶ 包有问题,,
2026-05-13 23:28:02,101223602526,爱，不解释,高手一般不说,[等级17],
2026-05-13 23:28:02,2421567983718772,🌻谷德衣无领,[捂脸][捂脸][捂脸],[等级28],[粉丝团 Lv10]
2026-05-13 23:28:03,4503669836332557,栩多渝🌽⚡️🌙,[捂脸],[等级11],[粉丝团 Lv10]
2026-05-13 23:28:03,95605821824,难哄,哈哈哈哈哈哈哈好多好多分,[等级29],[粉丝团 Lv12]
2026-05-13 23:28:03,61748084992,川沙贝贝贝贝贝贝,哈哈哈哈哈哈,[等级19],[粉丝团 Lv10]
2026-05-13 23:28:04,64906438463,八千里路,尤其是你[看],[等级23],[粉丝团 Lv4]
2026-05-13 23:28:04,71978058239,ぃ__李 尐 洁,慧眼识珠[捂脸],[等级3],
2026-05-13 23:28:05,1169473006483207,骑着羊追狼,[捂脸][捂脸][捂脸][捂脸],[等级25],[粉丝团 Lv8]
2026-05-13 23:28:05,509818415880967,中意李,来日方长，找点物质[一起加油],[等级7],[粉丝团 Lv4]
2026-05-13 23:28:05,101875225014,🐮,[捂脸],[等级15],[粉丝团 Lv6]
2026-05-13 23:28:07,69705935782,生活也是一种修行°C ⁸⁰⁰⁸,@包谷地里玩耍耍 深情只能玩儿深情，游戏打不明白,[等级18],[粉丝团 Lv9]
2026-05-13 23:28:07,74762479485,凣,妹妹要吃啥,[等级38],[粉丝团 Lv3]
2026-05-13 23:28:09,86562890288,ㅤ　 ㅤ顺利朱,[捂脸][捂脸][捂脸][捂脸],[等级20],[粉丝团 Lv11]
2026-05-13 23:28:09,3406705907740807,何爱华（承蒙厚爱）,哈哈哈,[等级22],[粉丝团 Lv12]
2026-05-13 23:28:11,93014642999,🌈南山楠,哈哈哈,[等级11],[粉丝团 Lv10]
2026-05-13 23:28:11,68422483360,深情不及久伴,队友[捂脸][捂脸],[等级25],[粉丝团 Lv11]
2026-05-13 23:28:12,3116462989647070,南先生,vss,[等级14],[粉丝团 Lv1]
2026-05-13 23:28:12,111383523563,风清扬,真可爱[捂脸],[等级20],[粉丝团 Lv12]
2026-05-13 23:28:12,792085663843347,༺好运ོ加满🌸⃟֯֯֯࿐,放无人机,[等级9],[粉丝团 Lv5]
2026-05-13 23:28:13,4862013350589,厉扑,没事的，高手,[等级21],[粉丝团 Lv11]
2026-05-13 23:28:14,78780549307,偌靉(安全员)99,叫小妹妹说鸡不到带吧,[等级21],[粉丝团 Lv10]
2026-05-13 23:28:14,92403004279,00K很ok！,这两个妹妹真的好好玩[捂脸],[等级14],[粉丝团 Lv10]
2026-05-13 23:28:14,52495544292,玩了个寂寞,尤其是你,[等级16],[粉丝团 Lv5]
2026-05-13 23:28:15,4270135949132812,一梦几春秋,高手vs,[等级8],
2026-05-13 23:28:15,88610989490,🌈杨杨得忆❤️,[捂脸][捂脸][捂脸][捂脸],[等级24],[粉丝团 Lv7]
2026-05-13 23:28:15,109756665406,ᑮéиg宝🧸ོ,装备不行，打不了[捂脸],[等级29],[粉丝团 Lv12]
2026-05-13 23:28:15,2975759415384132,杨守愚,捧杀你,[等级3],[粉丝团 Lv2]
2026-05-13 23:28:15,72179010645,✨三十六,[捂脸]骗无人机,[等级25],[粉丝团 Lv10]
2026-05-13 23:28:16,288492834788025,老船长,压力给到你,[等级9],[粉丝团 Lv3]
2026-05-13 23:28:18,2933109942650078,白撕不得骑姐,老六枪[捂脸][捂脸][捂脸],[等级21],[粉丝团 Lv8]
2026-05-13 23:28:18,3913913666903720,太阳☀,[捂脸][捂脸][捂脸],[等级41],[粉丝团 Lv13]
2026-05-13 23:28:19,99512064477,大嘭🌈,高手一般都玩vss,[等级24],[粉丝团 Lv13]
2026-05-13 23:28:20,1313284358672692,广联达建模（王）,放无人机啊[捂脸][发怒][捂脸][发怒][捂脸][发怒],[等级16],[粉丝团 Lv6]
2026-05-13 23:28:20,2010357028357117,大家都有年轻时,我很奇怪 为什么这主播不去打巅峰赛,,
2026-05-13 23:28:20,7421511333608571963,🐉,无人机。,[等级13],
2026-05-13 23:28:20,386652325291725,zheng,召唤无人机,[等级10],
2026-05-13 23:28:22,4270135949132812,一梦几春秋,放小飞机,[等级8],
2026-05-13 23:28:22,2586467387587887,乙骨忧太,z老黑开了超广角吗,[等级9],
2026-05-13 23:28:22,104288203205,经典80,局哥被嫌弃了,[等级15],[粉丝团 Lv7]
2026-05-13 23:28:22,100085587846,᭄ℳ๓ 俗人°ꦿ⁵,开无人机玩玩,[等级14],[粉丝团 Lv9]
2026-05-13 23:28:23,95558583638,爸辣辣能量ᝰ,还不交出无人机,[等级4],
2026-05-13 23:28:25,289867803671152,英子,高手不用枪,[等级15],[粉丝团 Lv13]
2026-05-13 23:28:28,1094755543681016,酒虽伤胃，能让我忘记疲惫,高手的屁,[等级11],[粉丝团 Lv1]
2026-05-13 23:28:28,1794029961617984,酃,只有高[看],[等级17],[粉丝团 Lv12]
2026-05-13 23:28:31,2234682707544967,子一,@深情（张君雅助理） 你就是不敢说她怂,[等级29],[粉丝团:张君雅 Lv15]
2026-05-13 23:28:36,101594335867,ᯅ对方已拒绝,说鸡不说八文明你我他[捂脸],[等级26],[粉丝团 Lv3]
2026-05-13 23:28:37,103442798670,夜...dz,装备来了,[等级14],[粉丝团 Lv11]
2026-05-13 23:28:40,71126905166,抖音小肋手,糕手,[等级10],[粉丝团 Lv10]
2026-05-13 23:28:40,100910484972,ㅤ ㅤㅤㅤ ㅤ,朋友们多打打游戏吧！不是每个人都没意识的好吧,[等级19],[粉丝团 Lv12]
2026-05-13 23:28:40,94477829703,福仔,叫她放飞机,[等级3],
2026-05-13 23:28:40,2933096290989006,暗河æ小白条,自己开开无人机,[等级19],[粉丝团 Lv12]
2026-05-13 23:28:44,68179112233,克里斯～RONALDO,妹子把主播捧上天了，不吃鸡不行呀,[等级19],
2026-05-13 23:28:46,81486742593,嗯嗯嗯嗯嗯呢,深情什么不敢,[等级28],[粉丝团 Lv11]
2026-05-13 23:28:47,94476909937,ღ᭄茜🫧,来活了,[等级22],[粉丝团 Lv11]
2026-05-13 23:28:49,64410975275,包谷地里玩耍耍,打墙[捂脸][捂脸],[等级16],[粉丝团 Lv12]
2026-05-13 23:28:49,101223602526,爱，不解释,哈哈,[等级17],
2026-05-13 23:28:55,3116462989647070,南先生,无人机可以用啊,[等级14],[粉丝团 Lv1]
2026-05-13 23:28:56,4233546532927219,🉑🈶🉑🈚,帅,[等级20],[粉丝团 Lv10]
2026-05-13 23:28:57,4270135949132812,一梦几春秋,房区有人吗,[等级8],
2026-05-13 23:29:03,95987110227,哎粉,好的队友，，，笑死所有人[捂脸][捂脸][捂脸],[等级17],[粉丝团 Lv11]
2026-05-13 23:29:06,99519056697,一二三k,送装备来了,[等级7],[粉丝团 Lv8]
2026-05-13 23:29:07,94511118465,及时止损,送装备的来了,[等级2],
2026-05-13 23:29:07,71429601391,最爱喝兽奶🥛,那个高手梦遗憾倒了,[等级17],[粉丝团 Lv6]
2026-05-13 23:29:15,103632555857,游戏不开麦,[666],[等级21],[粉丝团 Lv15]
2026-05-13 23:29:17,3729131154457799,浅情,刚刚要是枪口没撞墙估计能扫三个[看],[等级15],[粉丝团 Lv10]
2026-05-13 23:29:22,101113424883,加菲猫,咋了，君雅今晚要加班吗？,[等级17],
2026-05-13 23:29:24,1644525708386619,八九野马,巅峰赛完了都回来打正常,[等级21],
2026-05-13 23:29:25,111007266356,🔱守望w,鸭儿,[等级29],[粉丝团 Lv15]
2026-05-13 23:29:25,2069731754390944,yx,@ㅤ ㅤㅤㅤ ㅤ 点开主页老大叔一个装啥高手啊[捂脸],[等级15],[粉丝团 Lv12]
2026-05-13 23:29:29,4233546532927219,🉑🈶🉑🈚,好,[等级20],[粉丝团 Lv10]
2026-05-13 23:29:34,93465004543,L,上把你队友吧？,[等级3],[粉丝团 Lv2]
2026-05-13 23:29:42,73106185482,简单点！,[666],[等级7],[粉丝团 Lv1]
2026-05-13 23:29:43,71885983112,MNYX,打巅峰赛有热度吗，你看看哪些打巅峰赛的有几个热度特别高的,[等级5],
2026-05-13 23:29:44,105392418367,TB12,[666][666][666],[等级24],[粉丝团 Lv15]
2026-05-13 23:29:46,237962435498220,⁸⁰登堡山⁰⁸,[666][666][666],[等级38],[粉丝团 Lv16]
2026-05-13 23:29:48,2330588968395416,贝塔β,[666][666][666],[等级25],[粉丝团 Lv14]
2026-05-13 23:29:50,110804669846,℡空白,这下肥了,[等级15],[粉丝团 Lv10]
2026-05-13 23:29:58,782461558602846,孬,这么猛的吗？,[等级13],[粉丝团 Lv11]
2026-05-13 23:29:59,71126905166,抖音小肋手,666,[等级10],[粉丝团 Lv10]
2026-05-13 23:30:00,97851015419,二疤哥哥,君雅牛逼[看],[等级9],[粉丝团 Lv2]
2026-05-13 23:30:02,7613288579082503217,陈刚刚,好看爱看,[等级1],
2026-05-13 23:30:05,59252253998,城南花已败。,她不是妖怪，她是芽儿,[等级25],
2026-05-13 23:30:05,84770623724,阿文,芽儿,[等级15],[粉丝团 Lv9]
2026-05-13 23:30:08,99372859314,启  夏,@乙骨忧太 没有,[等级25],[粉丝团 Lv15]
2026-05-13 23:30:09,101223602526,爱，不解释,你怎么打出这种情况的？,[等级17],
2026-05-13 23:30:10,2831963117862039,悲伤的火鸡面,ACE,[等级13],[粉丝团 Lv10]
2026-05-13 23:30:16,101875225014,🐮,非得追的打，这下好了吧,[等级15],[粉丝团 Lv6]
2026-05-13 23:30:23,3913913666903720,太阳☀,这一队有点小实力，很快拉枪线,[等级41],[粉丝团 Lv13]
2026-05-13 23:30:24,99787330691,什么,不是那队,[等级10],[粉丝团 Lv3]
2026-05-13 23:30:25,4393279042358779,呆瓜,鸭儿终究是低下了头[捂脸],[等级26],
2026-05-13 23:30:26,63789120404,小凯@同学,[捂脸][捂脸][捂脸],[等级18],[粉丝团 Lv10]
2026-05-13 23:30:27,95507451318,溪鱼,好穷好穷,[等级17],[粉丝团 Lv10]
2026-05-13 23:30:29,1143969895682524,李恒恒,陆霜干翻她！,[等级13],
2026-05-13 23:30:29,60293028229,中国队长,见过猫局昨晚被毒圈毒死的举个手,[等级7],[粉丝团 Lv2]
2026-05-13 23:30:33,76133959662,@等风起,让队友放无人机,[等级14],[粉丝团 Lv8]
2026-05-13 23:30:34,76445642992,晴·芷,这把很快,[等级4],
2026-05-13 23:30:35,55931566812,豆浆油条、,开飞机,[等级14],
2026-05-13 23:30:36,77416951506,ら孤痞,@大家都有年轻时 我也很奇怪你为什么不刷点,[等级36],[粉丝团 Lv17]
2026-05-13 23:30:36,99519056697,一二三k,上上把肥这把穷,[等级7],[粉丝团 Lv8]
2026-05-13 23:30:41,101223602526,爱，不解释,最后你的老板输,[等级17],
2026-05-13 23:30:42,4125830879644147,兔子🌈,善战者不择枪,,
2026-05-13 23:30:43,3834726358986456,壹,还说人家穷[捂脸][捂脸],[等级15],[粉丝团 Lv13]
2026-05-13 23:30:44,4146955994276195,我的个乖乖,咋个这么穷啊,[等级20],[粉丝团 Lv8]
2026-05-13 23:30:45,4396319612869840,是洛尘吖,ARX,[等级28],[粉丝团 Lv8]
2026-05-13 23:30:48,111007266356,🔱守望w,抢超空去,[等级29],[粉丝团 Lv15]
2026-05-13 23:30:48,1143969895682524,李恒恒,陆霜干翻她！,[等级13],
2026-05-13 23:30:50,97851015419,二疤哥哥,把鸭儿砍成节节炒,[等级9],[粉丝团 Lv2]
2026-05-13 23:30:51,91776987650,抱紧琴琴.,srx,[等级11],[粉丝团 Lv9]
2026-05-13 23:30:56,2511762924253400,吾心安处打个盹儿,有人机包,,
2026-05-13 23:30:58,100056462711,是玲玲吖丶ᥫᩣ,人机包,[等级29],[粉丝团 Lv8]
2026-05-13 23:31:00,2586467387587887,乙骨忧太,@启  夏 有吧我13寸的平板视野都看不到小腿,[等级9],
2026-05-13 23:31:06,2421567983718772,🌻谷德衣无领,搂他,[等级28],[粉丝团 Lv10]
2026-05-13 23:31:06,4396319612869840,是洛尘吖,ARX,[等级28],[粉丝团 Lv8]
2026-05-13 23:31:07,1692865642894419,余生多保重,干他们,[等级4],[粉丝团 Lv2]
2026-05-13 23:31:08,101896965563,不喜豆瓣,几个月没有来了,[等级25],[粉丝团 Lv11]
2026-05-13 23:31:09,109577607066573,家门口的味道@,富了,[等级13],[粉丝团 Lv10]
2026-05-13 23:31:10,4270135949132812,一梦几春秋,人机包就不要了,[等级8],
2026-05-13 23:31:11,4393279042358779,呆瓜,要耻辱下播了[捂脸][捂脸],[等级26],
2026-05-13 23:31:12,1974340614892663,歌声飘过三十年,[666][666][666],,
2026-05-13 23:31:17,69596825486,江湖人,这下肥了,[等级33],[粉丝团 Lv11]
2026-05-13 23:31:17,4295115881845472,乘风破浪🏄‍♂️,这局都没吃到空投,[等级18],
2026-05-13 23:31:21,2010357028357117,大家都有年轻时,@ら孤痞 看没多久张口就要钱 你不觉得可笑吗,,
2026-05-13 23:31:22,7409694092488164412,一生一世亿双人,赌一赌 摩托边路虎,[等级33],[粉丝团 Lv9]
2026-05-13 23:31:23,98268072700,小哥,你们打的还有空投呢,[等级21],[粉丝团 Lv8]
2026-05-13 23:31:23,3254171587069726,等晴天,人掉得好快啊,[等级8],
2026-05-13 23:31:24,96800023676,只要啤酒,又去打劫,[等级31],[粉丝团 Lv4]
2026-05-13 23:31:25,99372859314,启  夏,@乙骨忧太 没有开[捂脸],[等级25],[粉丝团 Lv15]
2026-05-13 23:31:27,101223602526,爱，不解释,不是包。个人水平,[等级17],
2026-05-13 23:31:29,100250134080,凯,没有爆炸弓,[等级19],[粉丝团 Lv15]
2026-05-13 23:31:48,110804669846,℡空白,跑,[等级15],[粉丝团 Lv10]
2026-05-13 23:31:49,1627697591880078,用户1557569082216,快跑,[等级9],[粉丝团 Lv5]
2026-05-13 23:31:50,76133959662,@等风起,爆炸弓都没有吗这一把,[等级14],[粉丝团 Lv8]
2026-05-13 23:31:54,55159220102,BWRZ（记录美好）,[发呆][干饭人],[等级36],[粉丝团 Lv16]
2026-05-13 23:31:56,68422483360,深情不及久伴,两对不打架奇怪,[等级25],[粉丝团 Lv11]
2026-05-13 23:31:56,2007084944330340,陈不住气的玩意,完了,,
2026-05-13 23:31:58,70893506240,释槐鸟𓂂𓈒𓏸,港里的,[等级27],[粉丝团 Lv13]
2026-05-13 23:31:58,4390789759635656,广子,小声点,,
2026-05-13 23:31:59,747296405062108,ㅤㅤ金嗓子喉片,就是这队,[等级10],
2026-05-13 23:32:00,7426602994870043708,¯͒,[捂脸][捂脸],[等级9],
2026-05-13 23:32:00,2330588968395416,贝塔β,能救吗,[等级25],[粉丝团 Lv14]
2026-05-13 23:32:00,97851015419,二疤哥哥,哦豁,[等级9],[粉丝团 Lv2]
2026-05-13 23:32:00,4233546532927219,🉑🈶🉑🈚,[捂脸][尬笑][捂脸][尬笑],[等级20],[粉丝团 Lv10]
2026-05-13 23:32:00,78016969370,未知。。。,完了[捂脸][捂脸][捂脸],[等级15],[粉丝团 Lv8]
2026-05-13 23:32:01,75737713936,ﾍ😌ﾍ工商财务,集装箱那个,[等级15],[粉丝团 Lv12]
2026-05-13 23:32:02,1143969895682524,李恒恒,陆霜在哪里,[等级13],
2026-05-13 23:32:02,95558583638,爸辣辣能量ᝰ,集装箱那个,[等级4],
2026-05-13 23:32:04,1271448307776912,用户6569572049043,[呲牙][呲牙][呲牙],,
2026-05-13 23:32:04,3223409584783095,年轻人的偶像🤩,g港的,[等级5],
2026-05-13 23:32:06,4233546532927219,🉑🈶🉑🈚,哥,[等级20],[粉丝团 Lv10]
2026-05-13 23:32:08,3913913666903720,太阳☀,下面是个整编队,[等级41],[粉丝团 Lv13]
2026-05-13 23:32:08,69596041735,心，无处安放,死了好,[等级13],
2026-05-13 23:32:08,77416951506,ら孤痞,@大家都有年轻时 那她为什么要打，真可笑,[等级36],[粉丝团 Lv17]
2026-05-13 23:32:09,386652325291725,zheng,完了,[等级10],
2026-05-13 23:32:10,1143969895682524,李恒恒,陆霜在哪里呀,[等级13],
2026-05-13 23:32:11,4233546532927219,🉑🈶🉑🈚,救命啊,[等级20],[粉丝团 Lv10]
2026-05-13 23:32:12,2069731754390944,yx,集装箱那队,[等级15],[粉丝团 Lv12]
2026-05-13 23:32:12,93196727601,且行且悟,哈哈哈,[等级27],[粉丝团 Lv13]
2026-05-13 23:32:12,6714305321,🌈你会发光,g港那队,[等级12],[粉丝团 Lv6]
2026-05-13 23:32:13,1644525708386619,八九野马,打巅峰赛的都回来了,[等级21],
2026-05-13 23:32:15,101487550960,𝑪𝒓𝒖𝒔𝒉.,[捂脸],[等级25],
2026-05-13 23:32:15,71074166083,乔巴,哈哈哈,[等级34],[粉丝团 Lv11]
2026-05-13 23:32:15,3047482674388180,菜场在逃肥鸡,我的发,[等级13],[粉丝团 Lv7]
2026-05-13 23:32:17,95507451318,溪鱼,[捂脸][捂脸][捂脸],[等级17],[粉丝团 Lv10]
2026-05-13 23:32:17,68033173728,Johnny✨⁵¹⁰⁷⁴,[呲牙][尬笑][呲牙][尬笑],[等级31],[粉丝团 Lv16]
2026-05-13 23:32:17,105392418367,TB12,[捂脸][捂脸][捂脸][捂脸],[等级24],[粉丝团 Lv15]
2026-05-13 23:32:17,3254171587069726,等晴天,完了,[等级8],
2026-05-13 23:32:17,100056462711,是玲玲吖丶ᥫᩣ,[捂脸][捂脸][捂脸][捂脸][捂脸][捂脸],[等级29],[粉丝团 Lv8]
2026-05-13 23:32:17,2330588968395416,贝塔β,完辣,[等级25],[粉丝团 Lv14]
2026-05-13 23:32:17,7503212025628263484,憨憨憨憨,团灭[捂脸],,
2026-05-13 23:32:17,100179063750,163广播站,[捂脸][捂脸][捂脸],[等级9],[粉丝团 Lv6]
2026-05-13 23:32:17,52495544292,玩了个寂寞,[捂脸][捂脸][捂脸],[等级16],[粉丝团 Lv5]
2026-05-13 23:32:18,99519056697,一二三k,这里不好救,[等级7],[粉丝团 Lv8]
2026-05-13 23:32:19,97851015419,二疤哥哥,没了,[等级9],[粉丝团 Lv2]
2026-05-13 23:32:19,1082392657011656,林北叫派大星,6,[等级18],[粉丝团 Lv2]
2026-05-13 23:32:19,62293083921,☞小涂☜,团灭,[等级21],[粉丝团 Lv8]
2026-05-13 23:32:19,3619206768628157,青春散场,反应太慢,,
2026-05-13 23:32:19,2010357028357117,大家都有年轻时,@ら孤痞 好看不说自然会给，张口就来讨不丢人吗,,
2026-05-13 23:32:20,60740765299,amo_Ursinho,要噶了,[等级19],[粉丝团 Lv13]
2026-05-13 23:32:20,76947654559,L..,哈哈,[等级17],[粉丝团 Lv11]
2026-05-13 23:32:20,3729158840007455,视觉盛燕,钓鱼呢,[等级16],[粉丝团 Lv3]
2026-05-13 23:32:20,3971083281373342,天空,舒服,[等级14],
2026-05-13 23:32:21,62977313690,LO,窥屏的,[等级25],[粉丝团 Lv8]
2026-05-13 23:32:22,103574064734,风止意难平,翻车,[等级11],[粉丝团 Lv10]
2026-05-13 23:32:23,1556525685934064,wang.,完了[捂脸],[等级7],
2026-05-13 23:32:23,105388351499,明天会更好,[捂脸][捂脸][捂脸][捂脸][捂脸],[等级11],[粉丝团 Lv11]
2026-05-13 23:32:24,88757268529,张小狮,[捂脸][捂脸][捂脸][捂脸],[等级11],[粉丝团 Lv11]
2026-05-13 23:32:24,747296405062108,ㅤㅤ金嗓子喉片,就是集装箱的,[等级10],
2026-05-13 23:32:24,294260830112156,XJ,g港那队,[等级8],[粉丝团 Lv10]
2026-05-13 23:32:24,782461558602846,孬,[微笑][微笑][微笑],[等级13],[粉丝团 Lv11]
2026-05-13 23:32:24,66560950649,渡己,就那队,[等级25],[粉丝团 Lv14]
2026-05-13 23:32:25,52495544292,玩了个寂寞,笑死了[捂脸][捂脸][捂脸],[等级16],[粉丝团 Lv5]
2026-05-13 23:32:25,4410845128828888,地狱小魔,掉大分了,[等级25],[粉丝团 Lv11]
2026-05-13 23:32:25,1794029961617984,酃,那一队,[等级17],[粉丝团 Lv12]
2026-05-13 23:32:25,1717898750993225,奋斗吧,漂亮,,
2026-05-13 23:32:25,3918304703952156,ദ്ദി壹૮阁 ฅ哒ɵ 卜๑鎏✌︎,[捂脸],[等级16],[粉丝团 Lv12]
2026-05-13 23:32:25,1046381754333631,遥远的距离,窥屏的,[等级26],[粉丝团 Lv11]
2026-05-13 23:32:25,2946315483621007,杪諒,猫局老是慢节拍 哎,[等级31],[粉丝团 Lv10]
2026-05-13 23:32:26,97600677185,晓乔治ovo,g港的那队[捂脸],[等级38],[粉丝团 Lv12]
2026-05-13 23:32:26,101637886643,拾柒岁的天空,炸了哈哈哈哈,[等级18],[粉丝团 Lv4]
2026-05-13 23:32:26,98240811678,zzzii,[比心][比心][比心],[等级37],[粉丝团 Lv5]
2026-05-13 23:32:27,100250134080,凯,就是这一队吧,[等级19],[粉丝团 Lv15]
2026-05-13 23:32:27,103140950091,薄底披萨,[捂脸][捂脸][捂脸],[等级4],
2026-05-13 23:32:27,4270135949132812,一梦几春秋,好惨啊,[等级8],
2026-05-13 23:32:27,59193413066,不抽鲢鳙的刚粉,[捂脸][捂脸][捂脸][捂脸][捂脸],[等级34],[粉丝团 Lv3]
2026-05-13 23:32:27,99336591699,度余生,[抠鼻][舔屏],[等级36],[粉丝团 Lv12]
2026-05-13 23:32:27,1132972291921529,明月,[捂脸][捂脸][捂脸],[等级15],[粉丝团 Lv7]
2026-05-13 23:32:28,2841574429179214,讲总,集装箱,[等级13],[粉丝团 Lv4]
2026-05-13 23:32:28,1271448307776912,用户6569572049043,哈哈哈哈哈哈[捂脸],,
2026-05-13 23:32:28,100515465222,✨甜憨憨吖🌈,舒服,[等级8],[粉丝团 Lv3]
2026-05-13 23:32:28,2419370855769710,随便逛逛,拿你打窝了哈哈哈[捂脸],[等级17],[粉丝团 Lv7]
2026-05-13 23:32:28,747296405062108,ㅤㅤ金嗓子喉片,窥频,[等级10],
2026-05-13 23:32:29,3913913666903720,太阳☀,[捂脸][捂脸][捂脸],[等级41],[粉丝团 Lv13]
2026-05-13 23:32:29,101223602526,爱，不解释,个人水平,[等级17],
2026-05-13 23:32:29,75293978048,洋洋得亿🎐,还能玩一把,[等级23],[粉丝团 Lv13]
2026-05-13 23:32:29,417427108929038,麦幽,哈哈哈哈哈哈哈啊哈哈哈哈,[等级3],[粉丝团 Lv6]
2026-05-13 23:32:29,59782841206,长 春,[捂脸][捂脸][捂脸][捂脸][捂脸][捂脸][捂脸],[等级32],
2026-05-13 23:32:29,3642049561895048,滴滴嗒,[呲牙],[等级32],[粉丝团 Lv11]
2026-05-13 23:32:29,3406705907740807,何爱华（承蒙厚爱）,啊,[等级22],[粉丝团 Lv12]
2026-05-13 23:32:30,2395184081945055,忙里偷闲⁵¹⁰⁷⁴,[捂脸][捂脸],[等级29],[粉丝团 Lv15]
2026-05-13 23:32:30,624168097809288,九思,[捂脸][捂脸][捂脸],[等级20],
2026-05-13 23:32:31,748094424099614,秀虎,[赞],[等级14],
2026-05-13 23:32:31,1917193733835112,菲菲不是公主,这么厉害,[等级15],[粉丝团 Lv1]
2026-05-13 23:32:31,101277257606,风的影子🧸,啊,[等级42],[粉丝团 Lv11]
2026-05-13 23:32:31,1767658348100152,随缘随心,葫芦娃救爷爷,[等级11],[粉丝团 Lv11]
2026-05-13 23:32:31,1037551416915495,脸怎么红红的,看一下淘汰,[等级15],[粉丝团 Lv5]
2026-05-13 23:32:31,223933154207331,YgTietnssgmexsn?,这就是集装箱的,[等级37],[粉丝团:张君雅 Lv16]
2026-05-13 23:32:32,105622673029,王先生,光绪灭队[捂脸][捂脸][捂脸],[等级12],[粉丝团 Lv12]
2026-05-13 23:32:32,111383523563,风清扬,[捂脸][捂脸][捂脸]完了！,[等级20],[粉丝团 Lv12]
2026-05-13 23:32:33,2676661614558888,ZANE🐳,破绽雅,[等级20],[粉丝团 Lv10]
2026-05-13 23:32:33,3488068786195644,一生有你,在来一局,[等级14],[粉丝团 Lv7]
2026-05-13 23:32:33,4286377251052731,爱意随风起,[捂脸][捂脸][捂脸],,
2026-05-13 23:32:34,74539369721,转眼已过半生,掉人也快,[等级16],[粉丝团 Lv4]
2026-05-13 23:32:34,62669236589,贾宝玉七擒孟获,爱博下播？,[等级15],
2026-05-13 23:32:34,386652325291725,zheng,全来抓你的。,[等级10],
2026-05-13 23:32:35,4393279042358779,呆瓜,我说耻辱了吧[捂脸][捂脸],[等级26],
2026-05-13 23:32:35,4312733019815760,雾里寻花,又翻车了,[等级13],[粉丝团 Lv11]
2026-05-13 23:32:35,4390789759635656,广子,单车变不变摩托？,,
2026-05-13 23:32:35,92403004279,00K很ok！,给妹子打阴影了,[等级14],[粉丝团 Lv10]
2026-05-13 23:32:36,96956631134,菄,高手来了,[等级37],
2026-05-13 23:32:36,92315339223,姐夫不喝药,菜打在公屏上,[等级13],[粉丝团 Lv11]
2026-05-13 23:32:36,97600677185,晓乔治ovo,g港那队[捂脸],[等级38],[粉丝团 Lv12]
2026-05-13 23:32:36,80584444985,柒渔,再来一局,[等级27],[粉丝团 Lv9]
2026-05-13 23:32:36,106181078286,花開願重逢,举报啊,[等级5],[粉丝团 Lv4]
2026-05-13 23:32:36,79876982398,王辉✌,完啦,[等级17],
2026-05-13 23:32:36,66416843960391,冷漠,窥屏的,[等级3],[粉丝团 Lv4]
2026-05-13 23:32:36,55617940901,磊哥,[捂脸][捂脸],[等级11],
2026-05-13 23:32:36,100910484972,ㅤ ㅤㅤㅤ ㅤ,高手[捂脸],[等级19],[粉丝团 Lv12]
2026-05-13 23:32:37,101595263010620,伊昂,[捂脸][捂脸][捂脸],[等级12],[粉丝团 Lv10]
2026-05-13 23:32:37,89964230015,qzuser,人家追空投来的,[等级8],[粉丝团 Lv9]
2026-05-13 23:32:38,63027055055,美女社社长,哈哈哈哈,[等级2],
2026-05-13 23:32:38,100352985988,夕阳夕阳,[捂脸][捂脸][捂脸],[等级24],[粉丝团 Lv1]
2026-05-13 23:32:38,97266147825,十一🍅,在陪妹妹搞局  补偿下,[等级27],[粉丝团 Lv3]
2026-05-13 23:32:38,1896019433626000,🥤可乐,人家围点打援,[等级22],[粉丝团 Lv12]
2026-05-13 23:32:38,3488068786195644,一生有你,在来一局,[等级14],[粉丝团 Lv7]
2026-05-13 23:32:38,2082923137217795,紫滦栀夏🍀,我天哪，这局看着就凶,[等级23],
2026-05-13 23:32:38,101971323625,Carlos Chan,没法了,[等级13],[粉丝团 Lv9]
2026-05-13 23:32:38,2254452586189767,杨毛奈♥☜♥☞,哦豁,[等级14],[粉丝团 Lv12]
2026-05-13 23:32:39,99512064477,大嘭🌈,完犊子啦[捂脸][捂脸],[等级24],[粉丝团 Lv13]
2026-05-13 23:32:39,81445624446,元,集装箱那对,[等级22],[粉丝团 Lv11]
2026-05-13 23:32:39,95507451318,溪鱼,G港的那个穷穷,[等级17],[粉丝团 Lv10]
2026-05-13 23:32:39,60619543190,feel,这是鸡岗的那队真猛啊,[等级15],[粉丝团 Lv5]
2026-05-13 23:32:40,1134334549960861,齐天大聖,窥子,[等级15],[粉丝团 Lv6]
2026-05-13 23:32:40,101487550960,𝑪𝒓𝒖𝒔𝒉.,陈穷穷[捂脸],[等级25],
2026-05-13 23:32:40,1794029961617984,酃,G港的,[等级17],[粉丝团 Lv12]
2026-05-13 23:32:40,237962435498220,⁸⁰登堡山⁰⁸,再来,[等级38],[粉丝团 Lv16]
2026-05-13 23:32:40,95980960546,顺手牵杨女士🐑,就是这一对,[等级6],[粉丝团 Lv8]
2026-05-13 23:32:40,94511118465,及时止损,举报他们,[等级2],
2026-05-13 23:32:41,2563711242608711,陈艺之他爸,完了,[等级29],
2026-05-13 23:32:41,74588972222,老狼乔治,有点太猛了,[等级15],[粉丝团 Lv10]
2026-05-13 23:32:42,97600677185,晓乔治ovo,[捂脸][捂脸][捂脸],[等级38],[粉丝团 Lv12]
2026-05-13 23:32:42,59193413066,不抽鲢鳙的刚粉,哈哈哈哈哈哈哈哈哈哈哈哈哈哈哈哈哈哈哈哈哈哈哈哈哈哈哈哈哈哈哈哈哈哈哈哈哈哈哈哈哈哈哈哈哈哈哈哈哈哈,[等级34],[粉丝团 Lv3]
2026-05-13 23:32:42,2031550493895928,🌈穷在闹市无人问，富在深山有远亲。🚩,盔子,[等级7],[粉丝团 Lv8]
2026-05-13 23:32:42,2096097515281111,雅,掉分,,
2026-05-13 23:32:42,84717906594,雪影青春,哈哈哈，想偷袭吗,[等级3],
2026-05-13 23:32:42,182997894576884,🧸ྀི,1伤害,[等级1],
2026-05-13 23:32:43,60887449857,🌸一朵小花,完犊子[捂脸][捂脸],[等级22],[粉丝团 Lv10]
2026-05-13 23:32:43,417427108929038,麦幽,哈哈吃啊吃柴拆,[等级3],[粉丝团 Lv6]
2026-05-13 23:32:43,99029196184,分不清大小王女士,这101出息了,[等级24],[粉丝团 Lv11]
2026-05-13 23:32:44,99372859314,启  夏,阿哈哈完啦[捂脸],[等级25],[粉丝团 Lv15]
2026-05-13 23:32:44,3913913666903720,太阳☀,[捂脸][捂脸][捂脸],[等级41],[粉丝团 Lv13]
2026-05-13 23:32:44,78631804235,小然🐾,哈哈哈嗝哈哈哈,[等级19],
2026-05-13 23:32:44,2238239079928174,身份暴露了,举报点一波,[等级16],[粉丝团 Lv12]
2026-05-13 23:32:44,69550548628,月朦胧,在打,[等级4],
2026-05-13 23:32:44,2528486479102643,银,看信号枪来的,[等级7],[粉丝团 Lv3]
2026-05-13 23:32:44,70960527747,落寞繁华,爱播呀[捂脸],[等级12],[粉丝团 Lv8]
2026-05-13 23:32:44,237962435498220,⁸⁰登堡山⁰⁸,重开,[等级38],[粉丝团 Lv16]
2026-05-13 23:32:44,1094755543681016,酒虽伤胃，能让我忘记疲惫,哈哈哈哈哈哈哈,[等级11],[粉丝团 Lv1]
2026-05-13 23:32:44,104288203205,经典80,窥屏的,[等级15],[粉丝团 Lv7]
2026-05-13 23:32:45,4151867330,月亮不睡我不睡,非要救？,[等级9],[粉丝团 Lv10]
2026-05-13 23:32:45,1798453581581214,楊꧔ꦿ᭄໊ོ༉°,炸单[捂脸],[等级11],
2026-05-13 23:32:45,2623858238828364,越过山河万里,遇到高手了,[等级11],
2026-05-13 23:32:45,98240811678,zzzii,再来一把,[等级37],[粉丝团 Lv5]
2026-05-13 23:32:45,838281757984747,小满,他们追着你跑啊,[等级19],[粉丝团 Lv11]
2026-05-13 23:32:45,1046381754333631,遥远的距离,打不过就是窥屏,[等级26],[粉丝团 Lv11]
2026-05-13 23:32:45,2824005799381037,空中③秒,抓你来了,[等级7],
2026-05-13 23:32:46,98932747508,前还可修,再打一局,[等级20],
2026-05-13 23:32:46,97577366866,戏子,拉妹妹,[等级32],[粉丝团 Lv5]
2026-05-13 23:32:46,4233546532927219,🉑🈶🉑🈚,窥屏仔,[等级20],[粉丝团 Lv10]
2026-05-13 23:32:46,2330588968395416,贝塔β,封烟八毛不包扶,[等级25],[粉丝团 Lv14]
2026-05-13 23:32:46,73785002505,👉9987👈🐾,被偷了[捂脸],[等级30],[粉丝团 Lv13]
2026-05-13 23:32:47,103140950091,薄底披萨,难搞了,[等级4],
2026-05-13 23:32:47,111383523563,风清扬,再来,[等级20],[粉丝团 Lv12]
2026-05-13 23:32:47,66416843960391,冷漠,在打一局,[等级3],[粉丝团 Lv4]
2026-05-13 23:32:47,88757268529,张小狮,不看看回放？,[等级11],[粉丝团 Lv11]
2026-05-13 23:32:47,93655749814,阿熏,再来一把吧,[等级9],[粉丝团 Lv6]
2026-05-13 23:32:47,62990400466,北海没有猫,猫局一点用都没有,[等级5],
2026-05-13 23:32:47,1288268772812812,༊ღ᭄᭄无心💕,在来一把,[等级20],[粉丝团 Lv3]
2026-05-13 23:32:48,101113424883,加菲猫,被吃，背刺[看][看][看][看],[等级17],
2026-05-13 23:32:48,4398499792427923,@哆啦A梦,高手手断了[捂脸][捂脸],[等级20],
2026-05-13 23:32:49,111199505480,Dc,快匹配吧,[等级2],
2026-05-13 23:32:49,102703277923,猪肉炖粉条,过瘾[捂脸][捂脸],,
2026-05-13 23:32:49,52495544292,玩了个寂寞,[捂脸][捂脸][捂脸],[等级16],[粉丝团 Lv5]
2026-05-13 23:32:49,18374452326,随「缘,继续,[等级17],[粉丝团 Lv10]
2026-05-13 23:32:49,64315258448,🌈大王,这把不算,[等级16],[粉丝团 Lv9]
2026-05-13 23:32:49,4213756464205448,✺◟(∗❛ัᴗ❛ั∗)◞✺秋风扫落叶,[捂脸],[等级9],
2026-05-13 23:32:49,101637886643,拾柒岁的天空,超空肯定要来看了,[等级18],[粉丝团 Lv4]
2026-05-13 23:32:49,3184646453991965,@你的陈先生,认输了吧[捂脸],[等级25],
2026-05-13 23:32:49,2013921850951495,幔牛🐮,窥屏来的,[等级2],[粉丝团 Lv2]
2026-05-13 23:32:50,3822367435142180,西兰乐,再打一把,[等级3],[粉丝团 Lv2]
2026-05-13 23:32:50,95027017618,随心～～,再来一把,[等级15],
2026-05-13 23:32:50,68422483360,深情不及久伴,@大家都有年轻时 你张嘴就来好意思?,[等级25],[粉丝团 Lv11]
2026-05-13 23:32:50,14452232730,海斯福,打,[等级15],
2026-05-13 23:32:50,3302574303231070,雪山之巅,再带妹子打一把，不吃鸡不准走,,
2026-05-13 23:32:50,67284514194,好运,蓝瘦香菇,[等级22],[粉丝团 Lv11]
2026-05-13 23:32:50,1231869125082669,旺仔小小舒,窥屏吧,[等级16],
2026-05-13 23:32:50,64071667546,三里清风！,不够厉害,[等级12],
2026-05-13 23:32:50,166717067108636,郁景严,再来次,[等级6],[粉丝团 Lv8]
2026-05-13 23:32:50,101223602526,爱，不解释,看你的回放,[等级17],
2026-05-13 23:32:51,78631804235,小然🐾,张老黑,[等级19],
2026-05-13 23:32:52,101875225014,🐮,再来一局,[等级15],[粉丝团 Lv6]
2026-05-13 23:32:52,7612951911537198138,一条锦鲤游啊游～,刚刚剩余19个人啊,[等级6],[粉丝团 Lv1]
2026-05-13 23:32:52,105622673029,王先生,光绪灭队[呲牙][呲牙][呲牙],[等级12],[粉丝团 Lv12]
2026-05-13 23:32:53,2515321340317015,青青花瓷,不是一个人，是去叫队友了[捂脸],[等级18],
2026-05-13 23:32:53,109876312721,吥悳,哈哈,[等级24],[粉丝团 Lv10]
2026-05-13 23:32:53,66216930548,差一点儿,不打不行,[等级17],[粉丝团 Lv10]
2026-05-13 23:32:53,101113424883,加菲猫,给我继续,[等级17],
2026-05-13 23:32:54,53617735581,珊珊.,一个头伤害1，咋打的，牛逼[捂脸],[等级19],[粉丝团 Lv3]
2026-05-13 23:32:54,96466955880,瓦伦甲.德比斯,打个毛线啊,[等级19],[粉丝团 Lv9]
2026-05-13 23:32:54,99372859314,启  夏,哈哈哈[捂脸],[等级25],[粉丝团 Lv15]
2026-05-13 23:32:54,4295115881845472,乘风破浪🏄‍♂️,再打一把,[等级18],
2026-05-13 23:32:54,80335766801,🐒ju,这个肯定偷屏了,[等级4],
2026-05-13 23:32:55,2816262866483979,拯救逃离世界🌍,再来一局,[等级15],
2026-05-13 23:32:56,109756665406,ᑮéиg宝🧸ོ,再来一把,[等级29],[粉丝团 Lv12]
2026-05-13 23:32:56,98932747508,前还可修,再打一局,[等级20],
2026-05-13 23:32:57,2933977725012750,孤寂,哥，哥,[等级26],[粉丝团 Lv10]
2026-05-13 23:32:58,111383523563,风清扬,再来,[等级20],[粉丝团 Lv12]
2026-05-13 23:32:58,2096097515281111,雅,带人吃鸡,,
2026-05-13 23:32:58,3619206768628157,青春散场,换一个队伍,,
2026-05-13 23:32:59,782461558602846,孬,这是被狙了？,[等级13],[粉丝团 Lv11]
2026-05-13 23:32:59,110927558985,听风,集装箱那队,[等级25],[粉丝团 Lv8]
2026-05-13 23:32:59,104260931928,冰红茶,哈哈哈，说了不能吹牛[捂脸][捂脸][捂脸],[等级16],[粉丝团 Lv11]
2026-05-13 23:33:00,2537315597563134,烽行天下,是算好了刚好再来一把[呲牙][呲牙][呲牙],[等级12],[粉丝团 Lv3]
2026-05-13 23:33:00,59020009735,🍓甜酒吖🍓,局哥已经很厉害了，恨不得自己挡子弹,[等级6],[粉丝团 Lv6]
2026-05-13 23:33:00,55931566812,豆浆油条、,玩,[等级14],
2026-05-13 23:33:01,54535866814,Y  _,两个妹子太菜了,[等级7],
2026-05-13 23:33:01,97219524136,正儿八经,窥屏的,[等级5],[粉丝团 Lv6]
2026-05-13 23:33:01,100692868329,圆嘟嘟,窥屏仔,[等级12],[粉丝团 Lv11]
2026-05-13 23:33:02,1917193733835112,菲菲不是公主,再打啊,[等级15],[粉丝团 Lv1]
2026-05-13 23:33:02,2773443029513129,亦然,走吧走吧,[等级1],[粉丝团 Lv1]
2026-05-13 23:33:02,237962435498220,⁸⁰登堡山⁰⁸,重来，继续,[等级38],[粉丝团 Lv16]
2026-05-13 23:33:02,88189479440,三宝哥🐟🐟🐟,带他们在干一局,[等级23],[粉丝团 Lv5]
2026-05-13 23:33:02,58754359145,咖啡🐾,[捂脸][捂脸][捂脸][捂脸][捂脸][捂脸][捂脸][捂脸][捂脸][捂脸][捂脸],[等级2],[粉丝团 Lv2]
2026-05-13 23:33:02,80335766801,🐒ju,直接过来抓你们,[等级4],
2026-05-13 23:33:03,88757268529,张小狮,感觉那队是不是有问题,[等级11],[粉丝团 Lv11]
2026-05-13 23:33:03,71885983112,MNYX,不举报吗,[等级5],
2026-05-13 23:33:03,85459033206,Hmm,小姐姐不说话了,[等级20],[粉丝团 Lv11]
2026-05-13 23:33:03,2933977725012750,孤寂,哥,[等级26],[粉丝团 Lv10]
2026-05-13 23:33:04,97851015419,二疤哥哥,再来一局,[等级9],[粉丝团 Lv2]
2026-05-13 23:33:04,96905665799,微凉,哈哈哈哈,[等级21],[粉丝团 Lv11]
2026-05-13 23:33:04,101913527841,A❤️,哈哈哈,,
2026-05-13 23:33:04,309411621386987,90后公子,退了,[等级20],[粉丝团 Lv7]
2026-05-13 23:33:04,101113424883,加菲猫,不吃鸡不下,[等级17],
2026-05-13 23:33:04,69596825486,江湖人,继续,[等级33],[粉丝团 Lv11]
2026-05-13 23:33:05,2008150680020944,风说。,这队有问题,[等级11],
2026-05-13 23:33:05,1917193733835112,菲菲不是公主,带飞,[等级15],[粉丝团 Lv1]
2026-05-13 23:33:06,66542821263,活在当下₂₀₂₆,没面子,[等级13],[粉丝团 Lv8]
2026-05-13 23:33:06,97071014316,W🐱,窥子,[等级26],[粉丝团 Lv6]
2026-05-13 23:33:06,3254171587069726,等晴天,小姐姐沉默了[看],[等级8],
2026-05-13 23:33:06,98349173902,星星点灯2,打,[等级4],[粉丝团 Lv2]
2026-05-13 23:33:06,55931566812,豆浆油条、,继续,[等级14],
2026-05-13 23:33:06,52495544292,玩了个寂寞,还打吗(还相信我吗),[等级16],[粉丝团 Lv5]
2026-05-13 23:33:06,60556163553,兰序廿四·栖南,窥屏的,[等级18],[粉丝团 Lv2]
2026-05-13 23:33:06,100883860476,柚子,打,[等级13],[粉丝团 Lv11]
2026-05-13 23:33:07,72875984918,明.Abe,无声的抗议,[等级13],
2026-05-13 23:33:07,3619206768628157,青春散场,小姐姐不行,,
2026-05-13 23:33:08,61524628975,Tender一小哥哥,拿什么S V D哟[捂脸][捂脸][捂脸],[等级15],[粉丝团 Lv11]
2026-05-13 23:33:08,69705935782,生活也是一种修行°C ⁸⁰⁰⁸,换吧,[等级18],[粉丝团 Lv9]
2026-05-13 23:33:08,7555382744055694394,雨清,换人吧,[等级11],[粉丝团 Lv10]
2026-05-13 23:33:08,7615988333545931813,ik-🦋,小姐姐不开了,,
2026-05-13 23:33:08,51011709573323,往事如烟,不想和你玩了[捂脸],[等级28],[粉丝团 Lv9]
2026-05-13 23:33:08,109876312721,吥悳,不说话了,[等级24],[粉丝团 Lv10]
2026-05-13 23:33:08,58754359145,咖啡🐾,[捂脸][捂脸][捂脸][捂脸][捂脸][捂脸][捂脸][捂脸],[等级2],[粉丝团 Lv2]
2026-05-13 23:33:08,2608493060174936,大虾仁,找回面子来,[等级12],
2026-05-13 23:33:08,1137314775698301,じve 晨灬安╰☆╮,那把AWM 把运气耗光了,[等级10],[粉丝团 Lv4]
2026-05-13 23:33:09,2172229561625960,好嗨哟,人家来吃空投的[捂脸]刚好你们在,[等级25],[粉丝团 Lv13]
2026-05-13 23:33:09,1896019433626000,🥤可乐,妹妹不想说话了,[等级22],[粉丝团 Lv12]
2026-05-13 23:33:09,96139282686,ㅤㅤᅠ,妹妹不带你玩了[看],[等级33],[粉丝团 Lv8]
2026-05-13 23:33:10,624119281630472,阿从,我们不玩了[捂脸],[等级22],[粉丝团 Lv1]
2026-05-13 23:33:10,782461558602846,孬,干沉默了[捂脸],[等级13],[粉丝团 Lv11]
2026-05-13 23:33:10,321524856262384,雨后夏天,穿老六服,,
2026-05-13 23:33:10,68422483360,深情不及久伴,小姐姐沉默了[捂脸],[等级25],[粉丝团 Lv11]
2026-05-13 23:33:11,2515331991211789,jiojio 牌惠灵顿,再来一把,[等级22],[粉丝团 Lv10]
2026-05-13 23:33:11,99519056697,一二三k,[捂脸][捂脸],[等级7],[粉丝团 Lv8]
2026-05-13 23:33:11,707725036361932,斌哥,还打一把,[等级16],
2026-05-13 23:33:12,88066076164,凪卄,干沉默了[捂脸],[等级20],[粉丝团 Lv8]
2026-05-13 23:33:12,2146716701428124,Supery,有延迟啊,[等级13],[粉丝团 Lv6]
2026-05-13 23:33:12,66921356318,🌈漫步时光^_^,单,[等级18],
2026-05-13 23:33:12,95599592052,Mr-Qin,打,[等级6],
2026-05-13 23:33:12,62586327039,🌈陌路,怼就完了,[等级12],[粉丝团 Lv7]
2026-05-13 23:33:12,62979936380,小刁,尴尬,[等级6],[粉丝团 Lv6]
2026-05-13 23:33:12,624985471981351,衍窝,掉大分，他不玩了,[等级12],
2026-05-13 23:33:12,106154257281,风中的胭脂味,好惨哦,[等级4],[粉丝团 Lv2]
2026-05-13 23:33:13,97054437524,时光吹老少年心,人家都不想给你玩了,[等级3],
2026-05-13 23:33:13,96905665799,微凉,[捂脸],[等级21],[粉丝团 Lv11]
2026-05-13 23:33:13,2013921850951495,幔牛🐮,打呗,[等级2],[粉丝团 Lv2]
2026-05-13 23:33:14,67862230314,别动,绝对窥屏,[等级8],[粉丝团 Lv4]
2026-05-13 23:33:14,465805262989079,╭☞🔥🔥🔥…❼❼❷❾,哥[捂脸][捂脸][捂脸]，自己嘎哥，局哥嘎就跑[捂脸],[等级19],[粉丝团 Lv6]
2026-05-13 23:33:14,185179001089518,遇见☃️,叫你老是偷别人知道被偷了后果了呗,[等级13],
2026-05-13 23:33:14,65241799653,℡  最美的风景都在路上,菜,[等级12],[粉丝团 Lv11]
2026-05-13 23:33:15,101687967112,无脚的鸟,小姐姐哭了[捂脸][捂脸][捂脸],[等级15],[粉丝团 Lv7]
2026-05-13 23:33:15,99372859314,启  夏,哈哈哈。妹妹不说话了[捂脸],[等级25],[粉丝团 Lv15]
2026-05-13 23:33:15,62224538204,姐弟小剧场,小姐姐已经怀疑你了[看],[等级19],
2026-05-13 23:33:16,564474381615296,楠得心动🍃,局哥的锅[看],[等级6],[粉丝团 Lv9]
2026-05-13 23:33:17,7612951911537198138,一条锦鲤游啊游～,圈那么大，地图上全是高手,[等级6],[粉丝团 Lv1]
2026-05-13 23:33:17,66873200785,岁岁平安,前面太穷了,[等级3],
2026-05-13 23:33:17,98349173902,星星点灯2,打打,[等级4],[粉丝团 Lv2]
2026-05-13 23:33:17,1627697591880078,用户1557569082216,仙人跳[捂脸]中招,[等级9],[粉丝团 Lv5]
2026-05-13 23:33:18,91621107609,_八囍、,科技与狠活,[等级4],
2026-05-13 23:33:18,185179001089518,遇见☃️,[打call][捂脸][捂脸][捂脸][捂脸],[等级13],
2026-05-13 23:33:18,110574060809,叙利亚在逃玫瑰,猫局真费,[等级25],
2026-05-13 23:33:18,2096097515281111,雅,老六服,,
2026-05-13 23:33:19,3819026927860087,搁浅的鱼！！,我靠这衣服,[等级22],[粉丝团 Lv5]
2026-05-13 23:33:19,104227179249,🔪一笑卿莫言⁷⁰⁷,[捂脸][捂脸][捂脸][捂脸],[等级31],[粉丝团 Lv13]
2026-05-13 23:33:19,2915492866562654,田园布丁,带小姐姐吃个鸡光荣下播,[等级26],[粉丝团 Lv10]
2026-05-13 23:33:19,64906438463,八千里路,[捂脸][捂脸][捂脸][捂脸],[等级23],[粉丝团 Lv4]
2026-05-13 23:33:21,2694273172245924,未来可期♾️,妹子没心情了[捂脸],[等级11],
2026-05-13 23:33:21,1556515796039133,方兴未艾,整自闭了,[等级16],[粉丝团 Lv5]
2026-05-13 23:33:21,3248398026683801,用户5201314,这么快，就噶了？,[等级31],[粉丝团 Lv11]
2026-05-13 23:33:22,3302574303231070,雪山之巅,再带妹子打一把，不吃鸡不准走,,
2026-05-13 23:33:22,85299691962,茶不加糖,好质量啊,[等级25],[粉丝团 Lv4]
2026-05-13 23:33:22,93635941053,不懂💀❗,打沉默了,[等级1],
2026-05-13 23:33:23,2528486479102643,银,抢空投的吧,[等级7],[粉丝团 Lv3]
2026-05-13 23:33:23,101113424883,加菲猫,鸡了就下,[等级17],
2026-05-13 23:33:23,1313284358672692,广联达建模（王）,[捂脸][发怒][捂脸][发怒][捂脸][发怒],[等级16],[粉丝团 Lv6]
2026-05-13 23:33:23,2010357028357117,大家都有年轻时,@ら孤痞 怎么，没黑，没骂问一下都不行 滑稽,,
2026-05-13 23:33:25,99029196184,分不清大小王女士,小姐姐晋级赛碎了，伤心了吗？[捂脸],[等级24],[粉丝团 Lv11]
2026-05-13 23:33:25,55159220102,BWRZ（记录美好）,[一起加油][一起加油][一起加油][一起加油],[等级36],[粉丝团 Lv16]
2026-05-13 23:33:25,97258460555,꧁💞ℳꦿૢ᭄💕꧔ꦿ℘᭄ᩚ,[捂脸][捂脸][捂脸][呲牙][呲牙],[等级9],
2026-05-13 23:33:25,838281757984747,小满,举报他们一手,[等级19],[粉丝团 Lv11]
2026-05-13 23:33:25,1644525708386619,八九野马,打巅峰赛都回来了正常,[等级21],
2026-05-13 23:33:25,4398499792427923,@哆啦A梦,高手自废武功，断手[捂脸][捂脸],[等级20],
2026-05-13 23:33:26,109577607066573,家门口的味道@,窥屏过来的吧,[等级13],[粉丝团 Lv10]
2026-05-13 23:33:26,2269861915929800,不会潜水的鱼,g港的看到名字了,,
2026-05-13 23:33:27,95207313238,小锦张😍,开挂的,[等级11],[粉丝团 Lv5]
2026-05-13 23:33:27,1137314775698301,じve 晨灬安╰☆╮,差点给小姐姐整破防[捂脸],[等级10],[粉丝团 Lv4]
2026-05-13 23:33:27,2043347923383228,余溺$,哈哈[看],[等级6],[粉丝团 Lv4]
2026-05-13 23:33:27,4503669836332557,栩多渝🌽⚡️🌙,这局高手多,[等级11],[粉丝团 Lv10]
2026-05-13 23:33:27,2390808921386073,晚風 ✨,大橘哥害死了,[等级36],[粉丝团 Lv9]
2026-05-13 23:33:28,109697549229,大写的一,人家也是开抢空投的,[等级9],
2026-05-13 23:33:29,57054569837,CC,开延时了吗,[等级15],[粉丝团 Lv3]
2026-05-13 23:33:29,76133959662,@等风起,这把太穷了,[等级14],[粉丝团 Lv8]
2026-05-13 23:33:29,4270135949132812,一梦几春秋,没补就是钓鱼吧,[等级8],
2026-05-13 23:33:29,609550534709379,Y巅峰,来看你来了[捂脸][捂脸][捂脸],[等级32],
2026-05-13 23:33:30,54403167120,强强,最厉害的倒了.不好搞了,[等级35],[粉丝团 Lv10]
2026-05-13 23:33:30,69705935782,生活也是一种修行°C ⁸⁰⁰⁸,换一个队激情点儿的,[等级18],[粉丝团 Lv9]
2026-05-13 23:33:30,55159220102,BWRZ（记录美好）,[一起加油][一起加油][一起加油],[等级36],[粉丝团 Lv16]
2026-05-13 23:33:30,105622673029,王先生,这个号主皮肤真多,[等级12],[粉丝团 Lv12]
2026-05-13 23:33:31,1283840409348984,小张,小姐姐要上大分,[等级1],[粉丝团 Lv7]
2026-05-13 23:33:31,85299691962,茶不加糖,怎么这么难打,[等级25],[粉丝团 Lv4]
2026-05-13 23:33:31,386652325291725,zheng,感觉妹子都不知道咱回事,[等级10],
2026-05-13 23:33:31,474639356942429,多云转晴,有点觉得你们不行,[等级29],[粉丝团 Lv15]
2026-05-13 23:33:32,84940839345,到此一游！,小姐姐挺好的，呆呆的,[等级25],[粉丝团 Lv13]
2026-05-13 23:33:32,1004302019071385,一起养条鱼,两个大主播居然打不过四个路人,[等级3],
2026-05-13 23:33:33,417427108929038,麦幽,超猛的[捂脸],[等级3],[粉丝团 Lv6]
2026-05-13 23:33:33,95153805096,AA有内涵的男人,把面子找回来,[等级9],
2026-05-13 23:33:33,95207313238,小锦张😍,你不举报吗,[等级11],[粉丝团 Lv5]
2026-05-13 23:33:33,2008150680020944,风说。,直播得开延迟,[等级11],
2026-05-13 23:33:34,55159220102,BWRZ（记录美好）,[一起加油][一起加油][一起加油],[等级36],[粉丝团 Lv16]
2026-05-13 23:33:34,77416951506,ら孤痞,@大家都有年轻时 张嘴就要求别人这的那的，不丢人吗？[捂脸],[等级36],[粉丝团 Lv17]
2026-05-13 23:33:35,101223602526,爱，不解释,看你的水平,[等级17],
2026-05-13 23:33:35,1717898750993225,奋斗吧,偷不赢打不过,,
2026-05-13 23:33:35,106181078286,花開願重逢,有延迟窥啥啊,[等级5],[粉丝团 Lv4]
2026-05-13 23:33:35,92654847747,莊莊,窥屏追,[等级23],[粉丝团 Lv5]
2026-05-13 23:33:35,93576336740,南书,妹子打自闭了,[等级4],[粉丝团 Lv4]
2026-05-13 23:33:36,4151867330,月亮不睡我不睡,救不了非要救,[等级9],[粉丝团 Lv10]
2026-05-13 23:33:36,2786641663234676,release,这回好了   单车都没了,[等级2],
2026-05-13 23:33:36,52495544292,玩了个寂寞,@🍓甜酒吖🍓 哈哈哈,[等级16],[粉丝团 Lv5]
2026-05-13 23:33:37,22860428464,又困ˡᵃ💤,车没停前就要掐烟了，停车的时候队友都还没反应，再来封烟哪来的及,[等级15],[粉丝团 Lv10]
2026-05-13 23:33:37,782461558602846,孬,给这俩妹妹打哭了吗[捂脸],[等级13],[粉丝团 Lv11]
2026-05-13 23:33:38,55159220102,BWRZ（记录美好）,[一起加油][一起加油][一起加油][一起加油],[等级36],[粉丝团 Lv16]
2026-05-13 23:33:38,95498169575,事在人为,你的粉丝来了[捂脸][捂脸][捂脸][捂脸][捂脸],[等级27],
2026-05-13 23:33:39,94511118465,及时止损,举报他们,[等级2],
2026-05-13 23:33:39,1134334549960861,齐天大聖,还是熟悉你打法的窥子,[等级15],[粉丝团 Lv6]
2026-05-13 23:33:39,2008150680020944,风说。,防窥屏的,[等级11],
2026-05-13 23:33:40,104339726634,syndrome,肯定窥屏的,[等级10],[粉丝团 Lv7]
2026-05-13 23:33:40,76133959662,@等风起,连个爆炸弓都没有,[等级14],[粉丝团 Lv8]
2026-05-13 23:33:40,1864375673819964,@﹌自由_,姐，求你了，换个衣服吧，我都看腻了[666][666][666][666][666],[等级27],[粉丝团 Lv3]
2026-05-13 23:33:40,58045456499,七寸风,开3分钟延迟吧,[等级14],
2026-05-13 23:33:41,97054437524,时光吹老少年心,无声的抗议了，还一直问,[等级3],
2026-05-13 23:33:42,60846320689,爱逢其时,像窥屏,[等级15],[粉丝团 Lv5]
2026-05-13 23:33:42,96008498122,ook,看着有问题呀,[等级32],[粉丝团 Lv10]
2026-05-13 23:33:43,1259364523448220,狒狒躺赢纪,老黑被蹂躏了,[等级18],[粉丝团 Lv4]
2026-05-13 23:33:44,4270135949132812,一梦几春秋,举报啊,[等级8],
2026-05-13 23:33:45,66416843960391,冷漠,知道是你窥屏的,[等级3],[粉丝团 Lv4]
2026-05-13 23:33:45,77369021662,超爱螺蛳粉🍜,被超空吸引过来了,[等级19],[粉丝团 Lv11]
2026-05-13 23:33:46,2999060432162365,丸子的三百,直接捉单,[等级20],[粉丝团 Lv2]
2026-05-13 23:33:47,99787330691,什么,G港那队,[等级10],[粉丝团 Lv3]
2026-05-13 23:33:48,4270135949132812,一梦几春秋,有问题,[等级8],
2026-05-13 23:33:49,70644249078,设计橙,那个人骑射这么准吗？,[等级37],[粉丝团:张君雅 Lv16]
2026-05-13 23:33:49,417427108929038,麦幽,真是太猛了,[等级3],[粉丝团 Lv6]
2026-05-13 23:33:49,4312733019815760,雾里寻花,开把预言玩玩呗[捂脸],[等级13],[粉丝团 Lv11]
2026-05-13 23:33:49,3438921414351399,淡泊·明智,单车变独轮车了[呲牙][呲牙][呲牙][呲牙],[等级15],[粉丝团 Lv11]
2026-05-13 23:33:50,63762468186,香菜大王,哈哈哈，偶尔一次[捂脸][捂脸],[等级3],[粉丝团 Lv6]
2026-05-13 23:33:50,14271251266,和🇨🇳天下,窥屏的[捂脸][捂脸][捂脸][捂脸],[等级6],[粉丝团 Lv6]
2026-05-13 23:33:50,95507451318,溪鱼,都是冲着空头去的,[等级17],[粉丝团 Lv10]
2026-05-13 23:33:51,104713691535,ZL,这把一定要吃鸡啊,[等级15],[粉丝团 Lv2]
2026-05-13 23:33:52,95450137991,开心,说不定看你直播跟过来的,[等级21],[粉丝团 Lv4]
2026-05-13 23:33:53,2999060432162365,丸子的三百,把老黑干了,[等级20],[粉丝团 Lv2]
2026-05-13 23:33:54,844867683494035,起 点,高手制裁,[等级28],[粉丝团 Lv8]
2026-05-13 23:33:54,100352985988,夕阳夕阳,舒服[捂脸][捂脸][捂脸][捂脸],[等级24],[粉丝团 Lv1]
2026-05-13 23:33:54,7444019868980790330,靠脸吃饭顿顿喝汤,意识很强。打倒老黑掉头就走。等你们摸人他队友也到了。一梭子就过来集火了,[等级11],
2026-05-13 23:33:54,606580154311640,不再打扰,这样就对了,[等级29],
2026-05-13 23:33:55,4270135949132812,一梦几春秋,小姐姐不说话了,[等级8],
2026-05-13 23:33:55,86562890288,ㅤ　 ㅤ顺利朱,感觉是高手中的高手,[等级20],[粉丝团 Lv11]
2026-05-13 23:33:55,101113424883,加菲猫,都是高手啊，倒地第一秒，哥哥哥…………,[等级17],
2026-05-13 23:33:56,55159220102,BWRZ（记录美好）,[一起加油][一起加油][一起加油][一起加油][一起加油][一起加油][一起加油][一起加油][一起加油][一起加油][一起加油][一起加油],[等级36],[粉丝团 Lv16]
2026-05-13 23:33:56,106181078286,花開願重逢,就是桂,[等级5],[粉丝团 Lv4]
2026-05-13 23:33:58,101223602526,爱，不解释,让你，有底子。,[等级17],
2026-05-13 23:33:58,2841574429179214,讲总,都是过来抢空投的，,[等级13],[粉丝团 Lv4]
2026-05-13 23:34:00,97476484195,小星星⭐️,看到两个超空过来的吧。,[等级16],
2026-05-13 23:34:01,2238239079928174,身份暴露了,有枣没枣打一杆子,[等级16],[粉丝团 Lv12]
2026-05-13 23:34:02,98932747508,前还可修,登场，把战神车队赶走,[等级20],
2026-05-13 23:34:02,78062217604,༺༃伟༒ 哥༃༻,你那位置掩体都没有还打,[等级21],[粉丝团 Lv2]
2026-05-13 23:34:02,1069193787353395,无情,那么大的圈，还剩19个人，高手如云,[等级31],[粉丝团 Lv1]
2026-05-13 23:34:02,55159220102,BWRZ（记录美好）,[一起加油][一起加油],[等级36],[粉丝团 Lv16]
2026-05-13 23:34:03,63762468186,香菜大王,别气馁,[等级3],[粉丝团 Lv6]
2026-05-13 23:34:04,111007266356,🔱守望w,应该是和平营地有人告诉小姐姐了,[等级29],[粉丝团 Lv15]
2026-05-13 23:34:04,1063956070013568,小胖,估计窥屏的,[等级2],[粉丝团 Lv3]
2026-05-13 23:34:04,106186364104,。。。。。,两把没鸡了,[等级1],
2026-05-13 23:34:05,58907216893,4点的海棠花未眠,带两妹子，吃不了鸡,[等级13],
2026-05-13 23:34:06,1948794942401459,卷毛狒狒,不是窥屏是透视,[等级4],
2026-05-13 23:34:06,69093375095,吥吡较真,小姐姐知道你是主播张君雅,[等级14],[粉丝团 Lv4]
2026-05-13 23:34:08,102292532517,哥不帅,小姐姐跟不上节奏，反应太慢啦,[等级2],[粉丝团 Lv6]
2026-05-13 23:34:08,97266147825,十一🍅,打了空投 人家跟定打好吧,[等级27],[粉丝团 Lv3]
2026-05-13 23:34:09,417427108929038,麦幽,一路被虐,[等级3],[粉丝团 Lv6]
2026-05-13 23:34:11,2013921850951495,幔牛🐮,给妹子太大希望，结果失望了,[等级2],[粉丝团 Lv2]
2026-05-13 23:34:12,96219925918,军泽,小姐姐要哭了,[等级14],
2026-05-13 23:34:14,1644525708386619,八九野马,小姐姐从来没见过这世面,[等级21],
2026-05-13 23:34:14,4310549579694780,@你,妹妹说了，好穷啊,[等级15],[粉丝团 Lv10]
2026-05-13 23:34:14,3302574303231070,雪山之巅,老黑！必须在小姐姐面前，挽回面子。[呲牙][呲牙][呲牙],,
2026-05-13 23:34:14,109694350760,一只小锦李、,我才出来一会 这么回事,[等级9],
2026-05-13 23:34:15,99519056697,一二三k,应该都是来抢空投然后遇到了,[等级7],[粉丝团 Lv8]
2026-05-13 23:34:15,2694273172245924,未来可期♾️,妹子心情坏了,[等级11],
2026-05-13 23:34:17,104642262375,洛洛丫头,肯定是窥屏,[等级7],
2026-05-13 23:34:17,98349173902,星星点灯2,打打打打打打,[等级4],[粉丝团 Lv2]
2026-05-13 23:34:18,95465615887,明杰,怎么又开了一把[捂脸],[等级25],[粉丝团 Lv5]
2026-05-13 23:34:19,2010357028357117,大家都有年轻时,@ら孤痞 你哪只眼睛看见我要求她去打了？,,
2026-05-13 23:34:19,63762468186,香菜大王,妹妹被打蒙了,[等级3],[粉丝团 Lv6]
2026-05-13 23:34:20,84873753522,乐在祁中,打铁还需自身硬，怕啥。干就完了[赞],[等级20],[粉丝团 Lv11]
2026-05-13 23:34:22,70064395952,M小六,局哥，太不容易了[捂脸],[等级30],[粉丝团 Lv9]
2026-05-13 23:34:23,65143042823,♥  风  か,他们也盯上那三个超空了,[等级14],
2026-05-13 23:34:23,53617735581,珊珊.,1伤害还有一个头，咋打的[捂脸],[等级19],[粉丝团 Lv3]
2026-05-13 23:34:23,51011709573323,往事如烟,她两开了后悔了,[等级28],[粉丝团 Lv9]
2026-05-13 23:34:26,101113424883,加菲猫,主播这把能鸡吗[看][看][看][看],[等级17],
2026-05-13 23:34:26,1244249822078139,碎星闪闪,[捂脸][捂脸][捂脸][捂脸][捂脸][捂脸][捂脸],[等级7],[粉丝团 Lv10]
2026-05-13 23:34:26,92461848227,煜,[捂脸][捂脸][捂脸],[等级13],[粉丝团 Lv11]
2026-05-13 23:34:26,86562890288,ㅤ　 ㅤ顺利朱,[捂脸][捂脸][捂脸],[等级20],[粉丝团 Lv11]
2026-05-13 23:34:26,101808958385,陆辰,[捂脸][捂脸][捂脸],[等级26],[粉丝团 Lv11]
2026-05-13 23:34:26,99804330526,玉鳞瑶甲,君雅几月生日,[等级28],[粉丝团 Lv6]
2026-05-13 23:34:27,62224538204,姐弟小剧场,小姐姐心态又崩了,[等级19],
2026-05-13 23:34:27,2665697062160392,哈喽啊啊额个,妹妹都不想搭理你了，不想和你玩了[捂脸],[等级11],
2026-05-13 23:34:28,100116269929,刘ಇ᭄先生࿐,[捂脸][捂脸][捂脸][捂脸],[等级19],[粉丝团 Lv10]
2026-05-13 23:34:28,71901561393,王子,[捂脸][捂脸][捂脸][捂脸][捂脸],[等级16],[粉丝团 Lv7]
2026-05-13 23:34:29,1137314775698301,じve 晨灬安╰☆╮,开始换人开局了,[等级10],[粉丝团 Lv4]
2026-05-13 23:34:29,104862346759,涛哥🐯,[捂脸][捂脸][捂脸],[等级15],[粉丝团 Lv10]
2026-05-13 23:34:29,3174987696190765,TTTT,哈哈哈,[等级32],[粉丝团 Lv3]
2026-05-13 23:34:29,2269861915929800,不会潜水的鱼,好搞笑,,
2026-05-13 23:34:29,7426602994870043708,¯͒,[捂脸][捂脸][捂脸],[等级9],
2026-05-13 23:34:30,79876982398,王辉✌,哈哈,[等级17],
2026-05-13 23:34:31,92461848227,煜,好可爱[捂脸][捂脸][捂脸],[等级13],[粉丝团 Lv11]
2026-05-13 23:34:31,4233546532927219,🉑🈶🉑🈚,好可爱,[等级20],[粉丝团 Lv10]
2026-05-13 23:34:32,109100040398,李子,三发超空引来的,[等级5],
2026-05-13 23:34:32,64642569088,老奶,打不过就是窥屏 打得过你们就是挂[偷笑],[等级15],[粉丝团 Lv1]
2026-05-13 23:34:32,99255247454,🌈。拾月,搞笑,[等级24],[粉丝团 Lv10]
2026-05-13 23:34:33,3406705907740807,何爱华（承蒙厚爱）,[捂脸][捂脸][捂脸],[等级22],[粉丝团 Lv12]
2026-05-13 23:34:33,3174987696190765,TTTT,[捂脸][捂脸][捂脸][捂脸],[等级32],[粉丝团 Lv3]
2026-05-13 23:34:33,3822367435142180,西兰乐,很多很多的钱的,[等级3],[粉丝团 Lv2]
2026-05-13 23:34:33,95605821824,难哄,哈哈哈哈哈哈哈哈哈哈好可爱啊,[等级29],[粉丝团 Lv12]
2026-05-13 23:34:33,93196727601,且行且悟,哈哈哈,[等级27],[粉丝团 Lv13]
2026-05-13 23:34:34,61524628975,Tender一小哥哥,[捂脸][捂脸][捂脸][捂脸],[等级15],[粉丝团 Lv11]
2026-05-13 23:34:34,100515465222,✨甜憨憨吖🌈,小姐姐还在碎碎念,[等级8],[粉丝团 Lv3]
2026-05-13 23:34:34,3408943437340396,信。,充了很多很多钱,[等级22],[粉丝团 Lv5]
2026-05-13 23:34:35,84940839345,到此一游！,这两个小姐姐说话挺有意思[捂脸],[等级25],[粉丝团 Lv13]
2026-05-13 23:34:35,91502590619,这滴纯色的雨 ̳,好可爱,[等级4],[粉丝团 Lv2]
2026-05-13 23:34:35,93576336740,南书,她两是学生,[等级4],[粉丝团 Lv4]
2026-05-13 23:34:36,101223602526,爱，不解释,没有挂。没有什么，就是你的直播,[等级17],
2026-05-13 23:34:36,99519056697,一二三k,这两小姐姐可爱,[等级7],[粉丝团 Lv8]
2026-05-13 23:34:37,109756665406,ᑮéиg宝🧸ོ,蛐蛐啥呢[捂脸],[等级29],[粉丝团 Lv12]
2026-05-13 23:34:37,2721991177274552,深夜故事会,像女大[捂脸][捂脸],[等级12],[粉丝团 Lv10]
2026-05-13 23:34:37,96905665799,微凉,在复盘,[等级21],[粉丝团 Lv11]
2026-05-13 23:34:37,4233546532927219,🉑🈶🉑🈚,好喜欢,[等级20],[粉丝团 Lv10]
2026-05-13 23:34:39,1182711947737624,🌈迦境阿永,这两小姐姐好玩,[等级19],[粉丝团 Lv9]
2026-05-13 23:34:39,1467173920573099,"不要想起我,",叽里咕噜说啥呢,[等级4],[粉丝团 Lv4]
2026-05-13 23:34:40,52401445010,错觉ᝰꫛꫀꪝ,两个小姐姐好可爱[捂脸],[等级21],
2026-05-13 23:34:41,564474381615296,楠得心动🍃,好可爱两个,[等级6],[粉丝团 Lv9]
2026-05-13 23:34:41,66873200785,岁岁平安,充钱就变金色了,[等级3],
2026-05-13 23:34:41,2330588968395416,贝塔β,太可爱了[捂脸],[等级25],[粉丝团 Lv14]
2026-05-13 23:34:41,2082923137217795,紫滦栀夏🍀,哈哈哈，好可爱,[等级23],
2026-05-13 23:34:43,76133959662,@等风起,充了很多很多钱吧[捂脸],[等级14],[粉丝团 Lv8]
2026-05-13 23:34:43,109940465895,流年那么伤,你男的女的,[等级16],
2026-05-13 23:34:44,101595263010620,伊昂,充了很多很多钱的[捂脸][捂脸],[等级12],[粉丝团 Lv10]
2026-05-13 23:34:44,88746962849,昔阳,小姐姐也是120级好吧,[等级11],
2026-05-13 23:34:44,782461558602846,孬,不是她俩不知道开着麦呢吗？[捂脸],[等级13],[粉丝团 Lv11]
2026-05-13 23:34:44,71901561393,王子,挺好玩的[捂脸][捂脸][捂脸][捂脸][捂脸],[等级16],[粉丝团 Lv7]
2026-05-13 23:34:44,98932747508,前还可修,这两个小姐姐，说悄悄话不怕人[捂脸][捂脸],[等级20],
2026-05-13 23:34:44,105572344060,沧海一粟，我之于你,两个小姐姐是学生妹吧,[等级42],[粉丝团 Lv9]
2026-05-13 23:34:45,84820142152,😃,穿101小丑,[等级23],
2026-05-13 23:34:45,69550548628,月朦胧,充了很多很多钱,[等级4],
2026-05-13 23:34:45,95605821824,难哄,好多好多钱的,[等级29],[粉丝团 Lv12]
2026-05-13 23:34:45,1137314775698301,じve 晨灬安╰☆╮,还在复盘,[等级10],[粉丝团 Lv4]
2026-05-13 23:34:45,65263583138,四川靓号之家,两个小姐姐没见过世面[呲牙],[等级32],[粉丝团 Lv16]
2026-05-13 23:34:46,2234682707544967,子一,1点伤害一个人头是什么鬼,[等级29],[粉丝团:张君雅 Lv15]
2026-05-13 23:34:46,24102618114,人生不过些许年,那么大个圈只生不到30个，你要说没脏东西我不信。,[等级7],[粉丝团 Lv1]
2026-05-13 23:34:47,93014642999,🌈南山楠,可能忘麦了[捂脸],[等级11],[粉丝团 Lv10]
2026-05-13 23:34:48,59418826694,老巫婆,当着面商量啊[捂脸][捂脸][捂脸],[等级33],[粉丝团 Lv14]
2026-05-13 23:34:49,78780549307,偌靉(安全员)99,没有问题的，意识强加起码全队王牌20⭐以上而已,[等级21],[粉丝团 Lv10]
2026-05-13 23:34:49,104713691535,ZL,这把稳一点,[等级15],[粉丝团 Lv2]
2026-05-13 23:34:51,66542821263,活在当下₂₀₂₆,在两万人面前说悄悄话,[等级13],[粉丝团 Lv8]
2026-05-13 23:34:53,65822054361,姚R,窥屏,[等级10],
2026-05-13 23:34:53,3408943437340396,信。,充了很多很多钱,[等级22],[粉丝团 Lv5]
2026-05-13 23:34:55,3302574303231070,雪山之巅,两个小姐姐，应该还是在读大学生。,,
2026-05-13 23:34:55,20210455949667,萨克米偶遇克朗斯,高手多着呢,[等级3],[粉丝团 Lv4]
2026-05-13 23:34:56,3913913666903720,太阳☀,[捂脸][捂脸][捂脸]，为什么是金色的啊？肯定充了很多很多钱[捂脸][捂脸][捂脸],[等级41],[粉丝团 Lv13]
2026-05-13 23:34:56,2532895178888260,【俩俩相忘】安静看👀🚫禁止带节奏,稳一点,[等级9],
2026-05-13 23:34:58,1082392657011656,林北叫派大星,妹子说话黏黏糊糊的，,[等级18],[粉丝团 Lv2]
2026-05-13 23:34:59,71125966399,成长的代价,搏一搏，单车变飞机,[等级9],
2026-05-13 23:35:00,66216930548,差一点儿,大声蛐蛐[捂脸],[等级17],[粉丝团 Lv10]
2026-05-13 23:35:00,3408943437340396,信。,他们为什么都是金色,[等级22],[粉丝团 Lv5]
2026-05-13 23:35:02,101223602526,爱，不解释,我让人们两队,[等级17],
2026-05-13 23:35:04,63403682464,财神爷的小跟班,开延迟啊,[等级18],[粉丝团 Lv10]
2026-05-13 23:35:04,93398109796,信鸽,奇哥什么时候开播,[等级16],
2026-05-13 23:35:06,61524628975,Tender一小哥哥,很多很多的钱[捂脸][捂脸][捂脸][捂脸]实话,[等级15],[粉丝团 Lv11]
2026-05-13 23:35:06,97476484195,小星星⭐️,战神局肯定高手多。,[等级16],
2026-05-13 23:35:07,62509342151,斯文·孙,他们都没看见人就死了[捂脸],[等级9],
2026-05-13 23:35:07,94735245961,🌈孟俐言,没事，再来,[等级12],[粉丝团 Lv11]
2026-05-13 23:35:08,2854806902026078,挖机小哥,[赞],[等级12],[粉丝团 Lv10]
2026-05-13 23:35:08,2013921850951495,幔牛🐮,是，两层半是啥都不清楚,[等级2],[粉丝团 Lv2]
2026-05-13 23:35:08,22860428464,又困ˡᵃ💤,估计哪打死她们的都还没弄清,[等级15],[粉丝团 Lv10]
2026-05-13 23:35:10,2008150680020944,风说。,碰到不在一个水平的，真就是人数上就吃亏了,[等级11],
2026-05-13 23:35:10,76133959662,@等风起,@设计橙 敌人的视角里老黑骑射也这么牛,[等级14],[粉丝团 Lv8]
2026-05-13 23:35:10,95507451318,溪鱼,是不是以为开着组队麦呢[捂脸],[等级17],[粉丝团 Lv10]
2026-05-13 23:35:10,600767341014696,小福星🍬,爆炸弓就拿下了,[等级26],[粉丝团 Lv8]
2026-05-13 23:35:11,54915355377,『逝氺无痕』,被抓了没办法,[等级35],[粉丝团 Lv8]
2026-05-13 23:35:12,100085587846,᭄ℳ๓ 俗人°ꦿ⁵,那队是俱乐部3保一的,[等级14],[粉丝团 Lv9]
2026-05-13 23:35:13,4270135949132812,一梦几春秋,大声密谋,[等级8],
2026-05-13 23:35:14,63762468186,香菜大王,害[看]，人家也厉害,[等级3],[粉丝团 Lv6]
2026-05-13 23:35:14,86562890288,ㅤ　 ㅤ顺利朱,tou， 是高手中的高手,[等级20],[粉丝团 Lv11]
2026-05-13 23:35:16,87626101168,一夹一袄,有延迟窥屏不了，即使没延迟也是打老黑，不可能无视野露头猫就被狙，要么实力派，要么透视派,[等级20],
2026-05-13 23:35:16,63403682464,财神爷的小跟班,把延迟开开,[等级18],[粉丝团 Lv10]
2026-05-13 23:35:16,84940839345,到此一游！,单车变飞机,[等级25],[粉丝团 Lv13]
2026-05-13 23:35:17,100910484972,ㅤ ㅤㅤㅤ ㅤ,战神局高手多不是很正常嘛 朋友们别太玻璃心啦,[等级19],[粉丝团 Lv12]
2026-05-13 23:35:17,106229875579,逆锋行者,黑子怎么不说话了,[等级16],[粉丝团 Lv2]
2026-05-13 23:35:18,3223409584783095,年轻人的偶像🤩,g港那对绝对有问题,[等级5],
2026-05-13 23:35:18,94511118465,及时止损,人家死都不知道怎么死的,[等级2],
2026-05-13 23:35:19,7612951911537198138,一条锦鲤游啊游～,刚刚地形太难了，没有爆炸弓，地形那么平，枪还垃圾，很难,[等级6],[粉丝团 Lv1]
2026-05-13 23:35:20,3913913666903720,太阳☀,肯定充了很多很多钱[捂脸][捂脸][捂脸],[等级41],[粉丝团 Lv13]
2026-05-13 23:35:25,63403682464,财神爷的小跟班,把延迟开开,[等级18],[粉丝团 Lv10]
2026-05-13 23:35:30,109697549229,大写的一,高手都抢空投,[等级9],
2026-05-13 23:35:35,68422483360,深情不及久伴,@老奶 她什么时候说了?少在这里带节奏,[等级25],[粉丝团 Lv11]
2026-05-13 23:35:35,4233546532927219,🉑🈶🉑🈚,哈哈哈哈哈,[等级20],[粉丝团 Lv10]
2026-05-13 23:35:36,71901561393,王子,[捂脸][捂脸][捂脸][捂脸],[等级16],[粉丝团 Lv7]
2026-05-13 23:35:39,106869061242,装饰设计施工,通知通知主播今天不过生日[比心],[等级29],[粉丝团 Lv9]
2026-05-13 23:35:43,93576336740,南书,学生妹,[等级4],[粉丝团 Lv4]
2026-05-13 23:35:46,96008498122,ook,没露头就知道位置，这不很明显奔着来的,[等级32],[粉丝团 Lv10]
2026-05-13 23:35:47,76445642992,晴·芷,她们一直研究衣服,[等级4],
2026-05-13 23:35:48,1137314775698301,じve 晨灬安╰☆╮,被飞行器吸引了注意力,[等级10],[粉丝团 Lv4]
2026-05-13 23:35:49,3942201849549961,葫芦娃,有没有谈恋爱的，天天陪你玩吃鸡,[等级3],[粉丝团 Lv2]
2026-05-13 23:35:49,1627697591880078,用户1557569082216,这俩妹子可爱好玩[捂脸],[等级9],[粉丝团 Lv5]
2026-05-13 23:35:50,62977313690,LO,这两个妹妹真可爱,[等级25],[粉丝团 Lv8]
2026-05-13 23:35:53,66873200785,岁岁平安,这俩妹妹关注点不一样,[等级3],
2026-05-13 23:35:53,78016969370,未知。。。,这两个妹子在讨论衣服[捂脸][捂脸][捂脸],[等级15],[粉丝团 Lv8]
2026-05-13 23:35:57,68179112233,克里斯～RONALDO,主播没开延迟吗,[等级19],
2026-05-13 23:35:57,84534079599,斌仔,大声说悄悄话,[等级25],[粉丝团 Lv11]
2026-05-13 23:35:58,844867683494035,起 点,没有窥屏 打了那么久 高手听见枪声回来,[等级28],[粉丝团 Lv8]
2026-05-13 23:35:58,101406475985,了无痕（做人要善良）,他俩可能开的组队麦，然后忘了还有两个队友也是在组队麦里[捂脸][捂脸][捂脸],[等级30],[粉丝团 Lv10]
2026-05-13 23:36:03,782461558602846,孬,这俩妹妹是不是以为自己开的组队麦[捂脸],[等级13],[粉丝团 Lv11]
2026-05-13 23:36:08,101223602526,爱，不解释,我不想说话了,[等级17],
2026-05-13 23:36:15,4362506438184156,用户4037192335629,这种老一套的打法早被别人摸透了就是针对了,,
2026-05-13 23:36:18,101223602526,爱，不解释,办事,[等级17],
2026-05-13 23:36:18,76133959662,@等风起,老黑这把把面子挣回来,[等级14],[粉丝团 Lv8]
2026-05-13 23:36:18,7612951911537198138,一条锦鲤游啊游～,刚刚三个空头那，全是高手，看一眼就要爆炸,[等级6],[粉丝团 Lv1]
2026-05-13 23:36:25,2639270633285075,No help^,我靠，落地信号枪,[等级19],
2026-05-13 23:36:25,93687105296,洛皮皮🐻‍❄️⁰⁵⁰³,大家帮 君雅♀️爆甜妹妹💃🏻点点赞❣️点点赞❣️点点赞💞💞💞上个100万赞👍👍👍,[等级40],[粉丝团:张君雅 Lv17]
2026-05-13 23:36:26,2841574429179214,讲总,高星局追空投的都是基本操作，那这么多窥屏的，延迟一分钟呢！,[等级13],[粉丝团 Lv4]
2026-05-13 23:36:27,2933109942650078,白撕不得骑姐,这把好起来了[比心][比心][比心][比心],[等级21],[粉丝团 Lv8]
2026-05-13 23:36:32,2009542393864356,铭朗建筑小周,11点多还有信号枪呢？,[等级34],[粉丝团 Lv10]
2026-05-13 23:36:40,782461558602846,孬,爆炸弓:☞怪我喽[抠鼻][戳手手],[等级13],[粉丝团 Lv11]
2026-05-13 23:36:42,4233546532927219,🉑🈶🉑🈚,妹妹好有意思,[等级20],[粉丝团 Lv10]
2026-05-13 23:36:42,292887482075868,一叶知秋,上把猫局有狗也不找爆炸弓,[等级4],[粉丝团 Lv1]
2026-05-13 23:36:46,68422483360,深情不及久伴,@铭朗建筑小周 到十二点,[等级25],[粉丝团 Lv11]
2026-05-13 23:36:47,63800656091,只吃一口口,@铭朗建筑小周 现在4-12点了,[等级18],
2026-05-13 23:36:57,69549195417,久睡成瘾,@铭朗建筑小周 你多久没看直播了，早改时间了[捂脸],[等级26],[粉丝团 Lv8]
2026-05-13 23:37:06,77175893333,王牌飞行员,信号枪时间改了,[等级36],[粉丝团 Lv2]
2026-05-13 23:37:08,509818415880967,中意李,开把啤酒瓶带飞两妹妹,[等级7],[粉丝团 Lv4]
2026-05-13 23:37:11,93687105296,洛皮皮🐻‍❄️⁰⁵⁰³,大家帮 君雅♀️爆甜妹妹💃🏻点点赞❣️点点赞❣️点点赞💞💞💞上个100万赞👍👍👍,[等级40],[粉丝团:张君雅 Lv17]
2026-05-13 23:37:12,101223602526,爱，不解释,骑马，人家会听见的,[等级17],
2026-05-13 23:37:14,62612700356,2 丶 1,@一叶知秋 节奏快，哪有时间找,[等级4],[粉丝团 Lv8]
2026-05-13 23:37:14,95786261333,芋芋子～,1080,[等级12],
2026-05-13 23:37:17,96695478163,聆听风雨,直升机遥控器怎么放置在背包里的呢，老黑[捂脸],[等级20],[粉丝团 Lv10]
2026-05-13 23:37:29,68422483360,深情不及久伴,@聆听风雨 啊?,[等级25],[粉丝团 Lv11]
2026-05-13 23:37:33,2330588968395416,贝塔β,？？,[等级25],[粉丝团 Lv14]
2026-05-13 23:37:35,1257437656002798,某某.,终于舍得放你这破无人机了,[等级34],[粉丝团:张君雅 Lv16]
2026-05-13 23:37:36,99734281351,知御,什么画质？这么清晰,[等级4],
2026-05-13 23:37:37,712106787748301,后来的我们啊,@中意李 牛逼,[等级8],[粉丝团 Lv7]
2026-05-13 23:37:39,104917868526,🌅,？,[等级7],[粉丝团 Lv8]
2026-05-13 23:37:44,75630048642,🐷慢慢习惯🐷,送快递[捂脸][捂脸],[等级20],[粉丝团 Lv11]
2026-05-13 23:37:45,84404342817,断雨,不是当初的老黑了,[等级11],
2026-05-13 23:37:48,3913913666903720,太阳☀,刚才谁说开P90？神预言[赞],[等级41],[粉丝团 Lv13]
2026-05-13 23:37:49,2532895178888260,【俩俩相忘】安静看👀🚫禁止带节奏,[呲牙]支楞起来了,[等级9],
2026-05-13 23:37:50,7612951911537198138,一条锦鲤游啊游～,@一叶知秋 拿头找啊，下城那被追着打，刚刚出去准备抢空头就被摇了，没时间搜物资,[等级6],[粉丝团 Lv1]
2026-05-13 23:37:51,509818415880967,中意李,真开了，我丢,[等级7],[粉丝团 Lv4]
2026-05-13 23:37:51,2665697062160392,哈喽啊啊额个,@ook 别胡说了，烟雾弹丢的看不到吗,[等级11],
2026-05-13 23:37:51,2330588968395416,贝塔β,你居然能开出啤酒瓶,[等级25],[粉丝团 Lv14]
2026-05-13 23:37:54,94012521616,老爺,三个女的的[发呆],[等级33],
2026-05-13 23:37:55,99519056697,一二三k,@中意李 牛逼,[等级7],[粉丝团 Lv8]
2026-05-13 23:37:55,92315339223,姐夫不喝药,不是哥吗怎么变老弟了？,[等级13],[粉丝团 Lv11]
2026-05-13 23:37:56,4862013350589,厉扑,嘎一把就这么欧了[捂脸],[等级21],[粉丝团 Lv11]
2026-05-13 23:37:59,92272838458,无微不 至,[互粉],[等级25],[粉丝团 Lv10]
2026-05-13 23:38:05,110019506846,🌈🌈重庆妹儿🌈🌈,把鸭儿砍成节节炒炒炒,[等级9],[粉丝团 Lv3]
2026-05-13 23:38:09,96695478163,聆听风雨,@深情不及久伴 我们开直升机好慢，老黑很快,[等级20],[粉丝团 Lv10]
2026-05-13 23:38:14,94012521616,老爺,我以为三带一呢,[等级33],
2026-05-13 23:38:16,2532895178888260,【俩俩相忘】安静看👀🚫禁止带节奏,这不百分之百了[呲牙],[等级9],
2026-05-13 23:38:21,101223602526,爱，不解释,你记住什么枪，都打你没问题,[等级17],
2026-05-13 23:38:24,93687105296,洛皮皮🐻‍❄️⁰⁵⁰³,大家帮 君雅♀️爆甜妹妹💃🏻点点赞❣️点点赞❣️点点赞💞💞💞上个100万赞👍👍👍,[等级40],[粉丝团:张君雅 Lv17]
2026-05-13 23:38:43,111007266356,🔱守望w,身法哥,[等级29],[粉丝团 Lv15]
2026-05-13 23:38:45,782461558602846,孬,疯狂走位。[捂脸],[等级13],[粉丝团 Lv11]
2026-05-13 23:38:46,66873200785,岁岁平安,s走位,[等级3],
2026-05-13 23:38:46,7426602994870043708,¯͒,[捂脸][捂脸],[等级9],
2026-05-13 23:38:48,97574588840,晶东--Mr.彭,有身法,[等级13],
2026-05-13 23:38:49,2007084944330340,陈不住气的玩意,[捂脸],,
2026-05-13 23:38:53,76445642992,晴·芷,秀,[等级4],
2026-05-13 23:38:56,104917868526,🌅,？,[等级7],[粉丝团 Lv8]
2026-05-13 23:38:59,66873200785,岁岁平安,蛇皮身法,[等级3],
2026-05-13 23:39:00,101875225014,🐮,可怜的马儿,[等级15],[粉丝团 Lv6]
2026-05-13 23:39:02,106188716555,小岩4v1,[666],[等级19],[粉丝团 Lv5]
2026-05-13 23:39:02,2946315483621007,杪諒,天塌了[捂脸][捂脸],[等级31],[粉丝团 Lv10]
2026-05-13 23:39:09,101223602526,爱，不解释,你的马，你想要吗,[等级17],
2026-05-13 23:39:19,101718875526,yyiouo,上吧咋死的,[等级22],
2026-05-13 23:39:20,3016705101273992,我爱小郑子,新的一局？,[等级3],[粉丝团 Lv2]
2026-05-13 23:39:24,4862013350589,厉扑,有弓就好了,[等级21],[粉丝团 Lv11]
2026-05-13 23:39:30,100515465222,✨甜憨憨吖🌈,秀了一脸,[等级8],[粉丝团 Lv3]
2026-05-13 23:39:34,844867683494035,起 点,高手不少 看走位就知道了,[等级28],[粉丝团 Lv8]
2026-05-13 23:39:35,101223602526,爱，不解释,还有个车,[等级17],
2026-05-13 23:39:36,95507451318,溪鱼,啤酒瓶舍不得用[捂脸][捂脸][捂脸],[等级17],[粉丝团 Lv10]
2026-05-13 23:39:43,4233546532927219,🉑🈶🉑🈚,好,[等级20],[粉丝团 Lv10]
2026-05-13 23:39:44,4164567745964686,帕·拉,这队很呆,[等级26],[粉丝团 Lv11]
2026-05-13 23:39:46,101758666678,大头娃娃,爆炸烈弓削弱了,[等级30],[粉丝团 Lv15]
2026-05-13 23:39:49,52495544292,玩了个寂寞,马会游泳合理不[呲牙],[等级16],[粉丝团 Lv5]
2026-05-13 23:39:57,96996619230,顺风顺水！,这句演过，猫局死了,[等级12],[粉丝团 Lv11]
2026-05-13 23:40:01,100515465222,✨甜憨憨吖🌈,两妹妹：这游戏是这么玩的？,[等级8],[粉丝团 Lv3]
2026-05-13 23:40:01,101113424883,加菲猫,蛇皮走位，对面有点东西,[等级17],
2026-05-13 23:40:01,100692868329,圆嘟嘟,这两个妹子。老是倒。耽误战斗力,[等级12],[粉丝团 Lv11]
2026-05-13 23:40:02,102764505717,🌈🌈98982620🌈🌈,搞的妹子都不会玩了，,[等级30],
2026-05-13 23:40:07,101223602526,爱，不解释,先打，看坤路的,[等级17],
2026-05-13 23:40:11,109234761799,数今朝风流人物,人什么？,[等级26],[粉丝团 Lv1]
2026-05-13 23:40:15,101113424883,加菲猫,是高手，看走位就知道[看],[等级17],
2026-05-13 23:40:21,59772307216,河南烧饼肉夹馍在晋江,说机别带吧,[等级22],
2026-05-13 23:40:27,96471514187,小兮兮,[捂脸][捂脸][捂脸],[等级10],[粉丝团 Lv5]
2026-05-13 23:40:27,63131072804,🌈🌈执念,人什么,[等级24],[粉丝团 Lv8]
2026-05-13 23:40:28,3452113493171796,韬总威武！,真的菜,[等级7],
2026-05-13 23:40:29,7426602994870043708,¯͒,[捂脸][捂脸][捂脸][捂脸],[等级9],
2026-05-13 23:40:30,59772307216,河南烧饼肉夹馍在晋江,是人机吧,[等级22],
2026-05-13 23:40:30,2007084944330340,陈不住气的玩意,码啊,,
2026-05-13 23:40:30,4233546532927219,🉑🈶🉑🈚,哈哈哈哈,[等级20],[粉丝团 Lv10]
2026-05-13 23:40:30,100576559556,⚈₃⚈,哈哈哈哈哈,[等级22],
2026-05-13 23:40:30,105457912449,Mr.馬,[捂脸][捂脸][捂脸][捂脸],[等级11],[粉丝团 Lv11]
2026-05-13 23:40:31,100091419668,影子あ恋人,[捂脸][捂脸][捂脸][捂脸],[等级38],[粉丝团 Lv15]
2026-05-13 23:40:32,3406705907740807,何爱华（承蒙厚爱）,[捂脸][捂脸][捂脸],[等级22],[粉丝团 Lv12]
2026-05-13 23:40:32,2709613969410464,用户9074216893047,是人机，不是人机吧？[呲牙][呲牙][呲牙][呲牙],[等级3],
2026-05-13 23:40:34,104600621959,戒心,破枪法,[等级26],[粉丝团 Lv7]
2026-05-13 23:40:35,111107367570,尘莳,哈哈哈哈哈哈哈哈,[等级19],[粉丝团 Lv4]
2026-05-13 23:40:36,101875225014,🐮,机哥厉害呀[捂脸],[等级15],[粉丝团 Lv6]
2026-05-13 23:40:36,4432834332736103,行走的蜗牛,[捂脸][捂脸][捂脸][捂脸],[等级15],
2026-05-13 23:40:36,111007266356,🔱守望w,[捂脸][捂脸][捂脸],[等级29],[粉丝团 Lv15]
2026-05-13 23:40:36,3087857021107373,碇真嗣,[捂脸][捂脸][捂脸][捂脸],[等级6],[粉丝团 Lv1]
2026-05-13 23:40:38,100515465222,✨甜憨憨吖🌈,被人机走位了,[等级8],[粉丝团 Lv3]
2026-05-13 23:40:38,1244249822078139,碎星闪闪,[捂脸][捂脸][捂脸][捂脸][捂脸][捂脸],[等级7],[粉丝团 Lv10]
2026-05-13 23:40:39,289867803671152,英子,[捂脸][捂脸],[等级15],[粉丝团 Lv13]
2026-05-13 23:40:40,99519056697,一二三k,哈哈哈哈,[等级7],[粉丝团 Lv8]
2026-05-13 23:40:41,68422483360,深情不及久伴,@韬总威武！ 看看你牛逼的战绩,[等级25],[粉丝团 Lv11]
2026-05-13 23:40:44,106767791004,迦_南,被人机戏弄了,[等级18],[粉丝团 Lv6]
2026-05-13 23:40:51,88757268529,张小狮,[捂脸],[等级11],[粉丝团 Lv11]
2026-05-13 23:40:54,61890472963,weiwf,这枪不行啊,[等级5],[粉丝团 Lv7]
2026-05-13 23:40:54,3076849955251482,K…归途,98卡,[等级6],[粉丝团 Lv4]
2026-05-13 23:40:56,3913913666903720,太阳☀,没子弹，尴尬[捂脸][捂脸],[等级41],[粉丝团 Lv13]
2026-05-13 23:40:56,2946315483621007,杪諒,干他,[等级31],[粉丝团 Lv10]
2026-05-13 23:40:58,100515465222,✨甜憨憨吖🌈,上城在哪,[等级8],[粉丝团 Lv3]
2026-05-13 23:41:03,101758666678,大头娃娃,君雅，爆炸烈弓削弱了，是真的,[等级30],[粉丝团 Lv15]
2026-05-13 23:41:03,67323093284,🌜秋风落叶🌛,打得牛逼,[等级5],
2026-05-13 23:41:07,104713691535,ZL,上城？,[等级15],[粉丝团 Lv2]
2026-05-13 23:41:09,2647221106909662,意昂,丛珊珊[爱心]你能看见我不😏,[等级25],
2026-05-13 23:41:15,844867683494035,起 点,有个妹子听见啥都很惊讶,[等级28],[粉丝团 Lv8]
2026-05-13 23:41:17,4164567745964686,帕·拉,拿的烧火棍,[等级26],[粉丝团 Lv11]
2026-05-13 23:41:19,101223602526,爱，不解释,你没看他骑马吗谁到了,[等级17],
2026-05-13 23:41:23,107852898757,7什么7Q,[比心][比心][比心],[等级27],[粉丝团 Lv11]
2026-05-13 23:41:26,52495544292,玩了个寂寞,有倍镜的没子弹，有子弹的没倍镜,[等级16],[粉丝团 Lv5]
2026-05-13 23:41:28,292887482075868,一叶知秋,这队呆,[等级4],[粉丝团 Lv1]
2026-05-13 23:41:30,106549161835,献血的蚊子,一起上了,[等级2],
2026-05-13 23:41:37,101223602526,爱，不解释,好的,[等级17],
2026-05-13 23:41:39,84917152826,一口吃成肥坨坨,还是上一把的妹妹么,[等级21],
2026-05-13 23:41:39,61485803368,ᥫᩣฅ⭐,上把吃鸡了么,[等级3],[粉丝团 Lv6]
2026-05-13 23:41:40,2008150680020944,风说。,妹妹好可爱，啥也问一嘴,[等级11],
2026-05-13 23:41:41,67862230314,别动,怎么有烟,[等级8],[粉丝团 Lv4]
2026-05-13 23:41:42,103712933265,૮₍♡♡₎ა,都封烟了,[等级19],[粉丝团 Lv10]
2026-05-13 23:41:43,98932747508,前还可修,这两个小姐姐唯唯诺诺,[等级20],
2026-05-13 23:41:46,2013921850951495,幔牛🐮,让小姐姐别乱动,[等级2],[粉丝团 Lv2]
2026-05-13 23:41:48,68422483360,深情不及久伴,@玩了个寂寞 你讲的好命苦,[等级25],[粉丝团 Lv11]
2026-05-13 23:41:53,92315339223,姐夫不喝药,这不上吗,[等级13],[粉丝团 Lv11]
2026-05-13 23:42:02,101223602526,爱，不解释,我让你三个人,[等级17],
2026-05-13 23:42:12,100056462711,是玲玲吖丶ᥫᩣ,死了一个是人机,[等级29],[粉丝团 Lv8]
2026-05-13 23:42:15,99349758303,明飉,骂人啊,[等级11],
2026-05-13 23:42:32,3013139552021534,🦁🖤,@爱，不解释 需要你让吗 老头（絲,[等级32],[粉丝团:张君雅 Lv16]
2026-05-13 23:42:53,24852553135,仙,@褄 在看你爱播吗,[等级28],[粉丝团 Lv12]
2026-05-13 23:42:56,84917152826,一口吃成肥坨坨,还是上一把的妹妹么,[等级21],
2026-05-13 23:42:58,101223602526,爱，不解释,没结束了,[等级17],
2026-05-13 23:43:11,1496888508707210,千年6141,来了来了,[等级10],
2026-05-13 23:43:17,101223602526,爱，不解释,你是女的,[等级17],
2026-05-13 23:43:24,1416632014220120,ゞ信了你的谐ゞゞ⁶⁶⁶💞,先去控车回来,,
2026-05-13 23:43:25,782461558602846,孬,@一口吃成肥坨坨 对,[等级13],[粉丝团 Lv11]
2026-05-13 23:43:25,101223602526,爱，不解释,不想理了,[等级17],
2026-05-13 23:43:35,71052094484,꧁💞时光不᭄ᩚ꯭ᩚ语꧂,发财,,
2026-05-13 23:43:40,237962435498220,⁸⁰登堡山⁰⁸,大狙在手，吃鸡稳有,[等级38],[粉丝团 Lv16]
2026-05-13 23:43:41,7612951911537198138,一条锦鲤游啊游～,终于有好装备了,[等级6],[粉丝团 Lv1]
2026-05-13 23:43:43,101409893153,李17,改了吗？之前不是11点后就没信号枪了,[等级32],
2026-05-13 23:43:45,51782197378,爱哭的鱼…,这两妹妹好听话，乖乖的,[等级34],[粉丝团:张君雅 Lv15]
2026-05-13 23:43:49,101223602526,爱，不解释,我的底线，你老事,[等级17],
2026-05-13 23:43:52,99372859314,启  夏,@李17 改了,[等级25],[粉丝团 Lv15]
2026-05-13 23:44:00,102514585410,**,鲨鱼呢,[等级18],
2026-05-13 23:44:01,3016705101273992,我爱小郑子,爆炸弓伤害是不是削了,[等级3],[粉丝团 Lv2]
2026-05-13 23:44:02,1665125787916297,念成怅,树那个包有八倍,[等级5],
2026-05-13 23:44:05,109867016158,马行百川,坑包有,[等级16],
2026-05-13 23:44:05,93956203900,如初出出出太阳,声音怎么像2 yo,[等级7],
2026-05-13 23:44:18,59252253998,城南花已败。,@我爱小郑子 嗯,[等级25],
2026-05-13 23:44:19,72179010645,✨三十六,有8倍,[等级25],[粉丝团 Lv10]
2026-05-13 23:44:21,81242805460,Z。,开密室,[等级19],
2026-05-13 23:44:27,1127458320941788,2100,爆炸弓背削弱了,[等级25],
2026-05-13 23:44:33,72179010645,✨三十六,河边,[等级25],[粉丝团 Lv10]
2026-05-13 23:44:34,105457912449,Mr.馬,有吗,[等级11],[粉丝团 Lv11]
2026-05-13 23:44:37,81242805460,Z。,开密室,[等级19],
2026-05-13 23:44:44,94104256510,小意欲,@念成怅 实在不行就捐了吧,[等级26],[粉丝团 Lv12]
2026-05-13 23:44:45,100515465222,✨甜憨憨吖🌈,崽崽,[等级8],[粉丝团 Lv3]
2026-05-13 23:44:46,59252253998,城南花已败。,原来三箭，现在要四箭,[等级25],
2026-05-13 23:44:50,101223602526,爱，不解释,哎呀，我朋友不想打她，只是给了她正常。,[等级17],
2026-05-13 23:44:54,1127458320941788,2100,爆炸弓背削弱了,[等级25],
2026-05-13 23:44:58,1127458320941788,2100,爆炸弓背削弱了,[等级25],
2026-05-13 23:45:02,1127458320941788,2100,爆炸弓背削弱了,[等级25],
2026-05-13 23:45:03,921866189681067,夜空,贴膜雅,[等级4],
2026-05-13 23:45:04,844867683494035,起 点,帕拉梅拉,[等级28],[粉丝团 Lv8]
2026-05-13 23:45:05,7409694092488164412,一生一世亿双人,密室,[等级33],[粉丝团 Lv9]
2026-05-13 23:45:06,68422483360,深情不及久伴,@爱，不解释 叭叭什么，一直说个没停,[等级25],[粉丝团 Lv11]
2026-05-13 23:45:08,2700009298731404,𩵋,一个老人机，别来这里要画面了[捂脸],[等级31],[粉丝团 Lv16]
2026-05-13 23:45:09,68635002201,Lonely patients,假车库有箭矢,[等级6],[粉丝团 Lv5]
2026-05-13 23:45:12,1127458320941788,2100,爆炸弓背削弱了,[等级25],
2026-05-13 23:45:15,3819026927860087,搁浅的鱼！！,不给妹妹来个大粉车皮肤,[等级22],[粉丝团 Lv5]
2026-05-13 23:45:16,509818415880967,中意李,这装备稳稳的啦,[等级7],[粉丝团 Lv4]
2026-05-13 23:45:17,98932747508,前还可修,这局吃鸡了,[等级20],
2026-05-13 23:45:17,1127458320941788,2100,爆炸弓背削弱了,[等级25],
2026-05-13 23:45:18,59300356633,哈哈哈哈嗝儿～,[比心],[等级6],[粉丝团 Lv10]
2026-05-13 23:45:18,7615988333545931813,ik-🦋,空投掉的好慢,,
2026-05-13 23:45:22,1127458320941788,2100,爆炸弓背削弱了,[等级25],
2026-05-13 23:45:22,96035345005,夏春明,生日快乐，别说了,[等级13],[粉丝团 Lv1]
2026-05-13 23:45:23,52968793923,my.love在哪？,[爱心],[等级17],[粉丝团 Lv9]
2026-05-13 23:45:24,4233546532927219,🉑🈶🉑🈚,哈哈哈哈,[等级20],[粉丝团 Lv10]
2026-05-13 23:45:28,1127458320941788,2100,爆炸弓背削弱了,[等级25],
2026-05-13 23:45:28,1550790080605992,白鸟未寒,打不过就打不过，找什么借口,[等级21],[粉丝团 Lv10]
2026-05-13 23:45:30,826425753210750,小吴,海岛悍匪,[等级6],[粉丝团 Lv1]
2026-05-13 23:45:31,59252253998,城南花已败。,开密室就有了,[等级25],
2026-05-13 23:45:33,1127458320941788,2100,爆炸弓背削弱了,[等级25],
2026-05-13 23:45:33,110337030222,用户9726870965021,桥上包,[等级24],[粉丝团 Lv13]
2026-05-13 23:45:35,3910314482220471,晨光,喜欢看，就是不点关注,[等级11],[粉丝团 Lv4]
2026-05-13 23:45:36,3509297263938231,阳光大斌,主播声音好听,,
2026-05-13 23:45:37,96742992675,༺༃Happy的楠哥༃༻⁵¹⁰⁷⁴,帅哥来了[鼓掌][鼓掌][鼓掌],[等级37],[粉丝团 Lv16]
2026-05-13 23:45:37,80744237861,无妄生欢,你有密室,[等级15],[粉丝团 Lv1]
2026-05-13 23:45:39,97608742493,福铭轩,桥上那个箱子没舔呢[捂脸][捂脸][捂脸],[等级12],[粉丝团 Lv7]
2026-05-13 23:45:39,3131003575217502,沙漠之狼,桥头还有人机包,[等级24],[粉丝团 Lv11]
2026-05-13 23:45:39,1127458320941788,2100,爆炸弓背削弱了,[等级25],
2026-05-13 23:45:39,1638698417392734,·7,[捂脸],[等级7],
2026-05-13 23:45:41,3047482674388180,菜场在逃肥鸡,@2100 知道了别刷屏,[等级13],[粉丝团 Lv7]
2026-05-13 23:45:41,3013139552021534,🦁🖤,@白鸟未寒 ？（絲,[等级32],[粉丝团:张君雅 Lv16]
2026-05-13 23:45:41,2263256806988026,分,开密室拿八倍,[等级9],[粉丝团 Lv9]
2026-05-13 23:45:43,200534786313507,゜,刷屏干嘛,,
2026-05-13 23:45:44,47972078589495,海哥 在路上,密室,[等级21],[粉丝团 Lv9]
2026-05-13 23:45:45,61524628975,Tender一小哥哥,人机包有8倍,[等级15],[粉丝团 Lv11]
2026-05-13 23:45:45,86766639069,小巷,老黑生日快乐,[等级7],[粉丝团 Lv3]
2026-05-13 23:45:48,69550548628,月朦胧,这局妹高手,[等级4],
2026-05-13 23:45:48,1445217858227408,季靶场,暖背是什么东西？,[等级30],
2026-05-13 23:45:51,4314916384157933,林大胆很胆小,君雅大宝贝 够够,[等级23],[粉丝团 Lv7]
2026-05-13 23:45:52,1550790080605992,白鸟未寒,@🦁🖤 说那个人的,[等级21],[粉丝团 Lv10]
2026-05-13 23:45:53,61146082622,听夏,白天几点播,[等级2],[粉丝团 Lv1]
2026-05-13 23:45:54,3438921414351399,淡泊·明智,超空里有8倍,[等级15],[粉丝团 Lv11]
2026-05-13 23:45:54,1127458320941788,2100,还是想看你玩复合弓,[等级25],
2026-05-13 23:45:55,3013139552021534,🦁🖤,@白鸟未寒 你想被罵？（絲,[等级32],[粉丝团:张君雅 Lv16]
2026-05-13 23:45:57,103338026621,謀,@2100 削弱就削弱你刷屏干嘛,[等级34],
2026-05-13 23:45:58,844867683494035,起 点,@阳光大斌 你是认真的？,[等级28],[粉丝团 Lv8]
2026-05-13 23:46:01,4330355120149084,唯一♥,桥上人机包看看有没有8倍,[等级8],[粉丝团 Lv7]
2026-05-13 23:46:14,1127458320941788,2100,爆炸弓背削弱了 还是想看你玩复合弓,[等级25],
2026-05-13 23:46:15,1811628647529576,老张了嘞,舔不完根本舔不完[捂脸],[等级8],[粉丝团 Lv9]
2026-05-13 23:46:15,68717554143,一网情深,翠翠,[等级13],
2026-05-13 23:46:16,75595579749,🌈 𝔂𝓪𝓸 ᥫᩣ,你不是有钥匙🔑吗,[等级13],
2026-05-13 23:46:17,57054569837,CC,蔡蔡,[等级15],[粉丝团 Lv3]
2026-05-13 23:46:17,1127458320941788,2100,爆炸弓背削弱了 还是想看你玩复合弓,[等级25],
2026-05-13 23:46:17,1550790080605992,白鸟未寒,@🦁🖤 我说那个说让的那个,[等级21],[粉丝团 Lv10]
2026-05-13 23:46:18,106108345912,风起,小张你累不累,[等级20],[粉丝团 Lv3]
2026-05-13 23:46:19,101223602526,爱，不解释,所有人都不是用一句心跑上去了，如果这个人背叛了你。你就用你的狠心。因为你是老板。,[等级17],
2026-05-13 23:46:19,68632616423,寂寞的酒杯,密室有八倍,[等级27],[粉丝团 Lv13]
2026-05-13 23:46:21,1127458320941788,2100,爆炸弓背削弱了 还是想看你玩复合弓,[等级25],
2026-05-13 23:46:22,98127314878,艾瑞巴蒂跟我一起嗨,炮筒也带上,[等级25],[粉丝团 Lv11]
2026-05-13 23:46:23,52414226105047,航息,开密室就有八倍,[等级11],[粉丝团 Lv7]
2026-05-13 23:46:24,1127458320941788,2100,爆炸弓背削弱了 还是想看你玩复合弓,[等级25],
2026-05-13 23:46:24,96362302466,桃子晚晚,点点赞[比心],[等级8],[粉丝团 Lv9]
2026-05-13 23:46:26,2009542393864356,铭朗建筑小周,开密室,[等级34],[粉丝团 Lv10]
2026-05-13 23:46:27,100623522640,🌈忆丿青春,医疗队,[等级19],[粉丝团 Lv9]
2026-05-13 23:46:30,65822054361,姚R,大学生,[等级10],
2026-05-13 23:46:32,1127458320941788,2100,爆炸弓背削弱了 还是想看你玩复合弓,[等级25],
2026-05-13 23:46:33,1137314775698301,じve 晨灬安╰☆╮,彩彩？这名字[捂脸],[等级10],[粉丝团 Lv4]
2026-05-13 23:46:35,7615988333545931813,ik-🦋,温柔,,
2026-05-13 23:46:35,4398499792427923,@哆啦A梦,[捂脸][捂脸],[等级20],
2026-05-13 23:46:35,78780549307,偌靉(安全员)99,节奏太慢了这两妹妹,[等级21],[粉丝团 Lv10]
2026-05-13 23:46:35,108192023152,安静的守护,拿箭呀,[等级14],
2026-05-13 23:46:36,3499079530454192,睡不完的觉,蠢萌大学生,[等级10],
2026-05-13 23:46:36,1864375673819964,@﹌自由_,[捂脸][捂脸][捂脸][捂脸][捂脸][捂脸],[等级27],[粉丝团 Lv3]
2026-05-13 23:46:37,1719288700614109,xl .,开密室有八倍,[等级27],[粉丝团 Lv8]
2026-05-13 23:46:37,2181037444839293,某哩佢锦多,两个都很甜,[等级7],[粉丝团 Lv9]
2026-05-13 23:46:38,782461558602846,孬,我俩现实的[捂脸],[等级13],[粉丝团 Lv11]
2026-05-13 23:46:40,3302574303231070,雪山之巅,估计是在校大学生,,
2026-05-13 23:46:40,106137797126,一直都在,密室有8倍,[等级19],
2026-05-13 23:46:40,1644525708386619,八九野马,他俩是哪里人,[等级21],
2026-05-13 23:46:41,68422483360,深情不及久伴,@2100 刷屏干什么,[等级25],[粉丝团 Lv11]
2026-05-13 23:46:41,75463265253,720,菜菜,[等级21],[粉丝团 Lv2]
2026-05-13 23:46:41,104983956109,清风徐来¥,@2100 你家有事啊，一直刷,[等级32],[粉丝团 Lv10]
2026-05-13 23:46:42,417427108929038,麦幽,好基友,[等级3],[粉丝团 Lv6]
2026-05-13 23:46:42,52613052666,秋雨寒,@2100 闲的吧,[等级34],
2026-05-13 23:46:43,7571018575764489273,木易。,@2100 没有太大影响，多打一发的事，已经测试过了,[等级6],[粉丝团 Lv4]
2026-05-13 23:46:43,105467129481,奋斗,@2100 在别神了,[等级14],
2026-05-13 23:46:44,3576030622917117,飒宏精品优选,主播好带女人机[赞],[等级19],
2026-05-13 23:46:45,53617735581,珊珊.,@2100 别刷屏,[等级19],[粉丝团 Lv3]
2026-05-13 23:46:45,84407089716,慢慢的跑,问问有没有男朋友,[等级19],
2026-05-13 23:46:47,97926555093,醉梦逐风,传说中的,[等级7],
2026-05-13 23:46:53,852832636112283,𓆡,我们是现实的那个，我捡一下G3[捂脸],[等级10],[粉丝团 Lv10]
2026-05-13 23:46:55,59782841206,长 春,20发箭,[等级32],
2026-05-13 23:46:58,4233577416884612,搞💰钱,密室概率有八倍,[等级31],
2026-05-13 23:46:59,61874006555,梵高先生⁰⁷²⁶,不去拿箭吗,[等级28],[粉丝团 Lv6]
2026-05-13 23:47:00,1127458320941788,2100,爆炸弓背削弱了 还是想看你玩复,[等级25],
2026-05-13 23:47:02,4233546532927219,🉑🈶🉑🈚,问问妹妹缺老登吗？,[等级20],[粉丝团 Lv10]
2026-05-13 23:47:03,4396261449688707,恐龙扛狼,[看][看],[等级6],[粉丝团 Lv9]
2026-05-13 23:47:05,231375413972592,欢乐的跳痘,人机包没舔,[等级7],[粉丝团 Lv2]
2026-05-13 23:47:05,2088722932704611,阿莫西林胶囊,听口音西北的,[等级9],[粉丝团 Lv7]
2026-05-13 23:47:05,100515465222,✨甜憨憨吖🌈,菜菜和崽崽,[等级8],[粉丝团 Lv3]
2026-05-13 23:47:06,51782197378,爱哭的鱼…,两小姐姐好乖好乖,[等级34],[粉丝团:张君雅 Lv15]
2026-05-13 23:47:15,68422483360,深情不及久伴,@2100 有事吗你,[等级25],[粉丝团 Lv11]
2026-05-13 23:47:16,1550790080605992,白鸟未寒,@🦁🖤 不了解情况就想骂，你素质真高,[等级21],[粉丝团 Lv10]
2026-05-13 23:47:16,76133959662,@等风起,这俩妹子有意思,[等级14],[粉丝团 Lv8]
2026-05-13 23:47:23,63027055055,美女社社长,自从爆炸弓出来之后就很少看到抢楼攻楼了,[等级2],
2026-05-13 23:47:24,70080750727,╄→杉繁星落,还有20发箭不拿？,[等级28],
2026-05-13 23:47:25,109348233166,乄兴源,？我不看说有红包吗，红包呢[看],[等级29],[粉丝团 Lv14]
2026-05-13 23:47:27,7571018575764489273,木易。,@2100 是修复伤害异常bug,[等级6],[粉丝团 Lv4]
2026-05-13 23:47:29,1640107378216685,哈哈啊,对玩游戏厉害的小姐姐   简直没有抵抗力啊,[等级5],
2026-05-13 23:47:32,844867683494035,起 点,别问了 小姐姐不喜欢老登,[等级28],[粉丝团 Lv8]
2026-05-13 23:47:34,1999387593817610,农村人,@哎粉,[等级36],[粉丝团 Lv10]
2026-05-13 23:47:37,96800023676,只要啤酒,真黑,[等级31],[粉丝团 Lv4]
2026-05-13 23:47:41,92517899487,孤傲,怎么不穿工作服,[等级26],[粉丝团 Lv10]
2026-05-13 23:47:43,875653320155998,乌拉……,手真快[捂脸],,
2026-05-13 23:47:47,1127458320941788,2100,@深情不及久伴 咋了,[等级25],
2026-05-13 23:47:47,78519164857,是你没选我啊！,听口音这俩妹子都是中国的[捂脸][捂脸][捂脸],[等级22],[粉丝团 Lv12]
2026-05-13 23:47:51,101223602526,爱，不解释,我给你说，我今天说的话，她今天得9个小时理解,[等级17],
2026-05-13 23:47:51,2608493060174936,大虾仁,六倍不是镜是吧,[等级12],
2026-05-13 23:47:55,64120797080,👑✌︎︎嗲嗲小师妹 🪴🕊ᰔᩚ₅²⁰,刚从地下出来右边是不是有车啊,[等级11],[粉丝团 Lv7]
2026-05-13 23:47:56,64334931336,近心,想看雅马哈,[等级7],[粉丝团 Lv6]
2026-05-13 23:47:57,3013139552021534,🦁🖤,@白鸟未寒 先看看你會不會打字 罵你咋了（絲,[等级32],[粉丝团:张君雅 Lv16]
2026-05-13 23:48:00,96678187289,苦,1080,[等级8],
2026-05-13 23:48:05,71052094484,꧁💞时光不᭄ᩚ꯭ᩚ语꧂,@是你没选我啊！ [捂脸][捂脸][捂脸],,
2026-05-13 23:48:05,68422483360,深情不及久伴,@2100 一直刷屏，都让你别刷了，看不到?,[等级25],[粉丝团 Lv11]
2026-05-13 23:48:06,92403004279,00K很ok！,妹子江苏的吧,[等级14],[粉丝团 Lv10]
2026-05-13 23:48:10,77416951506,ら孤痞,@乄兴源 刚结束[看],[等级36],[粉丝团 Lv17]
2026-05-13 23:48:12,92517899487,孤傲,主播怎么不穿工作服,[等级26],[粉丝团 Lv10]
2026-05-13 23:48:12,3013139552021534,🦁🖤,@白鸟未寒 罵你了嗎？（絲,[等级32],[粉丝团:张君雅 Lv16]
2026-05-13 23:48:16,3408129413099243,@许,1080,,
2026-05-13 23:48:20,94104256510,小意欲,@爱，不解释 喝了多少假酒啊？隔这吟诗作对的？,[等级26],[粉丝团 Lv12]
2026-05-13 23:48:20,1560954851308167,壹壹呀一一🍒,刚刚好卡啊 现在不卡了[捂脸],[等级7],[粉丝团 Lv9]
2026-05-13 23:48:22,98365499357,大彻大悟！！！,上局那对吃鸡了。,[等级26],
2026-05-13 23:48:22,109348233166,乄兴源,[流泪][流泪][流泪]来晚了[流泪][流泪],[等级29],[粉丝团 Lv14]
2026-05-13 23:48:23,7409694092488164412,一生一世亿双人,欧k,[等级33],[粉丝团 Lv9]
2026-05-13 23:48:28,2386378385529776,ღ 念池鱼,想问吃鸡了吗,[等级16],
2026-05-13 23:48:32,83741692901,925,有没有黑子出来吵架,[等级33],[粉丝团 Lv7]
2026-05-13 23:48:33,111007266356,🔱守望w,到了张老黑的节奏了，这把能吃鸡[666][666][666],[等级29],[粉丝团 Lv15]
2026-05-13 23:48:33,3013139552021534,🦁🖤,@白鸟未寒 給你臉了？（絲,[等级32],[粉丝团:张君雅 Lv16]
2026-05-13 23:48:36,105467129481,奋斗,@深情不及久伴 把你急的，今天挣够钱了,[等级14],
2026-05-13 23:48:36,104917868526,🌅,[捂脸],[等级7],[粉丝团 Lv8]
2026-05-13 23:48:38,105190172529,信——封,@🦁🖤 你骂他就是夸他了[捂脸],[等级34],[粉丝团 Lv11]
2026-05-13 23:48:38,1257437656002798,某某.,?,[等级34],[粉丝团:张君雅 Lv16]
2026-05-13 23:48:40,4233546532927219,🉑🈶🉑🈚,[捂脸][尬笑][捂脸][尬笑],[等级20],[粉丝团 Lv10]
2026-05-13 23:48:41,71328393423,🌈壹惗🌈🌈🌈,[捂脸][捂脸][捂脸],[等级27],[粉丝团 Lv12]
2026-05-13 23:48:43,71074166083,乔巴,[捂脸],[等级34],[粉丝团 Lv11]
2026-05-13 23:48:44,3047482674388180,菜场在逃肥鸡,哇这个车皮好好看,[等级13],[粉丝团 Lv7]
2026-05-13 23:48:45,119164766009214,嗨嗨皮皮,好好看呀,[等级1],[粉丝团 Lv3]
2026-05-13 23:48:45,2199495111881947,孟阳,暗爽,[等级14],[粉丝团 Lv5]
2026-05-13 23:48:46,3073872191297821,zZ,[捂脸][捂脸][捂脸][捂脸],[等级27],[粉丝团 Lv15]
2026-05-13 23:48:47,71126905166,抖音小肋手,[捂脸],[等级10],[粉丝团 Lv10]
2026-05-13 23:48:47,66429338186,っ一枚猫奴,妹子陕西的,[等级8],[粉丝团 Lv2]
2026-05-13 23:48:51,81685857638,漠漠漠,[尬笑],[等级27],[粉丝团 Lv6]
2026-05-13 23:48:51,19875229108,与往事干杯～,天天撩妹,[等级21],[粉丝团 Lv9]
2026-05-13 23:48:52,1820388404241923,小悔.,依旧情绪价值,[等级4],
2026-05-13 23:48:55,96777140100,🌈❦ ꔷ 暖阳・c・ ⚜️,新粉，这个马玩的真6,[等级4],
2026-05-13 23:48:57,111574193221,林包包,平板最高能开多少帧数呀，苹果iPad哪款打游戏比较好[比心],[等级11],[粉丝团 Lv7]
2026-05-13 23:48:58,2199495111881947,孟阳,暗爽了,[等级14],[粉丝团 Lv5]
2026-05-13 23:48:59,782461558602846,孬,"前有Oh, yes妹妹，现在有OK妹妹[捂脸]",[等级13],[粉丝团 Lv11]
2026-05-13 23:48:59,71533879276,懒得起名字,老黑就会拿这个车皮泡妞[捂脸][捂脸][捂脸],[等级15],[粉丝团 Lv8]
2026-05-13 23:49:03,2269861915929800,不会潜水的鱼,送一台给妹子,,
2026-05-13 23:49:04,77171704782,M,厂谁知道张俊雅一场直播赚多少钱？,[等级11],
2026-05-13 23:49:04,2199495111881947,孟阳,爽了,[等级14],[粉丝团 Lv5]
2026-05-13 23:49:06,3723397241514860,欺侮老头,专门给妹子贴的车皮[看],,
2026-05-13 23:49:07,93891127862,魏什么有答案吗,山东的,[等级17],[粉丝团 Lv3]
2026-05-13 23:49:08,101223602526,爱，不解释,因为下播，她的洗漱，得吃粉，他睡的时间也不老够。,[等级17],
2026-05-13 23:49:10,2199495111881947,孟阳,？,[等级14],[粉丝团 Lv5]
2026-05-13 23:49:10,66873200785,岁岁平安,哈哈哈,[等级3],
2026-05-13 23:49:15,94104256510,小意欲,@奋斗 你挺懂？从小被家里人熏陶的吧？,[等级26],[粉丝团 Lv12]
2026-05-13 23:49:16,1627697591880078,用户1557569082216,OKOK,[等级9],[粉丝团 Lv5]
2026-05-13 23:49:16,59541310083,点点儿,@孬 我也喜欢热树,[等级15],
2026-05-13 23:49:19,4438055639858984,叶初,两蠢萌大学生[捂脸],[等级17],[粉丝团 Lv8]
2026-05-13 23:49:20,2199495111881947,孟阳,1,[等级14],[粉丝团 Lv5]
2026-05-13 23:49:21,101223602526,爱，不解释,传奇,[等级17],
2026-05-13 23:49:21,100910484972,ㅤ ㅤㅤㅤ ㅤ,@M 千万上下吧,[等级19],[粉丝团 Lv12]
2026-05-13 23:49:21,66873200785,岁岁平安,这个车好好看啊呀,[等级3],
2026-05-13 23:49:24,60887449857,🌸一朵小花,局哥就是哄妹妹玩的[大笑],[等级22],[粉丝团 Lv10]
2026-05-13 23:49:24,7615988333545931813,ik-🦋,最后一把  悠着点吧,,
2026-05-13 23:49:25,4111819086767316,⑧,@M 关你什么事？,[等级21],[粉丝团 Lv15]
2026-05-13 23:49:25,2199495111881947,孟阳,11111,[等级14],[粉丝团 Lv5]
2026-05-13 23:49:25,844867683494035,起 点,@M 几十万到几百万,[等级28],[粉丝团 Lv8]
2026-05-13 23:49:26,66992414470,ღ᭄🌟এ,[捂脸][捂脸][捂脸][捂脸]老黑真会拿捏小女生[捂脸][捂脸][捂脸][捂脸],[等级27],[粉丝团 Lv15]
2026-05-13 23:49:26,64334931336,近心,雅马哈雅马哈,[等级7],[粉丝团 Lv6]
2026-05-13 23:49:27,2721991177274552,深夜故事会,这俩妹妹听口音像西北地区的,[等级12],[粉丝团 Lv10]
2026-05-13 23:49:32,99426598613,追梦的少年,必碎,[等级12],[粉丝团 Lv12]
2026-05-13 23:49:32,105467129481,奋斗,@小意欲 你也急了，还没下班？,[等级14],
2026-05-13 23:49:38,101223602526,爱，不解释,知道不。,[等级17],
2026-05-13 23:49:40,1257437656002798,某某.,“喜欢吗”“我厉不厉害”公式化骚扰这块,[等级34],[粉丝团:张君雅 Lv16]
2026-05-13 23:49:40,101896965563,不喜豆瓣,不是以前哪个号了,[等级25],[粉丝团 Lv11]
2026-05-13 23:49:42,2199495111881947,孟阳,1111[捂脸][捂脸][捂脸][捂脸][捂脸],[等级14],[粉丝团 Lv5]
2026-05-13 23:49:47,96139282686,ㅤㅤᅠ,拿老黑单工具人[看],[等级33],[粉丝团 Lv8]
2026-05-13 23:49:49,94104256510,小意欲,@奋斗 你家人没下班，我下不了啊,[等级26],[粉丝团 Lv12]
2026-05-13 23:49:50,77171704782,M,牛皮,[等级11],
2026-05-13 23:49:51,93891127862,魏什么有答案吗,在外地的山东,[等级17],[粉丝团 Lv3]
2026-05-13 23:49:52,96996619230,顺风顺水！,@M 挣多少也不给咱花，别操心那么多！,[等级12],[粉丝团 Lv11]
2026-05-13 23:49:52,104733543172,word嘛呀,啥时候带雅马哈玩,[等级8],[粉丝团 Lv8]
2026-05-13 23:49:53,101223602526,爱，不解释,辣辣，我都没赚钱,[等级17],
2026-05-13 23:49:54,2529307639167710,老baby💫,晋级赛在哪里关掉呢？,[等级29],[粉丝团 Lv11]
2026-05-13 23:49:55,67223019113,伟,老黑专业偷人,[等级23],[粉丝团 Lv9]
2026-05-13 23:49:59,1445217858227408,季靶场,看个直播都有人吵架，简直无语了这些人,[等级30],
2026-05-13 23:50:03,109348233166,乄兴源,为啥我打游戏碰不到这么好的妹妹？就因为我菜吗？,[等级29],[粉丝团 Lv14]
2026-05-13 23:50:06,3254171587069726,等晴天,晋级赛最后一把是这样的 以至于我已经碎了四五次了[憨笑],[等级8],
2026-05-13 23:50:08,101223602526,爱，不解释,你知道辣辣吗,[等级17],
2026-05-13 23:50:09,104182473115,H、,打了一天也没上去，不是被追杀，就是在被追杀的路上[尬笑],[等级9],[粉丝团 Lv11]
2026-05-13 23:50:15,82041751442,过客,47发大炮,[等级16],[粉丝团 Lv11]
2026-05-13 23:50:18,100250134080,凯,@某某. 还有“我帅吗”[捂脸],[等级19],[粉丝团 Lv15]
2026-05-13 23:50:20,99303466159,诀爱,我p90,[等级13],[粉丝团 Lv6]
2026-05-13 23:50:28,72555955914,姚倲,1080,[等级23],[粉丝团 Lv10]
2026-05-13 23:50:30,1257437656002798,某某.,@凯 笑死我了,[等级34],[粉丝团:张君雅 Lv16]
2026-05-13 23:50:31,2330588968395416,贝塔β,局哥有啤酒瓶？,[等级25],[粉丝团 Lv14]
2026-05-13 23:50:31,1137314775698301,じve 晨灬安╰☆╮,又是彩彩拿,[等级10],[粉丝团 Lv4]
2026-05-13 23:50:32,101223602526,爱，不解释,可以来,[等级17],
2026-05-13 23:50:32,111007266356,🔱守望w,[捂脸][捂脸][捂脸],[等级29],[粉丝团 Lv15]
2026-05-13 23:50:35,1106546152192796,小灵,太肥了啊,[等级29],
2026-05-13 23:50:38,71901561393,王子,[捂脸][捂脸][捂脸],[等级16],[粉丝团 Lv7]
2026-05-13 23:50:40,100735268537,大 囡,晋级赛对于能打的是很简单的,[等级1],
2026-05-13 23:50:41,96164221347,光子镖师,大炮当步枪打[捂脸],[等级25],[粉丝团 Lv15]
2026-05-13 23:50:45,51247047770,史努比,卡点下班,[等级19],[粉丝团 Lv6]
2026-05-13 23:50:46,72419691347,🐯.  瑩瑩瑩,昨天碎在第四把,[等级14],
2026-05-13 23:50:48,111007266356,🔱守望w,拿啥枪都一样[捂脸][捂脸][捂脸],[等级29],[粉丝团 Lv15]
2026-05-13 23:50:48,101223602526,爱，不解释,辣辣，最火的,[等级17],
2026-05-13 23:50:51,77416951506,ら孤痞,@乄兴源 看来你还是有自知之明[看],[等级36],[粉丝团 Lv17]
2026-05-13 23:50:54,1280306984780173,朵寧,@贝塔β 多了一把，才掏上了,[等级13],[粉丝团 Lv11]
2026-05-13 23:50:54,292887482075868,一叶知秋,对菜菜太好了,[等级4],[粉丝团 Lv1]
2026-05-13 23:50:57,72419691347,🐯.  瑩瑩瑩,今天又碎在第四把,[等级14],
2026-05-13 23:51:00,1160678663794076,雾散。,菜菜吃不饱[捂脸],[等级29],[粉丝团 Lv10]
2026-05-13 23:51:02,101223602526,爱，不解释,拔丝,[等级17],
2026-05-13 23:51:02,461413897222492,简单/,彩彩和我一样拿啥枪都一样[捂脸],[等级14],[粉丝团 Lv11]
2026-05-13 23:51:05,844867683494035,起 点,另一个妹子带着彩彩玩儿,[等级28],[粉丝团 Lv8]
2026-05-13 23:51:05,72419691347,🐯.  瑩瑩瑩,有点没招了,[等级14],
2026-05-13 23:51:06,99540387849,💖💖年年有鱼🍊,就差八倍了,[等级31],
2026-05-13 23:51:06,1432003397820099,乘风破浪666,[捂脸][捂脸][捂脸][捂脸],[等级21],[粉丝团 Lv3]
2026-05-13 23:51:08,109348233166,乄兴源,@ら孤痞 你小子[流泪],[等级29],[粉丝团 Lv14]
2026-05-13 23:51:08,386652325291725,zheng,差一丢丢,[等级10],
2026-05-13 23:51:08,52518192704,小标标,拿啥枪，都一样,[等级22],
2026-05-13 23:51:09,2696436837264052,顺势而为,47发你能打完吗,,
2026-05-13 23:51:14,782461558602846,孬,[捂脸][呲牙][捂脸][呲牙][捂脸][呲牙][捂脸][捂脸][捂脸],[等级13],[粉丝团 Lv11]
2026-05-13 23:51:15,101223602526,爱，不解释,你懂不,[等级17],
2026-05-13 23:51:19,3337742809570493,白榆,哎哟卧槽[捂脸],[等级23],
2026-05-13 23:51:19,2047725780890627,木房子,连打两天，不是被打就是在被打的路上,[等级4],[粉丝团 Lv7]
2026-05-13 23:51:20,1565350224727511,二哥,过[蛋糕][蛋糕]今天 谁能请我抽包y么、,[等级59],[粉丝团 Lv1]
2026-05-13 23:51:23,4233546532927219,🉑🈶🉑🈚,嘿嘿，菜菜躲着,[等级20],[粉丝团 Lv10]
2026-05-13 23:51:25,96907518366,໑ຼ᭄淡༄蓝°ꦿ,这俩妹妹好乖！,[等级29],[粉丝团 Lv12]
2026-05-13 23:51:25,844867683494035,起 点,彩彩刚玩儿不久,[等级28],[粉丝团 Lv8]
2026-05-13 23:51:29,1127458320941788,2100,爆炸弓削弱了想看你玩复合弓,[等级25],
2026-05-13 23:51:32,4233546532927219,🉑🈶🉑🈚,妹妹好柔啊，好喜欢,[等级20],[粉丝团 Lv10]
2026-05-13 23:51:34,66216930548,差一点儿,菜菜躲起来,[等级17],[粉丝团 Lv10]
2026-05-13 23:51:38,59782841206,长 春,猜猜,[等级32],
2026-05-13 23:51:44,7612951911537198138,一条锦鲤游啊游～,有老六 啊,[等级6],[粉丝团 Lv1]
2026-05-13 23:51:49,52613052666,秋雨寒,@2100 现实里没人爱搭理你吧,[等级34],
2026-05-13 23:51:49,111007266356,🔱守望w,@二哥 我有杆大水烟，要抽不？,[等级29],[粉丝团 Lv15]
2026-05-13 23:51:50,66216930548,差一点儿,菜菜你拿,[等级17],[粉丝团 Lv10]
2026-05-13 23:51:52,140363052876195,呱呱🐸,@二哥 抽不起就戒了吧,[等级36],
2026-05-13 23:51:57,71126905166,抖音小肋手,@二哥 主播也生日，缘分。随个礼吧,[等级10],[粉丝团 Lv10]
2026-05-13 23:51:57,68179112233,克里斯～RONALDO,踩踩,[等级19],
2026-05-13 23:52:01,101223602526,爱，不解释,不是老公,[等级17],
2026-05-13 23:52:02,69742604573,聆雨季🫧,爆炸弓削弱了？,[等级26],[粉丝团 Lv13]
2026-05-13 23:52:09,59296519354,۵🐷₁₉⁹⁵于꧔ꦿ້໌ᮨ࿐ᩚ,@二哥 红塔山行不,[等级20],
2026-05-13 23:52:10,110927558985,听风,@二哥 二十多年的雪茄抽不？,[等级25],[粉丝团 Lv8]
2026-05-13 23:52:16,844867683494035,起 点,彩彩刚知道p90 上城区,[等级28],[粉丝团 Lv8]
2026-05-13 23:52:21,101223602526,爱，不解释,我的媳妇我俩离婚了,[等级17],
2026-05-13 23:52:24,79719622492,ジ诺~轩メ℡,@二哥 有钱买号还抽不起烟笑死[捂脸],[等级29],[粉丝团 Lv10]
2026-05-13 23:52:32,101223602526,爱，不解释,没事,[等级17],
2026-05-13 23:52:37,4233546532927219,🉑🈶🉑🈚,妹妹虽然菜但是不怂,[等级20],[粉丝团 Lv10]
2026-05-13 23:52:40,101223602526,爱，不解释,往后推,[等级17],
2026-05-13 23:52:50,105392418367,TB12,[666][666][666],[等级24],[粉丝团 Lv15]
2026-05-13 23:52:53,2652457515884291,小糯米,谢宝庆,[等级12],[粉丝团 Lv12]
2026-05-13 23:52:56,91985093082455,龙顺源租赁-唐山人,送八倍来的,[等级5],[粉丝团 Lv2]
2026-05-13 23:52:56,2386378385529776,ღ 念池鱼,这把能吃鸡吗,[等级16],
2026-05-13 23:52:57,386652325291725,zheng,子弹自由,[等级10],
2026-05-13 23:53:02,2007084944330340,陈不住气的玩意,大炮子弹打不完,,
2026-05-13 23:53:03,96471514187,小兮兮,妹妹好懂事,[等级10],[粉丝团 Lv5]
2026-05-13 23:53:03,106028942886,肆🌒月,吃饱了,[等级29],[粉丝团 Lv11]
2026-05-13 23:53:04,1280306984780173,朵寧,@二哥 手机放转转回收，换盒烟,[等级13],[粉丝团 Lv11]
2026-05-13 23:53:04,3047482674388180,菜场在逃肥鸡,@二哥 抽不起戒烟吧 对身体好,[等级13],[粉丝团 Lv7]
2026-05-13 23:53:05,100515465222,✨甜憨憨吖🌈,勇敢勇敢我的朋友,[等级8],[粉丝团 Lv3]
2026-05-13 23:53:05,844867683494035,起 点,彩彩刚知道338,[等级28],[粉丝团 Lv8]
2026-05-13 23:53:06,71074166083,乔巴,猫局不打338[捂脸],[等级34],[粉丝团 Lv11]
2026-05-13 23:53:07,95574513391,不会踢球的七号,这大炮子弹[捂脸],[等级8],
2026-05-13 23:53:08,1829206389950766,伱我皆牛马,2号小姐姐干拉[赞][赞][赞][赞],[等级25],[粉丝团 Lv2]
2026-05-13 23:53:10,109756665406,ᑮéиg宝🧸ོ,[捂脸][捂脸][捂脸],[等级29],[粉丝团 Lv12]
2026-05-13 23:53:11,50371925752,设计艾,小姐姐也跟着你么说粗话了！,[等级9],
2026-05-13 23:53:12,93703443218,꧁꫞影子꫞꧂,[捂脸][捂脸][捂脸][捂脸][捂脸],[等级23],[粉丝团 Lv13]
2026-05-13 23:53:14,68399441706,彭彭,@二哥 哥，我们这里60级请抽烟哟，要不在这升60级吧,[等级29],[粉丝团 Lv13]
2026-05-13 23:53:15,7615988333545931813,ik-🦋,舔不完,,
2026-05-13 23:53:17,101223602526,爱，不解释,老板一般不说嫩那么多废话,[等级17],
2026-05-13 23:53:17,782461558602846,孬,[捂脸][捂脸][呲牙],[等级13],[粉丝团 Lv11]
2026-05-13 23:53:21,3913913666903720,太阳☀,70发[赞][赞][赞],[等级41],[粉丝团 Lv13]
2026-05-13 23:53:21,1538906151990679,流年,70发大炮[捂脸][捂脸][捂脸],[等级45],[粉丝团:张君雅 Lv15]
2026-05-13 23:53:23,68992097393,罗闪闪,冲锋狙啊,[等级2],[粉丝团 Lv4]
2026-05-13 23:53:23,68033173728,Johnny✨⁵¹⁰⁷⁴,[捂脸][捂脸],[等级31],[粉丝团 Lv16]
2026-05-13 23:53:24,3927077882177272,隐昔,卧槽 最多的一次大炮子弹 80发,[等级15],[粉丝团 Lv11]
2026-05-13 23:53:25,111149267192,Actor朝,70发大炮,[等级31],
2026-05-13 23:53:25,3318744856933088,月无痕,大炮当连发用,,
2026-05-13 23:53:28,3822367435142180,西兰乐,好多枪 哈哈哈哈,[等级3],[粉丝团 Lv2]
2026-05-13 23:53:28,2475702575179399,这个我是真的喜欢,大炮自由,[等级14],
2026-05-13 23:53:29,111149267192,Actor朝,我的天,[等级31],
2026-05-13 23:53:30,292887482075868,一叶知秋,对菜菜真好[捂脸],[等级4],[粉丝团 Lv1]
2026-05-13 23:53:30,62224538204,姐弟小剧场,从没打过这么富裕的仗,[等级19],
2026-05-13 23:53:30,7612951911537198138,一条锦鲤游啊游～,被富哥吓哭了,[等级6],[粉丝团 Lv1]
2026-05-13 23:53:30,1811628647529576,老张了嘞,要挂,[等级8],[粉丝团 Lv9]
2026-05-13 23:53:30,2585704965087422,小新,@小c 70发,[等级15],[粉丝团 Lv9]
2026-05-13 23:53:32,111007266356,🔱守望w,两个小姐姐真可爱[捂脸][捂脸][捂脸],[等级29],[粉丝团 Lv15]
2026-05-13 23:53:32,76445642992,晴·芷,70发大炮,[等级4],
2026-05-13 23:53:32,104227179249,🔪一笑卿莫言⁷⁰⁷,太肥了[捂脸][捂脸][捂脸][捂脸],[等级31],[粉丝团 Lv13]
2026-05-13 23:53:33,111438436586,真就九漏鱼²⁰²⁶,70发大炮，当冲锋枪玩,[等级14],[粉丝团 Lv11]
2026-05-13 23:53:34,764865529003294,ding1xiao,多少星啊,,
2026-05-13 23:53:34,100056462711,是玲玲吖丶ᥫᩣ,好多枪[捂脸][捂脸][捂脸][捂脸],[等级29],[粉丝团 Lv8]
2026-05-13 23:53:36,59020009735,🍓甜酒吖🍓,太富了，富得不能再富了,[等级6],[粉丝团 Lv6]
2026-05-13 23:53:36,93196727601,且行且悟,捡不下了,[等级27],[粉丝团 Lv13]
2026-05-13 23:53:36,62979936380,小刁,还有比70发更多的吗[捂脸],[等级6],[粉丝团 Lv6]
2026-05-13 23:53:40,2007084944330340,陈不住气的玩意,666,,
2026-05-13 23:53:41,7426602994870043708,¯͒,[666][666][666],[等级9],
2026-05-13 23:53:42,71126905166,抖音小肋手,牛逼,[等级10],[粉丝团 Lv10]
2026-05-13 23:53:42,105392418367,TB12,[666],[等级24],[粉丝团 Lv15]
2026-05-13 23:53:43,65822054361,姚R,彩彩：338是啥,[等级10],
2026-05-13 23:53:43,3935868483801812,🌈七🌈🌈🌈,我去呀,[等级14],[粉丝团 Lv9]
2026-05-13 23:53:44,66873200785,岁岁平安,牛笔,[等级3],
2026-05-13 23:53:44,1259364523448220,狒狒躺赢纪,牛啊,[等级18],[粉丝团 Lv4]
2026-05-13 23:53:45,92403004279,00K很ok！,[捂脸],[等级14],[粉丝团 Lv10]
2026-05-13 23:53:45,67473904800,恬恬圈🍩,肥的流油啊啊,[等级14],[粉丝团 Lv7]
2026-05-13 23:53:45,75463265253,720,帅气逼人,[等级21],[粉丝团 Lv2]
2026-05-13 23:53:46,106028942886,肆🌒月,666,[等级29],[粉丝团 Lv11]
2026-05-13 23:53:46,71126905166,抖音小肋手,张君雅牛逼[比心],[等级10],[粉丝团 Lv10]
2026-05-13 23:53:46,2946315483621007,杪諒,宝贝 真棒,[等级31],[粉丝团 Lv10]
2026-05-13 23:53:46,4503658257446344,🥐cornetto,斯文妹妹被老黑带粗鲁了,[等级41],[粉丝团 Lv6]
2026-05-13 23:53:46,1156292468555388,风止何安,？,[等级24],[粉丝团 Lv6]
2026-05-13 23:53:47,2511762924253400,吾心安处打个盹儿,窥屏吧,,
2026-05-13 23:53:47,78016969370,未知。。。,666,[等级15],[粉丝团 Lv8]
2026-05-13 23:53:48,94813074976,漠北,6666,[等级21],[粉丝团 Lv7]
2026-05-13 23:53:48,104231837110,信仰之光,？？？？？,[等级5],
2026-05-13 23:53:48,88757268529,张小狮,牛逼,[等级11],[粉丝团 Lv11]
2026-05-13 23:53:49,3927077882177272,隐昔,我是帅气 你是….,[等级15],[粉丝团 Lv11]
2026-05-13 23:53:49,2330588968395416,贝塔β,[666][666][666]爽啊,[等级25],[粉丝团 Lv14]
2026-05-13 23:53:49,71328393423,🌈壹惗🌈🌈🌈,[捂脸][捂脸][捂脸],[等级27],[粉丝团 Lv12]
2026-05-13 23:53:50,105487072616,缘来の一家人,[捂脸][捂脸][捂脸],[等级23],[粉丝团 Lv14]
2026-05-13 23:53:50,94205687834,噗嗤,[捂脸],[等级34],
2026-05-13 23:53:50,3913913666903720,太阳☀,开了开了,[等级41],[粉丝团 Lv13]
2026-05-13 23:53:50,66992414470,ღ᭄🌟এ,[捂脸][捂脸][捂脸][捂脸][捂脸],[等级27],[粉丝团 Lv15]
2026-05-13 23:53:50,96035345005,夏春明,鄙人,[等级13],[粉丝团 Lv1]
2026-05-13 23:53:50,63789120404,小凯@同学,[捂脸][捂脸][捂脸][捂脸],[等级18],[粉丝团 Lv10]
2026-05-13 23:53:50,93032203992,秀儿⁵¹⁰⁷⁴,[捂脸][捂脸][捂脸][捂脸],[等级19],[粉丝团 Lv12]
2026-05-13 23:53:50,76055064464,旧颜*,[666],[等级11],[粉丝团 Lv12]
2026-05-13 23:53:50,4233546532927219,🉑🈶🉑🈚,哈哈哈哈,[等级20],[粉丝团 Lv10]
2026-05-13 23:53:50,59193413066,不抽鲢鳙的刚粉,[捂脸][捂脸],[等级34],[粉丝团 Lv3]
2026-05-13 23:53:50,2386378385529776,ღ 念池鱼,好肥呀,[等级16],
2026-05-13 23:53:50,110853008719,！,[捂脸],[等级26],
2026-05-13 23:53:50,87614284690,坤*^_^*韧,[捂脸][捂脸][捂脸],[等级11],[粉丝团 Lv7]
2026-05-13 23:53:51,288492834788025,老船长,哈哈哈,[等级9],[粉丝团 Lv3]
2026-05-13 23:53:51,76133959662,@等风起,老黑爽死了,[等级14],[粉丝团 Lv8]
2026-05-13 23:53:51,3013139552021534,🦁🖤,太肥 有大事要发生（丝,[等级32],[粉丝团:张君雅 Lv16]
2026-05-13 23:53:52,69441337274,猛龙过江,6666666666666666666666,[等级23],[粉丝团 Lv7]
2026-05-13 23:53:52,99374271537,错过,叫小姐姐来看直播,[等级10],[粉丝团 Lv9]
2026-05-13 23:53:52,72352497850,归尘,哈哈,[等级13],[粉丝团 Lv10]
2026-05-13 23:53:52,1259364523448220,狒狒躺赢纪,帅气雅,[等级18],[粉丝团 Lv4]
2026-05-13 23:53:52,2613991669264746,人生难,牛,[等级2],
2026-05-13 23:53:52,100091419668,影子あ恋人,[呲牙][呲牙][呲牙][呲牙],[等级38],[粉丝团 Lv15]
2026-05-13 23:53:52,96996619230,顺风顺水！,哈哈,[等级12],[粉丝团 Lv11]
2026-05-13 23:53:52,104433614986,讷,哈哈哈哈,[等级22],[粉丝团 Lv12]
2026-05-13 23:53:52,106154257281,风中的胭脂味,我是帅气,[等级4],[粉丝团 Lv2]
2026-05-13 23:53:52,94840058211,喜客来酒水,张屠夫[捂脸][捂脸][捂脸][捂脸][捂脸],[等级19],
2026-05-13 23:53:53,2928696292811743,超影独行,我是帅气,[等级18],[粉丝团 Lv12]
2026-05-13 23:53:54,1244249822078139,碎星闪闪,[捂脸][捂脸][捂脸][捂脸][捂脸][捂脸][捂脸],[等级7],[粉丝团 Lv10]
2026-05-13 23:53:54,101223602526,爱，不解释,现在社会，可以,[等级17],
2026-05-13 23:53:54,61835779108,二毛,牛逼,[等级32],[粉丝团 Lv15]
2026-05-13 23:53:54,1376222085652807,开心就好😄,[捂脸][捂脸][捂脸][捂脸],[等级3],[粉丝团 Lv5]
2026-05-13 23:53:54,65263583138,四川靓号之家,哈哈哈哈[捂脸],[等级32],[粉丝团 Lv16]
2026-05-13 23:53:55,2008150680020944,风说。,牛逼，这个狙没的说,[等级11],
2026-05-13 23:53:55,4398499792427923,@哆啦A梦,哈哈,[等级20],
2026-05-13 23:53:55,3104613352084124,五行缺钱,小姐姐已经迷失自我了[捂脸],[等级9],
2026-05-13 23:53:55,105392418367,TB12,牛逼,[等级24],[粉丝团 Lv15]
2026-05-13 23:53:55,4213756464205448,✺◟(∗❛ัᴗ❛ั∗)◞✺秋风扫落叶,[捂脸],[等级9],
2026-05-13 23:53:56,2529307639167710,老baby💫,[捂脸][捂脸][捂脸],[等级29],[粉丝团 Lv11]
2026-05-13 23:53:56,3377334501516344,虾仁猪心(˃ ⌑ ˂ഃ ),哈哈哈哈哈哈哈哈,[等级19],[粉丝团 Lv5]
2026-05-13 23:53:56,3131003575217502,沙漠之狼,[捂脸][捂脸][捂脸][捂脸],[等级24],[粉丝团 Lv11]
2026-05-13 23:53:57,111007266356,🔱守望w,小姐姐就在舔包了,[等级29],[粉丝团 Lv15]
2026-05-13 23:53:58,62170236494,懒得搭李,牛逼,[等级15],
2026-05-13 23:53:58,2585704965087422,小新,@小c,[等级15],[粉丝团 Lv9]
2026-05-13 23:53:58,3593651276484189,菟丝子,太牛了，真的[爱心],[等级8],[粉丝团 Lv8]
2026-05-13 23:53:58,3765201499085319,匹夫,牛逼,[等级17],[粉丝团 Lv9]
2026-05-13 23:53:58,3756377854195836,晚风狠温柔,我是帅气,[等级22],[粉丝团 Lv11]
2026-05-13 23:53:58,1137314775698301,じve 晨灬安╰☆╮,都不知道捡啥好东西了[捂脸],[等级10],[粉丝团 Lv4]
2026-05-13 23:53:59,105457912449,Mr.馬,张老黑牛逼,[等级11],[粉丝团 Lv11]
2026-05-13 23:53:59,1560954851308167,壹壹呀一一🍒,哈哈哈哈哈,[等级7],[粉丝团 Lv9]
2026-05-13 23:53:59,101487550960,𝑪𝒓𝒖𝒔𝒉.,[捂脸],[等级25],
2026-05-13 23:53:59,483396400984606,用户5221226892443,牛逼姐,[等级7],
2026-05-13 23:54:00,66624217824,᭄自由ঞৣঁ如风᭄🍻,你真的好牛逼呀卧槽,[等级14],[粉丝团 Lv6]
2026-05-13 23:54:00,2984502456237699,汪汪小汪,好平静的夸夸,[等级32],[粉丝团:张君雅 Lv15]
2026-05-13 23:54:00,2386378385529776,ღ 念池鱼,肥嘟嘟的，要流油了，你们几个,[等级16],
2026-05-13 23:54:00,782461558602846,孬,彩彩吗？还是采采,[等级13],[粉丝团 Lv11]
2026-05-13 23:54:00,119164766009214,嗨嗨皮皮,得到认可了,[等级1],[粉丝团 Lv3]
2026-05-13 23:54:00,72419691347,🐯.  瑩瑩瑩,哈哈哈哈哈哈,[等级14],
2026-05-13 23:54:00,99519056697,一二三k,发自内心的夸赞,[等级7],[粉丝团 Lv8]
2026-05-13 23:54:00,62734391135,涂涂姐、🍻,下面幼自救,[等级6],[粉丝团 Lv9]
2026-05-13 23:54:00,59326455362,得啦！,粗鲁,[等级13],[粉丝团 Lv5]
2026-05-13 23:54:00,66266594671,兔大爷(创始人矮哥),真牛逼,[等级25],[粉丝团 Lv10]
2026-05-13 23:54:00,102154123118,明里有你❤️,骂你呢[捂脸],[等级7],
2026-05-13 23:54:01,110872329149,初见_,这给雅姐夸的哈哈,[等级19],[粉丝团 Lv2]
2026-05-13 23:54:01,93621313217,自由人,[捂脸][捂脸][捂脸][捂脸],[等级4],
2026-05-13 23:54:02,2023529687028288,章鱼姐,妹妹好温柔,[等级7],[粉丝团 Lv2]
2026-05-13 23:54:02,3293764412245739,做奶茶培训的小刘,哇  好牛,[等级10],
2026-05-13 23:54:02,92461848227,煜,[捂脸][捂脸][捂脸][捂脸],[等级13],[粉丝团 Lv11]
2026-05-13 23:54:02,99512064477,大嘭🌈,好牛批的,[等级24],[粉丝团 Lv13]
2026-05-13 23:54:03,1376222085652807,开心就好😄,牛逼牛逼[捂脸][捂脸],[等级3],[粉丝团 Lv5]
2026-05-13 23:54:03,2410566661708487,算了吧,我尻牛逼,[等级26],[粉丝团 Lv2]
2026-05-13 23:54:03,75875297123,万事皆成,帅气逼人组合,[等级10],
2026-05-13 23:54:04,64188320547,心中的那片蓝,不知道本尊,[等级14],
2026-05-13 23:54:04,99283999037,拾贰,[尬笑][尬笑][尬笑],[等级8],[粉丝团 Lv4]
2026-05-13 23:54:04,2254452586189767,杨毛奈♥☜♥☞,帅的一批,[等级14],[粉丝团 Lv12]
2026-05-13 23:54:05,1090321057849667,路人,夸得心花怒放的[捂脸][捂脸][捂脸],[等级12],
2026-05-13 23:54:05,66229069886,󰠇子木,吊成翘嘴了[捂脸],[等级9],[粉丝团 Lv11]
2026-05-13 23:54:05,975967850348430,水贴、烫金、热转印、喷涂加工厂,飘起来了[捂脸][捂脸][捂脸],[等级11],[粉丝团 Lv10]
2026-05-13 23:54:05,69441337274,猛龙过江,66666666666666666666666,[等级23],[粉丝团 Lv7]
2026-05-13 23:54:06,65767160127,琬渝,哈哈哈，,[等级21],[粉丝团 Lv13]
2026-05-13 23:54:06,3765201499085319,匹夫,牛，币,[等级17],[粉丝团 Lv9]
2026-05-13 23:54:06,70290464014,只当梦醒,牛什么？,[等级18],
2026-05-13 23:54:06,65143042823,♥  风  か,明明是人逼[捂脸][捂脸][捂脸],[等级14],
2026-05-13 23:54:07,3047482674388180,菜场在逃肥鸡,两个小妹妹都喜欢死了哈哈哈,[等级13],[粉丝团 Lv7]
2026-05-13 23:54:08,104432719593,赞美愚者,我是人,[等级34],
2026-05-13 23:54:08,2585704965087422,小新,@小c,[等级15],[粉丝团 Lv9]
2026-05-13 23:54:08,98127314878,艾瑞巴蒂跟我一起嗨,子弹多随便造,[等级25],[粉丝团 Lv11]
2026-05-13 23:54:09,84940839345,到此一游！,队友都惊讶了,[等级25],[粉丝团 Lv13]
2026-05-13 23:54:10,110872329149,初见_,嘴角压根压不住,[等级19],[粉丝团 Lv2]
2026-05-13 23:54:10,101687967112,无脚的鸟,让妹子来直播间,[等级15],[粉丝团 Lv7]
2026-05-13 23:54:10,96966276857,🌈帅帅,帅气牛逼组合,[等级22],[粉丝团 Lv11]
2026-05-13 23:54:10,71328393423,🌈壹惗🌈🌈🌈,[捂脸][捂脸][捂脸],[等级27],[粉丝团 Lv12]
2026-05-13 23:54:11,61835779108,二毛,[捂脸],[等级32],[粉丝团 Lv15]
2026-05-13 23:54:11,2298428358919808,徐愿,把妹子惊讶到了,[等级5],[粉丝团 Lv2]
2026-05-13 23:54:11,1974340614892663,歌声飘过三十年,张君雅牛逼[666],,
2026-05-13 23:54:12,66216930548,差一点儿,菜菜你拿338,[等级17],[粉丝团 Lv10]
2026-05-13 23:54:12,844867683494035,起 点,？？？,[等级28],[粉丝团 Lv8]
2026-05-13 23:54:12,73863961887,嗯了精粹哦呜,没听到牛 光听到逼了,[等级12],[粉丝团 Lv2]
2026-05-13 23:54:12,776715793598765,暔诱,我最高105发大炮子弹[捂脸],[等级34],
2026-05-13 23:54:13,3701379135715724,🌈米米米,小姐姐说 好牛逼 逼啊[捂脸],[等级9],[粉丝团 Lv2]
2026-05-13 23:54:14,76453814650,小米哥,人逼,[等级9],
2026-05-13 23:54:15,1798453581581214,楊꧔ꦿ᭄໊ོ༉°,肥的不能在肥了,[等级11],
2026-05-13 23:54:15,52438467257,天道,大学生,[等级46],[粉丝团 Lv6]
2026-05-13 23:54:15,71901561393,王子,这两个姐妹挺好玩的啊[捂脸][捂脸][捂脸][捂脸][捂脸],[等级16],[粉丝团 Lv7]
2026-05-13 23:54:15,100056462711,是玲玲吖丶ᥫᩣ,[捂脸][捂脸][捂脸][捂脸][捂脸],[等级29],[粉丝团 Lv8]
2026-05-13 23:54:16,88757268529,张小狮,因为她是张老黑[捂脸],[等级11],[粉丝团 Lv11]
2026-05-13 23:54:19,96751997554,东厨司命,我是人,[等级26],[粉丝团 Lv12]
2026-05-13 23:54:19,2009542393864356,铭朗建筑小周,老黑听的心花路放[呲牙],[等级34],[粉丝团 Lv10]
2026-05-13 23:54:19,75926745555,喳喳贝,帅，气逼人,[等级32],[粉丝团 Lv6]
2026-05-13 23:54:19,3217606693633420,7An,要成毒液了,[等级4],[粉丝团 Lv5]
2026-05-13 23:54:20,103259337728,华哥~,把公屏打在牛B丄,[等级21],[粉丝团 Lv12]
2026-05-13 23:54:21,465805262989079,╭☞🔥🔥🔥…❼❼❷❾,她是大老黑,[等级19],[粉丝团 Lv6]
2026-05-13 23:54:21,94511118465,及时止损,可惜老黑是个妞，不然就爱情了,[等级2],
2026-05-13 23:54:23,2585704965087422,小新,@小c 13级了,[等级15],[粉丝团 Lv9]
2026-05-13 23:54:24,101223602526,爱，不解释,辣辣,[等级17],
2026-05-13 23:54:26,7615988333545931813,ik-🦋,雅雅最好撩,,
2026-05-13 23:54:29,3010934398265312,Loki,被夸得不好意思了吧,,
2026-05-13 23:54:31,101223602526,爱，不解释,你敢说吗,[等级17],
2026-05-13 23:54:32,7615988333545931813,ik-🦋,还是女孩子懂女孩子,,
2026-05-13 23:54:33,97577366866,戏子,小黑今天好开心,[等级32],[粉丝团 Lv5]
2026-05-13 23:54:33,2709613969410464,用户9074216893047,他是悍妇[呲牙][呲牙][呲牙][呲牙],[等级3],
2026-05-13 23:54:37,109212818736,大宝宝,妹子说了一句  菜菜快拿啊  好多枪啊  哈哈哈哈哈,[等级22],
2026-05-13 23:54:37,1257437656002798,某某.,嘴角比ak难压,[等级34],[粉丝团:张君雅 Lv16]
2026-05-13 23:54:39,71285312845,浪子战将,张老黑洗干净了没,[等级8],
2026-05-13 23:54:39,93177670889,人生一场梦,[捂脸],[等级11],
2026-05-13 23:54:39,68179112233,克里斯～RONALDO,撩妹成功[捂脸][捂脸],[等级19],
2026-05-13 23:54:39,101687967112,无脚的鸟,让妹子来直播间[666][666][666],[等级15],[粉丝团 Lv7]
2026-05-13 23:54:40,98111602694,🔆湘怡sunny,70发富的流油,[等级6],
2026-05-13 23:54:42,66377808923,倩,小车好可爱啊 好喜欢,[等级19],[粉丝团 Lv10]
2026-05-13 23:54:48,103259337728,华哥~,拿到择偶权了[赞][赞][赞],[等级21],[粉丝团 Lv12]
2026-05-13 23:54:49,94621081467,雨踏歌行.,赶紧吸粉啊，叫她们来直播间[捂脸],[等级20],[粉丝团 Lv15]
2026-05-13 23:54:50,55931566812,豆浆油条、,还有三个包,[等级14],
2026-05-13 23:54:51,1996363921883918,超幸运,我是帅气,[等级14],
2026-05-13 23:54:52,110487983863,都怪你隐身太清晰,[666][666][666],[等级17],[粉丝团 Lv7]
2026-05-13 23:54:52,95660614973,尛尛糖🍬,给妹子迷的不要不要的,[等级19],[粉丝团 Lv11]
2026-05-13 23:54:56,461413897222492,简单/,让妹子来直播间,[等级14],[粉丝团 Lv11]
2026-05-13 23:54:56,4484268219711019,荣昌·小罗,旁边有马,[等级12],[粉丝团 Lv5]
2026-05-13 23:54:57,1530155757474296,玩鱼不养鱼,有牛你不要吗,[等级11],[粉丝团 Lv4]
2026-05-13 23:54:57,71533879276,懒得起名字,哟，局哥舍得换下M4了[捂脸][捂脸][捂脸],[等级15],[粉丝团 Lv8]
2026-05-13 23:54:59,2824008837643668,Hom,旁边有马可以拿,,
2026-05-13 23:55:00,59252253998,城南花已败。,有个吗,[等级25],
2026-05-13 23:55:00,7615988333545931813,ik-🦋,你们不要在那个坡上哟,,
2026-05-13 23:55:02,334705199679224,蜡笔楼,让妹子来直播间,[等级19],
2026-05-13 23:55:02,2263256806988026,分,后边有马,[等级9],[粉丝团 Lv9]
2026-05-13 23:55:02,4459264221127515,丶丶,有马,[等级14],
2026-05-13 23:55:04,96513967179,🌈旧时光,谢叫猛男车[看],[等级20],[粉丝团 Lv9]
2026-05-13 23:55:18,1102141421520331,愷企,[捂脸],[等级24],[粉丝团 Lv13]
2026-05-13 23:55:24,3010934398265312,Loki,男孩子你也遇不到这么厉害的啊,,
2026-05-13 23:55:27,101223602526,爱，不解释,我看,[等级17],
2026-05-13 23:55:28,2330588968395416,贝塔β,局哥晋级赛,[等级25],[粉丝团 Lv14]
2026-05-13 23:55:31,2652457515884291,小糯米,[666][666][666][666][666][666][666],[等级12],[粉丝团 Lv12]
2026-05-13 23:55:31,71126905166,抖音小肋手,牛批,[等级10],[粉丝团 Lv10]
2026-05-13 23:55:33,1257437656002798,某某.,太帅了,[等级34],[粉丝团:张君雅 Lv16]
2026-05-13 23:55:33,100328439394,君临天下,今晚科技多,[等级43],[粉丝团 Lv4]
2026-05-13 23:55:34,105487072616,缘来の一家人,[捂脸][捂脸][捂脸][捂脸],[等级23],[粉丝团 Lv14]
2026-05-13 23:55:37,88757268529,张小狮,牛逼,[等级11],[粉丝团 Lv11]
2026-05-13 23:55:37,71126905166,抖音小肋手,张君雅牛逼,[等级10],[粉丝团 Lv10]
2026-05-13 23:55:37,61835779108,二毛,[捂脸][捂脸],[等级32],[粉丝团 Lv15]
2026-05-13 23:55:37,782461558602846,孬,[捂脸][呲牙][捂脸],[等级13],[粉丝团 Lv11]
2026-05-13 23:55:38,71328393423,🌈壹惗🌈🌈🌈,哦哟,[等级27],[粉丝团 Lv12]
2026-05-13 23:55:39,844867683494035,起 点,保护好彩彩,[等级28],[粉丝团 Lv8]
2026-05-13 23:55:39,3377334501516344,虾仁猪心(˃ ⌑ ˂ഃ ),太帅了姐,[等级19],[粉丝团 Lv5]
2026-05-13 23:55:39,100328439394,君临天下,根本打不了,[等级43],[粉丝团 Lv4]
2026-05-13 23:55:40,105392418367,TB12,[666][666][666][666],[等级24],[粉丝团 Lv15]
2026-05-13 23:55:40,99372859314,启  夏,哈哈哈[捂脸],[等级25],[粉丝团 Lv15]
2026-05-13 23:55:41,106028942886,肆🌒月,[看][看],[等级29],[粉丝团 Lv11]
2026-05-13 23:55:41,2946315483621007,杪諒,哎哟。好牛批[捂脸],[等级31],[粉丝团 Lv10]
2026-05-13 23:55:43,88757268529,张小狮,牛逼！,[等级11],[粉丝团 Lv11]
2026-05-13 23:55:43,101487550960,𝑪𝒓𝒖𝒔𝒉.,[捂脸],[等级25],
2026-05-13 23:55:43,110487983863,都怪你隐身太清晰,牛杯[666][666][666],[等级17],[粉丝团 Lv7]
2026-05-13 23:55:44,54915355377,『逝氺无痕』,让妹子来直播间,[等级35],[粉丝团 Lv8]
2026-05-13 23:55:44,100515465222,✨甜憨憨吖🌈,哦哟～～,[等级8],[粉丝团 Lv3]
2026-05-13 23:55:44,92461848227,煜,[捂脸][捂脸],[等级13],[粉丝团 Lv11]
2026-05-13 23:55:45,4503658257446344,🥐cornetto,猫局 快点趴下来,[等级41],[粉丝团 Lv6]
2026-05-13 23:55:45,103289990479,剛,[捂脸][捂脸],[等级5],[粉丝团 Lv3]
2026-05-13 23:55:45,93196727601,且行且悟,哈哈哈,[等级27],[粉丝团 Lv13]
2026-05-13 23:55:45,93014642999,🌈南山楠,哈哈哈,[等级11],[粉丝团 Lv10]
2026-05-13 23:55:46,109600067848,沉默,[捂脸][捂脸][捂脸][捂脸][捂脸],[等级26],[粉丝团 Lv5]
2026-05-13 23:55:47,64188320547,心中的那片蓝,不装了,[等级14],
2026-05-13 23:55:47,2007084944330340,陈不住气的玩意,哈哈哈[捂脸],,
2026-05-13 23:55:48,62486175023,没想好,牛逼,[等级6],
2026-05-13 23:55:48,66873200785,岁岁平安,张君雅牛笔,[等级3],
2026-05-13 23:55:49,1160678663794076,雾散。,两个妹妹明天有的吹了,[等级29],[粉丝团 Lv10]
2026-05-13 23:55:49,2652457515884291,小糯米,姜子牙,[等级12],[粉丝团 Lv12]
2026-05-13 23:55:49,71126905166,抖音小肋手,[捂脸][捂脸],[等级10],[粉丝团 Lv10]
2026-05-13 23:55:49,103571886352,宇总,[捂脸][捂脸][捂脸][捂脸],[等级28],[粉丝团 Lv10]
2026-05-13 23:55:49,83842821625,M̶r̶-̶北̶筏̶,张君雅牛逼，太强了,[等级26],[粉丝团 Lv9]
2026-05-13 23:55:49,80348327114,AC米兰星,[捂脸],[等级7],
2026-05-13 23:55:50,109756665406,ᑮéиg宝🧸ོ,[捂脸][捂脸][捂脸],[等级29],[粉丝团 Lv12]
2026-05-13 23:55:50,95605821824,难哄,哈哈哈哈哈哈哈哈哈,[等级29],[粉丝团 Lv12]
2026-05-13 23:55:51,93186320746,Laurie,[捂脸][捂脸][捂脸][捂脸],[等级14],[粉丝团 Lv10]
2026-05-13 23:55:51,99372859314,启  夏,阿哈哈[捂脸],[等级25],[粉丝团 Lv15]
2026-05-13 23:55:51,71126905166,抖音小肋手,[捂脸][捂脸][捂脸],[等级10],[粉丝团 Lv10]
2026-05-13 23:55:52,3835516657862510,hello,哈哈哈哈哈哈哈,[等级21],[粉丝团 Lv4]
2026-05-13 23:55:52,386652325291725,zheng,显眼包,[等级10],
2026-05-13 23:55:52,105392418367,TB12,张君雅牛逼,[等级24],[粉丝团 Lv15]
2026-05-13 23:55:52,109348233166,乄兴源,哈哈哈哈哈哈哈,[等级29],[粉丝团 Lv14]
2026-05-13 23:55:53,65932071304,捌  月,[看][看][看][看],[等级24],[粉丝团 Lv8]
2026-05-13 23:55:53,100250134080,凯,她们不看直播,[等级19],[粉丝团 Lv15]
2026-05-13 23:55:53,88757268529,张小狮,张君雅牛逼,[等级11],[粉丝团 Lv11]
2026-05-13 23:55:53,105457912449,Mr.馬,张老黑牛逼,[等级11],[粉丝团 Lv11]
2026-05-13 23:55:53,101223602526,爱，不解释,雅你的牛,[等级17],
2026-05-13 23:55:54,14211174129,晚风ᥫᩣ.𝓛𝓾𝓬𝓴𝔂,[捂脸][捂脸][捂脸],[等级19],[粉丝团 Lv15]
2026-05-13 23:55:54,4410845128828888,地狱小魔,什么姜子牙[看],[等级25],[粉丝团 Lv11]
2026-05-13 23:55:54,2386378385529776,ღ 念池鱼,[鼓掌][鼓掌][鼓掌],[等级16],[粉丝团 Lv1]
2026-05-13 23:55:54,509818415880967,中意李,哈哈哈,[等级7],[粉丝团 Lv4]
2026-05-13 23:55:55,110853008719,！,[捂脸],[等级26],
2026-05-13 23:55:55,61226959541,路人甲的煽情༊,张君雅牛逼,[等级23],[粉丝团 Lv8]
2026-05-13 23:55:55,1341059843757268,Vincent,[捂脸][捂脸][捂脸],[等级37],[粉丝团 Lv14]
2026-05-13 23:55:55,92461848227,煜,哈哈哈哈哈哈哈哈哈,[等级13],[粉丝团 Lv11]
2026-05-13 23:55:56,2984502456237699,汪汪小汪,尴尬了,[等级32],[粉丝团:张君雅 Lv15]
2026-05-13 23:55:56,106028942886,肆🌒月,张君雅,[等级29],[粉丝团 Lv11]
2026-05-13 23:55:56,67223019113,伟,老黑专业偷人,[等级23],[粉丝团 Lv9]
2026-05-13 23:55:56,3825901139410685,李哥,姜子牙牛逼,[等级31],[粉丝团 Lv10]
2026-05-13 23:55:56,71126905166,抖音小肋手,张君雅牛逼,[等级10],[粉丝团 Lv10]
2026-05-13 23:55:57,98932747508,前还可修,人家不认识你[捂脸][捂脸][捂脸],[等级20],
2026-05-13 23:55:57,102292532517,哥不帅,张君雅牛逼牛逼牛逼[赞],[等级2],[粉丝团 Lv6]
2026-05-13 23:55:58,68033173728,Johnny✨⁵¹⁰⁷⁴,张君雅牛逼[发怒][害羞][发怒][害羞],[等级31],[粉丝团 Lv16]
2026-05-13 23:55:58,52495544292,玩了个寂寞,张君雅不牛逼,[等级16],[粉丝团 Lv5]
2026-05-13 23:55:58,2023529687028288,章鱼姐,在一声声中牛逼失去理智,[等级7],[粉丝团 Lv2]
2026-05-13 23:55:58,1895194513901262,陈皮皮⁵¹⁰⁷⁴,张君雅牛逼,[等级28],[粉丝团 Lv16]
2026-05-13 23:55:58,1271505004010494,小章,张君雅牛逼,[等级9],[粉丝团 Lv7]
2026-05-13 23:55:58,78763992821912,🌈Blue🌈,你说话太快了,[等级8],[粉丝团 Lv1]
2026-05-13 23:55:59,96035345005,夏春明,生日快乐,[等级13],[粉丝团 Lv1]
2026-05-13 23:55:59,62130220363,周周不睡觉🍓,张君雅牛逼,[等级24],[粉丝团 Lv4]
2026-05-13 23:55:59,66229069886,󰠇子木,张君雅流弊,[等级9],[粉丝团 Lv11]
2026-05-13 23:55:59,71215620205,黑黑&壮壮妈咪～,张君雅牛批,[等级21],[粉丝团 Lv13]
2026-05-13 23:56:00,103571886352,宇总,张君宝,[等级28],[粉丝团 Lv10]
2026-05-13 23:56:00,417427108929038,麦幽,人家不认识[捂脸],[等级3],[粉丝团 Lv6]
2026-05-13 23:56:00,4233546532927219,🉑🈶🉑🈚,张子牙牛逼,[等级20],[粉丝团 Lv10]
2026-05-13 23:56:00,794278634983936,FLIPPED,张君雅牛逼！,[等级16],[粉丝团 Lv11]
2026-05-13 23:56:00,2696436837264052,顺势而为,你不是牛,,
2026-05-13 23:56:00,1341059843757268,Vincent,姜子牙[捂脸][捂脸][捂脸],[等级37],[粉丝团 Lv14]
2026-05-13 23:56:00,86562890288,ㅤ　 ㅤ顺利朱,[捂脸][捂脸][捂脸],[等级20],[粉丝团 Lv11]
2026-05-13 23:56:01,104862346759,涛哥🐯,[捂脸][捂脸][捂脸],[等级15],[粉丝团 Lv10]
2026-05-13 23:56:01,1081571755955373,海风,都是错觉[捂脸][捂脸][捂脸],[等级18],[粉丝团 Lv5]
2026-05-13 23:56:01,50347655965,^06^,张君雅牛逼,[等级7],
2026-05-13 23:56:01,288492834788025,老船长,张君雅牛逼,[等级9],[粉丝团 Lv3]
2026-05-13 23:56:01,99149446516,宗介的啵妞🍼,[捂脸][捂脸][捂脸][捂脸][捂脸],[等级15],[粉丝团 Lv11]
2026-05-13 23:56:02,71328393423,🌈壹惗🌈🌈🌈,[捂脸][捂脸][捂脸],[等级27],[粉丝团 Lv12]
2026-05-13 23:56:02,99804330526,玉鳞瑶甲,张君雅牛逼,[等级28],[粉丝团 Lv6]
2026-05-13 23:56:02,7426602994870043708,¯͒,[捂脸][捂脸][捂脸],[等级9],
2026-05-13 23:56:02,92517899487,孤傲,哈哈哈,[等级26],[粉丝团 Lv10]
2026-05-13 23:56:02,72352497850,归尘,哈哈,[等级13],[粉丝团 Lv10]
2026-05-13 23:56:02,4239344509660557,T教煌.℡,哈哈哈哈,[等级33],[粉丝团 Lv10]
2026-05-13 23:56:02,3047482674388180,菜场在逃肥鸡,张君雅NB,[等级13],[粉丝团 Lv7]
2026-05-13 23:56:02,65263583138,四川靓号之家,姜子牙,[等级32],[粉丝团 Lv16]
2026-05-13 23:56:02,2008150680020944,风说。,姜子牙,[等级11],
2026-05-13 23:56:02,82795403383,孤叶,张君雅牛逼,[等级16],[粉丝团 Lv4]
2026-05-13 23:56:02,1280306984780173,朵寧,太尴尬了[捂脸][捂脸][捂脸][捂脸],[等级13],[粉丝团 Lv11]
2026-05-13 23:56:02,93196727601,且行且悟,。。。,[等级27],[粉丝团 Lv13]
2026-05-13 23:56:02,4484268219711019,荣昌·小罗,[捂脸][捂脸][捂脸][捂脸],[等级12],[粉丝团 Lv5]
2026-05-13 23:56:03,4451256900860528,过客1028,不认识,[等级19],
2026-05-13 23:56:03,72419691347,🐯.  瑩瑩瑩,哈哈哈哈哈哈,[等级14],
2026-05-13 23:56:03,1957584062385011,AA、💋,[捂脸][捂脸][捂脸],[等级9],[粉丝团 Lv10]
2026-05-13 23:56:03,800054500924855,云飞羽,[捂脸][捂脸][捂脸],[等级9],
2026-05-13 23:56:03,61835779108,二毛,姜子牙[捂脸][捂脸],[等级32],[粉丝团 Lv15]
2026-05-13 23:56:04,75463265253,720,哈哈哈哈哈哈哈哈哈,[等级21],[粉丝团 Lv2]
2026-05-13 23:56:04,96667074684,芥子,[捂脸][捂脸][捂脸][捂脸],[等级13],[粉丝团 Lv8]
2026-05-13 23:56:04,111007266356,🔱守望w,姜子牙[捂脸][捂脸][捂脸],[等级29],[粉丝团 Lv15]
2026-05-13 23:56:04,104917868526,🌅,[捂脸][捂脸],[等级7],[粉丝团 Lv8]
2026-05-13 23:56:04,55061550095,AAAalways,姜子牙,[等级17],[粉丝团 Lv11]
2026-05-13 23:56:04,104432719593,赞美愚者,姜子牙,[等级34],
2026-05-13 23:56:04,76055064464,旧颜*,姜子牙,[等级11],[粉丝团 Lv12]
2026-05-13 23:56:04,60768710753,CT陈天宇,姜子牙[捂脸][捂脸],[等级15],[粉丝团 Lv8]
2026-05-13 23:56:04,2401813627406455,喝了酱油耍酒疯,哈哈哈哈哈,,
2026-05-13 23:56:04,458929120480025,吖个星期,张君雅牛逼,[等级2],[粉丝团 Lv1]
2026-05-13 23:56:04,105457912449,Mr.馬,[捂脸][捂脸][捂脸][捂脸][捂脸],[等级11],[粉丝团 Lv11]
2026-05-13 23:56:04,59193413066,不抽鲢鳙的刚粉,姜子牙[捂脸],[等级34],[粉丝团 Lv3]
2026-05-13 23:56:05,93886266806,蘭冉,姜子牙牛逼[看],[等级40],
2026-05-13 23:56:05,98061316280,♊凡尘,[捂脸][捂脸][捂脸][捂脸],[等级32],[粉丝团 Lv10]
2026-05-13 23:56:05,1560954851308167,壹壹呀一一🍒,张君雅牛逼🐂🍺,[等级7],[粉丝团 Lv9]
2026-05-13 23:56:05,79876982398,王辉✌,哈哈,[等级17],
2026-05-13 23:56:06,3822367435142180,西兰乐,OK 姜子牙,[等级3],[粉丝团 Lv2]
2026-05-13 23:56:06,1895194513901262,陈皮皮⁵¹⁰⁷⁴,[捂脸][捂脸][捂脸][捂脸],[等级28],[粉丝团 Lv16]
2026-05-13 23:56:06,3412476962278679,欧哈纳,姜子牙,,
2026-05-13 23:56:06,99519056697,一二三k,[捂脸][捂脸][捂脸],[等级7],[粉丝团 Lv8]
2026-05-13 23:56:06,89979842607,Uuuuuu,姜子牙牛逼,[等级29],
2026-05-13 23:56:06,707741076693149,🐳楚峳妍,哈哈哈,[等级15],[粉丝团 Lv3]
2026-05-13 23:56:06,975967850348430,水贴、烫金、热转印、喷涂加工厂,[发呆][发呆][发呆],[等级11],[粉丝团 Lv10]
2026-05-13 23:56:06,2643644270781566,顾念,姜子牙,[等级16],
2026-05-13 23:56:06,2386378385529776,ღ 念池鱼,姜子牙,[等级16],[粉丝团 Lv1]
2026-05-13 23:56:06,3711594306216375,²⁰²⁶😃,姜子牙[捂脸],[等级15],
2026-05-13 23:56:06,1244249822078139,碎星闪闪,[捂脸][捂脸][捂脸][捂脸][捂脸][捂脸][捂脸],[等级7],[粉丝团 Lv10]
2026-05-13 23:56:06,3406705907740807,何爱华（承蒙厚爱）,[捂脸][捂脸][捂脸],[等级22],[粉丝团 Lv12]
2026-05-13 23:56:07,99029196184,分不清大小王女士,姜子牙[捂脸][捂脸][捂脸],[等级24],[粉丝团 Lv11]
2026-05-13 23:56:07,4484268219711019,荣昌·小罗,张子牙,[等级12],[粉丝团 Lv5]
2026-05-13 23:56:08,105487072616,缘来の一家人,[捂脸][捂脸][捂脸],[等级23],[粉丝团 Lv14]
2026-05-13 23:56:08,365468150665960,帝王花烛,哈哈哈哈就哈哈哈哈哈哈哈哈哈,[等级2],
2026-05-13 23:56:08,101688175963,从风,姜子牙,[等级23],[粉丝团 Lv6]
2026-05-13 23:56:08,2928696292811743,超影独行,姜子牙[捂脸][捂脸],[等级18],[粉丝团 Lv12]
2026-05-13 23:56:08,103571886352,宇总,铁蛋[比心][比心][比心][比心][比心][比心][比心],[等级28],[粉丝团 Lv10]
2026-05-13 23:56:08,96996619230,顺风顺水！,哈哈,[等级12],[粉丝团 Lv11]
2026-05-13 23:56:08,92780872425,稀客,姜子牙哈哈哈哈哈,[等级15],[粉丝团 Lv13]
2026-05-13 23:56:08,99247846363,海仔,哈哈[捂脸][捂脸][捂脸],[等级23],[粉丝团 Lv13]
2026-05-13 23:56:08,3047482674388180,菜场在逃肥鸡,hhh姜子牙,[等级13],[粉丝团 Lv7]
2026-05-13 23:56:08,4155783127239403,🌈Npc,姜子牙牛逼,[等级24],[粉丝团 Lv12]
2026-05-13 23:56:09,3415555743681539,天羊,张子牙,[等级35],[粉丝团 Lv10]
2026-05-13 23:56:09,101595263010620,伊昂,OK，姜子牙[捂脸][捂脸][捂脸],[等级12],[粉丝团 Lv10]
2026-05-13 23:56:09,93184190266,叶落,姜子牙牛逼,[等级8],[粉丝团 Lv1]
2026-05-13 23:56:09,782461558602846,孬,[捂脸][呲牙][捂脸][捂脸][捂脸],[等级13],[粉丝团 Lv11]
2026-05-13 23:56:09,64334931336,近心,哈哈哈哈哈哈哈哈姜子牙,[等级7],[粉丝团 Lv6]
2026-05-13 23:56:09,2652457515884291,小糯米,[衰][吐血][衰][吐血][衰][吐血],[等级12],[粉丝团 Lv12]
2026-05-13 23:56:09,70849549871,☞末  情☜,[捂脸][捂脸][捂脸],[等级25],[粉丝团 Lv6]
2026-05-13 23:56:09,68717554143,一网情深,姜子牙,[等级13],
2026-05-13 23:56:10,88757268529,张小狮,[捂脸][捂脸][捂脸],[等级11],[粉丝团 Lv11]
2026-05-13 23:56:10,83842821625,M̶r̶-̶北̶筏̶,姜子牙[捂脸],[等级26],[粉丝团 Lv9]
2026-05-13 23:56:10,59782841206,长 春,姜子牙[捂脸][捂脸][捂脸],[等级32],
2026-05-13 23:56:10,71126905166,抖音小肋手,[捂脸][捂脸][捂脸][捂脸],[等级10],[粉丝团 Lv10]
2026-05-13 23:56:10,99512064477,大嘭🌈,姜子牙,[等级24],[粉丝团 Lv13]
2026-05-13 23:56:10,87243903052,辞川,张君雅牛逼,[等级24],[粉丝团 Lv11]
2026-05-13 23:56:10,2581242948361592,魂殇,姜子牙,[等级26],[粉丝团 Lv12]
2026-05-13 23:56:10,62597370094,知年,姜子牙,[等级24],[粉丝团 Lv1]
2026-05-13 23:56:10,2883387267750147,等待,姜子牙,[等级9],[粉丝团 Lv10]
2026-05-13 23:56:11,87759626246,嘉宾,姜子牙牛逼,[等级13],
2026-05-13 23:56:11,417420970822190,**,[捂脸][捂脸][捂脸][捂脸][捂脸],[等级22],[粉丝团 Lv9]
2026-05-13 23:56:11,2172229561625960,好嗨哟,姜子牙,[等级25],[粉丝团 Lv13]
2026-05-13 23:56:12,88542161422,小勇😀,姜子牙牛逼[捂脸][捂脸],[等级20],[粉丝团 Lv11]
2026-05-13 23:56:12,94813074976,漠北,哈哈哈,[等级21],[粉丝团 Lv7]
2026-05-13 23:56:12,62642627846,鹿茸,哈哈哈哈哈,[等级11],[粉丝团 Lv9]
2026-05-13 23:56:12,58894403545,Jeffrey.Huang,姜子牙牛逼,[等级18],[粉丝团 Lv2]
2026-05-13 23:56:12,2905369106198536,Chase·Jungle,哈哈哈哈,[等级10],[粉丝团 Lv6]
2026-05-13 23:56:12,3170638856205139,毛磊森,张老黑牛比,[等级22],[粉丝团 Lv1]
2026-05-13 23:56:12,3835516657862510,hello,哈哈哈哈哈哈哈[捂脸][捂脸][捂脸],[等级21],[粉丝团 Lv4]
2026-05-13 23:56:12,3593651276484189,菟丝子,牛逼[比心][比心][比心][比心][比心],[等级8],[粉丝团 Lv8]
2026-05-13 23:56:12,4295115881845472,乘风破浪🏄‍♂️,姜子牙,[等级18],
2026-05-13 23:56:12,78267720770,龍⁵¹⁰⁷⁴,[捂脸][捂脸][捂脸][捂脸],[等级28],[粉丝团 Lv15]
2026-05-13 23:56:12,94511118465,及时止损,姜子牙牛逼,[等级2],
2026-05-13 23:56:12,20210455949667,萨克米偶遇克朗斯,姜子牙过不去了,[等级3],[粉丝团 Lv4]
2026-05-13 23:56:12,7603294357017773105,6666,张治牙,[等级7],[粉丝团 Lv3]
2026-05-13 23:56:13,62734391135,涂涂姐、🍻,张君雅牛逼,[等级6],[粉丝团 Lv9]
2026-05-13 23:56:13,102154123118,明里有你❤️,姜子牙都来了,[等级7],
2026-05-13 23:56:13,62979936380,小刁,她怎么知道你叫姜子牙,[等级6],[粉丝团 Lv6]
2026-05-13 23:56:14,71622963048,林深 时 见鹿,姜子牙[捂脸]牛逼,[等级1],
2026-05-13 23:56:14,2008150680020944,风说。,姜子牙牛逼[捂脸],[等级11],
2026-05-13 23:56:14,66216930548,差一点儿,姜子牙牛逼,[等级17],[粉丝团 Lv10]
2026-05-13 23:56:14,2816262866483979,拯救逃离世界🌍,哈哈哈哈哈哈哈,[等级15],
2026-05-13 23:56:14,81498709949,玉楼金阙慵归去,[呲牙][呲牙][呲牙][呲牙],[等级12],[粉丝团 Lv5]
2026-05-13 23:56:14,3104613352084124,五行缺钱,好一个姜子牙[捂脸],[等级9],
2026-05-13 23:56:14,68179112233,克里斯～RONALDO,ok，姜子牙,[等级19],
2026-05-13 23:56:14,110253615994,开心就好:,张子牙,[等级17],
2026-05-13 23:56:14,64396490234,玖柒禾十,[捂脸][捂脸][捂脸][捂脸][捂脸],[等级17],[粉丝团 Lv2]
2026-05-13 23:56:14,4155783127239403,🌈Npc,姜子牙牛逼,[等级24],[粉丝团 Lv12]
2026-05-13 23:56:15,82162193294,mortal,又是姜子牙牛逼,[等级7],[粉丝团 Lv4]
2026-05-13 23:56:15,3701379135715724,🌈米米米,[捂脸][捂脸],[等级9],[粉丝团 Lv2]
2026-05-13 23:56:16,52518192704,小标标,玩呢,[等级22],
2026-05-13 23:56:16,66542821263,活在当下₂₀₂₆,姜子牙牛逼,[等级13],[粉丝团 Lv8]
2026-05-13 23:56:16,64334931336,近心,姜子牙牛逼,[等级7],[粉丝团 Lv6]
2026-05-13 23:56:16,93300691687,小溪ONE,姜子牙牛逼,[等级18],
2026-05-13 23:56:16,3913913666903720,太阳☀,人家不认识[捂脸][捂脸][捂脸][捂脸],[等级41],[粉丝团 Lv13]
2026-05-13 23:56:16,71328393423,🌈壹惗🌈🌈🌈,这两妹妹真可爱[捂脸],[等级27],[粉丝团 Lv12]
2026-05-13 23:56:16,1759681818921211,念暮安.,张老黑,[等级6],[粉丝团 Lv1]
2026-05-13 23:56:16,72419691347,🐯.  瑩瑩瑩,姜子牙真牛逼,[等级14],
2026-05-13 23:56:16,844867683494035,起 点,妹子很单纯 没看过直播,[等级28],[粉丝团 Lv8]
2026-05-13 23:56:17,93032203992,秀儿⁵¹⁰⁷⁴,姜子牙[捂脸][捂脸][捂脸],[等级19],[粉丝团 Lv12]
2026-05-13 23:56:18,7572914980963681329,平凡老己,张子牙牛逼,[等级26],[粉丝团 Lv11]
2026-05-13 23:56:18,144786160103287,烤肉村,张子牙,[等级34],
2026-05-13 23:56:18,4287711750143277,🥀ঞ李尚王来₅₂₀💞࿐,姜子牙牛逼,[等级32],[粉丝团 Lv9]
2026-05-13 23:56:18,97815144412,🌈你的骑士,姜子牙牛逼,[等级21],[粉丝团 Lv3]
2026-05-13 23:56:18,66266594671,兔大爷(创始人矮哥),姜子牙牛逼,[等级25],[粉丝团 Lv10]
2026-05-13 23:56:18,71215620205,黑黑&壮壮妈咪～,张老黑牛批,[等级21],[粉丝团 Lv13]
2026-05-13 23:56:18,1345398803020895,悟惟修,ok 姜子牙,[等级23],[粉丝团 Lv11]
2026-05-13 23:56:18,101389319142,了无痕迹,张君雅牛逼,[等级2],
2026-05-13 23:56:18,3325401035711982,诚实可靠小郎君,姜子牙,[等级8],[粉丝团 Lv2]
2026-05-13 23:56:18,104761223178,君邪,姜子牙牛逼[看],[等级25],
2026-05-13 23:56:18,78318148520,淳如诗，美如画,张三丰牛逼,[等级12],
2026-05-13 23:56:19,94059029506,向阳而生🐱,姜子牙都出来了[捂脸],[等级7],
2026-05-13 23:56:19,4503658257446344,🥐cornetto,然后打完搜了一下,[等级41],[粉丝团 Lv6]
2026-05-13 23:56:19,96009740336,3月26,姜子牙[捂脸][捂脸][捂脸],[等级16],[粉丝团 Lv3]
2026-05-13 23:56:20,1259364523448220,狒狒躺赢纪,女粉+2,[等级18],[粉丝团 Lv4]
2026-05-13 23:56:20,92403004279,00K很ok！,笑死了,[等级14],[粉丝团 Lv10]
2026-05-13 23:56:20,3729181904738301,茄,姜子牙给我封神,[等级10],[粉丝团 Lv9]
2026-05-13 23:56:20,59193413066,不抽鲢鳙的刚粉,姜子牙牛逼[捂脸],[等级34],[粉丝团 Lv3]
2026-05-13 23:56:21,4484268219711019,荣昌·小罗,姜子牙,[等级12],[粉丝团 Lv5]
2026-05-13 23:56:21,2254452586189767,杨毛奈♥☜♥☞,就喜欢别人夸你[捂脸],[等级14],[粉丝团 Lv12]
2026-05-13 23:56:21,2013921850951495,幔牛🐮,这俩妹妹真是可爱[捂脸],[等级2],[粉丝团 Lv2]
2026-05-13 23:56:22,4422682474192633,LuluBabe,张子牙,[等级17],[粉丝团 Lv10]
2026-05-13 23:56:22,67479174300,冲凉百香果,姜子牙[捂脸],[等级16],
2026-05-13 23:56:22,2638433450727128,天下,姜子牙牛逼,[等级38],
2026-05-13 23:56:22,818458912358512,34177028007,？？？,[等级3],
2026-05-13 23:56:22,1280306984780173,朵寧,自己都尴尬了[捂脸][捂脸][捂脸][捂脸],[等级13],[粉丝团 Lv11]
2026-05-13 23:56:22,98878505737,杰.,又骗无知少女,,
2026-05-13 23:56:22,2401813627406455,喝了酱油耍酒疯,妹妹被猫局带跑偏了,,
2026-05-13 23:56:23,103831763197,不禁你,妹妹好乖啊哈哈哈,[等级18],[粉丝团 Lv14]
2026-05-13 23:56:23,98508324637,一样,张君雅牛逼,[等级13],[粉丝团 Lv3]
2026-05-13 23:56:23,1068336598753171,头头🍊,张君雅牛逼,[等级9],[粉丝团 Lv2]
2026-05-13 23:56:23,292887482075868,一叶知秋,姜子牙牛逼,[等级4],[粉丝团 Lv1]
2026-05-13 23:56:24,3122234497437248,梁全其美,张君雅长的是牛逼👍,[等级15],[粉丝团 Lv10]
2026-05-13 23:56:24,52243439934,Air_,姜子牙,[等级19],[粉丝团 Lv10]
2026-05-13 23:56:24,2532895178888260,【俩俩相忘】安静看👀🚫禁止带节奏,但是张君雅和姜子牙好顺啊[捂脸],[等级9],
2026-05-13 23:56:24,79549898696,唐小茄,姜子牙牛逼,[等级20],
2026-05-13 23:56:25,109202557987,Y  Q,姜子牙牛逼,[等级17],[粉丝团 Lv2]
2026-05-13 23:56:25,98061316280,♊凡尘,这两妹子好乖啊[捂脸],[等级32],[粉丝团 Lv10]
2026-05-13 23:56:25,52592847352,铎羲,张君雅牛逼,[等级11],[粉丝团 Lv4]
2026-05-13 23:56:25,100515465222,✨甜憨憨吖🌈,好玩儿,[等级8],[粉丝团 Lv3]
2026-05-13 23:56:25,101223602526,爱，不解释,张君雅，牛逼,[等级17],
2026-05-13 23:56:25,51949857177,曦曦老豆,吃鸡界居然还有不认识张老黑的[捂脸][捂脸][捂脸],[等级27],
2026-05-13 23:56:25,76221862844,G 先生,姜子牙  牛逼[捂脸],[等级18],[粉丝团 Lv1]
2026-05-13 23:56:25,3170637542341683,不辣,牛逼,[等级23],
2026-05-13 23:56:25,97775492178,北岛🏂🏻,姜子牙牛逼,[等级13],[粉丝团 Lv7]
2026-05-13 23:56:26,3289383190669309,其实很简单,[捂脸][捂脸][捂脸],[等级20],[粉丝团 Lv4]
2026-05-13 23:56:27,69441337274,猛龙过江,生意做好大,[等级23],[粉丝团 Lv7]
2026-05-13 23:56:27,1759681818921211,念暮安.,张老黑,[等级6],[粉丝团 Lv1]
2026-05-13 23:56:27,108726130405,ㅤㅤㅤㅤㅤㅤㅤㅤㅤㅤㅤㅤ,[大笑][大笑][大笑][大笑][大笑],[等级30],[粉丝团 Lv2]
2026-05-13 23:56:27,100105179954,枫🍁叶,姜子牙,[等级33],[粉丝团 Lv8]
2026-05-13 23:56:27,59295246367,差太多先丶,张君雅牛逼，生8胎儿子,[等级28],[粉丝团 Lv9]
2026-05-13 23:56:27,76133959662,@等风起,嘴角压不住了老黑,[等级14],[粉丝团 Lv8]
2026-05-13 23:56:27,109756665406,ᑮéиg宝🧸ོ,当闹铃[捂脸],[等级29],[粉丝团 Lv12]
2026-05-13 23:56:27,83842821625,M̶r̶-̶北̶筏̶,[捂脸],[等级26],[粉丝团 Lv9]
2026-05-13 23:56:27,87483850393,堪培拉的风,Ok姜子牙，哈哈哈,[等级27],[粉丝团 Lv4]
2026-05-13 23:56:27,71052094484,꧁💞时光不᭄ᩚ꯭ᩚ语꧂,[捂脸][捂脸][捂脸][捂脸][捂脸],,
2026-05-13 23:56:28,93014642999,🌈南山楠,哈哈哈,[等级11],[粉丝团 Lv10]
2026-05-13 23:56:28,1493585188102458,七月,姜子牙牛逼[捂脸],,
2026-05-13 23:56:28,1965544671033416,！！！！！！,姜子牙牛逼,[等级6],
2026-05-13 23:56:29,92461848227,煜,[捂脸][捂脸][捂脸][捂脸],[等级13],[粉丝团 Lv11]
2026-05-13 23:56:29,2709613969410464,用户9074216893047,姜子牙牛逼[呲牙][呲牙][呲牙][呲牙][呲牙],[等级3],
2026-05-13 23:56:29,103289990479,剛,[捂脸][捂脸][捂脸][捂脸],[等级5],[粉丝团 Lv3]
2026-05-13 23:56:29,1701640775673236,阿福,张子牙牛逼[捂脸],,
2026-05-13 23:56:29,62064663665,拆骨成诗,行了，妹妹说叫什么就叫什么吧,[等级10],[粉丝团 Lv2]
2026-05-13 23:56:29,3337742809570493,白榆,哈哈哈,[等级23],
2026-05-13 23:56:29,1802796078468808,小乐乐,[捂脸][捂脸][捂脸][捂脸],[等级31],[粉丝团 Lv8]
2026-05-13 23:56:29,107856913416,重生之奋斗,张老黑牛逼[捂脸][捂脸],[等级13],[粉丝团 Lv1]
2026-05-13 23:56:29,95507451318,溪鱼,[捂脸][捂脸][捂脸]妹妹真有意思,[等级17],[粉丝团 Lv10]
2026-05-13 23:56:29,93196727601,且行且悟,姜子牙牛逼,[等级27],[粉丝团 Lv13]
2026-05-13 23:56:30,1829206389950766,伱我皆牛马,姜子牙牛逼[看],[等级25],[粉丝团 Lv2]
2026-05-13 23:56:30,51011709573323,往事如烟,哈哈,[等级28],[粉丝团 Lv9]
2026-05-13 23:56:30,4035673205246811,锦瑟华年,姜子牙牛比,,
2026-05-13 23:56:30,105988183065,小阿允゛☁️,张君雅是真的牛批,[等级23],[粉丝团 Lv10]
2026-05-13 23:56:30,69463840673,可燃冰,姜子牙对！！没错！！牛逼的姜子牙[赞][赞][赞][赞],[等级7],
2026-05-13 23:56:31,100250134080,凯,素材来了,[等级19],[粉丝团 Lv15]
2026-05-13 23:56:31,93150184865,有点呆🥷,姜子牙牛逼,[等级13],[粉丝团 Lv9]
2026-05-13 23:56:31,3013139552021534,🦁🖤,等等把妳当脆面吃了（絲,[等级32],[粉丝团:张君雅 Lv16]
2026-05-13 23:56:31,1996363921883918,超幸运,姜子牙牛逼,[等级14],
2026-05-13 23:56:31,92298461320,说反话,啥癖好,[等级10],[粉丝团 Lv10]
2026-05-13 23:56:32,105127424176,东魏,张君雅牛比,[等级15],[粉丝团 Lv1]
2026-05-13 23:56:32,4155783127239403,🌈Npc,姜子牙牛逼,[等级24],[粉丝团 Lv12]
2026-05-13 23:56:32,3711594306216375,²⁰²⁶😃,姜子牙牛逼[捂脸],[等级15],
2026-05-13 23:56:33,1759681818921211,念暮安.,老黑,[等级6],[粉丝团 Lv1]
2026-05-13 23:56:33,1313284358672692,广联达建模（王）,姜子牙[捂脸][发怒][捂脸][发怒],[等级16],[粉丝团 Lv6]
2026-05-13 23:56:33,4484268219711019,荣昌·小罗,以后就叫姜子牙,[等级12],[粉丝团 Lv5]
2026-05-13 23:56:33,109600067848,沉默,[捂脸][捂脸][捂脸],[等级26],[粉丝团 Lv5]
2026-05-13 23:56:33,3619188389714493,小罗哥,张子牙,[等级13],[粉丝团 Lv5]
2026-05-13 23:56:33,104433614986,讷,姜子牙牛逼,[等级22],[粉丝团 Lv12]
2026-05-13 23:56:34,69441337274,猛龙过江,姜子牙,[等级23],[粉丝团 Lv7]
2026-05-13 23:56:34,2362221448149299,五元炒一盤排粉,牛逼这两怎么解释？,[等级9],
2026-05-13 23:56:34,78318148520,淳如诗，美如画,张三丰牛逼,[等级12],
2026-05-13 23:56:34,3170638856205139,毛磊森,张君雅流鼻涕,[等级22],[粉丝团 Lv1]
2026-05-13 23:56:35,870463316954142,夏天,姜子牙[捂脸],[等级32],[粉丝团 Lv10]
2026-05-13 23:56:35,2696436837264052,顺势而为,你不是牛,,
2026-05-13 23:56:35,980415517046024,小蜜蜂,ok姜子牙,[等级23],
2026-05-13 23:56:36,95660614973,尛尛糖🍬,哇哦~你超厉害哒，好牛好牛！,[等级19],[粉丝团 Lv11]
2026-05-13 23:56:37,80825770772,醉美流年,张君雅牛逼[捂脸],[等级17],[粉丝团 Lv5]
2026-05-13 23:56:37,3438921414351399,淡泊·明智,姜子牙[呲牙][呲牙][呲牙][呲牙],[等级15],[粉丝团 Lv11]
2026-05-13 23:56:37,81893556891,私宠,姜子牙牛批,[等级29],[粉丝团 Lv10]
2026-05-13 23:56:38,1081574460239063,🌈我是、打酱油的,姜子牙,[等级45],
2026-05-13 23:56:39,1256083349060243,a 赛麦提,老黑,[等级4],
2026-05-13 23:56:40,2581242948361592,魂殇,姜子牙皮牛,[等级26],[粉丝团 Lv12]
2026-05-13 23:56:40,818458912358512,34177028007,牛逼？,[等级3],
2026-05-13 23:56:40,1803629010360637,義佰 🏡,张军没牙[酷拽][酷拽],[等级24],
2026-05-13 23:56:41,109202557987,Y  Q,姜子牙牛逼,[等级17],[粉丝团 Lv2]
2026-05-13 23:56:41,7615988333545931813,ik-🦋,不认认识,,
2026-05-13 23:56:42,106495953730,新视界,又多个外号[比心][比心],[等级8],[粉丝团 Lv10]
2026-05-13 23:56:42,1493585188102458,七月,姜子牙牛逼[捂脸]姜子牙牛逼[捂脸]姜子牙牛逼[捂脸]姜子牙牛逼[捂脸],,
2026-05-13 23:56:42,3891906173222723,新仔19,肚子疼哈哈,[等级1],
2026-05-13 23:56:43,2850407636018189,✌︎︎沐🍁 ᥫᩣ༠沐𝕪𝕖✌︎︎,张子呀[捂脸],[等级20],[粉丝团 Lv11]
2026-05-13 23:56:44,76545699376,🔞,长子呀,[等级17],[粉丝团 Lv3]
2026-05-13 23:56:45,58357264093,星禾·辰,把张君雅的牛逼打在公屏上 兄弟们,[等级17],[粉丝团 Lv8]
2026-05-13 23:56:46,4424872983274371,雾眠眠,姜子牙牛逼,[等级26],[粉丝团 Lv13]
2026-05-13 23:56:47,95957323055,就这样吧！,搁这封神榜呢,[等级23],
2026-05-13 23:56:47,461413897222492,简单/,姜子牙牛逼啊[捂脸],[等级14],[粉丝团 Lv11]
2026-05-13 23:56:47,826425753210750,小吴,海岛悍匪,[等级6],[粉丝团 Lv1]
2026-05-13 23:56:47,56942924958,渗透f,咦我们是姊妹，我叫张君波,,
2026-05-13 23:56:47,2013921850951495,幔牛🐮,老黑收两个迷妹,[等级2],[粉丝团 Lv2]
2026-05-13 23:56:47,2848201860982147,幸运小狗,姜子牙牛逼,[等级4],
2026-05-13 23:56:48,92186146936,❥ 对你 ⋆ 着迷ᝰ,张君宝牛逼,[等级26],[粉丝团 Lv2]
2026-05-13 23:56:49,100515465222,✨甜憨憨吖🌈,OK姜子牙,[等级8],[粉丝团 Lv3]
2026-05-13 23:56:49,72371004291,ning,把牛批打在老黑身上[捂脸],[等级13],[粉丝团 Lv9]
2026-05-13 23:56:49,62472484232,天天都想发财🧸,50个们打了20,[等级16],[粉丝团 Lv6]
2026-05-13 23:56:49,3632420663601888,发什么呆,姜子牙牛逼,[等级8],[粉丝团 Lv10]
2026-05-13 23:56:50,100710300696,敏敏黑木耳,好尴尬[发呆][发呆][发呆],[等级36],
2026-05-13 23:56:50,1493585188102458,七月,姜子牙牛逼[捂脸]姜子牙牛逼[捂脸]姜子牙牛逼[捂脸]姜子牙牛逼[捂脸],,
2026-05-13 23:56:50,1904810708450736,不善于表达,姜子牙牛逼,[等级11],[粉丝团 Lv1]
2026-05-13 23:56:51,101223602526,爱，不解释,你不用怕他,[等级17],
2026-05-13 23:56:53,1936707435392920,A北京公寓出租,姜子牙牛逼,,
2026-05-13 23:56:53,61247867498,鸿志,他说姜子牙我知道,[等级23],[粉丝团 Lv3]
2026-05-13 23:56:54,72813485275,皮皮皮,故地重游,[等级20],[粉丝团 Lv15]
2026-05-13 23:56:54,582073028981849,棒棒仔,姜子牙牛逼,[等级2],
2026-05-13 23:56:55,68179112233,克里斯～RONALDO,可把两妹子玩开心了,[等级19],
2026-05-13 23:56:55,844867683494035,起 点,俩妹子没看过你,[等级28],[粉丝团 Lv8]
2026-05-13 23:56:56,4164567745964686,帕·拉,能不能叫张老黑,[等级26],[粉丝团 Lv11]
2026-05-13 23:56:56,110487983863,都怪你隐身太清晰,张老黑牛杯[捂脸],[等级17],[粉丝团 Lv7]
2026-05-13 23:56:56,3289383190669309,其实很简单,姜子牙牙疼nb,[等级20],[粉丝团 Lv4]
2026-05-13 23:56:56,60768710753,CT陈天宇,姜子牙牛逼[比心][比心][比心],[等级15],[粉丝团 Lv8]
2026-05-13 23:56:58,82795403383,孤叶,你要是个男的，得多少女的为你着迷呀,[等级16],[粉丝团 Lv4]
2026-05-13 23:56:58,96667074684,芥子,OK姜子牙[捂脸][捂脸],[等级13],[粉丝团 Lv8]
2026-05-13 23:56:58,96129841018,巴塘牛先生汤锅,灯牌就是姜子牙牛批,[等级13],
2026-05-13 23:56:58,3073872191297821,zZ,蠢萌大学生实锤,[等级27],[粉丝团 Lv15]
2026-05-13 23:57:00,76545699376,🔞,姜子牙[捂脸][捂脸][捂脸],[等级17],[粉丝团 Lv3]
2026-05-13 23:57:01,3989484633588923,啵啵鱼儿,知名度还是不高啊,[等级3],
2026-05-13 23:57:01,105392418367,TB12,张老黑牛逼,[等级24],[粉丝团 Lv15]
2026-05-13 23:57:01,3122234497437248,梁全其美,老母牛摇尾巴尽显老牛逼[赞],[等级15],[粉丝团 Lv10]
2026-05-13 23:57:02,99303466159,诀爱,让妹妹看直播,[等级13],[粉丝团 Lv6]
2026-05-13 23:57:02,96513967179,🌈旧时光,张君雅牛逼，666$我的宝贝[捂脸],[等级20],[粉丝团 Lv9]
2026-05-13 23:57:03,54915355377,『逝氺无痕』,叫小姐姐来点关注,[等级35],[粉丝团 Lv8]
2026-05-13 23:57:04,62472484232,天天都想发财🧸,海岛其他人没发力,[等级16],[粉丝团 Lv6]
2026-05-13 23:57:04,1978775559473902,🌈雨夜歌笙,这把破纪录[比心],[等级22],[粉丝团 Lv10]
2026-05-13 23:57:08,97048362360,Panda,队友开了晋级赛，匹的对手也都是打晋级赛的吗,[等级12],
2026-05-13 23:57:11,1108787950788920,傲寒1205,她们只要说了就会被手机记录，离刷到就不远了,[等级5],[粉丝团 Lv1]
2026-05-13 23:57:13,2330588968395416,贝塔β,奢侈啊,[等级25],[粉丝团 Lv14]
2026-05-13 23:57:15,226972088410112,用户3656150502574,像我们山西的妹子。[看],,
2026-05-13 23:57:16,1493585188102458,七月,姜子牙牛逼[捂脸]姜子牙牛逼[捂脸]姜子牙牛逼[捂脸]姜子牙牛逼[捂脸],,
2026-05-13 23:57:16,87707300321,人间有情,老黑偷人偷高兴了,[等级8],[粉丝团 Lv2]
2026-05-13 23:57:18,748094424099614,秀虎,[爱心],[等级14],[粉丝团 Lv1]
2026-05-13 23:57:19,3927077882177272,隐昔,张君雅牛x,[等级15],[粉丝团 Lv11]
2026-05-13 23:57:19,61247867498,鸿志,姜子牙什么时候开直播了，我去看看,[等级23],[粉丝团 Lv3]
2026-05-13 23:57:21,108163423236,基斯阿盖,姜子牙牛逼,[等级18],
2026-05-13 23:57:22,86562890288,ㅤ　 ㅤ顺利朱,还有三十发，一人一发够了[看],[等级20],[粉丝团 Lv11]
2026-05-13 23:57:22,92700041933,阿磊吖,把牛逼打在姜子牙身上[捂脸][捂脸][捂脸],[等级9],
2026-05-13 23:57:23,100250134080,凯,俩妹子要知道1万多人在看她们，绝对喊不出口[捂脸],[等级19],[粉丝团 Lv15]
2026-05-13 23:57:23,1081574460239063,🌈我是、打酱油的,姜子牙，牛比,[等级45],
2026-05-13 23:57:25,69463840673,可燃冰,好牛逼的姜子牙[赞],[等级7],
2026-05-13 23:57:25,111149267192,Actor朝,大炮子弹多就是嚣张[看],[等级31],
2026-05-13 23:57:26,3593651276484189,菟丝子,她是个女的，女的也为她着迷[比心],[等级8],[粉丝团 Lv8]
2026-05-13 23:57:30,88757268529,张小狮,这是晋级赛，要不要低调点[捂脸][捂脸][捂脸],[等级11],[粉丝团 Lv11]
2026-05-13 23:57:31,844867683494035,起 点,他们还不知道你是主播,[等级28],[粉丝团 Lv8]
2026-05-13 23:57:32,111383523563,风清扬,怎么现在没人叫她张大房子了？,[等级20],[粉丝团 Lv12]
2026-05-13 23:57:32,62979936380,小刁,又探路,[等级6],[粉丝团 Lv6]
2026-05-13 23:57:35,103612270955,杰lj,今天说了张君雅牛13-明天大数据就推送过去给她们了,[等级13],[粉丝团 Lv11]
2026-05-13 23:57:36,111149267192,Actor朝,用大炮清车,[等级31],
2026-05-13 23:57:38,3104613352084124,五行缺钱,来来来，我带着敌人回来了[捂脸],[等级9],
2026-05-13 23:57:39,109234761799,数今朝风流人物,为啥都说牛逼，不说牛刁？？？？,[等级26],[粉丝团 Lv1]
2026-05-13 23:57:49,3104613352084124,五行缺钱,来了来了，我带着敌人回来了[捂脸],[等级9],
2026-05-13 23:57:49,1280306984780173,朵寧,给妹妹留个好友位，扑总喜欢,[等级13],[粉丝团 Lv11]
2026-05-13 23:57:52,4233546532927219,🉑🈶🉑🈚,妹妹好好玩,[等级20],[粉丝团 Lv10]
2026-05-13 23:57:57,76166151290,你的神:,上把就是在这里没得,[等级25],[粉丝团 Lv2]
2026-05-13 23:57:59,63154448945,燃尽～,熟悉的地方[捂脸],[等级12],[粉丝团 Lv12]
2026-05-13 23:58:01,100515465222,✨甜憨憨吖🌈,她杀了11个；对吖,[等级8],[粉丝团 Lv3]
2026-05-13 23:58:03,88757268529,张小狮,每次一有妹妹夸老黑就超猛[捂脸],[等级11],[粉丝团 Lv11]
2026-05-13 23:58:05,68422483360,深情不及久伴,@孤叶 她现在女粉也很多很多啊,[等级25],[粉丝团 Lv11]
2026-05-13 23:58:06,76166151290,你的神:,上把也是在这里没了,[等级25],[粉丝团 Lv2]
2026-05-13 23:58:08,76618729553,非标自动化,将军雅牛逼,[等级6],
2026-05-13 23:58:08,94511118465,及时止损,带妹妹踩坑,[等级2],
2026-05-13 23:58:14,54642780642,别闹，别问，别期待,张君雅吹牛批[看],[等级48],
2026-05-13 23:58:14,7572914980963681329,平凡老己,再努力一把杀二十个,[等级26],[粉丝团 Lv11]
2026-05-13 23:58:26,66624217824,᭄自由ঞৣঁ如风᭄🍻,姜子牙牛逼,[等级14],[粉丝团 Lv6]
2026-05-13 23:58:31,57054569837,CC,全是坑,[等级15],[粉丝团 Lv3]
2026-05-13 23:58:32,87604014218,Fx¹⁰²⁷,这俩妹妹竟然不认识张君雅[捂脸],[等级30],
2026-05-13 23:58:33,61247867498,鸿志,带妹妹跳坑,[等级23],[粉丝团 Lv3]
2026-05-13 23:58:36,2532895178888260,【俩俩相忘】安静看👀🚫禁止带节奏,这么厉害，为啥她们不怀疑你是主播呢[呲牙],[等级9],
2026-05-13 23:58:38,3913913666903720,太阳☀,全是坑，这里[捂脸][捂脸],[等级41],[粉丝团 Lv13]
2026-05-13 23:58:44,1024364650701038,=…自在🍒随心,OK.,[等级22],[粉丝团 Lv6]
2026-05-13 23:58:47,2254452586189767,杨毛奈♥☜♥☞,快来夸夸她，姜子牙牛逼,[等级14],[粉丝团 Lv12]
2026-05-13 23:58:49,83401953981,双鱼一杯倒,马在吃土,[等级34],[粉丝团 Lv8]
2026-05-13 23:58:50,3003457140175947,修行~,?,[等级21],
2026-05-13 23:58:51,107987446652,7099,局哥当保姆了,[等级15],[粉丝团 Lv11]
2026-05-13 23:58:51,102094212734,ღ᭄ꦿ꯭过客ঞৣঁ而己প᭄᪲,悍妇射他[捂脸],[等级8],
2026-05-13 23:58:51,68179112233,克里斯～RONALDO,这把杀20个吃鸡，两个妹子能开心死,[等级19],
2026-05-13 23:58:53,1978736643939053,將劲夫,有妹子的时候，老黑表现欲极强,[等级18],
2026-05-13 23:58:53,108401193601,守护木鱼,张全蛋牛逼,[等级7],[粉丝团 Lv7]
2026-05-13 23:58:53,2942735914377405,沪上阿爷,张君雅牛逼,[等级18],[粉丝团 Lv13]
2026-05-13 23:58:55,75013120136,悲伤小鬼,姜子牙牛逼,[等级25],
2026-05-13 23:58:56,3003457140175947,修行~,我啥都没看见,[等级21],
2026-05-13 23:59:01,4233546532927219,🉑🈶🉑🈚,带妹妹再来一把,[等级20],[粉丝团 Lv10]
2026-05-13 23:59:01,2220662420932819,瑞……,我老公说我光看君雅直播，自己不打，我说我叫人机都打不过[捂脸],[等级14],[粉丝团 Lv11]
2026-05-13 23:59:02,106495953730,新视界,这马跟着老黑也是没吃饱过,[等级8],[粉丝团 Lv10]
2026-05-13 23:59:02,66845247395,布丁有点甜,@孤叶 她是个女的我们也为他着迷,[等级8],[粉丝团 Lv8]
2026-05-13 23:59:02,97851015419,二疤哥哥,牛，逼,[等级9],[粉丝团 Lv2]
2026-05-13 23:59:04,95660614973,尛尛糖🍬,这两妹妹抖音都不看游戏主播的，,[等级19],[粉丝团 Lv11]
2026-05-13 23:59:04,1102141421520331,愷企,张君雅牛逼,[等级24],[粉丝团 Lv13]
2026-05-13 23:59:05,71098993742,路人、贾,这俩小孩还小，不超过18,[等级12],
2026-05-13 23:59:05,103022427131,YYyyjj,可能小姐姐平常不看游戏直播,[等级5],[粉丝团 Lv7]
2026-05-13 23:59:06,2576845188893629,@雨星,还有这么多人,,
2026-05-13 23:59:09,65822054361,姚R,33个人太夸张了,[等级10],
2026-05-13 23:59:10,93300691687,小溪ONE,张老黑牛逼,[等级18],
2026-05-13 23:59:14,94511118465,及时止损,他俩竟然没听说过张君雅！！！知名度还是不行呀！！！[捂脸],[等级2],
2026-05-13 23:59:17,2330588968395416,贝塔β,@修行~ 飞机看回放,[等级25],[粉丝团 Lv14]
2026-05-13 23:59:20,7580235923650266169,独特,666,[等级9],
2026-05-13 23:59:24,83273117068,么么茶-100%,这把张君雅征服欲都搞出来了,[等级1],[粉丝团 Lv1]
2026-05-13 23:59:25,292887482075868,一叶知秋,可能人家玩快手的,[等级4],[粉丝团 Lv1]
2026-05-13 23:59:25,86562890288,ㅤ　 ㅤ顺利朱,这圈带俩个妹妹，不太好搞哦[捂脸][捂脸][捂脸],[等级20],[粉丝团 Lv11]
2026-05-13 23:59:25,3913913666903720,太阳☀,很多人不玩抖音的,[等级41],[粉丝团 Lv13]
2026-05-13 23:59:42,4410845128828888,地狱小魔,有人,[等级25],[粉丝团 Lv11]
2026-05-13 23:59:43,109756665406,ᑮéиg宝🧸ོ,有老六,[等级29],[粉丝团 Lv12]
2026-05-13 23:59:45,97851015419,二疤哥哥,张君雅，我爱你[比心],[等级9],[粉丝团 Lv2]
2026-05-13 23:59:45,1798427627499870,TeFuir,兄弟们我回来了,[等级26],[粉丝团 Lv12]
2026-05-13 23:59:50,2826160041896200,思妤(♡˙︶˙♡),这么质量,[等级9],[粉丝团 Lv6]
2026-05-13 23:59:57,7603294357017773105,6666,33个人决战,[等级7],[粉丝团 Lv3]
2026-05-14 00:00:01,71126905166,抖音小肋手,@聆雨季🫧 谢谢美女,[等级10],[粉丝团 Lv10]
2026-05-14 00:00:03,70873741515,文写相思意，施暖伴朝夕。,姜子牙牛逼,[等级40],[粉丝团 Lv1]
2026-05-14 00:00:09,3377334501516344,虾仁猪心(˃ ⌑ ˂ഃ ),太帅了,[等级19],[粉丝团 Lv5]
2026-05-14 00:00:12,7615988333545931813,ik-🦋,张君雅牛逼,,
2026-05-14 00:00:16,82767577094,一只小天时💕,姜子牙牛逼,[等级23],[粉丝团 Lv12]
2026-05-14 00:00:16,2009563192628787,木易,张君雅牛逼,[等级10],[粉丝团 Lv8]
2026-05-14 00:00:18,92298461320,说反话,夸她妹妹,[等级10],[粉丝团 Lv10]
2026-05-14 00:00:21,3913913666903720,太阳☀,张君雅牛逼,[等级41],[粉丝团 Lv13]
2026-05-14 00:00:22,1257437656002798,某某.,妹妹不喊台词,[等级34],[粉丝团:张君雅 Lv16]
2026-05-14 00:00:24,71126905166,抖音小肋手,点粉丝团→一键送11个为你闪耀（陪伴之旅），完成后可多领很多很多亲密度→记得把星星都点开有亲密❤️❤,[等级10],[粉丝团 Lv10]
2026-05-14 00:00:25,96035345005,夏春明,姜子牙牛逼,[等级13],[粉丝团 Lv1]
2026-05-14 00:00:26,3289392741105240,毛蛋,三个我操？[捂脸],[等级8],
2026-05-14 00:00:26,1560954851308167,壹壹呀一一🍒,张君雅牛逼🐂🍺,[等级7],[粉丝团 Lv9]
2026-05-14 00:00:26,60704769499,狐狸对你笑,[爱心],[等级27],[粉丝团 Lv7]
2026-05-14 00:00:27,96129841018,巴塘牛先生汤锅,姜子牙牛逼,[等级13],
2026-05-14 00:00:29,2128294197087646,黄先生,张大炮自由,[等级4],
2026-05-14 00:00:38,2131266275124151,233333,2号,[等级2],[粉丝团 Lv2]
2026-05-14 00:00:41,71126905166,抖音小肋手,陪伴之旅的点亮闪耀💡送一送，帮君雅完成100%💡点亮❣️❣️❣️完成后可领取更多亲密度❣️❣️❣️,[等级10],[粉丝团 Lv10]
2026-05-14 00:00:55,2131266275124151,233333,口号,[等级2],[粉丝团 Lv2]
2026-05-14 00:00:55,96035345005,夏春明,姜子牙牛逼,[等级13],[粉丝团 Lv1]
2026-05-14 00:00:56,71126905166,抖音小肋手,张君雅牛逼,[等级10],[粉丝团 Lv10]
2026-05-14 00:00:59,92461848227,煜,[捂脸][捂脸][捂脸][捂脸],[等级13],[粉丝团 Lv11]
2026-05-14 00:00:59,71328393423,🌈壹惗🌈🌈🌈,[捂脸][捂脸][捂脸],[等级27],[粉丝团 Lv12]
2026-05-14 00:01:01,104862346759,涛哥🐯,[捂脸][捂脸][捂脸][捂脸],[等级15],[粉丝团 Lv10]
2026-05-14 00:01:02,2007084944330340,陈不住气的玩意,哈哈哈,,
2026-05-14 00:01:03,76055064464,旧颜*,姜子牙牛逼,[等级11],[粉丝团 Lv12]
2026-05-14 00:01:03,75463265253,720,哈哈哈哈哈哈哈哈哈,[等级21],[粉丝团 Lv2]
2026-05-14 00:01:03,1014185706925252,黑色星期一,哈哈哈,,
2026-05-14 00:01:03,62977313690,LO,哈哈哈,[等级25],[粉丝团 Lv8]
2026-05-14 00:01:03,72419691347,🐯.  瑩瑩瑩,哈哈哈哈哈哈,[等级14],
2026-05-14 00:01:03,3927077882177272,隐昔,哈哈哈哈,[等级15],[粉丝团 Lv11]
2026-05-14 00:01:03,109756665406,ᑮéиg宝🧸ོ,[捂脸][捂脸][捂脸],[等级29],[粉丝团 Lv12]
2026-05-14 00:01:03,97563856876,津門贝爺,姜子牙牛逼,[等级14],[粉丝团 Lv14]
2026-05-14 00:01:03,98127314878,艾瑞巴蒂跟我一起嗨,[捂脸][捂脸][捂脸][捂脸][捂脸],[等级25],[粉丝团 Lv11]
2026-05-14 00:01:03,3822367435142180,西兰乐,哈哈哈哈哈哈哈,[等级3],[粉丝团 Lv2]
2026-05-14 00:01:03,1257437656002798,某某.,哈哈哈哈,[等级34],[粉丝团:张君雅 Lv16]
2026-05-14 00:01:03,102088770330,y知足者常乐,[捂脸][捂脸][捂脸],[等级20],[粉丝团 Lv7]
2026-05-14 00:01:03,4233546532927219,🉑🈶🉑🈚,哈哈哈哈,[等级20],[粉丝团 Lv10]
2026-05-14 00:01:03,101487550960,𝑪𝒓𝒖𝒔𝒉.,[捂脸],[等级25],
2026-05-14 00:01:04,65263583138,四川靓号之家,[捂脸][捂脸][捂脸][捂脸],[等级32],[粉丝团 Lv16]
2026-05-14 00:01:04,60928905241,William,哈哈哈哈哈,[等级23],[粉丝团 Lv10]
2026-05-14 00:01:04,93014642999,🌈南山楠,哈哈哈,[等级11],[粉丝团 Lv10]
2026-05-14 00:01:05,103149346251,时光会咬人。。,哈哈哈,[等级16],[粉丝团 Lv11]
2026-05-14 00:01:05,1341059843757268,Vincent,[捂脸][捂脸],[等级37],[粉丝团 Lv14]
2026-05-14 00:01:05,71830617955,認生若如初見,[捂脸][捂脸],[等级31],[粉丝团 Lv16]
2026-05-14 00:01:05,111007266356,🔱守望w,[捂脸][捂脸][捂脸],[等级29],[粉丝团 Lv15]
2026-05-14 00:01:05,93298324846,小鼻嘎,口号,[等级22],[粉丝团 Lv12]
2026-05-14 00:01:05,56027832447,小張🐾,哈哈哈哈,[等级40],
2026-05-14 00:01:05,3303400408884476,快乐小词,哈哈哈哈哈,[等级24],
2026-05-14 00:01:05,74030584859,梦思,[呲牙][呲牙][呲牙],[等级24],
2026-05-14 00:01:05,4398499792427923,@哆啦A梦,[捂脸][捂脸],[等级20],
2026-05-14 00:01:05,99247846363,海仔,哈哈[捂脸][捂脸],[等级23],[粉丝团 Lv13]
2026-05-14 00:01:05,844867683494035,起 点,哈哈哈,[等级28],[粉丝团 Lv8]
2026-05-14 00:01:06,3174986115711092,633,[捂脸][捂脸],[等级12],
2026-05-14 00:01:06,86562890288,ㅤ　 ㅤ顺利朱,[捂脸][捂脸][捂脸],[等级20],[粉丝团 Lv11]
2026-05-14 00:01:06,78267720770,龍⁵¹⁰⁷⁴,[捂脸][捂脸][捂脸],[等级28],[粉丝团 Lv15]
2026-05-14 00:01:06,7615988333545931813,ik-🦋,哈哈  真牛逼,,
2026-05-14 00:01:07,58894403545,Jeffrey.Huang,姜子牙真牛逼,[等级18],[粉丝团 Lv2]
2026-05-14 00:01:07,11440403524768,十六   🦋,[大笑][笑哭][大笑][笑哭][大笑][笑哭],[等级37],[粉丝团 Lv4]
2026-05-14 00:01:07,57066572506,艩,哈哈哈,[等级20],[粉丝团 Lv5]
2026-05-14 00:01:07,88240691537,奔跑的蜗牛,[捂脸][捂脸][捂脸][捂脸],[等级22],[粉丝团 Lv13]
2026-05-14 00:01:07,111149267192,Actor朝,哈哈哈哈哈哈哈哈哈哈,[等级31],
2026-05-14 00:01:07,1895194513901262,陈皮皮⁵¹⁰⁷⁴,[捂脸][捂脸][捂脸][捂脸][捂脸][捂脸],[等级28],[粉丝团 Lv16]
2026-05-14 00:01:07,2008150680020944,风说。,姜子牙牛逼[捂脸],[等级11],
2026-05-14 00:01:07,85794237251,哇达西哇,哈哈哈哈哈哈,[等级10],[粉丝团 Lv3]
2026-05-14 00:01:07,109348233166,乄兴源,哈哈哈哈哈哈,[等级29],[粉丝团 Lv14]
2026-05-14 00:01:07,96800023676,只要啤酒,[捂脸][捂脸][捂脸],[等级31],[粉丝团 Lv4]
2026-05-14 00:01:08,64418144829,㣻罖,[捂脸][捂脸][捂脸],[等级11],[粉丝团 Lv12]
2026-05-14 00:01:08,97381000803,哈密瓜炒油条,哈哈哈哈哈,[等级3],
2026-05-14 00:01:08,94012521616,老爺,[捂脸][捂脸][捂脸][捂脸],[等级33],
2026-05-14 00:01:08,102292532517,哥不帅,哈哈哈😁,[等级2],[粉丝团 Lv6]
2026-05-14 00:01:08,97600677185,晓乔治ovo,哈哈哈哈哈[捂脸],[等级38],[粉丝团 Lv12]
2026-05-14 00:01:08,93703443218,꧁꫞影子꫞꧂,[捂脸][捂脸][捂脸][捂脸],[等级23],[粉丝团 Lv13]
2026-05-14 00:01:08,72419691347,🐯.  瑩瑩瑩,太好玩了,[等级14],
2026-05-14 00:01:08,1904810708450736,不善于表达,[捂脸][捂脸],[等级11],[粉丝团 Lv1]
2026-05-14 00:01:09,1393818690663592,100-1=0,[捂脸][捂脸][捂脸],[等级36],[粉丝团 Lv3]
2026-05-14 00:01:09,74588972222,老狼乔治,哈哈哈,[等级15],[粉丝团 Lv10]
2026-05-14 00:01:09,99519056697,一二三k,[捂脸][捂脸][捂脸][捂脸],[等级7],[粉丝团 Lv8]
2026-05-14 00:01:09,140363052876195,呱呱🐸,[捂脸][捂脸][捂脸][捂脸],[等级36],
2026-05-14 00:01:09,68033173728,Johnny✨⁵¹⁰⁷⁴,[大笑][泪奔][大笑][泪奔][大笑][泪奔],[等级31],[粉丝团 Lv16]
2026-05-14 00:01:09,83367762380,爰㐸520,[666][666][666][666][666],[等级24],[粉丝团 Lv15]
2026-05-14 00:01:10,61163235525,刚,哈哈哈哈,[等级7],
2026-05-14 00:01:10,2984502456237699,汪汪小汪,哈哈哈,[等级32],[粉丝团:张君雅 Lv15]
2026-05-14 00:01:10,2009563192628787,木易,[捂脸][捂脸][捂脸][捂脸][捂脸],[等级10],[粉丝团 Lv8]
2026-05-14 00:01:10,62642627846,鹿茸,哈哈哈哈哈哈哈,[等级11],[粉丝团 Lv9]
2026-05-14 00:01:10,88036376608,感恩的❤️,哈哈[捂脸],[等级15],[粉丝团 Lv10]
2026-05-14 00:01:10,93184190266,叶落,姜子牙真牛逼,[等级8],[粉丝团 Lv1]
2026-05-14 00:01:10,66873200785,岁岁平安,姜子牙牛笔,[等级3],
2026-05-14 00:01:11,101595263010620,伊昂,哈哈哈哈哈哈,[等级12],[粉丝团 Lv10]
2026-05-14 00:01:11,590893464955795,111,[捂脸],[等级1],[粉丝团 Lv2]
2026-05-14 00:01:11,1638691886862782,兢身高163啊,😂😂😂😂,[等级6],[粉丝团 Lv4]
2026-05-14 00:01:11,1280306984780173,朵寧,尴尬不？[捂脸][捂脸][捂脸][捂脸][捂脸][捂脸],[等级13],[粉丝团 Lv11]
2026-05-14 00:01:11,97577366866,戏子,哈哈哈,[等级32],[粉丝团 Lv5]
2026-05-14 00:01:12,98597181859,Mr、何,[捂脸][捂脸][捂脸],[等级12],[粉丝团 Lv3]
2026-05-14 00:01:12,2740436971298088,社恐小蒜泥,真可爱,[等级16],[粉丝团 Lv8]
2026-05-14 00:01:12,2068598078056972,天青色等烟雨,哈哈😂,,
2026-05-14 00:01:12,67479174300,冲凉百香果,哈哈哈哈,[等级16],
2026-05-14 00:01:13,921866189681067,夜空,张君雅1米5。,[等级4],
2026-05-14 00:01:13,62642627846,鹿茸,[捂脸][捂脸][捂脸][捂脸],[等级11],[粉丝团 Lv9]
2026-05-14 00:01:13,100515465222,✨甜憨憨吖🌈,张君雅真牛逼,[等级8],[粉丝团 Lv3]
2026-05-14 00:01:13,3289383190669309,其实很简单,哈哈哈,[等级20],[粉丝团 Lv4]
2026-05-14 00:01:13,2848201860982147,幸运小狗,哈哈哈哈哈哈咋这么可爱,[等级4],
2026-05-14 00:01:13,2340239207054171,古岛酱,哈哈哈哈妹妹好可爱,[等级8],[粉丝团 Lv9]
2026-05-14 00:01:14,105905174109,楠木,老黑牛逼,[等级20],[粉丝团 Lv3]
2026-05-14 00:01:14,80362583828,龙行天下,[捂脸][捂脸][捂脸][捂脸][捂脸][捂脸],[等级18],[粉丝团 Lv14]
2026-05-14 00:01:15,70873741515,文写相思意，施暖伴朝夕。,姜子牙牛逼,[等级40],[粉丝团 Lv1]
2026-05-14 00:01:15,2928696292811743,超影独行,[捂脸][捂脸][捂脸]情绪拉满,[等级18],[粉丝团 Lv12]
2026-05-14 00:01:15,105988183065,小阿允゛☁️,哈哈哈,[等级23],[粉丝团 Lv10]
2026-05-14 00:01:15,1560954851308167,壹壹呀一一🍒,哈哈哈哈哈哈哈哈哈哈哈妹妹可爱极了,[等级7],[粉丝团 Lv9]
2026-05-14 00:01:15,1820388404241923,小悔.,姜子牙牛逼,[等级4],
2026-05-14 00:01:15,96867065246,罗 夕,请的演员吗？,[等级12],[粉丝团 Lv10]
2026-05-14 00:01:16,80744237861,无妄生欢,哈哈哈哈哈,[等级15],[粉丝团 Lv1]
2026-05-14 00:01:16,67926305681,Redamancy,妹妹懂事啊,[等级14],[粉丝团 Lv5]
2026-05-14 00:01:17,20210455949667,萨克米偶遇克朗斯,妹妹被带坏了,[等级3],[粉丝团 Lv4]
2026-05-14 00:01:17,1385835455853479,许一世爱人,张悍匪真牛逼,[等级8],[粉丝团 Lv7]
2026-05-14 00:01:17,72419691347,🐯.  瑩瑩瑩,直接喊口号了,[等级14],
2026-05-14 00:01:17,55931566812,豆浆油条、,这妹妹可以,[等级14],
2026-05-14 00:01:17,111149267192,Actor朝,张君雅真牛逼,[等级31],
2026-05-14 00:01:17,83842821625,M̶r̶-̶北̶筏̶,姜子牙牛逼,[等级26],[粉丝团 Lv9]
2026-05-14 00:01:17,92813188357,马先生🐲,真会夸,[等级31],[粉丝团 Lv13]
2026-05-14 00:01:18,94104256510,小意欲,怎么说出来像骂人呢[捂脸][捂脸][捂脸],[等级26],[粉丝团 Lv12]
2026-05-14 00:01:18,63951002653,舒阮,哈哈哈,[等级12],[粉丝团 Lv7]
2026-05-14 00:01:18,26810503145096,乍见之欢,这妹妹这么可爱[捂脸],[等级14],
2026-05-14 00:01:19,98661320317,芊语柔❇️,[微笑][微笑],[等级23],[粉丝团 Lv2]
2026-05-14 00:01:19,97600677185,晓乔治ovo,哈哈哈哈哈[捂脸],[等级38],[粉丝团 Lv12]
2026-05-14 00:01:19,2709613969410464,用户9074216893047,张君雅是牛的逼[呲牙][呲牙][呲牙][呲牙][呲牙][呲牙],[等级3],
2026-05-14 00:01:20,1638691886862782,兢身高163啊,[捂脸][捂脸][捂脸],[等级6],[粉丝团 Lv4]
2026-05-14 00:01:21,2170863132877104,嗯，嗯,[捂脸][捂脸][捂脸],[等级14],
2026-05-14 00:01:21,3991705946431932,莫回头,把公屏扣在牛逼上[看][看][看],[等级27],
2026-05-14 00:01:21,94511118465,及时止损,情绪价值拉满,[等级2],
2026-05-14 00:01:21,88745690242,iiii,老妹你来真的,[等级11],
2026-05-14 00:01:21,1899551962707399,雷神,真NB不是假NB[捂脸],[等级11],
2026-05-14 00:01:21,4295115881845472,乘风破浪🏄‍♂️,2万人了,[等级18],
2026-05-14 00:01:21,99029196184,分不清大小王女士,合不拢嘴了,[等级24],[粉丝团 Lv11]
2026-05-14 00:01:22,7615988333545931813,ik-🦋,开心坏了,,
2026-05-14 00:01:22,2432539753452240,繁宸,[看]有其师必有其徒！,[等级7],
2026-05-14 00:01:22,68689644015,无边界.🎀,说的自己都笑了[捂脸],[等级14],[粉丝团 Lv10]
2026-05-14 00:01:22,101376906320,小王,张子牙真牛批,[等级14],[粉丝团 Lv11]
2026-05-14 00:01:22,4233546532927219,🉑🈶🉑🈚,张君雅，你真牛逼,[等级20],[粉丝团 Lv10]
2026-05-14 00:01:22,84534079599,斌仔,听话的妹妹[捂脸],[等级25],[粉丝团 Lv11]
2026-05-14 00:01:22,67223019113,伟,姜子牙专业偷人,[等级23],[粉丝团 Lv9]
2026-05-14 00:01:22,83060330543,锋,老黑上了发条了[捂脸][捂脸][捂脸][捂脸][捂脸],[等级19],[粉丝团 Lv11]
2026-05-14 00:01:23,2330588968395416,贝塔β,小姐姐真可爱[捂脸],[等级25],[粉丝团 Lv14]
2026-05-14 00:01:23,70827147153,晚风_,笑不活了[大笑][笑哭][大笑][笑哭][大笑][笑哭],[等级24],
2026-05-14 00:01:23,93787904657,老哥,给老黑夸飘了[看][看][看],[等级23],[粉丝团 Lv12]
2026-05-14 00:01:25,3822367435142180,西兰乐,两个妹妹真的很乖,[等级3],[粉丝团 Lv2]
2026-05-14 00:01:25,71901561393,王子,张君雅牛逼[比心][比心][比心],[等级16],[粉丝团 Lv7]
2026-05-14 00:01:25,3913913666903720,太阳☀,张君雅真牛逼[捂脸][捂脸][捂脸],[等级41],[粉丝团 Lv13]
2026-05-14 00:01:26,4862013350589,厉扑,收获两个小迷妹粉丝,[等级21],[粉丝团 Lv11]
2026-05-14 00:01:28,70873741515,文写相思意，施暖伴朝夕。,姜子牙牛逼,[等级40],[粉丝团 Lv1]
2026-05-14 00:01:30,2007084944330340,陈不住气的玩意,哈哈哈哈,,
2026-05-14 00:01:30,99683439977,绥德汉,咋这么难听,[等级15],[粉丝团 Lv2]
2026-05-14 00:01:32,69441337274,猛龙过江,假军涯牛逼,[等级23],[粉丝团 Lv7]
2026-05-14 00:01:32,92461848227,煜,[捂脸][捂脸][捂脸][捂脸],[等级13],[粉丝团 Lv11]
2026-05-14 00:01:34,71126905166,抖音小肋手,[捂脸][捂脸][捂脸],[等级10],[粉丝团 Lv10]
2026-05-14 00:01:36,3342983570406302,幸运的姑娘,妹妹可爱的快炸了,[等级18],[粉丝团 Lv12]
2026-05-14 00:01:37,104912906250,团结使人幸福,张君雅真是牛逼[捂脸][捂脸][捂脸],[等级10],
2026-05-14 00:01:40,1560954851308167,壹壹呀一一🍒,打工人张君雅,[等级7],[粉丝团 Lv9]
2026-05-14 00:01:44,1917193733835112,菲菲不是公主,姜子牙,[等级15],[粉丝团 Lv1]
2026-05-14 00:01:46,96907518366,໑ຼ᭄淡༄蓝°ꦿ,别笑了！该续灯牌啦！兄弟们,[等级29],[粉丝团 Lv12]
2026-05-14 00:01:48,67535712021,如何采摘大勋花？,爱播笑起来都这么好听,[等级9],[粉丝团 Lv10]
2026-05-14 00:01:51,71467473043,….,看把孩子 训成啥了[捂脸] 牛B 牛B的,[等级15],[粉丝团 Lv12]
2026-05-14 00:01:52,3003457140175947,修行~,屠杀啊这是,[等级21],
2026-05-14 00:01:52,3344027376681024,追求人生,[捂脸][捂脸][捂脸],[等级18],[粉丝团 Lv4]
2026-05-14 00:01:53,7615988333545931813,ik-🦋,嘎嘎乱杀,,
2026-05-14 00:01:55,3913913666903720,太阳☀,打靶,[等级41],[粉丝团 Lv13]
2026-05-14 00:01:56,68422483360,深情不及久伴,你们俩放鞭炮呢,[等级25],[粉丝团 Lv11]
2026-05-14 00:01:57,3377334501516344,虾仁猪心(˃ ⌑ ˂ഃ ),太帅了姐,[等级19],[粉丝团 Lv5]
2026-05-14 00:01:57,82767577094,一只小天时💕,这大炮好爽,[等级23],[粉丝团 Lv12]
2026-05-14 00:01:58,2405332125223085,自信平生无愧事，死后方能对青天,猎杀时刻  [捂脸][捂脸][捂脸],[等级14],[粉丝团 Lv1]
2026-05-14 00:01:58,71126905166,抖音小肋手,张君雅牛逼,[等级10],[粉丝团 Lv10]
2026-05-14 00:01:59,110133575047,阳,太残暴了,[等级1],[粉丝团 Lv2]
2026-05-14 00:01:59,96624160213,在无真情.,张君雅牛逼,[等级14],
2026-05-14 00:01:59,59903038216,平安树,好家伙,[等级20],[粉丝团 Lv14]
2026-05-14 00:01:59,110895971722,一个人挺好…👿,打靶啊[捂脸][捂脸],[等级24],[粉丝团 Lv9]
2026-05-14 00:02:00,3891906173222723,新仔19,这老头姜子牙,[等级1],
2026-05-14 00:02:00,98127314878,艾瑞巴蒂跟我一起嗨,卧槽 狙的好过瘾,[等级25],[粉丝团 Lv11]
2026-05-14 00:02:00,782461558602846,孬,抽靶[捂脸],[等级13],[粉丝团 Lv11]
2026-05-14 00:02:01,101487550960,𝑪𝒓𝒖𝒔𝒉.,全是靶子[捂脸],[等级25],
2026-05-14 00:02:01,100091419668,影子あ恋人,全是人，好爽,[等级38],[粉丝团 Lv15]
2026-05-14 00:02:01,4177757406505597,城市之光007,嘎嘎乱杀[捂脸][捂脸][捂脸],,
2026-05-14 00:02:01,111007266356,🔱守望w,进去了张老黑节奏，吃鸡了[赞][赞][赞],[等级29],[粉丝团 Lv15]
2026-05-14 00:02:02,71328393423,🌈壹惗🌈🌈🌈,好爽[捂脸],[等级27],[粉丝团 Lv12]
2026-05-14 00:02:02,69134025098,凨儿,放鞭炮吗,[等级11],
2026-05-14 00:02:02,76445642992,晴·芷,狩猎呢,[等级4],
2026-05-14 00:02:02,65767160127,琬渝,我草，好爽啊这靶子,[等级21],[粉丝团 Lv13]
2026-05-14 00:02:02,95574513391,不会踢球的七号,好爽的大炮啊[看],[等级8],
2026-05-14 00:02:03,106495953730,新视界,这点选的太好了,[等级8],[粉丝团 Lv10]
2026-05-14 00:02:03,95507451318,溪鱼,抽粑抽爽了,[等级17],[粉丝团 Lv10]
2026-05-14 00:02:03,72419691347,🐯.  瑩瑩瑩,哈哈哈,[等级14],
2026-05-14 00:02:03,74030584859,梦思,这像放鞭炮,[等级24],
2026-05-14 00:02:03,4165407898869996,我总后知后觉,两个大炮玩爽了[捂脸][捂脸][捂脸],[等级5],
2026-05-14 00:02:03,95030117025,火气很大,大炮自由真好,[等级28],[粉丝团 Lv4]
2026-05-14 00:02:04,2013904131865485,会预言的猫,这大狙,[等级22],[粉丝团 Lv11]
2026-05-14 00:02:04,4233546532927219,🉑🈶🉑🈚,咚咚咚，打爽了[捂脸],[等级20],[粉丝团 Lv10]
2026-05-14 00:02:04,53200627501,藤井树树啊,跟杀鸡一样,[等级20],[粉丝团 Lv4]
2026-05-14 00:02:05,96035345005,夏春明,姜子牙牛逼,[等级13],[粉丝团 Lv1]
2026-05-14 00:02:05,206319312452301,爱一,子弹太多了[捂脸][捂脸][捂脸],[等级13],[粉丝团 Lv9]
2026-05-14 00:02:05,3765201499085319,匹夫,活靶子,[等级17],[粉丝团 Lv9]
2026-05-14 00:02:05,2475702575179399,这个我是真的喜欢,两个大炮的声音谁不怕,[等级14],
2026-05-14 00:02:05,3861940897589678,晚睡晚起.,带人队友视角好爽,[等级26],[粉丝团 Lv3]
2026-05-14 00:02:05,98597181859,Mr、何,猎杀啊[捂脸],[等级12],[粉丝团 Lv3]
2026-05-14 00:02:05,93787904657,老哥,好爽抽靶,[等级23],[粉丝团 Lv12]
2026-05-14 00:02:05,65822054361,姚R,我去嘎嘎乱杀,[等级10],
2026-05-14 00:02:05,92461848227,煜,牛逼,[等级13],[粉丝团 Lv11]
2026-05-14 00:02:06,3217606693633420,7An,打了靶子了,[等级4],[粉丝团 Lv5]
2026-05-14 00:02:06,69134025098,凨儿,放鞭炮吗,[等级11],
2026-05-14 00:02:07,539206085509316,逆影,真爽啊！,[等级17],[粉丝团 Lv14]
2026-05-14 00:02:07,3047482674388180,菜场在逃肥鸡,好帅,[等级13],[粉丝团 Lv7]
2026-05-14 00:02:07,51761069920,小公举的贴身侍卫✨,打爽了啊[捂脸],[等级15],[粉丝团 Lv4]
2026-05-14 00:02:07,63800656091,只吃一口口,抽靶好爽,[等级18],
2026-05-14 00:02:07,2848201860982147,幸运小狗,哎呀妈呀这大炮没停过,[等级4],
2026-05-14 00:02:07,60556163553,兰序廿四·栖南,好爽啊,[等级18],[粉丝团 Lv2]
2026-05-14 00:02:08,99512064477,大嘭🌈,吹成翘嘴了,[等级24],[粉丝团 Lv13]
2026-05-14 00:02:08,2620878698055983,🌈✨,狙爽了,[等级6],
2026-05-14 00:02:08,66873200785,岁岁平安,这一把狙出大力了,[等级3],
2026-05-14 00:02:08,4498845453007080,🌈永远开心😁,牛逼,[等级8],
2026-05-14 00:02:09,2088722932704611,阿莫西林胶囊,打爽了,[等级9],[粉丝团 Lv7]
2026-05-14 00:02:09,307462493975544,乐悠刘,抽爽了,[等级7],
2026-05-14 00:02:10,62642627846,鹿茸,这大炮打爽了,[等级11],[粉丝团 Lv9]
2026-05-14 00:02:10,93540198171,秃头小宝贝_🍼,狙爽了,[等级15],[粉丝团 Lv10]
2026-05-14 00:02:11,1160678663794076,雾散。,打靶呢,[等级29],[粉丝团 Lv10]
2026-05-14 00:02:11,98443382745,🍓希希💋,抽靶,[等级27],[粉丝团 Lv13]
2026-05-14 00:02:11,63951002653,舒阮,快说,[等级12],[粉丝团 Lv7]
2026-05-14 00:02:11,3254171587069726,等晴天,乱杀啊[看],[等级8],
2026-05-14 00:02:11,96008498122,ook,屠杀呀这是,[等级32],[粉丝团 Lv10]
2026-05-14 00:02:11,100047296795,果粒་陈ཽ,今天大炮打爽了,[等级13],
2026-05-14 00:02:11,110133575047,阳,对面吓死了都,[等级1],[粉丝团 Lv2]
2026-05-14 00:02:11,106028942886,肆🌒月,太爽了,[等级29],[粉丝团 Lv11]
2026-05-14 00:02:11,1280306984780173,朵寧,好友位给妹妹留出来。,[等级13],[粉丝团 Lv11]
2026-05-14 00:02:11,99696552776,As before＂⁵¹⁰⁷⁴,[捂脸]放炮一样,[等级25],[粉丝团 Lv15]
2026-05-14 00:02:12,1798453581581214,楊꧔ꦿ᭄໊ོ༉°,纯爽局这大炮,[等级11],
2026-05-14 00:02:13,3913913666903720,太阳☀,抽靶,[等级41],[粉丝团 Lv13]
2026-05-14 00:02:13,1957584062385011,AA、💋,光听见砰砰砰,[等级9],[粉丝团 Lv10]
2026-05-14 00:02:13,7555382744055694394,雨清,我去,[等级11],[粉丝团 Lv10]
2026-05-14 00:02:13,98869117226,不惑于廿二_,我的乖,[等级18],
2026-05-14 00:02:15,88542161422,小勇😀,咵咵乱狙,[等级20],[粉丝团 Lv11]
2026-05-14 00:02:15,102469975321,✨名门⭐️,[666][666][666],[等级19],[粉丝团 Lv15]
2026-05-14 00:02:15,3576030622917117,飒宏精品优选,这大炮抽的爽,[等级19],
2026-05-14 00:02:15,95605821824,难哄,这大炮我去 好不值钱,[等级29],[粉丝团 Lv12]
2026-05-14 00:02:15,59183129068,小龙龙,两把大炮 牛逼克拉斯,[等级17],[粉丝团 Lv10]
2026-05-14 00:02:16,2933109942650078,白撕不得骑姐,狙爽了[比心][比心][比心][比心][比心],[等级21],[粉丝团 Lv8]
2026-05-14 00:02:17,3162650538686240,FT泥鳅󰠇,这俩狙爽死了,[等级17],[粉丝团 Lv11]
2026-05-14 00:02:17,97116394448,对不起来晚了,这局大炮是玩爽了哈哈哈哈,[等级5],[粉丝团 Lv4]
2026-05-14 00:02:17,65767160127,琬渝,我的天,[等级21],[粉丝团 Lv13]
2026-05-14 00:02:17,539206085509316,逆影,狙麻了[捂脸],[等级17],[粉丝团 Lv14]
2026-05-14 00:02:17,2007084944330340,陈不住气的玩意,爽死,,
2026-05-14 00:02:18,58527092195,小Lu快跑💨,这狙打的无敌了,[等级8],[粉丝团 Lv3]
2026-05-14 00:02:18,509818415880967,中意李,抽靶抽爽了[赞][赞][赞],[等级7],[粉丝团 Lv4]
2026-05-14 00:02:18,63951002653,舒阮,张君雅牛逼,[等级12],[粉丝团 Lv7]
2026-05-14 00:02:19,76133959662,@等风起,这俩炮哐哐一阵干,[等级14],[粉丝团 Lv8]
2026-05-14 00:02:19,109756665406,ᑮéиg宝🧸ོ,太过瘾了[捂脸][捂脸][捂脸],[等级29],[粉丝团 Lv12]
2026-05-14 00:02:19,1047183347952088,拾依向暖,[流泪],[等级16],[粉丝团 Lv8]
2026-05-14 00:02:19,3632420663601888,发什么呆,姜子牙牛逼,[等级8],[粉丝团 Lv10]
2026-05-14 00:02:20,71126905166,抖音小肋手,张君雅牛逼,[等级10],[粉丝团 Lv10]
2026-05-14 00:02:20,65822054361,姚R,嘎嘎乱杀,[等级10],
2026-05-14 00:02:20,99519056697,一二三k,爽歪歪,[等级7],[粉丝团 Lv8]
2026-05-14 00:02:21,76201016127,妡,[看][看][看][看],[等级25],[粉丝团 Lv8]
2026-05-14 00:02:21,1259364523448220,狒狒躺赢纪,好残忍,[等级18],[粉丝团 Lv4]
2026-05-14 00:02:21,104862346759,涛哥🐯,[捂脸][捂脸][捂脸],[等级15],[粉丝团 Lv10]
2026-05-14 00:02:22,69667936107,山南,牛批牛批,[等级24],[粉丝团 Lv8]
2026-05-14 00:02:22,93032203992,秀儿⁵¹⁰⁷⁴,[捂脸][捂脸][捂脸][捂脸][捂脸][捂脸],[等级19],[粉丝团 Lv12]
2026-05-14 00:02:22,2395184081945055,忙里偷闲⁵¹⁰⁷⁴,[666][666][666],[等级29],[粉丝团 Lv15]
2026-05-14 00:02:22,66542821263,活在当下₂₀₂₆,真爽,[等级13],[粉丝团 Lv8]
2026-05-14 00:02:23,4442484826702942,清风吹走明月,抽爽了,[等级6],[粉丝团 Lv5]
2026-05-14 00:02:23,3865528861460349,杨眉兔起,一枪一个,[等级35],[粉丝团 Lv12]
2026-05-14 00:02:24,59020009735,🍓甜酒吖🍓,打耙一样，真舒服,[等级6],[粉丝团 Lv6]
2026-05-14 00:02:24,4410845128828888,地狱小魔,看老黑表演[看],[等级25],[粉丝团 Lv11]
2026-05-14 00:02:24,102088770330,y知足者常乐,[捂脸][捂脸][捂脸],[等级20],[粉丝团 Lv7]
2026-05-14 00:02:24,93150427127,后来烟雨皆散尽,小姐姐情绪价值给你拉满了[捂脸][捂脸],[等级26],[粉丝团 Lv15]
2026-05-14 00:02:25,104227179249,🔪一笑卿莫言⁷⁰⁷,[捂脸][捂脸][捂脸],[等级31],[粉丝团 Lv13]
2026-05-14 00:02:25,100352985988,夕阳夕阳,开挂了[捂脸][捂脸][捂脸],[等级24],[粉丝团 Lv1]
2026-05-14 00:02:26,71983688442,花九九,打上瘾了,[等级15],[粉丝团 Lv11]
2026-05-14 00:02:26,93787904657,老哥,抽靶好爽,[等级23],[粉丝团 Lv12]
2026-05-14 00:02:26,101376906320,小王,2大炮乱杀,[等级14],[粉丝团 Lv11]
2026-05-14 00:02:26,80744237861,无妄生欢,妹妹懵逼了[捂脸][捂脸][捂脸][捂脸],[等级15],[粉丝团 Lv1]
2026-05-14 00:02:26,4498846822702359,再坚持坚持：万一是对🉐呢,太残暴了[捂脸][捂脸][捂脸],[等级8],[粉丝团 Lv7]
2026-05-14 00:02:26,95980960546,顺手牵杨女士🐑,好厉害呀[捂脸],[等级6],[粉丝团 Lv8]
2026-05-14 00:02:27,93196727601,且行且悟,卧槽疯狂狙,[等级27],[粉丝团 Lv13]
2026-05-14 00:02:27,288492834788025,老船长,你俩打爽了,[等级9],[粉丝团 Lv3]
2026-05-14 00:02:27,119164766009214,嗨嗨皮皮,爽死了,[等级1],[粉丝团 Lv3]
2026-05-14 00:02:28,96471514187,小兮兮,[捂脸][捂脸][捂脸],[等级10],[粉丝团 Lv5]
2026-05-14 00:02:28,1788283149357412,金木水火土,太帅了,[等级9],[粉丝团 Lv1]
2026-05-14 00:02:28,52518192704,小标标,好厉害啊,[等级22],
2026-05-14 00:02:28,83320173463,乘墉˙³˙,一顿乱杀,[等级14],[粉丝团 Lv11]
2026-05-14 00:02:28,86562890288,ㅤ　 ㅤ顺利朱,这把大炮摔爽死了,[等级20],[粉丝团 Lv11]
2026-05-14 00:02:28,88745690242,iiii,这么多子弹都快用完了,[等级11],
2026-05-14 00:02:28,1047183347952088,拾依向暖,你俩放炮呢,[等级16],[粉丝团 Lv8]
2026-05-14 00:02:29,99199585032,酒不醉人人自醉,比挂还牛,[等级30],
2026-05-14 00:02:29,96621563375,郭小锅儿🐬,杀疯了,[等级12],[粉丝团 Lv6]
2026-05-14 00:02:30,88757268529,张小狮,[捂脸][捂脸][捂脸][捂脸],[等级11],[粉丝团 Lv11]
2026-05-14 00:02:30,2816262866483979,拯救逃离世界🌍,两个妹妹好可爱,[等级15],
2026-05-14 00:02:30,1335270661955642,MMoer,大炮自由,[等级22],[粉丝团:张君雅 Lv12]
2026-05-14 00:02:30,54561530613,LIU,点点举报[捂脸][捂脸],[等级23],[粉丝团 Lv5]
2026-05-14 00:02:30,96635977587,军师（12.15）,你在干嘛[看][看][看],[等级14],[粉丝团 Lv11]
2026-05-14 00:02:30,100515465222,✨甜憨憨吖🌈,好腻害吖,[等级8],[粉丝团 Lv3]
2026-05-14 00:02:30,59915083870,阿豪温州熟食,哈哈哈哈队友开始怕了,[等级15],
2026-05-14 00:02:30,97381000803,哈密瓜炒油条,打的好爽,[等级3],
2026-05-14 00:02:31,69549195417,久睡成瘾,这在抽靶啊[捂脸],[等级26],[粉丝团 Lv8]
2026-05-14 00:02:31,1398175513975800,✨༺孤峰༻✨,惊呆了老铁,[等级27],[粉丝团 Lv15]
2026-05-14 00:02:32,83724542786,青遥听雪,[666][666][666],[等级16],[粉丝团 Lv4]
2026-05-14 00:02:32,1033174858865783,散。,打靶[捂脸][捂脸],[等级34],[粉丝团 Lv10]
2026-05-14 00:02:32,109953952057,刘明,关了,[等级31],
2026-05-14 00:02:32,1978736643939053,將劲夫,纯纯的杀戮秀,[等级18],
2026-05-14 00:02:32,93730958267,Yolo,活靶子,[等级9],[粉丝团 Lv11]
2026-05-14 00:02:32,98932747508,前还可修,我靠耍屛了,[等级20],
2026-05-14 00:02:32,3344027376681024,追求人生,哈哈哈,[等级18],[粉丝团 Lv4]
2026-05-14 00:02:32,94833813205,会飞的比目鱼,杀疯了,[等级5],
2026-05-14 00:02:32,2475702575179399,这个我是真的喜欢,大炮甩着玩,[等级14],
2026-05-14 00:02:33,80230213390,还不曾去过倒悬山,左右开弓，好不威风,[等级10],
2026-05-14 00:02:33,884452525607688,靠近一点,小姐姐都嗨了，好牛逼[赞],,
2026-05-14 00:02:34,83705848652,🍭淋着雨🍭,张君雅牛逼,[等级10],[粉丝团 Lv8]
2026-05-14 00:02:34,140363052876195,呱呱🐸,妹妹都惊呆了[捂脸][捂脸][捂脸],[等级36],
2026-05-14 00:02:34,69441337274,猛龙过江,66666666666666666666666,[等级23],[粉丝团 Lv7]
2026-05-14 00:02:34,96771449376,小小强,队友:人在哪里[捂脸],[等级23],
2026-05-14 00:02:34,99303466159,诀爱,哈哈哈哈,[等级13],[粉丝团 Lv6]
2026-05-14 00:02:34,54403167120,强强,两万人了,[等级35],[粉丝团 Lv10]
2026-05-14 00:02:35,68179112233,克里斯～RONALDO,这两妹子看懵了[捂脸][捂脸],[等级19],
2026-05-14 00:02:35,461413897222492,简单/,抽爽了[捂脸],[等级14],[粉丝团 Lv11]
2026-05-14 00:02:36,66624217824,᭄自由ঞৣঁ如风᭄🍻,妹子已经彻底臣服了[捂脸][捂脸][捂脸],[等级14],[粉丝团 Lv6]
2026-05-14 00:02:36,104642262375,洛洛丫头,这两个小姐姐,[等级7],
2026-05-14 00:02:36,106054295032,暴揍壮壮爸,给老黑打兴奋了,[等级15],[粉丝团 Lv10]
2026-05-14 00:02:36,1200315441359432,星空下的身影,这炮放的,[等级13],[粉丝团 Lv9]
2026-05-14 00:02:37,2928696292811743,超影独行,姜子牙真牛逼,[等级18],[粉丝团 Lv12]
2026-05-14 00:02:38,100588345447,幸斛,张君雅牛逼,[等级18],
2026-05-14 00:02:38,98862242971,双一林,队友都懵逼了,[等级33],
2026-05-14 00:02:38,95980960546,顺手牵杨女士🐑,这个游戏原来是这样玩的 哈哈,[等级6],[粉丝团 Lv8]
2026-05-14 00:02:39,870407718572355,衍神,张君雅牛逼,[等级20],[粉丝团 Lv15]
2026-05-14 00:02:39,96907518366,໑ຼ᭄淡༄蓝°ꦿ,又被她装到了！,[等级29],[粉丝团 Lv12]
2026-05-14 00:02:39,81498709949,玉楼金阙慵归去,情绪价值拉满[呲牙][呲牙][呲牙],[等级12],[粉丝团 Lv5]
2026-05-14 00:02:40,99683439977,绥德汉,真牛逼[捂脸][捂脸][捂脸],[等级15],[粉丝团 Lv2]
2026-05-14 00:02:40,92348188652,.小雏菊,太丝滑了,[等级13],[粉丝团 Lv11]
2026-05-14 00:02:40,94511118465,及时止损,妹子都没看到人，你俩都打完了,[等级2],
2026-05-14 00:02:40,2234682707544967,子一,就说这样的妹妹说不爱,[等级29],[粉丝团:张君雅 Lv15]
2026-05-14 00:02:40,4419684296569763,反噗归丶眞,噼里啪啦的干啥呢[捂脸][捂脸],[等级10],[粉丝团 Lv10]
2026-05-14 00:02:41,100444965631,ㅤㅤㅤㅤ ㅤ ㅤ ㅤ,我滴乖，给这两妹子激动坏了,[等级14],[粉丝团 Lv7]
2026-05-14 00:02:41,7488145209604293690,陪某人看日落ℋ,这抽爽了,[等级20],[粉丝团 Lv8]
2026-05-14 00:02:41,93147559797,JosonyYang♌,你俩练狙那，个那块放炮[捂脸],[等级4],[粉丝团 Lv3]
2026-05-14 00:02:42,4233546532927219,🉑🈶🉑🈚,小姐姐聊嗨了[捂脸],[等级20],[粉丝团 Lv10]
2026-05-14 00:02:42,83049765837,颸趝,快喊快喊。哈哈哈哈哈老妹快喊,[等级18],
2026-05-14 00:02:43,3861940897589678,晚睡晚起.,妹妹人都没看到就看到淘汰播报[捂脸],[等级26],[粉丝团 Lv3]
2026-05-14 00:02:43,68717554143,一网情深,姜子牙牛逼[捂脸],[等级13],
2026-05-14 00:02:44,3047482674388180,菜场在逃肥鸡,大炮当步枪打,[等级13],[粉丝团 Lv7]
2026-05-14 00:02:44,58593174933,烟草味,别再夸了要飘了,[等级15],[粉丝团 Lv4]
2026-05-14 00:02:46,95660614973,尛尛糖🍬,两个妹妹惊呆了[捂脸][捂脸],[等级19],[粉丝团 Lv11]
2026-05-14 00:02:46,77739939467,旅程...,别感觉了，你就是[捂脸],[等级14],[粉丝团 Lv7]
2026-05-14 00:02:47,1137314775698301,じve 晨灬安╰☆╮,给俩妹子看呆了[捂脸],[等级10],[粉丝团 Lv4]
2026-05-14 00:02:47,942735612183785,小温zZz,子弹有点大呀,[等级13],
2026-05-14 00:02:47,98234963450,清白小生🍒,俩人打架俩人唠嗑,[等级38],[粉丝团 Lv10]
2026-05-14 00:02:48,87951688692,攻克,把大哥都打兴奋了。,[等级21],
2026-05-14 00:02:49,70073908070,奶猫,请把公屏打在牛逼上,[等级19],[粉丝团 Lv4]
2026-05-14 00:02:49,58593174933,烟草味,起飞了,[等级15],[粉丝团 Lv4]
2026-05-14 00:02:49,2532895178888260,【俩俩相忘】安静看👀🚫禁止带节奏,气氛队友[呲牙]（好厉害哟啊）给你们加油呢,[等级9],
2026-05-14 00:02:49,2298428358919808,徐愿,把两个妹子爽坏了,[等级5],[粉丝团 Lv2]
2026-05-14 00:02:49,105905174109,楠木,老黑牛逼,[等级20],[粉丝团 Lv3]
2026-05-14 00:02:54,83367762380,爰㐸520,小迷妹,[等级24],[粉丝团 Lv15]
2026-05-14 00:02:55,1644525708386619,八九野马,我发现是搞节目效果,[等级21],
2026-05-14 00:02:56,53617735581,珊珊.,两妹妹不用拿枪了[捂脸]，他俩都插不上话,[等级19],[粉丝团 Lv3]
2026-05-14 00:02:56,111007266356,🔱守望w,晋级了,[等级29],[粉丝团 Lv15]
2026-05-14 00:02:56,96667074684,芥子,这情绪价值拉满了[看],[等级13],[粉丝团 Lv8]
2026-05-14 00:02:57,2172229561625960,好嗨哟,爽死[捂脸]打靶,[等级25],[粉丝团 Lv13]
2026-05-14 00:02:57,67535712021,如何采摘大勋花？,什么1米5！明明气场2米8,[等级9],[粉丝团 Lv10]
2026-05-14 00:02:57,2421568542091564,per;,这把匹配的敌人瑟瑟发抖,,
2026-05-14 00:02:57,72419691347,🐯.  瑩瑩瑩,狙了好几个,[等级14],
2026-05-14 00:02:59,3648620817810563,૮₍˃̶ꇴ˂̶₎ა,大炮自由了,[等级6],[粉丝团 Lv8]
2026-05-14 00:03:00,110277570700,moment—FF,猫局在一声声的哥中迷失自己[捂脸],[等级10],[粉丝团 Lv10]
2026-05-14 00:03:00,100515465222,✨甜憨憨吖🌈,两妹妹说我以前是玩的同一个游戏么[捂脸],[等级8],[粉丝团 Lv3]
2026-05-14 00:03:01,101376906320,小王,杀疯了,[等级14],[粉丝团 Lv11]
2026-05-14 00:03:02,103149346251,时光会咬人。。,俩妹子情绪价值给满,[等级16],[粉丝团 Lv11]
2026-05-14 00:03:02,710724864472762,木空,这抽钛爽了,[等级16],[粉丝团 Lv13]
2026-05-14 00:03:02,72419691347,🐯.  瑩瑩瑩,看的好爽,[等级14],
2026-05-14 00:03:03,7612951911537198138,一条锦鲤游啊游～,妹妹：认识你俩之前，我们 简直是在乱玩游戏,[等级6],[粉丝团 Lv1]
2026-05-14 00:03:04,106767791004,迦_南,给妹妹看呆了,[等级18],[粉丝团 Lv6]
2026-05-14 00:03:04,2740436971298088,社恐小蒜泥,完全收获了两妹子,[等级16],[粉丝团 Lv8]
2026-05-14 00:03:04,59782841206,长 春,越夸越勇[捂脸][捂脸][捂脸],[等级32],
2026-05-14 00:03:06,109595241710,牤,灯牌又灭了,[等级7],[粉丝团 Lv9]
2026-05-14 00:03:07,3648620817810563,૮₍˃̶ꇴ˂̶₎ა,666,[等级6],[粉丝团 Lv8]
2026-05-14 00:03:09,100056462711,是玲玲吖丶ᥫᩣ,硬是给雅雅夸成翘嘴了[捂脸][捂脸]硬是给雅雅夸成翘嘴了[捂脸][捂脸],[等级29],[粉丝团 Lv8]
2026-05-14 00:03:10,71126905166,抖音小肋手,大靶子，打爽啦,[等级10],[粉丝团 Lv10]
2026-05-14 00:03:11,68422483360,深情不及久伴,@夕阳夕阳 哥，报警,[等级25],[粉丝团 Lv11]
2026-05-14 00:03:11,109953952057,刘明,2万人,[等级31],
2026-05-14 00:03:13,95825172162,孤身熬过四季寒ꦿ,又两多两个迷妹了,[等级10],
2026-05-14 00:03:13,3587079979672044,用户2783545137263,这一波操作确实6,,
2026-05-14 00:03:14,1709115167487976,流逝的记忆（关注立即回关）,海岛女狙神名不虚传,[等级29],[粉丝团 Lv15]
2026-05-14 00:03:15,2475702575179399,这个我是真的喜欢,这大炮看着就爽,[等级14],
2026-05-14 00:03:19,59862645076,"En""",两个炮打全场[捂脸],[等级9],[粉丝团 Lv7]
2026-05-14 00:03:20,1953187465799031,初雪等春信,没子弹了[捂脸][捂脸],,
2026-05-14 00:03:20,110277570700,moment—FF,老黑这两声哥叫的真带劲儿[捂脸],[等级10],[粉丝团 Lv10]
2026-05-14 00:03:21,71830617955,認生若如初見,这大炮看着真爽。[呲牙],[等级31],[粉丝团 Lv16]
2026-05-14 00:03:22,99804330526,玉鳞瑶甲,真爽呀,[等级28],[粉丝团 Lv6]
2026-05-14 00:03:23,100056462711,是玲玲吖丶ᥫᩣ,硬是给雅雅夸成翘嘴了[捂脸][捂脸]硬是给雅雅夸成翘嘴了[捂脸][捂脸],[等级29],[粉丝团 Lv8]
2026-05-14 00:03:25,2330588968395416,贝塔β,就剩三发了,[等级25],[粉丝团 Lv14]
2026-05-14 00:03:26,60481639165,啾啾（和平精英/点陪🥣dd）,太厉害了,[等级35],[粉丝团 Lv10]
2026-05-14 00:03:27,2762438675015470,易,我只在训练营里面这样子打过,[等级17],
2026-05-14 00:03:31,110895971722,一个人挺好…👿,@是玲玲吖丶ᥫᩣ 你真会说,[等级24],[粉丝团 Lv9]
2026-05-14 00:03:32,7615988333545931813,ik-🦋,晋级没有,,
2026-05-14 00:03:33,59852485642,情̶绪̶̶,这炮真爽,[等级13],[粉丝团 Lv9]
2026-05-14 00:03:48,7612951911537198138,一条锦鲤游啊游～,蛙趣，乌鸡哥倒了,[等级6],[粉丝团 Lv1]
2026-05-14 00:03:50,2649167831775353,E.B.pay.嘉祁朗,这局大炮玩的尽兴了[鼓掌][鼓掌][鼓掌][鼓掌][鼓掌][鼓掌][鼓掌][鼓掌][鼓掌][鼓掌][鼓掌][鼓掌],,
2026-05-14 00:03:52,3254171587069726,等晴天,手感火热啊,[等级8],
2026-05-14 00:04:03,4410845128828888,地狱小魔,@八九野马 对对对，你也是演员,[等级25],[粉丝团 Lv11]
2026-05-14 00:04:06,110277570700,moment—FF,今晚看来要加班[捂脸],[等级10],[粉丝团 Lv10]
2026-05-14 00:04:08,7485949635380118588,晚安.,这肯定是挂,[等级4],
2026-05-14 00:04:15,2330588968395416,贝塔β,怎么发十分钟的福袋，要加班吗？,[等级25],[粉丝团 Lv14]
2026-05-14 00:04:21,96907518366,໑ຼ᭄淡༄蓝°ꦿ,快救菜菜,[等级29],[粉丝团 Lv12]
2026-05-14 00:04:21,68422483360,深情不及久伴,@晚安. 报警,[等级25],[粉丝团 Lv11]
2026-05-14 00:04:26,50531627470,lf°,卧槽两万人,[等级12],
2026-05-14 00:04:29,3488068786195644,一生有你,提前关注=额外100宵夜,[等级14],[粉丝团 Lv7]
2026-05-14 00:04:31,1068327325152855,菜地里的小白兔,下局再带她们玩,[等级12],
2026-05-14 00:04:34,111007266356,🔱守望w,坑里骑马的,[等级29],[粉丝团 Lv15]
2026-05-14 00:04:39,91947494595,Mr二,提前关注=额外100宵夜,[等级21],[粉丝团 Lv9]
2026-05-14 00:04:45,206319312452301,爱一,两个大炮太爽了,[等级13],[粉丝团 Lv9]
2026-05-14 00:04:45,286344726185204,用户1446244185407,太精彩了,[等级4],[粉丝团 Lv8]
2026-05-14 00:04:48,3192587926375724,拾光向暖,抓活的,[等级30],
2026-05-14 00:04:48,88240691537,奔跑的蜗牛,太刺激,[等级22],[粉丝团 Lv13]
2026-05-14 00:04:48,2386378385529776,ღ 念池鱼,[鼓掌][鼓掌][鼓掌],[等级16],[粉丝团 Lv1]
2026-05-14 00:04:48,921866189681067,夜空,赶快叫那个读完出来。,[等级4],
2026-05-14 00:04:48,3312183668901287,琉离,666,[等级25],[粉丝团 Lv6]
2026-05-14 00:04:49,93835613585,A饭团,提前关注=额外100宵夜,[等级25],[粉丝团:张君雅 Lv13]
2026-05-14 00:04:52,91627397551,枫之象,提前关注=额外100宵夜,[等级17],[粉丝团 Lv2]
2026-05-14 00:04:52,102088770330,y知足者常乐,[捂脸][捂脸][捂脸],[等级20],[粉丝团 Lv7]
2026-05-14 00:04:56,58987343878,张松杰,提前关注=额外100宵夜,[等级5],[粉丝团 Lv4]
2026-05-14 00:04:58,3616740480916025,不舍的火锅鸡,提前关注=额外100宵夜,,
2026-05-14 00:04:59,96624160213,在无真情.,张君雅 牛逼,[等级14],
2026-05-14 00:04:59,81207905642,蒜,提前关注=额外100宵夜,[等级11],[粉丝团 Lv3]
2026-05-14 00:05:02,3192587926375724,拾光向暖,抓活的,[等级30],
2026-05-14 00:05:05,99182335878,🇨🇳佛国老哒啵（臭革）🇨🇳,提前关注=额外100宵夜,[等级28],[粉丝团 Lv14]
2026-05-14 00:05:05,158798739933645,门窗搬运工小原,提前关注=额外100宵夜,[等级4],
2026-05-14 00:05:06,79504009530,深海有光,提前关注=额外100宵夜,[等级44],
2026-05-14 00:05:06,59236317434,凡事都要陈先生,提前关注=额外100宵夜,[等级14],[粉丝团 Lv10]
2026-05-14 00:05:09,104920762510,後来的後唻,不会遇到蒋文明了吧[捂脸][捂脸],[等级4],[粉丝团 Lv1]
2026-05-14 00:05:10,104733543172,word嘛呀,提前关注=额外100宵夜,[等级8],[粉丝团 Lv8]
2026-05-14 00:05:11,80616512928,@敬锅锅,提前关注=额外100宵夜,[等级32],[粉丝团 Lv6]
2026-05-14 00:05:13,3342983570406302,幸运的姑娘,八分钟的福袋，你不下班吗,[等级18],[粉丝团 Lv12]
2026-05-14 00:05:13,7527917767086474299,小胖🎤《砥砺前行》,张君雅牛逼,[等级32],[粉丝团 Lv7]
2026-05-14 00:05:13,7622697882370901051,1***,[捂脸],,
2026-05-14 00:05:13,3619188389714493,小罗哥,张子牙牛逼,[等级13],[粉丝团 Lv5]
2026-05-14 00:05:14,54915355377,『逝氺无痕』,在带一把这两个瓜,[等级35],[粉丝团 Lv8]
2026-05-14 00:05:14,3756385080444999,幕后煮屎者,[666],[等级6],
2026-05-14 00:05:15,59171393956,🚬ཀོ8925824,提前关注=额外100宵夜,[等级2],[粉丝团 Lv1]
2026-05-14 00:05:16,2942735914377405,沪上阿爷,这时候发福袋,[等级18],[粉丝团 Lv13]
2026-05-14 00:05:16,3496916195487582,菜々ちゃん🐾,提前关注=额外100宵夜,[等级2],
2026-05-14 00:05:17,2825124008181603,用户1179670005478,提前关注=额外100宵夜,,
2026-05-14 00:05:17,3693982627409091,小白菜,提前关注=额外100宵夜,[等级16],[粉丝团 Lv8]
2026-05-14 00:05:17,111355492018,金,提前关注=额外100宵夜,[等级22],[粉丝团 Lv10]
2026-05-14 00:05:18,67535712021,如何采摘大勋花？,下班了,[等级9],[粉丝团 Lv10]
2026-05-14 00:05:19,206319312452301,爱一,三十多个人被他们大炮乱杀,[等级13],[粉丝团 Lv9]
2026-05-14 00:05:20,4410845128828888,地狱小魔,哈哈哈哈哈哈哈哈哈哈哈,[等级25],[粉丝团 Lv11]
2026-05-14 00:05:21,105714834009,hallyison,提前关注=额外100宵夜,[等级17],
2026-05-14 00:05:21,102775376505,z,提前关注=额外100宵夜,[等级14],
2026-05-14 00:05:21,2007084944330340,陈不住气的玩意,哈哈哈,,
2026-05-14 00:05:21,175557499433192,你是哪只虾米,哈哈哈哈哈哈哈,[等级10],[粉丝团 Lv7]
2026-05-14 00:05:23,98127314878,艾瑞巴蒂跟我一起嗨,[捂脸][捂脸][捂脸][捂脸][捂脸],[等级25],[粉丝团 Lv11]
2026-05-14 00:05:23,68128483419,秋霜,[捂脸][捂脸][捂脸],[等级33],[粉丝团 Lv12]
2026-05-14 00:05:23,3194524796719968,G*Aug13.leo ୧⍢⃝୨,老六[捂脸],,
2026-05-14 00:05:23,100179063750,163广播站,[捂脸][捂脸][捂脸],[等级9],[粉丝团 Lv6]
2026-05-14 00:05:24,2057906794802893,🌈堆🎉,哈哈哈,[等级13],
2026-05-14 00:05:24,4504813708,姜战,[捂脸],[等级39],[粉丝团 Lv18]
2026-05-14 00:05:24,3008684721461375,乄夵,提前关注=额外100宵夜,[等级27],[粉丝团 Lv6]
2026-05-14 00:05:25,3614818885959799,Linkwater,[捂脸][捂脸],[等级10],
2026-05-14 00:05:25,60481033924,🌊🌊,哈哈哈,[等级29],[粉丝团 Lv10]
2026-05-14 00:05:26,3725560356537887,温暖的港湾,[捂脸][捂脸][捂脸],[等级24],
2026-05-14 00:05:26,71328393423,🌈壹惗🌈🌈🌈,[捂脸][捂脸][捂脸],[等级27],[粉丝团 Lv12]
2026-05-14 00:05:26,100440216508,国民魅力将军,提前关注=额外100宵夜,[等级13],
2026-05-14 00:05:27,3854223776165587,New one🍔,[捂脸][捂脸][捂脸],[等级11],
2026-05-14 00:05:27,1341059843757268,Vincent,[捂脸][捂脸][捂脸][捂脸][捂脸],[等级37],[粉丝团 Lv14]
2026-05-14 00:05:27,2386378385529776,ღ 念池鱼,有人吗,[等级16],[粉丝团 Lv1]
2026-05-14 00:05:28,63556891262,鲈鱼虾,提前关注=额外100宵夜,[等级9],
2026-05-14 00:05:28,3315728636710124,天下,妹妹,[等级35],[粉丝团 Lv11]
2026-05-14 00:05:29,94511118465,及时止损,抓俘虏了,[等级2],
2026-05-14 00:05:29,92461848227,煜,[捂脸][捂脸],[等级13],[粉丝团 Lv11]
2026-05-14 00:05:32,66229069886,󰠇子木,[捂脸],[等级9],[粉丝团 Lv11]
2026-05-14 00:05:34,3747577269337822,@陈雅欣,拼锅,[等级14],
2026-05-14 00:05:35,175538554811668,花样男,君雅牛B,[等级15],[粉丝团 Lv8]
2026-05-14 00:05:35,58593174933,烟草味,n[捂脸][捂脸][捂脸]n,[等级15],[粉丝团 Lv4]
2026-05-14 00:05:35,94205687834,噗嗤,[捂脸],[等级34],
2026-05-14 00:05:35,61835779108,二毛,[捂脸][捂脸],[等级32],[粉丝团 Lv15]
2026-05-14 00:05:35,4233546532927219,🉑🈶🉑🈚,[捂脸][捂脸][捂脸],[等级20],[粉丝团 Lv10]
2026-05-14 00:05:36,100352985988,夕阳夕阳,[捂脸][捂脸][捂脸],[等级24],[粉丝团 Lv1]
2026-05-14 00:05:36,3312183668901287,琉离,哈哈哈哈,[等级25],[粉丝团 Lv6]
2026-05-14 00:05:36,109953952057,刘明,瑟瑟发抖,[等级31],
2026-05-14 00:05:37,100515465222,✨甜憨憨吖🌈,哈哈,[等级8],[粉丝团 Lv3]
2026-05-14 00:05:37,102088770330,y知足者常乐,[捂脸][捂脸][捂脸],[等级20],[粉丝团 Lv7]
2026-05-14 00:05:37,111007266356,🔱守望w,活捉一个小姐姐[捂脸][捂脸][捂脸],[等级29],[粉丝团 Lv15]
2026-05-14 00:05:37,71830617955,認生若如初見,I哈哈哈哈哈哈哈哈[捂脸],[等级31],[粉丝团 Lv16]
2026-05-14 00:05:38,66873200785,岁岁平安,哈哈哈，灯下黑,[等级3],
2026-05-14 00:05:38,82767577094,一只小天时💕,夹缝中生存,[等级23],[粉丝团 Lv12]
2026-05-14 00:05:38,2532895178888260,【俩俩相忘】安静看👀🚫禁止带节奏,好难啊[捂脸],[等级9],
2026-05-14 00:05:39,110853008719,！,[捂脸][捂脸][捂脸],[等级26],
2026-05-14 00:05:40,93787904657,老哥,活捉,[等级23],[粉丝团 Lv12]
2026-05-14 00:05:41,2304993757501040,尔尔*,杀了,[等级3],
2026-05-14 00:05:41,110895971722,一个人挺好…👿,妹妹瑟瑟发抖[捂脸][捂脸],[等级24],[粉丝团 Lv9]
2026-05-14 00:05:42,94012521616,老爺,妹妹[发呆][发呆],[等级33],
2026-05-14 00:05:42,2234682707544967,子一,俘虏了一个妹妹,[等级29],[粉丝团:张君雅 Lv15]
2026-05-14 00:05:42,74098522821,我得十二,提前关注=额外100宵夜,,
2026-05-14 00:05:42,94511118465,及时止损,抓个俘虏,[等级2],
2026-05-14 00:05:42,1816866635650600,暮色,[大笑][大笑][大笑][大笑][大笑][大笑][大笑][大笑][大笑][大笑][大笑],[等级25],[粉丝团 Lv13]
2026-05-14 00:05:42,95957323055,就这样吧！,活捉一个小萌妹[捂脸][捂脸][捂脸],[等级23],
2026-05-14 00:05:42,2721991177274552,深夜故事会,妹妹太多了[看],[等级12],[粉丝团 Lv10]
2026-05-14 00:05:43,86617034640,失意,[看]非法组队,[等级24],[粉丝团:张君雅 Lv12]
2026-05-14 00:05:43,59782841206,长 春,抓个俘虏,[等级32],
2026-05-14 00:05:44,58593174933,烟草味,哈哈哈,[等级15],[粉丝团 Lv4]
2026-05-14 00:05:45,101933836764,释怀⁵¹⁰⁷⁴,[捂脸],[等级24],[粉丝团 Lv15]
2026-05-14 00:05:46,3731096500180186,Lyhhsdh,她没有偷你们,[等级8],[粉丝团 Lv10]
2026-05-14 00:05:46,2009542393864356,铭朗建筑小周,活抓一个小妹妹,[等级34],[粉丝团 Lv10]
2026-05-14 00:05:46,4165407898869996,我总后知后觉,笑死了，大炮恐吓,[等级5],
2026-05-14 00:05:47,105920122415,浮雲聚又散,[微笑],[等级25],[粉丝团 Lv12]
2026-05-14 00:05:47,92813188357,马先生🐲,哈哈哈哈哈,[等级31],[粉丝团 Lv13]
2026-05-14 00:05:48,71126905166,抖音小肋手,[捂脸],[等级10],[粉丝团 Lv10]
2026-05-14 00:05:48,106028942886,肆🌒月,哈哈哈哈哈,[等级29],[粉丝团 Lv11]
2026-05-14 00:05:48,1829206389950766,伱我皆牛马,妹妹瑟瑟发抖,[等级25],[粉丝团 Lv2]
2026-05-14 00:05:48,844867683494035,起 点,肯定不行啊,[等级28],[粉丝团 Lv8]
2026-05-14 00:05:49,2928696292811743,超影独行,[捂脸][捂脸][捂脸],[等级18],[粉丝团 Lv12]
2026-05-14 00:05:49,2007084944330340,陈不住气的玩意,[捂脸][捂脸][捂脸][捂脸],,
2026-05-14 00:05:50,2770404252847896,天空,不让,[等级1],[粉丝团 Lv1]
2026-05-14 00:05:50,96507328749,杜子腾.,不可以,[等级30],[粉丝团 Lv5]
2026-05-14 00:05:50,102469975321,✨名门⭐️,[捂脸][捂脸][捂脸],[等级19],[粉丝团 Lv15]
2026-05-14 00:05:51,861607089670943,࿐韩先生🎭,不能让,[等级7],[粉丝团 Lv7]
2026-05-14 00:05:52,2304993757501040,尔尔*,杀了,[等级3],
2026-05-14 00:05:52,40019987794270,聆听者,骗个关注,[等级19],
2026-05-14 00:05:52,81355840951,壹然壹暖,拼,[等级4],
2026-05-14 00:05:53,98127314878,艾瑞巴蒂跟我一起嗨,两妹妹不让[捂脸],[等级25],[粉丝团 Lv11]
2026-05-14 00:05:53,94059029506,向阳而生🐱,[微笑][微笑][微笑],[等级7],
2026-05-14 00:05:54,989205631089020,狂野帅哥,提前关注=额外100宵夜,[等级10],[粉丝团 Lv4]
2026-05-14 00:05:54,96507328749,杜子腾.,[看],[等级30],[粉丝团 Lv5]
2026-05-14 00:05:54,1259364523448220,狒狒躺赢纪,妹妹躲厕所瑟瑟发抖,[等级18],[粉丝团 Lv4]
2026-05-14 00:05:56,105920122415,浮雲聚又散,提前关注=额外100宵夜,[等级25],[粉丝团 Lv12]
2026-05-14 00:05:56,1779430119706125,🌈🌈🌈踏遍万古长夜,她也是牛啊，一个人混到这了,[等级12],
2026-05-14 00:05:56,782461558602846,孬,不认识[捂脸][捂脸][捂脸],[等级13],[粉丝团 Lv11]
2026-05-14 00:05:58,59984322332,帅有何妨,不行啊 队友也是不容易啊[捂脸],[等级10],[粉丝团 Lv10]
2026-05-14 00:06:00,105849322767,骑着蜗牛看日出,不好下手了[捂脸][捂脸][捂脸]是妹妹,[等级3],
2026-05-14 00:06:02,61835779108,二毛,[捂脸][捂脸][捂脸],[等级32],[粉丝团 Lv15]
2026-05-14 00:06:02,93150184865,有点呆🥷,这样不公平,[等级13],[粉丝团 Lv9]
2026-05-14 00:06:02,111007266356,🔱守望w,[捂脸][捂脸][捂脸],[等级29],[粉丝团 Lv15]
2026-05-14 00:06:04,111001596003,飞行时间小游戏,[比心][比心][比心][比心],[等级5],
2026-05-14 00:06:04,88036376608,感恩的❤️,嘿嘿[捂脸],[等级15],[粉丝团 Lv10]
2026-05-14 00:06:06,88745690242,iiii,最危险的地方就是最安全的地方,[等级11],
2026-05-14 00:06:10,58593174933,烟草味,在厕所待得那么定[捂脸][捂脸][捂脸],[等级15],[粉丝团 Lv4]
2026-05-14 00:06:11,2298428358919808,徐愿,瑟瑟发抖的在厕所,[等级5],[粉丝团 Lv2]
2026-05-14 00:06:11,1137314775698301,じve 晨灬安╰☆╮,又是彩彩上,[等级10],[粉丝团 Lv4]
2026-05-14 00:06:12,95957323055,就这样吧！,吓尿了,[等级23],
2026-05-14 00:06:13,59984322332,帅有何妨,不行[捂脸],[等级10],[粉丝团 Lv10]
2026-05-14 00:06:14,764858599219059,⭐️人王疋虫⭐️⁵¹⁰⁷⁴,好卑微的小妹妹[捂脸][捂脸],[等级34],[粉丝团 Lv16]
2026-05-14 00:06:14,1603513762714811,般若,哈哈哈哈哈,[等级18],[粉丝团 Lv10]
2026-05-14 00:06:15,109756665406,ᑮéиg宝🧸ོ,[捂脸][捂脸][捂脸],[等级29],[粉丝团 Lv12]
2026-05-14 00:06:16,101808958385,陆辰,又是财财[捂脸],[等级26],[粉丝团 Lv11]
2026-05-14 00:06:20,68128483419,秋霜,[捂脸][捂脸][捂脸],[等级33],[粉丝团 Lv12]
2026-05-14 00:06:21,7603294357017773105,6666,又抓一个粉丝,[等级7],[粉丝团 Lv3]
2026-05-14 00:06:22,3201371940599311,染染柒,提前关注=额外100宵夜,[等级7],
2026-05-14 00:06:22,97381000803,哈密瓜炒油条,哈哈哈哈哈哈,[等级3],
2026-05-14 00:06:23,81962538669,小啤酒遛起来,提前关注=额外100宵夜,[等级19],[粉丝团 Lv5]
2026-05-14 00:06:23,2551315406265917,星期,还得是妹妹啊[捂脸],[等级29],[粉丝团 Lv15]
2026-05-14 00:06:23,826425753210750,小吴,哈哈哈[捂脸],[等级6],[粉丝团 Lv2]
2026-05-14 00:06:24,7443467011387458618,骨阿夫特嫩,[捂脸][捂脸][捂脸],[等级29],
2026-05-14 00:06:24,96996619230,顺风顺水！,哈哈,[等级12],[粉丝团 Lv11]
2026-05-14 00:06:25,71328393423,🌈壹惗🌈🌈🌈,[捂脸][捂脸][捂脸],[等级27],[粉丝团 Lv12]
2026-05-14 00:06:25,65296003352,小满哥,[捂脸][捂脸][捂脸],[等级9],[粉丝团 Lv5]
2026-05-14 00:06:25,64396490234,玖柒禾十,好玩,[等级17],[粉丝团 Lv2]
2026-05-14 00:06:25,2532895178888260,【俩俩相忘】安静看👀🚫禁止带节奏,四次[捂脸][捂脸][捂脸],[等级9],
2026-05-14 00:06:25,92461848227,煜,哈哈哈哈哈哈,[等级13],[粉丝团 Lv11]
2026-05-14 00:06:26,93014642999,🌈南山楠,[捂脸],[等级11],[粉丝团 Lv10]
2026-05-14 00:06:26,2395184081945055,忙里偷闲⁵¹⁰⁷⁴,[捂脸],[等级29],[粉丝团 Lv15]
2026-05-14 00:06:27,105392418367,TB12,[捂脸],[等级24],[粉丝团 Lv15]
2026-05-14 00:06:27,96499564161,孞仰,四次机会[捂脸],[等级7],[粉丝团 Lv15]
2026-05-14 00:06:27,3406705907740807,何爱华（承蒙厚爱）,[捂脸][捂脸][捂脸],[等级22],[粉丝团 Lv12]
2026-05-14 00:06:27,81498709949,玉楼金阙慵归去,[呲牙][呲牙][呲牙][呲牙],[等级12],[粉丝团 Lv5]
2026-05-14 00:06:27,78016969370,未知。。。,[捂脸][捂脸][捂脸][捂脸],[等级15],[粉丝团 Lv8]
2026-05-14 00:06:27,3747577269337822,@陈雅欣,[捂脸],[等级14],
2026-05-14 00:06:27,3394929282780653,辣椒油,哈哈哈哈哈,[等级5],
2026-05-14 00:06:27,1399044019589790,灵魂收割者,过分,[等级19],
2026-05-14 00:06:27,62888496589,半条鱼（🇨🇳🇻🇳🎣）,哈哈哈,[等级23],[粉丝团 Lv6]
2026-05-14 00:06:27,1341059843757268,Vincent,[捂脸][捂脸][捂脸][捂脸][捂脸],[等级37],[粉丝团 Lv14]
2026-05-14 00:06:27,3989484633588923,啵啵鱼儿,[捂脸],[等级3],
2026-05-14 00:06:27,288492834788025,老船长,哈哈哈,[等级9],[粉丝团 Lv3]
2026-05-14 00:06:28,7541605761006470204,糯儿,哈哈哈,,
2026-05-14 00:06:29,72352497850,归尘,[捂脸][捂脸],[等级13],[粉丝团 Lv10]
2026-05-14 00:06:29,2234682707544967,子一,哈哈哈哈哈哈,[等级29],[粉丝团:张君雅 Lv15]
2026-05-14 00:06:29,99029196184,分不清大小王女士,[捂脸][捂脸][捂脸][捂脸][捂脸],[等级24],[粉丝团 Lv11]
2026-05-14 00:06:29,93032203992,秀儿⁵¹⁰⁷⁴,[捂脸][捂脸][捂脸][捂脸],[等级19],[粉丝团 Lv12]
2026-05-14 00:06:29,60734799875,张_,[捂脸][捂脸][捂脸][捂脸],[等级19],[粉丝团 Lv4]
2026-05-14 00:06:29,96219925918,军泽,4次机会？,[等级14],
2026-05-14 00:06:30,2013904131865485,会预言的猫,[捂脸][捂脸][捂脸],[等级22],[粉丝团 Lv11]
2026-05-14 00:06:30,66266594671,兔大爷(创始人矮哥),[捂脸][呲牙][捂脸][呲牙][捂脸][呲牙],[等级25],[粉丝团 Lv10]
2026-05-14 00:06:30,844867683494035,起 点,彩彩可以拼,[等级28],[粉丝团 Lv8]
2026-05-14 00:06:30,68717554143,一网情深,小雨,[等级13],
2026-05-14 00:06:30,63789120404,小凯@同学,[捂脸][捂脸][捂脸][捂脸],[等级18],[粉丝团 Lv10]
2026-05-14 00:06:30,1313284358672692,广联达建模（王）,[大笑][黑脸][大笑][黑脸][大笑][黑脸],[等级16],[粉丝团 Lv6]
2026-05-14 00:06:30,64396490234,玖柒禾十,[捂脸][捂脸][捂脸][捂脸][捂脸],[等级17],[粉丝团 Lv2]
2026-05-14 00:06:31,140363052876195,呱呱🐸,哈哈哈哈哈,[等级36],
2026-05-14 00:06:31,98061316280,♊凡尘,[呲牙][呲牙][呲牙][呲牙],[等级32],[粉丝团 Lv10]
2026-05-14 00:06:31,59782841206,长 春,小雨，猜猜,[等级32],
2026-05-14 00:06:31,3529905062286987,咸蛋黄焗地瓜,直接打,[等级22],
2026-05-14 00:06:31,87614284690,坤*^_^*韧,[捂脸][捂脸][捂脸][捂脸],[等级11],[粉丝团 Lv7]
2026-05-14 00:06:31,66624217824,᭄自由ঞৣঁ如风᭄🍻,哈哈哈[捂脸],[等级14],[粉丝团 Lv6]
2026-05-14 00:06:32,3711568588050975,积极的蛋,扇感冒了,[等级29],[粉丝团 Lv12]
2026-05-14 00:06:32,52546045220,꧁꫞迃⭐幵꫞꧂,[捂脸][捂脸][捂脸],[等级38],[粉丝团 Lv10]
2026-05-14 00:06:32,99512064477,大嘭🌈,四个人欺负一个妹妹,[等级24],[粉丝团 Lv13]
2026-05-14 00:06:33,448199282928824,透明情书,笑死我了,,
2026-05-14 00:06:33,103149346251,时光会咬人。。,哈哈哈，4次机会，人家人麻了，[捂脸],[等级16],[粉丝团 Lv11]
2026-05-14 00:06:33,1399044019589790,灵魂收割者,四打一,[等级19],
2026-05-14 00:06:33,61835779108,二毛,[666][666],[等级32],[粉丝团 Lv15]
2026-05-14 00:06:33,96996619230,顺风顺水！,人机步,[等级12],[粉丝团 Lv11]
2026-05-14 00:06:34,98061316280,♊凡尘,哈哈哈,[等级32],[粉丝团 Lv10]
2026-05-14 00:06:35,1820388404241923,小悔.,哈哈哈哈哈哈哈哈哈,[等级4],
2026-05-14 00:06:35,98732142310,坤、kun,[捂脸][捂脸][捂脸][捂脸],[等级20],[粉丝团 Lv15]
2026-05-14 00:06:35,73698791111,素燃,[捂脸][捂脸][捂脸],[等级18],[粉丝团 Lv12]
2026-05-14 00:06:35,3047482674388180,菜场在逃肥鸡,哈哈哈可爱死了,[等级13],[粉丝团 Lv7]
2026-05-14 00:06:35,97266147825,十一🍅,就两个小姐姐拼就行,[等级27],[粉丝团 Lv3]
2026-05-14 00:06:35,380881911154506,｛千城墨白｝,这俩转圈圈,[等级7],[粉丝团 Lv9]
2026-05-14 00:06:35,59663065416,失眠数羊🐑,哈哈哈哈哈哈哈哈哈哈,[等级6],[粉丝团 Lv7]
2026-05-14 00:06:36,95917514199,曦然妞～o>_<o～,天都塌了[比心]四次机会,[等级18],[粉丝团 Lv8]
2026-05-14 00:06:36,88036376608,感恩的❤️,嘿嘿,[等级15],[粉丝团 Lv10]
2026-05-14 00:06:37,3494715881947162,不玩了⁵¹⁰⁷⁴,[捂脸][捂脸][捂脸],[等级36],[粉丝团 Lv14]
2026-05-14 00:06:37,2172229561625960,好嗨哟,在跳舞,[等级25],[粉丝团 Lv13]
2026-05-14 00:06:37,88433752024,🌈yyy,哈哈哈，还有4次机会盖茨,[等级17],
2026-05-14 00:06:37,4165407898869996,我总后知后觉,[捂脸][捂脸][捂脸],[等级5],
2026-05-14 00:06:38,2082923137217795,紫滦栀夏🍀,哈哈哈哈,[等级23],
2026-05-14 00:06:39,105524534166,★R★,哈哈哈哈哈哈,[等级3],
2026-05-14 00:06:41,71126905166,抖音小肋手,[捂脸][捂脸][捂脸][捂脸],[等级10],[粉丝团 Lv10]
2026-05-14 00:06:41,96907518366,໑ຼ᭄淡༄蓝°ꦿ,彩彩列害,[等级29],[粉丝团 Lv12]
2026-05-14 00:06:41,101595263010620,伊昂,哈哈哈,[等级12],[粉丝团 Lv10]
2026-05-14 00:06:43,92461848227,煜,[捂脸][捂脸][捂脸][捂脸],[等级13],[粉丝团 Lv11]
2026-05-14 00:06:43,109959052327,用户6885492558355,素材了,,
2026-05-14 00:06:44,1895194513901262,陈皮皮⁵¹⁰⁷⁴,哈哈哈,[等级28],[粉丝团 Lv16]
2026-05-14 00:06:44,95496292149,~予我心动～,[捂脸],[等级33],[粉丝团 Lv13]
2026-05-14 00:06:45,98127314878,艾瑞巴蒂跟我一起嗨,这里虐待[捂脸],[等级25],[粉丝团 Lv11]
2026-05-14 00:06:45,100352985988,夕阳夕阳,欺负别人一个人[捂脸],[等级24],[粉丝团 Lv1]
2026-05-14 00:06:45,3509232542688980,仙,一滴血没掉,[等级19],
2026-05-14 00:06:45,1636547580920328,黑犇,节目效果,[等级12],[粉丝团 Lv1]
2026-05-14 00:06:46,71830617955,認生若如初見,[捂脸][捂脸][捂脸],[等级31],[粉丝团 Lv16]
2026-05-14 00:06:46,71126905166,抖音小肋手,认错啦[捂脸],[等级10],[粉丝团 Lv10]
2026-05-14 00:06:47,93184190266,叶落,四次机会,[等级8],[粉丝团 Lv1]
2026-05-14 00:06:48,1257437656002798,某某.,认错了,[等级34],[粉丝团:张君雅 Lv16]
2026-05-14 00:06:48,2475702575179399,这个我是真的喜欢,妹妹活到最后,[等级14],
2026-05-14 00:06:49,102125576930,💪💪💪,你这是折磨,[等级10],[粉丝团 Lv1]
2026-05-14 00:06:49,66873200785,岁岁平安,呆呆的,[等级3],
2026-05-14 00:06:49,3223409584783095,年轻人的偶像🤩,虐四次,[等级5],
2026-05-14 00:06:49,95957323055,就这样吧！,小姐姐磕头了[捂脸][捂脸][捂脸],[等级23],
2026-05-14 00:06:50,60856252546,文文吖,你也来玩一下………[捂脸][捂脸],[等级14],[粉丝团 Lv12]
2026-05-14 00:06:51,4330355120149084,唯一♥,1号一点血没掉啊[赞][赞][赞],[等级8],[粉丝团 Lv7]
2026-05-14 00:06:51,728299343198042,快乐时光,你二舅在呢,[等级9],
2026-05-14 00:06:51,4233546532927219,🉑🈶🉑🈚,真棒,[等级20],[粉丝团 Lv10]
2026-05-14 00:06:51,288492834788025,老船长,哈哈哈哈,[等级9],[粉丝团 Lv3]
2026-05-14 00:06:52,96956631134,菄,这两个真好玩,[等级37],
2026-05-14 00:06:52,99519056697,一二三k,[捂脸][捂脸],[等级7],[粉丝团 Lv8]
2026-05-14 00:06:52,81657325828,㣻罖,过分啊,[等级19],[粉丝团 Lv12]
2026-05-14 00:06:52,844867683494035,起 点,我是彩彩[捂脸],[等级28],[粉丝团 Lv8]
2026-05-14 00:06:52,2330588968395416,贝塔β,哈哈哈哈妹妹名字都叫错了,[等级25],[粉丝团 Lv14]
2026-05-14 00:06:53,64396490234,玖柒禾十,好玩呢,[等级17],[粉丝团 Lv2]
2026-05-14 00:06:54,96800023676,只要啤酒,[捂脸][捂脸][捂脸],[等级31],[粉丝团 Lv4]
2026-05-14 00:06:54,94929468033,如何,提前关注=额外100宵夜,[等级15],[粉丝团 Lv11]
2026-05-14 00:06:54,3194524796719968,G*Aug13.leo ୧⍢⃝୨,还是好人多啊,,
2026-05-14 00:06:55,1165114064503607,橄榄绿的青春,[呲牙][呲牙],[等级10],[粉丝团 Lv7]
2026-05-14 00:06:56,35633490831997,中远台看手感,杀生不虐身。,,
2026-05-14 00:06:59,3342983570406302,幸运的姑娘,妹子真的还可爱啊,[等级18],[粉丝团 Lv12]
2026-05-14 00:07:02,54403167120,强强,狗呢,[等级35],[粉丝团 Lv10]
2026-05-14 00:07:04,109774214780,Desting,打游戏的啊,[等级30],
2026-05-14 00:07:05,61611826128,"榴芒Sꫀꪜꫀꪀ,",给个狗,[等级20],[粉丝团 Lv15]
2026-05-14 00:07:06,1160678663794076,雾散。,侮辱人的方式有很多,[等级29],[粉丝团 Lv10]
2026-05-14 00:07:06,2234682707544967,子一,哈哈哈哈哈哈,[等级29],[粉丝团:张君雅 Lv15]
2026-05-14 00:07:06,7540972651104371769,ZQ,今天❤️生日  关我 请夜宵或奶茶哟,[等级7],
2026-05-14 00:07:07,728299343198042,快乐时光,你二舅在带妹,[等级9],
2026-05-14 00:07:07,3747577269337822,@陈雅欣,[捂脸],[等级14],
2026-05-14 00:07:08,64396490234,玖柒禾十,[捂脸][捂脸][捂脸][捂脸][捂脸],[等级17],[粉丝团 Lv2]
2026-05-14 00:07:08,68128483419,秋霜,[捂脸][捂脸][捂脸][捂脸],[等级33],[粉丝团 Lv12]
2026-05-14 00:07:08,66621458519,四季沁春三分糖-,笑死了,[等级27],[粉丝团 Lv9]
2026-05-14 00:07:08,100352985988,夕阳夕阳,还不如打死 欺负别人一个[捂脸][捂脸][捂脸],[等级24],[粉丝团 Lv1]
2026-05-14 00:07:09,3701379135715724,🌈米米米,[捂脸]笑死了,[等级9],[粉丝团 Lv2]
2026-05-14 00:07:10,470216122051885,爱宜淡写,我最爱看女人打架了,[等级10],
2026-05-14 00:07:10,7540972651104371769,ZQ,今天❤️生日  关我 请夜宵或奶茶哟,[等级7],
2026-05-14 00:07:10,4484268219711019,荣昌·小罗,[捂脸][捂脸][捂脸],[等级12],[粉丝团 Lv5]
2026-05-14 00:07:12,58538323106,天  道  酬  勤,[捂脸][捂脸][捂脸][捂脸],[等级16],
2026-05-14 00:07:12,1160678663794076,雾散。,[捂脸],[等级29],[粉丝团 Lv10]
2026-05-14 00:07:12,3989484633588923,啵啵鱼儿,这不欺负人吗[捂脸],[等级3],
2026-05-14 00:07:14,7540972651104371769,ZQ,今天❤️生日  关我 请夜宵或奶茶哟,[等级7],
2026-05-14 00:07:14,86562890288,ㅤ　 ㅤ顺利朱,[捂脸][捂脸][捂脸],[等级20],[粉丝团 Lv11]
2026-05-14 00:07:14,1559537658109609,秉信,跑圈外去了[捂脸],[等级20],[粉丝团 Lv2]
2026-05-14 00:07:14,728299343198042,快乐时光,你二舅在带妹,[等级9],
2026-05-14 00:07:14,98061316280,♊凡尘,哈哈哈,[等级32],[粉丝团 Lv10]
2026-05-14 00:07:14,72352497850,归尘,哈哈哈,[等级13],[粉丝团 Lv10]
2026-05-14 00:07:14,94205687834,噗嗤,[捂脸][捂脸][捂脸][捂脸],[等级34],
2026-05-14 00:07:14,104862346759,涛哥🐯,[捂脸][捂脸][捂脸][捂脸],[等级15],[粉丝团 Lv10]
2026-05-14 00:07:15,1068327325152855,菜地里的小白兔,好玩,[等级12],
2026-05-14 00:07:15,66624217824,᭄自由ঞৣঁ如风᭄🍻,跑迷糊了哈哈哈🤣,[等级14],[粉丝团 Lv6]
2026-05-14 00:07:15,60734799875,张_,[捂脸],[等级19],[粉丝团 Lv4]
2026-05-14 00:07:16,93014642999,🌈南山楠,[捂脸],[等级11],[粉丝团 Lv10]
2026-05-14 00:07:16,98732142310,坤、kun,[捂脸][捂脸][捂脸][捂脸][捂脸],[等级20],[粉丝团 Lv15]
2026-05-14 00:07:16,92865657395,淹死的秋刀鱼,哈哈哈,[等级31],
2026-05-14 00:07:17,104432719593,赞美愚者,哈哈哈,[等级34],
2026-05-14 00:07:17,2515331991211789,jiojio 牌惠灵顿,[捂脸][捂脸],[等级22],[粉丝团 Lv10]
2026-05-14 00:07:17,52243439934,Air_,误伤了,[等级19],[粉丝团 Lv10]
2026-05-14 00:07:17,2386378385529776,ღ 念池鱼,在厕所里面蹲的一动不动,[等级16],[粉丝团 Lv1]
2026-05-14 00:07:17,93191620592,无欲而刚,[捂脸][捂脸][捂脸],[等级28],[粉丝团 Lv13]
2026-05-14 00:07:17,60481033924,🌊🌊,哈哈哈,[等级29],[粉丝团 Lv10]
2026-05-14 00:07:17,3377334501516344,虾仁猪心(˃ ⌑ ˂ഃ ),怎么跑毒里去了,[等级19],[粉丝团 Lv5]
2026-05-14 00:07:17,7540972651104371769,ZQ,今天❤️生日  关我 请夜宵或奶茶哟,[等级7],
2026-05-14 00:07:17,68128483419,秋霜,[捂脸][捂脸][捂脸],[等级33],[粉丝团 Lv12]
2026-05-14 00:07:17,2172229561625960,好嗨哟,[捂脸][捂脸][捂脸],[等级25],[粉丝团 Lv13]
2026-05-14 00:07:17,96956631134,菄,哈哈,[等级37],
2026-05-14 00:07:17,64396490234,玖柒禾十,[捂脸][捂脸][捂脸][捂脸],[等级17],[粉丝团 Lv2]
2026-05-14 00:07:17,95788584507,肆月,[捂脸][捂脸][捂脸],[等级12],[粉丝团 Lv10]
2026-05-14 00:07:18,94511118465,及时止损,举报孽待俘虏,[等级2],
2026-05-14 00:07:18,92461848227,煜,误伤[捂脸][捂脸],[等级13],[粉丝团 Lv11]
2026-05-14 00:07:18,3047482674388180,菜场在逃肥鸡,哈哈哈哈哈,[等级13],[粉丝团 Lv7]
2026-05-14 00:07:18,78016969370,未知。。。,[捂脸][捂脸][捂脸],[等级15],[粉丝团 Lv8]
2026-05-14 00:07:19,97381000803,哈密瓜炒油条,哈哈哈哈哈哈哈,[等级3],
2026-05-14 00:07:19,7615988333545931813,ik-🦋,哈哈,,
2026-05-14 00:07:19,62276050613,-挽 风.,笑死个人[捂脸][捂脸],[等级21],[粉丝团 Lv1]
2026-05-14 00:07:19,75463265253,720,哈哈哈哈哈哈哈哈,[等级21],[粉丝团 Lv2]
2026-05-14 00:07:19,3406705907740807,何爱华（承蒙厚爱）,哈哈哈,[等级22],[粉丝团 Lv12]
2026-05-14 00:07:19,98869117226,不惑于廿二_,3号无辜挨了一锅,[等级18],
2026-05-14 00:07:19,109953952057,刘明,好玩,[等级31],
2026-05-14 00:07:20,71830617955,認生若如初見,[捂脸][捂脸][捂脸],[等级31],[粉丝团 Lv16]
2026-05-14 00:07:20,100250134080,凯,[捂脸][捂脸][捂脸],[等级19],[粉丝团 Lv15]
2026-05-14 00:07:20,63470281805,24K,哈哈哈哈哈哈哈,[等级11],[粉丝团 Lv12]
2026-05-14 00:07:21,3996063592881981,@@🚬yangꦿ᭄ཽ࿆࿆:,[捂脸][捂脸],[等级15],[粉丝团 Lv10]
2026-05-14 00:07:21,2831963117862039,悲伤的火鸡面,笑死我了,[等级13],[粉丝团 Lv10]
2026-05-14 00:07:21,86562890288,ㅤ　 ㅤ顺利朱,哈哈哈打队友,[等级20],[粉丝团 Lv11]
2026-05-14 00:07:21,93886266806,蘭冉,[捂脸],[等级40],
2026-05-14 00:07:21,7540972651104371769,ZQ,今天❤️生日  关我 请夜宵或奶茶哟,[等级7],
2026-05-14 00:07:21,109876312721,吥悳,哈哈,[等级24],[粉丝团 Lv10]
2026-05-14 00:07:21,99029196184,分不清大小王女士,猫局[捂脸][捂脸][捂脸],[等级24],[粉丝团 Lv11]
2026-05-14 00:07:21,826425753210750,小吴,哈哈[捂脸],[等级6],[粉丝团 Lv2]
2026-05-14 00:07:21,61460008730,李李李i,误伤[捂脸][捂脸][捂脸],[等级22],[粉丝团 Lv11]
2026-05-14 00:07:21,2608493060174936,大虾仁,血都不满,[等级12],
2026-05-14 00:07:21,60909466404,野的雅痞😈,[捂脸],[等级19],[粉丝团 Lv12]
2026-05-14 00:07:21,105392418367,TB12,[666][666][666],[等级24],[粉丝团 Lv15]
2026-05-14 00:07:21,782461558602846,孬,[捂脸][呲牙][捂脸][呲牙][捂脸][呲牙][捂脸],[等级13],[粉丝团 Lv11]
2026-05-14 00:07:22,67535712021,如何采摘大勋花？,大肘子看着小菜鸟拼锅要乐死了,[等级9],[粉丝团 Lv10]
2026-05-14 00:07:22,62979936380,小刁,哈哈哈哈哈，好可爱,[等级6],[粉丝团 Lv6]
2026-05-14 00:07:22,3701379135715724,🌈米米米,一挑四[捂脸],[等级9],[粉丝团 Lv2]
2026-05-14 00:07:22,109600067848,沉默,[捂脸][捂脸][捂脸][捂脸],[等级26],[粉丝团 Lv5]
2026-05-14 00:07:22,2946315483621007,杪諒,牛逼[捂脸],[等级31],[粉丝团 Lv10]
2026-05-14 00:07:23,97395503726,、杨先生,提前关注=额外100宵夜,[等级22],[粉丝团 Lv11]
2026-05-14 00:07:23,109756665406,ᑮéиg宝🧸ོ,哈哈哈给菊哥一下子[捂脸],[等级29],[粉丝团 Lv12]
2026-05-14 00:07:23,2928696292811743,超影独行,误伤[捂脸][捂脸],[等级18],[粉丝团 Lv12]
2026-05-14 00:07:23,72306900897,梁锋,笑死我了,[等级24],[粉丝团 Lv15]
2026-05-14 00:07:23,99512064477,大嘭🌈,局哥被误伤了[捂脸],[等级24],[粉丝团 Lv13]
2026-05-14 00:07:23,2208287407736875,Calm,笑死我了[捂脸],[等级9],
2026-05-14 00:07:23,68422483360,深情不及久伴,局哥[捂脸][捂脸],[等级25],[粉丝团 Lv11]
2026-05-14 00:07:23,92865657395,淹死的秋刀鱼,笑死我吧,[等级31],
2026-05-14 00:07:23,3051888308391678,可乐漆,哈哈哈哈哈哈哈,[等级15],
2026-05-14 00:07:24,99303466159,诀爱,甄棒,[等级13],[粉丝团 Lv6]
2026-05-14 00:07:24,72479150046,山塘花泽类,哈哈哈[捂脸],[等级4],
2026-05-14 00:07:24,106105338592,ঞོ坏坏的·ꦿ男孩子꧔ꦿ°ꦿ᭄,自己人也打[捂脸][捂脸][捂脸],[等级29],[粉丝团 Lv7]
2026-05-14 00:07:24,7481932066880455740,青涩,拍猫局了,[等级17],
2026-05-14 00:07:24,93298324846,小鼻嘎,观战的还挨了一锅,[等级22],[粉丝团 Lv12]
2026-05-14 00:07:25,66266594671,兔大爷(创始人矮哥),[捂脸][呲牙][捂脸][呲牙][捂脸][呲牙],[等级25],[粉丝团 Lv10]
2026-05-14 00:07:25,98127314878,艾瑞巴蒂跟我一起嗨,[666][666][666][666][666],[等级25],[粉丝团 Lv11]
2026-05-14 00:07:25,110478212484,☞手心✋🏻☜,对，就是拍那个,[等级14],[粉丝团 Lv11]
2026-05-14 00:07:25,4233546532927219,🉑🈶🉑🈚,哈哈哈哈哈,[等级20],[粉丝团 Lv10]
2026-05-14 00:07:25,2395184081945055,忙里偷闲⁵¹⁰⁷⁴,[捂脸],[等级29],[粉丝团 Lv15]
2026-05-14 00:07:25,1259364523448220,狒狒躺赢纪,牛啊,[等级18],[粉丝团 Lv4]
2026-05-14 00:07:25,102703277923,猪肉炖粉条,哈哈哈哈[捂脸][捂脸][捂脸][捂脸],,
2026-05-14 00:07:26,1895194513901262,陈皮皮⁵¹⁰⁷⁴,[捂脸][捂脸][捂脸][捂脸],[等级28],[粉丝团 Lv16]
2026-05-14 00:07:27,1936707435392920,A北京公寓出租,打蒙了,,
2026-05-14 00:07:27,1050745505059651,磊盛石业,加班,[等级18],[粉丝团 Lv10]
2026-05-14 00:07:27,59629233658,Allen Guo,哈哈哈哈,[等级15],
2026-05-14 00:07:27,140363052876195,呱呱🐸,给局哥拍死了一会[捂脸][捂脸],[等级36],
2026-05-14 00:07:28,728299343198042,快乐时光,你二舅在带妹,[等级9],
2026-05-14 00:07:28,95788584507,肆月,猫局受伤了[捂脸],[等级12],[粉丝团 Lv10]
2026-05-14 00:07:29,3122212600556200,一笑而郭,误伤,[等级18],[粉丝团 Lv2]
2026-05-14 00:07:29,110487983863,都怪你隐身太清晰,[捂脸][捂脸][捂脸][666][666],[等级17],[粉丝团 Lv7]
2026-05-14 00:07:29,1313284358672692,广联达建模（王）,[捂脸][发怒][捂脸][发怒][捂脸][发怒],[等级16],[粉丝团 Lv6]
2026-05-14 00:07:29,2700008501543597,pikapika,[捂脸][捂脸][捂脸],[等级28],[粉丝团 Lv15]
2026-05-14 00:07:29,7540972651104371769,ZQ,今天❤️生日  关我 请夜宵或奶茶哟,[等级7],
2026-05-14 00:07:29,76221862844,G 先生,拍渣男[捂脸],[等级18],[粉丝团 Lv1]
2026-05-14 00:07:30,4410845128828888,地狱小魔,把局哥打了两锅[看],[等级25],[粉丝团 Lv11]
2026-05-14 00:07:30,3632420663601888,发什么呆,[捂脸][捂脸][捂脸][捂脸][捂脸],[等级8],[粉丝团 Lv10]
2026-05-14 00:07:30,2827563650792843,༺风采依旧༻,拍局哥了,[等级29],[粉丝团 Lv3]
2026-05-14 00:07:30,97823176253,李子木💰,打不到人，给狗来两下[呲牙],[等级15],[粉丝团 Lv3]
2026-05-14 00:07:30,99519056697,一二三k,笑死了[捂脸],[等级7],[粉丝团 Lv8]
2026-05-14 00:07:31,93787904657,老哥,吧局哥拍死,[等级23],[粉丝团 Lv12]
2026-05-14 00:07:31,97744330308,他,给局哥一锅,[等级17],[粉丝团 Lv10]
2026-05-14 00:07:31,104698554968,健身哥1314,找不着人了。[捂脸][捂脸][捂脸][捂脸],[等级32],[粉丝团 Lv8]
2026-05-14 00:07:32,3913913666903720,太阳☀,很棒很棒,[等级41],[粉丝团 Lv13]
2026-05-14 00:07:32,1341059843757268,Vincent,拍谁啊[捂脸][捂脸][捂脸][捂脸],[等级37],[粉丝团 Lv14]
2026-05-14 00:07:33,728299343198042,快乐时光,你二舅在带妹,[等级9],
2026-05-14 00:07:33,97775492178,北岛🏂🏻,给猫局一锅吗？？？,[等级13],[粉丝团 Lv7]
2026-05-14 00:07:33,2261055922780271,絮果,哈哈哈哈哈[捂脸],[等级14],[粉丝团 Lv10]
2026-05-14 00:07:33,61874006555,梵高先生⁰⁷²⁶,猫局躺枪,[等级28],[粉丝团 Lv6]
2026-05-14 00:07:33,1816866635650600,暮色,局哥无辜受牵连[捂脸][捂脸][捂脸][捂脸][捂脸],[等级25],[粉丝团 Lv13]
2026-05-14 00:07:33,61835779108,二毛,还挺牛逼,[等级32],[粉丝团 Lv15]
2026-05-14 00:07:33,95582737508,豆逗,提前关注=额外100宵夜,[等级35],[粉丝团 Lv5]
2026-05-14 00:07:33,1050745505059651,磊盛石业,加班,[等级18],[粉丝团 Lv10]
2026-05-14 00:07:33,3377334501516344,虾仁猪心(˃ ⌑ ˂ഃ ),好好玩哈哈哈,[等级19],[粉丝团 Lv5]
2026-05-14 00:07:33,100105179954,枫🍁叶,误伤,[等级33],[粉丝团 Lv8]
2026-05-14 00:07:34,3870753298851853,花海,打到谁去了[捂脸],[等级18],[粉丝团 Lv10]
2026-05-14 00:07:34,94511118465,及时止损,举报孽待俘虏,[等级2],
2026-05-14 00:07:35,95971505462,๑吸金小正太๑҉,[捂脸][捂脸][捂脸],[等级34],
2026-05-14 00:07:35,2808615259871040,郭      代,我装你了晋级赛最后一把姐姐,[等级2],
2026-05-14 00:07:35,93032203992,秀儿⁵¹⁰⁷⁴,[捂脸][捂脸][捂脸][捂脸],[等级19],[粉丝团 Lv12]
2026-05-14 00:07:35,7540972651104371769,ZQ,今天❤️生日  关我 请夜宵或奶茶哟,[等级7],
2026-05-14 00:07:36,2850407636018189,✌︎︎沐🍁 ᥫᩣ༠沐𝕪𝕖✌︎︎,转蒙圈了吧[捂脸],[等级20],[粉丝团 Lv11]
2026-05-14 00:07:36,88757268529,张小狮,小姐姐好厉害,[等级11],[粉丝团 Lv11]
2026-05-14 00:07:36,1981770657709155,Lone.,猫局被误伤了[捂脸],[等级30],[粉丝团 Lv11]
2026-05-14 00:07:36,7540972651104371769,ZQ,今天❤️生日  关我 请夜宵或奶茶哟,[等级7],
2026-05-14 00:07:37,99303466159,诀爱,让他们看直播,[等级13],[粉丝团 Lv6]
2026-05-14 00:07:37,765739939936014,以后再无你,刚才就是你们拿大炮把我们车狙了,[等级7],
2026-05-14 00:07:37,4503658257446344,🥐cornetto,给猫局拍死了,[等级41],[粉丝团 Lv6]
2026-05-14 00:07:37,83724542786,青遥听雪,[666][666][666][666],[等级16],[粉丝团 Lv5]
2026-05-14 00:07:38,483388181187645,小王,张君雅牛逼,[等级15],[粉丝团 Lv12]
2026-05-14 00:07:38,728299343198042,快乐时光,你二舅在带妹,[等级9],
2026-05-14 00:07:38,63789120404,小凯@同学,[捂脸][捂脸][捂脸][捂脸][捂脸],[等级18],[粉丝团 Lv10]
2026-05-14 00:07:38,1050745505059651,磊盛石业,加班,[等级18],[粉丝团 Lv10]
2026-05-14 00:07:39,3406705907740807,何爱华（承蒙厚爱）,哈哈哈哈哈,[等级22],[粉丝团 Lv12]
2026-05-14 00:07:39,101376906320,小王,局哥挨一锅,[等级14],[粉丝团 Lv11]
2026-05-14 00:07:39,2007084944330340,陈不住气的玩意,猫局看戏还被打,,
2026-05-14 00:07:39,3342129901340983,晚枫๑҉࿐,猫局看戏都挨打,[等级17],
2026-05-14 00:07:39,96751997554,东厨司命,路过的狗都得被拍两下[捂脸],[等级26],[粉丝团 Lv12]
2026-05-14 00:07:39,747296405062108,ㅤㅤ金嗓子喉片,呆得太可爱了，笑死了，一个都不会跳起来的[捂脸][捂脸],[等级10],
2026-05-14 00:07:40,2016933245359808,Dhd.ll566,哈哈哈哈哈哈哈哈哈哈哈哈哈哈,[等级6],[粉丝团 Lv5]
2026-05-14 00:07:40,7540972651104371769,ZQ,今天❤️生日  关我 请夜宵或奶茶哟,[等级7],
2026-05-14 00:07:40,58894403545,Jeffrey.Huang,姜子牙真牛逼,[等级18],[粉丝团 Lv2]
2026-05-14 00:07:40,62642627846,鹿茸,打到猫局了,[等级11],[粉丝团 Lv9]
2026-05-14 00:07:41,106048008499,shadow-lu,笑屎～拍猫局那了,[等级17],
2026-05-14 00:07:41,105905174109,楠木,老黑牛逼,[等级20],[粉丝团 Lv3]
2026-05-14 00:07:41,2137039095739998,c_,给看热闹的来一锅,[等级12],
2026-05-14 00:07:41,52438467257,天道,哈哈哈哈,[等级46],[粉丝团 Lv6]
2026-05-14 00:07:41,71126905166,抖音小肋手,[捂脸][捂脸][捂脸][捂脸],[等级10],[粉丝团 Lv10]
2026-05-14 00:07:41,100250134080,凯,猫局看热闹的挨揍[捂脸],[等级19],[粉丝团 Lv15]
2026-05-14 00:07:41,106028942886,肆🌒月,这是大大大大大大大大肘子,[等级29],[粉丝团 Lv11]
2026-05-14 00:07:41,98061316280,♊凡尘,局子白哎一锅[捂脸][捂脸][捂脸][捂脸][捂脸],[等级32],[粉丝团 Lv10]
2026-05-14 00:07:41,51011709573323,往事如烟,欺负老实人,[等级28],[粉丝团 Lv9]
2026-05-14 00:07:43,93687105296,洛皮皮🐻‍❄️⁰⁵⁰³,[捂脸][捂脸][捂脸],[等级40],[粉丝团:张君雅 Lv17]
2026-05-14 00:07:43,3927077882177272,隐昔,哈哈哈,[等级15],[粉丝团 Lv11]
2026-05-14 00:07:43,728299343198042,快乐时光,你二舅在带妹,[等级9],
2026-05-14 00:07:43,3705772094274365,粼粼.,哈哈哈哈哈,[等级10],[粉丝团 Lv4]
2026-05-14 00:07:43,2652457515884291,小糯米,[捂脸][捂脸][捂脸][捂脸],[等级12],[粉丝团 Lv12]
2026-05-14 00:07:43,96507328749,杜子腾.,姜子牙牛逼,[等级30],[粉丝团 Lv5]
2026-05-14 00:07:43,1024373538947773,墨遥,看热闹的挨了一锅,[等级33],[粉丝团 Lv7]
2026-05-14 00:07:43,62888496589,半条鱼（🇨🇳🇻🇳🎣）,哈哈哈,[等级23],[粉丝团 Lv6]
2026-05-14 00:07:44,72419691347,🐯.  瑩瑩瑩,哈哈哈哈哈哈,[等级14],
2026-05-14 00:07:45,68033173728,Johnny✨⁵¹⁰⁷⁴,[发怒][害羞][发怒][害羞][发怒][害羞][发怒][害羞][呲牙][呲牙],[等级31],[粉丝团 Lv16]
2026-05-14 00:07:45,98127314878,艾瑞巴蒂跟我一起嗨,要她进来[捂脸],[等级25],[粉丝团 Lv11]
2026-05-14 00:07:45,104642262375,洛洛丫头,哈哈哈,[等级7],
2026-05-14 00:07:45,2318208744829869,弌弎弌亖,[捂脸],[等级41],[粉丝团:张君雅 Lv19]
2026-05-14 00:07:45,1033174858865783,散。,[捂脸][捂脸][捂脸],[等级34],[粉丝团 Lv10]
2026-05-14 00:07:45,2386378385529776,ღ 念池鱼,[鼓掌][鼓掌],[等级16],[粉丝团 Lv1]
2026-05-14 00:07:45,1050745505059651,磊盛石业,加班,[等级18],[粉丝团 Lv10]
2026-05-14 00:07:45,103149346251,时光会咬人。。,哈哈哈,[等级16],[粉丝团 Lv11]
2026-05-14 00:07:45,2816262866483979,拯救逃离世界🌍,哈哈哈哈哈哈哈,[等级15],
2026-05-14 00:07:45,3047482674388180,菜场在逃肥鸡,哈哈哈哈哈,[等级13],[粉丝团 Lv7]
2026-05-14 00:07:46,91610976199,星岩避风港,头一次看女人打架,[等级26],[粉丝团 Lv1]
2026-05-14 00:07:46,109348233166,乄兴源,哈哈哈哈哈,[等级29],[粉丝团 Lv14]
2026-05-14 00:07:47,96035345005,夏春明,姜子牙牛逼,[等级13],[粉丝团 Lv1]
2026-05-14 00:07:47,175538554811668,花样男,哈哈,[等级15],[粉丝团 Lv8]
2026-05-14 00:07:47,73226621540,泡泡😘,哈哈哈,[等级15],[粉丝团 Lv11]
2026-05-14 00:07:47,62977313690,LO,哈哈哈,[等级25],[粉丝团 Lv8]
2026-05-14 00:07:47,109756665406,ᑮéиg宝🧸ོ,[捂脸][捂脸],[等级29],[粉丝团 Lv12]
2026-05-14 00:07:47,97381000803,哈密瓜炒油条,哈哈哈哈哈,[等级3],
2026-05-14 00:07:47,66956542408,刚哥  ~,[呲牙][呲牙][呲牙][呲牙],[等级20],[粉丝团 Lv15]
2026-05-14 00:07:47,74030584859,梦思,[呲牙][呲牙][呲牙][呲牙][呲牙],[等级24],
2026-05-14 00:07:47,2254452586189767,杨毛奈♥☜♥☞,[捂脸][捂脸],[等级14],[粉丝团 Lv12]
2026-05-14 00:07:47,140363052876195,呱呱🐸,[捂脸][捂脸][捂脸][捂脸],[等级36],
2026-05-14 00:07:47,3026322828036093,徐徐⁰⁵32,张君雅牛逼[捂脸][捂脸][捂脸],[等级13],[粉丝团 Lv12]
2026-05-14 00:07:49,85794237251,哇达西哇,哈哈哈哈哈哈哈哈,[等级10],[粉丝团 Lv3]
2026-05-14 00:07:49,435842427917112,今昭,哈哈哈哈哈,[等级13],[粉丝团 Lv8]
2026-05-14 00:07:49,2581242948361592,魂殇,姜子牙逼牛,[等级26],[粉丝团 Lv12]
2026-05-14 00:07:49,61247867498,鸿志,张老黑比牛,[等级23],[粉丝团 Lv3]
2026-05-14 00:07:49,97563856876,津門贝爺,姜子牙牛逼,[等级14],[粉丝团 Lv14]
2026-05-14 00:07:49,68134314266,刘先生,再带一把,[等级24],[粉丝团 Lv10]
2026-05-14 00:07:49,111192623383,北挽离歌,猫局站着都挨打,[等级28],[粉丝团 Lv12]
2026-05-14 00:07:50,95507451318,溪鱼,[捂脸][捂脸],[等级17],[粉丝团 Lv10]
2026-05-14 00:07:51,96362302466,桃子晚晚,舒服了[看],[等级8],[粉丝团 Lv9]
2026-05-14 00:07:51,3835516657862510,hello,哈哈哈哈哈哈哈,[等级21],[粉丝团 Lv4]
2026-05-14 00:07:51,1280306984780173,朵寧,爽了。,[等级13],[粉丝团 Lv11]
2026-05-14 00:07:51,3918308210126520,🌈Theone哥,[捂脸][捂脸],[等级17],
2026-05-14 00:07:51,844867683494035,起 点,可以,[等级28],[粉丝团 Lv8]
2026-05-14 00:07:51,728299343198042,快乐时光,你二舅在带妹,[等级9],
2026-05-14 00:07:51,66377808923,倩,张君雅牛逼,[等级19],[粉丝团 Lv10]
2026-05-14 00:07:51,93687105296,洛皮皮🐻‍❄️⁰⁵⁰³,欢迎来到战神🔥张君雅🔥直播间❣️喜欢看的给君雅点个关注❣️加个灯牌❣️点点赞👍开个会员和守护吧💖💖💖,[等级40],[粉丝团:张君雅 Lv17]
2026-05-14 00:07:52,93944839374,何先生,姜子牙牛批,[等级19],[粉丝团 Lv10]
2026-05-14 00:07:52,61291622127,谁还没年轻过⁵¹⁰⁷⁴,[666][666][666][赞][赞][赞],[等级16],[粉丝团 Lv14]
2026-05-14 00:07:53,765739939936014,以后再无你,我们车上两个人，你们拿大炮把我们狙了,[等级7],
2026-05-14 00:07:53,2209493970,景少,张子牙,[等级17],
2026-05-14 00:07:53,2009563192628787,木易,[赞][赞][赞][赞],[等级10],[粉丝团 Lv8]
2026-05-14 00:07:53,58781917345,丽姐💋,[666][666][666],[等级16],[粉丝团 Lv8]
2026-05-14 00:07:53,3593651276484189,菟丝子,好搞笑啊[比心],[等级8],[粉丝团 Lv8]
2026-05-14 00:07:53,98238207128,田不甜。,再来一局,[等级13],[粉丝团 Lv7]
2026-05-14 00:07:53,1590328736095840,别枝惊鹊🍋,哈哈哈可爱,[等级7],
2026-05-14 00:07:54,2330588968395416,贝塔β,[捂脸][捂脸][捂脸],[等级25],[粉丝团 Lv14]
2026-05-14 00:07:55,93294408055,凉笙,主播流口水了,[等级12],
2026-05-14 00:07:55,100720118695,随意活着,[捂脸][捂脸][捂脸],[等级11],[粉丝团 Lv11]
2026-05-14 00:07:55,3438921414351399,淡泊·明智,姜子牙牛逼[呲牙][呲牙][呲牙][呲牙],[等级15],[粉丝团 Lv11]
2026-05-14 00:07:55,3051888308391678,可乐漆,好可爱,[等级15],
2026-05-14 00:07:56,67414555594,木🪵,刚刚打错人了[捂脸]哈哈哈,[等级9],
2026-05-14 00:07:56,728299343198042,快乐时光,你二舅在带妹,[等级9],
2026-05-14 00:07:56,1368224482736616,继承,告诉她,[等级9],[粉丝团 Lv7]
2026-05-14 00:07:57,2933977725012750,孤寂,怎么听不到牛字,[等级26],[粉丝团 Lv10]
2026-05-14 00:07:57,2009542393864356,铭朗建筑小周,姜子牙牛逼[呲牙],[等级34],[粉丝团 Lv10]
2026-05-14 00:07:57,70167607627,落地钢枪崴脚了,猫局躺了一锅[捂脸][捂脸][捂脸],[等级30],[粉丝团 Lv12]
2026-05-14 00:07:57,95922498387,淡定^_^,注意嘴脸[捂脸][捂脸][捂脸][捂脸],[等级30],[粉丝团 Lv8]
2026-05-14 00:07:57,104912906250,团结使人幸福,装到了,[等级10],
2026-05-14 00:07:57,83367762380,爰㐸520,[666][666][666][666],[等级24],[粉丝团 Lv15]
2026-05-14 00:07:57,79719699521,🌈广义相对论,那个84消毒剂 应该是一个上夜班的 护士妹妹,[等级22],[粉丝团 Lv1]
2026-05-14 00:07:57,3634311833069977,:,加班,,
2026-05-14 00:07:57,4390789759635656,广子,可以不打吗？可以！我们用锅打！,,
2026-05-14 00:07:57,1936707435392920,A北京公寓出租,姜子牙牛逼,,
2026-05-14 00:07:58,93687105296,洛皮皮🐻‍❄️⁰⁵⁰³,欢迎来到战神🔥张君雅🔥直播间❣️喜欢看的给君雅点个关注❣️加个灯牌❣️点点赞👍开个会员和守护吧💖💖💖,[等级40],[粉丝团:张君雅 Lv17]
2026-05-14 00:07:58,2810000885416044,wei一诺,加班,[等级22],[粉丝团 Lv10]
2026-05-14 00:07:59,88189479440,三宝哥🐟🐟🐟,让他们来直播间,[等级23],[粉丝团 Lv5]
2026-05-14 00:07:59,71830617955,認生若如初見,哈哈哈哈哈哈哈[捂脸][捂脸],[等级31],[粉丝团 Lv16]
2026-05-14 00:07:59,4499643040531264,yiqi7,吃瓜挨打,[等级12],[粉丝团 Lv11]
2026-05-14 00:07:59,104433614986,讷,老黑玩高兴了[捂脸],[等级22],[粉丝团 Lv12]
2026-05-14 00:07:59,471041121730039,Tan,太可爱的两个小姐姐,[等级21],[粉丝团 Lv10]
2026-05-14 00:07:59,96008498122,ook,[捂脸],[等级32],[粉丝团 Lv10]
2026-05-14 00:08:00,101745007860,এ⁵²º᭄沉默,提前关注=额外100宵夜,[等级12],[粉丝团 Lv10]
2026-05-14 00:08:00,109938951952,CY贰肆,厉害👍👍,[等级26],[粉丝团 Lv3]
2026-05-14 00:08:01,92348188652,.小雏菊,一天撩妹,[等级13],[粉丝团 Lv11]
2026-05-14 00:08:01,1917169062914136,~景芃宇~,提前关注=额外100宵夜,[等级7],
2026-05-14 00:08:01,96956631134,菄,必须再来一把,[等级37],
2026-05-14 00:08:01,728299343198042,快乐时光,你二舅在带妹,[等级9],
2026-05-14 00:08:02,4233546532927219,🉑🈶🉑🈚,再来一把嘛,[等级20],[粉丝团 Lv10]
2026-05-14 00:08:02,7592485859971138609,包子🍞xy,老黑又爽到了,[等级27],[粉丝团 Lv7]
2026-05-14 00:08:02,344571539109738,𨷾,牛逼[捂脸],,
2026-05-14 00:08:02,1393818690663592,100-1=0,两万多人,[等级36],[粉丝团 Lv4]
2026-05-14 00:08:02,3047482674388180,菜场在逃肥鸡,给老黑喊爽了,[等级13],[粉丝团 Lv7]
2026-05-14 00:08:02,608510698061835,琪琪大王（背景月卡版）,姐刚开业[比心]关注送[互粉][互粉][互粉][比心][互粉][互粉],,
2026-05-14 00:08:03,564474381615296,楠得心动🍃,跪求再来一把,[等级6],[粉丝团 Lv9]
2026-05-14 00:08:04,3080169962356264,wzt,姜子牙牛皮。,,
2026-05-14 00:08:04,4330355120149084,唯一♥,叫小姐姐来看直播学技术[呲牙][呲牙],[等级8],[粉丝团 Lv7]
2026-05-14 00:08:04,628564168810840,似水流年(关必回）,就爱听这话,[等级2],
2026-05-14 00:08:04,7443467011387458618,骨阿夫特嫩,[捂脸][捂脸][捂脸],[等级29],
2026-05-14 00:08:05,98878505737,杰.,加班,,
2026-05-14 00:08:05,69705935782,生活也是一种修行°C ⁸⁰⁰⁸,转粉,[等级18],[粉丝团 Lv9]
2026-05-14 00:08:05,92813625406967,LT123456,晚安！,[等级16],[粉丝团 Lv2]
2026-05-14 00:08:05,69549195417,久睡成瘾,局哥差点被拍死[捂脸],[等级26],[粉丝团 Lv8]
2026-05-14 00:08:06,58528098244,孤傲的王,加班,[等级29],[粉丝团 Lv5]
2026-05-14 00:08:06,99329083304,Mm☼℡,笑死[捂脸],[等级4],[粉丝团 Lv2]
2026-05-14 00:08:06,921866189681067,夜空,我们张金亚是黑的。,[等级4],
2026-05-14 00:08:07,3634311833069977,:,加班,,
2026-05-14 00:08:07,66377808923,倩,拼过绕一圈 给猫局拍了,[等级19],[粉丝团 Lv10]
2026-05-14 00:08:08,2261055922780271,絮果,素材到手[捂脸],[等级14],[粉丝团 Lv10]
2026-05-14 00:08:08,65188696696,猪儿虫,关键是他们打了半个小时就在厕所,[等级13],[粉丝团 Lv2]
2026-05-14 00:08:08,88757268529,张小狮,哈哈哈哈，别说，这两个小姐姐还是有点实力的,[等级11],[粉丝团 Lv11]
2026-05-14 00:08:08,2475702575179399,这个我是真的喜欢,朴实无华,[等级14],
2026-05-14 00:08:08,2330588968395416,贝塔β,让你爽到了,[等级25],[粉丝团 Lv14]
2026-05-14 00:08:08,1807239211657972,落叶秋风,加个班,[等级23],
2026-05-14 00:08:08,3934507317863532,一个从人民中走出来的普通人（轮回版）,雅雅牛掰,[等级23],[粉丝团 Lv2]
2026-05-14 00:08:08,1271505004010494,小章,哈哈哈，脸都笑烂了,[等级9],[粉丝团 Lv7]
2026-05-14 00:08:08,92813625406967,LT123456,拜拜！,[等级16],[粉丝团 Lv2]
2026-05-14 00:08:09,1525761913136445,🎣去钓鱼吖,我喜欢咱俩小姐姐,[等级27],[粉丝团 Lv9]
2026-05-14 00:08:09,1816866635650600,暮色,刚刚死的那个妹妹叫什么名字啊？我要去找她玩,[等级25],[粉丝团 Lv13]
2026-05-14 00:08:09,4233546532927219,🉑🈶🉑🈚,妹妹好可爱,[等级20],[粉丝团 Lv10]
2026-05-14 00:08:09,826425753210750,小吴,牛逼[赞],[等级6],[粉丝团 Lv2]
2026-05-14 00:08:10,1701698370278087,hsl,再打一把,[等级5],
2026-05-14 00:08:10,2131266275124151,233333,心都化了,[等级2],[粉丝团 Lv2]
2026-05-14 00:08:10,62509342151,斯文·孙,把卖呆儿的拍两锅[呲牙],[等级9],
2026-05-14 00:08:10,94621081467,雨踏歌行.,21杀,[等级20],[粉丝团 Lv15]
2026-05-14 00:08:10,101410264319,早点睡,这么多人不得多打一把呀,[等级16],[粉丝团 Lv14]
2026-05-14 00:08:10,2264605968313639,亮亮说剧,再来一局,[等级2],
2026-05-14 00:08:10,99548245107,Felix,让小姐姐来学技术,[等级18],[粉丝团 Lv11]
2026-05-14 00:08:11,74760525331,Mr陳什麼,打的就是局哥[捂脸][捂脸][捂脸],[等级13],[粉丝团 Lv11]
2026-05-14 00:08:12,98878505737,杰.,加班,,
2026-05-14 00:08:12,1917169062914136,~景芃宇~,提前关注=额外100宵夜,[等级7],
2026-05-14 00:08:12,3344027376681024,追求人生,[看][看][看],[等级18],[粉丝团 Lv4]
2026-05-14 00:08:12,1767669746371549,Vvvvv,0伤,[等级23],[粉丝团 Lv10]
2026-05-14 00:08:13,70063956812,不語.,这福袋我能不能中一个,[等级24],[粉丝团 Lv12]
2026-05-14 00:08:13,75293978048,洋洋得亿🎐,姜子牙牛逼,[等级23],[粉丝团 Lv13]
2026-05-14 00:08:13,61524628975,Tender一小哥哥,局哥看热闹着了一锅[呲牙][呲牙][呲牙][呲牙],[等级15],[粉丝团 Lv11]
2026-05-14 00:08:14,67862230314,别动,局哥挨了一锅,[等级8],[粉丝团 Lv4]
2026-05-14 00:08:14,71830617955,認生若如初見,[666][666][666],[等级31],[粉丝团 Lv16]
2026-05-14 00:08:14,100224950337,时来～运转,张军雅酒杯[赞][赞],[等级22],[粉丝团 Lv8]
2026-05-14 00:08:14,72479150046,山塘花泽类,让他来看直播,[等级4],
2026-05-14 00:08:14,106053895102,红鳞鱼绿鳞鱼,素材来了,[等级5],
2026-05-14 00:08:15,59193413066,不抽鲢鳙的刚粉,0杀0助攻[捂脸],[等级34],[粉丝团 Lv3]
2026-05-14 00:08:15,3765201499085319,匹夫,就好这口,[等级17],[粉丝团 Lv9]
2026-05-14 00:08:15,3302574303231070,雪山之巅,这两个小妹妹太可耐了。[赞][赞][赞],,
2026-05-14 00:08:15,88308265454,靇錿昇圍,哈哈哈,[等级12],
2026-05-14 00:08:17,3408943437340396,信。,又熄灯,[等级22],[粉丝团 Lv5]
2026-05-14 00:08:18,95796395590,M,加班,[等级15],
2026-05-14 00:08:18,1917169062914136,~景芃宇~,提前关注=额外100宵夜,[等级7],
2026-05-14 00:08:18,104579232313,葛富贵,再来一把,[等级29],[粉丝团 Lv4]
2026-05-14 00:08:18,104060913802,GEM_阿乐,又熄灯[看][看],[等级14],
2026-05-14 00:08:18,100705396812,微光～,一身撩妹的本领，可惜自己是个妹子,[等级10],
2026-05-14 00:08:19,84705734855,半疯  半颠  半糊涂,提前关注=额外100宵夜,[等级12],[粉丝团 Lv10]
2026-05-14 00:08:19,2532895178888260,【俩俩相忘】安静看👀🚫禁止带节奏,[捂脸][捂脸][捂脸],[等级9],
2026-05-14 00:08:20,2928696292811743,超影独行,杀一半人[捂脸][捂脸]四十六,[等级18],[粉丝团 Lv12]
2026-05-14 00:08:20,97303949412,🌈欣💕小丸子🌈,[捂脸],[等级22],[粉丝团 Lv13]
2026-05-14 00:08:20,98061316280,♊凡尘,4个女的，不打他一个男的都说不过去[捂脸][捂脸],[等级32],[粉丝团 Lv10]
2026-05-14 00:08:20,78808688109784,用户4896621846833,姜子牙牛逼,,
2026-05-14 00:08:20,79876982398,王辉✌,哇塞,[等级17],
2026-05-14 00:08:21,1978736643939053,將劲夫,看热闹的成热闹了,[等级18],
2026-05-14 00:08:21,96164221347,光子镖师,哈哈[捂脸],[等级25],[粉丝团 Lv15]
2026-05-14 00:08:21,2386378385529776,ღ 念池鱼,真漂亮,[等级16],[粉丝团 Lv1]
2026-05-14 00:08:21,96035345005,夏春明,我要生了,[等级13],[粉丝团 Lv1]
2026-05-14 00:08:21,61835779108,二毛,[捂脸],[等级32],[粉丝团 Lv15]
2026-05-14 00:08:22,2395184081945055,忙里偷闲⁵¹⁰⁷⁴,[捂脸][捂脸],[等级29],[粉丝团 Lv15]
2026-05-14 00:08:22,3408943437340396,信。,又要生,[等级22],[粉丝团 Lv5]
2026-05-14 00:08:22,95917514199,曦然妞～o>_<o～,姜子牙牛逼[比心],[等级18],[粉丝团 Lv8]
2026-05-14 00:08:22,104579232313,葛富贵,再来一把,[等级29],[粉丝团 Lv4]
2026-05-14 00:08:22,109756665406,ᑮéиg宝🧸ོ,[捂脸][捂脸][捂脸],[等级29],[粉丝团 Lv12]
2026-05-14 00:08:22,92665594012,小五哥,好好看,[等级17],[粉丝团 Lv11]
2026-05-14 00:08:22,1917169062914136,~景芃宇~,提前关注=额外100宵夜,[等级7],
2026-05-14 00:08:22,776715793598765,暔诱,猫局躺着中枪,[等级34],
2026-05-14 00:08:22,1512542077459805,记得晒太阳,后宫佳丽+2,[等级18],[粉丝团 Lv9]
2026-05-14 00:08:22,2008152259705040,汉、歼的审判者,[捂脸][捂脸][捂脸],[等级15],[粉丝团 Lv12]
2026-05-14 00:08:23,66956542408,刚哥  ~,叫他关注你,[等级20],[粉丝团 Lv15]
2026-05-14 00:08:23,105977455851287,通缉猫,看细节，最后一个独狼细节捡药,[等级20],[粉丝团 Lv7]
2026-05-14 00:08:23,66446438256,🐮🐰,局哥要生了？[看],[等级10],[粉丝团 Lv8]
2026-05-14 00:08:23,1936707435392920,A北京公寓出租,再来一把,,
2026-05-14 00:08:24,782461558602846,孬,[发呆][发呆][发呆],[等级13],[粉丝团 Lv11]
2026-05-14 00:08:24,96771449376,小小强,哦哦哦,[等级23],
2026-05-14 00:08:24,4410845128828888,地狱小魔,嚯，纳入后宫[看],[等级25],[粉丝团 Lv11]
2026-05-14 00:08:24,96996619230,顺风顺水！,漂亮,[等级12],[粉丝团 Lv11]
2026-05-14 00:08:24,545800951704792,汐、小甜,[色],[等级11],[粉丝团 Lv10]
2026-05-14 00:08:24,3996063592881981,@@🚬yangꦿ᭄ཽ࿆࿆:,漂亮,[等级15],[粉丝团 Lv10]
2026-05-14 00:08:25,102718285717,子宸（地铁逃生）,生了,[等级15],[粉丝团 Lv10]
2026-05-14 00:08:25,1820388404241923,小悔.,666,[等级4],
2026-05-14 00:08:25,97071014316,W🐱,好漂亮啊,[等级26],[粉丝团 Lv6]
2026-05-14 00:08:25,62642627846,鹿茸,[捂脸],[等级11],[粉丝团 Lv9]
2026-05-14 00:08:26,2458155356002285,托尼8,傻白甜,[等级18],[粉丝团 Lv10]
2026-05-14 00:08:26,94511118465,及时止损,猫局就是个背景墙,[等级2],
2026-05-14 00:08:27,3601589106902589,刚,笑死我[捂脸]，上去就给局和一锅,[等级20],[粉丝团 Lv11]
2026-05-14 00:08:27,107767844699,⚡Jeffreyⁿᵉʷ,哇好美,[等级23],
2026-05-14 00:08:27,1701698370278087,hsl,再打一把,[等级5],
2026-05-14 00:08:27,77234182341,小星星✰,今天怎么这么晚,[等级10],
2026-05-14 00:08:27,1917169062914136,~景芃宇~,提前关注=额外100宵夜,[等级7],
2026-05-14 00:08:27,111167996121,深山老头,哇哦,[等级32],[粉丝团 Lv16]
2026-05-14 00:08:28,102486598134,S～,加班,[等级15],
2026-05-14 00:08:29,1820388404241923,小悔.,要生了,[等级4],
2026-05-14 00:08:29,1978736643939053,將劲夫,看热闹的成热闹了,[等级18],
2026-05-14 00:08:29,2563711242608711,陈艺之他爸,撩妹了,[等级29],
2026-05-14 00:08:29,1709115167487976,流逝的记忆（关注立即回关）,小姐姐颜值好高,[等级29],[粉丝团 Lv15]
2026-05-14 00:08:30,7481932066880455740,青涩,猫局站旁边看热闹挨揍了,[等级17],
2026-05-14 00:08:31,7509870235168670778,古云,局哥站在旁边还挨两锅,[等级1],[粉丝团 Lv2]
2026-05-14 00:08:31,2568875316349119,￴ ￴ ￴ ￴ ￴只关注骚的,[舔屏][舔屏][舔屏],[等级2],
2026-05-14 00:08:31,106028942886,肆🌒月,[舔屏][舔屏][舔屏][舔屏],[等级29],[粉丝团 Lv11]
2026-05-14 00:08:31,309411621386987,90后公子,猫局 要生了[捂脸][捂脸],[等级20],[粉丝团 Lv7]
2026-05-14 00:08:32,99303466159,诀爱,好好看。。。,[等级13],[粉丝团 Lv6]
2026-05-14 00:08:32,102486598134,S～,加班,[等级15],
2026-05-14 00:08:32,70873741515,文写相思意，施暖伴朝夕。,局哥要生了？,[等级40],[粉丝团 Lv1]
2026-05-14 00:08:32,2320433050813466,极客前沿小雪花,真漂亮,[等级11],[粉丝团 Lv6]
2026-05-14 00:08:32,2009542393864356,铭朗建筑小周,老黑流口水🤤了[呲牙],[等级34],[粉丝团 Lv10]
2026-05-14 00:08:33,111167996121,深山老头,美女啊,[等级32],[粉丝团 Lv16]
2026-05-14 00:08:34,110277570700,moment—FF,又给扑总划拉了两个妹子,[等级10],[粉丝团 Lv10]
2026-05-14 00:08:34,4397670397392615,星星熄灯了,又给扑总加上了,[等级11],[粉丝团 Lv11]
2026-05-14 00:08:34,3865528861460349,杨眉兔起,有76伤害的还是最后拼锅的[捂脸],[等级35],[粉丝团 Lv12]
2026-05-14 00:08:34,3289383190669309,其实很简单,我要生了[捂脸][捂脸],[等级20],[粉丝团 Lv4]
2026-05-14 00:08:34,600767341014696,小福星🍬,又给扑总加妹妹,[等级26],[粉丝团 Lv8]
2026-05-14 00:08:34,1917169062914136,~景芃宇~,提前关注=额外100宵夜,[等级7],
2026-05-14 00:08:34,7615988333545931813,ik-🦋,给扑总建立后宫？,,
2026-05-14 00:08:35,69549195417,久睡成瘾,我去，这照片是网图还是真人,[等级26],[粉丝团 Lv8]
2026-05-14 00:08:35,102486598134,S～,加班,[等级15],
2026-05-14 00:08:35,95960544820,油腻大叔,[舔屏][舔屏][舔屏][舔屏],[等级16],[粉丝团 Lv12]
2026-05-14 00:08:36,71158743585,今天没胃口·,老黑加班,[等级10],[粉丝团 Lv7]
2026-05-14 00:08:36,20210455949667,萨克米偶遇克朗斯,又给扑总加后宫,[等级3],[粉丝团 Lv4]
2026-05-14 00:08:36,3406705907740807,何爱华（承蒙厚爱）,哇，扑总又幸福了[捂脸][捂脸][捂脸]。,[等级22],[粉丝团 Lv12]
2026-05-14 00:08:36,1843219867375416,"( 杨新】yang,Xin】",好漂亮,[等级5],
2026-05-14 00:08:36,2475702575179399,这个我是真的喜欢,扑总后宫加二,[等级14],
2026-05-14 00:08:37,3117857857342636,一搓一蹦跶,我靠好好看[捂脸],[等级33],[粉丝团 Lv2]
2026-05-14 00:08:37,2568875316349119,￴ ￴ ￴ ￴ ￴只关注骚的,逆天[捂脸],[等级2],
2026-05-14 00:08:37,76133959662,@等风起,扑总又幸福了,[等级14],[粉丝团 Lv8]
2026-05-14 00:08:38,97600677185,晓乔治ovo,[捂脸][捂脸][捂脸],[等级38],[粉丝团 Lv12]
2026-05-14 00:08:38,102486598134,S～,加班,[等级15],
2026-05-14 00:08:39,1798455941401880,了乌庐,扑总，又赚到了[呲牙][呲牙],[等级32],[粉丝团 Lv13]
2026-05-14 00:08:39,58870236085,三胎辣妈Amanda,哇，漂亮,[等级18],[粉丝团 Lv11]
2026-05-14 00:08:39,140363052876195,呱呱🐸,心都化了[捂脸][捂脸][捂脸],[等级36],
2026-05-14 00:08:39,58528098244,孤傲的王,？,[等级29],[粉丝团 Lv6]
2026-05-14 00:08:40,247862868838872,林曦,网图[捂脸],[等级4],
2026-05-14 00:08:41,417427108929038,麦幽,失声了,[等级3],[粉丝团 Lv6]
2026-05-14 00:08:41,95960544820,油腻大叔,美女,[等级16],[粉丝团 Lv12]
2026-05-14 00:08:41,600767341014696,小福星🍬,加一堆妹妹了,[等级26],[粉丝团 Lv8]
2026-05-14 00:08:41,102486598134,S～,加班,[等级15],
2026-05-14 00:08:42,96867065246,罗 夕,好清纯啊,[等级12],[粉丝团 Lv10]
2026-05-14 00:08:42,95292128556,R。,@暮色 84消毒液,[等级13],[粉丝团 Lv12]
2026-05-14 00:08:42,3927077882177272,隐昔,给扑总谋福利这是,[等级15],[粉丝团 Lv11]
2026-05-14 00:08:42,4503658257446344,🥐cornetto,扑总开心了,[等级41],[粉丝团 Lv6]
2026-05-14 00:08:43,1807239211657972,落叶秋风,跪求再来一把,[等级23],
2026-05-14 00:08:43,2946293552644551,无情可破全局,继续,[等级15],
2026-05-14 00:08:43,1917169062914136,~景芃宇~,提前关注=额外100宵夜,[等级7],
2026-05-14 00:08:43,62130220363,周周不睡觉🍓,真牛掰,[等级24],[粉丝团 Lv4]
2026-05-14 00:08:43,93294408055,凉笙,打,[等级12],
2026-05-14 00:08:43,75072156386,阿明⚜️,[舔屏],[等级18],
2026-05-14 00:08:43,975967850348430,水贴、烫金、热转印、喷涂加工厂,又飘起来了[捂脸][捂脸][捂脸],[等级11],[粉丝团 Lv10]
2026-05-14 00:08:44,3013139552021534,🦁🖤,又給扑总加妹妹（絲,[等级32],[粉丝团:张君雅 Lv16]
2026-05-14 00:08:44,826425753210750,小吴,悍匪吖[捂脸][捂脸][捂脸],[等级6],[粉丝团 Lv2]
2026-05-14 00:08:44,78808688109784,用户4896621846833,姜子牙牛逼,,
2026-05-14 00:08:45,109756665406,ᑮéиg宝🧸ོ,去看菊哥生[捂脸],[等级29],[粉丝团 Lv12]
2026-05-14 00:08:45,102053272711,꧁༺沧～海༻꧂,姜子牙下班了,[等级20],[粉丝团 Lv11]
2026-05-14 00:08:45,3001013581646027,老登,加班,[等级5],
2026-05-14 00:08:45,98878505737,杰.,加班,,
2026-05-14 00:08:45,51665737238,乃刀,姜子牙牛逼,[等级14],[粉丝团 Lv11]
2026-05-14 00:08:45,102486598134,S～,加班,[等级15],
2026-05-14 00:08:45,2432539753452240,繁宸,姜子牙无敌,[等级7],
2026-05-14 00:08:45,96129841018,巴塘牛先生汤锅,姜子牙牛逼,[等级13],
2026-05-14 00:08:45,100515465222,✨甜憨憨吖🌈,扑总上号,[等级8],[粉丝团 Lv3]
2026-05-14 00:08:45,54403167120,强强,打啊,[等级35],[粉丝团 Lv10]
2026-05-14 00:08:46,57054569837,CC,把第二名拉来,[等级15],[粉丝团 Lv3]
2026-05-14 00:08:47,96800023676,只要啤酒,加班,[等级31],[粉丝团 Lv4]
2026-05-14 00:08:47,131532822160692,啊！,确实牛逼,[等级5],[粉丝团 Lv5]
2026-05-14 00:08:47,2946315483621007,杪諒,加班吧。,[等级31],[粉丝团 Lv10]
2026-05-14 00:08:47,59185405920,一起养条奈吗,美女啊,[等级15],[粉丝团 Lv8]
2026-05-14 00:08:47,2810000885416044,wei一诺,加班,[等级22],[粉丝团 Lv10]
2026-05-14 00:08:47,67161144129,WH＆,张老黑聊妹一流,[等级25],[粉丝团 Lv11]
2026-05-14 00:08:47,103811404276,💎Sooyaxxx21.💎,拜拜mua,[等级9],[粉丝团 Lv11]
2026-05-14 00:08:47,1701698370278087,hsl,再打一把,[等级5],
2026-05-14 00:08:48,3001013581646027,老登,加班,[等级5],
2026-05-14 00:08:48,7603294357017773105,6666,最后一局,[等级7],[粉丝团 Lv3]
2026-05-14 00:08:48,96554443891,开心萝卜,阻牛,[等级8],
2026-05-14 00:08:49,106855986230,二哥.,加班,[等级18],[粉丝团 Lv7]
2026-05-14 00:08:49,102486598134,S～,加班,[等级15],
2026-05-14 00:08:49,1820388404241923,小悔.,姜子牙牛逼,[等级4],
2026-05-14 00:08:49,2330618671675182,mimo,加班,[等级9],[粉丝团 Lv5]
2026-05-14 00:08:49,103829421405,念念仔,84消毒液,[等级4],
2026-05-14 00:08:49,3593651276484189,菟丝子,666666,[等级8],[粉丝团 Lv8]
2026-05-14 00:08:49,110277570700,moment—FF,多好的妹子啊[捂脸],[等级10],[粉丝团 Lv10]
2026-05-14 00:08:49,4037872013554622,用户9527314159265857,21+6+13=40杀,[等级5],[粉丝团 Lv2]
2026-05-14 00:08:49,62586327039,🌈陌路,姜子牙继续牛皮,[等级12],[粉丝团 Lv7]
2026-05-14 00:08:49,97577366866,戏子,在带一把,[等级32],[粉丝团 Lv5]
2026-05-14 00:08:49,99842425124,M@Y,忽悠小孩,[等级23],[粉丝团 Lv10]
2026-05-14 00:08:50,2568875316349119,￴ ￴ ￴ ￴ ￴只关注骚的,依旧女人的嘴骗人的鬼[捂脸],[等级2],
2026-05-14 00:08:51,2383359088276718,草莓丶学长,加班啊，2万人,[等级6],
2026-05-14 00:08:51,66938132567,我的名字,羡慕人家有实力,[等级9],[粉丝团 Lv10]
2026-05-14 00:08:51,1896019433626000,🥤可乐,让老黑高兴了,[等级22],[粉丝团 Lv12]
2026-05-14 00:08:51,74052908927,·S·,朴总幸福[捂脸],[等级19],[粉丝团 Lv13]
2026-05-14 00:08:51,81026984033,浩,加班,[等级4],
2026-05-14 00:08:51,93639162898,辣条,把张君雅打在牛逼上,[等级25],[粉丝团 Lv2]
2026-05-14 00:08:51,102486598134,S～,加班,[等级15],
2026-05-14 00:08:52,3001013581646027,老登,加班,[等级5],
2026-05-14 00:08:52,97303949412,🌈欣💕小丸子🌈,扑总这号你加多少小姐姐了[捂脸],[等级22],[粉丝团 Lv13]
2026-05-14 00:08:52,72306900897,梁锋,又给扑总加美女了,[等级24],[粉丝团 Lv15]
2026-05-14 00:08:53,690948260241671,真诚123,多少星了,[等级3],[粉丝团 Lv1]
2026-05-14 00:08:53,2933109942650078,白撕不得骑姐,加班,[等级21],[粉丝团 Lv8]
2026-05-14 00:08:53,104642262375,洛洛丫头,再来一把,[等级7],
2026-05-14 00:08:53,2528486479102643,银,多两个关注吧[捂脸],[等级7],[粉丝团 Lv3]
2026-05-14 00:08:53,108098621962,无法取代,提前关注=额外100宵夜,[等级25],
2026-05-14 00:08:53,1953187465799031,初雪等春信,再打一局,,
2026-05-14 00:08:53,51520226221,一展,再开一局,[等级7],
2026-05-14 00:08:53,1917169062914136,~景芃宇~,提前关注=额外100宵夜,[等级7],
2026-05-14 00:08:54,101896965563,不喜豆瓣,打,[等级25],[粉丝团 Lv11]
2026-05-14 00:08:55,102486598134,S～,加班,[等级15],
2026-05-14 00:08:55,1376222085652807,开心就好😄,告诉美女去看直播啊,[等级3],[粉丝团 Lv5]
2026-05-14 00:08:55,67175142327,DY-奇少,确实牛逼,[等级14],[粉丝团 Lv2]
2026-05-14 00:08:55,58764644107,仰望天空@,扑总后宫佳丽三千[捂脸],[等级41],[粉丝团 Lv15]
2026-05-14 00:08:55,99085959044,亣不了,再来,[等级14],[粉丝团 Lv10]
2026-05-14 00:08:55,55955954299,言,扑总又多了 两个妹子[捂脸],[等级20],[粉丝团 Lv9]
2026-05-14 00:08:55,101447577458,“Cʜᴀɴɢᴇ ”,严重张君雅是个同性,[等级27],
2026-05-14 00:08:55,66838509546,果西蜡Gè,带上一把最后那个,[等级12],
2026-05-14 00:08:57,94511118465,及时止损,张君雅不帮猫局泡妞,[等级2],
2026-05-14 00:08:57,2928696292811743,超影独行,两万人你要跑啊[捂脸],[等级18],[粉丝团 Lv12]
2026-05-14 00:08:57,96129841018,巴塘牛先生汤锅,姜子牙牛逼,[等级13],
2026-05-14 00:08:57,86762303507,蔷薇花下看风景,又熄灯了[捂脸][捂脸][捂脸][捂脸][捂脸][捂脸][捂脸][捂脸],[等级17],[粉丝团 Lv3]
2026-05-14 00:08:57,54915355377,『逝氺无痕』,怎么不告诉她你是主播,[等级35],[粉丝团 Lv8]
2026-05-14 00:08:57,1367422840868276,土豆,姜子牙牛逼,[等级9],
2026-05-14 00:08:58,75293978048,洋洋得亿🎐,福袋没开，再来一把,[等级23],[粉丝团 Lv13]
2026-05-14 00:08:58,5030027739,阿光,带84消毒液打一把,[等级19],[粉丝团 Lv11]
2026-05-14 00:08:59,1896019433626000,🥤可乐,小姐姐,[等级22],[粉丝团 Lv12]
2026-05-14 00:09:00,87264448427,冷冰冰,加班,[等级10],
2026-05-14 00:09:00,70067876868,不被定义的熊,再打一耙,[等级25],[粉丝团 Lv2]
2026-05-14 00:09:00,2520548717106573,无痕,这不得加班,[等级15],[粉丝团 Lv4]
2026-05-14 00:09:00,3302574303231070,雪山之巅,老黑忘了推销一下自己啦！,,
2026-05-14 00:09:00,62642627846,鹿茸,要生了,[等级11],[粉丝团 Lv9]
2026-05-14 00:09:00,104260931928,冰红茶,不叫小姐姐加你的关注一下[捂脸][捂脸][捂脸],[等级16],[粉丝团 Lv11]
2026-05-14 00:09:01,3098889386212925,新疆正经哥,我靠啊 这妹子确实有点东西啊,[等级13],
2026-05-14 00:09:01,4037872013554622,用户9527314159265857,21+13+6杀牛逼,[等级5],[粉丝团 Lv2]
2026-05-14 00:09:01,2933109942650078,白撕不得骑姐,加班,[等级21],[粉丝团 Lv8]
2026-05-14 00:09:03,1917169062914136,~景芃宇~,提前关注=额外100宵夜,[等级7],
2026-05-14 00:09:03,2946293552644551,无情可破全局,继续,[等级15],
2026-05-14 00:09:03,2982304685497085,O 噢噢,张军垭哪里黑啊到底[捂脸],[等级2],
2026-05-14 00:09:03,87264448427,冷冰冰,加班,[等级10],
2026-05-14 00:09:03,1572767392872932,一切重来,加班打一把,[等级13],[粉丝团 Lv5]
2026-05-14 00:09:04,70272459129,我的快乐,这个猫局怎么还没有张君雅打的好[捂脸],[等级3],
2026-05-14 00:09:05,875653320155998,乌拉……,扑总，喜提爱妃两位[捂脸][捂脸][捂脸][捂脸],,
2026-05-14 00:09:06,110277570700,moment—FF,老黑黑啊[捂脸],[等级10],[粉丝团 Lv10]
2026-05-14 00:09:06,2946293552644551,无情可破全局,继续,[等级15],
2026-05-14 00:09:08,3325401035711982,诚实可靠小郎君,姜子牙牛逼,[等级8],[粉丝团 Lv2]
2026-05-14 00:09:08,633752899038180,九千七*,加班,[等级14],[粉丝团 Lv3]
2026-05-14 00:09:08,7458245322155279418,夜风光,加班,[等级2],
2026-05-14 00:09:08,764858599219059,⭐️人王疋虫⭐️⁵¹⁰⁷⁴,恭喜扑总喜得俩妹仔[比心][比心][比心],[等级34],[粉丝团 Lv16]
2026-05-14 00:09:08,104642262375,洛洛丫头,再来一把,[等级7],
2026-05-14 00:09:09,4037872013554622,用户9527314159265857,加班啊,[等级5],[粉丝团 Lv2]
2026-05-14 00:09:09,77008714109,路雪峰_,能打个荣都吗,[等级4],
2026-05-14 00:09:10,66229069886,󰠇子木,扑总又收获俩小妹妹[鼓掌][鼓掌][鼓掌][鼓掌],[等级9],[粉丝团 Lv11]
2026-05-14 00:09:10,1917169062914136,~景芃宇~,提前关注=额外100宵夜,[等级7],
2026-05-14 00:09:11,3087877392835454,🌈过客梁,加一把吧,[等级14],
2026-05-14 00:09:12,71533879276,懒得起名字,福袋还有5分钟[捂脸][捂脸][捂脸],[等级15],[粉丝团 Lv8]
2026-05-14 00:09:12,109600067848,沉默,再打一把,[等级26],[粉丝团 Lv5]
2026-05-14 00:09:12,62586327039,🌈陌路,姜子牙继续牛皮,[等级12],[粉丝团 Lv7]
2026-05-14 00:09:13,52495544292,玩了个寂寞,再来一把[看],[等级16],[粉丝团 Lv5]
2026-05-14 00:09:13,110901699074,云翳333,姜子牙牛逼,[等级9],[粉丝团 Lv2]
2026-05-14 00:09:13,82749379936,归宿。,唱歌吧,[等级30],[粉丝团 Lv4]
2026-05-14 00:09:14,62130220363,周周不睡觉🍓,哈哈哈,[等级24],[粉丝团 Lv4]
2026-05-14 00:09:14,71052094484,꧁💞时光不᭄ᩚ꯭ᩚ语꧂,继续,,
2026-05-14 00:09:14,67535712021,如何采摘大勋花？,哈哈哈哈哈,[等级9],[粉丝团 Lv10]
2026-05-14 00:09:15,111024895117,努力搞钱,再打一局,[等级14],[粉丝团 Lv3]
2026-05-14 00:09:16,106053895102,红鳞鱼绿鳞鱼,没看够,[等级5],
2026-05-14 00:09:16,3701379135715724,🌈米米米,姜子牙牛逼[捂脸],[等级9],[粉丝团 Lv2]
2026-05-14 00:09:16,76172576390,故事太难,提前关注=额外100宵夜,[等级5],[粉丝团 Lv3]
2026-05-14 00:09:16,95507451318,溪鱼,打个歼灭,[等级17],[粉丝团 Lv10]
2026-05-14 00:09:16,3013139552021534,🦁🖤,麻麻 我守护要到期了,[等级32],[粉丝团:张君雅 Lv16]
2026-05-14 00:09:17,93944839374,何先生,姜子牙牛批,[等级19],[粉丝团 Lv10]
2026-05-14 00:09:17,63967477974,刘不住,不打了吗,[等级18],
2026-05-14 00:09:17,98240811678,zzzii,拉他们再打一把,[等级37],[粉丝团 Lv5]
2026-05-14 00:09:18,69135319628,ᒻᵒ⃨ᵛᵉ༺田༻,在打一把,[等级27],
2026-05-14 00:09:18,73793860797,双子♊️阿东,带徒弟了,[等级11],
2026-05-14 00:09:18,74785611530,心心慈,继续打呀,[等级28],
2026-05-14 00:09:19,175538554811668,花样男,键位码,[等级15],[粉丝团 Lv8]
2026-05-14 00:09:19,96009740336,3月26,在搞一把,[等级16],[粉丝团 Lv3]
2026-05-14 00:09:19,109465652811,深情不及久伴,打把竞技,[等级21],[粉丝团 Lv2]
2026-05-14 00:09:19,2009542393864356,铭朗建筑小周,老黑口水三米长[呲牙],[等级34],[粉丝团 Lv10]
2026-05-14 00:09:19,68517388752,@02,再打一局,[等级20],
2026-05-14 00:09:19,51520226221,一展,加班,[等级7],
2026-05-14 00:09:19,64307914122,Zjd安静港湾,加班,[等级24],[粉丝团 Lv7]
2026-05-14 00:09:19,71835502253,梦醒如初,搞一把,[等级4],
2026-05-14 00:09:20,62586327039,🌈陌路,姜子牙继续牛皮,[等级12],[粉丝团 Lv7]
2026-05-14 00:09:20,231375413972592,欢乐的跳痘,提前关注=额外100宵夜,[等级7],[粉丝团 Lv2]
2026-05-14 00:09:21,87264448427,冷冰冰,加班,[等级10],
2026-05-14 00:09:22,52518192704,小标标,再来一把，张君雅牛逼,[等级22],
2026-05-14 00:09:22,1701698370278087,hsl,再打一把,[等级5],
2026-05-14 00:09:22,106053895102,红鳞鱼绿鳞鱼,加班,[等级5],
2026-05-14 00:09:22,2107127732124515,山水难忘,牛牛牛,[等级1],
2026-05-14 00:09:23,67919009014,Ace,加个班,[等级21],[粉丝团 Lv11]
2026-05-14 00:09:24,175538554811668,花样男,键位码,[等级15],[粉丝团 Lv8]
2026-05-14 00:09:24,102785385249,吉他🎸,再打一把吧,[等级10],[粉丝团 Lv3]
2026-05-14 00:09:24,110277570700,moment—FF,孩子饿得嗷嗷叫了,[等级10],[粉丝团 Lv10]
2026-05-14 00:09:24,72693793434,大灵,那个男的抖音叫啥,[等级2],
2026-05-14 00:09:25,3504894089103484,江洋大盗,我都找不到张君雅牛b在哪里,[等级21],[粉丝团 Lv11]
2026-05-14 00:09:25,68128483419,秋霜,？,[等级33],[粉丝团 Lv12]
2026-05-14 00:09:25,4862013350589,厉扑,可以开一局,[等级21],[粉丝团 Lv11]
2026-05-14 00:09:25,2361371952155971,꧁༺๑ 安老大๑༻꧂,加班,[等级24],[粉丝团 Lv6]
2026-05-14 00:09:25,94511118465,及时止损,老黑一身泡妞本事，可惜自己是个妞！！！,[等级2],
2026-05-14 00:09:25,1709115167487976,流逝的记忆（关注立即回关）,陪局哥再打一局,[等级29],[粉丝团 Lv15]
2026-05-14 00:09:26,95572095005,📰,再来一把,[等级11],
2026-05-14 00:09:26,628564168810840,似水流年(关必回）,昨天休息够了加班,[等级2],
2026-05-14 00:09:26,3302574303231070,雪山之巅,老黑加班,,
2026-05-14 00:09:26,4287711750143277,🥀ঞ李尚王来₅₂₀💞࿐,姜子牙牛逼,[等级32],[粉丝团 Lv9]
2026-05-14 00:09:26,2264605968313639,亮亮说剧,再来一局,[等级2],
2026-05-14 00:09:26,68189106631,𝑶𝒏𝒆,[捂脸]跟84打一把,[等级30],[粉丝团 Lv10]
2026-05-14 00:09:26,81404992388,小妖妖已成精,再来一把吧没看够呢,[等级22],[粉丝团 Lv7]
2026-05-14 00:09:28,3120839719125280,Roin,84消毒液,[等级12],[粉丝团 Lv1]
2026-05-14 00:09:28,2009563192628787,木易,加个班吧,[等级10],[粉丝团 Lv8]
2026-05-14 00:09:28,71835502253,梦醒如初,昨天休息今天搞一把,[等级4],
2026-05-14 00:09:28,84705734855,半疯  半颠  半糊涂,提前关注=额外100宵夜,[等级12],[粉丝团 Lv10]
2026-05-14 00:09:29,1099966109989407,明鸢,换号了,[等级23],
2026-05-14 00:09:30,62586327039,🌈陌路,姜子牙继续牛皮,[等级12],[粉丝团 Lv7]
2026-05-14 00:09:30,67397790988,HXY,加班,[等级20],
2026-05-14 00:09:31,99917940852,在冰岛炸薯条,再来一把吧,[等级8],
2026-05-14 00:09:31,55955954299,言,全是 女好友[捂脸],[等级20],[粉丝团 Lv9]
2026-05-14 00:09:31,135949352450375,想不出名字,把牛B打在张君雅上！！！[灵机一动][灵机一动][灵机一动],[等级10],[粉丝团 Lv10]
2026-05-14 00:09:31,4437265229555960,华哥,在来一火,[等级23],
2026-05-14 00:09:32,92813625406967,LT123456,还打吗？,[等级16],[粉丝团 Lv2]
2026-05-14 00:09:33,3120839719125280,Roin,84消毒液,[等级12],[粉丝团 Lv1]
2026-05-14 00:09:33,1082392657011656,林北叫派大星,在来一把,[等级18],[粉丝团 Lv2]
2026-05-14 00:09:34,81498709949,玉楼金阙慵归去,扑总这号加满了妹妹[捂脸][捂脸][捂脸][捂脸],[等级12],[粉丝团 Lv5]
2026-05-14 00:09:35,811870390062339,礼貌的爱，苦酒加塘,再开一把,[等级34],[粉丝团 Lv2]
2026-05-14 00:09:35,1917169062914136,~景芃宇~,提前关注=额外100宵夜,[等级7],
2026-05-14 00:09:35,270948762917427,宸,打电话,[等级5],[粉丝团 Lv8]
2026-05-14 00:09:36,131532822160692,啊！,咦，下不了啊，哈哈哈,[等级5],[粉丝团 Lv5]
2026-05-14 00:09:36,231322664307560,天堂比不过家乡,这么大个主播，发个一块钱的红包[捂脸],,
2026-05-14 00:09:37,51520226221,一展,开多一把,[等级7],
2026-05-14 00:09:37,13422771482,gdragon,可以,[等级10],
2026-05-14 00:09:37,95507451318,溪鱼,歼灭战  4分钟,[等级17],[粉丝团 Lv10]
2026-05-14 00:09:38,102718285717,子宸（地铁逃生）,直接搜你名字了,[等级15],[粉丝团 Lv10]
2026-05-14 00:09:38,70398644609,洪✨★ooO,可以,[等级16],[粉丝团 Lv12]
2026-05-14 00:09:38,2946293552644551,无情可破全局,继续,[等级15],
2026-05-14 00:09:38,104433614986,讷,老黑可是真玩高兴了,[等级22],[粉丝团 Lv12]
2026-05-14 00:09:38,3377334501516344,虾仁猪心(˃ ⌑ ˂ഃ ),好,[等级19],[粉丝团 Lv5]
2026-05-14 00:09:39,62586327039,🌈陌路,好好好,[等级12],[粉丝团 Lv7]
2026-05-14 00:09:39,2475702575179399,这个我是真的喜欢,好,[等级14],
2026-05-14 00:09:39,2330588968395416,贝塔β,你们都用一个聊天室啊？,[等级25],[粉丝团 Lv14]
2026-05-14 00:09:39,102785385249,吉他🎸,1,[等级10],[粉丝团 Lv3]
2026-05-14 00:09:41,111024895117,努力搞钱,打打打,[等级14],[粉丝团 Lv3]
2026-05-14 00:09:41,71052094484,꧁💞时光不᭄ᩚ꯭ᩚ语꧂,好的,,
2026-05-14 00:09:41,107893690362,已重置,哈哈哈,[等级9],
2026-05-14 00:09:41,96137590156,一颗小元宝,来来来,[等级4],[粉丝团 Lv3]
2026-05-14 00:09:41,690948260241671,真诚123,好,[等级3],[粉丝团 Lv1]
2026-05-14 00:09:41,96008498122,ook,耶,[等级32],[粉丝团 Lv10]
2026-05-14 00:09:41,70272459129,我的快乐,猫局咋的这个局面不秀呢[捂脸],[等级3],
2026-05-14 00:09:42,98368806608,火星哥,赞赞冲一百万,[等级20],[粉丝团 Lv10]
2026-05-14 00:09:42,53200627501,藤井树树啊,！ ！,[等级20],[粉丝团 Lv4]
2026-05-14 00:09:42,77223069015,❤️李李,[666][666][666][666][666][666],[等级19],[粉丝团 Lv8]
2026-05-14 00:09:43,95496292149,~予我心动～,开,[等级33],[粉丝团 Lv13]
2026-05-14 00:09:43,99372859314,启  夏,好好好，等你,[等级25],[粉丝团 Lv15]
2026-05-14 00:09:43,98932747508,前还可修,再打一局,[等级20],
2026-05-14 00:09:43,4138208072575947,俄狼,打把单四,[等级2],
2026-05-14 00:09:43,1271505004010494,小章,好啊好啊,[等级9],[粉丝团 Lv7]
2026-05-14 00:09:43,71418409421,毛豆花卷儿,好呀好呀,[等级18],[粉丝团 Lv8]
2026-05-14 00:09:44,2057906794802893,🌈堆🎉,加＋,[等级13],
2026-05-14 00:09:44,2009563192628787,木易,加一把班,[等级10],[粉丝团 Lv8]
2026-05-14 00:09:45,175538554811668,花样男,键位码,[等级15],[粉丝团 Lv8]
2026-05-14 00:09:45,52243439934,Air_,[鼓掌],[等级19],[粉丝团 Lv10]
2026-05-14 00:09:45,98349173902,星星点灯2,打打打打打打打打打打打打打打打打,[等级4],[粉丝团 Lv2]
2026-05-14 00:09:45,69701071456,M2稞女装🎀生活馆👚,看看,[等级33],[粉丝团:张君雅 Lv16]
2026-05-14 00:09:46,62586327039,🌈陌路,好好好,[等级12],[粉丝团 Lv7]
2026-05-14 00:09:46,4047776815789689,糖醋茄子,打,[等级4],[粉丝团 Lv7]
2026-05-14 00:09:47,111335552426,8090在路上 󰠇,84消毒液来一把,[等级10],
2026-05-14 00:09:47,92813625406967,LT123456,开延迟了吗？,[等级16],[粉丝团 Lv2]
2026-05-14 00:09:47,102292532517,哥不帅,好的,[等级2],[粉丝团 Lv6]
2026-05-14 00:09:48,97266147825,十一🍅,必须加一把班,[等级27],[粉丝团 Lv3]
2026-05-14 00:09:49,4432834332736103,行走的蜗牛,[捂脸][捂脸][捂脸][捂脸],[等级15],
2026-05-14 00:09:49,270948762917427,宸,福袋都还没开呢,[等级5],[粉丝团 Lv8]
2026-05-14 00:09:49,3619201464408728,跟着感觉走,提前关注=额外100宵夜,[等级26],
2026-05-14 00:09:49,84705734855,半疯  半颠  半糊涂,提前关注=额外100宵夜,[等级12],[粉丝团 Lv10]
2026-05-14 00:09:49,3601589106902589,刚,那个小姐姐上去就给猫局一锅[捂脸],[等级20],[粉丝团 Lv11]
2026-05-14 00:09:49,7408071472247768122,川渡,[666][666][666][鼓掌],[等级6],[粉丝团 Lv5]
2026-05-14 00:09:49,1560954851308167,壹壹呀一一🍒,是的,[等级7],[粉丝团 Lv9]
2026-05-14 00:09:50,3370427861969243,圥忈,加班,[等级17],[粉丝团 Lv10]
2026-05-14 00:09:50,4233546532927219,🉑🈶🉑🈚,那带妹妹呗,[等级20],[粉丝团 Lv10]
2026-05-14 00:09:50,1904810708450736,不善于表达,加班,[等级11],[粉丝团 Lv1]
2026-05-14 00:09:50,1082392657011656,林北叫派大星,姜子牙牛批,[等级18],[粉丝团 Lv2]
2026-05-14 00:09:50,93014642999,🌈南山楠,就看你的,[等级11],[粉丝团 Lv10]
2026-05-14 00:09:51,97577366866,戏子,一起打,[等级32],[粉丝团 Lv5]
2026-05-14 00:09:51,71126905166,抖音小肋手,直播打,[等级10],[粉丝团 Lv10]
2026-05-14 00:09:51,94511118465,及时止损,老黑一身泡妞本事，可惜自己是个妞！！！,[等级2],
2026-05-14 00:09:52,3179403341731661,小丨生,哪有你可爱,[等级18],[粉丝团 Lv10]
2026-05-14 00:09:53,62556044936,钧澜未央,纳入后宫了哦,[等级17],[粉丝团 Lv8]
2026-05-14 00:09:53,71830617955,認生若如初見,[捂脸][捂脸][捂脸],[等级31],[粉丝团 Lv16]
2026-05-14 00:09:53,3344027376681024,追求人生,[打call][打call][打call],[等级18],[粉丝团 Lv4]
2026-05-14 00:09:53,99519056697,一二三k,要下播吗,[等级7],[粉丝团 Lv8]
2026-05-14 00:09:54,76450604824,芜湖,84消毒液,[等级4],
2026-05-14 00:09:55,98932747508,前还可修,求你了，再打一局,[等级20],
2026-05-14 00:09:55,68189106631,𝑶𝒏𝒆,你别关播啊[捂脸],[等级30],[粉丝团 Lv10]
2026-05-14 00:09:55,92441608511,小浪子,带那个妹妹,[等级29],
2026-05-14 00:09:55,67985320383,多吃碳水。,姜子牙牛逼,[等级3],
2026-05-14 00:09:55,59162977083,福元,让狙哥拉他们  你们四个打,[等级15],[粉丝团 Lv5]
2026-05-14 00:09:56,71126905166,抖音小肋手,直播打,[等级10],[粉丝团 Lv10]
2026-05-14 00:09:56,99029196184,分不清大小王女士,扑总捡大便宜了[捂脸],[等级24],[粉丝团 Lv11]
2026-05-14 00:09:57,67445998040,崽♡崽,提前关注=额外100宵夜,[等级5],[粉丝团 Lv7]
2026-05-14 00:09:57,1560954851308167,壹壹呀一一🍒,太可爱了笑死,[等级7],[粉丝团 Lv9]
2026-05-14 00:09:57,73020457364,果粒橙 ✌︎' ֊',把牛逼打在张君雅上,[等级24],
2026-05-14 00:09:57,75463265253,720,是的 很可爱,[等级21],[粉丝团 Lv2]
2026-05-14 00:09:57,5030027739,阿光,可以带84消毒液打一把,[等级19],[粉丝团 Lv11]
2026-05-14 00:09:57,2361371952155971,꧁༺๑ 安老大๑༻꧂,加班,[等级24],[粉丝团 Lv6]
2026-05-14 00:09:57,1055156394276958,尘世红颜,加班？,[等级12],[粉丝团 Lv6]
2026-05-14 00:09:58,175538554811668,花样男,键位码,[等级15],[粉丝团 Lv8]
2026-05-14 00:09:59,2894365103753384,tiger,姜子牙是谁,[等级5],
2026-05-14 00:09:59,2009563192628787,木易,再带一次,[等级10],[粉丝团 Lv8]
2026-05-14 00:09:59,81792345938,十禾,主要是不做作[看],[等级17],[粉丝团 Lv5]
2026-05-14 00:09:59,1572767392872932,一切重来,再拉打一把,[等级13],[粉丝团 Lv5]
2026-05-14 00:09:59,98127314878,艾瑞巴蒂跟我一起嗨,拉小姐姐在打,[等级25],[粉丝团 Lv11]
2026-05-14 00:09:59,461413897222492,简单/,喜欢这俩小妹妹[捂脸],[等级14],[粉丝团 Lv11]
2026-05-14 00:10:01,2532895178888260,【俩俩相忘】安静看👀🚫禁止带节奏,情绪价值拉满[呲牙],[等级9],
2026-05-14 00:10:01,71126905166,抖音小肋手,直播打,[等级10],[粉丝团 Lv10]
2026-05-14 00:10:01,140363052876195,呱呱🐸,妹子是真可爱[捂脸][捂脸][捂脸],[等级36],
2026-05-14 00:10:01,111335552426,8090在路上 󰠇,84消毒液来一把,[等级10],
2026-05-14 00:10:02,77416951506,ら孤痞,福袋还没开,[等级36],[粉丝团 Lv17]
2026-05-14 00:10:02,71467473043,….,你牛逼,[等级15],[粉丝团 Lv12]
2026-05-14 00:10:02,3918283980676119,醒目-,都死了,[等级24],
2026-05-14 00:10:02,1701698370278087,hsl,再打一把,[等级5],
2026-05-14 00:10:02,59418826694,老巫婆,提前关注=额外100宵夜,[等级33],[粉丝团 Lv14]
2026-05-14 00:10:03,65263583138,四川靓号之家,一层半是什么意思,[等级32],[粉丝团 Lv16]
2026-05-14 00:10:03,1138746778463085,石石石,拉她们吧,[等级17],[粉丝团 Lv1]
2026-05-14 00:10:03,2928696292811743,超影独行,就是   这是好爱播,[等级18],[粉丝团 Lv12]
2026-05-14 00:10:04,109348233166,乄兴源,大声密谋张君雅牛批[看][看][看],[等级29],[粉丝团 Lv14]
2026-05-14 00:10:05,88757268529,张小狮,福袋还有4分钟,[等级11],[粉丝团 Lv11]
2026-05-14 00:10:05,3632420663601888,发什么呆,姜子牙今晚真牛逼[打call],[等级8],[粉丝团 Lv10]
2026-05-14 00:10:05,654935666206359,飞黄腾达,张老黑是谁？,[等级20],
2026-05-14 00:10:05,71126905166,抖音小肋手,直播,[等级10],[粉丝团 Lv10]
2026-05-14 00:10:07,1137314775698301,じve 晨灬安╰☆╮,彩彩上,[等级10],[粉丝团 Lv4]
2026-05-14 00:10:07,101125405325,- 风遇冬辰,把84拉一起,[等级16],[粉丝团 Lv10]
2026-05-14 00:10:08,2387755862853676,@哎呦喂～,提前关注=额外100宵夜,[等级24],[粉丝团 Lv6]
2026-05-14 00:10:10,1226697722591063,余念,把这俩小姐姐带直播间来,[等级32],
2026-05-14 00:10:11,71126905166,抖音小肋手,直播,[等级10],[粉丝团 Lv10]
2026-05-14 00:10:13,1701698370278087,hsl,拉小姐姐打一把,[等级5],
2026-05-14 00:10:13,105457912449,Mr.馬,啦小姐姐,[等级11],[粉丝团 Lv11]
2026-05-14 00:10:14,95572095005,📰,拉那两个小姐姐,[等级11],
2026-05-14 00:10:14,1917169062914136,~景芃宇~,提前关注=额外100宵夜,[等级7],
2026-05-14 00:10:17,71126905166,抖音小肋手,直播,[等级10],[粉丝团 Lv10]
2026-05-14 00:10:18,844867683494035,起 点,可以,[等级28],[粉丝团 Lv8]
2026-05-14 00:10:18,95960544820,油腻大叔,扑总又喜提倆妹子[捂脸][捂脸],[等级16],[粉丝团 Lv12]
2026-05-14 00:10:18,1723660662481374,💫☘︎ ݁꙳无恙 ﻬꦿ,@大灵 猫局,[等级43],[粉丝团:张君雅 Lv9]
2026-05-14 00:10:19,95572095005,📰,打一把,[等级11],
2026-05-14 00:10:20,1917169062914136,~景芃宇~,提前关注=额外100宵夜,[等级7],
2026-05-14 00:10:22,76450604824,芜湖,84消毒液,[等级4],
2026-05-14 00:10:24,1068327325152855,菜地里的小白兔,带那两个女的,[等级12],
2026-05-14 00:10:24,62472484232,天天都想发财🧸,84,[等级16],[粉丝团 Lv6]
2026-05-14 00:10:26,102028794518,用户110524,消毒剂,[等级19],[粉丝团 Lv5]
2026-05-14 00:10:26,2475703714982648,爽宝爹,局哥的单子是不是要排队啊,[等级4],[粉丝团 Lv2]
2026-05-14 00:10:26,2401813627406455,喝了酱油耍酒疯,消毒剂,,
2026-05-14 00:10:27,60481639165,啾啾（和平精英/点陪🥣dd）,没看够,[等级35],[粉丝团 Lv10]
2026-05-14 00:10:27,92097464688,吹吹吹风,提前关注=额外100宵夜,[等级32],[粉丝团 Lv11]
2026-05-14 00:10:29,77416951506,ら孤痞,@天堂比不过家乡 是一百块,[等级36],[粉丝团 Lv17]
2026-05-14 00:10:29,80230213390,还不曾去过倒悬山,消毒什么,[等级10],
2026-05-14 00:10:30,71126905166,抖音小肋手,直播,[等级10],[粉丝团 Lv10]
2026-05-14 00:10:30,62979936380,小刁,这是谁,[等级6],[粉丝团 Lv6]
2026-05-14 00:10:31,1257437656002798,某某.,消毒剂,[等级34],[粉丝团:张君雅 Lv16]
2026-05-14 00:10:31,4233546532927219,🉑🈶🉑🈚,带妹妹呀,[等级20],[粉丝团 Lv10]
2026-05-14 00:10:34,3302574303231070,雪山之巅,两个小姐姐太可耐了，老黑就不忍心推销一下自己了。,,
2026-05-14 00:10:37,71467473043,….,84消毒机吧,[等级15],[粉丝团 Lv12]
2026-05-14 00:10:38,76450604824,芜湖,消毒液,[等级4],
2026-05-14 00:10:46,84705734855,半疯  半颠  半糊涂,提前关注=额外100宵夜,[等级12],[粉丝团 Lv10]
2026-05-14 00:10:49,1917169062914136,~景芃宇~,提前关注=额外100宵夜,[等级7],
2026-05-14 00:10:51,74273567425,妮妮,人家开了,[等级21],[粉丝团 Lv4]
2026-05-14 00:10:51,76450604824,芜湖,消毒液,[等级4],
2026-05-14 00:10:51,3377334501516344,虾仁猪心(˃ ⌑ ˂ഃ ),哈哈哈,[等级19],[粉丝团 Lv5]
2026-05-14 00:10:53,1825624754237672,初七,笑死了,[等级13],[粉丝团 Lv6]
2026-05-14 00:10:59,77234182341,小星星✰,点最近啊,[等级10],
2026-05-14 00:11:02,2305045017404024,🌈🌈是思吖,最近组队,[等级15],[粉丝团 Lv3]
2026-05-14 00:11:02,1917169062914136,~景芃宇~,提前关注=额外100宵夜,[等级7],
2026-05-14 00:11:02,292887482075868,一叶知秋,姜子牙最后一把狙爽了,[等级4],[粉丝团 Lv1]
2026-05-14 00:11:03,95572095005,📰,刚刚那两个,[等级11],
2026-05-14 00:11:04,52495544292,玩了个寂寞,[捂脸][捂脸][捂脸][捂脸],[等级16],[粉丝团 Lv5]
2026-05-14 00:11:05,1407848110886224,鑫鑫,还要加班吗,[等级9],[粉丝团 Lv4]
2026-05-14 00:11:05,98869117226,不惑于廿二_,那里不准  有时候没空闲，它也显示,[等级18],
2026-05-14 00:11:05,77234182341,小星星✰,点最近就有了,[等级10],
2026-05-14 00:11:06,92166142260,桃桃桃桃桃桃桃,84消毒液是谁呀,[等级10],[粉丝团 Lv4]
2026-05-14 00:11:06,609609669943083,想暴涨50斤,提前关注=额外100宵夜,[等级9],[粉丝团 Lv9]
2026-05-14 00:11:11,2234682707544967,子一,已经开了，游戏中,[等级29],[粉丝团:张君雅 Lv15]
2026-05-14 00:11:11,94511118465,及时止损,老黑喜欢女的！！！,[等级2],
2026-05-14 00:11:12,54243805669,小琪琪,提前关注=额外100宵夜,[等级16],[粉丝团 Lv6]
2026-05-14 00:11:12,74273567425,妮妮,人家开了，申请进不去,[等级21],[粉丝团 Lv4]
2026-05-14 00:11:13,104929377161,大爷,带那两个妹妹呀,[等级17],[粉丝团 Lv5]
2026-05-14 00:11:17,1917169062914136,~景芃宇~,提前关注=额外100宵夜,[等级7],
2026-05-14 00:11:17,3344027376681024,追求人生,来一把[捂脸],[等级18],[粉丝团 Lv4]
2026-05-14 00:11:19,1080156700017923,染⒈⒐,可能开了,[等级11],[粉丝团 Lv11]
2026-05-14 00:11:22,77234182341,小星星✰,点最近,[等级10],
2026-05-14 00:11:22,1504599094076987,En,可能正在玩,[等级25],[粉丝团 Lv10]
2026-05-14 00:11:24,1917169062914136,~景芃宇~,提前关注=额外100宵夜,[等级7],
2026-05-14 00:11:24,3003457140175947,修行~,妹妹呢,[等级21],
2026-05-14 00:11:24,97471342084,大道至简.,好像有个拼音,[等级31],
2026-05-14 00:11:26,74273567425,妮妮,人家开了,[等级21],[粉丝团 Lv4]
2026-05-14 00:11:26,3377334501516344,虾仁猪心(˃ ⌑ ˂ഃ ),上一局的小姐姐,[等级19],[粉丝团 Lv5]
2026-05-14 00:11:28,84705734855,半疯  半颠  半糊涂,提前关注=额外100宵夜,[等级12],[粉丝团 Lv10]
2026-05-14 00:11:31,101125405325,- 风遇冬辰,人家已经开了吧,[等级16],[粉丝团 Lv10]
2026-05-14 00:11:32,95572095005,📰,带那两个,[等级11],
2026-05-14 00:11:32,62642627846,鹿茸,开了吧,[等级11],[粉丝团 Lv9]
2026-05-14 00:11:32,909994527827448,UU,人家已经开啦,[等级18],[粉丝团 Lv13]
2026-05-14 00:11:34,71322126859,@玉墨󰠇,提前关注=额外100宵夜,[等级16],[粉丝团 Lv3]
2026-05-14 00:11:34,96035345005,夏春明,错过上电视机会,[等级13],[粉丝团 Lv1]
2026-05-14 00:11:34,2386378385529776,ღ 念池鱼,应该上洗手间了,[等级16],[粉丝团 Lv1]
2026-05-14 00:11:35,108009241055,修哥哥,历史记录,[等级11],[粉丝团 Lv5]
2026-05-14 00:11:35,111244018666,一年四季,提前关注=额外100宵夜,[等级3],
2026-05-14 00:11:35,2013904131865485,会预言的猫,刚才两个妹妹呢,[等级22],[粉丝团 Lv11]
2026-05-14 00:11:36,84705734855,半疯  半颠  半糊涂,提前关注=额外100宵夜,[等级12],[粉丝团 Lv10]
2026-05-14 00:11:37,96358305527,🥨🥨,吃个宵夜,,
2026-05-14 00:11:37,99426645805,熊猫🐻大队长,我点啦,[等级35],[粉丝团 Lv4]
2026-05-14 00:11:40,54922049782,芝华仕·格调家居,提前关注=额外100宵夜,[等级6],[粉丝团 Lv7]
2026-05-14 00:11:40,61347306339,Asshole,提前关注=额外100宵夜,[等级21],
2026-05-14 00:11:40,2201681527052816,老钱啊,提前关注=额外100宵夜,[等级27],[粉丝团 Lv2]
2026-05-14 00:11:41,77234182341,小星星✰,点最近组队,[等级10],
2026-05-14 00:11:41,83842821625,M̶r̶-̶北̶筏̶,84消毒剂不就是最后那个人？,[等级26],[粉丝团 Lv9]
2026-05-14 00:11:42,96948302829,A沉默🎒,再来一把,[等级15],[粉丝团 Lv2]
2026-05-14 00:11:42,84705734855,半疯  半颠  半糊涂,提前关注=额外100宵夜,[等级12],[粉丝团 Lv10]
2026-05-14 00:11:44,2330588968395416,贝塔β,84消毒是最后拼锅的那个吗,[等级25],[粉丝团 Lv14]
2026-05-14 00:11:44,60627504900,雪碧吖🌓,君雅这里有回放看吗？,[等级29],[粉丝团 Lv5]
2026-05-14 00:11:46,105356771703,㜂孞,上局的,[等级24],
2026-05-14 00:11:46,1019998160576013,小苗,消毒液吧,[等级10],
2026-05-14 00:11:46,99519056697,一二三k,玉玉了,[等级7],[粉丝团 Lv8]
2026-05-14 00:11:47,1701698370278087,hsl,带妹妹,[等级5],
2026-05-14 00:11:49,2925129054296436,一人独饮,再找两个老妹玩一把,[等级21],[粉丝团 Lv9]
2026-05-14 00:11:52,3529880402934572,康忙北鼻,声音呢？,[等级9],
2026-05-14 00:11:52,102718285717,子宸（地铁逃生）,又生了,[等级15],[粉丝团 Lv10]
2026-05-14 00:11:53,84705734855,半疯  半颠  半糊涂,提前关注=额外100宵夜,[等级12],[粉丝团 Lv10]
2026-05-14 00:11:53,69705935782,生活也是一种修行°C ⁸⁰⁰⁸,加了,[等级18],[粉丝团 Lv9]
2026-05-14 00:11:53,99303466159,诀爱,加班了？,[等级13],[粉丝团 Lv6]
2026-05-14 00:11:53,66377808923,倩,猫局  大直男,[等级19],[粉丝团 Lv10]
2026-05-14 00:11:55,86300836077,brave,提前关注=额外100宵夜,[等级17],
2026-05-14 00:11:55,1504599094076987,En,错过错过,[等级25],[粉丝团 Lv10]
2026-05-14 00:11:55,70934869790,♋後&岑♋,提前关注=额外100宵夜,[等级47],[粉丝团 Lv11]
2026-05-14 00:11:56,77057572577,无人问及,今天没有到点下班？,[等级17],[粉丝团 Lv10]
2026-05-14 00:11:56,3302574303231070,雪山之巅,去抖音搜张老黑去了。[呲牙][呲牙][呲牙],,
2026-05-14 00:11:56,175538554811668,花样男,键位码,[等级15],[粉丝团 Lv8]
2026-05-14 00:11:57,96996619230,顺风顺水！,加班了？,[等级12],[粉丝团 Lv11]
2026-05-14 00:11:57,1257437656002798,某某.,就这样安慰自己,[等级34],[粉丝团:张君雅 Lv16]
2026-05-14 00:11:58,3087877392835454,🌈过客梁,@M̶r̶-̶北̶筏̶ 对的,[等级14],
2026-05-14 00:11:59,7615988333545931813,ik-🦋,是最后那个妹子吗,,
2026-05-14 00:11:59,94498366562,晓畔,666,[等级14],
2026-05-14 00:11:59,564474381615296,楠得心动🍃,太可惜了,[等级6],[粉丝团 Lv9]
2026-05-14 00:12:00,84705734855,半疯  半颠  半糊涂,提前关注=额外100宵夜,[等级12],[粉丝团 Lv10]
2026-05-14 00:12:01,4233546532927219,🉑🈶🉑🈚,别啊，等等啊,[等级20],[粉丝团 Lv10]
2026-05-14 00:12:02,1798455941401880,了乌庐,雅马哈返场了吗[呲牙][呲牙],[等级32],[粉丝团 Lv13]
2026-05-14 00:12:03,1640915328581005,久伴必受伤害,生了？,[等级36],[粉丝团 Lv13]
2026-05-14 00:12:03,3701379135715724,🌈米米米,妹妹来了,[等级9],[粉丝团 Lv2]
2026-05-14 00:12:03,108009241055,修哥哥,菜菜,[等级11],[粉丝团 Lv5]
2026-05-14 00:12:03,66000111942,東,延迟,[等级6],[粉丝团 Lv2]
2026-05-14 00:12:03,4047776815789689,糖醋茄子,？？？,[等级4],[粉丝团 Lv7]
2026-05-14 00:12:04,3013139552021534,🦁🖤,不可以（絲,[等级32],[粉丝团:张君雅 Lv16]
2026-05-14 00:12:05,103918155604,一城,提前关注=额外100宵夜,[等级23],[粉丝团 Lv15]
2026-05-14 00:12:05,1662051786969704,莫问前程,提前关注=额外100宵夜,[等级25],[粉丝团 Lv5]
2026-05-14 00:12:06,94498366562,晓畔,张君雅牛逼,[等级14],
2026-05-14 00:12:06,109876312721,吥悳,看你,[等级24],[粉丝团 Lv10]
2026-05-14 00:12:07,84705734855,半疯  半颠  半糊涂,提前关注=额外100宵夜,[等级12],[粉丝团 Lv10]
2026-05-14 00:12:08,446867679222489,美兰罗驰百货,带刚刚那两个妹子打,[等级1],
2026-05-14 00:12:09,2925129054296436,一人独饮,再找两个老妹玩一把,[等级21],[粉丝团 Lv9]
2026-05-14 00:12:10,3927900973704939,无相,别呀,[等级4],
2026-05-14 00:12:10,3192601571760343,㫪九,不要不要,[等级24],[粉丝团 Lv7]
2026-05-14 00:12:10,96358305527,🥨🥨,吃个宵夜,,
2026-05-14 00:12:11,84705734855,半疯  半颠  半糊涂,提前关注=额外100宵夜,[等级12],[粉丝团 Lv10]
2026-05-14 00:12:13,109876312721,吥悳,别关,[等级24],[粉丝团 Lv10]
2026-05-14 00:12:14,98368806608,火星哥,喊那两个小姐姐关注你,[等级20],[粉丝团 Lv10]
2026-05-14 00:12:14,1904810708450736,不善于表达,加班,[等级11],[粉丝团 Lv1]
2026-05-14 00:12:15,1709115167487976,流逝的记忆（关注立即回关）,必须加班,[等级29],[粉丝团 Lv15]
2026-05-14 00:12:15,1917169062914136,~景芃宇~,提前关注=额外100宵夜,[等级7],
2026-05-14 00:12:16,2532895178888260,【俩俩相忘】安静看👀🚫禁止带节奏,[666][666][666][666][666],[等级9],
2026-05-14 00:12:16,66429338186,っ一枚猫奴,延迟没开,[等级8],[粉丝团 Lv2]
2026-05-14 00:12:16,4233577416884612,搞💰钱,刚才看的我热血沸腾,[等级31],
2026-05-14 00:12:18,270948762917427,宸,再播一会啊,[等级5],[粉丝团 Lv8]
2026-05-14 00:12:18,96358305527,🥨🥨,中宵夜,,
2026-05-14 00:12:18,64352008185,林较瘦,？？？,[等级12],[粉丝团 Lv5]
2026-05-14 00:12:18,1371786717439472,铁锅dun大eee,？,[等级13],[粉丝团 Lv3]
2026-05-14 00:12:20,2274249660963117,小菜鸡,猫局没有要上车的嘛,[等级7],[粉丝团 Lv8]
2026-05-14 00:12:20,63727953176,辞冬序,中中中中中中中,[等级21],[粉丝团 Lv10]
2026-05-14 00:12:20,83842821625,M̶r̶-̶北̶筏̶,应该是拼锅那个,[等级26],[粉丝团 Lv9]
2026-05-14 00:12:20,62734391135,涂涂姐、🍻,想看你的视角噢,[等级6],[粉丝团 Lv9]
2026-05-14 00:12:21,111007266356,🔱守望w,是的，拼锅那个,[等级29],[粉丝团 Lv15]
2026-05-14 00:12:21,62586327039,🌈陌路,打完这一局再下播呗,[等级12],[粉丝团 Lv7]
2026-05-14 00:12:22,88757268529,张小狮,我中了福袋就去局哥那,[等级11],[粉丝团 Lv11]
2026-05-14 00:12:22,2330588968395416,贝塔β,晚安,[等级25],[粉丝团 Lv14]
2026-05-14 00:12:22,1917169062914136,~景芃宇~,提前关注=额外100宵夜,[等级7],
2026-05-14 00:12:23,102718285717,子宸（地铁逃生）,甩流量了[看],[等级15],[粉丝团 Lv10]
2026-05-14 00:12:24,85348072672,好哇塞(✪▽✪),退吧 别玩了[捂脸][捂脸][捂脸],[等级15],[粉丝团 Lv1]
2026-05-14 00:12:25,7507305275298464828,XY,打完这把在下,,
2026-05-14 00:12:25,4454841034745860,何其多余,[捂脸],[等级5],
2026-05-14 00:12:27,75880678230,Pamda,提前关注=额外100宵夜,[等级11],[粉丝团 Lv5]
2026-05-14 00:12:27,62586327039,🌈陌路,打完这一局再下播呗,[等级12],[粉丝团 Lv7]
2026-05-14 00:12:27,67535712021,如何采摘大勋花？,直播间下班了，人不下班,[等级9],[粉丝团 Lv10]
2026-05-14 00:12:28,71126905166,抖音小肋手,直播打完,[等级11],[粉丝团 Lv10]
2026-05-14 00:12:28,1793999101495223,A·,加班到几点,[等级2],
2026-05-14 00:12:28,99519056697,一二三k,别关吧,[等级7],[粉丝团 Lv8]
2026-05-14 00:12:28,99303466159,诀爱,为啥不能开着直播,[等级13],[粉丝团 Lv6]
2026-05-14 00:12:28,102764505717,🌈🌈98982620🌈🌈,这局打完下播,[等级30],
2026-05-14 00:12:28,96499564161,孞仰,独宠,[等级7],[粉丝团 Lv15]
2026-05-14 00:12:30,71816349229,海蓝时现鲸,凑够20分钟吧老白,[等级19],[粉丝团 Lv8]
2026-05-14 00:12:30,1917169062914136,~景芃宇~,提前关注=额外100宵夜,[等级7],
2026-05-14 00:12:31,354463431796395,🌴悠然👀蓝山          🐜,1,[等级13],[粉丝团 Lv9]
2026-05-14 00:12:32,60627504900,雪碧吖🌓,君雅有回放可以看吗？,[等级29],[粉丝团 Lv5]
2026-05-14 00:12:32,1709115167487976,流逝的记忆（关注立即回关）,加班加班加班加班加班加班加班加班加班加班加班加班加班加班加班加班加班加班加班加班加班加班加班加班加班,[等级29],[粉丝团 Lv15]
2026-05-14 00:12:33,71418409421,毛豆花卷儿,今天被妹妹,[等级18],[粉丝团 Lv8]
2026-05-14 00:12:34,4503658257446344,🥐cornetto,下次快下班了发个大红包卡老黑下班,[等级41],[粉丝团 Lv6]
2026-05-14 00:12:34,1464200438758286,龙城老烟枪,姜子牙牛逼,[等级23],[粉丝团 Lv6]
2026-05-14 00:12:37,292887482075868,一叶知秋,还不如带两个妹妹一把,[等级4],[粉丝团 Lv1]
2026-05-14 00:12:38,61940330496,🕤,提前关注=额外100宵夜,,
2026-05-14 00:12:38,354463431796395,🌴悠然👀蓝山          🐜,2,[等级13],[粉丝团 Lv9]
2026-05-14 00:12:38,63160741680,人君,提前关注=额外100宵夜,[等级24],[粉丝团 Lv2]
2026-05-14 00:12:39,1917169062914136,~景芃宇~,提前关注=额外100宵夜,[等级7],
2026-05-14 00:12:41,2102716701084295,Oh,加班啦,[等级25],[粉丝团 Lv10]
2026-05-14 00:12:42,93014642999,🌈南山楠,打完这把下,[等级11],[粉丝团 Lv10]
2026-05-14 00:12:44,71418409421,毛豆花卷儿,被妹妹夸美了，居然加班了,[等级18],[粉丝团 Lv8]
2026-05-14 00:12:46,1825624754237672,初七,偷偷加班,[等级13],[粉丝团 Lv6]
2026-05-14 00:12:48,471041121730039,Tan,84消毒剂是谁,[等级21],[粉丝团 Lv10]
2026-05-14 00:12:50,96948302829,A沉默🎒,加班,[等级15],[粉丝团 Lv2]
2026-05-14 00:12:51,84705734855,半疯  半颠  半糊涂,提前关注=额外100宵夜,[等级12],[粉丝团 Lv10]
2026-05-14 00:12:52,2031550493895928,🌈穷在闹市无人问，富在深山有远亲。🚩,不是给局哥甩人吗,[等级7],[粉丝团 Lv8]
2026-05-14 00:12:52,71816349229,海蓝时现鲸,凑够20分钟吧老白,[等级19],[粉丝团 Lv8]
2026-05-14 00:12:52,104713691535,ZL,打完吧  来都来了,[等级15],[粉丝团 Lv2]
2026-05-14 00:12:52,3013139552021534,🦁🖤,麻麻 別走（絲,[等级32],[粉丝团:张君雅 Lv16]
2026-05-14 00:12:52,2189826764051944,岱蔻年華,中[比心],[等级24],[粉丝团 Lv14]
2026-05-14 00:12:53,1709115167487976,流逝的记忆（关注立即回关）,加班加班加班加班加班加班加班加班加班加班加班加班加班加班加班加班加班加班加班加班加班加班加班加班加班,[等级29],[粉丝团 Lv15]
2026-05-14 00:12:54,4233546532927219,🉑🈶🉑🈚,哎呀，我要妹妹,[等级20],[粉丝团 Lv10]
2026-05-14 00:12:54,84705734855,半疯  半颠  半糊涂,提前关注=额外100宵夜,[等级12],[粉丝团 Lv10]
2026-05-14 00:12:55,1917169062914136,~景芃宇~,提前关注=额外100宵夜,[等级7],
2026-05-14 00:12:56,270948762917427,宸,打完这一把嘛,[等级5],[粉丝团 Lv8]
2026-05-14 00:12:57,69103867934,嘜瀦,……,[等级16],[粉丝团 Lv6]
2026-05-14 00:12:58,1377023366793294,2号男技师,游戏打完再下,[等级15],[粉丝团 Lv4]
2026-05-14 00:12:58,101795391933,坦然面对,提前关注=额外100宵夜,[等级18],[粉丝团 Lv2]
2026-05-14 00:12:59,84705734855,半疯  半颠  半糊涂,提前关注=额外100宵夜,[等级12],[粉丝团 Lv10]
2026-05-14 00:12:59,96104551999,这小子😊,提前关注=额外100宵夜,[等级18],[粉丝团 Lv11]
2026-05-14 00:12:59,3043867039119540,🌈手🌈雷🌈拌🌈饭🌈,提前关注=额外100宵夜,[等级20],[粉丝团 Lv3]
2026-05-14 00:13:00,1917169062914136,~景芃宇~,提前关注=额外100宵夜,[等级7],
2026-05-14 00:13:00,93576336740,南书,有窥屏仔,[等级4],[粉丝团 Lv4]
2026-05-14 00:13:01,68909828457,看戏不入戏丶,姜子牙牛逼,[等级19],[粉丝团 Lv7]
2026-05-14 00:13:01,104642262375,洛洛丫头,猫局？,[等级7],
2026-05-14 00:13:01,4257788238762407,不过人间,卡了吗,[等级7],
2026-05-14 00:13:02,71126905166,抖音小肋手,直播打完吧,[等级11],[粉丝团 Lv10]
2026-05-14 00:13:03,7541605761006470204,糯儿,宝贝 这把打完再下吧,,
2026-05-14 00:13:03,96358305527,🥨🥨,中夜宵,,
2026-05-14 00:13:05,76440545396,🌈 三毛1234567,你有什么面子,[等级16],[粉丝团 Lv10]
2026-05-14 00:13:05,330270602715293,牵妹妹的爪爪,提前关注=额外100宵夜,[等级19],[粉丝团 Lv1]
2026-05-14 00:13:06,1701698370278087,hsl,带两个妹妹啊,[等级5],
2026-05-14 00:13:07,2581242948361592,魂殇,加班,[等级26],[粉丝团 Lv12]
2026-05-14 00:13:07,1055168895911671,黑礼服🐸,怎么加班了,[等级28],[粉丝团 Lv12]
2026-05-14 00:13:07,96589384650,回😘忆🐷,给爱播 点一百赞 别关,[等级9],[粉丝团 Lv10]
2026-05-14 00:13:09,2638447444242488,好运时间,[666][666][666],[等级12],[粉丝团 Lv5]
2026-05-14 00:13:09,1917169062914136,~景芃宇~,提前关注=额外100宵夜,[等级7],
2026-05-14 00:13:09,98932747508,前还可修,这个黄金框是怎么来的,[等级20],
2026-05-14 00:13:10,7465029989924209724,7,这把打完下,[等级9],[粉丝团 Lv5]
2026-05-14 00:13:10,96358305527,🥨🥨,吃个宵夜,,
2026-05-14 00:13:12,1864375673819964,@﹌自由_,对，这把打完,[等级27],[粉丝团 Lv3]
2026-05-14 00:13:12,175538554811668,花样男,键位码,[等级15],[粉丝团 Lv8]
2026-05-14 00:13:12,206319312452301,爱一,两个大炮卡卡乱杀太爽了,[等级13],[粉丝团 Lv9]
2026-05-14 00:13:13,103492513842,⫍ ⃢👁ܫ👁⃢ ⫎,人物名字那个框框是什么啊,[等级9],[粉丝团 Lv2]
2026-05-14 00:13:13,4400711738863848,相伴$不$将就,一把20分钟，真牛批[比心],[等级23],[粉丝团 Lv2]
2026-05-14 00:13:15,1847600444872948,七月,[打call][打call],[等级7],[粉丝团 Lv9]
2026-05-14 00:13:15,2897926735010083,咪有,[互粉],[等级7],[粉丝团 Lv7]
2026-05-14 00:13:15,67710189984,哈哈哈哈哈哈哈哈😂,提前关注=额外100宵夜,[等级38],[粉丝团 Lv4]
2026-05-14 00:13:17,4457647823,🍀落幕（情感语录）,中,[等级11],
2026-05-14 00:13:17,2330588968395416,贝塔β,一生要面子的张君雅[捂脸],[等级25],[粉丝团 Lv14]
2026-05-14 00:13:17,92902288674,Record💕,加班加班,[等级20],[粉丝团 Lv6]
2026-05-14 00:13:18,88757268529,张小狮,上一把输掉的那个妹妹,[等级11],[粉丝团 Lv11]
2026-05-14 00:13:18,96358305527,🥨🥨,宵夜,,
2026-05-14 00:13:19,1917169062914136,~景芃宇~,提前关注=额外100宵夜,[等级7],
2026-05-14 00:13:19,2524116064149207,感谢父母恩,1万多人还不到60万赞[捂脸][捂脸],[等级36],[粉丝团 Lv3]
2026-05-14 00:13:20,2189826764051944,岱蔻年華,用张老黑单身20年换中福袋,[等级24],[粉丝团 Lv14]
2026-05-14 00:13:21,4295115881845472,乘风破浪🏄‍♂️,去猫局直播间看,[等级18],
2026-05-14 00:13:22,86588388692,H·Mar³⁰ Ari,今天碰到你们了，十点左右在监狱上面我们队伍第二你们队第一,[等级24],
2026-05-14 00:13:23,1904810708450736,不善于表达,打完再下,[等级11],[粉丝团 Lv1]
2026-05-14 00:13:23,7541605761006470204,糯儿,这把打完再下,,
2026-05-14 00:13:23,4196193919312270,阿云☁️,打完这把再下,[等级11],[粉丝团 Lv7]
2026-05-14 00:13:24,3377334501516344,虾仁猪心(˃ ⌑ ˂ഃ ),朋友们视频在哪看呀[流泪],[等级19],[粉丝团 Lv5]
2026-05-14 00:13:26,1917169062914136,~景芃宇~,提前关注=额外100宵夜,[等级7],
2026-05-14 00:13:26,1631276520974334,杨云波,[赞],[等级8],
2026-05-14 00:13:26,93150427127,后来烟雨皆散尽,爱扑没在线,[等级26],[粉丝团 Lv15]
2026-05-14 00:13:26,270948762917427,宸,播完这把,[等级5],[粉丝团 Lv8]
2026-05-14 00:13:27,1259364523448220,狒狒躺赢纪,[捂脸][捂脸][捂脸],[等级18],[粉丝团 Lv4]
2026-05-14 00:13:28,100673708697,嘻嘻笑嘻嘻,今天咋还在,[等级10],[粉丝团 Lv10]
2026-05-14 00:13:28,83381248191,旭龙微挖租赁,。。。,[等级23],
2026-05-14 00:13:28,4196193919312270,阿云☁️,打完这把再下,[等级11],[粉丝团 Lv7]
2026-05-14 00:13:28,2013921850951495,幔牛🐮,卡了吗[捂脸],[等级2],[粉丝团 Lv2]
2026-05-14 00:13:30,92990809474,憱此莂鐹,提前关注=额外100宵夜,[等级20],[粉丝团 Lv1]
2026-05-14 00:13:30,2537315597563134,烽行天下,怎么加班啦？,[等级12],[粉丝团 Lv3]
2026-05-14 00:13:30,93014642999,🌈南山楠,想看第一视角[捂脸],[等级11],[粉丝团 Lv10]
2026-05-14 00:13:32,111335552426,8090在路上 󰠇,打完这把再下播啊,[等级10],
2026-05-14 00:13:32,2031550493895928,🌈穷在闹市无人问，富在深山有远亲。🚩,你下播吧,[等级7],[粉丝团 Lv8]
2026-05-14 00:13:34,94278077875,浪荡的心情。,提前关注=额外100宵夜,[等级18],[粉丝团 Lv12]
2026-05-14 00:13:36,1398192854808019,凡间闲逛者,提前关注=额外100宵夜,[等级37],[粉丝团 Lv6]
2026-05-14 00:13:36,4196193919312270,阿云☁️,打完这把再下,[等级11],[粉丝团 Lv7]
2026-05-14 00:13:36,3003457140175947,修行~,不看，我就乐意看你,[等级21],
2026-05-14 00:13:37,108788876398,龍小兜,饮水思源[赞][赞],[等级22],[粉丝团 Lv3]
2026-05-14 00:13:37,99187802242,刚子哥,好,[等级23],[粉丝团 Lv9]
2026-05-14 00:13:38,4457647823,🍀落幕（情感语录）,中中中中中中中中中,[等级11],
2026-05-14 00:13:38,92902288674,Record💕,[捂脸][捂脸][捂脸],[等级20],[粉丝团 Lv6]
2026-05-14 00:13:39,2356998045179133,Admirar,哪个抖音啊,[等级1],
2026-05-14 00:13:39,4862013350589,厉扑,心疼了吧,[等级21],[粉丝团 Lv11]
2026-05-14 00:13:39,1825624754237672,初七,[捂脸],[等级13],[粉丝团 Lv6]
2026-05-14 00:13:39,46647388407515,不…晚…,[捂脸][捂脸][捂脸],,
2026-05-14 00:13:39,52495544292,玩了个寂寞,[捂脸][捂脸][捂脸],[等级16],[粉丝团 Lv5]
2026-05-14 00:13:40,102718285717,子宸（地铁逃生）,？,[等级15],[粉丝团 Lv10]
2026-05-14 00:13:40,61835779108,二毛,[捂脸][捂脸],[等级32],[粉丝团 Lv15]
2026-05-14 00:13:40,106028942886,肆🌒月,[捂脸][捂脸],[等级29],[粉丝团 Lv11]
2026-05-14 00:13:41,92461848227,煜,哈哈哈哈哈哈哈,[等级13],[粉丝团 Lv11]
2026-05-14 00:13:41,1257437656002798,某某.,笑死我了,[等级34],[粉丝团:张君雅 Lv16]
2026-05-14 00:13:41,94466092922,强哥很努力吖！,666,[等级15],
2026-05-14 00:13:42,105457912449,Mr.馬,[捂脸][捂脸][捂脸][捂脸][捂脸],[等级11],[粉丝团 Lv11]
2026-05-14 00:13:42,3043915806292507,小小～往事湖,哈哈,[等级34],
2026-05-14 00:13:42,78016969370,未知。。。,[捂脸][捂脸][捂脸],[等级15],[粉丝团 Lv8]
2026-05-14 00:13:42,93787904657,老哥,[捂脸][捂脸],[等级23],[粉丝团 Lv12]
2026-05-14 00:13:42,91621209670,CC –7,[捂脸][捂脸][捂脸],[等级11],[粉丝团 Lv6]
2026-05-14 00:13:42,66377808923,倩,哈哈哈哈,[等级19],[粉丝团 Lv10]
2026-05-14 00:13:42,99917940852,在冰岛炸薯条,求直播指路,[等级8],
2026-05-14 00:13:42,105392418367,TB12,[捂脸][捂脸][捂脸][捂脸],[等级24],[粉丝团 Lv15]
2026-05-14 00:13:42,4295115881845472,乘风破浪🏄‍♂️,[捂脸][捂脸][捂脸][捂脸],[等级18],
2026-05-14 00:13:43,101977093012,橘子皮,[捂脸][捂脸][捂脸][捂脸][捂脸],[等级35],
2026-05-14 00:13:43,63607930461,木子🫧,哈哈,[等级31],[粉丝团 Lv7]
2026-05-14 00:13:44,3406705907740807,何爱华（承蒙厚爱）,哈哈哈哈哈[捂脸][捂脸][捂脸],[等级22],[粉丝团 Lv12]
2026-05-14 00:13:44,75463265253,720,哈哈哈哈哈哈哈,[等级21],[粉丝团 Lv2]
2026-05-14 00:13:44,2831963117862039,悲伤的火鸡面,[捂脸][捂脸],[等级13],[粉丝团 Lv10]
2026-05-14 00:13:44,83716763206,奥德彪就爱飙,[捂脸][捂脸][捂脸][捂脸],[等级34],[粉丝团 Lv3]
2026-05-14 00:13:44,86755829213,小美吃喝玩乐,哈哈哈,[等级6],[粉丝团 Lv8]
2026-05-14 00:13:44,96882192795,楚门,[泣不成声][泣不成声][泣不成声][泣不成声][泣不成声][泣不成声][泣不成声][泣不成声][泣不成声],[等级9],[粉丝团 Lv3]
2026-05-14 00:13:44,100056462711,是玲玲吖丶ᥫᩣ,[抠鼻][抠鼻][抠鼻][抠鼻][抠鼻],[等级29],[粉丝团 Lv8]
2026-05-14 00:13:45,88240691537,奔跑的蜗牛,[捂脸],[等级22],[粉丝团 Lv13]
2026-05-14 00:13:45,1816866635650600,暮色,[捂脸][捂脸][捂脸][捂脸][捂脸][捂脸],[等级25],[粉丝团 Lv13]
2026-05-14 00:13:45,96471514187,小兮兮,[捂脸][捂脸][捂脸],[等级10],[粉丝团 Lv5]
2026-05-14 00:13:46,4457647823,🍀落幕（情感语录）,中中中中中中中中中,[等级11],
2026-05-14 00:13:46,2386378385529776,ღ 念池鱼,斗地主还要输给我,[等级16],[粉丝团 Lv1]
2026-05-14 00:13:46,71830617955,認生若如初見,[捂脸][捂脸][捂脸],[等级31],[粉丝团 Lv16]
2026-05-14 00:13:46,1825624754237672,初七,好狠啊,[等级13],[粉丝团 Lv6]
2026-05-14 00:13:46,99303466159,诀爱,哈哈哈哈好心酸,[等级13],[粉丝团 Lv6]
2026-05-14 00:13:46,1068327325152855,菜地里的小白兔,哈哈哈哈哈,[等级12],
2026-05-14 00:13:46,1560954851308167,壹壹呀一一🍒,哈哈哈哈哈哈哈哈哈哈哈哈,[等级7],[粉丝团 Lv9]
2026-05-14 00:13:47,104826304605,㞮孞,这个我能中码,[等级15],[粉丝团 Lv6]
2026-05-14 00:13:48,1341059843757268,Vincent,[捂脸][捂脸],[等级37],[粉丝团 Lv14]
2026-05-14 00:13:48,2475703714982648,爽宝爹,局哥好人,[等级4],[粉丝团 Lv2]
2026-05-14 00:13:48,2255824722339992,本艾🫧ᐝ、,[捂脸]还要陪斗地主,[等级17],[粉丝团 Lv10]
2026-05-14 00:13:48,690948260241671,真诚123,[捂脸][捂脸][捂脸],[等级3],[粉丝团 Lv1]
2026-05-14 00:13:48,65556634825,轩,提前关注=额外100宵夜,[等级37],[粉丝团 Lv2]
2026-05-14 00:13:48,1676117876942583,土豆ㅤ,嚯哈哈哈哈哈,[等级29],[粉丝团 Lv9]
2026-05-14 00:13:49,800094222813292,差生没文具,你还笑着说[看][看],[等级21],[粉丝团 Lv12]
2026-05-14 00:13:49,2392141676685102,Z z z.,太惨了,,
2026-05-14 00:13:49,782461558602846,孬,跟老黑混，一天饿九顿[看],[等级13],[粉丝团 Lv11]
2026-05-14 00:13:49,92446595196,ꪖꪀᧁꫀꪶ⁵²⁰,你也太黑了,[等级8],
2026-05-14 00:13:50,1082392657011656,林北叫派大星,这么惨的嘛,[等级18],[粉丝团 Lv2]
2026-05-14 00:13:50,7465029989924209724,7,去看猫局,[等级9],[粉丝团 Lv5]
2026-05-14 00:13:50,70492044030,紫痕9099,跟着俊雅混三天饿九顿,[等级15],[粉丝团 Lv13]
2026-05-14 00:13:51,4475458192938265,菜圆vs万柳柳打得有来有回,[捂脸],[等级21],[粉丝团 Lv12]
2026-05-14 00:13:51,1701698370278087,hsl,你俩在家斗地主？,[等级5],
2026-05-14 00:13:51,1739850349293659,fc,真黑,[等级1],
2026-05-14 00:13:52,7612951911537198138,一条锦鲤游啊游～,[捂脸][捂脸][捂脸],[等级6],[粉丝团 Lv1]
2026-05-14 00:13:52,80744237861,无妄生欢,自己都听不下去了[捂脸][捂脸],[等级15],[粉丝团 Lv1]
2026-05-14 00:13:53,66624217824,᭄自由ঞৣঁ如风᭄🍻,哈哈哈,[等级14],[粉丝团 Lv6]
2026-05-14 00:13:53,52190158005,伟子哥,哈哈哈😁,[等级6],[粉丝团 Lv8]
2026-05-14 00:13:54,93014614677,爱恨～爱痕,女粉想看帅哥，带两帅哥也好,[等级17],[粉丝团 Lv11]
2026-05-14 00:13:54,97600631186,Zik-,破福袋,[等级17],[粉丝团 Lv9]
2026-05-14 00:13:54,4390789759635656,广子,鼻涕笑出来了,,
2026-05-14 00:13:54,105720953803,我的猴猴啊,破福袋,[等级14],[粉丝团 Lv9]
2026-05-14 00:13:54,109756665406,ᑮéиg宝🧸ོ,好可怜[捂脸][捂脸],[等级29],[粉丝团 Lv12]
2026-05-14 00:13:55,4494404333607655,深渊,局哥跟你混，三天饿九顿,[等级22],[粉丝团 Lv7]
2026-05-14 00:13:55,104433614986,讷,不是说找你打麻将吗？,[等级22],[粉丝团 Lv12]
2026-05-14 00:13:56,52495544292,玩了个寂寞,不行给他一次吧[捂脸],[等级16],[粉丝团 Lv5]
2026-05-14 00:13:56,73625830353,S ฅฅ*³,谁让你又吃又拿,[等级22],[粉丝团 Lv12]
2026-05-14 00:13:56,57138963899,皮蛋睡不醒,怎么加班了！,[等级15],[粉丝团 Lv10]
2026-05-14 00:13:57,92446595196,ꪖꪀᧁꫀꪶ⁵²⁰,白打工,[等级8],
2026-05-14 00:13:57,2320433050813466,极客前沿小雪花,好意思,[等级11],[粉丝团 Lv6]
2026-05-14 00:13:57,64059439913,咖啡不要糖,你也下的去手,[等级19],
2026-05-14 00:13:58,71467473043,….,不用心疼他,[等级15],[粉丝团 Lv12]
2026-05-14 00:13:58,96474563060,锐🤟⁵¹²⁶,卡,[等级16],[粉丝团 Lv10]
2026-05-14 00:13:58,94511118465,及时止损,你给他存着,[等级2],
2026-05-14 00:13:58,93787904657,老哥,破福袋,[等级23],[粉丝团 Lv12]
2026-05-14 00:13:58,1341059843757268,Vincent,@Admirar 猫局,[等级37],[粉丝团 Lv14]
2026-05-14 00:13:59,923214816488077,妄願,你是不是心疼了,[等级23],
2026-05-14 00:13:59,65932071304,捌  月,破福袋[看],[等级24],[粉丝团 Lv8]
2026-05-14 00:13:59,3745374258597129,怯懦,破福袋,,
2026-05-14 00:14:00,223926822635111,彼岸难忘川.,局哥有点内向啊,[等级6],
2026-05-14 00:14:00,7481005146798261307,0825,给自己都说笑了,[等级7],[粉丝团 Lv3]
2026-05-14 00:14:00,88240691537,奔跑的蜗牛,你真黑,[等级22],[粉丝团 Lv13]
2026-05-14 00:14:00,1264896700321572,愤怒的猪大肠,你养他就好了[戳手手][戳手手],[等级3],[粉丝团 Lv6]
2026-05-14 00:14:00,776715793598765,暔诱,那猫局对你是真爱呀,[等级34],
2026-05-14 00:14:00,1676117876942583,土豆ㅤ,好心寒,[等级29],[粉丝团 Lv9]
2026-05-14 00:14:00,96996619230,顺风顺水！,破福袋,[等级12],[粉丝团 Lv11]
2026-05-14 00:14:01,2686808072921661,一日千里,你不给毛局发工资？,[等级2],
2026-05-14 00:14:01,94621081467,雨踏歌行.,@Admirar 猫局,[等级20],[粉丝团 Lv15]
2026-05-14 00:14:01,96948302829,A沉默🎒,要退了吗,[等级15],[粉丝团 Lv2]
2026-05-14 00:14:02,59782841206,长 春,猫局,[等级32],
2026-05-14 00:14:02,61226668198,橘子不甜吖,咦，加班了？,[等级12],[粉丝团 Lv1]
2026-05-14 00:14:02,71052094484,꧁💞时光不᭄ᩚ꯭ᩚ语꧂,破福袋,,
2026-05-14 00:14:03,101453633735,一个坏坏的大叔,破包,[等级35],
2026-05-14 00:14:03,99303466159,诀爱,猫局,[等级13],[粉丝团 Lv6]
2026-05-14 00:14:03,209372216559450,乌海阿诺造型,前脚发了工资，后脚斗地主赢回来,[等级11],[粉丝团 Lv3]
2026-05-14 00:14:03,2942735914377405,沪上阿爷,他也是真不争气,[等级18],[粉丝团 Lv13]
2026-05-14 00:14:03,62906879658,BURKE丨伯克,他涨了好多粉，直播间人也多起来了，还能接到商单了，很不错已经。,[等级19],[粉丝团 Lv13]
2026-05-14 00:14:03,62642627846,鹿茸,[捂脸][捂脸],[等级11],[粉丝团 Lv9]
2026-05-14 00:14:03,2475702575179399,这个我是真的喜欢,一次没中过,[等级14],
2026-05-14 00:14:04,96008498122,ook,你是不是怕局哥没钱跟你斗地主了[捂脸],[等级32],[粉丝团 Lv10]
2026-05-14 00:14:05,94125389221,欭惗,斗地主带我一个呗[捂脸],[等级17],[粉丝团 Lv12]
2026-05-14 00:14:05,206319312452301,爱一,哈哈斗地主[呲牙][呲牙][呲牙],[等级13],[粉丝团 Lv9]
2026-05-14 00:14:05,93014498245,金鍂鑫𨰻～东吴子,老黑全能啊,[等级6],
2026-05-14 00:14:05,99608677556,钉子,下次斗地主能直播吗,[等级22],[粉丝团 Lv11]
2026-05-14 00:14:07,83842821625,M̶r̶-̶北̶筏̶,你就欺负猫局吧老黑,[等级26],[粉丝团 Lv9]
2026-05-14 00:14:07,497404843918919,葱紏齋濑,刚刚笑是不是鼻涕出来了[捂脸],[等级40],[粉丝团 Lv10]
2026-05-14 00:14:08,125810371994259,五味子,破福袋,,
2026-05-14 00:14:09,92813625406967,LT123456,所以你要好好对他,[等级16],[粉丝团 Lv2]
2026-05-14 00:14:09,52190158005,伟子哥,6666,[等级6],[粉丝团 Lv8]
2026-05-14 00:14:09,3013139552021534,🦁🖤,桑心了（絲,[等级32],[粉丝团:张君雅 Lv16]
2026-05-14 00:14:10,68717554143,一网情深,谁中了,[等级13],
2026-05-14 00:14:11,2928696292811743,超影独行,局哥太不容易了[捂脸],[等级18],[粉丝团 Lv12]
2026-05-14 00:14:11,71158743585,今天没胃口·,局哥，到你这毛都不剩啊,[等级10],[粉丝团 Lv7]
2026-05-14 00:14:12,73347898863,琼6270,猫局天天给君雅打工了,[等级8],[粉丝团 Lv9]
2026-05-14 00:14:12,101080996507,食满多,局哥  水平也牛逼的,,
2026-05-14 00:14:12,1709115167487976,流逝的记忆（关注立即回关）,就没中过一次福袋,[等级29],[粉丝团 Lv15]
2026-05-14 00:14:13,3175868363977623,洋  仔⁸⁰⁰⁸,点到一百万，看这一把,[等级21],[粉丝团:张君雅 Lv12]
2026-05-14 00:14:13,223926822635111,彼岸难忘川.,直播话少了,[等级6],
2026-05-14 00:14:13,102581217114,云开日出,嫁给他，他就全赚回去了,[等级1],
2026-05-14 00:14:13,2719567610918315,华信通讯6119,来了来了,[等级2],
2026-05-14 00:14:13,2047725780890627,木房子,破福袋,[等级4],[粉丝团 Lv7]
2026-05-14 00:14:14,67284514194,好运,@H·Mar³⁰ Ari 喝了吧，十点她都没打,[等级22],[粉丝团 Lv11]
2026-05-14 00:14:15,3913913666903720,太阳☀,你斗地主还赢他的钱？,[等级41],[粉丝团 Lv13]
2026-05-14 00:14:15,106186364104,。。。。。,加班加班,[等级1],
2026-05-14 00:14:15,96686893754,欭惗,带那个84可以,[等级9],[粉丝团 Lv5]
2026-05-14 00:14:15,2330588968395416,贝塔β,明天一定,[等级25],[粉丝团 Lv14]
2026-05-14 00:14:16,96751997554,东厨司命,他能抖得过[捂脸],[等级26],[粉丝团 Lv12]
2026-05-14 00:14:16,105436165761,思忆,看一会,[等级21],[粉丝团 Lv8]
2026-05-14 00:14:16,108356329552,꧁李府桥哥꧂,你还好意思说，局哥都委屈死了,[等级29],[粉丝团 Lv12]
2026-05-14 00:14:16,73226621540,泡泡😘,加班,[等级15],[粉丝团 Lv11]
2026-05-14 00:14:17,1798453090059043,小强,猫局,[等级35],[粉丝团 Lv11]
2026-05-14 00:14:18,60481033924,🌊🌊,？,[等级29],[粉丝团 Lv10]
2026-05-14 00:14:19,3302574303231070,雪山之巅,局哥把老黑娶了，一把回本。,,
2026-05-14 00:14:19,61854389878,LJG255,你是大小都吃，汤都不给猫局流,[等级19],[粉丝团 Lv6]
2026-05-14 00:14:19,71052094484,꧁💞时光不᭄ᩚ꯭ᩚ语꧂,继续大,,
