time,user_id,user_name,count,total,grade,fans_club
2026-05-13 21:03:47,65972743228,快乐,9,10348,[等级11],[粉丝团 Lv11]
2026-05-13 21:03:47,67880023549,等我逢一场春.,1,10352,[等级26],
2026-05-13 21:03:47,3408098413512419,心静自然,9,10426,[等级30],[粉丝团 Lv11]
2026-05-13 21:03:47,1842375275061443,蝽杪( ͡°❥ ͡°),11,10439,[等级14],[粉丝团 Lv10]
2026-05-13 21:03:47,111630656209,东哥⁵¹⁰⁷⁴,14,10541,[等级33],[粉丝团 Lv15]
2026-05-13 21:03:47,4006241142322887,🚬ಇ᭄烈酒࿆ྃ敬໊余生࿐,8,10536,[等级32],[粉丝团 Lv10]
2026-05-13 21:03:47,1654085263304296,🌾,9,10614,[等级22],[粉丝团 Lv9]
2026-05-13 21:03:47,3408098413512419,心静自然,10,10628,[等级30],[粉丝团 Lv11]
2026-05-13 21:03:47,61867010466,姜哼哼,1,10707,[等级37],[粉丝团 Lv10]
2026-05-13 21:03:47,111630656209,东哥⁵¹⁰⁷⁴,13,10707,[等级33],[粉丝团 Lv15]
2026-05-13 21:03:47,56076255513,苦菊,8,10785,[等级24],[粉丝团 Lv15]
2026-05-13 21:03:47,1654085263304296,🌾,4,10785,[等级22],[粉丝团 Lv9]
2026-05-13 21:03:47,65972743228,快乐,11,10848,[等级11],[粉丝团 Lv11]
2026-05-13 21:03:47,111630656209,东哥⁵¹⁰⁷⁴,15,10848,[等级33],[粉丝团 Lv15]
2026-05-13 21:03:47,3408098413512419,心静自然,10,10946,[等级30],[粉丝团 Lv11]
2026-05-13 21:03:47,1654085263304296,🌾,3,10939,[等级22],[粉丝团 Lv9]
2026-05-13 21:03:48,111630656209,东哥⁵¹⁰⁷⁴,14,11002,[等级33],[粉丝团 Lv15]
2026-05-13 21:03:48,65972743228,快乐,10,11002,[等级11],[粉丝团 Lv11]
2026-05-13 21:03:48,1654085263304296,🌾,9,11075,[等级22],[粉丝团 Lv9]
2026-05-13 21:03:48,3408098413512419,心静自然,7,11086,[等级30],[粉丝团 Lv11]
2026-05-13 21:03:48,77224538181,安安耶（炫影版）,1,11149,[等级29],[粉丝团 Lv6]
2026-05-13 21:03:48,111630656209,东哥⁵¹⁰⁷⁴,13,11149,[等级33],[粉丝团 Lv15]
2026-05-13 21:03:48,61022739748,大树来途,11,11231,[等级21],[粉丝团 Lv12]
2026-05-13 21:03:48,1654085263304296,🌾,7,11231,[等级22],[粉丝团 Lv9]
2026-05-13 21:03:49,111630656209,东哥⁵¹⁰⁷⁴,15,11311,[等级33],[粉丝团 Lv15]
2026-05-13 21:03:49,65972743228,快乐,11,11311,[等级11],[粉丝团 Lv11]
2026-05-13 21:03:49,1654085263304296,🌾,4,11396,[等级22],[粉丝团 Lv9]
2026-05-13 21:03:49,3408098413512419,心静自然,7,11396,[等级30],[粉丝团 Lv11]
2026-05-13 21:03:49,65972743228,快乐,10,11444,[等级11],[粉丝团 Lv11]
2026-05-13 21:03:49,111630656209,东哥⁵¹⁰⁷⁴,6,11444,[等级33],[粉丝团 Lv15]
2026-05-13 21:03:49,105160933332,～王守朋～,12,11552,[等级19],[粉丝团 Lv14]
2026-05-13 21:03:49,56076255513,苦菊,8,11544,[等级24],[粉丝团 Lv15]
2026-05-13 21:03:49,65972743228,快乐,2,11618,[等级11],[粉丝团 Lv11]
2026-05-13 21:03:49,4450438091905437,沉睡的喵,6,11623,[等级17],[粉丝团 Lv10]
2026-05-13 21:03:49,3408098413512419,心静自然,11,11703,[等级30],[粉丝团 Lv11]
2026-05-13 21:03:49,61022739748,大树来途,11,11716,[等级21],[粉丝团 Lv12]
2026-05-13 21:03:50,111630656209,东哥⁵¹⁰⁷⁴,12,11785,[等级33],[粉丝团 Lv15]
2026-05-13 21:03:50,2458102176691848,堇年,10,11828,[等级12],[粉丝团 Lv10]
2026-05-13 21:03:51,3408098413512419,心静自然,11,11887,[等级30],[粉丝团 Lv11]
2026-05-13 21:03:51,2559258277454052,超,9,11888,[等级18],[粉丝团 Lv7]
2026-05-13 21:03:52,111630656209,东哥⁵¹⁰⁷⁴,14,11956,[等级33],[粉丝团 Lv15]
2026-05-13 21:03:52,2291036694261134,改个名吧,1,11956,[等级2],
2026-05-13 21:03:53,254686236782456,🌈幸运小趴菜,10,12049,[等级16],[粉丝团 Lv11]
2026-05-13 21:03:53,3408098413512419,心静自然,10,12055,[等级30],[粉丝团 Lv11]
2026-05-13 21:03:54,3228582300354429,咪咪咪咪咪咪,7,12138,[等级20],[粉丝团 Lv8]
2026-05-13 21:03:54,111630656209,东哥⁵¹⁰⁷⁴,14,12138,[等级33],[粉丝团 Lv15]
2026-05-13 21:03:55,3408098413512419,心静自然,10,12237,[等级30],[粉丝团 Lv11]
2026-05-13 21:03:55,61022739748,大树来途,12,12237,[等级21],[粉丝团 Lv12]
2026-05-13 21:03:56,111630656209,东哥⁵¹⁰⁷⁴,14,12291,[等级33],[粉丝团 Lv15]
2026-05-13 21:03:56,3228582300354429,咪咪咪咪咪咪,7,12291,[等级20],[粉丝团 Lv8]
2026-05-13 21:03:57,3408098413512419,心静自然,10,12394,[等级30],[粉丝团 Lv11]
2026-05-13 21:03:57,61022739748,大树来途,11,12394,[等级21],[粉丝团 Lv12]
2026-05-13 21:03:58,111630656209,东哥⁵¹⁰⁷⁴,13,12455,[等级33],[粉丝团 Lv15]
2026-05-13 21:03:58,457011721671016,Miya.大长腿,1,12455,[等级22],
2026-05-13 21:03:59,56076255513,苦菊,8,12527,[等级24],[粉丝团 Lv15]
2026-05-13 21:03:59,254686236782456,🌈幸运小趴菜,3,12527,[等级16],[粉丝团 Lv11]
2026-05-13 21:04:00,84711463535,仙,1,12578,[等级8],
2026-05-13 21:04:00,111630656209,东哥⁵¹⁰⁷⁴,13,12577,[等级33],[粉丝团 Lv15]
2026-05-13 21:04:01,63826093623,Miss.赵,11,12632,[等级10],[粉丝团 Lv9]
2026-05-13 21:04:01,3408098413512419,心静自然,11,12632,[等级30],[粉丝团 Lv11]
2026-05-13 21:04:02,4199749056208140,仠𥆩,3,12698,[等级22],[粉丝团 Lv12]
2026-05-13 21:04:02,111630656209,东哥⁵¹⁰⁷⁴,15,12698,[等级33],[粉丝团 Lv15]
2026-05-13 21:04:03,56076255513,苦菊,8,12731,[等级24],[粉丝团 Lv15]
2026-05-13 21:04:03,63826093623,Miss.赵,2,12750,[等级10],[粉丝团 Lv9]
2026-05-13 21:04:04,111630656209,东哥⁵¹⁰⁷⁴,13,12809,[等级33],[粉丝团 Lv15]
2026-05-13 21:04:04,4199749056208140,仠𥆩,5,12809,[等级22],[粉丝团 Lv12]
2026-05-13 21:04:06,110944792083,ঞৣঁ᭄ℯ⃝放下᭄,4,12861,[等级10],
2026-05-13 21:04:06,1842375275061443,蝽杪( ͡°❥ ͡°),2,12861,[等级14],[粉丝团 Lv10]
2026-05-13 21:04:06,4199749056208140,仠𥆩,8,12904,[等级22],[粉丝团 Lv12]
2026-05-13 21:04:06,111630656209,东哥⁵¹⁰⁷⁴,14,12904,[等级33],[粉丝团 Lv15]
2026-05-13 21:04:07,63826093623,Miss.赵,11,12967,[等级10],[粉丝团 Lv9]
2026-05-13 21:04:08,110944792083,ঞৣঁ᭄ℯ⃝放下᭄,11,12985,[等级10],
2026-05-13 21:04:08,3228582300354429,咪咪咪咪咪咪,11,13038,[等级20],[粉丝团 Lv8]
2026-05-13 21:04:08,111630656209,东哥⁵¹⁰⁷⁴,12,13038,[等级33],[粉丝团 Lv15]
2026-05-13 21:04:09,63826093623,Miss.赵,10,13093,[等级10],[粉丝团 Lv9]
2026-05-13 21:04:10,1842375275061443,蝽杪( ͡°❥ ͡°),11,13119,[等级14],[粉丝团 Lv10]
2026-05-13 21:04:10,3228582300354429,咪咪咪咪咪咪,12,13148,[等级20],[粉丝团 Lv8]
2026-05-13 21:04:10,4199749056208140,仠𥆩,8,13155,[等级22],[粉丝团 Lv12]
2026-05-13 21:04:11,56076255513,苦菊,8,13189,[等级24],[粉丝团 Lv15]
2026-05-13 21:04:11,63826093623,Miss.赵,10,13200,[等级10],[粉丝团 Lv9]
2026-05-13 21:04:12,3228582300354429,咪咪咪咪咪咪,15,13238,[等级20],[粉丝团 Lv8]
2026-05-13 21:04:12,4199749056208140,仠𥆩,2,13260,[等级22],[粉丝团 Lv12]
2026-05-13 21:04:13,56076255513,苦菊,8,13308,[等级24],[粉丝团 Lv15]
2026-05-13 21:04:13,62632667532,小熊饼干,16,13308,[等级13],[粉丝团 Lv7]
2026-05-13 21:04:14,3228582300354429,咪咪咪咪咪咪,6,13361,[等级20],[粉丝团 Lv8]
2026-05-13 21:04:14,3178038730949012,12.14,4,13361,[等级3],
2026-05-13 21:04:15,63826093623,Miss.赵,8,13403,[等级10],[粉丝团 Lv9]
2026-05-13 21:04:16,101149924586,小刘啊,1,13421,[等级16],[粉丝团 Lv11]
2026-05-13 21:04:16,87872643486,念念不忘,10,13481,[等级21],[粉丝团 Lv11]
2026-05-13 21:04:16,198333566555517,总裁,12,13489,[等级15],[粉丝团 Lv7]
2026-05-13 21:04:17,63826093623,Miss.赵,10,13538,[等级10],[粉丝团 Lv9]
2026-05-13 21:04:18,101149924586,小刘啊,12,13538,[等级16],[粉丝团 Lv11]
2026-05-13 21:04:18,3540076896458716,姜学根,2,13550,[等级8],[粉丝团 Lv3]
2026-05-13 21:04:18,87872643486,念念不忘,10,13597,[等级21],[粉丝团 Lv11]
2026-05-13 21:04:19,63826093623,Miss.赵,10,13645,[等级10],[粉丝团 Lv9]
2026-05-13 21:04:20,101149924586,小刘啊,6,13645,[等级16],[粉丝团 Lv11]
2026-05-13 21:04:20,111630656209,东哥⁵¹⁰⁷⁴,1,13680,[等级33],[粉丝团 Lv15]
2026-05-13 21:04:20,1433401629347432,(￣.￣),3,13691,[等级17],[粉丝团 Lv9]
2026-05-13 21:04:21,63826093623,Miss.赵,3,13725,[等级10],[粉丝团 Lv9]
2026-05-13 21:04:21,56076255513,苦菊,8,13702,[等级24],[粉丝团 Lv15]
2026-05-13 21:04:22,111630656209,东哥⁵¹⁰⁷⁴,14,13759,[等级33],[粉丝团 Lv15]
2026-05-13 21:04:22,1433401629347432,(￣.￣),10,13792,[等级17],[粉丝团 Lv9]
2026-05-13 21:04:23,56076255513,苦菊,8,13812,[等级24],[粉丝团 Lv15]
2026-05-13 21:04:23,63826093623,Miss.赵,2,13823,[等级10],[粉丝团 Lv9]
2026-05-13 21:04:24,111630656209,东哥⁵¹⁰⁷⁴,13,13874,[等级33],[粉丝团 Lv15]
2026-05-13 21:04:24,1433401629347432,(￣.￣),8,13885,[等级17],[粉丝团 Lv9]
2026-05-13 21:04:26,63826093623,Miss.赵,3,13917,[等级10],[粉丝团 Lv9]
2026-05-13 21:04:26,110944792083,ঞৣঁ᭄ℯ⃝放下᭄,9,13927,[等级10],
2026-05-13 21:04:26,111630656209,东哥⁵¹⁰⁷⁴,13,13969,[等级33],[粉丝团 Lv15]
2026-05-13 21:04:26,1433401629347432,(￣.￣),9,13995,[等级17],[粉丝团 Lv9]
2026-05-13 21:04:27,56076255513,苦菊,8,14003,[等级24],[粉丝团 Lv15]
2026-05-13 21:04:27,110944792083,ঞৣঁ᭄ℯ⃝放下᭄,9,14035,[等级10],
2026-05-13 21:04:28,111630656209,东哥⁵¹⁰⁷⁴,14,14066,[等级33],[粉丝团 Lv15]
2026-05-13 21:04:28,1433401629347432,(￣.￣),8,14088,[等级17],[粉丝团 Lv9]
2026-05-13 21:04:29,93197484104,开水养活鱼🌊,12,14129,[等级14],
2026-05-13 21:04:29,110944792083,ঞৣঁ᭄ℯ⃝放下᭄,11,14140,[等级10],
2026-05-13 21:04:30,111630656209,东哥⁵¹⁰⁷⁴,12,14181,[等级33],[粉丝团 Lv15]
2026-05-13 21:04:31,87872643486,念念不忘,10,14192,[等级21],[粉丝团 Lv11]
2026-05-13 21:04:31,56076255513,苦菊,9,14203,[等级24],[粉丝团 Lv15]
2026-05-13 21:04:31,73969990544,两只公崽,1,14237,[等级12],
2026-05-13 21:04:32,85614222860,0314.c,2,14283,[等级19],[粉丝团 Lv3]
2026-05-13 21:04:32,111630656209,东哥⁵¹⁰⁷⁴,14,14293,[等级33],[粉丝团 Lv15]
2026-05-13 21:04:33,110944792083,ঞৣঁ᭄ℯ⃝放下᭄,9,14358,[等级10],
2026-05-13 21:04:33,1842375275061443,蝽杪( ͡°❥ ͡°),11,14370,[等级14],[粉丝团 Lv10]
2026-05-13 21:04:34,111630656209,东哥⁵¹⁰⁷⁴,12,14398,[等级33],[粉丝团 Lv15]
2026-05-13 21:04:34,1433401629347432,(￣.￣),8,14421,[等级17],[粉丝团 Lv9]
2026-05-13 21:04:35,110944792083,ঞৣঁ᭄ℯ⃝放下᭄,9,14460,[等级10],
2026-05-13 21:04:36,1842375275061443,蝽杪( ͡°❥ ͡°),11,14474,[等级14],[粉丝团 Lv10]
2026-05-13 21:04:36,111630656209,东哥⁵¹⁰⁷⁴,14,14501,[等级33],[粉丝团 Lv15]
2026-05-13 21:04:36,1433401629347432,(￣.￣),8,14509,[等级17],[粉丝团 Lv9]
2026-05-13 21:04:37,56076255513,苦菊,8,14529,[等级24],[粉丝团 Lv15]
2026-05-13 21:04:37,110944792083,ঞৣঁ᭄ℯ⃝放下᭄,10,14575,[等级10],
2026-05-13 21:04:38,111630656209,东哥⁵¹⁰⁷⁴,13,14605,[等级33],[粉丝团 Lv15]
2026-05-13 21:04:38,3949873380983047,Lc.,1,14611,[等级15],[粉丝团 Lv7]
2026-05-13 21:04:39,110944792083,ঞৣঁ᭄ℯ⃝放下᭄,10,14662,[等级10],
2026-05-13 21:04:40,1842375275061443,蝽杪( ͡°❥ ͡°),12,14675,[等级14],[粉丝团 Lv10]
2026-05-13 21:04:40,111630656209,东哥⁵¹⁰⁷⁴,13,14703,[等级33],[粉丝团 Lv15]
2026-05-13 21:04:41,1433401629347432,(￣.￣),9,14716,[等级17],[粉丝团 Lv9]
2026-05-13 21:04:41,110944792083,ঞৣঁ᭄ℯ⃝放下᭄,10,14756,[等级10],
2026-05-13 21:04:42,1842375275061443,蝽杪( ͡°❥ ͡°),11,14770,[等级14],[粉丝团 Lv10]
2026-05-13 21:04:42,111630656209,东哥⁵¹⁰⁷⁴,14,14798,[等级33],[粉丝团 Lv15]
2026-05-13 21:04:43,1433401629347432,(￣.￣),8,14820,[等级17],[粉丝团 Lv9]
2026-05-13 21:04:43,110944792083,ঞৣঁ᭄ℯ⃝放下᭄,10,14860,[等级10],
2026-05-13 21:04:44,1842375275061443,蝽杪( ͡°❥ ͡°),12,14872,[等级14],[粉丝团 Lv10]
2026-05-13 21:04:44,111630656209,东哥⁵¹⁰⁷⁴,12,14892,[等级33],[粉丝团 Lv15]
2026-05-13 21:04:45,1433401629347432,(￣.￣),9,14924,[等级17],[粉丝团 Lv9]
2026-05-13 21:04:45,110944792083,ঞৣঁ᭄ℯ⃝放下᭄,10,14962,[等级10],
2026-05-13 21:04:46,1842375275061443,蝽杪( ͡°❥ ͡°),10,14975,[等级14],[粉丝团 Lv10]
2026-05-13 21:04:46,111630656209,东哥⁵¹⁰⁷⁴,13,15003,[等级33],[粉丝团 Lv15]
2026-05-13 21:04:47,1433401629347432,(￣.￣),9,15035,[等级17],[粉丝团 Lv9]
2026-05-13 21:04:47,110944792083,ঞৣঁ᭄ℯ⃝放下᭄,10,15085,[等级10],
2026-05-13 21:04:47,3663228569664605,天空无云,10,15085,[等级15],[粉丝团 Lv11]
2026-05-13 21:04:48,111630656209,东哥⁵¹⁰⁷⁴,13,15116,[等级33],[粉丝团 Lv15]
2026-05-13 21:04:49,1433401629347432,(￣.￣),8,15151,[等级17],[粉丝团 Lv9]
2026-05-13 21:04:49,56076255513,苦菊,8,15167,[等级24],[粉丝团 Lv15]
2026-05-13 21:04:49,3663228569664605,天空无云,7,15198,[等级15],[粉丝团 Lv11]
2026-05-13 21:04:50,111630656209,东哥⁵¹⁰⁷⁴,14,15239,[等级33],[粉丝团 Lv15]
2026-05-13 21:04:51,93060552271,小别兔别又别,7,15257,[等级11],[粉丝团 Lv9]
2026-05-13 21:04:51,3663228569664605,天空无云,8,15317,[等级15],[粉丝团 Lv11]
2026-05-13 21:04:51,110944792083,ঞৣঁ᭄ℯ⃝放下᭄,10,15317,[等级10],
2026-05-13 21:04:52,111630656209,东哥⁵¹⁰⁷⁴,13,15360,[等级33],[粉丝团 Lv15]
2026-05-13 21:04:53,1433401629347432,(￣.￣),9,15386,[等级17],[粉丝团 Lv9]
2026-05-13 21:04:53,3663228569664605,天空无云,9,15434,[等级15],[粉丝团 Lv11]
2026-05-13 21:04:53,110944792083,ঞৣঁ᭄ℯ⃝放下᭄,10,15434,[等级10],
2026-05-13 21:04:54,111630656209,东哥⁵¹⁰⁷⁴,12,15459,[等级33],[粉丝团 Lv15]
2026-05-13 21:04:55,1433401629347432,(￣.￣),1,15502,[等级17],[粉丝团 Lv9]
2026-05-13 21:04:55,3663228569664605,天空无云,8,15548,[等级15],[粉丝团 Lv11]
2026-05-13 21:04:55,110944792083,ঞৣঁ᭄ℯ⃝放下᭄,10,15548,[等级10],
2026-05-13 21:04:56,111630656209,东哥⁵¹⁰⁷⁴,12,15570,[等级33],[粉丝团 Lv15]
2026-05-13 21:04:56,87872643486,念念不忘,10,15609,[等级21],[粉丝团 Lv11]
2026-05-13 21:04:57,3663228569664605,天空无云,12,15660,[等级15],[粉丝团 Lv11]
2026-05-13 21:04:58,110944792083,ঞৣঁ᭄ℯ⃝放下᭄,10,15660,[等级10],
2026-05-13 21:04:58,111630656209,东哥⁵¹⁰⁷⁴,14,15684,[等级33],[粉丝团 Lv15]
2026-05-13 21:04:58,87872643486,念念不忘,10,15732,[等级21],[粉丝团 Lv11]
2026-05-13 21:04:59,69707707149,傷情歳月,12,15740,[等级8],[粉丝团 Lv2]
2026-05-13 21:04:59,3663228569664605,天空无云,11,15793,[等级15],[粉丝团 Lv11]
2026-05-13 21:05:01,111630656209,东哥⁵¹⁰⁷⁴,13,15816,[等级33],[粉丝团 Lv15]
2026-05-13 21:05:01,87872643486,念念不忘,10,15857,[等级21],[粉丝团 Lv11]
2026-05-13 21:05:01,58838203439,GG,1,15882,[等级7],[粉丝团 Lv2]
2026-05-13 21:05:01,66034998403,听雨呤风,10,15858,[等级7],[粉丝团 Lv9]
2026-05-13 21:05:03,111630656209,东哥⁵¹⁰⁷⁴,13,15938,[等级33],[粉丝团 Lv15]
2026-05-13 21:05:03,96757263607,用户5344371404162,12,15938,[等级13],[粉丝团 Lv12]
2026-05-13 21:05:03,56076255513,苦菊,8,16001,[等级24],[粉丝团 Lv15]
2026-05-13 21:05:03,59562372425,马赛克,1,16012,[等级21],
2026-05-13 21:05:04,111630656209,东哥⁵¹⁰⁷⁴,14,16058,[等级33],[粉丝团 Lv15]
2026-05-13 21:05:04,87872643486,念念不忘,10,16074,[等级21],[粉丝团 Lv11]
2026-05-13 21:05:06,3663228569664605,天空无云,4,16114,[等级15],[粉丝团 Lv11]
2026-05-13 21:05:06,110944792083,ঞৣঁ᭄ℯ⃝放下᭄,8,16114,[等级10],
2026-05-13 21:05:06,111630656209,东哥⁵¹⁰⁷⁴,12,16142,[等级33],[粉丝团 Lv15]
2026-05-13 21:05:06,91691795933,卦卦皆无你,6,16160,[等级15],
2026-05-13 21:05:07,56076255513,苦菊,8,16199,[等级24],[粉丝团 Lv15]
2026-05-13 21:05:07,88152441332,@May_叶🍃,9,16199,[等级7],[粉丝团 Lv5]
2026-05-13 21:05:08,111630656209,东哥⁵¹⁰⁷⁴,13,16254,[等级33],[粉丝团 Lv15]
2026-05-13 21:05:08,87872643486,念念不忘,9,16289,[等级21],[粉丝团 Lv11]
2026-05-13 21:05:09,96757263607,用户5344371404162,11,16336,[等级13],[粉丝团 Lv12]
2026-05-13 21:05:09,88152441332,@May_叶🍃,9,16336,[等级7],[粉丝团 Lv5]
2026-05-13 21:05:10,111630656209,东哥⁵¹⁰⁷⁴,13,16389,[等级33],[粉丝团 Lv15]
2026-05-13 21:05:10,1842375275061443,蝽杪( ͡°❥ ͡°),11,16389,[等级14],[粉丝团 Lv10]
2026-05-13 21:05:11,88152441332,@May_叶🍃,10,16443,[等级7],[粉丝团 Lv5]
2026-05-13 21:05:12,96757263607,用户5344371404162,2,16474,[等级13],[粉丝团 Lv12]
2026-05-13 21:05:12,111630656209,东哥⁵¹⁰⁷⁴,14,16508,[等级33],[粉丝团 Lv15]
2026-05-13 21:05:12,91691795933,卦卦皆无你,10,16519,[等级15],
2026-05-13 21:05:13,88152441332,@May_叶🍃,9,16568,[等级7],[粉丝团 Lv5]
2026-05-13 21:05:14,110944792083,ঞৣঁ᭄ℯ⃝放下᭄,9,16589,[等级10],
2026-05-13 21:05:14,111630656209,东哥⁵¹⁰⁷⁴,13,16623,[等级33],[粉丝团 Lv15]
2026-05-13 21:05:14,91691795933,卦卦皆无你,11,16634,[等级15],
2026-05-13 21:05:15,56076255513,苦菊,8,16674,[等级24],[粉丝团 Lv15]
2026-05-13 21:05:15,198333566555517,总裁,11,16674,[等级15],[粉丝团 Lv7]
2026-05-13 21:05:16,111630656209,东哥⁵¹⁰⁷⁴,13,16729,[等级33],[粉丝团 Lv15]
2026-05-13 21:05:16,91691795933,卦卦皆无你,11,16739,[等级15],
2026-05-13 21:05:17,2946315483621007,杪諒,5,16785,[等级31],[粉丝团 Lv10]
2026-05-13 21:05:18,110944792083,ঞৣঁ᭄ℯ⃝放下᭄,11,16808,[等级10],
2026-05-13 21:05:19,111630656209,东哥⁵¹⁰⁷⁴,13,16841,[等级33],[粉丝团 Lv15]
2026-05-13 21:05:19,91691795933,卦卦皆无你,10,16852,[等级15],
2026-05-13 21:05:20,110944792083,ঞৣঁ᭄ℯ⃝放下᭄,10,16909,[等级10],
2026-05-13 21:05:20,1842375275061443,蝽杪( ͡°❥ ͡°),10,16932,[等级14],[粉丝团 Lv10]
2026-05-13 21:05:20,111630656209,东哥⁵¹⁰⁷⁴,13,16942,[等级33],[粉丝团 Lv15]
2026-05-13 21:05:20,91691795933,卦卦皆无你,10,16953,[等级15],
2026-05-13 21:05:21,56076255513,苦菊,8,16999,[等级24],[粉丝团 Lv15]
2026-05-13 21:05:21,198333566555517,总裁,9,16990,[等级15],[粉丝团 Lv7]
2026-05-13 21:05:22,111630656209,东哥⁵¹⁰⁷⁴,13,17053,[等级33],[粉丝团 Lv15]
2026-05-13 21:05:22,91691795933,卦卦皆无你,10,17059,[等级15],
2026-05-13 21:05:23,69707707149,傷情歳月,12,17108,[等级8],[粉丝团 Lv2]
2026-05-13 21:05:24,3359747609464093,Alice1314,7,17129,[等级11],[粉丝团 Lv10]
2026-05-13 21:05:24,111630656209,东哥⁵¹⁰⁷⁴,13,17163,[等级33],[粉丝团 Lv15]
2026-05-13 21:05:24,91691795933,卦卦皆无你,10,17163,[等级15],
2026-05-13 21:05:25,69707707149,傷情歳月,11,17211,[等级8],[粉丝团 Lv2]
2026-05-13 21:05:25,99106545473,碧珍阁二当家,6,17211,[等级14],[粉丝团 Lv10]
2026-05-13 21:05:26,111630656209,东哥⁵¹⁰⁷⁴,12,17253,[等级33],[粉丝团 Lv15]
2026-05-13 21:05:26,68136174816,K I,10,17253,[等级19],[粉丝团 Lv4]
2026-05-13 21:05:27,198333566555517,总裁,10,17299,[等级15],[粉丝团 Lv7]
2026-05-13 21:05:27,99106545473,碧珍阁二当家,1,17299,[等级14],[粉丝团 Lv10]
2026-05-13 21:05:28,628516545635803,小冻梨_,3,17347,[等级2],[粉丝团 Lv1]
2026-05-13 21:05:28,111630656209,东哥⁵¹⁰⁷⁴,14,17347,[等级33],[粉丝团 Lv15]
2026-05-13 21:05:29,198333566555517,总裁,10,17397,[等级15],[粉丝团 Lv7]
2026-05-13 21:05:29,110944792083,ঞৣঁ᭄ℯ⃝放下᭄,10,17417,[等级10],
2026-05-13 21:05:30,628516545635803,小冻梨_,4,17444,[等级2],[粉丝团 Lv1]
2026-05-13 21:05:30,111630656209,东哥⁵¹⁰⁷⁴,13,17444,[等级33],[粉丝团 Lv15]
2026-05-13 21:05:31,69707707149,傷情歳月,10,17486,[等级8],[粉丝团 Lv2]
2026-05-13 21:05:31,198333566555517,总裁,11,17496,[等级15],[粉丝团 Lv7]
2026-05-13 21:05:32,111630656209,东哥⁵¹⁰⁷⁴,13,17539,[等级33],[粉丝团 Lv15]
2026-05-13 21:05:32,91691795933,卦卦皆无你,9,17550,[等级15],
2026-05-13 21:05:33,56076255513,苦菊,8,17592,[等级24],[粉丝团 Lv15]
2026-05-13 21:05:33,92460650653,悯诉,11,17602,[等级13],[粉丝团 Lv11]
2026-05-13 21:05:34,111630656209,东哥⁵¹⁰⁷⁴,14,17647,[等级33],[粉丝团 Lv15]
2026-05-13 21:05:34,91691795933,卦卦皆无你,11,17647,[等级15],
2026-05-13 21:05:35,2946315483621007,杪諒,1,17700,[等级31],[粉丝团 Lv10]
2026-05-13 21:05:35,69707707149,傷情歳月,11,17700,[等级8],[粉丝团 Lv2]
2026-05-13 21:05:36,111630656209,东哥⁵¹⁰⁷⁴,12,17743,[等级33],[粉丝团 Lv15]
2026-05-13 21:05:36,91691795933,卦卦皆无你,9,17755,[等级15],
2026-05-13 21:05:37,69707707149,傷情歳月,11,17807,[等级8],[粉丝团 Lv2]
2026-05-13 21:05:38,91685402192,0️⃣4️⃣2️⃣6️⃣,3,17811,[等级6],[粉丝团 Lv7]
2026-05-13 21:05:38,111630656209,东哥⁵¹⁰⁷⁴,14,17856,[等级33],[粉丝团 Lv15]
2026-05-13 21:05:38,91691795933,卦卦皆无你,10,17867,[等级15],
2026-05-13 21:05:39,69707707149,傷情歳月,11,17918,[等级8],[粉丝团 Lv2]
2026-05-13 21:05:40,56076255513,苦菊,8,17908,[等级24],[粉丝团 Lv15]
2026-05-13 21:05:40,1842375275061443,蝽杪( ͡°❥ ͡°),11,17982,[等级14],[粉丝团 Lv10]
2026-05-13 21:05:40,111630656209,东哥⁵¹⁰⁷⁴,12,17982,[等级33],[粉丝团 Lv15]
2026-05-13 21:05:41,56076255513,苦菊,8,18048,[等级24],[粉丝团 Lv15]
2026-05-13 21:05:41,69707707149,傷情歳月,12,18050,[等级8],[粉丝团 Lv2]
2026-05-13 21:05:42,111630656209,东哥⁵¹⁰⁷⁴,14,18114,[等级33],[粉丝团 Lv15]
2026-05-13 21:05:42,88244702137,❕,1,18127,[等级15],
2026-05-13 21:05:43,56076255513,苦菊,8,18183,[等级24],[粉丝团 Lv15]
2026-05-13 21:05:43,69707707149,傷情歳月,11,18183,[等级8],[粉丝团 Lv2]
2026-05-13 21:05:44,111630656209,东哥⁵¹⁰⁷⁴,12,18244,[等级33],[粉丝团 Lv15]
2026-05-13 21:05:44,2638426362375405,小依,1,18244,[等级15],[粉丝团 Lv11]
2026-05-13 21:05:45,2946315483621007,杪諒,2,18317,[等级31],[粉丝团 Lv10]
2026-05-13 21:05:45,391884971193901,厶家乡的红薯味,9,18317,[等级10],[粉丝团 Lv10]
2026-05-13 21:05:46,2638426362375405,小依,16,18392,[等级15],[粉丝团 Lv11]
2026-05-13 21:05:46,1842375275061443,蝽杪( ͡°❥ ͡°),11,18392,[等级14],[粉丝团 Lv10]
2026-05-13 21:05:47,56076255513,苦菊,8,18453,[等级24],[粉丝团 Lv15]
2026-05-13 21:05:47,69707707149,傷情歳月,12,18453,[等级8],[粉丝团 Lv2]
2026-05-13 21:05:48,1842375275061443,蝽杪( ͡°❥ ͡°),11,18503,[等级14],[粉丝团 Lv10]
2026-05-13 21:05:48,2638426362375405,小依,5,18503,[等级15],[粉丝团 Lv11]
2026-05-13 21:05:49,2946315483621007,杪諒,1,18575,[等级31],[粉丝团 Lv10]
2026-05-13 21:05:49,69707707149,傷情歳月,11,18575,[等级8],[粉丝团 Lv2]
2026-05-13 21:05:50,1842375275061443,蝽杪( ͡°❥ ͡°),12,18610,[等级14],[粉丝团 Lv10]
2026-05-13 21:05:50,4199749056208140,仠𥆩,8,18621,[等级22],[粉丝团 Lv12]
2026-05-13 21:05:51,391884971193901,厶家乡的红薯味,12,18725,[等级10],[粉丝团 Lv10]
2026-05-13 21:05:51,69707707149,傷情歳月,11,18731,[等级8],[粉丝团 Lv2]
2026-05-13 21:05:52,1842375275061443,蝽杪( ͡°❥ ͡°),10,18771,[等级14],[粉丝团 Lv10]
2026-05-13 21:05:52,4199749056208140,仠𥆩,7,18772,[等级22],[粉丝团 Lv12]
2026-05-13 21:05:53,59663065416,失眠数羊🐑,1,18856,[等级6],[粉丝团 Lv6]
2026-05-13 21:05:53,391884971193901,厶家乡的红薯味,11,18856,[等级10],[粉丝团 Lv10]
2026-05-13 21:05:54,1842375275061443,蝽杪( ͡°❥ ͡°),11,18895,[等级14],[粉丝团 Lv10]
2026-05-13 21:05:54,4199749056208140,仠𥆩,8,18902,[等级22],[粉丝团 Lv12]
2026-05-13 21:05:55,56076255513,苦菊,7,18976,[等级24],[粉丝团 Lv15]
2026-05-13 21:05:55,391884971193901,厶家乡的红薯味,11,18976,[等级10],[粉丝团 Lv10]
2026-05-13 21:05:56,1842375275061443,蝽杪( ͡°❥ ͡°),11,19021,[等级14],[粉丝团 Lv10]
2026-05-13 21:05:56,4199749056208140,仠𥆩,4,19021,[等级22],[粉丝团 Lv12]
2026-05-13 21:05:57,91685402192,0️⃣4️⃣2️⃣6️⃣,8,19109,[等级6],[粉丝团 Lv7]
2026-05-13 21:05:57,7615988333545931813,ik-🦋,11,19109,,
2026-05-13 21:05:58,1842375275061443,蝽杪( ͡°❥ ͡°),11,19144,[等级14],[粉丝团 Lv10]
2026-05-13 21:05:59,91691795933,卦卦皆无你,10,19153,[等级15],
2026-05-13 21:05:59,92460650653,悯诉,10,19213,[等级13],[粉丝团 Lv11]
2026-05-13 21:05:59,59663065416,失眠数羊🐑,3,19229,[等级6],[粉丝团 Lv6]
2026-05-13 21:06:00,58535558438,ジ你唯愛办,11,19271,[等级15],[粉丝团 Lv2]
2026-05-13 21:06:01,1842375275061443,蝽杪( ͡°❥ ͡°),11,19271,[等级14],[粉丝团 Lv10]
2026-05-13 21:06:01,7615988333545931813,ik-🦋,11,19346,,
2026-05-13 21:06:01,391884971193901,厶家乡的红薯味,11,19357,[等级10],[粉丝团 Lv10]
2026-05-13 21:06:02,1842375275061443,蝽杪( ͡°❥ ͡°),11,19395,[等级14],[粉丝团 Lv10]
2026-05-13 21:06:02,58535558438,ジ你唯愛办,12,19395,[等级15],[粉丝团 Lv2]
2026-05-13 21:06:03,391884971193901,厶家乡的红薯味,10,19449,[等级10],[粉丝团 Lv10]
2026-05-13 21:06:03,59663065416,失眠数羊🐑,3,19454,[等级6],[粉丝团 Lv6]
2026-05-13 21:06:04,96653663397,浩子,2,19474,[等级22],[粉丝团 Lv10]
2026-05-13 21:06:04,1842375275061443,蝽杪( ͡°❥ ͡°),5,19474,[等级14],[粉丝团 Lv10]
2026-05-13 21:06:05,391884971193901,厶家乡的红薯味,11,19526,[等级10],[粉丝团 Lv10]
2026-05-13 21:06:05,69707707149,傷情歳月,12,19526,[等级8],[粉丝团 Lv2]
2026-05-13 21:06:07,2330588968395416,贝塔β,7,19579,[等级25],[粉丝团 Lv14]
2026-05-13 21:06:07,96653663397,浩子,8,19579,[等级22],[粉丝团 Lv10]
2026-05-13 21:06:07,69707707149,傷情歳月,11,19590,[等级8],[粉丝团 Lv2]
2026-05-13 21:06:08,68136174816,K I,10,19601,[等级19],[粉丝团 Lv4]
2026-05-13 21:06:09,58535558438,ジ你唯愛办,1,19606,[等级15],[粉丝团 Lv2]
2026-05-13 21:06:09,2330588968395416,贝塔β,5,19635,[等级25],[粉丝团 Lv14]
2026-05-13 21:06:09,56076255513,苦菊,8,19646,[等级24],[粉丝团 Lv15]
2026-05-13 21:06:09,69707707149,傷情歳月,11,19646,[等级8],[粉丝团 Lv2]
2026-05-13 21:06:10,96653663397,浩子,9,19689,[等级22],[粉丝团 Lv10]
2026-05-13 21:06:10,58535558438,ジ你唯愛办,13,19689,[等级15],[粉丝团 Lv2]
2026-05-13 21:06:11,7615988333545931813,ik-🦋,11,19737,,
2026-05-13 21:06:11,391884971193901,厶家乡的红薯味,1,19737,[等级10],[粉丝团 Lv10]
2026-05-13 21:06:12,58535558438,ジ你唯愛办,12,19763,[等级15],[粉丝团 Lv2]
2026-05-13 21:06:12,97208855445,y.,5,19793,[等级25],
2026-05-13 21:06:13,92460650653,悯诉,4,19809,[等级13],[粉丝团 Lv11]
2026-05-13 21:06:13,7615988333545931813,ik-🦋,12,19809,,
2026-05-13 21:06:14,3623622548698455,木瓜🌈,3,19845,[等级10],
2026-05-13 21:06:14,58535558438,ジ你唯愛办,12,19845,[等级15],[粉丝团 Lv2]
2026-05-13 21:06:15,391884971193901,厶家乡的红薯味,11,19899,[等级10],[粉丝团 Lv10]
2026-05-13 21:06:15,7615988333545931813,ik-🦋,11,19899,,
2026-05-13 21:06:16,1117581204274238,枫叶🍁,2,19940,[等级27],
2026-05-13 21:06:16,58535558438,ジ你唯愛办,11,19940,[等级15],[粉丝团 Lv2]
2026-05-13 21:06:17,391884971193901,厶家乡的红薯味,10,19991,[等级10],[粉丝团 Lv10]
2026-05-13 21:06:17,7615988333545931813,ik-🦋,11,19991,,
2026-05-13 21:06:18,68136174816,K I,11,20019,[等级19],[粉丝团 Lv4]
2026-05-13 21:06:18,58535558438,ジ你唯愛办,13,20019,[等级15],[粉丝团 Lv2]
2026-05-13 21:06:19,7615988333545931813,ik-🦋,12,20070,,
2026-05-13 21:06:19,69707707149,傷情歳月,12,20070,[等级8],[粉丝团 Lv2]
2026-05-13 21:06:20,1117581204274238,枫叶🍁,1,20104,[等级27],
2026-05-13 21:06:20,58535558438,ジ你唯愛办,12,20104,[等级15],[粉丝团 Lv2]
2026-05-13 21:06:21,7615988333545931813,ik-🦋,11,20148,,
2026-05-13 21:06:22,62423304528,速度与激情888,1,20148,[等级27],[粉丝团 Lv6]
2026-05-13 21:06:22,1117581204274238,枫叶🍁,1,20169,[等级27],
2026-05-13 21:06:22,58535558438,ジ你唯愛办,11,20169,[等级15],[粉丝团 Lv2]
2026-05-13 21:06:23,92460650653,悯诉,7,20217,[等级13],[粉丝团 Lv11]
2026-05-13 21:06:23,7615988333545931813,ik-🦋,11,20217,,
2026-05-13 21:06:24,58535558438,ジ你唯愛办,13,20252,[等级15],[粉丝团 Lv2]
2026-05-13 21:06:24,2594446649597235,星辰jc,2,20283,[等级13],[粉丝团 Lv10]
2026-05-13 21:06:25,2594446649597235,星辰jc,2,20305,[等级13],[粉丝团 Lv10]
2026-05-13 21:06:26,7615988333545931813,ik-🦋,11,20307,,
2026-05-13 21:06:26,58535558438,ジ你唯愛办,10,20330,[等级15],[粉丝团 Lv2]
2026-05-13 21:06:26,1283835851180096,习惯,2,20359,[等级14],[粉丝团 Lv12]
2026-05-13 21:06:27,391884971193901,厶家乡的红薯味,10,20392,[等级10],[粉丝团 Lv10]
2026-05-13 21:06:28,69707707149,傷情歳月,11,20394,[等级8],[粉丝团 Lv2]
2026-05-13 21:06:28,58535558438,ジ你唯愛办,13,20418,[等级15],[粉丝团 Lv2]
2026-05-13 21:06:29,92460650653,悯诉,9,20460,[等级13],[粉丝团 Lv11]
2026-05-13 21:06:29,56076255513,苦菊,8,20471,[等级24],[粉丝团 Lv15]
2026-05-13 21:06:29,391884971193901,厶家乡的红薯味,4,20471,[等级10],[粉丝团 Lv10]
2026-05-13 21:06:30,2594446649597235,星辰jc,2,20492,[等级13],[粉丝团 Lv10]
2026-05-13 21:06:30,2594446649597235,星辰jc,2,20492,[等级13],[粉丝团 Lv10]
2026-05-13 21:06:31,56076255513,苦菊,8,20541,[等级24],[粉丝团 Lv15]
2026-05-13 21:06:31,198333566555517,总裁,1,20541,[等级15],[粉丝团 Lv7]
2026-05-13 21:06:32,2946315483621007,杪諒,4,20563,[等级31],[粉丝团 Lv10]
2026-05-13 21:06:33,2594446649597235,星辰jc,2,20579,[等级13],[粉丝团 Lv10]
2026-05-13 21:06:33,198333566555517,总裁,11,20622,[等级15],[粉丝团 Lv7]
2026-05-13 21:06:34,2766016260349262,随缘&,9,20646,[等级27],[粉丝团 Lv11]
2026-05-13 21:06:35,56076255513,苦菊,8,20714,[等级24],[粉丝团 Lv15]
2026-05-13 21:06:35,92460650653,悯诉,3,20716,[等级13],[粉丝团 Lv11]
2026-05-13 21:06:36,2594446649597235,星辰jc,6,20760,[等级13],[粉丝团 Lv10]
2026-05-13 21:06:36,66446438256,🐮🐰,9,20781,[等级10],[粉丝团 Lv8]
2026-05-13 21:06:36,77969903421,🐻熊🐻,2,20781,[等级14],[粉丝团 Lv4]
2026-05-13 21:06:38,1073553794144699,.L,1,20846,[等级6],
2026-05-13 21:06:38,198333566555517,总裁,33,20864,[等级15],[粉丝团 Lv7]
2026-05-13 21:06:38,2766016260349262,随缘&,9,20864,[等级27],[粉丝团 Lv11]
2026-05-13 21:06:38,96372548189208,@安生,9,20898,[等级7],[粉丝团 Lv1]
2026-05-13 21:06:38,66446438256,🐮🐰,11,20898,[等级10],[粉丝团 Lv8]
2026-05-13 21:06:40,2766016260349262,随缘&,9,20978,[等级27],[粉丝团 Lv11]
2026-05-13 21:06:40,59663065416,失眠数羊🐑,6,20978,[等级6],[粉丝团 Lv6]
2026-05-13 21:06:40,92921063691,白白不会杀球🏸️,3,21003,[等级5],[粉丝团 Lv7]
2026-05-13 21:06:40,2946315483621007,杪諒,3,21015,[等级31],[粉丝团 Lv10]
2026-05-13 21:06:40,2458102176691848,堇年,4,21015,[等级12],[粉丝团 Lv10]
2026-05-13 21:06:41,59663065416,失眠数羊🐑,4,21086,[等级6],[粉丝团 Lv6]
2026-05-13 21:06:42,68136174816,K I,11,21106,[等级19],[粉丝团 Lv4]
2026-05-13 21:06:42,96372548189208,@安生,27,21106,[等级7],[粉丝团 Lv1]
2026-05-13 21:06:43,2458102176691848,堇年,8,21122,[等级12],[粉丝团 Lv10]
2026-05-13 21:06:43,56076255513,苦菊,8,21170,[等级24],[粉丝团 Lv15]
2026-05-13 21:06:43,198333566555517,总裁,11,21188,[等级15],[粉丝团 Lv7]
2026-05-13 21:06:43,2766016260349262,随缘&,9,21188,[等级27],[粉丝团 Lv11]
2026-05-13 21:06:45,56076255513,苦菊,24,21280,[等级24],[粉丝团 Lv15]
2026-05-13 21:06:45,64981564926,垣泽,2,21289,[等级8],
2026-05-13 21:06:45,198333566555517,总裁,10,21297,[等级15],[粉丝团 Lv7]
2026-05-13 21:06:46,2638426362375405,小依,7,21344,[等级15],[粉丝团 Lv11]
2026-05-13 21:06:47,64981564926,垣泽,4,21414,[等级8],
2026-05-13 21:06:47,94492587301,氖咼,9,21447,[等级25],[粉丝团 Lv15]
2026-05-13 21:06:48,2638426362375405,小依,48,21495,[等级15],[粉丝团 Lv11]
2026-05-13 21:06:49,2458102176691848,堇年,10,21503,[等级12],[粉丝团 Lv10]
2026-05-13 21:06:49,56076255513,苦菊,8,21545,[等级24],[粉丝团 Lv15]
2026-05-13 21:06:49,69707707149,傷情歳月,12,21604,[等级8],[粉丝团 Lv2]
2026-05-13 21:06:50,2638426362375405,小依,14,21641,[等级15],[粉丝团 Lv11]
2026-05-13 21:06:51,92460650653,悯诉,7,21680,[等级13],[粉丝团 Lv11]
2026-05-13 21:06:51,56076255513,苦菊,8,21700,[等级24],[粉丝团 Lv15]
2026-05-13 21:06:51,64981564926,垣泽,9,21700,[等级8],
2026-05-13 21:06:51,198333566555517,总裁,10,21714,[等级15],[粉丝团 Lv7]
2026-05-13 21:06:53,101873935294,蒙 奇,12,21790,[等级9],[粉丝团 Lv9]
2026-05-13 21:06:53,56076255513,苦菊,8,21816,[等级24],[粉丝团 Lv15]
2026-05-13 21:06:53,64981564926,垣泽,4,21845,[等级8],
2026-05-13 21:06:53,198333566555517,总裁,11,21853,[等级15],[粉丝团 Lv7]
2026-05-13 21:06:54,2638426362375405,小依,9,21920,[等级15],[粉丝团 Lv11]
2026-05-13 21:06:55,101873935294,蒙 奇,39,21937,[等级9],[粉丝团 Lv9]
2026-05-13 21:06:55,87900359390,一个怡,4,21981,[等级10],[粉丝团 Lv3]
2026-05-13 21:06:55,198333566555517,总裁,8,21989,[等级15],[粉丝团 Lv7]
2026-05-13 21:06:57,64981564926,垣泽,6,22104,[等级8],
2026-05-13 21:06:57,69707707149,傷情歳月,11,22166,[等级8],[粉丝团 Lv2]
2026-05-13 21:06:58,96372548189208,@安生,10,22168,[等级7],[粉丝团 Lv1]
2026-05-13 21:06:58,104228353411,習慣ｌｅ孤獨,1,22195,[等级9],[粉丝团 Lv8]
2026-05-13 21:06:58,166779008321615,You&YoKe.言.见过喻言 19.0,1,22195,[等级7],
2026-05-13 21:06:59,69707707149,傷情歳月,12,22282,[等级8],[粉丝团 Lv2]
2026-05-13 21:07:00,89862305397,最好的小金,3,22304,[等级21],[粉丝团 Lv4]
2026-05-13 21:07:00,104228353411,習慣ｌｅ孤獨,21,22308,[等级9],[粉丝团 Lv8]
2026-05-13 21:07:01,69707707149,傷情歳月,12,22401,[等级8],[粉丝团 Lv2]
2026-05-13 21:07:02,71053693862,碎碎念,8,22407,[等级14],[粉丝团 Lv7]
2026-05-13 21:07:03,64981564926,垣泽,3,22470,[等级8],
2026-05-13 21:07:03,69707707149,傷情歳月,11,22491,[等级8],[粉丝团 Lv2]
2026-05-13 21:07:05,56076255513,苦菊,8,22573,[等级24],[粉丝团 Lv15]
2026-05-13 21:07:05,2766016260349262,随缘&,9,22620,[等级27],[粉丝团 Lv11]
2026-05-13 21:07:06,2594446649597235,星辰jc,2,22633,[等级13],[粉丝团 Lv10]
2026-05-13 21:07:06,571347216665416,淡然的回忆╂,39,22658,[等级2],
2026-05-13 21:07:09,3204410606888951,阿啃,1,22822,[等级14],[粉丝团 Lv3]
2026-05-13 21:07:09,92460650653,悯诉,30,22831,[等级13],[粉丝团 Lv11]
2026-05-13 21:07:11,7492046408255833145,屮亼丷亻,1,22907,[等级1],[粉丝团 Lv3]
2026-05-13 21:07:11,101873935294,蒙 奇,11,22926,[等级9],[粉丝团 Lv9]
2026-05-13 21:07:11,92460650653,悯诉,10,22937,[等级13],[粉丝团 Lv11]
2026-05-13 21:07:12,97303748461,无需解析,14,23027,[等级28],[粉丝团 Lv12]
2026-05-13 21:07:12,66034998403,听雨呤风,30,23038,[等级7],[粉丝团 Lv9]
2026-05-13 21:07:12,2946315483621007,杪諒,5,23038,[等级31],[粉丝团 Lv10]
2026-05-13 21:07:15,756883496633111,小鱼,30,23209,[等级32],[粉丝团 Lv16]
2026-05-13 21:07:16,2638426362375405,小依,14,23287,[等级15],[粉丝团 Lv11]
2026-05-13 21:07:19,97303748461,无需解析,42,23411,[等级28],[粉丝团 Lv12]
2026-05-13 21:07:19,756883496633111,小鱼,11,23505,[等级32],[粉丝团 Lv16]
2026-05-13 21:07:21,56076255513,苦菊,24,23627,[等级24],[粉丝团 Lv15]
2026-05-13 21:07:22,68136174816,K I,10,23704,[等级19],[粉丝团 Lv4]
2026-05-13 21:07:24,97303748461,无需解析,30,23868,[等级28],[粉丝团 Lv12]
2026-05-13 21:07:27,1629889727825379,ℒℴѵℯ,6,24047,[等级7],
2026-05-13 21:07:30,97303748461,无需解析,45,24290,[等级28],[粉丝团 Lv12]
2026-05-13 21:07:34,756883496633111,小鱼,33,24521,[等级32],[粉丝团 Lv16]
2026-05-13 21:07:36,97303748461,无需解析,42,24745,[等级28],[粉丝团 Lv12]
2026-05-13 21:07:40,756883496633111,小鱼,33,24941,[等级32],[粉丝团 Lv16]
2026-05-13 21:07:42,104360562881,夏序清和·嘉辰,33,25126,[等级24],[粉丝团 Lv9]
2026-05-13 21:07:45,50917918059,🇨🇳一张張༊🌻,9,25273,[等级14],[粉丝团 Lv10]
2026-05-13 21:07:48,2145888220228567,用户18054358,3,25454,[等级16],[粉丝团 Lv12]
2026-05-13 21:07:51,2590872682375043,戴威、,9,25617,[等级28],[粉丝团 Lv10]
2026-05-13 21:07:54,81780019756,用星渲染夜得伤,3,25841,[等级24],[粉丝团 Lv10]
2026-05-13 21:07:57,756883496633111,小鱼,30,26041,[等级32],[粉丝团 Lv16]
2026-05-13 21:08:00,7615988333545931813,ik-🦋,36,26255,,
2026-05-13 21:08:03,50917918059,🇨🇳一张張༊🌻,21,26478,[等级14],[粉丝团 Lv10]
2026-05-13 21:08:07,65120957490,瑞雪吖,30,26727,[等级18],[粉丝团 Lv9]
2026-05-13 21:08:09,50917918059,🇨🇳一张張༊🌻,21,26917,[等级14],[粉丝团 Lv10]
2026-05-13 21:08:12,93835613585,A饭团,36,27109,[等级25],[粉丝团:张君雅 Lv13]
2026-05-13 21:08:15,56076255513,苦菊,24,27248,[等级24],[粉丝团 Lv15]
2026-05-13 21:08:18,81780019756,用星渲染夜得伤,30,27446,[等级24],[粉丝团 Lv10]
2026-05-13 21:08:21,96757263607,用户5344371404162,36,27585,[等级13],[粉丝团 Lv12]
2026-05-13 21:08:24,96372548189208,@安生,27,27735,[等级7],[粉丝团 Lv1]
2026-05-13 21:08:27,50917918059,🇨🇳一张張༊🌻,24,27887,[等级14],[粉丝团 Lv10]
2026-05-13 21:08:30,69707707149,傷情歳月,33,28067,[等级8],[粉丝团 Lv2]
2026-05-13 21:08:33,50917918059,🇨🇳一张張༊🌻,30,28276,[等级14],[粉丝团 Lv10]
2026-05-13 21:08:36,7615988333545931813,ik-🦋,24,28463,,
2026-05-13 21:08:39,50917918059,🇨🇳一张張༊🌻,24,28609,[等级14],[粉丝团 Lv10]
2026-05-13 21:08:42,69707707149,傷情歳月,36,28754,[等级8],[粉丝团 Lv2]
2026-05-13 21:08:45,50917918059,🇨🇳一张張༊🌻,15,28915,[等级14],[粉丝团 Lv10]
2026-05-13 21:08:48,69707707149,傷情歳月,33,29045,[等级8],[粉丝团 Lv2]
2026-05-13 21:08:51,50917918059,🇨🇳一张張༊🌻,24,29214,[等级14],[粉丝团 Lv10]
2026-05-13 21:08:54,92020883096,🌸木,33,29420,[等级18],[粉丝团 Lv12]
2026-05-13 21:08:57,50917918059,🇨🇳一张張༊🌻,24,29576,[等级14],[粉丝团 Lv10]
2026-05-13 21:09:00,92020883096,🌸木,30,29740,[等级18],[粉丝团 Lv12]
2026-05-13 21:09:03,50917918059,🇨🇳一张張༊🌻,24,29904,[等级14],[粉丝团 Lv10]
2026-05-13 21:09:06,92020883096,🌸木,30,30084,[等级18],[粉丝团 Lv12]
2026-05-13 21:09:09,642561805131363,如鱼得水xl,3,30276,[等级13],[粉丝团 Lv6]
2026-05-13 21:09:12,7615988333545931813,ik-🦋,33,30446,,
2026-05-13 21:09:15,56076255513,苦菊,24,30607,[等级24],[粉丝团 Lv15]
2026-05-13 21:09:19,7615988333545931813,ik-🦋,33,30775,,
2026-05-13 21:09:21,50917918059,🇨🇳一张張༊🌻,21,30962,[等级14],[粉丝团 Lv10]
2026-05-13 21:09:24,1486975411439453,{,6,31169,[等级1],
2026-05-13 21:09:27,50917918059,🇨🇳一张張༊🌻,24,31362,[等级14],[粉丝团 Lv10]
2026-05-13 21:09:30,67173533157,呵忒（髋关节三期保守中）,36,31584,[等级26],[粉丝团 Lv10]
2026-05-13 21:09:33,81780019756,用星渲染夜得伤,21,31854,[等级24],[粉丝团 Lv10]
2026-05-13 21:09:36,67173533157,呵忒（髋关节三期保守中）,33,32103,[等级26],[粉丝团 Lv10]
2026-05-13 21:09:39,50917918059,🇨🇳一张張༊🌻,21,32353,[等级14],[粉丝团 Lv10]
2026-05-13 21:09:42,67173533157,呵忒（髋关节三期保守中）,33,32620,[等级26],[粉丝团 Lv10]
2026-05-13 21:09:45,2638426362375405,小依,36,32881,[等级15],[粉丝团 Lv11]
2026-05-13 21:09:48,67173533157,呵忒（髋关节三期保守中）,30,33085,[等级26],[粉丝团 Lv10]
2026-05-13 21:09:51,56076255513,苦菊,24,33308,[等级24],[粉丝团 Lv15]
2026-05-13 21:09:54,67173533157,呵忒（髋关节三期保守中）,30,33569,[等级26],[粉丝团 Lv10]
2026-05-13 21:09:57,2638426362375405,小依,39,33805,[等级15],[粉丝团 Lv11]
2026-05-13 21:10:00,67173533157,呵忒（髋关节三期保守中）,33,34058,[等级26],[粉丝团 Lv10]
2026-05-13 21:10:03,81780019756,用星渲染夜得伤,27,34264,[等级24],[粉丝团 Lv10]
2026-05-13 21:10:06,67173533157,呵忒（髋关节三期保守中）,33,34469,[等级26],[粉丝团 Lv10]
2026-05-13 21:10:09,50917918059,🇨🇳一张張༊🌻,27,34668,[等级14],[粉丝团 Lv10]
2026-05-13 21:10:12,86456515567,怀念,39,34863,[等级29],[粉丝团 Lv14]
2026-05-13 21:10:15,56076255513,苦菊,24,35038,[等级24],[粉丝团 Lv15]
2026-05-13 21:10:18,67173533157,呵忒（髋关节三期保守中）,33,35236,[等级26],[粉丝团 Lv10]
2026-05-13 21:10:21,81780019756,用星渲染夜得伤,15,35401,[等级24],[粉丝团 Lv10]
2026-05-13 21:10:24,61490940892,萘柒,27,35537,[等级8],[粉丝团 Lv9]
2026-05-13 21:10:27,97287806258,小吴同学,3,35679,[等级7],
2026-05-13 21:10:31,101188335525,我话少、你别闹,36,35857,[等级2],
2026-05-13 21:10:33,86456515567,怀念,33,36023,[等级29],[粉丝团 Lv14]
2026-05-13 21:10:37,101188335525,我话少、你别闹,36,36187,[等级2],
2026-05-13 21:10:39,50917918059,🇨🇳一张張༊🌻,9,36333,[等级14],[粉丝团 Lv10]
2026-05-13 21:10:42,101188335525,我话少、你别闹,3,36497,[等级2],
2026-05-13 21:10:46,95575600387,故事,33,36629,[等级23],[粉丝团 Lv13]
2026-05-13 21:10:48,3175868363977623,洋  仔⁸⁰⁰⁸,33,36730,[等级21],[粉丝团:张君雅 Lv12]
2026-05-13 21:10:51,50917918059,🇨🇳一张張༊🌻,24,36867,[等级14],[粉丝团 Lv10]
2026-05-13 21:10:54,86456515567,怀念,36,37016,[等级29],[粉丝团 Lv14]
2026-05-13 21:10:57,102923504213,599,21,37150,[等级28],[粉丝团 Lv11]
2026-05-13 21:11:00,99655499463,12.,27,37307,[等级32],[粉丝团 Lv12]
2026-05-13 21:11:03,64187689263,你看前面,6,37418,[等级6],[粉丝团 Lv4]
2026-05-13 21:11:06,4262160533822109,晓大人,3,37543,[等级15],[粉丝团 Lv12]
2026-05-13 21:11:10,64187689263,你看前面,30,37738,[等级6],[粉丝团 Lv4]
2026-05-13 21:11:12,68136174816,K I,30,37852,[等级19],[粉丝团 Lv4]
2026-05-13 21:11:15,56076255513,苦菊,24,38016,[等级24],[粉丝团 Lv15]
2026-05-13 21:11:19,3663228569664605,天空无云,15,38156,[等级15],[粉丝团 Lv11]
2026-05-13 21:11:21,102923504213,599,30,38313,[等级28],[粉丝团 Lv11]
2026-05-13 21:11:24,98585669735,1个西瓜不够吃,24,38437,[等级1],
2026-05-13 21:11:27,102923504213,599,27,38621,[等级28],[粉丝团 Lv11]
2026-05-13 21:11:30,61428571017,河北第一深情,3,38739,[等级14],
2026-05-13 21:11:33,56076255513,苦菊,24,38864,[等级24],[粉丝团 Lv15]
2026-05-13 21:11:36,98585669735,1个西瓜不够吃,30,38971,[等级1],
2026-05-13 21:11:39,95575600387,故事,30,39104,[等级23],[粉丝团 Lv13]
2026-05-13 21:11:42,59663065416,失眠数羊🐑,3,39228,[等级6],[粉丝团 Lv6]
2026-05-13 21:11:45,95575600387,故事,36,39357,[等级23],[粉丝团 Lv13]
2026-05-13 21:11:48,3663228569664605,天空无云,27,39473,[等级15],[粉丝团 Lv11]
2026-05-13 21:11:51,56076255513,苦菊,24,39567,[等级24],[粉丝团 Lv15]
2026-05-13 21:11:54,3663228569664605,天空无云,36,39679,[等级15],[粉丝团 Lv11]
2026-05-13 21:11:58,95575600387,故事,42,39802,[等级23],[粉丝团 Lv13]
2026-05-13 21:12:00,2766016260349262,随缘&,27,39909,[等级27],[粉丝团 Lv11]
2026-05-13 21:12:04,95575600387,故事,36,40023,[等级23],[粉丝团 Lv13]
2026-05-13 21:12:07,103729992765,小八呀,6,40136,[等级25],[粉丝团 Lv3]
2026-05-13 21:12:09,95575600387,故事,36,40246,[等级23],[粉丝团 Lv13]
2026-05-13 21:12:13,56076255513,苦菊,24,40387,[等级24],[粉丝团 Lv15]
2026-05-13 21:12:15,56076255513,苦菊,21,40455,[等级24],[粉丝团 Lv15]
2026-05-13 21:12:18,98585669735,1个西瓜不够吃,24,40556,[等级1],
2026-05-13 21:12:21,56076255513,苦菊,21,40644,[等级24],[粉丝团 Lv15]
2026-05-13 21:12:24,2766016260349262,随缘&,9,40727,[等级27],[粉丝团 Lv11]
2026-05-13 21:12:27,95575600387,故事,42,40851,[等级23],[粉丝团 Lv13]
2026-05-13 21:12:30,2766016260349262,随缘&,27,40937,[等级27],[粉丝团 Lv11]
2026-05-13 21:12:33,56076255513,苦菊,24,41023,[等级24],[粉丝团 Lv15]
2026-05-13 21:12:36,2766016260349262,随缘&,27,41133,[等级27],[粉丝团 Lv11]
2026-05-13 21:12:39,56076255513,苦菊,21,41212,[等级24],[粉丝团 Lv15]
2026-05-13 21:12:42,98585669735,1个西瓜不够吃,24,41324,[等级1],
2026-05-13 21:12:45,95575600387,故事,42,41435,[等级23],[粉丝团 Lv13]
2026-05-13 21:12:48,2766016260349262,随缘&,27,41559,[等级27],[粉丝团 Lv11]
2026-05-13 21:12:51,95575600387,故事,42,41682,[等级23],[粉丝团 Lv13]
2026-05-13 21:12:54,2766016260349262,随缘&,27,41797,[等级27],[粉丝团 Lv11]
2026-05-13 21:12:58,95575600387,故事,36,41933,[等级23],[粉丝团 Lv13]
2026-05-13 21:13:00,98585669735,1个西瓜不够吃,21,42026,[等级1],
2026-05-13 21:13:04,95575600387,故事,27,42142,[等级23],[粉丝团 Lv13]
2026-05-13 21:13:06,98585669735,1个西瓜不够吃,24,42246,[等级1],
2026-05-13 21:13:09,3663228569664605,天空无云,36,42371,[等级15],[粉丝团 Lv11]
2026-05-13 21:13:12,2766016260349262,随缘&,27,42489,[等级27],[粉丝团 Lv11]
2026-05-13 21:13:16,756883496633111,小鱼,33,42614,[等级32],[粉丝团 Lv16]
2026-05-13 21:13:18,68136174816,K I,30,42720,[等级19],[粉丝团 Lv4]
2026-05-13 21:13:21,73133140989,行稳致远,24,42864,[等级31],[粉丝团 Lv15]
2026-05-13 21:13:24,2766016260349262,随缘&,21,43003,[等级27],[粉丝团 Lv11]
2026-05-13 21:13:27,73133140989,行稳致远,15,43130,[等级31],[粉丝团 Lv15]
2026-05-13 21:13:30,81780019756,用星渲染夜得伤,30,43219,[等级24],[粉丝团 Lv10]
2026-05-13 21:13:33,73133140989,行稳致远,24,43321,[等级31],[粉丝团 Lv15]
2026-05-13 21:13:36,81780019756,用星渲染夜得伤,36,43425,[等级24],[粉丝团 Lv10]
2026-05-13 21:13:39,56076255513,苦菊,27,43520,[等级24],[粉丝团 Lv15]
2026-05-13 21:13:42,81780019756,用星渲染夜得伤,9,43628,[等级24],[粉丝团 Lv10]
2026-05-13 21:13:45,95575600387,故事,27,43724,[等级23],[粉丝团 Lv13]
2026-05-13 21:13:49,2766016260349262,随缘&,24,43795,[等级27],[粉丝团 Lv11]
2026-05-13 21:13:51,95575600387,故事,27,43886,[等级23],[粉丝团 Lv13]
2026-05-13 21:13:54,2766016260349262,随缘&,27,43947,[等级27],[粉丝团 Lv11]
2026-05-13 21:13:57,95575600387,故事,30,44027,[等级23],[粉丝团 Lv13]
2026-05-13 21:14:00,81780019756,用星渲染夜得伤,21,44091,[等级24],[粉丝团 Lv10]
2026-05-13 21:14:03,56076255513,苦菊,24,44157,[等级24],[粉丝团 Lv15]
2026-05-13 21:14:07,2766016260349262,随缘&,24,44241,[等级27],[粉丝团 Lv11]
2026-05-13 21:14:09,56076255513,苦菊,24,44323,[等级24],[粉丝团 Lv15]
2026-05-13 21:14:12,73133140989,行稳致远,18,44451,[等级31],[粉丝团 Lv15]
2026-05-13 21:14:16,95575600387,故事,39,44573,[等级23],[粉丝团 Lv13]
2026-05-13 21:14:18,73133140989,行稳致远,27,44687,[等级31],[粉丝团 Lv15]
2026-05-13 21:14:21,95575600387,故事,33,44818,[等级23],[粉丝团 Lv13]
2026-05-13 21:14:24,81780019756,用星渲染夜得伤,21,44904,[等级24],[粉丝团 Lv10]
2026-05-13 21:14:27,95575600387,故事,39,44997,[等级23],[粉丝团 Lv13]
2026-05-13 21:14:30,91616813169,七点兀,33,45119,[等级7],[粉丝团 Lv2]
2026-05-13 21:14:33,59707322642,🌈我是扬帆阿,3,45209,[等级11],[粉丝团 Lv2]
2026-05-13 21:14:36,3663228569664605,天空无云,42,45327,[等级15],[粉丝团 Lv11]
2026-05-13 21:14:39,63800656091,只吃一口口,6,45444,[等级18],
2026-05-13 21:14:42,2872353853023439,疲城,9,45502,[等级33],[粉丝团 Lv10]
2026-05-13 21:14:45,1906967174984656,琪不奇怪,30,45612,[等级10],[粉丝团 Lv9]
2026-05-13 21:14:49,81780019756,用星渲染夜得伤,21,45680,[等级24],[粉丝团 Lv10]
2026-05-13 21:14:51,2766016260349262,随缘&,27,45752,[等级27],[粉丝团 Lv11]
2026-05-13 21:14:54,3663228569664605,天空无云,33,45805,[等级15],[粉丝团 Lv11]
2026-05-13 21:14:57,109233648025,澄境管家（家政服务）,24,45907,[等级26],[粉丝团 Lv12]
2026-05-13 21:15:01,3663228569664605,天空无云,30,46001,[等级15],[粉丝团 Lv11]
2026-05-13 21:15:03,99106545473,碧珍阁二当家,36,46107,[等级14],[粉丝团 Lv10]
2026-05-13 21:15:07,7442318742409184313,Vv恬,9,46192,[等级15],[粉丝团 Lv10]
2026-05-13 21:15:09,2766016260349262,随缘&,27,46290,[等级27],[粉丝团 Lv11]
2026-05-13 21:15:12,81780019756,用星渲染夜得伤,21,46401,[等级24],[粉丝团 Lv10]
2026-05-13 21:15:16,1906967174984656,琪不奇怪,21,46491,[等级10],[粉丝团 Lv9]
2026-05-13 21:15:18,96565447462,时宜,42,46556,[等级30],[粉丝团:张君雅 Lv15]
2026-05-13 21:15:21,2766016260349262,随缘&,27,46638,[等级27],[粉丝团 Lv11]
2026-05-13 21:15:24,101138818359,小鱼,30,46796,[等级34],[粉丝团 Lv15]
2026-05-13 21:15:27,2766016260349262,随缘&,27,46895,[等级27],[粉丝团 Lv11]
2026-05-13 21:15:30,96565447462,时宜,39,47015,[等级30],[粉丝团:张君雅 Lv15]
2026-05-13 21:15:33,2766016260349262,随缘&,27,47139,[等级27],[粉丝团 Lv11]
2026-05-13 21:15:36,98460975967,ەㅤㅤㅤㅤㅤㅤㅤㅤㅤ一个蛋🥚 ㅤㅤㅤㅤ,30,47274,[等级34],[粉丝团 Lv10]
2026-05-13 21:15:39,2766016260349262,随缘&,27,47390,[等级27],[粉丝团 Lv11]
2026-05-13 21:15:42,96565447462,时宜,33,47537,[等级30],[粉丝团:张君雅 Lv15]
2026-05-13 21:15:45,87168731759,哦哄󰠇,3,47687,[等级20],[粉丝团 Lv12]
2026-05-13 21:15:48,2638426362375405,小依,39,47864,[等级15],[粉丝团 Lv11]
2026-05-13 21:15:51,2766016260349262,随缘&,24,48068,[等级27],[粉丝团 Lv11]
2026-05-13 21:15:54,96565447462,时宜,18,48229,[等级30],[粉丝团:张君雅 Lv15]
2026-05-13 21:15:57,2766016260349262,随缘&,24,48459,[等级27],[粉丝团 Lv11]
2026-05-13 21:16:00,2177479499854541,Miao,9,48644,[等级4],
2026-05-13 21:16:03,2766016260349262,随缘&,27,48835,[等级27],[粉丝团 Lv11]
2026-05-13 21:16:06,2093067748255504,@？～￥￥￥￥ycfx,39,49020,[等级13],[粉丝团 Lv13]
2026-05-13 21:16:09,93519424336,佳,30,49194,[等级12],[粉丝团 Lv8]
2026-05-13 21:16:12,3663228569664605,天空无云,36,49432,[等级15],[粉丝团 Lv11]
2026-05-13 21:16:15,93519424336,佳,6,49695,[等级12],[粉丝团 Lv8]
2026-05-13 21:16:18,3663228569664605,天空无云,39,49914,[等级15],[粉丝团 Lv11]
2026-05-13 21:16:21,76363130420,无可替戴,30,50140,[等级38],[粉丝团 Lv6]
2026-05-13 21:16:24,3663228569664605,天空无云,36,50353,[等级15],[粉丝团 Lv11]
2026-05-13 21:16:27,71480910685,（Q）,30,50525,[等级25],[粉丝团 Lv13]
2026-05-13 21:16:30,2093067748255504,@？～￥￥￥￥ycfx,39,50669,[等级13],[粉丝团 Lv13]
2026-05-13 21:16:34,110944792083,ঞৣঁ᭄ℯ⃝放下᭄,27,50801,[等级10],
2026-05-13 21:16:36,7555682203687240761,不是蓝衣,3,50892,[等级1],
2026-05-13 21:16:39,71480910685,（Q）,30,51035,[等级25],[粉丝团 Lv13]
2026-05-13 21:16:43,2458102176691848,堇年,24,51164,[等级12],[粉丝团 Lv10]
2026-05-13 21:16:45,71480910685,（Q）,27,51305,[等级25],[粉丝团 Lv13]
2026-05-13 21:16:49,61786771095,洛小圣,3,51409,[等级3],
2026-05-13 21:16:51,71480910685,（Q）,27,51515,[等级25],[粉丝团 Lv13]
2026-05-13 21:16:55,101138818359,小鱼,33,51590,[等级34],[粉丝团 Lv15]
2026-05-13 21:16:57,71480910685,（Q）,27,51675,[等级25],[粉丝团 Lv13]
2026-05-13 21:17:01,101138818359,小鱼,33,51744,[等级34],[粉丝团 Lv15]
2026-05-13 21:17:03,71480910685,（Q）,27,51836,[等级25],[粉丝团 Lv13]
2026-05-13 21:17:07,101138818359,小鱼,30,51906,[等级34],[粉丝团 Lv15]
2026-05-13 21:17:09,81780019756,用星渲染夜得伤,3,51997,[等级24],[粉丝团 Lv10]
2026-05-13 21:17:12,71053693862,碎碎念,39,52105,[等级14],[粉丝团 Lv7]
2026-05-13 21:17:15,81780019756,用星渲染夜得伤,33,52229,[等级24],[粉丝团 Lv10]
2026-05-13 21:17:18,87174404436,爱笑的猫,30,52347,[等级7],[粉丝团 Lv1]
2026-05-13 21:17:21,81780019756,用星渲染夜得伤,36,52461,[等级24],[粉丝团 Lv10]
2026-05-13 21:17:24,87174404436,爱笑的猫,24,52576,[等级7],[粉丝团 Lv1]
2026-05-13 21:17:27,81780019756,用星渲染夜得伤,33,52681,[等级24],[粉丝团 Lv10]
2026-05-13 21:17:30,87174404436,爱笑的猫,27,52761,[等级7],[粉丝团 Lv1]
2026-05-13 21:17:34,110944792083,ঞৣঁ᭄ℯ⃝放下᭄,30,52852,[等级10],
2026-05-13 21:17:36,87174404436,爱笑的猫,27,52938,[等级7],[粉丝团 Lv1]
2026-05-13 21:17:39,81780019756,用星渲染夜得伤,33,53055,[等级24],[粉丝团 Lv10]
2026-05-13 21:17:42,2766016260349262,随缘&,24,53164,[等级27],[粉丝团 Lv11]
2026-05-13 21:17:46,68602748368,王呆呆掌福🧧,3,53285,[等级25],[粉丝团 Lv13]
2026-05-13 21:17:48,101138818359,小鱼,30,53392,[等级34],[粉丝团 Lv15]
2026-05-13 21:17:51,81780019756,用星渲染夜得伤,33,53529,[等级24],[粉丝团 Lv10]
2026-05-13 21:17:55,101138818359,小鱼,30,53630,[等级34],[粉丝团 Lv15]
2026-05-13 21:17:57,87174404436,爱笑的猫,9,53736,[等级7],[粉丝团 Lv1]
2026-05-13 21:18:00,1117581204274238,枫叶🍁,3,53816,[等级27],
2026-05-13 21:18:03,59663065416,失眠数羊🐑,27,53913,[等级6],[粉丝团 Lv6]
2026-05-13 21:18:06,2713216199700523,🤡小妖怪🤡,30,54041,[等级31],
2026-05-13 21:18:09,59663065416,失眠数羊🐑,27,54169,[等级6],[粉丝团 Lv6]
2026-05-13 21:18:13,59663065416,失眠数羊🐑,24,54305,[等级6],[粉丝团 Lv6]
2026-05-13 21:18:15,59663065416,失眠数羊🐑,21,54372,[等级6],[粉丝团 Lv6]
2026-05-13 21:18:18,7634536216314332197,TmQi,30,54465,[等级3],[粉丝团 Lv4]
2026-05-13 21:18:21,1906967174984656,琪不奇怪,33,54580,[等级10],[粉丝团 Lv9]
2026-05-13 21:18:24,1117581204274238,枫叶🍁,3,54699,[等级27],
2026-05-13 21:18:27,1906967174984656,琪不奇怪,33,54804,[等级10],[粉丝团 Lv9]
2026-05-13 21:18:30,7634536216314332197,TmQi,12,54889,[等级3],[粉丝团 Lv4]
2026-05-13 21:18:33,67810417438,暖心忆·ing,12,54981,[等级24],[粉丝团 Lv15]
2026-05-13 21:18:36,7634536216314332197,TmQi,24,55098,[等级3],[粉丝团 Lv4]
2026-05-13 21:18:39,106062205613,北京小黑哥,6,55196,[等级6],[粉丝团 Lv6]
2026-05-13 21:18:42,87174404436,爱笑的猫,24,55320,[等级7],[粉丝团 Lv1]
2026-05-13 21:18:46,58535558438,ジ你唯愛办,27,55475,[等级15],[粉丝团 Lv2]
2026-05-13 21:18:48,57164898286,左边☜有颗痣,33,55563,[等级16],[粉丝团 Lv2]
2026-05-13 21:18:52,58535558438,ジ你唯愛办,30,55671,[等级15],[粉丝团 Lv2]
2026-05-13 21:18:54,57164898286,左边☜有颗痣,30,55753,[等级16],[粉丝团 Lv2]
2026-05-13 21:18:57,58535558438,ジ你唯愛办,30,55858,[等级15],[粉丝团 Lv2]
2026-05-13 21:19:00,57164898286,左边☜有颗痣,30,55955,[等级16],[粉丝团 Lv2]
2026-05-13 21:19:04,81780019756,用星渲染夜得伤,33,56084,[等级24],[粉丝团 Lv10]
2026-05-13 21:19:06,57164898286,左边☜有颗痣,30,56175,[等级16],[粉丝团 Lv2]
2026-05-13 21:19:09,103608361587,雨夜！！！,24,56268,[等级39],[粉丝团 Lv10]
2026-05-13 21:19:12,57164898286,左边☜有颗痣,30,56383,[等级16],[粉丝团 Lv2]
2026-05-13 21:19:16,81780019756,用星渲染夜得伤,36,56484,[等级24],[粉丝团 Lv10]
2026-05-13 21:19:18,57164898286,左边☜有颗痣,27,56547,[等级16],[粉丝团 Lv2]
2026-05-13 21:19:21,4273160825603020,正在努力中,24,56633,[等级1],
2026-05-13 21:19:24,57164898286,左边☜有颗痣,24,56735,[等级16],[粉丝团 Lv2]
2026-05-13 21:19:27,111062042892,想不出昵称👋,21,56810,[等级10],
2026-05-13 21:19:30,57164898286,左边☜有颗痣,24,56946,[等级16],[粉丝团 Lv2]
2026-05-13 21:19:33,73133140989,行稳致远,24,57085,[等级31],[粉丝团 Lv15]
2026-05-13 21:19:36,1117581204274238,枫叶🍁,3,57244,[等级27],
2026-05-13 21:19:39,73133140989,行稳致远,18,57349,[等级31],[粉丝团 Lv15]
2026-05-13 21:19:42,57164898286,左边☜有颗痣,27,57498,[等级16],[粉丝团 Lv2]
2026-05-13 21:19:45,7567403286325478437,日行一善积大德，日行多善积积大大德,30,57624,[等级10],[粉丝团 Lv10]
2026-05-13 21:19:48,57164898286,左边☜有颗痣,27,57738,[等级16],[粉丝团 Lv2]
2026-05-13 21:19:52,7567403286325478437,日行一善积大德，日行多善积积大大德,30,57879,[等级10],[粉丝团 Lv10]
2026-05-13 21:19:54,57164898286,左边☜有颗痣,30,57999,[等级16],[粉丝团 Lv2]
2026-05-13 21:19:57,918823881682087,&无感状态,36,58183,[等级17],
2026-05-13 21:20:00,57164898286,左边☜有颗痣,30,58327,[等级16],[粉丝团 Lv2]
2026-05-13 21:20:03,7880403899,why,6,58505,[等级5],
2026-05-13 21:20:06,57164898286,左边☜有颗痣,30,58671,[等级16],[粉丝团 Lv2]
2026-05-13 21:20:09,7880403899,why,27,58860,[等级5],
2026-05-13 21:20:12,57164898286,左边☜有颗痣,30,59070,[等级16],[粉丝团 Lv2]
2026-05-13 21:20:15,918823881682087,&无感状态,36,59251,[等级17],
2026-05-13 21:20:18,530428046355452,不经意亲你一口,36,59374,[等级34],[粉丝团 Lv9]
2026-05-13 21:20:21,7615988333545931813,ik-🦋,21,59547,,
2026-05-13 21:20:24,60806748798,王蓉～小柠檬麻麻,27,59684,[等级12],[粉丝团 Lv10]
2026-05-13 21:20:27,7567403286325478437,日行一善积大德，日行多善积积大大德,27,59850,[等级10],[粉丝团 Lv10]
2026-05-13 21:20:30,530428046355452,不经意亲你一口,42,59948,[等级34],[粉丝团 Lv9]
2026-05-13 21:20:33,7567403286325478437,日行一善积大德，日行多善积积大大德,27,60057,[等级10],[粉丝团 Lv10]
2026-05-13 21:20:36,60806748798,王蓉～小柠檬麻麻,30,60139,[等级12],[粉丝团 Lv10]
2026-05-13 21:20:39,7567403286325478437,日行一善积大德，日行多善积积大大德,27,60270,[等级10],[粉丝团 Lv10]
2026-05-13 21:20:42,57164898286,左边☜有颗痣,30,60382,[等级16],[粉丝团 Lv2]
2026-05-13 21:20:45,7567403286325478437,日行一善积大德，日行多善积积大大德,27,60509,[等级10],[粉丝团 Lv10]
2026-05-13 21:20:48,57164898286,左边☜有颗痣,30,60610,[等级16],[粉丝团 Lv2]
2026-05-13 21:20:51,7567403286325478437,日行一善积大德，日行多善积积大大德,24,60738,[等级10],[粉丝团 Lv10]
2026-05-13 21:20:55,81780019756,用星渲染夜得伤,30,60858,[等级24],[粉丝团 Lv10]
2026-05-13 21:20:57,7567403286325478437,日行一善积大德，日行多善积积大大德,27,60938,[等级10],[粉丝团 Lv10]
2026-05-13 21:21:00,96565447462,时宜,18,61029,[等级30],[粉丝团:张君雅 Lv15]
2026-05-13 21:21:03,7567403286325478437,日行一善积大德，日行多善积积大大德,24,61210,[等级10],[粉丝团 Lv10]
2026-05-13 21:21:06,96565447462,时宜,39,61363,[等级30],[粉丝团:张君雅 Lv15]
2026-05-13 21:21:09,106180486237,辻弌@,30,61559,[等级13],
2026-05-13 21:21:13,93412289368,Xuan,27,61700,[等级7],[粉丝团 Lv10]
2026-05-13 21:21:15,932830782428544,肖恩Sean,39,61920,[等级14],[粉丝团 Lv6]
2026-05-13 21:21:18,862438361147135,今晚⊙▽⊙月色真美,36,62079,[等级32],[粉丝团 Lv10]
2026-05-13 21:21:21,932830782428544,肖恩Sean,39,62271,[等级14],[粉丝团 Lv6]
2026-05-13 21:21:24,862438361147135,今晚⊙▽⊙月色真美,36,62385,[等级32],[粉丝团 Lv10]
2026-05-13 21:21:27,932830782428544,肖恩Sean,36,62499,[等级14],[粉丝团 Lv6]
2026-05-13 21:21:30,862438361147135,今晚⊙▽⊙月色真美,36,62589,[等级32],[粉丝团 Lv10]
2026-05-13 21:21:33,932830782428544,肖恩Sean,42,62769,[等级14],[粉丝团 Lv6]
2026-05-13 21:21:36,96565447462,时宜,36,62837,[等级30],[粉丝团:张君雅 Lv15]
2026-05-13 21:21:39,7567403286325478437,日行一善积大德，日行多善积积大大德,24,62945,[等级10],[粉丝团 Lv10]
2026-05-13 21:21:42,96565447462,时宜,36,63015,[等级30],[粉丝团:张君雅 Lv15]
2026-05-13 21:21:45,932830782428544,肖恩Sean,36,63131,[等级14],[粉丝团 Lv6]
2026-05-13 21:21:49,695332978832984,浅醉🌈,36,63251,[等级19],[粉丝团 Lv11]
2026-05-13 21:21:51,7567403286325478437,日行一善积大德，日行多善积积大大德,24,63328,[等级10],[粉丝团 Lv10]
2026-05-13 21:21:54,1116699846516204,茶香园,6,63416,[等级13],[粉丝团 Lv3]
2026-05-13 21:21:57,7567403286325478437,日行一善积大德，日行多善积积大大德,27,63500,[等级10],[粉丝团 Lv10]
2026-05-13 21:22:00,96372548189208,@安生,24,63586,[等级7],[粉丝团 Lv1]
2026-05-13 21:22:03,7567403286325478437,日行一善积大德，日行多善积积大大德,18,63681,[等级10],[粉丝团 Lv10]
2026-05-13 21:22:07,695332978832984,浅醉🌈,36,63792,[等级19],[粉丝团 Lv11]
2026-05-13 21:22:10,932830782428544,肖恩Sean,33,63857,[等级14],[粉丝团 Lv6]
2026-05-13 21:22:12,2815185338247672,ct369,6,63914,,
2026-05-13 21:22:15,99912673883,满山的蒲公英,3,63989,[等级7],
2026-05-13 21:22:19,2458102176691848,堇年,12,64062,[等级12],[粉丝团 Lv10]
2026-05-13 21:22:21,932830782428544,肖恩Sean,42,64144,[等级14],[粉丝团 Lv6]
2026-05-13 21:22:25,1019944396398461,凡随意,15,64237,[等级16],[粉丝团 Lv9]
2026-05-13 21:22:27,932830782428544,肖恩Sean,36,64322,[等级14],[粉丝团 Lv6]
2026-05-13 21:22:31,2276438815812980,星星的月亮,24,64390,[等级2],
2026-05-13 21:22:33,7615988333545931813,ik-🦋,36,64444,,
2026-05-13 21:22:36,1116699846516204,茶香园,3,64480,[等级13],[粉丝团 Lv3]
2026-05-13 21:22:39,7615988333545931813,ik-🦋,33,64541,,
2026-05-13 21:22:43,7615988333545931813,ik-🦋,33,64610,,
2026-05-13 21:22:45,7615988333545931813,ik-🦋,36,64640,,
2026-05-13 21:22:50,7615988333545931813,ik-🦋,33,64692,,
2026-05-13 21:22:51,7615988333545931813,ik-🦋,36,64717,,
2026-05-13 21:22:54,1116699846516204,茶香园,24,64749,[等级13],[粉丝团 Lv3]
2026-05-13 21:22:58,7615988333545931813,ik-🦋,33,64793,,
2026-05-13 21:23:00,1116699846516204,茶香园,3,64818,[等级13],[粉丝团 Lv3]
2026-05-13 21:23:04,7615988333545931813,ik-🦋,33,64867,,
2026-05-13 21:23:08,7615988333545931813,ik-🦋,36,64922,,
2026-05-13 21:23:10,7615988333545931813,ik-🦋,33,64953,,
2026-05-13 21:23:13,7615988333545931813,ik-🦋,24,65009,,
2026-05-13 21:23:15,68022275717,海纳百川-,3,65032,[等级7],
2026-05-13 21:23:20,932830782428544,肖恩Sean,39,65057,[等级14],[粉丝团 Lv6]
2026-05-13 21:23:22,932830782428544,肖恩Sean,42,65078,[等级14],[粉丝团 Lv6]
2026-05-13 21:23:25,59194626167,🐷呼噜噜,6,65092,[等级20],
2026-05-13 21:23:28,932830782428544,肖恩Sean,42,65122,[等级14],[粉丝团 Lv6]
2026-05-13 21:23:32,862438361147135,今晚⊙▽⊙月色真美,39,65177,[等级32],[粉丝团 Lv10]
2026-05-13 21:23:34,862438361147135,今晚⊙▽⊙月色真美,36,65200,[等级32],[粉丝团 Lv10]
2026-05-13 21:23:36,2291036694261134,改个名吧,3,65214,[等级2],
2026-05-13 21:23:40,7615988333545931813,ik-🦋,30,65261,,
2026-05-13 21:23:42,932830782428544,肖恩Sean,33,65286,[等级14],[粉丝团 Lv6]
2026-05-13 21:23:45,4273160825603020,正在努力中,9,65332,[等级1],
2026-05-13 21:23:48,2831963117862039,悲伤的火鸡面,3,65370,[等级13],[粉丝团 Lv10]
2026-05-13 21:23:52,7615988333545931813,ik-🦋,27,65426,,
2026-05-13 21:23:54,932830782428544,肖恩Sean,36,65458,[等级14],[粉丝团 Lv6]
2026-05-13 21:23:58,97287806258,小吴同学,3,65491,[等级7],
2026-05-13 21:24:00,932830782428544,肖恩Sean,42,65530,[等级14],[粉丝团 Lv6]
2026-05-13 21:24:03,71222201715,苹果嘉儿,33,65577,[等级7],[粉丝团 Lv8]
2026-05-13 21:24:06,71126905166,抖音小肋手,15,65633,[等级10],[粉丝团 Lv10]
2026-05-13 21:24:09,71222201715,苹果嘉儿,36,65668,[等级7],[粉丝团 Lv8]
2026-05-13 21:24:12,932830782428544,肖恩Sean,24,65720,[等级14],[粉丝团 Lv6]
2026-05-13 21:24:15,71222201715,苹果嘉儿,27,65765,[等级7],[粉丝团 Lv8]
2026-05-13 21:24:18,3191251452045852,꧁梁ℒℴѵℯ未知¹³¹⁴꧂,18,65809,[等级25],
2026-05-13 21:24:21,71222201715,苹果嘉儿,36,65832,[等级7],[粉丝团 Lv8]
2026-05-13 21:24:24,98095736067,大通美人美妆,12,65844,[等级29],[粉丝团 Lv13]
2026-05-13 21:24:27,71222201715,苹果嘉儿,30,65876,[等级7],[粉丝团 Lv8]
2026-05-13 21:24:31,3335288711035754,钟达栋,15,65944,,
2026-05-13 21:24:33,71222201715,苹果嘉儿,18,65975,[等级7],[粉丝团 Lv8]
2026-05-13 21:24:36,71126905166,抖音小肋手,30,66022,[等级10],[粉丝团 Lv10]
2026-05-13 21:24:39,99522701929,沉默不语陈先生,6,66077,[等级3],
2026-05-13 21:24:43,57164898286,左边☜有颗痣,33,66140,[等级16],[粉丝团 Lv3]
2026-05-13 21:24:46,95442492567,破浪,36,66196,[等级29],[粉丝团 Lv12]
2026-05-13 21:24:49,71126905166,抖音小肋手,9,66243,[等级10],[粉丝团 Lv10]
2026-05-13 21:24:52,95442492567,破浪,36,66310,[等级29],[粉丝团 Lv12]
2026-05-13 21:24:54,71126905166,抖音小肋手,30,66348,[等级10],[粉丝团 Lv10]
2026-05-13 21:24:58,95442492567,破浪,36,66421,[等级29],[粉丝团 Lv12]
2026-05-13 21:25:01,70988111361,小肥牛,18,66472,[等级33],[粉丝团 Lv15]
2026-05-13 21:25:04,95442492567,破浪,33,66547,[等级29],[粉丝团 Lv12]
2026-05-13 21:25:06,1525727803479128,十点🍪,39,66596,[等级38],[粉丝团 Lv11]
2026-05-13 21:25:09,70988111361,小肥牛,24,66628,[等级33],[粉丝团 Lv15]
2026-05-13 21:25:13,1525727803479128,十点🍪,33,66692,[等级38],[粉丝团 Lv11]
2026-05-13 21:25:16,7615988333545931813,ik-🦋,30,66745,,
2026-05-13 21:25:19,1525727803479128,十点🍪,36,66811,[等级38],[粉丝团 Lv11]
2026-05-13 21:25:22,99146661682,快到锅李来,33,66856,[等级10],[粉丝团 Lv9]
2026-05-13 21:25:25,1525727803479128,十点🍪,36,66905,[等级38],[粉丝团 Lv11]
2026-05-13 21:25:28,71126905166,抖音小肋手,30,66945,[等级10],[粉丝团 Lv10]
2026-05-13 21:25:31,1525727803479128,十点🍪,36,66991,[等级38],[粉丝团 Lv11]
2026-05-13 21:25:34,71126905166,抖音小肋手,15,67021,[等级10],[粉丝团 Lv10]
2026-05-13 21:25:36,82494871902,별,3,67054,[等级17],
2026-05-13 21:25:39,1490585020799956,杀人放火历飞雨,6,67091,,
2026-05-13 21:25:43,82494871902,별,3,67156,[等级17],
2026-05-13 21:25:46,95152804115,雪er.,3,67195,[等级4],
2026-05-13 21:25:49,6472167828,顺城,6,67243,[等级22],[粉丝团 Lv15]
2026-05-13 21:25:51,179966898602747,🍇,9,67279,[等级29],[粉丝团 Lv6]
2026-05-13 21:25:54,7615988333545931813,ik-🦋,3,67323,,
2026-05-13 21:25:58,99146661682,快到锅李来,12,67359,[等级10],[粉丝团 Lv9]
2026-05-13 21:26:00,7615988333545931813,ik-🦋,27,67398,,
2026-05-13 21:26:04,99146661682,快到锅李来,21,67477,[等级10],[粉丝团 Lv9]
2026-05-13 21:26:06,99146661682,快到锅李来,27,67543,[等级10],[粉丝团 Lv9]
2026-05-13 21:26:10,92616925981,李度春风,33,67665,[等级25],[粉丝团 Lv13]
2026-05-13 21:26:13,4468062159648576,LK,39,67764,[等级27],[粉丝团 Lv15]
2026-05-13 21:26:16,71126905166,抖音小肋手,30,67843,[等级10],[粉丝团 Lv10]
2026-05-13 21:26:18,470207716141453,座等斗地主,3,67900,[等级11],[粉丝团 Lv11]
2026-05-13 21:26:22,71126905166,抖音小肋手,12,67989,[等级10],[粉丝团 Lv10]
2026-05-13 21:26:25,4468062159648576,LK,39,68052,[等级27],[粉丝团 Lv15]
2026-05-13 21:26:28,7615988333545931813,ik-🦋,30,68103,,
2026-05-13 21:26:31,1490585020799956,杀人放火历飞雨,24,68191,,
2026-05-13 21:26:33,7615988333545931813,ik-🦋,6,68267,,
2026-05-13 21:26:36,1490585020799956,杀人放火历飞雨,24,68352,,
2026-05-13 21:26:39,179966898602747,🍇,21,68411,[等级29],[粉丝团 Lv6]
2026-05-13 21:26:42,77416951506,ら孤痞,6,68467,[等级36],[粉丝团 Lv17]
2026-05-13 21:26:45,1895194513901262,陈皮皮⁵¹⁰⁷⁴,18,68516,[等级28],[粉丝团 Lv16]
2026-05-13 21:26:48,72178360088,出门前先拉个屎,6,68633,[等级3],
2026-05-13 21:26:51,69448501504,菜喵,30,68732,[等级23],[粉丝团 Lv5]
2026-05-13 21:26:55,2837203945787854,予熙💫,3,68866,[等级30],[粉丝团 Lv11]
2026-05-13 21:26:57,69448501504,菜喵,30,68964,[等级23],[粉丝团 Lv5]
2026-05-13 21:27:00,1333072968562500,缁,36,69119,[等级16],[粉丝团 Lv14]
2026-05-13 21:27:03,63823638541,有你任性,24,69249,[等级20],[粉丝团 Lv11]
2026-05-13 21:27:07,2885576101472814,哇哇哇,30,69355,[等级13],
2026-05-13 21:27:09,849237951649356,吴彦祖.,9,69431,[等级10],
2026-05-13 21:27:13,2885576101472814,哇哇哇,30,69525,[等级13],
2026-05-13 21:27:15,71126905166,抖音小肋手,30,69614,[等级10],[粉丝团 Lv10]
2026-05-13 21:27:18,2885576101472814,哇哇哇,27,69736,[等级13],
2026-05-13 21:27:21,71126905166,抖音小肋手,36,69860,[等级10],[粉丝团 Lv10]
2026-05-13 21:27:24,2885576101472814,哇哇哇,15,70000,[等级13],
2026-05-13 21:27:27,71126905166,抖音小肋手,30,70098,[等级10],[粉丝团 Lv10]
2026-05-13 21:27:31,1750047908434414,往事随风而逝,15,70172,[等级23],[粉丝团 Lv12]
2026-05-13 21:27:33,71126905166,抖音小肋手,30,70230,[等级10],[粉丝团 Lv10]
2026-05-13 21:27:36,59306316599,邢台回收空调  厨房设备,6,70308,[等级11],[粉丝团 Lv11]
2026-05-13 21:27:39,71126905166,抖音小肋手,27,70385,[等级10],[粉丝团 Lv10]
2026-05-13 21:27:42,2801996860753800,红枣树,24,70472,[等级28],[粉丝团 Lv11]
2026-05-13 21:27:45,71126905166,抖音小肋手,6,70575,[等级10],[粉丝团 Lv10]
2026-05-13 21:27:48,61520066313,勇哥,3,70682,[等级15],
2026-05-13 21:27:51,71126905166,抖音小肋手,30,70798,[等级10],[粉丝团 Lv10]
2026-05-13 21:27:54,2801996860753800,红枣树,24,70902,[等级28],[粉丝团 Lv11]
2026-05-13 21:27:57,71126905166,抖音小肋手,30,71039,[等级10],[粉丝团 Lv10]
2026-05-13 21:28:00,2801996860753800,红枣树,24,71138,[等级28],[粉丝团 Lv11]
2026-05-13 21:28:03,71126905166,抖音小肋手,12,71265,[等级10],[粉丝团 Lv10]
2026-05-13 21:28:06,2801996860753800,红枣树,27,71338,[等级28],[粉丝团 Lv11]
2026-05-13 21:28:09,66113949769,包子+﹌,18,71405,[等级21],[粉丝团 Lv10]
2026-05-13 21:28:13,2801996860753800,红枣树,24,71453,[等级28],[粉丝团 Lv11]
2026-05-13 21:28:16,7555682203687240761,不是蓝衣,6,71497,[等级1],
2026-05-13 21:28:18,2801996860753800,红枣树,21,71563,[等级28],[粉丝团 Lv11]
2026-05-13 21:28:22,7555682203687240761,不是蓝衣,6,71621,[等级1],
2026-05-13 21:28:24,2801996860753800,红枣树,24,71692,[等级28],[粉丝团 Lv11]
2026-05-13 21:28:27,97579312520,oii,36,71822,[等级32],[粉丝团 Lv3]
2026-05-13 21:28:30,2801996860753800,红枣树,24,71941,[等级28],[粉丝团 Lv11]
2026-05-13 21:28:33,97579312520,oii,33,72057,[等级32],[粉丝团 Lv3]
2026-05-13 21:28:36,2801996860753800,红枣树,24,72161,[等级28],[粉丝团 Lv11]
2026-05-13 21:28:39,71126905166,抖音小肋手,6,72245,[等级10],[粉丝团 Lv10]
2026-05-13 21:28:42,2801996860753800,红枣树,21,72325,[等级28],[粉丝团 Lv11]
2026-05-13 21:28:46,3043084466391616,雾雨,39,72396,[等级2],[粉丝团 Lv2]
2026-05-13 21:28:49,2801996860753800,红枣树,21,72455,[等级28],[粉丝团 Lv11]
2026-05-13 21:28:51,103608361587,雨夜！！！,3,72499,[等级39],[粉丝团 Lv10]
2026-05-13 21:28:54,2801996860753800,红枣树,24,72581,[等级28],[粉丝团 Lv11]
2026-05-13 21:28:57,3043084466391616,雾雨,39,72660,[等级2],[粉丝团 Lv2]
2026-05-13 21:29:01,200580296878250,ο▬▬▬◙▅▅▆▆▆▆◤千,18,72761,[等级7],[粉丝团 Lv10]
2026-05-13 21:29:03,71126905166,抖音小肋手,30,72894,[等级10],[粉丝团 Lv10]
2026-05-13 21:29:07,200580296878250,ο▬▬▬◙▅▅▆▆▆▆◤千,27,73023,[等级7],[粉丝团 Lv10]
2026-05-13 21:29:09,91616813169,七点兀,30,73161,[等级7],[粉丝团 Lv2]
2026-05-13 21:29:12,200580296878250,ο▬▬▬◙▅▅▆▆▆▆◤千,30,73256,[等级7],[粉丝团 Lv10]
2026-05-13 21:29:15,91616813169,七点兀,30,73392,[等级7],[粉丝团 Lv2]
2026-05-13 21:29:18,108272629068,-L Y,36,73470,[等级9],[粉丝团 Lv5]
2026-05-13 21:29:21,91616813169,七点兀,27,73579,[等级7],[粉丝团 Lv2]
2026-05-13 21:29:24,2638426362375405,小依,48,73707,[等级15],[粉丝团 Lv11]
2026-05-13 21:29:27,91616813169,七点兀,6,73800,[等级7],[粉丝团 Lv2]
2026-05-13 21:29:30,2893510603975646,卡卡12345,15,73878,[等级14],[粉丝团 Lv11]
2026-05-13 21:29:33,91616813169,七点兀,9,73971,[等级7],[粉丝团 Lv2]
2026-05-13 21:29:36,63223544384,Ge三三,15,74044,[等级16],[粉丝团 Lv12]
2026-05-13 21:29:39,69084013934,🌸🌸,9,74107,[等级6],[粉丝团 Lv7]
2026-05-13 21:29:42,63223544384,Ge三三,18,74146,[等级16],[粉丝团 Lv12]
2026-05-13 21:29:45,91616813169,七点兀,15,74202,[等级7],[粉丝团 Lv2]
2026-05-13 21:29:48,108914929355,Hello 📅,9,74258,[等级31],
2026-05-13 21:29:51,4273160825603020,正在努力中,3,74290,[等级1],
2026-05-13 21:29:54,800083343579975,没有信号,9,74315,[等级3],[粉丝团 Lv7]
2026-05-13 21:29:57,96402725571,A·為妳葑訫,15,74371,[等级22],[粉丝团 Lv2]
2026-05-13 21:30:00,800083343579975,没有信号,39,74436,[等级3],[粉丝团 Lv7]
2026-05-13 21:30:03,96402725571,A·為妳葑訫,33,74580,[等级22],[粉丝团 Lv2]
2026-05-13 21:30:07,59663065416,失眠数羊🐑,21,74678,[等级6],[粉丝团 Lv6]
2026-05-13 21:30:09,4273160825603020,正在努力中,12,74740,[等级1],
2026-05-13 21:30:12,800083343579975,没有信号,39,74782,[等级3],[粉丝团 Lv7]
2026-05-13 21:30:15,800083343579975,没有信号,27,74869,[等级3],[粉丝团 Lv7]
2026-05-13 21:30:19,2801996860753800,红枣树,27,74980,[等级28],[粉丝团 Lv11]
2026-05-13 21:30:21,2025737685835176,舍,12,75043,[等级2],
2026-05-13 21:30:24,59663065416,失眠数羊🐑,30,75128,[等级6],[粉丝团 Lv6]
2026-05-13 21:30:27,60141007471,L。,3,75190,[等级20],
2026-05-13 21:30:30,71152400801,-。杨洋,3,75220,[等级28],
2026-05-13 21:30:33,2801996860753800,红枣树,24,75286,[等级28],[粉丝团 Lv11]
2026-05-13 21:30:36,102737372112,爱哭！,3,75338,[等级11],[粉丝团 Lv11]
2026-05-13 21:30:39,2801996860753800,红枣树,24,75383,[等级28],[粉丝团 Lv11]
2026-05-13 21:30:42,59663065416,失眠数羊🐑,24,75433,[等级6],[粉丝团 Lv6]
2026-05-13 21:30:45,2801996860753800,红枣树,24,75478,[等级28],[粉丝团 Lv11]
2026-05-13 21:30:49,59663065416,失眠数羊🐑,18,75526,[等级6],[粉丝团 Lv6]
2026-05-13 21:30:52,2801996860753800,红枣树,24,75560,[等级28],[粉丝团 Lv11]
2026-05-13 21:30:55,59663065416,失眠数羊🐑,12,75579,[等级6],[粉丝团 Lv6]
2026-05-13 21:30:58,2801996860753800,红枣树,27,75612,[等级28],[粉丝团 Lv11]
2026-05-13 21:31:00,800083343579975,没有信号,9,75671,[等级3],[粉丝团 Lv7]
2026-05-13 21:31:03,2801996860753800,红枣树,24,75715,[等级28],[粉丝团 Lv11]
2026-05-13 21:31:07,59663065416,失眠数羊🐑,24,75756,[等级6],[粉丝团 Lv6]
2026-05-13 21:31:10,2801996860753800,红枣树,24,75792,[等级28],[粉丝团 Lv11]
2026-05-13 21:31:12,1198901624843136,，,51,75843,[等级16],[粉丝团 Lv9]
2026-05-13 21:31:15,71126905166,抖音小肋手,30,75941,[等级10],[粉丝团 Lv10]
2026-05-13 21:31:19,3114248789304856,五月_号,30,76008,[等级8],[粉丝团 Lv7]
2026-05-13 21:31:21,2801996860753800,红枣树,24,76061,[等级28],[粉丝团 Lv11]
2026-05-13 21:31:25,3114248789304856,五月_号,30,76142,[等级8],[粉丝团 Lv7]
2026-05-13 21:31:27,3257183848107896,葬花吟,3,76211,[等级5],
2026-05-13 21:31:30,110061416605,ℋღ᭄滚刀选手🍒᭄💞࿐,3,76261,[等级5],[粉丝团 Lv2]
2026-05-13 21:31:33,4461140337244439,用户1758909823485,3,76334,,
2026-05-13 21:31:37,92813625406967,LT123456,24,76429,[等级16],[粉丝团 Lv2]
2026-05-13 21:31:39,79297409474,爱吃香菜a,3,76477,[等级13],[粉丝团 Lv3]
2026-05-13 21:31:43,59663065416,失眠数羊🐑,27,76562,[等级6],[粉丝团 Lv6]
2026-05-13 21:31:45,7615988333545931813,ik-🦋,39,76627,,
2026-05-13 21:31:48,50267116748,似水流年,21,76690,[等级20],[粉丝团 Lv13]
2026-05-13 21:31:51,71126905166,抖音小肋手,30,76745,[等级10],[粉丝团 Lv10]
2026-05-13 21:31:55,2568875316349119,￴ ￴ ￴ ￴ ￴只关注骚的,12,76816,[等级2],
2026-05-13 21:31:57,200580296878250,ο▬▬▬◙▅▅▆▆▆▆◤千,27,76871,[等级7],[粉丝团 Lv10]
2026-05-13 21:32:00,75122095425,L·7-06.10,6,76947,[等级11],[粉丝团 Lv1]
2026-05-13 21:32:03,59663065416,失眠数羊🐑,15,77009,[等级6],[粉丝团 Lv6]
2026-05-13 21:32:07,75867545754,未拥怎弃,27,77067,[等级20],[粉丝团 Lv10]
2026-05-13 21:32:09,71126905166,抖音小肋手,18,77118,[等级10],[粉丝团 Lv10]
2026-05-13 21:32:12,7608960560533767227,闹钟,30,77176,[等级4],
2026-05-13 21:32:15,79297409474,爱吃香菜a,18,77204,[等级13],[粉丝团 Lv3]
2026-05-13 21:32:19,64347386333,吃遍全球。,12,77241,[等级22],
2026-05-13 21:32:23,50917069326,土豆,3,77266,[等级25],
2026-05-13 21:32:25,75867545754,未拥怎弃,33,77283,[等级20],[粉丝团 Lv10]
2026-05-13 21:32:29,7608960560533767227,闹钟,3,77320,[等级4],
2026-05-13 21:32:31,75867545754,未拥怎弃,33,77345,[等级20],[粉丝团 Lv10]
2026-05-13 21:32:34,7515077923176531002,Mr.Sun,6,77375,[等级3],[粉丝团 Lv4]
2026-05-13 21:32:36,75867545754,未拥怎弃,36,77387,[等级20],[粉丝团 Lv10]
2026-05-13 21:32:41,104645617488,呵呵lnkj,3,77411,[等级1],
2026-05-13 21:32:43,60887449857,🌸一朵小花,18,77425,[等级22],[粉丝团 Lv10]
2026-05-13 21:32:45,59663065416,失眠数羊🐑,27,77440,[等级6],[粉丝团 Lv6]
2026-05-13 21:32:48,91616813169,七点兀,9,77464,[等级7],[粉丝团 Lv2]
2026-05-13 21:32:51,71126905166,抖音小肋手,33,77507,[等级10],[粉丝团 Lv10]
2026-05-13 21:32:54,3900668310988163,❤隔壁老贝比ღ,18,77534,[等级2],
2026-05-13 21:32:57,59663065416,失眠数羊🐑,24,77608,[等级6],[粉丝团 Lv6]
2026-05-13 21:33:00,2493298541608804,冰凌侠,12,77647,[等级27],[粉丝团 Lv15]
2026-05-13 21:33:03,71126905166,抖音小肋手,27,77690,[等级10],[粉丝团 Lv10]
2026-05-13 21:33:06,50917069326,土豆,6,77721,[等级25],
2026-05-13 21:33:09,1267095340586100,齮,33,77757,[等级17],
2026-05-13 21:33:12,105298971934,余生ᝰᩚ随心ꦿ,3,77773,[等级48],[粉丝团 Lv10]
2026-05-13 21:33:15,1267095340586100,齮,33,77808,[等级17],
2026-05-13 21:33:19,1267095340586100,齮,30,77858,[等级17],
2026-05-13 21:33:21,1267095340586100,齮,30,77869,[等级17],
2026-05-13 21:33:25,60302073948,Jhhh,3,77920,[等级29],[粉丝团 Lv10]
2026-05-13 21:33:27,1267095340586100,齮,30,77969,[等级17],
2026-05-13 21:33:31,62409486451,把爱情给我锁死(退网),15,78035,[等级20],[粉丝团 Lv5]
2026-05-13 21:33:33,105298971934,余生ᝰᩚ随心ꦿ,6,78123,[等级48],[粉丝团 Lv10]
2026-05-13 21:33:37,62409486451,把爱情给我锁死(退网),27,78211,[等级20],[粉丝团 Lv5]
2026-05-13 21:33:39,92813625406967,LT123456,36,78317,[等级16],[粉丝团 Lv2]
2026-05-13 21:33:42,7555682203687240761,不是蓝衣,18,78377,[等级1],
2026-05-13 21:33:45,92813625406967,LT123456,12,78499,[等级16],[粉丝团 Lv2]
2026-05-13 21:33:48,2798671553367552,⋅,9,78561,[等级17],
2026-05-13 21:33:51,106110002750,谈笑风云,33,78702,[等级25],[粉丝团 Lv15]
2026-05-13 21:33:54,2493298541608804,冰凌侠,36,78858,[等级27],[粉丝团 Lv15]
2026-05-13 21:33:57,92813625406967,LT123456,36,79095,[等级16],[粉丝团 Lv2]
2026-05-13 21:34:00,91692192767,安○逸,33,79296,[等级8],[粉丝团 Lv5]
2026-05-13 21:34:03,92813625406967,LT123456,15,79508,[等级16],[粉丝团 Lv2]
2026-05-13 21:34:06,91692192767,安○逸,33,79652,[等级8],[粉丝团 Lv5]
2026-05-13 21:34:09,71126905166,抖音小肋手,30,79784,[等级10],[粉丝团 Lv10]
2026-05-13 21:34:12,52567375622,不倾城的女芓,33,79854,[等级1],
2026-05-13 21:34:15,71126905166,抖音小肋手,24,79974,[等级10],[粉丝团 Lv10]
2026-05-13 21:34:19,2639302914745735,大明,21,80084,[等级15],[粉丝团 Lv12]
2026-05-13 21:34:21,237088232449438,醉仙灵芙🌿,27,80262,[等级9],[粉丝团 Lv10]
2026-05-13 21:34:25,2639302914745735,大明,6,80461,[等级15],[粉丝团 Lv12]
2026-05-13 21:34:27,95507451318,溪鱼,33,80664,[等级17],[粉丝团 Lv10]
2026-05-13 21:34:31,2638426362375405,小依,3,80840,[等级15],[粉丝团 Lv11]
2026-05-13 21:34:33,95507451318,溪鱼,33,81021,[等级17],[粉丝团 Lv10]
2026-05-13 21:34:36,96728154294,路过,30,81172,[等级4],
2026-05-13 21:34:39,95507451318,溪鱼,30,81337,[等级17],[粉丝团 Lv10]
2026-05-13 21:34:42,94272261346,以孤独为名,3,81547,[等级20],[粉丝团 Lv11]
2026-05-13 21:34:45,237088232449438,醉仙灵芙🌿,6,81874,[等级9],[粉丝团 Lv10]
2026-05-13 21:34:48,99229601776,♛小菜鸟,21,82162,[等级17],[粉丝团 Lv12]
2026-05-13 21:34:51,2858360584547902,0077,36,82470,[等级18],[粉丝团 Lv10]
2026-05-13 21:34:54,94272261346,以孤独为名,24,82854,[等级20],[粉丝团 Lv11]
2026-05-13 21:34:57,2858360584547902,0077,33,83197,[等级18],[粉丝团 Lv10]
2026-05-13 21:35:00,94272261346,以孤独为名,24,83587,[等级20],[粉丝团 Lv11]
2026-05-13 21:35:03,2858360584547902,0077,36,83921,[等级18],[粉丝团 Lv10]
2026-05-13 21:35:06,94272261346,以孤独为名,24,84317,[等级20],[粉丝团 Lv11]
2026-05-13 21:35:09,2951506581010622,Knight,18,84709,[等级10],
2026-05-13 21:35:12,94272261346,以孤独为名,15,85051,[等级20],[粉丝团 Lv11]
2026-05-13 21:35:15,1112344208347454,涵怡,6,85381,[等级13],[粉丝团 Lv6]
2026-05-13 21:35:18,59225349339,事了佛衣去,27,85697,[等级16],[粉丝团 Lv10]
2026-05-13 21:35:22,71126905166,抖音小肋手,33,86003,[等级10],[粉丝团 Lv10]
2026-05-13 21:35:24,100420695235,李小囡,6,86274,[等级12],[粉丝团 Lv9]
2026-05-13 21:35:28,2858360584547902,0077,33,86622,[等级18],[粉丝团 Lv10]
2026-05-13 21:35:30,97303748461,无需解析,48,86925,[等级28],[粉丝团 Lv12]
2026-05-13 21:35:33,2808566201983204,聪聪445,3,87212,,
2026-05-13 21:35:36,99431256406,疏狂,3,87543,[等级30],[粉丝团 Lv1]
2026-05-13 21:35:39,86538997143,YY,39,87861,[等级21],[粉丝团 Lv11]
2026-05-13 21:35:42,100654723074,A开心就好A,33,88133,[等级13],[粉丝团 Lv3]
2026-05-13 21:35:45,82570271987,张张～,3,88415,[等级22],[粉丝团 Lv13]
2026-05-13 21:35:48,94272261346,以孤独为名,18,88665,[等级20],[粉丝团 Lv11]
2026-05-13 21:35:51,63823638541,有你任性,24,89000,[等级20],[粉丝团 Lv11]
2026-05-13 21:35:54,94272261346,以孤独为名,24,89241,[等级20],[粉丝团 Lv11]
2026-05-13 21:35:57,4273160825603020,正在努力中,3,89453,[等级1],
2026-05-13 21:36:00,94272261346,以孤独为名,21,89683,[等级20],[粉丝团 Lv11]
2026-05-13 21:36:03,109110948701,晚年不详,36,89870,[等级2],
2026-05-13 21:36:06,100654723074,A开心就好A,30,90047,[等级13],[粉丝团 Lv3]
2026-05-13 21:36:09,60703794769,無趣,30,90308,[等级16],[粉丝团 Lv9]
2026-05-13 21:36:12,3178055702685532,七夜☜,33,90559,[等级20],[粉丝团 Lv8]
2026-05-13 21:36:15,60703794769,無趣,30,90875,[等级16],[粉丝团 Lv9]
2026-05-13 21:36:18,3178055702685532,七夜☜,33,91132,[等级20],[粉丝团 Lv8]
2026-05-13 21:36:21,93914966664,可乐哥哥,36,91495,[等级29],
2026-05-13 21:36:24,3178055702685532,七夜☜,30,91817,[等级20],[粉丝团 Lv8]
2026-05-13 21:36:27,93914966664,可乐哥哥,36,92181,[等级29],
2026-05-13 21:36:30,3178055702685532,七夜☜,33,92470,[等级20],[粉丝团 Lv8]
2026-05-13 21:36:33,93914966664,可乐哥哥,36,92815,[等级29],
2026-05-13 21:36:36,3178055702685532,七夜☜,30,93063,[等级20],[粉丝团 Lv8]
2026-05-13 21:36:39,60703794769,無趣,27,93320,[等级16],[粉丝团 Lv9]
2026-05-13 21:36:42,3178055702685532,七夜☜,33,93515,[等级20],[粉丝团 Lv8]
2026-05-13 21:36:45,61490940892,萘柒,9,93829,[等级8],[粉丝团 Lv9]
2026-05-13 21:36:48,3178055702685532,七夜☜,30,94126,[等级20],[粉丝团 Lv8]
2026-05-13 21:36:51,421867844025870,王永光,36,94440,[等级15],[粉丝团 Lv10]
2026-05-13 21:36:54,3178055702685532,七夜☜,30,94752,[等级20],[粉丝团 Lv8]
2026-05-13 21:36:57,60703794769,無趣,30,95121,[等级16],[粉丝团 Lv9]
2026-05-13 21:37:00,3178055702685532,七夜☜,30,95418,[等级20],[粉丝团 Lv8]
2026-05-13 21:37:03,60703794769,無趣,27,95743,[等级16],[粉丝团 Lv9]
2026-05-13 21:37:06,3178055702685532,七夜☜,33,96006,[等级20],[粉丝团 Lv8]
2026-05-13 21:37:09,421867844025870,王永光,18,96275,[等级15],[粉丝团 Lv10]
2026-05-13 21:37:12,110681595637,振振,9,96517,[等级12],[粉丝团 Lv1]
2026-05-13 21:37:15,71126905166,抖音小肋手,33,96785,[等级10],[粉丝团 Lv10]
2026-05-13 21:37:18,73133140989,行稳致远,3,96985,[等级31],[粉丝团 Lv15]
2026-05-13 21:37:21,85897785115,Passerby,30,97195,[等级31],
2026-05-13 21:37:24,2478777726402908,杨哥游戏推荐,27,97440,,
2026-05-13 21:37:27,3329743309776616,鲸游电竞 晋级赛 纯绿,30,97694,[等级8],[粉丝团 Lv1]
2026-05-13 21:37:30,73133140989,行稳致远,24,97921,[等级31],[粉丝团 Lv15]
2026-05-13 21:37:34,3329743309776616,鲸游电竞 晋级赛 纯绿,3,98120,[等级8],[粉丝团 Lv1]
2026-05-13 21:37:36,2478777726402908,杨哥游戏推荐,15,98267,,
2026-05-13 21:37:39,71126905166,抖音小肋手,30,98402,[等级10],[粉丝团 Lv10]
2026-05-13 21:37:43,3949062634087486,晞和,24,98526,[等级9],[粉丝团 Lv10]
2026-05-13 21:37:45,71126905166,抖音小肋手,15,98625,[等级10],[粉丝团 Lv10]
2026-05-13 21:37:48,110681595637,振振,3,98719,[等级12],[粉丝团 Lv1]
2026-05-13 21:37:51,71126905166,抖音小肋手,12,98793,[等级10],[粉丝团 Lv10]
2026-05-13 21:37:54,2858360584547902,0077,33,98957,[等级18],[粉丝团 Lv10]
2026-05-13 21:37:57,681329741013868,杏仁可颂好好吃🍞,3,99099,[等级15],[粉丝团 Lv7]
2026-05-13 21:38:01,3949062634087486,晞和,30,99249,[等级9],[粉丝团 Lv10]
2026-05-13 21:38:03,104711202796,冉霸霸🖤,3,99359,[等级27],[粉丝团 Lv10]
2026-05-13 21:38:06,104963201726,๓陌ꦿེ路࿐,30,99508,[等级28],[粉丝团 Lv14]
2026-05-13 21:38:10,23773147096,相见不如怀念,27,99653,[等级29],[粉丝团 Lv10]
2026-05-13 21:38:12,2858360584547902,0077,12,99800,[等级18],[粉丝团 Lv10]
2026-05-13 21:38:15,4341326093232718,🍒🍒,42,99907,[等级6],[粉丝团 Lv9]
2026-05-13 21:38:18,88401608442271,𝓗·𝓕𝓮𝓫²𝓐𝓺𝓾♒,30,100058,[等级11],[粉丝团 Lv7]
2026-05-13 21:38:22,4341326093232718,🍒🍒,42,100179,[等级6],[粉丝团 Lv9]
2026-05-13 21:38:24,50983170612,💖 ʟ̆̈ᴜ̆̈ᴄ̆̈ᴋ̆̈ʏ̆̈妮~,36,100350,[等级22],[粉丝团 Lv12]
2026-05-13 21:38:28,4341326093232718,🍒🍒,33,100473,[等级6],[粉丝团 Lv9]
2026-05-13 21:38:30,50983170612,💖 ʟ̆̈ᴜ̆̈ᴄ̆̈ᴋ̆̈ʏ̆̈妮~,36,100645,[等级22],[粉丝团 Lv12]
2026-05-13 21:38:34,4341326093232718,🍒🍒,42,100785,[等级6],[粉丝团 Lv9]
2026-05-13 21:38:36,50983170612,💖 ʟ̆̈ᴜ̆̈ᴄ̆̈ᴋ̆̈ʏ̆̈妮~,36,100933,[等级22],[粉丝团 Lv12]
2026-05-13 21:38:39,1125529076902771,继续前行,3,101042,[等级20],[粉丝团 Lv4]
2026-05-13 21:38:42,2801175856683659,用户1950868181810,36,101169,[等级7],[粉丝团 Lv2]
2026-05-13 21:38:45,71126905166,抖音小肋手,18,101265,[等级10],[粉丝团 Lv10]
2026-05-13 21:38:48,2801175856683659,用户1950868181810,30,101411,[等级7],[粉丝团 Lv2]
2026-05-13 21:38:51,71126905166,抖音小肋手,27,101529,[等级10],[粉丝团 Lv10]
2026-05-13 21:38:54,50983170612,💖 ʟ̆̈ᴜ̆̈ᴄ̆̈ᴋ̆̈ʏ̆̈妮~,33,101679,[等级22],[粉丝团 Lv12]
2026-05-13 21:38:57,105160933332,～王守朋～,42,101835,[等级19],[粉丝团 Lv14]
2026-05-13 21:39:00,2801175856683659,用户1950868181810,18,101971,[等级7],[粉丝团 Lv2]
2026-05-13 21:39:03,4341326093232718,🍒🍒,39,102097,[等级6],[粉丝团 Lv9]
2026-05-13 21:39:07,72914812776,cookies🌟,9,102231,[等级2],[粉丝团 Lv3]
2026-05-13 21:39:10,4341326093232718,🍒🍒,42,102384,[等级6],[粉丝团 Lv9]
2026-05-13 21:39:12,50983170612,💖 ʟ̆̈ᴜ̆̈ᴄ̆̈ᴋ̆̈ʏ̆̈妮~,36,102523,[等级22],[粉丝团 Lv12]
2026-05-13 21:39:15,71126905166,抖音小肋手,12,102643,[等级10],[粉丝团 Lv10]
2026-05-13 21:39:18,50983170612,💖 ʟ̆̈ᴜ̆̈ᴄ̆̈ᴋ̆̈ʏ̆̈妮~,36,102764,[等级22],[粉丝团 Lv12]
2026-05-13 21:39:21,23773147096,相见不如怀念,27,102884,[等级29],[粉丝团 Lv10]
2026-05-13 21:39:24,50983170612,💖 ʟ̆̈ᴜ̆̈ᴄ̆̈ᴋ̆̈ʏ̆̈妮~,36,103002,[等级22],[粉丝团 Lv12]
2026-05-13 21:39:28,4341326093232718,🍒🍒,42,103095,[等级6],[粉丝团 Lv9]
2026-05-13 21:39:30,97561638236,闲着无聊,3,103182,[等级11],[粉丝团 Lv8]
2026-05-13 21:39:33,71126905166,抖音小肋手,12,103257,[等级10],[粉丝团 Lv10]
2026-05-13 21:39:36,3085649814495664,霖林,27,103329,,
2026-05-13 21:39:40,1616742101292714,张君雅的小黄瓜,3,103397,[等级2],[粉丝团 Lv6]
2026-05-13 21:39:42,23773147096,相见不如怀念,18,103460,[等级29],[粉丝团 Lv10]
2026-05-13 21:39:45,71126905166,抖音小肋手,30,103532,[等级10],[粉丝团 Lv10]
2026-05-13 21:39:49,3085649814495664,霖林,27,103627,,
2026-05-13 21:39:51,96751997554,东厨司命,3,103693,[等级26],[粉丝团 Lv12]
2026-05-13 21:39:54,97561638236,闲着无聊,3,103785,[等级11],[粉丝团 Lv8]
2026-05-13 21:39:57,71126905166,抖音小肋手,30,103892,[等级10],[粉丝团 Lv10]
2026-05-13 21:40:01,3085649814495664,霖林,30,103995,,
2026-05-13 21:40:03,71126905166,抖音小肋手,3,104062,[等级10],[粉丝团 Lv10]
2026-05-13 21:40:07,3085649814495664,霖林,27,104155,,
2026-05-13 21:40:09,104963201726,๓陌ꦿེ路࿐,6,104216,[等级28],[粉丝团 Lv14]
2026-05-13 21:40:12,356717965360574,普,3,104316,[等级15],[粉丝团 Lv2]
2026-05-13 21:40:15,23773147096,相见不如怀念,27,104381,[等级29],[粉丝团 Lv10]
2026-05-13 21:40:18,4341326093232718,🍒🍒,39,104468,[等级6],[粉丝团 Lv9]
2026-05-13 21:40:22,17954405978,X.宁缺毋滥💋,30,104576,[等级27],[粉丝团 Lv13]
2026-05-13 21:40:24,4341326093232718,🍒🍒,39,104644,[等级6],[粉丝团 Lv9]
2026-05-13 21:40:28,17954405978,X.宁缺毋滥💋,30,104730,[等级27],[粉丝团 Lv13]
2026-05-13 21:40:30,23773147096,相见不如怀念,27,104795,[等级29],[粉丝团 Lv10]
2026-05-13 21:40:34,64908956615,逐流,12,104858,[等级17],[粉丝团 Lv9]
2026-05-13 21:40:36,3085649814495664,霖林,24,104903,,
2026-05-13 21:40:40,23773147096,相见不如怀念,27,104980,[等级29],[粉丝团 Lv10]
2026-05-13 21:40:42,3085649814495664,霖林,27,105038,,
2026-05-13 21:40:46,2322637781999111,用户8670873791962,6,105091,[等级13],
2026-05-13 21:40:48,3085649814495664,霖林,24,105144,,
2026-05-13 21:40:52,23773147096,相见不如怀念,27,105190,[等级29],[粉丝团 Lv10]
2026-05-13 21:40:54,3085649814495664,霖林,27,105243,,
2026-05-13 21:40:58,1616742101292714,张君雅的小黄瓜,9,105284,[等级2],[粉丝团 Lv6]
2026-05-13 21:41:01,3085649814495664,霖林,27,105312,,
2026-05-13 21:41:03,23773147096,相见不如怀念,24,105346,[等级29],[粉丝团 Lv10]
2026-05-13 21:41:07,3085649814495664,霖林,24,105385,,
2026-05-13 21:41:09,110681595637,振振,6,105400,[等级12],[粉丝团 Lv1]
2026-05-13 21:41:13,3085649814495664,霖林,27,105444,,
2026-05-13 21:41:15,71126905166,抖音小肋手,21,105468,[等级10],[粉丝团 Lv10]
2026-05-13 21:41:19,3085649814495664,霖林,24,105499,,
2026-05-13 21:41:22,23773147096,相见不如怀念,30,105537,[等级29],[粉丝团 Lv10]
2026-05-13 21:41:24,23773147096,相见不如怀念,30,105562,[等级29],[粉丝团 Lv10]
2026-05-13 21:41:27,71126905166,抖音小肋手,3,105593,[等级10],[粉丝团 Lv10]
2026-05-13 21:41:31,3085649814495664,霖林,24,105618,,
2026-05-13 21:41:34,111149274890,用户3891380571101,3,105644,,
2026-05-13 21:41:36,3085649814495664,霖林,24,105680,,
2026-05-13 21:41:40,3085649814495664,霖林,27,105707,,
2026-05-13 21:41:42,78136552148,烈酒,3,105723,[等级22],[粉丝团 Lv6]
2026-05-13 21:41:46,23773147096,相见不如怀念,30,105753,[等级29],[粉丝团 Lv10]
2026-05-13 21:41:48,23773147096,相见不如怀念,24,105780,[等级29],[粉丝团 Lv10]
2026-05-13 21:41:53,3085649814495664,霖林,27,105813,,
2026-05-13 21:41:54,3085649814495664,霖林,27,105830,,
2026-05-13 21:41:57,77351779198,日记📔,33,105860,,
2026-05-13 21:42:01,71126905166,抖音小肋手,33,105894,[等级10],[粉丝团 Lv10]
2026-05-13 21:42:03,71126905166,抖音小肋手,33,105936,[等级10],[粉丝团 Lv10]
2026-05-13 21:42:06,93171998731,a屁桃,3,106032,[等级15],[粉丝团 Lv11]
2026-05-13 21:42:09,96751997554,东厨司命,3,106126,[等级26],[粉丝团 Lv12]
2026-05-13 21:42:13,2664826350079783,沧水以淡,33,106248,[等级7],[粉丝团 Lv8]
2026-05-13 21:42:15,71126905166,抖音小肋手,27,106347,[等级10],[粉丝团 Lv10]
2026-05-13 21:42:19,3085649814495664,霖林,24,106459,,
2026-05-13 21:42:22,3317640171890649,你,3,106512,[等级2],[粉丝团 Lv6]
2026-05-13 21:42:25,23773147096,相见不如怀念,30,106537,[等级29],[粉丝团 Lv10]
2026-05-13 21:42:27,71126905166,抖音小肋手,12,106556,[等级10],[粉丝团 Lv10]
2026-05-13 21:42:30,23773147096,相见不如怀念,30,106606,[等级29],[粉丝团 Lv10]
2026-05-13 21:42:33,3085649814495664,霖林,18,106633,,
2026-05-13 21:42:37,3085649814495664,霖林,24,106676,,
2026-05-13 21:42:40,23773147096,相见不如怀念,30,106751,[等级29],[粉丝团 Lv10]
2026-05-13 21:42:42,105160933332,～王守朋～,36,106827,[等级19],[粉丝团 Lv14]
2026-05-13 21:42:46,91947491400,Abigale,45,106886,[等级13],
2026-05-13 21:42:48,3085649814495664,霖林,24,106987,,
2026-05-13 21:42:52,71126905166,抖音小肋手,6,107072,[等级10],[粉丝团 Lv10]
2026-05-13 21:42:54,3085649814495664,霖林,21,107111,,
2026-05-13 21:42:57,105160933332,～王守朋～,12,107149,[等级19],[粉丝团 Lv14]
2026-05-13 21:43:00,23773147096,相见不如怀念,15,107201,[等级29],[粉丝团 Lv10]
2026-05-13 21:43:03,2186293238827032,小小晓,12,107246,[等级2],
2026-05-13 21:43:07,3085649814495664,霖林,24,107296,,
2026-05-13 21:43:09,2186293238827032,小小晓,18,107331,[等级2],
2026-05-13 21:43:12,23773147096,相见不如怀念,24,107368,[等级29],[粉丝团 Lv10]
2026-05-13 21:43:17,3085649814495664,霖林,24,107396,,
2026-05-13 21:43:19,3085649814495664,霖林,24,107420,,
2026-05-13 21:43:21,111193199248,虎,36,107463,[等级36],[粉丝团 Lv16]
2026-05-13 21:43:25,23773147096,相见不如怀念,27,107502,[等级29],[粉丝团 Lv10]
2026-05-13 21:43:28,105160933332,～王守朋～,33,107548,[等级19],[粉丝团 Lv14]
2026-05-13 21:43:30,105160933332,～王守朋～,36,107590,[等级19],[粉丝团 Lv14]
2026-05-13 21:43:35,3085649814495664,霖林,24,107627,,
2026-05-13 21:43:37,3085649814495664,霖林,27,107636,,
2026-05-13 21:43:39,23773147096,相见不如怀念,27,107667,[等级29],[粉丝团 Lv10]
2026-05-13 21:43:43,3085649814495664,霖林,24,107694,,
2026-05-13 21:43:45,96873069491,🚬এ᭄釋❀懐❀꧔ꦿ໌້ᮨ࿐,3,107711,[等级14],[粉丝团 Lv8]
2026-05-13 21:43:48,54450235043,九儿,6,107762,[等级26],
2026-05-13 21:43:51,65561750823,ღ᭄无梦ྲ赠予᭄💞࿐,3,107779,[等级18],[粉丝团 Lv13]
2026-05-13 21:43:54,3085649814495664,霖林,24,107837,,
2026-05-13 21:43:57,65561750823,ღ᭄无梦ྲ赠予᭄💞࿐,3,107867,[等级18],[粉丝团 Lv13]
2026-05-13 21:44:00,93128036459,龙少,24,107917,[等级31],[粉丝团 Lv16]
2026-05-13 21:44:03,101382426768,瑞落清屿,6,107945,[等级7],
2026-05-13 21:44:06,93128036459,龙少,21,107986,[等级31],[粉丝团 Lv16]
2026-05-13 21:44:10,93128036459,龙少,24,108042,[等级31],[粉丝团 Lv16]
2026-05-13 21:44:13,105160933332,～王守朋～,33,108081,[等级19],[粉丝团 Lv14]
2026-05-13 21:44:15,105160933332,～王守朋～,33,108107,[等级19],[粉丝团 Lv14]
2026-05-13 21:44:18,23773147096,相见不如怀念,30,108157,[等级29],[粉丝团 Lv10]
2026-05-13 21:44:21,83306683688,*。半夏微凉 *。,33,108204,[等级10],[粉丝团 Lv10]
2026-05-13 21:44:24,93128036459,龙少,21,108264,[等级31],[粉丝团 Lv16]
2026-05-13 21:44:27,23773147096,相见不如怀念,24,108346,[等级29],[粉丝团 Lv10]
2026-05-13 21:44:31,3021896925321181,旗记,3,108422,[等级7],[粉丝团 Lv5]
2026-05-13 21:44:33,83306683688,*。半夏微凉 *。,36,108505,[等级10],[粉丝团 Lv10]
2026-05-13 21:44:36,76362249951,🌈腾飞科技,3,108585,[等级19],
2026-05-13 21:44:39,104752286133,夕阳无限,3,108662,[等级11],[粉丝团 Lv7]
2026-05-13 21:44:42,1187907089994216,惜。,9,108768,[等级12],[粉丝团 Lv8]
2026-05-13 21:44:45,83306683688,*。半夏微凉 *。,33,108855,[等级10],[粉丝团 Lv10]
2026-05-13 21:44:48,532643074549309,🌈小米粥🌈,3,108960,[等级17],[粉丝团 Lv13]
2026-05-13 21:44:51,105160933332,～王守朋～,33,109032,[等级19],[粉丝团 Lv14]
2026-05-13 21:44:54,94445719181,驼脚娃！！,33,109155,[等级4],[粉丝团 Lv1]
2026-05-13 21:44:58,3329743309776616,鲸游电竞 晋级赛 纯绿,6,109242,[等级8],[粉丝团 Lv1]
2026-05-13 21:45:00,105160933332,～王守朋～,33,109318,[等级19],[粉丝团 Lv14]
2026-05-13 21:45:03,105160933332,～王守朋～,33,109409,[等级19],[粉丝团 Lv14]
2026-05-13 21:45:06,101138818359,小鱼,33,109484,[等级34],[粉丝团 Lv15]
2026-05-13 21:45:09,3085649814495664,霖林,27,109537,,
2026-05-13 21:45:13,101138818359,小鱼,33,109614,[等级34],[粉丝团 Lv15]
2026-05-13 21:45:15,105160933332,～王守朋～,33,109655,[等级19],[粉丝团 Lv14]
2026-05-13 21:45:18,93128036459,龙少,27,109729,[等级31],[粉丝团 Lv16]
2026-05-13 21:45:21,3085649814495664,霖林,24,109799,,
2026-05-13 21:45:24,3411138112405900,景天的景,6,109881,,
2026-05-13 21:45:27,23773147096,相见不如怀念,30,109956,[等级29],[粉丝团 Lv10]
2026-05-13 21:45:30,93128036459,龙少,24,110056,[等级31],[粉丝团 Lv16]
2026-05-13 21:45:34,105160933332,～王守朋～,33,110171,[等级19],[粉丝团 Lv14]
2026-05-13 21:45:37,101138818359,小鱼,30,110259,[等级34],[粉丝团 Lv15]
2026-05-13 21:45:39,2681087720171308,绪茨亭.,27,110341,[等级10],
2026-05-13 21:45:42,93128036459,龙少,24,110416,[等级31],[粉丝团 Lv16]
2026-05-13 21:45:45,2550473376414616,下雪,6,110483,[等级9],[粉丝团 Lv9]
2026-05-13 21:45:49,101138818359,小鱼,30,110555,[等级34],[粉丝团 Lv15]
2026-05-13 21:45:51,93687105296,洛皮皮🐻‍❄️⁰⁵⁰³,30,110602,[等级40],[粉丝团:张君雅 Lv17]
2026-05-13 21:45:54,4183012501360872,一只柚子,30,110702,[等级4],[粉丝团 Lv8]
2026-05-13 21:45:57,2550473376414616,下雪,3,110849,[等级9],[粉丝团 Lv9]
2026-05-13 21:46:00,4183012501360872,一只柚子,36,111025,[等级4],[粉丝团 Lv8]
2026-05-13 21:46:03,105160933332,～王守朋～,48,111215,[等级19],[粉丝团 Lv14]
2026-05-13 21:46:06,24659660641836,暴捶橙汁,24,111384,[等级5],[粉丝团 Lv3]
2026-05-13 21:46:09,93687105296,洛皮皮🐻‍❄️⁰⁵⁰³,45,111585,[等级40],[粉丝团:张君雅 Lv17]
2026-05-13 21:46:12,24659660641836,暴捶橙汁,21,111753,[等级5],[粉丝团 Lv3]
2026-05-13 21:46:16,4265726784049283,文钦,3,111957,[等级8],[粉丝团 Lv7]
2026-05-13 21:46:18,83432259175,王同学,3,112084,[等级29],
2026-05-13 21:46:22,93687105296,洛皮皮🐻‍❄️⁰⁵⁰³,33,112266,[等级40],[粉丝团:张君雅 Lv17]
2026-05-13 21:46:24,96778177109,小张不嚣张⍥,21,112427,[等级24],[粉丝团 Lv8]
2026-05-13 21:46:27,4160156117768544,徐**,36,112577,[等级21],[粉丝团 Lv11]
2026-05-13 21:46:30,96778177109,小张不嚣张⍥,27,112694,[等级24],[粉丝团 Lv8]
2026-05-13 21:46:33,73459388873,sun璃瑛,15,112848,[等级22],[粉丝团 Lv3]
2026-05-13 21:46:36,4183012501360872,一只柚子,30,112958,[等级4],[粉丝团 Lv8]
2026-05-13 21:46:39,4160156117768544,徐**,36,113076,[等级21],[粉丝团 Lv11]
2026-05-13 21:46:43,4183012501360872,一只柚子,30,113177,[等级4],[粉丝团 Lv8]
2026-05-13 21:46:45,71480910685,（Q）,30,113313,[等级25],[粉丝团 Lv13]
2026-05-13 21:46:49,4183012501360872,一只柚子,21,113406,[等级4],[粉丝团 Lv8]
2026-05-13 21:46:51,2819583707710068,狐狸尾巴向日葵🌻,30,113546,[等级22],[粉丝团 Lv14]
2026-05-13 21:46:54,4262160533822109,晓大人,6,113636,[等级15],[粉丝团 Lv12]
2026-05-13 21:46:57,4160156117768544,徐**,36,113738,[等级21],[粉丝团 Lv11]
2026-05-13 21:47:00,4183012501360872,一只柚子,24,113839,[等级4],[粉丝团 Lv8]
2026-05-13 21:47:03,4160156117768544,徐**,36,113938,[等级21],[粉丝团 Lv11]
2026-05-13 21:47:06,4183012501360872,一只柚子,24,114013,[等级4],[粉丝团 Lv8]
2026-05-13 21:47:09,4160156117768544,徐**,36,114111,[等级21],[粉丝团 Lv11]
2026-05-13 21:47:12,23773147096,相见不如怀念,24,114185,[等级29],[粉丝团 Lv10]
2026-05-13 21:47:15,4160156117768544,徐**,39,114289,[等级21],[粉丝团 Lv11]
2026-05-13 21:47:19,110497147302,忘忧,24,114413,[等级13],[粉丝团 Lv10]
2026-05-13 21:47:21,3085649814495664,霖林,27,114445,,
2026-05-13 21:47:24,4183012501360872,一只柚子,30,114534,[等级4],[粉丝团 Lv8]
2026-05-13 21:47:27,110497147302,忘忧,21,114601,[等级13],[粉丝团 Lv10]
2026-05-13 21:47:31,104981331239,江大桥,24,114683,[等级8],[粉丝团 Lv11]
2026-05-13 21:47:34,3789370342519571,启明星⭐,36,114735,[等级19],[粉丝团 Lv7]
2026-05-13 21:47:37,104981331239,江大桥,24,114798,[等级8],[粉丝团 Lv11]
2026-05-13 21:47:39,110497147302,忘忧,3,114829,[等级13],[粉丝团 Lv10]
2026-05-13 21:47:42,111288497845,机麻服务,3,114900,[等级2],
2026-05-13 21:47:45,110497147302,忘忧,24,114976,[等级13],[粉丝团 Lv10]
2026-05-13 21:47:49,23773147096,相见不如怀念,30,115030,[等级29],[粉丝团 Lv10]
2026-05-13 21:47:51,110497147302,忘忧,27,115075,[等级13],[粉丝团 Lv10]
2026-05-13 21:47:54,1978718632019168,🌈记不住,30,115139,[等级13],[粉丝团 Lv8]
2026-05-13 21:47:57,110497147302,忘忧,27,115220,[等级13],[粉丝团 Lv10]
2026-05-13 21:48:00,1978718632019168,🌈记不住,33,115274,[等级13],[粉丝团 Lv8]
2026-05-13 21:48:03,3085649814495664,霖林,27,115350,,
2026-05-13 21:48:06,84490597547,小刘不迷糊🫧,12,115415,[等级17],
2026-05-13 21:48:09,23773147096,相见不如怀念,30,115526,[等级29],[粉丝团 Lv10]
2026-05-13 21:48:12,1978718632019168,🌈记不住,33,115612,[等级13],[粉丝团 Lv8]
2026-05-13 21:48:16,110497147302,忘忧,21,115682,[等级13],[粉丝团 Lv10]
2026-05-13 21:48:18,1978718632019168,🌈记不住,30,115739,[等级13],[粉丝团 Lv8]
2026-05-13 21:48:22,110497147302,忘忧,27,115821,[等级13],[粉丝团 Lv10]
2026-05-13 21:48:24,23773147096,相见不如怀念,27,115879,[等级29],[粉丝团 Lv10]
2026-05-13 21:48:28,110497147302,忘忧,21,115952,[等级13],[粉丝团 Lv10]
2026-05-13 21:48:30,1978718632019168,🌈记不住,33,115988,[等级13],[粉丝团 Lv8]
2026-05-13 21:48:34,23773147096,相见不如怀念,33,116035,[等级29],[粉丝团 Lv10]
2026-05-13 21:48:36,1978718632019168,🌈记不住,33,116078,[等级13],[粉丝团 Lv8]
2026-05-13 21:48:39,110497147302,忘忧,24,116119,[等级13],[粉丝团 Lv10]
2026-05-13 21:48:43,1978718632019168,🌈记不住,33,116187,[等级13],[粉丝团 Lv8]
2026-05-13 21:48:45,3329743309776616,鲸游电竞 晋级赛 纯绿,21,116261,[等级8],[粉丝团 Lv1]
2026-05-13 21:48:48,73459388873,sun璃瑛,24,116346,[等级22],[粉丝团 Lv3]
2026-05-13 21:48:51,110497147302,忘忧,24,116440,[等级13],[粉丝团 Lv10]
2026-05-13 21:48:54,73459388873,sun璃瑛,18,116511,[等级22],[粉丝团 Lv3]
2026-05-13 21:48:57,110497147302,忘忧,3,116570,[等级13],[粉丝团 Lv10]
2026-05-13 21:49:00,73459388873,sun璃瑛,42,116631,[等级22],[粉丝团 Lv3]
2026-05-13 21:49:03,3329743309776616,鲸游电竞 晋级赛 纯绿,3,116681,[等级8],[粉丝团 Lv1]
2026-05-13 21:49:07,73459388873,sun璃瑛,3,116733,[等级22],[粉丝团 Lv3]
2026-05-13 21:49:09,3329743309776616,鲸游电竞 晋级赛 纯绿,24,116766,[等级8],[粉丝团 Lv1]
2026-05-13 21:49:12,23773147096,相见不如怀念,27,116821,[等级29],[粉丝团 Lv10]
2026-05-13 21:49:15,23773147096,相见不如怀念,30,116860,[等级29],[粉丝团 Lv10]
2026-05-13 21:49:18,73459388873,sun璃瑛,12,116930,[等级22],[粉丝团 Lv3]
2026-05-13 21:49:21,3329743309776616,鲸游电竞 晋级赛 纯绿,3,116965,[等级8],[粉丝团 Lv1]
2026-05-13 21:49:24,11762270861,利惠洋食品经营部（汤圆水饺冰淇淋批发）,3,117044,[等级9],[粉丝团 Lv11]
2026-05-13 21:49:28,110497147302,忘忧,24,117093,[等级13],[粉丝团 Lv10]
2026-05-13 21:49:31,94109711138,无事小神仙,30,117134,[等级7],[粉丝团 Lv10]
2026-05-13 21:49:33,3329743309776616,鲸游电竞 晋级赛 纯绿,9,117159,[等级8],[粉丝团 Lv1]
2026-05-13 21:49:36,1616742101292714,张君雅的小黄瓜,18,117225,[等级2],[粉丝团 Lv6]
2026-05-13 21:49:40,110497147302,忘忧,27,117277,[等级13],[粉丝团 Lv10]
2026-05-13 21:49:42,1616742101292714,张君雅的小黄瓜,9,117340,[等级2],[粉丝团 Lv6]
2026-05-13 21:49:45,23773147096,相见不如怀念,30,117395,[等级29],[粉丝团 Lv10]
2026-05-13 21:49:48,2242636133702956,长原,15,117454,[等级8],[粉丝团 Lv10]
2026-05-13 21:49:52,3663228569664605,天空无云,33,117524,[等级15],[粉丝团 Lv11]
2026-05-13 21:49:54,23773147096,相见不如怀念,24,117560,[等级29],[粉丝团 Lv10]
2026-05-13 21:49:58,109726492985,黑夜,3,117605,[等级6],[粉丝团 Lv9]
2026-05-13 21:50:00,110497147302,忘忧,27,117687,[等级13],[粉丝团 Lv10]
2026-05-13 21:50:03,994374383832190,X     先生。,6,117757,[等级27],
2026-05-13 21:50:06,110497147302,忘忧,24,117835,[等级13],[粉丝团 Lv10]
2026-05-13 21:50:09,3329743309776616,鲸游电竞 晋级赛 纯绿,3,117868,[等级8],[粉丝团 Lv1]
2026-05-13 21:50:13,110497147302,忘忧,27,117905,[等级13],[粉丝团 Lv10]
2026-05-13 21:50:15,3329743309776616,鲸游电竞 晋级赛 纯绿,24,117949,[等级8],[粉丝团 Lv1]
2026-05-13 21:50:18,110497147302,忘忧,27,118018,[等级13],[粉丝团 Lv10]
2026-05-13 21:50:21,3329743309776616,鲸游电竞 晋级赛 纯绿,24,118087,[等级8],[粉丝团 Lv1]
2026-05-13 21:50:24,110497147302,忘忧,27,118130,[等级13],[粉丝团 Lv10]
2026-05-13 21:50:27,3329743309776616,鲸游电竞 晋级赛 纯绿,9,118162,[等级8],[粉丝团 Lv1]
2026-05-13 21:50:30,266494653242813,QING_2,18,118240,[等级1],
2026-05-13 21:50:34,266494653242813,QING_2,21,118358,[等级1],
2026-05-13 21:50:36,266494653242813,QING_2,27,118430,[等级1],
2026-05-13 21:50:39,3329743309776616,鲸游电竞 晋级赛 纯绿,24,118556,[等级8],[粉丝团 Lv1]
2026-05-13 21:50:42,2242636133702956,长原,6,118690,[等级8],[粉丝团 Lv10]
2026-05-13 21:50:45,3512317484733731,🌪,3,118772,,
2026-05-13 21:50:48,3135454922419099,0923,24,118931,[等级37],[粉丝团 Lv11]
2026-05-13 21:50:51,641764584860397,沉伦,36,119084,[等级13],[粉丝团 Lv9]
2026-05-13 21:50:54,862438361147135,今晚⊙▽⊙月色真美,42,119227,[等级32],[粉丝团 Lv10]
2026-05-13 21:50:57,85650583664,66,3,119354,[等级6],
2026-05-13 21:51:00,94445719181,驼脚娃！！,33,119500,[等级4],[粉丝团 Lv1]
2026-05-13 21:51:03,104861796358,拾月六日,12,119624,[等级18],
2026-05-13 21:51:06,862438361147135,今晚⊙▽⊙月色真美,36,119763,[等级32],[粉丝团 Lv10]
2026-05-13 21:51:09,104861796358,拾月六日,12,119858,[等级18],
2026-05-13 21:51:12,862438361147135,今晚⊙▽⊙月色真美,33,119947,[等级32],[粉丝团 Lv10]
2026-05-13 21:51:15,104861796358,拾月六日,18,120041,[等级18],
2026-05-13 21:51:18,3135454922419099,0923,30,120136,[等级37],[粉丝团 Lv11]
2026-05-13 21:51:21,104861796358,拾月六日,9,120222,[等级18],
2026-05-13 21:51:24,64463180721,小梦,30,120343,[等级24],[粉丝团 Lv12]
2026-05-13 21:51:27,23773147096,相见不如怀念,12,120414,[等级29],[粉丝团 Lv10]
2026-05-13 21:51:30,94445719181,驼脚娃！！,33,120524,[等级4],[粉丝团 Lv1]
2026-05-13 21:51:33,104861796358,拾月六日,3,120606,[等级18],
2026-05-13 21:51:36,3919114117843694,沙南,3,120731,[等级4],
2026-05-13 21:51:39,104861796358,拾月六日,9,120825,[等级18],
2026-05-13 21:51:42,94445719181,驼脚娃！！,33,120961,[等级4],[粉丝团 Lv1]
2026-05-13 21:51:45,73459388873,sun璃瑛,9,121094,[等级22],[粉丝团 Lv3]
2026-05-13 21:51:48,94445719181,驼脚娃！！,33,121233,[等级4],[粉丝团 Lv1]
2026-05-13 21:51:51,106880280722,我行我素,24,121363,[等级13],[粉丝团 Lv8]
2026-05-13 21:51:54,3135454922419099,0923,27,121499,[等级37],[粉丝团 Lv11]
2026-05-13 21:51:58,3329743309776616,鲸游电竞 晋级赛 纯绿,27,121637,[等级8],[粉丝团 Lv1]
2026-05-13 21:52:00,3135454922419099,0923,30,121735,[等级37],[粉丝团 Lv11]
2026-05-13 21:52:03,2242636133702956,长原,6,121817,[等级8],[粉丝团 Lv10]
2026-05-13 21:52:06,3135454922419099,0923,12,121913,[等级37],[粉丝团 Lv11]
2026-05-13 21:52:09,2242636133702956,长原,12,122002,[等级8],[粉丝团 Lv10]
2026-05-13 21:52:12,3135454922419099,0923,27,122097,[等级37],[粉丝团 Lv11]
2026-05-13 21:52:15,2242636133702956,长原,24,122177,[等级8],[粉丝团 Lv10]
2026-05-13 21:52:19,2458102176691848,堇年,27,122251,[等级12],[粉丝团 Lv10]
2026-05-13 21:52:21,2242636133702956,长原,24,122322,[等级8],[粉丝团 Lv10]
2026-05-13 21:52:24,63500021942,☀ㅤ,3,122409,[等级14],
2026-05-13 21:52:27,98097373123,iii,21,122496,[等级8],
2026-05-13 21:52:30,94445719181,驼脚娃！！,33,122565,[等级4],[粉丝团 Lv1]
2026-05-13 21:52:33,2242636133702956,长原,15,122634,[等级8],[粉丝团 Lv10]
2026-05-13 21:52:36,2458102176691848,堇年,27,122717,[等级12],[粉丝团 Lv10]
2026-05-13 21:52:40,7630723591168099386,战神小忧,3,122792,,
2026-05-13 21:52:42,3135454922419099,0923,33,122889,[等级37],[粉丝团 Lv11]
2026-05-13 21:52:45,68595136040,趁早,3,122978,[等级5],
2026-05-13 21:52:48,94445719181,驼脚娃！！,36,123080,[等级4],[粉丝团 Lv1]
2026-05-13 21:52:52,52235541621,轮回,12,123142,[等级37],
2026-05-13 21:52:54,94445719181,驼脚娃！！,33,123220,[等级4],[粉丝团 Lv1]
2026-05-13 21:52:58,52235541621,轮回,3,123267,[等级37],
2026-05-13 21:53:00,3821550606749870,小雪,30,123370,,
2026-05-13 21:53:03,52235541621,轮回,15,123461,[等级37],
2026-05-13 21:53:06,3025503190264488,波涛,33,123616,[等级19],[粉丝团 Lv15]
2026-05-13 21:53:09,51534481865,清澈里,18,123734,[等级13],[粉丝团 Lv5]
2026-05-13 21:53:12,3025503190264488,波涛,36,123825,[等级19],[粉丝团 Lv15]
2026-05-13 21:53:15,23773147096,相见不如怀念,27,123886,[等级29],[粉丝团 Lv10]
2026-05-13 21:53:18,3025503190264488,波涛,36,123979,[等级19],[粉丝团 Lv15]
2026-05-13 21:53:21,2242636133702956,长原,21,124086,[等级8],[粉丝团 Lv10]
2026-05-13 21:53:24,94445719181,驼脚娃！！,33,124243,[等级4],[粉丝团 Lv1]
2026-05-13 21:53:27,3131883837981384,小心肝,3,124387,[等级19],[粉丝团 Lv1]
2026-05-13 21:53:31,2458102176691848,堇年,27,124556,[等级12],[粉丝团 Lv10]
2026-05-13 21:53:33,1569754093461243,你大爷,21,124719,[等级18],[粉丝团 Lv12]
2026-05-13 21:53:37,3134071856970844,晚岑,27,124944,[等级28],[粉丝团 Lv9]
2026-05-13 21:53:39,1201095507976760,已读不回💙💙,24,125093,[等级15],
2026-05-13 21:53:42,64463180721,小梦,30,125259,[等级24],[粉丝团 Lv12]
2026-05-13 21:53:45,926252868852907,树叶,24,125368,[等级2],
2026-05-13 21:53:48,24659660641836,暴捶橙汁,18,125485,[等级5],[粉丝团 Lv3]
2026-05-13 21:53:51,7567403286325478437,日行一善积大德，日行多善积积大大德,9,125683,[等级10],[粉丝团 Lv10]
2026-05-13 21:53:54,59333881302,Lemon,27,125884,[等级6],[粉丝团 Lv9]
2026-05-13 21:53:57,1201095507976760,已读不回💙💙,24,126087,[等级15],
2026-05-13 21:54:00,94445719181,驼脚娃！！,3,126250,[等级4],[粉丝团 Lv1]
2026-05-13 21:54:03,7567403286325478437,日行一善积大德，日行多善积积大大德,27,126503,[等级10],[粉丝团 Lv10]
2026-05-13 21:54:06,63823638541,有你任性,33,126724,[等级20],[粉丝团 Lv11]
2026-05-13 21:54:09,926252868852907,树叶,33,126987,[等级2],
2026-05-13 21:54:12,3010934398265312,Loki,42,127358,,
2026-05-13 21:54:15,2242636133702956,长原,3,127764,[等级8],[粉丝团 Lv10]
2026-05-13 21:54:18,105864641077,不拘小节,24,128331,[等级16],[粉丝团 Lv13]
2026-05-13 21:54:21,94519821033,Doki,27,128932,[等级36],[粉丝团 Lv5]
2026-05-13 21:54:24,39236988582787,滋典面包,24,129622,[等级14],[粉丝团 Lv9]
2026-05-13 21:54:27,94519821033,Doki,30,130329,[等级36],[粉丝团 Lv5]
2026-05-13 21:54:30,105864641077,不拘小节,21,130968,[等级16],[粉丝团 Lv13]
2026-05-13 21:54:33,87065319940,when,30,131642,[等级12],[粉丝团 Lv10]
2026-05-13 21:54:36,105864641077,不拘小节,27,132300,[等级16],[粉丝团 Lv13]
2026-05-13 21:54:39,110666097981,꧁༺阝东༻༺豆豆༻꧂,27,132909,[等级6],[粉丝团 Lv9]
2026-05-13 21:54:42,3776192647005835,飛,24,133490,[等级6],[粉丝团 Lv7]
2026-05-13 21:54:45,87065319940,when,30,134019,[等级12],[粉丝团 Lv10]
2026-05-13 21:54:49,105864641077,不拘小节,27,134578,[等级16],[粉丝团 Lv13]
2026-05-13 21:54:51,87065319940,when,15,135113,[等级12],[粉丝团 Lv10]
2026-05-13 21:54:54,39236988582787,滋典面包,30,135673,[等级14],[粉丝团 Lv9]
2026-05-13 21:54:57,3821550606749870,小雪,24,136274,,
2026-05-13 21:55:00,105864641077,不拘小节,24,136843,[等级16],[粉丝团 Lv13]
2026-05-13 21:55:03,70936215871,看99次日落,30,137436,[等级5],[粉丝团 Lv5]
2026-05-13 21:55:06,77416951506,ら孤痞,33,137987,[等级36],[粉丝团 Lv17]
2026-05-13 21:55:09,104861796358,拾月六日,12,138466,[等级18],
2026-05-13 21:55:12,1455360985545516,ᰔᩚ,24,138972,[等级2],[粉丝团 Lv2]
2026-05-13 21:55:15,3821550606749870,小雪,24,139455,,
2026-05-13 21:55:18,3329743309776616,鲸游电竞 晋级赛 纯绿,6,139831,[等级8],[粉丝团 Lv1]
2026-05-13 21:55:21,3853110172199261,吃点猫耳朵,30,140270,[等级10],[粉丝团 Lv8]
2026-05-13 21:55:24,1455360985545516,ᰔᩚ,21,140633,[等级2],[粉丝团 Lv2]
2026-05-13 21:55:27,104861796358,拾月六日,18,141019,[等级18],
2026-05-13 21:55:30,1455360985545516,ᰔᩚ,12,141384,[等级2],[粉丝团 Lv2]
2026-05-13 21:55:33,104861796358,拾月六日,3,141723,[等级18],
2026-05-13 21:55:36,105864641077,不拘小节,24,142096,[等级16],[粉丝团 Lv13]
2026-05-13 21:55:39,104861796358,拾月六日,3,142381,[等级18],
2026-05-13 21:55:42,426255870855003,祝余,30,142737,[等级10],[粉丝团 Lv7]
2026-05-13 21:55:45,70936215871,看99次日落,30,143060,[等级5],[粉丝团 Lv5]
2026-05-13 21:55:48,39236988582787,滋典面包,30,143395,[等级14],[粉丝团 Lv9]
2026-05-13 21:55:51,105160933332,～王守朋～,36,143747,[等级19],[粉丝团 Lv14]
2026-05-13 21:55:54,39236988582787,滋典面包,24,144076,[等级14],[粉丝团 Lv9]
2026-05-13 21:55:57,85995154606,Kite,27,144369,[等级28],[粉丝团 Lv11]
2026-05-13 21:56:00,105864641077,不拘小节,24,144739,[等级16],[粉丝团 Lv13]
2026-05-13 21:56:03,60951500377,口口大炮,27,145050,[等级8],[粉丝团 Lv3]
2026-05-13 21:56:06,39236988582787,滋典面包,27,145403,[等级14],[粉丝团 Lv9]
2026-05-13 21:56:09,104963201726,๓陌ꦿེ路࿐,27,145707,[等级28],[粉丝团 Lv14]
2026-05-13 21:56:12,39236988582787,滋典面包,27,146060,[等级14],[粉丝团 Lv9]
2026-05-13 21:56:15,104963201726,๓陌ꦿེ路࿐,30,146364,[等级28],[粉丝团 Lv14]
2026-05-13 21:56:18,105864641077,不拘小节,24,146695,[等级16],[粉丝团 Lv13]
2026-05-13 21:56:21,60951500377,口口大炮,24,147014,[等级8],[粉丝团 Lv3]
2026-05-13 21:56:24,105864641077,不拘小节,24,147332,[等级16],[粉丝团 Lv13]
2026-05-13 21:56:27,60951500377,口口大炮,15,147595,[等级8],[粉丝团 Lv3]
2026-05-13 21:56:30,105864641077,不拘小节,24,147882,[等级16],[粉丝团 Lv13]
2026-05-13 21:56:33,23773147096,相见不如怀念,12,148157,[等级29],[粉丝团 Lv10]
2026-05-13 21:56:36,39236988582787,滋典面包,27,148454,[等级14],[粉丝团 Lv9]
2026-05-13 21:56:39,60951500377,口口大炮,18,148719,[等级8],[粉丝团 Lv3]
2026-05-13 21:56:42,105864641077,不拘小节,24,148985,[等级16],[粉丝团 Lv13]
2026-05-13 21:56:45,110421807073,夏微凉,33,149210,[等级21],[粉丝团 Lv15]
2026-05-13 21:56:48,39236988582787,滋典面包,24,149397,[等级14],[粉丝团 Lv9]
2026-05-13 21:56:51,110421807073,夏微凉,30,149577,[等级21],[粉丝团 Lv15]
2026-05-13 21:56:54,1616742101292714,张君雅的小黄瓜,3,149739,[等级2],[粉丝团 Lv6]
2026-05-13 21:56:57,97710356663,筱筱筱丶劉❤️,3,149932,[等级15],[粉丝团 Lv10]
2026-05-13 21:57:00,1616742101292714,张君雅的小黄瓜,6,150116,[等级2],[粉丝团 Lv6]
2026-05-13 21:57:03,3855359904083052,“22”,6,150358,[等级6],
2026-05-13 21:57:06,78519164857,是你没选我啊！,3,150583,[等级22],[粉丝团 Lv12]
2026-05-13 21:57:09,4295115881845472,乘风破浪🏄‍♂️,12,150764,[等级18],
2026-05-13 21:57:12,105864641077,不拘小节,3,150914,[等级16],[粉丝团 Lv13]
2026-05-13 21:57:15,110421807073,夏微凉,33,151074,[等级21],[粉丝团 Lv15]
2026-05-13 21:57:18,105864641077,不拘小节,24,151263,[等级16],[粉丝团 Lv13]
2026-05-13 21:57:21,73459388873,sun璃瑛,21,151459,[等级22],[粉丝团 Lv3]
2026-05-13 21:57:24,105864641077,不拘小节,30,151652,[等级16],[粉丝团 Lv13]
2026-05-13 21:57:27,73459388873,sun璃瑛,39,151806,[等级22],[粉丝团 Lv3]
2026-05-13 21:57:30,39236988582787,滋典面包,27,151991,[等级14],[粉丝团 Lv9]
2026-05-13 21:57:33,73459388873,sun璃瑛,39,152165,[等级22],[粉丝团 Lv3]
2026-05-13 21:57:36,39236988582787,滋典面包,24,152344,[等级14],[粉丝团 Lv9]
2026-05-13 21:57:39,110421807073,夏微凉,30,152530,[等级21],[粉丝团 Lv15]
2026-05-13 21:57:42,105864641077,不拘小节,24,152692,[等级16],[粉丝团 Lv13]
2026-05-13 21:57:45,110421807073,夏微凉,30,152829,[等级21],[粉丝团 Lv15]
2026-05-13 21:57:48,39236988582787,滋典面包,30,152946,[等级14],[粉丝团 Lv9]
2026-05-13 21:57:51,110421807073,夏微凉,30,153074,[等级21],[粉丝团 Lv15]
2026-05-13 21:57:54,39236988582787,滋典面包,30,153195,[等级14],[粉丝团 Lv9]
2026-05-13 21:57:57,110421807073,夏微凉,30,153310,[等级21],[粉丝团 Lv15]
2026-05-13 21:58:01,105864641077,不拘小节,27,153406,[等级16],[粉丝团 Lv13]
2026-05-13 21:58:03,110421807073,夏微凉,33,153485,[等级21],[粉丝团 Lv15]
2026-05-13 21:58:06,105864641077,不拘小节,24,153591,[等级16],[粉丝团 Lv13]
2026-05-13 21:58:09,110421807073,夏微凉,33,153693,[等级21],[粉丝团 Lv15]
2026-05-13 21:58:12,3855359904083052,“22”,6,153868,[等级6],
2026-05-13 21:58:15,3855359904083052,“22”,6,154026,[等级6],
2026-05-13 21:58:18,3855359904083052,“22”,6,154225,[等级6],
2026-05-13 21:58:21,3855359904083052,“22”,6,154441,[等级6],
2026-05-13 21:58:24,105864641077,不拘小节,27,154620,[等级16],[粉丝团 Lv13]
2026-05-13 21:58:27,4295115881845472,乘风破浪🏄‍♂️,33,154759,[等级18],
2026-05-13 21:58:30,39236988582787,滋典面包,30,154949,[等级14],[粉丝团 Lv9]
2026-05-13 21:58:34,4295115881845472,乘风破浪🏄‍♂️,33,155162,[等级18],
2026-05-13 21:58:36,63294797343,Wang,27,155465,[等级24],[粉丝团 Lv4]
2026-05-13 21:58:39,206327161555053,浪里个浪,3,155727,[等级10],[粉丝团 Lv4]
2026-05-13 21:58:42,63294797343,Wang,24,156004,[等级24],[粉丝团 Lv4]
2026-05-13 21:58:45,110421807073,夏微凉,30,156241,[等级21],[粉丝团 Lv15]
2026-05-13 21:58:48,96565447462,时宜,30,156491,[等级30],[粉丝团:张君雅 Lv15]
2026-05-13 21:58:51,110421807073,夏微凉,33,156673,[等级21],[粉丝团 Lv15]
2026-05-13 21:58:54,105864641077,不拘小节,24,156899,[等级16],[粉丝团 Lv13]
2026-05-13 21:58:57,1231081424292520,顺儿,24,157096,[等级18],[粉丝团 Lv11]
2026-05-13 21:59:00,105864641077,不拘小节,18,157319,[等级16],[粉丝团 Lv13]
2026-05-13 21:59:03,1231081424292520,顺儿,6,157496,[等级18],[粉丝团 Lv11]
2026-05-13 21:59:06,105864641077,不拘小节,30,157661,[等级16],[粉丝团 Lv13]
2026-05-13 21:59:09,81813055735161,创驰地产,30,157816,[等级1],
2026-05-13 21:59:12,105864641077,不拘小节,27,157980,[等级16],[粉丝团 Lv13]
2026-05-13 21:59:15,110421807073,夏微凉,33,158184,[等级21],[粉丝团 Lv15]
2026-05-13 21:59:18,105864641077,不拘小节,27,158397,[等级16],[粉丝团 Lv13]
2026-05-13 21:59:21,52342174408,蓝莓松子,27,158616,[等级17],[粉丝团 Lv11]
2026-05-13 21:59:24,105864641077,不拘小节,27,158839,[等级16],[粉丝团 Lv13]
2026-05-13 21:59:27,60539285303,偏偏是小羊,30,159015,[等级6],[粉丝团 Lv8]
2026-05-13 21:59:30,92992288513,昕愿,33,159239,[等级10],[粉丝团 Lv2]
2026-05-13 21:59:33,1616742101292714,张君雅的小黄瓜,39,159451,[等级2],[粉丝团 Lv6]
2026-05-13 21:59:36,92992288513,昕愿,36,159612,[等级10],[粉丝团 Lv2]
2026-05-13 21:59:39,64463180721,小梦,30,159740,[等级24],[粉丝团 Lv12]
2026-05-13 21:59:42,105864641077,不拘小节,27,159917,[等级16],[粉丝团 Lv13]
2026-05-13 21:59:45,64463180721,小梦,27,160108,[等级24],[粉丝团 Lv12]
2026-05-13 21:59:48,105864641077,不拘小节,24,160313,[等级16],[粉丝团 Lv13]
2026-05-13 21:59:51,75355984497,👸🏻Queen 👑,27,160473,[等级3],
2026-05-13 21:59:54,105864641077,不拘小节,21,160616,[等级16],[粉丝团 Lv13]
2026-05-13 21:59:57,74610590879,叶凯,33,160778,[等级7],
2026-05-13 22:00:00,105864641077,不拘小节,24,160958,[等级16],[粉丝团 Lv13]
2026-05-13 22:00:03,75355984497,👸🏻Queen 👑,27,161103,[等级3],
2026-05-13 22:00:06,892455697541965,看海听㶡,24,161236,[等级21],[粉丝团 Lv15]
2026-05-13 22:00:09,75355984497,👸🏻Queen 👑,18,161355,[等级3],
2026-05-13 22:00:12,105864641077,不拘小节,24,161491,[等级16],[粉丝团 Lv13]
2026-05-13 22:00:15,64463180721,小梦,33,161578,[等级24],[粉丝团 Lv12]
2026-05-13 22:00:18,105864641077,不拘小节,24,161700,[等级16],[粉丝团 Lv13]
2026-05-13 22:00:21,64463180721,小梦,27,161779,[等级24],[粉丝团 Lv12]
2026-05-13 22:00:24,105864641077,不拘小节,24,161867,[等级16],[粉丝团 Lv13]
2026-05-13 22:00:27,64463180721,小梦,27,161936,[等级24],[粉丝团 Lv12]
2026-05-13 22:00:30,105864641077,不拘小节,27,162029,[等级16],[粉丝团 Lv13]
2026-05-13 22:00:33,64463180721,小梦,30,162090,[等级24],[粉丝团 Lv12]
2026-05-13 22:00:36,92992288513,昕愿,36,162167,[等级10],[粉丝团 Lv2]
2026-05-13 22:00:39,64463180721,小梦,30,162228,[等级24],[粉丝团 Lv12]
2026-05-13 22:00:42,92992288513,昕愿,33,162321,[等级10],[粉丝团 Lv2]
2026-05-13 22:00:45,64463180721,小梦,30,162388,[等级24],[粉丝团 Lv12]
2026-05-13 22:00:48,92992288513,昕愿,33,162503,[等级10],[粉丝团 Lv2]
2026-05-13 22:00:51,64463180721,小梦,30,162574,[等级24],[粉丝团 Lv12]
2026-05-13 22:00:54,4476810222897328,冷冷,9,162668,[等级19],[粉丝团 Lv9]
2026-05-13 22:00:57,64463180721,小梦,30,162769,[等级24],[粉丝团 Lv12]
2026-05-13 22:01:00,105864641077,不拘小节,3,162869,[等级16],[粉丝团 Lv13]
2026-05-13 22:01:03,89338358587,我的Supra去哪了？,27,162964,[等级13],
2026-05-13 22:01:06,3329743309776616,鲸游电竞 晋级赛 纯绿,15,163053,[等级8],[粉丝团 Lv1]
2026-05-13 22:01:09,71126905166,抖音小肋手,30,163193,[等级10],[粉丝团 Lv10]
2026-05-13 22:01:12,105864641077,不拘小节,30,163307,[等级16],[粉丝团 Lv13]
2026-05-13 22:01:15,64463180721,小梦,30,163403,[等级24],[粉丝团 Lv12]
2026-05-13 22:01:18,105864641077,不拘小节,9,163486,[等级16],[粉丝团 Lv13]
2026-05-13 22:01:21,64463180721,小梦,30,163556,[等级24],[粉丝团 Lv12]
2026-05-13 22:01:24,105864641077,不拘小节,15,163643,[等级16],[粉丝团 Lv13]
2026-05-13 22:01:27,64463180721,小梦,24,163681,[等级24],[粉丝团 Lv12]
2026-05-13 22:01:30,105864641077,不拘小节,24,163738,[等级16],[粉丝团 Lv13]
2026-05-13 22:01:33,64463180721,小梦,30,163791,[等级24],[粉丝团 Lv12]
2026-05-13 22:01:36,105864641077,不拘小节,30,163848,[等级16],[粉丝团 Lv13]
2026-05-13 22:01:39,64463180721,小梦,30,163897,[等级24],[粉丝团 Lv12]
2026-05-13 22:01:42,105864641077,不拘小节,27,163961,[等级16],[粉丝团 Lv13]
2026-05-13 22:01:45,64463180721,小梦,27,163999,[等级24],[粉丝团 Lv12]
2026-05-13 22:01:48,105864641077,不拘小节,24,164040,[等级16],[粉丝团 Lv13]
2026-05-13 22:01:52,1009770415012976,小安安,18,164082,,
2026-05-13 22:01:54,105864641077,不拘小节,21,164106,[等级16],[粉丝团 Lv13]
2026-05-13 22:01:58,1009770415012976,小安安,12,164122,,
2026-05-13 22:02:01,3510107775698760,syuuu,6,164124,[等级14],
2026-05-13 22:02:04,1009770415012976,小安安,30,164155,,
2026-05-13 22:02:06,1009770415012976,小安安,24,164175,,
2026-05-13 22:02:10,1291290724010393,用户9585700244341,3,164187,,
2026-05-13 22:02:13,75613626274,|,3,164192,[等级7],
2026-05-13 22:02:17,80192776755,乔祉,9,164197,[等级10],[粉丝团 Lv2]
2026-05-13 22:02:18,2862732682207447,煩惱拜拜,3,164271,[等级28],
2026-05-13 22:02:22,7555682203687240761,不是蓝衣,12,164276,[等级1],
2026-05-13 22:02:27,110666097981,꧁༺阝东༻༺豆豆༻꧂,3,164292,[等级6],[粉丝团 Lv9]
2026-05-13 22:02:28,110666097981,꧁༺阝东༻༺豆豆༻꧂,30,164303,[等级6],[粉丝团 Lv9]
2026-05-13 22:02:30,110666097981,꧁༺阝东༻༺豆豆༻꧂,18,164315,[等级6],[粉丝团 Lv9]
2026-05-13 22:02:34,108836411089,ღ᭄余生ꦿ꯭安好꧔ꦿ᭄࿐,3,164331,[等级9],
2026-05-13 22:02:36,3663228569664605,天空无云,36,164346,[等级15],[粉丝团 Lv11]
2026-05-13 22:02:40,75355984497,👸🏻Queen 👑,33,164370,[等级3],
2026-05-13 22:02:42,81910398697,小红旗🇨🇳,3,164415,[等级18],[粉丝团 Lv2]
2026-05-13 22:02:45,3118670421442236,雨天头痛,3,164449,[等级2],[粉丝团 Lv5]
2026-05-13 22:02:48,105864641077,不拘小节,24,164523,[等级16],[粉丝团 Lv13]
2026-05-13 22:02:52,110497147302,忘忧,33,164576,[等级13],[粉丝团 Lv10]
2026-05-13 22:02:54,92992288513,昕愿,9,164655,[等级10],[粉丝团 Lv2]
2026-05-13 22:02:58,110497147302,忘忧,12,164724,[等级13],[粉丝团 Lv10]
2026-05-13 22:03:00,105864641077,不拘小节,27,164793,[等级16],[粉丝团 Lv13]
2026-05-13 22:03:03,80577311810,徐江.,3,164830,[等级13],
2026-05-13 22:03:06,105864641077,不拘小节,24,164913,[等级16],[粉丝团 Lv13]
2026-05-13 22:03:09,80577311810,徐江.,3,164976,[等级13],
2026-05-13 22:03:12,105864641077,不拘小节,27,165084,[等级16],[粉丝团 Lv13]
2026-05-13 22:03:15,73459388873,sun璃瑛,12,165162,[等级22],[粉丝团 Lv3]
2026-05-13 22:03:18,75355984497,👸🏻Queen 👑,33,165231,[等级3],
2026-05-13 22:03:21,104861796358,拾月六日,3,165285,[等级18],
2026-05-13 22:03:24,105864641077,不拘小节,24,165367,[等级16],[粉丝团 Lv13]
2026-05-13 22:03:28,110497147302,忘忧,24,165439,[等级13],[粉丝团 Lv10]
2026-05-13 22:03:30,105864641077,不拘小节,24,165502,[等级16],[粉丝团 Lv13]
2026-05-13 22:03:34,71126905166,抖音小肋手,27,165566,[等级10],[粉丝团 Lv10]
2026-05-13 22:03:38,80577311810,徐江.,6,165605,[等级13],
2026-05-13 22:03:40,80577311810,徐江.,18,165612,[等级13],
2026-05-13 22:03:43,71126905166,抖音小肋手,30,165643,[等级10],[粉丝团 Lv10]
2026-05-13 22:03:45,71126905166,抖音小肋手,30,165663,[等级10],[粉丝团 Lv10]
2026-05-13 22:03:48,2590872682375043,戴威、,6,165699,[等级28],[粉丝团 Lv10]
2026-05-13 22:03:51,71126905166,抖音小肋手,30,165740,[等级10],[粉丝团 Lv10]
2026-05-13 22:03:54,75355984497,👸🏻Queen 👑,33,165803,[等级3],
2026-05-13 22:03:58,71126905166,抖音小肋手,3,165849,[等级10],[粉丝团 Lv10]
2026-05-13 22:04:00,92992288513,昕愿,27,165919,[等级10],[粉丝团 Lv2]
2026-05-13 22:04:04,2066715339664559,亦亿,30,165989,[等级9],[粉丝团 Lv11]
2026-05-13 22:04:06,3329743309776616,鲸游电竞 晋级赛 纯绿,12,166066,[等级8],[粉丝团 Lv1]
2026-05-13 22:04:09,1121935923879166,巫玫狗,27,166146,[等级26],[粉丝团 Lv11]
2026-05-13 22:04:13,92992288513,昕愿,27,166240,[等级10],[粉丝团 Lv2]
2026-05-13 22:04:15,2066715339664559,亦亿,27,166338,[等级9],[粉丝团 Lv11]
2026-05-13 22:04:19,75355984497,👸🏻Queen 👑,15,166399,[等级3],
2026-05-13 22:04:21,2066715339664559,亦亿,24,166448,[等级9],[粉丝团 Lv11]
2026-05-13 22:04:25,92992288513,昕愿,24,166506,[等级10],[粉丝团 Lv2]
2026-05-13 22:04:27,2066715339664559,亦亿,24,166556,[等级9],[粉丝团 Lv11]
2026-05-13 22:04:31,92992288513,昕愿,24,166592,[等级10],[粉丝团 Lv2]
2026-05-13 22:04:33,2066715339664559,亦亿,18,166653,[等级9],[粉丝团 Lv11]
2026-05-13 22:04:37,92992288513,昕愿,21,166697,[等级10],[粉丝团 Lv2]
2026-05-13 22:04:39,2066715339664559,亦亿,24,166736,[等级9],[粉丝团 Lv11]
2026-05-13 22:04:42,92992288513,昕愿,27,166769,[等级10],[粉丝团 Lv2]
2026-05-13 22:04:45,2066715339664559,亦亿,24,166852,[等级9],[粉丝团 Lv11]
2026-05-13 22:04:48,104910038966,郴州高新车行 李俊,3,166934,[等级13],
2026-05-13 22:04:51,2066715339664559,亦亿,24,167008,[等级9],[粉丝团 Lv11]
2026-05-13 22:04:54,7630723591168099386,战神小忧,6,167101,,
2026-05-13 22:04:57,2066715339664559,亦亿,18,167190,[等级9],[粉丝团 Lv11]
2026-05-13 22:05:01,63150519463,猫佑,30,167259,[等级22],[粉丝团 Lv10]
2026-05-13 22:05:04,2066715339664559,亦亿,24,167329,[等级9],[粉丝团 Lv11]
2026-05-13 22:05:06,110666097981,꧁༺阝东༻༺豆豆༻꧂,6,167376,[等级6],[粉丝团 Lv9]
2026-05-13 22:05:09,2066715339664559,亦亿,27,167431,[等级9],[粉丝团 Lv11]
2026-05-13 22:05:12,1516981615855720,风雨同舟,9,167497,[等级24],[粉丝团 Lv13]
2026-05-13 22:05:15,71126905166,抖音小肋手,30,167611,[等级10],[粉丝团 Lv10]
2026-05-13 22:05:19,92992288513,昕愿,24,167714,[等级10],[粉丝团 Lv2]
2026-05-13 22:05:21,71126905166,抖音小肋手,30,167788,[等级10],[粉丝团 Lv10]
2026-05-13 22:05:24,82570271987,张张～,33,167825,[等级22],[粉丝团 Lv13]
2026-05-13 22:05:28,110631955568,Amber,27,167881,[等级11],[粉丝团 Lv10]
2026-05-13 22:05:30,82570271987,张张～,33,167909,[等级22],[粉丝团 Lv13]
2026-05-13 22:05:34,110631955568,Amber,27,167966,[等级11],[粉丝团 Lv10]
2026-05-13 22:05:36,82570271987,张张～,30,167995,[等级22],[粉丝团 Lv13]
2026-05-13 22:05:39,4322915391116355,肖波波,3,168055,[等级2],
2026-05-13 22:05:42,307514755259232,浪子鹏☯️,33,168107,[等级30],[粉丝团 Lv10]
2026-05-13 22:05:46,1121935923879166,巫玫狗,30,168154,[等级26],[粉丝团 Lv11]
2026-05-13 22:05:48,62670129018,亲亲宝贝,9,168196,[等级17],
2026-05-13 22:05:52,110631955568,Amber,24,168241,[等级11],[粉丝团 Lv10]
2026-05-13 22:05:54,3118670421442236,雨天头痛,3,168272,[等级2],[粉丝团 Lv5]
2026-05-13 22:05:58,3789370342519571,启明星⭐,33,168327,[等级19],[粉丝团 Lv7]
2026-05-13 22:06:01,92992288513,昕愿,21,168365,[等级10],[粉丝团 Lv2]
2026-05-13 22:06:04,1121935923879166,巫玫狗,6,168402,[等级26],[粉丝团 Lv11]
2026-05-13 22:06:07,92992288513,昕愿,24,168439,[等级10],[粉丝团 Lv2]
2026-05-13 22:06:10,71126905166,抖音小肋手,30,168480,[等级10],[粉丝团 Lv10]
2026-05-13 22:06:13,4059014609508152,隋大哥,3,168528,[等级5],[粉丝团 Lv6]
2026-05-13 22:06:16,71126905166,抖音小肋手,21,168573,[等级10],[粉丝团 Lv10]
2026-05-13 22:06:19,76136419134,淡 定,9,168610,[等级11],
2026-05-13 22:06:21,92992288513,昕愿,24,168632,[等级10],[粉丝团 Lv2]
2026-05-13 22:06:25,92992288513,昕愿,24,168681,[等级10],[粉丝团 Lv2]
2026-05-13 22:06:27,92992288513,昕愿,24,168711,[等级10],[粉丝团 Lv2]
2026-05-13 22:06:31,3118670421442236,雨天头痛,3,168723,[等级2],[粉丝团 Lv5]
2026-05-13 22:06:33,92992288513,昕愿,24,168742,[等级10],[粉丝团 Lv2]
2026-05-13 22:06:37,92992288513,昕愿,24,168759,[等级10],[粉丝团 Lv2]
2026-05-13 22:06:39,92992288513,昕愿,24,168768,[等级10],[粉丝团 Lv2]
2026-05-13 22:06:43,92992288513,昕愿,21,168785,[等级10],[粉丝团 Lv2]
2026-05-13 22:06:45,92992288513,昕愿,27,168794,[等级10],[粉丝团 Lv2]
2026-05-13 22:06:49,1354242399147415,雷打不动&,3,168818,[等级5],[粉丝团 Lv2]
2026-05-13 22:06:51,72599470775,WAH,27,168837,[等级16],[粉丝团 Lv6]
2026-05-13 22:06:54,3118670421442236,雨天头痛,3,168848,[等级2],[粉丝团 Lv5]
2026-05-13 22:06:57,1354242399147415,雷打不动&,3,168850,[等级5],[粉丝团 Lv2]
2026-05-13 22:07:00,2282213586764443,小炸梦游记,3,168860,[等级11],[粉丝团 Lv7]
2026-05-13 22:07:04,100579465259,👉🏽Conquer👈🏽,12,168866,[等级1],
2026-05-13 22:07:06,2458102176691848,堇年,9,168875,[等级12],[粉丝团 Lv10]
2026-05-13 22:07:09,108242364337,白先森,6,168934,[等级17],
2026-05-13 22:07:12,60047544879,呆了个呆,3,169071,[等级20],[粉丝团 Lv11]
2026-05-13 22:07:15,1783847821255132,闪现真好吃,15,169221,[等级13],[粉丝团 Lv9]
2026-05-13 22:07:18,3584000061879933,卖报的小喇巴,36,169394,[等级8],[粉丝团 Lv10]
2026-05-13 22:07:22,87174404436,爱笑的猫,24,169527,[等级7],[粉丝团 Lv1]
2026-05-13 22:07:25,91692192767,安○逸,33,169739,[等级8],[粉丝团 Lv5]
2026-05-13 22:07:27,1783847821255132,闪现真好吃,39,169907,[等级13],[粉丝团 Lv9]
2026-05-13 22:07:30,109132292337,一点666,3,170118,[等级2],
2026-05-13 22:07:33,61960743593,无名先生,15,170260,[等级23],[粉丝团 Lv8]
2026-05-13 22:07:37,65142055034,春野,6,170443,[等级3],[粉丝团 Lv2]
2026-05-13 22:07:39,93128036459,龙少,24,170609,[等级31],[粉丝团 Lv16]
2026-05-13 22:07:42,3114262141355527,被窝馍馍侠,27,170786,[等级10],
2026-05-13 22:07:45,2066715339664559,亦亿,30,171001,[等级9],[粉丝团 Lv11]
2026-05-13 22:07:48,4232497927828250,17、,6,171148,,
2026-05-13 22:07:51,2066715339664559,亦亿,30,171268,[等级9],[粉丝团 Lv11]
2026-05-13 22:07:54,60385999623,阿咯咯,6,171388,[等级11],[粉丝团 Lv2]
2026-05-13 22:07:57,2066715339664559,亦亿,27,171501,[等级9],[粉丝团 Lv11]
2026-05-13 22:08:00,101167067488,安好,33,171603,[等级12],[粉丝团 Lv10]
2026-05-13 22:08:03,94519821033,Doki,9,171749,[等级36],[粉丝团 Lv5]
2026-05-13 22:08:06,2568060759708859,东东1023,21,172011,[等级10],[粉丝团 Lv3]
2026-05-13 22:08:09,52342174408,蓝莓松子,24,172416,[等级17],[粉丝团 Lv11]
2026-05-13 22:08:12,97256097626,迷茫,42,172837,[等级13],[粉丝团 Lv7]
2026-05-13 22:08:15,110497147302,忘忧,30,173388,[等级13],[粉丝团 Lv10]
2026-05-13 22:08:18,3114262141355527,被窝馍馍侠,27,173909,[等级10],
2026-05-13 22:08:21,3344042356389289,可乐不加冰,30,174484,,
2026-05-13 22:08:24,97256097626,迷茫,33,174996,[等级13],[粉丝团 Lv7]
2026-05-13 22:08:27,110814594346,持之以恒,30,175586,[等级23],
2026-05-13 22:08:30,105864641077,不拘小节,3,176108,[等级16],[粉丝团 Lv13]
2026-05-13 22:08:33,64128077743,鹿鹿呀。,3,176678,[等级11],[粉丝团 Lv8]
2026-05-13 22:08:36,149140511396456,王一刀,3,177302,[等级18],[粉丝团 Lv11]
2026-05-13 22:08:39,83724067872,草莓啵啵^,39,177898,[等级12],[粉丝团 Lv11]
2026-05-13 22:08:42,105864641077,不拘小节,24,178523,[等级16],[粉丝团 Lv13]
2026-05-13 22:08:45,110814594346,持之以恒,27,179078,[等级23],
2026-05-13 22:08:48,862480867792952,花生,6,179545,[等级27],[粉丝团 Lv14]
2026-05-13 22:08:51,83724067872,草莓啵啵^,33,180051,[等级12],[粉丝团 Lv11]
2026-05-13 22:08:54,104963201726,๓陌ꦿེ路࿐,24,180489,[等级28],[粉丝团 Lv14]
2026-05-13 22:08:57,3081266249862527,糯米,33,180916,[等级4],[粉丝团 Lv6]
2026-05-13 22:09:00,279718988623529,Luka,36,181259,[等级24],[粉丝团 Lv5]
2026-05-13 22:09:03,83724067872,草莓啵啵^,30,181609,[等级12],[粉丝团 Lv11]
2026-05-13 22:09:06,105864641077,不拘小节,24,181932,[等级16],[粉丝团 Lv13]
2026-05-13 22:09:10,94519821033,Doki,36,182268,[等级36],[粉丝团 Lv5]
2026-05-13 22:09:12,1616742101292714,张君雅的小黄瓜,6,182519,[等级2],[粉丝团 Lv6]
2026-05-13 22:09:16,94519821033,Doki,33,182826,[等级36],[粉丝团 Lv5]
2026-05-13 22:09:18,105864641077,不拘小节,27,183062,[等级16],[粉丝团 Lv13]
2026-05-13 22:09:21,2066715339664559,亦亿,6,183307,[等级9],[粉丝团 Lv11]
2026-05-13 22:09:24,105864641077,不拘小节,27,183495,[等级16],[粉丝团 Lv13]
2026-05-13 22:09:28,1886418198076744,……,30,183754,[等级7],[粉丝团 Lv8]
2026-05-13 22:09:30,96565447462,时宜,39,183964,[等级30],[粉丝团:张君雅 Lv15]
2026-05-13 22:09:33,4270109025634999,孑,24,184209,[等级17],[粉丝团 Lv10]
2026-05-13 22:09:36,110497147302,忘忧,33,184462,[等级13],[粉丝团 Lv10]
2026-05-13 22:09:39,299538875948749,呆萌的小孩子,12,184739,[等级3],
2026-05-13 22:09:42,96565447462,时宜,24,184978,[等级30],[粉丝团:张君雅 Lv15]
2026-05-13 22:09:45,93687105296,洛皮皮🐻‍❄️⁰⁵⁰³,18,185211,[等级40],[粉丝团:张君雅 Lv17]
2026-05-13 22:09:48,110497147302,忘忧,27,185406,[等级13],[粉丝团 Lv10]
2026-05-13 22:09:51,1886418198076744,……,30,185590,[等级7],[粉丝团 Lv8]
2026-05-13 22:09:54,110497147302,忘忧,27,185800,[等级13],[粉丝团 Lv10]
2026-05-13 22:09:57,515039550253816,有光的哼🐷,3,186032,,
2026-05-13 22:10:00,279718988623529,Luka,27,186273,[等级24],[粉丝团 Lv5]
2026-05-13 22:10:03,3819026927860087,搁浅的鱼！！,33,186562,[等级22],[粉丝团 Lv5]
2026-05-13 22:10:06,100060114693,俞我有缘,21,186824,[等级13],[粉丝团 Lv11]
2026-05-13 22:10:09,3819026927860087,搁浅的鱼！！,30,187127,[等级22],[粉丝团 Lv5]
2026-05-13 22:10:12,279718988623529,Luka,36,187406,[等级24],[粉丝团 Lv5]
2026-05-13 22:10:15,892455697541965,看海听㶡,24,187727,[等级21],[粉丝团 Lv15]
2026-05-13 22:10:18,73602175651,静静จูเจียจิง,21,188015,[等级18],[粉丝团 Lv11]
2026-05-13 22:10:21,3819026927860087,搁浅的鱼！！,30,188286,[等级22],[粉丝团 Lv5]
2026-05-13 22:10:24,73602175651,静静จูเจียจิง,9,188564,[等级18],[粉丝团 Lv11]
2026-05-13 22:10:27,2801996860753800,红枣树,27,188826,[等级28],[粉丝团 Lv11]
2026-05-13 22:10:30,110666097981,꧁༺阝东༻༺豆豆༻꧂,6,189139,[等级6],[粉丝团 Lv9]
2026-05-13 22:10:34,3819026927860087,搁浅的鱼！！,27,189422,[等级22],[粉丝团 Lv5]
2026-05-13 22:10:36,4112613780753423,都是肉肉,24,189712,[等级22],[粉丝团 Lv10]
2026-05-13 22:10:40,3819026927860087,搁浅的鱼！！,30,189896,[等级22],[粉丝团 Lv5]
2026-05-13 22:10:42,73602175651,静静จูเจียจิง,6,190092,[等级18],[粉丝团 Lv11]
2026-05-13 22:10:45,3819026927860087,搁浅的鱼！！,30,190255,[等级22],[粉丝团 Lv5]
2026-05-13 22:10:48,73602175651,静静จูเจียจิง,30,190428,[等级18],[粉丝团 Lv11]
2026-05-13 22:10:51,3819026927860087,搁浅的鱼！！,30,190580,[等级22],[粉丝团 Lv5]
2026-05-13 22:10:54,73602175651,静静จูเจียจิง,27,190729,[等级18],[粉丝团 Lv11]
2026-05-13 22:10:57,59663065416,失眠数羊🐑,6,190870,[等级6],[粉丝团 Lv7]
2026-05-13 22:11:00,4112613780753423,都是肉肉,21,191009,[等级22],[粉丝团 Lv10]
2026-05-13 22:11:03,3819026927860087,搁浅的鱼！！,33,191152,[等级22],[粉丝团 Lv5]
2026-05-13 22:11:06,4112613780753423,都是肉肉,12,191272,[等级22],[粉丝团 Lv10]
2026-05-13 22:11:09,84204503438,陈 安 安,3,191401,[等级12],[粉丝团 Lv11]
2026-05-13 22:11:13,73602175651,静静จูเจียจิง,27,191530,[等级18],[粉丝团 Lv11]
2026-05-13 22:11:16,3819026927860087,搁浅的鱼！！,30,191673,[等级22],[粉丝团 Lv5]
2026-05-13 22:11:18,73602175651,静静จูเจียจิง,27,191793,[等级18],[粉丝团 Lv11]
2026-05-13 22:11:22,100595219540,Joemx-117,6,191921,[等级14],[粉丝团 Lv7]
2026-05-13 22:11:24,73602175651,静静จูเจียจิง,27,192060,[等级18],[粉丝团 Lv11]
2026-05-13 22:11:28,3819026927860087,搁浅的鱼！！,30,192167,[等级22],[粉丝团 Lv5]
2026-05-13 22:11:30,7615988333545931813,ik-🦋,33,192251,,
2026-05-13 22:11:34,3819026927860087,搁浅的鱼！！,33,192370,[等级22],[粉丝团 Lv5]
2026-05-13 22:11:36,7615988333545931813,ik-🦋,30,192462,,
2026-05-13 22:11:40,3819026927860087,搁浅的鱼！！,33,192551,[等级22],[粉丝团 Lv5]
2026-05-13 22:11:42,7615988333545931813,ik-🦋,30,192622,,
2026-05-13 22:11:45,3819026927860087,搁浅的鱼！！,33,192736,[等级22],[粉丝团 Lv5]
2026-05-13 22:11:48,7615988333545931813,ik-🦋,30,192823,,
2026-05-13 22:11:52,76363832072,山南水北,27,192929,[等级15],[粉丝团 Lv2]
2026-05-13 22:11:54,64331589731,香橙好吃嘛,30,193021,[等级9],[粉丝团 Lv10]
2026-05-13 22:11:57,110497147302,忘忧,24,193134,[等级13],[粉丝团 Lv10]
2026-05-13 22:12:00,7615988333545931813,ik-🦋,30,193286,,
2026-05-13 22:12:03,110497147302,忘忧,24,193396,[等级13],[粉丝团 Lv10]
2026-05-13 22:12:06,64331589731,香橙好吃嘛,24,193544,[等级9],[粉丝团 Lv10]
2026-05-13 22:12:09,110497147302,忘忧,6,193622,[等级13],[粉丝团 Lv10]
2026-05-13 22:12:13,7615988333545931813,ik-🦋,27,193721,,
2026-05-13 22:12:15,110497147302,忘忧,24,193808,[等级13],[粉丝团 Lv10]
2026-05-13 22:12:19,64331589731,香橙好吃嘛,6,193924,[等级9],[粉丝团 Lv10]
2026-05-13 22:12:21,110497147302,忘忧,21,194022,[等级13],[粉丝团 Lv10]
2026-05-13 22:12:24,3819026927860087,搁浅的鱼！！,30,194131,[等级22],[粉丝团 Lv5]
2026-05-13 22:12:27,110497147302,忘忧,24,194274,[等级13],[粉丝团 Lv10]
2026-05-13 22:12:30,3819026927860087,搁浅的鱼！！,30,194376,[等级22],[粉丝团 Lv5]
2026-05-13 22:12:33,110497147302,忘忧,27,194499,[等级13],[粉丝团 Lv10]
2026-05-13 22:12:36,64331589731,香橙好吃嘛,30,194627,[等级9],[粉丝团 Lv10]
2026-05-13 22:12:40,110497147302,忘忧,27,194733,[等级13],[粉丝团 Lv10]
2026-05-13 22:12:42,3819026927860087,搁浅的鱼！！,30,194851,[等级22],[粉丝团 Lv5]
2026-05-13 22:12:45,1216484335169374,雨生,36,194973,[等级25],[粉丝团 Lv4]
2026-05-13 22:12:48,7615988333545931813,ik-🦋,30,195090,,
2026-05-13 22:12:51,1616742101292714,张君雅的小黄瓜,3,195172,[等级2],[粉丝团 Lv6]
2026-05-13 22:12:54,3819026927860087,搁浅的鱼！！,30,195288,[等级22],[粉丝团 Lv5]
2026-05-13 22:12:58,110497147302,忘忧,24,195374,[等级13],[粉丝团 Lv10]
2026-05-13 22:13:00,3819026927860087,搁浅的鱼！！,30,195496,[等级22],[粉丝团 Lv5]
2026-05-13 22:13:03,1216484335169374,雨生,36,195564,[等级25],[粉丝团 Lv4]
2026-05-13 22:13:07,3819026927860087,搁浅的鱼！！,30,195695,[等级22],[粉丝团 Lv5]
2026-05-13 22:13:09,60887449857,🌸一朵小花,3,195790,[等级22],[粉丝团 Lv10]
2026-05-13 22:13:12,1557382804539208,开心的狼,3,195868,[等级10],[粉丝团 Lv4]
2026-05-13 22:13:15,110497147302,忘忧,24,195981,[等级13],[粉丝团 Lv10]
2026-05-13 22:13:18,7615988333545931813,ik-🦋,30,196093,,
2026-05-13 22:13:21,1616742101292714,张君雅的小黄瓜,3,196171,[等级2],[粉丝团 Lv6]
2026-05-13 22:13:24,3819026927860087,搁浅的鱼！！,30,196264,[等级22],[粉丝团 Lv5]
2026-05-13 22:13:28,94000239627,ᥫᬊ₁₉⁹°陳℘࿐ᩚ۵: ᥫᬊ,27,196327,[等级14],[粉丝团 Lv10]
2026-05-13 22:13:30,3819026927860087,搁浅的鱼！！,27,196421,[等级22],[粉丝团 Lv5]
2026-05-13 22:13:34,94000239627,ᥫᬊ₁₉⁹°陳℘࿐ᩚ۵: ᥫᬊ,30,196501,[等级14],[粉丝团 Lv10]
2026-05-13 22:13:36,68536453805,青城,36,196626,[等级13],[粉丝团 Lv2]
2026-05-13 22:13:40,60887449857,🌸一朵小花,6,196741,[等级22],[粉丝团 Lv10]
2026-05-13 22:13:42,7615988333545931813,ik-🦋,33,196843,,
2026-05-13 22:13:46,110497147302,忘忧,30,196909,[等级13],[粉丝团 Lv10]
2026-05-13 22:13:48,102292532517,哥不帅,3,196995,[等级2],[粉丝团 Lv6]
2026-05-13 22:13:52,110497147302,忘忧,24,197052,[等级13],[粉丝团 Lv10]
2026-05-13 22:13:54,94445719181,驼脚娃！！,15,197126,[等级4],[粉丝团 Lv1]
2026-05-13 22:13:58,110497147302,忘忧,9,197186,[等级13],[粉丝团 Lv10]
2026-05-13 22:14:01,7615988333545931813,ik-🦋,33,197246,,
2026-05-13 22:14:03,3663228569664605,天空无云,45,197319,[等级15],[粉丝团 Lv11]
2026-05-13 22:14:07,3819026927860087,搁浅的鱼！！,30,197396,[等级22],[粉丝团 Lv5]
2026-05-13 22:14:09,3663228569664605,天空无云,36,197462,[等级15],[粉丝团 Lv11]
2026-05-13 22:14:13,2194271884289131,Harry,21,197530,[等级33],[粉丝团 Lv8]
2026-05-13 22:14:15,86300836077,brave,6,197590,[等级17],
2026-05-13 22:14:18,102087663671,云天明,9,197636,[等级5],
2026-05-13 22:14:21,3663228569664605,天空无云,42,197708,[等级15],[粉丝团 Lv11]
2026-05-13 22:14:25,2194271884289131,Harry,15,197763,[等级33],[粉丝团 Lv8]
2026-05-13 22:14:27,3663228569664605,天空无云,9,197793,[等级15],[粉丝团 Lv11]
2026-05-13 22:14:31,2194271884289131,Harry,12,197859,[等级33],[粉丝团 Lv8]
2026-05-13 22:14:33,3819026927860087,搁浅的鱼！！,15,197883,[等级22],[粉丝团 Lv5]
2026-05-13 22:14:37,2194271884289131,Harry,3,197907,[等级33],[粉丝团 Lv8]
2026-05-13 22:14:39,68021350231,人生。,3,197922,[等级32],
2026-05-13 22:14:43,2194271884289131,Harry,15,197952,[等级33],[粉丝团 Lv8]
2026-05-13 22:14:47,2194271884289131,Harry,6,197980,[等级33],[粉丝团 Lv8]
2026-05-13 22:14:49,68021350231,人生。,9,198000,[等级32],
2026-05-13 22:14:52,110229577757,星垂野,3,198023,[等级7],
2026-05-13 22:14:55,2194271884289131,Harry,9,198079,[等级33],[粉丝团 Lv8]
2026-05-13 22:14:57,75507484708,Cꫝꫀꫛྋ⁽ଘ陈ཽ,3,198109,[等级9],
2026-05-13 22:15:01,1151886901393246,逐日追风,33,198182,[等级15],[粉丝团 Lv11]
2026-05-13 22:15:03,7615988333545931813,ik-🦋,24,198240,,
2026-05-13 22:15:06,1616742101292714,张君雅的小黄瓜,21,198312,[等级2],[粉丝团 Lv6]
2026-05-13 22:15:09,7615988333545931813,ik-🦋,24,198406,,
2026-05-13 22:15:12,1616742101292714,张君雅的小黄瓜,6,198452,[等级2],[粉丝团 Lv6]
2026-05-13 22:15:15,7615988333545931813,ik-🦋,24,198542,,
2026-05-13 22:15:19,1151886901393246,逐日追风,30,198606,[等级15],[粉丝团 Lv11]
2026-05-13 22:15:21,7615988333545931813,ik-🦋,24,198654,,
2026-05-13 22:15:24,4295115881845472,乘风破浪🏄‍♂️,39,198727,[等级18],
2026-05-13 22:15:27,64331589731,香橙好吃嘛,27,198840,[等级9],[粉丝团 Lv10]
2026-05-13 22:15:31,1151886901393246,逐日追风,30,198936,[等级15],[粉丝团 Lv11]
2026-05-13 22:15:33,64331589731,香橙好吃嘛,24,198981,[等级9],[粉丝团 Lv10]
2026-05-13 22:15:36,1151886901393246,逐日追风,27,199028,[等级15],[粉丝团 Lv11]
2026-05-13 22:15:39,64331589731,香橙好吃嘛,24,199070,[等级9],[粉丝团 Lv10]
2026-05-13 22:15:43,1151886901393246,逐日追风,30,199128,[等级15],[粉丝团 Lv11]
2026-05-13 22:15:45,64331589731,香橙好吃嘛,27,199189,[等级9],[粉丝团 Lv10]
2026-05-13 22:15:48,3663228569664605,天空无云,9,199249,[等级15],[粉丝团 Lv11]
2026-05-13 22:15:51,64331589731,香橙好吃嘛,27,199315,[等级9],[粉丝团 Lv10]
2026-05-13 22:15:55,1151886901393246,逐日追风,27,199357,[等级15],[粉丝团 Lv11]
2026-05-13 22:15:57,64331589731,香橙好吃嘛,27,199415,[等级9],[粉丝团 Lv10]
2026-05-13 22:16:01,1151886901393246,逐日追风,30,199475,[等级15],[粉丝团 Lv11]
2026-05-13 22:16:03,105160933332,～王守朋～,36,199528,[等级19],[粉丝团 Lv14]
2026-05-13 22:16:06,110666097981,꧁༺阝东༻༺豆豆༻꧂,9,199577,[等级6],[粉丝团 Lv9]
2026-05-13 22:16:10,64331589731,香橙好吃嘛,27,199624,[等级9],[粉丝团 Lv10]
2026-05-13 22:16:13,1616742101292714,张君雅的小黄瓜,18,199679,[等级2],[粉丝团 Lv6]
2026-05-13 22:16:15,64331589731,香橙好吃嘛,24,199722,[等级9],[粉丝团 Lv10]
2026-05-13 22:16:19,1616742101292714,张君雅的小黄瓜,27,199786,[等级2],[粉丝团 Lv6]
2026-05-13 22:16:21,104570673047,不♥二年♥华,30,199846,[等级4],
2026-05-13 22:16:25,2216241515213380,人帅气质佳.,9,199910,[等级11],
2026-05-13 22:16:27,64331589731,香橙好吃嘛,27,199958,[等级9],[粉丝团 Lv10]
2026-05-13 22:16:31,1151886901393246,逐日追风,30,200015,[等级15],[粉丝团 Lv11]
2026-05-13 22:16:33,2858360584547902,0077,30,200094,[等级18],[粉丝团 Lv10]
2026-05-13 22:16:37,73459388873,sun璃瑛,21,200161,[等级22],[粉丝团 Lv3]
2026-05-13 22:16:39,7615988333545931813,ik-🦋,36,200282,,
2026-05-13 22:16:42,1151886901393246,逐日追风,30,200388,[等级15],[粉丝团 Lv11]
2026-05-13 22:16:45,3663228569664605,天空无云,3,200456,[等级15],[粉丝团 Lv11]
2026-05-13 22:16:48,110666097981,꧁༺阝东༻༺豆豆༻꧂,15,200520,[等级6],[粉丝团 Lv9]
2026-05-13 22:16:51,3663228569664605,天空无云,42,200628,[等级15],[粉丝团 Lv11]
2026-05-13 22:16:54,110666097981,꧁༺阝东༻༺豆豆༻꧂,6,200712,[等级6],[粉丝团 Lv9]
2026-05-13 22:16:57,3708030487893708,陈0020,27,200834,[等级13],[粉丝团 Lv10]
2026-05-13 22:17:00,2977910733944259,苍海一声笑,12,200918,[等级14],[粉丝团 Lv5]
2026-05-13 22:17:03,3708030487893708,陈0020,21,201022,[等级13],[粉丝团 Lv10]
2026-05-13 22:17:06,92884318135,杜全蛋,30,201113,[等级7],[粉丝团 Lv10]
2026-05-13 22:17:09,3663228569664605,天空无云,21,201229,[等级15],[粉丝团 Lv11]
2026-05-13 22:17:12,2870190253802347,এ半截໌ᮨ🚬烟烫心དྷ༗࿐,6,201328,[等级17],[粉丝团 Lv11]
2026-05-13 22:17:15,92971691155,Cush,3,201434,[等级11],
2026-05-13 22:17:18,92884318135,杜全蛋,27,201549,[等级7],[粉丝团 Lv10]
2026-05-13 22:17:21,3663228569664605,天空无云,36,201674,[等级15],[粉丝团 Lv11]
2026-05-13 22:17:24,96739371436,纛爨彟龑爩,3,201783,[等级15],[粉丝团 Lv8]
2026-05-13 22:17:27,1258253943572427,小葱战将,9,201890,[等级12],[粉丝团 Lv5]
2026-05-13 22:17:30,2977910733944259,苍海一声笑,36,202015,[等级14],[粉丝团 Lv5]
2026-05-13 22:17:33,2858360584547902,0077,27,202105,[等级18],[粉丝团 Lv10]
2026-05-13 22:17:36,2977910733944259,苍海一声笑,33,202187,[等级14],[粉丝团 Lv5]
2026-05-13 22:17:39,3663228569664605,天空无云,39,202296,[等级15],[粉丝团 Lv11]
2026-05-13 22:17:42,2977910733944259,苍海一声笑,33,202361,[等级14],[粉丝团 Lv5]
2026-05-13 22:17:45,4366903906403820,疾风亦有归途！,24,202436,[等级9],[粉丝团 Lv4]
2026-05-13 22:17:48,2977910733944259,苍海一声笑,36,202497,[等级14],[粉丝团 Lv5]
2026-05-13 22:17:51,3663228569664605,天空无云,3,202562,[等级15],[粉丝团 Lv11]
2026-05-13 22:17:54,2977910733944259,苍海一声笑,33,202658,[等级14],[粉丝团 Lv5]
2026-05-13 22:17:57,1681566170627463,神时衍,6,202745,,
2026-05-13 22:18:00,79336658380,广东木门源头厂家,3,202810,[等级28],[粉丝团 Lv7]
2026-05-13 22:18:03,77524292144,丞哥,15,202915,[等级5],[粉丝团 Lv1]
2026-05-13 22:18:06,55939050706,小可爱胖丁,3,203012,[等级24],[粉丝团 Lv10]
2026-05-13 22:18:10,4366903906403820,疾风亦有归途！,12,203097,[等级9],[粉丝团 Lv4]
2026-05-13 22:18:12,2977910733944259,苍海一声笑,33,203156,[等级14],[粉丝团 Lv5]
2026-05-13 22:18:16,131532822160692,啊！,15,203205,[等级5],[粉丝团 Lv5]
2026-05-13 22:18:18,2977910733944259,苍海一声笑,33,203256,[等级14],[粉丝团 Lv5]
2026-05-13 22:18:21,131532822160692,啊！,15,203298,[等级5],[粉丝团 Lv5]
2026-05-13 22:18:24,2977910733944259,苍海一声笑,36,203322,[等级14],[粉丝团 Lv5]
2026-05-13 22:18:27,131532822160692,啊！,30,203357,[等级5],[粉丝团 Lv5]
2026-05-13 22:18:30,2977910733944259,苍海一声笑,36,203394,[等级14],[粉丝团 Lv5]
2026-05-13 22:18:33,131532822160692,啊！,24,203424,[等级5],[粉丝团 Lv5]
2026-05-13 22:18:36,2977910733944259,苍海一声笑,33,203481,[等级14],[粉丝团 Lv5]
2026-05-13 22:18:39,131532822160692,啊！,21,203529,[等级5],[粉丝团 Lv5]
2026-05-13 22:18:42,110666097981,꧁༺阝东༻༺豆豆༻꧂,6,203559,[等级6],[粉丝团 Lv9]
2026-05-13 22:18:47,97388784710,夜尘,3,203625,[等级3],
2026-05-13 22:18:49,2984502456237699,汪汪小汪,6,203643,[等级32],[粉丝团:张君雅 Lv15]
2026-05-13 22:18:52,1904811667359011,筠,21,203656,[等级17],[粉丝团 Lv12]
2026-05-13 22:18:55,2307255086353319,朝花夕拾,3,203672,[等级2],[粉丝团 Lv2]
2026-05-13 22:18:57,131532822160692,啊！,33,203720,[等级5],[粉丝团 Lv5]
2026-05-13 22:19:00,56585765686,啊呦OK,3,203772,,
2026-05-13 22:19:03,93687105296,洛皮皮🐻‍❄️⁰⁵⁰³,6,203826,[等级40],[粉丝团:张君雅 Lv17]
2026-05-13 22:19:06,97579312520,oii,39,203891,[等级32],[粉丝团 Lv3]
2026-05-13 22:19:10,131532822160692,啊！,33,203972,[等级5],[粉丝团 Lv5]
2026-05-13 22:19:13,63150519463,猫佑,15,204013,[等级22],[粉丝团 Lv10]
2026-05-13 22:19:16,131532822160692,啊！,30,204056,[等级5],[粉丝团 Lv5]
2026-05-13 22:19:18,97579312520,oii,24,204108,[等级32],[粉丝团 Lv3]
2026-05-13 22:19:21,585396467020519,不要7宵夜,51,204178,[等级8],[粉丝团 Lv10]
2026-05-13 22:19:24,110666097981,꧁༺阝东༻༺豆豆༻꧂,6,204252,[等级6],[粉丝团 Lv9]
2026-05-13 22:19:27,131532822160692,啊！,27,204297,[等级5],[粉丝团 Lv5]
2026-05-13 22:19:30,97579312520,oii,36,204356,[等级32],[粉丝团 Lv3]
2026-05-13 22:19:33,131532822160692,啊！,30,204403,[等级5],[粉丝团 Lv5]
2026-05-13 22:19:37,97579312520,oii,15,204441,[等级32],[粉丝团 Lv3]
2026-05-13 22:19:39,131532822160692,啊！,33,204482,[等级5],[粉丝团 Lv5]
2026-05-13 22:19:43,97579312520,oii,33,204543,[等级32],[粉丝团 Lv3]
2026-05-13 22:19:45,131532822160692,啊！,33,204583,[等级5],[粉丝团 Lv5]
2026-05-13 22:19:49,97579312520,oii,30,204634,[等级32],[粉丝团 Lv3]
2026-05-13 22:19:51,131532822160692,啊！,30,204666,[等级5],[粉丝团 Lv5]
2026-05-13 22:19:55,97579312520,oii,21,204694,[等级32],[粉丝团 Lv3]
2026-05-13 22:19:57,98891491784,要好好的。,21,204735,[等级10],[粉丝团 Lv9]
2026-05-13 22:20:00,73459388873,sun璃瑛,36,204790,[等级22],[粉丝团 Lv3]
2026-05-13 22:20:03,131532822160692,啊！,30,204831,[等级5],[粉丝团 Lv5]
2026-05-13 22:20:06,7572067508230046779,鬼伍十柒,9,204857,,
2026-05-13 22:20:10,131532822160692,啊！,30,204911,[等级5],[粉丝团 Lv5]
2026-05-13 22:20:12,64460007576,Shmily♡,3,204945,[等级10],
2026-05-13 22:20:16,131532822160692,啊！,30,204991,[等级5],[粉丝团 Lv5]
2026-05-13 22:20:18,77416951506,ら孤痞,27,205033,[等级36],[粉丝团 Lv17]
2026-05-13 22:20:22,131532822160692,啊！,30,205081,[等级5],[粉丝团 Lv5]
2026-05-13 22:20:24,61388836391,命中注定（互）,3,205110,[等级23],
2026-05-13 22:20:28,131532822160692,啊！,33,205151,[等级5],[粉丝团 Lv5]
2026-05-13 22:20:31,1406993137405677,202591,30,205181,[等级13],[粉丝团 Lv8]
2026-05-13 22:20:33,131532822160692,啊！,30,205211,[等级5],[粉丝团 Lv5]
2026-05-13 22:20:36,61938833360,财神爷的心尖宠,3,205251,[等级13],[粉丝团 Lv11]
2026-05-13 22:20:39,131532822160692,啊！,30,205282,[等级5],[粉丝团 Lv5]
2026-05-13 22:20:43,1406993137405677,202591,12,205306,[等级13],[粉丝团 Lv8]
2026-05-13 22:20:45,3350911412615688,≖‿≖,3,205329,[等级17],[粉丝团 Lv4]
2026-05-13 22:20:49,131532822160692,啊！,33,205352,[等级5],[粉丝团 Lv5]
2026-05-13 22:20:51,131532822160692,啊！,30,205362,[等级5],[粉丝团 Lv5]
2026-05-13 22:20:55,1871839119289468,宋(猛男版 律师 长沙),6,205376,,
2026-05-13 22:20:57,111445125335,王刚󰠇,9,205401,[等级6],
2026-05-13 22:21:01,109123147559,，。,3,205413,[等级3],
2026-05-13 22:21:03,131532822160692,啊！,30,205444,[等级5],[粉丝团 Lv5]
2026-05-13 22:21:07,56150355474,听南,18,205498,[等级20],[粉丝团 Lv8]
2026-05-13 22:21:09,1258253943572427,小葱战将,24,205543,[等级12],[粉丝团 Lv5]
2026-05-13 22:21:12,2713216199700523,🤡小妖怪🤡,30,205586,[等级31],
2026-05-13 22:21:16,131532822160692,啊！,33,205627,[等级5],[粉丝团 Lv5]
2026-05-13 22:21:18,93060552271,小别兔别又别,27,205664,[等级11],[粉丝团 Lv9]
2026-05-13 22:21:22,131532822160692,啊！,30,205722,[等级5],[粉丝团 Lv5]
2026-05-13 22:21:25,2713216199700523,🤡小妖怪🤡,9,205758,[等级31],
2026-05-13 22:21:28,131532822160692,啊！,30,205785,[等级5],[粉丝团 Lv5]
2026-05-13 22:21:31,93128036459,龙少,21,205811,[等级31],[粉丝团 Lv16]
2026-05-13 22:21:34,131532822160692,啊！,30,205862,[等级5],[粉丝团 Lv5]
2026-05-13 22:21:37,93128036459,龙少,21,205915,[等级31],[粉丝团 Lv16]
2026-05-13 22:21:39,131532822160692,啊！,30,205948,[等级5],[粉丝团 Lv5]
2026-05-13 22:21:43,93128036459,龙少,15,205981,[等级31],[粉丝团 Lv16]
2026-05-13 22:21:45,131532822160692,啊！,18,206010,[等级5],[粉丝团 Lv5]
2026-05-13 22:21:49,1871839119289468,宋(猛男版 律师 长沙),27,206030,,
2026-05-13 22:21:51,131532822160692,啊！,33,206065,[等级5],[粉丝团 Lv5]
2026-05-13 22:21:55,2554887601132263,柠萌☞宁宁☜,18,206098,[等级2],
2026-05-13 22:21:57,131532822160692,啊！,30,206145,[等级5],[粉丝团 Lv5]
2026-05-13 22:22:01,1871839119289468,宋(猛男版 律师 长沙),81,206219,,
2026-05-13 22:22:03,131532822160692,啊！,33,206257,[等级5],[粉丝团 Lv5]
2026-05-13 22:22:07,936429170208596,奥力给,3,206295,[等级2],
2026-05-13 22:22:09,1871839119289468,宋(猛男版 律师 长沙),66,206371,,
2026-05-13 22:22:12,103776046487,🧚*半**子*🧚,3,206394,[等级7],[粉丝团 Lv2]
2026-05-13 22:22:16,131532822160692,啊！,33,206429,[等级5],[粉丝团 Lv5]
2026-05-13 22:22:19,131532822160692,啊！,30,206456,[等级5],[粉丝团 Lv5]
2026-05-13 22:22:22,131532822160692,啊！,30,206492,[等级5],[粉丝团 Lv5]
2026-05-13 22:22:24,2350098606195212,洐冽,3,206523,[等级3],[粉丝团 Lv2]
2026-05-13 22:22:27,918823881682087,&无感状态,36,206572,[等级17],
2026-05-13 22:22:30,100066340726,dou1950407,33,206645,[等级44],[粉丝团 Lv8]
2026-05-13 22:22:33,918823881682087,&无感状态,42,206790,[等级17],
2026-05-13 22:22:37,3170609432636967,随心所欲,3,206903,[等级15],[粉丝团 Lv14]
2026-05-13 22:22:39,918823881682087,&无感状态,36,206944,[等级17],
2026-05-13 22:22:43,3057056546033486,从1束花开始,3,207028,[等级12],[粉丝团 Lv3]
2026-05-13 22:22:45,918823881682087,&无感状态,36,207086,[等级17],
2026-05-13 22:22:48,88374519345,杨先生y,3,207128,[等级7],
2026-05-13 22:22:51,1871839119289468,宋(猛男版 律师 长沙),72,207259,,
2026-05-13 22:22:55,918823881682087,&无感状态,36,207335,[等级17],
2026-05-13 22:22:57,918823881682087,&无感状态,36,207410,[等级17],
2026-05-13 22:23:01,1871839119289468,宋(猛男版 律师 长沙),66,207483,,
2026-05-13 22:23:03,918823881682087,&无感状态,36,207525,[等级17],
2026-05-13 22:23:06,1871839119289468,宋(猛男版 律师 长沙),66,207616,,
2026-05-13 22:23:09,918823881682087,&无感状态,33,207669,[等级17],
2026-05-13 22:23:13,918823881682087,&无感状态,36,207733,[等级17],
2026-05-13 22:23:15,918823881682087,&无感状态,36,207763,[等级17],
2026-05-13 22:23:19,1616742101292714,张君雅的小黄瓜,6,207807,[等级2],[粉丝团 Lv6]
2026-05-13 22:23:22,131532822160692,啊！,33,207888,[等级5],[粉丝团 Lv5]
2026-05-13 22:23:25,60806748798,王蓉～小柠檬麻麻,30,207968,[等级12],[粉丝团 Lv10]
2026-05-13 22:23:27,918823881682087,&无感状态,36,208039,[等级17],
2026-05-13 22:23:31,60806748798,王蓉～小柠檬麻麻,24,208145,[等级12],[粉丝团 Lv10]
2026-05-13 22:23:33,918823881682087,&无感状态,36,208210,[等级17],
2026-05-13 22:23:36,56076255513,苦菊,24,208279,[等级24],[粉丝团 Lv15]
2026-05-13 22:23:39,918823881682087,&无感状态,33,208370,[等级17],
2026-05-13 22:23:42,52567375622,不倾城的女芓,36,208452,[等级1],
2026-05-13 22:23:45,918823881682087,&无感状态,36,208524,[等级17],
2026-05-13 22:23:49,918823881682087,&无感状态,36,208619,[等级17],
2026-05-13 22:23:51,918823881682087,&无感状态,30,208658,[等级17],
2026-05-13 22:23:54,3663228569664605,天空无云,45,208739,[等级15],[粉丝团 Lv11]
2026-05-13 22:23:57,918823881682087,&无感状态,36,208815,[等级17],
2026-05-13 22:24:00,56076255513,苦菊,24,208898,[等级24],[粉丝团 Lv15]
2026-05-13 22:24:03,918823881682087,&无感状态,33,208995,[等级17],
2026-05-13 22:24:06,3663228569664605,天空无云,27,209133,[等级15],[粉丝团 Lv11]
2026-05-13 22:24:09,918823881682087,&无感状态,30,209293,[等级17],
2026-05-13 22:24:12,3663228569664605,天空无云,36,209523,[等级15],[粉丝团 Lv11]
2026-05-13 22:24:15,131532822160692,啊！,30,209698,[等级5],[粉丝团 Lv5]
2026-05-13 22:24:19,62886210038,_冇有,36,209905,[等级19],[粉丝团 Lv11]
2026-05-13 22:24:21,104342139164,彬彬,18,210124,[等级13],[粉丝团 Lv7]
2026-05-13 22:24:25,62886210038,_冇有,30,210331,[等级19],[粉丝团 Lv11]
2026-05-13 22:24:27,918823881682087,&无感状态,36,210500,[等级17],
2026-05-13 22:24:30,3025503190264488,波涛,18,210688,[等级19],[粉丝团 Lv15]
2026-05-13 22:24:33,918823881682087,&无感状态,30,210908,[等级17],
2026-05-13 22:24:36,68359033340,满满,18,211104,[等级11],[粉丝团 Lv7]
2026-05-13 22:24:39,918823881682087,&无感状态,36,211290,[等级17],
2026-05-13 22:24:42,68359033340,满满,27,211478,[等级11],[粉丝团 Lv7]
2026-05-13 22:24:45,918823881682087,&无感状态,33,211665,[等级17],
2026-05-13 22:24:48,3025503190264488,波涛,30,211850,[等级19],[粉丝团 Lv15]
2026-05-13 22:24:51,918823881682087,&无感状态,36,212058,[等级17],
2026-05-13 22:24:54,68359033340,满满,30,212260,[等级11],[粉丝团 Lv7]
2026-05-13 22:24:57,93912956308,可乐加冰块,30,212478,[等级19],[粉丝团 Lv11]
2026-05-13 22:25:00,3025503190264488,波涛,30,212653,[等级19],[粉丝团 Lv15]
2026-05-13 22:25:03,918823881682087,&无感状态,36,212803,[等级17],
2026-05-13 22:25:06,3025503190264488,波涛,27,212930,[等级19],[粉丝团 Lv15]
2026-05-13 22:25:09,918823881682087,&无感状态,30,213127,[等级17],
2026-05-13 22:25:12,3025503190264488,波涛,30,213292,[等级19],[粉丝团 Lv15]
2026-05-13 22:25:15,93912956308,可乐加冰块,30,213491,[等级19],[粉丝团 Lv11]
2026-05-13 22:25:19,3288016513145914,＼,21,213690,,
2026-05-13 22:25:21,918823881682087,&无感状态,36,213853,[等级17],
2026-05-13 22:25:25,3288016513145914,＼,27,214065,,
2026-05-13 22:25:28,84898118046,张,42,214245,[等级15],[粉丝团 Lv3]
2026-05-13 22:25:30,3025503190264488,波涛,30,214366,[等级19],[粉丝团 Lv15]
2026-05-13 22:25:33,93912956308,可乐加冰块,9,214507,[等级19],[粉丝团 Lv11]
2026-05-13 22:25:37,2458102176691848,堇年,27,214674,[等级12],[粉丝团 Lv10]
2026-05-13 22:25:39,61861982355,๑҉ W·Oct¹⁸Libra🤍,30,214768,[等级19],[粉丝团 Lv12]
2026-05-13 22:25:42,95487062869,kiKijimmy,27,214901,,
2026-05-13 22:25:45,61861982355,๑҉ W·Oct¹⁸Libra🤍,30,215031,[等级19],[粉丝团 Lv12]
2026-05-13 22:25:48,2458102176691848,堇年,15,215148,[等级12],[粉丝团 Lv10]
2026-05-13 22:25:51,810791848390499,遇见对的人,39,215256,[等级12],
2026-05-13 22:25:55,68359033340,满满,30,215399,[等级11],[粉丝团 Lv7]
2026-05-13 22:25:57,2801996860753800,红枣树,27,215464,[等级28],[粉丝团 Lv11]
2026-05-13 22:26:00,62970295024,帥,21,215544,[等级4],[粉丝团 Lv2]
2026-05-13 22:26:03,1638698744813067,封      雲(有关必回),27,215647,[等级14],[粉丝团 Lv12]
2026-05-13 22:26:07,2554887601132263,柠萌☞宁宁☜,33,215736,[等级2],
2026-05-13 22:26:09,2801996860753800,红枣树,24,215811,[等级28],[粉丝团 Lv11]
2026-05-13 22:26:13,2554887601132263,柠萌☞宁宁☜,3,215877,[等级2],
2026-05-13 22:26:15,2801996860753800,红枣树,24,215931,[等级28],[粉丝团 Lv11]
2026-05-13 22:26:18,3215435437448179,猫喜鱼,3,215988,[等级9],[粉丝团 Lv2]
2026-05-13 22:26:21,61861982355,๑҉ W·Oct¹⁸Libra🤍,21,216059,[等级19],[粉丝团 Lv12]
2026-05-13 22:26:25,2554887601132263,柠萌☞宁宁☜,39,216135,[等级2],
2026-05-13 22:26:27,61861982355,๑҉ W·Oct¹⁸Libra🤍,27,216197,[等级19],[粉丝团 Lv12]
2026-05-13 22:26:30,2458102176691848,堇年,12,216281,[等级12],[粉丝团 Lv10]
2026-05-13 22:26:33,1638698744813067,封      雲(有关必回),27,216382,[等级14],[粉丝团 Lv12]
2026-05-13 22:26:37,2458102176691848,堇年,27,216474,[等级12],[粉丝团 Lv10]
2026-05-13 22:26:39,61861982355,๑҉ W·Oct¹⁸Libra🤍,30,216530,[等级19],[粉丝团 Lv12]
2026-05-13 22:26:43,2458102176691848,堇年,27,216576,[等级12],[粉丝团 Lv10]
2026-05-13 22:26:45,1638698744813067,封      雲(有关必回),24,216639,[等级14],[粉丝团 Lv12]
2026-05-13 22:26:48,2458102176691848,堇年,27,216748,[等级12],[粉丝团 Lv10]
2026-05-13 22:26:51,1616742101292714,张君雅的小黄瓜,18,216839,[等级2],[粉丝团 Lv6]
2026-05-13 22:26:54,2458102176691848,堇年,30,216948,[等级12],[粉丝团 Lv10]
2026-05-13 22:26:57,449056597347131,噼啦啪啦哄,30,217057,[等级20],[粉丝团 Lv1]
2026-05-13 22:27:00,2554887601132263,柠萌☞宁宁☜,60,217192,[等级2],
2026-05-13 22:27:03,1638698744813067,封      雲(有关必回),24,217288,[等级14],[粉丝团 Lv12]
2026-05-13 22:27:06,3821550606749870,小雪,30,217408,,
2026-05-13 22:27:09,1638698744813067,封      雲(有关必回),21,217488,[等级14],[粉丝团 Lv12]
2026-05-13 22:27:12,3821550606749870,小雪,27,217575,,
2026-05-13 22:27:15,1638698744813067,封      雲(有关必回),24,217650,[等级14],[粉丝团 Lv12]
2026-05-13 22:27:19,800083343579975,没有信号,30,217734,[等级3],[粉丝团 Lv7]
2026-05-13 22:27:21,92616925981,李度春风,15,217817,[等级25],[粉丝团 Lv13]
2026-05-13 22:27:25,4094186405507198,诚哥,3,217954,[等级13],[粉丝团 Lv11]
2026-05-13 22:27:27,92616925981,李度春风,33,218113,[等级25],[粉丝团 Lv13]
2026-05-13 22:27:31,3663228569664605,天空无云,12,218298,[等级15],[粉丝团 Lv11]
2026-05-13 22:27:33,51707936135,🌟玖月🌙,3,218465,[等级13],[粉丝团 Lv4]
2026-05-13 22:27:37,2554887601132263,柠萌☞宁宁☜,105,218716,[等级2],
2026-05-13 22:27:39,1638698744813067,封      雲(有关必回),24,218905,[等级14],[粉丝团 Lv12]
2026-05-13 22:27:42,2554887601132263,柠萌☞宁宁☜,54,219119,[等级2],
2026-05-13 22:27:45,1638698744813067,封      雲(有关必回),15,219305,[等级14],[粉丝团 Lv12]
2026-05-13 22:27:48,2554887601132263,柠萌☞宁宁☜,66,219536,[等级2],
2026-05-13 22:27:51,1638698744813067,封      雲(有关必回),24,219753,[等级14],[粉丝团 Lv12]
2026-05-13 22:27:54,66768336158,一车面包人,33,220008,[等级13],
2026-05-13 22:27:57,1638698744813067,封      雲(有关必回),9,220247,[等级14],[粉丝团 Lv12]
2026-05-13 22:28:00,61278775076,风雨同周,39,220468,[等级29],[粉丝团 Lv6]
2026-05-13 22:28:03,102473341146,廿冬•顾染,30,220676,[等级21],[粉丝团 Lv13]
2026-05-13 22:28:06,66768336158,一车面包人,33,220927,[等级13],
2026-05-13 22:28:09,96049065553,小四ZSY,21,221171,[等级4],
2026-05-13 22:28:12,3081266249862527,糯米,33,221426,[等级4],[粉丝团 Lv6]
2026-05-13 22:28:15,102473341146,廿冬•顾染,36,221638,[等级21],[粉丝团 Lv13]
2026-05-13 22:28:18,3135454922419099,0923,27,221845,[等级37],[粉丝团 Lv11]
2026-05-13 22:28:21,1638698744813067,封      雲(有关必回),21,222064,[等级14],[粉丝团 Lv12]
2026-05-13 22:28:24,66286275708,心甘,36,222348,[等级10],[粉丝团 Lv6]
2026-05-13 22:28:27,1638698744813067,封      雲(有关必回),9,222599,[等级14],[粉丝团 Lv12]
2026-05-13 22:28:30,3135454922419099,0923,33,222859,[等级37],[粉丝团 Lv11]
2026-05-13 22:28:33,3081266249862527,糯米,36,223156,[等级4],[粉丝团 Lv6]
2026-05-13 22:28:36,3135454922419099,0923,27,223563,[等级37],[粉丝团 Lv11]
2026-05-13 22:28:39,2763506534587609,梧桐树,24,223888,,
2026-05-13 22:28:42,3081266249862527,糯米,21,224270,[等级4],[粉丝团 Lv6]
2026-05-13 22:28:45,2763506534587609,梧桐树,27,224547,,
2026-05-13 22:28:49,3135454922419099,0923,27,224901,[等级37],[粉丝团 Lv11]
2026-05-13 22:28:51,2763506534587609,梧桐树,24,225164,,
2026-05-13 22:28:54,71126905166,抖音小肋手,30,225401,[等级10],[粉丝团 Lv10]
2026-05-13 22:28:57,2763506534587609,梧桐树,24,225562,,
2026-05-13 22:29:00,2700008501543597,pikapika,12,225770,[等级28],[粉丝团 Lv15]
2026-05-13 22:29:03,3081266249862527,糯米,33,225920,[等级4],[粉丝团 Lv6]
2026-05-13 22:29:06,56076255513,苦菊,24,226098,[等级24],[粉丝团 Lv15]
2026-05-13 22:29:09,2763506534587609,梧桐树,27,226270,,
2026-05-13 22:29:12,3081266249862527,糯米,36,226474,[等级4],[粉丝团 Lv6]
2026-05-13 22:29:15,2763506534587609,梧桐树,30,226633,,
2026-05-13 22:29:18,452620019045336,🍀、,27,226808,[等级11],[粉丝团 Lv10]
2026-05-13 22:29:21,92616925981,李度春风,30,227047,[等级25],[粉丝团 Lv13]
2026-05-13 22:29:24,452620019045336,🍀、,12,227324,[等级11],[粉丝团 Lv10]
2026-05-13 22:29:27,92616925981,李度春风,30,227564,[等级25],[粉丝团 Lv13]
2026-05-13 22:29:30,2639302914745735,大明,15,227839,[等级15],[粉丝团 Lv12]
2026-05-13 22:29:33,92616925981,李度春风,27,228060,[等级25],[粉丝团 Lv13]
2026-05-13 22:29:36,3081266249862527,糯米,36,228330,[等级4],[粉丝团 Lv6]
2026-05-13 22:29:39,92616925981,李度春风,30,228554,[等级25],[粉丝团 Lv13]
2026-05-13 22:29:42,109013257709,青岛小哥⁵¹⁰⁷⁴,33,228773,[等级10],[粉丝团 Lv11]
2026-05-13 22:29:45,71480910685,（Q）,27,229010,[等级25],[粉丝团 Lv13]
2026-05-13 22:29:48,109013257709,青岛小哥⁵¹⁰⁷⁴,33,229217,[等级10],[粉丝团 Lv11]
2026-05-13 22:29:51,71480910685,（Q）,30,229437,[等级25],[粉丝团 Lv13]
2026-05-13 22:29:54,109013257709,青岛小哥⁵¹⁰⁷⁴,30,229588,[等级10],[粉丝团 Lv11]
2026-05-13 22:29:57,3081266249862527,糯米,21,229736,[等级4],[粉丝团 Lv6]
2026-05-13 22:30:00,7555682203687240761,不是蓝衣,6,229860,[等级1],
2026-05-13 22:30:04,88401608442271,𝓗·𝓕𝓮𝓫²𝓐𝓺𝓾♒,30,230013,[等级11],[粉丝团 Lv7]
2026-05-13 22:30:06,56076255513,苦菊,24,230098,[等级24],[粉丝团 Lv15]
2026-05-13 22:30:10,2763506534587609,梧桐树,9,230273,,
2026-05-13 22:30:12,7555682203687240761,不是蓝衣,3,230360,[等级1],
2026-05-13 22:30:16,88401608442271,𝓗·𝓕𝓮𝓫²𝓐𝓺𝓾♒,33,230537,[等级11],[粉丝团 Lv7]
2026-05-13 22:30:18,3081266249862527,糯米,33,230622,[等级4],[粉丝团 Lv6]
2026-05-13 22:30:22,2763506534587609,梧桐树,27,230767,,
2026-05-13 22:30:24,7555682203687240761,不是蓝衣,6,230845,[等级1],
2026-05-13 22:30:28,3081266249862527,糯米,33,230934,[等级4],[粉丝团 Lv6]
2026-05-13 22:30:30,2639302914745735,大明,12,231034,[等级15],[粉丝团 Lv12]
2026-05-13 22:30:33,71126905166,抖音小肋手,30,231175,[等级10],[粉丝团 Lv10]
2026-05-13 22:30:36,102473341146,廿冬•顾染,33,231259,[等级21],[粉丝团 Lv13]
2026-05-13 22:30:39,1886410166772381,随心,30,231411,[等级27],[粉丝团 Lv12]
2026-05-13 22:30:42,102473341146,廿冬•顾染,33,231504,[等级21],[粉丝团 Lv13]
2026-05-13 22:30:45,111202910732,吾乃宇智波。。,33,231679,[等级1],
2026-05-13 22:30:48,102473341146,廿冬•顾染,33,231844,[等级21],[粉丝团 Lv13]
2026-05-13 22:30:51,111202910732,吾乃宇智波。。,27,231994,[等级1],
2026-05-13 22:30:54,102473341146,廿冬•顾染,33,232119,[等级21],[粉丝团 Lv13]
2026-05-13 22:30:57,111202910732,吾乃宇智波。。,30,232284,[等级1],
2026-05-13 22:31:00,102473341146,廿冬•顾染,33,232440,[等级21],[粉丝团 Lv13]
2026-05-13 22:31:03,111202910732,吾乃宇智波。。,30,232625,[等级1],
2026-05-13 22:31:06,56076255513,苦菊,24,232782,[等级24],[粉丝团 Lv15]
2026-05-13 22:31:09,111202910732,吾乃宇智波。。,27,232953,[等级1],
2026-05-13 22:31:12,102473341146,廿冬•顾染,36,233106,[等级21],[粉丝团 Lv13]
2026-05-13 22:31:15,111202910732,吾乃宇智波。。,27,233251,[等级1],
2026-05-13 22:31:18,3081266249862527,糯米,30,233413,[等级4],[粉丝团 Lv6]
2026-05-13 22:31:21,111202910732,吾乃宇智波。。,30,233551,[等级1],
2026-05-13 22:31:24,3663228569664605,天空无云,27,233699,[等级15],[粉丝团 Lv11]
2026-05-13 22:31:28,91621209670,CC –7,24,233823,[等级11],[粉丝团 Lv6]
2026-05-13 22:31:30,3663228569664605,天空无云,42,233976,[等级15],[粉丝团 Lv11]
2026-05-13 22:31:34,91621209670,CC –7,24,234088,[等级11],[粉丝团 Lv6]
2026-05-13 22:31:36,3663228569664605,天空无云,21,234211,[等级15],[粉丝团 Lv11]
2026-05-13 22:31:39,91621209670,CC –7,27,234321,[等级11],[粉丝团 Lv6]
2026-05-13 22:31:42,3663228569664605,天空无云,15,234429,[等级15],[粉丝团 Lv11]
2026-05-13 22:31:45,91621209670,CC –7,18,234511,[等级11],[粉丝团 Lv6]
2026-05-13 22:31:49,2554887601132263,柠萌☞宁宁☜,3,234618,[等级2],
2026-05-13 22:31:51,3081266249862527,糯米,33,234698,[等级4],[粉丝团 Lv6]
2026-05-13 22:31:54,2763506534587609,梧桐树,27,234799,,
2026-05-13 22:31:58,1886410166772381,随心,27,234909,[等级27],[粉丝团 Lv12]
2026-05-13 22:32:00,2763506534587609,梧桐树,24,234972,,
2026-05-13 22:32:03,95594231759,爱别离,3,235025,[等级8],
2026-05-13 22:32:06,56076255513,苦菊,27,235114,[等级24],[粉丝团 Lv15]
2026-05-13 22:32:10,3081266249862527,糯米,27,235218,[等级4],[粉丝团 Lv6]
2026-05-13 22:32:12,61938833360,财神爷的心尖宠,30,235304,[等级13],[粉丝团 Lv11]
2026-05-13 22:32:16,1886410166772381,随心,24,235381,[等级27],[粉丝团 Lv12]
2026-05-13 22:32:18,61938833360,财神爷的心尖宠,9,235456,[等级13],[粉丝团 Lv11]
2026-05-13 22:32:21,3081266249862527,糯米,18,235515,[等级4],[粉丝团 Lv6]
2026-05-13 22:32:24,1226681822751486,大仙儿的日常,27,235576,[等级17],[粉丝团 Lv2]
2026-05-13 22:32:28,3883890077345748,淤魚雨潏,27,235682,[等级37],[粉丝团 Lv2]
2026-05-13 22:32:30,1226681822751486,大仙儿的日常,24,235824,[等级17],[粉丝团 Lv2]
2026-05-13 22:32:33,3081266249862527,糯米,18,235962,[等级4],[粉丝团 Lv6]
2026-05-13 22:32:36,61938833360,财神爷的心尖宠,30,236145,[等级13],[粉丝团 Lv11]
2026-05-13 22:32:40,200580296878250,ο▬▬▬◙▅▅▆▆▆▆◤千,6,236265,[等级7],[粉丝团 Lv10]
2026-05-13 22:32:42,61938833360,财神爷的心尖宠,15,236429,[等级13],[粉丝团 Lv11]
2026-05-13 22:32:45,3081266249862527,糯米,27,236497,[等级4],[粉丝团 Lv6]
2026-05-13 22:32:48,71480910685,（Q）,30,236605,[等级25],[粉丝团 Lv13]
2026-05-13 22:32:51,3883890077345748,淤魚雨潏,30,236695,[等级37],[粉丝团 Lv2]
2026-05-13 22:32:54,71480910685,（Q）,27,236771,[等级25],[粉丝团 Lv13]
2026-05-13 22:32:57,3883890077345748,淤魚雨潏,27,236874,[等级37],[粉丝团 Lv2]
2026-05-13 22:33:00,71480910685,（Q）,33,236951,[等级25],[粉丝团 Lv13]
2026-05-13 22:33:03,93088303546,不见，,3,237072,[等级13],[粉丝团 Lv3]
2026-05-13 22:33:06,2517249955210620,心想事橙,3,237149,[等级1],
2026-05-13 22:33:09,3883890077345748,淤魚雨潏,36,237239,[等级37],[粉丝团 Lv2]
2026-05-13 22:33:12,71480910685,（Q）,30,237308,[等级25],[粉丝团 Lv13]
2026-05-13 22:33:16,3883890077345748,淤魚雨潏,30,237397,[等级37],[粉丝团 Lv2]
2026-05-13 22:33:18,3081266249862527,糯米,27,237456,[等级4],[粉丝团 Lv6]
2026-05-13 22:33:22,3883890077345748,淤魚雨潏,33,237568,[等级37],[粉丝团 Lv2]
2026-05-13 22:33:24,77416951506,ら孤痞,21,237645,[等级36],[粉丝团 Lv17]
2026-05-13 22:33:27,106642451041,💥ಇ: ᭄时来ઈོ运转࿐,3,237728,[等级11],[粉丝团 Lv11]
2026-05-13 22:33:30,77416951506,ら孤痞,33,237856,[等级36],[粉丝团 Lv17]
2026-05-13 22:33:34,3883890077345748,淤魚雨潏,30,237983,[等级37],[粉丝团 Lv2]
2026-05-13 22:33:36,3081266249862527,糯米,27,238069,[等级4],[粉丝团 Lv6]
2026-05-13 22:33:40,3883890077345748,淤魚雨潏,30,238157,[等级37],[粉丝团 Lv2]
2026-05-13 22:33:43,77416951506,ら孤痞,21,238224,[等级36],[粉丝团 Lv17]
2026-05-13 22:33:46,3081266249862527,糯米,36,238288,[等级4],[粉丝团 Lv6]
2026-05-13 22:33:48,82986883574,平安顺遂,27,238347,[等级22],[粉丝团 Lv3]
2026-05-13 22:33:52,10350113338041,用户2773121987711,9,238408,,
2026-05-13 22:33:55,3081266249862527,糯米,27,238496,[等级4],[粉丝团 Lv6]
2026-05-13 22:33:57,10350113338041,用户2773121987711,15,238540,,
2026-05-13 22:34:00,3081266249862527,糯米,15,238590,[等级4],[粉丝团 Lv6]
2026-05-13 22:34:03,3883890077345748,淤魚雨潏,30,238656,[等级37],[粉丝团 Lv2]
2026-05-13 22:34:07,1203332966794195,痕累,42,238713,[等级6],[粉丝团 Lv10]
2026-05-13 22:34:09,3883890077345748,淤魚雨潏,30,238814,[等级37],[粉丝团 Lv2]
2026-05-13 22:34:13,70157019077,VIP小马哥（自律版）²⁰²⁶₁₈₁₈,6,238871,[等级21],[粉丝团 Lv10]
2026-05-13 22:34:15,3118670421442236,雨天头痛,3,238956,[等级2],[粉丝团 Lv5]
2026-05-13 22:34:18,56076255513,苦菊,27,239078,[等级24],[粉丝团 Lv15]
2026-05-13 22:34:21,3883890077345748,淤魚雨潏,30,239218,[等级37],[粉丝团 Lv2]
2026-05-13 22:34:25,98010310613,一枚小蛋蛋,30,239316,,
2026-05-13 22:34:28,3883890077345748,淤魚雨潏,27,239443,[等级37],[粉丝团 Lv2]
2026-05-13 22:34:30,70644927246,郑大风,3,239519,[等级15],[粉丝团 Lv2]
2026-05-13 22:34:34,800083343579975,没有信号,33,239667,[等级3],[粉丝团 Lv7]
2026-05-13 22:34:37,3081266249862527,糯米,30,239778,[等级4],[粉丝团 Lv6]
2026-05-13 22:34:39,58754359145,咖啡🐾,12,239876,[等级2],[粉丝团 Lv2]
2026-05-13 22:34:43,1203332966794195,痕累,27,240000,[等级6],[粉丝团 Lv10]
2026-05-13 22:34:46,3883890077345748,淤魚雨潏,3,240121,[等级37],[粉丝团 Lv2]
2026-05-13 22:34:48,3081266249862527,糯米,24,240209,[等级4],[粉丝团 Lv6]
2026-05-13 22:34:51,800083343579975,没有信号,36,240296,[等级3],[粉丝团 Lv7]
2026-05-13 22:34:56,3883890077345748,淤魚雨潏,15,240341,[等级37],[粉丝团 Lv2]
2026-05-13 22:34:58,3883890077345748,淤魚雨潏,33,240370,[等级37],[粉丝团 Lv2]
2026-05-13 22:35:01,3081266249862527,糯米,27,240408,[等级4],[粉丝团 Lv6]
2026-05-13 22:35:03,58754359145,咖啡🐾,6,240449,[等级2],[粉丝团 Lv2]
2026-05-13 22:35:06,71126905166,抖音小肋手,3,240520,[等级10],[粉丝团 Lv10]
2026-05-13 22:35:09,95042595351,热巴绯闻女友,30,240635,[等级15],[粉丝团 Lv12]
2026-05-13 22:35:13,80603532480,H,9,240722,[等级28],[粉丝团 Lv14]
2026-05-13 22:35:15,77416951506,ら孤痞,30,240852,[等级36],[粉丝团 Lv17]
2026-05-13 22:35:18,1267095340586100,齮,33,241013,[等级17],
2026-05-13 22:35:21,95042595351,热巴绯闻女友,18,241156,[等级15],[粉丝团 Lv12]
2026-05-13 22:35:24,96610065684,🌈H.,24,241271,[等级10],
2026-05-13 22:35:27,800083343579975,没有信号,30,241378,[等级3],[粉丝团 Lv7]
2026-05-13 22:35:30,96610065684,🌈H.,24,241483,[等级10],
2026-05-13 22:35:33,59630951266,汐~颜🍒,30,241550,[等级6],
2026-05-13 22:35:36,96610065684,🌈H.,27,241613,[等级10],
2026-05-13 22:35:39,77416951506,ら孤痞,30,241694,[等级36],[粉丝团 Lv17]
2026-05-13 22:35:42,1638698744813067,封      雲(有关必回),27,241802,[等级14],[粉丝团 Lv12]
2026-05-13 22:35:45,1574107261178942,春和景明,3,241907,[等级2],
2026-05-13 22:35:48,96610065684,🌈H.,24,241974,[等级10],
2026-05-13 22:35:51,85600105367,Ki🫧,30,242054,[等级12],
2026-05-13 22:35:55,2763506534587609,梧桐树,30,242119,,
2026-05-13 22:35:58,1886410166772381,随心,30,242176,[等级27],[粉丝团 Lv12]
2026-05-13 22:36:00,61283771658,孤独小欧,3,242220,[等级16],[粉丝团 Lv12]
2026-05-13 22:36:03,710724864472762,木空,15,242301,[等级16],[粉丝团 Lv13]
2026-05-13 22:36:06,59630951266,汐~颜🍒,33,242376,[等级6],
2026-05-13 22:36:09,7581722577145578533,唯,6,242467,[等级1],
2026-05-13 22:36:13,96610065684,🌈H.,27,242579,[等级10],
2026-05-13 22:36:15,2763506534587609,梧桐树,15,242702,,
2026-05-13 22:36:18,68281565047,阿锋,3,242788,[等级10],[粉丝团 Lv11]
2026-05-13 22:36:21,1957568280264883,¹ 今天星期几,24,242890,[等级7],[粉丝团 Lv4]
2026-05-13 22:36:24,1638698744813067,封      雲(有关必回),24,242965,[等级14],[粉丝团 Lv12]
2026-05-13 22:36:27,59630951266,汐~颜🍒,30,243072,[等级6],
2026-05-13 22:36:30,1638698744813067,封      雲(有关必回),18,243179,[等级14],[粉丝团 Lv12]
2026-05-13 22:36:34,800083343579975,没有信号,33,243285,[等级3],[粉丝团 Lv7]
2026-05-13 22:36:37,1267095340586100,齮,33,243378,[等级17],
2026-05-13 22:36:39,93537734430,长沙驾考专业模拟,12,243469,[等级18],
2026-05-13 22:36:42,1267095340586100,齮,24,243544,[等级17],
2026-05-13 22:36:45,7555682203687240761,不是蓝衣,12,243584,[等级1],
2026-05-13 22:36:48,1638698744813067,封      雲(有关必回),24,243621,[等级14],[粉丝团 Lv12]
2026-05-13 22:36:51,7555682203687240761,不是蓝衣,24,243661,[等级1],
2026-05-13 22:36:54,1267095340586100,齮,33,243714,[等级17],
2026-05-13 22:36:58,3883890077345748,淤魚雨潏,30,243778,[等级37],[粉丝团 Lv2]
2026-05-13 22:37:00,1267095340586100,齮,33,243819,[等级17],
2026-05-13 22:37:04,3883890077345748,淤魚雨潏,21,243861,[等级37],[粉丝团 Lv2]
2026-05-13 22:37:06,97091866529,温卓雅,3,243897,[等级21],[粉丝团 Lv12]
2026-05-13 22:37:09,4028210867089064,一岁打酱油,3,243931,[等级24],
2026-05-13 22:37:12,748146080883144,🌈七耀予,6,243964,[等级3],
2026-05-13 22:37:15,3883890077345748,淤魚雨潏,30,244002,[等级37],[粉丝团 Lv2]
2026-05-13 22:37:19,1267095340586100,齮,33,244049,[等级17],
2026-05-13 22:37:21,3883890077345748,淤魚雨潏,33,244098,[等级37],[粉丝团 Lv2]
2026-05-13 22:37:24,1638698744813067,封      雲(有关必回),24,244135,[等级14],[粉丝团 Lv12]
2026-05-13 22:37:27,95138358256,怼怼🍃,3,244172,,
2026-05-13 22:37:30,1638698744813067,封      雲(有关必回),24,244209,[等级14],[粉丝团 Lv12]
2026-05-13 22:37:33,7555682203687240761,不是蓝衣,3,244299,[等级1],
2026-05-13 22:37:37,1267095340586100,齮,30,244368,[等级17],
2026-05-13 22:37:39,7555682203687240761,不是蓝衣,9,244438,[等级1],
2026-05-13 22:37:42,1638698744813067,封      雲(有关必回),24,244490,[等级14],[粉丝团 Lv12]
2026-05-13 22:37:45,99187365551,晚夜,3,244567,[等级10],[粉丝团 Lv5]
2026-05-13 22:37:48,2735176393689181,沈彩飞扬,30,244661,[等级6],
2026-05-13 22:37:51,7555682203687240761,不是蓝衣,3,244755,[等级1],
2026-05-13 22:37:54,1610105653310824,思念无声,12,244858,[等级27],
2026-05-13 22:37:57,96610065684,🌈H.,30,245013,[等级10],
2026-05-13 22:38:00,1019944396398461,凡随意,24,245103,[等级16],[粉丝团 Lv9]
2026-05-13 22:38:03,3531227457130253,大涵小瑾,3,245316,[等级3],
2026-05-13 22:38:06,95996945125,小杰-,24,245531,[等级17],
2026-05-13 22:38:09,96610065684,🌈H.,27,245718,[等级10],
2026-05-13 22:38:12,1019944396398461,凡随意,12,245895,[等级16],[粉丝团 Lv9]
2026-05-13 22:38:16,677720989108904,吉吉,9,246075,[等级13],[粉丝团 Lv9]
2026-05-13 22:38:18,95996945125,小杰-,24,246199,[等级17],
2026-05-13 22:38:21,2541668655702413,御宇,12,246291,[等级6],[粉丝团 Lv3]
2026-05-13 22:38:24,66704027389,怎么了123,3,246424,[等级12],[粉丝团 Lv1]
2026-05-13 22:38:27,106679608778,鑫哥,30,246567,[等级16],[粉丝团 Lv1]
2026-05-13 22:38:30,95996945125,小杰-,24,246722,[等级17],
2026-05-13 22:38:33,921866657348811,Iris,6,246866,[等级9],[粉丝团 Lv5]
2026-05-13 22:38:37,95003182837,故事缺酒也缺你,27,246997,[等级1],[粉丝团 Lv3]
2026-05-13 22:38:39,3694818885385789,曾梦想仗剑走天涯,36,247173,[等级1],
2026-05-13 22:38:42,95996945125,小杰-,27,247325,[等级17],
2026-05-13 22:38:45,2752807418471304,冰娇娇,12,247455,[等级18],
2026-05-13 22:38:49,95996945125,小杰-,9,247591,[等级17],
2026-05-13 22:38:51,3694818885385789,曾梦想仗剑走天涯,30,247727,[等级1],
2026-05-13 22:38:54,95996945125,小杰-,27,247825,[等级17],
2026-05-13 22:38:57,1399052295741069,chཽen·༊,30,247949,[等级16],[粉丝团 Lv11]
2026-05-13 22:39:00,95996945125,小杰-,18,248066,[等级17],
2026-05-13 22:39:03,1399052295741069,chཽen·༊,27,248209,[等级16],[粉丝团 Lv11]
2026-05-13 22:39:06,95996945125,小杰-,18,248318,[等级17],
2026-05-13 22:39:09,3694818885385789,曾梦想仗剑走天涯,30,248455,[等级1],
2026-05-13 22:39:12,2124691332939324,仲秋序,9,248580,[等级14],[粉丝团 Lv11]
2026-05-13 22:39:15,4100521391566020,黑大帅呀,9,248712,,
2026-05-13 22:39:19,2458102176691848,堇年,18,248827,[等级12],[粉丝团 Lv10]
2026-05-13 22:39:21,4100521391566020,黑大帅呀,30,248896,,
2026-05-13 22:39:24,100665117432,乄夵$,6,248980,[等级3],
2026-05-13 22:39:27,4100521391566020,黑大帅呀,30,249077,,
2026-05-13 22:39:30,95996945125,小杰-,27,249208,[等级17],
2026-05-13 22:39:33,4100521391566020,黑大帅呀,33,249328,,
2026-05-13 22:39:36,103245342089,双赢¹⁴⁰¹¹,3,249479,[等级26],[粉丝团 Lv5]
2026-05-13 22:39:39,4100521391566020,黑大帅呀,27,249622,,
2026-05-13 22:39:42,3663228569664605,天空无云,39,249736,[等级15],[粉丝团 Lv11]
2026-05-13 22:39:45,4100521391566020,黑大帅呀,30,249882,,
2026-05-13 22:39:48,3663228569664605,天空无云,12,250063,[等级15],[粉丝团 Lv11]
2026-05-13 22:39:51,4100521391566020,黑大帅呀,3,250194,,
2026-05-13 22:39:54,87951688692,攻克,15,250349,[等级21],
2026-05-13 22:39:57,86407896451,小小田,30,250479,[等级10],[粉丝团 Lv8]
2026-05-13 22:40:00,65812364146,啊丢丢～,27,250611,[等级21],[粉丝团 Lv10]
2026-05-13 22:40:03,86407896451,小小田,30,250747,[等级10],[粉丝团 Lv8]
2026-05-13 22:40:06,65812364146,啊丢丢～,24,250867,[等级21],[粉丝团 Lv10]
2026-05-13 22:40:10,91621209670,CC –7,27,250935,[等级11],[粉丝团 Lv6]
2026-05-13 22:40:12,3663228569664605,天空无云,36,251038,[等级15],[粉丝团 Lv11]
2026-05-13 22:40:16,86407896451,小小田,36,251167,[等级10],[粉丝团 Lv8]
2026-05-13 22:40:18,3663228569664605,天空无云,39,251310,[等级15],[粉丝团 Lv11]
2026-05-13 22:40:21,3949062634087486,晞和,15,251435,[等级9],[粉丝团 Lv10]
2026-05-13 22:40:24,3663228569664605,天空无云,30,251559,[等级15],[粉丝团 Lv11]
2026-05-13 22:40:27,91621209670,CC –7,27,251683,[等级11],[粉丝团 Lv6]
2026-05-13 22:40:30,65812364146,啊丢丢～,24,251800,[等级21],[粉丝团 Lv10]
2026-05-13 22:40:33,130160958899002,小炮虫满山猴子 你腚最红。。,15,251976,,
2026-05-13 22:40:36,2528503619914333,༒༒齐,9,252306,[等级17],[粉丝团 Lv10]
2026-05-13 22:40:39,130160958899002,小炮虫满山猴子 你腚最红。。,24,252660,,
2026-05-13 22:40:42,111202910732,吾乃宇智波。。,15,252955,[等级1],
2026-05-13 22:40:45,101561295119,榮耀,27,253393,[等级18],[粉丝团 Lv10]
2026-05-13 22:40:48,105864641077,不拘小节,12,253861,[等级16],[粉丝团 Lv13]
2026-05-13 22:40:51,862438361147135,今晚⊙▽⊙月色真美,42,254704,[等级32],[粉丝团 Lv10]
2026-05-13 22:40:54,2476513482250605,稀饭⁵²⁰,12,256103,[等级8],
2026-05-13 22:40:57,63416229807,风沙迷了眼⁵¹⁰⁷⁴,36,259055,[等级21],[粉丝团 Lv15]
2026-05-13 22:41:00,3408116324252003,Asha,30,262426,[等级1],
2026-05-13 22:41:03,102973604765,胖三年,6,266424,[等级11],[粉丝团 Lv11]
2026-05-13 22:41:06,65852388990,〇,18,270568,,
2026-05-13 22:41:09,99842425124,M@Y,24,275035,[等级23],[粉丝团 Lv10]
2026-05-13 22:41:12,105864641077,不拘小节,36,279367,[等级16],[粉丝团 Lv13]
2026-05-13 22:41:15,862438361147135,今晚⊙▽⊙月色真美,36,283507,[等级32],[粉丝团 Lv10]
2026-05-13 22:41:18,7568512499445302309,回形针,24,287442,[等级34],[粉丝团 Lv10]
2026-05-13 22:41:21,13566585865,Mira_TT,27,291321,[等级21],[粉丝团 Lv6]
2026-05-13 22:41:24,105058272803,冷雨77,21,294731,[等级10],[粉丝团 Lv7]
2026-05-13 22:41:27,2581283884764156,用户6728108136735,30,297779,[等级1],
2026-05-13 22:41:30,105864641077,不拘小节,30,300793,[等级16],[粉丝团 Lv13]
2026-05-13 22:41:33,99129260350,杰博西全屋定制,30,303855,[等级13],[粉丝团 Lv11]
2026-05-13 22:41:36,60119425151,我以为,36,306577,[等级5],
2026-05-13 22:41:39,3010885840023181,🪐银河睡着了,30,309268,[等级20],[粉丝团 Lv10]
2026-05-13 22:41:42,105058272803,冷雨77,33,311883,[等级10],[粉丝团 Lv7]
2026-05-13 22:41:45,1019944396398461,凡随意,6,314400,[等级16],[粉丝团 Lv9]
2026-05-13 22:41:48,2858358405342999,徒步新疆🇨🇳²⁰²⁶,45,316668,[等级18],[粉丝团 Lv10]
2026-05-13 22:41:51,130160958899002,小炮虫满山猴子 你腚最红。。,15,318886,,
2026-05-13 22:41:54,94319902517,我这人很坏,27,321061,[等级3],
2026-05-13 22:41:57,2825095081891113,用户2923034351152,24,323178,[等级5],[粉丝团 Lv8]
2026-05-13 22:42:00,72369325229,你可爱的姐,30,325215,[等级7],[粉丝团 Lv2]
2026-05-13 22:42:03,1838847804575764,老农民A1,15,326970,[等级33],[粉丝团 Lv15]
2026-05-13 22:42:06,102292532517,哥不帅,27,328794,[等级2],[粉丝团 Lv6]
2026-05-13 22:42:09,83689118860,追晚风的人つ,30,330432,[等级11],[粉丝团 Lv5]
2026-05-13 22:42:12,2858358405342999,徒步新疆🇨🇳²⁰²⁶,42,332155,[等级18],[粉丝团 Lv10]
2026-05-13 22:42:15,130160958899002,小炮虫满山猴子 你腚最红。。,30,333858,,
2026-05-13 22:42:18,102292532517,哥不帅,27,335434,[等级2],[粉丝团 Lv6]
2026-05-13 22:42:21,70849549871,☞末  情☜,30,337050,[等级25],[粉丝团 Lv6]
2026-05-13 22:42:24,97430802222,仙女范的小女巫,36,338383,[等级6],[粉丝团 Lv2]
2026-05-13 22:42:27,82051102063,岁岁年年✨,33,339724,[等级3],[粉丝团 Lv4]
2026-05-13 22:42:30,2858358405342999,徒步新疆🇨🇳²⁰²⁶,12,340996,[等级18],[粉丝团 Lv10]
2026-05-13 22:42:33,94334134121,于波,33,342237,[等级6],[粉丝团 Lv7]
2026-05-13 22:42:36,99229601776,♛小菜鸟,21,343282,[等级17],[粉丝团 Lv12]
2026-05-13 22:42:39,96854210931,木木²⁰²⁶,27,344388,[等级19],[粉丝团 Lv14]
2026-05-13 22:42:42,279718988623529,Luka,24,345443,[等级24],[粉丝团 Lv5]
2026-05-13 22:42:45,1481759413242523,𝓛𝓸𝓿𝓮🍓無da🍓叔昵🍓,18,346493,[等级15],[粉丝团 Lv10]
2026-05-13 22:42:48,93014498245,金鍂鑫𨰻～东吴子,36,347487,[等级6],
2026-05-13 22:42:51,130160958899002,小炮虫满山猴子 你腚最红。。,24,348355,,
2026-05-13 22:42:54,95042595351,热巴绯闻女友,27,349326,[等级15],[粉丝团 Lv12]
2026-05-13 22:42:57,1838847804575764,老农民A1,3,350156,[等级33],[粉丝团 Lv15]
2026-05-13 22:43:00,94334134121,于波,33,350972,[等级6],[粉丝团 Lv7]
2026-05-13 22:43:03,130160958899002,小炮虫满山猴子 你腚最红。。,24,351786,,
2026-05-13 22:43:06,92796233743,🇨🇳清醒🇨🇳,36,352605,[等级28],[粉丝团 Lv6]
2026-05-13 22:43:09,130160958899002,小炮虫满山猴子 你腚最红。。,30,353412,,
2026-05-13 22:43:12,51647699985,瑶,33,354233,[等级10],[粉丝团 Lv7]
2026-05-13 22:43:15,1838847804575764,老农民A1,15,354990,[等级33],[粉丝团 Lv15]
2026-05-13 22:43:18,51647699985,瑶,36,355702,[等级10],[粉丝团 Lv7]
2026-05-13 22:43:21,4257769492589005,MayiYayi贝卡贝,12,356405,[等级35],[粉丝团 Lv8]
2026-05-13 22:43:24,64331589731,香橙好吃嘛,27,357068,[等级9],[粉丝团 Lv10]
2026-05-13 22:43:27,59802571275,☁,27,357718,[等级5],
2026-05-13 22:43:30,3227809472840551,一人一❤一世界,36,358440,[等级19],[粉丝团 Lv12]
2026-05-13 22:43:33,130160958899002,小炮虫满山猴子 你腚最红。。,27,359081,,
2026-05-13 22:43:36,94334134121,于波,36,359810,[等级6],[粉丝团 Lv7]
2026-05-13 22:43:39,81780019756,用星渲染夜得伤,33,360432,[等级24],[粉丝团 Lv10]
2026-05-13 22:43:42,1895194513901262,陈皮皮⁵¹⁰⁷⁴,18,361088,[等级28],[粉丝团 Lv16]
2026-05-13 22:43:45,1838847804575764,老农民A1,9,361715,[等级33],[粉丝团 Lv15]
2026-05-13 22:43:48,98714916130,心碎_也完美、,30,362345,[等级11],[粉丝团 Lv9]
2026-05-13 22:43:51,81780019756,用星渲染夜得伤,15,362960,[等级24],[粉丝团 Lv10]
2026-05-13 22:43:54,1895194513901262,陈皮皮⁵¹⁰⁷⁴,18,363656,[等级28],[粉丝团 Lv16]
2026-05-13 22:43:57,93014498245,金鍂鑫𨰻～东吴子,33,364294,[等级6],
2026-05-13 22:44:00,98714916130,心碎_也完美、,27,364855,[等级11],[粉丝团 Lv9]
2026-05-13 22:44:03,130160958899002,小炮虫满山猴子 你腚最红。。,12,365377,,
2026-05-13 22:44:06,98714916130,心碎_也完美、,24,365892,[等级11],[粉丝团 Lv9]
2026-05-13 22:44:09,102105271257,王清水,24,366311,[等级11],[粉丝团 Lv11]
2026-05-13 22:44:12,100030072195,农夫山里有块田,30,366750,[等级5],[粉丝团 Lv4]
2026-05-13 22:44:15,102105271257,王清水,30,367191,[等级11],[粉丝团 Lv11]
2026-05-13 22:44:18,94334134121,于波,36,367654,[等级6],[粉丝团 Lv7]
2026-05-13 22:44:21,103824273338,而立之年,48,368053,[等级17],[粉丝团 Lv1]
2026-05-13 22:44:24,2401798056850606,啊花喔,30,368491,[等级5],
2026-05-13 22:44:27,92813188357,马先生🐲,36,368872,[等级31],[粉丝团 Lv13]
2026-05-13 22:44:30,2401798056850606,啊花喔,27,369341,[等级5],
2026-05-13 22:44:33,852872613606430,了胖可候时小我,30,369785,[等级24],[粉丝团 Lv9]
2026-05-13 22:44:36,98714916130,心碎_也完美、,33,370321,[等级11],[粉丝团 Lv9]
2026-05-13 22:44:39,103824273338,而立之年,48,370710,[等级17],[粉丝团 Lv1]
2026-05-13 22:44:42,77416951506,ら孤痞,33,371227,[等级36],[粉丝团 Lv17]
2026-05-13 22:44:45,3438875820437919,幸福=1+1,27,371656,[等级6],[粉丝团 Lv2]
2026-05-13 22:44:48,102973604765,胖三年,21,372085,[等级11],[粉丝团 Lv11]
2026-05-13 22:44:51,58921725330,Hello-Pan,18,372432,[等级20],[粉丝团 Lv9]
2026-05-13 22:44:54,102973604765,胖三年,24,372777,[等级11],[粉丝团 Lv11]
2026-05-13 22:44:57,58921725330,Hello-Pan,21,373096,[等级20],[粉丝团 Lv9]
2026-05-13 22:45:00,102973604765,胖三年,24,373459,[等级11],[粉丝团 Lv11]
2026-05-13 22:45:03,93014498245,金鍂鑫𨰻～东吴子,36,373833,[等级6],
2026-05-13 22:45:06,92813188357,马先生🐲,42,374159,[等级31],[粉丝团 Lv13]
2026-05-13 22:45:09,70849549871,☞末  情☜,27,374534,[等级25],[粉丝团 Lv6]
2026-05-13 22:45:13,93014498245,金鍂鑫𨰻～东吴子,36,374922,[等级6],
2026-05-13 22:45:15,70849549871,☞末  情☜,24,375207,[等级25],[粉丝团 Lv6]
2026-05-13 22:45:19,97365870090,✨c知柚🔥,30,375519,[等级21],[粉丝团 Lv10]
2026-05-13 22:45:21,70849549871,☞末  情☜,27,375817,[等级25],[粉丝团 Lv6]
2026-05-13 22:45:24,2903160556633230,SY,3,376077,[等级4],
2026-05-13 22:45:27,70849549871,☞末  情☜,27,376382,[等级25],[粉丝团 Lv6]
2026-05-13 22:45:30,97365870090,✨c知柚🔥,30,376652,[等级21],[粉丝团 Lv10]
2026-05-13 22:45:33,93014498245,金鍂鑫𨰻～东吴子,27,376880,[等级6],
2026-05-13 22:45:36,91715791654,S˙Jun23˙Can,24,377117,[等级12],[粉丝团 Lv4]
2026-05-13 22:45:39,103824273338,而立之年,51,377343,[等级17],[粉丝团 Lv1]
2026-05-13 22:45:42,103824273338,而立之年,6,377572,[等级17],[粉丝团 Lv1]
2026-05-13 22:45:46,70849549871,☞末  情☜,27,377804,[等级25],[粉丝团 Lv6]
2026-05-13 22:45:48,294260830112156,XJ,27,378043,[等级8],[粉丝团 Lv10]
2026-05-13 22:45:51,64331589731,香橙好吃嘛,21,378271,[等级9],[粉丝团 Lv10]
2026-05-13 22:45:54,86625147052,湖南爱车坊汽车顶棚批发中心官方号,12,378458,,
2026-05-13 22:45:58,64331589731,香橙好吃嘛,30,378649,[等级9],[粉丝团 Lv10]
2026-05-13 22:46:00,294260830112156,XJ,24,378870,[等级8],[粉丝团 Lv10]
2026-05-13 22:46:03,64331589731,香橙好吃嘛,30,379068,[等级9],[粉丝团 Lv10]
2026-05-13 22:46:06,294260830112156,XJ,27,379278,[等级8],[粉丝团 Lv10]
2026-05-13 22:46:09,3227809472840551,一人一❤一世界,30,379470,[等级19],[粉丝团 Lv12]
2026-05-13 22:46:12,294260830112156,XJ,30,379670,[等级8],[粉丝团 Lv10]
2026-05-13 22:46:15,3227809472840551,一人一❤一世界,30,379867,[等级19],[粉丝团 Lv12]
2026-05-13 22:46:18,294260830112156,XJ,27,380067,[等级8],[粉丝团 Lv10]
2026-05-13 22:46:21,3227809472840551,一人一❤一世界,33,380263,[等级19],[粉丝团 Lv12]
2026-05-13 22:46:24,66656580543,LKX丶,3,380458,[等级6],
2026-05-13 22:46:27,1895194513901262,陈皮皮⁵¹⁰⁷⁴,18,380666,[等级28],[粉丝团 Lv16]
2026-05-13 22:46:30,1981792912692084,tan90°,30,380874,[等级26],[粉丝团 Lv7]
2026-05-13 22:46:33,97430802222,仙女范的小女巫,27,381148,[等级6],[粉丝团 Lv2]
2026-05-13 22:46:36,99241561425,✨七里香,9,381428,[等级12],[粉丝团 Lv10]
2026-05-13 22:46:39,1895194513901262,陈皮皮⁵¹⁰⁷⁴,9,381611,[等级28],[粉丝团 Lv16]
2026-05-13 22:46:42,97365870090,✨c知柚🔥,27,381808,[等级21],[粉丝团 Lv10]
2026-05-13 22:46:45,3227809472840551,一人一❤一世界,33,381984,[等级19],[粉丝团 Lv12]
2026-05-13 22:46:48,97365870090,✨c知柚🔥,24,382165,[等级21],[粉丝团 Lv10]
2026-05-13 22:46:51,103824273338,而立之年,45,382301,[等级17],[粉丝团 Lv1]
2026-05-13 22:46:54,81780019756,用星渲染夜得伤,12,382476,[等级24],[粉丝团 Lv10]
2026-05-13 22:46:58,3227809472840551,一人一❤一世界,27,382640,[等级19],[粉丝团 Lv12]
2026-05-13 22:47:00,81780019756,用星渲染夜得伤,36,382812,[等级24],[粉丝团 Lv10]
2026-05-13 22:47:03,3227809472840551,一人一❤一世界,30,382979,[等级19],[粉丝团 Lv12]
2026-05-13 22:47:06,81780019756,用星渲染夜得伤,3,383117,[等级24],[粉丝团 Lv10]
2026-05-13 22:47:09,3227809472840551,一人一❤一世界,27,383257,[等级19],[粉丝团 Lv12]
2026-05-13 22:47:12,81780019756,用星渲染夜得伤,36,383425,[等级24],[粉丝团 Lv10]
2026-05-13 22:47:15,24787898922,兰路虎🐯,39,383634,[等级18],[粉丝团 Lv15]
2026-05-13 22:47:18,81780019756,用星渲染夜得伤,33,383813,[等级24],[粉丝团 Lv10]
2026-05-13 22:47:22,24787898922,兰路虎🐯,36,384027,[等级18],[粉丝团 Lv15]
2026-05-13 22:47:24,81780019756,用星渲染夜得伤,27,384195,[等级24],[粉丝团 Lv10]
2026-05-13 22:47:27,2401798056850606,啊花喔,18,384355,[等级5],
2026-05-13 22:47:30,108430630167,Q1n,15,384495,[等级11],[粉丝团 Lv2]
2026-05-13 22:47:33,2401798056850606,啊花喔,30,384669,[等级5],
2026-05-13 22:47:36,81780019756,用星渲染夜得伤,24,384855,[等级24],[粉丝团 Lv10]
2026-05-13 22:47:39,2141478546837581,格子,33,385003,[等级29],
2026-05-13 22:47:42,108430630167,Q1n,24,385197,[等级11],[粉丝团 Lv2]
2026-05-13 22:47:45,2141478546837581,格子,27,385350,[等级29],
2026-05-13 22:47:48,108430630167,Q1n,27,385532,[等级11],[粉丝团 Lv2]
2026-05-13 22:47:51,2141478546837581,格子,24,385673,[等级29],
2026-05-13 22:47:54,95586439367,F.,9,385779,[等级1],
2026-05-13 22:47:58,91715791654,S˙Jun23˙Can,24,385893,[等级12],[粉丝团 Lv4]
2026-05-13 22:48:00,97365870090,✨c知柚🔥,30,385979,[等级21],[粉丝团 Lv10]
2026-05-13 22:48:03,2141478546837581,格子,24,386038,[等级29],
2026-05-13 22:48:06,97365870090,✨c知柚🔥,30,386160,[等级21],[粉丝团 Lv10]
2026-05-13 22:48:10,91715791654,S˙Jun23˙Can,27,386302,[等级12],[粉丝团 Lv4]
2026-05-13 22:48:12,64331589731,香橙好吃嘛,30,386415,[等级9],[粉丝团 Lv10]
2026-05-13 22:48:15,2141478546837581,格子,15,386566,[等级29],
2026-05-13 22:48:18,64331589731,香橙好吃嘛,30,386714,[等级9],[粉丝团 Lv10]
2026-05-13 22:48:21,103824273338,而立之年,6,386819,[等级17],[粉丝团 Lv1]
2026-05-13 22:48:24,64331589731,香橙好吃嘛,33,386908,[等级9],[粉丝团 Lv10]
2026-05-13 22:48:27,2141478546837581,格子,15,387001,[等级29],
2026-05-13 22:48:30,64331589731,香橙好吃嘛,30,387117,[等级9],[粉丝团 Lv10]
2026-05-13 22:48:33,3118670421442236,雨天头痛,3,387211,[等级2],[粉丝团 Lv5]
2026-05-13 22:48:37,64331589731,香橙好吃嘛,30,387344,[等级9],[粉丝团 Lv10]
2026-05-13 22:48:39,103824273338,而立之年,6,387486,[等级17],[粉丝团 Lv1]
2026-05-13 22:48:42,64331589731,香橙好吃嘛,30,387651,[等级9],[粉丝团 Lv10]
2026-05-13 22:48:45,2141478546837581,格子,24,387789,[等级29],
2026-05-13 22:48:48,64331589731,香橙好吃嘛,30,387960,[等级9],[粉丝团 Lv10]
2026-05-13 22:48:51,2141478546837581,格子,33,388082,[等级29],
2026-05-13 22:48:54,64331589731,香橙好吃嘛,30,388187,[等级9],[粉丝团 Lv10]
2026-05-13 22:48:57,294260830112156,XJ,30,388291,[等级8],[粉丝团 Lv10]
2026-05-13 22:49:00,64331589731,香橙好吃嘛,30,388416,[等级9],[粉丝团 Lv10]
2026-05-13 22:49:03,2141478546837581,格子,30,388512,[等级29],
2026-05-13 22:49:06,64331589731,香橙好吃嘛,30,388641,[等级9],[粉丝团 Lv10]
2026-05-13 22:49:09,294260830112156,XJ,33,388745,[等级8],[粉丝团 Lv10]
2026-05-13 22:49:13,3372893188916228,老元,30,388890,[等级10],[粉丝团 Lv2]
2026-05-13 22:49:16,294260830112156,XJ,27,389024,[等级8],[粉丝团 Lv10]
2026-05-13 22:49:18,66052312584,江東.,3,389180,[等级14],[粉丝团 Lv7]
2026-05-13 22:49:21,2141478546837581,格子,30,389315,[等级29],
2026-05-13 22:49:25,3372893188916228,老元,9,389465,[等级10],[粉丝团 Lv2]
2026-05-13 22:49:27,2141478546837581,格子,21,389562,[等级29],
2026-05-13 22:49:31,3372893188916228,老元,45,389655,[等级10],[粉丝团 Lv2]
2026-05-13 22:49:33,294260830112156,XJ,27,389724,[等级8],[粉丝团 Lv10]
2026-05-13 22:49:37,3372893188916228,老元,24,389805,[等级10],[粉丝团 Lv2]
2026-05-13 22:49:39,61896904191,@小張同学👩‍🎓,12,389900,[等级12],
2026-05-13 22:49:42,3372893188916228,老元,21,390020,[等级10],[粉丝团 Lv2]
2026-05-13 22:49:45,61896904191,@小張同学👩‍🎓,15,390149,[等级12],
2026-05-13 22:49:48,97812318013,排骨很香,6,390272,[等级20],
2026-05-13 22:49:51,81780019756,用星渲染夜得伤,33,390392,[等级24],[粉丝团 Lv10]
2026-05-13 22:49:54,3372893188916228,老元,24,390529,[等级10],[粉丝团 Lv2]
2026-05-13 22:49:57,81780019756,用星渲染夜得伤,33,390685,[等级24],[粉丝团 Lv10]
2026-05-13 22:50:00,2401798056850606,啊花喔,30,390791,[等级5],
2026-05-13 22:50:03,81780019756,用星渲染夜得伤,33,390947,[等级24],[粉丝团 Lv10]
2026-05-13 22:50:06,2401798056850606,啊花喔,27,391074,[等级5],
2026-05-13 22:50:09,294260830112156,XJ,3,391186,[等级8],[粉丝团 Lv10]
2026-05-13 22:50:12,2401798056850606,啊花喔,12,391253,[等级5],
2026-05-13 22:50:16,3372893188916228,老元,63,391348,[等级10],[粉丝团 Lv2]
2026-05-13 22:50:18,3372893188916228,老元,36,391386,[等级10],[粉丝团 Lv2]
2026-05-13 22:50:21,64331589731,香橙好吃嘛,36,391472,[等级9],[粉丝团 Lv10]
2026-05-13 22:50:24,99393356410,吃不了一点香菜,30,391589,[等级26],[粉丝团 Lv12]
2026-05-13 22:50:27,111202910732,吾乃宇智波。。,30,391701,[等级1],
2026-05-13 22:50:30,74900727946,D_onG,3,391852,[等级17],[粉丝团 Lv10]
2026-05-13 22:50:33,111202910732,吾乃宇智波。。,30,392011,[等级1],
2026-05-13 22:50:36,1972968106502187,会低头 会服软 啥都会,30,392186,[等级7],
2026-05-13 22:50:39,10350113338041,用户2773121987711,33,392369,,
2026-05-13 22:50:42,1972968106502187,会低头 会服软 啥都会,9,392515,[等级7],
2026-05-13 22:50:45,111202910732,吾乃宇智波。。,27,392602,[等级1],
2026-05-13 22:50:49,2401798056850606,啊花喔,6,392689,[等级5],
2026-05-13 22:50:51,111202910732,吾乃宇智波。。,24,392763,[等级1],
2026-05-13 22:50:54,99393356410,吃不了一点香菜,15,392828,[等级26],[粉丝团 Lv12]
2026-05-13 22:50:57,7558430657669678137,小虎哥,6,392909,,
2026-05-13 22:51:00,3372893188916228,老元,39,392991,[等级10],[粉丝团 Lv2]
2026-05-13 22:51:03,111202910732,吾乃宇智波。。,24,393068,[等级1],
2026-05-13 22:51:06,99393356410,吃不了一点香菜,27,393170,[等级26],[粉丝团 Lv12]
2026-05-13 22:51:09,111202910732,吾乃宇智波。。,30,393260,[等级1],
2026-05-13 22:51:12,2401798056850606,啊花喔,27,393433,[等级5],
2026-05-13 22:51:16,81780019756,用星渲染夜得伤,36,393550,[等级24],[粉丝团 Lv10]
2026-05-13 22:51:18,2401798056850606,啊花喔,27,393675,[等级5],
2026-05-13 22:51:21,81780019756,用星渲染夜得伤,24,393762,[等级24],[粉丝团 Lv10]
2026-05-13 22:51:24,3372893188916228,老元,108,393860,[等级10],[粉丝团 Lv2]
2026-05-13 22:51:28,87031462636,Heng🔥着耍,3,393917,[等级3],
2026-05-13 22:51:31,3372893188916228,老元,69,394015,[等级10],[粉丝团 Lv2]
2026-05-13 22:51:33,2141478546837581,格子,36,394098,[等级29],
2026-05-13 22:51:37,3372893188916228,老元,36,394209,[等级10],[粉丝团 Lv2]
2026-05-13 22:51:39,2541668655702413,御宇,6,394386,[等级6],[粉丝团 Lv3]
2026-05-13 22:51:42,66033296597,吗嘍在城市,27,394714,[等级21],[粉丝团 Lv4]
2026-05-13 22:51:45,2282213586764443,小炸梦游记,27,395174,[等级11],[粉丝团 Lv7]
2026-05-13 22:51:48,294260830112156,XJ,30,395577,[等级8],[粉丝团 Lv10]
2026-05-13 22:51:51,61213262227427,哥已不在是当年的的哥,33,396071,[等级20],[粉丝团 Lv2]
2026-05-13 22:51:54,2009562441330459,南戈,3,396453,,
2026-05-13 22:51:57,70159425522,妳是俄得唯一,3,396898,[等级2],[粉丝团 Lv2]
2026-05-13 22:52:00,294260830112156,XJ,27,397180,[等级8],[粉丝团 Lv10]
2026-05-13 22:52:03,95042595351,热巴绯闻女友,6,397493,[等级15],[粉丝团 Lv12]
2026-05-13 22:52:06,294260830112156,XJ,24,397713,[等级8],[粉丝团 Lv10]
2026-05-13 22:52:09,3694818885385789,曾梦想仗剑走天涯,27,397951,[等级1],
2026-05-13 22:52:12,294260830112156,XJ,27,398101,[等级8],[粉丝团 Lv10]
2026-05-13 22:52:15,2282213586764443,小炸梦游记,15,398279,[等级11],[粉丝团 Lv7]
2026-05-13 22:52:18,95996945125,小杰-,21,398503,[等级17],
2026-05-13 22:52:21,2282213586764443,小炸梦游记,24,398678,[等级11],[粉丝团 Lv7]
2026-05-13 22:52:24,3372893188916228,老元,3,398890,[等级10],[粉丝团 Lv2]
2026-05-13 22:52:27,3694818885385789,曾梦想仗剑走天涯,30,399066,[等级1],
2026-05-13 22:52:31,2280825014463131,小羊绵绵,27,399236,[等级18],[粉丝团 Lv5]
2026-05-13 22:52:33,2282213586764443,小炸梦游记,30,399389,[等级11],[粉丝团 Lv7]
2026-05-13 22:52:36,3372893188916228,老元,6,399527,[等级10],[粉丝团 Lv2]
2026-05-13 22:52:39,3694818885385789,曾梦想仗剑走天涯,27,399665,[等级1],
2026-05-13 22:52:43,457011721671016,Miya.大长腿,3,399815,[等级22],
2026-05-13 22:52:45,2282213586764443,小炸梦游记,24,399903,[等级11],[粉丝团 Lv7]
2026-05-13 22:52:49,3372893188916228,老元,9,400052,[等级10],[粉丝团 Lv2]
2026-05-13 22:52:51,2282213586764443,小炸梦游记,24,400181,[等级11],[粉丝团 Lv7]
2026-05-13 22:52:55,2280825014463131,小羊绵绵,24,400312,[等级18],[粉丝团 Lv5]
2026-05-13 22:52:57,3694818885385789,曾梦想仗剑走天涯,30,400404,[等级1],
2026-05-13 22:53:01,2280825014463131,小羊绵绵,21,400498,[等级18],[粉丝团 Lv5]
2026-05-13 22:53:03,2401798056850606,啊花喔,21,400575,[等级5],
2026-05-13 22:53:06,3372893188916228,老元,9,400680,[等级10],[粉丝团 Lv2]
2026-05-13 22:53:09,111202910732,吾乃宇智波。。,3,400791,[等级1],
2026-05-13 22:53:12,3372893188916228,老元,3,400925,[等级10],[粉丝团 Lv2]
2026-05-13 22:53:15,2282213586764443,小炸梦游记,24,401057,[等级11],[粉丝团 Lv7]
2026-05-13 22:53:18,2280825014463131,小羊绵绵,24,401191,[等级18],[粉丝团 Lv5]
2026-05-13 22:53:21,2401798056850606,啊花喔,21,401314,[等级5],
2026-05-13 22:53:24,1750047908434414,往事随风而逝,24,401434,[等级23],[粉丝团 Lv12]
2026-05-13 22:53:27,2401798056850606,啊花喔,18,401532,[等级5],
2026-05-13 22:53:30,1750047908434414,往事随风而逝,27,401646,[等级23],[粉丝团 Lv12]
2026-05-13 22:53:33,767905454631619,上世纪九十年代初独居老人,3,401726,[等级7],[粉丝团 Lv7]
2026-05-13 22:53:36,81780019756,用星渲染夜得伤,3,401795,[等级24],[粉丝团 Lv10]
2026-05-13 22:53:39,2282213586764443,小炸梦游记,27,401901,[等级11],[粉丝团 Lv7]
2026-05-13 22:53:42,81780019756,用星渲染夜得伤,33,402022,[等级24],[粉丝团 Lv10]
2026-05-13 22:53:45,2282213586764443,小炸梦游记,27,402191,[等级11],[粉丝团 Lv7]
2026-05-13 22:53:48,2977910733944259,苍海一声笑,30,402335,[等级14],[粉丝团 Lv5]
2026-05-13 22:53:51,279718988623529,Luka,12,402509,[等级24],[粉丝团 Lv5]
2026-05-13 22:53:54,97814631687,大雅即小俗,3,402702,[等级12],
2026-05-13 22:53:57,2282213586764443,小炸梦游记,24,402865,[等级11],[粉丝团 Lv7]
2026-05-13 22:54:00,98061316280,♊凡尘,33,402996,[等级32],[粉丝团 Lv10]
2026-05-13 22:54:03,2282213586764443,小炸梦游记,24,403123,[等级11],[粉丝团 Lv7]
2026-05-13 22:54:06,81780019756,用星渲染夜得伤,27,403263,[等级24],[粉丝团 Lv10]
2026-05-13 22:54:09,2282213586764443,小炸梦游记,30,403337,[等级11],[粉丝团 Lv7]
2026-05-13 22:54:12,98061316280,♊凡尘,15,403426,[等级32],[粉丝团 Lv10]
2026-05-13 22:54:15,2282213586764443,小炸梦游记,30,403506,[等级11],[粉丝团 Lv7]
2026-05-13 22:54:18,98061316280,♊凡尘,9,403596,[等级32],[粉丝团 Lv10]
2026-05-13 22:54:21,2282213586764443,小炸梦游记,27,403698,[等级11],[粉丝团 Lv7]
2026-05-13 22:54:24,71308670940,吴,3,403793,[等级8],[粉丝团 Lv9]
2026-05-13 22:54:27,2282213586764443,小炸梦游记,30,403930,[等级11],[粉丝团 Lv7]
2026-05-13 22:54:30,81780019756,用星渲染夜得伤,27,404043,[等级24],[粉丝团 Lv10]
2026-05-13 22:54:33,2282213586764443,小炸梦游记,24,404131,[等级11],[粉丝团 Lv7]
2026-05-13 22:54:36,2977910733944259,苍海一声笑,39,404216,[等级14],[粉丝团 Lv5]
2026-05-13 22:54:39,4019419309417133,八九点钟的太阳,3,404299,,
2026-05-13 22:54:42,60729317255,山峰角鱼,27,404398,[等级14],
2026-05-13 22:54:45,4503658257446344,🥐cornetto,15,404488,[等级41],[粉丝团 Lv6]
2026-05-13 22:54:48,2581253616838616,她说好看,30,404604,[等级21],[粉丝团 Lv5]
2026-05-13 22:54:51,4503658257446344,🥐cornetto,24,404704,[等级41],[粉丝团 Lv6]
2026-05-13 22:54:54,2581253616838616,她说好看,24,404811,[等级21],[粉丝团 Lv5]
2026-05-13 22:54:57,4503658257446344,🥐cornetto,24,404904,[等级41],[粉丝团 Lv6]
2026-05-13 22:55:00,98061316280,♊凡尘,30,405005,[等级32],[粉丝团 Lv10]
2026-05-13 22:55:04,60887449857,🌸一朵小花,30,405113,[等级22],[粉丝团 Lv10]
2026-05-13 22:55:06,2977910733944259,苍海一声笑,42,405188,[等级14],[粉丝团 Lv5]
2026-05-13 22:55:09,104791474069,炎夏猫🐈,3,405320,[等级7],
2026-05-13 22:55:12,2977910733944259,苍海一声笑,21,405435,[等级14],[粉丝团 Lv5]
2026-05-13 22:55:15,60490022442,momo🐰,27,405550,[等级27],[粉丝团 Lv8]
2026-05-13 22:55:19,2581253616838616,她说好看,30,405673,[等级21],[粉丝团 Lv5]
2026-05-13 22:55:21,60490022442,momo🐰,27,405795,[等级27],[粉丝团 Lv8]
2026-05-13 22:55:24,98061316280,♊凡尘,30,405899,[等级32],[粉丝团 Lv10]
2026-05-13 22:55:27,60490022442,momo🐰,27,405982,[等级27],[粉丝团 Lv8]
2026-05-13 22:55:30,98061316280,♊凡尘,27,406056,[等级32],[粉丝团 Lv10]
2026-05-13 22:55:33,60490022442,momo🐰,27,406168,[等级27],[粉丝团 Lv8]
2026-05-13 22:55:36,62636895425,065,27,406289,[等级13],[粉丝团 Lv5]
2026-05-13 22:55:39,60490022442,momo🐰,24,406421,[等级27],[粉丝团 Lv8]
2026-05-13 22:55:42,2977910733944259,苍海一声笑,33,406548,[等级14],[粉丝团 Lv5]
2026-05-13 22:55:46,60490022442,momo🐰,27,406698,[等级27],[粉丝团 Lv8]
2026-05-13 22:55:48,99393356410,吃不了一点香菜,15,406830,[等级26],[粉丝团 Lv12]
2026-05-13 22:55:51,81780019756,用星渲染夜得伤,27,406931,[等级24],[粉丝团 Lv10]
2026-05-13 22:55:54,2977910733944259,苍海一声笑,30,407014,[等级14],[粉丝团 Lv5]
2026-05-13 22:55:57,81780019756,用星渲染夜得伤,18,407128,[等级24],[粉丝团 Lv10]
2026-05-13 22:56:00,2977910733944259,苍海一声笑,36,407244,[等级14],[粉丝团 Lv5]
2026-05-13 22:56:03,81780019756,用星渲染夜得伤,30,407350,[等级24],[粉丝团 Lv10]
2026-05-13 22:56:06,1895194513901262,陈皮皮⁵¹⁰⁷⁴,27,407430,[等级28],[粉丝团 Lv16]
2026-05-13 22:56:09,81780019756,用星渲染夜得伤,27,407536,[等级24],[粉丝团 Lv10]
2026-05-13 22:56:12,2977910733944259,苍海一声笑,42,407621,[等级14],[粉丝团 Lv5]
2026-05-13 22:56:15,81780019756,用星渲染夜得伤,27,407726,[等级24],[粉丝团 Lv10]
2026-05-13 22:56:18,2977910733944259,苍海一声笑,24,407791,[等级14],[粉丝团 Lv5]
2026-05-13 22:56:21,111202910732,吾乃宇智波。。,30,407861,[等级1],
2026-05-13 22:56:24,1610105653310824,思念无声,3,407932,[等级27],
2026-05-13 22:56:27,102593292680,Miao,3,408040,[等级9],[粉丝团 Lv8]
2026-05-13 22:56:30,383061949164483,我布次蒜,12,408139,[等级15],[粉丝团 Lv10]
2026-05-13 22:56:33,105774020381,潇洒,3,408238,[等级1],
2026-05-13 22:56:36,2977910733944259,苍海一声笑,36,408317,[等级14],[粉丝团 Lv5]
2026-05-13 22:56:39,1530155757474296,玩鱼不养鱼,3,408444,[等级11],[粉丝团 Lv4]
2026-05-13 22:56:42,65142055034,春野,27,408552,[等级3],[粉丝团 Lv2]
2026-05-13 22:56:45,81780019756,用星渲染夜得伤,30,408682,[等级24],[粉丝团 Lv10]
2026-05-13 22:56:48,2977910733944259,苍海一声笑,33,408781,[等级14],[粉丝团 Lv5]
2026-05-13 22:56:51,69893939386,小c,3,408918,[等级29],[粉丝团:张君雅 Lv13]
2026-05-13 22:56:54,98714916130,心碎_也完美、,30,409047,[等级11],[粉丝团 Lv9]
2026-05-13 22:56:57,18445541847,满春序,30,409174,[等级7],
2026-05-13 22:57:00,2977910733944259,苍海一声笑,36,409321,[等级14],[粉丝团 Lv5]
2026-05-13 22:57:03,18445541847,满春序,30,409510,[等级7],
2026-05-13 22:57:06,2977910733944259,苍海一声笑,33,409671,[等级14],[粉丝团 Lv5]
2026-05-13 22:57:09,18445541847,满春序,27,409804,[等级7],
2026-05-13 22:57:12,98714916130,心碎_也完美、,27,409903,[等级11],[粉丝团 Lv9]
2026-05-13 22:57:15,111202910732,吾乃宇智波。。,30,410029,[等级1],
2026-05-13 22:57:18,2977910733944259,苍海一声笑,39,410113,[等级14],[粉丝团 Lv5]
2026-05-13 22:57:21,111202910732,吾乃宇智波。。,30,410208,[等级1],
2026-05-13 22:57:24,95996945125,小杰-,27,410331,[等级17],
2026-05-13 22:57:27,18445541847,满春序,6,410422,[等级7],
2026-05-13 22:57:31,95996945125,小杰-,24,410519,[等级17],
2026-05-13 22:57:33,111202910732,吾乃宇智波。。,9,410591,[等级1],
2026-05-13 22:57:36,2977910733944259,苍海一声笑,33,410689,[等级14],[粉丝团 Lv5]
2026-05-13 22:57:39,99393356410,吃不了一点香菜,27,410838,[等级26],[粉丝团 Lv12]
2026-05-13 22:57:42,3663228569664605,天空无云,18,411008,[等级15],[粉丝团 Lv11]
2026-05-13 22:57:45,99393356410,吃不了一点香菜,33,411145,[等级26],[粉丝团 Lv12]
2026-05-13 22:57:48,2977910733944259,苍海一声笑,27,411239,[等级14],[粉丝团 Lv5]
2026-05-13 22:57:51,99393356410,吃不了一点香菜,27,411336,[等级26],[粉丝团 Lv12]
2026-05-13 22:57:54,96272933331,龙先生,15,411427,[等级26],[粉丝团 Lv10]
2026-05-13 22:57:57,111202910732,吾乃宇智波。。,30,411590,[等级1],
2026-05-13 22:58:00,3663228569664605,天空无云,30,411758,[等级15],[粉丝团 Lv11]
2026-05-13 22:58:03,7567403286325478437,日行一善积大德，日行多善积积大大德,27,411921,[等级10],[粉丝团 Lv10]
2026-05-13 22:58:06,3663228569664605,天空无云,39,412099,[等级15],[粉丝团 Lv11]
2026-05-13 22:58:09,100089886593,闯,18,412265,[等级21],[粉丝团 Lv11]
2026-05-13 22:58:12,92616925981,李度春风,36,412468,[等级25],[粉丝团 Lv13]
2026-05-13 22:58:15,7567403286325478437,日行一善积大德，日行多善积积大大德,24,412704,[等级10],[粉丝团 Lv10]
2026-05-13 22:58:18,92616925981,李度春风,30,412966,[等级25],[粉丝团 Lv13]
2026-05-13 22:58:21,109886789309,✨️larkspur_tang⁵¹⁰⁷⁴,30,413281,[等级31],[粉丝团 Lv16]
2026-05-13 22:58:24,92616925981,李度春风,33,413722,[等级25],[粉丝团 Lv13]
2026-05-13 22:58:27,7567403286325478437,日行一善积大德，日行多善积积大大德,27,414150,[等级10],[粉丝团 Lv10]
2026-05-13 22:58:31,3663228569664605,天空无云,12,414502,[等级15],[粉丝团 Lv11]
2026-05-13 22:58:33,7567403286325478437,日行一善积大德，日行多善积积大大德,27,414844,[等级10],[粉丝团 Lv10]
2026-05-13 22:58:36,60490022442,momo🐰,24,415123,[等级27],[粉丝团 Lv8]
2026-05-13 22:58:39,1864375673819964,@﹌自由_,27,415426,[等级27],[粉丝团 Lv3]
2026-05-13 22:58:42,93260984183,Tina_Pu ɷ💋,33,415685,[等级16],[粉丝团 Lv9]
2026-05-13 22:58:45,7567403286325478437,日行一善积大德，日行多善积积大大德,24,416009,[等级10],[粉丝团 Lv10]
2026-05-13 22:58:48,93260984183,Tina_Pu ɷ💋,18,416285,[等级16],[粉丝团 Lv9]
2026-05-13 22:58:51,93935594325,贵州环保设备厂家,27,416673,[等级20],[粉丝团 Lv4]
2026-05-13 22:58:54,158773545540583,适当喝点,6,416973,[等级1],
2026-05-13 22:58:57,93935594325,贵州环保设备厂家,27,417326,[等级20],[粉丝团 Lv4]
2026-05-13 22:59:00,68343774932,第二支羽毛,24,417595,[等级6],[粉丝团 Lv3]
2026-05-13 22:59:03,1895194513901262,陈皮皮⁵¹⁰⁷⁴,18,417928,[等级28],[粉丝团 Lv16]
2026-05-13 22:59:06,92616925981,李度春风,30,418205,[等级25],[粉丝团 Lv13]
2026-05-13 22:59:10,7567403286325478437,日行一善积大德，日行多善积积大大德,24,418494,[等级10],[粉丝团 Lv10]
2026-05-13 22:59:12,3438875820437919,幸福=1+1,21,418670,[等级6],[粉丝团 Lv2]
2026-05-13 22:59:15,93404312725,榆旎,24,418880,[等级10],[粉丝团 Lv11]
2026-05-13 22:59:18,68343774932,第二支羽毛,6,419002,[等级6],[粉丝团 Lv3]
2026-05-13 22:59:21,75347998709,Ly___,108,419166,[等级10],[粉丝团 Lv10]
2026-05-13 22:59:25,506250023956654,🐮,36,419240,[等级3],
2026-05-13 22:59:27,7567403286325478437,日行一善积大德，日行多善积积大大德,27,419310,[等级10],[粉丝团 Lv10]
2026-05-13 22:59:30,106130605249,🇨🇳愿与愁ᴶᴹ✨,21,419376,[等级25],[粉丝团 Lv9]
2026-05-13 22:59:33,7567403286325478437,日行一善积大德，日行多善积积大大德,27,419485,[等级10],[粉丝团 Lv10]
2026-05-13 22:59:37,68343774932,第二支羽毛,24,419585,[等级6],[粉丝团 Lv3]
2026-05-13 22:59:39,263473591485324,小棉花,3,419676,[等级16],[粉丝团 Lv8]
2026-05-13 22:59:42,68343774932,第二支羽毛,6,419776,[等级6],[粉丝团 Lv3]
2026-05-13 22:59:45,7567403286325478437,日行一善积大德，日行多善积积大大德,24,419821,[等级10],[粉丝团 Lv10]
2026-05-13 22:59:48,68343774932,第二支羽毛,24,419887,[等级6],[粉丝团 Lv3]
2026-05-13 22:59:51,7567403286325478437,日行一善积大德，日行多善积积大大德,30,419961,[等级10],[粉丝团 Lv10]
2026-05-13 22:59:54,1116699846516204,茶香园,9,420068,[等级13],[粉丝团 Lv3]
2026-05-13 22:59:57,7567403286325478437,日行一善积大德，日行多善积积大大德,30,420163,[等级10],[粉丝团 Lv10]
2026-05-13 23:00:00,1116699846516204,茶香园,9,420271,[等级13],[粉丝团 Lv3]
2026-05-13 23:00:03,7567403286325478437,日行一善积大德，日行多善积积大大德,24,420357,[等级10],[粉丝团 Lv10]
2026-05-13 23:00:06,68343774932,第二支羽毛,24,420439,[等级6],[粉丝团 Lv3]
2026-05-13 23:00:10,7567403286325478437,日行一善积大德，日行多善积积大大德,24,420506,[等级10],[粉丝团 Lv10]
2026-05-13 23:00:12,68343774932,第二支羽毛,21,420591,[等级6],[粉丝团 Lv3]
2026-05-13 23:00:15,1766291614991212,用户6248283374570,3,420676,,
2026-05-13 23:00:19,506250023956654,🐮,27,420794,[等级3],
2026-05-13 23:00:21,7567403286325478437,日行一善积大德，日行多善积积大大德,21,420899,[等级10],[粉丝团 Lv10]
2026-05-13 23:00:24,1116699846516204,茶香园,33,421019,[等级13],[粉丝团 Lv3]
2026-05-13 23:00:27,7567403286325478437,日行一善积大德，日行多善积积大大德,6,421097,[等级10],[粉丝团 Lv10]
2026-05-13 23:00:31,506250023956654,🐮,27,421186,[等级3],
2026-05-13 23:00:33,2696431637374575,🥯sweet,24,421269,[等级34],[粉丝团 Lv10]
2026-05-13 23:00:37,506250023956654,🐮,30,421315,[等级3],
2026-05-13 23:00:40,3663228569664605,天空无云,6,421358,[等级15],[粉丝团 Lv11]
2026-05-13 23:00:42,77416951506,ら孤痞,36,421403,[等级36],[粉丝团 Lv17]
2026-05-13 23:00:46,93404312725,榆旎,21,421447,[等级10],[粉丝团 Lv11]
2026-05-13 23:00:48,77416951506,ら孤痞,39,421533,[等级36],[粉丝团 Lv17]
2026-05-13 23:00:51,111202910732,吾乃宇智波。。,9,421630,[等级1],
2026-05-13 23:00:54,1116699846516204,茶香园,120,421798,[等级13],[粉丝团 Lv3]
2026-05-13 23:00:57,111202910732,吾乃宇智波。。,30,421873,[等级1],
2026-05-13 23:01:00,1116699846516204,茶香园,69,421982,[等级13],[粉丝团 Lv3]
2026-05-13 23:01:03,111202910732,吾乃宇智波。。,30,422043,[等级1],
2026-05-13 23:01:06,3663228569664605,天空无云,18,422134,[等级15],[粉丝团 Lv11]
2026-05-13 23:01:09,111202910732,吾乃宇智波。。,27,422239,[等级1],
2026-05-13 23:01:12,1116699846516204,茶香园,102,422414,[等级13],[粉丝团 Lv3]
2026-05-13 23:01:16,93404312725,榆旎,33,422497,[等级10],[粉丝团 Lv11]
2026-05-13 23:01:18,1116699846516204,茶香园,81,422659,[等级13],[粉丝团 Lv3]
2026-05-13 23:01:22,111202910732,吾乃宇智波。。,9,422800,[等级1],
2026-05-13 23:01:24,99393356410,吃不了一点香菜,18,422871,[等级26],[粉丝团 Lv12]
2026-05-13 23:01:27,2265450581074663,用户8697904830335,3,422931,,
2026-05-13 23:01:30,7555682203687240761,不是蓝衣,9,422995,[等级1],
2026-05-13 23:01:33,111202910732,吾乃宇智波。。,3,423180,[等级1],
2026-05-13 23:01:36,93404312725,榆旎,24,423252,[等级10],[粉丝团 Lv11]
2026-05-13 23:01:39,2884751279037736,夜✘中＆莹@火,21,423407,[等级20],[粉丝团 Lv15]
2026-05-13 23:01:42,93404312725,榆旎,27,423485,[等级10],[粉丝团 Lv11]
2026-05-13 23:01:45,2884751279037736,夜✘中＆莹@火,24,423603,[等级20],[粉丝团 Lv15]
2026-05-13 23:01:48,506250023956654,🐮,18,423679,[等级3],
2026-05-13 23:01:51,2884751279037736,夜✘中＆莹@火,18,423754,[等级20],[粉丝团 Lv15]
2026-05-13 23:01:54,60479144065,䒕晗,42,423839,[等级13],[粉丝团 Lv9]
2026-05-13 23:01:57,2884751279037736,夜✘中＆莹@火,24,423894,[等级20],[粉丝团 Lv15]
2026-05-13 23:02:00,60479144065,䒕晗,39,423979,[等级13],[粉丝团 Lv9]
2026-05-13 23:02:03,2884751279037736,夜✘中＆莹@火,21,424056,[等级20],[粉丝团 Lv15]
2026-05-13 23:02:06,60479144065,䒕晗,36,424154,[等级13],[粉丝团 Lv9]
2026-05-13 23:02:09,2884751279037736,夜✘中＆莹@火,9,424267,[等级20],[粉丝团 Lv15]
2026-05-13 23:02:13,2024663250124233,阴雨天,36,424423,[等级1],
2026-05-13 23:02:15,71126905166,抖音小肋手,30,424525,[等级10],[粉丝团 Lv10]
2026-05-13 23:02:19,60479144065,䒕晗,33,424639,[等级13],[粉丝团 Lv9]
2026-05-13 23:02:21,2884751279037736,夜✘中＆莹@火,3,424774,[等级20],[粉丝团 Lv15]
2026-05-13 23:02:24,1116699846516204,茶香园,63,424980,[等级13],[粉丝团 Lv3]
2026-05-13 23:02:27,111202910732,吾乃宇智波。。,27,425179,[等级1],
2026-05-13 23:02:30,3663228569664605,天空无云,6,425359,[等级15],[粉丝团 Lv11]
2026-05-13 23:02:33,2884751279037736,夜✘中＆莹@火,9,425566,[等级20],[粉丝团 Lv15]
2026-05-13 23:02:36,96888961727,所言、属实,21,425833,[等级14],[粉丝团 Lv10]
2026-05-13 23:02:39,2884751279037736,夜✘中＆莹@火,24,426174,[等级20],[粉丝团 Lv15]
2026-05-13 23:02:42,94944450747,👩🏼,30,426427,[等级8],[粉丝团 Lv4]
2026-05-13 23:02:45,2884751279037736,夜✘中＆莹@火,27,426724,[等级20],[粉丝团 Lv15]
2026-05-13 23:02:48,94944450747,👩🏼,30,427008,[等级8],[粉丝团 Lv4]
2026-05-13 23:02:51,1481759413242523,𝓛𝓸𝓿𝓮🍓無da🍓叔昵🍓,21,427261,[等级15],[粉丝团 Lv10]
2026-05-13 23:02:54,96888961727,所言、属实,6,427472,[等级14],[粉丝团 Lv10]
2026-05-13 23:02:57,111202910732,吾乃宇智波。。,30,427774,[等级1],
2026-05-13 23:03:00,3839955254116823,可乐不加冰00,15,428024,,
2026-05-13 23:03:03,110934556563,雨夜,24,428600,[等级4],
2026-05-13 23:03:06,3839955254116823,可乐不加冰00,33,429225,,
2026-05-13 23:03:09,2564473840474103,咸蛋超人,12,429959,[等级11],[粉丝团 Lv7]
2026-05-13 23:03:12,96959990071,平安💰,12,430598,[等级25],[粉丝团 Lv1]
2026-05-13 23:03:15,4344882875874087,林子4604893754108,24,431260,[等级7],[粉丝团 Lv3]
2026-05-13 23:03:18,73069329092,搁浅,27,431894,[等级7],[粉丝团 Lv3]
2026-05-13 23:03:21,4344882875874087,林子4604893754108,27,432531,[等级7],[粉丝团 Lv3]
2026-05-13 23:03:24,96959990071,平安💰,24,433130,[等级25],[粉丝团 Lv1]
2026-05-13 23:03:27,76363832072,山南水北,24,433708,[等级15],[粉丝团 Lv2]
2026-05-13 23:03:30,2449357075396355,抖一抖,30,434189,[等级12],
2026-05-13 23:03:33,76363832072,山南水北,24,434807,[等级15],[粉丝团 Lv2]
2026-05-13 23:03:36,2449357075396355,抖一抖,30,435351,[等级12],
2026-05-13 23:03:39,4344882875874087,林子4604893754108,18,435974,[等级7],[粉丝团 Lv3]
2026-05-13 23:03:42,2449357075396355,抖一抖,15,436455,[等级12],
2026-05-13 23:03:45,107857395239,汉源黎州轮滑,30,436928,[等级21],
2026-05-13 23:03:48,2410583280073662,烂咸鱼,33,437468,[等级3],[粉丝团 Lv1]
2026-05-13 23:03:51,107857395239,汉源黎州轮滑,30,437925,[等级21],
2026-05-13 23:03:54,105864641077,不拘小节,33,438241,[等级16],[粉丝团 Lv13]
2026-05-13 23:03:57,107857395239,汉源黎州轮滑,33,438609,[等级21],
2026-05-13 23:04:01,10350113338041,用户2773121987711,12,438957,,
2026-05-13 23:04:03,1486156930486008,伟,33,439303,[等级15],[粉丝团 Lv8]
2026-05-13 23:04:06,68803108561,一笑奈何,24,439626,[等级15],[粉丝团 Lv2]
2026-05-13 23:04:09,1486156930486008,伟,30,439991,[等级15],[粉丝团 Lv8]
2026-05-13 23:04:12,98585669735,1个西瓜不够吃,30,440270,[等级1],
2026-05-13 23:04:15,2884751279037736,夜✘中＆莹@火,24,440582,[等级20],[粉丝团 Lv15]
2026-05-13 23:04:18,98585669735,1个西瓜不够吃,30,440876,[等级1],
2026-05-13 23:04:21,76363832072,山南水北,24,441171,[等级15],[粉丝团 Lv2]
2026-05-13 23:04:24,98585669735,1个西瓜不够吃,27,441431,[等级1],
2026-05-13 23:04:27,1895194513901262,陈皮皮⁵¹⁰⁷⁴,18,441710,[等级28],[粉丝团 Lv16]
2026-05-13 23:04:30,98585669735,1个西瓜不够吃,15,442011,[等级1],
2026-05-13 23:04:33,1442975144749371,骑士,3,442358,[等级23],[粉丝团 Lv8]
2026-05-13 23:04:36,2984502456237699,汪汪小汪,18,442693,[等级32],[粉丝团:张君雅 Lv15]
2026-05-13 23:04:39,2884751279037736,夜✘中＆莹@火,21,443006,[等级20],[粉丝团 Lv15]
2026-05-13 23:04:42,68803108561,一笑奈何,30,443376,[等级15],[粉丝团 Lv2]
2026-05-13 23:04:45,74306427900,Summer,27,443826,[等级7],
2026-05-13 23:04:48,98585669735,1个西瓜不够吃,30,444207,[等级1],
2026-05-13 23:04:51,74306427900,Summer,24,444645,[等级7],
2026-05-13 23:04:54,68803108561,一笑奈何,24,445057,[等级15],[粉丝团 Lv2]
2026-05-13 23:04:57,96270693640,小孩.🌾,21,445449,[等级22],[粉丝团 Lv4]
2026-05-13 23:05:00,68803108561,一笑奈何,21,445797,[等级15],[粉丝团 Lv2]
2026-05-13 23:05:03,2194271884289131,Harry,27,446146,[等级33],[粉丝团 Lv8]
2026-05-13 23:05:06,68803108561,一笑奈何,15,446486,[等级15],[粉丝团 Lv2]
2026-05-13 23:05:09,74306427900,Summer,27,446835,[等级7],
2026-05-13 23:05:12,1225270065635692,奕屿,24,447158,[等级9],
2026-05-13 23:05:15,73459388873,sun璃瑛,6,447495,[等级22],[粉丝团 Lv3]
2026-05-13 23:05:18,1855628943563343,以我控场,33,447863,,
2026-05-13 23:05:21,76363832072,山南水北,24,448311,[等级15],[粉丝团 Lv2]
2026-05-13 23:05:24,101635565561156,MY,3,448676,,
2026-05-13 23:05:27,91719211015,喵喵,24,449077,[等级9],[粉丝团 Lv10]
2026-05-13 23:05:30,3056290956316007,吉叶,24,449416,[等级4],
2026-05-13 23:05:33,91719211015,喵喵,27,449851,[等级9],[粉丝团 Lv10]
2026-05-13 23:05:36,93110728439,🍊爸,33,450281,[等级6],[粉丝团 Lv10]
2026-05-13 23:05:39,76363832072,山南水北,30,450817,[等级15],[粉丝团 Lv2]
2026-05-13 23:05:42,98585669735,1个西瓜不够吃,30,451219,[等级1],
2026-05-13 23:05:45,100661522615,枳实,39,451668,[等级16],[粉丝团 Lv10]
2026-05-13 23:05:48,1855628943563343,以我控场,18,452017,,
2026-05-13 23:05:51,76363832072,山南水北,30,452397,[等级15],[粉丝团 Lv2]
2026-05-13 23:05:54,93110728439,🍊爸,36,452817,[等级6],[粉丝团 Lv10]
2026-05-13 23:05:57,76363832072,山南水北,27,453235,[等级15],[粉丝团 Lv2]
2026-05-13 23:06:00,93110728439,🍊爸,36,453585,[等级6],[粉丝团 Lv10]
2026-05-13 23:06:03,91719211015,喵喵,18,454004,[等级9],[粉丝团 Lv10]
2026-05-13 23:06:06,104917868526,🌅,3,454367,[等级7],[粉丝团 Lv8]
2026-05-13 23:06:09,64664513742,卖蜂蜜的丫头,9,454695,[等级18],
2026-05-13 23:06:12,93110728439,🍊爸,36,454992,[等级6],[粉丝团 Lv10]
2026-05-13 23:06:15,2884751279037736,夜✘中＆莹@火,15,455244,[等级20],[粉丝团 Lv15]
2026-05-13 23:06:18,1616742101292714,张君雅的小黄瓜,3,455438,[等级2],[粉丝团 Lv6]
2026-05-13 23:06:21,104917868526,🌅,12,455736,[等级7],[粉丝团 Lv8]
2026-05-13 23:06:24,1616742101292714,张君雅的小黄瓜,3,455975,[等级2],[粉丝团 Lv6]
2026-05-13 23:06:27,91719211015,喵喵,18,456287,[等级9],[粉丝团 Lv10]
2026-05-13 23:06:30,93110728439,🍊爸,36,456573,[等级6],[粉丝团 Lv10]
2026-05-13 23:06:33,91719211015,喵喵,9,456876,[等级9],[粉丝团 Lv10]
2026-05-13 23:06:36,104917868526,🌅,30,457182,[等级7],[粉丝团 Lv8]
2026-05-13 23:06:39,91719211015,喵喵,21,457535,[等级9],[粉丝团 Lv10]
2026-05-13 23:06:42,94476909937,ღ᭄茜🫧,30,457847,[等级22],[粉丝团 Lv11]
2026-05-13 23:06:45,1767646315687197,小馫,21,458227,[等级13],[粉丝团 Lv12]
2026-05-13 23:06:48,74306427900,Summer,30,458512,[等级7],
2026-05-13 23:06:51,91719211015,喵喵,18,458837,[等级9],[粉丝团 Lv10]
2026-05-13 23:06:54,94476909937,ღ᭄茜🫧,24,459151,[等级22],[粉丝团 Lv11]
2026-05-13 23:06:57,2884751279037736,夜✘中＆莹@火,24,459575,[等级20],[粉丝团 Lv15]
2026-05-13 23:07:00,83280595380,垨訫,6,459936,[等级18],[粉丝团 Lv14]
2026-05-13 23:07:03,2884751279037736,夜✘中＆莹@火,18,460303,[等级20],[粉丝团 Lv15]
2026-05-13 23:07:06,74306427900,Summer,30,460613,[等级7],
2026-05-13 23:07:09,2884751279037736,夜✘中＆莹@火,12,460934,[等级20],[粉丝团 Lv15]
2026-05-13 23:07:12,523800935140558,づ觸空,30,461134,[等级17],[粉丝团 Lv13]
2026-05-13 23:07:15,2884751279037736,夜✘中＆莹@火,18,461471,[等级20],[粉丝团 Lv15]
2026-05-13 23:07:18,523800935140558,づ觸空,33,461690,[等级17],[粉丝团 Lv13]
2026-05-13 23:07:21,2884751279037736,夜✘中＆莹@火,3,462037,[等级20],[粉丝团 Lv15]
2026-05-13 23:07:24,523800935140558,づ觸空,33,462331,[等级17],[粉丝团 Lv13]
2026-05-13 23:07:27,2884751279037736,夜✘中＆莹@火,6,462635,[等级20],[粉丝团 Lv15]
2026-05-13 23:07:30,84204403993,嗨嗨,3,462891,[等级15],
2026-05-13 23:07:33,103217744901,可乐,3,463133,,
2026-05-13 23:07:36,1895194513901262,陈皮皮⁵¹⁰⁷⁴,21,463416,[等级28],[粉丝团 Lv16]
2026-05-13 23:07:39,3258592301431272,添加标签,27,463709,[等级2],[粉丝团 Lv3]
2026-05-13 23:07:42,523800935140558,づ觸空,30,464021,[等级17],[粉丝团 Lv13]
2026-05-13 23:07:45,2884751279037736,夜✘中＆莹@火,24,464303,[等级20],[粉丝团 Lv15]
2026-05-13 23:07:48,945225302813900,Gluttony,24,464550,[等级7],
2026-05-13 23:07:51,3258592301431272,添加标签,24,464817,[等级2],[粉丝团 Lv3]
2026-05-13 23:07:54,870407718572355,衍神,6,465057,[等级20],[粉丝团 Lv15]
2026-05-13 23:07:57,74188858717,小兔子妈咪,27,465277,[等级16],[粉丝团 Lv13]
2026-05-13 23:08:00,108242364337,白先森,21,465533,[等级17],
2026-05-13 23:08:03,3258592301431272,添加标签,30,465767,[等级2],[粉丝团 Lv3]
2026-05-13 23:08:06,108242364337,白先森,24,466040,[等级17],
2026-05-13 23:08:09,3258592301431272,添加标签,21,466296,[等级2],[粉丝团 Lv3]
2026-05-13 23:08:12,804436017427380,晓沫姐,27,466515,[等级29],
2026-05-13 23:08:15,2884751279037736,夜✘中＆莹@火,9,466744,[等级20],[粉丝团 Lv15]
2026-05-13 23:08:19,3056290956316007,吉叶,33,466978,[等级4],
2026-05-13 23:08:21,2884751279037736,夜✘中＆莹@火,24,467171,[等级20],[粉丝团 Lv15]
2026-05-13 23:08:25,175538554811668,花样男,27,467422,[等级15],[粉丝团 Lv8]
2026-05-13 23:08:27,2884751279037736,夜✘中＆莹@火,12,467601,[等级20],[粉丝团 Lv15]
2026-05-13 23:08:31,3056290956316007,吉叶,33,467865,[等级4],
2026-05-13 23:08:33,2884751279037736,夜✘中＆莹@火,3,468010,[等级20],[粉丝团 Lv15]
2026-05-13 23:08:36,73459388873,sun璃瑛,12,468142,[等级22],[粉丝团 Lv3]
2026-05-13 23:08:39,2884751279037736,夜✘中＆莹@火,3,468308,[等级20],[粉丝团 Lv15]
2026-05-13 23:08:42,3056290956316007,吉叶,39,468498,[等级4],
2026-05-13 23:08:45,2884751279037736,夜✘中＆莹@火,21,468700,[等级20],[粉丝团 Lv15]
2026-05-13 23:08:48,100661522615,枳实,36,468884,[等级16],[粉丝团 Lv10]
2026-05-13 23:08:51,2884751279037736,夜✘中＆莹@火,24,469104,[等级20],[粉丝团 Lv15]
2026-05-13 23:08:54,100661522615,枳实,36,469282,[等级16],[粉丝团 Lv10]
2026-05-13 23:08:57,2884751279037736,夜✘中＆莹@火,24,469488,[等级20],[粉丝团 Lv15]
2026-05-13 23:09:00,4416058262342064,左玉虎,27,469662,[等级21],[粉丝团 Lv13]
2026-05-13 23:09:03,2884751279037736,夜✘中＆莹@火,24,469867,[等级20],[粉丝团 Lv15]
2026-05-13 23:09:06,4416058262342064,左玉虎,27,470034,[等级21],[粉丝团 Lv13]
2026-05-13 23:09:09,2884751279037736,夜✘中＆莹@火,18,470213,[等级20],[粉丝团 Lv15]
2026-05-13 23:09:12,77416951506,ら孤痞,36,470439,[等级36],[粉丝团 Lv17]
2026-05-13 23:09:15,2884751279037736,夜✘中＆莹@火,18,470699,[等级20],[粉丝团 Lv15]
2026-05-13 23:09:18,74708358506,孤傲一世的神,3,470974,[等级20],[粉丝团 Lv10]
2026-05-13 23:09:21,1616742101292714,张君雅的小黄瓜,27,471249,[等级2],[粉丝团 Lv6]
2026-05-13 23:09:24,2713216199700523,🤡小妖怪🤡,18,471550,[等级31],
2026-05-13 23:09:27,2884751279037736,夜✘中＆莹@火,21,471885,[等级20],[粉丝团 Lv15]
2026-05-13 23:09:30,71480910685,（Q）,27,472231,[等级25],[粉丝团 Lv13]
2026-05-13 23:09:33,160957776281203,曹炼,30,472578,[等级3],
2026-05-13 23:09:36,71480910685,（Q）,30,472953,[等级25],[粉丝团 Lv13]
2026-05-13 23:09:39,2884751279037736,夜✘中＆莹@火,3,473235,[等级20],[粉丝团 Lv15]
2026-05-13 23:09:42,71480910685,（Q）,30,473507,[等级25],[粉丝团 Lv13]
2026-05-13 23:09:45,2884751279037736,夜✘中＆莹@火,3,473717,[等级20],[粉丝团 Lv15]
2026-05-13 23:09:48,99729171951,梦在远方,30,473996,[等级8],[粉丝团 Lv8]
2026-05-13 23:09:51,2884751279037736,夜✘中＆莹@火,9,474200,[等级20],[粉丝团 Lv15]
2026-05-13 23:09:54,99729171951,梦在远方,6,474418,[等级8],[粉丝团 Lv8]
2026-05-13 23:09:57,2884751279037736,夜✘中＆莹@火,21,474626,[等级20],[粉丝团 Lv15]
2026-05-13 23:10:00,74708358506,孤傲一世的神,3,474879,[等级20],[粉丝团 Lv10]
2026-05-13 23:10:03,2884751279037736,夜✘中＆莹@火,6,475101,[等级20],[粉丝团 Lv15]
2026-05-13 23:10:06,175538554811668,花样男,30,475347,[等级15],[粉丝团 Lv8]
2026-05-13 23:10:09,2884751279037736,夜✘中＆莹@火,24,475573,[等级20],[粉丝团 Lv15]
2026-05-13 23:10:12,65860383089,(*˘︶˘*).｡.:*♡小小哈,30,475831,[等级9],[粉丝团 Lv7]
2026-05-13 23:10:15,2884751279037736,夜✘中＆莹@火,15,476023,[等级20],[粉丝团 Lv15]
2026-05-13 23:10:18,99729171951,梦在远方,18,476248,[等级8],[粉丝团 Lv8]
2026-05-13 23:10:21,2884751279037736,夜✘中＆莹@火,21,476400,[等级20],[粉丝团 Lv15]
2026-05-13 23:10:24,1858588210633400,凯迪之家,9,476576,[等级15],
2026-05-13 23:10:27,2884751279037736,夜✘中＆莹@火,3,476684,[等级20],[粉丝团 Lv15]
2026-05-13 23:10:30,3056290956316007,吉叶,33,476807,[等级4],
2026-05-13 23:10:33,1767646315687197,小馫,27,476925,[等级13],[粉丝团 Lv12]
2026-05-13 23:10:36,105572344060,沧海一粟，我之于你,9,477064,[等级42],[粉丝团 Lv9]
2026-05-13 23:10:39,2884751279037736,夜✘中＆莹@火,24,477229,[等级20],[粉丝团 Lv15]
2026-05-13 23:10:42,71480910685,（Q）,30,477370,[等级25],[粉丝团 Lv13]
2026-05-13 23:10:45,2884751279037736,夜✘中＆莹@火,9,477484,[等级20],[粉丝团 Lv15]
2026-05-13 23:10:48,175538554811668,花样男,15,477631,[等级15],[粉丝团 Lv8]
2026-05-13 23:10:51,2884751279037736,夜✘中＆莹@火,21,477777,[等级20],[粉丝团 Lv15]
2026-05-13 23:10:54,65860383089,(*˘︶˘*).｡.:*♡小小哈,27,477947,[等级9],[粉丝团 Lv7]
2026-05-13 23:10:57,2884751279037736,夜✘中＆莹@火,18,478090,[等级20],[粉丝团 Lv15]
2026-05-13 23:11:00,65860383089,(*˘︶˘*).｡.:*♡小小哈,21,478261,[等级9],[粉丝团 Lv7]
2026-05-13 23:11:03,2884751279037736,夜✘中＆莹@火,3,478394,[等级20],[粉丝团 Lv15]
2026-05-13 23:11:06,2713216199700523,🤡小妖怪🤡,3,478568,[等级31],
2026-05-13 23:11:09,2884751279037736,夜✘中＆莹@火,24,478743,[等级20],[粉丝团 Lv15]
2026-05-13 23:11:12,2713216199700523,🤡小妖怪🤡,24,478896,[等级31],
2026-05-13 23:11:16,2884751279037736,夜✘中＆莹@火,24,479025,[等级20],[粉丝团 Lv15]
2026-05-13 23:11:18,175538554811668,花样男,27,479135,[等级15],[粉丝团 Lv8]
2026-05-13 23:11:21,87094731678,5q,30,479259,[等级20],[粉丝团 Lv11]
2026-05-13 23:11:24,175538554811668,花样男,33,479362,[等级15],[粉丝团 Lv8]
2026-05-13 23:11:27,2884751279037736,夜✘中＆莹@火,21,479479,[等级20],[粉丝团 Lv15]
2026-05-13 23:11:30,175538554811668,花样男,36,479604,[等级15],[粉丝团 Lv8]
2026-05-13 23:11:33,98068376389,朱仔,30,479715,[等级31],
2026-05-13 23:11:37,100661522615,枳实,36,479846,[等级16],[粉丝团 Lv10]
2026-05-13 23:11:39,2884751279037736,夜✘中＆莹@火,18,479945,[等级20],[粉丝团 Lv15]
2026-05-13 23:11:43,62952671133,周小周.,36,480128,[等级15],[粉丝团 Lv9]
2026-05-13 23:11:45,3056290956316007,吉叶,33,480215,[等级4],
2026-05-13 23:11:48,175538554811668,花样男,33,480363,[等级15],[粉丝团 Lv8]
2026-05-13 23:11:51,100661522615,枳实,36,480497,[等级16],[粉丝团 Lv10]
2026-05-13 23:11:54,71747499339,十 三,27,480727,[等级21],[粉丝团 Lv9]
2026-05-13 23:11:57,3698398913367901,猪蹄,9,481052,[等级5],[粉丝团 Lv1]
2026-05-13 23:12:00,175538554811668,花样男,33,481289,[等级15],[粉丝团 Lv8]
2026-05-13 23:12:03,100661522615,枳实,21,481535,[等级16],[粉丝团 Lv10]
2026-05-13 23:12:06,7628449705257600049,相遇到那个爱播,30,481657,[等级28],[粉丝团 Lv1]
2026-05-13 23:12:09,2884751279037736,夜✘中＆莹@火,18,481751,[等级20],[粉丝团 Lv15]
2026-05-13 23:12:12,65607306695,ᦗ橘个橙子,21,481860,[等级7],[粉丝团 Lv10]
2026-05-13 23:12:15,2884751279037736,夜✘中＆莹@火,3,481943,[等级20],[粉丝团 Lv15]
2026-05-13 23:12:20,2386378385529776,ღ 念池鱼,24,482012,[等级16],
2026-05-13 23:12:21,2884751279037736,夜✘中＆莹@火,3,482034,[等级20],[粉丝团 Lv15]
2026-05-13 23:12:25,2884751279037736,夜✘中＆莹@火,15,482109,[等级20],[粉丝团 Lv15]
2026-05-13 23:12:27,2386378385529776,ღ 念池鱼,9,482124,[等级16],
2026-05-13 23:12:31,2377608184739119,哈哈哈,3,482141,[等级8],
2026-05-13 23:12:33,58966118781,BT外贸鞋工厂店,12,482181,[等级23],[粉丝团 Lv1]
2026-05-13 23:12:37,3056290956316007,吉叶,36,482219,[等级4],
2026-05-13 23:12:39,2884751279037736,夜✘中＆莹@火,12,482237,[等级20],[粉丝团 Lv15]
2026-05-13 23:12:43,4354541525670915,SY-小郁（限流中）,6,482256,[等级22],[粉丝团 Lv6]
2026-05-13 23:12:45,4354541525670915,SY-小郁（限流中）,6,482270,[等级22],[粉丝团 Lv6]
2026-05-13 23:12:48,1616742101292714,张君雅的小黄瓜,9,482306,[等级2],[粉丝团 Lv6]
2026-05-13 23:12:53,3056290956316007,吉叶,36,482331,[等级4],
2026-05-13 23:12:54,1616742101292714,张君雅的小黄瓜,3,482336,[等级2],[粉丝团 Lv6]
2026-05-13 23:12:57,62785741702,神烦傲娇天秤座,12,482371,[等级20],[粉丝团 Lv4]
2026-05-13 23:13:00,1616742101292714,张君雅的小黄瓜,3,482522,[等级2],[粉丝团 Lv6]
2026-05-13 23:13:03,77465488928,下了猫猫雨,33,482613,[等级14],[粉丝团 Lv2]
2026-05-13 23:13:06,74306427900,Summer,24,482808,[等级7],
2026-05-13 23:13:09,2458102176691848,堇年,33,482986,[等级12],[粉丝团 Lv10]
2026-05-13 23:13:12,70647035653,前坤,6,483158,[等级29],[粉丝团 Lv15]
2026-05-13 23:13:16,2911100185083912,嗯呐,3,483248,[等级3],
2026-05-13 23:13:18,74306427900,Summer,30,483400,[等级7],
2026-05-13 23:13:22,79125991889,小石同学,3,483546,[等级32],
2026-05-13 23:13:24,4207174040435181,司晨,66,483747,[等级9],[粉丝团 Lv10]
2026-05-13 23:13:28,95507451318,溪鱼,57,483953,[等级17],[粉丝团 Lv10]
2026-05-13 23:13:30,3056290956316007,吉叶,27,484191,[等级4],
2026-05-13 23:13:33,3276974283303421,Aaw,6,484378,[等级2],
2026-05-13 23:13:36,2221457896387540,柔情风雨,3,484580,[等级1],
2026-05-13 23:13:39,106679608778,鑫哥,30,484779,[等级16],[粉丝团 Lv1]
2026-05-13 23:13:42,93974774195,天丶空,30,484993,[等级34],[粉丝团 Lv16]
2026-05-13 23:13:45,3623605349921108,听风诉说爱,3,485252,[等级3],
2026-05-13 23:13:48,1895194513901262,陈皮皮⁵¹⁰⁷⁴,9,485413,[等级28],[粉丝团 Lv16]
2026-05-13 23:13:51,95507451318,溪鱼,21,485567,[等级17],[粉丝团 Lv10]
2026-05-13 23:13:54,96659211483,এۣۖิ乙超,3,485658,[等级20],
2026-05-13 23:13:57,106679608778,鑫哥,27,485797,[等级16],[粉丝团 Lv1]
2026-05-13 23:14:01,62532659942,靓崽🤍,12,485926,[等级6],
2026-05-13 23:14:04,106679608778,鑫哥,30,486045,[等级16],[粉丝团 Lv1]
2026-05-13 23:14:06,11783636737,怀旧音乐🔥,3,486163,[等级1],
2026-05-13 23:14:10,95507451318,溪鱼,15,486293,[等级17],[粉丝团 Lv10]
2026-05-13 23:14:12,62532659942,靓崽🤍,15,486417,[等级6],
2026-05-13 23:14:16,106679608778,鑫哥,27,486508,[等级16],[粉丝团 Lv1]
2026-05-13 23:14:19,7465029989924209724,7,3,486614,[等级9],[粉丝团 Lv5]
2026-05-13 23:14:22,106679608778,鑫哥,30,486737,[等级16],[粉丝团 Lv1]
2026-05-13 23:14:24,70120497846,———乄 杺 ——-,9,486825,[等级16],
2026-05-13 23:14:28,106679608778,鑫哥,24,486947,[等级16],[粉丝团 Lv1]
2026-05-13 23:14:30,70120497846,———乄 杺 ——-,12,487052,[等级16],
2026-05-13 23:14:34,388562002908260,倒霉狗不是熊,9,487228,[等级8],
2026-05-13 23:14:36,1540863323540624,用户5735528885032,6,487421,,
2026-05-13 23:14:39,70800997813,哈哈～,39,487622,[等级19],[粉丝团 Lv13]
2026-05-13 23:14:42,94348965547,通讯员,6,487826,[等级12],[粉丝团 Lv12]
2026-05-13 23:14:45,106679608778,鑫哥,30,488046,[等级16],[粉丝团 Lv1]
2026-05-13 23:14:48,2110710675432239,@做好自几♥,30,488182,[等级14],
2026-05-13 23:14:51,106679608778,鑫哥,30,488330,[等级16],[粉丝团 Lv1]
2026-05-13 23:14:54,2110710675432239,@做好自几♥,30,488475,[等级14],
2026-05-13 23:14:57,1388064058641593,用户45736744687,3,488651,[等级21],[粉丝团 Lv2]
2026-05-13 23:15:00,65860383089,(*˘︶˘*).｡.:*♡小小哈,24,488796,[等级9],[粉丝团 Lv7]
2026-05-13 23:15:03,2401798056850606,啊花喔,18,488958,[等级5],
2026-05-13 23:15:07,3892728577401756,see  ghost,3,489065,[等级4],[粉丝团 Lv2]
2026-05-13 23:15:09,100030072195,农夫山里有块田,27,489240,[等级5],[粉丝团 Lv4]
2026-05-13 23:15:12,104453105554,45°,24,489343,,
2026-05-13 23:15:15,1917193733835112,菲菲不是公主,15,489498,[等级15],[粉丝团 Lv1]
2026-05-13 23:15:18,104453105554,45°,30,489616,,
2026-05-13 23:15:21,74306427900,Summer,30,489798,[等级7],
2026-05-13 23:15:24,104453105554,45°,36,489927,,
2026-05-13 23:15:27,74306427900,Summer,30,490102,[等级7],
2026-05-13 23:15:30,104453105554,45°,36,490225,,
2026-05-13 23:15:33,62532659942,靓崽🤍,27,490354,[等级6],
2026-05-13 23:15:36,1411418676789324,༒࿈德༙྇࿈༒,27,490480,,
2026-05-13 23:15:39,74306427900,Summer,30,490631,[等级7],
2026-05-13 23:15:42,104453105554,45°,30,490741,,
2026-05-13 23:15:45,62532659942,靓崽🤍,27,490903,[等级6],
2026-05-13 23:15:48,104453105554,45°,30,491017,,
2026-05-13 23:15:51,62532659942,靓崽🤍,27,491161,[等级6],
2026-05-13 23:15:54,101531643481,白,3,491288,[等级1],
2026-05-13 23:15:57,96220936370,唐,12,491427,[等级12],[粉丝团 Lv6]
2026-05-13 23:16:00,104453105554,45°,33,491538,,
2026-05-13 23:16:03,61072672391,LLLch,30,491641,[等级19],[粉丝团 Lv11]
2026-05-13 23:16:07,1690392664222539,北陌,6,491723,[等级22],[粉丝团 Lv1]
2026-05-13 23:16:09,334679642477848,用户2237246843298,3,491798,,
2026-05-13 23:16:12,1690392664222539,北陌,27,491871,[等级22],[粉丝团 Lv1]
2026-05-13 23:16:15,98508324637,一样,39,491956,[等级13],[粉丝团 Lv2]
2026-05-13 23:16:18,3438875820437919,幸福=1+1,33,492059,[等级6],[粉丝团 Lv2]
2026-05-13 23:16:22,74306427900,Summer,30,492157,[等级7],
2026-05-13 23:16:24,1794029961617984,酃,36,492263,[等级17],[粉丝团 Lv12]
2026-05-13 23:16:28,101207492435,康,9,492371,,
2026-05-13 23:16:30,1794029961617984,酃,36,492501,[等级17],[粉丝团 Lv12]
2026-05-13 23:16:34,106679608778,鑫哥,27,492609,[等级16],[粉丝团 Lv1]
2026-05-13 23:16:36,62970295024,帥,3,492710,[等级4],[粉丝团 Lv2]
2026-05-13 23:16:40,106679608778,鑫哥,24,492806,[等级16],[粉丝团 Lv1]
2026-05-13 23:16:43,3438875820437919,幸福=1+1,33,492877,[等级6],[粉丝团 Lv2]
2026-05-13 23:16:46,106679608778,鑫哥,24,492955,[等级16],[粉丝团 Lv1]
2026-05-13 23:16:48,74188858717,小兔子妈咪,3,492995,[等级16],[粉丝团 Lv13]
2026-05-13 23:16:51,106679608778,鑫哥,27,493101,[等级16],[粉丝团 Lv1]
2026-05-13 23:16:54,74188858717,小兔子妈咪,36,493184,[等级16],[粉丝团 Lv13]
2026-05-13 23:16:57,106679608778,鑫哥,21,493292,[等级16],[粉丝团 Lv1]
2026-05-13 23:17:01,74188858717,小兔子妈咪,33,493377,[等级16],[粉丝团 Lv13]
2026-05-13 23:17:03,74306427900,Summer,27,493477,[等级7],
2026-05-13 23:17:07,74188858717,小兔子妈咪,30,493533,[等级16],[粉丝团 Lv13]
2026-05-13 23:17:10,74306427900,Summer,24,493589,[等级7],
2026-05-13 23:17:12,2401798056850606,啊花喔,27,493626,[等级5],
2026-05-13 23:17:15,50570536152,㢂 仩,60,493722,[等级10],
2026-05-13 23:17:18,2401798056850606,啊花喔,27,493790,[等级5],
2026-05-13 23:17:21,3438875820437919,幸福=1+1,9,493842,[等级6],[粉丝团 Lv2]
2026-05-13 23:17:25,2401798056850606,啊花喔,33,493885,[等级5],
2026-05-13 23:17:28,2401798056850606,啊花喔,24,493925,[等级5],
2026-05-13 23:17:30,2401798056850606,啊花喔,27,493947,[等级5],
2026-05-13 23:17:33,3438875820437919,幸福=1+1,3,493972,[等级6],[粉丝团 Lv2]
2026-05-13 23:17:36,2401798056850606,啊花喔,27,494011,[等级5],
2026-05-13 23:17:39,3438875820437919,幸福=1+1,30,494060,[等级6],[粉丝团 Lv2]
2026-05-13 23:17:42,2401798056850606,啊花喔,24,494101,[等级5],
2026-05-13 23:17:46,3438875820437919,幸福=1+1,33,494133,[等级6],[粉丝团 Lv2]
2026-05-13 23:17:48,2401798056850606,啊花喔,24,494157,[等级5],
2026-05-13 23:17:51,3438875820437919,幸福=1+1,33,494188,[等级6],[粉丝团 Lv2]
2026-05-13 23:17:54,2401798056850606,啊花喔,27,494219,[等级5],
2026-05-13 23:17:57,3438875820437919,幸福=1+1,33,494251,[等级6],[粉丝团 Lv2]
2026-05-13 23:18:00,2401798056850606,啊花喔,27,494289,[等级5],
2026-05-13 23:18:03,3438875820437919,幸福=1+1,36,494349,[等级6],[粉丝团 Lv2]
2026-05-13 23:18:06,2401798056850606,啊花喔,24,494396,[等级5],
2026-05-13 23:18:11,100661522615,枳实,39,494458,[等级16],[粉丝团 Lv10]
2026-05-13 23:18:13,770129369766876,等,3,494459,[等级7],
2026-05-13 23:18:15,100661522615,枳实,36,494506,[等级16],[粉丝团 Lv10]
2026-05-13 23:18:19,100661522615,枳实,36,494551,[等级16],[粉丝团 Lv10]
2026-05-13 23:18:21,100661522615,枳实,36,494571,[等级16],[粉丝团 Lv10]
2026-05-13 23:18:25,1540863323540624,用户5735528885032,21,494624,,
2026-05-13 23:18:27,100661522615,枳实,36,494677,[等级16],[粉丝团 Lv10]
2026-05-13 23:18:31,4308308980156650,睡不醒的猫咪,30,494736,[等级3],[粉丝团 Lv7]
2026-05-13 23:18:33,4343544145511348,用户124872843112,6,494777,[等级3],
2026-05-13 23:18:36,2524100553085527,别丢你的开心,75,494827,,
2026-05-13 23:18:39,100661522615,枳实,33,494884,[等级16],[粉丝团 Lv10]
2026-05-13 23:18:43,98100126356,。ㅤ,3,494948,[等级5],
2026-05-13 23:18:45,100661522615,枳实,27,494980,[等级16],[粉丝团 Lv10]
2026-05-13 23:18:48,92338320092,Longメ,15,494999,[等级10],
2026-05-13 23:18:51,4308308980156650,睡不醒的猫咪,9,495049,[等级3],[粉丝团 Lv7]
2026-05-13 23:18:54,92338320092,Longメ,27,495085,[等级10],
2026-05-13 23:18:58,92338320092,Longメ,27,495121,[等级10],
2026-05-13 23:19:00,92338320092,Longメ,24,495137,[等级10],
2026-05-13 23:19:04,92338320092,Longメ,21,495171,[等级10],
2026-05-13 23:19:06,92338320092,Longメ,30,495188,[等级10],
2026-05-13 23:19:10,97070523590,海涛,3,495226,[等级5],
2026-05-13 23:19:12,92338320092,Longメ,24,495247,[等级10],
2026-05-13 23:19:17,92338320092,Longメ,15,495286,[等级10],
2026-05-13 23:19:19,4295115881845472,乘风破浪🏄‍♂️,30,495303,[等级18],
2026-05-13 23:19:22,70400751563,拾三,3,495311,[等级38],
2026-05-13 23:19:25,4295115881845472,乘风破浪🏄‍♂️,30,495332,[等级18],
2026-05-13 23:19:29,4295115881845472,乘风破浪🏄‍♂️,27,495350,[等级18],
2026-05-13 23:19:31,4295115881845472,乘风破浪🏄‍♂️,30,495360,[等级18],
2026-05-13 23:19:34,2867992440603667,N~ෆ,6,495372,[等级3],
2026-05-13 23:19:37,1794029961617984,酃,24,495394,[等级17],[粉丝团 Lv12]
2026-05-13 23:19:46,2335797820530174,૮⑉･-･⑉ა,15,495400,[等级10],[粉丝团 Lv11]
2026-05-13 23:19:52,66933475817,我的心里有颗糖🍬,3,495401,[等级12],[粉丝团 Lv5]
2026-05-13 23:19:58,382242036135687,国之雄狮,3,495405,[等级24],
2026-05-13 23:20:00,492225954870696,Look.小易,3,495406,[等级21],
2026-05-13 23:20:03,731652113831771,钟钟✨（和平精英）,24,495416,,
2026-05-13 23:20:07,1882809950284456,龙_,27,495455,[等级34],[粉丝团 Lv1]
2026-05-13 23:20:09,2630504213912088,火锅底料人,6,495491,[等级14],[粉丝团 Lv10]
2026-05-13 23:20:13,2590866089184749,刀斩相思情,30,495516,,
2026-05-13 23:20:16,97089012726,又又,3,495534,[等级3],
2026-05-13 23:20:19,2590866089184749,刀斩相思情,27,495543,,
2026-05-13 23:20:23,111167996121,深山老头,30,495576,[等级32],[粉丝团 Lv16]
2026-05-13 23:20:25,111167996121,深山老头,15,495595,[等级32],[粉丝团 Lv16]
2026-05-13 23:20:27,3663228569664605,天空无云,39,495628,[等级15],[粉丝团 Lv11]
2026-05-13 23:20:31,2590866089184749,刀斩相思情,18,495647,,
2026-05-13 23:20:33,731652113831771,钟钟✨（和平精英）,24,495664,,
2026-05-13 23:20:37,111167996121,深山老头,33,495694,[等级32],[粉丝团 Lv16]
2026-05-13 23:20:40,111167996121,深山老头,18,495718,[等级32],[粉丝团 Lv16]
2026-05-13 23:20:42,111167996121,深山老头,36,495738,[等级32],[粉丝团 Lv16]
2026-05-13 23:20:46,111167996121,深山老头,30,495772,[等级32],[粉丝团 Lv16]
2026-05-13 23:20:48,111167996121,深山老头,30,495791,[等级32],[粉丝团 Lv16]
2026-05-13 23:20:51,1600479814232157,金猴换电,3,495804,,
2026-05-13 23:20:55,2590866089184749,刀斩相思情,21,495820,,
2026-05-13 23:20:59,2590866089184749,刀斩相思情,27,495841,,
2026-05-13 23:21:01,2590866089184749,刀斩相思情,24,495849,,
2026-05-13 23:21:05,2590866089184749,刀斩相思情,21,495866,,
2026-05-13 23:21:07,2590866089184749,刀斩相思情,24,495885,,
2026-05-13 23:21:11,2590866089184749,刀斩相思情,18,495921,,
2026-05-13 23:21:13,2590866089184749,刀斩相思情,18,495929,,
2026-05-13 23:21:15,96270693640,小孩.🌾,6,495947,[等级22],[粉丝团 Lv4]
2026-05-13 23:21:19,2590866089184749,刀斩相思情,24,495964,,
2026-05-13 23:21:21,52495544292,玩了个寂寞,9,495978,[等级16],[粉丝团 Lv5]
2026-05-13 23:21:25,108242364337,白先森,9,496007,[等级17],
2026-05-13 23:21:27,663742151655639,Simon.翠翠,3,496045,[等级22],[粉丝团 Lv2]
2026-05-13 23:21:30,383061949164483,我布次蒜,15,496109,[等级15],[粉丝团 Lv10]
2026-05-13 23:21:33,93687105296,洛皮皮🐻‍❄️⁰⁵⁰³,60,496239,[等级40],[粉丝团:张君雅 Lv17]
2026-05-13 23:21:36,383061949164483,我布次蒜,30,496356,[等级15],[粉丝团 Lv10]
2026-05-13 23:21:39,2885559110343056,Yaya呀^(努力见院人),27,496519,[等级22],
2026-05-13 23:21:42,383061949164483,我布次蒜,6,496600,[等级15],[粉丝团 Lv10]
2026-05-13 23:21:45,2885559110343056,Yaya呀^(努力见院人),27,496706,[等级22],
2026-05-13 23:21:48,3698398913367901,猪蹄,12,496787,[等级5],[粉丝团 Lv1]
2026-05-13 23:21:51,995476919820027,用户2071544391149,30,496920,,
2026-05-13 23:21:54,3698398913367901,猪蹄,24,497021,[等级5],[粉丝团 Lv1]
2026-05-13 23:21:57,2885559110343056,Yaya呀^(努力见院人),24,497128,[等级22],
2026-05-13 23:22:00,3698398913367901,猪蹄,30,497217,[等级5],[粉丝团 Lv1]
2026-05-13 23:22:03,995476919820027,用户2071544391149,30,497327,,
2026-05-13 23:22:06,96821797810,山谷﹏,3,497423,[等级11],
2026-05-13 23:22:09,383061949164483,我布次蒜,3,497545,[等级15],[粉丝团 Lv10]
2026-05-13 23:22:12,96138624730,@金不换,6,497610,[等级8],
2026-05-13 23:22:15,995476919820027,用户2071544391149,27,497714,,
2026-05-13 23:22:18,59626290111,冷月꯭🍒,3,497824,[等级29],[粉丝团 Lv6]
2026-05-13 23:22:21,2885559110343056,Yaya呀^(努力见院人),24,497922,[等级22],
2026-05-13 23:22:25,553743162284375,心心35,6,498017,[等级5],
2026-05-13 23:22:27,995476919820027,用户2071544391149,30,498068,,
2026-05-13 23:22:31,4296526065054868,人生如梦，一转眼过一生,12,498135,,
2026-05-13 23:22:35,57162448228,笑嘻嘻的我,30,498178,[等级12],
2026-05-13 23:22:37,57162448228,笑嘻嘻的我,27,498205,[等级12],
2026-05-13 23:22:39,995476919820027,用户2071544391149,30,498233,,
2026-05-13 23:22:43,2885559110343056,Yaya呀^(努力见院人),21,498295,[等级22],
2026-05-13 23:22:45,57162448228,笑嘻嘻的我,30,498332,[等级12],
2026-05-13 23:22:49,57162448228,笑嘻嘻的我,24,498406,[等级12],
2026-05-13 23:22:51,995476919820027,用户2071544391149,24,498445,,
2026-05-13 23:22:55,59108713247,红茶不茶绿茶茶,24,498493,[等级25],[粉丝团 Lv12]
2026-05-13 23:22:57,995476919820027,用户2071544391149,30,498576,,
2026-05-13 23:23:01,3168126934716519,嘟嘟嘟,6,498664,[等级2],
2026-05-13 23:23:03,2885559110343056,Yaya呀^(努力见院人),24,498699,[等级22],
2026-05-13 23:23:06,383061949164483,我布次蒜,3,498766,[等级15],[粉丝团 Lv10]
2026-05-13 23:23:09,995476919820027,用户2071544391149,30,498889,,
2026-05-13 23:23:13,2458102176691848,堇年,27,499036,[等级12],[粉丝团 Lv10]
2026-05-13 23:23:15,995476919820027,用户2071544391149,27,499143,,
2026-05-13 23:23:19,1540863323540624,用户5735528885032,12,499261,,
2026-05-13 23:23:21,2885559110343056,Yaya呀^(努力见院人),24,499374,[等级22],
2026-05-13 23:23:25,2458102176691848,堇年,24,499482,[等级12],[粉丝团 Lv10]
2026-05-13 23:23:27,995476919820027,用户2071544391149,27,499538,,
2026-05-13 23:23:30,3047482674388180,菜场在逃肥鸡,24,499589,[等级13],[粉丝团 Lv7]
2026-05-13 23:23:33,2885559110343056,Yaya呀^(努力见院人),27,499652,[等级22],
2026-05-13 23:23:37,2458102176691848,堇年,18,499713,[等级12],[粉丝团 Lv10]
2026-05-13 23:23:39,995476919820027,用户2071544391149,30,499755,,
2026-05-13 23:23:42,95077118498,-小何,30,499797,[等级11],[粉丝团 Lv11]
2026-05-13 23:23:45,2885559110343056,Yaya呀^(努力见院人),30,499873,[等级22],
2026-05-13 23:23:48,95077118498,-小何,27,499943,[等级11],[粉丝团 Lv11]
2026-05-13 23:23:51,2885559110343056,Yaya呀^(努力见院人),27,500030,[等级22],
2026-05-13 23:23:55,95077118498,-小何,30,500094,[等级11],[粉丝团 Lv11]
2026-05-13 23:23:57,995476919820027,用户2071544391149,30,500187,,
2026-05-13 23:24:00,95077118498,-小何,27,500241,[等级11],[粉丝团 Lv11]
2026-05-13 23:24:03,995476919820027,用户2071544391149,24,500318,,
2026-05-13 23:24:06,3563979586950376,小兔啵啵咪（回）,6,500367,[等级4],
2026-05-13 23:24:09,995476919820027,用户2071544391149,27,500420,,
2026-05-13 23:24:13,2885559110343056,Yaya呀^(努力见院人),27,500467,[等级22],
2026-05-13 23:24:15,2885559110343056,Yaya呀^(努力见院人),27,500508,[等级22],
2026-05-13 23:24:18,4366886388904142,会飞的鱼,15,500540,,
2026-05-13 23:24:21,995476919820027,用户2071544391149,30,500602,,
2026-05-13 23:24:24,4366886388904142,会飞的鱼,36,500642,,
2026-05-13 23:24:27,995476919820027,用户2071544391149,27,500694,,
2026-05-13 23:24:30,4366886388904142,会飞的鱼,3,500730,,
2026-05-13 23:24:33,995476919820027,用户2071544391149,30,500816,,
2026-05-13 23:24:36,4366886388904142,会飞的鱼,21,500918,,
2026-05-13 23:24:39,2885559110343056,Yaya呀^(努力见院人),27,501034,[等级22],
2026-05-13 23:24:42,4366886388904142,会飞的鱼,33,501154,,
2026-05-13 23:24:45,2885559110343056,Yaya呀^(努力见院人),27,501249,[等级22],
2026-05-13 23:24:49,59402388516,Lazy Cat☞懒猫☜,33,501332,[等级19],[粉丝团 Lv8]
2026-05-13 23:24:51,71126905166,抖音小肋手,15,501406,[等级10],[粉丝团 Lv10]
2026-05-13 23:24:54,59402388516,Lazy Cat☞懒猫☜,6,501460,[等级19],[粉丝团 Lv8]
2026-05-13 23:24:57,2885559110343056,Yaya呀^(努力见院人),27,501515,[等级22],
2026-05-13 23:25:01,2458102176691848,堇年,30,501594,[等级12],[粉丝团 Lv10]
2026-05-13 23:25:03,2885559110343056,Yaya呀^(努力见院人),27,501634,[等级22],
2026-05-13 23:25:07,2458102176691848,堇年,6,501673,[等级12],[粉丝团 Lv10]
2026-05-13 23:25:11,50347196212,开  心,3,501712,[等级43],
2026-05-13 23:25:13,50347196212,开  心,36,501759,[等级43],
2026-05-13 23:25:15,71126905166,抖音小肋手,30,501808,[等级10],[粉丝团 Lv10]
2026-05-13 23:25:19,3563979586950376,小兔啵啵咪（回）,33,501892,[等级4],
2026-05-13 23:25:23,3563979586950376,小兔啵啵咪（回）,33,501977,[等级4],
2026-05-13 23:25:25,553743162284375,心心35,3,502005,[等级5],
2026-05-13 23:25:27,2885559110343056,Yaya呀^(努力见院人),24,502063,[等级22],
2026-05-13 23:25:31,553743162284375,心心35,6,502133,[等级5],
2026-05-13 23:25:33,2885559110343056,Yaya呀^(努力见院人),24,502160,[等级22],
2026-05-13 23:25:38,553743162284375,心心35,6,502211,[等级5],
2026-05-13 23:25:39,383061949164483,我布次蒜,27,502249,[等级15],[粉丝团 Lv10]
2026-05-13 23:25:43,553743162284375,心心35,21,502304,[等级5],
2026-05-13 23:25:45,71126905166,抖音小肋手,27,502358,[等级10],[粉丝团 Lv10]
2026-05-13 23:25:49,1882809950284456,龙_,15,502421,[等级34],[粉丝团 Lv1]
2026-05-13 23:25:51,71126905166,抖音小肋手,3,502454,[等级10],[粉丝团 Lv10]
2026-05-13 23:25:55,68293770353,等日落.,15,502493,[等级11],[粉丝团 Lv9]
2026-05-13 23:25:57,71126905166,抖音小肋手,21,502516,[等级10],[粉丝团 Lv10]
2026-05-13 23:26:00,59402388516,Lazy Cat☞懒猫☜,30,502556,[等级19],[粉丝团 Lv8]
2026-05-13 23:26:03,101502041237,小代💞⁰⁸¹⁴⁹⁷,3,502604,[等级35],[粉丝团 Lv12]
2026-05-13 23:26:06,80408403378,觅食,3,502663,[等级3],
2026-05-13 23:26:09,95522025439,llllllgx,3,502735,[等级2],
2026-05-13 23:26:13,553743162284375,心心35,15,502832,[等级5],
2026-05-13 23:26:15,71126905166,抖音小肋手,27,502891,[等级10],[粉丝团 Lv10]
2026-05-13 23:26:18,3474870783977582,续,36,502993,[等级17],[粉丝团 Lv8]
2026-05-13 23:26:21,71126905166,抖音小肋手,27,503126,[等级10],[粉丝团 Lv10]
2026-05-13 23:26:24,3474870783977582,续,30,503219,[等级17],[粉丝团 Lv8]
2026-05-13 23:26:27,71126905166,抖音小肋手,27,503314,[等级10],[粉丝团 Lv10]
2026-05-13 23:26:30,98714916130,心碎_也完美、,3,503383,[等级11],[粉丝团 Lv9]
2026-05-13 23:26:33,71126905166,抖音小肋手,27,503456,[等级10],[粉丝团 Lv10]
2026-05-13 23:26:36,1267095340586100,齮,12,503527,[等级17],
2026-05-13 23:26:39,100684603651,没事只会躺,27,503602,[等级10],[粉丝团 Lv10]
2026-05-13 23:26:42,2966933437680842,明天再说吧,24,503680,[等级4],[粉丝团 Lv4]
2026-05-13 23:26:45,100684603651,没事只会躺,27,503762,[等级10],[粉丝团 Lv10]
2026-05-13 23:26:49,2458102176691848,堇年,27,503812,[等级12],[粉丝团 Lv10]
2026-05-13 23:26:51,71126905166,抖音小肋手,39,503835,[等级10],[粉丝团 Lv10]
2026-05-13 23:26:55,2579887209070116,英雄本色_,3,503889,[等级6],
2026-05-13 23:26:57,71126905166,抖音小肋手,27,503951,[等级10],[粉丝团 Lv10]
2026-05-13 23:27:01,1267095340586100,齮,33,504023,[等级17],
2026-05-13 23:27:03,71126905166,抖音小肋手,12,504091,[等级10],[粉丝团 Lv10]
2026-05-13 23:27:06,1267095340586100,齮,33,504161,[等级17],
2026-05-13 23:27:10,62841750934,美都,27,504203,[等级5],[粉丝团 Lv5]
2026-05-13 23:27:12,1267095340586100,齮,15,504267,[等级17],
2026-05-13 23:27:15,71126905166,抖音小肋手,30,504337,[等级10],[粉丝团 Lv10]
2026-05-13 23:27:18,79989584505,leixian666666,3,504405,[等级5],[粉丝团 Lv2]
2026-05-13 23:27:21,55396453849949,清琬辞🍒,9,504464,[等级10],[粉丝团 Lv11]
2026-05-13 23:27:24,105392418367,TB12,12,504517,[等级24],[粉丝团 Lv15]
2026-05-13 23:27:27,2458102176691848,堇年,27,504574,[等级12],[粉丝团 Lv10]
2026-05-13 23:27:30,553743162284375,心心35,6,504617,[等级5],
2026-05-13 23:27:34,62841750934,美都,21,504645,[等级5],[粉丝团 Lv5]
2026-05-13 23:27:36,66181160292,无缘亦是缘,3,504699,[等级5],
2026-05-13 23:27:39,2946315483621007,杪諒,6,504781,[等级31],[粉丝团 Lv10]
2026-05-13 23:27:42,356717965360574,普,12,504852,[等级15],[粉丝团 Lv2]
2026-05-13 23:27:45,71126905166,抖音小肋手,27,504914,[等级10],[粉丝团 Lv10]
2026-05-13 23:27:48,84404342817,断雨,30,504993,[等级11],
2026-05-13 23:27:52,71126905166,抖音小肋手,30,505094,[等级10],[粉丝团 Lv10]
2026-05-13 23:27:54,2254452586189767,杨毛奈♥☜♥☞,18,505222,[等级14],[粉丝团 Lv12]
2026-05-13 23:27:57,71126905166,抖音小肋手,30,505388,[等级10],[粉丝团 Lv10]
2026-05-13 23:28:01,84404342817,断雨,30,505529,[等级11],
2026-05-13 23:28:03,71126905166,抖音小肋手,30,505608,[等级10],[粉丝团 Lv10]
2026-05-13 23:28:06,62841750934,美都,24,505676,[等级5],[粉丝团 Lv5]
2026-05-13 23:28:09,71126905166,抖音小肋手,30,505763,[等级10],[粉丝团 Lv10]
2026-05-13 23:28:12,102570339411,🐇,15,505834,[等级33],
2026-05-13 23:28:16,3663228569664605,天空无云,27,505871,[等级15],[粉丝团 Lv11]
2026-05-13 23:28:18,102570339411,🐇,3,505922,[等级33],
2026-05-13 23:28:21,52495544292,玩了个寂寞,39,505996,[等级16],[粉丝团 Lv5]
2026-05-13 23:28:24,59181929044,桃桃桃包🌸,3,506027,[等级4],
2026-05-13 23:28:28,52495544292,玩了个寂寞,39,506053,[等级16],[粉丝团 Lv5]
2026-05-13 23:28:30,104427441690,A洋芋坨坨,3,506074,,
2026-05-13 23:28:34,52495544292,玩了个寂寞,39,506108,[等级16],[粉丝团 Lv5]
2026-05-13 23:28:38,52495544292,玩了个寂寞,6,506144,[等级16],[粉丝团 Lv5]
2026-05-13 23:28:40,3663228569664605,天空无云,36,506166,[等级15],[粉丝团 Lv11]
2026-05-13 23:28:43,553743162284375,心心35,27,506191,[等级5],
2026-05-13 23:28:45,71126905166,抖音小肋手,30,506221,[等级10],[粉丝团 Lv10]
2026-05-13 23:28:48,3509259419266973,人生～如梦,15,506253,[等级1],
2026-05-13 23:28:51,71126905166,抖音小肋手,30,506289,[等级10],[粉丝团 Lv10]
2026-05-13 23:28:54,58835475123,孟醒来的失落,9,506302,[等级21],[粉丝团 Lv14]
2026-05-13 23:28:57,71126905166,抖音小肋手,33,506336,[等级10],[粉丝团 Lv10]
2026-05-13 23:29:00,58835475123,孟醒来的失落,36,506378,[等级21],[粉丝团 Lv14]
2026-05-13 23:29:04,58835475123,孟醒来的失落,30,506440,[等级21],[粉丝团 Lv14]
2026-05-13 23:29:06,58835475123,孟醒来的失落,27,506465,[等级21],[粉丝团 Lv14]
2026-05-13 23:29:11,97937352636,汤圆,36,506494,[等级14],[粉丝团 Lv12]
2026-05-13 23:29:13,97937352636,汤圆,30,506504,[等级14],[粉丝团 Lv12]
2026-05-13 23:29:16,104946961825,序梚,6,506520,[等级9],
2026-05-13 23:29:19,97937352636,汤圆,33,506559,[等级14],[粉丝团 Lv12]
2026-05-13 23:29:21,553743162284375,心心35,21,506585,[等级5],
2026-05-13 23:29:24,3158252784201213,养了只🐏,21,506687,[等级24],[粉丝团 Lv8]
2026-05-13 23:29:27,71126905166,抖音小肋手,27,506735,[等级10],[粉丝团 Lv10]
2026-05-13 23:29:31,3158252784201213,养了只🐏,9,506812,[等级24],[粉丝团 Lv8]
2026-05-13 23:29:34,3695889083534835,Something for.,30,506850,[等级9],
2026-05-13 23:29:36,96235087213,又黑了,3,506869,[等级12],[粉丝团 Lv1]
2026-05-13 23:29:40,3695889083534835,Something for.,30,506891,[等级9],
2026-05-13 23:29:44,71126905166,抖音小肋手,3,506905,[等级10],[粉丝团 Lv10]
2026-05-13 23:29:45,71126905166,抖音小肋手,3,506912,[等级10],[粉丝团 Lv10]
2026-05-13 23:29:48,95732581261,云溪,3,506934,[等级11],[粉丝团 Lv11]
2026-05-13 23:29:51,71126905166,抖音小肋手,15,506949,[等级10],[粉丝团 Lv10]
2026-05-13 23:29:54,3663228569664605,天空无云,45,507005,[等级15],[粉丝团 Lv11]
2026-05-13 23:29:57,71126905166,抖音小肋手,30,507033,[等级10],[粉丝团 Lv10]
2026-05-13 23:30:01,3729131154457799,浅情,27,507053,[等级15],[粉丝团 Lv10]
2026-05-13 23:30:03,71126905166,抖音小肋手,30,507087,[等级10],[粉丝团 Lv10]
2026-05-13 23:30:07,7615988333545931813,ik-🦋,36,507138,,
2026-05-13 23:30:09,71126905166,抖音小肋手,18,507169,[等级10],[粉丝团 Lv10]
2026-05-13 23:30:13,94922972386,她是大大大王,3,507207,[等级18],
2026-05-13 23:30:15,71126905166,抖音小肋手,27,507220,[等级10],[粉丝团 Lv10]
2026-05-13 23:30:19,3663228569664605,天空无云,21,507261,[等级15],[粉丝团 Lv11]
2026-05-13 23:30:21,91621209670,CC –7,33,507299,[等级11],[粉丝团 Lv6]
2026-05-13 23:30:24,1878401758288656,意中人🗡️,3,507341,[等级7],
2026-05-13 23:30:27,91621209670,CC –7,33,507389,[等级11],[粉丝团 Lv6]
2026-05-13 23:30:31,7615988333545931813,ik-🦋,39,507432,,
2026-05-13 23:30:33,91621209670,CC –7,27,507458,[等级11],[粉丝团 Lv6]
2026-05-13 23:30:36,7615988333545931813,ik-🦋,36,507489,,
2026-05-13 23:30:39,91621209670,CC –7,3,507516,[等级11],[粉丝团 Lv6]
2026-05-13 23:30:42,7615988333545931813,ik-🦋,30,507554,,
2026-05-13 23:30:45,91621209670,CC –7,30,507616,[等级11],[粉丝团 Lv6]
2026-05-13 23:30:49,7615988333545931813,ik-🦋,21,507676,,
2026-05-13 23:30:51,91621209670,CC –7,30,507708,[等级11],[粉丝团 Lv6]
2026-05-13 23:30:54,97418182438,联盛智成寄卖行。,3,507757,[等级19],
2026-05-13 23:30:58,1394598503266798,憇小憇,12,507794,[等级21],
2026-05-13 23:31:02,71126905166,抖音小肋手,3,507806,[等级10],[粉丝团 Lv10]
2026-05-13 23:31:03,71126905166,抖音小肋手,30,507819,[等级10],[粉丝团 Lv10]
2026-05-13 23:31:07,100213551751,五仔,18,507863,[等级21],
2026-05-13 23:31:10,108910866821,慢熱潮,42,507912,,
2026-05-13 23:31:14,3695889083534835,Something for.,30,507950,[等级9],
2026-05-13 23:31:15,74708358506,孤傲一世的神,3,507952,[等级20],[粉丝团 Lv10]
2026-05-13 23:31:19,2069754467058576,愿你每天都开心快乐,12,508003,[等级5],
2026-05-13 23:31:22,3426498116332884,07Laa,21,508054,[等级17],[粉丝团 Lv13]
2026-05-13 23:31:24,3053756274981498,自选角度,6,508072,[等级2],[粉丝团 Lv6]
2026-05-13 23:31:28,3695889083534835,Something for.,24,508091,[等级9],
2026-05-13 23:31:30,1895194513901262,陈皮皮⁵¹⁰⁷⁴,3,508108,[等级28],[粉丝团 Lv16]
2026-05-13 23:31:34,3695889083534835,Something for.,30,508132,[等级9],
2026-05-13 23:31:37,87033894748,是渔,18,508155,[等级30],[粉丝团 Lv1]
2026-05-13 23:31:39,2069754467058576,愿你每天都开心快乐,3,508176,[等级5],
2026-05-13 23:31:43,71126905166,抖音小肋手,15,508196,[等级10],[粉丝团 Lv10]
2026-05-13 23:31:45,74708358506,孤傲一世的神,3,508218,[等级20],[粉丝团 Lv10]
2026-05-13 23:31:48,86851801447,梵高不是梵高,18,508251,[等级17],
2026-05-13 23:31:52,1572727415112204,御风客,42,508322,[等级8],[粉丝团 Lv7]
2026-05-13 23:31:54,86851801447,梵高不是梵高,27,508372,[等级17],
2026-05-13 23:31:57,71126905166,抖音小肋手,15,508434,[等级10],[粉丝团 Lv10]
2026-05-13 23:32:00,91676493506,文😘,3,508510,[等级23],[粉丝团 Lv2]
2026-05-13 23:32:04,1572727415112204,御风客,39,508607,[等级8],[粉丝团 Lv7]
2026-05-13 23:32:06,3695889083534835,Something for.,33,508667,[等级9],
2026-05-13 23:32:10,3563979586950376,小兔啵啵咪（回）,36,508754,[等级4],
2026-05-13 23:32:13,61298227981,Qin_G,6,508853,[等级18],[粉丝团 Lv10]
2026-05-13 23:32:15,3314342005063280,姜慕,3,508891,[等级10],
2026-05-13 23:32:19,3563979586950376,小兔啵啵咪（回）,27,508935,[等级4],
2026-05-13 23:32:21,3563979586950376,小兔啵啵咪（回）,3,508948,[等级4],
2026-05-13 23:32:24,108910866821,慢熱潮,12,509001,,
2026-05-13 23:32:27,2312967289047828,…..,21,509052,[等级11],
2026-05-13 23:32:31,2430338774862651,𝓼𝓮𝓪𝓼𝓮𝓪,3,509076,,
2026-05-13 23:32:33,61298227981,Qin_G,3,509117,[等级18],[粉丝团 Lv10]
2026-05-13 23:32:36,108910866821,慢熱潮,30,509180,,
2026-05-13 23:32:39,106679608778,鑫哥,30,509252,[等级16],[粉丝团 Lv1]
2026-05-13 23:32:42,59402388516,Lazy Cat☞懒猫☜,24,509343,[等级19],[粉丝团 Lv8]
2026-05-13 23:32:45,106679608778,鑫哥,30,509452,[等级16],[粉丝团 Lv1]
2026-05-13 23:32:48,2467773960173437,清风与酒,3,509573,[等级19],
2026-05-13 23:32:51,4164582977316036,老骥伏枥,6,509725,[等级7],[粉丝团 Lv7]
2026-05-13 23:32:54,4207174040435181,司晨,18,509839,[等级9],[粉丝团 Lv10]
2026-05-13 23:32:58,106679608778,鑫哥,30,509963,[等级16],[粉丝团 Lv1]
2026-05-13 23:33:00,77369021662,超爱螺蛳粉🍜,21,510084,[等级19],[粉丝团 Lv11]
2026-05-13 23:33:04,4164582977316036,老骥伏枥,27,510210,[等级7],[粉丝团 Lv7]
2026-05-13 23:33:06,2966933437680842,明天再说吧,18,510307,[等级4],[粉丝团 Lv4]
2026-05-13 23:33:09,1917193733835112,菲菲不是公主,30,510450,[等级15],[粉丝团 Lv1]
2026-05-13 23:33:12,2966933437680842,明天再说吧,18,510539,[等级4],[粉丝团 Lv4]
2026-05-13 23:33:15,1917193733835112,菲菲不是公主,15,510633,[等级15],[粉丝团 Lv1]
2026-05-13 23:33:18,4229178197551040,莫,9,510721,[等级2],
2026-05-13 23:33:21,55396453849949,清琬辞🍒,30,510817,[等级10],[粉丝团 Lv11]
2026-05-13 23:33:24,77369021662,超爱螺蛳粉🍜,30,510877,[等级19],[粉丝团 Lv11]
2026-05-13 23:33:27,55396453849949,清琬辞🍒,27,510935,[等级10],[粉丝团 Lv11]
2026-05-13 23:33:30,98590488005,Mr. ☆,9,510995,[等级10],
2026-05-13 23:33:33,55396453849949,清琬辞🍒,27,511061,[等级10],[粉丝团 Lv11]
2026-05-13 23:33:36,4169791179070455,LLLLL,27,511131,[等级2],[粉丝团 Lv2]
2026-05-13 23:33:40,95507451318,溪鱼,36,511208,[等级17],[粉丝团 Lv10]
2026-05-13 23:33:42,111634481580,路人甲人路2017,33,511271,[等级14],[粉丝团 Lv3]
2026-05-13 23:33:45,96996619230,顺风顺水！,3,511306,[等级12],[粉丝团 Lv11]
2026-05-13 23:33:49,95094505033,April amy,27,511378,[等级10],[粉丝团 Lv1]
2026-05-13 23:33:51,2638426362375405,小依,39,511428,[等级15],[粉丝团 Lv11]
2026-05-13 23:33:54,95094505033,April amy,27,511485,[等级10],[粉丝团 Lv1]
2026-05-13 23:33:57,52918385736,困困莓💤,3,511554,[等级21],
2026-05-13 23:34:00,95094505033,April amy,24,511702,[等级10],[粉丝团 Lv1]
2026-05-13 23:34:03,52918385736,困困莓💤,117,511836,[等级21],
2026-05-13 23:34:06,3413334368722349,小阿悄,39,511937,[等级15],[粉丝团 Lv11]
2026-05-13 23:34:09,2638426362375405,小依,30,512020,[等级15],[粉丝团 Lv11]
2026-05-13 23:34:12,77369021662,超爱螺蛳粉🍜,27,512116,[等级19],[粉丝团 Lv11]
2026-05-13 23:34:15,55396453849949,清琬辞🍒,21,512185,[等级10],[粉丝团 Lv11]
2026-05-13 23:34:18,74093762075,热爱健身的小趴菜,12,512279,[等级18],
2026-05-13 23:34:21,2638426362375405,小依,36,512352,[等级15],[粉丝团 Lv11]
2026-05-13 23:34:25,77369021662,超爱螺蛳粉🍜,27,512426,[等级19],[粉丝团 Lv11]
2026-05-13 23:34:27,2638426362375405,小依,45,512481,[等级15],[粉丝团 Lv11]
2026-05-13 23:34:31,111167996121,深山老头,42,512557,[等级32],[粉丝团 Lv16]
2026-05-13 23:34:33,2638426362375405,小依,36,512626,[等级15],[粉丝团 Lv11]
2026-05-13 23:34:37,111167996121,深山老头,45,512696,[等级32],[粉丝团 Lv16]
2026-05-13 23:34:39,66383611138,天气晴,12,512749,[等级5],
2026-05-13 23:34:43,4321256286,有幸遇见妳,3,512817,[等级20],[粉丝团 Lv8]
2026-05-13 23:34:45,66383611138,天气晴,54,512900,[等级5],
2026-05-13 23:34:48,93655749814,阿熏,12,512982,[等级9],[粉丝团 Lv6]
2026-05-13 23:34:51,66383611138,天气晴,24,513058,[等级5],
2026-05-13 23:34:55,93655749814,阿熏,33,513154,[等级9],[粉丝团 Lv6]
2026-05-13 23:34:57,1855600228573933,香烟会说话,3,513240,[等级1],
2026-05-13 23:35:00,85794237251,哇达西哇,3,513358,[等级10],[粉丝团 Lv3]
2026-05-13 23:35:03,66383611138,天气晴,39,513448,[等级5],
2026-05-13 23:35:06,23679741101,睡个好觉 .,3,513571,[等级16],
2026-05-13 23:35:09,66383611138,天气晴,18,513671,[等级5],
2026-05-13 23:35:12,2458102176691848,堇年,18,513787,[等级12],[粉丝团 Lv10]
2026-05-13 23:35:15,66383611138,天气晴,12,513855,[等级5],
2026-05-13 23:35:18,110950640640,haojiu,3,513955,[等级6],[粉丝团 Lv1]
2026-05-13 23:35:21,66383611138,天气晴,9,514051,[等级5],
2026-05-13 23:35:24,2458102176691848,堇年,30,514141,[等级12],[粉丝团 Lv10]
2026-05-13 23:35:27,1855600228573933,香烟会说话,27,514216,[等级1],
2026-05-13 23:35:30,4292134333848712,或许,3,514291,[等级6],
2026-05-13 23:35:33,1855600228573933,香烟会说话,12,514370,[等级1],
2026-05-13 23:35:36,1047183347952088,拾依向暖,3,514434,[等级16],[粉丝团 Lv8]
2026-05-13 23:35:39,93453657507,宏曦,3,514498,[等级27],
2026-05-13 23:35:42,2458102176691848,堇年,27,514558,[等级12],[粉丝团 Lv10]
2026-05-13 23:35:45,7615988333545931813,ik-🦋,9,514623,,
2026-05-13 23:35:48,792061057970573,曲终散ꦿ,33,514692,[等级20],[粉丝团 Lv10]
2026-05-13 23:35:51,7615988333545931813,ik-🦋,6,514747,,
2026-05-13 23:35:54,2458102176691848,堇年,30,514798,[等级12],[粉丝团 Lv10]
2026-05-13 23:35:58,2282213586764443,小炸梦游记,27,514851,[等级11],[粉丝团 Lv7]
2026-05-13 23:36:00,792061057970573,曲终散ꦿ,30,514883,[等级20],[粉丝团 Lv10]
2026-05-13 23:36:04,2282213586764443,小炸梦游记,27,514948,[等级11],[粉丝团 Lv7]
2026-05-13 23:36:07,58233199061,日月大叔,54,515011,[等级16],[粉丝团 Lv2]
2026-05-13 23:36:10,7615988333545931813,ik-🦋,33,515095,,
2026-05-13 23:36:13,58233199061,日月大叔,60,515169,[等级16],[粉丝团 Lv2]
2026-05-13 23:36:15,96360688915,粤香酒厂,3,515234,[等级26],
2026-05-13 23:36:18,792061057970573,曲终散ꦿ,33,515321,[等级20],[粉丝团 Lv10]
2026-05-13 23:36:22,792061057970573,曲终散ꦿ,33,515408,[等级20],[粉丝团 Lv10]
2026-05-13 23:36:25,58233199061,日月大叔,6,515428,[等级16],[粉丝团 Lv2]
2026-05-13 23:36:28,2804201188764443,印度啊三,3,515430,[等级3],
2026-05-13 23:36:32,93687105296,洛皮皮🐻‍❄️⁰⁵⁰³,60,515459,[等级40],[粉丝团:张君雅 Lv17]
2026-05-13 23:36:34,93687105296,洛皮皮🐻‍❄️⁰⁵⁰³,3,515461,[等级40],[粉丝团:张君雅 Lv17]
2026-05-13 23:36:38,2335797820530174,૮⑉･-･⑉ა,6,515465,[等级10],[粉丝团 Lv11]
2026-05-13 23:36:39,2417207102932779,郭先生,3,515470,[等级2],[粉丝团 Lv4]
2026-05-13 23:36:42,7479569473403520060,用户6158499991347,15,515496,,
2026-05-13 23:36:45,93687105296,洛皮皮🐻‍❄️⁰⁵⁰³,45,515548,[等级40],[粉丝团:张君雅 Lv17]
2026-05-13 23:36:49,99780807090,犯困小熊,12,515595,[等级18],[粉丝团 Lv11]
2026-05-13 23:36:51,93687105296,洛皮皮🐻‍❄️⁰⁵⁰³,27,515632,[等级40],[粉丝团:张君雅 Lv17]
2026-05-13 23:36:54,99780807090,犯困小熊,27,515650,[等级18],[粉丝团 Lv11]
2026-05-13 23:36:59,99780807090,犯困小熊,24,515674,[等级18],[粉丝团 Lv11]
2026-05-13 23:37:01,99780807090,犯困小熊,21,515681,[等级18],[粉丝团 Lv11]
2026-05-13 23:37:03,1629949001731619,🐆· 「社会上的边角料.」 🥷,3,515705,[等级23],
2026-05-13 23:37:06,64918869228,☀️猫九🐬,30,515793,[等级18],[粉丝团 Lv3]
2026-05-13 23:37:09,93687105296,洛皮皮🐻‍❄️⁰⁵⁰³,18,515857,[等级40],[粉丝团:张君雅 Lv17]
2026-05-13 23:37:12,64918869228,☀️猫九🐬,30,515957,[等级18],[粉丝团 Lv3]
2026-05-13 23:37:15,93687105296,洛皮皮🐻‍❄️⁰⁵⁰³,21,516059,[等级40],[粉丝团:张君雅 Lv17]
2026-05-13 23:37:18,64918869228,☀️猫九🐬,27,516154,[等级18],[粉丝团 Lv3]
2026-05-13 23:37:21,93687105296,洛皮皮🐻‍❄️⁰⁵⁰³,27,516256,[等级40],[粉丝团:张君雅 Lv17]
2026-05-13 23:37:24,64918869228,☀️猫九🐬,27,516357,[等级18],[粉丝团 Lv3]
2026-05-13 23:37:28,3839143093213086,郭有梦,9,516448,[等级4],[粉丝团 Lv4]
2026-05-13 23:37:30,64918869228,☀️猫九🐬,9,516498,[等级18],[粉丝团 Lv3]
2026-05-13 23:37:33,94884505922,綪哊獨蔠,3,516557,[等级3],[粉丝团 Lv3]
2026-05-13 23:37:36,64918869228,☀️猫九🐬,30,516632,[等级18],[粉丝团 Lv3]
2026-05-13 23:37:40,4341301752630301,沉不陈,3,516741,[等级8],
2026-05-13 23:37:42,64918869228,☀️猫九🐬,27,516809,[等级18],[粉丝团 Lv3]
2026-05-13 23:37:45,77369021662,超爱螺蛳粉🍜,27,516915,[等级19],[粉丝团 Lv11]
2026-05-13 23:37:48,64918869228,☀️猫九🐬,6,516996,[等级18],[粉丝团 Lv3]
2026-05-13 23:37:51,77369021662,超爱螺蛳粉🍜,27,517085,[等级19],[粉丝团 Lv11]
2026-05-13 23:37:54,64918869228,☀️猫九🐬,30,517154,[等级18],[粉丝团 Lv3]
2026-05-13 23:37:57,84534590447,🌈自由风,3,517228,[等级16],[粉丝团 Lv6]
2026-05-13 23:38:01,77369021662,超爱螺蛳粉🍜,24,517326,[等级19],[粉丝团 Lv11]
2026-05-13 23:38:04,77369021662,超爱螺蛳粉🍜,24,517355,[等级19],[粉丝团 Lv11]
2026-05-13 23:38:08,77369021662,超爱螺蛳粉🍜,24,517415,[等级19],[粉丝团 Lv11]
2026-05-13 23:38:10,77369021662,超爱螺蛳粉🍜,24,517443,[等级19],[粉丝团 Lv11]
2026-05-13 23:38:12,792061057970573,曲终散ꦿ,30,517475,[等级20],[粉丝团 Lv10]
2026-05-13 23:38:16,77369021662,超爱螺蛳粉🍜,27,517534,[等级19],[粉丝团 Lv11]
2026-05-13 23:38:18,64918869228,☀️猫九🐬,3,517563,[等级18],[粉丝团 Lv3]
2026-05-13 23:38:22,61088081565,精彩人生,30,517633,[等级20],[粉丝团 Lv13]
2026-05-13 23:38:24,64918869228,☀️猫九🐬,30,517687,[等级18],[粉丝团 Lv3]
2026-05-13 23:38:28,61088081565,精彩人生,30,517760,[等级20],[粉丝团 Lv13]
2026-05-13 23:38:30,64918869228,☀️猫九🐬,27,517810,[等级18],[粉丝团 Lv3]
2026-05-13 23:38:33,1560954851308167,壹壹呀一一🍒,36,517893,[等级7],[粉丝团 Lv9]
2026-05-13 23:38:36,64918869228,☀️猫九🐬,3,518022,[等级18],[粉丝团 Lv3]
2026-05-13 23:38:39,1560954851308167,壹壹呀一一🍒,33,518132,[等级7],[粉丝团 Lv9]
2026-05-13 23:38:43,1560954851308167,壹壹呀一一🍒,36,518207,[等级7],[粉丝团 Lv9]
2026-05-13 23:38:45,1560954851308167,壹壹呀一一🍒,33,518242,[等级7],[粉丝团 Lv9]
2026-05-13 23:38:49,1560954851308167,壹壹呀一一🍒,33,518343,[等级7],[粉丝团 Lv9]
2026-05-13 23:38:51,111437968230,心中的海,18,518382,[等级6],
2026-05-13 23:38:55,1560954851308167,壹壹呀一一🍒,33,518444,[等级7],[粉丝团 Lv9]
2026-05-13 23:38:57,2946315483621007,杪諒,6,518466,[等级31],[粉丝团 Lv10]
2026-05-13 23:39:01,1560954851308167,壹壹呀一一🍒,36,518528,[等级7],[粉丝团 Lv9]
2026-05-13 23:39:03,1560954851308167,壹壹呀一一🍒,33,518573,[等级7],[粉丝团 Lv9]
2026-05-13 23:39:07,3053756274981498,自选角度,3,518641,[等级2],[粉丝团 Lv6]
2026-05-13 23:39:09,101750708991,Liquor.,9,518690,[等级14],[粉丝团 Lv10]
2026-05-13 23:39:13,1560954851308167,壹壹呀一一🍒,33,518755,[等级7],[粉丝团 Lv9]
2026-05-13 23:39:15,111437968230,心中的海,36,518797,[等级6],
2026-05-13 23:39:18,109997746036,小飞猪🐷,3,518831,[等级16],
2026-05-13 23:39:21,111437968230,心中的海,27,518895,[等级6],
2026-05-13 23:39:24,4438093509962792,可以长寿的益生杆菌菌👻,9,518930,[等级10],[粉丝团 Lv10]
2026-05-13 23:39:28,1560954851308167,壹壹呀一一🍒,36,519004,[等级7],[粉丝团 Lv9]
2026-05-13 23:39:30,7615988333545931813,ik-🦋,27,519048,,
2026-05-13 23:39:33,2946315483621007,杪諒,3,519123,[等级31],[粉丝团 Lv10]
2026-05-13 23:39:36,104890214626,林夕…,9,519193,[等级17],[粉丝团 Lv3]
2026-05-13 23:39:40,111437968230,心中的海,6,519262,[等级6],
2026-05-13 23:39:42,7615988333545931813,ik-🦋,36,519352,,
2026-05-13 23:39:46,111437968230,心中的海,24,519426,[等级6],
2026-05-13 23:39:48,99516059545,🐅  🐾,6,519500,,
2026-05-13 23:39:52,111437968230,心中的海,15,519570,[等级6],
2026-05-13 23:39:54,99516059545,🐅  🐾,3,519645,,
2026-05-13 23:39:57,111437968230,心中的海,18,519737,[等级6],
2026-05-13 23:40:01,100176097018,无极,21,519809,[等级18],
2026-05-13 23:40:03,111437968230,心中的海,18,519908,[等级6],
2026-05-13 23:40:07,7615988333545931813,ik-🦋,33,519982,,
2026-05-13 23:40:09,111437968230,心中的海,30,520065,[等级6],
2026-05-13 23:40:13,7615988333545931813,ik-🦋,21,520107,,
2026-05-13 23:40:15,400686822466683,Ladybug,48,520192,[等级7],
2026-05-13 23:40:19,7615988333545931813,ik-🦋,30,520256,,
2026-05-13 23:40:21,111437968230,心中的海,30,520321,[等级6],
2026-05-13 23:40:25,61489223629,爱搓灰.,9,520381,[等级15],
2026-05-13 23:40:27,111437968230,心中的海,27,520472,[等级6],
2026-05-13 23:40:31,52495544292,玩了个寂寞,15,520524,[等级16],[粉丝团 Lv5]
2026-05-13 23:40:33,111437968230,心中的海,18,520576,[等级6],
2026-05-13 23:40:36,111202910732,吾乃宇智波。。,30,520644,[等级1],
2026-05-13 23:40:40,111437968230,心中的海,15,520698,[等级6],
2026-05-13 23:40:42,69421273183,Zz,3,520749,[等级30],
2026-05-13 23:40:46,111437968230,心中的海,24,520818,[等级6],
2026-05-13 23:40:49,111202910732,吾乃宇智波。。,21,520897,[等级1],
2026-05-13 23:40:51,111437968230,心中的海,12,520953,[等级6],
2026-05-13 23:40:55,7615988333545931813,ik-🦋,3,521030,,
2026-05-13 23:40:58,1904810708450736,不善于表达,12,521063,[等级11],
2026-05-13 23:41:01,51481051081,不提帕美不改名,3,521114,[等级9],
2026-05-13 23:41:03,111437968230,心中的海,9,521148,[等级6],
2026-05-13 23:41:07,111437968230,心中的海,12,521200,[等级6],
2026-05-13 23:41:09,61298227981,Qin_G,6,521233,[等级18],[粉丝团 Lv10]
2026-05-13 23:41:12,1560954851308167,壹壹呀一一🍒,36,521259,[等级7],[粉丝团 Lv9]
2026-05-13 23:41:15,111437968230,心中的海,9,521319,[等级6],
2026-05-13 23:41:18,1560954851308167,壹壹呀一一🍒,33,521365,[等级7],[粉丝团 Lv9]
2026-05-13 23:41:21,105392418367,TB12,21,521427,[等级24],[粉丝团 Lv15]
2026-05-13 23:41:24,93655749814,阿熏,36,521497,[等级9],[粉丝团 Lv6]
2026-05-13 23:41:27,111437968230,心中的海,6,521576,[等级6],
2026-05-13 23:41:30,132361882707101,闷油瓶,3,521641,[等级1],
2026-05-13 23:41:33,111437968230,心中的海,3,521702,[等级6],
2026-05-13 23:41:36,1560954851308167,壹壹呀一一🍒,33,521767,[等级7],[粉丝团 Lv9]
2026-05-13 23:41:39,111437968230,心中的海,3,521820,[等级6],
2026-05-13 23:41:42,93655749814,阿熏,27,521897,[等级9],[粉丝团 Lv6]
2026-05-13 23:41:45,811861643100228,ㅤ哭,12,521955,[等级4],
2026-05-13 23:41:48,1560954851308167,壹壹呀一一🍒,33,522020,[等级7],[粉丝团 Lv9]
2026-05-13 23:41:52,111437968230,心中的海,6,522067,[等级6],
2026-05-13 23:41:54,94572055348,小輝哥🇨🇳,3,522113,[等级12],
2026-05-13 23:41:58,61088081565,精彩人生,30,522167,[等级20],[粉丝团 Lv13]
2026-05-13 23:42:00,1560954851308167,壹壹呀一一🍒,36,522225,[等级7],[粉丝团 Lv9]
2026-05-13 23:42:04,111437968230,心中的海,12,522271,[等级6],
2026-05-13 23:42:06,1560954851308167,壹壹呀一一🍒,36,522329,[等级7],[粉丝团 Lv9]
2026-05-13 23:42:09,111437968230,心中的海,3,522374,[等级6],
2026-05-13 23:42:13,1560954851308167,壹壹呀一一🍒,36,522410,[等级7],[粉丝团 Lv9]
2026-05-13 23:42:15,111437968230,心中的海,6,522463,[等级6],
2026-05-13 23:42:18,93889430072,🌈众达足浴沙发工厂,45,522538,[等级8],
2026-05-13 23:42:21,111437968230,心中的海,3,522625,[等级6],
2026-05-13 23:42:24,93889430072,🌈众达足浴沙发工厂,15,522689,[等级8],
2026-05-13 23:42:27,111437968230,心中的海,6,522758,[等级6],
2026-05-13 23:42:31,93889430072,🌈众达足浴沙发工厂,45,522831,[等级8],
2026-05-13 23:42:33,1560954851308167,壹壹呀一一🍒,36,522885,[等级7],[粉丝团 Lv9]
2026-05-13 23:42:36,101859906957,十一,3,522950,[等级7],
2026-05-13 23:42:40,1249462471389773,小王的朋友圈（2.2）,6,522996,[等级18],
2026-05-13 23:42:42,1560954851308167,壹壹呀一一🍒,36,523065,[等级7],[粉丝团 Lv9]
2026-05-13 23:42:45,111437968230,心中的海,6,523117,[等级6],
2026-05-13 23:42:49,111202910732,吾乃宇智波。。,30,523199,[等级1],
2026-05-13 23:42:52,106076338972,🐼吖,3,523253,[等级25],
2026-05-13 23:42:55,111202910732,吾乃宇智波。。,30,523328,[等级1],
2026-05-13 23:42:57,52495544292,玩了个寂寞,27,523371,[等级16],[粉丝团 Lv5]
2026-05-13 23:43:01,111202910732,吾乃宇智波。。,12,523446,[等级1],
2026-05-13 23:43:03,105767518366,花簇,3,523471,[等级9],
2026-05-13 23:43:07,1560954851308167,壹壹呀一一🍒,36,523513,[等级7],[粉丝团 Lv9]
2026-05-13 23:43:09,111437968230,心中的海,9,523541,[等级6],
2026-05-13 23:43:13,1560954851308167,壹壹呀一一🍒,33,523604,[等级7],[粉丝团 Lv9]
2026-05-13 23:43:15,111437968230,心中的海,12,523657,[等级6],
2026-05-13 23:43:19,1560954851308167,壹壹呀一一🍒,36,523747,[等级7],[粉丝团 Lv9]
2026-05-13 23:43:21,52495544292,玩了个寂寞,27,523789,[等级16],[粉丝团 Lv5]
2026-05-13 23:43:25,88428108058477,跳过,3,523841,[等级5],[粉丝团 Lv5]
2026-05-13 23:43:27,4308308980156650,睡不醒的猫咪,12,523909,[等级3],[粉丝团 Lv7]
2026-05-13 23:43:31,1368229281802158,扶摇直上,3,523979,[等级3],[粉丝团 Lv4]
2026-05-13 23:43:34,7615988333545931813,ik-🦋,33,524026,,
2026-05-13 23:43:37,52495544292,玩了个寂寞,33,524085,[等级16],[粉丝团 Lv5]
2026-05-13 23:43:39,52495544292,玩了个寂寞,24,524117,[等级16],[粉丝团 Lv5]
2026-05-13 23:43:43,52495544292,玩了个寂寞,24,524185,[等级16],[粉丝团 Lv5]
2026-05-13 23:43:45,1560954851308167,壹壹呀一一🍒,39,524211,[等级7],[粉丝团 Lv9]
2026-05-13 23:43:49,1560954851308167,壹壹呀一一🍒,33,524239,[等级7],[粉丝团 Lv9]
2026-05-13 23:43:51,1560954851308167,壹壹呀一一🍒,33,524252,[等级7],[粉丝团 Lv9]
2026-05-13 23:43:55,1560954851308167,壹壹呀一一🍒,33,524274,[等级7],[粉丝团 Lv9]
2026-05-13 23:43:57,1560954851308167,壹壹呀一一🍒,33,524289,[等级7],[粉丝团 Lv9]
2026-05-13 23:44:01,111202910732,吾乃宇智波。。,30,524334,[等级1],
2026-05-13 23:44:03,1560954851308167,壹壹呀一一🍒,33,524360,[等级7],[粉丝团 Lv9]
2026-05-13 23:44:07,111202910732,吾乃宇智波。。,30,524403,[等级1],
2026-05-13 23:44:09,1560954851308167,壹壹呀一一🍒,33,524426,[等级7],[粉丝团 Lv9]
2026-05-13 23:44:12,7615988333545931813,ik-🦋,36,524469,,
2026-05-13 23:44:16,1560954851308167,壹壹呀一一🍒,33,524522,[等级7],[粉丝团 Lv9]
2026-05-13 23:44:18,7615988333545931813,ik-🦋,33,524589,,
2026-05-13 23:44:21,1560954851308167,壹壹呀一一🍒,36,524688,[等级7],[粉丝团 Lv9]
2026-05-13 23:44:24,7615988333545931813,ik-🦋,30,524744,,
2026-05-13 23:44:27,1560954851308167,壹壹呀一一🍒,33,524813,[等级7],[粉丝团 Lv9]
2026-05-13 23:44:30,7615988333545931813,ik-🦋,18,524853,,
2026-05-13 23:44:33,1560954851308167,壹壹呀一一🍒,36,524926,[等级7],[粉丝团 Lv9]
2026-05-13 23:44:36,7615988333545931813,ik-🦋,12,524970,,
2026-05-13 23:44:39,1560954851308167,壹壹呀一一🍒,33,525035,[等级7],[粉丝团 Lv9]
2026-05-13 23:44:42,7615988333545931813,ik-🦋,27,525064,,
2026-05-13 23:44:45,1560954851308167,壹壹呀一一🍒,33,525100,[等级7],[粉丝团 Lv9]
2026-05-13 23:44:48,7615988333545931813,ik-🦋,24,525135,,
2026-05-13 23:44:51,78319275850,W·Feb²²Pis,9,525213,[等级29],[粉丝团 Lv13]
2026-05-13 23:44:54,7615988333545931813,ik-🦋,30,525260,,
2026-05-13 23:44:58,1560954851308167,壹壹呀一一🍒,36,525316,[等级7],[粉丝团 Lv9]
2026-05-13 23:45:00,7615988333545931813,ik-🦋,33,525368,,
2026-05-13 23:45:04,1560954851308167,壹壹呀一一🍒,33,525422,[等级7],[粉丝团 Lv9]
2026-05-13 23:45:06,7615988333545931813,ik-🦋,30,525479,,
2026-05-13 23:45:10,1560954851308167,壹壹呀一一🍒,33,525574,[等级7],[粉丝团 Lv9]
2026-05-13 23:45:12,1631279718334733,唯时代尔,6,525670,[等级9],[粉丝团 Lv7]
2026-05-13 23:45:15,96362302466,桃子晚晚,9,525880,[等级8],[粉丝团 Lv9]
2026-05-13 23:45:18,72382242980,炸蛋螺蛳粉,36,526233,[等级13],
2026-05-13 23:45:22,104640667169,Chajiaying,33,526689,[等级6],
2026-05-13 23:45:24,1143959295887229,没关系,30,527103,[等级14],[粉丝团 Lv9]
2026-05-13 23:45:27,96362302466,桃子晚晚,33,527554,[等级8],[粉丝团 Lv9]
2026-05-13 23:45:30,1143959295887229,没关系,36,527968,[等级14],[粉丝团 Lv9]
2026-05-13 23:45:33,93655749814,阿熏,27,528367,[等级9],[粉丝团 Lv6]
2026-05-13 23:45:36,2977910733944259,苍海一声笑,33,528734,[等级14],[粉丝团 Lv5]
2026-05-13 23:45:39,3421277643605727,用户9524906539807,30,529099,[等级8],[粉丝团 Lv2]
2026-05-13 23:45:42,1182711095769048,陕A,3,529419,[等级11],[粉丝团 Lv11]
2026-05-13 23:45:45,96362302466,桃子晚晚,18,529714,[等级8],[粉丝团 Lv9]
2026-05-13 23:45:48,111437968230,心中的海,24,529992,[等级6],
2026-05-13 23:45:51,64331589731,香橙好吃嘛,27,530255,[等级9],[粉丝团 Lv10]
2026-05-13 23:45:54,111437968230,心中的海,6,530426,[等级6],
2026-05-13 23:45:57,96362302466,桃子晚晚,33,530612,[等级8],[粉丝团 Lv9]
2026-05-13 23:46:00,111437968230,心中的海,21,530861,[等级6],
2026-05-13 23:46:03,96362302466,桃子晚晚,33,531110,[等级8],[粉丝团 Lv9]
2026-05-13 23:46:06,111437968230,心中的海,30,531369,[等级6],
2026-05-13 23:46:09,96362302466,桃子晚晚,33,531602,[等级8],[粉丝团 Lv9]
2026-05-13 23:46:12,2977910733944259,苍海一声笑,36,531813,[等级14],[粉丝团 Lv5]
2026-05-13 23:46:16,78267720770,龍⁵¹⁰⁷⁴,75,531962,[等级28],[粉丝团 Lv15]
2026-05-13 23:46:18,2977910733944259,苍海一声笑,36,532136,[等级14],[粉丝团 Lv5]
2026-05-13 23:46:21,99040073793,rrrrerrrr_rrrrrereer,24,532254,[等级2],
2026-05-13 23:46:25,1143959295887229,没关系,36,532412,[等级14],[粉丝团 Lv9]
2026-05-13 23:46:27,96362302466,桃子晚晚,15,532535,[等级8],[粉丝团 Lv9]
2026-05-13 23:46:31,1143959295887229,没关系,33,532705,[等级14],[粉丝团 Lv9]
2026-05-13 23:46:33,96362302466,桃子晚晚,30,532845,[等级8],[粉丝团 Lv9]
2026-05-13 23:46:37,64331589731,香橙好吃嘛,27,532996,[等级9],[粉丝团 Lv10]
2026-05-13 23:46:39,55396453849949,清琬辞🍒,27,533100,[等级10],[粉丝团 Lv11]
2026-05-13 23:46:43,3661810254748004,名字不好起,3,533323,[等级9],[粉丝团 Lv8]
2026-05-13 23:46:45,96362302466,桃子晚晚,21,533469,[等级8],[粉丝团 Lv9]
2026-05-13 23:46:48,62476528203,1994。,9,533691,[等级4],
2026-05-13 23:46:51,96362302466,桃子晚晚,33,533894,[等级8],[粉丝团 Lv9]
2026-05-13 23:46:54,1560954851308167,壹壹呀一一🍒,30,534088,[等级7],[粉丝团 Lv9]
2026-05-13 23:46:57,64331589731,香橙好吃嘛,24,534332,[等级9],[粉丝团 Lv10]
2026-05-13 23:47:00,1560954851308167,壹壹呀一一🍒,33,534532,[等级7],[粉丝团 Lv9]
2026-05-13 23:47:03,65996994135,小汤,30,534743,[等级20],
2026-05-13 23:47:06,1560954851308167,壹壹呀一一🍒,33,534909,[等级7],[粉丝团 Lv9]
2026-05-13 23:47:09,64331589731,香橙好吃嘛,27,535142,[等级9],[粉丝团 Lv10]
2026-05-13 23:47:12,1560954851308167,壹壹呀一一🍒,36,535335,[等级7],[粉丝团 Lv9]
2026-05-13 23:47:15,55396453849949,清琬辞🍒,24,535552,[等级10],[粉丝团 Lv11]
2026-05-13 23:47:18,71328393423,🌈壹惗🌈🌈🌈,36,535703,[等级27],[粉丝团 Lv12]
2026-05-13 23:47:21,99040073793,rrrrerrrr_rrrrrereer,3,535870,[等级2],
2026-05-13 23:47:24,1560954851308167,壹壹呀一一🍒,33,535996,[等级7],[粉丝团 Lv9]
2026-05-13 23:47:27,71328393423,🌈壹惗🌈🌈🌈,36,536147,[等级27],[粉丝团 Lv12]
2026-05-13 23:47:30,1560954851308167,壹壹呀一一🍒,33,536286,[等级7],[粉丝团 Lv9]
2026-05-13 23:47:33,98055711223,এ Xing王Ming凯,15,536418,[等级23],[粉丝团 Lv8]
2026-05-13 23:47:37,101013997579,张,3,536587,[等级19],[粉丝团 Lv4]
2026-05-13 23:47:39,96362302466,桃子晚晚,12,536666,[等级8],[粉丝团 Lv9]
2026-05-13 23:47:43,78267720770,龍⁵¹⁰⁷⁴,60,536829,[等级28],[粉丝团 Lv15]
2026-05-13 23:47:45,2679973872620,念你,24,536937,[等级4],
2026-05-13 23:47:48,2401798056850606,啊花喔,27,537050,[等级5],
2026-05-13 23:47:51,96362302466,桃子晚晚,30,537202,[等级8],[粉丝团 Lv9]
2026-05-13 23:47:54,2401798056850606,啊花喔,27,537295,[等级5],
2026-05-13 23:47:57,96362302466,桃子晚晚,30,537396,[等级8],[粉丝团 Lv9]
2026-05-13 23:48:00,2401798056850606,啊花喔,24,537510,[等级5],
2026-05-13 23:48:03,96362302466,桃子晚晚,30,537652,[等级8],[粉丝团 Lv9]
2026-05-13 23:48:06,2401798056850606,啊花喔,27,537809,[等级5],
2026-05-13 23:48:09,2679973872620,念你,24,537965,[等级4],
2026-05-13 23:48:12,2401798056850606,啊花喔,27,538106,[等级5],
2026-05-13 23:48:15,96362302466,桃子晚晚,30,538237,[等级8],[粉丝团 Lv9]
2026-05-13 23:48:18,2401798056850606,啊花喔,24,538375,[等级5],
2026-05-13 23:48:21,96362302466,桃子晚晚,30,538510,[等级8],[粉丝团 Lv9]
2026-05-13 23:48:24,2401798056850606,啊花喔,27,538711,[等级5],
2026-05-13 23:48:27,96362302466,桃子晚晚,21,538882,[等级8],[粉丝团 Lv9]
2026-05-13 23:48:30,2401798056850606,啊花喔,24,539104,[等级5],
2026-05-13 23:48:33,96362302466,桃子晚晚,30,539286,[等级8],[粉丝团 Lv9]
2026-05-13 23:48:36,2401798056850606,啊花喔,24,539487,[等级5],
2026-05-13 23:48:39,96362302466,桃子晚晚,18,539622,[等级8],[粉丝团 Lv9]
2026-05-13 23:48:42,97810010245,禹墨,69,539822,[等级18],
2026-05-13 23:48:45,2679973872620,念你,30,539980,[等级4],
2026-05-13 23:48:48,97810010245,禹墨,30,540094,[等级18],
2026-05-13 23:48:51,1811628647529576,老张了嘞,27,540257,[等级8],[粉丝团 Lv9]
2026-05-13 23:48:55,2401798056850606,啊花喔,30,540418,[等级5],
2026-05-13 23:48:57,96362302466,桃子晚晚,12,540535,[等级8],[粉丝团 Lv9]
2026-05-13 23:49:01,2401798056850606,啊花喔,24,540732,[等级5],
2026-05-13 23:49:03,7615988333545931813,ik-🦋,30,540918,,
2026-05-13 23:49:07,2401798056850606,啊花喔,24,541058,[等级5],
2026-05-13 23:49:09,96362302466,桃子晚晚,24,541215,[等级8],[粉丝团 Lv9]
2026-05-13 23:49:12,2401798056850606,啊花喔,24,541404,[等级5],
2026-05-13 23:49:15,7615988333545931813,ik-🦋,18,541552,,
2026-05-13 23:49:18,81796726684,。,27,541741,[等级12],[粉丝团 Lv7]
2026-05-13 23:49:21,96362302466,桃子晚晚,3,541914,[等级8],[粉丝团 Lv9]
2026-05-13 23:49:24,66772468877,满满金,18,542115,[等级15],[粉丝团 Lv11]
2026-05-13 23:49:27,96362302466,桃子晚晚,30,542246,[等级8],[粉丝团 Lv9]
2026-05-13 23:49:30,2401798056850606,啊花喔,21,542375,[等级5],
2026-05-13 23:49:33,96362302466,桃子晚晚,27,542522,[等级8],[粉丝团 Lv9]
2026-05-13 23:49:36,62130220363,周周不睡觉🍓,9,542669,[等级24],[粉丝团 Lv4]
2026-05-13 23:49:39,1961173198831735,XIK,3,542907,[等级7],
2026-05-13 23:49:42,62130220363,周周不睡觉🍓,36,543091,[等级24],[粉丝团 Lv4]
2026-05-13 23:49:46,2885559110343056,Yaya呀^(努力见院人),27,543267,[等级22],
2026-05-13 23:49:49,4003784575202448,起风了,3,543430,,
2026-05-13 23:49:52,7615988333545931813,ik-🦋,30,543555,,
2026-05-13 23:49:55,1684058304681044,声优乐美,3,543619,[等级1],
2026-05-13 23:49:57,2885559110343056,Yaya呀^(努力见院人),33,543735,[等级22],
2026-05-13 23:50:01,2529307639167710,老baby💫,6,543797,[等级29],[粉丝团 Lv11]
2026-05-13 23:50:03,97810010245,禹墨,81,543918,[等级18],
2026-05-13 23:50:06,699761644802765,小张记性不好,24,543986,[等级18],
2026-05-13 23:50:09,97810010245,禹墨,21,544109,[等级18],
2026-05-13 23:50:13,78267720770,龍⁵¹⁰⁷⁴,66,544234,[等级28],[粉丝团 Lv15]
2026-05-13 23:50:15,96362302466,桃子晚晚,3,544302,[等级8],[粉丝团 Lv9]
2026-05-13 23:50:18,111202910732,吾乃宇智波。。,36,544427,[等级1],
2026-05-13 23:50:21,96362302466,桃子晚晚,30,544501,[等级8],[粉丝团 Lv9]
2026-05-13 23:50:24,111202910732,吾乃宇智波。。,33,544603,[等级1],
2026-05-13 23:50:27,96362302466,桃子晚晚,27,544667,[等级8],[粉丝团 Lv9]
2026-05-13 23:50:30,58750942571,412,39,544739,[等级20],[粉丝团 Lv9]
2026-05-13 23:50:33,96362302466,桃子晚晚,9,544857,[等级8],[粉丝团 Lv9]
2026-05-13 23:50:36,2529307639167710,老baby💫,36,544972,[等级29],[粉丝团 Lv11]
2026-05-13 23:50:39,2885559110343056,Yaya呀^(努力见院人),33,545047,[等级22],
2026-05-13 23:50:42,58750942571,412,36,545116,[等级20],[粉丝团 Lv9]
2026-05-13 23:50:45,2885559110343056,Yaya呀^(努力见院人),33,545216,[等级22],
2026-05-13 23:50:48,58750942571,412,36,545288,[等级20],[粉丝团 Lv9]
2026-05-13 23:50:52,2885559110343056,Yaya呀^(努力见院人),30,545382,[等级22],
2026-05-13 23:50:54,58750942571,412,36,545479,[等级20],[粉丝团 Lv9]
2026-05-13 23:50:57,96362302466,桃子晚晚,27,545567,[等级8],[粉丝团 Lv9]
2026-05-13 23:51:00,58750942571,412,36,545648,[等级20],[粉丝团 Lv9]
2026-05-13 23:51:03,96362302466,桃子晚晚,30,545741,[等级8],[粉丝团 Lv9]
2026-05-13 23:51:06,58750942571,412,33,545833,[等级20],[粉丝团 Lv9]
2026-05-13 23:51:09,96362302466,桃子晚晚,18,545901,[等级8],[粉丝团 Lv9]
2026-05-13 23:51:12,58750942571,412,33,545966,[等级20],[粉丝团 Lv9]
2026-05-13 23:51:15,96362302466,桃子晚晚,33,546034,[等级8],[粉丝团 Lv9]
2026-05-13 23:51:18,58750942571,412,33,546101,[等级20],[粉丝团 Lv9]
2026-05-13 23:51:21,2885559110343056,Yaya呀^(努力见院人),33,546144,[等级22],
2026-05-13 23:51:25,58750942571,412,36,546210,[等级20],[粉丝团 Lv9]
2026-05-13 23:51:27,96362302466,桃子晚晚,33,546281,[等级8],[粉丝团 Lv9]
2026-05-13 23:51:30,58750942571,412,36,546364,[等级20],[粉丝团 Lv9]
2026-05-13 23:51:33,96362302466,桃子晚晚,33,546428,[等级8],[粉丝团 Lv9]
2026-05-13 23:51:36,2173074863040300,清瑜,3,546492,[等级15],[粉丝团 Lv11]
2026-05-13 23:51:39,96362302466,桃子晚晚,21,546537,[等级8],[粉丝团 Lv9]
2026-05-13 23:51:42,2524100553085527,别丢你的开心,42,546598,,
2026-05-13 23:51:45,2885559110343056,Yaya呀^(努力见院人),33,546645,[等级22],
2026-05-13 23:51:48,58750942571,412,36,546722,[等级20],[粉丝团 Lv9]
2026-05-13 23:51:51,96362302466,桃子晚晚,27,546799,[等级8],[粉丝团 Lv9]
2026-05-13 23:51:54,198333566555517,总裁,6,546850,[等级15],[粉丝团 Lv7]
2026-05-13 23:51:57,96362302466,桃子晚晚,36,546914,[等级8],[粉丝团 Lv9]
2026-05-13 23:52:01,74306352252,鲁先森,3,546984,[等级25],
2026-05-13 23:52:03,96362302466,桃子晚晚,15,547044,[等级8],[粉丝团 Lv9]
2026-05-13 23:52:07,74306427900,Summer,12,547123,[等级7],
2026-05-13 23:52:09,96362302466,桃子晚晚,12,547201,[等级8],[粉丝团 Lv9]
2026-05-13 23:52:13,58750942571,412,36,547283,[等级20],[粉丝团 Lv9]
2026-05-13 23:52:15,2885559110343056,Yaya呀^(努力见院人),33,547327,[等级22],
2026-05-13 23:52:19,1684058304681044,声优乐美,3,547379,[等级1],
2026-05-13 23:52:21,2885559110343056,Yaya呀^(努力见院人),33,547418,[等级22],
2026-05-13 23:52:25,58750942571,412,36,547471,[等级20],[粉丝团 Lv9]
2026-05-13 23:52:27,99126509311,@团长,6,547517,[等级21],[粉丝团 Lv4]
2026-05-13 23:52:31,3931498414622487,怕冷的小蜗牛,3,547582,[等级14],[粉丝团 Lv11]
2026-05-13 23:52:33,2885559110343056,Yaya呀^(努力见院人),30,547622,[等级22],
2026-05-13 23:52:37,58750942571,412,30,547679,[等级20],[粉丝团 Lv9]
2026-05-13 23:52:40,2885559110343056,Yaya呀^(努力见院人),33,547715,[等级22],
2026-05-13 23:52:43,58750942571,412,33,547768,[等级20],[粉丝团 Lv9]
2026-05-13 23:52:45,96362302466,桃子晚晚,24,547809,[等级8],[粉丝团 Lv9]
2026-05-13 23:52:49,58750942571,412,33,547863,[等级20],[粉丝团 Lv9]
2026-05-13 23:52:51,96362302466,桃子晚晚,27,547893,[等级8],[粉丝团 Lv9]
2026-05-13 23:52:54,2885559110343056,Yaya呀^(努力见院人),33,547965,[等级22],
2026-05-13 23:52:57,105392418367,TB12,3,548040,[等级24],[粉丝团 Lv15]
2026-05-13 23:53:00,2885559110343056,Yaya呀^(努力见院人),30,548102,[等级22],
2026-05-13 23:53:03,96362302466,桃子晚晚,24,548155,[等级8],[粉丝团 Lv9]
2026-05-13 23:53:07,58750942571,412,36,548181,[等级20],[粉丝团 Lv9]
2026-05-13 23:53:11,58750942571,412,33,548205,[等级20],[粉丝团 Lv9]
2026-05-13 23:53:12,2885559110343056,Yaya呀^(努力见院人),3,548206,[等级22],
2026-05-13 23:53:15,58750942571,412,33,548250,[等级20],[粉丝团 Lv9]
2026-05-13 23:53:18,2885559110343056,Yaya呀^(努力见院人),30,548294,[等级22],
2026-05-13 23:53:21,58750942571,412,33,548336,[等级20],[粉丝团 Lv9]
2026-05-13 23:53:24,2885559110343056,Yaya呀^(努力见院人),30,548381,[等级22],
2026-05-13 23:53:27,96362302466,桃子晚晚,36,548438,[等级8],[粉丝团 Lv9]
2026-05-13 23:53:30,2885559110343056,Yaya呀^(努力见院人),33,548489,[等级22],
2026-05-13 23:53:33,96362302466,桃子晚晚,6,548545,[等级8],[粉丝团 Lv9]
2026-05-13 23:53:36,2885559110343056,Yaya呀^(努力见院人),30,548573,[等级22],
2026-05-13 23:53:39,58750942571,412,33,548618,[等级20],[粉丝团 Lv9]
2026-05-13 23:53:43,2885559110343056,Yaya呀^(努力见院人),30,548677,[等级22],
2026-05-13 23:53:45,96362302466,桃子晚晚,9,548731,[等级8],[粉丝团 Lv9]
2026-05-13 23:53:48,2885559110343056,Yaya呀^(努力见院人),33,548770,[等级22],
2026-05-13 23:53:51,96362302466,桃子晚晚,27,548827,[等级8],[粉丝团 Lv9]
2026-05-13 23:53:54,2885559110343056,Yaya呀^(努力见院人),36,548929,[等级22],
2026-05-13 23:53:57,96362302466,桃子晚晚,21,549029,[等级8],[粉丝团 Lv9]
2026-05-13 23:54:00,106767791004,迦_南,30,549159,[等级18],[粉丝团 Lv6]
2026-05-13 23:54:03,105392418367,TB12,27,549284,[等级24],[粉丝团 Lv15]
2026-05-13 23:54:06,2885559110343056,Yaya呀^(努力见院人),30,549435,[等级22],
2026-05-13 23:54:10,58750942571,412,15,549617,[等级20],[粉丝团 Lv9]
2026-05-13 23:54:12,2885559110343056,Yaya呀^(努力见院人),33,549751,[等级22],
2026-05-13 23:54:15,60500829023,FEEL 阿星 男士,30,549857,[等级13],[粉丝团 Lv8]
2026-05-13 23:54:18,2885559110343056,Yaya呀^(努力见院人),30,549970,[等级22],
2026-05-13 23:54:21,60500829023,FEEL 阿星 男士,36,550081,[等级13],[粉丝团 Lv8]
2026-05-13 23:54:24,2885559110343056,Yaya呀^(努力见院人),30,550187,[等级22],
2026-05-13 23:54:27,60500829023,FEEL 阿星 男士,33,550277,[等级13],[粉丝团 Lv8]
2026-05-13 23:54:31,2885559110343056,Yaya呀^(努力见院人),30,550345,[等级22],
2026-05-13 23:54:34,60500829023,FEEL 阿星 男士,30,550415,[等级13],[粉丝团 Lv8]
2026-05-13 23:54:37,2885559110343056,Yaya呀^(努力见院人),30,550484,[等级22],
2026-05-13 23:54:39,3426498116332884,07Laa,15,550525,[等级17],[粉丝团 Lv13]
2026-05-13 23:54:42,2885559110343056,Yaya呀^(努力见院人),36,550593,[等级22],
2026-05-13 23:54:46,60500829023,FEEL 阿星 男士,33,550652,[等级13],[粉丝团 Lv8]
2026-05-13 23:54:48,2885559110343056,Yaya呀^(努力见院人),33,550707,[等级22],
2026-05-13 23:54:52,60500829023,FEEL 阿星 男士,33,550779,[等级13],[粉丝团 Lv8]
2026-05-13 23:54:54,2885559110343056,Yaya呀^(努力见院人),30,550833,[等级22],
2026-05-13 23:54:58,60500829023,FEEL 阿星 男士,33,550905,[等级13],[粉丝团 Lv8]
2026-05-13 23:55:00,2885559110343056,Yaya呀^(努力见院人),33,550948,[等级22],
2026-05-13 23:55:04,83534977979,昵称,27,551010,[等级1],
2026-05-13 23:55:06,2885559110343056,Yaya呀^(努力见院人),33,551069,[等级22],
2026-05-13 23:55:09,60500829023,FEEL 阿星 男士,33,551119,[等级13],[粉丝团 Lv8]
2026-05-13 23:55:12,2885559110343056,Yaya呀^(努力见院人),33,551152,[等级22],
2026-05-13 23:55:15,2946315483621007,杪諒,3,551193,[等级31],[粉丝团 Lv10]
2026-05-13 23:55:18,2885559110343056,Yaya呀^(努力见院人),33,551250,[等级22],
2026-05-13 23:55:21,3426498116332884,07Laa,27,551329,[等级17],[粉丝团 Lv13]
2026-05-13 23:55:24,2885559110343056,Yaya呀^(努力见院人),24,551418,[等级22],
2026-05-13 23:55:27,4477685214785997,小凉🐰,6,551478,[等级31],[粉丝团 Lv10]
2026-05-13 23:55:31,101013997579,张,24,551497,[等级19],[粉丝团 Lv4]
2026-05-13 23:55:33,111573558490,被打入冷宫的疯狗,15,551584,[等级43],
2026-05-13 23:55:36,1019944396398461,凡随意,18,551646,[等级16],[粉丝团 Lv9]
2026-05-13 23:55:39,3426498116332884,07Laa,33,551732,[等级17],[粉丝团 Lv13]
2026-05-13 23:55:42,61226959541,路人甲的煽情༊,15,551872,[等级23],[粉丝团 Lv8]
2026-05-13 23:55:46,104548979686,006,30,551997,[等级13],[粉丝团 Lv4]
2026-05-13 23:55:48,60500829023,FEEL 阿星 男士,33,552107,[等级13],[粉丝团 Lv8]
2026-05-13 23:55:52,104548979686,006,24,552259,[等级13],[粉丝团 Lv4]
2026-05-13 23:55:54,3745374258597129,怯懦,9,552378,,
2026-05-13 23:55:57,3426498116332884,07Laa,24,552490,[等级17],[粉丝团 Lv13]
2026-05-13 23:56:00,60500829023,FEEL 阿星 男士,33,552618,[等级13],[粉丝团 Lv8]
2026-05-13 23:56:03,60887449857,🌸一朵小花,15,552704,[等级22],[粉丝团 Lv10]
2026-05-13 23:56:06,60500829023,FEEL 阿星 男士,27,552799,[等级13],[粉丝团 Lv8]
2026-05-13 23:56:09,2491970724824826,油炸小螃海儿,3,552871,[等级10],[粉丝团 Lv2]
2026-05-13 23:56:12,60500829023,FEEL 阿星 男士,27,552985,[等级13],[粉丝团 Lv8]
2026-05-13 23:56:16,105142344498382,寻思,30,553062,[等级10],[粉丝团 Lv10]
2026-05-13 23:56:18,60500829023,FEEL 阿星 男士,27,553112,[等级13],[粉丝团 Lv8]
2026-05-13 23:56:22,105142344498382,寻思,12,553158,[等级10],[粉丝团 Lv10]
2026-05-13 23:56:24,60500829023,FEEL 阿星 男士,33,553231,[等级13],[粉丝团 Lv8]
2026-05-13 23:56:27,2335797820530174,૮⑉･-･⑉ა,9,553302,[等级10],[粉丝团 Lv11]
2026-05-13 23:56:30,60500829023,FEEL 阿星 男士,36,553418,[等级13],[粉丝团 Lv8]
2026-05-13 23:56:34,92700041933,阿磊吖,6,553499,[等级9],
2026-05-13 23:56:36,60500829023,FEEL 阿星 男士,33,553559,[等级13],[粉丝团 Lv8]
2026-05-13 23:56:39,110202349978,老虎*,9,553629,[等级7],
2026-05-13 23:56:42,93655749814,阿熏,33,553723,[等级9],[粉丝团 Lv6]
2026-05-13 23:56:46,369855467671664,山岛8,27,553889,[等级19],
2026-05-13 23:56:48,93655749814,阿熏,30,553992,[等级9],[粉丝团 Lv6]
2026-05-13 23:56:51,66992414470,ღ᭄🌟এ,42,554092,[等级27],[粉丝团 Lv15]
2026-05-13 23:56:54,93655749814,阿熏,30,554225,[等级9],[粉丝团 Lv6]
2026-05-13 23:56:57,66992414470,ღ᭄🌟এ,36,554323,[等级27],[粉丝团 Lv15]
2026-05-13 23:57:00,74306427900,Summer,3,554393,[等级7],
2026-05-13 23:57:03,66992414470,ღ᭄🌟এ,24,554448,[等级27],[粉丝团 Lv15]
2026-05-13 23:57:06,74306427900,Summer,36,554522,[等级7],
2026-05-13 23:57:09,66992414470,ღ᭄🌟এ,33,554622,[等级27],[粉丝团 Lv15]
2026-05-13 23:57:12,74306427900,Summer,33,554731,[等级7],
2026-05-13 23:57:15,3426498116332884,07Laa,30,554845,[等级17],[粉丝团 Lv13]
2026-05-13 23:57:18,74306427900,Summer,33,554945,[等级7],
2026-05-13 23:57:21,66992414470,ღ᭄🌟এ,24,555026,[等级27],[粉丝团 Lv15]
2026-05-13 23:57:24,74306427900,Summer,36,555099,[等级7],
2026-05-13 23:57:27,66992414470,ღ᭄🌟এ,24,555179,[等级27],[粉丝团 Lv15]
2026-05-13 23:57:30,74306427900,Summer,27,555253,[等级7],
2026-05-13 23:57:34,104640667169,Chajiaying,21,555319,[等级6],
2026-05-13 23:57:36,74306427900,Summer,15,555430,[等级7],
2026-05-13 23:57:39,7615988333545931813,ik-🦋,21,555518,,
2026-05-13 23:57:42,92506251428,借我一抹笑,6,555571,[等级15],
2026-05-13 23:57:45,97089012726,又又,6,555666,[等级3],
2026-05-13 23:57:49,58750942571,412,36,555741,[等级20],[粉丝团 Lv9]
2026-05-13 23:57:53,58750942571,412,36,555799,[等级20],[粉丝团 Lv9]
2026-05-13 23:57:55,58750942571,412,36,555836,[等级20],[粉丝团 Lv9]
2026-05-13 23:57:58,99229601776,♛小菜鸟,30,555887,[等级17],[粉丝团 Lv12]
2026-05-13 23:58:01,58750942571,412,36,555964,[等级20],[粉丝团 Lv9]
2026-05-13 23:58:04,108711484906,小于同学😋,3,556025,[等级11],[粉丝团 Lv2]
2026-05-13 23:58:06,58750942571,412,33,556105,[等级20],[粉丝团 Lv9]
2026-05-13 23:58:10,1829234986980365,用户91836613,6,556162,,
2026-05-13 23:58:12,68659738942,我想中大奖,3,556222,[等级17],[粉丝团 Lv13]
2026-05-13 23:58:16,7615988333545931813,ik-🦋,30,556303,,
2026-05-13 23:58:18,58750942571,412,33,556414,[等级20],[粉丝团 Lv9]
2026-05-13 23:58:22,7615988333545931813,ik-🦋,9,556504,,
2026-05-13 23:58:24,58750942571,412,30,556606,[等级20],[粉丝团 Lv9]
2026-05-13 23:58:27,7615988333545931813,ik-🦋,18,556654,,
2026-05-13 23:58:30,7434565884822438969,helloooo,3,556687,,
2026-05-13 23:58:33,2217054663344263,秉才,3,556779,[等级22],
2026-05-13 23:58:37,55030202888,Yu、,9,556862,[等级17],[粉丝团 Lv9]
2026-05-13 23:58:39,101013997579,张,9,556909,[等级19],[粉丝团 Lv4]
2026-05-13 23:58:43,58750942571,412,33,557034,[等级20],[粉丝团 Lv9]
2026-05-13 23:58:45,7615988333545931813,ik-🦋,33,557087,,
2026-05-13 23:58:48,71480910685,（Q）,33,557153,[等级25],[粉丝团 Lv13]
2026-05-13 23:58:51,7615988333545931813,ik-🦋,24,557254,,
2026-05-13 23:58:54,71480910685,（Q）,33,557315,[等级25],[粉丝团 Lv13]
2026-05-13 23:58:57,7615988333545931813,ik-🦋,30,557413,,
2026-05-13 23:59:00,71480910685,（Q）,33,557479,[等级25],[粉丝团 Lv13]
2026-05-13 23:59:04,7615988333545931813,ik-🦋,30,557591,,
2026-05-13 23:59:06,71480910685,（Q）,30,557647,[等级25],[粉丝团 Lv13]
2026-05-13 23:59:10,7615988333545931813,ik-🦋,30,557744,,
2026-05-13 23:59:13,71480910685,（Q）,30,557806,[等级25],[粉丝团 Lv13]
2026-05-13 23:59:15,60500829023,FEEL 阿星 男士,33,557880,[等级13],[粉丝团 Lv8]
2026-05-13 23:59:18,71480910685,（Q）,27,557943,[等级25],[粉丝团 Lv13]
2026-05-13 23:59:21,60500829023,FEEL 阿星 男士,30,558029,[等级13],[粉丝团 Lv8]
2026-05-13 23:59:24,71480910685,（Q）,27,558111,[等级25],[粉丝团 Lv13]
2026-05-13 23:59:27,74306427900,Summer,30,558196,[等级7],
2026-05-13 23:59:30,71480910685,（Q）,30,558276,[等级25],[粉丝团 Lv13]
2026-05-13 23:59:33,74306427900,Summer,30,558357,[等级7],
2026-05-13 23:59:36,71480910685,（Q）,36,558444,[等级25],[粉丝团 Lv13]
2026-05-13 23:59:39,58750942571,412,33,558537,[等级20],[粉丝团 Lv9]
2026-05-13 23:59:42,71480910685,（Q）,30,558624,[等级25],[粉丝团 Lv13]
2026-05-13 23:59:45,58750942571,412,33,558704,[等级20],[粉丝团 Lv9]
2026-05-13 23:59:48,71480910685,（Q）,30,558778,[等级25],[粉丝团 Lv13]
2026-05-13 23:59:51,58750942571,412,30,558840,[等级20],[粉丝团 Lv9]
2026-05-13 23:59:55,71480910685,（Q）,24,558921,[等级25],[粉丝团 Lv13]
2026-05-13 23:59:57,58750942571,412,33,559051,[等级20],[粉丝团 Lv9]
2026-05-14 00:00:00,198376233646824,趋势,9,559145,[等级4],
2026-05-14 00:00:03,58750942571,412,12,559284,[等级20],[粉丝团 Lv9]
2026-05-14 00:00:07,71480910685,（Q）,30,559353,[等级25],[粉丝团 Lv13]
2026-05-14 00:00:09,58750942571,412,18,559515,[等级20],[粉丝团 Lv9]
2026-05-14 00:00:12,96474563060,锐🤟⁵¹²⁶,15,559596,[等级16],[粉丝团 Lv10]
2026-05-14 00:00:15,71126905166,抖音小肋手,30,559711,[等级10],[粉丝团 Lv10]
2026-05-14 00:00:19,52495544292,玩了个寂寞,33,559834,[等级16],[粉丝团 Lv5]
2026-05-14 00:00:21,971598437300616,怎么吃兔兔,27,559892,[等级22],[粉丝团 Lv8]
2026-05-14 00:00:24,2458102176691848,堇年,21,559980,[等级12],[粉丝团 Lv10]
2026-05-14 00:00:28,97579312520,oii,30,560076,[等级32],[粉丝团 Lv3]
2026-05-14 00:00:30,570023743327972,苏昭漪,27,560142,[等级17],[粉丝团 Lv6]
2026-05-14 00:00:34,74306427900,Summer,33,560252,[等级7],
2026-05-14 00:00:36,570023743327972,苏昭漪,18,560318,[等级17],[粉丝团 Lv6]
2026-05-14 00:00:39,1895194513901262,陈皮皮⁵¹⁰⁷⁴,9,560425,[等级28],[粉丝团 Lv16]
2026-05-14 00:00:42,1964182279829440,八～九,15,560483,[等级3],
2026-05-14 00:00:45,74306427900,Summer,33,560567,[等级7],
2026-05-14 00:00:48,7615988333545931813,ik-🦋,30,560622,,
2026-05-14 00:00:51,74306427900,Summer,21,560718,[等级7],
2026-05-14 00:00:54,7615988333545931813,ik-🦋,33,560784,,
2026-05-14 00:00:57,74306427900,Summer,30,560876,[等级7],
2026-05-14 00:01:00,7615988333545931813,ik-🦋,27,560944,,
2026-05-14 00:01:03,2440548180044909,栓,21,561037,[等级8],
2026-05-14 00:01:07,74595628010,你给我躲喽,3,561126,[等级18],
2026-05-14 00:01:09,102921024676,秦时明月,27,561227,[等级31],[粉丝团 Lv11]
2026-05-14 00:01:12,7615988333545931813,ik-🦋,30,561314,,
2026-05-14 00:01:15,102921024676,秦时明月,27,561439,[等级31],[粉丝团 Lv11]
2026-05-14 00:01:19,2228040683499699,✨✨🌟,18,561537,[等级7],[粉丝团 Lv9]
2026-05-14 00:01:21,71124234106,r  no,3,561596,[等级11],
2026-05-14 00:01:25,7615988333545931813,ik-🦋,15,561622,,
2026-05-14 00:01:28,60500829023,FEEL 阿星 男士,30,561675,[等级13],[粉丝团 Lv8]
2026-05-14 00:01:30,60500829023,FEEL 阿星 男士,33,561703,[等级13],[粉丝团 Lv8]
2026-05-14 00:01:33,102921024676,秦时明月,24,561748,[等级31],[粉丝团 Lv11]
2026-05-14 00:01:36,7615988333545931813,ik-🦋,24,561789,,
2026-05-14 00:01:40,60500829023,FEEL 阿星 男士,30,561838,[等级13],[粉丝团 Lv8]
2026-05-14 00:01:42,7615988333545931813,ik-🦋,21,561857,,
2026-05-14 00:01:46,99917940852,在冰岛炸薯条,3,561889,[等级8],
2026-05-14 00:01:48,7615988333545931813,ik-🦋,33,561938,,
2026-05-14 00:01:52,60500829023,FEEL 阿星 男士,30,561977,[等级13],[粉丝团 Lv8]
2026-05-14 00:01:55,624939095565928,屎壳郎军团长,30,562010,[等级8],[粉丝团 Lv9]
2026-05-14 00:01:58,60500829023,FEEL 阿星 男士,33,562053,[等级13],[粉丝团 Lv8]
2026-05-14 00:02:00,60500829023,FEEL 阿星 男士,30,562072,[等级13],[粉丝团 Lv8]
2026-05-14 00:02:04,60500829023,FEEL 阿星 男士,30,562101,[等级13],[粉丝团 Lv8]
2026-05-14 00:02:06,60500829023,FEEL 阿星 男士,33,562127,[等级13],[粉丝团 Lv8]
2026-05-14 00:02:10,1271505004010494,小章,21,562177,[等级9],[粉丝团 Lv7]
2026-05-14 00:02:12,60500829023,FEEL 阿星 男士,33,562211,[等级13],[粉丝团 Lv8]
2026-05-14 00:02:16,98869117226,不惑于廿二_,18,562265,[等级18],
2026-05-14 00:02:18,580185750244718,婳紤.（见过鹿晗版）,6,562325,[等级4],
2026-05-14 00:02:21,4085403689157548,奔赴美加墨等你加冕Ronald,12,562367,[等级16],[粉丝团 Lv11]
2026-05-14 00:02:24,60500829023,FEEL 阿星 男士,30,562453,[等级13],[粉丝团 Lv8]
2026-05-14 00:02:27,105392418367,TB12,6,562530,[等级24],[粉丝团 Lv15]
2026-05-14 00:02:30,60500829023,FEEL 阿星 男士,30,562622,[等级13],[粉丝团 Lv8]
2026-05-14 00:02:33,3751180101227869,醉心客,18,562697,[等级1],
2026-05-14 00:02:36,60500829023,FEEL 阿星 男士,30,562777,[等级13],[粉丝团 Lv8]
2026-05-14 00:02:40,111202910732,吾乃宇智波。。,33,562831,[等级1],
2026-05-14 00:02:42,60500829023,FEEL 阿星 男士,33,562882,[等级13],[粉丝团 Lv8]
2026-05-14 00:02:46,105533841490,仰望丶未来,6,562935,[等级20],[粉丝团 Lv9]
2026-05-14 00:02:48,60500829023,FEEL 阿星 男士,33,563009,[等级13],[粉丝团 Lv8]
2026-05-14 00:02:51,4494404333607655,深渊,57,563133,[等级22],[粉丝团 Lv7]
2026-05-14 00:02:54,60500829023,FEEL 阿星 男士,33,563231,[等级13],[粉丝团 Lv8]
2026-05-14 00:02:58,71126905166,抖音小肋手,27,563306,[等级10],[粉丝团 Lv10]
2026-05-14 00:03:00,97513526626,往事随风丶,3,563353,[等级5],
2026-05-14 00:03:04,4494404333607655,深渊,57,563434,[等级22],[粉丝团 Lv7]
2026-05-14 00:03:06,60500829023,FEEL 阿星 男士,33,563500,[等级13],[粉丝团 Lv8]
2026-05-14 00:03:09,74708358506,孤傲一世的神,3,563562,[等级20],[粉丝团 Lv10]
2026-05-14 00:03:12,105533841490,仰望丶未来,6,563622,[等级20],[粉丝团 Lv9]
2026-05-14 00:03:15,71126905166,抖音小肋手,30,563727,[等级10],[粉丝团 Lv10]
2026-05-14 00:03:18,383061949164483,我布次蒜,6,563803,[等级15],[粉丝团 Lv10]
2026-05-14 00:03:21,71126905166,抖音小肋手,12,563906,[等级10],[粉丝团 Lv10]
2026-05-14 00:03:24,4341301752630301,沉不陈,9,563976,[等级8],
2026-05-14 00:03:28,4494404333607655,深渊,48,564069,[等级22],[粉丝团 Lv7]
2026-05-14 00:03:30,85859071596,Souffle,3,564127,[等级25],
2026-05-14 00:03:33,4494404333607655,深渊,45,564193,[等级22],[粉丝团 Lv7]
2026-05-14 00:03:36,60500829023,FEEL 阿星 男士,30,564249,[等级13],[粉丝团 Lv8]
2026-05-14 00:03:39,71126905166,抖音小肋手,3,564320,[等级10],[粉丝团 Lv10]
2026-05-14 00:03:42,96424440918,柒染lwj,9,564385,[等级7],
2026-05-14 00:03:45,23773147096,相见不如怀念,24,564467,[等级29],[粉丝团 Lv10]
2026-05-14 00:03:48,2228040683499699,✨✨🌟,30,564533,[等级7],[粉丝团 Lv9]
2026-05-14 00:03:51,71126905166,抖音小肋手,9,564611,[等级10],[粉丝团 Lv10]
2026-05-14 00:03:54,23773147096,相见不如怀念,30,564669,[等级29],[粉丝团 Lv10]
2026-05-14 00:03:57,4396261449688707,恐龙扛狼,6,564737,[等级6],[粉丝团 Lv9]
2026-05-14 00:04:01,107889652344,$君（㜂孞）,27,564806,[等级46],[粉丝团 Lv12]
2026-05-14 00:04:03,55446995478231,clear the,9,564902,[等级13],
2026-05-14 00:04:06,23773147096,相见不如怀念,24,564980,[等级29],[粉丝团 Lv10]
2026-05-14 00:04:09,72117217430,你睡了没🫧,6,565084,[等级10],
2026-05-14 00:04:13,1161550805344695,ꩵ₅₂ₒ唯高👑宠张🍒ృ༊ྃ拒绝私聊,30,565144,[等级14],[粉丝团 Lv9]
2026-05-14 00:04:15,4494404333607655,深渊,48,565217,[等级22],[粉丝团 Lv7]
2026-05-14 00:04:19,1161550805344695,ꩵ₅₂ₒ唯高👑宠张🍒ృ༊ྃ拒绝私聊,33,565290,[等级14],[粉丝团 Lv9]
2026-05-14 00:04:21,71126905166,抖音小肋手,30,565362,[等级10],[粉丝团 Lv10]
2026-05-14 00:04:25,23773147096,相见不如怀念,27,565424,[等级29],[粉丝团 Lv10]
2026-05-14 00:04:28,2228040683499699,✨✨🌟,9,565450,[等级7],[粉丝团 Lv9]
2026-05-14 00:04:31,1161550805344695,ꩵ₅₂ₒ唯高👑宠张🍒ృ༊ྃ拒绝私聊,30,565482,[等级14],[粉丝团 Lv9]
2026-05-14 00:04:33,1161550805344695,ꩵ₅₂ₒ唯高👑宠张🍒ృ༊ྃ拒绝私聊,21,565503,[等级14],[粉丝团 Lv9]
2026-05-14 00:04:37,55446995478231,clear the,3,565537,[等级13],
2026-05-14 00:04:39,1161550805344695,ꩵ₅₂ₒ唯高👑宠张🍒ృ༊ྃ拒绝私聊,27,565618,[等级14],[粉丝团 Lv9]
2026-05-14 00:04:43,3809172831080195,Fi,12,565694,[等级15],[粉丝团 Lv10]
2026-05-14 00:04:45,95522025439,llllllgx,3,565856,[等级2],
2026-05-14 00:04:48,54561530613,LIU,30,566462,[等级23],[粉丝团 Lv5]
2026-05-14 00:04:51,3342983570406302,幸运的姑娘,15,567188,[等级18],[粉丝团 Lv12]
2026-05-14 00:04:54,142272063624314,parakiller,27,567897,[等级2],
2026-05-14 00:04:57,1077162715395572,轻舟已过万重山,27,568732,[等级16],[粉丝团 Lv13]
2026-05-14 00:05:00,95003182837,故事缺酒也缺你,33,569556,[等级1],[粉丝团 Lv3]
2026-05-14 00:05:03,104640667169,Chajiaying,24,570508,[等级6],
2026-05-14 00:05:06,71830617955,認生若如初見,33,571177,[等级31],[粉丝团 Lv16]
2026-05-14 00:05:09,66992414470,ღ᭄🌟এ,27,571832,[等级27],[粉丝团 Lv15]
2026-05-14 00:05:12,2977910733944259,苍海一声笑,30,572322,[等级14],[粉丝团 Lv5]
2026-05-14 00:05:15,66992414470,ღ᭄🌟এ,9,572747,[等级27],[粉丝团 Lv15]
2026-05-14 00:05:18,2207446344145976,易,30,573037,[等级12],
2026-05-14 00:05:21,4094215513447652,꧁鵬꧂,24,573270,[等级1],
2026-05-14 00:05:24,2977910733944259,苍海一声笑,39,573532,[等级14],[粉丝团 Lv5]
2026-05-14 00:05:27,3701400575938027,砚秋·Yvon,24,573798,[等级5],[粉丝团 Lv2]
2026-05-14 00:05:30,2977910733944259,苍海一声笑,39,574016,[等级14],[粉丝团 Lv5]
2026-05-14 00:05:33,3701400575938027,砚秋·Yvon,12,574260,[等级5],[粉丝团 Lv2]
2026-05-14 00:05:36,2207446344145976,易,36,574492,[等级12],
2026-05-14 00:05:39,3701400575938027,砚秋·Yvon,36,574716,[等级5],[粉丝团 Lv2]
2026-05-14 00:05:42,64412807288,orgl白,30,574969,[等级13],
2026-05-14 00:05:45,3701400575938027,砚秋·Yvon,36,575250,[等级5],[粉丝团 Lv2]
2026-05-14 00:05:48,64412807288,orgl白,27,575485,[等级13],
2026-05-14 00:05:51,62642627846,鹿茸,3,575775,[等级11],[粉丝团 Lv9]
2026-05-14 00:05:54,2207446344145976,易,36,575994,[等级12],
2026-05-14 00:05:57,105392418367,TB12,30,576290,[等级24],[粉丝团 Lv15]
2026-05-14 00:06:00,2207446344145976,易,33,576449,[等级12],
2026-05-14 00:06:03,105392418367,TB12,24,576633,[等级24],[粉丝团 Lv15]
2026-05-14 00:06:06,64412807288,orgl白,15,576795,[等级13],
2026-05-14 00:06:09,105392418367,TB12,21,576939,[等级24],[粉丝团 Lv15]
2026-05-14 00:06:12,75443466420,握不住的风,3,577088,[等级7],
2026-05-14 00:06:16,62642627846,鹿茸,27,577249,[等级11],[粉丝团 Lv9]
2026-05-14 00:06:18,7555682203687240761,不是蓝衣,3,577384,[等级1],
2026-05-14 00:06:21,64412807288,orgl白,24,577533,[等级13],
2026-05-14 00:06:24,101400453315,凄,27,577672,[等级4],[粉丝团 Lv3]
2026-05-14 00:06:27,62642627846,鹿茸,15,577793,[等级11],[粉丝团 Lv9]
2026-05-14 00:06:30,101400453315,凄,27,577869,[等级4],[粉丝团 Lv3]
2026-05-14 00:06:33,59663065416,失眠数羊🐑,6,578026,[等级6],[粉丝团 Lv7]
2026-05-14 00:06:36,411636302349994,夜微凉,9,578186,[等级4],
2026-05-14 00:06:40,7615988333545931813,ik-🦋,30,578335,,
2026-05-14 00:06:42,101400453315,凄,33,578445,[等级4],[粉丝团 Lv3]
2026-05-14 00:06:45,580185750244718,婳紤.（见过鹿晗版）,9,578602,[等级4],
2026-05-14 00:06:49,101400453315,凄,33,578769,[等级4],[粉丝团 Lv3]
2026-05-14 00:06:51,100902357208,Whisper,3,578950,[等级12],[粉丝团 Lv6]
2026-05-14 00:06:54,72117217430,你睡了没🫧,30,579157,[等级10],
2026-05-14 00:06:58,2335797820530174,૮⑉･-･⑉ა,21,579374,[等级10],[粉丝团 Lv11]
2026-05-14 00:07:00,99741510322,江鸿不喝酒,3,579563,[等级25],[粉丝团 Lv4]
2026-05-14 00:07:03,93184019293,乂氼,27,579730,[等级25],[粉丝团 Lv10]
2026-05-14 00:07:06,411636302349994,夜微凉,3,579887,[等级4],
2026-05-14 00:07:10,111202910732,吾乃宇智波。。,27,580054,[等级1],
2026-05-14 00:07:12,2458102176691848,堇年,6,580160,[等级12],[粉丝团 Lv10]
2026-05-14 00:07:15,58750942571,412,33,580252,[等级20],[粉丝团 Lv9]
2026-05-14 00:07:18,72117217430,你睡了没🫧,6,580334,[等级10],
2026-05-14 00:07:21,15849572326,@杨磊,3,580438,[等级29],
2026-05-14 00:07:24,102028794518,用户110524,33,580628,[等级19],[粉丝团 Lv5]
2026-05-14 00:07:27,105392418367,TB12,27,580867,[等级24],[粉丝团 Lv15]
2026-05-14 00:07:30,102028794518,用户110524,33,581079,[等级19],[粉丝团 Lv5]
2026-05-14 00:07:33,105392418367,TB12,24,581285,[等级24],[粉丝团 Lv15]
2026-05-14 00:07:36,102028794518,用户110524,15,581521,[等级19],[粉丝团 Lv5]
2026-05-14 00:07:39,96440459169,9152,3,581743,[等级21],
2026-05-14 00:07:42,624939095565928,屎壳郎军团长,15,582042,[等级8],[粉丝团 Lv9]
2026-05-14 00:07:45,85166884780,💫ꦿ启ꦿᮨ້໌້໌ᮨᩚ程໑ຼₒ໑ຼ₆࿐,39,582333,[等级13],[粉丝团 Lv4]
2026-05-14 00:07:48,87103928301,@花期过了,30,582609,[等级3],[粉丝团 Lv3]
2026-05-14 00:07:51,99180414028,焱燚,9,582915,[等级28],[粉丝团 Lv10]
2026-05-14 00:07:54,4066454498975438,腹黑女妲,3,583287,[等级14],
2026-05-14 00:07:57,104640667169,Chajiaying,15,583760,[等级6],
2026-05-14 00:08:01,91685402192,0️⃣4️⃣2️⃣6️⃣,21,584130,[等级6],[粉丝团 Lv7]
2026-05-14 00:08:03,89964230015,qzuser,33,584484,[等级8],[粉丝团 Lv9]
2026-05-14 00:08:06,3342983570406302,幸运的姑娘,30,584862,[等级18],[粉丝团 Lv12]
2026-05-14 00:08:09,89964230015,qzuser,30,585213,[等级8],[粉丝团 Lv9]
2026-05-14 00:08:12,2207446344145976,易,33,585602,[等级12],
2026-05-14 00:08:15,60206476037,铭,36,586004,[等级19],
2026-05-14 00:08:18,2568934431406711,要糖,15,586351,[等级14],[粉丝团 Lv10]
2026-05-14 00:08:21,3426498116332884,07Laa,12,586670,[等级17],[粉丝团 Lv13]
2026-05-14 00:08:24,2532866113414333,斋柔🌈,21,587085,[等级12],
2026-05-14 00:08:27,2946315483621007,杪諒,30,587428,[等级31],[粉丝团 Lv10]
2026-05-14 00:08:30,2532866113414333,斋柔🌈,30,587757,[等级12],
2026-05-14 00:08:33,2946315483621007,杪諒,12,588026,[等级31],[粉丝团 Lv10]
2026-05-14 00:08:36,2532866113414333,斋柔🌈,3,588312,[等级12],
2026-05-14 00:08:39,66992414470,ღ᭄🌟এ,36,588629,[等级27],[粉丝团 Lv15]
2026-05-14 00:08:42,369855467671664,山岛8,24,588979,[等级19],
2026-05-14 00:08:45,106284992293,等待只爱你,15,589308,[等级19],[粉丝团 Lv6]
2026-05-14 00:08:48,62642627846,鹿茸,30,589608,[等级11],[粉丝团 Lv9]
2026-05-14 00:08:51,7465029989924209724,7,18,589951,[等级9],[粉丝团 Lv5]
2026-05-14 00:08:54,60627504900,雪碧吖🌓,15,590308,[等级29],[粉丝团 Lv5]
2026-05-14 00:08:57,101400453315,凄,33,590704,[等级4],[粉丝团 Lv3]
2026-05-14 00:09:00,110404147091548,与冬欢愉,21,591110,[等级8],[粉丝团 Lv11]
2026-05-14 00:09:03,66286275708,心甘,36,591516,[等级10],[粉丝团 Lv6]
2026-05-14 00:09:06,111597565114,挤塑板，聚苯板，岩棉板。保温材料厂家批发,3,591938,[等级2],
2026-05-14 00:09:09,3168126934716519,嘟嘟嘟,30,592287,[等级2],
2026-05-14 00:09:12,2532866113414333,斋柔🌈,3,592666,[等级12],
2026-05-14 00:09:15,3168126934716519,嘟嘟嘟,24,592982,[等级2],
2026-05-14 00:09:18,60704769499,狐狸对你笑,21,593368,[等级27],[粉丝团 Lv7]
2026-05-14 00:09:21,3168126934716519,嘟嘟嘟,27,593735,[等级2],
2026-05-14 00:09:24,3232167578844283,听 月亮讲童话,30,594111,[等级10],[粉丝团 Lv9]
2026-05-14 00:09:27,3168126934716519,嘟嘟嘟,27,594437,[等级2],
2026-05-14 00:09:30,60704769499,狐狸对你笑,21,594815,[等级27],[粉丝团 Lv7]
2026-05-14 00:09:33,3168126934716519,嘟嘟嘟,24,595138,[等级2],
2026-05-14 00:09:36,2638426362375405,小依,15,595511,[等级15],[粉丝团 Lv11]
2026-05-14 00:09:39,3168126934716519,嘟嘟嘟,27,596060,[等级2],
2026-05-14 00:09:42,1370466995147612,##,3,596653,,
2026-05-14 00:09:45,3168126934716519,嘟嘟嘟,27,597222,[等级2],
2026-05-14 00:09:48,93184019293,乂氼,33,597702,[等级25],[粉丝团 Lv10]
2026-05-14 00:09:51,1077162715395572,轻舟已过万重山,27,598237,[等级16],[粉丝团 Lv13]
2026-05-14 00:09:54,1332203469940011,有一个笨蛋,30,598790,[等级13],[粉丝团 Lv8]
2026-05-14 00:09:57,1077162715395572,轻舟已过万重山,24,599221,[等级16],[粉丝团 Lv13]
2026-05-14 00:10:00,1332203469940011,有一个笨蛋,27,599634,[等级13],[粉丝团 Lv8]
2026-05-14 00:10:03,3168126934716519,嘟嘟嘟,21,599903,[等级2],
2026-05-14 00:10:06,2335797820530174,૮⑉･-･⑉ა,3,600223,[等级10],[粉丝团 Lv11]
2026-05-14 00:10:09,96270693640,小孩.🌾,24,600523,[等级22],[粉丝团 Lv4]
2026-05-14 00:10:12,104917868526,🌅,27,600907,[等级7],[粉丝团 Lv8]
2026-05-14 00:10:15,1077162715395572,轻舟已过万重山,24,601197,[等级16],[粉丝团 Lv13]
2026-05-14 00:10:18,60982093319,Aaa,3,601457,[等级22],
2026-05-14 00:10:21,110404147091548,与冬欢愉,30,601708,[等级8],[粉丝团 Lv11]
2026-05-14 00:10:24,70167607627,落地钢枪崴脚了,24,601941,[等级30],[粉丝团 Lv12]
2026-05-14 00:10:27,110404147091548,与冬欢愉,30,602094,[等级8],[粉丝团 Lv11]
2026-05-14 00:10:30,69423164739,美孟,18,602264,[等级21],[粉丝团 Lv7]
2026-05-14 00:10:33,3081266249862527,糯米,33,602395,[等级4],[粉丝团 Lv6]
2026-05-14 00:10:36,453442174718862,张君雅的陛下⁵¹⁰⁷⁴,15,602600,[等级35],[粉丝团 Lv16]
2026-05-14 00:10:39,3168126934716519,嘟嘟嘟,9,602782,[等级2],
2026-05-14 00:10:42,328113495741721,用户652381351349,6,603038,,
2026-05-14 00:10:45,3168126934716519,嘟嘟嘟,27,603229,[等级2],
2026-05-14 00:10:48,3745374258597129,怯懦,6,603472,,
2026-05-14 00:10:51,3168126934716519,嘟嘟嘟,21,603748,[等级2],
2026-05-14 00:10:54,453442174718862,张君雅的陛下⁵¹⁰⁷⁴,12,603965,[等级35],[粉丝团 Lv16]
2026-05-14 00:10:57,3168126934716519,嘟嘟嘟,24,604142,[等级2],
2026-05-14 00:11:00,3081266249862527,糯米,27,604366,[等级4],[粉丝团 Lv6]
2026-05-14 00:11:03,3168126934716519,嘟嘟嘟,24,604562,[等级2],
2026-05-14 00:11:07,453442174718862,张君雅的陛下⁵¹⁰⁷⁴,9,604755,[等级35],[粉丝团 Lv16]
2026-05-14 00:11:09,3168126934716519,嘟嘟嘟,18,604943,[等级2],
2026-05-14 00:11:13,453442174718862,张君雅的陛下⁵¹⁰⁷⁴,9,605142,[等级35],[粉丝团 Lv16]
2026-05-14 00:11:15,3593651276484189,菟丝子,27,605354,[等级8],[粉丝团 Lv8]
2026-05-14 00:11:18,430608746812519,@风禾尽起,30,605575,[等级7],
2026-05-14 00:11:21,4397670397392615,星星熄灯了,6,605874,[等级11],[粉丝团 Lv11]
2026-05-14 00:11:24,453442174718862,张君雅的陛下⁵¹⁰⁷⁴,21,606228,[等级35],[粉丝团 Lv16]
2026-05-14 00:11:27,76363832072,山南水北,27,606618,[等级15],[粉丝团 Lv2]
2026-05-14 00:11:30,101400453315,凄,33,606992,[等级4],[粉丝团 Lv3]
2026-05-14 00:11:33,76363832072,山南水北,33,607434,[等级15],[粉丝团 Lv2]
2026-05-14 00:11:36,101400453315,凄,36,607830,[等级4],[粉丝团 Lv3]
2026-05-14 00:11:39,3342983570406302,幸运的姑娘,18,608271,[等级18],[粉丝团 Lv12]
2026-05-14 00:11:42,68284116379,乐途,21,608702,[等级13],[粉丝团 Lv10]
2026-05-14 00:11:45,3342983570406302,幸运的姑娘,30,609163,[等级18],[粉丝团 Lv12]
2026-05-14 00:11:48,71390853651,像鱼🐟。。,21,609538,[等级8],
2026-05-14 00:11:51,3342983570406302,幸运的姑娘,30,609945,[等级18],[粉丝团 Lv12]
2026-05-14 00:11:54,101400453315,凄,33,610333,[等级4],[粉丝团 Lv3]
2026-05-14 00:11:57,62642627846,鹿茸,21,610745,[等级11],[粉丝团 Lv9]
2026-05-14 00:12:00,1011967274794820,🌈奉先,3,611185,[等级18],[粉丝团 Lv8]
2026-05-14 00:12:03,7465029989924209724,7,30,611753,[等级9],[粉丝团 Lv5]
2026-05-14 00:12:06,60982093319,Aaa,3,612294,[等级22],
2026-05-14 00:12:09,1772869150587784,猪羔逗⁷¹⁵⁸✨,27,612976,[等级20],[粉丝团 Lv3]
2026-05-14 00:12:12,60813856321,mo,30,613780,[等级4],[粉丝团 Lv1]
2026-05-14 00:12:15,1504599094076987,En,21,614484,[等级25],[粉丝团 Lv10]
2026-05-14 00:12:18,96996619230,顺风顺水！,30,615101,[等级12],[粉丝团 Lv11]
2026-05-14 00:12:21,3589221792100392,一只小天使,3,615672,[等级2],[粉丝团 Lv1]
2026-05-14 00:12:24,96996619230,顺风顺水！,9,616210,[等级12],[粉丝团 Lv11]
2026-05-14 00:12:27,60806748798,王蓉～小柠檬麻麻,30,616650,[等级12],[粉丝团 Lv10]
2026-05-14 00:12:30,96996619230,顺风顺水！,27,617212,[等级12],[粉丝团 Lv11]
2026-05-14 00:12:33,3232167578844283,听 月亮讲童话,21,617724,[等级10],[粉丝团 Lv9]
2026-05-14 00:12:36,59108713247,红茶不茶绿茶茶,36,618301,[等级25],[粉丝团 Lv12]
2026-05-14 00:12:39,104917868526,🌅,27,618876,[等级7],[粉丝团 Lv8]
2026-05-14 00:12:42,46647388407515,不…晚…,9,619368,,
2026-05-14 00:12:45,104917868526,🌅,24,619899,[等级7],[粉丝团 Lv8]
2026-05-14 00:12:48,1011967274794820,🌈奉先,24,620351,[等级18],[粉丝团 Lv8]
2026-05-14 00:12:51,4147834022016605,兵七进一,12,620876,[等级17],[粉丝团 Lv11]
2026-05-14 00:12:54,46647388407515,不…晚…,27,621318,,
2026-05-14 00:12:58,109247822488,木 木 夕,24,621851,[等级19],
2026-05-14 00:13:00,98055711223,এ Xing王Ming凯,30,622378,[等级23],[粉丝团 Lv8]
2026-05-14 00:13:03,294298459839899,苦瓜。,30,623110,[等级22],[粉丝团 Lv4]
2026-05-14 00:13:06,46647388407515,不…晚…,30,623912,,
2026-05-14 00:13:09,103853803317,凴,36,624779,[等级34],[粉丝团 Lv13]
2026-05-14 00:13:12,96722339546,坏坏,24,625691,[等级22],[粉丝团 Lv11]
2026-05-14 00:13:15,60806748798,王蓉～小柠檬麻麻,24,626683,[等级12],[粉丝团 Lv10]
2026-05-14 00:13:18,51444387507,每天都好困啊,15,627579,[等级20],[粉丝团 Lv2]
2026-05-14 00:13:21,2695630470777549,理理是小崽宝的挚爱❤️,15,628451,[等级36],[粉丝团 Lv10]
2026-05-14 00:13:24,82961252588,飞过千山寻你,24,629358,[等级13],[粉丝团 Lv2]
2026-05-14 00:13:27,2695630470777549,理理是小崽宝的挚爱❤️,30,630206,[等级36],[粉丝团 Lv10]
2026-05-14 00:13:30,63706916799,嗯宝妈妈,27,631105,[等级7],
2026-05-14 00:13:33,100030072195,农夫山里有块田,30,632179,[等级5],[粉丝团 Lv4]
2026-05-14 00:13:36,63706916799,嗯宝妈妈,27,633281,[等级7],
2026-05-14 00:13:39,100747065593,L໊ₒ别碰ᨶ႒ᩚ我心ᵥ̶,27,634341,[等级14],[粉丝团 Lv2]
2026-05-14 00:13:42,3047481547176067,伟锅锅,9,635384,[等级20],[粉丝团 Lv2]
2026-05-14 00:13:45,106028942886,肆🌒月,36,636443,[等级29],[粉丝团 Lv11]
2026-05-14 00:13:48,1900436091843997,陟遐,33,637257,[等级23],[粉丝团 Lv10]
2026-05-14 00:13:51,100747065593,L໊ₒ别碰ᨶ႒ᩚ我心ᵥ̶,21,637716,[等级14],[粉丝团 Lv2]
2026-05-14 00:13:54,1900436091843997,陟遐,33,637971,[等级23],[粉丝团 Lv10]
2026-05-14 00:13:57,96589384650,回😘忆🐷,27,638302,[等级9],[粉丝团 Lv10]
2026-05-14 00:14:00,1900436091843997,陟遐,36,638676,[等级23],[粉丝团 Lv10]
2026-05-14 00:14:03,70647035653,前坤,30,639144,[等级29],[粉丝团 Lv15]
2026-05-14 00:14:06,4265696013070967,wbq_ga,24,640664,[等级1],
2026-05-14 00:14:09,365494260998606,拥你久暖-,18,644175,[等级20],[粉丝团 Lv8]
2026-05-14 00:14:12,1143959295887229,没关系,36,648801,[等级14],[粉丝团 Lv9]
2026-05-14 00:14:15,4494417104479150,668,3,653174,[等级34],
2026-05-14 00:14:18,87883351102,👑sunshine,33,657117,[等级12],[粉丝团 Lv6]
2026-05-14 00:14:19,101629850514,张老黑的飞哥⁵¹⁰⁷⁴,10,658807,[等级33],[粉丝团 Lv16]
2026-05-14 00:14:20,564474381615296,楠得心动🍃,11,659011,[等级6],[粉丝团 Lv9]
