time,user_id,user_name,content,grade,fans_club
2026-05-20 12:03:50,1596118642734092,小茗同学😜😜,迟到了两分钟,[等级14],[粉丝团 Lv8]
2026-05-20 12:03:51,4419687387771835,辉之不去的爱,迟到了啊,[等级3],
2026-05-20 12:03:51,101213516270,ℳ̶̶̶̶໌໌້陈公子,好好好[看],[等级18],[粉丝团 Lv12]
2026-05-20 12:03:51,2972679973898558,作精大小姐,520快乐520快乐520快乐,[等级17],[粉丝团 Lv11]
2026-05-20 12:03:51,88312588832,🌈 𝗠𝗮𝗸𝗮𝗯𝗮𝗸𝗮。,520快乐520快乐520快乐,[等级8],[粉丝团 Lv8]
2026-05-20 12:03:51,3170634575119565,冬天里的城,等下加班,[等级14],[粉丝团 Lv5]
2026-05-20 12:03:51,4312733019815760,雾里寻花,昨晚局哥吃上好的了[捂脸],[等级13],[粉丝团 Lv11]
2026-05-20 12:03:51,2752776078632967,飞飞飞,今天怕是睡晚了哇[呲牙],[等级25],[粉丝团 Lv10]
2026-05-20 12:03:51,97176461425,つ微凉徒眸意浅挚半,我可是守着时间的哦,[等级13],
2026-05-20 12:03:52,3148611881534173,▞▙▛▖▜▗▙▛,叫上,[等级16],[粉丝团 Lv3]
2026-05-20 12:03:52,92294124549,空^〇^白,我饭都吃完了[流泪][流泪][流泪],[等级6],[粉丝团 Lv6]
2026-05-20 12:03:52,3183840068641503,薅不动,520快乐,[等级8],
2026-05-20 12:03:52,1626917773250925,胡小七,甜妹开腔,[等级24],[粉丝团 Lv10]
2026-05-20 12:03:52,64463180721,小梦,520快乐快乐雅宝,[等级24],[粉丝团 Lv12]
2026-05-20 12:03:52,59260357003,✨罗某某✨,还敢迟到,[等级18],[粉丝团 Lv11]
2026-05-20 12:03:52,2285263533652560,想成为百万先生,迟到了,[等级1],
2026-05-20 12:03:52,101658941422,锋,520快乐520快乐520快乐,[等级37],[粉丝团 Lv9]
2026-05-20 12:03:52,103825605272,时欢,迟到了,[等级11],
2026-05-20 12:03:52,4112632693398812,VII掦,张老黑，你唱的吗？,[等级29],[粉丝团 Lv10]
2026-05-20 12:03:53,810759349346035,沁.,520快乐520快乐520快乐,[等级18],[粉丝团 Lv10]
2026-05-20 12:03:53,2752776078632967,飞飞飞,520快乐520快乐520快乐,[等级25],[粉丝团 Lv10]
2026-05-20 12:03:53,81922832250,心之所向 (-^〇^-),520了,[等级12],[粉丝团 Lv11]
2026-05-20 12:03:53,4410845128828888,地狱小魔,老黑，你迟到了啊,[等级25],[粉丝团 Lv11]
2026-05-20 12:03:54,1116715649081711,哦喝！,迟到怎么处理,[等级5],[粉丝团 Lv1]
2026-05-20 12:03:54,100676851075,一大块腹肌,睡了几个小时这是,[等级19],[粉丝团 Lv10]
2026-05-20 12:03:54,106730019933,西湖区房东,520快乐,[等级9],[粉丝团 Lv1]
2026-05-20 12:03:54,77243413347,A杨先生,是不是约会去了,[等级20],[粉丝团 Lv1]
2026-05-20 12:03:54,690125102658323,黑猫@警长,520快乐,[等级24],[粉丝团 Lv12]
2026-05-20 12:03:54,3962260748249928,正玺影视,上个班天天迟到早退[捂脸],[等级22],[粉丝团 Lv10]
2026-05-20 12:03:54,4503688093516652,马老六,卡时间呢  两分钟  连时间都是爱我们的样子  爱你蛋蛋,,
2026-05-20 12:03:54,452620019045336,🍀、,为了看直播上午又去双流奥特莱斯买了一个平板,[等级11],[粉丝团 Lv10]
2026-05-20 12:03:54,7511731403504239675,曹不问ꦿ,大老黑,,
2026-05-20 12:03:54,71510036841,Lu。,一天不见 十分想念,[等级32],[粉丝团 Lv10]
2026-05-20 12:03:54,62321132457,风哥,520快乐520快乐520快乐,[等级22],[粉丝团 Lv11]
2026-05-20 12:03:54,2676661614558888,ZANE🐳,来了弟弟,[等级20],[粉丝团 Lv10]
2026-05-20 12:03:54,1556525685934064,wang.,中午好,[等级7],
2026-05-20 12:03:54,102094324114,馨儿👑,520快乐520快乐520快乐,[等级36],[粉丝团 Lv12]
2026-05-20 12:03:54,4066454603040907,A🐣,520快乐520快乐520快乐,[等级13],[粉丝团 Lv10]
2026-05-20 12:03:54,111024895117,努力搞钱,520快乐520快乐520快乐,[等级14],[粉丝团 Lv3]
2026-05-20 12:03:55,102469975321,✨名门⭐️,520快乐[比心][比心][比心],[等级19],[粉丝团 Lv15]
2026-05-20 12:03:56,2030128435839785,落,早,[等级8],
2026-05-20 12:03:56,97600677185,晓乔治ovo,还以为你出去过520了呢,[等级38],[粉丝团 Lv13]
2026-05-20 12:03:58,4410845128828888,地狱小魔,520快乐,[等级25],[粉丝团 Lv11]
2026-05-20 12:03:59,662323660600023,00后,迟到了,[等级28],
2026-05-20 12:03:59,7625306444321637433,照🇨🇳亮💙你,主播，怎么不露脸啊？,,
2026-05-20 12:03:59,1332225723339756,用户7087416616603,520快乐,[等级14],[粉丝团 Lv6]
2026-05-20 12:03:59,85547872134,張先生（,又迟到了，快说对不起,[等级3],
2026-05-20 12:04:00,104289923392,川哥子,迟到了,[等级25],[粉丝团 Lv9]
2026-05-20 12:04:00,93060552271,小别兔别又别,上午好,[等级11],[粉丝团 Lv10]
2026-05-20 12:04:01,96220936370,唐,迟到2分钟,[等级12],[粉丝团 Lv7]
2026-05-20 12:04:02,105535641848,Ok,520快乐520快乐520快乐,[等级4],
2026-05-20 12:04:02,1926820010929015,༺国༒人༻,723,[等级19],[粉丝团 Lv10]
2026-05-20 12:04:02,1244252302486525,皆༯⋆̩̩͙✨如願·,520快乐,[等级18],[粉丝团 Lv13]
2026-05-20 12:04:02,7511982227790939194,@嘿！  差不多先生,520快乐呀,[等级18],[粉丝团 Lv9]
2026-05-20 12:04:02,974597718805612,陈小白,[看],[等级17],[粉丝团 Lv7]
2026-05-20 12:04:03,4155799674297752,还不晓得,快上车，来不及解释了,[等级11],[粉丝团 Lv8]
2026-05-20 12:04:03,106730019933,西湖区房东,520快乐,[等级9],[粉丝团 Lv1]
2026-05-20 12:04:05,91822771980,💜U U💜,520快乐,[等级21],[粉丝团 Lv11]
2026-05-20 12:04:07,77386830650,-张景行·自持,罚款   迟到了,[等级26],[粉丝团 Lv4]
2026-05-20 12:04:07,63154448945,燃尽～,爱迟到[捂脸],[等级12],[粉丝团 Lv12]
2026-05-20 12:04:07,1116715649081711,哦喝！,迟到了，喊派出所拿枪来打,[等级5],[粉丝团 Lv1]
2026-05-20 12:04:08,111024895117,努力搞钱,雅姐不过节吗？,[等级14],[粉丝团 Lv3]
2026-05-20 12:04:11,7511982227790939194,@嘿！  差不多先生,520快乐,[等级18],[粉丝团 Lv9]
2026-05-20 12:04:11,106087004236,Lneverleft,迟到了,[等级28],[粉丝团 Lv10]
2026-05-20 12:04:13,1582950388343566,高冷橙🤍,又是一个人吗,[等级14],[粉丝团 Lv10]
2026-05-20 12:04:14,91822771980,💜U U💜,早退就算了，还迟到,[等级21],[粉丝团 Lv11]
2026-05-20 12:04:17,100603082957,山河赴我,谁来了,[等级32],[粉丝团 Lv11]
2026-05-20 12:04:17,73475871790,嘉嘉妹,520快乐,,
2026-05-20 12:04:18,93355294492,少年已不在,我还以为不播了呢！,[等级20],[粉丝团 Lv10]
2026-05-20 12:04:19,2497699454393470,肉丝,520快乐520快乐520快乐,[等级9],[粉丝团 Lv11]
2026-05-20 12:04:20,76334381694,一念花开,520快乐,[等级17],[粉丝团 Lv12]
2026-05-20 12:04:21,1377014322563560,🌘,老黑,[等级9],[粉丝团 Lv4]
2026-05-20 12:04:23,4094213812141596,123,天天迟到,[等级8],
2026-05-20 12:04:24,95797629304,陈i住气,老黑来了,[等级8],[粉丝团 Lv2]
2026-05-20 12:04:24,3813545012640039,ShesArebel,爱播中午好,[等级4],[粉丝团 Lv4]
2026-05-20 12:04:25,61226959541,路人甲的煽情༊,爱播,[等级23],[粉丝团 Lv8]
2026-05-20 12:04:25,1073558381922519,T..,520快乐,[等级4],
2026-05-20 12:04:25,92396571848,白也诗无敌,迟到早退,[等级9],
2026-05-20 12:04:25,88312588832,🌈 𝗠𝗮𝗸𝗮𝗯𝗮𝗸𝗮。,520快乐520快乐520快乐,[等级8],[粉丝团 Lv8]
2026-05-20 12:04:26,974597718805612,陈小白,我以为又不开播呢，搞到我跟Al聊了半天[看],[等级17],[粉丝团 Lv7]
2026-05-20 12:04:27,1077162715395572,轻舟已过万重山,520快乐,[等级16],[粉丝团 Lv13]
2026-05-20 12:04:28,71169628969,死之不渝〃,迟到了[看],[等级23],
2026-05-20 12:04:28,59824103669,大咪,520快乐,[等级14],[粉丝团 Lv10]
2026-05-20 12:04:28,79169948937,🌈 唯你丶不可取代,这是什么歌,[等级18],[粉丝团 Lv5]
2026-05-20 12:04:29,91814102324,爱打呼噜的,[看],[等级10],
2026-05-20 12:04:32,4503688093516652,马老六,520快乐,,
2026-05-20 12:04:36,4329235845226857,旭93,道歉,,
2026-05-20 12:04:38,3122210086584728,鸡蛋壳🍎,为什么一个人打了呀[酷拽][害羞],[等级21],[粉丝团 Lv1]
2026-05-20 12:04:40,4242394021103421,豆豆Z☡zᶻ,哈哈哈哈哈哈[捂脸],[等级15],[粉丝团 Lv9]
2026-05-20 12:04:42,104289923392,川哥子,赔我们精神损失,[等级25],[粉丝团 Lv9]
2026-05-20 12:04:42,1116715649081711,哦喝！,迟到了，喊派出所拿枪来打,[等级5],[粉丝团 Lv1]
2026-05-20 12:04:42,94835280802,味   多美,520快乐,[等级29],[粉丝团 Lv13]
2026-05-20 12:04:43,108825768878,南山居士,强烈呼吁和平精英必须给和平一姐张君雅全套黄金风衣的第7天！,[等级1],
2026-05-20 12:04:43,4089784583337822,☞,520快乐,[等级15],[粉丝团 Lv6]
2026-05-20 12:04:43,83822031782,番茄不炒芥菜,迟到了,[等级14],[粉丝团 Lv1]
2026-05-20 12:04:43,4310549579694780,@你,我接受不了,[等级15],[粉丝团 Lv10]
2026-05-20 12:04:44,93186320746,Laurie,520快乐,[等级14],[粉丝团 Lv10]
2026-05-20 12:04:44,71533879276,懒得起名字,延迟一分钟，你迟到2分钟,[等级15],[粉丝团 Lv8]
2026-05-20 12:04:44,2170912010143284,Yeri.,中午好！520快乐520快乐520快乐,[等级15],[粉丝团 Lv10]
2026-05-20 12:04:44,84159073433,不入戏🍃,[看][看][看],[等级21],[粉丝团 Lv12]
2026-05-20 12:04:46,75956341032,唯一,哈哈520快乐,[等级16],[粉丝团 Lv10]
2026-05-20 12:04:46,2552435347306792,“”迷茫”,迟到了还不承认,[等级5],[粉丝团 Lv7]
2026-05-20 12:04:46,7625306444321637433,照🇨🇳亮💙你,主播，今天这么开心啊,,
2026-05-20 12:04:47,356694290338254,最美的太阳，,[微笑][微笑][微笑][微笑],[等级10],
2026-05-20 12:04:48,4097245591642122,ദ്ദി,小雅老湿，中午好,[等级4],[粉丝团 Lv6]
2026-05-20 12:04:48,98460975967,ەㅤㅤㅤㅤㅤㅤㅤㅤㅤ一个蛋🥚 ㅤㅤㅤㅤ,搞快点[看],[等级34],[粉丝团 Lv10]
2026-05-20 12:04:49,103510963838,《重生之》我在成都养🐰钓🐟,昨晚局哥都吃饱了,[等级7],[粉丝团 Lv10]
2026-05-20 12:04:49,75956341032,唯一,[捂脸],[等级16],[粉丝团 Lv10]
2026-05-20 12:04:49,74443425886,小透明,520快乐,[等级23],[粉丝团 Lv3]
2026-05-20 12:04:50,93040265023,铭辰,520快乐,[等级27],[粉丝团 Lv13]
2026-05-20 12:04:50,77386830650,-张景行·自持,迟到就是迟到  狡辩,[等级26],[粉丝团 Lv4]
2026-05-20 12:04:50,3228621261774320,湫！,520快乐,[等级11],[粉丝团 Lv12]
2026-05-20 12:04:50,59418826694,老巫婆,拼豆呢,[等级33],[粉丝团 Lv14]
2026-05-20 12:04:50,2782225270309235,问心,520快乐,[等级13],[粉丝团 Lv8]
2026-05-20 12:04:51,2981488507235368,05.18,这个皮肤几级了,[等级3],
2026-05-20 12:04:52,2285263533652560,想成为百万先生,为什么一个人打,[等级1],
2026-05-20 12:04:54,3507876308727116,回忆,520快乐,[等级30],[粉丝团 Lv12]
2026-05-20 12:04:56,1257437656002798,某某.,喊派出所拿枪来打,[等级34],[粉丝团:张君雅 Lv16]
2026-05-20 12:04:58,2510895138218599,刘一叨,深情发红包了,[等级29],[粉丝团 Lv10]
2026-05-20 12:04:58,105450254976,💋最长情的告白💋,中午好,[等级9],
2026-05-20 12:04:58,2946315483621007,杪諒,终于来了,[等级31],[粉丝团 Lv10]
2026-05-20 12:04:59,69513036064,小小韩,我儿子说。只看君雅姐姐的直播,[等级13],[粉丝团 Lv10]
2026-05-20 12:05:00,2782225270309235,问心,520快乐,[等级13],[粉丝团 Lv8]
2026-05-20 12:05:00,75926745555,喳喳贝,老黑来喽,[等级32],[粉丝团 Lv6]
2026-05-20 12:05:01,63154448945,燃尽～,延迟：又是我背锅[捂脸],[等级12],[粉丝团 Lv12]
2026-05-20 12:05:03,77243413347,A杨先生,下次不要迟到哦,[等级20],[粉丝团 Lv1]
2026-05-20 12:05:05,104302277817,清風幾許,老黑，豆豆拼好了吗？,[等级15],
2026-05-20 12:05:06,55159220102,BWRZ（记录美好）,[发呆][干饭人][发呆][干饭人],[等级36],[粉丝团 Lv16]
2026-05-20 12:05:06,301691724106804,我真帅气！,猫局呢？,[等级10],[粉丝团 Lv4]
2026-05-20 12:05:07,1827809526030755,君雅酒店对面老黑,祝大家520快乐🎊,[等级12],[粉丝团 Lv8]
2026-05-20 12:05:07,105954055687,曉祉🧸@🐏✨,[捂脸],[等级20],[粉丝团 Lv12]
2026-05-20 12:05:08,97764985902,少华,等了36个小时终于来了[捂脸],[等级15],[粉丝团 Lv7]
2026-05-20 12:05:09,3047482674388180,菜场在逃肥鸡,好诡异啊哈哈哈哈,[等级20],[粉丝团 Lv9]
2026-05-20 12:05:11,98880459741,浩哥哥,哇，这不是张老黑嘛,[等级11],
2026-05-20 12:05:13,2418570760305576,香菜不加葱,啊啊啊啊啊啊,[等级1],[粉丝团 Lv1]
2026-05-20 12:05:13,7549456355062170681,还没想好~,你终于来了[捂脸],,
2026-05-20 12:05:13,109756665406,ᑮéиg宝🧸ོ,520快乐520快乐,[等级29],[粉丝团 Lv12]
2026-05-20 12:05:17,105330572246,阿雨.,等你等得好辛苦啊蛋,[等级14],[粉丝团 Lv5]
2026-05-20 12:05:21,84159073433,不入戏🍃,520快乐520快乐520快乐,[等级21],[粉丝团 Lv12]
2026-05-20 12:05:22,61135305063,ღᩚ俗人,520快乐,[等级33],[粉丝团 Lv7]
2026-05-20 12:05:22,94301009628,-释然,卡了吗咋不动,[等级20],[粉丝团 Lv6]
2026-05-20 12:05:23,104862346759,涛哥🐯,520快乐,[等级15],[粉丝团 Lv10]
2026-05-20 12:05:23,63154448945,燃尽～,520快乐,[等级12],[粉丝团 Lv12]
2026-05-20 12:05:24,98714916130,心碎_也完美、,520快乐,[等级11],[粉丝团 Lv9]
2026-05-20 12:05:24,84159073433,不入戏🍃,[捂脸][捂脸][捂脸],[等级21],[粉丝团 Lv12]
2026-05-20 12:05:26,2170912010143284,Yeri.,520快乐520快乐520快乐,[等级15],[粉丝团 Lv10]
2026-05-20 12:05:26,67936016602,黑风寨萧瑟(嗷呜~),520快乐520快乐520快乐,[等级29],[粉丝团 Lv15]
2026-05-20 12:05:27,85751471785,s y j 811,老黑开门,[等级1],
2026-05-20 12:05:27,4312733019815760,雾里寻花,我是延迟我就不道歉[捂脸],[等级13],[粉丝团 Lv11]
2026-05-20 12:05:27,4004835685841444,㞢卄,昨天为什么没播,[等级9],
2026-05-20 12:05:29,88125133521,我的世界,对对对,[等级8],[粉丝团 Lv9]
2026-05-20 12:05:29,1881983920385927,希芙,？[尴尬流汗],[等级4],
2026-05-20 12:05:29,110895971722,一个人挺好…👿,没有男盆友就直说[捂脸][捂脸],[等级24],[粉丝团 Lv9]
2026-05-20 12:05:29,55159220102,BWRZ（记录美好）,笑死(„ಡωಡ„),[等级36],[粉丝团 Lv16]
2026-05-20 12:05:29,56357217518,￴ ￴ ￴￴ ￴ ￴ ￴ ￴￴ ￴,和我过,[等级39],
2026-05-20 12:05:31,3258592301431272,添加标签,520快乐,[等级2],[粉丝团 Lv3]
2026-05-20 12:05:31,2959521809185998,ᝰ秋逸枫,520快乐520快乐520快乐,[等级13],
2026-05-20 12:05:31,93022343559,小关关呐🧸,520快乐520快乐520快乐,[等级28],[粉丝团 Lv11]
2026-05-20 12:05:31,109592513374,宸宸大王,520快乐,[等级2],[粉丝团 Lv4]
2026-05-20 12:05:31,85081289813,木又,520快乐,[等级7],[粉丝团 Lv6]
2026-05-20 12:05:31,85751471785,s y j 811,开门开门,[等级1],
2026-05-20 12:05:31,7549456355062170681,还没想好~,520快乐,,
2026-05-20 12:05:31,3232152101332788,揽月,老黑,[等级21],[粉丝团 Lv3]
2026-05-20 12:05:31,301691724106804,我真帅气！,[捂脸][捂脸][捂脸],[等级10],[粉丝团 Lv4]
2026-05-20 12:05:31,95487062869,kiKijimmy,520快乐,,
2026-05-20 12:05:31,83938218726,老爸,局哥昨天三把p90,[等级16],[粉丝团 Lv4]
2026-05-20 12:05:32,52727051848,玫瑰,520快乐520快乐520快乐,[等级30],[粉丝团 Lv9]
2026-05-20 12:05:32,552389699714740,给你一坨子👀,520快乐,[等级11],[粉丝团 Lv10]
2026-05-20 12:05:33,2188469881020916,🍓,520快乐,[等级6],[粉丝团 Lv4]
2026-05-20 12:05:33,932830782428544,肖恩Sean,520快乐,[等级14],[粉丝团 Lv6]
2026-05-20 12:05:34,92298461320,说反话,爱播,[等级10],[粉丝团 Lv10]
2026-05-20 12:05:34,1908359844341711,未微,520快乐,[等级6],
2026-05-20 12:05:35,3853110172199261,吃点猫耳朵,和菜园子过[互粉],[等级10],[粉丝团 Lv8]
2026-05-20 12:05:35,4396271077429632,树下菩提果丶,她过也得半夜偷摸出去,[等级10],[粉丝团 Lv4]
2026-05-20 12:05:35,98134956314,沐小辰✨,我们都是小宝贝[捂脸],[等级27],[粉丝团 Lv15]
2026-05-20 12:05:36,108641201037,夕禾·浅,520快乐520快乐520快乐,[等级13],
2026-05-20 12:05:36,2188469881020916,🍓,520快乐520快乐520快乐,[等级6],[粉丝团 Lv4]
2026-05-20 12:05:36,7549456355062170681,还没想好~,520快乐,,
2026-05-20 12:05:36,1733297090883171,OK谢谢,昨晚520已经过了吧[看],[等级16],[粉丝团 Lv3]
2026-05-20 12:05:37,466670364393783,袖下敛青川,吧,[等级14],[粉丝团 Lv1]
2026-05-20 12:05:37,2959521809185998,ᝰ秋逸枫,520快乐520快乐520快乐,[等级13],
2026-05-20 12:05:38,52727051848,玫瑰,520快乐520快乐520快乐,[等级30],[粉丝团 Lv9]
2026-05-20 12:05:38,57614644352,腐,[比心],[等级34],[粉丝团 Lv11]
2026-05-20 12:05:38,105330572246,阿雨.,你昨天没直播我饭都吃不下,[等级14],[粉丝团 Lv5]
2026-05-20 12:05:38,1605728164920496,Louis koo,阿立在没,[等级34],
2026-05-20 12:05:38,3855359904083052,“22”,咋天晚上没直播？,[等级6],
2026-05-20 12:05:40,100676851075,一大块腹肌,单身老黑,[等级19],[粉丝团 Lv10]
2026-05-20 12:05:40,2188469881020916,🍓,520快乐520快乐520快乐,[等级6],[粉丝团 Lv4]
2026-05-20 12:05:41,383067601516935,回城补个妆,520快乐,[等级11],[粉丝团 Lv6]
2026-05-20 12:05:41,61671323616,大宝贝（重生版）,老黑不是重色轻粉丝的人[捂脸],[等级26],[粉丝团 Lv12]
2026-05-20 12:05:41,932830782428544,肖恩Sean,520快乐520快乐520快乐,[等级14],[粉丝团 Lv6]
2026-05-20 12:05:41,7549456355062170681,还没想好~,520快乐,,
2026-05-20 12:05:42,1530984964305075,香菜味木瓜,520快乐,[等级17],
2026-05-20 12:05:42,88125133521,我的世界,520快乐520快乐520快乐,[等级8],[粉丝团 Lv9]
2026-05-20 12:05:42,747307397549320,💗樂朵💗,520快乐,[等级6],[粉丝团 Lv8]
2026-05-20 12:05:42,84828973779,来日无方长,520快乐,[等级13],[粉丝团 Lv12]
2026-05-20 12:05:42,2959521809185998,ᝰ秋逸枫,520快乐520快乐520快乐,[等级13],
2026-05-20 12:05:42,52727051848,玫瑰,520快乐520快乐520快乐,[等级30],[粉丝团 Lv9]
2026-05-20 12:05:42,108175025636,haijuen,520快乐,[等级12],[粉丝团 Lv10]
2026-05-20 12:05:42,86562890288,ㅤ　 ㅤ顺利朱,520快乐,[等级20],[粉丝团 Lv11]
2026-05-20 12:05:42,61940754171,木一三分,跟深情,[等级17],[粉丝团 Lv12]
2026-05-20 12:05:42,67479174300,冲凉百香果,520快乐,[等级16],
2026-05-20 12:05:43,3765201499085319,匹夫,520快乐叫声老公听听,[等级17],[粉丝团 Lv9]
2026-05-20 12:05:43,59195173455,童话,我迟到了，给我道歉,[等级1],
2026-05-20 12:05:44,2207416305857560,晨'、⁹⁹⁹⁹⁹,[看]宝贝长，宝贝短，宝贝无聊又不管,[等级39],[粉丝团 Lv11]
2026-05-20 12:05:44,1525761913136445,🎣去钓鱼吖,嫂子我来了,[等级27],[粉丝团 Lv9]
2026-05-20 12:05:44,690125102658323,黑猫@警长,队友会不会来看你直播了[捂脸][捂脸][捂脸][捂脸],[等级24],[粉丝团 Lv12]
2026-05-20 12:05:44,4162095481363833,mrtang,没有你[比心][比心]我怎么办,,
2026-05-20 12:05:44,101652309387,Cc.,什么音乐,[等级4],
2026-05-20 12:05:44,7549456355062170681,还没想好~,520快乐520快乐520快乐,,
2026-05-20 12:05:48,53136197759,𝗦·𝗝𝘂𝗻¹²𝗟𝗲𝗼𖠚ᐝ,520快乐,[等级28],[粉丝团 Lv15]
2026-05-20 12:05:48,111383523563,风清扬,还好有老黑520快乐,[等级20],[粉丝团 Lv12]
2026-05-20 12:05:49,7549456355062170681,还没想好~,520快乐520快乐520快乐,,
2026-05-20 12:05:49,4310549579694780,@你,菊哥昨晚是不是老黑你给操作，菊哥配音的,[等级15],[粉丝团 Lv10]
2026-05-20 12:05:49,2959521809185998,ᝰ秋逸枫,520快乐520快乐520快乐,[等级13],
2026-05-20 12:05:51,7409694092488164412,一生一世亿双人,老黑没有男朋友 不跟我们过跟谁过[尬笑][尬笑][尬笑][尬笑][尬笑][尬笑],[等级33],[粉丝团 Lv9]
2026-05-20 12:05:51,1827809526030755,君雅酒店对面老黑,祝君雅520快乐520快乐520快乐520快乐,[等级12],[粉丝团 Lv8]
2026-05-20 12:05:52,77386830650,-张景行·自持,猫局昨天晚上吃的饱饱的,[等级26],[粉丝团 Lv4]
2026-05-20 12:05:52,2959521809185998,ᝰ秋逸枫,520快乐520快乐520快乐,[等级13],
2026-05-20 12:05:52,52727051848,玫瑰,520快乐520快乐520快乐,[等级30],[粉丝团 Lv9]
2026-05-20 12:05:54,93536983676,空调安装,520快乐,[等级12],[粉丝团 Lv11]
2026-05-20 12:05:54,71074166083,乔巴,520快乐520快乐520快乐,[等级34],[粉丝团 Lv11]
2026-05-20 12:05:54,4503688093516652,马老六,咋不是过520跟才扁扁秀恩爱秀的我们一嘴狗粮,,
2026-05-20 12:05:55,97730039716,尘染墨轩,五个坚持两个都要零犯罪,[等级21],[粉丝团 Lv10]
2026-05-20 12:05:56,69549195417,久睡成瘾,你们卡吗，我今天怎么这么卡。。,[等级26],[粉丝团 Lv9]
2026-05-20 12:05:57,52727051848,玫瑰,520快乐,[等级30],[粉丝团 Lv9]
2026-05-20 12:06:00,2959521809185998,ᝰ秋逸枫,520快乐520快乐520快乐,[等级13],
2026-05-20 12:06:00,3047482674388180,菜场在逃肥鸡,我要笑死了,[等级20],[粉丝团 Lv9]
2026-05-20 12:06:00,3091667499,重拾山河,看老黑直播还是能学到东西，昨晚决赛圈1V2V3自闭烟一起竟然吃鸡,[等级24],[粉丝团 Lv1]
2026-05-20 12:06:02,60519941988,凉拌脚趾头,好僵硬,[等级12],[粉丝团 Lv6]
2026-05-20 12:06:03,68278570215,🌟锦霄🌟,520快乐,[等级19],[粉丝团 Lv14]
2026-05-20 12:06:03,3043058096026183,迎风撒尿手插兜,阮侠,[等级30],[粉丝团 Lv8]
2026-05-20 12:06:03,4012576918475628,三岁,520快乐,[等级15],[粉丝团 Lv6]
2026-05-20 12:06:06,3447669008126471,π²,有没有可能是没人约！！！[看][看][看],[等级39],[粉丝团:张君雅 Lv18]
2026-05-20 12:06:06,3872950454324472,🍃🍀,520快乐,[等级13],
2026-05-20 12:06:06,68278570215,🌟锦霄🌟,520快乐520快乐520快乐,[等级19],[粉丝团 Lv14]
2026-05-20 12:06:08,3073872191297821,zZ,要不然带上菜园子吧，好歹520,[等级27],[粉丝团 Lv15]
2026-05-20 12:06:13,83938218726,老爸,局哥昨天三把p90[看]，老黑你怎么看,[等级16],[粉丝团 Lv4]
2026-05-20 12:06:13,840493498901248,小强爱说笑话,好累哦,[等级3],[粉丝团 Lv5]
2026-05-20 12:06:13,106147658428,用户2898715465170,吃鸡吃鸡，不吃鸡我不吃饭,[等级1],
2026-05-20 12:06:15,102469975321,✨名门⭐️,好嘚呀！[捂脸][捂脸][捂脸],[等级19],[粉丝团 Lv15]
2026-05-20 12:06:17,2008152259705040,汉、歼的审判者,@晨'、⁹⁹⁹⁹⁹ [抱抱你][抱抱你][抱抱你],[等级15],[粉丝团 Lv12]
2026-05-20 12:06:20,61748084992,川沙贝贝贝贝贝贝,好想你,[等级19],[粉丝团 Lv10]
2026-05-20 12:06:22,7549456355062170681,还没想好~,昨天晚上模仿你的操作，一把都没吃到鸡🐔,,
2026-05-20 12:06:22,1838838104734926,花匠小马,豆豆,[等级34],[粉丝团 Lv15]
2026-05-20 12:06:23,7635925886759601211,A为生活苦寻富婆,老黑 520别打游戏了 约会去,,
2026-05-20 12:06:25,2959521809185998,ᝰ秋逸枫,520快乐520快乐520快乐,[等级13],
2026-05-20 12:06:26,103394089947,√ fail(＞)×succee,俊雅,[等级11],
2026-05-20 12:06:27,1881983920385927,希芙,哈哈哈哈哈,[等级4],
2026-05-20 12:06:28,100105179954,枫🍁叶,[送花][送花][送花],[等级33],[粉丝团 Lv8]
2026-05-20 12:06:29,2959521809185998,ᝰ秋逸枫,520快乐520快乐520快乐,[等级13],
2026-05-20 12:06:30,2188469881020916,🍓,520快乐520快乐520快乐,[等级6],[粉丝团 Lv4]
2026-05-20 12:06:31,98460975967,ەㅤㅤㅤㅤㅤㅤㅤㅤㅤ一个蛋🥚 ㅤㅤㅤㅤ,歪比巴卜520快乐,[等级34],[粉丝团 Lv10]
2026-05-20 12:06:31,91822771980,💜U U💜,520快乐,[等级21],[粉丝团 Lv11]
2026-05-20 12:06:33,2959521809185998,ᝰ秋逸枫,520快乐520快乐520快乐,[等级13],
2026-05-20 12:06:33,111318541962,late,你开麦啊小雅，,[等级15],[粉丝团 Lv2]
2026-05-20 12:06:34,101795391933,坦然面对,5020,[等级18],[粉丝团 Lv2]
2026-05-20 12:06:35,2188469881020916,🍓,520快乐520快乐,[等级6],[粉丝团 Lv4]
2026-05-20 12:06:36,2984502456237699,汪汪小汪,我要去匹,[等级32],[粉丝团 Lv15]
2026-05-20 12:06:36,73330049117,一代村帅钱三爷,猫儿呢,[等级15],[粉丝团 Lv11]
2026-05-20 12:06:36,109712085538,🦈,520快乐520快乐520快乐,[等级14],
2026-05-20 12:06:37,4162095481363833,mrtang,一开播就发福袋,,
2026-05-20 12:06:37,103394089947,√ fail(＞)×succee,老黑豆,[等级11],
2026-05-20 12:06:37,2959521809185998,ᝰ秋逸枫,520快乐520快乐520快乐,[等级13],
2026-05-20 12:06:38,1095530820415629,𝓑𝓑,520快乐,[等级23],[粉丝团 Lv10]
2026-05-20 12:06:39,3648620817810563,૮₍˃̶ꇴ˂̶₎ა,520快乐,[等级7],[粉丝团 Lv8]
2026-05-20 12:06:39,2188469881020916,🍓,520快乐520快乐520快乐,[等级6],[粉丝团 Lv4]
2026-05-20 12:06:39,7429498621357540409,不善言辞,520快乐520快乐520快乐,[等级22],[粉丝团 Lv14]
2026-05-20 12:06:39,101652309387,Cc.,什么音乐,[等级4],
2026-05-20 12:06:39,59260357003,✨罗某某✨,7分钟过去了，这是第二把了吗,[等级18],[粉丝团 Lv11]
2026-05-20 12:06:40,1257437656002798,某某.,你的拼豆呢,[等级34],[粉丝团:张君雅 Lv16]
2026-05-20 12:06:40,108836357580,再会,520快乐520快乐,[等级30],[粉丝团 Lv4]
2026-05-20 12:06:40,111007266356,🔱守望w,以为过节去了[抠鼻],[等级29],[粉丝团 Lv15]
2026-05-20 12:06:41,2008152259705040,汉、歼的审判者,@雾里看晨曦 [抱抱你][抱抱你][抱抱你],[等级15],[粉丝团 Lv12]
2026-05-20 12:06:41,328116718277744,🌈小小曦很愤怒,啥意思？一把这么快结束了？,[等级22],
2026-05-20 12:06:41,65318692375,似水流年,520快乐520快乐520快乐,[等级18],[粉丝团 Lv13]
2026-05-20 12:06:42,1445171387448683,冷顏,你队友呢，有单排做老六,,
2026-05-20 12:06:43,2188469881020916,🍓,520快乐520快乐520快乐,[等级6],[粉丝团 Lv4]
2026-05-20 12:06:43,101652309387,Cc.,什么音乐,[等级4],
2026-05-20 12:06:43,99348431384,拉住半挂跑,1,[等级14],[粉丝团 Lv2]
2026-05-20 12:06:43,2959521809185998,ᝰ秋逸枫,520快乐520快乐520快乐,[等级13],
2026-05-20 12:06:43,118363425610868,★ · 十月冬羊．,520快乐,[等级22],[粉丝团 Lv15]
2026-05-20 12:06:45,1560918550920334,你若嫁ᰔᩚ࿐我便娶,登场 看看,[等级16],
2026-05-20 12:06:45,3043058096026183,迎风撒尿手插兜,阮侠,[等级30],[粉丝团 Lv8]
2026-05-20 12:06:45,4162095481363833,mrtang,人气高的时候再发福袋啊,,
2026-05-20 12:06:45,111318541962,late,开麦队友包不退的，小雅,[等级15],[粉丝团 Lv2]
2026-05-20 12:06:46,109407471785,9是帅,520快乐520快乐520快乐,[等级31],[粉丝团 Lv11]
2026-05-20 12:06:47,63173469632,小K,@阿雨. 下饭主编么[捂脸],[等级14],[粉丝团 Lv8]
2026-05-20 12:06:47,3175859585296591,今晚早点睡.,520快乐,[等级3],[粉丝团 Lv3]
2026-05-20 12:06:47,97600677185,晓乔治ovo,520快乐,[等级38],[粉丝团 Lv13]
2026-05-20 12:06:47,2959521809185998,ᝰ秋逸枫,520快乐520快乐,[等级13],
2026-05-20 12:06:48,2188469881020916,🍓,520快乐520快乐520快乐,[等级6],[粉丝团 Lv4]
2026-05-20 12:06:48,3047482674388180,菜场在逃肥鸡,为什么这个双人动作这么搞笑,[等级20],[粉丝团 Lv9]
2026-05-20 12:06:49,105622673029,王先生,张雅坤,[等级12],[粉丝团 Lv12]
2026-05-20 12:06:49,118363425610868,★ · 十月冬羊．,520快乐,[等级22],[粉丝团 Lv15]
2026-05-20 12:06:50,2959521809185998,ᝰ秋逸枫,520快乐520快乐520快乐,[等级13],
2026-05-20 12:06:50,68316188156,三七-,主播用的什么平板,[等级14],
2026-05-20 12:06:51,3082649067852748,老baby,怎么调画质,[等级7],
2026-05-20 12:06:51,98460975967,ەㅤㅤㅤㅤㅤㅤㅤㅤㅤ一个蛋🥚 ㅤㅤㅤㅤ,520快乐520快乐520快乐,[等级34],[粉丝团 Lv10]
2026-05-20 12:06:51,3175859585296591,今晚早点睡.,520快乐520快乐520快乐,[等级3],[粉丝团 Lv3]
2026-05-20 12:06:52,7635925886759601211,A为生活苦寻富婆,老黑 别打游戏了 约会去了[呲牙],,
2026-05-20 12:06:55,104404843279,清风♀,520快乐,[等级13],[粉丝团 Lv8]
2026-05-20 12:06:56,3345147599527159,乔峰✨,双人运动？,[等级4],
2026-05-20 12:06:56,1827809526030755,君雅酒店对面老黑,君雅520快乐520快乐520快乐,[等级12],[粉丝团 Lv8]
2026-05-20 12:06:56,82600205653,Question,520快乐,[等级1],
2026-05-20 12:06:56,111438249801,吴哈妮,迟到了,[等级20],[粉丝团 Lv11]
2026-05-20 12:06:58,94205687834,噗嗤,爱你哟,[等级34],
2026-05-20 12:06:58,73569757746,小丑鱼,第一把落地成盒，现在第二把,[等级9],[粉丝团 Lv9]
2026-05-20 12:06:59,60519941988,凉拌脚趾头,520快乐,[等级12],[粉丝团 Lv6]
2026-05-20 12:07:04,103858480878,老顽童,520快乐520快乐,[等级22],[粉丝团 Lv11]
2026-05-20 12:07:05,91502590619,这滴纯色的雨 ̳,520快乐雅雅520快乐520快乐520快乐,[等级4],[粉丝团 Lv2]
2026-05-20 12:07:05,110567175717,☞靓☜,已经入手了,[等级39],[粉丝团 Lv7]
2026-05-20 12:07:08,75300830217,小 胖 超,今天不想听那么甜的歌，想听分手快乐,[等级14],[粉丝团 Lv13]
2026-05-20 12:07:08,59852485642,情̶绪̶̶,520快乐,[等级13],[粉丝团 Lv9]
2026-05-20 12:07:08,301691724106804,我真帅气！,520快乐520快乐520快乐,[等级10],[粉丝团 Lv4]
2026-05-20 12:07:09,98109288584,冬月初八,你家屋头520快乐,[等级32],
2026-05-20 12:07:13,59852485642,情̶绪̶̶,520快乐520快乐520快乐,[等级13],[粉丝团 Lv9]
2026-05-20 12:07:13,3795140168657294,安于时光,520快乐520快乐520快乐,[等级19],[粉丝团 Lv15]
2026-05-20 12:07:14,95042595351,热巴绯闻女友,520快乐,[等级15],[粉丝团 Lv12]
2026-05-20 12:07:14,2008152259705040,汉、歼的审判者,@张君雅的啤酒瓶 [抱抱你][抱抱你][抱抱你],[等级15],[粉丝团 Lv12]
2026-05-20 12:07:14,60476701053,超级强化暴龙,为啥不是红色的粉丝团标了嗷 家人们,[等级10],[粉丝团 Lv7]
2026-05-20 12:07:15,1838838104734926,花匠小马,拼豆,[等级34],[粉丝团 Lv15]
2026-05-20 12:07:18,3853110172199261,吃点猫耳朵,二号是主播吗,[等级10],[粉丝团 Lv8]
2026-05-20 12:07:18,3232152101332788,揽月,啥,[等级21],[粉丝团 Lv3]
2026-05-20 12:07:18,59852485642,情̶绪̶̶,520快乐520快乐520快乐,[等级13],[粉丝团 Lv9]
2026-05-20 12:07:19,63416229807,风沙迷了眼⁵¹⁰⁷⁴,？,[等级21],[粉丝团 Lv15]
2026-05-20 12:07:19,2480143996559767,……,带我玩可以吗,,
2026-05-20 12:07:19,2510895138218599,刘一叨,你得豆拼好了吗,[等级29],[粉丝团 Lv10]
2026-05-20 12:07:20,59418826694,老巫婆,点赞点到取消关注了[捂脸],[等级33],[粉丝团 Lv14]
2026-05-20 12:07:21,75956341032,唯一,来三把了,[等级16],[粉丝团 Lv10]
2026-05-20 12:07:22,3765201499085319,匹夫,叫老公,[等级17],[粉丝团 Lv9]
2026-05-20 12:07:22,2568050128216797,・半球・,520快乐,[等级20],[粉丝团 Lv14]
2026-05-20 12:07:24,769253535921340,QQ糖🍬ぃ,[520快乐_520快乐][520快乐_520快乐][520快乐_520快乐],[等级19],[粉丝团 Lv12]
2026-05-20 12:07:24,105622673029,王先生,你一万多个老公[捂脸][捂脸][捂脸],[等级12],[粉丝团 Lv12]
2026-05-20 12:07:24,2959521809185998,ᝰ秋逸枫,520快乐520快乐520快乐,[等级13],
2026-05-20 12:07:24,1205486806637383,🥣🎮,孩子多大了,[等级2],
2026-05-20 12:07:24,492207567278264,ꕥ᭄🌱夏夏ꦿᩚ,你老公是谁,[等级28],[粉丝团 Lv10]
2026-05-20 12:07:25,59852485642,情̶绪̶̶,520快乐520快乐520快乐,[等级13],[粉丝团 Lv9]
2026-05-20 12:07:26,2968316065096828,橘子再睡一会儿,520快乐520快乐520快乐,[等级13],[粉丝团 Lv10]
2026-05-20 12:07:27,77440024452,꧁转角꧂,反正不是我[捂脸][捂脸][捂脸],[等级31],[粉丝团 Lv11]
2026-05-20 12:07:28,93047518241,風止于秋水,老黑感冒了吗,[等级23],[粉丝团 Lv11]
2026-05-20 12:07:28,82200572907,🎃Damn,1,[等级30],[粉丝团 Lv9]
2026-05-20 12:07:29,4164585085745843,秋山澪,1,[等级22],[粉丝团 Lv11]
2026-05-20 12:07:29,59197600987,冬玥,3,[等级13],[粉丝团 Lv10]
2026-05-20 12:07:29,63416229807,风沙迷了眼⁵¹⁰⁷⁴,12,[等级21],[粉丝团 Lv15]
2026-05-20 12:07:29,86617034640,失意,1,[等级25],[粉丝团:张君雅 Lv12]
2026-05-20 12:07:29,110012786240,小猫饼,11112222,[等级22],[粉丝团 Lv12]
2026-05-20 12:07:29,3047482674388180,菜场在逃肥鸡,1,[等级20],[粉丝团 Lv9]
2026-05-20 12:07:30,97713593820,iD,1,[等级10],[粉丝团 Lv4]
2026-05-20 12:07:30,105622673029,王先生,22,[等级12],[粉丝团 Lv12]
2026-05-20 12:07:30,66286275708,心甘,1,[等级10],[粉丝团 Lv7]
2026-05-20 12:07:30,2959521809185998,ᝰ秋逸枫,520快乐520快乐520快乐,[等级13],
2026-05-20 12:07:30,101466830452,🐾 ʚʕ̯•͡˔•̯᷅ʔ蓝桉,1,[等级26],[粉丝团 Lv11]
2026-05-20 12:07:30,98714916130,心碎_也完美、,2,[等级11],[粉丝团 Lv9]
2026-05-20 12:07:30,847094502918092,雨停了,2,[等级3],[粉丝团 Lv5]
2026-05-20 12:07:31,100151470271,A.💋¹⁹⁹³,2,[等级11],
2026-05-20 12:07:31,98373352228,W！,2,[等级41],[粉丝团 Lv12]
2026-05-20 12:07:31,3214585681423084,Thorn曼陀罗,111,[等级13],
2026-05-20 12:07:31,88066076164,凪卄ᵐʸ,1,[等级20],[粉丝团 Lv8]
2026-05-20 12:07:31,1469371716993912,懒杨杨,1,[等级18],[粉丝团 Lv11]
2026-05-20 12:07:31,59852485642,情̶绪̶̶,2,[等级13],[粉丝团 Lv9]
2026-05-20 12:07:31,42222293880714,六六柠,1,[等级6],[粉丝团 Lv9]
2026-05-20 12:07:31,91822771980,💜U U💜,1,[等级21],[粉丝团 Lv11]
2026-05-20 12:07:31,74384873108843,☾⋆᭄ 神说要有光💋,3,[等级25],[粉丝团 Lv8]
2026-05-20 12:07:31,63428018535,表弟（地铁逃生）,222222222520快乐,[等级29],[粉丝团 Lv3]
2026-05-20 12:07:31,1838847804575764,老农民A1,[害羞][害羞][害羞][害羞]222222,[等级33],[粉丝团 Lv15]
2026-05-20 12:07:31,1728874239763085,雪梨梨梨,1,[等级8],[粉丝团 Lv11]
2026-05-20 12:07:32,79491993868,都是美颜别上当,2,[等级11],[粉丝团 Lv1]
2026-05-20 12:07:32,2968316065096828,橘子再睡一会儿,1212121212121212,[等级13],[粉丝团 Lv10]
2026-05-20 12:07:32,1257437656002798,某某.,111,[等级34],[粉丝团:张君雅 Lv16]
2026-05-20 12:07:32,73135359179,后感yu,2222,[等级31],[粉丝团 Lv11]
2026-05-20 12:07:32,4327327124957102,湘G•王小二,2,[等级28],[粉丝团 Lv14]
2026-05-20 12:07:32,4088413809017098,如果˙,2,[等级19],[粉丝团 Lv1]
2026-05-20 12:07:33,71400351995,战狼,大老黑,[等级41],
2026-05-20 12:07:33,111024895117,努力搞钱,2222,[等级14],[粉丝团 Lv3]
2026-05-20 12:07:33,4226980784639853,🌈苏阳,2,[等级21],[粉丝团 Lv13]
2026-05-20 12:07:33,365494260998606,拥你久暖-,2,[等级20],[粉丝团 Lv8]
2026-05-20 12:07:33,2937526807441763,陈平安i,2,[等级24],[粉丝团 Lv10]
2026-05-20 12:07:33,103027030406,关心_Oo,2,[等级22],
2026-05-20 12:07:33,82354451505,GG   Bond,6,[等级36],
2026-05-20 12:07:33,96891130642,小肆,22222222,[等级5],[粉丝团 Lv4]
2026-05-20 12:07:33,91502590619,这滴纯色的雨 ̳,111,[等级4],[粉丝团 Lv2]
2026-05-20 12:07:33,2170912010143284,Yeri.,111520快乐520快乐520快乐,[等级15],[粉丝团 Lv10]
2026-05-20 12:07:33,104448343670,七安·,1,[等级13],[粉丝团 Lv8]
2026-05-20 12:07:34,662344289488011,小羊pupu,2,[等级14],[粉丝团 Lv4]
2026-05-20 12:07:34,2752776078632967,飞飞飞,3,[等级25],[粉丝团 Lv10]
2026-05-20 12:07:34,97705467114,ジ晴宝🩷,1,[等级25],[粉丝团 Lv12]
2026-05-20 12:07:35,7502756599719920699,Game over,2222,[等级22],
2026-05-20 12:07:35,325933516994237,*,33333333,[等级14],
2026-05-20 12:07:35,98211015545,金浅浅～,2,[等级14],[粉丝团 Lv12]
2026-05-20 12:07:35,98196563519,识趣,1,[等级19],[粉丝团 Lv11]
2026-05-20 12:07:35,3648620817810563,૮₍˃̶ꇴ˂̶₎ა,111,[等级7],[粉丝团 Lv8]
2026-05-20 12:07:35,70266960623,豆豆豆总,1,[等级24],[粉丝团 Lv11]
2026-05-20 12:07:35,794292584977896,ℳℒℴѵℯ·李·ꦿ໊ོ⁵²⁰@,2,[等级3],[粉丝团 Lv5]
2026-05-20 12:07:35,175538554811668,花样男,2,[等级15],[粉丝团 Lv8]
2026-05-20 12:07:35,1737704198900622,一条牡丹花味的咸鱼,2,[等级18],
2026-05-20 12:07:35,2859210562345855,坤烨,1,[等级22],[粉丝团 Lv11]
2026-05-20 12:07:35,2958105023885059,听风就是雨。,4,[等级10],[粉丝团 Lv11]
2026-05-20 12:07:35,101926859943,折.,2,[等级12],[粉丝团 Lv11]
2026-05-20 12:07:36,93477201044,☞♡㿝氼♡☜,1,[等级34],[粉丝团 Lv14]
2026-05-20 12:07:36,3333364990352207,棐木,2,[等级4],
2026-05-20 12:07:37,2959521809185998,ᝰ秋逸枫,520快乐520快乐520快乐,[等级13],
2026-05-20 12:07:37,3478466840494503,晓哓无名乀,2,[等级15],[粉丝团 Lv11]
2026-05-20 12:07:37,301691724106804,我真帅气！,111,[等级10],[粉丝团 Lv4]
2026-05-20 12:07:37,4088413809017098,如果˙,3,[等级19],[粉丝团 Lv1]
2026-05-20 12:07:37,638164654111015,ℳ̶̶̶̶♡̶҉꧔ꦿ໊ོﻬ清寂࿐,2,[等级8],[粉丝团 Lv10]
2026-05-20 12:07:37,1326484604585404,z。,12,[等级14],[粉丝团 Lv4]
2026-05-20 12:07:37,85680056662,言西^^早呀！,1,[等级11],[粉丝团 Lv10]
2026-05-20 12:07:37,76498623494,ㅤㅤㅤ       ㅤㅤㅤ,2,[等级10],[粉丝团 Lv2]
2026-05-20 12:07:37,3259430041036092,镶嵌我的心,1,[等级8],[粉丝团 Lv2]
2026-05-20 12:07:38,64620865007,小蛋糕🍰,12,[等级31],[粉丝团 Lv10]
2026-05-20 12:07:38,61510681296,郭松塬,2,[等级17],[粉丝团 Lv15]
2026-05-20 12:07:38,104697320931,爸 爸,2,[等级29],[粉丝团 Lv12]
2026-05-20 12:07:38,76786388221,🌈 海龍_,1,[等级24],[粉丝团 Lv11]
2026-05-20 12:07:38,69654624609,温棪,123,[等级30],[粉丝团:张君雅 Lv14]
2026-05-20 12:07:38,88125133521,我的世界,1,[等级8],[粉丝团 Lv9]
2026-05-20 12:07:38,105028180748,🌈🍒好运常在,你老公是不是不同意你谈男朋友,[等级15],
2026-05-20 12:07:39,7549456355062170681,还没想好~,22222,,
2026-05-20 12:07:39,7635925886759601211,A为生活苦寻富婆,3,,
2026-05-20 12:07:39,3408098413512419,心静自然,1,[等级30],[粉丝团 Lv11]
2026-05-20 12:07:39,1306670843301277,纯爱Aquarius～,2,[等级36],[粉丝团 Lv6]
2026-05-20 12:07:39,62556044936,钧澜未央,1,[等级17],[粉丝团 Lv9]
2026-05-20 12:07:39,61861982355,๑҉ W·Oct¹⁸Libra🤍,520快乐,[等级19],[粉丝团 Lv12]
2026-05-20 12:07:39,111024895117,努力搞钱,222,[等级14],[粉丝团 Lv3]
2026-05-20 12:07:39,101681244286,Kk 🐬,3,[等级30],
2026-05-20 12:07:39,98714916130,心碎_也完美、,哈哈哈,[等级11],[粉丝团 Lv9]
2026-05-20 12:07:40,100578145982,🌈Z,4,[等级9],
2026-05-20 12:07:40,59197600987,冬玥,！！！！,[等级13],[粉丝团 Lv10]
2026-05-20 12:07:40,99211459851,三金,2,[等级22],[粉丝团 Lv13]
2026-05-20 12:07:40,2959521809185998,ᝰ秋逸枫,520快乐520快乐520快乐,[等级13],
2026-05-20 12:07:41,3459486950621783,RHM,222222222222222222222222222222222222222,,
2026-05-20 12:07:41,102866523916,我爱任民币,3,[等级16],[粉丝团 Lv10]
2026-05-20 12:07:41,61940754171,木一三分,5,[等级17],[粉丝团 Lv12]
2026-05-20 12:07:41,75956341032,唯一,3,[等级16],[粉丝团 Lv10]
2026-05-20 12:07:41,60030242542,许振伟,我错过了什么,[等级17],[粉丝团 Lv10]
2026-05-20 12:07:42,101893404132,人家是内向腼腆害羞社恐的阿里嘎多美羊羊桑,1212121212121212,[等级4],[粉丝团 Lv8]
2026-05-20 12:07:42,74384873108843,☾⋆᭄ 神说要有光💋,妈妈,[等级25],[粉丝团 Lv8]
2026-05-20 12:07:42,102655415976,hzx,3,[等级22],[粉丝团 Lv3]
2026-05-20 12:07:42,1644525708386619,八九野马,2,[等级21],
2026-05-20 12:07:42,7409694092488164412,一生一世亿双人,@冬玥 [捂脸][捂脸][捂脸][捂脸][捂脸][捂脸],[等级33],[粉丝团 Lv9]
2026-05-20 12:07:43,242319855197896,千门公子,我虽然没有女朋友  但是我有稳定的伴侣,[等级8],
2026-05-20 12:07:43,1169477748916455,戏末,2,[等级18],[粉丝团 Lv7]
2026-05-20 12:07:43,7549456355062170681,还没想好~,2222,,
2026-05-20 12:07:43,1075773400438494,还会再见吗,3,[等级3],[粉丝团 Lv5]
2026-05-20 12:07:43,1873158314404189,甜甜圈Q,9,[等级3],
2026-05-20 12:07:43,69323587162,陈同学,2,[等级19],[粉丝团 Lv11]
2026-05-20 12:07:43,71400351995,战狼,111111111,[等级41],
2026-05-20 12:07:43,7603209621562164273,众人怒我一人看风景,3,,
2026-05-20 12:07:43,2638448110607615,大雄⭐,老奶奶呢,[等级30],
2026-05-20 12:07:44,4040021203236467,南鸢,妈妈,[等级4],[粉丝团 Lv2]
2026-05-20 12:07:44,2285263533652560,想成为百万先生,1,[等级1],
2026-05-20 12:07:44,4503658257446344,🥐cornetto,老黑  昨天麻将输了多少,[等级41],[粉丝团 Lv7]
2026-05-20 12:07:45,7572914980963681329,平凡老己,力工抠鼻屎,[等级27],[粉丝团 Lv11]
2026-05-20 12:07:45,58619480777,Kiki,4,[等级23],[粉丝团 Lv6]
2026-05-20 12:07:45,74767654506,👀,222,[等级17],[粉丝团 Lv11]
2026-05-20 12:07:45,53599471470,A-svvv.,1,[等级18],[粉丝团 Lv11]
2026-05-20 12:07:45,97705467114,ジ晴宝🩷,我差点扣三了[捂脸][捂脸],[等级25],[粉丝团 Lv12]
2026-05-20 12:07:45,2546077208152651,我昰一怾鱼,哇哦，好久不见了你,[等级28],[粉丝团 Lv3]
2026-05-20 12:07:46,99714835766,刘无爱🀄,3,[等级5],[粉丝团 Lv3]
2026-05-20 12:07:46,1033152783988100,兴兴,3,[等级22],
2026-05-20 12:07:46,2172229561625960,好嗨哟,3,[等级25],[粉丝团 Lv13]
2026-05-20 12:07:47,102866523916,我爱任民币,3,[等级16],[粉丝团 Lv10]
2026-05-20 12:07:47,1838838104734926,花匠小马,爸爸扣几,[等级34],[粉丝团 Lv15]
2026-05-20 12:07:47,93298324846,101,老弟扣几,[等级22],[粉丝团 Lv12]
2026-05-20 12:07:47,104771855207,旭博,2,[等级26],
2026-05-20 12:07:47,2959521809185998,ᝰ秋逸枫,520快乐520快乐520快乐,[等级13],
2026-05-20 12:07:47,1024396019894413,冲动是魔鬼,55555,[等级18],[粉丝团 Lv14]
2026-05-20 12:07:47,7549456355062170681,还没想好~,222,,
2026-05-20 12:07:47,1258253943572427,小葱战将,今天配君雅老公过520嘤嘤嘤，明年也要和你一起过,[等级12],[粉丝团 Lv5]
2026-05-20 12:07:48,3184638284016679,村姑代驾小姜,2222,[等级13],[粉丝团 Lv11]
2026-05-20 12:07:49,55159220102,BWRZ（记录美好）,哈哈哈哈哈哈123,[等级36],[粉丝团 Lv16]
2026-05-20 12:07:49,82200572907,🎃Damn,2,[等级30],[粉丝团 Lv9]
2026-05-20 12:07:50,102866523916,我爱任民币,3,[等级16],[粉丝团 Lv10]
2026-05-20 12:07:51,3868526050808891,小新.ovo,妈妈,[等级12],[粉丝团 Lv1]
2026-05-20 12:07:51,93298324846,101,520快乐520快乐520快乐,[等级22],[粉丝团 Lv12]
2026-05-20 12:07:51,2418570760305576,香菜不加葱,333333妈妈～,[等级1],[粉丝团 Lv1]
2026-05-20 12:07:51,4487534717972124,雪糕,领居扣 5,[等级7],
2026-05-20 12:07:52,111278768448,东~~哥,你老公是谁呀[呲牙],[等级23],
2026-05-20 12:07:52,1987506198559598,岁岁年ༀ,520快乐520快乐520快乐,[等级14],[粉丝团 Lv14]
2026-05-20 12:07:53,2150263172647869,陳十一,差点扣了,[等级11],[粉丝团 Lv8]
2026-05-20 12:07:56,3971076153163239,安少,我也爱大家,[等级19],[粉丝团 Lv4]
2026-05-20 12:07:57,7549456355062170681,还没想好~,222,,
2026-05-20 12:07:57,4162095481363833,mrtang,怎么没有人扣3,,
2026-05-20 12:07:58,1116715649081711,哦喝！,怎么没有扣3的？,[等级5],[粉丝团 Lv1]
2026-05-20 12:08:00,7549456355062170681,还没想好~,222,,
2026-05-20 12:08:00,1433410145888648,龙,主播你天天就知道打游戏，今天收到520了，没有？,[等级24],[粉丝团 Lv10]
2026-05-20 12:08:00,3507876308727116,回忆,吹牛雅也上线,[等级30],[粉丝团 Lv12]
2026-05-20 12:08:00,73135359179,后感yu,3,[等级31],[粉丝团 Lv11]
2026-05-20 12:08:02,2053540364683256,闲人小田_✈️,2,[等级15],[粉丝团 Lv13]
2026-05-20 12:08:03,85899322829,小爺未成仙,你是男女通吃啊，大老黑,[等级7],
2026-05-20 12:08:03,108295556521,不离十,拼豆好玩吗,[等级2],
2026-05-20 12:08:06,63774312906,深深,灯牌都怕是熄了,[等级33],[粉丝团 Lv12]
2026-05-20 12:08:06,3853110172199261,吃点猫耳朵,同行,[等级10],[粉丝团 Lv9]
2026-05-20 12:08:06,92039175346,江湖是灰多,520祝大家天天开心，煮播越来越火🔥[爱心],[等级27],
2026-05-20 12:08:07,7549456355062170681,还没想好~,2,,
2026-05-20 12:08:07,3712397299157015,昍翀🦁🐾,老黑在中间[懵],[等级6],[粉丝团 Lv5]
2026-05-20 12:08:08,3232152101332788,揽月,520快乐,[等级21],[粉丝团 Lv3]
2026-05-20 12:08:08,109756665406,ᑮéиg宝🧸ོ,哪有老公，都是老登,[等级29],[粉丝团 Lv12]
2026-05-20 12:08:10,3795156287621927,拾欢,520快乐,[等级15],[粉丝团 Lv13]
2026-05-20 12:08:10,1728874239763085,雪梨梨梨,哈哈哈,[等级8],[粉丝团 Lv11]
2026-05-20 12:08:10,7549456355062170681,还没想好~,2222,,
2026-05-20 12:08:11,61671323616,大宝贝（重生版）,[捂脸],[等级26],[粉丝团 Lv12]
2026-05-20 12:08:11,3232152101332788,揽月,哈哈哈哈哈哈哈,[等级21],[粉丝团 Lv3]
2026-05-20 12:08:12,3047482674388180,菜场在逃肥鸡,这个2号是主播吗,[等级20],[粉丝团 Lv9]
2026-05-20 12:08:14,1881983920385927,希芙,队友叫你,[等级4],
2026-05-20 12:08:14,1257437656002798,某某.,123123,[等级34],[粉丝团:张君雅 Lv16]
2026-05-20 12:08:15,93374665038,☄️,[捂脸][捂脸],[等级27],[粉丝团 Lv15]
2026-05-20 12:08:16,81195431231,我来也,老黑老黑,[等级24],[粉丝团 Lv13]
2026-05-20 12:08:19,76055064464,旧颜*,老黑老黑,[等级11],[粉丝团 Lv12]
2026-05-20 12:08:22,1838838104734926,花匠小马,老黑能是主播吗,[等级34],[粉丝团 Lv15]
2026-05-20 12:08:24,3661788270307118,Jason326,为了看你直播 我都跟我女朋友分手了,,
2026-05-20 12:08:26,7635925886759601211,A为生活苦寻富婆,3,,
2026-05-20 12:08:27,96893689606,南瓜吖,老黑老黑,[等级15],[粉丝团 Lv6]
2026-05-20 12:08:29,73135359179,后感yu,3,[等级31],[粉丝团 Lv11]
2026-05-20 12:08:29,1881983920385927,希芙,哈哈哈哈哈,[等级4],
2026-05-20 12:08:41,73135359179,后感yu,333,[等级31],[粉丝团 Lv11]
2026-05-20 12:08:43,4358937121142893,小猪配骑,老黑，老黑,[等级16],[粉丝团 Lv8]
2026-05-20 12:08:45,2207416305857560,晨'、⁹⁹⁹⁹⁹,猫的晋级赛说是在等你[看],[等级39],[粉丝团 Lv11]
2026-05-20 12:08:45,7603209621562164273,众人怒我一人看风景,3,,
2026-05-20 12:08:45,55159220102,BWRZ（记录美好）,[衰][干饭人][衰][干饭人],[等级36],[粉丝团 Lv16]
2026-05-20 12:08:52,4468879230241195,我在边界,@Jason326 额，老黑不背锅,[等级13],[粉丝团 Lv4]
2026-05-20 12:08:55,96063619189,未遇见,520快乐,[等级9],[粉丝团 Lv10]
2026-05-20 12:08:55,1024396019894413,冲动是魔鬼,@ジ晴宝🩷 你扣3,[等级18],[粉丝团 Lv14]
2026-05-20 12:08:59,7635925886759601211,A为生活苦寻富婆,3,,
2026-05-20 12:08:59,213731129951743,赏花品茶,包的,[等级33],[粉丝团 Lv9]
2026-05-20 12:08:59,1512542077459805,记得晒太阳,包碎的,[等级18],[粉丝团 Lv9]
2026-05-20 12:08:59,1881983920385927,希芙,包碎的[看],[等级4],
2026-05-20 12:09:01,466670364393783,袖下敛青川,3,[等级14],[粉丝团 Lv1]
2026-05-20 12:09:02,4340460695076206,猫啊猫啊,哈哈哈哈哈哈哈,[等级7],[粉丝团 Lv5]
2026-05-20 12:09:02,2552435347306792,“”迷茫”,2,[等级5],[粉丝团 Lv7]
2026-05-20 12:09:03,68632616423,寂寞的酒杯,让他掉大分,[等级27],[粉丝团 Lv13]
2026-05-20 12:09:03,99320503380,M.,3333,[等级17],[粉丝团 Lv10]
2026-05-20 12:09:03,4040021203236467,南鸢,音量,[等级4],[粉丝团 Lv2]
2026-05-20 12:09:03,88125133521,我的世界,0,[等级8],[粉丝团 Lv9]
2026-05-20 12:09:03,7635925886759601211,A为生活苦寻富婆,3,,
2026-05-20 12:09:03,3047482674388180,菜场在逃肥鸡,3,[等级20],[粉丝团 Lv9]
2026-05-20 12:09:04,109407471785,9是帅,3,[等级31],[粉丝团 Lv11]
2026-05-20 12:09:04,83762515876,秋天的枫叶🍁,5,[等级16],[粉丝团 Lv11]
2026-05-20 12:09:04,55159220102,BWRZ（记录美好）,[看][看]哈哈哈哈哈,[等级36],[粉丝团 Lv16]
2026-05-20 12:09:04,613969786831459,丨亻,B,[等级11],
2026-05-20 12:09:04,102866523916,我爱任民币,333333333,[等级16],[粉丝团 Lv10]
2026-05-20 12:09:04,3507876308727116,回忆,555,[等级30],[粉丝团 Lv12]
2026-05-20 12:09:05,101629850514,张老黑的飞哥⁵¹⁰⁷⁴,必须碎必须碎,[等级33],[粉丝团 Lv16]
2026-05-20 12:09:05,1648899867289000,胡,555555,[等级11],
2026-05-20 12:09:06,2909758225660395,Sparks,3,[等级1],
2026-05-20 12:09:07,111318541962,late,爱叫点儿妈妈,[等级15],[粉丝团 Lv2]
2026-05-20 12:09:07,2172229561625960,好嗨哟,每次都是最后一局[捂脸][捂脸],[等级25],[粉丝团 Lv13]
2026-05-20 12:09:08,4051073478174045,Lrex,辻弎和平精英,[等级12],
2026-05-20 12:09:08,2035924378583203,终是不再爱,包碎的,[等级12],[粉丝团 Lv5]
2026-05-20 12:09:08,1231085634073447,宠溺ღ᭄,3号位危险,[等级21],[粉丝团 Lv10]
2026-05-20 12:09:09,73135359179,后感yu,妈妈,[等级31],[粉丝团 Lv11]
2026-05-20 12:09:09,3868526050808891,小新.ovo,3,[等级12],[粉丝团 Lv1]
2026-05-20 12:09:10,59253927291,曹操,13,[等级6],[粉丝团 Lv6]
2026-05-20 12:09:11,1838838104734926,花匠小马,必碎,[等级34],[粉丝团 Lv15]
2026-05-20 12:09:11,2192845238175603,小陳,张老黑,[等级10],[粉丝团 Lv8]
2026-05-20 12:09:11,2796779251711645,11.,520快乐,[等级7],[粉丝团 Lv10]
2026-05-20 12:09:11,108295556521,不离十,666,[等级2],
2026-05-20 12:09:11,4088413809017098,如果˙,3,[等级19],[粉丝团 Lv1]
2026-05-20 12:09:12,61049265003,12345,妈妈,[等级3],
2026-05-20 12:09:13,1827809526030755,君雅酒店对面老黑,1,[等级12],[粉丝团 Lv8]
2026-05-20 12:09:13,4040021203236467,南鸢,音量警告⚠️,[等级4],[粉丝团 Lv2]
2026-05-20 12:09:17,7549456355062170681,还没想好~,喊妈妈了都直接[捂脸][捂脸][捂脸],,
2026-05-20 12:09:17,74384873108843,☾⋆᭄ 神说要有光💋,妈妈，我扣的3[害羞],[等级25],[粉丝团 Lv8]
2026-05-20 12:09:17,102469975321,✨名门⭐️,后面是二个啥字呀？[捂脸][捂脸],[等级19],[粉丝团 Lv15]
2026-05-20 12:09:17,1728874239763085,雪梨梨梨,老板大气,[等级8],[粉丝团 Lv11]
2026-05-20 12:09:17,102866523916,我爱任民币,我要你做我妈妈,[等级16],[粉丝团 Lv10]
2026-05-20 12:09:18,215133797229436,赵哥,看来这个老黑也去过深圳镀过金了,[等级26],[粉丝团 Lv6]
2026-05-20 12:09:18,102251556180,小李睡醒咯,13,[等级5],
2026-05-20 12:09:18,7443467011387458618,骨阿夫特嫩,我扣脚趾,[等级29],
2026-05-20 12:09:20,2341327608489920,微醺敬自由,扣13,,
2026-05-20 12:09:20,3329792303707006,Qnpoubg,666,[等级14],
2026-05-20 12:09:20,66740094739,幺宝宝,碎了,[等级33],[粉丝团 Lv13]
2026-05-20 12:09:20,95507451318,溪鱼,让他碎,[等级17],[粉丝团 Lv10]
2026-05-20 12:09:20,111318541962,late,我爱叫点妈妈,[等级15],[粉丝团 Lv2]
2026-05-20 12:09:21,7549456355062170681,还没想好~,你们牛逼[捂脸][捂脸][捂脸],,
2026-05-20 12:09:23,73135359179,后感yu,妈妈,[等级31],[粉丝团 Lv11]
2026-05-20 12:09:24,1421004868694023,༄༊࿆泠璃ོྂཾ࿆࿐,啥？？3,[等级19],[粉丝团 Lv9]
2026-05-20 12:09:25,103394089947,√ fail(＞)×succee,520快乐,[等级11],
2026-05-20 12:09:26,301691724106804,我真帅气！,555,[等级10],[粉丝团 Lv4]
2026-05-20 12:09:26,2008152259705040,汉、歼的审判者,@Kun° [抱抱你][抱抱你][抱抱你][抱抱你][抱抱你][抱抱你],[等级15],[粉丝团 Lv12]
2026-05-20 12:09:27,1257437656002798,某某.,妈妈,[等级34],[粉丝团:张君雅 Lv16]
2026-05-20 12:09:28,88066076164,凪卄ᵐʸ,局哥昨晚晋级赛没过吗？,[等级20],[粉丝团 Lv8]
2026-05-20 12:09:28,1421004868694023,༄༊࿆泠璃ོྂཾ࿆࿐,[疑问][翻白眼][疑问][翻白眼][疑问][翻白眼],[等级19],[粉丝团 Lv9]
2026-05-20 12:09:30,102866523916,我爱任民币,妈妈,[等级16],[粉丝团 Lv10]
2026-05-20 12:09:32,62477645355,小二,就打完一局了？,[等级12],[粉丝团 Lv7]
2026-05-20 12:09:32,92962131434,许花凉,520快乐,[等级15],[粉丝团 Lv10]
2026-05-20 12:09:32,96168760870,Mr.吴,老黑是不是迟到了？,[等级22],[粉丝团 Lv10]
2026-05-20 12:09:33,1451772266707070,亚梨SGA,有回音,[等级10],
2026-05-20 12:09:34,101914056926,张哥哥,88888888,[等级28],[粉丝团 Lv10]
2026-05-20 12:09:36,96168760870,Mr.吴,520快乐,[等级22],[粉丝团 Lv10]
2026-05-20 12:09:38,690125102658323,黑猫@警长,@Kun° 老板大气，祝老板一胎生10个儿子[赞][赞][赞],[等级24],[粉丝团 Lv12]
2026-05-20 12:09:40,95598851133,往昔,再苦不能苦了孩子,[等级23],[粉丝团 Lv9]
2026-05-20 12:09:41,87604014218,Fx¹⁰²⁷,昨晚想死你了,[等级30],
2026-05-20 12:09:44,2008152259705040,汉、歼的审判者,@幺宝宝 [抱抱你][抱抱你][抱抱你],[等级15],[粉丝团 Lv12]
2026-05-20 12:09:45,1838838104734926,花匠小马,别说粉丝了，局哥没保护费都碎,[等级34],[粉丝团 Lv15]
2026-05-20 12:09:45,73135359179,后感yu,123给我喊,[等级31],[粉丝团 Lv11]
2026-05-20 12:09:47,71643904450,知夏྅,哇今天的礼物都粉粉嫩嫩的,[等级12],[粉丝团 Lv12]
2026-05-20 12:09:48,74384873108843,☾⋆᭄ 神说要有光💋,妈妈,[等级25],[粉丝团 Lv8]
2026-05-20 12:09:50,60049106141,光,我爱张老黑,[等级14],
2026-05-20 12:09:52,4862013350589,厉扑,君雅妈妈,[等级21],[粉丝团 Lv11]
2026-05-20 12:09:53,77525117945,苑闯🍃²⁰²⁶,不能看你直播了 我要送外卖了[流泪],[等级26],
2026-05-20 12:09:54,97217883865,尭💫,他没有延迟，你要被抓,[等级22],[粉丝团 Lv8]
2026-05-20 12:09:59,60553060786,凡尘の大大,最近好卡啊，老掉线，其他直播间咋不卡呢,[等级11],[粉丝团 Lv9]
2026-05-20 12:10:01,2685484605907419,叛小桃,哈哈哈哈哈,[等级22],[粉丝团 Lv11]
2026-05-20 12:10:10,96693338451,小王哥,磕到你脚气了,[等级18],[粉丝团 Lv1]
2026-05-20 12:10:12,84099880563,小A,520快乐,[等级18],[粉丝团 Lv6]
2026-05-20 12:10:16,108825768878,南山居士,@苑闯🍃²⁰²⁶ 加油送，挣钱卡灯牌,[等级1],
2026-05-20 12:10:21,69549195417,久睡成瘾,@凡尘の大大 我也卡[捂脸],[等级26],[粉丝团 Lv9]
2026-05-20 12:10:22,70266960623,豆豆豆总,二号是哪个主播呀,[等级24],[粉丝团 Lv11]
2026-05-20 12:10:22,2629659676384440,东北小土豆,真的很卡,[等级15],[粉丝团 Lv8]
2026-05-20 12:10:22,109568841071,Budget,迟到了,[等级18],[粉丝团 Lv2]
2026-05-20 12:10:24,1493585188102458,七月,黑子，迟到了,,
2026-05-20 12:10:24,4468879230241195,我在边界,@凪卄ᵐʸ 两把吃鸡呢[看]，昨天可厉害了,[等级13],[粉丝团 Lv4]
2026-05-20 12:10:29,51782197378,爱哭的鱼…,喊队友放无人机给你,[等级34],[粉丝团:张君雅 Lv15]
2026-05-20 12:10:30,1075773400438494,还会再见吗,这车牌有点,[等级3],[粉丝团 Lv5]
2026-05-20 12:10:30,4358937121142893,小猪配骑,520快乐,[等级16],[粉丝团 Lv8]
2026-05-20 12:10:35,1838838104734926,花匠小马,今天男人消费日,[等级34],[粉丝团 Lv15]
2026-05-20 12:10:37,4223656191332955,惘欲wy,战神局打出了巅峰赛的感觉[看],,
2026-05-20 12:10:39,4503658257446344,🥐cornetto,昨天播了？,[等级41],[粉丝团 Lv7]
2026-05-20 12:10:53,73135359179,后感yu,全部给我扣3[得意],[等级31],[粉丝团 Lv11]
2026-05-20 12:10:55,7409694092488164412,一生一世亿双人,@🥐cornetto 晚上播了 中午没播,[等级33],[粉丝团 Lv9]
2026-05-20 12:10:59,69549195417,久睡成瘾,老黑老黑今天怎么这么卡。。,[等级26],[粉丝团 Lv9]
2026-05-20 12:11:02,1838838104734926,花匠小马,@🥐cornetto 单身不播干嘛啊哈哈,[等级34],[粉丝团 Lv15]
2026-05-20 12:11:07,7634536216314332197,TmQi,520快乐520快乐520快乐,[等级4],[粉丝团 Lv5]
2026-05-20 12:11:07,4162095481363833,mrtang,带队友抢空投，把队友卖掉。,,
2026-05-20 12:11:09,4503658257446344,🥐cornetto,我怎么没看到,[等级41],[粉丝团 Lv7]
2026-05-20 12:11:10,4468879230241195,我在边界,@久睡成瘾 不卡啊,[等级13],[粉丝团 Lv4]
2026-05-20 12:11:11,69128777882,世界很空，生活很咸。,回来了0个人的小主播。没开延迟。,[等级36],[粉丝团 Lv10]
2026-05-20 12:11:13,77525117945,苑闯🍃²⁰²⁶,药店 鲜花最后送[机智],[等级26],
2026-05-20 12:11:15,2031487343664568,Lawfe,老黑今天没去约会？,[等级25],[粉丝团 Lv10]
2026-05-20 12:11:16,105986043431,胖墩墩,520快乐,[等级20],[粉丝团 Lv11]
2026-05-20 12:11:18,71074166083,乔巴,2号辻弍，直播间就10个人[捂脸],[等级34],[粉丝团 Lv11]
2026-05-20 12:11:18,4503658257446344,🥐cornetto,[发呆][发呆][发呆][发呆],[等级41],[粉丝团 Lv7]
2026-05-20 12:11:22,2326217848783460,放之,我刚刚第一把都匹到爱播了，结果有个队友退了，[流泪][流泪][流泪],[等级22],[粉丝团 Lv8]
2026-05-20 12:11:28,2008152259705040,汉、歼的审判者,@张君雅老公 [抱抱你][抱抱你][抱抱你],[等级15],[粉丝团 Lv12]
2026-05-20 12:11:30,4862013350589,厉扑,下赛季还打扑总的极品号吗？,[等级21],[粉丝团 Lv11]
2026-05-20 12:11:32,2568934431406711,要糖,@乔巴,[等级14],[粉丝团 Lv10]
2026-05-20 12:11:33,1205486806637383,🥣🎮,这枪的皮肤看着好大呀,[等级2],
2026-05-20 12:11:36,88312588832,🌈 𝗠𝗮𝗸𝗮𝗯𝗮𝗸𝗮。,[比心][比心][比心],[等级8],[粉丝团 Lv8]
2026-05-20 12:11:37,109444433555,七愿,卡的大退抖音再进来,[等级14],[粉丝团 Lv12]
2026-05-20 12:11:38,1838847804575764,老农民A1,兄弟们还没有找到二号的信息吗[捂脸][捂脸],[等级33],[粉丝团 Lv15]
2026-05-20 12:11:40,100868154003,木易先生,马上15级了,[等级25],[粉丝团 Lv14]
2026-05-20 12:11:41,654957605821508,ᏓᎭⲉᬼ清风✨⃟徐来༉ᩚ᭄,队友不打开麦克风沟流吗,[等级1],
2026-05-20 12:11:41,1925943197696136,ㅤ  ㅤㅤㅤ,直升机可以放,[等级11],[粉丝团 Lv2]
2026-05-20 12:11:43,99008812218,付龙,每天直播11个小时？,[等级16],
2026-05-20 12:11:44,69549195417,久睡成瘾,@我在边界 我就今天卡，以前都不卡，怎么回事？,[等级26],[粉丝团 Lv9]
2026-05-20 12:11:46,3969664936053292,Jiang蒋,520快乐520快乐[比心][比心][比心],[等级11],[粉丝团 Lv6]
2026-05-20 12:11:46,71074166083,乔巴,2号辻弍，直播间就10个人,[等级34],[粉丝团 Lv11]
2026-05-20 12:11:48,2008152259705040,汉、歼的审判者,@爱哭的鱼… [抱抱你][抱抱你][抱抱你],[等级15],[粉丝团 Lv12]
2026-05-20 12:11:48,102469975321,✨名门⭐️,@乔巴 怎么读？不认识[尬笑][尬笑][尬笑],[等级19],[粉丝团 Lv15]
2026-05-20 12:11:49,1816840123723384,乐在旅途🌈,灯牌亮不起了,[等级2],[粉丝团 Lv2]
2026-05-20 12:11:49,3143595301,懒洋洋,老黑声音响亮了[看],[等级26],[粉丝团 Lv12]
2026-05-20 12:11:50,95337701055,Y🌈YANG,2号主播啊,[等级9],[粉丝团 Lv9]
2026-05-20 12:11:50,55159220102,BWRZ（记录美好）,[大笑][偷笑],[等级36],[粉丝团 Lv16]
2026-05-20 12:11:50,4162095481363833,mrtang,送礼物老黑得不了多少，只真V多好,,
2026-05-20 12:12:12,7549456355062170681,还没想好~,你是不是被限流了，你今天开播都没有给我推送消息,,
2026-05-20 12:12:12,264302609042429,小君君,你休息，局哥成大佬了,[等级25],[粉丝团 Lv9]
2026-05-20 12:12:13,102168450996,XJ,看了这么久，昨天下载来玩了两局，感觉玩的不是一个游戏,[等级13],[粉丝团 Lv11]
2026-05-20 12:12:14,2410566661708487,算了吧,昨天晚上咋没有播？,[等级26],[粉丝团 Lv3]
2026-05-20 12:12:16,3813545012640039,ShesArebel,好大的特效！,[等级4],[粉丝团 Lv4]
2026-05-20 12:12:19,2008152259705040,汉、歼的审判者,@Kun° [抱抱你][抱抱你][抱抱你][抱抱你][抱抱你][抱抱你],[等级15],[粉丝团 Lv12]
2026-05-20 12:12:21,71074166083,乔巴,我打了半天才打出来那两个名字辻shi弍er,[等级34],[粉丝团 Lv11]
2026-05-20 12:12:21,95592860135,马尼马尼哄,昨天耍假？,[等级11],
2026-05-20 12:12:22,1908359844341711,未微,六倍咋不捡,[等级6],
2026-05-20 12:12:29,3711552190417088,TiAom·,辻贰,[等级15],[粉丝团 Lv10]
2026-05-20 12:12:29,2093067748255504,@？～￥￥￥￥ycfx,520快乐520快乐520快乐,[等级13],[粉丝团 Lv13]
2026-05-20 12:12:31,111177217836,华华,哈哈哈哈哈,[等级2],
2026-05-20 12:12:32,106775419120,I like you are wonde,张大房子,[等级20],
2026-05-20 12:12:32,99209088779,秋月,音量警告⚠️,[等级9],[粉丝团 Lv11]
2026-05-20 12:12:35,1073558381922519,T..,520快乐,[等级4],
2026-05-20 12:12:40,102469975321,✨名门⭐️,[捂脸][捂脸][捂脸],[等级19],[粉丝团 Lv15]
2026-05-20 12:12:40,1842428129850077,红英,[捂脸][捂脸][捂脸],[等级17],[粉丝团 Lv11]
2026-05-20 12:12:41,55159220102,BWRZ（记录美好）,[大笑][偷笑],[等级36],[粉丝团 Lv16]
2026-05-20 12:12:41,1456169111790891,隔壁老王,哈哈哈哈哈,[等级16],[粉丝团 Lv7]
2026-05-20 12:12:42,60497420322,゛迟柔,520快乐520快乐520快乐,[等级31],[粉丝团 Lv12]
2026-05-20 12:12:44,68019582642,趴遍海岛,[捂脸][捂脸][捂脸],[等级37],[粉丝团 Lv11]
2026-05-20 12:12:44,101926859943,折.,[捂脸][捂脸],[等级12],[粉丝团 Lv11]
2026-05-20 12:12:44,3791540402530264,秋恋风,[捂脸][捂脸][捂脸],[等级10],[粉丝团 Lv11]
2026-05-20 12:12:46,97385988228,老夏要努力,为啥要注意安全？,[等级34],[粉丝团 Lv4]
2026-05-20 12:12:48,2581276132647860,只刷不点赞,[捂脸][捂脸][捂脸],[等级22],
2026-05-20 12:12:48,68722723945,玛卡巴卡。,注意保命,[等级14],[粉丝团 Lv5]
2026-05-20 12:12:50,63929705271,空白,有道理,,
2026-05-20 12:12:50,3852281158568711,雾糊,[捂脸][捂脸][捂脸][捂脸],[等级11],[粉丝团 Lv4]
2026-05-20 12:12:51,101629850514,张老黑的飞哥⁵¹⁰⁷⁴,我大把的安全措施,[等级33],[粉丝团 Lv16]
2026-05-20 12:12:51,72629173721,华尔街_小朋友,[捂脸][捂脸],[等级20],[粉丝团 Lv14]
2026-05-20 12:12:51,825092738655904,简简单单就好,[捂脸][捂脸][捂脸],[等级34],[粉丝团 Lv3]
2026-05-20 12:12:52,84159073433,不入戏🍃,[捂脸][捂脸][捂脸]520快乐,[等级21],[粉丝团 Lv12]
2026-05-20 12:12:52,1313237029883207,别动我放屁了,开挂,,
2026-05-20 12:12:52,75459914386,野猫,会恰雷嘛  哈哈哈哈,[等级20],[粉丝团 Lv9]
2026-05-20 12:12:52,4473241860840704,游乐场的日落.,娶你回家可以带我上战神吗[看],[等级9],[粉丝团 Lv9]
2026-05-20 12:12:52,2418570760305576,香菜不加葱,注意腰子,[等级1],[粉丝团 Lv2]
2026-05-20 12:12:53,70092545665,不会开坦克的舒克,每天不看张君雅值班总感觉少点什么,[等级14],
2026-05-20 12:12:53,71830617955,認生若如初見,[捂脸],[等级31],[粉丝团 Lv16]
2026-05-20 12:12:54,54692388327,初芷,520快乐,[等级13],[粉丝团 Lv8]
2026-05-20 12:12:55,2552435347306792,“”迷茫”,俺不怕,[等级5],[粉丝团 Lv7]
2026-05-20 12:12:55,4862013350589,厉扑,[捂脸][捂脸][捂脸],[等级21],[粉丝团 Lv11]
2026-05-20 12:12:56,654957605821508,ᏓᎭⲉᬼ清风✨⃟徐来༉ᩚ᭄,要注意抗揍不,[等级1],
2026-05-20 12:12:57,111548021631,啊噗噗噗,我三级套不怕[捂脸][捂脸],[等级13],[粉丝团 Lv11]
2026-05-20 12:12:57,1842428129850077,红英,有杀气[捂脸],[等级17],[粉丝团 Lv11]
2026-05-20 12:12:58,69584534729,羊,[尬笑][大笑],[等级35],[粉丝团 Lv3]
2026-05-20 12:12:58,76055064464,旧颜*,[捂脸][捂脸][捂脸]命重要,[等级11],[粉丝团 Lv12]
2026-05-20 12:12:59,99277718361,达琳,钥匙,[等级11],
2026-05-20 12:12:59,1838847804575764,老农民A1,晚上睡觉戴安全帽哪种,[等级33],[粉丝团 Lv15]
2026-05-20 12:13:00,70092545665,不会开坦克的舒克,每天不看张君雅值班总感觉少点什么,[等级14],
2026-05-20 12:13:00,4033478253618205,......,没钱，特长抗打,[等级14],
2026-05-20 12:13:00,3333364990352207,棐木,让君雅生三个孩子,[等级4],
2026-05-20 12:13:00,105457912449,Mr.馬,必须抗揍[捂脸],[等级11],[粉丝团 Lv11]
2026-05-20 12:13:00,101784690318,.,要注意网络必须好,,
2026-05-20 12:13:01,566986523280776,文文,没事我练散打的[捂脸][捂脸][捂脸],[等级10],[粉丝团 Lv1]
2026-05-20 12:13:01,1341060032771240,一叶枫4,得身体好👌🏻,[等级2],
2026-05-20 12:13:01,89968056296,陈哥,头盖骨掀开,[等级30],[粉丝团 Lv14]
2026-05-20 12:13:02,215969237313719,🫶,还真是,[等级9],[粉丝团 Lv11]
2026-05-20 12:13:02,892413678724877,厌遇,[尬笑][黑脸][尬笑][黑脸][尬笑][黑脸][尬笑][黑脸],[等级24],[粉丝团 Lv6]
2026-05-20 12:13:02,84756699038,亮哥☜,请问你笑什么[捂脸],[等级18],[粉丝团 Lv12]
2026-05-20 12:13:02,83080325368,铲屎官来了,老黑玩的什么平板有人知道吗,[等级13],[粉丝团 Lv1]
2026-05-20 12:13:03,3013139552021534,🦁🖤,为了娶张君雅 命赔了（絲,[等级32],[粉丝团:张君雅 Lv16]
2026-05-20 12:13:05,7549456355062170681,还没想好~,不怕，死也值了[捂脸][捂脸][捂脸][捂脸],,
2026-05-20 12:13:06,4164554720018765,爱情给了你,啊播上把撞到你了为什么退了啊,[等级12],[粉丝团 Lv7]
2026-05-20 12:13:07,70092545665,不会开坦克的舒克,每天不看张君雅值班总感觉少点什么,[等级14],
2026-05-20 12:13:11,426232004224092,ζั͡@~青袂ゝζζ✾ ̶,不然你得小心她的大炮200,[等级10],
2026-05-20 12:13:12,2172229561625960,好嗨哟,娶你要带五级甲,[等级25],[粉丝团 Lv13]
2026-05-20 12:13:12,70092545665,不会开坦克的舒克,每天不看张君雅值班总感觉少点什么,[等级14],
2026-05-20 12:13:14,1789648715919499,巴塞尔老爷,520快乐妹妹你这一天播十几个小时啊？,[等级12],
2026-05-20 12:13:16,1181344503971383,梦回,娶你要注意大狙，[捂脸][捂脸][捂脸],[等级6],
2026-05-20 12:13:16,2008152259705040,汉、歼的审判者,香香甜甜的君雅[捂脸][捂脸][捂脸],[等级15],[粉丝团 Lv12]
2026-05-20 12:13:17,75926745555,喳喳贝,活捉张君雅,[等级32],[粉丝团 Lv6]
2026-05-20 12:13:17,1456169111790891,隔壁老王,晚上睡觉带三级头都不够用,[等级16],[粉丝团 Lv7]
2026-05-20 12:13:18,792061057970573,曲终散ꦿ,老黑是学过单口相声,[等级20],[粉丝团 Lv10]
2026-05-20 12:13:19,2510896946227307,懒懒的喵星人,怕不注意的时候掏出一把338,[等级3],[粉丝团 Lv1]
2026-05-20 12:13:19,4862013350589,厉扑,注意音量[捂脸][捂脸],[等级21],[粉丝团 Lv11]
2026-05-20 12:13:22,66740094739,幺宝宝,开密室,[等级33],[粉丝团 Lv13]
2026-05-20 12:13:23,4112646758470907,外欧呦,怎么还在直播？不去过节？,,
2026-05-20 12:13:25,426232004224092,ζั͡@~青袂ゝζζ✾ ̶,复合弓也厉害[捂脸][捂脸],[等级10],
2026-05-20 12:13:26,107790626727,溜达一圈,注意头上长草[捂脸],[等级36],
2026-05-20 12:13:28,1924605103315652,⁶,大仓有十字弩,[等级2],
2026-05-20 12:13:29,76771438644,落花有意,注意是不是捡的一级头套,[等级23],[粉丝团 Lv2]
2026-05-20 12:13:29,3910281658898247,芒果🥭,公在这里我是你老公,[等级13],[粉丝团 Lv3]
2026-05-20 12:13:29,98550563334,ℳঞ 宽容   ²⁰²⁶,会不会受到暴力虐待？520快乐,[等级13],[粉丝团 Lv10]
2026-05-20 12:13:30,66740094739,幺宝宝,有P90,[等级33],[粉丝团 Lv13]
2026-05-20 12:13:31,68184771978,羊羊洋,今天的声音怎么和往常不一样,[等级9],[粉丝团 Lv4]
2026-05-20 12:13:32,93070642488,道明寺。🦢,娶你，怕你拿爆炸弓炸我[捂脸][捂脸][捂脸],[等级30],
2026-05-20 12:13:33,106775419120,I like you are wonde,注意把油门焊死[捂脸],[等级20],
2026-05-20 12:13:37,4162095481363833,mrtang,路皮假粉丝没放无人机,,
2026-05-20 12:13:42,83913788474,好运来🍀,这是什么段位,[等级10],
2026-05-20 12:13:42,99416205830,海海,让开些兄弟们，我要给张君雅生孩子[呲牙][呲牙],[等级34],
2026-05-20 12:13:42,70092545665,不会开坦克的舒克,每天不看张君雅直播总感觉少点什么,[等级14],
2026-05-20 12:13:43,101629850514,张老黑的飞哥⁵¹⁰⁷⁴,大不了我结扎，安全的很,[等级33],[粉丝团 Lv16]
2026-05-20 12:13:44,96278653689,🌞🌙🕊️🕊️,一百个亲生儿子才是最厉害的[捂脸][捂脸]儿子,[等级23],[粉丝团 Lv15]
2026-05-20 12:13:53,1341060032771240,一叶枫4,身体好，老黑好色😍,[等级2],
2026-05-20 12:13:53,70092545665,不会开坦克的舒克,每天不看张君雅直播总感觉少点什么,[等级14],
2026-05-20 12:13:56,83913788474,好运来🍀,这是什么段位,[等级10],
2026-05-20 12:13:56,3430895678660199,就要李_发财,君雅答应你们的，520直播一整天,[等级29],
2026-05-20 12:13:58,76771438644,落花有意,娶你回家要注意是不是捡的一级头套,[等级23],[粉丝团 Lv2]
2026-05-20 12:13:58,97277263287,晴天☀️,520快乐520快乐,[等级11],
2026-05-20 12:14:00,77416951506,ら孤痞,@南丰 谢谢,[等级37],[粉丝团 Lv17]
2026-05-20 12:14:01,1889405852720708,愿,二号是哪个,,
2026-05-20 12:14:04,4233546532927219,🉑🈶🉑🈚,雅马哈，你在吗,[等级20],[粉丝团 Lv10]
2026-05-20 12:14:09,102477798132,东风吹,君雅是小蛋糕,[等级7],
2026-05-20 12:14:09,58658320637,L@X,我来晚了 给我道歉,[等级20],[粉丝团 Lv9]
2026-05-20 12:14:10,1789648715919499,巴塞尔老爷,胳膊老这么甩肩周炎都能犯,[等级12],
2026-05-20 12:14:13,839672879395031,陆桐桐,老板糊涂啊,[等级20],[粉丝团 Lv2]
2026-05-20 12:14:13,833900935125370,熊熊气泡水,有延迟吗,[等级2],
2026-05-20 12:14:15,1842428129850077,红英,大气[赞]520快乐,[等级17],[粉丝团 Lv11]
2026-05-20 12:14:15,107701880347,别吵我睡觉,520快乐,[等级14],[粉丝团 Lv11]
2026-05-20 12:14:16,3507858529089792,董萍萍是猪,520快乐[鼓掌][鼓掌],,
2026-05-20 12:14:19,55819320757,LSC,一天不见想你了爱播,[等级16],[粉丝团 Lv5]
2026-05-20 12:14:20,12550947690,泡菜小子🍼,520快乐,[等级29],
2026-05-20 12:14:21,1502405581869168,夜猫,带张君雅出来威，一定要戴头盔,[等级6],
2026-05-20 12:14:26,2141446715747582,魏大呆,520快乐520快乐520快乐,[等级15],[粉丝团 Lv11]
2026-05-20 12:14:26,93147364245,李白不白🍓,520快乐,[等级2],[粉丝团 Lv3]
2026-05-20 12:14:27,104538958343,逆袭,又迟到,[等级19],[粉丝团 Lv11]
2026-05-20 12:14:27,71412475315,✨平安ge,520快乐,[等级16],[粉丝团 Lv2]
2026-05-20 12:14:27,7409694092488164412,一生一世亿双人,生100个儿子 都是他的,[等级33],[粉丝团 Lv9]
2026-05-20 12:14:28,82200572907,🎃Damn,520快乐,[等级30],[粉丝团 Lv9]
2026-05-20 12:14:28,99336591699,度余生,[调皮][大笑],[等级36],[粉丝团 Lv12]
2026-05-20 12:14:31,4287742060012696,严干,祝他生100个儿子,[等级19],[粉丝团 Lv4]
2026-05-20 12:14:31,89968056296,陈哥,么么哒[捂脸][捂脸][捂脸],[等级30],[粉丝团 Lv14]
2026-05-20 12:14:33,64687624752,혜.,我纯看看到15级了,[等级18],[粉丝团 Lv15]
2026-05-20 12:14:33,99454058061,划过你眼中的泪,坤哥 青岛那个场滴[呲牙],[等级28],[粉丝团 Lv12]
2026-05-20 12:14:33,93401928245,不吃男人画的饼,中山今天停课,[等级2],
2026-05-20 12:14:34,101115429756,✨星藏月下,520快乐520快乐,[等级12],[粉丝团 Lv11]
2026-05-20 12:14:35,92829047329,南丰,爱你哟[比心],[等级30],[粉丝团 Lv11]
2026-05-20 12:14:35,76055064464,旧颜*,爱你哦,[等级11],[粉丝团 Lv12]
2026-05-20 12:14:36,2172229561625960,好嗨哟,生一百个儿子[捂脸][捂脸],[等级25],[粉丝团 Lv13]
2026-05-20 12:14:38,71514641524,午后的阳光正好,520快乐,,
2026-05-20 12:14:39,2395184081945055,忙里偷闲⁵¹⁰⁷⁴,点点赞520快乐520快乐520快乐,[等级29],[粉丝团 Lv15]
2026-05-20 12:14:39,3913913666903720,太阳☀,千万别露，露就秒爆头,[等级41],[粉丝团 Lv13]
2026-05-20 12:14:42,109886789309,✨️larkspur_tang⁵¹⁰⁷⁴,昨晚老板娘几点关门的？[看],[等级31],[粉丝团 Lv16]
2026-05-20 12:14:43,2194218401924542,殤,单身爆金,[等级11],[粉丝团 Lv11]
2026-05-20 12:14:43,111212127326,琉璃叶,520快乐,[等级5],[粉丝团 Lv2]
2026-05-20 12:14:46,1322064223941683,8888,哪整来这么多词[捂脸],[等级18],[粉丝团 Lv2]
2026-05-20 12:14:51,101652309387,Cc.,开局音乐是什么,[等级4],
2026-05-20 12:14:52,301691724106804,我真帅气！,三把密玥[鼓掌][鼓掌][鼓掌],[等级10],[粉丝团 Lv4]
2026-05-20 12:14:53,4212933941016599,我命由我不由天,开这个箱子有秘诀,[等级14],
2026-05-20 12:14:54,98364359721,一米八的招招,于大美还没回来吗,[等级19],[粉丝团 Lv4]
2026-05-20 12:14:58,12550947690,泡菜小子🍼,生1000个儿子,[等级29],
2026-05-20 12:14:58,106775419120,I like you are wonde,祝他生八个儿子[捂脸],[等级20],
2026-05-20 12:14:58,72110718552,往事随风飘散,你们看君雅牛逼吗,[等级25],[粉丝团 Lv3]
2026-05-20 12:15:00,1838847804575764,老农民A1,@✨️larkspur_tang⁵¹⁰⁷⁴ 通宵[捂脸][捂脸][捂脸],[等级33],[粉丝团 Lv15]
2026-05-20 12:15:02,2014757881646576,呜呜呜呜,520快乐,[等级3],
2026-05-20 12:15:03,2210491148282507,꧁༺༽夜༼༻꧂,吃独食了,[等级27],[粉丝团 Lv10]
2026-05-20 12:15:04,2656851222084430,附子炖粉条,一天没见甚是想念,[等级13],[粉丝团 Lv6]
2026-05-20 12:15:04,88745690242,iiii,小心被堵密室,[等级11],
2026-05-20 12:15:07,3153822084251196,孤屿🌿,520快乐,[等级13],[粉丝团 Lv9]
2026-05-20 12:15:08,96199408559,會飝嘚鱼,昨天没播都不知道看啥,[等级35],[粉丝团 Lv15]
2026-05-20 12:15:08,2656851222084430,附子炖粉条,@往事随风飘散 不看,[等级13],[粉丝团 Lv6]
2026-05-20 12:15:10,2824005799381037,空中③秒,又要被堵住密室了,[等级7],
2026-05-20 12:15:13,70266960623,豆豆豆总,二号id 叫啥，那字不认识[捂脸][捂脸],[等级24],[粉丝团 Lv11]
2026-05-20 12:15:15,3019706919560468,佛系猜呀,有人[看],[等级2],
2026-05-20 12:15:15,72611094068,付,有老六,[等级22],[粉丝团 Lv9]
2026-05-20 12:15:17,4862013350589,厉扑,这一串感谢词下来值了，kun哥,[等级21],[粉丝团 Lv11]
2026-05-20 12:15:18,4207193270256420,初夏😘我依在,吃独食了,[等级36],
2026-05-20 12:15:18,3483731398755214,Zz..,中午的队友是谁,[等级11],[粉丝团 Lv11]
2026-05-20 12:15:22,104289922734,芝麻糊糊,一日不见如隔三秋[爱心],[等级10],
2026-05-20 12:15:23,95320399864,我来抖音逛一逛,密室门口有人,,
2026-05-20 12:15:23,109600067848,沉默,520快乐,[等级26],[粉丝团 Lv6]
2026-05-20 12:15:25,100250134080,凯,第三把了,[等级19],[粉丝团 Lv15]
2026-05-20 12:15:27,1807239114666904,·喵了个咪,?,[等级20],[粉丝团 Lv15]
2026-05-20 12:15:28,100769124890,顽,老黑520生日,[等级13],[粉丝团 Lv10]
2026-05-20 12:15:30,1502405581869168,夜猫,带张君雅出来威，一定要戴头盔[捂脸],[等级6],
2026-05-20 12:15:30,75300830217,小 胖 超,昨晚啥时候播的？九点半特意看了一眼没播就睡觉了,[等级14],[粉丝团 Lv13]
2026-05-20 12:15:31,1838847804575764,老农民A1,@豆豆豆总 他们说的直播间十个人,[等级33],[粉丝团 Lv15]
2026-05-20 12:15:33,902055306988781,绝尘⁴⁵π,今天不是你生日了吗？,[等级26],[粉丝团 Lv15]
2026-05-20 12:15:33,67936016602,黑风寨萧瑟(嗷呜~),第一把嘛[大笑][坏笑][大笑][坏笑],[等级29],[粉丝团 Lv15]
2026-05-20 12:15:35,274196898266123,卢卢2333,人很牛逼也很美,[等级8],
2026-05-20 12:15:37,4376484488429220,圈,开密室小心点,[等级15],[粉丝团 Lv9]
2026-05-20 12:15:37,3390548341172285,9212,你还有520？,[等级34],
2026-05-20 12:15:38,59217910423,哈哈阿哈哈,不会堵吧,[等级11],
2026-05-20 12:15:39,65759302943,第三人称,吃一堑长一智,[等级9],[粉丝团 Lv11]
2026-05-20 12:15:39,2219267123059902,✨蓝桉✨,法玛斯,[等级7],[粉丝团 Lv10]
2026-05-20 12:15:41,4503658257446344,🥐cornetto,快来人啊堵住张老黑,[等级41],[粉丝团 Lv7]
2026-05-20 12:15:41,2021319447952476,谨言,光子不喜欢你这款,[等级6],[粉丝团 Lv4]
2026-05-20 12:15:43,83588313892,满山猴子属你腚红,你自己在家？,[等级17],[粉丝团 Lv9]
2026-05-20 12:15:47,70266960623,豆豆豆总,@老农民A1 [捂脸],[等级24],[粉丝团 Lv11]
2026-05-20 12:15:47,107987814991,🦂,光子的前妻[捂脸],[等级19],[粉丝团 Lv9]
2026-05-20 12:15:49,1257437656002798,某某.,又要被堵,[等级34],[粉丝团:张君雅 Lv16]
2026-05-20 12:15:51,4212933941016599,我命由我不由天,来车了，快跑,[等级14],
2026-05-20 12:15:51,74727194153,药药,今天又过生日吧,[等级10],
2026-05-20 12:15:53,62321132457,风哥,看样子光子没把你当情人,[等级22],[粉丝团 Lv11]
2026-05-20 12:15:53,98145423072,我要喝冰水,成都富婆张君雅。,[等级16],[粉丝团 Lv10]
2026-05-20 12:15:55,88908140378,G先生,前男友呢,[等级3],[粉丝团 Lv1]
2026-05-20 12:15:55,4248978773514413,89號/帆船.,等下又被堵,[等级1],
2026-05-20 12:15:55,690125102658323,黑猫@警长,第二个密室法玛斯,[等级24],[粉丝团 Lv12]
2026-05-20 12:15:56,3013139552021534,🦁🖤,妳报个锤子（絲,[等级32],[粉丝团:张君雅 Lv16]
2026-05-20 12:15:58,71565881027,mcwang55,昨天被堵住[捂脸][捂脸][捂脸],[等级14],
2026-05-20 12:15:58,4037039821952606,冬雨夏雪,堵住你,[等级42],[粉丝团 Lv13]
2026-05-20 12:16:00,85094917795,赢得人生,生日快乐,[等级8],
2026-05-20 12:16:00,7549456355062170681,还没想好~,哈哈,,
2026-05-20 12:16:01,109886789309,✨️larkspur_tang⁵¹⁰⁷⁴,哈哈哈,[等级31],[粉丝团 Lv16]
2026-05-20 12:16:08,61671323616,大宝贝（重生版）,被堵怕了[捂脸],[等级26],[粉丝团 Lv12]
2026-05-20 12:16:08,92956196064,Six Smile.,吃一堑吃一堑,[等级21],[粉丝团 Lv5]
2026-05-20 12:16:08,77369021662,超爱螺蛳粉🍜,520快乐520快乐,[等级19],[粉丝团 Lv11]
2026-05-20 12:16:09,264302609042429,小君君,局哥昨晚在p城给你留了两把复合弓两把p90,[等级25],[粉丝团 Lv9]
2026-05-20 12:16:12,71643904450,知夏྅,有阴影了,[等级12],[粉丝团 Lv12]
2026-05-20 12:16:12,78081534601,百川,人很牛逼也美,[等级22],
2026-05-20 12:16:12,2928696292811743,超影独行,被堵里[捂脸][捂脸][捂脸],[等级18],[粉丝团 Lv12]
2026-05-20 12:16:12,82301097445,A紅郎,变紧变深[捂脸],[等级3],
2026-05-20 12:16:13,4410845128828888,地狱小魔,哈哈哈哈哈哈哈,[等级25],[粉丝团 Lv11]
2026-05-20 12:16:14,67936016602,黑风寨萧瑟(嗷呜~),没事，被堵了也能出来,[等级29],[粉丝团 Lv15]
2026-05-20 12:16:14,75368950849,✨捂耳听风✨,哈哈哈,[等级24],[粉丝团 Lv11]
2026-05-20 12:16:16,1437769291798708,蒸得食妮鸭,吃一堑再吃一堑,[等级3],
2026-05-20 12:16:18,7352270236118385726,神秘人,鸭姐,,
2026-05-20 12:16:18,97175061477,刚好五个字,从下面的路走，我被6好多次了,[等级31],[粉丝团 Lv2]
2026-05-20 12:16:19,67936016602,黑风寨萧瑟(嗷呜~),[看],[等级29],[粉丝团 Lv15]
2026-05-20 12:16:23,4376484488429220,圈,我打晋级赛被人这里蹲过,[等级15],[粉丝团 Lv9]
2026-05-20 12:16:23,1666500797140135,꧁༺予你༻꧂,这都是被六了不知道多少次才会如此,[等级15],[粉丝团 Lv12]
2026-05-20 12:16:24,71291098985,🌈在花果山给猴喂猪饲料,老实了[捂脸][捂脸],[等级16],[粉丝团 Lv13]
2026-05-20 12:16:24,7549456355062170681,还没想好~,差点被堵死了[捂脸],,
2026-05-20 12:16:24,1322064223941683,8888,被堵不是一回两回了[捂脸],[等级18],[粉丝团 Lv2]
2026-05-20 12:16:26,3483731398755214,Zz..,2号也是个主播,[等级11],[粉丝团 Lv11]
2026-05-20 12:16:29,74727194153,药药,那是你黑哥不是雅姐,[等级10],
2026-05-20 12:16:33,99372859314,启  夏,那就跟队友一起，抢空投,[等级25],[粉丝团 Lv15]
2026-05-20 12:16:33,2761577295780076,许星纯不纯,一起打一把啦,[等级12],
2026-05-20 12:16:37,4037039821952606,冬雨夏雪,鸭头,[等级42],[粉丝团 Lv13]
2026-05-20 12:16:37,4233546532927219,🉑🈶🉑🈚,开麦开麦啊,[等级20],[粉丝团 Lv10]
2026-05-20 12:16:40,70920604899,硚帮主,密室有啥故事？,[等级10],
2026-05-20 12:16:43,2414958131548487,他和她的猫，，,下坡不刹车,[等级9],
2026-05-20 12:16:44,96391907191,十月石头,今天好温柔,[等级19],[粉丝团 Lv9]
2026-05-20 12:16:48,1500146820715694,伏笔,辣圈圈在看嘛[看],[等级23],[粉丝团 Lv8]
2026-05-20 12:16:51,60251139357,雨中逢花,二号主播叫什么？,[等级18],[粉丝团 Lv9]
2026-05-20 12:16:53,3913913666903720,太阳☀,吃一堑长一智[赞],[等级41],[粉丝团 Lv13]
2026-05-20 12:16:55,98460975967,ەㅤㅤㅤㅤㅤㅤㅤㅤㅤ一个蛋🥚 ㅤㅤㅤㅤ,[发呆][发呆][发呆],[等级34],[粉丝团 Lv10]
2026-05-20 12:16:56,88312588832,🌈 𝗠𝗮𝗸𝗮𝗯𝗮𝗸𝗮。,昨天被堵了,[等级8],[粉丝团 Lv8]
2026-05-20 12:16:59,3377334501516344,虾仁猪心(˃ ⌑ ˂ഃ ),二号没开延迟姐,[等级19],[粉丝团 Lv6]
2026-05-20 12:16:59,55159220102,BWRZ（记录美好）,哈哈哈哈,[等级36],[粉丝团 Lv16]
2026-05-20 12:17:02,105121214015,Mr丶,2号叫  辻弎,[等级23],[粉丝团 Lv13]
2026-05-20 12:17:03,101922214474,菩瑶爱吃黎,我被密室阴过[捂脸],[等级28],[粉丝团 Lv2]
2026-05-20 12:17:03,74146444075,两个人,辻贰,[等级13],[粉丝团 Lv10]
2026-05-20 12:17:05,7352270236118385726,神秘人,鸭姐我是鸭子,,
2026-05-20 12:17:05,81714065557,-波哥,才睡醒吗，现在这个声音爱了爱了,[等级7],[粉丝团 Lv1]
2026-05-20 12:17:06,3483731398755214,Zz..,2号是个小主播,[等级11],[粉丝团 Lv11]
2026-05-20 12:17:07,1838847804575764,老农民A1,他直播间十个人,[等级33],[粉丝团 Lv15]
2026-05-20 12:17:09,71074166083,乔巴,直播间就10来个人[捂脸],[等级34],[粉丝团 Lv11]
2026-05-20 12:17:13,3118670421442236,雨天头痛,@Mr丶,[等级2],[粉丝团 Lv5]
2026-05-20 12:17:14,915267797125152,🎙️迪宝儿,[爱心],[等级19],
2026-05-20 12:17:15,98711693489,L-Aug-15-Leo,收到,[等级44],[粉丝团 Lv17]
2026-05-20 12:17:15,98460975967,ەㅤㅤㅤㅤㅤㅤㅤㅤㅤ一个蛋🥚 ㅤㅤㅤㅤ,[看][看][看],[等级34],[粉丝团 Lv10]
2026-05-20 12:17:15,105121214015,Mr丶,名字太难打了,[等级23],[粉丝团 Lv13]
2026-05-20 12:17:16,84159073433,不入戏🍃,[捂脸][捂脸],[等级21],[粉丝团 Lv12]
2026-05-20 12:17:17,89968056296,陈哥,[666][666][666],[等级30],[粉丝团 Lv14]
2026-05-20 12:17:17,110853008719,！,[尬笑][尬笑][尬笑],[等级26],
2026-05-20 12:17:18,1807239114666904,·喵了个咪,[捂脸],[等级20],[粉丝团 Lv15]
2026-05-20 12:17:19,55159220102,BWRZ（记录美好）,我不看其他视角[看],[等级36],[粉丝团 Lv16]
2026-05-20 12:17:20,67936016602,黑风寨萧瑟(嗷呜~),520快乐520快乐520快乐,[等级29],[粉丝团 Lv15]
2026-05-20 12:17:21,3573876511223243,空白,哈哈哈,[等级11],[粉丝团 Lv2]
2026-05-20 12:17:21,3680819691683396,雯潆,哈哈哈哈哈,[等级27],[粉丝团 Lv12]
2026-05-20 12:17:22,93171998731,a屁桃,[捂脸][捂脸][捂脸],[等级15],[粉丝团 Lv11]
2026-05-20 12:17:22,83741692901,925,张老黑我爱你🤟,[等级33],[粉丝团 Lv7]
2026-05-20 12:17:22,1945459114393435,·𝑺𝒎𝒊𝒍𝒆✦,吃一堑吃一堑在吃一堑吃饱了,[等级15],[粉丝团 Lv10]
2026-05-20 12:17:23,111213765634,咸鱼零食好吃,哈哈哈，过去两个,[等级19],[粉丝团 Lv11]
2026-05-20 12:17:23,65767160127,琬渝,哈哈哈哈,[等级21],[粉丝团 Lv13]
2026-05-20 12:17:23,105622673029,王先生,绿豆芝麻大的主播[呲牙][呲牙],[等级12],[粉丝团 Lv12]
2026-05-20 12:17:23,474639356942429,多云转晴,叫什么名字,[等级29],[粉丝团 Lv15]
2026-05-20 12:17:23,2141446715747582,魏大呆,叫什么名？,[等级15],[粉丝团 Lv11]
2026-05-20 12:17:24,66139861027,人生如戏,我也被堵过密室[捂脸][捂脸][捂脸][捂脸],[等级13],[粉丝团 Lv7]
2026-05-20 12:17:24,108311107956,2. Oct.15_Lib·Gong♎,二号叫什么,[等级29],[粉丝团 Lv12]
2026-05-20 12:17:26,3213202011469625,Didi,名字起得不好,[等级17],[粉丝团 Lv11]
2026-05-20 12:17:26,96654996045,₍₍Ϡ(੭•̀ω•́)੭✧⃛,南宇？,[等级8],[粉丝团 Lv10]
2026-05-20 12:17:27,84159073433,不入戏🍃,我差点就信了[看][看],[等级21],[粉丝团 Lv12]
2026-05-20 12:17:28,4862013350589,厉扑,张嘴就来,[等级21],[粉丝团 Lv11]
2026-05-20 12:17:28,108617130675,追梦,叫啥名字,[等级28],[粉丝团 Lv10]
2026-05-20 12:17:32,101893404132,人家是内向腼腆害羞社恐的阿里嘎多美羊羊桑,2号谁,[等级4],[粉丝团 Lv8]
2026-05-20 12:17:33,2172229561625960,好嗨哟,叫什么名字,[等级25],[粉丝团 Lv13]
2026-05-20 12:17:36,2824005799381037,空中③秒,还有个密室,[等级7],
2026-05-20 12:17:36,3483731398755214,Zz..,就是他id,[等级11],[粉丝团 Lv11]
2026-05-20 12:17:36,99507111787,W..,名字不行,[等级14],
2026-05-20 12:17:36,4162095481363833,mrtang,想要流量[比心]老黑叫一声，马上过去1万人,,
2026-05-20 12:17:37,2207447170951252,一桉,呜呜呜忘记昨天周二不直播了,[等级16],
2026-05-20 12:17:37,4074132124220756,用户3016276693777,大黑哥,,
2026-05-20 12:17:38,1502405581869168,夜猫,带张君雅出来威，一定要戴头盔[捂脸],[等级6],
2026-05-20 12:17:38,1257437656002798,某某.,名字取的一般,[等级34],[粉丝团:张君雅 Lv16]
2026-05-20 12:17:39,59740312250,沛公,名字怎么打,[等级26],[粉丝团 Lv12]
2026-05-20 12:17:40,102251556180,小李睡醒咯,啥名字,[等级5],
2026-05-20 12:17:42,94185634741,攒宇,他那名字 不会打 找不到[捂脸],[等级26],[粉丝团 Lv1]
2026-05-20 12:17:42,94298253320,w.&,叫啥名字,[等级20],[粉丝团 Lv2]
2026-05-20 12:17:42,7388300672436421656,☆↘尛の潴,2号叫啥,,
2026-05-20 12:17:42,2752776078632967,飞飞飞,这ID就火不了[捂脸],[等级25],[粉丝团 Lv10]
2026-05-20 12:17:43,104703426031,欧欧,人真走了,[等级12],[粉丝团 Lv11]
2026-05-20 12:17:44,84228438963,吞云,叫什么名字，我们过去,[等级29],[粉丝团 Lv3]
2026-05-20 12:17:44,111007266356,🔱守望w,12,[等级29],[粉丝团 Lv15]
2026-05-20 12:17:46,3013139552021534,🦁🖤,主播我昨天没看擦边 好难过（絲,[等级32],[粉丝团:张君雅 Lv16]
2026-05-20 12:17:46,4503658257446344,🥐cornetto,这名字搜一下的兴趣都没有  我不认识,[等级41],[粉丝团 Lv7]
2026-05-20 12:17:48,67936016602,黑风寨萧瑟(嗷呜~),@汪汪小汪 妹仔520快乐520快乐520快乐,[等级29],[粉丝团 Lv15]
2026-05-20 12:17:48,59740312250,沛公,过去看看,[等级26],[粉丝团 Lv12]
2026-05-20 12:17:50,4305294912129470,余拉,老黑我爱你,[等级18],[粉丝团 Lv10]
2026-05-20 12:17:52,4089784583337822,☞,他那名字不知道叫什么,[等级15],[粉丝团 Lv6]
2026-05-20 12:17:54,2871556884400951,爱吃枣泥月饼,shiyi,[等级2],[粉丝团 Lv2]
2026-05-20 12:17:55,3367119101376588,又赢了,一本正经的胡说八道,[等级4],[粉丝团 Lv5]
2026-05-20 12:17:55,64620865007,小蛋糕🍰,名字我都不会搜哈哈哈哈哈哈哈,[等级31],[粉丝团 Lv10]
2026-05-20 12:17:56,100016397617,000111,上厕所不关门,[等级1],
2026-05-20 12:17:57,78081534601,百川,张君雅牛逼也很美,[等级22],
2026-05-20 12:17:57,3548869789757283,鹤锦怀,名字都不知道怎么打,[等级14],
2026-05-20 12:17:59,93054496193,🌈卫辉妞姐,雅姐，这么别扭,[等级10],[粉丝团 Lv4]
2026-05-20 12:18:00,98783464895,💇🏼‍♂️冬冬,这名字鬼知道,[等级18],[粉丝团 Lv5]
2026-05-20 12:18:04,100313663814,༺TIME༻,局哥把复合弓给你放P城了，快去拿[看],[等级15],[粉丝团 Lv12]
2026-05-20 12:18:04,96654996045,₍₍Ϡ(੭•̀ω•́)੭✧⃛,南屿吧二号,[等级8],[粉丝团 Lv10]
2026-05-20 12:18:07,1666500797140135,꧁༺予你༻꧂,@硚帮主 我遇见过一个满编队被人机堵里面了，就在核电站过来那个密室。[捂脸][捂脸][捂脸][捂脸],[等级15],[粉丝团 Lv12]
2026-05-20 12:18:09,710724864472762,木空,这id搜都不知道怎么搜,[等级16],[粉丝团 Lv13]
2026-05-20 12:18:11,4162095481363833,mrtang,老黑没叫去看，就不去,,
2026-05-20 12:18:13,92461848227,煜,让队友开,[等级13],[粉丝团 Lv11]
2026-05-20 12:18:15,99569816302,蝴蝶过山门,一天没有看到老黑挨打，浑身难受,[等级20],[粉丝团 Lv8]
2026-05-20 12:18:15,3900723210750407,回忆,不,[等级10],[粉丝团 Lv10]
2026-05-20 12:18:16,4410845128828888,地狱小魔,给你个法玛斯[看],[等级25],[粉丝团 Lv11]
2026-05-20 12:18:19,1024398857340355,重庆玻璃隔断高隔间厂家,胡韵睿合约到期，张老黑也快到了吧,[等级16],
2026-05-20 12:18:20,3695872329389120,甲乙丙丁,赶快换马,,
2026-05-20 12:18:24,2254426851786483,秋,这名字不认识[捂脸],[等级17],[粉丝团 Lv13]
2026-05-20 12:18:25,108825768878,南山居士,强烈呼吁和平精英必须给和平一姐张君雅全套黄金风衣的第7天！,[等级1],
2026-05-20 12:18:26,979038914218602,不爱吃鱼,刷视频刷到这，就划不走了,[等级2],[粉丝团 Lv2]
2026-05-20 12:18:27,92470644873,ㅤ ㅤ望雪城,昨晚猫局被撵的到处跑,[等级11],
2026-05-20 12:18:32,2510895138218599,刘一叨,法玛斯，妹控，你不天塌了,[等级29],[粉丝团 Lv10]
2026-05-20 12:18:35,3021083067293059,歡 、  🌻,Shi  er,[等级11],
2026-05-20 12:18:36,65759302943,第三人称,是啥名字啊,[等级9],[粉丝团 Lv11]
2026-05-20 12:18:36,7453462977092158478,二楼,他火不了 名字都不认识 装吧就,,
2026-05-20 12:18:36,111177217836,华华,开出妹控法玛斯,[等级2],
2026-05-20 12:18:36,4375691173567747,.   悟,二号主播叫啥名字？,[等级8],
2026-05-20 12:18:37,1838847804575764,老农民A1,所以说一个好名字很重要,[等级33],[粉丝团 Lv15]
2026-05-20 12:18:41,4503688093516652,马老六,辻弎和平精英,,
2026-05-20 12:18:41,51782197378,爱哭的鱼…,进来喊的老黑，现在是雅姐,[等级34],[粉丝团:张君雅 Lv15]
2026-05-20 12:18:42,105121214015,Mr丶,2号叫   辻弎,[等级23],[粉丝团 Lv13]
2026-05-20 12:18:42,3962260748249928,正玺影视,除了小姨子没到，都到了,[等级22],[粉丝团 Lv10]
2026-05-20 12:18:43,102469975321,✨名门⭐️,@南山居士 你小子[看],[等级19],[粉丝团 Lv15]
2026-05-20 12:18:43,89968056296,陈哥,@mrtang 说了呀，叫过去10万,[等级30],[粉丝团 Lv14]
2026-05-20 12:18:49,2414958131548487,他和她的猫，，,万事开头难,[等级9],
2026-05-20 12:18:50,4110437085873056,用户0307,@Mr丶,[等级3],
2026-05-20 12:18:53,3013139552021534,🦁🖤,哈哈哈哈哈哈（絲,[等级32],[粉丝团:张君雅 Lv16]
2026-05-20 12:18:59,2824005799381037,空中③秒,让队友开肯定能爆,[等级7],
2026-05-20 12:18:59,110853008719,！,@二楼 人家也没装啥啊,[等级26],
2026-05-20 12:19:00,986727866970276,如此简单呀,没学到鱼哥的精髓,,
2026-05-20 12:19:00,529280099418747,一念,不要不要，手还挺诚实。哈哈哈哈,[等级11],
2026-05-20 12:19:02,1512542077459805,记得晒太阳,名副其实，老黑[看],[等级18],[粉丝团 Lv9]
2026-05-20 12:19:02,100164520660,北沚,3个都这么穷[捂脸],[等级10],
2026-05-20 12:19:02,4162095481363833,mrtang,现在放有什么用,,
2026-05-20 12:19:03,76558744469,路痴,换人开,[等级14],
2026-05-20 12:19:04,4410845128828888,地狱小魔,哈哈哈哈哈哈哈,[等级25],[粉丝团 Lv11]
2026-05-20 12:19:05,63416229807,风沙迷了眼⁵¹⁰⁷⁴,[捂脸][捂脸][捂脸][捂脸][捂脸],[等级21],[粉丝团 Lv15]
2026-05-20 12:19:06,1420996635792391,张老黑的好大儿,？？？,[等级24],[粉丝团 Lv12]
2026-05-20 12:19:06,83917339555,zj🍀,[捂脸][捂脸],[等级19],[粉丝团 Lv13]
2026-05-20 12:19:06,101277257606,风的影子🧸,[捂脸][捂脸][捂脸][捂脸],[等级42],[粉丝团 Lv11]
2026-05-20 12:19:06,61072672391,LLLch,[捂脸][捂脸],[等级19],[粉丝团 Lv11]
2026-05-20 12:19:07,66672197795,過客,[捂脸][捂脸][捂脸][捂脸],[等级34],[粉丝团 Lv8]
2026-05-20 12:19:07,772280035849376,🌹罗富贵🌹,[捂脸],[等级29],
2026-05-20 12:19:07,2984502456237699,汪汪小汪,哈哈哈,[等级32],[粉丝团 Lv15]
2026-05-20 12:19:07,101922214474,菩瑶爱吃黎,[捂脸][捂脸][捂脸],[等级28],[粉丝团 Lv3]
2026-05-20 12:19:07,1322064223941683,8888,[捂脸],[等级18],[粉丝团 Lv2]
2026-05-20 12:19:07,1838847804575764,老农民A1,[捂脸][捂脸][捂脸][捂脸][捂脸],[等级33],[粉丝团 Lv15]
2026-05-20 12:19:08,71565881027,mcwang55,卡住了,[等级14],
2026-05-20 12:19:09,3100261416960620,棉棉,[捂脸][捂脸][捂脸][捂脸],[等级17],[粉丝团 Lv12]
2026-05-20 12:19:09,3962260748249928,正玺影视,[捂脸][捂脸][捂脸][捂脸],[等级22],[粉丝团 Lv10]
2026-05-20 12:19:09,7443467011387458618,骨阿夫特嫩,[捂脸][捂脸][捂脸],[等级29],
2026-05-20 12:19:09,2886633429416954,憨憨,[捂脸][捂脸],,
2026-05-20 12:19:10,59803129309,一只小陽yu.（必发财版）,哈哈哈哈哈哈哈,[等级21],[粉丝团 Lv13]
2026-05-20 12:19:11,71291098985,🌈在花果山给猴喂猪饲料,[捂脸][捂脸][捂脸],[等级16],[粉丝团 Lv13]
2026-05-20 12:19:11,4295115881845472,乘风破浪🏄‍♂️,对面主播叫什么,[等级18],
2026-05-20 12:19:11,3680819691683396,雯潆,哈哈哈哈哈[捂脸],[等级27],[粉丝团 Lv12]
2026-05-20 12:19:13,71359849443,床上那段情,[捂脸],[等级29],[粉丝团 Lv11]
2026-05-20 12:19:14,55159220102,BWRZ（记录美好）,笑死[看],[等级36],[粉丝团 Lv16]
2026-05-20 12:19:14,2141446715747582,魏大呆,[捂脸][捂脸][捂脸][捂脸],[等级15],[粉丝团 Lv11]
2026-05-20 12:19:14,102469975321,✨名门⭐️,[捂脸][捂脸][捂脸],[等级19],[粉丝团 Lv15]
2026-05-20 12:19:15,3631033278268379,浅浅,哈哈哈哈哈,[等级4],[粉丝团 Lv6]
2026-05-20 12:19:15,3047482674388180,菜场在逃肥鸡,哈哈哈哈哈,[等级20],[粉丝团 Lv9]
2026-05-20 12:19:15,1257437656002798,某某.,?,[等级34],[粉丝团:张君雅 Lv16]
2026-05-20 12:19:15,2656851222084430,附子炖粉条,不落[捂脸],[等级13],[粉丝团 Lv6]
2026-05-20 12:19:15,105121214015,Mr丶,2号叫   辻弎   这名就很难火，很难打出来。,[等级23],[粉丝团 Lv13]
2026-05-20 12:19:17,83826979966,🌈麦兜🌈,老黑,[等级12],[粉丝团 Lv11]
2026-05-20 12:19:17,111177217836,华华,哈哈哈哈哈,[等级2],
2026-05-20 12:19:18,4296547667295512,阳光智行,这么好的机会，这个主播怎么不刷礼物,[等级22],[粉丝团 Lv8]
2026-05-20 12:19:20,1034002896270576,✨好运来✨,口是心非,[等级17],[粉丝团 Lv10]
2026-05-20 12:19:21,111213765634,咸鱼零食好吃,哈哈哈哈,[等级19],[粉丝团 Lv11]
2026-05-20 12:19:22,2395184081945055,忙里偷闲⁵¹⁰⁷⁴,[捂脸][捂脸][捂脸],[等级29],[粉丝团 Lv15]
2026-05-20 12:19:25,892413678724877,厌遇,[尬笑][黑脸][尬笑][黑脸][尬笑][黑脸],[等级24],[粉丝团 Lv6]
2026-05-20 12:19:26,1068321795479469,风过野、月染松,如果来个车堵住会怎样,[等级14],
2026-05-20 12:19:26,84159073433,不入戏🍃,[捂脸][捂脸][捂脸],[等级21],[粉丝团 Lv12]
2026-05-20 12:19:29,102251556180,小李睡醒咯,那家伙没开延迟，等下被抓了,[等级5],
2026-05-20 12:19:29,71359849443,床上那段情,520快乐,[等级29],[粉丝团 Lv11]
2026-05-20 12:19:30,98460975967,ەㅤㅤㅤㅤㅤㅤㅤㅤㅤ一个蛋🥚 ㅤㅤㅤㅤ,[捂脸][捂脸][捂脸],[等级34],[粉丝团 Lv10]
2026-05-20 12:19:31,4410845128828888,地狱小魔,哈哈哈哈哈哈,[等级25],[粉丝团 Lv11]
2026-05-20 12:19:31,101926859943,折.,？,[等级12],[粉丝团 Lv11]
2026-05-20 12:19:33,63332449290,自由￰,？？？,[等级29],[粉丝团 Lv15]
2026-05-20 12:19:33,110986320405,💞ꦿ᭄余温散尽᭄ꦿএ,哈哈,[等级20],
2026-05-20 12:19:34,95630049825,老廖,哈哈哈,[等级29],[粉丝团 Lv15]
2026-05-20 12:19:35,1332225723339756,用户7087416616603,不听话，在哪等着[捂脸],[等级14],[粉丝团 Lv6]
2026-05-20 12:19:35,57017996388,要你命3千,不拿粉丝一针一线,[等级36],[粉丝团 Lv14]
2026-05-20 12:19:35,3175859585296591,今晚早点睡.,[捂脸][捂脸][捂脸],[等级3],[粉丝团 Lv3]
2026-05-20 12:19:35,78291272243,财哈哈🍀,好黑,[等级29],[粉丝团 Lv7]
2026-05-20 12:19:36,71565881027,mcwang55,没用[捂脸][捂脸][捂脸],[等级14],
2026-05-20 12:19:36,104360562881,夏序清和·无心,哈哈哈哈520快乐,[等级24],[粉丝团 Lv9]
2026-05-20 12:19:36,2141446715747582,魏大呆,[捂脸][捂脸][捂脸][捂脸][捂脸],[等级15],[粉丝团 Lv11]
2026-05-20 12:19:36,74189669566,鬼鬼_,哈哈哈哈哈,[等级26],
2026-05-20 12:19:36,2395184081945055,忙里偷闲⁵¹⁰⁷⁴,不要，不要,[等级29],[粉丝团 Lv15]
2026-05-20 12:19:37,101277257606,风的影子🧸,哈哈哈哈,[等级42],[粉丝团 Lv11]
2026-05-20 12:19:37,2008152259705040,汉、歼的审判者,[捂脸][捂脸][捂脸],[等级15],[粉丝团 Lv12]
2026-05-20 12:19:37,65767160127,琬渝,520快乐520快乐520快乐,[等级21],[粉丝团 Lv13]
2026-05-20 12:19:37,109886789309,✨️larkspur_tang⁵¹⁰⁷⁴,哈哈哈,[等级31],[粉丝团 Lv16]
2026-05-20 12:19:38,4468879230241195,我在边界,[看],[等级13],[粉丝团 Lv4]
2026-05-20 12:19:38,74950761795,ℳ·初遇᥇ꪖ᥇ꪗ·ꦿ໊ོ⁵²⁰,[捂脸][捂脸][捂脸],[等级20],[粉丝团 Lv10]
2026-05-20 12:19:38,73050273419,张全蛋的胸毛,？？？,[等级23],[粉丝团 Lv15]
2026-05-20 12:19:38,60700034541,熊沐沐❤️,对方叫啥啊,[等级6],
2026-05-20 12:19:38,100164520660,北沚,[捂脸][捂脸]无人机也穷,[等级10],
2026-05-20 12:19:38,72923426251,不亖,哈哈哈哈哈哈哈,[等级36],[粉丝团 Lv8]
2026-05-20 12:19:38,64418144829,㣻罖,[捂脸][捂脸][捂脸][捂脸][捂脸],[等级11],[粉丝团 Lv12]
2026-05-20 12:19:38,1034002896270576,✨好运来✨,[捂脸],[等级17],[粉丝团 Lv10]
2026-05-20 12:19:39,3047482674388180,菜场在逃肥鸡,没绷住,[等级20],[粉丝团 Lv9]
2026-05-20 12:19:40,66266594671,萤火虫露营基地,[捂脸][捂脸][捂脸][呲牙][捂脸][呲牙][捂脸][呲牙]520快乐520快乐,[等级25],[粉丝团 Lv10]
2026-05-20 12:19:40,91822771980,💜U U💜,哈哈哈哈哈,[等级21],[粉丝团 Lv11]
2026-05-20 12:19:40,68278570215,🌟锦霄🌟,放了假垃圾[捂脸][捂脸][捂脸],[等级19],[粉丝团 Lv14]
2026-05-20 12:19:40,3013139552021534,🦁🖤,也没好东西（丝[捂脸][捂脸],[等级32],[粉丝团:张君雅 Lv16]
2026-05-20 12:19:40,61455775175,小苑❤️,对面没延迟[看],[等级23],[粉丝团 Lv14]
2026-05-20 12:19:40,2170912010143284,Yeri.,哈哈哈哈哈哈,[等级15],[粉丝团 Lv10]
2026-05-20 12:19:41,3153822084251196,孤屿🌿,哈哈。那是没有东西[看],[等级13],[粉丝团 Lv9]
2026-05-20 12:19:41,105995130455,纆,[捂脸][捂脸][捂脸],[等级37],[粉丝团 Lv6]
2026-05-20 12:19:41,63173469632,小K,真黑,[等级14],[粉丝团 Lv8]
2026-05-20 12:19:42,69733704889,沈點芯,没好东西当然不拿,[等级20],[粉丝团 Lv8]
2026-05-20 12:19:42,3648620817810563,૮₍˃̶ꇴ˂̶₎ა,不要,[等级7],[粉丝团 Lv8]
2026-05-20 12:19:43,101926859943,折.,？？,[等级12],[粉丝团 Lv11]
2026-05-20 12:19:43,111213765634,咸鱼零食好吃,没东西,[等级19],[粉丝团 Lv11]
2026-05-20 12:19:43,2287430138602391,唯一的执着,有毒,[等级18],[粉丝团 Lv2]
2026-05-20 12:19:43,92461848227,煜,[捂脸][捂脸][捂脸],[等级13],[粉丝团 Lv11]
2026-05-20 12:19:44,66816733493,υ尤‣,[捂脸][捂脸][捂脸][捂脸],[等级14],[粉丝团 Lv12]
2026-05-20 12:19:44,3081266249862527,糯米,没东西不拿,[等级5],[粉丝团 Lv7]
2026-05-20 12:19:44,104761223178,君邪,笑死人,[等级25],
2026-05-20 12:19:44,96199903454,庆哥哥,[发呆][发呆],[等级18],[粉丝团 Lv10]
2026-05-20 12:19:44,3835516657862510,hello,[捂脸][捂脸][捂脸],[等级21],[粉丝团 Lv5]
2026-05-20 12:19:44,93725491586,黎明,因为没有好东西[捂脸][捂脸][捂脸],[等级39],[粉丝团 Lv7]
2026-05-20 12:19:44,103826910046,鸱吻,[捂脸][捂脸],[等级28],[粉丝团 Lv13]
2026-05-20 12:19:44,55159220102,BWRZ（记录美好）,确实之前都没拿过[看],[等级36],[粉丝团 Lv16]
2026-05-20 12:19:45,98039254047,(❁´過客`❁),黑,[等级26],[粉丝团 Lv10]
2026-05-20 12:19:45,2982304685497085,O 噢噢,不拿队友一针一线,[等级2],
2026-05-20 12:19:45,2008152259705040,汉、歼的审判者,？？？,[等级15],[粉丝团 Lv12]
2026-05-20 12:19:46,99090536427,莎莎,哈哈哈哈哈哈哈,[等级27],[粉丝团 Lv12]
2026-05-20 12:19:46,69561938359,米乐ོ,主要太黑了,[等级23],[粉丝团 Lv13]
2026-05-20 12:19:46,100313663814,༺TIME༻,本来就黑[看],[等级15],[粉丝团 Lv12]
2026-05-20 12:19:46,3680819691683396,雯潆,不要[看],[等级27],[粉丝团 Lv12]
2026-05-20 12:19:47,101922214474,菩瑶爱吃黎,[捂脸][捂脸][捂脸],[等级28],[粉丝团 Lv3]
2026-05-20 12:19:47,1003205268617283,左右言它,黑啊[捂脸][捂脸],[等级25],[粉丝团 Lv8]
2026-05-20 12:19:47,56357217518,￴ ￴ ￴￴ ￴ ￴ ￴ ￴￴ ￴,520快乐,[等级39],
2026-05-20 12:19:48,2005142166316856,fgg,老黑老黑了,[等级8],[粉丝团 Lv4]
2026-05-20 12:19:48,1453995430513568,多多赚钱,520快乐520快乐520快乐,[等级7],[粉丝团 Lv3]
2026-05-20 12:19:48,104289922734,芝麻糊糊,哈哈哈哈哈哈哈,[等级10],
2026-05-20 12:19:49,52278926696,梨涡远点,哪个主播,[等级14],
2026-05-20 12:19:49,71565881027,mcwang55,张君雅黑[看],[等级14],
2026-05-20 12:19:51,72607596861,杰-,主要我是老黑,[等级17],[粉丝团 Lv2]
2026-05-20 12:19:51,64096045771,ㅤㅤㅤㅤ ㅤㅤㅤ ㅤ  ㅤAlano,[发呆],[等级24],[粉丝团 Lv8]
2026-05-20 12:19:52,65759302943,第三人称,？,[等级9],[粉丝团 Lv11]
2026-05-20 12:19:52,65778803461,泽♎,[捂脸][捂脸][捂脸][捂脸],[等级45],
2026-05-20 12:19:52,67936016602,黑风寨萧瑟(嗷呜~),？？,[等级29],[粉丝团 Lv15]
2026-05-20 12:19:52,96429337511,Liu～,[捂脸][捂脸][捂脸][捂脸][捂脸][捂脸],[等级14],[粉丝团 Lv13]
2026-05-20 12:19:52,690125102658323,黑猫@警长,不黑就啥都没了[捂脸][捂脸][捂脸][捂脸],[等级24],[粉丝团 Lv12]
2026-05-20 12:19:52,4111826559440468,爱哭鬼小烊,哈哈哈哈哈哈哈,[等级9],
2026-05-20 12:19:53,84006656303,摆烂吧-- CC,没她想要的[捂脸],[等级15],[粉丝团 Lv14]
2026-05-20 12:19:53,75737713936,ﾍ😌ﾍ工商财务,[捂脸],[等级15],[粉丝团 Lv12]
2026-05-20 12:19:54,101795391933,坦然面对,休天假嗓子都不行了,[等级18],[粉丝团 Lv2]
2026-05-20 12:19:54,95507451318,溪鱼,[捂脸]520快乐,[等级17],[粉丝团 Lv10]
2026-05-20 12:19:55,1827809526030755,君雅酒店对面老黑,[捂脸][捂脸][捂脸][捂脸],[等级12],[粉丝团 Lv8]
2026-05-20 12:19:55,479016133332312,辽哥,要帮他舔一下哦,[等级19],[粉丝团 Lv9]
2026-05-20 12:19:56,66672197795,過客,[捂脸][捂脸][捂脸],[等级34],[粉丝团 Lv8]
2026-05-20 12:19:56,111480308764,锦程,好嘿呦,[等级31],[粉丝团 Lv15]
2026-05-20 12:19:57,4339110402067072,牛魔 王,[捂脸],[等级2],
2026-05-20 12:19:57,2656851222084430,附子炖粉条,放了两盒垃圾[捂脸],[等级13],[粉丝团 Lv7]
2026-05-20 12:19:57,2172229561625960,好嗨哟,从来不拿白不拿[捂脸][捂脸][捂脸],[等级25],[粉丝团 Lv13]
2026-05-20 12:19:57,4059037611862301,小胖子,张老黑,[等级1],
2026-05-20 12:19:58,104289922734,芝麻糊糊,不爱贪[看],[等级10],
2026-05-20 12:19:58,97764985902,少华,不拿你还等半天,[等级15],[粉丝团 Lv7]
2026-05-20 12:19:58,95630049825,老廖,主要是我张老黑黑,[等级29],[粉丝团 Lv15]
2026-05-20 12:19:58,109407680406,想不到,真黑,,
2026-05-20 12:19:58,3695872329389120,甲乙丙丁,换马,,
2026-05-20 12:19:58,1824779861764782,小猪佩奇,等老半天[捂脸]，啥也没,[等级10],[粉丝团 Lv2]
2026-05-20 12:19:58,3642015633909464,-♡落书,你从来不拿.?,[等级22],[粉丝团 Lv9]
2026-05-20 12:19:58,7549456355062170681,还没想好~,你信吗[捂脸][捂脸][捂脸][捂脸],,
2026-05-20 12:19:59,17202865771592,郑二爷,认真的吗[捂脸],[等级16],[粉丝团 Lv10]
2026-05-20 12:19:59,4503612798124480,老五﹉～,他叫什么名字？,[等级26],
2026-05-20 12:19:59,2875967640449822,万柳柳小趴菜,老黑,[等级22],[粉丝团 Lv12]
2026-05-20 12:20:00,86340065147,枭笙♛,从来不拿别人的无人机[捂脸][捂脸][捂脸],[等级6],
2026-05-20 12:20:00,11332426940,🕊,[捂脸][捂脸][捂脸],[等级7],
2026-05-20 12:20:01,72599065285,池,主要还是看不上那些破烂,[等级16],[粉丝团 Lv9]
2026-05-20 12:20:01,97277263287,晴天☀️,老黑老黑,[等级11],
2026-05-20 12:20:02,98711693489,L-Aug-15-Leo,都没你拿粉丝的最多[呲牙],[等级44],[粉丝团 Lv17]
2026-05-20 12:20:03,109912513428,zhong,张老黑黑[捂脸],[等级28],[粉丝团 Lv5]
2026-05-20 12:20:03,3969664936053292,Jiang蒋,嘴上说着不要，手上功夫了得520快乐,[等级11],[粉丝团 Lv6]
2026-05-20 12:20:04,50723822354,จุ๊บ糖的味道,张老黑,[等级19],[粉丝团 Lv10]
2026-05-20 12:20:04,4162095481363833,mrtang,过来刷个跑车，马上给他直播间上人气,,
2026-05-20 12:20:04,24921359165,辉少.,你吹过吗,[等级21],[粉丝团 Lv10]
2026-05-20 12:20:05,4295115881845472,乘风破浪🏄‍♂️,对面叫什么名字,[等级18],
2026-05-20 12:20:06,92829047329,南丰,不是你黑是我黑[捂脸],[等级30],[粉丝团 Lv11]
2026-05-20 12:20:06,1987506198559598,岁岁年ༀ,@💋妞妞姐姐（宠小白版） 好久没看到你上线了,[等级14],[粉丝团 Lv14]
2026-05-20 12:20:06,96491112356,、等风,张老黑，你说能不黑嘛[捂脸],[等级24],[粉丝团 Lv12]
2026-05-20 12:20:06,105622673029,王先生,认识你的人都不信[呲牙],[等级12],[粉丝团 Lv12]
2026-05-20 12:20:06,3642015633909464,-♡落书,谁信,[等级22],[粉丝团 Lv9]
2026-05-20 12:20:06,2761577295780076,许星纯不纯,哈哈哈太黑了,[等级12],
2026-05-20 12:20:07,99522832734,是有点蔡⁵¹⁰⁷⁴,不拿粉丝一针一线，除非P90，大炮，Aug,[等级32],[粉丝团 Lv16]
2026-05-20 12:20:08,94301009628,-释然,二号没开延迟,[等级20],[粉丝团 Lv6]
2026-05-20 12:20:08,3887517321,ぢ  暮 冫茈ッ,不拿群众一针一线[赞][赞][赞],[等级7],
2026-05-20 12:20:09,103394089947,√ fail(＞)×succee,这二号叫啥,[等级11],
2026-05-20 12:20:09,102132936397,℡1,不亏是张老黑,[等级23],[粉丝团 Lv10]
2026-05-20 12:20:10,71216059287,(:з如果*没有遇见你∠),把队友整沉默了[捂脸],[等级22],[粉丝团 Lv14]
2026-05-20 12:20:10,106290863268,𠂇,对面叫啥了,[等级18],[粉丝团 Lv2]
2026-05-20 12:20:11,4059037611862301,小胖子,你说这话你都好意思。张老黑。,[等级1],
2026-05-20 12:20:13,1827809526030755,君雅酒店对面老黑,没用也喜欢[捂脸][捂脸][捂脸],[等级12],[粉丝团 Lv8]
2026-05-20 12:20:13,3642015633909464,-♡落书,快扣一,[等级22],[粉丝团 Lv9]
2026-05-20 12:20:13,7612951911537198138,一条锦鲤游啊游～,不拿但是捡,[等级6],[粉丝团 Lv3]
2026-05-20 12:20:13,3153822084251196,孤屿🌿,黑旋风吧，,[等级13],[粉丝团 Lv9]
2026-05-20 12:20:14,93725491586,黎明,我张君雅从来不拿别人的无人机，因为没有好东西[捂脸][捂脸][捂脸][捂脸],[等级39],[粉丝团 Lv7]
2026-05-20 12:20:15,74976693281,顺势_而为,张老黑能不黑吗,[等级10],[粉丝团 Lv10]
2026-05-20 12:20:18,109407680406,想不到,不如给队友摸,,
2026-05-20 12:20:20,13090668748,开心就好,口是心非，心手不一,[等级9],[粉丝团 Lv10]
2026-05-20 12:20:21,94185634741,攒宇,[尬笑][黑脸],[等级26],[粉丝团 Lv1]
2026-05-20 12:20:21,59194993570,深知妳是梦,说出来，自己都笑了[看],[等级11],
2026-05-20 12:20:21,1512542077459805,记得晒太阳,开什么开，抢别人的才香[懵],[等级18],[粉丝团 Lv9]
2026-05-20 12:20:23,2708814916493463,baby --糖糖,520快乐,[等级7],[粉丝团 Lv6]
2026-05-20 12:20:23,1626875586159368,老韦,啤酒瓶aug比哪个都捡得快,[等级13],[粉丝团 Lv13]
2026-05-20 12:20:24,101658941422,锋,这名字一辈子火不了,[等级37],[粉丝团 Lv9]
2026-05-20 12:20:25,1877571817704455,旺旺大笋包,520快乐,[等级19],
2026-05-20 12:20:27,76630741477,小熊软糖,猫局今天不播吗？,[等级14],[粉丝团 Lv5]
2026-05-20 12:20:30,3913913666903720,太阳☀,两个无人机三个密室一把空投枪没有[流泪][流泪][流泪],[等级41],[粉丝团 Lv13]
2026-05-20 12:20:31,2871556884400951,爱吃枣泥月饼,他叫shiyi,[等级2],[粉丝团 Lv2]
2026-05-20 12:20:31,1223111678111060,感性,二号抖音 ：十弎和平精英,[等级7],
2026-05-20 12:20:33,3642015633909464,-♡落书,111111,[等级22],[粉丝团 Lv9]
2026-05-20 12:20:37,97720020029,Tony老師,2号没开延迟，小心,[等级34],[粉丝团 Lv2]
2026-05-20 12:20:37,106083715572,荆炜亚,你把党研究透了,[等级9],[粉丝团 Lv11]
2026-05-20 12:20:39,110986320405,💞ꦿ᭄余温散尽᭄ꦿএ,开箱子不爆，放无人机也没有，开密室也没有[捂脸][捂脸][捂脸],[等级20],
2026-05-20 12:20:41,2982304685497085,O 噢噢,心眼子贼多,[等级2],
2026-05-20 12:20:45,66139861027,人生如戏,昨天尿局暴金好几次,[等级13],[粉丝团 Lv7]
2026-05-20 12:20:46,1838838104734926,花匠小马,辻贰,[等级34],[粉丝团 Lv15]
2026-05-20 12:20:47,103358665061,@初心伴风雨,女人的嘴骗人的鬼[捂脸],[等级32],
2026-05-20 12:20:49,3290202542967133,🌈小白菜,今天没带娃[捂脸][捂脸][捂脸],[等级18],[粉丝团 Lv11]
2026-05-20 12:20:50,1280306984780173,朵寧,从来不拿别人无人机，除非没有好东西。,[等级13],[粉丝团 Lv11]
2026-05-20 12:20:52,82795769883,巡山小妖精,爱播，我爱你,[等级33],
2026-05-20 12:20:56,63764755693,伪装,要是有AUG或啤酒瓶早就拿了吧！,[等级24],[粉丝团 Lv9]
2026-05-20 12:20:57,1068321795479469,风过野、月染松,野生空投,[等级14],
2026-05-20 12:20:59,98058590073,一只鱼..·`,我靠你这延迟好多啊,[等级10],
2026-05-20 12:21:02,88312588832,🌈 𝗠𝗮𝗸𝗮𝗯𝗮𝗸𝗮。,520快乐,[等级8],[粉丝团 Lv8]
2026-05-20 12:21:02,104860100003,媛媛圆了,2号没延迟,[等级9],[粉丝团 Lv8]
2026-05-20 12:21:02,104985348157,嘉年华,一个没杀，这是打巅峰赛吗？,[等级20],[粉丝团 Lv2]
2026-05-20 12:21:06,83649167513,安琉宁,有谁知道主播用的什么平板吗？,[等级12],
2026-05-20 12:21:07,64620865007,小蛋糕🍰,抖音名起那么复杂[捂脸],[等级31],[粉丝团 Lv10]
2026-05-20 12:21:10,4215957197431401,红桃♥️J,昨晚猫局3把啤酒瓶[看],[等级9],[粉丝团 Lv10]
2026-05-20 12:21:11,108825768878,南山居士,禁止说实话,[等级1],
2026-05-20 12:21:15,4468879230241195,我在边界,@人生如戏 笑死我了，全是票,[等级13],[粉丝团 Lv4]
2026-05-20 12:21:15,138978140360220,秋石,这是海盗黑寡妇吗,[等级24],
2026-05-20 12:21:20,73135359179,后感yu,臭猫没开播吗,[等级31],[粉丝团 Lv11]
2026-05-20 12:21:22,97600677185,晓乔治ovo,@小蛋糕🍰 [捂脸],[等级38],[粉丝团 Lv13]
2026-05-20 12:21:23,3837750796361032,付双云,0杀这么多人,[等级14],
2026-05-20 12:21:25,94205687834,噗嗤,零杀吃kun,[等级34],
2026-05-20 12:21:29,51814048491,눈,@安琉宁 23寸屏幕,[等级21],[粉丝团 Lv10]
2026-05-20 12:21:29,108617130675,追梦,那个主播叫啥名字,[等级28],[粉丝团 Lv10]
2026-05-20 12:21:31,1415768448701549,上不了岸的猫🐱,@嘉年华 打躲猫猫,[等级26],[粉丝团 Lv15]
2026-05-20 12:21:33,2875967640449822,万柳柳小趴菜,二号是谁？？？？,[等级22],[粉丝团 Lv12]
2026-05-20 12:21:35,2984502456237699,汪汪小汪,啤酒瓶什么意思,[等级32],[粉丝团 Lv15]
2026-05-20 12:21:43,4051073478174045,Lrex,辻弎和平精英,[等级12],
2026-05-20 12:21:44,88312588832,🌈 𝗠𝗮𝗸𝗮𝗯𝗮𝗸𝗮。,P90,[等级8],[粉丝团 Lv8]
2026-05-20 12:21:44,66139861027,人生如戏,@红桃♥️J 猫给你藏了两把,[等级13],[粉丝团 Lv7]
2026-05-20 12:21:46,3771738245053625,会游泳的鱼👻,张老黑太黑了，三把钥匙爆不出金,,
2026-05-20 12:21:46,2782225270309235,问心,@汪汪小汪 P90,[等级13],[粉丝团 Lv8]
2026-05-20 12:21:46,58657367557,丰鑫,我不会去搜二号的，显得我没文化[捂脸],[等级22],[粉丝团 Lv4]
2026-05-20 12:21:46,4468879230241195,我在边界,@人生如戏 全是p90，都想带走哈哈哈哈哈哈哈,[等级13],[粉丝团 Lv4]
2026-05-20 12:21:46,60479144065,䒕晗,@汪汪小汪 p90,[等级13],[粉丝团 Lv9]
2026-05-20 12:21:47,2964717225913000,AD钙1,@汪汪小汪 p90,[等级14],
2026-05-20 12:21:48,4215957197431401,红桃♥️J,@汪汪小汪 P90,[等级9],[粉丝团 Lv10]
2026-05-20 12:21:51,3641172241160232,雅俗共赏,小心被堵[看],[等级3],
2026-05-20 12:21:52,93127866508,骄纵,@汪汪小汪 p90,[等级26],[粉丝团 Lv7]
2026-05-20 12:21:53,83157857347549,小鱼,[捂脸],[等级7],
2026-05-20 12:21:54,1838838104734926,花匠小马,@付双云 和平一姐怎么了,[等级34],[粉丝团 Lv15]
2026-05-20 12:21:54,2254426851786483,秋,@汪汪小汪 P90,[等级17],[粉丝团 Lv13]
2026-05-20 12:21:58,2984502456237699,汪汪小汪,哦哦哦,[等级32],[粉丝团 Lv15]
2026-05-20 12:22:01,3695872329389120,甲乙丙丁,无人区,,
2026-05-20 12:22:02,3378144954030583,用户726,最近有没有人看主角[看],[等级7],[粉丝团 Lv7]
2026-05-20 12:22:02,95140347250,凛冬·Seven,这延迟开了多久[看][看][看],[等级15],
2026-05-20 12:22:03,106629511529,大伟,今天终于能升到11级粉丝了[看],[等级26],[粉丝团 Lv10]
2026-05-20 12:22:08,588965723781339,星哥,队友粉丝吧,[等级15],[粉丝团 Lv10]
2026-05-20 12:22:08,106629511529,大伟,太难了,[等级26],[粉丝团 Lv10]
2026-05-20 12:22:09,63416229807,风沙迷了眼⁵¹⁰⁷⁴,[尬笑][尬笑][尬笑][尬笑][尬笑],[等级21],[粉丝团 Lv15]
2026-05-20 12:22:10,4441674979758301,强Ge,老黑，你昨天那个拼完没有,[等级19],[粉丝团 Lv8]
2026-05-20 12:22:10,3100261416960620,棉棉,哈哈哈哈哈哈,[等级17],[粉丝团 Lv12]
2026-05-20 12:22:12,9665099405,李国玺,啤酒瓶是啥啊,[等级29],[粉丝团 Lv10]
2026-05-20 12:22:13,98711693489,L-Aug-15-Leo,他叫老二和平精英,[等级44],[粉丝团 Lv17]
2026-05-20 12:22:14,105622673029,王先生,还是0杀[呲牙],[等级12],[粉丝团 Lv12]
2026-05-20 12:22:17,1911413562412587,桂,四个强盗,[等级3],
2026-05-20 12:22:18,103394089947,√ fail(＞)×succee,你下辈子也火不了主播,[等级11],
2026-05-20 12:22:19,2656851222084430,附子炖粉条,老黑你是真黑啊,[等级13],[粉丝团 Lv7]
2026-05-20 12:22:19,65767160127,琬渝,真黑,[等级21],[粉丝团 Lv13]
2026-05-20 12:22:20,111001596003,飞行时间小游戏,[赞],[等级5],
2026-05-20 12:22:21,3771738245053625,会游泳的鱼👻,[捂脸][捂脸][捂脸],,
2026-05-20 12:22:21,84159073433,不入戏🍃,全队吉利服520快乐,[等级21],[粉丝团 Lv12]
2026-05-20 12:22:24,87608506630,十月.初一,黑,[等级14],[粉丝团 Lv7]
2026-05-20 12:22:26,62734391135,涂涂姐、🍻,兄弟们，一起拿出小手帮我们的爱播点赞噢520快乐,[等级6],[粉丝团 Lv9]
2026-05-20 12:22:27,104427441690,A洋芋坨坨,昨天找一天没找到,,
2026-05-20 12:22:27,91502590619,这滴纯色的雨 ̳,@李国玺 p90,[等级4],[粉丝团 Lv2]
2026-05-20 12:22:27,2964717225913000,AD钙1,@李国玺 p90,[等级14],
2026-05-20 12:22:29,4029089775097611,艺拓装饰,昨天干嘛去了  等你一晚上,[等级11],
2026-05-20 12:22:29,99776070009,碎冰冰💦💦💦,拼豆拼完了吗,[等级31],
2026-05-20 12:22:30,3969664936053292,Jiang蒋,去冠军基地开,[等级11],[粉丝团 Lv6]
2026-05-20 12:22:31,2984494566739024,7️⃣7️⃣,曾黑,[等级11],[粉丝团 Lv3]
2026-05-20 12:22:31,111177217836,华华,我去，四个钥匙没空投武器,[等级2],
2026-05-20 12:22:32,82304826156,旧人序,喊橘猫加班,[等级7],[粉丝团 Lv6]
2026-05-20 12:22:32,3103292783856507,海哥,p90,[等级14],[粉丝团 Lv10]
2026-05-20 12:22:34,125813114277011,带娃是一种天赋.,@李国玺 p90,[等级7],[粉丝团 Lv2]
2026-05-20 12:22:34,110364161625,亦皆绍,真黑呀[捂脸][捂脸][捂脸][捂脸],[等级16],[粉丝团 Lv2]
2026-05-20 12:22:36,97385988228,老夏要努力,4个密室加两个无人机，没一个空投枪,[等级34],[粉丝团 Lv4]
2026-05-20 12:22:38,101809781753,军,张老黑,[等级33],
2026-05-20 12:22:43,91609062591,久久💞ــــﮩﮩ٨,[尬笑][尬笑][尬笑][尬笑][尬笑],[等级35],[粉丝团 Lv15]
2026-05-20 12:22:44,42222293880714,六六柠,四个密室全是你爱的arx,[等级6],[粉丝团 Lv9]
2026-05-20 12:22:45,1512542077459805,记得晒太阳,大炮，抢去,[等级18],[粉丝团 Lv9]
2026-05-20 12:22:47,1846799807822347,縯員,张君雅你啥时候去走秀了 还是冠军,[等级8],[粉丝团 Lv4]
2026-05-20 12:22:47,3276164064357143,好先生❣️,啤酒瓶是不是燃烧瓶,[等级20],[粉丝团 Lv10]
2026-05-20 12:22:48,107987814991,🦂,@艺拓装饰 在我床上,[等级19],[粉丝团 Lv9]
2026-05-20 12:22:49,2984494566739024,7️⃣7️⃣,昨晚过520了,[等级11],[粉丝团 Lv3]
2026-05-20 12:22:49,96686893754,欭惗,卵姐,[等级9],[粉丝团 Lv5]
2026-05-20 12:22:49,2254426851786483,秋,@艺拓装饰 星期二休息,[等级17],[粉丝团 Lv13]
2026-05-20 12:22:50,4164554720018765,爱情给了你,爱播这是我队友,[等级12],[粉丝团 Lv7]
2026-05-20 12:22:51,3934507317863532,一个从人民中走出来的普通人（轮回版）,雅雅你个老六,[等级23],[粉丝团 Lv2]
2026-05-20 12:22:53,2623880804961359,￴ ￴ ￴ ￴ ￴ ￴快乐买断,@√ fail(＞)×succee 好好打螺丝这不是你该操心的事,[等级5],[粉丝团 Lv2]
2026-05-20 12:22:55,96473455789,倩儿,一个人单匹吗,[等级11],[粉丝团 Lv11]
2026-05-20 12:22:56,2016928388101048,贵在平安,还好，今天不是张老黑的生日[捂脸][捂脸][捂脸],[等级16],[粉丝团 Lv6]
2026-05-20 12:22:58,1838838104734926,花匠小马,正常人有几个休息一天，去拼豆,[等级34],[粉丝团 Lv15]
2026-05-20 12:22:59,63344387306,拾,五连嘿，实力了520快乐,[等级23],[粉丝团 Lv7]
2026-05-20 12:23:00,105622673029,王先生,@√ fail(＞)×succee 你27粉丝应该再过十辈子都火不了,[等级12],[粉丝团 Lv12]
2026-05-20 12:23:01,80197650563,Chen,那边没延迟 都打完这队了,[等级10],[粉丝团 Lv10]
2026-05-20 12:23:02,4164554720018765,爱情给了你,我队友死完了,[等级12],[粉丝团 Lv7]
2026-05-20 12:23:04,4162095481363833,mrtang,跑车都不刷一个，想挣流量，门都没有,,
2026-05-20 12:23:06,71643904450,知夏྅,现在爆率低了,[等级12],[粉丝团 Lv12]
2026-05-20 12:23:08,108078333114,不会游泳的鱼,昨天晚上，落地箱子，P90[捂脸][捂脸][捂脸],[等级10],[粉丝团 Lv5]
2026-05-20 12:23:10,87185320098,Cc 、,@Lrex 拼音怎么读,[等级24],
2026-05-20 12:23:10,4164554720018765,爱情给了你,就我一个人了,[等级12],[粉丝团 Lv7]
2026-05-20 12:23:16,2462540875440461,@不挽🍓,有延迟,[等级24],[粉丝团 Lv9]
2026-05-20 12:23:24,87685795754,硕歌,shi  er,[等级11],[粉丝团 Lv8]
2026-05-20 12:23:39,73218445735,瘦瘦瘦瘦瘦啊,猴皮,[等级2],
2026-05-20 12:23:49,69883728410,汾酒小康,对面主播没声音,[等级10],
2026-05-20 12:23:58,4215957197431401,红桃♥️J,鸭鸭捡不到好枪[捂脸],[等级9],[粉丝团 Lv10]
2026-05-20 12:24:02,574371618627147,谢遇、,嫂子别看了,[等级1],
2026-05-20 12:24:06,785481796426138,清晨,和平真是封不掉[抠鼻],[等级4],
2026-05-20 12:24:20,67950417320,!?,@清晨 要不你报警吧,[等级20],[粉丝团 Lv4]
2026-05-20 12:24:30,138978140360220,秋石,过年了,[等级24],
2026-05-20 12:24:33,77998757034,大伟牛羊肉,这节奏快的，像是急着完成业绩[呲牙],[等级18],
2026-05-20 12:24:34,100817658606,小周周,昨天让局哥好起来了,[等级3],
2026-05-20 12:24:36,2043335372445892,肉肉怎么还不掉~,@清晨 哎哟我去，不想看出去就行了呗，改非得进来说一句,[等级7],[粉丝团 Lv1]
2026-05-20 12:24:37,103790275797,广说,江湖地位很高哇，都混上雅姐了,[等级8],[粉丝团 Lv9]
2026-05-20 12:24:37,4162095481363833,mrtang,靓女不叫，叫姐，叫女神也可以,,
2026-05-20 12:24:38,3378144954030583,用户726,有看主角的没[看],[等级7],[粉丝团 Lv7]
2026-05-20 12:24:39,2043335372445892,肉肉怎么还不掉~,闲死了,[等级7],[粉丝团 Lv1]
2026-05-20 12:24:43,77416951506,ら孤痞,这三杀不是来了吗？有些人不知道急啥[捂脸],[等级37],[粉丝团 Lv17]
2026-05-20 12:24:45,52278926696,梨涡远点,队友是哪个主播,[等级14],
2026-05-20 12:24:55,4441674979758301,强Ge,520快乐,[等级19],[粉丝团 Lv8]
2026-05-20 12:25:13,902055306988781,绝尘⁴⁵π,队友播间没有声音,[等级26],[粉丝团 Lv15]
2026-05-20 12:25:16,1889405852720708,愿,@ら孤痞 急什么,,
2026-05-20 12:25:18,2254426851786483,秋,哟 帅宝好久不见,[等级17],[粉丝团 Lv13]
2026-05-20 12:25:21,95630049825,老廖,@黑帅帅 欢迎帅总,[等级29],[粉丝团 Lv15]
2026-05-20 12:25:25,474639356942429,多云转晴,@绝尘⁴⁵π 叫啥,[等级29],[粉丝团 Lv15]
2026-05-20 12:25:28,1788263431410707,mo0si❤️,新赛季了吗,,
2026-05-20 12:25:29,55159220102,BWRZ（记录美好）,[衰][干饭人][衰][干饭人][衰][干饭人],[等级36],[粉丝团 Lv16]
2026-05-20 12:25:30,52278926696,梨涡远点,叫啥,[等级14],
2026-05-20 12:25:32,62450802137,阿梦小朋友.,队友没开延迟,[等级5],[粉丝团 Lv2]
2026-05-20 12:25:37,3731096500180186,Lyhhsdh,淘汰王了,[等级8],[粉丝团 Lv10]
2026-05-20 12:25:40,100164520660,北沚,@mo0si❤️ 还有2天,[等级10],
2026-05-20 12:25:46,4141233317349555,？,他们开延迟,[等级31],
2026-05-20 12:25:47,3378144954030583,用户726,@愿 你艾特人家干啥又不是人家说的,[等级7],[粉丝团 Lv7]
2026-05-20 12:25:51,82200572907,🎃Damn,@ら孤痞 孤痞哥,[等级30],[粉丝团 Lv9]
2026-05-20 12:25:56,4141233317349555,？,队友没延时,[等级31],
2026-05-20 12:26:00,71126905166,抖音小肋手,牛批,[等级11],[粉丝团 Lv10]
2026-05-20 12:26:01,110012786240,小猫饼,牛逼,[等级22],[粉丝团 Lv12]
2026-05-20 12:26:01,63416229807,风沙迷了眼⁵¹⁰⁷⁴,牛逼,[等级21],[粉丝团 Lv15]
2026-05-20 12:26:01,65759302943,第三人称,哈哈哈给个侧身可还行,[等级9],[粉丝团 Lv11]
2026-05-20 12:26:01,3795156287621927,拾欢,[鼓掌][鼓掌][鼓掌],[等级15],[粉丝团 Lv13]
2026-05-20 12:26:01,2761577295780076,许星纯不纯,牛逼！,[等级12],
2026-05-20 12:26:03,102469975321,✨名门⭐️,[666][666][666],[等级19],[粉丝团 Lv15]
2026-05-20 12:26:03,98480929298,我朝月亮吹口哨,他这个司机全责[捂脸],[等级25],[粉丝团 Lv10]
2026-05-20 12:26:07,82866810587,꧁抖音小晨꧂,[捂脸][捂脸][捂脸],[等级2],
2026-05-20 12:26:07,93835613585,A饭团,@ら孤痞 它们一局都碰不到三个人[热化了][热化了][热化了],[等级25],[粉丝团:张君雅 Lv14]
2026-05-20 12:26:07,103358665061,@初心伴风雨,太牛逼了,[等级32],
2026-05-20 12:26:10,100500267450,昨日一去不复返,338还说枪不好,[等级13],[粉丝团 Lv7]
2026-05-20 12:26:13,3680819691683396,雯潆,哈哈哈[捂脸],[等级27],[粉丝团 Lv12]
2026-05-20 12:26:15,71126905166,抖音小肋手,哈哈哈开人脸上,[等级11],[粉丝团 Lv10]
2026-05-20 12:26:15,4162095481363833,mrtang,还想玩漂移,,
2026-05-20 12:26:15,2629659676384440,东北小土豆,哈哈,[等级15],[粉丝团 Lv8]
2026-05-20 12:26:15,77416951506,ら孤痞,@🎃Damn 中午好,[等级37],[粉丝团 Lv17]
2026-05-20 12:26:17,110349597472,花卷,鸟枪换炮勒,[等级35],[粉丝团 Lv1]
2026-05-20 12:26:18,1322064223941683,8888,发财了[捂脸],[等级18],[粉丝团 Lv2]
2026-05-20 12:26:19,52518192704,小标标,过来送菜,[等级22],
2026-05-20 12:26:25,52278926696,梨涡远点,叫啥啊队友,[等级14],
2026-05-20 12:26:25,3315728247958590,狗吃我再吃,情商不低,[等级22],[粉丝团 Lv10]
2026-05-20 12:26:28,7467247261552297020,此世人间不相逢,老黑我来晚了赶紧跟我道歉,[等级2],[粉丝团 Lv5]
2026-05-20 12:26:30,2529343295198756,🫶渡己🫶,大炮不要,[等级28],[粉丝团 Lv1]
2026-05-20 12:26:30,72607596861,杰-,兄弟  你不火是有原因的,[等级17],[粉丝团 Lv2]
2026-05-20 12:26:31,1709115167487976,流逝的记忆（关注立即回关）,刚才还0杀，眨个眼的功夫就埋汰王了,[等级29],[粉丝团 Lv15]
2026-05-20 12:26:32,1931219411932827,听说名字太长会有傻子跟着读,肉[看],,
2026-05-20 12:26:33,94883178199,時光在流逝,黄金局？,,
2026-05-20 12:26:33,99229601776,♋︎➹➹小菜鸟➷➷♋︎,开播第一局点点赞,[等级17],[粉丝团 Lv12]
2026-05-20 12:26:34,54842942123,এ᭄°余生丶请指教ꦿᮁ໊এ᭄゛,廉颇,[等级15],[粉丝团 Lv8]
2026-05-20 12:26:34,4862013350589,厉扑,张老黑牛逼,[等级21],[粉丝团 Lv11]
2026-05-20 12:26:34,63019632364,仰望星空,[捂脸][捂脸][捂脸][捂脸],[等级31],[粉丝团 Lv5]
2026-05-20 12:26:35,1257437656002798,某某.,今天善良人格,[等级34],[粉丝团:张君雅 Lv16]
2026-05-20 12:26:36,1657712377594284,Ly,上单泰坦,[等级15],
2026-05-20 12:26:36,72607596861,杰-,路人,[等级17],[粉丝团 Lv2]
2026-05-20 12:26:36,2769037380554516,🔥事后一支烟,对面没声音,[等级13],[粉丝团 Lv6]
2026-05-20 12:26:37,97312860735,༒             ╰葉,送快递[捂脸][捂脸][捂脸][捂脸][捂脸][捂脸][捂脸]！,[等级22],[粉丝团 Lv11]
2026-05-20 12:26:37,892413678724877,厌遇,高情商：火力打你身上了[不失礼貌的微笑][斜眼],[等级24],[粉丝团 Lv7]
2026-05-20 12:26:39,4215957197431401,红桃♥️J,338好多人用不好,[等级9],[粉丝团 Lv10]
2026-05-20 12:26:40,103358665061,@初心伴风雨,黑宝贝太牛逼了,[等级32],
2026-05-20 12:26:40,2101889073679223,海洋之星,这波主要是吸引火力[捂脸],[等级22],
2026-05-20 12:26:40,100313663814,༺TIME༻,埋汰王不就来了吗[看],[等级15],[粉丝团 Lv12]
2026-05-20 12:26:42,71126905166,抖音小肋手,@张君雅的陛下⁵¹⁰⁷⁴ 谢谢老板,[等级11],[粉丝团 Lv10]
2026-05-20 12:26:44,105781102756,人生小满胜万全,车子不打滑，你就没有了，刚好打滑侧身对着你了,[等级2],
2026-05-20 12:26:50,52278926696,梨涡远点,@🔥事后一支烟 叫啥啊对面,[等级14],
2026-05-20 12:26:56,2529343295198756,🫶渡己🫶,老黑大炮不要了,[等级28],[粉丝团 Lv1]
2026-05-20 12:26:56,3153055193765035,追不上带追追,666,[等级9],[粉丝团 Lv9]
2026-05-20 12:26:56,100164520660,北沚,338打车超猛,[等级10],
2026-05-20 12:26:56,4295115881845472,乘风破浪🏄‍♂️,对面主播叫什么名字,[等级18],
2026-05-20 12:26:58,1811628647529576,老张了嘞,人家刹车了,[等级8],[粉丝团 Lv9]
2026-05-20 12:27:00,3913913666903720,太阳☀,砂仁猪心，你看我都没掉血,[等级41],[粉丝团 Lv13]
2026-05-20 12:27:01,1118655583631034,未闻花名,雅姐520快乐,[等级9],[粉丝团 Lv4]
2026-05-20 12:27:04,108667817367,人民万岁,@站在高处假装跳等到人多往下尿 这个名字好搞笑哈哈哈,[等级12],[粉丝团 Lv8]
2026-05-20 12:27:10,1811628647529576,老张了嘞,不是打滑,[等级8],[粉丝团 Lv9]
2026-05-20 12:27:11,102132936397,℡1,520快乐,[等级23],[粉丝团 Lv10]
2026-05-20 12:27:12,74727194153,药药,黑宝贝太牛逼了,[等级10],
2026-05-20 12:27:13,1373709734260448,r,那个刹车会有点带漂移,[等级11],
2026-05-20 12:27:15,553800143479271,用户123456789,来车了,[等级19],[粉丝团 Lv10]
2026-05-20 12:27:15,94883178199,時光在流逝,对面也是鸡腿，停车,,
2026-05-20 12:27:17,100164520660,北沚,@人生小满胜万全 你咋不说这是他们急刹导致了甩尾。[捂脸],[等级10],
2026-05-20 12:27:19,1724476710198067,only,送📻📼📻物资的,[等级14],[粉丝团 Lv10]
2026-05-20 12:27:19,2176676086947620,走自己的路，,他遇到妖孽他还不知道[捂脸],[等级42],[粉丝团 Lv7]
2026-05-20 12:27:21,2629659676384440,东北小土豆,必须带够油,[等级15],[粉丝团 Lv8]
2026-05-20 12:27:25,3197000914579708,玉树临风,有人窥屏,[等级19],
2026-05-20 12:27:28,4142569167522718,秋风雨夜,是打滑吗，明明是转弯想停,[等级10],[粉丝团 Lv4]
2026-05-20 12:27:39,96556750285,啊瑞呀🧚‍♀️,大家一起帮雅雅点点赞,[等级16],[粉丝团 Lv10]
2026-05-20 12:27:44,495246217851980,听书人,你是铁蛋嘛,[等级2],[粉丝团 Lv1]
2026-05-20 12:27:45,71126905166,抖音小肋手,@张君雅的陛下⁵¹⁰⁷⁴ 谢谢老板,[等级11],[粉丝团 Lv10]
2026-05-20 12:27:46,55159220102,BWRZ（记录美好）,下饭[衰][干饭人],[等级36],[粉丝团 Lv16]
2026-05-20 12:27:47,95630049825,老廖,这不就淘汰王了吗？简简单单,[等级29],[粉丝团 Lv15]
2026-05-20 12:27:54,61792768790,小安❤,老黑520怎么还直播,[等级18],[粉丝团 Lv8]
2026-05-20 12:27:56,495246217851980,听书人,怎么声音像铁蛋呀,[等级2],[粉丝团 Lv1]
2026-05-20 12:27:58,93536983676,空调安装,老板糊涂,[等级12],[粉丝团 Lv11]
2026-05-20 12:28:01,105781102756,人生小满胜万全,仔细看一下，是轮胎被打了,[等级2],
2026-05-20 12:28:06,97873254852,没有月儿的夜,20发大炮爽了,[等级9],
2026-05-20 12:28:08,52278926696,梨涡远点,对面叫啥有人知道吗,[等级14],
2026-05-20 12:28:11,82200572907,🎃Damn,@ら孤痞 晚上好,[等级30],[粉丝团 Lv9]
2026-05-20 12:28:16,100164520660,北沚,手枪上子弹啊！,[等级10],
2026-05-20 12:28:20,96825170931,小冷,张君雅是女的啊。 我刚刷到N港退后 我还以为是哪男的[捂脸],[等级10],
2026-05-20 12:28:27,1666452086092492,L 。。,我预言一下！下面要说；四房倒两！可以打,[等级14],[粉丝团 Lv6]
2026-05-20 12:28:29,10101043547,浩LEO,手枪没上子弹,[等级11],
2026-05-20 12:28:37,2395184081945055,忙里偷闲⁵¹⁰⁷⁴,点点赞520快乐520快乐520快乐,[等级29],[粉丝团 Lv15]
2026-05-20 12:28:38,72629173721,华尔街_小朋友,@梨涡远点 猫局  不要问了,[等级20],[粉丝团 Lv14]
2026-05-20 12:28:43,78007248662,🌈MiKey,土匪,[等级2],
2026-05-20 12:28:44,68278570215,🌟锦霄🌟,吓死了都[捂脸][捂脸],[等级19],[粉丝团 Lv14]
2026-05-20 12:28:48,3567260034933216,77009048904,土匪啊,[等级32],
2026-05-20 12:28:48,71126905166,抖音小肋手,围殴致死,[等级11],[粉丝团 Lv10]
2026-05-20 12:28:49,95922498387,淡定^_^,四个人追着打,[等级30],[粉丝团 Lv8]
2026-05-20 12:28:49,2276465768933529,摸鱼,4把枪扫射[捂脸],[等级27],
2026-05-20 12:28:52,2395184081945055,忙里偷闲⁵¹⁰⁷⁴,[666][666][666],[等级29],[粉丝团 Lv15]
2026-05-20 12:28:55,138978140360220,秋石,哈哈，一群,[等级24],
2026-05-20 12:28:57,100164520660,北沚,@L 。。 [捂脸][捂脸][捂脸],[等级10],
2026-05-20 12:28:57,3378144954030583,用户726,群殴了[捂脸],[等级7],[粉丝团 Lv7]
2026-05-20 12:29:00,1842428129850077,红英,这节奏[赞],[等级17],[粉丝团 Lv11]
2026-05-20 12:29:02,100252343477,不羁,悍匪啊,[等级10],[粉丝团 Lv1]
2026-05-20 12:29:02,4295115881845472,乘风破浪🏄‍♂️,对面直播间叫什么,[等级18],
2026-05-20 12:29:08,2141446715747582,魏大呆,[666][666][666][666][666],[等级15],[粉丝团 Lv11]
2026-05-20 12:29:09,580185750244718,婳紤.（见过鹿晗版）,好快！,[等级4],
2026-05-20 12:29:09,97873254852,没有月儿的夜,6666,[等级9],
2026-05-20 12:29:09,105781102756,人生小满胜万全,@L 。。 你预言对了,[等级2],
2026-05-20 12:29:12,102132936397,℡1,刚才那人瑟瑟发抖,[等级23],[粉丝团 Lv10]
2026-05-20 12:29:16,4162095481363833,mrtang,可怜两个路人忙来忙去,,
2026-05-20 12:29:16,1842428129850077,红英,流水线都没这么快[捂脸],[等级17],[粉丝团 Lv11]
2026-05-20 12:29:20,2594487345887303,我有一个梦＊＊,节奏真快,[等级12],[粉丝团 Lv11]
2026-05-20 12:29:20,73262120614,慧子大人,快快快快快快快,[等级14],[粉丝团 Lv12]
2026-05-20 12:29:22,1666452086092492,L 。。,@人生小满胜万全 哈哈哈,[等级14],[粉丝团 Lv6]
2026-05-20 12:29:30,3185715768200409,橙子味儿汽水,雅雅姐和小月月谁更厉害呀？,[等级14],
2026-05-20 12:29:31,4054591998534823,liu,50-1000W有鼠鼠接吗？[赞],,
2026-05-20 12:29:33,77111255933,小飞飞,shi贰,[等级24],[粉丝团 Lv11]
2026-05-20 12:29:35,3408098413512419,心静自然,这节奏[赞],[等级30],[粉丝团 Lv11]
2026-05-20 12:29:35,101395325731,@一杯清茶,老黑上线了,[等级12],
2026-05-20 12:29:38,3582680726777628,So‿nG ᥫᩣ,这个能干，那个能干，快快快，干他干他,[等级8],
2026-05-20 12:29:55,59181412130,持酒劝斜阳🦢,哈哈哈  属实有点菜,[等级27],
2026-05-20 12:29:56,67936016602,黑风寨萧瑟(嗷呜~),[666][666][666],[等级29],[粉丝团 Lv15]
2026-05-20 12:29:59,71126905166,抖音小肋手,牛批,[等级11],[粉丝团 Lv10]
2026-05-20 12:30:02,58616413730,不惑先生WT,为什么会叫张大房？,[等级33],[粉丝团 Lv4]
2026-05-20 12:30:02,97873254852,没有月儿的夜,6666666666666666,[等级9],
2026-05-20 12:30:04,2880324753953741,聽聞遠方有你❤️,紧张就是太认真了,[等级19],[粉丝团 Lv1]
2026-05-20 12:30:06,71126905166,抖音小肋手,光速灭队,[等级11],[粉丝团 Lv10]
2026-05-20 12:30:06,4508316446,大闸蟹（黎明中的花朵）,[捂脸][捂脸]哈哈哈哈哈,[等级40],[粉丝团:张君雅 Lv16]
2026-05-20 12:30:09,1257437656002798,某某.,又要打人又要指挥又要安抚队友情绪[比心],[等级34],[粉丝团:张君雅 Lv16]
2026-05-20 12:30:09,72607596861,杰-,哥们别做主播了,[等级17],[粉丝团 Lv2]
2026-05-20 12:30:10,558174189912492,✨Waner✨乖乖💫,[捂脸]520快乐好有实力,[等级25],[粉丝团 Lv8]
2026-05-20 12:30:11,101926859943,折.,发财了,[等级12],[粉丝团 Lv11]
2026-05-20 12:30:13,81272884641,漂流瓶,520也来播啊,[等级26],[粉丝团 Lv10]
2026-05-20 12:30:14,72607596861,杰-,不适合你,[等级17],[粉丝团 Lv2]
2026-05-20 12:30:15,71643904450,知夏྅,一直说紧张😰,[等级12],[粉丝团 Lv12]
2026-05-20 12:30:15,105622673029,王先生,子弹都没了还338[呲牙][呲牙],[等级12],[粉丝团 Lv12]
2026-05-20 12:30:16,2824005799381037,空中③秒,@不惑先生WT 房子大,[等级7],
2026-05-20 12:30:21,60308358984,哆啦a梦,刚看了那个主播的操作 确实是不怎么样[捂脸][捂脸],[等级26],[粉丝团 Lv14]
2026-05-20 12:30:22,110487983863,都怪你隐身太清晰,520快乐[666][666][666],[等级17],[粉丝团 Lv8]
2026-05-20 12:30:25,2744025476762568,伊克,大炮背着也没有用,[等级28],
2026-05-20 12:30:26,94621081467,雨踏歌行.,@小飞飞 shi san,[等级20],[粉丝团 Lv15]
2026-05-20 12:30:27,2587621072053852,～～青阳县文文水电安装维修～～,炸我一波[捂脸],[等级1],[粉丝团 Lv2]
2026-05-20 12:30:27,1666452086092492,L 。。,在预言一下！牛逼牛逼！上面两队不上不上[捂脸][捂脸],[等级14],[粉丝团 Lv6]
2026-05-20 12:30:28,4162095481363833,mrtang,两个路人没开麦,,
2026-05-20 12:30:28,81272884641,漂流瓶,还是1万＋,[等级26],[粉丝团 Lv10]
2026-05-20 12:30:29,4862013350589,厉扑,也就局哥能跟紧你,[等级21],[粉丝团 Lv11]
2026-05-20 12:30:32,1458423511390539,脸红什么.,@王先生 两把啊,[等级10],[粉丝团 Lv11]
2026-05-20 12:30:34,100164520660,北沚,@王先生 有，那个盒子有338,[等级10],
2026-05-20 12:30:34,2821764851698848,不讲理的李,菜,[等级21],[粉丝团 Lv2]
2026-05-20 12:30:35,3663228569664605,天空无云,@知夏྅ 肯定紧张啊,[等级15],[粉丝团 Lv11]
2026-05-20 12:30:37,102132936397,℡1,刚才嘲讽零杀的呢,[等级23],[粉丝团 Lv10]
2026-05-20 12:30:38,2189876583215576,爱生活爱钓鱼,和平精英一姐,,
2026-05-20 12:30:38,4311602831828361,@小马哥,520快乐,[等级3],
2026-05-20 12:30:42,908666635041859,Dying Cat,这个没自救,[等级2],
2026-05-20 12:30:46,59181412130,持酒劝斜阳🦢,哈哈哈 劝劝这位哥们别做主播了 找个班上把,[等级27],
2026-05-20 12:30:49,71126905166,抖音小肋手,一人300赞，500人一起点有双倍🌺冲击50万赞❤️点赞的人运气爆棚，心想事成❤️,[等级11],[粉丝团 Lv10]
2026-05-20 12:30:50,458944523016780,秋言若水🍂,看一眼就死，太残暴了[泣不成声],[等级14],
2026-05-20 12:30:53,1838838104734926,花匠小马,不是每个都是钢枪主播,[等级34],[粉丝团 Lv15]
2026-05-20 12:30:53,101629850514,张老黑的飞哥⁵¹⁰⁷⁴,[捂脸],[等级33],[粉丝团 Lv16]
2026-05-20 12:30:54,91609062591,久久💞ــــﮩﮩ٨,[捂脸][捂脸][捂脸][捂脸][捂脸],[等级35],[粉丝团 Lv15]
2026-05-20 12:30:54,71126905166,抖音小肋手,[捂脸][捂脸][捂脸],[等级11],[粉丝团 Lv10]
2026-05-20 12:30:54,72179010645,✨三十六,哈哈,[等级25],[粉丝团 Lv10]
2026-05-20 12:30:54,63416229807,风沙迷了眼⁵¹⁰⁷⁴,[捂脸][捂脸][捂脸][捂脸][捂脸],[等级21],[粉丝团 Lv15]
2026-05-20 12:30:54,65773065645,甜甜的棉花糖,[捂脸][捂脸][捂脸],[等级4],
2026-05-20 12:30:54,96491112356,、等风,[捂脸][捂脸][捂脸],[等级24],[粉丝团 Lv12]
2026-05-20 12:30:55,83917339555,zj🍀,哈哈哈哈姐,[等级19],[粉丝团 Lv13]
2026-05-20 12:30:55,1415768448701549,上不了岸的猫🐱,[捂脸][捂脸],[等级26],[粉丝团 Lv15]
2026-05-20 12:30:55,110133575047,阳,哈[捂脸],[等级1],[粉丝团 Lv2]
2026-05-20 12:30:55,3235202690715835,咖啡壶,[捂脸][捂脸][捂脸][捂脸][捂脸],,
2026-05-20 12:30:55,60291070652,涛哥🆒,[捂脸][捂脸][捂脸][捂脸],[等级21],[粉丝团 Lv15]
2026-05-20 12:30:56,110405122010189,KeviN,？？,[等级4],
2026-05-20 12:30:56,64463180721,小梦,[捂脸][捂脸][捂脸],[等级24],[粉丝团 Lv12]
2026-05-20 12:30:57,1838847804575764,老农民A1,[捂脸][捂脸][捂脸][捂脸][捂脸],[等级33],[粉丝团 Lv15]
2026-05-20 12:30:57,452620019045336,🍀、,[捂脸][捂脸][捂脸][捂脸][捂脸][捂脸],[等级11],[粉丝团 Lv10]
2026-05-20 12:30:57,89968056296,陈哥,[捂脸][捂脸][捂脸],[等级30],[粉丝团 Lv14]
2026-05-20 12:30:57,92461848227,煜,[捂脸][捂脸][捂脸],[等级13],[粉丝团 Lv11]
2026-05-20 12:30:57,101926859943,折.,[捂脸],[等级12],[粉丝团 Lv11]
2026-05-20 12:30:57,81498709949,玉楼金阙慵归去,[呲牙][呲牙][呲牙][呲牙],[等级12],[粉丝团 Lv6]
2026-05-20 12:30:58,3100261416960620,棉棉,哈哈哈哈哈哈,[等级17],[粉丝团 Lv12]
2026-05-20 12:30:58,3795156287621927,拾欢,[捂脸],[等级15],[粉丝团 Lv13]
2026-05-20 12:30:58,756883496633111,小鱼,[捂脸][捂脸][捂脸],[等级32],[粉丝团 Lv16]
2026-05-20 12:30:59,7503212025628263484,憨憨憨憨,哈哈哈 卡住了,,
2026-05-20 12:30:59,93186320746,Laurie,[捂脸][捂脸],[等级14],[粉丝团 Lv10]
2026-05-20 12:31:00,11332426940,🕊,[捂脸][捂脸][捂脸],[等级7],
2026-05-20 12:31:00,486447123275898,枚乘,大炮开人可以,[等级9],[粉丝团 Lv9]
2026-05-20 12:31:01,4504813708,姜战,太胖了,[等级39],[粉丝团 Lv18]
2026-05-20 12:31:01,67936016602,黑风寨萧瑟(嗷呜~),哈哈哈哈哈哈,[等级29],[粉丝团 Lv15]
2026-05-20 12:31:02,84159073433,不入戏🍃,[捂脸][捂脸],[等级21],[粉丝团 Lv12]
2026-05-20 12:31:03,60466416659,焦作小断浪,卡住了[看],[等级22],[粉丝团 Lv13]
2026-05-20 12:31:04,2629659676384440,东北小土豆,哈哈，快来拉我,[等级15],[粉丝团 Lv8]
2026-05-20 12:31:05,3835516657862510,hello,[捂脸][捂脸][捂脸],[等级21],[粉丝团 Lv5]
2026-05-20 12:31:05,3403688891128288,四季,主播  这个地方是不是快结束了,[等级16],
2026-05-20 12:31:06,2594487345887303,我有一个梦＊＊,卡门上,[等级12],[粉丝团 Lv11]
2026-05-20 12:31:07,95652602042,不吃葱姜蒜,老寒腿,[等级16],[粉丝团 Lv2]
2026-05-20 12:31:07,92760314301,木木²º²⁶ 🦔,长胖了,[等级17],[粉丝团 Lv13]
2026-05-20 12:31:11,7467247261552297020,此世人间不相逢,[捂脸][捂脸][捂脸],[等级2],[粉丝团 Lv5]
2026-05-20 12:31:12,64687651844,笑拥孤独,[捂脸][捂脸][捂脸][捂脸][捂脸],[等级17],[粉丝团 Lv15]
2026-05-20 12:31:15,452620019045336,🍀、,喊你不要到处跑了,[等级11],[粉丝团 Lv10]
2026-05-20 12:31:15,96769891445,人间小叔子,长胖了,[等级31],[粉丝团 Lv15]
2026-05-20 12:31:17,92962131434,许花凉,队友是这个吧，dy辻弎,[等级15],[粉丝团 Lv10]
2026-05-20 12:31:17,94553421053,🐍Superman🏄🏻‍♂️,还好没卡到洗衣机里[看],[等级16],[粉丝团 Lv8]
2026-05-20 12:31:18,1504612792413726,星空美人更美,长胖了老黑,[等级19],[粉丝团 Lv10]
2026-05-20 12:31:18,105622673029,王先生,房子大了真的容易卡[呲牙],[等级12],[粉丝团 Lv12]
2026-05-20 12:31:21,1666452086092492,L 。。,[捂脸][捂脸],[等级14],[粉丝团 Lv6]
2026-05-20 12:31:22,100868154003,木易先生,[666][666][666][666],[等级25],[粉丝团 Lv15]
2026-05-20 12:31:22,71126905166,抖音小肋手,要是死啦[捂脸]那真的气死[捂脸],[等级11],[粉丝团 Lv10]
2026-05-20 12:31:24,3615668854341518,相逢已是上上签,卡住你倒是开枪,,
2026-05-20 12:31:24,51179967757,✔愛意隨風起♛,[呲牙][呲牙][呲牙][呲牙][呲牙],[等级24],[粉丝团 Lv13]
2026-05-20 12:31:26,1838847804575764,老农民A1,@许花凉 对,[等级33],[粉丝团 Lv15]
2026-05-20 12:31:26,93168870476,S,又不喂马,[等级17],
2026-05-20 12:31:28,95652602042,不吃葱姜蒜,上房就卡。要不就是上不去[捂脸],[等级16],[粉丝团 Lv2]
2026-05-20 12:31:33,902055306988781,绝尘⁴⁵π,房子太大了卡住,[等级26],[粉丝团 Lv15]
2026-05-20 12:31:34,613969786831459,丨亻,差点被锁住[捂脸][捂脸][捂脸][捂脸],[等级11],
2026-05-20 12:31:35,2928696292811743,超影独行,自己几斤不知道啊[捂脸][捂脸][捂脸],[等级18],[粉丝团 Lv12]
2026-05-20 12:31:37,98741894635,打发时间.,房子大了容易卡住,[等级32],[粉丝团 Lv8]
2026-05-20 12:31:41,3606865998517912,晚风у,丝滑得很,[等级29],
2026-05-20 12:31:48,101733328424,🐱芝士喵🐱,该控制下碳水了,[等级35],[粉丝团 Lv12]
2026-05-20 12:31:49,103442798670,夜...dz,咋穿的工作服,[等级14],[粉丝团 Lv11]
2026-05-20 12:31:51,75737713936,ﾍ😌ﾍ工商财务,[捂脸],[等级15],[粉丝团 Lv12]
2026-05-20 12:31:52,94621081467,雨踏歌行.,@许花凉 是,[等级20],[粉丝团 Lv15]
2026-05-20 12:31:52,24852553135,仙,@褄 快来,[等级29],[粉丝团 Lv12]
2026-05-20 12:31:53,96958359487,村口,老黑太胖了，卡住,[等级19],
2026-05-20 12:31:53,1838838104734926,花匠小马,一看上学的时候，老黑体育不好,[等级34],[粉丝团 Lv15]
2026-05-20 12:31:55,101629850514,张老黑的飞哥⁵¹⁰⁷⁴,还吃呐。。,[等级33],[粉丝团 Lv16]
2026-05-20 12:31:56,65759302943,第三人称,现在新攀爬可以站在门上,[等级9],[粉丝团 Lv11]
2026-05-20 12:31:59,704157560092615,时光待我如旅人,老黑头太大了被卡住了[呲牙][呲牙],[等级26],[粉丝团 Lv4]
2026-05-20 12:31:59,109881104951,372923,不是大就是肉太厚🥲😂😂😂😂,[等级3],
2026-05-20 12:32:03,7467247261552297020,此世人间不相逢,自己几斤几两心里没数吗？房子还那么大,[等级2],[粉丝团 Lv5]
2026-05-20 12:32:03,68836194860,彩虹糖,今天过节还过生日吗，雅姐,[等级32],[粉丝团 Lv10]
2026-05-20 12:32:09,1750055981166696,Ꭽℯ⃝乘风破浪ঞᩚ꧔ꦿ᭄󰠇,雅姐又胖了，上楼卡住了,[等级9],[粉丝团 Lv8]
2026-05-20 12:32:09,1249474948372995,尼古拉斯,哥，帮我,[等级13],[粉丝团 Lv8]
2026-05-20 12:32:10,99549870598,旺仔小拳头,给我个面子，把灯牌上交了。,[等级31],[粉丝团 Lv13]
2026-05-20 12:32:10,75737713936,ﾍ😌ﾍ工商财务,这是一点都忍不了！看到空投,[等级15],[粉丝团 Lv12]
2026-05-20 12:32:17,101743159343,張維,雅雅我爱你,[等级26],
2026-05-20 12:32:27,69260020651,ZDL,[捂脸],[等级11],[粉丝团 Lv10]
2026-05-20 12:32:29,111177217836,华华,老黑来重卡着动不了了,[等级2],
2026-05-20 12:32:29,1504612792413726,星空美人更美,明明是长胖了,[等级19],[粉丝团 Lv10]
2026-05-20 12:32:29,4312733019815760,雾里寻花,涨大了[捂脸],[等级13],[粉丝团 Lv11]
2026-05-20 12:32:30,2322588576267069,1979,是胖了,[等级30],[粉丝团 Lv11]
2026-05-20 12:32:30,4862013350589,厉扑,长高？,[等级21],[粉丝团 Lv11]
2026-05-20 12:32:30,105995130455,纆,[捂脸]一米五,[等级37],[粉丝团 Lv6]
2026-05-20 12:32:31,1838838104734926,花匠小马,房子大了,[等级34],[粉丝团 Lv15]
2026-05-20 12:32:31,69385136811,慢热,三阿哥又长高了,[等级14],[粉丝团 Lv13]
2026-05-20 12:32:32,3081266249862527,糯米,是胖了,[等级5],[粉丝团 Lv7]
2026-05-20 12:32:32,452620019045336,🍀、,少吃点,[等级11],[粉丝团 Lv10]
2026-05-20 12:32:32,92826303151,麻辣兔头,为啥不是长大了呢？,[等级26],[粉丝团 Lv9]
2026-05-20 12:32:32,93369518503,简单的老高,是大了,[等级18],
2026-05-20 12:32:32,4156624146008430,喔丢,长宽了,[等级23],[粉丝团 Lv11]
2026-05-20 12:32:32,102748821674,一张白纸,再不出来我饭都吃不下了。,[等级17],[粉丝团 Lv8]
2026-05-20 12:32:32,3143595301,懒洋洋,[捂脸][捂脸][捂脸],[等级26],[粉丝团 Lv12]
2026-05-20 12:32:32,106039819584,瑰尔·布洛滘,牛皮,[等级13],[粉丝团 Lv2]
2026-05-20 12:32:34,110932597387,𝐘_栖迟,长胖了,[等级7],
2026-05-20 12:32:34,77411281280,小添,胖了,[等级9],
2026-05-20 12:32:36,1838847804575764,老农民A1,拉倒吧，明明是又胖了[捂脸][捂脸][捂脸],[等级33],[粉丝团 Lv15]
2026-05-20 12:32:37,1080149981540420,哎吆我去😂,张老黑该有多矮呀，那么想长高,[等级2],
2026-05-20 12:32:38,96927688308,小谢,卵姐,[等级7],
2026-05-20 12:32:39,67936016602,黑风寨萧瑟(嗷呜~),有没可能长胖了[看],[等级29],[粉丝团 Lv15]
2026-05-20 12:32:39,486447123275898,枚乘,那不是又胖了吗？,[等级9],[粉丝团 Lv9]
2026-05-20 12:32:39,2928696292811743,超影独行,是长大了,[等级18],[粉丝团 Lv12]
2026-05-20 12:32:39,3254171587069726,等晴天,@ﾍ😌ﾍ工商财务 想要p90,[等级8],
2026-05-20 12:32:39,3062591332821354,愿明月寄相思,000,[等级10],[粉丝团 Lv10]
2026-05-20 12:32:39,97343641712,纹情,明明是胖了[捂脸],[等级7],
2026-05-20 12:32:40,99123048958,小姚说,就喜欢爱播，随时随地爆梗,[等级24],[粉丝团 Lv13]
2026-05-20 12:32:40,2984494566739024,7️⃣7️⃣,是涨大了,[等级11],[粉丝团 Lv3]
2026-05-20 12:32:44,103358665061,@初心伴风雨,1米55的身高[呲牙],[等级32],
2026-05-20 12:32:47,1596141804983624,桃桃纸&,哈哈哈哈,[等级11],[粉丝团 Lv10]
2026-05-20 12:32:47,2896552179283347,月亮叫我睡觉觉丶,[鼓掌][鼓掌][鼓掌],[等级19],[粉丝团 Lv12]
2026-05-20 12:32:47,99549870598,旺仔小拳头,一米五。150斤。。长胖了。,[等级31],[粉丝团 Lv13]
2026-05-20 12:32:48,71418409421,毛豆花卷儿,180,[等级18],[粉丝团 Lv8]
2026-05-20 12:32:48,87416899382,白鲨皮皮鲨,胖了,[等级15],[粉丝团 Lv2]
2026-05-20 12:32:48,2005142166316856,fgg,胖了,[等级8],[粉丝团 Lv4]
2026-05-20 12:32:48,82304826156,旧人序,胖了才卡住吧,[等级7],[粉丝团 Lv6]
2026-05-20 12:32:48,3795156287621927,拾欢,[捂脸][捂脸][捂脸],[等级15],[粉丝团 Lv13]
2026-05-20 12:32:48,2335814409525224,～！～五味人生,不是高度问题，是横长了,[等级10],[粉丝团 Lv6]
2026-05-20 12:32:48,111480308764,锦程,大了,[等级31],[粉丝团 Lv15]
2026-05-20 12:32:49,110133575047,阳,估计胖了,[等级1],[粉丝团 Lv2]
2026-05-20 12:32:49,101339877393,天子笑😁,应该是大了,[等级32],[粉丝团 Lv11]
2026-05-20 12:32:49,61446200574,༄༊自渡࿐,是胖了,[等级9],[粉丝团 Lv10]
2026-05-20 12:32:50,1750055981166696,Ꭽℯ⃝乘风破浪ঞᩚ꧔ꦿ᭄󰠇,长胖了,[等级9],[粉丝团 Lv8]
2026-05-20 12:32:50,7589265395078677553,用户2484562376327,应该有一米五了吧,,
2026-05-20 12:32:51,452620019045336,🍀、,shao chi d[互粉]少吃点,[等级11],[粉丝团 Lv10]
2026-05-20 12:32:52,101132873138,唐 僧,长胖了[捂脸],[等级32],
2026-05-20 12:32:52,110932597387,𝐘_栖迟,胖了,[等级7],
2026-05-20 12:32:52,75006416226,@林果果呀,长胖了,[等级32],
2026-05-20 12:32:52,108152251645,青衫渡,吃宽了,[等级3],
2026-05-20 12:32:52,68990608858,夏雨天,长胖了[看][看][看],[等级14],[粉丝团 Lv1]
2026-05-20 12:32:52,892413678724877,厌遇,[捂脸][黑脸][捂脸][黑脸][捂脸][黑脸][捂脸][黑脸],[等级24],[粉丝团 Lv7]
2026-05-20 12:32:52,2065322350750972,De.,老黑有一米五？,,
2026-05-20 12:32:52,110527293027,【柳哥】,胖了,[等级27],[粉丝团 Lv12]
2026-05-20 12:32:53,254703843934807,老恭,今年过节不收礼，要收就收张老黑,[等级16],[粉丝团 Lv10]
2026-05-20 12:32:54,96556750285,啊瑞呀🧚‍♀️,大家一起给爱播点点赞,[等级16],[粉丝团 Lv10]
2026-05-20 12:32:54,7467247261552297020,此世人间不相逢,房子长大了,[等级2],[粉丝团 Lv5]
2026-05-20 12:32:55,110986320405,💞ꦿ᭄余温散尽᭄ꦿএ,长胖了[捂脸],[等级20],
2026-05-20 12:32:55,84800246534,我姓王～住你家隔壁,长胖了,[等级11],
2026-05-20 12:32:56,1433387128601677,依人,胖了,[等级12],
2026-05-20 12:32:57,1257437656002798,某某.,现在180,[等级34],[粉丝团:张君雅 Lv16]
2026-05-20 12:32:57,2107129891661533,大洋大哥,涨到155,,
2026-05-20 12:32:57,65283106296,嘟米,房子又大了,[等级5],[粉丝团 Lv9]
2026-05-20 12:32:58,264302609042429,小君君,108的大高个[捂脸],[等级25],[粉丝团 Lv9]
2026-05-20 12:32:58,72921091583,辻弎·˖✶肆月˻˳˯ₑ,会不会是长胖了,[等级36],[粉丝团 Lv12]
2026-05-20 12:32:59,107705067722,凯@炫,是胖了,[等级20],[粉丝团 Lv10]
2026-05-20 12:33:00,59260357003,✨罗某某✨,长肥了,[等级18],[粉丝团 Lv11]
2026-05-20 12:33:01,65759302943,第三人称,干了,[等级9],[粉丝团 Lv11]
2026-05-20 12:33:01,3551879865577219,C07952,变矮了，能进缝了,[等级9],
2026-05-20 12:33:02,78676215245,💞ℒᎭℯ⃝木子默笙💕⁵²º࿐,胖了520快乐,[等级16],
2026-05-20 12:33:02,4162095481363833,mrtang,狗都来一枪,,
2026-05-20 12:33:09,4503699279715189,落叶孤烟,跳跃   攀爬   改了，现在可以站在门上了,[等级7],[粉丝团 Lv6]
2026-05-20 12:33:17,1996308355752072,果不其然,张君雅我爱你,,
2026-05-20 12:33:21,2189853505895951,水上云飞,原来张老黑又长身高了[捂脸][捂脸],[等级1],
2026-05-20 12:33:32,63019632364,仰望星空,对面真是没数谁都敢打[捂脸],[等级31],[粉丝团 Lv5]
2026-05-20 12:33:39,55159220102,BWRZ（记录美好）,不可以,[等级36],[粉丝团 Lv16]
2026-05-20 12:33:40,97107376377,遇惜,房子也有重量了,[等级31],[粉丝团 Lv12]
2026-05-20 12:33:41,98460975967,ەㅤㅤㅤㅤㅤㅤㅤㅤㅤ一个蛋🥚 ㅤㅤㅤㅤ,[捂脸][捂脸][捂脸],[等级34],[粉丝团 Lv10]
2026-05-20 12:33:42,55159220102,BWRZ（记录美好）,[衰][干饭人][衰][干饭人][衰][干饭人],[等级36],[粉丝团 Lv16]
2026-05-20 12:33:43,51782197378,爱哭的鱼…,保护费,[等级34],[粉丝团:张君雅 Lv15]
2026-05-20 12:33:43,110853008719,！,不可以,[等级26],
2026-05-20 12:33:45,63416229807,风沙迷了眼⁵¹⁰⁷⁴,[捂脸][捂脸][捂脸][捂脸][捂脸],[等级21],[粉丝团 Lv15]
2026-05-20 12:33:45,71418409421,毛豆花卷儿,拉粑粑了,[等级18],[粉丝团 Lv8]
2026-05-20 12:33:45,3969687847442474,小W,点点赞吧，各位老板们,[等级14],[粉丝团 Lv10]
2026-05-20 12:33:45,65759302943,第三人称,拉屎,[等级9],[粉丝团 Lv11]
2026-05-20 12:33:46,1838838104734926,花匠小马,保护费,[等级34],[粉丝团 Lv15]
2026-05-20 12:33:46,72179010645,✨三十六,哈哈,[等级25],[粉丝团 Lv10]
2026-05-20 12:33:47,298689645519799,间歇持续性出没,去拉屎 下局,[等级5],
2026-05-20 12:33:49,98460975967,ەㅤㅤㅤㅤㅤㅤㅤㅤㅤ一个蛋🥚 ㅤㅤㅤㅤ,[尬笑][尬笑][尬笑],[等级34],[粉丝团 Lv10]
2026-05-20 12:33:51,2744025476762568,伊克,大炮背着也没用,[等级28],
2026-05-20 12:33:52,59260357003,✨罗某某✨,要去偷人,[等级18],[粉丝团 Lv11]
2026-05-20 12:33:53,92502586304,周周𝒵𝒽𝓸𝓾𝒵𝒽𝓸𝓾💞,为什么会有回音？,[等级24],[粉丝团 Lv11]
2026-05-20 12:33:53,53463059062,行了别说了,这局跟你开麦都便宜你了！,[等级17],[粉丝团 Lv11]
2026-05-20 12:33:56,71126905166,抖音小肋手,牛批,[等级11],[粉丝团 Lv10]
2026-05-20 12:33:56,51782197378,爱哭的鱼…,要收保护费,[等级34],[粉丝团:张君雅 Lv15]
2026-05-20 12:33:58,1931219411932827,听说名字太长会有傻子跟着读,又编[看],,
2026-05-20 12:33:58,2014757881646576,呜呜呜呜,不可以,[等级3],
2026-05-20 12:34:00,100252343477,不羁,这狙行,[等级10],[粉丝团 Lv1]
2026-05-20 12:34:01,94621081467,雨踏歌行.,就是不带[捂脸],[等级20],[粉丝团 Lv15]
2026-05-20 12:34:02,100002470245,小羊_🐑,这一枪注定伤,[等级13],
2026-05-20 12:34:02,105622673029,王先生,太奶叫她吃饭，没空[呲牙][呲牙],[等级12],[粉丝团 Lv12]
2026-05-20 12:34:04,98181665549,刘风,一天到晚偷人[鼓掌],[等级5],[粉丝团 Lv10]
2026-05-20 12:34:06,1903973222853821,方向,要上课了,,
2026-05-20 12:34:06,101629850514,张老黑的飞哥⁵¹⁰⁷⁴,520还偷人[酷拽][酷拽][酷拽],[等级33],[粉丝团 Lv16]
2026-05-20 12:34:09,98368806608,火星哥,看缘分能不能匹配到,[等级20],[粉丝团 Lv10]
2026-05-20 12:34:13,64136829173,赵女士,还不如招募,[等级15],[粉丝团 Lv11]
2026-05-20 12:34:15,96423801098,阿紫,手搓吗？,[等级25],
2026-05-20 12:34:15,67651398452,寒门,去偷人带上你不方便,[等级28],[粉丝团 Lv2]
2026-05-20 12:34:15,242319855197896,千门公子,牌子都舍不得  还想着下局,[等级8],
2026-05-20 12:34:16,486447123275898,枚乘,先交保护费，老黑就带他了,[等级9],[粉丝团 Lv9]
2026-05-20 12:34:18,4862013350589,厉扑,当然不可以呀，先问问我们同不同意,[等级21],[粉丝团 Lv11]
2026-05-20 12:34:19,60308358984,哆啦a梦,不懂事啊 队友刷个礼物 就不好拒绝了[捂脸][捂脸],[等级26],[粉丝团 Lv14]
2026-05-20 12:34:19,1547753492580397,.🍃,情绪价值拉满,[等级21],
2026-05-20 12:34:20,100064022281,。,这么委婉听不出来吗[大笑][大笑][大笑],,
2026-05-20 12:34:21,67936016602,黑风寨萧瑟(嗷呜~),[打脸][打脸][打脸],[等级29],[粉丝团 Lv15]
2026-05-20 12:34:21,64136829173,赵女士,有配合好一点,[等级15],[粉丝团 Lv11]
2026-05-20 12:34:21,82200572907,🎃Damn,就是要520偷啊,[等级30],[粉丝团 Lv9]
2026-05-20 12:34:21,792061057970573,曲终散ꦿ,520还光明正大的偷人,[等级20],[粉丝团 Lv10]
2026-05-20 12:34:23,72784793576,雷美替胺,排到过这个人，带妹晋级赛的,[等级8],[粉丝团 Lv8]
2026-05-20 12:34:24,7450110997022393401,保护水晶,偷汉子,[等级4],[粉丝团 Lv5]
2026-05-20 12:34:27,2984494566739024,7️⃣7️⃣,晚上才偷人，白天不好吧,[等级11],[粉丝团 Lv3]
2026-05-20 12:34:28,75965238396,期待,我夫人真棒,[等级12],[粉丝团 Lv3]
2026-05-20 12:34:28,2896552179283347,月亮叫我睡觉觉丶,[舔屏][舔屏][舔屏],[等级19],[粉丝团 Lv12]
2026-05-20 12:34:29,2234638754122687,🌈迷,520居然去偷人,[等级20],[粉丝团 Lv6]
2026-05-20 12:34:32,69260020651,ZDL,520快乐520快乐520快乐,[等级11],[粉丝团 Lv10]
2026-05-20 12:34:32,59260357003,✨罗某某✨,今天这日子还偷人,[等级18],[粉丝团 Lv11]
2026-05-20 12:34:33,4162095481363833,mrtang,另外两个全程走路腰都撑不直,,
2026-05-20 12:34:35,95630049825,老廖,都想抱我雅姐的大腿,[等级29],[粉丝团 Lv15]
2026-05-20 12:34:36,3367119101376588,又赢了,520偷人更多,[等级4],[粉丝团 Lv5]
2026-05-20 12:34:37,1838847804575764,老农民A1,@张老黑的飞哥⁵¹⁰⁷⁴ 520本来就是偷人的好时机[捂脸][捂脸][捂脸],[等级33],[粉丝团 Lv15]
2026-05-20 12:34:37,68019582642,趴遍海岛,来个跑车就带,[等级37],[粉丝团 Lv11]
2026-05-20 12:34:37,4156624146008430,喔丢,@张老黑的飞哥⁵¹⁰⁷⁴ 520本就是偷人的日子,[等级23],[粉丝团 Lv11]
2026-05-20 12:34:37,55159220102,BWRZ（记录美好）,偷的就是今天的情侣[抠鼻][抠鼻][抠鼻][抠鼻][抠鼻][抠鼻][抠鼻][抠鼻],[等级36],[粉丝团 Lv16]
2026-05-20 12:34:39,71126905166,抖音小肋手,@老夏要努力 谢谢老板,[等级11],[粉丝团 Lv10]
2026-05-20 12:34:40,927619217364308,昨夜和风,是自己打还是有操作手？,[等级11],
2026-05-20 12:34:41,50475023375,杨小姐•,@张老黑的飞哥⁵¹⁰⁷⁴ 主要这么多人看着她偷[大笑][大笑],[等级24],[粉丝团 Lv12]
2026-05-20 12:34:41,56808553056620,浮生安暖,520快乐,[等级3],[粉丝团 Lv2]
2026-05-20 12:34:41,93286381693,77.🍯,520快乐,[等级6],
2026-05-20 12:34:41,63416229807,风沙迷了眼⁵¹⁰⁷⁴,[捂脸][捂脸][捂脸][捂脸][捂脸],[等级21],[粉丝团 Lv15]
2026-05-20 12:34:41,4494404333607655,深渊,520也这么多人啊！[看],[等级22],[粉丝团 Lv7]
2026-05-20 12:34:43,101743159343,張維,雅雅在房顶秀我一脸，丝滑的动作,[等级26],
2026-05-20 12:34:43,1041989997167927,往前走、别回头,还有多少天更新,[等级22],[粉丝团 Lv2]
2026-05-20 12:34:45,2395184081945055,忙里偷闲⁵¹⁰⁷⁴,[捂脸][捂脸],[等级29],[粉丝团 Lv15]
2026-05-20 12:34:45,1750055981166696,Ꭽℯ⃝乘风破浪ঞᩚ꧔ꦿ᭄󰠇,跟着雅姐混三天饱九顿,[等级9],[粉丝团 Lv8]
2026-05-20 12:34:45,99372859314,启  夏,@阿紫 对,[等级25],[粉丝团 Lv15]
2026-05-20 12:34:46,105622673029,王先生,老黑心想，你这么菜怎么可能还跟你打[呲牙],[等级12],[粉丝团 Lv12]
2026-05-20 12:34:49,11641859069,著名艺术家,520快乐雅雅,[等级21],
2026-05-20 12:34:49,2008152259705040,汉、歼的审判者,@老夏要努力 [抱抱你][抱抱你][抱抱你],[等级15],[粉丝团 Lv12]
2026-05-20 12:34:50,3378144954030583,用户726,高情商战术低情商偷人[捂脸],[等级7],[粉丝团 Lv7]
2026-05-20 12:34:50,1838838104734926,花匠小马,🈶纪念意义偷人,[等级34],[粉丝团 Lv15]
2026-05-20 12:34:51,2189853505895951,水上云飞,叫什么雅姐，直接叫他张老黑[捂脸][捂脸],[等级1],
2026-05-20 12:34:51,63073431755,💋 初见、,[捂脸][捂脸][捂脸],[等级34],[粉丝团 Lv13]
2026-05-20 12:34:52,68019582642,趴遍海岛,也是不懂事[捂脸],[等级37],[粉丝团 Lv11]
2026-05-20 12:34:52,111177217836,华华,老黑队友是真放心啊，他们都蹲在屋顶动都不动啊,[等级2],
2026-05-20 12:34:53,64136829173,赵女士,继续,[等级15],[粉丝团 Lv11]
2026-05-20 12:34:57,86569861196,.噢耶.,不点,[等级26],[粉丝团 Lv11]
2026-05-20 12:34:58,55159220102,BWRZ（记录美好）,我说白了就要今天偷[抠鼻],[等级36],[粉丝团 Lv16]
2026-05-20 12:35:00,106629511529,大伟,升到下一级粉丝牌3万[捂脸],[等级26],[粉丝团 Lv11]
2026-05-20 12:35:01,100164520660,北沚,@昨夜和风 自己打,[等级10],
2026-05-20 12:35:01,64136829173,赵女士,礼物不要停🤚,[等级15],[粉丝团 Lv11]
2026-05-20 12:35:06,534831624887696,粥粥粥,爱妾平身,[等级5],
2026-05-20 12:35:08,111438249801,吴哈妮,大家点赞点赞 排面上第一去,[等级20],[粉丝团 Lv11]
2026-05-20 12:35:11,74976693281,顺势_而为,过来刷点她还能拒绝吗，不懂事,[等级10],[粉丝团 Lv10]
2026-05-20 12:35:13,4215957197431401,红桃♥️J,不懂人情世故，过来刷个礼物，不就不好意思拒绝你了吗[捂脸][捂脸][捂脸],[等级9],[粉丝团 Lv10]
2026-05-20 12:35:13,4218147940337566,生命因你而火热,雅妃平生,[等级18],[粉丝团 Lv9]
2026-05-20 12:35:18,566986523280776,文文,雅雅太猛了 不知道打不打男朋友[捂脸],[等级10],[粉丝团 Lv1]
2026-05-20 12:35:25,111480308764,锦程,520有没有交换美好的,[等级31],[粉丝团 Lv15]
2026-05-20 12:35:30,71126905166,抖音小肋手,一人300赞，500人一起点有双倍🌺冲击50万赞❤️点赞的人运气爆棚，心想事成❤️,[等级11],[粉丝团 Lv10]
2026-05-20 12:35:30,101629850514,张老黑的飞哥⁵¹⁰⁷⁴,@大伟 才三万呐，我50万,[等级33],[粉丝团 Lv16]
2026-05-20 12:35:31,1838847804575764,老农民A1,@红桃♥️J [捂脸][捂脸][捂脸][捂脸]对对对,[等级33],[粉丝团 Lv15]
2026-05-20 12:35:31,77416951506,ら孤痞,@昨夜和风 我打的[看],[等级37],[粉丝团 Lv17]
2026-05-20 12:35:37,1322064223941683,8888,@文文 包打的[捂脸],[等级18],[粉丝团 Lv2]
2026-05-20 12:35:38,72702936478,天浩兄,今天画质不好,[等级34],
2026-05-20 12:35:39,55159220102,BWRZ（记录美好）,@顺势_而为 你快上一边去吧 不需要你这样,[等级36],[粉丝团 Lv16]
2026-05-20 12:35:42,4358937121142893,小猪配骑,应该这样问，下把还能撞在一起做队友吗？,[等级16],[粉丝团 Lv8]
2026-05-20 12:35:43,92473624548,ە終點站² º ² ³,1,[等级25],[粉丝团 Lv10]
2026-05-20 12:35:49,7572914980963681329,平凡老己,吃鸡了,[等级27],[粉丝团 Lv11]
2026-05-20 12:35:49,104860100003,媛媛圆了,吃鸡啦,[等级9],[粉丝团 Lv8]
2026-05-20 12:35:54,99549870598,旺仔小拳头,贴贴,[等级31],[粉丝团 Lv13]
2026-05-20 12:36:09,71126905166,抖音小肋手,[捂脸][捂脸],[等级11],[粉丝团 Lv10]
2026-05-20 12:36:11,2395184081945055,忙里偷闲⁵¹⁰⁷⁴,[捂脸][捂脸][捂脸],[等级29],[粉丝团 Lv15]
2026-05-20 12:36:15,97873254852,没有月儿的夜,这眼神咋这么好,[等级9],
2026-05-20 12:36:16,1838847804575764,老农民A1,这个不打你[捂脸][捂脸][捂脸][捂脸],[等级33],[粉丝团 Lv15]
2026-05-20 12:36:16,1322064223941683,8888,[捂脸][捂脸][捂脸],[等级18],[粉丝团 Lv2]
2026-05-20 12:36:17,60054560741,花期。,？,[等级19],[粉丝团 Lv9]
2026-05-20 12:36:17,101595263010620,伊昂,三个妹妹呀[捂脸],[等级12],[粉丝团 Lv10]
2026-05-20 12:36:18,927619217364308,昨夜和风,不露脸露手的不敢相信了，上一个是阿怡,[等级11],
2026-05-20 12:36:18,7572914980963681329,平凡老己,520快乐,[等级27],[粉丝团 Lv11]
2026-05-20 12:36:24,63019632364,仰望星空,这反应,[等级31],[粉丝团 Lv5]
2026-05-20 12:36:26,7572914980963681329,平凡老己,首鸡,[等级27],[粉丝团 Lv11]
2026-05-20 12:36:29,101629850514,张老黑的飞哥⁵¹⁰⁷⁴,脚下这个老六不开枪打你，也是服了,[等级33],[粉丝团 Lv16]
2026-05-20 12:36:35,100164520660,北沚,吃鸡了,[等级10],
2026-05-20 12:36:40,96761502258,起点站,看不到,[等级10],[粉丝团 Lv1]
2026-05-20 12:36:40,93835613585,A饭团,@昨夜和风 去报警吧,[等级25],[粉丝团:张君雅 Lv14]
2026-05-20 12:36:47,71126905166,抖音小肋手,张君雅牛逼,[等级11],[粉丝团 Lv10]
2026-05-20 12:36:47,102469975321,✨名门⭐️,[666][666][666],[等级19],[粉丝团 Lv15]
2026-05-20 12:36:48,2920724108946030,如煙✨HELLO～⁵¹⁰⁷⁴,[666][666][666],[等级37],[粉丝团 Lv16]
2026-05-20 12:36:49,71126905166,抖音小肋手,6666,[等级11],[粉丝团 Lv10]
2026-05-20 12:36:50,2141446715747582,魏大呆,[666][666][666][666][666],[等级15],[粉丝团 Lv11]
2026-05-20 12:36:51,97096092259,清风徐来520,再打一局,[等级7],[粉丝团 Lv10]
2026-05-20 12:36:56,2141446715747582,魏大呆,[666][666][666][666][666][666],[等级15],[粉丝团 Lv11]
2026-05-20 12:36:58,1911413562412587,桂,开了,[等级3],
2026-05-20 12:36:58,98460975967,ەㅤㅤㅤㅤㅤㅤㅤㅤㅤ一个蛋🥚 ㅤㅤㅤㅤ,[柴犬][柴犬][柴犬],[等级34],[粉丝团 Lv10]
2026-05-20 12:37:02,1689307483477048,杨小杨,不刷礼物还打什么打,[等级14],[粉丝团 Lv3]
2026-05-20 12:37:03,2141446715747582,魏大呆,牛逼牛逼牛逼牛逼牛逼,[等级15],[粉丝团 Lv11]
2026-05-20 12:37:05,75712401102,子木,[666][666][666],[等级31],[粉丝团 Lv10]
2026-05-20 12:37:09,83741692901,925,张老黑，我爱你🤟,[等级33],[粉丝团 Lv7]
2026-05-20 12:37:09,50475023375,杨小姐•,不相信不用看，看了又要说,[等级24],[粉丝团 Lv12]
2026-05-20 12:37:10,2685488058077492,未来的丈母娘,刚被你们打死,,
2026-05-20 12:37:11,64136829173,赵女士,拿下,[等级15],[粉丝团 Lv11]
2026-05-20 12:37:11,141166755714375,平淡如白开水,太厉害了[赞],[等级6],
2026-05-20 12:37:13,2141446715747582,魏大呆,牛逼牛逼牛逼牛逼牛逼,[等级15],[粉丝团 Lv11]
2026-05-20 12:37:14,66873200785,岁岁平安,雅姐牛笔,[等级3],
2026-05-20 12:37:15,4410845128828888,地狱小魔,拿下,[等级25],[粉丝团 Lv11]
2026-05-20 12:37:17,84159073433,不入戏🍃,520快乐520快乐520快乐,[等级21],[粉丝团 Lv12]
2026-05-20 12:37:17,55481944300,包 包,手机,[等级28],[粉丝团 Lv1]
2026-05-20 12:37:17,2875967640449822,万柳柳小趴菜,[666][666][666][666][666][666][666][666][666][666][666][666][666][666][666][666][666][666][666][666][666][666][666][666][666][666][666][666][666][666][666][666][666][666][666][666][666][666][666],[等级22],[粉丝团 Lv12]
2026-05-20 12:37:18,64136829173,赵女士,666[比心][比心][比心],[等级15],[粉丝团 Lv11]
2026-05-20 12:37:19,2582094266762910,²·¹¹礼冰✨,雅雅喊喊咋们直播间有69岁以上小姐姐闲余时间一起甜蜜苟分吗？,[等级40],[粉丝团 Lv9]
2026-05-20 12:37:20,93327118568,挽ㅤ,哑姐[捂脸][捂脸][捂脸],[等级22],
2026-05-20 12:37:20,58519854855,EQ_强,不交保护费,[等级10],[粉丝团 Lv4]
2026-05-20 12:37:20,1118637450869609,1080,保护费呢,[等级4],[粉丝团 Lv4]
2026-05-20 12:37:20,4057678191534580,随风去流浪,520去偷人,[等级7],[粉丝团 Lv4]
2026-05-20 12:37:21,2141446715747582,魏大呆,牛逼牛逼牛逼牛逼牛逼,[等级15],[粉丝团 Lv11]
2026-05-20 12:37:21,101926859943,折.,又开始了,[等级12],[粉丝团 Lv11]
2026-05-20 12:37:21,62802690421,誓解,不是君雅嘛，怎么在叫雅君[看],[等级6],
2026-05-20 12:37:22,2896552179283347,月亮叫我睡觉觉丶,520快乐520快乐520快乐,[等级19],[粉丝团 Lv12]
2026-05-20 12:37:22,77990775660,楠浩瀚,520,[等级5],
2026-05-20 12:37:23,110487983863,都怪你隐身太清晰,牛杯牛杯，张老黑,[等级17],[粉丝团 Lv8]
2026-05-20 12:37:24,87645765180,袏扌扣拀伱,刚进来就吃鸡,[等级13],[粉丝团 Lv1]
2026-05-20 12:37:24,66624217824,᭄自由ঞৣঁ如风᭄🍻,520快乐,[等级14],[粉丝团 Lv6]
2026-05-20 12:37:24,2170912010143284,Yeri.,520快乐520快乐520快乐,[等级15],[粉丝团 Lv10]
2026-05-20 12:37:24,3315721617551160,爱咂烟的小伙,520快乐,[等级15],[粉丝团 Lv11]
2026-05-20 12:37:25,75712401102,子木,520快乐520快乐,[等级31],[粉丝团 Lv10]
2026-05-20 12:37:25,3795156287621927,拾欢,520快乐,[等级15],[粉丝团 Lv13]
2026-05-20 12:37:26,100056732092,lc橙🍊,再带他一把,[等级16],
2026-05-20 12:37:26,96771054112,可 乐、,520快乐,[等级13],
2026-05-20 12:37:26,3347394361297940,橙味奶祺🍫,又这辈子上了,[等级19],[粉丝团 Lv8]
2026-05-20 12:37:26,7512667169890239546,有米老板,哈哈,,
2026-05-20 12:37:26,75403041537,平安就好,队友可以,[等级12],[粉丝团 Lv11]
2026-05-20 12:37:27,101138818359,小鱼,520快乐520快乐520快乐,[等级34],[粉丝团 Lv15]
2026-05-20 12:37:28,2189853505895951,水上云飞,不感谢张老黑[捂脸][捂脸],[等级1],
2026-05-20 12:37:28,66446438256,🐮🐰,520快乐520快乐520快乐,[等级10],[粉丝团 Lv8]
2026-05-20 12:37:28,55481944300,包 包,手机手机,[等级28],[粉丝团 Lv1]
2026-05-20 12:37:28,93060552271,小别兔别又别,主播今天生日  点点赞,[等级11],[粉丝团 Lv10]
2026-05-20 12:37:28,2920724108946030,如煙✨HELLO～⁵¹⁰⁷⁴,520快乐,[等级37],[粉丝团 Lv16]
2026-05-20 12:37:29,1750055981166696,Ꭽℯ⃝乘风破浪ঞᩚ꧔ꦿ᭄󰠇,雅帝位超稳,[等级9],[粉丝团 Lv8]
2026-05-20 12:37:29,2141446715747582,魏大呆,520快乐520快乐520快乐,[等级15],[粉丝团 Lv11]
2026-05-20 12:37:30,1512542077459805,记得晒太阳,520快乐520快乐520快乐,[等级18],[粉丝团 Lv9]
2026-05-20 12:37:30,76459713880,帅子,我点关注了,[等级21],
2026-05-20 12:37:31,82257546786,琛,这是平板打得吗,[等级7],
2026-05-20 12:37:31,3712397299157015,昍翀🦁🐾,[看],[等级6],[粉丝团 Lv5]
2026-05-20 12:37:32,111480308764,锦程,520快乐520快乐520快乐,[等级31],[粉丝团 Lv15]
2026-05-20 12:37:32,866032946527787,牛 二,520快乐,[等级25],[粉丝团 Lv15]
2026-05-20 12:37:32,3032895024544860,天元⁹⁹⁸⁶,《没求过人》,[等级28],[粉丝团 Lv10]
2026-05-20 12:37:32,96771054112,可 乐、,520快乐,[等级13],
2026-05-20 12:37:34,73127315663,曾梦想仗剑走天涯,今天生日我就点[呲牙],[等级17],
2026-05-20 12:37:34,58519854855,EQ_强,这队友不懂事呀！,[等级10],[粉丝团 Lv4]
2026-05-20 12:37:35,102251556180,小李睡醒咯,天天看，就是不关注,[等级5],
2026-05-20 12:37:35,7612951911537198138,一条锦鲤游啊游～,[520快乐_520快乐][520快乐_520快乐][520快乐_520快乐],[等级6],[粉丝团 Lv3]
2026-05-20 12:37:36,65759302943,第三人称,雅姐,[等级9],[粉丝团 Lv11]
2026-05-20 12:37:36,67936016602,黑风寨萧瑟(嗷呜~),[看]第一把就吃鸡，太帅了,[等级29],[粉丝团 Lv15]
2026-05-20 12:37:36,72787064272,叶叶叶,我刚来你就吃上了,[等级11],[粉丝团 Lv11]
2026-05-20 12:37:36,7549456355062170681,还没想好~,你昨天不是求人了吗[捂脸][捂脸][捂脸][捂脸],,
2026-05-20 12:37:36,60261058633,白了个白。,确实延迟诶,[等级14],
2026-05-20 12:37:36,91632243265,一起养条小鱼🐟,520快乐,[等级27],[粉丝团 Lv3]
2026-05-20 12:37:37,97096092259,清风徐来520,520快乐,[等级7],[粉丝团 Lv10]
2026-05-20 12:37:37,486447123275898,枚乘,我们单身贵族不需要这种[捂脸][捂脸][捂脸],[等级9],[粉丝团 Lv9]
2026-05-20 12:37:38,4503682483207139,🐀耗子🐀,你除了星期二那天不求人,[等级40],[粉丝团 Lv12]
2026-05-20 12:37:38,102132936397,℡1,这么官方,[等级23],[粉丝团 Lv10]
2026-05-20 12:37:38,1322064223941683,8888,没求过？,[等级18],[粉丝团 Lv2]
2026-05-20 12:37:39,792061057970573,曲终散ꦿ,这辈子没有一天求过800次人,[等级20],[粉丝团 Lv10]
2026-05-20 12:37:39,3969664936053292,Jiang蒋,我怎么取消关注，在给你点个关注呢520快乐,[等级11],[粉丝团 Lv6]
2026-05-20 12:37:39,105424494317,杏园好运,520快乐520快乐,[等级23],[粉丝团 Lv8]
2026-05-20 12:37:40,106766578732,ঞ໊𝑭𝒊𝒏𝒐𝒔𝒉ﻬꦿ,520快乐520快乐520快乐,[等级13],[粉丝团 Lv12]
2026-05-20 12:37:40,77231644562,壹生输赢、全靠拼,昨天局哥说昨天你生日也求求人了[捂脸],[等级12],
2026-05-20 12:37:40,95450137991,开心,白天播一天吗,[等级21],[粉丝团 Lv4]
2026-05-20 12:37:40,99372859314,启  夏,@琛 是,[等级25],[粉丝团 Lv15]
2026-05-20 12:37:40,1516981615855720,风雨同舟,520快乐,[等级24],[粉丝团 Lv13]
2026-05-20 12:37:42,102597770628,ℳ₯㎕叁潴潴潴🐝࿐,520快乐,[等级19],[粉丝团 Lv10]
2026-05-20 12:37:42,96771054112,可 乐、,520快乐520快乐520快乐,[等级13],
2026-05-20 12:37:43,102748821674,一张白纸,带带铁蛋儿吧，你家铁蛋儿都被人家打自闭了。,[等级17],[粉丝团 Lv8]
2026-05-20 12:37:43,97873254852,没有月儿的夜,老黑是用平板打的吗,[等级9],
2026-05-20 12:37:44,2141446715747582,魏大呆,520快乐520快乐520快乐,[等级15],[粉丝团 Lv11]
2026-05-20 12:37:44,99549870598,旺仔小拳头,早日干嘛？？？？,[等级31],[粉丝团 Lv13]
2026-05-20 12:37:44,4162095481363833,mrtang,老黑今天过生日[比心][比心],,
2026-05-20 12:37:45,93536983676,空调安装,早日抱富婆,[等级12],[粉丝团 Lv11]
2026-05-20 12:37:46,1093354181100637,Gᴗo_ᥫᩣ,520快乐,[等级15],[粉丝团 Lv12]
2026-05-20 12:37:46,111477194666,听歌只听周杰伦🤫,520快乐,[等级25],[粉丝团 Lv15]
2026-05-20 12:37:46,67866646131,我心思慕你,520快乐520快乐520快乐,[等级18],[粉丝团 Lv10]
2026-05-20 12:37:46,3032895024544860,天元⁹⁹⁸⁶,520快乐520快乐520快乐,[等级28],[粉丝团 Lv10]
2026-05-20 12:37:47,110487983863,都怪你隐身太清晰,张老黑牛杯520快乐,[等级17],[粉丝团 Lv8]
2026-05-20 12:37:47,103830021098,~独狼~,520快乐520快乐520快乐,[等级30],[粉丝团 Lv11]
2026-05-20 12:37:47,2769037380554516,🔥事后一支烟,又装到了,[等级13],[粉丝团 Lv6]
2026-05-20 12:37:47,100059879352,命给你〃心还我𖠚ᐝ,520快乐520快乐,[等级23],[粉丝团 Lv6]
2026-05-20 12:37:48,2880324753953741,聽聞遠方有你❤️,张姨[比心],[等级19],[粉丝团 Lv2]
2026-05-20 12:37:48,74384873108843,☾⋆᭄ 神说要有光💋,520不快乐，所以不给点关注[看],[等级25],[粉丝团 Lv8]
2026-05-20 12:37:49,3290202542967133,🌈小白菜,[赞][赞][赞],[等级18],[粉丝团 Lv11]
2026-05-20 12:37:49,59129911361,🌈威,520快乐520快乐520快乐,[等级18],[粉丝团 Lv3]
2026-05-20 12:37:49,91824058841,6,520快乐520快乐520快乐,[等级35],[粉丝团 Lv4]
2026-05-20 12:37:49,91632243265,一起养条小鱼🐟,520快乐520快乐,[等级27],[粉丝团 Lv3]
2026-05-20 12:37:49,93147364245,李白不白🍓,520快乐520快乐520快乐,[等级2],[粉丝团 Lv3]
2026-05-20 12:37:50,103758059492,劉先生,520快乐,[等级17],
2026-05-20 12:37:50,3773149085173959,一个新名字,520快乐,[等级1],
2026-05-20 12:37:52,3308876489563194,时间的朋友,520快乐520快乐520快乐,,
2026-05-20 12:37:52,106629511529,大伟,520快乐,[等级26],[粉丝团 Lv11]
2026-05-20 12:37:52,103830021098,~独狼~,520快乐520快乐520快乐,[等级30],[粉丝团 Lv11]
2026-05-20 12:37:52,61671323616,大宝贝（重生版）,这声音有点像感冒的猫局[捂脸],[等级26],[粉丝团 Lv12]
2026-05-20 12:37:52,1226681822751486,大仙儿的日常,好厉害啊,[等级17],[粉丝团 Lv4]
2026-05-20 12:37:52,102251556180,小李睡醒咯,天天看就是不关注,[等级5],
2026-05-20 12:37:52,91632243265,一起养条小鱼🐟,520快乐520快乐,[等级27],[粉丝团 Lv3]
2026-05-20 12:37:52,82795769883,巡山小妖精,爱播，我爱你,[等级33],
2026-05-20 12:37:53,106154257281,风中的胭脂味,也不知道要双袜子,[等级4],[粉丝团 Lv2]
2026-05-20 12:37:54,67936016602,黑风寨萧瑟(嗷呜~),520快乐520快乐520快乐,[等级29],[粉丝团 Lv15]
2026-05-20 12:37:55,111477194666,听歌只听周杰伦🤫,520快乐,[等级25],[粉丝团 Lv15]
2026-05-20 12:37:55,88727194168,牙齿卟寂寞,抱富婆,[等级12],
2026-05-20 12:37:56,98161089214,sansheng♡sanshi,猫呢,[等级25],[粉丝团 Lv11]
2026-05-20 12:37:56,4248149038471565,ᵏ,也是当上雅姐了？,[等级24],[粉丝团 Lv7]
2026-05-20 12:37:56,1675276102406664,星星⭐月亮,牛逼Class,[等级10],[粉丝团 Lv4]
2026-05-20 12:37:56,92294124549,空^〇^白,[比心],[等级6],[粉丝团 Lv6]
2026-05-20 12:37:57,3148611881534173,▞▙▛▖▜▗▙▛,祝你早日抱富婆[看],[等级16],[粉丝团 Lv3]
2026-05-20 12:38:00,92470644873,ㅤ ㅤ望雪城,520快乐,[等级11],
2026-05-20 12:38:00,63154448945,燃尽～,520快乐,[等级12],[粉丝团 Lv12]
2026-05-20 12:38:00,88484093622,北海以北萍ゞ🇨🇳,520快乐,[等级20],
2026-05-20 12:38:00,2093067748255504,@？～￥￥￥￥ycfx,520快乐520快乐520快乐,[等级13],[粉丝团 Lv13]
2026-05-20 12:38:01,63807347213,砚秋,520快乐,[等级7],[粉丝团 Lv5]
2026-05-20 12:38:02,2130167051586276,气泡橘汁,520快乐,[等级1],
2026-05-20 12:38:03,94205687834,噗嗤,天天看就是不关注[看],[等级34],
2026-05-20 12:38:03,93060552271,小别兔别又别,过呀,[等级11],[粉丝团 Lv10]
2026-05-20 12:38:03,986727866970276,如此简单呀,520快乐520快乐520快乐,,
2026-05-20 12:38:04,86580358314,🌈船长,没求过一回,[等级19],[粉丝团 Lv3]
2026-05-20 12:38:04,63154448945,燃尽～,520快乐,[等级12],[粉丝团 Lv12]
2026-05-20 12:38:05,77231644562,壹生输赢、全靠拼,局哥发财了,[等级12],
2026-05-20 12:38:05,74950761795,ℳ·初遇᥇ꪖ᥇ꪗ·ꦿ໊ོ⁵²⁰,520快乐,[等级20],[粉丝团 Lv10]
2026-05-20 12:38:05,4451288081510848,是我娅！,520快乐520快乐520快乐,[等级20],[粉丝团 Lv10]
2026-05-20 12:38:05,71126905166,抖音小肋手,[捂脸][捂脸][捂脸],[等级11],[粉丝团 Lv10]
2026-05-20 12:38:06,909994527827448,UU,520快乐,[等级18],[粉丝团 Lv13]
2026-05-20 12:38:06,2439185116446587,餘生不將就🌞☀️🥵☀️🌞,520快乐520快乐520快乐,[等级27],[粉丝团 Lv14]
2026-05-20 12:38:07,105378405535,bin,过,[等级13],[粉丝团 Lv10]
2026-05-20 12:38:07,64687651844,笑拥孤独,520快乐520快乐520快乐,[等级17],[粉丝团 Lv15]
2026-05-20 12:38:07,100313663814,༺TIME༻,过,[等级15],[粉丝团 Lv12]
2026-05-20 12:38:07,677720989108904,吉吉,不过[看],[等级13],[粉丝团 Lv9]
2026-05-20 12:38:07,3047481547176067,伟锅锅,把公屏打在牛逼上[赞],[等级20],[粉丝团 Lv4]
2026-05-20 12:38:08,2849575365779944,LXR,520快乐,[等级9],[粉丝团 Lv9]
2026-05-20 12:38:09,75566116197,shine✨,520快乐,[等级15],[粉丝团 Lv5]
2026-05-20 12:38:09,66446438256,🐮🐰,那必须,[等级10],[粉丝团 Lv8]
2026-05-20 12:38:09,77684603372,忽略掉,520快乐,[等级22],
2026-05-20 12:38:09,92362472567,哒不溜,又过[捂脸][捂脸][捂脸],[等级27],
2026-05-20 12:38:10,72787064272,叶叶叶,一天不播害得我等我灯牌都灭了,[等级11],[粉丝团 Lv11]
2026-05-20 12:38:10,4375664403680372,， ， ，,520快乐,[等级17],[粉丝团 Lv10]
2026-05-20 12:38:11,4468879230241195,我在边界,加班就过,[等级13],[粉丝团 Lv4]
2026-05-20 12:38:11,75737713936,ﾍ😌ﾍ工商财务,过！每天都必须过,[等级15],[粉丝团 Lv12]
2026-05-20 12:38:11,100064022281,。,520快乐,,
2026-05-20 12:38:11,93221587678,阳了阳,不求入？,[等级23],
2026-05-20 12:38:11,61671323616,大宝贝（重生版）,你不跟我们过跟谁过,[等级26],[粉丝团 Lv12]
2026-05-20 12:38:11,102251556180,小李睡醒咯,过什么，打游戏,[等级5],
2026-05-20 12:38:11,3347394361297940,橙味奶祺🍫,过啊，你不就是520生日吗,[等级19],[粉丝团 Lv8]
2026-05-20 12:38:11,101629850514,张老黑的飞哥⁵¹⁰⁷⁴,主播今天生日，点点赞[赞],[等级33],[粉丝团 Lv16]
2026-05-20 12:38:12,558174189912492,✨Waner✨乖乖💫,[666]过,[等级25],[粉丝团 Lv8]
2026-05-20 12:38:12,107900878117,商用切菜机工厂,又过生日,[等级8],
2026-05-20 12:38:12,6491077858,Dovis.,520快乐,[等级12],[粉丝团 Lv12]
2026-05-20 12:38:12,60460705399,Nnin9.,520快乐,,
2026-05-20 12:38:13,532618012526280,辣条批发,过,,
2026-05-20 12:38:13,1182708425300573,DSL,520快乐,[等级22],[粉丝团 Lv4]
2026-05-20 12:38:13,3047482674388180,菜场在逃肥鸡,过,[等级20],[粉丝团 Lv9]
2026-05-20 12:38:13,611769712382600,꧁༺时༒刻༻꧂,我在成都，520快乐要出来过吗,[等级12],
2026-05-20 12:38:13,110487983863,都怪你隐身太清晰,520快乐520快乐,[等级17],[粉丝团 Lv8]
2026-05-20 12:38:13,100313663814,༺TIME༻,必须过[看],[等级15],[粉丝团 Lv12]
2026-05-20 12:38:14,55579160031,04阿姨有低保,520快乐520快乐,[等级22],[粉丝团 Lv15]
2026-05-20 12:38:14,1420996635792391,张老黑的好大儿,不过，要去翻垃圾桶[捂脸][捂脸][捂脸],[等级24],[粉丝团 Lv12]
2026-05-20 12:38:14,3315728247958590,狗吃我再吃,别过了,[等级22],[粉丝团 Lv10]
2026-05-20 12:38:15,64544510501,三三三儿⁵¹⁰⁷⁴,过呗，双喜临门的好事,[等级30],[粉丝团 Lv16]
2026-05-20 12:38:15,17121924368,小平,不用商量 过,[等级19],[粉丝团 Lv7]
2026-05-20 12:38:15,93581462572,商南北↪️🍂,520快乐520快乐520快乐,[等级15],[粉丝团 Lv10]
2026-05-20 12:38:15,3224222220955543,偷挖小白菜,过，一天都不能停[看],[等级30],[粉丝团 Lv13]
2026-05-20 12:38:15,1322064223941683,8888,[看][看][看],[等级18],[粉丝团 Lv2]
2026-05-20 12:38:15,3309947321843827,漂流瓶,520快乐,[等级10],[粉丝团 Lv9]
2026-05-20 12:38:15,100064022281,。,520快乐520快乐520快乐,,
2026-05-20 12:38:15,50237758202,老八水产梅姐,过520还是过生日[捂脸],[等级19],
2026-05-20 12:38:15,510627732783629,张全蛋的假睫毛,520快乐,[等级28],[粉丝团 Lv15]
2026-05-20 12:38:15,92176264345,芃麦,520快乐,[等级37],
2026-05-20 12:38:16,96695147705,不停前行,猫呢,[等级17],[粉丝团 Lv10]
2026-05-20 12:38:17,104003779748,小艾,520快乐520快乐520快乐,[等级28],[粉丝团 Lv3]
2026-05-20 12:38:17,62977313690,LO,520快乐,[等级25],[粉丝团 Lv9]
2026-05-20 12:38:17,2502129202246744,大欣猩。,520快乐,[等级6],
2026-05-20 12:38:17,61390302421,五点半,520快乐,[等级37],[粉丝团 Lv3]
2026-05-20 12:38:17,2287430138602391,唯一的执着,没男朋友啊520快乐,[等级18],[粉丝团 Lv2]
2026-05-20 12:38:17,3347394361297940,橙味奶祺🍫,520快乐,[等级19],[粉丝团 Lv8]
2026-05-20 12:38:17,3865495664595544,活人微死,520快乐520快乐520快乐,[等级12],[粉丝团 Lv9]
2026-05-20 12:38:17,866834076414632,ZW,晚上酒店过吧[捂脸],[等级38],[粉丝团 Lv9]
2026-05-20 12:38:17,99233070865,এꦿ᭄落落的憨憨ꦿ❁,[发呆][发呆][发呆],[等级6],[粉丝团 Lv6]
2026-05-20 12:38:17,93394110884,🌱ᐝ安ᨶ႒ᩚ好꧔ഒᩚ☁️ω໊࿐:,520快乐,[等级11],
2026-05-20 12:38:17,69742604573,雾里看晨曦,过,[等级26],[粉丝团 Lv13]
2026-05-20 12:38:17,61225125818,发困困困媛.,520快乐,[等级8],[粉丝团 Lv10]
2026-05-20 12:38:18,111030966476,劉先生👀,520快乐,[等级33],[粉丝团 Lv11]
2026-05-20 12:38:18,82472617183,J总      -顺风顺水—,不过,[等级29],
2026-05-20 12:38:19,100064022281,。,520快乐520快乐520快乐,,
2026-05-20 12:38:19,2906734985490516,汪汪队睡大觉,不过,,
2026-05-20 12:38:19,1496870945563132,沐雨橙风,[520快乐_520快乐],[等级11],[粉丝团 Lv10]
2026-05-20 12:38:19,104003779748,小艾,520快乐520快乐,[等级28],[粉丝团 Lv3]
2026-05-20 12:38:20,3784990542015783,一,520快乐,[等级7],[粉丝团 Lv9]
2026-05-20 12:38:20,97190559945,永恒的情,520快乐520快乐520快乐,[等级9],
2026-05-20 12:38:20,3526839198296759,祥,520快乐520快乐,[等级32],[粉丝团 Lv15]
2026-05-20 12:38:20,3347394361297940,橙味奶祺🍫,520快乐,[等级19],[粉丝团 Lv8]
2026-05-20 12:38:20,93961799851,黑风寨老王,520快乐,[等级24],[粉丝团 Lv12]
2026-05-20 12:38:20,69211921603,存,好厉害呀君雅520快乐,[等级2],
2026-05-20 12:38:20,113971329505623,嘉建大胃袋（味真足）大饼卷肉焖子板面饺包,我好吃大饼卷肉焖子这一块板面再整点饺子包子大锅菜这一块就爱吃这个真的咱北方大馒头南方东西猪脚饭特想吃,[等级3],
2026-05-20 12:38:20,2637085007423018,Homesickness,520快乐520快乐520快乐,[等级1],
2026-05-20 12:38:21,7549456355062170681,还没想好~,你昨天不是求人了吗，你咋说一辈子没求过人[捂脸][捂脸][捂脸][捂脸][捂脸][捂脸][捂脸],,
2026-05-20 12:38:21,85018837708,柱哥⁸⁰⁰⁸,[捂脸][捂脸][捂脸],[等级31],[粉丝团 Lv14]
2026-05-20 12:38:22,81922832250,心之所向 (-^〇^-),除了周二不过，都过,[等级12],[粉丝团 Lv11]
2026-05-20 12:38:22,100133651872,你说看星空看日落不如看我的眼眸,520快乐520快乐520快乐,[等级25],[粉丝团 Lv11]
2026-05-20 12:38:22,52646520064,Cc（辣卤门卤味铺子）,520快乐520快乐520快乐,[等级11],[粉丝团 Lv4]
2026-05-20 12:38:23,110487983863,都怪你隐身太清晰,[捂脸][捂脸][捂脸],[等级17],[粉丝团 Lv8]
2026-05-20 12:38:23,92362472567,哒不溜,520快乐,[等级27],
2026-05-20 12:38:23,91632243265,一起养条小鱼🐟,哈？,[等级27],[粉丝团 Lv3]
2026-05-20 12:38:23,3081266249862527,糯米,不过,[等级5],[粉丝团 Lv7]
2026-05-20 12:38:23,103091444420,是为无勇,过,[等级10],[粉丝团 Lv2]
2026-05-20 12:38:24,95922498387,淡定^_^,晚上酒店过,[等级30],[粉丝团 Lv8]
2026-05-20 12:38:24,476529254219187,萌神乀库,520快乐,[等级1],
2026-05-20 12:38:24,3347394361297940,橙味奶祺🍫,520快乐,[等级19],[粉丝团 Lv8]
2026-05-20 12:38:24,4468879230241195,我在边界,加班就过,[等级13],[粉丝团 Lv4]
2026-05-20 12:38:25,98250603255,故渊,520快乐,[等级32],[粉丝团 Lv8]
2026-05-20 12:38:26,109881104951,372923,王牌七星能匹配到你吗,[等级3],
2026-05-20 12:38:26,380881911154506,｛千城墨白｝,你也太会照顾了,[等级7],[粉丝团 Lv10]
2026-05-20 12:38:26,53389925442,北,必须过,[等级15],[粉丝团 Lv4]
2026-05-20 12:38:26,104697320931,爸 爸,过,[等级29],[粉丝团 Lv12]
2026-05-20 12:38:26,87243903052,辞川,不过，昨天刚过了,[等级24],[粉丝团 Lv11]
2026-05-20 12:38:27,95944616389,一杯清水,520快乐,[等级20],[粉丝团 Lv2]
2026-05-20 12:38:28,111177217836,华华,你是天天生日,[等级2],
2026-05-20 12:38:28,99372859314,启  夏,哈哈哈[捂脸]过，为啥不过,[等级25],[粉丝团 Lv15]
2026-05-20 12:38:28,86393094276,、柠萌︶ε╰🌈,520快乐,[等级12],[粉丝团 Lv10]
2026-05-20 12:38:28,93060552271,小别兔别又别,过  点赞,[等级11],[粉丝团 Lv10]
2026-05-20 12:38:28,4215957197431401,红桃♥️J,有的老六宁愿被踩死，也不会开枪[捂脸][捂脸]比如我[看],[等级9],[粉丝团 Lv10]
2026-05-20 12:38:28,2606321827591091,啾,不过也罢,[等级29],[粉丝团 Lv10]
2026-05-20 12:38:29,105002034448,傏哥,过,[等级37],[粉丝团 Lv10]
2026-05-20 12:38:29,1899604371049447,Lucky,520快乐,[等级16],
2026-05-20 12:38:29,105226080011,爱你不变,过 必须过,[等级21],[粉丝团 Lv2]
2026-05-20 12:38:29,4062023312223140,某人」,过吧[懵]也不差这一天,[等级28],[粉丝团 Lv10]
2026-05-20 12:38:29,97636782631,✎﹏摸鱼🐟,520快乐,[等级18],[粉丝团 Lv7]
2026-05-20 12:38:29,114781675069815,断ღ念ᰔᩚ ⁵¹⁰⁷⁴,520快乐520快乐520快乐,[等级37],[粉丝团 Lv11]
2026-05-20 12:38:29,699725179528268,趋于于,过呀雅姐,[等级7],[粉丝团 Lv2]
2026-05-20 12:38:29,107705067722,凯@炫,今天不过生日，扯证[看],[等级20],[粉丝团 Lv10]
2026-05-20 12:38:30,75737713936,ﾍ😌ﾍ工商财务,520快乐,[等级15],[粉丝团 Lv12]
2026-05-20 12:38:31,706340840813723,天玑阁,悍妇，还有温柔的一面,[等级10],
2026-05-20 12:38:32,100064022281,。,520快乐,,
2026-05-20 12:38:32,105002034448,傏哥,520快乐,[等级37],[粉丝团 Lv10]
2026-05-20 12:38:33,77231644562,壹生输赢、全靠拼,猫局说你昨天也生日,[等级12],
2026-05-20 12:38:33,1899604371049447,Lucky,520快乐520快乐520快乐,[等级16],
2026-05-20 12:38:33,99045305758,爱意随风起,又生日？,[等级37],[粉丝团 Lv8]
2026-05-20 12:38:33,95450137991,开心,今天加班吗,[等级21],[粉丝团 Lv4]
2026-05-20 12:38:33,87645765180,袏扌扣拀伱,刚进来就吃鸡[比心],[等级13],[粉丝团 Lv1]
2026-05-20 12:38:34,3619182334716295,ㅤ  ღꦿ꯭唯ঞ一ꦿ,520快乐520快乐520快乐,[等级18],[粉丝团 Lv7]
2026-05-20 12:38:35,3825901139410685,李哥,今天是我的生日。,[等级31],[粉丝团 Lv10]
2026-05-20 12:38:35,91632243265,一起养条小鱼🐟,520快乐520快乐520快乐,[等级27],[粉丝团 Lv3]
2026-05-20 12:38:35,59260357003,✨罗某某✨,过吧，下午开户外直播庆生,[等级18],[粉丝团 Lv11]
2026-05-20 12:38:35,94536624975,闫泰骐,上把吃鸡了嘛,[等级21],
2026-05-20 12:38:36,3526854847509232,九命,可以过  带我们一起,[等级19],
2026-05-20 12:38:36,3337733140384413,大好银,今天局部地区会有轻微振动，伴随偶尔尖叫声，大伙不必惊慌[比心],[等级17],[粉丝团 Lv9]
2026-05-20 12:38:36,3551880177005945,三月,520快乐520快乐,[等级3],
2026-05-20 12:38:37,59200105001,Sebtimental,是她妹妹过生日了吧,[等级3],
2026-05-20 12:38:38,53383229411,钞票💵很多张女士🚺,520快乐520快乐520快乐,[等级7],[粉丝团 Lv10]
2026-05-20 12:38:39,2769037380554516,🔥事后一支烟,别过，过一岁老一岁[捂脸],[等级13],[粉丝团 Lv6]
2026-05-20 12:38:39,99372859314,启  夏,520快乐,[等级25],[粉丝团 Lv15]
2026-05-20 12:38:40,10780303618,隔壁老陈,一天到晚找理由过节日[捂脸],[等级23],[粉丝团 Lv14]
2026-05-20 12:38:40,71722008394,🐉锁骨上的唇印🐉,你是天天过,[等级31],[粉丝团 Lv10]
2026-05-20 12:38:40,3003521138695559,一个你一个我,张老黑这把要睡了,[等级15],[粉丝团 Lv10]
2026-05-20 12:38:41,2101862861388600,❃守护刺影,昨天没过今天必须过,[等级25],[粉丝团 Lv7]
2026-05-20 12:38:41,111044341852,笑,你是云南的吗？,[等级18],
2026-05-20 12:38:41,63882220065,今非昔比,520快乐520快乐,[等级10],[粉丝团 Lv7]
2026-05-20 12:38:42,71045818744,Dur Lutte,怎么好久没和别人一起玩呢,[等级9],[粉丝团 Lv8]
2026-05-20 12:38:42,108061796612,浮生か醉清风古,生日天天要过的，今天你要是不过，又要等明天了[捂脸][捂脸][捂脸][捂脸],[等级14],[粉丝团 Lv7]
2026-05-20 12:38:43,87617516566,jkchu,猫局到成都了吗？,[等级12],[粉丝团 Lv6]
2026-05-20 12:38:43,67444242833,猫柠,我还想着撞你[流泪][流泪][流泪],[等级24],[粉丝团 Lv3]
2026-05-20 12:38:43,72179010645,✨三十六,520快乐,[等级25],[粉丝团 Lv10]
2026-05-20 12:38:44,1709115167487976,流逝的记忆（关注立即回关）,一年得过无数个生日,[等级29],[粉丝团 Lv15]
2026-05-20 12:38:44,4233535412506211,中登,昨晚你干嘛了！！！！！！！！,,
2026-05-20 12:38:45,6873298240,☞星辰☜,[520快乐_520快乐],[等级8],[粉丝团 Lv3]
2026-05-20 12:38:47,3430895678660199,就要李_发财,天天都过，不差这一天,[等级29],
2026-05-20 12:38:47,96920455020,ℳ̶̶̶̶♡̶҉華ℳᥫᩣ,爱你的人，无论你说什么都对。,[等级17],[粉丝团 Lv12]
2026-05-20 12:38:48,100046650292,困难父,请吃饭不，请吃饭就过,[等级30],[粉丝团 Lv8]
2026-05-20 12:38:48,50994395662,Z.x.y,不过了，兄弟们送点小礼物就行,[等级30],[粉丝团 Lv13]
2026-05-20 12:38:48,97309137171,@羅 老四,没有男朋友就不要过了晒,[等级24],[粉丝团 Lv12]
2026-05-20 12:38:49,94621839722,2020(ง •̀_•́)ง,一个月过几次生日？,[等级18],
2026-05-20 12:38:50,110487983863,都怪你隐身太清晰,过一下吧！[666],[等级17],[粉丝团 Lv8]
2026-05-20 12:38:52,7603209621562164273,众人怒我一人看风景,多的都过了不在乎这一天,,
2026-05-20 12:38:52,96800023676,劉少,张老黑，节日快乐,[等级32],[粉丝团 Lv5]
2026-05-20 12:38:53,92533230586,舔包的小可爱儿,520快乐,[等级13],[粉丝团 Lv9]
2026-05-20 12:38:54,2578786379638842,黑化小狗,支持主播,[等级2],
2026-05-20 12:38:55,2647263760640927,perfect.,520快乐520快乐520快乐,[等级14],
2026-05-20 12:38:55,97360203146,飞起壹jio✨,520快乐520快乐520快乐,[等级18],[粉丝团 Lv14]
2026-05-20 12:38:56,3268212862487043,黑粉,嫂子好，我是我哥,[等级34],
2026-05-20 12:38:56,105150315815,火星皮皮大王,不过了，我要去垃圾桶捡垃圾了,[等级3],[粉丝团 Lv4]
2026-05-20 12:38:56,67936016602,黑风寨萧瑟(嗷呜~),520快乐520快乐520快乐,[等级29],[粉丝团 Lv15]
2026-05-20 12:38:56,95507451318,溪鱼,人越多.偷起来越爽,[等级17],[粉丝团 Lv10]
2026-05-20 12:38:57,111044341852,笑,还是这号是云南的,[等级18],
2026-05-20 12:38:59,104860100003,媛媛圆了,不会，只跳100个,[等级9],[粉丝团 Lv8]
2026-05-20 12:38:59,94781710862,小怡同学🎀,谁生日，我充点,[等级36],
2026-05-20 12:39:01,75293978048,洋洋得亿🎐,今天拜天地都行,[等级23],[粉丝团 Lv13]
2026-05-20 12:39:01,71126905166,抖音小肋手,生日得天天过[比心],[等级11],[粉丝团 Lv10]
2026-05-20 12:39:02,3723397241514860,欺侮老头,520快乐,,
2026-05-20 12:39:03,78974254017,^0^,520快乐,[等级14],[粉丝团 Lv13]
2026-05-20 12:39:05,61671323616,大宝贝（重生版）,520快乐,[等级26],[粉丝团 Lv12]
2026-05-20 12:39:05,77866038380,令狐冲,必须的过呀，咱这一天两次生日落一次都不行,[等级31],[粉丝团 Lv13]
2026-05-20 12:39:05,100839749060,给我一支烟,520快乐520快乐,[等级19],[粉丝团 Lv10]
2026-05-20 12:39:07,110157548541,᭄ཽ࿆谋芯♡渡♡红尘࿐,祝君雅生一百个儿子，刷起来[看][看],[等级16],[粉丝团 Lv10]
2026-05-20 12:39:07,104478392344,黑风寨,520快乐520快乐,[等级27],[粉丝团 Lv14]
2026-05-20 12:39:07,69561938359,米乐ོ,@叶叶叶 可以点头像AI送的,[等级23],[粉丝团 Lv13]
2026-05-20 12:39:08,106637476093,热心网友ق,今天不得跳酒店啊,[等级23],[粉丝团 Lv5]
2026-05-20 12:39:10,85958039602,星河🌌✨,主播昨晚相亲去了？,[等级23],[粉丝团 Lv5]
2026-05-20 12:39:11,94361138647,小小方,昨天你不该休息的，应该今天休息才对[捂脸][捂脸][捂脸],[等级29],
2026-05-20 12:39:15,92829047329,南丰,等你真的生日哪天，麻木了,[等级30],[粉丝团 Lv11]
2026-05-20 12:39:17,87243903052,辞川,今天晚上请个假，就不来看直播了[看],[等级24],[粉丝团 Lv11]
2026-05-20 12:39:19,94275226736,⛅彬,队友还不知道匹配到了什么样存在的队友[看],[等级30],[粉丝团 Lv15]
2026-05-20 12:39:20,111044341852,笑,你是云南的吗？还是这号是云南的？,[等级18],
2026-05-20 12:39:21,1988344566256366,酒哥哥🧍‍♂️,520快乐,[等级16],[粉丝团 Lv8]
2026-05-20 12:39:22,71722008394,🐉锁骨上的唇印🐉,你是天天过生日,[等级31],[粉丝团 Lv10]
2026-05-20 12:39:22,76709520672,轧尕有活,1号匹配过,[等级26],[粉丝团 Lv15]
2026-05-20 12:39:23,52492725862,haha,晚上过吧520快乐,[等级15],[粉丝团 Lv12]
2026-05-20 12:39:25,1930337263028792,惠州倾宠宠物店,主包昨天去谈恋爱了吗,[等级2],
2026-05-20 12:39:27,3337733140384413,大好银,。,[等级17],[粉丝团 Lv9]
2026-05-20 12:39:28,92470644873,ㅤ ㅤ望雪城,520快乐520快乐520快乐,[等级11],
2026-05-20 12:39:28,111044341852,笑,你是云南的吗？还是这号是云南的？,[等级18],
2026-05-20 12:39:30,99942086973,看你,520快乐,[等级31],[粉丝团 Lv11]
2026-05-20 12:39:32,103385914436,过好现在,。,[等级5],
2026-05-20 12:39:34,96556750285,啊瑞呀🧚‍♀️,大家一起帮爱播点点赞,[等级16],[粉丝团 Lv10]
2026-05-20 12:39:35,103094690102,🤟💖文文💖🤟,520快乐520快乐520快乐,[等级24],[粉丝团 Lv11]
2026-05-20 12:39:36,111044341852,笑,你是云南的吗？还是这号是云南的？,[等级18],
2026-05-20 12:39:39,96800023676,劉少,520快乐,[等级32],[粉丝团 Lv5]
2026-05-20 12:39:39,247862868838872,林曦,520快乐,[等级5],[粉丝团 Lv3]
2026-05-20 12:39:40,153585636880388,佳期如梦,@笑,,
2026-05-20 12:39:40,6491077858,Dovis.,520快乐,[等级12],[粉丝团 Lv12]
2026-05-20 12:39:40,94536624975,闫泰骐,晚上酒店等你……,[等级21],
2026-05-20 12:39:41,3767373176508492,茶言观舍🍵,520快乐,[等级4],
2026-05-20 12:39:41,104182473115,H、,520快乐,[等级9],[粉丝团 Lv11]
2026-05-20 12:39:43,247862868838872,林曦,520快乐,[等级5],[粉丝团 Lv3]
2026-05-20 12:39:43,55159220102,BWRZ（记录美好）,[发呆][发呆][发呆],[等级36],[粉丝团 Lv16]
2026-05-20 12:39:43,93316718195,Ciao,@笑 号云南,[等级2],
2026-05-20 12:39:43,7555382744055694394,雨清,可以,[等级11],[粉丝团 Lv10]
2026-05-20 12:39:43,93462625417,情情的小东哥哥,520快乐,[等级14],[粉丝团 Lv10]
2026-05-20 12:39:45,92533230586,舔包的小可爱儿,好,[等级13],[粉丝团 Lv9]
2026-05-20 12:39:45,96556750285,啊瑞呀🧚‍♀️,送我吧,[等级16],[粉丝团 Lv10]
2026-05-20 12:39:46,61439376363,稀罕老歌的王朋友,我晚上去酒店约个女朋友，看你直播,[等级21],[粉丝团 Lv10]
2026-05-20 12:39:46,111044341852,笑,你是云南的吗？还是这号是云南的？,[等级18],
2026-05-20 12:39:46,2287430138602391,唯一的执着,不要520快乐,[等级18],[粉丝团 Lv2]
2026-05-20 12:39:46,452620019045336,🍀、,我一个,[等级11],[粉丝团 Lv10]
2026-05-20 12:39:48,4200585207743172,I·,？,[等级11],[粉丝团 Lv4]
2026-05-20 12:39:48,93354993253,顺小丰,520快乐,[等级20],
2026-05-20 12:39:48,4111826559440468,爱哭鬼小烊,520快乐,[等级9],
2026-05-20 12:39:48,15836204762219,🧸ིྀ𝘀𝗼 𝘄𝗵𝗮𝘁ᥫᩣ༠,丝袜,[等级9],[粉丝团 Lv4]
2026-05-20 12:39:48,88516270218,孤独根号二,丝袜吗？,[等级19],
2026-05-20 12:39:48,107857989886,神奈川,丝袜？,[等级2],
2026-05-20 12:39:49,4314942171261396,KoKo,哈哈哈,[等级10],
2026-05-20 12:39:49,932830782428544,肖恩Sean,一人10双,[等级14],[粉丝团 Lv6]
2026-05-20 12:39:49,99209088779,秋月,520快乐520快乐520快乐,[等级9],[粉丝团 Lv11]
2026-05-20 12:39:50,98182000016,🌈We,520快乐,[等级28],
2026-05-20 12:39:50,91632243265,一起养条小鱼🐟,[看],[等级27],[粉丝团 Lv3]
2026-05-20 12:39:51,73262120614,慧子大人,520快乐,[等级14],[粉丝团 Lv12]
2026-05-20 12:39:52,60308358984,哆啦a梦,@笑 不是 她玩的粉丝的号,[等级26],[粉丝团 Lv14]
2026-05-20 12:39:53,93285422405,谁在唱歌谣,老黑不过520吗还开直播,[等级14],[粉丝团 Lv3]
2026-05-20 12:39:53,95696288772,今生有约笑妍,丝袜吗？,[等级27],[粉丝团 Lv3]
2026-05-20 12:39:53,96556750285,啊瑞呀🧚‍♀️,爱播，,[等级16],[粉丝团 Lv10]
2026-05-20 12:39:54,106629511529,大伟,520快乐,[等级26],[粉丝团 Lv11]
2026-05-20 12:39:54,7472245406539154491,Nuyoah.,哈哈哈  又送袜子,[等级12],[粉丝团 Lv9]
2026-05-20 12:39:54,102748821674,一张白纸,你就每人送一双呗，直播间每人送一双好了。,[等级17],[粉丝团 Lv8]
2026-05-20 12:39:54,85781734566,楠星,520快乐,[等级16],[粉丝团 Lv8]
2026-05-20 12:39:54,73262120614,慧子大人,520快乐,[等级14],[粉丝团 Lv12]
2026-05-20 12:39:54,93032827352,橘子味的汽水🍊,兄弟来了520快乐,[等级8],[粉丝团 Lv7]
2026-05-20 12:39:55,106637476093,热心网友ق,袜子穿了会臭脚吗,[等级23],[粉丝团 Lv5]
2026-05-20 12:39:56,108756856233,殷澍锴,主包昨天去钓鱼了吗,[等级4],[粉丝团 Lv3]
2026-05-20 12:39:56,96396285364,vv,。。,[等级11],[粉丝团 Lv1]
2026-05-20 12:39:56,3767373176508492,茶言观舍🍵,520快乐520快乐520快乐,[等级4],
2026-05-20 12:39:56,2628260758038107,予以⦁֊⦁꧞,520快乐520快乐520快乐,[等级24],
2026-05-20 12:39:56,4215957197431401,红桃♥️J,我想要,[等级9],[粉丝团 Lv10]
2026-05-20 12:39:57,101532476795,@小刚,520快乐,[等级30],
2026-05-20 12:39:58,1046374607756734,@你,我喜欢船袜,[等级27],[粉丝团 Lv11]
2026-05-20 12:39:58,59197600987,冬玥,好呀好呀,[等级13],[粉丝团 Lv11]
2026-05-20 12:39:58,103571886352,宇总,怎么送？？？？？？？？？？。。。。。。,[等级28],[粉丝团 Lv10]
2026-05-20 12:39:59,582102788084313,知进退，明得失,大热天的，谁穿袜子啊,[等级6],[粉丝团 Lv10]
2026-05-20 12:40:00,3485878793281240,何志坚,[捂脸],[等级34],[粉丝团 Lv11]
2026-05-20 12:40:00,101629850514,张老黑的飞哥⁵¹⁰⁷⁴,我不穿袜子，我要枸杞原浆[呲牙],[等级33],[粉丝团 Lv16]
2026-05-20 12:40:00,486447123275898,枚乘,扑总都不玩这号了，给老黑养号了[捂脸][捂脸][捂脸],[等级9],[粉丝团 Lv9]
2026-05-20 12:40:00,4358937121142893,小猪配骑,黑丝吗,[等级16],[粉丝团 Lv8]
2026-05-20 12:40:00,103623410647,Mr  Zᴳᵀ兜里只有叁拾,老黑 小心老不是黑丝我不要,[等级31],[粉丝团 Lv6]
2026-05-20 12:40:02,73262120614,慧子大人,520快乐,[等级14],[粉丝团 Lv12]
2026-05-20 12:40:02,74976693281,顺势_而为,丝袜吗,[等级10],[粉丝团 Lv10]
2026-05-20 12:40:04,106766578732,ঞ໊𝑭𝒊𝒏𝒐𝒔𝒉ﻬꦿ,520快乐,[等级13],[粉丝团 Lv12]
2026-05-20 12:40:04,4164554720018765,爱情给了你,我不需要,[等级12],[粉丝团 Lv7]
2026-05-20 12:40:04,4200585207743172,I·,热死了要袜子干嘛，广东只穿人字拖,[等级11],[粉丝团 Lv4]
2026-05-20 12:40:05,3408098413512419,心静自然,@笑 她没空回复号是,[等级30],[粉丝团 Lv11]
2026-05-20 12:40:06,71126905166,抖音小肋手,点粉丝团→一键送11个为你闪耀（陪伴之旅），完成后可多领很多很多亲密度→记得把星星都点开有亲密❤️❤,[等级11],[粉丝团 Lv10]
2026-05-20 12:40:06,73262120614,慧子大人,怎么送520快乐,[等级14],[粉丝团 Lv12]
2026-05-20 12:40:07,653537563642093,电器治疗师,听口音 主播应该是河南的,[等级11],
2026-05-20 12:40:07,106766578732,ঞ໊𝑭𝒊𝒏𝒐𝒔𝒉ﻬꦿ,520快乐520快乐520快乐,[等级13],[粉丝团 Lv12]
2026-05-20 12:40:10,7592149263305983013,江行云,送几个兄弟？,,
2026-05-20 12:40:14,92627248032,正在努力,必须是穿一个月不洗的,[等级7],[粉丝团 Lv2]
2026-05-20 12:40:14,94205687834,噗嗤,点开你的橱窗自己领吗,[等级34],
2026-05-20 12:40:14,72921091583,辻弎·˖✶肆月˻˳˯ₑ,送丝袜吗,[等级36],[粉丝团 Lv12]
2026-05-20 12:40:15,106766578732,ঞ໊𝑭𝒊𝒏𝒐𝒔𝒉ﻬꦿ,520快乐520快乐520快乐,[等级13],[粉丝团 Lv12]
2026-05-20 12:40:15,110487983863,都怪你隐身太清晰,红色袜子🧦吗？,[等级17],[粉丝团 Lv8]
2026-05-20 12:40:15,103571886352,宇总,怎么送？？？？？。。。。。。,[等级28],[粉丝团 Lv10]
2026-05-20 12:40:16,2395184081945055,忙里偷闲⁵¹⁰⁷⁴,点亮灯牌，点亮灯牌的各位帅哥美女，心想事成，一夜暴富[比心][比心][比心],[等级29],[粉丝团 Lv15]
2026-05-20 12:40:17,2606321827591091,啾,一人一只，包不会忘了你,[等级29],[粉丝团 Lv10]
2026-05-20 12:40:17,103233621903,🌈岁月有声🌈,我这些日子都赤着脚呢,[等级19],[粉丝团 Lv4]
2026-05-20 12:40:23,102365042776,伈刼,为了不让你失望，我取关又关注上,[等级3],[粉丝团 Lv6]
2026-05-20 12:40:26,59260357003,✨罗某某✨,@猫柠 晚上去招募队蹲,[等级18],[粉丝团 Lv11]
2026-05-20 12:40:26,103623410647,Mr  Zᴳᵀ兜里只有叁拾,老黑 不是黑丝我不要[捂脸],[等级31],[粉丝团 Lv6]
2026-05-20 12:40:30,107821510683,虚惊一场,看你跳了。就跟你跳了,[等级4],
2026-05-20 12:40:31,7472245406539154491,Nuyoah.,确实啊     1号匹配过,[等级12],[粉丝团 Lv9]
2026-05-20 12:40:33,2167891499160835,拈花·一笑,上把吃鸡了吗,[等级31],[粉丝团 Lv15]
2026-05-20 12:40:34,2578786379638842,黑化小狗,主播加油,[等级2],
2026-05-20 12:40:35,2344626333178080,夏风,[捂脸][捂脸][捂脸][捂脸],[等级26],[粉丝团 Lv10]
2026-05-20 12:40:38,99233070865,এꦿ᭄落落的憨憨ꦿ❁,老黑我没有袜子穿。,[等级6],[粉丝团 Lv6]
2026-05-20 12:40:42,88516270218,孤独根号二,送平板不行吗？[流泪],[等级19],
2026-05-20 12:40:43,100164520660,北沚,吃了,[等级10],
2026-05-20 12:40:44,74344821957,海~~~~,二号被打雀儿了,[等级11],
2026-05-20 12:40:45,71126905166,抖音小肋手,@张君雅的陛下⁵¹⁰⁷⁴ 谢谢老板,[等级11],[粉丝团 Lv10]
2026-05-20 12:40:48,2395184081945055,忙里偷闲⁵¹⁰⁷⁴,点亮灯牌，点亮灯牌的各位帅哥美女，心想事成，一夜暴富[比心][比心][比心],[等级29],[粉丝团 Lv15]
2026-05-20 12:40:48,2021319447952476,谨言,标题我都想好了，520张君雅亲自送给我的礼物,[等级6],[粉丝团 Lv4]
2026-05-20 12:40:50,73262120614,慧子大人,脸打肿了,[等级14],[粉丝团 Lv12]
2026-05-20 12:40:51,94185634741,攒宇,520快乐520快乐,[等级26],[粉丝团 Lv1]
2026-05-20 12:40:56,866032946527787,牛 二,老黑太敬业了520去拍拖,[等级25],[粉丝团 Lv15]
2026-05-20 12:40:59,3153822084251196,孤屿🌿,单4,[等级13],[粉丝团 Lv9]
2026-05-20 12:41:00,1757471093555306,歾,路匹的吗,[等级33],
2026-05-20 12:41:00,105622673029,王先生,两个大鸡腿队友,[等级12],[粉丝团 Lv12]
2026-05-20 12:41:02,3134071856970844,晚岑,为什么我的马进不了大仓，是因为我没皮肤吗？,[等级28],[粉丝团 Lv9]
2026-05-20 12:41:02,61940754171,木一三分,这个动画怎么这么快,[等级17],[粉丝团 Lv12]
2026-05-20 12:41:04,7612951911537198138,一条锦鲤游啊游～,光速陨落,[等级6],[粉丝团 Lv3]
2026-05-20 12:41:05,59890014480,w微🌈,520快乐,[等级14],[粉丝团 Lv11]
2026-05-20 12:41:06,4300887604074349,来好运,快跑,[等级20],[粉丝团 Lv12]
2026-05-20 12:41:06,109916500579,5888,赶紧跑路,[等级39],
2026-05-20 12:41:06,2623880804961359,￴ ￴ ￴ ￴ ￴ ￴快乐买断,@电器治疗师 顶那么大个IP看不见吗,[等级5],[粉丝团 Lv2]
2026-05-20 12:41:08,102469975321,✨名门⭐️,单人四排了！,[等级19],[粉丝团 Lv15]
2026-05-20 12:41:08,2896552179283347,月亮叫我睡觉觉丶,520快乐520快乐粉丝等级升13级了,[等级19],[粉丝团 Lv13]
2026-05-20 12:41:11,22415580083835,苹果,3个勇士,[等级18],
2026-05-20 12:41:14,82795769883,巡山小妖精,@笑 主播四川广元人。,[等级33],
2026-05-20 12:41:14,4162095481363833,mrtang,这下子是单人4排了,,
2026-05-20 12:41:18,1745661170297166,河边喂鱼的小哥,什么情况啥也看不见,[等级2],
2026-05-20 12:41:20,3615668854341518,相逢已是上上签,跑吧,,
2026-05-20 12:41:22,1458423511390539,脸红什么.,上把吃鸡了吗,[等级10],[粉丝团 Lv11]
2026-05-20 12:41:23,103358665061,@初心伴风雨,[捂脸][捂脸][捂脸],[等级32],
2026-05-20 12:41:26,1022991848191452,炸毛🐸,你这俩队友，比菜园子蛙宝还难带哈哈,[等级15],[粉丝团 Lv8]
2026-05-20 12:41:27,64353801820,嗯嗯嗯。,三个勇士没了,[等级43],[粉丝团 Lv16]
2026-05-20 12:41:29,1344016871068905,弥安,@昨夜和风 不相信可以不看呀,[等级25],[粉丝团 Lv10]
2026-05-20 12:41:30,3664003065714740,学会沉默888,[捂脸],[等级16],[粉丝团 Lv12]
2026-05-20 12:41:30,1420996635792391,张老黑的好大儿,[捂脸][捂脸][捂脸],[等级24],[粉丝团 Lv12]
2026-05-20 12:41:30,64197226920,✨蔻楠丶,[捂脸],[等级19],[粉丝团 Lv10]
2026-05-20 12:41:31,71566022714,怪野.,光速单四,[等级7],
2026-05-20 12:41:31,3485878793281240,何志坚,[捂脸],[等级34],[粉丝团 Lv11]
2026-05-20 12:41:31,73884262548,可乐,@晚岑 来一个房车都能进 你怀疑下你的手,[等级31],[粉丝团 Lv4]
2026-05-20 12:41:31,96491112356,、等风,细节,[等级24],[粉丝团 Lv12]
2026-05-20 12:41:32,110419324222,☞★兜里就五十★☜,队友要骂你了,[等级17],[粉丝团 Lv12]
2026-05-20 12:41:32,101277257606,风的影子🧸,[捂脸][捂脸][捂脸][捂脸],[等级42],[粉丝团 Lv11]
2026-05-20 12:41:33,211520333286456,叁水、,[捂脸],[等级22],[粉丝团 Lv4]
2026-05-20 12:41:33,63416229807,风沙迷了眼⁵¹⁰⁷⁴,[捂脸][捂脸][捂脸][捂脸],[等级21],[粉丝团 Lv15]
2026-05-20 12:41:33,7443467011387458618,骨阿夫特嫩,[捂脸][捂脸][捂脸],[等级29],
2026-05-20 12:41:33,1596103458032451,Flechazo,报仇,[等级5],
2026-05-20 12:41:33,716523334534366,哇呜💋,哈哈哈哈哈,[等级15],[粉丝团 Lv12]
2026-05-20 12:41:33,2546077208152651,我昰一怾鱼,[笑哭][笑哭][笑哭],[等级28],[粉丝团 Lv4]
2026-05-20 12:41:33,110927558985,听风,队友享福去了,[等级25],[粉丝团 Lv9]
2026-05-20 12:41:34,66672197795,過客,[捂脸][捂脸][捂脸],[等级34],[粉丝团 Lv8]
2026-05-20 12:41:35,80086573239,佛爷,520快乐,[等级19],[粉丝团 Lv11]
2026-05-20 12:41:35,2201666492307559,慕容皓轩@,中午好[666],[等级16],[粉丝团 Lv11]
2026-05-20 12:41:36,2651616005591635,八方来财超强版,哈哈哈哈哈哈哈哈哈哈哈哈细节,[等级11],
2026-05-20 12:41:36,75737713936,ﾍ😌ﾍ工商财务,[捂脸],[等级15],[粉丝团 Lv12]
2026-05-20 12:41:36,63127570683,失控键盘,哈哈哈哈哈[捂脸],[等级23],[粉丝团 Lv11]
2026-05-20 12:41:36,91632243265,一起养条小鱼🐟,掉大分,[等级27],[粉丝团 Lv3]
2026-05-20 12:41:38,1248666993843848,若曼,哈哈哈,[等级10],
2026-05-20 12:41:38,2395184081945055,忙里偷闲⁵¹⁰⁷⁴,[捂脸][捂脸],[等级29],[粉丝团 Lv15]
2026-05-20 12:41:39,1596103458032451,Flechazo,别怂,[等级5],
2026-05-20 12:41:40,101132873138,唐 僧,就这样卖了,[等级32],
2026-05-20 12:41:41,84099880563,小A,细节闭麦,[等级18],[粉丝团 Lv6]
2026-05-20 12:41:41,2546077208152651,我昰一怾鱼,哈哈哈，你真有趣,[等级28],[粉丝团 Lv4]
2026-05-20 12:41:42,2478777911229499,卡哇伊ฅฅ*,主播你的网速为什么不是稳定20[看],[等级13],
2026-05-20 12:41:42,2999058628875395,ʕ •ᴥ•ʔ,咋想的跳这么晚还落g港,[等级16],
2026-05-20 12:41:43,82711215178,喂妮锁心,[捂脸][捂脸][捂脸],[等级3],[粉丝团 Lv6]
2026-05-20 12:41:43,7501224406791734332,耶耶牌小鲨鱼.,太细节了,,
2026-05-20 12:41:45,98706591019,五四三,520,,
2026-05-20 12:41:45,71126905166,抖音小肋手,@辻弎(晋级赛) 谢谢老板,[等级11],[粉丝团 Lv10]
2026-05-20 12:41:45,3969687847442474,小W,单人四排战神局现在开始520快乐,[等级14],[粉丝团 Lv10]
2026-05-20 12:41:46,97381000803,哈密瓜炒油条,哈哈哈哈哈,[等级3],
2026-05-20 12:41:47,1226681822751486,大仙儿的日常,哈哈,[等级17],[粉丝团 Lv4]
2026-05-20 12:41:47,67435424949,巴山夜雨,系列闭麦[捂脸],[等级11],[粉丝团 Lv4]
2026-05-20 12:41:49,96395406876893,K*,必迈保姆,,
2026-05-20 12:41:50,1455350881721268,弋🍓🍓,没办法 队友落太晚了[看],[等级13],[粉丝团 Lv12]
2026-05-20 12:41:51,100313663814,༺TIME༻,送手机，平板吧，爱播[看],[等级15],[粉丝团 Lv12]
2026-05-20 12:41:53,416078596676955,我靠看手机就是,哈哈哈哈,[等级11],[粉丝团 Lv11]
2026-05-20 12:41:53,60125675703,小刘同学,卖队友了,[等级12],
2026-05-20 12:41:54,3361669743913258,信命,下班飞机,,
2026-05-20 12:41:54,91502590619,这滴纯色的雨 ̳,主播来送车了,[等级4],[粉丝团 Lv2]
2026-05-20 12:41:55,3308876489563194,时间的朋友,还不如直接打单四,,
2026-05-20 12:41:55,67435424949,巴山夜雨,细节闭麦,[等级11],[粉丝团 Lv4]
2026-05-20 12:41:55,7612951911537198138,一条锦鲤游啊游～,勇士冲锋一波，然后全军覆没了,[等级6],[粉丝团 Lv3]
2026-05-20 12:41:57,1512542077459805,记得晒太阳,细节闭麦,[等级18],[粉丝团 Lv9]
2026-05-20 12:41:57,1838847804575764,老农民A1,队友客气了[捂脸][捂脸][捂脸][捂脸],[等级33],[粉丝团 Lv15]
2026-05-20 12:41:58,3047482674388180,菜场在逃肥鸡,上把2号来了,[等级20],[粉丝团 Lv9]
2026-05-20 12:41:58,97130996926,诺宝儿,啥玩意队友不救,[等级3],
2026-05-20 12:42:01,2141446715747582,魏大呆,[捂脸][捂脸][捂脸],[等级15],[粉丝团 Lv11]
2026-05-20 12:42:01,2008152259705040,汉、歼的审判者,@辻弎(晋级赛) [抱抱你][抱抱你][抱抱你],[等级15],[粉丝团 Lv12]
2026-05-20 12:42:01,96771054112,可 乐、,520快乐520快乐520快乐,[等级13],
2026-05-20 12:42:03,103571886352,宇总,你跑啥啊？？？？？？,[等级28],[粉丝团 Lv10]
2026-05-20 12:42:04,1733297090883171,OK谢谢,对自己没有一个清晰的认知,[等级16],[粉丝团 Lv3]
2026-05-20 12:42:04,94528758464,二叔,主播 用的那款平板,[等级18],[粉丝团 Lv1]
2026-05-20 12:42:04,1838838104734926,花匠小马,@辻弎(晋级赛) 保护费哈哈,[等级34],[粉丝团 Lv15]
2026-05-20 12:42:04,100250134080,凯,@辻弎(晋级赛) 感谢队友,[等级19],[粉丝团 Lv15]
2026-05-20 12:42:04,94621081467,雨踏歌行.,@辻弎(晋级赛) 没必要送这么大礼物，谢谢主播[赞],[等级20],[粉丝团 Lv15]
2026-05-20 12:42:05,7549456355062170681,还没想好~,你咋这么开心呢[捂脸],,
2026-05-20 12:42:07,1640887381135000,夏天,1V全世界开始,[等级11],[粉丝团 Lv5]
2026-05-20 12:42:08,2395184081945055,忙里偷闲⁵¹⁰⁷⁴,@辻弎(晋级赛) ❤️💐❤️感谢老板，老板大气，喝茶🍵🍵🍵,[等级29],[粉丝团 Lv15]
2026-05-20 12:42:09,1843253547119533,一生不变,要唱再见了扑哥  我爱你,[等级12],
2026-05-20 12:42:10,3615668854341518,相逢已是上上签,这几队友菜还挺刚,,
2026-05-20 12:42:10,1706877317552119,杰 森,去灭了他们报仇,[等级22],
2026-05-20 12:42:12,1292653461243646,天暮红尘,唱的不错[赞][赞][赞][鼓掌],[等级8],
2026-05-20 12:42:13,704136490530894,武汉市新洲区丽桦超市,张君雅唱歌好听,[等级12],
2026-05-20 12:42:13,3122234497437248,梁全其美,你还不如单人四排,[等级15],[粉丝团 Lv10]
2026-05-20 12:42:14,2141446715747582,魏大呆,[捂脸][捂脸][捂脸][捂脸][捂脸][捂脸],[等级15],[粉丝团 Lv11]
2026-05-20 12:42:18,109920079885,黄金珍奶巧克力,我來了,[等级20],
2026-05-20 12:42:19,2276465768933529,摸鱼,队友落地成盒[捂脸],[等级27],
2026-05-20 12:42:20,94528758464,二叔,主播用的那款平板,[等级18],[粉丝团 Lv1]
2026-05-20 12:42:24,3134071856970844,晚岑,那种绿色的仓，也能进吗,[等级28],[粉丝团 Lv9]
2026-05-20 12:42:24,67886922244,海棠花叁柒,会唱月亮船的多大了！,[等级22],
2026-05-20 12:42:25,60743243189,浅夏🌿,辻弎送了跑车吗,[等级12],[粉丝团 Lv10]
2026-05-20 12:42:26,109920079885,黄金珍奶巧克力,[举手][举手],[等级20],
2026-05-20 12:42:26,106766578732,ঞ໊𝑭𝒊𝒏𝒐𝒔𝒉ﻬꦿ,520快乐520快乐520快乐,[等级13],[粉丝团 Lv12]
2026-05-20 12:42:28,111077793822,🕊良田🕊,我要丝袜，老黑[捂脸][捂脸][捂脸][捂脸][捂脸],[等级19],[粉丝团 Lv10]
2026-05-20 12:42:29,3369346016745140,🌈逆影🌈,[疑问],[等级20],[粉丝团 Lv15]
2026-05-20 12:42:30,60990985705,爱啃骨头的多多妹,不能请假,[等级6],
2026-05-20 12:42:30,92806068236,真的，来了,生日  要高歌一曲,[等级18],[粉丝团 Lv8]
2026-05-20 12:42:31,1403437902477944,勇者无畏,没人,[等级7],
2026-05-20 12:42:33,3924625831239065,出了名的坏,生日快乐雅姐,[等级8],
2026-05-20 12:42:33,4300887604074349,来好运,你哪天不生日？,[等级20],[粉丝团 Lv12]
2026-05-20 12:42:35,967165156005101,凭着皧,不可能,[等级19],
2026-05-20 12:42:35,7472245406539154491,Nuyoah.,所以生日到底什么时候,[等级12],[粉丝团 Lv9]
2026-05-20 12:42:35,55159220102,BWRZ（记录美好）,拒绝,[等级36],[粉丝团 Lv16]
2026-05-20 12:42:36,60990985705,爱啃骨头的多多妹,我们陪你一起过,[等级6],
2026-05-20 12:42:37,2172229561625960,好嗨哟,瞬间溶化[捂脸]跟我一样昨天把把落地成盒,[等级25],[粉丝团 Lv13]
2026-05-20 12:42:37,100496213802,迪士尼在逃司机,不批,[等级19],
2026-05-20 12:42:38,101926859943,折.,不批,[等级12],[粉丝团 Lv11]
2026-05-20 12:42:39,94528758464,二叔,主播用的那款平板,[等级18],[粉丝团 Lv1]
2026-05-20 12:42:39,1684045287654680,当幸福来敲门,驳回,,
2026-05-20 12:42:40,2546077208152651,我昰一怾鱼,以后不能说过生日了，改为过大寿,[等级28],[粉丝团 Lv4]
2026-05-20 12:42:40,794292584977896,ℳℒℴѵℯ·李·ꦿ໊ོ⁵²⁰@,请假万万不行的,[等级3],[粉丝团 Lv6]
2026-05-20 12:42:42,93945398316,56次日落,什么你要送我丝袜,[等级22],[粉丝团 Lv5]
2026-05-20 12:42:43,1877615703246221,梦千年,怎么又只剩下老黑了[捂脸],[等级4],[粉丝团 Lv4]
2026-05-20 12:42:43,92168032155,时光♡,520不约会，我都要请假,[等级18],
2026-05-20 12:42:43,68555270095,迃幵,不能请假,[等级14],[粉丝团 Lv10]
2026-05-20 12:42:45,66278085504,宋朝的宋,去吧，我就不用买送礼物,[等级14],[粉丝团 Lv6]
2026-05-20 12:42:45,100033294483,嫑啰嗦,请假不批,[等级7],
2026-05-20 12:42:45,109203281670,理由,520了，你还在直播呢,[等级6],
2026-05-20 12:42:46,96771054112,可 乐、,带上粉丝一起过不就好了,[等级13],
2026-05-20 12:42:46,102469975321,✨名门⭐️,@脸红什么. 吃了,[等级19],[粉丝团 Lv15]
2026-05-20 12:42:48,94781710862,小怡同学🎀,啥袜子？丝袜我就要，今晚穿,[等级36],
2026-05-20 12:42:49,103106480192,🌈听风吟何处,真正生日？你还有真正生日？,[等级31],[粉丝团 Lv11]
2026-05-20 12:42:49,75182859077,积极向上,过生日请假不行,[等级15],
2026-05-20 12:42:50,497404843918919,耗子,不同意,[等级40],[粉丝团 Lv10]
2026-05-20 12:42:50,111550443932,as,你过生日，我想和你一起过生日，甜蜜双倍[捂脸],[等级19],[粉丝团 Lv1]
2026-05-20 12:42:51,2176678918884108,蠹闇,什么时候请假啊,[等级12],[粉丝团 Lv10]
2026-05-20 12:42:51,55159220102,BWRZ（记录美好）,说这话当天送了我枸杞[大笑][偷笑][大笑][偷笑][大笑][偷笑][大笑][偷笑],[等级36],[粉丝团 Lv16]
2026-05-20 12:42:53,92168032155,时光♡,我下午休半天,[等级18],
2026-05-20 12:42:54,3806921995598505,90后宝宝,520遇到生日,[等级3],
2026-05-20 12:42:55,2984502456237699,汪汪小汪,我要你的签名照,[等级32],[粉丝团 Lv15]
2026-05-20 12:42:57,55159220102,BWRZ（记录美好）,还行吧[看],[等级36],[粉丝团 Lv16]
2026-05-20 12:42:59,1322064223941683,8888,[捂脸][捂脸][捂脸],[等级18],[粉丝团 Lv2]
2026-05-20 12:42:59,3134071856970844,晚岑,我咋一个没见到,[等级28],[粉丝团 Lv9]
2026-05-20 12:43:00,99164244309,梅州永发二手车行曾善人,快去报仇,[等级14],
2026-05-20 12:43:03,94621081467,雨踏歌行.,@辻弎(晋级赛) 一分钟延迟,[等级20],[粉丝团 Lv15]
2026-05-20 12:43:03,52819219261,多放辣椒不要辣,鸭鸭怎么不过520啊,[等级11],
2026-05-20 12:43:04,7352270236118385726,神秘人,批准你今天偷人,,
2026-05-20 12:43:08,73788338935,街风微凉、,卫生纸？,[等级22],[粉丝团 Lv11]
2026-05-20 12:43:09,72787064272,叶叶叶,耳机外放声音很大啊,[等级11],[粉丝团 Lv11]
2026-05-20 12:43:12,4221762087166973,拒绝刘亦菲18402次,生日我网贷个嘉年华给你,[等级4],[粉丝团 Lv2]
2026-05-20 12:43:16,4164567745964686,帕·拉,朴总来成都了？,[等级26],[粉丝团 Lv11]
2026-05-20 12:43:17,2694269431188284,🌈一个句号🃏,1,[等级14],[粉丝团 Lv8]
2026-05-20 12:43:18,1415768448701549,上不了岸的猫🐱,@小怡同学🎀 丝袜找深情[看][看][看],[等级26],[粉丝团 Lv15]
2026-05-20 12:43:19,3614795100602148,纔書學淺,[捂脸],[等级14],
2026-05-20 12:43:19,95839514888,电力哥,小雪你在哪？,[等级13],
2026-05-20 12:43:22,98211015545,金浅浅～,[捂脸],[等级14],[粉丝团 Lv12]
2026-05-20 12:43:22,63416229807,风沙迷了眼⁵¹⁰⁷⁴,[捂脸][捂脸][捂脸][捂脸],[等级21],[粉丝团 Lv15]
2026-05-20 12:43:23,81699732283,王公子,老黑你没有男朋友吗？520都还在打工？,[等级31],
2026-05-20 12:43:24,65767160127,琬渝,哈哈哈哈,[等级21],[粉丝团 Lv13]
2026-05-20 12:43:24,110853008719,！,[捂脸][捂脸],[等级26],
2026-05-20 12:43:24,3367119101376588,又赢了,卫生纸留着自己用,[等级4],[粉丝团 Lv5]
2026-05-20 12:43:24,90118263319,振兴卷闸门批发,还送黑丝袜不,[等级5],
2026-05-20 12:43:26,105995130455,纆,[捂脸],[等级37],[粉丝团 Lv6]
2026-05-20 12:43:26,1838847804575764,老农民A1,[捂脸][捂脸][捂脸][捂脸],[等级33],[粉丝团 Lv15]
2026-05-20 12:43:27,3369346016745140,🌈逆影🌈,[撇嘴][撇嘴],[等级20],[粉丝团 Lv15]
2026-05-20 12:43:28,2594487345887303,我有一个梦＊＊,[呲牙][呲牙],[等级12],[粉丝团 Lv11]
2026-05-20 12:43:28,52518192704,小标标,快跑，我们来捉你了,[等级22],
2026-05-20 12:43:29,92873683975,㞮孞.🍁,就我一个人卡么,[等级5],
2026-05-20 12:43:29,3201400732915024,(*๓誓言๓)♡,你都不和队友一起打，你还玩什么四排,[等级3],
2026-05-20 12:43:30,101277257606,风的影子🧸,他会碎[捂脸],[等级42],[粉丝团 Lv11]
2026-05-20 12:43:30,110895971722,一个人挺好…👿,局哥不是35吗[呲牙][呲牙],[等级24],[粉丝团 Lv9]
2026-05-20 12:43:32,67117759546,仔健,晋级赛什么价格,[等级10],
2026-05-20 12:43:32,95507451318,溪鱼,因为局哥老碎,[等级17],[粉丝团 Lv10]
2026-05-20 12:43:33,102469975321,✨名门⭐️,@辻弎(晋级赛) 一路长虹[比心][比心],[等级19],[粉丝团 Lv15]
2026-05-20 12:43:34,105622673029,王先生,肥水不流外人田[呲牙],[等级12],[粉丝团 Lv12]
2026-05-20 12:43:34,1996322562904823,努力加油,昨天怎么没播啊,[等级11],[粉丝团 Lv2]
2026-05-20 12:43:36,4410845128828888,地狱小魔,局哥有口碑[看],[等级25],[粉丝团 Lv11]
2026-05-20 12:43:37,53463059062,行了别说了,局哥咱老熟人了,[等级17],[粉丝团 Lv11]
2026-05-20 12:43:39,55159220102,BWRZ（记录美好）,确实,[等级36],[粉丝团 Lv16]
2026-05-20 12:43:39,3795156287621927,拾欢,[捂脸],[等级15],[粉丝团 Lv13]
2026-05-20 12:43:40,68237756614,陈山野🌈🌈🌈🌈,[捂脸][捂脸],[等级15],[粉丝团 Lv8]
2026-05-20 12:43:40,62906879658,BURKE丨伯克,猫局菜得很,[等级19],[粉丝团 Lv13]
2026-05-20 12:43:41,61772282639,🦄潇洒的茂茂哥💋,[尬笑][奸笑],[等级32],[粉丝团 Lv11]
2026-05-20 12:43:41,64197226920,✨蔻楠丶,[捂脸][捂脸],[等级19],[粉丝团 Lv10]
2026-05-20 12:43:42,2207416305857560,晨'、⁹⁹⁹⁹⁹,[捂脸],[等级39],[粉丝团 Lv11]
2026-05-20 12:43:43,101138818359,小鱼,[捂脸][捂脸][捂脸],[等级34],[粉丝团 Lv15]
2026-05-20 12:43:43,97217883865,尭💫,[捂脸][捂脸][捂脸][捂脸],[等级22],[粉丝团 Lv8]
2026-05-20 12:43:43,3118673983446733,丨,确实,[等级28],[粉丝团 Lv11]
2026-05-20 12:43:44,101706110019,梦语,笑死了,[等级7],
2026-05-20 12:43:46,94185634741,攒宇,局哥打晋级赛送战神 哈哈哈,[等级26],[粉丝团 Lv1]
2026-05-20 12:43:48,72629173721,华尔街_小朋友,[捂脸],[等级20],[粉丝团 Lv14]
2026-05-20 12:43:49,91776987650,抱紧琴琴.,哈哈哈哈哈哈哈,[等级11],[粉丝团 Lv10]
2026-05-20 12:43:49,110853008719,！,[捂脸],[等级26],
2026-05-20 12:43:50,105604353038,笙,又一个赛季了吗？,[等级13],[粉丝团 Lv10]
2026-05-20 12:43:50,94528758464,二叔,主播用的那款平板,[等级18],[粉丝团 Lv1]
2026-05-20 12:43:51,73705968949,廣龍叁石¹⁹⁸⁸,[捂脸][捂脸][捂脸],[等级17],[粉丝团 Lv6]
2026-05-20 12:43:51,66772468877,满满金,哈哈哈哈,[等级15],[粉丝团 Lv11]
2026-05-20 12:43:53,91776987650,抱紧琴琴.,[捂脸][捂脸][捂脸],[等级11],[粉丝团 Lv10]
2026-05-20 12:43:53,94621081467,雨踏歌行.,[捂脸][捂脸][捂脸][捂脸],[等级20],[粉丝团 Lv15]
2026-05-20 12:43:54,796511354230749,故事到头终是悲,520快乐,[等级26],[粉丝团 Lv11]
2026-05-20 12:43:55,3047482674388180,菜场在逃肥鸡,没绷住,[等级20],[粉丝团 Lv9]
2026-05-20 12:43:55,4057678191534580,随风去流浪,菊哥,[等级7],[粉丝团 Lv4]
2026-05-20 12:43:55,95507451318,溪鱼,局哥能从3⭐打到20⭐,[等级17],[粉丝团 Lv10]
2026-05-20 12:43:57,88516270218,孤独根号二,你呢,[等级19],
2026-05-20 12:43:57,97217883865,尭💫,你真会夸人,[等级22],[粉丝团 Lv8]
2026-05-20 12:43:57,2207416305857560,晨'、⁹⁹⁹⁹⁹,夸得很好，下次别夸了,[等级39],[粉丝团 Lv11]
2026-05-20 12:43:58,93422851182,宗乐曼,[捂脸][捂脸][捂脸],[等级4],
2026-05-20 12:43:58,59592157521,安静的飞,哪些点晋级赛,[等级26],
2026-05-20 12:43:58,3483722863356863,隔山海与你相见,单四是吧,[等级16],
2026-05-20 12:43:58,2170912010143284,Yeri.,哈哈哈哈哈,[等级15],[粉丝团 Lv10]
2026-05-20 12:43:59,92039175346,江湖是灰多,520祝大家天天开心，煮播越来越火[鼓掌][鼓掌],[等级27],
2026-05-20 12:44:01,2395184081945055,忙里偷闲⁵¹⁰⁷⁴,[捂脸][捂脸],[等级29],[粉丝团 Lv15]
2026-05-20 12:44:03,1843253547119533,一生不变,你送个手机给我吧  我每天看你打游戏  手机都快看坏了520快乐,[等级12],
2026-05-20 12:44:03,99393356410,吃不了一点香菜,[捂脸],[等级26],[粉丝团 Lv12]
2026-05-20 12:44:05,3664003065714740,学会沉默888,520快乐,[等级16],[粉丝团 Lv12]
2026-05-20 12:44:05,1838838104734926,花匠小马,局哥性价比高,[等级34],[粉丝团 Lv15]
2026-05-20 12:44:05,2201666492307559,慕容皓轩@,猫局昨晚吃连鸡[赞],[等级16],[粉丝团 Lv11]
2026-05-20 12:44:05,103623410647,Mr  Zᴳᵀ兜里只有叁拾,怎么 卷上了？,[等级31],[粉丝团 Lv6]
2026-05-20 12:44:06,101629850514,张老黑的飞哥⁵¹⁰⁷⁴,局哥晋级赛打半个月。。,[等级33],[粉丝团 Lv16]
2026-05-20 12:44:07,69742604573,雾里看晨曦,局哥打晋级赛啥价格啊,[等级26],[粉丝团 Lv13]
2026-05-20 12:44:09,1179112570360141,万一🌞 เสรีภาพ 🌻,局哥是不确定因素[捂脸],[等级6],
2026-05-20 12:44:09,871252277603774,天涯,这么骂人,[等级18],[粉丝团 Lv4]
2026-05-20 12:44:09,100250134080,凯,猫局晋级赛能打一个赛季[捂脸],[等级19],[粉丝团 Lv15]
2026-05-20 12:44:10,94205687834,噗嗤,第二点局哥打麻将送你,[等级34],
2026-05-20 12:44:11,97175061477,刚好五个字,局哥晋级赛，赛季初打到赛季结束[捂脸],[等级31],[粉丝团 Lv2]
2026-05-20 12:44:12,67230493244,喜爱晚风,你刚把我们打死了,[等级4],
2026-05-20 12:44:13,57616449945095,噢耶,三个队友这么快就陨落了[捂脸],[等级10],[粉丝团 Lv5]
2026-05-20 12:44:14,111177217836,华华,局哥说，听我说谢谢你,[等级2],
2026-05-20 12:44:16,110895971722,一个人挺好…👿,@溪鱼 但是晋级赛还没过[捂脸][捂脸],[等级24],[粉丝团 Lv9]
2026-05-20 12:44:17,77231644562,壹生输赢、全靠拼,猫局昨晚发财了，打赏金赛了,[等级12],
2026-05-20 12:44:19,75973715306,暮然回首,小猫也在预约接下赛季的单,[等级35],[粉丝团 Lv6]
2026-05-20 12:44:23,2885580247795767,星河,局哥昨天老肥了,[等级2],[粉丝团 Lv5]
2026-05-20 12:44:24,51920382281,娱乐圈 ☞杰少☜,局哥竞级赛长KD，耗时间[呲牙],[等级16],[粉丝团 Lv11]
2026-05-20 12:44:27,99104203827,别来无恙@,局听见是不是很气,[等级17],
2026-05-20 12:44:30,106659299883,笑游书影,那个自带婴儿肥的女孩是你吗？,[等级5],[粉丝团 Lv3]
2026-05-20 12:44:31,67535712021,如何采摘大勋花？,想让爱播破产啊，还送手机平板,[等级9],[粉丝团 Lv10]
2026-05-20 12:44:42,97607107805,🌈小豆芽🌈,雅姐上战神多少米,[等级12],
2026-05-20 12:44:48,4503658257446344,🥐cornetto,@如何采摘大勋花？ 你要不要？,[等级41],[粉丝团 Lv7]
2026-05-20 12:44:49,110853008719,！,晋级赛送战神 局哥独一份[捂脸],[等级26],
2026-05-20 12:44:49,2172229561625960,好嗨哟,局哥从梦中醒来,[等级25],[粉丝团 Lv13]
2026-05-20 12:44:49,7635925886759601211,A为生活苦寻富婆,和上把2号撞车了,,
2026-05-20 12:44:50,99522832734,是有点蔡⁵¹⁰⁷⁴,绝世是几星开始打，我前面两个都过了勒,[等级32],[粉丝团 Lv16]
2026-05-20 12:44:51,85518980416,🌟葳蕤（weirui),啊，又剩自己了,[等级17],[粉丝团 Lv9]
2026-05-20 12:44:51,2804230544166137,不梵,我上次找局哥打个卓越晋级赛 到赛季末还给我送个战神,[等级24],
2026-05-20 12:44:52,1249472131631320,6✔,君雅我爱你,[等级3],
2026-05-20 12:44:52,110527293027,【柳哥】,来火力车抓了你[呲牙][呲牙][呲牙],[等级27],[粉丝团 Lv12]
2026-05-20 12:44:53,70388848694,💋妞妞姐姐（宠小白版）,一眨眼队友全嘎了？,[等级45],[粉丝团:张君雅 Lv20]
2026-05-20 12:45:05,94528758464,二叔,主播用的那款平板,[等级18],[粉丝团 Lv1]
2026-05-20 12:45:06,101629850514,张老黑的飞哥⁵¹⁰⁷⁴,@不梵 不会吧。。,[等级33],[粉丝团 Lv16]
2026-05-20 12:45:07,68278570215,🌟锦霄🌟,@笑游书影 八十多斤能肥哪去,[等级19],[粉丝团 Lv14]
2026-05-20 12:45:12,98683947939,这个人很懒,局哥昨晚起飞了，一晚上吃饱饱的,[等级2],[粉丝团 Lv2]
2026-05-20 12:45:15,98838697960,良,队友祭天法力无边,[等级14],[粉丝团 Lv7]
2026-05-20 12:45:15,97700580160,YANGⁱ· 𓆩♡𓆪,咋玩成单四了嘞,[等级20],
2026-05-20 12:45:16,3913913666903720,太阳☀,刚才谁说局哥晋级赛可以3星打到20星？给我笑喷了[捂脸][捂脸][捂脸],[等级41],[粉丝团 Lv13]
2026-05-20 12:45:16,71052094484,꧁💞时光不᭄ᩚ꯭ᩚ语꧂,昨晚休息好了吧张君雅520快乐,,
2026-05-20 12:45:18,71126905166,抖音小肋手,@💋妞妞姐姐（宠小白版） 开局没几分钟就嘎啦,[等级11],[粉丝团 Lv10]
2026-05-20 12:45:20,2419370855769710,随便逛逛,@💋妞妞姐姐（宠小白版） 队友落地成盒了,[等级17],[粉丝团 Lv7]
2026-05-20 12:45:21,835228061934319,🌴9527,[666][666][666]520快乐,[等级22],[粉丝团 Lv10]
2026-05-20 12:45:22,600767341014696,小福星🍬,我就上个楼,[等级26],[粉丝团 Lv8]
2026-05-20 12:45:26,1640107378216685,哈哈啊,找局哥相当于找了雅姐    两个帮忙上分太赚了,[等级5],[粉丝团 Lv2]
2026-05-20 12:45:27,85008024779,分手半夜偷偷用烟头把前任烫成斑点狗,单四吗,[等级24],
2026-05-20 12:45:27,93552824380,歪,看似给局哥拉业务，实则阴阳了一波局哥[捂脸][捂脸][捂脸],[等级15],[粉丝团 Lv5]
2026-05-20 12:45:31,1456169111790891,隔壁老王,榜4在p岗[看],[等级16],[粉丝团 Lv7]
2026-05-20 12:45:35,1750060580245351,孤傲何妨,@BURKE丨伯克 比你也菜吗？,[等级17],
2026-05-20 12:45:36,448245226810199,OnlyYou↔,猫局昨天三把p90，p90子弹，ads多的捡不下,[等级12],[粉丝团 Lv10]
2026-05-20 12:45:38,55159220102,BWRZ（记录美好）,[发呆][发呆],[等级36],[粉丝团 Lv16]
2026-05-20 12:45:39,2963896547673278,W…,那天一穿四你没给我们屎打出来，直到我刷到视频我才知道原来是你啊,[等级9],
2026-05-20 12:45:47,3369346016745140,🌈逆影🌈,[疑问],[等级20],[粉丝团 Lv15]
2026-05-20 12:45:52,103855297526,我只在乎你，,主播你卖什么东西呢？,[等级14],[粉丝团 Lv2]
2026-05-20 12:45:57,2984502456237699,汪汪小汪,什么,[等级32],[粉丝团 Lv15]
2026-05-20 12:45:57,600767341014696,小福星🍬,找打金店,[等级26],[粉丝团 Lv8]
2026-05-20 12:46:00,71550468385,雨洛洛c,局哥 昨晚都吃吐了[捂脸],[等级24],[粉丝团 Lv7]
2026-05-20 12:46:03,53463059062,行了别说了,克制是什么,[等级17],[粉丝团 Lv11]
2026-05-20 12:46:04,101629850514,张老黑的飞哥⁵¹⁰⁷⁴,给我们也送个金手链[呲牙],[等级33],[粉丝团 Lv16]
2026-05-20 12:46:04,67522461839,呱唧呱唧,银手镯,[等级10],
2026-05-20 12:46:06,18748583386,旺旺是只猫,金的啊,[等级13],[粉丝团 Lv10]
2026-05-20 12:46:06,3593651276484189,菟丝子,我们这里有一家金店，耳环单买都可以,[等级8],[粉丝团 Lv9]
2026-05-20 12:46:06,2984502456237699,汪汪小汪,要送金手链,[等级32],[粉丝团 Lv15]
2026-05-20 12:46:06,3353971938057257,oi—,要送我金手链了吗,[等级13],
2026-05-20 12:46:10,3047482674388180,菜场在逃肥鸡,@隔壁老王 又撞一局了吗,[等级20],[粉丝团 Lv9]
2026-05-20 12:46:13,81823565887268,Yí,@行了别说了 刻字..,[等级20],[粉丝团 Lv9]
2026-05-20 12:46:14,7498182928544482364,深渊,还不打架吗,,
2026-05-20 12:46:14,1987506198559598,岁岁年ༀ,@我只在乎你， 主播卖袜子的 副业打吃鸡,[等级14],[粉丝团 Lv14]
2026-05-20 12:46:14,94621081467,雨踏歌行.,@小福星🍬 你赶紧把粉丝灯牌升到20级，就给你上管理,[等级20],[粉丝团 Lv15]
2026-05-20 12:46:15,3593651276484189,菟丝子,推荐给你不？,[等级8],[粉丝团 Lv9]
2026-05-20 12:46:18,93552824380,歪,局哥梦中惊醒[捂脸][捂脸][捂脸],[等级15],[粉丝团 Lv5]
2026-05-20 12:46:19,72599065285,池,找打金店打一个,[等级16],[粉丝团 Lv9]
2026-05-20 12:46:19,82304826156,旧人序,还没偷到人啊,[等级7],[粉丝团 Lv6]
2026-05-20 12:46:19,96708051595,@R,张老黑昨天干啥去了,[等级23],
2026-05-20 12:46:19,3670626095342793,满载而归626,666,[等级5],[粉丝团 Lv10]
2026-05-20 12:46:20,103959649399,涵,@行了别说了 刻字哈哈哈笑死我了[看],[等级8],[粉丝团 Lv2]
2026-05-20 12:46:20,2104898545518395,会跑的鱼,？,[等级11],[粉丝团 Lv11]
2026-05-20 12:46:21,92806068236,真的，来了,又做老六,[等级18],[粉丝团 Lv8]
2026-05-20 12:46:21,1456169111790891,隔壁老王,好像是的,[等级16],[粉丝团 Lv7]
2026-05-20 12:46:22,2377570401131560,薇薇,四川阿尤黄金做定制的,[等级10],[粉丝团 Lv10]
2026-05-20 12:46:23,600767341014696,小福星🍬,找有口碑的打金店,[等级26],[粉丝团 Lv8]
2026-05-20 12:46:23,104478392344,黑风寨,@行了别说了 克字,[等级27],[粉丝团 Lv14]
2026-05-20 12:46:25,1093354181100637,Gᴗo_ᥫᩣ,怼友送去了[捂脸],[等级15],[粉丝团 Lv12]
2026-05-20 12:46:25,7498182928544482364,深渊,什么时候打架啊,,
2026-05-20 12:46:26,71074166083,乔巴,@菜场在逃肥鸡 没有,[等级34],[粉丝团 Lv11]
2026-05-20 12:46:26,70388848694,💋妞妞姐姐（宠小白版）,520快乐,[等级45],[粉丝团:张君雅 Lv20]
2026-05-20 12:46:26,50994395662,Z.x.y,送金条吗,[等级30],[粉丝团 Lv13]
2026-05-20 12:46:28,71052094484,꧁💞时光不᭄ᩚ꯭ᩚ语꧂,520快乐520快乐520快递,,
2026-05-20 12:46:30,3175868363977623,洋  仔⁸⁰⁰⁸,@我只在乎你， 主播和五菱一样，你需要啥，她就卖啥,[等级21],[粉丝团:张君雅 Lv12]
2026-05-20 12:46:31,3711552190417088,TiAom·,@扑,[等级15],[粉丝团 Lv10]
2026-05-20 12:46:38,110527293027,【柳哥】,队友喜欢做飞机[呲牙],[等级27],[粉丝团 Lv12]
2026-05-20 12:46:38,64706263991,大舌头黄金哥,找我,[等级13],
2026-05-20 12:46:39,2395184081945055,忙里偷闲⁵¹⁰⁷⁴,点亮灯牌，点亮灯牌的各位帅哥美女，心想事成，一夜暴富[比心][比心][比心],[等级29],[粉丝团 Lv15]
2026-05-20 12:46:40,97608742493,福铭轩,[赞][赞][赞],[等级12],[粉丝团 Lv7]
2026-05-20 12:46:40,416078596676955,我靠看手机就是,不锈钢的也可以航空材料[看][看],[等级11],[粉丝团 Lv11]
2026-05-20 12:46:44,2315996835879043,散落在森林,老黑   队友呢,[等级25],
2026-05-20 12:46:46,198387679363463,用户2761909653015,哎,,
2026-05-20 12:46:46,3663228569664605,天空无云,@汪汪小汪 20级灯牌的都有,[等级15],[粉丝团 Lv11]
2026-05-20 12:46:47,111438249801,吴哈妮,@不梵 多少钱,[等级20],[粉丝团 Lv11]
2026-05-20 12:46:50,2546077208152651,我昰一怾鱼,[看][看],[等级28],[粉丝团 Lv4]
2026-05-20 12:46:50,96708051595,@R,张老黑，昨天干啥去了,[等级23],
2026-05-20 12:47:01,2537315597563134,烽行天下,自己刻啊，又不难，最多字丑一点但是更有纪念意义,[等级12],[粉丝团 Lv3]
2026-05-20 12:47:03,97700580160,YANGⁱ· 𓆩♡𓆪,作为大主包不应该联名反馈一下么[捂脸][捂脸][捂脸][捂脸],[等级20],
2026-05-20 12:47:04,4162095481363833,mrtang,不锈钢也可以飞上天,,
2026-05-20 12:47:09,72769479516,帽衫🎀,@小方 别看了，你学不会,[等级28],[粉丝团 Lv8]
2026-05-20 12:47:11,68116579208,虹宇,[鼓掌],[等级25],[粉丝团 Lv11]
2026-05-20 12:47:11,200580296878250,ο▬▬▬◙▅▅▆▆▆▆◤千,我的游戏号。就暴338,[等级7],[粉丝团 Lv10]
2026-05-20 12:47:11,870415869414376,一口伍個蛋撻,不用叫他，直接说需求就可以了,[等级3],[粉丝团 Lv2]
2026-05-20 12:47:12,55159220102,BWRZ（记录美好）,[大笑][偷笑][大笑][偷笑]说现实,[等级36],[粉丝团 Lv16]
2026-05-20 12:47:15,4503658257446344,🥐cornetto,不要太离谱送金条也说得出来,[等级41],[粉丝团 Lv7]
2026-05-20 12:47:35,96434476460,0X,抓你来了,[等级20],[粉丝团 Lv11]
2026-05-20 12:47:35,4204167339183175,旧林,咋了都睡觉了就你跑着,[等级13],[粉丝团 Lv10]
2026-05-20 12:47:36,109336122589,♛,我来找你了,[等级7],
2026-05-20 12:47:36,1257437656002798,某某.,好久没见憨憨了,[等级34],[粉丝团:张君雅 Lv16]
2026-05-20 12:47:36,61675733503,草儿,你队友呢,[等级22],[粉丝团 Lv10]
2026-05-20 12:47:40,58541144231,CHENZIJIA,准备好，我们来抓你了,[等级29],
2026-05-20 12:47:43,101926859943,折.,跑,[等级12],[粉丝团 Lv11]
2026-05-20 12:47:45,66624217824,᭄自由ঞৣঁ如风᭄🍻,有人要抓你[黄脸干杯],[等级14],[粉丝团 Lv6]
2026-05-20 12:47:47,102469975321,✨名门⭐️,@🥐cornetto 你二十级也送你,[等级19],[粉丝团 Lv15]
2026-05-20 12:47:47,835228061934319,🌴9527,你单排都有万人[666],[等级22],[粉丝团 Lv10]
2026-05-20 12:47:48,772310691219482,• 圆形壮士 •,刚进来，队友呢？,[等级17],[粉丝团 Lv10]
2026-05-20 12:47:48,109336122589,♛,别跑啊,[等级7],
2026-05-20 12:47:51,3019706919560468,佛系猜呀,许愿火力车[捂脸],[等级2],
2026-05-20 12:47:52,6792828321,丞檬关照,现在老猫咋回事呢？中午不打？,[等级7],[粉丝团 Lv3]
2026-05-20 12:47:54,104600621959,戒心,单人四排,[等级26],[粉丝团 Lv8]
2026-05-20 12:47:54,73788338935,街风微凉、,@菟丝子 哪里不可以呢,[等级22],[粉丝团 Lv11]
2026-05-20 12:47:58,6792828321,丞檬关照,现在老猫咋回事呢？中午不打？,[等级7],[粉丝团 Lv3]
2026-05-20 12:47:58,7627125469138486321,豆门永存-拼豆DIY官方号,宝宝我居然刷到你了,,
2026-05-20 12:47:58,2852545963233776,肖,我的号不怎么玩，把把爆金都是338[捂脸],[等级31],[粉丝团 Lv1]
2026-05-20 12:48:00,1838838104734926,花匠小马,不是才滚滚吗,[等级34],[粉丝团 Lv15]
2026-05-20 12:48:01,58541144231,CHENZIJIA,从下城开过来了,[等级29],
2026-05-20 12:48:08,102748821674,一张白纸,啥也不说了，先来100个赞。,[等级17],[粉丝团 Lv8]
2026-05-20 12:48:10,1887202058704740,再回首,那只肥猫呢？,[等级5],
2026-05-20 12:48:10,50994395662,Z.x.y,[呲牙],[等级30],[粉丝团 Lv13]
2026-05-20 12:48:13,65008922355,🌈浮夸.,灯牌16级送丝袜麽。,[等级27],[粉丝团 Lv6]
2026-05-20 12:48:14,96434476460,0X,喂马,[等级20],[粉丝团 Lv11]
2026-05-20 12:48:15,2207416305857560,晨'、⁹⁹⁹⁹⁹,大金链？游泳浮起来的那种嘛[看],[等级39],[粉丝团 Lv11]
2026-05-20 12:48:19,96434476460,0X,黑～,[等级20],[粉丝团 Lv11]
2026-05-20 12:48:20,4503658257446344,🥐cornetto,@✨名门⭐️ 二十级这辈子不可能了吧下辈子努力,[等级41],[粉丝团 Lv7]
2026-05-20 12:48:20,109336122589,♛,[捂脸][捂脸][捂脸],[等级7],
2026-05-20 12:48:23,63416229807,风沙迷了眼⁵¹⁰⁷⁴,@豆门永存-拼豆DIY官方号 她在你家拼到几点？,[等级21],[粉丝团 Lv15]
2026-05-20 12:48:25,66446438256,🐮🐰,这什么声音？,[等级10],[粉丝团 Lv8]
2026-05-20 12:48:31,68990608858,夏雨天,不用点开，按着图标就行,[等级14],[粉丝团 Lv1]
2026-05-20 12:48:32,110895971722,一个人挺好…👿,@🥐cornetto 你可以的,[等级24],[粉丝团 Lv9]
2026-05-20 12:48:39,7627125469138486321,豆门永存-拼豆DIY官方号,@风沙迷了眼⁵¹⁰⁷⁴ 九点半哈哈哈哈哈,,
2026-05-20 12:48:40,3134071856970844,晚岑,我也能打竞技赛，一次包过，不过不要钱[戳手手],[等级28],[粉丝团 Lv9]
2026-05-20 12:48:41,492211527221389,小方,@帽衫🎀 别看了，你学不会,[等级3],
2026-05-20 12:48:43,68184771978,羊羊洋,@ㅤㅤㅤㅤㅤㅤㅤㅤ有一次我被炸了，狗竟然逃跑了,[等级9],[粉丝团 Lv4]
2026-05-20 12:48:43,102469975321,✨名门⭐️,@🥐cornetto 你有实力！,[等级19],[粉丝团 Lv15]
2026-05-20 12:48:43,864683815340756,_14,队友怎么享福了,[等级1],
2026-05-20 12:48:45,2682417113732205,用户2167024760296,来个车摇你才好看,[等级11],
2026-05-20 12:48:45,3578286479250196,劉浪漢,@CHENZIJIA 去抓，别在直播间装,[等级36],
2026-05-20 12:48:47,7612951911537198138,一条锦鲤游啊游～,抓老黑只要往她附近丢个10颗烟，她就掉帧卡住了,[等级6],[粉丝团 Lv3]
2026-05-20 12:48:47,1257437656002798,某某.,@豆门永存-拼豆DIY官方号 她昨晚拼到几点,[等级34],[粉丝团:张君雅 Lv16]
2026-05-20 12:48:57,94621081467,雨踏歌行.,@豆门永存-拼豆DIY官方号 来啦[捂脸],[等级20],[粉丝团 Lv15]
2026-05-20 12:48:57,71074166083,乔巴,从老黑10万粉的时候开始关注，现在都100多w了，真的是感慨万千，时间过得真快,[等级34],[粉丝团 Lv11]
2026-05-20 12:49:00,102748821674,一张白纸,一不小心点了200多个。,[等级17],[粉丝团 Lv8]
2026-05-20 12:49:03,106625268262,Run,[捂脸][捂脸],[等级20],[粉丝团 Lv11]
2026-05-20 12:49:07,2772306648634416,黯竹,[捂脸][捂脸][捂脸],[等级6],[粉丝团 Lv4]
2026-05-20 12:49:07,71074166083,乔巴,等老黑你200粉了我去宝马4s店选一辆宝马X5，到时候我联系你，你直接过来帮我付了就行,[等级34],[粉丝团 Lv11]
2026-05-20 12:49:09,63416229807,风沙迷了眼⁵¹⁰⁷⁴,@豆门永存-拼豆DIY官方号 我们爱播是不是很温柔[捂脸][捂脸][捂脸],[等级21],[粉丝团 Lv15]
2026-05-20 12:49:10,1143912657593479,千鱼baby🩵,[捂脸][捂脸][捂脸],[等级6],[粉丝团 Lv3]
2026-05-20 12:49:11,7627125469138486321,豆门永存-拼豆DIY官方号,这大数据绝了,,
2026-05-20 12:49:11,71361809725,老三i,[捂脸],[等级25],[粉丝团 Lv5]
2026-05-20 12:49:12,55159220102,BWRZ（记录美好）,窥屏你要被骂了 那我就不管了,[等级36],[粉丝团 Lv16]
2026-05-20 12:49:13,3315721617551160,爱咂烟的小伙,[捂脸][捂脸][捂脸],[等级15],[粉丝团 Lv11]
2026-05-20 12:49:13,73815652891,十里邮信,兄弟们能祝福我第一个作品吗,[等级1],
2026-05-20 12:49:13,6965023697,云开日出,520快乐520快乐520快乐,[等级9],[粉丝团 Lv7]
2026-05-20 12:49:13,202762060829027,逆风望海,来了,[等级18],[粉丝团 Lv10]
2026-05-20 12:49:14,2629659676384440,东北小土豆,是啥,[等级15],[粉丝团 Lv8]
2026-05-20 12:49:15,3143595301,懒洋洋,[捂脸][捂脸][捂脸],[等级26],[粉丝团 Lv12]
2026-05-20 12:49:16,97470731648,肖大大,幼稚,[等级7],[粉丝团 Lv9]
2026-05-20 12:49:16,1785232439382558,抖音小白1v4,宝宝。我能来跟你切磋吗宝宝,[等级30],
2026-05-20 12:49:16,3485878793281240,何志坚,[捂脸],[等级34],[粉丝团 Lv11]
2026-05-20 12:49:17,522988573440222,隐客,快抓张老黑,[等级2],[粉丝团 Lv2]
2026-05-20 12:49:18,95912281798,逮狗滴,我就抓你,[等级25],
2026-05-20 12:49:18,2141446715747582,魏大呆,[捂脸][捂脸][捂脸][捂脸][捂脸],[等级15],[粉丝团 Lv11]
2026-05-20 12:49:18,85018837708,柱哥⁸⁰⁰⁸,@乔巴 你不经常看吧,[等级31],[粉丝团 Lv14]
2026-05-20 12:49:19,200580296878250,ο▬▬▬◙▅▅▆▆▆▆◤千,[捂脸][捂脸][捂脸][捂脸][捂脸][捂脸],[等级7],[粉丝团 Lv10]
2026-05-20 12:49:21,429251041166969,爱一生,还有一个房间没收,[等级12],[粉丝团 Lv7]
2026-05-20 12:49:22,6965023697,云开日出,[捂脸][捂脸][捂脸],[等级9],[粉丝团 Lv7]
2026-05-20 12:49:22,2772306648634416,黯竹,没猫局吗[捂脸][捂脸][捂脸],[等级6],[粉丝团 Lv4]
2026-05-20 12:49:22,4174211742971615,哦我,压力[看],[等级17],
2026-05-20 12:49:22,1504611799144190,青衫忆旧,[捂脸][捂脸][捂脸],[等级27],[粉丝团 Lv15]
2026-05-20 12:49:23,92806068236,真的，来了,自言自语,[等级18],[粉丝团 Lv8]
2026-05-20 12:49:23,73815652891,十里邮信,兄弟们能祝福我第一个作品吗,[等级1],
2026-05-20 12:49:24,101808958385,陆辰,[捂脸][捂脸][捂脸],[等级26],[粉丝团 Lv11]
2026-05-20 12:49:25,110832656825,墓乐,来抓你了,[等级25],
2026-05-20 12:49:26,99393356410,吃不了一点香菜,[捂脸],[等级26],[粉丝团 Lv12]
2026-05-20 12:49:27,53874644845,寒暮疏桐·景行,我们过来了,[等级9],[粉丝团 Lv4]
2026-05-20 12:49:27,76786388221,🌈 海龍_,[捂脸][捂脸],[等级24],[粉丝团 Lv11]
2026-05-20 12:49:28,94621081467,雨踏歌行.,@豆门永存-拼豆DIY官方号 昨晚你帮她拼到几点？拼好没？？[捂脸],[等级20],[粉丝团 Lv15]
2026-05-20 12:49:29,3993045835454862,南墙,老黑，哥哥来喽别怕,[等级18],[粉丝团 Lv10]
2026-05-20 12:49:29,101795391933,坦然面对,1v4,[等级18],[粉丝团 Lv2]
2026-05-20 12:49:31,2233857253318910,暖阳亦会发光,不可能,,
2026-05-20 12:49:32,73815652891,十里邮信,兄弟们能祝福我第一个作品吗,[等级1],
2026-05-20 12:49:33,2008152259705040,汉、歼的审判者,@风偏偏 [抱抱你][抱抱你][抱抱你],[等级15],[粉丝团 Lv12]
2026-05-20 12:49:33,3485878793281240,何志坚,来了 快跑,[等级34],[粉丝团 Lv11]
2026-05-20 12:49:37,2141446715747582,魏大呆,[捂脸][捂脸][捂脸][捂脸],[等级15],[粉丝团 Lv11]
2026-05-20 12:49:37,6965023697,云开日出,姐们要战斗520快乐,[等级9],[粉丝团 Lv7]
2026-05-20 12:49:39,2144464706746779,远航。。。,5000+我也要窥屏,[等级3],
2026-05-20 12:49:41,93413901575,郑容和89,@豆门永存-拼豆DIY官方号 昨天老黑拼到几点,[等级21],[粉丝团 Lv14]
2026-05-20 12:49:43,4164567745964686,帕·拉,有没有组队找老黑的一起啊,[等级26],[粉丝团 Lv11]
2026-05-20 12:49:43,72481359806,歲歲金安,娘们要战斗[赞][赞][赞],[等级16],
2026-05-20 12:49:43,2610672600100236,半醉半醒,是不是看到队友倒了又跑路了[看],[等级3],[粉丝团 Lv4]
2026-05-20 12:49:43,110577836566,唯一,520快乐,[等级11],[粉丝团 Lv12]
2026-05-20 12:49:45,1837986884623047,笑看红尘醉幽梦,又自己玩上了,[等级26],[粉丝团 Lv11]
2026-05-20 12:49:46,111177217836,华华,你自言自语干啥呀，,[等级2],
2026-05-20 12:49:46,3378144954030583,用户726,主播你是几几年开始直播的,[等级7],[粉丝团 Lv7]
2026-05-20 12:49:47,64315258448,🌈大王,我直接反弹你不是炸了吗[看],[等级16],[粉丝团 Lv9]
2026-05-20 12:49:48,69558179738,可乐加糖🍬,跟你追摇过来了,[等级11],
2026-05-20 12:49:51,1887202058704740,再回首,张老黑现在算是和平一姐了吧,[等级5],
2026-05-20 12:49:52,2405352915604974,ꦻꦼ  大叔 🍂࿐,不抓你，在你的必经之路等你[捂脸][捂脸],[等级32],[粉丝团 Lv11]
2026-05-20 12:49:57,3325339061984544,小布爱剪辑,上把的队友在你前面没多远,[等级21],
2026-05-20 12:49:58,1838838104734926,花匠小马,我的1150天,[等级34],[粉丝团 Lv15]
2026-05-20 12:49:58,71074166083,乔巴,@柱哥⁸⁰⁰⁸ 不经常看，东看一下西看一下,[等级34],[粉丝团 Lv11]
2026-05-20 12:49:59,2192877032585164,追风,小蛋糕520快乐,[等级14],[粉丝团 Lv2]
2026-05-20 12:50:03,101629850514,张老黑的飞哥⁵¹⁰⁷⁴,@豆门永存-拼豆DIY官方号 你不是昨晚帮她拼图的老板娘吧[呲牙][呲牙][呲牙][呲牙],[等级33],[粉丝团 Lv16]
2026-05-20 12:50:09,83151173454603,随遇安-,@再回首 对,[等级8],
2026-05-20 12:50:12,4446867558767646,小屿（战神/晋级赛）,打开麦克风不会卡声音,[等级21],
2026-05-20 12:50:12,100884477787,赌鬼,好卡,[等级2],
2026-05-20 12:50:14,85018837708,柱哥⁸⁰⁰⁸,@乔巴 看的出来,[等级31],[粉丝团 Lv14]
2026-05-20 12:50:14,95949654322,龚成虎,能给我刚发的作品点点赞么[比心],[等级27],[粉丝团 Lv4]
2026-05-20 12:50:14,1135133621748335,暗龍,来抓人的节奏太慢了吧，就这节奏你们也是来送人头,[等级14],[粉丝团 Lv1]
2026-05-20 12:50:16,24102618114,人生不过些许年,昨晚猫局一个人玩3把P90还有2把复合弓。[看][看][看],[等级7],[粉丝团 Lv1]
2026-05-20 12:50:21,60386121261,恬、十七,@乔巴 从老黄瓜选拔徒弟开始关注的,[等级14],[粉丝团 Lv10]
2026-05-20 12:50:43,64315258448,🌈大王,1,[等级16],[粉丝团 Lv9]
2026-05-20 12:50:49,109881104951,372923,打倒张君雅[捂脸][捂脸][捂脸][捂脸][捂脸],[等级3],
2026-05-20 12:50:51,4095004677257551,胡汉三又回来了,昨晚局哥1v4是吃鸡,[等级4],[粉丝团 Lv2]
2026-05-20 12:50:55,2772306648634416,黯竹,[捂脸][捂脸][捂脸],[等级6],[粉丝团 Lv4]
2026-05-20 12:50:57,96934797510,可尚美甲美睫,咋不搜宝箱,[等级19],
2026-05-20 12:50:58,94621081467,雨踏歌行.,我加团1127天了才,[等级20],[粉丝团 Lv15]
2026-05-20 12:51:02,105995130455,纆,你要的太多了[捂脸][捂脸],[等级37],[粉丝团 Lv6]
2026-05-20 12:51:03,3063679425977592,陈多余,根本没听懂,[等级34],
2026-05-20 12:51:05,108756856233,殷澍锴,不要搜了，赶紧打架吧，干翻整个海岛,[等级4],[粉丝团 Lv3]
2026-05-20 12:51:05,87537697860,X🇨🇳,老黑，直接长按狗头的图标发指令就行了，不用打开说。[捂脸][捂脸],[等级15],[粉丝团 Lv10]
2026-05-20 12:51:05,61675733503,草儿,这波贪了,[等级22],[粉丝团 Lv10]
2026-05-20 12:51:11,97175061477,刚好五个字,捡个手枪，冲锋枪快括装手枪上,[等级31],[粉丝团 Lv2]
2026-05-20 12:51:14,1257437656002798,某某.,没你家狗的型号咋办,[等级34],[粉丝团:张君雅 Lv16]
2026-05-20 12:51:16,55159220102,BWRZ（记录美好）,你在后面配声音吗[捂脸][捂脸],[等级36],[粉丝团 Lv16]
2026-05-20 12:51:21,3853110172199261,吃点猫耳朵,直接长按狗头也可以对话[举手],[等级10],[粉丝团 Lv9]
2026-05-20 12:51:22,3134071856970844,晚岑,听说19年就开始播了？,[等级28],[粉丝团 Lv9]
2026-05-20 12:51:22,2772306648634416,黯竹,对，有让猫直播的[捂脸][捂脸][捂脸],[等级6],[粉丝团 Lv4]
2026-05-20 12:51:25,53463059062,行了别说了,背个摄像头,[等级17],[粉丝团 Lv11]
2026-05-20 12:51:26,646161190361448,暗影狂花,二哈是个买主人的好手,[等级22],[粉丝团 Lv7]
2026-05-20 12:51:27,66446438256,🐮🐰,看到过,[等级10],[粉丝团 Lv8]
2026-05-20 12:51:28,4410845128828888,地狱小魔,我也刷到过[看],[等级25],[粉丝团 Lv11]
2026-05-20 12:51:28,92829047329,南丰,对套个色相头,[等级30],[粉丝团 Lv11]
2026-05-20 12:51:28,99548245107,Felix,好想法,[等级19],[粉丝团 Lv11]
2026-05-20 12:51:29,2752776078632967,飞飞飞,哈哈看过,[等级25],[粉丝团 Lv10]
2026-05-20 12:51:33,72875984918,明.Abe,有了猫局还要狗局……,[等级13],
2026-05-20 12:51:35,69864891397,횽,你说的猫局？,[等级15],[粉丝团 Lv5]
2026-05-20 12:51:36,98440317010,黑猫警长0.0,看你直播10年了,[等级26],
2026-05-20 12:51:36,63876786079,₁₉₉₆ -⁰³_⁰⁸ ✹,主人上班，自己直播那个猫猫哈,[等级20],[粉丝团 Lv8]
2026-05-20 12:51:36,111580051099,秋风,猫局吗,[等级12],
2026-05-20 12:51:36,70841787770,嗨🔥嗨🔥嗨,让狗找啊[捂脸],[等级25],[粉丝团 Lv8]
2026-05-20 12:51:36,101629850514,张老黑的飞哥⁵¹⁰⁷⁴,@晚岑 19年在虎牙吧,[等级33],[粉丝团 Lv16]
2026-05-20 12:51:40,92712352259,Destin,看过了,[等级12],[粉丝团 Lv11]
2026-05-20 12:51:40,1900427196767240,元霸,窥屏的跟本抓不了好吧，等他们过去主播早就换位置了，延时一分钟除非主播不动[抠鼻],[等级14],[粉丝团 Lv7]
2026-05-20 12:51:40,71074166083,乔巴,入团605天[抠鼻]也有一年多了,[等级34],[粉丝团 Lv11]
2026-05-20 12:51:40,72875984918,明.Abe,朝三暮四,[等级13],
2026-05-20 12:51:40,1838838104734926,花匠小马,@晚岑 LOL吗,[等级34],[粉丝团 Lv15]
2026-05-20 12:51:42,73788338935,街风微凉、,天天和你打,[等级22],[粉丝团 Lv11]
2026-05-20 12:51:43,101277257606,风的影子🧸,你不是养的小鸡么哪有狗,[等级42],[粉丝团 Lv11]
2026-05-20 12:51:44,7572914980963681329,平凡老己,原来是张老黑你在看猫直播,[等级27],[粉丝团 Lv11]
2026-05-20 12:51:44,989987016546867,！,就剩你一个了呀？,[等级12],
2026-05-20 12:51:45,73884262548,可乐,抗毒主播吗[捂脸],[等级31],[粉丝团 Lv4]
2026-05-20 12:51:46,101433453786,憨包快乐精灵（梦想实现）,我昨天还刷到猫直播和白猫打架,[等级31],[粉丝团 Lv12]
2026-05-20 12:51:48,87537697860,X🇨🇳,老黑，直接长按狗头图标就可以发指令[捂脸][捂脸],[等级15],[粉丝团 Lv10]
2026-05-20 12:51:49,2722013630699155,做足疗的小伙,找钥匙,[等级16],[粉丝团 Lv11]
2026-05-20 12:51:50,1055949186665544,🌈好运降林同学,密室🔑,[等级9],[粉丝团 Lv6]
2026-05-20 12:51:51,102640646395,先知大哥哥,女神节日快乐,[等级11],[粉丝团 Lv8]
2026-05-20 12:51:51,1093354181100637,Gᴗo_ᥫᩣ,搜密室钥匙啊,[等级15],[粉丝团 Lv12]
2026-05-20 12:51:54,989987016546867,！,去打架啊,[等级12],
2026-05-20 12:51:58,71052094484,꧁💞时光不᭄ᩚ꯭ᩚ语꧂,520快乐,,
2026-05-20 12:52:00,59593010027,张再宇,下饭局,[等级26],[粉丝团 Lv8]
2026-05-20 12:52:00,1257437656002798,某某.,@风的影子🧸 养了一只很大的松狮,[等级34],[粉丝团:张君雅 Lv16]
2026-05-20 12:52:01,2735210901028664,海不曾怀疑夏的蓝,刚来有没有吵架,[等级5],
2026-05-20 12:52:02,96613901638,王桂涛,狗死了能复活吗？,[等级7],[粉丝团 Lv2]
2026-05-20 12:52:05,2147787863754313,和平,自己打不了吗,,
2026-05-20 12:52:13,7472245406539154491,Nuyoah.,搜密室🔑,[等级12],[粉丝团 Lv9]
2026-05-20 12:52:16,704157560092615,时光待我如旅人,哦呵，你队友呢[呲牙][呲牙],[等级26],[粉丝团 Lv4]
2026-05-20 12:52:18,85018837708,柱哥⁸⁰⁰⁸,张君雅真名叫什么[抠鼻],[等级31],[粉丝团 Lv14]
2026-05-20 12:52:20,110952861321,元,@王桂涛 可以  有段cd,[等级25],
2026-05-20 12:52:21,3913913666903720,太阳☀,是啊，猫戴个摄像头到处跑直播，都能赚钱[赞],[等级41],[粉丝团 Lv13]
2026-05-20 12:52:21,101277257606,风的影子🧸,@某某. 哦哦，没看她发过,[等级42],[粉丝团 Lv11]
2026-05-20 12:52:24,4468879230241195,我在边界,昨天猫局在这里挨追了,[等级13],[粉丝团 Lv4]
2026-05-20 12:52:24,4503693182104936,林俊杰810327,520快乐,[等级18],[粉丝团 Lv9]
2026-05-20 12:52:27,71126905166,抖音小肋手,挑战榜下面👇滑动[爱心]大家看直播能免费[爱心][爱心]给主播君雅充能，涨涨流量[比心][比心][比,[等级11],[粉丝团 Lv10]
2026-05-20 12:52:28,72875984918,明.Abe,钥匙,[等级13],
2026-05-20 12:52:31,4432834332736103,行走的蜗牛,[尬笑][尬笑]你让狗直播[尬笑]万一它在路上吃屎咋办,[等级15],
2026-05-20 12:52:33,94621081467,雨踏歌行.,狗就是自救器啊,[等级20],[粉丝团 Lv15]
2026-05-20 12:52:33,111146517621,亿金,你是真能搜,[等级9],
2026-05-20 12:52:34,118363425610868,★ · 十月冬羊．,这就是过河牛拐棍,[等级22],[粉丝团 Lv15]
2026-05-20 12:52:37,96634064560,鲸落～,海岛悍匪张君雅,[等级6],
2026-05-20 12:52:40,99522832734,是有点蔡⁵¹⁰⁷⁴,其实有，你说要退它，它不找,[等级32],[粉丝团 Lv16]
2026-05-20 12:52:40,86580358314,🌈船长,怎么又孤军奋战了,[等级19],[粉丝团 Lv3]
2026-05-20 12:52:45,7511731403504239675,曹不问ꦿ,有人,,
2026-05-20 12:52:45,1594742886378459,许我之一🍒,宝宝，你在看吗？,[等级17],
2026-05-20 12:52:46,3868508238129723,不玩王者,既要又要,[等级10],
2026-05-20 12:52:51,102469975321,✨名门⭐️,@柱哥⁸⁰⁰⁸ 老粉丝呀！不知道？[看][看],[等级19],[粉丝团 Lv15]
2026-05-20 12:52:54,1594742886378459,许我之一🍒,[捂脸]我来了,[等级17],
2026-05-20 12:52:58,92803003327966,🚢🚀🚀🚀,这打法，你要做女版鲨鱼吗？,[等级4],[粉丝团 Lv4]
2026-05-20 12:53:02,68367131714,1742,宝宝我在看,[等级20],[粉丝团 Lv9]
2026-05-20 12:53:04,1594742886378459,许我之一🍒,@⊙∪⊙,[等级17],
2026-05-20 12:53:08,106847114359,北幕ssica,黑哥我来了,[等级21],[粉丝团 Lv6]
2026-05-20 12:53:09,100604901107,戳命三千达文西,在电脑上玩的吗,[等级13],
2026-05-20 12:53:09,2147787863754313,和平,跑半张图搜东西啊,,
2026-05-20 12:53:12,96714804652,🌈PB🌈,打开队伍语音模式就好,[等级16],[粉丝团 Lv10]
2026-05-20 12:53:13,85018837708,柱哥⁸⁰⁰⁸,@✨名门⭐️ [看][看][看]我看看谁知道,[等级31],[粉丝团 Lv14]
2026-05-20 12:53:14,2053525191527566,眼神非神,这是挑战0杀吃鸡吗[捂脸],[等级11],
2026-05-20 12:53:15,109336122589,♛,我来喽小蛋糕,[等级7],
2026-05-20 12:53:15,2840777449813048,乔然,昨晚上  猫局吃多了吃一晚上鸡[尬笑][尬笑][尬笑],[等级36],[粉丝团 Lv4]
2026-05-20 12:53:21,110954789211,我是鱼宝呀,雅雅我爱你[色],[等级11],[粉丝团 Lv10]
2026-05-20 12:53:22,85018837708,柱哥⁸⁰⁰⁸,@✨名门⭐️ 就你一个知道,[等级31],[粉丝团 Lv14]
2026-05-20 12:53:22,3474921318017325,1个嘉,应该是自救器,[等级10],
2026-05-20 12:53:25,1093354181100637,Gᴗo_ᥫᩣ,搜除颤仪呢？,[等级15],[粉丝团 Lv12]
2026-05-20 12:53:25,738503928327902,VV侠,0杀还不是淘汰王吗？,[等级6],
2026-05-20 12:53:27,1398998223038224,命运,昨天偷懒了,[等级24],
2026-05-20 12:53:31,7572914980963681329,平凡老己,给主播点点赞,[等级27],[粉丝团 Lv11]
2026-05-20 12:53:33,210755477308124,Ren@,是电脑玩？,[等级15],
2026-05-20 12:53:35,1887202058704740,再回首,12宫有,[等级5],
2026-05-20 12:53:35,3267389383513463,惺漾,主播用的什么板子,[等级5],
2026-05-20 12:53:37,100032703032,🌈相遇是缘,12宫,[等级17],[粉丝团 Lv6]
2026-05-20 12:53:38,65103907362,憨憨小哥,矿厂不刷,[等级6],
2026-05-20 12:53:39,111590829965,小美容,要说整个名字,[等级9],[粉丝团 Lv3]
2026-05-20 12:53:39,1709055312396327,东华镇台铃,自救器，不是自救,,
2026-05-20 12:53:41,1838838104734926,花匠小马,小魏啊,[等级34],[粉丝团 Lv15]
2026-05-20 12:53:41,4503699279715189,落叶孤烟,矿场，有时候会出信号枪,[等级7],[粉丝团 Lv6]
2026-05-20 12:53:42,2458101241349261,热爱生活,520快乐,[等级4],
2026-05-20 12:53:42,2752776078632967,飞飞飞,听说开组队或队伍麦会不卡声音,[等级25],[粉丝团 Lv10]
2026-05-20 12:53:44,96434476460,0X,喂马～,[等级20],[粉丝团 Lv11]
2026-05-20 12:53:46,111090654446,南瓜窝窝头,猫局呢,[等级9],[粉丝团 Lv11]
2026-05-20 12:53:48,96434476460,0X,～,[等级20],[粉丝团 Lv11]
2026-05-20 12:53:48,101449134896,多余,海岛悍妇可不能搞个零杀收场啊[捂脸][捂脸][捂脸],[等级1],
2026-05-20 12:53:50,102469975321,✨名门⭐️,@柱哥⁸⁰⁰⁸ 我是大聪明[捂脸][捂脸][捂脸],[等级19],[粉丝团 Lv15]
2026-05-20 12:53:50,4321531620235571,脩,高级物资 他自己会标,[等级22],[粉丝团 Lv4]
2026-05-20 12:53:51,104352385646,普通人,哈哈哈,[等级20],[粉丝团 Lv1]
2026-05-20 12:53:52,92712352259,Destin,有没有下个赛季一起找密钥的,[等级12],[粉丝团 Lv11]
2026-05-20 12:53:52,1080149981540420,哎吆我去😂,别爱了，别爱了，俊雅晚上打嗝放屁磨牙，你怕不怕😂😂,[等级2],
2026-05-20 12:53:54,94621081467,雨踏歌行.,是自救器,[等级20],[粉丝团 Lv15]
2026-05-20 12:53:54,3158210772483188,清风徐来,自救器,[等级26],[粉丝团 Lv15]
2026-05-20 12:53:54,526014093742595,配合,说自救器,[等级18],
2026-05-20 12:54:00,96434476460,0X,一会它闹情绪了,[等级20],[粉丝团 Lv11]
2026-05-20 12:54:00,65759302943,第三人称,狗勾是不是可以找密钥？,[等级9],[粉丝团 Lv11]
2026-05-20 12:54:00,99336591699,度余生,[捂脸],[等级36],[粉丝团 Lv12]
2026-05-20 12:54:03,4494416547425879,Coolk,紧急呼救器,[等级21],[粉丝团 Lv3]
2026-05-20 12:54:03,1135133621748335,暗龍,去p城,[等级14],[粉丝团 Lv1]
2026-05-20 12:54:04,104352385646,普通人,老弟演你,[等级20],[粉丝团 Lv1]
2026-05-20 12:54:04,1899604371049447,Lucky,自救器,[等级16],
2026-05-20 12:54:06,61647441590,言希,你叫狗狗老弟,[等级32],
2026-05-20 12:54:06,104860100003,媛媛圆了,长按狗头也能指挥,[等级9],[粉丝团 Lv8]
2026-05-20 12:54:09,1402624121778055,天天在做白日梦,拉坨屎给她[捂脸][捂脸],[等级13],
2026-05-20 12:54:09,2639296438214955,星际弥漫天空,雅雅你弟弟不行啊,[等级22],[粉丝团 Lv8]
2026-05-20 12:54:11,1135133621748335,暗龍,p城有,[等级14],[粉丝团 Lv1]
2026-05-20 12:54:13,111570252130,纵情山水,打个队不就有了,[等级11],[粉丝团 Lv8]
2026-05-20 12:54:14,62177562342,我,器,[等级12],
2026-05-20 12:54:14,3853110172199261,吃点猫耳朵,自救可以的 要不他就会说听不懂,[等级10],[粉丝团 Lv9]
2026-05-20 12:54:14,94781710862,小怡同学🎀,你要叫它直播，不给你找[捂脸],[等级36],
2026-05-20 12:54:15,103511912891,清荷渡,不叫自救叫除颤器,[等级13],
2026-05-20 12:54:16,87537697860,X🇨🇳,老黑，直接长按狗头图标发指令就行。,[等级15],[粉丝团 Lv10]
2026-05-20 12:54:24,4164567745964686,帕·拉,都没有让狗给你变出来,[等级26],[粉丝团 Lv11]
2026-05-20 12:54:28,59852485642,情̶绪̶̶,狗：不想退役,[等级13],[粉丝团 Lv9]
2026-05-20 12:54:29,101658941422,锋,P城,[等级37],[粉丝团 Lv9]
2026-05-20 12:54:29,4155785120593485,^^             ^ ^,还是喜欢这个图、别的图打了没意思,[等级3],
2026-05-20 12:54:29,2335814409525224,～！～五味人生,这狗就是搜不到自救才有工作,[等级10],[粉丝团 Lv6]
2026-05-20 12:54:29,106659898669,BaoYin Delger0210,你打野真让你受不了啊,[等级14],[粉丝团 Lv1]
2026-05-20 12:54:31,1381402673688895,还好,nb,[等级14],
2026-05-20 12:54:34,68592270617,小王,快抓张老黑,[等级4],
2026-05-20 12:54:37,74727194153,药药,你咋不领它去海里搜,[等级10],
2026-05-20 12:54:44,1846799807822347,縯員,自救器的器不认识吗,[等级8],[粉丝团 Lv4]
2026-05-20 12:54:53,74590773015,林路,会不会他没听懂自救，只懂自救器,[等级18],[粉丝团 Lv6]
2026-05-20 12:54:54,104964480888,孟秋清素·向宁,[笑哭][笑哭]不认识自救器,[等级9],
2026-05-20 12:54:56,1332232858385047,阿军,为了上分而游戏的意义在哪？,[等级13],[粉丝团 Lv2]
2026-05-20 12:54:56,2179709646683978,监考官985,你要说自救器,[等级12],
2026-05-20 12:55:00,103511912891,清荷渡,不叫自救叫除颤器,[等级13],
2026-05-20 12:55:01,2335814409525224,～！～五味人生,搜到自救就被炒鱿鱼,[等级10],[粉丝团 Lv6]
2026-05-20 12:55:01,108756856233,殷澍锴,你把海岛干翻，就啊需要自救了啊,[等级4],[粉丝团 Lv3]
2026-05-20 12:55:11,63416229807,风沙迷了眼⁵¹⁰⁷⁴,[尬笑][尬笑][尬笑][尬笑],[等级21],[粉丝团 Lv15]
2026-05-20 12:55:14,109336122589,♛,你偷我[呲牙][呲牙][呲牙],[等级7],
2026-05-20 12:55:26,71126905166,抖音小肋手,[捂脸][捂脸][捂脸],[等级11],[粉丝团 Lv10]
2026-05-20 12:55:28,1735504660794923,哲哥,快跑,[等级10],[粉丝团 Lv9]
2026-05-20 12:55:33,3949085332084468,点横撇捺不是六,战神局孤身一人不打野还能1V4钢枪不成[呲牙],[等级16],[粉丝团 Lv13]
2026-05-20 12:55:37,2311585759782539,7ee🍇,叫什么都行的，听不懂就直接说听不懂了,[等级2],[粉丝团 Lv2]
2026-05-20 12:55:39,61435067437,玉姐姐,哈哈哈哈哈哈哈,[等级21],[粉丝团 Lv11]
2026-05-20 12:55:39,100056462711,是玲玲吖丶ᥫᩣ,[捂脸][捂脸][捂脸][捂脸]520快乐,[等级29],[粉丝团 Lv8]
2026-05-20 12:55:54,77416951506,ら孤痞,@阿军 人家是工作,[等级37],[粉丝团 Lv17]
2026-05-20 12:55:54,71126905166,抖音小肋手,[捂脸],[等级11],[粉丝团 Lv10]
2026-05-20 12:55:57,101167568708,心宽ᝰᩚ财来ꦿ໌ᮨ,张老黑,[等级11],
2026-05-20 12:55:57,109881104951,372923,[捂脸][捂脸][捂脸][捂脸][捂脸],[等级3],
2026-05-20 12:55:58,2147787863754313,和平,微信海岛图都是35左右老头王牌十星和qq铂金强度差不多,,
2026-05-20 12:55:59,75163331310,终不似少年游,[捂脸][捂脸][捂脸],[等级19],
2026-05-20 12:55:59,103140950091,薄底披萨,追杀,[等级4],
2026-05-20 12:55:59,91616813169,七点兀,[捂脸],[等级7],[粉丝团 Lv4]
2026-05-20 12:56:00,646161190361448,暗影狂花,肯定是打人家团宠了,[等级22],[粉丝团 Lv7]
2026-05-20 12:56:01,3413334368722349,小阿悄,老黑也有怕的时候[呲牙][展开说说][展开说说][展开说说][展开说说][展开说说][展开说说],[等级15],[粉丝团 Lv11]
2026-05-20 12:56:01,104352385646,普通人,他觉得他行了,[等级20],[粉丝团 Lv1]
2026-05-20 12:56:03,522988573440222,隐客,别跑刚啊,[等级2],[粉丝团 Lv2]
2026-05-20 12:56:03,75965238396,期待,夫人520快乐[比心],[等级12],[粉丝团 Lv3]
2026-05-20 12:56:05,4251185456087236,矿用设备,别怂，跟他干,[等级21],
2026-05-20 12:56:06,102489922881,烟雨凄迷,有本事你别跑你个老六,[等级14],
2026-05-20 12:56:07,772310691219482,• 圆形壮士 •,好卡,[等级17],[粉丝团 Lv10]
2026-05-20 12:56:07,105293023358,僅此.,哈哈，跑得真快,[等级5],
2026-05-20 12:56:08,1798427627499870,TeFuir,兄弟们，我来了,[等级26],[粉丝团 Lv12]
2026-05-20 12:56:09,102469975321,✨名门⭐️,别急！一会淘汰王[看][看],[等级19],[粉丝团 Lv15]
2026-05-20 12:56:10,110133575047,阳,偷人失败[捂脸],[等级1],[粉丝团 Lv2]
2026-05-20 12:56:12,78291761703,人生如茶,分析的那么准确，你咋还跑路呢,[等级26],[粉丝团 Lv13]
2026-05-20 12:56:13,609550534709379,痒巅峰,怪我,[等级32],
2026-05-20 12:56:15,88745690242,iiii,应该只看到你一个人所以莽过来,[等级11],
2026-05-20 12:56:16,99372859314,启  夏,哈哈哈。,[等级25],[粉丝团 Lv15]
2026-05-20 12:56:16,61377608210,别太晚睡,520快乐,[等级12],[粉丝团 Lv11]
2026-05-20 12:56:16,108756856233,殷澍锴,你别管多不多，你跑回G港，就没人追杀你了,[等级4],[粉丝团 Lv3]
2026-05-20 12:56:16,68592270617,小王,不要跑呀,[等级4],
2026-05-20 12:56:16,101532476795,@小刚,干就完了[呲牙],[等级30],
2026-05-20 12:56:17,522988573440222,隐客,干不要跑,[等级2],[粉丝团 Lv2]
2026-05-20 12:56:18,2928696292811743,超影独行,保护老板的,[等级18],[粉丝团 Lv12]
2026-05-20 12:56:18,75163331310,终不似少年游,你个老六主播[捂脸][捂脸][捂脸],[等级19],
2026-05-20 12:56:28,101132873138,唐 僧,你也怕[捂脸],[等级32],
2026-05-20 12:56:32,1852009193418295,999,哈哈哈,[等级24],[粉丝团 Lv12]
2026-05-20 12:56:32,92829047329,南丰,有可能,[等级30],[粉丝团 Lv11]
2026-05-20 12:56:34,52613052666,秋雨寒,@人生如茶 你管呢,[等级34],
2026-05-20 12:56:34,62828234454,躺平壹歌,0淘汰呀,[等级11],
2026-05-20 12:56:34,3913913666903720,太阳☀,你干倒他们两个人了,[等级41],[粉丝团 Lv13]
2026-05-20 12:56:37,103140950091,薄底披萨,追杀你了,[等级4],
2026-05-20 12:56:37,101138818359,小鱼,[捂脸][捂脸][捂脸],[等级34],[粉丝团 Lv15]
2026-05-20 12:56:40,102469975321,✨名门⭐️,[尬笑][尬笑][尬笑][尬笑],[等级19],[粉丝团 Lv15]
2026-05-20 12:56:42,63416229807,风沙迷了眼⁵¹⁰⁷⁴,[捂脸][捂脸][捂脸][捂脸],[等级21],[粉丝团 Lv15]
2026-05-20 12:56:44,71126905166,抖音小肋手,[捂脸][捂脸][捂脸],[等级11],[粉丝团 Lv10]
2026-05-20 12:56:45,101532476795,@小刚,谁敢打我媳妇[呲牙],[等级30],
2026-05-20 12:56:47,110309452594,🌈巷子口,每次进来都在打游戏，主播大白天不能看会书吗,[等级2],
2026-05-20 12:56:53,109336122589,♛,[捂脸][捂脸][捂脸],[等级7],
2026-05-20 12:56:55,3408114272178663,の故事,今天收了多少个红包[看],[等级15],[粉丝团 Lv1]
2026-05-20 12:56:57,4380914336147463,叶落于尘,真有毅力,[等级23],
2026-05-20 12:56:57,81354749721,猫饼,看单字吧,[等级23],[粉丝团 Lv8]
2026-05-20 12:56:57,2524940450925799,相忘于江湖,你打他丈母娘了,[等级35],[粉丝团 Lv2]
2026-05-20 12:56:57,59260357003,✨罗某某✨,找房区反打,[等级18],[粉丝团 Lv11]
2026-05-20 12:56:59,2696436837264052,顺势而为,太怂了,,
2026-05-20 12:56:59,101393000279,兰肃,[笑哭][笑哭][笑哭][笑哭][笑哭],[等级25],[粉丝团 Lv13]
2026-05-20 12:56:59,2629659676384440,东北小土豆,太厉害了逃命,[等级15],[粉丝团 Lv8]
2026-05-20 12:57:00,2043335372445892,肉肉怎么还不掉~,@人生如茶 你1对多你不跑,[等级7],[粉丝团 Lv1]
2026-05-20 12:57:01,71418409421,毛豆花卷儿,喂马,[等级18],[粉丝团 Lv8]
2026-05-20 12:57:01,2654679328098052,风萧萧兮易水寒คิดถึง,拿下张老黑，押回去当压寨夫人,,
2026-05-20 12:57:03,2880324753953741,聽聞遠方有你❤️,张老六,[等级19],[粉丝团 Lv2]
2026-05-20 12:57:03,109891858514,金秘书,开延时了嘛,[等级1],
2026-05-20 12:57:04,2344626333178080,夏风,大逃亡[捂脸],[等级26],[粉丝团 Lv10]
2026-05-20 12:57:05,1358619284865086,老江湖土田共戈,你捅马蜂窝了,[等级18],
2026-05-20 12:57:05,98286879051,Mister.Li 🐾,那也要打得过你才行啊,[等级3],[粉丝团 Lv3]
2026-05-20 12:57:07,1852009193418295,999,别怂啊,[等级24],[粉丝团 Lv12]
2026-05-20 12:57:07,71216059287,(:з如果*没有遇见你∠),拆散一对算一对[捂脸],[等级22],[粉丝团 Lv14]
2026-05-20 12:57:08,72481359806,歲歲金安,我去替你打他媳妇去520快乐,[等级16],
2026-05-20 12:57:08,3302540956927260,酷酷的魔哥,丝袜快跑什么意思,,
2026-05-20 12:57:09,7549456355062170681,还没想好~,喜欢你啊[捂脸],,
2026-05-20 12:57:09,68592270617,小王,你要去哪里,[等级4],
2026-05-20 12:57:14,97832872451,rs-7,我要急支糖浆,[等级14],[粉丝团 Lv10]
2026-05-20 12:57:14,772280035849376,🌹罗富贵🌹,[捂脸],[等级29],
2026-05-20 12:57:14,53463059062,行了别说了,已经是家常便饭了,[等级17],[粉丝团 Lv11]
2026-05-20 12:57:15,94621081467,雨踏歌行.,急支糖浆,[等级20],[粉丝团 Lv15]
2026-05-20 12:57:16,58558377412,熬耶,你们洗冲我垫后,[等级21],[粉丝团 Lv7]
2026-05-20 12:57:16,211520333286456,叁水、,我就追,[等级22],[粉丝团 Lv4]
2026-05-20 12:57:18,58593174933,烟草味,520还开播证明没男朋友,[等级15],[粉丝团 Lv4]
2026-05-20 12:57:18,59751113890,小乖丶,你有急支糖浆,[等级19],
2026-05-20 12:57:18,2713213137074652,抒心奶盖,你要人家命，他不追你才怪,,
2026-05-20 12:57:18,2141446715747582,魏大呆,换马！,[等级15],[粉丝团 Lv11]
2026-05-20 12:57:18,74900112939,老牛74900112939,因为急支糖浆,[等级10],
2026-05-20 12:57:19,92460991387,暴躁的大雄🫧,因为你是急支糖浆,[等级5],
2026-05-20 12:57:20,109617754580,江南韵,我要急支糖浆,[等级22],[粉丝团 Lv8]
2026-05-20 12:57:20,1852009193418295,999,1v4,[等级24],[粉丝团 Lv12]
2026-05-20 12:57:21,75965238396,期待,必须追上你,[等级12],[粉丝团 Lv3]
2026-05-20 12:57:22,2563717303123278,a1487xch,人家又不喜欢你，追你干嘛[看],[等级10],[粉丝团 Lv9]
2026-05-20 12:57:22,85518980416,🌟葳蕤（weirui),你们先冲我垫后,[等级17],[粉丝团 Lv9]
2026-05-20 12:57:22,2752776078632967,飞飞飞,想喝你的急支糖浆,[等级25],[粉丝团 Lv10]
2026-05-20 12:57:22,98939375616,.晚晚💫,他想要枸杞原浆[呲牙][呲牙],[等级14],[粉丝团 Lv10]
2026-05-20 12:57:24,96738301829,㿝氼,快给他急支糖浆[看],[等级19],[粉丝团 Lv12]
2026-05-20 12:57:24,4164567745964686,帕·拉,回手掏啊,[等级26],[粉丝团 Lv11]
2026-05-20 12:57:24,60261058633,白了个白。,该加血了,[等级14],
2026-05-20 12:57:24,66614031647,CC、🌸,520快乐,[等级11],[粉丝团 Lv10]
2026-05-20 12:57:25,1654084920948256,无所谓,喂马,[等级3],
2026-05-20 12:57:26,101132873138,唐 僧,曹贼休跑[捂脸],[等级32],
2026-05-20 12:57:26,66446438256,🐮🐰,今天能零杀吃鸡吗？,[等级10],[粉丝团 Lv8]
2026-05-20 12:57:26,111007266356,🔱守望w,你追人家整个海岛不记得了？？？,[等级29],[粉丝团 Lv15]
2026-05-20 12:57:26,99045305758,爱意随风起,矿山,[等级37],[粉丝团 Lv8]
2026-05-20 12:57:26,3576045519518029,余生有你真好,海岛汉服张君雅[捂脸][捂脸][捂脸][捂脸][捂脸],[等级28],
2026-05-20 12:57:28,66656580543,LKX丶,因为你有咳嗽糖浆,[等级6],
2026-05-20 12:57:28,86580358314,🌈船长,没草了,[等级19],[粉丝团 Lv3]
2026-05-20 12:57:30,104570056443,老衲&盘他,零杀,,
2026-05-20 12:57:32,653537563642093,电器治疗师,决赛圈都快没人了 你一个人都还没打倒过[捂脸],[等级11],
2026-05-20 12:57:34,69245046584,☞BO☜,需要跑这么远么,[等级3],[粉丝团 Lv2]
2026-05-20 12:57:34,1332232858385047,阿军,@ら孤痞 正是工作更需要效果，难道你们就喜欢看在边界游走？,[等级13],[粉丝团 Lv2]
2026-05-20 12:57:36,3013139552021534,🦁🖤,嗷嗷（絲,[等级32],[粉丝团:张君雅 Lv16]
2026-05-20 12:57:40,2317399122780702,大水怪,一会又毒死了[看],[等级2],
2026-05-20 12:57:40,3853110172199261,吃点猫耳朵,对,[等级10],[粉丝团 Lv9]
2026-05-20 12:57:41,105180101532,吃鸡不发疯,[666][666][666][666],[等级18],[粉丝团 Lv6]
2026-05-20 12:57:42,96720563585,钱陈似锦,一万人看你抗毒？,[等级32],
2026-05-20 12:57:44,2383359088276718,草莓丶学长,@快乐小猫🐱,[等级6],
2026-05-20 12:57:44,92980607033,哦哦,今天0 人头还这么怂,[等级11],[粉丝团 Lv1]
2026-05-20 12:57:44,83557138355,洋丁丁,你有急支糖浆,[等级31],[粉丝团 Lv12]
2026-05-20 12:57:46,4503699279715189,落叶孤烟,进圈,[等级7],[粉丝团 Lv6]
2026-05-20 12:57:48,896828231649432,修缘,520活捉张君雅回去当压寨夫人[微笑],,
2026-05-20 12:57:48,1257437656002798,某某.,@阿军 爱看不看,[等级34],[粉丝团:张君雅 Lv16]
2026-05-20 12:57:52,58894403545,Jeffrey.Huang,杀个回马枪,[等级18],[粉丝团 Lv2]
2026-05-20 12:57:53,4310549579694780,@你,真能跑,[等级15],[粉丝团 Lv10]
2026-05-20 12:57:53,96714804652,🌈PB🌈,打开组队语音就好了，不卡了,[等级16],[粉丝团 Lv10]
2026-05-20 12:57:55,2344626333178080,夏风,整局都在逃跑[捂脸],[等级26],[粉丝团 Lv10]
2026-05-20 12:57:56,99372859314,启  夏,笑鼠了，,[等级25],[粉丝团 Lv15]
2026-05-20 12:58:02,2383359088276718,草莓丶学长,520快乐,[等级6],
2026-05-20 12:58:06,2752776078632967,飞飞飞,开组队麦试试,[等级25],[粉丝团 Lv10]
2026-05-20 12:58:07,92385146320,九千七,还是单 4 好看,[等级47],
2026-05-20 12:58:07,2651616005591635,八方来财超强版,抗毒主播？,[等级11],
2026-05-20 12:58:09,59137252044,忠*先森💋,旅游呢[看],[等级11],[粉丝团 Lv1]
2026-05-20 12:58:12,98286879051,Mister.Li 🐾,520卡是正常的,[等级3],[粉丝团 Lv3]
2026-05-20 12:58:15,104927834641,然～,马没有吃草,[等级18],
2026-05-20 12:58:17,1716797153489322,用户1643714671875,@阿军 这么挑赶紧那里凉快那边去吧，,,
2026-05-20 12:58:19,62828234454,躺平壹歌,队友全没了呀,[等级11],
2026-05-20 12:58:21,87234885381,小洛洛💕,520快乐520快乐,[等级34],[粉丝团 Lv15]
2026-05-20 12:58:23,92880152342,咚恰恰,喂喂马  一会碰到跑不动了,[等级9],[粉丝团 Lv10]
2026-05-20 12:58:23,103062685031,🎢过山车,卡,[等级40],[粉丝团 Lv12]
2026-05-20 12:58:23,88745690242,iiii,海岛街溜子了,[等级11],
2026-05-20 12:58:23,50475023375,杨小姐•,咋样我的喜欢看。不喜欢出去[比心][比心],[等级24],[粉丝团 Lv12]
2026-05-20 12:58:25,2529343295198756,🫶渡己🫶,这跑到火星了[捂脸],[等级28],[粉丝团 Lv1]
2026-05-20 12:58:25,69609607034,小阿二,1吃鸡等下,[等级10],
2026-05-20 12:58:27,1373709734260448,r,马要跑不动了[发呆],[等级11],
2026-05-20 12:58:28,105346528919,清风💕,人机都没碰到一个吗？都还没开张呢[捂脸],[等级28],[粉丝团 Lv7]
2026-05-20 12:58:29,96391887331,Agg,主播是技术主播吗,[等级6],
2026-05-20 12:58:33,2217035127871515,小小酥,一个没杀[流泪],[等级15],
2026-05-20 12:58:34,1845423225446986,小仔爷,老黑这叫以身入局，不是逃跑,[等级13],[粉丝团 Lv5]
2026-05-20 12:58:36,7549456355062170681,还没想好~,一个人都没杀吗[捂脸],,
2026-05-20 12:58:38,1838838104734926,花匠小马,@九千七 必须的不知道奇迹与意外那个先到来,[等级34],[粉丝团 Lv15]
2026-05-20 12:58:41,108332748130,相遇微时,队友都卖，啦[呲牙][呲牙][呲牙],[等级16],
2026-05-20 12:58:43,103511912891,清荷渡,不叫自救叫除颤器,[等级13],
2026-05-20 12:58:44,97764985902,少华,这样打感觉没有直播效果[捂脸],[等级15],[粉丝团 Lv7]
2026-05-20 12:58:44,2563717303123278,a1487xch,这么好日子，又跟橘猫过？,[等级10],[粉丝团 Lv9]
2026-05-20 12:58:46,932006486358487,君莫笑”,搞七搞八0杀[捂脸],[等级11],[粉丝团 Lv5]
2026-05-20 12:58:48,77416951506,ら孤痞,@阿军 你喜欢看落地成盒？这是战神局一个人刚人家四个？[捂脸],[等级37],[粉丝团 Lv17]
2026-05-20 12:58:52,1716797153489322,用户1643714671875,不说一毛不拔，看个直播还挑上了，,,
2026-05-20 12:58:52,111570252130,纵情山水,你就磨时间吧,[等级11],[粉丝团 Lv8]
2026-05-20 12:58:54,1530976442254383,带五个孤儿住天桥底下,@Agg 娱乐主播,[等级27],[粉丝团 Lv11]
2026-05-20 12:58:56,1556517540607726,▼・ᴥ・▼,弓箭没有了,[等级21],[粉丝团 Lv10]
2026-05-20 12:58:58,7429498621357540409,不善言辞,这么多人酸，0杀怎么了,[等级22],[粉丝团 Lv14]
2026-05-20 12:59:02,82394781004,起风了,怎么单排了,[等级10],[粉丝团 Lv1]
2026-05-20 12:59:03,97052778536,曾经的不懂,除颤仪熬暖犟,[等级18],[粉丝团 Lv8]
2026-05-20 12:59:04,99409439438,雨！前,让它找箭啊,[等级3],[粉丝团 Lv4]
2026-05-20 12:59:12,1716797153489322,用户1643714671875,@ら孤痞 别理这人，就是现实给惯的,,
2026-05-20 12:59:12,3378144954030583,用户726,@纵情山水 趴下,[等级7],[粉丝团 Lv7]
2026-05-20 12:59:15,3013139552021534,🦁🖤,@阿军 30岁没钱不找班上 也是挺可怜（絲,[等级32],[粉丝团:张君雅 Lv16]
2026-05-20 12:59:18,75163331310,终不似少年游,零杀吃鸡啊,[等级19],
2026-05-20 12:59:23,3617832573885482,、 •半世so倾城，号,张老黑,[等级9],
2026-05-20 12:59:30,58894403545,Jeffrey.Huang,在摆阵等你呢,[等级18],[粉丝团 Lv2]
2026-05-20 12:59:33,1838838104734926,花匠小马,零杀和20杀都是和平精英一姐,[等级34],[粉丝团 Lv15]
2026-05-20 12:59:35,95885366281,我不要她非给（小曾）,为什么亮度这么暗,[等级29],[粉丝团 Lv9]
2026-05-20 12:59:36,96847888658,陆游,刷圈了,[等级20],[粉丝团 Lv8]
2026-05-20 12:59:37,97608742493,福铭轩,人家在四房等你呢[捂脸][捂脸][捂脸][捂脸],[等级12],[粉丝团 Lv7]
2026-05-20 12:59:39,92470644873,ㅤ ㅤ望雪城,跟猫局昨晚一样一样的,[等级11],
2026-05-20 12:59:46,585375301771454,南屿丶,为啥一个人头没有,,
2026-05-20 12:59:53,94621081467,雨踏歌行.,欢迎帅哥,[等级20],[粉丝团 Lv15]
2026-05-20 12:59:57,108756856233,殷澍锴,再回到四房,[等级4],[粉丝团 Lv3]
2026-05-20 12:59:57,7640754986931029041,生菜_,零杀吃鸡吗这是,[等级1],
2026-05-20 13:00:02,81006617758,半点失忆$,死这么惨吗，一个回合吗[捂脸][捂脸],[等级4],
2026-05-20 13:00:04,93371739179,Alen,[捂脸],[等级3],[粉丝团 Lv7]
2026-05-20 13:00:04,1947978329753758,小满妈妈,好多年没玩刚才去玩就像人机[捂脸],[等级13],[粉丝团 Lv10]
2026-05-20 13:00:05,100056462711,是玲玲吖丶ᥫᩣ,@南屿丶 遇不到人,[等级29],[粉丝团 Lv8]
2026-05-20 13:00:08,78519164857,是你没选我啊！,去招幕队带妹子,[等级23],[粉丝团 Lv12]
2026-05-20 13:00:08,98261771926,我爸,天天骑马，腰疼吗？,[等级11],
2026-05-20 13:00:10,50994395662,Z.x.y,[鼓掌][鼓掌][鼓掌],[等级30],[粉丝团 Lv13]
2026-05-20 13:00:10,896828231649432,修缘,你还是先让马吃饱，别一会有人追跑不掉了[呲牙],,
2026-05-20 13:00:11,101376906320,小王,打完人就想跑,[等级14],[粉丝团 Lv11]
2026-05-20 13:00:12,86200782173,赵函,还没开张呢,[等级5],
2026-05-20 13:00:13,88610989490,🌈杨杨得忆❤️,520快乐,[等级24],[粉丝团 Lv7]
2026-05-20 13:00:14,1987562844985852,红伞伞™,海岛巡查员[捂脸][捂脸],[等级33],[粉丝团 Lv12]
2026-05-20 13:00:20,7397478323271828504,￴￴ ￴￴ ￴ ￴￴,得吃,[等级10],[粉丝团 Lv3]
2026-05-20 13:00:22,1332232858385047,阿军,@🦁🖤 意思一天24小时下体力才叫找钱？优秀,[等级13],[粉丝团 Lv2]
2026-05-20 13:00:25,71126905166,抖音小肋手,挑战榜下面👇滑动[爱心]大家看直播能免费[爱心][爱心]给主播君雅充能，涨涨流量[比心][比心][比,[等级11],[粉丝团 Lv10]
2026-05-20 13:00:25,88610989490,🌈杨杨得忆❤️,一个也没杀[捂脸][捂脸][捂脸],[等级24],[粉丝团 Lv7]
2026-05-20 13:00:26,111318541962,late,捡垃圾[捂脸],[等级15],[粉丝团 Lv2]
2026-05-20 13:00:27,69389835149,优素夫,实力派，不需要杀人也有人看[捂脸][捂脸][捂脸][捂脸][捂脸],[等级16],
2026-05-20 13:00:27,100020994551,乄夵,外卖哇,[等级18],[粉丝团 Lv2]
2026-05-20 13:00:29,2344626333178080,夏风,有点惨啊[捂脸],[等级26],[粉丝团 Lv10]
2026-05-20 13:00:29,88610989490,🌈杨杨得忆❤️,520快乐,[等级24],[粉丝团 Lv7]
2026-05-20 13:00:31,4164567745964686,帕·拉,老黑停一个小时再播 我睡会午觉,[等级26],[粉丝团 Lv11]
2026-05-20 13:00:31,2053492480162717,陳雲,杀人犯法的,[等级22],
2026-05-20 13:00:32,7397478323271828504,￴￴ ￴￴ ￴ ￴￴,猴急什么,[等级10],[粉丝团 Lv3]
2026-05-20 13:00:33,71074166083,乔巴,搞七搞八，海岛0杀[捂脸],[等级34],[粉丝团 Lv11]
2026-05-20 13:00:34,98286879051,Mister.Li 🐾,最后28个人 一半是你的,[等级3],[粉丝团 Lv3]
2026-05-20 13:00:36,104860100003,媛媛圆了,吃的干干净净,[等级9],[粉丝团 Lv8]
2026-05-20 13:00:43,66627989500,君君啊,零杀怎么了，那不还有29个呢吗，起码有九个是我雅姐的[看],[等级7],[粉丝团 Lv10]
2026-05-20 13:00:47,4330355120149084,唯一♥,我希望等下最后两对互打，敌人最后丢个雷全死，老黑0杀吃鸡[呲牙][呲牙],[等级8],[粉丝团 Lv7]
2026-05-20 13:00:49,7612951911537198138,一条锦鲤游啊游～,激烈的战场总是留不下物资[看],[等级6],[粉丝团 Lv3]
2026-05-20 13:00:50,1075755018880879,Coisini,穷的扣夸,[等级22],[粉丝团 Lv12]
2026-05-20 13:00:53,7397478323271828504,￴￴ ￴￴ ￴ ￴￴,猴急,[等级10],[粉丝团 Lv3]
2026-05-20 13:00:55,1852009193418295,999,去炸鱼塘吧，更精彩,[等级24],[粉丝团 Lv12]
2026-05-20 13:00:58,3378144954030583,用户726,能零杀吃鸡也是本事,[等级7],[粉丝团 Lv7]
2026-05-20 13:00:59,58558377412,熬耶,你炸的那个死了,[等级21],[粉丝团 Lv7]
2026-05-20 13:01:00,92803003327966,🚢🚀🚀🚀,你是老黑鲨吧,[等级4],[粉丝团 Lv4]
2026-05-20 13:01:05,585375301771454,南屿丶,女悍匪头一次看见没人头！！！,,
2026-05-20 13:01:06,93094226257,我命由我不由天,怎么不杀人呢,[等级33],
2026-05-20 13:01:06,69389835149,优素夫,人家段位高，不然也没有人看,[等级16],
2026-05-20 13:01:09,1716797153489322,用户1643714671875,@阿军 赶紧走吧，看你喜欢的。这里不惯着你，私密账号看来没少被人骂,,
2026-05-20 13:01:10,4471092260133100,嫩爸,压力有点大 啊就你一个人,[等级17],
2026-05-20 13:01:11,421829595107087,伯乐,主播说杀人犯法的,,
2026-05-20 13:01:12,83419121234,- 水枪比我高半头,你刚打的那个被打了,[等级12],
2026-05-20 13:01:13,4004835685841444,㞢卄,无聊的一局,[等级9],
2026-05-20 13:01:14,1654084920948256,无所谓,喂马,[等级3],
2026-05-20 13:01:15,1838838104734926,花匠小马,牛逼谁开赏金，你看他张三万猛不猛吧,[等级34],[粉丝团 Lv15]
2026-05-20 13:01:16,3813545012640039,ShesArebel,喂马,[等级4],[粉丝团 Lv4]
2026-05-20 13:01:17,98401139378,·拎齐,以为炸鱼塘呢，这个分段都会玩，一个人怎么打,[等级21],[粉丝团 Lv10]
2026-05-20 13:01:18,1556517540607726,▼・ᴥ・▼,弓箭啊,[等级21],[粉丝团 Lv10]
2026-05-20 13:01:21,100527607012,凡夫俗子,都不敢进圈了吗？,[等级30],[粉丝团 Lv15]
2026-05-20 13:01:22,71074166083,乔巴,最后一人毒死，0杀吃鸡，载入史册,[等级34],[粉丝团 Lv11]
2026-05-20 13:01:23,61881104703,偷懒的小丑,你打的那个自救被别人打到了,[等级12],[粉丝团 Lv11]
2026-05-20 13:01:24,2585645921076552,梅菜crow粥,带着的冲锋枪快阔,[等级8],
2026-05-20 13:01:25,97052778536,曾经的不懂,除颤仪熬暖犟,[等级18],[粉丝团 Lv8]
2026-05-20 13:01:26,600767341014696,小福星🍬,海岛都翻过来了，还没找到自救,[等级26],[粉丝团 Lv8]
2026-05-20 13:01:27,70398644609,洪✨★ooO,卧槽，我明天就13级灯牌了520快乐,[等级16],[粉丝团 Lv12]
2026-05-20 13:01:30,99357489372,屹然,喂马,[等级39],[粉丝团 Lv9]
2026-05-20 13:01:30,80383016930,零度°C 冰川⁵¹⁰⁷⁴,[捂脸][捂脸][捂脸],[等级11],[粉丝团 Lv11]
2026-05-20 13:01:31,1209059641662923,则圣矣，立志而贤则贤矣。,你要说给我找个自救器,[等级37],[粉丝团 Lv11]
2026-05-20 13:01:33,91658510998,马一单,自救器,[等级19],[粉丝团 Lv4]
2026-05-20 13:01:34,4037039821952606,冬雨夏雪,自救器呀,[等级42],[粉丝团 Lv13]
2026-05-20 13:01:35,98286879051,Mister.Li 🐾,寻找自救器,[等级3],[粉丝团 Lv3]
2026-05-20 13:01:39,100056462711,是玲玲吖丶ᥫᩣ,箭矢,[等级29],[粉丝团 Lv8]
2026-05-20 13:01:41,68990608858,夏雨天,再找一个，放狗包吧,[等级14],[粉丝团 Lv1]
2026-05-20 13:01:41,62828234454,躺平壹歌,学到鲨鱼的,[等级11],
2026-05-20 13:01:43,58328964468,李某某,喂马呀。不喂马一会想跑都跑不掉,[等级32],[粉丝团 Lv12]
2026-05-20 13:01:43,100513541412,小鱼翻大浪,搜索自救器,[等级27],[粉丝团 Lv5]
2026-05-20 13:01:45,109881104951,372923,[捂脸][捂脸][捂脸][捂脸][捂脸][捂脸],[等级3],
2026-05-20 13:01:46,87078484853,猛踹瘸子那条好腿。,再找一个然后放到狗背包里头。,,
2026-05-20 13:01:53,97360203146,飞起壹jio✨,找半天终于找到了,[等级18],[粉丝团 Lv14]
2026-05-20 13:01:55,4233546532927219,🉑🈶🉑🈚,多找一个撒,[等级20],[粉丝团 Lv10]
2026-05-20 13:01:56,93582581487,初始,不杀人不也不加分吗,[等级4],
2026-05-20 13:01:57,1556517540607726,▼・ᴥ・▼,你弓箭不够,[等级21],[粉丝团 Lv10]
2026-05-20 13:01:58,110895971722,一个人挺好…👿,@李某某 喂马是不可能的,[等级24],[粉丝团 Lv9]
2026-05-20 13:02:02,99045305758,爱意随风起,箭不够,[等级37],[粉丝团 Lv8]
2026-05-20 13:02:02,3415505733947796,心髋₍˄·͈༝·͈˄*₎◞ ̑̑潞顺,你是抗毒主播吗？,[等级9],
2026-05-20 13:02:04,108781274466,加心瓜仔,叫它给你找个男朋友,[等级17],[粉丝团 Lv5]
2026-05-20 13:02:05,96038157678,江苏泗洪大蟹客,这样玩，我也会[捂脸],[等级31],[粉丝团 Lv2]
2026-05-20 13:02:09,85670738741,哇了个豆,找个信号枪吧,[等级21],
2026-05-20 13:02:11,101073131293,Yu.,昨晚怎么没直播,[等级6],
2026-05-20 13:02:14,109109492047,z浩哥,点点赞,[等级7],
2026-05-20 13:02:16,111430818388,那年-2018,0杀吃鸡,[等级34],
2026-05-20 13:02:16,2669243963282877,汪,又没喂马[捂脸][捂脸][捂脸][捂脸],,
2026-05-20 13:02:17,99776070009,碎冰冰💦💦💦,在开车,[等级31],
2026-05-20 13:02:17,109336122589,♛,[捂脸],[等级7],
2026-05-20 13:02:17,67938727652,波坡摸F🏖️,哈哈哈,[等级4],
2026-05-20 13:02:18,2043335372445892,肉肉怎么还不掉~,@江苏泗洪大蟹客 呢你也开直播,[等级7],[粉丝团 Lv1]
2026-05-20 13:02:18,103820053518,羽商,我头在否[捂脸][捂脸][捂脸],[等级14],[粉丝团 Lv2]
2026-05-20 13:02:19,1887202058704740,再回首,[捂脸],[等级5],
2026-05-20 13:02:19,108335228057,༺๑白狐๑༻,不会出现名场面吧[捂脸][捂脸][捂脸][捂脸],[等级15],
2026-05-20 13:02:21,68463592354,啊杰,带我上车[比心][比心],[等级23],
2026-05-20 13:02:21,67947030270,嵐峥,啥情况？第一次看你0杀,[等级8],[粉丝团 Lv7]
2026-05-20 13:02:22,2696436837264052,顺势而为,最后有自救也没有用啊,,
2026-05-20 13:02:22,7522502508770853948,荣昌 · 楊,0淘汰520快乐,,
2026-05-20 13:02:24,886651513222339,雪染,你在没有人头啊,[等级4],
2026-05-20 13:02:25,92316285483,三,这就扔了？,[等级19],[粉丝团 Lv6]
2026-05-20 13:02:26,94621081467,雨踏歌行.,@江苏泗洪大蟹客 那你去开播,[等级20],[粉丝团 Lv15]
2026-05-20 13:02:26,1987562844985852,红伞伞™,再不进圈我都要被毒死了,[等级33],[粉丝团 Lv12]
2026-05-20 13:02:26,809721520985592,爱吃蜂蜜.,哈哈哈哈哈不喝就不行哈哈哈哈,[等级21],[粉丝团 Lv8]
2026-05-20 13:02:29,3962260748249928,正玺影视,@江苏泗洪大蟹客 赶紧下载玩去，看什么直播,[等级22],[粉丝团 Lv10]
2026-05-20 13:02:30,68105469142,一竿一线一盒烟，一坐就是一整天！,零杀？？今天咋回事？,[等级10],[粉丝团 Lv9]
2026-05-20 13:02:35,104886985369,威廉唐,520快乐[比心],[等级20],
2026-05-20 13:02:35,1838838104734926,花匠小马,30KD抗毒主播,[等级34],[粉丝团 Lv15]
2026-05-20 13:02:36,2984502456237699,汪汪小汪,6杀吃鸡,[等级32],[粉丝团 Lv15]
2026-05-20 13:02:36,54339447858,天涯明月刀,一万人看你抗毒,[等级24],[粉丝团 Lv10]
2026-05-20 13:02:40,71074166083,乔巴,马：吃了两口又工作了,[等级34],[粉丝团 Lv11]
2026-05-20 13:02:48,2043335372445892,肉肉怎么还不掉~,@天涯明月刀 也可以看你,[等级7],[粉丝团 Lv1]
2026-05-20 13:02:50,111007266356,🔱守望w,空投,[等级29],[粉丝团 Lv15]
2026-05-20 13:02:54,92665592806,猴子派来的逗比,没欺负的就可以欺负一下？,[等级28],
2026-05-20 13:02:58,111177217836,华华,快跑,[等级2],
2026-05-20 13:03:05,94536624975,闫泰骐,哈哈，开车君雅第一名,[等级21],
2026-05-20 13:03:07,1332232858385047,阿军,@用户1643714671875 你错了，抖音只能代表刷刷视频，没什么隐私不隐私,[等级13],[粉丝团 Lv2]
2026-05-20 13:03:07,6472167828,顺城,人家在边上抗毒，不要为难,[等级22],[粉丝团 Lv15]
2026-05-20 13:03:09,92665592806,猴子派来的逗比,没皮肤就可以欺负一下？,[等级28],
2026-05-20 13:03:11,892413678724877,厌遇,@天涯明月刀 就乐意看[斜眼][九转大肠][斜眼][九转大肠],[等级24],[粉丝团 Lv7]
2026-05-20 13:03:11,111002104161,农夫,[赞][赞][赞][赞],[等级1],
2026-05-20 13:03:11,2203895102709048,纵横四海,君雅这个爆炸功太牛逼了,[等级19],[粉丝团 Lv10]
2026-05-20 13:03:13,71126905166,抖音小肋手,自救快点,[等级11],[粉丝团 Lv10]
2026-05-20 13:03:13,66446438256,🐮🐰,又有自救了,[等级10],[粉丝团 Lv8]
2026-05-20 13:03:13,202762060829027,逆风望海,再拿一个,[等级18],[粉丝团 Lv10]
2026-05-20 13:03:13,738503928327902,VV侠,不是，这爆炸弓不是削了吗？,[等级6],
2026-05-20 13:03:13,111007266356,🔱守望w,怎么是跳伞的？？？,[等级29],[粉丝团 Lv15]
2026-05-20 13:03:14,110527293027,【柳哥】,开张了,[等级27],[粉丝团 Lv12]
2026-05-20 13:03:14,88688880486,微笑🚥,自救器,[等级15],[粉丝团 Lv12]
2026-05-20 13:03:15,1794029961617984,酃,[看][看][看],[等级17],[粉丝团 Lv12]
2026-05-20 13:03:15,92980607033,哦哦,今天纯老六,[等级11],[粉丝团 Lv1]
2026-05-20 13:03:16,3148611881534173,▞▙▛▖▜▗▙▛,开张了,[等级16],[粉丝团 Lv3]
2026-05-20 13:03:17,3175868363977623,洋  仔⁸⁰⁰⁸,这不是开张了吗,[等级21],[粉丝团:张君雅 Lv12]
2026-05-20 13:03:17,4300887604074349,来好运,终于破处了[666][666][666],[等级20],[粉丝团 Lv12]
2026-05-20 13:03:17,88610989490,🌈杨杨得忆❤️,[鼓掌][鼓掌][鼓掌][鼓掌][鼓掌][鼓掌],[等级24],[粉丝团 Lv7]
2026-05-20 13:03:19,1852009193418295,999,张老六,[等级24],[粉丝团 Lv12]
2026-05-20 13:03:21,101926859943,折.,开张了,[等级12],[粉丝团 Lv11]
2026-05-20 13:03:21,874847890575219,陈晓北,自救多带一个,[等级3],[粉丝团 Lv3]
2026-05-20 13:03:23,97111695439,胖头鱼,就一次没杀人 你们这些人至于吗,[等级17],[粉丝团 Lv9]
2026-05-20 13:03:23,4233546532927219,🉑🈶🉑🈚,自救再拿一个,[等级20],[粉丝团 Lv10]
2026-05-20 13:03:24,85071854720,Luck,这个弓打人是看哪个点,[等级11],
2026-05-20 13:03:25,108239233810,久爱,丢个自救在沟里面,[等级39],[粉丝团 Lv4]
2026-05-20 13:03:26,55159220102,BWRZ（记录美好）,你看你又急[看],[等级36],[粉丝团 Lv16]
2026-05-20 13:03:27,72599065285,池,让狗哥带个自救,[等级16],[粉丝团 Lv9]
2026-05-20 13:03:28,76207559451,龘戈 🕳️     ༽      🐲,把自救装狗上,,
2026-05-20 13:03:29,202762060829027,逆风望海,再拿一个自救,[等级18],[粉丝团 Lv10]
2026-05-20 13:03:30,3267389383513463,惺漾,主播什么板子,[等级5],
2026-05-20 13:03:31,7522502508770853948,荣昌 · 楊,是是是,,
2026-05-20 13:03:34,8395632158909,郭叔,国服射手啊,[等级9],[粉丝团 Lv8]
2026-05-20 13:03:40,92829047329,南丰,[看]我信你一回,[等级30],[粉丝团 Lv11]
2026-05-20 13:03:41,100769124890,顽,不愧是老黑，人被黑了都不知道哪打的,[等级13],[粉丝团 Lv10]
2026-05-20 13:03:44,585375301771454,南屿丶,你可不沉稳凶的一批,,
2026-05-20 13:03:46,65008922355,🌈浮夸.,削的是爆炸弓，关张君雅什么事。,[等级27],[粉丝团 Lv6]
2026-05-20 13:03:46,3615668854341518,相逢已是上上签,沉稳点好，就是慢性人,,
2026-05-20 13:03:51,1425388293077832,蕭蕭,@VV侠 削弱了，4剑了,[等级12],[粉丝团 Lv12]
2026-05-20 13:03:53,1852009193418295,999,三条命,[等级24],[粉丝团 Lv12]
2026-05-20 13:03:54,6172537954,牧孜梨,加上狗能救三次,[等级13],[粉丝团 Lv11]
2026-05-20 13:03:56,3636816186976899,子清,Cpdd,[等级18],[粉丝团 Lv10]
2026-05-20 13:03:59,102748821674,一张白纸,那个黑马过来了。,[等级17],[粉丝团 Lv8]
2026-05-20 13:04:27,3866295320973838,向榆,520快乐,[等级10],[粉丝团 Lv6]
2026-05-20 13:04:30,1478159719214247,热心村民,cpdd,[等级15],[粉丝团 Lv9]
2026-05-20 13:04:32,100474701110,w.w,1,[等级27],[粉丝团 Lv5]
2026-05-20 13:04:39,71643904450,知夏྅,有人观战,[等级12],[粉丝团 Lv12]
2026-05-20 13:04:48,2787980481662455,幼水鸣鸣,啥段位啊,[等级12],
2026-05-20 13:05:04,3347394361297940,橙味奶祺🍫,蛋神,[等级19],[粉丝团 Lv8]
2026-05-20 13:05:06,4221762087166973,拒绝刘亦菲18402次,老吃家,[等级4],[粉丝团 Lv2]
2026-05-20 13:05:07,92316285483,三,有脚步,[等级19],[粉丝团 Lv6]
2026-05-20 13:05:23,71812741313,拜君仙⁹⁰⁹²⁷,@幼水鸣鸣 战神,[等级30],[粉丝团 Lv15]
2026-05-20 13:05:27,68324772702,༺至尊宝༻,好卡,[等级6],
2026-05-20 13:05:29,58621929347,野生小厨,其实我喜欢直播间里一个小姐姐，但是我不敢表白，怕她拒绝，只能一直的冒泡，想引起她的注意[爱心][爱心][爱心],[等级24],[粉丝团 Lv15]
2026-05-20 13:05:33,662377200355428,彭于晏.,也是十二级了,[等级11],[粉丝团 Lv12]
2026-05-20 13:05:41,71126905166,抖音小肋手,挑战榜下面👇滑动[爱心]大家看直播能免费[爱心][爱心]给主播君雅充能，涨涨流量[比心][比心][比,[等级11],[粉丝团 Lv10]
2026-05-20 13:05:42,3781968666568631,命运,厕所有人,[等级19],[粉丝团 Lv10]
2026-05-20 13:05:44,570023743327972,苏昭漪,是不是玛卡巴卡在观战,[等级17],[粉丝团 Lv7]
2026-05-20 13:05:45,71126905166,抖音小肋手,挑战榜下面👇滑动[爱心]大家看直播能免费[爱心][爱心]给主播君雅充能，涨涨流量[比心][比心][比,[等级11],[粉丝团 Lv10]
2026-05-20 13:06:01,1787183299596618,甜七七,哈哈,,
2026-05-20 13:06:04,62467530775,平安.😼,给狗带个三级套,[等级23],[粉丝团 Lv8]
2026-05-20 13:06:10,2453724377132072,年少轻狂,老六服不要,[等级32],
2026-05-20 13:06:12,98878505737,杰.,这个老登   不去约会？,,
2026-05-20 13:06:19,99034094226,穿着羽绒服躲冰箱避寒,手枪子弹没换,[等级34],[粉丝团 Lv14]
2026-05-20 13:06:24,4468879230241195,我在边界,刚刚的车,[等级13],[粉丝团 Lv4]
2026-05-20 13:06:26,55159220102,BWRZ（记录美好）,[衰][干饭人],[等级36],[粉丝团 Lv16]
2026-05-20 13:06:29,3934507317863532,一个从人民中走出来的普通人（轮回版）,哈哈，我宝,[等级23],[粉丝团 Lv2]
2026-05-20 13:06:30,2510895138218599,刘一叨,手枪没换弹,[等级29],[粉丝团 Lv10]
2026-05-20 13:06:31,3913913666903720,太阳☀,大狙加爆炸弓,[等级41],[粉丝团 Lv13]
2026-05-20 13:06:31,55159220102,BWRZ（记录美好）,666,[等级36],[粉丝团 Lv16]
2026-05-20 13:06:36,211520333286456,叁水、,@杰. 你这把年纪应该是老登了,[等级22],[粉丝团 Lv4]
2026-05-20 13:06:38,2203895102709048,纵横四海,那个车不是刚才那个车 在四环抓你那个,[等级19],[粉丝团 Lv10]
2026-05-20 13:06:38,99683439977,绥德汉,完了,[等级15],[粉丝团 Lv2]
2026-05-20 13:06:45,4022473420183417,在烂泥堆里摆烂,刚刚四房追你的,[等级10],
2026-05-20 13:06:47,7472245406539154491,Nuyoah.,假车库,[等级12],[粉丝团 Lv9]
2026-05-20 13:06:49,3056235453363086,Fifth·秋辞,还没有人,[等级21],[粉丝团 Lv1]
2026-05-20 13:06:49,93536983676,空调安装,后面有人,[等级12],[粉丝团 Lv11]
2026-05-20 13:06:55,1582950388343566,高冷橙🤍,毒外还有,[等级14],[粉丝团 Lv10]
2026-05-20 13:07:02,2696436837264052,顺势而为,不是有自救吗,,
2026-05-20 13:07:06,55159220102,BWRZ（记录美好）,漂亮,[等级36],[粉丝团 Lv16]
2026-05-20 13:07:08,646161190361448,暗影狂花,马待会又得跑,[等级22],[粉丝团 Lv7]
2026-05-20 13:07:08,100056462711,是玲玲吖丶ᥫᩣ,哎哟,[等级29],[粉丝团 Lv8]
2026-05-20 13:07:09,111318541962,late,？,[等级15],[粉丝团 Lv2]
2026-05-20 13:07:10,65932071304,捌  月,[捂脸][捂脸][捂脸][捂脸],[等级24],[粉丝团 Lv8]
2026-05-20 13:07:10,2395184081945055,忙里偷闲⁵¹⁰⁷⁴,[鼓掌][鼓掌][鼓掌],[等级29],[粉丝团 Lv15]
2026-05-20 13:07:11,100865032542,勇哥i,机智,[等级25],[粉丝团 Lv14]
2026-05-20 13:07:11,135931474225907,慎言,牛逼,[等级23],
2026-05-20 13:07:11,97763433901,空明溯流光,[捂脸],[等级15],[粉丝团 Lv9]
2026-05-20 13:07:11,52727051848,玫瑰,牛逼,[等级30],[粉丝团 Lv9]
2026-05-20 13:07:12,2456725359170397,讨厌花生,牛逼,[等级7],
2026-05-20 13:07:12,72566933944,童话里下雨,[捂脸][捂脸][捂脸][捂脸][捂脸],[等级24],
2026-05-20 13:07:12,4471092260133100,嫩爸,6666,[等级17],
2026-05-20 13:07:12,101628320807,⁰⁴.₁₂杨℘,[捂脸][捂脸],[等级16],[粉丝团 Lv2]
2026-05-20 13:07:12,88610989490,🌈杨杨得忆❤️,[捂脸][捂脸][捂脸][捂脸],[等级24],[粉丝团 Lv7]
2026-05-20 13:07:12,4112604411736253,兔粉妆,牛,[等级15],[粉丝团 Lv10]
2026-05-20 13:07:12,83419754472,orange,牛逼,[等级32],[粉丝团 Lv8]
2026-05-20 13:07:12,59197600987,冬玥,牛逼,[等级13],[粉丝团 Lv11]
2026-05-20 13:07:13,3139859134824030,曦糖糖,6666,[等级26],[粉丝团 Lv14]
2026-05-20 13:07:13,72307494322,楠哥迷糊,[捂脸][捂脸][捂脸],[等级21],[粉丝团 Lv15]
2026-05-20 13:07:13,59348532870,贫僧法号：乱来,[捂脸][捂脸],[等级34],
2026-05-20 13:07:14,65934328725,🏀、,666,[等级14],[粉丝团 Lv7]
2026-05-20 13:07:14,66624217824,᭄自由ঞৣঁ如风᭄🍻,哈哈哈牛逼呀,[等级14],[粉丝团 Lv6]
2026-05-20 13:07:14,3356165780016432,过好当下🧐,牛,,
2026-05-20 13:07:14,71126905166,抖音小肋手,？,[等级11],[粉丝团 Lv10]
2026-05-20 13:07:14,2753614464685597,菠萝啤,666,[等级7],
2026-05-20 13:07:14,101277257606,风的影子🧸,[捂脸][捂脸][捂脸][捂脸],[等级42],[粉丝团 Lv11]
2026-05-20 13:07:15,184365867604135,冰果,[666][666][666],[等级30],[粉丝团 Lv15]
2026-05-20 13:07:15,2217047282695710,相思,牛逼,[等级33],[粉丝团 Lv15]
2026-05-20 13:07:15,2203895102709048,纵横四海,牛逼,[等级19],[粉丝团 Lv10]
2026-05-20 13:07:15,92461848227,煜,[捂脸][捂脸],[等级13],[粉丝团 Lv11]
2026-05-20 13:07:15,2752776078632967,飞飞飞,哈哈哈哈,[等级25],[粉丝团 Lv10]
2026-05-20 13:07:16,2625259274516524,初孞☔️,牛批牛批牛批,[等级19],[粉丝团 Lv12]
2026-05-20 13:07:16,1946599684842282,春日捕月,奈斯奈斯,[等级6],[粉丝团 Lv5]
2026-05-20 13:07:16,109997658670,七月🐮,[捂脸][捂脸][捂脸][捂脸],[等级13],[粉丝团 Lv11]
2026-05-20 13:07:16,102469975321,✨名门⭐️,[捂脸][捂脸][捂脸][捂脸],[等级19],[粉丝团 Lv15]
2026-05-20 13:07:16,3870700491512504,y_,666,[等级11],
2026-05-20 13:07:16,82118318153,强哥,[捂脸][捂脸][捂脸][捂脸],[等级13],[粉丝团 Lv3]
2026-05-20 13:07:16,796471448830852,Drink,牛牛牛牛,[等级29],[粉丝团 Lv10]
2026-05-20 13:07:16,4165407898869996,每天对被子表白,666,[等级5],[粉丝团 Lv2]
2026-05-20 13:07:17,111318541962,late,66666666,[等级15],[粉丝团 Lv2]
2026-05-20 13:07:17,4165422085581629,挽梦*,[捂脸][捂脸][捂脸][捂脸][捂脸][捂脸],[等级9],[粉丝团 Lv5]
2026-05-20 13:07:17,3648620817810563,૮₍˃̶ꇴ˂̶₎ა,6,[等级7],[粉丝团 Lv8]
2026-05-20 13:07:18,1931219411932827,听说名字太长会有傻子跟着读,哈哈哈哈,,
2026-05-20 13:07:18,1059564990775891,奶香芝士爆珠酱酱,哈哈哈哈哈哈哈哈,[等级15],[粉丝团 Lv13]
2026-05-20 13:07:18,91632434183,开心,哈哈哈哈哈,[等级19],[粉丝团 Lv9]
2026-05-20 13:07:18,80352507013,冣乂²⁰²⁶₀₉₂₄,[666][666][666],[等级26],[粉丝团 Lv15]
2026-05-20 13:07:18,55159220102,BWRZ（记录美好）,有点东西[看],[等级36],[粉丝团 Lv16]
2026-05-20 13:07:18,101658941422,锋,后面有人,[等级37],[粉丝团 Lv9]
2026-05-20 13:07:18,92829047329,南丰,牛逼,[等级30],[粉丝团 Lv11]
2026-05-20 13:07:18,81954652493,菲菲啊👧🏻,[捂脸],[等级13],[粉丝团 Lv10]
2026-05-20 13:07:18,96693338451,小王哥,牛皮,[等级18],[粉丝团 Lv2]
2026-05-20 13:07:19,71126905166,抖音小肋手,牛批,[等级11],[粉丝团 Lv10]
2026-05-20 13:07:19,7544093123619177529,小蛋壳历险记R,666,[等级24],
2026-05-20 13:07:19,4233546532927219,🉑🈶🉑🈚,这都行,[等级20],[粉丝团 Lv10]
2026-05-20 13:07:19,2992213414390858,熵增,[看],,
2026-05-20 13:07:20,530442824987757,🌈咳嗽捂着点,牛逼 反应,[等级17],
2026-05-20 13:07:20,92880152342,咚恰恰,[捂脸][捂脸],[等级9],[粉丝团 Lv10]
2026-05-20 13:07:20,91657182053,爱旅行的岳先森,人才啊，不补人,,
2026-05-20 13:07:20,7473128820611384377,行走的舌尖,牛,[等级24],
2026-05-20 13:07:20,60612337717,大馋丫头🎀,加油加油有机会,[等级17],[粉丝团 Lv4]
2026-05-20 13:07:21,80179434962,悟空,[捂脸][捂脸][捂脸][捂脸][捂脸],[等级16],[粉丝团 Lv13]
2026-05-20 13:07:21,764858599219059,⭐️人王疋虫⭐️⁵¹⁰⁷⁴,这也能活[捂脸],[等级34],[粉丝团 Lv16]
2026-05-20 13:07:21,111570252130,纵情山水,[捂脸],[等级11],[粉丝团 Lv8]
2026-05-20 13:07:21,65778803461,泽♎,[捂脸][捂脸][捂脸],[等级45],
2026-05-20 13:07:22,110487983863,都怪你隐身太清晰,[捂脸][捂脸][捂脸],[等级17],[粉丝团 Lv8]
2026-05-20 13:07:22,63735269763,老鳄鱼,牛逼,[等级26],[粉丝团 Lv8]
2026-05-20 13:07:22,3507881319609276,林涧辞,牛逼,[等级4],
2026-05-20 13:07:22,101926859943,折.,6,[等级12],[粉丝团 Lv11]
2026-05-20 13:07:22,106154257281,风中的胭脂味,嗨,[等级4],[粉丝团 Lv2]
2026-05-20 13:07:23,78745833811,森林人,你这小手枪用的可以呀,[等级9],
2026-05-20 13:07:23,1006781712047288,我们,[捂脸][捂脸][捂脸],[等级37],[粉丝团 Lv14]
2026-05-20 13:07:23,3034255106508094,未来可欺,牛,[等级21],
2026-05-20 13:07:24,2629659676384440,东北小土豆,我去,[等级15],[粉丝团 Lv8]
2026-05-20 13:07:26,111318541962,late,66666,[等级15],[粉丝团 Lv2]
2026-05-20 13:07:26,4339093071205780,佛说她是劫,这都能用手枪,[等级12],
2026-05-20 13:07:26,1794029961617984,酃,六,[等级17],[粉丝团 Lv12]
2026-05-20 13:07:27,716523334534366,哇呜💋,哈哈哈哈哈,[等级15],[粉丝团 Lv12]
2026-05-20 13:07:27,3913913666903720,太阳☀,666,[等级41],[粉丝团 Lv13]
2026-05-20 13:07:27,3812751067854648,鹤归云,淘汰王睡不着了,[等级10],
2026-05-20 13:07:27,111144380567,随风,真牛,[等级10],[粉丝团 Lv2]
2026-05-20 13:07:29,109660537044,牧马城,[捂脸][捂脸][捂脸][捂脸],[等级34],[粉丝团 Lv11]
2026-05-20 13:07:29,110487983863,都怪你隐身太清晰,牛杯牛杯,[等级17],[粉丝团 Lv8]
2026-05-20 13:07:29,55159220102,BWRZ（记录美好）,刺激刺激[看][看],[等级36],[粉丝团 Lv16]
2026-05-20 13:07:29,3006484014435476,瓷骨刀,牛逼我去,,
2026-05-20 13:07:29,86422932321,小白龙123,牛儿鼻子,[等级16],
2026-05-20 13:07:30,101138818359,小鱼,牛呗,[等级34],[粉丝团 Lv15]
2026-05-20 13:07:31,1080156700017923,染⒈⒐,牛逼,[等级11],[粉丝团 Lv11]
2026-05-20 13:07:31,2217047282695710,相思,那些说自救有什么用的呢？,[等级33],[粉丝团 Lv15]
2026-05-20 13:07:31,4410845128828888,地狱小魔,还得是爷们儿枪,[等级25],[粉丝团 Lv11]
2026-05-20 13:07:32,1931219411932827,听说名字太长会有傻子跟着读,快来人啊[看],,
2026-05-20 13:07:33,3206643711214415,TiMi88,脚枪[看],[等级13],
2026-05-20 13:07:34,111156712881,有把妹天赋,牛逼牛逼,[等级19],[粉丝团 Lv10]
2026-05-20 13:07:34,896828231649432,修缘,[赞][赞][赞],,
2026-05-20 13:07:34,111318541962,late,传奇耐活王,[等级15],[粉丝团 Lv2]
2026-05-20 13:07:34,892413678724877,厌遇,[捂脸][黑脸][捂脸][黑脸][捂脸][黑脸],[等级24],[粉丝团 Lv7]
2026-05-20 13:07:35,100865032542,勇哥i,真难杀,[等级25],[粉丝团 Lv14]
2026-05-20 13:07:35,2217035127871515,小小酥,牛,[等级15],
2026-05-20 13:07:36,1094766260652222,愿卿安,666,[等级23],[粉丝团 Lv12]
2026-05-20 13:07:37,98039418025,吹冷风、,牛牛牛,[等级18],[粉丝团 Lv11]
2026-05-20 13:07:37,51782197378,爱哭的鱼…,还可以活两次,[等级34],[粉丝团:张君雅 Lv15]
2026-05-20 13:07:37,55159220102,BWRZ（记录美好）,下饭下饭[衰][干饭人][衰][干饭人][衰][干饭人][衰][干饭人],[等级36],[粉丝团 Lv16]
2026-05-20 13:07:37,4135695256662312,沐殇依棠醉晚,无人机,[等级6],
2026-05-20 13:07:39,7562923798250701883,你莫逗我笑嘛,这小强,[等级2],[粉丝团 Lv4]
2026-05-20 13:07:39,100605495849,你头发乱了喔，,啊啊啊啊啊,[等级15],[粉丝团 Lv10]
2026-05-20 13:07:40,110443730479,子沐,大难不死，再死一回,[等级20],[粉丝团 Lv12]
2026-05-20 13:07:40,99683439977,绥德汉,封烟,[等级15],[粉丝团 Lv2]
2026-05-20 13:07:42,4165422085581629,挽梦*,牛逼,[等级9],[粉丝团 Lv5]
2026-05-20 13:07:44,1094766260652222,愿卿安,不愧是爱播,[等级23],[粉丝团 Lv12]
2026-05-20 13:07:45,2040297588264048,青岛阿龙（要努力）,手枪瞄准镜怎么弄的,[等级16],
2026-05-20 13:07:45,59348532870,贫僧法号：乱来,这都能活[捂脸][捂脸][捂脸][捂脸],[等级34],
2026-05-20 13:07:45,71126905166,抖音小肋手,6666,[等级11],[粉丝团 Lv10]
2026-05-20 13:07:46,100769124890,顽,封烟拿马进圈,[等级13],[粉丝团 Lv10]
2026-05-20 13:07:51,62653006650,*顺奇自然*,牛逼牛逼！,[等级12],[粉丝团 Lv9]
2026-05-20 13:07:51,1046325426913655,小呼呼,手枪打的好,[等级6],[粉丝团 Lv4]
2026-05-20 13:07:52,106154257281,风中的胭脂味,手枪打的不错兄弟,[等级4],[粉丝团 Lv2]
2026-05-20 13:07:52,3347394361297940,橙味奶祺🍫,哈哈哈哈哈笑死我了,[等级19],[粉丝团 Lv8]
2026-05-20 13:07:53,2585645921076552,梅菜crow粥,破防雷,[等级8],
2026-05-20 13:07:53,101629850514,张老黑的飞哥⁵¹⁰⁷⁴,？,[等级33],[粉丝团 Lv16]
2026-05-20 13:07:53,111007266356,🔱守望w,他也想从这里进圈,[等级29],[粉丝团 Lv15]
2026-05-20 13:07:53,68423550125,Love the way you lie,[捂脸][捂脸][捂脸],[等级15],[粉丝团 Lv11]
2026-05-20 13:07:55,1939157993129428,莓柿,喝多了,[等级6],[粉丝团 Lv5]
2026-05-20 13:07:55,97217883865,尭💫,？？？？？,[等级22],[粉丝团 Lv8]
2026-05-20 13:07:56,3853110172199261,吃点猫耳朵,来送箭的,[等级10],[粉丝团 Lv9]
2026-05-20 13:07:57,3813545012640039,ShesArebel,送箭来的,[等级4],[粉丝团 Lv4]
2026-05-20 13:08:01,101629850514,张老黑的飞哥⁵¹⁰⁷⁴,不喝多我也猛,[等级33],[粉丝团 Lv16]
2026-05-20 13:08:02,1358619284865086,老江湖土田共戈,你玩赖,[等级18],
2026-05-20 13:08:04,100865032542,勇哥i,开车,[等级25],[粉丝团 Lv14]
2026-05-20 13:08:06,82648728971,林...,我不喝多也不猛,[等级10],
2026-05-20 13:08:06,50994395662,Z.x.y,啥,[等级30],[粉丝团 Lv13]
2026-05-20 13:08:06,4135695256662312,沐殇依棠醉晚,无人机,[等级6],
2026-05-20 13:08:08,1135133621748335,暗龍,确实喝多了，忘补你了,[等级14],[粉丝团 Lv1]
2026-05-20 13:08:08,2823153460978493,好景常在,手机还是PC？？？？,[等级7],
2026-05-20 13:08:08,2700008501543597,pikapika,[捂脸][捂脸][捂脸][捂脸][捂脸][捂脸],[等级28],[粉丝团 Lv15]
2026-05-20 13:08:10,97571807253,顺流勇达,换甲,[等级22],[粉丝团 Lv6]
2026-05-20 13:08:11,68990608858,夏雨天,换头甲换头甲,[等级14],[粉丝团 Lv1]
2026-05-20 13:08:11,22687115830,愿与终、,电磁不拿一个吗,[等级19],[粉丝团 Lv13]
2026-05-20 13:08:12,58620329844,你霉柿吧🐷,520快乐,[等级12],[粉丝团 Lv4]
2026-05-20 13:08:12,101393000279,兰肃,666,[等级25],[粉丝团 Lv13]
2026-05-20 13:08:12,2395184081945055,忙里偷闲⁵¹⁰⁷⁴,自救，一次可以捡几个？,[等级29],[粉丝团 Lv15]
2026-05-20 13:08:12,71126905166,抖音小肋手,这一波张君雅牛逼,[等级11],[粉丝团 Lv10]
2026-05-20 13:08:13,470245012415309,铭洋speak⁵¹⁰⁷⁴🌈,真难杀啊[捂脸],[等级29],[粉丝团 Lv13]
2026-05-20 13:08:13,102975231570,你的样子,"阿.,",[等级14],
2026-05-20 13:08:13,94621081467,雨踏歌行.,牛尔逼之[赞],[等级20],[粉丝团 Lv15]
2026-05-20 13:08:15,93583064765,珊瑚海🀄️👌💰,空投,[等级24],[粉丝团 Lv2]
2026-05-20 13:08:17,794278634983936,FLIPPED,打人机打的淘汰王[捂脸],[等级16],[粉丝团 Lv11]
2026-05-20 13:08:18,3913913666903720,太阳☀,老黑总能给我们带来神操作[赞][赞],[等级41],[粉丝团 Lv13]
2026-05-20 13:08:18,111383523563,风清扬,评论区卡了吗？,[等级20],[粉丝团 Lv12]
2026-05-20 13:08:19,835228061934319,🌴9527,还好捡了手枪[666],[等级22],[粉丝团 Lv10]
2026-05-20 13:08:20,101706110019,梦语,应该以为后面那人是你队友哈哈,[等级7],
2026-05-20 13:08:20,1094766260652222,愿卿安,倒的那一瞬间，局哥附体,[等级23],[粉丝团 Lv12]
2026-05-20 13:08:22,33449514638736,一件小事,打到了怎么还可以打人,[等级12],
2026-05-20 13:08:23,1134350379006733,烟酒生,这兄弟手枪选手,[等级19],[粉丝团 Lv4]
2026-05-20 13:08:28,4162095481363833,mrtang,他想从这里进圈，他都没补你。,,
2026-05-20 13:08:30,82871466800,桑陌。,还是年轻啊，我现在喝多了就啥也不是了,[等级9],[粉丝团 Lv9]
2026-05-20 13:08:31,109592234297,愙  歖,别人就不能跟你碰面是吗  只要一碰面就是来抓你的？,[等级18],
2026-05-20 13:08:35,1846799807822347,縯員,他为啥不补你？,[等级8],[粉丝团 Lv4]
2026-05-20 13:08:50,3615668854341518,相逢已是上上签,爆炸工,,
2026-05-20 13:08:51,100769124890,顽,左边刚响枪了,[等级13],[粉丝团 Lv10]
2026-05-20 13:08:51,1530174358163047,不知不觉九月,爆炸弓弄他,[等级15],
2026-05-20 13:08:53,1135133621748335,暗龍,@縯員 喝多了,[等级14],[粉丝团 Lv1]
2026-05-20 13:08:55,103140950091,薄底披萨,一雷不响,[等级4],
2026-05-20 13:09:01,80179434962,悟空,好卡,[等级16],[粉丝团 Lv13]
2026-05-20 13:09:01,202762060829027,逆风望海,弓箭🏹🏹🏹🏹,[等级18],[粉丝团 Lv10]
2026-05-20 13:09:18,3316561565464253,筱商²⁰²⁶💪,我还以为我卡呢,[等级18],[粉丝团 Lv12]
2026-05-20 13:09:25,55159220102,BWRZ（记录美好）,[大笑][偷笑],[等级36],[粉丝团 Lv16]
2026-05-20 13:09:30,110298108161,李  先 生,要爆炸弓看呀[呲牙],[等级13],
2026-05-20 13:09:34,50994395662,Z.x.y,飞哥不是本地人啊,[等级30],[粉丝团 Lv13]
2026-05-20 13:09:36,3347394361297940,橙味奶祺🍫,6,[等级19],[粉丝团 Lv8]
2026-05-20 13:09:38,103140950091,薄底披萨,这是快错了,[等级4],
2026-05-20 13:09:45,101693611981,大🐜🐜🐜,1080,[等级24],[粉丝团 Lv14]
2026-05-20 13:09:49,3045005596037664,习惯了,爆炸弓留着？？？,,
2026-05-20 13:09:51,55159220102,BWRZ（记录美好）,[一起加油][一起加油][一起加油],[等级36],[粉丝团 Lv16]
2026-05-20 13:09:56,2752776078632967,飞飞飞,哈哈哈哈哈,[等级25],[粉丝团 Lv10]
2026-05-20 13:09:58,55159220102,BWRZ（记录美好）,[发呆],[等级36],[粉丝团 Lv16]
2026-05-20 13:09:58,2217047282695710,相思,[捂脸],[等级33],[粉丝团 Lv15]
2026-05-20 13:09:59,52727051848,玫瑰,哈哈哈哈哈哈哈哈,[等级30],[粉丝团 Lv9]
2026-05-20 13:09:59,80352507013,冣乂²⁰²⁶₀₉₂₄,哈哈哈哈,[等级26],[粉丝团 Lv15]
2026-05-20 13:09:59,109881104951,372923,[捂脸][捂脸][捂脸][捂脸][捂脸][捂脸],[等级3],
2026-05-20 13:10:00,66672197795,過客,[尬笑][尬笑][尬笑],[等级34],[粉丝团 Lv8]
2026-05-20 13:10:01,92880152342,咚恰恰,哈哈哈,[等级9],[粉丝团 Lv10]
2026-05-20 13:10:01,99722569148,是可乐呀,[捂脸][捂脸],[等级17],[粉丝团 Lv13]
2026-05-20 13:10:01,58962908907,无味.,哈哈哈哈哈,[等级14],[粉丝团 Lv10]
2026-05-20 13:10:02,98460975967,ەㅤㅤㅤㅤㅤㅤㅤㅤㅤ一个蛋🥚 ㅤㅤㅤㅤ,[捂脸][捂脸][捂脸],[等级34],[粉丝团 Lv10]
2026-05-20 13:10:02,97873254852,没有月儿的夜,哈哈哈哈哈,[等级9],
2026-05-20 13:10:02,33464209123146,七七💙,哈哈,[等级2],
2026-05-20 13:10:03,4410845128828888,地狱小魔,哈哈哈哈哈哈哈哈,[等级25],[粉丝团 Lv11]
2026-05-20 13:10:03,99470859079,人生的味道⁵¹⁰⁷⁴,[捂脸][捂脸][捂脸][捂脸],[等级13],[粉丝团 Lv12]
2026-05-20 13:10:03,71361809725,老三i,哈哈哈哈哈哈哈,[等级25],[粉丝团 Lv5]
2026-05-20 13:10:03,100056462711,是玲玲吖丶ᥫᩣ,[捂脸][捂脸][捂脸],[等级29],[粉丝团 Lv8]
2026-05-20 13:10:04,3139859134824030,曦糖糖,[捂脸][捂脸][捂脸],[等级26],[粉丝团 Lv14]
2026-05-20 13:10:04,71126905166,抖音小肋手,[捂脸][捂脸][捂脸],[等级11],[粉丝团 Lv10]
2026-05-20 13:10:04,716523334534366,哇呜💋,哈哈哈哈,[等级15],[粉丝团 Lv12]
2026-05-20 13:10:05,102932534042,我困了,哈哈哈,[等级17],
2026-05-20 13:10:05,71643904450,知夏྅,？,[等级12],[粉丝团 Lv12]
2026-05-20 13:10:05,102469975321,✨名门⭐️,干嘛？[尬笑][尬笑][尬笑],[等级19],[粉丝团 Lv15]
2026-05-20 13:10:05,8395632158909,郭叔,哈哈哈哈哈,[等级9],[粉丝团 Lv8]
2026-05-20 13:10:05,104851632950,透过窗的光,[捂脸][捂脸][捂脸],[等级28],[粉丝团 Lv13]
2026-05-20 13:10:05,74393086871,花开忘忧,[捂脸][捂脸],[等级8],[粉丝团 Lv9]
2026-05-20 13:10:05,101393000279,兰肃,[发呆][发呆][发呆][发呆],[等级25],[粉丝团 Lv13]
2026-05-20 13:10:05,1257437656002798,某某.,栅栏炸飞了,[等级34],[粉丝团:张君雅 Lv16]
2026-05-20 13:10:06,103140950091,薄底披萨,自杀,[等级4],
2026-05-20 13:10:06,4208550698818040,拼命微笑,[捂脸][捂脸][捂脸][捂脸][捂脸][捂脸],[等级16],[粉丝团 Lv10]
2026-05-20 13:10:06,68278570215,🌟锦霄🌟,[捂脸][捂脸][捂脸],[等级19],[粉丝团 Lv14]
2026-05-20 13:10:07,83151173454603,随遇安-,[捂脸][捂脸][捂脸][捂脸][捂脸],[等级8],
2026-05-20 13:10:07,92829047329,南丰,[捂脸][捂脸][捂脸],[等级30],[粉丝团 Lv11]
2026-05-20 13:10:07,103140950091,薄底披萨,？,[等级4],
2026-05-20 13:10:08,111177217836,华华,想雷自己啊,[等级2],
2026-05-20 13:10:09,101376906320,小王,低抛封雷,[等级14],[粉丝团 Lv11]
2026-05-20 13:10:09,101926859943,折.,哈哈哈哈哈,[等级12],[粉丝团 Lv11]
2026-05-20 13:10:09,2752776078632967,飞飞飞,展示容错,[等级25],[粉丝团 Lv10]
2026-05-20 13:10:12,3913913666903720,太阳☀,低抛雷[捂脸],[等级41],[粉丝团 Lv13]
2026-05-20 13:10:12,101629850514,张老黑的飞哥⁵¹⁰⁷⁴,我看了半天低抛雷,[等级33],[粉丝团 Lv16]
2026-05-20 13:10:15,60734799875,张_,打急眼了 自己炸自己,[等级19],[粉丝团 Lv5]
2026-05-20 13:10:15,2172229561625960,好嗨哟,封雷,[等级25],[粉丝团 Lv13]
2026-05-20 13:10:20,1094766260652222,愿卿安,狠起来自己都炸,[等级23],[粉丝团 Lv12]
2026-05-20 13:10:20,59418826694,老巫婆,低抛雷,[等级33],[粉丝团 Lv14]
2026-05-20 13:10:22,7592149263305983013,江行云,[捂脸][捂脸][捂脸]我还纳闷你对着那地方丢雷干啥,,
2026-05-20 13:10:24,52727051848,玫瑰,哈哈哈哈哈哈哈哈,[等级30],[粉丝团 Lv9]
2026-05-20 13:10:24,82472617183,J总      -顺风顺水—,还得是我雅有节目效果,[等级29],
2026-05-20 13:10:24,71126905166,抖音小肋手,6666,[等级11],[粉丝团 Lv10]
2026-05-20 13:10:25,66624217824,᭄自由ঞৣঁ如风᭄🍻,哈哈哈哈,[等级14],[粉丝团 Lv6]
2026-05-20 13:10:26,88610989490,🌈杨杨得忆❤️,[捂脸][捂脸][捂脸][捂脸],[等级24],[粉丝团 Lv7]
2026-05-20 13:10:26,97078591561,爆烟子老者,自言自语说啥呢,[等级29],[粉丝团 Lv15]
2026-05-20 13:10:26,100865032542,勇哥i,牛逼,[等级25],[粉丝团 Lv14]
2026-05-20 13:10:27,55159220102,BWRZ（记录美好）,牛逼,[等级36],[粉丝团 Lv16]
2026-05-20 13:10:27,97873254852,没有月儿的夜,哈哈哈哈哈哈,[等级9],
2026-05-20 13:10:27,2007084944330340,陈不住气的,666,[等级9],[粉丝团 Lv2]
2026-05-20 13:10:28,59197600987,冬玥,卧槽！！,[等级13],[粉丝团 Lv11]
2026-05-20 13:10:28,2395184081945055,忙里偷闲⁵¹⁰⁷⁴,[捂脸][捂脸],[等级29],[粉丝团 Lv15]
2026-05-20 13:10:28,716523334534366,哇呜💋,哈哈哈哈哈,[等级15],[粉丝团 Lv12]
2026-05-20 13:10:28,85901331023,H e i n e k e n,[捂脸][捂脸][捂脸],[等级17],[粉丝团 Lv2]
2026-05-20 13:10:28,4242391670471672,@Aminah 🐾,哈哈哈哈哈哈哈,[等级14],[粉丝团 Lv12]
2026-05-20 13:10:28,92829047329,南丰,[捂脸][捂脸][捂脸][比心],[等级30],[粉丝团 Lv11]
2026-05-20 13:10:29,1931219411932827,听说名字太长会有傻子跟着读,？,,
2026-05-20 13:10:29,91632434183,开心,哈哈哈哈哈哈哈,[等级19],[粉丝团 Lv9]
2026-05-20 13:10:30,56248970343,ʚ财多多ɞ₂₀₂₆,哈哈哈哈,[等级15],
2026-05-20 13:10:30,55159220102,BWRZ（记录美好）,啊啊啊啊啊,[等级36],[粉丝团 Lv16]
2026-05-20 13:10:30,101277257606,风的影子🧸,[捂脸][捂脸][捂脸][捂脸],[等级42],[粉丝团 Lv11]
2026-05-20 13:10:30,97381000803,哈密瓜炒油条,哈哈哈哈哈哈哈哈哈,[等级3],
2026-05-20 13:10:30,81335611617,遇  见𓁙,极限了,[等级19],
2026-05-20 13:10:30,3139859134824030,曦糖糖,6666,[等级26],[粉丝团 Lv14]
2026-05-20 13:10:30,3316583541518749,用户8851799475283,[呲牙][呲牙][呲牙],,
2026-05-20 13:10:30,1027362189215484,王哥在吉林做婚礼（吉林今囍婚纱）,哈哈哈哈哈哈,[等级1],
2026-05-20 13:10:30,63735269763,老鳄鱼,牛逼PLUS,[等级26],[粉丝团 Lv8]
2026-05-20 13:10:30,68189106631,𝑶𝒏𝒆,[捂脸],[等级30],[粉丝团 Lv10]
2026-05-20 13:10:30,75341543348,繁花似锦ʊ,哈哈,[等级12],[粉丝团 Lv11]
2026-05-20 13:10:30,101393000279,兰肃,[笑哭][笑哭][笑哭][笑哭],[等级25],[粉丝团 Lv13]
2026-05-20 13:10:31,100605495849,你头发乱了喔，,哈哈哈哈,[等级15],[粉丝团 Lv10]
2026-05-20 13:10:31,99696552776,As before＂⁵¹⁰⁷⁴,[捂脸][捂脸][捂脸][捂脸],[等级25],[粉丝团 Lv15]
2026-05-20 13:10:32,3648620817810563,૮₍˃̶ꇴ˂̶₎ა,[捂脸][捂脸][捂脸],[等级7],[粉丝团 Lv8]
2026-05-20 13:10:32,96738301829,㿝氼,[捂脸][捂脸][捂脸],[等级19],[粉丝团 Lv12]
2026-05-20 13:10:33,55159220102,BWRZ（记录美好）,啊啊啊啊,[等级36],[粉丝团 Lv16]
2026-05-20 13:10:33,81159556291,奥利给,[捂脸][捂脸][捂脸],[等级29],[粉丝团 Lv12]
2026-05-20 13:10:33,3795156287621927,拾欢,[捂脸][捂脸][捂脸],[等级15],[粉丝团 Lv13]
2026-05-20 13:10:33,59197600987,冬玥,这都行,[等级13],[粉丝团 Lv11]
2026-05-20 13:10:34,470245012415309,铭洋speak⁵¹⁰⁷⁴🌈,真难杀,[等级29],[粉丝团 Lv13]
2026-05-20 13:10:34,465795165197784,果果冻,666,[等级2],
2026-05-20 13:10:35,101628320807,⁰⁴.₁₂杨℘,[捂脸][捂脸],[等级16],[粉丝团 Lv2]
2026-05-20 13:10:35,100769124890,顽,它们怎么不打对方,[等级13],[粉丝团 Lv10]
2026-05-20 13:10:36,2753614464685597,菠萝啤,666,[等级7],
2026-05-20 13:10:36,1027362189215484,王哥在吉林做婚礼（吉林今囍婚纱）,牛逼 哈哈哈哈哈,[等级1],
2026-05-20 13:10:36,62952671133,周小周.,牛逼,[等级15],[粉丝团 Lv9]
2026-05-20 13:10:37,62514459079,再睡五分钟。,哈哈哈哈哈哈哈哈,[等级13],[粉丝团 Lv10]
2026-05-20 13:10:38,64096045771,ㅤㅤㅤㅤ ㅤㅤㅤ ㅤ  ㅤAlano,哈哈哈哈,[等级24],[粉丝团 Lv8]
2026-05-20 13:10:39,62927525725,妗妗,传奇耐活王[捂脸][捂脸],[等级32],
2026-05-20 13:10:39,1118655583631034,未闻花名,哈哈哈哈哈,[等级9],[粉丝团 Lv4]
2026-05-20 13:10:39,77416951506,ら孤痞,@愙  歖 又没说窥屏抓,[等级37],[粉丝团 Lv17]
2026-05-20 13:10:40,7630797104780854309,余好,牛逼啊,[等级17],[粉丝团 Lv3]
2026-05-20 13:10:40,96738301829,㿝氼,牛逼[捂脸][捂脸][捂脸],[等级19],[粉丝团 Lv12]
2026-05-20 13:10:40,3206643711214415,TiMi88,野人[看],[等级13],
2026-05-20 13:10:41,7522502508770853948,荣昌 · 楊,[捂脸][捂脸][捂脸],,
2026-05-20 13:10:43,4410845128828888,地狱小魔,哈哈哈哈哈哈哈哈,[等级25],[粉丝团 Lv11]
2026-05-20 13:10:44,64096045771,ㅤㅤㅤㅤ ㅤㅤㅤ ㅤ  ㅤAlano,[666],[等级24],[粉丝团 Lv8]
2026-05-20 13:10:44,96992796442,💕凉凉⁸⁰⁰⁸,[捂脸],[等级10],[粉丝团 Lv11]
2026-05-20 13:10:44,92880152342,咚恰恰,哈哈哈哈哈,[等级9],[粉丝团 Lv10]
2026-05-20 13:10:44,101094843998,『🐒🐒』,[捂脸][捂脸][捂脸][捂脸][捂脸],[等级19],[粉丝团 Lv12]
2026-05-20 13:10:44,88610989490,🌈杨杨得忆❤️,[捂脸][捂脸][捂脸][捂脸],[等级24],[粉丝团 Lv7]
2026-05-20 13:10:44,2752776078632967,飞飞飞,差一点点,[等级25],[粉丝团 Lv10]
2026-05-20 13:10:45,52727051848,玫瑰,哈哈哈,[等级30],[粉丝团 Lv9]
2026-05-20 13:10:45,99372859314,启  夏,哈哈哈哈,[等级25],[粉丝团 Lv15]
2026-05-20 13:10:46,3835516657862510,hello,[捂脸][捂脸][捂脸],[等级21],[粉丝团 Lv5]
2026-05-20 13:10:46,60291070652,涛哥🆒,[捂脸][捂脸][捂脸][捂脸],[等级21],[粉丝团 Lv15]
2026-05-20 13:10:46,71126905166,抖音小肋手,[捂脸][捂脸],[等级11],[粉丝团 Lv10]
2026-05-20 13:10:46,100056462711,是玲玲吖丶ᥫᩣ,[捂脸][捂脸],[等级29],[粉丝团 Lv8]
2026-05-20 13:10:46,80179434962,悟空,[捂脸][捂脸][捂脸][捂脸],[等级16],[粉丝团 Lv13]
2026-05-20 13:10:46,103140950091,薄底披萨,[捂脸][捂脸][捂脸],[等级4],
2026-05-20 13:10:47,96921675385,X I A N G,[捂脸][捂脸][捂脸][捂脸],[等级12],[粉丝团 Lv8]
2026-05-20 13:10:47,98460975967,ەㅤㅤㅤㅤㅤㅤㅤㅤㅤ一个蛋🥚 ㅤㅤㅤㅤ,[尬笑][尬笑][尬笑],[等级34],[粉丝团 Lv10]
2026-05-20 13:10:47,97870569996,归榆,牛啊,[等级7],
2026-05-20 13:10:47,55159220102,BWRZ（记录美好）,哎呀,[等级36],[粉丝团 Lv16]
2026-05-20 13:10:48,99030324904,扁豆,520快乐,[等级15],
2026-05-20 13:10:48,110698553675,是小苏吖❤️❤️❤️,哈哈哈,[等级17],
2026-05-20 13:10:48,2395184081945055,忙里偷闲⁵¹⁰⁷⁴,[捂脸][捂脸],[等级29],[粉丝团 Lv15]
2026-05-20 13:10:48,4165407898869996,每天对被子表白,[捂脸][捂脸][捂脸],[等级5],[粉丝团 Lv2]
2026-05-20 13:10:48,64559412355,—━☆沉默づ,哈哈哈,[等级38],
2026-05-20 13:10:48,1257440102592381,2467卡0,[捂脸][捂脸][捂脸],[等级34],[粉丝团 Lv16]
2026-05-20 13:10:48,97381000803,哈密瓜炒油条,哈哈哈哈哈哈哈,[等级3],
2026-05-20 13:10:48,716523334534366,哇呜💋,哈哈哈哈哈,[等级15],[粉丝团 Lv12]
2026-05-20 13:10:48,111318541962,late,传奇耐活王,[等级15],[粉丝团 Lv2]
2026-05-20 13:10:48,96005113653,山海声,哈哈哈[捂脸][捂脸],[等级23],[粉丝团 Lv6]
2026-05-20 13:10:48,109881104951,372923,[捂脸][捂脸][捂脸][捂脸][捂脸][捂脸][捂脸][捂脸],[等级3],
2026-05-20 13:10:49,3795156287621927,拾欢,[捂脸][捂脸][捂脸],[等级15],[粉丝团 Lv13]
2026-05-20 13:10:49,70923711471,辣椒🌶️,[捂脸],[等级14],[粉丝团 Lv7]
2026-05-20 13:10:49,83419754472,orange,[流泪][流泪],[等级32],[粉丝团 Lv8]
2026-05-20 13:10:49,2500744598796624,🪳🪳🪳,牛逼,[等级6],[粉丝团 Lv4]
2026-05-20 13:10:49,2217035127871515,小小酥,[赞][赞][赞],[等级15],
2026-05-20 13:10:49,3664003065714740,学会沉默888,[捂脸],[等级16],[粉丝团 Lv12]
2026-05-20 13:10:50,2629659676384440,东北小土豆,很厉害了,[等级15],[粉丝团 Lv8]
2026-05-20 13:10:50,2071086839901975,打断瘸子那条好腿,哈哈哈哈哈,[等级19],
2026-05-20 13:10:50,1424586570727799,_13,[捂脸][捂脸],[等级13],
2026-05-20 13:10:50,21618236066215,这是甚么？,神了,[等级10],
2026-05-20 13:10:50,75216878522,晚知泽,还能活,[等级26],
2026-05-20 13:10:50,71643904450,知夏྅,哈哈哈哈哈,[等级12],[粉丝团 Lv12]
2026-05-20 13:10:50,4233546532927219,🉑🈶🉑🈚,哈哈哈哈哈,[等级20],[粉丝团 Lv10]
2026-05-20 13:10:50,3013139552021534,🦁🖤,哈哈哈哈哈哈哈（絲,[等级32],[粉丝团:张君雅 Lv16]
2026-05-20 13:10:50,106100661665,H.,[捂脸][捂脸],[等级31],[粉丝团 Lv11]
2026-05-20 13:10:51,1027362189215484,王哥在吉林做婚礼（吉林今囍婚纱）,[捂脸][捂脸][捂脸][捂脸][捂脸][捂脸][捂脸][捂脸][捂脸][捂脸][捂脸],[等级1],
2026-05-20 13:10:51,939441912028432,Vv,[捂脸],[等级19],
2026-05-20 13:10:51,91616813169,七点兀,哈哈哈哈哈哈哈哈,[等级7],[粉丝团 Lv4]
2026-05-20 13:10:51,102420886252,木槿～,[捂脸][捂脸][捂脸][捂脸],[等级7],
2026-05-20 13:10:52,83645562268,風裡藏著溫柔,哈哈哈哈,[等级9],[粉丝团 Lv11]
2026-05-20 13:10:52,3347394361297940,橙味奶祺🍫,卡了,[等级19],[粉丝团 Lv8]
2026-05-20 13:10:52,2625259274516524,初孞☔️,太极限了,[等级19],[粉丝团 Lv12]
2026-05-20 13:10:52,60398879608,修禅,哈哈哈哈,[等级24],
2026-05-20 13:10:52,4022473420183417,在烂泥堆里摆烂,哈哈哈哈哈哈,[等级10],
2026-05-20 13:10:52,94719996734,你礼貌吗,真难杀啊爱播,[等级15],[粉丝团 Lv10]
2026-05-20 13:10:52,110487983863,都怪你隐身太清晰,[捂脸][捂脸][捂脸],[等级17],[粉丝团 Lv8]
2026-05-20 13:10:52,1248666993843848,若曼,啊啊,[等级10],
2026-05-20 13:10:52,110133575047,阳,哈哈哈,[等级1],[粉丝团 Lv2]
2026-05-20 13:10:52,68189106631,𝑶𝒏𝒆,[捂脸][捂脸][捂脸],[等级30],[粉丝团 Lv10]
2026-05-20 13:10:52,73262120614,慧子大人,哈哈哈哈哈😂,[等级14],[粉丝团 Lv12]
2026-05-20 13:10:53,65778803461,泽♎,[捂脸][捂脸][捂脸][捂脸][捂脸],[等级45],
2026-05-20 13:10:53,99470859079,人生的味道⁵¹⁰⁷⁴,[捂脸][捂脸][捂脸][捂脸][捂脸],[等级13],[粉丝团 Lv12]
2026-05-20 13:10:53,522988573440222,隐客,哈哈,[等级2],[粉丝团 Lv2]
2026-05-20 13:10:53,4381973762541676,抖音用户9463184673,笑死我了,,
2026-05-20 13:10:53,666729461070051,江小伯写字,很厉害了👍,,
2026-05-20 13:10:53,81159556291,奥利给,[捂脸][捂脸][捂脸][捂脸],[等级29],[粉丝团 Lv12]
2026-05-20 13:10:53,80383016930,零度°C 冰川⁵¹⁰⁷⁴,[捂脸][捂脸][捂脸],[等级11],[粉丝团 Lv11]
2026-05-20 13:10:53,93310511975,太子🥷,哈哈哈,[等级39],[粉丝团 Lv11]
2026-05-20 13:10:53,99278275459,恒远典當,极限了[比心],[等级25],
2026-05-20 13:10:53,100459313206,莉枝,哈哈哈哈哈,[等级17],[粉丝团 Lv10]
2026-05-20 13:10:54,85901331023,H e i n e k e n,[捂脸][捂脸][捂脸][捂脸],[等级17],[粉丝团 Lv2]
2026-05-20 13:10:54,69260020651,ZDL,666666,[等级11],[粉丝团 Lv10]
2026-05-20 13:10:54,3913913666903720,太阳☀,[捂脸][捂脸][捂脸],[等级41],[粉丝团 Lv13]
2026-05-20 13:10:54,1209059641662923,则圣矣，立志而贤则贤矣。,[大笑][大笑][大笑][大笑][大笑],[等级37],[粉丝团 Lv11]
2026-05-20 13:10:54,3485878793281240,何志坚,[捂脸][捂脸][捂脸][捂脸][捂脸],[等级34],[粉丝团 Lv11]
2026-05-20 13:10:54,94398492035,来世做你帐上妖,哈哈哈,[等级12],[粉丝团 Lv11]
2026-05-20 13:10:55,101595263010620,伊昂,[捂脸][捂脸][捂脸][捂脸],[等级12],[粉丝团 Lv10]
2026-05-20 13:10:55,96154867650,俺的奶嘴呢,[捂脸][捂脸][捂脸][捂脸],[等级36],
2026-05-20 13:10:55,71126905166,抖音小肋手,燃尽啦,[等级11],[粉丝团 Lv10]
2026-05-20 13:10:55,60291070652,涛哥🆒,太难了,[等级21],[粉丝团 Lv15]
2026-05-20 13:10:55,104360562881,夏序清和·无心,哈哈哈哈520快乐,[等级24],[粉丝团 Lv9]
2026-05-20 13:10:55,83741692901,925,菜,[等级33],[粉丝团 Lv7]
2026-05-20 13:10:55,99393356410,吃不了一点香菜,[捂脸][捂脸][捂脸][捂脸]对面不打,[等级26],[粉丝团 Lv12]
2026-05-20 13:10:55,99722569148,是可乐呀,已经很牛逼了,[等级17],[粉丝团 Lv13]
2026-05-20 13:10:55,77512404448,～～～,牛逼,[等级28],[粉丝团 Lv5]
2026-05-20 13:10:55,83687008649,左右,好人不长命[看],[等级28],[粉丝团 Lv14]
2026-05-20 13:10:55,99482732407,唐三藏,哈哈,[等级7],
2026-05-20 13:10:56,96261969310,酒醉人不归,哈哈哈哈,[等级15],[粉丝团 Lv10]
2026-05-20 13:10:56,66672197795,過客,[捂脸][捂脸][捂脸],[等级34],[粉丝团 Lv8]
2026-05-20 13:10:56,105293023358,僅此.,哈哈，打不死的小雅,[等级5],
2026-05-20 13:10:57,2330615895294312,wei嗯,牛,[等级12],[粉丝团 Lv11]
2026-05-20 13:10:57,59197600987,冬玥,真刺激,[等级13],[粉丝团 Lv11]
2026-05-20 13:10:57,3315721701699262,尘埃,[呲牙],[等级22],
2026-05-20 13:10:57,104204409648,牵牛的娃,[666],[等级19],[粉丝团 Lv12]
2026-05-20 13:10:57,84397370960,辞。,哈哈哈,[等级41],[粉丝团 Lv18]
2026-05-20 13:10:57,81954652493,菲菲啊👧🏻,[捂脸],[等级13],[粉丝团 Lv10]
2026-05-20 13:10:57,1877615703246221,梦千年,搞笑,[等级4],[粉丝团 Lv4]
2026-05-20 13:10:58,82866810587,꧁抖音小晨꧂,[捂脸][捂脸],[等级2],
2026-05-20 13:10:58,81159556291,奥利给,哈哈哈,[等级29],[粉丝团 Lv12]
2026-05-20 13:10:58,46647388407515,不…晚…,[捂脸][捂脸][捂脸][捂脸][捂脸][捂脸][捂脸],,
2026-05-20 13:10:58,2651616005591635,八方来财超强版,哈哈哈哈哈哈哈哈哈哈哈,[等级11],
2026-05-20 13:10:58,4292971274450391,在下叶西西,可惜可惜,,
2026-05-20 13:10:58,110698553675,是小苏吖❤️❤️❤️,666,[等级17],
2026-05-20 13:10:59,69375268801,蒿望舒·月澄,哈哈哈,[等级29],[粉丝团 Lv10]
2026-05-20 13:10:59,53463059062,行了别说了,山上那队真菜啊，这都不打,[等级17],[粉丝团 Lv11]
2026-05-20 13:10:59,61194651110,草木,哈哈哈哈哈哈哈哈哈老登,[等级16],
2026-05-20 13:10:59,4376519051845263,极风,哈哈哈,,
2026-05-20 13:10:59,3193408832936424,朝天,哈哈哈哈,[等级3],
2026-05-20 13:10:59,92659097921,猫饼,哈哈哈哈哈,[等级26],[粉丝团 Lv9]
2026-05-20 13:10:59,4451288081510848,是我娅！,哈哈哈哈哈,[等级20],[粉丝团 Lv10]
2026-05-20 13:10:59,646161190361448,暗影狂花,[看],[等级22],[粉丝团 Lv7]
2026-05-20 13:10:59,78119299731,MINGJIE明杰箱包,[捂脸][捂脸][捂脸][捂脸],[等级30],
2026-05-20 13:10:59,97873254852,没有月儿的夜,哈哈哈哈哈哈哈,[等级9],
2026-05-20 13:10:59,61781610358,记忆点,差一点,[等级19],[粉丝团 Lv9]
2026-05-20 13:11:00,7618241530398098469,嘎达嘎达,好搞笑,,
2026-05-20 13:11:01,2075495528937436,省油的灯,两队不互打，都先打你,[等级24],[粉丝团 Lv9]
2026-05-20 13:11:01,66873200785,岁岁平安,哈哈哈哈,[等级3],
2026-05-20 13:11:01,2201666492307559,慕容皓轩@,厉害了[666][666][666],[等级16],[粉丝团 Lv11]
2026-05-20 13:11:01,105975654547,L——,这要给你吃鸡了不得吹一年,[等级6],
2026-05-20 13:11:01,61226959541,路人甲的煽情༊,哈哈哈哈这波很到位了,[等级23],[粉丝团 Lv8]
2026-05-20 13:11:02,97873254852,没有月儿的夜,极限,[等级9],
2026-05-20 13:11:03,7510879895099819068,有品,你真难杀,[等级2],
2026-05-20 13:11:03,73133140989,行稳致远,[666],[等级31],[粉丝团 Lv15]
2026-05-20 13:11:03,3408095934947991,•,哈哈哈哈,,
2026-05-20 13:11:04,343486129250376,Zzz...,提前打就打得过了,[等级14],[粉丝团 Lv10]
2026-05-20 13:11:04,96992796442,💕凉凉⁸⁰⁰⁸,听到你打药了[捂脸],[等级10],[粉丝团 Lv11]
2026-05-20 13:11:04,7429498621357540409,不善言辞,哈哈哈哈哈,[等级22],[粉丝团 Lv14]
2026-05-20 13:11:05,92829047329,南丰,可以了，命真硬,[等级30],[粉丝团 Lv11]
2026-05-20 13:11:05,104682019976,Ä迷茫ë♽,[微笑],[等级9],
2026-05-20 13:11:05,108802633246,泡沫🫧,哈哈,[等级2],
2026-05-20 13:11:05,59751113890,小乖丶,哈哈哈哈，人身攻击啊老黑,[等级19],
2026-05-20 13:11:05,775571389809527,Bert,哈哈哈哈,[等级21],[粉丝团 Lv10]
2026-05-20 13:11:06,1931219411932827,听说名字太长会有傻子跟着读,受不了[看],,
2026-05-20 13:11:06,72346438025,拾忆懒鱼🐟,老登,[等级12],[粉丝团 Lv10]
2026-05-20 13:11:06,483436651624957,有洁癖的猪,给你一个奇迹[赞],[等级2],
2026-05-20 13:11:07,59557658649,twenty,非常厉害了,[等级13],[粉丝团 Lv10]
2026-05-20 13:11:07,101803328507,物是人非666,牛逼,[等级10],[粉丝团 Lv1]
2026-05-20 13:11:07,2172229561625960,好嗨哟,给报点了,[等级25],[粉丝团 Lv13]
2026-05-20 13:11:09,58938500276,🌈lisa@,老黑也有对不过的时候,[等级9],[粉丝团 Lv7]
2026-05-20 13:11:09,103140950091,薄底披萨,[捂脸][捂脸][捂脸],[等级4],
2026-05-20 13:11:09,61226959541,路人甲的煽情༊,很猛了，就是有些可惜哈哈哈哈,[等级23],[粉丝团 Lv8]
2026-05-20 13:11:11,2335814376255549,磊落,你倒了还可以开枪,[等级5],
2026-05-20 13:11:12,1257437656002798,某某.,传奇耐活王,[等级34],[粉丝团:张君雅 Lv16]
2026-05-20 13:11:12,59348532870,贫僧法号：乱来,[捂脸][捂脸][捂脸][捂脸][捂脸],[等级34],
2026-05-20 13:11:12,99694313430,@脑壳有问题,笑死，哈哈520快乐,[等级20],
2026-05-20 13:11:12,3006484014435476,瓷骨刀,牛逼哈哈哈哈哈,,
2026-05-20 13:11:13,3034255106508094,未来可欺,极限操作,[等级21],
2026-05-20 13:11:13,77512404448,～～～,厉害👍,[等级28],[粉丝团 Lv5]
2026-05-20 13:11:13,69559193911,安祭     ღ,哈哈哈哈哈,[等级30],[粉丝团 Lv8]
2026-05-20 13:11:13,483436651624957,有洁癖的猪,520快乐,[等级2],
2026-05-20 13:11:13,100781455584813,雷碧,你药打完啊,[等级25],
2026-05-20 13:11:14,58938500276,🌈lisa@,[捂脸],[等级9],[粉丝团 Lv7]
2026-05-20 13:11:14,96690094505,雷,已经很牛逼了,[等级4],
2026-05-20 13:11:14,3153822084251196,孤屿🌿,520快乐,[等级13],[粉丝团 Lv9]
2026-05-20 13:11:15,3013139552021534,🦁🖤,哈哈哈哈哈哈哈哈（絲,[等级32],[粉丝团:张君雅 Lv16]
2026-05-20 13:11:15,100769124890,顽,真奇怪，他们都贴脸了也不打,[等级13],[粉丝团 Lv10]
2026-05-20 13:11:15,2816262866483979,拯救逃离世界🌍,太极限了,[等级15],
2026-05-20 13:11:15,69561938359,米乐ོ,燃尽了,[等级23],[粉丝团 Lv13]
2026-05-20 13:11:15,3913913666903720,太阳☀,精彩[赞],[等级41],[粉丝团 Lv13]
2026-05-20 13:11:15,75768454055,🐸。,笑死我了,[等级5],
2026-05-20 13:11:15,72599065285,池,全世界都针对我雅,[等级16],[粉丝团 Lv9]
2026-05-20 13:11:15,7481560034393408570,咕咚,丢个火🔥在打药,[等级1],
2026-05-20 13:11:16,102420886252,木槿～,太精彩了,[等级7],
2026-05-20 13:11:16,96785578288,百无禁忌,够6了,[等级2],
2026-05-20 13:11:17,100865032542,勇哥i,没关系你已经很棒了,[等级25],[粉丝团 Lv14]
2026-05-20 13:11:17,871252277603774,天涯,打的就是你,[等级18],[粉丝团 Lv4]
2026-05-20 13:11:17,96455235651,陈林枫,最后这都是人机,[等级5],
2026-05-20 13:11:17,74785611530,心心慈,你威胁最大,[等级28],
2026-05-20 13:11:17,102469975321,✨名门⭐️,燃尽了！[捂脸][捂脸][捂脸],[等级19],[粉丝团 Lv15]
2026-05-20 13:11:17,87642661149,摩 西,已经很厉害了,[等级28],[粉丝团 Lv10]
2026-05-20 13:11:18,109881104951,372923,就是来抓你的,[等级3],
2026-05-20 13:11:18,4410845128828888,地狱小魔,你一个人，别人三个人，你说打谁[看],[等级25],[粉丝团 Lv11]
2026-05-20 13:11:18,1293486791864768,咪兔,精彩,[等级6],[粉丝团 Lv6]
2026-05-20 13:11:18,99372859314,启  夏,哈哈哈,[等级25],[粉丝团 Lv15]
2026-05-20 13:11:19,4468879230241195,我在边界,就是刚刚那个紫色车满编,[等级13],[粉丝团 Lv4]
2026-05-20 13:11:19,74168564807,别暗恋哥,牛逼,[等级14],
2026-05-20 13:11:19,101803328507,物是人非666,打的真不错,[等级10],[粉丝团 Lv1]
2026-05-20 13:11:19,2280847625171072,糖糖❄️（和平精英）,估计是知道你一个人,[等级16],[粉丝团 Lv10]
2026-05-20 13:11:20,2753614464685597,菠萝啤,就打你看你一个人[捂脸],[等级7],
2026-05-20 13:11:20,2082923137217795,紫滦栀夏🍀,尽力了尽力了,[等级23],
2026-05-20 13:11:20,4400711738863848,相伴$不$将就,抓的就是你,[等级23],[粉丝团 Lv3]
2026-05-20 13:11:20,4023847810765245,阳仔,牛🐂🐂🐂🐂🐂🐂🐂🐂🐂🐂🐂🐂🐂🐂🐂🐂🐂🐂🐂🐂🐂🐂🐂🐂🐂🐂🐂🐂🐂🐂🐂🐂🐂🐂🐂🐂🐂🐂,[等级17],[粉丝团 Lv6]
2026-05-20 13:11:21,70775973703,昨夜星辰,你先干人家的,,
2026-05-20 13:11:22,4354487155170167,允,单字ID肯定先打你啊[看],[等级13],[粉丝团 Lv3]
2026-05-20 13:11:22,102324402171,✨ོ 顾 名ོ✨,你杀队友了吧,[等级32],[粉丝团 Lv14]
2026-05-20 13:11:22,939441912028432,Vv,[捂脸],[等级19],
2026-05-20 13:11:23,78903661168,🐯虎跃富途এ᭄ 🐅,好可惜没有队友,[等级21],
2026-05-20 13:11:23,22077196930,王豆豆🧚🏻‍♀️,自救都没浪费,[等级9],[粉丝团 Lv10]
2026-05-20 13:11:23,94751517330,别闹也别逗,够厉害了,[等级13],[粉丝团 Lv11]
2026-05-20 13:11:23,1239886154171246,卯兔,真难杀啊老黑[捂脸],[等级17],[粉丝团 Lv15]
2026-05-20 13:11:23,107768882427,°•ﹶ轻້໌ᮩ醉ꦿ•,可惜了,[等级21],[粉丝团 Lv3]
2026-05-20 13:11:24,71126905166,抖音小肋手,没事儿这一期节目效果拉满[捂脸][捂脸][捂脸][捂脸],[等级11],[粉丝团 Lv10]
2026-05-20 13:11:25,1635719392797400,汤圆小团子（关必回）,精彩[笑哭],[等级12],[粉丝团 Lv3]
2026-05-20 13:11:25,1556515796039133,方兴未艾,这波6的飞起,[等级17],[粉丝团 Lv6]
2026-05-20 13:11:25,2563717303123278,a1487xch,团战先把独狼清了[看],[等级10],[粉丝团 Lv9]
2026-05-20 13:11:25,97763433901,空明溯流光,谁叫你两边都打？都得罪了,[等级15],[粉丝团 Lv9]
2026-05-20 13:11:25,111167818654,荔枝小丸,爱播牛逼,[等级27],[粉丝团 Lv15]
2026-05-20 13:11:25,71643904450,知夏྅,最这队还零杀的😰,[等级12],[粉丝团 Lv12]
2026-05-20 13:11:25,3712397299157015,昍翀🦁🐾,节目效果了解[懵],[等级6],[粉丝团 Lv5]
2026-05-20 13:11:25,101132873138,唐 僧,打的就是你,[等级32],
2026-05-20 13:11:26,2043335372445892,肉肉怎么还不掉~,很厉害啦,[等级7],[粉丝团 Lv1]
2026-05-20 13:11:27,62952671133,周小周.,极限了,[等级15],[粉丝团 Lv9]
2026-05-20 13:11:27,62828234454,躺平壹歌,你这里是制高点所以打你,[等级11],
2026-05-20 13:11:27,73012750886,-cc,两队呆呆,[等级7],
2026-05-20 13:11:27,4383112373738923,蒜皮儿,好心酸一路[捂脸][捂脸][捂脸][捂脸],,
2026-05-20 13:11:27,3329085851,啊呀,那个高点是人人想去的地方[捂脸],[等级7],[粉丝团 Lv5]
2026-05-20 13:11:28,51095899196,超市买水果他说我裤裆藏甘蔗,不该打对面的,[等级19],[粉丝团 Lv9]
2026-05-20 13:11:28,59011956650,ღ᭄不念过往ꦿ࿐,燃尽了,[等级20],[粉丝团 Lv11]
2026-05-20 13:11:29,523013875576948,✎﹏ℳ๓₯㎕❦逐风う破浪,打到两个不直接拉去干,[等级25],
2026-05-20 13:11:29,95320399864,我来抖音逛一逛,你这波没处理好,,
2026-05-20 13:11:29,71533879276,懒得起名字,2个自救没白捡，都用了[捂脸][捂脸][捂脸],[等级15],[粉丝团 Lv8]
2026-05-20 13:11:29,2500744598796624,🪳🪳🪳,倒扣三分,[等级6],[粉丝团 Lv4]
2026-05-20 13:11:30,92777189742,🌈Jim暴富,萌萌哒,[等级14],[粉丝团 Lv8]
2026-05-20 13:11:30,7549456355062170681,还没想好~,牛逼啊[捂脸][捂脸][捂脸],,
2026-05-20 13:11:32,1367445777424910,Eucalyptus 🐸,如果P90就有了,[等级24],[粉丝团 Lv14]
2026-05-20 13:11:32,3013139552021534,🦁🖤,别解释（丝,[等级32],[粉丝团:张君雅 Lv16]
2026-05-20 13:11:32,106387145310,念,扣分？？,[等级10],[粉丝团 Lv2]
2026-05-20 13:11:32,3934507317863532,一个从人民中走出来的普通人（轮回版）,像极了菜园子,[等级23],[粉丝团 Lv2]
2026-05-20 13:11:34,1402619081015149,ヅ辷克lā梦想ご,精彩，牛逼,[等级8],
2026-05-20 13:11:34,97873254852,没有月儿的夜,啊？第三名都扣分啊？,[等级9],
2026-05-20 13:11:34,79747004075,脆皮夹心小狗,还扣3分,[等级9],[粉丝团 Lv2]
2026-05-20 13:11:34,55177122676,✨～G～✨,一点没毛病，很强👍,[等级12],[粉丝团 Lv6]
2026-05-20 13:11:34,66446438256,🐮🐰,节目效果拉满,[等级10],[粉丝团 Lv8]
2026-05-20 13:11:35,2526035356166652,启的遥远,有一个反坡他们看不到这边只能看到你不打你打谁,,
2026-05-20 13:11:35,4162095481363833,mrtang,主要是被人机步伐打死,,
2026-05-20 13:11:35,62828234454,躺平壹歌,你这里对他们威胁大,[等级11],
2026-05-20 13:11:36,2115889239175757,清楓宝,队友三个0,[等级24],[粉丝团 Lv12]
2026-05-20 13:11:36,110698553675,是小苏吖❤️❤️❤️,死得好[捂脸][捂脸][捂脸],[等级17],
2026-05-20 13:11:36,101376906320,小王,1打7,[等级14],[粉丝团 Lv11]
2026-05-20 13:11:36,301708166309391,云天之巅,你才是危险人物,[等级13],
2026-05-20 13:11:36,3117857857342636,一搓一蹦跶,很极限了[捂脸]拉满了,[等级33],[粉丝团 Lv4]
2026-05-20 13:11:38,2414958131548487,他和她的猫，，,帮别人做嫁衣了,[等级9],
2026-05-20 13:11:38,93536983676,空调安装,不打她们打你,[等级12],[粉丝团 Lv11]
2026-05-20 13:11:38,55159220102,BWRZ（记录美好）,[抠鼻][抠鼻][抠鼻],[等级36],[粉丝团 Lv16]
2026-05-20 13:11:38,100781455584813,雷碧,药打完就赢了,[等级25],
2026-05-20 13:11:39,1931219411932827,听说名字太长会有傻子跟着读,不能让你爽到,,
2026-05-20 13:11:40,69245046584,☞BO☜,燃尽,[等级3],[粉丝团 Lv2]
2026-05-20 13:11:40,3430895678660199,就要李_发财,还掉分？？？？？？？,[等级29],
2026-05-20 13:11:40,1635719392797400,汤圆小团子（关必回）,好难杀[捂脸],[等级12],[粉丝团 Lv3]
2026-05-20 13:11:40,504016971766547,有平钓鱼,妈妈,[等级14],[粉丝团 Lv6]
2026-05-20 13:11:40,3664003065714740,学会沉默888,还扣3分[流泪],[等级16],[粉丝团 Lv12]
2026-05-20 13:11:40,883634246525351,🫵🏻,早点打药就好了[捂脸],[等级16],[粉丝团 Lv10]
2026-05-20 13:11:41,3347394361297940,橙味奶祺🍫,还掉了3分哈哈哈哈哈哈,[等级19],[粉丝团 Lv8]
2026-05-20 13:11:41,102324402171,✨ོ 顾 名ོ✨,真的一枪死[捂脸],[等级32],[粉丝团 Lv14]
2026-05-20 13:11:41,69609607034,小阿二,等于是冠军啦,[等级10],
2026-05-20 13:11:42,993571187736253,柒颜,我天，剧本都不敢这么写,[等级17],[粉丝团 Lv6]
2026-05-20 13:11:42,92359836592,🎄清晨的阳光 🎄,老黑牛逼啊,[等级28],[粉丝团 Lv4]
2026-05-20 13:11:42,100056462711,是玲玲吖丶ᥫᩣ,1600多伤害，三个头，醉了[比心][呲牙][呲牙][呲牙][呲牙][呲牙],[等级29],[粉丝团 Lv8]
2026-05-20 13:11:42,2493327241396029,林芝朗朗美业发型设计,你也是真难杀[捂脸],[等级9],
2026-05-20 13:11:42,2797634951842647,布依陌,还能活[捂脸],[等级12],
2026-05-20 13:11:42,68189106631,𝑶𝒏𝒆,3个头一千六百多伤害[捂脸],[等级30],[粉丝团 Lv10]
2026-05-20 13:11:43,69625452778,万人迷情歌,开了人机也打不过么,[等级13],
2026-05-20 13:11:43,71126905166,抖音小肋手,节目效果拉满,[等级11],[粉丝团 Lv10]
2026-05-20 13:11:43,1358619284865086,老江湖土田共戈,有我们就好了,[等级18],
2026-05-20 13:11:44,2172229561625960,好嗨哟,尽力了，1V8不易,[等级25],[粉丝团 Lv13]
2026-05-20 13:11:44,4468879230241195,我在边界,因为你站得最高[捂脸],[等级13],[粉丝团 Lv4]
2026-05-20 13:11:44,1732475847968701,火辣辣（正经二创）,@冬玥 喜欢点刺激是吧,[等级24],[粉丝团 Lv11]
2026-05-20 13:11:44,93536983676,空调安装,520快乐,[等级12],[粉丝团 Lv11]
2026-05-20 13:11:44,1841054966900747,相思,这波节目效果太猛,[等级9],[粉丝团 Lv10]
2026-05-20 13:11:45,2563717303123278,a1487xch,团战先打独狼[看],[等级10],[粉丝团 Lv9]
2026-05-20 13:11:46,646161190361448,暗影狂花,还好才-3分,[等级22],[粉丝团 Lv7]
2026-05-20 13:11:47,3047482674388180,菜场在逃肥鸡,被整了哈哈,[等级20],[粉丝团 Lv9]
2026-05-20 13:11:48,94169190571,半夏,自救器功不可没,[等级14],[粉丝团 Lv8]
2026-05-20 13:11:48,3013139552021534,🦁🖤,我不庭（丝,[等级32],[粉丝团:张君雅 Lv16]
2026-05-20 13:11:49,3081266249862527,糯米,擒贼先擒王[微笑],[等级5],[粉丝团 Lv7]
2026-05-20 13:11:50,130204092075648,聆夏,倒扣三分,[等级7],
2026-05-20 13:11:50,7549456355062170681,还没想好~,比我好一点点[捂脸][捂脸][捂脸][捂脸][捂脸][捂脸],,
2026-05-20 13:11:51,23671175128,◔.̮◔ 咻～,没队友啊,[等级19],[粉丝团 Lv7]
2026-05-20 13:11:51,60625536157,一口汽水,手枪救命,[等级18],
2026-05-20 13:11:51,64943245332,甜甜甜呀✨,局哥现在中午不直播了吗，是不是去上班了,[等级9],[粉丝团 Lv9]
2026-05-20 13:11:51,2685443491773579,久穗,520快乐,[等级4],[粉丝团 Lv6]
2026-05-20 13:11:51,71564003456,王益军,打的很好了,[等级11],
2026-05-20 13:11:53,73665454308,以诺不甜,所以他们吃鸡屁股了，这么好的圈给他们真浪费,[等级21],[粉丝团 Lv10]
2026-05-20 13:11:53,101376906320,小王,真正的一打7,[等级14],[粉丝团 Lv11]
2026-05-20 13:11:54,4330355120149084,唯一♥,早知道躲在岗亭，等他们打[呲牙][呲牙],[等级8],[粉丝团 Lv7]
2026-05-20 13:11:55,111117286361,柠檬崽崽,可惜那个雷了,[等级7],[粉丝团 Lv5]
2026-05-20 13:11:55,92359836592,🎄清晨的阳光 🎄,机器猫呢,[等级28],[粉丝团 Lv4]
2026-05-20 13:11:56,71053693862,碎碎念,大家快加团和送灯牌，冲粉丝团团任务,[等级14],[粉丝团 Lv7]
2026-05-20 13:11:57,101690318597,-,已经很牛逼了 张真人,[等级10],[粉丝团 Lv1]
2026-05-20 13:11:59,3320152141085517,一生平安,这是你打和平精英以来最菜的一次,[等级15],[粉丝团 Lv11]
2026-05-20 13:11:59,2014780766034856,ll,决赛圈带个大盘鸡,[等级20],
2026-05-20 13:11:59,2280847625171072,糖糖❄️（和平精英）,@🌈lisa@ 残血吧,[等级16],[粉丝团 Lv10]
2026-05-20 13:11:59,1906967174984656,琪不奇怪,很棒了,[等级10],[粉丝团 Lv10]
2026-05-20 13:12:02,68625826179,53°酱香,防弹衣好点就干了他了,[等级8],[粉丝团 Lv1]
2026-05-20 13:12:02,66873200785,岁岁平安,前面水塔打倒不该前压扔雷，爆炸弓直接炸,[等级3],
2026-05-20 13:12:02,96261969310,酒醉人不归,刚才倒了打了人应该高喊求死[捂脸],[等级15],[粉丝团 Lv10]
2026-05-20 13:12:03,704157560092615,时光待我如旅人,看你单字ID肯定得先搞你[呲牙][呲牙][呲牙],[等级26],[粉丝团 Lv4]
2026-05-20 13:12:03,111117286361,柠檬崽崽,尤雷就好了,[等级7],[粉丝团 Lv5]
2026-05-20 13:12:05,104204409648,牵牛的娃,封烟趴下面先让他们打,[等级19],[粉丝团 Lv12]
2026-05-20 13:12:05,93413901575,郑容和89,葳蕤,[等级21],[粉丝团 Lv14]
2026-05-20 13:12:07,2322591814792717,😴再睡一会💤,蕤,[等级13],[粉丝团 Lv11]
2026-05-20 13:12:11,58337138393,DWW,我在看你直播。一个顾客说你是海岛悍妇[捂脸],[等级14],
2026-05-20 13:12:12,71091522114,面具,捡个铝热弹封路。,[等级8],
2026-05-20 13:12:13,965792427148139,等,爱看就不点关注,[等级3],
2026-05-20 13:12:13,840493498901248,小强爱说笑话,开开预测吧,[等级3],[粉丝团 Lv5]
2026-05-20 13:12:15,100515978020,星 辰,常用汉字不认识  估计初中毕业,[等级23],
2026-05-20 13:12:16,107682227126,💕₅²⁰凌乱^O^记忆❤️🌹¹ᶟ₁₄,怎可能菜呢，已经很牛逼了，这都是谁的一辈子了,[等级26],[粉丝团 Lv12]
2026-05-20 13:12:16,62321132457,风哥,确实,[等级22],[粉丝团 Lv11]
2026-05-20 13:12:17,55159220102,BWRZ（记录美好）,这已经不是可惜了[捂脸],[等级36],[粉丝团 Lv16]
2026-05-20 13:12:17,101808958385,陆辰,差一秒，如果打起药来就有机会了,[等级26],[粉丝团 Lv11]
2026-05-20 13:12:20,66624217824,᭄自由ঞৣঁ如风᭄🍻,燃尽了妹子[捂脸][捂脸][捂脸],[等级14],[粉丝团 Lv6]
2026-05-20 13:12:20,55159220102,BWRZ（记录美好）,是你真的尽力了[捂脸],[等级36],[粉丝团 Lv16]
2026-05-20 13:12:20,3636816186976899,子清,Cpdd,[等级18],[粉丝团 Lv10]
2026-05-20 13:12:20,92980607033,哦哦,没爆头,[等级11],[粉丝团 Lv1]
2026-05-20 13:12:20,62828234454,躺平壹歌,把人家打急眼了,[等级11],
2026-05-20 13:12:21,704157560092615,时光待我如旅人,脚下还在救人呢[呲牙][呲牙][呲牙],[等级26],[粉丝团 Lv4]
2026-05-20 13:12:23,62734863931,少几分心动.,雅姐,[等级23],
2026-05-20 13:12:24,2101855780348221,灰狼小洋,素材没了一半,[等级22],[粉丝团 Lv8]
2026-05-20 13:12:25,1829206389950766,伱我皆牛马,打了他还有队友呢,[等级25],[粉丝团 Lv3]
2026-05-20 13:12:25,452620019045336,🍀、,燃尽了,[等级11],[粉丝团 Lv10]
2026-05-20 13:12:27,149975423530195,健健,谁让你不拉爆头线,[等级23],[粉丝团 Lv3]
2026-05-20 13:12:29,55177122676,✨～G～✨,主要是头甲不行了，不然能打过,[等级12],[粉丝团 Lv6]
2026-05-20 13:12:30,3853110172199261,吃点猫耳朵,把那人打了最后真1v4,[等级10],[粉丝团 Lv9]
2026-05-20 13:12:31,97873254852,没有月儿的夜,有个人在捶你,[等级9],
2026-05-20 13:12:31,74634108916,空城旧颜,就喜欢看张老黑绝地求生[呲牙],[等级14],[粉丝团 Lv8]
2026-05-20 13:12:34,7583006870895428657,控屁师,先打左边就有了,,
2026-05-20 13:12:37,1094766260652222,愿卿安,已经燃尽了，极限,[等级23],[粉丝团 Lv12]
2026-05-20 13:12:40,92980607033,哦哦,没开提前枪,[等级11],[粉丝团 Lv1]
2026-05-20 13:12:41,2563717303123278,a1487xch,打提前枪还有点机会,[等级10],[粉丝团 Lv9]
2026-05-20 13:12:43,215136114312093,水寒,就差一秒钟,[等级3],
2026-05-20 13:12:43,94205687834,噗嗤,扣一分吧？,[等级34],
2026-05-20 13:12:46,71074166083,乔巴,该铺个火，有火吗，没看,[等级34],[粉丝团 Lv11]
2026-05-20 13:12:49,3664003065714740,学会沉默888,第三还扣3分[看],[等级16],[粉丝团 Lv12]
2026-05-20 13:12:56,1257437656002798,某某.,下面那个不救人,[等级34],[粉丝团:张君雅 Lv16]
2026-05-20 13:12:56,1739850349293659,fc,在吃什么？,[等级1],
2026-05-20 13:12:56,74806286247,🌈🌈🌈🌈雪🐟,很牛逼了一个人没队友夹在两个满编队中间打,[等级12],[粉丝团 Lv2]
2026-05-20 13:12:56,61226959541,路人甲的煽情༊,很强了,[等级23],[粉丝团 Lv8]
2026-05-20 13:12:56,100321401819,乘风,丢个火就好了,[等级11],
2026-05-20 13:12:59,66446438256,🐮🐰,他们就只会欺负你[看],[等级10],[粉丝团 Lv8]
2026-05-20 13:13:01,3967481098810589,朝暮²⁷⁷,时间不允许打完药[捂脸][捂脸],[等级31],
2026-05-20 13:13:01,104204409648,牵牛的娃,先埋雷再打药,[等级19],[粉丝团 Lv12]
2026-05-20 13:13:03,61226959541,路人甲的煽情༊,君雅,[等级23],[粉丝团 Lv8]
2026-05-20 13:13:05,99034094226,穿着羽绒服躲冰箱避寒,@ら孤痞 痞哥[看],[等级34],[粉丝团 Lv14]
2026-05-20 13:13:06,109109492047,z浩哥,封个火[鼓掌][鼓掌][鼓掌][鼓掌][鼓掌],[等级7],
2026-05-20 13:13:06,2665697062160392,哈喽啊啊额个,请问这是张老黑直播间吗,[等级11],
2026-05-20 13:13:09,94239234863,冷月孤侠,当时他上来的时候从岗亭跳下去可能会好点,[等级30],[粉丝团 Lv1]
2026-05-20 13:13:10,109881104951,372923,你是个狠人给自己封雷[捂脸][捂脸][捂脸][捂脸][捂脸],[等级3],
2026-05-20 13:13:10,61226959541,路人甲的煽情༊,尽力了,[等级23],[粉丝团 Lv8]
2026-05-20 13:13:11,215136114312093,水寒,一秒钟可以打完,[等级3],
2026-05-20 13:13:11,7542012252325905468,一个人,[捂脸][捂脸][捂脸],[等级2],
2026-05-20 13:13:12,720875141733880,💔᭄ꦿ胜者᭄꪿为王ꦿꦼ࿐,[捂脸][捂脸][捂脸],[等级32],[粉丝团 Lv3]
2026-05-20 13:13:13,105995130455,纆,提前埋个雷就行了,[等级37],[粉丝团 Lv6]
2026-05-20 13:13:16,3648620817810563,૮₍˃̶ꇴ˂̶₎ა,够厉害了[比心][比心],[等级7],[粉丝团 Lv8]
2026-05-20 13:13:19,72923426251,不亖,你没开听筒,[等级36],[粉丝团 Lv8]
2026-05-20 13:13:20,1983174030399635,执着的执着,那波怎么不拿爆炸弓炸，,[等级13],[粉丝团 Lv9]
2026-05-20 13:13:21,111007266356,🔱守望w,赌他崴脚,[等级29],[粉丝团 Lv15]
2026-05-20 13:13:21,108781274466,加心瓜仔,先封一颗火520快乐520快乐,[等级17],[粉丝团 Lv5]
2026-05-20 13:13:22,65061947781,-717,老黑，没有你陪伴，真的好孤单,[等级26],[粉丝团 Lv6]
2026-05-20 13:13:22,57032036910,〆刘嫂﹌,丢火就好了,[等级32],[粉丝团 Lv8]
2026-05-20 13:13:23,4004835685841444,㞢卄,老黑，老黑,[等级9],
2026-05-20 13:13:23,4310549579694780,@你,甩颗燃烧瓶,[等级15],[粉丝团 Lv10]
2026-05-20 13:13:24,109109492047,z浩哥,一个人，很厉害了,[等级7],
2026-05-20 13:13:25,883634246525351,🫵🏻,就应该开俩枪他残了就不敢上了,[等级16],[粉丝团 Lv10]
2026-05-20 13:13:25,646161190361448,暗影狂花,队友跟定你来,[等级22],[粉丝团 Lv7]
2026-05-20 13:13:26,2392967566861246,沃柑,雷差了点,,
2026-05-20 13:13:26,7511731403504239675,曹不问ꦿ,万一走一半歪脚了呢,,
2026-05-20 13:13:27,2696436837264052,顺势而为,一个人还是不行,,
2026-05-20 13:13:28,74900112939,老牛74900112939,自救器 功不可没,[等级10],
2026-05-20 13:13:31,3430895678660199,就要李_发财,我想不通，怎么最后还扣分了,[等级29],
2026-05-20 13:13:32,55159220102,BWRZ（记录美好）,[大笑][偷笑][大笑][偷笑],[等级36],[粉丝团 Lv16]
2026-05-20 13:13:34,107682227126,💕₅²⁰凌乱^O^记忆❤️🌹¹ᶟ₁₄,有火的话可以封个火🔥嘿嘿😁,[等级26],[粉丝团 Lv12]
2026-05-20 13:13:35,1500146820715694,伏笔,她们知道是你,[等级23],[粉丝团 Lv8]
2026-05-20 13:13:36,55159220102,BWRZ（记录美好）,卖了,[等级36],[粉丝团 Lv16]
2026-05-20 13:13:37,101132873138,唐 僧,不丢火该打,[等级32],
2026-05-20 13:13:38,55159220102,BWRZ（记录美好）,[看][看],[等级36],[粉丝团 Lv16]
2026-05-20 13:13:38,84743250996,默离,你没开,[等级26],[粉丝团 Lv1]
2026-05-20 13:13:40,1218692273681879,9999,你把麦关了[看],[等级5],
2026-05-20 13:13:40,62177562342,我,你自己不开,[等级12],
2026-05-20 13:13:42,77416951506,ら孤痞,@穿着羽绒服躲冰箱避寒 中午好,[等级37],[粉丝团 Lv17]
2026-05-20 13:13:42,97873254852,没有月儿的夜,突然下雨了,[等级9],
2026-05-20 13:13:42,110527293027,【柳哥】,别理他们,[等级27],[粉丝团 Lv12]
2026-05-20 13:13:42,2506525983899805,平凡,你把他们麦闭了好像,[等级6],
2026-05-20 13:13:43,61569770432,渣,开预言,[等级24],
2026-05-20 13:13:46,720875141733880,💔᭄ꦿ胜者᭄꪿为王ꦿꦼ࿐,是你没开,[等级32],[粉丝团 Lv3]
2026-05-20 13:13:46,75593380263,雲上花瑤🀄曽淸誠,直接给他们带去G港[捂脸][捂脸][捂脸],[等级32],[粉丝团 Lv15]
2026-05-20 13:13:47,466670364393783,袖下敛青川,听筒都没开,[等级14],[粉丝团 Lv1]
2026-05-20 13:13:48,671140427858771,亮亮锅锅,你都是闭了的么,[等级14],[粉丝团 Lv3]
2026-05-20 13:13:48,84840574134,@罗小萝,你麦的是关了的,[等级20],[粉丝团 Lv9]
2026-05-20 13:13:48,7472439803331576891,ACE、,你闭麦的[捂脸][捂脸][捂脸][捂脸],[等级17],[粉丝团 Lv5]
2026-05-20 13:13:49,4468879230241195,我在边界,还是需要队友吸引火力,[等级13],[粉丝团 Lv4]
2026-05-20 13:13:49,69548163534,原来是圆圆呀,你不是关了嘛,[等级9],
2026-05-20 13:13:50,96395406876893,K*,上把死的好冤呐,,
2026-05-20 13:13:51,102748821674,一张白纸,队友的衣服比你的还漂亮。,[等级17],[粉丝团 Lv8]
2026-05-20 13:13:52,73768846510,黑街,你开麦呀,[等级32],
2026-05-20 13:13:52,2071086839901975,打断瘸子那条好腿,有没有可能你自己没开麦,[等级19],
2026-05-20 13:13:52,2518311782845768,ꦿ໊浮生ꦵ若梦དྷ༗࿐,他们给你发消息了,[等级9],[粉丝团 Lv10]
2026-05-20 13:13:52,109019514438,🌈 青柠,你没开麦,[等级17],
2026-05-20 13:13:54,1829206389950766,伱我皆牛马,3号叫你,[等级25],[粉丝团 Lv3]
2026-05-20 13:13:55,646161190361448,暗影狂花,@就要李_发财 战神局必须要吃鸡才加,[等级22],[粉丝团 Lv7]
2026-05-20 13:13:56,2062312162988716,耶黄包Z☡zᶻ,认出你了,[等级16],[粉丝团 Lv4]
2026-05-20 13:13:56,2330588968395416,贝塔β,张君雅,[等级25],[粉丝团 Lv14]
2026-05-20 13:13:58,62556044936,钧澜未央,你没开麦啊，听筒看不到的,[等级17],[粉丝团 Lv9]
2026-05-20 13:13:58,73647036676,捣蛋熊,我14星能撞到你吗,[等级20],[粉丝团 Lv12]
2026-05-20 13:13:58,343486129250376,Zzz...,不是不说话 是你没开麦,[等级14],[粉丝团 Lv10]
2026-05-20 13:13:58,84840574134,@罗小萝,肯定听不见,[等级20],[粉丝团 Lv9]
2026-05-20 13:13:59,2518311782845768,ꦿ໊浮生ꦵ若梦དྷ༗࿐,认识你的,[等级9],[粉丝团 Lv10]
2026-05-20 13:13:59,3617832573885482,、 •半世so倾城，号,你把麦毕了,[等级9],
2026-05-20 13:14:00,66446438256,🐮🐰,队友认出你了,[等级10],[粉丝团 Lv8]
2026-05-20 13:14:00,3096684167442830,y玉兰,叫你啦,[等级25],[粉丝团 Lv11]
2026-05-20 13:14:01,4165407898869996,每天对被子表白,被认出来了[捂脸][捂脸],[等级5],[粉丝团 Lv2]
2026-05-20 13:14:02,60990985705,爱啃骨头的多多妹,认出你了队友,[等级6],
2026-05-20 13:14:03,111438249801,吴哈妮,叫你名字了,[等级20],[粉丝团 Lv11]
2026-05-20 13:14:04,1257437656002798,某某.,才关的麦,[等级34],[粉丝团:张君雅 Lv16]
2026-05-20 13:14:08,3347394361297940,橙味奶祺🍫,她刚闭麦,[等级19],[粉丝团 Lv8]
2026-05-20 13:14:09,466670364393783,袖下敛青川,没开麦,[等级14],[粉丝团 Lv1]
2026-05-20 13:14:11,4207174030730980,辉程的酒馆🍶,上把吃鸡了吗,[等级15],
2026-05-20 13:14:11,3905943321969416,哎哟燰,七个人还扣3分真绝了,[等级13],[粉丝团 Lv11]
2026-05-20 13:14:11,78358191614,王者归来见天子,他认识你,[等级24],[粉丝团 Lv11]
2026-05-20 13:14:13,103952737288,苹果派,没有情人报一下，让我心里平衡些,[等级21],[粉丝团 Lv11]
2026-05-20 13:14:19,111438249801,吴哈妮,打字叫你了,[等级20],[粉丝团 Lv11]
2026-05-20 13:14:20,105424494317,杏园好运,只有封火，才能一线生机,[等级23],[粉丝团 Lv8]
2026-05-20 13:14:20,58035845822,小猫讨厌你,1080,[等级1],
2026-05-20 13:14:23,97763433901,空明溯流光,开麦[看],[等级15],[粉丝团 Lv9]
2026-05-20 13:14:24,59133158910,初云子空,毕麦交流,[等级10],[粉丝团 Lv6]
2026-05-20 13:14:26,3117857857342636,一搓一蹦跶,你喇叭关了,[等级33],[粉丝团 Lv4]
2026-05-20 13:14:27,98095182081,手握风云★,队友队友能救[捂脸][捂脸][捂脸],[等级20],[粉丝团 Lv2]
2026-05-20 13:14:36,772280035849376,🌹罗富贵🌹,[捂脸],[等级29],
2026-05-20 13:14:37,93575328156,贝勒爷,哈哈,[等级9],[粉丝团 Lv10]
2026-05-20 13:14:37,1456169111790891,隔壁老王,哈哈哈,[等级16],[粉丝团 Lv7]
2026-05-20 13:14:37,4077468555678124,七月,有有有，,[等级26],[粉丝团 Lv10]
2026-05-20 13:14:38,87900359390,一个怡,哈哈哈哈,[等级10],[粉丝团 Lv4]
2026-05-20 13:14:38,3795156287621927,拾欢,[捂脸],[等级15],[粉丝团 Lv13]
2026-05-20 13:14:39,71126905166,抖音小肋手,[捂脸][捂脸],[等级11],[粉丝团 Lv10]
2026-05-20 13:14:40,109001706854,晚风·,[捂脸],[等级12],
2026-05-20 13:14:40,73262120614,慧子大人,哈哈哈哈[捂脸],[等级14],[粉丝团 Lv12]
2026-05-20 13:14:41,3346565110969188,风止,今天怎么感觉卡卡的,[等级15],[粉丝团 Lv11]
2026-05-20 13:14:41,416061041683978,如初,[捂脸][捂脸],[等级2],[粉丝团 Lv3]
2026-05-20 13:14:41,6472167828,顺城,[捂脸],[等级22],[粉丝团 Lv15]
2026-05-20 13:14:42,4330355120149084,唯一♥,[捂脸][捂脸],[等级8],[粉丝团 Lv7]
2026-05-20 13:14:42,266503392330851,悲伤张鱼小丸子,回音,[等级20],
2026-05-20 13:14:42,2946315483621007,杪諒,你是真的凶,[等级31],[粉丝团 Lv10]
2026-05-20 13:14:46,4022473420183417,在烂泥堆里摆烂,哈哈哈哈,[等级10],
2026-05-20 13:14:47,4233546532927219,🉑🈶🉑🈚,这么暴躁……,[等级20],[粉丝团 Lv10]
2026-05-20 13:14:48,72629173721,华尔街_小朋友,[捂脸],[等级20],[粉丝团 Lv14]
2026-05-20 13:14:48,4468879230241195,我在边界,哈哈哈给张君雅气死了[看],[等级13],[粉丝团 Lv4]
2026-05-20 13:14:48,4383112373738923,蒜皮儿,你是魔丸嘛[捂脸][捂脸][捂脸],,
2026-05-20 13:14:49,416061041683978,如初,[捂脸][捂脸],[等级2],[粉丝团 Lv3]
2026-05-20 13:14:52,2629659676384440,东北小土豆,今天很卡,[等级15],[粉丝团 Lv8]
2026-05-20 13:14:52,1257437656002798,某某.,压力枪皮的来了,[等级34],[粉丝团:张君雅 Lv16]
2026-05-20 13:14:54,435842427917112,今昭,哈哈哈哈哈哈,[等级13],[粉丝团 Lv8]
2026-05-20 13:14:57,55159220102,BWRZ（记录美好）,漂亮[看],[等级36],[粉丝团 Lv16]
2026-05-20 13:14:58,92362472567,哒不溜,哈哈哈哈,[等级27],
2026-05-20 13:15:01,3117841111319639,游钓、江湖,主播主播，等一下我来找你，撞车了,[等级21],[粉丝团 Lv4]
2026-05-20 13:15:01,416061041683978,如初,哈哈哈,[等级2],[粉丝团 Lv3]
2026-05-20 13:15:06,103952737288,苹果派,没听过，再听就打死[捂脸][捂脸][捂脸],[等级21],[粉丝团 Lv11]
2026-05-20 13:15:07,61114777662,12121,你让我滚脏老黑,[等级18],
2026-05-20 13:15:07,3047482674388180,菜场在逃肥鸡,哈哈哈,[等级20],[粉丝团 Lv9]
2026-05-20 13:15:11,88792600217,阿拉磊,打VSS,[等级17],[粉丝团 Lv10]
2026-05-20 13:15:14,2062312162988716,耶黄包Z☡zᶻ,无人机可以开啊,[等级16],[粉丝团 Lv4]
2026-05-20 13:15:16,109997658670,七月🐮,这个就是我们四川甜妹,[等级13],[粉丝团 Lv11]
2026-05-20 13:15:21,3247328752572041,6822,支持主播,[等级1],
2026-05-20 13:15:27,61675278064,闲鱼不咸,好暗,[等级27],
2026-05-20 13:15:31,100604901107,戳命三千达文西,你队友认出你是张君雅了,[等级13],
2026-05-20 13:15:40,1358619284865086,老江湖土田共戈,装清高，接队友不行吗,[等级18],
2026-05-20 13:15:42,71214061235,寒食,队友认出你了,[等级20],[粉丝团 Lv10]
2026-05-20 13:15:42,59920981962,Han先锋,老黑，我今天就十一级了，你不恭喜我一下吗,[等级15],[粉丝团 Lv10]
2026-05-20 13:15:48,104982158385,都别@我,扑种刷个华子,[等级3],
2026-05-20 13:15:49,104284064269,月下独酌,只有我一个人，看画面有忐卡卡的吗[抠鼻][抠鼻][抠鼻],[等级18],[粉丝团 Lv11]
2026-05-20 13:15:49,448245226810199,OnlyYou↔,@七月🐮 四川不都是神兽嘛，哪里来的甜妹[捂脸],[等级12],[粉丝团 Lv10]
2026-05-20 13:15:52,3047482674388180,菜场在逃肥鸡,@老江湖土田共戈 啥阴,[等级20],[粉丝团 Lv9]
2026-05-20 13:15:54,448245226810199,OnlyYou↔,四川,[等级12],[粉丝团 Lv10]
2026-05-20 13:15:56,101277257606,风的影子🧸,[捂脸][捂脸][捂脸][捂脸],[等级42],[粉丝团 Lv11]
2026-05-20 13:15:57,2330588968395416,贝塔β,338的诱惑[看],[等级25],[粉丝团 Lv14]
2026-05-20 13:16:04,4503658257446344,🥐cornetto,@月下独酌 一样,[等级41],[粉丝团 Lv7]
2026-05-20 13:16:16,1059572808944334,强子,[捂脸][捂脸][捂脸],[等级13],[粉丝团 Lv10]
2026-05-20 13:16:16,55159220102,BWRZ（记录美好）,话,[等级36],[粉丝团 Lv16]
2026-05-20 13:16:20,62177562342,我,开麦啊,[等级12],
2026-05-20 13:16:20,1094766260652222,愿卿安,[666],[等级23],[粉丝团 Lv12]
2026-05-20 13:16:21,4475458192938265,圆圆喊救命老黑有事要先走,老六,[等级21],[粉丝团 Lv12]
2026-05-20 13:16:22,2330588968395416,贝塔β,话,[等级25],[粉丝团 Lv14]
2026-05-20 13:16:29,92829047329,南丰,6,[等级30],[粉丝团 Lv11]
2026-05-20 13:16:31,71126905166,抖音小肋手,牛批,[等级11],[粉丝团 Lv10]
2026-05-20 13:16:31,2330588968395416,贝塔β,话,[等级25],[粉丝团 Lv14]
2026-05-20 13:16:33,55159220102,BWRZ（记录美好）,宝宝真惨,[等级36],[粉丝团 Lv16]
2026-05-20 13:16:37,104204409648,牵牛的娃,[666],[等级19],[粉丝团 Lv12]
2026-05-20 13:16:37,892413678724877,厌遇,黑子嗦话[黑脸][咒骂][黑脸][咒骂],[等级24],[粉丝团 Lv7]
2026-05-20 13:16:37,101138818359,小鱼,[捂脸][捂脸][捂脸],[等级34],[粉丝团 Lv15]
2026-05-20 13:16:40,55159220102,BWRZ（记录美好）,就是就是谁允许了[抠鼻],[等级36],[粉丝团 Lv16]
2026-05-20 13:16:45,103952737288,苹果派,[捂脸][捂脸][捂脸],[等级21],[粉丝团 Lv11]
2026-05-20 13:16:45,772280035849376,🌹罗富贵🌹,[捂脸],[等级29],
2026-05-20 13:16:45,69654624609,温棪,残忍[捂脸],[等级30],[粉丝团:张君雅 Lv14]
2026-05-20 13:16:45,55159220102,BWRZ（记录美好）,[偷笑],[等级36],[粉丝团 Lv16]
2026-05-20 13:16:47,3795156287621927,拾欢,[捂脸][捂脸][捂脸],[等级15],[粉丝团 Lv13]
2026-05-20 13:16:47,109881104951,372923,[捂脸][捂脸][捂脸][捂脸][捂脸][捂脸],[等级3],
2026-05-20 13:16:47,7521394261465859130,🌾🌾🌾炒菜不用郭先生🍎🍊🍉🍌,[捂脸][捂脸][捂脸],[等级3],[粉丝团 Lv6]
2026-05-20 13:16:47,96738301829,㿝氼,[捂脸][捂脸][捂脸],[等级19],[粉丝团 Lv12]
2026-05-20 13:16:47,7542012252325905468,一个人,[捂脸][捂脸][捂脸][捂脸],[等级2],
2026-05-20 13:16:48,4468879230241195,我在边界,老六,[等级13],[粉丝团 Lv4]
2026-05-20 13:16:48,71126905166,抖音小肋手,[捂脸][捂脸][捂脸],[等级11],[粉丝团 Lv10]
2026-05-20 13:16:49,110012786240,小猫饼,牛,[等级22],[粉丝团 Lv12]
2026-05-20 13:16:50,3117841111319639,游钓、江湖,老弟，你有啥实力，还带两个妹子[捂脸][捂脸][捂脸][捂脸],[等级21],[粉丝团 Lv4]
2026-05-20 13:16:51,73647036676,捣蛋熊,忌妒使人面目全非,[等级20],[粉丝团 Lv12]
2026-05-20 13:16:51,82795769883,巡山小妖精,哈哈哈哈哈,[等级33],
2026-05-20 13:16:51,68033173728,Johnny✨⁵¹⁰⁷⁴,[尬笑][尬笑][尬笑],[等级31],[粉丝团 Lv16]
2026-05-20 13:16:52,66446438256,🐮🐰,一下给我干这儿来了，卡了,[等级10],[粉丝团 Lv8]
2026-05-20 13:16:53,69656856233,无名小卒PLA,哈哈,[等级23],[粉丝团 Lv11]
2026-05-20 13:16:53,99206471796,ꪶꪮꪜꫀ如愿დ᭄,太残忍了,[等级21],
2026-05-20 13:16:53,4165422085581629,挽梦*,[捂脸][捂脸][捂脸][捂脸],[等级9],[粉丝团 Lv5]
2026-05-20 13:16:53,63441014318,平哥,掉大分[捂脸],[等级6],
2026-05-20 13:16:53,86543373318,杰瑞诗妳吖,[666][666][666],[等级7],
2026-05-20 13:16:54,103952737288,苹果派,真解气,[等级21],[粉丝团 Lv11]
2026-05-20 13:16:55,1512542077459805,记得晒太阳,哦哦哦，分你一个是吧,[等级18],[粉丝团 Lv9]
2026-05-20 13:16:55,98731561626,树欲静而风不止,那你是真坏啊,[等级13],[粉丝团 Lv5]
2026-05-20 13:16:55,1838847804575764,老农民A1,你就是见不得别人带妹子,[等级33],[粉丝团 Lv15]
2026-05-20 13:16:55,4383112373738923,蒜皮儿,确定是魔丸一枚[捂脸][捂脸][捂脸],,
2026-05-20 13:17:00,6472167828,顺城,一点也分不了,[等级22],[粉丝团 Lv15]
2026-05-20 13:17:00,292887482075868,一叶知秋,三个憨憨,[等级4],[粉丝团 Lv1]
2026-05-20 13:17:02,59093841145,心非所属,就知道偷人[比心][比心],[等级11],[粉丝团 Lv11]
2026-05-20 13:17:03,95922498387,淡定^_^,带妹的这个道心破碎,[等级30],[粉丝团 Lv8]
2026-05-20 13:17:03,92362472567,哒不溜,太残暴了,[等级27],
2026-05-20 13:17:04,77370919243,干饭萝,真黑,[等级26],[粉丝团 Lv10]
2026-05-20 13:17:05,4077468555678124,七月,妹纸掉大分[抠鼻],[等级26],[粉丝团 Lv10]
2026-05-20 13:17:06,1456169111790891,隔壁老王,光绪灭队,[等级16],[粉丝团 Lv7]
2026-05-20 13:17:07,3707989044510375,用户2141556221424,下辈子主播要变男人,[等级1],
2026-05-20 13:17:09,102469975321,✨名门⭐️,无情哈拉少！,[等级19],[粉丝团 Lv15]
2026-05-20 13:17:10,1978715213931133,酷酷的老四,这战神局怎么跟我打得战神局不一样啊,[等级17],
2026-05-20 13:17:11,52556232404,咸蛋超人,合着这姐姐白天直播啊我天天晚上看她的视频回放[捂脸][捂脸],[等级29],
2026-05-20 13:17:11,2330588968395416,贝塔β,快去拿队友的338,[等级25],[粉丝团 Lv14]
2026-05-20 13:17:12,111383523563,风清扬,你要来有啥用啊？,[等级20],[粉丝团 Lv12]
2026-05-20 13:17:12,3989503629066647,用户2663558055477,光绪：还有我的事儿？,[等级13],[粉丝团 Lv2]
2026-05-20 13:17:13,1257437656002798,某某.,去招募队带三妹子,[等级34],[粉丝团:张君雅 Lv16]
2026-05-20 13:17:16,63441014318,平哥,估计破防了[捂脸],[等级6],
2026-05-20 13:17:18,109881104951,372923,真狠啊棒打鸳鸯,[等级3],
2026-05-20 13:17:18,31247313669180,许一颗真心,嫉妒,[等级15],[粉丝团 Lv7]
2026-05-20 13:17:18,69561938359,米乐ོ,好人啊，帮你把资源搜了,[等级23],[粉丝团 Lv13]
2026-05-20 13:17:19,297345567958281,憨不拢怂,520你得打散多少队情侣[呲牙][呲牙][呲牙],[等级30],[粉丝团 Lv3]
2026-05-20 13:17:22,63270019610,又花生啥柿了,光绪说不是我干的,[等级10],[粉丝团 Lv8]
2026-05-20 13:17:24,3101038202323388,碲,翘总带两妹子,[等级24],
2026-05-20 13:17:26,73133140989,行稳致远,下一班飞机,[等级31],[粉丝团 Lv15]
2026-05-20 13:17:26,63019632364,仰望星空,装备全靠打劫,[等级31],[粉丝团 Lv5]
2026-05-20 13:17:26,85901331023,H e i n e k e n,你这老六[捂脸][捂脸][捂脸],[等级17],[粉丝团 Lv2]
2026-05-20 13:17:28,104707293845,峰gg🥳,ACE,[等级24],
2026-05-20 13:17:28,2946315483621007,杪諒,338,[等级31],[粉丝团 Lv10]
2026-05-20 13:17:31,63735269763,老鳄鱼,太机智了,[等级26],[粉丝团 Lv8]
2026-05-20 13:17:31,104707293845,峰gg🥳,ACE,[等级24],
2026-05-20 13:17:33,55159220102,BWRZ（记录美好）,[看]艾波 你带萌妹的时候 好像她也容易死,[等级36],[粉丝团 Lv16]
2026-05-20 13:17:33,552368103755210,双湖愚夫,今天520，带一个妹子都困难，他带俩，所以必须被张老黑惩罚！,[等级5],[粉丝团 Lv2]
2026-05-20 13:17:35,2696436837264052,顺势而为,没有队友也不行,,
2026-05-20 13:17:36,93224838325,Æ,肛拉出来的，热的[捂脸][捂脸][捂脸]@,[等级20],[粉丝团 Lv12]
2026-05-20 13:17:39,71126905166,抖音小肋手,6666,[等级11],[粉丝团 Lv10]
2026-05-20 13:17:39,2330588968395416,贝塔β,真聪明,[等级25],[粉丝团 Lv14]
2026-05-20 13:17:40,4503658257446344,🥐cornetto,这两个妹妹不把这个男的祖坟骂到冒青烟啊,[等级41],[粉丝团 Lv7]
2026-05-20 13:17:41,3447669682871373,傅辉,心思真多,[等级2],
2026-05-20 13:17:42,3732162401805662,TEnhr,哈哈哈哈哈,[等级1],
2026-05-20 13:17:43,97763433901,空明溯流光,就你心眼子多[看],[等级15],[粉丝团 Lv9]
2026-05-20 13:17:44,1596082741052088,小·🐻,君雅参加模特大赛了嘛,[等级15],[粉丝团 Lv6]
2026-05-20 13:17:45,92829047329,南丰,分析的明明白白,[等级30],[粉丝团 Lv11]
2026-05-20 13:17:49,3491639626052461,王鑫,坏的很,[等级6],
2026-05-20 13:17:49,106767053936,红旗开锁 小志吖,学费了,[等级15],[粉丝团 Lv10]
2026-05-20 13:17:49,68189106631,𝑶𝒏𝒆,@咸蛋超人 白天中午十二点到下午三点 晚上九点到十二点,[等级30],[粉丝团 Lv10]
2026-05-20 13:17:49,51782020504,甜枝枝.,这叫智取[看],[等级22],[粉丝团 Lv3]
2026-05-20 13:17:49,98286879051,Mister.Li 🐾,上把鸡了吗,[等级3],[粉丝团 Lv3]
2026-05-20 13:17:51,110234612838,迷,机制如你,[等级1],[粉丝团 Lv2]
2026-05-20 13:17:51,2172229561625960,好嗨哟,带妹不易[捂脸],[等级25],[粉丝团 Lv13]
2026-05-20 13:17:53,3544473905937592,全有,其实白绑带也是妹妹[捂脸][捂脸],[等级25],[粉丝团 Lv6]
2026-05-20 13:17:53,69561938359,米乐ོ,@咸蛋超人 晚上也播,[等级23],[粉丝团 Lv13]
2026-05-20 13:17:54,2629659676384440,东北小土豆,分析很尽头,[等级15],[粉丝团 Lv8]
2026-05-20 13:17:56,71328749888,D,残暴,[等级11],
2026-05-20 13:17:56,839647083890990,浊世清风,这脑子，果然是个好🧠,[等级29],[粉丝团 Lv13]
2026-05-20 13:17:58,66473740328,『钱』钱钱钱,没啥？,[等级12],
2026-05-20 13:18:00,73779079809,星眠,耳什么,[等级3],
2026-05-20 13:18:00,1352860449374844,忘记了,没耳几把什么？,[等级9],
2026-05-20 13:18:00,111383523563,风清扬,没啥？,[等级20],[粉丝团 Lv12]
2026-05-20 13:18:00,4460069966578135,llll,520快乐,[等级13],[粉丝团 Lv6]
2026-05-20 13:18:01,55159220102,BWRZ（记录美好）,[大笑][偷笑][大笑][偷笑][大笑][偷笑],[等级36],[粉丝团 Lv16]
2026-05-20 13:18:01,826425753210750,小吴,全是心眼 哈哈哈,[等级6],[粉丝团 Lv3]
2026-05-20 13:18:02,83800668771,哦豁,西伯利亚打钱,[等级10],
2026-05-20 13:18:03,66446438256,🐮🐰,小黄车呢,[等级10],[粉丝团 Lv8]
2026-05-20 13:18:04,3063679425977592,陈多余,回音咋回事,[等级34],
2026-05-20 13:18:04,2563717303123278,a1487xch,这么好日子，人家带俩妹子怎么了？啊？[看],[等级10],[粉丝团 Lv9]
2026-05-20 13:18:04,94361138647,小小方,上链接,[等级29],
2026-05-20 13:18:08,83838627628,鸟窝,扳机纪律,[等级15],
2026-05-20 13:18:09,2137080181565901,落尘,弓箭是不是削落了,[等级11],
2026-05-20 13:18:10,109940465895,流年那么伤,免费吗,[等级16],
2026-05-20 13:18:10,94621839722,2020(ง •̀_•́)ง,好，上链接,[等级18],
2026-05-20 13:18:12,98286879051,Mister.Li 🐾,手机能用吗,[等级3],[粉丝团 Lv3]
2026-05-20 13:18:12,98932747508,前还可修,西伯利亚哪一款好用,[等级20],
2026-05-20 13:18:13,92359836592,🎄清晨的阳光 🎄,好用吗,[等级28],[粉丝团 Lv4]
2026-05-20 13:18:14,96992796442,💕凉凉⁸⁰⁰⁸,老黑你用啥路由器,[等级10],[粉丝团 Lv11]
2026-05-20 13:18:15,149975423530195,健健,送我一个,[等级23],[粉丝团 Lv3]
2026-05-20 13:18:15,3139859134824030,曦糖糖,你没有男朋友是有原因的，太聪明了不好骗[捂脸],[等级26],[粉丝团 Lv14]
2026-05-20 13:18:16,97494970635,新沂—韩太子,快点上链接,[等级4],
2026-05-20 13:18:17,4460069966578135,llll,张老黑今晚是约会呢还是直播呢,[等级13],[粉丝团 Lv6]
2026-05-20 13:18:18,3267389383513463,惺漾,什么板子,[等级5],
2026-05-20 13:18:18,4446073422882327,謃姐姐,西伯利亚线的还是头戴式的呢,[等级15],
2026-05-20 13:18:22,68635002201,Lonely patients,西伯利亚极品大耳机吗？,[等级6],[粉丝团 Lv5]
2026-05-20 13:18:22,874847890575219,陈晓北,上小黄车了吗,[等级3],[粉丝团 Lv3]
2026-05-20 13:18:24,55159220102,BWRZ（记录美好）,Come on  baby[看],[等级36],[粉丝团 Lv16]
2026-05-20 13:18:24,92359836592,🎄清晨的阳光 🎄,蓝牙耳机吗,[等级28],[粉丝团 Lv4]
2026-05-20 13:18:26,892413678724877,厌遇,上链接[不失礼貌的微笑][斜眼],[等级24],[粉丝团 Lv7]
2026-05-20 13:18:29,106394398809,神秘人313693,你直播间先送100个耳机，好了再买,[等级55],[粉丝团 Lv8]
2026-05-20 13:18:29,99746246528,寶儿姐,老黑有蓝牙的不？,[等级12],[粉丝团 Lv9]
2026-05-20 13:18:30,71074166083,乔巴,耳机真的不错，我在G港能听到N港的脚步,[等级34],[粉丝团 Lv11]
2026-05-20 13:18:30,2500744598796624,🪳🪳🪳,牛,[等级6],[粉丝团 Lv4]
2026-05-20 13:18:31,100313663814,༺TIME༻,[捂脸][捂脸][捂脸][捂脸],[等级15],[粉丝团 Lv12]
2026-05-20 13:18:31,85901331023,H e i n e k e n,[捂脸][捂脸][捂脸],[等级17],[粉丝团 Lv2]
2026-05-20 13:18:32,1838847804575764,老农民A1,妹子：吹牛逼的时候厉害，这下子人都没看见就完了[看][看][看][看],[等级33],[粉丝团 Lv15]
2026-05-20 13:18:33,70981855746,奋斗,链接发群里啊。,[等级20],[粉丝团 Lv11]
2026-05-20 13:18:33,99372859314,启  夏,[捂脸][捂脸][捂脸][捂脸]跑,[等级25],[粉丝团 Lv15]
2026-05-20 13:18:36,52301314291,开心快乐每一天,怎么每局都是一样的套路,[等级9],[粉丝团 Lv1]
2026-05-20 13:18:37,99083196105,平城梦,厂家这么不懂事吗？送一个[捂脸][捂脸][捂脸],[等级13],[粉丝团 Lv10]
2026-05-20 13:18:37,94621839722,2020(ง •̀_•́)ง,上链接,[等级18],
2026-05-20 13:18:40,73052933238,Pickmk,你是我见过最牛逼的仙女[看],[等级14],
2026-05-20 13:18:41,111383523563,风清扬,[捂脸][捂脸][捂脸],[等级20],[粉丝团 Lv12]
2026-05-20 13:18:41,71126905166,抖音小肋手,[捂脸][捂脸],[等级11],[粉丝团 Lv10]
2026-05-20 13:18:43,93575328156,贝勒爷,哈哈哈哈,[等级9],[粉丝团 Lv10]
2026-05-20 13:18:43,55159220102,BWRZ（记录美好）,[大笑][偷笑][大笑][偷笑][大笑][偷笑][大笑][偷笑],[等级36],[粉丝团 Lv16]
2026-05-20 13:18:43,2933138663941624,easy,惹了才说惹不起,[等级22],[粉丝团 Lv14]
2026-05-20 13:18:44,1456169111790891,隔壁老王,哈哈哈哈,[等级16],[粉丝团 Lv7]
2026-05-20 13:18:44,101138818359,小鱼,[捂脸][捂脸][捂脸],[等级34],[粉丝团 Lv15]
2026-05-20 13:18:45,7521394261465859130,🌾🌾🌾炒菜不用郭先生🍎🍊🍉🍌,[捂脸][捂脸][捂脸],[等级3],[粉丝团 Lv6]
2026-05-20 13:18:47,56505883242,Fara,[捂脸],[等级15],[粉丝团 Lv12]
2026-05-20 13:18:47,100781455584813,雷碧,哈哈哈,[等级25],
2026-05-20 13:18:48,1640887381135000,夏天,杀人诛心,[等级11],[粉丝团 Lv5]
2026-05-20 13:18:48,103952737288,苹果派,[捂脸][捂脸][捂脸],[等级21],[粉丝团 Lv11]
2026-05-20 13:18:48,184365867604135,冰果,[捂脸][捂脸][捂脸],[等级30],[粉丝团 Lv15]
2026-05-20 13:18:48,100313663814,༺TIME༻,[看][看][看],[等级15],[粉丝团 Lv12]
2026-05-20 13:18:48,99470859079,人生的味道⁵¹⁰⁷⁴,[捂脸][捂脸][捂脸][捂脸][捂脸],[等级13],[粉丝团 Lv12]
2026-05-20 13:18:49,102469975321,✨名门⭐️,[捂脸][捂脸][捂脸][捂脸],[等级19],[粉丝团 Lv15]
2026-05-20 13:18:49,764858599219059,⭐️人王疋虫⭐️⁵¹⁰⁷⁴,战神老六太可怕了[捂脸][捂脸],[等级34],[粉丝团 Lv16]
2026-05-20 13:18:50,62467530775,平安.😼,渣男被打了,[等级23],[粉丝团 Lv8]
2026-05-20 13:18:51,772280035849376,🌹罗富贵🌹,[捂脸],[等级29],
2026-05-20 13:18:51,99206471796,ꪶꪮꪜꫀ如愿დ᭄,太黑了,[等级21],
2026-05-20 13:18:51,55159220102,BWRZ（记录美好）,舒服[大笑][偷笑][大笑][偷笑][大笑][偷笑],[等级36],[粉丝团 Lv16]
2026-05-20 13:18:51,111383523563,风清扬,打一枪换一个地方,[等级20],[粉丝团 Lv12]
2026-05-20 13:18:51,7397478323271828504,￴￴ ￴￴ ￴ ￴￴,专打情侣,[等级10],[粉丝团 Lv3]
2026-05-20 13:18:51,2728330916797451,天空1994,让队友背锅[看],[等级5],[粉丝团 Lv6]
2026-05-20 13:18:52,100056462711,是玲玲吖丶ᥫᩣ,[捂脸][捂脸]哇老六,[等级29],[粉丝团 Lv8]
2026-05-20 13:18:52,1358619284865086,老江湖土田共戈,[呲牙][呲牙][呲牙][呲牙][呲牙][呲牙],[等级18],
2026-05-20 13:18:53,86562890288,ㅤ　 ㅤ顺利朱,[捂脸][捂脸][捂脸][捂脸],[等级20],[粉丝团 Lv11]
2026-05-20 13:18:53,110527293027,【柳哥】,[捂脸][捂脸][捂脸],[等级27],[粉丝团 Lv12]
2026-05-20 13:18:54,59490431839,起晚了,哈哈哈,[等级21],[粉丝团 Lv3]
2026-05-20 13:18:54,4164567745964686,帕·拉,老黑心真黑啊,[等级26],[粉丝团 Lv11]
2026-05-20 13:18:55,2330588968395416,贝塔β,老六！！！,[等级25],[粉丝团 Lv14]
2026-05-20 13:18:55,241494906912462,……,老登,[等级20],[粉丝团 Lv2]
2026-05-20 13:18:55,2170879771677291,凪卄,[捂脸][捂脸][捂脸][捂脸],[等级25],[粉丝团 Lv6]
2026-05-20 13:18:55,4018071988081324,x   x,[看],,
2026-05-20 13:18:55,2151058388553816,Hvbn,我被你打了,,
2026-05-20 13:18:56,1094766260652222,愿卿安,杀人诛心,[等级23],[粉丝团 Lv12]
2026-05-20 13:18:56,80383016930,零度°C 冰川⁵¹⁰⁷⁴,[捂脸][捂脸][捂脸],[等级11],[粉丝团 Lv11]
2026-05-20 13:18:56,2840776176057645,F2,死老六,[等级25],[粉丝团 Lv13]
2026-05-20 13:18:56,2500744598796624,🪳🪳🪳,被抓到要肘击,[等级6],[粉丝团 Lv4]
2026-05-20 13:18:57,839647083890990,浊世清风,[捂脸][捂脸][捂脸][捂脸][捂脸],[等级29],[粉丝团 Lv13]
2026-05-20 13:18:57,720875141733880,💔᭄ꦿ胜者᭄꪿为王ꦿꦼ࿐,[捂脸][捂脸][捂脸],[等级32],[粉丝团 Lv3]
2026-05-20 13:18:57,2770363908622388,勇勇,老六,[等级25],
2026-05-20 13:18:57,881167684613962,🇨🇳婷🇨🇳宝🇨🇳（微光）,老六！,[等级33],
2026-05-20 13:18:57,1596141804983624,桃桃纸&,[捂脸][捂脸][捂脸],[等级11],[粉丝团 Lv10]
2026-05-20 13:18:57,210755477308124,Ren@,张老黑,[等级15],
2026-05-20 13:18:58,74393086871,花开忘忧,[捂脸][捂脸],[等级8],[粉丝团 Lv9]
2026-05-20 13:18:58,73670388544,Ａｎ,死老六,[等级5],
2026-05-20 13:18:59,1301430858943848,祗婉,[捂脸][捂脸][捂脸],[等级7],[粉丝团 Lv8]
2026-05-20 13:18:59,111051260753,“小老头”,[呲牙],[等级45],[粉丝团 Lv15]
2026-05-20 13:18:59,2933138663941624,easy,不愧是你[看],[等级22],[粉丝团 Lv14]
2026-05-20 13:18:59,3732162401805662,TEnhr,像吃了苍蝇一样,[等级1],
2026-05-20 13:18:59,717354669185903,麒龙,你个老六,[等级21],
2026-05-20 13:19:00,81354749721,猫饼,队友标了箭,[等级23],[粉丝团 Lv8]
2026-05-20 13:19:01,103919279066,熙一夜,是懂骂人的[捂脸],[等级14],[粉丝团 Lv13]
2026-05-20 13:19:02,73670388544,Ａｎ,打我干嘛,[等级5],
2026-05-20 13:19:02,103623410647,Mr  Zᴳᵀ兜里只有叁拾,打我干嘛 老黑,[等级31],[粉丝团 Lv6]
2026-05-20 13:19:03,101277257606,风的影子🧸,对对对，接着骂,[等级42],[粉丝团 Lv11]
2026-05-20 13:19:03,826425753210750,小吴,思路嘎嘎清晰啊,[等级6],[粉丝团 Lv3]
2026-05-20 13:19:03,92829047329,南丰,把队宠打了,[等级30],[粉丝团 Lv11]
2026-05-20 13:19:03,2172229561625960,好嗨哟,[捂脸][捂脸][捂脸]德云社老黑,[等级25],[粉丝团 Lv13]
2026-05-20 13:19:03,104128708843,老倌子,太坏了[捂脸],[等级13],[粉丝团 Lv7]
2026-05-20 13:19:05,3408098413512419,心静自然,[捂脸][捂脸][捂脸][捂脸],[等级30],[粉丝团 Lv11]
2026-05-20 13:19:05,3334172972158526,元元 不困,哈哈哈哈,[等级25],[粉丝团 Lv4]
2026-05-20 13:19:05,102209631228,呲花炮,[捂脸],[等级38],
2026-05-20 13:19:05,1301430858943848,祗婉,520快乐,[等级7],[粉丝团 Lv8]
2026-05-20 13:19:06,66446438256,🐮🐰,杀人诛心,[等级10],[粉丝团 Lv8]
2026-05-20 13:19:06,1172550470866364,井上月,老6,[等级23],[粉丝团 Lv7]
2026-05-20 13:19:07,4015043125711886,嘘，卜哭,狠起来自己都骂,[等级16],[粉丝团 Lv10]
2026-05-20 13:19:07,3584876042785607,乄㥐,我记得之前194耳机,[等级9],[粉丝团 Lv2]
2026-05-20 13:19:07,104710099935,星期五的下午,老黑,[等级3],
2026-05-20 13:19:07,4165422085581629,挽梦*,[捂脸][捂脸][捂脸],[等级9],[粉丝团 Lv5]
2026-05-20 13:19:07,83645562268,風裡藏著溫柔,自己先骂,[等级9],[粉丝团 Lv11]
2026-05-20 13:19:08,87608506630,十月.初一,老是偷人,[等级14],[粉丝团 Lv7]
2026-05-20 13:19:10,101629850514,张老黑的飞哥⁵¹⁰⁷⁴,吃蚊子一样难受,[等级33],[粉丝团 Lv16]
2026-05-20 13:19:11,73670388544,Ａｎ,集装箱上不打打我,[等级5],
2026-05-20 13:19:11,2629659676384440,东北小土豆,白天当老六，夜晚钢枪,[等级15],[粉丝团 Lv8]
2026-05-20 13:19:12,58423557750,太阳当空赵,祸水东引,[等级28],
2026-05-20 13:19:12,2203895102709048,纵横四海,过一会儿再偷，一个去上车库等着,[等级19],[粉丝团 Lv10]
2026-05-20 13:19:13,93224838325,Æ,心理专家,[等级20],[粉丝团 Lv12]
2026-05-20 13:19:13,64352008185,林较瘦,老黑就喜欢偷人[捂脸],[等级12],[粉丝团 Lv6]
2026-05-20 13:19:14,51095899196,超市买水果他说我裤裆藏甘蔗,等下追过来给你队友打了,[等级19],[粉丝团 Lv9]
2026-05-20 13:19:14,7397478323271828504,￴￴ ￴￴ ￴ ￴￴,520专打情侣[打脸][打脸][打脸][打脸][打脸][打脸][打脸][打脸][打脸][打脸][打脸][打脸][打脸][打脸][打脸],[等级10],[粉丝团 Lv3]
2026-05-20 13:19:14,2141446715747582,魏大呆,真狠，自己骂自己啊！[捂脸][捂脸][捂脸][捂脸],[等级15],[粉丝团 Lv11]
2026-05-20 13:19:14,1247259993593306,佳,偷了就跑[赞],[等级29],[粉丝团 Lv1]
2026-05-20 13:19:15,2330588968395416,贝塔β,哈哈哈哈哈哈,[等级25],[粉丝团 Lv14]
2026-05-20 13:19:15,1094766260652222,愿卿安,诛他队友的心，哈哈,[等级23],[粉丝团 Lv12]
2026-05-20 13:19:16,4077468555678124,七月,坏坏嘟[戳手手],[等级26],[粉丝团 Lv10]
2026-05-20 13:19:17,104002317271,(春梦)了无痕,单口相声,[等级12],[粉丝团 Lv11]
2026-05-20 13:19:18,3491639626052461,王鑫,心里学,[等级6],
2026-05-20 13:19:20,111570252130,纵情山水,你等着,[等级11],[粉丝团 Lv8]
2026-05-20 13:19:21,2642847468357035,吻了你@Love,恨起来自己都骂[捂脸][捂脸][捂脸],[等级11],[粉丝团 Lv11]
2026-05-20 13:19:21,109881104951,372923,[捂脸][捂脸][捂脸][捂脸][捂脸],[等级3],
2026-05-20 13:19:22,71126905166,抖音小肋手,[捂脸][捂脸][捂脸],[等级11],[粉丝团 Lv10]
2026-05-20 13:19:22,100056462711,是玲玲吖丶ᥫᩣ,[捂脸][捂脸][捂脸],[等级29],[粉丝团 Lv8]
2026-05-20 13:19:24,59348532870,贫僧法号：乱来,杀人就算了  还要诛心[捂脸][捂脸][捂脸][捂脸],[等级34],
2026-05-20 13:19:25,94536624975,闫泰骐,等着 你等着,[等级21],
2026-05-20 13:19:25,69654624609,温棪,打开全部麦听听流言蜚语[捂脸],[等级30],[粉丝团:张君雅 Lv14]
2026-05-20 13:19:25,69245046584,☞BO☜,战神当老六没人挡的住,[等级3],[粉丝团 Lv2]
2026-05-20 13:19:30,68836194860,彩虹糖,过节打游戏撞到老黑是开心还是不开心呢,[等级32],[粉丝团 Lv10]
2026-05-20 13:19:32,3316583541518749,用户8851799475283,老黑狠起立连自己也骂[捂脸][捂脸][捂脸],,
2026-05-20 13:19:32,1456169111790891,隔壁老王,坑子[捂脸],[等级16],[粉丝团 Lv7]
2026-05-20 13:19:33,4218147940337566,生命因你而火热,是兄弟就来砍我[捂脸],[等级18],[粉丝团 Lv9]
2026-05-20 13:19:33,82091611138,宁ʕ̡̢̡•̫͡•ʔ̢̡̢,然后4个四排，3个自雷下把,[等级14],[粉丝团 Lv1]
2026-05-20 13:19:33,101277257606,风的影子🧸,人家有车,[等级42],[粉丝团 Lv11]
2026-05-20 13:19:35,2840776176057645,F2,一整局背后发凉,[等级25],[粉丝团 Lv13]
2026-05-20 13:19:35,110563373639,渐远,队友救我,[等级27],
2026-05-20 13:19:38,98773931120,彭志辉,等下你队友要玩了,[等级5],
2026-05-20 13:19:38,69561938359,米乐ོ,队友在直播间就尴尬了,[等级23],[粉丝团 Lv13]
2026-05-20 13:19:38,103510963838,《重生之》我在成都养🐰钓🐟,去P城啊老黑，昨天局哥放了两把P90在那还有复合弓,[等级7],[粉丝团 Lv10]
2026-05-20 13:19:38,2984502456237699,汪汪小汪,自救器,[等级32],[粉丝团 Lv15]
2026-05-20 13:19:38,1053754511863130,叶心叶意,偷人也不是这样偷的吧,[等级19],[粉丝团 Lv10]
2026-05-20 13:19:38,103826910046,鸱吻,真来抓你你又不安逸了[捂脸],[等级28],[粉丝团 Lv13]
2026-05-20 13:19:43,100056462711,是玲玲吖丶ᥫᩣ,我队友没车，一打就死[流泪][流泪][流泪]说得队友就是我,[等级29],[粉丝团 Lv8]
2026-05-20 13:19:48,3382539202083359,好鸡爪,还是有自知之明,[等级14],[粉丝团 Lv4]
2026-05-20 13:19:49,706360030803453,宋奶奶的运动和饮食,有趣,[等级1],
2026-05-20 13:19:57,102437855681,风一样自由,主播用的那款耳机，入耳的还是头带的,[等级27],
2026-05-20 13:20:01,104623145676,初二,@是玲玲吖丶ᥫᩣ 宝贝,[等级19],
2026-05-20 13:20:03,98932747508,前还可修,那乱好用,[等级20],
2026-05-20 13:20:04,3382539202083359,好鸡爪,够黑,[等级14],[粉丝团 Lv4]
2026-05-20 13:20:04,1838838104734926,花匠小马,肯定不是西伯利亚,[等级34],[粉丝团 Lv15]
2026-05-20 13:20:10,2192877032585164,追风,你在说给供应商听吗[捂脸],[等级14],[粉丝团 Lv2]
2026-05-20 13:20:11,52243439934,Air_,520快乐,[等级20],[粉丝团 Lv10]
2026-05-20 13:20:14,1094766260652222,愿卿安,狠起来自己都炸，果然是爱播,[等级23],[粉丝团 Lv12]
2026-05-20 13:20:15,110527293027,【柳哥】,开麦听队友说话啊,[等级27],[粉丝团 Lv12]
2026-05-20 13:20:15,2497699454393470,肉丝,等试完我再买  本来打算买一个的,[等级9],[粉丝团 Lv11]
2026-05-20 13:20:15,111007266356,🔱守望w,老款的直播间抽了吧[看][看][看],[等级29],[粉丝团 Lv15]
2026-05-20 13:20:17,729716669298766,山上雪,真要过来抓你吧，你又不高兴了,[等级15],[粉丝团 Lv13]
2026-05-20 13:20:17,7512667169890239546,有米老板,把队友麦打开,,
2026-05-20 13:20:21,99881560949,江湖人称33333,我想入手你脱皮的,[等级27],[粉丝团 Lv10]
2026-05-20 13:20:22,4138200750370388,高,脱皮的我出邮费淘汰给我,[等级18],[粉丝团 Lv14]
2026-05-20 13:20:22,104771448261,小帅影探,就爱用二手的,[等级23],
2026-05-20 13:20:22,103952737288,苹果派,脱皮了送给粉丝留念,[等级21],[粉丝团 Lv11]
2026-05-20 13:20:23,1644525708386619,八九野马,你让你的队友走吧,[等级21],
2026-05-20 13:20:27,78358191614,王者归来见天子,这个枪是三号给你准备的,[等级24],[粉丝团 Lv11]
2026-05-20 13:20:30,93112544396,A泉阳镇好孝顺蚕丝羽绒被棉被加工店,我的用了13年了，还没脱皮,[等级2],
2026-05-20 13:20:32,4218147940337566,生命因你而火热,你们没有回音？,[等级18],[粉丝团 Lv9]
2026-05-20 13:20:33,102469975321,✨名门⭐️,偏要买[看][看],[等级19],[粉丝团 Lv15]
2026-05-20 13:20:34,106214954051,公子韡,声音好小,[等级11],[粉丝团 Lv8]
2026-05-20 13:20:36,22077196930,王豆豆🧚🏻‍♀️,听筒没开,[等级9],[粉丝团 Lv10]
2026-05-20 13:20:38,94367448940,無法無天、逆态度,我是西伯利亚K9,[等级11],
2026-05-20 13:20:40,3795156287621927,拾欢,惹祸兜[捂脸],[等级15],[粉丝团 Lv13]
2026-05-20 13:20:43,2330588968395416,贝塔β,[捂脸][捂脸],[等级25],[粉丝团 Lv14]
2026-05-20 13:20:45,101629850514,张老黑的飞哥⁵¹⁰⁷⁴,打你队友来了,[等级33],[粉丝团 Lv16]
2026-05-20 13:20:46,76488012306,十三贝勒胤祥,别怂啊，一起上,[等级9],
2026-05-20 13:20:48,97763433901,空明溯流光,开麦老黑,[等级15],[粉丝团 Lv9]
2026-05-20 13:20:49,58506525797,靠近一点,耳罩买一个新的换下五块钱一个,,
2026-05-20 13:20:51,55159220102,BWRZ（记录美好）,[衰][干饭人][衰][干饭人],[等级36],[粉丝团 Lv16]
2026-05-20 13:20:57,93157053611,✨星辰大海🐳,三号认出你了,[等级11],[粉丝团 Lv12]
2026-05-20 13:20:57,72311504444,古玩爱好者,为什么一搜会写着张君雅是大G🐶啊,[等级24],
2026-05-20 13:20:58,896828231649432,修缘,这挺好惹了祸有队友在前面挡着[捂脸],,
2026-05-20 13:20:59,4475458192938265,圆圆喊救命老黑有事要先走,老黑招募三个猛男当一把甜妹,[等级21],[粉丝团 Lv12]
2026-05-20 13:20:59,100459313206,莉枝,开麦听听,[等级17],[粉丝团 Lv10]
2026-05-20 13:20:59,2330588968395416,贝塔β,队友替你背锅[捂脸],[等级25],[粉丝团 Lv14]
2026-05-20 13:21:03,99372859314,启  夏,@Ａｎ 因为你帅一点[捂脸],[等级25],[粉丝团 Lv15]
2026-05-20 13:21:07,68308668705,时间扑了空ꦿᩚ࿐,没蓝牙的？,[等级15],
2026-05-20 13:21:15,71510036841,Lu。,新耳机啥时候上 我旧的也掉皮了[捂脸],[等级32],[粉丝团 Lv10]
2026-05-20 13:21:30,1257437656002798,某某.,@Lu。 等她用了测评再来,[等级34],[粉丝团:张君雅 Lv16]
2026-05-20 13:21:33,4328097820972855,阿洋,@时间扑了空ꦿᩚ࿐ 她这个带蓝牙的，我用的就是这种,[等级13],[粉丝团 Lv10]
2026-05-20 13:21:35,592000584792912,苏苏..,大家快加团和送灯牌，冲粉丝团团任务,[等级11],[粉丝团 Lv11]
2026-05-20 13:21:40,135964883951687,you(^_^)丹,@Lu。 哈哈，你喜欢君雅耳机,[等级9],
2026-05-20 13:21:42,2330588968395416,贝塔β,@古玩爱好者 因为他们和你一样嫉妒主播,[等级25],[粉丝团 Lv14]
2026-05-20 13:21:43,70981855746,奋斗,有入耳式的没？,[等级20],[粉丝团 Lv11]
2026-05-20 13:21:44,60990985705,爱啃骨头的多多妹,这两天咋不开麦了,[等级6],
2026-05-20 13:21:50,2563717303123278,a1487xch,掉皮了再去买一对原皮，米多买新的当我没说,[等级10],[粉丝团 Lv9]
2026-05-20 13:21:51,2118085911251435,风带走的记忆,大嘴唇子昨天打游戏了？,[等级34],
2026-05-20 13:21:55,109816191367,不焦虑,赛季还有几天？,[等级15],[粉丝团 Lv11]
2026-05-20 13:21:56,7639271547475264549,🚬᭄乖不如野꧔,666,,
2026-05-20 13:21:57,60627504900,雪碧吖🌓,新耳机是自带拓展坞的嘛？,[等级29],[粉丝团 Lv6]
2026-05-20 13:21:59,896828231649432,修缘,问题来了，当老黑队友需要注意什么[呲牙],,
2026-05-20 13:22:02,100273387764,🌈大熊🐻,西伯利亚s21，苹果14pro能用吗,[等级20],
2026-05-20 13:22:05,1063955365639710,干掉你的霸气,一会再给打死一个，留两个,[等级11],[粉丝团 Lv4]
2026-05-20 13:22:06,71510036841,Lu。,@某某. OK,[等级32],[粉丝团 Lv10]
2026-05-20 13:22:12,97873254852,没有月儿的夜,老黑的蹲键在哪,[等级9],
2026-05-20 13:22:15,1275057866807839,小吴妹妹（姑奶奶版）,昨天没直播干啥去了,[等级22],[粉丝团 Lv2]
2026-05-20 13:22:15,111007266356,🔱守望w,@风带走的记忆 打了快一个星期了,[等级29],[粉丝团 Lv15]
2026-05-20 13:22:19,59133158910,初云子空,你没开麦。,[等级10],[粉丝团 Lv6]
2026-05-20 13:22:24,108473574282,🐼~~~,@风带走的记忆 这段时间都和狗蛋一起打,[等级25],[粉丝团 Lv14]
2026-05-20 13:22:26,4475458192938265,圆圆喊救命老黑有事要先走,[发呆][发呆],[等级21],[粉丝团 Lv12]
2026-05-20 13:22:27,71126905166,抖音小肋手,@小吴妹妹（姑奶奶版） 固定休息,[等级11],[粉丝团 Lv10]
2026-05-20 13:22:32,55159220102,BWRZ（记录美好）,[衰][干饭人][衰][干饭人][衰][干饭人],[等级36],[粉丝团 Lv16]
2026-05-20 13:22:33,101933836764,释怀⁵¹⁰⁷⁴,@小吴妹妹（姑奶奶版） 一周一天的休息,[等级24],[粉丝团 Lv15]
2026-05-20 13:22:37,55159220102,BWRZ（记录美好）,我看看怎么个事,[等级36],[粉丝团 Lv16]
2026-05-20 13:22:38,94621081467,雨踏歌行.,刚眯着[发怒],[等级20],[粉丝团 Lv15]
2026-05-20 13:22:42,103623410647,Mr  Zᴳᵀ兜里只有叁拾,520你来偷我,[等级31],[粉丝团 Lv6]
2026-05-20 13:22:42,1799236215641039,静以生慧,你也想搞,,
2026-05-20 13:22:46,3047482674388180,菜场在逃肥鸡,太坏了,[等级20],[粉丝团 Lv9]
2026-05-20 13:22:48,2118085911251435,风带走的记忆,@🔱守望w 他喵的，不直播只打游戏[捂脸],[等级34],
2026-05-20 13:23:11,97873254852,没有月儿的夜,这 ACE也太飘了,[等级9],
2026-05-20 13:23:11,96395406876893,K*,跑啊,,
2026-05-20 13:23:15,22415580083835,苹果,你也跑吧,[等级18],
2026-05-20 13:23:15,2291036694261134,改个名吧,来报仇了,[等级2],
2026-05-20 13:23:25,111007266356,🔱守望w,@风带走的记忆 为回归在练枪,[等级29],[粉丝团 Lv15]
2026-05-20 13:23:31,2727235521087341,黑咖啡有点浓,灵敏度不分享下,,
2026-05-20 13:23:40,4011452046510776,03📷贴膜小斌总,你也是妹子,[等级7],
2026-05-20 13:23:45,548004340438996,小笨蛋,@菜场在逃肥鸡 都向你看齐🔫[呲牙][呲牙][呲牙][抠鼻][抠鼻][抠鼻][抠鼻],,
2026-05-20 13:23:50,111007266356,🔱守望w,@菜场在逃肥鸡 星期一狗蛋休息就跟蛙宝个菜园子在,[等级29],[粉丝团 Lv15]
2026-05-20 13:23:50,1275057866807839,小吴妹妹（姑奶奶版）,[九转大肠][九转大肠][九转大肠][九转大肠],[等级22],[粉丝团 Lv2]
2026-05-20 13:23:57,95999005415,一小朱一,主播。为什么不换身衣服呢,[等级3],
2026-05-20 13:24:02,7153503791,小刘.,3号:四个人为什么就我一个被杀了,[等级2],
2026-05-20 13:24:04,92294124549,空^〇^白,粉丝没了[捂脸][捂脸][捂脸][捂脸],[等级6],[粉丝团 Lv6]
2026-05-20 13:24:07,4475458192938265,圆圆喊救命老黑有事要先走,老黑惹祸队友扛,[等级21],[粉丝团 Lv12]
2026-05-20 13:24:11,4503658257446344,🥐cornetto,人不行跟灵敏度有什么关系,[等级41],[粉丝团 Lv7]
2026-05-20 13:24:14,55159220102,BWRZ（记录美好）,漂亮,[等级36],[粉丝团 Lv16]
2026-05-20 13:24:19,2529343295198756,🫶渡己🫶,三个人一起去不好吗？,[等级28],[粉丝团 Lv1]
2026-05-20 13:24:39,55159220102,BWRZ（记录美好）,撒撒水,[等级36],[粉丝团 Lv16]
2026-05-20 13:24:43,2500744598796624,🪳🪳🪳,拿下拿下,[等级6],[粉丝团 Lv4]
2026-05-20 13:24:44,71126905166,抖音小肋手,牛批,[等级11],[粉丝团 Lv10]
2026-05-20 13:24:47,1794029961617984,酃,[看][看][看][看],[等级17],[粉丝团 Lv12]
2026-05-20 13:24:50,111383523563,风清扬,[捂脸][捂脸][捂脸],[等级20],[粉丝团 Lv12]
2026-05-20 13:24:50,96261969310,酒醉人不归,哈哈哈哈,[等级15],[粉丝团 Lv10]
2026-05-20 13:24:50,55159220102,BWRZ（记录美好）,只能说让对手难受去吧,[等级36],[粉丝团 Lv16]
2026-05-20 13:24:54,7562923798250701883,你莫逗我笑嘛,3号位,[等级2],[粉丝团 Lv4]
2026-05-20 13:24:56,2798671553367552,⋅,专坑队友,[等级17],
2026-05-20 13:24:56,2189880376430734,田心`,[捂脸][捂脸][捂脸][捂脸],[等级15],[粉丝团 Lv8]
2026-05-20 13:24:56,69656856233,无名小卒PLA,哈哈,[等级23],[粉丝团 Lv11]
2026-05-20 13:24:58,2172229561625960,好嗨哟,[捂脸][捂脸][捂脸]三号不自觉,[等级25],[粉丝团 Lv13]
2026-05-20 13:24:58,2753614464685597,菠萝啤,哈哈哈哈哈哈哈,[等级7],
2026-05-20 13:24:58,2784416948821760,用户9609691585508,3号也很生气,,
2026-05-20 13:24:59,62828234454,躺平壹歌,三号没了,[等级11],
2026-05-20 13:25:00,68033173728,Johnny✨⁵¹⁰⁷⁴,[呲牙][呲牙]你惹的,[等级31],[粉丝团 Lv16]
2026-05-20 13:25:00,99146821855,自醒,三号八字 不硬,[等级19],
2026-05-20 13:25:01,1257437656002798,某某.,关键两箭,[等级34],[粉丝团:张君雅 Lv16]
2026-05-20 13:25:01,100056462711,是玲玲吖丶ᥫᩣ,哈哈，338,[等级29],[粉丝团 Lv8]
2026-05-20 13:25:02,3303400408884476,快乐小词,哈哈哈哈,[等级24],
2026-05-20 13:25:04,101277257606,风的影子🧸,[捂脸][捂脸][捂脸][捂脸],[等级42],[粉丝团 Lv11]
2026-05-20 13:25:04,92294124549,空^〇^白,就粉丝没了[捂脸][捂脸][捂脸][捂脸],[等级6],[粉丝团 Lv6]
2026-05-20 13:25:04,55159220102,BWRZ（记录美好）,[大笑][偷笑][大笑][偷笑][大笑][偷笑],[等级36],[粉丝团 Lv16]
2026-05-20 13:25:04,7153503791,小刘.,3号：为什么四个人就我没了，真难受,[等级2],
2026-05-20 13:25:04,97873254852,没有月儿的夜,怎么这个游戏这么多叔叔的声音哈哈哈[看],[等级9],
2026-05-20 13:25:06,981205967182916,辣妹尔🥰,晚上有人一起吗 我和闺蜜在线等[打call][打call][打call],,
2026-05-20 13:25:10,73956267836,阿田家的德文卷毛猫.,又是3号,[等级8],
2026-05-20 13:25:10,104360562881,夏序清和·无心,哈哈哈哈520快乐,[等级24],[粉丝团 Lv9]
2026-05-20 13:25:14,2141446715747582,魏大呆,[捂脸][捂脸][捂脸][捂脸][捂脸][捂脸],[等级15],[粉丝团 Lv11]
2026-05-20 13:25:14,6472167828,顺城,仇不是那么容易报的,[等级22],[粉丝团 Lv15]
2026-05-20 13:25:17,101938406390,哆隆.,声音真好听,[等级7],
2026-05-20 13:25:18,55159220102,BWRZ（记录美好）,笑死[看],[等级36],[粉丝团 Lv16]
2026-05-20 13:25:18,3931487374411662,猴哥,你个老登[捂脸],[等级10],[粉丝团 Lv10]
2026-05-20 13:25:18,86562890288,ㅤ　 ㅤ顺利朱,三号有点说法,[等级20],[粉丝团 Lv11]
2026-05-20 13:25:20,1456169111790891,隔壁老王,气死了,[等级16],[粉丝团 Lv7]
2026-05-20 13:25:21,59348532870,贫僧法号：乱来,(⊙o⊙)哇338,[等级34],
2026-05-20 13:25:22,101132873138,唐 僧,吹吧你,[等级32],
2026-05-20 13:25:22,1978775559473902,🌈雨夜歌笙,死亡3号位,[等级22],[粉丝团 Lv10]
2026-05-20 13:25:22,1644525708386619,八九野马,把三号3号这辈子记住你了,[等级21],
2026-05-20 13:25:23,98286879051,Mister.Li 🐾,三号躺枪,[等级3],[粉丝团 Lv3]
2026-05-20 13:25:24,109641965293,en.,压不住的三号位,[等级19],
2026-05-20 13:25:26,98941870733,劉先生,问队友要,[等级21],[粉丝团 Lv10]
2026-05-20 13:25:26,111383523563,风清扬,谁刚刚跑得比兔子还快的？,[等级20],[粉丝团 Lv12]
2026-05-20 13:25:27,1882778975079199,小抖,又装起来了😓,[等级26],
2026-05-20 13:25:27,1126322180989344,顿顿都想吃肉,说338时候是馋了吗[看],[等级27],[粉丝团 Lv4]
2026-05-20 13:25:28,59185096041,Sunflower,噢～338啊,[等级5],
2026-05-20 13:25:29,23671175128,◔.̮◔ 咻～,满级气吐血，气死,[等级19],[粉丝团 Lv7]
2026-05-20 13:25:31,88745690242,iiii,@辣妹尔🥰 算我一个[看],[等级11],
2026-05-20 13:25:32,101647797430,国产QQ,你个死老六[捂脸][捂脸],[等级11],
2026-05-20 13:25:34,100313663814,༺TIME༻,死亡三号位[看],[等级15],[粉丝团 Lv12]
2026-05-20 13:25:35,69105740199,蓝研,@辣妹尔🥰 一起干啥,[等级31],[粉丝团 Lv3]
2026-05-20 13:25:35,72907249364,兔子先生,338很想要[看][看],[等级20],[粉丝团 Lv2]
2026-05-20 13:25:35,104689996186,白蛮—之刃,跟队友要338,[等级33],[粉丝团 Lv8]
2026-05-20 13:25:36,1512542077459805,记得晒太阳,死亡三号位[酷拽],[等级18],[粉丝团 Lv9]
2026-05-20 13:25:37,3743152528438125,吃软不吃硬い,3号拿这么好的设备看电视,[等级25],
2026-05-20 13:25:39,22119800581,宝贝你在哪V,死亡三号位,[等级23],[粉丝团 Lv11]
2026-05-20 13:25:39,68836194860,彩虹糖,这不是集装箱物资搜完了都给你送过来,[等级32],[粉丝团 Lv10]
2026-05-20 13:25:41,1799236215641039,静以生慧,咋资道的,,
2026-05-20 13:25:41,1247259993593306,佳,得了便宜还卖乖[捂脸][捂脸][捂脸][捂脸],[等级29],[粉丝团 Lv1]
2026-05-20 13:25:47,85886953312,睡觉不关灯,我就喜欢你这嚣张的样子,[等级24],[粉丝团 Lv6]
2026-05-20 13:25:49,1108739621660414,小M,你这弓打200米以上很吃力吧,[等级2],
2026-05-20 13:25:50,91822771980,💜U U💜,@小抖 凭实力，有本事你也来,[等级21],[粉丝团 Lv11]
2026-05-20 13:25:51,132393117955975,憨憨的,张妈妈带我打游戏不,[等级24],
2026-05-20 13:25:53,96992796442,💕凉凉⁸⁰⁰⁸,老黑,[等级10],[粉丝团 Lv11]
2026-05-20 13:25:53,2797634951842647,布依陌,3号位有说法的[捂脸],[等级12],
2026-05-20 13:25:59,71091522114,面具,这队友实在是吃不完了。,[等级8],
2026-05-20 13:26:05,109886789309,✨️larkspur_tang⁵¹⁰⁷⁴,@风清扬 你不懂了吧。。是拉枪械[看]谁跑了,[等级31],[粉丝团 Lv16]
2026-05-20 13:26:09,866032946527787,牛 二,三号冤阿…．,[等级25],[粉丝团 Lv15]
2026-05-20 13:26:10,82112535094,星辰,你惹的,[等级13],[粉丝团 Lv1]
2026-05-20 13:26:10,2909762683142905,瑞浠爸爸,你这话说的，人家好气啊,[等级10],[粉丝团 Lv2]
2026-05-20 13:26:14,3012317810270375,豆豆豆窦,啥也别说了，你就是个张老六[捂脸],[等级27],[粉丝团 Lv11]
2026-05-20 13:26:14,2225840805381572,不语,你惹的祸，三号替死了[呲牙][呲牙],[等级14],
2026-05-20 13:26:16,2500744598796624,🪳🪳🪳,队友也会玩,[等级6],[粉丝团 Lv4]
2026-05-20 13:26:20,72261760179,大猪蹄子○,3号位死亡位,[等级23],
2026-05-20 13:26:21,1882778975079199,小抖,老黑又装起来了,[等级26],
2026-05-20 13:26:23,96651724639,是颦儿吖,@彩虹糖,[等级9],[粉丝团 Lv5]
2026-05-20 13:26:27,1257437656002798,某某.,又是这里,[等级34],[粉丝团:张君雅 Lv16]
2026-05-20 13:26:27,71126905166,抖音小肋手,点粉丝团→一键送11个为你闪耀（陪伴之旅），完成后可多领很多很多亲密度→记得把星星都点开有亲密❤️❤,[等级11],[粉丝团 Lv10]
2026-05-20 13:26:29,23671175128,◔.̮◔ 咻～,又吃剩饭,[等级19],[粉丝团 Lv7]
2026-05-20 13:26:29,97873254852,没有月儿的夜,2号咋掉线了,[等级9],
2026-05-20 13:26:31,2984494566739024,7️⃣7️⃣,只有小姐姐能压住3号位,[等级11],[粉丝团 Lv3]
2026-05-20 13:26:32,71126905166,抖音小肋手,挑战榜下面👇滑动[爱心]大家看直播能免费[爱心][爱心]给主播君雅充能，涨涨流量[比心][比心][比,[等级11],[粉丝团 Lv10]
2026-05-20 13:26:36,3361669743913258,信命,奎子来了,,
2026-05-20 13:26:37,62828234454,躺平壹歌,三号好惨,[等级11],
2026-05-20 13:26:39,2493283472772824,四号,对面就这还带妹呢,[等级22],
2026-05-20 13:26:41,4283315943909790,鬼吹灯,摸一下老虎屁股，老虎过来把队友给啃了,[等级17],[粉丝团 Lv2]
2026-05-20 13:26:41,111383523563,风清扬,@✨️larkspur_tang⁵¹⁰⁷⁴ 对对对[捂脸][捂脸][捂脸]她自己也经常这么说！,[等级20],[粉丝团 Lv12]
2026-05-20 13:26:44,4038955830092459,-*99,全网最懒的女王啊,,
2026-05-20 13:26:46,59751113890,小乖丶,老黑是几指啊兄弟们,[等级19],
2026-05-20 13:26:48,56807195674766,星崽,马为什么不变皮肤,,
2026-05-20 13:26:50,78199253926,淡淡的烟草味！,@小抖 装也需要实力，你有吗,[等级23],[粉丝团 Lv13]
2026-05-20 13:26:51,71126905166,抖音小肋手,一人300赞，500人一起点有双倍🌺冲击50万赞❤️点赞的人运气爆棚，心想事成❤️,[等级11],[粉丝团 Lv10]
2026-05-20 13:26:57,60748485890,皮老六钓鱼🐟,死亡三号[奸笑][黑脸],[等级37],
2026-05-20 13:26:58,109997658670,七月🐮,人人恨老6，人人想当老6,[等级13],[粉丝团 Lv11]
2026-05-20 13:27:03,814067515394600,顾佳,决赛圈见,[等级6],
2026-05-20 13:27:05,3134071856970844,晚岑,老黑11指,[等级28],[粉丝团 Lv9]
2026-05-20 13:27:09,92316285483,三,@小乖丶 十指,[等级19],[粉丝团 Lv6]
2026-05-20 13:27:14,811871158938477,走,@小乖丶 3,[等级3],
2026-05-20 13:27:18,95582737508,豆逗,@星崽 为什么要变，变了会帮忙打架[大笑],[等级35],[粉丝团 Lv6]
2026-05-20 13:27:19,4503658257446344,🥐cornetto,@晚岑 9指,[等级41],[粉丝团 Lv7]
2026-05-20 13:27:21,69513036064,小小韩,今天的赞很好看,[等级13],[粉丝团 Lv10]
2026-05-20 13:27:23,83477509286,小手搽兜,@晚岑 明明12指,[等级20],[粉丝团 Lv8]
2026-05-20 13:27:24,85901331023,H e i n e k e n,[发呆][发呆][发呆],[等级17],[粉丝团 Lv2]
2026-05-20 13:27:25,764858599219059,⭐️人王疋虫⭐️⁵¹⁰⁷⁴,[捂脸][捂脸],[等级34],[粉丝团 Lv16]
2026-05-20 13:27:27,74393086871,花开忘忧,[捂脸][捂脸][捂脸][捂脸],[等级8],[粉丝团 Lv9]
2026-05-20 13:27:29,62828234454,躺平壹歌,被人6好难受，但是6别人是真的爽,[等级11],
2026-05-20 13:27:29,1257437656002798,某某.,?,[等级34],[粉丝团:张君雅 Lv16]
2026-05-20 13:27:31,1794029961617984,酃,[看][看][看],[等级17],[粉丝团 Lv12]
2026-05-20 13:27:32,548004340438996,小笨蛋,@顺城 我老公说的君子报仇十年不晚 要是报不了仇 就用我的一辈子换我老公永远财源滚滚顺风顺水 我愿意,,
2026-05-20 13:27:34,1094766260652222,愿卿安,[捂脸][捂脸][捂脸][捂脸],[等级23],[粉丝团 Lv12]
2026-05-20 13:27:36,4015043125711886,嘘，卜哭,[捂脸][捂脸][捂脸],[等级16],[粉丝团 Lv11]
2026-05-20 13:27:36,99427381598,Laity•,老黑中午好,[等级35],[粉丝团 Lv8]
2026-05-20 13:27:36,98181665549,刘风,[捂脸][捂脸][捂脸],[等级5],[粉丝团 Lv10]
2026-05-20 13:27:37,3012317810270375,豆豆豆窦,[捂脸],[等级27],[粉丝团 Lv11]
2026-05-20 13:27:37,1244249822078139,碎星闪闪,[捂脸][捂脸][捂脸][捂脸][捂脸],[等级7],[粉丝团 Lv10]
2026-05-20 13:27:39,3381715802524168,海威哥,三号死的好惨 死了还给挫骨扬灰,[等级2],
2026-05-20 13:27:40,100715869691,独宠👉丫头²⁸︍⁹³,[看][看],[等级29],[粉丝团 Lv15]
2026-05-20 13:27:40,55159220102,BWRZ（记录美好）,拿深情单身一天换个鸡这把[感谢][感谢][感谢][感谢],[等级36],[粉丝团 Lv16]
2026-05-20 13:27:43,74393086871,花开忘忧,[捂脸][捂脸],[等级8],[粉丝团 Lv9]
2026-05-20 13:27:45,101277257606,风的影子🧸,[捂脸][捂脸],[等级42],[粉丝团 Lv11]
2026-05-20 13:27:45,1596141804983624,桃桃纸&,[捂脸][捂脸],[等级11],[粉丝团 Lv10]
2026-05-20 13:27:47,62093285295,云飞,现在满级个绷带也不吓人,[等级17],[粉丝团 Lv12]
2026-05-20 13:27:51,2085150731280621,锦煜✨,你昨晚干嘛去了,[等级12],[粉丝团 Lv2]
2026-05-20 13:27:51,2669243963282877,汪,老六不可怕，就怕shensh,,
2026-05-20 13:27:52,98373352228,W！,又抢着吃[捂脸] 哈哈,[等级41],[粉丝团 Lv12]
2026-05-20 13:27:53,1006781712047288,我们,这不巧了吗,[等级37],[粉丝团 Lv14]
2026-05-20 13:27:55,2211842521836435,搁浅,1080,[等级10],
2026-05-20 13:27:55,69513036064,小小韩,一起戳个赞,[等级13],[粉丝团 Lv10]
2026-05-20 13:27:55,66873200785,岁岁平安,哈哈哈,[等级3],
2026-05-20 13:27:56,74393086871,花开忘忧,[捂脸][捂脸][捂脸],[等级8],[粉丝团 Lv9]
2026-05-20 13:27:57,4503658257446344,🥐cornetto,6是本事,[等级41],[粉丝团 Lv7]
2026-05-20 13:27:59,3755557160238728,蜀道山🇨🇳™♊💧💧,太气人了[赞],[等级19],[粉丝团 Lv11]
2026-05-20 13:28:02,1913611961246308,好きあなた,密室怎么找的？,[等级13],[粉丝团 Lv2]
2026-05-20 13:28:04,2752776078632967,飞飞飞,d没有老6,[等级25],[粉丝团 Lv10]
2026-05-20 13:28:07,118350347777683,孙孙,[捂脸][捂脸][捂脸],[等级19],[粉丝团 Lv2]
2026-05-20 13:28:07,71533879276,懒得起名字,想吃就说想吃[捂脸][捂脸][捂脸],[等级15],[粉丝团 Lv8]
2026-05-20 13:28:09,2172229561625960,好嗨哟,有道理,[等级25],[粉丝团 Lv13]
2026-05-20 13:28:14,4140074800526208,你好我们从现在开始重新认识,你的密室第一次开，,,
2026-05-20 13:28:16,4350382083,充电宝　　　　   🪳,你个老六,[等级12],
2026-05-20 13:28:16,7443467011387458618,骨阿夫特嫩,老黑架一下你别进去啊,[等级29],
2026-05-20 13:28:18,97763433901,空明溯流光,你人还怪好的,[等级15],[粉丝团 Lv9]
2026-05-20 13:28:18,102057833976,就事论事,[捂脸][捂脸][微笑][微笑][微笑][微笑][微笑][微笑],[等级7],[粉丝团 Lv9]
2026-05-20 13:28:20,4503658257446344,🥐cornetto,进密室还有保安了现在,[等级41],[粉丝团 Lv7]
2026-05-20 13:28:20,72380839427,绾情丝,520快乐520快乐520快乐,[等级18],[粉丝团 Lv3]
2026-05-20 13:28:21,60625536157,一口汽水,你就是老6,[等级18],
2026-05-20 13:28:22,1451772266707070,亚梨SGA,队友快来,[等级10],
2026-05-20 13:28:24,558174189912492,✨Waner✨乖乖💫,[捂脸]为了换三级头,[等级25],[粉丝团 Lv8]
2026-05-20 13:28:24,72380839427,绾情丝,[捂脸][捂脸][捂脸],[等级18],[粉丝团 Lv3]
2026-05-20 13:28:27,77386830650,-张景行·自持,看一眼就走,[等级26],[粉丝团 Lv4]
2026-05-20 13:28:29,99036159387,乐之,拿装备第一名,[等级16],[粉丝团 Lv4]
2026-05-20 13:28:34,71126905166,抖音小肋手,[捂脸][捂脸][捂脸][捂脸],[等级11],[粉丝团 Lv10]
2026-05-20 13:28:34,101938406390,哆隆.,为啥你的声音这么好听,[等级7],
2026-05-20 13:28:35,1838847804575764,老农民A1,@好きあなた 营地工具,[等级33],[粉丝团 Lv15]
2026-05-20 13:28:36,99083196105,平城梦,不是架枪吗，吃完就跑,[等级13],[粉丝团 Lv10]
2026-05-20 13:28:38,345712150973753,断忆,主播你这名字太der了，我刚才差点没想点进来[捂脸][捂脸][捂脸],[等级2],
2026-05-20 13:28:41,100056462711,是玲玲吖丶ᥫᩣ,[捂脸][捂脸][捂脸],[等级29],[粉丝团 Lv8]
2026-05-20 13:28:42,71126905166,抖音小肋手,我就看看不吃[看][看][看],[等级11],[粉丝团 Lv10]
2026-05-20 13:28:42,772280035849376,🌹罗富贵🌹,[捂脸],[等级29],
2026-05-20 13:28:43,103919279066,熙一夜,看一眼就没,[等级14],[粉丝团 Lv13]
2026-05-20 13:28:43,2071086839901975,打断瘸子那条好腿,说好的架枪呢,[等级19],
2026-05-20 13:28:44,69561938359,米乐ོ,你也想看一眼,[等级23],[粉丝团 Lv13]
2026-05-20 13:28:47,4022473420183417,在烂泥堆里摆烂,肯定是你[捂脸],[等级10],
2026-05-20 13:28:49,2669243963282877,汪,老六不可怕，就怕战神当老六,,
2026-05-20 13:28:49,111007266356,🔱守望w,1000米在老黑眼里也是近的很[捂脸][捂脸][捂脸],[等级29],[粉丝团 Lv15]
2026-05-20 13:28:50,2189880376430734,田心`,也有可能全都不看,[等级15],[粉丝团 Lv8]
2026-05-20 13:28:50,110229229606,从❤开始,多看一眼就会爆炸,[等级3],[粉丝团 Lv1]
2026-05-20 13:28:53,110527293027,【柳哥】,吃,[等级27],[粉丝团 Lv12]
2026-05-20 13:28:53,1913611961246308,好きあなた,@抖音小肋手 怎么找的密室位置,[等级13],[粉丝团 Lv2]
2026-05-20 13:28:54,4344910011697940,疯狂的兔子🐰🐰🐰,最怕战神当老六[捂脸],[等级11],[粉丝团 Lv3]
2026-05-20 13:28:58,69656856233,无名小卒PLA,叫,[等级23],[粉丝团 Lv11]
2026-05-20 13:28:58,1794029961617984,酃,上,[等级17],[粉丝团 Lv12]
2026-05-20 13:28:59,56505883242,Fara,有人在捡,[等级15],[粉丝团 Lv12]
2026-05-20 13:29:02,83536529771,9岁学亲嘴🤨,[捂脸][捂脸][捂脸][捂脸],[等级30],
2026-05-20 13:29:03,81335611617,遇  见𓁙,叫两声,[等级19],
2026-05-20 13:29:04,94744961669,沉默,叫,[等级8],
2026-05-20 13:29:05,1257437656002798,某某.,?,[等级34],[粉丝团:张君雅 Lv16]
2026-05-20 13:29:05,896828231649432,修缘,[捂脸][捂脸][捂脸],,
2026-05-20 13:29:05,98061316280,♊凡尘,[呲牙][呲牙][呲牙][呲牙],[等级32],[粉丝团 Lv10]
2026-05-20 13:29:06,1827809526030755,君雅酒店对面老黑,[捂脸][捂脸][捂脸],[等级12],[粉丝团 Lv8]
2026-05-20 13:29:07,55159220102,BWRZ（记录美好）,你……,[等级36],[粉丝团 Lv16]
2026-05-20 13:29:07,6472167828,顺城,[捂脸],[等级22],[粉丝团 Lv15]
2026-05-20 13:29:08,83388782770,涛哥💫,[捂脸][捂脸][捂脸][捂脸][捂脸][捂脸],[等级32],
2026-05-20 13:29:08,61988075528,王者荣耀法师妲己,[捂脸],[等级7],
2026-05-20 13:29:09,62815799180,憙宝饱,哈哈哈哈哈,[等级2],
2026-05-20 13:29:09,2189880376430734,田心`,哈哈哈,[等级15],[粉丝团 Lv8]
2026-05-20 13:29:09,1069172836284472,楠明知吾耗子尾汁,[捂脸][捂脸][捂脸],[等级2],[粉丝团 Lv3]
2026-05-20 13:29:10,111383523563,风清扬,我就知道[捂脸][捂脸][捂脸],[等级20],[粉丝团 Lv12]
2026-05-20 13:29:11,2194271884289131,Harry,[捂脸][捂脸][捂脸][捂脸],[等级33],[粉丝团 Lv9]
2026-05-20 13:29:12,558174189912492,✨Waner✨乖乖💫,[尬笑],[等级25],[粉丝团 Lv8]
2026-05-20 13:29:12,3795156287621927,拾欢,[捂脸],[等级15],[粉丝团 Lv13]
2026-05-20 13:29:12,102292532517,哥不帅,架不住空投的诱惑哈哈哈,[等级2],[粉丝团 Lv6]
2026-05-20 13:29:14,103217630695,爱吃米线的蜡笔小新,哈哈,[等级14],[粉丝团 Lv5]
2026-05-20 13:29:15,1596141804983624,桃桃纸&,[捂脸][捂脸],[等级11],[粉丝团 Lv10]
2026-05-20 13:29:16,3347394361297940,橙味奶祺🍫,人是铁饭是钢哈哈哈哈哈哈,[等级19],[粉丝团 Lv8]
2026-05-20 13:29:16,101367516103,𝒲𝒶𝓃ℊ ᥫᩣ琴,[捂脸][捂脸][捂脸][捂脸],[等级9],[粉丝团 Lv2]
2026-05-20 13:29:16,3723397241514860,欺侮老头,[捂脸][捂脸][捂脸][捂脸][捂脸][捂脸],,
2026-05-20 13:29:16,1893790932807003,木木,[捂脸],[等级15],
2026-05-20 13:29:16,61046620366,听夏⁰³.₀₃,[捂脸][捂脸][捂脸][捂脸][捂脸],[等级23],
2026-05-20 13:29:17,1006781712047288,我们,叫几声,[等级37],[粉丝团 Lv14]
2026-05-20 13:29:17,75768454055,🐸。,[捂脸][捂脸]520快乐,[等级5],
2026-05-20 13:29:18,3406705907740807,何爱华（承蒙厚爱）,哈哈哈哈哈,[等级22],[粉丝团 Lv12]
2026-05-20 13:29:19,71126905166,抖音小肋手,[捂脸][捂脸][捂脸],[等级11],[粉丝团 Lv10]
2026-05-20 13:29:19,866032946527787,牛 二,留点,[等级25],[粉丝团 Lv15]
2026-05-20 13:29:20,98181665549,刘风,[鼓掌][鼓掌][鼓掌],[等级5],[粉丝团 Lv10]
2026-05-20 13:29:21,72380839427,绾情丝,就知道,[等级18],[粉丝团 Lv3]
2026-05-20 13:29:21,3307750538357279,独饮清茶醉,[捂脸][捂脸][捂脸],[等级19],[粉丝团 Lv8]
2026-05-20 13:29:21,3853110172199261,吃点猫耳朵,我就知道,[等级10],[粉丝团 Lv9]
2026-05-20 13:29:22,1807239114666904,·喵了个咪,[捂脸][捂脸][捂脸],[等级20],[粉丝团 Lv15]
2026-05-20 13:29:25,1080156700017923,染⒈⒐,吃那么久,[等级11],[粉丝团 Lv11]
2026-05-20 13:29:26,73133140989,行稳致远,啥都没有 队友架枪,[等级31],[粉丝团 Lv15]
2026-05-20 13:29:28,4344910011697940,疯狂的兔子🐰🐰🐰,[捂脸][捂脸][捂脸][捂脸],[等级11],[粉丝团 Lv3]
2026-05-20 13:29:28,1257437656002798,某某.,要急哭了,[等级34],[粉丝团:张君雅 Lv16]
2026-05-20 13:29:30,65384029120,快乐星球居民,封什么烟呐快吃吧,[等级1],
2026-05-20 13:29:30,552368103755210,双湖愚夫,吃撑了,[等级5],[粉丝团 Lv2]
2026-05-20 13:29:30,1707980707871976,喵叔,张君雅改名张默,,
2026-05-20 13:29:30,93919569729,石头哥,[捂脸][捂脸][捂脸][捂脸],[等级26],[粉丝团 Lv12]
2026-05-20 13:29:30,109881104951,372923,小手枪,[等级3],
2026-05-20 13:29:31,1512542077459805,记得晒太阳,很急,[等级18],[粉丝团 Lv9]
2026-05-20 13:29:32,3316583541518749,用户8851799475283,就服全蛋这嘴[捂脸][捂脸],,
2026-05-20 13:29:34,909994527827448,UU,急的团团转,[等级18],[粉丝团 Lv13]
2026-05-20 13:29:34,1656319453963359,🅥  　　    　　　　　　 🪳,[捂脸][捂脸][捂脸][捂脸],[等级6],[粉丝团 Lv4]
2026-05-20 13:29:34,2194271884289131,Harry,昨天晚上猫局是一样[捂脸][捂脸][捂脸][捂脸][捂脸],[等级33],[粉丝团 Lv9]
2026-05-20 13:29:36,4022473420183417,在烂泥堆里摆烂,哈哈哈哈哈,[等级10],
2026-05-20 13:29:36,92294124549,空^〇^白,爱粉默默承受一切,[等级6],[粉丝团 Lv6]
2026-05-20 13:29:38,71126905166,抖音小肋手,[捂脸][捂脸][捂脸],[等级11],[粉丝团 Lv10]
2026-05-20 13:29:38,98181665549,刘风,让队友带,[等级5],[粉丝团 Lv10]
2026-05-20 13:29:40,4165407898869996,每天对被子表白,吃晕碳了,[等级5],[粉丝团 Lv2]
2026-05-20 13:29:40,61988075528,王者荣耀法师妲己,不封烟，不专业,[等级7],
2026-05-20 13:29:41,100056462711,是玲玲吖丶ᥫᩣ,好慌，捡不下怎么办,[等级29],[粉丝团 Lv8]
2026-05-20 13:29:43,7495203789020988475,疏辞,急得直转圈圈,[等级1],
2026-05-20 13:29:43,3012317810270375,豆豆豆窦,好急好急[捂脸],[等级27],[粉丝团 Lv11]
2026-05-20 13:29:44,72380839427,绾情丝,[捂脸][捂脸][捂脸],[等级18],[粉丝团 Lv3]
2026-05-20 13:29:45,96261969310,酒醉人不归,今年旺不旺,[等级15],[粉丝团 Lv10]
2026-05-20 13:29:54,2172229561625960,好嗨哟,别急我知道你很急[捂脸][捂脸],[等级25],[粉丝团 Lv13]
2026-05-20 13:29:55,3347394361297940,橙味奶祺🍫,二楼也有一个,[等级19],[粉丝团 Lv8]
2026-05-20 13:29:56,106762531593,凯蒂,眼神太好了,[等级28],[粉丝团 Lv11]
2026-05-20 13:29:57,466670364393783,袖下敛青川,旺旺旺,[等级14],[粉丝团 Lv1]
2026-05-20 13:29:57,4503658257446344,🥐cornetto,520快乐520快乐520快乐,[等级41],[粉丝团 Lv7]
2026-05-20 13:29:58,109881104951,372923,改名叫张不算[捂脸][捂脸][捂脸][捂脸][捂脸][捂脸],[等级3],
2026-05-20 13:29:58,2359972896452733,米雅,隔壁也有箱子,[等级18],[粉丝团 Lv13]
2026-05-20 13:29:59,558174189912492,✨Waner✨乖乖💫,[捂脸],[等级25],[粉丝团 Lv8]
2026-05-20 13:30:00,74384873108843,☾⋆᭄ 神说要有光💋,[捂脸][捂脸][捂脸][捂脸][捂脸],[等级25],[粉丝团 Lv8]
2026-05-20 13:30:00,1080156700017923,染⒈⒐,[捂脸][捂脸],[等级11],[粉丝团 Lv11]
2026-05-20 13:30:00,71126905166,抖音小肋手,[捂脸][捂脸][捂脸][捂脸],[等级11],[粉丝团 Lv10]
2026-05-20 13:30:01,59133158910,初云子空,哈哈哈哈,[等级10],[粉丝团 Lv6]
2026-05-20 13:30:02,97176461425,つ微凉徒眸意浅挚半,[捂脸][捂脸][捂脸][捂脸][捂脸],[等级13],
2026-05-20 13:30:02,80383016930,零度°C 冰川⁵¹⁰⁷⁴,[捂脸][捂脸][捂脸],[等级11],[粉丝团 Lv11]
2026-05-20 13:30:02,772280035849376,🌹罗富贵🌹,[捂脸],[等级29],
2026-05-20 13:30:02,64625641673,快乐人生🦞,[捂脸][捂脸][捂脸],[等级26],[粉丝团 Lv13]
2026-05-20 13:30:03,78251202955,佳佳👑,？,[等级30],[粉丝团 Lv10]
2026-05-20 13:30:03,1094766260652222,愿卿安,[捂脸][捂脸][捂脸],[等级23],[粉丝团 Lv12]
2026-05-20 13:30:03,2752776078632967,飞飞飞,[捂脸][捂脸][捂脸],[等级25],[粉丝团 Lv10]
2026-05-20 13:30:03,105995130455,纆,[捂脸][捂脸][捂脸],[等级37],[粉丝团 Lv6]
2026-05-20 13:30:03,764858599219059,⭐️人王疋虫⭐️⁵¹⁰⁷⁴,[捂脸][捂脸],[等级34],[粉丝团 Lv16]
2026-05-20 13:30:03,82711215178,喂妮锁心,[尬笑][尬笑][尬笑],[等级3],[粉丝团 Lv6]
2026-05-20 13:30:03,106486212124,A佳,[看],[等级17],[粉丝团 Lv4]
2026-05-20 13:30:04,104634432640,Henry Harrison Lewis,隔壁,[等级4],[粉丝团 Lv1]
2026-05-20 13:30:04,2906750349226743,🌈简单,隔壁还有一个箱子,[等级23],[粉丝团 Lv2]
2026-05-20 13:30:04,69656856233,无名小卒PLA,出来吧蔡媛媛,[等级23],[粉丝团 Lv11]
2026-05-20 13:30:05,166717067108636,🌈郁景严,在呢,[等级7],[粉丝团 Lv8]
2026-05-20 13:30:05,3100256497317384,李世民魂穿阿斗,哈哈哈哈哈,[等级25],[粉丝团 Lv11]
2026-05-20 13:30:05,97438866789,晚风🌾,哈哈哈,[等级15],
2026-05-20 13:30:05,517219845154996,在你身后的兔兔,[捂脸][捂脸][捂脸],[等级10],[粉丝团 Lv7]
2026-05-20 13:30:05,65063350561,如月清辉·明玙🫥,[捂脸][捂脸][捂脸][捂脸],[等级24],[粉丝团 Lv2]
2026-05-20 13:30:05,109336122589,♛,[呲牙][呲牙][呲牙],[等级7],
2026-05-20 13:30:06,109881104951,372923,[捂脸][捂脸][捂脸][捂脸][捂脸],[等级3],
2026-05-20 13:30:07,100046163641,大结局）,菜园园[捂脸],[等级32],
2026-05-20 13:30:07,3931487374411662,猴哥,[捂脸][捂脸],[等级10],[粉丝团 Lv10]
2026-05-20 13:30:07,87608506630,十月.初一,[捂脸],[等级14],[粉丝团 Lv7]
2026-05-20 13:30:07,75863932663,爱小猪,[捂脸][捂脸][捂脸][捂脸][捂脸][捂脸][捂脸],[等级17],[粉丝团 Lv10]
2026-05-20 13:30:07,1596141804983624,桃桃纸&,[捂脸][捂脸][捂脸],[等级11],[粉丝团 Lv10]
2026-05-20 13:30:07,470245336686631,东渡.🧸,隔壁还有个箱子,[等级25],[粉丝团 Lv2]
2026-05-20 13:30:07,108477304171,之乎者也～难得糊涂,[捂脸][捂脸][捂脸],[等级10],
2026-05-20 13:30:08,98373352228,W！,狗🐶不就是你吗？[捂脸][捂脸],[等级41],[粉丝团 Lv12]
2026-05-20 13:30:08,892413678724877,厌遇,[黑脸][鞠躬][黑脸][鞠躬][黑脸][鞠躬],[等级24],[粉丝团 Lv7]
2026-05-20 13:30:09,1556525685934064,wang.,[捂脸],[等级7],
2026-05-20 13:30:09,84655336157,kimi 🌾,[捂脸][捂脸][捂脸][捂脸],[等级21],[粉丝团 Lv9]
2026-05-20 13:30:09,71126905166,抖音小肋手,菜园子[捂脸],[等级11],[粉丝团 Lv10]
2026-05-20 13:30:09,552368103755210,双湖愚夫,都怨自己饭量小,[等级5],[粉丝团 Lv2]
2026-05-20 13:30:11,2752815956505663,微雨,旁边还有,[等级8],
2026-05-20 13:30:11,60491362815,三三的00,旁边二楼还有箱子,[等级8],
2026-05-20 13:30:11,3406705907740807,何爱华（承蒙厚爱）,哈哈哈,[等级22],[粉丝团 Lv12]
2026-05-20 13:30:13,101277257606,风的影子🧸,菜园子打了个喷嚏,[等级42],[粉丝团 Lv11]
2026-05-20 13:30:13,111002104161,农夫,[捂脸][捂脸][捂脸]菜园园,[等级1],
2026-05-20 13:30:14,59655255465,三七二十一,隔壁还有箱子,[等级22],
2026-05-20 13:30:15,93919569729,石头哥,[捂脸][捂脸][捂脸],[等级26],[粉丝团 Lv12]
2026-05-20 13:30:15,1838838104734926,花匠小马,叫憨憨呢,[等级34],[粉丝团 Lv15]
2026-05-20 13:30:18,100313663814,༺TIME༻,快叫光子出个五级包[看],[等级15],[粉丝团 Lv12]
2026-05-20 13:30:19,874847890575219,陈晓北,520快乐,[等级3],[粉丝团 Lv3]
2026-05-20 13:30:19,4042233810518583,没熟的豆撅子,520快乐,[等级12],
2026-05-20 13:30:19,1234078516384542,Sy666,叫清德就出来了,[等级8],
2026-05-20 13:30:21,1838847804575764,老农民A1,菜园子不理你,[等级33],[粉丝团 Lv15]
2026-05-20 13:30:21,3813583156690653,我的木乃伊女友,过节跟你有什么关系,[等级26],
2026-05-20 13:30:21,101914142566,圖圖,你今天过啥节,[等级22],[粉丝团 Lv8]
2026-05-20 13:30:23,4042233810518583,没熟的豆撅子,520快乐,[等级12],
2026-05-20 13:30:23,91970994113,小马在努力$,隔壁二楼也有一个,[等级26],[粉丝团 Lv6]
2026-05-20 13:30:23,1723663371236008,难熬,我正在买花,[等级17],
2026-05-20 13:30:26,2752815956505663,微雨,隔壁二楼,[等级8],
2026-05-20 13:30:27,99063092814,1996🍃,隔壁还有一个,[等级29],
2026-05-20 13:30:28,4042233810518583,没熟的豆撅子,520快乐,[等级12],
2026-05-20 13:30:28,71436198201,黄先生.,开了，这都知道,[等级19],
2026-05-20 13:30:29,106073922530,懵圈状态,海景房还有个箱子,[等级19],
2026-05-20 13:30:29,2893514521717372,细听轻雨打蕉叶,菜园子满脑子去酒店，没空搭理你,[等级18],[粉丝团 Lv12]
2026-05-20 13:30:29,1046374607756734,@你,二楼还有一个箱子,[等级27],[粉丝团 Lv11]
2026-05-20 13:30:31,110186833243,゛慕勤゜,今天520不带着你家菜园子打会？,[等级8],[粉丝团 Lv8]
2026-05-20 13:30:31,103383477130,周公子！！！！！！,刚刚还有个箱子,[等级37],
2026-05-20 13:30:32,93168870476,S,陈俊彦,[等级17],
2026-05-20 13:30:32,81335611617,遇  见𓁙,2楼还一个箱子，你个大佬黑,[等级19],
2026-05-20 13:30:32,4042233810518583,没熟的豆撅子,520快乐,[等级12],
2026-05-20 13:30:33,84940839345,到此一游！,才园子打了一个喷嚏,[等级25],[粉丝团 Lv13]
2026-05-20 13:30:35,23318427701,姜丝可乐,520算节吗,[等级23],
2026-05-20 13:30:35,93168870476,S,？,[等级17],
2026-05-20 13:30:35,2665668134570216,蒙奇D路飞,天雷来一个,[等级5],[粉丝团 Lv4]
2026-05-20 13:30:36,4042233810518583,没熟的豆撅子,520快乐,[等级12],
2026-05-20 13:30:36,55922140011,七皇子,过节跟你有啥关系,[等级39],[粉丝团 Lv7]
2026-05-20 13:30:39,73211783658,余吾,520快乐,[等级20],[粉丝团 Lv5]
2026-05-20 13:30:41,50522768860,圆圆满满,520快乐,[等级4],
2026-05-20 13:30:42,93333933841,七友、,前面有火力车,[等级22],
2026-05-20 13:30:42,3817942478750480,伤心的你,520快乐,[等级3],[粉丝团 Lv5]
2026-05-20 13:30:43,4042233810518583,没熟的豆撅子,520快乐,[等级12],
2026-05-20 13:30:47,95115965858,Y☜☜P,隔壁那个已经被开了,[等级25],
2026-05-20 13:30:48,92861533806,🌈Gspecialc,二楼的开了,[等级14],[粉丝团 Lv4]
2026-05-20 13:30:48,892413678724877,厌遇,今天是菜园园承担了一切[捂脸][黑脸],[等级24],[粉丝团 Lv7]
2026-05-20 13:30:49,4042233810518583,没熟的豆撅子,520快乐,[等级12],
2026-05-20 13:30:51,3347394361297940,橙味奶祺🍫,有1分钟的延迟,[等级19],[粉丝团 Lv8]
2026-05-20 13:30:52,98373352228,W！,隔壁那个开了  你们眼睛有问题吗🤨,[等级41],[粉丝团 Lv12]
2026-05-20 13:30:52,1059556013913534,阿贵,洗干净把光光贿赂了多少次[捂脸][捂脸][捂脸][捂脸][捂脸][捂脸][捂脸][捂脸][捂脸][捂脸][捂脸],[等级17],[粉丝团 Lv10]
2026-05-20 13:30:52,61865027492,🫧YikZ💫,520快乐,[等级9],[粉丝团 Lv8]
2026-05-20 13:30:54,3382539202083359,好鸡爪,520与老黑有啥关系[捂脸][捂脸][捂脸],[等级14],[粉丝团 Lv4]
2026-05-20 13:30:54,4042233810518583,没熟的豆撅子,520快乐,[等级12],
2026-05-20 13:30:54,2719570904481931,好名都让狗注册了,520快乐520快乐,,
2026-05-20 13:30:56,3496065010244484,诗.,520快乐,[等级26],[粉丝团 Lv13]
2026-05-20 13:30:56,88795321960,少主,箱子另外旁边一个房子二楼还有一个箱子,[等级34],[粉丝团 Lv12]
2026-05-20 13:30:56,100369229181,富贵哥,第一回看，挺der啊，哈哈哈,[等级27],
2026-05-20 13:30:56,67389127649,ZHang.,520快乐,[等级7],
2026-05-20 13:30:58,100056462711,是玲玲吖丶ᥫᩣ,520快乐刷一波,[等级29],[粉丝团 Lv8]
2026-05-20 13:30:58,4042233810518583,没熟的豆撅子,520快乐,[等级12],
2026-05-20 13:31:00,98198225801,浅笑心柔💗,昨晚猫局空投捡3把还是4把p90，复合弓，ads3个还是4个，也装不下,[等级4],
2026-05-20 13:31:03,63739222882,༺℘静࿚,520快乐,[等级24],[粉丝团 Lv11]
2026-05-20 13:31:04,67004219893,二宝奇石,520快乐,[等级34],[粉丝团 Lv9]
2026-05-20 13:31:04,4042233810518583,没熟的豆撅子,520快乐,[等级12],
2026-05-20 13:31:07,4042233810518583,没熟的豆撅子,520快乐,[等级12],
2026-05-20 13:31:08,99742144808,🌈朗格拉普💓,不算，算个毛线🧶那523还我爱小三呢[捂脸],[等级15],
2026-05-20 13:31:10,4042233810518583,没熟的豆撅子,520快乐,[等级12],
2026-05-20 13:31:11,100056462711,是玲玲吖丶ᥫᩣ,520快乐刷一波,[等级29],[粉丝团 Lv8]
2026-05-20 13:31:12,1867433061656110,青昭,520快乐,[等级9],
2026-05-20 13:31:13,108067882127,李宏哲,今年旺不旺，就看菜园园叫的声音大不大,[等级22],
2026-05-20 13:31:14,98295868062,🌙・,520快乐520快乐520快乐,[等级7],[粉丝团 Lv11]
2026-05-20 13:31:15,4042233810518583,没熟的豆撅子,520快乐,[等级12],
2026-05-20 13:31:16,33464209123146,七七💙,520快乐,[等级2],
2026-05-20 13:31:17,98295868062,🌙・,520快乐,[等级7],[粉丝团 Lv11]
2026-05-20 13:31:17,1261832266585012,藤椒酸菜余,怎么赶紧主播今天神清气爽的，昨晚干啥坏事了,[等级5],[粉丝团 Lv3]
2026-05-20 13:31:19,4042233810518583,没熟的豆撅子,520快乐,[等级12],
2026-05-20 13:31:23,4042233810518583,没熟的豆撅子,520快乐,[等级12],
2026-05-20 13:31:23,87196435009,拿命搏未〃来,520快乐,[等级39],[粉丝团 Lv4]
2026-05-20 13:31:23,96499564161,孞仰,出来吧，队友,[等级9],[粉丝团 Lv15]
2026-05-20 13:31:25,1261832266585012,藤椒酸菜余,怎么赶紧主播今天神清气爽的，昨晚干啥坏事了,[等级5],[粉丝团 Lv3]
2026-05-20 13:31:25,83645562268,風裡藏著溫柔,520快乐,[等级9],[粉丝团 Lv11]
2026-05-20 13:31:26,4042233810518583,没熟的豆撅子,520快乐,[等级12],
2026-05-20 13:31:27,92498094529,醉卧平天湖,@没熟的豆撅子,[等级16],[粉丝团 Lv5]
2026-05-20 13:31:29,2856986267620489,缅北真诚王,520快乐,,
2026-05-20 13:31:31,2739596892059571,卖小男孩的核弹,@是玲玲吖丶ᥫᩣ 宝贝,[等级6],
2026-05-20 13:31:36,92498094529,醉卧平天湖,520快乐,[等级16],[粉丝团 Lv5]
2026-05-20 13:31:37,76234806123,水墨江山,，520快乐,[等级14],[粉丝团 Lv2]
2026-05-20 13:31:37,66919065036,少₇一点₈ᥫᩣ( Ꮤ）,[庆祝],[等级11],[粉丝团 Lv12]
2026-05-20 13:31:38,103959649399,涵,520快乐,[等级8],[粉丝团 Lv2]
2026-05-20 13:31:38,108477304171,之乎者也～难得糊涂,520快乐,[等级10],
2026-05-20 13:31:41,94971223351,SGL丶海哥哥,520快乐,[等级17],[粉丝团 Lv4]
2026-05-20 13:31:42,92498094529,醉卧平天湖,520快乐,[等级16],[粉丝团 Lv5]
2026-05-20 13:31:45,2739596892059571,卖小男孩的核弹,@是玲玲吖丶ᥫᩣ 宝贝,[等级6],
2026-05-20 13:31:49,4112604411736253,兔粉妆,520快乐520快乐,[等级15],[粉丝团 Lv10]
2026-05-20 13:31:52,68033173728,Johnny✨⁵¹⁰⁷⁴,520快乐,[等级31],[粉丝团 Lv16]
2026-05-20 13:31:56,100056462711,是玲玲吖丶ᥫᩣ,@卖小男孩的核弹 。。。你有自己也是这个名字？,[等级29],[粉丝团 Lv8]
2026-05-20 13:32:04,4165407898869996,每天对被子表白,[捂脸][捂脸][捂脸],[等级5],[粉丝团 Lv2]
2026-05-20 13:32:04,2752776078632967,飞飞飞,说话,[等级25],[粉丝团 Lv10]
2026-05-20 13:32:06,50522768860,圆圆满满,[烟花][烟花][烟花],[等级4],
2026-05-20 13:32:06,2170912010143284,Yeri.,帅帅帅,[等级15],[粉丝团 Lv10]
2026-05-20 13:32:07,100056462711,是玲玲吖丶ᥫᩣ,@卖小男孩的核弹 你游戏里也是这个名字？？？,[等级29],[粉丝团 Lv8]
2026-05-20 13:32:08,102469975321,✨名门⭐️,[666][666][666],[等级19],[粉丝团 Lv15]
2026-05-20 13:32:08,74393086871,花开忘忧,520快乐,[等级8],[粉丝团 Lv9]
2026-05-20 13:32:09,23671175128,◔.̮◔ 咻～,哈哈哈,[等级19],[粉丝团 Lv7]
2026-05-20 13:32:09,1794029961617984,酃,说了,[等级17],[粉丝团 Lv12]
2026-05-20 13:32:13,39231209870008,唇友谊,开麦啊 大哥崇拜死了,[等级17],[粉丝团 Lv9]
2026-05-20 13:32:18,2752776078632967,飞飞飞,你心坎儿里,[等级25],[粉丝团 Lv10]
2026-05-20 13:32:18,74393086871,花开忘忧,[捂脸][捂脸][捂脸],[等级8],[粉丝团 Lv9]
2026-05-20 13:32:18,24102618114,人生不过些许年,昨晚猫局还敢在P城一个人打两发信号枪呢,[等级7],[粉丝团 Lv1]
2026-05-20 13:32:22,103919279066,熙一夜,[捂脸][捂脸][捂脸][捂脸][捂脸]大哥知道你要他说话,[等级14],[粉丝团 Lv13]
2026-05-20 13:32:23,4503658257446344,🥐cornetto,给别人几个助攻,[等级41],[粉丝团 Lv7]
2026-05-20 13:32:24,103790275797,广说,[比心],[等级8],[粉丝团 Lv9]
2026-05-20 13:32:24,1257437656002798,某某.,装到了,[等级34],[粉丝团:张君雅 Lv16]
2026-05-20 13:32:25,2242631133311534,ELlAUK,另外一个包,[等级6],
2026-05-20 13:32:25,4336085341316141,青衫客,来舔包的,[等级32],[粉丝团 Lv3]
2026-05-20 13:32:25,1838847804575764,老农民A1,我们来了，包在哪里[捂脸][捂脸][捂脸][捂脸],[等级33],[粉丝团 Lv15]
2026-05-20 13:32:28,99372859314,启  夏,[捂脸][捂脸][捂脸],[等级25],[粉丝团 Lv15]
2026-05-20 13:32:30,62815799180,憙宝饱,[看][看][看],[等级2],
2026-05-20 13:32:31,118350347777683,孙孙,[捂脸][捂脸][捂脸],[等级19],[粉丝团 Lv3]
2026-05-20 13:32:31,71126905166,抖音小肋手,[捂脸][捂脸][捂脸],[等级11],[粉丝团 Lv10]
2026-05-20 13:32:31,98373352228,W！,[捂脸][捂脸][捂脸],[等级41],[粉丝团 Lv12]
2026-05-20 13:32:31,88189479440,三宝哥🐟🐟🐟,2个人机而已,[等级23],[粉丝团 Lv5]
2026-05-20 13:32:31,106762531593,凯蒂,520快乐,[等级28],[粉丝团 Lv11]
2026-05-20 13:32:31,57614644352,腐,哈哈,[等级34],[粉丝团 Lv11]
2026-05-20 13:32:32,81707314655,黎,[捂脸]哈哈,[等级19],[粉丝团 Lv10]
2026-05-20 13:32:33,63581026173,清浅,哇四号好厉害啊,[等级11],[粉丝团 Lv11]
2026-05-20 13:32:33,2816262866483979,拯救逃离世界🌍,哈哈哈哈哈哈哈,[等级15],
2026-05-20 13:32:35,74128572147,玩匪㊎,基本让你盯上就没好,[等级17],
2026-05-20 13:32:35,1358619284865086,老江湖土田共戈,真能装,[等级18],
2026-05-20 13:32:36,111002104161,农夫,太牛逼了,[等级1],
2026-05-20 13:32:36,100313663814,༺TIME༻,还装,[等级15],[粉丝团 Lv12]
2026-05-20 13:32:36,716523334534366,哇呜💋,[捂脸][捂脸][捂脸],[等级15],[粉丝团 Lv12]
2026-05-20 13:32:37,1596141804983624,桃桃纸&,[捂脸][捂脸],[等级11],[粉丝团 Lv10]
2026-05-20 13:32:38,892413678724877,厌遇,哈哈哈哈哈[尬笑][黑脸],[等级24],[粉丝团 Lv7]
2026-05-20 13:32:39,60905009614,小四er,这是满级木乃伊么,[等级34],
2026-05-20 13:32:39,1794029961617984,酃,死装,[等级17],[粉丝团 Lv12]
2026-05-20 13:32:39,87900359390,一个怡,哈哈哈,[等级10],[粉丝团 Lv4]
2026-05-20 13:32:39,59593010027,张再宇,哈哈哈,[等级26],[粉丝团 Lv8]
2026-05-20 13:32:40,99381999384,💕宸泽🔥꧔ꦿ᭄²º²⁶,520快乐,[等级19],[粉丝团 Lv12]
2026-05-20 13:32:41,109881104951,372923,[捂脸][捂脸][捂脸][捂脸][捂脸],[等级3],
2026-05-20 13:32:41,102469975321,✨名门⭐️,这娘们真厉害呀！[发呆][发呆][发呆],[等级19],[粉丝团 Lv15]
2026-05-20 13:32:41,73133140989,行稳致远,闭嘴,[等级31],[粉丝团 Lv15]
2026-05-20 13:32:42,98373352228,W！,还好你有这个东西装[捂脸],[等级41],[粉丝团 Lv12]
2026-05-20 13:32:42,65883681640,🌈凯丽&夫妇,520快乐520快乐520快乐,[等级22],[粉丝团 Lv11]
2026-05-20 13:32:45,69513036064,小小韩,让队友给你找自救,[等级13],[粉丝团 Lv10]
2026-05-20 13:32:45,1456169111790891,隔壁老王,等我,[等级16],[粉丝团 Lv7]
2026-05-20 13:32:45,97435333506,心宽体不胖,[捂脸][捂脸][捂脸],[等级8],
2026-05-20 13:32:45,101277257606,风的影子🧸,[捂脸][捂脸][捂脸][捂脸],[等级42],[粉丝团 Lv11]
2026-05-20 13:32:46,97873254852,没有月儿的夜,？？？？？？？？洗干净,[等级9],
2026-05-20 13:32:46,73133140989,行稳致远,[捂脸][捂脸][捂脸],[等级31],[粉丝团 Lv15]
2026-05-20 13:32:46,59782841206,长 春,你不是有吗，不用装,[等级32],
2026-05-20 13:32:47,3045005596037664,习惯了,？？？？,,
2026-05-20 13:32:47,474639356942429,多云转晴,哈哈哈,[等级29],[粉丝团 Lv15]
2026-05-20 13:32:47,100059879352,命给你〃心还我𖠚ᐝ,哈哈哈😂,[等级23],[粉丝团 Lv6]
2026-05-20 13:32:47,60788648224,听夏,哈哈,[等级32],[粉丝团 Lv8]
2026-05-20 13:32:47,1172550470866364,井上月,[捂脸][捂脸][捂脸][捂脸],[等级23],[粉丝团 Lv7]
2026-05-20 13:32:48,3047482674388180,菜场在逃肥鸡,没绷住,[等级20],[粉丝团 Lv9]
2026-05-20 13:32:48,88189479440,三宝哥🐟🐟🐟,等我们大家,[等级23],[粉丝团 Lv5]
2026-05-20 13:32:49,99470859079,人生的味道⁵¹⁰⁷⁴,[捂脸][捂脸][捂脸][捂脸],[等级13],[粉丝团 Lv12]
2026-05-20 13:32:49,59593010027,张再宇,520快乐,[等级26],[粉丝团 Lv8]
2026-05-20 13:32:49,4468879230241195,我在边界,今天晚上[看]哈哈哈哈哈哈哈,[等级13],[粉丝团 Lv4]
2026-05-20 13:32:49,94536624975,闫泰骐,光子陪你睡💤,[等级21],
2026-05-20 13:32:49,96559030019,皕茶,[捂脸],[等级1],
2026-05-20 13:32:49,62815799180,憙宝饱,哈哈哈哈哈,[等级2],
2026-05-20 13:32:49,60788648224,听夏,520快乐,[等级32],[粉丝团 Lv8]
2026-05-20 13:32:50,61630873366,喬拾叁🐸,哈哈,[等级27],[粉丝团 Lv5]
2026-05-20 13:32:50,68033173728,Johnny✨⁵¹⁰⁷⁴,[泪奔][不失礼貌的微笑][泪奔][不失礼貌的微笑][泪奔][不失礼貌的微笑],[等级31],[粉丝团 Lv16]
2026-05-20 13:32:51,1301430858943848,祗婉,哈哈哈,[等级7],[粉丝团 Lv8]
2026-05-20 13:32:51,1739850349293659,fc,光子不要你,[等级1],
2026-05-20 13:32:51,103424488214,子枫哥哥,[捂脸][捂脸][捂脸],[等级10],
2026-05-20 13:32:52,539206085509316,天一                 道,[疑问],[等级17],[粉丝团 Lv14]
2026-05-20 13:32:54,103919279066,熙一夜,滚什么,[等级14],[粉丝团 Lv13]
2026-05-20 13:32:54,111225288355,忘红尘,躺平,[等级13],[粉丝团 Lv4]
2026-05-20 13:32:55,2255830487669822,余醉,洗干净了等我们来,[等级28],[粉丝团 Lv2]
2026-05-20 13:32:55,663736417259747,？？？,昨天没有播,[等级10],[粉丝团 Lv2]
2026-05-20 13:32:55,3724756675475772,清风徐来( ͡° ͜ʖ ͡°)✧,队友情绪价值'给你拉满,[等级12],
2026-05-20 13:32:55,1006781712047288,我们,[捂脸][捂脸][捂脸],[等级37],[粉丝团 Lv14]
2026-05-20 13:32:55,100715869691,独宠👉丫头²⁸︍⁹³,[捂脸],[等级29],[粉丝团 Lv15]
2026-05-20 13:32:56,78903661168,🐯虎跃富途এ᭄ 🐅,洗干净嫁给光子,[等级21],
2026-05-20 13:32:57,62409659926,浩冉睡不醒,开黄腔是吧,[等级18],[粉丝团 Lv6]
2026-05-20 13:32:57,81160200889,白洛師門,别搞。别搞！！！不乐意看你,[等级21],[粉丝团 Lv5]
2026-05-20 13:32:57,7028053485,博落回,这么牛逼，还用装么,[等级15],[粉丝团 Lv12]
2026-05-20 13:32:57,77557527972,🍀,你可别洗干净直播[捂脸][捂脸][捂脸][捂脸],[等级18],[粉丝团 Lv5]
2026-05-20 13:32:57,60861902965,👫大手牵小手👫,昨晚猫局就在这里捡3把P90,[等级12],[粉丝团 Lv4]
2026-05-20 13:32:58,111002104161,农夫,洗干净吧,[等级1],
2026-05-20 13:32:58,104206466791,王旭,手枪,[等级17],[粉丝团 Lv11]
2026-05-20 13:32:58,2752776078632967,飞飞飞,什么虎狼之词,[等级25],[粉丝团 Lv10]
2026-05-20 13:32:58,93575328156,贝勒爷,洗干净我也不要[捂脸],[等级9],[粉丝团 Lv10]
2026-05-20 13:33:02,71126905166,抖音小肋手,光子说那不能给你啦,[等级11],[粉丝团 Lv10]
2026-05-20 13:33:03,69681840475,✨THY🔥,还要洗干净,[等级23],[粉丝团 Lv12]
2026-05-20 13:33:03,66649470058,꧁꫞꯭福꫞꧂,洗的干干净净的啦,[等级17],[粉丝团 Lv15]
2026-05-20 13:33:05,54719190028,封口费,我帮你洗,[等级11],[粉丝团 Lv8]
2026-05-20 13:33:07,97655225238,爱财悦己,主要是你有可以装[捂脸],[等级17],[粉丝团 Lv2]
2026-05-20 13:33:09,2137080181565901,落尘,今晚前吃点，,[等级11],
2026-05-20 13:33:12,103358665061,@初心伴风雨,洗干净，不白洗了,[等级32],
2026-05-20 13:33:12,4111828564053511,朋友,你怎么，也洗不干净了[捂脸],[等级21],[粉丝团 Lv1]
2026-05-20 13:33:13,99372859314,启  夏,[捂脸][捂脸],[等级25],[粉丝团 Lv15]
2026-05-20 13:33:14,3500475588290631,Lw😜,欺负老黑没人是吗[看],[等级18],[粉丝团 Lv14]
2026-05-20 13:33:16,71126905166,抖音小肋手,[捂脸][捂脸][捂脸],[等级11],[粉丝团 Lv10]
2026-05-20 13:33:17,97873254852,没有月儿的夜,不要啊，雅姐,[等级9],
2026-05-20 13:33:18,3117841111319639,游钓、江湖,我来给你送装备的，干嘛打我？,[等级21],[粉丝团 Lv4]
2026-05-20 13:33:19,3012317810270375,豆豆豆窦,[捂脸][捂脸],[等级27],[粉丝团 Lv11]
2026-05-20 13:33:20,2137080181565901,落尘,今晚少吃点,[等级11],
2026-05-20 13:33:20,97600677185,晓乔治ovo,哈哈，,[等级38],[粉丝团 Lv13]
2026-05-20 13:33:20,93919569729,石头哥,520快乐,[等级26],[粉丝团 Lv12]
2026-05-20 13:33:21,23671175128,◔.̮◔ 咻～,快吃,[等级19],[粉丝团 Lv7]
2026-05-20 13:33:21,4218147940337566,生命因你而火热,有人追我[捂脸],[等级18],[粉丝团 Lv9]
2026-05-20 13:33:25,1037560974421534,❤️↑,今天晚上洗干净  要干嘛[看],[等级15],[粉丝团 Lv7]
2026-05-20 13:33:28,111200763682,"Mr,李",什么档次，追我张老黑,[等级32],[粉丝团 Lv4]
2026-05-20 13:33:29,95115965858,Y☜☜P,不用装，自带的,[等级25],
2026-05-20 13:33:32,3347394361297940,橙味奶祺🍫,6,[等级19],[粉丝团 Lv8]
2026-05-20 13:33:32,61988075528,王者荣耀法师妲己,[捂脸],[等级7],
2026-05-20 13:33:34,2490864014474267,W小观,救我救我[发呆][发呆][发呆],,
2026-05-20 13:33:34,72907249364,兔子先生,？,[等级20],[粉丝团 Lv2]
2026-05-20 13:33:34,3795156287621927,拾欢,[捂脸][捂脸][捂脸],[等级15],[粉丝团 Lv13]
2026-05-20 13:33:35,68837412118,禾风廿七·守拙,520快乐,[等级24],[粉丝团 Lv12]
2026-05-20 13:33:35,78251202955,佳佳👑,？？？,[等级30],[粉丝团 Lv10]
2026-05-20 13:33:35,104206466791,王旭,手枪可以骑射,[等级17],[粉丝团 Lv11]
2026-05-20 13:33:35,101942267630,喵喵ღ,[捂脸],[等级13],[粉丝团 Lv10]
2026-05-20 13:33:36,74393086871,花开忘忧,[捂脸][捂脸][捂脸],[等级8],[粉丝团 Lv9]
2026-05-20 13:33:36,1458423511390539,脸红什么.,[捂脸][捂脸][捂脸],[等级10],[粉丝团 Lv11]
2026-05-20 13:33:36,1656319453963359,🅥  　　    　　　　　　 🪳,[捂脸][捂脸][捂脸][捂脸],[等级6],[粉丝团 Lv4]
2026-05-20 13:33:36,99320503380,M.,怎么把338骗到手的,[等级17],[粉丝团 Lv10]
2026-05-20 13:33:36,81335611617,遇  见𓁙,大佬黑,[等级19],
2026-05-20 13:33:36,558174189912492,✨Waner✨乖乖💫,[尬笑],[等级25],[粉丝团 Lv8]
2026-05-20 13:33:36,103820053518,羽商,吃独食[捂脸],[等级14],[粉丝团 Lv2]
2026-05-20 13:33:36,118350347777683,孙孙,？,[等级19],[粉丝团 Lv3]
2026-05-20 13:33:36,105995130455,纆,[捂脸],[等级37],[粉丝团 Lv6]
2026-05-20 13:33:36,109444433555,七愿,那俩人的队友,[等级14],[粉丝团 Lv12]
2026-05-20 13:33:37,111007266356,🔱守望w,[捂脸][捂脸][捂脸],[等级29],[粉丝团 Lv15]
2026-05-20 13:33:37,1799236215641039,静以生慧,有些地方是洗不干净的520快乐,,
2026-05-20 13:33:38,94536624975,闫泰骐,哈哈,[等级21],
2026-05-20 13:33:38,103424488214,子枫哥哥,[赞][赞][赞],[等级10],
2026-05-20 13:33:38,103358665061,@初心伴风雨,洗干净的，大伙一起去[呲牙],[等级32],
2026-05-20 13:33:38,59133158910,初云子空,？？,[等级10],[粉丝团 Lv6]
2026-05-20 13:33:38,1172550470866364,井上月,[捂脸][捂脸][捂脸][捂脸][捂脸],[等级23],[粉丝团 Lv7]
2026-05-20 13:33:38,2172229561625960,好嗨哟,[捂脸][捂脸]有队友声音就是大,[等级25],[粉丝团 Lv13]
2026-05-20 13:33:38,1596141804983624,桃桃纸&,[捂脸][捂脸][捂脸],[等级11],[粉丝团 Lv10]
2026-05-20 13:33:38,100056462711,是玲玲吖丶ᥫᩣ,520要多追你[呲牙][呲牙],[等级29],[粉丝团 Lv8]
2026-05-20 13:33:38,71126905166,抖音小肋手,[捂脸][捂脸][捂脸],[等级11],[粉丝团 Lv10]
2026-05-20 13:33:38,1893790932807003,木木,[捂脸],[等级15],
2026-05-20 13:33:38,98181665549,刘风,新的啊[鼓掌],[等级5],[粉丝团 Lv10]
2026-05-20 13:33:39,2554914899232407,看山 、,你说你有点难追,[等级13],[粉丝团 Lv10]
2026-05-20 13:33:40,97077015222,原野新之星,哈哈哈,[等级17],[粉丝团 Lv10]
2026-05-20 13:33:40,3347394361297940,橙味奶祺🍫,心眼子真多哈哈哈哈哈,[等级19],[粉丝团 Lv8]
2026-05-20 13:33:40,86562890288,ㅤ　 ㅤ顺利朱,[捂脸][捂脸][捂脸],[等级20],[粉丝团 Lv11]
2026-05-20 13:33:40,57614644352,腐,哈哈哈,[等级34],[粉丝团 Lv11]
2026-05-20 13:33:40,3012317810270375,豆豆豆窦,[捂脸][捂脸][捂脸],[等级27],[粉丝团 Lv11]
2026-05-20 13:33:40,93118804306,菡香大米⁹²⁰⁰,经典没东西,[等级32],[粉丝团 Lv12]
2026-05-20 13:33:40,110133575047,阳,太溜喽，唯手熟尔,[等级1],[粉丝团 Lv2]
2026-05-20 13:33:40,1094766260652222,愿卿安,[抠鼻][抠鼻][抠鼻],[等级23],[粉丝团 Lv12]
2026-05-20 13:33:40,7443467011387458618,骨阿夫特嫩,[捂脸][捂脸][捂脸],[等级29],
2026-05-20 13:33:40,3877321877752948,七年,？,[等级30],
2026-05-20 13:33:41,690125102658323,黑猫@警长,[捂脸][捂脸][捂脸][捂脸],[等级24],[粉丝团 Lv12]
2026-05-20 13:33:41,102469975321,✨名门⭐️,谢宝庆啊谢宝庆,[等级19],[粉丝团 Lv15]
2026-05-20 13:33:41,1491408217449823,桃只i,哈哈哈哈哈哈,[等级9],[粉丝团 Lv5]
2026-05-20 13:33:41,4468879230241195,我在边界,哈哈哈哈哈哈哈,[等级13],[粉丝团 Lv4]
2026-05-20 13:33:41,73133140989,行稳致远,什么实力啊 就追,[等级31],[粉丝团 Lv15]
2026-05-20 13:33:41,4233546532927219,🉑🈶🉑🈚,？,[等级20],[粉丝团 Lv10]
2026-05-20 13:33:43,94461478417,一支上上签,敢追我雅哥，什么档次,[等级20],[粉丝团 Lv4]
2026-05-20 13:33:43,1807239114666904,·喵了个咪,?,[等级20],[粉丝团 Lv15]
2026-05-20 13:33:43,4165407898869996,每天对被子表白,浑身上下全是心眼子[捂脸][捂脸][捂脸],[等级5],[粉丝团 Lv2]
2026-05-20 13:33:43,466670364393783,袖下敛青川,想自己摸,[等级14],[粉丝团 Lv1]
2026-05-20 13:33:44,99409439438,雨！前,再洗也是老黑了,[等级3],[粉丝团 Lv4]
2026-05-20 13:33:44,2590081665217859,再熬夜刷视频就是小狗🐶,？？？？,[等级15],[粉丝团 Lv13]
2026-05-20 13:33:45,68033173728,Johnny✨⁵¹⁰⁷⁴,？[呲牙],[等级31],[粉丝团 Lv16]
2026-05-20 13:33:45,58673767768,🌈翊鸿,666,[等级11],[粉丝团 Lv9]
2026-05-20 13:33:45,72907249364,兔子先生,？,[等级20],[粉丝团 Lv2]
2026-05-20 13:33:46,74393086871,花开忘忧,笑死,[等级8],[粉丝团 Lv9]
2026-05-20 13:33:46,1050758116543619,海纳百川——梁,洗干净？整那样,[等级22],
2026-05-20 13:33:47,2816262866483979,拯救逃离世界🌍,？,[等级15],
2026-05-20 13:33:47,4233546532927219,🉑🈶🉑🈚,不好吧,[等级20],[粉丝团 Lv10]
2026-05-20 13:33:47,111427396941,风,[捂脸][捂脸][捂脸][捂脸][捂脸],[等级22],[粉丝团 Lv11]
2026-05-20 13:33:47,61988075528,王者荣耀法师妲己,女人的嘴骗人的鬼,[等级7],
2026-05-20 13:33:48,109130862187,梦马韶华,满嘴跑火车,[等级3],
2026-05-20 13:33:50,101449134896,多余,放消毒水洗也不干净了[捂脸][捂脸][捂脸],[等级1],
2026-05-20 13:33:50,2696436837264052,顺势而为,要死了,,
2026-05-20 13:33:50,4233546532927219,🉑🈶🉑🈚,[捂脸][尬笑],[等级20],[粉丝团 Lv10]
2026-05-20 13:33:55,99036159387,乐之,队友都骗，张老黑,[等级16],[粉丝团 Lv4]
2026-05-20 13:33:57,59593010027,张再宇,520快乐,[等级26],[粉丝团 Lv8]
2026-05-20 13:33:57,110307852667,W逍遥自在,这家伙太坏了,[等级20],[粉丝团 Lv8]
2026-05-20 13:33:59,101277257606,风的影子🧸,洗干净点哈[看],[等级42],[粉丝团 Lv11]
2026-05-20 13:34:01,71126905166,抖音小肋手,心眼子,[等级11],[粉丝团 Lv10]
2026-05-20 13:34:05,1591733402745645,孤注一掷,中午没有哥哥的叫，不然刚刚我们耳朵要炸,[等级15],[粉丝团 Lv10]
2026-05-20 13:34:05,896828231649432,修缘,就没一句实话[呲牙],,
2026-05-20 13:34:06,1656319453963359,🅥  　　    　　　　　　 🪳,[捂脸][捂脸][捂脸],[等级6],[粉丝团 Lv4]
2026-05-20 13:34:07,1172550470866364,井上月,[捂脸][捂脸][捂脸][捂脸],[等级23],[粉丝团 Lv7]
2026-05-20 13:34:09,101972007206,黑色咖啡,敢不敢洗干净抬我这里，我把你贡着,[等级20],
2026-05-20 13:34:11,1556525685934064,wang.,君雅[捂脸][捂脸][捂脸][捂脸],[等级7],
2026-05-20 13:34:19,3544449118126824,爱吃醋的李,好久不见,[等级25],[粉丝团 Lv11]
2026-05-20 13:34:23,59152766226,ღ᭄💞㞮ོএ: 孞💞༊ ړ࿐,今天520追你的人还挺多的[呲牙][呲牙],[等级11],[粉丝团 Lv11]
2026-05-20 13:34:23,1798427627499870,TeFuir,Cpdd爱情滴滴，今天不低谷期了,[等级26],[粉丝团 Lv12]
2026-05-20 13:34:33,3544449118126824,爱吃醋的李,终于等到你,[等级25],[粉丝团 Lv11]
2026-05-20 13:34:38,68837412118,禾风廿七·守拙,[给力],[等级24],[粉丝团 Lv12]
2026-05-20 13:34:43,619780006226327,远方,洗干净了就没味了[捂脸],[等级16],[粉丝团 Lv12]
2026-05-20 13:34:44,111007266356,🔱守望w,你以为老黑是白叫的啊？[捂脸][捂脸][捂脸],[等级29],[粉丝团 Lv15]
2026-05-20 13:34:48,3732162401805662,TEnhr,昨天晚上猫局超空开了三把p90，两把复合弓，四个ads，还有爆炸弓[捂脸],[等级1],
2026-05-20 13:34:56,2728330916797451,天空1994,都是心眼子[黑脸],[等级5],[粉丝团 Lv6]
2026-05-20 13:35:01,96914758686,张,不用洗了,[等级7],
2026-05-20 13:35:03,452620019045336,🍀、,[捂脸][捂脸][捂脸][捂脸][捂脸][捂脸][捂脸][捂脸][捂脸],[等级11],[粉丝团 Lv10]
2026-05-20 13:35:09,4165407898869996,每天对被子表白,666,[等级5],[粉丝团 Lv2]
2026-05-20 13:35:09,92461848227,煜,牛牛牛,[等级13],[粉丝团 Lv11]
2026-05-20 13:35:11,102469975321,✨名门⭐️,[666][666][666],[等级19],[粉丝团 Lv15]
2026-05-20 13:35:11,91776987650,抱紧琴琴.,牛,[等级11],[粉丝团 Lv10]
2026-05-20 13:35:11,71126905166,抖音小肋手,牛批,[等级11],[粉丝团 Lv10]
2026-05-20 13:35:12,3748712546068912,推算,[捂脸],[等级5],
2026-05-20 13:35:12,86562890288,ㅤ　 ㅤ顺利朱,帅呆了,[等级20],[粉丝团 Lv11]
2026-05-20 13:35:13,4213792507434493,班,哈哈哈,[等级7],[粉丝团 Lv4]
2026-05-20 13:35:13,1794029961617984,酃,[666][666][666],[等级17],[粉丝团 Lv12]
2026-05-20 13:35:13,68033173728,Johnny✨⁵¹⁰⁷⁴,[666][666][666],[等级31],[粉丝团 Lv16]
2026-05-20 13:35:13,68423550125,Love the way you lie,[捂脸][捂脸][捂脸][捂脸][捂脸][捂脸],[等级15],[粉丝团 Lv11]
2026-05-20 13:35:13,64625641673,快乐人生🦞,牛逼[赞],[等级26],[粉丝团 Lv13]
2026-05-20 13:35:13,71126905166,抖音小肋手,66666,[等级11],[粉丝团 Lv10]
2026-05-20 13:35:13,56062183806,梦凉i,338神力,[等级20],
2026-05-20 13:35:14,3544449118126824,爱吃醋的李,我的发,[等级25],[粉丝团 Lv11]
2026-05-20 13:35:15,1656319453963359,🅥  　　    　　　　　　 🪳,666,[等级6],[粉丝团 Lv4]
2026-05-20 13:35:15,97873254852,没有月儿的夜,二号崇拜死了,[等级9],
2026-05-20 13:35:15,109881104951,372923,[捂脸][捂脸][捂脸][捂脸][捂脸][捂脸][捂脸][捂脸],[等级3],
2026-05-20 13:35:17,109419284346,曾经的少年！曾经的你！！,[666][666][666][666][666][666][666],[等级24],[粉丝团 Lv14]
2026-05-20 13:35:17,59300356633,哈哈哈哈嗝儿～,优秀,[等级6],[粉丝团 Lv10]
2026-05-20 13:35:17,2395184081945055,忙里偷闲⁵¹⁰⁷⁴,[666][666][666],[等级29],[粉丝团 Lv15]
2026-05-20 13:35:17,55159220102,BWRZ（记录美好）,[衰][干饭人][衰][干饭人]好下饭,[等级36],[粉丝团 Lv16]
2026-05-20 13:35:17,1838838104734926,花匠小马,基本功,[等级34],[粉丝团 Lv15]
2026-05-20 13:35:17,2728330916797451,天空1994,牛币[黑脸],[等级5],[粉丝团 Lv6]
2026-05-20 13:35:17,71091522114,面具,你不打我队友，那我就得打你。,[等级8],
2026-05-20 13:35:17,3544449118126824,爱吃醋的李,帅呆了,[等级25],[粉丝团 Lv11]
2026-05-20 13:35:18,4233546532927219,🉑🈶🉑🈚,？,[等级20],[粉丝团 Lv10]
2026-05-20 13:35:19,74393086871,花开忘忧,不需要出手[捂脸],[等级8],[粉丝团 Lv9]
2026-05-20 13:35:19,1003205268617283,左右言它,[捂脸][捂脸][捂脸],[等级25],[粉丝团 Lv8]
2026-05-20 13:35:19,111002104161,农夫,[捂脸][捂脸][捂脸],[等级1],
2026-05-20 13:35:19,470219582866307,忻安,土匪啊[捂脸],[等级17],[粉丝团 Lv15]
2026-05-20 13:35:19,552368103755210,双湖愚夫,卧槽，这么牛,[等级5],[粉丝团 Lv2]
2026-05-20 13:35:19,2629659676384440,东北小土豆,开车全责,[等级15],[粉丝团 Lv8]
2026-05-20 13:35:19,16555948445,yyx,[捂脸],[等级25],[粉丝团 Lv15]
2026-05-20 13:35:19,68423550125,Love the way you lie,[捂脸][捂脸][捂脸][捂脸][捂脸][捂脸],[等级15],[粉丝团 Lv11]
2026-05-20 13:35:19,97600677185,晓乔治ovo,哈哈，,[等级38],[粉丝团 Lv13]
2026-05-20 13:35:19,2497699454393470,肉丝,520快乐520快乐520快乐,[等级9],[粉丝团 Lv11]
2026-05-20 13:35:20,2217047282695710,相思,[捂脸][捂脸][捂脸][捂脸],[等级33],[粉丝团 Lv15]
2026-05-20 13:35:20,97217883865,尭💫,尿检,[等级22],[粉丝团 Lv8]
2026-05-20 13:35:20,67862230314,别动,哈哈哈哈哈哈哈,[等级8],[粉丝团 Lv4]
2026-05-20 13:35:21,72922240063,芈⁵¹⁰⁷⁴🎣,哈哈哈哈哈哈哈,[等级36],[粉丝团 Lv16]
2026-05-20 13:35:21,72380839427,绾情丝,太粗鲁了,[等级18],[粉丝团 Lv3]
2026-05-20 13:35:21,166755798352590,爱的那张脸,真猛啊,,
2026-05-20 13:35:22,2203895102709048,纵横四海,牛逼,[等级19],[粉丝团 Lv10]
2026-05-20 13:35:22,104634432640,Henry Harrison Lewis,这个江苏人,[等级4],[粉丝团 Lv1]
2026-05-20 13:35:22,2900936322724196,小阳同学,哈哈哈哈哈,,
2026-05-20 13:35:23,99372859314,启  夏,[捂脸][捂脸][捂脸]又骗队友338子弹[捂脸],[等级25],[粉丝团 Lv15]
2026-05-20 13:35:23,103959649399,涵,你问问队友是不是甘肃人,[等级8],[粉丝团 Lv2]
2026-05-20 13:35:24,892413678724877,厌遇,司机要挨骂[捂脸][黑脸],[等级24],[粉丝团 Lv7]
2026-05-20 13:35:26,69656856233,无名小卒PLA,哈哈细节要子弹,[等级23],[粉丝团 Lv11]
2026-05-20 13:35:26,110563373639,渐远,点队友呢,[等级27],
2026-05-20 13:35:27,56505883242,Fara,哈哈啊哈哈哈惦记队友的子弹了,[等级15],[粉丝团 Lv12]
2026-05-20 13:35:28,103919279066,熙一夜,[捂脸][捂脸][捂脸]就是不给你子弹,[等级14],[粉丝团 Lv13]
2026-05-20 13:35:29,23671175128,◔.̮◔ 咻～,把牛逼打在张君雅上,[等级19],[粉丝团 Lv7]
2026-05-20 13:35:29,4233546532927219,🉑🈶🉑🈚,暗示说是,[等级20],[粉丝团 Lv10]
2026-05-20 13:35:30,51804503758,9月,让他说风起云涌,[等级15],[粉丝团 Lv2]
2026-05-20 13:35:30,63019632364,仰望星空,这女人啊太坏了人家都躲着走还打人家,[等级31],[粉丝团 Lv5]
2026-05-20 13:35:32,91776987650,抱紧琴琴.,哈哈哈哈,[等级11],[粉丝团 Lv10]
2026-05-20 13:35:33,97600677185,晓乔治ovo,想队友的子弹了[捂脸],[等级38],[粉丝团 Lv13]
2026-05-20 13:35:33,1108751823679224,房道往,孕检,,
2026-05-20 13:35:34,1003205268617283,左右言它,不回答[捂脸][捂脸][捂脸],[等级25],[粉丝团 Lv8]
2026-05-20 13:35:34,71533879276,懒得起名字,听不懂,[等级15],[粉丝团 Lv8]
2026-05-20 13:35:34,7443467011387458618,骨阿夫特嫩,[捂脸][捂脸][捂脸],[等级29],
2026-05-20 13:35:34,1656319453963359,🅥  　　    　　　　　　 🪳,哈哈哈[捂脸],[等级6],[粉丝团 Lv4]
2026-05-20 13:35:35,92461848227,煜,[捂脸][捂脸][捂脸],[等级13],[粉丝团 Lv11]
2026-05-20 13:35:35,4165407898869996,每天对被子表白,还想要子弹[捂脸][捂脸][捂脸],[等级5],[粉丝团 Lv2]
2026-05-20 13:35:35,24489810205,安禾^_^,他没打你，我们打他[捂脸],[等级20],[粉丝团 Lv1]
2026-05-20 13:35:35,7521394261465859130,🌾🌾🌾炒菜不用郭先生🍎🍊🍉🍌,[捂脸][捂脸][捂脸],[等级3],[粉丝团 Lv6]
2026-05-20 13:35:36,59803129309,一只小陽yu.（必发财版）,完全不搭理,[等级21],[粉丝团 Lv13]
2026-05-20 13:35:36,63762468186,香菜大王,一个人哭匹太有意思了,[等级3],[粉丝团 Lv6]
2026-05-20 13:35:36,101406567121,随风^O^,把公屏打在牛逼上,[等级14],[粉丝团 Lv1]
2026-05-20 13:35:36,93919569729,石头哥,[捂脸],[等级26],[粉丝团 Lv12]
2026-05-20 13:35:36,72907249364,兔子先生,哈哈哈哈哈,[等级20],[粉丝团 Lv2]
2026-05-20 13:35:37,94536624975,闫泰骐,听不懂,[等级21],
2026-05-20 13:35:37,101094843998,『🐒🐒』,[捂脸][捂脸][捂脸][捂脸],[等级19],[粉丝团 Lv12]
2026-05-20 13:35:37,3748712546068912,推算,牛批,[等级5],
2026-05-20 13:35:38,68033173728,Johnny✨⁵¹⁰⁷⁴,[发呆][发呆][发呆][发呆],[等级31],[粉丝团 Lv16]
2026-05-20 13:35:38,103959649399,涵,这个队友是甘肃人[看][看][看],[等级8],[粉丝团 Lv2]
2026-05-20 13:35:38,998823666918812,yiyi,哈哈哈哈哈哈哈,[等级6],[粉丝团 Lv9]
2026-05-20 13:35:38,3795156287621927,拾欢,[捂脸][捂脸][捂脸],[等级15],[粉丝团 Lv13]
2026-05-20 13:35:39,83972042163,姑娘我天生傲骨,懂不起,[等级1],
2026-05-20 13:35:39,62177562342,我,就不给你,[等级12],
2026-05-20 13:35:39,3347394361297940,橙味奶祺🍫,哈哈哈哈哈笑死我了,[等级19],[粉丝团 Lv8]
2026-05-20 13:35:40,100056462711,是玲玲吖丶ᥫᩣ,你直接要啊，338子弹,[等级29],[粉丝团 Lv8]
2026-05-20 13:35:40,60788648224,听夏,哈哈,[等级32],[粉丝团 Lv8]
2026-05-20 13:35:40,106591925683,自制離愁。          ╲,油盐不进 [捂脸],[等级26],[粉丝团 Lv4]
2026-05-20 13:35:40,110133575047,阳,哈哈哈,[等级1],[粉丝团 Lv2]
2026-05-20 13:35:40,59803129309,一只小陽yu.（必发财版）,哈哈哈哈哈哈哈,[等级21],[粉丝团 Lv13]
2026-05-20 13:35:40,94864264969,甜菜,哈哈哈哈哈,[等级21],[粉丝团 Lv10]
2026-05-20 13:35:41,11805950518,深情（张君雅助理）,哈哈哈，不理你[捂脸],[等级39],[粉丝团:张君雅 Lv18]
2026-05-20 13:35:41,62409659926,浩冉睡不醒,明着要是吗,[等级18],[粉丝团 Lv6]
2026-05-20 13:35:41,111007266356,🔱守望w,队友就不给你子弹[捂脸][捂脸][捂脸],[等级29],[粉丝团 Lv15]
2026-05-20 13:35:42,104596718632,醉眼看人间,[捂脸][捂脸][捂脸][捂脸],[等级19],[粉丝团 Lv14]
2026-05-20 13:35:42,470219582866307,忻安,哈哈哈哈,[等级17],[粉丝团 Lv15]
2026-05-20 13:35:42,1500205215647447,😃,疯狂暗示,[等级1],[粉丝团 Lv3]
2026-05-20 13:35:42,68423550125,Love the way you lie,哈哈哈哈[看][看][看][看],[等级15],[粉丝团 Lv11]
2026-05-20 13:35:42,552368103755210,双湖愚夫,这@水平，全无敌,[等级5],[粉丝团 Lv2]
2026-05-20 13:35:42,86562890288,ㅤ　 ㅤ顺利朱,[捂脸][捂脸][捂脸],[等级20],[粉丝团 Lv11]
2026-05-20 13:35:43,4022473420183417,在烂泥堆里摆烂,哈哈哈哈哈,[等级10],
2026-05-20 13:35:43,99320503380,M.,哈哈,[等级17],[粉丝团 Lv10]
2026-05-20 13:35:44,65008922355,🌈浮夸.,暗示[尬笑],[等级27],[粉丝团 Lv6]
2026-05-20 13:35:44,7521394261465859130,🌾🌾🌾炒菜不用郭先生🍎🍊🍉🍌,就不听你的[捂脸][捂脸][捂脸],[等级3],[粉丝团 Lv6]
2026-05-20 13:35:44,81707314655,黎,暗示半天,[等级19],[粉丝团 Lv10]
2026-05-20 13:35:44,118350347777683,孙孙,[捂脸][捂脸][捂脸],[等级19],[粉丝团 Lv3]
2026-05-20 13:35:44,3047482674388180,菜场在逃肥鸡,我笑死了,[等级20],[粉丝团 Lv9]
2026-05-20 13:35:45,102259862239,🐉寒江孤影🐉,[捂脸][捂脸],[等级26],
2026-05-20 13:35:45,2728330916797451,天空1994,不好骗[黑脸],[等级5],[粉丝团 Lv6]
2026-05-20 13:35:45,109001706854,晚风·,不懂事哈哈,[等级12],
2026-05-20 13:35:45,71126905166,抖音小肋手,[捂脸][捂脸][捂脸],[等级11],[粉丝团 Lv10]
2026-05-20 13:35:46,81910398697,小红旗🇨🇳,人家不给你[捂脸][捂脸],[等级18],[粉丝团 Lv3]
2026-05-20 13:35:46,7512667169890239546,有米老板,哈哈，疯狂暗示,,
2026-05-20 13:35:46,764858599219059,⭐️人王疋虫⭐️⁵¹⁰⁷⁴,不在一个频道[捂脸],[等级34],[粉丝团 Lv16]
2026-05-20 13:35:46,88066076164,凪卄ᵐʸ,疯狂暗示,[等级20],[粉丝团 Lv8]
2026-05-20 13:35:46,105995130455,纆,队友就不拿爆炸弓[捂脸][捂脸][捂脸],[等级37],[粉丝团 Lv6]
2026-05-20 13:35:46,74393086871,花开忘忧,[捂脸][捂脸][捂脸],[等级8],[粉丝团 Lv9]
2026-05-20 13:35:46,1333022732588423,烟草味的情怀,[捂脸][捂脸][捂脸][捂脸][捂脸],[等级3],[粉丝团 Lv5]
2026-05-20 13:35:47,72380839427,绾情丝,哈哈哈,[等级18],[粉丝团 Lv3]
2026-05-20 13:35:47,3117841111319639,游钓、江湖,不懂事,[等级21],[粉丝团 Lv4]
2026-05-20 13:35:47,3795156287621927,拾欢,[捂脸],[等级15],[粉丝团 Lv13]
2026-05-20 13:35:48,1239886154171246,卯兔,枪枪到肉真很[捂脸],[等级17],[粉丝团 Lv15]
2026-05-20 13:35:48,55159220102,BWRZ（记录美好）,[大笑][偷笑][大笑][偷笑][大笑][偷笑],[等级36],[粉丝团 Lv16]
2026-05-20 13:35:48,2172229561625960,好嗨哟,1号听不见[捂脸],[等级25],[粉丝团 Lv13]
2026-05-20 13:35:48,1003205268617283,左右言它,不回答[捂脸],[等级25],[粉丝团 Lv8]
2026-05-20 13:35:48,65778803461,泽♎,[捂脸][捂脸][捂脸][捂脸],[等级45],
2026-05-20 13:35:49,73133140989,行稳致远,哈哈哈哈哈,[等级31],[粉丝团 Lv15]
2026-05-20 13:35:49,78211964297,🌈新手上路🌈,就问你尬不尬,[等级14],[粉丝团 Lv11]
2026-05-20 13:35:49,1172550470866364,井上月,[捂脸][捂脸][捂脸][捂脸],[等级23],[粉丝团 Lv7]
2026-05-20 13:35:49,88066076164,凪卄ᵐʸ,哈哈哈哈,[等级20],[粉丝团 Lv8]
2026-05-20 13:35:50,1794029961617984,酃,哈哈哈[看],[等级17],[粉丝团 Lv12]
2026-05-20 13:35:50,4410845128828888,地狱小魔,哈哈哈哈哈哈哈哈,[等级25],[粉丝团 Lv11]
2026-05-20 13:35:50,97763433901,空明溯流光,是一点不听你话啊，老黑,[等级15],[粉丝团 Lv9]
2026-05-20 13:35:50,102469975321,✨名门⭐️,[捂脸][捂脸][捂脸],[等级19],[粉丝团 Lv15]
2026-05-20 13:35:50,51804503758,9月,让队友说个风起云涌,[等级15],[粉丝团 Lv2]
2026-05-20 13:35:50,2071086839901975,打断瘸子那条好腿,直接要啊,[等级19],
2026-05-20 13:35:50,3199997259556404,四季安然,[捂脸][捂脸][捂脸][捂脸][捂脸][捂脸],[等级11],[粉丝团 Lv3]
2026-05-20 13:35:51,1596141804983624,桃桃纸&,听不懂暗示,[等级11],[粉丝团 Lv10]
2026-05-20 13:35:51,101942267630,喵喵ღ,[捂脸],[等级13],[粉丝团 Lv10]
2026-05-20 13:35:52,83931800170,🌈晓晓斌哥哥,队友装听不懂,[等级21],[粉丝团 Lv7]
2026-05-20 13:35:53,1310242840781719,故事止于凛冬,你这老娘们吵到我睡觉了,[等级6],
2026-05-20 13:35:54,101138818359,小鱼,[捂脸][捂脸][捂脸],[等级34],[粉丝团 Lv15]
2026-05-20 13:35:54,99167459027,哎呦喂,自作多情了吧[捂脸][捂脸][捂脸],[等级18],[粉丝团 Lv11]
2026-05-20 13:35:54,78903661168,🐯虎跃富途এ᭄ 🐅,没开麦,[等级21],
2026-05-20 13:35:54,1458423511390539,脸红什么.,就想要338子弹,[等级10],[粉丝团 Lv11]
2026-05-20 13:35:55,3732162401805662,TEnhr,哈哈哈,[等级1],
2026-05-20 13:35:55,80321749073,榴莲味的冰淇淋,把他卖了,[等级9],[粉丝团 Lv6]
2026-05-20 13:35:55,63762468186,香菜大王,一个人路匹太有意思了[捂脸][捂脸],[等级3],[粉丝团 Lv6]
2026-05-20 13:35:56,22077196930,王豆豆🧚🏻‍♀️,根本不理,[等级9],[粉丝团 Lv10]
2026-05-20 13:35:57,60217558201,风中凌乱美,直接一点。,[等级23],[粉丝团 Lv10]
2026-05-20 13:35:57,105819043223,77♏³²,你舔的第一个空投里有338子弹,[等级13],[粉丝团 Lv4]
2026-05-20 13:35:57,149975423530195,健健,他没听见,[等级23],[粉丝团 Lv3]
2026-05-20 13:35:57,109419284346,曾经的少年！曾经的你！！,[捂脸][捂脸][捂脸][捂脸][捂脸],[等级24],[粉丝团 Lv14]
2026-05-20 13:35:57,4424893833152766,同友益农副产品配送公司,[捂脸][捂脸][捂脸],[等级16],[粉丝团 Lv10]
2026-05-20 13:35:58,98773931120,彭志辉,这队友不按照你套路来[捂脸],[等级5],
2026-05-20 13:35:58,7597413643777770545,哭哭马,知道人家有，假装问一下有没有[捂脸][捂脸][捂脸],[等级14],
2026-05-20 13:35:59,51894721128,十亿战神尊魂幡,拿狗砸,[等级20],[粉丝团 Lv1]
2026-05-20 13:35:59,470219582866307,忻安,队友听不懂[看],[等级17],[粉丝团 Lv15]
2026-05-20 13:35:59,106808983793,识趣,[比心][比心][比心]520快乐,[等级15],[粉丝团 Lv11]
2026-05-20 13:35:59,89803988237,鱼崽…..,你没开麦,[等级35],[粉丝团 Lv8]
2026-05-20 13:35:59,71126905166,抖音小肋手,哈哈哈哈哈,[等级11],[粉丝团 Lv10]
2026-05-20 13:35:59,79725016178,曾经最迷人,点不透,[等级18],[粉丝团 Lv1]
2026-05-20 13:36:01,53585055199,至尊宝儿,哈哈520快乐,[等级14],
2026-05-20 13:36:02,60627504900,雪碧吖🌓,哈哈哈哈哈哈主打一个听不懂,[等级29],[粉丝团 Lv6]
2026-05-20 13:36:02,3047482674388180,菜场在逃肥鸡,雅雅自作多情了[看],[等级20],[粉丝团 Lv9]
2026-05-20 13:36:03,69656856233,无名小卒PLA,哈哈细节要子弹,[等级23],[粉丝团 Lv11]
2026-05-20 13:36:03,3900711457269358,未知,己读不回,,
2026-05-20 13:36:04,68423550125,Love the way you lie,[捂脸][捂脸][捂脸][捂脸][捂脸],[等级15],[粉丝团 Lv11]
2026-05-20 13:36:04,866032946527787,牛 二,格局打开,[等级25],[粉丝团 Lv15]
2026-05-20 13:36:04,59386176107,ZEH.6,牛逼,[等级19],[粉丝团 Lv12]
2026-05-20 13:36:04,78251202955,佳佳👑,？,[等级30],[粉丝团 Lv10]
2026-05-20 13:36:05,2518311782845768,ꦿ໊浮生ꦵ若梦དྷ༗࿐,咋不问队友有没有枪夹,[等级9],[粉丝团 Lv10]
2026-05-20 13:36:05,600767341014696,小福星🍬,情商真低,[等级26],[粉丝团 Lv8]
2026-05-20 13:36:05,98061316280,♊凡尘,哈哈哈,[等级32],[粉丝团 Lv10]
2026-05-20 13:36:05,3320152141085517,一生平安,一点都不懂事,[等级15],[粉丝团 Lv11]
2026-05-20 13:36:05,98211015545,金浅浅～,338在一号那,[等级14],[粉丝团 Lv12]
2026-05-20 13:36:06,88811835816,🔆,哈哈,[等级14],[粉丝团 Lv9]
2026-05-20 13:36:07,59593010027,张再宇,520快乐,[等级26],[粉丝团 Lv8]
2026-05-20 13:36:07,1893790932807003,木木,[捂脸],[等级15],
2026-05-20 13:36:07,1656319453963359,🅥  　　    　　　　　　 🪳,哈哈哈[捂脸][捂脸],[等级6],[粉丝团 Lv4]
2026-05-20 13:36:08,52099381595,🌈忘,没事，等下舔她包一样[看],[等级16],
2026-05-20 13:36:08,1841054966900747,相思,[捂脸],[等级9],[粉丝团 Lv10]
2026-05-20 13:36:09,1094766260652222,愿卿安,[看],[等级23],[粉丝团 Lv12]
2026-05-20 13:36:09,95115965858,Y☜☜P,那是1号的338,[等级25],
2026-05-20 13:36:09,111467981858,cyl,人家有妹妹，看不上你,[等级1],
2026-05-20 13:36:09,2189880376430734,田心`,一号不想听懂你说的话,[等级15],[粉丝团 Lv8]
2026-05-20 13:36:09,53562427059,好多鱼。。。。,[捂脸][捂脸],[等级7],[粉丝团 Lv10]
2026-05-20 13:36:09,98691481132,🇱,在一号手里,[等级20],[粉丝团 Lv4]
2026-05-20 13:36:09,2395184081945055,忙里偷闲⁵¹⁰⁷⁴,[摊手][摊手][摊手],[等级29],[粉丝团 Lv15]
2026-05-20 13:36:10,88811835816,🔆,520快乐,[等级14],[粉丝团 Lv9]
2026-05-20 13:36:11,53585055199,至尊宝儿,人情世故,[等级14],
2026-05-20 13:36:12,100500267450,昨日一去不复返,直男,[等级13],[粉丝团 Lv7]
2026-05-20 13:36:12,92385146320,九千七,老黑喝多了,[等级47],
2026-05-20 13:36:13,7495203789020988475,疏辞,鬼鬼祟祟[捂脸],[等级1],
2026-05-20 13:36:13,1512542077459805,记得晒太阳,哼💢女人,[等级18],[粉丝团 Lv9]
2026-05-20 13:36:15,106762531593,凯蒂,拿不下了也不说给你点子弹,[等级28],[粉丝团 Lv11]
2026-05-20 13:36:15,3549699290173075,朵一朵｀,没有人情全是事故,[等级19],[粉丝团 Lv9]
2026-05-20 13:36:15,223950994676659,一马平川,把1号卖了,[等级24],[粉丝团 Lv6]
2026-05-20 13:36:15,3985083776636876,、磨人精♬,拿338的是一号,[等级10],[粉丝团 Lv4]
2026-05-20 13:36:15,96992796442,💕凉凉⁸⁰⁰⁸,牛皮,[等级10],[粉丝团 Lv11]
2026-05-20 13:36:16,1201130986275271,花火,要呗,[等级2],
2026-05-20 13:36:17,73127315663,曾梦想仗剑走天涯,自作多情了吧[捂脸],[等级17],
2026-05-20 13:36:17,1711292170379447,小布衣❄️,遇到难回答的问题他不说话了,[等级34],[粉丝团 Lv1]
2026-05-20 13:36:17,69744655621,满山的猴子我腚最红❤,心眼子真多,[等级5],
2026-05-20 13:36:17,3771776125374827,🌈髙彩臣（和平精英）,一号的338二号开的麦,[等级17],[粉丝团 Lv4]
2026-05-20 13:36:17,63762468186,香菜大王,唯有338听不懂,[等级3],[粉丝团 Lv6]
2026-05-20 13:36:18,23671175128,◔.̮◔ 咻～,钢铁直男,[等级19],[粉丝团 Lv7]
2026-05-20 13:36:18,1508959131535480,补要娃娃叫,别洗，我喜欢有味的女人,[等级14],
2026-05-20 13:36:18,97113110196,姜小花,学着说，不要不要，都说不要了[捂脸],[等级15],[粉丝团 Lv12]
2026-05-20 13:36:19,91632434183,开心,哈哈哈哈哈,[等级19],[粉丝团 Lv9]
2026-05-20 13:36:19,110133575047,阳,用雷演了他,[等级1],[粉丝团 Lv2]
2026-05-20 13:36:20,3500475588290631,Lw😜,懂人情世故那不是子弹就没了[看][看][看],[等级18],[粉丝团 Lv14]
2026-05-20 13:36:20,105995130455,纆,不好骗[捂脸][捂脸],[等级37],[粉丝团 Lv6]
2026-05-20 13:36:20,2480143996559767,……,不懂事,,
2026-05-20 13:36:21,160946116106109,陆沉,不是，你都江堰的？？？？,[等级17],
2026-05-20 13:36:21,2035922994732268,付甲一方,倒了不救坑队友[捂脸],[等级15],
2026-05-20 13:36:23,4218147940337566,生命因你而火热,直白点说嘛[捂脸][捂脸][捂脸][捂脸],[等级18],[粉丝团 Lv9]
2026-05-20 13:36:23,69742604573,雾里看晨曦,直男听不懂 你要直接讲 哈哈哈哈哈哈,[等级26],[粉丝团 Lv13]
2026-05-20 13:36:24,69864891397,횽,年纪大可能听不见。多暗示几次,[等级15],[粉丝团 Lv5]
2026-05-20 13:36:25,717354669185903,麒龙,把牛逼打在张君雅脸上[捂脸],[等级21],
2026-05-20 13:36:25,3047482674388180,菜场在逃肥鸡,队友听不懂暗示,[等级20],[粉丝团 Lv9]
2026-05-20 13:36:26,102057833976,就事论事,把拿338那个队友送到敌人嘴里头，338就是咱们的了,[等级7],[粉丝团 Lv9]
2026-05-20 13:36:26,3985083776636876,、磨人精♬,说话的是二号,[等级10],[粉丝团 Lv4]
2026-05-20 13:36:29,99036159387,乐之,还是局哥好，要啥给啥,[等级16],[粉丝团 Lv4]
2026-05-20 13:36:30,1838838104734926,花匠小马,社会上，这叫不上道,[等级34],[粉丝团 Lv15]
2026-05-20 13:36:30,1987562844985852,红伞伞™,女人啊，总是让人猜,[等级33],[粉丝团 Lv12]
2026-05-20 13:36:33,2950740333835965,醒必静（重生版),不懂事卖了[捂脸][捂脸][捂脸],[等级30],[粉丝团 Lv15]
2026-05-20 13:36:35,98061316280,♊凡尘,啥子不馋，馋人家子弹[捂脸],[等级32],[粉丝团 Lv10]
2026-05-20 13:36:35,110133575047,阳,子弹到手,[等级1],[粉丝团 Lv2]
2026-05-20 13:36:35,74801492566,青禾影像-摄影师邵坤,你忘了老黑让队友盒子爬过来的时候了,[等级12],[粉丝团 Lv3]
2026-05-20 13:36:37,69373329862,故事兔,队友真听话[赞]🤭🤭🤭,[等级28],[粉丝团 Lv2]
2026-05-20 13:36:37,2137080181565901,落尘,真没眼力劲，都说了没338子弹[捂脸],[等级11],
2026-05-20 13:36:38,2720611970329020,周星星,这队友大腿都抱不明白[捂脸][捂脸][捂脸][捂脸][捂脸][捂脸],,
2026-05-20 13:36:40,2493283472772824,四号,连个坑都炸不明白,[等级22],
2026-05-20 13:36:40,3307809349844360,🎣,公屏打在牛批上,[等级4],
2026-05-20 13:36:41,7028053485,博落回,不拿队友一针一线,[等级15],[粉丝团 Lv12]
2026-05-20 13:36:50,77554765954,拾鱼🌟,哈哈哈哈,[等级21],
2026-05-20 13:36:52,58673767768,🌈翊鸿,给自己快炸死了,[等级11],[粉丝团 Lv9]
2026-05-20 13:36:53,111007266356,🔱守望w,空投,[等级29],[粉丝团 Lv15]
2026-05-20 13:37:02,2009556901693427,🇨🇳默,炸个坑，快把自己炸死了,[等级27],[粉丝团 Lv12]
2026-05-20 13:37:09,97873254852,没有月儿的夜,这把空头一直砸脸啊,[等级9],
2026-05-20 13:37:13,6472167828,顺城,空投老是勾引张老黑,[等级22],[粉丝团 Lv15]
2026-05-20 13:37:17,3544473905937592,全有,批发ADS嘛？？？,[等级25],[粉丝团 Lv6]
2026-05-20 13:37:23,71747499339,十 三,@锦煜✨ 周二休息啊,[等级21],[粉丝团 Lv10]
2026-05-20 13:37:28,3795156287621927,拾欢,[捂脸][捂脸][捂脸],[等级15],[粉丝团 Lv13]
2026-05-20 13:37:28,71126905166,抖音小肋手,陪伴之旅的点亮闪耀💡送一送，帮君雅完成100%💡点亮❣️❣️❣️完成后可领取更多亲密度❣️❣️❣️,[等级11],[粉丝团 Lv10]
2026-05-20 13:37:30,99372859314,启  夏,[捂脸][捂脸][捂脸],[等级25],[粉丝团 Lv15]
2026-05-20 13:37:31,1003205268617283,左右言它,[捂脸][捂脸][捂脸],[等级25],[粉丝团 Lv8]
2026-05-20 13:37:32,105095818630,涂涂,哈哈哈哈哈哈哈哈哈哈哈哈,[等级7],
2026-05-20 13:37:33,2014757881646576,呜呜呜呜,哈哈哈哈,[等级3],
2026-05-20 13:37:34,3045005596037664,习惯了,哈哈哈,,
2026-05-20 13:37:34,99320503380,M.,哈哈,[等级17],[粉丝团 Lv10]
2026-05-20 13:37:35,39231209870008,唇友谊,哈哈哈哈哈,[等级17],[粉丝团 Lv9]
2026-05-20 13:37:35,1656319453963359,🅥  　　    　　　　　　 🪳,[捂脸][捂脸][捂脸],[等级6],[粉丝团 Lv4]
2026-05-20 13:37:35,94161696152,V夏梦,哈哈哈哈,[等级15],[粉丝团 Lv11]
2026-05-20 13:37:35,69656856233,无名小卒PLA,哈哈子弹不多了,[等级23],[粉丝团 Lv11]
2026-05-20 13:37:35,99393356410,吃不了一点香菜,[捂脸][捂脸][捂脸][捂脸][捂脸][捂脸][捂脸][捂脸][捂脸],[等级26],[粉丝团 Lv12]
2026-05-20 13:37:35,2395184081945055,忙里偷闲⁵¹⁰⁷⁴,[捂脸][捂脸][捂脸],[等级29],[粉丝团 Lv15]
2026-05-20 13:37:35,2906750349226743,🌈简单,哈哈,[等级23],[粉丝团 Lv2]
2026-05-20 13:37:35,1516975919202508,諾,哈哈哈,[等级29],[粉丝团 Lv2]
2026-05-20 13:37:35,111007266356,🔱守望w,[捂脸][捂脸][捂脸],[等级29],[粉丝团 Lv15]
2026-05-20 13:37:35,87537697860,X🇨🇳,哈哈哈,[等级15],[粉丝团 Lv10]
2026-05-20 13:37:35,4233546532927219,🉑🈶🉑🈚,[捂脸][尬笑][捂脸][尬笑][捂脸][尬笑],[等级20],[粉丝团 Lv10]
2026-05-20 13:37:35,72907249364,兔子先生,哈哈哈哈哈哈哈,[等级20],[粉丝团 Lv2]
2026-05-20 13:37:36,63762468186,香菜大王,哈哈哈哈,[等级3],[粉丝团 Lv6]
2026-05-20 13:37:36,99470859079,人生的味道⁵¹⁰⁷⁴,[捂脸][捂脸][捂脸][捂脸][捂脸],[等级13],[粉丝团 Lv12]
2026-05-20 13:37:36,59020009735,🍓甜酒吖🍓,哈哈哈,[等级6],[粉丝团 Lv6]
2026-05-20 13:37:37,92818294727,Jchoo1,[捂脸][捂脸][捂脸],[等级12],
2026-05-20 13:37:37,118350347777683,孙孙,[捂脸][捂脸][捂脸][捂脸][捂脸][捂脸][捂脸],[等级19],[粉丝团 Lv3]
2026-05-20 13:37:37,1807239114666904,·喵了个咪,哈哈哈哈哈哈哈,[等级20],[粉丝团 Lv15]
2026-05-20 13:37:37,3556282631981005,ㅤㅤ ㅤㅤㅤㅤ    ㅤ,[捂脸][捂脸][捂脸],[等级21],[粉丝团 Lv2]
2026-05-20 13:37:37,101595263010620,伊昂,[捂脸][捂脸],[等级12],[粉丝团 Lv10]
2026-05-20 13:37:37,62952671133,周小周.,哈哈哈哈哈哈哈哈,[等级15],[粉丝团 Lv9]
2026-05-20 13:37:37,97171460078,梁,[捂脸],[等级15],[粉丝团 Lv2]
2026-05-20 13:37:37,3795156287621927,拾欢,疯狂暗示[捂脸],[等级15],[粉丝团 Lv13]
2026-05-20 13:37:37,56505883242,Fara,还子弹[捂脸],[等级15],[粉丝团 Lv12]
2026-05-20 13:37:37,59162977083,福元,不懂事,[等级15],[粉丝团 Lv6]
2026-05-20 13:37:37,91776987650,抱紧琴琴.,哈哈哈哈哈哈,[等级11],[粉丝团 Lv10]
2026-05-20 13:37:37,71533879276,懒得起名字,听不懂,[等级15],[粉丝团 Lv8]
2026-05-20 13:37:37,98181665549,刘风,[鼓掌][鼓掌],[等级5],[粉丝团 Lv10]
2026-05-20 13:37:39,1257437656002798,某某.,高情商：怕队友被炸,[等级34],[粉丝团:张君雅 Lv16]
2026-05-20 13:37:39,71091522114,面具,这是直接开始要了。,[等级8],
2026-05-20 13:37:39,93193892154,zs艳阳天,哈哈哈哈,[等级9],[粉丝团 Lv1]
2026-05-20 13:37:39,79025218321,MYL,哈哈520快乐,[等级17],[粉丝团 Lv12]
2026-05-20 13:37:39,87537697860,X🇨🇳,就是不理,[等级15],[粉丝团 Lv10]
2026-05-20 13:37:39,98773931120,彭志辉,子弹就不给你,[等级5],
2026-05-20 13:37:39,2816262866483979,拯救逃离世界🌍,哈哈哈哈哈哈,[等级15],
2026-05-20 13:37:39,100715869691,独宠👉丫头²⁸︍⁹³,[捂脸][捂脸],[等级29],[粉丝团 Lv15]
2026-05-20 13:37:39,72380839427,绾情丝,哈哈哈,[等级18],[粉丝团 Lv3]
2026-05-20 13:37:39,60299957436,①欣①奕吖,[捂脸][捂脸][捂脸],[等级13],[粉丝团 Lv10]
2026-05-20 13:37:40,1046374607756734,@你,就想别人给你子弹,[等级27],[粉丝团 Lv11]
2026-05-20 13:37:40,95980960546,顺手牵杨女士🐑,哈哈 子弹不多了,[等级6],[粉丝团 Lv8]
2026-05-20 13:37:40,88811835816,🔆,哈哈哈哈哈,[等级14],[粉丝团 Lv9]
2026-05-20 13:37:40,100591771582,Single,[捂脸][捂脸][捂脸][捂脸],[等级21],[粉丝团 Lv12]
2026-05-20 13:37:40,3909493403432155,菜狗扎克,疯狂暗示,[等级8],
2026-05-20 13:37:40,83419754472,orange,[看][看][看],[等级32],[粉丝团 Lv8]
2026-05-20 13:37:41,62130287088,ya 娅 ya,哈哈哈,[等级19],
2026-05-20 13:37:41,1596141804983624,桃桃纸&,哈哈哈哈,[等级11],[粉丝团 Lv10]
2026-05-20 13:37:41,4361126745211548,岁安,[捂脸][捂脸][捂脸],,
2026-05-20 13:37:41,6472167828,顺城,听不见,[等级22],[粉丝团 Lv15]
2026-05-20 13:37:41,60742527698,☁️☀️🌧️🫧,哈哈哈哈,[等级29],[粉丝团 Lv10]
2026-05-20 13:37:41,1003205268617283,左右言它,子弹不多了，,[等级25],[粉丝团 Lv8]
2026-05-20 13:37:41,241494906912462,……,又来了,[等级20],[粉丝团 Lv2]
2026-05-20 13:37:41,80950817911,锋,[捂脸],[等级14],[粉丝团 Lv11]
2026-05-20 13:37:41,63781535649,晴晴不困呐,哈哈哈哈哈,[等级20],
2026-05-20 13:37:41,105095818630,涂涂,哈哈哈哈哈哈哈哈哈哈哈哈,[等级7],
2026-05-20 13:37:41,1656319453963359,🅥  　　    　　　　　　 🪳,哈哈哈,[等级6],[粉丝团 Lv4]
2026-05-20 13:37:41,2395184081945055,忙里偷闲⁵¹⁰⁷⁴,[捂脸][捂脸][捂脸],[等级29],[粉丝团 Lv15]
2026-05-20 13:37:41,3131835838905420,用户6132369647779,哈哈哈,[等级3],[粉丝团 Lv2]
2026-05-20 13:37:41,98211015545,金浅浅～,[捂脸][捂脸],[等级14],[粉丝团 Lv12]
2026-05-20 13:37:42,69656856233,无名小卒PLA,还在提醒,[等级23],[粉丝团 Lv11]
2026-05-20 13:37:42,22415580083835,苹果,疯狂暗示,[等级18],
2026-05-20 13:37:42,1241772908361770,一只蓝,哈哈哈哈,,
2026-05-20 13:37:42,111241219964,🌈🌈一路向钅戋🌈🌈,又来暗示,[等级2],
2026-05-20 13:37:42,7597413643777770545,哭哭马,哈哈哈哈,[等级14],
2026-05-20 13:37:42,7443467011387458618,骨阿夫特嫩,[捂脸][捂脸][捂脸],[等级29],
2026-05-20 13:37:42,3372920310077931,那年（擺叔）,哈哈,[等级19],[粉丝团 Lv12]
2026-05-20 13:37:42,7521394261465859130,🌾🌾🌾炒菜不用郭先生🍎🍊🍉🍌,子弹不多了[捂脸][捂脸][捂脸],[等级3],[粉丝团 Lv6]
2026-05-20 13:37:42,95980960546,顺手牵杨女士🐑,哈哈[捂脸][捂脸][捂脸][捂脸],[等级6],[粉丝团 Lv8]
2026-05-20 13:37:42,62574524340,欠ル,就不给[捂脸][捂脸][捂脸],[等级17],[粉丝团 Lv12]
2026-05-20 13:37:43,109019514438,🌈 青柠,哈哈哈哈哈,[等级17],
2026-05-20 13:37:43,104818760349,慕阁墨,4个ads你是想干嘛,[等级2],
2026-05-20 13:37:43,98061316280,♊凡尘,[捂脸][捂脸][捂脸][捂脸],[等级32],[粉丝团 Lv10]
2026-05-20 13:37:43,103826910046,鸱吻,[捂脸][捂脸][捂脸][捂脸][捂脸],[等级28],[粉丝团 Lv13]
2026-05-20 13:37:43,3347394361297940,橙味奶祺🍫,哈哈哈哈哈哈笑死我了,[等级19],[粉丝团 Lv8]
2026-05-20 13:37:43,716523334534366,哇呜💋,哈哈哈哈,[等级15],[粉丝团 Lv12]
2026-05-20 13:37:43,101094843998,『🐒🐒』,[捂脸][捂脸][捂脸][捂脸][捂脸],[等级19],[粉丝团 Lv12]
2026-05-20 13:37:43,68484536121,楽哟,哈哈哈哈,[等级22],
2026-05-20 13:37:44,3519974613733159,至尊宝,哈哈哈哈哈,[等级9],[粉丝团 Lv10]
2026-05-20 13:37:44,101515984152,七 安,不懂事,[等级16],[粉丝团 Lv7]
2026-05-20 13:37:44,60264729101,小敏子吖,哈哈哈哈,[等级9],
2026-05-20 13:37:44,1656319453963359,🅥  　　    　　　　　　 🪳,哈哈哈[捂脸][捂脸],[等级6],[粉丝团 Lv4]
2026-05-20 13:37:44,1596141804983624,桃桃纸&,哈哈哈哈哈,[等级11],[粉丝团 Lv10]
2026-05-20 13:37:44,59447917288,6%,哈哈哈,[等级8],[粉丝团 Lv2]
2026-05-20 13:37:44,86562890288,ㅤ　 ㅤ顺利朱,[捂脸][捂脸][捂脸],[等级20],[粉丝团 Lv11]
2026-05-20 13:37:44,1893790932807003,木木,[捂脸],[等级15],
2026-05-20 13:37:45,104689996186,白蛮—之刃,哈哈哈,[等级33],[粉丝团 Lv8]
2026-05-20 13:37:45,52848930627,丸粑粑餐饮连锁品牌招商,哈哈哈哈哈,[等级7],[粉丝团 Lv4]
2026-05-20 13:37:45,63601446720,零叁,哈哈哈哈哈,[等级17],
2026-05-20 13:37:45,100676851075,一大块腹肌,直接要啊,[等级19],[粉丝团 Lv10]
2026-05-20 13:37:45,86550909045,霁阳开序·明煦🎋,就是不给,[等级17],[粉丝团 Lv9]
2026-05-20 13:37:46,52202503111,萨瓦迪卡🙏,[捂脸][捂脸],[等级17],[粉丝团 Lv11]
2026-05-20 13:37:46,70789661489171,花钱月下•大龙,哈哈哈哈,[等级15],[粉丝团 Lv10]
2026-05-20 13:37:46,3664003065714740,学会沉默888,[爱心],[等级16],[粉丝团 Lv12]
2026-05-20 13:37:46,2115889239175757,清楓宝,疯狂暗示,[等级24],[粉丝团 Lv12]
2026-05-20 13:37:46,61072672391,LLLch,[捂脸][捂脸][捂脸],[等级19],[粉丝团 Lv11]
2026-05-20 13:37:46,99036159387,乐之,哈哈，就是不给,[等级16],[粉丝团 Lv4]
2026-05-20 13:37:46,1926757070678731,梅菜扣肉,哈哈哈哈哈哈哈哈哈哈哈哈哈哈哈,[等级5],[粉丝团 Lv2]
2026-05-20 13:37:46,57032036910,〆刘嫂﹌,哈哈哈,[等级32],[粉丝团 Lv8]
2026-05-20 13:37:46,1055949186665544,🌈好运降林同学,[呲牙],[等级9],[粉丝团 Lv6]
2026-05-20 13:37:46,70421014611,免打扰～,[捂脸][捂脸][捂脸][捂脸],[等级22],[粉丝团 Lv11]
2026-05-20 13:37:46,94827361254,马ℳ𝒶 ᥫᩣ,哈哈哈哈,[等级15],[粉丝团 Lv10]
2026-05-20 13:37:47,105995130455,纆,就不给你子弹[捂脸][捂脸][捂脸],[等级37],[粉丝团 Lv6]
2026-05-20 13:37:47,63036720045,以琛小帅哥,笑死,[等级11],[粉丝团 Lv2]
2026-05-20 13:37:47,68237756614,陈山野🌈🌈🌈🌈,[捂脸][捂脸][捂脸],[等级15],[粉丝团 Lv8]
2026-05-20 13:37:47,3593651276484189,菟丝子,哈哈哈哈哈哈哈,[等级8],[粉丝团 Lv9]
2026-05-20 13:37:47,81335611617,遇  见𓁙,根本不进你的话,[等级19],
2026-05-20 13:37:47,94205687834,噗嗤,[捂脸][捂脸][捂脸][捂脸],[等级34],
2026-05-20 13:37:47,2009556901693427,🇨🇳默,哈哈哈，疯狂暗示,[等级27],[粉丝团 Lv12]
2026-05-20 13:37:47,72922240063,芈⁵¹⁰⁷⁴🎣,他们不接话茬[捂脸],[等级36],[粉丝团 Lv16]
2026-05-20 13:37:48,4015043125711886,嘘，卜哭,哈哈,[等级16],[粉丝团 Lv11]
2026-05-20 13:37:48,98382327569,Z、张,就是不理你这茬,[等级10],[粉丝团 Lv9]
2026-05-20 13:37:48,78107688495,陌影,卑微,[等级22],[粉丝团 Lv11]
2026-05-20 13:37:48,72380839427,绾情丝,不懂事,[等级18],[粉丝团 Lv3]
2026-05-20 13:37:48,95507451318,溪鱼,听不懂,[等级17],[粉丝团 Lv10]
2026-05-20 13:37:48,100321401819,乘风,哈哈哈哈哈哈哈,[等级11],
2026-05-20 13:37:48,73127315663,曾梦想仗剑走天涯,别暗示，你明说啊,[等级17],
2026-05-20 13:37:48,2480143996559767,……,还是听不懂,,
2026-05-20 13:37:49,111002104161,农夫,队友懂不起,[等级1],
2026-05-20 13:37:49,4230571195640573,好了,听不懂,[等级28],
2026-05-20 13:37:49,98295868062,🌙・,[捂脸][捂脸],[等级7],[粉丝团 Lv11]
2026-05-20 13:37:49,307514755259232,浪子鹏☯️,哈哈哈哈哈,[等级31],[粉丝团 Lv10]
2026-05-20 13:37:49,2594487345887303,我有一个梦＊＊,笑死,[等级12],[粉丝团 Lv11]
2026-05-20 13:37:50,76027070900,ㅤㅤ ㅤ,哈哈哈，疯狂暗示,[等级22],[粉丝团 Lv6]
2026-05-20 13:37:50,72354341831,……..,又点人家,[等级13],
2026-05-20 13:37:50,698885077477053,老朱,[捂脸],[等级2],
2026-05-20 13:37:50,103101396018,茶人张哥,让队友给点338子弹,[等级42],[粉丝团 Lv10]
2026-05-20 13:37:50,97600677185,晓乔治ovo,[捂脸][捂脸][捂脸],[等级38],[粉丝团 Lv13]
2026-05-20 13:37:50,1367445777424910,Eucalyptus 🐸,[捂脸][捂脸][捂脸],[等级24],[粉丝团 Lv14]
2026-05-20 13:37:50,22077196930,王豆豆🧚🏻‍♀️,哈哈哈，还不死心,[等级9],[粉丝团 Lv10]
2026-05-20 13:37:50,4468879230241195,我在边界,哈哈哈哈哈哈哈,[等级13],[粉丝团 Lv4]
2026-05-20 13:37:50,103716546861,冬失橙,[看],,
2026-05-20 13:37:50,4188467534758091,蚊子-,[捂脸][捂脸][捂脸][捂脸][捂脸][捂脸],[等级7],[粉丝团 Lv5]
2026-05-20 13:37:50,94161696152,V夏梦,队友不懂事,[等级15],[粉丝团 Lv11]
2026-05-20 13:37:51,4177745799029616,虫虫虫🐛Sakura,哈哈哈哈哈,[等级8],[粉丝团 Lv10]
2026-05-20 13:37:51,79469628090,小飞丨,暗示的我都尴尬了[看],[等级21],[粉丝团 Lv10]
2026-05-20 13:37:51,69375268801,蒿望舒·月澄,哈哈哈,[等级29],[粉丝团 Lv10]
2026-05-20 13:37:52,89964230015,qzuser,听不懂,[等级8],[粉丝团 Lv9]
2026-05-20 13:37:52,68644316727,G红红,听不懂哈哈,[等级24],
2026-05-20 13:37:52,71126905166,抖音小肋手,哈哈哈哈哈,[等级11],[粉丝团 Lv10]
2026-05-20 13:37:52,72907249364,兔子先生,笑死我了,[等级20],[粉丝团 Lv2]
2026-05-20 13:37:52,52243439934,Air_,依旧装聋,[等级20],[粉丝团 Lv10]
2026-05-20 13:37:52,60643375254,八荒来犬,就是不给你,[等级6],
2026-05-20 13:37:52,84959404400,任性baby,空投那里不是还有子弹吗,[等级12],[粉丝团 Lv6]
2026-05-20 13:37:52,110563373639,渐远,我就听不懂,[等级27],
2026-05-20 13:37:52,2308622744555662,小结巴,哈哈,[等级11],[粉丝团 Lv11]
2026-05-20 13:37:52,64059439913,咖啡不要糖,疯狂暗示,[等级19],
2026-05-20 13:37:52,98769317574,记得名字哦2024,点不透呀,[等级7],
2026-05-20 13:37:52,96867427436,小颜う,疯狂暗示[捂脸][捂脸],[等级21],
2026-05-20 13:37:52,3927077882177272,隐昔,这队友没眼力劲,[等级15],[粉丝团 Lv11]
2026-05-20 13:37:53,99998401953,一UU,哈哈哈油盐不进,[等级19],[粉丝团 Lv9]
2026-05-20 13:37:53,99746246528,寶儿姐,哈哈哈哈哈 笑死,[等级12],[粉丝团 Lv9]
2026-05-20 13:37:54,552368103755210,双湖愚夫,油盐不进,[等级5],[粉丝团 Lv2]
2026-05-20 13:37:54,2189880376430734,田心`,[捂脸][捂脸][捂脸][捂脸]一号:我不听,[等级15],[粉丝团 Lv8]
2026-05-20 13:37:54,3519974613733159,至尊宝,根本没反应,[等级9],[粉丝团 Lv10]
2026-05-20 13:37:54,1521339169252423,WY,疯狂暗示,[等级23],[粉丝团 Lv12]
2026-05-20 13:37:54,866032946527787,牛 二,哈哈哈不理你,[等级25],[粉丝团 Lv15]
2026-05-20 13:37:54,1640107378216685,哈哈啊,哈哈哈哈哈,[等级5],[粉丝团 Lv2]
2026-05-20 13:37:54,75960717987,奔狼,[看][看][看]哈哈哈 就是不给你子弹,[等级34],[粉丝团 Lv11]
2026-05-20 13:37:54,1838847804575764,老农民A1,不多就不多呗[捂脸][捂脸][捂脸][捂脸],[等级33],[粉丝团 Lv15]
2026-05-20 13:37:54,99209088779,秋月,[发呆][发呆][发呆][发呆],[等级9],[粉丝团 Lv11]
2026-05-20 13:37:54,100069497328,第二支羽毛,问一号要啊,[等级5],
2026-05-20 13:37:54,3593651276484189,菟丝子,哈哈哈哈哈哈哈，是这样的,[等级8],[粉丝团 Lv9]
2026-05-20 13:37:54,61324676323,爷们,他听不见[呲牙][呲牙][呲牙],[等级10],[粉丝团 Lv11]
2026-05-20 13:37:55,2510896946227307,懒懒的喵星人,哈哈哈,[等级3],[粉丝团 Lv1]
2026-05-20 13:37:55,108825768878,南山居士,你直接让他丢出来，,[等级1],
2026-05-20 13:37:55,95922498387,淡定^_^,队友快分子弹给雅雅,[等级30],[粉丝团 Lv8]
2026-05-20 13:37:55,102469975321,✨名门⭐️,大直男[捂脸][捂脸][捂脸],[等级19],[粉丝团 Lv15]
2026-05-20 13:37:55,2218181602342668,醉在梦里,[捂脸][捂脸][捂脸][捂脸][捂脸],[等级18],
2026-05-20 13:37:55,75341543348,繁花似锦ʊ,哈哈哈，我笑的想死,[等级12],[粉丝团 Lv11]
2026-05-20 13:37:56,111051260753,“小老头”,就是不给你[捂脸][捂脸][捂脸][捂脸],[等级45],[粉丝团 Lv15]
2026-05-20 13:37:56,2021319447952476,谨言,哈哈，这效果拉满了,[等级6],[粉丝团 Lv4]
2026-05-20 13:37:56,874847890575219,陈晓北,这个队友不懂事,[等级3],[粉丝团 Lv3]
2026-05-20 13:37:56,109336122589,♛,[捂脸][捂脸],[等级7],
2026-05-20 13:37:56,85634467775,静尽,想用防雷换子弹[捂脸][捂脸][捂脸],[等级17],[粉丝团 Lv11]
2026-05-20 13:37:56,111024711271,拉萨瑞昌门业,卖了,[等级15],
2026-05-20 13:37:56,87900359390,一个怡,不懂事,[等级10],[粉丝团 Lv4]
2026-05-20 13:37:56,1147514172218188,微 🌈 微,哈哈哈，他没懂得起,[等级17],[粉丝团 Lv10]
2026-05-20 13:37:57,101865971458,盛夏之夜🌱🌱,这个一号不懂事了,[等级14],[粉丝团 Lv8]
2026-05-20 13:37:57,3931487374411662,猴哥,[呲牙][呲牙],[等级10],[粉丝团 Lv10]
2026-05-20 13:37:57,79025218321,MYL,就不接话,[等级17],[粉丝团 Lv12]
2026-05-20 13:37:57,60601800036,羊羊🐑,直接问他,[等级14],
2026-05-20 13:37:57,3134071856970844,晚岑,ADS走的时候不收，会自己回到背包吗,[等级28],[粉丝团 Lv9]
2026-05-20 13:37:58,100500267450,昨日一去不复返,一号不开麦,[等级13],[粉丝团 Lv7]
2026-05-20 13:37:58,110012786240,小猫饼,哈哈哈哈哈,[等级22],[粉丝团 Lv12]
2026-05-20 13:37:58,102246829834,一夜之秋,就不给,[等级11],
2026-05-20 13:37:58,7521394261465859130,🌾🌾🌾炒菜不用郭先生🍎🍊🍉🍌,338要没了[捂脸][捂脸][捂脸],[等级3],[粉丝团 Lv6]
2026-05-20 13:37:58,111152566123,脆脆鲨🍍,队友 我不听[捂脸][捂脸][捂脸],[等级26],[粉丝团 Lv14]
2026-05-20 13:37:58,2665697062160392,哈喽啊啊额个,就不给你，你没有子弹你换枪,[等级11],
2026-05-20 13:37:58,57847163748,叙白,直接问啊,[等级25],[粉丝团 Lv11]
2026-05-20 13:37:58,3537608978206186,醉卧揽星辰,不接招,[等级20],[粉丝团 Lv10]
2026-05-20 13:37:58,72179010645,✨三十六,哈哈,[等级25],[粉丝团 Lv10]
2026-05-20 13:37:58,67868586021,换掉机器人,没药吃,[等级2],
2026-05-20 13:37:59,7512667169890239546,有米老板,打得不好还不知道让物资[捂脸]我打的不好我肯定会让的,,
2026-05-20 13:37:59,59418826694,老巫婆,听不懂，让他噶,[等级33],[粉丝团 Lv14]
2026-05-20 13:37:59,68135922244,水到瞿成,疯狂暗示,[等级11],
2026-05-20 13:37:59,3795156287621927,拾欢,这1号有点那个[捂脸],[等级15],[粉丝团 Lv13]
2026-05-20 13:37:59,2009556901693427,🇨🇳默,奈何别人听不懂,[等级27],[粉丝团 Lv12]
2026-05-20 13:37:59,102526063477,CooKk,这么点他，他还不懂事,[等级15],[粉丝团 Lv13]
2026-05-20 13:38:00,61324676323,爷们,[捂脸][捂脸],[等级10],[粉丝团 Lv11]
2026-05-20 13:38:00,1113175283735037,疼,给他演了,[等级7],[粉丝团 Lv8]
2026-05-20 13:38:00,68237756614,陈山野🌈🌈🌈🌈,听不懂斯密达[看],[等级15],[粉丝团 Lv8]
2026-05-20 13:38:00,2395184081945055,忙里偷闲⁵¹⁰⁷⁴,子弹不多了[呲牙][呲牙][呲牙][呲牙][呲牙],[等级29],[粉丝团 Lv15]
2026-05-20 13:38:00,105095818630,涂涂,[捂脸][捂脸][捂脸][捂脸][捂脸],[等级7],
2026-05-20 13:38:00,1275031857935352,熙晓汁,直接点,[等级3],
2026-05-20 13:38:00,69742604573,雾里看晨曦,你直接让他给 哈哈哈哈,[等级26],[粉丝团 Lv13]
2026-05-20 13:38:00,1201130986275271,花火,说明呗,[等级2],
2026-05-20 13:38:00,53585055199,至尊宝儿,他故意听不懂,[等级14],
2026-05-20 13:38:01,55159220102,BWRZ（记录美好）,就是就是,[等级36],[粉丝团 Lv16]
2026-05-20 13:38:01,94162023494,盖七七,完全不理你这茬[尬笑][尬笑][尬笑],[等级18],[粉丝团 Lv10]
2026-05-20 13:38:01,96613901638,王桂涛,等一下，直接舔他的包。,[等级7],[粉丝团 Lv2]
2026-05-20 13:38:01,835228061934319,🌴9527,他懂，就是不给[捂脸],[等级22],[粉丝团 Lv10]
2026-05-20 13:38:01,107705067722,凯@炫,懂不起[呲牙],[等级20],[粉丝团 Lv10]
2026-05-20 13:38:01,2137080181565901,落尘,烟嘎他,[等级11],
2026-05-20 13:38:01,2977910733944259,苍海一声笑,够了,[等级14],[粉丝团 Lv6]
2026-05-20 13:38:01,101745007860,এ⁵²º᭄沉默,不懂事这1号,[等级12],[粉丝团 Lv10]
2026-05-20 13:38:01,3593651276484189,菟丝子,哈哈哈哈哈,[等级8],[粉丝团 Lv9]
2026-05-20 13:38:01,74393086871,花开忘忧,不上套[捂脸],[等级8],[粉丝团 Lv9]
2026-05-20 13:38:02,99049143910,杨🐏,哈哈，，不搭理你[捂脸][捂脸]尴尬 ma,[等级16],[粉丝团 Lv7]
2026-05-20 13:38:02,98714916130,心碎_也完美、,听不懂暗示,[等级11],[粉丝团 Lv9]
2026-05-20 13:38:02,99123048958,小姚说,这哪是暗示，这都明示了,[等级24],[粉丝团 Lv13]
2026-05-20 13:38:03,82841837313,無ꦿꦁ限໑期待࿐,哈哈哈哈，人家懂了，就是装晕而已,[等级29],[粉丝团 Lv9]
2026-05-20 13:38:03,69548163534,原来是圆圆呀,直接说,[等级9],
2026-05-20 13:38:03,69656856233,无名小卒PLA,还在提示,[等级23],[粉丝团 Lv11]
2026-05-20 13:38:03,66627989500,君君啊,二号又没有,[等级7],[粉丝团 Lv10]
2026-05-20 13:38:03,22415580083835,苹果,直接要点吧！,[等级18],
2026-05-20 13:38:03,59803129309,一只小陽yu.（必发财版）,疯狂明示,[等级21],[粉丝团 Lv13]
2026-05-20 13:38:03,4400711738863848,相伴$不$将就,哈哈哈哈，黑话听不懂啊🤣,[等级23],[粉丝团 Lv3]
2026-05-20 13:38:03,102292532517,哥不帅,批发ADS,[等级2],[粉丝团 Lv6]
2026-05-20 13:38:03,63332449290,自由￰,？？？,[等级29],[粉丝团 Lv15]
2026-05-20 13:38:04,68836194860,彩虹糖,哈哈要送啥好的，想要啥不给,[等级32],[粉丝团 Lv10]
2026-05-20 13:38:05,2950740333835965,醒必静（重生版),疯狂暗示[捂脸][捂脸],[等级30],[粉丝团 Lv15]
2026-05-20 13:38:05,470219582866307,忻安,一号把你麦闭了[看],[等级17],[粉丝团 Lv15]
2026-05-20 13:38:05,55159220102,BWRZ（记录美好）,从来都没要过我说白了,[等级36],[粉丝团 Lv16]
2026-05-20 13:38:05,104985348157,嘉年华,要也不会给你的,[等级20],[粉丝团 Lv2]
2026-05-20 13:38:05,440281476904203,小唐人,1号讲那你给我吧 我多呢,[等级6],[粉丝团 Lv2]
2026-05-20 13:38:05,3593651276484189,菟丝子,哈哈哈哈哈哈,[等级8],[粉丝团 Lv9]
2026-05-20 13:38:05,64625641673,快乐人生🦞,队友非得嘎了才给你子弹[捂脸],[等级26],[粉丝团 Lv13]
2026-05-20 13:38:05,1462771062933149,浪浪,我一个小王牌可以一起玩吗？,[等级2],
2026-05-20 13:38:05,103820053518,羽商,队友喊你换枪,[等级14],[粉丝团 Lv2]
2026-05-20 13:38:06,58947331085,唐 某 某～,你这还不是直接要[捂脸],[等级4],[粉丝团 Lv5]
2026-05-20 13:38:06,108825768878,南山居士,命令他,[等级1],
2026-05-20 13:38:06,87243903052,辞川,把他卖了,[等级24],[粉丝团 Lv11]
2026-05-20 13:38:06,2071086839901975,打断瘸子那条好腿,哈哈哈 这队友 没力气啊,[等级19],
2026-05-20 13:38:06,103638952334,🐑安灏,直接说[捂脸],[等级13],[粉丝团 Lv5]
2026-05-20 13:38:07,103919279066,熙一夜,没就没了[捂脸]话这么多，你都说要换枪,[等级14],[粉丝团 Lv13]
2026-05-20 13:38:07,110895971722,一个人挺好…👿,想要就直说，拐弯抹角[捂脸][捂脸],[等级24],[粉丝团 Lv9]
2026-05-20 13:38:07,59185096041,Sunflower,他死了就是你的了,[等级5],
2026-05-20 13:38:07,522988573440222,隐客,想要子弹不说,[等级2],[粉丝团 Lv2]
2026-05-20 13:38:07,111551681754,金马踏清,快去换，队友等子弹呢,[等级11],[粉丝团 Lv6]
2026-05-20 13:38:07,70573976610,石头,八百心眼子[捂脸],[等级3],
2026-05-20 13:38:07,109881104951,372923,[捂脸][捂脸][捂脸][捂脸][捂脸],[等级3],
2026-05-20 13:38:07,102718285717,子宸（地铁逃生）,给你是情分不给是本分[看],[等级15],[粉丝团 Lv10]
2026-05-20 13:38:07,77231644562,壹生输赢、全靠拼,要么装傻，要么就是情商太低了,[等级12],
2026-05-20 13:38:07,92659097921,猫饼,人家不想给你[捂脸],[等级26],[粉丝团 Lv9]
2026-05-20 13:38:08,98061316280,♊凡尘,哎，这小伙子太专注了，啥都听不到[捂脸][捂脸][捂脸],[等级32],[粉丝团 Lv10]
2026-05-20 13:38:09,70800997813,哈哈～,油盐不进,[等级19],[粉丝团 Lv13]
2026-05-20 13:38:09,3303400408884476,快乐小词,这人坏的很 不懂事,[等级24],
2026-05-20 13:38:09,67868586021,换掉机器人,没吃药 没反应,[等级2],
2026-05-20 13:38:09,100500267450,昨日一去不复返,卖了他就有了,[等级13],[粉丝团 Lv7]
2026-05-20 13:38:10,2453710496082551,星辰,[捂脸][捂脸][捂脸],[等级16],[粉丝团 Lv1]
2026-05-20 13:38:10,69744655621,满山的猴子我腚最红❤,假装听不懂,[等级5],
2026-05-20 13:38:10,69327839525,🌈🏀Duang,不懂事这人,[等级16],
2026-05-20 13:38:10,62542915117,陪我看海吗,这人一看就不机灵,[等级15],[粉丝团 Lv12]
2026-05-20 13:38:10,108825768878,南山居士,不是要,[等级1],
2026-05-20 13:38:10,3593651276484189,菟丝子,哈哈哈哈哈哈哈，笑死我了,[等级8],[粉丝团 Lv9]
2026-05-20 13:38:11,104020958158,荌伱,😂,[等级20],[粉丝团 Lv10]
2026-05-20 13:38:11,55159220102,BWRZ（记录美好）,不能太直白[看],[等级36],[粉丝团 Lv16]
2026-05-20 13:38:12,7597413643777770545,哭哭马,队友，你直接叫我名字呗[捂脸][捂脸][捂脸][捂脸],[等级14],
2026-05-20 13:38:12,93008478857,岁岁年.,他听不懂,[等级4],
2026-05-20 13:38:13,100328704220,🧸.,等他自己死,[等级38],
2026-05-20 13:38:13,102057833976,就事论事,主要是咱们的套路他们也听不懂啊,[等级7],[粉丝团 Lv9]
2026-05-20 13:38:13,1257437656002798,某某.,都骗的,[等级34],[粉丝团:张君雅 Lv16]
2026-05-20 13:38:13,7521394261465859130,🌾🌾🌾炒菜不用郭先生🍎🍊🍉🍌,哎！就是听不懂[捂脸][捂脸][捂脸],[等级3],[粉丝团 Lv6]
2026-05-20 13:38:13,2510896946227307,懒懒的喵星人,无限暗示,[等级3],[粉丝团 Lv1]
2026-05-20 13:38:13,310488211662580,🔔宝藏,真木头啊[捂脸][捂脸][捂脸],[等级7],[粉丝团 Lv10]
2026-05-20 13:38:14,104020958158,荌伱,520快乐,[等级20],[粉丝团 Lv10]
2026-05-20 13:38:14,110133575047,阳,炸死他,[等级1],[粉丝团 Lv2]
2026-05-20 13:38:14,3593651276484189,菟丝子,哈哈哈哈哈哈哈,[等级8],[粉丝团 Lv9]
2026-05-20 13:38:14,4468879230241195,我在边界,找哥都给你,[等级13],[粉丝团 Lv4]
2026-05-20 13:38:15,1684045287654680,当幸福来敲门,“还有雷么”,,
2026-05-20 13:38:15,108366254585,雲,你叫他去拿狗砸啊，把338给你的,[等级9],[粉丝团 Lv7]
2026-05-20 13:38:15,97600677185,晓乔治ovo,直男听不懂,[等级38],[粉丝团 Lv13]
2026-05-20 13:38:15,99746246528,寶儿姐,他装聋作哑,[等级12],[粉丝团 Lv9]
2026-05-20 13:38:15,840493498901248,小强爱说笑话,你不要只求,[等级3],[粉丝团 Lv5]
2026-05-20 13:38:15,99036159387,乐之,被无视[捂脸],[等级16],[粉丝团 Lv4]
2026-05-20 13:38:15,105995130455,纆,假装听不懂系列[捂脸][捂脸],[等级37],[粉丝团 Lv6]
2026-05-20 13:38:16,105163258998,时间.未来,你在点谁[捂脸],[等级12],[粉丝团 Lv11]
2026-05-20 13:38:16,96613901638,王桂涛,等下直接舔他的包。,[等级7],[粉丝团 Lv2]
2026-05-20 13:38:17,101453633735,一个坏坏的大叔,不上当，就是不给你子弹,[等级35],
2026-05-20 13:38:17,71126905166,抖音小肋手,都是队友不要的[捂脸],[等级11],[粉丝团 Lv10]
2026-05-20 13:38:17,95507451318,溪鱼,委婉的暗示,[等级17],[粉丝团 Lv10]
2026-05-20 13:38:17,4139034352817720,舅舅,就是就是,[等级1],[粉丝团 Lv5]
2026-05-20 13:38:17,98732410346,熟悉陌路,这个人不懂女人[捂脸][捂脸][捂脸][捂脸][捂脸][捂脸][捂脸][捂脸][捂脸][捂脸],[等级24],[粉丝团 Lv11]
2026-05-20 13:38:17,109940465895,流年那么伤,这句话只有云南人才听得懂,[等级16],
2026-05-20 13:38:17,694524552152752,呮浗逍滛亾迣簡,爱给不给,[等级17],
2026-05-20 13:38:17,2294045516499104,嘟,局哥：？,[等级13],[粉丝团 Lv10]
2026-05-20 13:38:17,103820053518,羽商,今天遇到的不情愿,[等级14],[粉丝团 Lv2]
2026-05-20 13:38:17,896828231649432,修缘,[捂脸][捂脸][捂脸][捂脸][捂脸]你说啥，听不懂,,
2026-05-20 13:38:19,2137080181565901,落尘,演嘎他，子弹就是你的了,[等级11],
2026-05-20 13:38:19,4046644367077262,来此生玩一趟,听懂了，不想给,[等级18],[粉丝团 Lv9]
2026-05-20 13:38:19,97208398849,潮汐潮落,你会求啊[捂脸],[等级24],
2026-05-20 13:38:20,3831165666985047,过,主打的就是脸皮薄,[等级11],
2026-05-20 13:38:20,60861902965,👫大手牵小手👫,全靠自觉,[等级12],[粉丝团 Lv4]
2026-05-20 13:38:21,2728330916797451,天空1994,[黑脸][黑脸]渣女重来不主动不拒绝,[等级5],[粉丝团 Lv6]
2026-05-20 13:38:22,2538095959868720,不忘初心！！,都是直接抢,[等级10],[粉丝团 Lv7]
2026-05-20 13:38:22,92321161027,刘早早,除非他是局哥,[等级11],[粉丝团 Lv10]
2026-05-20 13:38:22,2665668134570216,蒙奇D路飞,不懂事。等下把队友灭了，你舔他的包就好。,[等级5],[粉丝团 Lv4]
2026-05-20 13:38:23,23671175128,◔.̮◔ 咻～,分不清大小王，子弹不给大腿啊，一个劲喊大腿牛逼,[等级19],[粉丝团 Lv7]
2026-05-20 13:38:23,97079981550,环游攻略,338在1号手里,[等级2],
2026-05-20 13:38:23,96752700520,胭脂沾染了灰,心甘情愿,[等级14],
2026-05-20 13:38:23,59133158910,初云子空,一般都是抢。,[等级10],[粉丝团 Lv6]
2026-05-20 13:38:23,764858599219059,⭐️人王疋虫⭐️⁵¹⁰⁷⁴,我爱播就是这样，不拿粉丝一针一线,[等级34],[粉丝团 Lv16]
2026-05-20 13:38:24,64352008185,林较瘦,不拿队友一针一线,[等级12],[粉丝团 Lv6]
2026-05-20 13:38:25,1838847804575764,老农民A1,估计队友不知道338用什么子弹[捂脸][捂脸][捂脸][捂脸],[等级33],[粉丝团 Lv15]
2026-05-20 13:38:25,93919569729,石头哥,对对对   ，说的对,[等级26],[粉丝团 Lv12]
2026-05-20 13:38:26,729716669298766,山上雪,队友:你去换枪吧，我们帮你架枪,[等级15],[粉丝团 Lv13]
2026-05-20 13:38:26,108969811570,誓言,张君雅从不求人,[等级14],[粉丝团 Lv7]
2026-05-20 13:38:27,2933143326688360,行者,这货肯定没女朋友，不会心疼人啊！[捂脸][捂脸][捂脸][捂脸][呲牙],[等级26],[粉丝团 Lv6]
2026-05-20 13:38:27,3500475588290631,Lw😜,队友：，子弹不多，那你就换把枪吧[看][看][看],[等级18],[粉丝团 Lv14]
2026-05-20 13:38:27,103623410647,Mr  Zᴳᵀ兜里只有叁拾,我给你 我的人都给你,[等级31],[粉丝团 Lv6]
2026-05-20 13:38:28,68387073625,权娃的彩色电影,把四川话都憋出来了,[等级8],
2026-05-20 13:38:28,109110487589,M💞,尴尬的脚趾抠大平层[捂脸],[等级4],
2026-05-20 13:38:29,71126905166,抖音小肋手,@哈哈哈哈哈 谢谢老板,[等级11],[粉丝团 Lv10]
2026-05-20 13:38:29,69596041735,心，无处安放,装傻,[等级13],
2026-05-20 13:38:29,4336085341316141,青衫客,你不直说，他装傻,[等级32],[粉丝团 Lv3]
2026-05-20 13:38:29,96613901638,王桂涛,等一下，直接舔他的包。,[等级7],[粉丝团 Lv2]
2026-05-20 13:38:29,2172229561625960,好嗨哟,换九砸呀,[等级25],[粉丝团 Lv13]
2026-05-20 13:38:30,3544449118126824,爱吃醋的李,@哈哈哈哈哈 感谢大哥,[等级25],[粉丝团 Lv11]
2026-05-20 13:38:30,2035922994732268,付甲一方,用燃烧瓶烧死他[捂脸],[等级15],
2026-05-20 13:38:30,88189479440,三宝哥🐟🐟🐟,你天天晚上都要,[等级23],[粉丝团 Lv5]
2026-05-20 13:38:31,2225840805381572,不语,他倒了别救，捡盒子[捂脸][捂脸],[等级14],
2026-05-20 13:38:31,3900657544474635,不换,真是懂不起板眼场,[等级15],
2026-05-20 13:38:31,109391294858,独行客,[捂脸][捂脸][捂脸][捂脸][捂脸][捂脸][捂脸][捂脸],[等级11],[粉丝团 Lv9]
2026-05-20 13:38:31,62409659926,浩冉睡不醒,你要是当官，那得贪多少,[等级18],[粉丝团 Lv6]
2026-05-20 13:38:31,78749723937,肥陈,要过，要关注[捂脸],[等级2],[粉丝团 Lv1]
2026-05-20 13:38:31,97004479072,南宁VG,听不懂[捂脸][捂脸][捂脸][捂脸]听不懂,[等级2],[粉丝团 Lv5]
2026-05-20 13:38:32,77405487098,此木非良🍂,他就没局哥懂事了哦[看],[等级1],
2026-05-20 13:38:33,105226080011,爱你不变,这车早就有,[等级21],[粉丝团 Lv2]
2026-05-20 13:38:33,103959649399,涵,要一点没关系啊他们也没开枪,[等级8],[粉丝团 Lv2]
2026-05-20 13:38:33,110563373639,渐远,队友：她在叽里咕噜的说啥呢,[等级27],
2026-05-20 13:38:34,1799236215641039,静以生慧,那次你求着我要，我就不给！让你难受,,
2026-05-20 13:38:34,97763433901,空明溯流光,队友：这人嘴好碎,[等级15],[粉丝团 Lv9]
2026-05-20 13:38:34,111551681754,金马踏清,队友就等你换枪呢,[等级11],[粉丝团 Lv6]
2026-05-20 13:38:34,51665737238,乃刀,就说今天是不是你生日吧,[等级14],[粉丝团 Lv11]
2026-05-20 13:38:36,96873931592,相识就是缘分,你这话说的就快直接要了,[等级31],[粉丝团 Lv10]
2026-05-20 13:38:37,1398189894926392,@  二爷,队友想你换枪把子弹给他呢,[等级9],
2026-05-20 13:38:38,2137080181565901,落尘,继承他的遗产,[等级11],
2026-05-20 13:38:39,105008108837,辻弍,520快乐,[等级13],[粉丝团 Lv12]
2026-05-20 13:38:43,4396317798323683,杭州  云南男模,不说不给很正常,[等级2],
2026-05-20 13:38:43,75768454055,🐸。,还是得猫局懂你,[等级5],
2026-05-20 13:38:44,4400711738863848,相伴$不$将就,暗示不行就来明的,[等级23],[粉丝团 Lv3]
2026-05-20 13:38:45,2238239079928174,身份暴露了,都是明示，暗示队友听不懂[捂脸],[等级16],[粉丝团 Lv12]
2026-05-20 13:38:48,1037543387957671,春冯得意,跟他说空投里有狗杂,[等级27],[粉丝团 Lv13]
2026-05-20 13:38:49,62979936380,小刁,这车一直都在,[等级6],[粉丝团 Lv6]
2026-05-20 13:38:49,79809231750,汽车维修改装,一个以为会挽留，一个以为不会走[捂脸][捂脸][捂脸][捂脸][捂脸][捂脸][捂脸][捂脸],[等级20],[粉丝团 Lv6]
2026-05-20 13:38:51,2395184081945055,忙里偷闲⁵¹⁰⁷⁴,这都点脑门上明示了[捂脸][捂脸][捂脸],[等级29],[粉丝团 Lv15]
2026-05-20 13:38:54,80950817911,锋,好几天没过生日了,[等级14],[粉丝团 Lv11]
2026-05-20 13:38:54,4222545561409391,🫧江湖·内向少爷,主播520快乐·用的是什么型号平板电脑,[等级13],
2026-05-20 13:38:57,276705423134947,爷们要战斗,死亡3号位,[等级6],[粉丝团 Lv7]
2026-05-20 13:38:58,1736825088772540,月光的折射,都是别人心甘情愿跪地舔你，我又知道了[捂脸],[等级18],
2026-05-20 13:38:58,98714916130,心碎_也完美、,1号，给点338子弹,[等级11],[粉丝团 Lv9]
2026-05-20 13:38:59,75341543348,繁花似锦ʊ,维特儿快来，我笑拉了,[等级12],[粉丝团 Lv11]
2026-05-20 13:39:02,1638718967654302,🍌,弹弓不会用咋办,[等级33],
2026-05-20 13:39:04,73133140989,行稳致远,对都是送上门的,[等级31],[粉丝团 Lv15]
2026-05-20 13:39:05,92705060361,肖王子,弓是不是有设置呀,[等级24],
2026-05-20 13:39:08,1491408217449823,桃只i,一直都有啊 我都看见了[捂脸],[等级9],[粉丝团 Lv5]
2026-05-20 13:39:08,66060209533,不会消失的夜晚,这大机关枪比人都高,[等级23],[粉丝团 Lv1]
2026-05-20 13:39:10,440281476904203,小唐人,1号说给他吧 他多,[等级6],[粉丝团 Lv2]
2026-05-20 13:39:17,77416951506,ら孤痞,@哈哈哈哈哈 谢谢,[等级37],[粉丝团 Lv17]
2026-05-20 13:39:18,95115965858,Y☜☜P,人家玩这么多局很少拿到空投枪，要爽一下,[等级25],
2026-05-20 13:39:19,7639271547475264549,🚬᭄乖不如野꧔,[捂脸],,
2026-05-20 13:39:21,4375697175361117,御,老黑到晚上才会说我要。。。,[等级4],[粉丝团 Lv3]
2026-05-20 13:39:25,92294124549,空^〇^白,这些坑都是平的[捂脸][捂脸][捂脸][捂脸],[等级6],[粉丝团 Lv6]
2026-05-20 13:39:27,55159220102,BWRZ（记录美好）,[大笑][偷笑][大笑][偷笑][大笑][偷笑],[等级36],[粉丝团 Lv16]
2026-05-20 13:39:29,71126905166,抖音小肋手,[捂脸][捂脸],[等级11],[粉丝团 Lv10]
2026-05-20 13:39:30,2137080181565901,落尘,好了,[等级11],
2026-05-20 13:39:31,103919279066,熙一夜,有子弹了,[等级14],[粉丝团 Lv13]
2026-05-20 13:39:33,51782197378,爱哭的鱼…,有子弹了,[等级34],[粉丝团:张君雅 Lv15]
2026-05-20 13:39:34,96907518366,໑ຼ᭄淡༄蓝°ꦿ,好了！子弹来了,[等级30],[粉丝团 Lv12]
2026-05-20 13:39:34,102057833976,就事论事,别救别救子弹来了，子弹来了,[等级7],[粉丝团 Lv9]
2026-05-20 13:39:34,4336085341316141,青衫客,有指弹了,[等级32],[粉丝团 Lv3]
2026-05-20 13:39:35,95507451318,溪鱼,舔她的338,[等级17],[粉丝团 Lv10]
2026-05-20 13:39:35,70873534444,Sayhi,🈶子弹了,[等级10],[粉丝团 Lv7]
2026-05-20 13:39:35,70997893608,欲成大树,子弹来了,[等级9],
2026-05-20 13:39:36,2137080181565901,落尘,继承遗产,[等级11],
2026-05-20 13:39:38,55159220102,BWRZ（记录美好）,[偷笑][嘘]这你找谁说理去,[等级36],[粉丝团 Lv16]
2026-05-20 13:39:41,59133158910,初云子空,有子弹了，有子弹了。,[等级10],[粉丝团 Lv6]
2026-05-20 13:39:41,75960717987,奔狼,[看][看][看]一号噶了 舔他包,[等级34],[粉丝团 Lv11]
2026-05-20 13:39:41,75705942844,零度%,这不338子弹就来了吗？,[等级18],
2026-05-20 13:39:44,101406475985,了无痕（做人要善良）,哈哈哈哈说中了吧,[等级30],[粉丝团 Lv10]
2026-05-20 13:39:46,431480235107895,୧⍤⃝柒叔,有子弹了,[等级28],[粉丝团 Lv9]
2026-05-20 13:39:50,2984502456237699,汪汪小汪,你先趴这,[等级32],[粉丝团 Lv15]
2026-05-20 13:39:52,77385139418,🤠,这就是卖了[捂脸][捂脸][捂脸][捂脸],[等级19],
2026-05-20 13:39:55,96907518366,໑ຼ᭄淡༄蓝°ꦿ,让1号爬过来！,[等级30],[粉丝团 Lv12]
2026-05-20 13:39:59,55159220102,BWRZ（记录美好）,你看看你们 你们注意一点 我说白了[偷笑][嘘],[等级36],[粉丝团 Lv16]
2026-05-20 13:39:59,1543327338990916,桐心薇泯,不会用🐶吗,[等级3],
2026-05-20 13:40:02,75960717987,奔狼,[看][看]别救 子弹就有了,[等级34],[粉丝团 Lv11]
2026-05-20 13:40:02,52243439934,Air_,快把一号补了,[等级20],[粉丝团 Lv10]
2026-05-20 13:40:06,69656856233,无名小卒PLA,子弹来了,[等级23],[粉丝团 Lv11]
2026-05-20 13:40:07,1003205268617283,左右言它,[捂脸][捂脸][捂脸][捂脸],[等级25],[粉丝团 Lv8]
2026-05-20 13:40:07,1638718967654302,🍌,主播太有实力了,[等级33],
2026-05-20 13:40:08,166755798352590,爱的那张脸,哈哈哈,,
2026-05-20 13:40:08,99372859314,启  夏,[捂脸][捂脸][捂脸],[等级25],[粉丝团 Lv15]
2026-05-20 13:40:09,59181412130,持酒劝斜阳🦢,哈哈哈哈,[等级27],
2026-05-20 13:40:09,101515984152,七 安,[捂脸][捂脸][捂脸][捂脸],[等级16],[粉丝团 Lv7]
2026-05-20 13:40:09,56505883242,Fara,一号还不给子弹[捂脸],[等级15],[粉丝团 Lv12]
2026-05-20 13:40:09,716523334534366,哇呜💋,哈哈哈哈哈,[等级15],[粉丝团 Lv12]
2026-05-20 13:40:09,1046374607756734,@你,哈哈哈哈,[等级27],[粉丝团 Lv11]
2026-05-20 13:40:09,4165407898869996,每天对被子表白,[捂脸][捂脸][捂脸],[等级5],[粉丝团 Lv2]
2026-05-20 13:40:10,1733245766479991,等春微醺时,哈哈,[等级34],
2026-05-20 13:40:10,1813522550367722,用户11649013804,哈哈哈哈,,
2026-05-20 13:40:10,92461848227,煜,[捂脸][捂脸][捂脸],[等级13],[粉丝团 Lv11]
2026-05-20 13:40:10,68237756614,陈山野🌈🌈🌈🌈,[捂脸][捂脸][捂脸][捂脸],[等级15],[粉丝团 Lv8]
2026-05-20 13:40:10,97873254852,没有月儿的夜,快献祭一下子弹,[等级9],
2026-05-20 13:40:10,4233546532927219,🉑🈶🉑🈚,[捂脸][尬笑][捂脸][尬笑][捂脸][尬笑],[等级20],[粉丝团 Lv10]
2026-05-20 13:40:10,2189880376430734,田心`,[捂脸][捂脸][捂脸][捂脸],[等级15],[粉丝团 Lv8]
2026-05-20 13:40:10,60264729101,小敏子吖,哈哈哈,[等级9],
2026-05-20 13:40:10,11805950518,深情（张君雅助理）,一号有338[捂脸],[等级39],[粉丝团:张君雅 Lv18]
2026-05-20 13:40:10,71126905166,抖音小肋手,暗示,[等级11],[粉丝团 Lv10]
2026-05-20 13:40:11,3795156287621927,拾欢,[捂脸][捂脸][捂脸],[等级15],[粉丝团 Lv13]
2026-05-20 13:40:11,2507346480214990,画春山,哈哈哈,[等级20],[粉丝团 Lv8]
2026-05-20 13:40:12,99167459027,哎呦喂,卧槽哈哈哈哈,[等级18],[粉丝团 Lv11]
2026-05-20 13:40:12,7521394261465859130,🌾🌾🌾炒菜不用郭先生🍎🍊🍉🍌,没子弹了[捂脸][捂脸][捂脸],[等级3],[粉丝团 Lv6]
2026-05-20 13:40:12,95574513391,不会踢球的七号,[看],[等级8],
2026-05-20 13:40:12,7495203789020988475,疏辞,听不懂,[等级1],
2026-05-20 13:40:12,88745690242,iiii,给一号死就有子弹了,[等级11],
2026-05-20 13:40:13,470219582866307,忻安,哎呀，怎么一号没死[看],[等级17],[粉丝团 Lv15]
2026-05-20 13:40:13,101094843998,『🐒🐒』,[捂脸][捂脸][捂脸][捂脸][捂脸],[等级19],[粉丝团 Lv12]
2026-05-20 13:40:13,3909493403432155,菜狗扎克,终于开口,[等级8],
2026-05-20 13:40:13,95980960546,顺手牵杨女士🐑,你又来,[等级6],[粉丝团 Lv8]
2026-05-20 13:40:14,101520633570,x,服了[流泪],[等级10],[粉丝团 Lv1]
2026-05-20 13:40:14,4361126745211548,岁安,[捂脸][捂脸][捂脸],,
2026-05-20 13:40:14,75341543348,繁花似锦ʊ,哈哈，又来[捂脸][捂脸],[等级12],[粉丝团 Lv11]
2026-05-20 13:40:14,110432925864,小小卡布达,[捂脸],[等级7],
2026-05-20 13:40:15,1257437656002798,某某.,笑死我了,[等级34],[粉丝团:张君雅 Lv16]
2026-05-20 13:40:15,73133140989,行稳致远,[捂脸][捂脸][捂脸][捂脸],[等级31],[粉丝团 Lv15]
2026-05-20 13:40:15,2172229561625960,好嗨哟,为什么死不是一号,[等级25],[粉丝团 Lv13]
2026-05-20 13:40:16,2282196210295340,🌑🌑🌑,[捂脸][捂脸][捂脸],[等级23],
2026-05-20 13:40:16,7495203789020988475,疏辞,哈哈,[等级1],
2026-05-20 13:40:16,874847890575219,陈晓北,不懂事啊,[等级3],[粉丝团 Lv3]
2026-05-20 13:40:16,6472167828,顺城,[看][呲牙][呲牙][呲牙],[等级22],[粉丝团 Lv15]
2026-05-20 13:40:16,93919569729,石头哥,[捂脸][捂脸][捂脸][捂脸],[等级26],[粉丝团 Lv12]
2026-05-20 13:40:16,4503658257446344,🥐cornetto,麒麟真帅,[等级41],[粉丝团 Lv7]
2026-05-20 13:40:16,77234182341,小星星✰,哈哈哈哈哈,[等级10],
2026-05-20 13:40:16,1006781712047288,我们,继续继续,[等级37],[粉丝团 Lv14]
2026-05-20 13:40:16,241494906912462,……,哈哈哈,[等级20],[粉丝团 Lv2]
2026-05-20 13:40:16,70800997813,哈哈～,哈哈哈哈,[等级19],[粉丝团 Lv13]
2026-05-20 13:40:17,9262762304640,吱屋猪🐷,笑死了😂,[等级39],
2026-05-20 13:40:17,4424893833152766,同友益农副产品配送公司,[捂脸][捂脸][捂脸][捂脸][捂脸],[等级16],[粉丝团 Lv10]
2026-05-20 13:40:17,1656319453963359,🅥  　　    　　　　　　 🪳,子弹有了,[等级6],[粉丝团 Lv4]
2026-05-20 13:40:17,110895971722,一个人挺好…👿,终于开口了[捂脸][捂脸],[等级24],[粉丝团 Lv9]
2026-05-20 13:40:17,99036159387,乐之,哈哈，就是不懂,[等级16],[粉丝团 Lv4]
2026-05-20 13:40:17,2752776078632967,飞飞飞,忍不住了,[等级25],[粉丝团 Lv10]
2026-05-20 13:40:17,59133158910,初云子空,哈哈哈哈,[等级10],[粉丝团 Lv6]
2026-05-20 13:40:17,59300356633,哈哈哈哈嗝儿～,哈哈哈哈,[等级6],[粉丝团 Lv10]
2026-05-20 13:40:17,60643375254,八荒来犬,还是不给你,[等级6],
2026-05-20 13:40:17,1504611799144190,青衫忆旧,[捂脸][捂脸][捂脸][捂脸][捂脸][捂脸],[等级27],[粉丝团 Lv15]
2026-05-20 13:40:18,4486439683240683,枫叶蛊,[捂脸][捂脸][捂脸][捂脸][捂脸],[等级13],[粉丝团 Lv11]
2026-05-20 13:40:18,835228061934319,🌴9527,[捂脸][捂脸][捂脸],[等级22],[粉丝团 Lv10]
2026-05-20 13:40:18,98714916130,心碎_也完美、,哈哈哈,[等级11],[粉丝团 Lv9]
2026-05-20 13:40:19,72380839427,绾情丝,哈哈哈,[等级18],[粉丝团 Lv3]
2026-05-20 13:40:19,59195923933,7.,哈哈哈哈,[等级17],[粉丝团 Lv2]
2026-05-20 13:40:19,522988573440222,隐客,终于要了,[等级2],[粉丝团 Lv2]
2026-05-20 13:40:19,80950817911,锋,不是不要的吗,[等级14],[粉丝团 Lv11]
2026-05-20 13:40:19,60788648224,听夏,哈哈哈哈哈,[等级32],[粉丝团 Lv8]
2026-05-20 13:40:19,104985348157,嘉年华,怎么开口要了？？？？？？,[等级20],[粉丝团 Lv2]
2026-05-20 13:40:19,102469975321,✨名门⭐️,[捂脸][捂脸][捂脸][捂脸],[等级19],[粉丝团 Lv15]
2026-05-20 13:40:19,101938406390,哆隆.,还是要来,[等级7],
2026-05-20 13:40:19,109881104951,372923,[捂脸][捂脸][捂脸][捂脸][捂脸],[等级3],
2026-05-20 13:40:19,3303400408884476,快乐小词,哈哈哈哈哈哈哈,[等级24],
2026-05-20 13:40:19,60734799875,张_,[捂脸],[等级19],[粉丝团 Lv5]
2026-05-20 13:40:19,100056462711,是玲玲吖丶ᥫᩣ,338有子弹了了,[等级29],[粉丝团 Lv8]
2026-05-20 13:40:20,1723651305779751,蜡笔大新,哈哈哈哈哈,[等级11],[粉丝团 Lv8]
2026-05-20 13:40:20,1244249822078139,碎星闪闪,[捂脸][捂脸][捂脸][捂脸][捂脸][捂脸][捂脸][捂脸][捂脸][捂脸],[等级7],[粉丝团 Lv10]
2026-05-20 13:40:20,71566022714,怪野.,[捂脸],[等级7],
2026-05-20 13:40:21,68423550125,Love the way you lie,[捂脸][捂脸][捂脸][捂脸][捂脸][捂脸][捂脸],[等级15],[粉丝团 Lv11]
2026-05-20 13:40:21,11060361656,米汁源果粒陈,那你不讲,[等级3],
2026-05-20 13:40:21,1526537461437975,冰糖炖雪梨🍐,哈哈哈哈,[等级5],[粉丝团 Lv8]
2026-05-20 13:40:21,88259944100,zm,？？？？,[等级2],
2026-05-20 13:40:21,99470859079,人生的味道⁵¹⁰⁷⁴,[捂脸][捂脸][捂脸],[等级13],[粉丝团 Lv12]
2026-05-20 13:40:21,3901515185526603,呀啦索,[捂脸][捂脸][捂脸][捂脸][捂脸][捂脸][捂脸][捂脸][捂脸],[等级6],
2026-05-20 13:40:21,77234182341,小星星✰,我不主动要,[等级10],
2026-05-20 13:40:21,3267352005977800,释怀！,[捂脸][捂脸][捂脸][捂脸][捂脸],[等级20],
2026-05-20 13:40:21,97763433901,空明溯流光,[看],[等级15],[粉丝团 Lv9]
2026-05-20 13:40:21,1271448307776912,用户6569572049043,[呲牙][呲牙][呲牙],,
2026-05-20 13:40:21,106100661665,H.,[捂脸][捂脸],[等级31],[粉丝团 Lv11]
2026-05-20 13:40:21,1945459114393435,·𝑺𝒎𝒊𝒍𝒆✦,哈哈哈,[等级15],[粉丝团 Lv10]
2026-05-20 13:40:21,4165407898869996,每天对被子表白,得偿所愿了,[等级5],[粉丝团 Lv2]
2026-05-20 13:40:22,7597413643777770545,哭哭马,[捂脸][捂脸][捂脸],[等级14],
2026-05-20 13:40:22,61988075528,王者荣耀法师妲己,[捂脸],[等级7],
2026-05-20 13:40:22,2453710496082551,星辰,[捂脸][捂脸][捂脸],[等级16],[粉丝团 Lv1]
2026-05-20 13:40:22,77557527972,🍀,还是张嘴了,[等级18],[粉丝团 Lv5]
2026-05-20 13:40:22,71126905166,抖音小肋手,忍不住啦[捂脸][捂脸][捂脸][捂脸],[等级11],[粉丝团 Lv10]
2026-05-20 13:40:22,79469628090,小飞丨,[看]终于开口了 哈哈哈哈哈哈,[等级21],[粉丝团 Lv10]
2026-05-20 13:40:22,94205687834,噗嗤,[捂脸][捂脸][捂脸][捂脸],[等级34],
2026-05-20 13:40:23,1521339169252423,WY,哈哈哈哈,[等级23],[粉丝团 Lv12]
2026-05-20 13:40:23,118350347777683,孙孙,要了[看],[等级19],[粉丝团 Lv3]
2026-05-20 13:40:23,4468879230241195,我在边界,哈哈哈哈哈哈哈,[等级13],[粉丝团 Lv4]
2026-05-20 13:40:23,101214330177,刘枭,哈哈哈哈😂,[等级18],[粉丝团 Lv5]
2026-05-20 13:40:23,70789661489171,花钱月下•大龙,你看你又急,[等级15],[粉丝团 Lv10]
2026-05-20 13:40:24,382236622073020,小朱佩奇,哈哈哈哈哈,[等级23],
2026-05-20 13:40:24,7521394261465859130,🌾🌾🌾炒菜不用郭先生🍎🍊🍉🍌,笑死了[捂脸][捂脸][捂脸],[等级3],[粉丝团 Lv6]
2026-05-20 13:40:25,2594487345887303,我有一个梦＊＊,[呲牙][呲牙],[等级12],[粉丝团 Lv11]
2026-05-20 13:40:25,102259862239,🐉寒江孤影🐉,[666][666],[等级26],
2026-05-20 13:40:25,59260357003,✨罗某某✨,不是不要的吗,[等级18],[粉丝团 Lv11]
2026-05-20 13:40:25,98714916130,心碎_也完美、,忍不住了,[等级11],[粉丝团 Lv9]
2026-05-20 13:40:25,4230571195640573,好了,疯狂明示,[等级28],
2026-05-20 13:40:25,71091522114,面具,实在扛不住了。,[等级8],
2026-05-20 13:40:26,892413678724877,厌遇,[捂脸][黑脸][捂脸][黑脸][捂脸][黑脸],[等级24],[粉丝团 Lv7]
2026-05-20 13:40:27,52243439934,Air_,哈哈哈哈哈忍不住了,[等级20],[粉丝团 Lv10]
2026-05-20 13:40:28,59751113890,小乖丶,我从来没主动问人要过东西。,[等级19],
2026-05-20 13:40:28,93916328922,村长,一号有狗可以自救的,,
2026-05-20 13:40:28,96857844446,梧 桐,笑死,[等级5],[粉丝团 Lv2]
2026-05-20 13:40:28,71160820369,李先生,明要吗,[等级30],[粉丝团 Lv3]
2026-05-20 13:40:28,101214330177,刘枭,哈哈哈哈哈哈,[等级18],[粉丝团 Lv5]
2026-05-20 13:40:28,102132936397,℡1,直接要了,[等级23],[粉丝团 Lv10]
2026-05-20 13:40:29,1640887381135000,夏天,还是张嘴要了,[等级11],[粉丝团 Lv5]
2026-05-20 13:40:29,101094843998,『🐒🐒』,硬要啊[捂脸][捂脸][捂脸][捂脸][捂脸],[等级19],[粉丝团 Lv12]
2026-05-20 13:40:29,1257437656002798,某某.,天天搞节目效果,[等级34],[粉丝团:张君雅 Lv16]
2026-05-20 13:40:29,69654624609,温棪,一号真水,[等级30],[粉丝团:张君雅 Lv14]
2026-05-20 13:40:29,51665737238,乃刀,不是不明着要吗？,[等级14],[粉丝团 Lv11]
2026-05-20 13:40:29,70323299469,@文周周,问摸人家腰？,[等级16],
2026-05-20 13:40:30,57614644352,腐,旁边有个417,[等级34],[粉丝团 Lv11]
2026-05-20 13:40:31,23671175128,◔.̮◔ 咻～,哈哈哈不明示不行了这是,[等级19],[粉丝团 Lv7]
2026-05-20 13:40:31,70573976610,石头,哈哈哈 如愿了,[等级3],
2026-05-20 13:40:31,3900711457269358,未知,别救啊,,
2026-05-20 13:40:32,4503674630005033,迪,还是开口要了,[等级46],
2026-05-20 13:40:32,1173917712522270,开❤️心,我从不跟人家要东西[呲牙][呲牙][呲牙],[等级6],
2026-05-20 13:40:32,2453710496082551,星辰,从来不问？？？？,[等级16],[粉丝团 Lv1]
2026-05-20 13:40:33,97873254852,没有月儿的夜,得这么明着要才懂，唉不懂事,[等级9],
2026-05-20 13:40:33,97004479072,南宁VG,这下直接要了吧[捂脸],[等级2],[粉丝团 Lv5]
2026-05-20 13:40:33,78211964297,🌈新手上路🌈,不是重来不主动要吗？,[等级14],[粉丝团 Lv11]
2026-05-20 13:40:34,2395184081945055,忙里偷闲⁵¹⁰⁷⁴,真的挑明才有[捂脸][捂脸][捂脸],[等级29],[粉丝团 Lv15]
2026-05-20 13:40:35,58555775036,㞮孞꧔,不是不主动要吗,[等级15],
2026-05-20 13:40:35,99569816302,蝴蝶过山门,从来不要，天天要,[等级20],[粉丝团 Lv8]
2026-05-20 13:40:35,2620829502041767,呼呼,终究还是开口了，哈哈哈哈哈哈哈[捂脸],[等级14],[粉丝团 Lv7]
2026-05-20 13:40:36,82038019322,物是人非,前面说不要这就要上了,[等级18],
2026-05-20 13:40:36,103959649399,涵,终于开口要了哈哈哈急死我了[看],[等级8],[粉丝团 Lv2]
2026-05-20 13:40:37,4077468555678124,七月,怎么要了[戳手手],[等级26],[粉丝团 Lv10]
2026-05-20 13:40:37,7352270236118385726,神秘人,暗示不行明来,,
2026-05-20 13:40:39,2137080181565901,落尘,不救就可以了,[等级11],
2026-05-20 13:40:40,452620019045336,🍀、,[捂脸][捂脸][捂脸][捂脸]太不懂事了队友,[等级11],[粉丝团 Lv10]
2026-05-20 13:40:40,59260357003,✨罗某某✨,不是不开口要吗,[等级18],[粉丝团 Lv11]
2026-05-20 13:40:40,75341543348,繁花似锦ʊ,明示了,[等级12],[粉丝团 Lv11]
2026-05-20 13:40:43,104284064269,月下独酌,硬要明说才给[捂脸][捂脸],[等级18],[粉丝团 Lv11]
2026-05-20 13:40:43,59161987298,猫咪喵,细节 给队友盒子炸个坑,[等级21],[粉丝团 Lv12]
2026-05-20 13:40:43,79809231750,汽车维修改装,总算开口了[捂脸][捂脸][捂脸][捂脸][捂脸][捂脸][捂脸][捂脸][捂脸],[等级20],[粉丝团 Lv6]
2026-05-20 13:40:44,466670364393783,袖下敛青川,从来不开口,[等级14],[粉丝团 Lv1]
2026-05-20 13:40:45,96840313581,香菜*🇨🇳,还不是要了,[等级16],
2026-05-20 13:40:47,75341543348,繁花似锦ʊ,服了，哈哈😂。,[等级12],[粉丝团 Lv11]
2026-05-20 13:40:47,61225125818,发困困困媛.,[捂脸],[等级8],[粉丝团 Lv10]
2026-05-20 13:40:48,92294124549,空^〇^白,2号坑都炸不明白[捂脸]，平坑,[等级6],[粉丝团 Lv6]
2026-05-20 13:40:49,71126905166,抖音小肋手,哈哈哈哈哈哈,[等级11],[粉丝团 Lv10]
2026-05-20 13:40:49,69268051905,ᑋᵉᑊᑊᵒ妞,520快乐520快乐520快乐,[等级12],[粉丝团 Lv7]
2026-05-20 13:40:50,71091522114,面具,再不给就只能献祭了。,[等级8],
2026-05-20 13:40:51,97600677185,晓乔治ovo,啊哎,[等级38],[粉丝团 Lv13]
2026-05-20 13:40:51,75960717987,奔狼,[捂脸][捂脸][捂脸]哈哈 还得救命给了97,[等级34],[粉丝团 Lv11]
2026-05-20 13:40:52,75634525708,༄᭄冰封ꦿᩚ࿐,舍命不舍子弹[看],[等级22],[粉丝团 Lv14]
2026-05-20 13:40:52,3976271353349800,tjut,新赛季？,[等级25],
2026-05-20 13:40:53,98373352228,W！,明要才给你,[等级41],[粉丝团 Lv12]
2026-05-20 13:40:54,51665737238,乃刀,明这要也不给,[等级14],[粉丝团 Lv11]
2026-05-20 13:40:55,2189880376430734,田心`,一号:最后还是没保住我的子弹[捂脸][捂脸],[等级15],[粉丝团 Lv8]
2026-05-20 13:40:56,98246735303,妈妈说名字长才有美女聊天,还有这样要求要子弹的吗[捂脸]要是我以身相许[捂脸],[等级28],[粉丝团 Lv1]
2026-05-20 13:40:56,68189106631,𝑶𝒏𝒆,@嘉年华 那怎么 指望队友打？,[等级30],[粉丝团 Lv10]
2026-05-20 13:41:00,98373352228,W！,暗示不给 哈哈,[等级41],[粉丝团 Lv12]
2026-05-20 13:41:01,101413925636,小富即安,射它呀,[等级24],
2026-05-20 13:41:02,60856252546,文文吖,那不是要  那是收取回报[看][看],[等级14],[粉丝团 Lv12]
2026-05-20 13:41:02,69596041735,心，无处安放,不是不和人要东西吗 咋要子弹啊,[等级13],
2026-05-20 13:41:03,2172229561625960,好嗨哟,拉扯一波怎么不死，老黑心想[捂脸][捂脸][捂脸],[等级25],[粉丝团 Lv13]
2026-05-20 13:41:04,109881104951,372923,这是拿命换的,[等级3],
2026-05-20 13:41:04,4218147940337566,生命因你而火热,这辈子没开口要过？[捂脸],[等级18],[粉丝团 Lv9]
2026-05-20 13:41:04,97004479072,南宁VG,忍了好久了[捂脸][捂脸],[等级2],[粉丝团 Lv5]
2026-05-20 13:41:04,3795156287621927,拾欢,钢铁直男,[等级15],[粉丝团 Lv13]
2026-05-20 13:41:08,4468879230241195,我在边界,这个兄弟不开麦，开麦的时候二号吧,[等级13],[粉丝团 Lv4]
2026-05-20 13:41:12,94205687834,噗嗤,《我不主动要》,[等级34],
2026-05-20 13:41:13,4459224710260348,蝎弹,我从来不管队友要子弹的,[等级28],[粉丝团 Lv12]
2026-05-20 13:41:16,2528510047164747,$仙$,没骨气[捂脸],[等级20],[粉丝团 Lv3]
2026-05-20 13:41:18,51782197378,爱哭的鱼…,不主动给只能要了,[等级34],[粉丝团:张君雅 Lv15]
2026-05-20 13:41:26,109881104951,372923,拿命换子弹,[等级3],
2026-05-20 13:41:36,2172229561625960,好嗨哟,死了死了[捂脸]不救,[等级25],[粉丝团 Lv13]
2026-05-20 13:41:39,55159220102,BWRZ（记录美好）,[偷笑][嘘][偷笑][嘘][偷笑][嘘],[等级36],[粉丝团 Lv16]
2026-05-20 13:41:47,87900359390,一个怡,兄弟你怎么又倒了哈哈哈哈,[等级10],[粉丝团 Lv4]
2026-05-20 13:41:49,108825768878,南山居士,这叫灵活性战术补给，你们一个二个的，难道不吃鸡？,[等级1],
2026-05-20 13:41:50,97730039716,尘染墨轩,菜还菜还费劲,[等级21],[粉丝团 Lv10]
2026-05-20 13:41:55,3909493403432155,菜狗扎克,《死了子弹就都是我的》,[等级8],
2026-05-20 13:41:59,107854769526,@🚬和ꦻ꯭@尚এ:,可蹭听闻海岛悍妇,[等级25],
2026-05-20 13:41:59,55159220102,BWRZ（记录美好）,[一起加油][一起加油][一起加油],[等级36],[粉丝团 Lv16]
2026-05-20 13:42:03,97004479072,南宁VG,给了子弹，救两次,[等级2],[粉丝团 Lv5]
2026-05-20 13:42:05,61291622127,谁还没年轻过⁵¹⁰⁷⁴,老黑这是在教诈骗吗,[等级16],[粉丝团 Lv14]
2026-05-20 13:42:11,7521394261465859130,🌾🌾🌾炒菜不用郭先生🍎🍊🍉🍌,怕你要子弹，他才去旁边的[捂脸][捂脸][捂脸],[等级3],[粉丝团 Lv6]
2026-05-20 13:42:13,55159220102,BWRZ（记录美好）,[一起加油][一起加油][一起加油][一起加油][一起加油][一起加油],[等级36],[粉丝团 Lv16]
2026-05-20 13:42:20,7537565423295415353,杰尼龟🐢,老黑好厉害,[等级37],
2026-05-20 13:42:23,135964883951687,you(^_^)丹,一号最菜,[等级9],
2026-05-20 13:42:23,97873254852,没有月儿的夜,又要踩ads了,[等级9],
2026-05-20 13:42:32,1717895176922240,5G通讯,把包爬过来,,
2026-05-20 13:42:41,2629659676384440,东北小土豆,头脑很清晰,[等级15],[粉丝团 Lv8]
2026-05-20 13:42:43,1638718967654302,🍌,这主播几指这么厉害,[等级33],
2026-05-20 13:42:43,4503658257446344,🥐cornetto,一号你是阿斗吗,[等级41],[粉丝团 Lv7]
2026-05-20 13:42:45,4165407898869996,每天对被子表白,[捂脸][捂脸][捂脸],[等级5],[粉丝团 Lv2]
2026-05-20 13:42:45,166755798352590,爱的那张脸,哈哈哈,,
2026-05-20 13:42:46,55159220102,BWRZ（记录美好）,哇,[等级36],[粉丝团 Lv16]
2026-05-20 13:42:47,98460975967,ەㅤㅤㅤㅤㅤㅤㅤㅤㅤ一个蛋🥚 ㅤㅤㅤㅤ,[捂脸][捂脸][捂脸],[等级34],[粉丝团 Lv10]
2026-05-20 13:42:47,69656856233,无名小卒PLA,啊,[等级23],[粉丝团 Lv11]
2026-05-20 13:42:48,67871513008,一介邪修,哈哈哈,[等级6],
2026-05-20 13:42:48,3500475588290631,Lw😜,哈哈哈哈[捂脸],[等级18],[粉丝团 Lv14]
2026-05-20 13:42:49,1367430987787710,☁️孓㤅☁️,[捂脸][捂脸][捂脸],[等级29],[粉丝团 Lv11]
2026-05-20 13:42:49,2189880376430734,田心`,[捂脸][捂脸][捂脸][捂脸],[等级15],[粉丝团 Lv8]
2026-05-20 13:42:49,71126905166,抖音小肋手,[捂脸][捂脸][捂脸],[等级11],[粉丝团 Lv10]
2026-05-20 13:42:49,101094843998,『🐒🐒』,[捂脸][捂脸][捂脸][捂脸],[等级19],[粉丝团 Lv12]
2026-05-20 13:42:49,76780043828,༦周༣,[捂脸][捂脸][捂脸][捂脸],[等级15],[粉丝团 Lv11]
2026-05-20 13:42:49,95059339815,lutao,演一下吧,[等级2],
2026-05-20 13:42:49,4410845128828888,地狱小魔,哈哈哈哈哈哈哈哈哈,[等级25],[粉丝团 Lv11]
2026-05-20 13:42:50,7443467011387458618,骨阿夫特嫩,[捂脸][捂脸][捂脸],[等级29],
2026-05-20 13:42:50,72380839427,绾情丝,啊,[等级18],[粉丝团 Lv3]
2026-05-20 13:42:50,23671175128,◔.̮◔ 咻～,。。。。,[等级19],[粉丝团 Lv7]
2026-05-20 13:42:50,110012786240,小猫饼,666,[等级22],[粉丝团 Lv12]
2026-05-20 13:42:50,97730039716,尘染墨轩,人机[捂脸],[等级21],[粉丝团 Lv10]
2026-05-20 13:42:51,1556525685934064,wang.,[捂脸][捂脸][捂脸][捂脸][捂脸][捂脸],[等级7],
2026-05-20 13:42:51,80950817911,锋,老六,[等级14],[粉丝团 Lv11]
2026-05-20 13:42:51,61988075528,王者荣耀法师妲己,[捂脸],[等级7],
2026-05-20 13:42:51,3984227810682205,獹獹,[捂脸][捂脸][捂脸][捂脸],[等级8],[粉丝团 Lv4]
2026-05-20 13:42:51,56505883242,Fara,哈哈哈,[等级15],[粉丝团 Lv12]
2026-05-20 13:42:51,97763433901,空明溯流光,[捂脸],[等级15],[粉丝团 Lv9]
2026-05-20 13:42:51,55159220102,BWRZ（记录美好）,啊？,[等级36],[粉丝团 Lv16]
2026-05-20 13:42:51,100627136600,… Mr. 喻 ℡,哈哈哈哈,[等级14],
2026-05-20 13:42:51,3139859134824030,曦糖糖,[捂脸][捂脸][捂脸],[等级26],[粉丝团 Lv14]
2026-05-20 13:42:51,716523334534366,哇呜💋,哈哈哈哈,[等级15],[粉丝团 Lv12]
2026-05-20 13:42:51,110853008719,！,[捂脸][捂脸][捂脸][捂脸][捂脸],[等级26],
2026-05-20 13:42:51,3026275446323543,淡漠,[捂脸][捂脸][捂脸][捂脸][捂脸][捂脸][捂脸],[等级15],
2026-05-20 13:42:51,7429498621357540409,不善言辞,哈哈哈哈哈,[等级22],[粉丝团 Lv14]
2026-05-20 13:42:51,3232205074081816,wendy,[捂脸][捂脸][捂脸],[等级31],
2026-05-20 13:42:52,60291070652,涛哥🆒,[捂脸][捂脸][捂脸][捂脸],[等级21],[粉丝团 Lv15]
2026-05-20 13:42:52,522988573440222,隐客,哈哈,[等级2],[粉丝团 Lv2]
2026-05-20 13:42:52,59133158910,初云子空,1号有子弹喽。,[等级10],[粉丝团 Lv6]
2026-05-20 13:42:52,95507451318,溪鱼,[捂脸][捂脸][捂脸],[等级17],[粉丝团 Lv10]
2026-05-20 13:42:53,104277022731,TA,[捂脸][捂脸],[等级26],
2026-05-20 13:42:53,3927077882177272,隐昔,哈哈哈哈哈哈,[等级15],[粉丝团 Lv11]
2026-05-20 13:42:53,77557527972,🍀,真菜,[等级18],[粉丝团 Lv5]
2026-05-20 13:42:53,99372859314,启  夏,哈哈哈哈[捂脸]还有比你更6的[捂脸],[等级25],[粉丝团 Lv15]
2026-05-20 13:42:53,1794029961617984,酃,[捂脸][捂脸][捂脸],[等级17],[粉丝团 Lv12]
2026-05-20 13:42:53,4468879230241195,我在边界,哈哈哈哈哈哈哈,[等级13],[粉丝团 Lv4]
2026-05-20 13:42:53,4486439683240683,枫叶蛊,[捂脸][捂脸][捂脸][捂脸],[等级13],[粉丝团 Lv11]
2026-05-20 13:42:53,92347013478,逢人不说人间事，便是人间无事人。,哈哈哈,[等级8],
2026-05-20 13:42:53,1271448307776912,用户6569572049043,[呲牙][呲牙][呲牙],,
2026-05-20 13:42:53,1172550470866364,井上月,[捂脸][捂脸][捂脸][捂脸],[等级23],[粉丝团 Lv7]
2026-05-20 13:42:53,896828231649432,修缘,[捂脸][捂脸][捂脸][捂脸][捂脸],,
2026-05-20 13:42:53,3919130987081156,每日读书,[捂脸],[等级13],[粉丝团 Lv1]
2026-05-20 13:42:53,2626059501854419,安禾.,哈哈哈哈哈哈哈哈哈,[等级16],[粉丝团 Lv11]
2026-05-20 13:42:53,4230571195640573,好了,哈哈哈,[等级28],
2026-05-20 13:42:54,104284064269,月下独酌,[捂脸][捂脸][捂脸][捂脸][捂脸],[等级18],[粉丝团 Lv11]
2026-05-20 13:42:55,3117841111319639,游钓、江湖,[捂脸][捂脸][捂脸][捂脸][捂脸][捂脸][捂脸],[等级21],[粉丝团 Lv4]
2026-05-20 13:42:55,75960717987,奔狼,[看][看][看]哈哈哈,[等级34],[粉丝团 Lv11]
2026-05-20 13:42:55,68033173728,Johnny✨⁵¹⁰⁷⁴,[尬笑][尬笑][尬笑],[等级31],[粉丝团 Lv16]
2026-05-20 13:42:55,2488913175525368,大吉大利🍊🌰,哈哈哈哈哈哈哈，喊劈叉了,[等级15],
2026-05-20 13:42:55,4424893833152766,同友益农副产品配送公司,[捂脸][捂脸][捂脸],[等级16],[粉丝团 Lv10]
2026-05-20 13:42:55,835228061934319,🌴9527,老六,[等级22],[粉丝团 Lv10]
2026-05-20 13:42:55,109168681701,仧乆,哈哈,[等级14],
2026-05-20 13:42:55,101628320807,⁰⁴.₁₂杨℘,[捂脸][捂脸],[等级16],[粉丝团 Lv2]
2026-05-20 13:42:55,2538095959868720,不忘初心！！,哈哈,[等级10],[粉丝团 Lv7]
2026-05-20 13:42:56,2493283472772824,四号,哈哈哈,[等级22],
2026-05-20 13:42:56,108814795815,以天之名丨红魔,哈哈哈,[等级16],[粉丝团 Lv1]
2026-05-20 13:42:56,60742527698,☁️☀️🌧️🫧,哈哈哈,[等级29],[粉丝团 Lv10]
2026-05-20 13:42:56,22077196930,王豆豆🧚🏻‍♀️,完了,[等级9],[粉丝团 Lv10]
2026-05-20 13:42:57,50451765750,啤酒的泡沫🐸₁₄₉,[捂脸][捂脸][捂脸],[等级35],[粉丝团 Lv14]
2026-05-20 13:42:57,7597413643777770545,哭哭马,[捂脸][捂脸][捂脸][捂脸],[等级14],
2026-05-20 13:42:57,98061316280,♊凡尘,哈哈哈,[等级32],[粉丝团 Lv10]
2026-05-20 13:42:57,98460975967,ەㅤㅤㅤㅤㅤㅤㅤㅤㅤ一个蛋🥚 ㅤㅤㅤㅤ,[捂脸][捂脸][捂脸],[等级34],[粉丝团 Lv10]
2026-05-20 13:42:57,72380839427,绾情丝,哈哈哈,[等级18],[粉丝团 Lv3]
2026-05-20 13:42:57,71103406993,伊伊♥,[捂脸],[等级20],[粉丝团 Lv1]
2026-05-20 13:42:57,97873254852,没有月儿的夜,这一号逆天,[等级9],
2026-05-20 13:42:57,7549456355062170681,还没想好~,哈哈[捂脸][捂脸][捂脸][捂脸][捂脸][捂脸],,
2026-05-20 13:42:57,101453633735,一个坏坏的大叔,死补,[等级35],
2026-05-20 13:42:57,1081574460239063,🌈我是、打酱油的,大哥，你打一下呀,[等级45],
2026-05-20 13:42:57,3795156287621927,拾欢,[捂脸][捂脸][捂脸],[等级15],[粉丝团 Lv13]
2026-05-20 13:42:57,106100661665,H.,[捂脸][捂脸][捂脸],[等级31],[粉丝团 Lv11]
2026-05-20 13:42:57,3780580646322980,用户9536846721819,[捂脸][捂脸][捂脸],,
2026-05-20 13:42:58,100056462711,是玲玲吖丶ᥫᩣ,[流泪][流泪][流泪][流泪],[等级29],[粉丝团 Lv8]
2026-05-20 13:42:58,58659478378,✌欧耶,[捂脸][捂脸][捂脸],[等级16],
2026-05-20 13:42:58,52243439934,Air_,[捂脸][捂脸][捂脸],[等级20],[粉丝团 Lv10]
2026-05-20 13:42:58,67389127649,ZHang.,[捂脸][捂脸][捂脸][捂脸][捂脸],[等级7],
2026-05-20 13:42:58,81707314655,黎,伏地魔,[等级19],[粉丝团 Lv10]
2026-05-20 13:42:59,39231209870008,唇友谊,吓死了,[等级17],[粉丝团 Lv9]
2026-05-20 13:42:59,109168681701,仧乆,520快乐,[等级14],
2026-05-20 13:42:59,109881104951,372923,[捂脸][捂脸][捂脸][捂脸],[等级3],
2026-05-20 13:42:59,2282196210295340,🌑🌑🌑,哈哈哈哈哈,[等级23],
2026-05-20 13:42:59,2656851222084430,附子炖粉条,脸上趴一个[捂脸][捂脸][捂脸],[等级13],[粉丝团 Lv7]
2026-05-20 13:42:59,74806286247,🌈🌈🌈🌈雪🐟,哈哈,[等级12],[粉丝团 Lv2]
2026-05-20 13:42:59,7521394261465859130,🌾🌾🌾炒菜不用郭先生🍎🍊🍉🍌,[捂脸][捂脸][捂脸],[等级3],[粉丝团 Lv6]
2026-05-20 13:42:59,111007266356,🔱守望w,[捂脸][捂脸][捂脸],[等级29],[粉丝团 Lv15]
2026-05-20 13:42:59,3853110172199261,吃点猫耳朵,好突然,[等级10],[粉丝团 Lv9]
2026-05-20 13:42:59,88952751425,佰事可乐,[捂脸][捂脸][捂脸],[等级31],
2026-05-20 13:42:59,3347394361297940,橙味奶祺🍫,6,[等级19],[粉丝团 Lv8]
2026-05-20 13:43:00,3500475588290631,Lw😜,哈哈哈哈哈六百六十六,[等级18],[粉丝团 Lv14]
2026-05-20 13:43:00,215133797229436,赵哥,死的好，你刚刚在济港把我打了,[等级26],[粉丝团 Lv6]
2026-05-20 13:43:00,78251202955,佳佳👑,人机步,[等级30],[粉丝团 Lv10]
2026-05-20 13:43:00,1638718967654302,🍌,1号给踢了太菜了,[等级33],
2026-05-20 13:43:01,72418533946,𝓜𝓸𝓸,哈哈,[等级7],
2026-05-20 13:43:01,4233546532927219,🉑🈶🉑🈚,啊哈哈哈,[等级20],[粉丝团 Lv10]
2026-05-20 13:43:01,4046644367077262,来此生玩一趟,队友菜的很,[等级18],[粉丝团 Lv9]
2026-05-20 13:43:01,104985348157,嘉年华,大哥，有338子弹了[捂脸][捂脸][捂脸][捂脸][捂脸][捂脸],[等级20],[粉丝团 Lv2]
2026-05-20 13:43:01,4152193852127156,待续,多余救他,[等级1],
2026-05-20 13:43:01,99372859314,启  夏,@🍌 6,[等级25],[粉丝团 Lv15]
2026-05-20 13:43:01,60398879608,修禅,哈哈哈哈,[等级24],
2026-05-20 13:43:02,97600677185,晓乔治ovo,哈哈，这个一号[捂脸],[等级38],[粉丝团 Lv13]
2026-05-20 13:43:02,2035922994732268,付甲一方,[捂脸][捂脸][捂脸],[等级15],
2026-05-20 13:43:03,93593170495,行走的咸鱼,爬过来的吧[捂脸],[等级19],
2026-05-20 13:43:03,74393086871,花开忘忧,[捂脸][捂脸][捂脸][捂脸],[等级8],[粉丝团 Lv9]
2026-05-20 13:43:03,110133575047,阳,[捂脸][捂脸][捂脸],[等级1],[粉丝团 Lv2]
2026-05-20 13:43:03,71126905166,抖音小肋手,1号[捂脸][捂脸][捂脸][捂脸][捂脸],[等级11],[粉丝团 Lv10]
2026-05-20 13:43:03,4431510979222186,妤纯·,可惜可惜[看],[等级5],
2026-05-20 13:43:03,102469975321,✨名门⭐️,黑子说话,[等级19],[粉丝团 Lv15]
2026-05-20 13:43:03,166755798352590,爱的那张脸,人机队友,,
2026-05-20 13:43:03,1744292257731696,王耶河河,666520快乐,[等级13],
2026-05-20 13:43:03,1478159719214247,热心村民,[捂脸][捂脸][捂脸][捂脸][看][看][看][看],[等级15],[粉丝团 Lv9]
2026-05-20 13:43:03,7459959585686701118,陈跃,哈哈哈哈哈😁,[等级2],
2026-05-20 13:43:04,3900711457269358,未知,不该救他,,
2026-05-20 13:43:04,69744655621,满山的猴子我腚最红❤,心眼子被打死了,[等级5],
2026-05-20 13:43:04,530428046355452,不经意亲你一口,哈哈哈,[等级34],[粉丝团 Lv9]
2026-05-20 13:43:04,3519974613733159,至尊宝,卒,[等级9],[粉丝团 Lv10]
2026-05-20 13:43:05,4112604411736253,兔粉妆,六子,[等级15],[粉丝团 Lv10]
2026-05-20 13:43:05,4022473420183417,在烂泥堆里摆烂,哈哈哈哈哈哈,[等级10],
2026-05-20 13:43:05,2172229561625960,好嗨哟,[捂脸][捂脸][捂脸][捂脸],[等级25],[粉丝团 Lv13]
2026-05-20 13:43:05,68423550125,Love the way you lie,[捂脸][捂脸][捂脸][捂脸][捂脸][捂脸],[等级15],[粉丝团 Lv11]
2026-05-20 13:43:05,84059834665,♬,老六怕不怕[呲牙],[等级21],
2026-05-20 13:43:06,77243413347,A杨先生,[捂脸][捂脸][捂脸][捂脸],[等级20],[粉丝团 Lv1]
2026-05-20 13:43:06,98941870733,劉先生,吓我一跳[捂脸][捂脸][捂脸],[等级21],[粉丝团 Lv10]
2026-05-20 13:43:06,2615062345028356,淼淼。,[捂脸],[等级10],[粉丝团 Lv6]
2026-05-20 13:43:07,1596141804983624,桃桃纸&,[捂脸][捂脸][捂脸][捂脸][捂脸],[等级11],[粉丝团 Lv10]
2026-05-20 13:43:07,81498709949,玉楼金阙慵归去,[捂脸][捂脸][捂脸][捂脸][捂脸],[等级12],[粉丝团 Lv6]
2026-05-20 13:43:07,1638718967654302,🍌,一直倒,[等级33],
2026-05-20 13:43:07,111002104161,农夫,被老六打了,[等级1],
2026-05-20 13:43:07,59268849956,Tinᴗgಣ,笑死我了,[等级23],
2026-05-20 13:43:08,55159220102,BWRZ（记录美好）,都摸到近点了 还没有烟 直接看到你[捂脸],[等级36],[粉丝团 Lv16]
2026-05-20 13:43:08,78251202955,佳佳👑,[捂脸],[等级30],[粉丝团 Lv10]
2026-05-20 13:43:08,7549456355062170681,还没想好~,哈哈哈哈哈哈哈哈哈哈,,
2026-05-20 13:43:08,62734391135,涂涂姐、🍻,你开始打到的一个吉利服,[等级6],[粉丝团 Lv9]
2026-05-20 13:43:08,82866810587,꧁抖音小晨꧂,老六,[等级2],
2026-05-20 13:43:08,1244249822078139,碎星闪闪,[捂脸][捂脸][捂脸][捂脸][捂脸][捂脸][捂脸],[等级7],[粉丝团 Lv10]
2026-05-20 13:43:08,3047482674388180,菜场在逃肥鸡,气死了哈哈,[等级20],[粉丝团 Lv9]
2026-05-20 13:43:08,4133804298743262,ZoriY.,哈哈哈哈,[等级6],
2026-05-20 13:43:08,866032946527787,牛 二,解气,[等级25],[粉丝团 Lv15]
2026-05-20 13:43:09,66473740328,『钱』钱钱钱,水开了,[等级12],
2026-05-20 13:43:09,105009570835,盛装看护你！,[发呆][发呆][发呆],[等级17],[粉丝团 Lv1]
2026-05-20 13:43:09,4468879230241195,我在边界,给我老黑气死了,[等级13],[粉丝团 Lv4]
2026-05-20 13:43:09,23671175128,◔.̮◔ 咻～,鸡屁股,[等级19],[粉丝团 Lv7]
2026-05-20 13:43:10,4432834332736103,行走的蜗牛,就很离谱,[等级15],
2026-05-20 13:43:10,431480235107895,୧⍤⃝柒叔,吓我一跳,[等级28],[粉丝团 Lv9]
2026-05-20 13:43:10,2066673565966568,大元,哈哈哈哈哈哈哈哈哈,[等级29],[粉丝团 Lv12]
2026-05-20 13:43:10,1556525685934064,wang.,[捂脸][捂脸][捂脸][捂脸][捂脸]不小心了,[等级7],
2026-05-20 13:43:10,69561938359,米乐ོ,谁家水开了,[等级23],[粉丝团 Lv13]
2026-05-20 13:43:11,7549456355062170681,还没想好~,[捂脸][捂脸][捂脸][捂脸][捂脸][捂脸][捂脸],,
2026-05-20 13:43:11,95638229674,老杨只信老詹头,能救不,[等级22],
2026-05-20 13:43:11,600767341014696,小福星🍬,不打这个跟人机一样的队友,[等级26],[粉丝团 Lv8]
2026-05-20 13:43:11,101406567121,随风^O^,再来一句,[等级14],[粉丝团 Lv1]
2026-05-20 13:43:12,105633835483,醉卧沙场君莫笑,没用的一号,[等级27],[粉丝团 Lv16]
2026-05-20 13:43:12,94459792296,CQ塔塔,吓死了,[等级14],[粉丝团 Lv3]
2026-05-20 13:43:12,55159220102,BWRZ（记录美好）,哇,[等级36],[粉丝团 Lv16]
2026-05-20 13:43:12,99336591699,度余生,1号带你吃鸡,[等级36],[粉丝团 Lv12]
2026-05-20 13:43:12,71091522114,面具,他的命好硬。,[等级8],
2026-05-20 13:43:13,85634467775,静尽,爬过来的,[等级17],[粉丝团 Lv11]
2026-05-20 13:43:13,132393117955975,憨憨的,张妈妈又难受了哈哈,[等级24],
2026-05-20 13:43:14,104284064269,月下独酌,人机队友[捂脸],[等级18],[粉丝团 Lv11]
2026-05-20 13:43:14,4400711738863848,相伴$不$将就,这下一号富裕起来了[捂脸],[等级23],[粉丝团 Lv3]
2026-05-20 13:43:15,7597413643777770545,哭哭马,子弹还回去了[看][看][看],[等级14],
2026-05-20 13:43:15,470219582866307,忻安,一号命硬,[等级17],[粉丝团 Lv15]
2026-05-20 13:43:15,102891214816,清风.💒,摩托车声音,[等级16],[粉丝团 Lv7]
2026-05-20 13:43:15,80352507013,冣乂²⁰²⁶₀₉₂₄,又掉分了,[等级26],[粉丝团 Lv15]
2026-05-20 13:43:15,4410845128828888,地狱小魔,队友含泪舔包[看],[等级25],[粉丝团 Lv11]
2026-05-20 13:43:15,374261632470936,轻斟浅醉,这大哥人机步走的真不错,[等级6],
2026-05-20 13:43:15,98460975967,ەㅤㅤㅤㅤㅤㅤㅤㅤㅤ一个蛋🥚 ㅤㅤㅤㅤ,520快乐520快乐520快乐,[等级34],[粉丝团 Lv10]
2026-05-20 13:43:16,99998401953,一UU,谁家拖拉机开了,[等级19],[粉丝团 Lv9]
2026-05-20 13:43:16,3737933112153927,sherry💕倩倩,吉利服看不见正常,[等级26],[粉丝团 Lv13]
2026-05-20 13:43:16,7512667169890239546,有米老板,看看他,,
2026-05-20 13:43:16,4503674630005033,迪,这队友不得行,[等级46],
2026-05-20 13:43:16,2490864014474267,W小观,老六[发呆],,
2026-05-20 13:43:16,104771855207,旭博,心疼你啊宝宝,[等级26],
2026-05-20 13:43:18,50522768860,圆圆满满,[捂脸][捂脸][捂脸],[等级4],
2026-05-20 13:43:18,100627136600,… Mr. 喻 ℡,这是真急了,[等级14],
2026-05-20 13:43:18,51665737238,乃刀,这下要的都得还给他,[等级14],[粉丝团 Lv11]
2026-05-20 13:43:19,1135133621748335,暗龍,666,[等级14],[粉丝团 Lv1]
2026-05-20 13:43:19,3615668854341518,相逢已是上上签,他在干嘛,,
2026-05-20 13:43:20,93332543630,꧁国宝꧂,暴方言了[捂脸],[等级22],
2026-05-20 13:43:20,559001318458263,在家有病,还舔包,,
2026-05-20 13:43:20,59260357003,✨罗某某✨,被偷了,[等级18],[粉丝团 Lv11]
2026-05-20 13:43:20,2735210901028664,海不曾怀疑夏的蓝,这怎么怪一号,[等级5],
2026-05-20 13:43:20,69648792681,Despacito...,发出发动机声音了,[等级13],[粉丝团 Lv2]
2026-05-20 13:43:21,1257437656002798,某某.,谁家的摩托车,[等级34],[粉丝团:张君雅 Lv16]
2026-05-20 13:43:21,109881104951,372923,这回子弹全回来了[捂脸][捂脸][捂脸][捂脸][捂脸],[等级3],
2026-05-20 13:43:22,95115965858,Y☜☜P,都怪一号为啥去这边[捂脸],[等级25],
2026-05-20 13:43:22,61505796891,✨g.,这个烟 刚好没,[等级14],[粉丝团 Lv1]
2026-05-20 13:43:22,98132649900,优雅的17岁高中生（见过梁博版）,怎么有摩托车声,[等级6],
2026-05-20 13:43:23,3315721701699262,尘埃,大哥，叫大爷都没用,[等级22],
2026-05-20 13:43:23,75341543348,繁花似锦ʊ,哈哈哈,[等级12],[粉丝团 Lv11]
2026-05-20 13:43:24,94557406709,丰镇海龙水果,自救可以起来刚才,[等级17],
2026-05-20 13:43:24,99746246528,寶儿姐,他想继承你的338子弹,[等级12],[粉丝团 Lv9]
2026-05-20 13:43:25,95638229674,老杨只信老詹头,能救不四号,[等级22],
2026-05-20 13:43:25,7433446282470048827,🐳,[捂脸][捂脸][捂脸],[等级45],
2026-05-20 13:43:26,4400711738863848,相伴$不$将就,哈哈,[等级23],[粉丝团 Lv3]
2026-05-20 13:43:26,99961872378,如意hgjgfg,1号马上,[等级21],
2026-05-20 13:43:27,3103246217384480,漫步人生@,河南话都出来了,,
2026-05-20 13:43:28,7512667169890239546,有米老板,看看他,,
2026-05-20 13:43:28,105009570835,盛装看护你！,啊啊啊啊啊啊啊啊啊,[等级17],[粉丝团 Lv1]
2026-05-20 13:43:28,2066675337277655,行者也,你在换弹时，跳的时候。他还在找你呢,[等级16],
2026-05-20 13:43:29,88189479440,三宝哥🐟🐟🐟,338也不用,[等级23],[粉丝团 Lv5]
2026-05-20 13:43:30,892413678724877,厌遇,心地善良张君雅[不失礼貌的微笑][斜眼][不失礼貌的微笑][斜眼][不失礼貌的微笑][斜眼],[等级24],[粉丝团 Lv7]
2026-05-20 13:43:30,108985173018,哇不哇塞,叫他放防雷,[等级15],[粉丝团 Lv4]
2026-05-20 13:43:31,98460975967,ەㅤㅤㅤㅤㅤㅤㅤㅤㅤ一个蛋🥚 ㅤㅤㅤㅤ,[捂脸][捂脸][捂脸],[等级34],[粉丝团 Lv10]
2026-05-20 13:43:34,99961872378,如意hgjgfg,打不过,[等级21],
2026-05-20 13:43:34,50753504147,$王$,毛老六,[等级23],[粉丝团 Lv12]
2026-05-20 13:43:34,101930067804,数个12345,不说话的不要管，这就是教训,[等级4],
2026-05-20 13:43:35,68321738161,给你🌞光,你自救啊，最后流血流死的,[等级15],[粉丝团 Lv8]
2026-05-20 13:43:35,75960717987,奔狼,[看][看]终究子弹还给一号了,[等级34],[粉丝团 Lv11]
2026-05-20 13:43:35,2620829502041767,呼呼,[捂脸][捂脸][捂脸][捂脸][捂脸],[等级14],[粉丝团 Lv7]
2026-05-20 13:43:36,2225840805381572,不语,1号是高手[呲牙][呲牙],[等级14],
2026-05-20 13:43:37,75013120136,悲伤小鬼,哈哈,[等级25],
2026-05-20 13:43:38,4431510979222186,妤纯·,[捂脸],[等级5],
2026-05-20 13:43:39,7639271547475264549,🚬᭄乖不如野꧔,哈哈哈,,
2026-05-20 13:43:39,105633835483,醉卧沙场君莫笑,包嘎的,[等级27],[粉丝团 Lv16]
2026-05-20 13:43:39,78251202955,佳佳👑,不拿338,[等级30],[粉丝团 Lv10]
2026-05-20 13:43:40,4233546532927219,🉑🈶🉑🈚,[捂脸][尬笑][捂脸][尬笑],[等级20],[粉丝团 Lv10]
2026-05-20 13:43:43,7153503791,小刘.,用338啊叫他,[等级2],
2026-05-20 13:43:43,1556525685934064,wang.,1号够呛[捂脸][捂脸][捂脸],[等级7],
2026-05-20 13:43:45,100056462711,是玲玲吖丶ᥫᩣ,还舔,[等级29],[粉丝团 Lv8]
2026-05-20 13:43:45,55159220102,BWRZ（记录美好）,你本来也没他好友[看],[等级36],[粉丝团 Lv16]
2026-05-20 13:43:47,3689574830449950,刘三哥,[捂脸][微笑][捂脸][舔屏][调皮][害羞][尬笑][呲牙][微笑][微笑][捂脸][微笑][捂脸][微笑][捂脸][玫瑰][爱心][比心][赞][666][666][666],[等级27],
2026-05-20 13:43:49,4503658257446344,🥐cornetto,一号如果吃鸡我吃屎,[等级41],[粉丝团 Lv7]
2026-05-20 13:43:51,62977313690,LO,[捂脸][捂脸][捂脸],[等级25],[粉丝团 Lv9]
2026-05-20 13:43:51,3047482674388180,菜场在逃肥鸡,没绷住,[等级20],[粉丝团 Lv9]
2026-05-20 13:43:53,84059834665,♬,终于被制裁了,[等级21],
2026-05-20 13:43:54,3214585681423084,Thorn曼陀罗,？,[等级13],
2026-05-20 13:43:55,98382327569,Z、张,338不用,[等级10],[粉丝团 Lv9]
2026-05-20 13:43:55,210755477308124,Ren@,338不拿,[等级15],
2026-05-20 13:44:03,1838847804575764,老农民A1,队友左右不分,[等级33],[粉丝团 Lv15]
2026-05-20 13:44:03,2506525983899805,平凡,哈哈,[等级6],
2026-05-20 13:44:06,109816191367,不焦虑,[捂脸][捂脸][捂脸][捂脸],[等级15],[粉丝团 Lv11]
2026-05-20 13:44:06,61505796891,✨g.,好呆,[等级14],[粉丝团 Lv1]
2026-05-20 13:44:07,97730039716,尘染墨轩,人机步,[等级21],[粉丝团 Lv10]
2026-05-20 13:44:08,96992796442,💕凉凉⁸⁰⁰⁸,[尬笑],[等级10],[粉丝团 Lv11]
2026-05-20 13:44:09,2563685090330173,Sunny🌈,[捂脸],[等级13],
2026-05-20 13:44:10,59133158910,初云子空,大哥，好呆,[等级10],[粉丝团 Lv6]
2026-05-20 13:44:14,98460975967,ەㅤㅤㅤㅤㅤㅤㅤㅤㅤ一个蛋🥚 ㅤㅤㅤㅤ,[捂脸][捂脸][捂脸],[等级34],[粉丝团 Lv10]
2026-05-20 13:44:14,95059339815,lutao,不要报点，演一下吧 自己嘎了还报点,[等级2],
2026-05-20 13:44:17,109816191367,不焦虑,你急了，你急了，老黑,[等级15],[粉丝团 Lv11]
2026-05-20 13:44:17,96992796442,💕凉凉⁸⁰⁰⁸,老黑躺鸡,[等级10],[粉丝团 Lv11]
2026-05-20 13:44:18,55159220102,BWRZ（记录美好）,精准[看],[等级36],[粉丝团 Lv16]
2026-05-20 13:44:20,470219582866307,忻安,神童[看],[等级17],[粉丝团 Lv15]
2026-05-20 13:44:20,71126905166,抖音小肋手,6666老黑指挥,[等级11],[粉丝团 Lv10]
2026-05-20 13:44:20,7153503791,小刘.,拿338啊兄弟,[等级2],
2026-05-20 13:44:22,55159220102,BWRZ（记录美好）,预测,[等级36],[粉丝团 Lv16]
2026-05-20 13:44:23,78251202955,佳佳👑,[尬笑],[等级30],[粉丝团 Lv10]
2026-05-20 13:44:23,100717923722,老衲法号乱来,338不用？,[等级28],[粉丝团 Lv15]
2026-05-20 13:44:24,68321738161,给你🌞光,自救刚才就可以,[等级15],[粉丝团 Lv8]
2026-05-20 13:44:24,59020009735,🍓甜酒吖🍓,比看老黑还紧张,[等级6],[粉丝团 Lv6]
2026-05-20 13:44:25,39231209870008,唇友谊,换枪啊啊,[等级17],[粉丝团 Lv9]
2026-05-20 13:44:26,132393117955975,憨憨的,他好憨,[等级24],
2026-05-20 13:44:27,97176461425,つ微凉徒眸意浅挚半,打药啊,[等级13],
2026-05-20 13:44:27,96261969310,酒醉人不归,求死,[等级15],[粉丝团 Lv10]
2026-05-20 13:44:28,1638718967654302,🍌,主播厉害会预判,[等级33],
2026-05-20 13:44:31,2490864014474267,W小观,人机队友[发呆][发呆],,
2026-05-20 13:44:33,101413925636,小富即安,左边树,[等级24],
2026-05-20 13:44:33,95320399864,我来抖音逛一逛,你就学吧，高手过招,,
2026-05-20 13:44:33,2563685090330173,Sunny🌈,真超心[呲牙],[等级13],
2026-05-20 13:44:34,68321738161,给你🌞光,没自救最后流血就死了,[等级15],[粉丝团 Lv8]
2026-05-20 13:44:34,87537697860,X🇨🇳,全程蹲着走[捂脸][捂脸],[等级15],[粉丝团 Lv10]
2026-05-20 13:44:36,105633835483,醉卧沙场君莫笑,人机[捂脸][捂脸],[等级27],[粉丝团 Lv16]
2026-05-20 13:44:36,470219582866307,忻安,338不拿哈哈哈,[等级17],[粉丝团 Lv15]
2026-05-20 13:44:36,1118655583631034,未闻花名,哈哈哈哈哈,[等级9],[粉丝团 Lv4]
2026-05-20 13:44:37,71747499339,十 三,换338,[等级21],[粉丝团 Lv10]
2026-05-20 13:44:38,1882778975079199,小抖,叫他拿338,[等级26],
2026-05-20 13:44:38,87900359390,一个怡,听话,[等级10],[粉丝团 Lv4]
2026-05-20 13:44:40,60743243189,浅夏🌿,那是你放的,[等级12],[粉丝团 Lv10]
2026-05-20 13:44:40,59181412130,持酒劝斜阳🦢,哈哈哈哈,[等级27],
2026-05-20 13:44:41,105028180748,🌈🍒好运常在,那不是他的,[等级15],
2026-05-20 13:44:42,3663228569664605,天空无云,@初云子空 呆还不听话,[等级15],[粉丝团 Lv11]
2026-05-20 13:44:42,67853888743,摆烂小鱼𓆜,这不是他的,[等级26],[粉丝团 Lv9]
2026-05-20 13:44:42,2005142166316856,fgg,不掏出338拿破scanl,[等级8],[粉丝团 Lv4]
2026-05-20 13:44:42,93593170495,行走的咸鱼,你放的，他拿不了[捂脸],[等级19],
2026-05-20 13:44:42,64908956615,逐流,那是你放的ADS,[等级17],[粉丝团 Lv9]
2026-05-20 13:44:45,2906750349226743,🌈简单,这是你的他能收吗,[等级23],[粉丝团 Lv2]
2026-05-20 13:44:45,89964230015,qzuser,人机步,[等级8],[粉丝团 Lv9]
2026-05-20 13:44:47,7153503791,小刘.,用338啊，看得我着急,[等级2],
2026-05-20 13:44:48,111007266356,🔱守望w,1号带你吃鸡了[赞][赞][赞],[等级29],[粉丝团 Lv15]
2026-05-20 13:44:48,98460975967,ەㅤㅤㅤㅤㅤㅤㅤㅤㅤ一个蛋🥚 ㅤㅤㅤㅤ,[捂脸][捂脸][捂脸],[等级34],[粉丝团 Lv10]
2026-05-20 13:44:49,100369229181,富贵哥,拿个338跟摆设一样,[等级27],
2026-05-20 13:44:49,68189106631,𝑶𝒏𝒆,走一步教一步[捂脸],[等级30],[粉丝团 Lv10]
2026-05-20 13:44:50,110527293027,【柳哥】,338不用,[等级27],[粉丝团 Lv12]
2026-05-20 13:44:51,100500267450,昨日一去不复返,不是他放的捡不了,[等级13],[粉丝团 Lv7]
2026-05-20 13:44:52,95507451318,溪鱼,大哥紧张的要死,[等级17],[粉丝团 Lv10]
2026-05-20 13:44:52,69656856233,无名小卒PLA,他没子弹了,[等级23],[粉丝团 Lv11]
2026-05-20 13:44:55,4146955994276195,我的个乖乖,这是你放的防雷,[等级20],[粉丝团 Lv8]
2026-05-20 13:44:55,12806016778,网友Q先生,战神指挥官,[等级24],
2026-05-20 13:44:56,93032203992,秀儿⁵¹⁰⁷⁴,[捂脸],[等级19],[粉丝团 Lv12]
2026-05-20 13:44:57,100245170998,是杰瑞吖,人机,[等级23],
2026-05-20 13:44:57,4165407898869996,每天对被子表白,这大鸡腿[捂脸][捂脸][捂脸],[等级5],[粉丝团 Lv2]
2026-05-20 13:44:57,73127315663,曾梦想仗剑走天涯,就不听你,[等级17],
2026-05-20 13:44:57,104711202796,冉霸霸🖤,一个二个嘴强战神，搞得自己很厉害的样子,[等级27],[粉丝团 Lv10]
2026-05-20 13:44:58,2674515141,释怀了吗,这和人机有什么区别,[等级29],
2026-05-20 13:44:58,1807239114666904,·喵了个咪,哈哈哈,[等级20],[粉丝团 Lv15]
2026-05-20 13:44:59,62907915780,大人,没子弹,[等级13],[粉丝团 Lv2]
2026-05-20 13:44:59,72599065285,池,他没子弹了,[等级16],[粉丝团 Lv9]
2026-05-20 13:44:59,87098254548,不回消息就拉黑,压根不听,[等级10],[粉丝团 Lv10]
2026-05-20 13:44:59,78251202955,佳佳👑,[捂脸][捂脸],[等级30],[粉丝团 Lv10]
2026-05-20 13:44:59,92461848227,煜,哈哈哈哈哈哈哈,[等级13],[粉丝团 Lv11]
2026-05-20 13:45:00,100313663814,༺TIME༻,人机一号,[等级15],[粉丝团 Lv12]
2026-05-20 13:45:01,892413678724877,厌遇,人机一样[捂脸],[等级24],[粉丝团 Lv7]
2026-05-20 13:45:01,55159220102,BWRZ（记录美好）,我丢,[等级36],[粉丝团 Lv16]
2026-05-20 13:45:01,95968585098,晴天Ing,拿这个枪？,[等级1],
2026-05-20 13:45:01,71126905166,抖音小肋手,[捂脸][捂脸][捂脸],[等级11],[粉丝团 Lv10]
2026-05-20 13:45:02,68423550125,Love the way you lie,[捂脸][捂脸][捂脸][捂脸][捂脸][捂脸],[等级15],[粉丝团 Lv11]
2026-05-20 13:45:02,82866810587,꧁抖音小晨꧂,[捂脸][捂脸][捂脸],[等级2],
2026-05-20 13:45:03,1556525685934064,wang.,[捂脸][捂脸][捂脸],[等级7],
2026-05-20 13:45:03,1006781712047288,我们,[捂脸][捂脸][捂脸],[等级37],[粉丝团 Lv14]
2026-05-20 13:45:03,559001318458263,在家有病,大哥是无敌战神么,,
2026-05-20 13:45:03,55159220102,BWRZ（记录美好）,[发呆][发呆][发呆],[等级36],[粉丝团 Lv16]
2026-05-20 13:45:04,426258197911918,稳妥,把药打满色,[等级10],
2026-05-20 13:45:04,4400711738863848,相伴$不$将就,哈哈,[等级23],[粉丝团 Lv3]
2026-05-20 13:45:04,100066340726,神秘人177296,[捂脸],[等级44],[粉丝团 Lv9]
2026-05-20 13:45:05,7625231396533994533,波涛胸涌（大佬号）,哈哈哈,[等级1],
2026-05-20 13:45:05,110895971722,一个人挺好…👿,子弹都给你了,[等级24],[粉丝团 Lv9]
2026-05-20 13:45:07,703331154008596,七。,7发子弹,[等级5],[粉丝团 Lv2]
2026-05-20 13:45:08,72621711770,小二,闭麦操作,[等级8],[粉丝团 Lv2]
2026-05-20 13:45:08,2773443029513129,亦然,高点放了等死吧,[等级1],[粉丝团 Lv1]
2026-05-20 13:45:11,1134350379006733,烟酒生,主播那么贵的装备看别人玩，是不爱玩游戏？,[等级19],[粉丝团 Lv4]
2026-05-20 13:45:11,2189880376430734,田心`,[捂脸][捂脸],[等级15],[粉丝团 Lv8]
2026-05-20 13:45:11,71331049459,我肝已麻痹,有p90啊,[等级16],[粉丝团 Lv7]
2026-05-20 13:45:11,60861902965,👫大手牵小手👫,子弹加满,[等级12],[粉丝团 Lv4]
2026-05-20 13:45:11,97600677185,晓乔治ovo,吃不了鸡,[等级38],[粉丝团 Lv13]
2026-05-20 13:45:13,4400711738863848,相伴$不$将就,哈哈哈😁,[等级23],[粉丝团 Lv3]
2026-05-20 13:45:16,98460975967,ەㅤㅤㅤㅤㅤㅤㅤㅤㅤ一个蛋🥚 ㅤㅤㅤㅤ,[捂脸][捂脸][捂脸],[等级34],[粉丝团 Lv10]
2026-05-20 13:45:16,166755798352590,爱的那张脸,哈哈哈,,
2026-05-20 13:45:17,98773931120,彭志辉,[捂脸][捂脸],[等级5],
2026-05-20 13:45:17,101629850514,张老黑的飞哥⁵¹⁰⁷⁴,[呲牙][呲牙][呲牙][呲牙][呲牙],[等级33],[粉丝团 Lv16]
2026-05-20 13:45:17,75652282317,m,[捂脸],[等级7],[粉丝团 Lv10]
2026-05-20 13:45:17,85901331023,H e i n e k e n,[捂脸][捂脸][捂脸][捂脸][捂脸][捂脸],[等级17],[粉丝团 Lv2]
2026-05-20 13:45:17,1271448307776912,用户6569572049043,[捂脸][捂脸][捂脸],,
2026-05-20 13:45:17,3347394361297940,橙味奶祺🍫,6,[等级19],[粉丝团 Lv8]
2026-05-20 13:45:17,105633835483,醉卧沙场君莫笑,哈哈哈,[等级27],[粉丝团 Lv16]
2026-05-20 13:45:18,4165407898869996,每天对被子表白,[捂脸][捂脸][捂脸][捂脸],[等级5],[粉丝团 Lv2]
2026-05-20 13:45:18,91682738528,DYBB,[捂脸][捂脸][捂脸][捂脸][捂脸],[等级29],
2026-05-20 13:45:18,3026275446323543,淡漠,[捂脸][捂脸][捂脸][捂脸],[等级15],
2026-05-20 13:45:18,68341458900,往事,哈哈哈哈哈哈,[等级24],[粉丝团 Lv2]
2026-05-20 13:45:18,68423550125,Love the way you lie,[捂脸][捂脸][捂脸][捂脸][捂脸][捂脸],[等级15],[粉丝团 Lv11]
2026-05-20 13:45:18,97176461425,つ微凉徒眸意浅挚半,[捂脸][捂脸][捂脸],[等级13],
2026-05-20 13:45:18,2506525983899805,平凡,哈哈,[等级6],
2026-05-20 13:45:18,7521394261465859130,🌾🌾🌾炒菜不用郭先生🍎🍊🍉🍌,[捂脸][捂脸][捂脸],[等级3],[粉丝团 Lv6]
2026-05-20 13:45:18,62977313690,LO,[捂脸][捂脸][捂脸],[等级25],[粉丝团 Lv9]
2026-05-20 13:45:18,2626059501854419,安禾.,哈哈哈哈哈哈哈哈哈,[等级16],[粉丝团 Lv11]
2026-05-20 13:45:18,55159220102,BWRZ（记录美好）,啥啊,[等级36],[粉丝团 Lv16]
2026-05-20 13:45:18,109920010297,+L,[捂脸][捂脸][捂脸][捂脸],[等级14],
2026-05-20 13:45:18,716523334534366,哇呜💋,哈哈哈哈哈,[等级15],[粉丝团 Lv12]
2026-05-20 13:45:18,3795156287621927,拾欢,[捂脸][捂脸][捂脸],[等级15],[粉丝团 Lv13]
2026-05-20 13:45:19,470219582866307,忻安,哈哈哈哈,[等级17],[粉丝团 Lv15]
2026-05-20 13:45:19,68189106631,𝑶𝒏𝒆,哈哈哈,[等级30],[粉丝团 Lv10]
2026-05-20 13:45:19,104818760349,慕阁墨,哈哈哈哈哈,[等级2],
2026-05-20 13:45:19,3214585681423084,Thorn曼陀罗,？,[等级13],
2026-05-20 13:45:19,59020009735,🍓甜酒吖🍓,哈哈哈哈哈哈哈哈哈,[等级6],[粉丝团 Lv6]
2026-05-20 13:45:19,2395184081945055,忙里偷闲⁵¹⁰⁷⁴,[捂脸][捂脸][捂脸],[等级29],[粉丝团 Lv15]
2026-05-20 13:45:19,58593174933,烟草味,哈哈哈,[等级15],[粉丝团 Lv4]
2026-05-20 13:45:19,50478066270,🌈自渡亦渡人➠✪,[捂脸][捂脸][捂脸][捂脸][捂脸],[等级23],[粉丝团 Lv11]
2026-05-20 13:45:20,4112604411736253,兔粉妆,[捂脸][捂脸],[等级15],[粉丝团 Lv10]
2026-05-20 13:45:20,57614644352,腐,菜,[等级34],[粉丝团 Lv11]
2026-05-20 13:45:20,80352507013,冣乂²⁰²⁶₀₉₂₄,哈哈哈哈哈,[等级26],[粉丝团 Lv15]
2026-05-20 13:45:20,135964883951687,you(^_^)丹,天哪,[等级9],
2026-05-20 13:45:20,78251202955,佳佳👑,哈哈哈哈,[等级30],[粉丝团 Lv10]
2026-05-20 13:45:20,99336591699,度余生,[尬笑][震惊],[等级36],[粉丝团 Lv12]
2026-05-20 13:45:20,1393818690663592,100-1=0,[捂脸][捂脸][捂脸][捂脸],[等级36],[粉丝团 Lv5]
2026-05-20 13:45:20,1556525685934064,wang.,[捂脸][捂脸][捂脸][捂脸][捂脸][捂脸][捂脸][捂脸][捂脸],[等级7],
2026-05-20 13:45:21,23671175128,◔.̮◔ 咻～,。。。,[等级19],[粉丝团 Lv7]
2026-05-20 13:45:21,52492725862,haha,哈哈哈哈哈哈,[等级15],[粉丝团 Lv12]
2026-05-20 13:45:21,72380839427,绾情丝,啊,[等级18],[粉丝团 Lv3]
2026-05-20 13:45:21,4486439683240683,枫叶蛊,[捂脸][捂脸][捂脸][捂脸],[等级13],[粉丝团 Lv11]
2026-05-20 13:45:21,7495203789020988475,疏辞,[捂脸],[等级1],
2026-05-20 13:45:21,91659395772,D,哈哈,[等级3],[粉丝团 Lv3]
2026-05-20 13:45:21,102469975321,✨名门⭐️,差一点,[等级19],[粉丝团 Lv15]
2026-05-20 13:45:21,1829206389950766,伱我皆牛马,哈哈,[等级25],[粉丝团 Lv3]
2026-05-20 13:45:22,53136197759,𝗦·𝗝𝘂𝗻¹²𝗟𝗲𝗼𖠚ᐝ,[捂脸][捂脸][捂脸][捂脸],[等级28],[粉丝团 Lv15]
2026-05-20 13:45:22,1244249822078139,碎星闪闪,[捂脸][捂脸][捂脸][捂脸][捂脸][捂脸][捂脸],[等级7],[粉丝团 Lv10]
2026-05-20 13:45:22,97873254852,没有月儿的夜,人机步伐都来了,[等级9],
2026-05-20 13:45:22,1893790932807003,木木,[捂脸],[等级15],
2026-05-20 13:45:22,4424893833152766,同友益农副产品配送公司,[捂脸][捂脸][捂脸],[等级16],[粉丝团 Lv10]
2026-05-20 13:45:22,3664003065714740,学会沉默888,[捂脸],[等级16],[粉丝团 Lv12]
2026-05-20 13:45:22,103838811845,小阿春,哈哈哈哈,[等级22],
2026-05-20 13:45:22,63019632364,仰望星空,[捂脸][捂脸][捂脸][捂脸][捂脸],[等级31],[粉丝团 Lv5]
2026-05-20 13:45:23,96272933331,龙先生,[捂脸][捂脸][捂脸],[等级26],[粉丝团 Lv10]
2026-05-20 13:45:23,1662057242704557,简单点,妹子,[等级16],[粉丝团 Lv10]
2026-05-20 13:45:23,6472167828,顺城,[捂脸][捂脸][捂脸][捂脸],[等级22],[粉丝团 Lv15]
2026-05-20 13:45:23,2500744598796624,🪳🪳🪳,哈哈哈哈哈哈,[等级6],[粉丝团 Lv4]
2026-05-20 13:45:23,97600677185,晓乔治ovo,就说吃不了鸡了[捂脸],[等级38],[粉丝团 Lv13]
2026-05-20 13:45:23,4165422085581629,挽梦*,[捂脸][捂脸][捂脸][捂脸][捂脸],[等级9],[粉丝团 Lv5]
2026-05-20 13:45:23,3811326502642855,-WD,[捂脸][捂脸][捂脸],[等级10],
2026-05-20 13:45:23,69268051905,ᑋᵉᑊᑊᵒ妞,[捂脸][捂脸][捂脸][捂脸],[等级12],[粉丝团 Lv7]
2026-05-20 13:45:24,91776987650,抱紧琴琴.,[捂脸][捂脸][捂脸],[等级11],[粉丝团 Lv10]
2026-05-20 13:45:24,3347394361297940,橙味奶祺🍫,笑死我了,[等级19],[粉丝团 Lv8]
2026-05-20 13:45:24,68033173728,Johnny✨⁵¹⁰⁷⁴,[泪奔][不失礼貌的微笑],[等级31],[粉丝团 Lv16]
2026-05-20 13:45:24,59782841206,长 春,哈哈哈哈,[等级32],
2026-05-20 13:45:24,99961872378,如意hgjgfg,人机步,[等级21],
2026-05-20 13:45:24,2563685090330173,Sunny🌈,[666],[等级13],
2026-05-20 13:45:24,2282196210295340,🌑🌑🌑,[捂脸],[等级23],
2026-05-20 13:45:24,99772685062,跟着感觉走,真着急啊,[等级16],[粉丝团 Lv11]
2026-05-20 13:45:25,52243439934,Air_,[捂脸][捂脸],[等级20],[粉丝团 Lv10]
2026-05-20 13:45:25,58704271883,Calm.,还是得子弹多,[等级26],[粉丝团 Lv3]
2026-05-20 13:45:25,3900711457269358,未知,哈哈哈哈,,
2026-05-20 13:45:25,7571745879104406565,𝑨꯭𝑰꯭𝒐꯭𝒏꯭𝒆꯭。,大鸡腿[捂脸],[等级2],
2026-05-20 13:45:26,75863932663,爱小猪,[捂脸][捂脸][捂脸][捂脸][捂脸][捂脸][捂脸][捂脸],[等级17],[粉丝团 Lv10]
2026-05-20 13:45:26,380881911154506,｛千城墨白｝,520快乐,[等级7],[粉丝团 Lv10]
2026-05-20 13:45:26,61938541920,小黄不慌,哈哈哈哈,[等级13],[粉丝团 Lv1]
2026-05-20 13:45:26,82866810587,꧁抖音小晨꧂,[捂脸]一枪没打到,[等级2],
2026-05-20 13:45:26,104909302196,B·Jul²⁶·Cnc,[捂脸][捂脸][捂脸][捂脸],[等级18],[粉丝团 Lv11]
2026-05-20 13:45:26,4380084132381328,🌈微峰,这要是338就拿下了,[等级30],[粉丝团 Lv15]
2026-05-20 13:45:26,63218677380,嘟嘟哎嘟嘟嘟,338不用,[等级27],[粉丝团 Lv11]
2026-05-20 13:45:26,2395184081945055,忙里偷闲⁵¹⁰⁷⁴,人机,[等级29],[粉丝团 Lv15]
2026-05-20 13:45:26,77243413347,A杨先生,[捂脸][捂脸][捂脸],[等级20],[粉丝团 Lv1]
2026-05-20 13:45:27,3689571938745351,✨     小人物i,是个人才,[等级1],
2026-05-20 13:45:27,92724691349,^初一,[捂脸],[等级6],[粉丝团 Lv6]
2026-05-20 13:45:27,111108974387,巴卡巴卡,哈哈哈哈哈,[等级10],[粉丝团 Lv3]
2026-05-20 13:45:27,77275754034,川E泸州妹,哈哈哈,[等级28],[粉丝团 Lv12]
2026-05-20 13:45:27,4164567745964686,帕·拉,[捂脸][捂脸][捂脸],[等级26],[粉丝团 Lv11]
2026-05-20 13:45:27,103217630695,爱吃米线的蜡笔小新,太菜了,[等级14],[粉丝团 Lv5]
2026-05-20 13:45:28,84986528722,GOOD  孟,这哥们人机啊,[等级12],
2026-05-20 13:45:28,1813522550367722,用户11649013804,哈哈哈哈,,
2026-05-20 13:45:28,67871513008,一介邪修,[捂脸][捂脸][捂脸],[等级6],
2026-05-20 13:45:28,99393356410,吃不了一点香菜,[捂脸][捂脸][捂脸],[等级26],[粉丝团 Lv12]
2026-05-20 13:45:28,67389127649,ZHang.,哈哈哈哈哈哈,[等级7],
2026-05-20 13:45:28,69744655621,满山的猴子我腚最红❤,哈哈哈,[等级5],
2026-05-20 13:45:28,81707314655,黎,把位置让给别人,[等级19],[粉丝团 Lv10]
2026-05-20 13:45:28,93332543630,꧁国宝꧂,盲开的枪[捂脸],[等级22],
2026-05-20 13:45:28,1794029961617984,酃,[捂脸][捂脸][捂脸],[等级17],[粉丝团 Lv12]
2026-05-20 13:45:28,85815163631,拾一ᥫᩣ,[捂脸][捂脸][捂脸][捂脸][捂脸],[等级11],[粉丝团 Lv2]
2026-05-20 13:45:29,59181412130,持酒劝斜阳🦢,哈哈哈哈哈,[等级27],
2026-05-20 13:45:29,99460247743,日行一善²⁰²⁶,这么好的位置让给别人了，咋想的,[等级12],[粉丝团 Lv10]
2026-05-20 13:45:29,61836860811,李知恩ovo,笑死我了,[等级11],
2026-05-20 13:45:29,1147514172218188,微 🌈 微,狗砸就能打赢了不,[等级17],[粉丝团 Lv10]
2026-05-20 13:45:29,96214572873,千千睡不着,[捂脸][捂脸],[等级29],[粉丝团 Lv11]
2026-05-20 13:45:29,71057016973,情归酒肆,人机,[等级9],
2026-05-20 13:45:30,98096013213,多喝热水,338就剩7发子弹了,[等级25],
2026-05-20 13:45:30,2502947526151629,e亦心,这没打死,[等级16],
2026-05-20 13:45:30,59300356633,哈哈哈哈嗝儿～,[捂脸][捂脸][捂脸],[等级6],[粉丝团 Lv10]
2026-05-20 13:45:30,68636434834,安   北,最后拼刺刀了,[等级12],[粉丝团 Lv4]
2026-05-20 13:45:30,67534735453,+2,笑死,[等级15],[粉丝团 Lv10]
2026-05-20 13:45:30,99036159387,乐之,钢不过,[等级16],[粉丝团 Lv4]
2026-05-20 13:45:30,55159220102,BWRZ（记录美好）,我受不鸟了[捂脸],[等级36],[粉丝团 Lv16]
2026-05-20 13:45:30,72179010645,✨三十六,哈哈,[等级25],[粉丝团 Lv10]
2026-05-20 13:45:30,60291070652,涛哥🆒,稀碎,[等级21],[粉丝团 Lv15]
2026-05-20 13:45:31,97730039716,尘染墨轩,菜死了[捂脸],[等级21],[粉丝团 Lv10]
2026-05-20 13:45:31,59161987298,猫咪喵,他打哪里呢,[等级21],[粉丝团 Lv12]
2026-05-20 13:45:31,98218419288,一阵风一场梦&,[捂脸],[等级24],
2026-05-20 13:45:31,1556525685934064,wang.,1号太菜,[等级7],
2026-05-20 13:45:31,68423550125,Love the way you lie,人机[看],[等级15],[粉丝团 Lv11]
2026-05-20 13:45:32,58218184284,摩羯男♂,大鸡腿,[等级36],
2026-05-20 13:45:32,1081574460239063,🌈我是、打酱油的,和我走位一样,[等级45],
2026-05-20 13:45:32,4341323396034580,三分月色,[笑哭][笑哭][笑哭][笑哭],[等级22],[粉丝团 Lv8]
2026-05-20 13:45:32,1638718967654302,🍌,给他踢了,[等级33],
2026-05-20 13:45:32,132393117955975,憨憨的,张妈妈你太难了,[等级24],
2026-05-20 13:45:32,110561336444,星期七,哈哈哈哈,[等级12],
2026-05-20 13:45:33,1341030991139991,用户3502448658376,[抱紧自己],[等级9],
2026-05-20 13:45:33,62815799180,憙宝饱,哈哈哈哈哈[捂脸],[等级2],
2026-05-20 13:45:33,2500744598796624,🪳🪳🪳,没白打加分了,[等级6],[粉丝团 Lv4]
2026-05-20 13:45:34,624971718353040,、阿钦,哈哈 人🐔走位,[等级6],
2026-05-20 13:45:34,96840313581,香菜*🇨🇳,好位置不待[捂脸],[等级16],
2026-05-20 13:45:34,110487983863,都怪你隐身太清晰,玛卡巴卡,[等级17],[粉丝团 Lv8]
2026-05-20 13:45:34,626045986276035,挚爱一生只爱冬0043,888,[等级11],
2026-05-20 13:45:34,97113110196,姜小花,看到了自己[捂脸][捂脸][捂脸][捂脸],[等级15],[粉丝团 Lv12]
2026-05-20 13:45:34,87854387109,感谢大表哥,和我水平差不多,[等级29],[粉丝团 Lv5]
2026-05-20 13:45:35,2506525983899805,平凡,＋2分,[等级6],
2026-05-20 13:45:35,99519056697,一二三k,尽力了,[等级7],[粉丝团 Lv8]
2026-05-20 13:45:36,99941077916,你霉柿吧,哈哈哈哈哈,[等级11],[粉丝团 Lv3]
2026-05-20 13:45:36,98061316280,♊凡尘,哎，必胜客,[等级32],[粉丝团 Lv10]
2026-05-20 13:45:36,83536529771,9岁学亲嘴🤨,比我还菜,[等级30],
2026-05-20 13:45:36,1582950388343566,高冷橙🤍,给我笑的,[等级14],[粉丝团 Lv10]
2026-05-20 13:45:36,3328939109912388,@戴先生,真菜,[等级15],
2026-05-20 13:45:36,4459243629712462,永( ˝ᗢ̈˝ )²⁴⁹,太菜了,[等级24],[粉丝团 Lv13]
2026-05-20 13:45:36,7597413643777770545,哭哭马,[尬笑],[等级14],
2026-05-20 13:45:36,82664618746,火炎焱燚🔥,比我好多了,[等级18],[粉丝团 Lv11]
2026-05-20 13:45:36,2480143996559767,……,人际步伐,,
2026-05-20 13:45:36,111548021631,啊噗噗噗,人机走位[捂脸][捂脸][捂脸],[等级13],[粉丝团 Lv11]
2026-05-20 13:45:37,57614644352,腐,还是老黑厉害,[等级34],[粉丝团 Lv11]
2026-05-20 13:45:38,105595931701,亻,在那位置好好的，非要跑来跑去,[等级21],
2026-05-20 13:45:38,2950740333835965,醒必静（重生版),大鸡腿儿[捂脸][捂脸][捂脸],[等级30],[粉丝团 Lv15]
2026-05-20 13:45:38,3500475588290631,Lw😜,他能进决赛圈已经很强了[看][看],[等级18],[粉丝团 Lv14]
2026-05-20 13:45:39,81498709949,玉楼金阙慵归去,[捂脸][捂脸][捂脸][捂脸][捂脸],[等级12],[粉丝团 Lv6]
2026-05-20 13:45:39,7521394261465859130,🌾🌾🌾炒菜不用郭先生🍎🍊🍉🍌,被你指挥蒙了[捂脸][捂脸][捂脸],[等级3],[粉丝团 Lv6]
2026-05-20 13:45:39,101595263010620,伊昂,人机一样,[等级12],[粉丝团 Lv10]
2026-05-20 13:45:39,4230571195640573,好了,338都给你了,[等级28],
2026-05-20 13:45:39,95320399864,我来抖音逛一逛,都怪你把子弹给他要完了,,
2026-05-20 13:45:40,7518448203093705785,🥛,队友太鸡了,[等级9],
2026-05-20 13:45:40,3303400408884476,快乐小词,[躺平][不你不想],[等级24],
2026-05-20 13:45:40,7443467011387458618,骨阿夫特嫩,打树上去了[捂脸][捂脸][捂脸],[等级29],
2026-05-20 13:45:40,3214585681423084,Thorn曼陀罗,这打不过？,[等级13],
2026-05-20 13:45:40,4410845128828888,地狱小魔,哈哈哈哈哈哈哈,[等级25],[粉丝团 Lv11]
2026-05-20 13:45:40,110487983863,都怪你隐身太清晰,玛卡巴卡,[等级17],[粉丝团 Lv8]
2026-05-20 13:45:40,826425753210750,小吴,怎么人机似的,[等级6],[粉丝团 Lv3]
2026-05-20 13:45:40,3737933112153927,sherry💕倩倩,如果338打得过G3？,[等级26],[粉丝团 Lv13]
2026-05-20 13:45:40,1640949502448119,修身,[捂脸][捂脸][捂脸][捂脸][捂脸][捂脸][捂脸][捂脸],[等级31],[粉丝团 Lv4]
2026-05-20 13:45:40,63019632364,仰望星空,最后还得张君雅,[等级31],[粉丝团 Lv5]
2026-05-20 13:45:41,1556525685934064,wang.,[捂脸][捂脸][捂脸][捂脸],[等级7],
2026-05-20 13:45:41,1403442439129936,陈皮茶,应该是个小孩，一号,[等级10],[粉丝团 Lv8]
2026-05-20 13:45:42,2796752105383053,团团是条狗,勇猛，但没啥用[捂脸],[等级16],[粉丝团 Lv10]
2026-05-20 13:45:42,92364586912,数字方块153，,拉黑,[等级11],[粉丝团 Lv10]
2026-05-20 13:45:42,2077438906209971,Sky,[比心][比心][比心],,
2026-05-20 13:45:42,69611722485,喵❤️♥,操心的命,[等级15],[粉丝团 Lv10]
2026-05-20 13:45:43,1455350881721268,弋🍓🍓,[捂脸][捂脸][捂脸][捂脸][捂脸],[等级13],[粉丝团 Lv12]
2026-05-20 13:45:43,99961872378,如意hgjgfg,对手走位很好,[等级21],
2026-05-20 13:45:43,97696950198,嘿：小猪,这是战神局？这技术,[等级5],[粉丝团 Lv2]
2026-05-20 13:45:44,95115965858,Y☜☜P,一打一为啥放那个位置啊[捂脸][捂脸],[等级25],
2026-05-20 13:45:44,1917193733835112,菲菲不是公主,也可以,[等级15],[粉丝团 Lv2]
2026-05-20 13:45:44,132393117955975,憨憨的,张妈妈,[等级24],
2026-05-20 13:45:45,1399044019589790,灵魂收割者,人机队友,[等级19],[粉丝团 Lv2]
2026-05-20 13:45:45,110487983863,都怪你隐身太清晰,玛卡巴卡,[等级17],[粉丝团 Lv8]
2026-05-20 13:45:45,96992796442,💕凉凉⁸⁰⁰⁸,吃了个鸡屁股[捂脸],[等级10],[粉丝团 Lv11]
2026-05-20 13:45:45,74801492566,青禾影像-摄影师邵坤,338没子弹了,[等级12],[粉丝团 Lv3]
2026-05-20 13:45:45,7577028479742805050,󰠇Dravvle,Hhhhhhh哈哈哈哈,[等级10],
2026-05-20 13:45:46,76296653265,X、Y,给他拉黑吧,[等级20],[粉丝团 Lv13]
2026-05-20 13:45:46,75072156386,阿明⚜️,高点不站,[等级18],
2026-05-20 13:45:46,1640949502448119,修身,哈哈哈,[等级31],[粉丝团 Lv4]
2026-05-20 13:45:46,4233546532927219,🉑🈶🉑🈚,哈哈哈哈哈哈哈,[等级20],[粉丝团 Lv10]
2026-05-20 13:45:46,59020009735,🍓甜酒吖🍓,本来不想笑的，但是想哈哈哈哈,[等级6],[粉丝团 Lv6]
2026-05-20 13:45:46,60627504900,雪碧吖🌓,哈哈哈哈哈哈哈哈哈,[等级29],[粉丝团 Lv6]
2026-05-20 13:45:46,2014780766034856,ll,加一分,[等级20],
2026-05-20 13:45:47,372054730487412,ღ乔᭄治🍭,这哥们一定紧张得要死[捂脸],[等级14],[粉丝团 Lv2]
2026-05-20 13:45:47,61539671980,‍ Cʜᴇɴ·雪,[捂脸],[等级20],[粉丝团 Lv2]
2026-05-20 13:45:47,3328939109912388,@戴先生,队友真菜,[等级15],
2026-05-20 13:45:47,71091522114,面具,子弹去哪里了？你心里没数吗？,[等级8],
2026-05-20 13:45:48,95574513391,不会踢球的七号,这1号跟人机有啥区别啊[捂脸],[等级8],
2026-05-20 13:45:48,82552066750,( ´◔ ‸◔'),最后是2个人机对决,,
2026-05-20 13:45:48,98460975967,ەㅤㅤㅤㅤㅤㅤㅤㅤㅤ一个蛋🥚 ㅤㅤㅤㅤ,[尬笑][尬笑][尬笑],[等级34],[粉丝团 Lv10]
2026-05-20 13:45:48,111200763682,"Mr,李",张老黑，昨天干啥去了,[等级32],[粉丝团 Lv4]
2026-05-20 13:45:48,4503658257446344,🥐cornetto,差点我都要吃屎,[等级41],[粉丝团 Lv7]
2026-05-20 13:45:49,4503674630005033,迪,这队友，人机吗？吃-艾=菜,[等级46],
2026-05-20 13:45:49,1618087648957470,比巴卜～,子弹是伏笔,[等级26],[粉丝团 Lv11]
2026-05-20 13:45:49,96901754205,”Joe,哈哈哈,[等级17],[粉丝团 Lv6]
2026-05-20 13:45:49,88106703724,陳力群,[捂脸],[等级20],
2026-05-20 13:45:49,104909302196,B·Jul²⁶·Cnc,太弱了,[等级18],[粉丝团 Lv11]
2026-05-20 13:45:49,3406705907740807,何爱华（承蒙厚爱）,哈哈哈,[等级22],[粉丝团 Lv12]
2026-05-20 13:45:49,100044319391,蒲公英,吊吊吊,[等级12],[粉丝团 Lv3]
2026-05-20 13:45:49,1640949502448119,修身,哈哈哈,[等级31],[粉丝团 Lv4]
2026-05-20 13:45:50,110487983863,都怪你隐身太清晰,玛卡巴卡,[等级17],[粉丝团 Lv8]
2026-05-20 13:45:50,64625044759,一等兵甘,这是我见过的最菜的主播,[等级9],
2026-05-20 13:45:51,886651513222339,雪染,好好,[等级4],
2026-05-20 13:45:51,73133140989,行稳致远,[捂脸][捂脸][捂脸],[等级31],[粉丝团 Lv15]
2026-05-20 13:45:51,3661810254748004,名字不好起,[捂脸][捂脸][捂脸],[等级9],[粉丝团 Lv8]
2026-05-20 13:45:51,105849322767,骑着蜗牛看日出,玩个跳枪就赢了,[等级3],
2026-05-20 13:45:51,91659395772,D,直线冲锋,[等级3],[粉丝团 Lv3]
2026-05-20 13:45:51,1172550470866364,井上月,[捂脸][捂脸][捂脸][捂脸],[等级23],[粉丝团 Lv7]
2026-05-20 13:45:51,4468879230241195,我在边界,局哥快来救阿雅,[等级13],[粉丝团 Lv4]
2026-05-20 13:45:52,75216878522,晚知泽,把位置给敌人了,[等级26],
2026-05-20 13:45:52,63441014318,平哥,要没被偷就吃鸡了,[等级6],
2026-05-20 13:45:52,109419284346,曾经的少年！曾经的你！！,[捂脸][捂脸][捂脸][捂脸][捂脸],[等级24],[粉丝团 Lv14]
2026-05-20 13:45:53,111167818654,荔枝小丸,哈哈哈哈哈笑死,[等级27],[粉丝团 Lv15]
2026-05-20 13:45:53,57614644352,腐,@lutao 你耳朵里面有驴毛毛,[等级34],[粉丝团 Lv11]
2026-05-20 13:45:54,96901754205,”Joe,520快乐,[等级17],[粉丝团 Lv6]
2026-05-20 13:45:55,95114696630,楠De小雨天气💦,哈哈哈哈,[等级19],[粉丝团 Lv7]
2026-05-20 13:45:55,3661810254748004,名字不好起,[赞][赞][赞][赞],[等级9],[粉丝团 Lv8]
2026-05-20 13:45:55,73268376387,乄杺,[捂脸][捂脸][捂脸][捂脸],[等级7],
2026-05-20 13:45:55,109789841342,花开富贵🌹,高情商：尽力了，低情商：真菜,[等级16],[粉丝团 Lv3]
2026-05-20 13:45:55,886651513222339,雪染,哈哈,[等级4],
2026-05-20 13:45:55,2106270889031085,早点睡💫,[捂脸][捂脸][捂脸][捂脸],[等级15],[粉丝团 Lv8]
2026-05-20 13:45:55,3303400408884476,快乐小词,哈哈哈哈哈,[等级24],
2026-05-20 13:45:56,2410580832160349,鱼大王ovo,把坑让给对面了[捂脸][捂脸],[等级11],
2026-05-20 13:45:56,4431510979222186,妤纯·,他没子弹了[看],[等级5],
2026-05-20 13:45:56,4432834332736103,行走的蜗牛,万恶的腰射选手[捂脸][捂脸][捂脸],[等级15],
2026-05-20 13:45:56,3593651276484189,菟丝子,[笑哭][笑哭][笑哭][笑哭][笑哭],[等级8],[粉丝团 Lv9]
2026-05-20 13:45:56,73999937195,飞流千里,兄弟们，鼓不起的阿斗,[等级11],
2026-05-20 13:45:57,83743951066,请叫我丫头,哈哈,[等级22],
2026-05-20 13:45:57,110487983863,都怪你隐身太清晰,叫上玛卡巴卡,[等级17],[粉丝团 Lv8]
2026-05-20 13:45:57,96220936370,唐,看出来他尽力了,[等级12],[粉丝团 Lv7]
2026-05-20 13:45:58,2172229561625960,好嗨哟,[捂脸][捂脸][捂脸][捂脸]都说她要换九砸了,[等级25],[粉丝团 Lv13]
2026-05-20 13:45:58,1745656195850100,🌈℡执着↪✨,老黑这个节日对你没用吧,[等级11],[粉丝团 Lv2]
2026-05-20 13:45:58,95114696630,楠De小雨天气💦,哈哈哈哈,[等级19],[粉丝团 Lv7]
2026-05-20 13:45:58,105463503267,我的名字,[害羞][黑脸][害羞][黑脸][害羞][黑脸],[等级16],[粉丝团 Lv10]
2026-05-20 13:45:58,97873254852,没有月儿的夜,赶紧来雅姐橱窗买个耳机,[等级9],
2026-05-20 13:45:59,2648066282757614,爱笑☺️,520快乐,[等级17],
2026-05-20 13:46:00,103623410647,Mr  Zᴳᵀ兜里只有叁拾,房管办事,[等级31],[粉丝团 Lv6]
2026-05-20 13:46:00,80383016930,零度°C 冰川⁵¹⁰⁷⁴,[捂脸][捂脸][捂脸],[等级11],[粉丝团 Lv11]
2026-05-20 13:46:01,96956631134,菄,为什么不玩狙,[等级37],[粉丝团 Lv1]
2026-05-20 13:46:01,2123890786055805,sensen,哈哈哈🤣,[等级5],
2026-05-20 13:46:01,67002276017,🐳,唱首歌,[等级14],
2026-05-20 13:46:01,58506525797,靠近一点,哈哈哈,,
2026-05-20 13:46:02,4503669784849933,顾彦冲,[呲牙][呲牙][呲牙][呲牙],[等级3],
2026-05-20 13:46:03,58713848358,忠,[捂脸][捂脸][捂脸][捂脸],[等级24],[粉丝团 Lv13]
2026-05-20 13:46:03,73755488561,征服,喜欢你的声音,[等级17],[粉丝团 Lv1]
2026-05-20 13:46:03,404231625908280,绵绵🍭,[微笑][捂脸],[等级6],
2026-05-20 13:46:05,110487983863,都怪你隐身太清晰,叫上玛卡巴卡,[等级17],[粉丝团 Lv8]
2026-05-20 13:46:05,58423557750,太阳当空赵,白救了,[等级28],
2026-05-20 13:46:05,4022473420183417,在烂泥堆里摆烂,哈哈哈哈哈哈,[等级10],
2026-05-20 13:46:06,2234638754122687,🌈迷,刚刚睡着突然叫一声给我吓醒,[等级20],[粉丝团 Lv6]
2026-05-20 13:46:06,520546256956979,用户8465183178308,关注关注,,
2026-05-20 13:46:06,82603278574,皮皮蕉,直播间的宝子们 哪里有卖车币的店有保障的,[等级11],
2026-05-20 13:46:06,70360992661,一笔一画,愿世界和平,[等级30],[粉丝团 Lv6]
2026-05-20 13:46:07,61539671980,‍ Cʜᴇɴ·雪,技术到极限了[捂脸],[等级20],[粉丝团 Lv2]
2026-05-20 13:46:08,3765201499085319,匹夫,你居然有个黄金木乃伊人机队友,[等级17],[粉丝团 Lv9]
2026-05-20 13:46:08,100369229181,富贵哥,哈哈哈哈哈哈哈哈哈哈哈,[等级27],
2026-05-20 13:46:09,58555775036,㞮孞꧔,338都给你哈哈哈,[等级15],
2026-05-20 13:46:09,59386176107,ZEH.6,枪口没有抬上一点,[等级19],[粉丝团 Lv12]
2026-05-20 13:46:09,440281476904203,小唐人,如果全世界都针对你,[等级6],[粉丝团 Lv2]
2026-05-20 13:46:09,84059834665,♬,哈哈哈格局打开,[等级21],
2026-05-20 13:46:10,55159220102,BWRZ（记录美好）,用不用深呼吸[看],[等级36],[粉丝团 Lv16]
2026-05-20 13:46:11,108825768878,南山居士,胜利就是完美,[等级1],
2026-05-20 13:46:12,109816191367,不焦虑,[捂脸],[等级15],[粉丝团 Lv11]
2026-05-20 13:46:13,63019632364,仰望星空,就和詹姆斯最后关键还得老黑,[等级31],[粉丝团 Lv5]
2026-05-20 13:46:13,1670873134666846,草原天空蓝,猫局没和你玩是过节去了吗,[等级9],
2026-05-20 13:46:14,69744655621,满山的猴子我腚最红❤,让你心眼子多,[等级5],
2026-05-20 13:46:15,3315782737992696,三五,医院都不收,[等级25],
2026-05-20 13:46:15,111002104161,农夫,太紧张了,[等级1],
2026-05-20 13:46:15,71126905166,抖音小肋手,[捂脸][捂脸][捂脸][捂脸],[等级11],[粉丝团 Lv10]
2026-05-20 13:46:17,7597413643777770545,哭哭马,我338没子弹了，等会要换枪[捂脸][捂脸][捂脸][捂脸][捂脸][捂脸],[等级14],
2026-05-20 13:46:17,95114696630,楠De小雨天气💦,君雅是战神，指挥没毛病[比心][比心][比心][比心],[等级19],[粉丝团 Lv7]
2026-05-20 13:46:18,1084550844521372,冬天,888,[等级10],
2026-05-20 13:46:18,93332543630,꧁国宝꧂,损人还为人家好[捂脸],[等级22],
2026-05-20 13:46:19,98061316280,♊凡尘,这个局，我都能打过[捂脸][捂脸][捂脸][捂脸],[等级32],[粉丝团 Lv10]
2026-05-20 13:46:19,99961872378,如意hgjgfg,战神花钱找陪玩打的,[等级21],
2026-05-20 13:46:20,96652150761,秋,哈哈哈哈,[等级19],
2026-05-20 13:46:21,99372859314,启  夏,哈哈哈[捂脸],[等级25],[粉丝团 Lv15]
2026-05-20 13:46:21,68175415266,珂卓,哈哈,[等级7],
2026-05-20 13:46:22,95059339815,lutao,开了就开了，等你热度过了。看你怎么嘎,[等级2],
2026-05-20 13:46:22,372054730487412,ღ乔᭄治🍭,有没有跟我一样  最后一个人了  一打二打三  手抖得不行的[捂脸][捂脸],[等级14],[粉丝团 Lv2]
2026-05-20 13:46:23,75306779889,大叔,老黑说洗干净了干啥,[等级26],[粉丝团 Lv9]
2026-05-20 13:46:24,2137080181565901,落尘,为什么要让位置，有防雷[捂脸],[等级11],[粉丝团 Lv1]
2026-05-20 13:46:25,404231625908280,绵绵🍭,[发呆][流泪],[等级6],
2026-05-20 13:46:26,2825089237922348,kn,别恶意伤人啊，你这种主播很难好起来,[等级18],
2026-05-20 13:46:26,3671976556895853,一只睫毛精啊,老黑，旧耳机卖吗,[等级16],[粉丝团 Lv11]
2026-05-20 13:46:28,77372456299,詠逺遮嚒嬡仪,早把338子弹给你不就没那么多事了,[等级13],
2026-05-20 13:46:28,96652150761,秋,[捂脸][捂脸][捂脸][捂脸][捂脸][捂脸],[等级19],
2026-05-20 13:46:29,68175415266,珂卓,打的真准,[等级7],
2026-05-20 13:46:29,4390816578017900,143比较好,88888,[等级1],
2026-05-20 13:46:29,82197905185,㭍ㄦメ,？？？？？,[等级25],[粉丝团 Lv11]
2026-05-20 13:46:29,3883888875155543,Z浩浩Z,老黑为啥分两场播呢？,[等级2],
2026-05-20 13:46:29,2497699454393470,肉丝,有回音,[等级9],[粉丝团 Lv11]
2026-05-20 13:46:30,51987936233,如影随形,菜就一个字,[等级11],
2026-05-20 13:46:30,97873254852,没有月儿的夜,哈哈哈哈哈哈哈,[等级9],
2026-05-20 13:46:31,68423550125,Love the way you lie,[捂脸][捂脸][捂脸][捂脸][捂脸][捂脸][捂脸][捂脸][捂脸][捂脸],[等级15],[粉丝团 Lv11]
2026-05-20 13:46:32,77231644562,壹生输赢、全靠拼,这走位打到这阶段都是爬上去的,[等级12],
2026-05-20 13:46:32,3593651276484189,菟丝子,好搞笑啊,[等级8],[粉丝团 Lv9]
2026-05-20 13:46:32,2129109692727048,8023,蛐蛐谁呢？这是,[等级17],[粉丝团 Lv10]
2026-05-20 13:46:33,104818760349,慕阁墨,跟我有的一拼[捂脸],[等级2],
2026-05-20 13:46:33,109202588032,小小枫,[捂脸]又开始了，怼天怼地怼空气,[等级4],
2026-05-20 13:46:34,1118655583631034,未闻花名,哈哈哈哈,[等级9],[粉丝团 Lv4]
2026-05-20 13:46:34,97873254852,没有月儿的夜,哈哈哈哈哈哈,[等级9],
2026-05-20 13:46:34,94792007680,👾BMDJ👾,？,[等级2],
2026-05-20 13:46:34,71126905166,抖音小肋手,[捂脸][捂脸][捂脸][捂脸],[等级11],[粉丝团 Lv10]
2026-05-20 13:46:34,111002104161,农夫,太紧张了,[等级1],
2026-05-20 13:46:34,4375697175361117,御,老黑说我要我要，一号就不给。。,[等级4],[粉丝团 Lv3]
2026-05-20 13:46:34,101376906320,小王,哈哈哈哈哈哈,[等级14],[粉丝团 Lv11]
2026-05-20 13:46:34,108172776731,土肥圆,哈哈哈哈哈,[等级11],
2026-05-20 13:46:35,20510562372,长意,[捂脸][捂脸][捂脸][捂脸],[等级13],[粉丝团 Lv11]
2026-05-20 13:46:35,2796752105383053,团团是条狗,哈哈哈哈,[等级16],[粉丝团 Lv10]
2026-05-20 13:46:35,21643884763804,经典永不过时,[捂脸],,
2026-05-20 13:46:35,198391495396894,我坐小孩那一桌,[捂脸][捂脸][捂脸][捂脸],[等级28],[粉丝团 Lv8]
2026-05-20 13:46:35,4396317798323683,杭州  云南男模,老黑带我  我青铜,[等级2],
2026-05-20 13:46:36,2940509921748656,一杯冰美式,[捂脸][捂脸][捂脸],[等级3],[粉丝团 Lv5]
2026-05-20 13:46:36,4286328553608956,好听,讲一下耳机,[等级1],
2026-05-20 13:46:36,2816262866483979,拯救逃离世界🌍,哈哈哈哈哈哈哈,[等级15],
2026-05-20 13:46:36,1108739621660414,小M,这人这么菜怎么上战神的,[等级2],
2026-05-20 13:46:36,4468879230241195,我在边界,哈哈哈哈哈哈哈,[等级13],[粉丝团 Lv4]
2026-05-20 13:46:36,4233546532927219,🉑🈶🉑🈚,哈哈哈哈哈,[等级20],[粉丝团 Lv10]
2026-05-20 13:46:37,71830617955,認生若如初見,？,[等级31],[粉丝团 Lv16]
2026-05-20 13:46:37,64189257730,郝好好,哈哈哈哈哈,[等级20],[粉丝团 Lv9]
2026-05-20 13:46:37,96207184578,李哈哈               .,哈哈哈哈哈哈哈哈哈哈哈哈哈哈哈哈哈哈哈哈哈哈哈哈哈哈哈哈哈哈哈哈哈哈哈哈哈哈哈哈,[等级18],
2026-05-20 13:46:37,1596141804983624,桃桃纸&,[捂脸][捂脸][捂脸][捂脸],[等级11],[粉丝团 Lv10]
2026-05-20 13:46:38,3047482674388180,菜场在逃肥鸡,哈哈哈哈哈,[等级20],[粉丝团 Lv9]
2026-05-20 13:46:38,83588313892,满山猴子属你腚红,哈哈哈哈,[等级17],[粉丝团 Lv9]
2026-05-20 13:46:39,892413678724877,厌遇,[捂脸][笑哭][捂脸][笑哭][捂脸][笑哭],[等级24],[粉丝团 Lv7]
2026-05-20 13:46:39,101138818359,小鱼,[捂脸][捂脸][捂脸],[等级34],[粉丝团 Lv15]
2026-05-20 13:46:40,72813485275,皮皮皮,不去救队友，这个位置就不会丢。,[等级20],[粉丝团 Lv15]
2026-05-20 13:46:40,98773931120,彭志辉,这怎么上去段位,[等级5],
2026-05-20 13:46:40,101629850514,张老黑的飞哥⁵¹⁰⁷⁴,？谁啊,[等级33],[粉丝团 Lv16]
2026-05-20 13:46:40,68501036080,钱难有2021,哈哈哈,[等级10],[粉丝团 Lv8]
2026-05-20 13:46:40,64625641673,快乐人生🦞,[捂脸][捂脸][捂脸],[等级26],[粉丝团 Lv13]
2026-05-20 13:46:40,95115965858,Y☜☜P,一打一有防雷搞不明白他把那个高点放了[捂脸],[等级25],
2026-05-20 13:46:40,104909302196,B·Jul²⁶·Cnc,哈哈哈哈,[等级18],[粉丝团 Lv11]
2026-05-20 13:46:42,233519300221879,过🔥,[捂脸][捂脸][捂脸],[等级25],[粉丝团 Lv15]
2026-05-20 13:46:42,83537082186,এ᭄谭ོꦿృ༊,叫他去挂个骨科,[等级3],
2026-05-20 13:46:42,3963110456564447,7n,队友一点都不欧美,[等级13],
2026-05-20 13:46:42,68189106631,𝑶𝒏𝒆,@面具 少甩你那个没用的问号,[等级30],[粉丝团 Lv10]
2026-05-20 13:46:42,4503658257446344,🥐cornetto,张老黑晚上有约会吗,[等级41],[粉丝团 Lv7]
2026-05-20 13:46:42,4468879230241195,我在边界,咋那么好笑,[等级13],[粉丝团 Lv4]
2026-05-20 13:46:43,68033173728,Johnny✨⁵¹⁰⁷⁴,[尬笑][尬笑][尬笑],[等级31],[粉丝团 Lv16]
2026-05-20 13:46:43,2816262866483979,拯救逃离世界🌍,哈哈哈哈哈哈哈,[等级15],
2026-05-20 13:46:44,108825768878,南山居士,@一等兵甘 你说儿豁,[等级1],
2026-05-20 13:46:46,108160051507,野猫,[比心][比心][比心][比心],[等级30],[粉丝团 Lv10]
2026-05-20 13:46:46,83588313892,满山猴子属你腚红,笑死我了,[等级17],[粉丝团 Lv9]
2026-05-20 13:46:46,104596718632,醉眼看人间,哈哈哈哈,[等级19],[粉丝团 Lv14]
2026-05-20 13:46:46,88166185905,倒头就睡,主播可以给他推荐一个耳机,[等级5],
2026-05-20 13:46:47,247862868838872,林曦,哈哈哈哈520快乐,[等级5],[粉丝团 Lv3]
2026-05-20 13:46:50,23880152677,阿龙啊！,老黑的声音越来越好听了[色],[等级19],[粉丝团 Lv1]
2026-05-20 13:46:50,420439951417747,zzk,啊嘛，背时了,[等级25],
2026-05-20 13:46:50,3320135366225335,高处不胜韩,为什么战神还能匹配这样的人际,[等级13],[粉丝团 Lv1]
2026-05-20 13:46:51,1926820010929015,༺国༒人༻,气死了，我要去吃一斤折耳根消消气,[等级19],[粉丝团 Lv10]
2026-05-20 13:46:51,2648066282757614,爱笑☺️,战神匹配的人感觉跟坤哥似的,[等级17],
2026-05-20 13:46:51,65450005228,55782156,别叫了，受不了了,[等级11],
2026-05-20 13:46:52,233519300221879,过🔥,这个老板得多送,[等级25],[粉丝团 Lv15]
2026-05-20 13:46:53,3081266249862527,糯米,什么动静,[等级5],[粉丝团 Lv7]
2026-05-20 13:46:53,6965023697,云开日出,今天吃鸡了吗,[等级9],[粉丝团 Lv7]
2026-05-20 13:46:57,3617832573885482,、 •半世so倾城，号,没子弹也得拿着,[等级9],
2026-05-20 13:46:57,2172229561625960,好嗨哟,学得真像,[等级25],[粉丝团 Lv13]
2026-05-20 13:46:58,1358623554415742,Bemycat,老黑真21吗？不信,[等级25],
2026-05-20 13:46:58,88166185905,倒头就睡,他就知道人在哪了哈哈,[等级5],
2026-05-20 13:46:58,1799236215641039,静以生慧,别刷啦，留着晚上加钟,,
2026-05-20 13:46:58,7476905812037420089,小小.🐢,520快乐,[等级1],
2026-05-20 13:46:59,58923398132,So What,那个说报点的，游戏ID 陈不了冠希    是吧？？,[等级27],[粉丝团 Lv10]
2026-05-20 13:47:00,420439951417747,zzk,啊嘛，背时了,[等级25],
2026-05-20 13:47:00,1455350881721268,弋🍓🍓,呼叫 玛卡巴卡吧[看][看],[等级13],[粉丝团 Lv12]
2026-05-20 13:47:00,55159220102,BWRZ（记录美好）,[衰][干饭人][偷笑][嘘]下饭,[等级36],[粉丝团 Lv16]
2026-05-20 13:47:00,3671976556895853,一只睫毛精啊,老黑，你的旧耳机卖吗，我收,[等级16],[粉丝团 Lv11]
2026-05-20 13:47:00,107746609446,从头再来,打完这把下班,[等级25],[粉丝团 Lv1]
2026-05-20 13:47:03,103424488214,子枫哥哥,为啥不拿弓箭射呢,[等级10],
2026-05-20 13:47:05,73755488561,征服,四川女人说话嗓子都好听,[等级17],[粉丝团 Lv1]
2026-05-20 13:47:05,59133158910,初云子空,有点意思啊，俩草人，俩绷带。,[等级10],[粉丝团 Lv6]
2026-05-20 13:47:05,3931442832752413,财来吧,有没有哇哈哈哈哈哈哈哈哈哈矿泉水[捂脸],[等级7],
2026-05-20 13:47:05,5140716652,滚烫的大米饭,你不气就行，气黑子可以,[等级33],[粉丝团 Lv12]
2026-05-20 13:47:06,2629659676384440,东北小土豆,哇这对看起来很厉害,[等级15],[粉丝团 Lv8]
2026-05-20 13:47:09,4468879230241195,我在边界,下次留多点子弹,[等级13],[粉丝团 Lv4]
2026-05-20 13:47:11,99961872378,如意hgjgfg,近距离要用伤害高的,[等级21],
2026-05-20 13:47:12,55159220102,BWRZ（记录美好）,深情我交易失败了[看],[等级36],[粉丝团 Lv16]
2026-05-20 13:47:12,99036159387,乐之,可惜了，本可以稳稳吃鸡,[等级16],[粉丝团 Lv4]
2026-05-20 13:47:13,3382539202083359,好鸡爪,这局队友可以啊！,[等级14],[粉丝团 Lv4]
2026-05-20 13:47:14,4468879230241195,我在边界,不要靠队友了,[等级13],[粉丝团 Lv4]
2026-05-20 13:47:15,99598809477,兯 弼,就六你[捂脸],[等级24],
2026-05-20 13:47:15,106623605898,鹏哥日常,猫局呢,[等级7],[粉丝团 Lv3]
2026-05-20 13:47:16,92504566460,看星,我匹配过这种，全程倒地也不开麦，就是一副你爱救不救[尴尬流汗],[等级13],
2026-05-20 13:47:16,3047482674388180,菜场在逃肥鸡,@lutao 神人,[等级20],[粉丝团 Lv9]
2026-05-20 13:47:23,104803807561,大海.,有你的每一天都是520[舔屏][舔屏],[等级20],[粉丝团 Lv10]
2026-05-20 13:47:23,1257437656002798,某某.,@kn 圣母来了,[等级34],[粉丝团:张君雅 Lv16]
2026-05-20 13:47:25,67117759546,仔健,祝老板大气.每一晚都是刺激战场,[等级10],
2026-05-20 13:47:25,77372456299,詠逺遮嚒嬡仪,不救队友，不会丢了阵地,[等级13],
2026-05-20 13:47:28,61241570074,一起养只猫,刚一号有点不灵活[捂脸],[等级22],[粉丝团 Lv13]
2026-05-20 13:47:29,102324402171,✨ོ 顾 名ོ✨,队友局哥的话就反应过来打别人了,[等级32],[粉丝团 Lv14]
2026-05-20 13:47:32,83536529771,9岁学亲嘴🤨,@小M 队友不是战神[捂脸],[等级30],
2026-05-20 13:47:32,104982936363,小达不溜,洗干净，抬进光子的房间。,[等级1],
2026-05-20 13:47:33,108160051507,野猫,[比心][比心][比心],[等级30],[粉丝团 Lv10]
2026-05-20 13:47:35,1913611961246308,好きあなた,我想得吃老黑,[等级13],[粉丝团 Lv2]
2026-05-20 13:47:36,109865294039,逗号,侥幸击杀张君雅,[等级17],
2026-05-20 13:47:38,60486120546,Lʟ‿ǐᥫᩣ路路💕᭄,520快乐,[等级11],[粉丝团 Lv3]
2026-05-20 13:47:39,1895194513901262,陈皮皮⁵¹⁰⁷⁴,@kn 伤谁了？,[等级28],[粉丝团 Lv16]
2026-05-20 13:47:41,111007266356,🔱守望w,@小小枫 怼谁了？,[等级29],[粉丝团 Lv15]
2026-05-20 13:47:42,3333337113706717,巴黎瑰尔卡斯烂,@Bemycat 34了,[等级11],
2026-05-20 13:47:44,100069497328,第二支羽毛,@kn 人家已经好起来了，你气不气？,[等级5],
2026-05-20 13:47:48,97873254852,没有月儿的夜,1号说我就想保着338子弹[看],[等级9],
2026-05-20 13:47:48,2172229561625960,好嗨哟,你笑得像周星驰,[等级25],[粉丝团 Lv13]
2026-05-20 13:47:49,3689574830449950,刘三哥,应该是开小差了吧！[微笑][捂脸][微笑][捂脸][微笑][捂脸][玫瑰][爱心][比心][赞][666],[等级27],
2026-05-20 13:47:50,109557373358,㿝児了,队友他不舍得338子弹给你,[等级8],[粉丝团 Lv4]
2026-05-20 13:47:50,3931442832752413,财来吧,就不应该救他，瞎跑,[等级7],
2026-05-20 13:47:53,440281476904203,小唐人,338进站也不强啊,[等级6],[粉丝团 Lv2]
2026-05-20 13:47:56,101453633735,一个坏坏的大叔,还好我只看直播不打游戏,[等级35],
2026-05-20 13:48:02,74344821957,海~~~~,拿手枪打的不是vss大佬吗？,[等级11],
2026-05-20 13:48:07,2234669848332717,高强，。,有低保[比心],[等级22],[粉丝团 Lv12]
2026-05-20 13:48:09,104940665492,一路向杨🌞,你叫他拿338，338没子弹[捂脸],[等级9],
2026-05-20 13:48:10,67937165574,迃幵,那么好位置跑什么，那坑里就有包,[等级15],[粉丝团 Lv9]
2026-05-20 13:48:13,101914056926,张哥哥,一年一季520来了，又到了小动物们嗯嗯嗯的时候了[捂脸][捂脸][捂脸][捂脸][捂脸],[等级28],[粉丝团 Lv10]
2026-05-20 13:48:15,7597413643777770545,哭哭马,我子弹不多了，嗯，我338没子弹了，准备换枪了[看][看][看][看],[等级14],
2026-05-20 13:48:18,4503658257446344,🥐cornetto,别教了学不会的,[等级41],[粉丝团 Lv7]
2026-05-20 13:48:19,4468879230241195,我在边界,他走位也不行啊，一号要往右拉，人家对面也在往右拉，一号拉都没拉好，没对上枪。,[等级13],[粉丝团 Lv4]
2026-05-20 13:48:19,84059834665,♬,想拿338子弹你让用338[捂脸],[等级21],
2026-05-20 13:48:21,4268750167092921,ℳ胤幽,猜猜张老黑能不能吃鸡[看],[等级2],[粉丝团 Lv1]
2026-05-20 13:48:21,61226321445560,路过,这个两面都能拍照,[等级10],[粉丝团 Lv6]
2026-05-20 13:48:23,100500267450,昨日一去不复返,二号包有ace他不捡,[等级13],[粉丝团 Lv7]
2026-05-20 13:48:23,97713593820,iD,懂了,[等级10],[粉丝团 Lv4]
2026-05-20 13:48:23,50478066270,🌈自渡亦渡人➠✪,思路正确,[等级23],[粉丝团 Lv11]
2026-05-20 13:48:25,1063955365639710,干掉你的霸气,没毛病,[等级11],[粉丝团 Lv4]
2026-05-20 13:48:25,61226321445560,路过,这个两面都能拍照,[等级10],[粉丝团 Lv6]
2026-05-20 13:48:27,2629659676384440,东北小土豆,好主意,[等级15],[粉丝团 Lv8]
2026-05-20 13:48:29,1063955365639710,干掉你的霸气,都是细节,[等级11],[粉丝团 Lv4]
2026-05-20 13:48:29,2172229561625960,好嗨哟,学废了,[等级25],[粉丝团 Lv13]
2026-05-20 13:48:32,3663228569664605,天空无云,@詠逺遮嚒嬡仪 是的队友不跑这把好打,[等级15],[粉丝团 Lv11]
2026-05-20 13:48:38,63441014318,平哥,队友拿好枪一直没打，还舍不得给你[捂脸],[等级6],
2026-05-20 13:48:41,61226321445560,路过,这个两面都能拍照,[等级10],[粉丝团 Lv6]
2026-05-20 13:48:41,100069497328,第二支羽毛,@kn 你快想想自己怎么挣钱的事吧，人家场场直播一万➕,[等级5],
2026-05-20 13:48:42,892413678724877,厌遇,雷霆打卡[不失礼貌的微笑][斜眼],[等级24],[粉丝团 Lv7]
2026-05-20 13:48:43,7571745879104406565,𝑨꯭𝑰꯭𝒐꯭𝒏꯭𝒆꯭。,就学吧，全是活,[等级2],
2026-05-20 13:48:43,7397478323271828504,￴￴ ￴￴ ￴ ￴￴,学费了,[等级10],[粉丝团 Lv3]
2026-05-20 13:48:45,55159220102,BWRZ（记录美好）,希望你们是真学会,[等级36],[粉丝团 Lv16]
2026-05-20 13:48:46,4503658257446344,🥐cornetto,后面椅子也可以开的,[等级41],[粉丝团 Lv7]
2026-05-20 13:48:47,55159220102,BWRZ（记录美好）,[看],[等级36],[粉丝团 Lv16]
2026-05-20 13:48:49,99129956951,难舍,真细,[等级10],[粉丝团 Lv8]
2026-05-20 13:48:57,4468879230241195,我在边界,这个地方上次一打四[看][看][看],[等级13],[粉丝团 Lv4]
2026-05-20 13:49:00,63692894359,寡人,昨天咋不播,[等级18],[粉丝团 Lv2]
2026-05-20 13:49:02,59133158910,初云子空,死亡三蹦子。,[等级10],[粉丝团 Lv6]
2026-05-20 13:49:02,61226321445560,路过,后面椅子也可以开,[等级10],[粉丝团 Lv6]
2026-05-20 13:49:03,4152235089211607,泰叁小商品,快来抓就她一人,[等级12],[粉丝团 Lv4]
2026-05-20 13:49:05,135964883951687,you(^_^)丹,南瓜车,[等级9],
2026-05-20 13:49:07,2626059501854419,安禾.,突然来自信了 有大手子和我打一把吗 [看],[等级16],[粉丝团 Lv11]
2026-05-20 13:49:08,1945459114393435,·𝑺𝒎𝒊𝒍𝒆✦,牛掰这个皮肤[捂脸][捂脸][捂脸],[等级15],[粉丝团 Lv10]
2026-05-20 13:49:08,110487983863,都怪你隐身太清晰,这皮肤[捂脸],[等级17],[粉丝团 Lv8]
2026-05-20 13:49:08,98246735303,妈妈说名字长才有美女聊天,老黑按照你教的我没有打过任何人[尬笑][尬笑],[等级28],[粉丝团 Lv1]
2026-05-20 13:49:10,3303400408884476,快乐小词,他338有开过枪吗,[等级24],
2026-05-20 13:49:11,87900359390,一个怡,@寡人 周二休息,[等级10],[粉丝团 Lv4]
2026-05-20 13:49:12,103591335296,礼,八嘎车,[等级20],[粉丝团 Lv10]
2026-05-20 13:49:14,4292115819138440,书荒,南瓜车好看啊[色],[等级10],[粉丝团 Lv4]
2026-05-20 13:49:15,166717067108636,🌈郁景严,这个三蹦子我有,[等级7],[粉丝团 Lv8]
2026-05-20 13:49:16,105413483630,永恒♡,学会了，现在上游戏，等会回来[爱心],[等级24],[粉丝团 Lv9]
2026-05-20 13:49:17,100069497328,第二支羽毛,@kn 就问你气不气😤羡慕去吧，你这辈子都做不到😞,[等级5],
2026-05-20 13:49:17,63620813609,黄金甲,这个好看,[等级8],[粉丝团 Lv10]
2026-05-20 13:49:21,22212740075,十五,要不你开个班吧,[等级14],[粉丝团 Lv11]
2026-05-20 13:49:25,96220936370,唐,队友太菜了,[等级12],[粉丝团 Lv7]
2026-05-20 13:49:25,7597413643777770545,哭哭马,338没子弹了怎么办，[看][看][看],[等级14],
2026-05-20 13:49:31,4503658257446344,🥐cornetto,学会个毛  读书时家里人拿着鸡毛毯子站后面都学不会,[等级41],[粉丝团 Lv7]
2026-05-20 13:49:32,1618113384421072,张仲明,这么老的皮肤也有,[等级7],
2026-05-20 13:49:36,2234669848332717,高强，。,有低保,[等级22],[粉丝团 Lv12]
2026-05-20 13:49:37,111001596003,飞行时间小游戏,[比心],[等级5],
2026-05-20 13:49:42,61226321445560,路过,这个两面都能拍照,[等级10],[粉丝团 Lv6]
2026-05-20 13:49:46,7597413643777770545,哭哭马,如果我队友说338没子弹了怎么办[捂脸][捂脸][捂脸],[等级14],
2026-05-20 13:49:47,3765201499085319,匹夫,不要怕，是人机,[等级17],[粉丝团 Lv9]
2026-05-20 13:49:51,71126905166,抖音小肋手,[捂脸][捂脸],[等级11],[粉丝团 Lv10]
2026-05-20 13:49:51,6472167828,顺城,@十五 以前他就是电竞老师,[等级22],[粉丝团 Lv15]
2026-05-20 13:49:51,61226321445560,路过,后面椅子也能开,[等级10],[粉丝团 Lv6]
2026-05-20 13:49:57,2419370855769710,随便逛逛,@十五 主播最开始就是开课的,[等级17],[粉丝团 Lv7]
2026-05-20 13:50:04,108429259992,。。。。。。。。,搁群不活跃被踢了[流泪][流泪][流泪][流泪][流泪],[等级15],[粉丝团 Lv11]
2026-05-20 13:50:06,7518448203093705785,🥛,520快乐,[等级9],
2026-05-20 13:50:06,73050273419,张全蛋的胸毛,唉,[等级23],[粉丝团 Lv15]
2026-05-20 13:50:06,59133158910,初云子空,？？？？,[等级10],[粉丝团 Lv6]
2026-05-20 13:50:07,1257437656002798,某某.,?,[等级34],[粉丝团:张君雅 Lv16]
2026-05-20 13:50:07,61988075528,王者荣耀法师妲己,[捂脸],[等级7],
2026-05-20 13:50:07,2731604610385293,微Ψ🪴,？,[等级16],
2026-05-20 13:50:08,55159220102,BWRZ（记录美好）,啥,[等级36],[粉丝团 Lv16]
2026-05-20 13:50:08,95115965858,Y☜☜P,诶,[等级25],
2026-05-20 13:50:08,70923711471,辣椒🌶️,[捂脸][捂脸][捂脸],[等级14],[粉丝团 Lv7]
2026-05-20 13:50:09,103233621903,🌈岁月有声🌈,唉,[等级19],[粉丝团 Lv4]
2026-05-20 13:50:09,55159220102,BWRZ（记录美好）,？,[等级36],[粉丝团 Lv16]
2026-05-20 13:50:10,110012786240,小猫饼,666,[等级22],[粉丝团 Lv12]
2026-05-20 13:50:10,4503658257446344,🥐cornetto,3号位 他被车撞死了,[等级41],[粉丝团 Lv7]
2026-05-20 13:50:10,1978775559473902,🌈雨夜歌笙,？,[等级22],[粉丝团 Lv10]
2026-05-20 13:50:11,118350347777683,孙孙,？,[等级19],[粉丝团 Lv3]
2026-05-20 13:50:11,1478159719214247,热心村民,？,[等级15],[粉丝团 Lv9]
2026-05-20 13:50:11,67861321444,🌈WWL.,唉,[等级8],
2026-05-20 13:50:12,1304490118489299,蒹葭萋萋,哈哈,[等级13],[粉丝团 Lv10]
2026-05-20 13:50:12,55159220102,BWRZ（记录美好）,这是啥,[等级36],[粉丝团 Lv16]
2026-05-20 13:50:12,1066962344239722,番茄🍅炒西红柿,？？？,[等级8],[粉丝团 Lv11]
2026-05-20 13:50:13,102957440086,白总,好听,[等级16],
2026-05-20 13:50:13,61988075528,王者荣耀法师妲己,管用,[等级7],
2026-05-20 13:50:14,1094766260652222,愿卿安,?,[等级23],[粉丝团 Lv12]
2026-05-20 13:50:14,86296371858,草根,主播还怕有人呢,[等级23],
2026-05-20 13:50:14,69744655621,满山的猴子我腚最红❤,许愿呢,[等级5],
2026-05-20 13:50:15,55159220102,BWRZ（记录美好）,？,[等级36],[粉丝团 Lv16]
2026-05-20 13:50:16,68033173728,Johnny✨⁵¹⁰⁷⁴,？,[等级31],[粉丝团 Lv16]
2026-05-20 13:50:17,73133140989,行稳致远,真是过节了[赞],[等级31],[粉丝团 Lv15]
2026-05-20 13:50:18,68423550125,Love the way you lie,？,[等级15],[粉丝团 Lv11]
2026-05-20 13:50:19,78762229113773,@乘风破浪&,？！？！？！？！？！,[等级14],
2026-05-20 13:50:19,3117841111319639,游钓、江湖,我听到了，听到了，下次别叫了[捂脸][捂脸][捂脸][捂脸],[等级21],[粉丝团 Lv4]
2026-05-20 13:50:19,61836860811,李知恩ovo,不是哥们？,[等级11],
2026-05-20 13:50:19,65778803461,泽♎,[捂脸][捂脸][捂脸][捂脸][捂脸],[等级45],
2026-05-20 13:50:19,1081574460239063,🌈我是、打酱油的,唉,[等级45],
2026-05-20 13:50:20,72829798350,瑄,来抓你了,[等级11],
2026-05-20 13:50:20,110782924715,🌈世态炎凉,给你了,[等级12],
2026-05-20 13:50:20,81335611617,遇  见𓁙,唉,[等级19],
2026-05-20 13:50:20,103480902187,橙子,没白喊,[等级36],[粉丝团 Lv16]
2026-05-20 13:50:20,4242394021103421,豆豆Z☡zᶻ,哎呀wk,[等级15],[粉丝团 Lv9]
2026-05-20 13:50:21,77557527972,🍀,没白叫,[等级18],[粉丝团 Lv5]
2026-05-20 13:50:21,73262120614,慧子大人,妈呀   这运气[赞],[等级14],[粉丝团 Lv12]
2026-05-20 13:50:21,1094766260652222,愿卿安,要凉,[等级23],[粉丝团 Lv12]
2026-05-20 13:50:21,61772282639,🦄潇洒的茂茂哥💋,[尬笑][奸笑][尬笑][九转大肠],[等级32],[粉丝团 Lv11]
2026-05-20 13:50:22,1707980707871976,喵叔,[赞][赞][赞][666][666][666],,
2026-05-20 13:50:22,4468879230241195,我在边界,美了美了美了,[等级13],[粉丝团 Lv4]
2026-05-20 13:50:23,53463059062,行了别说了,这还说啥了,[等级17],[粉丝团 Lv11]
2026-05-20 13:50:23,99969714218,哈哈哈嗝～,要就给啊，wtf[流泪],[等级3],[粉丝团 Lv2]
2026-05-20 13:50:23,4242394021103421,豆豆Z☡zᶻ,咋,[等级15],[粉丝团 Lv9]
2026-05-20 13:50:25,76296653265,X、Y,牛逼,[等级20],[粉丝团 Lv13]
2026-05-20 13:50:25,58558377412,熬耶,过年了,[等级21],[粉丝团 Lv7]
2026-05-20 13:50:25,99961872378,如意hgjgfg,老黑 运气很好,[等级21],
2026-05-20 13:50:25,75074864300,落叶,?[捂脸],[等级21],
2026-05-20 13:50:26,104964480888,孟秋清素·向宁,天降正义来一发,[等级9],
2026-05-20 13:50:26,100481599666,核桃不是桃,牛皮666666,[等级3],[粉丝团 Lv8]
2026-05-20 13:50:26,51890677315,娜 頭婞諨の🐷  󰠇,没意思,[等级20],
2026-05-20 13:50:26,75652282317,m,一波肥,[等级7],[粉丝团 Lv10]
2026-05-20 13:50:27,100056462711,是玲玲吖丶ᥫᩣ,再来个弓,[等级29],[粉丝团 Lv8]
2026-05-20 13:50:27,2731604610385293,微Ψ🪴,这对劲吗？,[等级16],
2026-05-20 13:50:27,84059834665,♬,说来就来 光子你什么意思,[等级21],
2026-05-20 13:50:28,4242394021103421,豆豆Z☡zᶻ,吃这么好呢,[等级15],[粉丝团 Lv9]
2026-05-20 13:50:29,526014846337340,王思静,wdf？,[等级6],[粉丝团 Lv9]
2026-05-20 13:50:29,3765201499085319,匹夫,叫的好，赏你了,[等级17],[粉丝团 Lv9]
2026-05-20 13:50:29,55159220102,BWRZ（记录美好）,光子我要验牌,[等级36],[粉丝团 Lv16]
2026-05-20 13:50:31,4468879230241195,我在边界,起飞起飞,[等级13],[粉丝团 Lv4]
2026-05-20 13:50:31,59161987298,猫咪喵,520快乐,[等级21],[粉丝团 Lv12]
2026-05-20 13:50:31,103591335296,礼,王德法 又得吃了姐妹,[等级20],[粉丝团 Lv10]
2026-05-20 13:50:32,2773420597327402,🛵吃俺老孙一棒,啥子意思？！今天猫局上不了号了。？？这运气,,
2026-05-20 13:50:33,100369229181,富贵哥,你开了？全是好玩意儿,[等级27],
2026-05-20 13:50:33,69555148398,🌈明天或者以后吧🍃𓆡𓆝𓆟?,这把要起飞了[呲牙],[等级16],[粉丝团 Lv13]
2026-05-20 13:50:36,729718750986008,🤡,抖音叫父1V4[捂脸][捂脸][捂脸][捂脸],,
2026-05-20 13:50:36,3382539202083359,好鸡爪,520快乐双倍快乐！,[等级14],[粉丝团 Lv4]
2026-05-20 13:50:38,74250557144,顾辞,真贪啊老黑,[等级27],[粉丝团 Lv7]
2026-05-20 13:50:39,3217590614251040,@丫丫,过节了，给点好的[捂脸],[等级8],[粉丝团 Lv11]
2026-05-20 13:50:39,3935839844571848,慕,光子的520礼物？,[等级40],[粉丝团 Lv9]
2026-05-20 13:50:44,4396317798323683,杭州  云南男模,老黑怎么不去约会,[等级2],
2026-05-20 13:50:46,99961872378,如意hgjgfg,老黑出门遇到帅哥,[等级21],
2026-05-20 13:50:46,6472167828,顺城,许愿,[等级22],[粉丝团 Lv15]
2026-05-20 13:50:46,426258197911918,稳妥,爸爸都喊出来，P90肯定稳了[捂脸],[等级10],
2026-05-20 13:50:46,55159220102,BWRZ（记录美好）,我要验牌,[等级36],[粉丝团 Lv16]
2026-05-20 13:50:48,7597413643777770545,哭哭马,队友，p90没子弹了，有没有子弹[看][看],[等级14],
2026-05-20 13:50:48,2916326503629885,用户8869052474629,老黑打单人四排 今天是520[流泪][流泪][流泪][流泪][流泪],[等级16],
2026-05-20 13:50:48,2773420597327402,🛵吃俺老孙一棒,这是拿猫局今天换的。？,,
2026-05-20 13:50:49,4471092260133100,嫩爸,春秋大梦,[等级17],
2026-05-20 13:50:51,1816840123723384,乐在旅途🌈,好好好 都给你,[等级2],[粉丝团 Lv2]
2026-05-20 13:50:51,110738884421,ぃ 流年┈━═☆,说，又用局哥什么换的？,[等级15],[粉丝团 Lv10]
2026-05-20 13:50:54,68423550125,Love the way you lie,[看][看][看][看][看],[等级15],[粉丝团 Lv11]
2026-05-20 13:50:54,4503669836332557,栩多渝🌽⚡️🌙,520快乐520快乐520快乐,[等级11],[粉丝团 Lv10]
2026-05-20 13:50:58,68171781626,花辞树,哪里来的啤酒瓶,[等级24],[粉丝团 Lv11]
2026-05-20 13:50:59,3367119101376588,又赢了,幺女太乖了,[等级4],[粉丝团 Lv5]
2026-05-20 13:51:00,380881911154506,｛千城墨白｝,直接给你刷个嘉年华吧,[等级7],[粉丝团 Lv10]
2026-05-20 13:51:00,4503658257446344,🥐cornetto,吃着碗里的看着锅里的,[等级41],[粉丝团 Lv7]
2026-05-20 13:51:03,97943098015,经典,爆炸工在自救哪,[等级17],[粉丝团 Lv11]
2026-05-20 13:51:07,70827147153,晚风_,直接刷个🐔不完了嘛[捂脸][捂脸][捂脸],[等级24],
2026-05-20 13:51:09,111562007267,冬灼.,两港总督又来督办N港事务了,[等级21],[粉丝团 Lv4]
2026-05-20 13:51:10,4468879230241195,我在边界,@ぃ 流年┈━═☆ 晋级赛吧哈哈哈哈哈哈哈哈哈哼,[等级13],[粉丝团 Lv4]
2026-05-20 13:51:10,74634108916,空城旧颜,给你刷个东方41,[等级14],[粉丝团 Lv8]
2026-05-20 13:51:13,4503658257446344,🥐cornetto,张老贪,[等级41],[粉丝团 Lv7]
2026-05-20 13:51:13,77557527972,🍀,许愿去庙里,[等级18],[粉丝团 Lv5]
2026-05-20 13:51:16,66938132567,我的名字,这游戏有那玩意儿？,[等级9],[粉丝团 Lv10]
2026-05-20 13:51:16,102469975321,✨名门⭐️,单人四排了！,[等级19],[粉丝团 Lv15]
2026-05-20 13:51:16,59133158910,初云子空,队友要走远了，刚开局。,[等级10],[粉丝团 Lv6]
2026-05-20 13:51:16,2773420597327402,🛵吃俺老孙一棒,拿今天猫局的子孙换的。？？,,
2026-05-20 13:51:18,4221762087166973,拒绝刘亦菲18402次,单人四排,[等级4],[粉丝团 Lv2]
2026-05-20 13:51:25,85901331023,H e i n e k e n,都白了[捂脸],[等级17],[粉丝团 Lv2]
2026-05-20 13:51:28,4406462741749927,关你什么柿🍤,雅雅，昨天没直播我都想你了,[等级11],
2026-05-20 13:51:30,97806080834,🚬ღ᭄辭ꦿ࿐,让光子给你刷个嘉年华得了呗,[等级21],[粉丝团 Lv15]
2026-05-20 13:51:33,69998979654,时光机,张雅君,[等级7],
2026-05-20 13:51:36,102420886252,木槿～,没开麦,[等级7],
2026-05-20 13:51:37,73133140989,行稳致远,整个海岛都是你的,[等级31],[粉丝团 Lv15]
2026-05-20 13:51:43,102469975321,✨名门⭐️,赢了,[等级19],[粉丝团 Lv15]
2026-05-20 13:51:47,73133140989,行稳致远,[捂脸][捂脸],[等级31],[粉丝团 Lv15]
2026-05-20 13:51:47,2480143996559767,……,老天给我刷个张君雅吧，带回家给我做饭,,
2026-05-20 13:51:48,2773420597327402,🛵吃俺老孙一棒,猫局又损失了几亿后代了。,,
2026-05-20 13:51:53,1512542077459805,记得晒太阳,明明是谁,[等级18],[粉丝团 Lv9]
2026-05-20 13:51:56,99961872378,如意hgjgfg,这局是单排,[等级21],
2026-05-20 13:51:58,3765201499085319,匹夫,错觉,[等级17],[粉丝团 Lv9]
2026-05-20 13:51:58,101449134896,多余,给你刷个男朋友，不要天天抛头露脸了[捂脸][捂脸][捂脸],[等级1],
2026-05-20 13:52:00,135964883951687,you(^_^)丹,队友好菜,[等级9],
2026-05-20 13:52:02,4503658257446344,🥐cornetto,光子听到了,[等级41],[粉丝团 Lv7]
2026-05-20 13:52:10,118350347777683,孙孙,许愿呢哈哈哈,[等级19],[粉丝团 Lv3]
2026-05-20 13:52:11,4077468555678124,七月,明明错了,[等级26],[粉丝团 Lv10]
2026-05-20 13:52:13,97943098015,经典,爆炸工在自救哪屋,[等级17],[粉丝团 Lv11]
2026-05-20 13:52:14,2520546892325131,吾王旺,君牙和我过520,[等级8],
2026-05-20 13:52:16,99017994496,彭先生,3号是高手,[等级14],
2026-05-20 13:52:16,100910484972,ㅤ ㅤㅤㅤ ㅤ,明明不好使,[等级19],[粉丝团 Lv12]
2026-05-20 13:52:20,4152235089211607,泰叁小商品,人机,[等级12],[粉丝团 Lv4]
2026-05-20 13:52:20,97943098015,经典,爆炸工在自救哪屋,[等级17],[粉丝团 Lv11]
2026-05-20 13:52:22,1244275231700855,小伍哥疯了,你这眼睛精的很。,[等级18],
2026-05-20 13:52:27,69742604573,雾里看晨曦,这么快就啤酒瓶了？,[等级26],[粉丝团 Lv13]
2026-05-20 13:52:37,3927077882177272,隐昔,回音,[等级15],[粉丝团 Lv11]
2026-05-20 13:52:39,55159220102,BWRZ（记录美好）,[偷笑][嘘][衰][干饭人],[等级36],[粉丝团 Lv16]
2026-05-20 13:52:40,1456169111790891,隔壁老王,听不出，有枪标啊,[等级16],[粉丝团 Lv7]
2026-05-20 13:52:42,97943098015,经典,爆炸工在自救哪屋,[等级17],[粉丝团 Lv11]
2026-05-20 13:52:49,2916326503629885,用户8869052474629,猫局你去哪里了 今天520老黑一个人在打单人四排[流泪][流泪][流泪][流泪][流泪][流泪],[等级16],
2026-05-20 13:52:53,4200585207743172,I·,@经典 那个不是,[等级11],[粉丝团 Lv4]
2026-05-20 13:53:01,714058029336700,用户2464377278903,怎么看见的,,
2026-05-20 13:53:01,2665697062160392,哈喽啊啊额个,怎么没有人抓老黑,[等级11],
2026-05-20 13:53:03,4468879230241195,我在边界,@用户8869052474629 他晚上来,[等级13],[粉丝团 Lv4]
2026-05-20 13:53:04,98438165898,湘厨，小军哥,快跑,[等级7],
2026-05-20 13:53:06,7434148311915660347,0890（小号)张,？？？？,[等级20],[粉丝团 Lv3]
2026-05-20 13:53:06,85901331023,H e i n e k e n,你的实力 你不拍,[等级17],[粉丝团 Lv2]
2026-05-20 13:53:08,109997658670,七月🐮,自作聪明,[等级13],[粉丝团 Lv11]
2026-05-20 13:53:09,96634895357,刘先森,哦豁,[等级16],
2026-05-20 13:53:10,64625641673,快乐人生🦞,一个已经过马路了,[等级26],[粉丝团 Lv13]
2026-05-20 13:53:12,97943098015,经典,爆炸工在自救哪屋,[等级17],[粉丝团 Lv11]
2026-05-20 13:53:12,72787064272,叶叶叶,你的车子开不动了,[等级11],[粉丝团 Lv11]
2026-05-20 13:53:14,2665697062160392,哈喽啊啊额个,就想看老黑被窥屏抓,[等级11],
2026-05-20 13:53:16,4503658257446344,🥐cornetto,谁给我推荐一个路由器啊,[等级41],[粉丝团 Lv7]
2026-05-20 13:53:20,103591335296,礼,@用户8869052474629 假粉丝，老局晚上播,[等级20],[粉丝团 Lv10]
2026-05-20 13:53:22,3689574830449950,刘三哥,大忽悠[微笑][捂脸][666],[等级27],
2026-05-20 13:53:29,71126905166,抖音小肋手,[捂脸][捂脸],[等级11],[粉丝团 Lv10]
2026-05-20 13:53:32,4503658257446344,🥐cornetto,我要去砸路由器了,[等级41],[粉丝团 Lv7]
2026-05-20 13:53:38,4503699279715189,落叶孤烟,干了他，都是你的,[等级7],[粉丝团 Lv6]
2026-05-20 13:53:40,2598852135749171,孫,在慢点338没子弹了,[等级17],
2026-05-20 13:53:40,2506534979118141,18岁超雄老奶,不是338好像是新枪,[等级21],[粉丝团 Lv11]
2026-05-20 13:53:50,71126905166,抖音小肋手,[捂脸][捂脸][捂脸],[等级11],[粉丝团 Lv10]
2026-05-20 13:53:59,7512667169890239546,有米老板,守密室,,
2026-05-20 13:54:00,55159220102,BWRZ（记录美好）,[衰][干饭人],[等级36],[粉丝团 Lv16]
2026-05-20 13:54:03,71830617955,認生若如初見,[捂脸][尬笑],[等级31],[粉丝团 Lv16]
2026-05-20 13:54:04,96105019490,以后,堵桥,[等级12],[粉丝团 Lv5]
2026-05-20 13:54:05,68990608858,夏雨天,竞速模式打开[呲牙][呲牙][呲牙],[等级14],[粉丝团 Lv1]
2026-05-20 13:54:05,4503658257446344,🥐cornetto,三缸的,[等级41],[粉丝团 Lv7]
2026-05-20 13:54:07,86296371858,草根,这么怂个主播,[等级23],
2026-05-20 13:54:08,59121170515,赢正景,天降正义[捂脸],[等级18],[粉丝团 Lv9]
2026-05-20 13:54:10,3143595301,懒洋洋,拉的真远[捂脸][捂脸][捂脸],[等级26],[粉丝团 Lv12]
2026-05-20 13:54:11,99029196184,分不清大小王女士,天降正义,[等级24],[粉丝团 Lv11]
2026-05-20 13:54:12,90136122413,Jean♥,把跑路说的那么宏伟,,
2026-05-20 13:54:12,99685724820,2018,天降正义,[等级12],[粉丝团 Lv8]
2026-05-20 13:54:12,582102788084313,知进退，明得失,[看]自己有啤酒瓶还不允许别人有338,[等级6],[粉丝团 Lv10]
2026-05-20 13:54:13,102718285717,子宸（地铁逃生）,@18岁超雄老奶 一听就是338,[等级15],[粉丝团 Lv10]
2026-05-20 13:54:13,1456169111790891,隔壁老王,不会挨炸吧[看],[等级16],[粉丝团 Lv7]
2026-05-20 13:54:14,102057833976,就事论事,1v四是咱们的绝活,[等级7],[粉丝团 Lv9]
2026-05-20 13:54:15,98246735303,妈妈说名字长才有美女聊天,帮队友,[等级28],[粉丝团 Lv1]
2026-05-20 13:54:20,97708976377,爱C艺,堵桥啊,[等级11],
2026-05-20 13:54:23,2234669848332717,高强，。,有低保[捂脸],[等级22],[粉丝团 Lv12]
2026-05-20 13:54:24,93294132956,胡正春,天降正义,[等级27],[粉丝团 Lv10]
2026-05-20 13:54:28,97763433901,空明溯流光,你队友再倒就要快扶不起来,[等级15],[粉丝团 Lv9]
2026-05-20 13:54:28,59057190092,怕坡手爱骑行,去帮帮队友,[等级17],[粉丝团 Lv2]
2026-05-20 13:54:29,4242394021103421,豆豆Z☡zᶻ,队友打了一万年,[等级15],[粉丝团 Lv9]
2026-05-20 13:54:29,4503658257446344,🥐cornetto,老爷车动力杠杠的,[等级41],[粉丝团 Lv7]
2026-05-20 13:54:30,108160051507,野猫,不是拉扯么？,[等级30],[粉丝团 Lv10]
2026-05-20 13:54:30,55159220102,BWRZ（记录美好）,[偷笑][嘘],[等级36],[粉丝团 Lv16]
2026-05-20 13:54:32,83551245638,月亮姐姐,去帮帮队友吧，感觉他们坚持不住了,[等级13],
2026-05-20 13:54:33,14271251266,和🇨🇳天下,过来是要开密室的[捂脸][捂脸],[等级6],[粉丝团 Lv6]
2026-05-20 13:54:33,153557319812315,我非池中物,守密室,[等级15],[粉丝团 Lv4]
2026-05-20 13:54:34,97727744500,倾城旧梦,救队友吧,[等级34],
2026-05-20 13:54:36,55159220102,BWRZ（记录美好）,呢算了,[等级36],[粉丝团 Lv16]
2026-05-20 13:54:40,109163960668,༺.͡ꦿ᭄ღ过客᭄ꦿ༃,都懂都懂,[等级21],
2026-05-20 13:54:41,108160051507,野猫,咋跑了,[等级30],[粉丝团 Lv10]
2026-05-20 13:54:43,68717365116,凯,队友挺顽强,[等级18],[粉丝团 Lv4]
2026-05-20 13:54:47,71160820369,李先生,不要怂啊，大老黑,[等级30],[粉丝团 Lv3]
2026-05-20 13:54:49,64918869228,☀️猫九🐬,为啥这么卡,[等级18],[粉丝团 Lv5]
2026-05-20 13:54:49,111212127326,琉璃叶,可以把加速点上，会更快些,[等级5],[粉丝团 Lv2]
2026-05-20 13:54:50,95630049825,老廖,赶紧呼叫爱徒护驾,[等级29],[粉丝团 Lv15]
2026-05-20 13:55:01,81907321879,鹿宸夕,展示车皮,[等级6],[粉丝团 Lv8]
2026-05-20 13:55:03,4503658257446344,🥐cornetto,满编,[等级41],[粉丝团 Lv7]
2026-05-20 13:55:05,4242394021103421,豆豆Z☡zᶻ,来贴车皮了[捂脸],[等级15],[粉丝团 Lv9]
2026-05-20 13:55:08,92861533806,🌈Gspecialc,队友倒三四次了，就是不噶[看],[等级14],[粉丝团 Lv4]
2026-05-20 13:55:09,2532873957280568,未来的主人已成翁,车模,[等级8],[粉丝团 Lv4]
2026-05-20 13:55:09,91708370588,一个甜菜,猫局请假了吗,[等级11],
2026-05-20 13:55:09,405064917457262,电音少女墨菲特,338,[等级20],[粉丝团 Lv1]
2026-05-20 13:55:15,4242394021103421,豆豆Z☡zᶻ,哈哈哈哈哈哈,[等级15],[粉丝团 Lv9]
2026-05-20 13:55:16,97708976377,爱C艺,堵桥啊,[等级11],
2026-05-20 13:55:17,3569492075487243,懒得取名字,这个车皮好风骚啊,[等级8],[粉丝团 Lv10]
2026-05-20 13:55:23,105048712497,鱼多多,能破蛋吗,[等级17],
2026-05-20 13:55:24,4503658257446344,🥐cornetto,你玩侠盗飞车？,[等级41],[粉丝团 Lv7]
2026-05-20 13:55:25,95114696630,楠De小雨天气💦,2号奄奄一息了[捂脸],[等级19],[粉丝团 Lv7]
2026-05-20 13:55:29,96907518366,໑ຼ᭄淡༄蓝°ꦿ,单身狗,[等级30],[粉丝团 Lv12]
2026-05-20 13:55:30,67002276017,🐳,播报是迷惑你的 新播报可以隐藏,[等级14],
2026-05-20 13:55:33,95114696630,楠De小雨天气💦,2号奄奄一息了[捂脸],[等级19],[粉丝团 Lv7]
2026-05-20 13:55:34,1244275231700855,小伍哥疯了,堵桥,[等级18],
2026-05-20 13:55:34,7025696715516,挽风,没油了,,
2026-05-20 13:55:36,96944065753,骨子里的傲气,没开麦,[等级14],
2026-05-20 13:55:38,61210039692168,星星,没开麦,[等级23],[粉丝团 Lv2]
2026-05-20 13:55:40,55159220102,BWRZ（记录美好）,[懵],[等级36],[粉丝团 Lv16]
2026-05-20 13:55:40,4383112373738923,蒜皮儿,自言自语[捂脸][捂脸][捂脸],,
2026-05-20 13:55:43,3877321877752948,七年,队友药都没了[捂脸][捂脸][捂脸],[等级30],
2026-05-20 13:55:45,68990608858,夏雨天,新枪哒哒哒，338叭叭叭,[等级14],[粉丝团 Lv1]
2026-05-20 13:55:46,1684043040045870,昊_,338好用还是M249,[等级30],
2026-05-20 13:55:48,3931442832752413,财来吧,这混子想去捡包[捂脸],[等级7],
2026-05-20 13:55:48,93294132956,胡正春,去送快递了,[等级27],[粉丝团 Lv10]
2026-05-20 13:55:49,2506534979118141,18岁超雄老奶,@子宸（地铁逃生） 哦哦，好吧,[等级21],[粉丝团 Lv11]
2026-05-20 13:55:51,81792345938,十禾,加个油再走,[等级17],[粉丝团 Lv6]
2026-05-20 13:55:51,63739222882,༺℘静࿚,@一个甜菜 猫局都好久中午不播了，只播晚上,[等级24],[粉丝团 Lv11]
2026-05-20 13:55:51,7518448203093705785,🥛,棺材⚰️车,[等级9],
2026-05-20 13:55:52,83866803477,阿瑞与狗、,亮红灯了2号,[等级4],
2026-05-20 13:55:52,75006416226,@林果果呀,头婚还是二婚,[等级32],
2026-05-20 13:55:53,111520607759,嗦嘎,君雅有车币卖吗@张君雅1v4⁸⁰⁰⁸,[等级22],
2026-05-20 13:55:59,75006416226,@林果果呀,头婚还是二婚,[等级32],
2026-05-20 13:56:01,100513541412,小鱼翻大浪,劳斯莱斯吗？,[等级27],[粉丝团 Lv5]
2026-05-20 13:56:01,95114696630,楠De小雨天气💦,开麦也,[等级19],[粉丝团 Lv7]
2026-05-20 13:56:03,110527293027,【柳哥】,老黑今天嫁人了,[等级27],[粉丝团 Lv12]
2026-05-20 13:56:07,4213756464205448,✺◟(∗❛ัᴗ❛ั∗)◞✺秋风扫落叶,2号弹尽粮绝了,[等级9],
2026-05-20 13:56:07,96701157391,可否允我再少年（阿v）,你这个波音一样的声音,[等级24],[粉丝团 Lv12]
2026-05-20 13:56:16,2798671553367552,⋅,老黑今天生日,[等级17],
2026-05-20 13:56:24,55159220102,BWRZ（记录美好）,[偷笑][嘘],[等级36],[粉丝团 Lv16]
2026-05-20 13:56:30,55159220102,BWRZ（记录美好）,漂亮,[等级36],[粉丝团 Lv16]
2026-05-20 13:56:40,99372859314,启  夏,[捂脸][捂脸][捂脸],[等级25],[粉丝团 Lv15]
2026-05-20 13:56:42,3689574830449950,刘三哥,不是这延迟是你延迟还是观众朋友延迟啊！？[捂脸][微笑][捂脸][玫瑰][爱心][比心][赞][666][微笑][捂脸][微笑][捂脸][微笑][捂脸],[等级27],
2026-05-20 13:56:46,470219582866307,忻安,真难打啊,[等级17],[粉丝团 Lv15]
2026-05-20 13:56:48,71091522114,面具,这是又惦记上338了。,[等级8],
2026-05-20 13:56:49,102469975321,✨名门⭐️,轻松搞定,[等级19],[粉丝团 Lv15]
2026-05-20 13:56:50,1080149981540420,哎吆我去😂,人品这么好吗？先去救队友,[等级2],
2026-05-20 13:56:52,110012786240,小猫饼,牛牛牛,[等级22],[粉丝团 Lv12]
2026-05-20 13:56:54,103959649399,涵,人家都不理你[看],[等级8],[粉丝团 Lv2]
2026-05-20 13:56:54,76918676189,浅唱你给的悲伤,空投在鱼村,[等级10],
2026-05-20 13:56:56,108802633246,泡沫🫧,哈哈,[等级2],
2026-05-20 13:56:57,3795156287621927,拾欢,[捂脸],[等级15],[粉丝团 Lv13]
2026-05-20 13:56:57,58035845822,小猫讨厌你,哈哈哈哈哈,[等级1],
2026-05-20 13:56:57,452620019045336,🍀、,喊一号亲一口,[等级11],[粉丝团 Lv10]
2026-05-20 13:56:58,4165407898869996,每天对被子表白,[捂脸][捂脸][捂脸],[等级5],[粉丝团 Lv2]
2026-05-20 13:56:59,233519300221879,过🔥,他们打哑巴游戏,[等级25],[粉丝团 Lv15]
2026-05-20 13:56:59,2005923912753518,海阔天空88888,老黑队友都不鸟你,[等级9],
2026-05-20 13:57:00,2629659676384440,东北小土豆,啊哈,[等级15],[粉丝团 Lv8]
2026-05-20 13:57:01,75199366730,二存,你开的队伍麦听不见队友的声音,,
2026-05-20 13:57:01,1257437656002798,某某.,?,[等级34],[粉丝团:张君雅 Lv16]
2026-05-20 13:57:01,7443467011387458618,骨阿夫特嫩,[捂脸][捂脸][捂脸],[等级29],
2026-05-20 13:57:01,69268051905,ᑋᵉᑊᑊᵒ妞,[捂脸][捂脸][捂脸],[等级12],[粉丝团 Lv7]
2026-05-20 13:57:01,2968325159399836,Dei劲,老黑今晚一起看电影不了[比心],[等级24],[粉丝团 Lv5]
2026-05-20 13:57:03,1080149981540420,哎吆我去😂,刚说完你人品好，你就不救了😂😂😂,[等级2],
2026-05-20 13:57:03,57614644352,腐,[捂脸],[等级34],[粉丝团 Lv11]
2026-05-20 13:57:03,108825768878,南山居士,力挽狂澜，这把你不过来这三个队友死定了,[等级1],
2026-05-20 13:57:03,100056462711,是玲玲吖丶ᥫᩣ,[捂脸][捂脸],[等级29],[粉丝团 Lv8]
2026-05-20 13:57:03,99372859314,启  夏,[捂脸][捂脸][捂脸],[等级25],[粉丝团 Lv15]
2026-05-20 13:57:04,77372456299,詠逺遮嚒嬡仪,空头在桥附近,[等级13],
2026-05-20 13:57:05,71126905166,抖音小肋手,舔舔包[捂脸][捂脸][捂脸],[等级11],[粉丝团 Lv10]
2026-05-20 13:57:05,1248666993843848,若曼,哈哈哈哈,[等级10],
2026-05-20 13:57:05,3134071856970844,晚岑,3号是不是挺厉害的,[等级28],[粉丝团 Lv9]
2026-05-20 13:57:05,92461848227,煜,[捂脸][捂脸][捂脸],[等级13],[粉丝团 Lv11]
2026-05-20 13:57:06,14271251266,和🇨🇳天下,队友是人机呀,[等级6],[粉丝团 Lv6]
2026-05-20 13:57:09,3148611881534173,▞▙▛▖▜▗▙▛,？,[等级16],[粉丝团 Lv3]
2026-05-20 13:57:09,1559531891993565,柠檬加醋,哈哈哈哈哈哈哈哈 整这些,[等级6],[粉丝团 Lv5]
2026-05-20 13:57:09,99550119003,C 菜,加油站落空投,[等级26],
2026-05-20 13:57:11,3958684699858760,鑫焱森,怎么没理？,[等级38],[粉丝团 Lv6]
2026-05-20 13:57:13,73133140989,行稳致远,？,[等级31],[粉丝团 Lv15]
2026-05-20 13:57:13,71126905166,抖音小肋手,语言的艺术[捂脸][捂脸][捂脸],[等级11],[粉丝团 Lv10]
2026-05-20 13:57:13,108802633246,泡沫🫧,你要不来，你队友估计要死完,[等级2],
2026-05-20 13:57:13,63662526308,Cherie,[捂脸][捂脸][捂脸],[等级24],
2026-05-20 13:57:14,69548163534,原来是圆圆呀,拿空投,[等级9],
2026-05-20 13:57:18,57032036910,〆刘嫂﹌,给点药吧,[等级32],[粉丝团 Lv8]
2026-05-20 13:57:18,55159220102,BWRZ（记录美好）,[偷笑][嘘][大笑][偷笑],[等级36],[粉丝团 Lv16]
2026-05-20 13:57:19,69744655621,满山的猴子我腚最红❤,心眼子主播,[等级5],
2026-05-20 13:57:19,272310945460360,TA叫冷漠,你那蛇形走位就想晚到一会儿,,
2026-05-20 13:57:21,896828231649432,修缘,[捂脸][捂脸][捂脸]你们救我还忙着呢,,
2026-05-20 13:57:23,3931442832752413,财来吧,这混子[捂脸],[等级7],
2026-05-20 13:57:23,3958684699858760,鑫焱森,人家说爱死她了,[等级38],[粉丝团 Lv6]
2026-05-20 13:57:24,101138818359,小鱼,[捂脸][捂脸][捂脸],[等级34],[粉丝团 Lv15]
2026-05-20 13:57:24,404231625908280,绵绵🍭,一号说爱你,[等级6],
2026-05-20 13:57:27,59196763152,FR,桥头空投,[等级21],
2026-05-20 13:57:29,92461848227,煜,[捂脸][捂脸][捂脸],[等级13],[粉丝团 Lv11]
2026-05-20 13:57:30,63323025118,ㅤ🌧️,高情商发言,[等级11],[粉丝团 Lv9]
2026-05-20 13:57:30,69548163534,原来是圆圆呀,拿空投,[等级9],
2026-05-20 13:57:31,63913506462,🖤,1080,[等级24],[粉丝团 Lv3]
2026-05-20 13:57:31,99941077916,你霉柿吧,哈哈哈哈哈,[等级11],[粉丝团 Lv3]
2026-05-20 13:57:32,99296547770,北方的星,加油站空投,[等级14],[粉丝团 Lv11]
2026-05-20 13:57:32,76918676189,浅唱你给的悲伤,渔村空投,[等级10],
2026-05-20 13:57:34,84059834665,♬,啥也没有,[等级21],
2026-05-20 13:57:34,96847888658,陆游,给他们药,[等级20],[粉丝团 Lv8]
2026-05-20 13:57:34,1829206389950766,伱我皆牛马,死磕到底,[等级25],[粉丝团 Lv3]
2026-05-20 13:57:35,97873254852,没有月儿的夜,ARX和ACE哪个好？弹幕老师们,[等级9],
2026-05-20 13:57:36,22415580083835,苹果,把绷带给他们,[等级18],
2026-05-20 13:57:37,77372456299,詠逺遮嚒嬡仪,空投在桥附近,[等级13],
2026-05-20 13:57:37,61270934740,新凯合万象零重力热压圆弧机（湖北）,6个穷鬼,[等级4],
2026-05-20 13:57:38,111007266356,🔱守望w,给点药呗[捂脸][捂脸][捂脸],[等级29],[粉丝团 Lv15]
2026-05-20 13:57:40,89343890095,遇你,妈妈,[等级33],
2026-05-20 13:57:40,4243756112415363,小苦瓜,加油站空投,[等级23],[粉丝团 Lv10]
2026-05-20 13:57:41,55159220102,BWRZ（记录美好）,你看你[看],[等级36],[粉丝团 Lv16]
2026-05-20 13:57:44,59196763152,FR,桥头空投,[等级21],
2026-05-20 13:57:44,98246735303,妈妈说名字长才有美女聊天,老黑你你你[尬笑][尬笑][尬笑],[等级28],[粉丝团 Lv1]
2026-05-20 13:57:45,71126905166,抖音小肋手,[捂脸][捂脸],[等级11],[粉丝团 Lv10]
2026-05-20 13:57:45,96105019490,以后,堵桥去了,[等级12],[粉丝团 Lv5]
2026-05-20 13:57:46,4503669836332557,栩多渝🌽⚡️🌙,[捂脸],[等级11],[粉丝团 Lv10]
2026-05-20 13:57:46,109419284346,曾经的少年！曾经的你！！,[捂脸][捂脸][捂脸][捂脸][捂脸],[等级24],[粉丝团 Lv14]
2026-05-20 13:57:47,69548163534,原来是圆圆呀,拿空投,[等级9],
2026-05-20 13:57:47,57032036910,〆刘嫂﹌,给点药吧,[等级32],[粉丝团 Lv8]
2026-05-20 13:57:48,4242394021103421,豆豆Z☡zᶻ,哈哈哈哈哈哈哈哈哈,[等级15],[粉丝团 Lv9]
2026-05-20 13:57:49,2875967640449822,万柳柳小趴菜,[捂脸][捂脸][捂脸][捂脸][捂脸][捂脸],[等级22],[粉丝团 Lv12]
2026-05-20 13:57:49,61988075528,王者荣耀法师妲己,没意义,[等级7],
2026-05-20 13:57:49,22212740075,十五,都是高手，都不让,[等级14],[粉丝团 Lv11]
2026-05-20 13:57:50,4242394021103421,豆豆Z☡zᶻ,[捂脸],[等级15],[粉丝团 Lv9]
2026-05-20 13:57:50,1352837533276473,㿝氼,加油站方向有空投掉下来了。,[等级4],
2026-05-20 13:57:51,65758921640,小太黑,桥那里有空投,[等级20],[粉丝团 Lv4]
2026-05-20 13:57:51,85901331023,H e i n e k e n,变只🐂,[等级17],[粉丝团 Lv2]
2026-05-20 13:57:51,75926745555,喳喳贝,桥头空投,[等级32],[粉丝团 Lv6]
2026-05-20 13:57:53,73217211846,拜闹,前边落了个空投,[等级13],
2026-05-20 13:57:56,104634432640,Henry Harrison Lewis,左边空投,[等级4],[粉丝团 Lv1]
2026-05-20 13:57:56,1367445777424910,Eucalyptus 🐸,@没有月儿的夜 手枪好,[等级24],[粉丝团 Lv14]
2026-05-20 13:57:58,3043077917510767,一只土拨鼠🐰,空投一般都有啤酒瓶子弹,[等级33],
2026-05-20 13:57:58,4242375619907243,Nan,她们没药啊,,
2026-05-20 13:57:58,99036159387,乐之,真扣,[等级16],[粉丝团 Lv4]
2026-05-20 13:57:58,77372456299,詠逺遮嚒嬡仪,空投在桥附近,[等级13],
2026-05-20 13:58:00,2629659676384440,东北小土豆,高手都是打完就跑,[等级15],[粉丝团 Lv8]
2026-05-20 13:58:02,95115965858,Y☜☜P,人头值得,[等级25],
2026-05-20 13:58:04,94792007680,👾BMDJ👾,空头,[等级2],
2026-05-20 13:58:04,81498709949,玉楼金阙慵归去,没药了,[等级12],[粉丝团 Lv6]
2026-05-20 13:58:05,97873254852,没有月儿的夜,6666哈哈哈哈,[等级9],
2026-05-20 13:58:05,65758921640,小太黑,桥头空头,[等级20],[粉丝团 Lv4]
2026-05-20 13:58:06,59348532870,贫僧法号：乱来,二号没药,[等级34],
2026-05-20 13:58:06,99550119003,C 菜,空投,[等级26],
2026-05-20 13:58:08,59196763152,FR,桥头空投,[等级21],
2026-05-20 13:58:09,74950761795,ℳ·初遇᥇ꪖ᥇ꪗ·ꦿ໊ོ⁵²⁰,空投在桥头,[等级20],[粉丝团 Lv10]
2026-05-20 13:58:10,84059834665,♬,都没包打药[捂脸],[等级21],
2026-05-20 13:58:12,105115680505,Dr°伪善,老黑 你给2号点药,[等级12],[粉丝团 Lv2]
2026-05-20 13:58:12,1352837533276473,㿝氼,空投就在你刚刚打架的那山上。,[等级4],
2026-05-20 13:58:14,6472167828,顺城,帮忙了，也不说一声谢谢,[等级22],[粉丝团 Lv15]
2026-05-20 13:58:14,93512413007,Eiei,哈哈哈,[等级25],[粉丝团 Lv9]
2026-05-20 13:58:18,111562007267,冬灼.,张老黑,[等级21],[粉丝团 Lv4]
2026-05-20 13:58:19,68237756614,陈山野🌈🌈🌈🌈,你往后面看一眼我不信你两眼空空[捂脸],[等级15],[粉丝团 Lv8]
2026-05-20 13:58:21,59196763152,FR,桥头空投,[等级21],
2026-05-20 13:58:21,96220936370,唐,万年不开麦的队友,[等级12],[粉丝团 Lv7]
2026-05-20 13:58:21,1458376325478826,用户1027145505428,520快乐,[等级3],
2026-05-20 13:58:22,1257437656002798,某某.,哈哈哈哈哈哈哈哈,[等级34],[粉丝团:张君雅 Lv16]
2026-05-20 13:58:22,62321156071,隐形瑶,昨天局哥三把P90，俩把复合弓，爽惨了[看],[等级11],[粉丝团 Lv11]
2026-05-20 13:58:23,69548163534,原来是圆圆呀,桥头空投,[等级9],
2026-05-20 13:58:24,71418409421,毛豆花卷儿,队友都不说谢谢，待会不救了,[等级18],[粉丝团 Lv8]
2026-05-20 13:58:24,77372456299,詠逺遮嚒嬡仪,空投在桥附近了,[等级13],
2026-05-20 13:58:24,1846799807822347,縯員,堵桥去啊 搜毛啊还,[等级8],[粉丝团 Lv4]
2026-05-20 13:58:25,4213756464205448,✺◟(∗❛ัᴗ❛ั∗)◞✺秋风扫落叶,2号打的裤衩都没了[捂脸],[等级9],
2026-05-20 13:58:25,68359033340,满满,520快乐,[等级11],[粉丝团 Lv7]
2026-05-20 13:58:26,76918676189,浅唱你给的悲伤,空投渔村靠桥哪里,[等级10],
2026-05-20 13:58:27,690125102658323,黑猫@警长,2号没药[捂脸][捂脸][捂脸],[等级24],[粉丝团 Lv12]
2026-05-20 13:58:28,3931442832752413,财来吧,队友:你这混子偷俩人头，还说什么搞七搞八,[等级7],
2026-05-20 13:58:35,63792238027,枯木逢春٩,二号都没药,[等级15],
2026-05-20 13:58:37,466670364393783,袖下敛青川,药都没有队友,[等级14],[粉丝团 Lv1]
2026-05-20 13:58:38,74393086871,花开忘忧,2号血条[捂脸],[等级8],[粉丝团 Lv9]
2026-05-20 13:58:40,1458376325478826,用户1027145505428,520快乐520快乐520快乐,[等级3],
2026-05-20 13:58:42,111438249801,吴哈妮,队友落地就和这队来回拉扯 还不死 老黑晚一步都死,[等级20],[粉丝团 Lv11]
2026-05-20 13:58:52,100500267450,昨日一去不复返,不开麦的别管了,[等级13],[粉丝团 Lv7]
2026-05-20 13:58:54,420111770574,i ⁱˡᵘᵒ,来个入二号就没了,[等级20],
2026-05-20 13:58:56,2731604610385293,微Ψ🪴,血条都消失了[捂脸],[等级16],
2026-05-20 13:58:58,63452490438,猫九丶,二号就一直频死状态,[等级24],[粉丝团 Lv9]
2026-05-20 13:58:58,92724691349,^初一,二号[捂脸],[等级6],[粉丝团 Lv6]
2026-05-20 13:58:59,111007266356,🔱守望w,2号空血了[捂脸][捂脸][捂脸],[等级29],[粉丝团 Lv15]
2026-05-20 13:59:01,57032036910,〆刘嫂﹌,给二号要,[等级32],[粉丝团 Lv8]
2026-05-20 13:59:01,95114696630,楠De小雨天气💦,开麦也2号可怜死了[捂脸],[等级19],[粉丝团 Lv7]
2026-05-20 13:59:02,97600677185,晓乔治ovo,二号的血[捂脸],[等级38],[粉丝团 Lv13]
2026-05-20 13:59:03,1244280268273624,旅行中的～羊🐏🐏,[看]小孩哥？还是女主播？声音傻傻分不清,[等级12],
2026-05-20 13:59:03,108980894587,華༒,这二号被摸一下就没了[捂脸],[等级23],[粉丝团 Lv13]
2026-05-20 13:59:04,96966276857,🌈帅帅,2号1条绷带都没有吗,[等级22],[粉丝团 Lv11]
2026-05-20 13:59:05,2621702862803064,完美世界(荒),换个小白衣服,[等级10],[粉丝团 Lv6]
2026-05-20 13:59:05,2189880376430734,田心`,二号的血量,[等级15],[粉丝团 Lv8]
2026-05-20 13:59:06,97873254852,没有月儿的夜,2号血条 跟奥特曼胸前的灯光一样,[等级9],
2026-05-20 13:59:06,69180390887,橙纸,看2号的血条,[等级8],[粉丝团 Lv4]
2026-05-20 13:59:11,11674635244,非遗传承速减吧【莱西姜山店】,我嘞个豆，灯牌灭了要9钻,[等级16],[粉丝团 Lv11]
2026-05-20 13:59:11,111438249801,吴哈妮,2 号没血,[等级20],[粉丝团 Lv11]
2026-05-20 13:59:15,74393086871,花开忘忧,人机[捂脸],[等级8],[粉丝团 Lv9]
2026-05-20 13:59:15,102469975321,✨名门⭐️,人机,[等级19],[粉丝团 Lv15]
2026-05-20 13:59:16,68423550125,Love the way you lie,[捂脸][捂脸][捂脸][捂脸][捂脸][捂脸][捂脸][捂脸],[等级15],[粉丝团 Lv11]
2026-05-20 13:59:20,3689574830449950,刘三哥,二号没一片绷带[捂脸][捂脸][捂脸][微笑][捂脸][微笑][捂脸][微笑][捂脸],[等级27],
2026-05-20 13:59:20,69555148398,🌈明天或者以后吧🍃𓆡𓆝𓆟?,[看][看][看][看],[等级16],[粉丝团 Lv13]
2026-05-20 13:59:23,2043335372445892,肉肉怎么还不掉~,二号咋啦,[等级7],[粉丝团 Lv1]
2026-05-20 13:59:25,100994604329,幂,《看错了》,[等级18],[粉丝团 Lv1]
2026-05-20 13:59:26,71418409421,毛豆花卷儿,二号走路磕一下脚趾甲都得死,[等级18],[粉丝团 Lv8]
2026-05-20 13:59:28,69744655621,满山的猴子我腚最红❤,偷人机,[等级5],
2026-05-20 13:59:29,71126905166,抖音小肋手,2号没药吗,[等级11],[粉丝团 Lv10]
2026-05-20 13:59:31,76296653265,X、Y,800个心眼子,[等级20],[粉丝团 Lv13]
2026-05-20 13:59:33,62734391135,涂涂姐、🍻,叫队友看见爆炸弓给你标一下,[等级6],[粉丝团 Lv9]
2026-05-20 13:59:41,59202688689,2016.3.19 🐍,2号遇见人机的话就很麻烦[捂脸][捂脸][捂脸][捂脸][捂脸][捂脸][捂脸],[等级14],
2026-05-20 13:59:41,66873200785,岁岁平安,人机开的,[等级3],
2026-05-20 13:59:42,100513541412,小鱼翻大浪,你闭麦  他们都不开麦,[等级27],[粉丝团 Lv5]
2026-05-20 13:59:44,2005923912753518,海阔天空88888,怕人家抢人机[捂脸],[等级9],
2026-05-20 13:59:50,109444433555,七愿,操碎了心,[等级14],[粉丝团 Lv12]
2026-05-20 13:59:54,100056462711,是玲玲吖丶ᥫᩣ,队友都不说话[发呆][发呆][发呆],[等级29],[粉丝团 Lv8]
2026-05-20 13:59:54,51782197378,爱哭的鱼…,人机开的,[等级34],[粉丝团:张君雅 Lv15]
2026-05-20 13:59:57,466670364393783,袖下敛青川,二号不打药吗,[等级14],[粉丝团 Lv1]
2026-05-20 13:59:58,62907915780,大人,让队友给你找爆炸弓,[等级13],[粉丝团 Lv2]
2026-05-20 13:59:58,1327866410186255,沿途的风景……,这身装备多少钱,[等级7],
2026-05-20 13:59:58,108172776731,土肥圆,喂马,[等级11],
2026-05-20 14:00:02,2234638754122687,🌈迷,队友都没开麦你叽里咕噜的说啥,[等级20],[粉丝团 Lv6]
2026-05-20 14:00:06,84705217713,伊恩,有老六还能有人机吗,[等级17],[粉丝团 Lv10]
2026-05-20 14:00:12,690125102658323,黑猫@警长,2号想干嘛[捂脸][捂脸][捂脸],[等级24],[粉丝团 Lv12]
2026-05-20 14:00:12,2626049857822951,白日梦想家,2号不会打药,[等级7],[粉丝团 Lv4]
2026-05-20 14:00:20,66324393119,🔥柯楠🔥🐶🤙🏽🤙🏽🤙🏽,人机局吗,[等级24],
2026-05-20 14:00:27,97629310729,jj一般不随便,2号这么惨啊,[等级35],[粉丝团 Lv2]
2026-05-20 14:00:29,1644525708386619,八九野马,2号人机,[等级21],
2026-05-20 14:00:30,50478066270,🌈自渡亦渡人➠✪,[鼓掌][鼓掌][鼓掌][鼓掌][鼓掌],[等级23],[粉丝团 Lv11]
2026-05-20 14:00:31,582102788084313,知进退，明得失,专武到手,[等级6],[粉丝团 Lv10]
2026-05-20 14:00:37,62907915780,大人,有狗的找下自救啥的,[等级13],[粉丝团 Lv2]
2026-05-20 14:00:37,95114696630,楠De小雨天气💦,2号,[等级19],[粉丝团 Lv7]
2026-05-20 14:00:41,69234872392,胡胡得正,2号没药包,[等级15],[粉丝团 Lv6]
2026-05-20 14:00:41,111007266356,🔱守望w,你去奶一口2号吧[捂脸][捂脸][捂脸],[等级29],[粉丝团 Lv15]
2026-05-20 14:00:41,95114696630,楠De小雨天气💦,2号可怜,[等级19],[粉丝团 Lv7]
2026-05-20 14:00:42,4310549579694780,@你,zs让队友放个无人机,[等级15],[粉丝团 Lv10]
2026-05-20 14:00:43,60627504900,雪碧吖🌓,新耳机是有拓展坞的嘛？,[等级29],[粉丝团 Lv6]
2026-05-20 14:00:43,57032036910,〆刘嫂﹌,二号血条,[等级32],[粉丝团 Lv8]
2026-05-20 14:00:43,4344910011697940,疯狂的兔子🐰🐰🐰,哪里弄的p90,[等级11],[粉丝团 Lv3]
2026-05-20 14:00:44,109336122589,♛,小蛋糕我来抓你喽,[等级7],
2026-05-20 14:00:46,93059947333,泸州,我以为2号满血呢,,
2026-05-20 14:00:48,69234872392,胡胡得正,2号没药包,[等级15],[粉丝团 Lv6]
2026-05-20 14:00:50,69180390887,橙纸,2号不加血,[等级8],[粉丝团 Lv4]
2026-05-20 14:00:51,65630649758,猪猪•六六ᓚᘏᗢ,这二号[捂脸],,
2026-05-20 14:00:52,71399383554,Au,2号不打药,[等级9],[粉丝团 Lv2]
2026-05-20 14:00:52,92724691349,^初一,二号不会打药嘛[捂脸],[等级6],[粉丝团 Lv6]
2026-05-20 14:00:55,2172229561625960,好嗨哟,2号锁血[捂脸],[等级25],[粉丝团 Lv13]
2026-05-20 14:00:55,55481944300,包 包,老板死了呗,[等级28],[粉丝团 Lv1]
2026-05-20 14:00:56,4503658257446344,🥐cornetto,你们打的时候没有发现队友三个人机,[等级41],[粉丝团 Lv7]
2026-05-20 14:00:56,135964883951687,you(^_^)丹,二号不打药,[等级9],
2026-05-20 14:00:58,71091522114,面具,2号碰到膝盖都得凉。,[等级8],
2026-05-20 14:01:04,96714804652,🌈PB🌈,2号真穷锁血,[等级16],[粉丝团 Lv10]
2026-05-20 14:01:04,2626049857822951,白日梦想家,快教一下2号怎么打药,[等级7],[粉丝团 Lv4]
2026-05-20 14:01:05,4261332809681319,h,2号是不是以为自己满血呢[捂脸],[等级4],
2026-05-20 14:01:06,6472167828,顺城,2号这样，一点皮外伤就得死,[等级22],[粉丝团 Lv15]
2026-05-20 14:01:08,1257437656002798,某某.,?,[等级34],[粉丝团:张君雅 Lv16]
2026-05-20 14:01:08,4503669836332557,栩多渝🌽⚡️🌙,[捂脸][捂脸],[等级11],[粉丝团 Lv10]
2026-05-20 14:01:08,92461848227,煜,[捂脸],[等级13],[粉丝团 Lv11]
2026-05-20 14:01:09,69247056394,xx7,哈哈哈哈哈哈,[等级14],[粉丝团 Lv3]
2026-05-20 14:01:09,4431510979222186,妤纯·,[捂脸],[等级5],
2026-05-20 14:01:10,55159220102,BWRZ（记录美好）,根本捡不下,[等级36],[粉丝团 Lv16]
2026-05-20 14:01:10,97763433901,空明溯流光,[看],[等级15],[粉丝团 Lv9]
2026-05-20 14:01:10,587615959256659,军迷,[捂脸][捂脸][捂脸],[等级17],[粉丝团 Lv11]
2026-05-20 14:01:10,91646068246,李哼哼,二号血量,[等级14],[粉丝团 Lv11]
2026-05-20 14:01:11,23671175128,◔.̮◔ 咻～,啊？,[等级19],[粉丝团 Lv7]
2026-05-20 14:01:11,68423550125,Love the way you lie,[捂脸][捂脸][捂脸][捂脸][捂脸][捂脸],[等级15],[粉丝团 Lv11]
2026-05-20 14:01:12,96207445247,Tiger,这次这么好？,[等级24],[粉丝团 Lv2]
2026-05-20 14:01:13,3408098413512419,心静自然,别给老黑安排活她知道自己该怎么做,[等级30],[粉丝团 Lv11]
2026-05-20 14:01:13,69180390887,橙纸,2号,[等级8],[粉丝团 Lv4]
2026-05-20 14:01:14,98773931120,彭志辉,你们先拿[捂脸],[等级5],
2026-05-20 14:01:15,63662526308,Cherie,[捂脸][捂脸][捂脸],[等级24],
2026-05-20 14:01:15,63452490438,猫九丶,你们先拿？？,[等级24],[粉丝团 Lv9]
2026-05-20 14:01:17,4165407898869996,每天对被子表白,[捂脸][捂脸][捂脸],[等级5],[粉丝团 Lv2]
2026-05-20 14:01:19,69555148398,🌈明天或者以后吧🍃𓆡𓆝𓆟?,[看][看][看][看],[等级16],[粉丝团 Lv13]
2026-05-20 14:01:19,466670364393783,袖下敛青川,教一下二号打药,[等级14],[粉丝团 Lv1]
2026-05-20 14:01:19,51782197378,爱哭的鱼…,你们先拿，一会儿给我,[等级34],[粉丝团:张君雅 Lv15]
2026-05-20 14:01:21,2700008501543597,pikapika,[看][看][看],[等级28],[粉丝团 Lv15]
2026-05-20 14:01:21,93258734305,莱昂内尔.喲西,你们先拿？,[等级13],
2026-05-20 14:01:21,59188368442,闭眼听风&,2号不打药,[等级22],[粉丝团 Lv2]
2026-05-20 14:01:22,88745690242,iiii,要不分个绷带给二号救救急,[等级11],
2026-05-20 14:01:23,59348532870,贫僧法号：乱来,[捂脸][捂脸][捂脸][捂脸][捂脸][捂脸],[等级34],
2026-05-20 14:01:23,57032036910,〆刘嫂﹌,二号血条[666],[等级32],[粉丝团 Lv8]
2026-05-20 14:01:23,111007266356,🔱守望w,你们先拿，这个先用的好[赞][赞][赞],[等级29],[粉丝团 Lv15]
2026-05-20 14:01:24,60556163553,🌈兰序廿四·栖南,哈哈哈哈,[等级18],[粉丝团 Lv2]
2026-05-20 14:01:27,452620019045336,🍀、,吃剩的[捂脸][捂脸][捂脸],[等级11],[粉丝团 Lv10]
2026-05-20 14:01:27,587615959256659,军迷,狡猾,[等级17],[粉丝团 Lv11]
2026-05-20 14:01:28,80744237861,无妄生欢,张无忌他妈说的对[捂脸][捂脸][捂脸],[等级15],[粉丝团 Lv3]
2026-05-20 14:01:28,4503669836332557,栩多渝🌽⚡️🌙,二号一直不打药啊,[等级11],[粉丝团 Lv10]
2026-05-20 14:01:28,84940839345,到此一游！,队友都不说话,[等级25],[粉丝团 Lv13]
2026-05-20 14:01:28,102057833976,就事论事,爆炸弓P90顶配我看谁还敢欺负我们,[等级7],[粉丝团 Lv9]
2026-05-20 14:01:29,3900711457269358,未知,没人搭理你,,
2026-05-20 14:01:29,11430137696900,晴,队友，不硬你,,
2026-05-20 14:01:29,2021319447952476,谨言,好好好，学会了,[等级6],[粉丝团 Lv4]
2026-05-20 14:01:29,23671175128,◔.̮◔ 咻～,这还是你吗，老黑,[等级19],[粉丝团 Lv7]
2026-05-20 14:01:29,59195923933,7.,队友怎么不说话,[等级17],[粉丝团 Lv2]
2026-05-20 14:01:30,94242910295,^_^杰少,老黑真大方[捂脸][捂脸][捂脸][捂脸],[等级10],[粉丝团 Lv4]
2026-05-20 14:01:30,118350347777683,孙孙,[捂脸][捂脸][捂脸],[等级19],[粉丝团 Lv3]
2026-05-20 14:01:31,104565631300,十八子,假装很关心队友[捂脸][捂脸][捂脸],[等级24],[粉丝团 Lv11]
2026-05-20 14:01:31,62815799180,憙宝饱,哈哈哈哈哈[捂脸],[等级2],
2026-05-20 14:01:32,67473904800,恬恬圈🍩,先拿？哈哈,[等级14],[粉丝团 Lv8]
2026-05-20 14:01:33,840493498901248,小强爱说笑话,真坏,[等级3],[粉丝团 Lv5]
2026-05-20 14:01:33,67853888743,摆烂小鱼𓆜,这些队友是怎么忍住不回一句话的,[等级26],[粉丝团 Lv9]
2026-05-20 14:01:33,102469975321,✨名门⭐️,你人还怪好嘞[看][看],[等级19],[粉丝团 Lv15]
2026-05-20 14:01:33,82240872765,依然执着承诺,主要是我有了,[等级19],[粉丝团 Lv10]
2026-05-20 14:01:34,98246735303,妈妈说名字长才有美女聊天,老黑这是施舍[捂脸],[等级28],[粉丝团 Lv1]
2026-05-20 14:01:35,55159220102,BWRZ（记录美好）,身为主视角 我看了一下 都是谎言,[等级36],[粉丝团 Lv16]
2026-05-20 14:01:35,62978378029,钟灵毓秀,从来不做亏本买卖,[等级21],[粉丝团 Lv11]
2026-05-20 14:01:35,2043335372445892,肉肉怎么还不掉~,2号活了,[等级7],[粉丝团 Lv1]
2026-05-20 14:01:36,71399383554,Au,2号是个拖吧,[等级9],[粉丝团 Lv2]
2026-05-20 14:01:37,52202503111,萨瓦迪卡🙏,你怪好叻,[等级17],[粉丝团 Lv11]
2026-05-20 14:01:38,1456169111790891,隔壁老王,哈哈，你们“先拿”,[等级16],[粉丝团 Lv7]
2026-05-20 14:01:38,2817427251145472,每一天都是新的开始,顺嘴人情,[等级3],
2026-05-20 14:01:39,4503656158720788,飞 扬,没人搭理你,[等级38],
2026-05-20 14:01:39,84059834665,♬,是的 给了,[等级21],
2026-05-20 14:01:40,76296653265,X、Y,论说话的艺术[666],[等级20],[粉丝团 Lv13]
2026-05-20 14:01:40,1560897837869139,风之骄子,去给个大包2号吧,[等级32],[粉丝团 Lv15]
2026-05-20 14:01:41,12788578924292,那咋啦,人情世故,[等级16],[粉丝团 Lv10]
2026-05-20 14:01:41,3765201499085319,匹夫,队友不要,[等级17],[粉丝团 Lv9]
2026-05-20 14:01:41,72985060343,北陌🧸,算盘打的真好[捂脸],[等级10],[粉丝团 Lv1]
2026-05-20 14:01:42,106642884163,咿呀,一百个心眼子[呲牙],[等级18],
2026-05-20 14:01:42,2043335372445892,肉肉怎么还不掉~,活了,[等级7],[粉丝团 Lv1]
2026-05-20 14:01:42,166755798352590,爱的那张脸,高情商发言,,
2026-05-20 14:01:42,68423550125,Love the way you lie,高情商发言[看][看][看][看],[等级15],[粉丝团 Lv11]
2026-05-20 14:01:43,2805557334910596,鱼糯糯ovo,你们先拿，一会儿死了给我舔包,[等级12],
2026-05-20 14:01:44,2172229561625960,好嗨哟,2号打绑带,[等级25],[粉丝团 Lv13]
2026-05-20 14:01:44,69744655621,满山的猴子我腚最红❤,帮主播带着，好好保管,[等级5],
2026-05-20 14:01:46,60556163553,🌈兰序廿四·栖南,会说话的,[等级18],[粉丝团 Lv2]
2026-05-20 14:01:46,52378278685,笑看人生@,没有药打啥[捂脸],[等级22],[粉丝团 Lv10]
2026-05-20 14:01:46,1458376325478826,用户1027145505428,520不去约会吗？,[等级3],
2026-05-20 14:01:46,23671175128,◔.̮◔ 咻～,都不说话给啥给呀,[等级19],[粉丝团 Lv7]
2026-05-20 14:01:47,927620859432302,阿久,女人的嘴，骗人的鬼,[等级19],[粉丝团 Lv7]
2026-05-20 14:01:48,104284064269,月下独酌,二号还没捡到大包？,[等级18],[粉丝团 Lv11]
2026-05-20 14:01:48,781127811074233,彡久伴,有个老六趴着爬呢在城头,[等级14],[粉丝团 Lv2]
2026-05-20 14:01:48,3081266249862527,糯米,一个演员的自我修养,[等级5],[粉丝团 Lv7]
2026-05-20 14:01:49,71399383554,Au,都不说话,[等级9],[粉丝团 Lv2]
2026-05-20 14:01:51,7495203789020988475,疏辞,你人太好了,[等级1],
2026-05-20 14:01:51,21124162319,宏洁汽车坐垫厂,不用给，有本事你拿起来,[等级11],
2026-05-20 14:01:51,2849575054880941,TsY,顺嘴人情,[等级8],
2026-05-20 14:01:52,100897025931,6号风,队友一点反应都没有,[等级16],[粉丝团 Lv1]
2026-05-20 14:01:53,466670364393783,袖下敛青川,二号捡到绷带了,[等级14],[粉丝团 Lv1]
2026-05-20 14:01:53,1816840123723384,乐在旅途🌈,你的呢,[等级2],[粉丝团 Lv2]
2026-05-20 14:01:53,4323695096242222,欢伯,语言的艺术,[等级24],
2026-05-20 14:01:54,64625641673,快乐人生🦞,给马儿吃点吧,[等级26],[粉丝团 Lv13]
2026-05-20 14:01:54,4503658257446344,🥐cornetto,这叫价值,[等级41],[粉丝团 Lv7]
2026-05-20 14:01:55,95115965858,Y☜☜P,队友倒太多次了，拿个自救没毛病,[等级25],
2026-05-20 14:01:57,4242391670471672,@Aminah 🐾,不是淘汰王没主导权[捂脸],[等级14],[粉丝团 Lv12]
2026-05-20 14:01:57,98095182081,手握风云★,你没有 你回给[捂脸][捂脸][捂脸],[等级20],[粉丝团 Lv2]
2026-05-20 14:01:58,93523492340,一颗栗子🌰,队友都不要,[等级12],
2026-05-20 14:01:59,11430137696900,晴,520，还不硬你,,
2026-05-20 14:02:00,78199253926,淡淡的烟草味！,三个小孩子吧,[等级23],[粉丝团 Lv13]
2026-05-20 14:02:00,23671175128,◔.̮◔ 咻～,倒了都不一定救你,[等级19],[粉丝团 Lv7]
2026-05-20 14:02:01,67003428351,@M,你是山西人吧？,[等级17],[粉丝团 Lv11]
2026-05-20 14:02:02,97095850818,不,最精就这种人了,,
2026-05-20 14:02:02,1046374607756734,@你,你没狗，要不你都得拿走,[等级27],[粉丝团 Lv11]
2026-05-20 14:02:06,4221762087166973,拒绝刘亦菲18402次,没问,[等级4],[粉丝团 Lv2]
2026-05-20 14:02:07,69653049665,@T,有药别人肯定会打啊  你们还着急上了,[等级16],[粉丝团 Lv1]
2026-05-20 14:02:07,95025469057,杰森,他们都不要,,
2026-05-20 14:02:08,7560730297974637627,人间星河,我要不是看你直播还真信了你说的。,,
2026-05-20 14:02:08,105115680505,Dr°伪善,2号终于捡了两条绷带,[等级12],[粉丝团 Lv2]
2026-05-20 14:02:10,103591335296,礼,追空投去吧，有p90，枪匣，大boom,[等级20],[粉丝团 Lv10]
2026-05-20 14:02:11,103201002521,Tyr - Leon,有没有无线的,[等级21],
2026-05-20 14:02:14,452643025072951,向晴,@@M 四川人,[等级14],[粉丝团 Lv11]
2026-05-20 14:02:15,1829206389950766,伱我皆牛马,叫队友找箭,[等级25],[粉丝团 Lv3]
2026-05-20 14:02:18,101376906320,小王,要不是塞不下了城都给你搬走,[等级14],[粉丝团 Lv11]
2026-05-20 14:02:18,1560897837869139,风之骄子,谁问,[等级32],[粉丝团 Lv15]
2026-05-20 14:02:20,4503658257446344,🥐cornetto,你给人东西你会说我没用给你？,[等级41],[粉丝团 Lv7]
2026-05-20 14:02:20,3328939109912388,@戴先生,用的什么设备？,[等级15],
2026-05-20 14:02:31,233519300221879,过🔥,买都买了,[等级25],[粉丝团 Lv15]
2026-05-20 14:02:33,96966276857,🌈帅帅,2号终于找到了几条绷带,[等级22],[粉丝团 Lv11]
2026-05-20 14:02:33,100375414778,Solkatt,新的是什么型号的,[等级11],[粉丝团 Lv9]
2026-05-20 14:02:40,1108739621660414,小M,买平板玩这个推荐哪个说个方向就行,[等级2],
2026-05-20 14:02:41,93373484029,青白江房产邹老师,手机可以连接那个耳机吗？,[等级14],
2026-05-20 14:02:41,1816840123723384,乐在旅途🌈,西伯利亚s21。有typec接口的,[等级2],[粉丝团 Lv2]
2026-05-20 14:02:43,97727744500,倾城旧梦,耳朵夹着疼,[等级34],
2026-05-20 14:02:44,2049089620936104,乱世巨星,有回音,[等级15],[粉丝团 Lv7]
2026-05-20 14:02:46,59057190092,怕坡手爱骑行,已经买了粉色了,[等级17],[粉丝团 Lv2]
2026-05-20 14:02:48,94812606410,ONE,平板打游戏哪个好,[等级27],
2026-05-20 14:02:50,59057190092,怕坡手爱骑行,不早说,[等级17],[粉丝团 Lv2]
2026-05-20 14:02:55,55159220102,BWRZ（记录美好）,@🥐cornetto 会呀 你没看到之前的直播吗？捡空投的时候,[等级36],[粉丝团 Lv16]
2026-05-20 14:02:56,2669269887762318,古抓飯,新的耳机什么时候上,[等级30],
2026-05-20 14:02:57,101665125778,🦊年年有余,520快乐,[等级16],[粉丝团 Lv11]
2026-05-20 14:02:57,51782197378,爱哭的鱼…,他们没拿自救吧,[等级34],[粉丝团:张君雅 Lv15]
2026-05-20 14:03:00,2798671553367552,⋅,兄弟们买持久一点的懂了没,[等级17],
2026-05-20 14:03:01,1899586886051437,九月´,头太大了,[等级11],
2026-05-20 14:03:02,4503658257446344,🥐cornetto,我都快聋了,[等级41],[粉丝团 Lv7]
2026-05-20 14:03:06,100369229181,富贵哥,@青白江房产邹老师 当然可以，有线跟蓝牙都行,[等级27],
2026-05-20 14:03:12,97554984215,圥忈,推荐一个好用的up,[等级16],
2026-05-20 14:03:13,4503658257446344,🥐cornetto,耳机带多了,[等级41],[粉丝团 Lv7]
2026-05-20 14:03:14,1134350379006733,烟酒生,队友怎么不说话，是不爱讲话？,[等级19],[粉丝团 Lv4]
2026-05-20 14:03:16,4383112373738923,蒜皮儿,空头也不追了这一集[捂脸][捂脸][捂脸],,
2026-05-20 14:03:16,1895207825312551,༦Wuഒᩚ᨞,[捂脸][捂脸],[等级31],[粉丝团 Lv7]
2026-05-20 14:03:18,69744655621,满山的猴子我腚最红❤,追空投,[等级5],
2026-05-20 14:03:18,104634432640,Henry Harrison Lewis,机场⭕,[等级4],[粉丝团 Lv1]
2026-05-20 14:03:23,1080149981540420,哎吆我去😂,我买了K06S 非常夹头，很难受就退了,[等级2],
2026-05-20 14:03:25,1816840123723384,乐在旅途🌈,买typec接口的就不用扩展坞了,[等级2],[粉丝团 Lv2]
2026-05-20 14:03:29,420439951417747,zzk,那个耳机舒服点，对于你而言,[等级25],
2026-05-20 14:03:33,4375697175361117,御,买大耳朵，不到2k,[等级4],[粉丝团 Lv3]
2026-05-20 14:03:39,426258197911918,稳妥,人机,[等级10],
2026-05-20 14:03:40,55159220102,BWRZ（记录美好）,[大笑][偷笑],[等级36],[粉丝团 Lv16]
2026-05-20 14:03:43,1456169111790891,隔壁老王,看不起[捂脸],[等级16],[粉丝团 Lv7]
2026-05-20 14:03:43,96322145647,万小乐,能不能去钢枪,[等级32],
2026-05-20 14:03:50,2217047282695710,相思,影响我们听脚步的是二级吗？是耳朵[捂脸],[等级33],[粉丝团 Lv15]
2026-05-20 14:03:53,87391507053,丢了土豆的番茄,他们不好意思,[等级11],[粉丝团 Lv6]
2026-05-20 14:03:53,104206466791,王旭,叫他们放狗子上面,[等级17],[粉丝团 Lv11]
2026-05-20 14:03:54,3511160506693241,不消费15,88888,[等级37],
2026-05-20 14:03:55,343486129250376,Zzz...,人家有狗，说不定人家都走了,[等级14],[粉丝团 Lv10]
2026-05-20 14:03:55,714058029336700,用户2464377278903,超薄款的好,,
2026-05-20 14:03:55,68990608858,夏雨天,让他们放狗包,[等级14],[粉丝团 Lv1]
2026-05-20 14:03:57,2106270889031085,早点睡💫,人家都不理你[捂脸],[等级15],[粉丝团 Lv8]
2026-05-20 14:03:58,3900711457269358,未知,没人搭理你,,
2026-05-20 14:03:59,102132936397,℡1,队友都不理你,[等级23],[粉丝团 Lv10]
2026-05-20 14:03:59,58887620966,Dear Leslie,耳机链接在哪,[等级13],
2026-05-20 14:03:59,67113017376,👱🏻Kennethwoman👱🏻,队友闭你麦[看],[等级4],[粉丝团 Lv9]
2026-05-20 14:03:59,1807239114666904,·喵了个咪,别人有了,[等级20],[粉丝团 Lv15]
2026-05-20 14:04:02,2189880376430734,田心`,[捂脸][捂脸][捂脸][捂脸],[等级15],[粉丝团 Lv8]
2026-05-20 14:04:03,63581026173,清浅,[捂脸][捂脸][捂脸],[等级11],[粉丝团 Lv11]
2026-05-20 14:04:03,896828231649432,修缘,[捂脸][捂脸][捂脸],,
2026-05-20 14:04:03,7521394261465859130,🌾🌾🌾炒菜不用郭先生🍎🍊🍉🍌,[捂脸][捂脸][捂脸],[等级3],[粉丝团 Lv6]
2026-05-20 14:04:03,59295246367,差太多先丶,哈哈哈哈,[等级28],[粉丝团 Lv9]
2026-05-20 14:04:04,101629850514,张老黑的飞哥⁵¹⁰⁷⁴,。。。,[等级33],[粉丝团 Lv16]
2026-05-20 14:04:04,3795156287621927,拾欢,[捂脸],[等级15],[粉丝团 Lv13]
2026-05-20 14:04:05,63662526308,Cherie,[捂脸][捂脸][捂脸],[等级24],
2026-05-20 14:04:05,65199621033,坤哥_2218180,[捂脸],[等级30],[粉丝团 Lv8]
2026-05-20 14:04:05,100897025931,6号风,努力讨好队友，哈哈,[等级16],[粉丝团 Lv1]
2026-05-20 14:04:06,74950761795,ℳ·初遇᥇ꪖ᥇ꪗ·ꦿ໊ོ⁵²⁰,[捂脸][捂脸][捂脸],[等级20],[粉丝团 Lv10]
2026-05-20 14:04:06,118350347777683,孙孙,[捂脸],[等级19],[粉丝团 Lv3]
2026-05-20 14:04:06,4431510979222186,妤纯·,[捂脸],[等级5],
2026-05-20 14:04:06,52378278685,笑看人生@,[呲牙][呲牙][呲牙][呲牙],[等级22],[粉丝团 Lv10]
2026-05-20 14:04:06,58035845822,小猫讨厌你,666,[等级1],
2026-05-20 14:04:06,4165407898869996,每天对被子表白,这算盘子打的[捂脸][捂脸],[等级5],[粉丝团 Lv2]
2026-05-20 14:04:06,100056462711,是玲玲吖丶ᥫᩣ,[捂脸][捂脸][捂脸],[等级29],[粉丝团 Lv8]
2026-05-20 14:04:07,75469946470,»  你誰啊,哈哈[捂脸][捂脸],[等级25],[粉丝团 Lv11]
2026-05-20 14:04:07,61539671980,‍ Cʜᴇɴ·雪,h[捂脸],[等级20],[粉丝团 Lv2]
2026-05-20 14:04:07,3689574830449950,刘三哥,二号北边的杠杠！[赞][微笑][捂脸][玫瑰][爱心][比心][赞][666][微笑][捂脸],[等级27],
2026-05-20 14:04:08,111007266356,🔱守望w,[捂脸][捂脸][捂脸],[等级29],[粉丝团 Lv15]
2026-05-20 14:04:08,58844071999,看透、别说透」,这种队友  管都不用管,[等级31],[粉丝团 Lv4]
2026-05-20 14:04:08,96313124700,不加冰的🥤,哈哈哈哈哈哈,[等级19],[粉丝团 Lv12]
2026-05-20 14:04:08,99036159387,乐之,哈哈,[等级16],[粉丝团 Lv4]
2026-05-20 14:04:10,98190086118,💞࿐大叔,哈哈,[等级28],
2026-05-20 14:04:12,59295246367,差太多先丶,碎碎念。好可爱,[等级28],[粉丝团 Lv9]
2026-05-20 14:04:12,75768454055,🐸。,[捂脸][捂脸][捂脸][捂脸][捂脸][捂脸][捂脸][捂脸][捂脸],[等级5],
2026-05-20 14:04:14,61836860811,李知恩ovo,笑死我了,[等级11],
2026-05-20 14:04:14,98014479958,隨性安稳,不要捡他的，他让你以身相许哦,[等级11],
2026-05-20 14:04:18,3514466180274228,瑾,[捂脸][捂脸][捂脸][捂脸][捂脸],[等级32],[粉丝团 Lv15]
2026-05-20 14:04:19,420439951417747,zzk,哪个耳机舒服点对于你而言,[等级25],
2026-05-20 14:04:24,4503658257446344,🥐cornetto,我早上看到队友三个待在一个房区不动  给他们封了好几个烟果真有人过来打他们,[等级41],[粉丝团 Lv7]
2026-05-20 14:04:24,420439951417747,zzk,哪个耳机舒服点对于你而言,[等级25],
2026-05-20 14:04:26,84059834665,♬,原来是这个意思[呲牙],[等级21],
2026-05-20 14:04:27,420439951417747,zzk,哪个耳机舒服点对于你而言,[等级25],
2026-05-20 14:04:27,7583006870895428657,控屁师,一号把自己的三级头换下了[捂脸],,
2026-05-20 14:04:27,4503658257446344,🥐cornetto,我跑了,[等级41],[粉丝团 Lv7]
2026-05-20 14:04:27,7424879649447461946,呼噜,三级头换三级头吗[捂脸],,
2026-05-20 14:04:29,2529343295198756,🫶渡己🫶,你不跑就是好的了,[等级28],[粉丝团 Lv1]
2026-05-20 14:04:29,92724691349,^初一,[捂脸],[等级6],[粉丝团 Lv6]
2026-05-20 14:04:31,2700008501543597,pikapika,[看][看][看],[等级28],[粉丝团 Lv15]
2026-05-20 14:04:31,97004479072,南宁VG,打感情牌[捂脸][捂脸][捂脸],[等级2],[粉丝团 Lv5]
2026-05-20 14:04:33,420439951417747,zzk,哪个耳机舒服点对于你而言,[等级25],
2026-05-20 14:04:33,78780549307,偌靉(安全员)99,厚脸皮,[等级23],[粉丝团 Lv11]
2026-05-20 14:04:36,420439951417747,zzk,哪个耳机舒服点对于你而言,[等级25],
2026-05-20 14:04:38,1113180618894655,北极之星,今天 老黑 碎碎念,[等级24],[粉丝团 Lv5]
2026-05-20 14:04:38,69432306710,恶劣讲师潜心解构直立猿进化30年,有耳机推荐吗,[等级24],[粉丝团 Lv11]
2026-05-20 14:04:39,2172229561625960,好嗨哟,问下主播这版本是不是有降噪功能，怎么打第二把音量就变少了，脚步都听不到,[等级25],[粉丝团 Lv13]
2026-05-20 14:04:40,3381745659679116,忘。,那个2号再倒救都救不起来了,[等级4],
2026-05-20 14:04:56,109556343468,西安商铺网,老黑，整两句虎狼之词听听,[等级17],[粉丝团 Lv4]
2026-05-20 14:05:04,102469975321,✨名门⭐️,@好嗨哟 有延迟[比心][比心],[等级19],[粉丝团 Lv15]
2026-05-20 14:05:05,67853888743,摆烂小鱼𓆜,都怎么忍住不回话的,[等级26],[粉丝团 Lv9]
2026-05-20 14:05:11,874813709890171,有酒有故事的骚男人,哪个指套好用,[等级34],
2026-05-20 14:05:12,1803663725046926,🍎🍎,人家都不想鸟你，就自我感动[憨笑],[等级9],
2026-05-20 14:05:14,62952671133,周小周.,520快乐,[等级15],[粉丝团 Lv9]
2026-05-20 14:05:14,60476701053,超级强化暴龙,海边有个人机,[等级10],[粉丝团 Lv7]
2026-05-20 14:05:21,67853888743,摆烂小鱼𓆜,真没礼貌,[等级26],[粉丝团 Lv9]
2026-05-20 14:05:22,58566247170,小小苏,一看就会 一动手就废,[等级25],
2026-05-20 14:05:22,101451651340,好久不见.,主播用什么设备,[等级1],
2026-05-20 14:05:30,78762229113773,@乘风破浪&,520快乐,[等级14],
2026-05-20 14:05:31,97946230718,时光背后的我,老黑啥时候唱歌啊,[等级14],
2026-05-20 14:05:35,2594455901442621,Ss、,1,[等级2],
2026-05-20 14:05:37,11805950518,深情（张君雅助理）,@我系健健(•̀ᴗ•́)و̑̑感谢老板520快乐520快乐520快乐,[等级39],[粉丝团:张君雅 Lv18]
2026-05-20 14:05:37,102083989257,薛十七,主打一个自我感动[看],[等级32],[粉丝团 Lv5]
2026-05-20 14:05:38,74971234924,时分,队友不吭声，好听话啊,[等级30],[粉丝团 Lv3]
2026-05-20 14:05:43,78780549307,偌靉(安全员)99,怎么右下角老显示要我登录第一天？？我电脑玩家,[等级23],[粉丝团 Lv11]
2026-05-20 14:05:47,100056462711,是玲玲吖丶ᥫᩣ,有可能都不会说话吧，咱们要有爱心520快乐,[等级29],[粉丝团 Lv8]
2026-05-20 14:05:48,1249459238604638,宇༤,人家知道他是谁，激动的不敢说话,[等级18],[粉丝团 Lv1]
2026-05-20 14:05:55,874813709890171,有酒有故事的骚男人,大老黑，哪个指套好用,[等级34],
2026-05-20 14:05:56,1759641847202247,出.,520快乐,[等级6],[粉丝团 Lv5]
2026-05-20 14:06:02,96220936370,唐,太好了,[等级12],[粉丝团 Lv7]
2026-05-20 14:06:06,1521319570585884,遇事不慌張先生,520快乐520快乐520快乐,[等级2],[粉丝团 Lv1]
2026-05-20 14:06:07,55716247783,一零,520快乐,[等级19],[粉丝团 Lv6]
2026-05-20 14:06:08,77372456299,詠逺遮嚒嬡仪,桥头有空投,[等级13],
2026-05-20 14:06:11,61209483279,老文童,3杀还不是淘汰王,[等级9],[粉丝团 Lv3]
2026-05-20 14:06:14,88786722885,月月🌈🦐,同问，哪个指套好用,[等级23],[粉丝团 Lv4]
2026-05-20 14:06:15,2621702862803064,完美世界(荒),520快乐520快乐520快乐,[等级10],[粉丝团 Lv6]
2026-05-20 14:06:16,3320170005402967,ㅤY❧ᐝ,520快乐,[等级19],[粉丝团 Lv13]
2026-05-20 14:06:16,3388014232615639,用户4393781344410,88888,[等级1],
2026-05-20 14:06:17,1051605068416204,用户3578,520快乐,[等级20],
2026-05-20 14:06:18,4503658257446344,🥐cornetto,手机发烫了,[等级41],[粉丝团 Lv7]
2026-05-20 14:06:19,1257437656002798,某某.,自我感动啥，她只是在叠甲[看]等会好抢物资,[等级34],[粉丝团:张君雅 Lv16]
2026-05-20 14:06:20,100056462711,是玲玲吖丶ᥫᩣ,@有酒有故事的骚男人 老黑的指套橱窗里有,[等级29],[粉丝团 Lv8]
2026-05-20 14:06:22,77372456299,詠逺遮嚒嬡仪,桥头有空投,[等级13],
2026-05-20 14:06:24,72400549351,那时天蓝,屏幕为什么变暗,[等级15],[粉丝团 Lv12]
2026-05-20 14:06:24,83571246069,不辣麻辣烫！,主播你的下蹲按键在哪,[等级1],
2026-05-20 14:06:24,2669269887762318,古抓飯,用S21老是会有回音,[等级30],
2026-05-20 14:06:25,66881236551,风继续吹,马吃草,[等级10],[粉丝团 Lv3]
2026-05-20 14:06:26,98657042845,🐋ᨶ႒ᩚ熊.1.991羊ঞꪆ🇨（互粉,谁问了,[等级19],[粉丝团 Lv9]
2026-05-20 14:06:30,95816952610,风淡云轻,老黑，今天吃大肠刺身了没有[捂脸][捂脸][捂脸][捂脸],[等级25],
2026-05-20 14:06:31,4344910011697940,疯狂的兔子🐰🐰🐰,去哪里买,[等级11],[粉丝团 Lv3]
2026-05-20 14:06:33,2225040408711719,哦。,胶带固定住呗,[等级16],
2026-05-20 14:06:34,7421511333608571963,🐉,我是捡到狗了，声音就会变小。,[等级13],
2026-05-20 14:06:35,62553817356,郭局打开,便宜没好货,[等级23],
2026-05-20 14:06:35,2340209465238136,成都彭于晏,老黑今天520居然陪咱们过，真是宠我们,[等级25],
2026-05-20 14:06:39,61988075528,王者荣耀法师妲己,用520粘住,[等级7],
2026-05-20 14:06:40,2172229561625960,好嗨哟,我是线耳机，不会延迟的吧,[等级25],[粉丝团 Lv13]
2026-05-20 14:06:40,84187662606,一世奢华,蓝牙耳机吗   手机能用吗,[等级18],[粉丝团 Lv3]
2026-05-20 14:06:40,104565631300,十八子,便宜没有好货[捂脸],[等级24],[粉丝团 Lv11]
2026-05-20 14:06:41,63430702306,建哥黔江鸡杂馆官方号,8,[等级32],
2026-05-20 14:06:42,2595285597169691,哎呦喂,我买的k03,[等级24],
2026-05-20 14:06:43,96948302829,A沉默🎒,去看看,[等级15],[粉丝团 Lv2]
2026-05-20 14:06:45,78211964297,🌈新手上路🌈,你是买的吗？,[等级14],[粉丝团 Lv11]
2026-05-20 14:06:45,93258734305,莱昂内尔.喲西,为啥感觉纯经典图有点卡顿，活动图就没有,[等级13],
2026-05-20 14:06:47,63430702306,建哥黔江鸡杂馆官方号,8p,[等级32],
2026-05-20 14:06:47,7028053485,博落回,练二舅吗？,[等级15],[粉丝团 Lv12]
2026-05-20 14:06:50,4037060322140430,·ᰔᩚಇ上上ജ签ഒᩚ,？,[等级15],[粉丝团 Lv12]
2026-05-20 14:06:51,4503669836332557,栩多渝🌽⚡️🌙,对对对,[等级11],[粉丝团 Lv10]
2026-05-20 14:06:51,100056462711,是玲玲吖丶ᥫᩣ,@风淡云轻 你口味儿真重,[等级29],[粉丝团 Lv8]
2026-05-20 14:06:51,855889974924892,迟遇👑,那你前男友呢,[等级18],[粉丝团 Lv3]
2026-05-20 14:06:52,110487983863,都怪你隐身太清晰,对对对,[等级17],[粉丝团 Lv8]
2026-05-20 14:06:55,466670364393783,袖下敛青川,又吃独食,[等级14],[粉丝团 Lv1]
2026-05-20 14:06:55,2351184838404211,过往云烟/,老黑挣多少钱了,[等级8],
2026-05-20 14:06:56,105819043223,77♏³²,你说的都对,[等级13],[粉丝团 Lv4]
2026-05-20 14:06:58,12681223719,小.馮,苹果手机打游戏为什么屏幕会点暗,[等级27],
2026-05-20 14:06:59,3114276768192916,🧑‍🦲,这键位是标准的五指全托,[等级14],
2026-05-20 14:06:59,2021319447952476,谨言,队友还得谢谢你，为他们考虑,[等级6],[粉丝团 Lv4]
2026-05-20 14:07:05,1581532558922515,浙家卤味,手机用哪个耳机好,[等级22],
2026-05-20 14:07:08,102292532517,哥不帅,就是忍不住空投的诱惑哈哈哈😁,[等级2],[粉丝团 Lv6]
2026-05-20 14:07:09,4503658257446344,🥐cornetto,一本正经,[等级41],[粉丝团 Lv7]
2026-05-20 14:07:09,74004657183,干锅土豆片,你队友都不搭理你,[等级29],[粉丝团 Lv10]
2026-05-20 14:07:09,71533879276,懒得起名字,耳机可以手机蓝牙连接吗,[等级15],[粉丝团 Lv8]
2026-05-20 14:07:17,135964883951687,you(^_^)丹,队友不说话,[等级9],
2026-05-20 14:07:17,74004657183,干锅土豆片,你话太密了,[等级29],[粉丝团 Lv10]
2026-05-20 14:07:19,872342653271020,晴天娃娃,88888,[等级13],
2026-05-20 14:07:23,99372859314,启  夏,@🧑‍🦲 6,[等级25],[粉丝团 Lv15]
2026-05-20 14:07:31,4375697175361117,御,老黑月入百万，你们别问了,[等级4],[粉丝团 Lv3]
2026-05-20 14:07:47,86762636305,@钱,这个版本脚步👣不好听、声音好小,[等级9],[粉丝团 Lv6]
2026-05-20 14:07:48,1257437656002798,某某.,牛逼,[等级34],[粉丝团:张君雅 Lv16]
2026-05-20 14:07:50,60822285692,啊！,牛,[等级22],
2026-05-20 14:07:50,55159220102,BWRZ（记录美好）,[衰][干饭人],[等级36],[粉丝团 Lv16]
2026-05-20 14:07:51,11641859069,著名艺术家,6666666,[等级21],
2026-05-20 14:07:52,761278298326685,兮兮.,队友都没开枪,[等级21],
2026-05-20 14:07:53,99029196184,分不清大小王女士,队友一抢不开吗,[等级24],[粉丝团 Lv11]
2026-05-20 14:07:54,98932747508,前还可修,666,[等级20],
2026-05-20 14:07:54,109019580467,兴哥哥,[666][666][666],[等级18],[粉丝团 Lv14]
2026-05-20 14:07:56,3931442832752413,财来吧,哈哈哈,[等级7],
2026-05-20 14:07:57,105819043223,77♏³²,牛逼,[等级13],[粉丝团 Lv4]
2026-05-20 14:07:57,73133140989,行稳致远,牛掰,[等级31],[粉丝团 Lv15]
2026-05-20 14:07:57,102469975321,✨名门⭐️,[捂脸][捂脸][捂脸],[等级19],[粉丝团 Lv15]
2026-05-20 14:07:59,109019580467,兴哥哥,[520快乐_520快乐],[等级18],[粉丝团 Lv14]
2026-05-20 14:08:00,97873254852,没有月儿的夜,队友咋都不开麦,[等级9],
2026-05-20 14:08:01,94676832208,@是杨杨呀,一个人自言自语,[等级18],[粉丝团 Lv13]
2026-05-20 14:08:03,94676832208,@是杨杨呀,哈哈哈,[等级18],[粉丝团 Lv13]
2026-05-20 14:08:05,1456169111790891,隔壁老王,打不过种田[捂脸],[等级16],[粉丝团 Lv7]
2026-05-20 14:08:07,111085432720,「#0000FF」,这个落地一碗肉是我好友哈哈哈哈,[等级11],[粉丝团 Lv2]
2026-05-20 14:08:10,92294124549,空^〇^白,队友一枪不开[捂脸][捂脸][捂脸],[等级6],[粉丝团 Lv6]
2026-05-20 14:08:11,3553222843969631,简单哥,哪位。朋友，请我。抽火因,[等级53],
2026-05-20 14:08:12,3408098413512419,心静自然,队友干嘛里[捂脸],[等级30],[粉丝团 Lv11]
2026-05-20 14:08:13,4503658257446344,🥐cornetto,田种的明白吗,[等级41],[粉丝团 Lv7]
2026-05-20 14:08:14,3553222843969631,简单哥,生日今天,[等级53],
2026-05-20 14:08:17,2021319447952476,谨言,我们有时候三打一或者四打二都打不过,[等级6],[粉丝团 Lv4]
2026-05-20 14:08:17,3553222843969631,简单哥,愿意关注,[等级53],
2026-05-20 14:08:21,22415580083835,苹果,老黑用皮筋绑到调音量哪里，有阻力碰到不会变动，也不影响手动调整,[等级18],
2026-05-20 14:08:24,2203895102709048,纵横四海,君雅这个爆炸功骰子了，不一般炮牛逼,[等级19],[粉丝团 Lv10]
2026-05-20 14:08:40,2172229561625960,好嗨哟,感觉是这游戏版本更新后就出现了，不知道怎么设置好声音[捂脸][捂脸][捂脸],[等级25],[粉丝团 Lv13]
2026-05-20 14:08:44,102469975321,✨名门⭐️,[666][666][666],[等级19],[粉丝团 Lv15]
2026-05-20 14:08:49,3148611881534173,▞▙▛▖▜▗▙▛,@简单哥 请你吃大嘴巴子[看],[等级16],[粉丝团 Lv3]
2026-05-20 14:08:49,1257437656002798,某某.,好像人机的名字,[等级34],[粉丝团:张君雅 Lv16]
2026-05-20 14:08:55,99742144808,🌈朗格拉普💓,很硬[捂脸],[等级15],
2026-05-20 14:08:55,3971911083623292,糯米饭❤️,@简单哥 好好的找个班上吧,[等级28],[粉丝团 Lv11]
2026-05-20 14:08:57,1455350881721268,弋🍓🍓,队友蒙圈了 不知道车在哪[看][看],[等级13],[粉丝团 Lv12]
2026-05-20 14:09:00,52717668418,☁️、—｜一,背包里的东西怎么标记,[等级9],[粉丝团 Lv6]
2026-05-20 14:09:05,74004657183,干锅土豆片,这个就是N港的,[等级29],[粉丝团 Lv10]
2026-05-20 14:09:06,95114696630,楠De小雨天气💦,手枪装子弹啊,[等级19],[粉丝团 Lv7]
2026-05-20 14:09:07,72920024453,Marlboro,她的这个弓确实牛逼,[等级16],
2026-05-20 14:09:13,99029196184,分不清大小王女士,这爆炸弓是开镜好还是不开镜好啊？,[等级24],[粉丝团 Lv11]
2026-05-20 14:09:13,95114696630,楠De小雨天气💦,手枪装子弹啊,[等级19],[粉丝团 Lv7]
2026-05-20 14:09:16,98440317010,黑猫警长0.0,@简单哥,[等级26],
2026-05-20 14:09:17,65934328725,🏀、,没人理你,[等级14],[粉丝团 Lv7]
2026-05-20 14:09:19,93682426393,娃娃,烟抽不起你可以戒呀,[等级30],[粉丝团 Lv3]
2026-05-20 14:09:21,95114696630,楠De小雨天气💦,手枪装子弹啊,[等级19],[粉丝团 Lv7]
2026-05-20 14:09:22,62540363825,鑫 ￴  ￴ ￴ ￴￴￴,@☁️、—｜一 长按,[等级16],
2026-05-20 14:09:23,62977313690,LO,队友不理你[捂脸],[等级25],[粉丝团 Lv9]
2026-05-20 14:09:23,111007266356,🔱守望w,装裤裆吧[抠鼻][抠鼻][抠鼻],[等级29],[粉丝团 Lv15]
2026-05-20 14:09:24,95114696630,楠De小雨天气💦,手枪装子弹啊,[等级19],[粉丝团 Lv7]
2026-05-20 14:09:25,87537697860,X🇨🇳,@☁️、—｜一 长按,[等级15],[粉丝团 Lv10]
2026-05-20 14:09:28,95114696630,楠De小雨天气💦,手枪装子弹啊,[等级19],[粉丝团 Lv7]
2026-05-20 14:09:33,55159220102,BWRZ（记录美好）,啥,[等级36],[粉丝团 Lv16]
2026-05-20 14:09:34,92724691349,^初一,@☁️、—｜一 长按,[等级6],[粉丝团 Lv6]
2026-05-20 14:09:34,55159220102,BWRZ（记录美好）,？,[等级36],[粉丝团 Lv16]
2026-05-20 14:09:34,63662526308,Cherie,[捂脸][捂脸][捂脸],[等级24],
2026-05-20 14:09:35,61988075528,王者荣耀法师妲己,[捂脸],[等级7],
2026-05-20 14:09:36,1248666993843848,若曼,哈哈哈,[等级10],
2026-05-20 14:09:36,4165407898869996,每天对被子表白,[捂脸][捂脸][捂脸][捂脸],[等级5],[粉丝团 Lv2]
2026-05-20 14:09:36,95115965858,Y☜☜P,他们都没舔空投，没枪匣[捂脸],[等级25],
2026-05-20 14:09:36,76496281176,ネфイω,@☁️、—｜一 标啥长按啥,[等级15],[粉丝团 Lv1]
2026-05-20 14:09:36,103959649399,涵,好东西,[等级8],[粉丝团 Lv2]
2026-05-20 14:09:37,100056462711,是玲玲吖丶ᥫᩣ,[捂脸][捂脸][捂脸][捂脸][捂脸],[等级29],[粉丝团 Lv8]
2026-05-20 14:09:37,92461848227,煜,？,[等级13],[粉丝团 Lv11]
2026-05-20 14:09:37,452643025072951,向晴,[捂脸][捂脸][捂脸],[等级14],[粉丝团 Lv11]
2026-05-20 14:09:39,91776987650,抱紧琴琴.,好肥,[等级11],[粉丝团 Lv10]
2026-05-20 14:09:39,111002104161,农夫,[赞][赞][赞][赞][赞],[等级1],
2026-05-20 14:09:40,65008922355,🌈浮夸.,@分不清大小王女士 你还是去玩王者荣耀吧，这个你玩不明白,[等级27],[粉丝团 Lv6]
2026-05-20 14:09:40,840493498901248,小强爱说笑话,发财了,[等级3],[粉丝团 Lv5]
2026-05-20 14:09:40,55159220102,BWRZ（记录美好）,受不鸟了,[等级36],[粉丝团 Lv16]
2026-05-20 14:09:40,102469975321,✨名门⭐️,[捂脸][捂脸][捂脸],[等级19],[粉丝团 Lv15]
2026-05-20 14:09:40,2374557380392285,雪花。,啊,[等级3],[粉丝团 Lv4]
2026-05-20 14:09:42,1392445396099439,天徵罪,财迷,[等级11],
2026-05-20 14:09:42,92294124549,空^〇^白,？,[等级6],[粉丝团 Lv6]
2026-05-20 14:09:43,97806080834,🚬ღ᭄辭ꦿ࿐,哈哈哈,[等级21],[粉丝团 Lv15]
2026-05-20 14:09:43,95680012230,南边有条江,发财,[等级16],[粉丝团 Lv12]
2026-05-20 14:09:44,3544473905937592,全有,别叫出声[捂脸][捂脸],[等级25],[粉丝团 Lv6]
2026-05-20 14:09:44,73133140989,行稳致远,可惜了,[等级31],[粉丝团 Lv15]
2026-05-20 14:09:44,104596718632,醉眼看人间,[捂脸][捂脸][捂脸],[等级19],[粉丝团 Lv14]
2026-05-20 14:09:45,84059834665,♬,哈哈哈,[等级21],
2026-05-20 14:09:45,78534869874,janjingjing,哈哈哈哈,[等级15],[粉丝团 Lv1]
2026-05-20 14:09:45,101515984152,七 安,[捂脸][捂脸][捂脸][捂脸],[等级16],[粉丝团 Lv7]
2026-05-20 14:09:45,61988075528,王者荣耀法师妲己,[捂脸],[等级7],
2026-05-20 14:09:45,2374557380392285,雪花。,好好听,[等级3],[粉丝团 Lv4]
2026-05-20 14:09:45,99240303123,🔥影儿🔥,哈哈哈,[等级16],[粉丝团 Lv10]
2026-05-20 14:09:45,105463503267,我的名字,好肥,[等级16],[粉丝团 Lv10]
2026-05-20 14:09:46,102259862239,🐉寒江孤影🐉,[捂脸][捂脸][捂脸],[等级26],
2026-05-20 14:09:46,96705411919,♥m i:ŋ✰,[捂脸][捂脸],[等级11],[粉丝团 Lv3]
2026-05-20 14:09:46,101277257606,风的影子🧸,[捂脸][捂脸][捂脸],[等级42],[粉丝团 Lv11]
2026-05-20 14:09:46,22415580083835,苹果,让队友用吧,[等级18],
2026-05-20 14:09:47,3795156287621927,拾欢,[捂脸][捂脸][捂脸][捂脸],[等级15],[粉丝团 Lv13]
2026-05-20 14:09:47,107737112142,佳+佳,爆炸弓伤害减小了系统？,[等级9],
2026-05-20 14:09:47,66473740328,『钱』钱钱钱,什么动静？,[等级12],
2026-05-20 14:09:48,96362561751,一生有你,[捂脸][捂脸][捂脸],[等级12],[粉丝团 Lv11]
2026-05-20 14:09:49,2928696292811743,超影独行,死动静[捂脸][捂脸],[等级18],[粉丝团 Lv12]
2026-05-20 14:09:49,74785611530,心心慈,换炮,[等级28],
2026-05-20 14:09:49,99941077916,你霉柿吧,哈哈哈哈,[等级11],[粉丝团 Lv3]
2026-05-20 14:09:50,2629659676384440,东北小土豆,哈哈，狗呢,[等级15],[粉丝团 Lv8]
2026-05-20 14:09:52,52717668418,☁️、—｜一,谢谢,[等级9],[粉丝团 Lv6]
2026-05-20 14:09:53,105819043223,77♏³²,怪可爱的 哈哈哈哈,[等级13],[粉丝团 Lv4]
2026-05-20 14:09:53,102292532517,哥不帅,哈哈哈😁,[等级2],[粉丝团 Lv6]
2026-05-20 14:09:54,418257417282493,演员@乐乐,要一个狗,[等级13],
2026-05-20 14:09:54,2203895102709048,纵横四海,你得队伍说啊，谁有枪牙给我交出来人都我打了,[等级19],[粉丝团 Lv10]
2026-05-20 14:09:56,97330506687,有缘路人,[捂脸][捂脸][捂脸][捂脸],[等级28],[粉丝团 Lv11]
2026-05-20 14:09:56,2849575054880941,TsY,哈哈哈😂,[等级8],
2026-05-20 14:09:56,1427643035813181,乌镇小凉亭,药都打不上的人  会有枪夹,[等级13],[粉丝团 Lv10]
2026-05-20 14:09:56,92461848227,煜,[捂脸][捂脸][捂脸],[等级13],[粉丝团 Lv11]
2026-05-20 14:09:56,3544473905937592,全有,你的声音自带涉黄[捂脸][捂脸],[等级25],[粉丝团 Lv6]
2026-05-20 14:09:57,88688880486,微笑🚥,[捂脸][捂脸],[等级15],[粉丝团 Lv12]
2026-05-20 14:09:57,105463503267,我的名字,真想守着这个包,[等级16],[粉丝团 Lv10]
2026-05-20 14:09:58,110012786240,小猫饼,哈哈哈哈哈哈,[等级22],[粉丝团 Lv12]
2026-05-20 14:09:58,103623410647,Mr  Zᴳᵀ兜里只有叁拾,什么死动静,[等级31],[粉丝团 Lv6]
2026-05-20 14:09:58,60608861591,mine,哈哈哈哈,[等级26],[粉丝团 Lv7]
2026-05-20 14:09:58,68189106631,𝑶𝒏𝒆,[捂脸],[等级30],[粉丝团 Lv10]
2026-05-20 14:09:58,1248666993843848,若曼,哈哈哈哈,[等级10],
2026-05-20 14:09:58,1456169111790891,隔壁老王,哈哈哈哈,[等级16],[粉丝团 Lv7]
2026-05-20 14:09:58,1560897837869139,风之骄子,[捂脸][捂脸][捂脸][捂脸],[等级32],[粉丝团 Lv15]
2026-05-20 14:09:59,2189880376430734,田心`,[捂脸][捂脸][捂脸],[等级15],[粉丝团 Lv8]
2026-05-20 14:09:59,3267352005977800,释怀！,[捂脸][捂脸][捂脸],[等级20],
2026-05-20 14:09:59,4037060322140430,·ᰔᩚಇ上上ജ签ഒᩚ,[看],[等级15],[粉丝团 Lv12]
2026-05-20 14:09:59,74785611530,心心慈,换炮,[等级28],
2026-05-20 14:10:00,68423550125,Love the way you lie,[捂脸][捂脸][捂脸][捂脸][捂脸][捂脸],[等级15],[粉丝团 Lv11]
2026-05-20 14:10:01,69268051905,ᑋᵉᑊᑊᵒ妞,哈哈哈哈哈,[等级12],[粉丝团 Lv7]
2026-05-20 14:10:01,3834726358986456,壹,[捂脸][捂脸][捂脸][捂脸],[等级15],[粉丝团 Lv13]
2026-05-20 14:10:01,1807239114666904,·喵了个咪,[捂脸][捂脸][捂脸],[等级20],[粉丝团 Lv15]
2026-05-20 14:10:03,1094766260652222,愿卿安,[看],[等级23],[粉丝团 Lv12]
2026-05-20 14:10:03,4165407898869996,每天对被子表白,有枪甲就舍得拿了[捂脸],[等级5],[粉丝团 Lv2]
2026-05-20 14:10:03,110012786240,小猫饼,心疼坏了,[等级22],[粉丝团 Lv12]
2026-05-20 14:10:03,3944681332022525,小咔啦咪,[捂脸][捂脸],[等级37],[粉丝团 Lv2]
2026-05-20 14:10:03,350067274032176,枫,啊[大笑],[等级34],
2026-05-20 14:10:03,2985892054834296,黑袍,是拿不下了,[等级20],
2026-05-20 14:10:04,452643025072951,向晴,笑死我了,[等级14],[粉丝团 Lv11]
2026-05-20 14:10:04,70573976610,石头,哈哈哈,[等级3],
2026-05-20 14:10:04,2731604610385293,微Ψ🪴,拿不了就拿不了[看],[等级16],
2026-05-20 14:10:05,1574124177852360,星⭐,哈哈,[等级11],[粉丝团 Lv6]
2026-05-20 14:10:05,84940839345,到此一游！,心疼坏了给老黑,[等级25],[粉丝团 Lv13]
2026-05-20 14:10:07,92724691349,^初一,又不舍得拿[看],[等级6],[粉丝团 Lv6]
2026-05-20 14:10:08,99941077916,你霉柿吧,实际上是拿不下了,[等级11],[粉丝团 Lv3]
2026-05-20 14:10:09,55159220102,BWRZ（记录美好）,要不是爆炸弓后期有用，我说白了，这大炮就是你的了[捂脸],[等级36],[粉丝团 Lv16]
2026-05-20 14:10:10,63173469632,小K,好肥,[等级14],[粉丝团 Lv8]
2026-05-20 14:10:13,63581026173,清浅,你人真好[捂脸][捂脸][捂脸],[等级11],[粉丝团 Lv11]
2026-05-20 14:10:13,448245226810199,OnlyYou↔,猫局：你和我打的时候怎么不是这样的,[等级12],[粉丝团 Lv10]
2026-05-20 14:10:13,2035922994732268,付甲一方,口水都流出来了[捂脸],[等级15],
2026-05-20 14:10:13,55159220102,BWRZ（记录美好）,[泣不成声][黑脸][泣不成声][黑脸][泣不成声][黑脸],[等级36],[粉丝团 Lv16]
2026-05-20 14:10:13,61063079197,小维,我都没舍得拿（包没地方了）,[等级11],[粉丝团 Lv1]
2026-05-20 14:10:14,1068317358433080,睿睿,喂马？,[等级19],[粉丝团 Lv11]
2026-05-20 14:10:15,105819043223,77♏³²,原来张君雅还有这么可爱的一面,[等级13],[粉丝团 Lv4]
2026-05-20 14:10:15,3544473905937592,全有,别叫出声，挺那啥的[捂脸][捂脸],[等级25],[粉丝团 Lv6]
2026-05-20 14:10:16,75965238396,期待,没弹夹拿不了[捂脸][捂脸],[等级12],[粉丝团 Lv3]
2026-05-20 14:10:16,418257417282493,演员@乐乐,要一个狗,[等级13],
2026-05-20 14:10:16,63662526308,Cherie,[捂脸][捂脸][捂脸],[等级24],
2026-05-20 14:10:18,4328097820972855,阿洋,[看],[等级13],[粉丝团 Lv10]
2026-05-20 14:10:19,2172229561625960,好嗨哟,[捂脸][捂脸][捂脸]拿不下，没舍得拿,[等级25],[粉丝团 Lv13]
2026-05-20 14:10:19,59348532870,贫僧法号：乱来,拿不动了,[等级34],
2026-05-20 14:10:19,68751578703,a果,吃不下了,[等级15],[粉丝团 Lv12]
2026-05-20 14:10:19,74785611530,心心慈,爆炸弓后面随便捡,[等级28],
2026-05-20 14:10:23,109166498423,tt,抗走呀[捂脸][捂脸],,
2026-05-20 14:10:24,24870028546,颖川忘忧,口水都流出来了,[等级8],
2026-05-20 14:10:24,310488211662580,🔔宝藏,急死了[捂脸][捂脸],[等级7],[粉丝团 Lv10]
2026-05-20 14:10:26,55159220102,BWRZ（记录美好）,凭什么呀？就不能三个位置吗,[等级36],[粉丝团 Lv16]
2026-05-20 14:10:27,58844071999,看透、别说透」,这队友也是过上年了,[等级31],[粉丝团 Lv4]
2026-05-20 14:10:28,100528370394,酉风渡,小炮是啥,[等级10],
2026-05-20 14:10:30,99746246528,寶儿姐,这些队友怎么不开麦,[等级12],[粉丝团 Lv9]
2026-05-20 14:10:31,94210725175,尐沭²,我信了，你真的大方[捂脸],[等级12],[粉丝团 Lv9]
2026-05-20 14:10:31,2538095959868720,不忘初心！！,哈哈,[等级10],[粉丝团 Lv7]
2026-05-20 14:10:32,61826877743,嫡长子,叫队友帮带,[等级20],[粉丝团 Lv3]
2026-05-20 14:10:33,4310505691294957,Ggg,难过的要命，哈哈哈,[等级12],[粉丝团 Lv12]
2026-05-20 14:10:33,1560897837869139,风之骄子,把盒子扛着,[等级32],[粉丝团 Lv15]
2026-05-20 14:10:33,99349758303,明飉,雅妹，一定要骂人,[等级11],
2026-05-20 14:10:34,2129109692727048,8023,再去吃一口,[等级17],[粉丝团 Lv10]
2026-05-20 14:10:34,99029196184,分不清大小王女士,@🌈浮夸. 不知道我问的点就闭嘴,[等级24],[粉丝团 Lv11]
2026-05-20 14:10:35,1080149981540420,哎吆我去😂,你长嘴干嘛的？问队友要啊😂😂,[等级2],
2026-05-20 14:10:35,1242922926217347,用户3974742176473,昨天晚上菊哥的那一局真的是肥呀，三把P90。,[等级10],
2026-05-20 14:10:35,83945222978,文明里～垚妈小甜品,[捂脸][捂脸][捂脸],[等级21],[粉丝团 Lv10]
2026-05-20 14:10:36,761278298326685,兮兮.,管他们要个狗,[等级21],
2026-05-20 14:10:37,100528370394,酉风渡,小炮是啥,[等级10],
2026-05-20 14:10:37,72813485275,皮皮皮,爆炸弓让队友拿,[等级20],[粉丝团 Lv15]
2026-05-20 14:10:37,96220936370,唐,猫局，你跟我打不是这样的,[等级12],[粉丝团 Lv7]
2026-05-20 14:10:38,452643025072951,向晴,意思是一会儿你没子弹了分你一点嘛哈哈哈笑死我了,[等级14],[粉丝团 Lv11]
2026-05-20 14:10:39,4503669836332557,栩多渝🌽⚡️🌙,再捡个空投就有了,[等级11],[粉丝团 Lv10]
2026-05-20 14:10:39,94048451023,周裕伟,决赛圈在房区就好了,[等级21],[粉丝团 Lv11]
2026-05-20 14:10:40,71091522114,面具,问他们要一只狗。,[等级8],
2026-05-20 14:10:41,22415580083835,苹果,这仨小子520过的真幸福,[等级18],
2026-05-20 14:10:42,4325905199005963,临沂森雅居踢脚线批发工厂,老黑,,
2026-05-20 14:10:43,96949131852,葉,3个队友不会讲话,[等级18],
2026-05-20 14:10:44,2538095959868720,不忘初心！！,便宜队友啦,[等级10],[粉丝团 Lv7]
2026-05-20 14:10:44,1080149981540420,哎吆我去😂,我感觉到三个队友开了组队麦😂😂,[等级2],
2026-05-20 14:10:45,3771776125374827,🌈髙彩臣（和平精英）,拿只狗也可以呀,[等级17],[粉丝团 Lv4]
2026-05-20 14:10:46,97727744500,倾城旧梦,他们肯定开了队伍麦,[等级34],
2026-05-20 14:10:46,96207445247,Tiger,主播是男的么？,[等级24],[粉丝团 Lv2]
2026-05-20 14:10:47,88688880486,微笑🚥,心塞,[等级15],[粉丝团 Lv12]
2026-05-20 14:10:47,64908956615,逐流,喊条狗，让狗背着,[等级17],[粉丝团 Lv9]
2026-05-20 14:10:48,82855826941,花花🐼,把包抗走,[等级5],[粉丝团 Lv3]
2026-05-20 14:10:49,4484268219711019,荣昌·小罗,2号又去舔，好香好香,[等级12],[粉丝团 Lv6]
2026-05-20 14:10:49,1426526781326347,雾里三千意,空头里有,,
2026-05-20 14:10:52,55159220102,BWRZ（记录美好）,也是真笑死[看],[等级36],[粉丝团 Lv16]
2026-05-20 14:10:52,75216878522,晚知泽,队友：这队友能处，,[等级26],
2026-05-20 14:10:52,1561750600951647,忆苦,把盒子扛走,[等级10],[粉丝团 Lv11]
2026-05-20 14:10:53,4046644367077262,来此生玩一趟,掏上了,[等级18],[粉丝团 Lv9]
2026-05-20 14:10:54,109089704140,博美柠茶Zzz,太胖了~,[等级27],[粉丝团 Lv10]
2026-05-20 14:10:55,4383112373738923,蒜皮儿,把盒子抗着走呀[捂脸][捂脸][捂脸][捂脸][捂脸],,
2026-05-20 14:10:56,2005923912753518,海阔天空88888,拿不了做个顺水人情不好吗,[等级9],
2026-05-20 14:10:56,2137080181565901,落尘,让队友拿，等他们嘎了还不都是你的,[等级11],[粉丝团 Lv1]
2026-05-20 14:10:57,100056462711,是玲玲吖丶ᥫᩣ,好可爱的君雅520快乐,[等级29],[粉丝团 Lv8]
2026-05-20 14:10:58,2893514521717372,细听轻雨打蕉叶,人家掏上了比要你的命还难受,[等级18],[粉丝团 Lv12]
2026-05-20 14:10:58,94442349099,cattooth,没圈了,[等级25],[粉丝团 Lv11]
2026-05-20 14:11:02,63739222882,༺℘静࿚,局哥都没有的待遇让这帮臭小子赶上了,[等级24],[粉丝团 Lv11]
2026-05-20 14:11:07,111438249801,吴哈妮,果然是好搭档 昨天晚上局哥三把啤酒瓶,[等级20],[粉丝团 Lv11]
2026-05-20 14:11:10,92829047329,南丰,空投队,[等级30],[粉丝团 Lv11]
2026-05-20 14:11:18,65008922355,🌈浮夸.,@分不清大小王女士 爆炸弓装不了倍镜，只有复合弓可以,[等级27],[粉丝团 Lv6]
2026-05-20 14:11:20,59230417640,孟婆来碗汤,把弓放这去拿大炮[捂脸][捂脸],[等级17],[粉丝团 Lv10]
2026-05-20 14:11:21,1257437656002798,某某.,?,[等级34],[粉丝团:张君雅 Lv16]
2026-05-20 14:11:21,111007266356,🔱守望w,小姐姐,[等级29],[粉丝团 Lv15]
2026-05-20 14:11:23,2189880376430734,田心`,[捂脸][捂脸][捂脸][捂脸],[等级15],[粉丝团 Lv8]
2026-05-20 14:11:23,2629659676384440,东北小土豆,来个狗,[等级15],[粉丝团 Lv8]
2026-05-20 14:11:23,99372859314,启  夏,[捂脸][捂脸][捂脸],[等级25],[粉丝团 Lv15]
2026-05-20 14:11:25,1248666993843848,若曼,哈哈哈哈,[等级10],
2026-05-20 14:11:26,3347394361297940,橙味奶祺🍫,？？？,[等级19],[粉丝团 Lv8]
2026-05-20 14:11:27,61748084992,川沙贝贝贝贝贝贝,先拿哈哈哈哈哈,[等级19],[粉丝团 Lv10]
2026-05-20 14:11:29,3514466180274228,瑾,[捂脸][捂脸][捂脸][捂脸][捂脸],[等级32],[粉丝团 Lv15]
2026-05-20 14:11:29,11641859069,著名艺术家,小番茄你怎么忍心杀的,[等级21],
2026-05-20 14:11:30,3238488436382032,用户1324082652476,@Tiger 对，而且是抠脚大汉[捂脸][捂脸][捂脸][捂脸][捂脸],[等级11],[粉丝团 Lv11]
2026-05-20 14:11:30,104596718632,醉眼看人间,[捂脸][捂脸][捂脸][捂脸],[等级19],[粉丝团 Lv14]
2026-05-20 14:11:31,100313663814,༺TIME༻,烂番茄,[等级15],[粉丝团 Lv12]
2026-05-20 14:11:31,100481599666,核桃不是桃,[捂脸][捂脸][捂脸][捂脸][捂脸][捂脸],[等级3],[粉丝团 Lv8]
2026-05-20 14:11:35,3927917620890733,wake,典型PUA,[等级11],[粉丝团 Lv10]
2026-05-20 14:11:36,111007266356,🔱守望w,空投,[等级29],[粉丝团 Lv15]
2026-05-20 14:11:36,104565631300,十八子,假装很大方[捂脸],[等级24],[粉丝团 Lv11]
2026-05-20 14:11:36,71983688442,🌹99,[捂脸][捂脸],[等级15],[粉丝团 Lv11]
2026-05-20 14:11:46,97004479072,南宁VG,拿不了塞裤裆,[等级2],[粉丝团 Lv5]
2026-05-20 14:11:50,96667074684,芥子,感觉像丢了一个亿[捂脸],[等级13],[粉丝团 Lv8]
2026-05-20 14:11:55,2335814409525224,～！～五味人生,又没开麦，可以这样自言自语玩[捂脸],[等级10],[粉丝团 Lv6]
2026-05-20 14:11:55,59829903564,無雙♛,这一句一句先拿的,[等级12],[粉丝团 Lv2]
2026-05-20 14:11:58,4462289596712409,是晨不是沉,其实什么都有,[等级7],[粉丝团 Lv7]
2026-05-20 14:12:17,1560897837869139,风之骄子,打大仓先,[等级32],[粉丝团 Lv15]
2026-05-20 14:12:29,3949078999479460,吓我两跳,？,[等级19],[粉丝团 Lv1]
2026-05-20 14:12:35,99029196184,分不清大小王女士,@🌈浮夸. 话都看不明白，别说话了。,[等级24],[粉丝团 Lv11]
2026-05-20 14:12:37,100072758242,Later,不喜欢看,[等级2],
2026-05-20 14:12:37,74785611530,心心慈,不拿大炮取关了,[等级28],
2026-05-20 14:12:37,98911845905,巴黎左岸╰荼靡花开つ,点了,[等级11],
2026-05-20 14:12:37,3276970025297022,农夫山贼,喜欢关注的点个看呗,[等级18],[粉丝团 Lv7]
2026-05-20 14:12:38,88138890987,艺术饰家,又没开麦[捂脸][捂脸],[等级19],[粉丝团 Lv10]
2026-05-20 14:12:40,1966366710316510,知昂,不用谢,[等级7],
2026-05-20 14:12:41,1046325426913655,小呼呼,给丫丫点点,[等级6],[粉丝团 Lv4]
2026-05-20 14:12:43,102441796372,W u,好的，我取消再关注一下[呲牙][呲牙],[等级24],[粉丝团 Lv2]
2026-05-20 14:12:45,21643884763804,经典永不过时,好的牙牙,,
2026-05-20 14:12:45,100321401819,乘风,好可爱主播,[等级11],
2026-05-20 14:12:47,149142502375518,维维,谁是丫丫,[等级22],[粉丝团 Lv2]
2026-05-20 14:12:47,95902533466,小💥,已点莫辜负,[等级8],
2026-05-20 14:12:47,83945222978,文明里～垚妈小甜品,我们都有,[等级21],[粉丝团 Lv10]
2026-05-20 14:12:48,55159220102,BWRZ（记录美好）,@心心慈 88,[等级36],[粉丝团 Lv16]
2026-05-20 14:12:49,111205835280,戏幕落，谁是客,老黑，今天过生日吗,[等级40],[粉丝团 Lv13]
2026-05-20 14:12:50,1547768063601607,✔688,取关在点可以吗[尬笑][尬笑],[等级43],[粉丝团 Lv12]
2026-05-20 14:12:50,103799411234,余生安好,@不吃番茄酱   刚刚被打的？,[等级9],
2026-05-20 14:12:51,2383387734312056,AA工业地产—阿海,关注带我吃把鸡[看],[等级29],
2026-05-20 14:12:52,105849322767,骑着蜗牛看日出,咋晚猫局一把搞了3把P90，2把大炮1爆炸弓1复合弓，搞得没法拿了[捂脸][捂脸][捂脸]那才叫难舍难分[捂脸][捂脸][捂脸],[等级3],
2026-05-20 14:12:52,4310549579694780,@你,埋汰王没了,[等级15],[粉丝团 Lv10]
2026-05-20 14:12:52,726097312879533,乔治没有佩奇,怎么不打三角洲,[等级9],
2026-05-20 14:12:53,624135551327245,阿兜,淘汰王被摘了,[等级7],
2026-05-20 14:12:54,132399380304215,百分之二,我如果说我喜欢张老黑声音，你们信吗？[比心][比心][比心][比心][比心][比心][比心][比心][比心][比心],[等级13],[粉丝团 Lv10]
2026-05-20 14:12:54,105079169370,🚬ξΙ敬余生🍸,看了三年，每天都看，就是没点关注,[等级29],
2026-05-20 14:12:54,4410855829013591,@用户174523698741263,丫丫,[等级12],
2026-05-20 14:12:58,94676832208,@是杨杨呀,看了你直播，我现在匹路人都是开麦，有时候没一个人开麦，感觉好尴尬,[等级18],[粉丝团 Lv13]
2026-05-20 14:12:58,1392445396099439,天徵罪,给大葱点,[等级11],
2026-05-20 14:12:59,96882091468,ㅤFj,天天看，忘了点,[等级2],
2026-05-20 14:13:00,1560897837869139,风之骄子,不点,[等级32],[粉丝团 Lv15]
2026-05-20 14:13:00,110895971722,一个人挺好…👿,丫丫是谁不认识,[等级24],[粉丝团 Lv9]
2026-05-20 14:13:00,75216878522,晚知泽,这仨队友从开局穷的叮当响，到现在富得流油,[等级26],
2026-05-20 14:13:00,55159220102,BWRZ（记录美好）,@心心慈 还走不送,[等级36],[粉丝团 Lv16]
2026-05-20 14:13:03,98156409168,孤独的人是可耻的,为什么过段时间他自己取消关注了呢？520快乐,[等级6],[粉丝团 Lv2]
2026-05-20 14:13:04,2374557380392285,雪花。,[发呆][发呆][发呆],[等级3],[粉丝团 Lv4]
2026-05-20 14:13:04,97769133216,罖亽,那我取关？,[等级11],[粉丝团 Lv2]
2026-05-20 14:13:06,2566692908832068,Long Journey Hero,开播就看 下播就散 关注不点 主打陪伴[看],[等级23],
2026-05-20 14:13:08,72918268379,找到女朋友就改网名,哟,[等级6],[粉丝团 Lv4]
2026-05-20 14:13:08,87712213991,大鹏（预约）,点了关注还怎么白嫖[捂脸],[等级8],
2026-05-20 14:13:09,3944681332022525,小咔啦咪,不拿大炮取关了[看][看],[等级37],[粉丝团 Lv2]
2026-05-20 14:13:11,76340359302,爱逆光,你要是早几年播现在都是千万级别了,[等级14],
2026-05-20 14:13:12,2065297701080852,雨下整夜,带几个兄弟睁园子,,
2026-05-20 14:13:14,455643379538939,小ᨶ႒朵,淘汰王没了,[等级17],[粉丝团 Lv8]
2026-05-20 14:13:14,83718042681,无敌战神,给YY点点取关,[等级20],
2026-05-20 14:13:17,7583006870895428657,控屁师,涨粉不重要，有几个吃鸡主播能稳定直播间一万人的,,
2026-05-20 14:13:19,74848751355,三人禾2004,丫丫,[等级12],[粉丝团 Lv11]
2026-05-20 14:13:19,98095182081,手握风云★,予大米坐月子还没出来[发呆][发呆][发呆],[等级20],[粉丝团 Lv2]
2026-05-20 14:13:21,77175772503,叹时光逾期,炸坑,[等级11],
2026-05-20 14:13:25,60586852944,‘’邱屋男神超哥,晚上直播记得先买个枪匣,[等级25],[粉丝团 Lv12]
2026-05-20 14:13:25,2005923912753518,海阔天空88888,吃鸡要队友点点关注,[等级9],
2026-05-20 14:13:25,81238463780,本王赵你♥,@孤独的人是可耻的,,
2026-05-20 14:13:27,92992288513,昕愿,@@是杨杨呀 我还行  哪里有人就说  正常不说话,[等级10],[粉丝团 Lv3]
2026-05-20 14:13:28,67853888743,摆烂小鱼𓆜,520快乐,[等级26],[粉丝团 Lv9]
2026-05-20 14:13:28,2065297701080852,雨下整夜,带几个兄弟睁园子,,
2026-05-20 14:13:30,1807239114666904,·喵了个咪,不是淘汰王  这把有高手,[等级20],[粉丝团 Lv15]
2026-05-20 14:13:31,101277257606,风的影子🧸,[捂脸][捂脸][捂脸],[等级42],[粉丝团 Lv11]
2026-05-20 14:13:31,1080149981540420,哎吆我去😂,让队友拿个人头😂😂,[等级2],
2026-05-20 14:13:31,102852377866,同乐海,有高手淘汰王被抢了。,[等级16],[粉丝团 Lv8]
2026-05-20 14:13:32,100056462711,是玲玲吖丶ᥫᩣ,[捂脸][捂脸][捂脸][捂脸],[等级29],[粉丝团 Lv8]
2026-05-20 14:13:33,99475040853,此时无声,队友是金口玉牙啊！,[等级27],[粉丝团 Lv7]
2026-05-20 14:13:33,102469975321,✨名门⭐️,[捂脸][捂脸][捂脸],[等级19],[粉丝团 Lv15]
2026-05-20 14:13:33,63662526308,Cherie,[捂脸][捂脸],[等级24],
2026-05-20 14:13:35,1257437656002798,某某.,哈哈哈哈,[等级34],[粉丝团:张君雅 Lv16]
2026-05-20 14:13:35,742894340412396,巅峰💤小和尚,叫他把烧火棍给你用用,[等级26],
2026-05-20 14:13:37,4233546532927219,🉑🈶🉑🈚,你说的打他啊,[等级20],[粉丝团 Lv10]
2026-05-20 14:13:37,63581026173,清浅,[捂脸][捂脸][捂脸][捂脸][捂脸][捂脸],[等级11],[粉丝团 Lv11]
2026-05-20 14:13:41,4198386700652899,～～～,假装大方，其实恶狠狠的关掉队伍麦～哈哈,[等级4],[粉丝团 Lv7]
2026-05-20 14:13:44,7625231396533994533,波涛胸涌（大佬号）,哈哈哈哈哈,[等级1],
2026-05-20 14:13:55,55922140011,七皇子,打了说不打有说，倒霉的很,[等级39],[粉丝团 Lv7]
2026-05-20 14:13:56,1080149981540420,哎吆我去😂,人家三个不搭理，你开的组队麦,[等级2],
2026-05-20 14:13:59,7625231396533994533,波涛胸涌（大佬号）,来个白嫖玩游戏的，我送你玩yy,[等级1],
2026-05-20 14:13:59,99742144808,🌈朗格拉普💓,把弓放着，回头去拿大炮,[等级15],
2026-05-20 14:14:01,93682426393,娃娃,哟听话我关注了,[等级30],[粉丝团 Lv3]
2026-05-20 14:14:04,219531308175928,孤独的狼,有高手,[等级7],[粉丝团 Lv2]
2026-05-20 14:14:04,64625641673,快乐人生🦞,7个不是淘汰王,[等级26],[粉丝团 Lv13]
2026-05-20 14:14:10,68423550125,Love the way you lie,还有高手,[等级15],[粉丝团 Lv11]
2026-05-20 14:14:10,72621711770,小二,你还想让他们三个以身相许吗,[等级8],[粉丝团 Lv2]
2026-05-20 14:14:12,15725133257,格格驾到🎈🧸,去拿空投啊,[等级30],[粉丝团 Lv7]
2026-05-20 14:14:12,67853888743,摆烂小鱼𓆜,没礼貌呗,[等级26],[粉丝团 Lv9]
2026-05-20 14:14:12,111467981858,cyl,空投,[等级1],
2026-05-20 14:14:13,2928696292811743,超影独行,[捂脸][捂脸][捂脸][捂脸],[等级18],[粉丝团 Lv12]
2026-05-20 14:14:14,1080149981540420,哎吆我去😂,人家三个开的组队麦，不搭理你😂😂,[等级2],
2026-05-20 14:14:18,99029196184,分不清大小王女士,把他们卖了,[等级24],[粉丝团 Lv11]
2026-05-20 14:14:18,4383112373738923,蒜皮儿,快去把盒子抗在这个坑里来[捂脸][捂脸][捂脸][捂脸],,
2026-05-20 14:14:19,71660161508,。H  。,哈哈哈哈哈,[等级20],[粉丝团 Lv13]
2026-05-20 14:14:20,3852291762041080,光头有点闲,上把吃鸡了吗,[等级14],[粉丝团 Lv13]
2026-05-20 14:14:20,7422148882421662782,颜色花火火,还有高手，不是埋汰王,[等级10],[粉丝团 Lv3]
2026-05-20 14:14:20,852819238992254,陪你走过,前一套，后一套，左一套，右一套,[等级9],[粉丝团 Lv1]
2026-05-20 14:14:20,98773931120,彭志辉,有空投,[等级5],
2026-05-20 14:14:22,99746246528,寶儿姐,这队友真不咋地,[等级12],[粉丝团 Lv9]
2026-05-20 14:14:23,92724691349,^初一,没礼貌,[等级6],[粉丝团 Lv6]
2026-05-20 14:14:23,98724742497,沦陷,播到几点？,,
2026-05-20 14:14:24,262136437673866,比泡面难泡的女人,1,,
2026-05-20 14:14:26,624947698336680,Rye,你没开麦,[等级14],[粉丝团 Lv6]
2026-05-20 14:14:26,73705968949,廣龍叁石¹⁹⁸⁸,越想越气[捂脸][捂脸][捂脸],[等级17],[粉丝团 Lv6]
2026-05-20 14:14:26,2490864014474267,W小观,个自嘴瓢,,
2026-05-20 14:14:26,62653006650,*顺奇自然*,8个了还不是淘汰王。,[等级12],[粉丝团 Lv9]
2026-05-20 14:14:27,61748084992,川沙贝贝贝贝贝贝,就是就是没礼貌哈哈哈哈哈哈,[等级19],[粉丝团 Lv10]
2026-05-20 14:14:29,2194231446746028,用户78,确定没开挂,[等级17],
2026-05-20 14:14:30,70088343628,春风十里灬不如你,有高手,[等级23],[粉丝团 Lv5]
2026-05-20 14:14:30,102441796372,W u,这队不行,[等级24],[粉丝团 Lv2]
2026-05-20 14:14:31,3927917620890733,wake,埋汰王是谁？,[等级11],[粉丝团 Lv10]
2026-05-20 14:14:32,2203895102709048,纵横四海,队伍里面有妹子啊，不让男的跟你说话,[等级19],[粉丝团 Lv10]
2026-05-20 14:14:32,1944356539082503,大～飞,太卑微了,[等级8],[粉丝团 Lv6]
2026-05-20 14:14:33,4112604411736253,兔粉妆,匹配到雅姐的太幸福了,[等级15],[粉丝团 Lv10]
2026-05-20 14:14:34,200580296878250,ο▬▬▬◙▅▅▆▆▆▆◤千,自言自语的,[等级7],[粉丝团 Lv10]
2026-05-20 14:14:34,62653006650,*顺奇自然*,有高手。,[等级12],[粉丝团 Lv9]
2026-05-20 14:14:35,98196563519,识趣,遭遇滑铁卢,[等级19],[粉丝团 Lv11]
2026-05-20 14:14:39,106145148774,榴莲不臭,让队友吃死鸡,,
2026-05-20 14:14:39,105819043223,77♏³²,又开始嘀咕上了,[等级13],[粉丝团 Lv4]
2026-05-20 14:14:57,1560897837869139,风之骄子,还有淘汰王,[等级32],[粉丝团 Lv15]
2026-05-20 14:15:06,7636015985028285489,茉莉花茶（不回私信看简介）,找个游戏玩家 我冲你玩 当大佬,,
2026-05-20 14:15:10,104284064269,月下独酌,卖了他们，不就有枪匣了[捂脸],[等级18],[粉丝团 Lv11]
2026-05-20 14:15:10,108657379142,婷.,还有高手,[等级6],[粉丝团 Lv4]
2026-05-20 14:15:12,2629659676384440,东北小土豆,关麦穗穗念[捂脸],[等级15],[粉丝团 Lv8]
2026-05-20 14:15:12,92294124549,空^〇^白,队友有枪匣[捂脸],[等级6],[粉丝团 Lv6]
2026-05-20 14:15:14,64551259866,ᦦ🐎¹⁹⁹⁰㋂㏶王℘࿐ᩚ,就不搭理你,[等级21],
2026-05-20 14:15:16,2774792441435335,Luna在香港🇭🇰,又是能匹配到你，我就是你移动六级包,[等级16],[粉丝团 Lv5]
2026-05-20 14:15:17,2529343295198756,🫶渡己🫶,怎么队友不搭理你,[等级28],[粉丝团 Lv1]
2026-05-20 14:15:19,7636015985028285489,茉莉花茶（不回私信看简介）,找个游戏玩家 我冲你玩 当大佬,,
2026-05-20 14:15:21,111001596003,飞行时间小游戏,[比心],[等级5],
2026-05-20 14:15:28,4062061965620323,南枝•,你队伍麦别人听不见,[等级20],[粉丝团 Lv7]
2026-05-20 14:15:29,7636015985028285489,茉莉花茶（不回私信看简介）,找个游戏玩家 我冲你玩 当大佬,,
2026-05-20 14:15:30,1080149981540420,哎吆我去😂,这淘汰王死的太冤枉了,[等级2],
2026-05-20 14:15:36,1015552308690253,🌈Mr梁,人多,[等级10],[粉丝团 Lv8]
2026-05-20 14:15:36,106145148774,榴莲不臭,让队友吃死鸡,,
2026-05-20 14:15:39,7636015985028285489,茉莉花茶（不回私信看简介）,找个游戏玩家 我冲你玩 当大佬,,
2026-05-20 14:15:47,2490864014474267,W小观,淘汰王很肥,,
2026-05-20 14:15:48,2774792441435335,Luna在香港🇭🇰,一直跟他们说话都不回应一下，真的很没礼貌,[等级16],[粉丝团 Lv5]
2026-05-20 14:15:51,4062061965620323,南枝•,不理人不礼貌了哦,[等级20],[粉丝团 Lv7]
2026-05-20 14:15:56,1349797732948732,芳芳*不吃香菜,不是组队吗？听不见吗？,[等级9],[粉丝团 Lv7]
2026-05-20 14:15:58,73552307805,已是晴天,这队友…起码回应一下吧,[等级12],[粉丝团 Lv10]
2026-05-20 14:16:02,4182991537974647,毛蛋💕,@茉莉花茶（不回私信看简介） 真的嘛,[等级20],[粉丝团 Lv12]
2026-05-20 14:16:03,101665125778,🦊年年有余,队伍麦可以。组队不行,[等级16],[粉丝团 Lv11]
2026-05-20 14:16:14,102441796372,W u,牛逼,[等级24],[粉丝团 Lv2]
2026-05-20 14:16:20,3143595301,懒洋洋,520快乐520快乐520快乐,[等级26],[粉丝团 Lv12]
2026-05-20 14:16:42,102287998728,Lෆii೨歡,又是昨天的位置,[等级8],[粉丝团 Lv10]
2026-05-20 14:16:51,1900427196767240,元霸,自己刚落伞没沟通,[等级14],[粉丝团 Lv7]
2026-05-20 14:16:51,62130220363,周周不睡觉🍓,队友一声不吱声吗,[等级24],[粉丝团 Lv4]
2026-05-20 14:16:57,62130220363,周周不睡觉🍓,上课？,[等级24],[粉丝团 Lv4]
2026-05-20 14:17:02,110558678829,冷暖自知,不愧是张老黑真厉害[捂脸],[等级14],
2026-05-20 14:17:07,64096045771,ㅤㅤㅤㅤ ㅤㅤㅤ ㅤ  ㅤAlano,熟悉的地方,[等级24],[粉丝团 Lv8]
2026-05-20 14:17:10,3737933112153927,sherry💕倩倩,熟悉的配方,[等级26],[粉丝团 Lv13]
2026-05-20 14:17:16,635942440300632,Q-,这3号我匹过,[等级5],[粉丝团 Lv3]
2026-05-20 14:17:24,1257437656002798,某某.,牛逼,[等级34],[粉丝团:张君雅 Lv16]
2026-05-20 14:17:24,61748084992,川沙贝贝贝贝贝贝,厉害呀宝宝,[等级19],[粉丝团 Lv10]
2026-05-20 14:17:24,102469975321,✨名门⭐️,[666][666][666][666],[等级19],[粉丝团 Lv15]
2026-05-20 14:17:28,1904008710601260,醉后☆清风,牛逼,[等级19],[粉丝团 Lv14]
2026-05-20 14:17:28,92724691349,^初一,该我了[捂脸],[等级6],[粉丝团 Lv6]
2026-05-20 14:17:30,67853888743,摆烂小鱼𓆜,笑死,[等级26],[粉丝团 Lv9]
2026-05-20 14:17:30,73106185482,简单点！,[666],[等级7],[粉丝团 Lv1]
2026-05-20 14:17:33,2129109692727048,8023,[666][666][666],[等级17],[粉丝团 Lv10]
2026-05-20 14:17:34,4198386700652899,～～～,牛逼,[等级4],[粉丝团 Lv7]
2026-05-20 14:17:34,70923711471,辣椒🌶️,[666][666][666],[等级14],[粉丝团 Lv7]
2026-05-20 14:17:34,110133575047,阳,[比心][比心],[等级1],[粉丝团 Lv2]
2026-05-20 14:17:35,109089704140,博美柠茶Zzz,[666][666][666],[等级27],[粉丝团 Lv10]
2026-05-20 14:17:36,108657379142,婷.,牛逼,[等级6],[粉丝团 Lv4]
2026-05-20 14:17:36,1248666993843848,若曼,哈哈哈,[等级10],
2026-05-20 14:17:36,3026322828036093,徐徐⁰⁵32,牛逼520快乐,[等级13],[粉丝团 Lv12]
2026-05-20 14:17:40,756883496633111,小鱼,牛逼,[等级32],[粉丝团 Lv16]
2026-05-20 14:17:41,85660590575,宋一依,该我了,[等级21],
2026-05-20 14:17:41,2860307305997289,xiaoyang,牛批666,[等级2],
2026-05-20 14:17:42,96992796442,💕凉凉⁸⁰⁰⁸,这把是人机局,[等级10],[粉丝团 Lv11]
2026-05-20 14:17:42,51231483569,晚舟,帅帅帅,[等级12],
2026-05-20 14:17:42,73133140989,行稳致远,[666][666][666],[等级31],[粉丝团 Lv15]
2026-05-20 14:17:43,110133575047,阳,雷神悍妇,[等级1],[粉丝团 Lv2]
2026-05-20 14:17:43,108657379142,婷.,牛逼,[等级6],[粉丝团 Lv4]
2026-05-20 14:17:44,7571745879104406565,𝑨꯭𝑰꯭𝒐꯭𝒏꯭𝒆꯭。,该我了[捂脸],[等级2],
2026-05-20 14:17:45,92262317508,小猪猪˙Ꙫ˙,厉害厉害,[等级21],
2026-05-20 14:17:46,92992288513,昕愿,四个都在里面  补看门,[等级10],[粉丝团 Lv3]
2026-05-20 14:17:47,4503669836332557,栩多渝🌽⚡️🌙,牛逼牛逼牛逼,[等级11],[粉丝团 Lv10]
2026-05-20 14:17:47,2163478376489661,独酌清欢,这里什么时候有密室的,[等级22],[粉丝团 Lv3]
2026-05-20 14:17:48,109419284346,曾经的少年！曾经的你！！,[666][666][666][666][666],[等级24],[粉丝团 Lv14]
2026-05-20 14:17:49,108657379142,婷.,666,[等级6],[粉丝团 Lv4]
2026-05-20 14:17:49,100702654681,曾经我以为,@H、,[等级28],[粉丝团 Lv11]
2026-05-20 14:17:49,82767577094,一只小天时💕,厉害 雅雅,[等级23],[粉丝团 Lv12]
2026-05-20 14:17:49,69744655621,满山的猴子我腚最红❤,K头的心,[等级5],
2026-05-20 14:17:50,96197197101,睡醒了就回你,该我了，哈哈哈哈哈,[等级19],[粉丝团 Lv5]
2026-05-20 14:17:51,7467247261552297020,此世人间不相逢,厉害[鼓掌][鼓掌][鼓掌],[等级2],[粉丝团 Lv5]
2026-05-20 14:17:53,108657379142,婷.,牛逼,[等级6],[粉丝团 Lv4]
2026-05-20 14:17:53,4198386700652899,～～～,牛逼牛逼,[等级4],[粉丝团 Lv7]
2026-05-20 14:17:57,111002104161,农夫,太酷了,[等级1],
2026-05-20 14:17:57,85420740251,小静,牛牛牛,[等级19],[粉丝团 Lv10]
2026-05-20 14:17:59,62322886726,husleng,你的对手不像战神局的啊,[等级2],
2026-05-20 14:18:01,106880280722,我行我素,520快乐,[等级13],[粉丝团 Lv8]
2026-05-20 14:18:02,3657414032522778,321,。,[等级7],[粉丝团 Lv8]
2026-05-20 14:18:02,67853888743,摆烂小鱼𓆜,该我了[捂脸][捂脸],[等级26],[粉丝团 Lv9]
2026-05-20 14:18:03,11641859069,著名艺术家,p90都舍不得用,[等级21],
2026-05-20 14:18:03,132393117955975,憨憨的,张妈妈终于吃鸡了[流泪],[等级24],
2026-05-20 14:18:05,110487983863,都怪你隐身太清晰,玛卡巴卡,[等级17],[粉丝团 Lv8]
2026-05-20 14:18:05,92339544104,宸语宝宝,牛逼牛逼牛逼,[等级3],
2026-05-20 14:18:06,60720763321,″北柠″🐾,@独酌清欢 一直有密室啊,[等级34],[粉丝团 Lv8]
2026-05-20 14:18:08,1838847804575764,老农民A1,你们是恁个来[捂脸][捂脸][捂脸],[等级33],[粉丝团 Lv15]
2026-05-20 14:18:11,1810276657413193,🍒江苏晚,杀这么多，才加10分，好少,[等级11],
2026-05-20 14:18:11,7524997750259598396,Thu.,6,[等级4],[粉丝团 Lv3]
2026-05-20 14:18:13,110487983863,都怪你隐身太清晰,玛卡巴卡叫上,[等级17],[粉丝团 Lv8]
2026-05-20 14:18:13,68501036080,钱难有2021,666[666],[等级10],[粉丝团 Lv8]
2026-05-20 14:18:14,2928696292811743,超影独行,蛋呢,[等级18],[粉丝团 Lv12]
2026-05-20 14:18:14,21643884763804,经典永不过时,玛卡巴卡呢,,
2026-05-20 14:18:15,78534869874,janjingjing,牛逼,[等级15],[粉丝团 Lv1]
2026-05-20 14:18:18,110487983863,都怪你隐身太清晰,玛卡巴卡,[等级17],[粉丝团 Lv8]
2026-05-20 14:18:19,2621702862803064,完美世界(荒),520快乐520快乐520快乐,[等级10],[粉丝团 Lv6]
2026-05-20 14:18:20,108947993276,等待爱的港湾,玛卡玛卡,[等级11],[粉丝团 Lv6]
2026-05-20 14:18:20,111002104161,农夫,太酷了太酷了太酷了,[等级1],
2026-05-20 14:18:21,77416951506,ら孤痞,@--不成熟de小妞 这谁呀[看],[等级37],[粉丝团 Lv17]
2026-05-20 14:18:21,102868157861,西贝巴巴,铁蛋,[等级7],
2026-05-20 14:18:22,132393117955975,憨憨的,张妈妈,[等级24],
2026-05-20 14:18:22,108619286241,დ᭄ꦿ终究是戏꧔ꦿ℘⸙,牛,[等级12],
2026-05-20 14:18:22,193993323842043,@小黄帽！,巴卡,[等级2],[粉丝团 Lv1]
2026-05-20 14:18:23,3548838135860075,S·Sep¹⁴Vir ♥𖠚ᐝ,玛卡巴卡,[等级6],
2026-05-20 14:18:24,64197226920,✨蔻楠丶,[捂脸][捂脸][捂脸],[等级19],[粉丝团 Lv10]
2026-05-20 14:18:24,246758888446382,大猪蹄子🐷,太极八卦连环阵,[等级16],
2026-05-20 14:18:24,85002810872,话语星晨,我就问一下，张君雅不直播的时候，有哪个主播可以看？,[等级8],
2026-05-20 14:18:25,132393117955975,憨憨的,张妈妈,[等级24],
2026-05-20 14:18:26,108619286241,დ᭄ꦿ终究是戏꧔ꦿ℘⸙,520快乐,[等级12],
2026-05-20 14:18:26,73411041668,///   7℃-`⑨零後*,这把要掉大粪了[呲牙][呲牙][呲牙],[等级15],[粉丝团 Lv6]
2026-05-20 14:18:26,101665125778,🦊年年有余,玛卡巴卡谁,[等级16],[粉丝团 Lv11]
2026-05-20 14:18:26,4171970901990206,邪神姬EvilGods,@独酌清欢 活捉一只云玩家,,
2026-05-20 14:18:27,103623410647,Mr  Zᴳᵀ兜里只有叁拾,玛卡巴卡,[等级31],[粉丝团 Lv6]
2026-05-20 14:18:27,59260357003,✨罗某某✨,铁蛋今天休息,[等级18],[粉丝团 Lv11]
2026-05-20 14:18:28,103716546861,冬失橙,还差几分9000？,,
2026-05-20 14:18:29,132393117955975,憨憨的,张妈妈,[等级24],
2026-05-20 14:18:29,92294124549,空^〇^白,玛卡巴卡,[等级6],[粉丝团 Lv6]
2026-05-20 14:18:31,76918676189,浅唱你给的悲伤,最后一把？,[等级10],
2026-05-20 14:18:31,92992288513,昕愿,强制叫,[等级10],[粉丝团 Lv3]
2026-05-20 14:18:31,3367119101376588,又赢了,打得一般般,[等级4],[粉丝团 Lv5]
2026-05-20 14:18:32,277507057385687,山河万里无云,每次我一看你，你就吃鸡,[等级21],[粉丝团 Lv10]
2026-05-20 14:18:32,109828576435,菜爸爸,拼豆评完了吗,[等级23],
2026-05-20 14:18:32,7421511333608571963,🐉,玛卡巴卡今天休息。,[等级13],
2026-05-20 14:18:32,55159220102,BWRZ（记录美好）,什么意思？玛卡巴卡要周三休息[疑问][疑问],[等级36],[粉丝团 Lv16]
2026-05-20 14:18:32,98373352228,W！,必须找玛卡巴卡,[等级41],[粉丝团 Lv12]
2026-05-20 14:18:33,105633835483,醉卧沙场君莫笑,玛卡巴卡[捂脸][捂脸][捂脸],[等级27],[粉丝团 Lv16]
2026-05-20 14:18:34,104439243556,㔖王爷，,玛卡巴卡,[等级27],[粉丝团 Lv12]
2026-05-20 14:18:34,1257437656002798,某某.,自己玩,[等级34],[粉丝团:张君雅 Lv16]
2026-05-20 14:18:38,3931442832752413,财来吧,快点还能打三局[呲牙],[等级7],
2026-05-20 14:18:38,104697742583,铁心王,[赞],[等级22],[粉丝团 Lv11]
2026-05-20 14:18:38,813259037618823,Cherishooo,今天 520,[等级2],
2026-05-20 14:18:40,99029196184,分不清大小王女士,@话语星晨 猫局,[等级24],[粉丝团 Lv11]
2026-05-20 14:18:40,7397478323271828504,￴￴ ￴￴ ￴ ￴￴,520不打情侣了呀？？？？？？,[等级10],[粉丝团 Lv3]
2026-05-20 14:18:40,1838847804575764,老农民A1,@🦊年年有余 铁蛋[捂脸][捂脸],[等级33],[粉丝团 Lv15]
2026-05-20 14:18:41,2692063934820510,心④海,怎么感觉你的木乃伊比队友的要肥一点,[等级16],[粉丝团 Lv3]
2026-05-20 14:18:42,70150470010,一场修行,看了几天，怎么分不见涨,[等级27],
2026-05-20 14:18:43,690125102658323,黑猫@警长,@🦊年年有余 蛋蛋,[等级24],[粉丝团 Lv12]
2026-05-20 14:18:43,277507057385687,山河万里无云,玛卡巴卡是谁,[等级21],[粉丝团 Lv10]
2026-05-20 14:18:44,1458376325478826,用户1027145505428,520去约会了，你徒弟,[等级3],
2026-05-20 14:18:45,81199264998,小枝,为啥铁蛋叫玛卡巴卡,[等级21],
2026-05-20 14:18:45,1829206389950766,伱我皆牛马,渡劫局了,[等级25],[粉丝团 Lv3]
2026-05-20 14:18:46,83551245638,月亮姐姐,@话语星晨 腿腿吖,[等级13],
2026-05-20 14:18:46,59876372209,那个男人,老黑没对象  人家都有对象   [捂脸][捂脸][捂脸],[等级41],[粉丝团 Lv5]
2026-05-20 14:18:47,74284219522,笑看风云,这局最好死一吧，要不然要提前下班了,[等级17],[粉丝团 Lv9]
2026-05-20 14:18:47,995498879091611,路过,大佬带我苟分呗,,
2026-05-20 14:18:50,3556253128993838,yy,520休息何意味,[等级29],[粉丝团 Lv2]
2026-05-20 14:18:51,75634525708,༄᭄冰封ꦿᩚ࿐,@话语星晨 她不播的时候不看，爱护眼睛[捂脸],[等级22],[粉丝团 Lv14]
2026-05-20 14:18:53,1037565986353528,洋洋,你要和我一队你绝对不能吃鸡,[等级20],[粉丝团 Lv2]
2026-05-20 14:18:55,110895971722,一个人挺好…👿,多少分了，这个赛季能到9000吗,[等级24],[粉丝团 Lv9]
2026-05-20 14:18:55,70150470010,一场修行,总是8600左右,[等级27],
2026-05-20 14:18:56,96304346891,🌈两个乖乖宝🌈,以后玛卡巴卡和你一天休吧[捂脸][捂脸][捂脸],[等级18],[粉丝团 Lv7]
2026-05-20 14:18:56,95571391075,鞋门歪道,猫局咋没播,[等级13],[粉丝团 Lv8]
2026-05-20 14:18:59,11641859069,著名艺术家,这波泼天的流量没人接,[等级21],
2026-05-20 14:19:03,2065297701080852,雨下整夜,带几个兄弟睁园子,,
2026-05-20 14:19:05,785523733446212,被菲法实验,我是脑机接口芯片非自愿活体实验受害者， 抑郁症和精神病也是脑机接口芯片受害者,,
2026-05-20 14:19:09,3381745659679116,忘。,先丢个火把门给他封住，就一雷四杀了,[等级4],[粉丝团 Lv1]
2026-05-20 14:19:09,561182614253578,潦草的大叔,掉大粪好还能多看一会[捂脸],[等级10],
2026-05-20 14:19:09,77103243478,情有独钟,蛋呢,[等级13],[粉丝团 Lv5]
2026-05-20 14:19:12,3043077917510767,一只土拨鼠🐰,京爷,[等级33],
2026-05-20 14:19:13,101665125778,🦊年年有余,队友说说？？？,[等级16],[粉丝团 Lv11]
2026-05-20 14:19:13,558187657299159,还是不留名了,落地十分钟成盒，,[等级5],[粉丝团 Lv4]
2026-05-20 14:19:13,2630455349489196,我要出去玩,中原口音,[等级25],
2026-05-20 14:19:15,4484268219711019,荣昌·小罗,不封火,[等级12],[粉丝团 Lv6]
2026-05-20 14:19:17,3126651975633495,Mi Manchi Yy,登场,[等级15],
2026-05-20 14:19:19,558187657299159,还是不留名了,就得加班,[等级5],[粉丝团 Lv4]
2026-05-20 14:19:24,1829206389950766,伱我皆牛马,8596了吗？,[等级25],[粉丝团 Lv3]
2026-05-20 14:19:27,87900359390,一个怡,雅雅最棒,[等级10],[粉丝团 Lv4]
2026-05-20 14:19:27,102441796372,W u,登榜一下,[等级24],[粉丝团 Lv2]
2026-05-20 14:19:29,3069431713900887,恺破鱼,昨天上战神就不打了,[等级7],
2026-05-20 14:19:36,85002810872,话语星晨,晚上七八点档好像没有哪个主播好看的,[等级8],
2026-05-20 14:19:38,3078225537805712,凯蒂🐱,还有几天结束,[等级17],[粉丝团 Lv12]
2026-05-20 14:19:40,3069462536257784,错过今生，谈何来世,什么时候更新,[等级14],
2026-05-20 14:19:42,3408098413512419,心静自然,不是北京口音,[等级30],[粉丝团 Lv11]
2026-05-20 14:19:45,84099880563,小A,@小枝 铁蛋的微信铃声[捂脸],[等级18],[粉丝团 Lv6]
2026-05-20 14:19:46,98843540040,清涵依辰,有时候星钻都能匹配到战神,[等级16],[粉丝团 Lv10]
2026-05-20 14:19:47,1838847804575764,老农民A1,还有两天吗,[等级33],[粉丝团 Lv15]
2026-05-20 14:19:49,149142502375518,维维,不是鱼塘局吗,[等级22],[粉丝团 Lv2]
2026-05-20 14:19:49,85002810872,话语星晨,那个不求人人气很高，但我看了简直就是路人水平,[等级8],
2026-05-20 14:19:51,101665125778,🦊年年有余,队友说的啥？？？,[等级16],[粉丝团 Lv11]
2026-05-20 14:19:51,100020994551,乄夵,毋庸置疑,[等级18],[粉丝团 Lv3]
2026-05-20 14:19:52,3560668389974889,自渡ꦿ໊ོﻬ2026,什么时候新赛季,[等级14],[粉丝团 Lv10]
2026-05-20 14:19:52,1638687826011198,越界,23号结束,[等级16],
2026-05-20 14:19:52,98373352228,W！,就你厉害 宝,[等级41],[粉丝团 Lv12]
2026-05-20 14:19:53,102469975321,✨名门⭐️,没毛病,[等级19],[粉丝团 Lv15]
2026-05-20 14:19:53,7495203789020988475,疏辞,不知道,[等级1],
2026-05-20 14:19:53,79719699521,🌈广义相对论,毋庸置疑,[等级22],[粉丝团 Lv1]
2026-05-20 14:19:56,3118645019938648,牛有德,周六更新,[等级13],[粉丝团 Lv6]
2026-05-20 14:19:56,82240872765,依然执着承诺,23号,[等级19],[粉丝团 Lv10]
2026-05-20 14:20:04,1248666993843848,若曼,哈哈哈,[等级10],
2026-05-20 14:20:05,794278634983936,FLIPPED,爱播你怎么那么厉害,[等级16],[粉丝团 Lv11]
2026-05-20 14:20:07,420439951417747,zzk,多少星能上战神,[等级25],
2026-05-20 14:20:07,76837631595,文哥,为什么你们那么厉害,[等级22],
2026-05-20 14:20:10,58886923450,我不是马天宇,有本事打主题模式，高手都在主题模式,[等级27],
2026-05-20 14:20:10,111438249801,吴哈妮,张君雅不直播的时候 我不看直播,[等级20],[粉丝团 Lv11]
2026-05-20 14:20:11,96840313581,香菜*🇨🇳,哈哈哈,[等级16],
2026-05-20 14:20:12,3406705907740807,何爱华（承蒙厚爱）,哈哈哈,[等级22],[粉丝团 Lv12]
2026-05-20 14:20:12,53463059062,行了别说了,打的轻松只能说君雅会玩，说不像战神局，那你来打,[等级17],[粉丝团 Lv11]
2026-05-20 14:20:13,67862230314,别动,队友又不标点,[等级8],[粉丝团 Lv4]
2026-05-20 14:20:14,61836860811,李知恩ovo,因为铁蛋的微信铃声是玛卡巴卡,[等级11],
2026-05-20 14:20:14,108160051507,野猫,[捂脸][捂脸][捂脸],[等级30],[粉丝团 Lv10]
2026-05-20 14:20:15,99031714965,咁啱嘅咪,又又给你小子装上了,[等级2],[粉丝团 Lv3]
2026-05-20 14:20:15,742894340412396,巅峰💤小和尚,是成都新都的口音,[等级26],
2026-05-20 14:20:15,682151454179631,思宁,赛季更新更新到什么段位,,
2026-05-20 14:20:17,1332250058949635,会飞的云,你打疯癫赛吗,[等级13],
2026-05-20 14:20:20,247840232703162,敌守,[捂脸],[等级1],[粉丝团 Lv1]
2026-05-20 14:20:21,1134350379006733,烟酒生,不求人打不过别人就说开挂有啥意思,[等级19],[粉丝团 Lv4]
2026-05-20 14:20:21,2163478376489661,独酌清欢,我现在才知道有[捂脸],[等级22],[粉丝团 Lv3]
2026-05-20 14:20:24,73411041668,///   7℃-`⑨零後*,玛卡巴卡，吃了八嘎,[等级15],[粉丝团 Lv6]
2026-05-20 14:20:24,92861533806,🌈Gspecialc,23号凌晨1点自闭城见兄弟们[看],[等级14],[粉丝团 Lv4]
2026-05-20 14:20:24,1816840123723384,乐在旅途🌈,猫局 晋级赛 怎么收费,[等级2],[粉丝团 Lv2]
2026-05-20 14:20:24,2665697062160392,哈喽啊啊额个,铁蛋主打一个蛋铁,[等级11],
2026-05-20 14:20:24,94794595053,橙汐生活小王🌈,扎胩巴卡[捂脸],[等级17],[粉丝团 Lv12]
2026-05-20 14:20:27,84171543794,秋序清禾·拾月,咋卡巴卡,[等级20],
2026-05-20 14:20:28,1911413562412587,桂,有挂,[等级3],
2026-05-20 14:20:28,4310549579694780,@你,弥勒麻辣,[等级15],[粉丝团 Lv10]
2026-05-20 14:20:30,99372859314,启  夏,@我不是马天宇 你要打就自己去打,[等级25],[粉丝团 Lv15]
2026-05-20 14:20:31,63027055055,美女社社长,扎卡八卡？？？？？,[等级2],
2026-05-20 14:20:33,103826910046,鸱吻,扎胩吧咋,[等级28],[粉丝团 Lv13]
2026-05-20 14:20:34,1455350881721268,弋🍓🍓,好像口吐芬芳了一下[看][看][看],[等级13],[粉丝团 Lv12]
2026-05-20 14:20:35,77416951506,ら孤痞,@🍒江苏晚 杀十几个不吃鸡还会扣分,[等级37],[粉丝团 Lv17]
2026-05-20 14:20:38,93207062480,🌈🌈原味儿老柴̶͜🇨🇳🇨🇳,你没开,[等级27],
2026-05-20 14:20:40,1248666993843848,若曼,哈哈哈,[等级10],
2026-05-20 14:20:40,84655336157,kimi 🌾,@我不是马天宇 那是你认为,[等级21],[粉丝团 Lv9]
2026-05-20 14:20:41,1656319453963359,🅥  　　    　　　　　　 🪳,[捂脸][捂脸][捂脸][捂脸],[等级6],[粉丝团 Lv4]
2026-05-20 14:20:41,97673963694,Z💤.,？？？,[等级10],[粉丝团 Lv2]
2026-05-20 14:20:41,452643025072951,向晴,[捂脸][捂脸],[等级14],[粉丝团 Lv11]
2026-05-20 14:20:41,102469975321,✨名门⭐️,@我不是马天宇 可以查看一下她的赏金赛！,[等级19],[粉丝团 Lv15]
2026-05-20 14:20:42,108657379142,婷.,哈哈哈哈,[等级6],[粉丝团 Lv4]
2026-05-20 14:20:44,2419370855769710,随便逛逛,@我不是马天宇 主题模式主播只用雷就吃鸡,[等级17],[粉丝团 Lv7]
2026-05-20 14:20:44,58593174933,烟草味,连播,[等级15],[粉丝团 Lv4]
2026-05-20 14:20:45,98373352228,W！,卵播 ？,[等级41],[粉丝团 Lv12]
2026-05-20 14:20:45,756883496633111,小鱼,[捂脸][捂脸][捂脸],[等级32],[粉丝团 Lv16]
2026-05-20 14:20:46,99777341491,红哥,扎卡麻卡,,
2026-05-20 14:20:46,59180132182,可否许我在少年,[捂脸][捂脸][捂脸],[等级7],[粉丝团 Lv7]
2026-05-20 14:20:47,103217630695,爱吃米线的蜡笔小新,[捂脸][捂脸]乱波,[等级14],[粉丝团 Lv5]
2026-05-20 14:20:48,2172229561625960,好嗨哟,看主播这么长时间了居然被读到了弹幕[捂脸]高低也要刷点了[捂脸],[等级25],[粉丝团 Lv13]
2026-05-20 14:20:48,7467247261552297020,此世人间不相逢,[捂脸][捂脸],[等级2],[粉丝团 Lv5]
2026-05-20 14:20:49,3069431713900887,恺破鱼,其实很多人都去打那个什么企鹅，还有那个什么超体之类的,[等级7],
2026-05-20 14:20:49,3996070414129004,亦如是,互动啊,[等级10],[粉丝团 Lv2]
2026-05-20 14:20:50,111112131631,怣忈.,暖播,[等级36],[粉丝团 Lv11]
2026-05-20 14:20:51,108657379142,婷.,哈哈哈哈,[等级6],[粉丝团 Lv4]
2026-05-20 14:20:52,3078247847038103,柒,没开麦,[等级9],
2026-05-20 14:20:52,59829903564,無雙♛,没开麦,[等级12],[粉丝团 Lv2]
2026-05-20 14:20:52,102441796372,W u,开麦交流一下啊,[等级24],[粉丝团 Lv2]
2026-05-20 14:20:53,1803658313859181,木子李李,没开麦,[等级18],
2026-05-20 14:20:54,71399383554,Au,没开麦,[等级9],[粉丝团 Lv2]
2026-05-20 14:20:54,100721212334,暖の,你没开麦,[等级20],[粉丝团 Lv7]
2026-05-20 14:20:55,103623410647,Mr  Zᴳᵀ兜里只有叁拾,又卵起了,[等级31],[粉丝团 Lv6]
2026-05-20 14:20:56,62130220363,周周不睡觉🍓,没开麦,[等级24],[粉丝团 Lv4]
2026-05-20 14:20:59,87900359390,一个怡,暖播暖心的主播,[等级10],[粉丝团 Lv4]
2026-05-20 14:21:01,1644525708386619,八九野马,卵B,[等级21],
2026-05-20 14:21:01,1348481513950537,春天,[捂脸],[等级21],[粉丝团 Lv5]
2026-05-20 14:21:02,2163478376489661,独酌清欢,那个密室很肥？,[等级22],[粉丝团 Lv3]
2026-05-20 14:21:02,73411041668,///   7℃-`⑨零後*,我是精播,[等级15],[粉丝团 Lv6]
2026-05-20 14:21:03,63038021392,奶油泡芙,[捂脸],[等级11],[粉丝团 Lv11]
2026-05-20 14:21:03,1080149981540420,哎吆我去😂,说清楚什么卵😂😂😂,[等级2],
2026-05-20 14:21:08,455643379538939,小ᨶ႒朵,人家就是要节目效果，开什么麦,[等级17],[粉丝团 Lv8]
2026-05-20 14:21:08,59829903564,無雙♛,乱播,[等级12],[粉丝团 Lv2]
2026-05-20 14:21:10,3069431713900887,恺破鱼,不过那些模式都是能复活的,[等级7],
2026-05-20 14:21:13,87483850393,堪培拉的风,@ら孤痞 上上把杀12个第二名，加了两分,[等级28],[粉丝团 Lv5]
2026-05-20 14:21:18,742894340412396,巅峰💤小和尚,为什么觉得是主播,[等级26],
2026-05-20 14:21:21,110924696765,鑫霖,不是为啥每次看到单字🆔都误以为是主播啊,[等级21],[粉丝团 Lv10]
2026-05-20 14:21:21,3069431713900887,恺破鱼,没有什么技术含量？,[等级7],
2026-05-20 14:21:23,59829903564,無雙♛,乱播乱播,[等级12],[粉丝团 Lv2]
2026-05-20 14:21:25,111007266356,🔱守望w,刚接电话了，上把吃鸡了没有？,[等级29],[粉丝团 Lv15]
2026-05-20 14:21:29,108781274466,加心瓜仔,主播收徒吗？我让我儿子去跟你拜师一个月交20块钱学费,[等级17],[粉丝团 Lv5]
2026-05-20 14:21:32,7510016610934129721,🇨🇳雷峰,主播今天我生日可以给我发杯奶茶吗,,
2026-05-20 14:21:32,103826910046,鸱吻,徒弟都有男人，老黑成孤寡[捂脸],[等级28],[粉丝团 Lv13]
2026-05-20 14:21:36,2568057051954936,逍遥的一天,说脏话，那里像个女人？[捂脸][捂脸],[等级20],
2026-05-20 14:21:41,2043335372445892,肉肉怎么还不掉~,@🔱守望w 吃了吃了,[等级7],[粉丝团 Lv1]
2026-05-20 14:21:54,2043335372445892,肉肉怎么还不掉~,@逍遥的一天 奥奥，说脏话就不是女人了,[等级7],[粉丝团 Lv1]
2026-05-20 14:21:56,111007266356,🔱守望w,@肉肉怎么还不掉~ 哦，谢谢,[等级29],[粉丝团 Lv15]
2026-05-20 14:22:00,96614340659,刘凤霞,老黑今天不过节吗？,[等级28],
2026-05-20 14:22:07,2043335372445892,肉肉怎么还不掉~,@逍遥的一天 哪个朝代来的,[等级7],[粉丝团 Lv1]
2026-05-20 14:22:12,59829903564,無雙♛,他不是女人 他是女超人,[等级12],[粉丝团 Lv2]
2026-05-20 14:22:13,794278634983936,FLIPPED,@逍遥的一天 唧唧歪歪哪里像个男的？,[等级16],[粉丝团 Lv11]
2026-05-20 14:22:17,61836860811,李知恩ovo,@逍遥的一天 骂你了？,[等级11],
2026-05-20 14:22:19,416038653010544,白白,@逍遥的一天,[等级28],[粉丝团 Lv12]
2026-05-20 14:22:36,223933154207331,YgTietnssgmexsn?,@逍遥的一天 罗里吧嗦你像个男人嘛,[等级37],[粉丝团:张君雅 Lv16]
2026-05-20 14:22:37,88745690242,iiii,p港你偶尔也去我还是觉得去出生岛好一点,[等级11],
2026-05-20 14:22:39,2207447170951252,一桉,@逍遥的一天 谁规定女的不能说脏话，嘴长自己身上想咋说咋说[看],[等级16],
2026-05-20 14:22:43,69561938359,米乐ོ,@逍遥的一天 现在都靠说不说脏话分辨男女了吗？,[等级23],[粉丝团 Lv13]
2026-05-20 14:22:43,1063960056704717,痞爷,有什么了,[等级5],[粉丝团 Lv6]
2026-05-20 14:22:45,582104149659707,fish,大家都多大年纪哦,[等级2],
2026-05-20 14:22:49,4330355120149084,唯一♥,搞点药啊,[等级8],[粉丝团 Lv7]
2026-05-20 14:22:53,96220936370,唐,玛卡巴卡没来啊，过520去了吗,[等级12],[粉丝团 Lv7]
2026-05-20 14:22:56,2033448731591739,阿锋,你这把会吃鸡吗520快乐,[等级26],
2026-05-20 14:23:00,1748703545141788,厌世.,[看],[等级8],[粉丝团 Lv10]
2026-05-20 14:23:01,111438249801,吴哈妮,@逍遥的一天 你是清朝的人吗,[等级20],[粉丝团 Lv11]
2026-05-20 14:23:04,3256125109051223,外海湖大桥,[流泪][流泪][流泪][流泪][流泪][流泪][流泪][流泪][流泪][流泪][流泪][流泪][流泪][流泪][流泪][流泪][流泪][流泪][流泪][流泪][流泪][流泪][流泪][流泪][流泪][流泪][流泪][流泪][流泪][流泪][流泪][流泪][流泪][流泪][流泪][流泪][流泪][流泪][流泪][流泪][流泪][流泪][流泪][流泪][流泪][捂脸][捂脸][捂脸][捂脸][捂脸],,
2026-05-20 14:23:06,73647036676,捣蛋熊,@逍遥的一天 你穿越来的,[等级20],[粉丝团 Lv12]
2026-05-20 14:23:07,71399383554,Au,没卖,[等级9],[粉丝团 Lv2]
2026-05-20 14:23:08,84655336157,kimi 🌾,看习惯了张老黑碎碎念[捂脸],[等级21],[粉丝团 Lv9]
2026-05-20 14:23:08,100321401819,乘风,主播碎碎念真的好可爱,[等级11],[粉丝团 Lv1]
2026-05-20 14:23:08,101666048611,无音无律,贪得无厌，就为了一个人头,[等级18],
2026-05-20 14:23:13,3069431713900887,恺破鱼,是个人都会说脏话吧？,[等级7],
2026-05-20 14:23:15,101666048611,无音无律,应该以大局为重,[等级18],
2026-05-20 14:23:17,3408098413512419,心静自然,@fish 92岁了,[等级30],[粉丝团 Lv11]
2026-05-20 14:23:18,108157600150,杨肉汤,没头美甲,[等级5],
2026-05-20 14:23:33,452620019045336,🍀、,铁蛋呢,[等级11],[粉丝团 Lv10]
2026-05-20 14:23:37,92829047329,南丰,心碎,[等级30],[粉丝团 Lv11]
2026-05-20 14:23:37,452643025072951,向晴,[捂脸][捂脸],[等级14],[粉丝团 Lv11]
2026-05-20 14:23:39,110918119075,红尘过客,迫机炮自瞄调试,[等级18],
2026-05-20 14:23:41,85901331023,H e i n e k e n,[捂脸][捂脸][捂脸],[等级17],[粉丝团 Lv3]
2026-05-20 14:23:43,108825768878,南山居士,他队友笑死了,[等级1],
2026-05-20 14:23:44,105463503267,我的名字,等会儿就炮你身上了[黑脸][红脸],[等级16],[粉丝团 Lv10]
2026-05-20 14:23:45,75863932663,爱小猪,@无音无律 你报警吧,[等级17],[粉丝团 Lv10]
2026-05-20 14:23:46,70528402706,晓锋711,[捂脸][捂脸][捂脸][捂脸][捂脸][捂脸],[等级9],[粉丝团 Lv1]
2026-05-20 14:23:55,7495203789020988475,疏辞,玩死了,[等级1],
2026-05-20 14:23:57,1345415134624795,妍妍子.,[捂脸][捂脸][捂脸],[等级7],[粉丝团 Lv10]
2026-05-20 14:24:00,1135129825119888,快到盆里来,他想吓唬他队友,[等级8],
2026-05-20 14:24:04,22415580083835,苹果,哈哈哈，他队友说：还炮不,[等级18],
2026-05-20 14:24:07,7572914980963681329,平凡老己,手抖点错打歪了,[等级27],[粉丝团 Lv11]
2026-05-20 14:24:10,70528402706,晓锋711,人家试炮呢,[等级9],[粉丝团 Lv1]
2026-05-20 14:24:13,71080773449,融化了,啦啦啦啦啦,[等级7],[粉丝团 Lv5]
2026-05-20 14:24:14,77416951506,ら孤痞,@堪培拉的风 有时候扣分,[等级37],[粉丝团 Lv17]
2026-05-20 14:24:35,67785142948,Miki,上电视了家人们[捂脸],[等级25],[粉丝团 Lv10]
2026-05-20 14:24:35,71091522114,面具,队友疯狂打字这边看都不看。,[等级8],
2026-05-20 14:24:37,22077196930,王豆豆🧚🏻‍♀️,队友发现了,[等级9],[粉丝团 Lv10]
2026-05-20 14:24:37,835228061934319,🌴9527,队友认出你了[666][666],[等级22],[粉丝团 Lv10]
2026-05-20 14:24:41,3153822084251196,孤屿🌿,上电视了，家人们520快乐,[等级13],[粉丝团 Lv9]
2026-05-20 14:24:41,1491408217449823,桃只i,左边队友发言上电视了[捂脸],[等级9],[粉丝团 Lv5]
2026-05-20 14:24:44,111438249801,吴哈妮,队友说上电视了,[等级20],[粉丝团 Lv11]
2026-05-20 14:24:46,4185161390887636,T2,声音好听,[等级3],
2026-05-20 14:24:47,63627282943,다정한 남자。,我来了   队友,[等级17],[粉丝团 Lv1]
2026-05-20 14:24:53,391898410521391,回望今生,单独的是高手,[等级8],
2026-05-20 14:24:54,87900359390,一个怡,也是上电视了,[等级10],[粉丝团 Lv4]
2026-05-20 14:24:54,60822285692,啊！,准备接受队友上贡[看],[等级22],
2026-05-20 14:24:55,94288191795,En.,上电视了家人们,[等级7],
2026-05-20 14:24:55,102469975321,✨名门⭐️,@Miki 你是队友吗？,[等级19],[粉丝团 Lv15]
2026-05-20 14:24:59,108825768878,南山居士,强烈呼吁和平精英必须给和平一姐张君雅全套黄金风衣的第7天！,[等级1],
2026-05-20 14:25:23,4413906057705258,黑大污,@南山居士 你跑这刷有啥用啊,[等级14],[粉丝团 Lv5]
2026-05-20 14:25:26,97806080834,🚬ღ᭄辭ꦿ࿐,感谢老板,[等级21],[粉丝团 Lv15]
2026-05-20 14:25:31,2490864014474267,W小观,嘴瓢了,,
2026-05-20 14:25:39,102469975321,✨名门⭐️,谢谢老板,[等级19],[粉丝团 Lv15]
2026-05-20 14:25:42,108825768878,南山居士,@黑大污 你不去和平精英官方看评论,[等级1],
2026-05-20 14:25:52,85581129837,独狼,猫子呢,[等级25],[粉丝团 Lv8]
2026-05-20 14:25:55,716523334534366,哇呜💋,你本来也不姓张,[等级15],[粉丝团 Lv12]
2026-05-20 14:25:56,111007266356,🔱守望w,你姓张吗？[抠鼻][抠鼻][抠鼻],[等级29],[粉丝团 Lv15]
2026-05-20 14:26:01,1692874913092483,୧⍤⃝杨沫沫 •͈ᴗ•͈,[捂脸][捂脸][捂脸],[等级30],
2026-05-20 14:26:03,3944681332022525,小咔啦咪,要被反杀,[等级37],[粉丝团 Lv2]
2026-05-20 14:26:04,75863932663,爱小猪,本来就不姓张[捂脸][捂脸][捂脸][捂脸],[等级17],[粉丝团 Lv10]
2026-05-20 14:26:07,92724691349,^初一,跑真快,[等级6],[粉丝团 Lv6]
2026-05-20 14:26:09,582102788084313,知进退，明得失,[捂脸]你本来就不姓张,[等级6],[粉丝团 Lv10]
2026-05-20 14:26:10,85901331023,H e i n e k e n,[捂脸][捂脸][捂脸],[等级17],[粉丝团 Lv3]
2026-05-20 14:26:12,111007266356,🔱守望w,妹妹,[等级29],[粉丝团 Lv15]
2026-05-20 14:26:12,102469975321,✨名门⭐️,[捂脸][捂脸][捂脸],[等级19],[粉丝团 Lv15]
2026-05-20 14:26:12,101277257606,风的影子🧸,[捂脸][捂脸][捂脸][捂脸],[等级42],[粉丝团 Lv11]
2026-05-20 14:26:14,66672197795,過客,[捂脸][捂脸][捂脸],[等级34],[粉丝团 Lv8]
2026-05-20 14:26:15,4165407898869996,每天对被子表白,小腿蹬的挺快[捂脸][捂脸][捂脸],[等级5],[粉丝团 Lv2]
2026-05-20 14:26:16,866032946527787,牛 二,你是姓张吗？,[等级25],[粉丝团 Lv15]
2026-05-20 14:26:16,103838811845,小阿春,哈哈哈哈,[等级22],
2026-05-20 14:26:17,3153822084251196,孤屿🌿,哈哈，放了吧,[等级13],[粉丝团 Lv9]
2026-05-20 14:26:17,82112535094,星辰,虐杀,[等级13],[粉丝团 Lv1]
2026-05-20 14:26:18,105031958198,-。,钓鱼,[等级4],
2026-05-20 14:26:19,110895971722,一个人挺好…👿,魏秋彤,[等级24],[粉丝团 Lv9]
2026-05-20 14:26:23,96229856184,一生有李,千里追杀,[等级28],
2026-05-20 14:26:24,1692874913092483,୧⍤⃝杨沫沫 •͈ᴗ•͈,[捂脸][捂脸][捂脸][捂脸],[等级30],
2026-05-20 14:26:24,95571391075,鞋门歪道,别追了，人家不容易啊,[等级13],[粉丝团 Lv8]
2026-05-20 14:26:34,96361078023,.....,天降正义,[等级25],[粉丝团 Lv13]
2026-05-20 14:26:41,102469975321,✨名门⭐️,太残忍了！,[等级19],[粉丝团 Lv15]
2026-05-20 14:26:48,3944681332022525,小咔啦咪,天降正义,[等级37],[粉丝团 Lv2]
2026-05-20 14:26:50,1560897837869139,风之骄子,炸死老黑,[等级32],[粉丝团 Lv15]
2026-05-20 14:26:53,98843540040,清涵依辰,逃不出你的魔爪,[等级16],[粉丝团 Lv10]
2026-05-20 14:26:54,22212740075,十五,敌人是犯了天条,[等级14],[粉丝团 Lv11]
2026-05-20 14:26:55,67871513008,一介邪修,太残暴了[看],[等级6],
2026-05-20 14:26:55,99029196184,分不清大小王女士,天降正义,[等级24],[粉丝团 Lv11]
2026-05-20 14:26:55,4413906057705258,黑大污,@鞋门歪道 弱肉强食,[等级14],[粉丝团 Lv5]
2026-05-20 14:26:55,106805441138,常规赛,雷来了,[等级14],[粉丝团 Lv11]
2026-05-20 14:26:57,63627282943,다정한 남자。,人家上点分容易嘛,[等级17],[粉丝团 Lv1]
2026-05-20 14:27:00,3540901704777524,相惜,炸死老黑,[等级2],[粉丝团 Lv5]
2026-05-20 14:27:00,95115965858,Y☜☜P,别追了，人家不处,[等级25],
2026-05-20 14:27:04,2509514180144713,风雨起苍黄,正义在哪里,[等级17],[粉丝团 Lv3]
2026-05-20 14:27:04,4400711738863848,相伴$不$将就,流浪汉也打[抠鼻][抠鼻],[等级23],[粉丝团 Lv3]
2026-05-20 14:27:05,742894340412396,巅峰💤小和尚,你这是步步追杀,[等级26],
2026-05-20 14:27:07,3316583541518749,用户8851799475283,放他一条生路不好吗,,
2026-05-20 14:27:07,69561938359,米乐ོ,躲躲吧，天降正义来了,[等级23],[粉丝团 Lv13]
2026-05-20 14:27:12,3729174320388621,赵,520快乐,[等级5],
2026-05-20 14:27:18,99777341491,红哥,太残忍了,,
2026-05-20 14:27:28,63627282943,다정한 남자。,你就这样给人家追死了,[等级17],[粉丝团 Lv1]
2026-05-20 14:27:30,109167388389,因与果,你真是老黑,[等级10],
2026-05-20 14:27:31,61836860811,李知恩ovo,打个游戏同情这个同情那个,[等级11],
2026-05-20 14:27:34,78744885113,真心人,老黑，520不约会吗？,[等级14],[粉丝团 Lv11]
2026-05-20 14:27:35,58620329844,你霉柿吧🐷,520快乐,[等级12],[粉丝团 Lv4]
2026-05-20 14:27:38,352324592338701,c   丶,今天中午吃过鸡嘛[看][看][看],[等级27],[粉丝团 Lv15]
2026-05-20 14:27:40,88757268529,张小狮,520快乐,[等级11],[粉丝团 Lv11]
2026-05-20 14:27:44,88757268529,张小狮,爱播中午好,[等级11],[粉丝团 Lv11]
2026-05-20 14:27:45,61043757580,翩跹霓裳,520快乐,[等级13],
2026-05-20 14:27:49,101449134896,多余,临时工这么挣钱吗？可以当大哥了[捂脸][捂脸][捂脸],[等级1],
2026-05-20 14:27:55,235723996298219,张君雅精彩画面,520快乐,[等级8],[粉丝团 Lv11]
2026-05-20 14:28:03,1900427196767240,元霸,别问了下播就去九点,[等级14],[粉丝团 Lv7]
2026-05-20 14:28:34,502910465875096,小丑40,66666,[等级10],
2026-05-20 14:28:39,55159220102,BWRZ（记录美好）,[大笑][偷笑],[等级36],[粉丝团 Lv16]
2026-05-20 14:28:47,2796752105383053,云舟,乱枪突突,[等级16],[粉丝团 Lv10]
2026-05-20 14:28:52,70844824177063,✿✿ヽ(°▽°)ノ✿,这透打的真6,[等级2],
2026-05-20 14:28:52,63442217447,冷宴华,我去真残忍,[等级22],[粉丝团 Lv6]
2026-05-20 14:28:59,2043335372445892,肉肉怎么还不掉~,@元霸 造谣有一套,[等级7],[粉丝团 Lv1]
2026-05-20 14:29:03,58593174933,烟草味,吓都吓死都不用打了,[等级15],[粉丝团 Lv4]
2026-05-20 14:29:06,92724691349,^初一,这队友比前一把好多了,[等级6],[粉丝团 Lv6]
2026-05-20 14:29:07,99414056739,小 白,妹妹被你吓坏了[看],[等级10],
2026-05-20 14:29:11,61836860811,李知恩ovo,@✿✿ヽ(°▽°)ノ✿ 又透上了,[等级11],
2026-05-20 14:29:13,78129489192,给你一只静,@✿✿ヽ(°▽°)ノ✿ 人机别说话,[等级18],[粉丝团 Lv11]
2026-05-20 14:29:20,794278634983936,FLIPPED,@✿✿ヽ(°▽°)ノ✿ 这黑子真6,[等级16],[粉丝团 Lv11]
2026-05-20 14:29:24,99502622005,小乔妹妹,@✿✿ヽ(°▽°)ノ✿ 你这种入坤看不明白,[等级21],[粉丝团 Lv5]
2026-05-20 14:29:26,75863932663,爱小猪,@✿✿ヽ(°▽°)ノ✿ 不行你报警呗,[等级17],[粉丝团 Lv10]
2026-05-20 14:29:28,1332250058949635,会飞的云,包让队友给你找,[等级13],
2026-05-20 14:29:35,3043077917510767,一只土拨鼠🐰,@✿✿ヽ(°▽°)ノ✿ 好好看好好学,[等级33],
2026-05-20 14:29:36,7639271547475264549,🚬᭄乖不如野꧔,666,,
2026-05-20 14:29:39,61836860811,李知恩ovo,空口鉴挂 老铁你也是牛逼666了,[等级11],
2026-05-20 14:29:41,68855441030,熊猫先生,被4个人突突，犯天条了,[等级1],
2026-05-20 14:29:45,99029196184,分不清大小王女士,@✿✿ヽ(°▽°)ノ✿ 大聪明,[等级24],[粉丝团 Lv11]
2026-05-20 14:29:45,613973359596412,金子金子我来啦,集装箱不是多的很,[等级16],
2026-05-20 14:29:46,67094084868,@海参,黑子买不起耳机,[等级17],
2026-05-20 14:30:02,99393356410,吃不了一点香菜,@✿✿ヽ(°▽°)ノ✿ 多看会 等等她就被老六六了 一个小时前被趴地上的打了[捂脸]要是透就不会被打了,[等级26],[粉丝团 Lv12]
2026-05-20 14:30:02,3602435892056557,一生有你,同志们，上把吃鸡了吗？,[等级14],[粉丝团 Lv5]
2026-05-20 14:30:04,2207447170951252,一桉,@✿✿ヽ(°▽°)ノ✿ 不会看就自己出去，省的还得费力气给你请出去,[等级16],
2026-05-20 14:30:15,3135463033676707,🌈相濡以沫@,吃了,[等级14],[粉丝团 Lv7]
2026-05-20 14:30:15,75230759997,黔H☆01945,吃了,[等级2],
2026-05-20 14:30:18,64795061667,吴二零,打了人箭就来了,[等级8],[粉丝团 Lv1]
2026-05-20 14:30:20,81498709949,玉楼金阙慵归去,@一生有你 吃了,[等级12],[粉丝团 Lv6]
2026-05-20 14:30:22,7495203789020988475,疏辞,让队友帮标,[等级1],
2026-05-20 14:30:24,1293483307448312,序言页,@@海参 点个粉丝团再叫吧孩子,[等级6],[粉丝团 Lv7]
2026-05-20 14:30:24,98714033017,陪月亮熬夜✨,得亏我这菜鸟遇不到君雅，求饶都不给机会[捂脸],[等级16],
2026-05-20 14:30:24,58600333289,Heartbeat.,@吃不了一点香菜 吃了,[等级15],[粉丝团 Lv9]
2026-05-20 14:30:27,71126905166,抖音小肋手,大家快加团和送灯牌，冲粉丝团团任务,[等级11],[粉丝团 Lv10]
2026-05-20 14:30:29,1644525708386619,八九野马,让队友找点箭,[等级21],
2026-05-20 14:30:29,1468594201829408,冷颜,咱打游戏时为什么没事总换枪玩呢？ 忙到人[捂脸]没敌人时也不停的按,[等级7],
2026-05-20 14:30:29,102353839947,庄稼兵,模拟器玩的吗,[等级4],
2026-05-20 14:30:30,53463059062,行了别说了,这两个人不是漏了吗？哪里是透了[捂脸],[等级17],[粉丝团 Lv11]
2026-05-20 14:30:31,58600333289,Heartbeat.,大盘土鸡,[等级15],[粉丝团 Lv9]
2026-05-20 14:30:31,69023790790,不与,不打主题海岛吗[捂脸],[等级3],
2026-05-20 14:30:32,1618903418547639,江 远  歌  🔥,大家520快乐,[等级32],[粉丝团 Lv8]
2026-05-20 14:30:38,4344910011697940,疯狂的兔子🐰🐰🐰,219,[等级11],[粉丝团 Lv3]
2026-05-20 14:30:40,15087110957,岁月向暖,海岛悍妇,,
2026-05-20 14:30:47,3602435892056557,一生有你,@Heartbeat. 谢谢,[等级14],[粉丝团 Lv5]
2026-05-20 14:30:57,62694997269,奔放的红🇨🇳,520快乐,[等级3],[粉丝团 Lv1]
2026-05-20 14:31:03,61835779108,二毛,[捂脸][捂脸],[等级32],[粉丝团 Lv15]
2026-05-20 14:31:05,71769569594,萋软i,虽然来晚了，但不看不行,[等级25],[粉丝团 Lv11]
2026-05-20 14:31:05,73046309636,不77,[捂脸][捂脸][捂脸][捂脸],[等级10],[粉丝团 Lv8]
2026-05-20 14:31:06,74729550696,丫李山大80后,没开麦啊,[等级8],
2026-05-20 14:31:08,1560897837869139,风之骄子,[捂脸][捂脸][捂脸],[等级32],[粉丝团 Lv15]
2026-05-20 14:31:13,51804503758,9月,去接他,[等级15],[粉丝团 Lv2]
2026-05-20 14:31:15,3993032397426126,🇨🇳  C 罗,厉害(òωó)👍MM,[等级18],
2026-05-20 14:31:18,2220639168496084,Mark•X 罗,[捂脸][捂脸][捂脸][捂脸][捂脸][捂脸],[等级7],
2026-05-20 14:31:18,63792238027,枯木逢春٩,信号枪是只会在晚上刷吗,[等级15],
2026-05-20 14:31:19,135964883951687,you(^_^)丹,老2好可怜,[等级9],
2026-05-20 14:31:19,4165407898869996,每天对被子表白,[捂脸][捂脸][捂脸],[等级5],[粉丝团 Lv2]
2026-05-20 14:31:21,99372859314,启  夏,[捂脸][捂脸][捂脸]你想去看无人机[捂脸],[等级25],[粉丝团 Lv15]
2026-05-20 14:31:23,88757268529,张小狮,[捂脸],[等级11],[粉丝团 Lv11]
2026-05-20 14:31:23,64197226920,✨蔻楠丶,拯救他,[等级19],[粉丝团 Lv10]
2026-05-20 14:31:25,1468594201829408,冷颜,总没事换枪是不是显着手速快[捂脸]不累吗,[等级7],
2026-05-20 14:31:25,1257437656002798,某某.,?,[等级34],[粉丝团:张君雅 Lv16]
2026-05-20 14:31:26,2529343295198756,🫶渡己🫶,你丢下的,[等级28],[粉丝团 Lv1]
2026-05-20 14:31:27,67862230314,别动,[黑脸]无人机,[等级8],[粉丝团 Lv4]
2026-05-20 14:31:29,103861258194,十八子,小猫说他晚上要过节，不直播了,[等级8],[粉丝团 Lv6]
2026-05-20 14:31:29,76033147951,子栖,开挂要会演不然都能看出,,
2026-05-20 14:31:30,108781274466,加心瓜仔,心胸软,[等级17],[粉丝团 Lv5]
2026-05-20 14:31:31,87900359390,一个怡,雅雅好的很哦[玫瑰],[等级10],[粉丝团 Lv4]
2026-05-20 14:31:31,98250603255,故渊,为啥我的西伯利亚耳机我不说话就有电流一说话就没有电流声,[等级32],[粉丝团 Lv8]
2026-05-20 14:31:32,71126905166,抖音小肋手,[捂脸][捂脸],[等级11],[粉丝团 Lv10]
2026-05-20 14:31:33,78744885113,真心人,老黑猫局今天没约你吗？,[等级14],[粉丝团 Lv11]
2026-05-20 14:31:33,1906967174984656,琪不奇怪,我宝宝善良,[等级10],[粉丝团 Lv10]
2026-05-20 14:31:37,757991169092314,CK,哈哈哈,[等级15],[粉丝团 Lv1]
2026-05-20 14:31:39,101277257606,风的影子🧸,[捂脸][捂脸][捂脸],[等级42],[粉丝团 Lv11]
2026-05-20 14:31:41,716523334534366,哇呜💋,哈哈哈,[等级15],[粉丝团 Lv12]
2026-05-20 14:31:43,55159220102,BWRZ（记录美好）,所以你姓心叫太软[看],[等级36],[粉丝团 Lv16]
2026-05-20 14:31:43,111434387534,“柒丶十一”,君雅我打晋级赛，我带你打吧,[等级11],
2026-05-20 14:31:44,84655336157,kimi 🌾,哈哈哈哈哈,[等级21],[粉丝团 Lv9]
2026-05-20 14:31:46,86650982429,许多年以后,让他给你找弓箭,[等级15],[粉丝团 Lv3]
2026-05-20 14:31:46,3602435892056557,一生有你,800个心眼子,[等级14],[粉丝团 Lv5]
2026-05-20 14:31:48,99393356410,吃不了一点香菜,暗中观察什么枪[看],[等级26],[粉丝团 Lv12]
2026-05-20 14:31:49,111205835280,戏幕落，谁是客,你总是心太软，心太软[捂脸],[等级40],[粉丝团 Lv13]
2026-05-20 14:31:51,51804503758,9月,轻踩油门……,[等级15],[粉丝团 Lv2]
2026-05-20 14:31:53,93207062480,🌈🌈原味儿老柴̶͜🇨🇳🇨🇳,做好事留名,[等级27],
2026-05-20 14:31:54,92724691349,^初一,贴膜姐？,[等级6],[粉丝团 Lv6]
2026-05-20 14:31:54,60721006966,沉星,做好事不留名，也不能说话,[等级8],[粉丝团 Lv10]
2026-05-20 14:31:56,1143137873962951,爱跑图的小鱼（洛克王国）,知道你的好就会给你338子弹,[等级16],
2026-05-20 14:32:00,88757268529,张小狮,小甜心杀人的时候最甜[捂脸],[等级11],[粉丝团 Lv11]
2026-05-20 14:32:00,1080149981540420,哎吆我去😂,一定要做到啥都没干，还居功甚伟的样子😂😂,[等级2],
2026-05-20 14:32:00,2742595623064060,上岸先斩意中人,那里好了，我们打个晋级赛容易吗，天天呗抓,[等级17],[粉丝团 Lv3]
2026-05-20 14:32:01,108657379142,婷.,等一下队友追随你,[等级6],[粉丝团 Lv4]
2026-05-20 14:32:01,84756699038,亮哥☜,你怎么全是心眼子，天天吃啥长大的？枸杞原浆吗[捂脸],[等级18],[粉丝团 Lv12]
2026-05-20 14:32:01,82112535094,星辰,他有狗,[等级13],[粉丝团 Lv1]
2026-05-20 14:32:02,111007266356,🔱守望w,黑子说什么都是对的，打的好是透，打的差是装，因为承认别人优秀比杀了他都难受[抠鼻][抠鼻][抠鼻],[等级29],[粉丝团 Lv15]
2026-05-20 14:32:03,108160051507,野猫,你不是想多了,[等级30],[粉丝团 Lv10]
2026-05-20 14:32:05,3081266249862527,糯米,自编自导自演[微笑],[等级5],[粉丝团 Lv7]
2026-05-20 14:32:08,3657414032522778,321,@真心人 老猫子是个夜猫子，白天睡觉，晚上通宵,[等级7],[粉丝团 Lv8]
2026-05-20 14:32:08,99223406571,楠哥,带油,[等级25],[粉丝团 Lv11]
2026-05-20 14:32:08,4165407898869996,每天对被子表白,[捂脸][捂脸][捂脸],[等级5],[粉丝团 Lv2]
2026-05-20 14:32:09,1644525708386619,八九野马,打一对啥都有,[等级21],
2026-05-20 14:32:12,53463059062,行了别说了,快说不客气,[等级17],[粉丝团 Lv11]
2026-05-20 14:32:13,2172229561625960,好嗨哟,老黑有时也不黑[捂脸][捂脸][捂脸],[等级25],[粉丝团 Lv13]
2026-05-20 14:32:13,3825901139410685,李哥,2号有狗,[等级31],[粉丝团 Lv10]
2026-05-20 14:32:27,1132972291921529,明月,@好嗨哟 张八毛,[等级15],[粉丝团 Lv7]
2026-05-20 14:32:32,84655336157,kimi 🌾,哪感谢了？,[等级21],[粉丝团 Lv9]
2026-05-20 14:32:35,1257437656002798,某某.,下一步不骗一下粉丝无人机?,[等级34],[粉丝团:张君雅 Lv16]
2026-05-20 14:32:35,91709028771,默笙。,你的队友呢没播吗,[等级10],
2026-05-20 14:32:49,3931442832752413,财来吧,她瞎蒙的，她要知道就说感谢老黑了,[等级7],
2026-05-20 14:32:50,81199264998,小枝,@kimi 🌾 打字了你看不到嘛,[等级21],
2026-05-20 14:32:53,2220639168496084,Mark•X 罗,[鼓掌][鼓掌][鼓掌][鼓掌][鼓掌],[等级7],
2026-05-20 14:32:56,61988075528,王者荣耀法师妲己,[捂脸],[等级7],
2026-05-20 14:32:58,7468234728773682234,✨✨✨七里香,点赞  直接把老黑  干到游戏热榜第一,[等级20],[粉丝团 Lv12]
2026-05-20 14:32:59,62556044936,钧澜未央,@kimi 🌾 他队友发文字感谢的，屏幕右边,[等级17],[粉丝团 Lv9]
2026-05-20 14:32:59,104334489724,✨老石,这马是被你玩的明明白白的了,[等级20],[粉丝团 Lv1]
2026-05-20 14:33:02,135964883951687,you(^_^)丹,把妹妹炸了,[等级9],
2026-05-20 14:33:10,74590773015,林路,轰炸区都看不下去了,[等级18],[粉丝团 Lv6]
2026-05-20 14:33:15,60822285692,啊！,直播延时几秒，我想撞一下,[等级22],
2026-05-20 14:33:19,11470139569284,犯桃花,520了被炸,[等级12],[粉丝团 Lv3]
2026-05-20 14:33:20,110332436140,熟稔,不开密室啦,[等级25],[粉丝团 Lv8]
2026-05-20 14:33:20,65144601473,🍀四叶草🍀,[哈欠][哈欠][哈欠],[等级32],[粉丝团 Lv10]
2026-05-20 14:33:24,61988075528,王者荣耀法师妲己,渣妹妹,[等级7],
2026-05-20 14:33:24,97438866789,晚风🌾,开密室,[等级15],
2026-05-20 14:33:25,97806080834,🚬ღ᭄辭ꦿ࿐,感谢老板,[等级21],[粉丝团 Lv15]
2026-05-20 14:33:25,71126905166,抖音小肋手,@哲哥 谢谢老板,[等级11],[粉丝团 Lv10]
2026-05-20 14:33:32,84655336157,kimi 🌾,哦哦[捂脸]没看见，竟看老黑了,[等级21],[粉丝团 Lv9]
2026-05-20 14:33:35,104910766548,阿眠,怎么可以一边骑马一边打药啊？,[等级15],[粉丝团 Lv4]
2026-05-20 14:33:36,2220662420932819,瑞……,啊，续个灯牌扣我九钻[流泪],[等级14],[粉丝团 Lv11]
2026-05-20 14:33:39,453442174718862,张君雅的陛下⁵¹⁰⁷⁴,520快乐520快乐,[等级35],[粉丝团 Lv16]
2026-05-20 14:33:40,60822285692,啊！,主播直播延时几秒,[等级22],
2026-05-20 14:33:44,4380084132381328,🌈微峰,玛卡巴卡呢,[等级30],[粉丝团 Lv15]
2026-05-20 14:33:44,1910288478382787,林و🐬,开麦了不是妹妹,[等级2],
2026-05-20 14:33:46,98373352228,W！,不拿老六服,[等级41],[粉丝团 Lv12]
2026-05-20 14:33:48,81199264998,小枝,@阿眠 骑射啊,[等级21],
2026-05-20 14:33:48,453466431434836,郎骑竹马来,520快乐,[等级15],[粉丝团 Lv11]
2026-05-20 14:33:52,60704769499,狐狸对你笑,[爱心],[等级27],[粉丝团 Lv8]
2026-05-20 14:33:56,64812121969,你特么劈我瓜？,@阿眠 骑射,[等级28],[粉丝团 Lv9]
2026-05-20 14:33:56,52727051848,玫瑰,@啊！ 不告诉你,[等级30],[粉丝团 Lv9]
2026-05-20 14:33:56,55159220102,BWRZ（记录美好）,[大笑][偷笑][大笑][偷笑],[等级36],[粉丝团 Lv16]
2026-05-20 14:34:00,91946921203,苡,520快乐,[等级29],[粉丝团:张君雅 Lv10]
2026-05-20 14:34:00,96528907190,ღ᭄蜜雪@冰程꧔ꦿ᭄,520快乐,[等级37],[粉丝团 Lv14]
2026-05-20 14:34:00,108657379142,婷.,520快乐520快乐520快乐,[等级6],[粉丝团 Lv4]
2026-05-20 14:34:02,84099880563,小A,@🌈微峰 休息,[等级18],[粉丝团 Lv6]
2026-05-20 14:34:05,3334191784922296,陈冠希,还在想岗亭[捂脸],[等级12],
2026-05-20 14:34:08,343486129250376,Zzz...,岗亭战神张君雅,[等级14],[粉丝团 Lv10]
2026-05-20 14:34:10,104910766548,阿眠,@小枝 换骑射就可以啦？,[等级15],[粉丝团 Lv4]
2026-05-20 14:34:16,2968325159399836,Dei劲,喊阿旺来偷你[呲牙][呲牙][呲牙],[等级24],[粉丝团 Lv5]
2026-05-20 14:34:17,62540363825,鑫 ￴  ￴ ￴ ￴￴￴,主要他们两对不对打，都打你一个独狼,[等级16],
2026-05-20 14:34:17,62800628291,阿鹿,真干净😂,[等级24],[粉丝团 Lv7]
2026-05-20 14:34:17,118362727004531,静,520快乐520快乐520快乐,[等级13],[粉丝团 Lv11]
2026-05-20 14:34:21,61505796891,✨g.,最近怎么不见与大米,[等级14],[粉丝团 Lv1]
2026-05-20 14:34:24,3334191784922296,陈冠希,但凡对面山头的帮你放几枪你都能活,[等级12],
2026-05-20 14:34:25,97841222006,Sterve,看似找箭，实则苟分,[等级20],
2026-05-20 14:34:30,60822285692,啊！,直播延时几秒,[等级22],
2026-05-20 14:34:33,66649470058,꧁꫞꯭福꫞꧂,520快乐520快乐520快乐,[等级17],[粉丝团 Lv15]
2026-05-20 14:34:33,66000111942,東,520快乐520快乐,[等级6],[粉丝团 Lv3]
2026-05-20 14:34:34,2520521959016351,🌊五所魏🌛,[超级爱][和你聊天][发射爱心][是心动啊][偷偷爱][比个心][粉色爱心],[等级36],
2026-05-20 14:34:36,109336122589,♛,[捂脸][捂脸][捂脸],[等级7],
2026-05-20 14:34:37,68781794181,十彡姨,把直播回放打开啊，无聊的时候看看也好啊，又不喜欢看别人,[等级36],[粉丝团 Lv8]
2026-05-20 14:34:38,7468234728773682234,✨✨✨七里香,[呲牙][呲牙][呲牙]那确实是,[等级20],[粉丝团 Lv12]
2026-05-20 14:34:39,52727051848,玫瑰,@啊！ 不告诉你,[等级30],[粉丝团 Lv9]
2026-05-20 14:34:39,55387023959,因为有你@,飞科剃须刀值得拥有,[等级5],
2026-05-20 14:34:39,97806080834,🚬ღ᭄辭ꦿ࿐,哈哈哈,[等级21],[粉丝团 Lv15]
2026-05-20 14:34:40,1080149981540420,哎吆我去😂,我从来没有刷到过你的视频,[等级2],
2026-05-20 14:34:40,55159220102,BWRZ（记录美好）,[发呆][干饭人]你说什么我听不懂,[等级36],[粉丝团 Lv16]
2026-05-20 14:34:41,3922654838397437,风轻a,老黑我想你[呲牙],[等级19],[粉丝团 Lv13]
2026-05-20 14:34:41,111007266356,🔱守望w,封一个火那把就可能完美了,[等级29],[粉丝团 Lv15]
2026-05-20 14:34:41,105188623659608,ㅤ ㅤㅤㅤ,520快乐,[等级6],[粉丝团 Lv5]
2026-05-20 14:34:43,87900359390,一个怡,游戏只看雅雅,[等级10],[粉丝团 Lv4]
2026-05-20 14:34:45,105188623659608,ㅤ ㅤㅤㅤ,[666],[等级6],[粉丝团 Lv5]
2026-05-20 14:34:45,673338446067191,大花猫,无语了,[等级34],[粉丝团 Lv3]
2026-05-20 14:34:45,69325704226,Y1,延时一分钟,[等级17],[粉丝团 Lv10]
2026-05-20 14:34:45,2071100751090014,月遇丛云,早上睡醒看到现在,[等级7],
2026-05-20 14:34:45,7486776934438274105,北沐,渣女才会被炸,[等级17],
2026-05-20 14:34:45,2009563192628787,木易,[捂脸][捂脸],[等级10],[粉丝团 Lv8]
2026-05-20 14:34:48,108061796612,浮生か醉清风古,主打一个陪伴[比心],[等级14],[粉丝团 Lv7]
2026-05-20 14:34:48,95629419729,惠,520快乐,[等级5],[粉丝团 Lv4]
2026-05-20 14:34:48,2410566453040446,朋友的酒,直播粉值钱,[等级3],[粉丝团 Lv7]
2026-05-20 14:34:49,96949131852,葉,好的,[等级18],
2026-05-20 14:34:51,109109492047,z浩哥,点点赞,[等级7],
2026-05-20 14:34:52,105188623659608,ㅤ ㅤㅤㅤ,520快乐520快乐520快乐,[等级6],[粉丝团 Lv5]
2026-05-20 14:34:52,55159220102,BWRZ（记录美好）,好的好的[发呆][干饭人],[等级36],[粉丝团 Lv16]
2026-05-20 14:34:53,4406462741749927,关你什么柿🍤,你是我的哄睡主播,[等级11],
2026-05-20 14:34:54,84187662606,一世奢华,有点女主播都是搞剧本的,[等级18],[粉丝团 Lv3]
2026-05-20 14:34:54,3012311356015880,像风一样的人,主要是你发挥的太好了。比如说你哪一次装一下菜？[捂脸][捂脸],[等级21],[粉丝团 Lv7]
2026-05-20 14:34:54,100628196455,嘘🤫,行,[等级15],[粉丝团 Lv6]
2026-05-20 14:34:56,1748703545141788,厌世.,[看][看][看],[等级8],[粉丝团 Lv10]
2026-05-20 14:34:56,96949131852,葉,给你点赞,[等级18],
2026-05-20 14:34:57,102441796372,W u,好的,[等级24],[粉丝团 Lv2]
2026-05-20 14:34:58,93728606173,清宁月·怀远,又搁这点我们呢[看][看][看],[等级15],[粉丝团 Lv9]
2026-05-20 14:34:58,61630405926,煎饼果子,好的,[等级23],[粉丝团 Lv10]
2026-05-20 14:34:59,522998917638174,婉婉婉（六马蜂糖李）,好的好的,[等级13],
2026-05-20 14:34:59,101658941422,锋,评论你有不回复，咋评论,[等级37],[粉丝团 Lv9]
2026-05-20 14:35:00,1748703545141788,厌世.,答应你了,[等级8],[粉丝团 Lv10]
2026-05-20 14:35:01,3025503190264488,波涛,要得,[等级19],[粉丝团 Lv15]
2026-05-20 14:35:02,98246735303,妈妈说名字长才有美女聊天,评论啥呢[抠鼻],[等级28],[粉丝团 Lv2]
2026-05-20 14:35:02,103932963844,大侠,确实比那些低端局打的好,[等级3],
2026-05-20 14:35:02,60720763321,″北柠″🐾,好的好的,[等级34],[粉丝团 Lv8]
2026-05-20 14:35:02,110895971722,一个人挺好…👿,点赞多累啊，评论打字更累[捂脸][捂脸],[等级24],[粉丝团 Lv9]
2026-05-20 14:35:04,3101049012099949,赫章吴彦祖,那你又不带我们打[捂脸][捂脸],[等级19],
2026-05-20 14:35:04,1904008710601260,醉后☆清风,整点视频内容更有流量,[等级19],[粉丝团 Lv14]
2026-05-20 14:35:04,85581129837,独狼,什么时候都给你最好评520快乐,[等级25],[粉丝团 Lv8]
2026-05-20 14:35:04,247862868838872,林曦,好，就评论，已看过520快乐,[等级5],[粉丝团 Lv3]
2026-05-20 14:35:06,1456169111790891,隔壁老王,必须滴,[等级16],[粉丝团 Lv7]
2026-05-20 14:35:06,103624090741,语凌,会评在线场的,[等级13],[粉丝团 Lv6]
2026-05-20 14:35:07,448245226810199,OnlyYou↔,只看不点赞[看],[等级12],[粉丝团 Lv10]
2026-05-20 14:35:09,420439951417747,zzk,评论一不回复呀主要是,[等级25],
2026-05-20 14:35:10,76709520672,轧尕有活,主要是视频没特色,[等级26],[粉丝团 Lv15]
2026-05-20 14:35:13,71429601391,最爱喝兽奶🥛,520快乐,[等级17],[粉丝团 Lv7]
2026-05-20 14:35:14,1824787784016158,藏于心,切片的时候漏漏腿子  点赞就上去了[比心],[等级14],
2026-05-20 14:35:16,102469975321,✨名门⭐️,听见了吗？黑风寨的！[看][看],[等级19],[粉丝团 Lv15]
2026-05-20 14:35:17,95125776765,Hao、⁵¹⁰⁷⁴,@啊！ 一分钟,[等级18],[粉丝团 Lv14]
2026-05-20 14:35:20,2220639168496084,Mark•X 罗,开麦,[等级7],
2026-05-20 14:35:22,52202503111,萨瓦迪卡🙏,粉丝牌又灭了,[等级17],[粉丝团 Lv11]
2026-05-20 14:35:22,53463059062,行了别说了,把视频的弹幕功能打开,[等级17],[粉丝团 Lv11]
2026-05-20 14:35:23,70091060180,杰🌈,那波拿下亭子你也得嘎对面山上满编你自己了,[等级19],
2026-05-20 14:35:24,80340227971,安悠尘my🦌,哦 好好好,[等级33],[粉丝团:张君雅 Lv15]
2026-05-20 14:35:25,75634525708,༄᭄冰封ꦿᩚ࿐,@Sterve 几乎包揽了每局的淘汰王，打脸打的啪啪响啊[看],[等级22],[粉丝团 Lv14]
2026-05-20 14:35:30,80340227971,安悠尘my🦌,下次再说,[等级33],[粉丝团:张君雅 Lv15]
2026-05-20 14:35:32,68422483360,深情不及久伴,@zzk 每个评论都要回复?,[等级25],[粉丝团 Lv11]
2026-05-20 14:35:32,2458101241349261,热爱生活,520快乐,[等级4],
2026-05-20 14:35:35,52202503111,萨瓦迪卡🙏,才两天,[等级17],[粉丝团 Lv11]
2026-05-20 14:35:38,2172229561625960,好嗨哟,最经典是那次在房间跳出跳入的对方就是看不见[捂脸]笑死我了,[等级25],[粉丝团 Lv13]
2026-05-20 14:35:44,1231906993346727,起床困难户@,只看直播，不点赞，不评论，马上11级,[等级11],[粉丝团 Lv10]
2026-05-20 14:35:47,107953487964,自雷贝,@藏于心 腿短漏了等于没漏,[等级27],[粉丝团 Lv11]
2026-05-20 14:35:51,1080149981540420,哎吆我去😂,真牛逼，你站了半天人家都没打你,[等级2],
2026-05-20 14:36:12,76496281176,ネфイω,为啥不打药,[等级15],[粉丝团 Lv2]
2026-05-20 14:36:24,80340227971,安悠尘my🦌,@H·Nov¹⁶·Sco♏ 谢谢,[等级33],[粉丝团:张君雅 Lv15]
2026-05-20 14:36:49,66672197795,過客,[捂脸][捂脸][捂脸],[等级34],[粉丝团 Lv8]
2026-05-20 14:36:50,98732142310,坤、kun,[捂脸][捂脸][捂脸],[等级20],[粉丝团 Lv15]
2026-05-20 14:36:50,7571745879104406565,𝑨꯭𝑰꯭𝒐꯭𝒏꯭𝒆꯭。,[捂脸][捂脸],[等级2],
2026-05-20 14:36:51,71126905166,抖音小肋手,[捂脸][捂脸][捂脸],[等级11],[粉丝团 Lv10]
2026-05-20 14:36:52,53463059062,行了别说了,哈哈哈哈哈哈,[等级17],[粉丝团 Lv11]
2026-05-20 14:36:53,97438243276,一勺料汁,[捂脸],[等级19],
2026-05-20 14:36:54,3514466180274228,瑾,哈哈哈哈,[等级32],[粉丝团 Lv15]
2026-05-20 14:36:54,93258734305,莱昂内尔.喲西,督战雷,[等级13],
2026-05-20 14:36:55,55416703944141,ohh,[捂脸][捂脸][捂脸],[等级3],
2026-05-20 14:36:56,101376906320,小王,肯定炸你啊,[等级14],[粉丝团 Lv11]
2026-05-20 14:37:02,22415580083835,苹果,手滑了,[等级18],
2026-05-20 14:37:05,90579072720375,安然ゞ,[比心],[等级3],[粉丝团 Lv4]
2026-05-20 14:37:12,99029196184,分不清大小王女士,二号又肚子痛了,[等级24],[粉丝团 Lv11]
2026-05-20 14:37:18,95932310696,@手波小王子✔,又是老2,[等级4],[粉丝团 Lv5]
2026-05-20 14:37:18,52727051848,玫瑰,哈哈哈哈哈哈哈哈,[等级30],[粉丝团 Lv9]
2026-05-20 14:37:20,71126905166,抖音小肋手,[捂脸][捂脸],[等级11],[粉丝团 Lv10]
2026-05-20 14:37:25,68278570215,🌟锦霄🌟,二号[捂脸][捂脸],[等级19],[粉丝团 Lv14]
2026-05-20 14:37:26,80340227971,安悠尘my🦌,哈哈,[等级33],[粉丝团:张君雅 Lv15]
2026-05-20 14:37:26,2220639168496084,Mark•X 罗,[捂脸][捂脸][捂脸][捂脸][捂脸],[等级7],
2026-05-20 14:37:28,7467247261552297020,此世人间不相逢,[捂脸][捂脸][捂脸],[等级2],[粉丝团 Lv5]
2026-05-20 14:37:30,72417989437,耀麒,我也不想啊,[等级21],[粉丝团 Lv1]
2026-05-20 14:37:30,93258734305,莱昂内尔.喲西,督战雷,[等级13],
2026-05-20 14:37:31,67785142948,Miki,这个2号多灾多难[捂脸],[等级25],[粉丝团 Lv10]
2026-05-20 14:37:32,7467247261552297020,此世人间不相逢,520快乐520快乐520快乐,[等级2],[粉丝团 Lv5]
2026-05-20 14:37:34,3661822152410380,🌈朵拉0682🌈,捣蛋的二号,[等级3],[粉丝团 Lv4]
2026-05-20 14:37:34,1241772908361770,一只蓝,2号应该是个妹妹,,
2026-05-20 14:37:35,96996619230,顺风顺水！,这二号真难死,[等级12],[粉丝团 Lv11]
2026-05-20 14:37:35,1560897837869139,风之骄子,2号肚子不舒服,[等级32],[粉丝团 Lv15]
2026-05-20 14:37:36,95115965858,Y☜☜P,2号真的好坎坷[捂脸][捂脸],[等级25],
2026-05-20 14:37:37,66873200785,岁岁平安,老二怎么个事儿,[等级3],
2026-05-20 14:37:37,1456169111790891,隔壁老王,二号破绽[捂脸],[等级16],[粉丝团 Lv7]
2026-05-20 14:37:39,108657379142,婷.,老二老受伤哈哈哈,[等级6],[粉丝团 Lv4]
2026-05-20 14:37:39,2234638754122687,🌈迷,你二号兄弟有点脆弱啊,[等级20],[粉丝团 Lv6]
2026-05-20 14:37:41,63549498581,@陈同学,520快乐,[等级10],[粉丝团 Lv8]
2026-05-20 14:37:43,1442178889680896,苏念晚,520快乐,[等级8],[粉丝团 Lv10]
2026-05-20 14:37:43,102718285717,子宸（地铁逃生）,2号是来添乱的,[等级15],[粉丝团 Lv10]
2026-05-20 14:37:45,66115216504,北望～家,[捂脸][捂脸][捂脸][捂脸],[等级25],[粉丝团 Lv10]
2026-05-20 14:37:45,7625124902223660081,噜噜来咯,哈哈哈,[等级3],[粉丝团 Lv2]
2026-05-20 14:37:47,86214807105,♥╭(╯無人ε渡╰)╮♥,扶不起墙的阿斗,[等级31],
2026-05-20 14:37:47,2497699454393470,肉丝,可怜的二号,[等级9],[粉丝团 Lv11]
2026-05-20 14:37:48,716523334534366,哇呜💋,哈哈哈哈,[等级15],[粉丝团 Lv12]
2026-05-20 14:37:48,64625641673,快乐人生🦞,[捂脸][捂脸][捂脸],[等级26],[粉丝团 Lv13]
2026-05-20 14:37:48,1036166310396970,墨染孤秋,2号战神不倒翁,,
2026-05-20 14:37:48,2968325159399836,Dei劲,哈哈,[等级24],[粉丝团 Lv5]
2026-05-20 14:37:49,99029196184,分不清大小王女士,二号是不喜欢进屋吗,[等级24],[粉丝团 Lv11]
2026-05-20 14:37:51,85581129837,独狼,不救队友,[等级25],[粉丝团 Lv8]
2026-05-20 14:37:51,1794029961617984,酃,妹子,[等级17],[粉丝团 Lv12]
2026-05-20 14:37:51,71126905166,抖音小肋手,哈哈哈哈哈,[等级11],[粉丝团 Lv10]
2026-05-20 14:37:51,590893464955795,111,[捂脸],[等级1],[粉丝团 Lv4]
2026-05-20 14:37:52,52727051848,玫瑰,哈哈哈哈哈哈哈哈,[等级30],[粉丝团 Lv9]
2026-05-20 14:37:53,87900359390,一个怡,哈哈哈哈哈哈哈,[等级10],[粉丝团 Lv4]
2026-05-20 14:37:53,99372859314,启  夏,[捂脸][捂脸][捂脸],[等级25],[粉丝团 Lv15]
2026-05-20 14:37:53,71429601391,最爱喝兽奶🥛,哈哈哈哈哈,[等级17],[粉丝团 Lv7]
2026-05-20 14:37:53,92461848227,煜,[捂脸][捂脸][捂脸],[等级13],[粉丝团 Lv11]
2026-05-20 14:37:53,96718600522,八岁习武,[捂脸][捂脸][捂脸][捂脸],[等级14],[粉丝团 Lv8]
2026-05-20 14:37:54,99470859079,人生的味道⁵¹⁰⁷⁴,[捂脸][捂脸][捂脸][捂脸][捂脸],[等级13],[粉丝团 Lv12]
2026-05-20 14:37:55,71126905166,抖音小肋手,[捂脸][捂脸][捂脸],[等级11],[粉丝团 Lv10]
2026-05-20 14:37:55,60822285692,啊！,哈哈哈哈哈,[等级22],
2026-05-20 14:37:55,98732142310,坤、kun,[捂脸][捂脸][捂脸],[等级20],[粉丝团 Lv15]
2026-05-20 14:37:55,452643025072951,向晴,[捂脸][捂脸][捂脸],[等级14],[粉丝团 Lv11]
2026-05-20 14:37:55,96197197101,睡醒了就回你,哈哈哈哈,[等级19],[粉丝团 Lv5]
2026-05-20 14:37:55,1261848801839245,曾经最美,[呲牙][呲牙],[等级28],
2026-05-20 14:37:55,81467071981,coffee🌞⁵¹⁰⁷⁴,[捂脸][捂脸][捂脸],[等级25],[粉丝团 Lv15]
2026-05-20 14:37:56,343486129250376,Zzz...,哈哈,[等级14],[粉丝团 Lv10]
2026-05-20 14:37:56,61988075528,王者荣耀法师妲己,[捂脸],[等级7],
2026-05-20 14:37:56,92992288513,昕愿,给你刷飞机,[等级10],[粉丝团 Lv3]
2026-05-20 14:37:56,108657379142,婷.,肚肚打雷了,[等级6],[粉丝团 Lv4]
2026-05-20 14:37:57,99888354459,小小班,哈哈哈哈哈,[等级15],[粉丝团 Lv10]
2026-05-20 14:37:57,1201080764211520,愢愢,hhh哈哈哈哈哈,[等级23],[粉丝团 Lv2]
2026-05-20 14:37:57,61539671980,‍ Cʜᴇɴ·雪,哈哈😂,[等级20],[粉丝团 Lv2]
2026-05-20 14:37:57,466670364393783,袖下敛青川,又是二号,[等级14],[粉丝团 Lv1]
2026-05-20 14:37:57,104596718632,醉眼看人间,[捂脸][捂脸][捂脸][捂脸],[等级19],[粉丝团 Lv14]
2026-05-20 14:37:57,68189106631,𝑶𝒏𝒆,[捂脸][捂脸][捂脸],[等级30],[粉丝团 Lv10]
2026-05-20 14:37:57,3514466180274228,瑾,[捂脸][捂脸][捂脸][捂脸][捂脸][捂脸],[等级32],[粉丝团 Lv15]
2026-05-20 14:37:58,103826910046,鸱吻,[捂脸][捂脸][捂脸][捂脸][捂脸],[等级28],[粉丝团 Lv13]
2026-05-20 14:37:59,1560897837869139,风之骄子,[捂脸][捂脸][捂脸],[等级32],[粉丝团 Lv15]
2026-05-20 14:37:59,97330506687,有缘路人,[捂脸][捂脸][捂脸],[等级28],[粉丝团 Lv11]
2026-05-20 14:37:59,110012786240,小猫饼,[流泪][捂脸],[等级22],[粉丝团 Lv12]
2026-05-20 14:37:59,97600677185,晓乔治ovo,哈哈哈哈哈哈,[等级38],[粉丝团 Lv13]
2026-05-20 14:37:59,72907249364,兔子先生,哈哈哈哈哈哈哈哈哈,[等级20],[粉丝团 Lv2]
2026-05-20 14:38:00,104277022731,TA,[捂脸][捂脸],[等级26],
2026-05-20 14:38:00,52290556148,小时光摄影工作室,[捂脸][捂脸][捂脸][捂脸],[等级11],[粉丝团 Lv7]
2026-05-20 14:38:00,22415580083835,苹果,哈哈哈2号站不起来了,[等级18],
2026-05-20 14:38:00,78038737885,嘿嘿,哈哈哈哈哈,[等级7],[粉丝团 Lv10]
2026-05-20 14:38:00,72393438347,少帅,[捂脸][捂脸][捂脸][捂脸][捂脸],[等级18],[粉丝团 Lv13]
2026-05-20 14:38:01,83320173463,乘墉˙³˙,[捂脸][捂脸][捂脸],[等级14],[粉丝团 Lv11]
2026-05-20 14:38:01,68399441706,彭彭,[捂脸][捂脸][捂脸][捂脸],[等级29],[粉丝团 Lv13]
2026-05-20 14:38:01,2708814916493463,baby --糖糖,[捂脸][捂脸],[等级7],[粉丝团 Lv6]
2026-05-20 14:38:01,1737655399744207,ᵏⁱˢˢ-欣,哈哈哈哈哈,[等级26],[粉丝团 Lv7]
2026-05-20 14:38:01,67785142948,Miki,哈哈,[等级25],[粉丝团 Lv10]
2026-05-20 14:38:02,102469975321,✨名门⭐️,[尬笑][尬笑][尬笑],[等级19],[粉丝团 Lv15]
2026-05-20 14:38:02,63739222882,༺℘静࿚,哈哈哈哈哈哈哈,[等级24],[粉丝团 Lv11]
2026-05-20 14:38:02,60233590909,是浅瞳吖✨,笑死了,[等级14],
2026-05-20 14:38:02,99522832734,是有点蔡⁵¹⁰⁷⁴,刷无人机的,[等级32],[粉丝团 Lv16]
2026-05-20 14:38:02,2220639168496084,Mark•X 罗,二号[捂脸][捂脸][捂脸],[等级7],
2026-05-20 14:38:02,3134071856970844,晚岑,舞蹈家,[等级28],[粉丝团 Lv9]
2026-05-20 14:38:03,763498854357146,H先森,哈哈哈哈哈,[等级26],[粉丝团 Lv8]
2026-05-20 14:38:03,52202503111,萨瓦迪卡🙏,[捂脸][捂脸][捂脸],[等级17],[粉丝团 Lv11]
2026-05-20 14:38:03,2497699454393470,肉丝,刷无人机[捂脸],[等级9],[粉丝团 Lv11]
2026-05-20 14:38:03,111438249801,吴哈妮,二号应该是妹妹,[等级20],[粉丝团 Lv11]
2026-05-20 14:38:03,55416703944141,ohh,[捂脸][捂脸][捂脸][捂脸],[等级3],
2026-05-20 14:38:03,110215772870,南方有嘉人,[捂脸][捂脸][捂脸],[等级16],[粉丝团 Lv10]
2026-05-20 14:38:04,96996619230,顺风顺水！,真难死,[等级12],[粉丝团 Lv11]
2026-05-20 14:38:04,94491978032,大宝贝,演员,[等级2],
2026-05-20 14:38:05,116989961990570,喜欢一个人,二号是倒战神,[等级12],[粉丝团 Lv10]
2026-05-20 14:38:05,2256661444831933,零贰壹玖,二号总是肚子疼,[等级16],
2026-05-20 14:38:05,66266594671,萤火虫露营基地,[捂脸][呲牙][捂脸][呲牙][捂脸][呲牙],[等级25],[粉丝团 Lv10]
2026-05-20 14:38:05,62653006650,*顺奇自然*,这一会倒三次。,[等级12],[粉丝团 Lv9]
2026-05-20 14:38:05,2036771293236772,伟伟伟,2号是妹妹,[等级16],
2026-05-20 14:38:05,64625641673,快乐人生🦞,这二号[捂脸][捂脸],[等级26],[粉丝团 Lv13]
2026-05-20 14:38:05,67488295707,不能再吃了哦,哈哈哈哈,[等级16],
2026-05-20 14:38:05,76496281176,ネфイω,2号应该不会打药,[等级15],[粉丝团 Lv2]
2026-05-20 14:38:06,99747355288,你即山川,刷无人机,[等级4],
2026-05-20 14:38:06,110895971722,一个人挺好…👿,对不起我是2号,[等级24],[粉丝团 Lv9]
2026-05-20 14:38:06,100719649179,💐,你没开麦啊姐,[等级6],
2026-05-20 14:38:06,53911070638,平常心,[捂脸][捂脸][捂脸][捂脸],[等级12],[粉丝团 Lv10]
2026-05-20 14:38:07,80340227971,安悠尘my🦌,哈哈,[等级33],[粉丝团:张君雅 Lv15]
2026-05-20 14:38:07,92724691349,^初一,[捂脸],[等级6],[粉丝团 Lv6]
2026-05-20 14:38:07,1112344208347454,涵怡,[捂脸][捂脸][捂脸][捂脸],[等级13],[粉丝团 Lv6]
2026-05-20 14:38:07,101347089617,赣榆浏阳烟花,好尴尬,[等级22],[粉丝团 Lv11]
2026-05-20 14:38:07,60822285692,啊！,根本扶不起来[捂脸],[等级22],
2026-05-20 14:38:08,3408123426510187,wyb•᷄ࡇ•᷅,飞机刷满了,[等级6],[粉丝团 Lv7]
2026-05-20 14:38:09,76055161767,黑曼巴,二号也是遇到你了哈哈哈,[等级26],[粉丝团 Lv13]
2026-05-20 14:38:09,7510016610934129721,🇨🇳雷峰,又菜又爱瞎跑[看],,
2026-05-20 14:38:09,3922654838397437,风轻a,拖油瓶[捂脸],[等级19],[粉丝团 Lv13]
2026-05-20 14:38:10,4046644367077262,来此生玩一趟,这衣服白穿了,[等级18],[粉丝团 Lv9]
2026-05-20 14:38:10,108657379142,婷.,肚肚打雷了,[等级6],[粉丝团 Lv4]
2026-05-20 14:38:11,2172229561625960,好嗨哟,2号像我一直倒[捂脸][捂脸],[等级25],[粉丝团 Lv13]
2026-05-20 14:38:11,3312173389453309,叮叮当,传奇耐活王,[等级6],[粉丝团 Lv10]
2026-05-20 14:38:11,98748050556,宀赑,他没药了应该,[等级13],[粉丝团 Lv12]
2026-05-20 14:38:11,87157620338,┾文兴生态养殖┡ē,百分百卧底[呲牙][呲牙],[等级32],[粉丝团 Lv3]
2026-05-20 14:38:12,152208219315179,猛踹瘸子那条好腿,给你刷无人机的[捂脸]520快乐,[等级19],
2026-05-20 14:38:12,71126905166,抖音小肋手,无人机刷满啦,[等级11],[粉丝团 Lv10]
2026-05-20 14:38:12,72907249364,兔子先生,你的小飞机都满了,[等级20],[粉丝团 Lv2]
2026-05-20 14:38:12,111145358958,🌈嗯准备好了🌈,连人在哪都不知道,[等级21],
2026-05-20 14:38:12,108657379142,婷.,哈哈哈,[等级6],[粉丝团 Lv4]
2026-05-20 14:38:13,1132972291921529,明月,老二真难杀,[等级15],[粉丝团 Lv7]
2026-05-20 14:38:13,4372075751683464,💎,给你刷无人机来了,[等级31],
2026-05-20 14:38:14,285516898249517,亦梦🍏🍏,给你刷无人机呢,[等级40],
2026-05-20 14:38:15,67488295707,不能再吃了哦,没招了,[等级16],
2026-05-20 14:38:15,76296653265,X、Y,这把是刷无人机的局吗[666],[等级20],[粉丝团 Lv13]
2026-05-20 14:38:16,101347089617,赣榆浏阳烟花,[捂脸][捂脸][捂脸][捂脸],[等级22],[粉丝团 Lv11]
2026-05-20 14:38:16,3751175069637851,Monster,给你刷无人机,[等级42],[粉丝团 Lv11]
2026-05-20 14:38:18,2462557810990776,呵呵哒,给你刷五人机呢,[等级33],[粉丝团 Lv3]
2026-05-20 14:38:19,108762390638,宛陵i,救不赢了,[等级2],
2026-05-20 14:38:19,69546778771,长卿,2号给你们刷无人机,[等级14],[粉丝团 Lv3]
2026-05-20 14:38:21,7467247261552297020,此世人间不相逢,[捂脸][捂脸][捂脸][捂脸],[等级2],[粉丝团 Lv5]
2026-05-20 14:38:21,71126905166,抖音小肋手,牛批,[等级11],[粉丝团 Lv10]
2026-05-20 14:38:22,3584009327358715,谜鹿～,成功吸引了敌人的火力,[等级7],[粉丝团 Lv4]
2026-05-20 14:38:22,4431510979222186,妤纯·,没事他给你刷无人机[看],[等级5],
2026-05-20 14:38:24,101376906320,小王,这叫吸引火力,[等级14],[粉丝团 Lv11]
2026-05-20 14:38:30,110563373639,渐远,给你刷无人机能量呢,[等级27],
2026-05-20 14:38:36,92776274076,熊哥,挂,[等级13],
2026-05-20 14:38:38,99034702777,gekdjxksjzk,细节,[等级2],
2026-05-20 14:38:38,75634525708,༄᭄冰封ꦿᩚ࿐,细节[666],[等级22],[粉丝团 Lv14]
2026-05-20 14:38:38,59801614616,郝先生,这是咋听出来他人在外面的,[等级5],
2026-05-20 14:38:38,80340227971,安悠尘my🦌,6 学到了,[等级33],[粉丝团:张君雅 Lv15]
2026-05-20 14:38:38,99961872378,如意hgjgfg,猜的位置,[等级21],
2026-05-20 14:38:40,62828234454,躺平壹歌,细节拉满,[等级11],
2026-05-20 14:38:42,74443425886,小透明,太细了,[等级23],[粉丝团 Lv3]
2026-05-20 14:38:42,241509384853767,昵称都嫑,2号游戏参与感最强,[等级10],
2026-05-20 14:38:44,93135944259,🍋初辰,细节,[等级22],[粉丝团 Lv13]
2026-05-20 14:38:46,61988075528,王者荣耀法师妲己,真细节,[等级7],
2026-05-20 14:38:46,99372859314,启  夏,二号要笑鼠了[捂脸],[等级25],[粉丝团 Lv15]
2026-05-20 14:38:49,61505796891,✨g.,2号还没进屋,[等级14],[粉丝团 Lv1]
2026-05-20 14:38:50,1075773400438494,还会再见吗,人家故意倒的,[等级3],[粉丝团 Lv6]
2026-05-20 14:38:50,101820912175,⚜尼克狐尼克,开了@？,[等级14],[粉丝团 Lv6]
2026-05-20 14:38:50,2119450819037707,开心的龘龘发齉,一枪没开[捂脸][捂脸][捂脸],[等级7],
2026-05-20 14:38:51,109424540855,¹₃¹₄ ᥫᩣ ⁵²º ·丹༉,2号都没药了,[等级5],[粉丝团 Lv8]
2026-05-20 14:38:53,7028053485,博落回,你真细,[等级15],[粉丝团 Lv12]
2026-05-20 14:38:53,104689996186,白蛮—之刃,2号太难了,[等级33],[粉丝团 Lv8]
2026-05-20 14:38:53,1945498373077721,kdj49,88888,[等级2],
2026-05-20 14:38:54,7510016610934129721,🇨🇳雷峰,吃了老鼠药老是捂肚子,,
2026-05-20 14:38:55,7535325015157113913,张君雅的马甲线,2号估计捡了10个急救包,[等级9],[粉丝团 Lv11]
2026-05-20 14:38:55,21643884763804,经典永不过时,老黑太细了,,
2026-05-20 14:38:57,1458423511390539,脸红什么.,他是来给你刷无人机的,[等级10],[粉丝团 Lv11]
2026-05-20 14:38:57,76207559451,龘戈 🕳️     ༽      🐲,2号膝盖软,,
2026-05-20 14:38:57,1257437656002798,某某.,太细了,[等级34],[粉丝团:张君雅 Lv16]
2026-05-20 14:38:58,4233546532927219,🉑🈶🉑🈚,二号药包都用完了,[等级20],[粉丝团 Lv10]
2026-05-20 14:38:59,310488211662580,🔔宝藏,二号真的很难杀[流泪][流泪],[等级7],[粉丝团 Lv10]
2026-05-20 14:39:00,55387023959,因为有你@,2号药都打完了[捂脸],[等级5],
2026-05-20 14:39:02,92724691349,^初一,二号非死不可嘛[捂脸],[等级6],[粉丝团 Lv6]
2026-05-20 14:39:03,109166498423,tt,给2号一个自救[比心][鼓掌],,
2026-05-20 14:39:03,3494674431760602,跨…越,我就找不到 对方的点位,[等级8],
2026-05-20 14:39:04,83876086534,天蝎座@劉先生,二号急救包都打没了,[等级25],[粉丝团 Lv6]
2026-05-20 14:39:05,89350956128,💫知💫,看把2好说的,[等级27],[粉丝团 Lv2]
2026-05-20 14:39:05,65232046217,@🪨✂️布,无人机几个满了,[等级6],
2026-05-20 14:39:08,105800434578,🍀神秘人,应该是小姐姐,[等级29],[粉丝团 Lv11]
2026-05-20 14:39:09,66672197795,過客,子弹是追着二号打的嘛[捂脸][捂脸],[等级34],[粉丝团 Lv8]
2026-05-20 14:39:10,103597486582,【亮】,听声如透,[等级17],
2026-05-20 14:39:11,2708814916493463,baby --糖糖,二号太有节目啦,[等级7],[粉丝团 Lv6]
2026-05-20 14:39:13,96128534738,向东,自救给2号吧[捂脸],[等级16],
2026-05-20 14:39:14,2234638754122687,🌈迷,被狙倒的,[等级20],[粉丝团 Lv6]
2026-05-20 14:39:15,3958684699858760,鑫焱森,200狙的,[等级38],[粉丝团 Lv6]
2026-05-20 14:39:15,2172229561625960,好嗨哟,2号就喜欢你摸她[捂脸][捂脸],[等级25],[粉丝团 Lv13]
2026-05-20 14:39:16,68035324790,T,狙倒的,[等级11],[粉丝团 Lv9]
2026-05-20 14:39:16,2972721356223912,爱就一个字,把二号拿来炒回锅肉,[等级11],[粉丝团 Lv2]
2026-05-20 14:39:16,96996619230,顺风顺水！,200打倒的,[等级12],[粉丝团 Lv11]
2026-05-20 14:39:16,2388558199929709,巴山夜雨涨秋池,200狙倒的,[等级4],[粉丝团 Lv6]
2026-05-20 14:39:17,99213008213,博雅达观,我也不想啊，可是势力不允许啊[捂脸],[等级17],[粉丝团 Lv7]
2026-05-20 14:39:17,95115965858,Y☜☜P,小炮打的,[等级25],
2026-05-20 14:39:18,2036771293236772,伟伟伟,二号是妹妹,[等级16],
2026-05-20 14:39:20,60627504900,雪碧吖🌓,2号很难杀啊,[等级29],[粉丝团 Lv6]
2026-05-20 14:39:22,109424540855,¹₃¹₄ ᥫᩣ ⁵²º ·丹༉,撕上绷带了,[等级5],[粉丝团 Lv8]
2026-05-20 14:39:22,561182614253578,潦草的大叔,快噶，再打一把[捂脸],[等级10],
2026-05-20 14:39:29,70398644609,洪✨★ooO,老二药包都打了两吨多了520快乐520快乐520快乐,[等级16],[粉丝团 Lv12]
2026-05-20 14:39:31,111007266356,🔱守望w,买个主播同款西伯利亚耳机就可以听到位置了[抠鼻],[等级29],[粉丝团 Lv15]
2026-05-20 14:39:32,7352270236118385726,神秘人,你把二号带上、,,
2026-05-20 14:39:35,95571391075,鞋门歪道,主播听真变位那么厉害啊，我打的话人在那都不知道[捂脸][捂脸],[等级13],[粉丝团 Lv8]
2026-05-20 14:39:40,3657414032522778,321,他不是来不及打药，他是被救起来后十几秒根本就没打药,[等级7],[粉丝团 Lv8]
2026-05-20 14:39:40,7571745879104406565,𝑨꯭𝑰꯭𝒐꯭𝒏꯭𝒆꯭。,踩钢板声音，那边有个车，判定人就在那里,[等级2],
2026-05-20 14:39:42,1333022732588423,烟草味的情怀,打药了,[等级3],[粉丝团 Lv5]
2026-05-20 14:39:42,4431510979222186,妤纯·,520快乐,[等级5],
2026-05-20 14:39:46,4431510979222186,妤纯·,520快乐520快乐520快乐,[等级5],
2026-05-20 14:39:46,7468234728773682234,✨✨✨七里香,二号像妹妹   有点迟钝,[等级20],[粉丝团 Lv12]
2026-05-20 14:39:47,674415067020267,0759,我玩游戏的时候我就2号,,
2026-05-20 14:39:50,102739329773,萌趣～,2号等下跟舍友说百万粉丝大主播吃鸡围着救我,[等级6],
2026-05-20 14:39:57,60262093542,蚂蚁,照顾好2号。再倒来不及救了,[等级6],
2026-05-20 14:40:03,4471032014439710,小蒙家,@鞋门歪道 买个好点耳机,[等级27],[粉丝团 Lv1]
2026-05-20 14:40:14,96750408338,清风不问烟雨,难者不会，会者不难，打的好的应该多包容，不是所有人都打的好，打的好的也是从小白练出来的。,[等级5],
2026-05-20 14:40:24,448249880646383,王显生,她也不进房子里就站在外面挨打,[等级16],[粉丝团 Lv11]
2026-05-20 14:40:24,111007266356,🔱守望w,小番茄,[等级29],[粉丝团 Lv15]
2026-05-20 14:40:28,1794029961617984,酃,三号啊,[等级17],[粉丝团 Lv12]
2026-05-20 14:40:32,310488211662580,🔔宝藏,真的很命苦 开局先跑两公里中途又一直挨揍,[等级7],[粉丝团 Lv10]
2026-05-20 14:40:34,1978775559473902,🌈雨夜歌笙,又是3号,[等级22],[粉丝团 Lv10]
2026-05-20 14:40:36,4233546532927219,🉑🈶🉑🈚,还没二号活得久,[等级20],[粉丝团 Lv10]
2026-05-20 14:40:54,1080149981540420,哎吆我去😂,队友也很顶，滚滚滚攻,[等级2],
2026-05-20 14:40:55,59723616497,太阳杰呀,三煞位[捂脸],[等级18],[粉丝团 Lv12]
2026-05-20 14:40:58,2005142166316856,fgg,死亡三号位,[等级8],[粉丝团 Lv4]
2026-05-20 14:40:59,2172229561625960,好嗨哟,2号杀人了,[等级25],[粉丝团 Lv13]
2026-05-20 14:40:59,96589384650,回😘忆🐷,老黑 快关了,[等级9],[粉丝团 Lv10]
2026-05-20 14:41:04,116989961990570,喜欢一个人,三号,[等级12],[粉丝团 Lv10]
2026-05-20 14:41:07,70923711471,辣椒🌶️,三号好杀,[等级14],[粉丝团 Lv7]
2026-05-20 14:41:08,111152566123,脆脆鲨🍍,520快乐520快乐520快乐,[等级27],[粉丝团 Lv15]
2026-05-20 14:41:11,62321132457,风哥,2号没嘎，3号嘎了,[等级22],[粉丝团 Lv11]
2026-05-20 14:41:11,1080149981540420,哎吆我去😂,一瞬间蹲射，瞬间蹲射😂😂,[等级2],
2026-05-20 14:41:11,71126905166,抖音小肋手,[捂脸][捂脸][捂脸],[等级11],[粉丝团 Lv10]
2026-05-20 14:41:13,61835779108,二毛,[捂脸],[等级32],[粉丝团 Lv15]
2026-05-20 14:41:13,92461848227,煜,哈哈哈哈哈哈,[等级13],[粉丝团 Lv11]
2026-05-20 14:41:14,103597486582,【亮】,不说话不带,[等级17],
2026-05-20 14:41:15,102469975321,✨名门⭐️,[捂脸][捂脸][捂脸],[等级19],[粉丝团 Lv15]
2026-05-20 14:41:16,71643904450,知夏྅,带个西红柿🍅,[等级12],[粉丝团 Lv12]
2026-05-20 14:41:16,101817551570,༃小财迷༉࿐,结果被妹子打死了,[等级33],[粉丝团 Lv4]
2026-05-20 14:41:16,99372859314,启  夏,2号倒三次没死[捂脸]3号一到就死,[等级25],[粉丝团 Lv15]
2026-05-20 14:41:17,22077196930,王豆豆🧚🏻‍♀️,3号位不负众望,[等级9],[粉丝团 Lv10]
2026-05-20 14:41:20,72907249364,兔子先生,2号真难杀呀,[等级20],[粉丝团 Lv2]
2026-05-20 14:41:20,4221762087166973,拒绝刘亦菲18402次,3号位,[等级4],[粉丝团 Lv2]
2026-05-20 14:41:21,68105469142,一竿一线一盒烟，一坐就是一整天！,三号这个坑,[等级10],[粉丝团 Lv9]
2026-05-20 14:41:23,2859184318591965,习惯失眠~,2号杀人了，夸一下他[捂脸][捂脸][捂脸],[等级24],[粉丝团 Lv12]
2026-05-20 14:41:23,68278570215,🌟锦霄🌟,运气也是实力的一种,[等级19],[粉丝团 Lv14]
2026-05-20 14:41:23,108762390638,宛陵i,带这个洋柿子,[等级2],
2026-05-20 14:41:24,80340227971,安悠尘my🦌,还以为你开麦说队友 吓死我了,[等级33],[粉丝团:张君雅 Lv15]
2026-05-20 14:41:25,116989961990570,喜欢一个人,二号难死,[等级12],[粉丝团 Lv10]
2026-05-20 14:41:25,77231644562,壹生输赢、全靠拼,2这么多次都没死，3号死亡位,[等级12],
2026-05-20 14:41:26,1794029961617984,酃,三号虚,[等级17],[粉丝团 Lv12]
2026-05-20 14:41:27,108657379142,婷.,老二贪吃,[等级6],[粉丝团 Lv4]
2026-05-20 14:41:27,1539773870387415,半杯橙🍊,你看三号一倒就噶,[等级12],[粉丝团 Lv7]
2026-05-20 14:41:32,111007266356,🔱守望w,谢宝庆来了[抠鼻],[等级29],[粉丝团 Lv15]
2026-05-20 14:41:36,80340227971,安悠尘my🦌,3号位一般人可不敢坐,[等级33],[粉丝团:张君雅 Lv15]
2026-05-20 14:41:39,93135944259,🍋初辰,三号死亡位,[等级22],[粉丝团 Lv13]
2026-05-20 14:41:40,1560897837869139,风之骄子,2号难杀,[等级32],[粉丝团 Lv15]
2026-05-20 14:41:42,68422483360,深情不及久伴,这个二号真难杀[看][看],[等级25],[粉丝团 Lv11]
2026-05-20 14:41:42,65953934636,小雨🍒,我是三号听了直播的声音没听到,[等级13],
2026-05-20 14:41:42,111007266356,🔱守望w,刚才敌人的队友,[等级29],[粉丝团 Lv15]
2026-05-20 14:41:42,80340227971,安悠尘my🦌,@小女宝 谢谢谢谢,[等级33],[粉丝团:张君雅 Lv15]
2026-05-20 14:41:46,71126905166,抖音小肋手,@小女宝 谢谢老板,[等级11],[粉丝团 Lv10]
2026-05-20 14:41:47,1036166310396970,墨染孤秋,2号战神不倒翁,,
2026-05-20 14:41:50,3922654838397437,风轻a,520快乐520快乐520快乐,[等级19],[粉丝团 Lv13]
2026-05-20 14:41:52,99372859314,启  夏,3号位有毒[捂脸],[等级25],[粉丝团 Lv15]
2026-05-20 14:41:58,1522195399970679,爱听歌的云野,老黑不过520吗[看],,
2026-05-20 14:41:59,99029196184,分不清大小王女士,二号命硬,[等级24],[粉丝团 Lv11]
2026-05-20 14:42:02,22415580083835,苹果,就跟有把1号一样命硬，,[等级18],
2026-05-20 14:42:03,92992288513,昕愿,谢谢老板,[等级10],[粉丝团 Lv3]
2026-05-20 14:42:06,64871267356,蓝汇电子科技,刚才那个人视角发红了,[等级19],[粉丝团 Lv3]
2026-05-20 14:42:09,102469975321,✨名门⭐️,@小女宝 美女喝茶🍵🍵🍵🍵🍵🍵🍵🍵🍵🍵🍵,[等级19],[粉丝团 Lv15]
2026-05-20 14:42:15,101191963137,随心,看到挂了,[等级25],
2026-05-20 14:42:27,68422483360,深情不及久伴,@随心 你报警,[等级25],[粉丝团 Lv11]
2026-05-20 14:42:54,2716235001501147,111,？,[等级1],
2026-05-20 14:42:55,2480143996559767,……,透,,
2026-05-20 14:42:59,99029196184,分不清大小王女士,@随心 报警,[等级24],[粉丝团 Lv11]
2026-05-20 14:43:04,97205879226,婷鴿,2号说不关我的事，我先舔包,[等级19],[粉丝团 Lv8]
2026-05-20 14:43:11,93533615563,LONGINES,哎玛  真是大神  他过来怎么知道 人在这个位置 就一直拉弓？,[等级19],
2026-05-20 14:43:20,1003205268617283,左右言它,队友舔包了[捂脸][捂脸],[等级25],[粉丝团 Lv8]
2026-05-20 14:43:20,63217604123,橘子先生,睡着了这人,[等级20],[粉丝团 Lv2]
2026-05-20 14:43:23,135964883951687,you(^_^)丹,2号就知道舔包,[等级9],
2026-05-20 14:43:25,108657379142,婷.,这个老二贪吃,[等级6],[粉丝团 Lv4]
2026-05-20 14:43:27,82197905185,㭍ㄦメ,打慢点还没到点,[等级25],[粉丝团 Lv11]
2026-05-20 14:43:29,98747018681,小羊失棉,520快乐520快乐,[等级11],[粉丝团 Lv3]
2026-05-20 14:43:29,466670364393783,袖下敛青川,二号舔包战神,[等级14],[粉丝团 Lv1]
2026-05-20 14:43:29,1877615703246221,梦千年,他说你太胖了,[等级4],[粉丝团 Lv4]
2026-05-20 14:43:33,7535325015157113913,张君雅的马甲线,@随心 你是说看到了主播的实力？,[等级9],[粉丝团 Lv11]
2026-05-20 14:43:33,1716763187750596,阔脚裤,888,[等级13],
2026-05-20 14:43:34,1080149981540420,哎吆我去😂,2号的好运来了，一直连枪子都不挨😂😂,[等级2],
2026-05-20 14:43:37,93298324846,101,@LONGINES 你多打就知道了,[等级22],[粉丝团 Lv12]
2026-05-20 14:43:37,1458400534738356,螺蛳粉,1,[等级1],[粉丝团 Lv1]
2026-05-20 14:43:37,65232046217,@🪨✂️布,520快乐,[等级6],
2026-05-20 14:43:39,73647036676,捣蛋熊,@LONGINES 猜的,[等级20],[粉丝团 Lv12]
2026-05-20 14:43:39,71126905166,抖音小肋手,挑战榜下面👇滑动[爱心]大家看直播能免费[爱心][爱心]给主播君雅充能，涨涨流量[比心][比心][比,[等级11],[粉丝团 Lv10]
2026-05-20 14:43:41,3347394361297940,橙味奶祺🍫,都没开麦,[等级19],[粉丝团 Lv8]
2026-05-20 14:43:41,68422483360,深情不及久伴,二号:舔不完根本舔不完，太香了,[等级25],[粉丝团 Lv11]
2026-05-20 14:43:44,108657379142,婷.,贪吃鬼来的二号,[等级6],[粉丝团 Lv4]
2026-05-20 14:43:45,93545132133,扑.,三号偷学技术,[等级4],
2026-05-20 14:43:45,1458400534738356,螺蛳粉,2,[等级1],[粉丝团 Lv1]
2026-05-20 14:43:46,731610440271384,一年二班,66666,[等级20],
2026-05-20 14:43:46,1900427196767240,元霸,我也觉得是,[等级14],[粉丝团 Lv7]
2026-05-20 14:43:46,1662057242704557,简单点,@LONGINES 因为你不打游戏！,[等级16],[粉丝团 Lv10]
2026-05-20 14:43:47,95115965858,Y☜☜P,二号没药了，舔包省心,[等级25],
2026-05-20 14:43:48,93316718195,Ciao,@LONGINES 听,[等级2],
2026-05-20 14:43:49,1344016871068905,弥安,@LONGINES 她击倒一个，过来有问题？,[等级25],[粉丝团 Lv10]
2026-05-20 14:43:51,99029196184,分不清大小王女士,二号：从来没吃这么饱过[看],[等级24],[粉丝团 Lv11]
2026-05-20 14:43:51,80179434962,悟空,你闭麦跟谁交流[捂脸],[等级16],[粉丝团 Lv13]
2026-05-20 14:43:52,96139282686,ㅤㅤᅠ,坏了修,[等级33],[粉丝团 Lv8]
2026-05-20 14:43:53,1257437656002798,某某.,少说点话,[等级34],[粉丝团:张君雅 Lv16]
2026-05-20 14:43:54,3347394361297940,橙味奶祺🍫,都没开麦很谁说,[等级19],[粉丝团 Lv8]
2026-05-20 14:43:54,93016544296,Ö椰,？,[等级10],[粉丝团 Lv8]
2026-05-20 14:43:54,2106270889031085,早点睡💫,你都没开,[等级15],[粉丝团 Lv8]
2026-05-20 14:43:54,68278570215,🌟锦霄🌟,意念交流,[等级19],[粉丝团 Lv14]
2026-05-20 14:43:54,352324592338701,c   丶,@LONGINES 人才，他打到的人他不知道在那里嘛？,[等级27],[粉丝团 Lv15]
2026-05-20 14:43:55,4233546532927219,🉑🈶🉑🈚,打不着人，不就舔包吗,[等级20],[粉丝团 Lv10]
2026-05-20 14:43:59,3494674431760602,跨…越,牛逼精准找出对方位置  厉害,[等级8],
2026-05-20 14:43:59,71643904450,知夏྅,2号不是被打死就是被撑死,[等级12],[粉丝团 Lv12]
2026-05-20 14:43:59,1344016871068905,弥安,自己菜,[等级25],[粉丝团 Lv10]
2026-05-20 14:44:00,60627504900,雪碧吖🌓,@LONGINES 看到了，小番茄爬到那里了,[等级29],[粉丝团 Lv6]
2026-05-20 14:44:04,3617832573885482,、 •半世so倾城，号,下面没坏能用,[等级9],
2026-05-20 14:44:04,1003205268617283,左右言它,[捂脸],[等级25],[粉丝团 Lv8]
2026-05-20 14:44:05,111438249801,吴哈妮,死亡三号位,[等级20],[粉丝团 Lv11]
2026-05-20 14:44:06,7535325015157113913,张君雅的马甲线,@LONGINES 主播有耳朵，有经验，有运营,[等级9],[粉丝团 Lv11]
2026-05-20 14:44:10,3764329226702663,🌈就你不吃香菜？,说是透[捂脸],[等级7],
2026-05-20 14:44:11,108160051507,野猫,你们去起诉2号，别舔包[捂脸][捂脸],[等级30],[粉丝团 Lv10]
2026-05-20 14:44:21,92861533806,🌈Gspecialc,在二楼左边打倒的，换成你会不会爬到右边来让队友救？,[等级14],[粉丝团 Lv4]
2026-05-20 14:44:23,72417989437,耀麒,@、 •半世so倾城，号 上面也能用啊,[等级21],[粉丝团 Lv1]
2026-05-20 14:44:36,2804190291166571,用户9684247563802,牛,[等级5],
2026-05-20 14:44:39,75863932663,爱小猪,@🌈就你不吃香菜？ 听风就是雨吗,[等级17],[粉丝团 Lv10]
2026-05-20 14:44:41,97205879226,婷鴿,没事儿，主播打了有人舔包也是好的,[等级19],[粉丝团 Lv8]
2026-05-20 14:44:53,2804190291166571,用户9684247563802,6666666666,[等级5],
2026-05-20 14:44:54,71126905166,抖音小肋手,牛批,[等级11],[粉丝团 Lv10]
2026-05-20 14:44:56,2665697062160392,哈喽啊啊额个,就是透，有流量官方挂,[等级11],
2026-05-20 14:44:56,413013093918639,叶克,：,[等级19],[粉丝团 Lv10]
2026-05-20 14:44:59,71126905166,抖音小肋手,箭王[比心][比心],[等级11],[粉丝团 Lv10]
2026-05-20 14:45:00,53463059062,行了别说了,我嘞个轰炸区,[等级17],[粉丝团 Lv11]
2026-05-20 14:45:07,99372859314,启  夏,你是被爆炸弓打倒了不往另一边爬去？在原点救？[捂脸],[等级25],[粉丝团 Lv15]
2026-05-20 14:45:08,97600677185,晓乔治ovo,二号又跑步[捂脸],[等级38],[粉丝团 Lv13]
2026-05-20 14:45:11,64315258448,🌈大王,打慢一点  三点没到,[等级16],[粉丝团 Lv9]
2026-05-20 14:45:12,68422483360,深情不及久伴,@哈喽啊啊额个 快点报警，晚了来不及了,[等级25],[粉丝团 Lv11]
2026-05-20 14:45:14,75863932663,爱小猪,@哈喽啊啊额个 你别看啊 滚就行,[等级17],[粉丝团 Lv10]
2026-05-20 14:45:14,2875912939641764,封心,要多带2号这样的妹妹一起玩,[等级1],
2026-05-20 14:45:24,2875912939641764,封心,节目效果拉满,[等级1],
2026-05-20 14:45:26,1530976442254383,带五个孤儿住天桥底下,@哈喽啊啊额个 咋啦 你没有啊 那也不行啊,[等级27],[粉丝团 Lv11]
2026-05-20 14:45:37,16253603096,无限,刚出去一分钟，穿上工作服了[捂脸],[等级21],[粉丝团 Lv11]
2026-05-20 14:45:45,2216242502710919,এ格调ོ࿐ᩚ,哈哈,[等级4],
2026-05-20 14:45:48,82197905185,㭍ㄦメ,慢点打还没到点,[等级25],[粉丝团 Lv11]
2026-05-20 14:45:52,548004340438996,小笨蛋,@封心 💩🔫[呲牙][呲牙][呲牙][抠鼻][抠鼻][抠鼻][抠鼻],,
2026-05-20 14:45:54,972404837587015,清风,那你就去举报，别说那种主播开挂官方不会封的话，已经很多主播被封过有证据你就去,[等级22],[粉丝团 Lv10]
2026-05-20 14:45:54,92992288513,昕愿,2号是妹妹嘛？,[等级10],[粉丝团 Lv3]
2026-05-20 14:45:56,56505883242,Fara,集装箱里面,[等级15],[粉丝团 Lv12]
2026-05-20 14:46:01,100179063750,163广播站,细节舔包,[等级9],[粉丝团 Lv6]
2026-05-20 14:46:02,1156329604913566,钻钻💎,门后,[等级19],
2026-05-20 14:46:04,3930092780663289,清酒🍶,@哈喽啊啊额个 承认别人优秀很难吗？,[等级29],
2026-05-20 14:46:04,4233546532927219,🉑🈶🉑🈚,集装箱啊,[等级20],[粉丝团 Lv10]
2026-05-20 14:46:06,68278570215,🌟锦霄🌟,集装箱,[等级19],[粉丝团 Lv14]
2026-05-20 14:46:12,68278570215,🌟锦霄🌟,集装箱,[等级19],[粉丝团 Lv14]
2026-05-20 14:46:16,2804190291166571,用户9684247563802,承认别人优秀很难吗？笑死了,[等级5],
2026-05-20 14:46:16,2417207102932779,郭先生,门后边,[等级2],[粉丝团 Lv4]
2026-05-20 14:46:18,96139282686,ㅤㅤᅠ,炸飞了,[等级33],[粉丝团 Lv8]
2026-05-20 14:46:20,82197905185,㭍ㄦメ,被搬走了,[等级25],[粉丝团 Lv11]
2026-05-20 14:46:21,62321132457,风哥,坐车上,[等级22],[粉丝团 Lv11]
2026-05-20 14:46:24,2063097460718894,观日落,@清风 哥们人他有流量不会封，封了他谁给官方带来流量，透就是透,[等级7],
2026-05-20 14:46:24,116989961990570,喜欢一个人,队友搬走了,[等级12],[粉丝团 Lv10]
2026-05-20 14:46:27,64543935611,木“：”,泰国妹妹,[等级13],[粉丝团 Lv11]
2026-05-20 14:46:29,2063097460718894,观日落,没看过切片吗,[等级7],
2026-05-20 14:46:29,108050697743,初。  ོ,后面,[等级32],[粉丝团 Lv10]
2026-05-20 14:46:29,61835779108,二毛,[捂脸],[等级32],[粉丝团 Lv15]
2026-05-20 14:46:35,92992288513,昕愿,盒子爬走了,[等级10],[粉丝团 Lv3]
2026-05-20 14:46:35,3661822152410380,🌈朵拉0682🌈,2号倒那么多次活到现在,[等级3],[粉丝团 Lv4]
2026-05-20 14:46:36,50660460000,BAYAR,@哈喽啊啊额个 你看到了未必能打死,[等级16],
2026-05-20 14:46:37,1080149981540420,哎吆我去😂,被你爆炸弓射飞了😂😂,[等级2],
2026-05-20 14:46:40,73647036676,捣蛋熊,@观日落 去举报,[等级20],[粉丝团 Lv12]
2026-05-20 14:46:42,101658941422,锋,2号真是个人才,[等级37],[粉丝团 Lv9]
2026-05-20 14:46:43,66266594671,萤火虫露营基地,车压着的,[等级25],[粉丝团 Lv10]
2026-05-20 14:46:43,2246995185243198,道友，请留步,被队友扛走了,[等级2],
2026-05-20 14:46:43,99036159387,乐之,盒子爬走了,[等级16],[粉丝团 Lv4]
2026-05-20 14:46:44,81199264998,小枝,@观日落 你玩过游戏嘛 张口就来,[等级21],
2026-05-20 14:46:45,99240303123,🔥影儿🔥,旁边坑还有盒子,[等级16],[粉丝团 Lv10]
2026-05-20 14:46:45,72227712034,秋,后面坑,[等级18],
2026-05-20 14:46:45,99372859314,启  夏,@观日落 那就报警抓她。不然你叫什么叫？,[等级25],[粉丝团 Lv15]
2026-05-20 14:46:46,840493498901248,小强爱说笑话,炮楼2楼,[等级3],[粉丝团 Lv5]
2026-05-20 14:46:46,1829206389950766,伱我皆牛马,2号可以,[等级25],[粉丝团 Lv3]
2026-05-20 14:46:46,3897117974726974,海市蜃楼,旁边坑,[等级11],[粉丝团 Lv10]
2026-05-20 14:46:46,2417207102932779,郭先生,门后,[等级2],[粉丝团 Lv4]
2026-05-20 14:46:47,72417989437,耀麒,@观日落 本来就是说得好,[等级21],[粉丝团 Lv1]
2026-05-20 14:46:47,94304682946,刷完这个视频就睡,队友补的你后面坑里的,[等级16],[粉丝团 Lv5]
2026-05-20 14:46:47,2490864014474267,W小观,队友扛走了,,
2026-05-20 14:46:47,223933154207331,YgTietnssgmexsn?,@观日落 就你知道，直播间一万多人都不知道，显得你,[等级37],[粉丝团:张君雅 Lv16]
2026-05-20 14:46:47,2246995185243198,道友，请留步,[呲牙],[等级2],
2026-05-20 14:46:48,108657379142,婷.,刚刚楼下那个包吗,[等级6],[粉丝团 Lv4]
2026-05-20 14:46:48,101817551570,༃小财迷༉࿐,炸成灰了,[等级33],[粉丝团 Lv4]
2026-05-20 14:46:48,972404837587015,清风,@观日落 会封的不放心，你有证据就去,[等级22],[粉丝团 Lv10]
2026-05-20 14:46:49,4479870095856996,睡务局局长,问一下2号[捂脸],[等级30],[粉丝团 Lv10]
2026-05-20 14:46:49,66873200785,岁岁平安,老二一直干拉,[等级3],
2026-05-20 14:46:49,72007012465,十弍月的嚣张,有人盗墓,[等级29],[粉丝团 Lv10]
2026-05-20 14:46:49,1560897837869139,风之骄子,埋了,[等级32],[粉丝团 Lv15]
2026-05-20 14:46:51,275348959791396,无铭,树上是什么,[等级2],[粉丝团 Lv5]
2026-05-20 14:46:51,73647036676,捣蛋熊,@观日落 实锤,[等级20],[粉丝团 Lv12]
2026-05-20 14:46:52,98481426396,一颗好困芽.🍟,不得不说。你的直播真的很精彩。处处是惊喜[捂脸],[等级5],[粉丝团 Lv6]
2026-05-20 14:46:53,62729762489,BBLB,@观日落 官方跟你说的还是你猜当然,[等级12],[粉丝团 Lv12]
2026-05-20 14:46:53,99029196184,分不清大小王女士,@观日落 去报警啊,[等级24],[粉丝团 Lv11]
2026-05-20 14:46:54,3897117974726974,海市蜃楼,旁边还有一个坑,[等级11],[粉丝团 Lv10]
2026-05-20 14:46:55,1900427196767240,元霸,为什么海岛有黄色麦田没有黄色吉利服[握手][握手][握手],[等级14],[粉丝团 Lv7]
2026-05-20 14:46:55,2417207102932779,郭先生,门后,[等级2],[粉丝团 Lv4]
2026-05-20 14:46:55,108657379142,婷.,哈哈哈哈,[等级6],[粉丝团 Lv4]
2026-05-20 14:46:55,1156329604913566,钻钻💎,门后,[等级19],
2026-05-20 14:46:56,71126905166,抖音小肋手,[捂脸],[等级11],[粉丝团 Lv10]
2026-05-20 14:46:57,68422483360,深情不及久伴,@观日落 呦呦呦，又在这里众人皆醉你独醒了啊，你怎么不报警,[等级25],[粉丝团 Lv11]
2026-05-20 14:46:57,88745690242,iiii,被爆炸弓炸烂了,[等级11],
2026-05-20 14:46:58,111104505986,磐石·正平,让盒子自己爬过来,[等级12],
2026-05-20 14:46:59,72813485275,皮皮皮,火化了,[等级20],[粉丝团 Lv15]
2026-05-20 14:47:00,108657379142,婷.,应该是,[等级6],[粉丝团 Lv4]
2026-05-20 14:47:00,70263256902,大伟,让1号抱起来藏起来了,[等级5],
2026-05-20 14:47:01,2804190291166571,用户9684247563802,有些人活的就是不如意，别人有技术就是挂，长得好看就是整的，黑子这辈子不会有这技术哈哈,[等级5],
2026-05-20 14:47:01,100069497328,第二支羽毛,自己的雷把盒子炸一下，盒子就没了，我也遇到过,[等级5],
2026-05-20 14:47:03,61835779108,二毛,消失的盒子,[等级32],[粉丝团 Lv15]
2026-05-20 14:47:03,79496793968,WH,@观日落 你多聪明啊 别人都看不出来,[等级29],[粉丝团 Lv15]
2026-05-20 14:47:03,92992288513,昕愿,消失的盒子,[等级10],[粉丝团 Lv3]
2026-05-20 14:47:05,3751175069637851,Monster,SVIP,[等级42],[粉丝团 Lv11]
2026-05-20 14:47:06,3496065010244484,诗.,承认别人厉害很难吗,[等级26],[粉丝团 Lv13]
2026-05-20 14:47:07,101865971458,盛夏之夜🌱🌱,炸成灰了,[等级14],[粉丝团 Lv8]
2026-05-20 14:47:07,613973359596412,金子金子我来啦,车下,[等级16],
2026-05-20 14:47:07,116989961990570,喜欢一个人,你那么大VIP都跑不了,[等级12],[粉丝团 Lv10]
2026-05-20 14:47:08,62729762489,BBLB,@观日落 官方跟你说的还是你猜的,[等级12],[粉丝团 Lv12]
2026-05-20 14:47:10,111438249801,吴哈妮,队友确实补了 冒绿烟了,[等级20],[粉丝团 Lv11]
2026-05-20 14:47:14,3922654838397437,风轻a,我有一次打死两个没盒子,[等级19],[粉丝团 Lv13]
2026-05-20 14:47:15,108063242673,Ruen说,上次你不是让盒子不是爬过来的吗,[等级4],[粉丝团 Lv1]
2026-05-20 14:47:19,7468234728773682234,✨✨✨七里香,@观日落 啊  对对对   [呲牙][呲牙][呲牙],[等级20],[粉丝团 Lv12]
2026-05-20 14:47:20,52623044023,AUV,晋级成功就退了呗,[等级15],[粉丝团 Lv11]
2026-05-20 14:47:21,7510016610934129721,🇨🇳雷峰,前5倒了直接结束游戏了,,
2026-05-20 14:47:23,3148614510582028,权犁,楼梯底下那个应该就是,[等级41],[粉丝团 Lv2]
2026-05-20 14:47:27,2859184318591965,习惯失眠~,66666,[等级24],[粉丝团 Lv12]
2026-05-20 14:47:28,103597486582,【亮】,事不大,[等级17],
2026-05-20 14:47:28,101773862646,.,？,[等级14],[粉丝团 Lv1]
2026-05-20 14:47:28,94505809764,李的不开心,？,[等级17],[粉丝团 Lv2]
2026-05-20 14:47:28,74273567425,妮妮,66,[等级21],[粉丝团 Lv5]
2026-05-20 14:47:30,98741812804,鸡哥不吃鸡🐔,？,[等级15],
2026-05-20 14:47:31,91709028771,默笙。,这么准,[等级10],
2026-05-20 14:47:32,3949074734391543,章鱼哥 （CC）🍞ᵇᵃᵒ,？？？,[等级32],
2026-05-20 14:47:35,101772193026,SJL2333333333333,？,[等级9],[粉丝团 Lv2]
2026-05-20 14:47:36,3685163269620616,魏老师,666,[等级35],[粉丝团 Lv11]
2026-05-20 14:47:37,1911413562412587,桂,？？？,[等级3],
2026-05-20 14:47:38,71126905166,抖音小肋手,箭王,[等级11],[粉丝团 Lv10]
2026-05-20 14:47:38,4375654207062478,ঞᩚ᭄꯭꯭꯭维他命ꦺړ,演都不演,[等级26],
2026-05-20 14:47:39,84434551512,蓝兮,这不是歪瓜？,[等级18],[粉丝团 Lv1]
2026-05-20 14:47:40,2515321012894973,夕,真准啊恐怖如斯,[等级9],
2026-05-20 14:47:40,97438243276,一勺料汁,一剑封喉,[等级19],
2026-05-20 14:47:41,98349299658,刚刚@好,我怎么看不见人,[等级26],
2026-05-20 14:47:42,68585383608,🌈🌈空大,？？？？？？？？？,[等级22],[粉丝团 Lv2]
2026-05-20 14:47:42,74250557144,顾辞,这么准,[等级27],[粉丝团 Lv7]
2026-05-20 14:47:42,380881911154506,｛千城墨白｝,问号大队,[等级7],[粉丝团 Lv10]
2026-05-20 14:47:43,53463059062,行了别说了,箭王,[等级17],[粉丝团 Lv11]
2026-05-20 14:47:43,76496281176,ネфイω,视野就是大,[等级15],[粉丝团 Lv2]
2026-05-20 14:47:44,405064917457262,电音少女墨菲特,牛逼,[等级20],[粉丝团 Lv1]
2026-05-20 14:47:44,4494392328730942,珑彁,每周三都孤家寡人啊,[等级2],[粉丝团 Lv5]
2026-05-20 14:47:45,676914204256952,李茂哲,后羿来的,[等级13],[粉丝团 Lv10]
2026-05-20 14:47:45,91709028771,默笙。,尿检,[等级10],
2026-05-20 14:47:47,2417207102932779,郭先生,二楼门后,[等级2],[粉丝团 Lv4]
2026-05-20 14:47:47,2480143996559767,……,不想看了,,
2026-05-20 14:47:47,116989961990570,喜欢一个人,@权犁 楼梯那个是她打的第三个,[等级12],[粉丝团 Lv10]
2026-05-20 14:47:48,1080149981540420,哎吆我去😂,真牛逼呀，这么远一箭爆头怎么玩呀😂😂,[等级2],
2026-05-20 14:47:51,87613131480,乐天,屎检,[等级13],[粉丝团 Lv10]
2026-05-20 14:47:52,108802633246,泡沫🫧,播到几点,[等级2],
2026-05-20 14:47:53,4317102428925840,霁拾川,你这是DF系列吧,[等级34],
2026-05-20 14:47:56,1455350881721268,弋🍓🍓,@刚刚@好 你猜[看][看],[等级13],[粉丝团 Lv12]
2026-05-20 14:47:56,98714916130,心碎_也完美、,用平板就看见了,[等级11],[粉丝团 Lv9]
2026-05-20 14:47:57,1530976442254383,带五个孤儿住天桥底下,一群扣问号的,[等级27],[粉丝团 Lv11]
2026-05-20 14:47:59,1333022732588423,烟草味的情怀,可能是翻窗的时候被你炸了掉下面了,[等级3],[粉丝团 Lv5]
2026-05-20 14:47:59,2063097460718894,观日落,内天内个视频我都不想说[捂脸][捂脸]，决赛圈起码乱转[捂脸]，队友在脸上都没听到车，他骑马200多米听到了,[等级7],
2026-05-20 14:47:59,80179434962,悟空,不愧是箭王,[等级16],[粉丝团 Lv13]
2026-05-20 14:48:00,102748821674,一张白纸,主播眼神真好，你的视觉是我们的一倍。,[等级17],[粉丝团 Lv8]
2026-05-20 14:48:01,62729762489,BBLB,玩的好就是挂？,[等级12],[粉丝团 Lv12]
2026-05-20 14:48:03,99378881667,‘烟酒生’,刚刚看到有红色的人型那种，感觉是挂,[等级6],
2026-05-20 14:48:03,82197905185,㭍ㄦメ,哈哈哈哈,[等级25],[粉丝团 Lv11]
2026-05-20 14:48:03,71126905166,抖音小肋手,[捂脸][捂脸][捂脸][捂脸],[等级11],[粉丝团 Lv10]
2026-05-20 14:48:03,61835779108,二毛,[捂脸][捂脸],[等级32],[粉丝团 Lv15]
2026-05-20 14:48:03,76496281176,ネфイω,手机200米外鸡苗能看到个屁,[等级15],[粉丝团 Lv2]
2026-05-20 14:48:03,4217325877730413,我帮朋友问,这弓有点A妹的感觉,[等级18],
2026-05-20 14:48:05,1257437656002798,某某.,哈哈哈哈,[等级34],[粉丝团:张君雅 Lv16]
2026-05-20 14:48:06,66672197795,過客,[捂脸][捂脸][捂脸],[等级34],[粉丝团 Lv8]
2026-05-20 14:48:07,53463059062,行了别说了,？,[等级17],[粉丝团 Lv11]
2026-05-20 14:48:07,108657379142,婷.,哈哈哈,[等级6],[粉丝团 Lv4]
2026-05-20 14:48:07,82197905185,㭍ㄦメ,它不饿哈哈哈,[等级25],[粉丝团 Lv11]
2026-05-20 14:48:07,2804190291166571,用户9684247563802,张君雅公认的和平一姐，怎么了？黑子有技术怎么不去开播呢？怕菜的看不下去吗？,[等级5],
2026-05-20 14:48:08,1036166310396970,墨染孤秋,2号战神不倒翁要躺鸡了,,
2026-05-20 14:48:09,80340227971,安悠尘my🦌,哈哈,[等级33],[粉丝团:张君雅 Lv15]
2026-05-20 14:48:10,58035845822,小猫讨厌你,哈哈哈哈,[等级1],
2026-05-20 14:48:12,92724691349,^初一,[捂脸],[等级6],[粉丝团 Lv6]
2026-05-20 14:48:12,1344016871068905,弥安,平板视野能跟手机一样？,[等级25],[粉丝团 Lv10]
2026-05-20 14:48:13,546907646341930,邻家小姨,520快乐,[等级3],
2026-05-20 14:48:14,110895971722,一个人挺好…👿,马说我就不吃,[等级24],[粉丝团 Lv9]
2026-05-20 14:48:15,75965238396,期待,吃马肉[捂脸][捂脸],[等级12],[粉丝团 Lv3]
2026-05-20 14:48:16,61835779108,二毛,520快乐520快乐,[等级32],[粉丝团 Lv15]
2026-05-20 14:48:17,100459313206,莉枝,看不见的换平板吧,[等级17],[粉丝团 Lv10]
2026-05-20 14:48:17,87900359390,一个怡,哈哈哈哈,[等级10],[粉丝团 Lv4]
2026-05-20 14:48:19,65399001507,顺风顺水顺路,马肉不好吃,[等级10],[粉丝团 Lv11]
2026-05-20 14:48:20,74443425886,小透明,如果觉得主播有挂就不看不就得了，非要在这里唧唧歪歪的有意思吗，那么多主播，你换一个呗,[等级23],[粉丝团 Lv3]
2026-05-20 14:48:20,98349299658,刚刚@好,@弋🍓🍓 我不知道你说,[等级26],
2026-05-20 14:48:21,108147253577,李ℒ𝒾 ᥫᩣ,马说，不喜欢吃烟草,[等级28],[粉丝团 Lv12]
2026-05-20 14:48:24,896828231649432,修缘,百步穿杨,,
2026-05-20 14:48:28,98994252685,爸爸小福星,@泡沫🫧 3,,
2026-05-20 14:48:30,3239574081649495,用户-34790,不愧是张老黑,[等级3],
2026-05-20 14:48:30,954015704166440,密斯特小萝卜,吃我吧吃我吧 宝雅,[等级5],[粉丝团 Lv3]
2026-05-20 14:48:30,2007084944330340,陈不住气的,3号位又没了,[等级9],[粉丝团 Lv2]
2026-05-20 14:48:32,2417207102932779,郭先生,门后,[等级2],[粉丝团 Lv4]
2026-05-20 14:48:33,68422483360,深情不及久伴,@观日落 是是是，就你最牛逼，你说的都对，你去喊派出所拿枪来打,[等级25],[粉丝团 Lv11]
2026-05-20 14:48:34,546907646341930,邻家小姨,[微笑],[等级3],
2026-05-20 14:48:34,75556307265,不是华子,在后面,[等级20],
2026-05-20 14:48:36,98714033017,陪月亮熬夜✨,门后面,[等级16],
2026-05-20 14:48:37,64718097175,瑾艺,门后,[等级20],[粉丝团 Lv11]
2026-05-20 14:48:38,4310549579694780,@你,门后面,[等级15],[粉丝团 Lv10]
2026-05-20 14:48:38,57847163748,叙白,又要下班了,[等级25],[粉丝团 Lv11]
2026-05-20 14:48:40,64041125812,蜡笔小恬&小恒,二楼门后面有没有,[等级9],[粉丝团 Lv7]
2026-05-20 14:48:42,763498854357146,H先森,哈哈哈哈哈哈,[等级26],[粉丝团 Lv8]
2026-05-20 14:48:42,73133140989,行稳致远,[捂脸][捂脸],[等级31],[粉丝团 Lv15]
2026-05-20 14:48:44,466670364393783,袖下敛青川,二号倒了,[等级14],[粉丝团 Lv1]
2026-05-20 14:48:44,7443467011387458618,骨阿夫特嫩,[捂脸][捂脸][捂脸],[等级29],
2026-05-20 14:48:45,1455350881721268,弋🍓🍓,看不见的换大板，还看不见就投屏,[等级13],[粉丝团 Lv12]
2026-05-20 14:48:46,92724691349,^初一,二号😂,[等级6],[粉丝团 Lv6]
2026-05-20 14:48:46,763498854357146,H先森,这个二号,[等级26],[粉丝团 Lv8]
2026-05-20 14:48:46,4022473420183417,在烂泥堆里摆烂,哈哈哈哈哈,[等级10],
2026-05-20 14:48:46,1319032755332072,别旋了,哈哈哈哈哈哈哈,[等级9],
2026-05-20 14:48:47,96718600522,八岁习武,[捂脸][捂脸][捂脸][捂脸][捂脸],[等级14],[粉丝团 Lv8]
2026-05-20 14:48:47,1560897837869139,风之骄子,2号[捂脸][捂脸][捂脸],[等级32],[粉丝团 Lv15]
2026-05-20 14:48:47,3853110172199261,吃点猫耳朵,又是这个人,[等级10],[粉丝团 Lv9]
2026-05-20 14:48:47,116989961990570,喜欢一个人,二号,[等级12],[粉丝团 Lv10]
2026-05-20 14:48:47,2542512275467293,意,又倒,[等级11],[粉丝团 Lv12]
2026-05-20 14:48:47,104851632950,透过窗的光,死亡三号位,[等级28],[粉丝团 Lv13]
2026-05-20 14:48:47,92458043375,Cc.,哈哈哈,[等级11],[粉丝团 Lv5]
2026-05-20 14:48:49,61835779108,二毛,[捂脸][捂脸],[等级32],[粉丝团 Lv15]
2026-05-20 14:48:49,62387435479,一个小土豆🥔,楼梯下面,[等级3],
2026-05-20 14:48:49,71126905166,抖音小肋手,马不会享福，平时老黑不喂，这喂啦又不吃[捂脸],[等级11],[粉丝团 Lv10]
2026-05-20 14:48:49,3302546568121316,以大橘为重🍊,哈哈哈哈，又是二号,[等级20],
2026-05-20 14:48:49,99719491909,霸煕,在二楼门后面,[等级24],
2026-05-20 14:48:49,62828234454,躺平壹歌,哈哈,[等级11],
2026-05-20 14:48:50,97438243276,一勺料汁,[捂脸],[等级19],
2026-05-20 14:48:51,75156029871,@赵小美🍀🌻🌹,520快乐,[等级17],
2026-05-20 14:48:52,92461848227,煜,[捂脸][捂脸][捂脸],[等级13],[粉丝团 Lv11]
2026-05-20 14:48:52,99029196184,分不清大小王女士,@观日落 不想说还是叭叭的在这说这么多，自己不行就说别人有挂，乐子。,[等级24],[粉丝团 Lv11]
2026-05-20 14:48:53,66624217824,᭄自由ঞৣঁ如风᭄🍻,2号这体质太差了[捂脸],[等级14],[粉丝团 Lv6]
2026-05-20 14:48:53,66873200785,岁岁平安,老二哈哈哈哈,[等级3],
2026-05-20 14:48:53,71126905166,抖音小肋手,[捂脸][捂脸][捂脸],[等级11],[粉丝团 Lv10]
2026-05-20 14:48:53,108657379142,婷.,哈哈哈,[等级6],[粉丝团 Lv4]
2026-05-20 14:48:53,1003205268617283,左右言它,我的马鸭,[等级25],[粉丝团 Lv8]
2026-05-20 14:48:53,3364953113780071,菲克苏白,主播好凶凶，要吃马马[捂脸],[等级13],
2026-05-20 14:48:53,116989961990570,喜欢一个人,终于没了,[等级12],[粉丝团 Lv10]
2026-05-20 14:48:54,1456169111790891,隔壁老王,哈哈哈哈哈哈,[等级16],[粉丝团 Lv7]
2026-05-20 14:48:54,2480143996559767,……,刺激战场不火的时候，没有这种高手，你们细品,,
2026-05-20 14:48:55,2220639168496084,Mark•X 罗,又是二号,[等级7],
2026-05-20 14:48:56,71218676451,妤,门后面,[等级11],[粉丝团 Lv4]
2026-05-20 14:48:57,2294045516499104,嘟,2号还爬出去,[等级13],[粉丝团 Lv10]
2026-05-20 14:48:57,60743243189,浅夏🌿,还跑出去标点,[等级12],[粉丝团 Lv10]
2026-05-20 14:48:57,4165407898869996,每天对被子表白,死亡2号位[捂脸],[等级5],[粉丝团 Lv2]
2026-05-20 14:48:57,62828234454,躺平壹歌,2号我倒,[等级11],
2026-05-20 14:48:57,71909326551,Lemon,倒8回[捂脸],[等级18],[粉丝团 Lv7]
2026-05-20 14:48:58,972404837587015,清风,而且你把老黑实锤了，扑总也不会放过她的这号很贵，你去举报吧,[等级22],[粉丝团 Lv10]
2026-05-20 14:48:58,3751175069637851,Monster,二号终于,[等级42],[粉丝团 Lv11]
2026-05-20 14:48:58,61836860811,李知恩ovo,哈哈哈哈哈哈哈哈哈哈哈哈哈,[等级11],
2026-05-20 14:48:59,3312173389453309,叮叮当,大动脉飙血了,[等级6],[粉丝团 Lv10]
2026-05-20 14:48:59,80179434962,悟空,终于死了[捂脸],[等级16],[粉丝团 Lv13]
2026-05-20 14:49:01,97912349777,劉刘,他有一个队友不是上了楼一次吗，给他开门他下来了,[等级10],[粉丝团 Lv1]
2026-05-20 14:49:01,87537697860,X🇨🇳,这血掉的真快[捂脸][捂脸],[等级15],[粉丝团 Lv10]
2026-05-20 14:49:02,60627504900,雪碧吖🌓,哈哈哈哈哈哈,[等级29],[粉丝团 Lv6]
2026-05-20 14:49:03,65399001507,顺风顺水顺路,血流真快[捂脸],[等级10],[粉丝团 Lv11]
2026-05-20 14:49:04,116989961990570,喜欢一个人,二号终于解脱了,[等级12],[粉丝团 Lv10]
2026-05-20 14:49:05,7535325015157113913,张君雅的马甲线,@观日落 你说的挺多的啊,[等级9],[粉丝团 Lv11]
2026-05-20 14:49:06,63027055055,美女社社长,我套了个猴子又要酒店见了[加功德],[等级2],
2026-05-20 14:49:07,1707980707871976,喵叔,2号真难杀啊,,
2026-05-20 14:49:08,60743243189,浅夏🌿,还爬过去标点[捂脸],[等级12],[粉丝团 Lv10]
2026-05-20 14:49:11,2840776176057645,F2,二号绷不住了[捂脸],[等级25],[粉丝团 Lv13]
2026-05-20 14:49:12,68278570215,🌟锦霄🌟,@观日落 给你挂你也超做不出来不是笑话你,[等级19],[粉丝团 Lv14]
2026-05-20 14:49:14,110883794985,范不着,我靠这么准。,[等级17],
2026-05-20 14:49:16,98741812804,鸡哥不吃鸡🐔,？,[等级15],
2026-05-20 14:49:16,4330355120149084,唯一♥,他还爬上来跟你标点[捂脸][捂脸],[等级8],[粉丝团 Lv7]
2026-05-20 14:49:19,81853394936,麗,牛,[等级15],[粉丝团 Lv1]
2026-05-20 14:49:20,108130054544,晓枫&嘚世界,不倒战神最终还是倒了[捂脸][捂脸],[等级24],
2026-05-20 14:49:22,71643904450,知夏྅,哈哈哈哈,[等级12],[粉丝团 Lv12]
2026-05-20 14:49:25,632942998335543,YOLO,？,,
2026-05-20 14:49:27,2515321012894973,夕,毒死很多,[等级9],
2026-05-20 14:49:28,75556307265,不是华子,？,[等级20],
2026-05-20 14:49:30,92334357375,晨,没人怀疑她在开G,[等级2],
2026-05-20 14:49:41,3680809831900556,先上DJ,漂亮不,[等级17],
2026-05-20 14:49:44,96991919733,AC年糕,这确实过分了,[等级18],
2026-05-20 14:49:47,2063097460718894,观日落,@张君雅的马甲线 so，内把我都不知道应该怎么解释，没漏就已经预瞄上了,[等级7],
2026-05-20 14:49:49,71643904450,知夏྅,死前标个点,[等级12],[粉丝团 Lv12]
2026-05-20 14:49:50,71126905166,抖音小肋手,又差点摔死,[等级11],[粉丝团 Lv10]
2026-05-20 14:49:53,99029196184,分不清大小王女士,@晨 你怀疑你去报警啊,[等级24],[粉丝团 Lv11]
2026-05-20 14:49:55,68422483360,深情不及久伴,@晨 你怀疑你报警,[等级25],[粉丝团 Lv11]
2026-05-20 14:49:55,110563373639,渐远,@…… 你把这游戏当工作打  打几年你可能比主播还厉害,[等级27],
2026-05-20 14:49:59,97544181368,杀敌伍佰,爆炸弓本来就有范围伤害 有啥奇怪的,[等级29],[粉丝团 Lv15]
2026-05-20 14:50:00,1530976442254383,带五个孤儿住天桥底下,开什么开啊  她就没有关过  直接去报警,[等级27],[粉丝团 Lv11]
2026-05-20 14:50:04,63027055055,美女社社长,@晨 开了又怎么样？你举报她啊真是的,[等级2],
2026-05-20 14:50:05,2804190291166571,用户9684247563802,我也看到了麦田！！,[等级5],
2026-05-20 14:50:06,4206065385210555,游不动的青蛙,@观日落 乐子，你去报警啊,[等级3],
2026-05-20 14:50:08,3528799469463012,154摸摸,66666,[等级2],
2026-05-20 14:50:10,92334357375,晨,那么远，爆炸弓秒头？,[等级2],
2026-05-20 14:50:11,93298324846,101,她就是挂我们知道的。,[等级22],[粉丝团 Lv12]
2026-05-20 14:50:12,2515321012894973,夕,@晨 多看看他直播就行了被人六的大叫天天都在上演[捂脸],[等级9],
2026-05-20 14:50:13,2063097460718894,观日落,@🌟锦霄🌟 随便你怎么说，我能把你打成功1分分钟兄弟,[等级7],
2026-05-20 14:50:15,2804190291166571,用户9684247563802,一个黑影过去了，有个人在后面,[等级5],
2026-05-20 14:50:15,71126905166,抖音小肋手,@🎀 T·Sept.⁰¹ Vir☁️ 谢谢老板,[等级11],[粉丝团 Lv10]
2026-05-20 14:50:17,61835779108,二毛,[666],[等级32],[粉丝团 Lv15]
2026-05-20 14:50:17,81853394936,麗,厉害,[等级15],[粉丝团 Lv1]
2026-05-20 14:50:17,3657414032522778,321,嗯~的一声很销魂,[等级7],[粉丝团 Lv8]
2026-05-20 14:50:18,833854602233580,备拿,开了？？？,[等级9],
2026-05-20 14:50:19,7625124902223660081,噜噜来咯,冲冲冲冲冲,[等级3],[粉丝团 Lv2]
2026-05-20 14:50:19,223933154207331,YgTietnssgmexsn?,@🎀 T·Sept.⁰¹ Vir☁️ 谢谢哦哦哦哦,[等级37],[粉丝团:张君雅 Lv16]
2026-05-20 14:50:20,99029196184,分不清大小王女士,@观日落 谁要听你解释啊，你算老几啊？,[等级24],[粉丝团 Lv11]
2026-05-20 14:50:21,93207062480,🌈🌈原味儿老柴̶͜🇨🇳🇨🇳,强的可怕,[等级27],
2026-05-20 14:50:21,1794029961617984,酃,牛批,[等级17],[粉丝团 Lv12]
2026-05-20 14:50:21,62729762489,BBLB,@观日落 预瞄不是很正常,[等级12],[粉丝团 Lv12]
2026-05-20 14:50:22,1911413562412587,桂,？？？？？,[等级3],
2026-05-20 14:50:23,116989961990570,喜欢一个人,吓死咯,[等级12],[粉丝团 Lv10]
2026-05-20 14:50:23,1257437656002798,某某.,报警去吧[流泪],[等级34],[粉丝团:张君雅 Lv16]
2026-05-20 14:50:25,97806080834,🚬ღ᭄辭ꦿ࿐,感谢老板,[等级21],[粉丝团 Lv15]
2026-05-20 14:50:26,2490864014474267,W小观,趴草一动不动,,
2026-05-20 14:50:28,99305090212,☄︎你東哥,关了吧,[等级27],
2026-05-20 14:50:28,50475023375,杨小姐•,啊对对对，开了开了，快去举报，哦吼吼吼,[等级24],[粉丝团 Lv12]
2026-05-20 14:50:30,11805950518,深情（张君雅助理）,@🎀 T·Sept.⁰¹ Vir☁️ 感谢姐妹520快乐520快乐520快乐,[等级39],[粉丝团:张君雅 Lv18]
2026-05-20 14:50:32,110849017189,爱学习的丸子,没关？,[等级8],
2026-05-20 14:50:34,76033090614,🥬年华苍老了谁,今天不带狗蛋吗？,[等级29],
2026-05-20 14:50:36,67535712021,如何采摘大勋花？,看直播给我哄睡着了,[等级9],[粉丝团 Lv10]
2026-05-20 14:50:36,629363560687565,🍉糖,十个烟,[等级13],[粉丝团 Lv7]
2026-05-20 14:50:39,80340227971,安悠尘my🦌,@🎀 T·Sept.⁰¹ Vir☁️ 谢谢谢谢,[等级33],[粉丝团:张君雅 Lv15]
2026-05-20 14:50:39,67563461828,蒮,好厉害,[等级10],
2026-05-20 14:50:40,1794029961617984,酃,十个烟雾弹,[等级17],[粉丝团 Lv12]
2026-05-20 14:50:42,1306685529145203,慢慢,10个烟雾弹,[等级11],[粉丝团 Lv10]
2026-05-20 14:50:42,7571745879104406565,𝑨꯭𝑰꯭𝒐꯭𝒏꯭𝒆꯭。,这听声辨位就够你们学的,[等级2],
2026-05-20 14:50:47,1333022732588423,烟草味的情怀,那个人刚刚毒到了一次,[等级3],[粉丝团 Lv5]
2026-05-20 14:50:48,97954519178,讲道理的张某人,10颗烟   厉害,[等级20],[粉丝团 Lv9]
2026-05-20 14:50:48,99305090212,☄︎你東哥,关了吧,[等级27],
2026-05-20 14:50:50,75863932663,爱小猪,@观日落 你会玩游戏不 别自以为是了,[等级17],[粉丝团 Lv10]
2026-05-20 14:50:52,108825768878,南山居士,感谢兄弟的1314,[等级1],
2026-05-20 14:50:58,71126905166,抖音小肋手,[捂脸][捂脸][捂脸],[等级11],[粉丝团 Lv10]
2026-05-20 14:50:59,3958684699858760,鑫焱森,@观日落 你觉得开了，你去巡检啊，搁这胡说有意义？,[等级38],[粉丝团 Lv6]
2026-05-20 14:51:00,63222002360,🎀 T·Sept.⁰¹ Vir☁️,这名字改的 确实 我都不认识自己了,[等级36],[粉丝团 Lv17]
2026-05-20 14:51:00,52727051848,玫瑰,哈哈哈哈哈哈哈哈,[等级30],[粉丝团 Lv9]
2026-05-20 14:51:01,68278570215,🌟锦霄🌟,[捂脸][捂脸][捂脸],[等级19],[粉丝团 Lv14]
2026-05-20 14:51:01,66873200785,岁岁平安,哈哈哈哈,[等级3],
2026-05-20 14:51:02,2665697062160392,哈喽啊啊额个,又一个卢本伟[捂脸],[等级11],
2026-05-20 14:51:03,71126905166,抖音小肋手,卧底,[等级11],[粉丝团 Lv10]
2026-05-20 14:51:03,102469975321,✨名门⭐️,[捂脸][捂脸][捂脸],[等级19],[粉丝团 Lv15]
2026-05-20 14:51:04,3406705907740807,何爱华（承蒙厚爱）,[捂脸][捂脸][捂脸],[等级22],[粉丝团 Lv12]
2026-05-20 14:51:07,772280035849376,🌹罗富贵🌹,[捂脸],[等级29],
2026-05-20 14:51:10,3922654838397437,风轻a,[捂脸][捂脸][捂脸][捂脸],[等级19],[粉丝团 Lv13]
2026-05-20 14:51:12,2804190291166571,用户9684247563802,后面的人我也看到了啊，她说之前我就看到了，懂不懂听声辨位啊，懂不懂有的人就是动态视力好啊，黑子说话！,[等级5],
2026-05-20 14:51:13,52727051848,玫瑰,对面派来的卧底[捂脸][捂脸],[等级30],[粉丝团 Lv9]
2026-05-20 14:51:14,2063097460718894,观日落,@分不清大小王女士 没招[捂脸][捂脸][捂脸]，对你这种人，但凡上个高段位你就懂了老铁，多打打战神局吧，打多了你就懂,[等级7],
2026-05-20 14:51:15,223933154207331,YgTietnssgmexsn?,@🎀 T·Sept.⁰¹ Vir☁️ 那你改回去[坏笑][黑脸],[等级37],[粉丝团:张君雅 Lv16]
2026-05-20 14:51:22,2007084944330340,陈不住气的,这,[等级9],[粉丝团 Lv2]
2026-05-20 14:51:22,7442219576371364922,一撇一捺默写牵挂²⁰²⁶₈₈₈,哈哈,[等级30],
2026-05-20 14:51:24,98460975967,ەㅤㅤㅤㅤㅤㅤㅤㅤㅤ一个蛋🥚 ㅤㅤㅤㅤ,[捂脸][捂脸][捂脸],[等级34],[粉丝团 Lv10]
2026-05-20 14:51:24,61836860811,李知恩ovo,？,[等级11],
2026-05-20 14:51:24,82197905185,㭍ㄦメ,完了,[等级25],[粉丝团 Lv11]
2026-05-20 14:51:24,52727051848,玫瑰,完了,[等级30],[粉丝团 Lv9]
2026-05-20 14:51:25,110133575047,阳,哈哈哈,[等级1],[粉丝团 Lv2]
2026-05-20 14:51:25,93207062480,🌈🌈原味儿老柴̶͜🇨🇳🇨🇳,哈哈,[等级27],
2026-05-20 14:51:25,68423550125,Love the way you lie,[捂脸][捂脸][捂脸][捂脸][捂脸][捂脸][捂脸][捂脸],[等级15],[粉丝团 Lv11]
2026-05-20 14:51:25,61988075528,王者荣耀法师妲己,[捂脸][捂脸],[等级7],
2026-05-20 14:51:25,93358153043,东道主,哈哈,[等级1],
2026-05-20 14:51:26,1618934214435405,壹身傲骨,哈哈哈,[等级18],
2026-05-20 14:51:26,3764329226702663,🌈就你不吃香菜？,[捂脸],[等级7],
2026-05-20 14:51:27,2005142166316856,fgg,完辣,[等级8],[粉丝团 Lv4]
2026-05-20 14:51:27,95558583638,爸辣辣能量ᝰ,完了呀,[等级4],
2026-05-20 14:51:28,4194001283195769,暴露出来了吗,？？？,,
2026-05-20 14:51:28,61630503670,很好,？,[等级16],[粉丝团 Lv11]
2026-05-20 14:51:28,620579673606238,^ZsZ^,？？？,[等级13],[粉丝团 Lv10]
2026-05-20 14:51:29,96667074684,芥子,[捂脸][捂脸][捂脸][捂脸],[等级13],[粉丝团 Lv8]
2026-05-20 14:51:29,104277022731,TA,[捂脸][捂脸],[等级26],
2026-05-20 14:51:29,2386378385529776,ღ 念池鱼,漂亮漂亮,[等级16],[粉丝团 Lv3]
2026-05-20 14:51:31,99372859314,启  夏,啊哈哈哈[捂脸],[等级25],[粉丝团 Lv15]
2026-05-20 14:51:31,66672197795,過客,[尬笑][尬笑][尬笑][尬笑],[等级34],[粉丝团 Lv8]
2026-05-20 14:51:35,68423550125,Love the way you lie,[捂脸][捂脸][捂脸][捂脸][捂脸][捂脸][捂脸],[等级15],[粉丝团 Lv11]
2026-05-20 14:51:36,3680809831900556,先上DJ,别补[呲牙],[等级17],
2026-05-20 14:51:36,95114696630,楠De小雨天气💦,手枪呢,[等级19],[粉丝团 Lv7]
2026-05-20 14:51:36,97806080834,🚬ღ᭄辭ꦿ࿐,哈哈哈,[等级21],[粉丝团 Lv15]
2026-05-20 14:51:36,68278570215,🌟锦霄🌟,[捂脸][捂脸],[等级19],[粉丝团 Lv14]
2026-05-20 14:51:36,1204659008582055,🥤🥤,哈哈哈哈啊,[等级19],[粉丝团 Lv5]
2026-05-20 14:51:36,67862230314,别动,哈哈哈哈哈哈哈哈哈哈哈哈,[等级8],[粉丝团 Lv4]
2026-05-20 14:51:36,71126905166,抖音小肋手,[捂脸][捂脸][捂脸],[等级11],[粉丝团 Lv10]
2026-05-20 14:51:37,59348532870,贫僧法号：乱来,[捂脸][捂脸][捂脸][捂脸][捂脸][捂脸],[等级34],
2026-05-20 14:51:38,2667866548078635,鼻·芬奇,哈哈哈哈哈,[等级7],[粉丝团 Lv4]
2026-05-20 14:51:39,68189106631,𝑶𝒏𝒆,[捂脸][捂脸][捂脸],[等级30],[粉丝团 Lv10]
2026-05-20 14:51:39,101090120610,小鄭,[捂脸],[等级12],
2026-05-20 14:51:39,100179063750,163广播站,[呲牙][呲牙][呲牙],[等级9],[粉丝团 Lv6]
2026-05-20 14:51:40,71909326551,Lemon,[捂脸][捂脸],[等级18],[粉丝团 Lv7]
2026-05-20 14:51:40,92461848227,煜,[捂脸][捂脸][捂脸],[等级13],[粉丝团 Lv11]
2026-05-20 14:51:40,2007084944330340,陈不住气的,[捂脸][捂脸][捂脸],[等级9],[粉丝团 Lv2]
2026-05-20 14:51:41,110133575047,阳,哈哈哈,[等级1],[粉丝团 Lv2]
2026-05-20 14:51:41,3239574081649495,用户-34790,哈哈哈,[等级3],
2026-05-20 14:51:41,63222002360,🎀 T·Sept.⁰¹ Vir☁️,[捂脸][捂脸][捂脸],[等级36],[粉丝团 Lv17]
2026-05-20 14:51:41,763498854357146,H先森,哈哈哈哈哈哈哈,[等级26],[粉丝团 Lv8]
2026-05-20 14:51:41,110012786240,小猫饼,哈哈哈哈哈,[等级22],[粉丝团 Lv12]
2026-05-20 14:51:42,61835779108,二毛,[捂脸][捂脸][捂脸],[等级32],[粉丝团 Lv15]
2026-05-20 14:51:42,1165114783832782,山高路远！,[捂脸][捂脸][捂脸],[等级49],
2026-05-20 14:51:42,1195886124998061,小5哥,[666],[等级8],
2026-05-20 14:51:42,4022473420183417,在烂泥堆里摆烂,哈哈哈哈哈哈哈,[等级10],
2026-05-20 14:51:42,223933154207331,YgTietnssgmexsn?,[捂脸][捂脸][捂脸][捂脸],[等级37],[粉丝团:张君雅 Lv16]
2026-05-20 14:51:42,7442219576371364922,一撇一捺默写牵挂²⁰²⁶₈₈₈,哈哈,[等级30],
2026-05-20 14:51:42,68278570215,🌟锦霄🌟,[捂脸][捂脸][捂脸],[等级19],[粉丝团 Lv14]
2026-05-20 14:51:43,7535325015157113913,张君雅的马甲线,哈哈哈哈哈,[等级9],[粉丝团 Lv11]
2026-05-20 14:51:43,71643904450,知夏྅,哈哈哈哈哈哈哈,[等级12],[粉丝团 Lv12]
2026-05-20 14:51:43,99372859314,启  夏,哈哈哈哈,[等级25],[粉丝团 Lv15]
2026-05-20 14:51:43,7443467011387458618,骨阿夫特嫩,[捂脸][捂脸][捂脸],[等级29],
2026-05-20 14:51:43,65199621033,坤哥_2218180,[捂脸][捂脸][捂脸][捂脸],[等级30],[粉丝团 Lv8]
2026-05-20 14:51:43,1094766260652222,愿卿安,[捂脸],[等级23],[粉丝团 Lv12]
2026-05-20 14:51:43,61836860811,李知恩ovo,哈哈哈哈哈哈哈哈哈哈哈哈哈,[等级11],
2026-05-20 14:51:44,67535712021,如何采摘大勋花？,哈哈哈哈,[等级9],[粉丝团 Lv10]
2026-05-20 14:51:44,7508733161112831001,梦想,哈哈哈哈,,
2026-05-20 14:51:44,111519916804,最初的梦想✨,哈哈哈哈,[等级9],[粉丝团 Lv3]
2026-05-20 14:51:44,1925946394542558,bond,[捂脸],[等级20],
2026-05-20 14:51:44,99470859079,人生的味道⁵¹⁰⁷⁴,[捂脸][捂脸][捂脸][捂脸][捂脸][捂脸],[等级13],[粉丝团 Lv12]
2026-05-20 14:51:44,101094843998,『🐒🐒』,[捂脸][捂脸][捂脸][捂脸][捂脸][捂脸],[等级19],[粉丝团 Lv12]
2026-05-20 14:51:44,716523334534366,哇呜💋,哈哈哈哈哈,[等级15],[粉丝团 Lv12]
2026-05-20 14:51:44,96667873457,星期八见面,哈哈哈,[等级5],
2026-05-20 14:51:44,1560897837869139,风之骄子,[捂脸][捂脸][捂脸][捂脸],[等级32],[粉丝团 Lv15]
2026-05-20 14:51:44,56505883242,Fara,哈哈哈,[等级15],[粉丝团 Lv12]
2026-05-20 14:51:44,4165407898869996,每天对被子表白,[捂脸][捂脸][捂脸],[等级5],[粉丝团 Lv2]
2026-05-20 14:51:44,855889974924892,迟遇👑,哈哈哈哈,[等级18],[粉丝团 Lv3]
2026-05-20 14:51:44,111167996121,深山老头,哈哈哈哈哈哈哈哈,[等级32],[粉丝团 Lv16]
2026-05-20 14:51:44,111007266356,🔱守望w,[捂脸][捂脸][捂脸],[等级29],[粉丝团 Lv15]
2026-05-20 14:51:45,1456169111790891,隔壁老王,哈哈哈哈哈哈哈哈哈,[等级16],[粉丝团 Lv7]
2026-05-20 14:51:45,1257437656002798,某某.,哈哈哈哈哈哈哈哈,[等级34],[粉丝团:张君雅 Lv16]
2026-05-20 14:51:46,101942267630,喵喵ღ,[捂脸],[等级13],[粉丝团 Lv10]
2026-05-20 14:51:46,52492725862,haha,哈哈哈哈哈哈,[等级15],[粉丝团 Lv12]
2026-05-20 14:51:46,50475023375,杨小姐•,哈哈哈哈哈,[等级24],[粉丝团 Lv12]
2026-05-20 14:51:46,200580296878250,ο▬▬▬◙▅▅▆▆▆▆◤千,[捂脸][捂脸][捂脸][捂脸][捂脸][捂脸],[等级7],[粉丝团 Lv10]
2026-05-20 14:51:46,82767577094,一只小天时💕,[捂脸],[等级23],[粉丝团 Lv12]
2026-05-20 14:51:46,76496281176,ネфイω,哈哈哈,[等级15],[粉丝团 Lv2]
2026-05-20 14:51:46,3214599237145533,蜜蜂,[捂脸][捂脸][捂脸][捂脸],[等级21],[粉丝团 Lv11]
2026-05-20 14:51:46,1657717621524476,🌈辰,[捂脸][捂脸],[等级12],
2026-05-20 14:51:46,68423550125,Love the way you lie,完了[捂脸][捂脸][捂脸][捂脸][捂脸],[等级15],[粉丝团 Lv11]
2026-05-20 14:51:46,66624217824,᭄自由ঞৣঁ如风᭄🍻,哈哈哈,[等级14],[粉丝团 Lv6]
2026-05-20 14:51:46,590893464955795,111,哈哈哈,[等级1],[粉丝团 Lv4]
2026-05-20 14:51:46,98734754931,㞢㑅丨丨²⁰²⁶,[捂脸][捂脸][捂脸][捂脸],[等级37],
2026-05-20 14:51:46,4133804298743262,ZoriY.,笑死我了,[等级6],
2026-05-20 14:51:46,88718228578,茗堂书法,[看][看][看],[等级26],
2026-05-20 14:51:47,106100661665,H.,[捂脸][捂脸][捂脸],[等级31],[粉丝团 Lv11]
2026-05-20 14:51:47,110277570700,moment—FF,这都不死说不过去,[等级10],[粉丝团 Lv10]
2026-05-20 14:51:47,71088433261,之一,哈哈哈,[等级25],[粉丝团 Lv12]
2026-05-20 14:51:47,486447123275898,枚乘,[看][看][看][看][看],[等级9],[粉丝团 Lv9]
2026-05-20 14:51:48,82197905185,㭍ㄦメ,再来一把,[等级25],[粉丝团 Lv11]
2026-05-20 14:51:48,106851354724,欭惗✨,[捂脸][捂脸][捂脸],[等级10],[粉丝团 Lv8]
2026-05-20 14:51:48,522998917638174,婉婉婉（六马蜂糖李）,哈哈哈哈哈,[等级13],
2026-05-20 14:51:48,94289307618,让世界充满香菜,哈哈哈哈哈哈,[等级18],[粉丝团 Lv12]
2026-05-20 14:51:48,2386378385529776,ღ 念池鱼,[捂脸]520快乐520快乐,[等级16],[粉丝团 Lv3]
2026-05-20 14:51:48,153557319812315,我非池中物,哈哈哈哈哈哈哈哈哈哈,[等级15],[粉丝团 Lv4]
2026-05-20 14:51:48,76296653265,X、Y,哈哈哈哈哈哈哈哈,[等级20],[粉丝团 Lv13]
2026-05-20 14:51:48,63739222882,༺℘静࿚,[捂脸][捂脸][捂脸],[等级24],[粉丝团 Lv11]
2026-05-20 14:51:48,95114696630,楠De小雨天气💦,手枪呢,[等级19],[粉丝团 Lv7]
2026-05-20 14:51:48,479020538140148,.晚安,[微笑][微笑],[等级28],
2026-05-20 14:51:48,1170356650644128,那年冬天风在吹,[捂脸][捂脸],[等级13],
2026-05-20 14:51:48,73901438817,云间向晚🐇,笑死,[等级22],[粉丝团 Lv12]
2026-05-20 14:51:49,51894721128,十亿战神尊魂幡,[捂脸][捂脸][捂脸][捂脸][捂脸],[等级20],[粉丝团 Lv1]
2026-05-20 14:51:49,2817427251145472,每一天都是新的开始,哈哈😂,[等级3],
2026-05-20 14:51:49,99303466159,诀爱,哈哈哈哈哈哈哈,[等级13],[粉丝团 Lv7]
2026-05-20 14:51:49,71384640135,小啊七,完了呀，完了呀,[等级25],[粉丝团 Lv12]
2026-05-20 14:51:49,110787591465,爱心,哈哈哈哈哈,[等级17],
2026-05-20 14:51:50,4494392328730942,珑彁,520快乐,[等级3],[粉丝团 Lv5]
2026-05-20 14:51:50,63217604123,橘子先生,哈哈哈哈哈,[等级20],[粉丝团 Lv2]
2026-05-20 14:51:50,110794595376,麒麟王哥,哈哈哈哈,[等级7],
2026-05-20 14:51:50,111627135581,祈求暴富,哈哈哈哈[看],[等级21],[粉丝团 Lv11]
2026-05-20 14:51:50,61072672391,LLLch,[捂脸][捂脸][捂脸],[等级19],[粉丝团 Lv11]
2026-05-20 14:51:50,60021519637,@@小青龙,浪啊,[等级2],
2026-05-20 14:51:50,67785142948,Miki,[捂脸],[等级25],[粉丝团 Lv10]
2026-05-20 14:51:50,1555176923861092,Breathless,队友是真菜,[等级12],
2026-05-20 14:51:50,772280035849376,🌹罗富贵🌹,[捂脸],[等级29],
2026-05-20 14:51:50,92992288513,昕愿,不服  再来一把,[等级10],[粉丝团 Lv3]
2026-05-20 14:51:50,620579673606238,^ZsZ^,[流泪][流泪][流泪][流泪][流泪],[等级13],[粉丝团 Lv10]
2026-05-20 14:51:51,1005412831464700,大朗 吃药,[捂脸][捂脸][捂脸][捂脸],[等级12],
2026-05-20 14:51:51,93113842956,遇见房缘,哈哈哈哈,[等级8],[粉丝团 Lv8]
2026-05-20 14:51:51,22077196930,王豆豆🧚🏻‍♀️,哈哈哈哈,[等级9],[粉丝团 Lv10]
2026-05-20 14:51:52,54660345705,🌈欣安,[捂脸][捂脸][捂脸],[等级20],[粉丝团 Lv9]
2026-05-20 14:51:52,2884751279037736,夜✘中＆莹@火,[捂脸][捂脸][捂脸][捂脸],[等级20],[粉丝团 Lv15]
2026-05-20 14:51:52,307514755259232,浪子鹏☯️,哈哈哈哈哈哈,[等级31],[粉丝团 Lv10]
2026-05-20 14:51:52,74384873108843,☾⋆᭄ 神说要有光💋,[捂脸][捂脸][捂脸][捂脸],[等级25],[粉丝团 Lv8]
2026-05-20 14:51:52,82387561456,ᥫᦱᐝ夹心🌻⃟⸜土豆泥ཀོ࿐⁵²¹⁶,[捂脸][捂脸][捂脸][捂脸],[等级19],[粉丝团 Lv8]
2026-05-20 14:51:52,7442219576371364922,一撇一捺默写牵挂²⁰²⁶₈₈₈,[流泪][流泪][流泪][流泪],[等级30],
2026-05-20 14:51:52,95788584507,肆月,[捂脸][捂脸][捂脸][捂脸][捂脸],[等级12],[粉丝团 Lv10]
2026-05-20 14:51:52,4133804298743262,ZoriY.,哈哈哈哈,[等级6],
2026-05-20 14:51:52,3239574081649495,用户-34790,哈哈哈,[等级3],
2026-05-20 14:51:52,80340227971,安悠尘my🦌,哈哈哈哈,[等级33],[粉丝团:张君雅 Lv15]
2026-05-20 14:51:52,105600326924,伟少,哈哈哈,[等级10],
2026-05-20 14:51:52,4406462741749927,关你什么柿🍤,加班,[等级11],
2026-05-20 14:51:52,101090120610,小鄭,520快乐,[等级12],
2026-05-20 14:51:53,64082768622,路遥知马力、,[捂脸][捂脸][捂脸][捂脸],[等级27],[粉丝团 Lv10]
2026-05-20 14:51:54,1456169111790891,隔壁老王,万年老二,[等级16],[粉丝团 Lv7]
2026-05-20 14:51:54,109543249043,加贝 ᥫᩣ ᐝ,哈哈哈哈哈哈哈哈哈,[等级6],[粉丝团 Lv10]
2026-05-20 14:51:54,82559473248,¥仁和轩¥,[赞][赞],[等级11],[粉丝团 Lv9]
2026-05-20 14:51:54,96996619230,顺风顺水！,哈哈,[等级12],[粉丝团 Lv11]
2026-05-20 14:51:54,101942267630,喵喵ღ,差一点,[等级13],[粉丝团 Lv10]
2026-05-20 14:51:54,88718228578,茗堂书法,还不如给雷,[等级26],
2026-05-20 14:51:54,63739222882,༺℘静࿚,520快乐520快乐520快乐,[等级24],[粉丝团 Lv11]
2026-05-20 14:51:54,4200585207743172,I·,阿西吧[捂脸]520快乐,[等级11],[粉丝团 Lv4]
2026-05-20 14:51:54,99941077916,你霉柿吧,哈哈哈哈,[等级11],[粉丝团 Lv3]
2026-05-20 14:51:54,95558583638,爸辣辣能量ᝰ,失算了,[等级4],
2026-05-20 14:51:54,4233546532927219,🉑🈶🉑🈚,玩大了吧,[等级20],[粉丝团 Lv10]
2026-05-20 14:51:54,64512837026,柚行了,3把屁股,[等级17],[粉丝团 Lv2]
2026-05-20 14:51:54,2063097460718894,观日落,@BBLB 不正常的啊老铁，他的预瞄没有空过能懂吧，没看到人别人理他三百米他说听到车声了，我战神局都,[等级7],
2026-05-20 14:51:54,3312173389453309,叮叮当,哈哈哈哈哈哈哈哈哈哈,[等级6],[粉丝团 Lv10]
2026-05-20 14:51:54,86568130044,Nღingᰔᩚ,哈啊哈哈,[等级2],
2026-05-20 14:51:55,4242391670471672,@Aminah 🐾,就没有火吗,[等级14],[粉丝团 Lv12]
2026-05-20 14:51:55,81853394936,麗,哎呀呀呀 没事没事 很厉害了宝子,[等级15],[粉丝团 Lv1]
2026-05-20 14:51:55,1618934214435405,壹身傲骨,这个笑死了，倒一个两个不冲,[等级18],
2026-05-20 14:51:55,7577028479742805050,󰠇Dravvle,没到时间,[等级10],
2026-05-20 14:51:55,95421001947,・秋末的落葉・,遗憾下播,[等级11],[粉丝团 Lv9]
2026-05-20 14:51:56,88317117866,老胡。,怎么可能算了呢，哈哈,[等级31],[粉丝团 Lv15]
2026-05-20 14:51:56,69327839525,🌈🏀Duang,[666][666][666],[等级16],
2026-05-20 14:51:56,3012311356015880,像风一样的人,[捂脸][捂脸][捂脸][捂脸][捂脸][捂脸][捂脸][捂脸][捂脸],[等级21],[粉丝团 Lv7]
2026-05-20 14:51:56,716519438552600,暴躁🐻,卵了,[等级2],
2026-05-20 14:51:56,97600677185,晓乔治ovo,急着下班了吗[捂脸],[等级38],[粉丝团 Lv13]
2026-05-20 14:51:56,336921297952564,蝴蝶，7,[舔屏][舔屏],[等级7],[粉丝团 Lv6]
2026-05-20 14:51:56,2828369053095256,上山抓老虎,下班下班,[等级21],
2026-05-20 14:51:56,68176713328,遇事不慌张女士,哈哈哈哈哈哈哈哈哈哈哈哈哈哈哈哈哈哈哈哈,[等级18],[粉丝团 Lv4]
2026-05-20 14:51:56,111007266356,🔱守望w,被妹妹打了[捂脸][捂脸][捂脸],[等级29],[粉丝团 Lv15]
2026-05-20 14:51:56,108050697743,初。  ོ,[捂脸][捂脸][捂脸][捂脸][捂脸][捂脸][捂脸][捂脸][捂脸][捂脸][捂脸][捂脸][捂脸][捂脸][捂脸][捂脸][捂脸][捂脸][捂脸][捂脸][捂脸][捂脸][捂脸][捂脸][捂脸][捂脸][捂脸][捂脸][捂脸][捂脸][捂脸][捂脸][捂脸][捂脸][捂脸][捂脸][捂脸][捂脸][捂脸][捂脸][捂脸][捂脸][捂脸][捂脸][捂脸][捂脸][捂脸][捂脸][捂脸][捂脸],[等级32],[粉丝团 Lv10]
2026-05-20 14:51:56,103786609425,小馬同学吖,爽啦爽啦,[等级14],[粉丝团 Lv10]
2026-05-20 14:51:57,2796812370457612,♥🧡🩵🖤🩶,完美下播,[等级28],[粉丝团 Lv10]
2026-05-20 14:51:57,67862230314,别动,1号你在干啥,[等级8],[粉丝团 Lv4]
2026-05-20 14:51:58,3239574081649495,用户-34790,哈哈哈哈哈哈,[等级3],
2026-05-20 14:51:58,343486129250376,Zzz...,笑死😂,[等级14],[粉丝团 Lv10]
2026-05-20 14:51:58,95897482345,豪仔,没手枪,[等级8],[粉丝团 Lv9]
2026-05-20 14:51:58,1257437656002798,某某.,笑死我了,[等级34],[粉丝团:张君雅 Lv16]
2026-05-20 14:51:58,1983173038445662,星星,手枪🔫,[等级19],[粉丝团 Lv6]
2026-05-20 14:51:58,103217630695,爱吃米线的蜡笔小新,大意了撒,[等级14],[粉丝团 Lv5]
2026-05-20 14:51:58,2817427251145472,每一天都是新的开始,太开心了[捂脸][捂脸][捂脸],[等级3],
2026-05-20 14:51:58,108657379142,婷.,哈哈哈,[等级6],[粉丝团 Lv4]
2026-05-20 14:51:58,1898222809781232,剧剧,哈哈哈哈哈哈哈哈,[等级1],
2026-05-20 14:51:58,68163087016,奈兔,节目效果,[等级11],
2026-05-20 14:51:58,71049066584,流静,那个闪光真好,[等级23],
2026-05-20 14:51:58,80209651294,Hsbxjskk,应该很稳的这把,,
2026-05-20 14:51:59,109089704140,博美柠茶Zzz,西八八八[看][看][看],[等级27],[粉丝团 Lv10]
2026-05-20 14:51:59,110309558713,宝子,哈哈哈,[等级46],[粉丝团 Lv11]
2026-05-20 14:51:59,78650413531,☞初心不变☜,[捂脸][捂脸][捂脸],,
2026-05-20 14:51:59,59270991769,富贵虎,笑死了哈哈哈[捂脸],[等级30],[粉丝团 Lv5]
2026-05-20 14:51:59,68064775249,浮生若梦①清欢,哈哈,[等级12],
2026-05-20 14:51:59,79587710588,≈ahjol≈,[抱紧自己],[等级9],
2026-05-20 14:52:00,60542466599,啦啦啦,哈哈哈哈哈哈哈。笑死了,[等级16],[粉丝团 Lv11]
2026-05-20 14:52:00,486447123275898,枚乘,鸡屁股好吃[捂脸][捂脸][捂脸][捂脸][捂脸],[等级9],[粉丝团 Lv9]
2026-05-20 14:52:00,62900795455,深圳写字楼租赁（创业小助手）,哈哈哈,[等级10],
2026-05-20 14:52:00,2100541821820784,用户7700686737947,打工,[等级11],
2026-05-20 14:52:00,1733297090883171,OK谢谢,这队友,[等级16],[粉丝团 Lv3]
2026-05-20 14:52:00,2172229561625960,好嗨哟,[捂脸][捂脸][捂脸]尽力了,[等级25],[粉丝团 Lv13]
2026-05-20 14:52:00,1917972871656654,🌈玉兔专属兔子窝,封火就吃鸡了,[等级11],[粉丝团 Lv4]
2026-05-20 14:52:00,62279150672,静静,哈哈哈,[等级23],[粉丝团 Lv11]
2026-05-20 14:52:00,7535325015157113913,张君雅的马甲线,完了完了,[等级9],[粉丝团 Lv11]
2026-05-20 14:52:00,72624273628,石头,哈哈,[等级11],[粉丝团 Lv10]
2026-05-20 14:52:00,109424540855,¹₃¹₄ ᥫᩣ ⁵²º ·丹༉,哈哈520快乐,[等级5],[粉丝团 Lv8]
2026-05-20 14:52:01,3239574081649495,用户-34790,哈哈哈哈哈哈哈,[等级3],
2026-05-20 14:52:01,3537608978206186,醉卧揽星辰,哈哈哈哈,[等级20],[粉丝团 Lv10]
2026-05-20 14:52:01,4216008308168697,婷婷,哈哈哈哈哈哈,[等级30],
2026-05-20 14:52:01,3742329618305380,劉_先生,就差一秒,[等级21],[粉丝团 Lv2]
2026-05-20 14:52:01,110908550387,轻风弄舞,[呲牙][呲牙][呲牙][呲牙][呲牙][呲牙],[等级16],
2026-05-20 14:52:01,97471342084,大道至简.,算鸟算鸟,[等级31],
2026-05-20 14:52:01,1537535776403258,浩珀,[捂脸],[等级23],
2026-05-20 14:52:01,96714804652,🌈PB🌈,这叫声真可爱,[等级16],[粉丝团 Lv10]
2026-05-20 14:52:01,95057948694,👉🏾魏你婷留,过于自信[看][看][看],[等级13],[粉丝团 Lv11]
2026-05-20 14:52:02,1195886124998061,小5哥,[666][666][666][666][666],[等级8],
2026-05-20 14:52:02,99029196184,分不清大小王女士,@观日落 你段位多高啊，乐子,[等级24],[粉丝团 Lv11]
2026-05-20 14:52:02,4347941631308224,🧋,好好好,[等级2],
2026-05-20 14:52:02,3140628495207183,🎫 🎖️ 🏅闹闹哥哥,520鸡屁股节。哈哈,[等级21],
2026-05-20 14:52:02,62706834676,𝓜,在来一把,[等级33],[粉丝团 Lv15]
2026-05-20 14:52:03,582102788084313,知进退，明得失,520快乐,[等级6],[粉丝团 Lv10]
2026-05-20 14:52:03,4233546532927219,🉑🈶🉑🈚,鸡屁股真香,[等级20],[粉丝团 Lv10]
2026-05-20 14:52:03,104331740623,已重置,自罚一把,,
2026-05-20 14:52:03,96533472723,ღ零榆,[捂脸][捂脸][捂脸][捂脸],[等级19],[粉丝团 Lv10]
2026-05-20 14:52:03,75965238396,期待,天塌了,[等级12],[粉丝团 Lv3]
2026-05-20 14:52:03,75946247711,只渣人不渣心,不扔雷呢？,[等级30],[粉丝团 Lv10]
2026-05-20 14:52:03,62135196756,赵珩哲,抖音记录美好生活,[等级33],
2026-05-20 14:52:03,828355348009796,Gf,这队友真牛逼,,
2026-05-20 14:52:03,4499643040531264,yiqi7,怎么回事,[等级12],[粉丝团 Lv11]
2026-05-20 14:52:03,3081266249862527,糯米,哈哈哈,[等级5],[粉丝团 Lv7]
2026-05-20 14:52:03,101090120610,小鄭,好有节目,[等级12],
2026-05-20 14:52:04,3353966792942347,Serendipity,笑死了,[等级3],
2026-05-20 14:52:04,75630048642,🐷慢慢习惯🐷,还有一把,[等级20],[粉丝团 Lv11]
2026-05-20 14:52:05,104949219901,雾散,西爸,[等级13],
2026-05-20 14:52:05,2374581273240231,61，,不是有雷子嘛,[等级20],
2026-05-20 14:52:05,1925946394542558,bond,西八shake it[捂脸],[等级20],
2026-05-20 14:52:05,111108974387,巴卡巴卡,大哥为啥要上来呀哈哈,[等级10],[粉丝团 Lv3]
2026-05-20 14:52:05,1095568017597151,@彭水大转盘牛杂汤锅,哎呀,[等级2],
2026-05-20 14:52:05,103790275797,广说,小小主播拿捏！,[等级8],[粉丝团 Lv9]
2026-05-20 14:52:05,30395146701315,我钱肤         ༽      ╲,姜子牙牛逼,[等级24],[粉丝团 Lv10]
2026-05-20 14:52:05,4164599867516798,冰吻予思,还能打一把,[等级20],[粉丝团 Lv13]
2026-05-20 14:52:05,71126905166,抖音小肋手,[捂脸][捂脸][捂脸],[等级11],[粉丝团 Lv10]
2026-05-20 14:52:05,102718285717,子宸（地铁逃生）,小房间补一箭不好吗[捂脸],[等级15],[粉丝团 Lv10]
2026-05-20 14:52:05,102826889473,☆ytz☆,算了不说了,[等级18],[粉丝团 Lv12]
2026-05-20 14:52:05,65783930879,予栖,掐累了,[等级14],[粉丝团 Lv9]
2026-05-20 14:52:06,76707525955,青城山-十三月客栈。🎐,再来一把,[等级12],[粉丝团 Lv3]
2026-05-20 14:52:06,336921297952564,蝴蝶，7,[捂脸][捂脸][捂脸][捂脸][捂脸],[等级7],[粉丝团 Lv6]
2026-05-20 14:52:06,4111816220477396,瓶起子,好白,[等级16],[粉丝团 Lv1]
2026-05-20 14:52:06,58035845822,小猫讨厌你,哈哈哈哈哈哈,[等级1],
2026-05-20 14:52:06,96088623470,空白King°,哈哈,[等级14],[粉丝团 Lv10]
2026-05-20 14:52:07,61836860811,李知恩ovo,加班,[等级11],
2026-05-20 14:52:07,3355313257326334,幺哥⛅,鸡屁股真香,[等级37],[粉丝团 Lv13]
2026-05-20 14:52:07,99036159387,乐之,队友有点可惜,[等级16],[粉丝团 Lv4]
2026-05-20 14:52:07,106629511529,大伟,[看][看][看][看],[等级26],[粉丝团 Lv11]
2026-05-20 14:52:07,82767577094,一只小天时💕,哪有手枪啊,[等级23],[粉丝团 Lv12]
2026-05-20 14:52:07,2522713077852553,✨陈✨,哈哈,[等级16],[粉丝团 Lv11]
2026-05-20 14:52:07,1794029961617984,酃,进去就睡了,[等级17],[粉丝团 Lv12]
2026-05-20 14:52:07,350067274032176,枫,在来一把[大笑],[等级34],
2026-05-20 14:52:07,52727051848,玫瑰,哈哈哈哈哈哈哈,[等级30],[粉丝团 Lv9]
2026-05-20 14:52:07,94243579246,安康伴余生`足矣,钢枪好像还带提高,[等级3],
2026-05-20 14:52:08,74273567425,妮妮,这，,[等级21],[粉丝团 Lv5]
2026-05-20 14:52:08,97049803950,陷阱ಡωಡ,大意了,[等级4],
2026-05-20 14:52:08,65399001507,顺风顺水顺路,520吃鸡屁股大餐[捂脸],[等级10],[粉丝团 Lv11]
2026-05-20 14:52:08,59230417640,孟婆来碗汤,[捂脸][捂脸][捂脸][捂脸][捂脸],[等级17],[粉丝团 Lv10]
2026-05-20 14:52:08,109089704140,博美柠茶Zzz,哈哈哈哈哈哈,[等级27],[粉丝团 Lv10]
2026-05-20 14:52:09,483388181187645,小王,他演你,[等级15],[粉丝团 Lv12]
2026-05-20 14:52:09,105132600766,适可而止,就知道打药,,
2026-05-20 14:52:09,59481325178,风汐泪,哎！今天这是咋了,,
2026-05-20 14:52:09,91633409311,财气顺,哈哈哈哈哈哈,[等级12],[粉丝团 Lv2]
2026-05-20 14:52:09,61826877743,嫡长子,快开,[等级20],[粉丝团 Lv3]
2026-05-20 14:52:09,3109060081367623,happy…………,不打药就好了,[等级13],
2026-05-20 14:52:09,448245226810199,OnlyYou↔,猫局昨晚两连赏金鸡，你这二连鸡屁股[捂脸],[等级12],[粉丝团 Lv10]
2026-05-20 14:52:09,97313259063,托塔勇,队友的爆闪用的相当好。,[等级11],
2026-05-20 14:52:09,98734754931,㞢㑅丨丨²⁰²⁶,[捂脸][捂脸][捂脸][捂脸][捂脸][捂脸],[等级37],
2026-05-20 14:52:09,86568130044,Nღingᰔᩚ,哈哈,[等级2],
2026-05-20 14:52:09,3239574081649495,用户-34790,鸡屁股香,[等级3],
2026-05-20 14:52:10,109109492047,z浩哥,打到一个，应该扔🔥,[等级7],
2026-05-20 14:52:10,3259400131708952,🌈_ღ大勇,[看][看],[等级8],[粉丝团 Lv10]
2026-05-20 14:52:11,58802849496,零 .,[惊喜],[等级14],
2026-05-20 14:52:11,4200585207743172,I·,鸡屁股吃饱了,[等级11],[粉丝团 Lv4]
2026-05-20 14:52:11,82656679549,奥特曼,麦都喊炸了,[等级21],[粉丝团 Lv10]
2026-05-20 14:52:11,99152886410,兀𠤎,蒜了蒜了都不容易[捂脸][捂脸][捂脸][捂脸],[等级27],[粉丝团 Lv8]
2026-05-20 14:52:11,84434551512,蓝兮,鸡屁股好吃,[等级18],[粉丝团 Lv1]
2026-05-20 14:52:11,79587710588,≈ahjol≈,可惜可惜,[等级9],
2026-05-20 14:52:11,896828231649432,修缘,[捂脸][捂脸][捂脸][捂脸][捂脸]我去国粹都出口了,,
2026-05-20 14:52:11,67997893211,粤乐不息,人机队友,[等级13],[粉丝团 Lv1]
2026-05-20 14:52:11,98349299658,刚刚@好,为啥我看不见人啊,[等级26],
2026-05-20 14:52:12,132399380304215,百分之二,1号为了抢人头，给了对方勇气,[等级13],[粉丝团 Lv10]
2026-05-20 14:52:12,68423550125,Love the way you lie,[捂脸][捂脸][捂脸][捂脸][捂脸][捂脸],[等级15],[粉丝团 Lv11]
2026-05-20 14:52:12,69961190567,三亚第二深情,再打一把，速度,[等级2],
2026-05-20 14:52:12,74393086871,花开忘忧,[捂脸][捂脸][捂脸][捂脸],[等级8],[粉丝团 Lv9]
2026-05-20 14:52:12,7443467011387458618,骨阿夫特嫩,又一个卧底[捂脸][捂脸][捂脸],[等级29],
2026-05-20 14:52:12,72923426251,不亖,完了，要耻辱下播了,[等级36],[粉丝团 Lv8]
2026-05-20 14:52:12,350067274032176,枫,在来一把,[等级34],
2026-05-20 14:52:13,63222002360,🎀 T·Sept.⁰¹ Vir☁️,鸡屁股更香[捂脸],[等级36],[粉丝团 Lv17]
2026-05-20 14:52:13,420439951417747,zzk,怎么才加5,[等级25],
2026-05-20 14:52:13,52623044023,AUV,千年老二,[等级15],[粉丝团 Lv11]
2026-05-20 14:52:13,483388181187645,小王,哈哈哈哈哈,[等级15],[粉丝团 Lv12]
2026-05-20 14:52:13,72892791439,忧郁小王子,哈哈,[等级2],
2026-05-20 14:52:13,103217630695,爱吃米线的蜡笔小新,大意了，本来吃了的,[等级14],[粉丝团 Lv5]
2026-05-20 14:52:14,50883721471,🤹‍♀️奣.菿.烎.夯⬅️,鸡🐔屁股吃到吐[鼓掌][鼓掌],[等级34],[粉丝团 Lv13]
2026-05-20 14:52:14,2714030567341812,用户303020090426,鸡屁股是活肉[鼓掌],[等级6],[粉丝团 Lv6]
2026-05-20 14:52:14,11641859069,著名艺术家,哈哈哈哈哈哈哈哈,[等级21],
2026-05-20 14:52:15,95115965858,Y☜☜P,队友在楼下射爆炸工就好了[捂脸][捂脸],[等级25],
2026-05-20 14:52:15,2875912939641764,封心,拉2号,[等级1],
2026-05-20 14:52:15,1654084920948256,无所谓,为啥炸倒了不上呢,[等级3],
2026-05-20 14:52:15,4366903906403820,疾风亦有归途！,鸡屁股[色],[等级9],[粉丝团 Lv4]
2026-05-20 14:52:15,61826877743,嫡长子,还有一把,[等级20],[粉丝团 Lv3]
2026-05-20 14:52:15,100507987017,生猪收购,大意了,[等级14],[粉丝团 Lv1]
2026-05-20 14:52:15,2727233559468956,最美的相遇,为啥不直接上呢 不就赢了,[等级3],
2026-05-20 14:52:15,98286879051,Mister.Li 🐾,有味儿,[等级3],[粉丝团 Lv3]
2026-05-20 14:52:16,2817427251145472,每一天都是新的开始,哈哈😂,[等级3],
2026-05-20 14:52:16,4459243629712462,永( ˝ᗢ̈˝ )²⁴⁹,香,[等级24],[粉丝团 Lv13]
2026-05-20 14:52:16,4310549579694780,@你,爱吃苏丹红,[等级15],[粉丝团 Lv10]
2026-05-20 14:52:17,3316561565464253,筱商²⁰²⁶💪,[鼓掌][鼓掌][鼓掌],[等级18],[粉丝团 Lv12]
2026-05-20 14:52:17,85420740251,小静,[呲牙][呲牙][呲牙],[等级19],[粉丝团 Lv10]
2026-05-20 14:52:17,100459313206,莉枝,你看你又急,[等级17],[粉丝团 Lv10]
2026-05-20 14:52:17,350067274032176,枫,在来一把,[等级34],
2026-05-20 14:52:17,2063097460718894,观日落,@爱小猪 我不会玩儿，我能感觉他是g吗兄弟,[等级7],
2026-05-20 14:52:18,2057892881507176,鲸哥哥,张老黑[赞],[等级13],[粉丝团 Lv6]
2026-05-20 14:52:18,71126905166,抖音小肋手,[捂脸][捂脸][捂脸][捂脸],[等级11],[粉丝团 Lv10]
2026-05-20 14:52:18,1003205268617283,左右言它,鸡屁股没有经[捂脸][捂脸][捂脸],[等级25],[粉丝团 Lv8]
2026-05-20 14:52:18,200580296878250,ο▬▬▬◙▅▅▆▆▆▆◤千,鸡屁股好吃[捂脸],[等级7],[粉丝团 Lv10]
2026-05-20 14:52:18,68422483360,深情不及久伴,@观日落 妈耶，在这里装什么啊，你有本事开直播啊，来我们看看你段位多牛逼啊，自己在这里嫉妒的面目全非,[等级25],[粉丝团 Lv11]
2026-05-20 14:52:18,7442219576371364922,一撇一捺默写牵挂²⁰²⁶₈₈₈,鸡屁股又臭又香,[等级30],
2026-05-20 14:52:18,97544181368,杀敌伍佰,到嘴的鸡没了,[等级29],[粉丝团 Lv15]
2026-05-20 14:52:19,2005142166316856,fgg,鸡屁股油多[捂脸],[等级8],[粉丝团 Lv4]
2026-05-20 14:52:19,7450110997022393401,保护水晶,万能老二,[等级4],[粉丝团 Lv5]
2026-05-20 14:52:19,111156712881,有把妹天赋,[发呆][捂脸],[等级19],[粉丝团 Lv10]
2026-05-20 14:52:19,102057833976,就事论事,鸡屁股油大,[等级7],[粉丝团 Lv9]
2026-05-20 14:52:19,111548021631,啊噗噗噗,🈶脆骨[捂脸],[等级13],[粉丝团 Lv11]
2026-05-20 14:52:19,65880080502,@Miss.林,鸡屁股一样价值高,[等级21],
2026-05-20 14:52:19,7612951911537198138,一条锦鲤游啊游～,队友是对面的[看],[等级6],[粉丝团 Lv3]
2026-05-20 14:52:19,104940665492,一路向杨🌞,可以等刷圈的[捂脸],[等级9],
2026-05-20 14:52:19,3248427747517132,Z.zy,羁绊,[等级3],
2026-05-20 14:52:20,60542466599,啦啦啦,什么？,[等级16],[粉丝团 Lv11]
2026-05-20 14:52:20,100179063750,163广播站,红烧鸡屁股,[等级9],[粉丝团 Lv6]
2026-05-20 14:52:21,110133575047,阳,[捂脸][捂脸][捂脸],[等级1],[粉丝团 Lv2]
2026-05-20 14:52:21,2648042028140108,筱董董玉,据说鸡屁股有毒,[等级2],[粉丝团 Lv2]
2026-05-20 14:52:21,69744655621,满山的猴子我腚最红❤,想K头的心,[等级5],
2026-05-20 14:52:21,3248405080443802,🌈✨✨好运連連✨✨🍀,我能说你菜不,[等级15],[粉丝团 Lv1]
2026-05-20 14:52:21,97396347396,男神鲜,哈哈哈,[等级22],[粉丝团 Lv11]
2026-05-20 14:52:21,93298324846,101,鸡屁股肉香，尤其是鸡尖,[等级22],[粉丝团 Lv12]
2026-05-20 14:52:22,98001893197,很哇塞的狐狸精,鸡屁股脆,[等级1],[粉丝团 Lv3]
2026-05-20 14:52:22,3248427747517132,Z.zy,加班,[等级3],
2026-05-20 14:52:23,62734391135,涂涂姐、🍻,哈哈,[等级6],[粉丝团 Lv9]
2026-05-20 14:52:23,103930093386,用户安,牙口好[捂脸],[等级4],
2026-05-20 14:52:23,1794029961617984,酃,晚上见,[等级17],[粉丝团 Lv12]
2026-05-20 14:52:23,81186763431,树洞躲只小松鼠,本来没问题的,[等级20],
2026-05-20 14:52:23,3038702140400295,螺蛳粉公主,再来一把,[等级5],[粉丝团 Lv1]
2026-05-20 14:52:23,98246735303,妈妈说名字长才有美女聊天,香[捂脸],[等级28],[粉丝团 Lv2]
2026-05-20 14:52:23,109557373358,㿝児了,屁股蛋肉香,[等级8],[粉丝团 Lv4]
2026-05-20 14:52:23,52727051848,玫瑰,再打一把,[等级30],[粉丝团 Lv9]
2026-05-20 14:52:23,63739222882,༺℘静࿚,鸡屁股臭香臭香的,[等级24],[粉丝团 Lv11]
2026-05-20 14:52:23,3935839844571848,慕,再来一把,[等级40],[粉丝团 Lv9]
2026-05-20 14:52:24,108160051507,野猫,又是耻辱的下班的一天,[等级30],[粉丝团 Lv10]
2026-05-20 14:52:24,88189479440,三宝哥🐟🐟🐟,鸡屁股骚气十足,[等级23],[粉丝团 Lv5]
2026-05-20 14:52:24,104565631300,十八子,和鸡屁股干上了[捂脸][捂脸][捂脸],[等级24],[粉丝团 Lv11]
2026-05-20 14:52:24,65783930879,予栖,再来一把,[等级14],[粉丝团 Lv9]
2026-05-20 14:52:24,82387561456,ᥫᦱᐝ夹心🌻⃟⸜土豆泥ཀོ࿐⁵²¹⁶,[捂脸],[等级19],[粉丝团 Lv8]
2026-05-20 14:52:24,59876372209,那个男人,提前下班  不可能  [看][看][看],[等级41],[粉丝团 Lv5]
2026-05-20 14:52:24,96361078023,.....,没到时间继续,[等级25],[粉丝团 Lv13]
2026-05-20 14:52:25,65773065645,甜甜的棉花糖,大意了,[等级4],
2026-05-20 14:52:25,620579673606238,^ZsZ^,我觉得蹲到外面围墙稳稳吃鸡,[等级13],[粉丝团 Lv10]
2026-05-20 14:52:25,2692063934820510,心④海,队友不行啊,[等级16],[粉丝团 Lv3]
2026-05-20 14:52:25,94625269934,渤海王,但凡有个爷们枪也好了,[等级19],[粉丝团 Lv13]
2026-05-20 14:52:26,61505796891,✨g.,速度啊 别早退,[等级14],[粉丝团 Lv1]
2026-05-20 14:52:26,92461848227,煜,哈哈哈哈哈哈哈,[等级13],[粉丝团 Lv11]
2026-05-20 14:52:26,3742329618305380,劉_先生,这不吃鸡得气死,[等级21],[粉丝团 Lv2]
2026-05-20 14:52:26,377872378238127,王哪跑，往冬跑,掌中宝,[等级12],[粉丝团 Lv11]
2026-05-20 14:52:26,97438866789,晚风🌾,鸡屁股油香油香的,[等级15],
2026-05-20 14:52:26,22212740075,十五,有独特的味道，好吃,[等级14],[粉丝团 Lv11]
2026-05-20 14:52:26,1398998223038224,命运,鸡屁股都是精华,[等级24],
2026-05-20 14:52:26,111551681754,金马踏清,算了算了，都不泳衣,[等级11],[粉丝团 Lv6]
2026-05-20 14:52:27,110908550387,轻风弄舞,[呲牙][呲牙][呲牙][呲牙][呲牙],[等级16],
2026-05-20 14:52:27,109166498423,tt,全是肉[捂脸][捂脸][捂脸][捂脸],,
2026-05-20 14:52:27,66906676570,贾龙腾_,瞌睡都被你吓没了[看],[等级21],
2026-05-20 14:52:27,63739222882,༺℘静࿚,哈哈哈😁,[等级24],[粉丝团 Lv11]
2026-05-20 14:52:28,3949085332084468,点横撇捺不是六,两把鸡两把鸡屁股[呲牙],[等级16],[粉丝团 Lv13]
2026-05-20 14:52:28,4406462741749927,关你什么柿🍤,加班,[等级11],
2026-05-20 14:52:29,2386378385529776,ღ 念池鱼,白天的局太难打,[等级16],[粉丝团 Lv3]
2026-05-20 14:52:29,92992288513,昕愿,队友应该不知道人在哪里  进去就被打,[等级10],[粉丝团 Lv3]
2026-05-20 14:52:29,100456670503,眼泪,加班,[等级18],[粉丝团 Lv5]
2026-05-20 14:52:29,104504072947,武破虚空,滂臭鸡屁股,[等级11],
2026-05-20 14:52:29,106805441138,常规赛,注意喉咙,[等级14],[粉丝团 Lv11]
2026-05-20 14:52:29,80179434962,悟空,耻辱下播[捂脸],[等级16],[粉丝团 Lv13]
2026-05-20 14:52:29,98177409430,那个汉子,在来把,[等级10],[粉丝团 Lv10]
2026-05-20 14:52:29,3544449118126824,爱吃醋的李,再来一把,[等级25],[粉丝团 Lv11]
2026-05-20 14:52:29,96361078023,.....,别拖延时间,[等级25],[粉丝团 Lv13]
2026-05-20 14:52:29,2118085911251435,风带走的记忆,快开，没到下班时间呢[发呆],[等级34],
2026-05-20 14:52:29,1794029961617984,酃,休息去吧,[等级17],[粉丝团 Lv12]
2026-05-20 14:52:30,7422148882421662782,颜色花火火,再来,[等级10],[粉丝团 Lv3]
2026-05-20 14:52:30,2692063934820510,心④海,太冲动了,[等级16],[粉丝团 Lv3]
2026-05-20 14:52:31,51821650091,羁绊。,天塌了,[等级11],[粉丝团 Lv10]
2026-05-20 14:52:31,1407848110886224,鑫鑫,不吃鸡不下播,[等级9],[粉丝团 Lv4]
2026-05-20 14:52:31,2809942347884940,鱼香肉斯,继续继续,[等级11],[粉丝团 Lv9]
2026-05-20 14:52:31,1680529252941859,習慣孤獨,怎么一来就看到捂肚肚了[捂脸][捂脸][捂脸],[等级5],
2026-05-20 14:52:31,486447123275898,枚乘,别磨时间，再来一把,[等级9],[粉丝团 Lv9]
2026-05-20 14:52:31,111108974387,巴卡巴卡,下了吧,[等级10],[粉丝团 Lv3]
2026-05-20 14:52:31,1442975144749371,骑士,🐓屁股,[等级23],[粉丝团 Lv8]
2026-05-20 14:52:31,103080271781,金刚狼,不能早退,[等级13],[粉丝团 Lv11]
2026-05-20 14:52:31,452620019045336,🍀、,直接拿枪冲进去就赢了 还没打上药应该,[等级11],[粉丝团 Lv10]
2026-05-20 14:52:31,64082768622,路遥知马力、,开啊开啊,[等级27],[粉丝团 Lv10]
2026-05-20 14:52:31,465795165197784,果果冻,再玩一把,[等级2],
2026-05-20 14:52:32,75758359711,上善若水,再来半把,[等级18],
2026-05-20 14:52:32,92461848227,煜,再来一把,[等级13],[粉丝团 Lv11]
2026-05-20 14:52:32,3239574081649495,用户-34790,继续继续,[等级3],
2026-05-20 14:52:33,91818723857,怘朲,别浪费时间,[等级32],[粉丝团 Lv5]
2026-05-20 14:52:33,83646690359,এ᭄᭄🌹小二丫🌹ృ,再来一把,[等级14],[粉丝团 Lv11]
2026-05-20 14:52:33,3248427747517132,Z.zy,加班加班,[等级3],
2026-05-20 14:52:33,3944681332022525,小咔啦咪,算鸟算鸟,[等级37],[粉丝团 Lv2]
2026-05-20 14:52:33,3394899074375095,繁星、,哈哈哈终于噶了,[等级31],[粉丝团 Lv9]
2026-05-20 14:52:33,52727051848,玫瑰,再来一把，吃鸡下班,[等级30],[粉丝团 Lv9]
2026-05-20 14:52:34,99372859314,启  夏,@楠De小雨天气💦 她空投都没捡，哪来的🔫[捂脸],[等级25],[粉丝团 Lv15]
2026-05-20 14:52:35,57140411841,唯美的男人ぜ,开始,[等级19],[粉丝团 Lv1]
2026-05-20 14:52:35,7352270236118385726,神秘人,你喜欢吃筋,,
2026-05-20 14:52:35,67094084868,@海参,哪里还有火,[等级17],
2026-05-20 14:52:36,62828234454,躺平壹歌,对方P90,[等级11],
2026-05-20 14:52:36,1772027224538107,LO乁雷,绷不住了笑死，[捂脸]天天吃鸡屁股肥的流油,[等级25],
2026-05-20 14:52:36,2648042028140108,筱董董玉,以后少吃点520快乐520快乐,[等级2],[粉丝团 Lv2]
2026-05-20 14:52:37,452620019045336,🍀、,加班不,[等级11],[粉丝团 Lv10]
2026-05-20 14:52:37,82197905185,㭍ㄦメ,快开,[等级25],[粉丝团 Lv11]
2026-05-20 14:52:37,101065533023,🌈冷漠,再来一把,[等级19],[粉丝团 Lv10]
2026-05-20 14:52:37,100941421581,迁就你一生*,快开,[等级13],[粉丝团 Lv10]
2026-05-20 14:52:37,69513036064,小小韩,下班休息吃饭吧亲亲,[等级13],[粉丝团 Lv10]
2026-05-20 14:52:37,1662057242704557,简单点,520快乐,[等级16],[粉丝团 Lv10]
2026-05-20 14:52:37,1236323547745822,前程似锦,还没下班在开,[等级4],[粉丝团 Lv4]
2026-05-20 14:52:37,101658941422,锋,开,[等级37],[粉丝团 Lv9]
2026-05-20 14:52:37,4406462741749927,关你什么柿🍤,再吃一把鸡,[等级11],
2026-05-20 14:52:38,4194001283195769,暴露出来了吗,贴脸是唯一弱点,,
2026-05-20 14:52:38,75225809764,香菇酱炒饭,是我坑了,[等级26],
2026-05-20 14:52:38,103790275797,广说,珍爱生命远离队友,[等级8],[粉丝团 Lv9]
2026-05-20 14:52:38,2524080048712931,H,加班,[等级5],
2026-05-20 14:52:38,747307397549320,💗樂朵💗,再打一局,[等级6],[粉丝团 Lv8]
2026-05-20 14:52:38,433645488965203,@梆硬¹⁰²⁸,时间还没到,[等级20],
2026-05-20 14:52:38,91818723857,怘朲,快点开始,[等级32],[粉丝团 Lv5]
2026-05-20 14:52:38,2063097460718894,观日落,@深情不及久伴 要对掏不？,[等级7],
2026-05-20 14:52:39,106839311116,迟荛,鸡屁股肉活动肉,[等级22],[粉丝团 Lv6]
2026-05-20 14:52:39,68176713328,遇事不慌张女士,不吃一把不下播,[等级18],[粉丝团 Lv4]
2026-05-20 14:52:39,1805822244161964,七安,快开 还有八分钟,[等级2],
2026-05-20 14:52:39,4022473420183417,在烂泥堆里摆烂,鸡屁股比较香,[等级10],
2026-05-20 14:52:40,108061796612,浮生か醉清风古,应该等圈,[等级14],[粉丝团 Lv7]
2026-05-20 14:52:40,7450110997022393401,保护水晶,加个班,[等级4],[粉丝团 Lv5]
2026-05-20 14:52:40,84819817227,🌈幼稚,520快乐,[等级12],[粉丝团 Lv8]
2026-05-20 14:52:40,1442975144749371,骑士,再开一把,[等级23],[粉丝团 Lv8]
2026-05-20 14:52:40,87441440892,大雨*,别早退哈,[等级21],
2026-05-20 14:52:40,633752899038180,九千七*,哈哈哈,[等级14],[粉丝团 Lv4]
2026-05-20 14:52:40,103867771976,时@光,再来一遍,[等级15],[粉丝团 Lv3]
2026-05-20 14:52:40,68253465801,无名009,等缩圈，稳吃鸡,[等级15],[粉丝团 Lv12]
2026-05-20 14:52:41,3239574081649495,用户-34790,还没下班呢,[等级3],
2026-05-20 14:52:41,78772150218759,今晚他不回家🤪,520快乐520快乐520快乐,[等级2],
2026-05-20 14:52:41,764858599219059,⭐️人王疋虫⭐️⁵¹⁰⁷⁴,今天直播就到这里吧[捂脸][捂脸][捂脸],[等级34],[粉丝团 Lv16]
2026-05-20 14:52:42,4234961546120936,飞仔,笑到眼泪出来了[捂脸][捂脸],[等级25],[粉丝团 Lv10]
2026-05-20 14:52:42,101065533023,🌈冷漠,再来一把,[等级19],[粉丝团 Lv10]
2026-05-20 14:52:42,3746724026530539,因果,只能你天天揍人，不能别人揍你[呲牙][呲牙],[等级14],[粉丝团 Lv6]
2026-05-20 14:52:42,111138612235,由浅及深,还有八分怎么说,[等级25],[粉丝团 Lv9]
2026-05-20 14:52:42,2386378385529776,ღ 念池鱼,不是我们实力不行，是对手太狡猾,[等级16],[粉丝团 Lv3]
2026-05-20 14:52:42,60856252546,文文吖,愤开一把,[等级14],[粉丝团 Lv12]
2026-05-20 14:52:42,65031469340,放飞我心,下班了,[等级11],[粉丝团 Lv8]
2026-05-20 14:52:42,101094843998,『🐒🐒』,开，还能开一局[捂脸][捂脸][捂脸],[等级19],[粉丝团 Lv12]
2026-05-20 14:52:43,4055422080920288,enjej,快开,[等级2],
2026-05-20 14:52:43,433645488965203,@梆硬¹⁰²⁸,还有一把,[等级20],
2026-05-20 14:52:43,102469975321,✨名门⭐️,聊个五块钱的！,[等级19],[粉丝团 Lv15]
2026-05-20 14:52:44,101658941422,锋,继续,[等级37],[粉丝团 Lv9]
2026-05-20 14:52:44,77684077842,🍊cc,感觉今天心情很好,[等级25],[粉丝团:张君雅 Lv12]
2026-05-20 14:52:45,1257437656002798,某某.,你看你又急,[等级34],[粉丝团:张君雅 Lv16]
2026-05-20 14:52:45,62729762489,BBLB,@观日落 玩的好就是挂?,[等级12],[粉丝团 Lv12]
2026-05-20 14:52:46,4188467534758091,蚊子-,快开,[等级7],[粉丝团 Lv5]
2026-05-20 14:52:46,7442219576371364922,一撇一捺默写牵挂²⁰²⁶₈₈₈,开啊,[等级30],
2026-05-20 14:52:46,2230265183486739,♞.,没到点呢,[等级22],[粉丝团 Lv6]
2026-05-20 14:52:46,87335995726,涛哥哥,没到点呢,[等级6],[粉丝团 Lv2]
2026-05-20 14:52:46,1900427196767240,元霸,贴脸还爆炸弓就看不明白,[等级14],[粉丝团 Lv7]
2026-05-20 14:52:46,3012311356015880,像风一样的人,遗憾下班。,[等级21],[粉丝团 Lv7]
2026-05-20 14:52:46,57140411841,唯美的男人ぜ,快玩吧,[等级19],[粉丝团 Lv1]
2026-05-20 14:52:46,52727051848,玫瑰,再来一把，吃鸡下班,[等级30],[粉丝团 Lv9]
2026-05-20 14:52:46,105940185014,走肖公子,加班,[等级22],
2026-05-20 14:52:46,104435469892,COCO,开,[等级26],[粉丝团 Lv11]
2026-05-20 14:52:47,111108974387,巴卡巴卡,今天状态不行，下了吧,[等级10],[粉丝团 Lv3]
2026-05-20 14:52:47,2220639168496084,Mark•X 罗,加班,[等级7],
2026-05-20 14:52:47,101065533023,🌈冷漠,再来一把[捂脸],[等级19],[粉丝团 Lv10]
2026-05-20 14:52:47,7450110997022393401,保护水晶,加个班,[等级4],[粉丝团 Lv5]
2026-05-20 14:52:48,1710477989655699,❤亮❤,弥补遗憾在来一局[鼓掌][鼓掌][鼓掌][鼓掌][鼓掌],[等级16],[粉丝团 Lv15]
2026-05-20 14:52:48,64082768622,路遥知马力、,开开开开,[等级27],[粉丝团 Lv10]
2026-05-20 14:52:48,60531877371,远望LED媒体发布,有不是不下来,[等级13],
2026-05-20 14:52:48,76440545396,🌈 三毛1234567,跑上去干嘛等着他们下来,[等级16],[粉丝团 Lv10]
2026-05-20 14:52:49,82197905185,㭍ㄦメ,又想提前下班,[等级25],[粉丝团 Lv11]
2026-05-20 14:52:49,60760705973,二夫子,速度再弄一把,[等级15],[粉丝团 Lv9]
2026-05-20 14:52:49,61505796891,✨g.,别谢了 赶紧开一把,[等级14],[粉丝团 Lv1]
2026-05-20 14:52:49,68659738942,我想中大奖,520快乐,[等级17],[粉丝团 Lv13]
2026-05-20 14:52:50,107682227126,💕₅²⁰凌乱^O^记忆❤️🌹¹ᶟ₁₄,520快乐不重要了，该下班了,[等级26],[粉丝团 Lv12]
2026-05-20 14:52:50,1952385340554455,豫立 亨通,手拿把掐，结果[赞],[等级3],
2026-05-20 14:52:50,97742169729,☀️☀️☀️,谁在说话,[等级15],[粉丝团 Lv9]
2026-05-20 14:52:50,105977455851287,通缉猫,早退？,[等级20],[粉丝团 Lv8]
2026-05-20 14:52:50,111438249801,吴哈妮,屁股 天天拉 纯肌肉,[等级20],[粉丝团 Lv11]
2026-05-20 14:52:51,88745690242,iiii,在下面丢雷多好他们又快没圈了,[等级11],
2026-05-20 14:52:51,2009563192628787,木易,再来一局,[等级10],[粉丝团 Lv8]
2026-05-20 14:52:51,104435469892,COCO,开,[等级26],[粉丝团 Lv11]
2026-05-20 14:52:51,4174191275816300,我的海飞丝呢,又要下了,[等级19],[粉丝团 Lv1]
2026-05-20 14:52:52,1075773400438494,还会再见吗,吃一把鸡，下班,[等级3],[粉丝团 Lv6]
2026-05-20 14:52:52,1710477989655699,❤亮❤,弥补遗憾在来一局[鼓掌][鼓掌][鼓掌][鼓掌][鼓掌],[等级16],[粉丝团 Lv15]
2026-05-20 14:52:52,61226959541,路人甲的煽情༊,鸡屁股也很厉害了,[等级23],[粉丝团 Lv8]
2026-05-20 14:52:52,59260357003,✨罗某某✨,早退,[等级18],[粉丝团 Lv11]
2026-05-20 14:52:52,103790275797,广说,没队友可能还吃上了,[等级8],[粉丝团 Lv9]
2026-05-20 14:52:53,817626958271662,老烟枪,开,[等级31],[粉丝团 Lv9]
2026-05-20 14:52:53,272310945460360,TA叫冷漠,赶紧开，别拖时长,,
2026-05-20 14:52:53,79587710588,≈ahjol≈,队友太送了,[等级9],
2026-05-20 14:52:53,63027055055,美女社社长,酒店等你,[等级2],
2026-05-20 14:52:54,100941421581,迁就你一生*,还没到点,[等级13],[粉丝团 Lv10]
2026-05-20 14:52:54,2473271260352644,estoo,520快乐,[等级4],
2026-05-20 14:52:54,210734066705198,彼岸-海棠,最后用枪，早搞死了！[捂脸][捂脸][捂脸],[等级14],[粉丝团 Lv12]
2026-05-20 14:52:54,83972042163,姑娘我天生傲骨,不完美下播,[等级1],
2026-05-20 14:52:54,3626618449050856,琦,现在不开，晚上就加班,[等级19],
2026-05-20 14:52:54,7450110997022393401,保护水晶,加个班,[等级4],[粉丝团 Lv5]
2026-05-20 14:52:54,97438866789,晚风🌾,再来一把,[等级15],
2026-05-20 14:52:55,95450137991,开心,加班不,[等级21],[粉丝团 Lv4]
2026-05-20 14:52:55,100507987017,生猪收购,直接冲过去着也行，真大意了，,[等级14],[粉丝团 Lv1]
2026-05-20 14:52:56,1710477989655699,❤亮❤,弥补遗憾在来一局[鼓掌][鼓掌][鼓掌][鼓掌][鼓掌],[等级16],[粉丝团 Lv15]
2026-05-20 14:52:56,4310549579694780,@你,还能来一下,[等级15],[粉丝团 Lv10]
2026-05-20 14:52:56,747307397549320,💗樂朵💗,再打一局吧,[等级6],[粉丝团 Lv8]
2026-05-20 14:52:57,96399334278,古井无波🍡956  8008,最后一下太冲动，太自信了，用弓箭。,[等级28],[粉丝团 Lv15]
2026-05-20 14:52:57,2626059501854419,安禾.,再来一把,[等级16],[粉丝团 Lv11]
2026-05-20 14:52:58,1407848110886224,鑫鑫,礼物都到位了还不安排,[等级9],[粉丝团 Lv4]
2026-05-20 14:52:58,68855441030,熊猫先生,再来,[等级1],
2026-05-20 14:52:58,2261059829518013,洛妍,再来一局,[等级7],[粉丝团 Lv2]
2026-05-20 14:52:58,67155923027,无忧ᝰ,加班,[等级13],[粉丝团 Lv7]
2026-05-20 14:52:58,97116394448,对不起来晚了,可惜了可惜了,[等级5],[粉丝团 Lv4]
2026-05-20 14:52:58,2274247923467549,知遇👣,@安康伴余生`足矣 你厉害,[等级24],[粉丝团 Lv10]
2026-05-20 14:52:59,3118673983446733,丨,再开一把,[等级28],[粉丝团 Lv11]
2026-05-20 14:52:59,61988075528,王者荣耀法师妲己,再来,[等级7],
2026-05-20 14:52:59,110277570700,moment—FF,老黑口味儿挺重啊，喜欢吃鸡屁股[比心],[等级10],[粉丝团 Lv10]
2026-05-20 14:52:59,101065533023,🌈冷漠,再来一把,[等级19],[粉丝团 Lv10]
2026-05-20 14:53:00,104342004006,断念,加班，晚上少打一局,[等级27],[粉丝团 Lv5]
2026-05-20 14:53:00,465795165197784,果果冻,再战一把,[等级2],
2026-05-20 14:53:00,98373352228,W！,手枪不干她 🔫,[等级41],[粉丝团 Lv12]
2026-05-20 14:53:00,105424494317,杏园好运,没到点,[等级23],[粉丝团 Lv8]
2026-05-20 14:53:00,844874134331664,亮川页,鸡屁股,[等级27],[粉丝团 Lv8]
2026-05-20 14:53:00,7442219576371364922,一撇一捺默写牵挂²⁰²⁶₈₈₈,下班啦？,[等级30],
2026-05-20 14:53:00,68189106631,𝑶𝒏𝒆,@分不清大小王女士 艾特错了 对不起,[等级30],[粉丝团 Lv10]
2026-05-20 14:53:01,910001890925464,阿瞳睡不醒✨,快开 没到下班点[看],[等级18],
2026-05-20 14:53:01,1829206389950766,伱我皆牛马,加班,[等级25],[粉丝团 Lv3]
2026-05-20 14:53:02,104435469892,COCO,再搞一把,[等级26],[粉丝团 Lv11]
2026-05-20 14:53:02,1456169111790891,隔壁老王,加班,[等级16],[粉丝团 Lv7]
2026-05-20 14:53:02,2685420082839404,不惑有貨,主要也是怕死,[等级10],[粉丝团 Lv10]
2026-05-20 14:53:02,2870198053640221,青柠.,酒店见,[等级3],[粉丝团 Lv2]
2026-05-20 14:53:02,2063097460718894,观日落,@BBLB 打过几次战神局你？,[等级7],
2026-05-20 14:53:02,4494392328730942,珑彁,鸡屁股,[等级3],[粉丝团 Lv5]
2026-05-20 14:53:02,110012786240,小猫饼,休息吧宝宝,[等级22],[粉丝团 Lv12]
2026-05-20 14:53:03,1911413562412587,桂,[发呆][发呆][发呆][发呆][发呆][发呆][发呆][发呆][发呆][发呆][发呆][发呆][发呆][发呆][发呆][发呆][发呆][发呆][发呆],[等级3],
2026-05-20 14:53:03,51894721128,十亿战神尊魂幡,还有时间,[等级20],[粉丝团 Lv1]
2026-05-20 14:53:03,52727051848,玫瑰,再来一把吃鸡下班,[等级30],[粉丝团 Lv9]
2026-05-20 14:53:03,61226959541,路人甲的煽情༊,直播主题是吃鸡屁股,[等级23],[粉丝团 Lv8]
2026-05-20 14:53:03,452620019045336,🍀、,铁蛋呢,[等级11],[粉丝团 Lv10]
2026-05-20 14:53:04,3944681332022525,小咔啦咪,还可以来一把,[等级37],[粉丝团 Lv2]
2026-05-20 14:53:04,1003205268617283,左右言它,没有筋,[等级25],[粉丝团 Lv8]
2026-05-20 14:53:04,101658941422,锋,差一点,[等级37],[粉丝团 Lv9]
2026-05-20 14:53:04,2529343295198756,🫶渡己🫶,万年老二,[等级28],[粉丝团 Lv1]
2026-05-20 14:53:04,95092454953,Dec-66,打的真好 性格也喜欢,[等级1],
2026-05-20 14:53:04,67155923027,无忧ᝰ,加班,[等级13],[粉丝团 Lv7]
2026-05-20 14:53:04,2621702862803064,完美世界(荒),鸡屁股,[等级10],[粉丝团 Lv6]
2026-05-20 14:53:04,21643884763804,经典永不过时,就差一点点,,
2026-05-20 14:53:04,2242631133311534,ELlAUK,吃鸡屁股,[等级6],
2026-05-20 14:53:05,343486129250376,Zzz...,什么意思 又早退？？？,[等级14],[粉丝团 Lv10]
2026-05-20 14:53:05,95278691710,阿荣,纯肉鸡屁股,[等级8],
2026-05-20 14:53:05,3954312606928571,mo🐟,退下吧,[等级12],
2026-05-20 14:53:05,1794029961617984,酃,休息吧[看],[等级17],[粉丝团 Lv12]
2026-05-20 14:53:06,3712397299157015,昍翀🦁🐾,老黑别夹，正常点[懵],[等级6],[粉丝团 Lv5]
2026-05-20 14:53:06,108160051507,野猫,晚上酒店见,[等级30],[粉丝团 Lv10]
2026-05-20 14:53:06,98095182081,手握风云★,吃鸡屁股,[等级20],[粉丝团 Lv2]
2026-05-20 14:53:06,66672197795,過客,拜拜,[等级34],[粉丝团 Lv8]
2026-05-20 14:53:06,76620351245,浠浠,吃鸡屁股,[等级16],
2026-05-20 14:53:06,111108974387,巴卡巴卡,别来了,[等级10],[粉丝团 Lv3]
2026-05-20 14:53:06,62729762489,BBLB,@玩的好就是挂？,[等级12],[粉丝团 Lv12]
2026-05-20 14:53:06,103217630695,爱吃米线的蜡笔小新,千年老二,[等级14],[粉丝团 Lv5]
2026-05-20 14:53:06,96293235234,每天都要看妞,吃把鸡再下,[等级12],[粉丝团 Lv5]
2026-05-20 14:53:06,2804190291166571,用户9684247563802,鸡屁股局,[等级5],
2026-05-20 14:53:06,7468234728773682234,✨✨✨七里香,鸡屁股就是七里香,[等级20],[粉丝团 Lv12]
2026-05-20 14:53:06,350067274032176,枫,在来一把,[等级34],
2026-05-20 14:53:07,7450110997022393401,保护水晶,加班,[等级4],[粉丝团 Lv5]
2026-05-20 14:53:08,1561766671155837,梨涡圆点,差一步美满,[等级14],
2026-05-20 14:53:08,95450137991,开心,吃一把下,[等级21],[粉丝团 Lv4]
2026-05-20 14:53:08,87335995726,涛哥哥,再来一把,[等级6],[粉丝团 Lv2]
2026-05-20 14:53:08,4188467534758091,蚊子-,不得,[等级7],[粉丝团 Lv5]
2026-05-20 14:53:08,3746724026530539,因果,挨揍[呲牙][呲牙],[等级14],[粉丝团 Lv6]
2026-05-20 14:53:08,75965238396,期待,早退,[等级12],[粉丝团 Lv3]
2026-05-20 14:53:08,51894721128,十亿战神尊魂幡,不行,[等级20],[粉丝团 Lv1]
2026-05-20 14:53:09,108130054544,晓枫&嘚世界,鸡屁股大餐,[等级24],
2026-05-20 14:53:09,61226959541,路人甲的煽情༊,晚上见,[等级23],[粉丝团 Lv8]
2026-05-20 14:53:09,2870198053640221,青柠.,酒店见,[等级3],[粉丝团 Lv2]
2026-05-20 14:53:09,97315012559,CC坦然,吃鸡屁股,[等级33],[粉丝团 Lv6]
2026-05-20 14:53:09,1539735213598823,黑漆漆的桃,吃鸡屁股,[等级12],
2026-05-20 14:53:09,7450110997022393401,保护水晶,加班,[等级4],[粉丝团 Lv5]
2026-05-20 14:53:10,59230417640,孟婆来碗汤,丢个火🔥对面都动不了[捂脸][捂脸],[等级17],[粉丝团 Lv10]
2026-05-20 14:53:11,66564607853,天暗下来你就是光,最后一把,[等级12],
2026-05-20 14:53:11,103790275797,广说,再来一把,[等级8],[粉丝团 Lv9]
2026-05-20 14:53:11,2703019685981437,豆沙,拜拜👋,[等级11],
2026-05-20 14:53:11,105800434578,🍀神秘人,加班吃一把鸡蛋行不？,[等级29],[粉丝团 Lv11]
2026-05-20 14:53:11,4471032014439710,小蒙家,有没有礼物送鸡屁股？,[等级27],[粉丝团 Lv1]
2026-05-20 14:53:12,75965238396,期待,早退,[等级12],[粉丝团 Lv3]
2026-05-20 14:53:13,764858599219059,⭐️人王疋虫⭐️⁵¹⁰⁷⁴,差一点你就是我的女人,[等级34],[粉丝团 Lv16]
2026-05-20 14:53:13,93856458218,心无境,520快乐,[等级12],[粉丝团 Lv11]
2026-05-20 14:53:13,343486129250376,Zzz...,天天早退,[等级14],[粉丝团 Lv10]
2026-05-20 14:53:13,66649470058,꧁꫞꯭福꫞꧂,效果很好,[等级17],[粉丝团 Lv15]
2026-05-20 14:53:13,79587710588,≈ahjol≈,差一步美满,[等级9],
2026-05-20 14:53:13,100226442919,(🍐·ᴗ·🍐),拜拜,[等级32],[粉丝团 Lv12]
2026-05-20 14:53:13,808832785757615,，。好,早退不行,[等级12],
2026-05-20 14:53:13,110012786240,小猫饼,晚上见宝宝[比心],[等级22],[粉丝团 Lv12]
2026-05-20 14:53:13,2621702862803064,完美世界(荒),加班,[等级10],[粉丝团 Lv6]
2026-05-20 14:53:14,7450110997022393401,保护水晶,加班,[等级4],[粉丝团 Lv5]
2026-05-20 14:53:14,93147457723,👒余生只为你👀,没吃鸡怨二号,[等级31],[粉丝团 Lv11]
2026-05-20 14:53:15,99029196184,分不清大小王女士,@𝑶𝒏𝒆 没事[看],[等级24],[粉丝团 Lv11]
2026-05-20 14:53:15,223933154207331,YgTietnssgmexsn?,晚上见,[等级37],[粉丝团:张君雅 Lv16]
2026-05-20 14:53:15,99036159387,乐之,主题是鸡屁股香,[等级16],[粉丝团 Lv4]
2026-05-20 14:53:15,3835516657862510,hello,拜拜拜拜,[等级21],[粉丝团 Lv5]
2026-05-20 14:53:16,4055422080920288,enjej,不好啊？,[等级2],
2026-05-20 14:53:16,73106185482,简单点！,520快乐,[等级7],[粉丝团 Lv1]
2026-05-20 14:53:16,101065533023,🌈冷漠,不服老二,[等级19],[粉丝团 Lv10]
2026-05-20 14:53:16,4188467534758091,蚊子-,不得行,[等级7],[粉丝团 Lv5]
2026-05-20 14:53:16,107667288477,蔺,开,[等级15],[粉丝团 Lv2]
2026-05-20 14:53:16,3276164064357143,好先生❣️,不好,[等级20],[粉丝团 Lv10]
2026-05-20 14:53:17,102469975321,✨名门⭐️,886,[等级19],[粉丝团 Lv15]
2026-05-20 14:53:17,7443467011387458618,骨阿夫特嫩,扛毒两层楼药不打上去就是莽[捂脸][捂脸][捂脸],[等级29],
2026-05-20 14:53:17,61226959541,路人甲的煽情༊,不见不散,[等级23],[粉丝团 Lv8]
2026-05-20 14:53:17,67431469914,为小宋老师着迷,拜拜君雅,[等级17],[粉丝团 Lv4]
2026-05-20 14:53:17,75965238396,期待,早退,[等级12],[粉丝团 Lv3]
2026-05-20 14:53:17,104284064269,月下独酌,你在海岛刍老二,[等级18],[粉丝团 Lv11]
2026-05-20 14:53:17,4459243629712462,永( ˝ᗢ̈˝ )²⁴⁹,主题是次鸡屁屁,[等级24],[粉丝团 Lv13]
2026-05-20 14:53:19,874847890575219,陈晓北,520快乐,[等级3],[粉丝团 Lv3]
2026-05-20 14:53:19,60627504900,雪碧吖🌓,酒店见！,[等级29],[粉丝团 Lv6]
2026-05-20 14:53:19,63222002360,🎀 T·Sept.⁰¹ Vir☁️,晚安？,[等级36],[粉丝团 Lv17]
2026-05-20 14:53:19,109089704140,博美柠茶Zzz,1酒店见~,[等级27],[粉丝团 Lv10]
2026-05-20 14:53:19,7450110997022393401,保护水晶,加班,[等级4],[粉丝团 Lv5]
2026-05-20 14:53:19,769253535921340,QQ糖🍬ぃ,520快乐520快乐520快乐,[等级19],[粉丝团 Lv12]
2026-05-20 14:53:19,55159220102,BWRZ（记录美好）,866,[等级36],[粉丝团 Lv16]
2026-05-20 14:53:19,109336122589,♛,差亿点点,[等级7],
2026-05-20 14:53:19,68423550125,Love the way you lie,520快乐,[等级15],[粉丝团 Lv11]
2026-05-20 14:53:20,96105019490,以后,差一秒,[等级12],[粉丝团 Lv5]
2026-05-20 14:53:20,99031714965,咁啱嘅咪,老黑要去渣小哥哥了,[等级2],[粉丝团 Lv3]
2026-05-20 14:53:21,7468234728773682234,✨✨✨七里香,鸡屁股就是七里香,[等级20],[粉丝团 Lv12]
2026-05-20 14:53:21,3148611881534173,⃢👁+👁⃢,鸡屁屁烧烤更好吃,[等级16],[粉丝团 Lv3]
2026-05-20 14:53:21,108175025636,haijuen,晚上见。,[等级12],[粉丝团 Lv10]
2026-05-20 14:53:21,61226959541,路人甲的煽情༊,晚上约,[等级23],[粉丝团 Lv8]
2026-05-20 14:53:21,104215610579,随风飘扬,差屁股[尬笑][尬笑][尬笑],[等级19],[粉丝团 Lv11]
2026-05-20 14:53:21,55390338490,后悔无期,酒店不见不散,[等级15],[粉丝团 Lv11]
2026-05-20 14:53:22,3944681332022525,小咔啦咪,酒店见[看],[等级37],[粉丝团 Lv2]
2026-05-20 14:53:22,75965238396,期待,早退,[等级12],[粉丝团 Lv3]
2026-05-20 14:53:22,7450110997022393401,保护水晶,加班,[等级4],[粉丝团 Lv5]
2026-05-20 14:53:22,1688440481515912,缌语抹晓,酒店[捂脸],[等级19],[粉丝团 Lv10]
2026-05-20 14:53:22,2274247923467549,知遇👣,@🌈✨✨好运連連✨✨🍀 你比她厉害啊,[等级24],[粉丝团 Lv10]
2026-05-20 14:53:23,769253535921340,QQ糖🍬ぃ,520快乐520快乐520快乐,[等级19],[粉丝团 Lv12]
2026-05-20 14:53:24,110567175717,☞靓☜,今天的主题是，吃鸡屁股,[等级39],[粉丝团 Lv7]
2026-05-20 14:53:25,105424494317,杏园好运,速开，今天是特殊的日子[玫瑰],[等级23],[粉丝团 Lv8]
2026-05-20 14:53:25,97826730060,愿者上√,，,[等级19],[粉丝团 Lv7]
2026-05-20 14:53:25,71126905166,抖音小肋手,[捂脸][捂脸],[等级11],[粉丝团 Lv10]
2026-05-20 14:53:25,4055422080920288,enjej,快点开,[等级2],
2026-05-20 14:53:25,60822285692,啊！,散了散了,[等级22],
2026-05-20 14:53:25,67431469914,为小宋老师着迷,晚上见,[等级17],[粉丝团 Lv4]
2026-05-20 14:53:26,107682227126,💕₅²⁰凌乱^O^记忆❤️🌹¹ᶟ₁₄,酒店不见不散520快乐,[等级26],[粉丝团 Lv12]
2026-05-20 14:53:26,1688440481515912,缌语抹晓,520快乐,[等级19],[粉丝团 Lv10]
2026-05-20 14:53:27,103936502619,看不见的恋人,加班,[等级19],[粉丝团 Lv3]
2026-05-20 14:53:27,75965238396,期待,早退了,[等级12],[粉丝团 Lv3]
2026-05-20 14:53:27,61320726473,郭哥,再来一把。,[等级1],
2026-05-20 14:53:27,55159220102,BWRZ（记录美好）,快走吧 别影响我去看电影[看]520快乐,[等级36],[粉丝团 Lv16]
2026-05-20 14:53:28,808832785757615,，。好,差七分钟,[等级12],
2026-05-20 14:53:28,769253535921340,QQ糖🍬ぃ,520快乐520快乐520快乐,[等级19],[粉丝团 Lv12]
2026-05-20 14:53:28,68659738942,我想中大奖,520快乐,[等级17],[粉丝团 Lv13]
2026-05-20 14:53:29,101914056926,张哥哥,不过了吗[捂脸][捂脸][捂脸],[等级28],[粉丝团 Lv10]
2026-05-20 14:53:29,3663228569664605,天空无云,@无名009 敌人有圈,[等级15],[粉丝团 Lv11]
2026-05-20 14:53:29,4188467534758091,蚊子-,开,[等级7],[粉丝团 Lv5]
2026-05-20 14:53:29,1456169111790891,隔壁老王,不来[看],[等级16],[粉丝团 Lv7]
2026-05-20 14:53:29,742894340412396,巅峰💤小和尚,直播看楼上装修,[等级26],
2026-05-20 14:53:29,55442793574820,P,晚上酒店不见不散？？？,[等级16],[粉丝团 Lv1]
2026-05-20 14:53:31,200580296878250,ο▬▬▬◙▅▅▆▆▆▆◤千,再玩一把,[等级7],[粉丝团 Lv10]
2026-05-20 14:53:31,1116715649081711,哦喝！,你要遗憾下班吗,[等级5],[粉丝团 Lv1]
2026-05-20 14:53:31,1710477989655699,❤亮❤,弥补遗憾在来一局[鼓掌][鼓掌][鼓掌][鼓掌][鼓掌],[等级16],[粉丝团 Lv15]
2026-05-20 14:53:31,1407848110886224,鑫鑫,酒店直播吗[看],[等级9],[粉丝团 Lv4]
2026-05-20 14:53:31,2804190291166571,用户9684247563802,哈哈哈哈哈,[等级5],
2026-05-20 14:53:32,96293235234,每天都要看妞,111,[等级12],[粉丝团 Lv5]
2026-05-20 14:53:32,68423550125,Love the way you lie,[大笑][鄙视][大笑][鄙视][大笑][鄙视][大笑][鄙视][大笑][鄙视],[等级15],[粉丝团 Lv11]
2026-05-20 14:53:32,111156712881,有把妹天赋,我逛街去了,[等级19],[粉丝团 Lv10]
2026-05-20 14:53:32,2621702862803064,完美世界(荒),加班,[等级10],[粉丝团 Lv6]
2026-05-20 14:53:33,452620019045336,🍀、,主题吃鸡屁股,[等级11],[粉丝团 Lv10]
2026-05-20 14:53:33,96714804652,🌈PB🌈,九店,[等级16],[粉丝团 Lv10]
2026-05-20 14:53:33,68189106631,𝑶𝒏𝒆,@分不清大小王女士 想跟你一起骂那个的[捂脸],[等级30],[粉丝团 Lv10]
2026-05-20 14:53:35,3532063191606712,浅羽<服饰定制>限量,酒店见,[等级2],
2026-05-20 14:53:35,7450110997022393401,保护水晶,加班,[等级4],[粉丝团 Lv5]
2026-05-20 14:53:35,67431469914,为小宋老师着迷,拜拜,[等级17],[粉丝团 Lv4]
2026-05-20 14:53:35,63739222882,༺℘静࿚,拜拜,[等级24],[粉丝团 Lv11]
2026-05-20 14:53:36,75863932663,爱小猪,@观日落 你感觉有屁用 人家有实力你有吗 搞笑,[等级17],[粉丝团 Lv10]
2026-05-20 14:53:36,3922654838397437,风轻a,你就是我对象[捂脸],[等级19],[粉丝团 Lv13]
2026-05-20 14:53:36,62729762489,BBLB,@观日落 预瞄就是挂?,[等级12],[粉丝团 Lv12]
2026-05-20 14:53:37,2703019685981437,豆沙,晚上见,[等级11],
2026-05-20 14:53:37,101629850514,张老黑的飞哥⁵¹⁰⁷⁴,我的去约会开房，没时间,[等级33],[粉丝团 Lv16]
2026-05-20 14:53:38,96293235234,每天都要看妞,1,[等级12],[粉丝团 Lv5]
2026-05-20 14:53:38,62828234454,躺平壹歌,老二到了你就老二,[等级11],
2026-05-20 14:53:39,1046325235039383,期待什么,酒店见,[等级8],
2026-05-20 14:53:39,343486129250376,Zzz...,又是早退,[等级14],[粉丝团 Lv10]
