time,user_id,user_name,content,grade,fans_club
2026-05-22 21:03:56,62170952462,小琳,[舔屏][震惊]来了宝宝,[等级20],[粉丝团 Lv3]
2026-05-22 21:03:58,3380068129,迷路小羔羊,开播都不提醒吗,[等级14],[粉丝团 Lv14]
2026-05-22 21:03:58,64484664902,不念,赛季最后一天？,[等级29],[粉丝团 Lv14]
2026-05-22 21:03:58,88786722885,月月🌈🦐,@⭐杰哥🌟 卡出去的,[等级23],[粉丝团 Lv5]
2026-05-22 21:03:58,60743243189,浅夏🌿,下个赛季换号吗,[等级12],[粉丝团 Lv10]
2026-05-22 21:03:58,105228544899,🌈,今天掉大分[看],[等级19],[粉丝团 Lv4]
2026-05-22 21:04:02,66740094739,幺宝宝,我想看老黑掉大分，你们呢,[等级33],[粉丝团 Lv13]
2026-05-22 21:04:04,2541707176186030,一路相随,没事下赛季又来啦,[等级15],[粉丝团 Lv10]
2026-05-22 21:04:07,7471122850271872058,沧浪客,又要一起玩儿,[等级9],
2026-05-22 21:04:10,75956341032,唯一,明天我们一块玩,[等级16],[粉丝团 Lv10]
2026-05-22 21:04:12,1798455941401880,了乌庐,下赛季还是控扑总的号吗？,[等级32],[粉丝团 Lv13]
2026-05-22 21:04:12,63826093623,Miss.赵,希望中个红包，续个灯牌[呲牙][呲牙][呲牙][呲牙],[等级10],[粉丝团 Lv9]
2026-05-22 21:04:13,69910516250,、内酷梅德川。,能不能开个预言,[等级29],[粉丝团 Lv8]
2026-05-22 21:04:14,2782225270309235,问心,今天掉了一天的分了  赛季最后一天,[等级13],[粉丝团 Lv9]
2026-05-22 21:04:22,104331740623,已重置,雅雅,,
2026-05-22 21:04:25,76927102221,足迹,爱播，你怎么没有去打比赛？,[等级32],[粉丝团 Lv9]
2026-05-22 21:04:35,4314916384157933,林大胆很胆小,大家好我是君雅老哥君宝,[等级23],[粉丝团 Lv7]
2026-05-22 21:04:54,2216231050949079,梵高先生与小姐.,也是开始学习君雅姐打法了,[等级6],[粉丝团 Lv7]
2026-05-22 21:04:58,7503057226488448058,钢蛋,早，姜子牙,[等级13],
2026-05-22 21:05:02,2500744598796624,🪳🪳🪳,雅雅明天什么打算正常播还是直播冲战神,[等级6],[粉丝团 Lv4]
2026-05-22 21:05:04,3628026859366756,L@H,来了！每天准时收看,[等级19],[粉丝团 Lv3]
2026-05-22 21:05:23,100116269929,刘ಇ᭄先生࿐,为什么会被踢？,[等级19],[粉丝团 Lv10]
2026-05-22 21:05:30,34776418092504,Sunflower123,来了来了,,
2026-05-22 21:05:35,3631033278268379,浅浅,怎么黑屏的？,[等级4],[粉丝团 Lv6]
2026-05-22 21:05:35,4001867781381405,叨叨叨,阔落没捡,[等级22],[粉丝团 Lv10]
2026-05-22 21:05:49,95886204966,聆听这一世的风,打上房的,[等级17],[粉丝团 Lv13]
2026-05-22 21:05:51,1666500797140135,꧁༺予你༻꧂,老黑这是年纪轻轻的又要开始偷人了,[等级15],[粉丝团 Lv12]
2026-05-22 21:05:55,79496793968,WH,@浅浅 等一会儿就好了 我有时候也黑屏,[等级29],[粉丝团 Lv15]
2026-05-22 21:06:10,7596996554088317989,用户256276682498,点点举报,,
2026-05-22 21:06:18,1869636544244391,曾经的王,迟到了,[等级15],[粉丝团 Lv3]
2026-05-22 21:06:18,1838847804575764,老农民A1,@足迹 老黑属于解说级别的了，也就是坐办公室的了，不属于一线工人了，所以[捂脸][捂脸][捂脸][捂脸],[等级33],[粉丝团 Lv15]
2026-05-22 21:06:32,1869636544244391,曾经的王,对不起我迟到了,[等级15],[粉丝团 Lv3]
2026-05-22 21:06:36,110804669846,℡空白,赞赞点起来,[等级15],[粉丝团 Lv10]
2026-05-22 21:07:01,3160453258944252,悟道者,学习技术,[等级19],
2026-05-22 21:07:04,2828409894872187,缘随而安,老黑,[等级26],[粉丝团 Lv15]
2026-05-22 21:07:07,22406739006603,清醒的沉沦,妹控强的可怕,[等级20],[粉丝团 Lv8]
2026-05-22 21:07:12,4862013350589,厉扑,好久没看到100万赞了,[等级21],[粉丝团 Lv11]
2026-05-22 21:07:22,417427108929038,麦幽,鱼,[等级3],[粉丝团 Lv6]
2026-05-22 21:07:30,61226959541,路人甲的煽情༊,爱播,[等级23],[粉丝团 Lv9]
2026-05-22 21:07:32,82118318153,强哥,你俩装人机,[等级13],[粉丝团 Lv4]
2026-05-22 21:07:36,70499109905,🌈卡范儿,别打别打 粉丝,[等级16],
2026-05-22 21:07:40,111037877835,黄鹤楼•天赐淡雅香,老黑经典战术拉枪线,[等级30],[粉丝团 Lv12]
2026-05-22 21:07:40,2497744962857736,月落月末,兄弟们赞赞点起来，兄弟们赞赞点起来，兄弟们赞赞点起来，兄弟们赞赞点起来，,[等级22],[粉丝团 Lv8]
2026-05-22 21:07:52,102088770330,y知足者常乐,张老黑,[等级20],[粉丝团 Lv8]
2026-05-22 21:07:58,100263152596,八方来财,@厉扑 要一起点才行,[等级19],[粉丝团 Lv11]
2026-05-22 21:08:01,110804669846,℡空白,大家自觉一点，赞赞赞！！！,[等级15],[粉丝团 Lv10]
2026-05-22 21:08:02,4233546532927219,🉑🈶🉑🈚,雅马哈，你在吗,[等级20],[粉丝团 Lv10]
2026-05-22 21:08:10,7503057226488448058,钢蛋,我卡了,[等级13],
2026-05-22 21:08:17,2497744962857736,月落月末,兄弟们赞赞点起来，兄弟们赞赞点起来，兄弟们赞赞点起来，兄弟们赞赞点起来，,[等级22],[粉丝团 Lv8]
2026-05-22 21:08:22,2946315483621007,杪諒,ACE,[等级31],[粉丝团 Lv10]
2026-05-22 21:08:48,2211842521836435,搁浅,1080,[等级10],
2026-05-22 21:08:50,1072716499657160,可望,那两个货今天没来[捂脸],[等级17],[粉丝团 Lv11]
2026-05-22 21:08:58,98036912349,哥哥,送了6个礼物，不谢谢我,[等级7],[粉丝团 Lv8]
2026-05-22 21:09:01,110804669846,℡空白,喜欢主播点点赞❤️,[等级15],[粉丝团 Lv10]
2026-05-22 21:09:11,99240303123,🔥影儿🔥,哎呀[捂脸],[等级16],[粉丝团 Lv10]
2026-05-22 21:09:14,1852009193418295,999,[捂脸][捂脸][捂脸],[等级24],[粉丝团 Lv12]
2026-05-22 21:09:16,69656856233,无名小卒PLA（正在减肥版）,哈哈,[等级23],[粉丝团 Lv11]
2026-05-22 21:09:21,1869636544244391,曾经的王,轻松绷住[懵],[等级15],[粉丝团 Lv3]
2026-05-22 21:09:23,2946315483621007,杪諒,去拿ACE,[等级31],[粉丝团 Lv10]
2026-05-22 21:09:23,96211988113,怪叔叔烤猪蹄·酸辣粉,坡下有Ace,[等级25],[粉丝团 Lv9]
2026-05-22 21:09:33,2497744962857736,月落月末,兄弟们赞赞点起来，兄弟们赞赞点起来，兄弟们赞赞点起来，兄弟们赞赞点起来，,[等级22],[粉丝团 Lv8]
2026-05-22 21:09:36,1556517540607726,▼・ᴥ・▼,不是有倍镜吗？,[等级21],[粉丝团 Lv10]
2026-05-22 21:09:37,55479357489,熊猫说爱马,和我打人机一样[捂脸],[等级5],[粉丝团 Lv3]
2026-05-22 21:09:41,98369046096,最爱平底锅🍳,搜甲,[等级2],
2026-05-22 21:09:42,99776070009,碎冰冰💦💦💦,坡下包里有ace,[等级31],
2026-05-22 21:09:43,3175868363977623,洋  仔⁸⁰⁰⁸,@哥哥 我见过要礼物的没见过要谢谢的[捂脸],[等级21],[粉丝团:张君雅 Lv12]
2026-05-22 21:09:43,76927102221,足迹,门开了,[等级32],[粉丝团 Lv9]
2026-05-22 21:09:45,75881825326,丿醉灬逸尘_,这波没开,[等级35],
2026-05-22 21:09:45,7442219576371364922,一撇一捺默写牵挂²⁰²⁶₈₈₈,@哥哥 送根萝卜绝对感谢你,[等级30],
2026-05-22 21:09:46,1072716499657160,可望,@哥哥 三瓜两枣别提了[捂脸],[等级17],[粉丝团 Lv11]
2026-05-22 21:09:48,102748821674,一张白纸,张老黑，你是拿过世界冠军的吃鸡选手吗？,[等级17],[粉丝团 Lv8]
2026-05-22 21:10:04,2709648370835534,Cold❄️,这集我看了没有一百也有八十次了,[等级34],[粉丝团 Lv8]
2026-05-22 21:10:07,102748821674,一张白纸,刚才有个评论说七妙第三，侠客红尘第2第一没报应该是你吧。,[等级17],[粉丝团 Lv8]
2026-05-22 21:10:08,110895971722,Oh yes,大家好我是雅马哈,[等级24],[粉丝团 Lv9]
2026-05-22 21:10:25,2190706767562894,楓୧⍤⃝🌊⃛𒅌꙳,@一撇一捺默写牵挂²⁰²⁶₈₈₈ 真爱玫瑰就可以,[等级18],[粉丝团 Lv14]
2026-05-22 21:10:35,1187103109027405,大师兄师傅被妖怪抓走了,现在那么勾了啊,,
2026-05-22 21:10:36,2497744962857736,月落月末,兄弟们赞赞点起来，兄弟们赞赞点起来，兄弟们赞赞点起来，兄弟们赞赞点起来，,[等级22],[粉丝团 Lv8]
2026-05-22 21:10:38,3478443045948888,Mr.li,重播吗？,[等级1],
2026-05-22 21:10:39,2924329532916868,刺青,我每次来都是看的这集,[等级11],[粉丝团 Lv8]
2026-05-22 21:10:43,110804669846,℡空白,点个赞咋这么费劲呢,[等级15],[粉丝团 Lv10]
2026-05-22 21:10:46,1473765257784829,柯西凡,点赞啊铁子们[捂脸],[等级16],[粉丝团 Lv7]
2026-05-22 21:10:49,50254479386,氧化冬,张君雅🐂🍺,[等级6],
2026-05-22 21:10:51,7538654499440952377,꧁唯꧂,[躺平][躺平][躺平][躺平],[等级7],[粉丝团 Lv4]
2026-05-22 21:10:57,97014636164,七喜,有延迟吗,[等级20],[粉丝团 Lv3]
2026-05-22 21:11:04,55479357489,熊猫说爱马,820生吃雅马哈[捂脸],[等级5],[粉丝团 Lv3]
2026-05-22 21:11:05,1473765257784829,柯西凡,我手都秃噜皮了,[等级16],[粉丝团 Lv7]
2026-05-22 21:11:08,7556501573540742201,🍥,[打call],[等级3],[粉丝团 Lv4]
2026-05-22 21:11:12,104711202796,冉霸霸🖤,姜子牙牛逼[赞],[等级27],[粉丝团 Lv10]
2026-05-22 21:11:13,574369671155260,海棠花🌟,[躺平],,
2026-05-22 21:11:13,96778177109,小张不嚣张⍥,[V5][V5][V5][V5],[等级24],[粉丝团 Lv9]
2026-05-22 21:11:19,94488320580,不知名男孩,1080,[等级15],
2026-05-22 21:11:19,188719472842030,小卡拉咪,[躺平],[等级19],[粉丝团 Lv7]
2026-05-22 21:11:20,79496793968,WH,@七喜 有的 一分钟,[等级29],[粉丝团 Lv15]
2026-05-22 21:11:29,4862013350589,厉扑,老黑不喊口令，点不上100万[捂脸],[等级21],[粉丝团 Lv11]
2026-05-22 21:11:43,65008922355,🌈浮夸.,被扣外婆好啦福利1啊1111滴哦离家里几次测了哈哈A1滴滴爱寸头XP哦PK,[等级27],[粉丝团 Lv6]
2026-05-22 21:11:44,4503658257446344,🥐cornetto,我迟到了快给我道歉,[等级41],[粉丝团 Lv7]
2026-05-22 21:11:48,110804669846,℡空白,@厉扑 就是,[等级15],[粉丝团 Lv10]
2026-05-22 21:11:51,1701698370278087,hsl,好卡,[等级5],
2026-05-22 21:12:01,97014636164,七喜,@WH [比心][比心],[等级20],[粉丝团 Lv3]
2026-05-22 21:12:02,100060513007,梭,都认真看直播呢,[等级4],[粉丝团 Lv3]
2026-05-22 21:12:06,4305294912129470,余拉,老黑我爱你,[等级18],[粉丝团 Lv10]
2026-05-22 21:12:26,110804669846,℡空白,点赞也不耽误看直播吧,[等级15],[粉丝团 Lv10]
2026-05-22 21:12:31,107662442756,老曾⁶¹⁷,以前上学都没这么认真过[捂脸],[等级20],[粉丝团 Lv11]
2026-05-22 21:12:38,65008922355,🌈浮夸.,[加一],[等级27],[粉丝团 Lv6]
2026-05-22 21:12:47,4503658257446344,🥐cornetto,@老曾⁶¹⁷ 清华都考上了,[等级41],[粉丝团 Lv7]
2026-05-22 21:12:52,1640924998805315,只有付出才有回报,@余拉 兄弟你刷个加年华她就知道了。,[等级29],[粉丝团 Lv10]
2026-05-22 21:12:59,3591450941457501,🌈🌈distance,别人滋地上了,[等级6],[粉丝团 Lv2]
2026-05-22 21:13:01,91692192767,安○逸,刚才那队被打的人把信号枪斜着发出去一发,[等级8],[粉丝团 Lv6]
2026-05-22 21:13:04,109042802862,有点困,信号枪打掉了,[等级14],
2026-05-22 21:13:04,98773931120,彭志辉,打了,[等级5],
2026-05-22 21:13:05,521585115014749,耙耳朵,刚才打地上了,[等级12],
2026-05-22 21:13:06,53392359336,饱᳐᳐寶᳐੭,刚才被打了,[等级24],
2026-05-22 21:13:07,67389127649,ZHang.,他横着打了,[等级8],[粉丝团 Lv2]
2026-05-22 21:13:08,2709648370835534,Cold❄️,打飞了,[等级34],[粉丝团 Lv8]
2026-05-22 21:13:08,2216231050949079,梵高先生与小姐.,被滋了,[等级6],[粉丝团 Lv7]
2026-05-22 21:13:08,76918676189,浅唱你给的悲伤,打地上了,[等级10],
2026-05-22 21:13:09,81780019756,用星渲染夜得伤,打过了,[等级24],[粉丝团 Lv10]
2026-05-22 21:13:10,63175519998,缘如雪,被霍霍了,[等级9],[粉丝团 Lv2]
2026-05-22 21:13:10,4001867781381405,叨叨叨,刚吱了,[等级22],[粉丝团 Lv10]
2026-05-22 21:13:12,83536529771,🤨,已经打丢了,[等级30],
2026-05-22 21:13:12,75630048642,🐷慢慢习惯🐷,没看到打了吗？,[等级20],[粉丝团 Lv11]
2026-05-22 21:13:13,3315721617551160,爱咂烟的小伙,刚才射地上了,[等级15],[粉丝团 Lv11]
2026-05-22 21:13:13,22406739006603,清醒的沉沦,打掉了，还打歪了[捂脸][捂脸],[等级20],[粉丝团 Lv8]
2026-05-22 21:13:14,93014642999,🌈南山楠,早都往地上打了,[等级12],[粉丝团 Lv10]
2026-05-22 21:13:14,97600677185,晓乔治ovo,刚开始就打了[捂脸],[等级38],[粉丝团 Lv13]
2026-05-22 21:13:14,103979643791,财神爷的独生女( ´･ᴗ･` ),前面有人打了[捂脸],[等级20],[粉丝团 Lv11]
2026-05-22 21:13:15,1231906993346727,起床困难户@,刚才滋地上了,[等级11],[粉丝团 Lv10]
2026-05-22 21:13:16,68821780610,溪默,滋了,[等级8],[粉丝团 Lv11]
2026-05-22 21:13:17,51848403000,标得否,滋了,[等级9],[粉丝团 Lv10]
2026-05-22 21:13:17,2159866394979848,用户3415706323344,早都打地上了,[等级10],[粉丝团 Lv7]
2026-05-22 21:13:18,110527293027,【柳哥】,刚打地上了,[等级27],[粉丝团 Lv12]
2026-05-22 21:13:19,81922832250,心之所向 (-^〇^-),打地上了,[等级12],[粉丝团 Lv11]
2026-05-22 21:13:20,110781725843,魔罗,开始打了一把,[等级17],[粉丝团 Lv2]
2026-05-22 21:13:20,76918676189,浅唱你给的悲伤,刚才打架打地上了,[等级10],
2026-05-22 21:13:20,1556517540607726,▼・ᴥ・▼,前面医院的时候不是打了吗？,[等级21],[粉丝团 Lv10]
2026-05-22 21:13:21,102588181521,真真假假,刚才滋了一个,[等级19],[粉丝团 Lv11]
2026-05-22 21:13:21,67356916764,I Do,刚才在医院的时候次地上了,[等级30],[粉丝团 Lv15]
2026-05-22 21:13:21,51450704802,3个K,刚才看见打地上了,[等级24],[粉丝团 Lv11]
2026-05-22 21:13:26,97806080834,🚬ღ᭄辭ꦿ࿐,[发呆],[等级21],[粉丝团 Lv15]
2026-05-22 21:13:27,109543249043,加贝 ᥫᩣ ᐝ,他们刚刚打地上了,[等级6],[粉丝团 Lv10]
2026-05-22 21:13:28,66743077793,任家大小姐,早就滋地上了,[等级9],[粉丝团 Lv8]
2026-05-22 21:13:29,63639695547,胡🍪,搜索信号弹,[等级22],[粉丝团 Lv9]
2026-05-22 21:13:30,2541707176186030,一路相随,你看那边的时候被斜打掉一发,[等级15],[粉丝团 Lv10]
2026-05-22 21:13:32,681293199972923,小常,蛋藏起来,[等级3],
2026-05-22 21:13:33,860249182973771,花哥,打医院的时候他斜着打了,[等级4],[粉丝团 Lv5]
2026-05-22 21:13:36,103510963838,《重生之》我在成都养🐰钓🐟,老黑说点赞满一百万考虑加班打一局，两百万赞加班两局,[等级7],[粉丝团 Lv10]
2026-05-22 21:13:39,51848403000,标得否,打医院的时候就滋了,[等级9],[粉丝团 Lv10]
2026-05-22 21:13:44,63639695547,胡🍪,藏起来了,[等级22],[粉丝团 Lv9]
2026-05-22 21:13:48,54058637145,盲点,搜索信号弹啊,[等级11],[粉丝团 Lv11]
2026-05-22 21:13:51,851478844019449,安安,找信号弹,,
2026-05-22 21:13:52,62467530775,平安.😼,找一下信号弹,[等级23],[粉丝团 Lv8]
2026-05-22 21:13:58,3935886965221563,一路小跑,无人机的时候，人家打在地上了,[等级1],
2026-05-22 21:13:59,3655200822788333,无影,寻信号弹,[等级11],[粉丝团 Lv7]
2026-05-22 21:14:05,1822363298300364,冰糖葫卢先生,找钥匙,,
2026-05-22 21:14:08,1059556013913534,阿贵,有枪没蛋，快乐牌刀片给嘎了,[等级17],[粉丝团 Lv10]
2026-05-22 21:14:11,110527293027,【柳哥】,1级甲,[等级27],[粉丝团 Lv12]
2026-05-22 21:14:12,1666500797140135,꧁༺予你༻꧂,打了一颗，你俩在山头偷医院人的时候，他们打一颗在集装箱上面了,[等级15],[粉丝团 Lv12]
2026-05-22 21:14:19,4503658257446344,🥐cornetto,有谁知道晚上几点到几点更新,[等级41],[粉丝团 Lv7]
2026-05-22 21:14:20,100885399295,成哥MAX,我这附近体育馆再办演唱会  不带耳机好吵,[等级27],[粉丝团 Lv12]
2026-05-22 21:14:20,99240303123,🔥影儿🔥,甲还是一级甲,[等级16],[粉丝团 Lv10]
2026-05-22 21:14:20,704121483297517,𝓒·𝓷𝓸𝓿²⁷𝓼𝓪𝓰♐️,换个二甲啊,[等级21],
2026-05-22 21:14:50,4503658257446344,🥐cornetto,新赛季我好好打  我要偶遇张老黑,[等级41],[粉丝团 Lv7]
2026-05-22 21:14:50,95918097483,ゞ🔱豆芽,张老黑还在播啊,[等级18],
2026-05-22 21:15:05,105457912449,Mr.馬,[捂脸][捂脸][捂脸][捂脸],[等级11],[粉丝团 Lv11]
2026-05-22 21:15:07,61303363390,华南城商办站斧浏览器Amber,[捂脸][捂脸][捂脸],[等级30],[粉丝团 Lv13]
2026-05-22 21:15:09,2427344102360279,鹏哥🐮,妹子也不放过[捂脸],[等级13],[粉丝团 Lv12]
2026-05-22 21:15:11,105633835483,醉卧沙场君莫笑,[捂脸][捂脸][捂脸],[等级27],[粉丝团 Lv16]
2026-05-22 21:15:13,21631942527252,途归¢,[捂脸][捂脸][捂脸][捂脸],[等级32],[粉丝团 Lv15]
2026-05-22 21:15:13,99240303123,🔥影儿🔥,开密室去吧,[等级16],[粉丝团 Lv10]
2026-05-22 21:15:14,54779751232,猴赛雷啊,东西已经扔水里了,[等级16],[粉丝团 Lv11]
2026-05-22 21:15:14,4459243629712462,永( ˝ᗢ̈˝ )²⁴⁹,牙牙晚上好,[等级24],[粉丝团 Lv13]
2026-05-22 21:15:15,1822363298300364,冰糖葫卢先生,[捂脸],,
2026-05-22 21:15:17,1556526029869885,🌈对方正在输入🌈,@ゞ🔱豆芽 刚开播,[等级22],[粉丝团 Lv9]
2026-05-22 21:15:18,76927102221,足迹,[捂脸][捂脸][捂脸],[等级32],[粉丝团 Lv9]
2026-05-22 21:15:21,3544449118126824,爱吃醋的李,来咯来咯,[等级25],[粉丝团 Lv11]
2026-05-22 21:15:21,99787889302,心若兰兮终不移,好残暴[看],[等级34],[粉丝团 Lv5]
2026-05-22 21:15:23,101629850514,张老黑的飞哥⁵¹⁰⁷⁴,@🥐cornetto 王牌都上不去吧，怎么撞到[抠鼻],[等级33],[粉丝团 Lv16]
2026-05-22 21:15:24,109042802862,有点困,老黑还是个小吊带[捂脸],[等级14],
2026-05-22 21:15:26,2709648370835534,Cold❄️,明天凌晨会冲战神吗,[等级34],[粉丝团 Lv8]
2026-05-22 21:15:27,69883728410,汾酒小康,我要老黑香香软软的黑丝[捂脸],[等级10],
2026-05-22 21:15:29,67652067063,辰言乐,禽兽，连衣服都叭,[等级23],[粉丝团 Lv10]
2026-05-22 21:15:31,449051547940055,我鹿,去开密室,[等级26],[粉丝团 Lv10]
2026-05-22 21:15:32,76927102221,足迹,开密室去,[等级32],[粉丝团 Lv9]
2026-05-22 21:15:33,97088728147,十~二,@🥐cornetto 新赛季了吗？   还是明天,[等级33],[粉丝团 Lv10]
2026-05-22 21:15:36,96395406876893,K*,还一急z,,
2026-05-22 21:15:42,583200234799899,普通人类,来了来了,[等级9],
2026-05-22 21:15:44,109042802862,有点困,@十~二 明天,[等级14],
2026-05-22 21:15:51,4503658257446344,🥐cornetto,@张老黑的飞哥⁵¹⁰⁷⁴ 我又不是深16 现在王牌7星,[等级41],[粉丝团 Lv7]
2026-05-22 21:15:53,100885399295,成哥MAX,我这个赛季都没玩过,[等级27],[粉丝团 Lv12]
2026-05-22 21:15:55,97088728147,十~二,@有点困 好的,[等级33],[粉丝团 Lv10]
2026-05-22 21:16:04,99522832734,是有点蔡⁵¹⁰⁷⁴,君雅有说明天新赛季队友是谁么,[等级32],[粉丝团 Lv16]
2026-05-22 21:16:04,55479357489,熊猫说爱马,妹子就该好好疼[捂脸]怎么疼？肯定是打的狠才疼[捂脸],[等级5],[粉丝团 Lv3]
2026-05-22 21:16:14,64941695257,夏遇二一,老黑下赛季打谁的号啊,[等级14],[粉丝团 Lv8]
2026-05-22 21:16:15,4303952980749712,靓,是手机还是电脑啊,[等级5],
2026-05-22 21:16:17,3175045381763166,窝嘞个乖乖,天天看你直播就是不关注,[等级5],
2026-05-22 21:16:18,100885399295,成哥MAX,突然不想玩了 但是充了好多[捂脸][捂脸],[等级27],[粉丝团 Lv12]
2026-05-22 21:16:20,4503658257446344,🥐cornetto,@十~二 凌晨更新,[等级41],[粉丝团 Lv7]
2026-05-22 21:16:24,64172662035,T·暖🌻,[玫瑰],[等级20],[粉丝团 Lv1]
2026-05-22 21:16:25,1556526029869885,🌈对方正在输入🌈,@是有点蔡⁵¹⁰⁷⁴ 还是猫局,[等级22],[粉丝团 Lv9]
2026-05-22 21:16:27,1945471890759956,禹,主播帮我打十星进级赛,[等级2],
2026-05-22 21:16:35,51450704802,3个K,眼神真好,[等级24],[粉丝团 Lv11]
2026-05-22 21:16:35,1525712368189293,云间月落,@靓 一百寸液晶大电视,[等级12],[粉丝团 Lv11]
2026-05-22 21:16:36,97088728147,十~二,@🥐cornetto 好的,[等级33],[粉丝团 Lv10]
2026-05-22 21:16:40,99522832734,是有点蔡⁵¹⁰⁷⁴,@夏遇二一 大概率是晚上竞拍[看],[等级32],[粉丝团 Lv16]
2026-05-22 21:16:49,53625265457,祖奶奶,@成哥MAX 给我玩,[等级23],[粉丝团 Lv12]
2026-05-22 21:16:51,1525712368189293,云间月落,@成哥MAX 号给我，我给你玩,[等级12],[粉丝团 Lv11]
2026-05-22 21:16:54,2241225192905635,f樊同学,1.3kd什么水平,[等级4],[粉丝团 Lv4]
2026-05-22 21:17:01,59205517146,达文西🫥,@成哥MAX 放租号平台上呀,[等级23],
2026-05-22 21:17:02,97014636164,七喜,君雅也凌晨起来冲战神吗,[等级20],[粉丝团 Lv3]
2026-05-22 21:17:04,93032203992,秀儿⁵¹⁰⁷⁴,@f樊同学 人机,[等级19],[粉丝团 Lv12]
2026-05-22 21:17:12,4503658257446344,🥐cornetto,群里有人发二维码那,[等级41],[粉丝团 Lv7]
2026-05-22 21:17:16,4503671390685020,平常心_230419,我勒个逗,[等级14],[粉丝团 Lv6]
2026-05-22 21:17:19,66894441509,阿米嘎滴哆咪,这个赛季什么时候结束呀，有人可以告诉我嘛,[等级4],
2026-05-22 21:17:20,99549870598,顾北💤,@f樊同学 人坤水平。很厉害了,[等级31],[粉丝团 Lv13]
2026-05-22 21:17:21,607398155003172,崽仔,@f樊同学 在她眼里就是人机,[等级23],
2026-05-22 21:17:23,4503658257446344,🥐cornetto,群里有人发二维码吗,[等级41],[粉丝团 Lv7]
2026-05-22 21:17:24,7615939541669479461,7K科技,想变强看我,,
2026-05-22 21:17:42,2406202708074179,只要我名字够长就会有傻子跟着念,不开密室吗？,[等级5],
2026-05-22 21:17:43,4503658257446344,🥐cornetto,@7K科技 没人看你别发了,[等级41],[粉丝团 Lv7]
2026-05-22 21:17:45,2639240930269694,老婆为小白脸扇我大耳刮弃我而去的那个雨夜,@f樊同学 路边一条,[等级25],
2026-05-22 21:17:45,607398155003172,崽仔,@f樊同学 免费的kd,[等级23],
2026-05-22 21:17:48,97156735623,55岁美艳毒妇,@7K科技 看你笑话吗,[等级21],[粉丝团 Lv12]
2026-05-22 21:17:50,100885399295,成哥MAX,我没满级红 只有五级  车也没多少 没人租的,[等级27],[粉丝团 Lv12]
2026-05-22 21:17:54,103512974338,麋鹿面具,信号枪丢了只有信号弹怎么办,[等级9],[粉丝团 Lv5]
2026-05-22 21:17:57,105457912449,Mr.馬,枪匣复合弓,[等级11],[粉丝团 Lv11]
2026-05-22 21:18:03,106652544313,你我皆过客,[鼓掌][鼓掌],[等级9],[粉丝团 Lv10]
2026-05-22 21:18:04,3614794079543744,曹操,我打野KD就是2.5左右，钢枪KD就会变成1.2[捂脸][捂脸][捂脸],[等级33],
2026-05-22 21:18:10,110810394310,꧁꫞贰零壹肆꫞꧂,菊哥换号了？,[等级19],[粉丝团 Lv1]
2026-05-22 21:18:11,95341875590,去有风的地方。,1080,[等级16],[粉丝团 Lv1]
2026-05-22 21:18:12,4503658257446344,🥐cornetto,@麋鹿面具 对着自己开一枪,[等级41],[粉丝团 Lv7]
2026-05-22 21:18:14,65199621033,坤哥_2218180,[捂脸][捂脸],[等级30],[粉丝团 Lv8]
2026-05-22 21:18:16,2709648370835534,Cold❄️,@麋鹿面具 让捡到的人干着急,[等级34],[粉丝团 Lv8]
2026-05-22 21:18:18,3711552190417088,TiAom·,大菠萝MK,[等级15],[粉丝团 Lv10]
2026-05-22 21:18:22,109844347360,八块腹肌男坐公交车被六个妖艳寡妇轮流让座,老黑道歉,[等级22],[粉丝团 Lv9]
2026-05-22 21:18:23,69327839525,🌈🏀Duang,抽点烟,[等级16],
2026-05-22 21:18:24,2190706767562894,楓୧⍤⃝🌊⃛𒅌꙳,@55岁美艳毒妇 姐姐缺小奶狗吗？,[等级18],[粉丝团 Lv14]
2026-05-22 21:18:27,2474352860996803,157,开枪键在哪放着呢,[等级6],
2026-05-22 21:18:27,111217116338,烟心,[看],[等级8],[粉丝团 Lv6]
2026-05-22 21:18:29,3733595632970019,❤️初寒,新赛季什么时候,[等级23],[粉丝团 Lv10]
2026-05-22 21:18:34,100370457407,@Dee,1080,[等级19],[粉丝团 Lv5]
2026-05-22 21:18:35,96938336656,黑哥,你们说万一张老黑有一天跟猫局打游戏打出感情来了怎么办？这异地恋好老火，反正我是不想老黑嫁过去的哈[捂脸][捂脸],[等级29],[粉丝团 Lv11]
2026-05-22 21:18:42,114001082594206,药盒,妹括,[等级8],
2026-05-22 21:18:45,438027141261419,用户555909948457,手机20星7.3是什么水平,,
2026-05-22 21:18:51,101629850514,张老黑的飞哥⁵¹⁰⁷⁴,@黑哥 不要恋爱脑,[等级33],[粉丝团 Lv16]
2026-05-22 21:18:52,93032203992,秀儿⁵¹⁰⁷⁴,@黑哥 好好说话,[等级19],[粉丝团 Lv12]
2026-05-22 21:18:57,83477509286,小手搽兜,老黑今年过的几岁生日呢？,[等级20],[粉丝团 Lv8]
2026-05-22 21:19:02,7452996518472991801,A-ceo,那俩一会又要来蹭了[捂脸],[等级11],
2026-05-22 21:19:03,98341904573,果果,[比心],[等级14],[粉丝团 Lv11]
2026-05-22 21:19:05,4503658257446344,🥐cornetto,@用户555909948457 吹牛水平,[等级41],[粉丝团 Lv7]
2026-05-22 21:19:07,2474352860996803,157,这个键在哪放着呢,[等级6],
2026-05-22 21:19:08,107662442756,老曾⁶¹⁷,@黑哥 嫁给你得了呗[捂脸],[等级20],[粉丝团 Lv11]
2026-05-22 21:19:12,2330588968395416,贝塔β,@黑哥 退一万步说，让局哥入赘[看],[等级25],[粉丝团 Lv14]
2026-05-22 21:19:21,3544449118126824,爱吃醋的李,啦啦啦,[等级25],[粉丝团 Lv11]
2026-05-22 21:19:25,4862013350589,厉扑,@小手搽兜 17岁,[等级21],[粉丝团 Lv11]
2026-05-22 21:19:44,106805653984,༄扬半仙࿐,自私的婆娘,[等级11],
2026-05-22 21:19:44,83477509286,小手搽兜,@厉扑 不能，没成年不可以直播,[等级20],[粉丝团 Lv8]
2026-05-22 21:19:54,87872643486,村口的过客,雅雅，晚上好,[等级21],[粉丝团 Lv11]
2026-05-22 21:19:56,2190706767562894,楓୧⍤⃝🌊⃛𒅌꙳,那个养猫的怎么不见了,[等级18],[粉丝团 Lv14]
2026-05-22 21:20:04,2474352860996803,157,按键在哪怎么看不见,[等级6],
2026-05-22 21:20:09,100058972550,AUG科普,不带那两个小菜鸟吗,[等级20],
2026-05-22 21:20:09,2474352860996803,157,电脑吗？,[等级6],
2026-05-22 21:20:16,93032203992,秀儿⁵¹⁰⁷⁴,@༄扬半仙࿐ 你不自私你把你的钱给我花啊,[等级19],[粉丝团 Lv12]
2026-05-22 21:20:18,4503658257446344,🥐cornetto,局哥估计要戴假发才行,[等级41],[粉丝团 Lv7]
2026-05-22 21:20:23,3134021366194635,白鶴,@云层小卖铺 别看了你学不会的,[等级5],
2026-05-22 21:20:24,3188207395813070,恭喜發財,要死,[等级29],[粉丝团 Lv1]
2026-05-22 21:20:26,96825879523,（｡ò ∀ ó｡）酒(๑><๑）《痴》,这个是我全蛋妹妹吗？好久没看到你了,[等级30],[粉丝团 Lv11]
2026-05-22 21:20:30,2330588968395416,贝塔β,明天中午和谁打,[等级25],[粉丝团 Lv14]
2026-05-22 21:20:40,65399001507,顺风顺水顺路,开了？,[等级10],[粉丝团 Lv11]
2026-05-22 21:20:40,103373475848,Jiang  FuYang,这不是g,[等级3],
2026-05-22 21:20:43,1327812072442224,云层小卖铺,@白鶴 [看][看][看]我就看,[等级7],
2026-05-22 21:20:43,99372859314,启  夏,@贝塔β 我感觉铁蛋[捂脸],[等级25],[粉丝团 Lv15]
2026-05-22 21:20:44,3628026859366756,L@H,好准,[等级19],[粉丝团 Lv3]
2026-05-22 21:20:46,787686894090669,w-,准星直接拉到车那[泪奔],[等级18],[粉丝团 Lv8]
2026-05-22 21:20:52,67652067063,辰言乐,卡,[等级23],[粉丝团 Lv10]
2026-05-22 21:20:57,1530976442254383,带五个孤儿住天桥底下,@Jiang  FuYang 这就是 快举报,[等级27],[粉丝团 Lv11]
2026-05-22 21:20:59,2141446715747582,魏大呆,[666][666][666][666][666],[等级15],[粉丝团 Lv11]
2026-05-22 21:21:01,99372859314,启  夏,@w- 刷跑车看回放,[等级25],[粉丝团 Lv15]
2026-05-22 21:21:15,3996063592881981,@@🚬yangꦿ᭄ཽ࿆࿆:,卡了,[等级15],[粉丝团 Lv10]
2026-05-22 21:21:21,650556162185335,￴￴ ￴ ￴￴,卡,[等级22],
2026-05-22 21:21:22,2656022406638387,ZZZ,好想看君雅和菜园子一起打,[等级17],[粉丝团 Lv11]
2026-05-22 21:21:22,1093354181100637,Gᴗo_ᥫᩣ,卡住了,[等级15],[粉丝团 Lv12]
2026-05-22 21:21:24,3083458370606503,账号已注销,卡了,[等级17],[粉丝团 Lv12]
2026-05-22 21:21:24,99511101181,Leo...,？？？？,[等级30],[粉丝团 Lv3]
2026-05-22 21:21:25,99372859314,启  夏,飞机都不用了，直接跑车[捂脸],[等级25],[粉丝团 Lv15]
2026-05-22 21:21:25,466670364393783,袖下敛青川,卡了,[等级14],[粉丝团 Lv2]
2026-05-22 21:21:26,121375561624060,杰瑞米·瓦肥🎣,好卡,[等级2],
2026-05-22 21:21:27,2704410184264248,欢儿的小三,卡死,[等级2],
2026-05-22 21:21:27,96140656696,Z....,卡了,[等级13],[粉丝团 Lv11]
2026-05-22 21:21:27,3778386515474196,陈先生,又踢网线了,[等级13],[粉丝团 Lv10]
2026-05-22 21:21:27,92365108360,A刘卓佳,1080,[等级17],[粉丝团 Lv11]
2026-05-22 21:21:27,2827563650792843,༺风采依旧༻,手机坏了,[等级29],[粉丝团 Lv3]
2026-05-22 21:21:27,2330588968395416,贝塔β,@启  夏 铁蛋开播时间不一样，好像更晚，会不会是菜园子,[等级25],[粉丝团 Lv14]
2026-05-22 21:21:28,81922832250,心之所向 (-^〇^-),卡,[等级12],[粉丝团 Lv11]
2026-05-22 21:21:28,98947573929,周sir,卡了吗？,[等级21],[粉丝团 Lv10]
2026-05-22 21:21:28,97600677185,晓乔治ovo,啊卡了,[等级38],[粉丝团 Lv13]
2026-05-22 21:21:29,93902332860,沐兮ツ,卡了,[等级15],[粉丝团 Lv12]
2026-05-22 21:21:29,2427344102360279,鹏哥🐮,卡了,[等级13],[粉丝团 Lv12]
2026-05-22 21:21:29,794292584977896,ℳℒℴѵℯ·李·ꦿ໊ོ⁵²⁰@,卡了,[等级3],[粉丝团 Lv6]
2026-05-22 21:21:29,2453745612890271,小小鱼🐟,卡住了,[等级14],[粉丝团 Lv3]
2026-05-22 21:21:29,101350113102,🌈Coco🌈,卡了卡了,[等级11],[粉丝团 Lv7]
2026-05-22 21:21:30,165374195670499,贱神,卡死了,[等级7],[粉丝团 Lv10]
2026-05-22 21:21:30,62750029676,屿,卡住了,[等级21],
2026-05-22 21:21:30,3852312079508893,奋～斗～的～小～蝌～蚪,好卡呀,[等级6],
2026-05-22 21:21:30,102952674336,张绍杰,卡,[等级24],
2026-05-22 21:21:30,1822363298300364,冰糖葫卢先生,拉,,
2026-05-22 21:21:31,466670364393783,袖下敛青川,好卡,[等级14],[粉丝团 Lv2]
2026-05-22 21:21:31,3711552190417088,TiAom·,卡了,[等级15],[粉丝团 Lv10]
2026-05-22 21:21:31,4001867781381405,叨叨叨,又停电了,[等级22],[粉丝团 Lv10]
2026-05-22 21:21:31,4862013350589,厉扑,完了，卡了,[等级21],[粉丝团 Lv11]
2026-05-22 21:21:32,1644468157809064,谢军,卡了,[等级30],[粉丝团 Lv9]
2026-05-22 21:21:32,82118318153,强哥,卡了,[等级13],[粉丝团 Lv4]
2026-05-22 21:21:32,649130562042396,爱羽,？,[等级3],[粉丝团 Lv2]
2026-05-22 21:21:32,73459388873,sun璃瑛,我卡了？,[等级22],[粉丝团 Lv3]
2026-05-22 21:21:32,60993121321,现在就发财,不会吧,[等级10],[粉丝团 Lv7]
2026-05-22 21:21:32,87818609377,阿木木-要早睡,卡了,[等级23],
2026-05-22 21:21:33,50316196128,懒大王i,好卡,[等级14],[粉丝团 Lv4]
2026-05-22 21:21:33,88672031346,海阔天空,卡,[等级11],[粉丝团 Lv7]
2026-05-22 21:21:33,653525974524635,Nn-阿信⭐️,卡,[等级11],
2026-05-22 21:21:33,1222308229556030,单眼皮,卡了,[等级15],[粉丝团 Lv11]
2026-05-22 21:21:33,4114820768992106,小刘,卡,[等级8],[粉丝团 Lv3]
2026-05-22 21:21:33,4265726784049283,文钦,卡了,[等级8],[粉丝团 Lv7]
2026-05-22 21:21:33,3544449118126824,爱吃醋的李,是我卡了吗,[等级25],[粉丝团 Lv11]
2026-05-22 21:21:34,109305454829,⠀ ⠀⠀,卡,[等级6],[粉丝团 Lv10]
2026-05-22 21:21:34,68259703826,致逝去的回忆,太卡了,[等级1],
2026-05-22 21:21:34,110527293027,【柳哥】,卡了[捂脸],[等级27],[粉丝团 Lv12]
2026-05-22 21:21:34,3733586005987420,@大师兄,卡了卡了,[等级7],
2026-05-22 21:21:34,110540845829,刘洋就是我,1080,[等级13],
2026-05-22 21:21:34,59005898754,7-,又卡了,[等级2],
2026-05-22 21:21:34,2946315483621007,杪諒,好卡,[等级31],[粉丝团 Lv10]
2026-05-22 21:21:34,3238488436382032,用户1324082652476,卡,[等级11],[粉丝团 Lv11]
2026-05-22 21:21:34,7471122850271872058,沧浪客,完了  卡死了,[等级9],
2026-05-22 21:21:34,63027055055,美女社社长,好卡,[等级2],
2026-05-22 21:21:34,2005142166316856,fgg,又停电了,[等级8],[粉丝团 Lv4]
2026-05-22 21:21:35,4424072181323599,宁负天下不负你,好卡,[等级20],[粉丝团 Lv6]
2026-05-22 21:21:36,87900359390,一个怡,卡了,[等级10],[粉丝团 Lv5]
2026-05-22 21:21:36,21576135032,最爱吃香菜,卡了,[等级18],[粉丝团 Lv5]
2026-05-22 21:21:36,3667608928006446,小伟的简单生活,卡,[等级7],
2026-05-22 21:21:37,93225930563,老郝,断网了,[等级12],[粉丝团 Lv8]
2026-05-22 21:21:37,235723996298219,张君雅精彩画面,[捂脸][捂脸][捂脸],[等级8],[粉丝团 Lv11]
2026-05-22 21:21:37,92365108360,A刘卓佳,又卡了,[等级17],[粉丝团 Lv11]
2026-05-22 21:21:37,75013120136,悲伤小鬼,卡了,[等级25],
2026-05-22 21:21:37,105685248806,雷与灵,卡了,[等级14],[粉丝团 Lv10]
2026-05-22 21:21:37,101856036008,屿袁,怎么这么卡,[等级4],[粉丝团 Lv2]
2026-05-22 21:21:37,65399001507,顺风顺水顺路,卡死了,[等级10],[粉丝团 Lv11]
2026-05-22 21:21:37,61781610358,记忆点,卡了,[等级19],[粉丝团 Lv9]
2026-05-22 21:21:37,66889957079,杨一笑,卡,[等级23],[粉丝团 Lv1]
2026-05-22 21:21:38,68128483419,秋霜,难不成又停电？,[等级33],[粉丝团 Lv12]
2026-05-22 21:21:39,110540845829,刘洋就是我,1080,[等级13],
2026-05-22 21:21:39,105457912449,Mr.馬,我以为我卡了,[等级11],[粉丝团 Lv11]
2026-05-22 21:21:39,2827563650792843,༺风采依旧༻,是手机坏了吧,[等级29],[粉丝团 Lv3]
2026-05-22 21:21:39,107952845207,有點紧張先生,真的卡,[等级4],
2026-05-22 21:21:39,72290962880,炯炯有神,卡了,[等级19],[粉丝团 Lv2]
2026-05-22 21:21:39,2066675337277655,行者也,卡,[等级16],
2026-05-22 21:21:39,66552084486,小怪兽😈,太卡了,[等级36],[粉丝团 Lv10]
2026-05-22 21:21:39,2144514306216496,663,…,[等级3],
2026-05-22 21:21:39,61932622186,李先笙,卡了,[等级31],
2026-05-22 21:21:39,3021073145668428,爱,卡,[等级8],
2026-05-22 21:21:39,94275605445,清玄君,我以为我拉了,[等级15],[粉丝团 Lv6]
2026-05-22 21:21:40,110476931925,世界上最爱我的人,卡了,[等级1],
2026-05-22 21:21:40,96225962698,哈利路球,卡了,[等级6],[粉丝团 Lv2]
2026-05-22 21:21:40,4182991537974647,毛蛋💕,卡住了,[等级20],[粉丝团 Lv12]
2026-05-22 21:21:40,85967801717,痴爱ᶜᵃⁱ,我以为是我卡了,[等级20],[粉丝团 Lv13]
2026-05-22 21:21:40,449051547940055,我鹿,好卡,[等级26],[粉丝团 Lv10]
2026-05-22 21:21:41,52480618226,随风飘逝的影子,断网了,[等级15],[粉丝团 Lv4]
2026-05-22 21:21:41,3395737057496512,𝘼.𝟲,卡了,[等级1],
2026-05-22 21:21:41,60993121321,现在就发财,完了,[等级10],[粉丝团 Lv7]
2026-05-22 21:21:41,62365178937,孟德先生,卡了卡了,[等级4],
2026-05-22 21:21:41,67488295707,不能再吃了哦,卡了 主播,[等级16],
2026-05-22 21:21:41,97115865995,路在脚下,卡了,[等级29],[粉丝团 Lv6]
2026-05-22 21:21:41,108160051507,野猫,我卡住了,[等级30],[粉丝团 Lv10]
2026-05-22 21:21:41,2144514306216496,663,卡,[等级3],
2026-05-22 21:21:41,2207437687098365,7 1 7 1,卡了,[等级11],[粉丝团 Lv11]
2026-05-22 21:21:41,69959741657,小吴呀,卡了,[等级30],
2026-05-22 21:21:41,82795769883,巡山小妖精,太卡了,[等级33],
2026-05-22 21:21:42,103919279066,熙一夜,完了,[等级14],[粉丝团 Lv13]
2026-05-22 21:21:42,96923453637,百煉金,我还以为我卡了,[等级12],[粉丝团 Lv12]
2026-05-22 21:21:42,235723996298219,张君雅精彩画面,[捂脸][捂脸][捂脸],[等级8],[粉丝团 Lv11]
2026-05-22 21:21:42,109042802862,有点困,我以为是我卡了,[等级14],
2026-05-22 21:21:42,101875225014,🐮,又停电了？,[等级15],[粉丝团 Lv7]
2026-05-22 21:21:42,58644704007,好哄的炮仗󰠇,卡了,[等级22],[粉丝团 Lv7]
2026-05-22 21:21:42,87483850393,堪培拉的风,？？？,[等级28],[粉丝团 Lv5]
2026-05-22 21:21:42,1556526029869885,🌈对方正在输入🌈,卡了,[等级22],[粉丝团 Lv9]
2026-05-22 21:21:42,101926859943,折.,卡,[等级12],[粉丝团 Lv11]
2026-05-22 21:21:42,99240303123,🔥影儿🔥,不会又要没网了？,[等级16],[粉丝团 Lv10]
2026-05-22 21:21:42,2792385335793016,🍉大发,天天卡啊,[等级27],[粉丝团 Lv10]
2026-05-22 21:21:43,3026322828036093,徐徐⁰⁵32,直播间又要抬走了[捂脸][捂脸][捂脸],[等级13],[粉丝团 Lv12]
2026-05-22 21:21:43,106788260212,后知后觉-,6666,[等级11],
2026-05-22 21:21:43,3364966991930327,皮皮虾,卡死,[等级8],[粉丝团 Lv10]
2026-05-22 21:21:43,107662442756,老曾⁶¹⁷,又掉了,[等级20],[粉丝团 Lv11]
2026-05-22 21:21:43,84187662606,一世奢华,卡死我了,[等级18],[粉丝团 Lv4]
2026-05-22 21:21:44,496632391274580,記嘚,卡了,[等级18],
2026-05-22 21:21:44,62170952462,小琳,又卡了,[等级20],[粉丝团 Lv3]
2026-05-22 21:21:44,3996063592881981,@@🚬yangꦿ᭄ཽ࿆࿆:,是我手机有问题吗？怎么不动了？,[等级15],[粉丝团 Lv10]
2026-05-22 21:21:44,105237449265,滁州杜先生,我以为我卡了,[等级34],
2026-05-22 21:21:44,110940994932,听 棠,卡了,[等级25],
2026-05-22 21:21:44,344571539109738,𨷾,卡,,
2026-05-22 21:21:44,1725555962554362,柠檬🍋很萌,卡死了,[等级2],
2026-05-22 21:21:44,94367860379,H.🌴,卡,[等级9],
2026-05-22 21:21:45,3051888308391678,可乐漆,卡,[等级15],
2026-05-22 21:21:45,99051501716,好同学,卡,[等级2],
2026-05-22 21:21:45,60374331419,锡猛,卡了,[等级28],
2026-05-22 21:21:45,2066675337277655,行者也,卡住了,[等级16],
2026-05-22 21:21:45,466670364393783,袖下敛青川,卡了,[等级14],[粉丝团 Lv2]
2026-05-22 21:21:45,2190706767562894,楓୧⍤⃝🌊⃛𒅌꙳,又没电费了[捂脸],[等级18],[粉丝团 Lv14]
2026-05-22 21:21:45,94019437939,eddn,你很卡,[等级16],
2026-05-22 21:21:46,3887523495153768,光定玩抖音,卡了,[等级15],[粉丝团 Lv4]
2026-05-22 21:21:46,64781899024,*****,你是真卡,[等级8],
2026-05-22 21:21:46,3795156287621927,拾欢,停电了吗,[等级15],[粉丝团 Lv13]
2026-05-22 21:21:46,110540845829,刘洋就是我,1080,[等级13],
2026-05-22 21:21:46,4314916384157933,林大胆很胆小,卡得要死,[等级23],[粉丝团 Lv7]
2026-05-22 21:21:47,50953045004,前程有李,卡了,[等级15],[粉丝团 Lv7]
2026-05-22 21:21:47,847094502918092,雨停了,卡,[等级3],[粉丝团 Lv5]
2026-05-22 21:21:47,104910766548,阿眠,我还以为是我卡了,[等级15],[粉丝团 Lv4]
2026-05-22 21:21:47,3134034738939646,阳光~,哦豁，卡了,[等级15],[粉丝团 Lv2]
2026-05-22 21:21:47,78611720919,阿秋☞,卡了,[等级8],
2026-05-22 21:21:47,101347089617,赣榆浏阳烟花,是我手机卡了吗？,[等级22],[粉丝团 Lv11]
2026-05-22 21:21:47,2311642711599376,日照市高新区福泉茶庄,我以为我卡,[等级26],[粉丝团 Lv11]
2026-05-22 21:21:47,1994979753603116,🌈,真卡,[等级17],
2026-05-22 21:21:47,93576336740,南书,卡了,[等级4],[粉丝团 Lv4]
2026-05-22 21:21:47,97932001849,孔雀东南飞,卡,[等级16],
2026-05-22 21:21:47,70936251679,时影,卡了,[等级5],
2026-05-22 21:21:47,63027055055,美女社社长,卡卡卡卡卡卡卡卡卡卡卡卡卡,[等级2],
2026-05-22 21:21:48,4262142512997933,伤心烧洋芋,我也卡了,[等级24],[粉丝团 Lv10]
2026-05-22 21:21:48,104759532174,๑ò钱_前面的钱ó๑,我以为我卡了呢,[等级19],[粉丝团 Lv4]
2026-05-22 21:21:48,81143325597,蟹卜肉,卡了,[等级20],[粉丝团 Lv10]
2026-05-22 21:21:48,8395632158909,郭叔,又卡了,[等级9],[粉丝团 Lv9]
2026-05-22 21:21:48,111051260753,“小老头”,看动画片呢[呲牙][呲牙],[等级45],[粉丝团 Lv15]
2026-05-22 21:21:48,3315728636710124,天下,有录屏吗？没录屏可以跑车看回放你再录屏,[等级35],[粉丝团 Lv11]
2026-05-22 21:21:48,111284831453,9⃣️5⃣️2⃣️7⃣️,卡了,[等级16],[粉丝团 Lv6]
2026-05-22 21:21:48,64908956615,逐流,卡卡卡,[等级17],[粉丝团 Lv9]
2026-05-22 21:21:48,76035659882,苏词დ ⁵¹⁰⁷⁴,我以为我卡了,[等级16],[粉丝团 Lv14]
2026-05-22 21:21:48,72393438347,少帅,卡了,[等级19],[粉丝团 Lv13]
2026-05-22 21:21:49,835228061934319,🌴9527,拉屎呢？,[等级22],[粉丝团 Lv10]
2026-05-22 21:21:49,105953792451,观海听涛✘,我以为就我卡,[等级8],[粉丝团 Lv5]
2026-05-22 21:21:49,96510803400,大飞@,卡卡卡,[等级25],[粉丝团 Lv7]
2026-05-22 21:21:49,281952484343223,用户7681546211765,科技不兼容,[等级19],
2026-05-22 21:21:49,2370965323133555,彗九,网站被咬断啦,[等级5],[粉丝团 Lv2]
2026-05-22 21:21:49,1637624566515033,陈晨-婷,卡了卡了,[等级1],
2026-05-22 21:21:50,84875744470,Rock,又停电了？,[等级33],[粉丝团 Lv12]
2026-05-22 21:21:50,1657705633422284,白宝山,k,[等级8],[粉丝团 Lv3]
2026-05-22 21:21:50,58272818525,雾里观川,好了,[等级9],[粉丝团 Lv7]
2026-05-22 21:21:50,106549232967,想当摄影师📸,1080,[等级29],
2026-05-22 21:21:50,103623410647,Mr  Zᴳᵀ兜里只有叁拾,拉闸 停电,[等级31],[粉丝团 Lv6]
2026-05-22 21:21:50,3026322828036093,徐徐⁰⁵32,幻灯片[捂脸],[等级13],[粉丝团 Lv12]
2026-05-22 21:21:50,3712397299157015,昍翀🦁🐾,卡掉了,[等级7],[粉丝团 Lv5]
2026-05-22 21:21:50,4424041398011133,温柔一刀（明一刀）,卡的不要不要的,[等级29],
2026-05-22 21:21:51,530427546182696,指尖呓语,卡卡卡卡卡卡卡卡卡,[等级7],[粉丝团 Lv4]
2026-05-22 21:21:51,107952845207,有點紧張先生,我还以为我网络卡了,[等级4],
2026-05-22 21:21:51,3116439401673790,🪷紫运福气✨🌴🔥🐲💲,不是我卡吧,[等级9],[粉丝团 Lv2]
2026-05-22 21:21:51,55479357489,熊猫说爱马,怎么不动了？,[等级5],[粉丝团 Lv3]
2026-05-22 21:21:51,106169399644,P,卡爆了,[等级18],
2026-05-22 21:21:51,94019437939,eddn,换网吧,[等级16],
2026-05-22 21:21:51,2849561462193607,六花不是笨蛋,卡卡,[等级10],
2026-05-22 21:21:51,7556501573540742201,🍥,卡了老黑,[等级3],[粉丝团 Lv4]
2026-05-22 21:21:52,78571325695,⊙﹏⊙,卡成狗了,[等级1],[粉丝团 Lv2]
2026-05-22 21:21:52,106880280722,我行我素,卡住了,[等级13],[粉丝团 Lv8]
2026-05-22 21:21:52,100030072195,农夫山里有块田,我以为就我卡,[等级5],[粉丝团 Lv5]
2026-05-22 21:21:53,71126905166,抖音小肋手,好啦,[等级11],[粉丝团 Lv10]
2026-05-22 21:21:54,1822363298300364,冰糖葫卢先生,怎么iPad还卡,,
2026-05-22 21:21:54,3544449118126824,爱吃醋的李,好了好了,[等级25],[粉丝团 Lv11]
2026-05-22 21:21:55,2532895178888260,【俩俩相忘】安静看👀🚫禁止带节奏,卡了，我还以为我卡，切了好几次,[等级9],
2026-05-22 21:21:55,97215571037,墨染清欢,我还以为我瘦了问题呢,[等级14],[粉丝团 Lv13]
2026-05-22 21:21:55,69959741657,小吴呀,重新进,[等级30],
2026-05-22 21:21:55,96395406876893,K*,直接卡死,,
2026-05-22 21:21:56,1812416075931229,外衣,中午就卡的不行,[等级14],
2026-05-22 21:21:56,68451000218,败落,卡了,[等级32],
2026-05-22 21:21:56,111642458376,娱锋,我以为我卡,[等级11],[粉丝团 Lv11]
2026-05-22 21:21:58,474639356942429,多云转晴,不卡啊,[等级29],[粉丝团 Lv15]
2026-05-22 21:21:58,71126905166,抖音小肋手,现在好啦,[等级11],[粉丝团 Lv10]
2026-05-22 21:21:59,21631942527252,途归¢,老黑咬网线了,[等级32],[粉丝团 Lv15]
2026-05-22 21:21:59,3356146100610571,夕夕  开心果,好卡,[等级29],[粉丝团 Lv1]
2026-05-22 21:21:59,60292424619,简简单单,退出去重新进,[等级21],
2026-05-22 21:22:00,67488295707,不能再吃了哦,好了,[等级16],
2026-05-22 21:22:00,96825879523,（｡ò ∀ ó｡）酒(๑><๑）《痴》,我直接卡死,[等级30],[粉丝团 Lv11]
2026-05-22 21:22:00,61303363390,华南城商办站斧浏览器Amber,热度太高了，卡顿了[捂脸][捂脸],[等级30],[粉丝团 Lv13]
2026-05-22 21:22:00,694511491097195,澄,好了,[等级15],[粉丝团 Lv2]
2026-05-22 21:22:02,3151673436672756,小贝殼,卡没了,[等级24],[粉丝团 Lv12]
2026-05-22 21:22:02,383067601516935,回城补个妆,我还以为我卡了,[等级11],[粉丝团 Lv6]
2026-05-22 21:22:02,95106971450,养了很多鱼,一直在骑马,[等级16],[粉丝团 Lv3]
2026-05-22 21:22:02,92809644820,1'm      洋葱,我靠，我以为是我的网卡,[等级13],
2026-05-22 21:22:02,2629633434983376,心中无她，便是放下,卡卡,[等级19],
2026-05-22 21:22:02,72907249364,兔子先生,下片了？这么卡,[等级20],[粉丝团 Lv3]
2026-05-22 21:22:05,69959741657,小吴呀,重新进就好了,[等级30],
2026-05-22 21:22:06,71126905166,抖音小肋手,卡卡的,[等级11],[粉丝团 Lv10]
2026-05-22 21:22:09,104331740623,已重置,不卡啊,,
2026-05-22 21:22:10,923214816488077,妄願,我去给你当助手吧，这么大个主播这么卡,[等级23],
2026-05-22 21:22:11,1939157993129428,莓柿,重进一下就好了,[等级6],[粉丝团 Lv5]
2026-05-22 21:22:11,111156712881,有把妹天赋,没卡啊,[等级19],[粉丝团 Lv10]
2026-05-22 21:22:12,2532895178888260,【俩俩相忘】安静看👀🚫禁止带节奏,好了，不卡了,[等级9],
2026-05-22 21:22:14,72217520044,🌈朋友俾面,卡,[等级19],
2026-05-22 21:22:14,87900359390,一个怡,现在不卡了,[等级10],[粉丝团 Lv5]
2026-05-22 21:22:14,60993121321,现在就发财,以为又断电了,[等级10],[粉丝团 Lv7]
2026-05-22 21:22:15,1626875586159368,老韦,我以为我才卡,[等级13],[粉丝团 Lv13]
2026-05-22 21:22:17,105228544899,🌈,那个包里还有大炮,[等级19],[粉丝团 Lv4]
2026-05-22 21:22:17,72217520044,🌈朋友俾面,卡,[等级19],
2026-05-22 21:22:17,7571018575764489273,emotion,好了啊,[等级7],[粉丝团 Lv5]
2026-05-22 21:22:17,2532895178888260,【俩俩相忘】安静看👀🚫禁止带节奏,不卡了,[等级9],
2026-05-22 21:22:19,1091149903967399,顺其自然.,好了,[等级31],
2026-05-22 21:22:20,101633253444,梦还在飘,好了,[等级22],[粉丝团 Lv11]
2026-05-22 21:22:21,866834076414632,ZW,用蓝光看,[等级38],[粉丝团 Lv9]
2026-05-22 21:22:21,105953792451,观海听涛✘,卡的都不动,[等级8],[粉丝团 Lv5]
2026-05-22 21:22:22,101515984152,七 安,[捂脸][捂脸][捂脸],[等级16],[粉丝团 Lv7]
2026-05-22 21:22:22,74845732412,你的第N任,老黑啊，别开了，卡死了,[等级30],[粉丝团 Lv9]
2026-05-22 21:22:24,3795156287621927,拾欢,[捂脸],[等级15],[粉丝团 Lv13]
2026-05-22 21:22:24,466670364393783,袖下敛青川,卡了,[等级14],[粉丝团 Lv2]
2026-05-22 21:22:25,2656022406638387,ZZZ,[捂脸][捂脸][捂脸][捂脸][捂脸],[等级17],[粉丝团 Lv11]
2026-05-22 21:22:25,2946315483621007,杪諒,哈哈哈,[等级31],[粉丝团 Lv10]
2026-05-22 21:22:25,3356146100610571,夕夕  开心果,[捂脸],[等级29],[粉丝团 Lv1]
2026-05-22 21:22:26,3134034738939646,阳光~,张老黑现在手枪记得上膛了[看][看],[等级15],[粉丝团 Lv2]
2026-05-22 21:22:26,55159220102,BWRZ（记录美好）,[捂脸][捂脸],[等级36],[粉丝团 Lv16]
2026-05-22 21:22:27,2532895178888260,【俩俩相忘】安静看👀🚫禁止带节奏,又卡了,[等级9],
2026-05-22 21:22:27,60720763321,″北柠″🐾,[捂脸][捂脸][捂脸],[等级34],[粉丝团 Lv8]
2026-05-22 21:22:27,86624924770,无数颗星星,卡,[等级4],[粉丝团 Lv5]
2026-05-22 21:22:28,1812434247224028,远山归途客,重新进,[等级9],
2026-05-22 21:22:29,75341543348,繁花似锦ʊ,完了,[等级12],[粉丝团 Lv11]
2026-05-22 21:22:29,1637624566515033,陈晨-婷,直播都卡了,[等级1],
2026-05-22 21:22:29,1881983920385927,希芙,哈哈哈哈,[等级4],
2026-05-22 21:22:29,102270008391,A乐清博慧美缝 铝合金踢脚线 美容收边,[捂脸][捂脸],[等级25],[粉丝团 Lv12]
2026-05-22 21:22:30,100000323092,我猫呢,哈哈哈,[等级7],
2026-05-22 21:22:30,58497096841,『桂』在坚持🎱,没关,[等级17],
2026-05-22 21:22:31,2330588968395416,贝塔β,[捂脸][捂脸][捂脸],[等级25],[粉丝团 Lv14]
2026-05-22 21:22:31,1822363298300364,冰糖葫卢先生,没网了,,
2026-05-22 21:22:32,92961141368,*,你那两姐妹倒闭了，去带一带吧,[等级14],
2026-05-22 21:22:33,474639356942429,多云转晴,出去从进,[等级29],[粉丝团 Lv15]
2026-05-22 21:22:34,108160051507,野猫,是我卡了,[等级30],[粉丝团 Lv10]
2026-05-22 21:22:35,95876373738,抖一抖,卡到爆了,[等级23],[粉丝团 Lv2]
2026-05-22 21:22:36,69509817785,四悸💭,刚就卡了,[等级14],
2026-05-22 21:22:37,55479357489,熊猫说爱马,你这网不行呀[捂脸]我这卡死了,[等级5],[粉丝团 Lv3]
2026-05-22 21:22:38,7452216569906349114,凡人一个,666,[等级29],[粉丝团 Lv9]
2026-05-22 21:22:38,98127314878,艾瑞巴蒂跟我一起嗨,[捂脸][捂脸][捂脸][捂脸],[等级25],[粉丝团 Lv11]
2026-05-22 21:22:38,1881983920385927,希芙,丸辣[看],[等级4],
2026-05-22 21:22:38,649130562042396,爱羽,哦豁,[等级3],[粉丝团 Lv2]
2026-05-22 21:22:38,1849818272773351,逝佪,[捂脸],[等级10],[粉丝团 Lv10]
2026-05-22 21:22:38,61988075528,王者荣耀法师妲己,[捂脸],[等级7],
2026-05-22 21:22:39,3350911520620396,八百里、玉京子,卡,[等级15],[粉丝团 Lv1]
2026-05-22 21:22:39,1438594886537220,小崽不想哭,哈哈哈,[等级22],
2026-05-22 21:22:39,71126905166,抖音小肋手,[捂脸][捂脸],[等级11],[粉丝团 Lv10]
2026-05-22 21:22:40,1022991848191452,炸毛🐸,老黑[捂脸],[等级15],[粉丝团 Lv8]
2026-05-22 21:22:41,1160678663794076,雾散。,这下舒服了,[等级29],[粉丝团 Lv10]
2026-05-22 21:22:41,99240303123,🔥影儿🔥,关键时刻掉链子,[等级16],[粉丝团 Lv10]
2026-05-22 21:22:41,71091522114,面具,好了，凉了。,[等级8],
2026-05-22 21:22:42,111051260753,“小老头”,什么玩意[呲牙][呲牙][呲牙][呲牙],[等级45],[粉丝团 Lv15]
2026-05-22 21:22:42,55159220102,BWRZ（记录美好）,敌人把你的网拔了[看],[等级36],[粉丝团 Lv16]
2026-05-22 21:22:42,1491359779276655,码头薯条🍟,完了,[等级9],
2026-05-22 21:22:42,2810776444220189,dhkslal,好好好,[等级30],[粉丝团 Lv1]
2026-05-22 21:22:44,2330588968395416,贝塔β,完辣,[等级25],[粉丝团 Lv14]
2026-05-22 21:22:45,3394899074375095,繁星、,哈哈完犊子,[等级31],[粉丝团 Lv10]
2026-05-22 21:22:45,98229178736,░随缘遇见➹,[捂脸][捂脸][捂脸][捂脸][捂脸],[等级18],
2026-05-22 21:22:46,92131001724,蒋卓霖℡,投诉电信,[等级13],[粉丝团 Lv9]
2026-05-22 21:22:46,796478002168072,摩天伦,饿,,
2026-05-22 21:22:50,65199621033,坤哥_2218180,[捂脸][捂脸][捂脸],[等级30],[粉丝团 Lv8]
2026-05-22 21:22:52,61303363390,华南城商办站斧浏览器Amber,爷们要战斗[捂脸][捂脸],[等级30],[粉丝团 Lv13]
2026-05-22 21:22:52,2585650802991342,🥖👀🌭,主播的网也卡啊？,[等级16],
2026-05-22 21:22:53,95106971450,养了很多鱼,这就没死,[等级16],[粉丝团 Lv3]
2026-05-22 21:22:53,3408098413512419,心静自然,搬家吧[捂脸],[等级30],[粉丝团 Lv11]
2026-05-22 21:22:54,98127314878,艾瑞巴蒂跟我一起嗨,树下有自救,[等级25],[粉丝团 Lv11]
2026-05-22 21:22:56,2236833119345853,流水不腐亦不复,nb,[等级1],
2026-05-22 21:22:59,1849818272773351,逝佪,倒了还打一个,[等级10],[粉丝团 Lv10]
2026-05-22 21:23:00,796478002168072,摩天伦,饿啊,,
2026-05-22 21:23:01,1093354181100637,Gᴗo_ᥫᩣ,好卡[捂脸],[等级15],[粉丝团 Lv12]
2026-05-22 21:23:02,101875225014,🐮,2个自救,[等级15],[粉丝团 Lv7]
2026-05-22 21:23:02,111156712881,有把妹天赋,没卡啊,[等级19],[粉丝团 Lv10]
2026-05-22 21:23:04,1437769291798708,蒸得食妮鸭,延迟到现在,[等级3],
2026-05-22 21:23:06,102037728505,梁山ོ࿐玉麒麟,这小手枪立功[捂脸],[等级14],[粉丝团 Lv12]
2026-05-22 21:23:08,4295115881845472,乘风破浪🏄‍♂️,小手枪立功,[等级18],
2026-05-22 21:23:10,75341543348,繁花似锦ʊ,哇，立大功,[等级12],[粉丝团 Lv11]
2026-05-22 21:23:10,71126905166,抖音小肋手,牛批,[等级11],[粉丝团 Lv10]
2026-05-22 21:23:10,52442338129,起床困难户🐾,肚子疼还能开枪[看],[等级16],[粉丝团 Lv3]
2026-05-22 21:23:12,1267112040465127,齐倒倒,这能打倒一个 也没谁了[捂脸],[等级21],[粉丝团 Lv13]
2026-05-22 21:23:14,98234788092,寅虎不虎,牛逼,[等级33],[粉丝团 Lv11]
2026-05-22 21:23:17,71126905166,抖音小肋手,老黑手枪牛逼,[等级11],[粉丝团 Lv10]
2026-05-22 21:23:17,96006528229,小明同学👨‍🎓,老是十块十块的充电,[等级15],
2026-05-22 21:23:17,2656022406638387,ZZZ,牛逼,[等级17],[粉丝团 Lv11]
2026-05-22 21:23:17,105161252221,辞川,想笑[看],[等级28],
2026-05-22 21:23:22,1822363298300364,冰糖葫卢先生,关键时刻卡了,,
2026-05-22 21:23:26,102469975321,✨名门⭐️,墨迹喲猫局,[等级19],[粉丝团 Lv15]
2026-05-22 21:23:27,100228336934,忍住不想说,老黑晚上好,[等级29],
2026-05-22 21:23:30,105633835483,醉卧沙场君莫笑,[捂脸][捂脸][捂脸],[等级27],[粉丝团 Lv16]
2026-05-22 21:23:31,52442338129,起床困难户🐾,你卡我脚了[看],[等级16],[粉丝团 Lv3]
2026-05-22 21:23:33,71126905166,抖音小肋手,老黑手枪牛逼,[等级11],[粉丝团 Lv10]
2026-05-22 21:23:33,2330588968395416,贝塔β,[捂脸][捂脸][捂脸]局哥忙死了[捂脸],[等级25],[粉丝团 Lv14]
2026-05-22 21:23:33,58613257088,0.2°,哈哈哈哈,[等级16],[粉丝团 Lv4]
2026-05-22 21:23:33,309411621386987,90后公子,[捂脸][捂脸][捂脸],[等级23],[粉丝团 Lv8]
2026-05-22 21:23:33,101515984152,七 安,[捂脸][捂脸][捂脸],[等级16],[粉丝团 Lv7]
2026-05-22 21:23:35,1881983920385927,希芙,[捂脸][捂脸][捂脸],[等级4],
2026-05-22 21:23:36,60720763321,″北柠″🐾,[捂脸][捂脸][捂脸],[等级34],[粉丝团 Lv8]
2026-05-22 21:23:36,3887523495153768,光定玩抖音,卡的舒服,[等级15],[粉丝团 Lv4]
2026-05-22 21:23:37,98211015545,金浅浅～,[捂脸],[等级14],[粉丝团 Lv12]
2026-05-22 21:23:37,1215429740594140,猫猫🐱,[捂脸][捂脸][捂脸],,
2026-05-22 21:23:38,68782355342,唇膜纯纯柚,666,[等级17],[粉丝团 Lv11]
2026-05-22 21:23:38,2129109692727048,8023,[捂脸][捂脸][捂脸],[等级17],[粉丝团 Lv10]
2026-05-22 21:23:38,3051888308391678,可乐漆,牛逼,[等级15],
2026-05-22 21:23:39,65759032219,权心权意,[捂脸][捂脸][捂脸][捂脸][捂脸],[等级8],
2026-05-22 21:23:39,1644468157809064,谢军,[捂脸][捂脸][捂脸][捂脸],[等级30],[粉丝团 Lv9]
2026-05-22 21:23:39,796478002168072,摩天伦,饿,,
2026-05-22 21:23:40,2066675337277655,行者也,知道个屁,[等级16],
2026-05-22 21:23:40,101875225014,🐮,这让你活了,[等级15],[粉丝团 Lv7]
2026-05-22 21:23:40,93118804306,菡香大米⁹²⁰⁰,笑死了,[等级32],[粉丝团 Lv12]
2026-05-22 21:23:41,58805806221,瞎跑,猫局真怂怕死,[等级31],[粉丝团 Lv12]
2026-05-22 21:23:41,75956341032,唯一,可怜的猫橘,[等级16],[粉丝团 Lv10]
2026-05-22 21:23:41,2946315483621007,杪諒,该,[等级31],[粉丝团 Lv10]
2026-05-22 21:23:41,2810776444220189,dhkslal,这网卡了,[等级30],[粉丝团 Lv1]
2026-05-22 21:23:42,58613257088,0.2°,局哥紧张坏了,[等级16],[粉丝团 Lv4]
2026-05-22 21:23:43,2817386623016416,Hope 㞮孞,好险,[等级14],[粉丝团 Lv11]
2026-05-22 21:23:44,1881983920385927,希芙,累死了[捂脸],[等级4],
2026-05-22 21:23:44,60743243189,浅夏🌿,慌的一批,[等级12],[粉丝团 Lv10]
2026-05-22 21:23:44,3813545012640039,ShesArebel,小手枪上大分,[等级4],[粉丝团 Lv4]
2026-05-22 21:23:44,95982756272,🌈好了不许说了,真不错,[等级19],[粉丝团 Lv5]
2026-05-22 21:23:44,2170912010143284,Yeri.,牛牛牛,[等级15],[粉丝团 Lv10]
2026-05-22 21:23:44,98127314878,艾瑞巴蒂跟我一起嗨,急死人了,[等级25],[粉丝团 Lv11]
2026-05-22 21:23:44,52442338129,起床困难户🐾,卡着我了[看],[等级16],[粉丝团 Lv3]
2026-05-22 21:23:44,68278570215,🌟锦霄🌟,[捂脸][捂脸][捂脸]小手枪牛逼,[等级19],[粉丝团 Lv14]
2026-05-22 21:23:45,3795156287621927,拾欢,[捂脸][捂脸][捂脸],[等级15],[粉丝团 Lv13]
2026-05-22 21:23:45,92820219610,7-sec,我也以为我卡了,[等级15],[粉丝团 Lv11]
2026-05-22 21:23:45,92131001724,蒋卓霖℡,投诉电信,[等级13],[粉丝团 Lv9]
2026-05-22 21:23:46,3394899074375095,繁星、,小手枪立大功,[等级31],[粉丝团 Lv10]
2026-05-22 21:23:47,3143595301,懒洋洋,给局哥忙坏了[看][看][看],[等级26],[粉丝团 Lv12]
2026-05-22 21:23:48,92820219610,7-sec,啊哈哈哈,[等级15],[粉丝团 Lv11]
2026-05-22 21:23:49,3907039262152297,健身房钉子户,你怎么那么卡,,
2026-05-22 21:23:49,109187715403,💍華,网卡的好啊,[等级33],[粉丝团 Lv12]
2026-05-22 21:23:49,83536542252,龍🐉行龘龘,这手枪立大功,[等级19],
2026-05-22 21:23:50,1093354181100637,Gᴗo_ᥫᩣ,感谢猫局[捂脸],[等级15],[粉丝团 Lv12]
2026-05-22 21:23:52,71830617955,認生若如初見,这波爷们枪立功。[捂脸],[等级31],[粉丝团 Lv16]
2026-05-22 21:23:53,102880102152,悍匪﹉,早跟你说卡，不看弹幕,[等级19],
2026-05-22 21:23:53,70800997813,哈哈～,@金浅浅～ 抓住,[等级19],[粉丝团 Lv13]
2026-05-22 21:23:54,109109492047,z浩哥,手枪又立功了,[等级7],
2026-05-22 21:23:56,4441674979758301,强Ge,我以为是我卡,[等级19],[粉丝团 Lv8]
2026-05-22 21:23:57,92820219610,7-sec,我还在换网络,[等级15],[粉丝团 Lv11]
2026-05-22 21:23:57,3756353125118381,聆听伤感的雨,该死，460,[等级7],[粉丝团 Lv1]
2026-05-22 21:23:59,3377290333127367,开水煮菜椒,手枪打得可以啊[捂脸],[等级2],[粉丝团 Lv6]
2026-05-22 21:23:59,76927102221,足迹,[捂脸][捂脸][捂脸],[等级32],[粉丝团 Lv9]
2026-05-22 21:23:59,96882995954,向南,卡卡卡卡卡卡卡卡卡卡卡卡卡卡,[等级27],
2026-05-22 21:23:59,98127314878,艾瑞巴蒂跟我一起嗨,还站的高呢[捂脸][捂脸][捂脸][捂脸],[等级25],[粉丝团 Lv11]
2026-05-22 21:24:01,92820219610,7-sec,我说怎么卡了,[等级15],[粉丝团 Lv11]
2026-05-22 21:24:01,59958431840,钱多多🍸,倒了还能打两个，真牛,[等级19],[粉丝团 Lv10]
2026-05-22 21:24:01,70923711471,辣椒🌶️,还好有猫局[捂脸],[等级14],[粉丝团 Lv7]
2026-05-22 21:24:02,97014636164,七喜,怎么回事，没交网费吗,[等级20],[粉丝团 Lv3]
2026-05-22 21:24:03,101350113102,🌈Coco🌈,演队友呢,[等级11],[粉丝团 Lv7]
2026-05-22 21:24:03,55700756187,你我没有他,这都能活,[等级12],[粉丝团 Lv12]
2026-05-22 21:24:04,3051888308391678,可乐漆,又卡了,[等级15],
2026-05-22 21:24:05,100390017761,顺,我以为是我卡,[等级6],
2026-05-22 21:24:05,101065533023,🌈冷漠,局哥懵逼了[赞],[等级19],[粉丝团 Lv10]
2026-05-22 21:24:06,102037728505,梁山ོ࿐玉麒麟,手枪打死一个,[等级14],[粉丝团 Lv12]
2026-05-22 21:24:06,3544449118126824,爱吃醋的李,雅姐这个网出好几次网络问题了,[等级25],[粉丝团 Lv11]
2026-05-22 21:24:06,94275605445,清玄君,指挥交通呢在石头上,[等级15],[粉丝团 Lv6]
2026-05-22 21:24:06,1637624566515033,陈晨-婷,破网，该换了,[等级1],
2026-05-22 21:24:07,88308265454,靇錿昇圍,哈哈哈哈哈,[等级12],
2026-05-22 21:24:07,62070204634,煜 林,笑死了，[捂脸],[等级19],[粉丝团 Lv4]
2026-05-22 21:24:08,3214596727637228,王某人✔,这命够硬,[等级31],[粉丝团 Lv12]
2026-05-22 21:24:09,67851755535,淳1,好卡[捂脸],[等级9],[粉丝团 Lv11]
2026-05-22 21:24:10,3825901139410685,李哥,大难不死必有后福,[等级31],[粉丝团 Lv10]
2026-05-22 21:24:10,2810776444220189,dhkslal,[捂脸][捂脸][捂脸][捂脸][捂脸]猫局还是牛 忙坏了,[等级30],[粉丝团 Lv1]
2026-05-22 21:24:11,3544449118126824,爱吃醋的李,找商家,[等级25],[粉丝团 Lv11]
2026-05-22 21:24:13,55700756187,你我没有他,真难死啊，哈哈,[等级12],[粉丝团 Lv12]
2026-05-22 21:24:14,1822363298300364,冰糖葫卢先生,用电信的才得,,
2026-05-22 21:24:15,95982756272,🌈好了不许说了,好卡😫,[等级19],[粉丝团 Lv5]
2026-05-22 21:24:15,92961141368,*,带带你那两姐妹吧，红温了蛙,[等级14],
2026-05-22 21:24:16,3724768647847668,祈爱,@悍匪﹉ 有延迟你是人才吗,[等级23],[粉丝团 Lv11]
2026-05-22 21:24:16,3026322828036093,徐徐⁰⁵32,又有素材了[比心][比心][比心],[等级13],[粉丝团 Lv12]
2026-05-22 21:24:17,2546077208152651,我昰一怾鱼,早就卡了,[等级28],[粉丝团 Lv4]
2026-05-22 21:24:18,55931566812,豆浆油条、,还好有手枪,[等级14],
2026-05-22 21:24:18,4217368696861491,夏雨KaiXin😄,一卡一卡,[等级23],[粉丝团 Lv1]
2026-05-22 21:24:18,109187715403,💍華,这都没噶,[等级33],[粉丝团 Lv12]
2026-05-22 21:24:18,98247062246,ཉ小懒猫ཉ,我还以为我家网不好呢，[捂脸],[等级6],[粉丝团 Lv6]
2026-05-22 21:24:20,21631942527252,途归¢,你没事啃啥网线[捂脸],[等级32],[粉丝团 Lv15]
2026-05-22 21:24:20,2557938630138812,土狗钙中钙,被对方吓得呆在原地,[等级14],
2026-05-22 21:24:20,73780953731,章鱼哥,直接卡死,[等级22],
2026-05-22 21:24:22,4287742060012696,严干,直接把队友给卖了,[等级19],[粉丝团 Lv4]
2026-05-22 21:24:22,108825768878,南山居士,不要用WIFI用数据流量,[等级1],
2026-05-22 21:24:24,923214816488077,妄願,把你的人换了,[等级23],
2026-05-22 21:24:24,730510379455012,梦七星,拔网线了,[等级15],[粉丝团 Lv6]
2026-05-22 21:24:25,105457912449,Mr.馬,之前就卡了一次,[等级11],[粉丝团 Lv11]
2026-05-22 21:24:26,2330588968395416,贝塔β,你网不是老卡嘛,[等级25],[粉丝团 Lv14]
2026-05-22 21:24:27,3143595301,懒洋洋,@金浅浅～ 你看 老黑也会卡[看],[等级26],[粉丝团 Lv12]
2026-05-22 21:24:27,101113424883,加菲猫,还好有猫局啊[看],[等级17],
2026-05-22 21:24:28,2817386623016416,Hope 㞮孞,队友祭天 法力无边,[等级14],[粉丝团 Lv11]
2026-05-22 21:24:31,99240303123,🔥影儿🔥,你一卡网就要没了,[等级16],[粉丝团 Lv10]
2026-05-22 21:24:32,104958604128,嘿洞洞,姜子牙就是牛,[等级15],
2026-05-22 21:24:32,81178202457,এۣۖ: ℳღ幸运²º²6࿐,手枪没子弹壳,[等级26],
2026-05-22 21:24:33,14875459344,兔子,手枪没子弹,[等级10],[粉丝团 Lv2]
2026-05-22 21:24:35,104467877164,为人民服务！,找商家，不稳定,[等级23],[粉丝团 Lv4]
2026-05-22 21:24:36,106880280722,我行我素,怎么回事回音,[等级13],[粉丝团 Lv8]
2026-05-22 21:24:36,3689566313123524,一起打豆豆,我们也卡,[等级7],[粉丝团 Lv7]
2026-05-22 21:24:36,50614707377,车魔,一直在卡,[等级36],[粉丝团 Lv8]
2026-05-22 21:24:39,4446023623128787,王多余先生,是卡了，,[等级6],
2026-05-22 21:24:42,2817386623016416,Hope 㞮孞,队友祭天法力无边,[等级14],[粉丝团 Lv11]
2026-05-22 21:24:42,102292532517,哥不帅,我以为我卡，刚换的网,[等级2],[粉丝团 Lv6]
2026-05-22 21:24:42,103253542360,城里养猫的农村人,张老黑你打死我了[流泪],[等级24],[粉丝团 Lv2]
2026-05-22 21:24:42,100117444696,☪꯭zy憨憨୧⍤⃝💕🌸 °,帅气逼人组合,[等级11],
2026-05-22 21:24:42,87900359390,一个怡,又卡了,[等级10],[粉丝团 Lv5]
2026-05-22 21:24:49,880030214010447,抖音@农村小张哥,卡死了,[等级10],
2026-05-22 21:24:51,7450110997022393401,保护水晶,你还卡老黑,[等级4],[粉丝团 Lv6]
2026-05-22 21:24:51,2428188442756551,钟无艳,还有皇马的事儿？,[等级6],
2026-05-22 21:24:51,109997406457,ㅤㅤ︃ㅤ︃︅︄︃   ㅤㅤ,打手枪主播,[等级28],[粉丝团 Lv1]
2026-05-22 21:24:52,1626875586159368,老韦,下回你们打老黑的时候我去帮你们拔网线[呲牙],[等级13],[粉丝团 Lv13]
2026-05-22 21:24:53,67488295707,不能再吃了哦,卡了,[等级16],
2026-05-22 21:24:57,2532895178888260,【俩俩相忘】安静看👀🚫禁止带节奏,吓死了[捂脸],[等级9],
2026-05-22 21:24:57,87483850393,堪培拉的风,那明显是老黑的网络问题,[等级28],[粉丝团 Lv5]
2026-05-22 21:24:58,81178202457,এۣۖ: ℳღ幸运²º²6࿐,手枪子弹,[等级26],
2026-05-22 21:24:59,2817386623016416,Hope 㞮孞,急死了 直接断开连接[捂脸],[等级14],[粉丝团 Lv11]
2026-05-22 21:24:59,62831274305,肆初,还是雅雅更有战略，猫局跟雅雅比还是差点,[等级18],[粉丝团 Lv8]
2026-05-22 21:24:59,100726631774,✨墙,来了来了，日常打卡签到,[等级16],
2026-05-22 21:25:00,3826750988493931,丰富多彩,手枪立功了,[等级23],
2026-05-22 21:25:01,60009538444,小豆豆年华,老黑手枪打死两个,[等级11],[粉丝团 Lv9]
2026-05-22 21:25:03,3825901139410685,李哥,关心则乱[捂脸],[等级31],[粉丝团 Lv10]
2026-05-22 21:25:03,1203295698027683,舍我其谁,卡死了,[等级9],
2026-05-22 21:25:05,1525725697671843,暮云归²⁰²⁶,局哥怕被骂[泣不成声],[等级42],[粉丝团 Lv12]
2026-05-22 21:25:07,3394899074375095,繁星、,现在不卡，卡的重进,[等级31],[粉丝团 Lv10]
2026-05-22 21:25:07,3722285933933771,群众里面有坏人,局哥怕你死了,[等级4],[粉丝团 Lv8]
2026-05-22 21:25:08,588965723781339,星哥,这猫真没一点主见[捂脸],[等级15],[粉丝团 Lv10]
2026-05-22 21:25:09,2532895178888260,【俩俩相忘】安静看👀🚫禁止带节奏,瞪眼动不了[尬笑][尬笑][尬笑],[等级9],
2026-05-22 21:25:10,81922832250,心之所向 (-^〇^-),局哥是真的爱你,[等级12],[粉丝团 Lv11]
2026-05-22 21:25:10,103977150715,唯 一,猫局稳,[等级35],[粉丝团 Lv10]
2026-05-22 21:25:10,880030214010447,抖音@农村小张哥,我以为是我的网的事呢,[等级10],
2026-05-22 21:25:11,3254200918620200,0939,不卡,[等级21],[粉丝团 Lv10]
2026-05-22 21:25:11,1093354181100637,Gᴗo_ᥫᩣ,还是有点卡,[等级15],[粉丝团 Lv12]
2026-05-22 21:25:13,109110487589,M💞,给局哥指挥傻了[捂脸],[等级4],
2026-05-22 21:25:16,109042802862,有点困,这网卡死两队友[捂脸][捂脸],[等级14],
2026-05-22 21:25:17,3996063592881981,@@🚬yangꦿ᭄ཽ࿆࿆:,我以为我手机卡了呢[捂脸][捂脸][捂脸],[等级15],[粉丝团 Lv10]
2026-05-22 21:25:17,1525725697671843,暮云归²⁰²⁶,局哥有点卑微[泣不成声],[等级42],[粉丝团 Lv12]
2026-05-22 21:25:18,297345567958281,憨不拢怂,主心骨倒了心就乱了,[等级30],[粉丝团 Lv3]
2026-05-22 21:25:18,70800997813,哈哈～,香香软软小蛋糕雅雅,[等级19],[粉丝团 Lv13]
2026-05-22 21:25:18,69572466813,鱼七月,手机重启两次，我以为我网卡了[捂脸],[等级13],[粉丝团 Lv9]
2026-05-22 21:25:19,3865473672555291,海阔天空,老黑流7天都没事,[等级7],
2026-05-22 21:25:19,61303363390,华南城商办站斧浏览器Amber,现在的网络这事情，不想吐槽[捂脸][捂脸][捂脸],[等级30],[粉丝团 Lv13]
2026-05-22 21:25:20,105633835483,醉卧沙场君莫笑,意味着你要嘎,[等级27],[粉丝团 Lv16]
2026-05-22 21:25:21,55479357489,熊猫说爱马,用蓝彩在看，网几十G好的一批，卡了肯定不是我的原因[捂脸],[等级5],[粉丝团 Lv3]
2026-05-22 21:25:21,110527293027,【柳哥】,卡死了[捂脸],[等级27],[粉丝团 Lv12]
2026-05-22 21:25:22,71126905166,抖音小肋手,不卡。重新进来一下,[等级11],[粉丝团 Lv10]
2026-05-22 21:25:22,4503658257446344,🥐cornetto,在张老黑家门口放了一个干扰器,[等级41],[粉丝团 Lv7]
2026-05-22 21:25:22,7471122850271872058,沧浪客,我刚刚也被踢出去了,[等级9],
2026-05-22 21:25:23,3934507317863532,一个从人民中走出来的普通人（轮回版）,黑宝,[等级23],[粉丝团 Lv2]
2026-05-22 21:25:23,2250081796098826,歩凡,手枪立大功,[等级29],[粉丝团 Lv3]
2026-05-22 21:25:23,94196000507,🌈*🌈立   行,为什么那样还能打手枪,[等级7],[粉丝团 Lv2]
2026-05-22 21:25:26,2817386623016416,Hope 㞮孞,338扫车牛逼带闪电,[等级14],[粉丝团 Lv11]
2026-05-22 21:25:26,52279590455,送你一朵小红花😘,快补药,[等级1],
2026-05-22 21:25:30,1333022732588423,烟草味的情怀,手枪打倒2个,[等级3],[粉丝团 Lv5]
2026-05-22 21:25:33,918823881682087,&无感状态,手枪立大功啊[赞],[等级17],
2026-05-22 21:25:33,7597413643777770545,哭哭马,我以为我网络卡呢，换枪也是卡住了，,[等级14],
2026-05-22 21:25:33,71126905166,抖音小肋手,不卡重新进入一下试试,[等级11],[粉丝团 Lv10]
2026-05-22 21:25:34,3467204218599760,Wo,手枪立大功[捂脸],,
2026-05-22 21:25:35,1852009193418295,999,猫局怕被骂[呲牙][呲牙],[等级24],[粉丝团 Lv12]
2026-05-22 21:25:35,104910766548,阿眠,我又卡了？,[等级15],[粉丝团 Lv4]
2026-05-22 21:25:40,97014636164,七喜,小手枪可要好好留着,[等级20],[粉丝团 Lv3]
2026-05-22 21:25:43,109109492047,z浩哥,手枪又立功了,[等级7],
2026-05-22 21:25:45,71126905166,抖音小肋手,不卡，重新进来一下试试,[等级11],[粉丝团 Lv10]
2026-05-22 21:25:46,76927102221,足迹,子弹又扔了,[等级32],[粉丝团 Lv9]
2026-05-22 21:25:52,102028794518,用户110524,还好刚刚有手枪,[等级19],[粉丝团 Lv7]
2026-05-22 21:25:54,3826750988493931,丰富多彩,手枪立功了,[等级23],
2026-05-22 21:25:55,1333022732588423,烟草味的情怀,之前就卡了,[等级3],[粉丝团 Lv5]
2026-05-22 21:25:56,2009542393864356,铭朗建筑小周,差点凉凉[呲牙],[等级34],[粉丝团 Lv10]
2026-05-22 21:25:57,4503658257446344,🥐cornetto,@🌈*🌈立   行 多玩几把,[等级41],[粉丝团 Lv7]
2026-05-22 21:25:57,84659846809,巴啦啦还挺亮,猫局在打晋级赛吗是,[等级16],[粉丝团 Lv5]
2026-05-22 21:25:58,1185721257299652,乘风破浪,一直在卡,,
2026-05-22 21:25:59,64075674821,🌈清风逸云,刚才我家网也卡了,[等级10],[粉丝团 Lv5]
2026-05-22 21:25:59,1822363298300364,冰糖葫卢先生,网络不好,,
2026-05-22 21:25:59,1812434247224028,远山归途客,新赛季几点,[等级9],
2026-05-22 21:26:00,110412377213,春江钓徒,手枪立功了。干掉两个,[等级9],
2026-05-22 21:26:00,4164567745964686,帕·拉,下次再这样罚款,[等级26],[粉丝团 Lv11]
2026-05-22 21:26:01,74785611530,心心慈,网都玩不明白，你还直播[捂脸],[等级28],
2026-05-22 21:26:01,109544019260,农夫三拳,我以为我卡了呢！[捂脸][捂脸][捂脸],[等级10],[粉丝团 Lv11]
2026-05-22 21:26:02,65885052114,看透不说透,临危不乱，爷们枪用的出神入化[赞],[等级11],[粉丝团 Lv2]
2026-05-22 21:26:03,100117444696,☪꯭zy憨憨୧⍤⃝💕🌸 °,一万人呢？这女的很厉害吗,[等级11],
2026-05-22 21:26:03,880030214010447,抖音@农村小张哥,卡死了,[等级10],
2026-05-22 21:26:04,2585650802991342,🥖👀🌭,我还以为我卡了呢,[等级16],
2026-05-22 21:26:04,3134034738939646,阳光~,我始终还记得张老黑上一次子弹没上，一打三，最后没打过,[等级15],[粉丝团 Lv2]
2026-05-22 21:26:05,81214383347,superid,怎么刚才显示关播了,[等级11],
2026-05-22 21:26:06,66000111942,東,[捂脸],[等级6],[粉丝团 Lv4]
2026-05-22 21:26:07,2066675337277655,行者也,我切蓝光也不管用啊,[等级16],
2026-05-22 21:26:07,71126905166,抖音小肋手,现在不卡，卡的重新进来一下试试,[等级11],[粉丝团 Lv10]
2026-05-22 21:26:08,74374607732,闫里只有你,吧队友害了,[等级1],
2026-05-22 21:26:08,2810776444220189,dhkslal,手枪打俩 很牛了,[等级30],[粉丝团 Lv1]
2026-05-22 21:26:09,2817386623016416,Hope 㞮孞,这款手枪🔫就是个纯纯的迷你冲锋枪,[等级14],[粉丝团 Lv11]
2026-05-22 21:26:09,102452474527,龙少🇨🇳,我以为我手机卡了呢,[等级13],[粉丝团 Lv11]
2026-05-22 21:26:11,75300830217,小 胖 超,下次甜妹儿打决赛圈就去把她网线剪掉,[等级14],[粉丝团 Lv13]
2026-05-22 21:26:13,940837080671358,烟雨深,家换了就不卡了,[等级6],
2026-05-22 21:26:15,104751122661,夏夜,现在不卡了,[等级13],[粉丝团 Lv10]
2026-05-22 21:26:15,1903972194453294,小虎@,几万人看，万一张老黑没了又要怪猫局,[等级8],
2026-05-22 21:26:17,74627632757,嚣张大蟑螂,我还以为我卡了,[等级15],[粉丝团 Lv2]
2026-05-22 21:26:17,4499643040531264,yiqi7,看猫局也有点卡,[等级12],[粉丝团 Lv11]
2026-05-22 21:26:19,110527293027,【柳哥】,是不是人家偷你家的网,[等级27],[粉丝团 Lv12]
2026-05-22 21:26:19,98127314878,艾瑞巴蒂跟我一起嗨,站的老高了[捂脸],[等级25],[粉丝团 Lv11]
2026-05-22 21:26:22,87483850393,堪培拉的风,那属实是身残志坚了,[等级28],[粉丝团 Lv5]
2026-05-22 21:26:25,3996063592881981,@@🚬yangꦿ᭄ཽ࿆࿆:,还好是你卡了，我以为我手机卡了，我想把它给砸了,[等级15],[粉丝团 Lv10]
2026-05-22 21:26:26,72907249364,兔子先生,手枪获得了MVP[看],[等级20],[粉丝团 Lv3]
2026-05-22 21:26:26,103512974338,麋鹿面具,我这里也卡了[捂脸],[等级9],[粉丝团 Lv5]
2026-05-22 21:26:26,31247313669180,许一颗真心,[捂脸],[等级15],[粉丝团 Lv7]
2026-05-22 21:26:27,7538654499440952377,꧁唯꧂,大家动动发财的小手点点赞[比心][比心]大家动动发财的小手点点赞[比心][比心]点点赞点点赞点点赞[比心][比心],[等级7],[粉丝团 Lv4]
2026-05-22 21:26:28,3689566313123524,一起打豆豆,队友不给力，一碰就碎,[等级7],[粉丝团 Lv7]
2026-05-22 21:26:29,86134243020,大盛🔥,毛局慌了,[等级17],[粉丝团 Lv6]
2026-05-22 21:26:30,76786388221,🌈 海龍_,及时掏出爷们枪,[等级24],[粉丝团 Lv11]
2026-05-22 21:26:31,2330588968395416,贝塔β,好呆,[等级25],[粉丝团 Lv14]
2026-05-22 21:26:32,1093354181100637,Gᴗo_ᥫᩣ,还是有点小卡,[等级15],[粉丝团 Lv12]
2026-05-22 21:26:32,474639356942429,多云转晴,你哪里下雨了吧，下雨天网就不好,[等级29],[粉丝团 Lv15]
2026-05-22 21:26:35,1350625144618110,别灰心,路由器太烫了,[等级5],[粉丝团 Lv7]
2026-05-22 21:26:37,2532895178888260,【俩俩相忘】安静看👀🚫禁止带节奏,[捂脸][捂脸],[等级9],
2026-05-22 21:26:38,1185721257299652,乘风破浪,卡了三次,,
2026-05-22 21:26:39,3394899074375095,繁星、,小手枪抠的好[捂脸],[等级31],[粉丝团 Lv10]
2026-05-22 21:26:43,7538654499440952377,꧁唯꧂,大家动动发财的小手点点赞[比心][比心]大家动动发财的小手点点赞[比心][比心]点点赞点点赞点点赞[,[等级7],[粉丝团 Lv4]
2026-05-22 21:26:45,2532895178888260,【俩俩相忘】安静看👀🚫禁止带节奏,就喜欢呆呆[捂脸][捂脸][捂脸],[等级9],
2026-05-22 21:26:47,7538654499440952377,꧁唯꧂,大家动动发财的小手点点赞[比心][比心]大家动动发财的小手点点赞[比心][比心]点点赞点点赞点点赞[比心][比心],[等级7],[粉丝团 Lv4]
2026-05-22 21:26:50,87243903052,辞川,这把感谢局哥,[等级24],[粉丝团 Lv11]
2026-05-22 21:26:53,7538654499440952377,꧁唯꧂,大家动动发财的小手点点赞[比心][比心]大家动动发财的小手点点赞[比心][比心]点点赞点点赞点点赞[比心][比心],[等级7],[粉丝团 Lv4]
2026-05-22 21:26:58,4503658257446344,🥐cornetto,@多云转晴 下雨不打雷不会,[等级41],[粉丝团 Lv7]
2026-05-22 21:26:59,3142836146668346,LANGY,还以为是要我换新[抠鼻][抠鼻][抠鼻][抠鼻][抠鼻][抠鼻][抠鼻][抠鼻][抠鼻][抠鼻][抠鼻][抠鼻][抠鼻][抠鼻][抠鼻][抠鼻][抠鼻][抠鼻][抠鼻][抠鼻][抠鼻][抠鼻][抠鼻]手机,[等级3],
2026-05-22 21:27:04,72217520044,🌈朋友俾面,卡,[等级19],
2026-05-22 21:27:10,3509280366147309,小拉扎,人形挂,[等级8],
2026-05-22 21:27:14,223912175602243,小鱼仔,我去 厉害啊👍,[等级17],
2026-05-22 21:27:15,68353012930,97年的大叔,666,[等级32],
2026-05-22 21:27:16,75870868149,吃饭的时候不饿,又卡了,[等级12],[粉丝团 Lv9]
2026-05-22 21:27:17,4475458192938265,圆圆喊救命老黑有事要先走,在画面有点熟阿,[等级21],[粉丝团 Lv12]
2026-05-22 21:27:18,72217520044,🌈朋友俾面,卡,[等级19],
2026-05-22 21:27:18,102469975321,✨名门⭐️,[666][666][666],[等级19],[粉丝团 Lv15]
2026-05-22 21:27:19,95442492567,破浪,ᥬ[懵]ᩤ ᥬ[懵]ᩤ ᥬ[懵]ᩤ,[等级29],[粉丝团 Lv12]
2026-05-22 21:27:22,2410566453040446,朋友的酒,还是很卡,[等级3],[粉丝团 Lv7]
2026-05-22 21:27:24,98485038391,二、二,怎么看有自救？,[等级4],
2026-05-22 21:27:25,7538654499440952377,꧁唯꧂,大家动动发财的小手点点赞[比心][比心]大家动动发财的小手点点赞[比心][比心]点点赞点点赞点点赞[比心][比心],[等级7],[粉丝团 Lv4]
2026-05-22 21:27:26,98127314878,艾瑞巴蒂跟我一起嗨,发一马,[等级25],[粉丝团 Lv11]
2026-05-22 21:27:28,71126905166,抖音小肋手,牛逼,[等级11],[粉丝团 Lv10]
2026-05-22 21:27:28,2330588968395416,贝塔β,不卡了啊,[等级25],[粉丝团 Lv14]
2026-05-22 21:27:31,2172229561625960,好嗨哟,上[捂脸]唉哟,[等级25],[粉丝团 Lv13]
2026-05-22 21:27:33,3852312079508893,奋～斗～的～小～蝌～蚪,不卡了,[等级6],
2026-05-22 21:27:35,75943672986,梦想_246046321,不卡了,[等级5],
2026-05-22 21:27:35,4220359780340569,九叶千诺,卡老火了,,
2026-05-22 21:27:36,2410566453040446,朋友的酒,怎么回事,[等级3],[粉丝团 Lv7]
2026-05-22 21:27:37,3733595632970019,❤️初寒,谁知道新赛季什么时候,[等级23],[粉丝团 Lv10]
2026-05-22 21:27:39,51873971144,@鲁九,君雅给你二舅学的狙挺厉害,[等级12],
2026-05-22 21:27:40,93074255436,Zzzzzzzzzjk,这手搓还是陀螺仪啊。这么厉害👍🏿,[等级12],
2026-05-22 21:27:41,880059907846903,用户6642463680498,卡卡（卡卡卡卡卡卡卡,[等级7],
2026-05-22 21:27:41,108802633246,泡沫🫧,又卡,[等级2],
2026-05-22 21:27:46,107662442756,老曾⁶¹⁷,还卡的退出直播间重进一下,[等级20],[粉丝团 Lv11]
2026-05-22 21:27:47,79138729699,☞小刘忙☜,晋级不容易啊,[等级30],[粉丝团 Lv7]
2026-05-22 21:27:52,51873971144,@鲁九,给你二舅有一拼,[等级12],
2026-05-22 21:27:57,4495217889387608,今晚吃烤鱼,？,[等级19],[粉丝团 Lv5]
2026-05-22 21:27:57,97014636164,七喜,人手一个自救,[等级20],[粉丝团 Lv3]
2026-05-22 21:27:58,95442492567,破浪,ᥬ[懵]ᩤ ᥬ[懵]ᩤ ᥬ[懵]ᩤ,[等级29],[粉丝团 Lv12]
2026-05-22 21:27:59,111156712881,有把妹天赋,太牛了,[等级19],[粉丝团 Lv10]
2026-05-22 21:28:05,7538654499440952377,꧁唯꧂,大家动动发财的小手点点赞[比心][比心]大家动动发财的小手点点赞[比心][比心]点点赞点点赞点点赞[比心][比心],[等级7],[粉丝团 Lv4]
2026-05-22 21:28:13,7538654499440952377,꧁唯꧂,大家动动发财的小手点点赞[比心][比心]大家动动发财的小手点点赞[比心][比心]点点赞点点赞点点赞[比心][比心],[等级7],[粉丝团 Lv4]
2026-05-22 21:28:16,3364966991930327,皮皮虾,卡死,[等级8],[粉丝团 Lv10]
2026-05-22 21:28:17,88647518758,不吃青菜🥬,君雅，牛批,[等级8],
2026-05-22 21:28:19,1875121556175175,与山共海,对面：挂！挂！挂！,,
2026-05-22 21:28:26,62828234454,躺平壹歌,今晚新赛季了,[等级11],
2026-05-22 21:28:29,2330588968395416,贝塔β,我趣,[等级25],[粉丝团 Lv14]
2026-05-22 21:28:30,7504143963839775801,松烟客,今天延迟声音这么久,,
2026-05-22 21:28:31,109305454829,⠀ ⠀⠀,？,[等级6],[粉丝团 Lv10]
2026-05-22 21:28:34,3934507317863532,一个从人民中走出来的普通人（轮回版）,[比心]黑宝,[等级23],[粉丝团 Lv2]
2026-05-22 21:28:34,99454058061,划过你眼中的泪,卡,[等级28],[粉丝团 Lv12]
2026-05-22 21:28:34,95442492567,破浪,ᥬ ᥬ[懵]ᩤ,[等级29],[粉丝团 Lv12]
2026-05-22 21:28:37,3606873558496464,是月亮呀,？,[等级12],[粉丝团 Lv8]
2026-05-22 21:28:38,51873971144,@鲁九,比你二舅还要厉害这狙打的,[等级12],
2026-05-22 21:28:40,96395406876893,K*,卡死,,
2026-05-22 21:28:40,1203295698027683,舍我其谁,？,[等级9],
2026-05-22 21:28:44,3934507317863532,一个从人民中走出来的普通人（轮回版）,宝[捂脸],[等级23],[粉丝团 Lv2]
2026-05-22 21:28:44,1601307141743736,雅俗共赏,？？？,[等级28],
2026-05-22 21:28:45,4001867781381405,叨叨叨,不卡了,[等级22],[粉丝团 Lv10]
2026-05-22 21:28:47,928463634584862,沈阳美沃门窗精品店,？,,
2026-05-22 21:28:48,1601307141743736,雅俗共赏,？？？？,[等级28],
2026-05-22 21:28:49,1464191219420044,独一无二,338子弹,[等级31],[粉丝团 Lv4]
2026-05-22 21:28:54,3394899074375095,繁星、,卡的重进，一直叫叫叫,[等级31],[粉丝团 Lv10]
2026-05-22 21:28:54,2788834876852060,𝘏𝘦𝘯𝘯𝘦𝘴𝘴𝘦𝘺,有人请我抽盒烟吗[尴尬流汗][尴尬流汗][尴尬流汗][尴尬流汗][尴尬流汗][尴尬流汗][尴尬流汗][尴尬流汗][尴尬流汗],[等级30],[粉丝团 Lv6]
2026-05-22 21:28:57,78611720919,阿秋☞,卡了,[等级8],
2026-05-22 21:28:58,246758888446382,大猪蹄子🐷,俺是山西晋绥军总司令,[等级16],
2026-05-22 21:29:01,105351628555,伍壹哥,身残志坚，这么硬的词用这了,[等级2],
2026-05-22 21:29:04,63019632364,仰望星空,还是断断续续卡,[等级31],[粉丝团 Lv5]
2026-05-22 21:29:07,4459243629712462,永( ˝ᗢ̈˝ )²⁴⁹,太溜了,[等级24],[粉丝团 Lv13]
2026-05-22 21:29:08,3853110172199261,吃点猫耳朵,刚才又卡了一下,[等级10],[粉丝团 Lv9]
2026-05-22 21:29:08,3509280366147309,小拉扎,老黑=锁头 幻影坦克 透视,[等级8],
2026-05-22 21:29:17,105457912449,Mr.馬,[666][666][666][666],[等级11],[粉丝团 Lv11]
2026-05-22 21:29:17,3711552190417088,TiAom·,牛,[等级15],[粉丝团 Lv10]
2026-05-22 21:29:18,105436758931,困眠,？,[等级12],[粉丝团 Lv4]
2026-05-22 21:29:19,1267112040465127,齐倒倒,牛逼,[等级21],[粉丝团 Lv13]
2026-05-22 21:29:19,957047521416025,泪水打湿猪脚饭,？,[等级4],
2026-05-22 21:29:19,102469975321,✨名门⭐️,[666][666][666],[等级19],[粉丝团 Lv15]
2026-05-22 21:29:19,101470088725,山 海,啊？,[等级5],
2026-05-22 21:29:19,1409994799981447,奎ら哥,6,[等级19],[粉丝团 Lv11]
2026-05-22 21:29:19,72661179805,🥑,啊？,[等级17],
2026-05-22 21:29:19,396289914179806,Weyna,牛,[等级18],[粉丝团 Lv10]
2026-05-22 21:29:21,3083458370606503,账号已注销,666,[等级17],[粉丝团 Lv12]
2026-05-22 21:29:22,66743077793,任家大小姐,自救倒4次了,[等级9],[粉丝团 Lv8]
2026-05-22 21:29:22,1591683337433741,小哥,帅,[等级10],[粉丝团 Lv2]
2026-05-22 21:29:23,76786388221,🌈 海龍_,6666,[等级24],[粉丝团 Lv11]
2026-05-22 21:29:23,101926859943,折.,？？？,[等级12],[粉丝团 Lv11]
2026-05-22 21:29:23,4200551147897191,棋士,帅,[等级21],[粉丝团 Lv13]
2026-05-22 21:29:23,60374331419,锡猛,真厉害,[等级28],
2026-05-22 21:29:24,200580296878250,ο▬▬▬◙▅▅▆▆▆▆◤千,卧槽。牛逼呀,[等级7],[粉丝团 Lv10]
2026-05-22 21:29:24,85439432645,羅。,这个狙真快啊,[等级2],[粉丝团 Lv2]
2026-05-22 21:29:25,4486426404598684,..,帅,[等级3],
2026-05-22 21:29:25,21643884763804,经典永不过时,卧槽,,
2026-05-22 21:29:25,1601307141743736,雅俗共赏,？？？？,[等级28],
2026-05-22 21:29:27,2141446715747582,魏大呆,牛逼牛逼牛逼,[等级15],[粉丝团 Lv11]
2026-05-22 21:29:28,65759032219,权心权意,？,[等级8],
2026-05-22 21:29:29,75634525708,༄᭄冰封ꦿᩚ࿐,这瞬狙[666],[等级22],[粉丝团 Lv14]
2026-05-22 21:29:29,1601307141743736,雅俗共赏,？？？？,[等级28],
2026-05-22 21:29:29,109343750207,半夏梦秋CIUM,这一炮。。。,[等级12],[粉丝团 Lv8]
2026-05-22 21:29:29,80718730789,雾。,啊？,[等级16],
2026-05-22 21:29:30,111316753670,@@,帅,[等级2],
2026-05-22 21:29:30,72307494322,楠哥迷糊,666,[等级21],[粉丝团 Lv15]
2026-05-22 21:29:30,9798228273,凌峰5206,顺？？？？？？,[等级15],
2026-05-22 21:29:31,4862013350589,厉扑,这一狙牛逼啊,[等级21],[粉丝团 Lv11]
2026-05-22 21:29:31,105457912449,Mr.馬,神狙,[等级11],[粉丝团 Lv11]
2026-05-22 21:29:31,4503196767105759,志超,玩穿越火线呢，瞬狙[看][看][看][看][看],[等级3],
2026-05-22 21:29:31,95247199570,❣️-劉,啊？,[等级33],[粉丝团 Lv9]
2026-05-22 21:29:33,3934507317863532,一个从人民中走出来的普通人（轮回版）,？,[等级23],[粉丝团 Lv2]
2026-05-22 21:29:35,108192023152,安静的守护,屠杀,[等级14],[粉丝团 Lv4]
2026-05-22 21:29:35,1601307141743736,雅俗共赏,？？？？,[等级28],
2026-05-22 21:29:35,1530976442254383,带五个孤儿住天桥底下,@小拉扎 截屏去举报 有奖的,[等级27],[粉丝团 Lv11]
2026-05-22 21:29:36,68353012930,97年的大叔,开了,[等级32],
2026-05-22 21:29:37,76133959662,斯文丨孫,这瞬狙,[等级14],[粉丝团 Lv8]
2026-05-22 21:29:37,60374331419,锡猛,[比心][比心][比心][比心][比心][比心]厉害,[等级28],
2026-05-22 21:29:37,71533879276,懒得起名字,这一狙帅,[等级15],[粉丝团 Lv9]
2026-05-22 21:29:37,69260884410,@张不言,这么6啊,[等级23],
2026-05-22 21:29:37,72599065285,池,这狙这么快？,[等级16],[粉丝团 Lv9]
2026-05-22 21:29:38,70238291375,𝐉𝐤•     🕊️,冲锋狙[捂脸],[等级16],[粉丝团 Lv10]
2026-05-22 21:29:39,1031793184352656,猛踹瘸子那条好腿.,牛逼,[等级17],[粉丝团 Lv10]
2026-05-22 21:29:39,108646333799,小新同学,你这狙，有问题吧[捂脸][捂脸],[等级7],
2026-05-22 21:29:40,1675276102406664,星星⭐月亮,咋这么不敢相信？,[等级10],[粉丝团 Lv4]
2026-05-22 21:29:41,107662442756,老曾⁶¹⁷,瞬狙牛逼,[等级20],[粉丝团 Lv11]
2026-05-22 21:29:41,9798228273,凌峰5206,瞬？？？？？？？,[等级15],
2026-05-22 21:29:41,1333022732588423,烟草味的情怀,冲锋狙,[等级3],[粉丝团 Lv5]
2026-05-22 21:29:41,95381535648,嫑💞,两个名字一样啊,[等级2],
2026-05-22 21:29:41,95496292149,~予我心动～,这瞬狙牛啊[赞],[等级33],[粉丝团 Lv13]
2026-05-22 21:29:42,92428606252,圆子，我背有点痒给我挠一下嘛～,我份子钱都准备好了[捂脸],[等级26],[粉丝团 Lv8]
2026-05-22 21:29:43,3934507317863532,一个从人民中走出来的普通人（轮回版）,瞬狙[捂脸],[等级23],[粉丝团 Lv2]
2026-05-22 21:29:43,835228061934319,🌴9527,这狙……  只能说牛逼👍,[等级22],[粉丝团 Lv10]
2026-05-22 21:29:44,69883728410,汾酒小康,手都没抬就是一枪[捂脸],[等级10],
2026-05-22 21:29:45,102264718753,十 一,这一枪……,[等级26],
2026-05-22 21:29:46,2410566453040446,朋友的酒,卡死了,[等级3],[粉丝团 Lv7]
2026-05-22 21:29:49,786906148250173,G。,这手法,[等级8],
2026-05-22 21:29:49,3835557358076908,尖沙咀ikun（互关有关必回）,这不是挂？,[等级4],
2026-05-22 21:29:50,1257437656002798,某某.,你之前玩cf的吧,[等级34],[粉丝团:张君雅 Lv16]
2026-05-22 21:29:51,1601307141743736,雅俗共赏,我真不信,[等级28],
2026-05-22 21:29:51,4303952980749712,靓,这是手机还是电脑玩  怎么6,[等级5],
2026-05-22 21:29:55,76633062383,🌈🌈蓝予,好卡,[等级9],[粉丝团 Lv2]
2026-05-22 21:29:58,99372859314,启  夏,这瞬狙牛逼,[等级25],[粉丝团 Lv15]
2026-05-22 21:30:00,1626875586159368,老韦,这一狙,[等级13],[粉丝团 Lv13]
2026-05-22 21:30:03,92428606252,圆子，我背有点痒给我挠一下嘛～,[捂脸][捂脸][捂脸],[等级26],[粉丝团 Lv8]
2026-05-22 21:30:05,100228336934,忍住不想说,上游戏被杀好几次,[等级29],
2026-05-22 21:30:05,75634525708,༄᭄冰封ꦿᩚ࿐,想起了以前玩CS的时候了,[等级22],[粉丝团 Lv14]
2026-05-22 21:30:05,1675276102406664,星星⭐月亮,主播给咱打的都不是一个游戏。,[等级10],[粉丝团 Lv4]
2026-05-22 21:30:06,9798228273,凌峰5206,瞬狙是手游能打出来的操作？,[等级15],
2026-05-22 21:30:13,108646333799,小新同学,这又打不倒,[等级7],
2026-05-22 21:30:18,92845005237,海水不可斗量,为啥不打巅峰赛？,[等级29],
2026-05-22 21:30:18,103442798670,夜...dz,贴脸开炮[看],[等级14],[粉丝团 Lv11]
2026-05-22 21:30:24,61460983043,ღ᭄乐ꦿ࿐꧂,反正开镜就挂,[等级3],
2026-05-22 21:30:27,2735210901028664,海不曾怀疑夏的蓝,害队友,[等级5],
2026-05-22 21:30:29,2982321069753502,@………,@带五个孤儿住天桥底下 毛线没用,[等级26],
2026-05-22 21:30:30,78331218711,微胖╭(╯ε╰)╮大叔☞🌝᭄🌚᭄,[666][666],[等级21],[粉丝团 Lv10]
2026-05-22 21:30:34,981217295738240,记得加辣,哇趣 有一万个人[捂脸][捂脸][捂脸],[等级3],
2026-05-22 21:30:44,98211015545,金浅浅～,雷弹起来了,[等级14],[粉丝团 Lv12]
2026-05-22 21:30:56,93167578997,Ni呀,我爱你,[等级3],[粉丝团 Lv3]
2026-05-22 21:31:00,75634525708,༄᭄冰封ꦿᩚ࿐,[666][666][666],[等级22],[粉丝团 Lv14]
2026-05-22 21:31:03,2568906331919918,别煩.,俊雅明天不冲战神,[等级11],
2026-05-22 21:31:13,1530976442254383,带五个孤儿住天桥底下,@@……… 证据不成立 还要我说白吗[捂脸],[等级27],[粉丝团 Lv11]
2026-05-22 21:31:16,2982321069753502,@………,@ღ᭄乐ꦿ࿐꧂ 大家都知道，别叫[捂脸][捂脸],[等级26],
2026-05-22 21:31:17,2330588968395416,贝塔β,[捂脸][捂脸][捂脸],[等级25],[粉丝团 Lv14]
2026-05-22 21:31:17,3786358722399982,生产队的🐏,卡死了,[等级30],
2026-05-22 21:31:18,981217295738240,记得加辣,牛波一,[等级3],
2026-05-22 21:31:18,108646333799,小新同学,打比赛不见你们这么牛,[等级7],
2026-05-22 21:31:19,107662442756,老曾⁶¹⁷,这狙当步枪使了[捂脸],[等级20],[粉丝团 Lv11]
2026-05-22 21:31:19,103106480192,🌈听风吟何处,[捂脸][捂脸][捂脸],[等级31],[粉丝团 Lv11]
2026-05-22 21:31:21,1341055505801115,🧚‍♂️✨乂💦兯🍂,[捂脸][捂脸][捂脸],[等级26],[粉丝团 Lv14]
2026-05-22 21:31:23,101926859943,折.,有点卡啊,[等级12],[粉丝团 Lv11]
2026-05-22 21:31:23,981217295738240,记得加辣,哈哈哈哈哈哈哈哈哈,[等级3],
2026-05-22 21:31:23,1637624566515033,陈晨-婷,都不看房区的你们,[等级1],
2026-05-22 21:31:25,2330588968395416,贝塔β,局哥要被骂了[捂脸],[等级25],[粉丝团 Lv14]
2026-05-22 21:31:26,135964883951687,you(^_^)丹,哈哈,[等级9],
2026-05-22 21:31:26,3934507317863532,一个从人民中走出来的普通人（轮回版）,几倒了,[等级23],[粉丝团 Lv2]
2026-05-22 21:31:26,3394899074375095,繁星、,[呲牙][呲牙][呲牙],[等级31],[粉丝团 Lv10]
2026-05-22 21:31:27,1031793184352656,猛踹瘸子那条好腿.,哈哈哈哈,[等级17],[粉丝团 Lv10]
2026-05-22 21:31:28,292887482075868,一叶知秋,@海水不可斗量 巅峰赛有这个有流量吗,[等级4],[粉丝团 Lv1]
2026-05-22 21:31:29,2118132186758612,用户578970039601,不人不能在ADS前,,
2026-05-22 21:31:29,2141446715747582,魏大呆,这狙太帅了！[666][666][666][666],[等级15],[粉丝团 Lv11]
2026-05-22 21:31:29,108160051507,野猫,给你刷无人机,[等级30],[粉丝团 Lv10]
2026-05-22 21:31:30,109881104951,372923,[捂脸][捂脸][捂脸],[等级3],
2026-05-22 21:31:31,88427980807,Z☡zᶻq,局哥这么早就想睡觉了,[等级12],[粉丝团 Lv8]
2026-05-22 21:31:31,97820022728,R.,哈哈，又掏枪,[等级34],[粉丝团 Lv10]
2026-05-22 21:31:31,76927102221,足迹,[捂脸][捂脸][捂脸],[等级32],[粉丝团 Lv9]
2026-05-22 21:31:32,97014636164,七喜,这个狙我爱了,[等级20],[粉丝团 Lv3]
2026-05-22 21:31:32,1437805602674302,曼岛TT145,[捂脸][捂脸][捂脸][捂脸][捂脸],[等级19],[粉丝团 Lv2]
2026-05-22 21:31:32,2810776444220189,dhkslal,猫局被做局了 哈哈哈哈倒三次了,[等级30],[粉丝团 Lv1]
2026-05-22 21:31:32,981217295738240,记得加辣,局哥哈哈哈哈哈哈哈哈哈哈,[等级3],
2026-05-22 21:31:32,75712401102,子木,[捂脸][捂脸][捂脸],[等级31],[粉丝团 Lv10]
2026-05-22 21:31:32,101233526181,王先生1122,一分钟3到。,[等级12],[粉丝团 Lv10]
2026-05-22 21:31:33,109042802862,有点困,左边一个右边两个,[等级14],
2026-05-22 21:31:34,135964883951687,you(^_^)丹,去你猴子,[等级9],
2026-05-22 21:31:34,82118318153,强哥,有点一卡一卡的,[等级13],[粉丝团 Lv4]
2026-05-22 21:31:34,2827563650792843,༺风采依旧༻,局哥肚子疼,[等级29],[粉丝团 Lv3]
2026-05-22 21:31:36,960350058189818,流星,躺平[捂脸],[等级1],
2026-05-22 21:31:36,98127314878,艾瑞巴蒂跟我一起嗨,[捂脸][捂脸][捂脸][捂脸],[等级25],[粉丝团 Lv11]
2026-05-22 21:31:39,1085970919207885,李穆宁,猫局马上要挨骂了,[等级3],[粉丝团 Lv2]
2026-05-22 21:31:39,3949903059885501,ㅤㅤㅤㅤㅤㅤㅤㅤㅤㅤㅤㅤㅤㅤㅤㅤㅤㅤㅤ,无能的丈夫,,
2026-05-22 21:31:40,4475458192938265,圆圆喊救命老黑有事要先走,猫局成破绽了,[等级21],[粉丝团 Lv12]
2026-05-22 21:31:40,72306900897,梁锋,@小新同学 我们娱乐主播,[等级24],[粉丝团 Lv15]
2026-05-22 21:31:40,77557527972,🍀,倒王,[等级18],[粉丝团 Lv6]
2026-05-22 21:31:40,2582094266762910,²·¹¹礼冰✨,雅雅问问直播间有69岁以上小姐姐闲余时间一起甜蜜苟分吗？,[等级40],[粉丝团 Lv10]
2026-05-22 21:31:40,109042802862,有点困,[捂脸][捂脸][捂脸],[等级14],
2026-05-22 21:31:41,109109492047,z浩哥,扶不起来，贪枪,[等级7],
2026-05-22 21:31:43,4503658257446344,🥐cornetto,我的网络问题还是张老黑的问题还是两个服务器问题,[等级41],[粉丝团 Lv7]
2026-05-22 21:31:45,73780953731,章鱼哥,笑死[捂脸],[等级22],
2026-05-22 21:31:46,58805806221,瞎跑,卖了吧，一点也不听指挥,[等级31],[粉丝团 Lv12]
2026-05-22 21:31:46,61303363390,华南城商办站斧浏览器Amber,猫局缺点枸杞原浆[捂脸][捂脸],[等级30],[粉丝团 Lv13]
2026-05-22 21:31:46,387447782903612,🇨🇳🇨🇳阳阳⛑️,倒倒倒,[等级11],
2026-05-22 21:31:48,4312762483477248,村里有个姑娘叫小芳,给你刷无人机的[捂脸],[等级3],[粉丝团 Lv3]
2026-05-22 21:31:52,98773931120,彭志辉,@小新同学 比赛什么质量这种什么质量,[等级5],
2026-05-22 21:31:57,61760262327,儿时,到底谁卡,[等级26],[粉丝团 Lv6]
2026-05-22 21:31:57,981217295738240,记得加辣,对面二楼救起来了啊,[等级3],
2026-05-22 21:31:58,5548727764,我超棒,那些说老黑不救人的黑子怎么不出来了,[等级11],[粉丝团 Lv9]
2026-05-22 21:31:59,63815923330,～双哥！,你的复合弓呢,[等级23],[粉丝团 Lv3]
2026-05-22 21:31:59,1530976442254383,带五个孤儿住天桥底下,直不起腰的局哥,[等级27],[粉丝团 Lv11]
2026-05-22 21:32:00,94275605445,清玄君,一个了,[等级15],[粉丝团 Lv6]
2026-05-22 21:32:02,135964883951687,you(^_^)丹,去你猴子[捂脸],[等级9],
2026-05-22 21:32:02,3852312079508893,奋～斗～的～小～蝌～蚪,二，打一,[等级6],
2026-05-22 21:32:03,95787922060,局中人,1,[等级19],[粉丝团 Lv6]
2026-05-22 21:32:07,4862013350589,厉扑,这配合无敌,[等级21],[粉丝团 Lv11]
2026-05-22 21:32:09,98247062246,ཉ小懒猫ཉ,见风倒[捂脸],[等级6],[粉丝团 Lv6]
2026-05-22 21:32:12,1889393702086777,面都督,猫局就是手枪掏的快[捂脸][捂脸][捂脸][捂脸][捂脸],[等级3],[粉丝团 Lv2]
2026-05-22 21:32:16,1637624566515033,陈晨-婷,把局哥卖了,[等级1],
2026-05-22 21:32:16,95496292149,~予我心动～,吃鸡了,[等级33],[粉丝团 Lv13]
2026-05-22 21:32:20,301691724106804,我真帅气！,又要吃鸡了[鼓掌][鼓掌][鼓掌],[等级10],[粉丝团 Lv4]
2026-05-22 21:32:33,69883728410,汾酒小康,自瞄都没老黑准[捂脸],[等级10],
2026-05-22 21:32:35,1437805602674302,曼岛TT145,@²·¹¹礼冰✨ 有，我71岁小姐姐,[等级19],[粉丝团 Lv2]
2026-05-22 21:32:38,2060926505195051,ℒฺℴฺνℯ̶ฺ归̶零̶,开了吧,[等级22],
2026-05-22 21:32:39,102469975321,✨名门⭐️,[666][666][666],[等级19],[粉丝团 Lv15]
2026-05-22 21:32:40,981217295738240,记得加辣,哈哈哈哈贴脸哈哈哈哈,[等级3],
2026-05-22 21:32:40,59011956650,ღ᭄不念过往ꦿ࿐,牛逼,[等级20],[粉丝团 Lv11]
2026-05-22 21:32:41,106792153459,那年，已是过去。,[鼓掌],[等级4],
2026-05-22 21:32:41,2141446715747582,魏大呆,[666][666][666][666][666],[等级15],[粉丝团 Lv11]
2026-05-22 21:32:44,100787972641,灵*兮,[666][666][666],[等级15],[粉丝团 Lv12]
2026-05-22 21:32:44,87900359390,一个怡,雅雅厉害!,[等级10],[粉丝团 Lv5]
2026-05-22 21:32:45,135964883951687,you(^_^)丹,去你猴子[捂脸],[等级9],
2026-05-22 21:32:45,465794236684654,钊钊：沐沐的爷爷,[赞][赞][赞],[等级10],[粉丝团 Lv7]
2026-05-22 21:32:45,3544449118126824,爱吃醋的李,首鸡,[等级25],[粉丝团 Lv11]
2026-05-22 21:32:45,75634525708,༄᭄冰封ꦿᩚ࿐,[666][666][666],[等级22],[粉丝团 Lv14]
2026-05-22 21:32:46,110421807073,夏微凉,[666][666][666],[等级21],[粉丝团 Lv15]
2026-05-22 21:32:46,981217295738240,记得加辣,牛波一,[等级3],
2026-05-22 21:32:47,818458912358512,34177028007,受不了,[等级3],
2026-05-22 21:32:47,1530976442254383,带五个孤儿住天桥底下,牛逼,[等级27],[粉丝团 Lv11]
2026-05-22 21:32:47,99372859314,启  夏,@彭志辉 对呀。谁能比赛这样杀[捂脸]他就是纯黑[捂脸],[等级25],[粉丝团 Lv15]
2026-05-22 21:32:49,101182907311,摇摆哥,牛逼,[等级7],[粉丝团 Lv4]
2026-05-22 21:32:49,200580296878250,ο▬▬▬◙▅▅▆▆▆▆◤千,喝水,[等级7],[粉丝团 Lv10]
2026-05-22 21:32:49,62828234454,躺平壹歌,666,[等级11],
2026-05-22 21:32:50,106792153459,那年，已是过去。,过瘾,[等级4],
2026-05-22 21:32:51,3544449118126824,爱吃醋的李,恭喜恭喜恭喜恭喜恭喜恭喜恭喜,[等级25],[粉丝团 Lv11]
2026-05-22 21:32:51,98127314878,艾瑞巴蒂跟我一起嗨,牛逼[666][666][666][666][666][666][666][666][666][666][666][666][666][666][666][666][666][666][666][666],[等级25],[粉丝团 Lv11]
2026-05-22 21:32:51,3724768647847668,祈爱,@ℒฺℴฺνℯ̶ฺ归̶零̶ 乐,[等级23],[粉丝团 Lv11]
2026-05-22 21:32:52,100370457407,@Dee,[666][666][666],[等级19],[粉丝团 Lv5]
2026-05-22 21:32:52,51873971144,@鲁九,比你二舅厉害多了,[等级12],
2026-05-22 21:32:52,1556526029869885,🌈对方正在输入🌈,@ℒฺℴฺνℯ̶ฺ归̶零̶ 跑车看回放,[等级22],[粉丝团 Lv9]
2026-05-22 21:32:52,106880280722,我行我素,[666][666][666],[等级13],[粉丝团 Lv8]
2026-05-22 21:32:53,100263152596,八方来财,@ℒฺℴฺνℯ̶ฺ归̶零̶ 你去举报举报,[等级19],[粉丝团 Lv11]
2026-05-22 21:32:53,2141446715747582,魏大呆,牛逼牛逼牛逼牛逼,[等级15],[粉丝团 Lv11]
2026-05-22 21:32:53,910822988332395,大酋长,这老娘们真猛,[等级5],
2026-05-22 21:32:53,1085970919207885,李穆宁,瞬狙,[等级3],[粉丝团 Lv2]
2026-05-22 21:32:54,110487983863,都怪你隐身太清晰,牛杯牛杯[捂脸],[等级17],[粉丝团 Lv8]
2026-05-22 21:32:54,88647518758,不吃青菜🥬,牛批,[等级8],
2026-05-22 21:32:54,3544449118126824,爱吃醋的李,棒棒的很好,[等级25],[粉丝团 Lv11]
2026-05-22 21:32:54,110940994932,听 棠,666,[等级25],
2026-05-22 21:32:54,4314916384157933,林大胆很胆小,局哥厉害👍厉害的一批,[等级23],[粉丝团 Lv7]
2026-05-22 21:32:56,71830617955,認生若如初見,轻轻松松,[等级31],[粉丝团 Lv16]
2026-05-22 21:32:57,100030072195,农夫山里有块田,[666],[等级5],[粉丝团 Lv5]
2026-05-22 21:32:58,4111828564053511,朋友,开了，有挂,[等级21],[粉丝团 Lv1]
2026-05-22 21:33:00,88647518758,不吃青菜🥬,牛批,[等级8],
2026-05-22 21:33:00,3795156287621927,拾欢,[鼓掌][鼓掌][鼓掌],[等级15],[粉丝团 Lv13]
2026-05-22 21:33:00,88787629778,舍得,把公屏扣在牛逼上,[等级13],[粉丝团 Lv7]
2026-05-22 21:33:00,78929305769,～君莫笑～,牛逼,[等级24],[粉丝团 Lv10]
2026-05-22 21:33:01,4862013350589,厉扑,[捂脸][捂脸],[等级21],[粉丝团 Lv11]
2026-05-22 21:33:02,131532822160692,啊！,牛逼哩不行,[等级5],[粉丝团 Lv6]
2026-05-22 21:33:02,110940994932,听 棠,[玫瑰],[等级25],
2026-05-22 21:33:03,3509280366147309,小拉扎,老黑开挂都影响她发挥,[等级8],
2026-05-22 21:33:03,3544449118126824,爱吃醋的李,刷无人机了,[等级25],[粉丝团 Lv11]
2026-05-22 21:33:03,87609052781864,zhaohhff,猫不是很有条理,,
2026-05-22 21:33:04,2141446715747582,魏大呆,[捂脸][捂脸][捂脸][捂脸][捂脸][捂脸],[等级15],[粉丝团 Lv11]
2026-05-22 21:33:04,108822085372,LikY（玩游戏）,@ℒฺℴฺνℯ̶ฺ归̶零̶   对对对  开了,[等级42],[粉丝团 Lv3]
2026-05-22 21:33:05,3588397972062695,新用户,厉害，你在长官那里有编号吗,[等级8],
2026-05-22 21:33:08,131532822160692,啊！,[赞][赞][赞],[等级5],[粉丝团 Lv6]
2026-05-22 21:33:09,101687967112,无脚的鸟,[666][666][666][666][666][666][666][666][666][666],[等级15],[粉丝团 Lv7]
2026-05-22 21:33:10,101182907311,摇摆哥,妞儿笔直,[等级7],[粉丝团 Lv4]
2026-05-22 21:33:10,562584014029840,独木成林,666,[等级2],
2026-05-22 21:33:10,888869537723774,yuz.,66,[等级6],[粉丝团 Lv5]
2026-05-22 21:33:11,75634525708,༄᭄冰封ꦿᩚ࿐,这局没用爆炸弓，还是打狙帅,[等级22],[粉丝团 Lv14]
2026-05-22 21:33:11,1458371260593161,用户514151984425,雅姐，明天冲战神吗？,[等级1],
2026-05-22 21:33:11,1838838104734926,花匠小马,招募带妹,[等级34],[粉丝团 Lv15]
2026-05-22 21:33:12,91659395772,D,666,[等级3],[粉丝团 Lv3]
2026-05-22 21:33:12,88787629778,舍得,黑子说话,[等级13],[粉丝团 Lv7]
2026-05-22 21:33:14,1085970919207885,李穆宁,但凡再倒一次可就是骂了,[等级3],[粉丝团 Lv2]
2026-05-22 21:33:16,3628026859366756,L@H,牛逼！张君雅,[等级19],[粉丝团 Lv3]
2026-05-22 21:33:16,81093978289,爱生活😘爱成哥,小雅果然厉害,[等级16],[粉丝团 Lv1]
2026-05-22 21:33:19,76927102221,足迹,拿下,[等级32],[粉丝团 Lv9]
2026-05-22 21:33:20,59958431840,钱多多🍸,@朋友 快去举报,[等级19],[粉丝团 Lv10]
2026-05-22 21:33:21,61303363390,华南城商办站斧浏览器Amber,[捂脸][捂脸][捂脸][捂脸],[等级30],[粉丝团 Lv13]
2026-05-22 21:33:21,246758888446382,大猪蹄子🐷,俺是山西晋绥军三五八团总司令,[等级16],
2026-05-22 21:33:21,63871669567,顺其自然（王家大院）,[捂脸],[等级13],
2026-05-22 21:33:24,64197226920,✨蔻楠丶,[捂脸][捂脸][捂脸][捂脸],[等级19],[粉丝团 Lv10]
2026-05-22 21:33:25,95787922060,局中人,哈哈哈哈哈,[等级19],[粉丝团 Lv6]
2026-05-22 21:33:26,416038653010544,白白,哈哈哈哈,[等级28],[粉丝团 Lv12]
2026-05-22 21:33:27,76927102221,足迹,[捂脸][捂脸][捂脸],[等级32],[粉丝团 Lv9]
2026-05-22 21:33:27,131532822160692,啊！,666,[等级5],[粉丝团 Lv6]
2026-05-22 21:33:28,1613704242663447,在下王公子,爷们要战斗,[等级12],
2026-05-22 21:33:28,76786388221,🌈 海龍_,哈哈,[等级24],[粉丝团 Lv11]
2026-05-22 21:33:28,2269044225873613,大爱仙尊,什么时候更新,[等级8],
2026-05-22 21:33:29,826425753210750,小吴,哈哈哈,[等级6],[粉丝团 Lv4]
2026-05-22 21:33:29,1179097012114632,半只🦊,@大猪蹄子🐷 你又在叫换,[等级11],
2026-05-22 21:33:30,84721092134,砚,明天新赛季了吗,[等级24],[粉丝团 Lv14]
2026-05-22 21:33:31,107662442756,老曾⁶¹⁷,[捂脸][发怒][捂脸][发怒],[等级20],[粉丝团 Lv11]
2026-05-22 21:33:33,71126905166,抖音小肋手,哈哈哈哈[捂脸],[等级11],[粉丝团 Lv10]
2026-05-22 21:33:35,1838838104734926,花匠小马,招募带妹,[等级34],[粉丝团 Lv15]
2026-05-22 21:33:35,98435654759,尚尚唯一,这狙打的一枪一个倒 太牛逼了👍,[等级6],
2026-05-22 21:33:36,109336122589,♛,[捂脸][捂脸][捂脸][捂脸],[等级7],
2026-05-22 21:33:36,84048520782,荔什么枝,姜子牙牛逼。,[等级10],[粉丝团 Lv2]
2026-05-22 21:33:38,109110487589,M💞,局哥要战斗[捂脸],[等级4],
2026-05-22 21:33:38,109305454829,⠀ ⠀⠀,一怒之下，怒了一下,[等级6],[粉丝团 Lv10]
2026-05-22 21:33:38,2141446715747582,魏大呆,[捂脸][捂脸][捂脸][捂脸][捂脸][捂脸],[等级15],[粉丝团 Lv11]
2026-05-22 21:33:40,101451651340,好久不见.,大炮真牛逼,[等级1],
2026-05-22 21:33:40,96261969310,酒醉人不归,手枪[捂脸],[等级15],[粉丝团 Lv10]
2026-05-22 21:33:40,72306900897,梁锋,@新用户 长官是二舅,[等级24],[粉丝团 Lv15]
2026-05-22 21:33:41,94409551404,成长的历程957,哈哈哈[捂脸][捂脸][捂脸][捂脸],[等级7],
2026-05-22 21:33:42,2032347161823239,好好的,怎么不露脸直播,[等级2],
2026-05-22 21:33:42,68092828104,三郎,一怒之下。怒了一下,[等级19],[粉丝团 Lv7]
2026-05-22 21:33:42,87872643486,村口的过客,牛逼，牛逼,[等级21],[粉丝团 Lv11]
2026-05-22 21:33:43,301691724106804,我真帅气！,@大爱仙尊 明天吧,[等级10],[粉丝团 Lv4]
2026-05-22 21:33:44,1313284358672692,广联达建模（王）,[泪奔][黑脸][泪奔][黑脸][泪奔][黑脸],[等级16],[粉丝团 Lv7]
2026-05-22 21:33:44,4862013350589,厉扑,都去他猴子了,[等级21],[粉丝团 Lv11]
2026-05-22 21:33:44,77402245679,籃熈,趴下自动触发掏出手枪,[等级11],[粉丝团 Lv4]
2026-05-22 21:33:45,105237449265,滁州杜先生,猫局一个人玩的时候感觉还可以，挺厉害的，跟君雅玩了，感觉比人机好一点，[捂脸][捂脸][捂脸],[等级34],
2026-05-22 21:33:46,88647518758,不吃青菜🥬,牛批,[等级8],
2026-05-22 21:33:48,108825768878,南山居士,猫局脾气性格好，不好意思打别人,[等级1],
2026-05-22 21:33:49,76927102221,足迹,拿下,[等级32],[粉丝团 Lv9]
2026-05-22 21:33:52,101451651340,好久不见.,大炮真牛逼,[等级1],
2026-05-22 21:33:53,93944839374,何先生,我有没有灯牌,[等级19],[粉丝团 Lv10]
2026-05-22 21:33:54,101792211005,X.潇,匹配都是乱打，打比赛配合紧,[等级15],[粉丝团 Lv7]
2026-05-22 21:33:55,101926859943,折.,为啥我要九颗？,[等级12],[粉丝团 Lv11]
2026-05-22 21:33:55,76927102221,足迹,666,[等级32],[粉丝团 Lv9]
2026-05-22 21:33:55,87872643486,村口的过客,招募带妹妹呗,[等级21],[粉丝团 Lv11]
2026-05-22 21:33:57,3109899729643216,自由的风,卡不起了，我需要9钻石,[等级13],[粉丝团 Lv11]
2026-05-22 21:33:59,96823369372,一介布衣,气的局哥一拍桌子站起来了，结果两眼一花又坐下了[捂脸],[等级16],[粉丝团 Lv12]
2026-05-22 21:33:59,281935842654519,刀锋,爷们要战斗[捂脸][捂脸][捂脸],[等级7],[粉丝团 Lv10]
2026-05-22 21:34:00,76927102221,足迹,[捂脸][捂脸][捂脸][捂脸],[等级32],[粉丝团 Lv9]
2026-05-22 21:34:00,99372859314,启  夏,@用户514151984425 不，她正常打,[等级25],[粉丝团 Lv15]
2026-05-22 21:34:02,16253603096,无限,@朋友 你应该举报，,[等级21],[粉丝团 Lv11]
2026-05-22 21:34:04,2560124430588963,杜宾巴顿🐾,局哥会找敌人的麻烦，但是也不会太麻烦,[等级12],[粉丝团 Lv2]
2026-05-22 21:34:04,110804669846,℡空白,这队友不错,[等级15],[粉丝团 Lv10]
2026-05-22 21:34:04,61303363390,华南城商办站斧浏览器Amber,猫局掏了几把手枪？[捂脸][捂脸],[等级30],[粉丝团 Lv13]
2026-05-22 21:34:04,108756856233,殷澍锴,知道钻石就可以卡灯牌了？主播生日啊？,[等级4],[粉丝团 Lv3]
2026-05-22 21:34:04,2141475117206459,爱你永不后悔,驹哥话多，没有老黑果断！,[等级34],[粉丝团 Lv6]
2026-05-22 21:34:08,103253994583,…👐,老黑今天不过生日了吗,[等级7],
2026-05-22 21:34:09,73761674954,羙伢mmゝに,@砚 凌晨一点,[等级16],[粉丝团 Lv13]
2026-05-22 21:34:10,103251209289,小    可     💗,[酷拽][赞],[等级10],[粉丝团 Lv10]
2026-05-22 21:34:11,100058972550,AUG科普,张老黑，昨晚你才带那两货上的分，今天那两货又掉下来了,[等级20],
2026-05-22 21:34:13,96293235234,每天都要看妞,为什么每次都是猫去邀人,[等级12],[粉丝团 Lv5]
2026-05-22 21:34:13,2669243963282877,汪,@zhaohhff 同意，反应迟钝,,
2026-05-22 21:34:13,102365042776,伈刼,帅,[等级3],[粉丝团 Lv6]
2026-05-22 21:34:15,3491667074626334,嚴色看看,看不到,[等级6],[粉丝团 Lv3]
2026-05-22 21:34:15,3819026927860087,搁浅的鱼！！,都看不清,[等级22],[粉丝团 Lv6]
2026-05-22 21:34:17,246758888446382,大猪蹄子🐷,@面都督 他好打飞飞,[等级16],
2026-05-22 21:34:17,3254171587069726,等晴天,看不清,[等级8],
2026-05-22 21:34:17,94311906438,Rubyonly,好的,[等级22],
2026-05-22 21:34:17,76786388221,🌈 海龍_,铁,[等级24],[粉丝团 Lv11]
2026-05-22 21:34:17,3967474315307671,明天的太阳☀️,ji,,
2026-05-22 21:34:17,71614597737,雪儿很凶会咬人,？,[等级14],[粉丝团 Lv10]
2026-05-22 21:34:18,98100478168,清风月影。,zhen,[等级26],[粉丝团 Lv2]
2026-05-22 21:34:18,4314916384157933,林大胆很胆小,毛局被气的嗝屁,[等级23],[粉丝团 Lv7]
2026-05-22 21:34:18,95787922060,局中人,物,[等级19],[粉丝团 Lv6]
2026-05-22 21:34:19,62040792318,🍓561.,看不清,[等级24],[粉丝团 Lv10]
2026-05-22 21:34:19,93171998731,a屁桃,[捂脸][捂脸][捂脸],[等级15],[粉丝团 Lv11]
2026-05-22 21:34:19,3062591332821354,愿明月寄相思,[比心],[等级10],[粉丝团 Lv10]
2026-05-22 21:34:19,1335242757011611,王雨轩,劲,[等级17],
2026-05-22 21:34:19,91666146753,燃,你也不会,[等级9],
2026-05-22 21:34:19,101668450057,三十二这些年,我就想问问问你们看得清楚那个名字吗？,[等级9],
2026-05-22 21:34:19,102028794518,用户110524,一,[等级19],[粉丝团 Lv7]
2026-05-22 21:34:20,3544449118126824,爱吃醋的李,劲,[等级25],[粉丝团 Lv11]
2026-05-22 21:34:21,3051842346169639,Mortal,两个情侣,[等级19],
2026-05-22 21:34:21,61303363390,华南城商办站斧浏览器Amber,[捂脸][捂脸][捂脸][捂脸],[等级30],[粉丝团 Lv13]
2026-05-22 21:34:21,2546077208152651,我昰一怾鱼,劲,[等级28],[粉丝团 Lv4]
2026-05-22 21:34:21,1881983920385927,希芙,？,[等级4],
2026-05-22 21:34:21,466670364393783,袖下敛青川,看不清,[等级14],[粉丝团 Lv2]
2026-05-22 21:34:21,3967474315307671,明天的太阳☀️,机,,
2026-05-22 21:34:21,108756856233,殷澍锴,一个钻石就可以卡灯牌了？,[等级4],[粉丝团 Lv3]
2026-05-22 21:34:22,1016372143865167,秀才遇到兵,[捂脸][捂脸][捂脸][捂脸],[等级30],[粉丝团 Lv15]
2026-05-22 21:34:23,93332543630,꧁国宝꧂,像香港同胞说话[捂脸],[等级22],
2026-05-22 21:34:23,100084045562,5in,其实你也不知道,[等级26],[粉丝团 Lv7]
2026-05-22 21:34:23,2982321069753502,@………,原来是打这个老古董地图[看],[等级26],
2026-05-22 21:34:23,87900359390,一个怡,不知道什么字哈哈哈哈,[等级10],[粉丝团 Lv5]
2026-05-22 21:34:23,1813522550367722,用户11649013804,看不见,,
2026-05-22 21:34:23,3663228569664605,天空无云,@滁州杜先生 那你要看猫局一个人打的什么局[捂脸],[等级15],[粉丝团 Lv11]
2026-05-22 21:34:23,62799891545,好来污最靓的仔,你要我怎么读,[等级16],[粉丝团 Lv11]
2026-05-22 21:34:24,2947115276047581,虾米,黑妹牙膏,[等级9],[粉丝团 Lv10]
2026-05-22 21:34:25,74273567425,妮妮,吻吧？,[等级21],[粉丝团 Lv5]
2026-05-22 21:34:25,111064762512,奕宸麻麻,真,[等级13],[粉丝团 Lv5]
2026-05-22 21:34:26,2824008837643668,Hom,太模糊看不清字,,
2026-05-22 21:34:26,1261848801839245,曾经最美,没时间,[等级28],
2026-05-22 21:34:26,292887482075868,一叶知秋,一猛男,[等级4],[粉丝团 Lv1]
2026-05-22 21:34:27,75634525708,༄᭄冰封ꦿᩚ࿐,这把匹配的这个队友比较稳[看],[等级22],[粉丝团 Lv14]
2026-05-22 21:34:27,100228336934,忍住不想说,劲,[等级29],
2026-05-22 21:34:27,1179097012114632,半只🦊,读字,[等级11],
2026-05-22 21:34:28,3544449118126824,爱吃醋的李,劲,[等级25],[粉丝团 Lv11]
2026-05-22 21:34:29,100058972550,AUG科普,张老黑，昨晚你才带那两货上的分，今天那两货又掉下来了,[等级20],[粉丝团 Lv1]
2026-05-22 21:34:29,97829163735,浮生無岸,[捂脸],[等级5],[粉丝团 Lv3]
2026-05-22 21:34:33,101792211005,X.潇,她们能乱杀都是在指挥，配合,[等级15],[粉丝团 Lv7]
2026-05-22 21:34:33,4393279042358779,呆瓜,手上掏出来干什么[呲牙]。当然是掏出来打啊。还能干什么[呲牙][呲牙],[等级26],
2026-05-22 21:34:33,98100478168,清风月影。,zhen,[等级26],[粉丝团 Lv2]
2026-05-22 21:34:33,7597413643777770545,哭哭马,你画面模糊，看不清,[等级14],
2026-05-22 21:34:33,2546077208152651,我昰一怾鱼,使劲的劲,[等级28],[粉丝团 Lv4]
2026-05-22 21:34:35,64908956615,逐流,这不是个动吗？,[等级17],[粉丝团 Lv9]
2026-05-22 21:34:36,466670364393783,袖下敛青川,路,[等级14],[粉丝团 Lv2]
2026-05-22 21:34:37,52007524079,猛猛龙,川军牛啊,[等级18],
2026-05-22 21:34:37,3544449118126824,爱吃醋的李,读劲,[等级25],[粉丝团 Lv11]
2026-05-22 21:34:38,59039943172,细味,Biao,[等级17],[粉丝团 Lv4]
2026-05-22 21:34:38,76927102221,足迹,不是局哥你就嘎了。,[等级32],[粉丝团 Lv9]
2026-05-22 21:34:39,2669243963282877,汪,@每天都要看妞 老黑分不清男女[捂脸][捂脸][捂脸],,
2026-05-22 21:34:39,7610236971671487537,重生后卖烧烤,手痛啊，点不了啊,[等级5],[粉丝团 Lv8]
2026-05-22 21:34:39,3994947495402040,拾 忆🌈,我猛男[呲牙],[等级22],
2026-05-22 21:34:40,95165260773,19∑87,123呢,[等级10],[粉丝团 Lv10]
2026-05-22 21:34:40,102344139601,家有汤圆,猫局性格真好，和君雅真绝配，不管干什么都让着君雅,[等级14],[粉丝团 Lv1]
2026-05-22 21:34:41,3460866550016427,盼秋,威猛男吧,,
2026-05-22 21:34:41,103381028080,plueto,覅,[等级8],
2026-05-22 21:34:41,3551879865577219,C07952,忽悠点赞,[等级9],
2026-05-22 21:34:42,101451651340,好久不见.,大炮666,[等级1],
2026-05-22 21:34:43,223912175602243,小鱼仔,读勿,[等级17],
2026-05-22 21:34:43,72750735745,为你我醉红尘,看老黑打游戏，就跟文身特的德莱文一样，嘎嘎杀，都看麻木了[捂脸],[等级24],
2026-05-22 21:34:44,66822500505,琴音,撞车了,[等级34],[粉丝团 Lv1]
2026-05-22 21:34:45,377882118456632,舌尖领袖,字太小，看不见,[等级16],[粉丝团 Lv12]
2026-05-22 21:34:48,68451000218,败落,勤吧,[等级32],
2026-05-22 21:34:48,2982321069753502,@………,这么搞笑的,[等级26],
2026-05-22 21:34:48,3544449118126824,爱吃醋的李,读劲，我猜的,[等级25],[粉丝团 Lv11]
2026-05-22 21:34:51,2374557380392285,雪花。,老黑昨天蛙宝说带你吃鸡了[发呆][发呆][发呆][发呆][发呆][发呆][发呆][发呆][发呆],[等级3],[粉丝团 Lv4]
2026-05-22 21:34:52,100058972550,AUG科普,张老黑，昨晚你才带那两货上的分，今天那两货又掉下来了,[等级20],[粉丝团 Lv1]
2026-05-22 21:34:53,100133651872,你说看星空看日落不如看我的眼眸,覅,[等级25],[粉丝团 Lv11]
2026-05-22 21:34:53,2330557714799790,大叔,从未关注从未缺席[捂脸],[等级2],
2026-05-22 21:34:53,1600496432581181,帮帮两拳,怎么进粉丝群,[等级19],[粉丝团 Lv10]
2026-05-22 21:34:55,2958160712180372,包括进一步,要,,
2026-05-22 21:34:55,2557938630138812,土狗钙中钙,赛季最后一天了，我呆在原地，给大伙送个头[看],[等级14],
2026-05-22 21:34:55,3857542882554717,小豆子～～,覅,[等级10],
2026-05-22 21:34:56,103381028080,plueto,fiao,[等级8],
2026-05-22 21:34:56,2330588968395416,贝塔β,读要勿,[等级25],[粉丝团 Lv14]
2026-05-22 21:34:56,110804669846,℡空白,点到一百万,[等级15],[粉丝团 Lv10]
2026-05-22 21:34:57,78152638036,琛宝👶,@AUG科普 那俩叫啥,[等级14],
2026-05-22 21:34:58,1807239114666904,·喵了个咪,覅,[等级20],[粉丝团 Lv15]
2026-05-22 21:34:59,59826148138,虫🦋虫,覅,[等级1],
2026-05-22 21:35:01,1335242757011611,王雨轩,要猛男？,[等级17],
2026-05-22 21:35:02,60524877766,尋春風,大家点点赞 冲起来,[等级3],[粉丝团 Lv4]
2026-05-22 21:35:02,88669085386,淡然一笑:-D,劲,[等级26],
2026-05-22 21:35:02,3857542882554717,小豆子～～,覅,[等级10],
2026-05-22 21:35:06,3843541681840615,Locke,姜子牙晚上好呀,[等级27],[粉丝团 Lv3]
2026-05-22 21:35:09,3544449118126824,爱吃醋的李,是劲吗,[等级25],[粉丝团 Lv11]
2026-05-22 21:35:09,3254171587069726,等晴天,百度告诉我读 fiao,[等级8],
2026-05-22 21:35:14,103381028080,plueto,fiao,[等级8],
2026-05-22 21:35:20,874816041661207,维尼🐻,piao,[等级5],
2026-05-22 21:35:21,131532822160692,啊！,都点100个赞👍,[等级5],[粉丝团 Lv6]
2026-05-22 21:35:22,50371143608,心静,卡,[等级16],[粉丝团 Lv12]
2026-05-22 21:35:25,96439995154,青禾十安,感觉老黑的画质没有局哥的画质看着清晰,[等级8],[粉丝团 Lv3]
2026-05-22 21:35:26,1038361999186152,龙汐,20人,,
2026-05-22 21:35:28,94272261346,以孤独为名,fiao,[等级20],[粉丝团 Lv12]
2026-05-22 21:35:29,99209524573,阎王,赛季最后一天了嘛,[等级9],
2026-05-22 21:35:31,2023536052406280,羊了个羊羔,好卡好卡,[等级9],
2026-05-22 21:35:32,1455350881721268,弋🍓🍓,长见识了 fiao,[等级13],[粉丝团 Lv12]
2026-05-22 21:35:32,4312762483477248,村里有个姑娘叫小芳,老黑带上菜副总搞搞啊,[等级3],[粉丝团 Lv3]
2026-05-22 21:35:33,3544449118126824,爱吃醋的李,@等晴天 咋拼的，怎读,[等级25],[粉丝团 Lv11]
2026-05-22 21:35:33,1156306761160555,☾⋆꯭᭄久ึູ♡̶别ꦿོ࿐,覅,[等级40],[粉丝团 Lv13]
2026-05-22 21:35:33,62642627846,鹿茸,覅,[等级12],[粉丝团 Lv10]
2026-05-22 21:35:35,223912175602243,小鱼仔,覅（fiào）@所有人,[等级17],
2026-05-22 21:35:37,881174395497271,道士哥哥,10队,[等级8],
2026-05-22 21:35:38,1829206389950766,伱我皆牛马,绝对有葵子,[等级25],[粉丝团 Lv3]
2026-05-22 21:35:40,3617832573885482,、 •半世so倾城，号,张老黑,[等级9],
2026-05-22 21:35:43,223912175602243,小鱼仔,覅（fiào）@所有人@张君雅1v4⁸⁰⁰⁸,[等级17],
2026-05-22 21:35:43,82994230963,守～护,主播下午没有打吗？,[等级15],[粉丝团 Lv2]
2026-05-22 21:35:45,2810776444220189,dhkslal,六队,[等级30],[粉丝团 Lv1]
2026-05-22 21:35:45,110804669846,℡空白,都拼了,[等级15],[粉丝团 Lv10]
2026-05-22 21:35:49,98213179066,洛舍镇兄弟果业,跟我读覅（gen wo du）,[等级14],[粉丝团 Lv9]
2026-05-22 21:35:55,2023536052406280,羊了个羊羔,卡卡卡,[等级9],
2026-05-22 21:36:02,71126905166,抖音小肋手,@守～护 中午12到15点打,[等级11],[粉丝团 Lv10]
2026-05-22 21:36:04,99209524573,阎王,今天最后一天了嘛,[等级9],
2026-05-22 21:36:05,1170356650644128,那年冬天风在吹,下饺子了[捂脸][捂脸][捂脸][捂脸][捂脸],[等级13],
2026-05-22 21:36:10,101792211005,X.潇,击倒了标点，爆炸弓马上补，路人匹配的话人都找不到在哪,[等级15],[粉丝团 Lv7]
2026-05-22 21:36:10,97014636164,七喜,好多人啊,[等级20],[粉丝团 Lv3]
2026-05-22 21:36:11,96261969310,酒醉人不归,集装箱真的是劲爆,[等级15],[粉丝团 Lv10]
2026-05-22 21:36:11,1600496432581181,帮帮两拳,怎么进粉丝群,[等级19],[粉丝团 Lv10]
2026-05-22 21:36:16,76927102221,足迹,集装箱有三队,[等级32],[粉丝团 Lv9]
2026-05-22 21:36:16,681328012439959,芳村～大支嘢,仙女山花,[等级5],[粉丝团 Lv2]
2026-05-22 21:36:16,98781504878,我是一个很             的人,覅,[等级14],
2026-05-22 21:36:17,699765399229675,雾散ㅤ,fiao,[等级29],[粉丝团 Lv11]
2026-05-22 21:36:17,57936360444,八戒爱练腿.,半决赛[捂脸],[等级18],[粉丝团 Lv3]
2026-05-22 21:36:19,99209524573,阎王,今天这个赛季就结束了嘛,[等级9],
2026-05-22 21:36:23,24127910744,一般般,覅，fiao,[等级17],[粉丝团 Lv5]
2026-05-22 21:36:25,66875088687,阿威✔,最后一天了吗？,[等级17],[粉丝团 Lv11]
2026-05-22 21:36:26,2410566453040446,朋友的酒,卡的不要不要的[捂脸]还不如下班,[等级3],[粉丝团 Lv7]
2026-05-22 21:36:26,76027070900,ㅤㅤ ㅤ,今天是不掉分吗,[等级22],[粉丝团 Lv6]
2026-05-22 21:36:31,71126905166,抖音小肋手,@帮帮两拳 主页抖音群,[等级11],[粉丝团 Lv10]
2026-05-22 21:36:38,2023536052406280,羊了个羊羔,卡死了,[等级9],
2026-05-22 21:36:38,68460181449,༺༃xuan༒xuan༃༻,6080,[等级19],[粉丝团 Lv6]
2026-05-22 21:36:38,93332543630,꧁国宝꧂,黄雀在后[捂脸],[等级22],
2026-05-22 21:36:45,55159220102,BWRZ（记录美好）,@朋友的酒 你要是很卡的话，可以先去看其他人[看],[等级36],[粉丝团 Lv16]
2026-05-22 21:36:45,3544449118126824,爱吃醋的李,@朋友的酒 退出重进一下,[等级25],[粉丝团 Lv11]
2026-05-22 21:36:46,2145873040249732,吃着泡面去蹦迪,刚开始吗,[等级21],
2026-05-22 21:36:47,1300071875889641,东疯,@朋友的酒 是你卡,[等级22],[粉丝团 Lv9]
2026-05-22 21:36:47,75634525708,༄᭄冰封ꦿᩚ࿐,不卡,[等级22],[粉丝团 Lv14]
2026-05-22 21:36:49,82994230963,守～护,主播下午什么时候开播打啊,[等级15],[粉丝团 Lv2]
2026-05-22 21:36:50,67535712021,如何采摘大勋花？,点赞啊！！！光点不涨呢,[等级9],[粉丝团 Lv10]
2026-05-22 21:36:51,2334974904897187,花有在开时,覅？,[等级3],
2026-05-22 21:36:56,1684079016949156,香菜拌饭,卡的先大退再进来,[等级19],[粉丝团 Lv9]
2026-05-22 21:36:57,99209524573,阎王,今天赛季最后一天了嘛,[等级9],
2026-05-22 21:36:58,110804669846,℡空白,点赞啊,[等级15],[粉丝团 Lv10]
2026-05-22 21:37:05,3628026859366756,L@H,大家点赞起来哦！,[等级19],[粉丝团 Lv3]
2026-05-22 21:37:05,71126905166,抖音小肋手,@守～护 12点开播到15点,[等级11],[粉丝团 Lv10]
2026-05-22 21:37:07,98781504878,我是一个很             的人,fiao,[等级14],
2026-05-22 21:37:08,3969709917617626,无话可说.,@阎王 对,[等级8],
2026-05-22 21:37:10,68278570215,🌟锦霄🌟,@守～护 中午12点,[等级19],[粉丝团 Lv14]
2026-05-22 21:37:11,2145873040249732,吃着泡面去蹦迪,主播是谁呀？,[等级21],
2026-05-22 21:37:11,3544449118126824,爱吃醋的李,@朋友的酒 你wifi欠费了，先交上,[等级25],[粉丝团 Lv11]
2026-05-22 21:37:12,85300433458,ʕ•̫͡•ʔ维仔ᥫᩣ,fiao,[等级20],[粉丝团 Lv3]
2026-05-22 21:37:13,1530976442254383,带五个孤儿住天桥底下,觉得卡可以退出重进,[等级27],[粉丝团 Lv11]
2026-05-22 21:37:15,94621081467,雨踏歌行.,我超清都不卡，是你们自己网卡,[等级20],[粉丝团 Lv15]
2026-05-22 21:37:15,76927102221,足迹,等你升完装备，黄瓜菜都凉了。,[等级32],[粉丝团 Lv9]
2026-05-22 21:37:15,2652457515884291,小糯米,蓝光 为什么卡,[等级12],[粉丝团 Lv12]
2026-05-22 21:37:17,7571018575764489273,emotion,@守～护 中午12点到3点,[等级7],[粉丝团 Lv5]
2026-05-22 21:37:20,96535936996,是快乐的搬运工呀,@守～护 中午12点到3点,[等级18],[粉丝团 Lv6]
2026-05-22 21:37:29,98781504878,我是一个很             的人,ｆｉａｏ,[等级14],
2026-05-22 21:37:32,301691724106804,我真帅气！,@守～护 十二点零三分[捂脸][捂脸],[等级10],[粉丝团 Lv4]
2026-05-22 21:37:35,4503658257446344,🥐cornetto,𡠍,[等级41],[粉丝团 Lv7]
2026-05-22 21:37:39,75634525708,༄᭄冰封ꦿᩚ࿐,我就是蓝光，不卡,[等级22],[粉丝团 Lv14]
2026-05-22 21:37:39,95258955238,背～影,信号枪,[等级30],
2026-05-22 21:37:49,73945919060,是贰哥哟,小房间是不是信号枪,[等级25],[粉丝团 Lv10]
2026-05-22 21:37:56,94813074976,漠北,猫局真好队友,[等级21],[粉丝团 Lv7]
2026-05-22 21:37:58,76927102221,足迹,老铁放无人机。,[等级32],[粉丝团 Lv9]
2026-05-22 21:37:58,99372859314,启  夏,@朋友的酒 我们不卡。你大退一下抖音再进来就好了,[等级25],[粉丝团 Lv15]
2026-05-22 21:37:58,102393166752,゛禁止心动つ,咱孩子能不能天天来点夜宵？,[等级15],
2026-05-22 21:37:59,87900359390,一个怡,哈哈哈哈,[等级10],[粉丝团 Lv5]
2026-05-22 21:38:01,104019524050,@灰太狼,我好像也看到了信号枪,[等级24],[粉丝团 Lv6]
2026-05-22 21:38:04,94621081467,雨踏歌行.,@守～护 遂宁那个踏踏的,[等级20],[粉丝团 Lv15]
2026-05-22 21:38:07,2137072770488712,🌸ༀ🦋三哥🦋༂🌸,覅覅（fiao）,[等级7],
2026-05-22 21:38:14,3544449118126824,爱吃醋的李,又看到信号枪了？,[等级25],[粉丝团 Lv11]
2026-05-22 21:38:17,3795156287621927,拾欢,[捂脸],[等级15],[粉丝团 Lv13]
2026-05-22 21:38:20,76927102221,足迹,老铁赶紧去集装箱。,[等级32],[粉丝团 Lv9]
2026-05-22 21:38:21,971620946021838,ask时光,[捂脸][捂脸],[等级23],[粉丝团 Lv2]
2026-05-22 21:38:21,2330588968395416,贝塔β,[捂脸][捂脸],[等级25],[粉丝团 Lv14]
2026-05-22 21:38:22,694511491097195,澄,哈哈,[等级15],[粉丝团 Lv2]
2026-05-22 21:38:23,93171998731,a屁桃,要勿[捂脸][捂脸][捂脸],[等级15],[粉丝团 Lv11]
2026-05-22 21:38:23,1415768448701549,上不了岸的猫🐱,[捂脸][捂脸],[等级26],[粉丝团 Lv15]
2026-05-22 21:38:23,96261969310,酒醉人不归,哈哈哈哈哈,[等级15],[粉丝团 Lv10]
2026-05-22 21:38:24,71126905166,抖音小肋手,[捂脸][捂脸][捂脸],[等级11],[粉丝团 Lv10]
2026-05-22 21:38:24,61772282639,🦄潇洒的茂茂哥💋,[尬笑][奸笑],[等级32],[粉丝团 Lv11]
2026-05-22 21:38:25,109109492047,z浩哥,[鼓掌][鼓掌][鼓掌][鼓掌][鼓掌][鼓掌],[等级7],
2026-05-22 21:38:25,106608873853,随风而遇,哈哈哈,[等级28],[粉丝团 Lv13]
2026-05-22 21:38:25,101875225014,🐮,被狗抢了,[等级15],[粉丝团 Lv7]
2026-05-22 21:38:25,62800628291,阿鹿,抢不过狗😂,[等级24],[粉丝团 Lv7]
2026-05-22 21:38:27,2709648370835534,Cold❄️,[捂脸][捂脸][捂脸],[等级34],[粉丝团 Lv8]
2026-05-22 21:38:27,109600067848,沉默,[捂脸][捂脸][捂脸][捂脸],[等级26],[粉丝团 Lv6]
2026-05-22 21:38:27,7642452551963182139,用户9231130354537,哈哈哈,,
2026-05-22 21:38:27,102469975321,✨名门⭐️,[捂脸][捂脸][捂脸],[等级19],[粉丝团 Lv15]
2026-05-22 21:38:28,103106480192,🌈听风吟何处,[捂脸][捂脸][捂脸],[等级31],[粉丝团 Lv11]
2026-05-22 21:38:29,92226075868,王与,哈哈哈哈,[等级26],[粉丝团 Lv7]
2026-05-22 21:38:33,67009200765,积极向上，不畏将来,[捂脸]都抢不过狗,[等级10],[粉丝团 Lv5]
2026-05-22 21:38:37,78267720770,龍⁵¹⁰⁷⁴,[捂脸][捂脸][捂脸],[等级28],[粉丝团 Lv15]
2026-05-22 21:38:39,62515175166,别趣友,猫局想说你和张君雅抢什么[看],[等级35],[粉丝团 Lv13]
2026-05-22 21:38:40,97887044908,淨,动作没够快,[等级4],
2026-05-22 21:38:43,2043347923383228,余溺$,[捂脸][捂脸][捂脸],[等级6],[粉丝团 Lv4]
2026-05-22 21:38:45,3852291762041080,光头有点闲,上把鸡了没有,[等级14],[粉丝团 Lv13]
2026-05-22 21:38:53,87900359390,一个怡,@光头有点闲 吃了,[等级10],[粉丝团 Lv5]
2026-05-22 21:38:54,3377334501516344,虾仁猪心(˃ ⌑ ˂ഃ ),雅姐我今天在毒里用弓偷人，被毒里其他人打死了[流泪],[等级19],[粉丝团 Lv6]
2026-05-22 21:38:55,699765399229675,雾散ㅤ,卡的话 重新进就不卡了,[等级29],[粉丝团 Lv11]
2026-05-22 21:38:56,93032203992,秀儿⁵¹⁰⁷⁴,@光头有点闲 鸡了,[等级19],[粉丝团 Lv12]
2026-05-22 21:39:03,4503658257446344,🥐cornetto,@光头有点闲 鸡,[等级41],[粉丝团 Lv7]
2026-05-22 21:39:04,2009542393864356,铭朗建筑小周,三级头,[等级34],[粉丝团 Lv10]
2026-05-22 21:39:05,93866912069,唐伯虎@,又去偷人了,[等级35],[粉丝团 Lv13]
2026-05-22 21:39:10,3852291762041080,光头有点闲,真不错！！！,[等级14],[粉丝团 Lv13]
2026-05-22 21:39:19,104866651035,睡个好觉,你敢来这？不怕上城吗？,[等级17],[粉丝团 Lv13]
2026-05-22 21:39:38,81178202457,এۣۖ: ℳღ幸运²º²6࿐,你这个位置不安全,[等级26],
2026-05-22 21:39:44,4111828564053511,朋友,张全蛋最会偷人,[等级21],[粉丝团 Lv1]
2026-05-22 21:39:45,2330588968395416,贝塔β,感觉要蜀,[等级25],[粉丝团 Lv14]
2026-05-22 21:39:46,99372859314,启  夏,@睡个好觉 打她就跑呀。反正她在这里被上城打倒多次了[捂脸],[等级25],[粉丝团 Lv15]
2026-05-22 21:39:49,3132972734882599,王元组合,上城不打你吗,[等级1],
2026-05-22 21:39:50,2220666579074939,天赋异禀,这是什么游戏,[等级19],[粉丝团 Lv1]
2026-05-22 21:39:54,686516168034571,大英县卖电瓶,钓鱼,[等级11],[粉丝团 Lv1]
2026-05-22 21:39:59,93422851182,宗乐曼,[捂脸][捂脸][捂脸],[等级4],
2026-05-22 21:40:06,1684927014247075,纯,@天赋异禀 王者荣耀,,
2026-05-22 21:40:09,3175868363977623,洋  仔⁸⁰⁰⁸,@天赋异禀 梦幻西游,[等级21],[粉丝团:张君雅 Lv12]
2026-05-22 21:40:10,94621081467,雨踏歌行.,@天赋异禀 欢乐斗地主,[等级20],[粉丝团 Lv15]
2026-05-22 21:40:12,4862013350589,厉扑,被狗欺负[捂脸],[等级21],[粉丝团 Lv11]
2026-05-22 21:40:14,81178202457,এۣۖ: ℳღ幸运²º²6࿐,上城有两队这位置不好,[等级26],
2026-05-22 21:40:14,87685795754,硕歌,@天赋异禀 超级玛丽,[等级11],[粉丝团 Lv8]
2026-05-22 21:40:15,73518481792,不是本人,哈哈哈,[等级27],[粉丝团 Lv10]
2026-05-22 21:40:17,101875225014,🐮,在这上城要偷你,[等级15],[粉丝团 Lv7]
2026-05-22 21:40:17,2330588968395416,贝塔β,@天赋异禀 斗地主,[等级25],[粉丝团 Lv14]
2026-05-22 21:40:21,1845423225446986,小仔爷,消消乐,[等级13],[粉丝团 Lv5]
2026-05-22 21:40:22,73518481792,不是本人,干什么玩意,[等级27],[粉丝团 Lv10]
2026-05-22 21:40:23,100046163641,大结局）,又被骂了吧[捂脸],[等级32],
2026-05-22 21:40:24,89340056748,゛笑于心酸゛,西游记,[等级11],
2026-05-22 21:40:26,4366894140497036,火山岛农业,@睡个好觉 她有人偷就会冒险，这海边被上城打死2次[发呆],[等级10],[粉丝团 Lv12]
2026-05-22 21:40:31,1530976442254383,带五个孤儿住天桥底下,敌人消消乐,[等级27],[粉丝团 Lv11]
2026-05-22 21:40:34,74398430268,奶味小星球,@天赋异禀 消消乐,[等级30],[粉丝团 Lv2]
2026-05-22 21:40:38,2051041228488795,Wsxxs,我爱你,[等级3],[粉丝团 Lv5]
2026-05-22 21:40:48,76927102221,足迹,上城有人小心点。,[等级32],[粉丝团 Lv9]
2026-05-22 21:40:50,73518481792,不是本人,老黑到底哪里人，有时候感觉跟东北的似的,[等级27],[粉丝团 Lv10]
2026-05-22 21:40:51,99372859314,启  夏,@火山岛农业 2次[捂脸]好多次了。[捂脸]笑死,[等级25],[粉丝团 Lv15]
2026-05-22 21:40:54,2051041228488795,Wsxxs,约吗,[等级3],[粉丝团 Lv5]
2026-05-22 21:41:09,95886204966,聆听这一世的风,小心雷,[等级17],[粉丝团 Lv13]
2026-05-22 21:41:12,108825768878,南山居士,凶只是你们以为的，四川姑娘就是脾气如此，实际当中是很温柔的,[等级1],
2026-05-22 21:41:13,99372859314,启  夏,@火山岛农业 你看被打了[捂脸],[等级25],[粉丝团 Lv15]
2026-05-22 21:41:20,2330588968395416,贝塔β,上城死亡倒计时[捂脸],[等级25],[粉丝团 Lv14]
2026-05-22 21:41:21,2453751301683572,0。,队友不要一起打的吗,[等级21],
2026-05-22 21:41:22,2330588968395416,贝塔β,完辣,[等级25],[粉丝团 Lv14]
2026-05-22 21:41:23,1983979380030103,人不能天真一辈子.,上把吃鸡了没？,[等级23],[粉丝团 Lv4]
2026-05-22 21:41:25,61303363390,华南城商办站斧浏览器Amber,[捂脸][捂脸][捂脸][捂脸],[等级30],[粉丝团 Lv13]
2026-05-22 21:41:25,62733796221,栀栀,哦吼,[等级33],[粉丝团 Lv11]
2026-05-22 21:41:27,3179403341731661,小丨生,哦豁,[等级18],[粉丝团 Lv10]
2026-05-22 21:41:29,100000323092,我猫呢,哈哈哈哈,[等级7],
2026-05-22 21:41:30,3778386515474196,陈先生,[捂脸],[等级13],[粉丝团 Lv10]
2026-05-22 21:41:30,71126905166,抖音小肋手,[捂脸][捂脸][捂脸],[等级11],[粉丝团 Lv10]
2026-05-22 21:41:31,4129393396426611,灰太狼的诱惑,漂亮[呲牙][捂脸][捂脸][捂脸],[等级10],[粉丝团 Lv2]
2026-05-22 21:41:31,92513619898,前线军情,哈哈,,
2026-05-22 21:41:31,74348956006,🇴,[捂脸][捂脸],[等级23],[粉丝团 Lv15]
2026-05-22 21:41:32,3179403341731661,小丨生,不哭,[等级18],[粉丝团 Lv10]
2026-05-22 21:41:33,99372859314,启  夏,阿哈哈哈哈,[等级25],[粉丝团 Lv15]
2026-05-22 21:41:34,162368830051869,财多多,哈哈哈,[等级10],
2026-05-22 21:41:35,71126905166,抖音小肋手,完啦,[等级11],[粉丝团 Lv10]
2026-05-22 21:41:35,91692192767,安○逸,不应该骑马的直接钻箱子,[等级8],[粉丝团 Lv6]
2026-05-22 21:41:35,2009542393864356,铭朗建筑小周,[捂脸][捂脸][捂脸],[等级34],[粉丝团 Lv10]
2026-05-22 21:41:35,101998658215,万里 无云,漂亮,[等级4],
2026-05-22 21:41:36,95902315631,没用的飞舞猴子气急败坏了只能拉黑我了,能救吗队友[看],[等级13],[粉丝团 Lv12]
2026-05-22 21:41:37,69260884410,@张不言,掉大分,[等级23],
2026-05-22 21:41:37,76542045313,一只小蜜蜂,找个召回,[等级14],[粉丝团 Lv3]
2026-05-22 21:41:37,2164264163873815,楠音,重开,[等级35],[粉丝团 Lv13]
2026-05-22 21:41:37,466670364393783,袖下敛青川,哦豁[捂脸][捂脸][捂脸],[等级14],[粉丝团 Lv2]
2026-05-22 21:41:38,7502819607498343481,库里库里,漂亮,,
2026-05-22 21:41:38,60496289502,周叨叨,[捂脸][捂脸][捂脸][捂脸],[等级24],[粉丝团 Lv11]
2026-05-22 21:41:39,140363052876195,呱呱🐸,[捂脸][捂脸][捂脸][捂脸],[等级36],
2026-05-22 21:41:39,61324676323,爷们,失误了[捂脸][捂脸][捂脸],[等级10],[粉丝团 Lv11]
2026-05-22 21:41:39,1560947581518232,呦吼😎,这,[等级15],[粉丝团 Lv6]
2026-05-22 21:41:40,2043347923383228,余溺$,完了[捂脸][捂脸][捂脸],[等级6],[粉丝团 Lv4]
2026-05-22 21:41:40,77370919243,干饭萝,[比心][捂脸],[等级26],[粉丝团 Lv10]
2026-05-22 21:41:40,910001890925464,阿瞳睡不醒✨,十里桃花[看],[等级18],
2026-05-22 21:41:40,3162637879752798,￴ ￴ ￴ ￴￴ ￴￴,完了,[等级9],[粉丝团 Lv10]
2026-05-22 21:41:41,71126905166,抖音小肋手,玩啦,[等级11],[粉丝团 Lv10]
2026-05-22 21:41:41,100000323092,我猫呢,老黑啊老黑,[等级7],
2026-05-22 21:41:41,3132972734882599,王元组合,我就猜到会死,[等级1],
2026-05-22 21:41:42,105328716548,徐太蟀,为什么要下马呢？真搞不懂。,[等级20],
2026-05-22 21:41:43,4347941631308224,🧋,还偷人吗[呲牙],[等级2],
2026-05-22 21:41:43,106684424505,求求,三号位,[等级6],[粉丝团 Lv2]
2026-05-22 21:41:43,74273567425,妮妮,这队友，说好的一起打[捂脸],[等级21],[粉丝团 Lv5]
2026-05-22 21:41:43,2330588968395416,贝塔β,真蜀了[捂脸],[等级25],[粉丝团 Lv14]
2026-05-22 21:41:43,63249437054,只有你🐸⁸⁰⁰⁸,哦豁,[等级27],[粉丝团 Lv15]
2026-05-22 21:41:43,2145888220228567,用户18054358,完了！,[等级16],[粉丝团 Lv12]
2026-05-22 21:41:43,4312733019815760,雾里寻花,我就说嘛,[等级13],[粉丝团 Lv11]
2026-05-22 21:41:44,79876982398,王辉✌,666,[等级17],
2026-05-22 21:41:45,101687967112,无脚的鸟,哦吼[捂脸],[等级15],[粉丝团 Lv7]
2026-05-22 21:41:45,4312762483477248,村里有个姑娘叫小芳,哦吼,[等级3],[粉丝团 Lv3]
2026-05-22 21:41:46,78997989801,~发@德~,下一局,[等级5],
2026-05-22 21:41:47,7450110997022393401,保护水晶,欧吼,[等级4],[粉丝团 Lv6]
2026-05-22 21:41:48,910001890925464,阿瞳睡不醒✨,待嫁的年华,[等级18],
2026-05-22 21:41:48,63019632364,仰望星空,猫局真爱,[等级31],[粉丝团 Lv5]
2026-05-22 21:41:48,97600677185,晓乔治ovo,那两个队友离你一万公里,[等级38],[粉丝团 Lv13]
2026-05-22 21:41:48,81178202457,এۣۖ: ℳღ幸运²º²6࿐,说了这位置不好，你不听,[等级26],
2026-05-22 21:41:49,73569757746,小丑鱼,黑雅，说话,[等级9],[粉丝团 Lv10]
2026-05-22 21:41:49,110771197560,小电电,掉大分[捂脸],[等级38],
2026-05-22 21:41:49,149975423530195,健健,这波本来就不应该走,[等级23],[粉丝团 Lv3]
2026-05-22 21:41:49,68128483419,秋霜,哟，成盒了你瞅瞅[戳手手][戳手手][戳手手],[等级33],[粉丝团 Lv12]
2026-05-22 21:41:51,54625816075,最后一份天真,跑个屁。,[等级21],
2026-05-22 21:41:51,3188207395813070,恭喜發財,饮恨西北[捂脸],[等级29],[粉丝团 Lv1]
2026-05-22 21:41:52,4129393396426611,灰太狼的诱惑,老黑挨揍了[捂脸][捂脸][捂脸],[等级10],[粉丝团 Lv2]
2026-05-22 21:41:52,65399001507,顺风顺水顺路,知道上城有人，还拉河边,[等级10],[粉丝团 Lv11]
2026-05-22 21:41:53,3179403341731661,小丨生,乖噢，不哭[呲牙],[等级18],[粉丝团 Lv10]
2026-05-22 21:41:55,3778386515474196,陈先生,27分左右[捂脸][捂脸],[等级13],[粉丝团 Lv10]
2026-05-22 21:41:55,2453751301683572,0。,这队友不是要一起打的吗，落地不搭理人了,[等级21],
2026-05-22 21:41:55,96816298315,开饭开饭开饭,三号位,[等级33],[粉丝团 Lv10]
2026-05-22 21:41:55,61303363390,华南城商办站斧浏览器Amber,铁蛋哭得好好听,[等级30],[粉丝团 Lv13]
2026-05-22 21:41:55,97021139556,T☆,这马骑不了,[等级21],
2026-05-22 21:41:56,2557938630138812,土狗钙中钙,赛季最后一天了，给大家送个头助助兴[看],[等级14],
2026-05-22 21:41:57,64908956615,逐流,这队友不是说的一起打吗？怎么不过来,[等级17],[粉丝团 Lv9]
2026-05-22 21:41:58,646161190361448,暗影狂花,白干,[等级22],[粉丝团 Lv7]
2026-05-22 21:41:58,945198046651083,无形,天塌了,[等级16],[粉丝团 Lv13]
2026-05-22 21:42:01,3736596198466794,西临,掉大分,[等级29],[粉丝团 Lv5]
2026-05-22 21:42:02,3238488436382032,用户1324082652476,还偷人不[捂脸][捂脸][捂脸][捂脸],[等级11],[粉丝团 Lv11]
2026-05-22 21:42:02,107662442756,老曾⁶¹⁷,局哥去给你报仇,[等级20],[粉丝团 Lv11]
2026-05-22 21:42:02,162368830051869,财多多,怎莫说,[等级10],
2026-05-22 21:42:02,2300599369466573,微風依舊,别退阿，看局哥,[等级18],[粉丝团 Lv10]
2026-05-22 21:42:03,110405122010189,KeviN,不应该再骑马,[等级4],
2026-05-22 21:42:03,63781359567,Faye菲儿,死亡三号位[捂脸],[等级20],[粉丝团 Lv11]
2026-05-22 21:42:04,1377014322563560,🌘,招募去,[等级9],[粉丝团 Lv4]
2026-05-22 21:42:04,71126905166,抖音小肋手,@神秘人二阶 谢谢老板大气大气,[等级11],[粉丝团 Lv10]
2026-05-22 21:42:05,1455350881721268,弋🍓🍓,队友不团结  说话不算话[看],[等级13],[粉丝团 Lv12]
2026-05-22 21:42:05,3994947495402040,拾 忆🌈,三号位自己也压不住[捂脸],[等级22],
2026-05-22 21:42:06,130176958872411,君了个雅,3号位有说法的,[等级15],[粉丝团 Lv10]
2026-05-22 21:42:09,835228061934319,🌴9527,队友太怂了[捂脸],[等级22],[粉丝团 Lv10]
2026-05-22 21:42:10,97014636164,七喜,有点难受,[等级20],[粉丝团 Lv3]
2026-05-22 21:42:11,67009200765,积极向上，不畏将来,马快死了还骑,[等级10],[粉丝团 Lv5]
2026-05-22 21:42:11,4300887604074349,来好运,重开一把老黑,[等级20],[粉丝团 Lv12]
2026-05-22 21:42:11,2129109692727048,8023,队友怕嘎，跑了,[等级17],[粉丝团 Lv10]
2026-05-22 21:42:12,3996063592881981,@@🚬yangꦿ᭄ཽ࿆࿆:,3号有说法[捂脸][捂脸][捂脸],[等级15],[粉丝团 Lv10]
2026-05-22 21:42:12,7521532263738541113,秋天的海风,偷鸡不成蚀把米[呲牙],[等级3],[粉丝团 Lv8]
2026-05-22 21:42:12,1377014322563560,🌘,招募去,[等级9],[粉丝团 Lv4]
2026-05-22 21:42:12,81923643945,不知道,每次去哪里都会死[抠鼻][偷笑],[等级21],
2026-05-22 21:42:13,95937035852,放开那女孩,@西临,[等级2],
2026-05-22 21:42:14,88787629778,舍得,我掏他猴子,[等级13],[粉丝团 Lv7]
2026-05-22 21:42:14,84659846809,巴啦啦还挺亮,马重伤了当然下马了,[等级16],[粉丝团 Lv5]
2026-05-22 21:42:15,694511491097195,澄,天天偷人,[等级15],[粉丝团 Lv2]
2026-05-22 21:42:16,53962085018,好天气,猫在梦游,[等级6],[粉丝团 Lv7]
2026-05-22 21:42:16,60748485890,皮老六钓鱼🐟,经典还召回[捂脸]什么鬼,[等级37],
2026-05-22 21:42:17,99909203177,何人来渡我🐰,天塌了[捂脸],[等级38],
2026-05-22 21:42:18,99372859314,启  夏,@徐太蟀 🐴重伤了[捂脸]跑不动了呀[捂脸],[等级25],[粉丝团 Lv15]
2026-05-22 21:42:20,2453751301683572,0。,队友落地就不搭理人了,[等级21],
2026-05-22 21:42:21,3852291762041080,光头有点闲,没事，局哥也快了,[等级14],[粉丝团 Lv13]
2026-05-22 21:42:24,74273567425,妮妮,这队友说好的一起打，怎么喊都喊不过来[捂脸],[等级21],[粉丝团 Lv5]
2026-05-22 21:42:24,4233546532927219,🉑🈶🉑🈚,开始撒娇了？,[等级20],[粉丝团 Lv10]
2026-05-22 21:42:28,101998658215,万里 无云,你那牛逼劲呢？你嘚瑟劲儿呢[捂脸][捂脸][捂脸],[等级4],
2026-05-22 21:42:31,75634525708,༄᭄冰封ꦿᩚ࿐,@徐太蟀 耳朵是个好东西，说了马重伤了你是当耳旁风[捂脸],[等级22],[粉丝团 Lv14]
2026-05-22 21:42:34,4312733019815760,雾里寻花,我预感好准,[等级13],[粉丝团 Lv11]
2026-05-22 21:42:40,2894335097708382,china老王,咒真准啊，死亡三号位,[等级12],[粉丝团 Lv10]
2026-05-22 21:42:49,76927102221,足迹,[捂脸][捂脸][捂脸],[等级32],[粉丝团 Lv9]
2026-05-22 21:42:51,84317770287,@𝓦𝓨𝓡𝓾𝓲,怎么又嘎了[捂脸][捂脸][捂脸],[等级8],
2026-05-22 21:42:52,98247062246,ཉ小懒猫ཉ,这队友也是服了,[等级6],[粉丝团 Lv6]
2026-05-22 21:42:53,3267352005977800,释怀！,三号不爱玩,[等级20],
2026-05-22 21:43:01,3725607455961192,big高手,队友等你们打完了过来舔包呢，结果你先嘎了,[等级2],[粉丝团 Lv1]
2026-05-22 21:43:03,71126905166,抖音小肋手,[捂脸][捂脸][捂脸],[等级11],[粉丝团 Lv10]
2026-05-22 21:43:05,108617130675,追梦,叫唤好几队把队友吓跑了,[等级28],[粉丝团 Lv10]
2026-05-22 21:43:10,470219582866307,忻安,哈哈哈哈哈,[等级17],[粉丝团 Lv15]
2026-05-22 21:43:11,68128483419,秋霜,[捂脸][捂脸][捂脸],[等级33],[粉丝团 Lv12]
2026-05-22 21:43:12,1596141804983624,桃桃纸&,哈哈哈哈[捂脸][捂脸],[等级11],[粉丝团 Lv11]
2026-05-22 21:43:12,101875225014,🐮,[捂脸],[等级15],[粉丝团 Lv7]
2026-05-22 21:43:12,7443467011387458618,骨阿夫特嫩,[捂脸][捂脸][捂脸],[等级31],
2026-05-22 21:43:12,4180763393394264,📭,[捂脸][捂脸][捂脸],[等级17],[粉丝团 Lv10]
2026-05-22 21:43:13,93014642999,🌈南山楠,哈哈哈,[等级12],[粉丝团 Lv10]
2026-05-22 21:43:13,93171998731,a屁桃,[捂脸][捂脸],[等级15],[粉丝团 Lv11]
2026-05-22 21:43:14,1807239114666904,·喵了个咪,[捂脸][捂脸][捂脸],[等级20],[粉丝团 Lv15]
2026-05-22 21:43:15,67194033557,连连！,哈哈哈,[等级19],[粉丝团 Lv11]
2026-05-22 21:43:15,110405122010189,KeviN,哈哈哈哈哈,[等级4],
2026-05-22 21:43:15,1215429740594140,猫猫🐱,[捂脸][捂脸],,
2026-05-22 21:43:16,91659395772,D,哈哈,[等级3],[粉丝团 Lv3]
2026-05-22 21:43:16,3949062634087486,晞和,[捂脸][捂脸],[等级9],[粉丝团 Lv10]
2026-05-22 21:43:16,97764985902,少华,猫要发了疯的去复仇了，敢打我搭档[捂脸],[等级15],[粉丝团 Lv7]
2026-05-22 21:43:17,71126905166,抖音小肋手,老黑没忍住笑出来了,[等级11],[粉丝团 Lv10]
2026-05-22 21:43:17,3969709917617626,无话可说.,这队友怎么还不来[捂脸],[等级8],
2026-05-22 21:43:17,58272818525,雾里观川,下饭,[等级9],[粉丝团 Lv7]
2026-05-22 21:43:17,2810776444220189,dhkslal,烧自己 是什么操作,[等级30],[粉丝团 Lv1]
2026-05-22 21:43:17,101487550960,𝑪𝒓𝒖𝒔𝒉.,[捂脸],[等级25],
2026-05-22 21:43:18,93994416218,🌈🌈🌈潇潇,哈哈哈哈哈哈,[等级13],[粉丝团 Lv11]
2026-05-22 21:43:19,88240691537,奔跑的蜗牛,[捂脸][捂脸][捂脸],[等级22],[粉丝团 Lv13]
2026-05-22 21:43:19,108160051507,野猫,[捂脸][捂脸],[等级30],[粉丝团 Lv10]
2026-05-22 21:43:19,57021608132,777 ﹉🕊,[捂脸][捂脸][捂脸],[等级23],[粉丝团 Lv10]
2026-05-22 21:43:20,826425753210750,小吴,哈哈哈,[等级6],[粉丝团 Lv4]
2026-05-22 21:43:21,61645649974,一粒尘埃,[捂脸][捂脸][捂脸],[等级18],[粉丝团 Lv12]
2026-05-22 21:43:21,99372859314,启  夏,[捂脸][捂脸][捂脸],[等级25],[粉丝团 Lv15]
2026-05-22 21:43:23,97873426024,春夏秋冬,你把嘴闭上让人家自己打,[等级21],[粉丝团 Lv8]
2026-05-22 21:43:27,84159073433,不入戏🍃,[捂脸][捂脸][捂脸],[等级21],[粉丝团 Lv12]
2026-05-22 21:43:36,101875225014,🐮,[捂脸][捂脸],[等级15],[粉丝团 Lv7]
2026-05-22 21:43:38,55159220102,BWRZ（记录美好）,@春夏秋冬 就不就不就不[看]略略略,[等级36],[粉丝团 Lv16]
2026-05-22 21:43:41,3809160192338679,用户9576151154844,小刀拉屁股,[等级1],
2026-05-22 21:43:43,64346333808,晚风,怎么感觉还没我厉害呢,[等级14],[粉丝团 Lv2]
2026-05-22 21:43:44,1301435658548127,爱生活爱笑爱可乐,主播怎么不打,[等级13],
2026-05-22 21:43:44,53136197759,𝗦·𝗝𝘂𝗻¹²𝗟𝗲𝗼𖠚ᐝ,猫老年人身法[捂脸],[等级28],[粉丝团 Lv15]
2026-05-22 21:43:45,55159220102,BWRZ（记录美好）,@春夏秋冬 略略略就不就不就不[看],[等级36],[粉丝团 Lv16]
2026-05-22 21:43:47,1736825088772540,月光的折射,盒子别说话[捂脸],[等级18],
2026-05-22 21:43:47,4476823662759959,如初༄,老黑，你不喜欢打游戏吗？这么好的设备怎么只观战啊,[等级9],
2026-05-22 21:43:49,4862013350589,厉扑,盒子闭嘴,[等级21],[粉丝团 Lv11]
2026-05-22 21:43:50,60299547973,⭐Nicefeel孙先森,@春夏秋冬 滚,[等级16],[粉丝团 Lv9]
2026-05-22 21:43:51,75634525708,༄᭄冰封ꦿᩚ࿐,队友开局说的挺好，打架不参与，嘴上一套背地里一套？[看],[等级22],[粉丝团 Lv14]
2026-05-22 21:43:53,3724768647847668,祈爱,@春夏秋冬 不看就滚,[等级23],[粉丝团 Lv11]
2026-05-22 21:44:00,84159073433,不入戏🍃,[捂脸][捂脸],[等级21],[粉丝团 Lv12]
2026-05-22 21:44:01,60476701053,超级强化暴龙,三号是不爱玩吗 咋坐在观众席了,[等级10],[粉丝团 Lv7]
2026-05-22 21:44:05,721758552851803,风之舞者,服了,[等级7],[粉丝团 Lv6]
2026-05-22 21:44:05,3949062634087486,晞和,[捂脸],[等级9],[粉丝团 Lv10]
2026-05-22 21:44:06,75436771589,呆仔A,报仇了,[等级12],[粉丝团 Lv11]
2026-05-22 21:44:06,109109492047,z浩哥,局哥,[等级7],
2026-05-22 21:44:06,75446230005,@Lucky￥,老黑今晚上不爱打游戏,[等级17],[粉丝团 Lv13]
2026-05-22 21:44:07,55931566812,豆浆油条、,盒子别说话,[等级14],
2026-05-22 21:44:08,87061048791,小颜,再开一局,[等级10],[粉丝团 Lv10]
2026-05-22 21:44:11,2453751301683572,0。,这队友落地就不理人了,[等级21],
2026-05-22 21:44:13,470219582866307,忻安,死亡三号位啊[看],[等级17],[粉丝团 Lv15]
2026-05-22 21:44:13,100228336934,忍住不想说,跟老黑比像老太太,[等级29],
2026-05-22 21:44:15,101137468166,地球上只有一个中国,盒子不要说话，干扰队友,[等级7],
2026-05-22 21:44:16,200580296878250,ο▬▬▬◙▅▅▆▆▆▆◤千,去上城干他,[等级7],[粉丝团 Lv10]
2026-05-22 21:44:17,87872643486,村口的过客,死亡3号位,[等级21],[粉丝团 Lv11]
2026-05-22 21:44:17,94813074976,漠北,真不容易呀,[等级21],[粉丝团 Lv7]
2026-05-22 21:44:17,71126905166,抖音小肋手,@失控键盘 谢谢老板,[等级11],[粉丝团 Lv10]
2026-05-22 21:44:18,1085970919207885,李穆宁,猫局和我差不多,[等级3],[粉丝团 Lv2]
2026-05-22 21:44:19,55159220102,BWRZ（记录美好）,@豆浆油条、 就说就说就说就说就说就说略略略[看],[等级36],[粉丝团 Lv16]
2026-05-22 21:44:19,2330588968395416,贝塔β,[捂脸][捂脸],[等级25],[粉丝团 Lv14]
2026-05-22 21:44:21,103272598104,🔶金枣🔶,念经呢[捂脸][捂脸][捂脸][捂脸],[等级11],
2026-05-22 21:44:22,96822844982,良先生,亲生的不要,[等级21],
2026-05-22 21:44:23,99372859314,启  夏,@春夏秋冬 你闭嘴吧[捂脸]这是她直播间你还叫他不说话[捂脸],[等级25],[粉丝团 Lv15]
2026-05-22 21:44:24,100628196455,嘘🤫,3号位置是不是有点邪门,[等级15],[粉丝团 Lv6]
2026-05-22 21:44:25,104427441690,A洋芋坨坨,3号想休息一下,,
2026-05-22 21:44:25,111548021631,啊噗噗噗,你爱扑啊,[等级13],[粉丝团 Lv11]
2026-05-22 21:44:26,3724768647847668,祈爱,@豆浆油条、 不看就滚,[等级23],[粉丝团 Lv11]
2026-05-22 21:44:27,92315339223,姐夫不喝药,死盒子,[等级13],[粉丝团 Lv11]
2026-05-22 21:44:27,1420996635792391,张老黑的好大儿,咋又挂了[看],[等级24],[粉丝团 Lv12]
2026-05-22 21:44:27,111502879981,以犬会友,局哥你人机,[等级20],[粉丝团 Lv9]
2026-05-22 21:44:27,3993907231457704,鑔錨,这么噶了,[等级11],[粉丝团 Lv10]
2026-05-22 21:44:28,61167050691037,哦豁,盒子别说话。,[等级24],[粉丝团 Lv13]
2026-05-22 21:44:29,71126905166,抖音小肋手,[捂脸][捂脸][捂脸][捂脸],[等级11],[粉丝团 Lv10]
2026-05-22 21:44:30,97014636164,七喜,哈哈哈哈看哥操作给你看急了,[等级20],[粉丝团 Lv3]
2026-05-22 21:44:31,99247846363,海仔,[捂脸][捂脸][捂脸],[等级23],[粉丝团 Lv13]
2026-05-22 21:44:32,448249880646383,梦魇三千,丝了个最菜的,[等级16],[粉丝团 Lv11]
2026-05-22 21:44:33,3413334368722349,小阿悄,换赛道了，张老嘿解说[展开说说][展开说说][展开说说][展开说说][展开说说],[等级15],[粉丝团 Lv11]
2026-05-22 21:44:34,4362506438184156,用户4037192335629,看猫局的操作真的急死人！,,
2026-05-22 21:44:35,93994416218,🌈🌈🌈潇潇,🤣,[等级13],[粉丝团 Lv11]
2026-05-22 21:44:36,7443467011387458618,骨阿夫特嫩,[捂脸][捂脸],[等级31],
2026-05-22 21:44:39,2141475117206459,爱你永不后悔,不是一个档次,[等级34],[粉丝团 Lv6]
2026-05-22 21:44:39,66875088687,阿威✔,哈哈哈哈,[等级17],[粉丝团 Lv11]
2026-05-22 21:44:40,98920668309,十一、,还是老黑思路清晰,[等级14],[粉丝团 Lv11]
2026-05-22 21:44:41,75630048642,🐷慢慢习惯🐷,这三号位？是真的有毒,[等级20],[粉丝团 Lv11]
2026-05-22 21:44:43,87061048791,小颜,自己开一局,[等级10],[粉丝团 Lv10]
2026-05-22 21:44:43,82118318153,强哥,盒子别说话,[等级13],[粉丝团 Lv4]
2026-05-22 21:44:44,3751175069637851,Monster,他叫你闭嘴[捂脸][捂脸],[等级42],[粉丝团 Lv11]
2026-05-22 21:44:44,4004835685841444,㞢卄,喊你张老黑，你敢答应吗   喊你张老黑，你敢答应吗,[等级9],[粉丝团 Lv1]
2026-05-22 21:44:45,109886789309,✨️larkspur_tang⁵¹⁰⁷⁴,闭麦[捂脸],[等级31],[粉丝团 Lv16]
2026-05-22 21:44:45,55159220102,BWRZ（记录美好）,[大笑][泣不成声],[等级36],[粉丝团 Lv16]
2026-05-22 21:44:45,55931566812,豆浆油条、,盒子别说话,[等级14],
2026-05-22 21:44:46,2234682707544967,子一,盒子别说话,[等级25],[粉丝团:张君雅 Lv15]
2026-05-22 21:44:48,65882853894,明月,[捂脸][捂脸][捂脸],[等级22],[粉丝团 Lv12]
2026-05-22 21:44:50,24127910744,一般般,《我不懂》,[等级17],[粉丝团 Lv5]
2026-05-22 21:44:52,4314916384157933,林大胆很胆小,妹妹今天被艾特了,[等级23],[粉丝团 Lv7]
2026-05-22 21:44:52,4004835685841444,㞢卄,喊你张老黑，你敢答应吗   喊你张老黑，你敢答应吗,[等级9],[粉丝团 Lv1]
2026-05-22 21:44:52,64871267356,蓝汇电子科技,桥下有人,[等级19],[粉丝团 Lv3]
2026-05-22 21:44:53,101998658215,万里 无云,你懂吧！让你闭嘴[捂脸][捂脸][捂脸],[等级4],
2026-05-22 21:44:55,98920668309,十一、,不是一个级别,[等级14],[粉丝团 Lv11]
2026-05-22 21:44:55,55159220102,BWRZ（记录美好）,@强哥 就说就说就说就说就说就说略略略,[等级36],[粉丝团 Lv16]
2026-05-22 21:44:55,4476823662759959,如初༄,老黑老黑，你不喜欢打游戏吗？这么好的设备怎么只观战啊,[等级9],
2026-05-22 21:44:56,4164567745964686,帕·拉,盒子好好看,[等级26],[粉丝团 Lv11]
2026-05-22 21:44:56,57021608132,777 ﹉🕊,毛局话都说不利索了,[等级23],[粉丝团 Lv10]
2026-05-22 21:44:56,75494993240,moon,为舔包为什么看不见包里有什么,[等级3],
2026-05-22 21:44:58,2796754905862029,爱吃柠檬味秋刀鱼,打巷道站[捂脸][捂脸][捂脸][捂脸],[等级12],[粉丝团 Lv2]
2026-05-22 21:44:58,2696436837264052,顺势而为,个人打个人的,,
2026-05-22 21:44:58,4476823662759959,如初༄,老黑老黑，你不喜欢打游戏吗？这么好的设备怎么只观战啊,[等级9],
2026-05-22 21:45:00,108086651855,一只小玉米,不喜欢玩游戏吗？,[等级12],[粉丝团 Lv10]
2026-05-22 21:45:00,95825900600,ｌｅｙｉ李,死亡3号位,[等级2],
2026-05-22 21:45:01,100228336934,忍住不想说,猫局主要是负责对外联络,[等级29],
2026-05-22 21:45:01,2453751301683572,0。,姜子牙嘴真硬,[等级21],
2026-05-22 21:45:02,87872643486,村口的过客,老黑，招募带妹妹,[等级21],[粉丝团 Lv11]
2026-05-22 21:45:02,63054998235,七 ～秒记忆,如机[尬笑][尬笑],[等级20],[粉丝团 Lv10]
2026-05-22 21:45:03,4129393396426611,灰太狼的诱惑,盒子闭嘴[捂脸][捂脸][捂脸],[等级10],[粉丝团 Lv2]
2026-05-22 21:45:03,101875225014,🐮,盒子别说话[捂脸],[等级15],[粉丝团 Lv7]
2026-05-22 21:45:04,91657182053,爱旅行的岳先森,哈哈哈,,
2026-05-22 21:45:04,55159220102,BWRZ（记录美好）,@万里 无云 就说就说就说[看],[等级36],[粉丝团 Lv16]
2026-05-22 21:45:05,4004835685841444,㞢卄,喊你张老黑，你敢答应吗   喊你张老黑，你敢答应吗,[等级9],[粉丝团 Lv1]
2026-05-22 21:45:06,64128077743,鹿鹿呀。,看完局哥这一操作，我觉得我又行了[捂脸],[等级11],[粉丝团 Lv8]
2026-05-22 21:45:06,2010380406884487,东哥,盒子闭嘴,[等级4],
2026-05-22 21:45:06,99038567744,欧阳锋,黑猫白猫抓到老鼠就是好猫,[等级31],[粉丝团 Lv5]
2026-05-22 21:45:08,588940244944333,哟哟哟,老黑呢？？？,[等级22],[粉丝团 Lv7]
2026-05-22 21:45:08,2322637781999111,用户8670873791962,猫局是挺菜的还不让说,[等级13],
2026-05-22 21:45:08,102151080721,小迷糊🫧、,哈哈,[等级15],[粉丝团 Lv4]
2026-05-22 21:45:11,81093978289,爱生活😘爱成哥,雅雅是对的,[等级16],[粉丝团 Lv1]
2026-05-22 21:45:11,4476823662759959,如初༄,老黑老黑，你不喜欢打游戏吗？这么好的设备怎么只观战啊,[等级9],
2026-05-22 21:45:13,1416639897148718,独往,太犟了[捂脸],,
2026-05-22 21:45:13,65978274328,东哥,这枪打的垃圾,[等级10],
2026-05-22 21:45:13,104910766548,阿眠,盒子闭嘴,[等级15],[粉丝团 Lv4]
2026-05-22 21:45:14,2696436837264052,顺势而为,别吵吵,,
2026-05-22 21:45:15,74273567425,妮妮,盒子宝宝不说话,[等级21],[粉丝团 Lv5]
2026-05-22 21:45:16,62002179904,艺术家脾气。,盒子别说话,[等级5],
2026-05-22 21:45:16,2005142166316856,fgg,橘猫的意思让盒子闭嘴[捂脸],[等级8],[粉丝团 Lv4]
2026-05-22 21:45:18,588940244944333,哟哟哟,老黑呢？？,[等级22],[粉丝团 Lv7]
2026-05-22 21:45:19,4380106463646583,金秋,你再说人机都打不中了,[等级18],[粉丝团 Lv9]
2026-05-22 21:45:20,92539594611,L～ZH,恭喜我自己升级,[等级26],[粉丝团 Lv5]
2026-05-22 21:45:20,76786388221,🌈 海龍_,我感觉老猫紧张啦[捂脸],[等级24],[粉丝团 Lv11]
2026-05-22 21:45:21,97996974837,糖果🍬,让他装上了[捂脸],[等级15],[粉丝团 Lv3]
2026-05-22 21:45:22,2896552179283347,月亮叫我睡觉觉丶,哈哈哈哈,[等级19],[粉丝团 Lv13]
2026-05-22 21:45:22,606566324641438,培风,盒子[捂脸]闭嘴,[等级14],
2026-05-22 21:45:22,88308265454,靇錿昇圍,重新开一局吧,[等级12],
2026-05-22 21:45:24,4476823662759959,如初༄,老黑老黑，你不喜欢打游戏吗？这么好的设备怎么只观战啊,[等级9],
2026-05-22 21:45:24,4004835685841444,㞢卄,喊你张老黑，你敢答应吗   喊你张老黑，你敢答应吗,[等级9],[粉丝团 Lv1]
2026-05-22 21:45:24,4194001283195769,暴露出来了吗,退了啊,,
2026-05-22 21:45:24,76927102221,足迹,去干上城,[等级32],[粉丝团 Lv9]
2026-05-22 21:45:24,75634525708,༄᭄冰封ꦿᩚ࿐,@豆浆油条、 黑子闭嘴[抠鼻],[等级22],[粉丝团 Lv14]
2026-05-22 21:45:24,78290643124,小羊.,@用户8670873791962 你多厉害啊,[等级15],[粉丝团 Lv11]
2026-05-22 21:45:26,3958713962999551,裴＊*,挂了？,[等级12],[粉丝团 Lv10]
2026-05-22 21:45:26,60146126073,友个仁,咋滴，落地成盒了,[等级30],[粉丝团 Lv11]
2026-05-22 21:45:27,7521532263738541113,秋天的海风,一个人一个玩法,[等级3],[粉丝团 Lv8]
2026-05-22 21:45:28,99909203177,何人来渡我🐰,死犟死犟的[捂脸],[等级38],
2026-05-22 21:45:28,101875225014,🐮,开全麦喊人打,[等级15],[粉丝团 Lv7]
2026-05-22 21:45:29,62002179904,艺术家脾气。,他的意思是让你闭嘴,[等级5],
2026-05-22 21:45:29,4309688616489140,BBVN,哈哈哈 各有各打法,[等级22],
2026-05-22 21:45:30,71091522114,面具,建议零售价100元，我不接受你的建议。,[等级8],
2026-05-22 21:45:30,2808603677568691,筑梦房产-小郑,好卡,[等级5],
2026-05-22 21:45:31,99049143910,杨🐏,菜的都死了还指挥,[等级16],[粉丝团 Lv7]
2026-05-22 21:45:32,55159220102,BWRZ（记录美好）,@艺术家脾气。 就说就说略略略[看]咋滴,[等级36],[粉丝团 Lv16]
2026-05-22 21:45:34,7471122850271872058,沧浪客,别哎呀了  你别说话,[等级9],
2026-05-22 21:45:34,2824008837643668,Hom,下把招募把,,
2026-05-22 21:45:34,110455773688,大润很无聊,猫局硬起来了,[等级14],
2026-05-22 21:45:34,103591335296,礼,安静的盒子,[等级20],[粉丝团 Lv10]
2026-05-22 21:45:35,101065533023,🌈冷漠,局哥还得学啊[捂脸][捂脸][捂脸],[等级19],[粉丝团 Lv10]
2026-05-22 21:45:35,4001819313841768,Ah,确实是，都有自己的打法思路,[等级16],[粉丝团 Lv4]
2026-05-22 21:45:36,7572914980963681329,平凡老己,盒子没有发言权,[等级27],[粉丝团 Lv11]
2026-05-22 21:45:37,4330355120149084,唯一♥,肯定知道你被打死了就跑了,[等级8],[粉丝团 Lv7]
2026-05-22 21:45:38,4476823662759959,如初༄,老黑老黑，你不喜欢打游戏吗？这么好的设备怎么只观战啊,[等级9],
2026-05-22 21:45:39,63054998235,七 ～秒记忆,看看跑了队友视角,[等级20],[粉丝团 Lv10]
2026-05-22 21:45:42,75446230005,@Lucky￥,一万多人陪你观战,[等级17],[粉丝团 Lv13]
2026-05-22 21:45:45,72893030410,开芯💖,就是爱指挥的不行,[等级16],[粉丝团 Lv6]
2026-05-22 21:45:45,2330588968395416,贝塔β,37分,[等级25],[粉丝团 Lv14]
2026-05-22 21:45:47,694511491097195,澄,老黑确实牛，单独看猫觉得牛，跟老黑一比就拉了,[等级15],[粉丝团 Lv2]
2026-05-22 21:45:48,2129109692727048,8023,[捂脸][捂脸][捂脸][捂脸][捂脸][捂脸][捂脸][捂脸],[等级17],[粉丝团 Lv10]
2026-05-22 21:45:51,61283771658,孤独小欧,这是啥？就这也就和雅姐搭档要不……,[等级16],[粉丝团 Lv12]
2026-05-22 21:45:51,100228336934,忍住不想说,猫局的跑步灵敏度都没拉到90%吧,[等级29],
2026-05-22 21:45:51,4004835685841444,㞢卄,喊你张老黑，你敢答应吗   喊你张老黑，你敢答应吗,[等级9],[粉丝团 Lv1]
2026-05-22 21:45:51,69901418738,某某人,黑子说话,[等级4],
2026-05-22 21:45:51,62817511026,渡人不如渡己,把老黑整不会了,[等级23],
2026-05-22 21:45:53,1261848801839245,曾经最美,盒子别说话[捂脸][捂脸],[等级28],
2026-05-22 21:45:56,162368830051869,财多多,哈哈哈哈,[等级10],
2026-05-22 21:45:57,105633835483,醉卧沙场君莫笑,又掉大分[捂脸][捂脸],[等级27],[粉丝团 Lv16]
2026-05-22 21:45:59,55159220102,BWRZ（记录美好）,@开芯💖 就说就说略略略咋滴[看],[等级36],[粉丝团 Lv16]
2026-05-22 21:45:59,2924329532916868,刺青,@如初༄ 滚,[等级11],[粉丝团 Lv8]
2026-05-22 21:45:59,96471514187,小兮兮,加油,[等级10],[粉丝团 Lv6]
2026-05-22 21:46:00,1302276115534719,康前胜地,赔我牛[捂脸][捂脸][捂脸][捂脸][捂脸][捂脸][捂脸],[等级30],[粉丝团 Lv12]
2026-05-22 21:46:00,4314916384157933,林大胆很胆小,君雅宝贝厉害的很啊,[等级23],[粉丝团 Lv7]
2026-05-22 21:46:00,87872643486,村口的过客,招募不行吗,[等级21],[粉丝团 Lv11]
2026-05-22 21:46:00,71126905166,抖音小肋手,[捂脸][捂脸][捂脸],[等级11],[粉丝团 Lv10]
2026-05-22 21:46:03,470219582866307,忻安,没事没事,[等级17],[粉丝团 Lv15]
2026-05-22 21:46:05,1875121556175175,与山共海,老黑说话太直了，伤了局哥自尊[捂脸],,
2026-05-22 21:46:06,63156132590,w,这大嗓门[捂脸],[等级19],
2026-05-22 21:46:06,95337180761,Sir。,踩头是最好的办法,[等级22],
2026-05-22 21:46:06,98878505737,杰.,鬼哭狼嚎,,
2026-05-22 21:46:08,66299206533,✎﹏ℳღ᭄ꦿ暖ℒℴѵℯ阳,打法不一样,[等级7],
2026-05-22 21:46:08,98932933761,漂洋过海,我还就不信今晚不开麦了[捂脸],[等级16],
2026-05-22 21:46:09,888869537723774,yuz.,每个人都有自己打法,[等级6],[粉丝团 Lv5]
2026-05-22 21:46:10,72893030410,开芯💖,你一指挥人家就思路乱了,[等级16],[粉丝团 Lv6]
2026-05-22 21:46:10,2676661614558888,ZANE🐳,今天老猫会顶嘴,[等级20],[粉丝团 Lv10]
2026-05-22 21:46:11,2172229561625960,好嗨哟,怎么唱山歌呢[捂脸],[等级25],[粉丝团 Lv13]
2026-05-22 21:46:12,93332543630,꧁国宝꧂,你真的很聪明,[等级22],
2026-05-22 21:46:13,4042233810518583,没熟的豆撅子,唱得不错 下次别唱了,[等级12],
2026-05-22 21:46:13,4314916384157933,林大胆很胆小,君雅大妹妹[看][看][看][看],[等级23],[粉丝团 Lv7]
2026-05-22 21:46:14,100717923722,老衲法号乱来,@BWRZ（记录美好） 哈哈,[等级28],[粉丝团 Lv15]
2026-05-22 21:46:15,105633835483,醉卧沙场君莫笑,菜的抠脚,[等级27],[粉丝团 Lv16]
2026-05-22 21:46:16,102012879408,忄,神秘人扑总啊[捂脸],[等级11],
2026-05-22 21:46:16,97014636164,七喜,这木乃伊的五个脚趾头是分开的,[等级20],[粉丝团 Lv3]
2026-05-22 21:46:16,3126653534354637,Mr Z,刚好我在吃饭，很下饭呢,[等级17],
2026-05-22 21:46:16,2537315597563134,烽行天下,猫还活着呢？,[等级12],[粉丝团 Lv3]
2026-05-22 21:46:16,55159220102,BWRZ（记录美好）,@曾经最美 就说就说[看],[等级36],[粉丝团 Lv16]
2026-05-22 21:46:20,87872643486,村口的过客,路匹，队友都不一起打,[等级21],[粉丝团 Lv11]
2026-05-22 21:46:21,98920668309,十一、,老黑思路是正常人的思路,[等级14],[粉丝团 Lv11]
2026-05-22 21:46:23,4026864936950483,用户3903360790915,今天是最后一天嘛赛季,,
2026-05-22 21:46:26,114780541554503,🌹宇宙的世界❤️,宝贝开播啦！,[等级25],
2026-05-22 21:46:27,62817511026,渡人不如渡己,有一说一老黑给的思路一点问题没有,[等级23],
2026-05-22 21:46:27,3614792247424787,Mr陈,主播你这需要多大的天赋,[等级11],
2026-05-22 21:46:30,826425753210750,小吴,单排应该是战神局吧 嘿嘿,[等级6],[粉丝团 Lv4]
2026-05-22 21:46:30,4004835685841444,㞢卄,喊你张老黑，你敢答应吗   喊你张老黑，你敢答应吗,[等级9],[粉丝团 Lv1]
2026-05-22 21:46:31,1416639897148718,独往,沉淀沉淀,,
2026-05-22 21:46:32,101875225014,🐮,实在没招了，唱歌缓一下[捂脸],[等级15],[粉丝团 Lv7]
2026-05-22 21:46:33,98920668309,十一、,猫局还是得练,[等级14],[粉丝团 Lv11]
2026-05-22 21:46:35,2867979489646590,唯岁月静好,要出来了,[等级12],[粉丝团 Lv5]
2026-05-22 21:46:35,55159220102,BWRZ（记录美好）,[看]你有什么脸让主播闭嘴[看],[等级36],[粉丝团 Lv16]
2026-05-22 21:46:38,111037877835,黄鹤楼•天赐淡雅香,张君雅牛逼,[等级30],[粉丝团 Lv12]
2026-05-22 21:46:38,2427344102360279,鹏哥🐮,猫局没老黑玩的溜[捂脸],[等级13],[粉丝团 Lv12]
2026-05-22 21:46:39,55159220102,BWRZ（记录美好）,就说就说[看],[等级36],[粉丝团 Lv16]
2026-05-22 21:46:39,70837936164,貧僧不近女色,一晚上白干[捂脸],[等级31],
2026-05-22 21:46:39,92899858186,剪不断的相思,感谢1号神秘人雷尔,[等级15],[粉丝团 Lv12]
2026-05-22 21:46:40,2524940450925799,相忘于江湖,猫局晋级赛过了，，敢顶嘴了,[等级35],[粉丝团 Lv3]
2026-05-22 21:46:44,4305294912129470,余拉,老黑我爱你,[等级18],[粉丝团 Lv10]
2026-05-22 21:46:46,96637866157,六哥ᵗˢᵏ,预言是不开了么以后,[等级19],[粉丝团 Lv3]
2026-05-22 21:46:51,2473268489229450,杨通啥,[比心][比心][比心][比心][比心][比心][比心][比心][比心][比心],[等级2],
2026-05-22 21:47:00,104915596694,小雨点💧,[捂脸][捂脸],[等级18],[粉丝团 Lv5]
2026-05-22 21:47:00,75436771589,呆仔A,这就被认出来了,[等级12],[粉丝团 Lv11]
2026-05-22 21:47:02,101647797430,国产QQ,你没有,[等级11],
2026-05-22 21:47:03,1691517243364212,肉丸子,老黑说得没错，高打低不好打还巷战,[等级10],[粉丝团 Lv5]
2026-05-22 21:47:03,4312733019815760,雾里寻花,拐播,[等级13],[粉丝团 Lv11]
2026-05-22 21:47:05,2009542393864356,铭朗建筑小周,[捂脸],[等级34],[粉丝团 Lv10]
2026-05-22 21:47:05,88017468513,𝐋𝐢𝐟𝐞𝐥𝐢𝐧𝐞 ,被认出来了,[等级11],
2026-05-22 21:47:06,3460866550016427,盼秋,刚看了会其他直播，卡着时间过来就刚好下一把,,
2026-05-22 21:47:06,76927102221,足迹,[捂脸][捂脸][捂脸],[等级32],[粉丝团 Lv9]
2026-05-22 21:47:08,2129109692727048,8023,现在无语中[捂脸][捂脸][捂脸],[等级17],[粉丝团 Lv10]
2026-05-22 21:47:09,115879645029129,默默有点忙,这个第八吉运家啥意思,[等级5],
2026-05-22 21:47:09,99372859314,启  夏,@用户3903360790915 对,[等级25],[粉丝团 Lv15]
2026-05-22 21:47:11,103278322561,用户778621,卵都卵了[捂脸],[等级25],[粉丝团 Lv11]
2026-05-22 21:47:12,76927102221,足迹,好好看好好学。,[等级32],[粉丝团 Lv9]
2026-05-22 21:47:12,97325306748,@.,主播是云南的？,,
2026-05-22 21:47:12,1820390119971927,是哆咪吖,哈哈，暖波。[捂脸][捂脸][捂脸],[等级14],
2026-05-22 21:47:12,110545983271,今晚打老虎,我要把游戏名称改成，单手锤爆张君雅,[等级12],[粉丝团 Lv3]
2026-05-22 21:47:12,3755560202155005,封䒢,问就不是,[等级10],[粉丝团 Lv6]
2026-05-22 21:47:14,71126905166,抖音小肋手,认出来了,[等级11],[粉丝团 Lv10]
2026-05-22 21:47:16,110545983271,今晚打老虎,我要把游戏名称改成，单手锤爆张君雅,[等级12],[粉丝团 Lv3]
2026-05-22 21:47:18,4314916384157933,林大胆很胆小,四号是我妹妹张君雅 我是四号哥哥张君宝,[等级23],[粉丝团 Lv7]
2026-05-22 21:47:18,97021139556,T☆,指挥的没毛病，采高打肯定是最好的,[等级21],
2026-05-22 21:47:18,7504143963839775801,松烟客,卵也能播？？？？,,
2026-05-22 21:47:19,77416951506,ら孤痞,@杨🐏 这是她的直播间，她想说不行呀！,[等级37],[粉丝团 Lv17]
2026-05-22 21:47:20,4862013350589,厉扑,神秘人 小扑,[等级21],[粉丝团 Lv11]
2026-05-22 21:47:20,110545983271,今晚打老虎,我要把游戏名称改成，单手锤爆张君雅,[等级12],[粉丝团 Lv3]
2026-05-22 21:47:22,2682408948481348,⋅  歲月安然,@@思雨 @媤雨,[等级6],
2026-05-22 21:47:22,71126905166,抖音小肋手,@@. 号是,[等级11],[粉丝团 Lv10]
2026-05-22 21:47:23,105237449265,滁州杜先生,看游戏名字，就知道是她了,[等级34],
2026-05-22 21:47:25,107662442756,老曾⁶¹⁷,现在有空点赞了,[等级20],[粉丝团 Lv11]
2026-05-22 21:47:26,55159220102,BWRZ（记录美好）,[偷笑],[等级36],[粉丝团 Lv16]
2026-05-22 21:47:26,4503650752348654,随遇而安＂,乱播,[等级2],[粉丝团 Lv2]
2026-05-22 21:47:27,3378144954030583,用户726,神秘人真神秘哈哈哈[捂脸],[等级7],[粉丝团 Lv7]
2026-05-22 21:47:30,2810776444220189,dhkslal,你没开麦,[等级30],[粉丝团 Lv1]
2026-05-22 21:47:36,102028794518,用户110524,咋退了捏,[等级19],[粉丝团 Lv7]
2026-05-22 21:47:36,110545983271,今晚打老虎,我要把游戏名称改成，单手锤爆张君雅,[等级12],[粉丝团 Lv3]
2026-05-22 21:47:38,1416639897148718,独往,这话谁教你的,,
2026-05-22 21:47:39,277530451378247,iq年锦,这个账号是自己的，还是老板的？,,
2026-05-22 21:47:40,87900359390,一个怡,暖心的朱波,[等级10],[粉丝团 Lv5]
2026-05-22 21:47:41,3934507317863532,一个从人民中走出来的普通人（轮回版）,黑宝。我是新来的,[等级23],[粉丝团 Lv2]
2026-05-22 21:47:42,72893030410,开芯💖,一直压力人家猫局,[等级16],[粉丝团 Lv6]
2026-05-22 21:47:42,66299206533,✎﹏ℳღ᭄ꦿ暖ℒℴѵℯ阳,猫喜欢硬刚，老黑喜欢打战术,[等级7],
2026-05-22 21:47:43,2427344102360279,鹏哥🐮,菜园子和陈慧娃今晚怎么没求救老黑[捂脸],[等级13],[粉丝团 Lv12]
2026-05-22 21:47:44,47975490663316,涅槃,马尿？？？,[等级28],
2026-05-22 21:47:44,97396347396,男神鲜,脱离,[等级22],[粉丝团 Lv11]
2026-05-22 21:47:45,99372859314,启  夏,@貧僧不近女色 最后一天了分么事[捂脸],[等级25],[粉丝团 Lv15]
2026-05-22 21:47:48,210734066705198,彼岸-海棠,什么，要去喝马尿？[捂脸],[等级14],[粉丝团 Lv12]
2026-05-22 21:47:49,71126905166,抖音小肋手,@iq年锦 老板的,[等级11],[粉丝团 Lv10]
2026-05-22 21:47:50,60104487861,旋子,橘猫气下播了？,[等级22],[粉丝团 Lv3]
2026-05-22 21:47:52,103284691387,🌈A 坠入星河尽头,人有失蹄马有失手,[等级15],
2026-05-22 21:47:57,211583723646173,保罗乔拉🥷,我去,[等级6],[粉丝团 Lv4]
2026-05-22 21:47:58,71052094484,꧁💞时光不᭄ᩚ꯭ᩚ语꧂,一起打吧,,
2026-05-22 21:47:58,62082704089,港仔码头🍉,神秘人🟰扑总[捂脸][捂脸][捂脸],[等级21],[粉丝团 Lv5]
2026-05-22 21:48:00,92899858186,剪不断的相思,神秘人雷尔，WWE超级明星,[等级15],[粉丝团 Lv12]
2026-05-22 21:48:00,3783840102103721,出售野生蜂蜜,晚播,[等级9],[粉丝团 Lv9]
2026-05-22 21:48:02,1248681304267998,用户5052211689321,黄金大奖赛听到你的名字？没去？？,[等级2],
2026-05-22 21:48:07,72893030410,开芯💖,对，猫局爱硬刚，老黑爱偷人,[等级16],[粉丝团 Lv6]
2026-05-22 21:48:10,2709648370835534,Cold❄️,猫局还是有自己独特游戏理解的 比如爱用不带皮的全息,[等级34],[粉丝团 Lv8]
2026-05-22 21:48:10,3566424927243613,kio。,开那么久延迟是不是怕被抓了打不过[看],[等级11],
2026-05-22 21:48:14,68589270456,ʚℒℴѵℯ走错路的猫এ⁵²º᭄এɞ,没开麦,[等级18],[粉丝团 Lv3]
2026-05-22 21:48:14,110405122010189,KeviN,？,[等级4],
2026-05-22 21:48:15,266560717205872,wtk,神秘人发个红包我们就知道你不是神秘人了[看],[等级7],[粉丝团 Lv10]
2026-05-22 21:48:17,3934507317863532,一个从人民中走出来的普通人（轮回版）,别蛐蛐黑宝。黑宝只能我蛐蛐[捂脸],[等级23],[粉丝团 Lv2]
2026-05-22 21:48:17,101449134896,多余,控马尿干嘛[捂脸][捂脸][捂脸],[等级1],
2026-05-22 21:48:17,64840492906,花胸弟❀,你没开麦,[等级13],
2026-05-22 21:48:18,71052094484,꧁💞时光不᭄ᩚ꯭ᩚ语꧂,开麦，开麦，开麦,,
2026-05-22 21:48:20,2181026330191848,yIng2h0vlI,猫局呢,[等级9],[粉丝团 Lv5]
2026-05-22 21:48:21,2810776444220189,dhkslal,你没开麦啊,[等级30],[粉丝团 Lv1]
2026-05-22 21:48:24,4207196703044172,春迟序like,你都没开麦，你在这隔空对话了,[等级7],[粉丝团 Lv2]
2026-05-22 21:48:27,102012879408,忄,神秘人也是太神秘了，好难猜啊，是吧扑总[捂脸],[等级11],
2026-05-22 21:48:28,2810776444220189,dhkslal,开麦啊,[等级30],[粉丝团 Lv1]
2026-05-22 21:48:30,1261848801839245,曾经最美,一号也带个猛要完犊子了,[等级28],
2026-05-22 21:48:31,2093067748255504,@？～￥￥￥￥ycfx,@开芯💖 你去看猫局，这不欢迎你，滚,[等级13],[粉丝团 Lv13]
2026-05-22 21:48:37,3562842643501255,青春输给了时间,都不理队友,[等级10],[粉丝团 Lv10]
2026-05-22 21:48:39,110895971722,Oh yes,这句我看过，要嗝屁,[等级24],[粉丝团 Lv9]
2026-05-22 21:48:40,88017468513,𝐋𝐢𝐟𝐞𝐥𝐢𝐧𝐞 ,@今晚打老虎 都匹配不到她，你给谁看[捂脸],[等级11],
2026-05-22 21:48:41,85815163631,拾一ᥫᩣ,天天玩不是一直都知道他啥套路，安静看着呗话太多他就乱了,[等级11],[粉丝团 Lv2]
2026-05-22 21:48:42,3934507317863532,一个从人民中走出来的普通人（轮回版）,黑宝[捂脸],[等级23],[粉丝团 Lv2]
2026-05-22 21:48:42,99372859314,启  夏,@iq年锦 榜一的,[等级25],[粉丝团 Lv15]
2026-05-22 21:48:43,81093978289,爱生活😘爱成哥,悍妇要装逼了,[等级16],[粉丝团 Lv1]
2026-05-22 21:48:44,2129109692727048,8023,猫是突击手，直接上的那种吗？,[等级17],[粉丝团 Lv10]
2026-05-22 21:48:46,91666146753,燃,你开麦,[等级9],
2026-05-22 21:48:47,101113424883,加菲猫,神秘人是谁[看][看][看],[等级17],
2026-05-22 21:48:47,1543327338990916,桐心薇泯,快呼叫队友,[等级3],
2026-05-22 21:48:49,4312762483477248,村里有个姑娘叫小芳,你不配[捂脸],[等级3],[粉丝团 Lv3]
2026-05-22 21:48:55,63054998235,七 ～秒记忆,[捂脸][捂脸][捂脸],[等级20],[粉丝团 Lv10]
2026-05-22 21:48:56,104432719593,赞美愚者,雅雅把猫局抛弃了,[等级34],[粉丝团 Lv2]
2026-05-22 21:48:57,1807239114666904,·喵了个咪,哈哈哈,[等级20],[粉丝团 Lv15]
2026-05-22 21:48:57,61748084992,川沙贝贝贝贝贝贝,哈哈哈哈哈哈哈哈,[等级19],[粉丝团 Lv10]
2026-05-22 21:49:03,55159220102,BWRZ（记录美好）,抢你物资[看],[等级36],[粉丝团 Lv16]
2026-05-22 21:49:05,2330588968395416,贝塔β,保护你啊,[等级25],[粉丝团 Lv14]
2026-05-22 21:49:05,109305454829,⠀ ⠀⠀,[捂脸][捂脸][捂脸][捂脸],[等级6],[粉丝团 Lv10]
2026-05-22 21:49:06,91666146753,燃,你开麦啊,[等级9],
2026-05-22 21:49:07,55159220102,BWRZ（记录美好）,[偷笑],[等级36],[粉丝团 Lv16]
2026-05-22 21:49:07,2772306648634416,黯竹,[捂脸][捂脸][捂脸],[等级6],[粉丝团 Lv4]
2026-05-22 21:49:08,71126905166,抖音小肋手,[捂脸][捂脸],[等级11],[粉丝团 Lv10]
2026-05-22 21:49:09,92513619898,前线军情,抢东西真快[捂脸],,
2026-05-22 21:49:10,103442798670,夜...dz,来给你放无人机,[等级14],[粉丝团 Lv11]
2026-05-22 21:49:12,91666146753,燃,人家要陪你,[等级9],
2026-05-22 21:49:12,75436771589,呆仔A,你误会队友了，他只是想贴着你,[等级12],[粉丝团 Lv11]
2026-05-22 21:49:14,96261969310,酒醉人不归,队友想跟你混[捂脸],[等级15],[粉丝团 Lv10]
2026-05-22 21:49:14,76208472210,嗯~(o^_^o)~哼,想抱你大腿,[等级24],[粉丝团 Lv5]
2026-05-22 21:49:14,2676661614558888,ZANE🐳,不太聪明的样子,[等级20],[粉丝团 Lv10]
2026-05-22 21:49:15,95551916338,一一,把你卡了我,[等级31],[粉丝团 Lv7]
2026-05-22 21:49:16,97014636164,七喜,来找你的,[等级20],[粉丝团 Lv3]
2026-05-22 21:49:17,2824008837643668,Hom,集装箱好像没人,,
2026-05-22 21:49:18,97639371711,别闹,打野主播,,
2026-05-22 21:49:19,2524940450925799,相忘于江湖,他要给你放无人机的,[等级35],[粉丝团 Lv3]
2026-05-22 21:49:19,103022704868,芒果慕斯,想跟你混,[等级8],
2026-05-22 21:49:21,588940244944333,哟哟哟,铁子开个无人机留住老黑[捂脸],[等级22],[粉丝团 Lv7]
2026-05-22 21:49:21,7641950922503652389,开始,人家喜欢跟你在一起,,
2026-05-22 21:49:21,110802874763,Self-discipline2121,你开麦不就不会出这问题了,[等级11],
2026-05-22 21:49:22,93014642999,🌈南山楠,开腔,[等级12],[粉丝团 Lv10]
2026-05-22 21:49:24,1085932962843902,佛罗里达州苏哥哥,活捉老黑,[等级9],[粉丝团 Lv3]
2026-05-22 21:49:24,2557938630138812,土狗钙中钙,雅姐，荒野求生,[等级14],
2026-05-22 21:49:26,97571679994,🍓🍓🍓🍓,抢饭碗来了[捂脸][捂脸],[等级18],[粉丝团 Lv1]
2026-05-22 21:49:26,95699628784,精神状态良好～@_@,人家维护你来了，对粉丝热情点[捂脸][捂脸][捂脸],[等级7],[粉丝团 Lv2]
2026-05-22 21:49:28,2069731754390944,yx,@开芯💖 所以他一个晋级赛能打半个赛季,[等级15],[粉丝团 Lv12]
2026-05-22 21:49:29,106035877207,拉闸,他想和你贴贴,[等级20],[粉丝团 Lv12]
2026-05-22 21:49:30,98247062246,ཉ小懒猫ཉ,他们想跟你一起玩，你还跑路了,[等级6],[粉丝团 Lv6]
2026-05-22 21:49:30,3795156287621927,拾欢,给你开无人机来了[捂脸],[等级15],[粉丝团 Lv13]
2026-05-22 21:49:31,97600677185,晓乔治ovo,人家想来保护你呢[捂脸],[等级38],[粉丝团 Lv13]
2026-05-22 21:49:34,99372859314,启  夏,@@？～￥￥￥￥ycfx 哈哈哈哈[捂脸]温柔点[捂脸],[等级25],[粉丝团 Lv15]
2026-05-22 21:49:38,4441674979758301,强Ge,[捂脸],[等级19],[粉丝团 Lv8]
2026-05-22 21:49:39,101998658215,万里 无云,你家的吗？只许你跳 不让别人跳?[捂脸][捂脸][捂脸],[等级4],
2026-05-22 21:49:40,1839957445719852,用户8976800283798,在你身边有安全感,,
2026-05-22 21:49:41,51635076241,夜未央,跑什么跑猫局还在G港。[看][看][看][看],[等级20],
2026-05-22 21:49:42,698881292111118,5是20,猫菊花呢,[等级12],[粉丝团 Lv9]
2026-05-22 21:49:44,470207716141453,座等斗地主,走你的路，让你无路可走[呲牙],[等级11],[粉丝团 Lv11]
2026-05-22 21:49:49,70958199476,Liuliuzi,猫是几号啊,[等级6],
2026-05-22 21:49:50,1522199050333672,綦河里的鱼,不近人情,[等级14],[粉丝团 Lv11]
2026-05-22 21:49:52,4862013350589,厉扑,点赞又不动了[捂脸],[等级21],[粉丝团 Lv11]
2026-05-22 21:49:52,99031714965,咁啱嘅咪,快来抓老黑,[等级2],[粉丝团 Lv3]
2026-05-22 21:49:54,22406739006603,清醒的沉沦,没草了，停下来吃草吧,[等级20],[粉丝团 Lv8]
2026-05-22 21:49:54,2510896946227307,懒懒的喵星人,别跑，给你开无人机,[等级3],[粉丝团 Lv1]
2026-05-22 21:49:58,59195173455,童话,明天冲战神吗？,[等级1],
2026-05-22 21:50:01,1126374900504148,两眼一睁就是种地,一万人看你跑步吗,[等级33],
2026-05-22 21:50:05,94361138647,小小方,等会抓得他哇哇叫[捂脸][捂脸],[等级29],
2026-05-22 21:50:05,466670364393783,袖下敛青川,毛局还在上一把,[等级14],[粉丝团 Lv2]
2026-05-22 21:50:12,1373709734260448,r,哈哈,[等级11],
2026-05-22 21:50:17,73761674954,羙伢mmゝに,@Liuliuzi 5号,[等级16],[粉丝团 Lv13]
2026-05-22 21:50:17,75634525708,༄᭄冰封ꦿᩚ࿐,@万里 无云 听不懂人话，屁大的地方俩人搜什么[看],[等级22],[粉丝团 Lv14]
2026-05-22 21:50:19,55159220102,BWRZ（记录美好）,3 个左右吧[看]随机性的,[等级36],[粉丝团 Lv16]
2026-05-22 21:50:22,416078596676955,我靠看手机就是,菊花今天没开播啊[看],[等级11],[粉丝团 Lv11]
2026-05-22 21:50:27,47980654893261,回头给我带货,蛙宝跟才园园有节目效果[捂脸][捂脸][捂脸][捂脸][捂脸],[等级6],[粉丝团 Lv10]
2026-05-22 21:50:32,88635194436,开始的开始,@两眼一睁就是种地 你爱看看不看就滚,[等级16],[粉丝团 Lv14]
2026-05-22 21:50:33,95496292149,~予我心动～,咦，队友呢,[等级33],[粉丝团 Lv13]
2026-05-22 21:50:33,94394299282,用户960842584125,你又拿下了,[等级12],
2026-05-22 21:50:34,87900359390,一个怡,哈哈哈,[等级10],[粉丝团 Lv5]
2026-05-22 21:50:34,71126905166,抖音小肋手,[捂脸][捂脸][捂脸][捂脸],[等级11],[粉丝团 Lv10]
2026-05-22 21:50:35,101875225014,🐮,[捂脸],[等级15],[粉丝团 Lv7]
2026-05-22 21:50:36,4862013350589,厉扑,[捂脸][捂脸][捂脸][捂脸][捂脸],[等级21],[粉丝团 Lv11]
2026-05-22 21:50:37,4314916384157933,林大胆很胆小,主播来山东请你吃大席 山东大鱼头给你吃,[等级23],[粉丝团 Lv7]
2026-05-22 21:50:37,2330588968395416,贝塔β,[捂脸][捂脸],[等级25],[粉丝团 Lv14]
2026-05-22 21:50:37,1268196445524664,7_z,[捂脸][捂脸][捂脸],[等级3],[粉丝团 Lv3]
2026-05-22 21:50:38,67194033557,连连！,哈哈哈哈,[等级19],[粉丝团 Lv11]
2026-05-22 21:50:38,2041169169355095,为什么,笑死了,[等级13],
2026-05-22 21:50:38,93332543630,꧁国宝꧂,[捂脸][捂脸][捂脸],[等级22],
2026-05-22 21:50:39,3408098413512419,心静自然,[捂脸][捂脸][捂脸],[等级30],[粉丝团 Lv11]
2026-05-22 21:50:40,71126905166,抖音小肋手,哈哈哈哈[捂脸],[等级11],[粉丝团 Lv10]
2026-05-22 21:50:40,103442798670,夜...dz,你。。。。,[等级14],[粉丝团 Lv11]
2026-05-22 21:50:42,55437751072,ღ人生如茶꧔ꦿএ,[捂脸],[等级15],
2026-05-22 21:50:42,110166255003,HW,[捂脸][捂脸][捂脸],[等级14],[粉丝团 Lv1]
2026-05-22 21:50:42,24853013412,。,骚缸是什么,[等级13],
2026-05-22 21:50:43,1170356650644128,那年冬天风在吹,[捂脸][捂脸],[等级13],
2026-05-22 21:50:49,3556241533049927,依然想着你,猫局呢,[等级15],[粉丝团 Lv7]
2026-05-22 21:50:54,96261969310,酒醉人不归,爱局,[等级15],[粉丝团 Lv10]
2026-05-22 21:50:55,2827563650792843,༺风采依旧༻,嫂子腿断了,[等级29],[粉丝团 Lv3]
2026-05-22 21:50:58,588940244944333,哟哟哟,🐴我招你惹你了,[等级22],[粉丝团 Lv7]
2026-05-22 21:51:00,93332543630,꧁国宝꧂,你是来炖马的吧[捂脸],[等级22],
2026-05-22 21:51:00,99522832734,是有点蔡⁵¹⁰⁷⁴,马哥，事后对不起有什么用，杀杀杀[看],[等级32],[粉丝团 Lv16]
2026-05-22 21:51:01,64463180721,小梦,下雨了，凉快凉快,[等级25],[粉丝团 Lv12]
2026-05-22 21:51:04,92881940659,半糖主义,这马关键时刻必跑[看],[等级20],[粉丝团 Lv6]
2026-05-22 21:51:04,99945115610,绀香小林,猫哥呢,[等级8],
2026-05-22 21:51:07,73761674954,羙伢mmゝに,@依然想着你 5号猫局,[等级16],[粉丝团 Lv13]
2026-05-22 21:51:09,466670364393783,袖下敛青川,猫局在上一把没死,[等级14],[粉丝团 Lv2]
2026-05-22 21:51:16,4459243629712462,永( ˝ᗢ̈˝ )²⁴⁹,好丝滑,[等级24],[粉丝团 Lv13]
2026-05-22 21:51:18,55159220102,BWRZ（记录美好）,哈哈哈我同意[看],[等级36],[粉丝团 Lv16]
2026-05-22 21:51:20,81923643945,不知道,两个蛋,[等级21],
2026-05-22 21:51:21,110405122010189,KeviN,？,[等级4],
2026-05-22 21:51:26,87007341951,Super~琳,[捂脸],[等级7],[粉丝团 Lv1]
2026-05-22 21:51:26,84705217713,伊恩,反弹,[等级17],[粉丝团 Lv10]
2026-05-22 21:51:28,3795156287621927,拾欢,[捂脸],[等级15],[粉丝团 Lv13]
2026-05-22 21:51:29,109600067848,沉默,来了,[等级26],[粉丝团 Lv6]
2026-05-22 21:51:30,3258580432075533,不忘初心,好的,[等级4],
2026-05-22 21:51:31,1530976442254383,带五个孤儿住天桥底下,批准了,[等级27],[粉丝团 Lv11]
2026-05-22 21:51:32,99522832734,是有点蔡⁵¹⁰⁷⁴,深情最杠，深情不怕秃头,[等级32],[粉丝团 Lv16]
2026-05-22 21:51:32,3544449118126824,爱吃醋的李,同意的举手🙋‍♂️,[等级25],[粉丝团 Lv11]
2026-05-22 21:51:33,99549870598,顾北💤,我是杠精，这波我不换,[等级31],[粉丝团 Lv13]
2026-05-22 21:51:36,185179001089518,遇见☃️,给不给,[等级13],
2026-05-22 21:51:37,104432719593,赞美愚者,猫被抛弃，别问了,[等级34],[粉丝团 Lv2]
2026-05-22 21:51:38,63054998235,七 ～秒记忆,队友不是标了吗,[等级20],[粉丝团 Lv10]
2026-05-22 21:51:40,93332543630,꧁国宝꧂,我可不帮你秃[捂脸],[等级22],
2026-05-22 21:51:40,95699628784,精神状态良好～@_@,真离队友而去啦？[捂脸][捂脸][捂脸],[等级7],[粉丝团 Lv2]
2026-05-22 21:51:45,1223124976927479,盼着明天盼着你,杠精表示余额不足,[等级15],
2026-05-22 21:51:47,2849528259281454,🌽一念放下    方知我是谁,交易失败,[等级13],[粉丝团 Lv12]
2026-05-22 21:51:48,98839084437,冰美式ᰔᩚ,@伊恩 反弹无效[看],[等级38],[粉丝团 Lv5]
2026-05-22 21:51:48,2234682707544967,神秘人二阶,去g镇打人机,[等级25],[粉丝团:张君雅 Lv15]
2026-05-22 21:51:53,99909203177,何人来渡我🐰,还记得今天中午，打人机不[捂脸],[等级38],
2026-05-22 21:51:54,105939571794,🌈林间捕风✨💫,交易失败[捂脸],[等级25],[粉丝团 Lv12]
2026-05-22 21:51:59,1750868296207991,懒得想名,交易失败,[等级4],
2026-05-22 21:52:02,101875225014,🐮,这手速真快呀,[等级15],[粉丝团 Lv7]
2026-05-22 21:52:02,72306900897,梁锋,用秃头太便宜他们了,[等级24],[粉丝团 Lv15]
2026-05-22 21:52:02,2041169169355095,为什么,我的弓打不中人,[等级13],
2026-05-22 21:52:03,63570268942,张歪歪,局哥呢,[等级13],[粉丝团 Lv11]
2026-05-22 21:52:04,1691517243364212,肉丸子,每次拿爆炸钩就死翘翘[捂脸],[等级10],[粉丝团 Lv5]
2026-05-22 21:52:05,3258580432075533,不忘初心,猫局去哪了？,[等级4],
2026-05-22 21:52:06,3878731816901287,明,终于知道我为什么老是捡不到东西了。看人家这多丝滑。,[等级22],
2026-05-22 21:52:10,4503658257446344,🥐cornetto,哪里人机最多啊兄弟们,[等级41],[粉丝团 Lv7]
2026-05-22 21:52:11,99372859314,启  夏,@何人来渡我🐰 结果被小炮打死了[捂脸],[等级25],[粉丝团 Lv15]
2026-05-22 21:52:13,59348532870,贫僧法号：乱来,反弹都出来了[捂脸][捂脸][捂脸][捂脸][捂脸][捂脸],[等级34],
2026-05-22 21:52:15,101650421555,避風港,怎么不等局哥打完[捂脸],[等级17],[粉丝团 Lv8]
2026-05-22 21:52:18,73761674954,羙伢mmゝに,@张歪歪 5号猫局,[等级16],[粉丝团 Lv13]
2026-05-22 21:52:19,377872378238127,王哪跑，往冬跑,卡了吗,[等级12],[粉丝团 Lv11]
2026-05-22 21:52:20,69792892896,永恒怀恋,让队友一起帮忙找多好,[等级28],[粉丝团 Lv11]
2026-05-22 21:52:23,2330588968395416,贝塔β,@明 自动拾取,[等级25],[粉丝团 Lv14]
2026-05-22 21:52:23,95337180761,Sir。,找队友拿,[等级22],
2026-05-22 21:52:27,2738202682861031,别欺负猫,明天更新是不是老铁们,[等级20],[粉丝团 Lv10]
2026-05-22 21:52:29,73761674954,羙伢mmゝに,@不忘初心 5号猫局,[等级16],[粉丝团 Lv13]
2026-05-22 21:52:33,63570268942,张歪歪,@羙伢mmゝに [捂脸][捂脸][捂脸],[等级13],[粉丝团 Lv11]
2026-05-22 21:52:37,87900359390,一个怡,对,[等级10],[粉丝团 Lv5]
2026-05-22 21:52:40,3843541681840615,Locke,猫局又没有上线呀,[等级27],[粉丝团 Lv3]
2026-05-22 21:52:40,1691517243364212,肉丸子,我拿爆炸钩就死翘翘，打不到人[捂脸],[等级10],[粉丝团 Lv5]
2026-05-22 21:52:41,93536983676,空调安装,局哥牛批,[等级12],[粉丝团 Lv11]
2026-05-22 21:52:45,103442798670,夜...dz,念咒语嘛：嘛哩嘛哩哄,[等级14],[粉丝团 Lv11]
2026-05-22 21:52:47,93536983676,空调安装,大杀四方,[等级12],[粉丝团 Lv11]
2026-05-22 21:52:47,1261848801839245,曾经最美,满编队开车来了[呲牙][呲牙],[等级28],
2026-05-22 21:52:54,3878731816901287,明,@贝塔β 在丝滑没有别人跑得快呀。在房子里面给自己都转晕了[捂脸],[等级22],
2026-05-22 21:52:54,2005142166316856,fgg,明天凌晨一点更新赛季,[等级8],[粉丝团 Lv4]
2026-05-22 21:52:58,92539594611,L～ZH,问队友有没有,[等级26],[粉丝团 Lv5]
2026-05-22 21:53:00,108825768878,南山居士,@避風港 主次都不分了？,[等级1],
2026-05-22 21:53:04,583200234799899,普通人类,@肉丸子 不适合新手,[等级9],
2026-05-22 21:53:12,55159220102,BWRZ（记录美好）,最好抓个妹妹[看],[等级36],[粉丝团 Lv16]
2026-05-22 21:53:31,1691517243364212,肉丸子,老黑爆炸钩牛逼,[等级10],[粉丝团 Lv5]
2026-05-22 21:53:34,2330588968395416,贝塔β,@明 开自动拾取，收枪跑，感觉应付我的队友够用[捂脸],[等级25],[粉丝团 Lv14]
2026-05-22 21:53:37,100192494234,用户7,为什么没有箱子，我新号跳下去就一个房子一个箱子[呲牙]五个人机！,[等级30],[粉丝团 Lv7]
2026-05-22 21:53:37,55159220102,BWRZ（记录美好）,[发呆][干饭人],[等级36],[粉丝团 Lv16]
2026-05-22 21:53:38,84187662606,一世奢华,哈哈,[等级18],[粉丝团 Lv4]
2026-05-22 21:53:39,588940244944333,哟哟哟,[捂脸][捂脸][捂脸],[等级22],[粉丝团 Lv7]
2026-05-22 21:53:39,71126905166,抖音小肋手,[捂脸][捂脸][捂脸],[等级11],[粉丝团 Lv10]
2026-05-22 21:53:42,7641950922503652389,开始,哈哈哈,,
2026-05-22 21:53:43,61303363390,华南城商办站斧浏览器Amber,[捂脸][捂脸][捂脸][捂脸],[等级30],[粉丝团 Lv13]
2026-05-22 21:53:43,53136197759,𝗦·𝗝𝘂𝗻¹²𝗟𝗲𝗼𖠚ᐝ,[捂脸][捂脸][捂脸],[等级28],[粉丝团 Lv15]
2026-05-22 21:53:44,92513619898,前线军情,差一点[捂脸],,
2026-05-22 21:53:44,107662442756,老曾⁶¹⁷,哎,[等级20],[粉丝团 Lv11]
2026-05-22 21:53:44,97014636164,七喜,快跑,[等级20],[粉丝团 Lv3]
2026-05-22 21:53:44,1750868296207991,懒得想名,交易成功,[等级4],
2026-05-22 21:53:44,108332748130,相遇微时,保佑你[呲牙],[等级16],
2026-05-22 21:53:45,70644249078,设计橙,[捂脸][捂脸][捂脸][捂脸],[等级37],[粉丝团 Lv16]
2026-05-22 21:53:45,109600067848,沉默,[捂脸][捂脸][捂脸],[等级26],[粉丝团 Lv6]
2026-05-22 21:53:45,76786388221,🌈 海龍_,[捂脸][捂脸],[等级24],[粉丝团 Lv11]
2026-05-22 21:53:46,93014642999,🌈南山楠,哈哈哈,[等级12],[粉丝团 Lv10]
2026-05-22 21:53:48,103977150715,唯 一,我保佑你,[等级35],[粉丝团 Lv10]
2026-05-22 21:53:48,99372859314,启  夏,[捂脸][捂脸][捂脸],[等级25],[粉丝团 Lv15]
2026-05-22 21:53:48,99542162139,lulu,[捂脸][捂脸][捂脸][捂脸],[等级8],
2026-05-22 21:53:51,698881292111118,5是20,透猴子,[等级12],[粉丝团 Lv9]
2026-05-22 21:53:51,65685369638,洋葱,爸爸保佑？？？？,[等级32],[粉丝团 Lv12]
2026-05-22 21:53:51,4001819313841768,Ah,还想当老六,[等级16],[粉丝团 Lv4]
2026-05-22 21:53:52,2738202682861031,别欺负猫,完了,[等级20],[粉丝团 Lv10]
2026-05-22 21:53:53,2817386623016416,Hope 㞮孞,停下来狙他们,[等级14],[粉丝团 Lv11]
2026-05-22 21:53:53,1702489841494813,葫芦♬,[比心][比心][比心],[等级12],[粉丝团 Lv9]
2026-05-22 21:53:53,4314916384157933,林大胆很胆小,套你猴子,[等级23],[粉丝团 Lv7]
2026-05-22 21:53:54,88017468513,𝐋𝐢𝐟𝐞𝐥𝐢𝐧𝐞 ,[捂脸][捂脸][捂脸]你不应该这样妹妹,[等级11],
2026-05-22 21:53:55,2228051123372432,你睿,完啦,[等级7],[粉丝团 Lv10]
2026-05-22 21:53:56,949572081812366,✨🍀☜往事❤如风 ☞🍀✨,爸爸保佑妈妈救命！[捂脸][捂脸][捂脸],[等级27],
2026-05-22 21:53:57,61988075528,王者荣耀法师妲己,[捂脸],[等级7],
2026-05-22 21:53:58,100527607012,凡夫俗子,爸爸保佑[呲牙][呲牙][呲牙],[等级30],[粉丝团 Lv15]
2026-05-22 21:53:59,3012311356015880,像风一样的人,[捂脸][捂脸][捂脸],[等级21],[粉丝团 Lv7]
2026-05-22 21:53:59,3188207395813070,恭喜發財,哎,[等级29],[粉丝团 Lv1]
2026-05-22 21:53:59,4503658257446344,🥐cornetto,我保佑你了,[等级41],[粉丝团 Lv7]
2026-05-22 21:54:00,75072156386,阿明⚜️,又尿了两滴[捂脸],[等级18],
2026-05-22 21:54:01,106635873085,এ᭄公子ོꦿృ༊,爸爸在不怕[捂脸][捂脸],[等级33],[粉丝团 Lv4]
2026-05-22 21:54:03,200580296878250,ο▬▬▬◙▅▅▆▆▆▆◤千,完犊子了,[等级7],[粉丝团 Lv10]
2026-05-22 21:54:03,76927102221,足迹,他一会到小车库拿车，你在房区等他们。,[等级32],[粉丝团 Lv9]
2026-05-22 21:54:03,94361138647,小小方,这嘴开光了,[等级29],
2026-05-22 21:54:05,2817386623016416,Hope 㞮孞,车子过不了河 狙他,[等级14],[粉丝团 Lv11]
2026-05-22 21:54:05,1112337694601742,突突啊😈,这都看得到你呀 服了,[等级32],
2026-05-22 21:54:06,71126905166,抖音小肋手,[捂脸][捂脸],[等级11],[粉丝团 Lv10]
2026-05-22 21:54:07,70960527747,落寞繁华,[捂脸][捂脸][捂脸][捂脸],[等级12],[粉丝团 Lv8]
2026-05-22 21:54:07,88017468513,𝐋𝐢𝐟𝐞𝐥𝐢𝐧𝐞 ,鱼的口头禅,[等级11],
2026-05-22 21:54:07,3408098413512419,心静自然,这反应[捂脸][赞],[等级30],[粉丝团 Lv11]
2026-05-22 21:54:08,104759532174,๑ò钱_前面的钱ó๑,张老黑，你逃跑的样子真棒👍🏻,[等级19],[粉丝团 Lv4]
2026-05-22 21:54:09,2172229561625960,好嗨哟,忍身,[等级25],[粉丝团 Lv13]
2026-05-22 21:54:11,102393166752,゛禁止心动つ,这辈子第一次实现过你的请求,[等级15],
2026-05-22 21:54:11,96261969310,酒醉人不归,小眼睛看啊[捂脸],[等级15],[粉丝团 Lv10]
2026-05-22 21:54:11,76927102221,足迹,你跟我的想法一样。,[等级32],[粉丝团 Lv9]
2026-05-22 21:54:13,61748084992,川沙贝贝贝贝贝贝,哈哈哈哈搞得我也好紧张,[等级19],[粉丝团 Lv10]
2026-05-22 21:54:13,105202374790,🐲宁℘࿐,爸在，不怕,[等级14],
2026-05-22 21:54:15,4252526898322571,🌈梦回思念,找个房区吧他们干了,[等级15],[粉丝团 Lv4]
2026-05-22 21:54:15,3843541681840615,Locke,刚才还叫爱驹,[等级27],[粉丝团 Lv3]
2026-05-22 21:54:15,2129109692727048,8023,跑去队友那里[呲牙][呲牙][呲牙],[等级17],[粉丝团 Lv10]
2026-05-22 21:54:16,2709648370835534,Cold❄️,队友有弓,[等级34],[粉丝团 Lv8]
2026-05-22 21:54:16,81886562594,Starships,不敢睁开眼 希望是我的幻觉,[等级35],[粉丝团 Lv11]
2026-05-22 21:54:18,71052094484,꧁💞时光不᭄ᩚ꯭ᩚ语꧂,去队友那里,,
2026-05-22 21:54:20,96395406876893,K*,人家开密室,,
2026-05-22 21:54:21,98878505737,杰.,来个现场教学1V4,,
2026-05-22 21:54:21,71126905166,抖音小肋手,哈哈哈哈[捂脸],[等级11],[粉丝团 Lv10]
2026-05-22 21:54:21,2085090460961021,希望的田野,这个是谁啊,[等级2],
2026-05-22 21:54:22,1702489841494813,葫芦♬,别停啊哥[捂脸],[等级12],[粉丝团 Lv9]
2026-05-22 21:54:27,1936707435392920,A北京公寓出租,猫局呢,,
2026-05-22 21:54:28,698881292111118,5是20,爸爸们保佑着你呢,[等级12],[粉丝团 Lv9]
2026-05-22 21:54:28,4314916384157933,林大胆很胆小,一口气跑出五里地,[等级23],[粉丝团 Lv7]
2026-05-22 21:54:31,3386096071227304,路人,哈哈主播也怕摇,[等级2],
2026-05-22 21:54:34,2085090460961021,希望的田野,是不是老张,[等级2],
2026-05-22 21:54:34,99372859314,启  夏,@突突啊😈 厉害的动态视力都好的[捂脸],[等级25],[粉丝团 Lv15]
2026-05-22 21:54:34,7538654499440952377,꧁唯꧂,[笑哭][笑哭],[等级7],[粉丝团 Lv4]
2026-05-22 21:54:34,70960527747,落寞繁华,没来你就又尾巴翘起来了[捂脸],[等级12],[粉丝团 Lv8]
2026-05-22 21:54:35,93332543630,꧁国宝꧂,你爸有点忙！又要工作，还得保佑你[捂脸],[等级22],
2026-05-22 21:54:37,55159220102,BWRZ（记录美好）,拉圈内就行,[等级36],[粉丝团 Lv16]
2026-05-22 21:54:39,108332748130,相遇微时,绝对便秘[捂脸][捂脸],[等级16],
2026-05-22 21:54:42,82118318153,强哥,队友爆炸弓,[等级13],[粉丝团 Lv4]
2026-05-22 21:54:43,102012879408,忄,马：你撞我一次，我演你一次，扯平[看],[等级11],
2026-05-22 21:54:48,91666146753,燃,谁错了？,[等级9],
2026-05-22 21:54:49,1041989997167927,往前走、别回头,去山洞，你右手边有个山洞,[等级22],[粉丝团 Lv3]
2026-05-22 21:54:49,77553757765,一亿几个零,张老黑[比心],[等级9],[粉丝团 Lv11]
2026-05-22 21:54:52,277530451378247,iq年锦,压力老马。,,
2026-05-22 21:54:54,111007266356,🔱守望w,打超空了，大馋丫头[捂脸][捂脸][捂脸],[等级29],[粉丝团 Lv15]
2026-05-22 21:54:54,99049143910,杨🐏,一个人打得真狼狈,[等级16],[粉丝团 Lv7]
2026-05-22 21:54:55,1041989997167927,往前走、别回头,那个山洞很多物资的,[等级22],[粉丝团 Lv3]
2026-05-22 21:54:56,104682019976,Ä迷茫ë♽,局哥别停啊,[等级9],
2026-05-22 21:54:59,87580190950,小熊不见了,榜一这是啥意思,[等级6],[粉丝团 Lv1]
2026-05-22 21:55:01,98247062246,ཉ小懒猫ཉ,跟队友一起多好,[等级6],[粉丝团 Lv6]
2026-05-22 21:55:12,97639371711,别闹,过去干他,,
2026-05-22 21:55:18,59541310083,点点儿,1080,[等级15],
2026-05-22 21:55:18,50478066270,🌈自渡亦渡人➠✪,局子人呢,[等级23],[粉丝团 Lv11]
2026-05-22 21:55:26,1525725697671843,暮云归²⁰²⁶,猫局呢,[等级42],[粉丝团 Lv12]
2026-05-22 21:55:29,55159220102,BWRZ（记录美好）,[大笑][泣不成声],[等级36],[粉丝团 Lv16]
2026-05-22 21:55:30,76927102221,足迹,看把孩子吓得。,[等级32],[粉丝团 Lv9]
2026-05-22 21:55:30,87900359390,一个怡,@🌈自渡亦渡人➠✪ 还在上一局,[等级10],[粉丝团 Lv5]
2026-05-22 21:55:31,63127570683,失控键盘,[捂脸][捂脸][捂脸][捂脸],[等级23],[粉丝团 Lv11]
2026-05-22 21:55:31,61303363390,华南城商办站斧浏览器Amber,[捂脸][捂脸][捂脸][捂脸],[等级30],[粉丝团 Lv13]
2026-05-22 21:55:35,1900377003016699,小尾巴_熊猫儿,哈哈哈哈,[等级7],[粉丝团 Lv7]
2026-05-22 21:55:37,4164567745964686,帕·拉,人家要打你,[等级26],[粉丝团 Lv11]
2026-05-22 21:55:42,95507451318,溪鱼,走了走了,[等级17],[粉丝团 Lv10]
2026-05-22 21:55:44,2009542393864356,铭朗建筑小周,队友,[等级34],[粉丝团 Lv10]
2026-05-22 21:55:45,1530976442254383,带五个孤儿住天桥底下,死嘴真硬,[等级27],[粉丝团 Lv11]
2026-05-22 21:55:51,63127570683,失控键盘,全身上下嘴最硬,[等级23],[粉丝团 Lv11]
2026-05-22 21:55:58,262140050300044,王家2爷,四川婆娘就是嘴巴较,[等级12],[粉丝团 Lv4]
2026-05-22 21:56:01,2009542393864356,铭朗建筑小周,队友好多东西,[等级34],[粉丝团 Lv10]
2026-05-22 21:56:09,7538654499440952377,꧁唯꧂,猫局呢[戳手手][戳手手],[等级7],[粉丝团 Lv4]
2026-05-22 21:56:19,123588155550536,陈友志,鸭子死了嘴壳硬,[等级12],
2026-05-22 21:56:20,94511118465,及时止损,猫呢,[等级2],
2026-05-22 21:56:22,2129109692727048,8023,来了来了，快跑快跑,[等级17],[粉丝团 Lv10]
2026-05-22 21:56:26,4862013350589,厉扑,你快跑吧，放过他们,[等级21],[粉丝团 Lv11]
2026-05-22 21:56:26,63127570683,失控键盘,她过来你就思给我们看咯,[等级23],[粉丝团 Lv11]
2026-05-22 21:56:26,4001819313841768,Ah,找队友吧，万一是个窥屏仔,[等级16],[粉丝团 Lv4]
2026-05-22 21:56:32,3254171587069726,等晴天,@꧁唯꧂ 去他直播间看一下不就知道了,[等级8],
2026-05-22 21:56:42,523831373735262,树先生🐒ヽ(爱´∀‘爱)ノ,@꧁唯꧂ 她死了，自己玩[看],[等级23],[粉丝团 Lv12]
2026-05-22 21:56:45,3413334368722349,小阿悄,@꧁唯꧂ 尿尿去了[展开说说][展开说说][展开说说],[等级15],[粉丝团 Lv11]
2026-05-22 21:56:50,501791385462590,用户1473129177694,今晚猫局没有来,[等级4],
2026-05-22 21:57:11,71126905166,抖音小肋手,牛批,[等级11],[粉丝团 Lv10]
2026-05-22 21:57:17,93014642999,🌈南山楠,偷人成功,[等级12],[粉丝团 Lv10]
2026-05-22 21:57:22,2817386623016416,Hope 㞮孞,又被老黑装到了,[等级14],[粉丝团 Lv11]
2026-05-22 21:57:22,106071683627,黄小姐.,猫哥呢,[等级23],[粉丝团 Lv10]
2026-05-22 21:57:23,94511118465,及时止损,被偷到了,[等级2],
2026-05-22 21:57:25,100444965631,ㅤㅤㅤㅤ ㅤ ㅤ ㅤ,猫怎么不说话,[等级14],[粉丝团 Lv8]
2026-05-22 21:57:35,3413334368722349,小阿悄,@黄小姐. 尿尿去了[展开说说][展开说说][展开说说],[等级15],[粉丝团 Lv11]
2026-05-22 21:57:36,3940266154398782,TT··,卡,[等级9],
2026-05-22 21:57:37,108160051507,野猫,老是偷我,[等级30],[粉丝团 Lv10]
2026-05-22 21:57:37,2817386623016416,Hope 㞮孞,猫局卡麦了,[等级14],[粉丝团 Lv11]
2026-05-22 21:57:40,3940266154398782,TT··,卡,[等级9],
2026-05-22 21:57:45,108825768878,南山居士,看见没有，这压枪稳的一匹，换成你们所有人都不可能打死,[等级1],
2026-05-22 21:57:47,3157430232427165,拖鞋有心事,卡顿,[等级5],
2026-05-22 21:57:52,949572081812366,✨🍀☜往事❤如风 ☞🍀✨,记忆力真好，能迅速找到码在哪？,[等级27],
2026-05-22 21:57:54,1845423225446986,小仔爷,1080,[等级13],[粉丝团 Lv5]
2026-05-22 21:57:54,2792385335793016,🍉大发,掉帧,[等级27],[粉丝团 Lv10]
2026-05-22 21:57:56,68113854332,༿清晨༾,队友没有祭天，法力不全,,
2026-05-22 21:57:57,3940266154398782,TT··,卡,[等级9],
2026-05-22 21:58:03,101174322546,🫡,画质那,[等级9],[粉丝团 Lv1]
2026-05-22 21:58:07,94511118465,及时止损,舔包,[等级2],
2026-05-22 21:58:08,95560821468,๑•́₃•̀๑,@鹏哥🐮,[等级17],
2026-05-22 21:58:10,63027055055,美女社社长,卡一卡的,[等级2],
2026-05-22 21:58:19,79588915201,归期࿐,刚才那爬个人楼下,[等级19],
2026-05-22 21:58:21,55159220102,BWRZ（记录美好）,？,[等级36],[粉丝团 Lv16]
2026-05-22 21:58:25,63027055055,美女社社长,卡一卡的,[等级2],
2026-05-22 21:58:36,3062591332821354,愿明月寄相思,[比心],[等级10],[粉丝团 Lv10]
2026-05-22 21:58:39,99372859314,启  夏,是不是打的人机呀[捂脸],[等级25],[粉丝团 Lv15]
2026-05-22 21:58:43,1302268098907248,新农人小张,[咖啡],[等级36],[粉丝团 Lv10]
2026-05-22 21:58:49,98238207128,田不甜。,哥呢？,[等级13],
2026-05-22 21:58:55,97600677185,晓乔治ovo,死了吧,[等级38],[粉丝团 Lv13]
2026-05-22 21:58:56,94511118465,及时止损,走了走了，快舔包,[等级2],
2026-05-22 21:58:58,301703815511355,🐉,猫局呢,[等级2],
2026-05-22 21:59:00,694519461320269,吃了吗,感觉还是撤退吧，别被阴了,[等级9],
2026-05-22 21:59:00,93014642999,🌈南山楠,舔包走吧,[等级12],[粉丝团 Lv10]
2026-05-22 21:59:05,84519523155,叼着奶嘴上战场,@启  夏 打人机还封烟？,[等级44],[粉丝团 Lv13]
2026-05-22 21:59:06,3413334368722349,小阿悄,@田不甜。 屙尿去了[展开说说][展开说说][展开说说],[等级15],[粉丝团 Lv11]
2026-05-22 21:59:09,7538654499440952377,꧁唯꧂,@田不甜。 你哥还没有[捂脸][捂脸]嘎,[等级7],[粉丝团 Lv4]
2026-05-22 21:59:09,4001819313841768,Ah,没人怎么可能丢雷丢烟,[等级16],[粉丝团 Lv4]
2026-05-22 21:59:09,96261969310,酒醉人不归,有没有可能别人打完了,[等级15],[粉丝团 Lv10]
2026-05-22 21:59:12,79338415230,宋梁星,局哥呢,[等级34],[粉丝团 Lv8]
2026-05-22 21:59:13,3883121063759544,祝我.,跟自己打架呢？,[等级20],[粉丝团 Lv2]
2026-05-22 21:59:14,1192316805068765,锦琛,开车走了,[等级8],
2026-05-22 21:59:18,1049378741290009,伊志平,我局呢,[等级7],[粉丝团 Lv7]
2026-05-22 21:59:19,417410696624275,赤马奔腾,队友没有跟上吗,[等级10],
2026-05-22 21:59:19,96471514187,小兮兮,跟空气斗智斗勇,[等级10],[粉丝团 Lv6]
2026-05-22 21:59:23,99372859314,启  夏,@叼着奶嘴上战场 就是打完了，打个人机呀[捂脸],[等级25],[粉丝团 Lv15]
2026-05-22 21:59:28,3413334368722349,小阿悄,@宋梁星 屙尿去了[展开说说][展开说说][展开说说],[等级15],[粉丝团 Lv11]
2026-05-22 21:59:30,68278570215,🌟锦霄🌟,[捂脸][捂脸][捂脸][捂脸],[等级19],[粉丝团 Lv14]
2026-05-22 21:59:30,1192316805068765,锦琛,车都不在了,[等级8],
2026-05-22 21:59:32,104360562881,夏序清和·无心,好吓人,[等级24],[粉丝团 Lv9]
2026-05-22 21:59:34,4252526898322571,🌈梦回思念,没人了,[等级15],[粉丝团 Lv5]
2026-05-22 21:59:34,470219582866307,忻安,空气大残哈哈哈[看],[等级17],[粉丝团 Lv15]
2026-05-22 21:59:35,2405375991356200,L-Oct 29-Sc,左右互搏？,[等级24],[粉丝团 Lv13]
2026-05-22 21:59:36,3778386515474196,陈先生,你在演我们嘛[捂脸][捂脸][捂脸][捂脸],[等级13],[粉丝团 Lv10]
2026-05-22 21:59:36,71298030230,Leoº,跳出去了,[等级19],
2026-05-22 21:59:37,68948434999,金马纳福,自己吓自己,[等级25],
2026-05-22 21:59:37,2145873040249732,吃着泡面去蹦迪,炸了一个寂寞[捂脸],[等级21],
2026-05-22 21:59:39,68412506274,鞋神,哈哈哈😂,[等级17],
2026-05-22 21:59:39,101691614051,不止眼前,隔壁平房两个人,[等级2],
2026-05-22 21:59:41,1262683587609187,蜗牛国度,秀,[等级3],[粉丝团 Lv2]
2026-05-22 21:59:42,62707588265,RR。,自己吓自己[看],[等级1],
2026-05-22 21:59:43,3746757804561379,lC,老六,[等级28],
2026-05-22 21:59:44,99372859314,启  夏,我感觉打完了[捂脸],[等级25],[粉丝团 Lv15]
2026-05-22 21:59:44,71035780202,赵赵啊赵,嗓子是不是不舒服 多注意点吧,[等级7],[粉丝团 Lv2]
2026-05-22 21:59:45,417410696624275,赤马奔腾,进圈了,[等级10],
2026-05-22 21:59:51,2085090460961021,希望的田野,有那么巧,[等级2],
2026-05-22 21:59:53,88017468513,𝐋𝐢𝐟𝐞𝐥𝐢𝐧𝐞 ,箱子里开出人，得吓死,[等级11],
2026-05-22 21:59:59,88017468513,𝐋𝐢𝐟𝐞𝐥𝐢𝐧𝐞 ,[捂脸][捂脸][捂脸],[等级11],
2026-05-22 21:59:59,254686236782456,🌈幸运小趴菜,强哥在不在,[等级16],[粉丝团 Lv11]
2026-05-22 22:00:00,2069731754390944,yx,哈哈哈哈,[等级15],[粉丝团 Lv12]
2026-05-22 22:00:00,101875225014,🐮,秀了一下，就秀了一下[捂脸],[等级15],[粉丝团 Lv7]
2026-05-22 22:00:00,732732126936442,Hxt,猫局呢,[等级16],[粉丝团 Lv5]
2026-05-22 22:00:00,3795140168657294,安于时光,跟空气斗智斗勇半天[捂脸][捂脸],[等级19],[粉丝团 Lv15]
2026-05-22 22:00:03,79338415230,宋梁星,@小阿悄 什么尿这么久,[等级34],[粉丝团 Lv8]
2026-05-22 22:00:06,470219582866307,忻安,有没有可能人家把最后那个人刚打死你又给人打死了呢[看],[等级17],[粉丝团 Lv15]
2026-05-22 22:00:08,55159220102,BWRZ（记录美好）,哈哈哈哈确实,[等级36],[粉丝团 Lv16]
2026-05-22 22:00:09,108825768878,南山居士,@RR。 这叫战略定力,[等级1],
2026-05-22 22:00:10,1732449258446509,吃颗药药💊、,猫局呢,[等级29],[粉丝团 Lv9]
2026-05-22 22:00:14,71234584407,你好未来～～,小猫哎今天哪儿去了,[等级18],[粉丝团 Lv10]
2026-05-22 22:00:16,3474934564154712,流年,美滋滋舔包,[等级13],
2026-05-22 22:00:20,94511118465,及时止损,他们把对面都打倒了，你正好把他们打死了,[等级2],
2026-05-22 22:00:20,99549870598,顾北💤,给雅雅来个火力车助助兴,[等级31],[粉丝团 Lv13]
2026-05-22 22:00:25,59209474355,白天不懂爷的黑2,还是有自知自明[捂脸][捂脸][捂脸][捂脸],[等级34],[粉丝团 Lv13]
2026-05-22 22:00:28,87900359390,一个怡,@吃颗药药💊、 在上一把,[等级10],[粉丝团 Lv5]
2026-05-22 22:00:30,99034094226,穿着羽绒服躲冰箱避寒,局哥洗脚被抓了,[等级34],[粉丝团 Lv14]
2026-05-22 22:00:30,104432719593,赞美愚者,肯定炸渣女啊,[等级34],[粉丝团 Lv2]
2026-05-22 22:00:32,7538654499440952377,꧁唯꧂,@吃颗药药💊、 没嘎呢,[等级7],[粉丝团 Lv4]
2026-05-22 22:00:42,3413334368722349,小阿悄,@宋梁星 虚，尿不尽，滴滴滴,[等级15],[粉丝团 Lv11]
2026-05-22 22:00:45,66552084486,小怪兽😈,猫局一穿4,[等级36],[粉丝团 Lv10]
2026-05-22 22:00:48,61303363390,华南城商办站斧浏览器Amber,天天在偷人，也天天怕被人偷[捂脸][捂脸],[等级30],[粉丝团 Lv13]
2026-05-22 22:00:49,2985892054834296,黑袍,我老开出AUG,[等级20],
2026-05-22 22:00:51,3795155452705660,不加糖,上把光荣吧，又单人[看],[等级21],[粉丝团 Lv5]
2026-05-22 22:00:56,2810776444220189,dhkslal,@小怪兽😈 吃鸡了吗,[等级30],[粉丝团 Lv1]
2026-05-22 22:00:56,1622517235582148,情花落种,猫还在上一局,[等级15],[粉丝团 Lv10]
2026-05-22 22:00:57,417410696624275,赤马奔腾,去找队友汇合,[等级10],
2026-05-22 22:00:59,63027055055,美女社社长,卡一卡的什么情况,[等级2],
2026-05-22 22:01:09,2824008837643668,Hom,8倍镜带一个,,
2026-05-22 22:01:09,102469975321,✨名门⭐️,搞的这么紧张[捂脸][捂脸][捂脸],[等级19],[粉丝团 Lv15]
2026-05-22 22:01:15,52391337420,老黄瓜🥒,没人了[色],[等级15],[粉丝团 Lv7]
2026-05-22 22:01:18,75219554850,@倒計時...,11棵烟[捂脸][捂脸],[等级26],[粉丝团 Lv9]
2026-05-22 22:01:20,4503658257446344,🥐cornetto,抖音服务器问题,[等级41],[粉丝团 Lv7]
2026-05-22 22:01:21,321520815587213,￴￴ ￴￴ ￴,附近有人,[等级38],
2026-05-22 22:01:22,1742059309113399,大理壹嘉壹二手车行—李树兴,方言都急出来了[捂脸][捂脸],[等级15],
2026-05-22 22:01:23,99542159501,寒風欥,10个都杀不了,[等级18],
2026-05-22 22:01:30,1068317358433080,睿睿,3倍,[等级19],[粉丝团 Lv11]
2026-05-22 22:01:31,111007266356,🔱守望w,@美女社社长 你退了重新进吧，我的一点都不卡,[等级29],[粉丝团 Lv15]
2026-05-22 22:01:31,103394089947,√ fail(＞)×succee,狗砸不要,[等级11],
2026-05-22 22:01:32,69792892896,永恒怀恋,@美女社社长 提示你该换手机了,[等级28],[粉丝团 Lv11]
2026-05-22 22:01:36,3976248363586195,阳👑光,分手了,[等级15],
2026-05-22 22:01:36,79588577534,眼镜-,跟空气斗志斗勇,[等级15],
2026-05-22 22:01:37,2330588968395416,贝塔β,还有轻型,[等级25],[粉丝团 Lv14]
2026-05-22 22:01:42,99542159501,寒風欥,科技,[等级18],
2026-05-22 22:01:43,93032203992,秀儿⁵¹⁰⁷⁴,@寒風欥 你能你开播,[等级19],[粉丝团 Lv12]
2026-05-22 22:01:44,78634092064,哦哟哟i,箱子里有子弹,[等级9],[粉丝团 Lv6]
2026-05-22 22:01:47,259101202063016,玛卡巴卡,局哥刚1 v4了[看],[等级4],[粉丝团 Lv6]
2026-05-22 22:01:48,108825768878,南山居士,所以你们吃鸡率最多百分之一,[等级1],
2026-05-22 22:01:49,1978717653445341,黄久能，9米6货运,张君雅能带我打游戏吗,,
2026-05-22 22:01:50,1107906850980175,陳,6倍不要吗,,
2026-05-22 22:01:53,66735278517,失去,烟和雷都没有,[等级19],
2026-05-22 22:01:56,2824008837643668,Hom,8倍镜带一个啊,,
2026-05-22 22:02:04,2510933522645259,🍎紫,你的虎狼之词，都上抖音了,[等级16],
2026-05-22 22:02:05,3474076431556092,海棠花,[666],[等级6],[粉丝团 Lv2]
2026-05-22 22:02:08,1798427627499870,TeFuir,兄弟们，我来了,[等级26],[粉丝团 Lv12]
2026-05-22 22:02:10,4503658257446344,🥐cornetto,@玛卡巴卡 给他牛逼的头发都长出来了,[等级41],[粉丝团 Lv7]
2026-05-22 22:02:12,81923643945,不知道,我舔,[等级21],
2026-05-22 22:02:13,108825768878,南山居士,有这样的稳健吃鸡率高的多,[等级1],
2026-05-22 22:02:17,517245823358524,ʕ•̫͡•ོʔ•̫͡,好模糊,,
2026-05-22 22:02:21,2510933522645259,🍎紫,我用我性感的嘴唇堵住你的嘴[捂脸],[等级16],
2026-05-22 22:02:22,69604274551,你总这样,@TeFuir 哟哟哟,[等级24],[粉丝团 Lv13]
2026-05-22 22:02:24,1187907089994216,惜。,今天局哥不在吗,[等级12],[粉丝团 Lv8]
2026-05-22 22:02:27,71318702577,老六不打背身,6倍镜不拿,[等级3],
2026-05-22 22:02:28,99019418689,香蕉苹果大鸭梨,那叫刚刚好,[等级23],
2026-05-22 22:02:31,3026313514074199,🤔剑来✨,明天新赛季，君雅今天怎么不休息,[等级23],[粉丝团 Lv5]
2026-05-22 22:02:32,94511118465,及时止损,对，你舔完，他再舔,[等级2],
2026-05-22 22:02:32,103631315572,杜杜～,开麦,[等级5],
2026-05-22 22:02:33,85030234371,酱味男人,队友给你标爆炸弓了,[等级7],
2026-05-22 22:02:34,104391153714,木头人、,下个老鼠药做个标记就行了[微笑],[等级43],
2026-05-22 22:02:35,417410696624275,赤马奔腾,怎么不开车,[等级10],
2026-05-22 22:02:36,87604014218,Fx¹⁰²⁷,毛局不在啊？,[等级30],
2026-05-22 22:02:38,2537306387128024,咬牙-转身,预判别人的预判,[等级24],
2026-05-22 22:02:38,1798427627499870,TeFuir,@你总这样 哎呀,[等级26],[粉丝团 Lv12]
2026-05-22 22:02:41,81923643945,不知道,我来舔,[等级21],
2026-05-22 22:02:41,99034094226,穿着羽绒服躲冰箱避寒,@ら孤痞 痞哥晚上好啊！我掏深16猴子的,[等级34],[粉丝团 Lv14]
2026-05-22 22:02:42,69604274551,你总这样,@TeFuir,[等级24],[粉丝团 Lv13]
2026-05-22 22:02:44,101629850514,张老黑的飞哥⁵¹⁰⁷⁴,@🤔剑来✨ 正常播,[等级33],[粉丝团 Lv16]
2026-05-22 22:02:46,3413334368722349,小阿悄,@惜。 在屙尿[展开说说][展开说说],[等级15],[粉丝团 Lv11]
2026-05-22 22:02:47,87900359390,一个怡,@Fx¹⁰²⁷ 还在上一局,[等级10],[粉丝团 Lv5]
2026-05-22 22:02:49,2263256806988026,分,@TeFuir 来晚了罚你给我点杯喝的,[等级9],[粉丝团 Lv9]
2026-05-22 22:02:51,61303363390,华南城商办站斧浏览器Amber,我也喜欢在毒边6️⃣人[捂脸][捂脸],[等级30],[粉丝团 Lv13]
2026-05-22 22:02:52,1798427627499870,TeFuir,@你总这样 咋了,[等级26],[粉丝团 Lv12]
2026-05-22 22:02:52,108244745309,守心自安澜,兄弟们，今晚有没有组队抓老黑的？[捂脸],[等级25],[粉丝团 Lv10]
2026-05-22 22:02:59,2172229561625960,好嗨哟,这把队都还健在[捂脸][捂脸],[等级25],[粉丝团 Lv13]
2026-05-22 22:03:02,1055949186665544,🌈好运降林同学,轰炸区,[等级9],[粉丝团 Lv6]
2026-05-22 22:03:09,69604274551,你总这样,@TeFuir 来晚了罚你点一杯喝的,[等级24],[粉丝团 Lv13]
2026-05-22 22:03:13,77416951506,ら孤痞,@穿着羽绒服躲冰箱避寒 晚上好,[等级37],[粉丝团 Lv17]
2026-05-22 22:03:18,101629850514,张老黑的飞哥⁵¹⁰⁷⁴,@守心自安澜 不怕挨骂[捂脸],[等级33],[粉丝团 Lv16]
2026-05-22 22:03:21,92513619898,前线军情,有一把啊,,
2026-05-22 22:03:23,4059043980652221,初夏～夜微凉,局哥今晚咋没在,[等级8],[粉丝团 Lv10]
2026-05-22 22:03:23,72179010645,✨三十六,那个角啊,[等级25],[粉丝团 Lv10]
2026-05-22 22:03:25,98711693489,L-Aug-15-Leo,老黑故意拖延时间不进圈,[等级44],[粉丝团 Lv17]
2026-05-22 22:03:29,92513619898,前线军情,刚才有爆炸弓,,
2026-05-22 22:03:33,3068106620541204,吧吧,匹配队友又不和队友交流，那你匹配队友干嘛？还不如单排呢,[等级2],
2026-05-22 22:03:34,64546582180,Max的小跳跳,局哥正在疯狂一穿四，,[等级19],
2026-05-22 22:03:36,2216231050949079,梵高先生与小姐.,刚刚那里不就有一把吗,[等级6],[粉丝团 Lv7]
2026-05-22 22:03:39,66695876733,ᯤ⁵ᴳ⁺,队友标的没人拿,[等级8],[粉丝团 Lv11]
2026-05-22 22:03:42,2009542393864356,铭朗建筑小周,刚刚有啊,[等级34],[粉丝团 Lv10]
2026-05-22 22:03:54,1041989997167927,往前走、别回头,看标不就行了吗,[等级22],[粉丝团 Lv3]
2026-05-22 22:03:54,2145873040249732,吃着泡面去蹦迪,主播把队友麦关了[赞][赞][赞],[等级21],
2026-05-22 22:03:57,4318472311935278,用户1431753061707,有弓,[等级16],[粉丝团 Lv12]
2026-05-22 22:03:58,2255842653766845,陈一刀.热炒,@吧吧 你看你又急,[等级9],[粉丝团 Lv11]
2026-05-22 22:04:00,102012879408,忄,@吧吧 那你报J,[等级11],
2026-05-22 22:04:01,247862868838872,林曦,aug丢了？,[等级5],[粉丝团 Lv3]
2026-05-22 22:04:01,98194529926,梁山伯与猪硬来,刚过来第一个集装箱不是有爆炸弓吗,[等级18],[粉丝团 Lv2]
2026-05-22 22:04:02,2069731754390944,yx,@吧吧 关你屁事,[等级15],[粉丝团 Lv12]
2026-05-22 22:04:03,3663228569664605,天空无云,@吧吧 管你什么事,[等级15],[粉丝团 Lv11]
2026-05-22 22:04:07,94511118465,及时止损,猫呢？？没人打配合，打不过扎办,[等级2],
2026-05-22 22:04:12,92776233507,云舒卷,刚刚上那有,[等级14],[粉丝团 Lv4]
2026-05-22 22:04:13,1572742176706016,落,局哥今晚还打吗,[等级5],[粉丝团 Lv2]
2026-05-22 22:04:17,110527293027,【柳哥】,刚刚过来的集装箱,[等级27],[粉丝团 Lv12]
2026-05-22 22:04:18,93341738751,ηǐпg笑,狗哥呢,[等级5],
2026-05-22 22:04:18,7538654499440952377,꧁唯꧂,@吧吧 你叭叭叭的碍你啥事了    烦人扒拉的,[等级7],[粉丝团 Lv4]
2026-05-22 22:04:20,108876298495,遥远梦老朋友,猫呢,[等级4],[粉丝团 Lv2]
2026-05-22 22:04:21,2085090460961021,希望的田野,苟分的,[等级2],
2026-05-22 22:04:22,1750020276369235,🕊꧔ꦿ᭄💞半生ℯ꧔ꦿ᭄💞,早看到了,[等级26],[粉丝团 Lv15]
2026-05-22 22:04:25,102012879408,忄,@及时止损 打不过就噶,[等级11],
2026-05-22 22:04:33,97415267515,🏂⛷️⛹️,空投里还有箭,[等级16],
2026-05-22 22:04:35,60066960577,🇨🇳🇨🇳,废墟有,[等级12],
2026-05-22 22:04:35,3492463831679966,⁺³√∞,猫🐱局呢,[等级10],
2026-05-22 22:04:36,59593010027,张再宇,[比心],[等级26],[粉丝团 Lv8]
2026-05-22 22:04:39,59593010027,张再宇,[爱心],[等级26],[粉丝团 Lv8]
2026-05-22 22:04:42,59593010027,张再宇,哈哈哈,[等级26],[粉丝团 Lv8]
2026-05-22 22:04:43,106632273901,头上抹点开塞露  聪明才智挡不住,。,[等级4],
2026-05-22 22:04:45,2220639168496084,Mark•X 罗,拿队友的[捂脸][捂脸][捂脸],[等级7],
2026-05-22 22:04:45,3567230377263451,西红柿不好笑,🐱呢,[等级8],
2026-05-22 22:04:52,81676323957,Zou,这些弹幕笑死人,[等级18],[粉丝团 Lv9]
2026-05-22 22:04:54,71904985033,^O^表哥^O^……,空投那里有箭,[等级31],[粉丝团 Lv4]
2026-05-22 22:04:57,68460181449,༺༃xuan༒xuan༃༻,空投有30发,[等级19],[粉丝团 Lv6]
2026-05-22 22:04:59,60066960577,🇨🇳🇨🇳,废墟有剑,[等级12],
2026-05-22 22:05:03,1656343431482275,暖阳²⁴,猫局呢？？,[等级9],
2026-05-22 22:05:04,3117857857342636,一搓一蹦跶,🐱局今天没在吗,[等级33],[粉丝团 Lv5]
2026-05-22 22:05:06,74733772504,喝黄金树叶吧,子弹不多了,[等级13],
2026-05-22 22:05:12,71126905166,抖音小肋手,牛,[等级11],[粉丝团 Lv10]
2026-05-22 22:05:13,3722285933933771,群众里面有坏人,局哥结束了,[等级4],[粉丝团 Lv8]
2026-05-22 22:05:14,75446230005,@Lucky￥,猫没了,[等级17],[粉丝团 Lv13]
2026-05-22 22:05:16,96909581379,萝卜头,猫局挂了,[等级9],[粉丝团 Lv2]
2026-05-22 22:05:22,7538654499440952377,꧁唯꧂,@一搓一蹦跶 上局呢,[等级7],[粉丝团 Lv4]
2026-05-22 22:05:24,87099180982,榮,猫没了,[等级12],[粉丝团 Lv10]
2026-05-22 22:05:26,65448066619,东♑,局哥一穿四[看][看][看],[等级2],
2026-05-22 22:05:29,3424359815056996,杨军,老猫没了,[等级20],[粉丝团 Lv1]
2026-05-22 22:05:33,4503658257446344,🥐cornetto,人家苟点分不容易啊,[等级41],[粉丝团 Lv7]
2026-05-22 22:05:34,92743436339,一起养片花吧,你炸我干嘛。。。。。,[等级18],
2026-05-22 22:05:35,87604014218,Fx¹⁰²⁷,猫局笑死我了[捂脸],[等级30],
2026-05-22 22:05:37,3819026927860087,搁浅的鱼！！,局哥完事了,[等级22],[粉丝团 Lv6]
2026-05-22 22:05:37,1999364501020540,天空没有极限,[捂脸][捂脸][捂脸],[等级16],[粉丝团 Lv13]
2026-05-22 22:05:37,97014636164,七喜,估计退了,[等级20],[粉丝团 Lv3]
2026-05-22 22:05:38,94511118465,及时止损,被抛弃的妹妹,[等级2],
2026-05-22 22:05:42,1691517243364212,肉丸子,偷一个啥都有了,[等级10],[粉丝团 Lv5]
2026-05-22 22:05:45,1644525708386619,八九野马,死的不明不白,[等级21],
2026-05-22 22:05:46,101113424883,加菲猫,猫局打完了，雅姐[看][看],[等级17],
2026-05-22 22:05:47,91676180041,天狼星，尧,和猫局吵架了😡😡😡😡[捂脸][捂脸][捂脸],[等级28],[粉丝团 Lv9]
2026-05-22 22:05:47,81676323957,Zou,人家晋级赛苟个发容易吗,[等级18],[粉丝团 Lv9]
2026-05-22 22:05:49,94430474077,秘制脱脂猪头肉,会不会被举报,[等级10],
2026-05-22 22:05:50,111186933811,槐序,局哥晋级没,[等级12],[粉丝团 Lv9]
2026-05-22 22:05:51,101113424883,加菲猫,猫局打完了，雅姐[看][看],[等级17],
2026-05-22 22:05:51,109953952057,刘明,可怜苟分仔,[等级31],
2026-05-22 22:05:57,2897924883488636,:(•,1080,[等级5],[粉丝团 Lv2]
2026-05-22 22:05:57,97031656190,oi,我刚打开你直播你就炸我,[等级26],
2026-05-22 22:05:58,105328716548,徐太蟀,自私的女人。,[等级20],
2026-05-22 22:05:59,81922832250,心之所向 (-^〇^-),信号枪,[等级12],[粉丝团 Lv11]
2026-05-22 22:06:00,79338415230,宋梁星,猫局在看你了,[等级34],[粉丝团 Lv8]
2026-05-22 22:06:02,448249880646383,梦魇三千,队友死完了估计退了,[等级16],[粉丝团 Lv11]
2026-05-22 22:06:04,104929389475,上厕所拉不出屎狂抽屁股发现好爽,野生妹妹,[等级2],[粉丝团 Lv2]
2026-05-22 22:06:06,4312762483477248,村里有个姑娘叫小芳,看你直播呢你炸我弄啥嘞,[等级3],[粉丝团 Lv3]
2026-05-22 22:06:06,79338415230,宋梁星,他牺牲了,[等级34],[粉丝团 Lv8]
2026-05-22 22:06:07,109259160008,UP🤟🏼,24,[等级17],
2026-05-22 22:06:07,707711956162747,🦋꧔ꦿ᭄阿忠 ❧⁵²⁰,1080,[等级29],[粉丝团 Lv4]
2026-05-22 22:06:08,2172229561625960,好嗨哟,不是24个吗[捂脸],[等级25],[粉丝团 Lv13]
2026-05-22 22:06:10,3132972734882599,王元组合,他们开了密室，可以去捡破烂[捂脸],[等级1],
2026-05-22 22:06:16,1877615703246221,梦千年,尿局打完了。老黑自雷吧[捂脸],[等级4],[粉丝团 Lv4]
2026-05-22 22:06:19,1560947581518232,呦吼😎,没开延时吗,[等级15],[粉丝团 Lv6]
2026-05-22 22:06:19,59958431840,钱多多🍸,苟分在房区苟的，也是不会苟分[捂脸],[等级19],[粉丝团 Lv10]
2026-05-22 22:06:20,3790745693330856,37度°,队友有大炮,[等级22],[粉丝团 Lv4]
2026-05-22 22:06:20,91697881893,✨蜜蜜蜜蜜✨,为什么要打我 我就想挂个机,[等级30],[粉丝团 Lv11]
2026-05-22 22:06:20,972409766944461,南拥夏栀,局哥决赛圈好惨,[等级21],[粉丝团 Lv11]
2026-05-22 22:06:20,74806286247,🌈🌈🌈🌈雪🐟,不举报你她举报谁,[等级12],[粉丝团 Lv2]
2026-05-22 22:06:23,588940244944333,哟哟哟,@徐太蟀 你快点滚出去吧,[等级22],[粉丝团 Lv7]
2026-05-22 22:06:26,581012081615576,凌晨再说晚安,队友有眼不识泰山,[等级12],
2026-05-22 22:06:26,55159220102,BWRZ（记录美好）,[发呆][干饭人],[等级36],[粉丝团 Lv16]
2026-05-22 22:06:29,75446230005,@Lucky￥,老黑自雷,[等级17],[粉丝团 Lv13]
2026-05-22 22:06:29,975969671708884,Eric,双排啊，单人没意思,[等级4],
2026-05-22 22:06:31,4503658257446344,🥐cornetto,局哥  你要假发吗,[等级41],[粉丝团 Lv7]
2026-05-22 22:06:34,109259160008,UP🤟🏼,他的意思是三个顶一个,[等级17],
2026-05-22 22:06:39,98711693489,L-Aug-15-Leo,老黑快自雷。局哥好了,[等级44],[粉丝团 Lv17]
2026-05-22 22:06:41,3492463831679966,⁺³√∞,中午🐱也没来,[等级10],
2026-05-22 22:06:44,84719550761,智天使,猫局呢？,[等级27],[粉丝团 Lv10]
2026-05-22 22:06:45,2120278793793150,往事随风｀,好久没看你直播了,[等级11],[粉丝团 Lv1]
2026-05-22 22:06:46,246758888446382,大猪蹄子🐷,@哟哟哟 抽你嘴巴子,[等级16],
2026-05-22 22:06:46,22406739006603,清醒的沉沦,局哥哪去了,[等级20],[粉丝团 Lv8]
2026-05-22 22:06:47,67266066131,星沉大海,前两天堵桥我都没漏你怎么发现的,[等级5],
2026-05-22 22:06:47,698881292111118,5是20,猫菊🌸呢,[等级12],[粉丝团 Lv9]
2026-05-22 22:06:48,2739616752863700,酒色财气,喜欢看你单四，,[等级21],
2026-05-22 22:06:48,1925946394542558,bond,君雅明天会直播打战神嘛,[等级20],
2026-05-22 22:06:48,1892708860299177,m,还有两个队友也是敌人[捂脸],,
2026-05-22 22:06:53,581012081615576,凌晨再说晚安,队友有眼不识泰山,[等级12],
2026-05-22 22:06:55,104408303854,心之所向😋,小猫呢？,[等级2],[粉丝团 Lv2]
2026-05-22 22:06:55,98247062246,ཉ小懒猫ཉ,队友找她来了，是她自己跑了[捂脸],[等级6],[粉丝团 Lv6]
2026-05-22 22:06:56,4862013350589,厉扑,法玛斯，妹控,[等级21],[粉丝团 Lv11]
2026-05-22 22:06:58,2810776444220189,dhkslal,局哥观战你呢 他那边为什么慢点,[等级30],[粉丝团 Lv1]
2026-05-22 22:07:00,97240464832,不过些许风霜丶,老黑你就在这里吧，别跑，我们满编马上到,[等级18],
2026-05-22 22:07:01,110405122010189,KeviN,河里有人,[等级4],
2026-05-22 22:07:01,2201666492307559,慕容皓轩@,猫局今晚没有来[捂脸],[等级16],[粉丝团 Lv11]
2026-05-22 22:07:06,93297142140,木易不易,猫局呢,[等级5],
2026-05-22 22:07:06,72306900897,梁锋,@L-Aug-15-Leo 让他等10分钟,[等级24],[粉丝团 Lv15]
2026-05-22 22:07:07,3670593507960647,谦,妹控加法玛斯,[等级6],[粉丝团 Lv5]
2026-05-22 22:07:07,59135552977,🌈李宝珺🌈🌈,不接受举报哈哈,[等级25],
2026-05-22 22:07:08,1367445777424910,Eucalyptus 🐸,局哥，有人问你要假发吗？,[等级24],[粉丝团 Lv14]
2026-05-22 22:07:09,1974340614892663,歌声飘过三十年,这两个直播间咋回事，谁能告诉我这是哪个[捂脸],,
2026-05-22 22:07:11,84138745332,时光🌈微凉,菊哥呢,[等级18],[粉丝团 Lv7]
2026-05-22 22:07:13,2145888220228567,用户18054358,那几个人就等你打信号枪呢！,[等级16],[粉丝团 Lv12]
2026-05-22 22:07:15,17017143034,陌顾北,枪匣，复合弓，AMR,[等级29],[粉丝团 Lv4]
2026-05-22 22:07:16,1130777843083112,新人新希望,怎么又是单排了[捂脸],[等级7],[粉丝团 Lv10]
2026-05-22 22:07:17,2843758218450840,小趴☯蔡,@钱多多🍸 我不会狗分  在哪个位置狗分好,[等级16],[粉丝团 Lv6]
2026-05-22 22:07:17,3759929596590187,南青,猫局去洗脚了吗,[等级19],[粉丝团 Lv9]
2026-05-22 22:07:21,3670593507960647,谦,大菠萝，妹控，法玛斯,[等级6],[粉丝团 Lv5]
2026-05-22 22:07:23,4001819313841768,Ah,大菠萝，法玛斯,[等级16],[粉丝团 Lv4]
2026-05-22 22:07:25,87604014218,Fx¹⁰²⁷,毛局在等你[捂脸],[等级30],
2026-05-22 22:07:25,3062582829395111,八六88,@谦 真狠,[等级11],
2026-05-22 22:07:26,93297142140,木易不易,cp呢,[等级5],
2026-05-22 22:07:26,104915596694,小雨点💧,大炮啤酒瓶,[等级18],[粉丝团 Lv5]
2026-05-22 22:07:28,3864144062709963,初宁如故,猫局还没结束那一把,[等级32],
2026-05-22 22:07:29,1530976442254383,带五个孤儿住天桥底下,下次我不蹲了,[等级27],[粉丝团 Lv11]
2026-05-22 22:07:31,4503658257446344,🥐cornetto,@Eucalyptus 🐸 你要不要   便宜卖给你,[等级41],[粉丝团 Lv7]
2026-05-22 22:07:32,99549870598,顾北💤,大菠萝，妹控,[等级31],[粉丝团 Lv13]
2026-05-22 22:07:33,55159220102,BWRZ（记录美好）,[发呆][干饭人],[等级36],[粉丝团 Lv16]
2026-05-22 22:07:36,1974340614892663,歌声飘过三十年,猫局说话,,
2026-05-22 22:07:36,246758888446382,大猪蹄子🐷,俺是山西晋绥军三五八团总司令,[等级16],
2026-05-22 22:07:40,69463840673,水果魔君果粒陈,头皮屑[捂脸][捂脸],[等级7],
2026-05-22 22:07:40,93032203992,秀儿⁵¹⁰⁷⁴,@初宁如故 打完了好吧,[等级19],[粉丝团 Lv12]
2026-05-22 22:07:43,6472167828,顺城,@星沉大海 她都是随时四处张望观察的，还有就是根据车的判断,[等级22],[粉丝团 Lv15]
2026-05-22 22:07:43,65882853894,明月,学废了,[等级22],[粉丝团 Lv12]
2026-05-22 22:07:43,110527293027,【柳哥】,复合弓,[等级27],[粉丝团 Lv12]
2026-05-22 22:07:47,72994005768,王先生的快乐生活,[互粉][互粉],[等级12],[粉丝团 Lv4]
2026-05-22 22:07:48,1182716582438084,槑烦恼,收枪就不漏了,[等级13],
2026-05-22 22:07:48,91672910699,草履虫,[捂脸][捂脸],[等级15],
2026-05-22 22:07:49,69463840673,水果魔君果粒陈,老黑的头皮屑,[等级7],
2026-05-22 22:07:49,100389792662,晚会,猫局晋级赛过了不打了      下个赛季在打,[等级10],
2026-05-22 22:07:50,68857701108,金贝贝灬,右探头 是不是就打不着了?,[等级30],
2026-05-22 22:07:51,68278570215,🌟锦霄🌟,啤酒瓶复合弓,[等级19],[粉丝团 Lv14]
2026-05-22 22:07:54,1530976442254383,带五个孤儿住天桥底下,我小本本记好了,[等级27],[粉丝团 Lv11]
2026-05-22 22:07:54,1367445777424910,Eucalyptus 🐸,@🥐cornetto 我头发太密,[等级24],[粉丝团 Lv14]
2026-05-22 22:07:56,1358623554415742,Bemycat,你是几指,[等级25],
2026-05-22 22:07:57,55700756187,你我没有他,复合弓啤酒瓶,[等级12],[粉丝团 Lv12]
2026-05-22 22:07:58,97014636164,七喜,怎么上房顶,[等级20],[粉丝团 Lv3]
2026-05-22 22:07:59,100910008069,念吖,我十一指[看],[等级30],[粉丝团 Lv9]
2026-05-22 22:08:00,247862868838872,林曦,你干脆当教学吧我愿意听,[等级5],[粉丝团 Lv3]
2026-05-22 22:08:01,3742365464400876,Swallow,等会和二哥一起打,[等级26],
2026-05-22 22:08:03,111007266356,🔱守望w,前面也有个超空,[等级29],[粉丝团 Lv15]
2026-05-22 22:08:09,87080804876,麋鹿,什么 我四指不行吗 哈哈,[等级19],
2026-05-22 22:08:11,4503658257446344,🥐cornetto,@Eucalyptus 🐸 多熬夜,[等级41],[粉丝团 Lv7]
2026-05-22 22:08:12,1839957445719852,用户8976800283798,我只有2个指,,
2026-05-22 22:08:12,100366055188,纵横天下,猫局呢？,[等级4],[粉丝团 Lv1]
2026-05-22 22:08:14,92899858186,剪不断的相思,我1指操作,[等级15],[粉丝团 Lv12]
2026-05-22 22:08:15,646161190361448,暗影狂花,二指才是永远的神,[等级22],[粉丝团 Lv7]
2026-05-22 22:08:17,108825768878,南山居士,好好学好好看，你们也可以提高吃鸡率,[等级1],
2026-05-22 22:08:18,3742365464400876,Swallow,雅姐等会和二哥一起打,[等级26],
2026-05-22 22:08:19,99372859314,启  夏,@Bemycat 6,[等级25],[粉丝团 Lv15]
2026-05-22 22:08:20,7603209621562164273,众人怒我一人看风景,我把偏头的关了,,
2026-05-22 22:08:22,246758888446382,大猪蹄子🐷,俺是山西晋绥军,[等级16],
2026-05-22 22:08:28,84519523155,叼着奶嘴上战场,水城有野生空投,[等级44],[粉丝团 Lv13]
2026-05-22 22:08:30,2458113921785323,F·Sep.¹¹Virgo ♍︎,局哥呢，又洗脚去了？,[等级12],[粉丝团 Lv10]
2026-05-22 22:08:31,99240303123,🔥影儿🔥,比你后打的空投，都比你先下来,[等级16],[粉丝团 Lv10]
2026-05-22 22:08:33,99694313430,@脑壳有问题,我是高度人机[捂脸],[等级20],
2026-05-22 22:08:33,2911109426198480,斌,局哥在等你,[等级2],
2026-05-22 22:08:33,87900359390,一个怡,身体健康第一,[等级10],[粉丝团 Lv5]
2026-05-22 22:08:35,55159220102,BWRZ（记录美好）,受不了[看]不跟了,[等级36],[粉丝团 Lv16]
2026-05-22 22:08:36,1456169111790891,隔壁老王,就是！,[等级16],[粉丝团 Lv7]
2026-05-22 22:08:37,246758888446382,大猪蹄子🐷,三五八团总司令,[等级16],
2026-05-22 22:08:37,58845363528,波,现在改10点了[看][看][看],[等级5],[粉丝团 Lv1]
2026-05-22 22:08:39,99522832734,是有点蔡⁵¹⁰⁷⁴,不要五点打，打完两天没得看,[等级32],[粉丝团 Lv16]
2026-05-22 22:08:40,4860846021847,大大大大大大大将军,10点开始了,,
2026-05-22 22:08:43,68171781626,花辞树,@大猪蹄子🐷 这个人这两天咋回事儿？一直刷屏,[等级24],[粉丝团 Lv11]
2026-05-22 22:08:44,3413334368722349,小阿悄,@大猪蹄子🐷 山西驴打滚[展开说说][展开说说][展开说说],[等级15],[粉丝团 Lv11]
2026-05-22 22:08:54,188758001465982,⭐杰哥🌟,冲到战神，是不是可以奖励500万,[等级32],[粉丝团 Lv3]
2026-05-22 22:08:54,110527293027,【柳哥】,5点起来吧[呲牙][呲牙][呲牙],[等级27],[粉丝团 Lv12]
2026-05-22 22:08:55,87604014218,Fx¹⁰²⁷,@F·Sep.¹¹Virgo ♍︎ 砍川子去了[捂脸],[等级30],
2026-05-22 22:08:55,68171781626,花辞树,没人管吗,[等级24],[粉丝团 Lv11]
2026-05-22 22:08:56,1737680614067005,啦噗噗,[666],[等级2],
2026-05-22 22:08:56,1838847804575764,老农民A1,慢慢的，不着急,[等级33],[粉丝团 Lv15]
2026-05-22 22:08:58,1456169111790891,隔壁老王,爱播有这实力[看]有这实力,[等级16],[粉丝团 Lv7]
2026-05-22 22:09:00,6472167828,顺城,对，不能劳累过度,[等级22],[粉丝团 Lv15]
2026-05-22 22:09:01,97642021430,醉煮酒,你身上的枪皮肤是啥名字,[等级13],[粉丝团 Lv2]
2026-05-22 22:09:06,85439432645,羅。,君雅是不是比大力奇迹厉害点,[等级2],[粉丝团 Lv2]
2026-05-22 22:09:06,421834932106776,要早睡💤,身体最重要,[等级5],
2026-05-22 22:09:06,1367445777424910,Eucalyptus 🐸,@🥐cornetto 好的,[等级24],[粉丝团 Lv14]
2026-05-22 22:09:06,4001819313841768,Ah,又不是打单子没有必要熬,[等级16],[粉丝团 Lv4]
2026-05-22 22:09:18,377857505244044,P,局哥呢,[等级28],
2026-05-22 22:09:20,3408098413512419,心静自然,没必要那么玩命又不能吃喝,[等级30],[粉丝团 Lv11]
2026-05-22 22:09:21,108825768878,南山居士,@大猪蹄子🐷 楚云飞的领导，山西菜吃多了，产幻了,[等级1],
2026-05-22 22:09:21,2458113921785323,F·Sep.¹¹Virgo ♍︎,@Fx¹⁰²⁷ 哈哈哈，以为洗脚去了,[等级12],[粉丝团 Lv10]
2026-05-22 22:09:22,93543544311,晋江老王探房,迫击炮,[等级14],[粉丝团 Lv7]
2026-05-22 22:09:25,43621853693911,এ杯中烈酒໌ᮨ🚬敬余生🍶དྷ,弓掉了,[等级25],[粉丝团 Lv4]
2026-05-22 22:09:28,2824008837643668,Hom,刚才都说让你带个8倍镜的,,
2026-05-22 22:09:29,93635941053,不懂💀❗,直播打吗？,[等级1],
2026-05-22 22:09:32,4111794276932327,会功夫的小Q,局哥没打？,[等级7],[粉丝团 Lv3]
2026-05-22 22:09:37,7471122850271872058,沧浪客,猫局那边直播间延时很多,[等级9],
2026-05-22 22:09:45,4503658257446344,🥐cornetto,老子闫老西  给他拉出去毙了,[等级41],[粉丝团 Lv7]
2026-05-22 22:09:46,87604014218,Fx¹⁰²⁷,@F·Sep.¹¹Virgo ♍︎ 边洗边砍[捂脸],[等级30],
2026-05-22 22:09:48,104777476478,陌生人,猫局去哪里了？老黑,[等级39],[粉丝团 Lv11]
2026-05-22 22:09:51,110527293027,【柳哥】,去拿个八倍,[等级27],[粉丝团 Lv12]
2026-05-22 22:09:54,7471122850271872058,沧浪客,我刚刚去看  比你慢半分钟,[等级9],
2026-05-22 22:09:54,100769857214,世间七彩我执红蓝,本局的淘汰王都拿不到，还来直播,[等级12],
2026-05-22 22:09:59,3745359929542250,梦醒了訫碎了,@এ杯中烈酒໌ᮨ🚬敬余生🍶དྷ 掉了吗,,
2026-05-22 22:09:59,963601228894363,杨善善,谁帮我的号打到战神呗！等过年了请你吃火锅,[等级16],[粉丝团 Lv3]
2026-05-22 22:10:02,105389689119,王海峰,局哥坐月子了,[等级5],[粉丝团 Lv6]
2026-05-22 22:10:05,93032203992,秀儿⁵¹⁰⁷⁴,@世间七彩我执红蓝 滚,[等级19],[粉丝团 Lv12]
2026-05-22 22:10:08,109391294858,独行客,去队友那里拿倍镜,[等级11],[粉丝团 Lv9]
2026-05-22 22:10:12,247862868838872,林曦,@杨善善 笑晕🤣,[等级5],[粉丝团 Lv3]
2026-05-22 22:10:13,93032203992,秀儿⁵¹⁰⁷⁴,@世间七彩我执红蓝 你能拿你直播看看,[等级19],[粉丝团 Lv12]
2026-05-22 22:10:14,2321788339226395,奋斗中,去队友那去捡个8倍,[等级20],[粉丝团 Lv13]
2026-05-22 22:10:16,108825768878,南山居士,@陌生人 他练枪去了，一分钟倒三次自闭了,[等级1],
2026-05-22 22:10:17,60479773315,李 先生,@世间七彩我执红蓝 你去打,[等级11],
2026-05-22 22:10:24,102012879408,忄,@杨善善 十年可以吗，,[等级11],
2026-05-22 22:10:26,100769857214,世间七彩我执红蓝,@秀儿⁵¹⁰⁷⁴ 滚蛋,[等级12],
2026-05-22 22:10:27,3996063592881981,@@🚬yangꦿ᭄ཽ࿆࿆:,老黑的屏幕有点淡暗，,[等级15],[粉丝团 Lv10]
2026-05-22 22:10:27,85439432645,羅。,猫局在观战等,[等级2],[粉丝团 Lv2]
2026-05-22 22:10:29,1367445777424910,Eucalyptus 🐸,@杨善善 我谢谢你，到过年我都饿死了,[等级24],[粉丝团 Lv14]
2026-05-22 22:10:34,2656022406638387,ZZZ,@沧浪客 局哥自己直播就延迟1分钟君雅直播也有1分钟延迟,[等级17],[粉丝团 Lv11]
2026-05-22 22:10:39,3254171587069726,等晴天,我勒个三倍,[等级8],
2026-05-22 22:10:40,95337180761,Sir。,这把是真穷，三倍巨,[等级22],
2026-05-22 22:10:40,63416229807,风沙迷了眼⁵¹⁰⁷⁴,@杨善善 我来吧    折现,[等级21],[粉丝团 Lv15]
2026-05-22 22:10:43,7443467011387458618,骨阿夫特嫩,[捂脸][捂脸][捂脸],[等级31],
2026-05-22 22:10:45,55159220102,BWRZ（记录美好）,难受[看],[等级36],[粉丝团 Lv16]
2026-05-22 22:10:46,100000323092,我猫呢,哈哈哈哈,[等级7],
2026-05-22 22:10:46,2810776444220189,dhkslal,手册是是十二点可以买了吗,[等级30],[粉丝团 Lv1]
2026-05-22 22:10:46,588940244944333,哟哟哟,[捂脸][捂脸],[等级22],[粉丝团 Lv7]
2026-05-22 22:10:47,99896926449,来啦,马能卧着吗 站着也累[呲牙],[等级6],
2026-05-22 22:10:48,590893464955795,111,哈哈哈,[等级1],[粉丝团 Lv4]
2026-05-22 22:10:48,2458113921785323,F·Sep.¹¹Virgo ♍︎,估计局哥洗脚又被抓了[捂脸][捂脸],[等级12],[粉丝团 Lv10]
2026-05-22 22:10:49,7471122850271872058,沧浪客,哦豁,[等级9],
2026-05-22 22:10:50,140363052876195,呱呱🐸,[捂脸][捂脸][捂脸][捂脸][捂脸],[等级36],
2026-05-22 22:10:51,2557938630138812,土狗钙中钙,陨落了,[等级14],
2026-05-22 22:10:51,53136197759,𝗦·𝗝𝘂𝗻¹²𝗟𝗲𝗼𖠚ᐝ,完了,[等级28],[粉丝团 Lv15]
2026-05-22 22:10:51,1433378303257884,俏,漂亮,[等级11],
2026-05-22 22:10:52,3012311356015880,像风一样的人,[捂脸][捂脸][捂脸],[等级21],[粉丝团 Lv7]
2026-05-22 22:10:52,99240303123,🔥影儿🔥,三倍打狙,[等级16],[粉丝团 Lv10]
2026-05-22 22:10:53,3238488436382032,用户1324082652476,舒服了[捂脸][捂脸][捂脸][捂脸],[等级11],[粉丝团 Lv11]
2026-05-22 22:10:53,103019788546,遇事不决可问春风,知道有人还这么走？,[等级3],
2026-05-22 22:10:54,81829963713,泽清和,什么火锅能值一千多啊,[等级26],[粉丝团 Lv3]
2026-05-22 22:10:54,68128483419,秋霜,哈哈哈，嚣张的骑马过街[捂脸][捂脸],[等级33],[粉丝团 Lv12]
2026-05-22 22:10:55,7549456355062170681,还没想好~,[捂脸][捂脸][捂脸][捂脸][捂脸],,
2026-05-22 22:10:57,7549456355062170681,还没想好~,[捂脸][捂脸][捂脸][捂脸][捂脸][捂脸],,
2026-05-22 22:10:58,2330588968395416,贝塔β,[捂脸][捂脸],[等级25],[粉丝团 Lv14]
2026-05-22 22:10:59,3619206768628157,除暴安良的良,呕吼,[等级2],
2026-05-22 22:11:00,2990322089729767,ZL🇨🇳,活该,,
2026-05-22 22:11:00,7549456355062170681,还没想好~,[捂脸][捂脸][捂脸][捂脸],,
2026-05-22 22:11:01,100366055188,纵横天下,猫局不在，就是不行,[等级4],[粉丝团 Lv1]
2026-05-22 22:11:02,73569757746,小丑鱼,黑雅，说话,[等级9],[粉丝团 Lv10]
2026-05-22 22:11:02,88681211602,Jason,[捂脸][捂脸][捂脸],[等级13],[粉丝团 Lv12]
2026-05-22 22:11:04,4037872013554622,用户9527314159265857,跟队友一起啊,[等级6],[粉丝团 Lv3]
2026-05-22 22:11:05,99372859314,启  夏,哈哈哈哈,[等级25],[粉丝团 Lv15]
2026-05-22 22:11:06,92513619898,前线军情,很准,,
2026-05-22 22:11:08,7549456355062170681,还没想好~,[捂脸][捂脸][捂脸][捂脸][捂脸][捂脸],,
2026-05-22 22:11:08,110225456234,后会无期,自己说有个车,[等级20],[粉丝团 Lv4]
2026-05-22 22:11:08,69327839525,🌈🏀Duang,两把46分没了,[等级16],
2026-05-22 22:11:08,3544473905937592,全有,怎么死的，要求重看[捂脸][捂脸][捂脸],[等级25],[粉丝团 Lv6]
2026-05-22 22:11:08,105633835483,醉卧沙场君莫笑,菜的抠脚,[等级27],[粉丝团 Lv16]
2026-05-22 22:11:09,698881292111118,5是20,怪我喽,[等级12],[粉丝团 Lv9]
2026-05-22 22:11:09,55159220102,BWRZ（记录美好）,笑死[看],[等级36],[粉丝团 Lv16]
2026-05-22 22:11:10,92200279591,🔥时光🔥,都好准，,[等级16],
2026-05-22 22:11:10,1376222085652807,开心就好😄,[捂脸][捂脸],[等级3],[粉丝团 Lv5]
2026-05-22 22:11:11,59162977083,福元,哈哈哈,[等级15],[粉丝团 Lv7]
2026-05-22 22:11:11,106500162281,🌈剎那永恒丶寒风,啥也不是[看],[等级27],[粉丝团 Lv11]
2026-05-22 22:11:11,7549456355062170681,还没想好~,[捂脸][捂脸][捂脸][捂脸][捂脸],,
2026-05-22 22:11:11,91672910699,草履虫,[捂脸][捂脸],[等级15],
2026-05-22 22:11:12,1948794942401459,卷毛狒狒,好死,[等级4],
2026-05-22 22:11:12,588940244944333,哟哟哟,早知道带着二号了[捂脸],[等级22],[粉丝团 Lv7]
2026-05-22 22:11:12,110225456234,后会无期,哈哈哈,[等级20],[粉丝团 Lv4]
2026-05-22 22:11:13,60455165646,铁甲小宝丶,紫色车看不到吗,[等级20],
2026-05-22 22:11:13,2824008837643668,Hom,在下城的时候有8倍，你又不带,,
2026-05-22 22:11:13,98247062246,ཉ小懒猫ཉ,还好你没开麦[捂脸],[等级6],[粉丝团 Lv6]
2026-05-22 22:11:14,2009542393864356,铭朗建筑小周,[呲牙][呲牙][呲牙],[等级34],[粉丝团 Lv10]
2026-05-22 22:11:14,7549456355062170681,还没想好~,[捂脸][捂脸][捂脸][捂脸][捂脸][捂脸],,
2026-05-22 22:11:14,60445402152,李  .🕊️,该,[等级2],
2026-05-22 22:11:14,93171998731,a屁桃,[捂脸][捂脸][捂脸],[等级15],[粉丝团 Lv11]
2026-05-22 22:11:14,1925968217518568,茅台,[捂脸][捂脸][捂脸],[等级30],[粉丝团 Lv7]
2026-05-22 22:11:14,106608873853,随风而遇,哈哈哈,[等级28],[粉丝团 Lv13]
2026-05-22 22:11:14,2804199971364512,春风不语,怪局哥,[等级19],[粉丝团 Lv9]
2026-05-22 22:11:14,76133959662,斯文丨孫,刚才八倍不拿[捂脸],[等级14],[粉丝团 Lv9]
2026-05-22 22:11:15,74900112939,老牛74900112939,[捂脸][捂脸][捂脸],[等级10],
2026-05-22 22:11:16,7549456355062170681,还没想好~,[捂脸][捂脸][捂脸][捂脸],,
2026-05-22 22:11:16,3843541681840615,Locke,他的锅,[等级27],[粉丝团 Lv3]
2026-05-22 22:11:16,1261848801839245,曾经最美,猜到了，你要去拿倍镜[捂脸][捂脸][捂脸],[等级28],
2026-05-22 22:11:16,108019675664,献世,贪吃,[等级14],
2026-05-22 22:11:18,102334226470,始兴野狼户外（刘帮主）,狗分狗不了半点,[等级13],[粉丝团 Lv8]
2026-05-22 22:11:18,3432052796172665,浩子爹,一下就心动了,[等级1],[粉丝团 Lv1]
2026-05-22 22:11:18,97014636164,七喜,行,[等级20],[粉丝团 Lv3]
2026-05-22 22:11:18,53049197738,Lz 🫧,被辅警打了,[等级5],[粉丝团 Lv2]
2026-05-22 22:11:18,1456169111790891,隔壁老王,没开麦,[等级16],[粉丝团 Lv7]
2026-05-22 22:11:18,110405122010189,KeviN,[流泪][流泪][流泪],[等级4],
2026-05-22 22:11:19,108061796612,浮生か醉清风古,还要不要贪吃了,[等级14],[粉丝团 Lv7]
2026-05-22 22:11:19,2066675337277655,行者也,这样更好点,[等级16],
2026-05-22 22:11:20,94511118465,及时止损,那里刚才就在打架,[等级2],
2026-05-22 22:11:20,99049143910,杨🐏,跑了半天还不是死了,[等级16],[粉丝团 Lv7]
2026-05-22 22:11:21,54421526629,🌈猫,可拉倒吧,[等级26],[粉丝团 Lv11]
2026-05-22 22:11:21,1618952192527575,啊对对对🙄,哈哈哈哈,[等级12],[粉丝团 Lv1]
2026-05-22 22:11:21,59162977083,福元,哈哈哈,[等级15],[粉丝团 Lv7]
2026-05-22 22:11:22,71097476278,﹏durex、,瞎打,[等级15],[粉丝团 Lv10]
2026-05-22 22:11:22,81923643945,不知道,嗯,[等级21],
2026-05-22 22:11:24,104915596694,小雨点💧,怪我咯,[等级18],[粉丝团 Lv5]
2026-05-22 22:11:24,88123334248,辛探,开麦,[等级6],[粉丝团 Lv3]
2026-05-22 22:11:25,98127314878,艾瑞巴蒂跟我一起嗨,是的是滴[捂脸],[等级25],[粉丝团 Lv11]
2026-05-22 22:11:25,246758888446382,大猪蹄子🐷,白子说话,[等级16],
2026-05-22 22:11:25,2792375375108893,旗7756,哈哈,[等级9],[粉丝团 Lv2]
2026-05-22 22:11:26,3544473905937592,全有,我来的迟，不知道怎么死的[捂脸]要求重看[捂脸][捂脸],[等级25],[粉丝团 Lv6]
2026-05-22 22:11:26,3954312606928571,...irty～～,那里不是自己说有车吗,[等级12],
2026-05-22 22:11:26,52391337420,老黄瓜🥒,凡尔赛，[微笑],[等级15],[粉丝团 Lv7]
2026-05-22 22:11:27,3012311356015880,像风一样的人,呸。,[等级21],[粉丝团 Lv7]
2026-05-22 22:11:27,4312733019815760,雾里寻花,听你狡辩,[等级13],[粉丝团 Lv11]
2026-05-22 22:11:30,87872643486,村口的过客,你都说有车了,[等级21],[粉丝团 Lv11]
2026-05-22 22:11:32,3843541681840615,Locke,让局哥下单枸杞原浆,[等级27],[粉丝团 Lv3]
2026-05-22 22:11:34,99240303123,🔥影儿🔥,拉不出屎赖茅房,[等级16],[粉丝团 Lv10]
2026-05-22 22:11:35,2716230011075964,仧乆,你自己都说了那里有个车，你还往那里跑，绕一下,[等级5],
2026-05-22 22:11:35,62509342151,斯文·孙,就知道你要拿倍镜[捂脸],[等级9],
2026-05-22 22:11:37,104432719593,赞美愚者,啧啧啧，你抛弃局哥的时候可没有一点犹豫，哈哈哈,[等级34],[粉丝团 Lv2]
2026-05-22 22:11:39,60412351928,AA往事随风,其实都是靠毛局,[等级7],
2026-05-22 22:11:41,73750852087,单眼皮不emo,猫局在观战等你[呲牙],[等级4],[粉丝团 Lv2]
2026-05-22 22:11:43,2321766965317213,Yoki,G上城我记得有八倍我以为你捡到了,[等级9],
2026-05-22 22:11:43,98247062246,ཉ小懒猫ཉ,队友想，让你跑了不跟我们玩,[等级6],[粉丝团 Lv6]
2026-05-22 22:11:44,2458113921785323,F·Sep.¹¹Virgo ♍︎,局哥的锅，他洗脚没洗干净,[等级12],[粉丝团 Lv10]
2026-05-22 22:11:44,2557938630138812,土狗钙中钙,赛季最后一天，我给大家送个头,[等级14],
2026-05-22 22:11:45,109391294858,独行客,对不起啊,[等级11],[粉丝团 Lv9]
2026-05-22 22:11:45,2322637781999111,用户8670873791962,痰螂捕蝉黄雀在后呀,[等级13],
2026-05-22 22:11:47,100366055188,纵横天下,还得是猫局,[等级4],[粉丝团 Lv2]
2026-05-22 22:11:49,94511118465,及时止损,舔空头时那里就在打架,[等级2],
2026-05-22 22:11:49,2947113709475708,@邝  爺,不谈，吓的尿不湿又尿湿了[捂脸][捂脸][捂脸],[等级22],
2026-05-22 22:11:50,646161190361448,暗影狂花,388的枪怎么牛的吗,[等级22],[粉丝团 Lv7]
2026-05-22 22:11:55,110255441985,MC,活该,[等级32],
2026-05-22 22:11:59,63073658111,SriLanka,猫哥[看],[等级2],
2026-05-22 22:12:02,100588585546,哈哈,老黑,[等级28],[粉丝团 Lv1]
2026-05-22 22:12:02,4503658257446344,🥐cornetto,这把再倒  老黑就急眼了,[等级41],[粉丝团 Lv7]
2026-05-22 22:12:03,93242694248,꧁☬✨余生有你✨☬꧂,局哥背锅[捂脸][捂脸][捂脸][捂脸][捂脸][捂脸][捂脸][捂脸][捂脸][捂脸][捂脸][捂脸],[等级26],[粉丝团 Lv10]
2026-05-22 22:12:05,85166884780,💫ꦿ启ꦿᮨ້໌້໌ᮨᩚ程໑ຼₒ໑ຼ₆࿐,[鼓掌][鼓掌][鼓掌],[等级13],[粉丝团 Lv5]
2026-05-22 22:12:06,73217211846,拜闹,哈喽哈喽有卖吗队友  我们一起打吗,[等级13],
2026-05-22 22:12:06,1974340614892663,歌声飘过三十年,这是局哥在说话,,
2026-05-22 22:12:06,110653651019,吥惪,进来就死了，张老黑钓鱼去不[捂脸],[等级24],
2026-05-22 22:12:08,104432719593,赞美愚者,@暗影狂花 伤害高啊,[等级34],[粉丝团 Lv2]
2026-05-22 22:12:08,85166884780,💫ꦿ启ꦿᮨ້໌້໌ᮨᩚ程໑ຼₒ໑ຼ₆࿐,[调皮],[等级13],[粉丝团 Lv5]
2026-05-22 22:12:11,100436213197,你的张同学,煮过的开场白,[等级9],[粉丝团 Lv6]
2026-05-22 22:12:14,85166884780,💫ꦿ启ꦿᮨ້໌້໌ᮨᩚ程໑ຼₒ໑ຼ₆࿐,[互粉],[等级13],[粉丝团 Lv5]
2026-05-22 22:12:16,109391294858,独行客,我是79年的大叔,[等级11],[粉丝团 Lv9]
2026-05-22 22:12:17,85166884780,💫ꦿ启ꦿᮨ້໌້໌ᮨᩚ程໑ຼₒ໑ຼ₆࿐,[666],[等级13],[粉丝团 Lv5]
2026-05-22 22:12:17,55159220102,BWRZ（记录美好）,笑死[看],[等级36],[粉丝团 Lv16]
2026-05-22 22:12:18,104268046317,奔跑的伟锅,阿姨好？还是以好？,[等级15],[粉丝团 Lv7]
2026-05-22 22:12:19,108104733091,༄释༊࿆怀࿐,主播只能靠着别人才能吃鸡  懂得都懂,[等级1],
2026-05-22 22:12:20,85166884780,💫ꦿ启ꦿᮨ້໌້໌ᮨᩚ程໑ຼₒ໑ຼ₆࿐,[呲牙],[等级13],[粉丝团 Lv5]
2026-05-22 22:12:24,85166884780,💫ꦿ启ꦿᮨ້໌້໌ᮨᩚ程໑ຼₒ໑ຼ₆࿐,[色],[等级13],[粉丝团 Lv5]
2026-05-22 22:12:25,2321766965317213,Yoki,G上城有八倍你既然没捡到,[等级9],
2026-05-22 22:12:25,707725036361932,斌哥,敌战区，还骑着高大威猛的白马在街上溜达[捂脸][捂脸][捂脸][捂脸][捂脸],[等级16],
2026-05-22 22:12:26,4194001283195769,暴露出来了吗,又一天白打,,
2026-05-22 22:12:27,85166884780,💫ꦿ启ꦿᮨ້໌້໌ᮨᩚ程໑ຼₒ໑ຼ₆࿐,[发呆],[等级13],[粉丝团 Lv5]
2026-05-22 22:12:27,588940244944333,哟哟哟,[捂脸][捂脸]最后一天了还冲[捂脸],[等级22],[粉丝团 Lv7]
2026-05-22 22:12:32,200580296878250,ο▬▬▬◙▅▅▆▆▆▆◤千,猫局真能吹牛逼,[等级7],[粉丝团 Lv10]
2026-05-22 22:12:41,51936111616,木木阿,9000-8980=20,[等级27],[粉丝团 Lv10]
2026-05-22 22:12:42,94149558415,crave,明天更新？,[等级21],[粉丝团 Lv11]
2026-05-22 22:12:45,100228336934,忍住不想说,队伍里有个番茄,[等级29],
2026-05-22 22:12:46,75054055100,MR♀,什么时候更新赛季,[等级27],
2026-05-22 22:12:49,97014636164,七喜,局哥这么厉害吗,[等级20],[粉丝团 Lv3]
2026-05-22 22:12:50,98947573929,周sir,@奔跑的伟锅 人家说的是哈喽啊1号,[等级21],[粉丝团 Lv10]
2026-05-22 22:12:51,73347898863,琼6270,一个赛季8个礼拜，两个月不到,[等级8],[粉丝团 Lv9]
2026-05-22 22:12:54,51936111616,木木阿,局哥吹牛,[等级27],[粉丝团 Lv10]
2026-05-22 22:12:55,55159220102,BWRZ（记录美好）,体育老师教的[看],[等级36],[粉丝团 Lv16]
2026-05-22 22:13:00,2804199971364512,春风不语,@ο▬▬▬◙▅▅▆▆▆▆◤千 他又没说是他[捂脸],[等级19],[粉丝团 Lv9]
2026-05-22 22:13:01,109391294858,独行客,我儿子也玩和平精英,[等级11],[粉丝团 Lv9]
2026-05-22 22:13:04,57569980487,Cindy妙妙花儿,举报深情没上班[看],[等级10],[粉丝团 Lv9]
2026-05-22 22:13:04,22412045763,迪迪小铺,9000淘汰分，是杀9000个人吗,[等级22],[粉丝团 Lv3]
2026-05-22 22:13:09,803117198484313,王德发,多少KD,[等级5],[粉丝团 Lv4]
2026-05-22 22:13:10,99549870598,顾北💤,保护3号位洋柿子,[等级31],[粉丝团 Lv13]
2026-05-22 22:13:12,63416229807,风沙迷了眼⁵¹⁰⁷⁴,@༄释༊࿆怀࿐ 老年人就回家奶孩子去,[等级21],[粉丝团 Lv15]
2026-05-22 22:13:17,247862868838872,林曦,含铝膨松剂（如 明矾）：,[等级5],[粉丝团 Lv3]
2026-05-22 22:13:18,1996363921883918,超幸运,我是88年的大叔。[灵机一动][灵机一动][灵机一动][灵机一动],[等级14],
2026-05-22 22:13:18,141170281560030,Wei万利先森,不应该叫猫哥吗,[等级14],[粉丝团 Lv10]
2026-05-22 22:13:22,73761674954,羙伢mmゝに,@迪迪小铺 对的对的,[等级16],[粉丝团 Lv13]
2026-05-22 22:13:23,1978736643939053,將劲夫,雅马哈,[等级20],
2026-05-22 22:13:25,2804199971364512,春风不语,@迪迪小铺 不是哦,[等级19],[粉丝团 Lv9]
2026-05-22 22:13:29,50316196128,懒大王i,你们卡么,[等级14],[粉丝团 Lv4]
2026-05-22 22:13:32,3617832573885482,、 •半世so倾城，号,来雅，亲一下,[等级9],
2026-05-22 22:13:32,2069731754390944,yx,@༄释༊࿆怀࿐ 独狼吃鸡的时候又装死,[等级15],[粉丝团 Lv12]
2026-05-22 22:13:36,88745690242,iiii,？？？？,[等级11],
2026-05-22 22:13:37,2419370855769710,随便逛逛,看到了，四个人机,[等级17],[粉丝团 Lv7]
2026-05-22 22:13:41,3456486795655134,益力多,好卡,[等级31],
2026-05-22 22:13:43,109391294858,独行客,我4个孩子,[等级11],[粉丝团 Lv9]
2026-05-22 22:13:44,77416951506,ら孤痞,@༄释༊࿆怀࿐ 她独狼吃鸡那么多把你在哪[看],[等级37],[粉丝团 Lv17]
2026-05-22 22:13:59,55159220102,BWRZ（记录美好）,哇[捂脸],[等级36],[粉丝团 Lv16]
2026-05-22 22:14:00,53136197759,𝗦·𝗝𝘂𝗻¹²𝗟𝗲𝗼𖠚ᐝ,[666][666][666][666][666],[等级28],[粉丝团 Lv15]
2026-05-22 22:14:01,588940244944333,哟哟哟,[捂脸][捂脸],[等级22],[粉丝团 Lv7]
2026-05-22 22:14:02,55159220102,BWRZ（记录美好）,哇[捂脸]哇[捂脸],[等级36],[粉丝团 Lv16]
2026-05-22 22:14:07,470219582866307,忻安,[捂脸],[等级17],[粉丝团 Lv15]
2026-05-22 22:14:09,55159220102,BWRZ（记录美好）,干嘛呀[捂脸],[等级36],[粉丝团 Lv16]
2026-05-22 22:14:09,97330506687,有缘路人,[捂脸][捂脸][捂脸][捂脸][捂脸],[等级28],[粉丝团 Lv11]
2026-05-22 22:14:11,103811404276,💎Sooyaxxx21.💎,一队人机,[等级9],[粉丝团 Lv11]
2026-05-22 22:14:11,93014642999,🌈南山楠,人机队[捂脸],[等级12],[粉丝团 Lv10]
2026-05-22 22:14:14,4001819313841768,Ah,一队人机,[等级16],[粉丝团 Lv4]
2026-05-22 22:14:15,7443467011387458618,骨阿夫特嫩,[捂脸][捂脸][捂脸],[等级31],
2026-05-22 22:14:16,6472167828,顺城,打靶,[等级22],[粉丝团 Lv15]
2026-05-22 22:14:25,3007887377440280,@烟雨听江南,怎么这么卡,[等级15],
2026-05-22 22:14:26,3210170638022740,涵涵阿～,舔包,[等级6],[粉丝团 Lv2]
2026-05-22 22:14:36,95886204966,聆听这一世的风,换枪吧,[等级17],[粉丝团 Lv13]
2026-05-22 22:14:36,1376222085652807,开心就好😄,飞机,[等级3],[粉丝团 Lv5]
2026-05-22 22:14:41,97014636164,七喜,哈哈哈哈,[等级20],[粉丝团 Lv3]
2026-05-22 22:14:43,93032203992,秀儿⁵¹⁰⁷⁴,[捂脸][捂脸][捂脸][捂脸],[等级19],[粉丝团 Lv12]
2026-05-22 22:14:43,63416229807,风沙迷了眼⁵¹⁰⁷⁴,[666][666][666][666][666][666],[等级21],[粉丝团 Lv15]
2026-05-22 22:14:44,61539671980,‍ Cʜᴇɴ·雪,牛,[等级20],[粉丝团 Lv3]
2026-05-22 22:14:44,97911487501,🩴 🌈路晖,[捂脸][捂脸][捂脸],[等级32],[粉丝团 Lv13]
2026-05-22 22:14:44,92829047329,南丰,[捂脸],[等级30],[粉丝团 Lv11]
2026-05-22 22:14:44,53136197759,𝗦·𝗝𝘂𝗻¹²𝗟𝗲𝗼𖠚ᐝ,身法哥[捂脸][捂脸][捂脸],[等级28],[粉丝团 Lv15]
2026-05-22 22:14:44,55159220102,BWRZ（记录美好）,哇[捂脸],[等级36],[粉丝团 Lv16]
2026-05-22 22:14:44,70644249078,设计橙,牛逼,[等级37],[粉丝团 Lv16]
2026-05-22 22:14:45,1925946394542558,bond,牛逼,[等级20],
2026-05-22 22:14:46,2909758225660395,Sparks,牛,[等级1],
2026-05-22 22:14:46,2069731754390944,yx,牛逼,[等级15],[粉丝团 Lv12]
2026-05-22 22:14:46,87080804876,麋鹿,笑死了,[等级19],
2026-05-22 22:14:46,91672910699,草履虫,[捂脸][捂脸][捂脸],[等级15],
2026-05-22 22:14:46,811854763132375,以后的以后,[捂脸][捂脸][捂脸],,
2026-05-22 22:14:46,1618952192527575,啊对对对🙄,牛[比心],[等级12],[粉丝团 Lv1]
2026-05-22 22:14:47,100250134080,凯,一喷二，牛逼[赞],[等级19],[粉丝团 Lv15]
2026-05-22 22:14:47,2731604610385293,微Ψ🪴,？,[等级16],
2026-05-22 22:14:47,68128483419,秋霜,[捂脸][捂脸][捂脸],[等级33],[粉丝团 Lv12]
2026-05-22 22:14:48,109600067848,沉默,666666,[等级26],[粉丝团 Lv6]
2026-05-22 22:14:48,111007266356,🔱守望w,[捂脸][捂脸][捂脸],[等级29],[粉丝团 Lv15]
2026-05-22 22:14:48,92461848227,煜,[捂脸][捂脸][捂脸],[等级13],[粉丝团 Lv12]
2026-05-22 22:14:48,97330506687,有缘路人,[捂脸][捂脸][捂脸][捂脸],[等级28],[粉丝团 Lv11]
2026-05-22 22:14:48,102088770330,y知足者常乐,[捂脸][捂脸][捂脸],[等级20],[粉丝团 Lv8]
2026-05-22 22:14:50,83785392859,安静当大树 。,666,[等级10],[粉丝团 Lv5]
2026-05-22 22:14:50,1179143661950750,再也不熬夜了了,笑死我了,[等级14],[粉丝团 Lv10]
2026-05-22 22:14:50,70644249078,设计橙,[捂脸][捂脸][捂脸][捂脸][捂脸],[等级37],[粉丝团 Lv16]
2026-05-22 22:14:50,99240303123,🔥影儿🔥,牛逼[赞],[等级16],[粉丝团 Lv10]
2026-05-22 22:14:50,58538323106,天  道  酬  勤,牛逼,[等级16],
2026-05-22 22:14:51,93032203992,秀儿⁵¹⁰⁷⁴,姜子牙牛逼,[等级19],[粉丝团 Lv12]
2026-05-22 22:14:52,99542162139,lulu,[捂脸][捂脸][捂脸],[等级8],
2026-05-22 22:14:52,94427995621,飞屋环游,牛牛,[等级5],[粉丝团 Lv3]
2026-05-22 22:14:52,1491359779276655,码头薯条🍟,666,[等级9],
2026-05-22 22:14:52,58786796672,超凡海外游,牛逼,[等级23],
2026-05-22 22:14:52,1904776870640647,陆辰,笑死[呲牙],[等级9],[粉丝团 Lv1]
2026-05-22 22:14:53,60740765299,amo_Ursinho,6666,[等级19],[粉丝团 Lv13]
2026-05-22 22:14:53,109813811597,🌈🦁葵🐱,哈哈哈哈哈哈,[等级24],
2026-05-22 22:14:54,394043889030980,无所✔畏惧,牛逼,[等级8],
2026-05-22 22:14:54,1957584062385011,AA、💋,牛逼,[等级9],[粉丝团 Lv10]
2026-05-22 22:14:54,92724691349,^初一,6,[等级6],[粉丝团 Lv6]
2026-05-22 22:14:55,68033173728,Johnny✨⁵¹⁰⁷⁴,[捂脸][捂脸][捂脸],[等级31],[粉丝团 Lv16]
2026-05-22 22:14:56,1024396019894413,冲动是魔鬼,[捂脸][捂脸][捂脸][捂脸][捂脸][捂脸],[等级18],[粉丝团 Lv14]
2026-05-22 22:14:56,72526916942,黑白镶嵌的格调,牛🐮🐮🐮🐮,[等级15],[粉丝团 Lv11]
2026-05-22 22:14:56,102292532517,哥不帅,哈哈哈,[等级2],[粉丝团 Lv6]
2026-05-22 22:14:56,3606873558496464,是月亮呀,太有节目了,[等级12],[粉丝团 Lv8]
2026-05-22 22:14:57,3722285933933771,群众里面有坏人,[666][666],[等级4],[粉丝团 Lv8]
2026-05-22 22:14:58,94153612842,拓海,无人机啊,[等级33],
2026-05-22 22:14:58,67847211974,唯一🌹,[666],[等级19],[粉丝团 Lv15]
2026-05-22 22:14:58,104431732837,来自星星的小猪,66666666666666666666666666666666666666666666666666,[等级24],
2026-05-22 22:14:58,88123334248,辛探,无人机,[等级6],[粉丝团 Lv3]
2026-05-22 22:14:59,2929549056676205,✨七灬夜✨,[666][666],[等级11],[粉丝团 Lv4]
2026-05-22 22:14:59,3606873558496464,是月亮呀,哈哈哈哈,[等级12],[粉丝团 Lv8]
2026-05-22 22:15:00,1572742176706016,落,[发呆],[等级5],[粉丝团 Lv2]
2026-05-22 22:15:00,2040294795387166,ο▬▬▬▬▬▬◙▅▅▅▆▆▆▆▆▆▇▇◤,[捂脸]66,[等级1],
2026-05-22 22:15:01,2546077208152651,我昰一怾鱼,落地捡五个头[捂脸],[等级28],[粉丝团 Lv4]
2026-05-22 22:15:02,103603514886,💞 爱雨💎 27💗 🎬,这移动身法哥[捂脸],[等级16],[粉丝团 Lv15]
2026-05-22 22:15:02,72526916942,黑白镶嵌的格调,[害羞][比心][害羞][比心][害羞][比心],[等级15],[粉丝团 Lv11]
2026-05-22 22:15:02,2916326503629885,用户8869052474629,太牛了[赞],[等级16],
2026-05-22 22:15:02,3307759951424312,红豆粥,[捂脸][捂脸],[等级15],[粉丝团 Lv5]
2026-05-22 22:15:02,1455350881721268,弋🍓🍓,身法雅[看][看][看][看],[等级13],[粉丝团 Lv12]
2026-05-22 22:15:03,102054455521,凉薄,牛逼,[等级9],[粉丝团 Lv10]
2026-05-22 22:15:04,394043889030980,无所✔畏惧,纯技术啊,[等级8],
2026-05-22 22:15:06,588940244944333,哟哟哟,[捂脸][捂脸][捂脸]这一对打人机全陨落了,[等级22],[粉丝团 Lv7]
2026-05-22 22:15:06,2043347923383228,余溺$,牛逼[比心],[等级6],[粉丝团 Lv4]
2026-05-22 22:15:06,68278570215,🌟锦霄🌟,牛逼,[等级19],[粉丝团 Lv14]
2026-05-22 22:15:07,91672910699,草履虫,这么远还能喷死人[捂脸][捂脸][捂脸],[等级15],
2026-05-22 22:15:08,21772518583,路亚周周⁸⁰⁰⁸,[666][666][666][666][666],[等级29],[粉丝团 Lv12]
2026-05-22 22:15:08,78929305769,～君莫笑～,牛逼,[等级24],[粉丝团 Lv10]
2026-05-22 22:15:08,985639202589156,半个朋友,好挂,[等级16],
2026-05-22 22:15:09,2518311782845768,ꦿ໊浮生ꦵ若梦དྷ༗࿐,不舔包？,[等级9],[粉丝团 Lv10]
2026-05-22 22:15:09,87900359390,一个怡,厉害,[等级10],[粉丝团 Lv5]
2026-05-22 22:15:09,3843541681840615,Locke,666悍妇,[等级27],[粉丝团 Lv3]
2026-05-22 22:15:10,4200576286202567,睡到自然醒,6,[等级11],
2026-05-22 22:15:10,7571745879104406565,𝑨꯭𝑰꯭𝒐꯭𝒏꯭𝒆꯭。,枪神5,[等级2],
2026-05-22 22:15:11,62134625734,遇,我说咋这么激动,[等级13],[粉丝团 Lv5]
2026-05-22 22:15:11,826425753210750,小吴,牛皮啊,[等级6],[粉丝团 Lv4]
2026-05-22 22:15:11,22152602570,woloveguojia,这么猛[捂脸],[等级3],
2026-05-22 22:15:11,88787629778,舍得,我掏他猴子,[等级13],[粉丝团 Lv7]
2026-05-22 22:15:13,108825768878,南山居士,学到了吗,[等级1],
2026-05-22 22:15:15,105208682767,宛,富贵险中求啊[捂脸],[等级12],[粉丝团 Lv6]
2026-05-22 22:15:16,99240303123,🔥影儿🔥,这漏捡的,[等级16],[粉丝团 Lv10]
2026-05-22 22:15:17,7471122850271872058,沧浪客,落地五个头,[等级9],
2026-05-22 22:15:17,2804199971364512,春风不语,素材不是又有了吗,[等级19],[粉丝团 Lv9]
2026-05-22 22:15:17,58538323106,天  道  酬  勤,把牛逼打在公屏上,[等级16],
2026-05-22 22:15:17,93203450467,优质顾,六,[等级16],[粉丝团 Lv10]
2026-05-22 22:15:21,87080804876,麋鹿,身法哥遇到菜刀了,[等级19],
2026-05-22 22:15:23,470219582866307,忻安,主播拳补人[看],[等级17],[粉丝团 Lv15]
2026-05-22 22:15:25,91672910699,草履虫,[捂脸][捂脸][捂脸],[等级15],
2026-05-22 22:15:26,2268987258316107,竿头日上,不是还有一匹马吗？,[等级7],
2026-05-22 22:15:26,4200576286202567,睡到自然醒,咋这么多人机,[等级11],
2026-05-22 22:15:28,1073571364347358,粗磨星星,闪喷 太帅了,[等级17],
2026-05-22 22:15:29,73785002505,👉9987👈🐾,6个头了[捂脸][捂脸][捂脸],[等级30],[粉丝团 Lv13]
2026-05-22 22:15:29,87900359390,一个怡,幸福来了,[等级10],[粉丝团 Lv5]
2026-05-22 22:15:30,1456169111790891,隔壁老王,真开心,[等级16],[粉丝团 Lv7]
2026-05-22 22:15:30,103811404276,💎Sooyaxxx21.💎,埋汰王[捂脸],[等级9],[粉丝团 Lv11]
2026-05-22 22:15:31,2129109692727048,8023,[捂脸][捂脸][捂脸][捂脸],[等级17],[粉丝团 Lv10]
2026-05-22 22:15:34,102131139676,@行云流水——,有点东西，,[等级15],
2026-05-22 22:15:36,2810776444220189,dhkslal,拳补上了[看][看]小心举报你[看],[等级30],[粉丝团 Lv1]
2026-05-22 22:15:37,82711215178,喂妮锁心,[尬笑][尬笑][尬笑],[等级3],[粉丝团 Lv6]
2026-05-22 22:15:37,100228336934,忍住不想说,最水淘汰王,[等级29],
2026-05-22 22:15:39,97014636164,七喜,哈哈哈哈好开心,[等级20],[粉丝团 Lv3]
2026-05-22 22:15:39,66444125548227,￴ ￴,@忻安 眼下吗,[等级17],[粉丝团 Lv2]
2026-05-22 22:15:39,2920724108946030,如煙✨HELLO～⁵¹⁰⁷⁴,[666][666][666],[等级37],[粉丝团 Lv16]
2026-05-22 22:15:42,3316583541518749,用户8851799475283,还有这么干拉的[捂脸][捂脸],,
2026-05-22 22:15:43,377857505244044,P,开局两分钟六杀,[等级28],
2026-05-22 22:15:44,109391294858,独行客,下手太快了,[等级11],[粉丝团 Lv9]
2026-05-22 22:15:49,60944842505,summer夏天,锚具一来你就是我大爷,[等级6],[粉丝团 Lv5]
2026-05-22 22:15:50,2557938630138812,土狗钙中钙,赛季最后一天，我是淘汰王之给大家送个头助助兴[看],[等级14],
2026-05-22 22:15:54,82711215178,喂妮锁心,得吃得吃，幸福来的好突然[尬笑][尬笑][尬笑],[等级3],[粉丝团 Lv6]
2026-05-22 22:16:04,94511118465,及时止损,手法太快,[等级2],
2026-05-22 22:16:04,1456169111790891,隔壁老王,那是你打过了，打不过你就是那个贪心的人[捂脸],[等级16],[粉丝团 Lv7]
2026-05-22 22:16:13,95348884574,洋,猴,[等级23],[粉丝团 Lv6]
2026-05-22 22:16:17,98443382745,🍓希希💋,[抠鼻][抠鼻]三号要嘎,[等级27],[粉丝团 Lv13]
2026-05-22 22:16:36,53136197759,𝗦·𝗝𝘂𝗻¹²𝗟𝗲𝗼𖠚ᐝ,这一队没想到有人拉过来这么快[捂脸],[等级28],[粉丝团 Lv15]
2026-05-22 22:17:03,3843541681840615,Locke,猫命,[等级27],[粉丝团 Lv3]
2026-05-22 22:17:05,111538159029,周不语,猫有九条命,[等级42],[粉丝团 Lv15]
2026-05-22 22:17:10,4433688919815223,玖绊,什么狗命，明明是猫命[看],[等级29],[粉丝团 Lv13]
2026-05-22 22:17:22,4446023623128787,王多余先生,死以飞命,[等级6],
2026-05-22 22:17:24,2575483865934928,幽灵,希希[呲牙],[等级19],[粉丝团 Lv10]
2026-05-22 22:17:32,87900359390,一个怡,哈哈哈哈,[等级10],[粉丝团 Lv5]
2026-05-22 22:17:37,102467887122,灯塔的绿光,爽到了,[等级9],
2026-05-22 22:17:43,1543327338990916,桐心薇泯,给喷子磕一个,[等级3],
2026-05-22 22:17:44,707711956162747,🦋꧔ꦿ᭄阿忠 ❧⁵²⁰,1080,[等级29],[粉丝团 Lv4]
2026-05-22 22:17:44,750339441822323,王哥……,明天要冲战神吗,[等级3],
2026-05-22 22:17:45,101289462336,广西妹💞,你真的牛[捂脸][捂脸][捂脸],[等级24],[粉丝团 Lv9]
2026-05-22 22:17:47,588940244944333,哟哟哟,口很急[捂脸],[等级22],[粉丝团 Lv7]
2026-05-22 22:17:49,2810776444220189,dhkslal,@幽灵 她是主播吗,[等级30],[粉丝团 Lv1]
2026-05-22 22:17:50,2916326503629885,用户8869052474629,落地8杀,[等级16],
2026-05-22 22:17:53,2129109692727048,8023,这下开心了,[等级17],[粉丝团 Lv10]
2026-05-22 22:17:53,2419370855769710,随便逛逛,都想抢人机队,[等级17],[粉丝团 Lv7]
2026-05-22 22:17:55,77933247536,LONG,队友可能说，他就一把喷子,[等级10],
2026-05-22 22:17:57,100458781671,向前，，走,年轻人，，火气旺,[等级19],
2026-05-22 22:18:01,2234682707544967,神秘人二阶,又要忽悠队友的无人机,[等级25],[粉丝团:张君雅 Lv15]
2026-05-22 22:18:02,2557938630138812,土狗钙中钙,三号社恐,[等级14],
2026-05-22 22:18:09,1112337694601742,突突啊😈,被你帅到了 话都不好意思说[捂脸],[等级32],
2026-05-22 22:18:11,2575483865934928,幽灵,@dhkslal 不是[捂脸],[等级19],[粉丝团 Lv10]
2026-05-22 22:18:14,108332748130,相遇微时,穿木伊奶的都不是好人[捂脸][捂脸][捂脸],[等级16],
2026-05-22 22:18:14,63441014318,平哥,独狼,[等级6],
2026-05-22 22:18:15,3249749303755540,潮男追剧,除了挂还是挂,,
2026-05-22 22:18:16,97727486162,情字该如何追问,你们的人机？,[等级39],[粉丝团 Lv10]
2026-05-22 22:18:18,2069731754390944,yx,对面可能说就一把喷子哈哈哈哈,[等级15],[粉丝团 Lv12]
2026-05-22 22:18:20,75293978048,洋洋得亿🎐,@神秘人二阶 你是哪个？好神秘,[等级23],[粉丝团 Lv13]
2026-05-22 22:18:21,72179010645,✨三十六,哈哈,[等级25],[粉丝团 Lv10]
2026-05-22 22:18:33,3795156287621927,拾欢,[捂脸][捂脸][捂脸],[等级15],[粉丝团 Lv13]
2026-05-22 22:18:34,92461848227,煜,[捂脸][捂脸],[等级13],[粉丝团 Lv12]
2026-05-22 22:18:36,53136197759,𝗦·𝗝𝘂𝗻¹²𝗟𝗲𝗼𖠚ᐝ,[捂脸][捂脸][捂脸][捂脸],[等级28],[粉丝团 Lv15]
2026-05-22 22:18:37,80383016930,零度°C 冰川⁵¹⁰⁷⁴,[捂脸][捂脸][捂脸],[等级11],[粉丝团 Lv11]
2026-05-22 22:18:39,109391294858,独行客,我看了好几年了，,[等级11],[粉丝团 Lv9]
2026-05-22 22:18:39,4200576286202567,睡到自然醒,咋这么多人机,[等级11],
2026-05-22 22:18:39,7521394261465859130,🌾🌾🌾炒菜不用郭先生🍎🍊🍉🍌,[捂脸][捂脸][捂脸],[等级3],[粉丝团 Lv6]
2026-05-22 22:18:40,1618952192527575,啊对对对🙄,哈哈哈哈哈[捂脸],[等级12],[粉丝团 Lv1]
2026-05-22 22:18:41,1456169111790891,隔壁老王,哈哈哈哈哈,[等级16],[粉丝团 Lv7]
2026-05-22 22:18:41,4218147940337566,生命因你而火热,[捂脸][捂脸][捂脸],[等级18],[粉丝团 Lv9]
2026-05-22 22:18:42,1112337694601742,突突啊😈,[捂脸][捂脸][捂脸][捂脸][捂脸],[等级32],
2026-05-22 22:18:42,97303748461,无需解析,是我卡了吗？,[等级28],[粉丝团 Lv12]
2026-05-22 22:18:46,80383016930,零度°C 冰川⁵¹⁰⁷⁴,[捂脸][捂脸][捂脸],[等级11],[粉丝团 Lv11]
2026-05-22 22:18:50,54955605104,抠鼻屎的牛,1080,[等级21],[粉丝团 Lv8]
2026-05-22 22:18:52,4200576286202567,睡到自然醒,？,[等级11],
2026-05-22 22:18:52,82118318153,强哥,跑的整块,[等级13],[粉丝团 Lv4]
2026-05-22 22:18:53,77416951506,ら孤痞,@洋洋得亿🎐 扑,[等级37],[粉丝团 Lv17]
2026-05-22 22:18:53,67731380745,🐝,好卡,[等级22],
2026-05-22 22:18:59,985639202589156,半个朋友,怎么都是人机,[等级16],
2026-05-22 22:19:00,97315012559,CC坦然,卡,[等级33],[粉丝团 Lv6]
2026-05-22 22:19:01,68278570215,🌟锦霄🌟,认出来了,[等级19],[粉丝团 Lv14]
2026-05-22 22:19:02,79872083261,@丢了幸福的🐷,粉丝,[等级15],[粉丝团 Lv9]
2026-05-22 22:19:05,3913913666903720,太阳☀,@洋洋得亿🎐 肯定不能告诉你是谁了，不然白花钱了,[等级41],[粉丝团 Lv13]
2026-05-22 22:19:07,104432719593,赞美愚者,这会就成老弟了[捂脸],[等级34],[粉丝团 Lv2]
2026-05-22 22:19:13,111548021631,啊噗噗噗,@ら孤痞 老实人[捂脸][捂脸],[等级13],[粉丝团 Lv11]
2026-05-22 22:19:19,111142186362,奈蛤蟆是我蟆ma~,主播再婚了？,[等级15],
2026-05-22 22:19:19,60274263768,只柠萌,[捂脸][捂脸][捂脸],[等级7],[粉丝团 Lv9]
2026-05-22 22:19:21,60720763321,″北柠″🐾,哈哈哈哈,[等级34],[粉丝团 Lv8]
2026-05-22 22:19:23,588940244944333,哟哟哟,[捂脸][捂脸][捂脸],[等级22],[粉丝团 Lv7]
2026-05-22 22:19:23,68033173728,Johnny✨⁵¹⁰⁷⁴,[笑哭][泪奔],[等级31],[粉丝团 Lv16]
2026-05-22 22:19:24,91672910699,草履虫,[捂脸][捂脸][捂脸],[等级15],
2026-05-22 22:19:24,68278570215,🌟锦霄🌟,这么多人机[捂脸][捂脸],[等级19],[粉丝团 Lv14]
2026-05-22 22:19:25,55159220102,BWRZ（记录美好）,[大笑][泣不成声],[等级36],[粉丝团 Lv16]
2026-05-22 22:19:25,53307486149,不慌,你打什么,[等级26],[粉丝团 Lv4]
2026-05-22 22:19:26,87900359390,一个怡,哈哈哈哈好多,[等级10],[粉丝团 Lv5]
2026-05-22 22:19:28,2739607744034852,可爱PUPPY,打人机吧？,[等级9],[粉丝团 Lv7]
2026-05-22 22:19:29,94899159822,靠谱青年,人机这么多吗？,[等级4],
2026-05-22 22:19:31,2005142166316856,fgg,什么笑声[捂脸],[等级8],[粉丝团 Lv4]
2026-05-22 22:19:32,2656022406638387,ZZZ,[捂脸][捂脸][捂脸][捂脸][捂脸],[等级17],[粉丝团 Lv11]
2026-05-22 22:19:32,59538490302,木芙蓉.,开心了就开麦了[看],[等级5],
2026-05-22 22:19:34,6472167828,顺城,哈哈，快乐这么简单[捂脸],[等级22],[粉丝团 Lv15]
2026-05-22 22:19:36,108728437092,落幕,？？？？开了吧,[等级16],
2026-05-22 22:19:38,588940244944333,哟哟哟,嘴咧腮帮子了[捂脸],[等级22],[粉丝团 Lv7]
2026-05-22 22:19:40,1170328280633924,小黎,人机淘汰王[捂脸][捂脸],[等级18],[粉丝团 Lv8]
2026-05-22 22:19:40,1456169111790891,隔壁老王,笑发财了都,[等级16],[粉丝团 Lv7]
2026-05-22 22:19:41,91672910699,草履虫,埋汰王[捂脸][捂脸][捂脸],[等级15],
2026-05-22 22:19:42,101289462336,广西妹💞,人鸡人头都是一半了[捂脸][捂脸][捂脸],[等级24],[粉丝团 Lv9]
2026-05-22 22:19:43,1381411882276219,月缘海,明天早上打也是经典吗,[等级12],[粉丝团 Lv6]
2026-05-22 22:19:43,2322637781999111,用户8670873791962,8个人机,[等级13],
2026-05-22 22:19:44,108728437092,落幕,你怎么看到人了,[等级16],
2026-05-22 22:19:47,4200576286202567,睡到自然醒,这咋感觉还不如传奇晋级赛了[捂脸],[等级11],
2026-05-22 22:19:49,4001819313841768,Ah,8个,[等级16],[粉丝团 Lv4]
2026-05-22 22:19:52,1267057772737192,铁骨铮铮,星钻局。。那么多人机？？？,[等级10],[粉丝团 Lv5]
2026-05-22 22:19:54,108728437092,落幕,提前半小时看到的？,[等级16],
2026-05-22 22:19:56,2854803831010782,1°,1080,[等级12],[粉丝团 Lv7]
2026-05-22 22:19:59,2395184081945055,忙里偷闲⁵¹⁰⁷⁴,点亮灯牌，点亮灯牌的各位帅哥美女，心想事成，一夜暴富[比心][比心][比心],[等级29],[粉丝团 Lv15]
2026-05-22 22:20:02,101289462336,广西妹💞,@顺城 [鼓掌],[等级24],[粉丝团 Lv9]
2026-05-22 22:20:04,66220123077,🚬ಇ᭄不拽怎么赢࿐,素材有了,[等级2],[粉丝团 Lv5]
2026-05-22 22:20:05,62524857324,逆风,三段有,[等级26],
2026-05-22 22:20:05,101656120224,王大仙的秦大圣,开了,[等级10],
2026-05-22 22:20:07,470219582866307,忻安,钥匙,[等级17],[粉丝团 Lv15]
2026-05-22 22:20:07,4862013350589,厉扑,嘎两局给你点补偿看把你乐得[看][看],[等级21],[粉丝团 Lv11]
2026-05-22 22:20:08,2810776444220189,dhkslal,主播不打有主题的电玩城吗,[等级30],[粉丝团 Lv1]
2026-05-22 22:20:13,63416229807,风沙迷了眼⁵¹⁰⁷⁴,@铁骨铮铮 提前十年,[等级21],[粉丝团 Lv15]
2026-05-22 22:20:15,101018246079,邱北壮族《小表哥》,就剩50个人了,[等级10],[粉丝团 Lv11]
2026-05-22 22:20:16,556810961170683,Fff,[打call][打call][打call],[等级1],[粉丝团 Lv4]
2026-05-22 22:20:17,2395184081945055,忙里偷闲⁵¹⁰⁷⁴,点亮灯牌，点亮灯牌的各位帅哥美女，心想事成，一夜暴富[比心][比心][比心],[等级29],[粉丝团 Lv15]
2026-05-22 22:20:17,3723397241514860,欺侮老头,老黑很久以前就说过，她的快乐就是杀人,,
2026-05-22 22:20:20,101289462336,广西妹💞,谁还在柳州[捂脸][捂脸][鼓掌][鼓掌],[等级24],[粉丝团 Lv9]
2026-05-22 22:20:22,62524857324,逆风,你刚刚打高价哪里,[等级26],
2026-05-22 22:20:23,769249924622011,吃泡芙叫她~,路过了,[等级26],
2026-05-22 22:20:24,4299511336547808,小晓,今晚就是人机多,[等级23],
2026-05-22 22:20:27,2395184081945055,忙里偷闲⁵¹⁰⁷⁴,❤️快来开通君雅的星守护，飞速升等级，进场有排面，发言贼醒目，还有专属抖音宇宙之星守护群❤️,[等级29],[粉丝团 Lv15]
2026-05-22 22:20:27,93032203992,秀儿⁵¹⁰⁷⁴,@广西妹💞 我,[等级19],[粉丝团 Lv12]
2026-05-22 22:20:27,88745690242,iiii,我有一次在g港遇见了一对人机还有p城[捂脸],[等级11],
2026-05-22 22:20:34,913055656709820,。。鱼缸,中间有,,
2026-05-22 22:20:34,2740436971298088,社恐小蒜泥,刚刚路过的二段有见,[等级16],[粉丝团 Lv8]
2026-05-22 22:20:35,2395184081945055,忙里偷闲⁵¹⁰⁷⁴,背包里免费的小啤酒、小心心送一送，再放要过期了[玫瑰][玫瑰],[等级29],[粉丝团 Lv15]
2026-05-22 22:20:36,1456169111790891,隔壁老王,刚才箱子有件,[等级16],[粉丝团 Lv7]
2026-05-22 22:20:36,73347898863,琼6270,信号枪,[等级8],[粉丝团 Lv9]
2026-05-22 22:20:38,699765399229675,雾散ㅤ,战神局 人不够 人机来凑[看],[等级29],[粉丝团 Lv11]
2026-05-22 22:20:39,101289462336,广西妹💞,@秀儿⁵¹⁰⁷⁴ 一边去,[等级24],[粉丝团 Lv9]
2026-05-22 22:20:41,93032203992,秀儿⁵¹⁰⁷⁴,@广西妹💞 要约吗？,[等级19],[粉丝团 Lv12]
2026-05-22 22:20:42,1376222085652807,开心就好😄,信号枪应该还有吧,[等级3],[粉丝团 Lv5]
2026-05-22 22:20:42,111634779544,꧁꫞꯭jian_ge꯭꫞꧂,没捡完[捂脸],[等级8],[粉丝团 Lv6]
2026-05-22 22:20:44,4200576286202567,睡到自然醒,段位越高，不是该掉的越慢吗？[捂脸],[等级11],
2026-05-22 22:20:44,3026313514074199,🤔剑来✨,我有箭，主播，我放了40发在R城车库里,[等级23],[粉丝团 Lv5]
2026-05-22 22:20:45,2652467851176862,绪落,信号枪,[等级20],[粉丝团 Lv1]
2026-05-22 22:20:46,2395184081945055,忙里偷闲⁵¹⁰⁷⁴,点粉丝团→一键送11个为你闪耀（陪伴之旅），完成后可多领很多很多亲密度→记得把星星都点开有亲密❤️❤,[等级29],[粉丝团 Lv15]
2026-05-22 22:20:47,1560947581518232,呦吼😎,一级脑壳那里是不是信号枪啊,[等级15],[粉丝团 Lv6]
2026-05-22 22:20:48,58693084874,Z.,信号枪,[等级5],[粉丝团 Lv5]
2026-05-22 22:20:48,58940944446,然后突然今秋,打弓王,[等级15],[粉丝团 Lv2]
2026-05-22 22:20:50,101566488500,🚬꧔ꦿ不拽℘怎么赢᭄ᩚ꯭ᩚ,信号枪,[等级19],[粉丝团 Lv1]
2026-05-22 22:20:50,103811404276,💎Sooyaxxx21.💎,极品ID 罗玉凤,[等级9],[粉丝团 Lv11]
2026-05-22 22:20:53,73347898863,琼6270,我刚刚好像看到有信号枪,[等级8],[粉丝团 Lv9]
2026-05-22 22:21:04,93032203992,秀儿⁵¹⁰⁷⁴,@广西妹💞 我真在[抠鼻],[等级19],[粉丝团 Lv12]
2026-05-22 22:21:07,1560947581518232,呦吼😎,弓箭那边一级脑壳有把信号枪吧,[等级15],[粉丝团 Lv6]
2026-05-22 22:21:12,73347898863,琼6270,一级头旁边,[等级8],[粉丝团 Lv9]
2026-05-22 22:21:13,769249924622011,吃泡芙叫她~,他漏了剑,[等级26],
2026-05-22 22:21:13,94511118465,及时止损,战神机太多了,[等级2],
2026-05-22 22:21:15,97929220301,ღ᭄ꦿℒℴѵℯএ强,晚上好,[等级9],
2026-05-22 22:21:15,98169272440,樵苏,桥头也有一匹,[等级29],[粉丝团 Lv8]
2026-05-22 22:21:16,2905341132026035,信号满格,Go go go,[等级22],
2026-05-22 22:21:17,1456169111790891,隔壁老王,中间二段尾巴有箭,[等级16],[粉丝团 Lv7]
2026-05-22 22:21:18,23752485976,修改名字,看了巅峰赛这个真没法看,[等级12],
2026-05-22 22:21:26,91697881893,✨蜜蜜蜜蜜✨,[捂脸][捂脸][捂脸][捂脸],[等级30],[粉丝团 Lv11]
2026-05-22 22:21:26,4218147940337566,生命因你而火热,唉[捂脸],[等级18],[粉丝团 Lv9]
2026-05-22 22:21:27,588940244944333,哟哟哟,[捂脸][捂脸],[等级22],[粉丝团 Lv7]
2026-05-22 22:21:31,1925946394542558,bond,[捂脸][捂脸],[等级20],
2026-05-22 22:21:31,470219582866307,忻安,哈哈哈哈,[等级17],[粉丝团 Lv15]
2026-05-22 22:21:33,55159220102,BWRZ（记录美好）,@修改名字 那你别看了，出去吧,[等级36],[粉丝团 Lv16]
2026-05-22 22:21:36,2575483865934928,幽灵,@广西妹💞 老表，打游戏没,[等级19],[粉丝团 Lv10]
2026-05-22 22:21:37,68278570215,🌟锦霄🌟,[捂脸][捂脸][捂脸],[等级19],[粉丝团 Lv14]
2026-05-22 22:21:38,76133959662,斯文丨孫,@修改名字 那你还看,[等级14],[粉丝团 Lv9]
2026-05-22 22:21:40,75293978048,洋洋得亿🎐,@修改名字 没人逼你看,[等级23],[粉丝团 Lv13]
2026-05-22 22:21:42,110487983863,都怪你隐身太清晰,人机局[捂脸],[等级17],[粉丝团 Lv8]
2026-05-22 22:21:42,7521394261465859130,🌾🌾🌾炒菜不用郭先生🍎🍊🍉🍌,捅了人机窝[发呆][发呆][发呆],[等级3],[粉丝团 Lv6]
2026-05-22 22:21:42,4862013350589,厉扑,@广西妹💞 有啥局，我从防城港跑去柳州[看][看],[等级21],[粉丝团 Lv11]
2026-05-22 22:21:43,3432052796172665,浩子爹,@修改名字 那就滚,[等级1],[粉丝团 Lv1]
2026-05-22 22:21:48,101629850514,张老黑的飞哥⁵¹⁰⁷⁴,@修改名字 所以你看看和平精英热度榜，谁第一,[等级33],[粉丝团 Lv16]
2026-05-22 22:21:49,83842821625,M̶r̶-̶北̶罚̶,人机淘汰王,[等级27],[粉丝团 Lv9]
2026-05-22 22:21:49,1925946394542558,bond,最后一天没人打了吗,[等级20],
2026-05-22 22:21:51,4200576286202567,睡到自然醒,12个十个都是人机[捂脸][捂脸][捂脸],[等级11],
2026-05-22 22:21:54,2410592579629373,一杯苦拿铁.,雅雅是箭王死箭死箭的那种,[等级13],[粉丝团 Lv3]
2026-05-22 22:21:56,93032203992,秀儿⁵¹⁰⁷⁴,@修改名字 你可以去看你的巅峰赛,[等级19],[粉丝团 Lv12]
2026-05-22 22:21:56,99240303123,🔥影儿🔥,[捂脸][捂脸][捂脸],[等级16],[粉丝团 Lv10]
2026-05-22 22:21:58,111538159029,周不语,这把不得25杀,[等级42],[粉丝团 Lv15]
2026-05-22 22:21:58,54421526629,🌈猫,蛙趣,[等级26],[粉丝团 Lv11]
2026-05-22 22:22:02,3843541681840615,Locke,哈哈哈,[等级27],[粉丝团 Lv3]
2026-05-22 22:22:02,60740765299,amo_Ursinho,发财了,[等级19],[粉丝团 Lv13]
2026-05-22 22:22:02,68278570215,🌟锦霄🌟,笑死了,[等级19],[粉丝团 Lv14]
2026-05-22 22:22:02,91697881893,✨蜜蜜蜜蜜✨,人机局？[捂脸],[等级30],[粉丝团 Lv11]
2026-05-22 22:22:04,3162637879752798,￴ ￴ ￴ ￴￴ ￴￴,笑死我了,[等级9],[粉丝团 Lv10]
2026-05-22 22:22:04,866035573730907,星辰大🌊,这么多人机,[等级31],[粉丝团 Lv15]
2026-05-22 22:22:06,94331301653,醭𠯳,8个人机了,[等级12],[粉丝团 Lv6]
2026-05-22 22:22:06,2656022406638387,ZZZ,[捂脸][捂脸][捂脸][捂脸][捂脸],[等级17],[粉丝团 Lv11]
2026-05-22 22:22:08,1170328280633924,小黎,6666[捂脸][捂脸],[等级18],[粉丝团 Lv8]
2026-05-22 22:22:08,94511118465,及时止损,战神机太多了吧,[等级2],
2026-05-22 22:22:10,3996063592881981,@@🚬yangꦿ᭄ཽ࿆࿆:,11,[等级15],[粉丝团 Lv10]
2026-05-22 22:22:12,4001819313841768,Ah,人机杀手,[等级16],[粉丝团 Lv4]
2026-05-22 22:22:12,73575610085,熬醒了,为啥这么多人机,[等级29],
2026-05-22 22:22:13,1543327338990916,桐心薇泯,掉两把的福利,[等级3],
2026-05-22 22:22:13,140340531574067,(´ . .̫ . `),福利局,[等级15],[粉丝团 Lv6]
2026-05-22 22:22:14,98773931120,彭志辉,这福利局嘛,[等级5],
2026-05-22 22:22:16,417427108929038,麦幽,这把25杀,[等级3],[粉丝团 Lv6]
2026-05-22 22:22:17,54616565301,遥远的她，,你也是个舔包怪啊。每个包都要舔一下,[等级12],
2026-05-22 22:22:19,1491405808087261,秋时安,这是给你的掉分补偿吗？,[等级9],
2026-05-22 22:22:21,2220639168496084,Mark•X 罗,这局人机被你打完了,[等级7],
2026-05-22 22:22:21,2782225270309235,问心,掉的太多了，应该给的福利,[等级13],[粉丝团 Lv9]
2026-05-22 22:22:22,93575328156,贝勒爷,爱播感冒了吗？,[等级9],[粉丝团 Lv10]
2026-05-22 22:22:22,59135773001,Calm,最后一天没人打了吗[捂脸],[等级11],[粉丝团 Lv2]
2026-05-22 22:22:22,102861229810,不是小甜甜,福利局,[等级19],[粉丝团 Lv12]
2026-05-22 22:22:23,509818415880967,中意李,上把的补偿吗[捂脸][捂脸],[等级7],[粉丝团 Lv6]
2026-05-22 22:22:23,83842821625,M̶r̶-̶北̶罚̶,人机淘汰王,[等级27],[粉丝团 Lv9]
2026-05-22 22:22:25,104431732837,来自星星的小猪,为什么这么多人机[流泪][流泪][流泪][流泪][流泪],[等级24],
2026-05-22 22:22:25,707711956162747,🦋꧔ꦿ᭄阿忠 ❧⁵²⁰,10800,[等级29],[粉丝团 Lv4]
2026-05-22 22:22:25,102028794518,用户110524,这么多人机,[等级19],[粉丝团 Lv7]
2026-05-22 22:22:26,1170328280633924,小黎,不得不说，这是光子给你奖励的[捂脸],[等级18],[粉丝团 Lv8]
2026-05-22 22:22:26,3905056839578446,小猪唛,这局有一半人机吧[捂脸],[等级24],[粉丝团 Lv14]
2026-05-22 22:22:26,61382007757,꧁꫞꯭吉꫞꧂,队友皇冠,[等级22],[粉丝团 Lv11]
2026-05-22 22:22:26,81214383347,superid,纯隐大,[等级11],
2026-05-22 22:22:27,88960598643,指尖的阳光,不是1V4吧,[等级6],
2026-05-22 22:22:29,101289462336,广西妹💞,@幽灵 想打人[捂脸][捂脸],[等级24],[粉丝团 Lv9]
2026-05-22 22:22:30,75293978048,洋洋得亿🎐,战神都睡觉了，准备明早冲战神,[等级23],[粉丝团 Lv13]
2026-05-22 22:22:33,2010380406884487,东哥,应该是10个人机,[等级4],
2026-05-22 22:22:33,7571018575764489273,emotion,又卡了,[等级7],[粉丝团 Lv5]
2026-05-22 22:22:34,2915492866562654,田园布丁,你让一个给3号小姐姐[捂脸],[等级26],[粉丝团 Lv10]
2026-05-22 22:22:34,111538159029,周不语,这把25杀，高低一个跑跑,[等级42],[粉丝团 Lv15]
2026-05-22 22:22:35,74986047590,我读春秋的✔,。,[等级14],[粉丝团 Lv10]
2026-05-22 22:22:35,4376484488429220,圈,光子给你福利,[等级15],[粉丝团 Lv9]
2026-05-22 22:22:36,1245094366428535,紧固（中国）,同居敌人 我靠淘汰王又杀人了,,
2026-05-22 22:22:37,3421292158256510,愷訫,真人不够人机来凑,[等级16],[粉丝团 Lv9]
2026-05-22 22:22:38,1445217858227408,季靶场,雅媳妇，我今晚喝了七八瓶啤酒，厉害不[捂脸],[等级30],
2026-05-22 22:22:38,3547447134003084,忘忧君,这游戏玩的人少了  人机来凑数了,[等级6],[粉丝团 Lv7]
2026-05-22 22:22:41,4287742060012696,严干,谈一场轰轰烈烈的恋爱才幸福,[等级19],[粉丝团 Lv4]
2026-05-22 22:22:42,73074792390,执念,猫局，0蛋,[等级31],[粉丝团 Lv11]
2026-05-22 22:22:43,2529326807909693,ember,擦下口水擦下口水,,
2026-05-22 22:22:44,3954312606928571,...irty～～,赛季末保段，都是人机,[等级12],
2026-05-22 22:22:45,1051605068416204,用户3578,小心被自裁了,[等级20],
2026-05-22 22:22:45,106226523166,愿你平安喜乐 　　　　　　　　　　🪳,晚上更新 高手都在睡觉等明天上分,[等级14],[粉丝团 Lv6]
2026-05-22 22:22:49,2916326503629885,用户8869052474629,这些人机队友带来的,[等级16],
2026-05-22 22:22:51,2575483865934928,幽灵,@广西妹💞 谁惹你了,[等级19],[粉丝团 Lv10]
2026-05-22 22:22:52,73074792390,执念,🐈，0杀,[等级31],[粉丝团 Lv11]
2026-05-22 22:22:54,7521394261465859130,🌾🌾🌾炒菜不用郭先生🍎🍊🍉🍌,战神局怎么这么多人机[发呆][发呆][发呆],[等级3],[粉丝团 Lv6]
2026-05-22 22:22:55,2537295447863195,你的温柔遇见了我的霸道,赛季末了，光子给你的福利,[等级15],
2026-05-22 22:22:56,4200576286202567,睡到自然醒,传奇晋级赛和绝世晋级赛，含金量比较高[看],[等级11],
2026-05-22 22:23:02,102028794518,用户110524,我有一把也是，杀了7个人机成淘汰王了[看],[等级19],[粉丝团 Lv7]
2026-05-22 22:23:02,101289462336,广西妹💞,@秀儿⁵¹⁰⁷⁴ 真的在就嘎腰子[偷笑],[等级24],[粉丝团 Lv9]
2026-05-22 22:23:09,2557938630138812,土狗钙中钙,卡个网，自己也来当人机[看],[等级14],
2026-05-22 22:23:15,3722285933933771,群众里面有坏人,@季靶场 [抠鼻],[等级4],[粉丝团 Lv8]
2026-05-22 22:23:17,3303391148377116,甜桐引力5399🍩🍐,新赛季最后一天了,[等级31],[粉丝团 Lv11]
2026-05-22 22:23:19,93575328156,贝勒爷,爱播是不是感冒了？,[等级9],[粉丝团 Lv10]
2026-05-22 22:23:20,1670856993155549,@小怪兽,姜子牙姜子牙,[等级11],
2026-05-22 22:23:25,764858599219059,⭐️人王疋虫⭐️⁵¹⁰⁷⁴,这把有机会25杀以上啊[比心][比心],[等级34],[粉丝团 Lv16]
2026-05-22 22:23:27,93032203992,秀儿⁵¹⁰⁷⁴,@广西妹💞 来吧。给我留一个就行,[等级19],[粉丝团 Lv12]
2026-05-22 22:23:28,101289462336,广西妹💞,@厉扑 来柳州什么目地[看][捂脸],[等级24],[粉丝团 Lv9]
2026-05-22 22:23:29,110527293027,【柳哥】,@广西妹💞 不打你游戏,[等级27],[粉丝团 Lv12]
2026-05-22 22:23:30,7521394261465859130,🌾🌾🌾炒菜不用郭先生🍎🍊🍉🍌,我的低端局我都看不见人机[捂脸][捂脸][捂脸],[等级3],[粉丝团 Lv6]
2026-05-22 22:23:31,73945919060,是贰哥哟,@用户110524 最后是不是没吃鸡[捂脸],[等级25],[粉丝团 Lv10]
2026-05-22 22:23:32,66600704789,门窗（重庆）,海岛悍妇不是白叫的,[等级17],[粉丝团 Lv7]
2026-05-22 22:23:40,62002179904,艺术家脾气。,我想给你刷跑车，可以你没驾照,[等级5],
2026-05-22 22:23:47,104736677452,忧伤和快乐，开心好,每分钟都有人开，现在人又少人玩，所以人机占一半[捂脸],[等级20],[粉丝团 Lv8]
2026-05-22 22:23:48,94511118465,及时止损,当年我打青铜时，杀一局人机！！30杀[捂脸],[等级2],
2026-05-22 22:23:50,101289462336,广西妹💞,@幽灵 谁都惹我[捂脸],[等级24],[粉丝团 Lv9]
2026-05-22 22:23:52,97330506687,有缘路人,[捂脸][捂脸][捂脸][捂脸][捂脸],[等级28],[粉丝团 Lv11]
2026-05-22 22:23:54,189542483115191,我不是Kevin,菜,[等级23],
2026-05-22 22:23:59,4862013350589,厉扑,@广西妹💞 那必须吃吃喝喝啊[捂脸],[等级21],[粉丝团 Lv11]
2026-05-22 22:24:04,888843351371400,506💌,有明天一起挖钥匙的嘛[看],[等级10],
2026-05-22 22:24:05,4098595080373944,祈风.,番茄战神起跳,[等级5],[粉丝团 Lv7]
2026-05-22 22:24:05,3795156287621927,拾欢,[捂脸],[等级15],[粉丝团 Lv13]
2026-05-22 22:24:06,93032203992,秀儿⁵¹⁰⁷⁴,@我不是Kevin 滚,[等级19],[粉丝团 Lv12]
2026-05-22 22:24:08,97330506687,有缘路人,[捂脸][捂脸][捂脸][捂脸],[等级28],[粉丝团 Lv11]
2026-05-22 22:24:09,100000323092,我猫呢,哈哈哈,[等级7],
2026-05-22 22:24:09,96261969310,酒醉人不归,好准[捂脸],[等级15],[粉丝团 Lv10]
2026-05-22 22:24:10,189542483115191,我不是Kevin,你以为呢,[等级23],
2026-05-22 22:24:10,101875225014,🐮,枪好准,[等级15],[粉丝团 Lv7]
2026-05-22 22:24:10,1772040716031992,流汗表伯【癞蛤蟆直播）,好想嫁人,[等级15],
2026-05-22 22:24:10,101289462336,广西妹💞,@秀儿⁵¹⁰⁷⁴ [捂脸][捂脸],[等级24],[粉丝团 Lv9]
2026-05-22 22:24:11,100366055188,纵横天下,这枪厉害,[等级4],[粉丝团 Lv2]
2026-05-22 22:24:12,2731604610385293,微Ψ🪴,打的真准[捂脸],[等级16],
2026-05-22 22:24:12,76114717356,@@,好准啊,[等级30],[粉丝团 Lv13]
2026-05-22 22:24:14,103746868274,时来运转,为什么我现在的关注列表都找不到我的雅雅？都要靠搜了。。,[等级30],[粉丝团 Lv14]
2026-05-22 22:24:15,54616565301,遥远的她，,笑死[捂脸],[等级12],
2026-05-22 22:24:16,98773931120,彭志辉,完了,[等级5],
2026-05-22 22:24:17,3544473905937592,全有,哦吼,[等级25],[粉丝团 Lv6]
2026-05-22 22:24:17,1852009193418295,999,哦呵呵呵,[等级24],[粉丝团 Lv12]
2026-05-22 22:24:18,101289462336,广西妹💞,@【柳哥】 不打,[等级24],[粉丝团 Lv9]
2026-05-22 22:24:18,62800628291,阿鹿,这人机步这么准？,[等级24],[粉丝团 Lv7]
2026-05-22 22:24:20,4095012473407015,简.单,接雷高手,,
2026-05-22 22:24:21,69463840673,水果魔君果粒陈,牛啊,[等级7],
2026-05-22 22:24:23,2656022406638387,ZZZ,[捂脸][捂脸][捂脸][捂脸][捂脸],[等级17],[粉丝团 Lv11]
2026-05-22 22:24:24,1925946394542558,bond,what,[等级20],
2026-05-22 22:24:26,99460247743,日行一善²⁰²⁶,碰到高手了,[等级12],[粉丝团 Lv10]
2026-05-22 22:24:26,68128483419,秋霜,完蛋，人机打多了惹到高手了[捂脸][捂脸][捂脸],[等级33],[粉丝团 Lv12]
2026-05-22 22:24:29,69463840673,水果魔君果粒陈,高手,[等级7],
2026-05-22 22:24:29,2575483865934928,幽灵,@广西妹💞 别怕，有哥在,[等级19],[粉丝团 Lv10]
2026-05-22 22:24:29,4503196767105759,志超,都是高手,[等级3],
2026-05-22 22:24:29,92461848227,煜,[捂脸][捂脸],[等级13],[粉丝团 Lv12]
2026-05-22 22:24:30,3913913666903720,太阳☀,大G3反应好快,[等级41],[粉丝团 Lv13]
2026-05-22 22:24:31,2557938630138812,土狗钙中钙,我是淘汰王之给大家送个头[看],[等级14],
2026-05-22 22:24:31,101289462336,广西妹💞,@【柳哥】 要在这里学，,[等级24],[粉丝团 Lv9]
2026-05-22 22:24:31,55931566812,豆浆油条、,有高脚,[等级14],
2026-05-22 22:24:32,97330506687,有缘路人,人机打多了不知道怎么打了[捂脸][捂脸][捂脸][捂脸][捂脸],[等级28],[粉丝团 Lv11]
2026-05-22 22:24:33,698881292111118,5是20,这波操作可是有失水准,[等级12],[粉丝团 Lv9]
2026-05-22 22:24:34,1367430987787710,☁️孓㤅☁️,[捂脸][捂脸][捂脸],[等级29],[粉丝团 Lv11]
2026-05-22 22:24:35,1112337694601742,突突啊😈,这对厉害啊,[等级32],
2026-05-22 22:24:35,4001819313841768,Ah,有点死了,[等级16],[粉丝团 Lv4]
2026-05-22 22:24:35,981177129516227,？ ？？,哈哈哈哈,[等级18],[粉丝团 Lv14]
2026-05-22 22:24:35,66600704789,门窗（重庆）,别浪,[等级17],[粉丝团 Lv7]
2026-05-22 22:24:36,104600621959,戒心,接雷高手,[等级26],[粉丝团 Lv8]
2026-05-22 22:24:36,103811404276,💎Sooyaxxx21.💎,我就知道,[等级9],[粉丝团 Lv11]
2026-05-22 22:24:36,588940244944333,哟哟哟,[捂脸][捂脸][捂脸],[等级22],[粉丝团 Lv7]
2026-05-22 22:24:37,4107385600229064,世弌,[捂脸][捂脸][捂脸],[等级29],[粉丝团 Lv13]
2026-05-22 22:24:37,23978373450,海～,[捂脸],[等级15],
2026-05-22 22:24:38,694519461320269,吃了吗,这队人很厉害的,[等级9],
2026-05-22 22:24:38,4233546532927219,🉑🈶🉑🈚,[捂脸][尬笑],[等级20],[粉丝团 Lv10]
2026-05-22 22:24:39,110133575047,阳,[捂脸],[等级1],[粉丝团 Lv2]
2026-05-22 22:24:39,100326619890,勿忧,露头就没,[等级4],[粉丝团 Lv2]
2026-05-22 22:24:39,99240303123,🔥影儿🔥,啧啧啧,[等级16],[粉丝团 Lv10]
2026-05-22 22:24:39,91692192767,安○逸,呦吼,[等级8],[粉丝团 Lv6]
2026-05-22 22:24:39,111642458376,娱锋,开门进来的[捂脸][捂脸][捂脸],[等级11],[粉丝团 Lv11]
2026-05-22 22:24:39,1504611799144190,青衫忆旧,[尬笑][尬笑][尬笑],[等级27],[粉丝团 Lv15]
2026-05-22 22:24:40,849266252986920,🐎🇨🇳,哈哈[捂脸][捂脸][捂脸],[等级15],[粉丝团 Lv10]
2026-05-22 22:24:40,81214383347,superid,[捂脸][捂脸][捂脸],[等级11],
2026-05-22 22:24:40,590893464955795,111,哈哈哈,[等级1],[粉丝团 Lv4]
2026-05-22 22:24:40,981177129516227,？ ？？,下去一点就好了,[等级18],[粉丝团 Lv14]
2026-05-22 22:24:40,1925968217518568,茅台,[捂脸][捂脸][捂脸][捂脸][捂脸],[等级30],[粉丝团 Lv8]
2026-05-22 22:24:41,69463840673,水果魔君果粒陈,哈哈[赞][赞][鼓掌][鼓掌],[等级7],
2026-05-22 22:24:41,97639371711,别闹,[捂脸][捂脸][捂脸],,
2026-05-22 22:24:41,96618801025,机智的小胖哥,笑死我了,[等级4],
2026-05-22 22:24:41,93442186104,每日N刷,人机打多了，没状态了,[等级19],[粉丝团 Lv4]
2026-05-22 22:24:42,3765187189679200,木子,[捂脸][捂脸][捂脸],[等级13],[粉丝团 Lv10]
2026-05-22 22:24:42,53136197759,𝗦·𝗝𝘂𝗻¹²𝗟𝗲𝗼𖠚ᐝ,刚才怎么炸到的,[等级28],[粉丝团 Lv15]
2026-05-22 22:24:42,96261969310,酒醉人不归,高手,[等级15],[粉丝团 Lv10]
2026-05-22 22:24:42,2047729723510281,微羽,我都听到雷了[捂脸],[等级11],
2026-05-22 22:24:43,100366055188,纵横天下,高手,[等级4],[粉丝团 Lv2]
2026-05-22 22:24:43,99592719266,🌈哇特啊有勾音,哈哈哈,[等级16],
2026-05-22 22:24:43,1626893632147327,🐶🐶ง •̀_•́ง奶糖🌿,哈哈哈,[等级17],
2026-05-22 22:24:43,70986332021,小彪,哈哈哈,[等级26],[粉丝团 Lv8]
2026-05-22 22:24:43,106500162281,🌈剎那永恒丶寒风,得瑟啊[看],[等级27],[粉丝团 Lv11]
2026-05-22 22:24:43,4312762483477248,村里有个姑娘叫小芳,哦吼[捂脸],[等级3],[粉丝团 Lv3]
2026-05-22 22:24:43,97911487501,🩴 🌈路晖,开心吧[看],[等级32],[粉丝团 Lv13]
2026-05-22 22:24:44,1671722090629184,ㅤㅤ     ㅤㅤ,[捂脸],[等级26],
2026-05-22 22:24:44,100000323092,我猫呢,笑死我了,[等级7],
2026-05-22 22:24:44,95442492567,破浪,[捂脸][捂脸],[等级29],[粉丝团 Lv12]
2026-05-22 22:24:44,79338415230,宋梁星,死得好惨,[等级34],[粉丝团 Lv8]
2026-05-22 22:24:44,135964883951687,you(^_^)丹,哇去,[等级9],
2026-05-22 22:24:45,2709648370835534,Cold❄️,这一队会玩的,[等级34],[粉丝团 Lv8]
2026-05-22 22:24:45,96618801025,机智的小胖哥,活该,[等级4],
2026-05-22 22:24:45,3619206768628157,除暴安良的良,玩咯,[等级2],
2026-05-22 22:24:45,1530174358163047,不知不觉九月,完啦,[等级15],
2026-05-22 22:24:45,68278570215,🌟锦霄🌟,乐极生悲啊[捂脸][捂脸][捂脸],[等级19],[粉丝团 Lv14]
2026-05-22 22:24:45,106222944246,江湾,这是正常操作[捂脸],[等级2],
2026-05-22 22:24:45,105633835483,醉卧沙场君莫笑,心态崩了呀,[等级27],[粉丝团 Lv16]
2026-05-22 22:24:46,101289462336,广西妹💞,@厉扑 [捂脸][捂脸][捂脸],[等级24],[粉丝团 Lv9]
2026-05-22 22:24:47,3100261416960620,棉棉,哈哈哈哈哈哈,[等级17],[粉丝团 Lv12]
2026-05-22 22:24:47,105037659618,🌈文刀🌈,[捂脸][捂脸][捂脸],[等级20],[粉丝团 Lv2]
2026-05-22 22:24:47,96112287137,夏末🌈,怎么不笑了,[等级32],[粉丝团 Lv5]
2026-05-22 22:24:48,102489922881,烟雨凄迷,笑,[等级14],
2026-05-22 22:24:48,22406739006603,清醒的沉沦,幸福死了,[等级20],[粉丝团 Lv8]
2026-05-22 22:24:48,1560947581518232,呦吼😎,我去[捂脸],[等级15],[粉丝团 Lv6]
2026-05-22 22:24:48,3870727579383927,山思山思,报应来了,[等级17],
2026-05-22 22:24:48,103919279066,熙一夜,还开心吗,[等级14],[粉丝团 Lv13]
2026-05-22 22:24:49,50994395662,Z.x.y,笑,[等级30],[粉丝团 Lv13]
2026-05-22 22:24:49,3557665193860644,梅钞疯 󰠇,难怪让你打那么多人机[捂脸][捂脸][捂脸],[等级20],[粉丝团 Lv12]
2026-05-22 22:24:49,1925968217518568,茅台,[捂脸][捂脸][捂脸][捂脸][捂脸],[等级30],[粉丝团 Lv8]
2026-05-22 22:24:49,1626893632147327,🐶🐶ง •̀_•́ง奶糖🌿,牛逼了,[等级17],
2026-05-22 22:24:50,2085090460961021,希望的田野,都是高手,[等级2],
2026-05-22 22:24:50,99669755834,花生,哈哈哈哈哈哈哈哈哈哈哈哈哈哈哈哈哈哈哈哈哈哈哈哈哈哈哈哈哈哈哈哈哈哈哈哈哈哈哈哈哈哈,[等级40],[粉丝团 Lv11]
2026-05-22 22:24:50,633733137061304,妖未初,[捂脸],[等级33],[粉丝团 Lv10]
2026-05-22 22:24:50,101487550960,𝑪𝒓𝒖𝒔𝒉.,人机吃多了[捂脸]🌚,[等级25],
2026-05-22 22:24:50,106006763802,路中人,[捂脸]哈哈,[等级26],[粉丝团 Lv10]
2026-05-22 22:24:50,140340531574067,(´ . .̫ . `),沉淀沉淀,[等级15],[粉丝团 Lv6]
2026-05-22 22:24:51,88123334248,辛探,难受了,[等级6],[粉丝团 Lv3]
2026-05-22 22:24:51,3482889035453751,Aaaaa,[捂脸][捂脸][捂脸],[等级7],[粉丝团 Lv3]
2026-05-22 22:24:51,59580998652,安可予,算了,[等级2],
2026-05-22 22:24:51,2629659676384440,东北小土豆,哈哈[捂脸],[等级15],[粉丝团 Lv8]
2026-05-22 22:24:51,2576845188893629,@雨星,又挂了[捂脸][捂脸][捂脸][捂脸],,
2026-05-22 22:24:51,189542483115191,我不是Kevin,打不过正常，人外有人,[等级23],
2026-05-22 22:24:51,3883101576503096,道140787795,自闭,[等级13],[粉丝团 Lv11]
2026-05-22 22:24:51,72911646362,符子诚,好幸福[捂脸][捂脸],[等级29],[粉丝团 Lv2]
2026-05-22 22:24:51,74627632757,嚣张大蟑螂,好惨,[等级15],[粉丝团 Lv2]
2026-05-22 22:24:52,936422219978456,用户5537549812505,哈哈哈哈哈，终于死了,[等级13],
2026-05-22 22:24:52,92956196064,Six Smile.,？,[等级21],[粉丝团 Lv5]
2026-05-22 22:24:52,448245226810199,OnlyYou↔,老黑死的好惨[捂脸],[等级12],[粉丝团 Lv10]
2026-05-22 22:24:52,4107385600229064,世弌,舒服了[捂脸],[等级29],[粉丝团 Lv13]
2026-05-22 22:24:52,99240303123,🔥影儿🔥,飘了,[等级16],[粉丝团 Lv10]
2026-05-22 22:24:52,92724691349,^初一,哈哈哈哈,[等级6],[粉丝团 Lv6]
2026-05-22 22:24:53,3413334368722349,小阿悄,高手[展开说说][展开说说][展开说说][展开说说],[等级15],[粉丝团 Lv11]
2026-05-22 22:24:53,1046381754333631,遥远的距离,人机王完了[捂脸],[等级26],[粉丝团 Lv11]
2026-05-22 22:24:54,3482889035453751,Aaaaa,[捂脸],[等级7],[粉丝团 Lv3]
2026-05-22 22:24:54,1877615703246221,梦千年,人机打多了造报应了[捂脸],[等级4],[粉丝团 Lv4]
2026-05-22 22:24:55,78849263891,白天梦,老黑人机杀手，真人就死[看],[等级25],[粉丝团 Lv8]
2026-05-22 22:24:55,91657182053,爱旅行的岳先森,哈哈哈,,
2026-05-22 22:24:55,2656022406638387,ZZZ,人机打多了[捂脸][捂脸][捂脸],[等级17],[粉丝团 Lv11]
2026-05-22 22:24:55,135964883951687,you(^_^)丹,直接雷了,[等级9],
2026-05-22 22:24:55,2234682707544967,神秘人二阶,裂开了,[等级25],[粉丝团:张君雅 Lv15]
2026-05-22 22:24:55,97600677185,晓乔治ovo,咋你又肚子疼了[捂脸],[等级38],[粉丝团 Lv13]
2026-05-22 22:24:55,1925968217518568,茅台,[捂脸][捂脸][捂脸][捂脸][捂脸][捂脸][捂脸][捂脸],[等级30],[粉丝团 Lv8]
2026-05-22 22:24:56,87872643486,村口的过客,啊,[等级21],[粉丝团 Lv11]
2026-05-22 22:24:56,4366896975316483,华丽山峰,战神都打不过[捂脸][捂脸],[等级15],[粉丝团 Lv1]
2026-05-22 22:24:56,98631190988,曾相识，也不是,笑死了,[等级2],
2026-05-22 22:24:57,88787629778,舍得,去他猴子,[等级13],[粉丝团 Lv7]
2026-05-22 22:24:57,66938132567,我的名字,看一把,[等级9],[粉丝团 Lv10]
2026-05-22 22:24:57,4503696736605300,晓东,人机打多了[捂脸][捂脸][捂脸][捂脸][捂脸],[等级32],[粉丝团 Lv6]
2026-05-22 22:24:57,98148467589,值得,拿命换的人机,[等级11],[粉丝团 Lv3]
2026-05-22 22:24:57,7580354952566277169,小王要努力（涨粉中）,乐极生悲[捂脸],,
2026-05-22 22:24:57,849266252986920,🐎🇨🇳,高手,[等级15],[粉丝团 Lv10]
2026-05-22 22:24:58,189542483115191,我不是Kevin,别往心里去,[等级23],
2026-05-22 22:24:59,7487062466905769017,清序晴初·念辰,13个头是有代价的[捂脸][捂脸],[等级4],
2026-05-22 22:24:59,2164264163873815,楠音,又没了,[等级35],[粉丝团 Lv13]
2026-05-22 22:24:59,3127490452917607,抖音郑钱不够花,[鼓掌][鼓掌][鼓掌][捂脸][捂脸][捂脸],[等级12],[粉丝团 Lv8]
2026-05-22 22:24:59,1478159719214247,热心村民,不嘻嘻,[等级15],[粉丝团 Lv9]
2026-05-22 22:24:59,4174188127722893,℘ོ劉妽嚒給妳•᷄এ、ℒ゜,二号不爱玩吗,[等级17],[粉丝团 Lv11]
2026-05-22 22:25:00,87872643486,村口的过客,高手,[等级21],[粉丝团 Lv11]
2026-05-22 22:25:00,103952737288,苹果派,遇到高手了,[等级21],[粉丝团 Lv11]
2026-05-22 22:25:00,96112287137,夏末🌈,怎么不笑了，是天生不爱笑吗,[等级32],[粉丝团 Lv5]
2026-05-22 22:25:01,3432052796172665,浩子爹,开心了,[等级1],[粉丝团 Lv1]
2026-05-22 22:25:02,466670364393783,袖下敛青川,有的水今晚,[等级14],[粉丝团 Lv2]
2026-05-22 22:25:02,764858599219059,⭐️人王疋虫⭐️⁵¹⁰⁷⁴,门开的刚刚好[捂脸][捂脸],[等级34],[粉丝团 Lv16]
2026-05-22 22:25:02,1925968217518568,茅台,[捂脸][捂脸][捂脸][捂脸][捂脸][捂脸][捂脸][捂脸],[等级30],[粉丝团 Lv8]
2026-05-22 22:25:02,69327839525,🌈🏀Duang,自闭了,[等级16],
2026-05-22 22:25:03,76133959662,斯文丨孫,这队枪法又快又准,[等级14],[粉丝团 Lv9]
2026-05-22 22:25:03,3413334368722349,小阿悄,高手[展开说说][展开说说][展开说说],[等级15],[粉丝团 Lv11]
2026-05-22 22:25:03,100412601430,湘里人家,搞到郁闷了,[等级16],[粉丝团 Lv9]
2026-05-22 22:25:04,53136197759,𝗦·𝗝𝘂𝗻¹²𝗟𝗲𝗼𖠚ᐝ,难道你正好开门了,[等级28],[粉丝团 Lv15]
2026-05-22 22:25:04,103591335296,礼,裂开了，人机打爽了,[等级20],[粉丝团 Lv10]
2026-05-22 22:25:04,65399001507,顺风顺水顺路,打人机的副作用[捂脸],[等级10],[粉丝团 Lv11]
2026-05-22 22:25:04,100240239294,oldsix,这三把掉大分,[等级14],
2026-05-22 22:25:05,3913913666903720,太阳☀,这波不谈，很烦,[等级41],[粉丝团 Lv13]
2026-05-22 22:25:05,3954312606928571,...irty～～,人机适合,[等级12],
2026-05-22 22:25:06,1811628647529576,老张了嘞,咋又没了[捂脸],[等级8],[粉丝团 Lv9]
2026-05-22 22:25:06,50883721471,🤹‍♀️奣.菿.烎.夯⬅️,今天就打不到最后[捂脸][捂脸],[等级34],[粉丝团 Lv13]
2026-05-22 22:25:07,1170328280633924,小黎,光子在搞啊[捂脸][捂脸],[等级18],[粉丝团 Lv8]
2026-05-22 22:25:07,1925968217518568,茅台,[捂脸][捂脸][捂脸][捂脸][捂脸],[等级30],[粉丝团 Lv8]
2026-05-22 22:25:07,103790275797,广说,完了天塌了，人机小公主没了[捂脸][捂脸][捂脸],[等级8],[粉丝团 Lv9]
2026-05-22 22:25:07,101875225014,🐮,这波轻敌了,[等级15],[粉丝团 Lv7]
2026-05-22 22:25:07,68128483419,秋霜,雅雅瞬间不开心了[捂脸],[等级33],[粉丝团 Lv12]
2026-05-22 22:25:07,1530976442254383,带五个孤儿住天桥底下,乐极生悲,[等级27],[粉丝团 Lv11]
2026-05-22 22:25:08,1051605068416204,用户3578,我就说吧！被制裁了吧,[等级20],
2026-05-22 22:25:09,59171393956,🚬ཀོ8925824,还得练啊,[等级2],[粉丝团 Lv1]
2026-05-22 22:25:09,59162977083,福元,哈哈哈,[等级15],[粉丝团 Lv7]
2026-05-22 22:25:09,57014605134,杜百万,幸福来的太突然[捂脸][捂脸][捂脸],[等级13],
2026-05-22 22:25:09,91711386238,lL,安静了,[等级23],
2026-05-22 22:25:09,2009542393864356,铭朗建筑小周,[捂脸][捂脸][捂脸],[等级34],[粉丝团 Lv10]
2026-05-22 22:25:09,67648407216,馨爸,自己开门了，接了个雷,[等级14],[粉丝团 Lv1]
2026-05-22 22:25:10,95438467464,丶东东哥,淘汰王死了,[等级18],
2026-05-22 22:25:10,107892012587,叁柒壹拾,飘了吧,[等级20],[粉丝团 Lv10]
2026-05-22 22:25:10,92724691349,^初一,不得瑟了[捂脸],[等级6],[粉丝团 Lv6]
2026-05-22 22:25:10,732732126936442,Hxt,这队可以啊,[等级16],[粉丝团 Lv5]
2026-05-22 22:25:11,96618801025,机智的小胖哥,还幸福吗,[等级4],
2026-05-22 22:25:12,59580998652,安可予,别打了，今天都不喜欢吃鸡吗？,[等级2],
2026-05-22 22:25:12,100000323092,我猫呢,这队实力不在你之下啊,[等级7],
2026-05-22 22:25:12,84363168563,-小刘忙,咋回事，退一会就没了,[等级15],[粉丝团 Lv9]
2026-05-22 22:25:12,654959169245486,一人,还沉浸在杀人机的喜悦中,[等级20],
2026-05-22 22:25:12,95702884954,🉐🉐🉐,人机打多了，系统要制裁了,[等级37],[粉丝团 Lv9]
2026-05-22 22:25:12,100228336934,忍住不想说,怎么回事,[等级29],
2026-05-22 22:25:12,108802633246,泡沫🫧,这队会玩,[等级2],
2026-05-22 22:25:12,1644514243000371,广州市上牛照明电器有限公司,[捂脸][捂脸][捂脸],[等级20],
2026-05-22 22:25:13,4376484488429220,圈,乐极生悲呀,[等级15],[粉丝团 Lv9]
2026-05-22 22:25:13,99049143910,杨🐏,遇到对手了吧,[等级16],[粉丝团 Lv7]
2026-05-22 22:25:13,108244745309,守心自安澜,杀人机杀太多了吧[捂脸],[等级25],[粉丝团 Lv10]
2026-05-22 22:25:13,97135894700,飞哥与佛,就猜要丢在这里[捂脸],[等级40],[粉丝团 Lv11]
2026-05-22 22:25:14,4200576286202567,睡到自然醒,两极分化[捂脸][捂脸][捂脸],[等级11],
2026-05-22 22:25:14,1807239114666904,·喵了个咪,这下不开心了,[等级20],[粉丝团 Lv15]
2026-05-22 22:25:14,1547768063601607,✔688,哈哈哈哈,[等级43],[粉丝团 Lv12]
2026-05-22 22:25:14,681328012439959,芳村～大支嘢,笑不出了？,[等级5],[粉丝团 Lv2]
2026-05-22 22:25:14,36750906887514,泓飞鸟舍,咋挂了？,,
2026-05-22 22:25:15,98061316280,♊凡尘,[捂脸][捂脸][捂脸][捂脸],[等级32],[粉丝团 Lv10]
2026-05-22 22:25:16,1556515796039133,方兴未艾,接了两波子弹   还接了两发雷,[等级17],[粉丝团 Lv7]
2026-05-22 22:25:16,4503196767105759,志超,主包,[等级3],
2026-05-22 22:25:16,103952737288,苹果派,雷神,[等级21],[粉丝团 Lv11]
2026-05-22 22:25:17,59162977083,福元,沉默,[等级15],[粉丝团 Lv7]
2026-05-22 22:25:17,91692192767,安○逸,有透视吗？丢的这么准,[等级8],[粉丝团 Lv6]
2026-05-22 22:25:17,1093379003779438,老王朋友圈,烦,[等级30],[粉丝团 Lv11]
2026-05-22 22:25:18,64880252486,老李要逆袭,哈哈,[等级5],
2026-05-22 22:25:18,2238239079928174,身份暴露了,黑子说话[捂脸],[等级16],[粉丝团 Lv12]
2026-05-22 22:25:18,6472167828,顺城,对手有点厉害,[等级22],[粉丝团 Lv15]
2026-05-22 22:25:18,681328012439959,芳村～大支嘢,哈哈,[等级5],[粉丝团 Lv2]
2026-05-22 22:25:18,98443382745,🍓希希💋,[捂脸][捂脸][捂脸],[等级27],[粉丝团 Lv13]
2026-05-22 22:25:18,3544473905937592,全有,三号在干嘛？？,[等级25],[粉丝团 Lv6]
2026-05-22 22:25:19,588940244944333,哟哟哟,人欢没好事[捂脸][捂脸][捂脸]老黑,[等级22],[粉丝团 Lv7]
2026-05-22 22:25:19,81910398697,小红旗🇨🇳,张老黑以为这把是低端局[捂脸][捂脸][捂脸],[等级18],[粉丝团 Lv3]
2026-05-22 22:25:20,2509514180144713,风雨起苍黄,对面很厉害,[等级17],[粉丝团 Lv3]
2026-05-22 22:25:20,4004835685841444,㞢卄,高手都是喜欢观战的,[等级9],[粉丝团 Lv2]
2026-05-22 22:25:20,105918888569,独自抽寂寞,哎呀，我打了八个人机,[等级23],[粉丝团 Lv2]
2026-05-22 22:25:20,3689566313123524,一起打豆豆,抢人机抢多了,[等级7],[粉丝团 Lv7]
2026-05-22 22:25:22,91707198568,醉马🐴,正好开门了,[等级22],[粉丝团 Lv12]
2026-05-22 22:25:22,466670364393783,袖下敛青川,舒服了,[等级14],[粉丝团 Lv2]
2026-05-22 22:25:22,1933369031537513,.369,下去沉淀沉淀吧！,[等级11],
2026-05-22 22:25:23,127163134649991,李四哥,自己炸自己,[等级10],[粉丝团 Lv10]
2026-05-22 22:25:23,101289462336,广西妹💞,@幽灵 那我谢谢了[捂脸][看][害羞],[等级24],[粉丝团 Lv9]
2026-05-22 22:25:24,1852009193418295,999,高手,[等级24],[粉丝团 Lv12]
2026-05-22 22:25:24,1257437656002798,某某.,瞬间不幸福了哈哈哈哈哈哈哈哈,[等级34],[粉丝团:张君雅 Lv16]
2026-05-22 22:25:25,981177129516227,？ ？？,感觉有透,[等级18],[粉丝团 Lv14]
2026-05-22 22:25:26,52378278685,笑看人生@,这门开的真好,[等级22],[粉丝团 Lv10]
2026-05-22 22:25:26,96895572640,果,碰着高手了,[等级18],
2026-05-22 22:25:26,70492044030,紫痕9099,打人机打的太爽了[捂脸]开谁都像人机[捂脸],[等级15],[粉丝团 Lv13]
2026-05-22 22:25:27,100500267450,昨日一去不复返,我就知道。人机杀得爽就遭报应,[等级13],[粉丝团 Lv7]
2026-05-22 22:25:28,470219582866307,忻安,这么快[捂脸],[等级17],[粉丝团 Lv15]
2026-05-22 22:25:28,584585832578039,红色兔子,这队这么准,[等级15],
2026-05-22 22:25:28,826425753210750,小吴,遇到高手队伍啦,[等级6],[粉丝团 Lv4]
2026-05-22 22:25:28,1543327338990916,桐心薇泯,好准,[等级3],
2026-05-22 22:25:29,96618801025,机智的小胖哥,还嘻嘻吗,[等级4],
2026-05-22 22:25:30,135964883951687,you(^_^)丹,对面不正常,[等级9],
2026-05-22 22:25:30,94511118465,及时止损,还幸福不？？还以为全是人机呢,[等级2],
2026-05-22 22:25:31,981177129516227,？ ？？,感觉透透的,[等级18],[粉丝团 Lv14]
2026-05-22 22:25:32,96427723255,傻大鹅🫧,这是g吧,[等级29],[粉丝团 Lv9]
2026-05-22 22:25:32,67003428351,@M,太肥了,[等级17],[粉丝团 Lv11]
2026-05-22 22:25:32,63441014318,平哥,太准了,[等级6],
2026-05-22 22:25:33,4001819313841768,Ah,漏就没,[等级16],[粉丝团 Lv4]
2026-05-22 22:25:33,72907249364,兔子先生,好准啊,[等级20],[粉丝团 Lv3]
2026-05-22 22:25:33,105633835483,醉卧沙场君莫笑,招募吧,[等级27],[粉丝团 Lv16]
2026-05-22 22:25:33,135964883951687,you(^_^)丹,哇去,[等级9],
2026-05-22 22:25:34,100599277178,☞╭(╯黑暗ε霸主╰)╮,追着追着就掉坑了[捂脸],[等级5],
2026-05-22 22:25:35,3954312606928571,...irty～～,准的离谱吧,[等级12],
2026-05-22 22:25:37,395412780100749,191014,哈,,
2026-05-22 22:25:42,51730637890,团团圆圆,OK讨厌的谢谢续费棒棒哒宝宝不不不你宝宝么么么么么么么么么么么哒面对面的吗、么么么么么、么么么么么哒,[等级19],
2026-05-22 22:25:44,63991137535,比墨只厌,赛季末就是神仙开会,[等级28],
2026-05-22 22:25:45,2656073386295976,勇 哥,把自己炸死了，还把队友带走了,[等级13],[粉丝团 Lv1]
2026-05-22 22:25:49,189542483115191,我不是Kevin,嘻嘻哈哈,[等级23],
2026-05-22 22:25:53,85379485661,盼妮,[捂脸][捂脸][捂脸],[等级24],[粉丝团 Lv11]
2026-05-22 22:25:54,111438436586,真就九漏鱼²⁰²⁶,不嘻嘻了,[等级14],[粉丝团 Lv11]
2026-05-22 22:25:55,981177129516227,？ ？？,你还没漏枪就开提前枪了,[等级18],[粉丝团 Lv14]
2026-05-22 22:25:58,512832540246996,是李某某吖,这是挂哥,[等级23],
2026-05-22 22:25:58,3795156287621927,拾欢,[捂脸],[等级15],[粉丝团 Lv13]
2026-05-22 22:25:59,470219582866307,忻安,哈哈哈哈,[等级17],[粉丝团 Lv15]
2026-05-22 22:25:59,108802633246,泡沫🫧,哈哈,[等级2],
2026-05-22 22:25:59,53136197759,𝗦·𝗝𝘂𝗻¹²𝗟𝗲𝗼𖠚ᐝ,[捂脸][捂脸][捂脸],[等级28],[粉丝团 Lv15]
2026-05-22 22:26:01,2194217996397707,夏诉离莂,老黑就问你难受不难受[看],[等级13],
2026-05-22 22:26:01,99372859314,启  夏,哈哈哈,[等级25],[粉丝团 Lv15]
2026-05-22 22:26:01,2322637781999111,用户8670873791962,这几个号厉害,[等级13],
2026-05-22 22:26:01,772280035849376,🌹罗富贵🌹,h[捂脸],[等级29],
2026-05-22 22:26:01,95508962954,ഒᩚ🚬ಇ᭄一介ཽ俗人໊࿆ྃ,[捂脸][捂脸],[等级21],[粉丝团 Lv5]
2026-05-22 22:26:03,981177129516227,？ ？？,感觉有点透透的,[等级18],[粉丝团 Lv14]
2026-05-22 22:26:03,275348588338515,吾名,[捂脸][捂脸],[等级1],
2026-05-22 22:26:03,74030584859,梦思,哈哈哈,[等级24],
2026-05-22 22:26:03,1530174358163047,不知不觉九月,完犊子,[等级15],
2026-05-22 22:26:03,3432052796172665,浩子爹,哈哈哈哈哈,[等级1],[粉丝团 Lv1]
2026-05-22 22:26:03,200580296878250,ο▬▬▬◙▅▅▆▆▆▆◤千,[捂脸][捂脸][捂脸][捂脸][捂脸],[等级7],[粉丝团 Lv10]
2026-05-22 22:26:03,590893464955795,111,[捂脸][捂脸][捂脸],[等级1],[粉丝团 Lv4]
2026-05-22 22:26:05,96675401069,兜兜有糖,哈哈哈[捂脸],[等级11],
2026-05-22 22:26:05,95442492567,破浪,[泪奔][泪奔],[等级29],[粉丝团 Lv12]
2026-05-22 22:26:05,96618801025,机智的小胖哥,还嘻嘻吗,[等级4],
2026-05-22 22:26:07,659309352983392,一笑赴山海,[捂脸][捂脸][捂脸][捂脸],[等级44],
2026-05-22 22:26:07,1455350881721268,弋🍓🍓,厉害,[等级13],[粉丝团 Lv12]
2026-05-22 22:26:07,4107385600229064,世弌,[捂脸][捂脸][捂脸],[等级29],[粉丝团 Lv13]
2026-05-22 22:26:07,72911646362,符子诚,好幸福[捂脸][捂脸],[等级29],[粉丝团 Lv2]
2026-05-22 22:26:07,111318541962,late,什么玩,[等级15],[粉丝团 Lv3]
2026-05-22 22:26:09,99951692879,茶壶,[捂脸][捂脸][捂脸][捂脸],[等级27],
2026-05-22 22:26:09,98373352228,W！,掉大分,[等级41],[粉丝团 Lv12]
2026-05-22 22:26:09,97629310729,jj一般不随便,碰到高手l,[等级35],[粉丝团 Lv2]
2026-05-22 22:26:11,336921297952564,蝴蝶，7,[捂脸][捂脸][捂脸][捂脸],[等级7],[粉丝团 Lv6]
2026-05-22 22:26:11,59180132182,可否许我在少年,这么猛吗敌人,[等级7],[粉丝团 Lv7]
2026-05-22 22:26:11,102214837361,张不胖.,16个,[等级19],[粉丝团 Lv11]
2026-05-22 22:26:11,1925968217518568,茅台,[捂脸][捂脸][捂脸][捂脸][捂脸],[等级30],[粉丝团 Lv8]
2026-05-22 22:26:11,2040294795387166,ο▬▬▬▬▬▬◙▅▅▅▆▆▆▆▆▆▇▇◤,什么丸,[等级1],
2026-05-22 22:26:12,110940994932,听 棠,[看],[等级25],
2026-05-22 22:26:12,63009990319,Grace·Fiona,什么玩,[等级21],[粉丝团 Lv5]
2026-05-22 22:26:13,101637886643,拾柒岁的天空,今晚有问题啊[看],[等级18],[粉丝团 Lv4]
2026-05-22 22:26:14,109109492047,z浩哥,哈哈哈哈哈哈,[等级7],
2026-05-22 22:26:14,87872643486,村口的过客,招募一下,[等级21],[粉丝团 Lv11]
2026-05-22 22:26:15,3413334368722349,小阿悄,高手,[等级15],[粉丝团 Lv11]
2026-05-22 22:26:15,69463840673,水果魔君果粒陈,舒服了[赞],[等级7],
2026-05-22 22:26:15,2645409141902,*.,高手,[等级7],
2026-05-22 22:26:15,97936031738,ℒMx   乔⁷,[捂脸][捂脸][捂脸],[等级18],[粉丝团 Lv12]
2026-05-22 22:26:15,103790275797,广说,天塌了，人机王子,[等级8],[粉丝团 Lv9]
2026-05-22 22:26:16,2040294795387166,ο▬▬▬▬▬▬◙▅▅▅▆▆▆▆▆▆▇▇◤,[看][看],[等级1],
2026-05-22 22:26:16,4376484488429220,圈,乐极生悲啊,[等级15],[粉丝团 Lv9]
2026-05-22 22:26:16,88017468513,𝐋𝐢𝐟𝐞𝐥𝐢𝐧𝐞 ,这俩人确实猛,[等级11],
2026-05-22 22:26:16,3557665193860644,梅钞疯 󰠇,什么丸？？？,[等级20],[粉丝团 Lv12]
2026-05-22 22:26:17,105208682767,宛,三号妹子啊,[等级12],[粉丝团 Lv6]
2026-05-22 22:26:17,2824008837643668,Hom,没麦，招募好点,,
2026-05-22 22:26:17,2287430138602391,唯一的执着,会玩的,[等级18],[粉丝团 Lv2]
2026-05-22 22:26:17,62805828745,꧔ꦿ℘孤💞᭄᪲ᩚ꯭ᩚ狼💞᭄᪲ᩚ,高兴早了吧,[等级18],[粉丝团 Lv10]
2026-05-22 22:26:17,3424323379665196,影帝,哈哈哈哈,[等级11],[粉丝团 Lv9]
2026-05-22 22:26:18,68128483419,秋霜,高玩,[等级33],[粉丝团 Lv12]
2026-05-22 22:26:18,88787629778,舍得,黑子说话,[等级13],[粉丝团 Lv7]
2026-05-22 22:26:18,92539883262,海岛胖虎,没身法，枪贼准[捂脸],[等级14],[粉丝团 Lv11]
2026-05-22 22:26:19,936422219978456,用户5537549812505,终于挂了,[等级13],
2026-05-22 22:26:19,1257437656002798,某某.,瞬间不幸福了,[等级34],[粉丝团:张君雅 Lv16]
2026-05-22 22:26:19,1933369031537513,.369,不笑了,[等级11],
2026-05-22 22:26:19,200580296878250,ο▬▬▬◙▅▅▆▆▆▆◤千,还撇雷呢,[等级7],[粉丝团 Lv10]
2026-05-22 22:26:20,82118318153,强哥,人机打多了,[等级13],[粉丝团 Lv4]
2026-05-22 22:26:20,63991137535,比墨只厌,[看]今天遇到过了,[等级28],
2026-05-22 22:26:20,94090177921,唯念,接了两波子弹,[等级33],[粉丝团 Lv8]
2026-05-22 22:26:20,981177129516227,？ ？？,你还没露头就开提前枪,[等级18],[粉丝团 Lv14]
2026-05-22 22:26:20,4312762483477248,村里有个姑娘叫小芳,招募去啊,[等级3],[粉丝团 Lv3]
2026-05-22 22:26:20,4138190682982019,Mr曹 ⃕࿄༉゛,怎么回事？,,
2026-05-22 22:26:20,3408098413512419,心静自然,这几个会玩,[等级30],[粉丝团 Lv11]
2026-05-22 22:26:21,2947113709475708,@邝  爺,还飘不飘了。,[等级22],
2026-05-22 22:26:21,3316583541518749,用户8851799475283,菊哥被吓死的[捂脸][捂脸],,
2026-05-22 22:26:21,3413334368722349,小阿悄,高手,[等级15],[粉丝团 Lv11]
2026-05-22 22:26:21,4233546532927219,🉑🈶🉑🈚,招募吧,[等级20],[粉丝团 Lv10]
2026-05-22 22:26:21,52391337420,老黄瓜🥒,都是高手,[等级15],[粉丝团 Lv7]
2026-05-22 22:26:22,59135773001,Calm,这雷这么准,[等级11],[粉丝团 Lv2]
2026-05-22 22:26:22,96261969310,酒醉人不归,枪法真准,[等级15],[粉丝团 Lv10]
2026-05-22 22:26:22,4366896975316483,华丽山峰,战神也不过如此[捂脸][捂脸][捂脸][捂脸],[等级15],[粉丝团 Lv1]
2026-05-22 22:26:22,88017468513,𝐋𝐢𝐟𝐞𝐥𝐢𝐧𝐞 ,轻敌了,[等级11],
2026-05-22 22:26:23,2557938630138812,土狗钙中钙,赛季最后一天了一天，嘎嘎掉大分[捂脸],[等级14],
2026-05-22 22:26:23,4004835685841444,㞢卄,老黑今天不厉害呀,[等级9],[粉丝团 Lv2]
2026-05-22 22:26:24,22406739006603,清醒的沉沦,钢枪选手,[等级20],[粉丝团 Lv8]
2026-05-22 22:26:24,110940994932,听 棠,今晚掉大分,[等级25],
2026-05-22 22:26:24,1925968217518568,茅台,[捂脸][捂脸][捂脸][捂脸],[等级30],[粉丝团 Lv8]
2026-05-22 22:26:25,59580998652,安可予,不喜欢吃鸡吗？,[等级2],
2026-05-22 22:26:25,66552084486,小怪兽😈,这队感觉有问题,[等级36],[粉丝团 Lv10]
2026-05-22 22:26:26,466670364393783,袖下敛青川,人机杀多了,[等级14],[粉丝团 Lv2]
2026-05-22 22:26:27,2452359987344843,晚秋.,怎么不举报,[等级30],[粉丝团 Lv4]
2026-05-22 22:26:28,2972721356223912,爱就一个字,张老黑这把死得冤枉,[等级11],[粉丝团 Lv3]
2026-05-22 22:26:28,3470525597753245,张有才,今天周末高手多,[等级1],
2026-05-22 22:26:28,97330506687,有缘路人,这些人都会玩,[等级28],[粉丝团 Lv11]
2026-05-22 22:26:28,732732126936442,Hxt,误入高端局,[等级16],[粉丝团 Lv5]
2026-05-22 22:26:28,97268228344,人生几十载,这几个会玩,[等级5],
2026-05-22 22:26:29,100910484972,ㅤ ㅤㅤㅤ ㅤ,什么丸,[等级19],[粉丝团 Lv12]
2026-05-22 22:26:29,3026313514074199,🤔剑来✨,本来局哥可以一打四的，看到你没了，故意放水了,[等级23],[粉丝团 Lv5]
2026-05-22 22:26:29,1185721257299652,乘风破浪,周末高手多，被打惨了,,
2026-05-22 22:26:29,2630455349489196,我要出去玩,对面是挂,[等级25],
2026-05-22 22:26:29,62800628291,阿鹿,露头就秒,[等级24],[粉丝团 Lv7]
2026-05-22 22:26:30,98443382745,🍓希希💋,[呲牙][呲牙][呲牙]我是3号,[等级27],[粉丝团 Lv13]
2026-05-22 22:26:30,1925968217518568,茅台,[捂脸][捂脸][捂脸],[等级30],[粉丝团 Lv8]
2026-05-22 22:26:31,104600621959,戒心,用头接雷你是真头铁,[等级26],[粉丝团 Lv8]
2026-05-22 22:26:31,51894721128,十亿战神尊魂幡,对面很强,[等级20],[粉丝团 Lv1]
2026-05-22 22:26:31,3012311356015880,像风一样的人,[捂脸][捂脸][捂脸][捂脸],[等级21],[粉丝团 Lv7]
2026-05-22 22:26:31,1852009193418295,999,门打开接了个雷,[等级24],[粉丝团 Lv12]
2026-05-22 22:26:32,97014636164,七喜,高手,[等级20],[粉丝团 Lv3]
2026-05-22 22:26:32,98741894635,打发时间.,招募呗,[等级32],[粉丝团 Lv9]
2026-05-22 22:26:34,17211517315160,☆_☆星空☆_☆,打人机打多了[捂脸][捂脸][捂脸][捂脸][捂脸][捂脸][捂脸][捂脸][捂脸][捂脸][捂脸][捂脸][捂脸][捂脸][捂脸][捂脸][捂脸][捂脸][捂脸][捂脸][捂脸][捂脸][捂脸],[等级15],
2026-05-22 22:26:34,1530155757474296,玩鱼不养鱼,全是提前枪,[等级11],[粉丝团 Lv4]
2026-05-22 22:26:35,1728065454751395,小蒙,没透哪有那么快,[等级11],
2026-05-22 22:26:35,3913913666903720,太阳☀,直接反打，反应很快,[等级41],[粉丝团 Lv13]
2026-05-22 22:26:36,4065352233259779,AAA陈田拆车件,今天晚上都是拼命 找刺激的,,
2026-05-22 22:26:36,91692192767,安○逸,小冲锋枪挺狠啊,[等级8],[粉丝团 Lv6]
2026-05-22 22:26:36,883634246525351,🫵🏻,发不过就是透？,[等级16],[粉丝团 Lv10]
2026-05-22 22:26:37,189542483115191,我不是Kevin,不嘻嘻了,[等级23],
2026-05-22 22:26:37,94511118465,及时止损,人机杀多了，遇到真人大意了,[等级2],
2026-05-22 22:26:38,132399380304215,百分之二,人机杀多了，手感失误了[尬笑][尬笑][尬笑][尬笑][尬笑][尬笑][尬笑][尬笑][尬笑][尬笑][尬笑],[等级13],[粉丝团 Lv10]
2026-05-22 22:26:38,62064663665,拆骨成诗,虽然主播嘎了，但是爱看这种高手对决局,[等级10],[粉丝团 Lv2]
2026-05-22 22:26:38,61382007757,꧁꫞꯭吉꫞꧂,12个头,[等级22],[粉丝团 Lv11]
2026-05-22 22:26:40,104645035106,海蓝多蓝,战神高手,[等级27],
2026-05-22 22:26:41,69260020651,ZDL,信号枪呢,[等级11],[粉丝团 Lv10]
2026-05-22 22:26:42,4037039821952606,冬雨夏雪,有脏东西,[等级42],[粉丝团 Lv13]
2026-05-22 22:26:42,135964883951687,you(^_^)丹,露就秒[捂脸],[等级9],
2026-05-22 22:26:42,101289462336,广西妹💞,[捂脸][捂脸],[等级24],[粉丝团 Lv9]
2026-05-22 22:26:44,2947113709475708,@邝  爺,人机杀多久不是好事[捂脸][捂脸][捂脸][捂脸],[等级22],
2026-05-22 22:26:44,80744237861,无妄生欢,一队都是被一个人杀的,[等级15],[粉丝团 Lv4]
2026-05-22 22:26:44,109109492047,z浩哥,前面人机打太多了。,[等级7],
2026-05-22 22:26:45,101875225014,🐮,对手枪太准了,[等级15],[粉丝团 Lv7]
2026-05-22 22:26:45,2452359987344843,晚秋.,怎么不举报一手,[等级30],[粉丝团 Lv4]
2026-05-22 22:26:45,2422974704784398,情剩,老黑还的练呀,[等级9],[粉丝团 Lv3]
2026-05-22 22:26:46,98741894635,打发时间.,招募呗,[等级32],[粉丝团 Lv9]
2026-05-22 22:26:46,96371398580,🕊ღ᭄ꦿ꯭毒 🕊蝎ঞ子 ꦿ᭄💞🕊,终于碰到对手了[捂脸][捂脸][捂脸][捂脸],[等级28],
2026-05-22 22:26:46,2630455349489196,我要出去玩,窗口那一波，直接锁头的,[等级25],
2026-05-22 22:26:47,3954312606928571,...irty～～,嘻嘻不嘻嘻,[等级12],
2026-05-22 22:26:47,4194001283195769,暴露出来了吗,连续碎三把了,,
2026-05-22 22:26:48,69260020651,ZDL,送人了,[等级11],[粉丝团 Lv10]
2026-05-22 22:26:48,55159220102,BWRZ（记录美好）,有些弹幕还搞笑地说这是人机局，那刚才那队是啥[看],[等级36],[粉丝团 Lv16]
2026-05-22 22:26:50,17211517315160,☆_☆星空☆_☆,不知道怎么打了[捂脸][捂脸][捂脸][捂脸][捂脸][捂脸][捂脸][捂脸][捂脸][捂脸][捂脸][捂脸][捂脸][捂脸][捂脸][捂脸][捂脸][捂脸][捂脸][捂脸][捂脸][捂脸][捂脸][捂脸],[等级15],
2026-05-22 22:26:50,2245645073385516,。。。。。。👌,@用户1414026308522,[等级1],
2026-05-22 22:26:51,99235861882,ℋღ᭄财附自由💓࿐,@勇 哥 那是敌人的瞬爆雷,[等级22],
2026-05-22 22:26:52,2138965683737065,酒久,主播这么厉害都被打死了对面肯定是挂,[等级33],
2026-05-22 22:26:52,2552391370279546,用户4623139750388,是不喜欢吃鸡吗？,,
2026-05-22 22:26:52,1530976442254383,带五个孤儿住天桥底下,怎么没有人扣问号了,[等级27],[粉丝团 Lv11]
2026-05-22 22:26:53,4107385600229064,世弌,猫局真逗。手里拿着雷，人家直接上来了[捂脸],[等级29],[粉丝团 Lv13]
2026-05-22 22:26:55,102334226470,始兴野狼户外（刘帮主）,队友两人重合[捂脸]，一炮双响[捂脸][呲牙],[等级13],[粉丝团 Lv8]
2026-05-22 22:26:56,108825768878,南山居士,对面也是运气极佳,[等级1],
2026-05-22 22:26:57,588940244944333,哟哟哟,瞬间不开心了[捂脸][捂脸][捂脸],[等级22],[粉丝团 Lv7]
2026-05-22 22:26:58,73575610085,熬醒了,幸福来得很突然,[等级29],
2026-05-22 22:26:58,2933110340847693,提笔画忧愁,神兽,[等级7],[粉丝团 Lv5]
2026-05-22 22:26:58,100326619890,勿忧,自瞄,[等级4],[粉丝团 Lv2]
2026-05-22 22:26:58,97316037817,微笑里的甜,老黑接子弹是因为对方有透，不然不可能那么快反应。,[等级13],
2026-05-22 22:27:00,69331207568,涵总,这不是战神局,[等级4],
2026-05-22 22:27:00,466670364393783,袖下敛青川,今晚高手太多了,[等级14],[粉丝团 Lv2]
2026-05-22 22:27:02,2085090460961021,希望的田野,战神局吗？,[等级2],
2026-05-22 22:27:03,936422219978456,用户5537549812505,这把稳凉,[等级13],
2026-05-22 22:27:03,4125830879644147,兔子🌈,这游戏三百多年了，会玩的多了去了,[等级1],
2026-05-22 22:27:03,100228336934,忍住不想说,子曰年轻时不能太顺,[等级29],
2026-05-22 22:27:03,3778386515474196,陈先生,近战冲锋枪比步枪牛,[等级13],[粉丝团 Lv10]
2026-05-22 22:27:04,96427723255,傻大鹅🫧,那个人打人特别准，补人一梭子差点没补死,[等级29],[粉丝团 Lv9]
2026-05-22 22:27:05,2452359987344843,晚秋.,雅雅自闭了,[等级30],[粉丝团 Lv4]
2026-05-22 22:27:07,88017468513,𝐋𝐢𝐟𝐞𝐥𝐢𝐧𝐞 ,提前枪跟预判雷都特准，太巧了,[等级11],
2026-05-22 22:27:08,2493295060848539,快到碗里来,高手玩家,[等级25],[粉丝团 Lv4]
2026-05-22 22:27:09,57014605134,杜百万,这局还要碎[捂脸],[等级13],
2026-05-22 22:27:09,99240303123,🔥影儿🔥,乐极生悲,[等级16],[粉丝团 Lv10]
2026-05-22 22:27:09,97316037817,微笑里的甜,有脏东西,[等级13],
2026-05-22 22:27:09,4312762483477248,村里有个姑娘叫小芳,雅雅瞬间不开森了[捂脸],[等级3],[粉丝团 Lv3]
2026-05-22 22:27:10,98466380863,陈多多,猫句故意死的[呲牙],[等级23],[粉丝团 Lv2]
2026-05-22 22:27:10,63416229807,风沙迷了眼⁵¹⁰⁷⁴,[捂脸][捂脸][捂脸][捂脸][捂脸][捂脸],[等级21],[粉丝团 Lv15]
2026-05-22 22:27:10,101731606103,美石,高级玩家,[等级18],
2026-05-22 22:27:11,70011250018686,爱,嘿嘿嘿,[等级7],
2026-05-22 22:27:11,96618801025,机智的小胖哥,急了,[等级4],
2026-05-22 22:27:11,1925968217518568,茅台,[捂脸][捂脸],[等级30],[粉丝团 Lv8]
2026-05-22 22:27:11,2220639168496084,Mark•X 罗,[捂脸][捂脸][捂脸][捂脸][捂脸],[等级7],
2026-05-22 22:27:11,1522199050333672,綦河里的鱼,人机杀的爽不爽,[等级14],[粉丝团 Lv11]
2026-05-22 22:27:12,3705782183399833,冰雨,哈哈哈,,
2026-05-22 22:27:12,98741894635,打发时间.,招募呗,[等级32],[粉丝团 Lv9]
2026-05-22 22:27:12,73575610085,熬醒了,哈哈,[等级29],
2026-05-22 22:27:12,1852009193418295,999,对面也不怎么样。只是接了个雷,[等级24],[粉丝团 Lv12]
2026-05-22 22:27:13,4314111568524791,Hｉ念酒,哈哈哈哈[捂脸],[等级8],
2026-05-22 22:27:13,101325446099,小汤🌈,分都不要了，属于是,[等级12],
2026-05-22 22:27:13,7465029989924209724,7,[酷拽],[等级9],[粉丝团 Lv6]
2026-05-22 22:27:13,3544473905937592,全有,快服 速效救心丸[捂脸][捂脸],[等级25],[粉丝团 Lv6]
2026-05-22 22:27:13,1134350379006733,烟酒生,哈哈,[等级19],[粉丝团 Lv5]
2026-05-22 22:27:13,99909203177,何人来渡我🐰,人机淘汰王就此陨落[捂脸],[等级38],
2026-05-22 22:27:14,2307247892860760,21u²⁰²⁶,哈哈哈,[等级4],
2026-05-22 22:27:14,89881745806,诺言,哈哈哈,[等级13],
2026-05-22 22:27:14,1041989997167927,往前走、别回头,哈哈哈,[等级22],[粉丝团 Lv3]
2026-05-22 22:27:14,93576336740,南书,哈哈,[等级4],[粉丝团 Lv4]
2026-05-22 22:27:15,3213218887761920,月子哥的干爹,哈哈哈哈哈哈哈哈哈哈哈,[等级23],
2026-05-22 22:27:15,66889957079,杨一笑,哈哈,[等级23],[粉丝团 Lv2]
2026-05-22 22:27:15,73587275190,Hh*,感觉猫局心态真好,[等级11],
2026-05-22 22:27:15,71533879276,懒得起名字,哈哈哈哈,[等级15],[粉丝团 Lv9]
2026-05-22 22:27:16,69984218742,子潼,哈哈哈，就哈哈哈，还呵呵呵,[等级28],
2026-05-22 22:27:16,81171962877,郭子,哈哈哈,[等级13],
2026-05-22 22:27:16,75885705876,tAN~💱🔰,哈哈哈哈,[等级31],[粉丝团 Lv12]
2026-05-22 22:27:16,106222944246,江湾,[捂脸],[等级2],
2026-05-22 22:27:17,76786388221,🌈 海龍_,哈哈,[等级24],[粉丝团 Lv11]
2026-05-22 22:27:17,85379485661,盼妮,[捂脸][捂脸],[等级24],[粉丝团 Lv11]
2026-05-22 22:27:17,68341523549,47哥哥,哈哈哈,[等级11],
2026-05-22 22:27:18,3609067618830012,地藏,破大防,[等级16],
2026-05-22 22:27:18,4176407033557664,琬渝,[看],[等级24],
2026-05-22 22:27:18,4862013350589,厉扑,哈哈哈哈哈,[等级21],[粉丝团 Lv11]
2026-05-22 22:27:18,1592540472816152,一呦,哈哈哈哈哈哈,,
2026-05-22 22:27:18,101776650203,尽欢,[看][看],[等级26],[粉丝团 Lv4]
2026-05-22 22:27:18,121365650221987,一点也不好🖤,呵呵呵,[等级13],[粉丝团 Lv11]
2026-05-22 22:27:19,3949906485094702,第57个民族：睡眠不足,嘻嘻嘻,[等级33],[粉丝团 Lv15]
2026-05-22 22:27:19,96725927405,塔寨村林耀东。,嘿嘿嘿,[等级12],[粉丝团 Lv11]
2026-05-22 22:27:19,88787629778,舍得,黑子说话,[等级13],[粉丝团 Lv7]
2026-05-22 22:27:19,1033988883613278,止语,哈哈哈,[等级4],[粉丝团 Lv3]
2026-05-22 22:27:19,101278244039,䲷雄？彭少。,666,[等级26],[粉丝团 Lv4]
2026-05-22 22:27:19,65283106296,嘟米,还不如带菜副总和蛙宝，节目效果更好,[等级5],[粉丝团 Lv10]
2026-05-22 22:27:19,98947573929,周sir,[捂脸][捂脸][捂脸],[等级21],[粉丝团 Lv10]
2026-05-22 22:27:19,99372859314,启  夏,就打哈哈哈哈哈哈哈哈,[等级25],[粉丝团 Lv15]
2026-05-22 22:27:20,95897482345,豪仔,直接打沉默了[捂脸],[等级8],[粉丝团 Lv9]
2026-05-22 22:27:20,902065896035198,柒日欢喜,[捂脸][捂脸],[等级24],[粉丝团 Lv4]
2026-05-22 22:27:20,448245226810199,OnlyYou↔,哈哈哈哈哈,[等级12],[粉丝团 Lv10]
2026-05-22 22:27:20,101113424883,加菲猫,咋又开了一把啊，哈哈哈哈哈哈[看][看],[等级17],
2026-05-22 22:27:21,54421526629,🌈猫,没关系没关系[捂脸][捂脸][捂脸],[等级26],[粉丝团 Lv11]
2026-05-22 22:27:21,2018300481773976,喜😘😘秋,哈哈哈,[等级25],[粉丝团 Lv8]
2026-05-22 22:27:21,98477928999,斑鸠哥,哈哈哈,[等级16],
2026-05-22 22:27:21,102131139676,@行云流水——,@小怪兽😈 啥问题,[等级15],
2026-05-22 22:27:21,108244745309,守心自安澜,什么丸？[捂脸],[等级25],[粉丝团 Lv10]
2026-05-22 22:27:21,2507346480214990,画春山,得意忘形,[等级20],[粉丝团 Lv8]
2026-05-22 22:27:21,60125675703,小刘同学,哈哈哈,[等级12],
2026-05-22 22:27:22,3996063592881981,@@🚬yangꦿ᭄ཽ࿆࿆:,不哈哈，就嘿嘿[捂脸][捂脸][捂脸],[等级15],[粉丝团 Lv10]
2026-05-22 22:27:22,82118318153,强哥,哈哈哈哈,[等级13],[粉丝团 Lv4]
2026-05-22 22:27:22,70294283620,叼着奶瓶的中登,哈哈哈哈哈[捂脸][捂脸][捂脸][捂脸][捂脸],[等级33],[粉丝团 Lv11]
2026-05-22 22:27:23,74526960222,差不多先生,哈哈哈哈,[等级17],[粉丝团 Lv6]
2026-05-22 22:27:23,1547768063601607,✔688,哈哈哈还不让乐了[捂脸][捂脸][捂脸],[等级43],[粉丝团 Lv12]
2026-05-22 22:27:23,93332543630,꧁国宝꧂,帮硬,[等级22],
2026-05-22 22:27:24,4276435482321687,SovoeF.1.1,哈哈哈,[等级11],
2026-05-22 22:27:24,4233546532927219,🉑🈶🉑🈚,嘿嘿嘿，可以吗,[等级20],[粉丝团 Lv10]
2026-05-22 22:27:24,1560947581518232,呦吼😎,尿出来两滴,[等级15],[粉丝团 Lv6]
2026-05-22 22:27:25,1429798974399790,江湖人（小  二）,哈哈哈哈哈哈哈哈哈😊,[等级32],
2026-05-22 22:27:25,13433227453,无言,哈哈哈,[等级14],[粉丝团 Lv1]
2026-05-22 22:27:25,3470525597753245,张有才,周末高手多,[等级1],
2026-05-22 22:27:25,102012879408,忄,找人出气了[看][看][看],[等级11],
2026-05-22 22:27:25,103811404276,💎Sooyaxxx21.💎,打不过就举报嘛[捂脸],[等级9],[粉丝团 Lv11]
2026-05-22 22:27:25,100145372233,😤,哈啊哈哈哈,[等级33],
2026-05-22 22:27:25,3117857857342636,一搓一蹦跶,今天不是人机就是高手[捂脸],[等级33],[粉丝团 Lv5]
2026-05-22 22:27:26,96005113653,山海声,着队有问题吧,[等级23],[粉丝团 Lv6]
2026-05-22 22:27:27,1629925353728419,superhero.,哈哈哈哈哈哈哈哈哈[捂脸][捂脸][捂脸][捂脸][捂脸][捂脸][捂脸][捂脸],[等级11],[粉丝团 Lv6]
2026-05-22 22:27:27,70011250018686,爱,嘿嘿嘿,[等级7],
2026-05-22 22:27:27,1582950388343566,高冷橙🤍,笑容转移到我们脸上了[看],[等级14],[粉丝团 Lv10]
2026-05-22 22:27:27,108593645620,Y,嘻嘻嘻,[等级21],[粉丝团 Lv2]
2026-05-22 22:27:27,100145372233,😤,哈哈哈哈,[等级33],
2026-05-22 22:27:27,1644525708386619,八九野马,系统先甜后苦,[等级21],
2026-05-22 22:27:28,1113180618894655,北极之星,哈哈  和黑 嘿嘿,[等级24],[粉丝团 Lv5]
2026-05-22 22:27:28,104432719593,赞美愚者,那打什么？略略略,[等级34],[粉丝团 Lv2]
2026-05-22 22:27:29,97269578916,少年从来不缺从头头头头头头再来的勇气32,那我嘿嘿嘿行吗？,[等级14],[粉丝团 Lv10]
2026-05-22 22:27:29,356694290338254,最美的太阳，,哈喽哈喽,[等级10],
2026-05-22 22:27:29,81923643945,不知道,哦,[等级21],
2026-05-22 22:27:30,77900512417,情深缘浅,什么？哈哈哈哈哈哈哈哈哈,,
2026-05-22 22:27:30,2493295060848539,快到碗里来,高手玩家=高玩,[等级25],[粉丝团 Lv4]
2026-05-22 22:27:30,101113424883,加菲猫,咋又开了一把啊，哈哈哈哈哈哈[看][看],[等级17],
2026-05-22 22:27:30,4503696736605300,晓东,呜呜呜呜呜呜呜呜呜呜呜呜呜呜呜呜呜呜呜呜呜呜呜呜呜呜呜呜呜呜呜呜呜呜呜呜呜呜呜呜呜呜呜呜呜呜呜呜呜呜,[等级32],[粉丝团 Lv6]
2026-05-22 22:27:31,247862868838872,林曦,@🤔剑来✨ 哈哈哈哈哈,[等级5],[粉丝团 Lv3]
2026-05-22 22:27:31,1530976442254383,带五个孤儿住天桥底下,哈哈哈哈,[等级27],[粉丝团 Lv11]
2026-05-22 22:27:31,96615017283,开开心心的每一天,去求了吧！,[等级9],
2026-05-22 22:27:31,70492044030,紫痕9099,赛季末 无所谓了 钢枪才好看[捂脸][捂脸][捂脸],[等级15],[粉丝团 Lv13]
2026-05-22 22:27:31,2423763099990823,0⃣️0⃣️,[捂脸][捂脸][捂脸]没有忍住[捂脸][捂脸],[等级17],[粉丝团 Lv10]
2026-05-22 22:27:32,4375654207062478,ঞᩚ᭄꯭꯭꯭维他命ꦺړ,开也没用[捂脸][捂脸][捂脸][捂脸][捂脸],[等级26],
2026-05-22 22:27:33,59162977083,福元,这把也有小番茄[看],[等级15],[粉丝团 Lv7]
2026-05-22 22:27:33,91966941798,迦南,嘿嘿嘿嘿嘿嘿嘿嘿嘿,[等级9],
2026-05-22 22:27:33,7571745879104406565,𝑨꯭𝑰꯭𝒐꯭𝒏꯭𝒆꯭。,尿都打出来了[捂脸],[等级2],
2026-05-22 22:27:33,88017468513,𝐋𝐢𝐟𝐞𝐥𝐢𝐧𝐞 ,那俩是不是有透视？,[等级11],
2026-05-22 22:27:33,99460247743,日行一善²⁰²⁶,本来不想笑的，你一说我突然就想笑了[捂脸],[等级12],[粉丝团 Lv10]
2026-05-22 22:27:33,2018300481773976,喜😘😘秋,哈哈哈哈哈哈哈哈哈哈,[等级25],[粉丝团 Lv8]
2026-05-22 22:27:33,93332934159,满天星,这么燥的吗[大笑],[等级11],
2026-05-22 22:27:34,104645035106,海蓝多蓝,这是钢枪高手,[等级27],
2026-05-22 22:27:34,97254639011,向日葵🌻,哈哈哈哈哈哈哈哈,[等级6],
2026-05-22 22:27:34,1075773400438494,还会再见吗,66,[等级3],[粉丝团 Lv6]
2026-05-22 22:27:34,2947113709475708,@邝  爺,尿吓出来的[捂脸][捂脸],[等级22],
2026-05-22 22:27:35,70011250018686,爱,嘎嘎嘎,[等级7],
2026-05-22 22:27:35,3954312606928571,...irty～～,离谱了，每个人都是露头秒,[等级12],
2026-05-22 22:27:36,132399380304215,百分之二,队友的无人机,[等级13],[粉丝团 Lv10]
2026-05-22 22:27:36,4065352233259779,AAA陈田拆车件,？,,
2026-05-22 22:27:36,103381028080,plueto,你看，又急,[等级8],
2026-05-22 22:27:36,73575610085,熬醒了,周末高手多,[等级29],
2026-05-22 22:27:36,105622673029,王先生,打得喷尿[捂脸][捂脸][捂脸],[等级12],[粉丝团 Lv12]
2026-05-22 22:27:36,3843486800422620,胡斯乐,哈哈,[等级27],[粉丝团 Lv9]
2026-05-22 22:27:36,2524950012380248,起风了、、、、,好粗暴的声音,[等级35],[粉丝团 Lv4]
2026-05-22 22:27:37,135964883951687,you(^_^)丹,对面不正常,[等级9],
2026-05-22 22:27:38,3705782183399833,冰雨,[玫瑰][玫瑰][玫瑰]哈哈哈,,
2026-05-22 22:27:39,4503696736605300,晓东,呜呜呜呜呜呜呜呜呜呜呜呜呜呜呜呜呜呜呜呜呜呜呜呜呜呜呜呜呜呜呜呜呜,[等级32],[粉丝团 Lv6]
2026-05-22 22:27:39,2018300481773976,喜😘😘秋,哈哈哈哈哈哈哈哈哈哈,[等级25],[粉丝团 Lv8]
2026-05-22 22:27:39,2575483865934928,幽灵,@🍓希希💋 [捂脸][捂脸][捂脸][捂脸][捂脸],[等级19],[粉丝团 Lv10]
2026-05-22 22:27:39,3038671002406011,【梦里啥都有】,屎都给你打出来了,[等级11],[粉丝团 Lv5]
2026-05-22 22:27:40,2040294795387166,ο▬▬▬▬▬▬◙▅▅▅▆▆▆▆▆▆▇▇◤,尿打出来了用垂直堵上[看],[等级1],
2026-05-22 22:27:40,247862868838872,林曦,1,[等级5],[粉丝团 Lv3]
2026-05-22 22:27:40,3544449118126824,爱吃醋的李,太飘了,[等级25],[粉丝团 Lv11]
2026-05-22 22:27:41,92516088456,花落知多少,这要是开预言，很刺激啊！,[等级20],[粉丝团 Lv12]
2026-05-22 22:27:42,2774767960850868,风雨同舟,人机打多了,[等级33],
2026-05-22 22:27:42,70011250018686,爱,嘎嘎嘎,[等级7],
2026-05-22 22:27:42,3778386515474196,陈先生,@广西妹💞 真爱没了,[等级13],[粉丝团 Lv10]
2026-05-22 22:27:42,2008123892045743,嘚你个浪呀嘛浪打浪,幸福的时光是短暂的[捂脸],[等级10],[粉丝团 Lv5]
2026-05-22 22:27:43,111438436586,真就九漏鱼²⁰²⁶,那就嘻嘻,[等级14],[粉丝团 Lv11]
2026-05-22 22:27:43,93159589398,海苔猫猫咪,笑死了,[等级14],[粉丝团 Lv1]
2026-05-22 22:27:44,247862868838872,林曦,2,[等级5],[粉丝团 Lv3]
2026-05-22 22:27:44,820677670874297,康康这个世界,哈哈哈哈哈哈,[等级8],
2026-05-22 22:27:44,94511118465,及时止损,人机杀多少了，还以为是青铜局,[等级2],
2026-05-22 22:27:44,3544473905937592,全有,你们再打 哈哈哈，小心她用尿呲你们[捂脸][捂脸],[等级25],[粉丝团 Lv6]
2026-05-22 22:27:44,509818415880967,中意李,哈哈哈,[等级7],[粉丝团 Lv6]
2026-05-22 22:27:47,71052094484,꧁💞时光不᭄ᩚ꯭ᩚ语꧂,尿尿[666][666][666],,
2026-05-22 22:27:47,2018300481773976,喜😘😘秋,哈哈哈哈哈哈哈哈哈哈,[等级25],[粉丝团 Lv8]
2026-05-22 22:27:48,3852291762041080,光头有点闲,反正最后一天，无所谓了,[等级14],[粉丝团 Lv13]
2026-05-22 22:27:48,127163134649991,李四哥,老黑连尿打出来了[捂脸][捂脸],[等级10],[粉丝团 Lv10]
2026-05-22 22:27:48,135964883951687,you(^_^)丹,露点就一滴血了,[等级9],
2026-05-22 22:27:48,247862868838872,林曦,3,[等级5],[粉丝团 Lv3]
2026-05-22 22:27:49,74297283103,橘子🍊,爱播适合偷人  不适合贴脸,[等级15],[粉丝团 Lv1]
2026-05-22 22:27:50,98878505737,杰.,还好哈哈哈,,
2026-05-22 22:27:50,102131139676,@行云流水——,@小怪兽😈 你知道个der   玩过吗,[等级15],
2026-05-22 22:27:50,77900512417,情深缘浅,哈哈哈哈,,
2026-05-22 22:27:51,99240303123,🔥影儿🔥,嘘嘘去了,[等级16],[粉丝团 Lv10]
2026-05-22 22:27:51,73575610085,熬醒了,哈哈,[等级29],
2026-05-22 22:27:51,602184699620605,丝瓜皮呀,三秒拉裤子里,[等级29],
2026-05-22 22:27:52,100229770104,夢哥,哈哈哈哈哈,[等级12],
2026-05-22 22:27:52,64880252486,老李要逆袭,没洗手,[等级5],
2026-05-22 22:27:52,60125675703,小刘同学,哈哈哈[捂脸][捂脸][捂脸],[等级12],
2026-05-22 22:27:53,1455350881721268,弋🍓🍓,@小怪兽😈 准的离谱 每个人都是[看],[等级13],[粉丝团 Lv12]
2026-05-22 22:27:54,4503696736605300,晓东,呜呜呜呜呜呜呜呜呜呜呜呜呜呜呜呜,[等级32],[粉丝团 Lv6]
2026-05-22 22:27:55,104645035106,海蓝多蓝,打起自闭了[捂脸],[等级27],
2026-05-22 22:27:55,73575610085,熬醒了,哈哈,[等级29],
2026-05-22 22:27:55,92724691349,^初一,哈哈哈,[等级6],[粉丝团 Lv6]
2026-05-22 22:27:56,84676119351,小虎,哈哈哈,[等级7],
2026-05-22 22:27:56,4226964623724238,H……,哈哈哈哈哈,[等级5],[粉丝团 Lv3]
2026-05-22 22:27:56,2009542393864356,铭朗建筑小周,[呲牙][呲牙][呲牙],[等级34],[粉丝团 Lv10]
2026-05-22 22:27:56,17211517315160,☆_☆星空☆_☆,对手也是专打人机的[捂脸][捂脸][捂脸][捂脸][捂脸][捂脸][捂脸][捂脸][捂脸][捂脸][捂脸][捂脸][捂脸][捂脸][捂脸][捂脸][捂脸][捂脸][捂脸][捂脸][捂脸][捂脸][捂脸][捂脸][捂脸][捂脸][捂脸][捂脸][捂脸][捂脸][捂脸][捂脸][捂脸][捂脸][捂脸][捂脸][捂脸][捂脸][捂脸][捂脸][捂脸],[等级15],
2026-05-22 22:27:56,247862868838872,林曦,尿回来了吗,[等级5],[粉丝团 Lv3]
2026-05-22 22:27:57,3408098413512419,心静自然,尿三秒[捂脸],[等级30],[粉丝团 Lv11]
2026-05-22 22:27:57,76049833358,🍁文哥🍁,三秒,[等级11],[粉丝团 Lv11]
2026-05-22 22:27:57,60720763321,″北柠″🐾,杀人机的时候你也哈哈哈哈，哈哈哈哈,[等级34],[粉丝团 Lv8]
2026-05-22 22:27:58,7445294333001843770,炼乳,超过三秒了,[等级18],
2026-05-22 22:27:59,1794029961617984,酃,[捂脸][捂脸][捂脸],[等级17],[粉丝团 Lv12]
2026-05-22 22:27:59,3026313514074199,🤔剑来✨,嘿嘿嘿嘿嘿嘿,[等级23],[粉丝团 Lv5]
2026-05-22 22:28:00,109940465895,流年那么伤,倒水三秒都倒不完,[等级16],
2026-05-22 22:28:00,94690232153,若水,三秒了,[等级16],
2026-05-22 22:28:01,3817984312222104,冷笑柒,[看][看][看],[等级17],[粉丝团 Lv13]
2026-05-22 22:28:01,107998600503,再见是蓝,@🍓希希💋 [吐舌小狗],[等级22],
2026-05-22 22:28:01,73575610085,熬醒了,哈哈,[等级29],
2026-05-22 22:28:02,4200576286202567,睡到自然醒,高手用雷比较厉害，而且雷还很多[捂脸],[等级11],
2026-05-22 22:28:02,101731606103,美石,哈哈哈哈,[等级18],
2026-05-22 22:28:04,97063763945,QK.,1,[等级15],[粉丝团 Lv4]
2026-05-22 22:28:05,81923643945,不知道,粉丝口渴了给他们喝,[等级21],
2026-05-22 22:28:05,96577918587,小海,[捂脸][捂脸],[等级18],[粉丝团 Lv10]
2026-05-22 22:28:05,98947573929,周sir,尿给发出来了[捂脸][捂脸][捂脸][捂脸],[等级21],[粉丝团 Lv10]
2026-05-22 22:28:05,981177129516227,？ ？？,hhhhhhhhh,[等级18],[粉丝团 Lv14]
2026-05-22 22:28:07,4004835685841444,㞢卄,能不能夹住,[等级9],[粉丝团 Lv2]
2026-05-22 22:28:09,981177129516227,？ ？？,哈哈哈哈哈哈哈哈哈哈哈哈哈哈,[等级18],[粉丝团 Lv14]
2026-05-22 22:28:10,85166884780,💫ꦿ启ꦿᮨ້໌້໌ᮨᩚ程໑ຼₒ໑ຼ₆࿐,那就呵呵呵,[等级13],[粉丝团 Lv5]
2026-05-22 22:28:10,1257437656002798,某某.,刚刚还沉浸在幸福里，现在不幸福了,[等级34],[粉丝团:张君雅 Lv16]
2026-05-22 22:28:10,73575610085,熬醒了,哈哈[捂脸][捂脸],[等级29],
2026-05-22 22:28:11,101289462336,广西妹💞,@陈先生 爱一直在[捂脸][捂脸],[等级24],[粉丝团 Lv9]
2026-05-22 22:28:11,2694273172245924,未来可期♾️,三秒一个尿[捂脸][捂脸],[等级11],[粉丝团 Lv3]
2026-05-22 22:28:12,1852009193418295,999,嘎嘎嘎掉大分,[等级24],[粉丝团 Lv12]
2026-05-22 22:28:13,59108713247,红茶不茶绿茶茶,哈哈哈好惨哟，遇到真人队了[看],[等级25],[粉丝团 Lv12]
2026-05-22 22:28:13,1839957445719852,用户8976800283798,踢到钢板了,,
2026-05-22 22:28:13,3012311356015880,像风一样的人,哈哈哈哈哈哈哈哈,[等级21],[粉丝团 Lv7]
2026-05-22 22:28:13,85783167010,老-牛,打的  尿不湿都湿了吧,[等级22],[粉丝团 Lv12]
2026-05-22 22:28:14,109176563011,淡定的ぁ收米♡,哈哈哈哈哈哈哈哈哈哈哈哈哈哈哈哈哈哈哈哈哈哈哈哈,[等级1],[粉丝团 Lv2]
2026-05-22 22:28:14,96949635029,᭄一介🎋俗人ღᩚ᭄,时间到了,[等级28],[粉丝团 Lv10]
2026-05-22 22:28:15,981177129516227,？ ？？,我是哈哈哥,[等级18],[粉丝团 Lv14]
2026-05-22 22:28:15,3106544077769520,独家记忆,见人就秒，很少有人能做到。多少有点问题,,
2026-05-22 22:28:15,109502960566,★若尘,这波真是挂,[等级27],[粉丝团 Lv4]
2026-05-22 22:28:15,73575610085,熬醒了,哈哈[捂脸],[等级29],
2026-05-22 22:28:16,109600067848,沉默,都1分钟了,[等级26],[粉丝团 Lv6]
2026-05-22 22:28:16,616153471529053,露猪,赛季末了都不要命了,[等级20],[粉丝团 Lv12]
2026-05-22 22:28:17,102334226470,始兴野狼户外（刘帮主）,老黑，活着就是为了开心[呲牙][呲牙][呲牙],[等级13],[粉丝团 Lv8]
2026-05-22 22:28:18,981177129516227,？ ？？,不打哈哈哈哈,[等级18],[粉丝团 Lv14]
2026-05-22 22:28:18,1261848801839245,曾经最美,刚才队高手看身法,[等级28],
2026-05-22 22:28:18,4107385600229064,世弌,真窝尿去了[捂脸],[等级29],[粉丝团 Lv13]
2026-05-22 22:28:19,66113949769,包子+﹌,今天礼拜五,[等级21],[粉丝团 Lv10]
2026-05-22 22:28:21,73575610085,熬醒了,哈哈哈[捂脸],[等级29],
2026-05-22 22:28:22,3544473905937592,全有,你们快给她 服速效救心丸[捂脸][捂脸],[等级25],[粉丝团 Lv6]
2026-05-22 22:28:22,2576845188893629,@雨星,你一输，弹幕杠杠的……,,
2026-05-22 22:28:23,981177129516227,？ ？？,我打杀杀杀？,[等级18],[粉丝团 Lv14]
2026-05-22 22:28:24,60704769499,狐狸对你笑,[爱心],[等级27],[粉丝团 Lv8]
2026-05-22 22:28:25,62002179904,艺术家脾气。,哈哈[捂脸][捂脸][捂脸][捂脸],[等级5],
2026-05-22 22:28:25,50478066270,🌈自渡亦渡人➠✪,[捂脸][捂脸][捂脸][捂脸][捂脸][捂脸],[等级23],[粉丝团 Lv11]
2026-05-22 22:28:25,73575610085,熬醒了,哈哈哈[捂脸],[等级29],
2026-05-22 22:28:26,6172537954,牧孜梨,落地之前回不来,[等级13],[粉丝团 Lv11]
2026-05-22 22:28:27,3825901139410685,李哥,估计裤子都来不及提就该跳了[捂脸][捂脸],[等级31],[粉丝团 Lv10]
2026-05-22 22:28:28,106657711087,一笑而过,嘿哈嘿哈,[等级13],[粉丝团 Lv11]
2026-05-22 22:28:29,4226964623724238,H……,哈哈哈哈哈,[等级5],[粉丝团 Lv3]
2026-05-22 22:28:29,1629925353728419,superhero.,小c谈没有,[等级11],[粉丝团 Lv6]
2026-05-22 22:28:31,677720989108904,吉吉,哈哈哈,[等级13],[粉丝团 Lv9]
2026-05-22 22:28:31,108332748130,相遇微时,尿不湿都尿湿啦[捂脸][捂脸][捂脸],[等级16],
2026-05-22 22:28:31,62677451539,尼古丁有瘾,现在小孩有打的好的[赞],[等级19],[粉丝团 Lv12]
2026-05-22 22:28:31,4312762483477248,村里有个姑娘叫小芳,不哈哈就蛐蛐[捂脸],[等级3],[粉丝团 Lv3]
2026-05-22 22:28:31,3663228569664605,天空无云,@袖下敛青川 不是高手多是最后一天人比较乱,[等级15],[粉丝团 Lv11]
2026-05-22 22:28:32,981177129516227,？ ？？,不哈哈哈，难道我杀杀杀？,[等级18],[粉丝团 Lv14]
2026-05-22 22:28:33,3778386515474196,陈先生,@广西妹💞 你灯牌掉了,[等级13],[粉丝团 Lv10]
2026-05-22 22:28:33,2009542393864356,铭朗建筑小周,[呲牙][呲牙][呲牙]老黑我的牙齿好看吗？,[等级34],[粉丝团 Lv10]
2026-05-22 22:28:33,3318775594618160,君君=͟͟͞͞💌,主主播,,
2026-05-22 22:28:33,2137080181565901,落尘,去换裤子了,[等级11],[粉丝团 Lv1]
2026-05-22 22:28:35,70011250018686,爱,嘎嘎嘎,[等级7],
2026-05-22 22:28:35,1925968217518568,茅台,[捂脸][捂脸][捂脸],[等级30],[粉丝团 Lv8]
2026-05-22 22:28:37,71533879276,懒得起名字,呵呵,[等级15],[粉丝团 Lv9]
2026-05-22 22:28:38,2422974704784398,情剩,哈哈哈哈,[等级9],[粉丝团 Lv3]
2026-05-22 22:28:39,94511118465,及时止损,没洗手,[等级2],
2026-05-22 22:28:39,1556517540607726,▼・ᴥ・▼,对面准很正常，张君雅在窗口很好预瞄的,[等级21],[粉丝团 Lv10]
2026-05-22 22:28:40,4161023057856253,王哲,为啥不招募,[等级24],[粉丝团 Lv10]
2026-05-22 22:28:40,73575610085,熬醒了,哈哈[捂脸],[等级29],
2026-05-22 22:28:40,60704769499,狐狸对你笑,[爱心][爱心][爱心],[等级27],[粉丝团 Lv8]
2026-05-22 22:28:41,3097774935251076,TP大富,洗手没,[等级3],[粉丝团 Lv6]
2026-05-22 22:28:41,22406739006603,清醒的沉沦,前脚好幸福😊😊😊😊幸福死了哈哈哈哈哈哈哈哈,[等级20],[粉丝团 Lv8]
2026-05-22 22:28:42,1020812828351704,余生随缘,没洗手,[等级9],
2026-05-22 22:28:42,110487983863,都怪你隐身太清晰,又骗人[捂脸],[等级17],[粉丝团 Lv8]
2026-05-22 22:28:42,72629651878,小鞋匠→和鞋社会,怎么没有声音,[等级16],[粉丝团 Lv4]
2026-05-22 22:28:42,4248114661953336,໑ຼₒ₂₂ღ何᭄ꫛ꧔ꦿ᭄,赛季末了大的都激进,[等级13],[粉丝团 Lv7]
2026-05-22 22:28:42,247862868838872,林曦,没洗手,[等级5],[粉丝团 Lv3]
2026-05-22 22:28:42,466670364393783,袖下敛青川,很好很好很好,[等级14],[粉丝团 Lv2]
2026-05-22 22:28:42,1658519531567144,余非魚,穿裙子方便,,
2026-05-22 22:28:43,1794029961617984,酃,上个厕所这个运动量不小啊,[等级17],[粉丝团 Lv12]
2026-05-22 22:28:43,61748084992,川沙贝贝贝贝贝贝,不是我，我没蛐蛐,[等级19],[粉丝团 Lv10]
2026-05-22 22:28:44,98443382745,🍓希希💋,内鬼,[等级27],[粉丝团 Lv13]
2026-05-22 22:28:45,66695876733,ᯤ⁵ᴳ⁺,尿尿使得劲不小啊[捂脸],[等级8],[粉丝团 Lv11]
2026-05-22 22:28:46,87604014218,Fx¹⁰²⁷,没洗手[捂脸],[等级30],
2026-05-22 22:28:48,2430398326389604,琦,经典吗？,[等级14],
2026-05-22 22:28:48,3012311356015880,像风一样的人,不是人机打多。而是弱者打弱者强者打强者。[捂脸][捂脸][捂脸][捂脸][捂脸],[等级21],[粉丝团 Lv7]
2026-05-22 22:28:49,68536453805,青城,没洗手,[等级13],[粉丝团 Lv4]
2026-05-22 22:28:50,3544473905937592,全有,你们谁被她呲晕了[捂脸][捂脸],[等级25],[粉丝团 Lv6]
2026-05-22 22:28:51,59108713247,红茶不茶绿茶茶,人机淘汰王小蛋糕[比心][看],[等级25],[粉丝团 Lv12]
2026-05-22 22:28:52,98773931120,彭志辉,对面一看就是刚枪猛男猛攻,[等级5],
2026-05-22 22:28:52,3087877392835454,🌈过客梁,赶着回来，都还喘大气[捂脸],[等级14],
2026-05-22 22:28:52,66444125548227,￴ ￴,@及时止损 滚吧,[等级17],[粉丝团 Lv2]
2026-05-22 22:28:52,71582170193,每天有饭CHI,一队接雷高手,[等级16],
2026-05-22 22:28:53,100228336934,忍住不想说,气儿还没喘匀呢,[等级29],
2026-05-22 22:28:54,91711386238,lL,尿的挺快,[等级23],
2026-05-22 22:28:54,1812417085974668,绿腾市民,没洗手：,[等级11],
2026-05-22 22:28:54,936422219978456,用户5537549812505,这泡尿尿了三分钟,[等级13],
2026-05-22 22:28:54,96949635029,᭄一介🎋俗人ღᩚ᭄,跑步过来的,[等级28],[粉丝团 Lv10]
2026-05-22 22:28:56,102334226470,始兴野狼户外（刘帮主）,尿不湿都尿湿了[捂脸],[等级13],[粉丝团 Lv8]
2026-05-22 22:28:57,97995883430,陆超,我怎么感觉猫局 直播间画面比张老黑的清楚,,
2026-05-22 22:28:58,73575610085,熬醒了,哈哈[捂脸],[等级29],
2026-05-22 22:28:58,1794029961617984,酃,家里到底有多大呀？从厕所回来还气喘吁吁的[看],[等级17],[粉丝团 Lv12]
2026-05-22 22:28:58,4318472311935278,用户1431753061707,你看你又急[捂脸][捂脸],[等级16],[粉丝团 Lv12]
2026-05-22 22:28:58,80178052187,残阳如血,老黑没洗手,,
2026-05-22 22:28:58,2040294795387166,ο▬▬▬▬▬▬◙▅▅▅▆▆▆▆▆▆▇▇◤,[捂脸][捂脸][捂脸][捂脸],[等级1],
2026-05-22 22:29:00,85166884780,💫ꦿ启ꦿᮨ້໌້໌ᮨᩚ程໑ຼₒ໑ຼ₆࿐,[捂脸][捂脸][捂脸][捂脸][捂脸][捂脸][捂脸][捂脸][捂脸][捂脸][捂脸][捂脸][捂脸][捂脸][捂脸][捂脸][捂脸][捂脸][呲牙][呲牙][呲牙][呲牙][呲牙][呲牙][呲牙][呲牙][呲牙],[等级13],[粉丝团 Lv5]
2026-05-22 22:29:00,96100691650,Forever,裤子别穿了,,
2026-05-22 22:29:00,356694290338254,最美的太阳，,[凋谢][凋谢][凋谢],[等级10],
2026-05-22 22:29:02,1839957445719852,用户8976800283798,尿不湿换好了吗,,
2026-05-22 22:29:03,3434523218417629,烟花后的寂寞,尿净了没[捂脸][捂脸][捂脸][捂脸][捂脸],[等级2],
2026-05-22 22:29:04,99414056739,小 白,[看][看],[等级10],
2026-05-22 22:29:04,818458912358512,34177028007,不穿,[等级3],
2026-05-22 22:29:04,109218494998,啊春哥,尿姐,[等级4],[粉丝团 Lv4]
2026-05-22 22:29:05,101289462336,广西妹💞,@陈先生 管理都不说我[捂脸][捂脸]你想干啥,[等级24],[粉丝团 Lv9]
2026-05-22 22:29:06,2493295060848539,快到碗里来,大家记住了P城不好惹,[等级25],[粉丝团 Lv4]
2026-05-22 22:29:06,97658207826,鹿鸣,老黑把直播回放开着呗,[等级21],[粉丝团 Lv5]
2026-05-22 22:29:07,105100275175,520,这是加压了[捂脸],[等级15],[粉丝团 Lv6]
2026-05-22 22:29:07,104442405718,阿彩黔味,擦都没擦[捂脸],[等级8],
2026-05-22 22:29:08,902048789562381,Aaa烤地瓜🌾,@全有,[等级5],
2026-05-22 22:29:11,51666732722,Destiny丶,张君雅牛币,[等级12],[粉丝团 Lv1]
2026-05-22 22:29:11,7426730220500436026,莱斯♋️,洗手没就打,,
2026-05-22 22:29:15,101113424883,加菲猫,什么人真神秘[看][看][看],[等级17],
2026-05-22 22:29:15,210755477308124,Ren@,看局哥两局你都早没[捂脸],[等级15],
2026-05-22 22:29:16,1658488059075932,莜小筱,这把要嘎，因为老黑尿尿没洗手,[等级16],
2026-05-22 22:29:19,3132972734882599,王元组合,手都没有洗就跑过来了吧,[等级1],
2026-05-22 22:29:19,50660460000,BAYAR,哈哈哈哈哈哈,[等级16],
2026-05-22 22:29:21,99909203177,何人来渡我🐰,猫局说一股尿骚味[捂脸],[等级38],
2026-05-22 22:29:26,59185845418,ღ᭄ꦿ 人间无味⁵²º᭄এ,上链接[呲牙]给粉丝挂福袋尿,[等级3],
2026-05-22 22:29:27,949590228482862,小刘妹妹呀,今晚的点赞不多哦  我点点点点,[等级10],[粉丝团 Lv7]
2026-05-22 22:29:33,93332934159,满天星,别怂，弄他们[大笑],[等级11],
2026-05-22 22:29:34,2493295060848539,快到碗里来,P城不好惹,[等级25],[粉丝团 Lv4]
2026-05-22 22:29:36,93032203992,秀儿⁵¹⁰⁷⁴,@何人来渡我🐰 你啥思想啊,[等级19],[粉丝团 Lv12]
2026-05-22 22:29:43,470219582866307,忻安,哈哈哈哈,[等级17],[粉丝团 Lv15]
2026-05-22 22:29:44,83880765282,Aจุ๊บ,啊哦,[等级8],
2026-05-22 22:29:45,101942267630,喵喵ღ,[捂脸],[等级13],[粉丝团 Lv10]
2026-05-22 22:29:46,1839957445719852,用户8976800283798,哈哈,,
2026-05-22 22:29:46,62002179904,艺术家脾气。,太虚了[捂脸],[等级5],
2026-05-22 22:29:46,85379485661,盼妮,[捂脸][捂脸],[等级24],[粉丝团 Lv11]
2026-05-22 22:29:46,4162095481363833,mrtang,小蛋糕也辛苦，每天要直播6个小时,,
2026-05-22 22:29:46,4433688919815223,玖绊,虚弱[看],[等级29],[粉丝团 Lv13]
2026-05-22 22:29:47,1892708860299177,m,尿尿都涡轮增压的,,
2026-05-22 22:29:48,110455773688,大润很无聊,[捂脸],[等级14],
2026-05-22 22:29:48,108332748130,相遇微时,肾虚,[等级16],
2026-05-22 22:29:50,101289462336,广西妹💞,@陈先生 可以亮，但是不像你这么闲[看][看][捂脸],[等级24],[粉丝团 Lv9]
2026-05-22 22:29:50,4862013350589,厉扑,哈哈哈哈,[等级21],[粉丝团 Lv11]
2026-05-22 22:29:51,452609260400772,别搞我,下把招募,[等级14],[粉丝团 Lv12]
2026-05-22 22:29:52,104002317271,(春梦)了无痕,打人机[赞][赞][捂脸][捂脸][捂脸],[等级12],[粉丝团 Lv11]
2026-05-22 22:29:52,101875225014,🐮,确实弱[捂脸],[等级15],[粉丝团 Lv7]
2026-05-22 22:29:53,3996063592881981,@@🚬yangꦿ᭄ཽ࿆࿆:,队友肾亏了[捂脸],[等级15],[粉丝团 Lv10]
2026-05-22 22:29:54,101113424883,加菲猫,哈哈哈哈，这么虚弱，哈哈哈哈哈哈哈,[等级17],
2026-05-22 22:29:55,2040294795387166,ο▬▬▬▬▬▬◙▅▅▅▆▆▆▆▆▆▇▇◤,[捂脸],[等级1],
2026-05-22 22:29:57,4138190682982019,Mr曹 ⃕࿄༉゛,乐极生悲,,
2026-05-22 22:29:58,62825624795,JiA-关于小熊🧸,又虚一个,[等级5],
2026-05-22 22:29:58,101259501886,许超,推荐原浆给他,[等级15],
2026-05-22 22:30:00,3432052796172665,浩子爹,就知道你要蛐蛐队友虚，哈哈哈哈哈,[等级1],[粉丝团 Lv1]
2026-05-22 22:30:01,466670364393783,袖下敛青川,没枪,[等级14],[粉丝团 Lv2]
2026-05-22 22:30:01,108586220306,%,刚过完520,[等级22],[粉丝团 Lv12]
2026-05-22 22:30:03,85531244554,I'm ok.,空虚公子,[等级21],[粉丝团 Lv3]
2026-05-22 22:30:07,101113424883,加菲猫,虚弱[捂脸][捂脸][捂脸][捂脸],[等级17],
2026-05-22 22:30:10,4312762483477248,村里有个姑娘叫小芳,人不和你一样的单身[捂脸],[等级3],[粉丝团 Lv3]
2026-05-22 22:30:10,1858616790366187,所爱隔山川,卖他枸杞原浆,[等级29],
2026-05-22 22:30:10,85379485661,盼妮,队友可能打的太久了，累了,[等级24],[粉丝团 Lv11]
2026-05-22 22:30:11,3778386515474196,陈先生,[捂脸][捂脸][捂脸],[等级13],[粉丝团 Lv10]
2026-05-22 22:30:13,99240303123,🔥影儿🔥,不要急，感觉有点急躁了,[等级16],[粉丝团 Lv10]
2026-05-22 22:30:16,62825624795,JiA-关于小熊🧸,队友枸杞原浆要么,[等级5],
2026-05-22 22:30:21,3617832573885482,、 •半世so倾城，号,虚的很快个屁了这队友,[等级9],
2026-05-22 22:30:23,110455773688,大润很无聊,孟特[捂脸],[等级14],
2026-05-22 22:30:29,3012311356015880,像风一样的人,现在的年轻人话金贵。,[等级21],[粉丝团 Lv7]
2026-05-22 22:30:29,94511118465,及时止损,没冲厕所，没洗手，这把吃不了鸡了,[等级2],
2026-05-22 22:30:29,102131139676,@行云流水——,轻敌了,[等级15],
2026-05-22 22:30:31,2576845188893629,@雨星,你们猜这局能吃鸡吗？……,,
2026-05-22 22:30:33,78235741607,杰哥很坏,局哥和你一起打的时候感觉好菜 自己一个人的时候那么猛,[等级17],[粉丝团 Lv9]
2026-05-22 22:30:35,796510349695519,秋薏濃,做人要谦虚，多听听别人的意见， 然后记录下来，看看谁敢对你有意见,[等级34],
2026-05-22 22:30:36,7255512662,_心弦,还是招募小姐姐好,[等级29],[粉丝团 Lv8]
2026-05-22 22:30:37,3825901139410685,李哥,队友好像刚被家暴完一样[捂脸][捂脸][捂脸],[等级31],[粉丝团 Lv10]
2026-05-22 22:30:39,109769209772,Yacht,以前的p城好多人,[等级30],
2026-05-22 22:30:51,1798455941401880,德芙吖,榜3好漂亮[呲牙][呲牙],[等级32],[粉丝团 Lv13]
2026-05-22 22:30:58,22415580083835,苹果,又开始新的一局了？,[等级18],
2026-05-22 22:31:11,104384029140,TYM,拉个屎回来怎么又重开了？,,
2026-05-22 22:31:12,100910484972,ㅤ ㅤㅤㅤ ㅤ,@杰哥很坏 一个人过日子，和两个人过日子一样嘛[捂脸],[等级19],[粉丝团 Lv12]
2026-05-22 22:31:14,3315721701699262,尘埃,p城死亡之城[呲牙],[等级22],
2026-05-22 22:31:14,108332748130,相遇微时,你又去偷窥人家拉[呲牙],[等级16],
2026-05-22 22:31:15,4162095481363833,mrtang,榜2也很漂亮,,
2026-05-22 22:31:16,262140050300044,王家2爷,老野撒尿用几张纸？,[等级12],[粉丝团 Lv4]
2026-05-22 22:31:18,3609067618830012,地藏,这把队友又没惹你蛐蛐人家干嘛,[等级16],
2026-05-22 22:31:19,3900702926317171,哥一生何求,眼这么好,[等级15],
2026-05-22 22:31:21,62979936380,小刁,雅安彭于晏,[等级6],[粉丝团 Lv7]
2026-05-22 22:31:25,101113424883,加菲猫,打招募吧求求了，君雅姐姐,[等级17],
2026-05-22 22:31:25,101691614051,不止眼前,老乡不打,[等级2],
2026-05-22 22:31:26,95932310696,@手波小王子✔,@Yacht 那是N年前的时候了,[等级4],[粉丝团 Lv6]
2026-05-22 22:31:26,7611471529607988283,Logan,雅安彭于晏,,
2026-05-22 22:31:27,2419370855769710,随便逛逛,你老乡你也打，雅安的,[等级17],[粉丝团 Lv7]
2026-05-22 22:31:47,98604767670,小刘不烦恼,我怎么觉得帮三漂亮,[等级23],[粉丝团 Lv5]
2026-05-22 22:31:55,73133140989,行稳致远,卖了,[等级31],[粉丝团 Lv15]
2026-05-22 22:31:59,1257437656002798,某某.,自己打吧,[等级34],[粉丝团:张君雅 Lv16]
2026-05-22 22:32:00,189542483115191,我不是Kevin,不报点你不会玩啊,[等级23],
2026-05-22 22:32:04,2458960108983902,我眼睛酸,[比心],[等级6],[粉丝团 Lv2]
2026-05-22 22:32:07,60243958496,超：煤炭建材,我是榜三男朋友,[等级10],
2026-05-22 22:32:11,4162095481363833,mrtang,开车把队友卖了,,
2026-05-22 22:32:12,470219582866307,忻安,卖了,[等级17],[粉丝团 Lv15]
2026-05-22 22:32:14,22406739006603,清醒的沉沦,虚了兄弟,[等级20],[粉丝团 Lv8]
2026-05-22 22:32:14,100910484972,ㅤ ㅤㅤㅤ ㅤ,@我不是Kevin 要你管,[等级19],[粉丝团 Lv12]
2026-05-22 22:32:15,66646635269,.  挽໊风  . ༠°,这队友有点装,[等级29],[粉丝团 Lv8]
2026-05-22 22:32:18,55159220102,BWRZ（记录美好）,@我不是Kevin ？你是杠精,[等级36],[粉丝团 Lv16]
2026-05-22 22:32:19,2652467851176862,绪落,好虚,[等级20],[粉丝团 Lv1]
2026-05-22 22:32:20,108332748130,相遇微时,虚的不想说话[捂脸],[等级16],
2026-05-22 22:32:20,51894721128,十亿战神尊魂幡,[捂脸][捂脸],[等级20],[粉丝团 Lv1]
2026-05-22 22:32:21,109218494998,啊春哥,买了,[等级4],[粉丝团 Lv4]
2026-05-22 22:32:21,3609067618830012,地藏,有点破大防了吧[捂脸],[等级16],
2026-05-22 22:32:22,20510562372,长意,@我不是Kevin 不看滚,[等级13],[粉丝团 Lv11]
2026-05-22 22:32:23,97330506687,有缘路人,[捂脸][捂脸][捂脸][捂脸][捂脸],[等级28],[粉丝团 Lv11]
2026-05-22 22:32:23,7603209621562164273,众人怒我一人看风景,榜三有没有男朋友,,
2026-05-22 22:32:25,60098207199,孔雀的尾巴,这个女人是站着撒尿吗？,[等级17],[粉丝团 Lv1]
2026-05-22 22:32:25,101875225014,🐮,这这这,[等级15],[粉丝团 Lv7]
2026-05-22 22:32:27,96895767693,小叶,你这局的队友肾亏厉害，说话没力气,[等级29],[粉丝团 Lv4]
2026-05-22 22:32:27,55159220102,BWRZ（记录美好）,@我不是Kevin 你祖坟冒烟了吗？这么爱说话,[等级36],[粉丝团 Lv16]
2026-05-22 22:32:28,1839957445719852,用户8976800283798,太虚了,,
2026-05-22 22:32:29,92857575616,小昵,1080,[等级9],
2026-05-22 22:32:29,52414226105047,航息,这个新枪很垃圾的[捂脸],[等级12],[粉丝团 Lv8]
2026-05-22 22:32:29,4862013350589,厉扑,娘们唧唧,[等级21],[粉丝团 Lv11]
2026-05-22 22:32:32,100208962539,AIM and,匹配的队友正常,[等级17],
2026-05-22 22:32:34,3954312606928571,...irty～～,破防了,[等级12],
2026-05-22 22:32:35,466670364393783,袖下敛青川,虚了说不了话,[等级14],[粉丝团 Lv2]
2026-05-22 22:32:37,76133959662,斯文丨孫,这队友太虚了[捂脸],[等级14],[粉丝团 Lv9]
2026-05-22 22:32:37,58639878914,谷德爆,队友太虚了,[等级13],
2026-05-22 22:32:39,63416229807,风沙迷了眼⁵¹⁰⁷⁴,@我不是Kevin 祝你遇到的队友都不报点[比心][比心][比心][比心],[等级21],[粉丝团 Lv15]
2026-05-22 22:32:40,83785392859,安静当大树 。,队友好虚,[等级10],[粉丝团 Lv5]
2026-05-22 22:32:44,87604014218,Fx¹⁰²⁷,队友是真的嘘[捂脸],[等级30],
2026-05-22 22:32:48,60243958496,超：煤炭建材,我是榜三男朋友,[等级10],
2026-05-22 22:32:51,1455350881721268,弋🍓🍓,队友没吃饭吗[看][看][看],[等级13],[粉丝团 Lv12]
2026-05-22 22:32:53,103811404276,💎Sooyaxxx21.💎,338,[等级9],[粉丝团 Lv11]
2026-05-22 22:32:53,108321523347,东北小鹿晗,招募吧,[等级20],
2026-05-22 22:32:53,58639878914,谷德爆,说话都没声音，虚成啥了,[等级13],
2026-05-22 22:32:56,103381028080,plueto,这队友这么虚？,[等级8],
2026-05-22 22:32:56,99240303123,🔥影儿🔥,338,[等级16],[粉丝团 Lv10]
2026-05-22 22:33:05,59538490302,木芙蓉.,队友声音太小了，你们一说话就把他的声音压过去了[看],[等级5],
2026-05-22 22:33:06,1953187465799031,初雪等春信,卖了,,
2026-05-22 22:33:06,61303363390,华南城商办站斧浏览器Amber,我在看弹幕。[捂脸][捂脸],[等级30],[粉丝团 Lv13]
2026-05-22 22:33:08,108321523347,东北小鹿晗,匹配这队友真不行,[等级20],
2026-05-22 22:33:08,466670364393783,袖下敛青川,队友虚的说不出话,[等级14],[粉丝团 Lv2]
2026-05-22 22:33:09,1112337694601742,突突啊😈,一男的说话焉了吧唧的[捂脸],[等级32],
2026-05-22 22:33:09,101289462336,广西妹💞,@德芙吖 看上带回家[看],[等级24],[粉丝团 Lv9]
2026-05-22 22:33:10,198341897501503,他予她梦,@超：煤炭建材 叫我岳父,[等级24],[粉丝团 Lv10]
2026-05-22 22:33:12,3432052796172665,浩子爹,338不拿？,[等级1],[粉丝团 Lv1]
2026-05-22 22:33:12,103381028080,plueto,说话都没力气,[等级8],
2026-05-22 22:33:18,77416951506,ら孤痞,@我不是Kevin 不报点不知道位置怎么打,[等级37],[粉丝团 Lv17]
2026-05-22 22:33:18,64231098693,明•,缺少男人的阳刚之气,[等级4],[粉丝团 Lv4]
2026-05-22 22:33:21,74904770508,仙,男的说话跟女人一样听着都来气一点男人的气质都没有,[等级8],
2026-05-22 22:33:32,2409724869872109,邪恶李李 🫧,这把队友是上把菜园子打晋级赛的队友[捂脸],[等级32],[粉丝团 Lv10]
2026-05-22 22:33:33,97330506687,有缘路人,338牛逼,[等级28],[粉丝团 Lv11]
2026-05-22 22:33:34,104384029140,TYM,下赛季找俩打手，打四排,,
2026-05-22 22:33:39,4162095481363833,mrtang,老黑还是我梦中情人，别说你们是榜三男朋友[捂脸][捂脸][捂脸][捂脸][捂脸],,
2026-05-22 22:33:45,2824008837643668,Hom,下把招募吧，都有麦,,
2026-05-22 22:34:02,104227179249,🔪一笑卿莫言⁷⁰⁷,[赞][赞],[等级31],[粉丝团 Lv13]
2026-05-22 22:34:06,97330506687,有缘路人,手拿338天下我有,[等级28],[粉丝团 Lv11]
2026-05-22 22:34:06,93519569248,70后的羊,打游戏不开麦没意思[捂脸],[等级15],[粉丝团 Lv7]
2026-05-22 22:34:08,3492463831679966,⁺³√∞,娃哈哈AD钙奶,[等级10],
2026-05-22 22:34:09,75467461894,張xzོ༊,还有个盒子,[等级18],
2026-05-22 22:34:11,99240303123,🔥影儿🔥,去集装箱,[等级16],[粉丝团 Lv10]
2026-05-22 22:34:12,95745565239,糖糖🍬🍭,今晚是不是有点卡？,[等级22],[粉丝团 Lv3]
2026-05-22 22:34:16,1327834385107550,時间旳過客²⁰²⁶,招募,[等级27],[粉丝团 Lv12]
2026-05-22 22:34:31,2191798942317065,123,怎么看见人的,,
2026-05-22 22:34:33,64192455548,🤡.,@糖糖🍬🍭 退了再进,[等级21],[粉丝团 Lv13]
2026-05-22 22:34:35,4459214555588519,zhang先生,这俩队友是才园园上把队友,[等级13],[粉丝团 Lv9]
2026-05-22 22:34:36,93032203992,秀儿⁵¹⁰⁷⁴,@糖糖🍬🍭 不卡啊,[等级19],[粉丝团 Lv12]
2026-05-22 22:34:56,95745565239,糖糖🍬🍭,间歇性卡[捂脸],[等级22],[粉丝团 Lv3]
2026-05-22 22:34:59,77885551070,蔡ﾞ✨,张君雅，你有毒阿，一天不看你我都没办法入睡[捂脸],[等级19],[粉丝团 Lv5]
2026-05-22 22:35:02,108244745309,守心自安澜,@糖糖🍬🍭 画面是不是卡呀？需不需要我教你怎么调整清晰度？[捂脸],[等级25],[粉丝团 Lv10]
2026-05-22 22:35:03,99469083037,Argl🐭,上把吃了吗,[等级17],[粉丝团 Lv10]
2026-05-22 22:35:05,7562868139277943865,不爱吃香菜,@zhang先生 这么巧,,
2026-05-22 22:35:08,96261969310,酒醉人不归,一点不卡,[等级15],[粉丝团 Lv10]
2026-05-22 22:35:10,93032203992,秀儿⁵¹⁰⁷⁴,@Argl🐭 没有,[等级19],[粉丝团 Lv12]
2026-05-22 22:35:16,99469083037,Argl🐭,来电话没看到,[等级17],[粉丝团 Lv10]
2026-05-22 22:35:18,97330506687,有缘路人,不卡你退了进,[等级28],[粉丝团 Lv11]
2026-05-22 22:35:21,99469083037,Argl🐭,好的,[等级17],[粉丝团 Lv10]
2026-05-22 22:35:24,3349552611205392,空城,赛季更新了吗,[等级2],
2026-05-22 22:35:32,93032203992,秀儿⁵¹⁰⁷⁴,@空城 明天,[等级19],[粉丝团 Lv12]
2026-05-22 22:35:35,77885551070,蔡ﾞ✨,@空城 明天更新,[等级19],[粉丝团 Lv5]
2026-05-22 22:35:48,2250017393614403,小星星,给我下吃鸡,,
2026-05-22 22:35:49,109062207389,Mr.耿大帅,屏幕不动了,[等级5],[粉丝团 Lv6]
2026-05-22 22:35:50,92882867537,清禾·砚宁,明天几点更新啊家人们,[等级25],[粉丝团 Lv1]
2026-05-22 22:35:55,1327834385107550,時间旳過客²⁰²⁶,更新赛季不更新图,[等级27],[粉丝团 Lv12]
2026-05-22 22:35:57,73978150983,总有儿来偷窥爹,这种队友太多了 进来吹牛逼  一打架就把声带落家了,[等级1],
2026-05-22 22:36:00,7523387484556117049,别偷看我,今天零点更新还是啥时候啊,,
2026-05-22 22:36:02,100416929776,～,什么时候能出新模式啊，,[等级3],
2026-05-22 22:36:07,63330049466,🌙.,@Mr.耿大帅 ？,[等级11],[粉丝团 Lv3]
2026-05-22 22:36:09,416038653010544,白白,@清禾·砚宁 10点,[等级28],[粉丝团 Lv12]
2026-05-22 22:36:10,2191798942317065,123,开挂啊，咋看见人的,,
2026-05-22 22:36:21,93032203992,秀儿⁵¹⁰⁷⁴,@123 你举报吧,[等级19],[粉丝团 Lv12]
2026-05-22 22:36:27,92882867537,清禾·砚宁,又要重新打了😮‍💨😮‍💨,[等级25],[粉丝团 Lv1]
2026-05-22 22:36:30,1367445777424910,Eucalyptus 🐸,管得严还玩游戏,[等级24],[粉丝团 Lv14]
2026-05-22 22:36:34,4138195736079019,豆d-,上午10点更新吗,[等级16],[粉丝团 Lv8]
2026-05-22 22:36:34,109062207389,Mr.耿大帅,划一下又动了[捂脸],[等级5],[粉丝团 Lv6]
2026-05-22 22:36:36,74830766149,blingbling吖,@123 用眼睛看的,[等级23],[粉丝团 Lv12]
2026-05-22 22:36:40,63330049466,🌙.,@123 用眼睛看,[等级11],[粉丝团 Lv3]
2026-05-22 22:36:41,3535624224912072,D,各位上把雅黑是怎么屎的，我上厕所了看不到[流泪],[等级6],[粉丝团 Lv5]
2026-05-22 22:36:42,416038653010544,白白,@豆d- 对,[等级28],[粉丝团 Lv12]
2026-05-22 22:36:42,100910484972,ㅤ ㅤㅤㅤ ㅤ,@123 你不带眼看手机？,[等级19],[粉丝团 Lv12]
2026-05-22 22:36:43,63416229807,风沙迷了眼⁵¹⁰⁷⁴,@123 等啥呢   报警啊,[等级21],[粉丝团 Lv15]
2026-05-22 22:36:49,100416929776,～,你们知道什么时候出新模式吗,[等级3],
2026-05-22 22:36:54,59696399335,人间边客,上把开局十一杀吃了没,[等级12],[粉丝团 Lv10]
2026-05-22 22:36:57,1373709734260448,r,@123 那你举报呗 真搞笑,[等级11],
2026-05-22 22:37:00,75975613355,披着狼皮的小杨,八倍镜都不要吗？,[等级9],
2026-05-22 22:37:01,3557665193860644,梅钞疯 󰠇,哟，萌妹来了,[等级20],[粉丝团 Lv12]
2026-05-22 22:37:02,73790147070,iiivov,哈喽丹丹,[等级13],[粉丝团 Lv6]
2026-05-22 22:37:05,93032203992,秀儿⁵¹⁰⁷⁴,@人间边客 没有,[等级19],[粉丝团 Lv12]
2026-05-22 22:37:05,108332748130,相遇微时,这俩搜半天，打工妹[捂脸],[等级16],
2026-05-22 22:37:05,677720989108904,吉吉,@人间边客 没,[等级13],[粉丝团 Lv9]
2026-05-22 22:37:07,1113159024777230,ohh超乖的小财迷,哇,[等级13],[粉丝团 Lv3]
2026-05-22 22:37:10,2250017393614403,小星星,姐姐，越来越年轻，越来越漂亮,,
2026-05-22 22:37:11,2859184318591965,习惯失眠~,这特效好看[比心][比心][比心],[等级24],[粉丝团 Lv12]
2026-05-22 22:37:17,110131122283,看👀帅哥,有拉屎的吗,[等级3],
2026-05-22 22:37:21,416038653010544,白白,钥匙的新模式是明天上午10:00,[等级28],[粉丝团 Lv12]
2026-05-22 22:37:24,2250017393614403,小星星,姐姐越来越轻，越来越漂亮,,
2026-05-22 22:37:25,109109492047,z浩哥,点点赞[鼓掌][鼓掌][鼓掌],[等级7],
2026-05-22 22:37:40,607398155003172,崽仔,@深情（张君雅助理） 冒昧问一句，枸杞原浆是什么类型的,[等级23],
2026-05-22 22:37:45,2665697062160392,哈喽啊啊额个,@看👀帅哥 一起拉屎帅哥,[等级11],
2026-05-22 22:37:52,222528174569772,ㅤㅤ,带人需要什么,[等级35],
2026-05-22 22:38:04,77416951506,ら孤痞,@123 要不举报要不刷个跑车看回放[看],[等级37],[粉丝团 Lv17]
2026-05-22 22:38:05,110131122283,看👀帅哥,[捂脸],[等级3],
2026-05-22 22:38:11,11805950518,深情（张君雅助理）,@崽仔 我不喝，我不知道,[等级39],[粉丝团:张君雅 Lv18]
2026-05-22 22:38:17,1437805602674302,曼岛TT145,@小星星 28了生娃了，不再是18岁花姑娘3[捂脸][捂脸][捂脸],[等级19],[粉丝团 Lv2]
2026-05-22 22:38:20,607398155003172,崽仔,@深情（张君雅助理） ok,[等级23],
2026-05-22 22:38:29,100056462711,是玲玲吖丶ᥫᩣ,@ㅤㅤ 要不你去撞他车？？还不用钱,[等级29],[粉丝团 Lv8]
2026-05-22 22:38:40,77440024452,꧁转角꧂,@崽仔 晚上三秒喝了一个小时[捂脸][捂脸][捂脸],[等级31],[粉丝团 Lv11]
2026-05-22 22:38:50,109424540855,¹₃¹₄ ᥫᩣ ⁵²º ·丹༉,来晚了雅雅,[等级5],[粉丝团 Lv8]
2026-05-22 22:38:54,56707975361,初夏,balu,[等级16],
2026-05-22 22:39:02,99240303123,🔥影儿🔥,劝一把,[等级16],[粉丝团 Lv10]
2026-05-22 22:39:05,222528174569772,ㅤㅤ,@是玲玲吖丶ᥫᩣ 我已经遇到过两次了，被她狙了,[等级35],
2026-05-22 22:39:14,607398155003172,崽仔,@꧁转角꧂ 你这说的比肾宝还凶,[等级23],
2026-05-22 22:39:27,94511118465,及时止损,这怎么听出来的？？,[等级2],
2026-05-22 22:39:48,70368966485,飝飝飝,@ㅤㅤ [鼓掌][鼓掌],[等级18],[粉丝团 Lv7]
2026-05-22 22:39:53,77440024452,꧁转角꧂,@崽仔 哈哈哈哈哈哈哈,[等级31],[粉丝团 Lv11]
2026-05-22 22:40:21,222528174569772,ㅤㅤ,@飝飝飝 我上过她素材[捂脸],[等级35],
2026-05-22 22:40:23,2859184318591965,习惯失眠~,偷猴子成功[比心][比心][比心],[等级24],[粉丝团 Lv12]
2026-05-22 22:40:25,104513880709,李逍遥短剧,一栋楼来3队[捂脸][捂脸][捂脸],[等级20],
2026-05-22 22:40:27,77440024452,꧁转角꧂,@崽仔 你不信问局哥他知道[呲牙][呲牙][呲牙],[等级31],[粉丝团 Lv11]
2026-05-22 22:40:27,100056462711,是玲玲吖丶ᥫᩣ,@ㅤㅤ 哈哈[捂脸],[等级29],[粉丝团 Lv8]
2026-05-22 22:40:31,3544449118126824,爱吃醋的李,发财了,[等级25],[粉丝团 Lv11]
2026-05-22 22:40:33,22212740075,十五,他们以为你们是一对呢,[等级14],[粉丝团 Lv11]
2026-05-22 22:40:34,99240303123,🔥影儿🔥,发财了,[等级16],[粉丝团 Lv10]
2026-05-22 22:40:37,96653064922,发飙的小蜗牛,@及时止损 好好看好好学吧[捂脸][捂脸],[等级24],[粉丝团 Lv8]
2026-05-22 22:40:50,1354201907597575,总有刁民要害朕,有回声,[等级23],[粉丝团 Lv7]
2026-05-22 22:40:51,61748084992,川沙贝贝贝贝贝贝,你们互相以为是一队的[看],[等级19],[粉丝团 Lv10]
2026-05-22 22:40:51,1953187465799031,初雪等春信,八倍镜带一个,,
2026-05-22 22:40:53,3663228569664605,天空无云,@十五 有可能[捂脸],[等级15],[粉丝团 Lv11]
2026-05-22 22:40:54,92992288513,昕愿,敌人以为别的队友来了[看],[等级10],[粉丝团 Lv3]
2026-05-22 22:40:56,607398155003172,崽仔,@꧁转角꧂ 我买了，我只是想了解是酒，还是饮料，,[等级23],
2026-05-22 22:40:56,94690232153,若水,发财,[等级16],
2026-05-22 22:40:58,66838509546,果西蜡Gè,换弹,[等级12],
2026-05-22 22:41:02,606523912156364,向日葵,张口就来啊,[等级32],
2026-05-22 22:41:04,52621083014,.: ᥫᩣ乐悠刘,你说这怎么能打得过,[等级7],
2026-05-22 22:41:05,3557665193860644,梅钞疯 󰠇,鹬蚌相争，老黑得利[捂脸][捂脸][捂脸],[等级20],[粉丝团 Lv12]
2026-05-22 22:41:14,4162095481363833,mrtang,把队友卖了，看着心里不舒服。,,
2026-05-22 22:41:14,109391294858,独行客,带个3倍镜,[等级11],[粉丝团 Lv9]
2026-05-22 22:41:19,51871243938,亮、,大炮,[等级9],[粉丝团 Lv10]
2026-05-22 22:41:20,607398155003172,崽仔,中午看直播说给那个男大送，然后我就去厨窗看了,[等级23],
2026-05-22 22:41:22,62556044936,钧澜未央,队友给你标了一个大炮,[等级17],[粉丝团 Lv9]
2026-05-22 22:41:22,1953187465799031,初雪等春信,一会儿搞个大炮咋整[捂脸],,
2026-05-22 22:41:24,74994243714,余年轮,@崽仔 在哪里买,[等级15],[粉丝团 Lv1]
2026-05-22 22:41:26,1180216099083907,飞跃,[666][666][666],,
2026-05-22 22:41:29,68663001120,不讲道    李,大炮,[等级13],
2026-05-22 22:41:29,68518874027,随心随意,三号抖音是啥,[等级14],
2026-05-22 22:41:29,687617105466777,过客,局哥对枸杞原浆了解多点[捂脸][捂脸][捂脸],[等级18],[粉丝团 Lv10]
2026-05-22 22:41:32,2203895102709048,纵横四海,六个人以为另外四个都是一对的[尬笑][尬笑][尬笑],[等级19],[粉丝团 Lv10]
2026-05-22 22:41:34,380881911154506,｛千城墨白｝,神秘人好神秘,[等级7],[粉丝团 Lv10]
2026-05-22 22:41:37,580139676342808,饭最团火🔥,很少看见来上城区[捂脸][捂脸][捂脸][捂脸],[等级7],
2026-05-22 22:41:39,109391294858,独行客,等一下又捡到复合弓,[等级11],[粉丝团 Lv9]
2026-05-22 22:41:39,96653064922,发飙的小蜗牛,@mrtang 你不舒服就继续不舒服吧,[等级24],[粉丝团 Lv8]
2026-05-22 22:41:43,607398155003172,崽仔,@余年轮 主页厨窗,[等级23],
2026-05-22 22:41:43,69260020651,ZDL,队友刚刚标了有大炮,[等级11],[粉丝团 Lv10]
2026-05-22 22:41:43,100717923722,老衲法号乱来,萌妹！,[等级28],[粉丝团 Lv15]
2026-05-22 22:41:43,132399380304215,百分之二,密室,[等级13],[粉丝团 Lv10]
2026-05-22 22:41:43,77440024452,꧁转角꧂,@崽仔 单纯的养身而已[呲牙][呲牙]补气血有一些作用[呲牙][呲牙],[等级31],[粉丝团 Lv11]
2026-05-22 22:41:46,109109492047,z浩哥,@随心随意 猫局,[等级7],
2026-05-22 22:41:47,1403413790726983,Always🏸,煮啵有密室,[等级3],
2026-05-22 22:41:48,99540606309,沙在风里飞,他们以为你们是一对，你们以为他们又是一对[捂脸],[等级22],[粉丝团 Lv11]
2026-05-22 22:41:49,61824326060,崔,我是男的,[等级15],
2026-05-22 22:41:49,132399380304215,百分之二,密室,[等级13],[粉丝团 Lv10]
2026-05-22 22:41:51,58055284060,GD@大黄子,那么卡,[等级30],[粉丝团 Lv6]
2026-05-22 22:41:52,99469083037,Argl🐭,@随心随意 就叫猫局,[等级17],[粉丝团 Lv10]
2026-05-22 22:41:53,103487202063,票,队友标记有大炮,[等级5],[粉丝团 Lv2]
2026-05-22 22:41:55,68663001120,不讲道    李,队友标了大炮。,[等级13],
2026-05-22 22:41:55,6172537954,牧孜梨,@发飙的小蜗牛 人家的饭碗，往大了说叫事业，咱们娱乐下没必要太纠结,[等级13],[粉丝团 Lv11]
2026-05-22 22:41:55,2509514180144713,风雨起苍黄,开密室,[等级17],[粉丝团 Lv3]
2026-05-22 22:41:56,904250177618812,用户5829301178806,开密室,,
2026-05-22 22:41:57,93249033886,三核桃俩枣,开密室,[等级4],
2026-05-22 22:41:57,94581291668,🌻,延迟开这么久,[等级16],
2026-05-22 22:41:59,94511118465,及时止损,延迟这么久吗？？早就刷了！！,[等级2],
2026-05-22 22:42:00,100772051058,超哥@,天天开心，生孩子都是自己的[捂脸][捂脸],[等级11],
2026-05-22 22:42:02,59819863614,ㅤㅤㅤㅤㅤㅤㅤㅤ🌈 ㅤㅤㅤㅤㅤ,钥匙🔑,[等级18],[粉丝团 Lv3]
2026-05-22 22:42:03,4312762483477248,村里有个姑娘叫小芳,开密匙,[等级3],[粉丝团 Lv3]
2026-05-22 22:42:04,607398155003172,崽仔,@꧁转角꧂ 晚上有用没，,[等级23],
2026-05-22 22:42:04,96669904418,Q仔,密室呢,[等级7],
2026-05-22 22:42:06,4089776399728542,辉,拿复合弓算了,[等级17],[粉丝团 Lv10]
2026-05-22 22:42:08,769249924622011,吃泡芙叫她~,大炮呀,[等级26],
2026-05-22 22:42:08,75467461894,張xzོ༊,密室,[等级18],
2026-05-22 22:42:09,677720989108904,吉吉,我今天也卡，什么情况,[等级13],[粉丝团 Lv9]
2026-05-22 22:42:10,75593380263,雲上花瑤🀄曽淸誠,队友打信号枪了,[等级32],[粉丝团 Lv15]
2026-05-22 22:42:10,61223068455,浮笙,有大炮啊,[等级11],[粉丝团 Lv2]
2026-05-22 22:42:10,64137724947,段先生,不开密室吗,[等级19],
2026-05-22 22:42:18,109590769251,X,新赛季几点开始？,[等级39],[粉丝团 Lv1]
2026-05-22 22:42:19,95588308914,（茶）闲茗堂’楊,队友标了大炮,[等级6],
2026-05-22 22:42:20,1728087348225981,你好鸭宝子,开密室,[等级8],
2026-05-22 22:42:20,981177129516227,？ ？？,局哥没延迟吗,[等级18],[粉丝团 Lv14]
2026-05-22 22:42:20,59409867637,🌈七～安💕💕,神秘人是男的还是女的？[捂脸],[等级15],
2026-05-22 22:42:21,93249033886,三核桃俩枣,开密室,[等级4],
2026-05-22 22:42:22,466670364393783,袖下敛青川,密室,[等级14],[粉丝团 Lv2]
2026-05-22 22:42:27,104759532174,๑ò钱_前面的钱ó๑,本来就是土匪，直接用抢的,[等级19],[粉丝团 Lv4]
2026-05-22 22:42:29,2757174791513788,过客匆匆,3队都以为对方4个人,[等级12],
2026-05-22 22:42:35,3160453258944252,悟道者,扑总[捂脸],[等级19],
2026-05-22 22:42:38,452595395339403,黑人,开密室,[等级2],
2026-05-22 22:42:39,69260020651,ZDL,队友标了大炮,[等级11],[粉丝团 Lv10]
2026-05-22 22:42:41,99540606309,沙在风里飞,队友标了丈大炮,[等级22],[粉丝团 Lv11]
2026-05-22 22:42:41,2809993704517324,重新开始,队友标了大炮,[等级23],[粉丝团 Lv5]
2026-05-22 22:42:47,91666146753,燃,轰炸区圣体,[等级9],
2026-05-22 22:42:52,981177129516227,？ ？？,原来君雅开了一点点、延迟,[等级18],[粉丝团 Lv14]
2026-05-22 22:42:58,99240303123,🔥影儿🔥,轰炸区,[等级16],[粉丝团 Lv10]
2026-05-22 22:43:00,70011250018686,爱,炸了,[等级7],
2026-05-22 22:43:01,50850811506,踏雪🧞‍♂️无痕🦅,大炮不要了,[等级20],
2026-05-22 22:43:04,1754424064089155,爸爸的爸爸叫什么,轰炸,[等级16],[粉丝团 Lv11]
2026-05-22 22:43:05,6172537954,牧孜梨,@过客匆匆 中间的最慌,[等级13],[粉丝团 Lv11]
2026-05-22 22:43:08,75467461894,張xzོ༊,队友标了大炮,[等级18],
2026-05-22 22:43:08,2040294795387166,ο▬▬▬▬▬▬◙▅▅▅▆▆▆▆▆▆▇▇◤,渣女体质[看][看],[等级1],
2026-05-22 22:43:15,70011250018686,爱,专炸老黑,[等级7],
2026-05-22 22:43:16,4080975008511949,小木,帮打战神不,[等级27],[粉丝团 Lv11]
2026-05-22 22:43:18,981177129516227,？ ？？,眼里只有空投,[等级18],[粉丝团 Lv14]
2026-05-22 22:43:18,111225288355,忘红尘,两土匪[呲牙][呲牙],[等级13],[粉丝团 Lv4]
2026-05-22 22:43:22,96588375564,可爱小柔柔,敌人杀了几个怎么会以为对面四个？,[等级4],
2026-05-22 22:43:24,50483076804,2,队友彪了大炮,[等级8],[粉丝团 Lv4]
2026-05-22 22:43:24,96551196509,Boxing,老黑,[等级26],
2026-05-22 22:43:25,1455350881721268,弋🍓🍓,那里有两个让你去打[看][看][看][看],[等级13],[粉丝团 Lv12]
2026-05-22 22:43:27,1257437656002798,某某.,现在开麦标点了,[等级34],[粉丝团:张君雅 Lv16]
2026-05-22 22:43:33,4321509304176393,厚厚🉑,[看]主播开了延迟的,[等级10],[粉丝团 Lv10]
2026-05-22 22:43:34,50483076804,2,队友彪了有大炮,[等级8],[粉丝团 Lv4]
2026-05-22 22:43:34,58950066128,一叶,这几天游戏卡，帧率不稳,[等级15],[粉丝团 Lv10]
2026-05-22 22:43:46,981177129516227,？ ？？,吃完就跑】,[等级18],[粉丝团 Lv14]
2026-05-22 22:43:48,88745690242,iiii,男的那个虚弱可能就是跟女队员过完了5.20[捂脸],[等级11],
2026-05-22 22:43:55,2211842521836435,搁浅,1080,[等级10],
2026-05-22 22:44:05,3034284484996007,林森,捡包的速度也太快了,[等级27],[粉丝团 Lv11]
2026-05-22 22:44:07,96822844982,良先生,好大的弹坑,[等级21],
2026-05-22 22:44:08,1180216099083907,飞跃,这就是速度,,
2026-05-22 22:44:09,677720989108904,吉吉,1080,[等级13],[粉丝团 Lv9]
2026-05-22 22:44:10,59193049570,凡尘丶,君雅今晚没有清纯男大了吗[看],[等级30],
2026-05-22 22:44:12,3557665193860644,梅钞疯 󰠇,@iiii 作家呀[捂脸][捂脸][捂脸],[等级20],[粉丝团 Lv12]
2026-05-22 22:44:12,105389689119,王海峰,我也觉得是,[等级5],[粉丝团 Lv6]
2026-05-22 22:44:12,55159220102,BWRZ（记录美好）,[懵],[等级36],[粉丝团 Lv16]
2026-05-22 22:44:13,98604767670,小刘不烦恼,对，要有骨气,[等级23],[粉丝团 Lv5]
2026-05-22 22:44:14,677720989108904,吉吉,1080,[等级13],[粉丝团 Lv9]
2026-05-22 22:44:14,189542483115191,我不是Kevin,爱要不要,[等级23],
2026-05-22 22:44:15,95787922060,局中人,对✅,[等级19],[粉丝团 Lv6]
2026-05-22 22:44:15,60346826471,嗨…你的益达,咋黑屏了,[等级26],
2026-05-22 22:44:16,100910484972,ㅤ ㅤㅤㅤ ㅤ,黑子马上就说不帮队友了,[等级19],[粉丝团 Lv12]
2026-05-22 22:44:17,2859184318591965,习惯失眠~,[捂脸][捂脸][捂脸][捂脸][捂脸],[等级24],[粉丝团 Lv12]
2026-05-22 22:44:18,677720989108904,吉吉,1080,[等级13],[粉丝团 Lv9]
2026-05-22 22:44:18,4162095481363833,mrtang,把他们卖掉,,
2026-05-22 22:44:19,607398155003172,崽仔,@iiii 过完630也不能这么虚,[等级23],
2026-05-22 22:44:20,1953187465799031,初雪等春信,有道理[比心][比心],,
2026-05-22 22:44:20,68356884321,🌾汤圆,队友咋了,[等级7],[粉丝团 Lv8]
2026-05-22 22:44:21,677720989108904,吉吉,1080,[等级13],[粉丝团 Lv9]
2026-05-22 22:44:22,105389689119,王海峰,没有大炮照样吃鸡,[等级5],[粉丝团 Lv6]
2026-05-22 22:44:24,85018837708,柱哥⁸⁰⁰⁸,[懵][懵][懵],[等级31],[粉丝团 Lv14]
2026-05-22 22:44:25,100910484972,ㅤ ㅤㅤㅤ ㅤ,@我不是Kevin 要你管,[等级19],[粉丝团 Lv12]
2026-05-22 22:44:26,104432719593,赞美愚者,那你要不要8倍,[等级34],[粉丝团 Lv2]
2026-05-22 22:44:27,68356884321,🌾汤圆,来得晚没看到,[等级7],[粉丝团 Lv8]
2026-05-22 22:44:28,1075755018880879,Coisini,我怎么一卡一卡的，在外面看就不卡[疑问][疑问],[等级22],[粉丝团 Lv12]
2026-05-22 22:44:29,4433688919815223,玖绊,@iiii 哈哈，被榨了18遍,[等级29],[粉丝团 Lv13]
2026-05-22 22:44:31,1075765349716111,深海,1080,[等级53],
2026-05-22 22:44:32,3232170478414931,🌈瑾,你不是有密室钥匙？,[等级8],
2026-05-22 22:44:34,111200763682,"Mr,李",卧槽，不像张老黑风格呀,[等级32],[粉丝团 Lv5]
2026-05-22 22:44:38,2274247923467549,知遇👣,@吉吉 滚,[等级24],[粉丝团 Lv10]
2026-05-22 22:44:40,2703069238006539,格局打开,有骨气的提也不提,[等级3],[粉丝团 Lv5]
2026-05-22 22:44:41,66646635269,.  挽໊风  . ༠°,@我不是Kevin 能不能滚？,[等级29],[粉丝团 Lv8]
2026-05-22 22:44:41,2599715665347304,leeeeesangwon,@凡尘丶 男大不是刚刚中午吗[看],[等级10],
2026-05-22 22:44:42,93032203992,秀儿⁵¹⁰⁷⁴,@我不是Kevin 小屁孩一样,[等级19],[粉丝团 Lv12]
2026-05-22 22:44:42,72860240337,在路上…,是我卡吗？,[等级24],
2026-05-22 22:44:44,200580296878250,ο▬▬▬◙▅▅▆▆▆▆◤千,P90和大炮你直接就的过去,[等级7],[粉丝团 Lv10]
2026-05-22 22:44:44,91753560855,①转身   ①被子,大炮加P90呢,[等级27],[粉丝团 Lv6]
2026-05-22 22:44:45,77416951506,ら孤痞,@我不是Kevin 扛精[捂脸],[等级37],[粉丝团 Lv17]
2026-05-22 22:44:49,677720989108904,吉吉,我也卡,[等级13],[粉丝团 Lv9]
2026-05-22 22:44:50,85018837708,柱哥⁸⁰⁰⁸,除非队友标了啤酒瓶[懵],[等级31],[粉丝团 Lv14]
2026-05-22 22:44:50,103106480192,🌈听风吟何处,哈哈哈哈哈,[等级31],[粉丝团 Lv11]
2026-05-22 22:44:52,466670364393783,袖下敛青川,没见你上去过[捂脸][捂脸],[等级14],[粉丝团 Lv2]
2026-05-22 22:44:53,96895767693,小叶,哈哈哈,[等级29],[粉丝团 Lv4]
2026-05-22 22:44:53,109600067848,沉默,[捂脸][捂脸][捂脸][捂脸],[等级26],[粉丝团 Lv6]
2026-05-22 22:44:54,95932310696,@手波小王子✔,@我不是Kevin 你妈叫你回家睡觉了，怎么你还在这呢,[等级4],[粉丝团 Lv6]
2026-05-22 22:44:55,1537582657175684,足力健,说白了白说了,[等级4],[粉丝团 Lv6]
2026-05-22 22:44:55,981177129516227,？ ？？,hhhhhhhhhh,[等级18],[粉丝团 Lv14]
2026-05-22 22:44:57,71126905166,抖音小肋手,[捂脸][捂脸][捂脸],[等级11],[粉丝团 Lv10]
2026-05-22 22:44:57,2859184318591965,习惯失眠~,[捂脸][捂脸][捂脸],[等级24],[粉丝团 Lv12]
2026-05-22 22:44:57,677720989108904,吉吉,卡了,[等级13],[粉丝团 Lv9]
2026-05-22 22:44:57,63330049466,🌙.,@我不是Kevin 爱看不看,[等级11],[粉丝团 Lv3]
2026-05-22 22:44:59,80352507013,冣乂²⁰²⁶₀₉₂₄,[捂脸][捂脸][捂脸][捂脸][捂脸],[等级26],[粉丝团 Lv15]
2026-05-22 22:44:59,1179098863387952,等烟火照亮我,哈哈哈哈哈哈,[等级9],[粉丝团 Lv3]
2026-05-22 22:44:59,59185845418,ღ᭄ꦿ 人间无味⁵²º᭄এ,尖尖把顶下来了[呲牙],[等级3],
2026-05-22 22:45:00,85379485661,盼妮,[捂脸][捂脸][捂脸],[等级24],[粉丝团 Lv11]
2026-05-22 22:45:01,104297839004,走山人,半斤八两,[等级17],
2026-05-22 22:45:01,96261969310,酒醉人不归,哈哈哈哈哈哈,[等级15],[粉丝团 Lv10]
2026-05-22 22:45:01,694524552152752,呮浗逍滛亾迣簡,看着你装,[等级17],
2026-05-22 22:45:02,3778386515474196,陈先生,昨晚也是这出,[等级13],[粉丝团 Lv10]
2026-05-22 22:45:03,3584009327358715,谜鹿～,说白了，白说了,[等级7],[粉丝团 Lv4]
2026-05-22 22:45:05,3280550051719143,Each kian,两个小孩子拌嘴[捂脸],[等级11],[粉丝团 Lv3]
2026-05-22 22:45:07,981177129516227,？ ？？,哈哈哈哈哈哈,[等级18],[粉丝团 Lv14]
2026-05-22 22:45:12,1034002896270576,✨好运来✨,骨气？队友无人机哪次不是说不要的[捂脸],[等级17],[粉丝团 Lv10]
2026-05-22 22:45:12,981177129516227,？ ？？,学废了,[等级18],[粉丝团 Lv14]
2026-05-22 22:45:12,103062276977,www,666,[等级11],
2026-05-22 22:45:16,95421838615,雨水,哈哈,[等级13],
2026-05-22 22:45:17,981177129516227,？ ？？,上来又下去,[等级18],[粉丝团 Lv14]
2026-05-22 22:45:18,1560954851308167,壹壹呀一一🍒,哈哈哈哈哈哈哈哈哈哈哈哈,[等级7],[粉丝团 Lv10]
2026-05-22 22:45:19,98061316280,♊凡尘,[捂脸][捂脸],[等级32],[粉丝团 Lv10]
2026-05-22 22:45:20,3544473905937592,全有,你可别说了吧[捂脸]粉丝说她，她都用尿把他们呲醒了[捂脸],[等级25],[粉丝团 Lv6]
2026-05-22 22:45:22,96005113653,山海声,[捂脸][捂脸],[等级23],[粉丝团 Lv6]
2026-05-22 22:45:23,71126905166,抖音小肋手,哈哈哈哈[捂脸],[等级11],[粉丝团 Lv10]
2026-05-22 22:45:24,2274247923467549,知遇👣,这种队友凭什么帮就不帮,[等级24],[粉丝团 Lv10]
2026-05-22 22:45:24,77625239907,F,上去看风景,[等级16],[粉丝团 Lv12]
2026-05-22 22:45:24,4433688919815223,玖绊,又学到了,[等级29],[粉丝团 Lv13]
2026-05-22 22:45:24,85379485661,盼妮,你俩多适合过日子啊[捂脸][捂脸][捂脸],[等级24],[粉丝团 Lv11]
2026-05-22 22:45:28,100910484972,ㅤ ㅤㅤㅤ ㅤ,@✨好运来✨ 分人,[等级19],[粉丝团 Lv12]
2026-05-22 22:45:29,677720989108904,吉吉,你们卡嘛，,[等级13],[粉丝团 Lv9]
2026-05-22 22:45:30,73647036676,捣蛋熊,哈哈哈,[等级20],[粉丝团 Lv12]
2026-05-22 22:45:32,101297326518,小骗子,哈哈哈哈，加起来不到5岁,[等级14],[粉丝团 Lv10]
2026-05-22 22:45:33,93452574084,桐乐安宁,[捂脸][捂脸][捂脸][捂脸],[等级2],
2026-05-22 22:45:33,109424540855,¹₃¹₄ ᥫᩣ ⁵²º ·丹༉,[捂脸][捂脸],[等级5],[粉丝团 Lv8]
2026-05-22 22:45:34,88607640283,会发光的小阿晴😘,发生了什么怎么没和队友一起,[等级2],[粉丝团 Lv1]
2026-05-22 22:45:35,98061316280,♊凡尘,累惨了，没圈了,[等级32],[粉丝团 Lv10]
2026-05-22 22:45:37,93032203992,秀儿⁵¹⁰⁷⁴,@吉吉 不卡,[等级19],[粉丝团 Lv12]
2026-05-22 22:45:38,82118318153,强哥,下把招募,[等级13],[粉丝团 Lv4]
2026-05-22 22:45:38,93169074503,縸藜,xswl,[等级18],[粉丝团 Lv11]
2026-05-22 22:45:39,135964883951687,you(^_^)丹,@✨好运来✨ 刚才开无人机没有，叫唤,[等级9],
2026-05-22 22:45:39,108825768878,南山居士,两个有大实力的人在这里吹小牛逼[捂脸],[等级1],
2026-05-22 22:45:40,109424540855,¹₃¹₄ ᥫᩣ ⁵²º ·丹༉,我说白了[捂脸][捂脸],[等级5],[粉丝团 Lv8]
2026-05-22 22:45:41,97014636164,七喜,学会了,[等级20],[粉丝团 Lv3]
2026-05-22 22:45:42,1530976442254383,带五个孤儿住天桥底下,上去看了一下风景,[等级27],[粉丝团 Lv11]
2026-05-22 22:45:43,3298947946790443,张全蛋凶的批爆,不卡啊,[等级14],[粉丝团 Lv12]
2026-05-22 22:45:43,109109492047,z浩哥,点点赞[鼓掌][鼓掌][鼓掌][鼓掌][鼓掌],[等级7],
2026-05-22 22:45:44,81923643945,不知道,好卡,[等级21],
2026-05-22 22:45:45,61273599027,嫣然的一笑,在吗,[等级4],
2026-05-22 22:45:47,68356884321,🌾汤圆,@知遇👣 队友咋了,[等级7],[粉丝团 Lv8]
2026-05-22 22:45:49,76707525955,青城山-十三月客栈。🎐,队友怎么啦，没看到,[等级12],[粉丝团 Lv3]
2026-05-22 22:45:51,4321509304176393,厚厚🉑,打架不开麦报点帮啥？咋帮？[看],[等级10],[粉丝团 Lv10]
2026-05-22 22:45:51,3406705907740807,何爱华（承蒙厚爱）,学费了[捂脸][捂脸][捂脸],[等级22],[粉丝团 Lv12]
2026-05-22 22:45:51,101681321942,amei,队友发生了啥呀？来迟了一点点,[等级11],[粉丝团 Lv9]
2026-05-22 22:45:59,101113424883,加菲猫,下把招募，必须招募[看][看][看],[等级17],
2026-05-22 22:45:59,98604767670,小刘不烦恼,卡，不是网卡，是他游戏开始掉帧的卡,[等级23],[粉丝团 Lv5]
2026-05-22 22:46:03,85018837708,柱哥⁸⁰⁰⁸,ᥬ[呲牙]ᩤᥬ[呲牙]ᩤ,[等级31],[粉丝团 Lv14]
2026-05-22 22:46:03,65816269223,君无殇,取老黑 一天大3顿[捂脸][捂脸][捂脸][捂脸][捂脸],[等级15],
2026-05-22 22:46:04,6172537954,牧孜梨,跟老黑学了很多上高点技巧,[等级13],[粉丝团 Lv11]
2026-05-22 22:46:05,103510963838,《重生之》我在成都养🐰钓🐟,我就想知道和平精英整个地图有几个地方是老黑上不去的[捂脸][捂脸][捂脸],[等级7],[粉丝团 Lv10]
2026-05-22 22:46:13,103948540494,浩晨,老黑不行就跟猫局凑合着过吧,[等级16],
2026-05-22 22:46:15,4162095481363833,mrtang,人家是晋级赛,,
2026-05-22 22:46:21,76912850582,月亮⑅ᵕ༚ᵕ˖˚☽,人家打游戏，想帮就帮，不想帮就不帮，你喜欢帮你就自己开一把呗，,[等级19],[粉丝团 Lv8]
2026-05-22 22:46:28,61784603484,一块面包,@小刘不烦恼 为啥我不卡[抠鼻][抠鼻][抠鼻],[等级28],[粉丝团 Lv2]
2026-05-22 22:46:28,65816269223,君无殇,取老黑一天打3顿[捂脸][捂脸][捂脸][捂脸][捂脸],[等级15],
2026-05-22 22:46:29,93032203992,秀儿⁵¹⁰⁷⁴,@浩晨 好好说话,[等级19],[粉丝团 Lv12]
2026-05-22 22:46:32,2599715665347304,leeeeesangwon,队友也可以啊,[等级10],
2026-05-22 22:46:33,100910484972,ㅤ ㅤㅤㅤ ㅤ,@mrtang 那你快去帮忙吧，大善人,[等级19],[粉丝团 Lv12]
2026-05-22 22:46:35,102012879408,忄,@浩晨 那不行，老黑是扑总的,[等级11],
2026-05-22 22:46:36,3280550051719143,Each kian,什么段位才有晋级赛啊,[等级11],[粉丝团 Lv3]
2026-05-22 22:46:41,4275365652215037,@十一,老黑别打我,[等级12],[粉丝团 Lv11]
2026-05-22 22:46:44,101350423486,牧羊,橘猫呢,[等级16],[粉丝团 Lv3]
2026-05-22 22:46:48,479039457853613,自＾渡,@Each kian 钻石,[等级11],[粉丝团 Lv11]
2026-05-22 22:46:49,99917940852,在冰岛炸薯条,所以发什么事情了,[等级8],
2026-05-22 22:46:49,55159220102,BWRZ（记录美好）,好好看节目就得了[看],[等级36],[粉丝团 Lv16]
2026-05-22 22:46:49,98604767670,小刘不烦恼,水塔山的塔他就没上去过,[等级23],[粉丝团 Lv5]
2026-05-22 22:46:50,85018837708,柱哥⁸⁰⁰⁸,ᥬ[呲牙]ᩤᥬ[呲牙]ᩤᥬ[呲牙]ᩤᥬ[呲牙]ᩤᥬ[呲牙]ᩤᥬ[呲牙]ᩤᥬ[呲牙]ᩤᥬ[呲牙]ᩤ,[等级31],[粉丝团 Lv14]
2026-05-22 22:46:50,66444125548227,￴ ￴,@加菲猫 你怎么不去打,[等级17],[粉丝团 Lv2]
2026-05-22 22:46:52,3954312606928571,...irty～～,无敌战神,[等级12],
2026-05-22 22:46:52,1906967174984656,琪不奇怪,@Each kian 上王牌,[等级10],[粉丝团 Lv10]
2026-05-22 22:46:53,93145824721,37❤❤❤,前面打人君雅她们让队友报下点，结果队友很不耐烦，所以就各走各的了,[等级3],[粉丝团 Lv5]
2026-05-22 22:46:54,102131139676,@行云流水——,@浩晨 猫伺候不好她,[等级15],
2026-05-22 22:46:55,77480341341,做美缝的石哥爱钓鱼,队友也很厉害呀,[等级9],[粉丝团 Lv5]
2026-05-22 22:46:58,22412045763,迪迪小铺,@Each kian 王牌3⭐开始,[等级22],[粉丝团 Lv3]
2026-05-22 22:46:58,69386452895,乐橙,@Each kian 王牌3星,[等级12],
2026-05-22 22:46:59,62556044936,钧澜未央,@Each kian 王牌三星就可以打晋级赛,[等级17],[粉丝团 Lv9]
2026-05-22 22:47:01,1660709539153488,木林,3，6，9星,[等级1],
2026-05-22 22:47:03,100910484972,ㅤ ㅤㅤㅤ ㅤ,@leeeeesangwon 打架不开麦，有人就叫帮忙，那里可以啊,[等级19],[粉丝团 Lv12]
2026-05-22 22:47:04,1491408217449823,桃只i,咋了咋了又,[等级9],[粉丝团 Lv5]
2026-05-22 22:47:05,85018837708,柱哥⁸⁰⁰⁸,ᥬ[呲牙]ᩤᥬ[呲牙]ᩤ,[等级31],[粉丝团 Lv14]
2026-05-22 22:47:09,105389689119,王海峰,喂马,[等级5],[粉丝团 Lv6]
2026-05-22 22:47:09,99240303123,🔥影儿🔥,喂马,[等级16],[粉丝团 Lv10]
2026-05-22 22:47:09,96261969310,酒醉人不归,蜀道山,[等级15],[粉丝团 Lv10]
2026-05-22 22:47:11,68356884321,🌾汤圆,@37❤❤❤ 原来如此,[等级7],[粉丝团 Lv8]
2026-05-22 22:47:13,1075755018880879,Coisini,赛季今天就更新了吗,[等级22],[粉丝团 Lv12]
2026-05-22 22:47:17,981177129516227,？ ？？,马没 草了？,[等级18],[粉丝团 Lv14]
2026-05-22 22:47:22,3160453258944252,悟道者,马上5星,[等级19],
2026-05-22 22:47:22,85018837708,柱哥⁸⁰⁰⁸,ᥬ[呲牙]ᩤᥬ[呲牙]ᩤᥬ[呲牙]ᩤᥬ[呲牙]ᩤ,[等级31],[粉丝团 Lv14]
2026-05-22 22:47:24,93032203992,秀儿⁵¹⁰⁷⁴,@Coisini 明天,[等级19],[粉丝团 Lv12]
2026-05-22 22:47:29,972404837587015,清风,本来就是路匹的，习惯了,[等级22],[粉丝团 Lv10]
2026-05-22 22:47:30,71924681685,江沉晚吟时,跟毛局可不是凑合，那是我们老张家高攀了[看],[等级30],[粉丝团 Lv8]
2026-05-22 22:47:32,94511118465,及时止损,情侣都没你俩配合默契,[等级2],
2026-05-22 22:47:33,110527293027,【柳哥】,喂马,[等级27],[粉丝团 Lv12]
2026-05-22 22:47:33,109424540855,¹₃¹₄ ᥫᩣ ⁵²º ·丹༉,喂马,[等级5],[粉丝团 Lv8]
2026-05-22 22:47:34,93104717886,小熊,没吃草,[等级3],
2026-05-22 22:47:36,4406462741749927,关你什么柿🍤,没吃,[等级11],
2026-05-22 22:47:36,109813811597,🌈🦁葵🐱,没吃吧,[等级24],
2026-05-22 22:47:36,103919279066,熙一夜,没吃,[等级14],[粉丝团 Lv13]
2026-05-22 22:47:36,60832429305,丢丢,马没吃草,[等级10],
2026-05-22 22:47:37,101350423486,牧羊,没吃草,[等级16],[粉丝团 Lv3]
2026-05-22 22:47:37,72907249364,兔子先生,马没有吃,[等级20],[粉丝团 Lv3]
2026-05-22 22:47:38,2009542393864356,铭朗建筑小周,马🐴🐴🐴🐴,[等级34],[粉丝团 Lv10]
2026-05-22 22:47:38,328116718277744,🌈小小曦很愤怒,马都没在吃[捂脸][捂脸],[等级22],
2026-05-22 22:47:38,3778386515474196,陈先生,马马吃草[捂脸][捂脸],[等级13],[粉丝团 Lv10]
2026-05-22 22:47:39,904250177618812,用户5829301178806,没吃,,
2026-05-22 22:47:39,72036670832,初♭见,队友那边人多,[等级5],
2026-05-22 22:47:39,1138697502201755,谁要吃辣妹,你的马没吃草。,[等级4],[粉丝团 Lv4]
2026-05-22 22:47:40,98691481132,🇱,马没吃,[等级20],[粉丝团 Lv4]
2026-05-22 22:47:41,3078224934876830,Zero,没吃,[等级26],[粉丝团 Lv12]
2026-05-22 22:47:42,73575610085,熬醒了,没吃[捂脸],[等级29],
2026-05-22 22:47:42,2335012074554636,diao钓鱼要到岛上钓,没面子,[等级11],
2026-05-22 22:47:43,71533879276,懒得起名字,没吃,[等级15],[粉丝团 Lv9]
2026-05-22 22:47:43,110527293027,【柳哥】,没吃,[等级27],[粉丝团 Lv12]
2026-05-22 22:47:44,1613683637104845,ღ落尘᭄ꦿ,马没吃,[等级27],[粉丝团 Lv14]
2026-05-22 22:47:44,2234638754122687,🌈迷,马都没喂上,[等级20],[粉丝团 Lv6]
2026-05-22 22:47:44,99240303123,🔥影儿🔥,你的马没吃草,[等级16],[粉丝团 Lv10]
2026-05-22 22:47:44,1767669746371549,Vvvvv,马没吃草,[等级23],[粉丝团 Lv10]
2026-05-22 22:47:44,50824251791,✨ゞ玉·,马,[等级21],[粉丝团 Lv10]
2026-05-22 22:47:46,72419691347,🐯.  瑩瑩瑩,队友一直在打人,[等级14],
2026-05-22 22:47:46,690948260241671,真诚123,马没吃,[等级3],[粉丝团 Lv1]
2026-05-22 22:47:46,102574050291,有何不可,马没吃草,[等级5],[粉丝团 Lv2]
2026-05-22 22:47:47,92724691349,^初一,没吃,[等级6],[粉丝团 Lv6]
2026-05-22 22:47:48,101954260623,心如止水,马没吃,[等级8],[粉丝团 Lv3]
2026-05-22 22:47:49,3765187189679200,木子,马没吃,[等级13],[粉丝团 Lv10]
2026-05-22 22:47:50,95450137991,开心,@BWRZ（记录美好） 汲吃,[等级21],[粉丝团 Lv5]
2026-05-22 22:47:51,111200763682,"Mr,李",你的马是没胃口吗,[等级32],[粉丝团 Lv5]
2026-05-22 22:47:54,77480341341,做美缝的石哥爱钓鱼,队友也在嘎嘎乱杀,[等级9],[粉丝团 Lv5]
2026-05-22 22:47:54,3751152034261851,华锅锅、,喂了个寂寞,[等级36],
2026-05-22 22:47:56,85600105367,Ki🫧,买挂多少钱？ 谁有 推荐一下,[等级12],
2026-05-22 22:47:57,99579084278,小关关呀,[加功德],[等级31],[粉丝团 Lv10]
2026-05-22 22:47:58,69473677883,罗密欧与猪开枝散叶,没胃口,[等级15],[粉丝团 Lv11]
2026-05-22 22:47:59,1116706069814798,苏哥119,才看见,[等级4],[粉丝团 Lv3]
2026-05-22 22:48:03,92724691349,^初一,慧慧回家,[等级6],[粉丝团 Lv6]
2026-05-22 22:48:04,4862013350589,厉扑,又该骂马了,[等级21],[粉丝团 Lv11]
2026-05-22 22:48:05,99579084278,小关关呀,[吐舌小狗][吐舌小狗],[等级31],[粉丝团 Lv10]
2026-05-22 22:48:07,92294124549,空^〇^白,深情又偷偷打游戏[看],[等级6],[粉丝团 Lv6]
2026-05-22 22:48:07,1262683587609187,蜗牛国度,这马有骨气,[等级3],[粉丝团 Lv2]
2026-05-22 22:48:07,62556044936,钧澜未央,谁知道这次更新是不停机更新，还是停机更新呀,[等级17],[粉丝团 Lv9]
2026-05-22 22:48:08,1968604174630651,好运连连,我不让它吃[捂脸],[等级10],[粉丝团 Lv9]
2026-05-22 22:48:09,100164520660,北沚,[捂脸],[等级10],
2026-05-22 22:48:10,2906750349226743,🌈简单,我看了那两个小姐姐拍锅的视频 猫局那个要笑死我,[等级23],[粉丝团 Lv2]
2026-05-22 22:48:11,85018837708,柱哥⁸⁰⁰⁸,ᥬ[抠鼻]ᩤᥬ[抠鼻]ᩤᥬ[抠鼻]ᩤ,[等级31],[粉丝团 Lv14]
2026-05-22 22:48:11,677720989108904,吉吉,@Ki🫧 666,[等级13],[粉丝团 Lv9]
2026-05-22 22:48:13,103140950091,薄底披萨,姜子牙牛逼,[等级4],
2026-05-22 22:48:13,1051605068416204,用户3578,队友嘎嘎乱杀,[等级20],
2026-05-22 22:48:15,1261848801839245,曾经最美,深情这也能被骂[捂脸][捂脸][捂脸],[等级28],
2026-05-22 22:48:16,65144601473,🍀四叶草🍀,一边看一边拉屎,[等级32],[粉丝团 Lv10]
2026-05-22 22:48:17,2965799508641152,没错 一起的,深情出来吃草了,[等级2],[粉丝团 Lv4]
2026-05-22 22:48:18,2466924498270477,掌管所有金子的神,你kd30.87？,[等级15],
2026-05-22 22:48:19,3557665193860644,梅钞疯 󰠇,深情说话[捂脸][捂脸],[等级20],[粉丝团 Lv12]
2026-05-22 22:48:21,69901418738,某某人,别说了 开火车都轮不到你,[等级4],
2026-05-22 22:48:23,85018837708,柱哥⁸⁰⁰⁸,ᥬ[抠鼻]ᩤᥬ[抠鼻]ᩤᥬ[抠鼻]ᩤ,[等级31],[粉丝团 Lv14]
2026-05-22 22:48:24,63855043563,马儿不吃草·,马不吃草[捂脸],[等级21],[粉丝团 Lv4]
2026-05-22 22:48:25,99965829279,马千万,主播，怎么还有保镖啊？,[等级25],
2026-05-22 22:48:25,470219582866307,忻安,深情扣钱,[等级17],[粉丝团 Lv15]
2026-05-22 22:48:29,83781723275,一书一世界,自己瞎跳半天。才知道马没吃莫[捂脸],[等级7],[粉丝团 Lv8]
2026-05-22 22:48:29,98867380303,ghost咸鱼,深情出来挨骂了,[等级15],[粉丝团 Lv11]
2026-05-22 22:48:35,4433688919815223,玖绊,深情又躺着挨枪了,[等级29],[粉丝团 Lv13]
2026-05-22 22:48:36,50892285768,平凡庸俗,[赞],[等级26],[粉丝团 Lv10]
2026-05-22 22:48:44,701969422367737,神马都是浮云,老黑太重了  马都跑不动,[等级22],[粉丝团 Lv3]
2026-05-22 22:48:45,92294124549,空^〇^白,深情上班偷偷打游戏扣钱[看],[等级6],[粉丝团 Lv6]
2026-05-22 22:48:46,100910484972,ㅤ ㅤㅤㅤ ㅤ,@掌管所有金子的神 低调低调低调,[等级19],[粉丝团 Lv12]
2026-05-22 22:48:48,1480368289487208,许昌瓷砖大宝子,[看][看][看],,
2026-05-22 22:48:54,3913913666903720,太阳☀,深情躺着也中枪,[等级41],[粉丝团 Lv13]
2026-05-22 22:48:55,99240303123,🔥影儿🔥,捡空投就有人了,[等级16],[粉丝团 Lv10]
2026-05-22 22:48:56,22415580083835,苹果,深情没空在吃物资呢,[等级18],
2026-05-22 22:49:03,1999329323920295,Blueの,明天打战神吗,[等级18],
2026-05-22 22:49:06,100665697864,蓝枫,好久没来看大房了,[等级20],[粉丝团 Lv12]
2026-05-22 22:49:06,71755721371,逆旅行人󰠇,明天就新赛季了吗,[等级28],[粉丝团 Lv14]
2026-05-22 22:49:25,54994797925,²⁶土豆¾,深情不如久伴,[等级13],[粉丝团 Lv4]
2026-05-22 22:49:30,3954312606928571,...irty～～,ᥬ[看]ᩤᥬ[呲牙]ᩤᥬ[发呆]ᩤ,[等级12],
2026-05-22 22:49:36,111007266356,🔱守望w,小番茄,[等级29],[粉丝团 Lv15]
2026-05-22 22:49:45,2940563103155639,.,大房子也不小了，天天打游戏都没时间找男朋友了,[等级31],
2026-05-22 22:49:46,3628026859366756,L@H,这是几倍镜啊？,[等级19],[粉丝团 Lv3]
2026-05-22 22:49:48,101629850514,张老黑的飞哥⁵¹⁰⁷⁴,@婷懂手机: ᥬᥬ[舔屏]ᩤᩤ,[等级33],[粉丝团 Lv16]
2026-05-22 22:50:00,69386452895,乐橙,@L@H 战术瞄准镜,[等级12],
2026-05-22 22:50:00,1257437656002798,某某.,明天中午正常直播，不冲战神，她身体熬不住,[等级34],[粉丝团:张君雅 Lv16]
2026-05-22 22:50:06,2172250476520051,m.,@小宝g 🍑,[等级24],
2026-05-22 22:50:08,111007266356,🔱守望w,[大娃],[等级29],[粉丝团 Lv15]
2026-05-22 22:50:18,101629850514,张老黑的飞哥⁵¹⁰⁷⁴,@婷懂手机: ᥬᥬ[害羞]ᩤᩤ,[等级33],[粉丝团 Lv16]
2026-05-22 22:50:20,7450110997022393401,保护水晶,666,[等级4],[粉丝团 Lv6]
2026-05-22 22:50:21,71830617955,認生若如初見,[666],[等级31],[粉丝团 Lv16]
2026-05-22 22:50:22,52645225313,卷无邪,🐂,[等级12],
2026-05-22 22:50:23,99965829279,马千万,卧槽[捂脸],[等级25],
2026-05-22 22:50:25,100164520660,北沚,黑子说话。！！！,[等级10],
2026-05-22 22:50:26,101681321942,amei,帅,[等级11],[粉丝团 Lv9]
2026-05-22 22:50:27,479039457853613,自＾渡,帅,[等级11],[粉丝团 Lv11]
2026-05-22 22:50:27,92693999494,Mia🍊,太厉害啦[比心][比心][比心],[等级18],[粉丝团 Lv12]
2026-05-22 22:50:28,71126905166,抖音小肋手,牛逼,[等级11],[粉丝团 Lv10]
2026-05-22 22:50:29,96827599225,时间冲淡の爱,[666][666][666][666][666][666][666],[等级17],[粉丝团 Lv10]
2026-05-22 22:50:31,104949047941,蔚蓝海岸,[666][666][666][666],[等级34],[粉丝团 Lv11]
2026-05-22 22:50:32,882221204645559,昵称,为毛那么丝滑,[等级6],
2026-05-22 22:50:33,93184505256,心如止水zgm,开了,[等级12],
2026-05-22 22:50:35,52744941864,㜂孞,轻轻松松的拿下,[等级10],
2026-05-22 22:50:36,69463840673,水果魔君果粒陈,呸,[等级7],
2026-05-22 22:50:37,73262120614,慧子大人,[666][666][666][666][666][666],[等级14],[粉丝团 Lv12]
2026-05-22 22:50:37,76912850582,月亮⑅ᵕ༚ᵕ˖˚☽,6666,[等级19],[粉丝团 Lv8]
2026-05-22 22:50:38,85600105367,Ki🫧,哪里有买挂的？,[等级12],
2026-05-22 22:50:39,2295392982011464,莫欺少年穷,行云流水[赞][赞],[等级43],[粉丝团 Lv13]
2026-05-22 22:50:39,103140950091,薄底披萨,姜子牙牛逼,[等级4],
2026-05-22 22:50:40,3628026859366756,L@H,太厉害了[比心],[等级19],[粉丝团 Lv3]
2026-05-22 22:50:40,99965829279,马千万,有问题[看],[等级25],
2026-05-22 22:50:40,111007266356,🔱守望w,[爷爷],[等级29],[粉丝团 Lv15]
2026-05-22 22:50:43,100164520660,北沚,明天新赛季了，我的传奇还是没上线。[捂脸],[等级10],
2026-05-22 22:50:46,3913913666903720,太阳☀,太帅啦,[等级41],[粉丝团 Lv13]
2026-05-22 22:50:46,73262120614,慧子大人,太帅啦  主播[比心],[等级14],[粉丝团 Lv12]
2026-05-22 22:50:48,108825768878,南山居士,黑子这些时候都能集体失声,[等级1],
2026-05-22 22:50:50,94511118465,及时止损,人家都没露，怎么炸到的？？,[等级2],
2026-05-22 22:50:50,100179063750,163广播站,昙花一现[看],[等级9],[粉丝团 Lv6]
2026-05-22 22:50:52,92693999494,Mia🍊,快准狠,[等级18],[粉丝团 Lv12]
2026-05-22 22:50:53,84159073433,不入戏🍃,[捂脸][捂脸][捂脸],[等级21],[粉丝团 Lv12]
2026-05-22 22:50:58,104759532174,๑ò钱_前面的钱ó๑,下次直接丢枪丢炮，不用战术包,[等级19],[粉丝团 Lv4]
2026-05-22 22:50:58,101629850514,张老黑的飞哥⁵¹⁰⁷⁴,ᥬᥬ[发呆]ᩤᩤ,[等级33],[粉丝团 Lv16]
2026-05-22 22:50:59,7450110997022393401,保护水晶,你的节奏比较快,[等级4],[粉丝团 Lv6]
2026-05-22 22:51:00,4312762483477248,村里有个姑娘叫小芳,把公屏打在牛头上[捂脸],[等级3],[粉丝团 Lv3]
2026-05-22 22:51:00,100056462711,是玲玲吖丶ᥫᩣ,@心如止水zgm 你打不了的都是挂嘛,[等级29],[粉丝团 Lv8]
2026-05-22 22:51:00,93452574084,桐乐安宁,你问你管不管,[等级2],
2026-05-22 22:51:04,100821380024,哥只是个传说,三秒,[等级30],[粉丝团 Lv12]
2026-05-22 22:51:05,64374042307,⚈᷀᷁汤圆⚈᷀,这叫意识[捂脸],[等级17],[粉丝团 Lv12]
2026-05-22 22:51:06,75634525708,༄᭄冰封ꦿᩚ࿐,别夸，再夸又成盒了，都已经盒了三把了[捂脸],[等级22],[粉丝团 Lv14]
2026-05-22 22:51:10,84159073433,不入戏🍃,[捂脸][捂脸],[等级21],[粉丝团 Lv12]
2026-05-22 22:51:14,100164520660,北沚,你不知道爆炸公式范围伤害吗？一定要漏了才能打。？,[等级10],
2026-05-22 22:51:16,3280550051719143,Each kian,老黑太会过日子了,[等级11],[粉丝团 Lv3]
2026-05-22 22:51:18,111225288355,忘红尘,毫无人性呀[呲牙],[等级13],[粉丝团 Lv4]
2026-05-22 22:51:23,2113732461204276,蚩尤出战,老黑节奏不快,[等级9],[粉丝团 Lv10]
2026-05-22 22:51:23,98604767670,小刘不烦恼,拿子弹,[等级23],[粉丝团 Lv5]
2026-05-22 22:51:26,102438805991,Eternally,战机转瞬即逝,[等级21],[粉丝团 Lv11]
2026-05-22 22:51:30,69463840673,水果魔君果粒陈,石矶[捂脸][捂脸],[等级7],
2026-05-22 22:51:32,67601934161,@🐯,把公平打在逼上,[等级9],[粉丝团 Lv7]
2026-05-22 22:51:33,707711956162747,🦋꧔ꦿ᭄阿忠 ❧⁵²⁰,1080,[等级29],[粉丝团 Lv4]
2026-05-22 22:51:33,109044551886,🌈一世浮华じ,小葵花妈妈课堂,[等级15],[粉丝团 Lv10]
2026-05-22 22:51:33,99372859314,启  夏,@心如止水zgm 跑车看回放,[等级25],[粉丝团 Lv15]
2026-05-22 22:51:36,95450137991,开心,快，狠，稳[666],[等级21],[粉丝团 Lv5]
2026-05-22 22:51:36,109044551886,🌈一世浮华じ,[捂脸][捂脸][捂脸],[等级15],[粉丝团 Lv10]
2026-05-22 22:51:36,1257437656002798,某某.,小菊花哈哈哈哈哈哈哈哈,[等级34],[粉丝团:张君雅 Lv16]
2026-05-22 22:51:37,104600621959,戒心,和毛局一样123缴枪,[等级26],[粉丝团 Lv8]
2026-05-22 22:51:37,3825901139410685,李哥,学废了,[等级31],[粉丝团 Lv10]
2026-05-22 22:51:38,2458960108983902,我眼睛酸,听声辩位会吗,[等级6],[粉丝团 Lv2]
2026-05-22 22:51:40,63027055055,美女社社长,直播间四川人多不多,[等级2],
2026-05-22 22:51:41,60466416659,焦作小断浪,小菊花？,[等级22],[粉丝团 Lv13]
2026-05-22 22:51:41,109234761799,数今朝风流人物,小菊花？,[等级26],[粉丝团 Lv3]
2026-05-22 22:51:43,3557665193860644,梅钞疯 󰠇,小菊花老黑开课了[捂脸][捂脸],[等级20],[粉丝团 Lv12]
2026-05-22 22:51:43,102091297146,一手遮天,刚才方言都出来了,[等级13],
2026-05-22 22:51:44,102155091278,流浪的疯子,这叫死🐔,[等级13],[粉丝团 Lv9]
2026-05-22 22:51:45,3160453258944252,悟道者,专业打手[捂脸],[等级19],
2026-05-22 22:51:50,109056187533,🥕苡.桉.🫐,小菊花🌼,[等级17],[粉丝团 Lv11]
2026-05-22 22:51:52,93452574084,桐乐安宁,把公评打在NB上,[等级2],
2026-05-22 22:51:52,103790275797,广说,妈妈课堂？啥时候无痛当妈了？[捂脸][捂脸],[等级8],[粉丝团 Lv9]
2026-05-22 22:51:56,3704699613091932,好起来了,她上一*局P城被秒了,,
2026-05-22 22:51:57,104432719593,赞美愚者,队友挺凶啊,[等级34],[粉丝团 Lv2]
2026-05-22 22:52:00,94965786070,C.G,战机稍枞即失,[等级2],
2026-05-22 22:52:01,72179010645,✨三十六,广元人,[等级25],[粉丝团 Lv10]
2026-05-22 22:52:09,3843541681840615,Locke,哈哈哈，快去捡哈哈哈,[等级27],[粉丝团 Lv3]
2026-05-22 22:52:24,82368563722,自渡,播间有陕西的乡党没？,[等级18],[粉丝团 Lv4]
2026-05-22 22:52:30,110763500751,X.,[比心],[等级11],
2026-05-22 22:52:30,3039512947068430,潮沙龙发型生活美学官方号,保镖猫,[等级9],[粉丝团 Lv1]
2026-05-22 22:52:32,60466416659,焦作小断浪,君雅比我还老司机[捂脸]服了，我喜欢,[等级22],[粉丝团 Lv13]
2026-05-22 22:52:33,2427357903729630,༒狂奔的蜗牛༒,[赞],[等级18],[粉丝团 Lv4]
2026-05-22 22:52:34,2984494566739024,7️⃣7️⃣,我广安人,[等级11],[粉丝团 Lv3]
2026-05-22 22:52:37,2172250476520051,m.,张杰,[等级24],
2026-05-22 22:52:38,108707524964,李✪ω✪拜$天***1909,@自渡 有,[等级24],[粉丝团 Lv1]
2026-05-22 22:52:39,4375676056250859,人生三两人👿,@自渡 额贼,[等级8],
2026-05-22 22:52:40,100370457407,@Dee,在坐的一定没有江西萍乡的,[等级19],[粉丝团 Lv5]
2026-05-22 22:52:43,73647036676,捣蛋熊,@自渡 咋了,[等级20],[粉丝团 Lv12]
2026-05-22 22:52:45,479039457853613,自＾渡,@自渡 有,[等级11],[粉丝团 Lv11]
2026-05-22 22:52:46,3554086646457063,果壳.,稍众即逝,[等级13],[粉丝团 Lv6]
2026-05-22 22:52:49,2172250476520051,m.,@小宝g 🍑,[等级24],
2026-05-22 22:52:52,108825768878,南山居士,我要是队友死都不来，现在来就是认怂,[等级1],
2026-05-22 22:53:02,2172250476520051,m.,@小宝g 🍑 [看][看],[等级24],
2026-05-22 22:53:06,98289086860,🌈不会摇头的电风扇,秦人集活！,[等级6],
2026-05-22 22:53:06,111278920151,小宝g 🍑,小马哥[笑哭][泪奔],[等级13],
2026-05-22 22:53:08,600767341014696,小福星🍬,不是每个人都有战神思维的，菜没事，你得开麦跟队友交流。,[等级26],[粉丝团 Lv8]
2026-05-22 22:53:10,82368563722,自渡,@自＾渡 我安康的,[等级18],[粉丝团 Lv4]
2026-05-22 22:53:13,95348884574,洋,又要吃鸡了,[等级23],[粉丝团 Lv6]
2026-05-22 22:53:15,111278920151,小宝g 🍑,看到了,[等级13],
2026-05-22 22:53:16,2172250476520051,m.,@小宝g 🍑 哈哈,[等级24],
2026-05-22 22:53:18,74024865292,A  黎҈,[笑哭][泪奔],[等级20],
2026-05-22 22:53:23,108707524964,李✪ω✪拜$天***1909,@自渡 我也安康的,[等级24],[粉丝团 Lv1]
2026-05-22 22:53:24,1753092736160560,꧁꫞꯭初心ꦿ꫞꧂,有没有河南郑州的朋友,[等级20],[粉丝团 Lv1]
2026-05-22 22:53:26,111278920151,小宝g 🍑,[笑哭][泪奔],[等级13],
2026-05-22 22:53:39,68171781626,花辞树,有没有匈奴，集合,[等级24],[粉丝团 Lv11]
2026-05-22 22:53:46,82368563722,自渡,@李✪ω✪拜$天***1909 [比心],[等级18],[粉丝团 Lv4]
2026-05-22 22:53:53,3913913666903720,太阳☀,@@Dee 我去过萍乡，老能吃辣了，几天下来，给我辣生病了打点滴[流泪][流泪],[等级41],[粉丝团 Lv13]
2026-05-22 22:54:11,1838024726168235,故事成书,自己夸自己牛逼,[等级7],
2026-05-22 22:54:14,3160453258944252,悟道者,不好玩，没有游戏体验[捂脸][捂脸],[等级19],
2026-05-22 22:54:14,1900427196767240,龍肆,自报家门，看有多少地方的人？,[等级14],[粉丝团 Lv7]
2026-05-22 22:54:14,3383611774479524,猫Mimi,@太阳☀ 你是哪的啊,,
2026-05-22 22:54:20,60466416659,焦作小断浪,@꧁꫞꯭初心ꦿ꫞꧂ 焦作中不中,[等级22],[粉丝团 Lv13]
2026-05-22 22:54:21,93453783608,演绎.,在吗老秃,[等级11],
2026-05-22 22:54:22,94965786070,C.G,我50大爷，没文化能看懂就行[捂脸][捂脸][捂脸],[等级2],
2026-05-22 22:54:25,68431555587,此号已被盗用,江西菜太辣啦,[等级10],
2026-05-22 22:54:26,93453783608,演绎.,老秃在看吗,[等级11],
2026-05-22 22:54:28,83948734461,182613203,去了非要吃辣吗？,[等级19],[粉丝团 Lv11]
2026-05-22 22:54:28,100370457407,@Dee,@太阳☀ 正常[捂脸],[等级19],[粉丝团 Lv5]
2026-05-22 22:54:29,67289560767,猫柒,成都,[等级9],
2026-05-22 22:54:35,93453783608,演绎.,老秃在看吗,[等级11],
2026-05-22 22:54:39,4321509304176393,厚厚🉑,这扫车太帅了[看],[等级10],[粉丝团 Lv10]
2026-05-22 22:54:43,62581428479,刷子,太凶残了,[等级31],[粉丝团 Lv13]
2026-05-22 22:54:45,93453783608,演绎.,老秃,[等级11],
2026-05-22 22:54:46,93032203992,秀儿⁵¹⁰⁷⁴,库库掉血[捂脸][捂脸][捂脸],[等级19],[粉丝团 Lv12]
2026-05-22 22:54:49,95339939543,骑着蜗牛去打猎,这338牛逼,[等级10],[粉丝团 Lv2]
2026-05-22 22:54:50,3913913666903720,太阳☀,@猫Mimi 生长在上海，在武汉工作,[等级41],[粉丝团 Lv13]
2026-05-22 22:54:50,479039457853613,自＾渡,@太阳☀ 不吃辣，是真不能吃，扛不住,[等级11],[粉丝团 Lv11]
2026-05-22 22:54:55,2419370855769710,随便逛逛,8-4=5吗,[等级17],[粉丝团 Lv7]
2026-05-22 22:54:55,82368563722,自渡,鸡了,[等级18],[粉丝团 Lv4]
2026-05-22 22:55:01,72419691347,🐯.  瑩瑩瑩,萍乡的辣椒好吃，确实辣,[等级14],
2026-05-22 22:55:13,83948734461,182613203,可以不加辣啊,[等级19],[粉丝团 Lv11]
2026-05-22 22:55:15,3704699613091932,好起来了,这是没遇到高手,,
2026-05-22 22:55:19,4198386700652899,～～～,牛逼,[等级4],[粉丝团 Lv7]
2026-05-22 22:55:20,71126905166,抖音小肋手,牛逼,[等级11],[粉丝团 Lv10]
2026-05-22 22:55:20,60720763321,″北柠″🐾,6666,[等级34],[粉丝团 Lv8]
2026-05-22 22:55:22,71830617955,認生若如初見,[666][666][666][666],[等级31],[粉丝团 Lv16]
2026-05-22 22:55:22,71126905166,抖音小肋手,6666,[等级11],[粉丝团 Lv10]
2026-05-22 22:55:24,74658652601,天琦,[赞][赞][赞][赞],[等级37],[粉丝团 Lv15]
2026-05-22 22:55:24,69260020651,ZDL,牛逼,[等级11],[粉丝团 Lv10]
2026-05-22 22:55:24,4284111045525832,黑格子,[鼓掌][鼓掌][鼓掌],,
2026-05-22 22:55:26,98211015545,金浅浅～,@🐯.  瑩瑩瑩 有品味[赞],[等级14],[粉丝团 Lv12]
2026-05-22 22:55:26,92693999494,Mia🍊,[666][666][666][666][666],[等级18],[粉丝团 Lv12]
2026-05-22 22:55:26,1257437656002798,某某.,嗦话,[等级34],[粉丝团:张君雅 Lv16]
2026-05-22 22:55:26,11805950518,深情（张君雅助理）,@源 感谢大哥[比心][比心],[等级39],[粉丝团:张君雅 Lv18]
2026-05-22 22:55:27,1839963791961146,别吵,人机局一样,[等级3],
2026-05-22 22:55:28,4275365652215037,@十一,老黑你打我,[等级12],[粉丝团 Lv11]
2026-05-22 22:55:28,110487983863,都怪你隐身太清晰,张老黑牛杯,[等级17],[粉丝团 Lv8]
2026-05-22 22:55:28,71126905166,抖音小肋手,张君雅牛逼,[等级11],[粉丝团 Lv10]
2026-05-22 22:55:28,61630873366,喬拾叁🐸,牛逼,[等级27],[粉丝团 Lv6]
2026-05-22 22:55:28,1560954851308167,壹壹呀一一🍒,牛逼,[等级7],[粉丝团 Lv10]
2026-05-22 22:55:28,1456169111790891,隔壁老王,好像是暗号呢,[等级16],[粉丝团 Lv7]
2026-05-22 22:55:28,54421526629,🌈猫,666,[等级26],[粉丝团 Lv11]
2026-05-22 22:55:30,108667817367,人民万岁,这队搞笑呢,[等级12],[粉丝团 Lv8]
2026-05-22 22:55:30,71403258860,爱吃可恶多,[比心][比心][比心],[等级12],
2026-05-22 22:55:30,93171998731,a屁桃,[666][666][666],[等级15],[粉丝团 Lv11]
2026-05-22 22:55:30,21576135032,最爱吃香菜,666,[等级18],[粉丝团 Lv5]
2026-05-22 22:55:30,509818415880967,中意李,牛批[赞][赞][赞],[等级7],[粉丝团 Lv6]
2026-05-22 22:55:30,93453783608,演绎.,老秃你在吗,[等级11],
2026-05-22 22:55:31,100370457407,@Dee,你们吃的还不是本地辣[呲牙],[等级19],[粉丝团 Lv5]
2026-05-22 22:55:31,98047395917,菜花囡囡,[比心][比心][比心],[等级10],[粉丝团 Lv10]
2026-05-22 22:55:31,75634525708,༄᭄冰封ꦿᩚ࿐,终于吃鸡了[666],[等级22],[粉丝团 Lv14]
2026-05-22 22:55:32,100179063750,163广播站,不算,[等级9],[粉丝团 Lv6]
2026-05-22 22:55:32,102469975321,✨名门⭐️,[666][666][666],[等级19],[粉丝团 Lv15]
2026-05-22 22:55:34,88994805577,🌈哇哦,老黑,[等级18],[粉丝团 Lv3]
2026-05-22 22:55:34,99839819696,暗夜之光,要进小黑屋了,[等级11],
2026-05-22 22:55:34,83491825669,赵、小文,索然无味鸡,[等级17],
2026-05-22 22:55:34,55159220102,BWRZ（记录美好）,撒撒水[看],[等级36],[粉丝团 Lv16]
2026-05-22 22:55:35,3383611774479524,猫Mimi,@太阳☀ 武汉热干面挺好吃,,
2026-05-22 22:55:36,95348884574,洋,搞鸡明,[等级23],[粉丝团 Lv6]
2026-05-22 22:55:37,4162095481363833,mrtang,黑粉说话[捂脸][捂脸][捂脸][捂脸],,
2026-05-22 22:55:38,4312762483477248,村里有个姑娘叫小芳,公屏打在牛头上[捂脸],[等级3],[粉丝团 Lv3]
2026-05-22 22:55:38,72683780491,兵哥,几个老六一枪不开,[等级39],[粉丝团 Lv15]
2026-05-22 22:55:39,84724777056,你午睡了嘛,我咋感觉他们打暗号呢,[等级8],[粉丝团 Lv4]
2026-05-22 22:55:39,71126905166,抖音小肋手,张君雅牛逼,[等级11],[粉丝团 Lv10]
2026-05-22 22:55:40,2824008837643668,Hom,招募吧,,
2026-05-22 22:55:41,109336122589,♛,[捂脸][捂脸][捂脸],[等级7],
2026-05-22 22:55:43,73945919060,是贰哥哟,他们在打暗号,[等级25],[粉丝团 Lv10]
2026-05-22 22:55:43,1560954851308167,壹壹呀一一🍒,张君雅牛逼🐂🍺,[等级7],[粉丝团 Lv10]
2026-05-22 22:55:45,73347898863,琼6270,哈哈哈，猫局,[等级8],[粉丝团 Lv9]
2026-05-22 22:55:48,88787629778,舍得,黑子说话,[等级13],[粉丝团 Lv7]
2026-05-22 22:55:48,108825768878,南山居士,黑子现在统一失声,[等级1],
2026-05-22 22:55:48,3254202234046269,苗喵喵🐱,哈哈哈哈哈哈哈哈哈,[等级17],
2026-05-22 22:55:49,1900427196767240,龍肆,人机局,[等级14],[粉丝团 Lv7]
2026-05-22 22:55:49,76454916557,👩🏿‍🍼,用的什么设备,[等级15],[粉丝团 Lv3]
2026-05-22 22:55:49,104949047941,蔚蓝海岸,招募吧,[等级34],[粉丝团 Lv11]
2026-05-22 22:55:51,100164520660,北沚,不打暗号，不撞车。,[等级10],
2026-05-22 22:55:51,103140950091,薄底披萨,姜子牙牛逼,[等级4],
2026-05-22 22:55:53,3825901139410685,李哥,点了,[等级31],[粉丝团 Lv10]
2026-05-22 22:55:54,3628026859366756,L@H,张君雅！牛逼！[比心],[等级19],[粉丝团 Lv3]
2026-05-22 22:55:55,1090344582395118,栗米,找妹妹,[等级16],[粉丝团 Lv11]
2026-05-22 22:55:57,4162095481363833,mrtang,没有黑粉的评论，没有人怼，不舒服[捂脸][捂脸][捂脸][捂脸],,
2026-05-22 22:55:57,103948540494,浩晨,张老黑真的有点逗[捂脸][捂脸][捂脸],[等级16],
2026-05-22 22:55:57,818458912358512,34177028007,我想,[等级3],
2026-05-22 22:55:58,4371256337510045,金钟大小驴,粉丝打暗号了,[等级18],[粉丝团 Lv4]
2026-05-22 22:55:59,1644525708386619,八九野马,这一局就没有高手,[等级21],
2026-05-22 22:55:59,101113424883,加菲猫,招募吧[看][看],[等级17],
2026-05-22 22:56:01,2824008837643668,Hom,招募吧,,
2026-05-22 22:56:01,377882118456632,舌尖领袖,笑纳笑纳,[等级16],[粉丝团 Lv12]
2026-05-22 22:56:01,3913913666903720,太阳☀,@猫Mimi 确实便宜管饱五块钱一碗,[等级41],[粉丝团 Lv13]
2026-05-22 22:56:02,98718827822,成都小伟,芋儿鸡还是青椒鸡,[等级29],[粉丝团 Lv12]
2026-05-22 22:56:03,101297432951,老酒醉人,[捂脸][捂脸][捂脸][捂脸][捂脸],[等级21],[粉丝团 Lv11]
2026-05-22 22:56:03,80567119609,心若向陽,索然无味,[等级17],
2026-05-22 22:56:03,106222944246,江湾,都不高手,[等级2],
2026-05-22 22:56:03,84159073433,不入戏🍃,[捂脸][捂脸][捂脸],[等级21],[粉丝团 Lv12]
2026-05-22 22:56:04,73809124322,是芝芝呀丶,@别吵 你上你也是人机[看],[等级23],
2026-05-22 22:56:05,71126905166,抖音小肋手,@神秘人二阶 谢谢老板大气大气,[等级11],[粉丝团 Lv10]
2026-05-22 22:56:05,104227179249,🔪一笑卿莫言⁷⁰⁷,还不如不夸[捂脸],[等级31],[粉丝团 Lv13]
2026-05-22 22:56:06,92316285483,三,取点[捂脸],[等级19],[粉丝团 Lv6]
2026-05-22 22:56:06,102131139676,@行云流水——,找妹妹,[等级15],
2026-05-22 22:56:07,2450151345756056,往事不回头,招募吧,[等级2],
2026-05-22 22:56:07,756098195786320,惊呆了老铁,这局为啥和路人矛盾,[等级19],
2026-05-22 22:56:07,83932592146,@：夜空,今晚不和200的神一起玩了,[等级14],
2026-05-22 22:56:08,2159866394979848,用户3415706323344,看招募,[等级10],[粉丝团 Lv7]
2026-05-22 22:56:09,64279060612,白胖*,明天冲战神吗,[等级13],
2026-05-22 22:56:09,93032203992,秀儿⁵¹⁰⁷⁴,招募吧,[等级19],[粉丝团 Lv12]
2026-05-22 22:56:10,72907249364,兔子先生,？,[等级20],[粉丝团 Lv3]
2026-05-22 22:56:10,78762229113773,@乘风破浪&,牛了个大逼[赞][赞][赞],[等级14],
2026-05-22 22:56:12,102131139676,@行云流水——,找妹妹,[等级15],
2026-05-22 22:56:14,59252253998,城南花已败。,注意音量,[等级25],
2026-05-22 22:56:14,75880678230,Pamda,把张君雅打在牛逼上,[等级11],[粉丝团 Lv5]
2026-05-22 22:56:14,3432052796172665,浩子爹,招募吧,[等级1],[粉丝团 Lv1]
2026-05-22 22:56:16,75972540883,毛毛                ╰╮,注意音量,[等级23],[粉丝团 Lv10]
2026-05-22 22:56:17,1560954851308167,壹壹呀一一🍒,🐂🍺,[等级7],[粉丝团 Lv10]
2026-05-22 22:56:18,104384029140,TYM,又不求人是吧,,
2026-05-22 22:56:19,2656022406638387,ZZZ,注意音量兄弟们,[等级17],[粉丝团 Lv11]
2026-05-22 22:56:19,3825901139410685,李哥,点了,[等级31],[粉丝团 Lv10]
2026-05-22 22:56:19,4037872013554622,用户9527314159265857,没有高手不刺激啊,[等级6],[粉丝团 Lv3]
2026-05-22 22:56:19,79583260454,轻描淡写,无敌战神匹配的啥人,[等级7],
2026-05-22 22:56:19,1487011063530926,彭小彭（多财多亿版）,静音模式,[等级7],[粉丝团 Lv5]
2026-05-22 22:56:19,2791032764776272,9876,老黑  我灯牌灭了,[等级7],[粉丝团 Lv10]
2026-05-22 22:56:19,84437220744,Jay,你天天求人,[等级7],
2026-05-22 22:56:19,3557665193860644,梅钞疯 󰠇,我去，好大个飞艇,[等级20],[粉丝团 Lv12]
2026-05-22 22:56:20,2824008837643668,Hom,飞艇来了,,
2026-05-22 22:56:20,54965356018,我以为是真的,牛逼,[等级3],
2026-05-22 22:56:20,4321509304176393,厚厚🉑,老板糊涂！,[等级10],[粉丝团 Lv10]
2026-05-22 22:56:21,95300934498,丶华哥,不好,[等级22],
2026-05-22 22:56:22,88312588832,🌈 𝗠𝗮𝗸𝗮𝗯𝗮𝗸𝗮。,[发呆][发呆][发呆]老板V5,[等级8],[粉丝团 Lv8]
2026-05-22 22:56:22,57936360444,八戒爱练腿.,张君雅不求人,[等级18],[粉丝团 Lv3]
2026-05-22 22:56:22,102322510223,浮生若梦·雷,局哥也是站着拉尿的人,[等级10],
2026-05-22 22:56:22,2274247923467549,知遇👣,@是贰哥哟 都没有出枪,[等级24],[粉丝团 Lv10]
2026-05-22 22:56:23,1257437656002798,某某.,老板大气[比心],[等级34],[粉丝团:张君雅 Lv16]
2026-05-22 22:56:23,98127314878,艾瑞巴蒂跟我一起嗨,刚好今天生日,[等级25],[粉丝团 Lv11]
2026-05-22 22:56:23,4862013350589,厉扑,6个头点600万关注,[等级21],[粉丝团 Lv11]
2026-05-22 22:56:23,74904770508,仙,不点,[等级8],
2026-05-22 22:56:24,98238207128,田不甜。,谢谢大哥,[等级13],
2026-05-22 22:56:24,4161023057856253,王哲,不招募走了,[等级24],[粉丝团 Lv10]
2026-05-22 22:56:24,290698243344304,影＆子,关注了,[等级9],
2026-05-22 22:56:24,103860563238,梦想2525775,嗯,[等级20],[粉丝团 Lv13]
2026-05-22 22:56:24,73647036676,捣蛋熊,扑总来了,[等级20],[粉丝团 Lv12]
2026-05-22 22:56:24,95579765825,鱼䲆鱻䲜@,不好,[等级9],[粉丝团 Lv3]
2026-05-22 22:56:24,71126905166,抖音小肋手,@子一 谢谢扑总，大气大气,[等级11],[粉丝团 Lv10]
2026-05-22 22:56:24,85531244554,I'm ok.,每天都在求,[等级21],[粉丝团 Lv3]
2026-05-22 22:56:24,109109492047,z浩哥,点点赞,[等级7],
2026-05-22 22:56:25,2403951364024968,无所不能,确实牛批,[等级1],[粉丝团 Lv4]
2026-05-22 22:56:26,1090352315900115,阿星,老板牛批,[等级22],[粉丝团 Lv5]
2026-05-22 22:56:26,88757268529,张小狮,老板大气,[等级11],[粉丝团 Lv11]
2026-05-22 22:56:26,102567582597,鸿运当头,注意耳朵,[等级17],[粉丝团 Lv2]
2026-05-22 22:56:26,104006427693,Fyi eee,播到几点？,[等级1],
2026-05-22 22:56:26,509818415880967,中意李,老板大气大气大气[赞][赞][赞],[等级7],[粉丝团 Lv6]
2026-05-22 22:56:26,102597770628,ℳ₯㎕叁潴潴潴🐝࿐,雅姐求你了,[等级19],[粉丝团 Lv10]
2026-05-22 22:56:26,377882118456632,舌尖领袖,我不是新的，我是旧的,[等级16],[粉丝团 Lv12]
2026-05-22 22:56:27,75972540883,毛毛                ╰╮,注意音量,[等级23],[粉丝团 Lv10]
2026-05-22 22:56:28,84159073433,不入戏🍃,[捂脸][捂脸][捂脸],[等级21],[粉丝团 Lv12]
2026-05-22 22:56:28,102167531287,🌈什么都不知道,不好不谢[看],[等级15],
2026-05-22 22:56:28,96895767693,小叶,生日快乐,[等级29],[粉丝团 Lv4]
2026-05-22 22:56:28,4037872013554622,用户9527314159265857,没有一个高手,[等级6],[粉丝团 Lv3]
2026-05-22 22:56:28,3144194026637396,胡亦辰,明天几点更新,[等级2],
2026-05-22 22:56:28,111225288355,忘红尘,暴君,[等级13],[粉丝团 Lv4]
2026-05-22 22:56:28,62581428479,刷子,注意音量,[等级31],[粉丝团 Lv13]
2026-05-22 22:56:29,3778386515474196,陈先生,注意音量关小60秒,[等级13],[粉丝团 Lv10]
2026-05-22 22:56:30,94267625882,夏天的风,你求我要不然我取关了,[等级33],
2026-05-22 22:56:30,103860563238,梦想2525775,好好好好好好好,[等级20],[粉丝团 Lv13]
2026-05-22 22:56:30,343486129250376,Zzz...,天天不求人天天不离求人[捂脸],[等级14],[粉丝团 Lv10]
2026-05-22 22:56:30,96618801025,机智的小胖哥,你昨天才求了句哥,[等级4],
2026-05-22 22:56:31,74904770508,仙,就不点,[等级8],
2026-05-22 22:56:32,4318472311935278,用户1431753061707,发财[赞][赞][赞][赞][赞],[等级16],[粉丝团 Lv12]
2026-05-22 22:56:32,875653320155998,乌拉……,匹配吧，小姐姐,,
2026-05-22 22:56:32,2529326807909693,ember,不点[看],,
2026-05-22 22:56:33,4354492507366980,💞ꦿ🕊孟婆汤꧔ꦿ້໌ᮨ🐋࿐,都是老粉了,[等级19],
2026-05-22 22:56:33,77223069015,❤️李李,局哥喜得贵子还是千金,[等级19],[粉丝团 Lv8]
2026-05-22 22:56:34,95125776765,Hao、⁵¹⁰⁷⁴,招募吧,[等级18],[粉丝团 Lv14]
2026-05-22 22:56:34,109600067848,沉默,注意声音,[等级26],[粉丝团 Lv6]
2026-05-22 22:56:34,4162095481363833,mrtang,老黑今天生日,,
2026-05-22 22:56:34,99965829279,马千万,为什么这么厉害,[等级25],
2026-05-22 22:56:34,59696399335,人间边客,黑子又说人机局,[等级12],[粉丝团 Lv10]
2026-05-22 22:56:34,7018165071,蔑蔑乌,我关注你的时候才几十万粉丝[捂脸],[等级14],
2026-05-22 22:56:34,1033988883613278,止语,一天就是一辈子,[等级4],[粉丝团 Lv3]
2026-05-22 22:56:35,2965799508641152,没错 一起的,牛逼,[等级2],[粉丝团 Lv4]
2026-05-22 22:56:36,102012879408,忄,扑总神秘人又掉了[捂脸][捂脸][捂脸][捂脸],[等级11],
2026-05-22 22:56:36,309409680207203,用户9898222205270,注意音量[捂脸][捂脸][捂脸][捂脸],[等级15],
2026-05-22 22:56:36,97977109675,帆哥哥,卧槽，你天天都在求人[捂脸],[等级36],[粉丝团 Lv5]
2026-05-22 22:56:37,7580690242362000443,普通,注意音量,[等级30],[粉丝团 Lv10]
2026-05-22 22:56:38,2395184081945055,忙里偷闲⁵¹⁰⁷⁴,[捂脸],[等级29],[粉丝团 Lv15]
2026-05-22 22:56:38,109166498423,tt,主播今天过生日了[比心],,
2026-05-22 22:56:38,95348884574,洋,没有新来宝宝，都是老北鼻,[等级23],[粉丝团 Lv6]
2026-05-22 22:56:39,1935612520699435,执,耳朵👂🏻,[等级2],
2026-05-22 22:56:39,4410845128828888,地狱小魔,混丝[看],[等级25],[粉丝团 Lv11]
2026-05-22 22:56:39,1174698388096139,小玖🐾,我去她直播间好多人,,
2026-05-22 22:56:39,81923643945,不知道,没求过就别求了,[等级21],
2026-05-22 22:56:39,2150263172647869,陳十一,谁问了[看],[等级11],[粉丝团 Lv8]
2026-05-22 22:56:40,94222436176,养多乐,一辈子太久,,
2026-05-22 22:56:41,109225781694,用户2055377675297,局哥抢不过你[捂脸][捂脸][捂脸][捂脸],[等级11],[粉丝团 Lv3]
2026-05-22 22:56:41,2008165967995184,oo,老板糊涂[看],[等级7],[粉丝团 Lv4]
2026-05-22 22:56:43,1179098863387952,等烟火照亮我,哈哈哈哈认出来了,[等级9],[粉丝团 Lv3]
2026-05-22 22:56:44,1137314775698301,じve 晨灬安╰☆╮,减小音量[捂脸],[等级10],[粉丝团 Lv4]
2026-05-22 22:56:46,2965799508641152,没错 一起的,说两句就行了,[等级2],[粉丝团 Lv4]
2026-05-22 22:56:46,109636290520,《往后余生》,不点赞也不关注，就是白嫖[呲牙][呲牙][呲牙][呲牙],[等级6],
2026-05-22 22:56:46,98858718443,弱水三千,今天不是你生日吗,[等级7],
2026-05-22 22:56:46,92511169322,拿歌曲打磨你的性子⁴⁴⁰⁰,昨天晚上在求关注,[等级23],
2026-05-22 22:56:46,96705006261,🍑,注意音量,[等级3],
2026-05-22 22:56:47,104580513873,🇨🇳    《常乐》,把张静雅打在牛皮上,[等级34],
2026-05-22 22:56:47,109424540855,¹₃¹₄ ᥫᩣ ⁵²º ·丹༉,哈哈[捂脸],[等级5],[粉丝团 Lv8]
2026-05-22 22:56:47,61001935652,路过蜻蜓🌻,不应该是姜子牙牛逼吗[捂脸],[等级33],[粉丝团 Lv4]
2026-05-22 22:56:48,398457162440810,「风雨同舟＊,捂好耳朵[捂脸][捂脸][捂脸],[等级1],[粉丝团 Lv1]
2026-05-22 22:56:49,104227179249,🔪一笑卿莫言⁷⁰⁷,小心耳朵[捂脸][捂脸][捂脸][捂脸],[等级31],[粉丝团 Lv13]
2026-05-22 22:56:49,92316285483,三,撞车了,[等级19],[粉丝团 Lv6]
2026-05-22 22:56:51,62134625734,遇,关声音了先,[等级13],[粉丝团 Lv5]
2026-05-22 22:56:51,104414155289,阿刚,谁问了?[捂脸],[等级15],[粉丝团 Lv11]
2026-05-22 22:56:51,109600067848,沉默,请降低耳机音量,[等级26],[粉丝团 Lv6]
2026-05-22 22:56:52,4062023312223140,某人」,注意音量拉低[懵][懵],[等级28],[粉丝团 Lv10]
2026-05-22 22:56:52,2150263172647869,陳十一,@Fyi eee 12点,[等级11],[粉丝团 Lv8]
2026-05-22 22:56:53,266560717205872,wtk,神秘人真好[看],[等级7],[粉丝团 Lv10]
2026-05-22 22:56:53,62540363825,鑫 ￴  ￴ ￴ ￴￴￴,@往事不回头 开局有麦，进游戏要他标点人在哪他又不说话了,[等级16],
2026-05-22 22:56:54,70448295602,小薯条。,[捂脸],[等级10],[粉丝团 Lv11]
2026-05-22 22:56:55,2348981208227566,杨杨得亿ꦿ༊,我谢三哥这辈子就没说过谢自……,[等级16],
2026-05-22 22:56:57,470219582866307,忻安,又虚,[等级17],[粉丝团 Lv15]
2026-05-22 22:56:58,2348981208227566,杨杨得亿ꦿ༊,我谢三哥这辈子就没说过谢自……,[等级16],
2026-05-22 22:56:59,98718827822,成都小伟,刚吃的芋儿鸡吗[捂脸],[等级29],[粉丝团 Lv12]
2026-05-22 22:57:01,88757268529,张小狮,注意音量,[等级11],[粉丝团 Lv11]
2026-05-22 22:57:01,2557938630138812,土狗钙中钙,直播间都是老粉了，该点关注的，都已经点了[捂脸],[等级14],
2026-05-22 22:57:03,4305325720878363,剑气长城·暮秋,咋还是个虚的？[发呆][发呆][发呆][发呆],[等级36],
2026-05-22 22:57:03,3663228569664605,天空无云,@用户9527314159265857 明天来看明天刺激,[等级15],[粉丝团 Lv11]
2026-05-22 22:57:04,99965829279,马千万,为什么这么厉害,[等级25],
2026-05-22 22:57:04,2348981208227566,杨杨得亿ꦿ༊,我谢三哥这辈子就没说过谢自……,[等级16],
2026-05-22 22:57:05,109424540855,¹₃¹₄ ᥫᩣ ⁵²º ·丹༉,哈哈,[等级5],[粉丝团 Lv8]
2026-05-22 22:57:05,63330049466,🌙.,主播要是有直播回放就好了 现在困了,[等级11],[粉丝团 Lv3]
2026-05-22 22:57:07,3012311356015880,像风一样的人,我队友把你认出来了，你不说话他不敢告诉。,[等级21],[粉丝团 Lv7]
2026-05-22 22:57:08,3144194026637396,胡亦辰,明天几点更新,[等级2],
2026-05-22 22:57:09,3913913666903720,太阳☀,这个抖音飞艇是不是很贵？比抖音一号还贵？,[等级41],[粉丝团 Lv13]
2026-05-22 22:57:09,3949062634087486,晞和,[捂脸][捂脸],[等级9],[粉丝团 Lv10]
2026-05-22 22:57:11,1257437656002798,某某.,?,[等级34],[粉丝团:张君雅 Lv16]
2026-05-22 22:57:11,84159073433,不入戏🍃,[捂脸][捂脸][捂脸][看],[等级21],[粉丝团 Lv12]
2026-05-22 22:57:12,93014642999,🌈南山楠,？,[等级12],[粉丝团 Lv10]
2026-05-22 22:57:13,2150263172647869,陳十一,别夹[捂脸],[等级11],[粉丝团 Lv8]
2026-05-22 22:57:13,63416229807,风沙迷了眼⁵¹⁰⁷⁴,？,[等级21],[粉丝团 Lv15]
2026-05-22 22:57:13,3764329226702663,🌈就你不吃香菜？,[捂脸],[等级7],
2026-05-22 22:57:14,3383611774479524,猫Mimi,@太阳☀ 哈哈哈哈,,
2026-05-22 22:57:15,1983979380030103,人不能天真一辈子.,[捂脸][捂脸][捂脸],[等级23],[粉丝团 Lv4]
2026-05-22 22:57:15,103746868274,时来运转,[尬笑][尬笑][尬笑],[等级30],[粉丝团 Lv14]
2026-05-22 22:57:15,75972540883,毛毛                ╰╮,音量,[等级23],[粉丝团 Lv10]
2026-05-22 22:57:15,1875121556175175,与山共海,[捂脸][捂脸][捂脸],,
2026-05-22 22:57:16,50478066270,🌈自渡亦渡人➠✪,夹断了[捂脸][捂脸][捂脸],[等级23],[粉丝团 Lv11]
2026-05-22 22:57:16,4037872013554622,用户9527314159265857,卧槽别夹了,[等级6],[粉丝团 Lv3]
2026-05-22 22:57:16,100628196455,嘘🤫,啥死动静,[等级15],[粉丝团 Lv6]
2026-05-22 22:57:17,109424540855,¹₃¹₄ ᥫᩣ ⁵²º ·丹༉,666,[等级5],[粉丝团 Lv8]
2026-05-22 22:57:17,2291859928393280,糯米最无敌,呕,,
2026-05-22 22:57:17,88312588832,🌈 𝗠𝗮𝗸𝗮𝗯𝗮𝗸𝗮。,注意音量[捂脸],[等级8],[粉丝团 Lv8]
2026-05-22 22:57:17,109336122589,♛,[捂脸][捂脸],[等级7],
2026-05-22 22:57:18,113950156132612,梅大王,自己人别开腔,[等级11],
2026-05-22 22:57:19,66832791642,咱,哈哈哈哈哈哈哈哈,[等级10],[粉丝团 Lv5]
2026-05-22 22:57:19,4162095481363833,mrtang,老黑这个赛季和平一直是榜1,,
2026-05-22 22:57:19,106601086059,bbbb,有点害怕,[等级17],[粉丝团 Lv12]
2026-05-22 22:57:20,104323793631,┈→空白︸~,张求人,[等级18],[粉丝团 Lv4]
2026-05-22 22:57:20,70294283620,叼着奶瓶的中登,[看],[等级33],[粉丝团 Lv11]
2026-05-22 22:57:21,109166498423,tt,老黑今天生日了[比心],,
2026-05-22 22:57:21,3557665193860644,梅钞疯 󰠇,一个关注[尴尬流汗][尴尬流汗][尴尬流汗],[等级20],[粉丝团 Lv12]
2026-05-22 22:57:21,99372859314,启  夏,[捂脸][捂脸][捂脸],[等级25],[粉丝团 Lv15]
2026-05-22 22:57:22,98867295228,梨果,死出,[等级8],[粉丝团 Lv8]
2026-05-22 22:57:23,64197226920,✨蔻楠丶,？？？,[等级19],[粉丝团 Lv10]
2026-05-22 22:57:23,277530451378247,iq年锦,别夹，你不适合。,,
2026-05-22 22:57:23,277530451378247,iq年锦,别夹，你不适合。,,
2026-05-22 22:57:23,421804063328311,✎ℳζั͡楊,[捂脸],[等级5],[粉丝团 Lv9]
2026-05-22 22:57:25,4037872013554622,用户9527314159265857,谢谢哥哥,[等级6],[粉丝团 Lv3]
2026-05-22 22:57:26,97190559945,永恒的情,姜子牙牛逼,[等级9],
2026-05-22 22:57:28,1947978329753758,小满妈妈,好好说话,[等级13],[粉丝团 Lv10]
2026-05-22 22:57:29,97662222157,༊卿࿐,都是自己人，别夹,[等级3],[粉丝团 Lv2]
2026-05-22 22:57:30,1377014322563560,🌘,夹起来了,[等级9],[粉丝团 Lv4]
2026-05-22 22:57:31,188753384586429,故地重游,夹的好别扭,[等级3],
2026-05-22 22:57:32,98867295228,梨果,死出,[等级8],[粉丝团 Lv8]
2026-05-22 22:57:33,1556555157474350,🌈🌈小宝888888,不处[捂脸],[等级18],
2026-05-22 22:57:34,71126905166,抖音小肋手,@太阳☀ 贵一倍,[等级11],[粉丝团 Lv10]
2026-05-22 22:57:35,77946730360,胨玄九月,夹子,[等级16],[粉丝团 Lv6]
2026-05-22 22:57:35,4424893833152766,同友益农副产品配送公司,[捂脸][捂脸][捂脸],[等级16],[粉丝团 Lv10]
2026-05-22 22:57:38,98308538532,海绵宝宝死于谋杀,自己人别搞,[等级24],[粉丝团 Lv7]
2026-05-22 22:57:38,104949047941,蔚蓝海岸,我靠 牙都,[等级34],[粉丝团 Lv11]
2026-05-22 22:57:40,71126905166,抖音小肋手,@小鸡别哭 谢谢老板,[等级11],[粉丝团 Lv10]
2026-05-22 22:57:42,2395184081945055,忙里偷闲⁵¹⁰⁷⁴,[大笑][大笑],[等级29],[粉丝团 Lv15]
2026-05-22 22:57:42,100056462711,是玲玲吖丶ᥫᩣ,[尬笑][尬笑][尬笑][尬笑][尬笑][尬笑],[等级29],[粉丝团 Lv8]
2026-05-22 22:57:44,99372859314,启  夏,哈哈哈哈[捂脸],[等级25],[粉丝团 Lv15]
2026-05-22 22:57:44,98718827822,成都小伟,提前关小音量,[等级29],[粉丝团 Lv12]
2026-05-22 22:57:45,778088819200732,拾忆！！！,老板糊涂,[等级9],
2026-05-22 22:57:46,95579765825,鱼䲆鱻䲜@,[打脸][打脸][打脸],[等级9],[粉丝团 Lv3]
2026-05-22 22:57:47,91616813169,七点兀,[爱心],[等级8],[粉丝团 Lv4]
2026-05-22 22:57:48,981177129516227,？ ？？,？？？？？？、,[等级18],[粉丝团 Lv14]
2026-05-22 22:57:49,4037872013554622,用户9527314159265857,别夹啊   老黑,[等级6],[粉丝团 Lv3]
2026-05-22 22:57:51,875653320155998,乌拉……,夹子黑,,
2026-05-22 22:57:51,3247338479165738,为您幸福,[666][666][666],,
2026-05-22 22:57:54,3949062634087486,晞和,[捂脸][捂脸],[等级9],[粉丝团 Lv10]
2026-05-22 22:57:55,64197226920,✨蔻楠丶,？？？,[等级19],[粉丝团 Lv10]
2026-05-22 22:57:55,3996063592881981,@@🚬yangꦿ᭄ཽ࿆࿆:,100个只是亲生的,[等级15],[粉丝团 Lv10]
2026-05-22 22:57:58,1261848801839245,曾经最美,我音量拉到最小了[呲牙],[等级28],
2026-05-22 22:57:59,61262388759,🐾、不能喝的咖啡,原来是扑总[捂脸],[等级13],[粉丝团 Lv9]
2026-05-22 22:58:00,4037872013554622,用户9527314159265857,老黑 你别夹啊,[等级6],[粉丝团 Lv3]
2026-05-22 22:58:00,2211842521836435,搁浅,1080,[等级10],
2026-05-22 22:58:01,71126905166,抖音小肋手,[捂脸][捂脸],[等级11],[粉丝团 Lv10]
2026-05-22 22:58:02,377882118456632,舌尖领袖,不处,[等级16],[粉丝团 Lv12]
2026-05-22 22:58:04,69649201525,陌生的陌生人,黑夹子,[等级17],[粉丝团 Lv1]
2026-05-22 22:58:04,88312588832,🌈 𝗠𝗮𝗸𝗮𝗯𝗮𝗸𝗮。,好好好扑总被爆了,[等级8],[粉丝团 Lv8]
2026-05-22 22:58:06,4862013350589,厉扑,100个儿子都是亲生的,[等级21],[粉丝团 Lv11]
2026-05-22 22:58:07,2965799508641152,没错 一起的,你跟他生猴了,[等级2],[粉丝团 Lv4]
2026-05-22 22:58:07,73647036676,捣蛋熊,说的最清楚的一次,[等级20],[粉丝团 Lv12]
2026-05-22 22:58:08,108985173018,哇不哇塞,榜二是未成年[捂脸][捂脸],[等级15],[粉丝团 Lv4]
2026-05-22 22:58:09,1257437656002798,某某.,不处,[等级34],[粉丝团:张君雅 Lv16]
2026-05-22 22:58:09,4037872013554622,用户9527314159265857,张老黑  你别夹啊,[等级6],[粉丝团 Lv3]
2026-05-22 22:58:10,83731602709,༊ღ᭄🐅R林᭄℘࿐ᩚ,这波口才六六六,[等级24],[粉丝团 Lv7]
2026-05-22 22:58:13,2465518279994179,风云再起,嘴甜呀老黑,[等级21],[粉丝团 Lv5]
2026-05-22 22:58:17,7465029989924209724,7,这是你粉丝,[等级9],[粉丝团 Lv6]
2026-05-22 22:58:18,4037872013554622,用户9527314159265857,张老黑 你别夹啊,[等级6],[粉丝团 Lv3]
2026-05-22 22:58:19,80797621894,猫俢,能不能好好的夹[捂脸],[等级24],[粉丝团 Lv10]
2026-05-22 22:58:20,3012311356015880,像风一样的人,不说话卖掉。,[等级21],[粉丝团 Lv7]
2026-05-22 22:58:21,4218147940337566,生命因你而火热,就夹就夹[看],[等级18],[粉丝团 Lv9]
2026-05-22 22:58:23,88757268529,张小狮,子一是扑总的小号？,[等级11],[粉丝团 Lv11]
2026-05-22 22:58:23,85379485661,盼妮,还是觉得生200个儿子都是亲生的祝福最给力,[等级24],[粉丝团 Lv11]
2026-05-22 22:58:27,111225288355,忘红尘,暴君雅,[等级13],[粉丝团 Lv4]
2026-05-22 22:58:27,4037872013554622,用户9527314159265857,老黑 你别夹啊,[等级6],[粉丝团 Lv3]
2026-05-22 22:58:29,109391294858,独行客,[捂脸][捂脸][捂脸][捂脸][捂脸][捂脸],[等级11],[粉丝团 Lv9]
2026-05-22 22:58:31,4312733019815760,雾里寻花,死亡位3号,[等级13],[粉丝团 Lv11]
2026-05-22 22:58:38,60720763321,″北柠″🐾,@张小狮 是嘞,[等级34],[粉丝团 Lv8]
2026-05-22 22:58:39,4037872013554622,用户9527314159265857,老黑  你别谢谢哥哥了,[等级6],[粉丝团 Lv3]
2026-05-22 22:58:39,1455350881721268,弋🍓🍓,虚哥 这队友也虚[看][看][看][看],[等级13],[粉丝团 Lv12]
2026-05-22 22:58:40,2965799508641152,没错 一起的,睡觉不知道会不会说梦话,[等级2],[粉丝团 Lv4]
2026-05-22 22:58:40,100133651872,你说看星空看日落不如看我的眼眸,@张小狮 是的,[等级25],[粉丝团 Lv11]
2026-05-22 22:58:46,69260884410,@张不言,这把20杀，抖音一号,[等级23],
2026-05-22 22:58:48,83765699726,山茶花ii,人家都叫你了你不理人家,[等级17],
2026-05-22 22:58:51,2009542393864356,铭朗建筑小周,以前一起打过[呲牙],[等级34],[粉丝团 Lv10]
2026-05-22 22:58:58,1094733488719635,打工仔,他咋不开播呀,[等级7],
2026-05-22 22:59:01,102012879408,忄,我就喜欢老黑欠欠的那出[看][看],[等级11],
2026-05-22 22:59:06,84099880563,小A,@太阳☀ 2000,[等级18],[粉丝团 Lv6]
2026-05-22 22:59:08,108616866463,海中飞鱼,这波要嘎,[等级9],
2026-05-22 22:59:14,231331770146510,白黎,@@张不言 看好你,[等级23],[粉丝团 Lv13]
2026-05-22 22:59:17,1953187465799031,初雪等春信,拉娃宝和才副总一起打[比心][比心][比心],,
2026-05-22 22:59:22,108985173018,哇不哇塞,榜二未成年,[等级15],[粉丝团 Lv4]
2026-05-22 22:59:23,1455350881721268,弋🍓🍓,@@张不言 已截屏 [看][看][看],[等级13],[粉丝团 Lv12]
2026-05-22 22:59:23,543586675076003,妖疯杰,老是卡卡,[等级16],[粉丝团 Lv4]
2026-05-22 22:59:25,3954312606928571,...irty～～,ᥬᥬ[捂脸]ᩤᩤ,[等级12],
2026-05-22 22:59:26,4862013350589,厉扑,@@张不言 记住你名字了,[等级21],[粉丝团 Lv11]
2026-05-22 22:59:26,3913913666903720,太阳☀,@小A 真贵,[等级41],[粉丝团 Lv13]
2026-05-22 22:59:27,66875088687,阿威✔,一会打自闭城吗,[等级17],[粉丝团 Lv11]
2026-05-22 22:59:28,2656022406638387,ZZZ,@@张不言 真给假给[看],[等级17],[粉丝团 Lv11]
2026-05-22 22:59:30,100168834422,💨,全天直播啊,[等级2],
2026-05-22 22:59:30,1257437656002798,某某.,@@张不言 助力每一个梦想,[等级34],[粉丝团:张君雅 Lv16]
2026-05-22 22:59:37,231331770146510,白黎,@@张不言 看好你,[等级23],[粉丝团 Lv13]
2026-05-22 22:59:40,99034094226,穿着羽绒服躲冰箱避寒,1楼有,[等级34],[粉丝团 Lv14]
2026-05-22 22:59:42,94728127953,养猪大户,怎么有回音,[等级11],
2026-05-22 22:59:43,1900427196767240,龍肆,假车库有自救,[等级14],[粉丝团 Lv7]
2026-05-22 22:59:52,3600255226232073,用户4720635250019,三级包,[等级10],
2026-05-22 22:59:55,111642458376,娱锋,@阿威✔ 应该不打，明天10点才更新,[等级11],[粉丝团 Lv11]
2026-05-22 22:59:57,84099880563,小A,@太阳☀ 你这41级都送了啥啊[捂脸],[等级18],[粉丝团 Lv6]
2026-05-22 23:00:07,2150263172647869,陳十一,@龍肆 那是霰弹枪配件[看],[等级11],[粉丝团 Lv8]
2026-05-22 23:00:19,100012094738,小仁,不求人的声音,[等级19],
2026-05-22 23:00:21,102012879408,忄,看直播不耽误嗑糖[看],[等级11],
2026-05-22 23:00:28,3913913666903720,太阳☀,@小A 50块钱买别人的号，不是自己的,[等级41],[粉丝团 Lv13]
2026-05-22 23:00:35,849257585706398,用户3463719588979,20个头够呛,,
2026-05-22 23:00:55,100910484972,ㅤ ㅤㅤㅤ ㅤ,@太阳☀ 我给你一百把号卖我吧,[等级19],[粉丝团 Lv12]
2026-05-22 23:01:03,572173077720701,༉缘̥浅͙࿐,1080,[等级12],
2026-05-22 23:01:05,58557737253,ℳ十二,姜子牙牛逼👍👍👍,[等级22],
2026-05-22 23:01:10,71126905166,抖音小肋手,@天琦 谢谢老板大气大气,[等级11],[粉丝团 Lv10]
2026-05-22 23:01:14,58557737253,ℳ十二,姜子牙牛逼👍👍👍,[等级22],
2026-05-22 23:01:24,3315728636710124,天下,曾经打狙就是从SVD开始的,[等级35],[粉丝团 Lv11]
2026-05-22 23:01:27,108617130675,追梦,三保一20杀应该不难,[等级28],[粉丝团 Lv10]
2026-05-22 23:01:28,100910484972,ㅤ ㅤㅤㅤ ㅤ,@太阳☀ 你再去买两个  大哥,[等级19],[粉丝团 Lv12]
2026-05-22 23:01:36,58557737253,ℳ十二,姜子牙牛逼👍👍,[等级22],
2026-05-22 23:01:43,1723668711867566,假如思念有声,赛季什么时候结束？,[等级8],
2026-05-22 23:01:48,79872083261,@丢了幸福的🐷,姜子牙牛逼,[等级15],[粉丝团 Lv9]
2026-05-22 23:01:49,3913913666903720,太阳☀,@ㅤ ㅤㅤㅤ ㅤ 不卖，这个有面子，不够刷不刷,[等级41],[粉丝团 Lv13]
2026-05-22 23:01:56,69386452895,乐橙,@假如思念有声 今晚打完就结束了吧,[等级12],
2026-05-22 23:02:00,84099880563,小A,@太阳☀ 哈哈哈哈哈哈哈人才,[等级18],[粉丝团 Lv6]
2026-05-22 23:02:01,1257437656002798,某某.,@天下 刚出来那会她嫌弃的要死，后面爱不释手，后面被削了又不玩了,[等级34],[粉丝团:张君雅 Lv16]
2026-05-22 23:02:06,69386452895,乐橙,明天新赛季了,[等级12],
2026-05-22 23:02:08,72907249364,兔子先生,队友的声音好好听[看][看],[等级20],[粉丝团 Lv3]
2026-05-22 23:02:14,79872083261,@丢了幸福的🐷,姜子牙牛逼,[等级15],[粉丝团 Lv9]
2026-05-22 23:03:06,105389689119,王海峰,这个时候爆炸弓的优势就明显了,[等级5],[粉丝团 Lv6]
2026-05-22 23:03:06,135964883951687,you(^_^)丹,@兔子先生 老头音,[等级9],
2026-05-22 23:03:08,2194218401924542,祁岽,老黑带我吃鸡了,[等级18],[粉丝团:张君雅 Lv11]
2026-05-22 23:03:25,3315728636710124,天下,@某某. 嗯那时候猫局在玩，刚出来伤害高，号称连发版98K,[等级35],[粉丝团 Lv11]
2026-05-22 23:03:31,71126905166,抖音小肋手,牛逼,[等级11],[粉丝团 Lv10]
2026-05-22 23:03:39,100910484972,ㅤ ㅤㅤㅤ ㅤ,@天琦 感谢大哥,[等级19],[粉丝团 Lv12]
2026-05-22 23:03:41,96699096496,..........,太准了  开挂了吗,[等级5],
2026-05-22 23:03:46,2965799508641152,没错 一起的,3号酷酷跑,[等级2],[粉丝团 Lv4]
2026-05-22 23:03:46,1900427196767240,龍肆,碰到主播的也是够惨的，连正面钢枪的机会都不给[抠鼻][抠鼻][抠鼻],[等级14],[粉丝团 Lv7]
2026-05-22 23:03:47,2019184000899828,2024-2-22-36,这打的多少星,[等级3],
2026-05-22 23:03:48,2904290232894665,🌈平平平,一段信号枪,[等级1],
2026-05-22 23:03:50,63416229807,风沙迷了眼⁵¹⁰⁷⁴,架枪的神,[等级21],[粉丝团 Lv15]
2026-05-22 23:03:51,102826901237,￰ㅤı||ııı||ı|,@.......... 没关也是开？,[等级23],
2026-05-22 23:03:52,99034094226,穿着羽绒服躲冰箱避寒,@深情（张君雅助理） 深16晚上好啊,[等级34],[粉丝团 Lv14]
2026-05-22 23:03:55,77416951506,ら孤痞,@深情（张君雅助理） 天琦哥你没谢[看],[等级37],[粉丝团 Lv17]
2026-05-22 23:03:56,3913913666903720,太阳☀,熏悟空的熏[捂脸][捂脸][捂脸],[等级41],[粉丝团 Lv13]
2026-05-22 23:03:58,2906750349226743,🌈简单,姜子牙牛逼啊,[等级23],[粉丝团 Lv2]
2026-05-22 23:04:00,849257585706398,用户3463719588979,掉人太快了，20个头太难[捂脸],,
2026-05-22 23:04:02,93574415346,飞机场,Svd伤害这么高啊,[等级36],[粉丝团 Lv5]
2026-05-22 23:04:06,69386452895,乐橙,@2024-2-22-36 无敌战神,[等级12],
2026-05-22 23:04:09,93856458218,心无境,姜子牙牛逼[赞][赞][赞][赞],[等级12],[粉丝团 Lv11]
2026-05-22 23:04:12,88688880486,微笑🚥,@.......... 感谢认可实力,[等级15],[粉丝团 Lv12]
2026-05-22 23:04:20,94842343617,🙂,主播ace用的什么握把啊,[等级14],[粉丝团 Lv1]
2026-05-22 23:04:21,377882118456632,舌尖领袖,生100个儿子,[等级16],[粉丝团 Lv12]
2026-05-22 23:04:24,7466464256121259068,几天,悟空！,[等级25],[粉丝团 Lv4]
2026-05-22 23:04:27,54421526629,🌈猫,当初这把svd出来的时候，我还专门抽了升级枪，结果后面被削了，再没玩过[捂脸],[等级26],[粉丝团 Lv11]
2026-05-22 23:04:27,69386452895,乐橙,@2024-2-22-36 8600多分,[等级12],
2026-05-22 23:04:35,4037039821952606,冬雨夏雪,帅,[等级42],[粉丝团 Lv13]
2026-05-22 23:04:42,99034094226,穿着羽绒服躲冰箱避寒,信号枪,[等级34],[粉丝团 Lv14]
2026-05-22 23:04:42,84099880563,小A,@🙂 轻型,[等级18],[粉丝团 Lv6]
2026-05-22 23:04:46,1475964537941396,华✨,新赛季早上10点开始吗？,[等级9],
2026-05-22 23:04:47,104467469291,八百多斤的肥猫,信号枪,[等级22],
2026-05-22 23:04:49,69590646616,阿兵,信号枪,[等级19],
2026-05-22 23:04:50,106392147018,酒徒ཨོཾ,怎么感觉今天画质好差,[等级12],[粉丝团 Lv4]
2026-05-22 23:04:51,2737123450433883,夏大的,左边信号枪,,
2026-05-22 23:04:51,4383112373738923,蒜皮儿,队友打架的时候才开麦[捂脸][捂脸],,
2026-05-22 23:04:52,90123802131,张飞,背两把那么大的枪，像塑料一样，一点不重吗,[等级27],[粉丝团 Lv8]
2026-05-22 23:04:52,77416951506,ら孤痞,@祁岽 上一局吗,[等级37],[粉丝团 Lv17]
2026-05-22 23:04:56,104467469291,八百多斤的肥猫,信号枪,[等级22],
2026-05-22 23:04:57,3188207395813070,恭喜發財,母猪也生不了100个[捂脸],[等级29],[粉丝团 Lv1]
2026-05-22 23:04:57,69386452895,乐橙,@华✨ 不是五点吗,[等级12],
2026-05-22 23:04:58,2737123450433883,夏大的,老黑没看到,,
2026-05-22 23:04:59,677772990102987,YAN汁鱼,刚刚有信号枪,[等级6],
2026-05-22 23:04:59,65759302943,第三人称,1点,[等级9],[粉丝团 Lv11]
2026-05-22 23:05:00,1605728200044957,沉默1,信号枪,[等级15],
2026-05-22 23:05:01,2884772227983111,阿旭,老黑,[等级8],[粉丝团 Lv6]
2026-05-22 23:05:01,109389691119,自由人装饰老张｜先装修再付款,信号枪老乡,[等级2],
2026-05-22 23:05:02,69590646616,阿兵,信号枪,[等级19],
2026-05-22 23:05:08,84842555872,十一哥,信号枪,[等级16],
2026-05-22 23:05:10,2737123450433883,夏大的,人机那边信号枪,,
2026-05-22 23:05:13,74598905234,天下诱我,SVD可以连狙？刚才,[等级13],[粉丝团 Lv4]
2026-05-22 23:05:13,104467469291,八百多斤的肥猫,信号枪,[等级22],
2026-05-22 23:05:16,71126905166,抖音小肋手,@天琦 谢谢老板大气大气,[等级11],[粉丝团 Lv10]
2026-05-22 23:05:23,74409670616027,秦歡,密室钥匙怎么问,[等级31],[粉丝团 Lv1]
2026-05-22 23:05:27,60466416659,焦作小断浪,@天下诱我 ？？？,[等级22],[粉丝团 Lv13]
2026-05-22 23:05:37,2274247923467549,知遇👣,@蒜皮儿 嘴被煳起来了啊,[等级24],[粉丝团 Lv10]
2026-05-22 23:05:37,132399380304215,百分之二,一段还有,[等级13],[粉丝团 Lv10]
2026-05-22 23:05:38,104467469291,八百多斤的肥猫,集装箱上有信号枪,[等级22],
2026-05-22 23:05:50,1417696770795668,用户9355070797619,锚局,[等级11],
2026-05-22 23:05:57,2737123450433883,夏大的,老黑信号枪,,
2026-05-22 23:06:09,3720366910881079,200斤的坣,丝瓜蜜薯，是邮寄，去戏厅。[呲牙],[等级31],[粉丝团 Lv7]
2026-05-22 23:06:10,17384447281,兔飞的猫丞,信号枪,[等级12],[粉丝团 Lv8]
2026-05-22 23:06:12,94076669409,江澄🌶️,信号枪,[等级41],
2026-05-22 23:06:12,756887387641598,时屿.,信号枪,,
2026-05-22 23:06:15,82831329446,梵小匠专业钛杯皮套布套,信号枪,[等级24],[粉丝团 Lv3]
2026-05-22 23:06:16,2386369582992051,娃g,下面,[等级3],
2026-05-22 23:06:18,95550658341,宇,信号旗,[等级10],
2026-05-22 23:06:20,3149431082070574,天高任鸟飞、,信号枪,[等级22],
2026-05-22 23:06:20,1748689946160947,m³碎银解ঞৣঁ千愁᭄,信号枪,[等级22],[粉丝团 Lv7]
2026-05-22 23:06:24,95550658341,宇,信号枪,[等级10],
2026-05-22 23:06:27,74598905234,天下诱我,不是要间隔1、2秒以上吗？,[等级13],[粉丝团 Lv4]
2026-05-22 23:06:28,1257437656002798,某某.,哈哈哈哈哈哈哈哈,[等级34],[粉丝团:张君雅 Lv16]
2026-05-22 23:06:28,1403413790726983,Always🏸,一段底下,[等级3],
2026-05-22 23:06:28,71126905166,抖音小肋手,@小鸡别哭 谢谢老板[比心][比心][比心],[等级11],[粉丝团 Lv10]
2026-05-22 23:06:30,2274247923467549,知遇👣,@华✨ 五点就能起来冲战神,[等级24],[粉丝团 Lv10]
2026-05-22 23:06:31,954822899021383,🦔刺猬🦔,连拍信号枪,[等级15],[粉丝团 Lv2]
2026-05-22 23:06:31,17384447281,兔飞的猫丞,集装箱里面,[等级12],[粉丝团 Lv8]
2026-05-22 23:06:32,94076669409,江澄🌶️,信号枪,[等级41],
2026-05-22 23:06:32,69590646616,阿兵,三段有信号枪,[等级19],
2026-05-22 23:06:32,77276496800,21:57,信号枪,[等级36],[粉丝团 Lv4]
2026-05-22 23:06:34,71533879276,懒得起名字,队友来闻[捂脸],[等级15],[粉丝团 Lv9]
2026-05-22 23:06:34,3557665193860644,梅钞疯 󰠇,队友来一段闻一下[捂脸][捂脸][捂脸],[等级20],[粉丝团 Lv12]
2026-05-22 23:06:34,4321509304176393,厚厚🉑,狗都闻不到局哥闻到了[看],[等级10],[粉丝团 Lv10]
2026-05-22 23:06:35,1900427196767240,龍肆,猫局下面有枪,[等级14],[粉丝团 Lv7]
2026-05-22 23:06:36,95474128034,此情可待成追忆，只是当时已惘然,队友闻一下[捂脸],[等级40],[粉丝团 Lv11]
2026-05-22 23:06:37,70996551199,小石~,信号枪,[等级15],[粉丝团 Lv10]
2026-05-22 23:06:38,231331770146510,白黎,那不是信号枪,[等级23],[粉丝团 Lv13]
2026-05-22 23:06:39,90123802131,张飞,身上闻一下,[等级27],[粉丝团 Lv8]
2026-05-22 23:06:40,88313712466,缙公子𝒘𝒐𝒓𝒍𝒅°,老黑值1万,[等级11],
2026-05-22 23:06:40,95034932599,茹妹儿吖,.,[等级14],[粉丝团 Lv2]
2026-05-22 23:06:41,3732186448795619,小虎同学,队友来一闻稳一下[捂脸],[等级11],
2026-05-22 23:06:48,104467469291,八百多斤的肥猫,说有就有，你不信观众？,[等级22],
2026-05-22 23:06:55,73957995252,武汉人气造型师Eason,信号抢,[等级2],
2026-05-22 23:07:03,95348884574,洋,那个爱,[等级23],[粉丝团 Lv6]
2026-05-22 23:07:08,101014095269,1106225386,叫队友闻？[捂脸][捂脸][捂脸],[等级17],[粉丝团 Lv6]
2026-05-22 23:07:14,62802767094,小二黑,密室,[等级6],
2026-05-22 23:07:21,100910484972,ㅤ ㅤㅤㅤ ㅤ,@八百多斤的肥猫 你信不信有八百多斤的肥猫,[等级19],[粉丝团 Lv12]
2026-05-22 23:07:24,4383112373738923,蒜皮儿,2号血,,
2026-05-22 23:07:27,104600621959,戒心,叫毛局闻,[等级26],[粉丝团 Lv8]
2026-05-22 23:07:31,100179063750,163广播站,[捂脸][捂脸],[等级9],[粉丝团 Lv6]
2026-05-22 23:07:33,3565071500066595,星期8️⃣就结婚,唯一一个关注的主播，了解一下,[等级5],[粉丝团 Lv1]
2026-05-22 23:07:36,100515465222,✨甜憨憨吖🌈,队友不闻，直播间的闻,[等级8],[粉丝团 Lv4]
2026-05-22 23:07:40,54989789105,qin,自救器,[等级4],
2026-05-22 23:07:47,104467469291,八百多斤的肥猫,真有啊,[等级22],
2026-05-22 23:07:49,1072716499657160,可望,贴膜姐[看],[等级17],[粉丝团 Lv11]
2026-05-22 23:07:53,3996063592881981,@@🚬yangꦿ᭄ཽ࿆࿆:,二段友,[等级15],[粉丝团 Lv10]
2026-05-22 23:07:55,4375664403680372,， ， ，,@八百多斤的肥猫 你去闻[看],[等级17],[粉丝团 Lv10]
2026-05-22 23:07:55,84842555872,十一哥,真有,[等级16],
2026-05-22 23:08:01,88757268529,张小狮,爱播，有老板让你这局20杀,[等级11],[粉丝团 Lv11]
2026-05-22 23:08:04,99034094226,穿着羽绒服躲冰箱避寒,@深情（张君雅助理） 快点感谢反骨陈送的真的爱雅[看],[等级34],[粉丝团 Lv14]
2026-05-22 23:08:05,4862013350589,厉扑,弹幕老师闻到了[看],[等级21],[粉丝团 Lv11]
2026-05-22 23:08:06,1403413790726983,Always🏸,一段底下集装箱,[等级3],
2026-05-22 23:08:07,2181037444839293,季夏廿五芒,狗没有我好使,[等级13],[粉丝团 Lv9]
2026-05-22 23:08:08,100910484972,ㅤ ㅤㅤㅤ ㅤ,@八百多斤的肥猫 你就是吧,[等级19],[粉丝团 Lv12]
2026-05-22 23:08:09,3996063592881981,@@🚬yangꦿ᭄ཽ࿆࿆:,干她们,[等级15],[粉丝团 Lv10]
2026-05-22 23:08:09,97544181368,杀敌伍佰,那里？,[等级29],[粉丝团 Lv15]
2026-05-22 23:08:10,3062582829395111,八六88,我送个小心心，能不能叫个宝宝[呲牙],[等级11],
2026-05-22 23:08:12,4191772415108189,知緊你要靚女（登船一次甜爱路一次）,没救了,[等级4],
2026-05-22 23:08:13,98947573929,周sir,说有信号枪的，可能他比狗鼻子还好使[捂脸],[等级21],[粉丝团 Lv10]
2026-05-22 23:08:14,20490824249,林坚,去干他们,[等级11],
2026-05-22 23:08:16,1455350881721268,弋🍓🍓,@八百多斤的肥猫 做梦呢吧[看][看][看][看][看],[等级13],[粉丝团 Lv12]
2026-05-22 23:08:21,1560947581518232,呦吼😎,有可能是半截式握把,[等级15],[粉丝团 Lv6]
2026-05-22 23:08:21,1403413790726983,Always🏸,落地那会儿闪过的,[等级3],
2026-05-22 23:08:25,3565071500066595,星期8️⃣就结婚,主播是我唯一关注的爱博  了解一下,[等级5],[粉丝团 Lv1]
2026-05-22 23:08:27,1890762771137719,～娱乐没有圈~,[比心],[等级11],
2026-05-22 23:08:35,4446023623128787,王多余先生,那狗是假的,[等级6],
2026-05-22 23:08:38,88313712466,缙公子𝒘𝒐𝒓𝒍𝒅°,🇮🇳揍他,[等级11],
2026-05-22 23:09:01,351432915293920,Fang*,唉,[等级1],
2026-05-22 23:09:02,109881104951,372923,[捂脸][捂脸][捂脸][捂脸][捂脸],[等级3],
2026-05-22 23:09:03,101233526181,王先生1122,哈哈哈,[等级12],[粉丝团 Lv10]
2026-05-22 23:09:03,2194218401924542,祁岽,老黑下个赛季打那个号？,[等级18],[粉丝团:张君雅 Lv11]
2026-05-22 23:09:05,59330355630,放荡不羁爱自由,哎,[等级6],
2026-05-22 23:09:07,2387786224381047,一口蛋黄酥🧸,尊嘟假嘟,[等级30],[粉丝团 Lv11]
2026-05-22 23:09:07,84793966478,俊俊✨,唉,[等级19],
2026-05-22 23:09:08,102774738848,夜长梦未央,唉,[等级11],
2026-05-22 23:09:08,99034094226,穿着羽绒服躲冰箱避寒,痞哥，深16呢,[等级34],[粉丝团 Lv14]
2026-05-22 23:09:09,1479257152827978,流年,唉,,
2026-05-22 23:09:10,50913653291,无名指,我是人机,[等级8],
2026-05-22 23:09:11,81910398697,小红旗🇨🇳,哎,[等级18],[粉丝团 Lv3]
2026-05-22 23:09:13,59330355630,放荡不羁爱自由,叫我干嘛？,[等级6],
2026-05-22 23:09:20,3289386664067283,So be it🎣,张子牙牛逼,[等级2],
2026-05-22 23:09:28,1983979380030103,人不能天真一辈子.,咋了,[等级23],[粉丝团 Lv4]
2026-05-22 23:09:29,4410845128828888,地狱小魔,还有一个,[等级25],[粉丝团 Lv11]
2026-05-22 23:09:31,95594231759,爱别离,不撞,[等级8],
2026-05-22 23:09:35,110478212484,☞手心✋🏻☜,死都不知道人在哪,[等级14],[粉丝团 Lv11]
2026-05-22 23:09:52,103062276977,www,掉人很快,[等级11],
2026-05-22 23:10:04,77416951506,ら孤痞,@穿着羽绒服躲冰箱避寒 在，你刷个礼物他就出来了,[等级37],[粉丝团 Lv17]
2026-05-22 23:10:29,99034094226,穿着羽绒服躲冰箱避寒,@ら孤痞 刷了，他没这礼物，掏深16猴子的,[等级34],[粉丝团 Lv14]
2026-05-22 23:10:31,22212740075,十五,敌人死了都不知道老六在什么地方,[等级14],[粉丝团 Lv11]
2026-05-22 23:10:53,543586675076003,妖疯杰,卡,[等级16],[粉丝团 Lv4]
2026-05-22 23:10:56,110487983863,都怪你隐身太清晰,谢宝庆啊谢宝庆[捂脸],[等级17],[粉丝团 Lv8]
2026-05-22 23:11:01,103062276977,www,没开陀螺仪吗,[等级11],
2026-05-22 23:11:25,2274247923467549,知遇👣,@www 手搓,[等级24],[粉丝团 Lv10]
2026-05-22 23:11:27,2648062429500159,幕雨,哈哈,[等级24],[粉丝团 Lv5]
2026-05-22 23:11:31,77416951506,ら孤痞,@o 谢谢,[等级37],[粉丝团 Lv17]
2026-05-22 23:11:32,4312762483477248,村里有个姑娘叫小芳,人工轰炸区[捂脸],[等级3],[粉丝团 Lv3]
2026-05-22 23:11:33,1257437656002798,某某.,?,[等级34],[粉丝团:张君雅 Lv16]
2026-05-22 23:11:34,97330506687,有缘路人,[捂脸][捂脸][捂脸][捂脸],[等级28],[粉丝团 Lv11]
2026-05-22 23:11:35,84187662606,一世奢华,哈哈,[等级18],[粉丝团 Lv4]
2026-05-22 23:11:37,76207559451,龘戈 🕳️     ༽      🐲,土匪,,
2026-05-22 23:11:37,2181037444839293,季夏廿五芒,队友猛阿,[等级13],[粉丝团 Lv9]
2026-05-22 23:11:39,60466416659,焦作小断浪,[捂脸][舔屏],[等级22],[粉丝团 Lv13]
2026-05-22 23:11:39,100179063750,163广播站,嘴脸,[等级9],[粉丝团 Lv6]
2026-05-22 23:11:49,2957004566963451,❤️如意,发财,[等级6],
2026-05-22 23:12:02,75933958835,Freak,里面有吧大炮,[等级25],[粉丝团 Lv10]
2026-05-22 23:12:02,2493283472772824,四号,你怎么这么自私,[等级22],
2026-05-22 23:12:08,60375221243,🍎浢包,空投里有8倍镜,[等级13],[粉丝团 Lv10]
2026-05-22 23:12:16,63416229807,风沙迷了眼⁵¹⁰⁷⁴,@四号 报警啊,[等级21],[粉丝团 Lv15]
2026-05-22 23:12:17,97014636164,七喜,[打call][打call],[等级20],[粉丝团 Lv3]
2026-05-22 23:12:18,92316285483,三,还有一个空投,[等级19],[粉丝团 Lv6]
2026-05-22 23:12:22,100769124890,顽,六倍扔了,[等级13],[粉丝团 Lv10]
2026-05-22 23:12:23,103143508135,海纳百川&,@四号 老黑不是白叫的,[等级25],[粉丝团 Lv12]
2026-05-22 23:12:35,57936360444,八戒爱练腿.,@四号 起诉吧,[等级18],[粉丝团 Lv3]
2026-05-22 23:12:43,4076615729427112,巜·巛,你小师弟牛逼，最后一把杀穿进了,[等级17],[粉丝团 Lv9]
2026-05-22 23:12:45,343486129250376,Zzz...,恺琪号怎么不用了 之前有半年多没看直播了[捂脸] 有人说一下吗,[等级14],[粉丝团 Lv10]
2026-05-22 23:12:45,60375221243,🍎浢包,空投里有8倍,[等级13],[粉丝团 Lv10]
2026-05-22 23:12:46,103143508135,海纳百川&,手黑，财黑心黑,[等级25],[粉丝团 Lv12]
2026-05-22 23:12:48,74801492566,青禾影像-摄影师邵坤,好东西不就是应该给最适合的人吗,[等级12],[粉丝团 Lv3]
2026-05-22 23:12:48,100910484972,ㅤ ㅤㅤㅤ ㅤ,@四号 那咋啦,[等级19],[粉丝团 Lv12]
2026-05-22 23:12:55,100910484972,ㅤ ㅤㅤㅤ ㅤ,@四号 报警吧,[等级19],[粉丝团 Lv12]
2026-05-22 23:12:56,127163134649991,李四哥,有八倍，空投,[等级10],[粉丝团 Lv10]
2026-05-22 23:12:58,80750628383,刘泽旭.,件338_啊,[等级16],
2026-05-22 23:12:58,105993655130,简单就好111,空投都给人家抢了，还说三队人没有空投枪[捂脸][捂脸][捂脸],[等级12],[粉丝团 Lv4]
2026-05-22 23:13:01,78929305769,～君莫笑～,不是有8倍吗,[等级24],[粉丝团 Lv10]
2026-05-22 23:13:10,2493283472772824,四号,你怎么这么自私,[等级22],
2026-05-22 23:13:10,7465029989924209724,7,3号有大狙,[等级9],[粉丝团 Lv6]
2026-05-22 23:13:11,65857033118,@权,问队友换大炮,[等级3],
2026-05-22 23:13:13,60375221243,🍎浢包,空投有8倍,[等级13],[粉丝团 Lv10]
2026-05-22 23:13:16,2419370855769710,随便逛逛,@Zzz... 号主不续费了呗，打号要收钱的,[等级17],[粉丝团 Lv7]
2026-05-22 23:13:18,3188207395813070,恭喜發財,哔哔啥,[等级29],[粉丝团 Lv1]
2026-05-22 23:13:23,2925129054296436,一人独饮,我今天捡到了五把信号枪全叫我打到地下了,[等级21],[粉丝团 Lv9]
2026-05-22 23:13:45,2831941819171743,香烟爱上火柴,哈哈哈,[等级19],[粉丝团 Lv1]
2026-05-22 23:13:46,60375221243,🍎浢包,8倍8倍在空投里,[等级13],[粉丝团 Lv10]
2026-05-22 23:13:46,3996063592881981,@@🚬yangꦿ᭄ཽ࿆࿆:,[捂脸][捂脸][捂脸],[等级15],[粉丝团 Lv10]
2026-05-22 23:13:46,3406705907740807,何爱华（承蒙厚爱）,[捂脸][捂脸][捂脸],[等级22],[粉丝团 Lv12]
2026-05-22 23:13:47,55955954299,言,哈哈,[等级20],[粉丝团 Lv9]
2026-05-22 23:13:47,104227179249,🔪一笑卿莫言⁷⁰⁷,[捂脸][捂脸],[等级31],[粉丝团 Lv13]
2026-05-22 23:13:48,81488454275,袁敏YM🌙,[捂脸][捂脸][捂脸],[等级17],[粉丝团 Lv8]
2026-05-22 23:13:49,1313284358672692,广联达建模（王）,[大笑][黑脸][大笑][黑脸][大笑][黑脸],[等级16],[粉丝团 Lv7]
2026-05-22 23:13:50,97330506687,有缘路人,这两个[捂脸][捂脸][捂脸],[等级28],[粉丝团 Lv11]
2026-05-22 23:13:52,3012311356015880,像风一样的人,[捂脸][捂脸][捂脸][捂脸],[等级21],[粉丝团 Lv7]
2026-05-22 23:13:52,2007084944330340,陈不住气的,哈哈哈,[等级9],[粉丝团 Lv2]
2026-05-22 23:13:52,1031817505279324,活着多累呀,哈哈,[等级9],[粉丝团 Lv7]
2026-05-22 23:13:53,59252253998,城南花已败。,面皮挺厚,[等级25],
2026-05-22 23:13:53,83536529771,🤨,[捂脸][捂脸][捂脸],[等级30],
2026-05-22 23:13:54,93014642999,🌈南山楠,哈哈哈,[等级12],[粉丝团 Lv10]
2026-05-22 23:13:56,73798086508,蓝天,[捂脸],[等级2],
2026-05-22 23:13:56,107908151462,𝓙𝓸𝓬𝓮𝓵𝔂𝓷,shou哈哈哈哈哈哈哈哈这局哥,[等级5],
2026-05-22 23:13:56,3600258000225916,纯洁的老黄瓜,哈哈哈哈,[等级11],[粉丝团 Lv8]
2026-05-22 23:13:58,580196632373928,眼泪泡饭♬,@一人独饮 我也是直接打地上[捂脸],,
2026-05-22 23:14:00,60720763321,″北柠″🐾,喵局也学会了哈哈哈,[等级34],[粉丝团 Lv8]
2026-05-22 23:14:00,3960882075280280,S乄𢗀☞💀,[捂脸][捂脸][捂脸],[等级40],[粉丝团 Lv9]
2026-05-22 23:14:00,93060552271,小别兔别又别,338 不好压  我太菜了吧,[等级11],[粉丝团 Lv10]
2026-05-22 23:14:00,97841728375,斯🌾普,局哥开始套路了,[等级24],[粉丝团 Lv13]
2026-05-22 23:14:02,4233546532927219,🉑🈶🉑🈚,哈哈哈哈,[等级20],[粉丝团 Lv10]
2026-05-22 23:14:02,1512542077459805,记得晒太阳,Aug勉为其难,[等级18],[粉丝团 Lv9]
2026-05-22 23:14:04,3183798172280919,风吹流年,出师了[捂脸][捂脸],[等级14],[粉丝团 Lv2]
2026-05-22 23:14:06,3996063592881981,@@🚬yangꦿ᭄ཽ࿆࿆:,[捂脸][捂脸][捂脸],[等级15],[粉丝团 Lv10]
2026-05-22 23:14:06,76786388221,🌈 海龍_,[捂脸][捂脸],[等级24],[粉丝团 Lv11]
2026-05-22 23:14:07,2234638754122687,🌈迷,局哥太爱AUG了[捂脸],[等级20],[粉丝团 Lv6]
2026-05-22 23:14:08,1179098863387952,等烟火照亮我,哈哈哈哈,[等级9],[粉丝团 Lv3]
2026-05-22 23:14:08,104860100003,媛媛圆了,这两个人心眼子[捂脸][捂脸],[等级9],[粉丝团 Lv8]
2026-05-22 23:14:10,71533879276,懒得起名字,告诉局哥别勉强[捂脸],[等级15],[粉丝团 Lv9]
2026-05-22 23:14:15,109424540855,¹₃¹₄ ᥫᩣ ⁵²º ·丹༉,你俩是人才[捂脸][捂脸][捂脸]给队友整不会了[捂脸][捂脸],[等级5],[粉丝团 Lv8]
2026-05-22 23:14:15,200580296878250,ο▬▬▬◙▅▅▆▆▆▆◤千,面皮挺厚,[等级7],[粉丝团 Lv10]
2026-05-22 23:14:16,1257437656002798,某某.,出师了局哥,[等级34],[粉丝团:张君雅 Lv16]
2026-05-22 23:14:16,343486129250376,Zzz...,@随便逛逛 哦[捂脸]这么个情况,[等级14],[粉丝团 Lv10]
2026-05-22 23:14:16,4112604411736253,兔粉妆,明天什么安排呀雅雅,[等级15],[粉丝团 Lv10]
2026-05-22 23:14:20,264302609042429,小君君,剩饭剩菜还有，想打啥打啥[捂脸],[等级25],[粉丝团 Lv9]
2026-05-22 23:14:21,501823594569320,自在,猫菊跟老黑学坏了,[等级20],[粉丝团 Lv14]
2026-05-22 23:14:21,1261848801839245,曾经最美,太坏了老黑,[等级28],
2026-05-22 23:14:22,309411621386987,90后公子,老猫[捂脸][捂脸][捂脸],[等级23],[粉丝团 Lv8]
2026-05-22 23:14:24,1009770415012976,小安安,明天几点开始打,,
2026-05-22 23:14:26,3996063592881981,@@🚬yangꦿ᭄ཽ࿆࿆:,跟老黑学到了一点点[捂脸][捂脸][捂脸],[等级15],[粉丝团 Lv10]
2026-05-22 23:14:27,548004340438996,小笨蛋,@四号 你是谁🔫[呲牙][呲牙][呲牙][抠鼻][抠鼻][抠鼻][抠鼻],,
2026-05-22 23:14:28,2594487345887303,我有一个梦＊＊,你们俩脸皮都挺厚,[等级12],[粉丝团 Lv11]
2026-05-22 23:14:29,701969422367737,神马都是浮云,局哥套路太深了,[等级22],[粉丝团 Lv3]
2026-05-22 23:14:30,71776509071,星河,哈哈[捂脸][捂脸],[等级24],
2026-05-22 23:14:30,59746128050,随遇而安,局哥不是喜欢打手枪的吗,[等级25],[粉丝团 Lv2]
2026-05-22 23:14:30,3289386664067283,So be it🎣,张子牙牛逼,[等级2],
2026-05-22 23:14:31,85812147195,HOURENXIYII,你们听有重音吗,[等级14],
2026-05-22 23:14:31,100515465222,✨甜憨憨吖🌈,主打一个脸皮厚,[等级8],[粉丝团 Lv4]
2026-05-22 23:14:34,2007084944330340,陈不住气的,@🌈迷 就喜欢556的枪,[等级9],[粉丝团 Lv2]
2026-05-22 23:14:40,65003542912,米其林肠粉,这两人两百斤的心眼子,[等级34],[粉丝团 Lv10]
2026-05-22 23:14:42,78232419275,付魂,马 穿黑丝啊,[等级16],
2026-05-22 23:14:44,77416951506,ら孤痞,@兔粉妆 正常播,[等级37],[粉丝团 Lv17]
2026-05-22 23:14:47,63711108023,情有可袁,@袁敏YM🌙 本家,[等级8],
2026-05-22 23:14:50,231331770146510,白黎,脸皮薄骗不到[捂脸],[等级23],[粉丝团 Lv13]
2026-05-22 23:14:52,4112604411736253,兔粉妆,好的[比心],[等级15],[粉丝团 Lv10]
2026-05-22 23:14:53,68357838087,ζั͡滴ั͡水之恩ั͡✾🏠,没有重音,[等级15],
2026-05-22 23:14:57,2824008837643668,Hom,普空,,
2026-05-22 23:14:58,2419370855769710,随便逛逛,@Zzz... 换好几个大哥号了，你还惦记着那个[捂脸],[等级17],[粉丝团 Lv7]
2026-05-22 23:14:58,102393166752,゛禁止心动つ,张姜子牙一点都不学好,[等级15],
2026-05-22 23:15:03,75885793053,普度众生,明天自己打，不🉐给你打成马蜂窝呀,[等级20],
2026-05-22 23:15:08,81488454275,袁敏YM🌙,@情有可袁 嗯嗯,[等级17],[粉丝团 Lv8]
2026-05-22 23:15:09,95932310696,@手波小王子✔,等下局哥为了把枪不救队友[捂脸],[等级4],[粉丝团 Lv6]
2026-05-22 23:15:11,65461407229,棘羽,老四,[等级5],
2026-05-22 23:15:12,71722008394,🐉锁骨上的唇印🐉,点赞到100万,[等级31],[粉丝团 Lv10]
2026-05-22 23:15:20,71722008394,🐉锁骨上的唇印🐉,点赞点赞,[等级31],[粉丝团 Lv10]
2026-05-22 23:15:22,99049143910,杨🐏,@小安安 12,[等级16],[粉丝团 Lv7]
2026-05-22 23:15:22,352324592338701,c   丶,下个赛季控谁的号[看],[等级27],[粉丝团 Lv15]
2026-05-22 23:15:31,98169272440,樵苏,野生空投,[等级29],[粉丝团 Lv8]
2026-05-22 23:15:31,1945459114393435,·𝑺𝒎𝒊𝒍𝒆✦,队友好像说有钥匙,[等级15],[粉丝团 Lv10]
2026-05-22 23:15:38,2274247923467549,知遇👣,@普度众生 肯定比厉害打你一百个都绰绰有余,[等级24],[粉丝团 Lv10]
2026-05-22 23:16:13,104897114605,~~~,有脚步,[等级17],[粉丝团 Lv4]
2026-05-22 23:16:24,3960882075280280,S乄𢗀☞💀,灵异事件[捂脸][捂脸][捂脸],[等级40],[粉丝团 Lv9]
2026-05-22 23:16:32,68357838087,ζั͡滴ั͡水之恩ั͡✾🏠,好诡异[捂脸],[等级15],
2026-05-22 23:16:34,1906984958563456,南昌伤感宗介,高伞走了,[等级9],
2026-05-22 23:16:34,72179010645,✨三十六,草堆里,[等级25],[粉丝团 Lv10]
2026-05-22 23:16:36,2358883873730825,三三三,摆阵里面,[等级9],[粉丝团 Lv1]
2026-05-22 23:16:37,904250177618812,用户5829301178806,楼梯口,,
2026-05-22 23:16:38,91666146753,燃,跑无敌楼去了,[等级9],
2026-05-22 23:16:39,1746439265066476,凯子z,@S乄𢗀☞💀 对喽[捂脸],[等级13],[粉丝团 Lv8]
2026-05-22 23:16:45,7442219576371364922,一撇一捺默写牵挂²⁰²⁶₈₈₈,舔上了？,[等级30],
2026-05-22 23:16:47,94690232153,若水,厕所里趴着呢,[等级16],
2026-05-22 23:16:59,109611476570,1人陪妳同渡一生,坐伞包走了,[等级30],
2026-05-22 23:17:04,71722008394,🐉锁骨上的唇印🐉,点赞点赞[666][666][666][666],[等级31],[粉丝团 Lv10]
2026-05-22 23:17:10,2181037444839293,季夏廿五芒,三号有实力呀,[等级13],[粉丝团 Lv9]
2026-05-22 23:17:12,59521316137,唯宝贝💕,这游戏谁在玩[捂脸]落地成盒一晚上[捂脸],[等级22],[粉丝团 Lv11]
2026-05-22 23:17:13,71722008394,🐉锁骨上的唇印🐉,点赞点赞[666][666][666],[等级31],[粉丝团 Lv10]
2026-05-22 23:17:14,193116613407240,我想吃鱼了·,Cc,[等级5],
2026-05-22 23:17:15,2274247923467549,知遇👣,@~~~ 你比主播都厉害你才是开挂的,[等级24],[粉丝团 Lv10]
2026-05-22 23:17:18,4162095481363833,mrtang,队友大炮不交出来,,
2026-05-22 23:17:47,2069731754390944,yx,@mrtang 只要是一起打的队友随便拿，你别带节奏了,[等级15],[粉丝团 Lv12]
2026-05-22 23:17:47,71722008394,🐉锁骨上的唇印🐉,点赞点赞,[等级31],[粉丝团 Lv10]
2026-05-22 23:18:23,4112604411736253,兔粉妆,这么多人,[等级15],[粉丝团 Lv10]
2026-05-22 23:18:24,81488454275,袁敏YM🌙,哦豁,[等级17],[粉丝团 Lv8]
2026-05-22 23:18:25,3960882075280280,S乄𢗀☞💀,完辣,[等级40],[粉丝团 Lv9]
2026-05-22 23:18:26,600767341014696,小福星🍬,猫啊,[等级26],[粉丝团 Lv8]
2026-05-22 23:18:27,116989961990570,喜欢一个人,猫局可惜了[捂脸][捂脸][捂脸],[等级12],[粉丝团 Lv10]
2026-05-22 23:18:28,73347898863,琼6270,局哥受伤的世界,[等级8],[粉丝团 Lv9]
2026-05-22 23:18:28,4321509304176393,厚厚🉑,局哥又没了,[等级10],[粉丝团 Lv10]
2026-05-22 23:18:29,95558583638,爸辣辣能量ᝰ,猫好倒霉,[等级4],
2026-05-22 23:18:32,2656851222084430,附子炖粉条,局哥被强了,[等级13],[粉丝团 Lv7]
2026-05-22 23:18:35,105670412162,河洲,哈哈哈，队友嘎了才出来,[等级24],[粉丝团 Lv2]
2026-05-22 23:18:38,600767341014696,小福星🍬,英年早逝了,[等级26],[粉丝团 Lv8]
2026-05-22 23:18:44,60375221243,🍎浢包,补一个不亏，补两个赚一个[捂脸][捂脸],[等级13],[粉丝团 Lv10]
2026-05-22 23:18:44,2069731754390944,yx,有点倒霉说实话，过来接雷来了,[等级15],[粉丝团 Lv12]
2026-05-22 23:18:44,2827563650792843,༺风采依旧༻,你没架好,[等级29],[粉丝团 Lv3]
2026-05-22 23:18:51,84573443478,无感,画质好清晰呀～,[等级10],[粉丝团 Lv1]
2026-05-22 23:19:07,2069731754390944,yx,@༺风采依旧༻ 对对对，队友没了就是她的问题，你咋不上天呢,[等级15],[粉丝团 Lv12]
2026-05-22 23:19:09,71722008394,🐉锁骨上的唇印🐉,点赞点赞,[等级31],[粉丝团 Lv10]
2026-05-22 23:19:24,2274247923467549,知遇👣,@mrtang 不是都有你音阳什么,[等级24],[粉丝团 Lv10]
2026-05-22 23:19:27,77416951506,ら孤痞,@༺风采依旧༻ 老黑先到，架什么枪[捂脸],[等级37],[粉丝团 Lv17]
2026-05-22 23:19:30,4455660142726476,青狸,队友都是谁啊[比心],[等级9],
2026-05-22 23:19:37,96293235234,每天都要看妞,在黑的世界里受伤的总是猫[捂脸][捂脸][捂脸][捂脸],[等级12],[粉丝团 Lv5]
2026-05-22 23:19:40,4383112373738923,蒜皮儿,炮还没拿[捂脸],,
2026-05-22 23:20:03,99034094226,穿着羽绒服躲冰箱避寒,局哥又陨落了,[等级34],[粉丝团 Lv14]
2026-05-22 23:20:13,3879526547078695,厶㣺,吓到我了[捂脸],[等级5],
2026-05-22 23:20:17,2330588968395416,贝塔β,[捂脸][捂脸][捂脸],[等级25],[粉丝团 Lv14]
2026-05-22 23:20:18,104698554968,健身哥1314,[捂脸][捂脸][捂脸][捂脸][捂脸][捂脸],[等级32],[粉丝团 Lv8]
2026-05-22 23:20:21,101233526181,王先生1122,[捂脸][捂脸][捂脸][捂脸],[等级12],[粉丝团 Lv10]
2026-05-22 23:20:22,71126905166,抖音小肋手,[捂脸][捂脸][捂脸],[等级11],[粉丝团 Lv10]
2026-05-22 23:20:23,66227995612,福气满满,哈哈哈,[等级8],
2026-05-22 23:20:25,91616813169,七点兀,下一跳,[等级8],[粉丝团 Lv4]
2026-05-22 23:20:26,3947684180268411,流年,[捂脸][捂脸],[等级2],[粉丝团 Lv5]
2026-05-22 23:20:27,88312588832,🌈 𝗠𝗮𝗸𝗮𝗯𝗮𝗸𝗮。,[捂脸][捂脸][捂脸][捂脸][捂脸],[等级8],[粉丝团 Lv8]
2026-05-22 23:20:28,94237073696,开拓者。,来个回马枪,[等级21],
2026-05-22 23:20:28,1596141804983624,桃桃纸&,局哥又睡了[捂脸][捂脸],[等级11],[粉丝团 Lv11]
2026-05-22 23:20:30,101687967112,无脚的鸟,[捂脸][捂脸][捂脸][捂脸][捂脸][捂脸],[等级15],[粉丝团 Lv7]
2026-05-22 23:20:30,509818415880967,中意李,[捂脸][捂脸][捂脸]哈哈,[等级7],[粉丝团 Lv6]
2026-05-22 23:20:32,103358665061,@初心伴风雨,[捂脸][捂脸][捂脸],[等级32],
2026-05-22 23:20:33,3557665193860644,梅钞疯 󰠇,看个直播吓我一跳[尴尬流汗][尴尬流汗],[等级20],[粉丝团 Lv12]
2026-05-22 23:20:34,70699940333,不内耗、,[捂脸][捂脸][捂脸],[等级16],[粉丝团 Lv8]
2026-05-22 23:20:35,4410845128828888,地狱小魔,局哥又碎了 [看],[等级25],[粉丝团 Lv11]
2026-05-22 23:20:42,4057678191534580,随风去流浪,在黑的世界受伤的只有猫,[等级7],[粉丝团 Lv4]
2026-05-22 23:20:45,101998791679,鸡蛋番茄,1,[等级24],
2026-05-22 23:20:47,3843541681840615,Locke,1080,[等级27],[粉丝团 Lv3]
2026-05-22 23:20:49,4862013350589,厉扑,又尿尿去了,[等级21],[粉丝团 Lv11]
2026-05-22 23:20:50,72807502468,绾¹⁸,吓一激灵,[等级11],
2026-05-22 23:20:52,1746439265066476,凯子z,橘猫就是个搞笑配角[赞],[等级13],[粉丝团 Lv8]
2026-05-22 23:20:53,95480912767,跅弢,回首掏他啊,[等级9],
2026-05-22 23:20:59,71722008394,🐉锁骨上的唇印🐉,点赞点赞又停了,[等级31],[粉丝团 Lv10]
2026-05-22 23:21:01,2022748932037710,顺薪如亿,局哥累了。故意送人头的,[等级32],
2026-05-22 23:21:02,4312762483477248,村里有个姑娘叫小芳,让盒子自己爬过来[捂脸],[等级3],[粉丝团 Lv3]
2026-05-22 23:21:04,108981564731,🧸恋爱脑,怎么跑了不来打我,[等级8],[粉丝团 Lv2]
2026-05-22 23:21:05,55159220102,BWRZ（记录美好）,@随风去流浪 主播被搞心态了，也是只字不提呀[看],[等级36],[粉丝团 Lv16]
2026-05-22 23:21:06,79338415230,宋梁星,局哥又窝尿去了吗,[等级34],[粉丝团 Lv8]
2026-05-22 23:21:14,307514755259232,浪子鹏☯️,兄弟们  说白了  个人我是真喜欢局哥这性格  真稳,[等级31],[粉丝团 Lv11]
2026-05-22 23:21:16,2831941819171743,香烟爱上火柴,又去掏手枪了,[等级19],[粉丝团 Lv1]
2026-05-22 23:21:19,111043827004,㐂   㕕,猫有九条命呢，咋一倒就没了,[等级23],[粉丝团 Lv10]
2026-05-22 23:21:20,7442219576371364922,一撇一捺默写牵挂²⁰²⁶₈₈₈,22,[等级30],
2026-05-22 23:21:21,68195616985,向钱看88888888,炮子弹给队友,[等级7],
2026-05-22 23:21:21,1438593880693783,🌈🌈汤姆就是玛丽,局哥怎么说睡就睡,[等级10],
2026-05-22 23:21:22,100769124890,顽,这把老黑反应慢了,[等级13],[粉丝团 Lv10]
2026-05-22 23:21:27,108981564731,🧸恋爱脑,我差点把主播扫死了,[等级8],[粉丝团 Lv2]
2026-05-22 23:21:28,92315339223,姐夫不喝药,感觉你在演猫局,[等级13],[粉丝团 Lv11]
2026-05-22 23:21:30,1764070548052008,存在,你队友都不理你了,[等级7],[粉丝团 Lv3]
2026-05-22 23:21:33,104954678698,🚶🏼 ℳ๓诚筱,空头,[等级15],
2026-05-22 23:21:34,3349592950440884,会飞的鱼  怎么网,马皮肤都没有怎么玩[看][看][看],[等级22],
2026-05-22 23:21:34,100910484972,ㅤ ㅤㅤㅤ ㅤ,@🧸恋爱脑 你是个嘚啊[捂脸],[等级19],[粉丝团 Lv12]
2026-05-22 23:21:37,69638413755,聆听者,空投,[等级24],[粉丝团 Lv8]
2026-05-22 23:21:39,2234638754122687,🌈迷,掎角之势,[等级20],[粉丝团 Lv6]
2026-05-22 23:21:44,116989961990570,喜欢一个人,空投P90/大炮,[等级12],[粉丝团 Lv10]
2026-05-22 23:21:48,2274247923467549,知遇👣,@🧸恋爱脑 你过来送啊,[等级24],[粉丝团 Lv10]
2026-05-22 23:21:57,2069731754390944,yx,@顽地球不转也是主播的锅,[等级15],[粉丝团 Lv12]
2026-05-22 23:22:02,200580296878250,ο▬▬▬◙▅▅▆▆▆▆◤千,他行能踩住吗,[等级7],[粉丝团 Lv10]
2026-05-22 23:22:09,71126905166,抖音小肋手,箭王,[等级11],[粉丝团 Lv10]
2026-05-22 23:22:24,100030072195,农夫山里有块田,叫队友开炮啊,[等级5],[粉丝团 Lv5]
2026-05-22 23:22:27,99908315129,李不管¹⁴⁰¹¹🖤,？,[等级32],
2026-05-22 23:22:31,108981564731,🧸恋爱脑,我已经嘎了,[等级8],[粉丝团 Lv2]
2026-05-22 23:22:32,71126905166,抖音小肋手,箭王,[等级11],[粉丝团 Lv10]
2026-05-22 23:22:33,2274247923467549,知遇👣,@会飞的鱼  怎么网 没有皮肤就不能玩了你可能这辈子都没有这么多皮肤吧她就不喜欢用,[等级24],[粉丝团 Lv10]
2026-05-22 23:22:35,2013921850951495,幔牛🐮,局哥挂了呀,[等级2],[粉丝团 Lv3]
2026-05-22 23:22:43,108981564731,🧸恋爱脑,刚刚在警察局的就是我,[等级8],[粉丝团 Lv2]
2026-05-22 23:22:45,71722008394,🐉锁骨上的唇印🐉,点赞点赞[666][666][666],[等级31],[粉丝团 Lv10]
2026-05-22 23:22:46,96007704611,君君君君,沉浸式拉弓,[等级18],[粉丝团 Lv4]
2026-05-22 23:22:49,7597016172899632187,冰雨倾城😇,没子弹了[捂脸],[等级33],
2026-05-22 23:22:49,108981564731,🧸恋爱脑,没有把他偷死,[等级8],[粉丝团 Lv2]
2026-05-22 23:22:51,100910484972,ㅤ ㅤㅤㅤ ㅤ,@🧸恋爱脑 那你装什么呢[捂脸],[等级19],[粉丝团 Lv12]
2026-05-22 23:22:53,99229601776,♋︎➹➹小菜鸟➷➷♋︎,每天拉弓手都磨出茧子来了[捂脸],[等级17],[粉丝团 Lv12]
2026-05-22 23:23:03,116989961990570,喜欢一个人,空投P90大炮,[等级12],[粉丝团 Lv10]
2026-05-22 23:23:31,7409694092488164412,一生一世亿双人,太残暴了,[等级33],[粉丝团 Lv9]
2026-05-22 23:23:32,2274247923467549,知遇👣,@🧸恋爱脑 你还的练就这技术下辈子吧,[等级24],[粉丝团 Lv10]
2026-05-22 23:23:39,432585927043624,东海孤鹰,太狠了,[等级16],[粉丝团 Lv5]
2026-05-22 23:23:49,59538490302,木芙蓉.,第三个包里有八倍,[等级5],
2026-05-22 23:23:52,59473718860,梦小浪,石头的包有,[等级17],[粉丝团 Lv11]
2026-05-22 23:23:53,1535338528650499,那又咋滴🧐,另一个有,[等级16],[粉丝团 Lv10]
2026-05-22 23:23:54,7622256497552180273,霸霸ᅟᅠᅟᅠᅟᅠᅟᅠ ᅟᅠᅟᅠ୧⍤⃝🥕,[鼓掌],[等级10],[粉丝团 Lv9]
2026-05-22 23:23:55,109234761799,数今朝风流人物,刚刚盒子有,[等级26],[粉丝团 Lv3]
2026-05-22 23:23:56,100030072195,农夫山里有块田,石头那有,[等级5],[粉丝团 Lv5]
2026-05-22 23:23:56,232725182685927,人生若只如初见😘,有啊,[等级14],
2026-05-22 23:23:57,57727769104,一世琉璃半世癫,有八倍,[等级31],[粉丝团 Lv9]
2026-05-22 23:23:57,60832429305,丢丢,石头有八倍,[等级10],
2026-05-22 23:23:58,55122079154,夜夜。,石头盒子有 8 倍,[等级31],
2026-05-22 23:23:58,102293531578,阿强（剪爱造型）,石头包有,[等级7],[粉丝团 Lv1]
2026-05-22 23:23:58,3069431713900887,恺破鱼,这个包有八倍呀。,[等级7],[粉丝团 Lv1]
2026-05-22 23:23:59,3208833221537875,安,旁边包就又,[等级7],[粉丝团 Lv5]
2026-05-22 23:24:00,96176011847,*沐清风..,石头包有八倍,[等级12],[粉丝团 Lv4]
2026-05-22 23:24:01,69513036064,小小韩,石头那个盒子有8呗,[等级13],[粉丝团 Lv10]
2026-05-22 23:24:01,84998022764,狼牙夜歌,旁边的厢有,[等级21],[粉丝团 Lv1]
2026-05-22 23:24:02,72787064272,叶叶叶,旁边盒子有8,[等级11],[粉丝团 Lv11]
2026-05-22 23:24:02,81242805460,Z。,旁边盒子有8呗,[等级19],
2026-05-22 23:24:02,3168149956489738,阿小L～,边上包里有八倍啊,,
2026-05-22 23:24:04,92316285483,三,第一个包有8,[等级19],[粉丝团 Lv6]
2026-05-22 23:24:04,104954678698,🚶🏼 ℳ๓诚筱,前面那个包有啊,[等级15],
2026-05-22 23:24:05,108800515522,🌈敷衍怎么演,另一个包有八倍,[等级14],[粉丝团 Lv2]
2026-05-22 23:24:05,758024129748587,回不去的甜,废话太多了,,
2026-05-22 23:24:05,99668334226,意难平,刚才那个包里有,[等级16],[粉丝团 Lv7]
2026-05-22 23:24:05,3069431713900887,恺破鱼,石头那里有八倍。,[等级7],[粉丝团 Lv1]
2026-05-22 23:24:05,1758847056484503,等你@,包里有八倍,[等级7],[粉丝团 Lv3]
2026-05-22 23:24:06,76133959662,斯文丨孫,旁边包不就是八倍吗,[等级14],[粉丝团 Lv9]
2026-05-22 23:24:06,96261969310,酒醉人不归,石头那个包里八倍,[等级15],[粉丝团 Lv10]
2026-05-22 23:24:06,917472302603460,用户1983405,石头包里有八杯,[等级13],
2026-05-22 23:24:06,102293531578,阿强（剪爱造型）,石头包有八倍,[等级7],[粉丝团 Lv1]
2026-05-22 23:24:07,83507452385,追风,旁边盒子不是八倍吗,[等级17],[粉丝团 Lv2]
2026-05-22 23:24:08,1758847056484503,等你@,包里,[等级7],[粉丝团 Lv3]
2026-05-22 23:24:10,101561295119,榮耀,石头上盒子有8倍,[等级18],[粉丝团 Lv11]
2026-05-22 23:24:11,54421526629,🌈猫,刚刚有,[等级26],[粉丝团 Lv11]
2026-05-22 23:24:12,3905062666764574,逍遥小哥,大眼睛[捂脸],[等级32],
2026-05-22 23:24:12,73274190206,111,另外一个包有,[等级19],
2026-05-22 23:24:13,1758847056484503,等你@,包里,[等级7],[粉丝团 Lv3]
2026-05-22 23:24:17,82013704648,你懂的i,石头那个包有8倍,[等级12],[粉丝团 Lv1]
2026-05-22 23:24:18,1758847056484503,等你@,包里有,[等级7],[粉丝团 Lv3]
2026-05-22 23:24:20,4383112373738923,蒜皮儿,又自言自语开始了[捂脸][捂脸][捂脸],,
2026-05-22 23:24:20,5548727764,我超棒,刚才无敌楼的呢,[等级11],[粉丝团 Lv9]
2026-05-22 23:24:21,1658488059075932,莜小筱,人家嫌你话太密[捂脸]不愿开麦,[等级16],
2026-05-22 23:24:23,100515465222,✨甜憨憨吖🌈,枪匣盒子有八杯,[等级8],[粉丝团 Lv4]
2026-05-22 23:24:28,3188207395813070,恭喜發財,哔哔啥,[等级29],[粉丝团 Lv1]
2026-05-22 23:24:31,105739213420,宋,旁边包有八倍,[等级1],
2026-05-22 23:24:31,932004799717383,少⁷一点ฅฅ*,@迷人G✌️,[等级12],
2026-05-22 23:24:35,102002212318,初馨,真牛,[等级39],[粉丝团 Lv8]
2026-05-22 23:24:39,932004799717383,少⁷一点ฅฅ*,@迷人G✌️,[等级12],
2026-05-22 23:24:43,932004799717383,少⁷一点ฅฅ*,@迷人G✌️,[等级12],
2026-05-22 23:24:47,932004799717383,少⁷一点ฅฅ*,@迷人G✌️,[等级12],
2026-05-22 23:24:48,103467464774,兰蓝澜,包里有8陪,[等级6],
2026-05-22 23:24:48,78322806502,共创辉煌,不撤,[等级26],[粉丝团 Lv4]
2026-05-22 23:24:49,325065278230631,雨顺,八倍人家不知道有八倍，瞎操心,[等级2],
2026-05-22 23:24:58,2274247923467549,知遇👣,@莜小筱 他们都不敢说话都没有底气,[等级24],[粉丝团 Lv10]
2026-05-22 23:24:59,758024129748587,回不去的甜,@莜小筱 废话确实多,,
2026-05-22 23:25:01,103062276977,www,？,[等级11],
2026-05-22 23:25:01,127163134649991,李四哥,7-2==4吗,[等级10],[粉丝团 Lv10]
2026-05-22 23:25:03,1682725011208043,🌈Ma-🌈,？,[等级12],[粉丝团 Lv2]
2026-05-22 23:25:04,7443208172054004795,𝑬𝒂𝒔𝒕𝒐𝒏,？,[等级5],
2026-05-22 23:25:10,2162078307074139,掌舵人,开了吧,,
2026-05-22 23:25:13,103062276977,www,真的假的,[等级11],
2026-05-22 23:25:16,3052721278827054,陈最.,好牛啊,[等级13],[粉丝团 Lv2]
2026-05-22 23:25:21,1472935551316509,@是王哥呀,开了我感觉,[等级13],
2026-05-22 23:25:21,78322806502,共创辉煌,4号。0号,[等级26],[粉丝团 Lv4]
2026-05-22 23:25:24,541431963331069,记乄忆,这么夸张吗？,,
2026-05-22 23:25:27,4112604411736253,兔粉妆,好厉害呀雅雅,[等级15],[粉丝团 Lv10]
2026-05-22 23:25:29,99372859314,启  夏,338穿车有什么问题吗[捂脸],[等级25],[粉丝团 Lv15]
2026-05-22 23:25:31,93464944265,小有杰出🐭,开了开了,[等级30],[粉丝团 Lv2]
2026-05-22 23:25:33,61852727864,疯子、,好大的回音,[等级18],[粉丝团 Lv1]
2026-05-22 23:25:35,2007084944330340,陈不住气的,666,[等级9],[粉丝团 Lv2]
2026-05-22 23:25:37,2274247923467549,知遇👣,@@是王哥呀 你也去开一个啊,[等级24],[粉丝团 Lv10]
2026-05-22 23:25:37,1616742101292714,张君雅的小黄瓜,哈哈哈,[等级2],[粉丝团 Lv6]
2026-05-22 23:25:37,2162078307074139,掌舵人,太假了,,
2026-05-22 23:25:38,71126905166,抖音小肋手,[捂脸][捂脸][捂脸],[等级11],[粉丝团 Lv10]
2026-05-22 23:25:39,78322806502,共创辉煌,曰,[等级26],[粉丝团 Lv4]
2026-05-22 23:25:39,3406705907740807,何爱华（承蒙厚爱）,[捂脸][捂脸][捂脸][捂脸],[等级22],[粉丝团 Lv12]
2026-05-22 23:25:41,71126905166,抖音小肋手,6666,[等级11],[粉丝团 Lv10]
2026-05-22 23:25:42,4503669836332557,栩多渝🌽⚡️🌙,[666],[等级11],[粉丝团 Lv10]
2026-05-22 23:25:43,1313284358672692,广联达建模（王）,[泪奔][黑脸][泪奔][黑脸][泪奔][黑脸],[等级16],[粉丝团 Lv7]
2026-05-22 23:25:47,2831941819171743,香烟爱上火柴,6666,[等级19],[粉丝团 Lv1]
2026-05-22 23:25:48,2920724108946030,如煙✨HELLO～⁵¹⁰⁷⁴,[666][666][666],[等级37],[粉丝团 Lv16]
2026-05-22 23:25:49,71126905166,抖音小肋手,差点摔死[捂脸],[等级11],[粉丝团 Lv10]
2026-05-22 23:25:50,2941934469909608,51～9527😎👍🧞‍♂️,[666][666][666],[等级19],[粉丝团 Lv15]
2026-05-22 23:25:55,830860797420296,守村人,这情绪价值,[等级17],
2026-05-22 23:25:55,62260011684,火线影视,[捂脸][捂脸],[等级20],
2026-05-22 23:25:55,905599974641515,彭彭小苦瓜,哈哈哈哈哈哈哈哈哈,[等级8],
2026-05-22 23:25:57,116989961990570,喜欢一个人,成都箭王张君雅牛逼👍👍👍👍👍👍666,[等级12],[粉丝团 Lv10]
2026-05-22 23:25:58,101233526181,王先生1122,卡,[等级12],[粉丝团 Lv10]
2026-05-22 23:25:59,93474268681,所谓。,说白了白说了,[等级17],
2026-05-22 23:26:00,266536545970503,路漫漫,没救你，是我的错,,
2026-05-22 23:26:00,116989961990570,喜欢一个人,成都箭王张君雅牛逼👍👍👍👍👍👍666,[等级12],[粉丝团 Lv10]
2026-05-22 23:26:00,100515465222,✨甜憨憨吖🌈,根本都没关过，咋开,[等级8],[粉丝团 Lv4]
2026-05-22 23:26:01,237962435498220,⁸⁰登堡山⁰⁸,我说白了，白说了,[等级38],[粉丝团 Lv16]
2026-05-22 23:26:02,88312588832,🌈 𝗠𝗮𝗸𝗮𝗯𝗮𝗸𝗮。,局哥祭天 法力无边[捂脸],[等级8],[粉丝团 Lv8]
2026-05-22 23:26:04,110277570700,moment—FF,马上赛季结束了,[等级10],[粉丝团 Lv10]
2026-05-22 23:26:06,73354561826,【名点一号-迎宾店】,摔倒个大惨,[等级14],
2026-05-22 23:26:07,2560078127829952,终结者🐴,哈哈哈,[等级2],
2026-05-22 23:26:08,102154123118,明里有你❤️,把啥给说白了啊,[等级7],
2026-05-22 23:26:10,73453308112,胖头鱼,实力如挂而已，别大惊小怪,[等级8],[粉丝团 Lv3]
2026-05-22 23:26:11,104435469892,COCO,局哥，天天说白了,[等级26],[粉丝团 Lv11]
2026-05-22 23:26:16,58947331085,唐 某 某～,齐活,[等级4],[粉丝团 Lv5]
2026-05-22 23:26:16,239059977646442,小麻烦汐汐,怎么有人不喜欢拿枪啊,[等级1],[粉丝团 Lv1]
2026-05-22 23:26:16,102921539952,腻味消遣,@彭彭小苦瓜 [看][看],[等级7],[粉丝团 Lv10]
2026-05-22 23:26:18,3083457771345912,瘦子,不是大主播开挂很容易封，尽量别尝试[捂脸],[等级16],[粉丝团 Lv4]
2026-05-22 23:26:19,96877536550,蓝龍,2万人了,[等级20],
2026-05-22 23:26:21,83899825015,晚风吹过你的脸颊,多少淘汰分了,[等级11],[粉丝团 Lv4]
2026-05-22 23:26:22,109110487589,M💞,今晚的路匹都半死不活的[看],[等级4],
2026-05-22 23:26:24,3593651276484189,菟丝子,最后一把,[等级8],[粉丝团 Lv9]
2026-05-22 23:26:24,85002810872,话语星晨,感觉还是有挂，找人太准了,[等级8],[粉丝团 Lv1]
2026-05-22 23:26:28,110277570700,moment—FF,老黑黑鸡儿还不是随便吃嘛[捂脸],[等级10],[粉丝团 Lv10]
2026-05-22 23:26:30,106268219215,！踏雪寻梅！,带妹子打,[等级14],[粉丝团 Lv5]
2026-05-22 23:26:30,26839009984920,小锦儿.,中午都能加20多分，为什么现在不行,[等级11],
2026-05-22 23:26:31,83398656910,博少,没到点,[等级14],
2026-05-22 23:26:32,4162095481363833,mrtang,淘汰分9000有点难了[捂脸][捂脸][捂脸][捂脸],,
2026-05-22 23:26:33,96222272698,Alone.,大半夜你吵吵啥,[等级14],[粉丝团 Lv3]
2026-05-22 23:26:34,3122263092117982,荣昌嗷卵犟,不招募啊,[等级17],[粉丝团 Lv1]
2026-05-22 23:26:34,4041448609811950,随缘者,他们俩玩游戏，一个唱黑脸，一个唱红脸。牛逼。,[等级9],
2026-05-22 23:26:34,4321509304176393,厚厚🉑,游戏几点更新,[等级10],[粉丝团 Lv10]
2026-05-22 23:26:35,4233546532927219,🉑🈶🉑🈚,招募吧,[等级20],[粉丝团 Lv10]
2026-05-22 23:26:36,91659634825,做个俗人，,这个赛季好久完,[等级23],[粉丝团 Lv3]
2026-05-22 23:26:36,95300934498,丶华哥,求我！,[等级22],
2026-05-22 23:26:36,104600621959,戒心,今天生日还没过呢,[等级26],[粉丝团 Lv8]
2026-05-22 23:26:37,53027351812,꧁宇跃ℒℴѵℯ龙门꧂,老猫是真宠老黑[赞][赞][赞],[等级15],
2026-05-22 23:26:37,95467273316,云南李家古茶坊²º²⁶,太菜了[捂脸]才杀15个,[等级29],[粉丝团 Lv11]
2026-05-22 23:26:37,2395184081945055,忙里偷闲⁵¹⁰⁷⁴,点亮灯牌，点亮灯牌的各位帅哥美女，心想事成，一夜暴富[比心][比心][比心],[等级29],[粉丝团 Lv15]
2026-05-22 23:26:37,71722008394,🐉锁骨上的唇印🐉,点赞别停[666][666],[等级31],[粉丝团 Lv10]
2026-05-22 23:26:38,71126905166,抖音小肋手,[捂脸],[等级11],[粉丝团 Lv10]
2026-05-22 23:26:39,71533879276,懒得起名字,这一摔要是跪到这个人面前就有意思了[捂脸][捂脸][捂脸][捂脸],[等级15],[粉丝团 Lv9]
2026-05-22 23:26:39,104910766548,阿眠,全是黄金绷带,[等级15],[粉丝团 Lv4]
2026-05-22 23:26:39,1911413562412587,桂,明天5点见吗,[等级3],
2026-05-22 23:26:40,2341311272990272,泪诉、,不可以哟[看],[等级7],[粉丝团 Lv9]
2026-05-22 23:26:41,3557665193860644,梅钞疯 󰠇,[尬笑][尬笑][尬笑],[等级20],[粉丝团 Lv12]
2026-05-22 23:26:42,2274247923467549,知遇👣,@晚风吹过你的脸颊 9000,[等级24],[粉丝团 Lv10]
2026-05-22 23:26:43,96222272698,Alone.,吓老子一跳,[等级14],[粉丝团 Lv3]
2026-05-22 23:26:45,1479257152827978,流年,不点,,
2026-05-22 23:26:47,96293235234,每天都要看妞,[捂脸],[等级12],[粉丝团 Lv5]
2026-05-22 23:26:47,86307411659,太皇太后您有喜啦,主播今天生日，大家点点关注吧,[等级16],[粉丝团 Lv11]
2026-05-22 23:26:47,3293771439545848,KM0916,[666],[等级11],[粉丝团 Lv2]
2026-05-22 23:26:49,874864888253661,你的小可爱,[抠鼻],[等级7],[粉丝团 Lv5]
2026-05-22 23:26:49,4112604411736253,兔粉妆,还没到九千分嘛,[等级15],[粉丝团 Lv10]
2026-05-22 23:26:51,116989961990570,喜欢一个人,今天赛季结束了吗,[等级12],[粉丝团 Lv10]
2026-05-22 23:26:52,4162095481363833,mrtang,下班局,,
2026-05-22 23:26:52,55159220102,BWRZ（记录美好）,@瘦子 孩子，不要自己骗自己了,[等级36],[粉丝团 Lv16]
2026-05-22 23:26:53,2007084944330340,陈不住气的,@做个俗人， 马上,[等级9],[粉丝团 Lv2]
2026-05-22 23:26:54,100582772187,哈哈,不行,[等级25],[粉丝团 Lv10]
2026-05-22 23:26:54,3122263092117982,荣昌嗷卵犟,招募行不得[捂脸],[等级17],[粉丝团 Lv1]
2026-05-22 23:26:55,7442219576371364922,一撇一捺默写牵挂²⁰²⁶₈₈₈,多少分？,[等级30],
2026-05-22 23:26:57,2419370855769710,随便逛逛,@话语星晨 找人先找载具,[等级17],[粉丝团 Lv7]
2026-05-22 23:26:58,2387786224381047,一口蛋黄酥🧸,@话语星晨 被偷的时候怎么不说,[等级30],[粉丝团 Lv11]
2026-05-22 23:26:59,537004831679903,Y .,队里有透,[等级3],
2026-05-22 23:26:59,61959589395,一笑风云过,陪你到最后,[等级15],[粉丝团 Lv10]
2026-05-22 23:27:00,4162095481363833,mrtang,软软糯糯的小蛋糕要下班了,,
2026-05-22 23:27:01,3949085332084468,点横撇捺不是六,@话语星晨 实力如挂没毛病吧[呲牙],[等级16],[粉丝团 Lv13]
2026-05-22 23:27:02,1416632014220120,ゞ信了你的谐ゞゞ⁶⁶⁶💞,妹妹[捂脸],[等级1],
2026-05-22 23:27:05,537004831679903,Y .,排到过一次,[等级3],
2026-05-22 23:27:05,2704431009247000,🌈咕咕嘎嘎,我是熏,[等级6],
2026-05-22 23:27:07,75784271499,"2""3",这个游戏透视挂很多的，正常,[等级17],[粉丝团 Lv6]
2026-05-22 23:27:07,539206085509316,天一                 道,最后一把，摇车吧[捂脸],[等级17],[粉丝团 Lv14]
2026-05-22 23:27:08,71722008394,🐉锁骨上的唇印🐉,点赞别停[666][666][666],[等级31],[粉丝团 Lv10]
2026-05-22 23:27:10,83157538837,萌萌爸,刚才多少个头来着,[等级4],[粉丝团 Lv9]
2026-05-22 23:27:12,2704431009247000,🌈咕咕嘎嘎,耶耶耶，上电视了,[等级6],
2026-05-22 23:27:12,2007084944330340,陈不住气的,@喜欢一个人 嗯,[等级9],[粉丝团 Lv2]
2026-05-22 23:27:16,1750041477523917,苏N,[赞][赞],[等级19],[粉丝团 Lv9]
2026-05-22 23:27:20,2260194374216174,风_,大手子,,
2026-05-22 23:27:20,394079141639065,P90,说点我们不知道的,[等级2],[粉丝团 Lv2]
2026-05-22 23:27:20,135964883951687,you(^_^)丹,有妹妹哈哈,[等级9],
2026-05-22 23:27:24,2274247923467549,知遇👣,@话语星晨 你去开啊,[等级24],[粉丝团 Lv10]
2026-05-22 23:27:26,88757268529,张小狮,十二点新赛季高低也得打一盘吧[看],[等级11],[粉丝团 Lv11]
2026-05-22 23:27:28,111192623383,北挽离歌,高清,[等级28],[粉丝团 Lv12]
2026-05-22 23:27:28,67851755535,淳1,老黑明天几点播,[等级9],[粉丝团 Lv11]
2026-05-22 23:27:28,3432052796172665,浩子爹,战神分析,[等级1],[粉丝团 Lv1]
2026-05-22 23:27:29,110277570700,moment—FF,你是那个张老黑嘛？,[等级10],[粉丝团 Lv10]
2026-05-22 23:27:36,4383112373738923,蒜皮儿,夹了[捂脸][捂脸][捂脸],,
2026-05-22 23:27:39,96005113653,山海声,@张小狮 五点开始,[等级23],[粉丝团 Lv6]
2026-05-22 23:27:39,1746439265066476,凯子z,@话语星晨 你觉得呢[抠鼻],[等级13],[粉丝团 Lv8]
2026-05-22 23:27:42,7442219576371364922,一撇一捺默写牵挂²⁰²⁶₈₈₈,队友很听话,[等级30],
2026-05-22 23:27:47,3208833221537875,安,三百二十多九千淘汰分,[等级7],[粉丝团 Lv5]
2026-05-22 23:27:56,99372859314,启  夏,@话语星晨 这么给你说，打得好的，一般看圈哪些点容易有人基本都知道。,[等级25],[粉丝团 Lv15]
2026-05-22 23:27:57,85002810872,话语星晨,@一口蛋黄酥🧸 也需要演啊，当然我也是怀疑一下,[等级8],[粉丝团 Lv1]
2026-05-22 23:27:59,97915842097,大    王,主播云南哪的,[等级8],
2026-05-22 23:28:04,71722008394,🐉锁骨上的唇印🐉,点赞别停[666][666][666],[等级31],[粉丝团 Lv10]
2026-05-22 23:28:05,77954681693,宥丶宥,明天赛季更新了吗,[等级11],
2026-05-22 23:28:06,4862013350589,厉扑,懂,[等级21],[粉丝团 Lv11]
2026-05-22 23:28:07,102088770330,y知足者常乐,经典好看,[等级20],[粉丝团 Lv8]
2026-05-22 23:28:11,676897363594413,我看不见,不加班？,[等级10],[粉丝团 Lv3]
2026-05-22 23:28:12,89339247153,👒,怎么配到你们,[等级11],
2026-05-22 23:28:14,59260357003,✨罗某某✨,最主要是人家一天打10个小时,[等级18],[粉丝团 Lv11]
2026-05-22 23:28:16,7442219576371364922,一撇一捺默写牵挂²⁰²⁶₈₈₈,你是富婆不用加班,[等级30],
2026-05-22 23:28:18,96296061951,桃慵,Shun经典[看],[等级14],[粉丝团 Lv10]
2026-05-22 23:28:19,101113424883,加菲猫,好的,[等级17],
2026-05-22 23:28:21,2069731754390944,yx,@话语星晨 怀疑就去举报，叭叭啥,[等级15],[粉丝团 Lv12]
2026-05-22 23:28:22,111007266356,🔱守望w,你公务员不是？,[等级29],[粉丝团 Lv15]
2026-05-22 23:28:22,93368776896,Mr.唐,必须加班,[等级15],[粉丝团 Lv12]
2026-05-22 23:28:22,100060513007,梭,实力这一块,[等级4],[粉丝团 Lv3]
2026-05-22 23:28:23,1009770415012976,小安安,@大    王 成都的,,
2026-05-22 23:28:23,55159220102,BWRZ（记录美好）,哦[看]那你加油,[等级36],[粉丝团 Lv16]
2026-05-22 23:28:23,4438058091428743,在沪银川人,没毛病[赞][赞][赞][赞][赞],[等级14],[粉丝团 Lv1]
2026-05-22 23:28:26,88312588832,🌈 𝗠𝗮𝗸𝗮𝗯𝗮𝗸𝗮。,下个赛季打谁的号呀,[等级8],[粉丝团 Lv8]
2026-05-22 23:28:26,116989961990570,喜欢一个人,别解释，解释我们还是爱你的[比心][比心][比心],[等级12],[粉丝团 Lv10]
2026-05-22 23:28:29,2260194374216174,风_,经典是真有意思,,
2026-05-22 23:28:29,2787957868863195,春丽家的大憨憨,一直复活那种玩着没意思感觉[捂脸],[等级14],[粉丝团 Lv9]
2026-05-22 23:28:29,85002810872,话语星晨,@随便逛逛 不是这一下，经常很准,[等级8],[粉丝团 Lv1]
2026-05-22 23:28:30,309409680207203,用户9898222205270,那我谢谢你,[等级15],
2026-05-22 23:28:30,3360554329838685,星辰大海，,加班,[等级9],
2026-05-22 23:28:30,100582772187,哈哈,有没有可能是倒数第二把,[等级25],[粉丝团 Lv10]
2026-05-22 23:28:31,4208561886868503,L俊烨记录员@,有可能2把,[等级15],[粉丝团 Lv12]
2026-05-22 23:28:32,79535814497,Miao,喜欢你 爱看,[等级13],[粉丝团 Lv1]
2026-05-22 23:28:34,1631327958349624,山海辞忧,万一，万一还能打一把呢,[等级14],[粉丝团 Lv7]
2026-05-22 23:28:36,4321509304176393,厚厚🉑,十二点更新吗,[等级10],[粉丝团 Lv10]
2026-05-22 23:28:38,77538036146,@庞先生,加班到1点刚好合适,[等级6],
2026-05-22 23:28:38,2238254572116983,༄久ོ࿆伴ོ࿆࿐,赛季要更新了？,[等级20],[粉丝团 Lv1]
2026-05-22 23:28:39,55159220102,BWRZ（记录美好）,其实你要是快一点的话，下一把也有可能是最后一把[看],[等级36],[粉丝团 Lv16]
2026-05-22 23:28:41,2007084944330340,陈不住气的,@启  夏 跟他说啥，他一老六 哪里敢找人打,[等级9],[粉丝团 Lv2]
2026-05-22 23:28:42,116989961990570,喜欢一个人,别解释，解释我们还是爱你的[比心][比心][比心],[等级12],[粉丝团 Lv10]
2026-05-22 23:28:42,95465615887,明杰,那掉点分也没问题嘛,[等级25],[粉丝团 Lv5]
2026-05-22 23:28:42,1261875058185323,往事如风,几点钟新赛季,[等级19],
2026-05-22 23:28:45,7521532263738541113,秋天的海风,成盒了还能再来一把[呲牙],[等级3],[粉丝团 Lv8]
2026-05-22 23:28:46,65024796000,耀发,放心，还有一把,[等级14],
2026-05-22 23:28:50,892413678724877,厌遇,不是明天早上五点更新吗,[等级24],[粉丝团 Lv7]
2026-05-22 23:28:53,4312762483477248,村里有个姑娘叫小芳,落地成盒是不是还能在打一把[比心],[等级3],[粉丝团 Lv3]
2026-05-22 23:28:53,3557665193860644,梅钞疯 󰠇,[尬笑][尬笑][尬笑],[等级20],[粉丝团 Lv12]
2026-05-22 23:28:53,2594487345887303,我有一个梦＊＊,？,[等级12],[粉丝团 Lv11]
2026-05-22 23:28:54,88757268529,张小狮,一天只上6个小时的班[看],[等级11],[粉丝团 Lv11]
2026-05-22 23:28:55,309409680207203,用户9898222205270,[捂脸][捂脸][捂脸],[等级15],
2026-05-22 23:28:56,69765466985,Only one,[捂脸],[等级16],[粉丝团 Lv13]
2026-05-22 23:28:56,71126905166,抖音小肋手,[捂脸][捂脸][捂脸],[等级11],[粉丝团 Lv10]
2026-05-22 23:28:57,4162095481363833,mrtang,粉丝要放无人机,,
2026-05-22 23:28:59,3969709917617626,无话可说.,放无人机2号[看],[等级8],
2026-05-22 23:28:59,71507967810,晚风～,哈哈哈,[等级25],
2026-05-22 23:28:59,4862013350589,厉扑,纯经典才是这个游戏的初衷,[等级21],[粉丝团 Lv11]
2026-05-22 23:28:59,3078225537805712,凯蒂🐱,菜园子赛季晋级就退[捂脸],[等级17],[粉丝团 Lv12]
2026-05-22 23:29:01,7442219576371364922,一撇一捺默写牵挂²⁰²⁶₈₈₈,粉丝粉丝我是你主包,[等级30],
2026-05-22 23:29:01,73761674954,羙伢mmゝに,一点才更新新赛季,[等级16],[粉丝团 Lv13]
2026-05-22 23:29:02,21772518583,路亚周周⁸⁰⁰⁸,纯经典才好看 花里胡哨的不好看[捂脸],[等级29],[粉丝团 Lv12]
2026-05-22 23:29:03,71052094484,꧁💞时光不᭄ᩚ꯭ᩚ语꧂,@✨小时候✨: 告诉你个秘密，刚烧开的水，不能直接喝，你这话说的跟说话一样，我发现你如果不胖的话，还,,
2026-05-22 23:29:05,96005113653,山海声,半个小时可以坐好几趟飞机了[看],[等级23],[粉丝团 Lv6]
2026-05-22 23:29:09,2274247923467549,知遇👣,"@2""3 你也可以开啊怕你实力不够啊",[等级24],[粉丝团 Lv10]
2026-05-22 23:29:16,3843541681840615,Locke,发财，落地爆炸弓,[等级27],[粉丝团 Lv3]
2026-05-22 23:29:20,99372859314,启  夏,@陈不住气的 真的，打得好的，别人一看圈就知道哪些点容易踩人[捂脸]再加上老黑追空投[捂脸],[等级25],[粉丝团 Lv15]
2026-05-22 23:29:21,3432052796172665,浩子爹,你问他你喜欢打什么枪,[等级1],[粉丝团 Lv1]
2026-05-22 23:29:24,4037872013554622,用户9527314159265857,爱播,[等级6],[粉丝团 Lv3]
2026-05-22 23:29:27,110277570700,moment—FF,你比公务员还厉害，一天上班六小时，还月休四天[捂脸],[等级10],[粉丝团 Lv10]
2026-05-22 23:29:30,95775796696,嗨、詹先生,是螺蛳粉,[等级25],[粉丝团 Lv2]
2026-05-22 23:29:34,7597413643777770545,哭哭马,放一个无人机吧，哎呀，没有无人机了[看][看][看][看],[等级14],
2026-05-22 23:29:35,2419370855769710,随便逛逛,是铁粉你就该放无人机了,[等级17],[粉丝团 Lv7]
2026-05-22 23:29:36,95558583638,爸辣辣能量ᝰ,无人机还不交出来,[等级4],
2026-05-22 23:29:36,1925946394542558,bond,来自爱播的审问[看],[等级20],
2026-05-22 23:29:38,93787904657,老哥,那就是要无人机了[看][看][看][看],[等级23],[粉丝团 Lv12]
2026-05-22 23:29:39,104435469892,COCO,11级灯牌算吗？[捂脸],[等级26],[粉丝团 Lv11]
2026-05-22 23:29:40,2387786224381047,一口蛋黄酥🧸,@话语星晨 别想了好好看直播[看],[等级30],[粉丝团 Lv11]
2026-05-22 23:29:46,4233546532927219,🉑🈶🉑🈚,钢筋粉,[等级20],[粉丝团 Lv10]
2026-05-22 23:29:49,600767341014696,小福星🍬,铁粉的意思就是放个小飞机,[等级26],[粉丝团 Lv8]
2026-05-22 23:29:49,99063092814,1996🍃,我是铁粉,[等级29],
2026-05-22 23:29:50,104235356319,ROGER,袜子,[等级37],[粉丝团 Lv6]
2026-05-22 23:29:50,4037872013554622,用户9527314159265857,丝袜,[等级6],[粉丝团 Lv3]
2026-05-22 23:29:50,1113180618894655,北极之星,类似,[等级24],[粉丝团 Lv5]
2026-05-22 23:29:52,109234761799,数今朝风流人物,丝袜,[等级26],[粉丝团 Lv3]
2026-05-22 23:29:52,135964883951687,you(^_^)丹,丝袜,[等级9],
2026-05-22 23:29:52,84546284004,阿君君、,袜子[捂脸][捂脸],[等级13],[粉丝团 Lv8]
2026-05-22 23:29:52,99462780345,毛（🎆马跃✨新程🌈）,袜子,[等级10],[粉丝团 Lv2]
2026-05-22 23:29:53,116989961990570,喜欢一个人,袜子🧦,[等级12],[粉丝团 Lv10]
2026-05-22 23:29:53,93076831814,依是初雪 i,丝袜,[等级40],[粉丝团 Lv2]
2026-05-22 23:29:54,71384640135,小啊七,袜子,[等级25],[粉丝团 Lv12]
2026-05-22 23:29:54,88312588832,🌈 𝗠𝗮𝗸𝗮𝗯𝗮𝗸𝗮。,袜子,[等级8],[粉丝团 Lv8]
2026-05-22 23:29:54,78685314725,我兜里就六十ෆ🐼🍼,袜子🧦,[等级16],[粉丝团 Lv11]
2026-05-22 23:29:54,93787904657,老哥,无人机,[等级23],[粉丝团 Lv12]
2026-05-22 23:29:54,103959715954,劉，,袜子,[等级18],[粉丝团 Lv11]
2026-05-22 23:29:54,89940087827,DaDa😌,袜子,[等级14],[粉丝团 Lv3]
2026-05-22 23:29:54,93060552271,小别兔别又别,🧦,[等级11],[粉丝团 Lv10]
2026-05-22 23:29:54,54955605104,抠鼻屎的牛,袜子,[等级21],[粉丝团 Lv8]
2026-05-22 23:29:54,95376109828,_张的美,袜子,[等级13],
2026-05-22 23:29:54,59330355630,放荡不羁爱自由,袜子,[等级6],
2026-05-22 23:29:54,1732431522834392,Narcissism,袜子,,
2026-05-22 23:29:54,369072792682376,炸鸡翅,大嘴巴子,[等级15],[粉丝团 Lv10]
2026-05-22 23:29:55,68357838087,ζั͡滴ั͡水之恩ั͡✾🏠,袜子[捂脸][捂脸][捂脸][捂脸],[等级15],
2026-05-22 23:29:55,4383112373738923,蒜皮儿,袜子🧦？,,
2026-05-22 23:29:55,1113180618894655,北极之星,蕾丝,[等级24],[粉丝团 Lv5]
2026-05-22 23:29:56,7442219576371364922,一撇一捺默写牵挂²⁰²⁶₈₈₈,夜宵,[等级30],
2026-05-22 23:29:56,2009563192628787,木易,袜子,[等级10],[粉丝团 Lv8]
2026-05-22 23:29:56,564474381615296,楠得心动🍃,袜子,[等级6],[粉丝团 Lv10]
2026-05-22 23:29:56,96109458661,梁培先生,送丝袜,[等级27],[粉丝团 Lv6]
2026-05-22 23:29:56,96217657116,🔅Qian🔅倩,臭袜子,[等级15],[粉丝团 Lv4]
2026-05-22 23:29:56,3432052796172665,浩子爹,送粉丝坐飞机,[等级1],[粉丝团 Lv1]
2026-05-22 23:29:56,65996994135,小汤,袜子,[等级20],
2026-05-22 23:29:56,3825901139410685,李哥,又是男大？,[等级31],[粉丝团 Lv10]
2026-05-22 23:29:57,3993060258626525,肉多多,袜子,[等级15],
2026-05-22 23:29:57,83526197151,踏雪寻梅,送丝袜,[等级6],
2026-05-22 23:29:58,88205648008,@  Rui☁️,丝袜,[等级23],[粉丝团 Lv9]
2026-05-22 23:29:58,99063092814,1996🍃,我天天看你直播,[等级29],
2026-05-22 23:29:58,52204005091,东营聚鑫吊装,大饼,[等级26],[粉丝团 Lv10]
2026-05-22 23:29:58,101561295119,榮耀,大嘴巴子,[等级18],[粉丝团 Lv11]
2026-05-22 23:29:58,90123802131,张飞,黑丝,[等级27],[粉丝团 Lv8]
2026-05-22 23:29:58,59975169269,心水ㅤ,送上飞机,[等级20],
2026-05-22 23:29:58,97915842097,大    王,丝袜,[等级8],
2026-05-22 23:29:59,72922240063,芈⁵¹⁰⁷⁴🎣,丝袜[捂脸],[等级36],[粉丝团 Lv16]
2026-05-22 23:29:59,1257437656002798,某某.,送粉丝放无人机的机会,[等级34],[粉丝团:张君雅 Lv16]
2026-05-22 23:29:59,93787904657,老哥,袜子,[等级23],[粉丝团 Lv12]
2026-05-22 23:29:59,3790723052223287,长健,袜子,,
2026-05-22 23:29:59,73262120614,慧子大人,君雅好会蹦[比心][比心][比心],[等级14],[粉丝团 Lv12]
2026-05-22 23:30:00,774513741268264,🔥🔥🔥,袜子,[等级7],[粉丝团 Lv1]
2026-05-22 23:30:00,68128483419,秋霜,深情一吻[捂脸][捂脸][捂脸],[等级33],[粉丝团 Lv12]
2026-05-22 23:30:00,4162095481363833,mrtang,黑丝原汁原味的,,
2026-05-22 23:30:00,564474381615296,楠得心动🍃,袜子,[等级6],[粉丝团 Lv10]
2026-05-22 23:30:00,1546388502225723,生龙•,赛季最后一局必须录屏,[等级5],[粉丝团 Lv6]
2026-05-22 23:30:00,1552938191817367,读不懂的心……,袜子[捂脸],[等级10],[粉丝团 Lv3]
2026-05-22 23:30:01,2557925187395625,全球鹰,袜子,[等级5],[粉丝团 Lv5]
2026-05-22 23:30:01,89241765081,普琼,丝袜,[等级15],[粉丝团 Lv9]
2026-05-22 23:30:02,7442219576371364922,一撇一捺默写牵挂²⁰²⁶₈₈₈,黑丝,[等级30],
2026-05-22 23:30:02,7591486876273640497,人间凑数选手,大逼斗,[等级7],
2026-05-22 23:30:02,3012311356015880,像风一样的人,送丝袜送黑丝。[捂脸][捂脸][捂脸][捂脸],[等级21],[粉丝团 Lv7]
2026-05-22 23:30:02,100062086335,朝霞眼镜,枸杞原浆,[等级29],[粉丝团 Lv1]
2026-05-22 23:30:02,465785282101639,辞忧*,丝袜,[等级10],[粉丝团 Lv9]
2026-05-22 23:30:02,106874679936,꧁Darker꧂,丝袜,[等级17],
2026-05-22 23:30:03,108604493296,🌈紫龙,袜子，丝袜[捂脸],[等级15],[粉丝团 Lv2]
2026-05-22 23:30:03,73647036676,捣蛋熊,@moment—FF 关键月薪10+,[等级20],[粉丝团 Lv12]
2026-05-22 23:30:03,1048277672530314,是谁,袜子,,
2026-05-22 23:30:04,99314310680,愖結,袜子,[等级25],[粉丝团:张君雅 Lv10]
2026-05-22 23:30:04,874864888253661,你的小可爱,大逼兜,[等级7],[粉丝团 Lv5]
2026-05-22 23:30:04,394079141639065,P90,丝袜,[等级2],[粉丝团 Lv2]
2026-05-22 23:30:04,92403004279,00K很ok！,送袜子，哈哈,[等级14],[粉丝团 Lv10]
2026-05-22 23:30:05,62574524340,欠ル,枸杞原浆,[等级17],[粉丝团 Lv12]
2026-05-22 23:30:05,104435469892,COCO,5对袜子,[等级26],[粉丝团 Lv11]
2026-05-22 23:30:05,2274247923467549,知遇👣,@@庞先生 你给加班费啊,[等级24],[粉丝团 Lv10]
2026-05-22 23:30:06,95376109828,_张的美,枸杞,[等级13],
2026-05-22 23:30:07,3151673436672756,小贝殼,手雷,[等级24],[粉丝团 Lv12]
2026-05-22 23:30:07,1925946394542558,bond,？袜子是什么,[等级20],
2026-05-22 23:30:07,59985925263,安心工作,袜子,[等级17],[粉丝团 Lv6]
2026-05-22 23:30:07,75956341032,唯一,枸杞,[等级16],[粉丝团 Lv10]
2026-05-22 23:30:07,101406475985,了无痕（做人要善良）,最喜欢送粉丝深情一吻[捂脸][捂脸][捂脸],[等级30],[粉丝团 Lv10]
2026-05-22 23:30:08,96304346891,🌈两个乖乖宝🌈,枸杞原浆,[等级18],[粉丝团 Lv7]
2026-05-22 23:30:09,2458113921785323,F·Sep.¹¹Virgo ♍︎,袜子,[等级12],[粉丝团 Lv10]
2026-05-22 23:30:09,61818293866,乆㚘,丝袜,[等级3],
2026-05-22 23:30:10,222579207187354,南无阿弥陀佛,猫局没打？,[等级6],[粉丝团 Lv2]
2026-05-22 23:30:10,2007084944330340,陈不住气的,送粉丝拳补,[等级9],[粉丝团 Lv2]
2026-05-22 23:30:11,96570524433,-,深情一吻,[等级18],[粉丝团 Lv12]
2026-05-22 23:30:13,103959715954,劉，,我中过,[等级18],[粉丝团 Lv11]
2026-05-22 23:30:13,52486214920,Xanadu·Warm·Tranquil,深情一吻,[等级9],[粉丝团 Lv11]
2026-05-22 23:30:13,1530976442254383,带五个孤儿住天桥底下,臭袜子,[等级27],[粉丝团 Lv11]
2026-05-22 23:30:14,209321598650937,锋芒潮玩2店,送飞吻,,
2026-05-22 23:30:17,3488084574344382,兔刀乐,雨果好久没直播了,[等级2],
2026-05-22 23:30:19,4037872013554622,用户9527314159265857,中午偷人,[等级6],[粉丝团 Lv3]
2026-05-22 23:30:20,303105616916564,星雨、,丝袜,[等级3],
2026-05-22 23:30:20,4001867781381405,叨叨叨,偷人？,[等级22],[粉丝团 Lv10]
2026-05-22 23:30:21,1755253824299731,金融规划师琴琴,又被主播追着打[捂脸][捂脸],[等级23],[粉丝团 Lv5]
2026-05-22 23:30:22,1839957445719852,用户8976800283798,原浆枸杞,,
2026-05-22 23:30:25,81385607166,小蘑菇yz,[捂脸][捂脸][捂脸][捂脸],[等级27],[粉丝团 Lv3]
2026-05-22 23:30:28,1313284358672692,广联达建模（王）,中午偷人[泪奔][黑脸][泪奔][黑脸],[等级16],[粉丝团 Lv7]
2026-05-22 23:30:29,110277570700,moment—FF,老黑有汗脚，穿黑丝吸汗,[等级10],[粉丝团 Lv10]
2026-05-22 23:30:29,71533879276,懒得起名字,袜子，枸杞原浆,[等级15],[粉丝团 Lv9]
2026-05-22 23:30:29,72607098682,冬七.,苦茶子,[等级22],
2026-05-22 23:30:29,100030072195,农夫山里有块田,送咸鱼,[等级5],[粉丝团 Lv5]
2026-05-22 23:30:31,66806593354,葫芦娃救爷爷,奶菜,[等级24],[粉丝团 Lv4]
2026-05-22 23:30:31,93525431634,诠释淡然,老黑最近怎么不和六万姐播了,[等级13],[粉丝团 Lv11]
2026-05-22 23:30:32,73945919060,是贰哥哟,原浆枸杞,[等级25],[粉丝团 Lv10]
2026-05-22 23:30:35,552396497885956,用户1442050419879,偷人说得这么直接[捂脸],[等级6],
2026-05-22 23:30:37,75839332201,小芒果打烂番茄,怎么声音这么小,[等级14],[粉丝团 Lv10]
2026-05-22 23:30:38,68154507666,一骑绝✪尘,信号枪，箱子上,[等级18],
2026-05-22 23:30:39,79339692253,殊途,你不会是想给队友送平板吧,[等级14],[粉丝团 Lv2]
2026-05-22 23:30:39,111225288355,忘红尘,你偷人啊,[等级13],[粉丝团 Lv4]
2026-05-22 23:30:42,103858480878,老顽童,一天尽想偷人[捂脸],[等级22],[粉丝团 Lv11]
2026-05-22 23:30:42,76786388221,🌈 海龍_,又装到啦,[等级24],[粉丝团 Lv11]
2026-05-22 23:30:42,109881104951,372923,黑丝[捂脸][捂脸][捂脸][捂脸],[等级3],
2026-05-22 23:30:43,3793741273642730,十页,信号枪,,
2026-05-22 23:30:43,105993655130,简单就好111,偷人听怪怪的,[等级12],[粉丝团 Lv4]
2026-05-22 23:30:43,1257437656002798,某某.,@bond 字面意思，真送袜子,[等级34],[粉丝团:张君雅 Lv16]
2026-05-22 23:30:44,4075224082686905,。,夸的要上天了[捂脸],[等级17],
2026-05-22 23:30:45,96005113653,山海声,偷人都怎么光明正大[发呆][发呆],[等级23],[粉丝团 Lv6]
2026-05-22 23:30:46,59260357003,✨罗某某✨,送苹果手机,[等级18],[粉丝团 Lv11]
2026-05-22 23:30:48,61191787289,山东第一深情,信号枪,[等级11],
2026-05-22 23:30:48,7443208172054004795,𝑬𝒂𝒔𝒕𝒐𝒏,信号枪,[等级5],
2026-05-22 23:30:48,3188207395813070,恭喜發財,偷人,[等级29],[粉丝团 Lv1]
2026-05-22 23:30:50,97061839587,刘欢甄选好货店Bv8,信号枪,[等级26],[粉丝团 Lv3]
2026-05-22 23:30:50,7472245406539154491,Nuyoah.,送深情一吻,[等级12],[粉丝团 Lv9]
2026-05-22 23:30:50,50883721471,🤹‍♀️奣.菿.烎.夯⬅️,就喜欢偷人[呲牙][呲牙],[等级34],[粉丝团 Lv13]
2026-05-22 23:30:50,68016122310,@-6,卡,[等级3],
2026-05-22 23:30:53,102868157861,西贝巴巴,他好像在开车,[等级7],
2026-05-22 23:30:54,61191787289,山东第一深情,信号枪，,[等级11],
2026-05-22 23:30:54,68016122310,@-6,卡,[等级3],
2026-05-22 23:30:55,3996063592881981,@@🚬yangꦿ᭄ཽ࿆࿆:,信号枪,[等级15],[粉丝团 Lv10]
2026-05-22 23:30:57,82561684646,旭哥、,老黑马骑的好？,[等级9],
2026-05-22 23:30:57,68016122310,@-6,卡,[等级3],
2026-05-22 23:30:58,103265910414,中山市腾杰电气安装工程有限公司,张君雅[捂脸][捂脸][捂脸],[等级3],[粉丝团 Lv1]
2026-05-22 23:30:58,1405596304685380,LSF,上黑丝袜,[等级10],
2026-05-22 23:30:59,2234682707544967,子一,截图找深情领深情一吻,[等级28],[粉丝团:张君雅 Lv15]
2026-05-22 23:31:02,3865495664595544,活人微死,@南无阿弥陀佛 那四号是谁,[等级12],[粉丝团 Lv9]
2026-05-22 23:31:04,68016122310,@-6,卡,[等级3],
2026-05-22 23:31:06,223933154207331,YgTietnssgmexsn?,我就知道，鸭嘴要被刷信号枪,[等级37],[粉丝团:张君雅 Lv16]
2026-05-22 23:31:07,2274247923467549,知遇👣,@山海声 那是你你人机都不如[捂脸][捂脸],[等级24],[粉丝团 Lv10]
2026-05-22 23:31:07,4138217366359700,月亮不圆,局哥呢,[等级4],
2026-05-22 23:31:09,109110948701,晚年不详,某人嘴角上扬了,[等级3],
2026-05-22 23:31:09,111225288355,忘红尘,胆肥啊,[等级13],[粉丝团 Lv4]
2026-05-22 23:31:09,3315744027444615,独行侠,我在躺了两年了，都没等到你来偷我,,
2026-05-22 23:31:12,61191787289,山东第一深情,刚有信号枪大哥,[等级11],
2026-05-22 23:31:13,68592260089024,任方随圆,送奶茶[看],[等级28],[粉丝团 Lv10]
2026-05-22 23:31:13,84490052193,阿明amr,张君雅偷我[呲牙],[等级18],[粉丝团 Lv1]
2026-05-22 23:31:13,68016122310,@-6,卡,[等级3],
2026-05-22 23:31:14,3527713876097182,大爹,送黑丝,[等级9],[粉丝团 Lv3]
2026-05-22 23:31:15,97061839587,刘欢甄选好货店Bv8,信号枪,[等级26],[粉丝团 Lv3]
2026-05-22 23:31:15,100906400238,zhang吱昂张,我不打游戏，天天看老黑[捂脸]有一样的不？,[等级12],[粉丝团 Lv8]
2026-05-22 23:31:17,92294124549,空^〇^白,截图送深情一吻,[等级6],[粉丝团 Lv6]
2026-05-22 23:31:19,97129025976,云南名正汽车,[比心],[等级23],
2026-05-22 23:31:19,68016122310,@-6,卡,[等级3],
2026-05-22 23:31:19,77223069015,❤️李李,枸杞原浆,[等级19],[粉丝团 Lv8]
2026-05-22 23:31:21,111007266356,🔱守望w,半截式信号枪[捂脸][捂脸][捂脸],[等级29],[粉丝团 Lv15]
2026-05-22 23:31:21,1257437656002798,某某.,?,[等级34],[粉丝团:张君雅 Lv16]
2026-05-22 23:31:21,70873534444,Sayhi,大概都说是他们说,[等级10],[粉丝团 Lv7]
2026-05-22 23:31:22,68016122310,@-6,卡,[等级3],
2026-05-22 23:31:24,92468701614,艾子,枸杞原浆[捂脸],[等级14],[粉丝团 Lv1]
2026-05-22 23:31:25,83423132104,@青山绿水之间,三级包旁边信号枪,[等级25],[粉丝团 Lv10]
2026-05-22 23:31:28,68016122310,@-6,卡,[等级3],
2026-05-22 23:31:38,3557665193860644,梅钞疯 󰠇,把握不住[捂脸],[等级20],[粉丝团 Lv12]
2026-05-22 23:31:43,105938038095,空手套白狼,哇，10万人看直播了,,
2026-05-22 23:31:44,3844360946057700,没吃饱睡不着,猫局呢,[等级5],
2026-05-22 23:31:44,2172229561625960,好嗨哟,我拿,[等级25],[粉丝团 Lv13]
2026-05-22 23:31:45,110478212484,☞手心✋🏻☜,三大爷们聊啥，叫妹子开麦,[等级14],[粉丝团 Lv11]
2026-05-22 23:31:54,96296061951,桃慵,好多半截式信号枪,[等级14],[粉丝团 Lv10]
2026-05-22 23:31:54,111001596003,飞行时间小游戏,[比心][比心][比心][比心],[等级5],
2026-05-22 23:31:56,4233546532927219,🉑🈶🉑🈚,ACE的声音就像掉了俩螺丝，嘻嘻嚯嚯的,[等级20],[粉丝团 Lv10]
2026-05-22 23:31:56,68689644015,无边界.🎀,哈哈哈哈哈哈哈哈,[等级14],[粉丝团 Lv10]
2026-05-22 23:31:57,110277570700,moment—FF,有好的肯定是老黑先拿,[等级10],[粉丝团 Lv10]
2026-05-22 23:31:59,3432052796172665,浩子爹,哈哈哈哈哈哈,[等级1],[粉丝团 Lv1]
2026-05-22 23:32:00,91616813169,七点兀,哈哈哈哈哈哈,[等级8],[粉丝团 Lv4]
2026-05-22 23:32:02,96176417739,😋这妞子着实不赖呀😋,喜欢送你离开，赶下局飞机,[等级24],
2026-05-22 23:32:07,105938038095,空手套白狼,我白嫖就不能抱一下我吗？,,
2026-05-22 23:32:11,4162095481363833,mrtang,这才是真粉，会放无人机,,
2026-05-22 23:32:12,90123802131,张飞,送椰岛鹿龟酒,[等级27],[粉丝团 Lv8]
2026-05-22 23:32:15,116989961990570,喜欢一个人,刚才不是妹子说话呢嘛[捂脸],[等级12],[粉丝团 Lv10]
2026-05-22 23:32:17,4503658257446344,🥐cornetto,我胡汉三又回来了,[等级41],[粉丝团 Lv7]
2026-05-22 23:32:21,104230703069,♥️ᝰꫛꫀꪝ,@李哥,[等级13],
2026-05-22 23:32:25,96712045544,AA照夜白,不是不要吗,[等级21],[粉丝团 Lv14]
2026-05-22 23:32:31,4503658257446344,🥐cornetto,你们不饿吗我吃完夜宵了,[等级41],[粉丝团 Lv7]
2026-05-22 23:32:36,200580296878250,ο▬▬▬◙▅▅▆▆▆▆◤千,你们哪里也卡吗。我以为我的手机卡呢,[等级7],[粉丝团 Lv10]
2026-05-22 23:32:37,102753752525,Wry,老黑老黑看这里[捂脸][捂脸][捂脸][捂脸],[等级3],[粉丝团 Lv2]
2026-05-22 23:32:45,104949047941,蔚蓝海岸,现在11点后有信号枪了吗？,[等级34],[粉丝团 Lv11]
2026-05-22 23:32:46,2965809073763114,82251353231,妈妈,[等级11],[粉丝团 Lv1]
2026-05-22 23:32:54,73908919846,袜子一周一洗,妈妈,[等级5],[粉丝团 Lv8]
2026-05-22 23:32:56,4503658257446344,🥐cornetto,抖音服务器问题,[等级41],[粉丝团 Lv7]
2026-05-22 23:32:58,105493396144,清晨才说晚安💤💤💤💤💤💤💤,带带哪2孩子吧 都哭了,[等级10],
2026-05-22 23:32:58,110277570700,moment—FF,@蔚蓝海岸 有的,[等级10],[粉丝团 Lv10]
2026-05-22 23:32:59,72738171378,L·Oct²⁸ Sag ♥𖠚ᐝ,打围墙补头？,[等级3],
2026-05-22 23:33:00,109881104951,372923,老黑喜欢送粉丝人头[捂脸][捂脸][捂脸],[等级3],
2026-05-22 23:33:05,59133467662,IAn'F,那叫箭矢,[等级24],[粉丝团 Lv2]
2026-05-22 23:33:08,1024364650701038,=…自在🍒随心,老黑几时这么好了。,[等级22],[粉丝团 Lv6]
2026-05-22 23:33:14,31247313669180,许一颗真心,箭,[等级15],[粉丝团 Lv7]
2026-05-22 23:33:20,96895767693,小叶,jian  shi（箭矢）,[等级29],[粉丝团 Lv4]
2026-05-22 23:33:23,72738171378,L·Oct²⁸ Sag ♥𖠚ᐝ,[捂脸],[等级3],
2026-05-22 23:33:24,223933154207331,YgTietnssgmexsn?,浓浓,[等级37],[粉丝团:张君雅 Lv16]
2026-05-22 23:33:25,1367445777424910,Eucalyptus 🐸,@🥐cornetto 小心被扑总关小黑屋,[等级24],[粉丝团 Lv14]
2026-05-22 23:33:26,4358906657647760,o,为什么叫老黑,[等级20],[粉丝团 Lv2]
2026-05-22 23:33:29,89947002312,人行道诸事顺遂,你个老黑,[等级8],
2026-05-22 23:33:32,97658434227,滋欧邹,张老黑就是不会喊狗,[等级15],[粉丝团 Lv3]
2026-05-22 23:33:34,71797258648,芙芙也爱赖床呀,信号枪现在到几点了？,[等级19],[粉丝团 Lv2]
2026-05-22 23:33:37,4503658257446344,🥐cornetto,箭矢shi,[等级41],[粉丝团 Lv7]
2026-05-22 23:33:39,78762229113773,@乘风破浪&,箭屎[尬笑],[等级14],
2026-05-22 23:33:39,59121284288,张君雅的绯闻男友,@陈皮皮⁵¹⁰⁷⁴ 你这头像比我的还经典呢？,[等级24],[粉丝团 Lv12]
2026-05-22 23:33:44,86336609552,中山市亿鑫木门,就说集装箱里面有,[等级13],[粉丝团 Lv8]
2026-05-22 23:33:49,55159220102,BWRZ（记录美好）,笑死[看],[等级36],[粉丝团 Lv16]
2026-05-22 23:33:50,92316661373,土匪,猫局真聪明,[等级12],[粉丝团 Lv2]
2026-05-22 23:33:51,1257437656002798,某某.,@o 主播腹黑怪,[等级34],[粉丝团:张君雅 Lv16]
2026-05-22 23:34:02,4503658257446344,🥐cornetto,@Eucalyptus 🐸 不会的  我爱扑总,[等级41],[粉丝团 Lv7]
2026-05-22 23:34:16,89947002312,人行道诸事顺遂,别给老黑,[等级8],
2026-05-22 23:34:33,2052111796799719,意嘉,小姐姐说话好好听呢。,[等级7],
2026-05-22 23:34:54,82862075244,睡醒了☺️☺️,哼 语音好滴不行 hapfi,[等级36],[粉丝团 Lv4]
2026-05-22 23:34:59,4503658257446344,🥐cornetto,@子一 别拉黑我  哥哥,[等级41],[粉丝团 Lv7]
2026-05-22 23:35:03,1798427627499870,TeFuir,@张君雅的绯闻男友 你的也不差,[等级26],[粉丝团 Lv12]
2026-05-22 23:35:10,59252253998,城南花已败。,确实，特别是房区，超级卡脚,[等级25],
2026-05-22 23:35:14,3557665193860644,梅钞疯 󰠇,三只狗能把敌人咬死[尴尬流汗],[等级20],[粉丝团 Lv12]
2026-05-22 23:35:16,59121284288,张君雅的绯闻男友,@TeFuir 你[看],[等级24],[粉丝团 Lv12]
2026-05-22 23:35:17,96725927405,塔寨村林耀东。,出发咯,[等级12],[粉丝团 Lv11]
2026-05-22 23:35:39,69177366218,小叶(>﹏<),这把不吃鸡不能下播,[等级23],
2026-05-22 23:35:40,110277570700,moment—FF,妹妹居然都有二十星[捂脸],[等级10],[粉丝团 Lv10]
2026-05-22 23:35:41,97256097626,迷茫,雅姐什么时候整一个语音包,[等级13],[粉丝团 Lv8]
2026-05-22 23:35:43,3996063592881981,@@🚬yangꦿ᭄ཽ࿆࿆:,打了一个晚上，终于有个妹妹说话了[捂脸],[等级15],[粉丝团 Lv10]
2026-05-22 23:35:44,91666146753,燃,还有一把,[等级9],
2026-05-22 23:35:49,66000111942,東,老黑 你看看你 再看看人家妹妹的声音,[等级6],[粉丝团 Lv4]
2026-05-22 23:35:50,4484268219711019,荣昌·小罗,还能打一把,[等级12],[粉丝团 Lv6]
2026-05-22 23:35:51,82862075244,睡醒了☺️☺️,摇起来,[等级36],[粉丝团 Lv4]
2026-05-22 23:35:51,2260194374216174,风_,感觉画质好糊啊,,
2026-05-22 23:35:52,109881104951,372923,[捂脸][捂脸][捂脸][捂脸][捂脸],[等级3],
2026-05-22 23:35:55,3557665193860644,梅钞疯 󰠇,猿粪,[等级20],[粉丝团 Lv12]
2026-05-22 23:35:56,86307411659,太皇太后您有喜啦,猿粪,[等级16],[粉丝团 Lv11]
2026-05-22 23:35:58,59121284288,张君雅的绯闻男友,@@@🚬yangꦿ᭄ཽ࿆࿆: [捂脸],[等级24],[粉丝团 Lv12]
2026-05-22 23:35:59,111007266356,🔱守望w,猿粪啊猿粪,[等级29],[粉丝团 Lv15]
2026-05-22 23:36:00,50631912517,哒哒哒,多少星才能匹配啊,[等级13],
2026-05-22 23:36:00,70492044030,紫痕9099,赛季末 乱匹[捂脸][捂脸],[等级15],[粉丝团 Lv13]
2026-05-22 23:36:01,1049405937951628,133,确实感觉画质好差啊,,
2026-05-22 23:36:04,400698836787520,🌈默苒,妹妹声音好好听,[等级33],[粉丝团 Lv11]
2026-05-22 23:36:06,4116994443190494,wzx,赛季几点结束,[等级13],
2026-05-22 23:36:06,716494939624904,大杰哥,1080,[等级11],[粉丝团 Lv9]
2026-05-22 23:36:06,110527293027,【柳哥】,又多了一个妹子粉丝[呲牙][呲牙][呲牙],[等级27],[粉丝团 Lv12]
2026-05-22 23:36:08,3913913666903720,太阳☀,下了就关注你,[等级41],[粉丝团 Lv13]
2026-05-22 23:36:11,1341827589088227,北纬46°度,我相信还能打一把[捂脸],[等级14],[粉丝团 Lv8]
2026-05-22 23:36:12,1798427627499870,TeFuir,@张君雅的绯闻男友 我怎么了,[等级26],[粉丝团 Lv12]
2026-05-22 23:36:12,3267352005977800,释怀！,送丝袜,[等级20],
2026-05-22 23:36:13,1302276115534719,康前胜地,妹妹关注！必须吃鸡[捂脸][捂脸][捂脸][捂脸][捂脸],[等级30],[粉丝团 Lv12]
2026-05-22 23:36:13,3967481098810589,朝暮²⁷⁷,他是谁[捂脸][捂脸],[等级31],
2026-05-22 23:36:14,3406705907740807,何爱华（承蒙厚爱）,[捂脸][捂脸][捂脸],[等级22],[粉丝团 Lv12]
2026-05-22 23:36:15,97544181368,杀敌伍佰,猿粪是什么？猿粪是天注定的,[等级29],[粉丝团 Lv15]
2026-05-22 23:36:16,78293135104,邵帅🤩🤓🤯,不是五点更新吗？,[等级11],[粉丝团 Lv4]
2026-05-22 23:36:16,68128483419,秋霜,不认识,[等级33],[粉丝团 Lv12]
2026-05-22 23:36:18,93787904657,老哥,都不认识,[等级23],[粉丝团 Lv12]
2026-05-22 23:36:19,2128294197087646,黄先生,毛小毛,[等级4],
2026-05-22 23:36:20,89947002312,人行道诸事顺遂,还是妹妹好听,[等级8],
2026-05-22 23:36:20,2599715665347304,leeeeesangwon,@风_ 开清晰度啊,[等级10],
2026-05-22 23:36:23,915259460944648,德鲁大叔🕊,鲨鱼,[等级10],
2026-05-22 23:36:24,54421526629,🌈猫,不认识,[等级26],[粉丝团 Lv11]
2026-05-22 23:36:27,309411621386987,90后公子,[捂脸][捂脸],[等级23],[粉丝团 Lv8]
2026-05-22 23:36:27,109192876924,小猪梅子,叫张老黑,[等级6],
2026-05-22 23:36:28,61587840412,随遇而安~那就这样吧,斯基,[等级4],
2026-05-22 23:36:28,98205344754,蟹某人,张老黑[捂脸][捂脸][捂脸],[等级13],[粉丝团 Lv9]
2026-05-22 23:36:28,109109492047,z浩哥,哈哈，直接降服,[等级7],
2026-05-22 23:36:28,4503658257446344,🥐cornetto,纯海岛必须张老黑,[等级41],[粉丝团 Lv7]
2026-05-22 23:36:30,110407694978,刘业青,吓我一跳刚进来没等级了，13级没显示,[等级24],[粉丝团 Lv13]
2026-05-22 23:36:33,1341059843757268,Vincent,天天看不知道？？[捂脸][捂脸],[等级37],[粉丝团 Lv14]
2026-05-22 23:36:43,72488437048,那又怎样,想不起来就对了,[等级13],
2026-05-22 23:36:45,4503658257446344,🥐cornetto,@刘业青 9钻,[等级41],[粉丝团 Lv7]
2026-05-22 23:36:47,892413678724877,厌遇,那个打纯海岛的[不失礼貌的微笑][斜眼][不失礼貌的微笑][斜眼][不失礼貌的微笑][斜眼],[等级24],[粉丝团 Lv7]
2026-05-22 23:36:49,116989961990570,喜欢一个人,看我只看张老黑,[等级12],[粉丝团 Lv10]
2026-05-22 23:36:50,71507967810,晚风～,飘子1V4,[等级25],
2026-05-22 23:36:54,93076831814,依是初雪 i,狗都要跑的累死了   哈哈哈哈,[等级40],[粉丝团 Lv2]
2026-05-22 23:36:57,309411621386987,90后公子,这女的不老实 天天看不知道[捂脸][捂脸],[等级23],[粉丝团 Lv8]
2026-05-22 23:36:58,99358549597,Perfect″—完美,确实打的好,[等级12],[粉丝团 Lv2]
2026-05-22 23:36:59,111479052727,大宝,[666],[等级24],
2026-05-22 23:37:10,328116718277744,🌈小小曦很愤怒,这妹子口音听着像安徽巢湖那一片的[捂脸],[等级22],
2026-05-22 23:37:10,85792468043,818,有五指平板键位码分享嘛 兄弟们,[等级24],
2026-05-22 23:37:12,1719231358708824,Υ,求哥刚刚巅峰赛12杀,[等级9],
2026-05-22 23:37:12,4862013350589,厉扑,纯海岛我只看老黑和猫局,[等级21],[粉丝团 Lv11]
2026-05-22 23:37:31,101687967112,无脚的鸟,海岛女选手张君雅第二，第一暂时没有,[等级15],[粉丝团 Lv7]
2026-05-22 23:37:32,102088250855,明天再减肥丶,沙漠看谁,[等级3],
2026-05-22 23:37:33,72230803868,是暖暖吖💕,@90后公子 话到嘴边一瞬间说不出来很正常,[等级18],[粉丝团 Lv11]
2026-05-22 23:37:37,110277570700,moment—FF,@Υ 知道了，滚一边去吧,[等级10],[粉丝团 Lv10]
2026-05-22 23:37:51,70424005767,先苦后田,@厉扑 去看一下高飞不苟,[等级22],
2026-05-22 23:37:54,1341059843757268,Vincent,[捂脸][捂脸][捂脸][捂脸],[等级37],[粉丝团 Lv14]
2026-05-22 23:37:56,7442219576371364922,一撇一捺默写牵挂²⁰²⁶₈₈₈,[捂脸][捂脸][捂脸],[等级30],
2026-05-22 23:37:57,1257437656002798,某某.,哈哈哈哈,[等级34],[粉丝团:张君雅 Lv16]
2026-05-22 23:37:57,116989961990570,喜欢一个人,哈哈哈[捂脸][捂脸][捂脸],[等级12],[粉丝团 Lv10]
2026-05-22 23:37:59,60459504951,焮焮,[捂脸][捂脸],[等级6],[粉丝团 Lv6]
2026-05-22 23:38:01,309411621386987,90后公子,@是暖暖吖💕 我开玩笑的，你们不要攻击我哦,[等级23],[粉丝团 Lv8]
2026-05-22 23:38:01,93014642999,🌈南山楠,哈哈哈,[等级12],[粉丝团 Lv10]
2026-05-22 23:38:03,105378086467,🌈沃的发,[捂脸][捂脸][捂脸],[等级16],
2026-05-22 23:38:03,13060129382,薯条搭配土豆泥,[捂脸][捂脸][捂脸][捂脸],[等级32],[粉丝团 Lv12]
2026-05-22 23:38:03,85156845384,温柔大哥-h,[捂脸][捂脸][捂脸],[等级4],
2026-05-22 23:38:04,3996063592881981,@@🚬yangꦿ᭄ཽ࿆࿆:,[捂脸][捂脸][捂脸],[等级15],[粉丝团 Lv10]
2026-05-22 23:38:05,116989961990570,喜欢一个人,局哥好难[捂脸][捂脸][捂脸],[等级12],[粉丝团 Lv10]
2026-05-22 23:38:05,2101901726066060,홍悅,哈哈哈[捂脸][捂脸][捂脸][捂脸],[等级36],[粉丝团 Lv10]
2026-05-22 23:38:05,3913913666903720,太阳☀,[捂脸][捂脸][捂脸],[等级41],[粉丝团 Lv13]
2026-05-22 23:38:05,3406705907740807,何爱华（承蒙厚爱）,[捂脸][捂脸][捂脸],[等级22],[粉丝团 Lv12]
2026-05-22 23:38:06,71126905166,抖音小肋手,[捂脸][捂脸][捂脸][捂脸],[等级11],[粉丝团 Lv10]
2026-05-22 23:38:06,77636901791,jie锋_,[捂脸][捂脸][捂脸],[等级26],[粉丝团 Lv4]
2026-05-22 23:38:09,81488454275,袁敏YM🌙,哈哈哈哈😂,[等级17],[粉丝团 Lv8]
2026-05-22 23:38:11,7428803434918315021,小螺号,哈哈，太有节目了[捂脸],,
2026-05-22 23:38:12,3967481098810589,朝暮²⁷⁷,还没上车[捂脸][捂脸][捂脸],[等级31],
2026-05-22 23:38:12,96529285287,@L_Y@⁵¹⁰⁷⁴₈₀₀₈,[衰][笑哭],[等级43],[粉丝团:张君雅 Lv17]
2026-05-22 23:38:13,1991947840401806,旺仔哥～,[捂脸][捂脸][捂脸],[等级23],[粉丝团 Lv12]
2026-05-22 23:38:15,102535314985,眉毛会笑,[捂脸][捂脸],[等级16],[粉丝团 Lv12]
2026-05-22 23:38:16,106874679936,꧁Darker꧂,马变了,[等级17],
2026-05-22 23:38:16,3606873558496464,是月亮呀,[捂脸][捂脸][捂脸][捂脸],[等级12],[粉丝团 Lv8]
2026-05-22 23:38:16,4001867781381405,叨叨叨,狗会开车么[看],[等级22],[粉丝团 Lv10]
2026-05-22 23:38:18,102088250855,明天再减肥丶,沙漠看谁精彩兄弟们,[等级3],
2026-05-22 23:38:20,2739607744034852,可爱PUPPY,这小姐姐一直说小狗哈哈,[等级9],[粉丝团 Lv7]
2026-05-22 23:38:24,63322982258,谷城专业瓷砖美缝—胡军,局哥一天天的老是被遗忘[捂脸][捂脸],[等级23],[粉丝团 Lv11]
2026-05-22 23:38:24,61635872513,Y.γ_yi,狗会开车呀？,[等级18],[粉丝团 Lv7]
2026-05-22 23:38:25,2612879910777492,5路,卧草,[等级27],
2026-05-22 23:38:26,7428803434918315021,小螺号,我还没上车！[看],,
2026-05-22 23:38:28,110895971722,Oh yes,大家好我是新来的,[等级24],[粉丝团 Lv9]
2026-05-22 23:38:31,3843541681840615,Locke,哈哈哈，肯定没喝枸杞原浆,[等级27],[粉丝团 Lv3]
2026-05-22 23:38:32,4375664403680372,， ， ，,我刚看君雅的时候她就不和韦克静玩了,[等级17],[粉丝团 Lv10]
2026-05-22 23:38:33,116989961990570,喜欢一个人,赛季最后一把节目效果拉满,[等级12],[粉丝团 Lv10]
2026-05-22 23:38:34,107881005322,不甘寂寞,这么牛逼,[等级17],
2026-05-22 23:38:35,219492584270413,留下万千追忆。,吴孟达：我还没上车啊,[等级23],[粉丝团 Lv10]
2026-05-22 23:38:51,1745670401697571,瑶,@右手敬礼灬,[等级2],
2026-05-22 23:38:52,82128721669,𝘼,设置完之后就可以了,[等级6],
2026-05-22 23:38:53,2194218401924542,祁岽,老黑粉丝量和真实不符老黑应该是千万主播,[等级19],[粉丝团:张君雅 Lv11]
2026-05-22 23:38:56,4503658257446344,🥐cornetto,局哥 你头发多的话可以多撩妹  不然就让张老黑撩,[等级41],[粉丝团 Lv7]
2026-05-22 23:39:01,2599715665347304,leeeeesangwon,贴膜girl,[等级10],
2026-05-22 23:39:02,69883728410,汾酒小康,不会是鲨鱼吧[捂脸],[等级10],
2026-05-22 23:39:03,71463113872,蕾大姐,叶别，在不在,[等级7],
2026-05-22 23:39:07,59121284288,张君雅的绯闻男友,@留下万千追忆。 什么孟达,[等级24],[粉丝团 Lv12]
2026-05-22 23:39:08,897624492999271,右手敬礼灬,@瑶 [看],[等级34],[粉丝团 Lv11]
2026-05-22 23:39:11,100380424414,1389,Kya,[等级10],
2026-05-22 23:39:13,79989749846,🇨🇳平安喜乐,牛逼👍,[等级5],
2026-05-22 23:39:14,109174843633,南  栀,[看][看][看],[等级7],
2026-05-22 23:39:16,1257437656002798,某某.,@祁岽 视频和切片不火,[等级34],[粉丝团:张君雅 Lv16]
2026-05-22 23:39:17,3996063592881981,@@🚬yangꦿ᭄ཽ࿆࿆:,可能是鲨鱼[捂脸],[等级15],[粉丝团 Lv10]
2026-05-22 23:39:19,1745670401697571,瑶,哈哈哈哈哈哈,[等级2],
2026-05-22 23:39:21,100380424414,1389,kua,[等级10],
2026-05-22 23:39:22,71463113872,蕾大姐,叶别，在不在[微笑],[等级7],
2026-05-22 23:39:27,71463113872,蕾大姐,叶别，在不在[微笑],[等级7],
2026-05-22 23:39:35,113950156132612,梅大王,有单字,[等级11],
2026-05-22 23:39:37,66190970682,当年情,在,[等级2],[粉丝团 Lv5]
2026-05-22 23:39:40,98383013563,b,人家问2号,[等级16],[粉丝团 Lv10]
2026-05-22 23:39:41,1745670401697571,瑶,@右手敬礼灬 牛不牛,[等级2],
2026-05-22 23:39:41,96207445247,Tiger,老了,[等级24],[粉丝团 Lv2]
2026-05-22 23:39:42,58504446243,你是恩赐也是劫,五点赛季更新播吗？,[等级23],
2026-05-22 23:39:43,2709643241462958,Yang-🥝,下赛季也是扑总的号吗,[等级3],[粉丝团 Lv1]
2026-05-22 23:39:46,104828659797,春寧嘉時,在,[等级14],[粉丝团 Lv2]
2026-05-22 23:39:46,59252253998,城南花已败。,在，怎么了,[等级25],
2026-05-22 23:39:47,105073000410,昵称,叶别在不在,[等级20],
2026-05-22 23:39:48,74024865292,A  黎҈,叶问，在不在[紫薇别走][做鬼脸],[等级20],
2026-05-22 23:39:48,2128294197087646,黄先生,毛小毛,[等级4],
2026-05-22 23:39:49,3149420994014067,有苦才叫生活,没事就到处浪，有事就哥哥哥,[等级2],
2026-05-22 23:39:49,104949047941,蔚蓝海岸,老了,[等级34],[粉丝团 Lv11]
2026-05-22 23:39:54,99358549597,Perfect″—完美,今晚的画面怎么感觉不是很清晰,[等级12],[粉丝团 Lv2]
2026-05-22 23:39:54,83080555540,San,调好闹钟,[等级17],
2026-05-22 23:39:54,109109492047,z浩哥,点点赞,[等级7],
2026-05-22 23:39:56,116989961990570,喜欢一个人,老黑承认自己虚[捂脸][捂脸][捂脸],[等级12],[粉丝团 Lv10]
2026-05-22 23:39:58,111007266356,🔱守望w,@蕾大姐 老乡啊,[等级29],[粉丝团 Lv15]
2026-05-22 23:39:59,105073000410,昵称,叶别在不在,[等级20],
2026-05-22 23:40:02,102012879408,忄,全赛季在榜战神，[比心],[等级11],
2026-05-22 23:40:05,110277570700,moment—FF,老黑每天直播，还要带孩子，很累的,[等级10],[粉丝团 Lv10]
2026-05-22 23:40:06,7596388250995737637,💫辻弌,@蕾大姐 干哈,[等级26],
2026-05-22 23:40:07,1644465955802695,可乐加冰🧊,君姐老了[看],[等级23],
2026-05-22 23:40:09,3349592950440884,会飞的鱼  怎么网,宝宝在不在,[等级22],
2026-05-22 23:40:10,1359436248012528,世间哪有真情,说这话容易暴露年龄,[等级8],[粉丝团 Lv5]
2026-05-22 23:40:11,96979567880,夏一刀2,职业,[等级17],[粉丝团 Lv11]
2026-05-22 23:40:14,71125424975,小白（互）,不在,[等级21],[粉丝团 Lv7]
2026-05-22 23:40:15,3189001972885827,1112,小毛在不在[微笑],,
2026-05-22 23:40:15,77276496800,21:57,下个赛季还是打这个号吗,[等级36],[粉丝团 Lv4]
2026-05-22 23:40:16,3349592950440884,会飞的鱼  怎么网,宝宝在不在,[等级22],
2026-05-22 23:40:18,325109155367565,乘舟洛涣,主播明天要封神吗,,
2026-05-22 23:40:18,1257437656002798,某某.,老黑一天精力全给直播间了,[等级34],[粉丝团:张君雅 Lv16]
2026-05-22 23:40:19,101691882655,37,给老黑枸杞原浆补补,[等级13],
2026-05-22 23:40:20,105413483630,永恒♡,谁知道下赛季打哪个号啊[比心]家人们,[等级24],[粉丝团 Lv9]
2026-05-22 23:40:23,101561295119,榮耀,叶辰，在不在,[等级18],[粉丝团 Lv11]
2026-05-22 23:40:25,2194218401924542,祁岽,她太懒惰了,[等级19],[粉丝团:张君雅 Lv11]
2026-05-22 23:40:25,4503658257446344,🥐cornetto,ZKL我看到你了 你学不会的  别看了,[等级41],[粉丝团 Lv7]
2026-05-22 23:40:29,92461848227,煜,[捂脸][捂脸],[等级13],[粉丝团 Lv12]
2026-05-22 23:40:30,75362312172,L,不知道🤷,[等级27],[粉丝团 Lv10]
2026-05-22 23:40:30,3518054409175598,～～,凯琪那个号怎么搜不到了,[等级14],[粉丝团 Lv9]
2026-05-22 23:40:32,2524076475430765,亲歌,[酷拽],[等级13],[粉丝团 Lv11]
2026-05-22 23:40:32,110277570700,moment—FF,@永恒♡ 还是扑总的,[等级10],[粉丝团 Lv10]
2026-05-22 23:40:33,53003718929,Aloof～,我很喜欢猫局,[等级5],[粉丝团 Lv2]
2026-05-22 23:40:34,3349592950440884,会飞的鱼  怎么网,宝宝在不在,[等级22],
2026-05-22 23:40:35,2088717738848055,Ambition *,好尬,[等级19],
2026-05-22 23:40:37,116989961990570,喜欢一个人,老黑不缺枸杞原浆[捂脸][捂脸][捂脸],[等级12],[粉丝团 Lv10]
2026-05-22 23:40:37,7541605761006470204,糯儿,强行开启决赛圈,,
2026-05-22 23:40:40,3771738245053625,会游泳的鱼👻,来个天降正义,,
2026-05-22 23:40:41,59121284288,张君雅的绯闻男友,@榮耀 不在,[等级24],[粉丝团 Lv12]
2026-05-22 23:40:42,96979567880,夏一刀2,和平精英只看老黑,[等级17],[粉丝团 Lv11]
2026-05-22 23:40:42,2274247923467549,知遇👣,@有苦才叫生活 碍你事了多嘴,[等级24],[粉丝团 Lv10]
2026-05-22 23:40:42,104063002363,AA😊,熬夜多了容易内分泌失调[捂脸],[等级24],[粉丝团 Lv10]
2026-05-22 23:40:43,2009563192628787,木易,打凯琪这个号,[等级10],[粉丝团 Lv8]
2026-05-22 23:40:44,105073000410,昵称,叶别在不在,[等级20],
2026-05-22 23:40:45,53003718929,Aloof～,我很喜欢猫局啊,[等级5],[粉丝团 Lv2]
2026-05-22 23:40:49,2007084944330340,陈不住气的,@Aloof～ 有品,[等级9],[粉丝团 Lv2]
2026-05-22 23:40:50,223933154207331,YgTietnssgmexsn?,小欣在不在,[等级37],[粉丝团:张君雅 Lv16]
2026-05-22 23:40:52,3421292158256510,愷訫,估计是打愷淇吧,[等级16],[粉丝团 Lv9]
2026-05-22 23:40:52,93014642999,🌈南山楠,哈哈哈,[等级12],[粉丝团 Lv10]
2026-05-22 23:40:58,111156712881,有把妹天赋,[大笑][笑哭][大笑][笑哭][大笑][笑哭][大笑][笑哭],[等级19],[粉丝团 Lv10]
2026-05-22 23:40:59,135964883951687,you(^_^)丹,渣男被炸了,[等级9],
2026-05-22 23:41:01,110478212484,☞手心✋🏻☜,被炸了,[等级14],[粉丝团 Lv11]
2026-05-22 23:41:04,70424005767,先苦后田,肾结石都炸出来了[呲牙],[等级22],
2026-05-22 23:41:05,3683842542541420,明天,老黑在不在,[等级7],[粉丝团 Lv10]
2026-05-22 23:41:07,892413678724877,厌遇,哈哈哈哈哈[捂脸][笑哭],[等级24],[粉丝团 Lv7]
2026-05-22 23:41:08,2181042595178568,夕阳惜夏,爱播的精力都用在偷人了,[等级19],[粉丝团 Lv10]
2026-05-22 23:41:12,3349592950440884,会飞的鱼  怎么网,宝宝在不在,[等级22],
2026-05-22 23:41:16,748098672930932,三丶岁末,空袭,[等级29],
2026-05-22 23:41:24,3406705907740807,何爱华（承蒙厚爱）,[捂脸][捂脸][捂脸],[等级22],[粉丝团 Lv12]
2026-05-22 23:41:26,116989961990570,喜欢一个人,哈哈哈[捂脸][捂脸],[等级12],[粉丝团 Lv10]
2026-05-22 23:41:27,54421526629,🌈猫,哈哈哈,[等级26],[粉丝团 Lv11]
2026-05-22 23:41:29,86745423826,A@,雷炸的,[等级21],
2026-05-22 23:41:31,64503972314,六月H,又不喂马,[等级21],
2026-05-22 23:41:33,2965799508641152,没错 一起的,炸的真准,[等级2],[粉丝团 Lv4]
2026-05-22 23:41:35,2057895499012301,小唐家🏠（装修中）,空袭,[等级16],[粉丝团 Lv3]
2026-05-22 23:41:37,3184628306020094,一曲杆常断,[捂脸],[等级17],[粉丝团 Lv10]
2026-05-22 23:41:41,59409867637,🌈七～安💕💕,轰炸区炸的。,[等级15],
2026-05-22 23:41:42,2543606972314201,张宁v,狗发情了,[等级17],[粉丝团 Lv3]
2026-05-22 23:41:42,63351976881,饼干,没打疫苗[捂脸],[等级32],[粉丝团 Lv10]
2026-05-22 23:41:47,88786722885,月月🌈🦐,一停车就叫,[等级23],[粉丝团 Lv5]
2026-05-22 23:41:48,1154936506160563,—Xr,那个人也被炸了,,
2026-05-22 23:41:49,1072716499657160,可望,狗很猫学的[捂脸],[等级17],[粉丝团 Lv11]
2026-05-22 23:41:50,93132396401,三岁🥰,把马喂了,[等级18],[粉丝团 Lv7]
2026-05-22 23:41:50,7545327209743139898,🌈 冰美式☕,宝宝明天上班吗？,[等级7],[粉丝团 Lv8]
2026-05-22 23:41:50,817630535503485,《蓝—桉》,不是炸了吗,[等级15],[粉丝团 Lv10]
2026-05-22 23:41:52,59409867637,🌈七～安💕💕,老黑跑快了一步。,[等级15],
2026-05-22 23:41:52,3913913666903720,太阳☀,二号渣男,[等级41],[粉丝团 Lv13]
2026-05-22 23:41:52,62070553533,知行合一～知易行难,嗯,[等级16],[粉丝团 Lv3]
2026-05-22 23:41:54,2330588968395416,贝塔β,窝趣,[等级25],[粉丝团 Lv14]
2026-05-22 23:41:55,91666146753,燃,下车的时候就会叫的,[等级9],
2026-05-22 23:41:59,58552734367,阿布,被天雷给解决了,[等级25],
2026-05-22 23:42:01,1341059843757268,Vincent,能炸树[发呆][发呆][发呆],[等级37],[粉丝团 Lv14]
2026-05-22 23:42:02,587615959256659,军迷,今天下午狗一直救不了我,[等级17],[粉丝团 Lv11]
2026-05-22 23:42:03,103894909914,′簡單′,轰炸区炸两个,[等级3],[粉丝团 Lv1]
2026-05-22 23:42:04,3967481098810589,朝暮²⁷⁷,这都能炸🌲。。。[发呆][捂脸][发呆][捂脸][发呆][捂脸],[等级31],
2026-05-22 23:42:05,71649137442,、.,让马儿吃草啊,[等级17],
2026-05-22 23:42:05,3883070739987355,蚌夫,试试能炸石头吧,[等级25],
2026-05-22 23:42:11,24127910744,一般般,《狗的第六感》,[等级17],[粉丝团 Lv5]
2026-05-22 23:42:13,116989961990570,喜欢一个人,这节目效果,[等级12],[粉丝团 Lv10]
2026-05-22 23:42:13,109881104951,372923,别用爆炸工了啊我开车都不好开了[捂脸][捂脸][捂脸][捂脸],[等级3],
2026-05-22 23:42:22,106430918889,j,2号渣男被狗识破了[捂脸],[等级16],[粉丝团 Lv9]
2026-05-22 23:42:28,2007084944330340,陈不住气的,666,[等级9],[粉丝团 Lv2]
2026-05-22 23:42:31,64396490234,玖柒禾十,6,[等级17],[粉丝团 Lv2]
2026-05-22 23:42:32,1596104651323748,DDD,哇去,[等级32],
2026-05-22 23:42:34,104063002363,AA😊,66666,[等级24],[粉丝团 Lv10]
2026-05-22 23:42:35,64396490234,玖柒禾十,？,[等级17],[粉丝团 Lv2]
2026-05-22 23:42:35,110542923396,某某人.,我超,[等级7],
2026-05-22 23:42:36,66000111942,東,它追不上车 你们跑远了 它突然刷出来不是都叫一声的吗,[等级6],[粉丝团 Lv4]
2026-05-22 23:42:38,62299342081,刘先生,真牛 这都能看到两人,[等级15],[粉丝团 Lv6]
2026-05-22 23:42:42,64396490234,玖柒禾十,？,[等级17],[粉丝团 Lv2]
2026-05-22 23:42:45,104510867788,幼枝,这么6,[等级7],[粉丝团 Lv2]
2026-05-22 23:42:48,1638692847625564,月华弄,[鼓掌],[等级3],
2026-05-22 23:42:48,2787957868863195,春丽家的大憨憨,3386倍压这么稳[捂脸],[等级14],[粉丝团 Lv9]
2026-05-22 23:42:48,3406712753367316,浙江省精神病收容所(三哥）,666,[等级5],
2026-05-22 23:42:50,78762229113773,@乘风破浪&,？？？？？？？？？？？？,[等级14],
2026-05-22 23:42:51,64396490234,玖柒禾十,关了吧,[等级17],[粉丝团 Lv2]
2026-05-22 23:42:52,82128721669,𝘼,@刘先生 确实能看到,[等级6],
2026-05-22 23:42:54,3406712753367316,浙江省精神病收容所(三哥）,牛逼,[等级5],
2026-05-22 23:42:56,223933154207331,YgTietnssgmexsn?,黑子，出来干活了,[等级37],[粉丝团:张君雅 Lv16]
2026-05-22 23:42:57,3349592950440884,会飞的鱼  怎么网,挂啊,[等级22],
2026-05-22 23:42:58,100515465222,✨甜憨憨吖🌈,只看得到空投,[等级8],[粉丝团 Lv4]
2026-05-22 23:42:59,103205628817,008,你们眼力这么好的吗？,,
2026-05-22 23:43:00,96767790783,邹邹睡不醒👁 ܫ 👁,刚下车它就会叫,[等级20],
2026-05-22 23:43:00,95825900600,ｌｅｙｉ李,小飞棍是主播,[等级2],
2026-05-22 23:43:04,71993091745,北渝,张君雅宝宝也很不错哦,[等级19],
2026-05-22 23:43:05,100676851075,一大块腹肌,平板比这大,[等级20],[粉丝团 Lv10]
2026-05-22 23:43:06,4233546532927219,🉑🈶🉑🈚,哥快回来舔空投了,[等级20],[粉丝团 Lv10]
2026-05-22 23:43:06,1566167725771440,熊猫炖土豆,鲨鱼来了,[等级22],
2026-05-22 23:43:13,1341059843757268,Vincent,@008 拿平板看啊,[等级37],[粉丝团 Lv14]
2026-05-22 23:43:16,96699096496,..........,感觉没后坐力一样,[等级5],
2026-05-22 23:43:23,4503658257446344,🥐cornetto,你们怎么回事  这个是妹妹？起码35,[等级41],[粉丝团 Lv7]
2026-05-22 23:43:23,7597413643777770545,哭哭马,好枪给队友[发呆][发呆][发呆],[等级14],
2026-05-22 23:43:27,681328012439959,芳村～大支嘢,g3没人用的,[等级5],[粉丝团 Lv2]
2026-05-22 23:43:29,77416951506,ら孤痞,@春丽家的大憨憨 叭着打稳,[等级37],[粉丝团 Lv17]
2026-05-22 23:43:31,82128721669,𝘼,@008 能看到 我用手机这个距离也能看到,[等级6],
2026-05-22 23:43:33,1341059843757268,Vincent,平板清晰多了,[等级37],[粉丝团 Lv14]
2026-05-22 23:43:35,111007266356,🔱守望w,法玛斯,[等级29],[粉丝团 Lv15]
2026-05-22 23:43:36,2419370855769710,随便逛逛,马在眼前过，上面两个人看不到吗[捂脸],[等级17],[粉丝团 Lv7]
2026-05-22 23:43:41,2138965683737065,酒久,去看鲨鱼,[等级33],
2026-05-22 23:43:43,4162095481363833,mrtang,手枪是局哥最爱,,
2026-05-22 23:43:47,2909758225660395,Sparks,爷们枪,[等级1],
2026-05-22 23:43:48,98711693489,L-Aug-15-Leo,好抢自己留着,[等级44],[粉丝团 Lv17]
2026-05-22 23:43:50,110895971722,Oh yes,妹控,[等级24],[粉丝团 Lv9]
2026-05-22 23:43:52,7428803434918315021,小螺号,局哥爱打🔫[看],,
2026-05-22 23:43:52,1785248777516071,@布洛芬,心眼子,[等级3],
2026-05-22 23:43:54,109109492047,z浩哥,手枪得拿[鼓掌],[等级7],
2026-05-22 23:43:56,3034284484996007,林森,啤酒瓶大炮,[等级27],[粉丝团 Lv11]
2026-05-22 23:43:57,73569757746,小丑鱼,肯定有桂,[等级9],[粉丝团 Lv10]
2026-05-22 23:44:04,2493283472772824,四号,菊哥就爱打手枪,[等级22],
2026-05-22 23:44:14,4503658257446344,🥐cornetto,你们接触不到的东西你们看都不带看的,[等级41],[粉丝团 Lv7]
2026-05-22 23:44:33,77416951506,ら孤痞,@酒久 你在这刷点，我们去看[看],[等级37],[粉丝团 Lv17]
2026-05-22 23:44:35,88287003261,鲨 鱼 辣 椒,40发大炮？,[等级5],
2026-05-22 23:44:38,3557665193860644,梅钞疯 󰠇,拉太平洋去了[捂脸],[等级20],[粉丝团 Lv12]
2026-05-22 23:44:39,7622256497552180273,霸霸ᅟᅠᅟᅠᅟᅠᅟᅠ ᅟᅠᅟᅠ୧⍤⃝🥕,@小丑鱼 说清楚,[等级10],[粉丝团 Lv9]
2026-05-22 23:44:43,2274247923467549,知遇👣,@小丑鱼 你开挂都打不出这操作,[等级24],[粉丝团 Lv10]
2026-05-22 23:44:45,70651357326,柒玖,45发大炮子弹打的完吗,[等级19],
2026-05-22 23:44:49,110895971722,Oh yes,@小丑鱼 这样和你说吧我们在老黑眼中就是人机,[等级24],[粉丝团 Lv9]
2026-05-22 23:44:51,4162095481363833,mrtang,他们以为是柿子，拿捏,,
2026-05-22 23:44:54,96767790783,邹邹睡不醒👁 ܫ 👁,毒气弹炮他们,[等级20],
2026-05-22 23:45:06,1025191092168221,勋,？,[等级22],
2026-05-22 23:45:14,99372859314,启  夏,这不掉[捂脸],[等级25],[粉丝团 Lv15]
2026-05-22 23:45:17,3570848879610733,淺,铁血战士,[等级27],
2026-05-22 23:45:19,488625442653683,拾八-,这木乃伊皮肤多少呀？,,
2026-05-22 23:45:20,70424005767,先苦后田,人一多就去拉枪线，想跑是吧[捂脸][捂脸],[等级22],
2026-05-22 23:45:23,4862013350589,厉扑,要准点下班咯,[等级21],[粉丝团 Lv11]
2026-05-22 23:45:36,109096130806,起飞的兔子,我们同剧哈哈哈,[等级1],
2026-05-22 23:45:38,2493283472772824,四号,一屋子人看弹幕,[等级22],
2026-05-22 23:45:45,222579207187354,南无阿弥陀佛,留点炮的子弹，让队友也打一打啊,[等级6],[粉丝团 Lv2]
2026-05-22 23:45:45,109096130806,起飞的兔子,同局了,[等级1],
2026-05-22 23:45:46,3188207395813070,恭喜發財,完了，要破产,[等级29],[粉丝团 Lv1]
2026-05-22 23:45:55,3852278919609720,演员,猫局打倒的你队友[捂脸][捂脸][捂脸][捂脸][捂脸],[等级6],
2026-05-22 23:45:57,4292907712645271,青春荒唐不负你,338打人是真的刮啊,[等级12],[粉丝团 Lv11]
2026-05-22 23:46:31,109096130806,起飞的兔子,我在这里 哈哈哈 不要打了,[等级1],
2026-05-22 23:46:35,1981770657709155,Lone.,马匪,[等级30],[粉丝团 Lv11]
2026-05-22 23:46:40,66873200785,岁岁平安,几队啊,[等级3],
2026-05-22 23:46:53,4295113372613741,封心,救救我,[等级16],
2026-05-22 23:46:55,77416951506,ら孤痞,@先苦后田 拉枪线好打一点,[等级37],[粉丝团 Lv17]
2026-05-22 23:46:55,3161793129625475,加一碗米饭,下把和a妹联动一下[看],[等级1],
2026-05-22 23:47:06,2007084944330340,陈不住气的,666,[等级9],[粉丝团 Lv2]
2026-05-22 23:47:06,1341059843757268,Vincent,[666][666][666][666],[等级37],[粉丝团 Lv14]
2026-05-22 23:47:07,71126905166,抖音小肋手,牛逼,[等级11],[粉丝团 Lv10]
2026-05-22 23:47:10,2330588968395416,贝塔β,[666][666][666],[等级25],[粉丝团 Lv14]
2026-05-22 23:47:10,71126905166,抖音小肋手,6666,[等级11],[粉丝团 Lv10]
2026-05-22 23:47:14,70492044030,紫痕9099,都是假 单字[捂脸][捂脸],[等级15],[粉丝团 Lv13]
2026-05-22 23:47:22,100179063750,163广播站,[捂脸][捂脸],[等级9],[粉丝团 Lv6]
2026-05-22 23:47:23,71126905166,抖音小肋手,牛批666,[等级11],[粉丝团 Lv10]
2026-05-22 23:47:24,1657681681585491,kivvvvvvv,主播用手机还是平板[比心],[等级18],
2026-05-22 23:47:24,116989961990570,喜欢一个人,大号也没事说这话[捂脸][捂脸][捂脸],[等级12],[粉丝团 Lv10]
2026-05-22 23:47:27,3544449118126824,爱吃醋的李,哈哈哈,[等级25],[粉丝团 Lv11]
2026-05-22 23:47:27,1816866635650600,暮色,[大笑][大笑][大笑][大笑][大笑][大笑],[等级25],[粉丝团 Lv13]
2026-05-22 23:47:27,3725560356537887,温暖的港湾,烟都不封[捂脸],[等级24],
2026-05-22 23:47:27,4503658257446344,🥐cornetto,@加一碗米饭 你说了不算,[等级41],[粉丝团 Lv7]
2026-05-22 23:47:29,818458912358512,34177028007,[捂脸][捂脸][捂脸],[等级3],
2026-05-22 23:47:30,3949062634087486,晞和,[捂脸][捂脸][捂脸],[等级9],[粉丝团 Lv10]
2026-05-22 23:47:30,98200507751,赶路人,[捂脸][捂脸][捂脸][捂脸],[等级31],
2026-05-22 23:47:31,100060513007,梭,53发打得完吗,[等级4],[粉丝团 Lv3]
2026-05-22 23:47:32,4233546532927219,🉑🈶🉑🈚,[捂脸][尬笑][捂脸][尬笑],[等级20],[粉丝团 Lv10]
2026-05-22 23:47:33,1257437656002798,某某.,不好说哈哈哈哈,[等级34],[粉丝团:张君雅 Lv16]
2026-05-22 23:47:35,99358555138,66,[捂脸],[等级27],[粉丝团 Lv14]
2026-05-22 23:47:37,1948794942401459,卷毛狒狒,哟，猫居然没死，多后面瑟瑟发抖了吧,[等级4],
2026-05-22 23:47:38,71126905166,抖音小肋手,[捂脸][捂脸][捂脸][捂脸][捂脸],[等级11],[粉丝团 Lv10]
2026-05-22 23:47:38,4121397582897399,杜子腾,金牙姐,,
2026-05-22 23:47:38,3188207395813070,恭喜發財,马后炮[捂脸],[等级29],[粉丝团 Lv1]
2026-05-22 23:47:38,99882436761,，。。。。,[捂脸][捂脸][捂脸],[等级20],[粉丝团 Lv6]
2026-05-22 23:47:38,75403041537,平安就好,不好说[捂脸],[等级12],[粉丝团 Lv11]
2026-05-22 23:47:39,59260357003,✨罗某某✨,专嘎粉丝,[等级18],[粉丝团 Lv11]
2026-05-22 23:47:39,103746868274,时来运转,哈哈哈哈。不好说,[等级30],[粉丝团 Lv14]
2026-05-22 23:47:39,800075209256152,家里600头猪,[捂脸],,
2026-05-22 23:47:39,72230803868,是暖暖吖💕,不好说？,[等级18],[粉丝团 Lv11]
2026-05-22 23:47:40,72306900897,梁锋,打的就是粉丝,[等级24],[粉丝团 Lv15]
2026-05-22 23:47:41,82059622776,随心,[捂脸][捂脸],[等级5],[粉丝团 Lv7]
2026-05-22 23:47:42,110478212484,☞手心✋🏻☜,妹妹活了就行[呲牙],[等级14],[粉丝团 Lv11]
2026-05-22 23:47:43,95768798691,Mr.郭,张老黑心不黑,[等级15],
2026-05-22 23:47:43,72230803868,是暖暖吖💕,哈哈哈,[等级18],[粉丝团 Lv11]
2026-05-22 23:47:43,1746439265066476,凯子z,太假了[捂脸],[等级13],[粉丝团 Lv8]
2026-05-22 23:47:44,96529285287,@L_Y@⁵¹⁰⁷⁴₈₀₀₈,[大笑][衰],[等级43],[粉丝团:张君雅 Lv17]
2026-05-22 23:47:44,99882436761,，。。。。,[星星眼],[等级20],[粉丝团 Lv6]
2026-05-22 23:47:45,91666146753,燃,338没子弹了大哥,[等级9],
2026-05-22 23:47:46,67059694620,此用户存在,早说也不救,[等级33],[粉丝团 Lv16]
2026-05-22 23:47:47,104600621959,戒心,真香,[等级26],[粉丝团 Lv8]
2026-05-22 23:47:47,3900696958614151,忧愁,338都干么子弹了[捂脸],[等级33],[粉丝团 Lv10]
2026-05-22 23:47:47,96806701767,匆匆那年超,大号骂死你[捂脸],[等级4],
2026-05-22 23:47:48,932006486358487,君莫笑”,不救人的徒弟，,[等级11],[粉丝团 Lv5]
2026-05-22 23:47:54,4233546532927219,🉑🈶🉑🈚,搞的就是粉丝,[等级20],[粉丝团 Lv10]
2026-05-22 23:47:55,83060330543,锋,把老黑说惭愧了[捂脸][捂脸][捂脸][捂脸],[等级19],[粉丝团 Lv11]
2026-05-22 23:47:55,1143082023657198,聆听昨夜雨丶,换枪,[等级2],[粉丝团 Lv4]
2026-05-22 23:47:56,109881104951,372923,就是粉丝才不救你的[捂脸][捂脸][捂脸][捂脸],[等级3],
2026-05-22 23:47:57,102523761643,*晴天,这队有点凶猛,[等级18],[粉丝团 Lv13]
2026-05-22 23:47:57,3949062634087486,晞和,[泪奔][泪奔],[等级9],[粉丝团 Lv10]
2026-05-22 23:47:57,101487550960,𝑪𝒓𝒖𝒔𝒉.,[捂脸],[等级25],
2026-05-22 23:47:58,1722251030564731,💫.,那么多炮打的完吗？,[等级5],
2026-05-22 23:47:58,98238207128,田不甜。,50多大炮？,[等级13],
2026-05-22 23:47:59,4283296055037191,汉唐玉府,太摊了,[等级15],
2026-05-22 23:47:59,104949047941,蔚蓝海岸,老黑专杀粉丝,[等级34],[粉丝团 Lv11]
2026-05-22 23:48:00,111507224035,🐺,借口真多,[等级20],
2026-05-22 23:48:00,4383112373738923,蒜皮儿,1号咋也没了，不是救起来了嘛[捂脸],,
2026-05-22 23:48:01,1341059843757268,Vincent,@kivvvvvvv 平板的,[等级37],[粉丝团 Lv14]
2026-05-22 23:48:02,72787064272,叶叶叶,338没子弹了,[等级11],[粉丝团 Lv11]
2026-05-22 23:48:03,101137468166,地球上只有一个中国,没事没事，妹妹活着就好。,[等级7],
2026-05-22 23:48:03,223933154207331,YgTietnssgmexsn?,这乱的。救不了！别人骑马拉枪线也很快,[等级37],[粉丝团:张君雅 Lv16]
2026-05-22 23:48:04,2906743503860460,十二..,卖的就是粉丝[捂脸][捂脸][捂脸],[等级8],[粉丝团 Lv11]
2026-05-22 23:48:04,2365795517868014,҈҉҈҉҈҉҈҉҈҉҈҉ဗီူ⸜⸝ဗီူ,？,[等级10],[粉丝团 Lv1]
2026-05-22 23:48:05,694524552152752,呮浗逍滛亾迣簡,换个贾,[等级17],
2026-05-22 23:48:07,1367445777424910,Eucalyptus 🐸,58发大炮子弹,[等级24],[粉丝团 Lv14]
2026-05-22 23:48:09,80328102687,食人族美食家,哈哈哈哈哈哈哈，这反话说的有意思,[等级5],[粉丝团 Lv6]
2026-05-22 23:48:12,88287003261,鲨 鱼 辣 椒,狗砸,[等级5],
2026-05-22 23:48:12,102288335999,醉逍遥、,舔包不封烟不怕被偷吗,[等级6],
2026-05-22 23:48:13,109426800712,刷新,那四个包还没捡到。,[等级31],[粉丝团 Lv8]
2026-05-22 23:48:14,1015552308690253,🌈Mr梁,59发大炮,[等级10],[粉丝团 Lv8]
2026-05-22 23:48:16,91659634825,做个俗人，,338没子弹了,[等级23],[粉丝团 Lv3]
2026-05-22 23:48:20,4485648921408813,不锈钢五金打磨抛光耗材,[赞][赞],[等级12],[粉丝团 Lv8]
2026-05-22 23:48:23,4162095481363833,mrtang,打慢点，想加班吗？还有12分钟。,,
2026-05-22 23:48:27,68171781626,花辞树,@372923 到底是谁雇你们来的？一天多少钱呀,[等级24],[粉丝团 Lv11]
2026-05-22 23:48:27,99104010112,百花缭乱,对面包有狗砸,,
2026-05-22 23:48:28,102288335999,醉逍遥、,是不是知道附近没人了,[等级6],
2026-05-22 23:48:31,4485648921408813,不锈钢五金打磨抛光耗材,人机[捂脸][捂脸][捂脸],[等级12],[粉丝团 Lv8]
2026-05-22 23:48:31,95478955914,"辞忧,",在旁边,[等级28],[粉丝团 Lv4]
2026-05-22 23:48:37,101555374169,冉桒,汽车旁边,[等级20],[粉丝团 Lv3]
2026-05-22 23:48:43,22212740075,十五,冲锋狙吗,[等级14],[粉丝团 Lv11]
2026-05-22 23:48:53,67059694620,此用户存在,握草 真肥啊,[等级33],[粉丝团 Lv16]
2026-05-22 23:48:55,694524552152752,呮浗逍滛亾迣簡,68,[等级17],
2026-05-22 23:48:56,58663152049,疾风亦有归途,68。。,[等级26],
2026-05-22 23:48:59,1783835815839257,藰先森,毒气弹也舒服,[等级33],
2026-05-22 23:48:59,2330588968395416,贝塔β,肥死了[捂脸],[等级25],[粉丝团 Lv14]
2026-05-22 23:49:00,104634432640,Henry Harrison Lewis,用狙吃鸡,[等级4],[粉丝团 Lv1]
2026-05-22 23:49:01,394066738296170,红尘过客,你可真贪,,
2026-05-22 23:49:01,3450691163533582,随便01,饱和式打击,[等级14],[粉丝团 Lv11]
2026-05-22 23:49:02,263505859580797,· Abyss,六十多发我的天,[等级21],[粉丝团 Lv6]
2026-05-22 23:49:04,3913913666903720,太阳☀,68发[赞],[等级41],[粉丝团 Lv13]
2026-05-22 23:49:05,4433688919815223,玖绊,大炮当步枪打了可以,[等级29],[粉丝团 Lv13]
2026-05-22 23:49:06,57054569837,CC,该出4级包了,[等级15],[粉丝团 Lv3]
2026-05-22 23:49:10,22427635817662,凯俐俐,老黑 和a妹匹配一局呗,[等级10],[粉丝团 Lv10]
2026-05-22 23:49:10,3967481098810589,朝暮²⁷⁷,冲锋炮[捂脸][捂脸][捂脸],[等级31],
2026-05-22 23:49:10,4233546532927219,🉑🈶🉑🈚,老妹[捂脸],[等级20],[粉丝团 Lv10]
2026-05-22 23:49:11,111379075837,小鱼乀,太贪了,,
2026-05-22 23:49:14,88287003261,鲨 鱼 辣 椒,当步枪,[等级5],
2026-05-22 23:49:16,1015552308690253,🌈Mr梁,68发不分出来吗,[等级10],[粉丝团 Lv8]
2026-05-22 23:49:18,100515465222,✨甜憨憨吖🌈,76发够了,[等级8],[粉丝团 Lv4]
2026-05-22 23:49:20,72021972089,遗忘的角落,现在S50跟大炮的子弹是一样的吗？,,
2026-05-22 23:49:21,54421526629,🌈猫,没人了，这么多大炮子弹干什么？,[等级26],[粉丝团 Lv11]
2026-05-22 23:49:23,97209516129,333,老黑晚上好,[等级14],
2026-05-22 23:49:25,75972540883,毛毛                ╰╮,大炮太多了,[等级23],[粉丝团 Lv10]
2026-05-22 23:49:26,91666146753,燃,ads,[等级9],
2026-05-22 23:49:27,116989961990570,喜欢一个人,大炮子弹太多了,[等级12],[粉丝团 Lv10]
2026-05-22 23:49:28,1733297090883171,OK谢谢,68打15个人一个人四发,[等级16],[粉丝团 Lv3]
2026-05-22 23:49:28,3180387609,初见时，我在哪。,十几个人，60多发大炮子弹,[等级10],
2026-05-22 23:49:29,21618236066215,这是甚么？,70发大炮,[等级10],
2026-05-22 23:49:29,3544449118126824,爱吃醋的李,大炮子弹多了,[等级25],[粉丝团 Lv11]
2026-05-22 23:49:29,83435758159,呆呆呆。,ads,[等级19],
2026-05-22 23:49:30,68445399838,耀辰,大炮子弹太多了,[等级31],[粉丝团 Lv9]
2026-05-22 23:49:30,3900696958614151,忧愁,你二个Ads,[等级33],[粉丝团 Lv10]
2026-05-22 23:49:30,68446860711,杯酒敬月光,60发,[等级1],
2026-05-22 23:49:30,105389689119,王海峰,六级包,[等级5],[粉丝团 Lv6]
2026-05-22 23:49:30,2419370855769710,随便逛逛,@醉逍遥、 附近掩体载具都没了，哪里还有人[捂脸],[等级17],[粉丝团 Lv7]
2026-05-22 23:49:30,394066738296170,红尘过客,大炮子弹重,,
2026-05-22 23:49:30,1257437656002798,某某.,好纠结啊,[等级34],[粉丝团:张君雅 Lv16]
2026-05-22 23:49:31,64503972314,六月H,要那么多大炮子弹干啥,[等级21],
2026-05-22 23:49:31,99229601776,♋︎➹➹小菜鸟➷➷♋︎,大炮子弹太多了,[等级17],[粉丝团 Lv12]
2026-05-22 23:49:32,100094929665,折耳根拌饭,60多发大炮子弹,[等级15],
2026-05-22 23:49:34,88312588832,🌈 𝗠𝗮𝗸𝗮𝗯𝗮𝗸𝗮。,大炮子弹太多了[捂脸],[等级8],[粉丝团 Lv8]
2026-05-22 23:49:34,4288557651071192,上头Elio,平底锅丢了,[等级29],
2026-05-22 23:49:34,2274247923467549,知遇👣,@十二.. 有时候必须要卖救人要看情况,[等级24],[粉丝团 Lv10]
2026-05-22 23:49:35,2223691280683193,自旋风少女之后凌晨的街道突然出现一架钢琴,我去,[等级10],[粉丝团 Lv3]
2026-05-22 23:49:36,76633062383,🌈🌈蓝予,ads账背包,[等级9],[粉丝团 Lv2]
2026-05-22 23:49:36,77513592860,懵悻,68发用的完吗[捂脸],[等级7],
2026-05-22 23:49:36,59252253998,城南花已败。,大炮子弹很大,[等级25],
2026-05-22 23:49:36,109109492047,z浩哥,大炮子弹,[等级7],
2026-05-22 23:49:36,1015552308690253,🌈Mr梁,大炮子弹啊,[等级10],[粉丝团 Lv8]
2026-05-22 23:49:37,68689644015,无边界.🎀,大炮子弹太多了,[等级14],[粉丝团 Lv10]
2026-05-22 23:49:37,101137949638,知音觅夏,大炮子弹要一百发[捂脸],[等级7],
2026-05-22 23:49:38,88287003261,鲨 鱼 辣 椒,当步枪,[等级5],
2026-05-22 23:49:38,71983688442,🌹99,打不完打不完,[等级15],[粉丝团 Lv11]
2026-05-22 23:49:38,1556555157474350,🌈🌈小宝888888,68发大炮,[等级18],
2026-05-22 23:49:39,53617735581,珊珊.,狙的丢20出来啊,[等级19],[粉丝团 Lv4]
2026-05-22 23:49:39,2223691280683193,自旋风少女之后凌晨的街道突然出现一架钢琴,68 个,[等级10],[粉丝团 Lv3]
2026-05-22 23:49:39,2228051123372432,你睿,给你来个10级背包才够,[等级7],[粉丝团 Lv10]
2026-05-22 23:49:40,94460834887,山城翩翩客,人都没了,[等级25],[粉丝团 Lv13]
2026-05-22 23:49:40,93014642999,🌈南山楠,人都没几个了捡那么多杂子[捂脸],[等级12],[粉丝团 Lv10]
2026-05-22 23:49:42,72222983810,宝神,用不完根本用不完[捂脸],[等级37],[粉丝团 Lv12]
2026-05-22 23:49:42,95478679342,￥_blue﹋,大炮留个一半都够了,[等级24],[粉丝团 Lv15]
2026-05-22 23:49:43,67713489476,-_-,大炮子弹,[等级2],
2026-05-22 23:49:43,105633835483,醉卧沙场君莫笑,丢一半,[等级27],[粉丝团 Lv16]
2026-05-22 23:49:44,72475002581,嗨☞元宝,60多发[捂脸],[等级13],[粉丝团 Lv8]
2026-05-22 23:49:44,76633062383,🌈🌈蓝予,三个ads,[等级9],[粉丝团 Lv2]
2026-05-22 23:49:45,86748961416,♥,那么多拿来干什么？  打队友啊我,[等级17],
2026-05-22 23:49:45,4410845128828888,地狱小魔,冲锋狙[看],[等级25],[粉丝团 Lv11]
2026-05-22 23:49:45,4162095481363833,mrtang,打慢点站点好下班,,
2026-05-22 23:49:46,954832899805223,iODnGlk,68发打不完了,[等级18],[粉丝团 Lv2]
2026-05-22 23:49:46,3954312606928571,...irty～～,人都没有你炮子弹多,[等级12],
2026-05-22 23:49:47,4503699279715189,落叶孤烟,两个ADS    大炮子弹，都比较占地方,[等级7],[粉丝团 Lv6]
2026-05-22 23:49:47,85129581339,刺,大炮吓死敌人,[等级6],
2026-05-22 23:49:47,1015552308690253,🌈Mr梁,😂😂😂,[等级10],[粉丝团 Lv8]
2026-05-22 23:49:48,109464339818,李²³³³,68发不站背包吗？,[等级6],[粉丝团 Lv2]
2026-05-22 23:49:48,3204395967192526,ꪝ,ADS占背包,[等级9],
2026-05-22 23:49:48,3967481098810589,朝暮²⁷⁷,还问，68发还说捡啥了[捂脸][尬笑][尬笑][尬笑],[等级31],
2026-05-22 23:49:49,72021972089,遗忘的角落,S50跟大炮的子弹一样吗？,,
2026-05-22 23:49:49,111379075837,小鱼乀,贪,,
2026-05-22 23:49:50,109407680406,想不到,执念,,
2026-05-22 23:49:51,72683780491,兵哥,背包小了,[等级39],[粉丝团 Lv15]
2026-05-22 23:49:52,110738884421,ぃ 流年┈━═☆,用不了也舍不得丢,[等级15],[粉丝团 Lv10]
2026-05-22 23:49:52,70216190964,万国觉醒-582,老黑一点打不打,[等级3],
2026-05-22 23:49:52,3148612807181438,肉肉朝,总共就15个人了拿那么多子弹[捂脸],[等级11],[粉丝团 Lv11]
2026-05-22 23:49:53,67059694620,此用户存在,剩下15人 每人都得挨几发大炮,[等级33],[粉丝团 Lv16]
2026-05-22 23:49:53,3768747051197725,西瓜哥,把狗砸丢了。就一把大炮吃鸡,[等级31],[粉丝团 Lv10]
2026-05-22 23:49:54,109424540855,¹₃¹₄ ᥫᩣ ⁵²º ·丹༉,当步枪打[捂脸][捂脸][捂脸],[等级5],[粉丝团 Lv8]
2026-05-22 23:49:55,66299206533,✎﹏ℳღ᭄ꦿ暖ℒℴѵℯ阳,68发打十五个，用得着吗,[等级7],
2026-05-22 23:49:55,2234638754122687,🌈迷,68发可以打平安县城了,[等级20],[粉丝团 Lv6]
2026-05-22 23:49:55,1245094366428535,紧固（中国）,大炮当步枪用吧,,
2026-05-22 23:49:55,86748961416,♥,他可能要打队友,[等级17],
2026-05-22 23:49:56,103442798670,夜...dz,10级包都能装满,[等级14],[粉丝团 Lv11]
2026-05-22 23:49:57,2172229561625960,好嗨哟,拿三十发够了[捂脸]人不多了,[等级25],[粉丝团 Lv13]
2026-05-22 23:49:58,1367445777424910,Eucalyptus 🐸,一人四发,[等级24],[粉丝团 Lv14]
2026-05-22 23:49:59,954832899805223,iODnGlk,30发就够了,[等级18],[粉丝团 Lv2]
2026-05-22 23:49:59,110882406046,邱朝歌,十五个人了  你捡那么多大炮子弹干啥[捂脸][捂脸],[等级14],
2026-05-22 23:49:59,22212740075,十五,那么多，拿来狙🐴？,[等级14],[粉丝团 Lv11]
2026-05-22 23:50:00,81982031673,🌈泽大v,故意拖时间，不知道吗,[等级30],[粉丝团 Lv6]
2026-05-22 23:50:04,92482468210,- 岁月苍白，人颜老,四别，睡觉勒,[等级5],
2026-05-22 23:50:05,103917656613,水浅王八多,路过的狗都要挨一枪[捂脸],[等级25],
2026-05-22 23:50:08,1341827589088227,北纬46°度,15个都用大炮，也用不了68发,[等级14],[粉丝团 Lv8]
2026-05-22 23:50:09,81982031673,🌈泽大v,故意拖时间,[等级30],[粉丝团 Lv6]
2026-05-22 23:50:14,96767790783,邹邹睡不醒👁 ܫ 👁,大炮可以卸车卸马了[捂脸],[等级20],
2026-05-22 23:50:16,3967460842678013,汇兴隆-小刘,淘汰王那队，肯定厉害嘛,[等级7],
2026-05-22 23:50:18,1036166310396970,墨染孤秋,人家也是淘汰王,,
2026-05-22 23:50:35,92461848227,煜,牛牛牛,[等级13],[粉丝团 Lv12]
2026-05-22 23:50:37,60734799875,张_,牛逼,[等级19],[粉丝团 Lv5]
2026-05-22 23:50:38,71126905166,抖音小肋手,牛逼,[等级11],[粉丝团 Lv10]
2026-05-22 23:50:38,2007084944330340,陈不住气的,6666,[等级9],[粉丝团 Lv2]
2026-05-22 23:50:38,95442492567,破浪,[捂脸][捂脸],[等级29],[粉丝团 Lv12]
2026-05-22 23:50:39,1621095424991404,尘❤️心,666666,[等级11],
2026-05-22 23:50:39,96529285287,@L_Y@⁵¹⁰⁷⁴₈₀₀₈,漂亮,[等级43],[粉丝团:张君雅 Lv17]
2026-05-22 23:50:40,70238291375,𝐉𝐤•     🕊️,[尬笑][黑脸][尬笑][黑脸][尬笑][黑脸],[等级16],[粉丝团 Lv10]
2026-05-22 23:50:40,71126905166,抖音小肋手,6666,[等级11],[粉丝团 Lv10]
2026-05-22 23:50:40,2172229561625960,好嗨哟,老黑想表演冲锋狙,[等级25],[粉丝团 Lv13]
2026-05-22 23:50:40,757999398304339,🍁,?,[等级4],
2026-05-22 23:50:41,102834530048,我有一只猴子,666,[等级9],
2026-05-22 23:50:42,88542161422,小勇😀,姜子牙牛逼,[等级20],[粉丝团 Lv11]
2026-05-22 23:50:43,58195624039,涂涂粑粑,6666,[等级12],[粉丝团 Lv2]
2026-05-22 23:50:43,1785222552356347,回望过去,牛啊,[等级26],[粉丝团 Lv11]
2026-05-22 23:50:44,66873200785,岁岁平安,牛笔,[等级3],
2026-05-22 23:50:44,770087998721191,占卜师,牛,[等级15],[粉丝团 Lv13]
2026-05-22 23:50:44,7442219576371364922,一撇一捺默写牵挂²⁰²⁶₈₈₈,还得是大炮,[等级30],
2026-05-22 23:50:44,99372859314,启  夏,666,[等级25],[粉丝团 Lv15]
2026-05-22 23:50:45,2515331991211789,jiojio 牌惠灵顿,牛逼,[等级22],[粉丝团 Lv10]
2026-05-22 23:50:46,54655899191,啊月,666666,[等级7],
2026-05-22 23:50:47,1946571617870458,離影⁵¹⁰⁷⁴,[鼓掌][鼓掌][鼓掌][鼓掌][鼓掌],[等级25],[粉丝团 Lv14]
2026-05-22 23:50:47,105663681612,Alby,开挂了吧,[等级22],
2026-05-22 23:50:47,4503658257446344,🥐cornetto,？,[等级41],[粉丝团 Lv7]
2026-05-22 23:50:47,2686843519503508,Tron,主播主播，可以和六赛季榜一联动一把嘛,[等级15],
2026-05-22 23:50:48,61088081565,精彩人生,牛逼牛逼[鼓掌][鼓掌][鼓掌],[等级20],[粉丝团 Lv13]
2026-05-22 23:50:49,77370919243,干饭萝,老黑真黑啊,[等级26],[粉丝团 Lv10]
2026-05-22 23:50:49,102834530048,我有一只猴子,还得是大炮,[等级9],
2026-05-22 23:50:50,105715109318,莫待花落空折枝🍀,[给力],[等级1],
2026-05-22 23:50:50,800094222813292,差生没文具,[看][看]这下知道大炮子弹要干嘛了,[等级21],[粉丝团 Lv12]
2026-05-22 23:50:51,7529172901003691068,关二爷,残暴张,[等级27],
2026-05-22 23:50:51,429269617747628,澜图,帅的一批,[等级21],
2026-05-22 23:50:51,96299408275,l,牛,[等级18],
2026-05-22 23:50:51,96699096496,..........,666666666666666666666666666666666,[等级5],
2026-05-22 23:50:52,3913913666903720,太阳☀,牛逼，大炮子弹多就是任性,[等级41],[粉丝团 Lv13]
2026-05-22 23:50:53,83926990059,薛啊谦（11.3成都登船版）,牛逼,[等级15],[粉丝团 Lv1]
2026-05-22 23:50:53,84831175590,柒月,这狙,[等级35],[粉丝团 Lv6]
2026-05-22 23:50:55,4393279042358779,呆瓜,快点耻辱下班。再加班吧。,[等级26],
2026-05-22 23:50:56,111503722645,🐘毛十八🐘,666,[等级20],[粉丝团 Lv3]
2026-05-22 23:50:56,4178619743347844,张君雅（粉粉）,太厉害了吧,[等级12],[粉丝团 Lv6]
2026-05-22 23:50:56,92861533806,🌈Gspecialc,还想吃鸡悄悄滴,[等级14],[粉丝团 Lv5]
2026-05-22 23:50:56,248944082292456,牧童带我骑黄牛,这大炮有力气,[等级12],
2026-05-22 23:50:58,786845365713623,ℒℴѵℯ王💘我怀里跑ꦿ࿐,这手法学不来[捂脸],[等级48],
2026-05-22 23:50:59,4429299420504542,（!!!）,大炮感觉被削了,[等级2],
2026-05-22 23:51:01,4162095481363833,mrtang,先等一下，还有10分钟,,
2026-05-22 23:51:05,4312762483477248,村里有个姑娘叫小芳,海岛悍妇说别人好凶[捂脸],[等级3],[粉丝团 Lv3]
2026-05-22 23:51:10,1090352315900115,阿星,@Alby 没开  是没有关[捂脸],[等级22],[粉丝团 Lv5]
2026-05-22 23:51:11,59252253998,城南花已败。,哈哈哈,[等级25],
2026-05-22 23:51:12,1025191092168221,勋,哈哈哈,[等级22],
2026-05-22 23:51:12,97915842097,大    王,这娘们真凶,[等级8],
2026-05-22 23:51:13,88757268529,张小狮,[捂脸][捂脸][捂脸][捂脸][捂脸],[等级11],[粉丝团 Lv11]
2026-05-22 23:51:13,3232191808278920,植物猟人,2万？,[等级5],
2026-05-22 23:51:13,83536529771,🤨,[捂脸][捂脸][捂脸],[等级30],
2026-05-22 23:51:13,92461848227,煜,[捂脸][捂脸][捂脸],[等级13],[粉丝团 Lv12]
2026-05-22 23:51:13,58663152049,疾风亦有归途,菊花,[等级26],
2026-05-22 23:51:14,68689644015,无边界.🎀,[捂脸][捂脸][捂脸],[等级14],[粉丝团 Lv10]
2026-05-22 23:51:14,101487550960,𝑪𝒓𝒖𝒔𝒉.,[捂脸],[等级25],
2026-05-22 23:51:14,93014642999,🌈南山楠,哈哈哈,[等级12],[粉丝团 Lv10]
2026-05-22 23:51:14,1238490014025241,煲糊的粥,？,[等级6],[粉丝团 Lv3]
2026-05-22 23:51:14,13060129382,薯条搭配土豆泥,[捂脸][捂脸][捂脸],[等级32],[粉丝团 Lv12]
2026-05-22 23:51:15,99229601776,♋︎➹➹小菜鸟➷➷♋︎,[尬笑][尬笑][尬笑],[等级17],[粉丝团 Lv12]
2026-05-22 23:51:15,104063002363,AA😊,[捂脸][捂脸],[等级24],[粉丝团 Lv10]
2026-05-22 23:51:15,3590333910748619,鱼丸子头,@知遇👣 @,,
2026-05-22 23:51:15,93298324846,101,？？,[等级22],[粉丝团 Lv12]
2026-05-22 23:51:15,62515175166,别趣友,？,[等级35],[粉丝团 Lv13]
2026-05-22 23:51:15,2009563192628787,木易,[捂脸][捂脸][捂脸],[等级10],[粉丝团 Lv8]
2026-05-22 23:51:15,1341059843757268,Vincent,[捂脸][捂脸][捂脸],[等级37],[粉丝团 Lv14]
2026-05-22 23:51:15,50913653291,无名指,[捂脸][捂脸],[等级8],
2026-05-22 23:51:16,1415768448701549,上不了岸的猫🐱,[捂脸][捂脸],[等级26],[粉丝团 Lv15]
2026-05-22 23:51:16,792061057970573,曲终散ꦿ,[捂脸][捂脸][捂脸],[等级20],[粉丝团 Lv10]
2026-05-22 23:51:16,2330588968395416,贝塔β,[捂脸][捂脸][捂脸],[等级25],[粉丝团 Lv14]
2026-05-22 23:51:16,96769891445,人间小叔子,哈哈哈,[等级31],[粉丝团 Lv15]
2026-05-22 23:51:17,96594768645,杨大棍,菊花,[等级40],
2026-05-22 23:51:17,1596141804983624,桃桃纸&,[捂脸][捂脸],[等级11],[粉丝团 Lv11]
2026-05-22 23:51:17,58167339960,-Ash,？,[等级18],[粉丝团 Lv10]
2026-05-22 23:51:17,3069462536257784,错过今生，谈何来世,[捂脸][捂脸],[等级14],
2026-05-22 23:51:17,2528464736617099,小卫,？,[等级4],
2026-05-22 23:51:17,63781359567,Faye菲儿,哈哈哈[捂脸]笑死了,[等级20],[粉丝团 Lv11]
2026-05-22 23:51:17,3544449118126824,爱吃醋的李,什么虎狼之词,[等级25],[粉丝团 Lv11]
2026-05-22 23:51:17,98200507751,赶路人,[捂脸][捂脸][捂脸][捂脸],[等级31],
2026-05-22 23:51:17,1512542077459805,记得晒太阳,[捂脸],[等级18],[粉丝团 Lv9]
2026-05-22 23:51:17,1238490014025241,煲糊的粥,？,[等级6],[粉丝团 Lv3]
2026-05-22 23:51:18,2103821367518745,Aaa_燕,菊花[捂脸][捂脸][捂脸],[等级11],[粉丝团 Lv5]
2026-05-22 23:51:18,1925946394542558,bond,？,[等级20],
2026-05-22 23:51:18,99247846363,海仔,哈哈[捂脸][捂脸][捂脸],[等级23],[粉丝团 Lv13]
2026-05-22 23:51:19,58590758249,希顿斯,[捂脸][捂脸][捂脸],[等级16],
2026-05-22 23:51:19,76947654559,L..,哈哈[捂脸],[等级17],[粉丝团 Lv11]
2026-05-22 23:51:19,3949062634087486,晞和,[捂脸][捂脸],[等级9],[粉丝团 Lv10]
2026-05-22 23:51:19,94621081467,雨踏歌行.,啥？,[等级20],[粉丝团 Lv15]
2026-05-22 23:51:19,84187662606,一世奢华,哈哈这一天,[等级18],[粉丝团 Lv4]
2026-05-22 23:51:19,93168870476,S,666,[等级17],
2026-05-22 23:51:19,2154655729849639,左手の智,[捂脸][捂脸][捂脸],[等级18],[粉丝团 Lv11]
2026-05-22 23:51:19,96299408275,l,哈哈,[等级18],
2026-05-22 23:51:19,96806701767,匆匆那年超,在那跳舞呢[捂脸][捂脸],[等级4],
2026-05-22 23:51:19,101014095269,1106225386,[捂脸][捂脸][捂脸],[等级17],[粉丝团 Lv6]
2026-05-22 23:51:20,7320331931,璃,他还在那跳舞呢[捂脸],[等级12],[粉丝团 Lv11]
2026-05-22 23:51:20,3835516657862510,hello,[捂脸][捂脸][捂脸],[等级21],[粉丝团 Lv6]
2026-05-22 23:51:20,3557665193860644,梅钞疯 󰠇,[捂脸][捂脸][捂脸][捂脸][捂脸],[等级20],[粉丝团 Lv12]
2026-05-22 23:51:20,93298324846,101,？？？,[等级22],[粉丝团 Lv12]
2026-05-22 23:51:20,109336122589,♛,[捂脸][捂脸][捂脸],[等级7],
2026-05-22 23:51:20,76786388221,🌈 海龍_,[捂脸][捂脸],[等级24],[粉丝团 Lv11]
2026-05-22 23:51:21,78059150710,oiiaioooooiai,[捂脸][捂脸][捂脸],[等级2],
2026-05-22 23:51:21,3544449118126824,爱吃醋的李,啊,[等级25],[粉丝团 Lv11]
2026-05-22 23:51:21,1807239114666904,·喵了个咪,[捂脸][捂脸][捂脸],[等级20],[粉丝团 Lv15]
2026-05-22 23:51:21,3526854847509232,九命,哈哈哈[捂脸],[等级19],
2026-05-22 23:51:21,1785222552356347,回望过去,哈哈[捂脸],[等级26],[粉丝团 Lv11]
2026-05-22 23:51:22,84490052193,阿明amr,[捂脸][捂脸][捂脸],[等级18],[粉丝团 Lv1]
2026-05-22 23:51:22,83536529771,🤨,菊花[捂脸][捂脸][捂脸],[等级30],
2026-05-22 23:51:22,2374557380392285,雪花。,菊花？,[等级3],[粉丝团 Lv4]
2026-05-22 23:51:22,2581260324579916,忧郁的小猫咪,菊花[捂脸][捂脸][捂脸],[等级19],[粉丝团 Lv11]
2026-05-22 23:51:23,62478708649,逼上梁山先生,菊花[捂脸][捂脸][捂脸][捂脸][捂脸][捂脸],[等级17],
2026-05-22 23:51:23,534784764030155,林时工,[呲牙][呲牙][呲牙][呲牙],[等级29],[粉丝团 Lv11]
2026-05-22 23:51:23,72179010645,✨三十六,打信号枪,[等级25],[粉丝团 Lv10]
2026-05-22 23:51:23,2722013630699155,做足疗的小伙,打菊花[捂脸],[等级16],[粉丝团 Lv11]
2026-05-22 23:51:24,3967481098810589,朝暮²⁷⁷,张嘴就来。。。,[等级31],
2026-05-22 23:51:24,62260011684,火线影视,菊花[捂脸][捂脸][捂脸],[等级20],
2026-05-22 23:51:25,59623180217,野格,哈哈哈哈哈 菊花,[等级15],[粉丝团 Lv12]
2026-05-22 23:51:25,159860458261388,观云舞,[捂脸][捂脸],[等级26],[粉丝团 Lv10]
2026-05-22 23:51:25,539206085509316,天一                 道,什么虎狼之词[捂脸],[等级17],[粉丝团 Lv14]
2026-05-22 23:51:25,1170328280633924,小黎,[捂脸][捂脸][捂脸],[等级18],[粉丝团 Lv8]
2026-05-22 23:51:25,96066064066,领导拉裤兜了,菊花[捂脸],[等级14],
2026-05-22 23:51:25,101649879788,方老头了👴,？,[等级9],
2026-05-22 23:51:25,2181026330191848,yIng2h0vlI,[捂脸][捂脸][捂脸][捂脸][捂脸][捂脸][捂脸]菊花,[等级9],[粉丝团 Lv5]
2026-05-22 23:51:25,101014095269,1106225386,菊花[捂脸],[等级17],[粉丝团 Lv6]
2026-05-22 23:51:25,68649931396,？？,？,[等级7],
2026-05-22 23:51:26,351432915293920,Fang*,[捂脸][捂脸],[等级1],
2026-05-22 23:51:26,69077495184,尓    東,张老黑真牛批,[等级25],[粉丝团 Lv10]
2026-05-22 23:51:27,394079141639065,P90,？,[等级2],[粉丝团 Lv2]
2026-05-22 23:51:27,303105616916564,星雨、,？？,[等级3],
2026-05-22 23:51:27,51894721128,十亿战神尊魂幡,[捂脸][捂脸],[等级20],[粉丝团 Lv1]
2026-05-22 23:51:27,96529285287,@L_Y@⁵¹⁰⁷⁴₈₀₀₈,哈哈哈,[等级43],[粉丝团:张君雅 Lv17]
2026-05-22 23:51:28,88588629487,LQS,菊花，菊花,[等级12],[粉丝团 Lv5]
2026-05-22 23:51:28,110961011703,@@,[捂脸][捂脸],[等级28],[粉丝团 Lv13]
2026-05-22 23:51:28,466670364393783,袖下敛青川,[捂脸][捂脸][捂脸][捂脸],[等级14],[粉丝团 Lv2]
2026-05-22 23:51:29,3544449118126824,爱吃醋的李,这就脱口而出了,[等级25],[粉丝团 Lv11]
2026-05-22 23:51:29,223912175602243,小鱼仔,这么多子弹,[等级17],
2026-05-22 23:51:29,110284079416,芝芝,[捂脸],[等级20],[粉丝团 Lv10]
2026-05-22 23:51:29,96769891445,人间小叔子,[捂脸][捂脸][捂脸],[等级31],[粉丝团 Lv15]
2026-05-22 23:51:30,4160147679884094,A-0,[捂脸],[等级17],
2026-05-22 23:51:30,109886789309,✨️larkspur_tang⁵¹⁰⁷⁴,[捂脸][捂脸],[等级31],[粉丝团 Lv16]
2026-05-22 23:51:30,57795061985,ㅤㅤ 　ㅤㅤㅤㅤ,[捂脸][捂脸][捂脸],[等级9],[粉丝团 Lv9]
2026-05-22 23:51:30,83157538837,萌萌爸,[捂脸],[等级4],[粉丝团 Lv9]
2026-05-22 23:51:30,103140950091,薄底披萨,[捂脸][捂脸],[等级4],
2026-05-22 23:51:31,1313284358672692,广联达建模（王）,[泪奔][黑脸][泪奔][黑脸][泪奔][黑脸],[等级16],[粉丝团 Lv7]
2026-05-22 23:51:31,92693999494,Mia🍊,哈哈哈哈[捂脸],[等级18],[粉丝团 Lv12]
2026-05-22 23:51:32,96176011847,*沐清风..,[捂脸][捂脸][捂脸],[等级12],[粉丝团 Lv4]
2026-05-22 23:51:32,84546284004,阿君君、,[捂脸],[等级13],[粉丝团 Lv8]
2026-05-22 23:51:32,96767790783,邹邹睡不醒👁 ܫ 👁,正中靶心[捂脸],[等级20],
2026-05-22 23:51:33,4503658257446344,🥐cornetto,菊花？,[等级41],[粉丝团 Lv7]
2026-05-22 23:51:33,99104010112,百花缭乱,老黑果然是老黑,,
2026-05-22 23:51:34,62592740114,还是薄情点好,[捂脸],[等级8],[粉丝团 Lv10]
2026-05-22 23:51:34,95442492567,破浪,套他猴子,[等级29],[粉丝团 Lv12]
2026-05-22 23:51:34,663746325775534,✨ཉི༗雨后天晴✨ཉི,[捂脸][捂脸][捂脸],[等级25],[粉丝团 Lv11]
2026-05-22 23:51:34,892413678724877,厌遇,哈哈哈哈哈[捂脸][黑脸][捂脸][黑脸],[等级24],[粉丝团 Lv7]
2026-05-22 23:51:34,85166884780,💫ꦿ启ꦿᮨ້໌້໌ᮨᩚ程໑ຼₒ໑ຼ₆࿐,[捂脸][捂脸][捂脸][捂脸][捂脸],[等级13],[粉丝团 Lv5]
2026-05-22 23:51:34,3544449118126824,爱吃醋的李,虎狼之词,[等级25],[粉丝团 Lv11]
2026-05-22 23:51:34,792061057970573,曲终散ꦿ,满口虎狼之词,[等级20],[粉丝团 Lv10]
2026-05-22 23:51:36,15290091118,一剑寒霜,[捂脸][捂脸],[等级7],
2026-05-22 23:51:36,68154507666,一骑绝✪尘,人家打信号枪,[等级18],
2026-05-22 23:51:36,62802767094,小二黑,命门,[等级6],
2026-05-22 23:51:36,59121284288,张君雅的绯闻男友,@曲终散ꦿ 你在呢,[等级24],[粉丝团 Lv12]
2026-05-22 23:51:36,2647263760640927,perfect.,6,[等级14],
2026-05-22 23:51:37,1689329904654509,仔⁸ 仔⁸,泼辣娘们[比心],[等级10],[粉丝团 Lv7]
2026-05-22 23:51:37,739352314124716,讨厌麻烦事。,哈哈,,
2026-05-22 23:51:37,99882436761,，。。。。,[赞][赞],[等级20],[粉丝团 Lv6]
2026-05-22 23:51:37,800075209256152,家里600头猪,[捂脸][捂脸][捂脸],,
2026-05-22 23:51:38,67059694620,此用户存在,[666][666][666][666],[等级33],[粉丝团 Lv16]
2026-05-22 23:51:38,993571187736253,柒颜,这是能播的,[等级17],[粉丝团 Lv6]
2026-05-22 23:51:38,104682019976,Ä迷茫ë♽,菊花[色],[等级9],
2026-05-22 23:51:38,59591607129,用户1228,[捂脸][捂脸],[等级21],[粉丝团 Lv4]
2026-05-22 23:51:38,618386101382656,灵魂契合,还得是成都,[等级19],[粉丝团 Lv5]
2026-05-22 23:51:38,466670364393783,袖下敛青川,说啥你[捂脸][捂脸],[等级14],[粉丝团 Lv2]
2026-05-22 23:51:38,4366893136743192,Y.     -,[捂脸],[等级29],
2026-05-22 23:51:38,63781359567,Faye菲儿,哈哈哈,[等级20],[粉丝团 Lv11]
2026-05-22 23:51:39,62592740114,还是薄情点好,过分,[等级8],[粉丝团 Lv10]
2026-05-22 23:51:40,72481359806,歲歲金安,这娘们啥也懂啊[捂脸][捂脸][捂脸][赞][赞][赞][赞],[等级16],
2026-05-22 23:51:41,72557280920,拾月.Fifteen,哈哈,[等级13],[粉丝团 Lv5]
2026-05-22 23:51:42,3544449118126824,爱吃醋的李,笑死了,[等级25],[粉丝团 Lv11]
2026-05-22 23:51:42,3828953279114489,早上起床硬蹦蹦,菊花,,
2026-05-22 23:51:42,2894340403495591,阿朱228,[捂脸],[等级21],
2026-05-22 23:51:42,4180756022433475,用户4900675514966,[捂脸][捂脸][捂脸],,
2026-05-22 23:51:42,83536529771,🤨,哈哈哈哈[捂脸],[等级30],
2026-05-22 23:51:42,100515465222,✨甜憨憨吖🌈,卸载QQ,[等级8],[粉丝团 Lv4]
2026-05-22 23:51:42,99029196184,分不清大小王女士,痔疮给人家治好了[捂脸][捂脸][捂脸],[等级24],[粉丝团 Lv11]
2026-05-22 23:51:42,103080271781,金刚狼,你不应该骑马？你应该开一辆拉猪车才放的下你一千多发P90子弹和60多发大炮子弹,[等级13],[粉丝团 Lv11]
2026-05-22 23:51:42,71126905166,抖音小肋手,老黑说完想起来有妹妹[捂脸][捂脸][捂脸],[等级11],[粉丝团 Lv10]
2026-05-22 23:51:43,3606873558496464,是月亮呀,6666,[等级12],[粉丝团 Lv8]
2026-05-22 23:51:43,1991958038316940,我去,人家在哪玩狗，你打人家腚,[等级3],[粉丝团 Lv2]
2026-05-22 23:51:44,835280076017255,՞˶･֊･˶՞,太疼了,[等级15],
2026-05-22 23:51:44,87951688692,攻克,被掏肛了。,[等级21],
2026-05-22 23:51:44,98714916130,心碎_也完美、,@Alby 大炮打车需要开挂？你会不会玩,[等级11],[粉丝团 Lv9]
2026-05-22 23:51:44,4124967456746219,不⁴辣妹好烦.,666,[等级7],[粉丝团 Lv10]
2026-05-22 23:51:44,2194218401924542,祁岽,我开了一个星守护是不是不如会员？,[等级19],[粉丝团:张君雅 Lv11]
2026-05-22 23:51:44,88588629487,LQS,笑死老子了,[等级12],[粉丝团 Lv5]
2026-05-22 23:51:44,2848201860982147,幸运小狗,原来打屁股也这么疼,[等级4],
2026-05-22 23:51:45,3913913666903720,太阳☀,两万+,[等级41],[粉丝团 Lv13]
2026-05-22 23:51:45,2388585996092253,秋雨梧桐叶落时,菊花残，满地伤,[等级2],[粉丝团 Lv1]
2026-05-22 23:51:46,3230844355362416,方休,局花🌸,[等级29],
2026-05-22 23:51:46,4503658257446344,🥐cornetto,怎么就菊花了,[等级41],[粉丝团 Lv7]
2026-05-22 23:51:47,88108906847,Kim,说出来了 就别笑,[等级7],
2026-05-22 23:51:47,3544449118126824,爱吃醋的李,虎狼之词,[等级25],[粉丝团 Lv11]
2026-05-22 23:51:48,83536529771,🤨,哈哈哈哈哈,[等级30],
2026-05-22 23:51:48,58839994030,。徐安星,把车给他卡了吧,[等级25],[粉丝团 Lv7]
2026-05-22 23:51:48,792061057970573,曲终散ꦿ,@张君雅的绯闻男友 必须在,[等级20],[粉丝团 Lv10]
2026-05-22 23:51:49,448249880646383,梦魇三千,这娘们不是好人[捂脸],[等级16],[粉丝团 Lv11]
2026-05-22 23:51:49,59591607129,用户1228,哈哈哈[捂脸],[等级21],[粉丝团 Lv4]
2026-05-22 23:51:49,1667304587007815,Fade,外痔打成内痔,[等级8],
2026-05-22 23:51:50,954832899805223,iODnGlk,要害？,[等级18],[粉丝团 Lv2]
2026-05-22 23:51:50,2874564374432553,鑫尘不及你,多年的痔疮都被你治好了[捂脸][捂脸],[等级5],
2026-05-22 23:51:50,110882406046,邱朝歌,要害：还有我的事？？？,[等级14],
2026-05-22 23:51:50,1313284358672692,广联达建模（王）,痔疮都得打爆[泪奔][黑脸][泪奔][黑脸][泪奔][黑脸],[等级16],[粉丝团 Lv7]
2026-05-22 23:51:51,72419691347,🐯.  瑩瑩瑩,他跳个舞而已[呲牙][大笑],[等级14],
2026-05-22 23:51:51,107987446652,7099,局部地区,[等级15],[粉丝团 Lv11]
2026-05-22 23:51:52,4433688919815223,玖绊,穿肠而过,[等级29],[粉丝团 Lv13]
2026-05-22 23:51:53,93298324846,101,脱口而出,[等级22],[粉丝团 Lv12]
2026-05-22 23:51:55,3544449118126824,爱吃醋的李,脱口而出,[等级25],[粉丝团 Lv11]
2026-05-22 23:51:56,105389689119,王海峰,还能打一把，快快快,[等级5],[粉丝团 Lv6]
2026-05-22 23:51:56,3463931270797424,King.,矜持一点,[等级21],
2026-05-22 23:51:56,1754462288091704,狱豻,那么多子弹卸车呀,[等级1],
2026-05-22 23:51:56,2612872422628344,@谁能明白我,卸载QQ,[等级40],
2026-05-22 23:51:56,891042947927780,图图图,腰子都给打细碎了,,
2026-05-22 23:51:58,87951688692,攻克,肛肠科主任。就是你。,[等级21],
2026-05-22 23:51:59,69638413755,聆听者,一言不合就上高速,[等级24],[粉丝团 Lv8]
2026-05-22 23:52:03,116989961990570,喜欢一个人,[捂脸][捂脸][捂脸],[等级12],[粉丝团 Lv10]
2026-05-22 23:52:03,2075475265456711,长风夜壶,什么头也是头？,,
2026-05-22 23:52:03,2172229561625960,好嗨哟,这笑声真开心[捂脸][捂脸],[等级25],[粉丝团 Lv13]
2026-05-22 23:52:04,102523761643,*晴天,屎都打出来了[捂脸],[等级18],[粉丝团 Lv13]
2026-05-22 23:52:04,59121284288,张君雅的绯闻男友,@曲终散ꦿ [赞],[等级24],[粉丝团 Lv12]
2026-05-22 23:52:05,1772843623266941,甜度适中,口无遮拦老黑[捂脸],[等级14],[粉丝团 Lv8]
2026-05-22 23:52:05,93014642999,🌈南山楠,笑死了[捂脸],[等级12],[粉丝团 Lv10]
2026-05-22 23:52:07,61749760445,难得糊涂,咋还害羞啊,[等级9],
2026-05-22 23:52:07,996575303434900,🀄️A9527🌈,心真大[捂脸][捂脸][捂脸]，快决赛圈了还跳舞[捂脸][捂脸][捂脸],[等级10],[粉丝团 Lv4]
2026-05-22 23:52:08,800075209256152,家里600头猪,[捂脸][捂脸][捂脸],,
2026-05-22 23:52:08,4503658257446344,🥐cornetto,谁给我说一下谢谢,[等级41],[粉丝团 Lv7]
2026-05-22 23:52:09,106874679936,꧁Darker꧂,随心而出,[等级17],
2026-05-22 23:52:09,106007690977,ල᭄勇哥ꦿ᭄࿐,今晚冲战神不,[等级36],[粉丝团 Lv14]
2026-05-22 23:52:09,102226398491,温煦——柠檬䥔🍋,哈哈,[等级5],
2026-05-22 23:52:09,100883964190,晚起的蜗牛,[捂脸][捂脸][捂脸],[等级15],[粉丝团 Lv2]
2026-05-22 23:52:09,3677246018827389,满意•͈ᴗ⁃͈ ✧,哈哈哈哈咋恁搞笑啊,[等级11],[粉丝团 Lv11]
2026-05-22 23:52:10,3809128305134973,王多余.,那个是谁呀,[等级11],[粉丝团 Lv11]
2026-05-22 23:52:11,1170328280633924,小黎,[大笑][大笑][大笑],[等级18],[粉丝团 Lv8]
2026-05-22 23:52:11,1486193376637453,ღ᭄ꦿ莫颜ꦿ໊ོ,肛肠科张主任,[等级13],[粉丝团 Lv10]
2026-05-22 23:52:11,70216190964,万国觉醒-582,那么多子弹给他车废了,[等级3],
2026-05-22 23:52:11,96327002404,尚东,成都的 好怕怕[捂脸],[等级23],
2026-05-22 23:52:11,3620012167548504,糜漭（闭关）,[比心],[等级14],[粉丝团 Lv12]
2026-05-22 23:52:11,3544449118126824,爱吃醋的李,能播吗,[等级25],[粉丝团 Lv11]
2026-05-22 23:52:11,2101901726066060,홍悅,[捂脸][捂脸],[等级36],[粉丝团 Lv10]
2026-05-22 23:52:13,3114248789304856,五月_号,[捂脸][捂脸][捂脸][捂脸][捂脸][捂脸],[等级8],[粉丝团 Lv8]
2026-05-22 23:52:14,1257437656002798,某某.,等会直播间又抬了,[等级34],[粉丝团:张君雅 Lv16]
2026-05-22 23:52:15,3544449118126824,爱吃醋的李,哈哈哈,[等级25],[粉丝团 Lv11]
2026-05-22 23:52:17,72787064272,叶叶叶,大炮修车啊,[等级11],[粉丝团 Lv11]
2026-05-22 23:52:18,102012879408,忄,辣手摧花,[等级11],
2026-05-22 23:52:18,1754462288091704,狱豻,打都打不完,[等级1],
2026-05-22 23:52:18,111127218349,随遇而安,这么多子弹，打车啊！,[等级11],[粉丝团 Lv9]
2026-05-22 23:52:18,76564692000,玉树临霜,应该是狗顶了一下,[等级13],[粉丝团 Lv4]
2026-05-22 23:52:18,3544449118126824,爱吃醋的李,[赞][赞][赞][赞][赞][赞],[等级25],[粉丝团 Lv11]
2026-05-22 23:52:19,792061057970573,曲终散ꦿ,@张君雅的绯闻男友 这两天才看,[等级20],[粉丝团 Lv10]
2026-05-22 23:52:19,105849322767,骑着蜗牛看日出,这枪打的位置~绝了[捂脸][捂脸][捂脸],[等级3],
2026-05-22 23:52:19,82878519083,鍠,海岛女魔头[尬笑][尬笑][尬笑][尬笑],[等级22],[粉丝团 Lv5]
2026-05-22 23:52:19,3913913666903720,太阳☀,菊花残，满地伤,[等级41],[粉丝团 Lv13]
2026-05-22 23:52:19,95775796696,嗨、詹先生,屎都打出来了,[等级25],[粉丝团 Lv2]
2026-05-22 23:52:20,303105616916564,星雨、,一个妇道人家，说的什么,[等级3],
2026-05-22 23:52:20,2894340403495591,阿朱228,菊花,[等级21],
2026-05-22 23:52:20,105663681612,Alby,我意思是她开了吧，这么猛,[等级22],
2026-05-22 23:52:20,379777984767160,用户3657052080010,反手一个举报,,
2026-05-22 23:52:22,2858324526119208,无名...,嘴说话挺脏的,[等级35],
2026-05-22 23:52:22,98575180575,自贡移动丁二妹,正能量,[等级16],
2026-05-22 23:52:23,109109492047,z浩哥,点点赞,[等级7],
2026-05-22 23:52:23,109738485961,小狗熊,你自己都笑了[捂脸],[等级20],[粉丝团 Lv12]
2026-05-22 23:52:25,69883728410,汾酒小康,不讲武德[捂脸],[等级10],
2026-05-22 23:52:27,72787064272,叶叶叶,子弹用不完啦,[等级11],[粉丝团 Lv11]
2026-05-22 23:52:28,2234638754122687,🌈迷,又鸡了,[等级20],[粉丝团 Lv6]
2026-05-22 23:52:29,91666146753,燃,快点清人还可以打一把,[等级9],
2026-05-22 23:52:29,1667304587007815,Fade,外痔打成了内痔,[等级8],
2026-05-22 23:52:29,51894721128,十亿战神尊魂幡,打爆了,[等级20],[粉丝团 Lv1]
2026-05-22 23:52:30,3576062789558568,🌞東昇,@🌈賧賧🌈 @🌈鱻 宝子在这儿么？,[等级16],[粉丝团 Lv10]
2026-05-22 23:52:30,80753629105,海纳百川⁷⁴¹⁰¹⁰,成都O多，正常,[等级43],[粉丝团 Lv13]
2026-05-22 23:52:30,874864888253661,你的小可爱,狙到魔丸了[看][捂脸],[等级7],[粉丝团 Lv5]
2026-05-22 23:52:32,63998956469,时宜,下播看看键位码,[等级7],[粉丝团 Lv5]
2026-05-22 23:52:36,1754462288091704,狱豻,把对面车卸载,[等级1],
2026-05-22 23:52:38,1667304587007815,Fade,外痔打成了内痔,[等级8],
2026-05-22 23:52:38,1772843623266941,甜度适中,[黑脸][捂脸],[等级14],[粉丝团 Lv8]
2026-05-22 23:52:39,92316285483,三,正中下怀,[等级19],[粉丝团 Lv6]
2026-05-22 23:52:40,111007266356,🔱守望w,野生空投,[等级29],[粉丝团 Lv15]
2026-05-22 23:52:42,4503658257446344,🥐cornetto,2达不溜,[等级41],[粉丝团 Lv7]
2026-05-22 23:52:43,59121284288,张君雅的绯闻男友,@曲终散ꦿ 没事的,[等级24],[粉丝团 Lv12]
2026-05-22 23:52:43,1143082023657198,聆听昨夜雨丶,一队自杀了,[等级2],[粉丝团 Lv4]
2026-05-22 23:52:44,96806701767,匆匆那年超,这娘们有点粗鄙,[等级4],
2026-05-22 23:52:46,97985021575,蘇,晚上这么高兴有啥好事[呲牙][呲牙][呲牙][呲牙],[等级12],[粉丝团 Lv12]
2026-05-22 23:52:49,1772843623266941,甜度适中,[黑脸],[等级14],[粉丝团 Lv8]
2026-05-22 23:52:56,694489717151768,只将羞涩当风流,几点更新啊,[等级4],[粉丝团 Lv8]
2026-05-22 23:52:58,81676323957,Zou,那么多自雷的,[等级18],[粉丝团 Lv9]
2026-05-22 23:53:00,95381535648,嫑💞,三个自雷啥意思,[等级2],
2026-05-22 23:53:01,91666146753,燃,他们晋级赛,[等级9],
2026-05-22 23:53:02,2274247923467549,知遇👣,@用户3657052080010 快去,[等级24],[粉丝团 Lv10]
2026-05-22 23:53:02,85931141960,北北林,自雷四个啊 卧槽,[等级19],[粉丝团 Lv5]
2026-05-22 23:53:05,1733297090883171,OK谢谢,赶晋级赛,[等级16],[粉丝团 Lv3]
2026-05-22 23:53:06,110478212484,☞手心✋🏻☜,人家还想打一把,[等级14],[粉丝团 Lv11]
2026-05-22 23:53:07,72073572771,帮我关下月亮🌙,有一队打晋级赛呢  要死了打最后一把,[等级11],[粉丝团 Lv3]
2026-05-22 23:53:09,88313712466,缙公子𝒘𝒐𝒓𝒍𝒅°,君雅。你温柔一点会迷死多少人,[等级11],
2026-05-22 23:53:09,110882406046,邱朝歌,晋级了 着急打下一把,[等级14],
2026-05-22 23:53:09,1022993332961694,wulikk,要打下一把,[等级3],[粉丝团 Lv2]
2026-05-22 23:53:10,1772843623266941,甜度适中,[捂脸][黑脸],[等级14],[粉丝团 Lv8]
2026-05-22 23:53:11,98559819100,ʕ·͡ˑ·ཻʔ,竞技赛最后一把吧,[等级6],
2026-05-22 23:53:13,2137070758795431,糖糖糖糖糖糖糖,赶时间打晋级赛,[等级24],
2026-05-22 23:53:14,4406480883679287,匆匆那年都是过客,晋级了就自雷了，要赶紧下一把,[等级18],
2026-05-22 23:53:15,60066994766,墨白,自雷下一把晋级赛,[等级11],[粉丝团 Lv10]
2026-05-22 23:53:17,3337742809570493,白榆,他们晋级过了就自雷，还能打一把,[等级23],
2026-05-22 23:53:17,82041751442,过客,可能带着陪玩金主死了,[等级16],[粉丝团 Lv11]
2026-05-22 23:53:19,88313712466,缙公子𝒘𝒐𝒓𝒍𝒅°,君雅。你温柔一点会迷死多少人,[等级11],
2026-05-22 23:53:24,71126905166,抖音小肋手,@祁岽 星守护升级快，亲密度还可以储存。给主播送人气票还有加成,[等级11],[粉丝团 Lv10]
2026-05-22 23:53:26,74588972222,老狼乔治,晋级赛差一把，打完时间来不及了，就自雷出去再开一局,[等级15],[粉丝团 Lv10]
2026-05-22 23:53:27,96529285287,@L_Y@⁵¹⁰⁷⁴₈₀₀₈,@祁岽 会员有冰箱贴星守护升灯牌快有加成,[等级43],[粉丝团:张君雅 Lv17]
2026-05-22 23:53:32,93285422405,谁在唱歌谣,自雷赶紧开下一把晋级赛,[等级14],[粉丝团 Lv4]
2026-05-22 23:53:38,88313712466,缙公子𝒘𝒐𝒓𝒍𝒅°,君雅。你温柔一点会迷死多少人,[等级11],
2026-05-22 23:53:43,95381535648,嫑💞,原来是这样,[等级2],
2026-05-22 23:53:48,111007266356,🔱守望w,野生空投嗦一口,[等级29],[粉丝团 Lv15]
2026-05-22 23:53:50,102012879408,忄,你的马踩到局哥了,[等级11],
2026-05-22 23:53:55,109109492047,z浩哥,点点赞[色],[等级7],
2026-05-22 23:53:56,3996063592881981,@@🚬yangꦿ᭄ཽ࿆࿆:,打完下班,[等级15],[粉丝团 Lv10]
2026-05-22 23:53:58,1997144933018719,秦鸽  󰠇:,桥底三个,[等级22],
2026-05-22 23:54:00,3913913666903720,太阳☀,就要下班了吗宝宝？,[等级41],[粉丝团 Lv13]
2026-05-22 23:54:03,2274247923467549,知遇👣,@缙公子𝒘𝒐𝒓𝒍𝒅° 你去看温柔的,[等级24],[粉丝团 Lv10]
2026-05-22 23:54:04,109571873058,ㅤㅤㅤㅤㅤㅤ,打了一天了，累麽？,[等级24],
2026-05-22 23:54:05,98932747508,前还可修,把人家老板打死了,[等级20],
2026-05-22 23:54:08,4162095481363833,mrtang,打慢点，还有6分钟,,
2026-05-22 23:54:10,7622256497552180273,霸霸ᅟᅠᅟᅠᅟᅠᅟᅠ ᅟᅠᅟᅠ୧⍤⃝🥕,@缙公子𝒘𝒐𝒓𝒍𝒅° 我们恰恰就喜欢这种干练,[等级10],[粉丝团 Lv9]
2026-05-22 23:54:22,54421526629,🌈猫,为什么有狗？它不会像有手枪和自救一样显示一下？,[等级26],[粉丝团 Lv11]
2026-05-22 23:54:36,93506935628,甜的白开水,右下角也有人,[等级1],
2026-05-22 23:54:58,69260020651,ZDL,炮王，拿炮,[等级11],[粉丝团 Lv10]
2026-05-22 23:54:59,97544181368,杀敌伍佰,刚好下班时间,[等级29],[粉丝团 Lv15]
2026-05-22 23:55:04,73459388873,sun璃瑛,@🌈猫 不会,[等级22],[粉丝团 Lv3]
2026-05-22 23:55:11,97658434227,滋欧邹,搞🐔儿哦,[等级15],[粉丝团 Lv3]
2026-05-22 23:55:12,87605457619,user,我在天上你抬头看看,[等级11],[粉丝团 Lv1]
2026-05-22 23:55:13,85166884780,💫ꦿ启ꦿᮨ້໌້໌ᮨᩚ程໑ຼₒ໑ຼ₆࿐,在后面抽你[呲牙],[等级13],[粉丝团 Lv5]
2026-05-22 23:55:15,1530155757474296,玩鱼不养鱼,车库老板死了,[等级11],[粉丝团 Lv4]
2026-05-22 23:55:16,71126905166,抖音小肋手,@早知道🐸 谢谢老板大气大气,[等级11],[粉丝团 Lv10]
2026-05-22 23:55:19,94621081467,雨踏歌行.,@早知道🐸 谢谢大哥[赞],[等级20],[粉丝团 Lv15]
2026-05-22 23:55:24,1257437656002798,某某.,老黑说话很舒服啊，没那些烂梗口头禅声音也不夹还很有趣,[等级34],[粉丝团:张君雅 Lv16]
2026-05-22 23:55:32,78367396417,Aོ    ོ  ོ诺言,2万多人了,[等级18],[粉丝团 Lv7]
2026-05-22 23:55:34,119174729566300,于额暴涨¾,大仓再打你,[等级13],[粉丝团 Lv6]
2026-05-22 23:55:41,1341059843757268,Vincent,@雨踏歌行. 老登,[等级37],[粉丝团 Lv14]
2026-05-22 23:55:56,94621081467,雨踏歌行.,@Vincent 你个老登[捂脸],[等级20],[粉丝团 Lv15]
2026-05-22 23:55:56,93142812547,七月💫,论平底锅的重要性,[等级20],
2026-05-22 23:56:01,92587881084,棒棒的小黄鱼🐟,@某某. 夹一点也不是不行[看]我喜欢,[等级17],[粉丝团 Lv12]
2026-05-22 23:56:04,50582549169,Mr • 高,有去无回,[等级30],
2026-05-22 23:56:06,1341059843757268,Vincent,@雨踏歌行. [偷笑][偷笑][偷笑],[等级37],[粉丝团 Lv14]
2026-05-22 23:56:15,4062023312223140,某人」,还有50多发大炮,[等级28],[粉丝团 Lv10]
2026-05-22 23:56:18,1341059843757268,Vincent,[666][666][666][666],[等级37],[粉丝团 Lv14]
2026-05-22 23:56:20,2007084944330340,陈不住气的,666,[等级9],[粉丝团 Lv2]
2026-05-22 23:56:20,93060552271,小别兔别又别,加班,[等级11],[粉丝团 Lv10]
2026-05-22 23:56:20,770087998721191,占卜师,[666][666][666][666],[等级15],[粉丝团 Lv13]
2026-05-22 23:56:21,2920724108946030,如煙✨HELLO～⁵¹⁰⁷⁴,[666][666][666],[等级37],[粉丝团 Lv16]
2026-05-22 23:56:22,116989961990570,喜欢一个人,成都箭王张君雅牛逼👍👍👍👍👍👍666,[等级12],[粉丝团 Lv10]
2026-05-22 23:56:23,3724785945155688,🍒爱财爱己꧔ꦿএ₂₀₂₄᭄,加班,[等级3],
2026-05-22 23:56:24,3996063592881981,@@🚬yangꦿ᭄ཽ࿆࿆:,下班,[等级15],[粉丝团 Lv10]
2026-05-22 23:56:25,102200073053,马到成功,老六打法，能不吃鸡吗[捂脸]直接过去打就可以了[捂脸],[等级22],
2026-05-22 23:56:25,109881104951,372923,[捂脸][捂脸][捂脸][捂脸][捂脸],[等级3],
2026-05-22 23:56:25,93060552271,小别兔别又别,周末了 加班,[等级11],[粉丝团 Lv10]
2026-05-22 23:56:25,88994805577,🌈哇哦,[666],[等级18],[粉丝团 Lv3]
2026-05-22 23:56:25,94621081467,雨踏歌行.,@Vincent 叫我干啥？老登,[等级20],[粉丝团 Lv15]
2026-05-22 23:56:25,100442978663,公子丶张,11.56,[等级11],[粉丝团 Lv3]
2026-05-22 23:56:26,75652282317,m,准时下班,[等级7],[粉丝团 Lv10]
2026-05-22 23:56:26,68077054419,回头是岸,下班,[等级9],
2026-05-22 23:56:26,2148902133312701,臭要饭的,赶紧再开一把晋级赛还能打。,[等级9],
2026-05-22 23:56:27,996575303434900,🀄️A9527🌈,蛙宝她们差一个人[捂脸][捂脸][捂脸][捂脸]没过[捂脸][捂脸],[等级10],[粉丝团 Lv4]
2026-05-22 23:56:28,68128483419,秋霜,快，还能再开一把,[等级33],[粉丝团 Lv12]
2026-05-22 23:56:28,70651357326,柒玖,还能开一把[看],[等级19],
2026-05-22 23:56:28,69260020651,ZDL,下班，,[等级11],[粉丝团 Lv10]
2026-05-22 23:56:28,96551196509,Boxing,张老黑牛逼,[等级26],
2026-05-22 23:56:28,96109458661,梁培先生,下班了吗[捂脸],[等级27],[粉丝团 Lv6]
2026-05-22 23:56:29,2139018841038183,lnMan,牛逼,[等级10],[粉丝团 Lv3]
2026-05-22 23:56:29,5548727764,我超棒,加班,[等级11],[粉丝团 Lv9]
2026-05-22 23:56:30,465785282101639,辞忧*,还可以来一把,[等级10],[粉丝团 Lv9]
2026-05-22 23:56:30,98127314878,艾瑞巴蒂跟我一起嗨,完美下播,[等级25],[粉丝团 Lv11]
2026-05-22 23:56:31,4162095481363833,mrtang,下班,,
2026-05-22 23:56:32,2390780288711852,用户6159501881129,还能打一把,,
2026-05-22 23:56:33,3593651276484189,菟丝子,[打call],[等级8],[粉丝团 Lv9]
2026-05-22 23:56:33,88312588832,🌈 𝗠𝗮𝗸𝗮𝗯𝗮𝗸𝗮。,下班下班,[等级8],[粉丝团 Lv8]
2026-05-22 23:56:33,109881104951,372923,又是早班[捂脸][捂脸][捂脸][捂脸][捂脸],[等级3],
2026-05-22 23:56:35,57054569837,CC,快快快,[等级15],[粉丝团 Lv3]
2026-05-22 23:56:36,106874679936,꧁Darker꧂,菊花杯,[等级17],
2026-05-22 23:56:38,104949047941,蔚蓝海岸,把四分钟打完,[等级34],[粉丝团 Lv11]
2026-05-22 23:56:38,88313712466,缙公子𝒘𝒐𝒓𝒍𝒅°,我爱君雅后庭花8,[等级11],
2026-05-22 23:56:38,100442978663,公子丶张,还能一把不,[等级11],[粉丝团 Lv3]
2026-05-22 23:56:39,4503658257446344,🥐cornetto,快开还有一把,[等级41],[粉丝团 Lv7]
2026-05-22 23:56:39,1530155757474296,玩鱼不养鱼,车库把老板打死了,[等级11],[粉丝团 Lv4]
2026-05-22 23:56:40,2234682707544967,子一,哈哈哈哈,[等级28],[粉丝团:张君雅 Lv15]
2026-05-22 23:56:40,4410830327396036,Ak不吃鱼¹⁵³⁷,差四分钟，快,[等级27],[粉丝团 Lv3]
2026-05-22 23:56:40,69077495184,尓    東,张老黑牛逼,[等级25],[粉丝团 Lv10]
2026-05-22 23:56:40,82778911155,我的楼兰,加班,[等级15],[粉丝团 Lv10]
2026-05-22 23:56:41,65008578477,王脂肪,再来一把,[等级8],
2026-05-22 23:56:41,72481359806,歲歲金安,还能开一把,[等级16],
2026-05-22 23:56:42,57054569837,CC,快快快,[等级15],[粉丝团 Lv3]
2026-05-22 23:56:43,109109492047,z浩哥,赛季末吃鸡结尾,[等级7],
2026-05-22 23:56:43,2170916346013161,极度深寒,666,[等级12],
2026-05-22 23:56:43,1341059843757268,Vincent,@雨踏歌行. 就叫爽[看][看][看],[等级37],[粉丝团 Lv14]
2026-05-22 23:56:43,818458912358512,34177028007,迟到早退,[等级3],
2026-05-22 23:56:45,96109458661,梁培先生,还打吗[捂脸],[等级27],[粉丝团 Lv6]
2026-05-22 23:56:46,98127314878,艾瑞巴蒂跟我一起嗨,💯,[等级25],[粉丝团 Lv11]
2026-05-22 23:56:47,116989961990570,喜欢一个人,再来一把,[等级12],[粉丝团 Lv10]
2026-05-22 23:56:49,3724785945155688,🍒爱财爱己꧔ꦿএ₂₀₂₄᭄,加班,[等级3],
2026-05-22 23:56:49,3526854847509232,九命,杯拿走了[捂脸],[等级19],
2026-05-22 23:56:50,2920724108946030,如煙✨HELLO～⁵¹⁰⁷⁴,[666][666][666],[等级37],[粉丝团 Lv16]
2026-05-22 23:56:51,63998956469,时宜,键位码看看嘛,[等级7],[粉丝团 Lv5]
2026-05-22 23:56:52,93181042813,喵了🐶咪,《记得背个平底锅保护菊花残》[捂脸][捂脸],[等级14],[粉丝团 Lv3]
2026-05-22 23:56:52,3724785945155688,🍒爱财爱己꧔ꦿএ₂₀₂₄᭄,加班,[等级3],
2026-05-22 23:56:52,77370919243,干饭萝,加班[比心][比心][比心],[等级26],[粉丝团 Lv10]
2026-05-22 23:56:52,2788834876852060,𝘏𝘦𝘯𝘯𝘦𝘴𝘴𝘦𝘺,再来一把,[等级30],[粉丝团 Lv6]
2026-05-22 23:56:53,105389689119,王海峰,再来,[等级5],[粉丝团 Lv6]
2026-05-22 23:56:53,465785282101639,辞忧*,快快快,[等级10],[粉丝团 Lv9]
2026-05-22 23:56:53,71126905166,抖音小肋手,@天将明 谢谢老板,[等级11],[粉丝团 Lv10]
2026-05-22 23:56:53,2824008837643668,Hom,再来一把,,
2026-05-22 23:56:54,2999060432162365,丸子的三百,还能开一把,[等级21],[粉丝团 Lv2]
2026-05-22 23:56:54,63998956469,时宜,雅雅,[等级7],[粉丝团 Lv5]
2026-05-22 23:56:54,4162095481363833,mrtang,下班啦,,
2026-05-22 23:56:55,3996063592881981,@@🚬yangꦿ᭄ཽ࿆࿆:,下班,[等级15],[粉丝团 Lv10]
2026-05-22 23:56:55,57054569837,CC,还能,[等级15],[粉丝团 Lv3]
2026-05-22 23:56:56,101137468166,地球上只有一个中国,不能早退,[等级7],
2026-05-22 23:56:56,3724785945155688,🍒爱财爱己꧔ꦿএ₂₀₂₄᭄,加班,[等级3],
2026-05-22 23:56:56,93575328156,贝勒爷,在开一把,[等级9],[粉丝团 Lv10]
2026-05-22 23:56:56,4312762483477248,村里有个姑娘叫小芳,加班,[等级3],[粉丝团 Lv3]
2026-05-22 23:56:56,4354479593650269,回眸一笑，得吃了！,最后一把,[等级15],
2026-05-22 23:56:56,466670364393783,袖下敛青川,不会开了,[等级14],[粉丝团 Lv2]
2026-05-22 23:56:57,2747313901,LiuFei,还没到时间,[等级16],[粉丝团 Lv10]
2026-05-22 23:56:58,2826160041896200,思妤(♡˙︶˙♡),迟到早退[捂脸],[等级9],[粉丝团 Lv6]
2026-05-22 23:56:58,68592260089024,任方随圆,加班,[等级28],[粉丝团 Lv10]
2026-05-22 23:56:58,2489712635022648,泪斩此心ing,快快  还能再来一把,[等级24],
2026-05-22 23:56:58,13829281185,兜李有钱,再来一把[比心],[等级9],[粉丝团 Lv6]
2026-05-22 23:56:58,68128483419,秋霜,快，再开最后一把,[等级33],[粉丝团 Lv12]
2026-05-22 23:56:58,44455973627559,中午12点,赶紧开，还有信号枪,[等级2],
2026-05-22 23:56:58,996575303434900,🀄️A9527🌈,蛙宝她们郁闷了[捂脸][捂脸][捂脸]没过[捂脸][捂脸][捂脸],[等级10],[粉丝团 Lv4]
2026-05-22 23:56:58,103613878445,三里清风,4分钟后开,[等级23],
2026-05-22 23:56:59,734065148309111,徐先生℡,加班,[等级35],[粉丝团 Lv16]
2026-05-22 23:56:59,80753629105,海纳百川⁷⁴¹⁰¹⁰,迟到早退的,[等级43],[粉丝团 Lv13]
2026-05-22 23:56:59,3227787494687399,波斯顿,还能开,,
2026-05-22 23:57:00,3724785945155688,🍒爱财爱己꧔ꦿএ₂₀₂₄᭄,加班,[等级3],
2026-05-22 23:57:00,2788834876852060,𝘏𝘦𝘯𝘯𝘦𝘴𝘴𝘦𝘺,迟到加班,[等级30],[粉丝团 Lv6]
2026-05-22 23:57:00,2824008837643668,Hom,还没12点，速度,,
2026-05-22 23:57:00,82041751442,过客,快还能打一把,[等级16],[粉丝团 Lv11]
2026-05-22 23:57:00,50994395662,Z.x.y,快开,[等级30],[粉丝团 Lv13]
2026-05-22 23:57:01,58839994030,。徐安星,牛逼！,[等级25],[粉丝团 Lv7]
2026-05-22 23:57:02,93575328156,贝勒爷,爱播,[等级9],[粉丝团 Lv10]
2026-05-22 23:57:02,93183461411,凡是过往皆是序章，所有将来皆为可盼,加班,[等级12],[粉丝团 Lv6]
2026-05-22 23:57:02,92907672520,陌言,快快快k,[等级5],
2026-05-22 23:57:02,4476804713948349,Chenlin,加班加班加班,[等级8],[粉丝团 Lv4]
2026-05-22 23:57:02,88757268529,张小狮,打,[等级11],[粉丝团 Lv11]
2026-05-22 23:57:03,4162095481363833,mrtang,啦啦啦下班,,
2026-05-22 23:57:03,98368806608,火星哥,还没到12点,[等级20],[粉丝团 Lv10]
2026-05-22 23:57:03,96767790783,邹邹睡不醒👁 ܫ 👁,万人血书再来一把,[等级20],
2026-05-22 23:57:03,3109024218754059,晚安哥,加班,[等级19],[粉丝团 Lv9]
2026-05-22 23:57:04,235723996298219,张君雅精彩画面,下班,[等级8],[粉丝团 Lv11]
2026-05-22 23:57:04,67580187885,不爱吃猪肉,君雅快过生日了[捂脸][捂脸][捂脸][捂脸],[等级24],[粉丝团 Lv11]
2026-05-22 23:57:04,7622256497552180273,霸霸ᅟᅠᅟᅠᅟᅠᅟᅠ ᅟᅠᅟᅠ୧⍤⃝🥕,我劝你不要早退。[捂脸],[等级10],[粉丝团 Lv9]
2026-05-22 23:57:04,96109458661,梁培先生,再来一把,[等级27],[粉丝团 Lv6]
2026-05-22 23:57:04,466670364393783,袖下敛青川,打,[等级14],[粉丝团 Lv2]
2026-05-22 23:57:04,105389689119,王海峰,打,[等级5],[粉丝团 Lv6]
2026-05-22 23:57:04,72488437048,那又怎样,加班,[等级13],
2026-05-22 23:57:05,26839009984920,小锦儿.,晋级赛,[等级11],
2026-05-22 23:57:05,75091215858,¥小酒馆,在一把,[等级13],[粉丝团 Lv10]
2026-05-22 23:57:05,3724785945155688,🍒爱财爱己꧔ꦿএ₂₀₂₄᭄,加班,[等级3],
2026-05-22 23:57:05,102740216469,嘿，，，,来,[等级11],
2026-05-22 23:57:05,1103538544979604,xiao,开,[等级30],
2026-05-22 23:57:06,818458912358512,34177028007,打,[等级3],
2026-05-22 23:57:06,96109458661,梁培先生,再来一把打,[等级27],[粉丝团 Lv6]
2026-05-22 23:57:06,93183461411,凡是过往皆是序章，所有将来皆为可盼,加班,[等级12],[粉丝团 Lv6]
2026-05-22 23:57:06,2546080188465236,ᥫᩣTiAmo,开始,[等级17],
2026-05-22 23:57:06,3139859134824030,曦糖糖,打,[等级26],[粉丝团 Lv14]
2026-05-22 23:57:06,75871653012,♞香香吖⁶⁴²🌈🌈🌈,加班,[等级27],[粉丝团 Lv11]
2026-05-22 23:57:07,61787933842,任平生,完美结束,[等级11],[粉丝团 Lv6]
2026-05-22 23:57:07,77370919243,干饭萝,加班[比心][比心][比心],[等级26],[粉丝团 Lv10]
2026-05-22 23:57:07,2335798133265495,漂泊,再打一把,[等级4],
2026-05-22 23:57:07,2269019460342412,爱吃火锅的二喵,再打一把,[等级11],[粉丝团 Lv10]
2026-05-22 23:57:07,4312762483477248,村里有个姑娘叫小芳,加班,[等级3],[粉丝团 Lv3]
2026-05-22 23:57:07,101278244039,䲷雄？彭少。,打多一把,[等级26],[粉丝团 Lv4]
2026-05-22 23:57:08,2999060432162365,丸子的三百,加班,[等级21],[粉丝团 Lv2]
2026-05-22 23:57:08,68592260089024,任方随圆,再来一把,[等级28],[粉丝团 Lv10]
2026-05-22 23:57:08,1427640439277652,用户0147230,开,[等级11],
2026-05-22 23:57:08,2788834876852060,𝘏𝘦𝘯𝘯𝘦𝘴𝘴𝘦𝘺,迟到 加班,[等级30],[粉丝团 Lv6]
2026-05-22 23:57:08,60720763321,″北柠″🐾,再来一把,[等级34],[粉丝团 Lv8]
2026-05-22 23:57:08,1179098863387952,等烟火照亮我,打,[等级9],[粉丝团 Lv3]
2026-05-22 23:57:08,825061243895371,小小熙,开,[等级13],[粉丝团 Lv11]
2026-05-22 23:57:08,104435469892,COCO,打,[等级26],[粉丝团 Lv11]
2026-05-22 23:57:08,58150219405,ᯅ 对方已拒绝,打,[等级9],[粉丝团 Lv2]
2026-05-22 23:57:09,58150219405,ᯅ 对方已拒绝,打,[等级9],[粉丝团 Lv2]
2026-05-22 23:57:09,100179063750,163广播站,再来一把,[等级9],[粉丝团 Lv6]
2026-05-22 23:57:09,343486129250376,Zzz...,再来一把吧,[等级14],[粉丝团 Lv10]
2026-05-22 23:57:09,466670364393783,袖下敛青川,打,[等级14],[粉丝团 Lv2]
2026-05-22 23:57:09,92907672520,陌言,看看坎坎坷坷,[等级5],
2026-05-22 23:57:09,57054569837,CC,有信号枪,[等级15],[粉丝团 Lv3]
2026-05-22 23:57:10,3227787494687399,波斯顿,再来一把,,
2026-05-22 23:57:10,4233546532927219,🉑🈶🉑🈚,上个段吧,[等级20],[粉丝团 Lv10]
2026-05-22 23:57:10,92329132519,小呆呆,继续,[等级10],
2026-05-22 23:57:10,13829281185,兜李有钱,再开一把[比心],[等级9],[粉丝团 Lv6]
2026-05-22 23:57:10,109109492047,z浩哥,点点关注,[等级7],
2026-05-22 23:57:10,3724785945155688,🍒爱财爱己꧔ꦿএ₂₀₂₄᭄,加班,[等级3],
2026-05-22 23:57:10,92923874502,蓝牧童,打一把,[等级17],[粉丝团 Lv8]
2026-05-22 23:57:10,93183461411,凡是过往皆是序章，所有将来皆为可盼,加班,[等级12],[粉丝团 Lv6]
2026-05-22 23:57:10,94171084944,春杪,来一把来一把,[等级11],[粉丝团 Lv5]
2026-05-22 23:57:10,4476804713948349,Chenlin,加班,[等级8],[粉丝团 Lv4]
2026-05-22 23:57:11,466670364393783,袖下敛青川,打打,[等级14],[粉丝团 Lv2]
2026-05-22 23:57:11,2650252300530938,aaa,再开一把,,
2026-05-22 23:57:11,417422217838667,坏蛋,加,[等级43],[粉丝团 Lv13]
2026-05-22 23:57:11,108244745309,守心自安澜,打,[等级25],[粉丝团 Lv10]
2026-05-22 23:57:11,95316993641,咸蛋 黄,必须加班,[等级16],
2026-05-22 23:57:11,106617711399,又玩嗨了,打,[等级18],
2026-05-22 23:57:12,679968429588307,怡宝,打,[等级33],[粉丝团 Lv11]
2026-05-22 23:57:12,96551196509,Boxing,加班,[等级26],
2026-05-22 23:57:12,105424494317,杏园好运,加班,[等级23],[粉丝团 Lv8]
2026-05-22 23:57:12,95572095005,📰,打,[等级11],
2026-05-22 23:57:12,778085820794708,🦅,打,[等级19],[粉丝团 Lv10]
2026-05-22 23:57:12,3074649853278756,静水行舟,再来一把,[等级22],
2026-05-22 23:57:12,102676589048,ℳ๓ 一介俗人°ꦿ⁵,打,[等级7],
2026-05-22 23:57:12,93575328156,贝勒爷,在,[等级9],[粉丝团 Lv10]
2026-05-22 23:57:12,110960648969,雪狐,打,[等级38],[粉丝团 Lv13]
2026-05-22 23:57:13,86175852446,小鱼仔,再来一局,[等级17],[粉丝团 Lv9]
2026-05-22 23:57:13,84831175590,柒月,快打,[等级35],[粉丝团 Lv6]
2026-05-22 23:57:13,1723651305779751,蜡笔大新,打,[等级11],[粉丝团 Lv8]
2026-05-22 23:57:13,82778911155,我的楼兰,加班,[等级15],[粉丝团 Lv10]
2026-05-22 23:57:13,1385833593837479,乇,打,[等级6],
2026-05-22 23:57:13,1090352315900115,阿星,打,[等级22],[粉丝团 Lv5]
2026-05-22 23:57:13,2148902133312701,臭要饭的,再打一把，再打一把。还能打晋级赛。,[等级9],
2026-05-22 23:57:14,77276496800,21:57,打一把,[等级36],[粉丝团 Lv4]
2026-05-22 23:57:14,72907249364,兔子先生,打,[等级20],[粉丝团 Lv3]
2026-05-22 23:57:14,59260357003,✨罗某某✨,差个段保,[等级18],[粉丝团 Lv11]
2026-05-22 23:57:14,64918869228,☀️猫九🐬,加班！,[等级18],[粉丝团 Lv5]
2026-05-22 23:57:14,92907672520,陌言,快快快,[等级5],
2026-05-22 23:57:14,58150219405,ᯅ 对方已拒绝,打,[等级9],[粉丝团 Lv2]
2026-05-22 23:57:14,3724785945155688,🍒爱财爱己꧔ꦿএ₂₀₂₄᭄,加班,[等级3],
2026-05-22 23:57:14,92329132519,小呆呆,继续,[等级10],
2026-05-22 23:57:14,3302574303231070,雪山之巅,打,,
2026-05-22 23:57:15,792061057970573,曲终散ꦿ,迟到早退,[等级20],[粉丝团 Lv10]
2026-05-22 23:57:15,110487983863,都怪你隐身太清晰,打[捂脸],[等级17],[粉丝团 Lv8]
2026-05-22 23:57:15,825061243895371,小小熙,开,[等级13],[粉丝团 Lv11]
2026-05-22 23:57:15,100028265358,荷包蛋.,打,[等级9],[粉丝团 Lv2]
2026-05-22 23:57:15,99689135265,陈小乐,打一把,[等级27],[粉丝团 Lv14]
2026-05-22 23:57:16,73103602109,猫七七,再来一把,[等级17],[粉丝团 Lv9]
2026-05-22 23:57:16,62362176237,爱如潮水,加班加班,[等级15],[粉丝团 Lv11]
2026-05-22 23:57:16,91656886066,栖拾,开,[等级8],[粉丝团 Lv10]
2026-05-22 23:57:16,171156379025196,串掌柜,打,[等级16],
2026-05-22 23:57:16,1503787764427159,皇室独舞,打一把,,
2026-05-22 23:57:16,4162095481363833,mrtang,5分钟才下班,,
2026-05-22 23:57:16,72179010645,✨三十六,3,[等级25],[粉丝团 Lv10]
2026-05-22 23:57:16,1313284358672692,广联达建模（王）,打,[等级16],[粉丝团 Lv7]
2026-05-22 23:57:16,2999060432162365,丸子的三百,迟到早退,[等级21],[粉丝团 Lv2]
2026-05-22 23:57:16,106617711399,又玩嗨了,打,[等级18],
2026-05-22 23:57:16,104685382849,半梦半醒*PS*,打,[等级12],
2026-05-22 23:57:16,4331727054439789,U点脾气👠👑,他没事,[等级13],
2026-05-22 23:57:17,2798671553367552,⋅,加班,[等级17],
2026-05-22 23:57:17,4476804713948349,Chenlin,加班,[等级8],[粉丝团 Lv4]
2026-05-22 23:57:17,88757268529,张小狮,打,[等级11],[粉丝团 Lv11]
2026-05-22 23:57:17,93575328156,贝勒爷,来,[等级9],[粉丝团 Lv10]
2026-05-22 23:57:18,109600067848,沉默,打,[等级26],[粉丝团 Lv6]
2026-05-22 23:57:18,96109458661,梁培先生,搞,[等级27],[粉丝团 Lv6]
2026-05-22 23:57:18,2650252300530938,aaa,再开一把,,
2026-05-22 23:57:18,343486129250376,Zzz...,求求了 再来一把,[等级14],[粉丝团 Lv10]
2026-05-22 23:57:18,3267352005977800,释怀！,还能打一把,[等级20],
2026-05-22 23:57:18,4862013350589,厉扑,搞,[等级21],[粉丝团 Lv11]
2026-05-22 23:57:18,2826160041896200,思妤(♡˙︶˙♡),两万人不打了吗,[等级9],[粉丝团 Lv6]
2026-05-22 23:57:18,98137073280,এ᭄拾壹এ᭄,三分钟,[等级36],[粉丝团 Lv2]
2026-05-22 23:57:18,100507987017,生猪收购,星期天加一把,[等级14],[粉丝团 Lv1]
2026-05-22 23:57:18,2335798133265495,漂泊,不能下早班,[等级4],
2026-05-22 23:57:18,95316993641,咸蛋 黄,要不然搞你,[等级16],
2026-05-22 23:57:18,92329132519,小呆呆,继续,[等级10],
2026-05-22 23:57:19,2669257586384200,白晓溪,干,,
2026-05-22 23:57:19,1530935035047581,星星✨,再打一把加两份,[等级6],
2026-05-22 23:57:19,58839994030,。徐安星,还有5分钟，我5分钟怎么说你有事儿啊，你要打吗？还有4分钟。我三分钟搞,[等级25],[粉丝团 Lv7]
2026-05-22 23:57:19,71126905166,抖音小肋手,打一把,[等级11],[粉丝团 Lv10]
2026-05-22 23:57:20,88757268529,张小狮,哈哈,[等级11],[粉丝团 Lv11]
2026-05-22 23:57:20,95854122845,张先生2020🇨🇳,中午早退 晚上又早退？,[等级17],[粉丝团 Lv10]
2026-05-22 23:57:20,111519916804,最初的梦想✨,来,[等级9],[粉丝团 Lv3]
2026-05-22 23:57:20,3905899457947741,小罗在守塔,开把,[等级1],
2026-05-22 23:57:20,72488437048,那又怎样,加班了,[等级13],
2026-05-22 23:57:20,3227787494687399,波斯顿,再来一把,,
2026-05-22 23:57:20,3051842346169639,Mortal,加班,[等级19],
2026-05-22 23:57:20,88509051815,三好学渣,打,[等级8],[粉丝团 Lv8]
2026-05-22 23:57:20,1354201907597575,总有刁民要害朕,打,[等级23],[粉丝团 Lv7]
2026-05-22 23:57:20,72306900897,梁锋,唱首歌,[等级24],[粉丝团 Lv15]
2026-05-22 23:57:20,4162095481363833,mrtang,不加班,,
2026-05-22 23:57:20,5548727764,我超棒,搞,[等级11],[粉丝团 Lv9]
2026-05-22 23:57:21,93463005605,鱼丸婉玉,欧耶,[等级5],[粉丝团 Lv4]
2026-05-22 23:57:21,2260194374216174,风_,爽！,,
2026-05-22 23:57:21,54421526629,🌈猫,打,[等级26],[粉丝团 Lv11]
2026-05-22 23:57:21,3208833221537875,安,爽,[等级7],[粉丝团 Lv5]
2026-05-22 23:57:22,109109492047,z浩哥,再来一把,[等级7],
2026-05-22 23:57:22,4354479593650269,回眸一笑，得吃了！,牛逼[比心][比心],[等级15],
2026-05-22 23:57:22,94104256510,C·ay²¹ Gem,哇偶，加班,[等级26],[粉丝团 Lv12]
2026-05-22 23:57:22,91659634825,做个俗人，,打,[等级23],[粉丝团 Lv3]
2026-05-22 23:57:22,488613368039181,/　⃢● — ●⃢    \,哦耶耶耶,[等级13],[粉丝团 Lv10]
2026-05-22 23:57:22,61225125818,发困困困媛.,啊啊啊啊啊啊打,[等级8],[粉丝团 Lv10]
2026-05-22 23:57:22,6572286296,💋 ☆ 張先生很甜♡✔◎,舒服,[等级9],[粉丝团 Lv10]
2026-05-22 23:57:22,1556515796039133,方兴未艾,666,[等级17],[粉丝团 Lv7]
2026-05-22 23:57:22,79338415230,宋梁星,[666],[等级34],[粉丝团 Lv8]
2026-05-22 23:57:24,77370919243,干饭萝,哈哈哈[比心][比心][比心],[等级26],[粉丝团 Lv10]
2026-05-22 23:57:24,1433410145888648,龙,主播，好想你,[等级24],[粉丝团 Lv10]
2026-05-22 23:57:24,98127314878,艾瑞巴蒂跟我一起嗨,[666][666][666][666][666][666],[等级25],[粉丝团 Lv11]
2026-05-22 23:57:24,99374058753,"Zhou.""Hu/`|",[捂脸][捂脸][捂脸],[等级7],[粉丝团 Lv1]
2026-05-22 23:57:24,96109458661,梁培先生,行吧[捂脸],[等级27],[粉丝团 Lv6]
2026-05-22 23:57:24,2648042028140108,筱董董玉,打,[等级2],[粉丝团 Lv3]
2026-05-22 23:57:26,2515331991211789,jiojio 牌惠灵顿,太好了,[等级22],[粉丝团 Lv10]
2026-05-22 23:57:26,62260011684,火线影视,必须打一把,[等级20],
2026-05-22 23:57:26,3707175860964171,✨🐻✨,[比心],[等级11],[粉丝团 Lv6]
2026-05-22 23:57:26,4476804713948349,Chenlin,君雅大气,[等级8],[粉丝团 Lv4]
2026-05-22 23:57:26,800094222813292,差生没文具,哈哈,[等级21],[粉丝团 Lv12]
2026-05-22 23:57:27,88757268529,张小狮,爱你[比心],[等级11],[粉丝团 Lv11]
2026-05-22 23:57:27,2113732461204276,蚩尤出战,温柔黑,[等级9],[粉丝团 Lv10]
2026-05-22 23:57:27,7622256497552180273,霸霸ᅟᅠᅟᅠᅟᅠᅟᅠ ᅟᅠᅟᅠ୧⍤⃝🥕,搞,[等级10],[粉丝团 Lv9]
2026-05-22 23:57:28,106874679936,꧁Darker꧂,菊花杯,[等级17],
2026-05-22 23:57:28,488613368039181,/　⃢● — ●⃢    \,嘿嘿,[等级13],[粉丝团 Lv10]
2026-05-22 23:57:28,93463005605,鱼丸婉玉,冲冲冲,[等级5],[粉丝团 Lv4]
2026-05-22 23:57:29,105918888569,独自抽寂寞,加班加班加班加班加班加班加班加班加班加班！,[等级23],[粉丝团 Lv2]
2026-05-22 23:57:29,66695876733,ᯤ⁵ᴳ⁺,打自闭城,[等级8],[粉丝团 Lv11]
2026-05-22 23:57:30,108825768878,南山居士,大家点点赞，清清礼物,[等级1],
2026-05-22 23:57:30,61226959541,路人甲的煽情༊,太好啦,[等级23],[粉丝团 Lv9]
2026-05-22 23:57:30,2999060432162365,丸子的三百,还是猫局,[等级21],[粉丝团 Lv2]
2026-05-22 23:57:30,2374557380392285,雪花。,老黑生日快乐[比心][比心][比心][比心][比心][比心],[等级3],[粉丝团 Lv4]
2026-05-22 23:57:31,1433410145888648,龙,刚刚跑外卖回来,[等级24],[粉丝团 Lv10]
2026-05-22 23:57:31,88312588832,🌈 𝗠𝗮𝗸𝗮𝗯𝗮𝗸𝗮。,加班加班,[等级8],[粉丝团 Lv8]
2026-05-22 23:57:31,96005113653,山海声,又拖[看],[等级23],[粉丝团 Lv6]
2026-05-22 23:57:32,83536529771,🤨,[看][看],[等级30],
2026-05-22 23:57:32,105029362429,丨鏖丨,？,[等级3],[粉丝团 Lv4]
2026-05-22 23:57:33,92861533806,🌈Gspecialc,宵夜来一个[看],[等级14],[粉丝团 Lv5]
2026-05-22 23:57:33,770087998721191,占卜师,[捂脸][捂脸][捂脸],[等级15],[粉丝团 Lv13]
2026-05-22 23:57:34,3432052796172665,浩子爹,下去落地成盒了,[等级1],[粉丝团 Lv1]
2026-05-22 23:57:34,58839994030,。徐安星,真正的最后的一把，这把真是谁会把出门，因为是赛季的，对吧？然后呢再打一把。加班主播你每天这么辛苦还要,[等级25],[粉丝团 Lv7]
2026-05-22 23:57:34,3122263092117982,荣昌嗷卵犟,咋不招募了,[等级17],[粉丝团 Lv1]
2026-05-22 23:57:34,94385687758,小梅要努力,蛙那边碎了[看],[等级29],
2026-05-22 23:57:35,94426266407,腋毛爆炒蟑螂腿,[发呆][发呆][发呆],[等级29],[粉丝团 Lv7]
2026-05-22 23:57:35,107677191116,记得早睡,婆娘,[等级13],
2026-05-22 23:57:35,235723996298219,张君雅精彩画面,[捂脸][捂脸][捂脸],[等级8],[粉丝团 Lv11]
2026-05-22 23:57:36,84106755362,幽灵呆,？,[等级11],[粉丝团 Lv6]
2026-05-22 23:57:36,818458912358512,34177028007,？？？,[等级3],
2026-05-22 23:57:37,263505859580797,· Abyss,谁说了[捂脸],[等级21],[粉丝团 Lv6]
2026-05-22 23:57:37,104227179249,🔪一笑卿莫言⁷⁰⁷,谁说了[捂脸][捂脸][捂脸],[等级31],[粉丝团 Lv13]
2026-05-22 23:57:37,83536529771,🤨,谁问了[捂脸],[等级30],
2026-05-22 23:57:37,100340563975,17,？,[等级14],
2026-05-22 23:57:37,99295421041,打车都坐后备箱的男人🌞,？,[等级19],
2026-05-22 23:57:37,1313284358672692,广联达建模（王）,[泪奔][黑脸][泪奔][黑脸][泪奔][黑脸],[等级16],[粉丝团 Lv7]
2026-05-22 23:57:37,96035345005,夏春明,生日快乐,[等级13],[粉丝团 Lv1]
2026-05-22 23:57:37,4162095481363833,mrtang,好同志，加什么班,,
2026-05-22 23:57:37,2007084944330340,陈不住气的,？,[等级9],[粉丝团 Lv2]
2026-05-22 23:57:37,394079141639065,P90,谁说了,[等级2],[粉丝团 Lv2]
2026-05-22 23:57:38,1257437656002798,某某.,?,[等级34],[粉丝团:张君雅 Lv16]
2026-05-22 23:57:38,93014642999,🌈南山楠,[看],[等级12],[粉丝团 Lv10]
2026-05-22 23:57:38,96767790783,邹邹睡不醒👁 ܫ 👁,可以可以，辛苦辛苦了,[等级20],
2026-05-22 23:57:38,61226959541,路人甲的煽情༊,比心君雅,[等级23],[粉丝团 Lv9]
2026-05-22 23:57:39,3617832573885482,、 •半世so倾城，号,菊花残，满地伤,[等级9],
2026-05-22 23:57:39,4476804713948349,Chenlin,爱死你了,[等级8],[粉丝团 Lv4]
2026-05-22 23:57:39,98422361441,多财多亿,谁敢这么说的,[等级12],
2026-05-22 23:57:39,176377349548877,李爱笑丿,谁说的,[等级4],
2026-05-22 23:57:39,2030154272751321,′,不是，谁说了,[等级5],
2026-05-22 23:57:39,2260194374216174,风_,太爱你了哇趣,,
2026-05-22 23:57:39,4233546532927219,🉑🈶🉑🈚,我说的我说的,[等级20],[粉丝团 Lv10]
2026-05-22 23:57:39,70216190964,万国觉醒-582,冲战神几点开始,[等级3],
2026-05-22 23:57:39,1478159719214247,热心村民,？,[等级15],[粉丝团 Lv9]
2026-05-22 23:57:39,7541605761006470204,糯儿,又在编弹幕了,,
2026-05-22 23:57:39,101682190938,🐏☔️✋,？,[等级2],[粉丝团 Lv4]
2026-05-22 23:57:40,4862013350589,厉扑,乱编弹幕了,[等级21],[粉丝团 Lv11]
2026-05-22 23:57:40,54421526629,🌈猫,刚好一会可以送灯牌,[等级26],[粉丝团 Lv11]
2026-05-22 23:57:40,98839084437,冰美式ᰔᩚ,谁说的[看],[等级38],[粉丝团 Lv5]
2026-05-22 23:57:40,2639247664757069,红枣.,谁说了啊？！,[等级9],[粉丝团 Lv10]
2026-05-22 23:57:41,68124104235,老男孩,谁问了,[等级34],[粉丝团 Lv10]
2026-05-22 23:57:41,110882406046,邱朝歌,编弹幕是吧,[等级14],
2026-05-22 23:57:41,111007266356,🔱守望w,谁说的？,[等级29],[粉丝团 Lv15]
2026-05-22 23:57:41,1291293317931904,徐运,谁说了,[等级28],
2026-05-22 23:57:41,108981829996,Liu2712,自说自话[看],[等级17],
2026-05-22 23:57:41,2581260324579916,忧郁的小猫咪,再打最后亿吧好吗,[等级19],[粉丝团 Lv11]
2026-05-22 23:57:41,2220639168496084,Mark•X 罗,菊花[捂脸][捂脸][捂脸][捂脸],[等级7],
2026-05-22 23:57:41,309411621386987,90后公子,没人说,[等级23],[粉丝团 Lv8]
2026-05-22 23:57:41,962790156670606,人生价值,？,[等级13],
2026-05-22 23:57:41,58150219405,ᯅ 对方已拒绝,谁说这个话了,[等级9],[粉丝团 Lv2]
2026-05-22 23:57:41,78357671332,笨蛋小雨别装,谁问了,[等级8],[粉丝团 Lv1]
2026-05-22 23:57:41,465785282101639,辞忧*,100万赞走起,[等级10],[粉丝团 Lv9]
2026-05-22 23:57:42,60729317255,山峰角鱼,加班,[等级14],
2026-05-22 23:57:42,102324402171,✨ོ 顾 名ོ✨,自言自语[捂脸],[等级32],[粉丝团 Lv14]
2026-05-22 23:57:42,98422361441,多财多亿,[捂脸],[等级12],
2026-05-22 23:57:42,103833348462,止于心💫💫💫,点到一百万赞加班到两点点到一百万赞加班到两点点到一百万赞加班到两点点到一百万赞加班到两点,[等级20],[粉丝团 Lv10]
2026-05-22 23:57:43,71654358975,无悔（森）,又编弹幕,[等级22],[粉丝团 Lv11]
2026-05-22 23:57:43,107677191116,记得早睡,婆娘我想你,[等级13],
2026-05-22 23:57:43,1838847804575764,老农民A1,谁说的[捂脸][捂脸][捂脸],[等级33],[粉丝团 Lv15]
2026-05-22 23:57:43,109109492047,z浩哥,点点赞,[等级7],
2026-05-22 23:57:43,81294952450,：：,自己编弹幕是吧[看],[等级29],[粉丝团 Lv6]
2026-05-22 23:57:43,100340563975,17,？,[等级14],
2026-05-22 23:57:43,7597413643777770545,哭哭马,她就想猫局说一句不打了[看][看][看],[等级14],
2026-05-22 23:57:43,1989460539222873,龙记养生砂锅鸡煲官方号,1,[等级12],[粉丝团 Lv6]
2026-05-22 23:57:43,55955954299,言,谁说的[发怒],[等级20],[粉丝团 Lv9]
2026-05-22 23:57:43,97651537966,钢蛋子,不知道,[等级9],
2026-05-22 23:57:43,67580187885,不爱吃猪肉,君雅快过生日了[捂脸][捂脸][捂脸][捂脸],[等级24],[粉丝团 Lv11]
2026-05-22 23:57:43,61781610358,记忆点,依旧编弹幕[看],[等级19],[粉丝团 Lv9]
2026-05-22 23:57:44,4312762483477248,村里有个姑娘叫小芳,谁心疼你了[捂脸],[等级3],[粉丝团 Lv3]
2026-05-22 23:57:44,68445399838,耀辰,谁说的[捂脸],[等级31],[粉丝团 Lv9]
2026-05-22 23:57:45,1759669246498072,暴君,又遍弹幕,[等级27],[粉丝团 Lv10]
2026-05-22 23:57:45,764858599219059,⭐️人王疋虫⭐️⁵¹⁰⁷⁴,又无中生弹幕了[捂脸][捂脸][捂脸],[等级34],[粉丝团 Lv16]
2026-05-22 23:57:45,2261055922780271,絮果,？,[等级14],[粉丝团 Lv10]
2026-05-22 23:57:45,55159220102,BWRZ（记录美好）,[看],[等级36],[粉丝团 Lv16]
2026-05-22 23:57:45,432585927043624,东海孤鹰,[星星眼][星星眼][星星眼],[等级16],[粉丝团 Lv5]
2026-05-22 23:57:45,83536529771,🤨,谁这么糊涂啊,[等级30],
2026-05-22 23:57:46,103746868274,时来运转,[捂脸][捂脸]自己制造弹幕,[等级30],[粉丝团 Lv14]
2026-05-22 23:57:46,2798671553367552,⋅,主播我想你了,[等级17],
2026-05-22 23:57:47,587615959256659,军迷,无中生粉[捂脸][捂脸][捂脸],[等级17],[粉丝团 Lv11]
2026-05-22 23:57:47,96900384746,毛哥超级酷,谁问了,[等级6],[粉丝团 Lv1]
2026-05-22 23:57:47,110487983863,都怪你隐身太清晰,[捂脸],[等级17],[粉丝团 Lv8]
2026-05-22 23:57:47,539206085509316,天一                 道,又编弹幕[捂脸],[等级17],[粉丝团 Lv14]
2026-05-22 23:57:47,4100521391566020,黑大帅呀,那个黑子说加班辛苦的,,
2026-05-22 23:57:48,954832899805223,iODnGlk,哪儿呢，没看见这句,[等级18],[粉丝团 Lv2]
2026-05-22 23:57:48,93464944265,小有杰出🐭,谁说的？,[等级30],[粉丝团 Lv2]
2026-05-22 23:57:48,1666452086092492,L 。。,谁说的这话！自己说的吧[捂脸][捂脸][捂脸][捂脸],[等级14],[粉丝团 Lv6]
2026-05-22 23:57:48,86757099738,鲸鱼,主播今天过生日吗,[等级21],[粉丝团 Lv6]
2026-05-22 23:57:49,4162095481363833,mrtang,三分钟以后送人头下班,,
2026-05-22 23:57:49,99229601776,♋︎➹➹小菜鸟➷➷♋︎,谁说了这句话[捂脸],[等级17],[粉丝团 Lv12]
2026-05-22 23:57:49,67258057587,是我迷了,编弹幕？？,[等级3],
2026-05-22 23:57:49,1336641239917870,飛,[抠鼻][抠鼻][抠鼻][抠鼻][抠鼻],[等级22],[粉丝团 Lv1]
2026-05-22 23:57:49,68092828104,三郎,谁说了心疼呀...,[等级19],[粉丝团 Lv7]
2026-05-22 23:57:49,96261969310,酒醉人不归,枸杞？,[等级15],[粉丝团 Lv10]
2026-05-22 23:57:50,3074649853278756,静水行舟,嘴吃啥了，这么甜,[等级22],
2026-05-22 23:57:50,581020321841502,加饭,最近怎么不过生日了,[等级16],[粉丝团 Lv5]
2026-05-22 23:57:50,512832540246996,是李某某吖,谁说了？,[等级23],
2026-05-22 23:57:51,2350104233645243,派大星的海洋裤,编弹幕,[等级1],[粉丝团 Lv3]
2026-05-22 23:57:51,98127314878,艾瑞巴蒂跟我一起嗨,谁说的 怎么没看见[捂脸],[等级25],[粉丝团 Lv11]
2026-05-22 23:57:51,96109458661,梁培先生,其实你刚才说还有5分钟。然后还有4分钟。我听出来你不想打的[捂脸],[等级27],[粉丝团 Lv6]
2026-05-22 23:57:51,58150219405,ᯅ 对方已拒绝,哈哈哈哈哈,[等级9],[粉丝团 Lv2]
2026-05-22 23:57:51,22212740075,十五,谁说了，拉出来打,[等级14],[粉丝团 Lv11]
2026-05-22 23:57:51,68570719237,人生如梦^_^,蛙宝碎了[捂脸][捂脸][捂脸],[等级21],[粉丝团 Lv11]
2026-05-22 23:57:53,85931141960,北北林,[比心][比心],[等级19],[粉丝团 Lv5]
2026-05-22 23:57:53,59782841206,长 春,挺会编啊,[等级32],
2026-05-22 23:57:54,3626618449050856,琦,谁问你了,[等级19],
2026-05-22 23:57:55,3536450305396820,二两浊酒,胡说八说的,[等级1],
2026-05-22 23:57:56,60886839750,🌈成熟稳重胡老板。,谁说心疼了,[等级27],[粉丝团 Lv6]
2026-05-22 23:57:56,13060129382,薯条搭配土豆泥,我去！太宠粉了[流泪][流泪][流泪],[等级32],[粉丝团 Lv12]
2026-05-22 23:57:56,102324402171,✨ོ 顾 名ོ✨,让我们续灯牌是吧[捂脸],[等级32],[粉丝团 Lv14]
2026-05-22 23:57:56,1552938191817367,读不懂的心……,装[看],[等级10],[粉丝团 Lv3]
2026-05-22 23:57:56,1657681681585491,kivvvvvvv,爱播你是用手机玩的吗,[等级18],
2026-05-22 23:57:56,110005609030,Slient,又加班了,[等级27],[粉丝团 Lv11]
2026-05-22 23:57:57,96018240476,v,吴中生有,[等级4],[粉丝团 Lv2]
2026-05-22 23:57:58,1301444965974173,朔风澄,？？？,[等级7],
2026-05-22 23:57:58,185179001089518,遇见☃️,还有三分钟又过生日[捂脸],[等级13],
2026-05-22 23:57:58,61163235525,刚,谁说的？拉出来枪毙五分钟,[等级7],
2026-05-22 23:57:59,1433410145888648,龙,我想看主播流泪,[等级24],[粉丝团 Lv10]
2026-05-22 23:57:59,67658256581,Yang🌻,谁说了,[等级10],[粉丝团 Lv11]
2026-05-22 23:58:00,386652325291725,zheng,今晚加班啊。,[等级10],[粉丝团 Lv2]
2026-05-22 23:58:00,96900384746,毛哥超级酷,谁问了,[等级6],[粉丝团 Lv1]
2026-05-22 23:58:01,91666146753,燃,这个弹幕在哪里哦，你自己脑补的吧[戳手手],[等级9],
2026-05-22 23:58:01,3971869483738808,愷琪,谁问了[看][看],[等级29],
2026-05-22 23:58:01,4476804713948349,Chenlin,爱死你了,[等级8],[粉丝团 Lv4]
2026-05-22 23:58:01,71486992154,🍓,什么快递 什么时候到,[等级21],[粉丝团 Lv10]
2026-05-22 23:58:01,108332748130,相遇微时,嘴说没用，来个华子提提神[呲牙],[等级16],
2026-05-22 23:58:01,72021972089,遗忘的角落,S50跟大炮的子弹现在是一样的吗？,,
2026-05-22 23:58:02,4312762483477248,村里有个姑娘叫小芳,加班到天亮,[等级3],[粉丝团 Lv3]
2026-05-22 23:58:02,94205687834,噗嗤,46🌟吗,[等级34],
2026-05-22 23:58:03,2524131724627741,白杆杆™,快递？[捂脸],[等级14],[粉丝团 Lv11]
2026-05-22 23:58:03,954832899805223,iODnGlk,谁说的,[等级18],[粉丝团 Lv2]
2026-05-22 23:58:05,63489959611,ঞৣ᭄Nᰔᩚa⁵²º᭄,加班加班   加油,[等级20],
2026-05-22 23:58:06,93506935628,甜的白开水,你说的这句话你是在你脑子里看到的吗,[等级1],
2026-05-22 23:58:07,91626027257,冰镇麻辣烫,心疼毛线，天天在海岛乱杀，我天天趴草里都没说话[捂脸],[等级7],
2026-05-22 23:58:07,100340563975,17,？,[等级14],
2026-05-22 23:58:07,1552938191817367,读不懂的心……,还得是我局哥[比心],[等级10],[粉丝团 Lv3]
2026-05-22 23:58:07,96109458661,梁培先生,点点赞,[等级27],[粉丝团 Lv6]
2026-05-22 23:58:08,104932664394,时光中有你,谁说的,[等级18],[粉丝团 Lv10]
2026-05-22 23:58:08,693104961931683,静洲,你别加班了了[捂脸],[等级14],[粉丝团 Lv7]
2026-05-22 23:58:09,2219258385534067,16,打房间赛啊,[等级16],[粉丝团 Lv9]
2026-05-22 23:58:09,93152750336,逐夢*^_^*隨心,无中生弹幕,[等级15],[粉丝团 Lv10]
2026-05-22 23:58:09,2269019460342412,爱吃火锅的二喵,好的,[等级11],[粉丝团 Lv10]
2026-05-22 23:58:10,2181037444839293,季夏廿五芒,求我,[等级13],[粉丝团 Lv9]
2026-05-22 23:58:10,2409724869872109,邪恶李李 🫧,菜园子第四把差两人被干了[捂脸],[等级32],[粉丝团 Lv10]
2026-05-22 23:58:10,100459313206,莉枝,点点点,[等级17],[粉丝团 Lv10]
2026-05-22 23:58:12,97658434227,滋欧邹,没得我点包谷累,[等级15],[粉丝团 Lv3]
2026-05-22 23:58:12,2884772227983111,阿旭,哎呀呀,[等级8],[粉丝团 Lv6]
2026-05-22 23:58:12,71169628969,死之不渝〃,辛苦什么，必须通宵[捂脸],[等级23],
2026-05-22 23:58:12,98660262853,分伙戏猪猴,无中生粉,[等级7],[粉丝团 Lv4]
2026-05-22 23:58:12,3494715881947162,不玩了⁵¹⁰⁷⁴,生日快乐,[等级36],[粉丝团 Lv14]
2026-05-22 23:58:13,4314916384157933,林大胆很胆小,张君雅,[等级23],[粉丝团 Lv7]
2026-05-22 23:58:14,4503658257446344,🥐cornetto,谁说的,[等级41],[粉丝团 Lv7]
2026-05-22 23:58:14,70216190964,万国觉醒-582,几点开始冲,[等级3],
2026-05-22 23:58:14,100515465222,✨甜憨憨吖🌈,哪个弹幕老师这么装,[等级8],[粉丝团 Lv4]
2026-05-22 23:58:14,74598905234,天下诱我,把快递传递给我们[捂脸],[等级13],[粉丝团 Lv4]
2026-05-22 23:58:14,1759669246498072,暴君,又编弹幕,[等级27],[粉丝团 Lv10]
2026-05-22 23:58:16,58839994030,。徐安星,你们了你们也从我行吗帮我点个一百万赞好吧我数三二一我们一起点赞呗我都没有说大家点一百万赞我在加班我都,[等级25],[粉丝团 Lv7]
2026-05-22 23:58:16,100264533746,谙💎咫,估计下去就送了，然后你们就得看局哥,[等级12],[粉丝团 Lv10]
2026-05-22 23:58:16,109756665406,ᑮéиg宝🧸ོ,[捂脸][捂脸][捂脸],[等级29],[粉丝团 Lv12]
2026-05-22 23:58:17,109876312721,吥悳,宝贝不加班了好吗？看到你那么辛苦我心疼,[等级24],[粉丝团 Lv10]
2026-05-22 23:58:17,1857521115731595,屁桃,这也没人问啊,[等级1],
2026-05-22 23:58:18,98127314878,艾瑞巴蒂跟我一起嗨,这个可以[666][666][666][666],[等级25],[粉丝团 Lv11]
2026-05-22 23:58:18,83776080675,小叶子🐇🐰⁸⁰⁰⁸,嘴宝刚才打了两把,[等级34],[粉丝团 Lv13]
2026-05-22 23:58:19,1301444965974173,朔风澄,谁问了？？？,[等级7],
2026-05-22 23:58:19,2824008837643668,Hom,点了,,
2026-05-22 23:58:20,1988337936902653,钢铁的意志,[比心][比心],[等级13],
2026-05-22 23:58:20,996575303434900,🀄️A9527🌈,@人生如梦^_^ 不是碎了，是没过四星，来不及了[捂脸][捂脸][捂脸],[等级10],[粉丝团 Lv4]
2026-05-22 23:58:20,792061057970573,曲终散ꦿ,必须可以,[等级20],[粉丝团 Lv10]
2026-05-22 23:58:20,66000111942,東,又自言自语了,[等级6],[粉丝团 Lv4]
2026-05-22 23:58:21,3619206768628157,除暴安良的良,我又回来了,[等级2],
2026-05-22 23:58:22,2669257586384200,白晓溪,这个小菠萝好像认识你。[捂脸][捂脸],,
2026-05-22 23:58:23,954832899805223,iODnGlk,先加味精,[等级18],[粉丝团 Lv2]
2026-05-22 23:58:23,111177217836,华华,自己编的吧,[等级2],
2026-05-22 23:58:24,84106755362,幽灵呆,叽里咕噜说啥呢[看],[等级11],[粉丝团 Lv6]
2026-05-22 23:58:24,4314916384157933,林大胆很胆小,君雅老宝贝哈喽,[等级23],[粉丝团 Lv7]
2026-05-22 23:58:27,3865495664595544,活人微死,居然加班了吗[比心],[等级12],[粉丝团 Lv9]
2026-05-22 23:58:28,109620463470,凡尘烟火,必须点,[等级24],[粉丝团 Lv1]
2026-05-22 23:58:30,67580187885,不爱吃猪肉,[捂脸][捂脸][捂脸],[等级24],[粉丝团 Lv11]
2026-05-22 23:58:31,3913913666903720,太阳☀,确实，我最讨厌加班了，一听要加班，恨不得拿刀砍老板,[等级41],[粉丝团 Lv13]
2026-05-22 23:58:32,88757268529,张小狮,[捂脸][捂脸][捂脸][捂脸],[等级11],[粉丝团 Lv11]
2026-05-22 23:58:32,59260357003,✨罗某某✨,从10数到1就100万赞了,[等级18],[粉丝团 Lv11]
2026-05-22 23:58:32,4358906657647760,o,我是新粉丝爱播能叫我宝贝吗,[等级20],[粉丝团 Lv2]
2026-05-22 23:58:33,69429372009,邋遢小艺术家,321,[等级24],[粉丝团 Lv14]
2026-05-22 23:58:33,4233546532927219,🉑🈶🉑🈚,[捂脸][捂脸],[等级20],[粉丝团 Lv10]
2026-05-22 23:58:33,1935560327829655,强,加班[赞][赞][赞],[等级15],
2026-05-22 23:58:34,62817511026,渡人不如渡己,有,[等级23],
2026-05-22 23:58:35,4162095481363833,mrtang,退出来下班,,
2026-05-22 23:58:36,866070067938404,恋人心,点了,[等级6],
2026-05-22 23:58:37,96007704611,君君君君,哈哈哈哈,[等级18],[粉丝团 Lv4]
2026-05-22 23:58:38,1552938191817367,读不懂的心……,是不是今天没有过生日呀[看],[等级10],[粉丝团 Lv3]
2026-05-22 23:58:38,1433410145888648,龙,主播，有没有感觉到我的手速？,[等级24],[粉丝团 Lv10]
2026-05-22 23:58:39,309411621386987,90后公子,点了,[等级23],[粉丝团 Lv8]
2026-05-22 23:58:39,60009538444,小豆豆年华,你说呢对[捂脸],[等级11],[粉丝团 Lv9]
2026-05-22 23:58:40,2824008837643668,Hom,举手之点,,
2026-05-22 23:58:42,58509883833,南飞,这小嘴巴巴的[捂脸],[等级19],[粉丝团 Lv4]
2026-05-22 23:58:42,1759669246498072,暴君,都不是什么好粉丝,[等级27],[粉丝团 Lv10]
2026-05-22 23:58:43,62817511026,渡人不如渡己,又开始pua.,[等级23],
2026-05-22 23:58:43,72021972089,遗忘的角落,S50子弹跟大炮一样吗？,,
2026-05-22 23:58:44,2497681057383246,觉巍,不被粉丝宠爱的主播不是好厨子,[等级19],[粉丝团 Lv15]
2026-05-22 23:58:45,106792153459,那年，已是过去。,❤飘起来,[等级4],
2026-05-22 23:58:45,22457894056600,🌙捧花看海～,在点了在点了,[等级13],[粉丝团 Lv10]
2026-05-22 23:58:47,102196630799,庆华,500万,[等级16],[粉丝团 Lv11]
2026-05-22 23:58:48,93343700619,李天语,装车了,[等级21],
2026-05-22 23:58:49,100515465222,✨甜憨憨吖🌈,说这话的喊派出所拿枪来打了,[等级8],[粉丝团 Lv4]
2026-05-22 23:58:51,2274247923467549,知遇👣,@万国觉醒-582 正常打不冲,[等级24],[粉丝团 Lv10]
2026-05-22 23:58:52,54842942123,এ᭄°余生丶请指教ꦿᮁ໊এ᭄゛,手疼,[等级15],[粉丝团 Lv8]
2026-05-22 23:58:53,2528464736617099,小卫,又又又谁问了[看],[等级4],
2026-05-22 23:58:53,101592270032,半壶寒记,数啊,[等级14],[粉丝团 Lv3]
2026-05-22 23:58:54,72707849024,文案时光@,以前你们两是不是在端游上播 你打狙,[等级28],
2026-05-22 23:58:55,4493046674896858,就喜欢你这样的,不喊大哥  就想点赞,,
2026-05-22 23:58:57,96543965795,放学了,一天直播,[等级17],
2026-05-22 23:58:57,107677191116,记得早睡,昨天看到他了[看],[等级13],
2026-05-22 23:58:59,3488064856926462,我爱玩游戏,刚准备睡觉了，怎么又来一把[抱抱你],,
2026-05-22 23:59:05,185179001089518,遇见☃️,就点10下,[等级13],
2026-05-22 23:59:07,70216190964,万国觉醒-582,@知遇👣 哦,[等级3],
2026-05-22 23:59:09,98335413480,不离不弃,厉害,[等级6],
2026-05-22 23:59:10,98127314878,艾瑞巴蒂跟我一起嗨,这个可以点,[等级25],[粉丝团 Lv11]
2026-05-22 23:59:12,86435338328,腾势D9大队长,点到两百万,[等级19],[粉丝团 Lv10]
2026-05-22 23:59:12,800094222813292,差生没文具,这把可别提早下班[看][看][看],[等级21],[粉丝团 Lv12]
2026-05-22 23:59:12,72021972089,遗忘的角落,S50子弹跟大炮一样吗？,,
2026-05-22 23:59:14,1253906364765838,今天怎么办,上把吃鸡了吗家人吗,[等级20],[粉丝团 Lv4]
2026-05-22 23:59:16,81871182718,大囧,难得加班呀,[等级6],[粉丝团 Lv4]
2026-05-22 23:59:16,61757888268,_喊我大嘴,看张君雅直播真的可以学到很多,[等级30],[粉丝团 Lv14]
2026-05-22 23:59:17,110940994932,听 棠,点赞,[等级25],
2026-05-22 23:59:18,72707849024,文案时光@,火山上的时候 你也播 打狙,[等级28],
2026-05-22 23:59:18,3565088149617788,怡红院张掌柜,[捂脸],[等级28],[粉丝团 Lv2]
2026-05-22 23:59:23,954832899805223,iODnGlk,预计三分钟100万赞,[等级18],[粉丝团 Lv2]
2026-05-22 23:59:24,67580187885,不爱吃猪肉,快过生日了[捂脸][捂脸][捂脸],[等级24],[粉丝团 Lv11]
2026-05-22 23:59:26,92316285483,三,现在12点了,[等级19],[粉丝团 Lv6]
2026-05-22 23:59:26,100264533746,谙💎咫,她能活十分钟我倒立洗头[捂脸],[等级12],[粉丝团 Lv10]
2026-05-22 23:59:26,72419691347,🐯.  瑩瑩瑩,@遗忘的角落 嗯,[等级14],
2026-05-22 23:59:27,1121139779972068,不好意思，没名,手都点麻了,[等级15],
2026-05-22 23:59:28,2260194374216174,风_,发力到两百万啊,,
2026-05-22 23:59:28,99372859314,启  夏,@遗忘的角落 是,[等级25],[粉丝团 Lv15]
2026-05-22 23:59:29,64352008185,林较瘦,多的我不点，我就点100下,[等级12],[粉丝团 Lv6]
2026-05-22 23:59:30,4162095481363833,mrtang,自雷下班,,
2026-05-22 23:59:30,3857544199016952,会流泪的苦瓜,早上好,[等级13],
2026-05-22 23:59:31,110487983863,都怪你隐身太清晰,[捂脸][捂脸][捂脸],[等级17],[粉丝团 Lv8]
2026-05-22 23:59:32,1552938191817367,读不懂的心……,是不是还有信号枪,[等级10],[粉丝团 Lv3]
2026-05-22 23:59:32,712957359043731,所爱非山谷,？,[等级3],[粉丝团 Lv2]
2026-05-22 23:59:33,72021972089,遗忘的角落,S50子弹跟大炮一样吗？,,
2026-05-22 23:59:33,61635872513,Y.γ_yi,[捂脸][捂脸][捂脸][捂脸][捂脸],[等级18],[粉丝团 Lv7]
2026-05-22 23:59:34,7443467011387458618,骨阿夫特嫩,[捂脸][捂脸][捂脸],[等级31],
2026-05-22 23:59:35,1983979380030103,人不能天真一辈子.,[捂脸][捂脸][捂脸],[等级23],[粉丝团 Lv4]
2026-05-22 23:59:35,1257437656002798,某某.,老baby就是疼粉丝,[等级34],[粉丝团:张君雅 Lv16]
2026-05-22 23:59:35,1525761913136445,🎣去钓鱼吖,200,[等级27],[粉丝团 Lv9]
2026-05-22 23:59:35,63335282694,🤞 Mis,每天过生日,[等级2],
2026-05-22 23:59:35,105378086467,🌈沃的发,[捂脸][捂脸][捂脸][捂脸],[等级16],
2026-05-22 23:59:36,53463059062,行了别说了,？,[等级17],[粉丝团 Lv11]
2026-05-22 23:59:36,60375221243,🍎浢包,又过生日？,[等级13],[粉丝团 Lv10]
2026-05-22 23:59:37,2007084944330340,陈不住气的,又过生日,[等级9],[粉丝团 Lv2]
2026-05-22 23:59:37,87023525599,哆啦没有梦。,又过生日呐,[等级12],[粉丝团 Lv3]
2026-05-22 23:59:37,71747499339,十 三,还有一分钟我生日就过去了[捂脸],[等级21],[粉丝团 Lv10]
2026-05-22 23:59:37,3821556896629476,太阳🌞,天天陪你直播，发个宵夜出来。,[等级12],
2026-05-22 23:59:39,3081249656942352,momo,[捂脸],[等级10],[粉丝团 Lv10]
2026-05-22 23:59:39,99221713338,YangGe,又过生,[等级25],
2026-05-22 23:59:39,2274247923467549,知遇👣,@冰镇麻辣烫 你人机别说话,[等级24],[粉丝团 Lv10]
2026-05-22 23:59:39,110284079416,芝芝,？,[等级20],[粉丝团 Lv10]
2026-05-22 23:59:41,1020760210276615,栽了又,[捂脸][捂脸][捂脸],[等级9],[粉丝团 Lv9]
2026-05-22 23:59:41,103424488214,子枫哥哥,又过生日,[等级10],
2026-05-22 23:59:41,66778118384,元宵,同一天生日真的假的？,[等级7],
2026-05-22 23:59:41,60291070652,涛哥🆒,[捂脸][捂脸][捂脸][捂脸],[等级21],[粉丝团 Lv15]
2026-05-22 23:59:42,800094222813292,差生没文具,没人回答[看][看][看],[等级21],[粉丝团 Lv12]
2026-05-22 23:59:42,2744023257720807,血染南国,忒,[等级8],[粉丝团 Lv12]
2026-05-22 23:59:43,104304607385,柒月_7,又骗无人机,[等级26],
2026-05-22 23:59:43,1759669246498072,暴君,[捂脸],[等级27],[粉丝团 Lv10]
2026-05-22 23:59:46,5548727764,我超棒,天天过生日,[等级11],[粉丝团 Lv9]
2026-05-22 23:59:48,87023525599,哆啦没有梦。,咋天天过生日[捂脸],[等级12],[粉丝团 Lv3]
2026-05-22 23:59:48,3204413110881447,咩咩,又过生日了,[等级10],[粉丝团 Lv10]
2026-05-22 23:59:48,68128483419,秋霜,队友表示你多余了，不搭理你[捂脸][捂脸][捂脸],[等级33],[粉丝团 Lv12]
2026-05-22 23:59:50,97330506687,有缘路人,[捂脸][捂脸][捂脸][捂脸],[等级28],[粉丝团 Lv11]
2026-05-22 23:59:51,85931141960,北北林,队友不理你 哈哈哈,[等级19],[粉丝团 Lv5]
2026-05-22 23:59:51,1313284358672692,广联达建模（王）,[泪奔][黑脸],[等级16],[粉丝团 Lv7]
2026-05-22 23:59:53,99221713338,YangGe,天天过生,[等级25],
2026-05-22 23:59:53,7620820030087382065,鲲之大一锅炖不下,又过生日吗？,,
2026-05-22 23:59:54,72419691347,🐯.  瑩瑩瑩,@元宵 假的[捂脸],[等级14],
2026-05-22 23:59:55,78611720919,阿秋☞,您高寿啊？[捂脸],[等级8],
2026-05-22 23:59:57,60629569610,天天向上。,大疆无人机,[等级14],[粉丝团 Lv2]
2026-05-23 00:00:01,50440656118,ღ᭄把心归零࿐,我点了500下[爱心],[等级16],[粉丝团 Lv5]
2026-05-23 00:00:01,59260357003,✨罗某某✨,从100数到1帮你点500万赞,[等级18],[粉丝团 Lv11]
2026-05-23 00:00:04,939414047703796,🍐,生日快乐,,
2026-05-23 00:00:05,4503658257446344,🥐cornetto,你过得是每个月的月日,[等级41],[粉丝团 Lv7]
2026-05-23 00:00:07,2678867129022343,HQ玩路亚🎣,诞辰？,[等级4],
2026-05-23 00:00:07,99031714965,咁啱嘅咪,老黑天天过生日[捂脸][捂脸][捂脸],[等级2],[粉丝团 Lv3]
2026-05-23 00:00:07,2242647475357389,冷脸猛甩人巴掌后发呆狂吃五万个煎蛋的雨夜,我去 四十万点到一百万 牛逼,[等级4],[粉丝团 Lv4]
2026-05-23 00:00:07,77414545015,3哥,君雅有没有三十岁,[等级29],
2026-05-23 00:00:07,96672934131,S孫謀朲,一百万有我3000赞,[等级13],[粉丝团 Lv12]
2026-05-23 00:00:08,105378086467,🌈沃的发,雅雅大美女，生日快乐,[等级16],
2026-05-23 00:00:09,94182293522,忙上忙下,多少岁,[等级25],
2026-05-23 00:00:10,96767790783,邹邹睡不醒👁 ܫ 👁,一百万拿下,[等级20],
2026-05-23 00:00:11,7622256497552180273,霸霸ᅟᅠᅟᅠᅟᅠᅟᅠ ᅟᅠᅟᅠ୧⍤⃝🥕,加班呀！给咱君雅点点赞[比心][比心][比心][比心][比心][比心][比心],[等级10],[粉丝团 Lv9]
2026-05-23 00:00:11,96643784673,玖玖,生日快乐,[等级13],[粉丝团 Lv1]
2026-05-23 00:00:12,849298153805198,羊马佳诚车行 亿顺力,女盆友80大寿[捂脸][捂脸][捂脸],[等级12],[粉丝团 Lv10]
2026-05-23 00:00:12,58150219405,ᯅ 对方已拒绝,100了,[等级9],[粉丝团 Lv2]
2026-05-23 00:00:12,100507987017,生猪收购,一百万了,[等级14],[粉丝团 Lv1]
2026-05-23 00:00:13,3716775926832599,（笑而不语）,悍妇,[等级22],
2026-05-23 00:00:14,3843541681840615,Locke,100万了,[等级27],[粉丝团 Lv3]
2026-05-23 00:00:15,86435338328,腾势D9大队长,兄弟们加油,[等级19],[粉丝团 Lv10]
2026-05-23 00:00:15,84831175590,柒月,516,[等级35],[粉丝团 Lv6]
2026-05-23 00:00:16,1747536987306650,用户1980530019530,到了,,
2026-05-23 00:00:18,2792375375108893,旗7756,到100万了,[等级9],[粉丝团 Lv2]
2026-05-23 00:00:18,111037877835,黄鹤楼•天赐淡雅香,今天加班啊,[等级30],[粉丝团 Lv12]
2026-05-23 00:00:19,4312762483477248,村里有个姑娘叫小芳,家人们明天中午见,[等级3],[粉丝团 Lv3]
2026-05-23 00:00:20,4162095481363833,mrtang,去干，嘎了就下班。,,
2026-05-23 00:00:20,2824008837643668,Hom,100w赞了,,
2026-05-23 00:00:20,488632485164679,芋泥波波加淤泥,100万了，手酸了,[等级7],[粉丝团 Lv8]
2026-05-23 00:00:21,61225125818,发困困困媛.,拿下拿下,[等级8],[粉丝团 Lv10]
2026-05-23 00:00:22,100574449136,包孑,60大寿,[等级15],
2026-05-23 00:00:22,1717882393730153,南禾沐阳,500下累了,[等级14],[粉丝团 Lv11]
2026-05-23 00:00:22,60375221243,🍎浢包,你这一年的生日太多了[捂脸],[等级13],[粉丝团 Lv10]
2026-05-23 00:00:23,110668064150,小魏,停，100万了,[等级14],[粉丝团 Lv8]
2026-05-23 00:00:23,77045933471,香里柒,100万了,[等级18],[粉丝团 Lv10]
2026-05-23 00:00:23,2242647475357389,冷脸猛甩人巴掌后发呆狂吃五万个煎蛋的雨夜,粉丝溺爱这一块哈哈哈哈哈,[等级4],[粉丝团 Lv4]
2026-05-23 00:00:24,1759669246498072,暴君,点赞怎么不动了，是卡了吗,[等级27],[粉丝团 Lv10]
2026-05-23 00:00:24,111519916804,最初的梦想✨,100万了,[等级9],[粉丝团 Lv3]
2026-05-23 00:00:24,105413483630,永恒♡,200,[等级24],[粉丝团 Lv9]
2026-05-23 00:00:24,96109458661,梁培先生,说一百万真一百万赞，还得是你啊张君雅[看],[等级27],[粉丝团 Lv6]
2026-05-23 00:00:26,106874679936,꧁Darker꧂,菊花快乐,[等级17],
2026-05-23 00:00:30,3078225537805712,凯蒂🐱,不过一天不过生日浑身难受不得劲啊,[等级17],[粉丝团 Lv12]
2026-05-23 00:00:30,954832899805223,iODnGlk,我擦，1分钟点了40万赞,[等级18],[粉丝团 Lv2]
2026-05-23 00:00:31,106792153459,那年，已是过去。,百万过了[赞],[等级4],
2026-05-23 00:00:32,99139687773,@蓬溪美缝～小胡,小妹崽一天精力充沛，中午到现在[赞][赞][赞],[等级11],
2026-05-23 00:00:33,105614299326,潵z悾尐誋憶,拿下100万,[等级15],[粉丝团 Lv11]
2026-05-23 00:00:33,61787933842,任平生,给你点了600下,[等级11],[粉丝团 Lv6]
2026-05-23 00:00:34,3913913666903720,太阳☀,三分钟点50多万赞[赞][赞][赞][赞],[等级41],[粉丝团 Lv13]
2026-05-23 00:00:36,108332748130,相遇微时,到了，我点1000,[等级16],
2026-05-23 00:00:37,2260194374216174,风_,再来一百万吧大家,,
2026-05-23 00:00:38,2810776444220189,dhkslal,怎么今天加班了,[等级30],[粉丝团 Lv1]
2026-05-23 00:00:39,97311655290,绝版货,生日快乐[比心][比心][比心][比心],[等级4],
2026-05-23 00:00:40,61225125818,发困困困媛.,冲两百万[看],[等级8],[粉丝团 Lv10]
2026-05-23 00:00:42,2242647475357389,冷脸猛甩人巴掌后发呆狂吃五万个煎蛋的雨夜,停停停不点了超了哈哈哈哈[看][看],[等级4],[粉丝团 Lv4]
2026-05-23 00:00:42,3971028710856508,哎呦,祝香香甜甜的雅雅 生日快乐,[等级18],[粉丝团 Lv10]
2026-05-23 00:00:42,102868157861,西贝巴巴,今天真我生日,[等级7],
2026-05-23 00:00:42,104991203917,好好就好🐎🐎🐎,到了,[等级7],[粉丝团 Lv3]
2026-05-23 00:00:43,409461624675567,听风,为什么不能快进啊,,
2026-05-23 00:00:44,105413483630,永恒♡,200准备拿下好吗,[等级24],[粉丝团 Lv9]
2026-05-23 00:00:44,97062046755,男主角♂林,点了六百多赞,[等级13],[粉丝团 Lv1]
2026-05-23 00:00:47,61757888268,_喊我大嘴,@3哥 那肯定没有,[等级30],[粉丝团 Lv14]
2026-05-23 00:00:48,86435338328,腾势D9大队长,一百万太轻松了吧,[等级19],[粉丝团 Lv10]
2026-05-23 00:00:49,96767790783,邹邹睡不醒👁 ܫ 👁,黑风寨的凝聚力,[等级20],
2026-05-23 00:00:49,104975741235,小Q丶,祝你昨天生日快乐[比心],[等级16],[粉丝团 Lv2]
2026-05-23 00:00:50,68171781626,花辞树,还有信号枪,[等级24],[粉丝团 Lv11]
2026-05-23 00:00:51,16253603096,无限,这是加班呢，,[等级21],[粉丝团 Lv11]
2026-05-23 00:01:00,4862013350589,厉扑,简简单单拿下100万,[等级21],[粉丝团 Lv11]
2026-05-23 00:01:01,2159866394979848,用户3415706323344,点了800,[等级10],[粉丝团 Lv7]
2026-05-23 00:01:02,1024364650701038,=…自在🍒随心,这是加班的节奏吗？,[等级22],[粉丝团 Lv6]
2026-05-23 00:01:02,409461624675567,听风,为什么不能快进啊,,
2026-05-23 00:01:04,108825768878,南山居士,大家点点赞争取突破一个亿点赞,[等级1],
2026-05-23 00:01:05,4345691005783246,Its-ok,为了给主播点赞，换了几个手机屏幕了,[等级1],
2026-05-23 00:01:07,2260194374216174,风_,大家练练手速,,
2026-05-23 00:01:08,104382340722,独自闯天涯,1080,[等级19],[粉丝团 Lv1]
2026-05-23 00:01:09,98748731141,腿,哈吉米,[等级3],
2026-05-23 00:01:10,1552938191817367,读不懂的心……,一百万一点难度都没有[捂脸],[等级10],[粉丝团 Lv3]
2026-05-23 00:01:11,13090668748,开心就好,今晚是不是这个赛季就结束了,[等级9],[粉丝团 Lv10]
2026-05-23 00:01:11,2242647475357389,冷脸猛甩人巴掌后发呆狂吃五万个煎蛋的雨夜,真要两百万吗 你们手速好快[看],[等级4],[粉丝团 Lv4]
2026-05-23 00:01:12,104433614986,讷,点了888,[等级22],[粉丝团 Lv12]
2026-05-23 00:01:15,94171084944,春杪,arx和ACE那个好用？,[等级11],[粉丝团 Lv5]
2026-05-23 00:01:16,61225125818,发困困困媛.,冲两百家人们,[等级8],[粉丝团 Lv10]
2026-05-23 00:01:16,2834967609487768,陈泰庆,3级甲不给队友,[等级10],[粉丝团 Lv2]
2026-05-23 00:01:17,3913913666903720,太阳☀,粉丝还是有凝聚力的三分钟50万赞[赞][赞][赞],[等级41],[粉丝团 Lv13]
2026-05-23 00:01:17,4139034352817720,舅舅,下次叫大家点到500万[捂脸][捂脸][捂脸],[等级2],[粉丝团 Lv5]
2026-05-23 00:01:17,88757268529,张小狮,点到一千,[等级11],[粉丝团 Lv11]
2026-05-23 00:01:19,954832899805223,iODnGlk,点赞把屏幕戳了个洞,[等级18],[粉丝团 Lv2]
2026-05-23 00:01:20,2330588968395416,贝塔β,再点点呗，一鼓作气点200万,[等级25],[粉丝团 Lv14]
2026-05-23 00:01:21,108825768878,南山居士,强烈呼吁和平精英必须给和平一姐张君雅全套黄金风衣的第10天！,[等级1],
2026-05-23 00:01:21,2242647475357389,冷脸猛甩人巴掌后发呆狂吃五万个煎蛋的雨夜,是的呢五点更新,[等级4],[粉丝团 Lv4]
2026-05-23 00:01:24,2274247923467549,知遇👣,@谙💎咫 她活过十分钟你送华子啊,[等级24],[粉丝团 Lv10]
2026-05-23 00:01:26,4345691005783246,Its-ok,为了给主播点赞，换了几个手机屏幕了,[等级1],
2026-05-23 00:01:26,4503658257446344,🥐cornetto,这召唤力真心牛逼,[等级41],[粉丝团 Lv7]
2026-05-23 00:01:28,892413678724877,厌遇,一百万了，粉丝也爱你[不失礼貌的微笑][斜眼],[等级24],[粉丝团 Lv7]
2026-05-23 00:01:28,62586327039,🌈陌路,还有信号枪，来个无人机,[等级12],[粉丝团 Lv8]
2026-05-23 00:01:28,69365254810,强哆哆、,好多人都没点,[等级11],[粉丝团 Lv8]
2026-05-23 00:01:30,76623703499,清禾,这个点打已经不加分了？,[等级31],[粉丝团 Lv1]
2026-05-23 00:01:33,95605821824,难哄,[打call][打call][打call][打call][打call][打call],[等级29],[粉丝团:张君雅 Lv12]
2026-05-23 00:01:34,97209516129,333,老黑,[等级14],
2026-05-23 00:01:35,871246271356731,じ忘情老坛酸菜面꧔ꦿ᭄,有打字的功夫都可以点20下了，,[等级20],[粉丝团 Lv12]
2026-05-23 00:01:38,61757888268,_喊我大嘴,@🍎浢包 一年365天过生日,[等级30],[粉丝团 Lv14]
2026-05-23 00:01:40,108825768878,南山居士,强烈呼吁和平精英必须给和平一姐张君雅全套黄金风衣的第10天！,[等级1],
2026-05-23 00:01:42,72419691347,🐯.  瑩瑩瑩,@春杪 ace,[等级14],
2026-05-23 00:01:44,97311655290,绝版货,生日快乐,[等级4],
2026-05-23 00:01:48,4862013350589,厉扑,[捂脸][捂脸][捂脸][捂脸][捂脸],[等级21],[粉丝团 Lv11]
2026-05-23 00:01:49,2242647475357389,冷脸猛甩人巴掌后发呆狂吃五万个煎蛋的雨夜,二百万还有九十万,[等级4],[粉丝团 Lv4]
2026-05-23 00:01:51,109424540855,¹₃¹₄ ᥫᩣ ⁵²º ·丹༉,[捂脸][捂脸][捂脸],[等级5],[粉丝团 Lv8]
2026-05-23 00:01:51,99372859314,启  夏,[捂脸][捂脸][捂脸],[等级25],[粉丝团 Lv15]
2026-05-23 00:01:52,4314916384157933,林大胆很胆小,君雅她妹妹张二雅,[等级23],[粉丝团 Lv7]
2026-05-23 00:01:53,99139687773,@蓬溪美缝～小胡,我没有求过谁，点个关注呗,[等级11],
2026-05-23 00:01:53,102088770330,y知足者常乐,[捂脸][捂脸][捂脸],[等级20],[粉丝团 Lv8]
2026-05-23 00:01:53,97952214248,方方方方,[捂脸][捂脸][捂脸],[等级14],
2026-05-23 00:01:54,68128483419,秋霜,[捂脸][捂脸][捂脸][捂脸][捂脸][捂脸][捂脸][捂脸],[等级33],[粉丝团 Lv12]
2026-05-23 00:01:54,2909758225660395,Sparks,兄弟们在点点,[等级1],
2026-05-23 00:01:54,109042802862,有点困,[捂脸][捂脸][捂脸],[等级14],
2026-05-23 00:01:55,590893464955795,111,[捂脸],[等级1],[粉丝团 Lv4]
2026-05-23 00:01:55,3949062634087486,晞和,[捂脸][捂脸],[等级9],[粉丝团 Lv10]
2026-05-23 00:01:55,88757268529,张小狮,[捂脸][捂脸],[等级11],[粉丝团 Lv11]
2026-05-23 00:01:56,102489922881,烟雨凄迷,[捂脸],[等级14],
2026-05-23 00:01:56,351432915293920,Fang*,哈哈,[等级1],
2026-05-23 00:01:57,539206085509316,天一                 道,[捂脸],[等级17],[粉丝团 Lv14]
2026-05-23 00:01:57,95558583638,爸辣辣能量ᝰ,嘴脸,[等级4],
2026-05-23 00:01:57,1433410145888648,龙,可以点到1000赞，比我比,[等级24],[粉丝团 Lv10]
2026-05-23 00:01:58,59200421796,躲帅,[捂脸][捂脸][捂脸][捂脸][捂脸],[等级19],[粉丝团 Lv13]
2026-05-23 00:02:00,84187662606,一世奢华,哈哈,[等级18],[粉丝团 Lv4]
2026-05-23 00:02:00,3971028710856508,哎呦,二百万,[等级18],[粉丝团 Lv10]
2026-05-23 00:02:01,3913913666903720,太阳☀,[捂脸][捂脸][捂脸][捂脸],[等级41],[粉丝团 Lv13]
2026-05-23 00:02:01,61088081565,精彩人生,[捂脸][捂脸][捂脸],[等级20],[粉丝团 Lv13]
2026-05-23 00:02:03,2242647475357389,冷脸猛甩人巴掌后发呆狂吃五万个煎蛋的雨夜,这一把结束前能点到吗[看],[等级4],[粉丝团 Lv4]
2026-05-23 00:02:03,1556526029869885,🌈对方正在输入🌈,生日快乐🎂,[等级22],[粉丝团 Lv9]
2026-05-23 00:02:04,96313124700,不加冰的🥤,哈哈哈哈哈哈哈哈哈,[等级19],[粉丝团 Lv12]
2026-05-23 00:02:05,68002975037,沐晴。,[捂脸][捂脸][捂脸],[等级10],[粉丝团 Lv8]
2026-05-23 00:02:05,4162095481363833,mrtang,关直播，让大家去猫局直播间看，给猫流量,,
2026-05-23 00:02:06,2810776444220189,dhkslal,生日快乐,[等级30],[粉丝团 Lv1]
2026-05-23 00:02:07,386652325291725,zheng,[捂脸][捂脸][捂脸]认错人了,[等级10],[粉丝团 Lv2]
2026-05-23 00:02:09,92316285483,三,说虎狼之词[捂脸][捂脸][捂脸],[等级19],[粉丝团 Lv6]
2026-05-23 00:02:10,1556526029869885,🌈对方正在输入🌈,生日快乐,[等级22],[粉丝团 Lv9]
2026-05-23 00:02:11,2977110042092488,澳洲进口拖把,哈哈哈哈哈哈哈哈哈,[等级4],[粉丝团 Lv3]
2026-05-23 00:02:18,100515465222,✨甜憨憨吖🌈,变脸的精髓,[等级8],[粉丝团 Lv4]
2026-05-23 00:02:19,871246271356731,じ忘情老坛酸菜面꧔ꦿ᭄,在看直播间的说点个赞都意见那么大，那不要看了,[等级20],[粉丝团 Lv12]
2026-05-23 00:02:20,94195774379,🌈恶作剧🕶️,p90,[等级11],
2026-05-23 00:02:24,3230840108888531,直到你降临,？,[等级1],
2026-05-23 00:02:24,93506935628,甜的白开水,生日快乐,[等级1],
2026-05-23 00:02:26,61225125818,发困困困媛.,两百万冲冲[看][看],[等级8],[粉丝团 Lv10]
2026-05-23 00:02:27,106752546384,墨幺默念,真生日啊,,
2026-05-23 00:02:31,108825768878,南山居士,我至少一千次以上的点赞了,[等级1],
2026-05-23 00:02:32,4383112373738923,蒜皮儿,一年365天生日[捂脸],,
2026-05-23 00:02:34,59260357003,✨罗某某✨,这主播过生日拉得很，都没粉丝送礼物[看],[等级18],[粉丝团 Lv11]
2026-05-23 00:02:36,72306900897,梁锋,兄弟姐妹们，继灯牌了,[等级24],[粉丝团 Lv15]
2026-05-23 00:02:41,61225125818,发困困困媛.,生日快乐雅雅,[等级8],[粉丝团 Lv10]
2026-05-23 00:02:42,104343898441,坏蛋,上班吃鸡没有,[等级4],
2026-05-23 00:02:44,2242647475357389,冷脸猛甩人巴掌后发呆狂吃五万个煎蛋的雨夜,这把结束前,[等级4],[粉丝团 Lv4]
2026-05-23 00:02:47,92461848227,煜,牛,[等级13],[粉丝团 Lv12]
2026-05-23 00:02:52,3913913666903720,太阳☀,发财了,[等级41],[粉丝团 Lv13]
2026-05-23 00:02:53,68128483419,秋霜,[捂脸][捂脸][捂脸][捂脸],[等级33],[粉丝团 Lv12]
2026-05-23 00:02:53,109756665406,ᑮéиg宝🧸ོ,[发呆][发呆][发呆],[等级29],[粉丝团 Lv12]
2026-05-23 00:02:53,1622517235582148,情花落种,啊😦😦😦😦😦😦😦😦😦😦😦,[等级15],[粉丝团 Lv10]
2026-05-23 00:02:54,1020760210276615,栽了又,我去,[等级9],[粉丝团 Lv9]
2026-05-23 00:02:55,74801492566,青禾影像-摄影师邵坤,这箱子,[等级12],[粉丝团 Lv3]
2026-05-23 00:02:55,88757268529,张小狮,[捂脸][捂脸][捂脸],[等级11],[粉丝团 Lv11]
2026-05-23 00:02:56,110364191148,姚欧巴😄,1080,[等级10],
2026-05-23 00:03:02,1596141804983624,桃桃纸&,[捂脸][捂脸],[等级11],[粉丝团 Lv11]
2026-05-23 00:03:03,98127314878,艾瑞巴蒂跟我一起嗨,哎呀我去[666][666][666][666],[等级25],[粉丝团 Lv11]
2026-05-23 00:03:09,2242647475357389,冷脸猛甩人巴掌后发呆狂吃五万个煎蛋的雨夜,[666][666][666],[等级4],[粉丝团 Lv4]
2026-05-23 00:03:13,96858971732,思念,队友不爱说话,[等级24],[粉丝团 Lv9]
2026-05-23 00:03:13,488613368039181,/　⃢● — ●⃢    \,局哥,[等级13],[粉丝团 Lv10]
2026-05-23 00:03:17,76786388221,🌈 海龍_,[捂脸][捂脸],[等级24],[粉丝团 Lv11]
2026-05-23 00:03:19,59862645076,"En""",局哥真好啊,[等级9],[粉丝团 Lv7]
2026-05-23 00:03:20,100515465222,✨甜憨憨吖🌈,今年的金爆完了吧,[等级8],[粉丝团 Lv4]
2026-05-23 00:03:21,2515321012894973,夕,1080是什么梗一直有人扣,[等级9],
2026-05-23 00:03:21,488613368039181,/　⃢● — ●⃢    \,局哥真好,[等级13],[粉丝团 Lv10]
2026-05-23 00:03:22,927594191523069,余生有你,老黑手臭，人家猫局多厉害[捂脸],[等级16],[粉丝团 Lv5]
2026-05-23 00:03:23,2261055922780271,絮果,Aug啤酒瓶都有了,[等级14],[粉丝团 Lv10]
2026-05-23 00:03:26,2242647475357389,冷脸猛甩人巴掌后发呆狂吃五万个煎蛋的雨夜,120万了,[等级4],[粉丝团 Lv4]
2026-05-23 00:03:26,104227179249,🔪一笑卿莫言⁷⁰⁷,今晚没有说偷人[捂脸][捂脸][捂脸][捂脸],[等级31],[粉丝团 Lv13]
2026-05-23 00:03:28,63358205459,折颜.,阿勇别看了,[等级12],
2026-05-23 00:03:30,3061511462065054,影雨,不是说最后一把嘛，骗人，我刚才都退了,[等级5],
2026-05-23 00:03:31,2843791459353812,犯困大王.,今天晚上新赛季吗？,[等级4],[粉丝团 Lv4]
2026-05-23 00:03:32,76786388221,🌈 海龍_,偷死他们 哈哈[捂脸][捂脸],[等级24],[粉丝团 Lv11]
2026-05-23 00:03:32,110392083338,🌈99999,你在加班？,[等级21],[粉丝团 Lv4]
2026-05-23 00:03:32,106874679936,꧁Darker꧂,老局对老黑真好,[等级17],
2026-05-23 00:03:36,63358205459,折颜.,阿勇别看了,[等级12],
2026-05-23 00:03:36,3913913666903720,太阳☀,人机补偿机制,[等级41],[粉丝团 Lv13]
2026-05-23 00:03:38,3996063592881981,@@🚬yangꦿ᭄ཽ࿆࿆:,半路开香槟不好,[等级15],[粉丝团 Lv10]
2026-05-23 00:03:38,2080750947023736,我是霖霖呀！,这3号位…,,
2026-05-23 00:03:44,64891362014,灵子,锚具经常爆金,[等级9],[粉丝团 Lv6]
2026-05-23 00:03:45,3725607455961192,big高手,人家意思不想跟你们,[等级2],[粉丝团 Lv1]
2026-05-23 00:03:48,97652295883,时光追逐青春,点赞手都抽筋了，,[等级4],
2026-05-23 00:03:50,2843791459353812,犯困大王.,管理员，今晚谁在线吗？,[等级4],[粉丝团 Lv4]
2026-05-23 00:04:01,98750852768,小.,120了,,
2026-05-23 00:04:03,201912020909367,启祥驾校金辉,我一个赛季没爆过金,[等级13],
2026-05-23 00:04:08,72419691347,🐯.  瑩瑩瑩,这个人的队友在附近，刚才他们在打人,[等级14],
2026-05-23 00:04:10,97556233642,🍀🍊C,生日快乐,[等级22],[粉丝团 Lv8]
2026-05-23 00:04:13,2242647475357389,冷脸猛甩人巴掌后发呆狂吃五万个煎蛋的雨夜,没瞅见有,[等级4],[粉丝团 Lv4]
2026-05-23 00:04:15,2843791459353812,犯困大王.,管理员今天晚上新赛季是不,[等级4],[粉丝团 Lv4]
2026-05-23 00:04:17,69657977869,猴哥吖,点赞我都用连点器[捂脸][捂脸][捂脸],[等级13],[粉丝团 Lv8]
2026-05-23 00:04:20,4162095481363833,mrtang,队友不跟就自雷下吧,,
2026-05-23 00:04:21,2274247923467549,知遇👣,@✨罗某某✨ 是没有送你我们都送了,[等级24],[粉丝团 Lv10]
2026-05-23 00:04:33,4503658257446344,🥐cornetto,今晚不说是偷过了,[等级41],[粉丝团 Lv7]
2026-05-23 00:04:35,2242647475357389,冷脸猛甩人巴掌后发呆狂吃五万个煎蛋的雨夜,五点赛季更新,[等级4],[粉丝团 Lv4]
2026-05-23 00:04:38,386652325291725,zheng,猫一惊一乍的。,[等级10],[粉丝团 Lv2]
2026-05-23 00:04:44,2223691280683193,自旋风少女之后凌晨的街道突然出现一架钢琴,生日快乐,[等级10],[粉丝团 Lv3]
2026-05-23 00:04:46,108825768878,南山居士,没有消费礼物的观念的朋友帮忙点点赞,[等级1],
2026-05-23 00:04:51,2500744598796624,🪳🪳🪳,明天正常播吗还是早上播,[等级6],[粉丝团 Lv4]
2026-05-23 00:04:53,92316285483,三,局哥又有好东西[捂脸],[等级19],[粉丝团 Lv6]
2026-05-23 00:05:07,2274247923467549,知遇👣,@🪳🪳🪳 正常播,[等级24],[粉丝团 Lv10]
2026-05-23 00:05:09,246758888446382,大猪蹄子🐷,重机枪预备,[等级16],
2026-05-23 00:05:12,93094130849,困困尼儿,125了,[等级9],[粉丝团 Lv10]
2026-05-23 00:05:13,101933836764,释怀⁵¹⁰⁷⁴,@🪳🪳🪳 她又不冲战神,[等级24],[粉丝团 Lv15]
2026-05-23 00:05:13,72306900897,梁锋,明天正常播,[等级24],[粉丝团 Lv15]
2026-05-23 00:05:14,103861981610,대77,@🪳🪳🪳 正常播,[等级40],[粉丝团 Lv16]
2026-05-23 00:05:17,2242647475357389,冷脸猛甩人巴掌后发呆狂吃五万个煎蛋的雨夜,我朋友很委婉的说晚上五点能陪她打游戏吗 我说五点？你什么时候去美国了[看],[等级4],[粉丝团 Lv4]
2026-05-23 00:05:21,1341059843757268,Vincent,@🪳🪳🪳 都是12到3 晚上9到12,[等级37],[粉丝团 Lv14]
2026-05-23 00:05:21,3801436996252058,BING,g%%,,
2026-05-23 00:05:29,104600621959,戒心,加班了,[等级26],[粉丝团 Lv8]
2026-05-23 00:05:33,2242647475357389,冷脸猛甩人巴掌后发呆狂吃五万个煎蛋的雨夜,我寻思为什么还准点打游戏 原来是赛季更新,[等级4],[粉丝团 Lv4]
2026-05-23 00:05:36,106395932661,阿康,@桃桃纸&,[等级6],[粉丝团 Lv1]
2026-05-23 00:05:36,71533879276,懒得起名字,我去，今晚点了9000赞[捂脸][捂脸][捂脸][捂脸],[等级15],[粉丝团 Lv9]
2026-05-23 00:05:38,246758888446382,大猪蹄子🐷,可曾听闻俺的威名,[等级16],
2026-05-23 00:05:53,95381535648,嫑💞,下个赛季还打这个号么,[等级2],
2026-05-23 00:05:55,127996170601901,小雨毛,为啥没有更新？,[等级31],
2026-05-23 00:05:59,101756316379,贵州奢游（私人订制）,开了吧,[等级17],
2026-05-23 00:06:14,1497959223002744,十一点就睡-,游戏没更新,[等级2],[粉丝团 Lv1]
2026-05-23 00:06:15,110895971722,Oh yes,妈耶加班了,[等级24],[粉丝团 Lv9]
2026-05-23 00:06:25,2242647475357389,冷脸猛甩人巴掌后发呆狂吃五万个煎蛋的雨夜,五点更新姐妹们,[等级4],[粉丝团 Lv4]
2026-05-23 00:06:26,94766912913,日常,真丝滑,[等级26],[粉丝团 Lv7]
2026-05-23 00:06:33,67475671418,ㅤ     ㅤ         ㅤ,@贵州奢游（私人订制） 你去举报,[等级23],[粉丝团 Lv13]
2026-05-23 00:06:35,103861981610,대77,现在更新啥明早5点更新,[等级40],[粉丝团 Lv16]
2026-05-23 00:06:36,102324402171,✨ོ 顾 名ོ✨,箭有挂锁头吗[捂脸],[等级32],[粉丝团 Lv14]
2026-05-23 00:06:37,1187084981516676,广东光仔,还有信号枪吗,[等级3],
2026-05-23 00:06:38,4503658257446344,🥐cornetto,5掉,[等级41],[粉丝团 Lv7]
2026-05-23 00:06:43,2330588968395416,贝塔β,@贵州奢游（私人订制） 开啥？我kd1.6都用爆炸弓爆过头,[等级25],[粉丝团 Lv14]
2026-05-23 00:06:46,943821790905465,♥晴天♥⇔,密室有大炮 我看见了,[等级9],[粉丝团 Lv6]
2026-05-23 00:06:46,83687008649,左右,吃独食[看],[等级28],[粉丝团 Lv14]
2026-05-23 00:06:47,3905909765179431,不吃焖子,让举哥开 能爆金,[等级8],[粉丝团 Lv4]
2026-05-23 00:06:54,110895971722,Oh yes,@🥐cornetto 哈喽,[等级24],[粉丝团 Lv9]
2026-05-23 00:06:54,59332659044,🌈苗子,下班,[等级6],
2026-05-23 00:06:57,88312588832,🌈 𝗠𝗮𝗸𝗮𝗯𝗮𝗸𝗮。,1080,[等级8],[粉丝团 Lv8]
2026-05-23 00:07:00,105979901046,时 光 i,两把锁匙,[等级2],
2026-05-23 00:07:01,61225125818,发困困困媛.,冲两百赞[打call][打call][打call],[等级8],[粉丝团 Lv10]
2026-05-23 00:07:03,77548105463,风一样的男人,我子弹有用,,
2026-05-23 00:07:03,1094753475638654,独,老黑喜欢男的还是女的,[等级2],
2026-05-23 00:07:08,91715791654,S˙,密室有复合弓 我看到了,[等级12],[粉丝团 Lv4]
2026-05-23 00:07:10,3021920976775005,李子安·玖玖,凌晨一点更新游戏,[等级10],[粉丝团 Lv4]
2026-05-23 00:07:10,2242647475357389,冷脸猛甩人巴掌后发呆狂吃五万个煎蛋的雨夜,这叫意识和技术,[等级4],[粉丝团 Lv4]
2026-05-23 00:07:10,70085656516,那些年✔,1080,[等级4],
2026-05-23 00:07:12,71533879276,懒得起名字,@贝塔β 我1.34都爆过,[等级15],[粉丝团 Lv9]
2026-05-23 00:07:14,109042802862,有点困,可不可以让那个狗先闻一下密室里面有什么再改可以这样吗？,[等级14],
2026-05-23 00:07:17,4503699279715189,落叶孤烟,他都爆过了,[等级7],[粉丝团 Lv6]
2026-05-23 00:07:19,69365254810,强哆哆、,局哥今天运气爆棚,[等级11],[粉丝团 Lv8]
2026-05-23 00:07:27,1257437656002798,某某.,你拳地板干嘛,[等级34],[粉丝团:张君雅 Lv16]
2026-05-23 00:07:27,127996170601901,小雨毛,还要5点才更新[捂脸],[等级31],
2026-05-23 00:07:29,106171807771,～左～,我晚上才用爆炸弓乱打灭了一个队[看],[等级22],[粉丝团 Lv7]
2026-05-23 00:07:35,1709115167487976,流逝的记忆（关注立即回关）,吉利服不要吗,[等级29],[粉丝团 Lv15]
2026-05-23 00:07:41,2007084944330340,陈不住气的,@～左～ 很强,[等级9],[粉丝团 Lv2]
2026-05-23 00:07:45,3905909765179431,不吃焖子,他爆的是无人机和箱子不是密室吧,[等级8],[粉丝团 Lv4]
2026-05-23 00:07:47,106874679936,꧁Darker꧂,还有个钥匙,[等级17],
2026-05-23 00:07:47,94621081467,雨踏歌行.,@某某. 她子弹有用啊[捂脸],[等级20],[粉丝团 Lv15]
2026-05-23 00:07:49,69260020651,ZDL,加班了,[等级11],[粉丝团 Lv10]
2026-05-23 00:07:51,1341059843757268,Vincent,@～左～ 牛逼,[等级37],[粉丝团 Lv14]
2026-05-23 00:07:52,2538149844616142,乖乖,终于10级了[流泪],[等级9],[粉丝团 Lv10]
2026-05-23 00:07:55,7443467011387458618,骨阿夫特嫩,老黑都拿完了还说自己不要[捂脸][捂脸][捂脸],[等级31],
2026-05-23 00:07:55,1497959223002744,十一点就睡-,更新有没有新军需啊，攒了800币子了,[等级2],[粉丝团 Lv1]
2026-05-23 00:08:00,16253603096,无限,@流逝的记忆（关注立即回关） 那叫工作服[捂脸][捂脸],[等级21],[粉丝团 Lv11]
2026-05-23 00:08:00,849298153805198,羊马佳诚车行 亿顺力,手上不停拿 嘴上很诚实[捂脸][捂脸][捂脸],[等级12],[粉丝团 Lv10]
2026-05-23 00:08:00,2242647475357389,冷脸猛甩人巴掌后发呆狂吃五万个煎蛋的雨夜,有队友不要工作服[看],[等级4],[粉丝团 Lv4]
2026-05-23 00:08:02,1746439265066476,凯子z,@流逝的记忆（关注立即回关） 有红装谁要吉利服？,[等级13],[粉丝团 Lv8]
2026-05-23 00:08:08,2826160041896200,思妤(♡˙︶˙♡),有队友不需要，没队友必须要极地服,[等级9],[粉丝团 Lv6]
2026-05-23 00:08:11,88822613977,不喜芹菜苦瓜,对对对，啥都不要,[等级16],[粉丝团 Lv1]
2026-05-23 00:08:12,72419691347,🐯.  瑩瑩瑩,@十一点就睡- 这么能攒,[等级14],
2026-05-23 00:08:13,97194750776595,@浮云,你哥在没意外[捂脸],[等级43],[粉丝团 Lv5]
2026-05-23 00:08:15,2330588968395416,贝塔β,@懒得起名字 我就看老黑直播凭感觉射都能爆头，别说老黑认真学过a妹打爆炸弓了,[等级25],[粉丝团 Lv14]
2026-05-23 00:08:18,3913913666903720,太阳☀,你们刷点小心心，大啤酒，我的钱有用,[等级41],[粉丝团 Lv13]
2026-05-23 00:08:21,716494939624904,大杰哥,1080p,[等级11],[粉丝团 Lv9]
2026-05-23 00:08:37,1935560327829655,强,是不是去那边那个密室,[等级15],
2026-05-23 00:08:39,59782841206,长 春,开密室去的,[等级32],
2026-05-23 00:08:41,116989961990570,喜欢一个人,去开密室了,[等级12],[粉丝团 Lv10]
2026-05-23 00:08:43,96858971732,思念,开密室去了,[等级24],[粉丝团 Lv9]
2026-05-23 00:08:45,2242647475357389,冷脸猛甩人巴掌后发呆狂吃五万个煎蛋的雨夜,这是意识和技术的教学直播,[等级4],[粉丝团 Lv4]
2026-05-23 00:08:49,106035532371,青帝花泥,下一个密室,[等级12],[粉丝团 Lv7]
2026-05-23 00:08:53,466670364393783,袖下敛青川,密室,[等级14],[粉丝团 Lv2]
2026-05-23 00:08:54,1497959223002744,十一点就睡-,这次宝箱抽的，抽了三个240军需币这次活动,[等级2],[粉丝团 Lv1]
2026-05-23 00:08:57,80939167591,💞༊ღ᭄⛱聶帮主꧔ꦿ᭄💞,66666,[等级43],
2026-05-23 00:09:02,4312762483477248,村里有个姑娘叫小芳,去开密室了,[等级3],[粉丝团 Lv3]
2026-05-23 00:09:09,64973737522,不开花的四季豆,医院密室,[等级17],[粉丝团 Lv1]
2026-05-23 00:09:12,104532155378,简凡,雅儿,[等级17],
2026-05-23 00:09:18,3731096500180186,Lyhhsdh,皮裤套棉裤，必定有缘故！,[等级8],[粉丝团 Lv10]
2026-05-23 00:09:19,71889008468164,野草,我丢  分析的对啊  去另外的密室了,[等级5],[粉丝团 Lv2]
2026-05-23 00:09:21,52143415889,ৡ°聶ོꦿ࿐,环岛旅行,[等级27],[粉丝团 Lv9]
2026-05-23 00:09:33,71533879276,懒得起名字,@贝塔β 对啊，我也看老黑，没看过A妹,[等级15],[粉丝团 Lv9]
2026-05-23 00:09:34,94965786070,C.G,这是聪明人，跑的快,[等级2],
2026-05-23 00:09:37,72419691347,🐯.  瑩瑩瑩,@十一点就睡- 那你抽了多少次宝箱,[等级14],
2026-05-23 00:09:43,97194750776595,@浮云,队友太卑微🙇‍♀️,[等级43],[粉丝团 Lv5]
2026-05-23 00:09:43,945213782361288,真的斗不过你,这是干嘛，12.00还不下,[等级10],
2026-05-23 00:09:52,849298153805198,羊马佳诚车行 亿顺力,给草喂点马,[等级12],[粉丝团 Lv10]
2026-05-23 00:09:59,7544395147045766204,用户6965577783419,队友是保定,,
2026-05-23 00:10:09,1871829573048620,南波湾影视,熬夜冲战神,[等级10],
2026-05-23 00:10:17,91666146753,燃,游戏还可以开啊[戳手手],[等级9],
2026-05-23 00:10:18,100910484972,ㅤ ㅤㅤㅤ ㅤ,@真的斗不过你 除了加班还能干嘛,[等级19],[粉丝团 Lv12]
2026-05-23 00:10:20,108332748130,相遇微时,看你吓的[捂脸],[等级16],
2026-05-23 00:10:25,1497959223002744,十一点就睡-,没数，每天的我都领，一天不拉,[等级2],[粉丝团 Lv1]
2026-05-23 00:10:26,108332748130,相遇微时,哥哥哥哥,[等级16],
2026-05-23 00:10:28,106171807771,～左～,想上8700分没差几分了,[等级22],[粉丝团 Lv7]
2026-05-23 00:10:32,2330588968395416,贝塔β,[666][666][666],[等级25],[粉丝团 Lv14]
2026-05-23 00:10:38,72419691347,🐯.  瑩瑩瑩,@十一点就睡- 花钱没,[等级14],
2026-05-23 00:10:39,72547956797,马小冯,7,[等级17],[粉丝团 Lv2]
2026-05-23 00:10:51,3913913666903720,太阳☀,@懒得起名字 我就看过一次A妹，六千人，就一杯奶茶，我中了[捂脸][捂脸],[等级41],[粉丝团 Lv13]
2026-05-23 00:10:54,106874679936,꧁Darker꧂,附近有地库,[等级17],
2026-05-23 00:10:55,62295301731,简单点,战斗机炸他,[等级9],[粉丝团 Lv2]
2026-05-23 00:10:59,2427336628384692,凌晨心事,早上有没有想冲战神的,,
2026-05-23 00:11:02,101014095269,1106225386,这叫声队友都笑了[捂脸][捂脸][捂脸],[等级17],[粉丝团 Lv6]
2026-05-23 00:11:03,2274247923467549,知遇👣,@～左～ 过了12点以后就不加分了,[等级24],[粉丝团 Lv10]
2026-05-23 00:11:07,246758888446382,大猪蹄子🐷,俺是山西晋绥军总司令,[等级16],
2026-05-23 00:11:08,223933154207331,YgTietnssgmexsn?,这弓。你们就学吧,[等级37],[粉丝团:张君雅 Lv16]
2026-05-23 00:11:09,2330588968395416,贝塔β,@太阳☀ [666],[等级25],[粉丝团 Lv14]
2026-05-23 00:11:10,97194750776595,@浮云,这哥叫的舒服[捂脸],[等级43],[粉丝团 Lv5]
2026-05-23 00:11:16,68570719237,人生如梦^_^,打暗号了,[等级21],[粉丝团 Lv11]
2026-05-23 00:11:21,92316767276,夏生.🏓,信号枪,[等级9],[粉丝团 Lv5]
2026-05-23 00:11:23,246758888446382,大猪蹄子🐷,白子说话,[等级16],
2026-05-23 00:11:26,106171807771,～左～,她开的时候没到00点,[等级22],[粉丝团 Lv7]
2026-05-23 00:11:26,71533879276,懒得起名字,@太阳☀ 别提福袋还能做朋友[捂脸],[等级15],[粉丝团 Lv9]
2026-05-23 00:11:27,398441000221421,疯狂小鳄鳄,刚是不是信号枪,[等级16],[粉丝团 Lv10]
2026-05-23 00:11:28,1497959223002744,十一点就睡-,宝箱没花钱，抽柔柔联动花了240,[等级2],[粉丝团 Lv1]
2026-05-23 00:11:30,72419691347,🐯.  瑩瑩瑩,@知遇👣 掉分不？,[等级14],
2026-05-23 00:11:34,1746439265066476,凯子z,@知遇👣 瞎说，只是打不了晋级赛了好吧,[等级13],[粉丝团 Lv8]
2026-05-23 00:11:46,96313124700,不加冰的🥤,牛逼,[等级19],[粉丝团 Lv12]
2026-05-23 00:11:46,1341059843757268,Vincent,牛,[等级37],[粉丝团 Lv14]
2026-05-23 00:11:46,2007084944330340,陈不住气的,牛皮,[等级9],[粉丝团 Lv2]
2026-05-23 00:11:48,52250099296,狗蛋-,爆炸弓还得削弱太超标了,[等级16],[粉丝团 Lv12]
2026-05-23 00:11:51,77416951506,ら孤痞,新的一天可以加灯牌了,[等级37],[粉丝团 Lv17]
2026-05-23 00:11:51,72419691347,🐯.  瑩瑩瑩,@十一点就睡- 那你运气好，宝箱,[等级14],
2026-05-23 00:11:52,61072672391,LLLch,牛,[等级19],[粉丝团 Lv11]
2026-05-23 00:11:53,67862230314,别动,？,[等级8],[粉丝团 Lv4]
2026-05-23 00:11:53,770087998721191,占卜师,[666][666][666],[等级15],[粉丝团 Lv13]
2026-05-23 00:11:53,800094222813292,差生没文具,真的骑射[捂脸][捂脸],[等级21],[粉丝团 Lv12]
2026-05-23 00:11:53,1257437656002798,某某.,帅麻了,[等级34],[粉丝团:张君雅 Lv16]
2026-05-23 00:11:55,96313124700,不加冰的🥤,牛掰,[等级19],[粉丝团 Lv12]
2026-05-23 00:11:55,2330588968395416,贝塔β,[666][666][666][666][666],[等级25],[粉丝团 Lv14]
2026-05-23 00:11:56,92521494642,默默小迷妹丫,成吉思汗啊,[等级5],[粉丝团 Lv8]
2026-05-23 00:11:57,71507967810,晚风～,牛皮,[等级25],
2026-05-23 00:11:57,95558583638,爸辣辣能量ᝰ,蒙古雅,[等级4],
2026-05-23 00:11:57,106048008499,shadow-lu,哈哈哈哈，好帅，骑马射,[等级17],
2026-05-23 00:11:58,2274247923467549,知遇👣,@凯子z 不加分吧,[等级24],[粉丝团 Lv10]
2026-05-23 00:12:00,82711215178,喂妮锁心,还能这样玩[捂脸][捂脸][捂脸],[等级3],[粉丝团 Lv6]
2026-05-23 00:12:01,51936111616,木木阿,骑射[赞],[等级27],[粉丝团 Lv10]
2026-05-23 00:12:01,3913913666903720,太阳☀,@懒得起名字 老黑这里三年中不了一点,[等级41],[粉丝团 Lv13]
2026-05-23 00:12:09,96313124700,不加冰的🥤,帅炸了,[等级19],[粉丝团 Lv12]
2026-05-23 00:12:09,98932747508,前还可修,这弓会拐弯,[等级20],
2026-05-23 00:12:10,84187662606,一世奢华,牛逼,[等级18],[粉丝团 Lv4]
2026-05-23 00:12:11,386652325291725,zheng,这箭这么牛,[等级10],[粉丝团 Lv2]
2026-05-23 00:12:12,1852009193418295,999,我靠，骑马射箭[赞][赞],[等级24],[粉丝团 Lv12]
2026-05-23 00:12:13,97194750776595,@浮云,队友配合的太好了[赞],[等级43],[粉丝团 Lv5]
2026-05-23 00:12:17,892413678724877,厌遇,骑射真帅啊[不失礼貌的微笑][斜眼][不失礼貌的微笑][斜眼],[等级24],[粉丝团 Lv7]
2026-05-23 00:12:17,99372859314,启  夏,[捂脸][捂脸][捂脸],[等级25],[粉丝团 Lv15]
2026-05-23 00:12:18,770087998721191,占卜师,爱播技能太多了[捂脸],[等级15],[粉丝团 Lv13]
2026-05-23 00:12:20,3432052796172665,浩子爹,噗哈哈哈哈哈,[等级1],[粉丝团 Lv1]
2026-05-23 00:12:20,93054496193,🌈卫辉妞姐,厉害,[等级10],[粉丝团 Lv4]
2026-05-23 00:12:21,108107303061,The，韋xianshen,开了吧,[等级25],
2026-05-23 00:12:21,94766912913,日常,太牛了,[等级26],[粉丝团 Lv7]
2026-05-23 00:12:23,3628026859366756,L@H,骑马。真牛逼！,[等级19],[粉丝团 Lv3]
2026-05-23 00:12:24,3175843195018520,路上见,成吉思汗,[等级14],[粉丝团 Lv12]
2026-05-23 00:12:24,96313124700,不加冰的🥤,这是真骑射,[等级19],[粉丝团 Lv12]
2026-05-23 00:12:25,1746439265066476,凯子z,@知遇👣 加，只是打不了晋级赛,[等级13],[粉丝团 Lv8]
2026-05-23 00:12:26,104975741235,小Q丶,跟踪箭啊我擦,[等级16],[粉丝团 Lv2]
2026-05-23 00:12:27,2330588968395416,贝塔β,太帅了,[等级25],[粉丝团 Lv14]
2026-05-23 00:12:28,71507967810,晚风～,骑射牛逼啊,[等级25],
2026-05-23 00:12:30,106874679936,꧁Darker꧂,他老黑喜欢同性,[等级17],
2026-05-23 00:12:30,116989961990570,喜欢一个人,国服骑射,[等级12],[粉丝团 Lv10]
2026-05-23 00:12:31,71533879276,懒得起名字,@太阳☀ 确实中不了一点[捂脸]老黑就是老黑[捂脸],[等级15],[粉丝团 Lv9]
2026-05-23 00:12:32,2348155683738179,可爱仔,帅美炸了好吧,[等级4],
2026-05-23 00:12:38,1497959223002744,十一点就睡-,突突突突突突突,[等级2],[粉丝团 Lv1]
2026-05-23 00:12:42,52296681257,我亦飘零久,我说这个id怎么这么眼熟,[等级16],
2026-05-23 00:12:46,2274247923467549,知遇👣,@凯子z 你赶快去冲9000分,[等级24],[粉丝团 Lv10]
2026-05-23 00:12:57,222579207187354,南无阿弥陀佛,别人，直接打,[等级6],[粉丝团 Lv2]
2026-05-23 00:12:58,3913913666903720,太阳☀,死补,[等级41],[粉丝团 Lv13]
2026-05-23 00:12:59,246758888446382,大猪蹄子🐷,白子说话,[等级16],
2026-05-23 00:13:02,97194750776595,@浮云,你哥永远是你哥[捂脸],[等级43],[粉丝团 Lv5]
2026-05-23 00:13:03,95775796696,嗨、詹先生,等你跑楼上，队友都倒了,[等级25],[粉丝团 Lv2]
2026-05-23 00:13:05,633796478895115,困😪,老黑打不打战神,[等级4],
2026-05-23 00:13:06,4165407898869996,每天对被子表白,[捂脸][捂脸],[等级5],[粉丝团 Lv2]
2026-05-23 00:13:07,102489922881,烟雨凄迷,说话,[等级14],
2026-05-23 00:13:07,222579207187354,南无阿弥陀佛,你往屋里跑,[等级6],[粉丝团 Lv2]
2026-05-23 00:13:07,2177463633054648,豹金钱,死亡三号位,[等级4],[粉丝团 Lv2]
2026-05-23 00:13:12,108796064038,萝卜顿珠,你就没打,[等级28],
2026-05-23 00:13:13,3913913666903720,太阳☀,妹子活着[赞],[等级41],[粉丝团 Lv13]
2026-05-23 00:13:14,7489833600314934330,博,我朋友在船坞，快去打,[等级2],
2026-05-23 00:13:16,93220576427,駱强⁵¹⁰⁷⁴,刚才那一对,[等级28],[粉丝团 Lv14]
2026-05-23 00:13:17,4221721307782600,小周周,战神起跳啊。,,
2026-05-23 00:13:20,107758779896,孙启通,猫局又挂,[等级15],[粉丝团 Lv3]
2026-05-23 00:13:24,108825768878,南山居士,队友的问题，不找掩体,[等级1],
2026-05-23 00:13:26,78291761703,人生如茶,老黑不上楼就好了,[等级26],[粉丝团 Lv13]
2026-05-23 00:13:28,94581291668,🌻,看回放,[等级16],
2026-05-23 00:13:32,1709115167487976,流逝的记忆（关注立即回关）,猫🐱又被连打带补了,[等级29],[粉丝团 Lv15]
2026-05-23 00:13:33,85990899732,只恩、曾,又是队友祭天,[等级8],
2026-05-23 00:13:35,104002579338,自由的风----,呵呵,[等级9],
2026-05-23 00:13:36,71533879276,懒得起名字,活不了肯定死补[捂脸],[等级15],[粉丝团 Lv9]
2026-05-23 00:13:36,1497959223002744,十一点就睡-,赛季末这么激烈吗,[等级2],[粉丝团 Lv1]
2026-05-23 00:13:38,1257437656002798,某某.,不进屋下场跟队友一样，关她屁事,[等级34],[粉丝团:张君雅 Lv16]
2026-05-23 00:13:39,81432903635,@遇见,别人在打架、自己往往里面跑[捂脸][捂脸],[等级14],
2026-05-23 00:13:40,2220650346316940,小源,思路没问题,[等级21],
2026-05-23 00:13:42,109501454832,xuyii,局哥又挂了[发呆],[等级13],[粉丝团 Lv3]
2026-05-23 00:13:42,93113842956,遇见房缘,最后一把 都疯了,[等级8],[粉丝团 Lv8]
2026-05-23 00:13:42,386652325291725,zheng,不上楼猫应该能救。,[等级10],[粉丝团 Lv2]
2026-05-23 00:13:43,110003103400,執著與偏愛,这手上楼真漂亮[捂脸][捂脸][捂脸][捂脸],[等级31],[粉丝团 Lv15]
2026-05-23 00:13:44,83909711796,杰,不舍得子弹,[等级16],[粉丝团 Lv3]
2026-05-23 00:13:48,60200033360,闫先生阿,你不上楼一点事没有,[等级27],[粉丝团 Lv1]
2026-05-23 00:13:54,69651345728,老许,可以 保命重要,[等级16],
2026-05-23 00:13:55,104002579338,自由的风----,为什么要上楼呀？,[等级9],
2026-05-23 00:13:57,100264533746,谙💎咫,天塌了，雅姐没死,[等级12],[粉丝团 Lv10]
2026-05-23 00:13:58,3347392434017165,用户7142959832912,他是刚那队的队友，他在打这一对[捂脸],,
2026-05-23 00:14:01,2274247923467549,知遇👣,@@遇见 她本来就在屋里,[等级24],[粉丝团 Lv10]
2026-05-23 00:14:02,101606401109,沉默,等你10分钟，不然不要找我了,[等级28],[粉丝团 Lv11]
2026-05-23 00:14:02,64180875898,@兜兜,局哥把手枪给老黑看看[看],[等级19],
2026-05-23 00:14:02,108107303061,The，韋xianshen,上楼干嘛呢,[等级25],
2026-05-23 00:14:07,99372859314,启  夏,@@遇见 这里能站4个打？她上高点是对的呀,[等级25],[粉丝团 Lv15]
2026-05-23 00:14:08,939414047703796,🍐,找掩体也没什么问题吧,,
2026-05-23 00:14:09,57736761693,忕佪灬,小橙子,[等级24],[粉丝团 Lv10]
2026-05-23 00:14:12,1881983920385927,希芙,哈哈哈哈,[等级4],
2026-05-23 00:14:15,22860428464,又困ˡᵃ💤,不上楼接子弹吗,[等级15],[粉丝团 Lv10]
2026-05-23 00:14:17,3394899074375095,繁星、,弹幕战神又开始马后炮了[捂脸][捂脸][捂脸][捂脸],[等级31],[粉丝团 Lv10]
2026-05-23 00:14:17,95775796696,嗨、詹先生,主要是子弹有用不舍得打,[等级25],[粉丝团 Lv2]
2026-05-23 00:14:17,2827563650792843,༺风采依旧༻,老黑这波人来了一枪没开,[等级29],[粉丝团 Lv3]
2026-05-23 00:14:19,2330588968395416,贝塔β,老黑上楼是因为她不知道最后一个人在哪,[等级25],[粉丝团 Lv14]
2026-05-23 00:14:21,97194750776595,@浮云,给你哥点面子[捂脸],[等级43],[粉丝团 Lv5]
2026-05-23 00:14:22,2760208001799482,海风,让毛局找个班上吧,[等级15],
2026-05-23 00:14:22,3856711281811340,uncle,不上楼  队友就不会死,[等级23],
2026-05-23 00:14:23,104002579338,自由的风----,三个人在下面发力，[捂脸],[等级9],
2026-05-23 00:14:27,222579207187354,南无阿弥陀佛,如果老黑在楼下，猫局上楼，老黑死了的话，她就会吵起来了,[等级6],[粉丝团 Lv2]
2026-05-23 00:14:27,111535015968,时间说了真话,一点问题都没有，要是她也一起打，那灭队的可能是自己,[等级7],
2026-05-23 00:14:27,77416951506,ら孤痞,@@遇见 她不往屋里跑，现在已经下班了,[等级37],[粉丝团 Lv17]
2026-05-23 00:14:27,108107303061,The，韋xianshen,上楼干嘛呢,[等级25],
2026-05-23 00:14:28,892413678724877,厌遇,又长个了[捂脸][笑哭][捂脸][笑哭],[等级24],[粉丝团 Lv7]
2026-05-23 00:14:31,3493622147712864,南方8357,太棒了,[等级2],
2026-05-23 00:14:32,3378151957997870,田甜加减乘除,13,[等级2],
2026-05-23 00:14:32,108796064038,萝卜顿珠,故意上楼，卖队友。,[等级28],
2026-05-23 00:14:34,3663228569664605,天空无云,@zheng 不上楼都死了,[等级15],[粉丝团 Lv11]
2026-05-23 00:14:35,92760526755,້ 小满,不是刚才最后一局么,[等级11],[粉丝团 Lv8]
2026-05-23 00:14:36,86394232768,Super 土豆,老黑现在心虚的一批,[等级7],[粉丝团 Lv8]
2026-05-23 00:14:39,108107303061,The，韋xianshen,上楼干嘛呢,[等级25],
2026-05-23 00:14:40,1250582300475020,深圳华强北一手回收废旧手机源头,这老黑一听到人多，他就直接躲房里去了。,[等级19],
2026-05-23 00:14:40,101487550960,𝑪𝒓𝒖𝒔𝒉.,前面一队的最后一个[捂脸],[等级25],
2026-05-23 00:14:45,92316285483,三,看电视捉你的,[等级19],[粉丝团 Lv6]
2026-05-23 00:14:46,2234682707544967,子一,@嗨、詹先生 看得明白吗？p90子弹打完了才用弓,[等级28],[粉丝团:张君雅 Lv15]
2026-05-23 00:14:46,108107303061,The，韋xianshen,上楼干嘛呢,[等级25],
2026-05-23 00:14:58,2274247923467549,知遇👣,@嗨、詹先生 放你的屁,[等级24],[粉丝团 Lv10]
2026-05-23 00:14:59,3378151957997870,田甜加减乘除,苹果13,[等级2],
2026-05-23 00:14:59,629363560687565,🍉糖,可以,[等级13],[粉丝团 Lv7]
2026-05-23 00:15:03,69651345728,老许,人来了 就跑 队友打倒了就捡人头,[等级16],
2026-05-23 00:15:05,939414047703796,🍐,这都能骂 找掩体都有问题,,
2026-05-23 00:15:06,50883721471,🤹‍♀️奣.菿.烎.夯⬅️,两勇士嘎了[捂脸]，剩了俩娘们[呲牙],[等级34],[粉丝团 Lv13]
2026-05-23 00:15:07,105604353038,笙,打雷睡不着[捂脸][捂脸][捂脸],[等级13],[粉丝团 Lv10]
2026-05-23 00:15:09,100507987017,生猪收购,老黑说活到最后是关键[捂脸][捂脸][捂脸],[等级14],[粉丝团 Lv1]
2026-05-23 00:15:10,2827563650792843,༺风采依旧༻,集体打跟本不会死局哥,[等级29],[粉丝团 Lv3]
2026-05-23 00:15:12,60200033360,闫先生阿,她一梭P90能干两个，,[等级27],[粉丝团 Lv1]
2026-05-23 00:15:13,2703019685981437,豆沙,不能,[等级11],
2026-05-23 00:15:15,1947983703968243,梵的开心事,单人路亚是什么意思？,[等级6],
2026-05-23 00:15:15,108107303061,The，韋xianshen,上楼干嘛呢,[等级25],
2026-05-23 00:15:19,101804966887,吴可挑剔,说白了老黑为了省子弹,[等级20],
2026-05-23 00:15:20,1011183027764173,披萨心肠,上楼不是很正常吗，人家都直接扎过来了，不找掩体就傻站着说话啊,[等级9],[粉丝团 Lv7]
2026-05-23 00:15:20,1716769866914234,17day,上楼躲伤害啊,,
2026-05-23 00:15:20,108796064038,萝卜顿珠,故意上楼，卖队友。,[等级28],
2026-05-23 00:15:23,64352008185,林较瘦,要打完了才能看淘汰回放,[等级12],[粉丝团 Lv6]
2026-05-23 00:15:24,78487092851,清风挽月,多少次了，都这样,[等级14],
2026-05-23 00:15:25,77416951506,ら孤痞,@萝卜顿珠 不上楼现在已经下班了,[等级37],[粉丝团 Lv17]
2026-05-23 00:15:25,72306900897,梁锋,@老许 去报警吧,[等级24],[粉丝团 Lv15]
2026-05-23 00:15:27,1716769866914234,17day,还能干嘛,,
2026-05-23 00:15:27,105346528919,清风💕,@老许 就跑就跑，气死你,[等级28],[粉丝团 Lv7]
2026-05-23 00:15:30,104227179249,🔪一笑卿莫言⁷⁰⁷,5分钟过后14级[戳手手][戳手手][戳手手],[等级31],[粉丝团 Lv13]
2026-05-23 00:15:33,2274247923467549,知遇👣,@萝卜顿珠 不是说让进屋,[等级24],[粉丝团 Lv10]
2026-05-23 00:15:34,764858599219059,⭐️人王疋虫⭐️⁵¹⁰⁷⁴,带妹吃鸡,[等级34],[粉丝团 Lv16]
2026-05-23 00:15:35,63215527034,想吃汉堡包🍔,@梵的开心事 钓鱼的,[等级11],
2026-05-23 00:15:37,64180875898,@兜兜,什么虎狼之词,[等级19],
2026-05-23 00:15:39,1716769866914234,17day,一直问上楼干嘛,,
2026-05-23 00:15:40,85634467775,静尽,上楼高打低好打一些，你们不懂就不要说话,[等级17],[粉丝团 Lv11]
2026-05-23 00:15:40,94782164070,千山万水,[哈欠],[等级11],
2026-05-23 00:15:41,95775796696,嗨、詹先生,@子一 就你能看明白，后面这队过来她开枪了吗,[等级25],[粉丝团 Lv2]
2026-05-23 00:15:42,111167818654,荔枝小丸,就上楼就上楼不服憋着,[等级27],[粉丝团 Lv15]
2026-05-23 00:15:43,97194750776595,@浮云,🐶一下,[等级43],[粉丝团 Lv5]
2026-05-23 00:15:48,76101904376,柑子,@忕佪灬 嘻嘻嘻,[等级29],
2026-05-23 00:15:51,108107303061,The，韋xianshen,上楼干嘛呢,[等级25],
2026-05-23 00:15:52,99512512599,三菩书社,必须加班,[等级20],[粉丝团 Lv3]
2026-05-23 00:15:52,102012879408,忄,@萝卜顿珠 对对对，报警,[等级11],
2026-05-23 00:15:56,3546379019889196,30%,lzy不要看了,,
2026-05-23 00:15:57,99512512599,三菩书社,必须安排,[等级20],[粉丝团 Lv3]
2026-05-23 00:15:58,108796064038,萝卜顿珠,@ら孤痞 吹牛逼吧,[等级28],
2026-05-23 00:15:59,1947983703968243,梵的开心事,不是吃鸡吗，怎么还路亚啊,[等级6],
2026-05-23 00:16:06,2827563650792843,༺风采依旧༻,局哥顶不住压力,[等级29],[粉丝团 Lv3]
2026-05-23 00:16:07,693104961931683,静洲,@十一点就睡- 我看见了嗯故意的,[等级14],[粉丝团 Lv7]
2026-05-23 00:16:13,1947983703968243,梵的开心事,主播带货吗？,[等级6],
2026-05-23 00:16:14,97194750776595,@浮云,不中,[等级43],[粉丝团 Lv5]
2026-05-23 00:16:16,69883728410,汾酒小康,@The，韋xianshen 不上楼就下班了,[等级10],
2026-05-23 00:16:17,99542162139,lulu,[捂脸][捂脸][捂脸][捂脸][捂脸],[等级8],
2026-05-23 00:16:19,4124975694873488,❄️❄️,[捂脸],[等级23],[粉丝团 Lv16]
2026-05-23 00:16:19,2234682707544967,子一,@嗨、詹先生 原来是眼睛真的瞎呀,[等级28],[粉丝团:张君雅 Lv15]
2026-05-23 00:16:20,101487550960,𝑪𝒓𝒖𝒔𝒉.,[捂脸],[等级25],
2026-05-23 00:16:22,59782841206,长 春,哈哈哈哈,[等级32],
2026-05-23 00:16:22,77416951506,ら孤痞,@萝卜顿珠 马后炮,[等级37],[粉丝团 Lv17]
2026-05-23 00:16:23,2330588968395416,贝塔β,[捂脸][捂脸][捂脸],[等级25],[粉丝团 Lv14]
2026-05-23 00:16:23,100179063750,163广播站,[捂脸][捂脸],[等级9],[粉丝团 Lv6]
2026-05-23 00:16:24,3394899074375095,繁星、,所以你们菜呢，就会马后炮，你们意识那么好去上分嘛，看什么直播？,[等级31],[粉丝团 Lv10]
2026-05-23 00:16:24,92461848227,煜,[捂脸][捂脸],[等级13],[粉丝团 Lv12]
2026-05-23 00:16:25,818458912358512,34177028007,[捂脸][捂脸][捂脸],[等级3],
2026-05-23 00:16:25,4233546532927219,🉑🈶🉑🈚,哈哈哈,[等级20],[粉丝团 Lv10]
2026-05-23 00:16:26,4124975694873488,❄️❄️,雷炸了,[等级23],[粉丝团 Lv16]
2026-05-23 00:16:27,1341827589088227,北纬46°度,留人了大仓,[等级14],[粉丝团 Lv8]
2026-05-23 00:16:27,800075209256152,家里600头猪,哈哈哈哈哈哈[捂脸][捂脸][捂脸],,
2026-05-23 00:16:28,99460247743,日行一善²⁰²⁶,队友不会取消投雷[捂脸],[等级12],[粉丝团 Lv10]
2026-05-23 00:16:29,101278244039,䲷雄？彭少。,又卡了,[等级26],[粉丝团 Lv4]
2026-05-23 00:16:29,101487550960,𝑪𝒓𝒖𝒔𝒉.,掐雷[捂脸],[等级25],
2026-05-23 00:16:29,98127314878,艾瑞巴蒂跟我一起嗨,收不回来雷[捂脸],[等级25],[粉丝团 Lv11]
2026-05-23 00:16:30,105476716626,💫迷,@某某.,[等级24],[粉丝团 Lv15]
2026-05-23 00:16:31,108107303061,The，韋xianshen,上楼干嘛呢,[等级25],
2026-05-23 00:16:31,116989961990570,喜欢一个人,想象力很丰富,[等级12],[粉丝团 Lv10]
2026-05-23 00:16:32,2172229561625960,好嗨哟,响了。,[等级25],[粉丝团 Lv13]
2026-05-23 00:16:33,96529285287,@L_Y@⁵¹⁰⁷⁴₈₀₀₈,@嗨、詹先生 说话带脑子没,[等级43],[粉丝团:张君雅 Lv17]
2026-05-23 00:16:33,4233546532927219,🉑🈶🉑🈚,居然响了,[等级20],[粉丝团 Lv10]
2026-05-23 00:16:36,60200033360,闫先生阿,主播，要蒜薹吗,[等级27],[粉丝团 Lv1]
2026-05-23 00:16:47,97194750776595,@浮云,叫队友,[等级43],[粉丝团 Lv5]
2026-05-23 00:16:50,1881983920385927,希芙,[捂脸],[等级4],
2026-05-23 00:17:03,97194750776595,@浮云,游戏结束[捂脸],[等级43],[粉丝团 Lv5]
2026-05-23 00:17:09,108107303061,The，韋xianshen,上楼干嘛呢,[等级25],
2026-05-23 00:17:12,4130208419157787,不知名,主播直播时间是几点到几点啊,[等级2],
2026-05-23 00:17:12,4475458192938265,圆圆喊救命老黑有事要先走,[捂脸][捂脸][捂脸][捂脸],[等级21],[粉丝团 Lv12]
2026-05-23 00:17:29,103149346251,时光会咬人。。,哈哈哈,[等级16],[粉丝团 Lv11]
2026-05-23 00:17:37,1881983920385927,希芙,[发呆],[等级4],
2026-05-23 00:17:42,104821945917,航典💭,牛逼,[等级20],[粉丝团 Lv8]
2026-05-23 00:17:48,1881983920385927,希芙,极限[看],[等级4],
2026-05-23 00:17:53,97194750776595,@浮云,完了吗,[等级43],[粉丝团 Lv5]
2026-05-23 00:18:02,1881983920385927,希芙,丸辣[捂脸],[等级4],
2026-05-23 00:18:05,175557499433192,你是哪只虾米,哈哈哈哈哈哈哈,[等级10],[粉丝团 Lv7]
2026-05-23 00:18:05,92461848227,煜,[捂脸][捂脸][捂脸],[等级13],[粉丝团 Lv12]
2026-05-23 00:18:06,100459313206,莉枝,哈哈哈哈,[等级17],[粉丝团 Lv10]
2026-05-23 00:18:07,71507967810,晚风～,哈哈哈,[等级25],
2026-05-23 00:18:07,2007084944330340,陈不住气的,可惜了,[等级9],[粉丝团 Lv2]
2026-05-23 00:18:07,222579207187354,南无阿弥陀佛,漂亮,[等级6],[粉丝团 Lv2]
2026-05-23 00:18:08,1871829573048620,南波湾影视,[捂脸][捂脸],[等级10],
2026-05-23 00:18:08,101487550960,𝑪𝒓𝒖𝒔𝒉.,[捂脸][捂脸][捂脸],[等级25],
2026-05-23 00:18:08,4200585207743172,I·,极限,[等级11],[粉丝团 Lv4]
2026-05-23 00:18:08,1825624754237672,初七,[捂脸][捂脸],[等级13],[粉丝团 Lv7]
2026-05-23 00:18:08,102088770330,y知足者常乐,[捂脸][捂脸],[等级20],[粉丝团 Lv8]
2026-05-23 00:18:08,7597413643777770545,哭哭马,哈哈哈[捂脸][捂脸],[等级14],
2026-05-23 00:18:08,4410845128828888,地狱小魔,手枪,[等级25],[粉丝团 Lv11]
2026-05-23 00:18:08,61835779108,二毛,[捂脸][捂脸],[等级32],[粉丝团 Lv15]
2026-05-23 00:18:09,685720228071095,余生.,哈哈哈,[等级14],[粉丝团 Lv6]
2026-05-23 00:18:09,3614818885959799,Linkwater,[捂脸][捂脸],[等级10],
2026-05-23 00:18:09,1816866635650600,暮色,[大笑][大笑][大笑],[等级25],[粉丝团 Lv13]
2026-05-23 00:18:09,104821945917,航典💭,很牛逼了,[等级20],[粉丝团 Lv8]
2026-05-23 00:18:10,3729155709738846,半生情缘,[偷笑],[等级24],[粉丝团 Lv2]
2026-05-23 00:18:10,109042802862,有点困,[捂脸][捂脸][捂脸],[等级14],
2026-05-23 00:18:10,101628320807,⁰⁴.₁₂杨℘,[捂脸][捂脸][捂脸],[等级16],[粉丝团 Lv2]
2026-05-23 00:18:10,800075209256152,家里600头猪,哈哈哈哈哈哈[捂脸][捂脸][捂脸],,
2026-05-23 00:18:10,103831763197,不禁你,[捂脸],[等级18],[粉丝团 Lv14]
2026-05-23 00:18:10,110653260637,微笑&面对⁵¹⁰⁷⁴,牛逼,[等级21],[粉丝团 Lv14]
2026-05-23 00:18:10,94491110875,🍅柿柿皆顺,[捂脸][捂脸],[等级19],[粉丝团 Lv12]
2026-05-23 00:18:10,1341059843757268,Vincent,手枪[捂脸][捂脸][捂脸],[等级37],[粉丝团 Lv14]
2026-05-23 00:18:10,943821790905465,♥晴天♥⇔,哈哈,[等级9],[粉丝团 Lv6]
2026-05-23 00:18:10,1614555080295677,✨伯牙,[捂脸][捂脸],[等级16],[粉丝团 Lv11]
2026-05-23 00:18:10,4042265042890167,承蒙 厚爱ᶜᵐᵉ,哈哈哈,[等级30],
2026-05-23 00:18:10,109506073173,你好难哄！,[尬笑],[等级12],
2026-05-23 00:18:11,99460247743,日行一善²⁰²⁶,爷们儿要战斗[捂脸],[等级12],[粉丝团 Lv10]
2026-05-23 00:18:11,72765692822,🌈嘁，十三,[捂脸][捂脸][捂脸],[等级32],[粉丝团 Lv10]
2026-05-23 00:18:11,3996063592881981,@@🚬yangꦿ᭄ཽ࿆࿆:,[捂脸][捂脸][捂脸][捂脸],[等级15],[粉丝团 Lv10]
2026-05-23 00:18:12,105378086467,🌈沃的发,[捂脸][捂脸][捂脸],[等级16],
2026-05-23 00:18:12,2234638754122687,🌈迷,哈哈,[等级20],[粉丝团 Lv6]
2026-05-23 00:18:12,3406705907740807,何爱华（承蒙厚爱）,[捂脸][捂脸][捂脸],[等级22],[粉丝团 Lv12]
2026-05-23 00:18:12,424826676718059,冉小冉,[捂脸][捂脸][捂脸],[等级15],[粉丝团 Lv3]
2026-05-23 00:18:12,3557665193860644,梅钞疯 󰠇,[捂脸][捂脸],[等级20],[粉丝团 Lv12]
2026-05-23 00:18:12,4312762483477248,村里有个姑娘叫小芳,哈哈[捂脸],[等级3],[粉丝团 Lv3]
2026-05-23 00:18:12,22457894056600,🌙捧花看海～,极限了,[等级13],[粉丝团 Lv10]
2026-05-23 00:18:12,50233097315,元素痛乐,[捂脸][捂脸][捂脸],[等级20],[粉丝团 Lv3]
2026-05-23 00:18:12,111519916804,最初的梦想✨,[捂脸][捂脸][捂脸],[等级9],[粉丝团 Lv3]
2026-05-23 00:18:12,59409867637,🌈七～安💕💕,哈哈,[等级15],
2026-05-23 00:18:12,104821945917,航典💭,极限,[等级20],[粉丝团 Lv8]
2026-05-23 00:18:12,96751997554,东厨司命,哈哈,[等级26],[粉丝团 Lv12]
2026-05-23 00:18:13,600767341014696,小福星🍬,[捂脸],[等级26],[粉丝团 Lv8]
2026-05-23 00:18:13,1257437656002798,某某.,极限了,[等级34],[粉丝团:张君雅 Lv16]
2026-05-23 00:18:14,1761867554883788,甜甜甜圈圈,牛逼,[等级5],[粉丝团 Lv3]
2026-05-23 00:18:14,1313284358672692,广联达建模（王）,[泪奔][黑脸][泪奔][黑脸],[等级16],[粉丝团 Lv7]
2026-05-23 00:18:14,2779210456775982,伽蓝听雨,叫你不补,,
2026-05-23 00:18:14,72918268379,找到女朋友就改网名,刺激,[等级6],[粉丝团 Lv4]
2026-05-23 00:18:14,335766083352684,～～,[捂脸][捂脸],[等级7],
2026-05-23 00:18:14,2817427251145472,每一天都是新的开始,手枪[捂脸],[等级3],
2026-05-23 00:18:14,3380319399706888,喵🐾媚娘,燃尽了[捂脸],[等级23],[粉丝团 Lv12]
2026-05-23 00:18:14,1881983920385927,希芙,还是噶了[看],[等级4],
2026-05-23 00:18:14,3500443393329229,最初……,不补人头[捂脸],[等级22],[粉丝团 Lv6]
2026-05-23 00:18:15,659309352983392,一笑赴山海,手枪[捂脸],[等级44],
2026-05-23 00:18:16,2330588968395416,贝塔β,[捂脸][捂脸][捂脸],[等级25],[粉丝团 Lv14]
2026-05-23 00:18:16,96751997554,东厨司命,没办法了,[等级26],[粉丝团 Lv12]
2026-05-23 00:18:16,77729332253,多多007,耻辱下播,[等级12],[粉丝团 Lv11]
2026-05-23 00:18:16,96313124700,不加冰的🥤,狗咬的,[等级19],[粉丝团 Lv12]
2026-05-23 00:18:16,800094222813292,差生没文具,这就是专门来干老黑的,[等级21],[粉丝团 Lv12]
2026-05-23 00:18:16,2576845188893629,@雨星,[捂脸][捂脸][捂脸][捂脸][捂脸],,
2026-05-23 00:18:16,63322982258,谷城专业瓷砖美缝—胡军,[捂脸],[等级23],[粉丝团 Lv11]
2026-05-23 00:18:16,96304346891,🌈两个乖乖宝🌈,[捂脸][捂脸][捂脸],[等级18],[粉丝团 Lv7]
2026-05-23 00:18:16,93506935628,甜的白开水,很厉害了,[等级1],
2026-05-23 00:18:17,85962175945,🚬先生,不补人。瞎打。,[等级8],
2026-05-23 00:18:17,2999060432162365,丸子的三百,极限,[等级21],[粉丝团 Lv2]
2026-05-23 00:18:17,1596141804983624,桃桃纸&,[捂脸][捂脸],[等级11],[粉丝团 Lv11]
2026-05-23 00:18:18,108107303061,The，韋xianshen,上楼干嘛呢,[等级25],
2026-05-23 00:18:18,1871829573048620,南波湾影视,学你的,[等级10],
2026-05-23 00:18:18,871246271356731,じ忘情老坛酸菜面꧔ꦿ᭄,耻辱下播[捂脸],[等级20],[粉丝团 Lv12]
2026-05-23 00:18:18,1761867554883788,甜甜甜圈圈,牛逼,[等级5],[粉丝团 Lv3]
2026-05-23 00:18:18,108332748130,相遇微时,你不补,[等级16],
2026-05-23 00:18:18,71507967810,晚风～,手枪,[等级25],
2026-05-23 00:18:18,109109492047,z浩哥,拿你拿手的打你,[等级7],
2026-05-23 00:18:18,83776080675,小叶子🐇🐰⁸⁰⁰⁸,极限了,[等级34],[粉丝团 Lv13]
2026-05-23 00:18:18,96199408559,會飝嘚鱼,爷们要战斗[捂脸],[等级35],[粉丝团 Lv15]
2026-05-23 00:18:19,98732142310,坤、kun,可惜了,[等级20],[粉丝团 Lv15]
2026-05-23 00:18:19,83553935385,西宮硝子,哈哈哈哈,[等级12],[粉丝团 Lv12]
2026-05-23 00:18:19,800075209256152,家里600头猪,笑死我了[捂脸][捂脸][捂脸],,
2026-05-23 00:18:19,99295421041,打车都坐后备箱的男人🌞,[捂脸][捂脸][捂脸],[等级19],
2026-05-23 00:18:20,2172229561625960,好嗨哟,一个没扑,[等级25],[粉丝团 Lv13]
2026-05-23 00:18:20,51564348190,Purple Fish,太牛逼了,[等级9],[粉丝团 Lv2]
2026-05-23 00:18:20,2620828138089448,🌹初心,哈哈哈哈[捂脸],[等级12],[粉丝团 Lv1]
2026-05-23 00:18:20,2111507851127823,天青色等烟雨,小手枪,[等级12],[粉丝团 Lv5]
2026-05-23 00:18:20,2177463633054648,豹金钱,爷们枪,[等级4],[粉丝团 Lv2]
2026-05-23 00:18:20,74273567425,妮妮,手枪打得你,[等级21],[粉丝团 Lv5]
2026-05-23 00:18:20,66025825316,斌              ╲,你要封印,[等级26],[粉丝团 Lv5]
2026-05-23 00:18:20,4165407898869996,每天对被子表白,又是番茄,[等级5],[粉丝团 Lv2]
2026-05-23 00:18:20,111462144671,月光下的身影,手枪,[等级9],[粉丝团 Lv11]
2026-05-23 00:18:20,92760526755,້ 小满,没补了,[等级11],[粉丝团 Lv8]
2026-05-23 00:18:20,101030788216,南京九旗流动烤全羊,被狗咬死了[捂脸],[等级20],[粉丝团 Lv3]
2026-05-23 00:18:20,3557665193860644,梅钞疯 󰠇,你也有今天[捂脸][捂脸][捂脸],[等级20],[粉丝团 Lv12]
2026-05-23 00:18:21,2194267952916087,大龙,[捂脸],[等级15],[粉丝团 Lv10]
2026-05-23 00:18:21,101427065063,柒月清柠,哈哈,[等级1],
2026-05-23 00:18:21,97194750776595,@浮云,尽力了[赞],[等级43],[粉丝团 Lv5]
2026-05-23 00:18:21,97276487957,🌈柳生_老登DeriChang,手枪 哈哈哈,[等级11],[粉丝团 Lv7]
2026-05-23 00:18:22,3996063592881981,@@🚬yangꦿ᭄ཽ࿆࿆:,[捂脸][捂脸][捂脸],[等级15],[粉丝团 Lv10]
2026-05-23 00:18:22,2773443029513129,亦然,队友没啥用,[等级1],[粉丝团 Lv1]
2026-05-23 00:18:22,69260020651,ZDL,不补人,[等级11],[粉丝团 Lv10]
2026-05-23 00:18:22,96407959300,Wind,哈哈[比心],[等级4],
2026-05-23 00:18:22,99460247743,日行一善²⁰²⁶,局哥爬进来了,[等级12],[粉丝团 Lv10]
2026-05-23 00:18:22,82656679549,奥特曼,你的徒弟,[等级21],[粉丝团 Lv10]
2026-05-23 00:18:22,3619206768628157,除暴安良的良,一号啥忙啊帮不上,[等级2],
2026-05-23 00:18:22,61247867498,鸿志,耻辱下播,[等级23],[粉丝团 Lv3]
2026-05-23 00:18:22,96313124700,不加冰的🥤,哈哈哈哈哈,[等级19],[粉丝团 Lv12]
2026-05-23 00:18:22,2826207289944812,你小子,这队友刚刚在楼上没发挥啊,[等级1],
2026-05-23 00:18:22,386652325291725,zheng,最后一个了。,[等级10],[粉丝团 Lv2]
2026-05-23 00:18:22,59782841206,长 春,位置不好,[等级32],
2026-05-23 00:18:23,68128483419,秋霜,一个没补掉,[等级33],[粉丝团 Lv12]
2026-05-23 00:18:23,72683780491,兵哥,人家也有手枪,[等级39],[粉丝团 Lv15]
2026-05-23 00:18:23,58100880468,游明不明,手枪,[等级10],
2026-05-23 00:18:23,3763005789578900,贝贝,你补他呀，你怕他死掉吗,[等级6],
2026-05-23 00:18:24,79947441400,@泡椒,没办法,[等级21],
2026-05-23 00:18:24,54421526629,🌈猫,很厉害了,[等级26],[粉丝团 Lv11]
2026-05-23 00:18:24,95318523130,奢懿,精彩,[等级21],[粉丝团 Lv10]
2026-05-23 00:18:24,210721639498862,@修炼,漂亮,[等级24],[粉丝团 Lv11]
2026-05-23 00:18:24,64352008185,林较瘦,下班了,[等级12],[粉丝团 Lv6]
2026-05-23 00:18:24,1367445777424910,Eucalyptus 🐸,[捂脸][捂脸][捂脸],[等级24],[粉丝团 Lv14]
2026-05-23 00:18:24,2733838606807258,有人的地方就有江湖！,已经很厉害了 宝贝[比心][比心][比心],[等级20],
2026-05-23 00:18:24,629363560687565,🍉糖,燃成舍利子了,[等级13],[粉丝团 Lv7]
2026-05-23 00:18:24,4309725839111934,🔥 阿贾克斯,牛逼,[等级7],
2026-05-23 00:18:24,55578024711,礼拜日,[捂脸][捂脸],[等级23],
2026-05-23 00:18:24,770087998721191,占卜师,很厉害了,[等级15],[粉丝团 Lv13]
2026-05-23 00:18:25,2905369157835032,ICBC,卖队友哈哈,,
2026-05-23 00:18:25,95558583638,爸辣辣能量ᝰ,尽力了尽力了,[等级4],
2026-05-23 00:18:25,66025825316,斌              ╲,烽烟,[等级26],[粉丝团 Lv5]
2026-05-23 00:18:25,73575610085,熬醒了,哈哈[捂脸],[等级29],
2026-05-23 00:18:25,3861924415812446,大大大王王,哈哈哈哈哈  终日打燕,[等级19],[粉丝团 Lv11]
2026-05-23 00:18:25,58663152049,疾风亦有归途,居然是手枪,[等级26],
2026-05-23 00:18:25,3795120824521454,你你,牛逼,[等级15],[粉丝团 Lv10]
2026-05-23 00:18:26,71507967810,晚风～,手枪，哈哈哈,[等级25],
2026-05-23 00:18:26,2010339969873037,赚一个亿.🦋,再来一把,[等级2],[粉丝团 Lv2]
2026-05-23 00:18:26,67284514194,好运,338就好了,[等级22],[粉丝团 Lv11]
2026-05-23 00:18:26,101637886643,拾柒岁的天空,手枪,[等级18],[粉丝团 Lv4]
2026-05-23 00:18:26,100179063750,163广播站,小手枪,[等级9],[粉丝团 Lv6]
2026-05-23 00:18:27,3527713876097182,大爹,[大笑][机智][大笑][机智][大笑][机智],[等级9],[粉丝团 Lv3]
2026-05-23 00:18:27,2524080048712931,H,加班,[等级5],
2026-05-23 00:18:27,103259337728,华哥~,真精彩,[等级21],[粉丝团 Lv12]
2026-05-23 00:18:27,51378484847,zH,开,[等级15],
2026-05-23 00:18:27,85962175945,🚬先生,明明可以补一个。不补。,[等级8],
2026-05-23 00:18:27,92315339223,姐夫不喝药,真菜,[等级13],[粉丝团 Lv11]
2026-05-23 00:18:27,19931301118,嗨！幸福的猪,下回下班了,[等级15],
2026-05-23 00:18:27,108734988139,凡人,可惜不补,[等级15],[粉丝团 Lv7]
2026-05-23 00:18:28,69651345728,老许,好 全体起立鼓掌,[等级16],
2026-05-23 00:18:28,71126905166,抖音小肋手,天天打手枪，今天被手枪打,[等级11],[粉丝团 Lv10]
2026-05-23 00:18:28,3913913666903720,太阳☀,这个又活了烂番茄,[等级41],[粉丝团 Lv13]
2026-05-23 00:18:29,100060513007,梭,局哥死早了,[等级4],[粉丝团 Lv3]
2026-05-23 00:18:29,73575610085,熬醒了,哈哈[捂脸],[等级29],
2026-05-23 00:18:29,109042802862,有点困,手枪说我能架枪[捂脸],[等级14],
2026-05-23 00:18:29,443844505907463,夢在遠方,什么时候变得菜了[偷笑][偷笑][偷笑],[等级14],[粉丝团 Lv2]
2026-05-23 00:18:29,509818415880967,中意李,燃尽了[赞][赞][赞],[等级7],[粉丝团 Lv6]
2026-05-23 00:18:29,770087998721191,占卜师,爱播牛逼,[等级15],[粉丝团 Lv13]
2026-05-23 00:18:29,2571096471374030,落叶随风,用爆炸弓就赢了,[等级2],
2026-05-23 00:18:29,79876982398,王辉✌,没吃鸡不算,[等级17],
2026-05-23 00:18:29,3109899729643216,自由的风,再来一局,[等级13],[粉丝团 Lv11]
2026-05-23 00:18:30,55578024711,礼拜日,[捂脸][捂脸],[等级23],
2026-05-23 00:18:30,96535849179,三餐与旅途,下班下班,[等级8],[粉丝团 Lv3]
2026-05-23 00:18:30,3073831004812699,北纬20度,死的好，打法太自私了,[等级2],
2026-05-23 00:18:31,1433410145888648,龙,B,[等级24],[粉丝团 Lv10]
2026-05-23 00:18:31,1900377003016699,小尾巴_熊猫儿,真的好乱啊,[等级7],[粉丝团 Lv7]
2026-05-23 00:18:31,100839749060,给我一支烟,再来一把,[等级19],[粉丝团 Lv10]
2026-05-23 00:18:31,108332748130,相遇微时,手枪补了,[等级16],
2026-05-23 00:18:31,800075209256152,家里600头猪,哈哈哈哈哈哈[捂脸][捂脸][捂脸],,
2026-05-23 00:18:31,1552938191817367,读不懂的心……,牛逼,[等级10],[粉丝团 Lv3]
2026-05-23 00:18:32,94786135617,张中华,太棒了,[等级19],[粉丝团 Lv10]
2026-05-23 00:18:32,1759669246498072,暴君,她打倒2个，队友一个打 不了,[等级27],[粉丝团 Lv10]
2026-05-23 00:18:32,116989961990570,喜欢一个人,燃尽了,[等级12],[粉丝团 Lv10]
2026-05-23 00:18:32,1438623548322520,玛希露露,难绷,[等级10],
2026-05-23 00:18:33,954832899805223,iODnGlk,[流泪],[等级18],[粉丝团 Lv2]
2026-05-23 00:18:33,100942454984,初哥哥,继续,,
2026-05-23 00:18:33,2999060432162365,丸子的三百,爷们要战斗,[等级21],[粉丝团 Lv2]
2026-05-23 00:18:33,2458157906660388,鑫锅锅,都学到了精髓了,[等级15],[粉丝团 Lv11]
2026-05-23 00:18:33,96800023676,劉少,有点窝囊啊，手枪打死的,[等级32],[粉丝团 Lv5]
2026-05-23 00:18:33,71507967810,晚风～,[捂脸][捂脸][捂脸][捂脸][捂脸],[等级25],
2026-05-23 00:18:33,69365254810,强哆哆、,还来一把,[等级11],[粉丝团 Lv8]
2026-05-23 00:18:33,1261862762591260,小彭同學,匹配的那个男的真菜,[等级6],[粉丝团 Lv8]
2026-05-23 00:18:33,104165377906,大脸瓜,耻辱下播,[等级2],
2026-05-23 00:18:34,2529307639167710,老baby💫,确实尽力了,[等级29],[粉丝团 Lv11]
2026-05-23 00:18:34,800094222813292,差生没文具,极限了，很棒很棒,[等级21],[粉丝团 Lv12]
2026-05-23 00:18:34,7549456355062170681,还没想好~,这不是跟你学的吗[捂脸][捂脸][捂脸][捂脸],,
2026-05-23 00:18:35,1185721257299652,乘风破浪,尽力了就行,,
2026-05-23 00:18:35,96767790783,邹邹睡不醒👁 ܫ 👁,一个打六个哈哈哈哈,[等级20],
2026-05-23 00:18:35,111519916804,最初的梦想✨,太精彩了,[等级9],[粉丝团 Lv3]
2026-05-23 00:18:35,2010339969873037,赚一个亿.🦋,再来一把,[等级2],[粉丝团 Lv2]
2026-05-23 00:18:35,1063946629944504,ꕥ᭄老妖ꦿঞ⁵⁵⁵⁵󰠇,尽力了,[等级22],[粉丝团 Lv10]
2026-05-23 00:18:35,266550222012208,你总是这样,牛逼,[等级10],[粉丝团 Lv4]
2026-05-23 00:18:35,110021742385,柒安,这波1V8了[捂脸],[等级22],[粉丝团 Lv13]
2026-05-23 00:18:35,73347898863,琼6270,被手枪制裁了,[等级8],[粉丝团 Lv9]
2026-05-23 00:18:35,106495953730,新视界,终于也被手枪制裁了,[等级8],[粉丝团 Lv10]
2026-05-23 00:18:35,103259337728,华哥~,太牛B了,[等级21],[粉丝团 Lv12]
2026-05-23 00:18:36,82778911155,我的楼兰,重来,[等级15],[粉丝团 Lv10]
2026-05-23 00:18:36,116989961990570,喜欢一个人,成都箭王张君雅牛逼👍👍👍👍👍👍666,[等级12],[粉丝团 Lv10]
2026-05-23 00:18:36,1560947581518232,呦吼😎,四个人平均倒了两次[捂脸],[等级15],[粉丝团 Lv6]
2026-05-23 00:18:37,100179063750,163广播站,点死你[捂脸][捂脸],[等级9],[粉丝团 Lv6]
2026-05-23 00:18:37,69609607034,小阿二,再一把,[等级10],
2026-05-23 00:18:37,100839749060,给我一支烟,再来一把,[等级19],[粉丝团 Lv10]
2026-05-23 00:18:37,954832899805223,iODnGlk,没办法,[等级18],[粉丝团 Lv2]
2026-05-23 00:18:37,73575610085,熬醒了,哈哈[捂脸],[等级29],
2026-05-23 00:18:37,67163398482,小布丁麻麻,一共打6个[捂脸],[等级14],
2026-05-23 00:18:37,92316285483,三,我都说看电视被捉了,[等级19],[粉丝团 Lv6]
2026-05-23 00:18:37,394066738296170,红尘过客,如果拿的是AUG这把就赢了,,
2026-05-23 00:18:38,1433410145888648,龙,波牛逼牛逼,[等级24],[粉丝团 Lv10]
2026-05-23 00:18:38,1503787764427159,皇室独舞,张君雅牛逼,,
2026-05-23 00:18:39,3667610756715454,静      心,耻辱下播[看],[等级22],[粉丝团 Lv11]
2026-05-23 00:18:39,96313124700,不加冰的🥤,哈哈哈哈哈哈哈,[等级19],[粉丝团 Lv12]
2026-05-23 00:18:39,1341059843757268,Vincent,[捂脸][捂脸][捂脸],[等级37],[粉丝团 Lv14]
2026-05-23 00:18:39,147794188577292,『淡定』,太极限了[捂脸][捂脸],[等级7],[粉丝团 Lv7]
2026-05-23 00:18:39,266525036018420,凪࿑悥,一打6,[等级20],[粉丝团 Lv11]
2026-05-23 00:18:40,1556515796039133,方兴未艾,这手枪是真阴呀,[等级17],[粉丝团 Lv7]
2026-05-23 00:18:41,3353971938057257,oi—,赛季更新了吗,[等级13],
2026-05-23 00:18:41,3355313354312904,天策上将🏹,如果拿的是两把枪就赢了,[等级46],[粉丝团 Lv10]
2026-05-23 00:18:41,66624217824,᭄自由ঞৣঁ如风᭄🍻,燃尽了,[等级14],[粉丝团 Lv6]
2026-05-23 00:18:41,1881983920385927,希芙,？,[等级4],
2026-05-23 00:18:41,109109492047,z浩哥,打到直接补,[等级7],
2026-05-23 00:18:41,104821945917,航典💭,尽力了,[等级20],[粉丝团 Lv8]
2026-05-23 00:18:42,7549456355062170681,还没想好~,[捂脸][捂脸][捂脸][捂脸],,
2026-05-23 00:18:42,66672807913,番茄小鱼,帅,[等级14],
2026-05-23 00:18:42,109042802862,有点困,[捂脸][捂脸][捂脸],[等级14],
2026-05-23 00:18:42,69797074890,瑞【十月二十九】,太难了,[等级18],[粉丝团 Lv11]
2026-05-23 00:18:43,94766912913,日常,太牛了,[等级26],[粉丝团 Lv7]
2026-05-23 00:18:43,104227179249,🔪一笑卿莫言⁷⁰⁷,牛逼[赞][赞][赞][赞],[等级31],[粉丝团 Lv13]
2026-05-23 00:18:43,63164981537,十六-,尽力了宝贝,[等级42],[粉丝团 Lv9]
2026-05-23 00:18:43,102049666582,既不钟用也不钟看,主要是想下班了[捂脸],[等级17],[粉丝团 Lv2]
2026-05-23 00:18:43,116989961990570,喜欢一个人,燃尽了,[等级12],[粉丝团 Lv10]
2026-05-23 00:18:43,998827332731295,陪你向阳而生.,哈哈哈,[等级19],[粉丝团 Lv11]
2026-05-23 00:18:43,2817427251145472,每一天都是新的开始,太牛了[捂脸],[等级3],
2026-05-23 00:18:43,2038930221841833,凌晨6点的太阳,拿弓箭炸可能会有机会,,
2026-05-23 00:18:43,4314916384157933,林大胆很胆小,君雅大妹妹就应该补了连打带补,[等级23],[粉丝团 Lv7]
2026-05-23 00:18:44,93113842956,遇见房缘,欺负君雅一个人[捂脸],[等级8],[粉丝团 Lv8]
2026-05-23 00:18:44,1354201907597575,总有刁民要害朕,一号帮不了一点,[等级23],[粉丝团 Lv7]
2026-05-23 00:18:45,94621081467,雨踏歌行.,没补番茄,[等级20],[粉丝团 Lv15]
2026-05-23 00:18:45,97915842097,大    王,有点菜,[等级8],
2026-05-23 00:18:45,79366502921,T·Jan²⁸·Agr✧🥼,极限了,[等级14],[粉丝团 Lv4]
2026-05-23 00:18:45,1433410145888648,龙,哎呀，我就想看主播吃不到鸡呀,[等级24],[粉丝团 Lv10]
2026-05-23 00:18:45,1881983920385927,希芙,耻辱下播,[等级4],
2026-05-23 00:18:45,1560947581518232,呦吼😎,确实牛逼[捂脸],[等级15],[粉丝团 Lv6]
2026-05-23 00:18:46,3795165700956462,会飞走的理想,精彩[比心][比心],[等级14],[粉丝团 Lv2]
2026-05-23 00:18:46,77223069015,❤️李李,[666][666][666][666],[等级19],[粉丝团 Lv8]
2026-05-23 00:18:47,100507987017,生猪收购,以后你也拿狗,[等级14],[粉丝团 Lv1]
2026-05-23 00:18:47,103259337728,华哥~,燃尽了,[等级21],[粉丝团 Lv12]
2026-05-23 00:18:47,4494404333607655,深渊,爷们要战斗,[等级22],[粉丝团 Lv7]
2026-05-23 00:18:47,874804200355566,哈哈跳,🤮,[等级8],
2026-05-23 00:18:47,83536529771,🤨,补人头她就没子弹了,[等级30],
2026-05-23 00:18:47,101030788216,南京九旗流动烤全羊,绝对尽力了,[等级20],[粉丝团 Lv3]
2026-05-23 00:18:47,1261862762591260,小彭同學,菜的队友,[等级6],[粉丝团 Lv8]
2026-05-23 00:18:47,668978144353719,𝙯ᙆ,130.6,[等级4],[粉丝团 Lv3]
2026-05-23 00:18:48,69365254810,强哆哆、,菜加班20分钟,[等级11],[粉丝团 Lv8]
2026-05-23 00:18:48,101014095269,1106225386,忙都忙不赢[捂脸][捂脸][捂脸],[等级17],[粉丝团 Lv7]
2026-05-23 00:18:49,1900377003016699,小尾巴_熊猫儿,厉害厉害,[等级7],[粉丝团 Lv7]
2026-05-23 00:18:49,64352008185,林较瘦,再打一把,[等级12],[粉丝团 Lv6]
2026-05-23 00:18:49,66672807913,番茄小鱼,好帅,[等级14],
2026-05-23 00:18:49,99374058753,"Zhou.""Hu/`|",已经燃尽了[比心][比心],[等级7],[粉丝团 Lv1]
2026-05-23 00:18:49,85962175945,🚬先生,明明可以补人不补，,[等级8],
2026-05-23 00:18:49,4503662665934861,榴莲要吃皮噢,队友没发力,[等级20],[粉丝团 Lv13]
2026-05-23 00:18:49,72306900897,梁锋,可以了,[等级24],[粉丝团 Lv15]
2026-05-23 00:18:49,105351975538,米苏🍊,香香甜甜,[等级19],
2026-05-23 00:18:50,7549456355062170681,还没想好~,[捂脸][捂脸][捂脸][捂脸][捂脸][捂脸],,
2026-05-23 00:18:50,1785254840131207,cola,哈哈哈,,
2026-05-23 00:18:50,72481359806,歲歲金安,加班,[等级16],
2026-05-23 00:18:51,84546284004,阿君君、,补了一个的,[等级13],[粉丝团 Lv8]
2026-05-23 00:18:51,993571495751693,世胜哥,还想看,[等级2],
2026-05-23 00:18:52,7549456355062170681,还没想好~,[捂脸][捂脸][捂脸][捂脸],,
2026-05-23 00:18:52,73502657005,养个小羊,在来一把,[等级8],
2026-05-23 00:18:52,72306900897,梁锋,下班,[等级24],[粉丝团 Lv15]
2026-05-23 00:18:52,2111507851127823,天青色等烟雨,又是狗又是手枪,[等级12],[粉丝团 Lv5]
2026-05-23 00:18:52,1433410145888648,龙,说白了我就不喜欢看到主播吃鸡,[等级24],[粉丝团 Lv10]
2026-05-23 00:18:52,54421526629,🌈猫,等一下，亲密度,[等级26],[粉丝团 Lv11]
2026-05-23 00:18:53,92317863115,🌚,拉满了，拉了五斤,,
2026-05-23 00:18:53,3800365929340381,菏泽第一家丹东烧烤,燃尽了,[等级8],[粉丝团 Lv5]
2026-05-23 00:18:54,4194001283195769,暴露出来了吗,没补人,,
2026-05-23 00:18:54,75943672986,梦想_246046321,一把枪不好打,[等级5],
2026-05-23 00:18:54,98594092844,🇨🇳福星高照,再来一局不？,[等级11],[粉丝团 Lv7]
2026-05-23 00:18:54,80636081935,So丶今年一路發,在来一局,[等级19],
2026-05-23 00:18:54,104532155378,简凡,没过瘾,[等级17],
2026-05-23 00:18:55,2276468828945764,糖豆,很厉害了,,
2026-05-23 00:18:56,69365254810,强哆哆、,再来一把，,[等级11],[粉丝团 Lv8]
2026-05-23 00:18:56,103919279066,熙一夜,蛋糕太香,[等级14],[粉丝团 Lv13]
2026-05-23 00:18:57,69260884410,@张不言,有个338就拿下了,[等级23],
2026-05-23 00:18:59,101606401109,沉默,我吊吊安不的了,[等级28],[粉丝团 Lv11]
2026-05-23 00:19:00,4130208419157787,不知名,主播多少分了,[等级2],
2026-05-23 00:19:00,2840776176057645,F2,一打七,[等级25],[粉丝团 Lv13]
2026-05-23 00:19:01,61247867498,鸿志,把生日过完在下播啊,[等级23],[粉丝团 Lv3]
2026-05-23 00:19:02,96109458661,梁培先生,有一波，你就外面打血不去小房间你可以赢的,[等级27],[粉丝团 Lv6]
2026-05-23 00:19:02,1433410145888648,龙,说白了，主播终于死的死了,[等级24],[粉丝团 Lv10]
2026-05-23 00:19:03,64352008185,林较瘦,耻辱下播,[等级12],[粉丝团 Lv6]
2026-05-23 00:19:04,62931030336,止,一百万白点？,[等级25],
2026-05-23 00:19:04,1341059843757268,Vincent,[捂脸][捂脸][捂脸][捂脸],[等级37],[粉丝团 Lv14]
2026-05-23 00:19:06,1503787764427159,皇室独舞,张君雅牛逼,,
2026-05-23 00:19:06,91967876336,𝑺𝑮.金,厉害了,[等级34],[粉丝团 Lv2]
2026-05-23 00:19:07,4037872013554622,用户9527314159265857,小蛋糕,[等级6],[粉丝团 Lv3]
2026-05-23 00:19:08,1433410145888648,龙,天天吃鸡，天天吃鸡，没道理啊,[等级24],[粉丝团 Lv10]
2026-05-23 00:19:09,73575610085,熬醒了,哈哈[捂脸],[等级29],
2026-05-23 00:19:10,74598905234,天下诱我,一把枪打不过来,[等级13],[粉丝团 Lv4]
2026-05-23 00:19:10,2804199971364512,春风不语,@贝贝 打人的子弹都来不及加，怎么补？,[等级19],[粉丝团 Lv9]
2026-05-23 00:19:10,59060711078,南棠,尽量局,[等级35],[粉丝团 Lv6]
2026-05-23 00:19:10,101606401109,沉默,么废话了,[等级28],[粉丝团 Lv11]
2026-05-23 00:19:11,92588242853,梦里的你,拉满了,[等级14],
2026-05-23 00:19:12,105903757072,兴龙9527,补不了，不然又得换弹,[等级20],[粉丝团 Lv11]
2026-05-23 00:19:13,104532155378,简凡,没过瘾,[等级17],
2026-05-23 00:19:13,93886169458,S,新赛季见张君雅了,[等级23],[粉丝团 Lv8]
2026-05-23 00:19:13,69365254810,强哆哆、,再来一把,[等级11],[粉丝团 Lv8]
2026-05-23 00:19:14,2348155683738179,可爱仔,超级超级牛掰了,[等级4],
2026-05-23 00:19:14,2219258385534067,16,打房间赛,[等级16],[粉丝团 Lv9]
2026-05-23 00:19:15,96109458661,梁培先生,你去小房间浪费了很饿多时间,[等级27],[粉丝团 Lv6]
2026-05-23 00:19:16,109109492047,z浩哥,晚安,[等级7],
2026-05-23 00:19:16,92461848227,煜,[捂脸][捂脸][捂脸],[等级13],[粉丝团 Lv12]
2026-05-23 00:19:17,2703019685981437,豆沙,厉害厉害,[等级11],
2026-05-23 00:19:17,66672807913,番茄小鱼,帅,[等级14],
2026-05-23 00:19:18,2831979010071256,清扬、,队友卖的好,[等级20],[粉丝团 Lv9]
2026-05-23 00:19:19,103919279066,熙一夜,蛋糕香麻了,[等级14],[粉丝团 Lv13]
2026-05-23 00:19:20,95442492567,破浪,[捂脸][捂脸],[等级29],[粉丝团 Lv12]
2026-05-23 00:19:20,770087998721191,占卜师,[捂脸][捂脸][捂脸],[等级15],[粉丝团 Lv13]
2026-05-23 00:19:20,99512512599,三菩书社,[互粉][互粉][互粉][互粉][互粉][互粉],[等级20],[粉丝团 Lv3]
2026-05-23 00:19:22,84522697108,梦想,一个打，6个,[等级23],[粉丝团 Lv3]
2026-05-23 00:19:22,4233546532927219,🉑🈶🉑🈚,哈哈哈,[等级20],[粉丝团 Lv10]
2026-05-23 00:19:22,2172229561625960,好嗨哟,还有一个身残志坚,[等级25],[粉丝团 Lv13]
2026-05-23 00:19:23,77045933471,香里柒,再来一把嘛,[等级18],[粉丝团 Lv10]
2026-05-23 00:19:24,61600439540,老雷家家庭农场,救了x遍,[等级29],[粉丝团 Lv9]
2026-05-23 00:19:24,1433410145888648,龙,主播，你这天天吃鸡，天天吃鸡,[等级24],[粉丝团 Lv10]
2026-05-23 00:19:24,99374058753,"Zhou.""Hu/`|",这波操作牛🐮,[等级7],[粉丝团 Lv1]
2026-05-23 00:19:24,2234682707544967,子一,哈哈还把哈哈,[等级28],[粉丝团:张君雅 Lv15]
2026-05-23 00:19:25,93506935628,甜的白开水,我听懂了,[等级1],
2026-05-23 00:19:26,77416951506,ら孤痞,@🚬先生 瞎叫，哪有时间补人,[等级37],[粉丝团 Lv17]
2026-05-23 00:19:26,99146661682,快到锅李来,[捂脸][捂脸][捂脸],[等级10],[粉丝团 Lv9]
2026-05-23 00:19:26,89348650236,@jiejie,[捂脸][捂脸],[等级18],[粉丝团 Lv11]
2026-05-23 00:19:26,80636081935,So丶今年一路發,在来一局,[等级19],
2026-05-23 00:19:26,99221713338,YangGe,补一个是一个,[等级25],
2026-05-23 00:19:26,2348155683738179,可爱仔,帅呆酷毙啦,[等级4],
2026-05-23 00:19:26,1900377003016699,小尾巴_熊猫儿,哈哈哈哈哈,[等级7],[粉丝团 Lv7]
2026-05-23 00:19:27,1785254840131207,cola,把我逗笑了。。关注了,,
2026-05-23 00:19:27,88757268529,张小狮,88,[等级11],[粉丝团 Lv11]
2026-05-23 00:19:29,1556515796039133,方兴未艾,睡觉,[等级17],[粉丝团 Lv7]
2026-05-23 00:19:30,69365254810,强哆哆、,手都按嘛老,[等级11],[粉丝团 Lv8]
2026-05-23 00:19:30,3394899074375095,繁星、,补人？搞笑,[等级31],[粉丝团 Lv10]
2026-05-23 00:19:30,2403951364024968,无所不能,很牛批了,[等级1],[粉丝团 Lv4]
2026-05-23 00:19:30,818458912358512,34177028007,想,[等级3],
2026-05-23 00:19:31,1994928977098979,总多情,你在说撒子老辈子,[等级17],[粉丝团 Lv1]
2026-05-23 00:19:31,84931271615,men-i,[懵][懵][懵],[等级10],
2026-05-23 00:19:31,4314916384157933,林大胆很胆小,连打带补,[等级23],[粉丝团 Lv7]
2026-05-23 00:19:31,2833878663304762,123,这个赛季结束了吗,,
2026-05-23 00:19:31,69797074890,瑞【十月二十九】,[比心][比心][比心][比心],[等级18],[粉丝团 Lv11]
2026-05-23 00:19:31,80636081935,So丶今年一路發,在来一局,[等级19],
2026-05-23 00:19:31,770087998721191,占卜师,张君雅牛哔,[等级15],[粉丝团 Lv13]
2026-05-23 00:19:33,185179001089518,遇见☃️,一把枪补个锤锤,[等级13],
2026-05-23 00:19:33,3355313354312904,天策上将🏹,只有一把枪 打不了1v4,[等级46],[粉丝团 Lv10]
2026-05-23 00:19:34,4086224378670223,叶伄戼,拜拜宝子,[等级23],[粉丝团 Lv6]
2026-05-23 00:19:35,71126905166,抖音小肋手,小番茄就在那里怎么补啊,[等级11],[粉丝团 Lv10]
2026-05-23 00:19:35,66881236551,风继续吹,加油,[等级10],[粉丝团 Lv3]
2026-05-23 00:19:37,100459313206,莉枝,好好休息吧,[等级17],[粉丝团 Lv10]
2026-05-23 00:19:37,98690167031,ℋღ᭄ 张 有 鱼  ࿐🐟,哈哈哈哈哈[捂脸][捂脸],,
2026-05-23 00:19:37,99372859314,启  夏,她有几会补吗[捂脸]人家大几枪一直在追她[捂脸],[等级25],[粉丝团 Lv15]
2026-05-23 00:19:37,1596141804983624,桃桃纸&,好,[等级11],[粉丝团 Lv11]
2026-05-23 00:19:38,99146661682,快到锅李来,说个锤子[捂脸][捂脸][捂脸],[等级10],[粉丝团 Lv9]
2026-05-23 00:19:39,993571495751693,世胜哥,以后能不能用四川话直播,[等级2],
2026-05-23 00:19:39,4309741363007214,阿良AL,唱首歌  庆祝一下,[等级18],[粉丝团 Lv12]
2026-05-23 00:19:40,111167818654,荔枝小丸,加油爱播,[等级27],[粉丝团 Lv15]
2026-05-23 00:19:41,100507987017,生猪收购,一打六的确不好打[捂脸][捂脸][捂脸],[等级14],[粉丝团 Lv1]
2026-05-23 00:19:41,2817427251145472,每一天都是新的开始,已经很厉害了[捂脸],[等级3],
2026-05-23 00:19:41,80636081935,So丶今年一路發,在来一局,[等级19],
2026-05-23 00:19:41,96109458661,梁培先生,你在围墙哪里血包可以打起来的，敌人也没有手雷,[等级27],[粉丝团 Lv6]
2026-05-23 00:19:42,69797074890,瑞【十月二十九】,[比心][比心][比心],[等级18],[粉丝团 Lv11]
2026-05-23 00:19:43,1433410145888648,龙,主播看一下回放吧，你操作好溜,[等级24],[粉丝团 Lv10]
2026-05-23 00:19:44,101030788216,南京九旗流动烤全羊,这个赛季上战神了吗,[等级20],[粉丝团 Lv3]
2026-05-23 00:19:45,939414047703796,🍐,加油,,
2026-05-23 00:19:46,93506935628,甜的白开水,你应该说老子给你两耳屎,[等级1],
2026-05-23 00:19:47,80636081935,So丶今年一路發,在来一局,[等级19],
2026-05-23 00:19:49,98127314878,艾瑞巴蒂跟我一起嗨,小蛋糕,[等级25],[粉丝团 Lv11]
2026-05-23 00:19:49,62171951167,十一🌱,晚安 拜拜,[等级29],[粉丝团 Lv4]
2026-05-23 00:19:49,770087998721191,占卜师,甜妹[看],[等级15],[粉丝团 Lv13]
2026-05-23 00:19:51,103919279066,熙一夜,小蛋糕还是找个队友吧,[等级14],[粉丝团 Lv13]
2026-05-23 00:19:51,3101049012099949,赫章吴彦祖,你带我[捂脸],[等级19],
2026-05-23 00:19:51,2703019685981437,豆沙,好的,[等级11],
2026-05-23 00:19:51,94766912913,日常,好好好,[等级26],[粉丝团 Lv7]
2026-05-23 00:19:52,1433410145888648,龙,主播刚刚操作已经很六了,[等级24],[粉丝团 Lv10]
2026-05-23 00:19:53,2330588968395416,贝塔β,好,[等级25],[粉丝团 Lv14]
2026-05-23 00:19:53,85962175945,🚬先生,@ら孤痞 房子那边贴脸补不了。你闹呢。,[等级8],
2026-05-23 00:19:53,4312762483477248,村里有个姑娘叫小芳,暴打张君雅[捂脸],[等级3],[粉丝团 Lv3]
2026-05-23 00:19:53,2207447170951252,一桉,没事的,[等级16],
2026-05-23 00:19:54,110021742385,柒安,没事的明天你带我打[看],[等级22],[粉丝团 Lv13]
2026-05-23 00:19:54,939414047703796,🍐,已经很厉害了,,
2026-05-23 00:19:55,3713483706217264,雨后,明天你几点？,,
2026-05-23 00:19:55,69797074890,瑞【十月二十九】,拜拜,[等级18],[粉丝团 Lv11]
2026-05-23 00:19:55,2348155683738179,可爱仔,拜拜,[等级4],
2026-05-23 00:19:56,1147514172218188,微 🌈 微,晚安,[等级17],[粉丝团 Lv10]
2026-05-23 00:19:56,71722008394,🐉锁骨上的唇印🐉,二号有自救也不用,[等级31],[粉丝团 Lv10]
2026-05-23 00:19:56,7409694092488164412,一生一世亿双人,晓得个锤子,[等级33],[粉丝团 Lv9]
2026-05-23 00:19:56,54421526629,🌈猫,一分钟,[等级26],[粉丝团 Lv11]
2026-05-23 00:19:56,96208149244,🌲搞定,好正中的成都话[赞],[等级31],[粉丝团 Lv5]
2026-05-23 00:19:56,89348650236,@jiejie,很牛了,[等级18],[粉丝团 Lv11]
2026-05-23 00:19:57,104225317761,Hi 嘉宾,再来一局,[等级16],[粉丝团 Lv3]
2026-05-23 00:19:58,96282856042,BJYXSZD,药都来不及打，极限了[赞][赞][赞][赞],[等级9],[粉丝团 Lv10]
2026-05-23 00:19:58,94766912913,日常,你是最牛的,[等级26],[粉丝团 Lv7]
2026-05-23 00:19:58,104227179249,🔪一笑卿莫言⁷⁰⁷,14,[等级31],[粉丝团 Lv14]
2026-05-23 00:19:58,98127314878,艾瑞巴蒂跟我一起嗨,都来吃小蛋糕[捂脸],[等级25],[粉丝团 Lv11]
2026-05-23 00:19:59,66033296597,吗嘍在城市,明天几点开播,[等级21],[粉丝团 Lv4]
2026-05-23 00:20:00,2348155683738179,可爱仔,明天见,[等级4],
2026-05-23 00:20:02,71126905166,抖音小肋手,补个啥啊，小番茄再旁边,[等级11],[粉丝团 Lv10]
2026-05-23 00:20:03,3334191784922296,陈冠希,不打了吗,[等级12],
2026-05-23 00:20:05,642561805131363,如鱼得水xl,永远支持你,[等级13],[粉丝团 Lv7]
2026-05-23 00:20:05,96109458661,梁培先生,没有补，那个手雷，差一单一打4,[等级27],[粉丝团 Lv6]
2026-05-23 00:20:05,4263222843015211,用户4699717687050,你莫走,,
2026-05-23 00:20:06,1374854668904024,路过你的世界,[抠鼻][抠鼻][抠鼻],[等级17],[粉丝团 Lv12]
2026-05-23 00:20:08,3334191784922296,陈冠希,不打了吗,[等级12],
2026-05-23 00:20:08,800094222813292,差生没文具,我不认你是小蛋糕，我只认你是悍妇[看][看],[等级21],[粉丝团 Lv12]
2026-05-23 00:20:09,99778516608,凸泡泡,看一下,[等级12],[粉丝团 Lv2]
2026-05-23 00:20:10,4263222843015211,用户4699717687050,你已经很厉害了。,,
2026-05-23 00:20:10,2225040408711719,哦。,哈哈哈,[等级16],
2026-05-23 00:20:10,998827332731295,陪你向阳而生.,现在多少分,[等级19],[粉丝团 Lv11]
2026-05-23 00:20:10,104225317761,Hi 嘉宾,再来一局,[等级16],[粉丝团 Lv3]
2026-05-23 00:20:11,1925988197611316,是小小橙呀,雅雅，唱首歌吧,[等级12],[粉丝团 Lv4]
2026-05-23 00:20:12,7549456355062170681,还没想好~,结束了吗,,
2026-05-23 00:20:12,1978739163399435,🌈、好好好,加班啊,[等级9],[粉丝团 Lv2]
2026-05-23 00:20:14,72707849024,文案时光@,以前火山上的是不是你,[等级28],
2026-05-23 00:20:14,99778516608,凸泡泡,看一下,[等级12],[粉丝团 Lv2]
2026-05-23 00:20:14,1433410145888648,龙,已经很牛逼了,[等级24],[粉丝团 Lv10]
2026-05-23 00:20:14,59210931846,哈哈,被你追着揍刚才,,
2026-05-23 00:20:15,94766912913,日常,太精彩了,[等级26],[粉丝团 Lv7]
2026-05-23 00:20:16,1497959223002744,十一点就睡-,[看],[等级2],[粉丝团 Lv2]
2026-05-23 00:20:16,2207447170951252,一桉,主包拜拜,[等级16],
2026-05-23 00:20:17,111064762512,奕宸麻麻,晚安[比心][比心][比心],[等级13],[粉丝团 Lv5]
2026-05-23 00:20:18,818458912358512,34177028007,👅,[等级3],
2026-05-23 00:20:18,2330588968395416,贝塔β,剪辑号应该会剪的，这段很精彩,[等级25],[粉丝团 Lv14]
2026-05-23 00:20:18,820668182832523,小雨天-,洗衣粉儿,[等级24],[粉丝团 Lv10]
2026-05-23 00:20:19,92588242853,梦里的你,漏个脸看看,[等级14],
2026-05-23 00:20:19,2703019685981437,豆沙,拜拜👋👋👋👋👋👋👋👋👋👋👋👋👋👋👋👋👋👋👋👋👋👋👋👋👋👋👋👋👋👋👋,[等级11],
2026-05-23 00:20:20,54421526629,🌈猫,一分钟,[等级26],[粉丝团 Lv11]
2026-05-23 00:20:20,2348155683738179,可爱仔,超级超级好看,[等级4],
2026-05-23 00:20:20,67431469914,为小宋老师着迷,晚安君雅,[等级17],[粉丝团 Lv5]
2026-05-23 00:20:20,398441000221421,疯狂小鳄鳄,下个赛季上那个号,[等级16],[粉丝团 Lv10]
2026-05-23 00:20:20,93886169458,S,每周二是我的末日,[等级23],[粉丝团 Lv8]
2026-05-23 00:20:22,770087998721191,占卜师,晚安爱播,[等级15],[粉丝团 Lv13]
2026-05-23 00:20:22,64352008185,林较瘦,拜拜,[等级12],[粉丝团 Lv6]
2026-05-23 00:20:23,98127314878,艾瑞巴蒂跟我一起嗨,很精彩 手速一流[赞],[等级25],[粉丝团 Lv11]
2026-05-23 00:20:24,2550502252347887,小嘉,666,[等级5],[粉丝团 Lv1]
2026-05-23 00:20:26,7549456355062170681,还没想好~,刚来你就走,,
2026-05-23 00:20:28,455619828777700,92库里,长得好看吗,[等级9],
2026-05-23 00:20:29,74801492566,青禾影像-摄影师邵坤,说能补的没看主播多少血吗,[等级12],[粉丝团 Lv3]
2026-05-23 00:20:29,993593866597399,为人民服务,今天来晚了,[等级3],
2026-05-23 00:20:30,59646917088,♠️,这波打好了就上素材,[等级26],[粉丝团 Lv15]
2026-05-23 00:20:31,1596141804983624,桃桃纸&,拜拜，明天见，明天见,[等级11],[粉丝团 Lv11]
2026-05-23 00:20:31,92298461320,说反话,下赛季还打这个号吗,[等级10],[粉丝团 Lv10]
2026-05-23 00:20:31,266525036018420,凪࿑悥,没有手枪梦打赢,[等级20],[粉丝团 Lv11]
2026-05-23 00:20:31,96282856042,BJYXSZD,咬一口，香香甜甜的小蛋糕,[等级9],[粉丝团 Lv10]
2026-05-23 00:20:34,3657414032522778,321,明天该换号打了吧,[等级7],[粉丝团 Lv8]
2026-05-23 00:20:38,77416951506,ら孤痞,@🚬先生 那你去补吧[捂脸],[等级37],[粉丝团 Lv17]
2026-05-23 00:20:38,93886169458,S,新赛季见啦张君雅,[等级23],[粉丝团 Lv8]
2026-05-23 00:20:40,1433410145888648,龙,点赞的宝贝,[等级24],[粉丝团 Lv10]
2026-05-23 00:20:41,892413678724877,厌遇,晚安雅雅[不失礼貌的微笑][斜眼][不失礼貌的微笑][斜眼],[等级24],[粉丝团 Lv7]
2026-05-23 00:20:41,103259337728,华哥~,[赞][赞][赞][赞],[等级21],[粉丝团 Lv12]
2026-05-23 00:20:43,72306900897,梁锋,明天还是扑总的号吗,[等级24],[粉丝团 Lv15]
2026-05-23 00:20:45,2519736203883869,沫沫🍭,如果能在这里能换传世吗？,,
2026-05-23 00:20:45,109563119562,你看我看你,看看键位码灵敏度,[等级19],[粉丝团 Lv2]
2026-05-23 00:20:46,54421526629,🌈猫,okok,[等级26],[粉丝团 Lv11]
2026-05-23 00:20:47,96313124700,不加冰的🥤,明天换号吗,[等级19],[粉丝团 Lv12]
2026-05-23 00:20:47,1257437656002798,某某.,聊会天吧,[等级34],[粉丝团:张君雅 Lv16]
2026-05-23 00:20:48,1433410145888648,龙,点赞的都是宝贝,[等级24],[粉丝团 Lv10]
2026-05-23 00:20:51,3116439401673790,🪷紫运福气✨🌴🔥🐲💲,加油,[等级9],[粉丝团 Lv2]
2026-05-23 00:20:53,1946549318328616,允菲🐟,拜拜[比心],[等级12],[粉丝团 Lv8]
2026-05-23 00:20:54,3518914710213485,漫步、人生路,再来一局,[等级16],
2026-05-23 00:20:55,96999040000,银河通缉令,加班,[等级8],[粉丝团 Lv5]
2026-05-23 00:20:57,96313124700,不加冰的🥤,还是扑总的号吗,[等级19],[粉丝团 Lv12]
2026-05-23 00:21:01,2234682707544967,子一,下班,[等级28],[粉丝团:张君雅 Lv15]
2026-05-23 00:21:01,108825768878,南山居士,让你再打一把,[等级1],
2026-05-23 00:21:04,11805950518,深情（张君雅助理）,聊天掉数据,[等级39],[粉丝团:张君雅 Lv18]
2026-05-23 00:21:05,2770404252847896,天空,再打一把,[等级2],[粉丝团 Lv1]
2026-05-23 00:21:05,3059269924295424,帅哥,[打call],[等级2],
2026-05-23 00:21:08,71126905166,抖音小肋手,晚安,[等级11],[粉丝团 Lv10]
2026-05-23 00:21:09,63094626667,麻薯味的抹茶,打,[等级14],
2026-05-23 00:21:09,1709115167487976,流逝的记忆（关注立即回关）,扑这个赛季没预约吗,[等级29],[粉丝团 Lv15]
2026-05-23 00:21:10,72306900897,梁锋,下班,[等级24],[粉丝团 Lv15]
2026-05-23 00:21:14,71126905166,抖音小肋手,晚安💤,[等级11],[粉丝团 Lv10]
2026-05-23 00:21:16,1433410145888648,龙,主播早点休息，早点休息，辛苦了,[等级24],[粉丝团 Lv10]
2026-05-23 00:21:16,1966351451690036,滴滴哒,晚安,[等级2],[粉丝团 Lv3]
2026-05-23 00:21:17,1925946371744103,小朋友@,更新了吗,[等级4],
2026-05-23 00:21:18,60172928852,小F F,还大不,[等级19],
2026-05-23 00:21:26,2330588968395416,贝塔β,开小号聊天,[等级25],[粉丝团 Lv14]
2026-05-23 00:21:28,2192839522388896,Siu,开,[等级19],
2026-05-23 00:21:28,72535140910,.-,一把枪没法补,[等级37],[粉丝团 Lv3]
2026-05-23 00:21:30,3731096500180186,Lyhhsdh,ACU会掉,[等级8],[粉丝团 Lv10]
2026-05-23 00:21:31,99140409380,唐先生,合同到期了怎么说,[等级15],[粉丝团 Lv12]
2026-05-23 00:21:31,109563119562,你看我看你,看看键位码灵敏度,[等级19],[粉丝团 Lv2]
2026-05-23 00:21:32,103919279066,熙一夜,别说了，他们不懂还是不懂,[等级14],[粉丝团 Lv13]
2026-05-23 00:21:32,111064762512,奕宸麻麻,拜拜,[等级13],[粉丝团 Lv5]
2026-05-23 00:21:33,67385550526,标点门窗♛进峰,聊天用全蛋,[等级35],[粉丝团 Lv13]
2026-05-23 00:21:34,103259337728,华哥~,对,[等级21],[粉丝团 Lv12]
2026-05-23 00:21:35,91621209670,CC –7,下班,[等级11],
2026-05-23 00:21:36,2348155683738179,可爱仔,辛苦辛苦了,[等级4],
2026-05-23 00:21:37,7430600520098645051,嘉年华（奇迹）,媳妇还没下,[等级19],
2026-05-23 00:21:37,105413483630,永恒♡,小号聊会,[等级24],[粉丝团 Lv9]
2026-05-23 00:21:37,1785221943665214,晴扜（9255）,君雅不冲战神吗,[等级6],
2026-05-23 00:21:38,3657414032522778,321,@不加冰的🥤 那就不好看了,[等级7],[粉丝团 Lv8]
2026-05-23 00:21:38,111064762512,奕宸麻麻,晚安,[等级13],[粉丝团 Lv5]
2026-05-23 00:21:38,99460247743,日行一善²⁰²⁶,这个赛季多少淘汰分了,[等级12],[粉丝团 Lv10]
2026-05-23 00:21:38,1816866635650600,暮色,快下班了,[等级25],[粉丝团 Lv13]
2026-05-23 00:21:39,1257437656002798,某某.,早点休息,[等级34],[粉丝团:张君雅 Lv16]
2026-05-23 00:21:39,110913016109,风,小号,[等级23],
2026-05-23 00:21:39,67431469914,为小宋老师着迷,晚安君雅,[等级17],[粉丝团 Lv5]
2026-05-23 00:21:39,2700008501543597,pikapika,@🚬先生 只有一把P90，一梭子只有那么多子弹，补人的话没那么多子弹打人呀！,[等级28],[粉丝团 Lv15]
2026-05-23 00:21:40,71533879276,懒得起名字,拜拜,[等级15],[粉丝团 Lv9]
2026-05-23 00:21:40,1433410145888648,龙,主播，刷个作品吧，刚刚这波刷个作品,[等级24],[粉丝团 Lv10]
2026-05-23 00:21:41,105436165761,思忆,晚安雅姐,[等级22],[粉丝团 Lv8]
