time,user_id,user_name,count,total,grade,fans_club
2026-05-03 12:03:37,75586970371,星✨,10,1191,[等级24],[粉丝团 Lv7]
2026-05-03 12:03:37,2297313782425868,黑猫警长,3,1215,[等级16],
2026-05-03 12:03:37,105144296528,你是我的*梦*,12,1227,[等级13],[粉丝团 Lv11]
2026-05-03 12:03:37,62886210038,_冇有,12,1227,[等级19],[粉丝团 Lv11]
2026-05-03 12:03:37,149160329483871,不 吃早饭,4,1285,[等级17],[粉丝团 Lv10]
2026-05-03 12:03:37,2093067748255504,@？～￥￥￥￥ycfx,13,1299,[等级13],[粉丝团 Lv13]
2026-05-03 12:03:38,105144296528,你是我的*梦*,13,1344,[等级13],[粉丝团 Lv11]
2026-05-03 12:03:38,50953222340,韩二哥,4,1363,[等级20],[粉丝团 Lv6]
2026-05-03 12:03:38,75586970371,星✨,12,1400,[等级24],[粉丝团 Lv7]
2026-05-03 12:03:38,2093067748255504,@？～￥￥￥￥ycfx,11,1400,[等级13],[粉丝团 Lv13]
2026-05-03 12:03:38,105144296528,你是我的*梦*,11,1434,[等级13],[粉丝团 Lv11]
2026-05-03 12:03:38,62886210038,_冇有,12,1443,[等级19],[粉丝团 Lv11]
2026-05-03 12:03:38,2093067748255504,@？～￥￥￥￥ycfx,14,1490,[等级13],[粉丝团 Lv13]
2026-05-03 12:03:38,75586970371,星✨,10,1490,[等级24],[粉丝团 Lv7]
2026-05-03 12:03:38,105144296528,你是我的*梦*,12,1525,[等级13],[粉丝团 Lv11]
2026-05-03 12:03:38,62886210038,_冇有,10,1552,[等级19],[粉丝团 Lv11]
2026-05-03 12:03:38,149160329483871,不 吃早饭,2,1607,[等级17],[粉丝团 Lv10]
2026-05-03 12:03:38,2605196342474299,九辰安渡,1,1646,[等级1],
2026-05-03 12:03:38,62886210038,_冇有,12,1705,[等级19],[粉丝团 Lv11]
2026-05-03 12:03:38,71126905166,抖音小肋手,10,1725,[等级10],[粉丝团 Lv10]
2026-05-03 12:03:38,2605196342474299,九辰安渡,6,1767,[等级1],
2026-05-03 12:03:38,2093067748255504,@？～￥￥￥￥ycfx,11,1767,[等级13],[粉丝团 Lv13]
2026-05-03 12:03:39,105144296528,你是我的*梦*,12,1819,[等级13],[粉丝团 Lv11]
2026-05-03 12:03:39,62886210038,_冇有,12,1829,[等级19],[粉丝团 Lv11]
2026-05-03 12:03:39,2605196342474299,九辰安渡,6,1874,[等级1],
2026-05-03 12:03:39,3441883857814019,九分温柔,1,1874,[等级9],[粉丝团 Lv6]
2026-05-03 12:03:39,105144296528,你是我的*梦*,13,1923,[等级13],[粉丝团 Lv11]
2026-05-03 12:03:39,62886210038,_冇有,11,1941,[等级19],[粉丝团 Lv11]
2026-05-03 12:03:39,2093067748255504,@？～￥￥￥￥ycfx,11,1979,[等级13],[粉丝团 Lv13]
2026-05-03 12:03:39,1496870945563132,沐雨橙风,11,1979,[等级11],[粉丝团 Lv10]
2026-05-03 12:03:40,105144296528,你是我的*梦*,10,2019,[等级13],[粉丝团 Lv11]
2026-05-03 12:03:40,52640339282,3️⃣,3,2038,[等级2],
2026-05-03 12:03:40,2093067748255504,@？～￥￥￥￥ycfx,2,2076,[等级13],[粉丝团 Lv13]
2026-05-03 12:03:40,530428046355452,不经意亲你一口,14,2110,[等级34],[粉丝团 Lv9]
2026-05-03 12:03:40,105144296528,你是我的*梦*,13,2138,[等级13],[粉丝团 Lv11]
2026-05-03 12:03:40,52640339282,3️⃣,9,2143,[等级2],
2026-05-03 12:03:40,2590866089184749,刀斩相思情,6,2180,,
2026-05-03 12:03:40,2093067748255504,@？～￥￥￥￥ycfx,1,2194,[等级13],[粉丝团 Lv13]
2026-05-03 12:03:41,105144296528,你是我的*梦*,12,2278,[等级13],[粉丝团 Lv11]
2026-05-03 12:03:41,1496870945563132,沐雨橙风,11,2287,[等级11],[粉丝团 Lv10]
2026-05-03 12:03:42,2605196342474299,九辰安渡,2,2338,[等级1],
2026-05-03 12:03:42,2590866089184749,刀斩相思情,3,2338,,
2026-05-03 12:03:43,105144296528,你是我的*梦*,13,2433,[等级13],[粉丝团 Lv11]
2026-05-03 12:03:43,52640339282,3️⃣,4,2441,[等级2],
2026-05-03 12:03:44,2605196342474299,九辰安渡,8,2511,[等级1],
2026-05-03 12:03:44,2590866089184749,刀斩相思情,9,2511,,
2026-05-03 12:03:45,105144296528,你是我的*梦*,10,2570,[等级13],[粉丝团 Lv11]
2026-05-03 12:03:45,62886210038,_冇有,5,2580,[等级19],[粉丝团 Lv11]
2026-05-03 12:03:46,2605196342474299,九辰安渡,8,2672,[等级1],
2026-05-03 12:03:46,2590866089184749,刀斩相思情,9,2672,,
2026-05-03 12:03:48,52640339282,3️⃣,3,2742,[等级2],
2026-05-03 12:03:48,105144296528,你是我的*梦*,11,2732,[等级13],[粉丝团 Lv11]
2026-05-03 12:03:48,149160329483871,不 吃早饭,7,2822,[等级17],[粉丝团 Lv10]
2026-05-03 12:03:48,2590866089184749,刀斩相思情,8,2835,,
2026-05-03 12:03:49,105144296528,你是我的*梦*,10,2892,[等级13],[粉丝团 Lv11]
2026-05-03 12:03:50,452620019045336,🍀、,11,2915,[等级10],[粉丝团 Lv10]
2026-05-03 12:03:50,2590866089184749,刀斩相思情,9,2967,,
2026-05-03 12:03:50,1496870945563132,沐雨橙风,12,2967,[等级11],[粉丝团 Lv10]
2026-05-03 12:03:51,105144296528,你是我的*梦*,10,3029,[等级13],[粉丝团 Lv11]
2026-05-03 12:03:51,62886210038,_冇有,6,3047,[等级19],[粉丝团 Lv11]
2026-05-03 12:03:52,2590866089184749,刀斩相思情,8,3121,,
2026-05-03 12:03:52,2330615895294312,wei嗯,6,3149,[等级12],[粉丝团 Lv11]
2026-05-03 12:03:53,105144296528,你是我的*梦*,11,3194,[等级13],[粉丝团 Lv11]
2026-05-03 12:03:53,62886210038,_冇有,12,3209,[等级19],[粉丝团 Lv11]
2026-05-03 12:03:54,2590866089184749,刀斩相思情,10,3256,,
2026-05-03 12:03:54,3441883857814019,九分温柔,4,3271,[等级9],[粉丝团 Lv6]
2026-05-03 12:03:55,105144296528,你是我的*梦*,11,3352,[等级13],[粉丝团 Lv11]
2026-05-03 12:03:55,99342781208,青  松＂,10,3360,[等级11],
2026-05-03 12:03:56,2040309273598088,把爱情给我锁死（退网）,10,3390,[等级3],[粉丝团 Lv5]
2026-05-03 12:03:56,2093067748255504,@？～￥￥￥￥ycfx,13,3426,[等级13],[粉丝团 Lv13]
2026-05-03 12:03:57,105144296528,你是我的*梦*,11,3516,[等级13],[粉丝团 Lv11]
2026-05-03 12:03:57,99342781208,青  松＂,4,3525,[等级11],
2026-05-03 12:03:58,2590866089184749,刀斩相思情,10,3586,,
2026-05-03 12:03:58,2093067748255504,@？～￥￥￥￥ycfx,13,3586,[等级13],[粉丝团 Lv13]
2026-05-03 12:03:59,2605196342474299,九辰安渡,1,3683,[等级1],
2026-05-03 12:03:59,105144296528,你是我的*梦*,11,3683,[等级13],[粉丝团 Lv11]
2026-05-03 12:04:00,2040309273598088,把爱情给我锁死（退网）,10,3735,[等级3],[粉丝团 Lv5]
2026-05-03 12:04:00,2093067748255504,@？～￥￥￥￥ycfx,12,3753,[等级13],[粉丝团 Lv13]
2026-05-03 12:04:01,2605196342474299,九辰安渡,6,3832,[等级1],
2026-05-03 12:04:01,92956760775,樱桃丸犊子,6,3849,[等级5],[粉丝团 Lv9]
2026-05-03 12:04:02,2590866089184749,刀斩相思情,8,3911,,
2026-05-03 12:04:02,710724864472762,木空,6,3912,[等级16],[粉丝团 Lv13]
2026-05-03 12:04:03,105144296528,你是我的*梦*,10,4011,[等级13],[粉丝团 Lv11]
2026-05-03 12:04:03,71426972722,a4L,3,4011,[等级12],[粉丝团 Lv5]
2026-05-03 12:04:04,2590866089184749,刀斩相思情,4,4076,,
2026-05-03 12:04:04,710724864472762,木空,6,4076,[等级16],[粉丝团 Lv13]
2026-05-03 12:04:05,105144296528,你是我的*梦*,10,4191,[等级13],[粉丝团 Lv11]
2026-05-03 12:04:05,71426972722,a4L,9,4182,[等级12],[粉丝团 Lv5]
2026-05-03 12:04:06,104302671539,好帥,1,4256,[等级7],
2026-05-03 12:04:06,710724864472762,木空,6,4256,[等级16],[粉丝团 Lv13]
2026-05-03 12:04:07,71426972722,a4L,9,4361,[等级12],[粉丝团 Lv5]
2026-05-03 12:04:07,105144296528,你是我的*梦*,7,4372,[等级13],[粉丝团 Lv11]
2026-05-03 12:04:08,7429498621357540409,不善言辞,7,4445,[等级22],[粉丝团 Lv13]
2026-05-03 12:04:08,104302671539,好帥,10,4445,[等级7],
2026-05-03 12:04:09,105144296528,你是我的*梦*,10,4572,[等级13],[粉丝团 Lv11]
2026-05-03 12:04:09,2500744598796624,🪳🪳🪳,11,4572,[等级6],[粉丝团 Lv4]
2026-05-03 12:04:10,7429498621357540409,不善言辞,9,4649,[等级22],[粉丝团 Lv13]
2026-05-03 12:04:11,104302671539,好帥,5,4655,[等级7],
2026-05-03 12:04:11,105144296528,你是我的*梦*,12,4765,[等级13],[粉丝团 Lv11]
2026-05-03 12:04:11,2500744598796624,🪳🪳🪳,12,4765,[等级6],[粉丝团 Lv4]
2026-05-03 12:04:12,7429498621357540409,不善言辞,9,4864,[等级22],[粉丝团 Lv13]
2026-05-03 12:04:13,756883496633111,小鱼,11,4864,[等级32],[粉丝团 Lv16]
2026-05-03 12:04:13,105144296528,你是我的*梦*,2,4972,[等级13],[粉丝团 Lv11]
2026-05-03 12:04:13,2500744598796624,🪳🪳🪳,9,4972,[等级6],[粉丝团 Lv4]
2026-05-03 12:04:14,7429498621357540409,不善言辞,8,5065,[等级22],[粉丝团 Lv13]
2026-05-03 12:04:15,756883496633111,小鱼,11,5080,[等级32],[粉丝团 Lv16]
2026-05-03 12:04:15,1496870945563132,沐雨橙风,12,5191,[等级11],[粉丝团 Lv10]
2026-05-03 12:04:15,2500744598796624,🪳🪳🪳,10,5191,[等级6],[粉丝团 Lv4]
2026-05-03 12:04:16,7429498621357540409,不善言辞,8,5274,[等级22],[粉丝团 Lv13]
2026-05-03 12:04:17,756883496633111,小鱼,11,5274,[等级32],[粉丝团 Lv16]
2026-05-03 12:04:17,2500744598796624,🪳🪳🪳,11,5400,[等级6],[粉丝团 Lv4]
2026-05-03 12:04:17,71163655171,@⚠️,6,5412,[等级1],
2026-05-03 12:04:18,7429498621357540409,不善言辞,8,5481,[等级22],[粉丝团 Lv13]
2026-05-03 12:04:19,2093067748255504,@？～￥￥￥￥ycfx,13,5502,[等级13],[粉丝团 Lv13]
2026-05-03 12:04:19,2500744598796624,🪳🪳🪳,10,5562,[等级6],[粉丝团 Lv4]
2026-05-03 12:04:19,86186023809,July🍓,1,5612,[等级12],[粉丝团 Lv8]
2026-05-03 12:04:21,7429498621357540409,不善言辞,8,5676,[等级22],[粉丝团 Lv13]
2026-05-03 12:04:21,756883496633111,小鱼,11,5678,[等级32],[粉丝团 Lv16]
2026-05-03 12:04:21,2500744598796624,🪳🪳🪳,9,5780,[等级6],[粉丝团 Lv4]
2026-05-03 12:04:21,62886210038,_冇有,11,5809,[等级19],[粉丝团 Lv11]
2026-05-03 12:04:22,7429498621357540409,不善言辞,8,5874,[等级22],[粉丝团 Lv13]
2026-05-03 12:04:22,3118670421442236,雨天头痛,1,5874,[等级1],[粉丝团 Lv5]
2026-05-03 12:04:23,2500744598796624,🪳🪳🪳,8,5964,[等级6],[粉丝团 Lv4]
2026-05-03 12:04:23,62886210038,_冇有,12,5980,[等级19],[粉丝团 Lv11]
2026-05-03 12:04:24,1496870945563132,沐雨橙风,10,6047,[等级11],[粉丝团 Lv10]
2026-05-03 12:04:24,7429498621357540409,不善言辞,8,6047,[等级22],[粉丝团 Lv13]
2026-05-03 12:04:25,2605196342474299,九辰安渡,3,6132,[等级1],
2026-05-03 12:04:25,2500744598796624,🪳🪳🪳,8,6139,[等级6],[粉丝团 Lv4]
2026-05-03 12:04:26,3118670421442236,雨天头痛,1,6252,[等级1],[粉丝团 Lv5]
2026-05-03 12:04:26,7429498621357540409,不善言辞,8,6252,[等级22],[粉丝团 Lv13]
2026-05-03 12:04:27,2605196342474299,九辰安渡,3,6344,[等级1],
2026-05-03 12:04:27,77416951506,ら孤痞,3,6366,[等级36],[粉丝团:张君雅 Lv17]
2026-05-03 12:04:28,7429498621357540409,不善言辞,8,6426,[等级22],[粉丝团 Lv13]
2026-05-03 12:04:28,756883496633111,小鱼,10,6439,[等级32],[粉丝团 Lv16]
2026-05-03 12:04:29,2605196342474299,九辰安渡,1,6528,[等级1],
2026-05-03 12:04:29,77416951506,ら孤痞,11,6539,[等级36],[粉丝团:张君雅 Lv17]
2026-05-03 12:04:30,72566706683,阿思络好机集二手手机,6,6599,[等级9],[粉丝团 Lv2]
2026-05-03 12:04:30,7429498621357540409,不善言辞,8,6619,[等级22],[粉丝团 Lv13]
2026-05-03 12:04:31,71126905166,抖音小肋手,12,6747,[等级10],[粉丝团 Lv10]
2026-05-03 12:04:32,62886210038,_冇有,11,6765,[等级19],[粉丝团 Lv11]
2026-05-03 12:04:32,452620019045336,🍀、,13,6838,[等级10],[粉丝团 Lv10]
2026-05-03 12:04:32,72566706683,阿思络好机集二手手机,7,6848,[等级9],[粉丝团 Lv2]
2026-05-03 12:04:33,1496870945563132,沐雨橙风,11,6996,[等级11],[粉丝团 Lv10]
2026-05-03 12:04:33,71126905166,抖音小肋手,13,6996,[等级10],[粉丝团 Lv10]
2026-05-03 12:04:34,72566706683,阿思络好机集二手手机,6,7072,[等级9],[粉丝团 Lv2]
2026-05-03 12:04:34,452620019045336,🍀、,9,7066,[等级10],[粉丝团 Lv10]
2026-05-03 12:04:35,2605196342474299,九辰安渡,3,7184,[等级1],
2026-05-03 12:04:36,71126905166,抖音小肋手,13,7210,[等级10],[粉丝团 Lv10]
2026-05-03 12:04:36,452620019045336,🍀、,7,7285,[等级10],[粉丝团 Lv10]
2026-05-03 12:04:36,72566706683,阿思络好机集二手手机,7,7285,[等级9],[粉丝团 Lv2]
2026-05-03 12:04:37,1459756267485880,用户9834203560629,4,7393,[等级8],[粉丝团 Lv4]
2026-05-03 12:04:38,71126905166,抖音小肋手,12,7438,[等级10],[粉丝团 Lv10]
2026-05-03 12:04:38,452620019045336,🍀、,12,7512,[等级10],[粉丝团 Lv10]
2026-05-03 12:04:38,756883496633111,小鱼,10,7521,[等级32],[粉丝团 Lv16]
2026-05-03 12:04:39,1459756267485880,用户9834203560629,1,7614,[等级8],[粉丝团 Lv4]
2026-05-03 12:04:40,71126905166,抖音小肋手,12,7653,[等级10],[粉丝团 Lv10]
2026-05-03 12:04:40,452620019045336,🍀、,12,7732,[等级10],[粉丝团 Lv10]
2026-05-03 12:04:40,2093067748255504,@？～￥￥￥￥ycfx,12,7764,[等级13],[粉丝团 Lv13]
2026-05-03 12:04:41,71426972722,a4L,10,7824,[等级12],[粉丝团 Lv5]
2026-05-03 12:04:42,71126905166,抖音小肋手,12,7856,[等级10],[粉丝团 Lv10]
2026-05-03 12:04:42,452620019045336,🍀、,12,7940,[等级10],[粉丝团 Lv10]
2026-05-03 12:04:42,1496870945563132,沐雨橙风,10,7940,[等级11],[粉丝团 Lv10]
2026-05-03 12:04:43,64324889603,或许不该相遇.,9,8030,[等级5],[粉丝团 Lv9]
2026-05-03 12:04:44,71126905166,抖音小肋手,11,8068,[等级10],[粉丝团 Lv10]
2026-05-03 12:04:44,2590866089184749,刀斩相思情,8,8142,,
2026-05-03 12:04:44,452620019045336,🍀、,10,8144,[等级10],[粉丝团 Lv10]
2026-05-03 12:04:45,3729968457581848,温柔苏朵朵,1,8240,[等级6],
2026-05-03 12:04:46,71126905166,抖音小肋手,2,8250,[等级10],[粉丝团 Lv10]
2026-05-03 12:04:46,2590866089184749,刀斩相思情,6,8304,,
2026-05-03 12:04:46,452620019045336,🍀、,5,8304,[等级10],[粉丝团 Lv10]
2026-05-03 12:04:48,1750024420867923,莫薏,1,8390,[等级3],
2026-05-03 12:04:48,56076255513,苦菊,8,8428,[等级24],[粉丝团 Lv15]
2026-05-03 12:04:48,2656022406638387,ZZZ,11,8469,[等级17],[粉丝团 Lv11]
2026-05-03 12:04:48,452620019045336,🍀、,12,8484,[等级10],[粉丝团 Lv10]
2026-05-03 12:04:50,56076255513,苦菊,8,8601,[等级24],[粉丝团 Lv15]
2026-05-03 12:04:50,77416951506,ら孤痞,12,8601,[等级36],[粉丝团:张君雅 Lv17]
2026-05-03 12:04:50,67033240701,Attender,8,8633,[等级6],[粉丝团 Lv9]
2026-05-03 12:04:50,2598900315984311,小猴子,9,8654,[等级4],
2026-05-03 12:04:52,3729968457581848,温柔苏朵朵,9,8750,[等级6],
2026-05-03 12:04:52,56076255513,苦菊,8,8790,[等级24],[粉丝团 Lv15]
2026-05-03 12:04:52,67033240701,Attender,8,8833,[等级6],[粉丝团 Lv9]
2026-05-03 12:04:52,2598900315984311,小猴子,10,8857,[等级4],
2026-05-03 12:04:53,7465029989924209724,7,4,8941,[等级9],[粉丝团 Lv3]
2026-05-03 12:04:53,3729968457581848,温柔苏朵朵,10,8953,[等级6],
2026-05-03 12:04:54,2093067748255504,@？～￥￥￥￥ycfx,13,9078,[等级13],[粉丝团 Lv13]
2026-05-03 12:04:54,2598900315984311,小猴子,8,9064,[等级4],
2026-05-03 12:04:55,7465029989924209724,7,9,9134,[等级9],[粉丝团 Lv3]
2026-05-03 12:04:55,3729968457581848,温柔苏朵朵,8,9149,[等级6],
2026-05-03 12:04:56,1496870945563132,沐雨橙风,11,9261,[等级11],[粉丝团 Lv10]
2026-05-03 12:04:56,2598900315984311,小猴子,8,9281,[等级4],
2026-05-03 12:04:57,3729968457581848,温柔苏朵朵,8,9348,[等级6],
2026-05-03 12:04:57,71126905166,抖音小肋手,1,9383,[等级10],[粉丝团 Lv10]
2026-05-03 12:04:58,1956757538102459,🌈糖糖🌺🌺,1,9452,[等级20],[粉丝团 Lv10]
2026-05-03 12:04:58,2598900315984311,小猴子,8,9483,[等级4],
2026-05-03 12:04:59,3729968457581848,温柔苏朵朵,10,9560,[等级6],
2026-05-03 12:04:59,71126905166,抖音小肋手,10,9573,[等级10],[粉丝团 Lv10]
2026-05-03 12:05:00,1956757538102459,🌈糖糖🌺🌺,10,9655,[等级20],[粉丝团 Lv10]
2026-05-03 12:05:00,2598900315984311,小猴子,9,9665,[等级4],
2026-05-03 12:05:01,3729968457581848,温柔苏朵朵,9,9743,[等级6],
2026-05-03 12:05:01,71126905166,抖音小肋手,5,9756,[等级10],[粉丝团 Lv10]
2026-05-03 12:05:02,1956757538102459,🌈糖糖🌺🌺,1,9827,[等级20],[粉丝团 Lv10]
2026-05-03 12:05:02,2598900315984311,小猴子,9,9827,[等级4],
2026-05-03 12:05:03,3729968457581848,温柔苏朵朵,9,9907,[等级6],
2026-05-03 12:05:03,3210165886649896,王撕葱,1,9920,[等级16],[粉丝团 Lv12]
2026-05-03 12:05:04,94109711138,无事小神仙,11,9965,[等级7],[粉丝团 Lv10]
2026-05-03 12:05:04,2598900315984311,小猴子,8,9977,[等级4],
2026-05-03 12:05:05,3729968457581848,温柔苏朵朵,9,10038,[等级6],
2026-05-03 12:05:05,56076255513,苦菊,8,10069,[等级24],[粉丝团 Lv15]
2026-05-03 12:05:06,94109711138,无事小神仙,10,10106,[等级7],[粉丝团 Lv10]
2026-05-03 12:05:06,2713216199700523,🤡小妖怪🤡,9,10106,[等级31],
2026-05-03 12:05:07,60221996194,并不是很礼貌,1,10177,[等级30],
2026-05-03 12:05:07,7465029989924209724,7,6,10195,[等级9],[粉丝团 Lv3]
2026-05-03 12:05:08,2656022406638387,ZZZ,10,10240,[等级17],[粉丝团 Lv11]
2026-05-03 12:05:08,2598900315984311,小猴子,9,10265,[等级4],
2026-05-03 12:05:09,92956760775,樱桃丸犊子,10,10323,[等级5],[粉丝团 Lv9]
2026-05-03 12:05:09,64197226920,✨蔻楠丶,6,10332,[等级19],[粉丝团 Lv9]
2026-05-03 12:05:10,2093067748255504,@？～￥￥￥￥ycfx,12,10430,[等级13],[粉丝团 Lv13]
2026-05-03 12:05:10,2598900315984311,小猴子,9,10430,[等级4],
2026-05-03 12:05:11,64197226920,✨蔻楠丶,11,10494,[等级19],[粉丝团 Lv9]
2026-05-03 12:05:11,7465029989924209724,7,10,10494,[等级9],[粉丝团 Lv3]
2026-05-03 12:05:12,94109711138,无事小神仙,10,10571,[等级7],[粉丝团 Lv10]
2026-05-03 12:05:12,69388511390,雾非雾丶╮の迷惘,13,10579,[等级19],[粉丝团 Lv2]
2026-05-03 12:05:13,7465029989924209724,7,9,10667,[等级9],[粉丝团 Lv3]
2026-05-03 12:05:13,64197226920,✨蔻楠丶,5,10667,[等级19],[粉丝团 Lv9]
2026-05-03 12:05:14,2656022406638387,ZZZ,9,10752,[等级17],[粉丝团 Lv11]
2026-05-03 12:05:14,1496870945563132,沐雨橙风,6,10752,[等级11],[粉丝团 Lv10]
2026-05-03 12:05:15,92956760775,樱桃丸犊子,10,10814,[等级5],[粉丝团 Lv9]
2026-05-03 12:05:15,7465029989924209724,7,6,10822,[等级9],[粉丝团 Lv3]
2026-05-03 12:05:16,2656022406638387,ZZZ,10,10881,[等级17],[粉丝团 Lv11]
2026-05-03 12:05:16,69388511390,雾非雾丶╮の迷惘,12,10881,[等级19],[粉丝团 Lv2]
2026-05-03 12:05:17,92956760775,樱桃丸犊子,9,10957,[等级5],[粉丝团 Lv9]
2026-05-03 12:05:17,108044946803,Xw,11,10989,[等级13],[粉丝团 Lv11]
2026-05-03 12:05:18,2656022406638387,ZZZ,10,11024,[等级17],[粉丝团 Lv11]
2026-05-03 12:05:18,69388511390,雾非雾丶╮の迷惘,12,11024,[等级19],[粉丝团 Lv2]
2026-05-03 12:05:19,92956760775,樱桃丸犊子,10,11116,[等级5],[粉丝团 Lv9]
2026-05-03 12:05:19,2093067748255504,@？～￥￥￥￥ycfx,12,11116,[等级13],[粉丝团 Lv13]
2026-05-03 12:05:20,94109711138,无事小神仙,10,11182,[等级7],[粉丝团 Lv10]
2026-05-03 12:05:20,2656022406638387,ZZZ,10,11182,[等级17],[粉丝团 Lv11]
2026-05-03 12:05:21,92956760775,樱桃丸犊子,10,11259,[等级5],[粉丝团 Lv9]
2026-05-03 12:05:21,7465029989924209724,7,10,11268,[等级9],[粉丝团 Lv3]
2026-05-03 12:05:22,94109711138,无事小神仙,10,11330,[等级7],[粉丝团 Lv10]
2026-05-03 12:05:22,69388511390,雾非雾丶╮の迷惘,8,11339,[等级19],[粉丝团 Lv2]
2026-05-03 12:05:23,7465029989924209724,7,5,11396,[等级9],[粉丝团 Lv3]
2026-05-03 12:05:23,71126905166,抖音小肋手,4,11407,[等级10],[粉丝团 Lv10]
2026-05-03 12:05:24,94109711138,无事小神仙,10,11438,[等级7],[粉丝团 Lv10]
2026-05-03 12:05:24,2656022406638387,ZZZ,10,11445,[等级17],[粉丝团 Lv11]
2026-05-03 12:05:25,92956760775,樱桃丸犊子,10,11485,[等级5],[粉丝团 Lv9]
2026-05-03 12:05:25,7465029989924209724,7,3,11495,[等级9],[粉丝团 Lv3]
2026-05-03 12:05:26,2656022406638387,ZZZ,9,11550,[等级17],[粉丝团 Lv11]
2026-05-03 12:05:26,2095031633062233,小七（和平精英）,2,11550,[等级12],[粉丝团 Lv8]
2026-05-03 12:05:27,92956760775,樱桃丸犊子,9,11619,[等级5],[粉丝团 Lv9]
2026-05-03 12:05:27,71182891125,建,9,11619,[等级14],[粉丝团 Lv12]
2026-05-03 12:05:28,94109711138,无事小神仙,11,11677,[等级7],[粉丝团 Lv10]
2026-05-03 12:05:28,2656022406638387,ZZZ,9,11684,[等级17],[粉丝团 Lv11]
2026-05-03 12:05:29,1544180893223367,1月,2,11750,[等级14],[粉丝团 Lv3]
2026-05-03 12:05:29,71182891125,建,13,11750,[等级14],[粉丝团 Lv12]
2026-05-03 12:05:30,2656022406638387,ZZZ,9,11797,[等级17],[粉丝团 Lv11]
2026-05-03 12:05:31,56076255513,苦菊,8,11827,[等级24],[粉丝团 Lv15]
2026-05-03 12:05:31,92956760775,樱桃丸犊子,10,11866,[等级5],[粉丝团 Lv9]
2026-05-03 12:05:31,71182891125,建,13,11866,[等级14],[粉丝团 Lv12]
2026-05-03 12:05:32,2656022406638387,ZZZ,9,11937,[等级17],[粉丝团 Lv11]
2026-05-03 12:05:32,94109711138,无事小神仙,10,11930,[等级7],[粉丝团 Lv10]
2026-05-03 12:05:33,92956760775,樱桃丸犊子,3,11982,[等级5],[粉丝团 Lv9]
2026-05-03 12:05:33,71182891125,建,8,11982,[等级14],[粉丝团 Lv12]
2026-05-03 12:05:34,2656022406638387,ZZZ,1,12055,[等级17],[粉丝团 Lv11]
2026-05-03 12:05:34,1956757538102459,🌈糖糖🌺🌺,5,12064,[等级20],[粉丝团 Lv10]
2026-05-03 12:05:35,71182891125,建,7,12114,[等级14],[粉丝团 Lv12]
2026-05-03 12:05:35,71126905166,抖音小肋手,11,12129,[等级10],[粉丝团 Lv10]
2026-05-03 12:05:36,2656022406638387,ZZZ,4,12165,[等级17],[粉丝团 Lv11]
2026-05-03 12:05:36,1956757538102459,🌈糖糖🌺🌺,9,12165,[等级20],[粉丝团 Lv10]
2026-05-03 12:05:37,71182891125,建,13,12236,[等级14],[粉丝团 Lv12]
2026-05-03 12:05:37,71126905166,抖音小肋手,12,12253,[等级10],[粉丝团 Lv10]
2026-05-03 12:05:38,82767577094,一只小天时💕,2,12283,[等级23],[粉丝团 Lv12]
2026-05-03 12:05:38,2656022406638387,ZZZ,6,12283,[等级17],[粉丝团 Lv11]
2026-05-03 12:05:39,92956760775,樱桃丸犊子,4,12344,[等级5],[粉丝团 Lv9]
2026-05-03 12:05:39,71182891125,建,12,12360,[等级14],[粉丝团 Lv12]
2026-05-03 12:05:40,2656022406638387,ZZZ,1,12401,[等级17],[粉丝团 Lv11]
2026-05-03 12:05:40,1956757538102459,🌈糖糖🌺🌺,9,12406,[等级20],[粉丝团 Lv10]
2026-05-03 12:05:41,92956760775,樱桃丸犊子,9,12476,[等级5],[粉丝团 Lv9]
2026-05-03 12:05:41,71182891125,建,12,12482,[等级14],[粉丝团 Lv12]
2026-05-03 12:05:42,98010310613,一枚小蛋蛋,3,12529,,
2026-05-03 12:05:42,1956757538102459,🌈糖糖🌺🌺,9,12542,[等级20],[粉丝团 Lv10]
2026-05-03 12:05:43,92956760775,樱桃丸犊子,8,12615,[等级5],[粉丝团 Lv9]
2026-05-03 12:05:43,71182891125,建,12,12615,[等级14],[粉丝团 Lv12]
2026-05-03 12:05:44,69388511390,雾非雾丶╮の迷惘,8,12663,[等级19],[粉丝团 Lv2]
2026-05-03 12:05:44,1496870945563132,沐雨橙风,10,12663,[等级11],[粉丝团 Lv10]
2026-05-03 12:05:45,92956760775,樱桃丸犊子,10,12760,[等级5],[粉丝团 Lv9]
2026-05-03 12:05:45,71182891125,建,11,12760,[等级14],[粉丝团 Lv12]
2026-05-03 12:05:46,69388511390,雾非雾丶╮の迷惘,11,12805,[等级19],[粉丝团 Lv2]
2026-05-03 12:05:46,1956757538102459,🌈糖糖🌺🌺,9,12819,[等级20],[粉丝团 Lv10]
2026-05-03 12:05:47,92956760775,樱桃丸犊子,8,12888,[等级5],[粉丝团 Lv9]
2026-05-03 12:05:47,71182891125,建,12,12891,[等级14],[粉丝团 Lv12]
2026-05-03 12:05:48,69388511390,雾非雾丶╮の迷惘,1,12926,[等级19],[粉丝团 Lv2]
2026-05-03 12:05:48,1956757538102459,🌈糖糖🌺🌺,8,12926,[等级20],[粉丝团 Lv10]
2026-05-03 12:05:49,92956760775,樱桃丸犊子,9,13010,[等级5],[粉丝团 Lv9]
2026-05-03 12:05:49,71182891125,建,11,13021,[等级14],[粉丝团 Lv12]
2026-05-03 12:05:50,1956757538102459,🌈糖糖🌺🌺,8,13041,[等级20],[粉丝团 Lv10]
2026-05-03 12:05:50,2656022406638387,ZZZ,1,13041,[等级17],[粉丝团 Lv11]
2026-05-03 12:05:51,1496870945563132,沐雨橙风,9,13114,[等级11],[粉丝团 Lv10]
2026-05-03 12:05:51,92956760775,樱桃丸犊子,9,13124,[等级5],[粉丝团 Lv9]
2026-05-03 12:05:52,2656022406638387,ZZZ,8,13164,[等级17],[粉丝团 Lv11]
2026-05-03 12:05:52,1956757538102459,🌈糖糖🌺🌺,8,13164,[等级20],[粉丝团 Lv10]
2026-05-03 12:05:53,92956760775,樱桃丸犊子,9,13247,[等级5],[粉丝团 Lv9]
2026-05-03 12:05:54,1496870945563132,沐雨橙风,11,13267,[等级11],[粉丝团 Lv10]
2026-05-03 12:05:54,2656022406638387,ZZZ,5,13300,[等级17],[粉丝团 Lv11]
2026-05-03 12:05:54,1956757538102459,🌈糖糖🌺🌺,9,13300,[等级20],[粉丝团 Lv10]
2026-05-03 12:05:55,751693780497405,尾号6178,9,13370,[等级32],[粉丝团 Lv15]
2026-05-03 12:05:55,92956760775,樱桃丸犊子,9,13372,[等级5],[粉丝团 Lv9]
2026-05-03 12:05:56,1956757538102459,🌈糖糖🌺🌺,8,13419,[等级20],[粉丝团 Lv10]
2026-05-03 12:05:56,2656022406638387,ZZZ,6,13419,[等级17],[粉丝团 Lv11]
2026-05-03 12:05:57,92956760775,樱桃丸犊子,9,13495,[等级5],[粉丝团 Lv9]
2026-05-03 12:05:58,71126905166,抖音小肋手,11,13495,[等级10],[粉丝团 Lv10]
2026-05-03 12:05:58,1956757538102459,🌈糖糖🌺🌺,3,13522,[等级20],[粉丝团 Lv10]
2026-05-03 12:05:58,2656022406638387,ZZZ,4,13522,[等级17],[粉丝团 Lv11]
2026-05-03 12:06:00,92956760775,樱桃丸犊子,9,13604,[等级5],[粉丝团 Lv9]
2026-05-03 12:06:00,71182891125,建,11,13604,[等级14],[粉丝团 Lv12]
2026-05-03 12:06:00,2656022406638387,ZZZ,3,13626,[等级17],[粉丝团 Lv11]
2026-05-03 12:06:00,59921598407,🌈赵叁疯,11,13656,[等级24],[粉丝团 Lv11]
2026-05-03 12:06:01,140332300547943,不爱我拉岛,4,13706,[等级7],[粉丝团 Lv9]
2026-05-03 12:06:01,104810842621,M.,4,13715,[等级13],
2026-05-03 12:06:02,2656022406638387,ZZZ,8,13744,[等级17],[粉丝团 Lv11]
2026-05-03 12:06:02,59921598407,🌈赵叁疯,11,13744,[等级24],[粉丝团 Lv11]
2026-05-03 12:06:03,530428046355452,不经意亲你一口,13,13834,[等级34],[粉丝团 Lv9]
2026-05-03 12:06:04,92956760775,樱桃丸犊子,10,13835,[等级5],[粉丝团 Lv9]
2026-05-03 12:06:04,2598900315984311,小猴子,1,13881,[等级4],
2026-05-03 12:06:04,59921598407,🌈赵叁疯,12,13881,[等级24],[粉丝团 Lv11]
2026-05-03 12:06:06,92956760775,樱桃丸犊子,10,13945,[等级5],[粉丝团 Lv9]
2026-05-03 12:06:06,71182891125,建,11,13945,[等级14],[粉丝团 Lv12]
2026-05-03 12:06:06,62886210038,_冇有,12,13977,[等级19],[粉丝团 Lv11]
2026-05-03 12:06:06,2598900315984311,小猴子,1,14010,[等级4],
2026-05-03 12:06:07,92956760775,樱桃丸犊子,9,14052,[等级5],[粉丝团 Lv9]
2026-05-03 12:06:07,71182891125,建,11,14052,[等级14],[粉丝团 Lv12]
2026-05-03 12:06:08,62886210038,_冇有,13,14101,[等级19],[粉丝团 Lv11]
2026-05-03 12:06:08,77416951506,ら孤痞,11,14101,[等级36],[粉丝团:张君雅 Lv17]
2026-05-03 12:06:09,1496870945563132,沐雨橙风,4,14167,[等级11],[粉丝团 Lv10]
2026-05-03 12:06:09,1975136163725335,宋嘉柒--,8,14167,[等级23],
2026-05-03 12:06:10,77416951506,ら孤痞,11,14220,[等级36],[粉丝团:张君雅 Lv17]
2026-05-03 12:06:10,2656022406638387,ZZZ,2,14241,[等级17],[粉丝团 Lv11]
2026-05-03 12:06:11,140332300547943,不爱我拉岛,5,14287,[等级7],[粉丝团 Lv9]
2026-05-03 12:06:11,1975136163725335,宋嘉柒--,10,14287,[等级23],
2026-05-03 12:06:12,62886210038,_冇有,13,14351,[等级19],[粉丝团 Lv11]
2026-05-03 12:06:12,77416951506,ら孤痞,12,14351,[等级36],[粉丝团:张君雅 Lv17]
2026-05-03 12:06:13,1975136163725335,宋嘉柒--,10,14440,[等级23],
2026-05-03 12:06:13,140332300547943,不爱我拉岛,10,14440,[等级7],[粉丝团 Lv9]
2026-05-03 12:06:14,62886210038,_冇有,12,14498,[等级19],[粉丝团 Lv11]
2026-05-03 12:06:14,77416951506,ら孤痞,10,14517,[等级36],[粉丝团:张君雅 Lv17]
2026-05-03 12:06:15,1975136163725335,宋嘉柒--,1,14596,[等级23],
2026-05-03 12:06:15,140332300547943,不爱我拉岛,9,14596,[等级7],[粉丝团 Lv9]
2026-05-03 12:06:16,62886210038,_冇有,12,14637,[等级19],[粉丝团 Lv11]
2026-05-03 12:06:16,1956757538102459,🌈糖糖🌺🌺,8,14667,[等级20],[粉丝团 Lv10]
2026-05-03 12:06:17,140332300547943,不爱我拉岛,9,14745,[等级7],[粉丝团 Lv9]
2026-05-03 12:06:17,71182891125,建,11,14745,[等级14],[粉丝团 Lv12]
2026-05-03 12:06:18,62886210038,_冇有,12,14783,[等级19],[粉丝团 Lv11]
2026-05-03 12:06:18,93040265023,铭辰,1,14794,[等级27],[粉丝团 Lv13]
2026-05-03 12:06:19,102267784539,KING,1,14860,[等级17],[粉丝团 Lv14]
2026-05-03 12:06:19,71182891125,建,10,14860,[等级14],[粉丝团 Lv12]
2026-05-03 12:06:20,62886210038,_冇有,12,14893,[等级19],[粉丝团 Lv11]
2026-05-03 12:06:20,93040265023,铭辰,13,14901,[等级27],[粉丝团 Lv13]
2026-05-03 12:06:21,102267784539,KING,1,14977,[等级17],[粉丝团 Lv14]
2026-05-03 12:06:21,71182891125,建,11,14977,[等级14],[粉丝团 Lv12]
2026-05-03 12:06:22,62886210038,_冇有,11,15018,[等级19],[粉丝团 Lv11]
2026-05-03 12:06:22,93040265023,铭辰,13,15026,[等级27],[粉丝团 Lv13]
2026-05-03 12:06:23,71126905166,抖音小肋手,10,15119,[等级10],[粉丝团 Lv10]
2026-05-03 12:06:23,3465253048557389,赎买爱意,11,15119,[等级12],[粉丝团 Lv11]
2026-05-03 12:06:24,62886210038,_冇有,12,15164,[等级19],[粉丝团 Lv11]
2026-05-03 12:06:24,1496870945563132,沐雨橙风,10,15190,[等级11],[粉丝团 Lv10]
2026-05-03 12:06:25,71126905166,抖音小肋手,8,15251,[等级10],[粉丝团 Lv10]
2026-05-03 12:06:25,71182891125,建,10,15251,[等级14],[粉丝团 Lv12]
2026-05-03 12:06:26,62886210038,_冇有,11,15316,[等级19],[粉丝团 Lv11]
2026-05-03 12:06:27,93040265023,铭辰,11,15316,[等级27],[粉丝团 Lv13]
2026-05-03 12:06:27,3465253048557389,赎买爱意,11,15369,[等级12],[粉丝团 Lv11]
2026-05-03 12:06:27,71182891125,建,11,15369,[等级14],[粉丝团 Lv12]
2026-05-03 12:06:28,62886210038,_冇有,12,15428,[等级19],[粉丝团 Lv11]
2026-05-03 12:06:29,2656022406638387,ZZZ,11,15458,[等级17],[粉丝团 Lv11]
2026-05-03 12:06:29,4011476833273664,吾昂王,5,15490,[等级22],
2026-05-03 12:06:29,71126905166,抖音小肋手,4,15490,[等级10],[粉丝团 Lv10]
2026-05-03 12:06:30,62886210038,_冇有,12,15540,[等级19],[粉丝团 Lv11]
2026-05-03 12:06:31,56076255513,苦菊,8,15567,[等级24],[粉丝团 Lv15]
2026-05-03 12:06:31,1496870945563132,沐雨橙风,11,15627,[等级11],[粉丝团 Lv10]
2026-05-03 12:06:31,92956760775,樱桃丸犊子,8,15627,[等级5],[粉丝团 Lv9]
2026-05-03 12:06:32,62886210038,_冇有,10,15672,[等级19],[粉丝团 Lv11]
2026-05-03 12:06:33,2656022406638387,ZZZ,7,15694,[等级17],[粉丝团 Lv11]
2026-05-03 12:06:33,71126905166,抖音小肋手,10,15754,[等级10],[粉丝团 Lv10]
2026-05-03 12:06:33,92956760775,樱桃丸犊子,9,15754,[等级5],[粉丝团 Lv9]
2026-05-03 12:06:34,2985911644861848,嗯呢。,4,15777,[等级15],[粉丝团 Lv10]
2026-05-03 12:06:34,98558699366,心颖,9,15795,,
2026-05-03 12:06:35,92956760775,樱桃丸犊子,10,15875,[等级5],[粉丝团 Lv9]
2026-05-03 12:06:35,71126905166,抖音小肋手,11,15885,[等级10],[粉丝团 Lv10]
2026-05-03 12:06:36,98558699366,心颖,10,15923,,
2026-05-03 12:06:37,62886210038,_冇有,12,15923,[等级19],[粉丝团 Lv11]
2026-05-03 12:06:37,1975136163725335,宋嘉柒--,9,16007,[等级23],
2026-05-03 12:06:37,92956760775,樱桃丸犊子,10,16018,[等级5],[粉丝团 Lv9]
2026-05-03 12:06:38,1496870945563132,沐雨橙风,10,16077,[等级11],[粉丝团 Lv10]
2026-05-03 12:06:39,98558699366,心颖,12,16077,,
2026-05-03 12:06:39,1975136163725335,宋嘉柒--,10,16169,[等级23],
2026-05-03 12:06:39,2656022406638387,ZZZ,11,16169,[等级17],[粉丝团 Lv11]
2026-05-03 12:06:40,98558699366,心颖,11,16220,,
2026-05-03 12:06:40,62886210038,_冇有,12,16228,[等级19],[粉丝团 Lv11]
2026-05-03 12:06:41,1975136163725335,宋嘉柒--,9,16293,[等级23],
2026-05-03 12:06:41,92956760775,樱桃丸犊子,9,16303,[等级5],[粉丝团 Lv9]
2026-05-03 12:06:42,98558699366,心颖,11,16350,,
2026-05-03 12:06:42,62886210038,_冇有,11,16350,[等级19],[粉丝团 Lv11]
2026-05-03 12:06:43,1975136163725335,宋嘉柒--,9,16436,[等级23],
2026-05-03 12:06:43,92956760775,樱桃丸犊子,11,16444,[等级5],[粉丝团 Lv9]
2026-05-03 12:06:44,98558699366,心颖,11,16486,,
2026-05-03 12:06:44,62886210038,_冇有,11,16486,[等级19],[粉丝团 Lv11]
2026-05-03 12:06:45,1975136163725335,宋嘉柒--,9,16541,[等级23],
2026-05-03 12:06:45,1496870945563132,沐雨橙风,10,16559,[等级11],[粉丝团 Lv10]
2026-05-03 12:06:46,98558699366,心颖,11,16612,,
2026-05-03 12:06:46,62886210038,_冇有,10,16612,[等级19],[粉丝团 Lv11]
2026-05-03 12:06:47,1975136163725335,宋嘉柒--,9,16683,[等级23],
2026-05-03 12:06:47,92956760775,樱桃丸犊子,6,16703,[等级5],[粉丝团 Lv9]
2026-05-03 12:06:48,98558699366,心颖,11,16742,,
2026-05-03 12:06:48,62886210038,_冇有,11,16742,[等级19],[粉丝团 Lv11]
2026-05-03 12:06:49,1975136163725335,宋嘉柒--,8,16796,[等级23],
2026-05-03 12:06:50,95618728698,前路漫漫亦燦燦😀,1,16824,[等级31],[粉丝团 Lv3]
2026-05-03 12:06:50,98558699366,心颖,10,16862,,
2026-05-03 12:06:50,62886210038,_冇有,11,16862,[等级19],[粉丝团 Lv11]
2026-05-03 12:06:51,93040265023,铭辰,11,16907,[等级27],[粉丝团 Lv13]
2026-05-03 12:06:52,3465253048557389,赎买爱意,11,16931,[等级12],[粉丝团 Lv11]
2026-05-03 12:06:52,1496870945563132,沐雨橙风,10,16972,[等级11],[粉丝团 Lv10]
2026-05-03 12:06:52,98558699366,心颖,11,16972,,
2026-05-03 12:06:53,93040265023,铭辰,11,17026,[等级27],[粉丝团 Lv13]
2026-05-03 12:06:54,3465253048557389,赎买爱意,11,17045,[等级12],[粉丝团 Lv11]
2026-05-03 12:06:54,98558699366,心颖,10,17085,,
2026-05-03 12:06:54,62886210038,_冇有,12,17085,[等级19],[粉丝团 Lv11]
2026-05-03 12:06:55,93040265023,铭辰,11,17139,[等级27],[粉丝团 Lv13]
2026-05-03 12:06:55,2656022406638387,ZZZ,11,17148,[等级17],[粉丝团 Lv11]
2026-05-03 12:06:56,98558699366,心颖,10,17180,,
2026-05-03 12:06:56,96959175534,吴勉。,1,17193,[等级14],
2026-05-03 12:06:57,93040265023,铭辰,11,17253,[等级27],[粉丝团 Lv13]
2026-05-03 12:06:58,71126905166,抖音小肋手,7,17262,[等级10],[粉丝团 Lv10]
2026-05-03 12:06:58,98558699366,心颖,10,17293,,
2026-05-03 12:06:58,62886210038,_冇有,12,17314,[等级19],[粉丝团 Lv11]
2026-05-03 12:06:59,1496870945563132,沐雨橙风,10,17374,[等级11],[粉丝团 Lv10]
2026-05-03 12:06:59,93040265023,铭辰,11,17374,[等级27],[粉丝团 Lv13]
2026-05-03 12:07:00,98558699366,心颖,10,17417,,
2026-05-03 12:07:00,62886210038,_冇有,12,17440,[等级19],[粉丝团 Lv11]
2026-05-03 12:07:01,93040265023,铭辰,12,17484,[等级27],[粉丝团 Lv13]
2026-05-03 12:07:02,71126905166,抖音小肋手,11,17499,[等级10],[粉丝团 Lv10]
2026-05-03 12:07:02,98558699366,心颖,10,17528,,
2026-05-03 12:07:02,62886210038,_冇有,11,17553,[等级19],[粉丝团 Lv11]
2026-05-03 12:07:04,93040265023,铭辰,11,17594,[等级27],[粉丝团 Lv13]
2026-05-03 12:07:04,71126905166,抖音小肋手,12,17604,[等级10],[粉丝团 Lv10]
2026-05-03 12:07:04,98558699366,心颖,10,17635,,
2026-05-03 12:07:04,62886210038,_冇有,13,17646,[等级19],[粉丝团 Lv11]
2026-05-03 12:07:06,93040265023,铭辰,11,17697,[等级27],[粉丝团 Lv13]
2026-05-03 12:07:06,71126905166,抖音小肋手,10,17697,[等级10],[粉丝团 Lv10]
2026-05-03 12:07:06,1496870945563132,沐雨橙风,10,17735,[等级11],[粉丝团 Lv10]
2026-05-03 12:07:06,98558699366,心颖,9,17735,,
2026-05-03 12:07:08,93040265023,铭辰,11,17785,[等级27],[粉丝团 Lv13]
2026-05-03 12:07:08,71182891125,建,9,17795,[等级14],[粉丝团 Lv12]
2026-05-03 12:07:08,98558699366,心颖,10,17824,,
2026-05-03 12:07:08,1496870945563132,沐雨橙风,10,17855,[等级11],[粉丝团 Lv10]
2026-05-03 12:07:10,93040265023,铭辰,12,17886,[等级27],[粉丝团 Lv13]
2026-05-03 12:07:10,71126905166,抖音小肋手,7,17886,[等级10],[粉丝团 Lv10]
2026-05-03 12:07:10,98558699366,心颖,9,17923,,
2026-05-03 12:07:10,62886210038,_冇有,12,17956,[等级19],[粉丝团 Lv11]
2026-05-03 12:07:11,93040265023,铭辰,11,17983,[等级27],[粉丝团 Lv13]
2026-05-03 12:07:11,71126905166,抖音小肋手,11,17998,[等级10],[粉丝团 Lv10]
2026-05-03 12:07:12,98558699366,心颖,10,18028,,
2026-05-03 12:07:12,75224165431,钞票很多张女士！,1,18028,[等级34],[粉丝团 Lv16]
2026-05-03 12:07:13,93040265023,铭辰,11,18116,[等级27],[粉丝团 Lv13]
2026-05-03 12:07:13,71126905166,抖音小肋手,11,18116,[等级10],[粉丝团 Lv10]
2026-05-03 12:07:14,98558699366,心颖,10,18154,,
2026-05-03 12:07:14,96565447462,时宜,1,18154,[等级30],[粉丝团:张君雅 Lv15]
2026-05-03 12:07:15,1496870945563132,沐雨橙风,7,18225,[等级11],[粉丝团 Lv10]
2026-05-03 12:07:15,71126905166,抖音小肋手,12,18236,[等级10],[粉丝团 Lv10]
2026-05-03 12:07:16,98558699366,心颖,10,18282,,
2026-05-03 12:07:16,96565447462,时宜,16,18282,[等级30],[粉丝团:张君雅 Lv15]
2026-05-03 12:07:17,71126905166,抖音小肋手,5,18341,[等级10],[粉丝团 Lv10]
2026-05-03 12:07:17,93040265023,铭辰,12,18341,[等级27],[粉丝团 Lv13]
2026-05-03 12:07:18,98558699366,心颖,10,18385,,
2026-05-03 12:07:18,96565447462,时宜,15,18394,[等级30],[粉丝团:张君雅 Lv15]
2026-05-03 12:07:19,93040265023,铭辰,11,18451,[等级27],[粉丝团 Lv13]
2026-05-03 12:07:20,71182891125,建,10,18477,[等级14],[粉丝团 Lv12]
2026-05-03 12:07:20,60291070652,涛哥🆒,1,18499,[等级21],[粉丝团 Lv15]
2026-05-03 12:07:20,98558699366,心颖,10,18499,,
2026-05-03 12:07:21,71126905166,抖音小肋手,4,18583,[等级10],[粉丝团 Lv10]
2026-05-03 12:07:21,93040265023,铭辰,11,18583,[等级27],[粉丝团 Lv13]
2026-05-03 12:07:22,64210044708,ℳ̶̶̶̶♡̶҉夏枫ᥫᩣ,7,18641,[等级30],[粉丝团 Lv12]
2026-05-03 12:07:22,60291070652,涛哥🆒,4,18641,[等级21],[粉丝团 Lv15]
2026-05-03 12:07:23,1496870945563132,沐雨橙风,11,18721,[等级11],[粉丝团 Lv10]
2026-05-03 12:07:23,71126905166,抖音小肋手,11,18730,[等级10],[粉丝团 Lv10]
2026-05-03 12:07:24,98558699366,心颖,9,18772,,
2026-05-03 12:07:24,96565447462,时宜,12,18772,[等级30],[粉丝团:张君雅 Lv15]
2026-05-03 12:07:25,71126905166,抖音小肋手,12,18864,[等级10],[粉丝团 Lv10]
2026-05-03 12:07:25,3465253048557389,赎买爱意,1,18864,[等级12],[粉丝团 Lv11]
2026-05-03 12:07:26,98558699366,心颖,10,18894,,
2026-05-03 12:07:27,56076255513,苦菊,8,18936,[等级24],[粉丝团 Lv15]
2026-05-03 12:07:27,71126905166,抖音小肋手,11,18969,[等级10],[粉丝团 Lv10]
2026-05-03 12:07:27,3465253048557389,赎买爱意,1,18969,[等级12],[粉丝团 Lv11]
2026-05-03 12:07:28,98558699366,心颖,10,19016,,
2026-05-03 12:07:29,56076255513,苦菊,8,19057,[等级24],[粉丝团 Lv15]
2026-05-03 12:07:29,71126905166,抖音小肋手,11,19089,[等级10],[粉丝团 Lv10]
2026-05-03 12:07:30,93040265023,铭辰,11,19090,[等级27],[粉丝团 Lv13]
2026-05-03 12:07:30,98558699366,心颖,9,19129,,
2026-05-03 12:07:31,1496870945563132,沐雨橙风,10,19148,[等级11],[粉丝团 Lv10]
2026-05-03 12:07:31,71126905166,抖音小肋手,11,19214,[等级10],[粉丝团 Lv10]
2026-05-03 12:07:32,93040265023,铭辰,10,19224,[等级27],[粉丝团 Lv13]
2026-05-03 12:07:32,98558699366,心颖,10,19243,,
2026-05-03 12:07:33,56076255513,苦菊,8,19301,[等级24],[粉丝团 Lv15]
2026-05-03 12:07:33,71126905166,抖音小肋手,11,19345,[等级10],[粉丝团 Lv10]
2026-05-03 12:07:34,93040265023,铭辰,11,19349,[等级27],[粉丝团 Lv13]
2026-05-03 12:07:34,98558699366,心颖,4,19368,,
2026-05-03 12:07:35,56076255513,苦菊,8,19407,[等级24],[粉丝团 Lv15]
2026-05-03 12:07:35,71126905166,抖音小肋手,12,19434,[等级10],[粉丝团 Lv10]
2026-05-03 12:07:36,93040265023,铭辰,11,19452,[等级27],[粉丝团 Lv13]
2026-05-03 12:07:36,98558699366,心颖,9,19471,,
2026-05-03 12:07:36,56076255513,苦菊,8,19512,[等级24],[粉丝团 Lv15]
2026-05-03 12:07:37,71126905166,抖音小肋手,2,19530,[等级10],[粉丝团 Lv10]
2026-05-03 12:07:37,2656022406638387,ZZZ,5,19530,[等级17],[粉丝团 Lv11]
2026-05-03 12:07:38,98558699366,心颖,10,19568,,
2026-05-03 12:07:38,56076255513,苦菊,8,19608,[等级24],[粉丝团 Lv15]
2026-05-03 12:07:39,2656022406638387,ZZZ,7,19615,[等级17],[粉丝团 Lv11]
2026-05-03 12:07:40,93040265023,铭辰,12,19647,[等级27],[粉丝团 Lv13]
2026-05-03 12:07:40,98558699366,心颖,10,19667,,
2026-05-03 12:07:40,56076255513,苦菊,8,19697,[等级24],[粉丝团 Lv15]
2026-05-03 12:07:42,101496954702,易帆,1,19737,[等级15],
2026-05-03 12:07:42,93040265023,铭辰,11,19738,[等级27],[粉丝团 Lv13]
2026-05-03 12:07:42,98558699366,心颖,10,19756,,
2026-05-03 12:07:42,95734817960,境界,1,19756,[等级21],[粉丝团 Lv4]
2026-05-03 12:07:44,93040265023,铭辰,11,19827,[等级27],[粉丝团 Lv13]
2026-05-03 12:07:44,71182891125,建,11,19835,[等级14],[粉丝团 Lv12]
2026-05-03 12:07:45,98558699366,心颖,2,19835,,
2026-05-03 12:07:45,56076255513,苦菊,8,19883,[等级24],[粉丝团 Lv15]
2026-05-03 12:07:46,382285959400620,毛豆🤱嫲嫲,8,19912,[等级7],[粉丝团 Lv6]
2026-05-03 12:07:46,93040265023,铭辰,11,19912,[等级27],[粉丝团 Lv13]
2026-05-03 12:07:47,56076255513,苦菊,8,19970,[等级24],[粉丝团 Lv15]
2026-05-03 12:07:47,7615988333545931813,ik-🦋,11,19970,,
2026-05-03 12:07:48,382285959400620,毛豆🤱嫲嫲,9,20001,[等级7],[粉丝团 Lv6]
2026-05-03 12:07:48,2137099023684525,缘定今生,1,20001,[等级20],
2026-05-03 12:07:48,56076255513,苦菊,8,20058,[等级24],[粉丝团 Lv15]
2026-05-03 12:07:48,907533222948156,玲玲,1,20058,,
2026-05-03 12:07:50,1604906776528811,C.C.,2,20072,[等级10],[粉丝团 Lv7]
2026-05-03 12:07:50,382285959400620,毛豆🤱嫲嫲,12,20087,[等级7],[粉丝团 Lv6]
2026-05-03 12:07:50,93040265023,铭辰,5,20095,[等级27],[粉丝团 Lv13]
2026-05-03 12:07:50,56076255513,苦菊,8,20142,[等级24],[粉丝团 Lv15]
2026-05-03 12:07:51,56808553056620,浮生安暖,5,20175,[等级3],[粉丝团 Lv2]
2026-05-03 12:07:51,71126905166,抖音小肋手,10,20175,[等级10],[粉丝团 Lv10]
2026-05-03 12:07:52,56076255513,苦菊,8,20236,[等级24],[粉丝团 Lv15]
2026-05-03 12:07:53,7615988333545931813,ik-🦋,12,20255,,
2026-05-03 12:07:53,56808553056620,浮生安暖,11,20268,[等级3],[粉丝团 Lv2]
2026-05-03 12:07:54,71126905166,抖音小肋手,3,20268,[等级10],[粉丝团 Lv10]
2026-05-03 12:07:54,60291070652,涛哥🆒,3,20289,[等级21],[粉丝团 Lv15]
2026-05-03 12:07:54,56076255513,苦菊,8,20323,[等级24],[粉丝团 Lv15]
2026-05-03 12:07:55,2656022406638387,ZZZ,6,20350,[等级17],[粉丝团 Lv11]
2026-05-03 12:07:55,56808553056620,浮生安暖,11,20350,[等级3],[粉丝团 Lv2]
2026-05-03 12:07:56,71182891125,建,10,20386,[等级14],[粉丝团 Lv12]
2026-05-03 12:07:56,56076255513,苦菊,8,20428,[等级24],[粉丝团 Lv15]
2026-05-03 12:07:57,56808553056620,浮生安暖,2,20430,[等级3],[粉丝团 Lv2]
2026-05-03 12:07:58,452620019045336,🍀、,11,20460,[等级10],[粉丝团 Lv10]
2026-05-03 12:07:58,71182891125,建,9,20468,[等级14],[粉丝团 Lv12]
2026-05-03 12:07:58,1496870945563132,沐雨橙风,10,20468,[等级11],[粉丝团 Lv10]
2026-05-03 12:08:00,71126905166,抖音小肋手,2,20519,[等级10],[粉丝团 Lv10]
2026-05-03 12:08:00,4011458620825902,靓仔,8,20532,[等级7],[粉丝团 Lv4]
2026-05-03 12:08:00,71182891125,建,9,20563,[等级14],[粉丝团 Lv12]
2026-05-03 12:08:00,1496870945563132,沐雨橙风,10,20591,[等级11],[粉丝团 Lv10]
2026-05-03 12:08:02,71126905166,抖音小肋手,12,20625,[等级10],[粉丝团 Lv10]
2026-05-03 12:08:02,4011458620825902,靓仔,9,20625,[等级7],[粉丝团 Lv4]
2026-05-03 12:08:02,2489757920138494,辣条鱼仔QQ糖,4,20665,[等级18],[粉丝团 Lv8]
2026-05-03 12:08:02,56076255513,苦菊,3,20722,[等级24],[粉丝团 Lv15]
2026-05-03 12:08:03,2453701016435214,疲得怕克,1,20745,[等级13],
2026-05-03 12:08:04,71126905166,抖音小肋手,12,20745,[等级10],[粉丝团 Lv10]
2026-05-03 12:08:04,452620019045336,🍀、,12,20788,[等级10],[粉丝团 Lv10]
2026-05-03 12:08:04,2489757920138494,辣条鱼仔QQ糖,11,20788,[等级18],[粉丝团 Lv8]
2026-05-03 12:08:06,4011458620825902,靓仔,2,20866,[等级7],[粉丝团 Lv4]
2026-05-03 12:08:06,71126905166,抖音小肋手,12,20866,[等级10],[粉丝团 Lv10]
2026-05-03 12:08:06,2489757920138494,辣条鱼仔QQ糖,10,20907,[等级18],[粉丝团 Lv8]
2026-05-03 12:08:06,71182891125,建,10,20907,[等级14],[粉丝团 Lv12]
2026-05-03 12:08:08,1496870945563132,沐雨橙风,10,20971,[等级11],[粉丝团 Lv10]
2026-05-03 12:08:08,71126905166,抖音小肋手,11,20971,[等级10],[粉丝团 Lv10]
2026-05-03 12:08:08,2489757920138494,辣条鱼仔QQ糖,10,21004,[等级18],[粉丝团 Lv8]
2026-05-03 12:08:08,71182891125,建,9,21004,[等级14],[粉丝团 Lv12]
2026-05-03 12:08:10,71126905166,抖音小肋手,11,21066,[等级10],[粉丝团 Lv10]
2026-05-03 12:08:10,92956760775,樱桃丸犊子,4,21066,[等级5],[粉丝团 Lv9]
2026-05-03 12:08:10,2489757920138494,辣条鱼仔QQ糖,10,21105,[等级18],[粉丝团 Lv8]
2026-05-03 12:08:10,71182891125,建,9,21105,[等级14],[粉丝团 Lv12]
2026-05-03 12:08:12,71126905166,抖音小肋手,11,21176,[等级10],[粉丝团 Lv10]
2026-05-03 12:08:12,92956760775,樱桃丸犊子,10,21176,[等级5],[粉丝团 Lv9]
2026-05-03 12:08:12,2489757920138494,辣条鱼仔QQ糖,10,21216,[等级18],[粉丝团 Lv8]
2026-05-03 12:08:12,452620019045336,🍀、,12,21216,[等级10],[粉丝团 Lv10]
2026-05-03 12:08:14,71126905166,抖音小肋手,11,21282,[等级10],[粉丝团 Lv10]
2026-05-03 12:08:14,92956760775,樱桃丸犊子,10,21282,[等级5],[粉丝团 Lv9]
2026-05-03 12:08:14,452620019045336,🍀、,7,21327,[等级10],[粉丝团 Lv10]
2026-05-03 12:08:14,71182891125,建,10,21327,[等级14],[粉丝团 Lv12]
2026-05-03 12:08:16,71126905166,抖音小肋手,11,21398,[等级10],[粉丝团 Lv10]
2026-05-03 12:08:16,101408437280,符名,4,21398,[等级29],[粉丝团 Lv10]
2026-05-03 12:08:16,452620019045336,🍀、,4,21442,[等级10],[粉丝团 Lv10]
2026-05-03 12:08:16,2489757920138494,辣条鱼仔QQ糖,11,21442,[等级18],[粉丝团 Lv8]
2026-05-03 12:08:17,71126905166,抖音小肋手,11,21513,[等级10],[粉丝团 Lv10]
2026-05-03 12:08:17,101408437280,符名,9,21513,[等级29],[粉丝团 Lv10]
2026-05-03 12:08:18,452620019045336,🍀、,5,21544,[等级10],[粉丝团 Lv10]
2026-05-03 12:08:18,2489757920138494,辣条鱼仔QQ糖,8,21544,[等级18],[粉丝团 Lv8]
2026-05-03 12:08:19,71126905166,抖音小肋手,11,21635,[等级10],[粉丝团 Lv10]
2026-05-03 12:08:19,101408437280,符名,8,21635,[等级29],[粉丝团 Lv10]
2026-05-03 12:08:20,2489757920138494,辣条鱼仔QQ糖,9,21673,[等级18],[粉丝团 Lv8]
2026-05-03 12:08:20,452620019045336,🍀、,11,21673,[等级10],[粉丝团 Lv10]
2026-05-03 12:08:21,1496870945563132,沐雨橙风,10,21764,[等级11],[粉丝团 Lv10]
2026-05-03 12:08:21,101408437280,符名,10,21764,[等级29],[粉丝团 Lv10]
2026-05-03 12:08:22,2489757920138494,辣条鱼仔QQ糖,10,21804,[等级18],[粉丝团 Lv8]
2026-05-03 12:08:22,71182891125,建,10,21804,[等级14],[粉丝团 Lv12]
2026-05-03 12:08:23,71126905166,抖音小肋手,12,21899,[等级10],[粉丝团 Lv10]
2026-05-03 12:08:23,101408437280,符名,9,21899,[等级29],[粉丝团 Lv10]
2026-05-03 12:08:24,2489757920138494,辣条鱼仔QQ糖,10,21955,[等级18],[粉丝团 Lv8]
2026-05-03 12:08:24,452620019045336,🍀、,11,21955,[等级10],[粉丝团 Lv10]
2026-05-03 12:08:25,1975136163725335,宋嘉柒--,8,22045,[等级23],
2026-05-03 12:08:25,71126905166,抖音小肋手,10,22056,[等级10],[粉丝团 Lv10]
2026-05-03 12:08:26,2489757920138494,辣条鱼仔QQ糖,10,22104,[等级18],[粉丝团 Lv8]
2026-05-03 12:08:26,452620019045336,🍀、,11,22104,[等级10],[粉丝团 Lv10]
2026-05-03 12:08:27,1975136163725335,宋嘉柒--,9,22177,[等级23],
2026-05-03 12:08:27,71126905166,抖音小肋手,5,22177,[等级10],[粉丝团 Lv10]
2026-05-03 12:08:28,2489757920138494,辣条鱼仔QQ糖,9,22215,[等级18],[粉丝团 Lv8]
2026-05-03 12:08:28,452620019045336,🍀、,1,22215,[等级10],[粉丝团 Lv10]
2026-05-03 12:08:29,1975136163725335,宋嘉柒--,5,22276,[等级23],
2026-05-03 12:08:29,2066715339664559,亦亿,7,22284,[等级9],[粉丝团 Lv11]
2026-05-03 12:08:30,3906994015307843,悟空,1,22342,[等级3],
2026-05-03 12:08:30,2489757920138494,辣条鱼仔QQ糖,10,22340,[等级18],[粉丝团 Lv8]
2026-05-03 12:08:31,1975136163725335,宋嘉柒--,2,22395,[等级23],
2026-05-03 12:08:31,2066715339664559,亦亿,5,22400,[等级9],[粉丝团 Lv11]
2026-05-03 12:08:32,452620019045336,🍀、,11,22456,[等级10],[粉丝团 Lv10]
2026-05-03 12:08:32,71182891125,建,10,22456,[等级14],[粉丝团 Lv12]
2026-05-03 12:08:33,7615988333545931813,ik-🦋,11,22513,,
2026-05-03 12:08:33,1975136163725335,宋嘉柒--,9,22513,[等级23],
2026-05-03 12:08:34,2489757920138494,辣条鱼仔QQ糖,10,22570,[等级18],[粉丝团 Lv8]
2026-05-03 12:08:35,71182891125,建,8,22570,[等级14],[粉丝团 Lv12]
2026-05-03 12:08:35,1975136163725335,宋嘉柒--,9,22651,[等级23],
2026-05-03 12:08:35,7615988333545931813,ik-🦋,12,22651,,
2026-05-03 12:08:36,2489757920138494,辣条鱼仔QQ糖,9,22709,[等级18],[粉丝团 Lv8]
2026-05-03 12:08:36,1673928886723584,亦,2,22709,[等级24],[粉丝团 Lv3]
2026-05-03 12:08:37,7615988333545931813,ik-🦋,11,22792,,
2026-05-03 12:08:37,1975136163725335,宋嘉柒--,8,22792,[等级23],
2026-05-03 12:08:38,2489757920138494,辣条鱼仔QQ糖,10,22836,[等级18],[粉丝团 Lv8]
2026-05-03 12:08:39,71182891125,建,7,22857,[等级14],[粉丝团 Lv12]
2026-05-03 12:08:39,7615988333545931813,ik-🦋,11,22928,,
2026-05-03 12:08:39,1975136163725335,宋嘉柒--,9,22928,[等级23],
2026-05-03 12:08:41,71182891125,建,7,22977,[等级14],[粉丝团 Lv12]
2026-05-03 12:08:41,56076255513,苦菊,8,23010,[等级24],[粉丝团 Lv15]
2026-05-03 12:08:41,1975136163725335,宋嘉柒--,8,23049,[等级23],
2026-05-03 12:08:41,7615988333545931813,ik-🦋,2,23049,,
2026-05-03 12:08:43,71182891125,建,2,23109,[等级14],[粉丝团 Lv12]
2026-05-03 12:08:43,56076255513,苦菊,8,23117,[等级24],[粉丝团 Lv15]
2026-05-03 12:08:43,1975136163725335,宋嘉柒--,9,23152,[等级23],
2026-05-03 12:08:43,2066715339664559,亦亿,5,23152,[等级9],[粉丝团 Lv11]
2026-05-03 12:08:45,102295473543,Eimk,2,23223,[等级18],[粉丝团 Lv2]
2026-05-03 12:08:45,71182891125,建,2,23223,[等级14],[粉丝团 Lv12]
2026-05-03 12:08:45,1975136163725335,宋嘉柒--,8,23283,[等级23],
2026-05-03 12:08:45,7615988333545931813,ik-🦋,8,23283,,
2026-05-03 12:08:47,56076255513,苦菊,8,23352,[等级24],[粉丝团 Lv15]
2026-05-03 12:08:47,71182891125,建,4,23350,[等级14],[粉丝团 Lv12]
2026-05-03 12:08:47,1975136163725335,宋嘉柒--,8,23404,[等级23],
2026-05-03 12:08:47,102295473543,Eimk,2,23404,[等级18],[粉丝团 Lv2]
2026-05-03 12:08:48,64197226920,✨蔻楠丶,4,23448,[等级19],[粉丝团 Lv9]
2026-05-03 12:08:48,56076255513,苦菊,8,23476,[等级24],[粉丝团 Lv15]
2026-05-03 12:08:49,7615988333545931813,ik-🦋,12,23516,,
2026-05-03 12:08:49,1975136163725335,宋嘉柒--,9,23516,[等级23],
2026-05-03 12:08:50,64197226920,✨蔻楠丶,10,23568,[等级19],[粉丝团 Lv9]
2026-05-03 12:08:50,110666097981,陈豆豆,5,23568,[等级5],[粉丝团 Lv8]
2026-05-03 12:08:51,1975136163725335,宋嘉柒--,8,23621,[等级23],
2026-05-03 12:08:51,7615988333545931813,ik-🦋,11,23621,,
2026-05-03 12:08:52,98612462580,泳佳,10,23665,[等级22],[粉丝团 Lv5]
2026-05-03 12:08:52,64197226920,✨蔻楠丶,3,23666,[等级19],[粉丝团 Lv9]
2026-05-03 12:08:53,1975136163725335,宋嘉柒--,9,23724,[等级23],
2026-05-03 12:08:53,7615988333545931813,ik-🦋,12,23724,,
2026-05-03 12:08:54,2370976549964584,清然⁵¹⁰⁷⁴,5,23779,[等级29],[粉丝团 Lv15]
2026-05-03 12:08:54,102295473543,Eimk,2,23779,[等级18],[粉丝团 Lv2]
2026-05-03 12:08:55,1975136163725335,宋嘉柒--,8,23845,[等级23],
2026-05-03 12:08:55,4376474664319053,Together、,4,23845,[等级2],
2026-05-03 12:08:56,2370976549964584,清然⁵¹⁰⁷⁴,9,23888,[等级29],[粉丝团 Lv15]
2026-05-03 12:08:56,56076255513,苦菊,9,23930,[等级24],[粉丝团 Lv15]
2026-05-03 12:08:57,4376474664319053,Together、,10,23973,[等级2],
2026-05-03 12:08:57,102295473543,Eimk,2,23973,[等级18],[粉丝团 Lv2]
2026-05-03 12:08:58,99833452579,铃铛喵,2,24013,[等级25],
2026-05-03 12:08:58,2370976549964584,清然⁵¹⁰⁷⁴,9,24013,[等级29],[粉丝团 Lv15]
2026-05-03 12:08:59,1975136163725335,宋嘉柒--,8,24089,[等级23],
2026-05-03 12:08:59,4376474664319053,Together、,5,24089,[等级2],
2026-05-03 12:09:00,2370976549964584,清然⁵¹⁰⁷⁴,7,24140,[等级29],[粉丝团 Lv15]
2026-05-03 12:09:00,98612462580,泳佳,10,24140,[等级22],[粉丝团 Lv5]
2026-05-03 12:09:01,7615988333545931813,ik-🦋,12,24211,,
2026-05-03 12:09:01,1975136163725335,宋嘉柒--,8,24211,[等级23],
2026-05-03 12:09:02,102295473543,Eimk,2,24270,[等级18],[粉丝团 Lv2]
2026-05-03 12:09:02,102295473543,Eimk,2,24270,[等级18],[粉丝团 Lv2]
2026-05-03 12:09:03,1975136163725335,宋嘉柒--,8,24348,[等级23],
2026-05-03 12:09:03,7615988333545931813,ik-🦋,11,24348,,
2026-05-03 12:09:04,2370976549964584,清然⁵¹⁰⁷⁴,8,24401,[等级29],[粉丝团 Lv15]
2026-05-03 12:09:04,98707651091,风从哪里来,6,24415,[等级1],
2026-05-03 12:09:05,62886210038,_冇有,5,24468,[等级19],[粉丝团 Lv11]
2026-05-03 12:09:05,7615988333545931813,ik-🦋,11,24468,,
2026-05-03 12:09:06,2370976549964584,清然⁵¹⁰⁷⁴,8,24512,[等级29],[粉丝团 Lv15]
2026-05-03 12:09:06,56076255513,苦菊,9,24527,[等级24],[粉丝团 Lv15]
2026-05-03 12:09:07,1975136163725335,宋嘉柒--,8,24585,[等级23],
2026-05-03 12:09:07,62886210038,_冇有,13,24585,[等级19],[粉丝团 Lv11]
2026-05-03 12:09:08,2370976549964584,清然⁵¹⁰⁷⁴,8,24629,[等级29],[粉丝团 Lv15]
2026-05-03 12:09:08,56076255513,苦菊,8,24643,[等级24],[粉丝团 Lv15]
2026-05-03 12:09:09,1975136163725335,宋嘉柒--,9,24700,[等级23],
2026-05-03 12:09:09,62886210038,_冇有,12,24700,[等级19],[粉丝团 Lv11]
2026-05-03 12:09:10,2370976549964584,清然⁵¹⁰⁷⁴,9,24748,[等级29],[粉丝团 Lv15]
2026-05-03 12:09:10,56076255513,苦菊,8,24761,[等级24],[粉丝团 Lv15]
2026-05-03 12:09:11,1975136163725335,宋嘉柒--,9,24815,[等级23],
2026-05-03 12:09:11,62886210038,_冇有,12,24815,[等级19],[粉丝团 Lv11]
2026-05-03 12:09:12,102295473543,Eimk,2,24861,[等级18],[粉丝团 Lv2]
2026-05-03 12:09:12,102295473543,Eimk,2,24862,[等级18],[粉丝团 Lv2]
2026-05-03 12:09:13,1975136163725335,宋嘉柒--,9,24930,[等级23],
2026-05-03 12:09:13,62886210038,_冇有,13,24930,[等级19],[粉丝团 Lv11]
2026-05-03 12:09:14,2370976549964584,清然⁵¹⁰⁷⁴,5,24967,[等级29],[粉丝团 Lv15]
2026-05-03 12:09:14,56076255513,苦菊,8,24981,[等级24],[粉丝团 Lv15]
2026-05-03 12:09:15,1975136163725335,宋嘉柒--,9,25036,[等级23],
2026-05-03 12:09:15,62886210038,_冇有,12,25036,[等级19],[粉丝团 Lv11]
2026-05-03 12:09:16,98612462580,泳佳,10,25065,[等级22],[粉丝团 Lv5]
2026-05-03 12:09:16,2524131724627741,白杆杆™,1,25065,[等级14],[粉丝团 Lv11]
2026-05-03 12:09:17,62886210038,_冇有,11,25122,[等级19],[粉丝团 Lv11]
2026-05-03 12:09:17,1975136163725335,宋嘉柒--,7,25122,[等级23],
2026-05-03 12:09:18,56076255513,苦菊,8,25162,[等级24],[粉丝团 Lv15]
2026-05-03 12:09:19,751693780497405,尾号6178,3,25198,[等级32],[粉丝团 Lv15]
2026-05-03 12:09:19,1975136163725335,宋嘉柒--,8,25200,[等级23],
2026-05-03 12:09:19,62886210038,_冇有,12,25200,[等级19],[粉丝团 Lv11]
2026-05-03 12:09:20,56076255513,苦菊,8,25250,[等级24],[粉丝团 Lv15]
2026-05-03 12:09:21,530428046355452,不经意亲你一口,14,25287,[等级34],[粉丝团 Lv9]
2026-05-03 12:09:21,1975136163725335,宋嘉柒--,8,25298,[等级23],
2026-05-03 12:09:21,7615988333545931813,ik-🦋,11,25298,,
2026-05-03 12:09:22,56076255513,苦菊,7,25347,[等级24],[粉丝团 Lv15]
2026-05-03 12:09:23,751693780497405,尾号6178,9,25385,[等级32],[粉丝团 Lv15]
2026-05-03 12:09:23,530428046355452,不经意亲你一口,39,25376,[等级34],[粉丝团 Lv9]
2026-05-03 12:09:23,1975136163725335,宋嘉柒--,8,25396,[等级23],
2026-05-03 12:09:23,62886210038,_冇有,10,25396,[等级19],[粉丝团 Lv11]
2026-05-03 12:09:24,98612462580,泳佳,10,25424,[等级22],[粉丝团 Lv5]
2026-05-03 12:09:24,56076255513,苦菊,9,25446,[等级24],[粉丝团 Lv15]
2026-05-03 12:09:25,1975136163725335,宋嘉柒--,8,25497,[等级23],
2026-05-03 12:09:25,62886210038,_冇有,12,25497,[等级19],[粉丝团 Lv11]
2026-05-03 12:09:25,301720426260739,🐠鱼🐠🐠🐠🐠🐠🐠🐠🐠?,27,25501,[等级7],[粉丝团 Lv6]
2026-05-03 12:09:27,56076255513,苦菊,8,25548,[等级24],[粉丝团 Lv15]
2026-05-03 12:09:27,63671538130,乾,3,25548,[等级4],[粉丝团 Lv1]
2026-05-03 12:09:27,1975136163725335,宋嘉柒--,8,25598,[等级23],
2026-05-03 12:09:27,62886210038,_冇有,30,25598,[等级19],[粉丝团 Lv11]
2026-05-03 12:09:27,71126905166,抖音小肋手,12,25598,[等级10],[粉丝团 Lv10]
2026-05-03 12:09:29,98183775623,Alice_98,13,25659,[等级25],
2026-05-03 12:09:29,530428046355452,不经意亲你一口,15,25677,[等级34],[粉丝团 Lv9]
2026-05-03 12:09:30,62886210038,_冇有,7,25695,[等级19],[粉丝团 Lv11]
2026-05-03 12:09:30,301720426260739,🐠鱼🐠🐠🐠🐠🐠🐠🐠🐠?,8,25695,[等级7],[粉丝团 Lv6]
2026-05-03 12:09:31,56076255513,苦菊,8,25739,[等级24],[粉丝团 Lv15]
2026-05-03 12:09:31,4112604411736253,兔粉妆,21,25747,[等级15],[粉丝团 Lv10]
2026-05-03 12:09:31,751693780497405,尾号6178,8,25766,[等级32],[粉丝团 Lv15]
2026-05-03 12:09:31,1975136163725335,宋嘉柒--,8,25776,[等级23],
2026-05-03 12:09:31,301720426260739,🐠鱼🐠🐠🐠🐠🐠🐠🐠🐠?,8,25776,[等级7],[粉丝团 Lv6]
2026-05-03 12:09:33,530428046355452,不经意亲你一口,13,25825,[等级34],[粉丝团 Lv9]
2026-05-03 12:09:33,1975136163725335,宋嘉柒--,24,25844,[等级23],
2026-05-03 12:09:33,7615988333545931813,ik-🦋,10,25844,,
2026-05-03 12:09:34,2605196342474299,九辰安渡,3,25858,[等级1],
2026-05-03 12:09:35,56076255513,苦菊,8,25890,[等级24],[粉丝团 Lv15]
2026-05-03 12:09:35,530428046355452,不经意亲你一口,13,25919,[等级34],[粉丝团 Lv9]
2026-05-03 12:09:35,7615988333545931813,ik-🦋,11,25923,,
2026-05-03 12:09:35,301720426260739,🐠鱼🐠🐠🐠🐠🐠🐠🐠🐠?,4,25923,[等级7],[粉丝团 Lv6]
2026-05-03 12:09:37,56076255513,苦菊,24,25947,[等级24],[粉丝团 Lv15]
2026-05-03 12:09:37,92732969031,*勇驰,3,25961,[等级22],
2026-05-03 12:09:37,751693780497405,尾号6178,9,25994,[等级32],[粉丝团 Lv15]
2026-05-03 12:09:37,1975136163725335,宋嘉柒--,8,25994,[等级23],
2026-05-03 12:09:39,64197226920,✨蔻楠丶,4,26033,[等级19],[粉丝团 Lv9]
2026-05-03 12:09:39,56076255513,苦菊,8,26042,[等级24],[粉丝团 Lv15]
2026-05-03 12:09:39,1975136163725335,宋嘉柒--,24,26081,[等级23],
2026-05-03 12:09:39,71126905166,抖音小肋手,11,26082,[等级10],[粉丝团 Lv10]
2026-05-03 12:09:41,71126905166,抖音小肋手,10,26156,[等级10],[粉丝团 Lv10]
2026-05-03 12:09:43,64197226920,✨蔻楠丶,3,26188,[等级19],[粉丝团 Lv9]
2026-05-03 12:09:43,144785359249032,欧欧.,2,26188,[等级12],[粉丝团 Lv10]
2026-05-03 12:09:43,7615988333545931813,ik-🦋,11,26217,,
2026-05-03 12:09:45,1975136163725335,宋嘉柒--,24,26269,[等级23],
2026-05-03 12:09:49,56076255513,苦菊,24,26351,[等级24],[粉丝团 Lv15]
2026-05-03 12:09:51,1975136163725335,宋嘉柒--,27,26453,[等级23],
2026-05-03 12:09:54,92813625406967,LT123456,36,26541,[等级16],[粉丝团 Lv1]
2026-05-03 12:09:57,7615988333545931813,ik-🦋,33,26677,,
2026-05-03 12:10:01,92813625406967,LT123456,36,26775,[等级16],[粉丝团 Lv1]
2026-05-03 12:10:03,301720426260739,🐠鱼🐠🐠🐠🐠🐠🐠🐠🐠?,3,26873,[等级7],[粉丝团 Lv6]
2026-05-03 12:10:06,56076255513,苦菊,24,26972,[等级24],[粉丝团 Lv15]
2026-05-03 12:10:09,1975136163725335,宋嘉柒--,24,27053,[等级23],
2026-05-03 12:10:12,56076255513,苦菊,24,27131,[等级24],[粉丝团 Lv15]
2026-05-03 12:10:15,1975136163725335,宋嘉柒--,6,27195,[等级23],
2026-05-03 12:10:18,92813625406967,LT123456,15,27275,[等级16],[粉丝团 Lv1]
2026-05-03 12:10:21,1975136163725335,宋嘉柒--,21,27360,[等级23],
2026-05-03 12:10:24,92813625406967,LT123456,30,27452,[等级16],[粉丝团 Lv1]
2026-05-03 12:10:27,1975136163725335,宋嘉柒--,24,27540,[等级23],
2026-05-03 12:10:30,92813625406967,LT123456,21,27641,[等级16],[粉丝团 Lv1]
2026-05-03 12:10:33,1975136163725335,宋嘉柒--,24,27718,[等级23],
2026-05-03 12:10:36,92813625406967,LT123456,33,27799,[等级16],[粉丝团 Lv1]
2026-05-03 12:10:39,1975136163725335,宋嘉柒--,24,27885,[等级23],
2026-05-03 12:10:42,92813625406967,LT123456,33,27951,[等级16],[粉丝团 Lv1]
2026-05-03 12:10:45,69238203887,一大坨,15,28009,[等级32],[粉丝团 Lv11]
2026-05-03 12:10:48,92813625406967,LT123456,33,28083,[等级16],[粉丝团 Lv1]
2026-05-03 12:10:51,69238203887,一大坨,33,28211,[等级32],[粉丝团 Lv11]
2026-05-03 12:10:55,92813625406967,LT123456,18,28294,[等级16],[粉丝团 Lv1]
2026-05-03 12:10:57,101733328424,🐱芝士喵🐱,36,28416,[等级35],[粉丝团 Lv11]
2026-05-03 12:11:00,92813625406967,LT123456,30,28499,[等级16],[粉丝团 Lv1]
2026-05-03 12:11:03,69238203887,一大坨,33,28627,[等级32],[粉丝团 Lv11]
2026-05-03 12:11:07,97911979591,1008611,3,28728,[等级4],
2026-05-03 12:11:09,69238203887,一大坨,33,28832,[等级32],[粉丝团 Lv11]
2026-05-03 12:11:12,105383554992,这个名字是谁鸭,3,28925,[等级2],
2026-05-03 12:11:15,101733328424,🐱芝士喵🐱,24,29051,[等级35],[粉丝团 Lv11]
2026-05-03 12:11:18,92813625406967,LT123456,33,29162,[等级16],[粉丝团 Lv1]
2026-05-03 12:11:21,69238203887,一大坨,36,29282,[等级32],[粉丝团 Lv11]
2026-05-03 12:11:24,92813625406967,LT123456,33,29382,[等级16],[粉丝团 Lv1]
2026-05-03 12:11:27,101733328424,🐱芝士喵🐱,24,29514,[等级35],[粉丝团 Lv11]
2026-05-03 12:11:30,92813625406967,LT123456,33,29647,[等级16],[粉丝团 Lv1]
2026-05-03 12:11:33,96624057867,不想睡觉,36,29796,[等级25],[粉丝团 Lv10]
2026-05-03 12:11:36,92813625406967,LT123456,33,29933,[等级16],[粉丝团 Lv1]
2026-05-03 12:11:39,69238203887,一大坨,30,30087,[等级32],[粉丝团 Lv11]
2026-05-03 12:11:42,60704769499,狐狸对你笑,24,30249,[等级27],[粉丝团 Lv7]
2026-05-03 12:11:45,85327142220,搞三搞四,6,30407,[等级21],[粉丝团 Lv10]
2026-05-03 12:11:48,60704769499,狐狸对你笑,24,30538,[等级27],[粉丝团 Lv7]
2026-05-03 12:11:51,69238203887,一大坨,30,30679,[等级32],[粉丝团 Lv11]
2026-05-03 12:11:54,60704769499,狐狸对你笑,24,30782,[等级27],[粉丝团 Lv7]
2026-05-03 12:11:57,69238203887,一大坨,30,30913,[等级32],[粉丝团 Lv11]
2026-05-03 12:12:00,60704769499,狐狸对你笑,21,31015,[等级27],[粉丝团 Lv7]
2026-05-03 12:12:03,69238203887,一大坨,33,31119,[等级32],[粉丝团 Lv11]
2026-05-03 12:12:06,60704769499,狐狸对你笑,21,31221,[等级27],[粉丝团 Lv7]
2026-05-03 12:12:09,69238203887,一大坨,30,31316,[等级32],[粉丝团 Lv11]
2026-05-03 12:12:12,60704769499,狐狸对你笑,18,31442,[等级27],[粉丝团 Lv7]
2026-05-03 12:12:15,104925497944,ipad  ՞•🐽•՞,6,31543,[等级21],[粉丝团 Lv13]
2026-05-03 12:12:18,60704769499,狐狸对你笑,24,31654,[等级27],[粉丝团 Lv7]
2026-05-03 12:12:22,71182891125,建,30,31766,[等级14],[粉丝团 Lv12]
2026-05-03 12:12:24,62886210038,_冇有,33,31869,[等级19],[粉丝团 Lv11]
2026-05-03 12:12:28,71182891125,建,30,31993,[等级14],[粉丝团 Lv12]
2026-05-03 12:12:30,62886210038,_冇有,30,32097,[等级19],[粉丝团 Lv11]
2026-05-03 12:12:33,69238203887,一大坨,33,32205,[等级32],[粉丝团 Lv11]
2026-05-03 12:12:36,56076255513,苦菊,24,32308,[等级24],[粉丝团 Lv15]
2026-05-03 12:12:39,69238203887,一大坨,33,32414,[等级32],[粉丝团 Lv11]
2026-05-03 12:12:42,85327142220,搞三搞四,48,32536,[等级21],[粉丝团 Lv10]
2026-05-03 12:12:46,85327142220,搞三搞四,6,32636,[等级21],[粉丝团 Lv10]
2026-05-03 12:12:49,56076255513,苦菊,24,32732,[等级24],[粉丝团 Lv15]
2026-05-03 12:12:51,71126905166,抖音小肋手,9,32833,[等级10],[粉丝团 Lv10]
2026-05-03 12:12:54,62886210038,_冇有,42,32932,[等级19],[粉丝团 Lv11]
2026-05-03 12:12:57,71126905166,抖音小肋手,24,33063,[等级10],[粉丝团 Lv10]
2026-05-03 12:13:00,62886210038,_冇有,39,33168,[等级19],[粉丝团 Lv11]
2026-05-03 12:13:03,69238203887,一大坨,33,33276,[等级32],[粉丝团 Lv11]
2026-05-03 12:13:06,62886210038,_冇有,39,33441,[等级19],[粉丝团 Lv11]
2026-05-03 12:13:09,69238203887,一大坨,33,33542,[等级32],[粉丝团 Lv11]
2026-05-03 12:13:13,85327142220,搞三搞四,51,33684,[等级21],[粉丝团 Lv10]
2026-05-03 12:13:15,69238203887,一大坨,30,33774,[等级32],[粉丝团 Lv11]
2026-05-03 12:13:18,56076255513,苦菊,24,33902,[等级24],[粉丝团 Lv15]
2026-05-03 12:13:21,69238203887,一大坨,33,34001,[等级32],[粉丝团 Lv11]
2026-05-03 12:13:24,62886210038,_冇有,9,34137,[等级19],[粉丝团 Lv11]
2026-05-03 12:13:27,69238203887,一大坨,33,34268,[等级32],[粉丝团 Lv11]
2026-05-03 12:13:30,85327142220,搞三搞四,48,34428,[等级21],[粉丝团 Lv10]
2026-05-03 12:13:34,71126905166,抖音小肋手,33,34571,[等级10],[粉丝团 Lv10]
2026-05-03 12:13:36,62886210038,_冇有,36,34711,[等级19],[粉丝团 Lv11]
2026-05-03 12:13:39,69238203887,一大坨,30,34865,[等级32],[粉丝团 Lv11]
2026-05-03 12:13:42,4077445928198856,砚秋🪐,3,35056,[等级25],[粉丝团 Lv12]
2026-05-03 12:13:45,69238203887,一大坨,30,35174,[等级32],[粉丝团 Lv11]
2026-05-03 12:13:48,71182891125,建,27,35331,[等级14],[粉丝团 Lv12]
2026-05-03 12:13:51,69238203887,一大坨,30,35460,[等级32],[粉丝团 Lv11]
2026-05-03 12:13:54,71182891125,建,18,35606,[等级14],[粉丝团 Lv12]
2026-05-03 12:13:57,69238203887,一大坨,30,35713,[等级32],[粉丝团 Lv11]
2026-05-03 12:14:00,71182891125,建,30,35855,[等级14],[粉丝团 Lv12]
2026-05-03 12:14:03,69238203887,一大坨,30,35961,[等级32],[粉丝团 Lv11]
2026-05-03 12:14:06,7615988333545931813,ik-🦋,33,36078,,
2026-05-03 12:14:09,60704769499,狐狸对你笑,18,36188,[等级27],[粉丝团 Lv7]
2026-05-03 12:14:12,7615988333545931813,ik-🦋,33,36327,,
2026-05-03 12:14:15,69238203887,一大坨,33,36479,[等级32],[粉丝团 Lv11]
2026-05-03 12:14:18,7615988333545931813,ik-🦋,24,36613,,
2026-05-03 12:14:21,60704769499,狐狸对你笑,24,36754,[等级27],[粉丝团 Lv7]
2026-05-03 12:14:24,85134135377,未语,30,36919,[等级22],[粉丝团 Lv12]
2026-05-03 12:14:27,60704769499,狐狸对你笑,24,37070,[等级27],[粉丝团 Lv7]
2026-05-03 12:14:30,67595468001,悬念,36,37236,[等级40],[粉丝团 Lv11]
2026-05-03 12:14:33,60704769499,狐狸对你笑,21,37426,[等级27],[粉丝团 Lv7]
2026-05-03 12:14:36,67595468001,悬念,36,37608,[等级40],[粉丝团 Lv11]
2026-05-03 12:14:39,69238203887,一大坨,30,37756,[等级32],[粉丝团 Lv11]
2026-05-03 12:14:42,3747596366255479,puppet.,15,37926,[等级32],[粉丝团 Lv10]
2026-05-03 12:14:45,69238203887,一大坨,30,38081,[等级32],[粉丝团 Lv11]
2026-05-03 12:14:48,85134135377,未语,21,38264,[等级22],[粉丝团 Lv12]
2026-05-03 12:14:51,69238203887,一大坨,48,38405,[等级32],[粉丝团 Lv11]
2026-05-03 12:14:54,85134135377,未语,27,38544,[等级22],[粉丝团 Lv12]
2026-05-03 12:14:58,60704769499,狐狸对你笑,24,38666,[等级27],[粉丝团 Lv7]
2026-05-03 12:15:00,85134135377,未语,27,38829,[等级22],[粉丝团 Lv12]
2026-05-03 12:15:03,69238203887,一大坨,33,39046,[等级32],[粉丝团 Lv11]
2026-05-03 12:15:06,85134135377,未语,12,39219,[等级22],[粉丝团 Lv12]
2026-05-03 12:15:09,60704769499,狐狸对你笑,18,39358,[等级27],[粉丝团 Lv7]
2026-05-03 12:15:12,67595468001,悬念,39,39515,[等级40],[粉丝团 Lv11]
2026-05-03 12:15:15,60704769499,狐狸对你笑,21,39647,[等级27],[粉丝团 Lv7]
2026-05-03 12:15:19,67595468001,悬念,36,39760,[等级40],[粉丝团 Lv11]
2026-05-03 12:15:21,69238203887,一大坨,33,39863,[等级32],[粉丝团 Lv11]
2026-05-03 12:15:25,67595468001,悬念,36,39954,[等级40],[粉丝团 Lv11]
2026-05-03 12:15:27,69238203887,一大坨,33,40054,[等级32],[粉丝团 Lv11]
2026-05-03 12:15:31,85327142220,搞三搞四,6,40148,[等级21],[粉丝团 Lv10]
2026-05-03 12:15:33,69238203887,一大坨,33,40227,[等级32],[粉丝团 Lv11]
2026-05-03 12:15:36,532643074549309,🌈小米粥🌈,9,40331,[等级17],[粉丝团 Lv13]
2026-05-03 12:15:39,69238203887,一大坨,30,40433,[等级32],[粉丝团 Lv11]
2026-05-03 12:15:42,67595468001,悬念,36,40563,[等级40],[粉丝团 Lv11]
2026-05-03 12:15:46,71126905166,抖音小肋手,30,40717,[等级10],[粉丝团 Lv10]
2026-05-03 12:15:48,67595468001,悬念,33,40823,[等级40],[粉丝团 Lv11]
2026-05-03 12:15:51,60704769499,狐狸对你笑,18,40907,[等级27],[粉丝团 Lv7]
2026-05-03 12:15:54,93295313477,Laity.,3,40984,[等级3],[粉丝团 Lv2]
2026-05-03 12:15:58,71126905166,抖音小肋手,36,41093,[等级10],[粉丝团 Lv10]
2026-05-03 12:16:00,85134135377,未语,9,41199,[等级22],[粉丝团 Lv12]
2026-05-03 12:16:04,92813625406967,LT123456,33,41322,[等级16],[粉丝团 Lv1]
2026-05-03 12:16:07,56076255513,苦菊,24,41430,[等级24],[粉丝团 Lv15]
2026-05-03 12:16:09,69238203887,一大坨,51,41574,[等级32],[粉丝团 Lv11]
2026-05-03 12:16:12,85327142220,搞三搞四,6,41712,[等级21],[粉丝团 Lv10]
2026-05-03 12:16:15,3105495683171277,我思故我在,33,41821,[等级3],[粉丝团 Lv2]
2026-05-03 12:16:18,85327142220,搞三搞四,6,41973,[等级21],[粉丝团 Lv10]
2026-05-03 12:16:21,71182891125,建,24,42119,[等级14],[粉丝团 Lv12]
2026-05-03 12:16:24,87964279053,vov007,6,42210,[等级12],
2026-05-03 12:16:27,69238203887,一大坨,30,42334,[等级32],[粉丝团 Lv11]
2026-05-03 12:16:30,64197226920,✨蔻楠丶,9,42444,[等级19],[粉丝团 Lv9]
2026-05-03 12:16:33,69238203887,一大坨,30,42559,[等级32],[粉丝团 Lv11]
2026-05-03 12:16:36,4365509707703159,🌈Augety,21,42674,[等级17],[粉丝团 Lv11]
2026-05-03 12:16:39,69238203887,一大坨,54,42830,[等级32],[粉丝团 Lv11]
2026-05-03 12:16:42,56076255513,苦菊,24,42933,[等级24],[粉丝团 Lv15]
2026-05-03 12:16:45,69238203887,一大坨,30,43041,[等级32],[粉丝团 Lv11]
2026-05-03 12:16:48,89968056296,陈哥,30,43151,[等级30],[粉丝团 Lv14]
2026-05-03 12:16:51,69238203887,一大坨,30,43278,[等级32],[粉丝团 Lv11]
2026-05-03 12:16:54,89968056296,陈哥,27,43393,[等级30],[粉丝团 Lv14]
2026-05-03 12:16:57,69238203887,一大坨,30,43521,[等级32],[粉丝团 Lv11]
2026-05-03 12:17:00,7572115602539267109,嗯嗯ovo,27,43666,[等级25],[粉丝团 Lv2]
2026-05-03 12:17:03,69238203887,一大坨,33,43812,[等级32],[粉丝团 Lv11]
2026-05-03 12:17:06,60704769499,狐狸对你笑,21,43945,[等级27],[粉丝团 Lv7]
2026-05-03 12:17:09,71126905166,抖音小肋手,33,44100,[等级10],[粉丝团 Lv10]
2026-05-03 12:17:12,60704769499,狐狸对你笑,24,44205,[等级27],[粉丝团 Lv7]
2026-05-03 12:17:15,69238203887,一大坨,33,44313,[等级32],[粉丝团 Lv11]
2026-05-03 12:17:18,60704769499,狐狸对你笑,21,44393,[等级27],[粉丝团 Lv7]
2026-05-03 12:17:21,69238203887,一大坨,33,44469,[等级32],[粉丝团 Lv11]
2026-05-03 12:17:24,2520512773518397,🦖,18,44535,[等级5],
2026-05-03 12:17:27,69238203887,一大坨,42,44642,[等级32],[粉丝团 Lv11]
2026-05-03 12:17:30,2520512773518397,🦖,24,44758,[等级5],
2026-05-03 12:17:33,69238203887,一大坨,33,44854,[等级32],[粉丝团 Lv11]
2026-05-03 12:17:36,85134135377,未语,33,44961,[等级22],[粉丝团 Lv12]
2026-05-03 12:17:39,69238203887,一大坨,30,45041,[等级32],[粉丝团 Lv11]
2026-05-03 12:17:43,77683740337,白白,3,45140,[等级11],[粉丝团 Lv8]
2026-05-03 12:17:45,99139976318,麻木,39,45266,[等级22],[粉丝团 Lv11]
2026-05-03 12:17:48,85134135377,未语,33,45351,[等级22],[粉丝团 Lv12]
2026-05-03 12:17:51,69238203887,一大坨,36,45455,[等级32],[粉丝团 Lv11]
2026-05-03 12:17:54,85134135377,未语,36,45594,[等级22],[粉丝团 Lv12]
2026-05-03 12:17:57,69238203887,一大坨,33,45702,[等级32],[粉丝团 Lv11]
2026-05-03 12:18:00,85134135377,未语,30,45844,[等级22],[粉丝团 Lv12]
2026-05-03 12:18:04,3105495683171277,我思故我在,27,45956,[等级3],[粉丝团 Lv2]
2026-05-03 12:18:06,61801019543,心寒心,27,46048,[等级15],[粉丝团 Lv1]
2026-05-03 12:18:10,71126905166,抖音小肋手,12,46171,[等级10],[粉丝团 Lv10]
2026-05-03 12:18:12,85134135377,未语,27,46324,[等级22],[粉丝团 Lv12]
2026-05-03 12:18:15,69238203887,一大坨,48,46464,[等级32],[粉丝团 Lv11]
2026-05-03 12:18:18,85134135377,未语,33,46616,[等级22],[粉丝团 Lv12]
2026-05-03 12:18:21,100595219540,Joemx-117,24,46719,[等级14],[粉丝团 Lv6]
2026-05-03 12:18:24,85134135377,未语,21,46805,[等级22],[粉丝团 Lv12]
2026-05-03 12:18:27,100595219540,Joemx-117,18,46870,[等级14],[粉丝团 Lv6]
2026-05-03 12:18:30,4438093509962792,可以长寿的益生杆菌菌👻,30,46918,[等级9],[粉丝团 Lv10]
2026-05-03 12:18:33,69238203887,一大坨,30,46977,[等级32],[粉丝团 Lv11]
2026-05-03 12:18:37,4438093509962792,可以长寿的益生杆菌菌👻,27,47044,[等级9],[粉丝团 Lv10]
2026-05-03 12:18:40,3105495683171277,我思故我在,30,47122,[等级3],[粉丝团 Lv2]
2026-05-03 12:18:43,61072672391,LLLch,21,47183,[等级19],[粉丝团 Lv11]
2026-05-03 12:18:45,69238203887,一大坨,30,47233,[等级32],[粉丝团 Lv11]
2026-05-03 12:18:49,61072672391,LLLch,24,47288,[等级19],[粉丝团 Lv11]
2026-05-03 12:18:52,61072672391,LLLch,24,47341,[等级19],[粉丝团 Lv11]
2026-05-03 12:18:54,61072672391,LLLch,24,47367,[等级19],[粉丝团 Lv11]
2026-05-03 12:18:57,69238203887,一大坨,30,47393,[等级32],[粉丝团 Lv11]
2026-05-03 12:19:00,61072672391,LLLch,27,47455,[等级19],[粉丝团 Lv11]
2026-05-03 12:19:04,3105495683171277,我思故我在,33,47508,[等级3],[粉丝团 Lv2]
2026-05-03 12:19:07,61072672391,LLLch,24,47570,[等级19],[粉丝团 Lv11]
2026-05-03 12:19:09,69238203887,一大坨,42,47618,[等级32],[粉丝团 Lv11]
2026-05-03 12:19:13,61072672391,LLLch,24,47697,[等级19],[粉丝团 Lv11]
2026-05-03 12:19:15,69238203887,一大坨,36,47737,[等级32],[粉丝团 Lv11]
2026-05-03 12:19:19,61072672391,LLLch,27,47813,[等级19],[粉丝团 Lv11]
2026-05-03 12:19:21,60704769499,狐狸对你笑,21,47860,[等级27],[粉丝团 Lv7]
2026-05-03 12:19:24,3105495683171277,我思故我在,30,47920,[等级3],[粉丝团 Lv2]
2026-05-03 12:19:27,60704769499,狐狸对你笑,18,48014,[等级27],[粉丝团 Lv7]
2026-05-03 12:19:31,61072672391,LLLch,24,48114,[等级19],[粉丝团 Lv11]
2026-05-03 12:19:33,69238203887,一大坨,36,48170,[等级32],[粉丝团 Lv11]
2026-05-03 12:19:36,3105495683171277,我思故我在,30,48242,[等级3],[粉丝团 Lv2]
2026-05-03 12:19:39,69238203887,一大坨,33,48352,[等级32],[粉丝团 Lv11]
2026-05-03 12:19:42,3105495683171277,我思故我在,30,48442,[等级3],[粉丝团 Lv2]
2026-05-03 12:19:45,60704769499,狐狸对你笑,18,48522,[等级27],[粉丝团 Lv7]
2026-05-03 12:19:48,3105495683171277,我思故我在,30,48591,[等级3],[粉丝团 Lv2]
2026-05-03 12:19:51,60704769499,狐狸对你笑,18,48650,[等级27],[粉丝团 Lv7]
2026-05-03 12:19:54,3105495683171277,我思故我在,27,48707,[等级3],[粉丝团 Lv2]
2026-05-03 12:19:57,60704769499,狐狸对你笑,21,48757,[等级27],[粉丝团 Lv7]
2026-05-03 12:20:00,3105495683171277,我思故我在,30,48820,[等级3],[粉丝团 Lv2]
2026-05-03 12:20:03,98558699366,心颖,15,48889,,
2026-05-03 12:20:06,1424577865461661,月亮啊月亮🌙,33,49008,[等级7],
2026-05-03 12:20:09,98558699366,心颖,27,49136,,
2026-05-03 12:20:12,3105495683171277,我思故我在,30,49236,[等级3],[粉丝团 Lv2]
2026-05-03 12:20:15,77416951506,ら孤痞,15,49307,[等级36],[粉丝团:张君雅 Lv17]
2026-05-03 12:20:18,3105495683171277,我思故我在,33,49387,[等级3],[粉丝团 Lv2]
2026-05-03 12:20:21,77416951506,ら孤痞,39,49499,[等级36],[粉丝团:张君雅 Lv17]
2026-05-03 12:20:24,3105495683171277,我思故我在,27,49584,[等级3],[粉丝团 Lv2]
2026-05-03 12:20:27,77416951506,ら孤痞,6,49679,[等级36],[粉丝团:张君雅 Lv17]
2026-05-03 12:20:30,7615988333545931813,ik-🦋,30,49776,,
2026-05-03 12:20:33,92813625406967,LT123456,15,49892,[等级16],[粉丝团 Lv1]
2026-05-03 12:20:36,3575260041198452,军企,39,50030,[等级21],[粉丝团 Lv13]
2026-05-03 12:20:39,77416951506,ら孤痞,18,50110,[等级36],[粉丝团:张君雅 Lv17]
2026-05-03 12:20:42,110666097981,陈豆豆,21,50205,[等级5],[粉丝团 Lv8]
2026-05-03 12:20:45,98558699366,心颖,18,50283,,
2026-05-03 12:20:49,7615988333545931813,ik-🦋,36,50381,,
2026-05-03 12:20:51,71126905166,抖音小肋手,36,50462,[等级10],[粉丝团 Lv10]
2026-05-03 12:20:54,85789766071,耷白菜鸡毛菜,6,50562,[等级5],[粉丝团 Lv6]
2026-05-03 12:20:57,1499356053113469,虚空,30,50677,[等级24],[粉丝团 Lv15]
2026-05-03 12:21:00,100250134080,凯,21,50790,[等级19],[粉丝团 Lv15]
2026-05-03 12:21:03,92813625406967,LT123456,36,50872,[等级16],[粉丝团 Lv1]
2026-05-03 12:21:06,100250134080,凯,21,50997,[等级19],[粉丝团 Lv15]
2026-05-03 12:21:09,92813625406967,LT123456,30,51104,[等级16],[粉丝团 Lv1]
2026-05-03 12:21:12,100250134080,凯,24,51225,[等级19],[粉丝团 Lv15]
2026-05-03 12:21:16,71126905166,抖音小肋手,33,51305,[等级10],[粉丝团 Lv10]
2026-05-03 12:21:18,61760544743,ღ꯭꯭拾柒,6,51431,[等级21],[粉丝团 Lv11]
2026-05-03 12:21:22,71126905166,抖音小肋手,30,51511,[等级10],[粉丝团 Lv10]
2026-05-03 12:21:24,64133253873,ღᩚ落幕ৡᩚ,3,51593,[等级3],
2026-05-03 12:21:28,71126905166,抖音小肋手,30,51680,[等级10],[粉丝团 Lv10]
2026-05-03 12:21:30,100250134080,凯,21,51846,[等级19],[粉丝团 Lv15]
2026-05-03 12:21:34,4438093509962792,可以长寿的益生杆菌菌👻,33,51977,[等级9],[粉丝团 Lv10]
2026-05-03 12:21:36,3777572106678292,妉,39,52081,[等级22],[粉丝团 Lv14]
2026-05-03 12:21:40,60704769499,狐狸对你笑,21,52245,[等级27],[粉丝团 Lv7]
2026-05-03 12:21:42,2054302355438043,☁️云淡风轻,36,52365,[等级23],[粉丝团 Lv12]
2026-05-03 12:21:46,60704769499,狐狸对你笑,21,52477,[等级27],[粉丝团 Lv7]
2026-05-03 12:21:49,100250134080,凯,24,52584,[等级19],[粉丝团 Lv15]
2026-05-03 12:21:51,88263811697,辞安,33,52672,[等级41],[粉丝团 Lv2]
2026-05-03 12:21:54,100250134080,凯,24,52797,[等级19],[粉丝团 Lv15]
2026-05-03 12:21:57,88263811697,辞安,6,52864,[等级41],[粉丝团 Lv2]
2026-05-03 12:22:00,60704769499,狐狸对你笑,24,52979,[等级27],[粉丝团 Lv7]
2026-05-03 12:22:03,1499356053113469,虚空,21,53126,[等级24],[粉丝团 Lv15]
2026-05-03 12:22:06,60704769499,狐狸对你笑,24,53274,[等级27],[粉丝团 Lv7]
2026-05-03 12:22:09,1499356053113469,虚空,36,53424,[等级24],[粉丝团 Lv15]
2026-05-03 12:22:12,73133140989,行稳致远,24,53592,[等级31],[粉丝团 Lv15]
2026-05-03 12:22:15,96650745697,就挺开心的,3,53739,[等级4],
2026-05-03 12:22:18,60704769499,狐狸对你笑,21,53859,[等级27],[粉丝团 Lv7]
2026-05-03 12:22:21,1499356053113469,虚空,33,53978,[等级24],[粉丝团 Lv15]
2026-05-03 12:22:24,3663228569664605,天空无云,36,54113,[等级15],[粉丝团 Lv11]
2026-05-03 12:22:27,1499356053113469,虚空,33,54211,[等级24],[粉丝团 Lv15]
2026-05-03 12:22:31,61072672391,LLLch,24,54309,[等级19],[粉丝团 Lv11]
2026-05-03 12:22:33,1499356053113469,虚空,24,54401,[等级24],[粉丝团 Lv15]
2026-05-03 12:22:36,3294553176555150,刘轩！,6,54486,[等级17],
2026-05-03 12:22:39,3105495683171277,我思故我在,30,54592,[等级3],[粉丝团 Lv2]
2026-05-03 12:22:42,110666097981,陈豆豆,21,54650,[等级5],[粉丝团 Lv8]
2026-05-03 12:22:45,1499356053113469,虚空,33,54723,[等级24],[粉丝团 Lv15]
2026-05-03 12:22:49,3663228569664605,天空无云,12,54781,[等级15],[粉丝团 Lv11]
2026-05-03 12:22:51,760516860717005,珍惜 余生,3,54847,[等级3],
2026-05-03 12:22:55,3294553176555150,刘轩！,21,54895,[等级17],
2026-05-03 12:22:57,3105495683171277,我思故我在,18,54940,[等级3],[粉丝团 Lv2]
2026-05-03 12:23:01,110666097981,陈豆豆,9,54981,[等级5],[粉丝团 Lv8]
2026-05-03 12:23:03,3105495683171277,我思故我在,30,55015,[等级3],[粉丝团 Lv2]
2026-05-03 12:23:06,61072672391,LLLch,27,55047,[等级19],[粉丝团 Lv11]
2026-05-03 12:23:09,3105495683171277,我思故我在,30,55079,[等级3],[粉丝团 Lv2]
2026-05-03 12:23:12,2405356807920564,星y,3,55116,[等级2],
2026-05-03 12:23:15,3105495683171277,我思故我在,27,55160,[等级3],[粉丝团 Lv2]
2026-05-03 12:23:18,58566531438,xxyxx,36,55204,[等级8],[粉丝团 Lv3]
2026-05-03 12:23:21,3105495683171277,我思故我在,30,55235,[等级3],[粉丝团 Lv2]
2026-05-03 12:23:24,95938089872,Surpri,6,55260,[等级14],
2026-05-03 12:23:27,3105495683171277,我思故我在,33,55298,[等级3],[粉丝团 Lv2]
2026-05-03 12:23:30,108985173018,哇不哇塞,3,55328,[等级15],[粉丝团 Lv4]
2026-05-03 12:23:34,1424577865461661,月亮啊月亮🌙,12,55361,[等级7],
2026-05-03 12:23:37,61072672391,LLLch,24,55397,[等级19],[粉丝团 Lv11]
2026-05-03 12:23:39,3105495683171277,我思故我在,30,55433,[等级3],[粉丝团 Lv2]
2026-05-03 12:23:42,103965057939,小鸟依人,12,55475,[等级5],
2026-05-03 12:23:45,3105495683171277,我思故我在,27,55514,[等级3],[粉丝团 Lv2]
2026-05-03 12:23:48,3118670421442236,雨天头痛,3,55573,[等级1],[粉丝团 Lv5]
2026-05-03 12:23:51,3105495683171277,我思故我在,27,55644,[等级3],[粉丝团 Lv2]
2026-05-03 12:23:55,7615988333545931813,ik-🦋,36,55711,,
2026-05-03 12:23:57,2141446715747582,魏大呆,30,55770,[等级15],[粉丝团 Lv11]
2026-05-03 12:24:00,3219803300443484,赖赖.,9,55833,[等级6],
2026-05-03 12:24:03,2141446715747582,魏大呆,30,55890,[等级15],[粉丝团 Lv11]
2026-05-03 12:24:07,61072672391,LLLch,24,55947,[等级19],[粉丝团 Lv11]
2026-05-03 12:24:09,2141446715747582,魏大呆,30,56017,[等级15],[粉丝团 Lv11]
2026-05-03 12:24:13,61072672391,LLLch,24,56141,[等级19],[粉丝团 Lv11]
2026-05-03 12:24:15,2141446715747582,魏大呆,24,56243,[等级15],[粉丝团 Lv11]
2026-05-03 12:24:18,66034998403,听雨呤风,33,56338,[等级7],[粉丝团 Lv9]
2026-05-03 12:24:21,2141446715747582,魏大呆,30,56478,[等级15],[粉丝团 Lv11]
2026-05-03 12:24:24,66034998403,听雨呤风,33,56586,[等级7],[粉丝团 Lv9]
2026-05-03 12:24:27,2141446715747582,魏大呆,30,56748,[等级15],[粉丝团 Lv11]
2026-05-03 12:24:30,66034998403,听雨呤风,30,56860,[等级7],[粉丝团 Lv9]
2026-05-03 12:24:33,2141446715747582,魏大呆,30,56987,[等级15],[粉丝团 Lv11]
2026-05-03 12:24:36,66034998403,听雨呤风,30,57081,[等级7],[粉丝团 Lv9]
2026-05-03 12:24:39,2141446715747582,魏大呆,30,57245,[等级15],[粉丝团 Lv11]
2026-05-03 12:24:42,66034998403,听雨呤风,27,57349,[等级7],[粉丝团 Lv9]
2026-05-03 12:24:46,101011768243,▞▙阿▛▖▖▗▞▞▙东▛▖▜▖▗▝,24,57517,[等级5],[粉丝团 Lv3]
2026-05-03 12:24:48,66034998403,听雨呤风,30,57620,[等级7],[粉丝团 Lv9]
2026-05-03 12:24:51,2141446715747582,魏大呆,24,57741,[等级15],[粉丝团 Lv11]
2026-05-03 12:24:54,66034998403,听雨呤风,27,57811,[等级7],[粉丝团 Lv9]
2026-05-03 12:24:58,3105495683171277,我思故我在,27,57888,[等级3],[粉丝团 Lv2]
2026-05-03 12:25:01,61072672391,LLLch,27,57935,[等级19],[粉丝团 Lv11]
2026-05-03 12:25:03,1381425300897960,牛人小乐,3,57975,[等级24],[粉丝团 Lv1]
2026-05-03 12:25:07,61072672391,LLLch,27,58024,[等级19],[粉丝团 Lv11]
2026-05-03 12:25:10,3105495683171277,我思故我在,27,58061,[等级3],[粉丝团 Lv2]
2026-05-03 12:25:13,61072672391,LLLch,24,58107,[等级19],[粉丝团 Lv11]
2026-05-03 12:25:16,3105495683171277,我思故我在,27,58148,[等级3],[粉丝团 Lv2]
2026-05-03 12:25:18,61072672391,LLLch,24,58195,[等级19],[粉丝团 Lv11]
2026-05-03 12:25:21,1030716823973452,ヾﾉ≧∀≦)o,18,58250,,
2026-05-03 12:25:25,62839902457,As,3,58302,[等级3],
2026-05-03 12:25:27,902064110579064,(^_−)☆,18,58366,[等级7],
2026-05-03 12:25:30,61072672391,LLLch,21,58482,[等级19],[粉丝团 Lv11]
2026-05-03 12:25:34,64657677898,潍坊冠龙地暖分水器有限公司,27,58535,[等级3],
2026-05-03 12:25:36,902064110579064,(^_−)☆,3,58594,[等级7],
2026-05-03 12:25:39,902064110579064,(^_−)☆,36,58656,[等级7],
2026-05-03 12:25:42,61072672391,LLLch,24,58737,[等级19],[粉丝团 Lv11]
2026-05-03 12:25:45,902064110579064,(^_−)☆,18,58820,[等级7],
2026-05-03 12:25:49,61072672391,LLLch,24,58879,[等级19],[粉丝团 Lv11]
2026-05-03 12:25:51,106064348070,用户315202,3,58918,[等级2],
2026-05-03 12:25:55,61072672391,LLLch,24,58967,[等级19],[粉丝团 Lv11]
2026-05-03 12:25:58,3105495683171277,我思故我在,27,58996,[等级3],[粉丝团 Lv2]
2026-05-03 12:26:00,3105495683171277,我思故我在,30,59013,[等级3],[粉丝团 Lv2]
2026-05-03 12:26:04,3105495683171277,我思故我在,27,59062,[等级3],[粉丝团 Lv2]
2026-05-03 12:26:06,3105495683171277,我思故我在,27,59079,[等级3],[粉丝团 Lv2]
2026-05-03 12:26:09,2606322510741216,时光机,15,59117,[等级28],[粉丝团 Lv7]
2026-05-03 12:26:12,111551681754,金马踏清,3,59161,[等级11],[粉丝团 Lv6]
2026-05-03 12:26:15,80044167723,手揣兜往前走,12,59222,[等级13],[粉丝团 Lv9]
2026-05-03 12:26:18,3105495683171277,我思故我在,30,59295,[等级3],[粉丝团 Lv2]
2026-05-03 12:26:21,80044167723,手揣兜往前走,36,59356,[等级13],[粉丝团 Lv9]
2026-05-03 12:26:24,3105495683171277,我思故我在,30,59412,[等级3],[粉丝团 Lv2]
2026-05-03 12:26:27,60726270136,纸鱼,3,59466,[等级7],
2026-05-03 12:26:30,3105495683171277,我思故我在,30,59525,[等级3],[粉丝团 Lv2]
2026-05-03 12:26:33,105160933332,～王守朋～,6,59585,[等级19],[粉丝团 Lv14]
2026-05-03 12:26:36,1216532709391459,等一点六的菜,18,59673,[等级5],[粉丝团 Lv1]
2026-05-03 12:26:39,2141446715747582,魏大呆,12,59707,[等级15],[粉丝团 Lv11]
2026-05-03 12:26:42,3105495683171277,我思故我在,27,59745,[等级3],[粉丝团 Lv2]
2026-05-03 12:26:46,1636499845032971,潇洒,3,59798,[等级23],[粉丝团 Lv7]
2026-05-03 12:26:48,3105495683171277,我思故我在,27,59844,[等级3],[粉丝团 Lv2]
2026-05-03 12:26:52,70168143580,好好学习吧,33,59887,[等级13],[粉丝团 Lv2]
2026-05-03 12:26:54,3105495683171277,我思故我在,30,59926,[等级3],[粉丝团 Lv2]
2026-05-03 12:26:58,70168143580,好好学习吧,30,59974,[等级13],[粉丝团 Lv2]
2026-05-03 12:27:00,70168143580,好好学习吧,9,60004,[等级13],[粉丝团 Lv2]
2026-05-03 12:27:03,91721820767,一只鱼^,9,60025,[等级9],[粉丝团 Lv4]
2026-05-03 12:27:07,3105495683171277,我思故我在,27,60066,[等级3],[粉丝团 Lv2]
2026-05-03 12:27:10,61503640805,L。冷妖颜〞〢,6,60086,[等级15],
2026-05-03 12:27:13,97420738981,华夏武道院院长,3,60105,[等级16],[粉丝团 Lv1]
2026-05-03 12:27:17,61072672391,LLLch,27,60138,[等级19],[粉丝团 Lv11]
2026-05-03 12:27:19,61072672391,LLLch,24,60147,[等级19],[粉丝团 Lv11]
2026-05-03 12:27:23,3977406384204267,小止,30,60183,[等级2],[粉丝团 Lv5]
2026-05-03 12:27:25,3977406384204267,小止,3,60211,[等级2],[粉丝团 Lv5]
2026-05-03 12:27:28,65142055034,春野,33,60256,[等级3],[粉丝团 Lv2]
2026-05-03 12:27:31,61072672391,LLLch,24,60305,[等级19],[粉丝团 Lv11]
2026-05-03 12:27:34,65142055034,春野,30,60346,[等级3],[粉丝团 Lv2]
2026-05-03 12:27:37,61072672391,LLLch,30,60406,[等级19],[粉丝团 Lv11]
2026-05-03 12:27:40,95086134496,柚子,3,60468,[等级8],[粉丝团 Lv4]
2026-05-03 12:27:42,8586798684,花落的那一天,27,60559,[等级3],[粉丝团 Lv8]
2026-05-03 12:27:45,281127229090919,y    ㅤ,3,60653,[等级13],
2026-05-03 12:27:48,91822771980,💜U U💜,3,60777,[等级21],[粉丝团 Lv11]
2026-05-03 12:27:51,1367445777424910,Eucalyptus 🐸,30,60916,[等级24],[粉丝团 Lv14]
2026-05-03 12:27:54,8586798684,花落的那一天,30,61094,[等级3],[粉丝团 Lv8]
2026-05-03 12:27:58,1367445777424910,Eucalyptus 🐸,33,61209,[等级24],[粉丝团 Lv14]
2026-05-03 12:28:00,3160455404584971,帮我想个名字。,39,61362,[等级2],[粉丝团 Lv1]
2026-05-03 12:28:03,2511727583575501,草莓道理,21,61502,[等级6],
2026-05-03 12:28:06,105160933332,～王守朋～,36,61643,[等级19],[粉丝团 Lv14]
2026-05-03 12:28:10,1367445777424910,Eucalyptus 🐸,30,61735,[等级24],[粉丝团 Lv14]
2026-05-03 12:28:13,61072672391,LLLch,24,61837,[等级19],[粉丝团 Lv11]
2026-05-03 12:28:15,1367445777424910,Eucalyptus 🐸,30,61943,[等级24],[粉丝团 Lv14]
2026-05-03 12:28:18,60889377888,Ren,27,62051,[等级17],[粉丝团 Lv10]
2026-05-03 12:28:21,2511727583575501,草莓道理,3,62122,[等级6],
2026-05-03 12:28:24,60889377888,Ren,30,62170,[等级17],[粉丝团 Lv10]
2026-05-03 12:28:27,1367445777424910,Eucalyptus 🐸,3,62250,[等级24],[粉丝团 Lv14]
2026-05-03 12:28:31,60668145142,端初安,3,62307,[等级13],
2026-05-03 12:28:33,1367445777424910,Eucalyptus 🐸,30,62407,[等级24],[粉丝团 Lv14]
2026-05-03 12:28:37,61072672391,LLLch,24,62469,[等级19],[粉丝团 Lv11]
2026-05-03 12:28:39,1367445777424910,Eucalyptus 🐸,27,62582,[等级24],[粉丝团 Lv14]
2026-05-03 12:28:42,3079105851432718,@BIN先森. Tony.,3,62673,,
2026-05-03 12:28:45,1367445777424910,Eucalyptus 🐸,24,62764,[等级24],[粉丝团 Lv14]
2026-05-03 12:28:48,532643074549309,🌈小米粥🌈,9,62863,[等级17],[粉丝团 Lv13]
2026-05-03 12:28:51,98558699366,心颖,18,63072,,
2026-05-03 12:28:54,102982769246,猪粪勿扰,12,63263,[等级4],
2026-05-03 12:28:57,98558699366,心颖,3,63416,,
2026-05-03 12:29:00,102982769246,猪粪勿扰,9,63555,[等级4],
2026-05-03 12:29:03,2066715339664559,亦亿,30,63702,[等级9],[粉丝团 Lv11]
2026-05-03 12:29:06,65142055034,春野,15,63825,[等级3],[粉丝团 Lv2]
2026-05-03 12:29:09,98558699366,心颖,12,63954,,
2026-05-03 12:29:12,65142055034,春野,18,64099,[等级3],[粉丝团 Lv2]
2026-05-03 12:29:15,98558699366,心颖,21,64247,,
2026-05-03 12:29:18,68074123175,是你的太阳呀🌞,30,64386,[等级15],[粉丝团 Lv14]
2026-05-03 12:29:21,98558699366,心颖,3,64515,,
2026-05-03 12:29:24,68074123175,是你的太阳呀🌞,30,64655,[等级15],[粉丝团 Lv14]
2026-05-03 12:29:27,1367445777424910,Eucalyptus 🐸,30,64788,[等级24],[粉丝团 Lv14]
2026-05-03 12:29:30,68074123175,是你的太阳呀🌞,27,64931,[等级15],[粉丝团 Lv14]
2026-05-03 12:29:33,2066715339664559,亦亿,24,65062,[等级9],[粉丝团 Lv11]
2026-05-03 12:29:36,65142055034,春野,15,65183,[等级3],[粉丝团 Lv2]
2026-05-03 12:29:39,851473959500948,SunnySoul,3,65332,[等级10],
2026-05-03 12:29:42,4366910085670700,尼古拉斯铁锤～嗷呜,3,65471,[等级18],[粉丝团 Lv12]
2026-05-03 12:29:45,2066715339664559,亦亿,24,65654,[等级9],[粉丝团 Lv11]
2026-05-03 12:29:48,102217296554,有间客栈（章记）,30,65802,[等级17],[粉丝团 Lv9]
2026-05-03 12:29:51,2066715339664559,亦亿,27,65945,[等级9],[粉丝团 Lv11]
2026-05-03 12:29:55,102217296554,有间客栈（章记）,30,66056,[等级17],[粉丝团 Lv9]
2026-05-03 12:29:57,2066715339664559,亦亿,27,66165,[等级9],[粉丝团 Lv11]
2026-05-03 12:30:00,102217296554,有间客栈（章记）,30,66263,[等级17],[粉丝团 Lv9]
2026-05-03 12:30:03,2066715339664559,亦亿,27,66384,[等级9],[粉丝团 Lv11]
2026-05-03 12:30:06,102217296554,有间客栈（章记）,30,66486,[等级17],[粉丝团 Lv9]
2026-05-03 12:30:09,2066715339664559,亦亿,27,66639,[等级9],[粉丝团 Lv11]
2026-05-03 12:30:12,102217296554,有间客栈（章记）,30,66779,[等级17],[粉丝团 Lv9]
2026-05-03 12:30:15,2066715339664559,亦亿,24,66912,[等级9],[粉丝团 Lv11]
2026-05-03 12:30:18,102217296554,有间客栈（章记）,30,67008,[等级17],[粉丝团 Lv9]
2026-05-03 12:30:21,94998562130,暖心❤️向阳,27,67129,[等级12],
2026-05-03 12:30:24,80430878055,月亮的兄弟,18,67234,[等级9],
2026-05-03 12:30:27,94998562130,暖心❤️向阳,24,67386,[等级12],
2026-05-03 12:30:30,84819817227,🌈幼稚,36,67524,[等级11],[粉丝团 Lv7]
2026-05-03 12:30:33,94998562130,暖心❤️向阳,27,67673,[等级12],
2026-05-03 12:30:36,84819817227,🌈幼稚,33,67793,[等级11],[粉丝团 Lv7]
2026-05-03 12:30:39,94998562130,暖心❤️向阳,27,67882,[等级12],
2026-05-03 12:30:42,84819817227,🌈幼稚,21,67956,[等级11],[粉丝团 Lv7]
2026-05-03 12:30:45,94998562130,暖心❤️向阳,24,68064,[等级12],
2026-05-03 12:30:48,3118670421442236,雨天头痛,3,68200,[等级1],[粉丝团 Lv5]
2026-05-03 12:30:51,94998562130,暖心❤️向阳,27,68342,[等级12],
2026-05-03 12:30:55,84819817227,🌈幼稚,3,68456,[等级11],[粉丝团 Lv7]
2026-05-03 12:30:57,100156535060,Zl,39,68560,[等级3],
2026-05-03 12:31:00,84819817227,🌈幼稚,33,68658,[等级11],[粉丝团 Lv7]
2026-05-03 12:31:03,100156535060,Zl,39,68779,[等级3],
2026-05-03 12:31:06,84819817227,🌈幼稚,33,68893,[等级11],[粉丝团 Lv7]
2026-05-03 12:31:09,100156535060,Zl,39,69043,[等级3],
2026-05-03 12:31:12,102217296554,有间客栈（章记）,24,69167,[等级17],[粉丝团 Lv9]
2026-05-03 12:31:16,100156535060,Zl,36,69291,[等级3],
2026-05-03 12:31:18,84819817227,🌈幼稚,36,69392,[等级11],[粉丝团 Lv7]
2026-05-03 12:31:21,4183012501360872,🥑,27,69497,[等级4],[粉丝团 Lv7]
2026-05-03 12:31:24,84819817227,🌈幼稚,21,69586,[等级11],[粉丝团 Lv7]
2026-05-03 12:31:27,94998562130,暖心❤️向阳,24,69665,[等级12],
2026-05-03 12:31:30,84819817227,🌈幼稚,27,69749,[等级11],[粉丝团 Lv7]
2026-05-03 12:31:33,94998562130,暖心❤️向阳,24,69832,[等级12],
2026-05-03 12:31:36,84819817227,🌈幼稚,33,69919,[等级11],[粉丝团 Lv7]
2026-05-03 12:31:39,98558699366,心颖,18,70007,,
2026-05-03 12:31:42,84819817227,🌈幼稚,9,70085,[等级11],[粉丝团 Lv7]
2026-05-03 12:31:45,94998562130,暖心❤️向阳,27,70160,[等级12],
2026-05-03 12:31:48,84819817227,🌈幼稚,30,70242,[等级11],[粉丝团 Lv7]
2026-05-03 12:31:51,94998562130,暖心❤️向阳,27,70313,[等级12],
2026-05-03 12:31:55,84819817227,🌈幼稚,33,70385,[等级11],[粉丝团 Lv7]
2026-05-03 12:31:57,94998562130,暖心❤️向阳,24,70444,[等级12],
2026-05-03 12:32:00,84819817227,🌈幼稚,6,70525,[等级11],[粉丝团 Lv7]
2026-05-03 12:32:03,67020664067,🩵~Nuyoah,3,70564,[等级16],[粉丝团 Lv8]
2026-05-03 12:32:06,84819817227,🌈幼稚,12,70612,[等级11],[粉丝团 Lv7]
2026-05-03 12:32:09,94998562130,暖心❤️向阳,27,70658,[等级12],
2026-05-03 12:32:12,102217296554,有间客栈（章记）,27,70705,[等级17],[粉丝团 Lv9]
2026-05-03 12:32:16,94998562130,暖心❤️向阳,24,70742,[等级12],
2026-05-03 12:32:18,93652980629,大鱼吃小鱼,3,70794,[等级21],[粉丝团 Lv10]
2026-05-03 12:32:22,94998562130,暖心❤️向阳,27,70842,[等级12],
2026-05-03 12:32:24,102217296554,有间客栈（章记）,24,70883,[等级17],[粉丝团 Lv9]
2026-05-03 12:32:27,94998562130,暖心❤️向阳,24,70917,[等级12],
2026-05-03 12:32:30,102217296554,有间客栈（章记）,24,70969,[等级17],[粉丝团 Lv9]
2026-05-03 12:32:33,94998562130,暖心❤️向阳,24,71016,[等级12],
2026-05-03 12:32:36,102217296554,有间客栈（章记）,30,71062,[等级17],[粉丝团 Lv9]
2026-05-03 12:32:40,2605196342474299,九辰安渡,6,71121,[等级1],
2026-05-03 12:32:42,84819817227,🌈幼稚,30,71207,[等级11],[粉丝团 Lv7]
2026-05-03 12:32:45,94998562130,暖心❤️向阳,24,71256,[等级12],
2026-05-03 12:32:48,84819817227,🌈幼稚,30,71352,[等级11],[粉丝团 Lv7]
2026-05-03 12:32:51,94998562130,暖心❤️向阳,24,71412,[等级12],
2026-05-03 12:32:54,84819817227,🌈幼稚,3,71467,[等级11],[粉丝团 Lv7]
2026-05-03 12:32:57,94998562130,暖心❤️向阳,24,71511,[等级12],
2026-05-03 12:33:01,110666097981,陈豆豆,33,71586,[等级5],[粉丝团 Lv8]
2026-05-03 12:33:03,94998562130,暖心❤️向阳,24,71645,[等级12],
2026-05-03 12:33:06,102217296554,有间客栈（章记）,27,71718,[等级17],[粉丝团 Lv9]
2026-05-03 12:33:09,94998562130,暖心❤️向阳,24,71772,[等级12],
2026-05-03 12:33:12,110666097981,陈豆豆,15,71831,[等级5],[粉丝团 Lv8]
2026-05-03 12:33:15,94998562130,暖心❤️向阳,24,71871,[等级12],
2026-05-03 12:33:18,2189861707580555,glowon,6,71927,[等级12],[粉丝团 Lv2]
2026-05-03 12:33:22,94998562130,暖心❤️向阳,24,71960,[等级12],
2026-05-03 12:33:24,102217296554,有间客栈（章记）,27,72008,[等级17],[粉丝团 Lv9]
2026-05-03 12:33:28,94998562130,暖心❤️向阳,24,72082,[等级12],
2026-05-03 12:33:30,77987486751,酷晴天,3,72190,[等级24],[粉丝团 Lv3]
2026-05-03 12:33:34,4038927430734136,雾失海岸,3,72277,,
2026-05-03 12:33:36,104899108203,小斌g,9,72337,,
2026-05-03 12:33:39,94998562130,暖心❤️向阳,24,72403,[等级12],
2026-05-03 12:33:42,102217296554,有间客栈（章记）,24,72465,[等级17],[粉丝团 Lv9]
2026-05-03 12:33:45,94998562130,暖心❤️向阳,24,72523,[等级12],
2026-05-03 12:33:48,102217296554,有间客栈（章记）,30,72594,[等级17],[粉丝团 Lv9]
2026-05-03 12:33:51,3118670421442236,雨天头痛,3,72633,[等级1],[粉丝团 Lv5]
2026-05-03 12:33:54,673343073954183,乐迪小浣熊,36,72715,[等级4],[粉丝团 Lv1]
2026-05-03 12:33:57,94998562130,暖心❤️向阳,24,72784,[等级12],
2026-05-03 12:34:00,673343073954183,乐迪小浣熊,30,72859,[等级4],[粉丝团 Lv1]
2026-05-03 12:34:03,94998562130,暖心❤️向阳,24,72916,[等级12],
2026-05-03 12:34:06,673343073954183,乐迪小浣熊,30,72959,[等级4],[粉丝团 Lv1]
2026-05-03 12:34:10,673343073954183,乐迪小浣熊,30,73013,[等级4],[粉丝团 Lv1]
2026-05-03 12:34:12,673343073954183,乐迪小浣熊,27,73034,[等级4],[粉丝团 Lv1]
2026-05-03 12:34:16,102217296554,有间客栈（章记）,27,73061,[等级17],[粉丝团 Lv9]
2026-05-03 12:34:18,102217296554,有间客栈（章记）,27,73072,[等级17],[粉丝团 Lv9]
2026-05-03 12:34:21,94998562130,暖心❤️向阳,3,73085,[等级12],
2026-05-03 12:34:24,94161696152,V夏梦,30,73147,[等级15],[粉丝团 Lv11]
2026-05-03 12:34:28,94998562130,暖心❤️向阳,27,73207,[等级12],
2026-05-03 12:34:30,94161696152,V夏梦,33,73268,[等级15],[粉丝团 Lv11]
2026-05-03 12:34:34,94998562130,暖心❤️向阳,24,73333,[等级12],
2026-05-03 12:34:36,94161696152,V夏梦,30,73414,[等级15],[粉丝团 Lv11]
2026-05-03 12:34:40,902064110579064,(^_−)☆,6,73501,[等级7],
2026-05-03 12:34:42,104936927883,今天你喝水了么,3,73563,[等级12],[粉丝团 Lv1]
2026-05-03 12:34:45,65142055034,春野,33,73625,[等级3],[粉丝团 Lv2]
2026-05-03 12:34:48,94161696152,V夏梦,21,73724,[等级15],[粉丝团 Lv11]
2026-05-03 12:34:51,65142055034,春野,9,73784,[等级3],[粉丝团 Lv2]
2026-05-03 12:34:54,102217296554,有间客栈（章记）,27,73827,[等级17],[粉丝团 Lv9]
2026-05-03 12:34:57,65142055034,春野,9,73869,[等级3],[粉丝团 Lv2]
2026-05-03 12:35:00,102217296554,有间客栈（章记）,24,73901,[等级17],[粉丝团 Lv9]
2026-05-03 12:35:03,94998562130,暖心❤️向阳,27,73936,[等级12],
2026-05-03 12:35:06,102217296554,有间客栈（章记）,30,73986,[等级17],[粉丝团 Lv9]
2026-05-03 12:35:09,94998562130,暖心❤️向阳,27,74039,[等级12],
2026-05-03 12:35:13,102217296554,有间客栈（章记）,27,74131,[等级17],[粉丝团 Lv9]
2026-05-03 12:35:15,94998562130,暖心❤️向阳,27,74192,[等级12],
2026-05-03 12:35:19,102217296554,有间客栈（章记）,27,74272,[等级17],[粉丝团 Lv9]
2026-05-03 12:35:21,94998562130,暖心❤️向阳,27,74340,[等级12],
2026-05-03 12:35:24,68547851472,小辉辉,3,74420,[等级20],
2026-05-03 12:35:27,94998562130,暖心❤️向阳,24,74491,[等级12],
2026-05-03 12:35:30,540558681197709,岁月静好。,30,74563,[等级13],
2026-05-03 12:35:34,94998562130,暖心❤️向阳,24,74625,[等级12],
2026-05-03 12:35:36,540558681197709,岁月静好。,21,74700,[等级13],
2026-05-03 12:35:40,94998562130,暖心❤️向阳,24,74754,[等级12],
2026-05-03 12:35:42,540558681197709,岁月静好。,9,74805,[等级13],
2026-05-03 12:35:46,94998562130,暖心❤️向阳,24,74862,[等级12],
2026-05-03 12:35:48,540558681197709,岁月静好。,18,74913,[等级13],
2026-05-03 12:35:51,94998562130,暖心❤️向阳,30,74971,[等级12],
2026-05-03 12:35:54,540558681197709,岁月静好。,21,75034,[等级13],
2026-05-03 12:35:57,94998562130,暖心❤️向阳,27,75094,[等级12],
2026-05-03 12:36:00,1852042719003998,∵,3,75158,,
2026-05-03 12:36:03,94998562130,暖心❤️向阳,24,75220,[等级12],
2026-05-03 12:36:06,540558681197709,岁月静好。,3,75258,[等级13],
2026-05-03 12:36:09,94998562130,暖心❤️向阳,24,75300,[等级12],
2026-05-03 12:36:12,606558221516280,River,3,75352,[等级22],
2026-05-03 12:36:15,111202910732,吾乃宇智波。。,36,75427,[等级1],
2026-05-03 12:36:19,110666097981,陈豆豆,21,75526,[等级5],[粉丝团 Lv8]
2026-05-03 12:36:21,111202910732,吾乃宇智波。。,30,75589,[等级1],
2026-05-03 12:36:25,71165851144,快乐❤️,9,75667,,
2026-05-03 12:36:27,111202910732,吾乃宇智波。。,27,75738,[等级1],
2026-05-03 12:36:30,102217296554,有间客栈（章记）,30,75814,[等级17],[粉丝团 Lv9]
2026-05-03 12:36:33,111202910732,吾乃宇智波。。,21,75885,[等级1],
2026-05-03 12:36:36,93698476064,手捧一万颗星星,3,75960,[等级10],[粉丝团 Lv2]
2026-05-03 12:36:39,83221230383,小胡121212,27,76048,[等级11],[粉丝团 Lv1]
2026-05-03 12:36:42,102217296554,有间客栈（章记）,30,76149,[等级17],[粉丝团 Lv9]
2026-05-03 12:36:45,75634525708,༄᭄冰封ꦿᩚ࿐,6,76231,[等级22],[粉丝团 Lv14]
2026-05-03 12:36:48,102217296554,有间客栈（章记）,30,76355,[等级17],[粉丝团 Lv9]
2026-05-03 12:36:51,98558699366,心颖,15,76489,,
2026-05-03 12:36:54,71426678733,丁乙,9,76648,[等级18],[粉丝团 Lv9]
2026-05-03 12:36:57,98558699366,心颖,33,76822,,
2026-05-03 12:37:00,102217296554,有间客栈（章记）,30,76939,[等级17],[粉丝团 Lv9]
2026-05-03 12:37:03,98558699366,心颖,33,77097,,
2026-05-03 12:37:06,102217296554,有间客栈（章记）,30,77214,[等级17],[粉丝团 Lv9]
2026-05-03 12:37:09,60704769499,狐狸对你笑,24,77392,[等级27],[粉丝团 Lv7]
2026-05-03 12:37:12,102217296554,有间客栈（章记）,30,77519,[等级17],[粉丝团 Lv9]
2026-05-03 12:37:15,60704769499,狐狸对你笑,18,77647,[等级27],[粉丝团 Lv7]
2026-05-03 12:37:18,102217296554,有间客栈（章记）,27,77754,[等级17],[粉丝团 Lv9]
2026-05-03 12:37:21,98558699366,心颖,27,77861,,
2026-05-03 12:37:24,102217296554,有间客栈（章记）,30,77956,[等级17],[粉丝团 Lv9]
2026-05-03 12:37:27,98558699366,心颖,15,78067,,
2026-05-03 12:37:30,102217296554,有间客栈（章记）,30,78145,[等级17],[粉丝团 Lv9]
2026-05-03 12:37:33,98558699366,心颖,27,78243,,
2026-05-03 12:37:36,102217296554,有间客栈（章记）,30,78316,[等级17],[粉丝团 Lv9]
2026-05-03 12:37:39,98558699366,心颖,18,78417,,
2026-05-03 12:37:42,102217296554,有间客栈（章记）,30,78491,[等级17],[粉丝团 Lv9]
2026-05-03 12:37:45,98558699366,心颖,27,78594,,
2026-05-03 12:37:48,102217296554,有间客栈（章记）,27,78690,[等级17],[粉丝团 Lv9]
2026-05-03 12:37:51,98558699366,心颖,3,78792,,
2026-05-03 12:37:54,102217296554,有间客栈（章记）,30,78906,[等级17],[粉丝团 Lv9]
2026-05-03 12:37:57,98558699366,心颖,27,79006,,
2026-05-03 12:38:00,102217296554,有间客栈（章记）,24,79115,[等级17],[粉丝团 Lv9]
2026-05-03 12:38:03,98558699366,心颖,12,79211,,
2026-05-03 12:38:06,102217296554,有间客栈（章记）,24,79304,[等级17],[粉丝团 Lv9]
2026-05-03 12:38:09,83221230383,小胡121212,6,79465,[等级11],[粉丝团 Lv1]
2026-05-03 12:38:12,102217296554,有间客栈（章记）,30,79588,[等级17],[粉丝团 Lv9]
2026-05-03 12:38:15,83221230383,小胡121212,30,79715,[等级11],[粉丝团 Lv1]
2026-05-03 12:38:18,102217296554,有间客栈（章记）,30,79812,[等级17],[粉丝团 Lv9]
2026-05-03 12:38:21,83221230383,小胡121212,30,79956,[等级11],[粉丝团 Lv1]
2026-05-03 12:38:24,3106534319469591,1339,15,80106,[等级14],
2026-05-03 12:38:27,83221230383,小胡121212,18,80239,[等级11],[粉丝团 Lv1]
2026-05-03 12:38:30,3106534319469591,1339,3,80417,[等级14],
2026-05-03 12:38:33,98558699366,心颖,6,80620,,
2026-05-03 12:38:36,3219803300443484,赖赖.,15,80832,[等级6],
2026-05-03 12:38:39,83221230383,小胡121212,18,81053,[等级11],[粉丝团 Lv1]
2026-05-03 12:38:42,60291070652,涛哥🆒,12,81345,[等级21],[粉丝团 Lv15]
2026-05-03 12:38:45,1499356053113469,虚空,27,81632,[等级24],[粉丝团 Lv15]
2026-05-03 12:38:48,74446027795,林深时༡见鹿🦌,12,81955,[等级17],
2026-05-03 12:38:51,98558699366,心颖,3,82346,,
2026-05-03 12:38:54,102217296554,有间客栈（章记）,30,82658,[等级17],[粉丝团 Lv9]
2026-05-03 12:38:58,3844354387512839,老亜,12,82982,[等级19],
2026-05-03 12:39:00,3082652575346013,華   木主,24,83294,[等级29],
2026-05-03 12:39:03,94998562130,暖心❤️向阳,24,83701,[等级12],
2026-05-03 12:39:06,2145888220228567,用户18054358,30,84086,[等级16],[粉丝团 Lv12]
2026-05-03 12:39:09,110943160428,别来~无恙,6,84490,[等级4],
2026-05-03 12:39:12,55939050706,小可爱胖丁,27,84989,[等级24],[粉丝团 Lv9]
2026-05-03 12:39:15,1151888076050285,Luby,33,86053,[等级8],[粉丝团 Lv3]
2026-05-03 12:39:18,2023529687028288,章鱼姐,33,87480,[等级6],
2026-05-03 12:39:21,1257437656002798,某某.,33,88867,[等级34],[粉丝团:张君雅 Lv16]
2026-05-03 12:39:24,1832215801761923,carry,39,90283,,
2026-05-03 12:39:27,70542553438,六六爱打架,36,91516,[等级23],[粉丝团 Lv14]
2026-05-03 12:39:30,78291761703,人生如茶,39,92798,[等级26],[粉丝团 Lv13]
2026-05-03 12:39:33,62642627846,鹿茸,33,94031,[等级11],[粉丝团 Lv9]
2026-05-03 12:39:36,81471372959,噢,30,95210,[等级12],[粉丝团 Lv11]
2026-05-03 12:39:39,2941913298117255,漪昂,6,96339,[等级16],[粉丝团 Lv3]
2026-05-03 12:39:42,110916396290,？,15,97471,[等级21],[粉丝团 Lv11]
2026-05-03 12:39:45,62642627846,鹿茸,33,98527,[等级11],[粉丝团 Lv9]
2026-05-03 12:39:48,92213638763,無無無,30,99407,[等级18],
2026-05-03 12:39:51,1257437656002798,某某.,30,100334,[等级34],[粉丝团:张君雅 Lv16]
2026-05-03 12:39:54,3028509834881987,莫说话,24,101247,,
2026-05-03 12:39:57,191791620436266,捡到一分钱,27,102149,[等级10],[粉丝团 Lv10]
2026-05-03 12:40:00,3028509834881987,莫说话,27,103079,,
2026-05-03 12:40:03,58989492484,你今天真好看🧸,6,104125,[等级12],
2026-05-03 12:40:06,55939050706,小可爱胖丁,3,104990,[等级24],[粉丝团 Lv9]
2026-05-03 12:40:09,57668329207,脉动吖,9,105802,[等级6],[粉丝团 Lv7]
2026-05-03 12:40:12,55939050706,小可爱胖丁,33,106662,[等级24],[粉丝团 Lv9]
2026-05-03 12:40:15,1257437656002798,某某.,24,107479,[等级34],[粉丝团:张君雅 Lv16]
2026-05-03 12:40:18,1832215801761923,carry,33,108280,,
2026-05-03 12:40:21,100636831323,太行山奇石《星辰》,27,108957,[等级12],[粉丝团 Lv3]
2026-05-03 12:40:24,852819757767982,任梦入春,36,109705,[等级19],[粉丝团 Lv12]
2026-05-03 12:40:27,85975742783,扑灭萤火虫 ✨,9,110360,[等级12],
2026-05-03 12:40:30,77416951506,ら孤痞,36,110970,[等级36],[粉丝团:张君雅 Lv17]
2026-05-03 12:40:33,2713216199700523,🤡小妖怪🤡,12,111486,[等级31],
2026-05-03 12:40:36,77416951506,ら孤痞,27,112104,[等级36],[粉丝团:张君雅 Lv17]
2026-05-03 12:40:39,92888817388,ZHANG,30,112655,[等级18],[粉丝团 Lv5]
2026-05-03 12:40:42,4295115881845472,乘风破浪🏄‍♂️,30,113146,[等级18],
2026-05-03 12:40:45,7531758247682999355,金宝多多,6,113637,,
2026-05-03 12:40:48,64210044708,ℳ̶̶̶̶♡̶҉夏枫ᥫᩣ,24,114228,[等级30],[粉丝团 Lv12]
2026-05-03 12:40:51,383081845372960,看一頁,18,114831,[等级20],[粉丝团 Lv11]
2026-05-03 12:40:54,3844354387512839,老亜,27,115354,[等级19],
2026-05-03 12:40:57,1257437656002798,某某.,3,115808,[等级34],[粉丝团:张君雅 Lv16]
2026-05-03 12:41:00,3844354387512839,老亜,24,116272,[等级19],
2026-05-03 12:41:03,2441361968073085,沈心友情岁月,15,116752,[等级4],[粉丝团 Lv9]
2026-05-03 12:41:06,3844354387512839,老亜,27,117201,[等级19],
2026-05-03 12:41:09,4442445217530776,8️⃣号饲养员🐱,24,117692,[等级12],[粉丝团 Lv2]
2026-05-03 12:41:12,64210044708,ℳ̶̶̶̶♡̶҉夏枫ᥫᩣ,24,118161,[等级30],[粉丝团 Lv12]
2026-05-03 12:41:15,82789953109,彭大仙,18,118596,[等级19],[粉丝团 Lv9]
2026-05-03 12:41:18,3844354387512839,老亜,30,118960,[等级19],
2026-05-03 12:41:21,85975742783,扑灭萤火虫 ✨,27,119382,[等级12],
2026-05-03 12:41:24,3844354387512839,老亜,24,119704,[等级19],
2026-05-03 12:41:27,82789953109,彭大仙,36,120098,[等级19],[粉丝团 Lv9]
2026-05-03 12:41:31,61291622127,谁还没年轻过⁵¹⁰⁷⁴,30,120393,[等级16],[粉丝团 Lv14]
2026-05-03 12:41:33,82789953109,彭大仙,36,120679,[等级19],[粉丝团 Lv9]
2026-05-03 12:41:36,4295115881845472,乘风破浪🏄‍♂️,30,121001,[等级18],
2026-05-03 12:41:39,69892638777,TiaMo,129,121383,[等级38],[粉丝团 Lv10]
2026-05-03 12:41:42,4295115881845472,乘风破浪🏄‍♂️,33,121655,[等级18],
2026-05-03 12:41:45,82789953109,彭大仙,33,122046,[等级19],[粉丝团 Lv9]
2026-05-03 12:41:49,4295115881845472,乘风破浪🏄‍♂️,30,122324,[等级18],
2026-05-03 12:41:51,82789953109,彭大仙,36,122653,[等级19],[粉丝团 Lv9]
2026-05-03 12:41:55,80044167723,手揣兜往前走,30,122889,[等级13],[粉丝团 Lv9]
2026-05-03 12:41:57,82789953109,彭大仙,33,123256,[等级19],[粉丝团 Lv9]
2026-05-03 12:42:00,61291622127,谁还没年轻过⁵¹⁰⁷⁴,30,123501,[等级16],[粉丝团 Lv14]
2026-05-03 12:42:03,82789953109,彭大仙,36,123762,[等级19],[粉丝团 Lv9]
2026-05-03 12:42:06,3106534319469591,1339,12,123958,[等级14],
2026-05-03 12:42:09,82789953109,彭大仙,18,124188,[等级19],[粉丝团 Lv9]
2026-05-03 12:42:12,4442445217530776,8️⃣号饲养员🐱,27,124383,[等级12],[粉丝团 Lv2]
2026-05-03 12:42:15,2511727583575501,草莓道理,27,124611,[等级6],
2026-05-03 12:42:18,65142055034,春野,33,124835,[等级3],[粉丝团 Lv2]
2026-05-03 12:42:21,2511727583575501,草莓道理,27,125074,[等级6],
2026-05-03 12:42:24,65142055034,春野,18,125247,[等级3],[粉丝团 Lv2]
2026-05-03 12:42:27,76906887668,墨蓝,42,125454,[等级13],
2026-05-03 12:42:30,65142055034,春野,12,125705,[等级3],[粉丝团 Lv2]
2026-05-03 12:42:33,82789953109,彭大仙,33,125962,[等级19],[粉丝团 Lv9]
2026-05-03 12:42:36,69797074890,瑞【十月二十九】,33,126117,[等级18],[粉丝团 Lv11]
2026-05-03 12:42:39,82789953109,彭大仙,12,126283,[等级19],[粉丝团 Lv9]
2026-05-03 12:42:43,4442445217530776,8️⃣号饲养员🐱,21,126416,[等级12],[粉丝团 Lv2]
2026-05-03 12:42:45,4164585085745843,秋山澪,30,126526,[等级21],[粉丝团 Lv11]
2026-05-03 12:42:49,4442445217530776,8️⃣号饲养员🐱,24,126695,[等级12],[粉丝团 Lv2]
2026-05-03 12:42:51,4164585085745843,秋山澪,30,126816,[等级21],[粉丝团 Lv11]
2026-05-03 12:42:55,69797074890,瑞【十月二十九】,21,126995,[等级18],[粉丝团 Lv11]
2026-05-03 12:42:57,4164585085745843,秋山澪,30,127132,[等级21],[粉丝团 Lv11]
2026-05-03 12:43:00,60542466599,啦啦啦,30,127319,[等级16],[粉丝团 Lv11]
2026-05-03 12:43:03,4164585085745843,秋山澪,12,127445,[等级21],[粉丝团 Lv11]
2026-05-03 12:43:06,101138818359,小鱼,30,127588,[等级34],[粉丝团 Lv15]
2026-05-03 12:43:09,4164585085745843,秋山澪,30,127686,[等级21],[粉丝团 Lv11]
2026-05-03 12:43:12,60542466599,啦啦啦,21,127867,[等级16],[粉丝团 Lv11]
2026-05-03 12:43:15,4164585085745843,秋山澪,9,127993,[等级21],[粉丝团 Lv11]
2026-05-03 12:43:18,69892638777,TiaMo,132,128191,[等级38],[粉丝团 Lv10]
2026-05-03 12:43:21,4164585085745843,秋山澪,30,128329,[等级21],[粉丝团 Lv11]
2026-05-03 12:43:24,69892638777,TiaMo,132,128522,[等级38],[粉丝团 Lv10]
2026-05-03 12:43:27,4442445217530776,8️⃣号饲养员🐱,24,128652,[等级12],[粉丝团 Lv2]
2026-05-03 12:43:30,69892638777,TiaMo,120,128819,[等级38],[粉丝团 Lv10]
2026-05-03 12:43:33,80731064410,邦驭房产阿旭帮您找房,9,128966,[等级12],[粉丝团 Lv1]
2026-05-03 12:43:36,69892638777,TiaMo,132,129157,[等级38],[粉丝团 Lv10]
2026-05-03 12:43:39,82789953109,彭大仙,30,129326,[等级19],[粉丝团 Lv9]
2026-05-03 12:43:42,2025719233000044,给80岁老头诊出喜脉被家属暴打,30,129524,[等级12],[粉丝团 Lv8]
2026-05-03 12:43:45,92231543293,江流儿.,3,129657,[等级11],
2026-05-03 12:43:48,102217296554,有间客栈（章记）,30,129827,[等级17],[粉丝团 Lv9]
2026-05-03 12:43:51,2809960977413838,西留村修改衣服,15,129951,,
2026-05-03 12:43:54,102217296554,有间客栈（章记）,30,130122,[等级17],[粉丝团 Lv9]
2026-05-03 12:43:57,82789953109,彭大仙,33,130199,[等级19],[粉丝团 Lv9]
2026-05-03 12:44:00,60542466599,啦啦啦,6,130264,[等级16],[粉丝团 Lv11]
2026-05-03 12:44:03,82789953109,彭大仙,36,130318,[等级19],[粉丝团 Lv9]
2026-05-03 12:44:06,1496870945563132,沐雨橙风,27,130401,[等级11],[粉丝团 Lv10]
2026-05-03 12:44:10,2511727583575501,草莓道理,33,130454,[等级6],
2026-05-03 12:44:12,60542466599,啦啦啦,21,130523,[等级16],[粉丝团 Lv11]
2026-05-03 12:44:15,1496870945563132,沐雨橙风,33,130579,[等级11],[粉丝团 Lv10]
2026-05-03 12:44:18,60542466599,啦啦啦,24,130664,[等级16],[粉丝团 Lv11]
2026-05-03 12:44:22,63993865109,Biāo哥,30,130744,[等级23],[粉丝团 Lv12]
2026-05-03 12:44:24,108855286123,勾栏听曲,3,130797,[等级12],[粉丝团 Lv12]
2026-05-03 12:44:28,2511727583575501,草莓道理,6,130844,[等级6],
2026-05-03 12:44:30,347041326443325,小眼镜,33,130890,,
2026-05-03 12:44:34,92231543293,江流儿.,3,130919,[等级11],
2026-05-03 12:44:36,347041326443325,小眼镜,30,130976,,
2026-05-03 12:44:39,4397666075415070,叶言,3,131002,[等级10],
2026-05-03 12:44:42,102181803227,阿u,3,131064,[等级12],
2026-05-03 12:44:46,2511727583575501,草莓道理,18,131110,[等级6],
2026-05-03 12:44:49,347041326443325,小眼镜,30,131150,,
2026-05-03 12:44:52,105918475348,🌙✨,12,131204,[等级31],[粉丝团 Lv2]
2026-05-03 12:44:55,100928393923,歪笔巴卜,3,131238,[等级19],
2026-05-03 12:44:57,3578290756654505,🐈‍⬛3,33,131274,[等级4],[粉丝团 Lv2]
2026-05-03 12:45:00,69423164739,美孟,12,131296,[等级21],[粉丝团 Lv6]
2026-05-03 12:45:03,104791670206,安定强大,3,131350,[等级23],
2026-05-03 12:45:06,69423164739,美孟,33,131402,[等级21],[粉丝团 Lv6]
2026-05-03 12:45:09,3578290756654505,🐈‍⬛3,27,131491,[等级4],[粉丝团 Lv2]
2026-05-03 12:45:13,69423164739,美孟,3,131531,[等级21],[粉丝团 Lv6]
2026-05-03 12:45:15,3578290756654505,🐈‍⬛3,12,131593,[等级4],[粉丝团 Lv2]
2026-05-03 12:45:18,69423164739,美孟,30,131629,[等级21],[粉丝团 Lv6]
2026-05-03 12:45:21,3578290756654505,🐈‍⬛3,6,131679,[等级4],[粉丝团 Lv2]
2026-05-03 12:45:24,3106534319469591,1339,3,131732,[等级14],
2026-05-03 12:45:27,101359182121,琴与鹤,27,131824,[等级2],
2026-05-03 12:45:30,69423164739,美孟,24,131895,[等级21],[粉丝团 Lv6]
2026-05-03 12:45:33,2701919926887879,风景,36,131990,[等级13],[粉丝团 Lv5]
2026-05-03 12:45:36,69423164739,美孟,36,132106,[等级21],[粉丝团 Lv6]
2026-05-03 12:45:39,2701919926887879,风景,30,132221,[等级13],[粉丝团 Lv5]
2026-05-03 12:45:42,77416951506,ら孤痞,36,132342,[等级36],[粉丝团:张君雅 Lv17]
2026-05-03 12:45:45,2701919926887879,风景,30,132444,[等级13],[粉丝团 Lv5]
2026-05-03 12:45:48,69423164739,美孟,33,132536,[等级21],[粉丝团 Lv6]
2026-05-03 12:45:52,69423164739,美孟,33,132602,[等级21],[粉丝团 Lv6]
2026-05-03 12:45:54,69423164739,美孟,18,132621,[等级21],[粉丝团 Lv6]
2026-05-03 12:45:57,4811022678510,18🎣,3,132668,[等级14],
2026-05-03 12:46:01,892455697541965,看海听㶡,27,132758,[等级21],[粉丝团 Lv15]
2026-05-03 12:46:03,902064110579064,(^_−)☆,36,132826,[等级7],
2026-05-03 12:46:07,77416951506,ら孤痞,33,132900,[等级36],[粉丝团:张君雅 Lv17]
2026-05-03 12:46:10,59411310432,布洛芬,3,132990,[等级25],[粉丝团 Lv1]
2026-05-03 12:46:13,110666097981,陈豆豆,3,133063,[等级5],[粉丝团 Lv8]
2026-05-03 12:46:16,3578290756654505,🐈‍⬛3,24,133107,[等级4],[粉丝团 Lv2]
2026-05-03 12:46:19,2025719233000044,给80岁老头诊出喜脉被家属暴打,27,133140,[等级12],[粉丝团 Lv8]
2026-05-03 12:46:23,2025719233000044,给80岁老头诊出喜脉被家属暴打,24,133169,[等级12],[粉丝团 Lv8]
2026-05-03 12:46:25,2025719233000044,给80岁老头诊出喜脉被家属暴打,24,133178,[等级12],[粉丝团 Lv8]
2026-05-03 12:46:28,3578290756654505,🐈‍⬛3,27,133195,[等级4],[粉丝团 Lv2]
2026-05-03 12:46:32,3578290756654505,🐈‍⬛3,30,133216,[等级4],[粉丝团 Lv2]
2026-05-03 12:46:34,3578290756654505,🐈‍⬛3,9,133233,[等级4],[粉丝团 Lv2]
2026-05-03 12:46:38,2941913298117255,漪昂,126,133301,[等级16],[粉丝团 Lv3]
2026-05-03 12:46:40,3578290756654505,🐈‍⬛3,33,133321,[等级4],[粉丝团 Lv2]
2026-05-03 12:46:43,2598838425093564,哈密瓜真甜！！,3,133416,[等级5],
2026-05-03 12:46:45,2941913298117255,漪昂,126,133481,[等级16],[粉丝团 Lv3]
2026-05-03 12:46:48,99410230650731,听春几回,36,133510,[等级14],
2026-05-03 12:46:52,3578290756654505,🐈‍⬛3,18,133545,[等级4],[粉丝团 Lv2]
2026-05-03 12:46:56,102279174214,桃梨橙柿,3,133551,[等级13],
2026-05-03 12:46:58,1381425300897960,牛人小乐,3,133553,[等级24],[粉丝团 Lv1]
2026-05-03 12:47:00,99410230650731,听春几回,24,133568,[等级14],
2026-05-03 12:47:05,3459517446630739,bellows,3,133590,[等级1],
2026-05-03 12:47:06,2941913298117255,漪昂,48,133610,[等级16],[粉丝团 Lv3]
2026-05-03 12:47:09,95618728698,前路漫漫亦燦燦😀,3,133641,[等级31],[粉丝团 Lv3]
2026-05-03 12:47:13,99410230650731,听春几回,9,133654,[等级14],
2026-05-03 12:47:16,3578290756654505,🐈‍⬛3,15,133741,[等级4],[粉丝团 Lv2]
2026-05-03 12:47:19,99410230650731,听春几回,30,133764,[等级14],
2026-05-03 12:47:22,3578290756654505,🐈‍⬛3,30,133813,[等级4],[粉丝团 Lv2]
2026-05-03 12:47:24,3578290756654505,🐈‍⬛3,24,133821,[等级4],[粉丝团 Lv2]
2026-05-03 12:47:28,3578290756654505,🐈‍⬛3,27,133840,[等级4],[粉丝团 Lv2]
2026-05-03 12:47:30,3578290756654505,🐈‍⬛3,6,133855,[等级4],[粉丝团 Lv2]
2026-05-03 12:47:34,80044167723,手揣兜往前走,12,133870,[等级13],[粉丝团 Lv9]
2026-05-03 12:47:36,3578290756654505,🐈‍⬛3,30,133887,[等级4],[粉丝团 Lv2]
2026-05-03 12:47:40,58809759942,幸运咖🍀,3,133899,[等级3],
2026-05-03 12:47:42,3578290756654505,🐈‍⬛3,30,133932,[等级4],[粉丝团 Lv2]
2026-05-03 12:47:45,71924681685,江沉晚吟时,3,133940,[等级30],[粉丝团 Lv7]
2026-05-03 12:47:48,3578290756654505,🐈‍⬛3,30,133957,[等级4],[粉丝团 Lv2]
2026-05-03 12:47:51,80044167723,手揣兜往前走,21,133977,[等级13],[粉丝团 Lv9]
2026-05-03 12:47:54,3578290756654505,🐈‍⬛3,12,133990,[等级4],[粉丝团 Lv2]
2026-05-03 12:47:58,3578290756654505,🐈‍⬛3,27,134057,[等级4],[粉丝团 Lv2]
2026-05-03 12:48:00,3578290756654505,🐈‍⬛3,27,134095,[等级4],[粉丝团 Lv2]
2026-05-03 12:48:04,3578290756654505,🐈‍⬛3,21,134272,[等级4],[粉丝团 Lv2]
2026-05-03 12:48:06,3529895920808827,时光之光,21,134293,[等级6],[粉丝团 Lv3]
2026-05-03 12:48:09,98558699366,心颖,3,134382,,
2026-05-03 12:48:12,3578290756654505,🐈‍⬛3,3,134427,[等级4],[粉丝团 Lv2]
2026-05-03 12:48:15,102279174214,桃梨橙柿,6,134462,[等级13],
2026-05-03 12:48:19,105160933332,～王守朋～,15,134506,[等级19],[粉丝团 Lv14]
2026-05-03 12:48:21,98558699366,心颖,24,134538,,
2026-05-03 12:48:25,1273668553676729,白起,3,134584,,
2026-05-03 12:48:27,98558699366,心颖,27,134622,,
2026-05-03 12:48:30,110666097981,陈豆豆,12,134678,[等级5],[粉丝团 Lv8]
2026-05-03 12:48:33,98558699366,心颖,24,134695,,
2026-05-03 12:48:36,3578290756654505,🐈‍⬛3,27,134744,[等级4],[粉丝团 Lv2]
2026-05-03 12:48:39,98558699366,心颖,18,134799,,
2026-05-03 12:48:42,3578290756654505,🐈‍⬛3,24,134852,[等级4],[粉丝团 Lv2]
2026-05-03 12:48:45,1046331752448175,粤G小男孩,3,134869,[等级24],
2026-05-03 12:48:48,3578290756654505,🐈‍⬛3,24,134892,[等级4],[粉丝团 Lv2]
2026-05-03 12:48:51,98558699366,心颖,3,134907,,
2026-05-03 12:48:54,3578290756654505,🐈‍⬛3,15,134921,[等级4],[粉丝团 Lv2]
2026-05-03 12:48:58,103224023266,九年,3,134945,[等级22],
2026-05-03 12:49:01,3578290756654505,🐈‍⬛3,15,134967,[等级4],[粉丝团 Lv2]
2026-05-03 12:49:04,98558699366,心颖,30,135007,,
2026-05-03 12:49:07,3578290756654505,🐈‍⬛3,27,135050,[等级4],[粉丝团 Lv2]
2026-05-03 12:49:09,92746011704,女巫,27,135101,[等级29],[粉丝团 Lv5]
2026-05-03 12:49:13,3578290756654505,🐈‍⬛3,27,135141,[等级4],[粉丝团 Lv2]
2026-05-03 12:49:15,98558699366,心颖,9,135171,,
2026-05-03 12:49:19,3578290756654505,🐈‍⬛3,27,135206,[等级4],[粉丝团 Lv2]
2026-05-03 12:49:22,92746011704,女巫,33,135237,[等级29],[粉丝团 Lv5]
2026-05-03 12:49:25,3578290756654505,🐈‍⬛3,12,135282,[等级4],[粉丝团 Lv2]
2026-05-03 12:49:29,3578290756654505,🐈‍⬛3,6,135345,[等级4],[粉丝团 Lv2]
2026-05-03 12:49:30,85523719611,无忧,12,135349,[等级13],
2026-05-03 12:49:33,1021861700044279,j,3,135379,,
2026-05-03 12:49:37,70890272281,cy,36,135404,[等级16],[粉丝团 Lv9]
2026-05-03 12:49:39,70890272281,cy,33,135425,[等级16],[粉丝团 Lv9]
2026-05-03 12:49:42,98272976010,小米渣,27,135470,[等级12],[粉丝团 Lv3]
2026-05-03 12:49:46,2025719233000044,给80岁老头诊出喜脉被家属暴打,12,135510,[等级12],[粉丝团 Lv8]
2026-05-03 12:49:48,98272976010,小米渣,30,135544,[等级12],[粉丝团 Lv3]
2026-05-03 12:49:51,1113180618894655,北极之星,9,135595,[等级24],
2026-05-03 12:49:54,1684886649309325,宇,6,135633,[等级7],
2026-05-03 12:49:58,96274422521,、磐石｀． 🔥,3,135671,[等级26],
2026-05-03 12:50:00,98272976010,小米渣,27,135722,[等级12],[粉丝团 Lv3]
2026-05-03 12:50:04,382285959400620,毛豆🤱嫲嫲,24,135773,[等级7],[粉丝团 Lv6]
2026-05-03 12:50:06,69797074890,瑞【十月二十九】,24,135807,[等级18],[粉丝团 Lv11]
2026-05-03 12:50:09,92502883374,Great Ming,6,135875,[等级26],[粉丝团 Lv9]
2026-05-03 12:50:12,69797074890,瑞【十月二十九】,21,135941,[等级18],[粉丝团 Lv11]
2026-05-03 12:50:15,3737966600787709,乐成R,12,136015,[等级11],[粉丝团 Lv6]
2026-05-03 12:50:18,2025719233000044,给80岁老头诊出喜脉被家属暴打,21,136124,[等级12],[粉丝团 Lv8]
2026-05-03 12:50:21,303899749658036,乢乢,6,136194,[等级8],[粉丝团 Lv2]
2026-05-03 12:50:24,2025719233000044,给80岁老头诊出喜脉被家属暴打,21,136269,[等级12],[粉丝团 Lv8]
2026-05-03 12:50:28,4294021478624812,妳,3,136325,,
2026-05-03 12:50:31,2025719233000044,给80岁老头诊出喜脉被家属暴打,21,136375,[等级12],[粉丝团 Lv8]
2026-05-03 12:50:33,303899749658036,乢乢,9,136416,[等级8],[粉丝团 Lv2]
2026-05-03 12:50:36,87253838780,夏夜了我,3,136514,[等级18],
2026-05-03 12:50:39,91721820767,一只鱼^,12,136556,[等级9],[粉丝团 Lv4]
2026-05-03 12:50:42,98272976010,小米渣,27,136635,[等级12],[粉丝团 Lv3]
2026-05-03 12:50:46,4164582977316036,老骥伏枥,42,136688,[等级7],[粉丝团 Lv6]
2026-05-03 12:50:48,3438866836235011,阿布来提,3,136759,[等级15],
2026-05-03 12:50:51,103729992765,小八呀🇨🇳,3,136896,[等级24],[粉丝团 Lv2]
2026-05-03 12:50:54,2264614346177575,清风知我意,33,137055,[等级14],[粉丝团 Lv11]
2026-05-03 12:50:58,4164582977316036,老骥伏枥,39,137263,[等级7],[粉丝团 Lv6]
2026-05-03 12:51:00,98272976010,小米渣,27,137485,[等级12],[粉丝团 Lv3]
2026-05-03 12:51:04,4164582977316036,老骥伏枥,39,137682,[等级7],[粉丝团 Lv6]
2026-05-03 12:51:06,98272976010,小米渣,21,137907,[等级12],[粉丝团 Lv3]
2026-05-03 12:51:09,102948006555,虾虾,12,138096,[等级15],[粉丝团 Lv5]
2026-05-03 12:51:12,98272976010,小米渣,24,138321,[等级12],[粉丝团 Lv3]
2026-05-03 12:51:15,2317387494852292,穿黑丝的性感女蟑螂,3,138539,[等级22],
2026-05-03 12:51:18,2605196342474299,九辰安渡,12,138793,[等级1],
2026-05-03 12:51:21,571347216665416,淡然的回忆╂,30,138982,[等级2],
2026-05-03 12:51:24,81186148862,🍭,3,139202,,
2026-05-03 12:51:27,571347216665416,淡然的回忆╂,15,139314,[等级2],
2026-05-03 12:51:30,98272976010,小米渣,27,139447,[等级12],[粉丝团 Lv3]
2026-05-03 12:51:33,65142055034,春野,9,139523,[等级3],[粉丝团 Lv2]
2026-05-03 12:51:37,98272976010,小米渣,21,139616,[等级12],[粉丝团 Lv3]
2026-05-03 12:51:39,64197226920,✨蔻楠丶,3,139683,[等级19],[粉丝团 Lv9]
2026-05-03 12:51:42,95555032590,布衣为谁,33,139752,[等级25],[粉丝团 Lv3]
2026-05-03 12:51:46,70890272281,cy,27,139786,[等级16],[粉丝团 Lv9]
2026-05-03 12:51:48,58764644107,仰望天空@,39,139853,[等级41],[粉丝团 Lv15]
2026-05-03 12:51:52,95555032590,布衣为谁,33,139928,[等级25],[粉丝团 Lv3]
2026-05-03 12:51:54,58764644107,仰望天空@,39,139985,[等级41],[粉丝团 Lv15]
2026-05-03 12:51:58,70890272281,cy,30,140030,[等级16],[粉丝团 Lv9]
2026-05-03 12:52:01,58764644107,仰望天空@,36,140091,[等级41],[粉丝团 Lv15]
2026-05-03 12:52:04,95555032590,布衣为谁,33,140159,[等级25],[粉丝团 Lv3]
2026-05-03 12:52:06,95555032590,布衣为谁,33,140222,[等级25],[粉丝团 Lv3]
2026-05-03 12:52:10,70890272281,cy,33,140287,[等级16],[粉丝团 Lv9]
2026-05-03 12:52:12,2972679973898558,作精大小姐,27,140337,[等级17],[粉丝团 Lv11]
2026-05-03 12:52:16,95555032590,布衣为谁,33,140402,[等级25],[粉丝团 Lv3]
2026-05-03 12:52:18,2972679973898558,作精大小姐,6,140445,[等级17],[粉丝团 Lv11]
2026-05-03 12:52:22,70890272281,cy,33,140494,[等级16],[粉丝团 Lv9]
2026-05-03 12:52:25,95555032590,布衣为谁,33,140543,[等级25],[粉丝团 Lv3]
2026-05-03 12:52:27,4091696290203369,榴莲酱💫,39,140632,[等级10],
2026-05-03 12:52:31,4161031858820019,小黑包,24,140689,,
2026-05-03 12:52:33,3170614929538557,常平洗车行,36,140743,[等级34],[粉丝团 Lv7]
2026-05-03 12:52:37,95555032590,布衣为谁,30,140811,[等级25],[粉丝团 Lv3]
2026-05-03 12:52:39,65247609020,小马重新来～,3,140870,[等级10],
2026-05-03 12:52:42,73532009890,鱼思故渊,24,140955,[等级16],[粉丝团 Lv6]
2026-05-03 12:52:45,3170614929538557,常平洗车行,9,141034,[等级34],[粉丝团 Lv7]
2026-05-03 12:52:48,70890272281,cy,30,141094,[等级16],[粉丝团 Lv9]
2026-05-03 12:52:52,4091696290203369,榴莲酱💫,33,141178,[等级10],
2026-05-03 12:52:54,70890272281,cy,27,141226,[等级16],[粉丝团 Lv9]
2026-05-03 12:52:57,3271798845869768,韋🔥晓🔥龙🐲,6,141277,[等级18],
2026-05-03 12:53:00,2605196342474299,九辰安渡,6,141342,[等级1],
2026-05-03 12:53:04,4091696290203369,榴莲酱💫,36,141389,[等级10],
2026-05-03 12:53:06,2605196342474299,九辰安渡,3,141433,[等级1],
2026-05-03 12:53:09,2550455408007134,Olivia,3,141458,[等级4],
2026-05-03 12:53:12,70573976610,石头,3,141512,[等级3],
2026-05-03 12:53:16,4091696290203369,榴莲酱💫,36,141561,[等级10],
2026-05-03 12:53:18,93354993253,顺小丰,6,141600,[等级20],
2026-05-03 12:53:22,4091696290203369,榴莲酱💫,39,141633,[等级10],
2026-05-03 12:53:25,4161031858820019,小黑包,12,141657,,
2026-05-03 12:53:27,105163258998,时间.未来,12,141693,[等级12],[粉丝团 Lv11]
2026-05-03 12:53:30,2605196342474299,九辰安渡,3,141736,[等级1],
2026-05-03 12:53:34,4091696290203369,榴莲酱💫,27,141766,[等级10],
2026-05-03 12:53:37,65783930879,予栖,33,141806,[等级14],[粉丝团 Lv8]
2026-05-03 12:53:40,62502143335,無言_轉裑,3,141840,[等级21],
2026-05-03 12:53:43,4161031858820019,小黑包,24,141868,,
2026-05-03 12:53:46,4091696290203369,榴莲酱💫,36,141903,[等级10],
2026-05-03 12:53:48,103729992765,小八呀🇨🇳,6,141923,[等级24],[粉丝团 Lv2]
2026-05-03 12:53:52,4091696290203369,榴莲酱💫,33,141963,[等级10],
2026-05-03 12:53:55,2605196342474299,九辰安渡,3,141993,[等级1],
2026-05-03 12:53:57,3271798845869768,韋🔥晓🔥龙🐲,6,142017,[等级18],
2026-05-03 12:54:01,2605196342474299,九辰安渡,9,142046,[等级1],
2026-05-03 12:54:05,65767160127,琬渝,3,142047,[等级21],[粉丝团 Lv13]
2026-05-03 12:54:06,67410728729,，，，，，，,3,142050,[等级12],
2026-05-03 12:54:09,2995499182349070,灼灼其华,6,142054,[等级3],
2026-05-03 12:54:12,4091696290203369,榴莲酱💫,39,142077,[等级10],
2026-05-03 12:54:15,4340475985660060,是yan不是颜,27,142112,[等级14],
2026-05-03 12:54:18,2331428970827949,Celery,6,142131,[等级8],
2026-05-03 12:54:21,4340475985660060,是yan不是颜,24,142148,[等级14],
2026-05-03 12:54:25,4340475985660060,是yan不是颜,24,142165,[等级14],
2026-05-03 12:54:27,4340475985660060,是yan不是颜,21,142172,[等级14],
2026-05-03 12:54:31,4340475985660060,是yan不是颜,21,142187,[等级14],
2026-05-03 12:54:33,4340475985660060,是yan不是颜,24,142196,[等级14],
2026-05-03 12:54:36,103729992765,小八呀🇨🇳,9,142215,[等级24],[粉丝团 Lv2]
2026-05-03 12:54:39,4340475985660060,是yan不是颜,18,142254,[等级14],
2026-05-03 12:54:42,101322912470,灰太狠、,3,142302,[等级1],
2026-05-03 12:54:45,4340475985660060,是yan不是颜,24,142340,[等级14],
2026-05-03 12:54:48,101322912470,灰太狠、,3,142387,[等级1],
2026-05-03 12:54:52,92746011704,女巫,36,142432,[等级29],[粉丝团 Lv5]
2026-05-03 12:54:54,110666097981,陈豆豆,24,142482,[等级5],[粉丝团 Lv8]
2026-05-03 12:54:58,92746011704,女巫,33,142532,[等级29],[粉丝团 Lv5]
2026-05-03 12:55:01,101322912470,灰太狠、,3,142577,[等级1],
2026-05-03 12:55:03,109966735335,活在当下🐯,3,142608,[等级24],
2026-05-03 12:55:06,902064110579064,(^_−)☆,3,142648,[等级7],
2026-05-03 12:55:10,354498359598684,用户7579355377327,18,142679,,
2026-05-03 12:55:12,74759158784,飘零,3,142708,[等级15],[粉丝团 Lv12]
2026-05-03 12:55:16,354498359598684,用户7579355377327,9,142735,,
2026-05-03 12:55:18,354498359598684,用户7579355377327,24,142759,,
2026-05-03 12:55:22,7465029989924209724,7,27,142804,[等级9],[粉丝团 Lv3]
2026-05-03 12:55:24,103155729399,马姐姐,3,142856,[等级10],
2026-05-03 12:55:28,80788419464,小老鼠,24,142949,[等级7],
2026-05-03 12:55:30,354498359598684,用户7579355377327,15,143009,,
2026-05-03 12:55:33,101138818359,小鱼,33,143116,[等级34],[粉丝团 Lv15]
2026-05-03 12:55:37,1588135360203888,北斗星,27,143177,,
2026-05-03 12:55:39,101138818359,小鱼,33,143228,[等级34],[粉丝团 Lv15]
2026-05-03 12:55:42,110943156621,云里的山里的云.,18,143268,[等级9],[粉丝团 Lv3]
2026-05-03 12:55:45,101138818359,小鱼,30,143331,[等级34],[粉丝团 Lv15]
2026-05-03 12:55:48,70718660316,长远不远,30,143436,[等级16],
2026-05-03 12:55:51,7465029989924209724,7,18,143588,[等级9],[粉丝团 Lv3]
2026-05-03 12:55:55,110943156621,云里的山里的云.,27,143662,[等级9],[粉丝团 Lv3]
2026-05-03 12:55:57,3459517446630739,bellows,3,143734,[等级1],
2026-05-03 12:56:01,110943156621,云里的山里的云.,27,143827,[等级9],[粉丝团 Lv3]
2026-05-03 12:56:03,101138818359,小鱼,30,143900,[等级34],[粉丝团 Lv15]
2026-05-03 12:56:06,52110192877,@Fan,3,143988,[等级6],
2026-05-03 12:56:09,101138818359,小鱼,33,144081,[等级34],[粉丝团 Lv15]
2026-05-03 12:56:12,110943156621,云里的山里的云.,24,144183,[等级9],[粉丝团 Lv3]
2026-05-03 12:56:15,101138818359,小鱼,33,144257,[等级34],[粉丝团 Lv15]
2026-05-03 12:56:18,110943156621,云里的山里的云.,24,144328,[等级9],[粉丝团 Lv3]
2026-05-03 12:56:21,54585749435,拾忆｜,3,144377,[等级11],
2026-05-03 12:56:24,110943156621,云里的山里的云.,24,144439,[等级9],[粉丝团 Lv3]
2026-05-03 12:56:28,94127062635,心坎,15,144488,[等级6],
2026-05-03 12:56:30,69797074890,瑞【十月二十九】,6,144547,[等级18],[粉丝团 Lv11]
2026-05-03 12:56:34,94127062635,心坎,30,144625,[等级6],
2026-05-03 12:56:36,69782378315,謊言.⚜️,12,144668,[等级16],
2026-05-03 12:56:39,94127062635,心坎,30,144706,[等级6],
2026-05-03 12:56:42,69782378315,謊言.⚜️,18,144727,[等级16],
2026-05-03 12:56:45,110166692774,风雨兼程,6,144769,[等级23],[粉丝团 Lv6]
2026-05-03 12:56:49,94127062635,心坎,30,144809,[等级6],
2026-05-03 12:56:51,94127062635,心坎,30,144825,[等级6],
2026-05-03 12:56:55,95875877684,春序十一,3,144840,[等级13],[粉丝团 Lv11]
2026-05-03 12:56:57,4091696290203369,榴莲酱💫,39,144906,[等级10],
2026-05-03 12:57:01,97936824098,轉桷﹪遇到love,24,144980,[等级15],
2026-05-03 12:57:03,4091696290203369,榴莲酱💫,39,145066,[等级10],
2026-05-03 12:57:07,62828234454,躺平壹歌,3,145122,[等级11],
2026-05-03 12:57:09,4091696290203369,榴莲酱💫,30,145179,[等级10],
2026-05-03 12:57:12,3628031547278541,🦋 ້໌ᮨ,27,145246,[等级20],[粉丝团 Lv11]
2026-05-03 12:57:15,4091696290203369,榴莲酱💫,36,145307,[等级10],
2026-05-03 12:57:19,7572115602539267109,嗯嗯ovo,27,145349,[等级25],[粉丝团 Lv2]
2026-05-03 12:57:21,4091696290203369,榴莲酱💫,36,145429,[等级10],
2026-05-03 12:57:24,102103945623,橘皮儿,6,145483,[等级20],[粉丝团 Lv9]
2026-05-03 12:57:27,4091696290203369,榴莲酱💫,30,145536,[等级10],
2026-05-03 12:57:30,70168143580,好好学习吧,39,145608,[等级13],[粉丝团 Lv2]
2026-05-03 12:57:33,95555032590,布衣为谁,36,145698,[等级25],[粉丝团 Lv3]
2026-05-03 12:57:36,70168143580,好好学习吧,39,145800,[等级13],[粉丝团 Lv2]
2026-05-03 12:57:39,105956460694,想自由,12,145888,[等级16],
2026-05-03 12:57:42,95555032590,布衣为谁,33,145993,[等级25],[粉丝团 Lv3]
2026-05-03 12:57:45,3896267268438788,xxxxx,21,146111,[等级23],[粉丝团 Lv10]
2026-05-03 12:57:48,70168143580,好好学习吧,36,146191,[等级13],[粉丝团 Lv2]
2026-05-03 12:57:51,111582550633,羽毛不毛,33,146307,[等级14],[粉丝团 Lv4]
2026-05-03 12:57:54,166762737841808,没名字-,12,146381,[等级5],[粉丝团 Lv2]
2026-05-03 12:57:57,3896267268438788,xxxxx,36,146489,[等级23],[粉丝团 Lv10]
2026-05-03 12:58:00,110666097981,陈豆豆,12,146561,[等级5],[粉丝团 Lv8]
2026-05-03 12:58:03,3896267268438788,xxxxx,30,146733,[等级23],[粉丝团 Lv10]
2026-05-03 12:58:07,70168143580,好好学习吧,33,146881,[等级13],[粉丝团 Lv2]
2026-05-03 12:58:09,3896267268438788,xxxxx,24,147030,[等级23],[粉丝团 Lv10]
2026-05-03 12:58:12,110666097981,陈豆豆,21,147129,[等级5],[粉丝团 Lv8]
2026-05-03 12:58:15,3896267268438788,xxxxx,21,147277,[等级23],[粉丝团 Lv10]
2026-05-03 12:58:19,7572115602539267109,嗯嗯ovo,24,147366,[等级25],[粉丝团 Lv2]
2026-05-03 12:58:21,4091696290203369,榴莲酱💫,30,147493,[等级10],
2026-05-03 12:58:25,84792259380,昭童🐈‍⬛,12,147569,[等级9],[粉丝团 Lv8]
2026-05-03 12:58:27,7588119326290904101,Uu.,9,147652,[等级2],
2026-05-03 12:58:31,7572115602539267109,嗯嗯ovo,27,147738,[等级25],[粉丝团 Lv2]
2026-05-03 12:58:33,70168143580,好好学习吧,39,147813,[等级13],[粉丝团 Lv2]
2026-05-03 12:58:37,7572115602539267109,嗯嗯ovo,27,147931,[等级25],[粉丝团 Lv2]
2026-05-03 12:58:39,57668329207,脉动吖,27,148009,[等级6],[粉丝团 Lv7]
2026-05-03 12:58:42,101289034871,龱伈󰠇,36,148140,[等级23],[粉丝团 Lv13]
2026-05-03 12:58:45,57668329207,脉动吖,24,148224,[等级6],[粉丝团 Lv7]
2026-05-03 12:58:48,110666097981,陈豆豆,3,148309,[等级5],[粉丝团 Lv8]
2026-05-03 12:58:51,57668329207,脉动吖,33,148433,[等级6],[粉丝团 Lv7]
2026-05-03 12:58:54,110666097981,陈豆豆,27,148563,[等级5],[粉丝团 Lv8]
2026-05-03 12:58:57,85975742783,扑灭萤火虫 ✨,12,148685,[等级12],
2026-05-03 12:59:00,110666097981,陈豆豆,12,148844,[等级5],[粉丝团 Lv8]
2026-05-03 12:59:03,85975742783,扑灭萤火虫 ✨,30,149002,[等级12],
2026-05-03 12:59:06,110666097981,陈豆豆,30,149179,[等级5],[粉丝团 Lv8]
2026-05-03 12:59:09,57668329207,脉动吖,27,149297,[等级6],[粉丝团 Lv7]
2026-05-03 12:59:12,101289034871,龱伈󰠇,36,149430,[等级23],[粉丝团 Lv13]
2026-05-03 12:59:15,7572115602539267109,嗯嗯ovo,24,149541,[等级25],[粉丝团 Lv2]
2026-05-03 12:59:19,2421560785506316,06.,27,149708,[等级22],
2026-05-03 12:59:21,57668329207,脉动吖,30,149822,[等级6],[粉丝团 Lv7]
2026-05-03 12:59:25,2421560785506316,06.,27,149933,[等级22],
2026-05-03 12:59:27,7572115602539267109,嗯嗯ovo,24,150039,[等级25],[粉丝团 Lv2]
2026-05-03 12:59:30,67360663780,why,3,150140,[等级6],
2026-05-03 12:59:33,101289034871,龱伈󰠇,36,150274,[等级23],[粉丝团 Lv13]
2026-05-03 12:59:36,4161031858820019,小黑包,21,150375,,
2026-05-03 12:59:39,57668329207,脉动吖,30,150478,[等级6],[粉丝团 Lv7]
2026-05-03 12:59:42,101289034871,龱伈󰠇,33,150536,[等级23],[粉丝团 Lv13]
2026-05-03 12:59:46,57668329207,脉动吖,21,150623,[等级6],[粉丝团 Lv7]
2026-05-03 12:59:49,101289034871,龱伈󰠇,33,150675,[等级23],[粉丝团 Lv13]
2026-05-03 12:59:51,69460413233,白衣染霜华,3,150739,[等级40],[粉丝团 Lv1]
2026-05-03 12:59:55,57668329207,脉动吖,27,150804,[等级6],[粉丝团 Lv7]
2026-05-03 12:59:57,57668329207,脉动吖,30,150832,[等级6],[粉丝团 Lv7]
2026-05-03 13:00:00,4091696290203369,榴莲酱💫,39,150911,[等级10],
2026-05-03 13:00:03,1665125787916297,念成怅,30,151022,[等级5],
2026-05-03 13:00:06,4091696290203369,榴莲酱💫,36,151102,[等级10],
2026-05-03 13:00:09,1665125787916297,念成怅,27,151211,[等级5],
2026-05-03 13:00:12,4091696290203369,榴莲酱💫,33,151312,[等级10],
2026-05-03 13:00:15,1665125787916297,念成怅,24,151430,[等级5],
2026-05-03 13:00:18,4091696290203369,榴莲酱💫,33,151501,[等级10],
2026-05-03 13:00:21,1665125787916297,念成怅,21,151575,[等级5],
2026-05-03 13:00:24,4091696290203369,榴莲酱💫,30,151668,[等级10],
2026-05-03 13:00:27,1665125787916297,念成怅,24,151748,[等级5],
2026-05-03 13:00:30,4091696290203369,榴莲酱💫,36,151835,[等级10],
2026-05-03 13:00:33,1665125787916297,念成怅,6,151917,[等级5],
2026-05-03 13:00:36,4091696290203369,榴莲酱💫,33,151998,[等级10],
2026-05-03 13:00:39,7493096524646990905,只关注好看的,3,152079,[等级1],[粉丝团 Lv1]
2026-05-03 13:00:42,4091696290203369,榴莲酱💫,9,152138,[等级10],
2026-05-03 13:00:46,95718819401,不侒衯の尐情绪,15,152163,[等级3],
2026-05-03 13:00:48,92038449576,偏是宝宝惹他爱,3,152184,[等级1],
2026-05-03 13:00:52,101289034871,龱伈󰠇,33,152222,[等级23],[粉丝团 Lv13]
2026-05-03 13:00:56,66424485773,天  赐,3,152243,[等级10],
2026-05-03 13:00:59,101289034871,龱伈󰠇,33,152266,[等级23],[粉丝团 Lv13]
2026-05-03 13:01:01,4278930306761283,🐸🐸,3,152286,[等级10],[粉丝团 Lv7]
2026-05-03 13:01:03,101289034871,龱伈󰠇,36,152328,[等级23],[粉丝团 Lv13]
2026-05-03 13:01:06,110666097981,陈豆豆,21,152396,[等级5],[粉丝团 Lv8]
2026-05-03 13:01:09,3921326678486148,随缘吧,15,152446,[等级21],
2026-05-03 13:01:13,4091696290203369,榴莲酱💫,33,152477,[等级10],
2026-05-03 13:01:16,1266242401080472,比比-🙊,27,152517,,
2026-05-03 13:01:19,4091696290203369,榴莲酱💫,33,152549,[等级10],
2026-05-03 13:01:21,62737705024,还不赖,3,152594,[等级10],[粉丝团 Lv3]
2026-05-03 13:01:25,4091696290203369,榴莲酱💫,30,152642,[等级10],
2026-05-03 13:01:27,698878363705533,逆风侠,30,152718,[等级17],[粉丝团 Lv7]
2026-05-03 13:01:30,110666097981,陈豆豆,30,152820,[等级5],[粉丝团 Lv8]
2026-05-03 13:01:33,1050777517828807,招財喵,27,152931,[等级16],
2026-05-03 13:01:37,4091696290203369,榴莲酱💫,30,153047,[等级10],
2026-05-03 13:01:39,85975742783,扑灭萤火虫 ✨,3,153140,[等级12],
2026-05-03 13:01:42,4164585085745843,秋山澪,21,153282,[等级21],[粉丝团 Lv11]
2026-05-03 13:01:45,3998291364690727,天赏门窗配件,3,153413,[等级2],[粉丝团 Lv3]
2026-05-03 13:01:48,110666097981,陈豆豆,24,153546,[等级5],[粉丝团 Lv8]
2026-05-03 13:01:51,3921326678486148,随缘吧,12,153673,[等级21],
2026-05-03 13:01:54,110666097981,陈豆豆,15,153792,[等级5],[粉丝团 Lv8]
2026-05-03 13:01:58,2458102176691848,堇年,15,153952,[等级12],[粉丝团 Lv9]
2026-05-03 13:02:00,110666097981,陈豆豆,30,154043,[等级5],[粉丝团 Lv8]
2026-05-03 13:02:03,100720118695,随意活着,6,154140,[等级11],[粉丝团 Lv11]
2026-05-03 13:02:07,4091696290203369,榴莲酱💫,12,154239,[等级10],
2026-05-03 13:02:09,3921326678486148,随缘吧,12,154337,[等级21],
2026-05-03 13:02:12,110666097981,陈豆豆,12,154424,[等级5],[粉丝团 Lv8]
2026-05-03 13:02:15,100720118695,随意活着,30,154519,[等级11],[粉丝团 Lv11]
2026-05-03 13:02:18,3716802774313084,一薪一亿,6,154627,[等级10],
2026-05-03 13:02:21,100720118695,随意活着,24,154759,[等级11],[粉丝团 Lv11]
2026-05-03 13:02:25,99410230650731,听春几回,30,154907,[等级14],
2026-05-03 13:02:27,100720118695,随意活着,18,154984,[等级11],[粉丝团 Lv11]
2026-05-03 13:02:31,99410230650731,听春几回,15,155094,[等级14],
2026-05-03 13:02:33,100720118695,随意活着,12,155188,[等级11],[粉丝团 Lv11]
2026-05-03 13:02:37,716499588225299,阮学林123,12,155259,[等级36],
2026-05-03 13:02:41,716499588225299,阮学林123,21,155324,[等级36],
2026-05-03 13:02:43,716499588225299,阮学林123,3,155348,[等级36],
2026-05-03 13:02:46,110666097981,陈豆豆,3,155383,[等级5],[粉丝团 Lv8]
2026-05-03 13:02:48,109886789309,✨️larkspur_tang⁵¹⁰⁷⁴,9,155430,[等级31],[粉丝团 Lv16]
2026-05-03 13:02:52,62737705024,还不赖,3,155484,[等级10],[粉丝团 Lv3]
2026-05-03 13:02:54,102333757626,KKK.,6,155543,[等级9],
2026-05-03 13:02:58,3689593107120935,晚歌,33,155627,[等级7],[粉丝团 Lv10]
2026-05-03 13:03:00,109886789309,✨️larkspur_tang⁵¹⁰⁷⁴,30,155747,[等级31],[粉丝团 Lv16]
2026-05-03 13:03:03,3896267268438788,xxxxx,39,155805,[等级23],[粉丝团 Lv10]
2026-05-03 13:03:06,109886789309,✨️larkspur_tang⁵¹⁰⁷⁴,30,155881,[等级31],[粉丝团 Lv16]
2026-05-03 13:03:09,3896267268438788,xxxxx,9,155947,[等级23],[粉丝团 Lv10]
2026-05-03 13:03:12,110666097981,陈豆豆,27,156012,[等级5],[粉丝团 Lv8]
2026-05-03 13:03:16,2994712585702235,AA机床主轴维修陈生（二手数控设备回收）,6,156066,[等级9],
2026-05-03 13:03:18,109886789309,✨️larkspur_tang⁵¹⁰⁷⁴,30,156115,[等级31],[粉丝团 Lv16]
2026-05-03 13:03:22,101912516704,愿你喜💦,39,156179,[等级9],
2026-05-03 13:03:24,110666097981,陈豆豆,30,156230,[等级5],[粉丝团 Lv8]
2026-05-03 13:03:27,3663228569664605,天空无云,15,156266,[等级15],[粉丝团 Lv11]
2026-05-03 13:03:31,55064421826,同,3,156307,[等级21],[粉丝团 Lv12]
2026-05-03 13:03:33,102333757626,KKK.,3,156369,[等级9],
2026-05-03 13:03:37,96395406876893,K*,30,156465,,
2026-05-03 13:03:39,3663228569664605,天空无云,30,156519,[等级15],[粉丝团 Lv11]
2026-05-03 13:03:43,716499588225299,阮学林123,24,156578,[等级36],
2026-05-03 13:03:45,3663228569664605,天空无云,18,156654,[等级15],[粉丝团 Lv11]
2026-05-03 13:03:49,3081266249862527,糯米,33,156779,[等级4],[粉丝团 Lv5]
2026-05-03 13:03:51,3663228569664605,天空无云,30,156906,[等级15],[粉丝团 Lv11]
2026-05-03 13:03:54,110666097981,陈豆豆,27,157060,[等级5],[粉丝团 Lv8]
2026-05-03 13:03:57,54970741720,ying,3,157293,[等级8],[粉丝团 Lv10]
2026-05-03 13:04:00,2585669014404799,厌,36,157502,[等级26],[粉丝团 Lv8]
2026-05-03 13:04:03,110631955568,Amber,27,157754,[等级10],[粉丝团 Lv9]
2026-05-03 13:04:06,230237598654688,老钟,9,157964,[等级4],
2026-05-03 13:04:09,3081266249862527,糯米,18,158222,[等级4],[粉丝团 Lv5]
2026-05-03 13:04:12,110666097981,陈豆豆,24,158420,[等级5],[粉丝团 Lv8]
2026-05-03 13:04:15,449056597347131,噼啦啪啦哄,30,158648,[等级20],[粉丝团 Lv1]
2026-05-03 13:04:18,716499588225299,阮学林123,3,158841,[等级36],
2026-05-03 13:04:21,1099972564753256,DDDDDDee.,15,159013,[等级35],[粉丝团:张君雅 Lv15]
2026-05-03 13:04:24,110666097981,陈豆豆,27,159173,[等级5],[粉丝团 Lv8]
2026-05-03 13:04:27,110631955568,Amber,33,159366,[等级10],[粉丝团 Lv9]
2026-05-03 13:04:30,110666097981,陈豆豆,30,159507,[等级5],[粉丝团 Lv8]
2026-05-03 13:04:33,1794029961617984,酃,36,159695,[等级17],[粉丝团 Lv12]
2026-05-03 13:04:36,110666097981,陈豆豆,24,159832,[等级5],[粉丝团 Lv8]
2026-05-03 13:04:39,1794029961617984,酃,3,159963,[等级17],[粉丝团 Lv12]
2026-05-03 13:04:43,96395406876893,K*,27,160075,,
2026-05-03 13:04:45,3459517446630739,bellows,3,160152,[等级1],
2026-05-03 13:04:48,1077162715395572,轻舟已过万重山,24,160247,[等级15],[粉丝团 Lv13]
2026-05-03 13:04:51,3663228569664605,天空无云,15,160345,[等级15],[粉丝团 Lv11]
2026-05-03 13:04:54,71126905166,抖音小肋手,36,160449,[等级10],[粉丝团 Lv10]
2026-05-03 13:04:57,3663228569664605,天空无云,12,160570,[等级15],[粉丝团 Lv11]
2026-05-03 13:05:00,1433396890047230,华少,9,160694,[等级19],
2026-05-03 13:05:03,3663228569664605,天空无云,33,160791,[等级15],[粉丝团 Lv11]
2026-05-03 13:05:07,96395406876893,K*,24,160914,,
2026-05-03 13:05:09,110631955568,Amber,30,160982,[等级10],[粉丝团 Lv9]
2026-05-03 13:05:12,71126905166,抖音小肋手,27,161055,[等级10],[粉丝团 Lv10]
2026-05-03 13:05:15,110631955568,Amber,30,161161,[等级10],[粉丝团 Lv9]
2026-05-03 13:05:18,71126905166,抖音小肋手,33,161235,[等级10],[粉丝团 Lv10]
2026-05-03 13:05:21,110631955568,Amber,30,161342,[等级10],[粉丝团 Lv9]
2026-05-03 13:05:25,96395406876893,K*,27,161427,,
2026-05-03 13:05:27,222551272334588,睡个好觉🌙,33,161484,[等级4],
2026-05-03 13:05:30,110666097981,陈豆豆,15,161559,[等级5],[粉丝团 Lv8]
2026-05-03 13:05:33,110631955568,Amber,33,161691,[等级10],[粉丝团 Lv9]
2026-05-03 13:05:37,99763289401,xiao@,3,161783,[等级22],[粉丝团 Lv2]
2026-05-03 13:05:39,110631955568,Amber,21,161879,[等级10],[粉丝团 Lv9]
2026-05-03 13:05:42,3896267268438788,xxxxx,42,161930,[等级23],[粉丝团 Lv10]
2026-05-03 13:05:45,3663228569664605,天空无云,21,161989,[等级15],[粉丝团 Lv11]
2026-05-03 13:05:49,99410230650731,听春几回,21,162044,[等级14],
2026-05-03 13:05:51,99410230650731,听春几回,30,162062,[等级14],
2026-05-03 13:05:55,76472793771,。,6,162081,[等级28],
2026-05-03 13:05:57,99410230650731,听春几回,27,162123,[等级14],
2026-05-03 13:06:00,71126905166,抖音小肋手,9,162153,[等级10],[粉丝团 Lv10]
2026-05-03 13:06:03,3355325056687324,💛💚,3,162206,,
2026-05-03 13:06:06,110666097981,陈豆豆,15,162299,[等级5],[粉丝团 Lv8]
2026-05-03 13:06:09,98558699366,心颖,9,162369,,
2026-05-03 13:06:12,110666097981,陈豆豆,18,162449,[等级5],[粉丝团 Lv8]
2026-05-03 13:06:15,98558699366,心颖,30,162534,,
2026-05-03 13:06:18,71126905166,抖音小肋手,24,162606,[等级10],[粉丝团 Lv10]
2026-05-03 13:06:21,98558699366,心颖,30,162687,,
2026-05-03 13:06:24,101289034871,龱伈󰠇,36,162775,[等级23],[粉丝团 Lv13]
2026-05-03 13:06:27,98558699366,心颖,21,162855,,
2026-05-03 13:06:30,1099972564753256,DDDDDDee.,24,162986,[等级35],[粉丝团:张君雅 Lv15]
2026-05-03 13:06:34,98558699366,心颖,24,163206,,
2026-05-03 13:06:36,1099972564753256,DDDDDDee.,27,163351,[等级35],[粉丝团:张君雅 Lv15]
2026-05-03 13:06:39,106463397739,秀姣,18,163585,,
2026-05-03 13:06:42,3896267268438788,xxxxx,33,163781,[等级23],[粉丝团 Lv10]
2026-05-03 13:06:45,98558699366,心颖,27,163946,,
2026-05-03 13:06:48,101289034871,龱伈󰠇,36,164100,[等级23],[粉丝团 Lv13]
2026-05-03 13:06:51,98558699366,心颖,30,164247,,
2026-05-03 13:06:54,3822372581303374,可爱小猪猪,33,164370,[等级3],
2026-05-03 13:06:57,98558699366,心颖,30,164560,,
2026-05-03 13:07:00,92460650653,悯诉,30,164855,[等级13],[粉丝团 Lv11]
2026-05-03 13:07:03,56640916134,张先生 ♈ 🎭,6,165399,[等级21],[粉丝团 Lv4]
2026-05-03 13:07:06,57668329207,脉动吖,30,165934,[等级6],[粉丝团 Lv7]
2026-05-03 13:07:09,68855434575,💦,30,166481,[等级6],[粉丝团 Lv3]
2026-05-03 13:07:13,74446027795,林深时༡见鹿🦌,12,166930,[等级17],
2026-05-03 13:07:15,68855434575,💦,30,167410,[等级6],[粉丝团 Lv3]
2026-05-03 13:07:18,57668329207,脉动吖,30,167837,[等级6],[粉丝团 Lv7]
2026-05-03 13:07:21,101289034871,龱伈󰠇,36,168208,[等级23],[粉丝团 Lv13]
2026-05-03 13:07:24,109772224597,芋头快跑,27,168556,[等级12],[粉丝团 Lv4]
2026-05-03 13:07:27,98558699366,心颖,21,168825,,
2026-05-03 13:07:30,92460650653,悯诉,9,168997,[等级13],[粉丝团 Lv11]
2026-05-03 13:07:33,98558699366,心颖,30,169111,,
2026-05-03 13:07:36,57668329207,脉动吖,33,169238,[等级6],[粉丝团 Lv7]
2026-05-03 13:07:40,98558699366,心颖,24,169319,,
2026-05-03 13:07:42,57668329207,脉动吖,27,169449,[等级6],[粉丝团 Lv7]
2026-05-03 13:07:45,101289034871,龱伈󰠇,36,169522,[等级23],[粉丝团 Lv13]
2026-05-03 13:07:48,57668329207,脉动吖,30,169667,[等级6],[粉丝团 Lv7]
2026-05-03 13:07:51,98558699366,心颖,27,169757,,
2026-05-03 13:07:54,57668329207,脉动吖,30,169895,[等级6],[粉丝团 Lv7]
2026-05-03 13:07:57,98558699366,心颖,30,169990,,
2026-05-03 13:08:01,1264858733219011,清落,24,170093,[等级8],
2026-05-03 13:08:03,98558699366,心颖,27,170194,,
2026-05-03 13:08:06,52243439934,Air_,36,170348,[等级19],[粉丝团 Lv9]
2026-05-03 13:08:09,98558699366,心颖,30,170476,,
2026-05-03 13:08:12,52243439934,Air_,33,170595,[等级19],[粉丝团 Lv9]
2026-05-03 13:08:15,98558699366,心颖,27,170699,,
2026-05-03 13:08:18,3777572106678292,妉,30,170828,[等级22],[粉丝团 Lv14]
2026-05-03 13:08:21,98558699366,心颖,27,170974,,
2026-05-03 13:08:24,101289034871,龱伈󰠇,33,171111,[等级23],[粉丝团 Lv13]
2026-05-03 13:08:27,98558699366,心颖,36,171224,,
2026-05-03 13:08:30,3777572106678292,妉,36,171377,[等级22],[粉丝团 Lv14]
2026-05-03 13:08:33,98558699366,心颖,30,171490,,
2026-05-03 13:08:36,110666097981,陈豆豆,21,171602,[等级5],[粉丝团 Lv8]
2026-05-03 13:08:39,98558699366,心颖,30,171699,,
2026-05-03 13:08:42,52243439934,Air_,30,171819,[等级19],[粉丝团 Lv9]
2026-05-03 13:08:45,98558699366,心颖,30,171936,,
2026-05-03 13:08:48,3777572106678292,妉,15,172048,[等级22],[粉丝团 Lv14]
2026-05-03 13:08:51,98558699366,心颖,15,172132,,
2026-05-03 13:08:54,94594602146,you❤️,27,172268,[等级34],[粉丝团 Lv7]
2026-05-03 13:08:57,98558699366,心颖,33,172351,,
2026-05-03 13:09:00,2027149581362343,不过些许风霜,39,172465,[等级34],
2026-05-03 13:09:03,98558699366,心颖,30,172597,,
2026-05-03 13:09:06,101289034871,龱伈󰠇,33,172702,[等级23],[粉丝团 Lv13]
2026-05-03 13:09:09,98558699366,心颖,30,172887,,
2026-05-03 13:09:13,15849572326,@杨磊,30,173044,[等级29],
2026-05-03 13:09:15,98558699366,心颖,30,173210,,
2026-05-03 13:09:19,57668329207,脉动吖,15,173412,[等级6],[粉丝团 Lv7]
2026-05-03 13:09:21,98558699366,心颖,27,173554,,
2026-05-03 13:09:25,71126905166,抖音小肋手,36,173693,[等级10],[粉丝团 Lv10]
2026-05-03 13:09:27,101289034871,龱伈󰠇,33,173826,[等级23],[粉丝团 Lv13]
2026-05-03 13:09:30,110666097981,陈豆豆,30,173949,[等级5],[粉丝团 Lv8]
2026-05-03 13:09:33,98558699366,心颖,15,174095,,
2026-05-03 13:09:36,71126905166,抖音小肋手,30,174318,[等级10],[粉丝团 Lv10]
2026-05-03 13:09:39,3459517446630739,bellows,3,174480,[等级1],
2026-05-03 13:09:42,99388175113,@你好哈蜜李@,33,174631,[等级2],[粉丝团 Lv2]
2026-05-03 13:09:45,98558699366,心颖,30,174825,,
2026-05-03 13:09:48,110666097981,陈豆豆,3,174993,[等级5],[粉丝团 Lv8]
2026-05-03 13:09:51,106764774734,小金,36,175190,[等级22],
2026-05-03 13:09:54,106764774734,小金,12,175364,[等级22],
2026-05-03 13:09:57,98558699366,心颖,21,175455,,
2026-05-03 13:10:00,2972679973898558,作精大小姐,24,175562,[等级17],[粉丝团 Lv11]
2026-05-03 13:10:03,98558699366,心颖,30,175658,,
2026-05-03 13:10:06,87183003112,风,6,175764,[等级5],
2026-05-03 13:10:09,98558699366,心颖,24,175882,,
2026-05-03 13:10:13,2972679973898558,作精大小姐,24,176044,[等级17],[粉丝团 Lv11]
2026-05-03 13:10:15,108677366474,噯爬屾の蝸犇,3,176133,[等级43],[粉丝团 Lv11]
2026-05-03 13:10:18,75993017667,开心男人,12,176339,[等级13],
2026-05-03 13:10:21,59200421796,躲帅,27,176758,[等级19],[粉丝团 Lv13]
2026-05-03 13:10:24,83771002517,指尖划过微风,30,177416,[等级23],[粉丝团 Lv11]
2026-05-03 13:10:27,383081845372960,看一頁,21,178238,[等级20],[粉丝团 Lv11]
2026-05-03 13:10:30,1950960420139140,两颗西柚,27,178971,[等级8],[粉丝团 Lv10]
2026-05-03 13:10:33,1855571800911741,锐,30,179745,,
2026-05-03 13:10:36,429251041166969,爱一生,33,180450,[等级12],[粉丝团 Lv6]
2026-05-03 13:10:39,59129911361,🌈威,24,181126,[等级18],[粉丝团 Lv3]
2026-05-03 13:10:42,429251041166969,爱一生,33,181831,[等级12],[粉丝团 Lv6]
2026-05-03 13:10:45,59129911361,🌈威,24,182551,[等级18],[粉丝团 Lv3]
2026-05-03 13:10:48,61226959541,路人甲的煽情༊,30,183180,[等级23],[粉丝团 Lv8]
2026-05-03 13:10:51,52605428592,丿Soul丶殇吻,33,183725,[等级14],[粉丝团 Lv11]
2026-05-03 13:10:54,92460650653,悯诉,15,184140,[等级13],[粉丝团 Lv11]
2026-05-03 13:10:57,68385078454,™,6,184548,[等级12],
2026-05-03 13:11:00,100301793663,H'coffee,75,185082,[等级15],[粉丝团 Lv9]
2026-05-03 13:11:03,60539285303,偏偏是小羊,15,185561,[等级6],[粉丝团 Lv8]
2026-05-03 13:11:06,110666097981,陈豆豆,6,185983,[等级5],[粉丝团 Lv8]
2026-05-03 13:11:09,59129911361,🌈威,42,186476,[等级18],[粉丝团 Lv3]
2026-05-03 13:11:12,69802169720,🌸柚子,3,186914,[等级23],[粉丝团 Lv2]
2026-05-03 13:11:15,59129911361,🌈威,36,187264,[等级18],[粉丝团 Lv3]
2026-05-03 13:11:18,108910866821,慢熱潮,12,187666,,
2026-05-03 13:11:21,109093121624,国强家富,33,188162,[等级11],[粉丝团 Lv10]
2026-05-03 13:11:24,110666097981,陈豆豆,9,188643,[等级5],[粉丝团 Lv8]
2026-05-03 13:11:27,145602322895255,奕的邓,30,189110,[等级11],[粉丝团 Lv11]
2026-05-03 13:11:30,93002037424,月月💤,30,189590,[等级14],[粉丝团 Lv11]
2026-05-03 13:11:33,3390536012009358,夕阳虽美，黄昏已近,3,190033,[等级15],[粉丝团 Lv10]
2026-05-03 13:11:36,110666097981,陈豆豆,27,190528,[等级5],[粉丝团 Lv8]
2026-05-03 13:11:39,52605428592,丿Soul丶殇吻,33,191027,[等级14],[粉丝团 Lv11]
2026-05-03 13:11:42,110666097981,陈豆豆,27,191577,[等级5],[粉丝团 Lv8]
2026-05-03 13:11:45,3777572106678292,妉,9,192040,[等级22],[粉丝团 Lv14]
2026-05-03 13:11:48,429251041166969,爱一生,39,192450,[等级12],[粉丝团 Lv6]
2026-05-03 13:11:51,3183805602471485,仲春初晴,36,192915,[等级8],
2026-05-03 13:11:54,94594602146,you❤️,24,193303,[等级34],[粉丝团 Lv7]
2026-05-03 13:11:57,56076255513,苦菊,24,193743,[等级24],[粉丝团 Lv15]
2026-05-03 13:12:00,92460650653,悯诉,6,194248,[等级13],[粉丝团 Lv11]
2026-05-03 13:12:03,52605428592,丿Soul丶殇吻,24,194804,[等级14],[粉丝团 Lv11]
2026-05-03 13:12:06,73211783658,余吾,24,195366,[等级20],[粉丝团 Lv3]
2026-05-03 13:12:09,3390536012009358,夕阳虽美，黄昏已近,24,195980,[等级15],[粉丝团 Lv10]
2026-05-03 13:12:12,95572567226,伱才到^(o菀o)^裏去,42,196535,[等级2],
2026-05-03 13:12:16,3390536012009358,夕阳虽美，黄昏已近,24,197044,[等级15],[粉丝团 Lv10]
2026-05-03 13:12:18,1728071102107832,莫哈哈,33,197519,,
2026-05-03 13:12:21,68423550125,Love the way you lie,30,198057,[等级15],[粉丝团 Lv11]
2026-05-03 13:12:24,7465029989924209724,7,27,198683,[等级9],[粉丝团 Lv3]
2026-05-03 13:12:27,52605428592,丿Soul丶殇吻,36,199287,[等级14],[粉丝团 Lv11]
2026-05-03 13:12:30,2692025648167063,随缘者，心情好。,30,199933,[等级17],[粉丝团 Lv10]
2026-05-03 13:12:33,3390536012009358,夕阳虽美，黄昏已近,24,200627,[等级15],[粉丝团 Lv10]
2026-05-03 13:12:36,1711286517506974,靠近你会掉刺,12,201237,[等级5],
2026-05-03 13:12:39,52605428592,丿Soul丶殇吻,27,201874,[等级14],[粉丝团 Lv11]
2026-05-03 13:12:42,429251041166969,爱一生,36,202508,[等级12],[粉丝团 Lv6]
2026-05-03 13:12:45,52605428592,丿Soul丶殇吻,30,203089,[等级14],[粉丝团 Lv11]
2026-05-03 13:12:48,429251041166969,爱一生,30,203687,[等级12],[粉丝团 Lv6]
2026-05-03 13:12:51,3390536012009358,夕阳虽美，黄昏已近,27,204298,[等级15],[粉丝团 Lv10]
2026-05-03 13:12:54,110666097981,陈豆豆,18,204931,[等级5],[粉丝团 Lv8]
2026-05-03 13:12:57,105029827666,Mr.Kin[奸笑]，,12,205537,[等级4],[粉丝团 Lv5]
2026-05-03 13:13:00,95572567226,伱才到^(o菀o)^裏去,30,206217,[等级2],
2026-05-03 13:13:03,64665181212,☝️💋✌🏻👍🐷🐰🐢☀️☁️,21,206773,[等级15],[粉丝团 Lv12]
2026-05-03 13:13:06,429251041166969,爱一生,33,207393,[等级12],[粉丝团 Lv6]
2026-05-03 13:13:09,64665181212,☝️💋✌🏻👍🐷🐰🐢☀️☁️,33,208024,[等级15],[粉丝团 Lv12]
2026-05-03 13:13:12,93892665125,_桃子,9,208777,[等级13],
2026-05-03 13:13:15,3183805602471485,仲春初晴,30,209510,[等级8],
2026-05-03 13:13:18,95572567226,伱才到^(o菀o)^裏去,27,210248,[等级2],
2026-05-03 13:13:21,56076255513,苦菊,21,210954,[等级24],[粉丝团 Lv15]
2026-05-03 13:13:24,2692025648167063,随缘者，心情好。,27,211629,[等级17],[粉丝团 Lv10]
2026-05-03 13:13:27,56076255513,苦菊,24,212322,[等级24],[粉丝团 Lv15]
2026-05-03 13:13:30,110666097981,陈豆豆,18,212932,[等级5],[粉丝团 Lv8]
2026-05-03 13:13:33,3183805602471485,仲春初晴,27,213463,[等级8],
2026-05-03 13:13:36,65115275783,無.,27,214029,[等级7],
2026-05-03 13:13:39,1244261839548024,鹿鹤羊🐑,27,214549,[等级12],[粉丝团 Lv8]
2026-05-03 13:13:42,2692025648167063,随缘者，心情好。,30,215015,[等级17],[粉丝团 Lv10]
2026-05-03 13:13:45,1244261839548024,鹿鹤羊🐑,30,215405,[等级12],[粉丝团 Lv8]
2026-05-03 13:13:48,69388511390,雾非雾丶╮の迷惘,27,215833,[等级19],[粉丝团 Lv2]
2026-05-03 13:13:51,3183805602471485,仲春初晴,30,216351,[等级8],
2026-05-03 13:13:54,95572567226,伱才到^(o菀o)^裏去,21,216891,[等级2],
2026-05-03 13:13:57,57668329207,脉动吖,9,217404,[等级6],[粉丝团 Lv7]
2026-05-03 13:14:00,429251041166969,爱一生,36,217867,[等级12],[粉丝团 Lv6]
2026-05-03 13:14:03,1244261839548024,鹿鹤羊🐑,24,218355,[等级12],[粉丝团 Lv8]
2026-05-03 13:14:06,3536442408055776,琑,27,218815,[等级18],[粉丝团 Lv14]
2026-05-03 13:14:09,57668329207,脉动吖,30,219348,[等级6],[粉丝团 Lv7]
2026-05-03 13:14:12,94109711138,无事小神仙,30,219836,[等级7],[粉丝团 Lv10]
2026-05-03 13:14:15,82288768500,Elena,24,220452,[等级33],
2026-05-03 13:14:18,2692025648167063,随缘者，心情好。,27,220966,[等级17],[粉丝团 Lv10]
2026-05-03 13:14:21,69797074890,瑞【十月二十九】,33,221454,[等级18],[粉丝团 Lv11]
2026-05-03 13:14:24,429251041166969,爱一生,36,221858,[等级12],[粉丝团 Lv6]
2026-05-03 13:14:27,3183805602471485,仲春初晴,3,222341,[等级8],
2026-05-03 13:14:30,94109711138,无事小神仙,30,222768,[等级7],[粉丝团 Lv10]
2026-05-03 13:14:33,72160311475,总在冬季相遇,3,223279,[等级17],[粉丝团 Lv4]
2026-05-03 13:14:36,94109711138,无事小神仙,33,223706,[等级7],[粉丝团 Lv10]
2026-05-03 13:14:39,3183805602471485,仲春初晴,30,224248,[等级8],
2026-05-03 13:14:42,94109711138,无事小神仙,30,224718,[等级7],[粉丝团 Lv10]
2026-05-03 13:14:45,72160311475,总在冬季相遇,36,225216,[等级17],[粉丝团 Lv4]
2026-05-03 13:14:48,2692025648167063,随缘者，心情好。,30,225708,[等级17],[粉丝团 Lv10]
2026-05-03 13:14:51,2370191520963687,乙平哥,33,226246,[等级12],[粉丝团 Lv8]
2026-05-03 13:14:54,429251041166969,爱一生,36,226758,[等级12],[粉丝团 Lv6]
2026-05-03 13:14:57,72160311475,总在冬季相遇,36,227258,[等级17],[粉丝团 Lv4]
2026-05-03 13:15:00,429251041166969,爱一生,36,227689,[等级12],[粉丝团 Lv6]
2026-05-03 13:15:03,72160311475,总在冬季相遇,27,228197,[等级17],[粉丝团 Lv4]
2026-05-03 13:15:06,429251041166969,爱一生,39,228703,[等级12],[粉丝团 Lv6]
2026-05-03 13:15:09,72160311475,总在冬季相遇,36,229199,[等级17],[粉丝团 Lv4]
2026-05-03 13:15:12,429251041166969,爱一生,39,229609,[等级12],[粉丝团 Lv6]
2026-05-03 13:15:15,72160311475,总在冬季相遇,33,230086,[等级17],[粉丝团 Lv4]
2026-05-03 13:15:18,259130370043789,淡定拾荒者,3,230520,[等级3],[粉丝团 Lv3]
2026-05-03 13:15:21,72160311475,总在冬季相遇,33,231049,[等级17],[粉丝团 Lv4]
2026-05-03 13:15:24,429251041166969,爱一生,24,231512,[等级12],[粉丝团 Lv6]
2026-05-03 13:15:27,72160311475,总在冬季相遇,36,232041,[等级17],[粉丝团 Lv4]
2026-05-03 13:15:30,78224109866,你胖，你先吃,9,232476,[等级24],[粉丝团 Lv6]
2026-05-03 13:15:33,72160311475,总在冬季相遇,33,232923,[等级17],[粉丝团 Lv4]
2026-05-03 13:15:36,2692025648167063,随缘者，心情好。,30,233331,[等级17],[粉丝团 Lv10]
2026-05-03 13:15:39,72160311475,总在冬季相遇,33,233835,[等级17],[粉丝团 Lv4]
2026-05-03 13:15:42,2692025648167063,随缘者，心情好。,27,234213,[等级17],[粉丝团 Lv10]
2026-05-03 13:15:45,72160311475,总在冬季相遇,36,234725,[等级17],[粉丝团 Lv4]
2026-05-03 13:15:48,71126905166,抖音小肋手,33,235026,[等级10],[粉丝团 Lv10]
2026-05-03 13:15:51,12435337368,情漶,3,235235,[等级14],[粉丝团 Lv2]
2026-05-03 13:15:54,71126905166,抖音小肋手,6,235428,[等级10],[粉丝团 Lv10]
2026-05-03 13:15:57,71100546202,ㅤㅤ   𝐇.,9,235622,[等级13],[粉丝团 Lv5]
2026-05-03 13:16:01,3390517398224103,志ゥぃォ,30,235851,[等级35],[粉丝团 Lv12]
2026-05-03 13:16:03,100301793663,H'coffee,6,236196,[等级15],[粉丝团 Lv9]
2026-05-03 13:16:06,3390517398224103,志ゥぃォ,33,236533,[等级35],[粉丝团 Lv12]
2026-05-03 13:16:09,3105495683171277,我思故我在,24,236841,[等级3],[粉丝团 Lv2]
2026-05-03 13:16:12,530428046355452,不经意亲你一口,45,237118,[等级34],[粉丝团 Lv9]
2026-05-03 13:16:15,3105495683171277,我思故我在,30,237394,[等级3],[粉丝团 Lv2]
2026-05-03 13:16:18,64665181212,☝️💋✌🏻👍🐷🐰🐢☀️☁️,27,237677,[等级15],[粉丝团 Lv12]
2026-05-03 13:16:21,58763866156,晴天、☀️,39,238034,[等级22],[粉丝团 Lv9]
2026-05-03 13:16:24,65142055034,春野,9,238412,[等级3],[粉丝团 Lv2]
2026-05-03 13:16:27,95489698917,Aug晚安,33,238842,[等级25],[粉丝团 Lv7]
2026-05-03 13:16:30,530428046355452,不经意亲你一口,39,239216,[等级34],[粉丝团 Lv9]
2026-05-03 13:16:33,3183805602471485,仲春初晴,18,239549,[等级8],
2026-05-03 13:16:36,2692025648167063,随缘者，心情好。,27,239880,[等级17],[粉丝团 Lv10]
2026-05-03 13:16:40,3183805602471485,仲春初晴,18,240182,[等级8],
2026-05-03 13:16:42,94109711138,无事小神仙,30,240571,[等级7],[粉丝团 Lv10]
2026-05-03 13:16:45,2189861707580555,glowon,30,240958,[等级12],[粉丝团 Lv2]
2026-05-03 13:16:48,94109711138,无事小神仙,30,241324,[等级7],[粉丝团 Lv10]
2026-05-03 13:16:51,3183805602471485,仲春初晴,30,241653,[等级8],
2026-05-03 13:16:54,110666097981,陈豆豆,27,241954,[等级5],[粉丝团 Lv8]
2026-05-03 13:16:57,3183805602471485,仲春初晴,30,242225,[等级8],
2026-05-03 13:17:00,110666097981,陈豆豆,9,242506,[等级5],[粉丝团 Lv8]
2026-05-03 13:17:03,3183805602471485,仲春初晴,27,242757,[等级8],
2026-05-03 13:17:06,110666097981,陈豆豆,6,243003,[等级5],[粉丝团 Lv8]
2026-05-03 13:17:09,3183805602471485,仲春初晴,27,243324,[等级8],
2026-05-03 13:17:12,2612042392407133,宇含宝贝,3,243647,[等级8],
2026-05-03 13:17:15,3183805602471485,仲春初晴,18,243862,[等级8],
2026-05-03 13:17:18,530428046355452,不经意亲你一口,42,244051,[等级34],[粉丝团 Lv9]
2026-05-03 13:17:21,3183805602471485,仲春初晴,30,244223,[等级8],
2026-05-03 13:17:24,530428046355452,不经意亲你一口,42,244425,[等级34],[粉丝团 Lv9]
2026-05-03 13:17:27,3183805602471485,仲春初晴,30,244637,[等级8],
2026-05-03 13:17:30,1459756267485880,用户9834203560629,24,244813,[等级8],[粉丝团 Lv4]
2026-05-03 13:17:33,3183805602471485,仲春初晴,30,245005,[等级8],
2026-05-03 13:17:36,1459756267485880,用户9834203560629,27,245174,[等级8],[粉丝团 Lv4]
2026-05-03 13:17:40,3183805602471485,仲春初晴,33,245376,[等级8],
2026-05-03 13:17:42,1459756267485880,用户9834203560629,27,245582,[等级8],[粉丝团 Lv4]
2026-05-03 13:17:46,3183805602471485,仲春初晴,27,245833,[等级8],
2026-05-03 13:17:48,1459756267485880,用户9834203560629,27,246005,[等级8],[粉丝团 Lv4]
2026-05-03 13:17:51,3183805602471485,仲春初晴,12,246191,[等级8],
2026-05-03 13:17:54,2994712585702235,AA机床主轴维修陈生（二手数控设备回收）,3,246386,[等级9],
2026-05-03 13:17:57,72160311475,总在冬季相遇,36,246604,[等级17],[粉丝团 Lv4]
2026-05-03 13:18:00,530428046355452,不经意亲你一口,42,246859,[等级34],[粉丝团 Lv9]
2026-05-03 13:18:03,3183805602471485,仲春初晴,12,247062,[等级8],
2026-05-03 13:18:06,530428046355452,不经意亲你一口,42,247280,[等级34],[粉丝团 Lv9]
2026-05-03 13:18:09,72160311475,总在冬季相遇,30,247543,[等级17],[粉丝团 Lv4]
2026-05-03 13:18:12,69423164739,美孟,6,247863,[等级21],[粉丝团 Lv6]
2026-05-03 13:18:15,103336598682,渔趣之家,3,248164,[等级8],
2026-05-03 13:18:18,73211783658,余吾,27,248448,[等级20],[粉丝团 Lv3]
2026-05-03 13:18:21,72160311475,总在冬季相遇,36,248713,[等级17],[粉丝团 Lv4]
2026-05-03 13:18:24,530428046355452,不经意亲你一口,39,248927,[等级34],[粉丝团 Lv9]
2026-05-03 13:18:27,3183805602471485,仲春初晴,6,249094,[等级8],
2026-05-03 13:18:30,530428046355452,不经意亲你一口,39,249289,[等级34],[粉丝团 Lv9]
2026-05-03 13:18:33,69212406120,1111,9,249491,[等级18],[粉丝团 Lv10]
2026-05-03 13:18:36,530428046355452,不经意亲你一口,42,249739,[等级34],[粉丝团 Lv9]
2026-05-03 13:18:39,72160311475,总在冬季相遇,30,249992,[等级17],[粉丝团 Lv4]
2026-05-03 13:18:42,79801583731,还我漂漂拳-,15,250375,[等级14],[粉丝团 Lv7]
2026-05-03 13:18:45,72160311475,总在冬季相遇,30,250734,[等级17],[粉丝团 Lv4]
2026-05-03 13:18:48,79801583731,还我漂漂拳-,30,251061,[等级14],[粉丝团 Lv7]
2026-05-03 13:18:51,103165035262,桃子🍑🍑,21,251350,[等级10],[粉丝团 Lv12]
2026-05-03 13:18:54,69388511390,雾非雾丶╮の迷惘,33,251664,[等级19],[粉丝团 Lv2]
2026-05-03 13:18:57,72160311475,总在冬季相遇,36,251958,[等级17],[粉丝团 Lv4]
2026-05-03 13:19:00,69388511390,雾非雾丶╮の迷惘,33,252211,[等级19],[粉丝团 Lv2]
2026-05-03 13:19:03,72160311475,总在冬季相遇,30,252462,[等级17],[粉丝团 Lv4]
2026-05-03 13:19:06,530428046355452,不经意亲你一口,42,252760,[等级34],[粉丝团 Lv9]
2026-05-03 13:19:09,70168143580,好好学习吧,36,253011,[等级13],[粉丝团 Lv2]
2026-05-03 13:19:12,530428046355452,不经意亲你一口,42,253332,[等级34],[粉丝团 Lv9]
2026-05-03 13:19:15,72160311475,总在冬季相遇,33,253608,[等级17],[粉丝团 Lv4]
2026-05-03 13:19:18,1512559960401726,予诣钎安,15,253882,[等级9],[粉丝团 Lv10]
2026-05-03 13:19:21,2439185116446587,餘生不將就🌞☀️🥵☀️🌞,36,254212,[等级27],[粉丝团 Lv13]
2026-05-03 13:19:24,1723651305779751,蜡笔大新,30,254592,[等级11],[粉丝团 Lv7]
2026-05-03 13:19:27,72160311475,总在冬季相遇,30,254912,[等级17],[粉丝团 Lv4]
2026-05-03 13:19:30,69388511390,雾非雾丶╮の迷惘,42,255246,[等级19],[粉丝团 Lv2]
2026-05-03 13:19:33,3183805602471485,仲春初晴,33,255596,[等级8],
2026-05-03 13:19:36,69388511390,雾非雾丶╮の迷惘,18,255932,[等级19],[粉丝团 Lv2]
2026-05-03 13:19:39,3183805602471485,仲春初晴,24,256275,[等级8],
2026-05-03 13:19:42,71100546202,ㅤㅤ   𝐇.,27,256690,[等级13],[粉丝团 Lv5]
2026-05-03 13:19:45,75469953564,清茶淡话@,33,257125,[等级18],[粉丝团 Lv10]
2026-05-03 13:19:48,69388511390,雾非雾丶╮の迷惘,33,257541,[等级19],[粉丝团 Lv2]
2026-05-03 13:19:51,2770384622725965,液氩🐒,27,257909,[等级20],[粉丝团 Lv11]
2026-05-03 13:19:54,530428046355452,不经意亲你一口,39,258395,[等级34],[粉丝团 Lv9]
2026-05-03 13:19:57,84655336157,kimi 🌾,6,258792,[等级21],[粉丝团 Lv8]
2026-05-03 13:20:00,593365654845416,　　,36,259225,[等级20],
2026-05-03 13:20:03,2439185116446587,餘生不將就🌞☀️🥵☀️🌞,30,259562,[等级27],[粉丝团 Lv13]
2026-05-03 13:20:06,530428046355452,不经意亲你一口,42,259954,[等级34],[粉丝团 Lv9]
2026-05-03 13:20:09,72160311475,总在冬季相遇,36,260402,[等级17],[粉丝团 Lv4]
2026-05-03 13:20:12,593365654845416,　　,33,260838,[等级20],
2026-05-03 13:20:15,3183805602471485,仲春初晴,18,261290,[等级8],
2026-05-03 13:20:18,530428046355452,不经意亲你一口,42,261509,[等级34],[粉丝团 Lv9]
2026-05-03 13:20:21,97283343884,啊！是笑笑呀～,27,261675,[等级13],[粉丝团 Lv11]
2026-05-03 13:20:24,530428046355452,不经意亲你一口,39,261857,[等级34],[粉丝团 Lv9]
2026-05-03 13:20:27,1459756267485880,用户9834203560629,27,262005,[等级8],[粉丝团 Lv4]
2026-05-03 13:20:30,530428046355452,不经意亲你一口,42,262181,[等级34],[粉丝团 Lv9]
2026-05-03 13:20:33,1459756267485880,用户9834203560629,30,262334,[等级8],[粉丝团 Lv4]
2026-05-03 13:20:36,530428046355452,不经意亲你一口,36,262510,[等级34],[粉丝团 Lv9]
2026-05-03 13:20:39,1723651305779751,蜡笔大新,6,262680,[等级11],[粉丝团 Lv7]
2026-05-03 13:20:42,96091688300,温瞳,21,262894,[等级5],[粉丝团 Lv8]
2026-05-03 13:20:45,110666097981,陈豆豆,6,263083,[等级5],[粉丝团 Lv8]
2026-05-03 13:20:48,104599841770,宺,9,263308,[等级34],[粉丝团 Lv5]
2026-05-03 13:20:51,72160311475,总在冬季相遇,27,263527,[等级17],[粉丝团 Lv4]
2026-05-03 13:20:54,530428046355452,不经意亲你一口,42,263800,[等级34],[粉丝团 Lv9]
2026-05-03 13:20:57,92401464327,Baby-秀,36,264032,[等级29],[粉丝团 Lv1]
2026-05-03 13:21:00,530428046355452,不经意亲你一口,42,264368,[等级34],[粉丝团 Lv9]
2026-05-03 13:21:03,72160311475,总在冬季相遇,33,264639,[等级17],[粉丝团 Lv4]
2026-05-03 13:21:06,530428046355452,不经意亲你一口,42,264888,[等级34],[粉丝团 Lv9]
2026-05-03 13:21:09,72160311475,总在冬季相遇,27,265170,[等级17],[粉丝团 Lv4]
2026-05-03 13:21:12,530428046355452,不经意亲你一口,42,265412,[等级34],[粉丝团 Lv9]
2026-05-03 13:21:15,72160311475,总在冬季相遇,33,265673,[等级17],[粉丝团 Lv4]
2026-05-03 13:21:18,97849538154,-伊慧-,24,265895,[等级13],
2026-05-03 13:21:21,72160311475,总在冬季相遇,30,266156,[等级17],[粉丝团 Lv4]
2026-05-03 13:21:24,530428046355452,不经意亲你一口,39,266341,[等级34],[粉丝团 Lv9]
2026-05-03 13:21:27,65115275783,無.,30,266541,[等级7],
2026-05-03 13:21:30,530428046355452,不经意亲你一口,39,266717,[等级34],[粉丝团 Lv9]
2026-05-03 13:21:33,72160311475,总在冬季相遇,30,266871,[等级17],[粉丝团 Lv4]
2026-05-03 13:21:36,530428046355452,不经意亲你一口,39,267031,[等级34],[粉丝团 Lv9]
2026-05-03 13:21:39,65115275783,無.,33,267255,[等级7],
2026-05-03 13:21:42,102588094470,小哥。,39,267486,[等级13],[粉丝团 Lv4]
2026-05-03 13:21:45,95745565239,糖糖🍬,3,267703,[等级22],[粉丝团 Lv3]
2026-05-03 13:21:48,530428046355452,不经意亲你一口,39,267937,[等级34],[粉丝团 Lv9]
2026-05-03 13:21:51,65115275783,無.,30,268186,[等级7],
2026-05-03 13:21:54,102588094470,小哥。,15,268367,[等级13],[粉丝团 Lv4]
2026-05-03 13:21:57,72160311475,总在冬季相遇,36,268601,[等级17],[粉丝团 Lv4]
2026-05-03 13:22:00,102588094470,小哥。,18,268790,[等级13],[粉丝团 Lv4]
2026-05-03 13:22:03,72160311475,总在冬季相遇,30,269051,[等级17],[粉丝团 Lv4]
2026-05-03 13:22:06,102588094470,小哥。,36,269271,[等级13],[粉丝团 Lv4]
2026-05-03 13:22:09,72160311475,总在冬季相遇,36,269506,[等级17],[粉丝团 Lv4]
2026-05-03 13:22:12,71126905166,抖音小肋手,36,269720,[等级10],[粉丝团 Lv10]
2026-05-03 13:22:15,72160311475,总在冬季相遇,33,269930,[等级17],[粉丝团 Lv4]
2026-05-03 13:22:18,102588094470,小哥。,24,270146,[等级13],[粉丝团 Lv4]
2026-05-03 13:22:21,52243439934,Air_,6,270412,[等级19],[粉丝团 Lv9]
2026-05-03 13:22:24,1399052295741069,chཽen·༊,33,270580,[等级16],[粉丝团 Lv11]
2026-05-03 13:22:27,105882994857,程程゜,30,270773,[等级10],[粉丝团 Lv9]
2026-05-03 13:22:30,1399052295741069,chཽen·༊,33,270956,[等级16],[粉丝团 Lv11]
2026-05-03 13:22:33,72160311475,总在冬季相遇,30,271151,[等级17],[粉丝团 Lv4]
2026-05-03 13:22:36,62513304225,白开水🍀,9,271324,[等级17],[粉丝团 Lv12]
2026-05-03 13:22:39,104963201726,๓陌ꦿེ路࿐,33,271499,[等级28],[粉丝团 Lv14]
2026-05-03 13:22:43,62513304225,白开水🍀,21,271636,[等级17],[粉丝团 Lv12]
2026-05-03 13:22:45,104963201726,๓陌ꦿེ路࿐,33,271781,[等级28],[粉丝团 Lv14]
2026-05-03 13:22:48,62513304225,白开水🍀,6,271909,[等级17],[粉丝团 Lv12]
2026-05-03 13:22:51,104963201726,๓陌ꦿེ路࿐,36,272046,[等级28],[粉丝团 Lv14]
2026-05-03 13:22:54,71209357284,天天开心🌺,27,272166,[等级3],[粉丝团 Lv1]
2026-05-03 13:22:57,105882994857,程程゜,27,272297,[等级10],[粉丝团 Lv9]
2026-05-03 13:23:00,71209357284,天天开心🌺,24,272410,[等级3],[粉丝团 Lv1]
2026-05-03 13:23:04,3105495683171277,我思故我在,27,272564,[等级3],[粉丝团 Lv2]
2026-05-03 13:23:06,71209357284,天天开心🌺,24,272682,[等级3],[粉丝团 Lv1]
2026-05-03 13:23:09,98196563519,识趣,33,272820,[等级19],[粉丝团 Lv11]
2026-05-03 13:23:12,71209357284,天天开心🌺,24,272921,[等级3],[粉丝团 Lv1]
2026-05-03 13:23:15,98196563519,识趣,30,273034,[等级19],[粉丝团 Lv11]
2026-05-03 13:23:18,102546821270,🌈阿布,12,273106,[等级19],
2026-05-03 13:23:21,98196563519,识趣,30,273244,[等级19],[粉丝团 Lv11]
2026-05-03 13:23:24,71126905166,抖音小肋手,36,273336,[等级10],[粉丝团 Lv10]
2026-05-03 13:23:27,72160311475,总在冬季相遇,30,273503,[等级17],[粉丝团 Lv4]
2026-05-03 13:23:31,71209357284,天天开心🌺,24,273616,[等级3],[粉丝团 Lv1]
2026-05-03 13:23:33,1723651305779751,蜡笔大新,33,273782,[等级11],[粉丝团 Lv7]
2026-05-03 13:23:36,71126905166,抖音小肋手,33,273894,[等级10],[粉丝团 Lv10]
2026-05-03 13:23:39,72160311475,总在冬季相遇,33,274027,[等级17],[粉丝团 Lv4]
2026-05-03 13:23:43,71126905166,抖音小肋手,21,274128,[等级10],[粉丝团 Lv10]
2026-05-03 13:23:45,1723651305779751,蜡笔大新,33,274245,[等级11],[粉丝团 Lv7]
2026-05-03 13:23:48,71209357284,天天开心🌺,9,274357,[等级3],[粉丝团 Lv1]
2026-05-03 13:23:51,72160311475,总在冬季相遇,27,274477,[等级17],[粉丝团 Lv4]
2026-05-03 13:23:54,97087785590,MgN,3,274610,[等级3],[粉丝团 Lv3]
2026-05-03 13:23:57,72160311475,总在冬季相遇,30,274729,[等级17],[粉丝团 Lv4]
2026-05-03 13:24:00,1099972564753256,DDDDDDee.,27,274855,[等级35],[粉丝团:张君雅 Lv15]
2026-05-03 13:24:03,72160311475,总在冬季相遇,30,274983,[等级17],[粉丝团 Lv4]
2026-05-03 13:24:06,4475458192938265,圆圆喊救命老黑有事要先走,15,275121,[等级21],[粉丝团 Lv12]
2026-05-03 13:24:09,72160311475,总在冬季相遇,30,275237,[等级17],[粉丝团 Lv4]
2026-05-03 13:24:12,1459756267485880,用户9834203560629,27,275384,[等级8],[粉丝团 Lv4]
2026-05-03 13:24:15,1099972564753256,DDDDDDee.,27,275516,[等级35],[粉丝团:张君雅 Lv15]
2026-05-03 13:24:18,1459756267485880,用户9834203560629,30,275674,[等级8],[粉丝团 Lv4]
2026-05-03 13:24:22,72160311475,总在冬季相遇,12,275827,[等级17],[粉丝团 Lv4]
2026-05-03 13:24:24,71126905166,抖音小肋手,12,275983,[等级10],[粉丝团 Lv10]
2026-05-03 13:24:27,1496870945563132,沐雨橙风,36,276106,[等级11],[粉丝团 Lv10]
2026-05-03 13:24:30,3105495683171277,我思故我在,27,276214,[等级3],[粉丝团 Lv2]
2026-05-03 13:24:33,72160311475,总在冬季相遇,36,276342,[等级17],[粉丝团 Lv4]
2026-05-03 13:24:37,2816262866483979,拯救逃离世界🌍,18,276466,[等级15],
2026-05-03 13:24:39,72160311475,总在冬季相遇,15,276556,[等级17],[粉丝团 Lv4]
2026-05-03 13:24:42,3105495683171277,我思故我在,27,276669,[等级3],[粉丝团 Lv2]
2026-05-03 13:24:45,1099972564753256,DDDDDDee.,30,276754,[等级35],[粉丝团:张君雅 Lv15]
2026-05-03 13:24:48,3105495683171277,我思故我在,27,276850,[等级3],[粉丝团 Lv2]
2026-05-03 13:24:52,1723651305779751,蜡笔大新,24,276941,[等级11],[粉丝团 Lv7]
2026-05-03 13:24:54,3105495683171277,我思故我在,27,277009,[等级3],[粉丝团 Lv2]
2026-05-03 13:24:57,2816262866483979,拯救逃离世界🌍,27,277061,[等级15],
2026-05-03 13:25:00,3105495683171277,我思故我在,27,277176,[等级3],[粉丝团 Lv2]
2026-05-03 13:25:04,4270127790162727,阿锋,3,277249,[等级3],
2026-05-03 13:25:06,3413339176710791,QQ家酸菜鱼,3,277365,[等级2],
2026-05-03 13:25:09,72160311475,总在冬季相遇,36,277511,[等级17],[粉丝团 Lv4]
2026-05-03 13:25:12,3105495683171277,我思故我在,30,277649,[等级3],[粉丝团 Lv2]
2026-05-03 13:25:15,72160311475,总在冬季相遇,33,277734,[等级17],[粉丝团 Lv4]
2026-05-03 13:25:18,3105495683171277,我思故我在,27,277836,[等级3],[粉丝团 Lv2]
2026-05-03 13:25:21,72160311475,总在冬季相遇,15,277932,[等级17],[粉丝团 Lv4]
2026-05-03 13:25:24,3105495683171277,我思故我在,27,277986,[等级3],[粉丝团 Lv2]
2026-05-03 13:25:27,1798434696995107,🌈🌈🌈缘,3,278031,[等级12],[粉丝团 Lv1]
2026-05-03 13:25:30,383061949164483,我布次蒜,15,278149,[等级15],[粉丝团 Lv9]
2026-05-03 13:25:33,111571219064,杨先生,39,278263,[等级12],[粉丝团 Lv4]
2026-05-03 13:25:36,2907529708579879,喵喵汪汪队🌈,27,278376,[等级13],[粉丝团 Lv3]
2026-05-03 13:25:39,63662647543,🐳,3,278465,[等级9],[粉丝团 Lv7]
2026-05-03 13:25:42,2907529708579879,喵喵汪汪队🌈,27,278562,[等级13],[粉丝团 Lv3]
2026-05-03 13:25:45,64274672466,醒醒吧,39,278675,[等级13],[粉丝团 Lv12]
2026-05-03 13:25:48,2907529708579879,喵喵汪汪队🌈,24,278765,[等级13],[粉丝团 Lv3]
2026-05-03 13:25:51,98558699366,心颖,27,278831,,
2026-05-03 13:25:55,71126905166,抖音小肋手,30,278903,[等级10],[粉丝团 Lv10]
2026-05-03 13:25:57,72160311475,总在冬季相遇,36,278971,[等级17],[粉丝团 Lv4]
2026-05-03 13:26:01,104963201726,๓陌ꦿེ路࿐,3,279090,[等级28],[粉丝团 Lv14]
2026-05-03 13:26:03,7448605928062731322,Memorable,6,279243,[等级3],
2026-05-03 13:26:06,104963201726,๓陌ꦿེ路࿐,33,279443,[等级28],[粉丝团 Lv14]
2026-05-03 13:26:09,3883101576503096,道140787795,30,279648,[等级12],[粉丝团 Lv11]
2026-05-03 13:26:12,71126905166,抖音小肋手,6,279881,[等级10],[粉丝团 Lv10]
2026-05-03 13:26:15,97365870090,✨知柚c,30,280076,[等级9],[粉丝团 Lv10]
2026-05-03 13:26:18,104963201726,๓陌ꦿེ路࿐,36,280302,[等级28],[粉丝团 Lv14]
2026-05-03 13:26:21,72160311475,总在冬季相遇,36,280522,[等级17],[粉丝团 Lv4]
2026-05-03 13:26:24,104963201726,๓陌ꦿེ路࿐,30,280750,[等级28],[粉丝团 Lv14]
2026-05-03 13:26:27,72160311475,总在冬季相遇,36,280959,[等级17],[粉丝团 Lv4]
2026-05-03 13:26:30,111016378938,司棋,3,281132,[等级18],[粉丝团 Lv4]
2026-05-03 13:26:33,72160311475,总在冬季相遇,30,281306,[等级17],[粉丝团 Lv4]
2026-05-03 13:26:37,2907529708579879,喵喵汪汪队🌈,27,281469,[等级13],[粉丝团 Lv3]
2026-05-03 13:26:39,72160311475,总在冬季相遇,36,281590,[等级17],[粉丝团 Lv4]
2026-05-03 13:26:42,101289034871,龱伈󰠇,36,281692,[等级23],[粉丝团 Lv13]
2026-05-03 13:26:45,72160311475,总在冬季相遇,33,281836,[等级17],[粉丝团 Lv4]
2026-05-03 13:26:48,7465029989924209724,7,30,282015,[等级9],[粉丝团 Lv3]
2026-05-03 13:26:51,64303269496,顺阿,12,282285,[等级26],
2026-05-03 13:26:54,52243439934,Air_,6,282604,[等级19],[粉丝团 Lv9]
2026-05-03 13:26:57,1988344566256366,酒哥哥🧍‍♂️,27,283008,[等级14],[粉丝团 Lv6]
2026-05-03 13:27:00,1499356053113469,虚空,9,283382,[等级24],[粉丝团 Lv15]
2026-05-03 13:27:03,97365870090,✨知柚c,30,283668,[等级9],[粉丝团 Lv10]
2026-05-03 13:27:06,1499356053113469,虚空,36,283996,[等级24],[粉丝团 Lv15]
2026-05-03 13:27:09,97365870090,✨知柚c,30,284314,[等级9],[粉丝团 Lv10]
2026-05-03 13:27:12,52243439934,Air_,33,284628,[等级19],[粉丝团 Lv9]
2026-05-03 13:27:15,72160311475,总在冬季相遇,36,284968,[等级17],[粉丝团 Lv4]
2026-05-03 13:27:18,325907732760415,岚兀,33,285259,[等级2],
2026-05-03 13:27:21,64625641673,快乐人生🦞,30,285489,[等级26],[粉丝团 Lv13]
2026-05-03 13:27:24,1499356053113469,虚空,36,285702,[等级24],[粉丝团 Lv15]
2026-05-03 13:27:27,64625641673,快乐人生🦞,30,285961,[等级26],[粉丝团 Lv13]
2026-05-03 13:27:30,101289034871,龱伈󰠇,33,286146,[等级23],[粉丝团 Lv13]
2026-05-03 13:27:33,72160311475,总在冬季相遇,33,286418,[等级17],[粉丝团 Lv4]
2026-05-03 13:27:36,101583720319,ৡ世豪,6,286578,[等级35],[粉丝团 Lv9]
2026-05-03 13:27:39,64625641673,快乐人生🦞,18,286780,[等级26],[粉丝团 Lv13]
2026-05-03 13:27:42,101289034871,龱伈󰠇,36,286975,[等级23],[粉丝团 Lv13]
2026-05-03 13:27:45,64625641673,快乐人生🦞,30,287166,[等级26],[粉丝团 Lv13]
2026-05-03 13:27:48,1499356053113469,虚空,33,287323,[等级24],[粉丝团 Lv15]
2026-05-03 13:27:51,72160311475,总在冬季相遇,30,287550,[等级17],[粉丝团 Lv4]
2026-05-03 13:27:54,1499356053113469,虚空,39,287753,[等级24],[粉丝团 Lv15]
2026-05-03 13:27:57,64625641673,快乐人生🦞,30,287996,[等级26],[粉丝团 Lv13]
2026-05-03 13:28:00,70873534444,Sayhi,6,288224,[等级7],[粉丝团 Lv4]
2026-05-03 13:28:03,72160311475,总在冬季相遇,33,288524,[等级17],[粉丝团 Lv4]
2026-05-03 13:28:06,1499356053113469,虚空,36,288767,[等级24],[粉丝团 Lv15]
2026-05-03 13:28:09,97365870090,✨知柚c,27,289020,[等级9],[粉丝团 Lv10]
2026-05-03 13:28:12,1499356053113469,虚空,36,289218,[等级24],[粉丝团 Lv15]
2026-05-03 13:28:15,64625641673,快乐人生🦞,33,289484,[等级26],[粉丝团 Lv13]
2026-05-03 13:28:18,1499356053113469,虚空,36,289729,[等级24],[粉丝团 Lv15]
2026-05-03 13:28:21,64625641673,快乐人生🦞,30,290016,[等级26],[粉丝团 Lv13]
2026-05-03 13:28:24,1499356053113469,虚空,36,290248,[等级24],[粉丝团 Lv15]
2026-05-03 13:28:27,2907529708579879,喵喵汪汪队🌈,27,290566,[等级13],[粉丝团 Lv3]
2026-05-03 13:28:30,1499356053113469,虚空,36,290821,[等级24],[粉丝团 Lv15]
2026-05-03 13:28:33,72160311475,总在冬季相遇,36,291130,[等级17],[粉丝团 Lv4]
2026-05-03 13:28:36,1499356053113469,虚空,36,291365,[等级24],[粉丝团 Lv15]
2026-05-03 13:28:39,64625641673,快乐人生🦞,27,291671,[等级26],[粉丝团 Lv13]
2026-05-03 13:28:42,1499356053113469,虚空,36,291917,[等级24],[粉丝团 Lv15]
2026-05-03 13:28:45,72160311475,总在冬季相遇,36,292258,[等级17],[粉丝团 Lv4]
2026-05-03 13:28:48,1499356053113469,虚空,36,292564,[等级24],[粉丝团 Lv15]
2026-05-03 13:28:51,72160311475,总在冬季相遇,30,292881,[等级17],[粉丝团 Lv4]
2026-05-03 13:28:54,1499356053113469,虚空,3,293126,[等级24],[粉丝团 Lv15]
2026-05-03 13:28:57,64625641673,快乐人生🦞,30,293421,[等级26],[粉丝团 Lv13]
2026-05-03 13:29:00,1499356053113469,虚空,36,293648,[等级24],[粉丝团 Lv15]
2026-05-03 13:29:03,64625641673,快乐人生🦞,30,293950,[等级26],[粉丝团 Lv13]
2026-05-03 13:29:06,1499356053113469,虚空,36,294217,[等级24],[粉丝团 Lv15]
2026-05-03 13:29:09,2511727583575501,草莓道理,24,294505,[等级6],
2026-05-03 13:29:12,1499356053113469,虚空,36,294783,[等级24],[粉丝团 Lv15]
2026-05-03 13:29:15,64625641673,快乐人生🦞,30,295036,[等级26],[粉丝团 Lv13]
2026-05-03 13:29:18,760504773778372,@名,39,295243,[等级26],
2026-05-03 13:29:21,64625641673,快乐人生🦞,30,295479,[等级26],[粉丝团 Lv13]
2026-05-03 13:29:24,1750020429193758,早點睡,27,295679,[等级29],[粉丝团 Lv9]
2026-05-03 13:29:27,64625641673,快乐人生🦞,30,295919,[等级26],[粉丝团 Lv13]
2026-05-03 13:29:30,2861347763388535,扶棉,27,296145,[等级10],[粉丝团 Lv11]
2026-05-03 13:29:33,64625641673,快乐人生🦞,30,296416,[等级26],[粉丝团 Lv13]
2026-05-03 13:29:36,1499356053113469,虚空,36,296619,[等级24],[粉丝团 Lv15]
2026-05-03 13:29:39,2274247629089495,♣,27,296856,[等级8],
2026-05-03 13:29:42,1499356053113469,虚空,33,297069,[等级24],[粉丝团 Lv15]
2026-05-03 13:29:45,64625641673,快乐人生🦞,30,297300,[等级26],[粉丝团 Lv13]
2026-05-03 13:29:48,1499356053113469,虚空,36,297466,[等级24],[粉丝团 Lv15]
2026-05-03 13:29:51,64625641673,快乐人生🦞,30,297672,[等级26],[粉丝团 Lv13]
2026-05-03 13:29:54,1499356053113469,虚空,36,297863,[等级24],[粉丝团 Lv15]
2026-05-03 13:29:57,64625641673,快乐人生🦞,30,298126,[等级26],[粉丝团 Lv13]
2026-05-03 13:30:00,1499356053113469,虚空,36,298344,[等级24],[粉丝团 Lv15]
2026-05-03 13:30:03,101583720319,ৡ世豪,24,298571,[等级35],[粉丝团 Lv9]
2026-05-03 13:30:06,1499356053113469,虚空,33,298792,[等级24],[粉丝团 Lv15]
2026-05-03 13:30:09,64625641673,快乐人生🦞,30,299054,[等级26],[粉丝团 Lv13]
2026-05-03 13:30:12,82568099538,海,9,299301,[等级14],[粉丝团 Lv5]
2026-05-03 13:30:15,101583720319,ৡ世豪,24,299565,[等级35],[粉丝团 Lv9]
2026-05-03 13:30:18,75881348818,@可乐要加冰,24,299816,[等级3],
2026-05-03 13:30:21,97365870090,✨知柚c,30,300079,[等级9],[粉丝团 Lv10]
2026-05-03 13:30:24,1499356053113469,虚空,36,300315,[等级24],[粉丝团 Lv15]
2026-05-03 13:30:27,64625641673,快乐人生🦞,30,300550,[等级26],[粉丝团 Lv13]
2026-05-03 13:30:30,1459756267485880,用户9834203560629,30,300788,[等级8],[粉丝团 Lv4]
2026-05-03 13:30:33,110631955568,Amber,15,301048,[等级10],[粉丝团 Lv9]
2026-05-03 13:30:36,1459756267485880,用户9834203560629,33,301302,[等级8],[粉丝团 Lv4]
2026-05-03 13:30:39,99711848594,演戏,30,301538,[等级16],[粉丝团 Lv5]
2026-05-03 13:30:42,1459756267485880,用户9834203560629,33,301756,[等级8],[粉丝团 Lv4]
2026-05-03 13:30:45,64625641673,快乐人生🦞,27,301989,[等级26],[粉丝团 Lv13]
2026-05-03 13:30:48,71126905166,抖音小肋手,21,302191,[等级10],[粉丝团 Lv10]
2026-05-03 13:30:51,64625641673,快乐人生🦞,30,302389,[等级26],[粉丝团 Lv13]
2026-05-03 13:30:54,96700254379,木与木,9,302611,[等级11],[粉丝团 Lv9]
2026-05-03 13:30:57,64625641673,快乐人生🦞,30,302816,[等级26],[粉丝团 Lv13]
2026-05-03 13:31:00,2814398071321872,没辣吃不饱,33,303083,[等级15],[粉丝团 Lv10]
2026-05-03 13:31:03,97365870090,✨知柚c,27,303315,[等级9],[粉丝团 Lv10]
2026-05-03 13:31:06,96700254379,木与木,36,303584,[等级11],[粉丝团 Lv9]
2026-05-03 13:31:09,99711848594,演戏,18,303864,[等级16],[粉丝团 Lv5]
2026-05-03 13:31:12,96700254379,木与木,36,304176,[等级11],[粉丝团 Lv9]
2026-05-03 13:31:15,97365870090,✨知柚c,30,304495,[等级9],[粉丝团 Lv10]
2026-05-03 13:31:18,2907529708579879,喵喵汪汪队🌈,24,304856,[等级13],[粉丝团 Lv3]
2026-05-03 13:31:21,97365870090,✨知柚c,27,305157,[等级9],[粉丝团 Lv10]
2026-05-03 13:31:24,99521902808,张君雅的啤酒瓶,36,305523,[等级34],[粉丝团:张君雅 Lv15]
2026-05-03 13:31:27,110631955568,Amber,33,305848,[等级10],[粉丝团 Lv9]
2026-05-03 13:31:30,71678672886,破浪破乘风丶,3,306184,[等级3],
2026-05-03 13:31:33,91685402192,0️⃣4️⃣2️⃣6️⃣,6,306510,[等级6],[粉丝团 Lv6]
2026-05-03 13:31:36,99521902808,张君雅的啤酒瓶,9,306943,[等级34],[粉丝团:张君雅 Lv15]
2026-05-03 13:31:39,65115275783,無.,27,307338,[等级7],
2026-05-03 13:31:42,1499356053113469,虚空,39,307926,[等级24],[粉丝团 Lv15]
2026-05-03 13:31:45,65115275783,無.,30,308480,[等级7],
2026-05-03 13:31:48,96700254379,木与木,30,309057,[等级11],[粉丝团 Lv9]
2026-05-03 13:31:51,99653110382,沓沓,33,309499,[等级20],
2026-05-03 13:31:54,91685402192,0️⃣4️⃣2️⃣6️⃣,9,309944,[等级6],[粉丝团 Lv6]
2026-05-03 13:31:57,64625641673,快乐人生🦞,30,310408,[等级26],[粉丝团 Lv13]
2026-05-03 13:32:00,92401464327,Baby-秀,27,310893,[等级29],[粉丝团 Lv1]
2026-05-03 13:32:03,111285936655,小红文,9,311343,[等级9],[粉丝团 Lv1]
2026-05-03 13:32:06,92401464327,Baby-秀,24,311754,[等级29],[粉丝团 Lv1]
2026-05-03 13:32:09,81318943363,三续缘,21,312077,[等级14],
2026-05-03 13:32:12,92401464327,Baby-秀,27,312409,[等级29],[粉丝团 Lv1]
2026-05-03 13:32:15,64625641673,快乐人生🦞,30,312711,[等级26],[粉丝团 Lv13]
2026-05-03 13:32:18,91685402192,0️⃣4️⃣2️⃣6️⃣,15,313058,[等级6],[粉丝团 Lv6]
2026-05-03 13:32:21,64625641673,快乐人生🦞,30,313374,[等级26],[粉丝团 Lv13]
2026-05-03 13:32:24,92401464327,Baby-秀,27,313617,[等级29],[粉丝团 Lv1]
2026-05-03 13:32:27,64625641673,快乐人生🦞,27,313950,[等级26],[粉丝团 Lv13]
2026-05-03 13:32:30,92401464327,Baby-秀,24,314250,[等级29],[粉丝团 Lv1]
2026-05-03 13:32:33,111285936655,小红文,24,314577,[等级9],[粉丝团 Lv1]
2026-05-03 13:32:36,64274672466,醒醒吧,27,314818,[等级13],[粉丝团 Lv12]
2026-05-03 13:32:39,97365870090,✨知柚c,30,315109,[等级9],[粉丝团 Lv10]
2026-05-03 13:32:42,64274672466,醒醒吧,36,315344,[等级13],[粉丝团 Lv12]
2026-05-03 13:32:45,64625641673,快乐人生🦞,30,315618,[等级26],[粉丝团 Lv13]
2026-05-03 13:32:48,2511727583575501,草莓道理,9,315838,[等级6],
2026-05-03 13:32:51,110631955568,Amber,33,316104,[等级10],[粉丝团 Lv9]
2026-05-03 13:32:54,64274672466,醒醒吧,39,316343,[等级13],[粉丝团 Lv12]
2026-05-03 13:32:57,64625641673,快乐人生🦞,27,316596,[等级26],[粉丝团 Lv13]
2026-05-03 13:33:00,71209357284,天天开心🌺,24,316803,[等级3],[粉丝团 Lv1]
2026-05-03 13:33:03,64625641673,快乐人生🦞,27,317030,[等级26],[粉丝团 Lv13]
2026-05-03 13:33:06,64274672466,醒醒吧,33,317246,[等级13],[粉丝团 Lv12]
2026-05-03 13:33:09,1459756267485880,用户9834203560629,12,317485,[等级8],[粉丝团 Lv4]
2026-05-03 13:33:12,64274672466,醒醒吧,36,317709,[等级13],[粉丝团 Lv12]
2026-05-03 13:33:15,3575234458820743,小蓉蓉,30,317977,[等级6],
2026-05-03 13:33:18,76709520672,轧尕有活,36,318213,[等级26],[粉丝团 Lv15]
2026-05-03 13:33:21,64625641673,快乐人生🦞,27,318457,[等级26],[粉丝团 Lv13]
2026-05-03 13:33:24,3377334501516344,虾仁猪心(˃ ⌑ ˂ഃ ),6,318736,[等级19],[粉丝团 Lv2]
2026-05-03 13:33:27,64625641673,快乐人生🦞,27,318977,[等级26],[粉丝团 Lv13]
2026-05-03 13:33:30,85327142220,搞三搞四,51,319294,[等级21],[粉丝团 Lv10]
2026-05-03 13:33:33,64625641673,快乐人生🦞,27,319572,[等级26],[粉丝团 Lv13]
2026-05-03 13:33:37,21396716038,乐趣坊潮玩,36,319859,[等级7],[粉丝团 Lv10]
2026-05-03 13:33:39,92401464327,Baby-秀,24,320135,[等级29],[粉丝团 Lv1]
2026-05-03 13:33:43,3377334501516344,虾仁猪心(˃ ⌑ ˂ഃ ),27,320407,[等级19],[粉丝团 Lv2]
2026-05-03 13:33:45,110631955568,Amber,33,320635,[等级10],[粉丝团 Lv9]
2026-05-03 13:33:48,662370439412131,小月ㅤ￰ ￰ㅤ￰ ￰ ㅤ￰ㅤㅤ,15,320873,[等级12],[粉丝团 Lv9]
2026-05-03 13:33:52,4446037716768327,LGP女夭习习,30,321156,[等级17],
2026-05-03 13:33:54,71126905166,抖音小肋手,6,321356,[等级10],[粉丝团 Lv10]
2026-05-03 13:33:57,92992288513,昕愿,27,321548,[等级10],[粉丝团 Lv1]
2026-05-03 13:34:00,85327142220,搞三搞四,51,321754,[等级21],[粉丝团 Lv10]
2026-05-03 13:34:03,64625641673,快乐人生🦞,30,321939,[等级26],[粉丝团 Lv13]
2026-05-03 13:34:06,3377334501516344,虾仁猪心(˃ ⌑ ˂ഃ ),18,322170,[等级19],[粉丝团 Lv2]
2026-05-03 13:34:09,1048255040333787,123   456,30,322362,[等级4],[粉丝团 Lv5]
2026-05-03 13:34:12,71209357284,天天开心🌺,27,322639,[等级3],[粉丝团 Lv1]
2026-05-03 13:34:15,2506485337963099,ℳঞ无名꧔ꦿ᭄,27,322864,[等级15],[粉丝团 Lv4]
2026-05-03 13:34:18,21396716038,乐趣坊潮玩,33,323102,[等级7],[粉丝团 Lv10]
2026-05-03 13:34:21,92992288513,昕愿,30,323320,[等级10],[粉丝团 Lv1]
2026-05-03 13:34:25,71209357284,天天开心🌺,27,323537,[等级3],[粉丝团 Lv1]
2026-05-03 13:34:27,99942086973,看你,3,323808,[等级31],[粉丝团 Lv11]
2026-05-03 13:34:30,99653110382,沓沓,30,324105,[等级20],
2026-05-03 13:34:33,92401464327,Baby-秀,27,324325,[等级29],[粉丝团 Lv1]
2026-05-03 13:34:36,99653110382,沓沓,27,324561,[等级20],
2026-05-03 13:34:39,21396716038,乐趣坊潮玩,30,324804,[等级7],[粉丝团 Lv10]
2026-05-03 13:34:42,99653110382,沓沓,27,325035,[等级20],
2026-05-03 13:34:45,99521902808,张君雅的啤酒瓶,36,325304,[等级34],[粉丝团:张君雅 Lv15]
2026-05-03 13:34:48,99653110382,沓沓,27,325572,[等级20],
2026-05-03 13:34:51,64625641673,快乐人生🦞,27,325837,[等级26],[粉丝团 Lv13]
2026-05-03 13:34:54,65115275783,無.,27,326106,[等级7],
2026-05-03 13:34:57,64625641673,快乐人生🦞,30,326410,[等级26],[粉丝团 Lv13]
2026-05-03 13:35:00,21396716038,乐趣坊潮玩,36,326724,[等级7],[粉丝团 Lv10]
2026-05-03 13:35:03,92401464327,Baby-秀,12,327018,[等级29],[粉丝团 Lv1]
2026-05-03 13:35:06,65115275783,無.,24,327250,[等级7],
2026-05-03 13:35:09,64625641673,快乐人生🦞,27,327525,[等级26],[粉丝团 Lv13]
2026-05-03 13:35:12,65115275783,無.,27,327805,[等级7],
2026-05-03 13:35:15,76893522151,yym,18,328163,[等级7],
2026-05-03 13:35:18,62513304225,白开水🍀,12,328497,[等级17],[粉丝团 Lv12]
2026-05-03 13:35:22,76893522151,yym,3,328832,[等级7],
2026-05-03 13:35:24,98558699366,心颖,18,329201,,
2026-05-03 13:35:27,76893522151,yym,6,329671,[等级7],
2026-05-03 13:35:30,85327142220,搞三搞四,51,330114,[等级21],[粉丝团 Lv10]
2026-05-03 13:35:33,53332622377,妄念,3,330498,[等级33],
2026-05-03 13:35:36,3444109950333975,SL阿木,15,330870,[等级22],[粉丝团 Lv12]
2026-05-03 13:35:39,64625641673,快乐人生🦞,30,331250,[等级26],[粉丝团 Lv13]
2026-05-03 13:35:42,96886839625,Yoii,12,331711,[等级15],
2026-05-03 13:35:45,53332622377,妄念,18,332052,[等级33],
2026-05-03 13:35:48,3444109950333975,SL阿木,12,332437,[等级22],[粉丝团 Lv12]
2026-05-03 13:35:51,56076255513,苦菊,24,332636,[等级24],[粉丝团 Lv15]
2026-05-03 13:35:54,3444109950333975,SL阿木,3,332888,[等级22],[粉丝团 Lv12]
2026-05-03 13:35:57,64625641673,快乐人生🦞,12,333090,[等级26],[粉丝团 Lv13]
2026-05-03 13:36:00,66870227710,盛夏的果实,18,333373,[等级9],
2026-05-03 13:36:03,81488044418,毛哥,27,333655,[等级34],[粉丝团 Lv12]
2026-05-03 13:36:06,71126905166,抖音小肋手,30,333927,[等级10],[粉丝团 Lv10]
2026-05-03 13:36:09,110631955568,Amber,9,334252,[等级10],[粉丝团 Lv9]
2026-05-03 13:36:12,1787163015123112,你好,36,334546,[等级4],[粉丝团 Lv6]
2026-05-03 13:36:15,64625641673,快乐人生🦞,27,334816,[等级26],[粉丝团 Lv13]
2026-05-03 13:36:18,1787163015123112,你好,30,335087,[等级4],[粉丝团 Lv6]
2026-05-03 13:36:21,56076255513,苦菊,24,335336,[等级24],[粉丝团 Lv15]
2026-05-03 13:36:24,71209357284,天天开心🌺,21,335511,[等级3],[粉丝团 Lv1]
2026-05-03 13:36:27,110631955568,Amber,27,335774,[等级10],[粉丝团 Lv9]
2026-05-03 13:36:30,53368918784,我真的会謝👀,3,335942,[等级33],[粉丝团 Lv10]
2026-05-03 13:36:33,81488044418,毛哥,30,336194,[等级34],[粉丝团 Lv12]
2026-05-03 13:36:36,69388511390,雾非雾丶╮の迷惘,12,336445,[等级19],[粉丝团 Lv2]
2026-05-03 13:36:39,102398986207,旧梦,27,336846,[等级17],
2026-05-03 13:36:42,69388511390,雾非雾丶╮の迷惘,33,337196,[等级19],[粉丝团 Lv2]
2026-05-03 13:36:45,673333118505518,烦人兜的兜兜,15,337629,[等级13],[粉丝团 Lv3]
2026-05-03 13:36:48,862438361147135,今晚⊙▽⊙月色真美,3,338012,[等级32],[粉丝团 Lv10]
2026-05-03 13:36:51,104233957348,🌀,36,338506,[等级19],
2026-05-03 13:36:55,71209357284,天天开心🌺,18,338952,[等级3],[粉丝团 Lv1]
2026-05-03 13:36:57,56076255513,苦菊,27,339307,[等级24],[粉丝团 Lv15]
2026-05-03 13:37:00,102982769246,猪粪勿扰,6,339687,[等级5],
2026-05-03 13:37:03,100511389364,66.,36,340027,[等级29],[粉丝团 Lv5]
2026-05-03 13:37:06,71209357284,天天开心🌺,21,340330,[等级3],[粉丝团 Lv1]
2026-05-03 13:37:09,110631955568,Amber,27,340604,[等级10],[粉丝团 Lv9]
2026-05-03 13:37:12,85327142220,搞三搞四,6,340881,[等级21],[粉丝团 Lv10]
2026-05-03 13:37:15,97367765514,张浩【。。。。】,9,341162,[等级19],
2026-05-03 13:37:18,902064110579064,(^_−)☆,3,341360,[等级7],
2026-05-03 13:37:21,64197226920,✨蔻楠丶,27,341636,[等级19],[粉丝团 Lv9]
2026-05-03 13:37:24,95058682918,风来信,24,341891,[等级19],[粉丝团 Lv13]
2026-05-03 13:37:27,85327142220,搞三搞四,51,342130,[等级21],[粉丝团 Lv10]
2026-05-03 13:37:30,95058682918,风来信,21,342299,[等级19],[粉丝团 Lv13]
2026-05-03 13:37:33,56076255513,苦菊,27,342418,[等级24],[粉丝团 Lv15]
2026-05-03 13:37:36,95058682918,风来信,21,342513,[等级19],[粉丝团 Lv13]
2026-05-03 13:37:39,56076255513,苦菊,27,342637,[等级24],[粉丝团 Lv15]
2026-05-03 13:37:42,95058682918,风来信,30,342749,[等级19],[粉丝团 Lv13]
2026-05-03 13:37:45,56076255513,苦菊,27,342916,[等级24],[粉丝团 Lv15]
2026-05-03 13:37:48,71126905166,抖音小肋手,6,343031,[等级10],[粉丝团 Lv10]
2026-05-03 13:37:51,100511389364,66.,39,343167,[等级29],[粉丝团 Lv5]
2026-05-03 13:37:54,71126905166,抖音小肋手,21,343269,[等级10],[粉丝团 Lv10]
2026-05-03 13:37:57,100511389364,66.,27,343387,[等级29],[粉丝团 Lv5]
2026-05-03 13:38:00,71126905166,抖音小肋手,33,343535,[等级10],[粉丝团 Lv10]
2026-05-03 13:38:03,100511389364,66.,36,343702,[等级29],[粉丝团 Lv5]
2026-05-03 13:38:06,92401464327,Baby-秀,30,343893,[等级29],[粉丝团 Lv1]
2026-05-03 13:38:09,3054860252224359,展🏸,6,344077,[等级3],
2026-05-03 13:38:12,92401464327,Baby-秀,30,344252,[等级29],[粉丝团 Lv1]
2026-05-03 13:38:15,3054860252224359,展🏸,6,344458,[等级3],
2026-05-03 13:38:18,92401464327,Baby-秀,27,344651,[等级29],[粉丝团 Lv1]
2026-05-03 13:38:21,3378150942718510,橙橙大事,6,344834,[等级19],
2026-05-03 13:38:24,85327142220,搞三搞四,51,344983,[等级21],[粉丝团 Lv10]
2026-05-03 13:38:27,56076255513,苦菊,24,345183,[等级24],[粉丝团 Lv15]
2026-05-03 13:38:30,223900318302440,77:,6,345402,[等级4],
2026-05-03 13:38:33,3378150942718510,橙橙大事,21,345564,[等级19],
2026-05-03 13:38:36,73574748656,橘子寶,6,345774,[等级33],[粉丝团:张君雅 Lv15]
2026-05-03 13:38:39,3378150942718510,橙橙大事,30,345986,[等级19],
2026-05-03 13:38:42,92401464327,Baby-秀,3,346129,[等级29],[粉丝团 Lv1]
2026-05-03 13:38:45,56076255513,苦菊,27,346268,[等级24],[粉丝团 Lv15]
2026-05-03 13:38:48,102982769246,猪粪勿扰,36,346419,[等级5],
2026-05-03 13:38:51,3378150942718510,橙橙大事,18,346587,[等级19],
2026-05-03 13:38:54,103729992765,小八呀🇨🇳,6,346672,[等级24],[粉丝团 Lv2]
2026-05-03 13:38:57,100511389364,66.,39,346748,[等级29],[粉丝团 Lv5]
2026-05-03 13:39:01,1725602178273179,梅雨不下雨☁️,9,346819,[等级6],[粉丝团 Lv1]
2026-05-03 13:39:03,102247309120,幻想,3,346898,[等级2],
2026-05-03 13:39:07,85327142220,搞三搞四,51,347036,[等级21],[粉丝团 Lv10]
2026-05-03 13:39:09,100511389364,66.,36,347189,[等级29],[粉丝团 Lv5]
2026-05-03 13:39:12,103729992765,小八呀🇨🇳,24,347302,[等级24],[粉丝团 Lv2]
2026-05-03 13:39:15,100511389364,66.,39,347380,[等级29],[粉丝团 Lv5]
2026-05-03 13:39:18,76893522151,yym,3,347459,[等级7],
2026-05-03 13:39:21,100511389364,66.,39,347552,[等级29],[粉丝团 Lv5]
2026-05-03 13:39:24,103729992765,小八呀🇨🇳,18,347645,[等级24],[粉丝团 Lv2]
2026-05-03 13:39:27,100511389364,66.,36,347737,[等级29],[粉丝团 Lv5]
2026-05-03 13:39:30,538130867553754,旺崽剧场01,12,347905,[等级2],
2026-05-03 13:39:33,85327142220,搞三搞四,51,348029,[等级21],[粉丝团 Lv10]
2026-05-03 13:39:36,100156535060,Zl,42,348144,[等级3],
2026-05-03 13:39:39,100511389364,66.,18,348284,[等级29],[粉丝团 Lv5]
2026-05-03 13:39:42,104963201726,๓陌ꦿེ路࿐,33,348425,[等级28],[粉丝团 Lv14]
2026-05-03 13:39:46,100511389364,66.,36,348585,[等级29],[粉丝团 Lv5]
2026-05-03 13:39:48,104963201726,๓陌ꦿེ路࿐,30,348728,[等级28],[粉丝团 Lv14]
2026-05-03 13:39:51,100511389364,66.,42,348842,[等级29],[粉丝团 Lv5]
2026-05-03 13:39:54,104963201726,๓陌ꦿེ路࿐,30,348956,[等级28],[粉丝团 Lv14]
2026-05-03 13:39:57,902064110579064,(^_−)☆,3,349083,[等级7],
2026-05-03 13:40:00,104963201726,๓陌ꦿེ路࿐,30,349178,[等级28],[粉丝团 Lv14]
2026-05-03 13:40:03,453442174718862,张君雅的陛下⁵¹⁰⁷⁴,18,349275,[等级35],[粉丝团 Lv16]
2026-05-03 13:40:06,1855571800911741,锐,24,349379,,
2026-05-03 13:40:09,103729992765,小八呀🇨🇳,6,349474,[等级24],[粉丝团 Lv2]
2026-05-03 13:40:13,104963201726,๓陌ꦿེ路࿐,30,349615,[等级28],[粉丝团 Lv14]
2026-05-03 13:40:15,85327142220,搞三搞四,6,349715,[等级21],[粉丝团 Lv10]
2026-05-03 13:40:18,1855571800911741,锐,27,349828,,
2026-05-03 13:40:21,11805950518,深情（张君雅助理）,60,349962,[等级39],[粉丝团:张君雅 Lv18]
2026-05-03 13:40:24,1855571800911741,锐,27,350076,,
2026-05-03 13:40:27,11805950518,深情（张君雅助理）,6,350165,[等级39],[粉丝团:张君雅 Lv18]
2026-05-03 13:40:30,85327142220,搞三搞四,51,350242,[等级21],[粉丝团 Lv10]
2026-05-03 13:40:34,11805950518,深情（张君雅助理）,15,350302,[等级39],[粉丝团:张君雅 Lv18]
2026-05-03 13:40:36,1855571800911741,锐,27,350368,,
2026-05-03 13:40:39,11805950518,深情（张君雅助理）,15,350428,[等级39],[粉丝团:张君雅 Lv18]
2026-05-03 13:40:42,104963201726,๓陌ꦿེ路࿐,30,350493,[等级28],[粉丝团 Lv14]
2026-05-03 13:40:46,11805950518,深情（张君雅助理）,66,350575,[等级39],[粉丝团:张君雅 Lv18]
2026-05-03 13:40:48,85327142220,搞三搞四,6,350663,[等级21],[粉丝团 Lv10]
2026-05-03 13:40:51,11805950518,深情（张君雅助理）,48,350770,[等级39],[粉丝团:张君雅 Lv18]
2026-05-03 13:40:54,73262120614,慧子大人,9,350868,[等级14],[粉丝团 Lv12]
2026-05-03 13:40:57,11805950518,深情（张君雅助理）,57,350984,[等级39],[粉丝团:张君雅 Lv18]
2026-05-03 13:41:00,103729992765,小八呀🇨🇳,6,351063,[等级24],[粉丝团 Lv2]
2026-05-03 13:41:03,11805950518,深情（张君雅助理）,48,351155,[等级39],[粉丝团:张君雅 Lv18]
2026-05-03 13:41:07,3689593107120935,晚歌,6,351230,[等级7],[粉丝团 Lv10]
2026-05-03 13:41:09,11805950518,深情（张君雅助理）,33,351306,[等级39],[粉丝团:张君雅 Lv18]
2026-05-03 13:41:12,78508598692,苡沫，一琛,3,351373,,
2026-05-03 13:41:15,51790901313,步封,3,351482,[等级3],
2026-05-03 13:41:18,1855571800911741,锐,21,351537,,
2026-05-03 13:41:21,92992288513,昕愿,33,351572,[等级10],[粉丝团 Lv1]
2026-05-03 13:41:26,92992288513,昕愿,33,351597,[等级10],[粉丝团 Lv1]
2026-05-03 13:41:28,92992288513,昕愿,30,351608,[等级10],[粉丝团 Lv1]
2026-05-03 13:41:31,1493581795950682,常青树🌲,6,351641,,
2026-05-03 13:41:34,92992288513,昕愿,33,351666,[等级10],[粉丝团 Lv1]
2026-05-03 13:41:36,3617815371984967,怜祎.,3,351702,[等级4],[粉丝团 Lv1]
2026-05-03 13:41:40,92992288513,昕愿,33,351737,[等级10],[粉丝团 Lv1]
2026-05-03 13:41:43,3617815371984967,怜祎.,3,351785,[等级4],[粉丝团 Lv1]
2026-05-03 13:41:45,99521902808,张君雅的啤酒瓶,36,351810,[等级34],[粉丝团:张君雅 Lv15]
2026-05-03 13:41:49,99521902808,张君雅的啤酒瓶,39,351903,[等级34],[粉丝团:张君雅 Lv15]
2026-05-03 13:41:51,99521902808,张君雅的啤酒瓶,39,351962,[等级34],[粉丝团:张君雅 Lv15]
2026-05-03 13:41:54,4340475985660060,是yan不是颜,33,352035,[等级14],
2026-05-03 13:41:57,99521902808,张君雅的啤酒瓶,39,352165,[等级34],[粉丝团:张君雅 Lv15]
2026-05-03 13:42:00,222551272334588,睡个好觉🌙,9,352271,[等级4],
2026-05-03 13:42:03,11805950518,深情（张君雅助理）,57,352407,[等级39],[粉丝团:张君雅 Lv18]
2026-05-03 13:42:06,222551272334588,睡个好觉🌙,36,352515,[等级4],
2026-05-03 13:42:09,87174404436,爱笑的猫,54,352659,[等级7],
2026-05-03 13:42:12,222551272334588,睡个好觉🌙,27,352755,[等级4],
2026-05-03 13:42:15,11805950518,深情（张君雅助理）,51,352855,[等级39],[粉丝团:张君雅 Lv18]
2026-05-03 13:42:18,222551272334588,睡个好觉🌙,30,352922,[等级4],
2026-05-03 13:42:21,11805950518,深情（张君雅助理）,57,353013,[等级39],[粉丝团:张君雅 Lv18]
2026-05-03 13:42:25,4340475985660060,是yan不是颜,9,353054,[等级14],
2026-05-03 13:42:27,11805950518,深情（张君雅助理）,57,353114,[等级39],[粉丝团:张君雅 Lv18]
2026-05-03 13:42:30,102982769246,猪粪勿扰,9,353220,[等级5],
2026-05-03 13:42:33,1690392664222539,北陌,9,353378,[等级22],
2026-05-03 13:42:36,105029827666,Mr.Kin[奸笑]，,21,353675,[等级4],[粉丝团 Lv5]
2026-05-03 13:42:39,104963201726,๓陌ꦿེ路࿐,18,353912,[等级28],[粉丝团 Lv14]
2026-05-03 13:42:42,104225655930,影兔Ai,3,354166,[等级10],
2026-05-03 13:42:45,95407499336,愛錢丶,42,354364,[等级19],[粉丝团 Lv7]
2026-05-03 13:42:48,99410230650731,听春几回,12,354542,[等级14],
2026-05-03 13:42:51,2701919926887879,风景,30,354726,[等级13],[粉丝团 Lv5]
2026-05-03 13:42:54,82153164843,昨夜南风,30,354947,[等级11],[粉丝团 Lv12]
2026-05-03 13:42:57,273144910186519,番茄鸡蛋汤,30,355178,[等级6],
2026-05-03 13:43:00,429251041166969,爱一生,3,355434,[等级12],[粉丝团 Lv6]
2026-05-03 13:43:04,71886070549,没法知,3,355683,[等级11],
2026-05-03 13:43:06,429251041166969,爱一生,30,355854,[等级12],[粉丝团 Lv6]
2026-05-03 13:43:09,3877293178501850,Dec.,15,356015,[等级6],
2026-05-03 13:43:12,429251041166969,爱一生,30,356275,[等级12],[粉丝团 Lv6]
2026-05-03 13:43:15,3069441902392800,冬念知.,6,356515,[等级6],[粉丝团 Lv8]
2026-05-03 13:43:18,1389427409300055,L!u_23%～🫘🏋🏼🦁,27,356797,[等级15],[粉丝团 Lv10]
2026-05-03 13:43:21,4435878413340520,映青衫,6,357036,[等级9],[粉丝团 Lv6]
2026-05-03 13:43:24,4310515392716990,无,6,357251,,
2026-05-03 13:43:27,2701919926887879,风景,6,357432,[等级13],[粉丝团 Lv5]
2026-05-03 13:43:30,92401464327,Baby-秀,24,357617,[等级29],[粉丝团 Lv1]
2026-05-03 13:43:33,273144910186519,番茄鸡蛋汤,36,357760,[等级6],
2026-05-03 13:43:36,429251041166969,爱一生,30,358024,[等级12],[粉丝团 Lv6]
2026-05-03 13:43:39,110526437573,老咦。,12,358235,[等级17],[粉丝团 Lv1]
2026-05-03 13:43:42,429251041166969,爱一生,30,358455,[等级12],[粉丝团 Lv6]
2026-05-03 13:43:45,273144910186519,番茄鸡蛋汤,33,358610,[等级6],
2026-05-03 13:43:48,1697246138075692,ovo,6,358850,[等级21],[粉丝团 Lv6]
2026-05-03 13:43:51,2652490839363479,k,36,359032,,
2026-05-03 13:43:54,102874247189,可乐踢人n🙈,33,359240,[等级3],[粉丝团 Lv8]
2026-05-03 13:43:57,110631955568,Amber,12,359396,[等级10],[粉丝团 Lv9]
2026-05-03 13:44:00,102874247189,可乐踢人n🙈,33,359655,[等级3],[粉丝团 Lv8]
2026-05-03 13:44:04,2753591146722461,默泠,12,359915,[等级6],[粉丝团 Lv2]
2026-05-03 13:44:06,2078514967481096,@东哥,30,360333,[等级1],
2026-05-03 13:44:09,2652490839363479,k,30,360641,,
2026-05-03 13:44:12,2692025648167063,随缘者，心情好。,30,360967,[等级17],[粉丝团 Lv10]
2026-05-03 13:44:15,2652490839363479,k,33,361225,,
2026-05-03 13:44:18,99106545473,碧珍阁二当家,3,361571,[等级13],[粉丝团 Lv9]
2026-05-03 13:44:21,110631955568,Amber,24,361874,[等级10],[粉丝团 Lv9]
2026-05-03 13:44:24,99106545473,碧珍阁二当家,15,362253,[等级13],[粉丝团 Lv9]
2026-05-03 13:44:27,64625641673,快乐人生🦞,27,362593,[等级26],[粉丝团 Lv13]
2026-05-03 13:44:30,99106545473,碧珍阁二当家,30,362932,[等级13],[粉丝团 Lv9]
2026-05-03 13:44:33,96385479865,斌澜,39,363152,[等级16],[粉丝团 Lv1]
2026-05-03 13:44:37,111627135581,祈求暴富,27,363410,[等级21],[粉丝团 Lv11]
2026-05-03 13:44:39,110631955568,Amber,21,363595,[等级10],[粉丝团 Lv9]
2026-05-03 13:44:42,96880737392,歖、,3,363844,,
2026-05-03 13:44:45,3118670421442236,雨天头痛,3,364045,[等级1],[粉丝团 Lv5]
2026-05-03 13:44:48,76709520672,轧尕有活,33,364351,[等级26],[粉丝团 Lv15]
2026-05-03 13:44:51,273144910186519,番茄鸡蛋汤,18,364654,[等级6],
2026-05-03 13:44:54,60526134698,张晓丽,45,365046,[等级5],
2026-05-03 13:44:57,64625641673,快乐人生🦞,27,365408,[等级26],[粉丝团 Lv13]
2026-05-03 13:45:00,96880737392,歖、,27,365832,,
2026-05-03 13:45:04,82513897255,🥀🥀🥀,30,366310,[等级7],[粉丝团 Lv5]
2026-05-03 13:45:06,99106545473,碧珍阁二当家,24,366726,[等级13],[粉丝团 Lv9]
2026-05-03 13:45:10,11805950518,深情（张君雅助理）,63,367103,[等级39],[粉丝团:张君雅 Lv18]
2026-05-03 13:45:12,104963201726,๓陌ꦿེ路࿐,30,367449,[等级28],[粉丝团 Lv14]
2026-05-03 13:45:15,273144910186519,番茄鸡蛋汤,30,367832,[等级6],
2026-05-03 13:45:18,92148637695,广晟汽贸（专业二手车交易）,21,368309,[等级14],[粉丝团 Lv9]
2026-05-03 13:45:21,4435878413340520,映青衫,27,368617,[等级9],[粉丝团 Lv6]
2026-05-03 13:45:24,102874247189,可乐踢人n🙈,24,368947,[等级3],[粉丝团 Lv8]
2026-05-03 13:45:27,64625641673,快乐人生🦞,27,369222,[等级26],[粉丝团 Lv13]
2026-05-03 13:45:30,59614447234,🍀🍀,24,369569,[等级18],[粉丝团 Lv10]
2026-05-03 13:45:33,64625641673,快乐人生🦞,24,369889,[等级26],[粉丝团 Lv13]
2026-05-03 13:45:37,92148637695,广晟汽贸（专业二手车交易）,9,370210,[等级14],[粉丝团 Lv9]
2026-05-03 13:45:39,4435878413340520,映青衫,30,370453,[等级9],[粉丝团 Lv6]
2026-05-03 13:45:42,92465342018,蒋家菇凉,12,370723,[等级7],
2026-05-03 13:45:45,273144910186519,番茄鸡蛋汤,24,370916,[等级6],
2026-05-03 13:45:49,76709520672,轧尕有活,33,371189,[等级26],[粉丝团 Lv15]
2026-05-03 13:45:51,273144910186519,番茄鸡蛋汤,21,371430,[等级6],
2026-05-03 13:45:54,106764774734,小金,12,371709,[等级22],
2026-05-03 13:45:57,273144910186519,番茄鸡蛋汤,27,372002,[等级6],
2026-05-03 13:46:00,1493581795950682,常青树🌲,12,372240,,
2026-05-03 13:46:03,273144910186519,番茄鸡蛋汤,15,372479,[等级6],
2026-05-03 13:46:06,2861347763388535,扶棉,30,372714,[等级10],[粉丝团 Lv11]
2026-05-03 13:46:09,69212406120,1111,9,372956,[等级18],[粉丝团 Lv10]
2026-05-03 13:46:12,2861347763388535,扶棉,21,373149,[等级10],[粉丝团 Lv11]
2026-05-03 13:46:15,273144910186519,番茄鸡蛋汤,27,373371,[等级6],
2026-05-03 13:46:18,2861347763388535,扶棉,30,373633,[等级10],[粉丝团 Lv11]
2026-05-03 13:46:21,69212406120,1111,33,373827,[等级18],[粉丝团 Lv10]
2026-05-03 13:46:24,2861347763388535,扶棉,27,374042,[等级10],[粉丝团 Lv11]
2026-05-03 13:46:27,52491426048,大王,9,374243,[等级3],[粉丝团 Lv6]
2026-05-03 13:46:30,2861347763388535,扶棉,27,374378,[等级10],[粉丝团 Lv11]
2026-05-03 13:46:33,110631955568,Amber,30,374529,[等级10],[粉丝团 Lv9]
2026-05-03 13:46:36,2861347763388535,扶棉,24,374718,[等级10],[粉丝团 Lv11]
2026-05-03 13:46:39,273144910186519,番茄鸡蛋汤,33,374833,[等级6],
2026-05-03 13:46:42,2337975312581772,forever,3,374959,,
2026-05-03 13:46:45,110631955568,Amber,30,375097,[等级10],[粉丝团 Lv9]
2026-05-03 13:46:49,2861347763388535,扶棉,30,375224,[等级10],[粉丝团 Lv11]
2026-05-03 13:46:52,52491426048,大王,18,375332,[等级3],[粉丝团 Lv6]
2026-05-03 13:46:55,62163069622,鱼宝在编绳,33,375443,[等级20],[粉丝团 Lv13]
2026-05-03 13:46:57,273144910186519,番茄鸡蛋汤,33,375573,[等级6],
2026-05-03 13:47:00,62163069622,鱼宝在编绳,3,375696,[等级20],[粉丝团 Lv13]
2026-05-03 13:47:04,3560699677127923,喻,30,375846,[等级6],[粉丝团 Lv10]
2026-05-03 13:47:06,62163069622,鱼宝在编绳,27,376015,[等级20],[粉丝团 Lv13]
2026-05-03 13:47:10,108756780219,冬日瑞雪,33,376231,[等级21],[粉丝团 Lv4]
2026-05-03 13:47:12,103726960350,喔系菜菜吖,24,376350,[等级16],[粉丝团 Lv9]
2026-05-03 13:47:16,2337975312581772,forever,3,376458,,
2026-05-03 13:47:18,103726960350,喔系菜菜吖,24,376599,[等级16],[粉丝团 Lv9]
2026-05-03 13:47:21,52491426048,大王,21,376779,[等级3],[粉丝团 Lv6]
2026-05-03 13:47:24,2861347763388535,扶棉,27,376940,[等级10],[粉丝团 Lv11]
2026-05-03 13:47:27,273144910186519,番茄鸡蛋汤,33,377081,[等级6],
2026-05-03 13:47:30,3301185525921818,懒洋洋大王,3,377218,[等级26],[粉丝团 Lv5]
2026-05-03 13:47:33,20239435624,訫訫大王,6,377396,[等级18],[粉丝团 Lv9]
2026-05-03 13:47:36,103726960350,喔系菜菜吖,3,377585,[等级16],[粉丝团 Lv9]
2026-05-03 13:47:39,20239435624,訫訫大王,27,377774,[等级18],[粉丝团 Lv9]
2026-05-03 13:47:43,92813625406967,LT123456,6,377899,[等级16],[粉丝团 Lv1]
2026-05-03 13:47:45,67101074288,霉霉🍓,12,378042,[等级1],
2026-05-03 13:47:48,76709520672,轧尕有活,12,378198,[等级26],[粉丝团 Lv15]
2026-05-03 13:47:51,7465029989924209724,7,30,378351,[等级9],[粉丝团 Lv3]
2026-05-03 13:47:55,72530575175,AAK,36,378551,[等级29],[粉丝团 Lv10]
2026-05-03 13:47:57,66286275708,心甘,12,378694,[等级8],[粉丝团 Lv2]
2026-05-03 13:48:01,76709520672,轧尕有活,24,378961,[等级26],[粉丝团 Lv15]
2026-05-03 13:48:03,110631955568,Amber,33,379123,[等级10],[粉丝团 Lv9]
2026-05-03 13:48:06,2692025648167063,随缘者，心情好。,30,379268,[等级17],[粉丝团 Lv10]
2026-05-03 13:48:09,3843534597394062,deng zhu,27,379447,[等级2],[粉丝团 Lv6]
2026-05-03 13:48:12,2692025648167063,随缘者，心情好。,30,379588,[等级17],[粉丝团 Lv10]
2026-05-03 13:48:16,74410867556452,用户3602268878038,3,379695,[等级3],[粉丝团 Lv4]
2026-05-03 13:48:18,76709520672,轧尕有活,12,379810,[等级26],[粉丝团 Lv15]
2026-05-03 13:48:21,104941776817,^四叶草🍀^,3,379937,[等级14],[粉丝团 Lv5]
2026-05-03 13:48:24,72530575175,AAK,42,380110,[等级29],[粉丝团 Lv10]
2026-05-03 13:48:27,20239435624,訫訫大王,24,380224,[等级18],[粉丝团 Lv9]
2026-05-03 13:48:30,72530575175,AAK,39,380353,[等级29],[粉丝团 Lv10]
2026-05-03 13:48:33,110666097981,陈豆豆,15,380485,[等级5],[粉丝团 Lv8]
2026-05-03 13:48:36,64197226920,✨蔻楠丶,36,380595,[等级19],[粉丝团 Lv9]
2026-05-03 13:48:39,20239435624,訫訫大王,21,380744,[等级18],[粉丝团 Lv9]
2026-05-03 13:48:42,2692025648167063,随缘者，心情好。,27,380872,[等级17],[粉丝团 Lv10]
2026-05-03 13:48:45,2337975312581772,forever,3,381023,,
2026-05-03 13:48:49,237088232449438,醉仙灵芙🌿,18,381201,[等级8],[粉丝团 Lv10]
2026-05-03 13:48:51,2337975312581772,forever,3,381337,,
2026-05-03 13:48:55,67320949177,肆意.🌈🌈🌈,9,381521,[等级13],
2026-05-03 13:48:57,2907529708579879,喵喵汪汪队🌈,12,381615,[等级13],[粉丝团 Lv3]
2026-05-03 13:49:01,52491426048,大王,18,381723,[等级3],[粉丝团 Lv6]
2026-05-03 13:49:03,1515599494149688,usedt,3,381853,[等级1],
2026-05-03 13:49:06,95171247817,爱豆🫘,9,381965,[等级6],
2026-05-03 13:49:09,84177144054,妮蔻不是眼屎怪,3,382058,[等级6],[粉丝团 Lv2]
2026-05-03 13:49:12,52491426048,大王,6,382113,[等级3],[粉丝团 Lv6]
2026-05-03 13:49:15,97097539854,木子,12,382213,[等级6],[粉丝团 Lv2]
2026-05-03 13:49:18,64197226920,✨蔻楠丶,15,382359,[等级19],[粉丝团 Lv9]
2026-05-03 13:49:21,110631955568,Amber,27,382511,[等级10],[粉丝团 Lv9]
2026-05-03 13:49:24,3263003456443326,卡哇咿,3,382690,[等级13],[粉丝团 Lv2]
2026-05-03 13:49:27,108300370023,✨幸运拉满⭐,15,382779,[等级22],[粉丝团 Lv13]
2026-05-03 13:49:30,76709520672,轧尕有活,30,382872,[等级26],[粉丝团 Lv15]
2026-05-03 13:49:33,94161696152,V夏梦,30,383065,[等级15],[粉丝团 Lv11]
2026-05-03 13:49:37,95009849825,道阻且长,6,383222,[等级1],
2026-05-03 13:49:40,94161696152,V夏梦,36,383364,[等级15],[粉丝团 Lv11]
2026-05-03 13:49:42,772325179660291,孟五岁,21,383541,,
2026-05-03 13:49:45,94161696152,V夏梦,33,383822,[等级15],[粉丝团 Lv11]
2026-05-03 13:49:48,100116269929,刘ಇ᭄先生࿐,27,384129,[等级19],[粉丝团 Lv10]
2026-05-03 13:49:51,4435878413340520,映青衫,12,384348,[等级9],[粉丝团 Lv6]
2026-05-03 13:49:54,2145888220228567,用户18054358,3,384549,[等级16],[粉丝团 Lv12]
2026-05-03 13:49:57,1455394625168459,@,15,384713,[等级25],
2026-05-03 13:50:00,101688013056,不爱听苦情歌•᷄ࡇ•᷅,60,384953,[等级8],
2026-05-03 13:50:03,2337975312581772,forever,6,385184,,
2026-05-03 13:50:06,2760231130778572,知足常乐,6,385462,,
2026-05-03 13:50:09,71042234145,龍烈血,27,385716,[等级21],[粉丝团 Lv10]
2026-05-03 13:50:12,2145888220228567,用户18054358,24,385967,[等级16],[粉丝团 Lv12]
2026-05-03 13:50:15,69513571814,汉堡🍔,30,386279,[等级15],[粉丝团 Lv12]
2026-05-03 13:50:18,99915551812,冷冷雪梨cat,9,386527,,
2026-05-03 13:50:21,4410854685548600,一战到底.,30,386788,[等级13],[粉丝团 Lv5]
2026-05-03 13:50:24,62376745292,💔丫头,9,387003,[等级26],[粉丝团 Lv11]
2026-05-03 13:50:27,4410854685548600,一战到底.,30,387228,[等级13],[粉丝团 Lv5]
2026-05-03 13:50:30,101466830452,🐾 ʚʕ̯•͡˔•̯᷅ʔ蓝桉,33,387463,[等级26],[粉丝团 Lv11]
2026-05-03 13:50:33,69513571814,汉堡🍔,30,387687,[等级15],[粉丝团 Lv12]
2026-05-03 13:50:36,3877293178501850,Dec.,33,387976,[等级6],[粉丝团 Lv1]
2026-05-03 13:50:40,2344632289602847,长安有雪,6,388204,[等级18],[粉丝团 Lv8]
2026-05-03 13:50:42,52491426048,大王,18,388412,[等级3],[粉丝团 Lv6]
2026-05-03 13:50:45,69513571814,汉堡🍔,24,388683,[等级15],[粉丝团 Lv12]
2026-05-03 13:50:48,99106545473,碧珍阁二当家,12,388861,[等级13],[粉丝团 Lv9]
2026-05-03 13:50:51,2172277044020679,🥔^,24,389073,[等级14],
2026-05-03 13:50:54,7465029989924209724,7,18,389322,[等级9],[粉丝团 Lv3]
2026-05-03 13:50:57,110631955568,Amber,30,389629,[等级10],[粉丝团 Lv9]
2026-05-03 13:51:00,86248913452,熊Beard,21,389923,[等级18],[粉丝团 Lv5]
2026-05-03 13:51:03,110631955568,Amber,30,390268,[等级10],[粉丝团 Lv9]
2026-05-03 13:51:06,65320361077,沐子颜（和平精英）,21,390653,[等级15],[粉丝团 Lv8]
2026-05-03 13:51:09,4435878413340520,映青衫,27,391037,[等级9],[粉丝团 Lv6]
2026-05-03 13:51:12,65320361077,沐子颜（和平精英）,24,391426,[等级15],[粉丝团 Lv8]
2026-05-03 13:51:15,3562029460240509,将将将将,21,391770,[等级7],[粉丝团 Lv4]
2026-05-03 13:51:18,2145888220228567,用户18054358,24,392091,[等级16],[粉丝团 Lv12]
2026-05-03 13:51:21,4435878413340520,映青衫,24,392489,[等级9],[粉丝团 Lv6]
2026-05-03 13:51:24,7428804152132174907,苟熊大,27,392863,[等级27],[粉丝团 Lv1]
2026-05-03 13:51:27,4435878413340520,映青衫,6,393241,[等级9],[粉丝团 Lv6]
2026-05-03 13:51:30,97286564866,滔,27,393653,[等级27],
2026-05-03 13:51:33,3877293178501850,Dec.,30,394094,[等级6],[粉丝团 Lv1]
2026-05-03 13:51:36,488661472785903,Need  you,3,394615,,
2026-05-03 13:51:39,3562029460240509,将将将将,33,395137,[等级7],[粉丝团 Lv4]
2026-05-03 13:51:42,1033960490535879,鹤扰,6,395677,[等级21],[粉丝团:张君雅 Lv10]
2026-05-03 13:51:45,3562029460240509,将将将将,33,396131,[等级7],[粉丝团 Lv4]
2026-05-03 13:51:48,3619186458496011,🆔 子豪喺度,15,396590,[等级30],[粉丝团 Lv1]
2026-05-03 13:51:51,3562029460240509,将将将将,33,397054,[等级7],[粉丝团 Lv4]
2026-05-03 13:51:54,94161696152,V夏梦,33,397638,[等级15],[粉丝团 Lv11]
2026-05-03 13:51:57,2033439168826944,1232G,6,398122,[等级2],
2026-05-03 13:52:00,94161696152,V夏梦,33,398724,[等级15],[粉丝团 Lv11]
2026-05-03 13:52:03,3562029460240509,将将将将,33,399172,[等级7],[粉丝团 Lv4]
2026-05-03 13:52:06,2145888220228567,用户18054358,27,399776,[等级16],[粉丝团 Lv12]
2026-05-03 13:52:09,3877293178501850,Dec.,9,400247,[等级6],[粉丝团 Lv1]
2026-05-03 13:52:12,2145888220228567,用户18054358,27,400840,[等级16],[粉丝团 Lv12]
2026-05-03 13:52:15,3877293178501850,Dec.,33,401292,[等级6],[粉丝团 Lv1]
2026-05-03 13:52:18,2145888220228567,用户18054358,24,401909,[等级16],[粉丝团 Lv12]
2026-05-03 13:52:21,3562029460240509,将将将将,30,402506,[等级7],[粉丝团 Lv4]
2026-05-03 13:52:24,72191271541,🆗……,9,403208,[等级22],[粉丝团 Lv12]
2026-05-03 13:52:27,1558428242154780,用户8425203763343,3,403849,,
2026-05-03 13:52:30,92199952229,王闹闹和王乖乖,24,404582,[等级25],
2026-05-03 13:52:33,3562029460240509,将将将将,30,405274,[等级7],[粉丝团 Lv4]
2026-05-03 13:52:36,65320361077,沐子颜（和平精英）,27,406108,[等级15],[粉丝团 Lv8]
2026-05-03 13:52:39,78804196537,寿昌大钢炮,33,406965,[等级9],[粉丝团 Lv12]
2026-05-03 13:52:42,3593672849633992,海胆大王,36,407862,[等级10],[粉丝团 Lv10]
2026-05-03 13:52:45,1333051360019008,熬熬熬,12,408747,[等级40],[粉丝团 Lv12]
2026-05-03 13:52:48,2145888220228567,用户18054358,3,409684,[等级16],[粉丝团 Lv12]
2026-05-03 13:52:51,4435878413340520,映青衫,24,410498,[等级9],[粉丝团 Lv6]
2026-05-03 13:52:54,100187030249,天天打篮球,33,411351,[等级29],[粉丝团 Lv1]
2026-05-03 13:52:57,3877293178501850,Dec.,18,411989,[等级6],[粉丝团 Lv1]
2026-05-03 13:53:00,2692025648167063,随缘者，心情好。,30,412394,[等级17],[粉丝团 Lv10]
2026-05-03 13:53:03,102168463396,嗨，我是平谈,6,412791,[等级1],
2026-05-03 13:53:06,66699173179,👿飞😍,18,413242,[等级18],[粉丝团 Lv10]
2026-05-03 13:53:09,3562029460240509,将将将将,30,413658,[等级7],[粉丝团 Lv4]
2026-05-03 13:53:12,66699173179,👿飞😍,9,414105,[等级18],[粉丝团 Lv10]
2026-05-03 13:53:15,435857231447694,芥末不辣,33,414616,[等级15],[粉丝团 Lv1]
2026-05-03 13:53:18,97011726384,༺爷傲奈我何༻,6,415138,[等级6],
2026-05-03 13:53:21,435857231447694,芥末不辣,30,415631,[等级15],[粉丝团 Lv1]
2026-05-03 13:53:24,97011726384,༺爷傲奈我何༻,6,416093,[等级6],
2026-05-03 13:53:27,73211783658,余吾,18,416674,[等级20],[粉丝团 Lv3]
2026-05-03 13:53:30,69212406120,1111,33,417175,[等级18],[粉丝团 Lv10]
2026-05-03 13:53:33,3877293178501850,Dec.,30,417823,[等级6],[粉丝团 Lv1]
2026-05-03 13:53:36,66699173179,👿飞😍,24,418308,[等级18],[粉丝团 Lv10]
2026-05-03 13:53:39,7465029989924209724,7,21,418608,[等级9],[粉丝团 Lv3]
2026-05-03 13:53:42,62442090839,JadeLune_,42,419003,[等级24],
2026-05-03 13:53:45,3877293178501850,Dec.,18,419482,[等级6],[粉丝团 Lv1]
2026-05-03 13:53:48,2692025648167063,随缘者，心情好。,27,419993,[等级17],[粉丝团 Lv10]
2026-05-03 13:53:51,71176178467,🧚‍♀️凹凸蔓,21,420600,[等级27],[粉丝团 Lv12]
2026-05-03 13:53:54,237088232449438,醉仙灵芙🌿,21,421222,[等级8],[粉丝团 Lv10]
2026-05-03 13:53:57,2713216199700523,🤡小妖怪🤡,33,421855,[等级31],
2026-05-03 13:54:00,52491426048,大王,15,422484,[等级3],[粉丝团 Lv6]
2026-05-03 13:54:03,2713216199700523,🤡小妖怪🤡,27,423056,[等级31],
2026-05-03 13:54:06,3475972015274240,龍杉,39,423694,[等级18],
2026-05-03 13:54:09,2713216199700523,🤡小妖怪🤡,15,424231,[等级31],
2026-05-03 13:54:12,2329208408782436,哈喽啦,33,424967,[等级11],[粉丝团 Lv3]
2026-05-03 13:54:15,63924962515,玲儿,33,425702,[等级17],[粉丝团 Lv4]
2026-05-03 13:54:18,71417750355,睡个好觉💤,30,426553,[等级17],[粉丝团 Lv12]
2026-05-03 13:54:21,88783205176,全是鑫,12,427288,[等级16],[粉丝团 Lv8]
2026-05-03 13:54:24,104900916637,番茄炒鸡蛋,27,427818,[等级3],[粉丝团 Lv3]
2026-05-03 13:54:27,98872605251,Dear阿帅先生,54,428183,[等级3],[粉丝团 Lv1]
2026-05-03 13:54:30,104932423598,Opening,33,428636,[等级15],[粉丝团 Lv8]
2026-05-03 13:54:33,4358111365702030,✧优雅的园丁✧,30,429107,[等级34],[粉丝团 Lv15]
2026-05-03 13:54:37,104900916637,番茄炒鸡蛋,39,429694,[等级3],[粉丝团 Lv3]
2026-05-03 13:54:39,3877293178501850,Dec.,27,430407,[等级6],[粉丝团 Lv1]
2026-05-03 13:54:42,1314661728527998,戒（9）,48,431094,[等级35],
2026-05-03 13:54:45,100880814461,过客,30,431731,[等级1],[粉丝团 Lv2]
2026-05-03 13:54:48,1314661728527998,戒（9）,48,432270,[等级35],
2026-05-03 13:54:51,3877293178501850,Dec.,39,432899,[等级6],[粉丝团 Lv1]
2026-05-03 13:54:54,1314661728527998,戒（9）,27,433428,[等级35],
2026-05-03 13:54:57,100179406867,.初见,30,433956,[等级21],[粉丝团 Lv11]
2026-05-03 13:55:00,104958019190,NO.1,24,434472,[等级12],
2026-05-03 13:55:03,3619186458496011,🆔 子豪喺度,27,435142,[等级30],[粉丝团 Lv1]
2026-05-03 13:55:06,22457894056600,🌙捧花看海～,3,435846,[等级13],[粉丝团 Lv10]
2026-05-03 13:55:09,3482890240802423,Ten.,30,436624,[等级16],[粉丝团 Lv10]
2026-05-03 13:55:12,76709520672,轧尕有活,9,437450,[等级26],[粉丝团 Lv15]
2026-05-03 13:55:15,3605999966492557,🏸,15,438220,[等级16],[粉丝团 Lv12]
2026-05-03 13:55:18,104958019190,NO.1,15,438988,[等级12],
2026-05-03 13:55:21,7446793043845841979,风辣,33,439777,[等级18],[粉丝团 Lv6]
2026-05-03 13:55:24,2329208408782436,哈喽啦,27,440593,[等级11],[粉丝团 Lv3]
2026-05-03 13:55:27,4435878413340520,映青衫,21,441466,[等级9],[粉丝团 Lv6]
2026-05-03 13:55:30,61226959541,路人甲的煽情༊,18,442201,[等级23],[粉丝团 Lv8]
2026-05-03 13:55:33,4435878413340520,映青衫,24,443073,[等级9],[粉丝团 Lv6]
2026-05-03 13:55:36,82206035548,浪潮纸箱包装,9,443903,[等级17],
2026-05-03 13:55:39,7446793043845841979,风辣,33,444658,[等级18],[粉丝团 Lv6]
2026-05-03 13:55:42,4147834022016605,兵七进一,21,445491,[等级17],[粉丝团 Lv11]
2026-05-03 13:55:45,110365207948,🌈Durian,9,446368,[等级17],[粉丝团 Lv10]
2026-05-03 13:55:48,62513304225,白开水🍀,6,447222,[等级17],[粉丝团 Lv12]
2026-05-03 13:55:51,110877189919,格尔木钢管盘扣租赁站,27,448011,[等级3],[粉丝团 Lv4]
2026-05-03 13:55:54,7499093915094549563,名字长有傻子跟着念,12,448803,[等级4],
2026-05-03 13:55:57,4435878413340520,映青衫,36,449624,[等级9],[粉丝团 Lv6]
2026-05-03 13:56:00,7499093915094549563,名字长有傻子跟着念,39,450557,[等级4],
2026-05-03 13:56:03,58518273999,夏初临,15,451382,[等级9],[粉丝团 Lv10]
2026-05-03 13:56:06,2329208408782436,哈喽啦,27,452194,[等级11],[粉丝团 Lv3]
2026-05-03 13:56:09,1558428242154780,用户8425203763343,30,453106,,
2026-05-03 13:56:12,62513304225,白开水🍀,30,454070,[等级17],[粉丝团 Lv12]
2026-05-03 13:56:15,100720118695,随意活着,27,454858,[等级11],[粉丝团 Lv11]
2026-05-03 13:56:18,3174987696190765,TTTT,15,456158,[等级32],[粉丝团 Lv3]
2026-05-03 13:56:21,1558428242154780,用户8425203763343,27,457300,,
2026-05-03 13:56:24,91757406427,星眠·东篱,33,458479,[等级29],[粉丝团 Lv13]
2026-05-03 13:56:27,1558428242154780,用户8425203763343,24,459679,,
2026-05-03 13:56:30,2907529708579879,喵喵汪汪队🌈,30,460865,[等级14],[粉丝团 Lv3]
2026-05-03 13:56:33,63177706685,大量收购PP,6,461665,[等级12],[粉丝团 Lv10]
2026-05-03 13:56:36,62513304225,白开水🍀,30,462269,[等级17],[粉丝团 Lv12]
2026-05-03 13:56:39,1653263820653596,白发魔女🌪️,18,463081,[等级6],
2026-05-03 13:56:42,2145888220228567,用户18054358,30,463954,[等级16],[粉丝团 Lv12]
2026-05-03 13:56:45,101691614051,不止眼前,18,464897,[等级2],
2026-05-03 13:56:48,100752658308,魏斌哥,21,465863,[等级25],[粉丝团 Lv3]
2026-05-03 13:56:51,7421511333608571963,🐉,30,466733,[等级13],
2026-05-03 13:56:54,94161696152,V夏梦,33,467660,[等级15],[粉丝团 Lv11]
2026-05-03 13:56:57,7421511333608571963,🐉,30,468372,[等级13],
2026-05-03 13:57:00,62513304225,白开水🍀,12,469350,[等级17],[粉丝团 Lv12]
2026-05-03 13:57:03,7421511333608571963,🐉,30,470152,[等级13],
2026-05-03 13:57:06,60528961668,张君宝,18,471065,[等级20],[粉丝团 Lv10]
2026-05-03 13:57:09,64274672466,醒醒吧,33,471718,[等级13],[粉丝团 Lv12]
2026-05-03 13:57:12,71480910685,（Q）,30,472396,[等级25],[粉丝团 Lv13]
2026-05-03 13:57:15,4435878413340520,映青衫,15,473010,[等级9],[粉丝团 Lv6]
2026-05-03 13:57:18,62513304225,白开水🍀,3,473655,[等级17],[粉丝团 Lv12]
2026-05-03 13:57:21,93416845215,春日部小喵 ⁵¹⁰⁷⁴,21,474299,[等级15],[粉丝团 Lv12]
2026-05-03 13:57:24,94161696152,V夏梦,33,474972,[等级15],[粉丝团 Lv11]
2026-05-03 13:57:27,4435878413340520,映青衫,24,475580,[等级9],[粉丝团 Lv6]
2026-05-03 13:57:30,94161696152,V夏梦,33,476243,[等级15],[粉丝团 Lv11]
2026-05-03 13:57:33,71042234145,龍烈血,30,476823,[等级21],[粉丝团 Lv10]
2026-05-03 13:57:36,2329208408782436,哈喽啦,36,477354,[等级11],[粉丝团 Lv3]
2026-05-03 13:57:39,3663228569664605,天空无云,24,477877,[等级15],[粉丝团 Lv11]
2026-05-03 13:57:42,94219515450,做个俗人爱钱爱你,30,478231,,
2026-05-03 13:57:45,64197226920,✨蔻楠丶,18,478483,[等级19],[粉丝团 Lv9]
2026-05-03 13:57:48,104355927038,森哥,24,478914,[等级8],[粉丝团 Lv7]
2026-05-03 13:57:51,71042234145,龍烈血,30,479343,[等级21],[粉丝团 Lv10]
2026-05-03 13:57:54,2157714812701056,🍒꧁㞮᭄ᩚ孞🍒💞向꧔ꦿ℘李💞᭄᪲,15,479862,[等级7],[粉丝团 Lv7]
2026-05-03 13:57:57,4435878413340520,映青衫,15,480354,[等级9],[粉丝团 Lv6]
2026-05-03 13:58:00,3606034372103192,空白 ᨳᤢ້໌ᮩᤣ,24,480849,[等级17],[粉丝团 Lv8]
2026-05-03 13:58:03,91692192767,安○逸,24,481303,[等级7],[粉丝团 Lv5]
2026-05-03 13:58:06,111608081708,何书桓,27,481834,[等级8],
2026-05-03 13:58:09,101011768243,▞▙阿▛▖▖▗▞▞▙东▛▖▜▖▗▝,24,482292,[等级5],[粉丝团 Lv3]
2026-05-03 13:58:12,66699173179,👿飞😍,9,482790,[等级18],[粉丝团 Lv10]
2026-05-03 13:58:15,101011768243,▞▙阿▛▖▖▗▞▞▙东▛▖▜▖▗▝,27,483435,[等级5],[粉丝团 Lv3]
2026-05-03 13:58:18,107751896584,风云,24,484142,[等级4],
2026-05-03 13:58:21,77553195017,🕊杨杨꧔ꦿ᭄得意꧔ꦿ᭄࿐,3,484997,[等级6],[粉丝团 Lv10]
2026-05-03 13:58:24,3912494570280425,几点睡,39,485871,[等级10],[粉丝团 Lv8]
2026-05-03 13:58:28,4435878413340520,映青衫,27,486808,[等级9],[粉丝团 Lv6]
2026-05-03 13:58:30,110666097981,陈豆豆,6,487750,[等级5],[粉丝团 Lv8]
2026-05-03 13:58:33,7446793043845841979,风辣,33,488565,[等级18],[粉丝团 Lv6]
2026-05-03 13:58:36,78016969370,未知。。。,30,489407,[等级14],[粉丝团 Lv7]
2026-05-03 13:58:39,3184638284016679,村姑代驾小姜,33,490269,[等级13],[粉丝团 Lv11]
2026-05-03 13:58:42,91822763999,九月菜菜,33,491183,[等级23],[粉丝团 Lv13]
2026-05-03 13:58:45,93151390457,壹点都不特别,6,492035,[等级10],
2026-05-03 13:58:48,4222593522474078,一粒红尘,3,493032,[等级17],[粉丝团 Lv7]
2026-05-03 13:58:51,3184638284016679,村姑代驾小姜,30,494093,[等级13],[粉丝团 Lv11]
2026-05-03 13:58:54,3900664256139454,往后余生我陪你走,3,495201,[等级28],
2026-05-03 13:58:57,92712352259,Destin,36,496149,[等级12],[粉丝团 Lv11]
2026-05-03 13:59:00,73211783658,余吾,21,497197,[等级20],[粉丝团 Lv3]
2026-05-03 13:59:03,3184638284016679,村姑代驾小姜,30,498034,[等级13],[粉丝团 Lv11]
2026-05-03 13:59:06,91822763999,九月菜菜,21,498959,[等级23],[粉丝团 Lv13]
2026-05-03 13:59:09,3556282631981005,ㅤㅤ ㅤㅤㅤㅤ    ㅤ,18,499747,[等级21],[粉丝团 Lv1]
2026-05-03 13:59:12,107751896584,风云,27,500553,[等级4],
2026-05-03 13:59:15,3184638284016679,村姑代驾小姜,33,501468,[等级13],[粉丝团 Lv11]
2026-05-03 13:59:18,1900398363542904,人,3,502355,[等级2],
2026-05-03 13:59:21,3184638284016679,村姑代驾小姜,30,503188,[等级13],[粉丝团 Lv11]
2026-05-03 13:59:24,1900398363542904,人,27,504115,[等级2],
2026-05-03 13:59:27,3184638284016679,村姑代驾小姜,30,504998,[等级13],[粉丝团 Lv11]
2026-05-03 13:59:30,4222593522474078,一粒红尘,15,505945,[等级17],[粉丝团 Lv7]
2026-05-03 13:59:33,2436116885012536,霜妹儿,33,506801,[等级14],[粉丝团 Lv10]
2026-05-03 13:59:36,2453745612890271,小小鱼🐟,21,507643,[等级14],[粉丝团 Lv1]
2026-05-03 13:59:39,2436116885012536,霜妹儿,33,508486,[等级14],[粉丝团 Lv10]
2026-05-03 13:59:42,3912494570280425,几点睡,42,509459,[等级10],[粉丝团 Lv8]
2026-05-03 13:59:45,3390517398224103,志ゥぃォ,24,510363,[等级35],[粉丝团 Lv12]
2026-05-03 13:59:48,76751136166,莓啤汽𖠚 ˎ,30,511390,[等级12],[粉丝团 Lv10]
2026-05-03 13:59:51,2436116885012536,霜妹儿,33,512397,[等级14],[粉丝团 Lv10]
2026-05-03 13:59:54,1900398363542904,人,30,513405,[等级2],
2026-05-03 13:59:57,1549643776267060,我们明天见♡,24,514311,[等级2],[粉丝团 Lv2]
2026-05-03 14:00:00,1900398363542904,人,27,515276,[等级2],
2026-05-03 14:00:03,3877293178501850,Dec.,27,516143,[等级6],[粉丝团 Lv1]
2026-05-03 14:00:06,4240192915123008,用户6562289806466,30,517063,,
2026-05-03 14:00:09,3184638284016679,村姑代驾小姜,33,517818,[等级13],[粉丝团 Lv11]
2026-05-03 14:00:12,3364123530500535,南巷的猫,30,518528,[等级22],[粉丝团 Lv2]
2026-05-03 14:00:15,3184638284016679,村姑代驾小姜,21,519123,[等级13],[粉丝团 Lv11]
2026-05-03 14:00:18,3364123530500535,南巷的猫,30,519724,[等级22],[粉丝团 Lv2]
2026-05-03 14:00:21,958367551726584,夜,15,520318,[等级19],[粉丝团 Lv11]
2026-05-03 14:00:24,59694230817,萍萍,15,520961,[等级12],[粉丝团 Lv10]
2026-05-03 14:00:27,3184638284016679,村姑代驾小姜,30,521539,[等级13],[粉丝团 Lv11]
2026-05-03 14:00:30,3821546027628600,aiLP,24,522086,[等级9],[粉丝团 Lv2]
2026-05-03 14:00:33,958367551726584,夜,6,522308,[等级19],[粉丝团 Lv11]
2026-05-03 14:00:36,110666097981,陈豆豆,15,522525,[等级5],[粉丝团 Lv8]
2026-05-03 14:00:39,104305453690,氟西汀,15,522834,[等级11],[粉丝团 Lv4]
2026-05-03 14:00:42,3883117687356984,帆_,24,523188,[等级16],[粉丝团 Lv1]
2026-05-03 14:00:45,63740832403,海娟🔅,18,523499,[等级7],[粉丝团 Lv3]
2026-05-03 14:00:48,2436116885012536,霜妹儿,27,523808,[等级14],[粉丝团 Lv10]
2026-05-03 14:00:51,62642627846,鹿茸,33,524088,[等级11],[粉丝团 Lv9]
2026-05-03 14:00:54,3821546027628600,aiLP,24,524310,[等级9],[粉丝团 Lv2]
2026-05-03 14:00:57,3877293178501850,Dec.,24,524541,[等级6],[粉丝团 Lv1]
2026-05-03 14:01:00,237088232449438,醉仙灵芙🌿,21,524786,[等级8],[粉丝团 Lv10]
2026-05-03 14:01:03,96728963085,👨‍👩‍👧🌟阿毛,36,525059,[等级5],
2026-05-03 14:01:06,237088232449438,醉仙灵芙🌿,9,525320,[等级8],[粉丝团 Lv10]
2026-05-03 14:01:09,101466830452,🐾 ʚʕ̯•͡˔•̯᷅ʔ蓝桉,30,525618,[等级26],[粉丝团 Lv11]
2026-05-03 14:01:12,1900398363542904,人,27,525879,[等级2],
2026-05-03 14:01:15,101466830452,🐾 ʚʕ̯•͡˔•̯᷅ʔ蓝桉,30,526174,[等级26],[粉丝团 Lv11]
2026-05-03 14:01:18,383061949164483,我布次蒜,15,526402,[等级15],[粉丝团 Lv9]
2026-05-03 14:01:21,101466830452,🐾 ʚʕ̯•͡˔•̯᷅ʔ蓝桉,30,526588,[等级26],[粉丝团 Lv11]
2026-05-03 14:01:24,58507310832,prince🌈,27,526770,[等级15],[粉丝团 Lv5]
2026-05-03 14:01:27,101466830452,🐾 ʚʕ̯•͡˔•̯᷅ʔ蓝桉,30,526978,[等级26],[粉丝团 Lv11]
2026-05-03 14:01:30,3821546027628600,aiLP,27,527145,[等级9],[粉丝团 Lv2]
2026-05-03 14:01:33,101466830452,🐾 ʚʕ̯•͡˔•̯᷅ʔ蓝桉,21,527287,[等级26],[粉丝团 Lv11]
2026-05-03 14:01:36,3821546027628600,aiLP,27,527408,[等级9],[粉丝团 Lv2]
2026-05-03 14:01:39,101466830452,🐾 ʚʕ̯•͡˔•̯᷅ʔ蓝桉,27,527519,[等级26],[粉丝团 Lv11]
2026-05-03 14:01:42,101687414521,文 哥,39,527647,[等级32],[粉丝团 Lv9]
2026-05-03 14:01:45,101466830452,🐾 ʚʕ̯•͡˔•̯᷅ʔ蓝桉,30,527787,[等级26],[粉丝团 Lv11]
2026-05-03 14:01:48,101687414521,文 哥,36,527972,[等级32],[粉丝团 Lv9]
2026-05-03 14:01:51,3877293178501850,Dec.,39,528133,[等级6],[粉丝团 Lv1]
2026-05-03 14:01:54,101687414521,文 哥,39,528336,[等级32],[粉丝团 Lv9]
2026-05-03 14:01:57,3877293178501850,Dec.,18,528530,[等级6],[粉丝团 Lv1]
2026-05-03 14:02:00,98055711223,এ Xing王Ming凯,18,528780,[等级23],[粉丝团 Lv8]
2026-05-03 14:02:03,101466830452,🐾 ʚʕ̯•͡˔•̯᷅ʔ蓝桉,30,529066,[等级26],[粉丝团 Lv11]
2026-05-03 14:02:06,16402322781,一个人de雨天,24,529366,[等级15],[粉丝团 Lv5]
2026-05-03 14:02:09,104305453690,氟西汀,9,529604,[等级11],[粉丝团 Lv4]
2026-05-03 14:02:12,52491426048,大王,15,529771,[等级3],[粉丝团 Lv6]
2026-05-03 14:02:15,101466830452,🐾 ʚʕ̯•͡˔•̯᷅ʔ蓝桉,30,529972,[等级26],[粉丝团 Lv11]
2026-05-03 14:02:18,62489735101,不吃胡萝卜🥕,27,530170,[等级8],[粉丝团 Lv9]
2026-05-03 14:02:21,101466830452,🐾 ʚʕ̯•͡˔•̯᷅ʔ蓝桉,30,530338,[等级26],[粉丝团 Lv11]
2026-05-03 14:02:24,3821546027628600,aiLP,21,530559,[等级9],[粉丝团 Lv2]
2026-05-03 14:02:27,58507310832,prince🌈,27,530717,[等级15],[粉丝团 Lv5]
2026-05-03 14:02:30,2817386623016416,Hope 㞮孞,39,530866,[等级14],[粉丝团 Lv11]
2026-05-03 14:02:33,3877293178501850,Dec.,36,530970,[等级6],[粉丝团 Lv1]
2026-05-03 14:02:36,101687414521,文 哥,30,531087,[等级32],[粉丝团 Lv9]
2026-05-03 14:02:40,2337975312581772,forever,3,531159,,
2026-05-03 14:02:42,101687414521,文 哥,6,531237,[等级32],[粉丝团 Lv9]
2026-05-03 14:02:45,101466830452,🐾 ʚʕ̯•͡˔•̯᷅ʔ蓝桉,21,531306,[等级26],[粉丝团 Lv11]
2026-05-03 14:02:49,101687414521,文 哥,27,531426,[等级32],[粉丝团 Lv9]
2026-05-03 14:02:51,101466830452,🐾 ʚʕ̯•͡˔•̯᷅ʔ蓝桉,27,531515,[等级26],[粉丝团 Lv11]
2026-05-03 14:02:54,3861924415812446,大大大王王,18,531626,[等级19],[粉丝团 Lv10]
2026-05-03 14:02:57,101466830452,🐾 ʚʕ̯•͡˔•̯᷅ʔ蓝桉,30,531704,[等级26],[粉丝团 Lv11]
2026-05-03 14:03:01,237088232449438,醉仙灵芙🌿,3,531808,[等级8],[粉丝团 Lv10]
2026-05-03 14:03:03,101466830452,🐾 ʚʕ̯•͡˔•̯᷅ʔ蓝桉,15,531888,[等级26],[粉丝团 Lv11]
2026-05-03 14:03:06,4424070048020744,秋秋,6,531968,[等级9],
2026-05-03 14:03:09,101466830452,🐾 ʚʕ̯•͡˔•̯᷅ʔ蓝桉,27,532048,[等级26],[粉丝团 Lv11]
2026-05-03 14:03:12,84819817227,🌈幼稚,30,532124,[等级11],[粉丝团 Lv7]
2026-05-03 14:03:15,2422936300164654,矢志不渝,6,532197,[等级17],[粉丝团 Lv7]
2026-05-03 14:03:18,62513304225,白开水🍀,3,532268,[等级17],[粉丝团 Lv12]
2026-05-03 14:03:21,3877293178501850,Dec.,21,532387,[等级6],[粉丝团 Lv1]
2026-05-03 14:03:25,62513304225,白开水🍀,30,532504,[等级17],[粉丝团 Lv12]
2026-05-03 14:03:27,3877293178501850,Dec.,6,532640,[等级6],[粉丝团 Lv1]
2026-05-03 14:03:30,62513304225,白开水🍀,24,532762,[等级17],[粉丝团 Lv12]
2026-05-03 14:03:33,101466830452,🐾 ʚʕ̯•͡˔•̯᷅ʔ蓝桉,27,532913,[等级26],[粉丝团 Lv11]
2026-05-03 14:03:36,62513304225,白开水🍀,27,533078,[等级17],[粉丝团 Lv12]
2026-05-03 14:03:39,101466830452,🐾 ʚʕ̯•͡˔•̯᷅ʔ蓝桉,27,533241,[等级26],[粉丝团 Lv11]
2026-05-03 14:03:42,62513304225,白开水🍀,24,533412,[等级17],[粉丝团 Lv12]
2026-05-03 14:03:45,101466830452,🐾 ʚʕ̯•͡˔•̯᷅ʔ蓝桉,27,533533,[等级26],[粉丝团 Lv11]
2026-05-03 14:03:48,62513304225,白开水🍀,21,533678,[等级17],[粉丝团 Lv12]
2026-05-03 14:03:51,101466830452,🐾 ʚʕ̯•͡˔•̯᷅ʔ蓝桉,27,533829,[等级26],[粉丝团 Lv11]
2026-05-03 14:03:54,62513304225,白开水🍀,24,533946,[等级17],[粉丝团 Lv12]
2026-05-03 14:03:57,958377222754045,倒霉的大宝贝儿,3,534082,[等级27],[粉丝团 Lv3]
2026-05-03 14:04:00,62513304225,白开水🍀,21,534232,[等级17],[粉丝团 Lv12]
2026-05-03 14:04:03,101466830452,🐾 ʚʕ̯•͡˔•̯᷅ʔ蓝桉,21,534344,[等级26],[粉丝团 Lv11]
2026-05-03 14:04:07,94161696152,V夏梦,33,534475,[等级15],[粉丝团 Lv11]
2026-05-03 14:04:09,3460898156197243,🌈星星妍,27,534617,[等级11],[粉丝团 Lv10]
2026-05-03 14:04:12,3861924415812446,大大大王王,24,534822,[等级19],[粉丝团 Lv10]
2026-05-03 14:04:15,101466830452,🐾 ʚʕ̯•͡˔•̯᷅ʔ蓝桉,27,534973,[等级26],[粉丝团 Lv11]
2026-05-03 14:04:18,76591947766,金,24,535134,[等级2],
2026-05-03 14:04:21,101466830452,🐾 ʚʕ̯•͡˔•̯᷅ʔ蓝桉,24,535285,[等级26],[粉丝团 Lv11]
2026-05-03 14:04:24,76591947766,金,21,535437,[等级2],
2026-05-03 14:04:27,101466830452,🐾 ʚʕ̯•͡˔•̯᷅ʔ蓝桉,24,535579,[等级26],[粉丝团 Lv11]
2026-05-03 14:04:30,76591947766,金,21,535732,[等级2],
2026-05-03 14:04:33,101466830452,🐾 ʚʕ̯•͡˔•̯᷅ʔ蓝桉,24,535885,[等级26],[粉丝团 Lv11]
2026-05-03 14:04:36,76591947766,金,21,536018,[等级2],
2026-05-03 14:04:39,104751706237,温霜,36,536177,[等级28],[粉丝团 Lv9]
2026-05-03 14:04:42,2145888220228567,用户18054358,3,536342,[等级16],[粉丝团 Lv12]
2026-05-03 14:04:45,101466830452,🐾 ʚʕ̯•͡˔•̯᷅ʔ蓝桉,27,536511,[等级26],[粉丝团 Lv11]
2026-05-03 14:04:48,76591947766,金,18,536681,[等级2],
2026-05-03 14:04:51,101466830452,🐾 ʚʕ̯•͡˔•̯᷅ʔ蓝桉,18,536810,[等级26],[粉丝团 Lv11]
2026-05-03 14:04:54,2145888220228567,用户18054358,18,536992,[等级16],[粉丝团 Lv12]
2026-05-03 14:04:57,101466830452,🐾 ʚʕ̯•͡˔•̯᷅ʔ蓝桉,27,537146,[等级26],[粉丝团 Lv11]
2026-05-03 14:05:00,2145888220228567,用户18054358,21,537332,[等级16],[粉丝团 Lv12]
2026-05-03 14:05:03,101466830452,🐾 ʚʕ̯•͡˔•̯᷅ʔ蓝桉,27,537509,[等级26],[粉丝团 Lv11]
2026-05-03 14:05:06,2145888220228567,用户18054358,24,537712,[等级16],[粉丝团 Lv12]
2026-05-03 14:05:09,2622776706861267,Mouse,18,537886,[等级3],
2026-05-03 14:05:12,76591947766,金,18,538079,[等级2],
2026-05-03 14:05:15,2622776706861267,Mouse,3,538269,[等级3],
2026-05-03 14:05:18,76591947766,金,12,538495,[等级2],
2026-05-03 14:05:21,101466830452,🐾 ʚʕ̯•͡˔•̯᷅ʔ蓝桉,12,538640,[等级26],[粉丝团 Lv11]
2026-05-03 14:05:24,544948117847831,顺泽,9,538814,[等级12],[粉丝团 Lv2]
2026-05-03 14:05:27,69559193911,安祭     ღ,33,538972,[等级30],[粉丝团 Lv6]
2026-05-03 14:05:31,104803571777,借我一束光,12,539179,[等级14],
2026-05-03 14:05:33,1267075189580824,十三郎,3,539366,[等级33],
2026-05-03 14:05:36,3689593107120935,晚歌,30,539566,[等级7],[粉丝团 Lv10]
2026-05-03 14:05:39,1601348601906184,美人吟,6,539727,[等级6],
2026-05-03 14:05:42,3390517398224103,志ゥぃォ,24,539889,[等级35],[粉丝团 Lv12]
2026-05-03 14:05:45,101466830452,🐾 ʚʕ̯•͡˔•̯᷅ʔ蓝桉,12,540043,[等级26],[粉丝团 Lv11]
2026-05-03 14:05:48,3390517398224103,志ゥぃォ,18,540221,[等级35],[粉丝团 Lv12]
2026-05-03 14:05:51,101466830452,🐾 ʚʕ̯•͡˔•̯᷅ʔ蓝桉,21,540387,[等级26],[粉丝团 Lv11]
2026-05-03 14:05:54,3689593107120935,晚歌,24,540546,[等级7],[粉丝团 Lv10]
2026-05-03 14:05:57,98714916130,心碎_也完美、,30,540694,[等级11],[粉丝团 Lv9]
2026-05-03 14:06:00,95555032590,布衣为谁,36,540844,[等级25],[粉丝团 Lv3]
2026-05-03 14:06:03,101466830452,🐾 ʚʕ̯•͡˔•̯᷅ʔ蓝桉,27,540965,[等级26],[粉丝团 Lv11]
2026-05-03 14:06:06,3689593107120935,晚歌,30,541106,[等级7],[粉丝团 Lv10]
2026-05-03 14:06:09,101466830452,🐾 ʚʕ̯•͡˔•̯᷅ʔ蓝桉,24,541231,[等级26],[粉丝团 Lv11]
2026-05-03 14:06:12,103865246244,故乡的云,3,541365,,
2026-05-03 14:06:15,101466830452,🐾 ʚʕ̯•͡˔•̯᷅ʔ蓝桉,21,541557,[等级26],[粉丝团 Lv11]
2026-05-03 14:06:18,544948117847831,顺泽,36,541766,[等级12],[粉丝团 Lv2]
2026-05-03 14:06:21,101466830452,🐾 ʚʕ̯•͡˔•̯᷅ʔ蓝桉,27,541898,[等级26],[粉丝团 Lv11]
2026-05-03 14:06:24,544948117847831,顺泽,36,542048,[等级12],[粉丝团 Lv2]
2026-05-03 14:06:27,101466830452,🐾 ʚʕ̯•͡˔•̯᷅ʔ蓝桉,27,542163,[等级26],[粉丝团 Lv11]
2026-05-03 14:06:31,544948117847831,顺泽,3,542323,[等级12],[粉丝团 Lv2]
2026-05-03 14:06:33,101466830452,🐾 ʚʕ̯•͡˔•̯᷅ʔ蓝桉,6,542417,[等级26],[粉丝团 Lv11]
2026-05-03 14:06:37,2713216199700523,🤡小妖怪🤡,9,542479,[等级31],
2026-05-03 14:06:39,96711633908,🌻锅包肉,9,542519,[等级24],[粉丝团 Lv10]
2026-05-03 14:06:42,94125072107,苏波,3,542550,,
2026-05-03 14:06:45,1601348601906184,美人吟,9,542594,[等级6],
2026-05-03 14:06:48,92502883374,Great Ming,21,542620,[等级26],[粉丝团 Lv10]
2026-05-03 14:06:51,101466830452,🐾 ʚʕ̯•͡˔•̯᷅ʔ蓝桉,18,542641,[等级26],[粉丝团 Lv11]
2026-05-03 14:06:54,772280035849376,🌹罗富贵🌹,3,542676,[等级29],
2026-05-03 14:06:57,101466830452,🐾 ʚʕ̯•͡˔•̯᷅ʔ蓝桉,30,542714,[等级26],[粉丝团 Lv11]
2026-05-03 14:07:00,817656279348318,糖果小可爱,3,542736,,
2026-05-03 14:07:03,101466830452,🐾 ʚʕ̯•͡˔•̯᷅ʔ蓝桉,3,542775,[等级26],[粉丝团 Lv11]
2026-05-03 14:07:07,92502883374,Great Ming,27,542806,[等级26],[粉丝团 Lv10]
2026-05-03 14:07:09,101466830452,🐾 ʚʕ̯•͡˔•̯᷅ʔ蓝桉,18,542827,[等级26],[粉丝团 Lv11]
2026-05-03 14:07:12,3861924415812446,大大大王王,30,542873,[等级19],[粉丝团 Lv10]
2026-05-03 14:07:15,101466830452,🐾 ʚʕ̯•͡˔•̯᷅ʔ蓝桉,30,542948,[等级26],[粉丝团 Lv11]
2026-05-03 14:07:18,111152566123,脆脆鲨🍍,30,543033,[等级26],[粉丝团 Lv14]
2026-05-03 14:07:21,101466830452,🐾 ʚʕ̯•͡˔•̯᷅ʔ蓝桉,3,543066,[等级26],[粉丝团 Lv11]
2026-05-03 14:07:25,111152566123,脆脆鲨🍍,18,543104,[等级26],[粉丝团 Lv14]
2026-05-03 14:07:27,101466830452,🐾 ʚʕ̯•͡˔•̯᷅ʔ蓝桉,27,543145,[等级26],[粉丝团 Lv11]
2026-05-03 14:07:30,817656279348318,糖果小可爱,3,543209,,
2026-05-03 14:07:33,101466830452,🐾 ʚʕ̯•͡˔•̯᷅ʔ蓝桉,27,543294,[等级26],[粉丝团 Lv11]
2026-05-03 14:07:36,110666097981,陈豆豆,24,543397,[等级5],[粉丝团 Lv8]
2026-05-03 14:07:39,101466830452,🐾 ʚʕ̯•͡˔•̯᷅ʔ蓝桉,27,543485,[等级26],[粉丝团 Lv11]
2026-05-03 14:07:42,110666097981,陈豆豆,15,543557,[等级5],[粉丝团 Lv8]
2026-05-03 14:07:45,101466830452,🐾 ʚʕ̯•͡˔•̯᷅ʔ蓝桉,27,543618,[等级26],[粉丝团 Lv11]
2026-05-03 14:07:48,817656279348318,糖果小可爱,12,543719,,
2026-05-03 14:07:51,95738875100,ㅤㅤ7,3,543799,[等级16],
2026-05-03 14:07:54,93088734822,三木bro,3,543864,[等级19],
2026-05-03 14:07:57,101466830452,🐾 ʚʕ̯•͡˔•̯᷅ʔ蓝桉,21,543912,[等级26],[粉丝团 Lv11]
2026-05-03 14:08:00,538130867553754,旺崽剧场01,12,543940,[等级2],
2026-05-03 14:08:03,101466830452,🐾 ʚʕ̯•͡˔•̯᷅ʔ蓝桉,18,543966,[等级26],[粉丝团 Lv11]
2026-05-03 14:08:06,237088232449438,醉仙灵芙🌿,15,544007,[等级8],[粉丝团 Lv10]
2026-05-03 14:08:10,237088232449438,醉仙灵芙🌿,21,544071,[等级8],[粉丝团 Lv10]
2026-05-03 14:08:12,3118672102042427,再笑,6,544123,[等级25],[粉丝团 Lv10]
2026-05-03 14:08:16,1601348601906184,美人吟,12,544155,[等级6],
2026-05-03 14:08:19,111152566123,脆脆鲨🍍,30,544187,[等级26],[粉丝团 Lv14]
2026-05-03 14:08:21,1601348601906184,美人吟,6,544213,[等级6],
2026-05-03 14:08:25,92502883374,Great Ming,30,544260,[等级26],[粉丝团 Lv10]
2026-05-03 14:08:28,3118670421442236,雨天头痛,3,544289,[等级1],[粉丝团 Lv5]
2026-05-03 14:08:31,92502883374,Great Ming,27,544330,[等级26],[粉丝团 Lv10]
2026-05-03 14:08:33,1601348601906184,美人吟,3,544357,[等级6],
2026-05-03 14:08:37,453442174718862,张君雅的陛下⁵¹⁰⁷⁴,9,544405,[等级35],[粉丝团 Lv16]
2026-05-03 14:08:39,1601348601906184,美人吟,6,544438,[等级6],
2026-05-03 14:08:42,110666097981,陈豆豆,30,544520,[等级5],[粉丝团 Lv8]
2026-05-03 14:08:45,2480913132041672,浮午盏斩不断…,3,544617,[等级8],[粉丝团 Lv2]
2026-05-03 14:08:48,92502883374,Great Ming,30,544683,[等级26],[粉丝团 Lv10]
2026-05-03 14:08:51,1601348601906184,美人吟,9,544762,[等级6],
2026-05-03 14:08:54,110666097981,陈豆豆,15,544827,[等级5],[粉丝团 Lv8]
2026-05-03 14:08:58,108242364337,白先森,15,544890,[等级17],
2026-05-03 14:09:00,453442174718862,张君雅的陛下⁵¹⁰⁷⁴,33,544977,[等级35],[粉丝团 Lv16]
2026-05-03 14:09:03,101466830452,🐾 ʚʕ̯•͡˔•̯᷅ʔ蓝桉,24,545069,[等级26],[粉丝团 Lv11]
2026-05-03 14:09:06,237088232449438,醉仙灵芙🌿,18,545201,[等级8],[粉丝团 Lv10]
2026-05-03 14:09:10,69290286359,导爷,3,545335,[等级13],
2026-05-03 14:09:12,110666097981,陈豆豆,30,545432,[等级5],[粉丝团 Lv8]
2026-05-03 14:09:15,4108196879016199,请和我说晚安,9,545500,[等级1],
2026-05-03 14:09:18,110666097981,陈豆豆,27,545614,[等级5],[粉丝团 Lv8]
2026-05-03 14:09:22,4108196879016199,请和我说晚安,3,545702,[等级1],
2026-05-03 14:09:24,3069441902392800,冬念知.,9,545765,[等级6],[粉丝团 Lv8]
2026-05-03 14:09:27,1601348601906184,美人吟,3,545848,[等级6],
2026-05-03 14:09:30,2550473376414616,下雪,36,545918,[等级9],[粉丝团 Lv9]
2026-05-03 14:09:34,110666097981,陈豆豆,30,546005,[等级5],[粉丝团 Lv8]
2026-05-03 14:09:36,110666097981,陈豆豆,21,546037,[等级5],[粉丝团 Lv8]
2026-05-03 14:09:39,2622776706861267,Mouse,6,546120,[等级3],
2026-05-03 14:09:43,4056544879582439,···,27,546217,[等级1],
2026-05-03 14:09:45,111152566123,脆脆鲨🍍,30,546293,[等级26],[粉丝团 Lv14]
2026-05-03 14:09:49,4056544879582439,···,27,546392,[等级1],
2026-05-03 14:09:52,63569356651,dudu,9,546461,[等级5],
2026-05-03 14:09:54,237088232449438,醉仙灵芙🌿,6,546527,[等级8],[粉丝团 Lv10]
2026-05-03 14:09:57,111152566123,脆脆鲨🍍,30,546609,[等级26],[粉丝团 Lv14]
2026-05-03 14:10:00,4056544879582439,···,27,546708,[等级1],
2026-05-03 14:10:03,111152566123,脆脆鲨🍍,30,546762,[等级26],[粉丝团 Lv14]
2026-05-03 14:10:06,3118670421442236,雨天头痛,3,546834,[等级1],[粉丝团 Lv5]
2026-05-03 14:10:09,111152566123,脆脆鲨🍍,27,546888,[等级26],[粉丝团 Lv14]
2026-05-03 14:10:12,110278273984,"Future""",6,546945,[等级1],
2026-05-03 14:10:15,111152566123,脆脆鲨🍍,33,547011,[等级26],[粉丝团 Lv14]
2026-05-03 14:10:18,3118670421442236,雨天头痛,3,547122,[等级1],[粉丝团 Lv5]
2026-05-03 14:10:21,111152566123,脆脆鲨🍍,30,547232,[等级26],[粉丝团 Lv14]
2026-05-03 14:10:24,237088232449438,醉仙灵芙🌿,24,547330,[等级8],[粉丝团 Lv10]
2026-05-03 14:10:28,111152566123,脆脆鲨🍍,33,547375,[等级26],[粉丝团 Lv14]
2026-05-03 14:10:31,453442174718862,张君雅的陛下⁵¹⁰⁷⁴,6,547415,[等级35],[粉丝团 Lv16]
2026-05-03 14:10:33,111152566123,脆脆鲨🍍,30,547478,[等级26],[粉丝团 Lv14]
2026-05-03 14:10:36,3118670421442236,雨天头痛,3,547528,[等级1],[粉丝团 Lv5]
2026-05-03 14:10:39,111152566123,脆脆鲨🍍,30,547554,[等级26],[粉丝团 Lv14]
2026-05-03 14:10:43,92502883374,Great Ming,27,547575,[等级26],[粉丝团 Lv10]
2026-05-03 14:10:45,111152566123,脆脆鲨🍍,30,547608,[等级26],[粉丝团 Lv14]
2026-05-03 14:10:49,3118670421442236,雨天头痛,3,547659,[等级1],[粉丝团 Lv5]
2026-05-03 14:10:51,2832809861583848,人广一人,3,547681,,
2026-05-03 14:10:55,453442174718862,张君雅的陛下⁵¹⁰⁷⁴,30,547740,[等级35],[粉丝团 Lv16]
2026-05-03 14:10:57,111152566123,脆脆鲨🍍,33,547784,[等级26],[粉丝团 Lv14]
2026-05-03 14:11:00,453442174718862,张君雅的陛下⁵¹⁰⁷⁴,30,547857,[等级35],[粉丝团 Lv16]
2026-05-03 14:11:03,69513571814,汉堡🍔,9,547934,[等级15],[粉丝团 Lv12]
2026-05-03 14:11:06,4367720169082509,羽鹤,9,547983,[等级18],[粉丝团 Lv6]
2026-05-03 14:11:09,98762701151,矜,3,548061,[等级8],
2026-05-03 14:11:12,82119428294,🌈昔年,3,548127,[等级4],
2026-05-03 14:11:15,99689135265,陈小乐,30,548205,[等级27],[粉丝团 Lv13]
2026-05-03 14:11:18,453442174718862,张君雅的陛下⁵¹⁰⁷⁴,33,548313,[等级35],[粉丝团 Lv16]
2026-05-03 14:11:21,99689135265,陈小乐,6,548391,[等级27],[粉丝团 Lv13]
2026-05-03 14:11:24,110666097981,陈豆豆,15,548512,[等级5],[粉丝团 Lv8]
2026-05-03 14:11:27,99689135265,陈小乐,33,548651,[等级27],[粉丝团 Lv13]
2026-05-03 14:11:30,63569356651,dudu,21,548729,[等级5],
2026-05-03 14:11:33,99689135265,陈小乐,15,548847,[等级27],[粉丝团 Lv13]
2026-05-03 14:11:36,63569356651,dudu,30,548918,[等级5],
2026-05-03 14:11:39,66286275708,心甘,18,548998,[等级9],[粉丝团 Lv3]
2026-05-03 14:11:42,63569356651,dudu,27,549063,[等级5],
2026-05-03 14:11:45,104900916637,番茄炒鸡蛋,27,549122,[等级3],[粉丝团 Lv3]
2026-05-03 14:11:48,63569356651,dudu,30,549168,[等级5],
2026-05-03 14:11:51,66286275708,心甘,6,549220,[等级9],[粉丝团 Lv3]
2026-05-03 14:11:54,63569356651,dudu,27,549257,[等级5],
2026-05-03 14:11:57,3104613352084124,五行缺钱,42,549323,[等级9],
2026-05-03 14:12:00,453442174718862,张君雅的陛下⁵¹⁰⁷⁴,30,549430,[等级35],[粉丝团 Lv16]
2026-05-03 14:12:04,96486891649,胡,3,549485,,
2026-05-03 14:12:06,110631955568,Amber,9,549532,[等级10],[粉丝团 Lv9]
2026-05-03 14:12:09,3104613352084124,五行缺钱,36,549630,[等级9],
2026-05-03 14:12:13,76906887668,墨蓝,18,549724,[等级13],
2026-05-03 14:12:15,56838813663,不(╯忘初╰)心,6,549778,[等级32],[粉丝团 Lv10]
2026-05-03 14:12:18,1794029961617984,酃,21,549831,[等级17],[粉丝团 Lv12]
2026-05-03 14:12:21,3359699855228654,困崽,3,549901,[等级4],
2026-05-03 14:12:24,63569356651,dudu,27,549971,[等级5],
2026-05-03 14:12:28,64515475852,你看起来很好吃,30,550040,[等级8],[粉丝团 Lv10]
2026-05-03 14:12:30,2444905074159805,王八念经,6,550084,[等级3],
2026-05-03 14:12:33,237088232449438,醉仙灵芙🌿,6,550111,[等级8],[粉丝团 Lv10]
2026-05-03 14:12:36,168651748289824,方天翼,21,550169,[等级16],
2026-05-03 14:12:41,453442174718862,张君雅的陛下⁵¹⁰⁷⁴,27,550243,[等级35],[粉丝团 Lv16]
2026-05-03 14:12:43,76906887668,墨蓝,33,550275,[等级13],
2026-05-03 14:12:45,105449029228,ㅤ  ㅤ,39,550359,[等级6],[粉丝团 Lv6]
2026-05-03 14:12:49,76906887668,墨蓝,30,550448,[等级13],
2026-05-03 14:12:51,60725583055,想要弟弟的人 💫,30,550531,[等级2],[粉丝团 Lv4]
2026-05-03 14:12:55,54742180725,第三瓶养乐多,24,550654,[等级15],[粉丝团 Lv10]
2026-05-03 14:12:57,111167996121,深山老头,15,550748,[等级31],[粉丝团 Lv16]
2026-05-03 14:13:01,168651748289824,方天翼,18,550915,[等级16],
2026-05-03 14:13:03,7614495429729027130,你霉柿吧˚.🧸,24,551080,[等级7],[粉丝团 Lv9]
2026-05-03 14:13:07,54742180725,第三瓶养乐多,30,551265,[等级15],[粉丝团 Lv10]
2026-05-03 14:13:10,7599649461829354555,我不只对你好,15,551433,[等级2],
2026-05-03 14:13:12,54742180725,第三瓶养乐多,30,551580,[等级15],[粉丝团 Lv10]
2026-05-03 14:13:16,7614495429729027130,你霉柿吧˚.🧸,30,551685,[等级7],[粉丝团 Lv9]
2026-05-03 14:13:19,76906887668,墨蓝,36,551840,[等级13],
2026-05-03 14:13:22,7599649461829354555,我不只对你好,15,551965,[等级2],
2026-05-03 14:13:24,2629647581341661,亐瞹,39,552074,[等级22],[粉丝团 Lv11]
2026-05-03 14:13:27,962773911873229,打工赚钱养维尼,36,552241,[等级12],[粉丝团 Lv3]
2026-05-03 14:13:30,110666097981,陈豆豆,6,552397,[等级5],[粉丝团 Lv8]
2026-05-03 14:13:34,96486891649,胡,3,552572,,
2026-05-03 14:13:36,107753266109,靓仔 ²₂²,33,552703,[等级20],[粉丝团 Lv15]
2026-05-03 14:13:40,7599649461829354555,我不只对你好,21,552778,[等级2],
2026-05-03 14:13:42,2629647581341661,亐瞹,39,552876,[等级22],[粉丝团 Lv11]
2026-05-03 14:13:45,4419687387771835,辉之不去的爱,21,553015,[等级3],
2026-05-03 14:13:49,107753266109,靓仔 ²₂²,30,553167,[等级20],[粉丝团 Lv15]
2026-05-03 14:13:51,59250145536,吹吹风.,3,553291,[等级12],[粉丝团 Lv3]
2026-05-03 14:13:54,2629647581341661,亐瞹,39,553444,[等级22],[粉丝团 Lv11]
2026-05-03 14:13:57,102211947201,家有三宝，,3,553545,[等级16],
2026-05-03 14:14:01,107753266109,靓仔 ²₂²,21,553669,[等级20],[粉丝团 Lv15]
2026-05-03 14:14:03,910017182052196,清风明月,3,553765,,
2026-05-03 14:14:07,68136174816,K I,30,553844,[等级19],[粉丝团 Lv4]
2026-05-03 14:14:09,4424893833152766,同友益农副产品配送公司,24,553904,[等级16],[粉丝团 Lv10]
2026-05-03 14:14:13,68136174816,K I,30,553977,[等级19],[粉丝团 Lv4]
2026-05-03 14:14:15,4424893833152766,同友益农副产品配送公司,24,554051,[等级16],[粉丝团 Lv10]
2026-05-03 14:14:19,110666097981,陈豆豆,3,554108,[等级5],[粉丝团 Lv8]
2026-05-03 14:14:22,96565671920,达达达布溜,33,554176,[等级21],[粉丝团 Lv3]
2026-05-03 14:14:24,68136174816,K I,30,554212,[等级19],[粉丝团 Lv4]
2026-05-03 14:14:28,2093067748255504,@？～￥￥￥￥ycfx,48,554268,[等级13],[粉丝团 Lv13]
2026-05-03 14:14:30,68136174816,K I,27,554310,[等级19],[粉丝团 Lv4]
2026-05-03 14:14:34,96565671920,达达达布溜,39,554371,[等级21],[粉丝团 Lv3]
2026-05-03 14:14:36,96565671920,达达达布溜,39,554419,[等级21],[粉丝团 Lv3]
2026-05-03 14:14:40,2093067748255504,@？～￥￥￥￥ycfx,3,554455,[等级13],[粉丝团 Lv13]
2026-05-03 14:14:42,96565671920,达达达布溜,18,554479,[等级21],[粉丝团 Lv3]
2026-05-03 14:14:45,65103907362,憨憨小哥,3,554505,[等级6],
2026-05-03 14:14:49,68136174816,K I,27,554533,[等级19],[粉丝团 Lv4]
2026-05-03 14:14:53,68136174816,K I,27,554553,[等级19],[粉丝团 Lv4]
2026-05-03 14:14:55,68136174816,K I,27,554565,[等级19],[粉丝团 Lv4]
2026-05-03 14:14:58,3118670421442236,雨天头痛,3,554585,[等级1],[粉丝团 Lv5]
2026-05-03 14:15:01,68136174816,K I,30,554604,[等级19],[粉丝团 Lv4]
2026-05-03 14:15:05,68136174816,K I,27,554634,[等级19],[粉丝团 Lv4]
2026-05-03 14:15:06,1373709734260448,半夜饿醒骑老奶奶横冲直撞进城吃拼好饭,3,554646,[等级11],
2026-05-03 14:15:11,68136174816,K I,27,554666,[等级19],[粉丝团 Lv4]
2026-05-03 14:15:13,68136174816,K I,27,554682,[等级19],[粉丝团 Lv4]
2026-05-03 14:15:15,2836360551478835,睡了一觉终于醒了,3,554697,[等级21],[粉丝团 Lv4]
2026-05-03 14:15:19,68136174816,K I,27,554719,[等级19],[粉丝团 Lv4]
2026-05-03 14:15:23,68136174816,K I,30,554749,[等级19],[粉丝团 Lv4]
2026-05-03 14:15:24,68136174816,K I,24,554759,[等级19],[粉丝团 Lv4]
2026-05-03 14:15:28,95489698917,Aug晚安,30,554786,[等级25],[粉丝团 Lv7]
2026-05-03 14:15:30,68136174816,K I,27,554809,[等级19],[粉丝团 Lv4]
2026-05-03 14:15:34,1499379404378525,用户5193999307691,27,554831,[等级2],
2026-05-03 14:15:36,2076314016424583,我会发着呆,3,554864,[等级1],
2026-05-03 14:15:40,1293483307448312,序言页,6,554887,[等级6],[粉丝团 Lv7]
2026-05-03 14:15:42,68136174816,K I,30,554920,[等级19],[粉丝团 Lv4]
2026-05-03 14:15:46,1293483307448312,序言页,27,554962,[等级6],[粉丝团 Lv7]
2026-05-03 14:15:48,68136174816,K I,30,555026,[等级19],[粉丝团 Lv4]
2026-05-03 14:15:52,1293483307448312,序言页,21,555067,[等级6],[粉丝团 Lv7]
2026-05-03 14:15:54,95489698917,Aug晚安,27,555124,[等级25],[粉丝团 Lv7]
2026-05-03 14:15:58,95489698917,Aug晚安,27,555232,[等级25],[粉丝团 Lv7]
2026-05-03 14:16:01,68136174816,K I,27,555253,[等级19],[粉丝团 Lv4]
2026-05-03 14:16:05,68136174816,K I,24,555292,[等级19],[粉丝团 Lv4]
2026-05-03 14:16:07,68136174816,K I,30,555312,[等级19],[粉丝团 Lv4]
2026-05-03 14:16:09,237088232449438,醉仙灵芙🌿,6,555336,[等级8],[粉丝团 Lv10]
2026-05-03 14:16:13,453442174718862,张君雅的陛下⁵¹⁰⁷⁴,3,555377,[等级35],[粉丝团 Lv16]
2026-05-03 14:16:17,453442174718862,张君雅的陛下⁵¹⁰⁷⁴,33,555448,[等级35],[粉丝团 Lv16]
2026-05-03 14:16:19,453442174718862,张君雅的陛下⁵¹⁰⁷⁴,30,555477,[等级35],[粉丝团 Lv16]
2026-05-03 14:16:22,110666097981,陈豆豆,9,555514,[等级5],[粉丝团 Lv8]
2026-05-03 14:16:24,110666097981,陈豆豆,15,555551,[等级5],[粉丝团 Lv8]
2026-05-03 14:16:28,68136174816,K I,24,555610,[等级19],[粉丝团 Lv4]
2026-05-03 14:16:30,68136174816,K I,30,555621,[等级19],[粉丝团 Lv4]
2026-05-03 14:16:34,1415767952730599,招财¥@¥进宝,3,555654,[等级15],
2026-05-03 14:16:36,1794029961617984,酃,9,555688,[等级17],[粉丝团 Lv12]
2026-05-03 14:16:40,449063295654064,祈求生作伴🐾,15,555757,[等级25],
2026-05-03 14:16:42,449063295654064,祈求生作伴🐾,3,555783,[等级25],
2026-05-03 14:16:46,449063295654064,祈求生作伴🐾,6,555842,[等级25],
2026-05-03 14:16:48,110545050445,🌈芥末小饼干,6,555871,[等级6],
2026-05-03 14:16:52,85849895551,小香蕉,3,555883,[等级21],[粉丝团 Lv10]
2026-05-03 14:16:54,55297650633,下次见面会有花吗,3,555917,[等级21],[粉丝团 Lv10]
2026-05-03 14:16:58,2145888220228567,用户18054358,3,555956,[等级16],[粉丝团 Lv12]
2026-05-03 14:17:00,99221393873,herui,33,556022,[等级11],
2026-05-03 14:17:04,110666097981,陈豆豆,9,556077,[等级5],[粉丝团 Lv8]
2026-05-03 14:17:06,102524406030,福多多,27,556123,[等级12],
2026-05-03 14:17:10,61809113481,遗憾,3,556170,[等级37],
2026-05-03 14:17:12,110666097981,陈豆豆,12,556264,[等级5],[粉丝团 Lv8]
2026-05-03 14:17:15,3996042779174968,慕.辞,3,556346,[等级21],
2026-05-03 14:17:19,55297650633,下次见面会有花吗,30,556431,[等级21],[粉丝团 Lv10]
2026-05-03 14:17:23,105636218963,伤心的我,6,556502,[等级9],
2026-05-03 14:17:25,55297650633,下次见面会有花吗,27,556540,[等级21],[粉丝团 Lv10]
2026-05-03 14:17:29,453442174718862,张君雅的陛下⁵¹⁰⁷⁴,30,556610,[等级35],[粉丝团 Lv16]
2026-05-03 14:17:30,277530451378247,iq年锦,3,556639,,
2026-05-03 14:17:34,68136174816,K I,30,556674,[等级19],[粉丝团 Lv4]
2026-05-03 14:17:36,68136174816,K I,24,556682,[等级19],[粉丝团 Lv4]
2026-05-03 14:17:39,3118670421442236,雨天头痛,3,556709,[等级1],[粉丝团 Lv5]
2026-05-03 14:17:42,110666097981,陈豆豆,3,556772,[等级5],[粉丝团 Lv8]
2026-05-03 14:17:45,3069441902392800,冬念知.,21,556861,[等级6],[粉丝团 Lv8]
2026-05-03 14:17:48,1635663117822247,F.F.F,24,556931,[等级2],
2026-05-03 14:17:51,60047544879,呆了个呆,6,557006,[等级20],[粉丝团 Lv11]
2026-05-03 14:17:54,1794029961617984,酃,33,557090,[等级17],[粉丝团 Lv12]
2026-05-03 14:17:58,449063295654064,祈求生作伴🐾,36,557211,[等级25],
2026-05-03 14:18:00,449063295654064,祈求生作伴🐾,30,557259,[等级25],
2026-05-03 14:18:04,449063295654064,祈求生作伴🐾,33,557353,[等级25],
2026-05-03 14:18:06,449063295654064,祈求生作伴🐾,24,557401,[等级25],
2026-05-03 14:18:10,94998562130,暖心❤️向阳,21,557511,[等级12],
2026-05-03 14:18:12,70167607627,落地钢枪崴脚了,24,557551,[等级30],[粉丝团 Lv12]
2026-05-03 14:18:15,3211053154974091,？,6,557607,,
2026-05-03 14:18:18,70167607627,落地钢枪崴脚了,24,557690,[等级30],[粉丝团 Lv12]
2026-05-03 14:18:21,3211053154974091,？,24,557758,,
2026-05-03 14:18:24,94998562130,暖心❤️向阳,24,557827,[等级12],
2026-05-03 14:18:27,1939157993129428,莓柿,30,557895,[等级5],[粉丝团 Lv1]
2026-05-03 14:18:31,94998562130,暖心❤️向阳,27,557967,[等级12],
2026-05-03 14:18:33,67419283427,喍喍,3,558065,[等级9],
2026-05-03 14:18:36,94998562130,暖心❤️向阳,27,558156,[等级12],
2026-05-03 14:18:39,4493028499924468,dddddd,9,558253,[等级20],
2026-05-03 14:18:43,94998562130,暖心❤️向阳,27,558345,[等级12],
2026-05-03 14:18:45,63611092592,楠一💙,9,558448,[等级17],[粉丝团 Lv3]
2026-05-03 14:18:49,94998562130,暖心❤️向阳,30,558553,[等级12],
2026-05-03 14:18:51,1983125552643372,阿迪,3,558658,[等级1],
2026-05-03 14:18:54,1794029961617984,酃,18,558772,[等级17],[粉丝团 Lv12]
2026-05-03 14:18:58,1939157993129428,莓柿,30,558905,[等级5],[粉丝团 Lv1]
2026-05-03 14:19:00,94998562130,暖心❤️向阳,24,559036,[等级12],
2026-05-03 14:19:03,63611092592,楠一💙,9,559192,[等级17],[粉丝团 Lv3]
2026-05-03 14:19:06,1261890500042333,天然,3,559345,[等级9],
2026-05-03 14:19:10,1939157993129428,莓柿,3,559479,[等级5],[粉丝团 Lv1]
2026-05-03 14:19:12,94998562130,暖心❤️向阳,24,559627,[等级12],
2026-05-03 14:19:15,63611092592,楠一💙,21,559808,[等级17],[粉丝团 Lv3]
2026-05-03 14:19:18,279718988623529,Luka,12,559964,[等级22],[粉丝团 Lv4]
2026-05-03 14:19:21,111167996121,深山老头,48,560098,[等级31],[粉丝团 Lv16]
2026-05-03 14:19:24,742891425894557,农商涂,9,560208,,
2026-05-03 14:19:27,55297650633,下次见面会有花吗,30,560350,[等级21],[粉丝团 Lv10]
2026-05-03 14:19:30,94998562130,暖心❤️向阳,27,560457,[等级12],
2026-05-03 14:19:33,55297650633,下次见面会有花吗,27,560537,[等级21],[粉丝团 Lv10]
2026-05-03 14:19:36,94998562130,暖心❤️向阳,24,560629,[等级12],
2026-05-03 14:19:39,55297650633,下次见面会有花吗,30,560695,[等级21],[粉丝团 Lv10]
2026-05-03 14:19:42,94998562130,暖心❤️向阳,27,560801,[等级12],
2026-05-03 14:19:45,55297650633,下次见面会有花吗,30,560885,[等级21],[粉丝团 Lv10]
2026-05-03 14:19:49,2722833297056100,纯看🤨,21,560980,[等级24],
2026-05-03 14:19:51,55297650633,下次见面会有花吗,30,561084,[等级21],[粉丝团 Lv10]
2026-05-03 14:19:55,4009294801679780,！,6,561195,,
2026-05-03 14:19:57,55297650633,下次见面会有花吗,27,561299,[等级21],[粉丝团 Lv10]
2026-05-03 14:20:00,52491426048,大王,21,561379,[等级3],[粉丝团 Lv6]
2026-05-03 14:20:03,55297650633,下次见面会有花吗,27,561445,[等级21],[粉丝团 Lv10]
2026-05-03 14:20:06,52491426048,大王,18,561518,[等级3],[粉丝团 Lv6]
2026-05-03 14:20:09,55297650633,下次见面会有花吗,27,561610,[等级21],[粉丝团 Lv10]
2026-05-03 14:20:12,2590866089184749,刀斩相思情,6,561695,,
2026-05-03 14:20:16,55297650633,下次见面会有花吗,30,561804,[等级21],[粉丝团 Lv10]
2026-05-03 14:20:18,2590866089184749,刀斩相思情,27,561908,,
2026-05-03 14:20:21,110631955568,Amber,24,562026,[等级10],[粉丝团 Lv9]
2026-05-03 14:20:24,2590866089184749,刀斩相思情,24,562168,,
2026-05-03 14:20:27,105294864799,未来可期::,3,562305,[等级7],[粉丝团 Lv9]
2026-05-03 14:20:30,52491426048,大王,18,562428,[等级3],[粉丝团 Lv6]
2026-05-03 14:20:33,110631955568,Amber,24,562567,[等级10],[粉丝团 Lv9]
2026-05-03 14:20:36,94998562130,暖心❤️向阳,24,562664,[等级12],
2026-05-03 14:20:39,95298842624,ღ   阿蓝,6,562749,[等级11],
2026-05-03 14:20:42,94998562130,暖心❤️向阳,27,562878,[等级12],
2026-05-03 14:20:45,110631955568,Amber,24,562986,[等级10],[粉丝团 Lv9]
2026-05-03 14:20:49,52491426048,大王,18,563111,[等级3],[粉丝团 Lv6]
2026-05-03 14:20:51,110631955568,Amber,24,563204,[等级10],[粉丝团 Lv9]
2026-05-03 14:20:55,94998562130,暖心❤️向阳,27,563324,[等级12],
2026-05-03 14:20:57,110631955568,Amber,24,563419,[等级10],[粉丝团 Lv9]
2026-05-03 14:21:00,52491426048,大王,9,563548,[等级3],[粉丝团 Lv6]
2026-05-03 14:21:03,110631955568,Amber,12,563640,[等级10],[粉丝团 Lv9]
2026-05-03 14:21:06,2590866089184749,刀斩相思情,27,563730,,
2026-05-03 14:21:09,88021041743,凨,30,563825,[等级22],[粉丝团 Lv11]
2026-05-03 14:21:12,2590866089184749,刀斩相思情,12,563942,,
2026-05-03 14:21:16,88021041743,凨,24,564028,[等级22],[粉丝团 Lv11]
2026-05-03 14:21:18,3118670421442236,雨天头痛,3,564107,[等级1],[粉丝团 Lv5]
2026-05-03 14:21:22,55297650633,下次见面会有花吗,30,564208,[等级21],[粉丝团 Lv10]
2026-05-03 14:21:24,3118670421442236,雨天头痛,21,564321,[等级1],[粉丝团 Lv5]
2026-05-03 14:21:27,55297650633,下次见面会有花吗,27,564427,[等级21],[粉丝团 Lv10]
2026-05-03 14:21:30,52491426048,大王,12,564516,[等级3],[粉丝团 Lv6]
2026-05-03 14:21:33,55297650633,下次见面会有花吗,27,564628,[等级21],[粉丝团 Lv10]
2026-05-03 14:21:36,2590866089184749,刀斩相思情,30,564716,,
2026-05-03 14:21:39,55297650633,下次见面会有花吗,27,564797,[等级21],[粉丝团 Lv10]
2026-05-03 14:21:42,2590866089184749,刀斩相思情,30,564850,,
2026-05-03 14:21:46,55297650633,下次见面会有花吗,30,564907,[等级21],[粉丝团 Lv10]
2026-05-03 14:21:48,1794029961617984,酃,21,564966,[等级17],[粉丝团 Lv12]
2026-05-03 14:21:52,2458102176691848,堇年,6,565031,[等级12],[粉丝团 Lv9]
2026-05-03 14:21:55,94998562130,暖心❤️向阳,27,565103,[等级12],
2026-05-03 14:21:58,55297650633,下次见面会有花吗,33,565147,[等级21],[粉丝团 Lv10]
2026-05-03 14:22:01,94998562130,暖心❤️向阳,27,565201,[等级12],
2026-05-03 14:22:03,7409932645842732091,Riiou,27,565254,[等级6],[粉丝团 Lv3]
2026-05-03 14:22:06,94998562130,暖心❤️向阳,27,565316,[等级12],
2026-05-03 14:22:10,2458102176691848,堇年,24,565378,[等级12],[粉丝团 Lv9]
2026-05-03 14:22:12,94998562130,暖心❤️向阳,24,565416,[等级12],
2026-05-03 14:22:16,72516570982,味道,3,565482,[等级13],[粉丝团 Lv2]
2026-05-03 14:22:18,2312987928181720,大雪的老公,3,565588,[等级3],
2026-05-03 14:22:21,7409932645842732091,Riiou,12,565662,[等级6],[粉丝团 Lv3]
2026-05-03 14:22:24,2590866089184749,刀斩相思情,18,565754,,
2026-05-03 14:22:27,99521902808,张君雅的啤酒瓶,36,565857,[等级34],[粉丝团:张君雅 Lv15]
2026-05-03 14:22:30,1794029961617984,酃,12,565933,[等级17],[粉丝团 Lv12]
2026-05-03 14:22:34,99521902808,张君雅的啤酒瓶,36,566040,[等级34],[粉丝团:张君雅 Lv15]
2026-05-03 14:22:36,94998562130,暖心❤️向阳,24,566111,[等级12],
2026-05-03 14:22:40,99521902808,张君雅的啤酒瓶,42,566196,[等级34],[粉丝团:张君雅 Lv15]
2026-05-03 14:22:42,94998562130,暖心❤️向阳,30,566270,[等级12],
2026-05-03 14:22:46,99521902808,张君雅的啤酒瓶,21,566340,[等级34],[粉丝团:张君雅 Lv15]
2026-05-03 14:22:48,94998562130,暖心❤️向阳,27,566368,[等级12],
2026-05-03 14:22:52,2458102176691848,堇年,12,566443,[等级12],[粉丝团 Lv9]
2026-05-03 14:22:54,55297650633,下次见面会有花吗,27,566515,[等级21],[粉丝团 Lv10]
2026-05-03 14:22:58,2458102176691848,堇年,27,566634,[等级12],[粉丝团 Lv9]
2026-05-03 14:23:00,55297650633,下次见面会有花吗,27,566709,[等级21],[粉丝团 Lv10]
2026-05-03 14:23:04,2458102176691848,堇年,27,566833,[等级12],[粉丝团 Lv9]
2026-05-03 14:23:06,55297650633,下次见面会有花吗,27,566920,[等级21],[粉丝团 Lv10]
2026-05-03 14:23:09,58760355695,二小姐呀,3,567012,[等级12],[粉丝团 Lv10]
2026-05-03 14:23:12,55297650633,下次见面会有花吗,27,567098,[等级21],[粉丝团 Lv10]
2026-05-03 14:23:15,7409932645842732091,Riiou,9,567155,[等级6],[粉丝团 Lv3]
2026-05-03 14:23:18,55297650633,下次见面会有花吗,27,567244,[等级21],[粉丝团 Lv10]
2026-05-03 14:23:22,2458102176691848,堇年,27,567331,[等级12],[粉丝团 Lv9]
2026-05-03 14:23:24,55297650633,下次见面会有花吗,27,567380,[等级21],[粉丝团 Lv10]
2026-05-03 14:23:28,2458102176691848,堇年,30,567475,[等级12],[粉丝团 Lv9]
2026-05-03 14:23:30,2590866089184749,刀斩相思情,30,567548,,
2026-05-03 14:23:33,2458102176691848,堇年,18,567641,[等级12],[粉丝团 Lv9]
2026-05-03 14:23:36,55297650633,下次见面会有花吗,27,567707,[等级21],[粉丝团 Lv10]
2026-05-03 14:23:40,2458102176691848,堇年,27,567793,[等级12],[粉丝团 Lv9]
2026-05-03 14:23:42,99521902808,张君雅的啤酒瓶,36,567863,[等级34],[粉丝团:张君雅 Lv15]
2026-05-03 14:23:46,2590866089184749,刀斩相思情,12,567966,,
2026-05-03 14:23:48,99521902808,张君雅的啤酒瓶,42,568026,[等级34],[粉丝团:张君雅 Lv15]
2026-05-03 14:23:52,2458102176691848,堇年,24,568118,[等级12],[粉丝团 Lv9]
2026-05-03 14:23:54,99521902808,张君雅的啤酒瓶,39,568182,[等级34],[粉丝团:张君雅 Lv15]
2026-05-03 14:23:58,580132056349006,不系舟,6,568250,[等级5],[粉丝团 Lv8]
2026-05-03 14:24:00,99521902808,张君雅的啤酒瓶,36,568338,[等级34],[粉丝团:张君雅 Lv15]
2026-05-03 14:24:04,99521902808,张君雅的啤酒瓶,33,568424,[等级34],[粉丝团:张君雅 Lv15]
2026-05-03 14:24:07,99521902808,张君雅的啤酒瓶,36,568464,[等级34],[粉丝团:张君雅 Lv15]
2026-05-03 14:24:10,2458102176691848,堇年,3,568580,[等级12],[粉丝团 Lv9]
2026-05-03 14:24:12,99521902808,张君雅的啤酒瓶,36,568650,[等级34],[粉丝团:张君雅 Lv15]
2026-05-03 14:24:16,7409932645842732091,Riiou,27,568725,[等级6],[粉丝团 Lv3]
2026-05-03 14:24:18,63529333873,浅蓝。,15,568827,[等级3],
2026-05-03 14:24:22,7409932645842732091,Riiou,27,568916,[等级6],[粉丝团 Lv3]
2026-05-03 14:24:24,2207437687098365,7 1 7 1,3,569011,[等级11],[粉丝团 Lv11]
2026-05-03 14:24:28,7409932645842732091,Riiou,30,569114,[等级6],[粉丝团 Lv3]
2026-05-03 14:24:30,93209594404,🇨🇳ZLC丶北港孤猫,21,569193,[等级17],[粉丝团 Lv6]
2026-05-03 14:24:34,2458102176691848,堇年,30,569267,[等级12],[粉丝团 Lv9]
2026-05-03 14:24:36,94998562130,暖心❤️向阳,24,569335,[等级12],
2026-05-03 14:24:40,2458102176691848,堇年,27,569392,[等级12],[粉丝团 Lv9]
2026-05-03 14:24:42,23241494863,曦,3,569455,[等级1],
2026-05-03 14:24:46,1293483307448312,序言页,30,569520,[等级6],[粉丝团 Lv7]
2026-05-03 14:24:48,94998562130,暖心❤️向阳,27,569609,[等级12],
2026-05-03 14:24:51,237088232449438,醉仙灵芙🌿,18,569693,[等级8],[粉丝团 Lv10]
2026-05-03 14:24:54,94998562130,暖心❤️向阳,27,569821,[等级12],
2026-05-03 14:24:57,109432862386,臻臻 °,3,569894,[等级12],
2026-05-03 14:25:00,94998562130,暖心❤️向阳,24,570002,[等级12],
2026-05-03 14:25:03,237088232449438,醉仙灵芙🌿,24,570078,[等级8],[粉丝团 Lv10]
2026-05-03 14:25:07,94998562130,暖心❤️向阳,24,570217,[等级12],
2026-05-03 14:25:09,237088232449438,醉仙灵芙🌿,24,570315,[等级8],[粉丝团 Lv10]
2026-05-03 14:25:13,4345744815298495,7849,15,570411,[等级8],[粉丝团 Lv8]
2026-05-03 14:25:15,237088232449438,醉仙灵芙🌿,21,570479,[等级8],[粉丝团 Lv10]
2026-05-03 14:25:18,4345744815298495,7849,27,570578,[等级8],[粉丝团 Lv8]
2026-05-03 14:25:21,237088232449438,醉仙灵芙🌿,18,570639,[等级8],[粉丝团 Lv10]
2026-05-03 14:25:24,4345744815298495,7849,33,570720,[等级8],[粉丝团 Lv8]
2026-05-03 14:25:27,237088232449438,醉仙灵芙🌿,12,570778,[等级8],[粉丝团 Lv10]
2026-05-03 14:25:30,4345744815298495,7849,27,570849,[等级8],[粉丝团 Lv8]
2026-05-03 14:25:33,237088232449438,醉仙灵芙🌿,21,570910,[等级8],[粉丝团 Lv10]
2026-05-03 14:25:36,4345744815298495,7849,15,570985,[等级8],[粉丝团 Lv8]
2026-05-03 14:25:39,77824909563,苏映辰,3,571048,[等级18],
2026-05-03 14:25:42,77416951506,ら孤痞,30,571127,[等级36],[粉丝团:张君雅 Lv17]
2026-05-03 14:25:46,88021041743,凨,24,571181,[等级22],[粉丝团 Lv11]
2026-05-03 14:25:48,839633957030104,刘容川今年70岁,9,571243,,
2026-05-03 14:25:52,88021041743,凨,27,571309,[等级22],[粉丝团 Lv11]
2026-05-03 14:25:54,839633957030104,刘容川今年70岁,21,571364,,
2026-05-03 14:25:57,88021041743,凨,27,571431,[等级22],[粉丝团 Lv11]
2026-05-03 14:26:01,99521902808,张君雅的啤酒瓶,36,571487,[等级34],[粉丝团:张君雅 Lv15]
2026-05-03 14:26:03,99521902808,张君雅的啤酒瓶,36,571524,[等级34],[粉丝团:张君雅 Lv15]
2026-05-03 14:26:06,104608816115,小宝贝88288,33,571597,[等级14],[粉丝团 Lv11]
2026-05-03 14:26:09,99521902808,张君雅的啤酒瓶,39,571713,[等级34],[粉丝团:张君雅 Lv15]
2026-05-03 14:26:12,104608816115,小宝贝88288,36,571832,[等级14],[粉丝团 Lv11]
2026-05-03 14:26:15,4240192915123008,用户6562289806466,33,571957,,
2026-05-03 14:26:18,2590866089184749,刀斩相思情,18,572119,,
2026-05-03 14:26:21,99521902808,张君雅的啤酒瓶,36,572247,[等级34],[粉丝团:张君雅 Lv15]
2026-05-03 14:26:24,104608816115,小宝贝88288,33,572413,[等级14],[粉丝团 Lv11]
2026-05-03 14:26:27,99521902808,张君雅的啤酒瓶,36,572552,[等级34],[粉丝团:张君雅 Lv15]
2026-05-03 14:26:30,98526739512,笑看红尘,3,572677,[等级4],
2026-05-03 14:26:33,99521902808,张君雅的啤酒瓶,6,572781,[等级34],[粉丝团:张君雅 Lv15]
2026-05-03 14:26:36,104608816115,小宝贝88288,33,572916,[等级14],[粉丝团 Lv11]
2026-05-03 14:26:39,99521902808,张君雅的啤酒瓶,30,573022,[等级34],[粉丝团:张君雅 Lv15]
2026-05-03 14:26:42,453442174718862,张君雅的陛下⁵¹⁰⁷⁴,36,573156,[等级35],[粉丝团 Lv16]
2026-05-03 14:26:45,79469628090,小飞丨,3,573242,[等级21],[粉丝团 Lv10]
2026-05-03 14:26:49,104608816115,小宝贝88288,33,573294,[等级14],[粉丝团 Lv11]
2026-05-03 14:26:51,99521902808,张君雅的啤酒瓶,18,573348,[等级34],[粉丝团:张君雅 Lv15]
2026-05-03 14:26:55,104608816115,小宝贝88288,33,573440,[等级14],[粉丝团 Lv11]
2026-05-03 14:26:57,99521902808,张君雅的啤酒瓶,36,573477,[等级34],[粉丝团:张君雅 Lv15]
2026-05-03 14:27:00,84704398489,小郑,3,573527,[等级24],[粉丝团 Lv11]
2026-05-03 14:27:03,998002409081326,(★^O^★) 苹,6,573591,[等级1],
2026-05-03 14:27:07,104608816115,小宝贝88288,33,573707,[等级14],[粉丝团 Lv11]
2026-05-03 14:27:09,99521902808,张君雅的啤酒瓶,30,573759,[等级34],[粉丝团:张君雅 Lv15]
2026-05-03 14:27:12,75308211461,༺༂辞忧༂༻,36,573834,[等级4],[粉丝团 Lv5]
2026-05-03 14:27:15,3208848354061978,用户8066533089943,3,573898,,
2026-05-03 14:27:19,75308211461,༺༂辞忧༂༻,36,573980,[等级4],[粉丝团 Lv5]
2026-05-03 14:27:21,475446216756848,莉莉安.,24,574030,[等级9],[粉丝团 Lv6]
2026-05-03 14:27:25,99521902808,张君雅的啤酒瓶,12,574086,[等级34],[粉丝团:张君雅 Lv15]
2026-05-03 14:27:27,475446216756848,莉莉安.,30,574126,[等级9],[粉丝团 Lv6]
2026-05-03 14:27:30,75308211461,༺༂辞忧༂༻,33,574186,[等级4],[粉丝团 Lv5]
2026-05-03 14:27:33,1108727743132919,小阿亮(地铁逃生),30,574261,[等级14],
2026-05-03 14:27:36,87469584098,😪,6,574308,[等级5],[粉丝团 Lv10]
2026-05-03 14:27:39,66857589232,🇨🇳K先生,33,574428,[等级10],[粉丝团 Lv2]
2026-05-03 14:27:42,1530155757474296,玩鱼不养鱼,3,574531,[等级11],[粉丝团 Lv3]
2026-05-03 14:27:45,66857589232,🇨🇳K先生,33,574646,[等级10],[粉丝团 Lv2]
2026-05-03 14:27:48,97936042465,故里✔,6,574749,[等级19],[粉丝团 Lv10]
2026-05-03 14:27:51,66857589232,🇨🇳K先生,30,574855,[等级10],[粉丝团 Lv2]
2026-05-03 14:27:54,75308211461,༺༂辞忧༂༻,36,574928,[等级4],[粉丝团 Lv5]
2026-05-03 14:27:57,66857589232,🇨🇳K先生,33,575017,[等级10],[粉丝团 Lv2]
2026-05-03 14:28:00,87469584098,😪,12,575125,[等级5],[粉丝团 Lv10]
2026-05-03 14:28:03,66857589232,🇨🇳K先生,30,575238,[等级10],[粉丝团 Lv2]
2026-05-03 14:28:06,10629672390,浪漫养猫人,27,575341,[等级3],
2026-05-03 14:28:09,66857589232,🇨🇳K先生,30,575449,[等级10],[粉丝团 Lv2]
2026-05-03 14:28:12,237088232449438,醉仙灵芙🌿,15,575528,[等级8],[粉丝团 Lv10]
2026-05-03 14:28:15,66857589232,🇨🇳K先生,27,575628,[等级10],[粉丝团 Lv2]
2026-05-03 14:28:18,237088232449438,醉仙灵芙🌿,24,575711,[等级8],[粉丝团 Lv10]
2026-05-03 14:28:21,60974301251,GAI.,12,575771,[等级14],
2026-05-03 14:28:24,237088232449438,醉仙灵芙🌿,12,575865,[等级8],[粉丝团 Lv10]
2026-05-03 14:28:27,66857589232,🇨🇳K先生,30,575940,[等级10],[粉丝团 Lv2]
2026-05-03 14:28:30,237088232449438,醉仙灵芙🌿,24,576004,[等级8],[粉丝团 Lv10]
2026-05-03 14:28:33,66857589232,🇨🇳K先生,27,576074,[等级10],[粉丝团 Lv2]
2026-05-03 14:28:36,237088232449438,醉仙灵芙🌿,24,576144,[等级8],[粉丝团 Lv10]
2026-05-03 14:28:40,66857589232,🇨🇳K先生,30,576180,[等级10],[粉丝团 Lv2]
2026-05-03 14:28:42,237088232449438,醉仙灵芙🌿,21,576201,[等级8],[粉丝团 Lv10]
2026-05-03 14:28:46,66857589232,🇨🇳K先生,30,576234,[等级10],[粉丝团 Lv2]
2026-05-03 14:28:48,110666097981,陈豆豆,30,576261,[等级5],[粉丝团 Lv8]
2026-05-03 14:28:51,14072807313,灵活的胖子,3,576289,[等级17],
2026-05-03 14:28:54,110666097981,陈豆豆,15,576315,[等级5],[粉丝团 Lv8]
2026-05-03 14:28:58,66857589232,🇨🇳K先生,27,576342,[等级10],[粉丝团 Lv2]
2026-05-03 14:29:02,14072807313,灵活的胖子,3,576372,[等级17],
2026-05-03 14:29:04,92935540824,yai,3,576385,[等级9],
2026-05-03 14:29:07,3969664936053292,Jiang蒋,3,576412,[等级11],[粉丝团 Lv4]
2026-05-03 14:29:09,4494444805503741,空境,3,576441,[等级21],
2026-05-03 14:29:12,237088232449438,醉仙灵芙🌿,12,576466,[等级8],[粉丝团 Lv10]
2026-05-03 14:29:15,66857589232,🇨🇳K先生,30,576493,[等级10],[粉丝团 Lv2]
2026-05-03 14:29:18,237088232449438,醉仙灵芙🌿,24,576536,[等级8],[粉丝团 Lv10]
2026-05-03 14:29:21,92935540824,yai,6,576571,[等级9],
2026-05-03 14:29:24,110666097981,陈豆豆,18,576634,[等级5],[粉丝团 Lv8]
2026-05-03 14:29:27,108328861191,🍃梦,3,576696,[等级7],
2026-05-03 14:29:30,2550473376414616,下雪,12,576752,[等级9],[粉丝团 Lv9]
2026-05-03 14:29:33,102191506025,孟朝平,9,576788,[等级9],
2026-05-03 14:29:37,95489698917,Aug晚安,12,576865,[等级25],[粉丝团 Lv7]
2026-05-03 14:29:39,4072181831570247,小黑娃,3,576900,[等级10],
2026-05-03 14:29:43,237088232449438,醉仙灵芙🌿,3,576937,[等级8],[粉丝团 Lv10]
2026-05-03 14:29:47,1349822351936572,醉：,3,576944,[等级19],
2026-05-03 14:29:48,839633957030104,刘容川今年70岁,3,576945,,
2026-05-03 14:29:51,91598922021,給鯊魚數鱗片🐟,3,576955,[等级24],[粉丝团 Lv1]
2026-05-03 14:29:54,110666097981,陈豆豆,6,576980,[等级5],[粉丝团 Lv8]
2026-05-03 14:29:58,95710763089,观战你半个小时,21,577037,[等级11],
2026-05-03 14:30:00,99521902808,张君雅的啤酒瓶,18,577100,[等级34],[粉丝团:张君雅 Lv15]
2026-05-03 14:30:03,844015467254797,幼稚的不能再幼稚,3,577169,[等级7],[粉丝团 Lv2]
2026-05-03 14:30:06,99521902808,张君雅的啤酒瓶,36,577246,[等级34],[粉丝团:张君雅 Lv15]
2026-05-03 14:30:09,844015467254797,幼稚的不能再幼稚,24,577334,[等级7],[粉丝团 Lv2]
2026-05-03 14:30:12,110666097981,陈豆豆,27,577396,[等级5],[粉丝团 Lv8]
2026-05-03 14:30:15,844015467254797,幼稚的不能再幼稚,27,577516,[等级7],[粉丝团 Lv2]
2026-05-03 14:30:18,110666097981,陈豆豆,27,577628,[等级5],[粉丝团 Lv8]
2026-05-03 14:30:21,844015467254797,幼稚的不能再幼稚,24,577755,[等级7],[粉丝团 Lv2]
2026-05-03 14:30:24,1804766990312249,沅宝💫,24,577847,,
2026-05-03 14:30:27,844015467254797,幼稚的不能再幼稚,3,577947,[等级7],[粉丝团 Lv2]
2026-05-03 14:30:30,110666097981,陈豆豆,12,578030,[等级5],[粉丝团 Lv8]
2026-05-03 14:30:33,95710763089,观战你半个小时,24,578132,[等级11],
2026-05-03 14:30:36,110666097981,陈豆豆,3,578194,[等级5],[粉丝团 Lv8]
2026-05-03 14:30:39,844015467254797,幼稚的不能再幼稚,21,578299,[等级7],[粉丝团 Lv2]
2026-05-03 14:30:42,110666097981,陈豆豆,12,578388,[等级5],[粉丝团 Lv8]
2026-05-03 14:30:45,844015467254797,幼稚的不能再幼稚,24,578446,[等级7],[粉丝团 Lv2]
2026-05-03 14:30:48,110666097981,陈豆豆,24,578499,[等级5],[粉丝团 Lv8]
2026-05-03 14:30:52,94244513380,想想就烦,3,578534,[等级21],
2026-05-03 14:30:54,424870679941134,九块九大排档,3,578564,[等级21],
2026-05-03 14:30:58,95710763089,观战你半个小时,30,578608,[等级11],
2026-05-03 14:31:00,110666097981,陈豆豆,9,578711,[等级5],[粉丝团 Lv8]
2026-05-03 14:31:04,95710763089,观战你半个小时,27,578785,[等级11],
2026-05-03 14:31:06,424870679941134,九块九大排档,6,578870,[等级21],
2026-05-03 14:31:09,844015467254797,幼稚的不能再幼稚,9,578926,[等级7],[粉丝团 Lv2]
2026-05-03 14:31:12,110666097981,陈豆豆,18,579004,[等级5],[粉丝团 Lv8]
2026-05-03 14:31:15,597757690918036,丝瓜汤,3,579038,[等级5],
2026-05-03 14:31:18,424870679941134,九块九大排档,30,579108,[等级21],
2026-05-03 14:31:21,95710763089,观战你半个小时,27,579160,[等级11],
2026-05-03 14:31:24,96620832712,時肆༣,3,579220,[等级12],[粉丝团 Lv5]
2026-05-03 14:31:27,63185361624,小羽,9,579297,[等级8],[粉丝团 Lv4]
2026-05-03 14:31:30,4270134971341292,糖果超甜🍬,9,579400,,
2026-05-03 14:31:33,1258253943572427,小葱战将,9,579487,[等级12],[粉丝团 Lv5]
2026-05-03 14:31:36,4270134971341292,糖果超甜🍬,21,579625,,
2026-05-03 14:31:39,95710763089,观战你半个小时,24,579686,[等级11],
2026-05-03 14:31:42,3371551796765532,Serein,6,579749,[等级14],
2026-05-03 14:31:46,95710763089,观战你半个小时,24,579808,[等级11],
2026-05-03 14:31:48,110666097981,陈豆豆,24,579882,[等级5],[粉丝团 Lv8]
2026-05-03 14:31:51,844015467254797,幼稚的不能再幼稚,24,579942,[等级7],[粉丝团 Lv2]
2026-05-03 14:31:55,110666097981,陈豆豆,3,579990,[等级5],[粉丝团 Lv8]
2026-05-03 14:31:57,844015467254797,幼稚的不能再幼稚,27,580039,[等级7],[粉丝团 Lv2]
2026-05-03 14:32:00,998002409081326,(★^O^★) 苹,3,580099,[等级1],
2026-05-03 14:32:04,70964578164,azhu,3,580159,[等级8],
2026-05-03 14:32:06,301720426260739,🐠鱼🐠🐠🐠🐠🐠🐠🐠🐠?,30,580217,[等级7],[粉丝团 Lv7]
2026-05-03 14:32:09,2590866089184749,刀斩相思情,21,580289,,
2026-05-03 14:32:12,4270134971341292,糖果超甜🍬,15,580401,,
2026-05-03 14:32:16,95710763089,观战你半个小时,27,580480,[等级11],
2026-05-03 14:32:18,453442174718862,张君雅的陛下⁵¹⁰⁷⁴,30,580562,[等级35],[粉丝团 Lv16]
2026-05-03 14:32:22,95710763089,观战你半个小时,24,580640,[等级11],
2026-05-03 14:32:24,4169767778804907,谢凯,3,580706,[等级3],[粉丝团 Lv3]
2026-05-03 14:32:27,95710763089,观战你半个小时,21,580787,[等级11],
2026-05-03 14:32:31,108619286241,დ᭄ꦿ终究是戏꧔ꦿ℘⸙,15,580864,[等级12],
2026-05-03 14:32:33,2590866089184749,刀斩相思情,24,580930,,
2026-05-03 14:32:36,544948117847831,顺泽,6,581018,[等级12],[粉丝团 Lv2]
2026-05-03 14:32:39,2590866089184749,刀斩相思情,27,581134,,
2026-05-03 14:32:43,93540463739,望君,6,581231,[等级14],
2026-05-03 14:32:45,2590866089184749,刀斩相思情,30,581296,,
2026-05-03 14:32:49,453442174718862,张君雅的陛下⁵¹⁰⁷⁴,12,581341,[等级35],[粉丝团 Lv16]
2026-05-03 14:32:51,2590866089184749,刀斩相思情,27,581388,,
2026-05-03 14:32:55,99521902808,张君雅的啤酒瓶,39,581463,[等级34],[粉丝团:张君雅 Lv15]
2026-05-03 14:32:57,2590866089184749,刀斩相思情,24,581501,,
2026-05-03 14:33:01,453442174718862,张君雅的陛下⁵¹⁰⁷⁴,3,581555,[等级35],[粉丝团 Lv16]
2026-05-03 14:33:03,2590866089184749,刀斩相思情,24,581589,,
2026-05-03 14:33:06,1794029961617984,酃,33,581646,[等级17],[粉丝团 Lv12]
2026-05-03 14:33:09,2590866089184749,刀斩相思情,9,581690,,
2026-05-03 14:33:13,1794029961617984,酃,36,581770,[等级17],[粉丝团 Lv12]
2026-05-03 14:33:15,2988952912147465,AK,3,581822,,
2026-05-03 14:33:18,3518901581784030,蜡笔大新,3,581855,,
2026-05-03 14:33:21,2590866089184749,刀斩相思情,18,581915,,
2026-05-03 14:33:25,149160329483871,不 吃早饭,27,581983,[等级17],[粉丝团 Lv11]
2026-05-03 14:33:27,2590866089184749,刀斩相思情,24,582020,,
2026-05-03 14:33:30,93852254626,小风,3,582052,[等级1],
2026-05-03 14:33:33,2590866089184749,刀斩相思情,15,582107,,
2026-05-03 14:33:37,98087388130,天杀,3,582151,[等级11],
2026-05-03 14:33:39,2590866089184749,刀斩相思情,3,582168,,
2026-05-03 14:33:42,59239295703,雨后小故事,24,582194,[等级33],
2026-05-03 14:33:45,99521902808,张君雅的啤酒瓶,36,582240,[等级34],[粉丝团:张君雅 Lv15]
2026-05-03 14:33:48,99393356410,吃不了一点香菜,48,582308,[等级26],[粉丝团 Lv12]
2026-05-03 14:33:51,2590866089184749,刀斩相思情,21,582394,,
2026-05-03 14:33:55,1789649894250776,栀夏.,3,582498,[等级4],[粉丝团 Lv2]
2026-05-03 14:33:57,99521902808,张君雅的啤酒瓶,33,582562,[等级34],[粉丝团:张君雅 Lv15]
2026-05-03 14:34:00,55297650633,下次见面会有花吗,33,582628,[等级21],[粉丝团 Lv10]
2026-05-03 14:34:03,59239295703,雨后小故事,21,582695,[等级33],
2026-05-03 14:34:06,55297650633,下次见面会有花吗,33,582774,[等级21],[粉丝团 Lv10]
2026-05-03 14:34:10,55297650633,下次见面会有花吗,36,582874,[等级21],[粉丝团 Lv10]
2026-05-03 14:34:12,55297650633,下次见面会有花吗,33,582933,[等级21],[粉丝团 Lv10]
2026-05-03 14:34:16,1151910278609351,雷老虎🐯,9,583009,,
2026-05-03 14:34:18,55297650633,下次见面会有花吗,27,583082,[等级21],[粉丝团 Lv10]
2026-05-03 14:34:21,2590866089184749,刀斩相思情,27,583173,,
2026-05-03 14:34:24,55297650633,下次见面会有花吗,30,583253,[等级21],[粉丝团 Lv10]
2026-05-03 14:34:27,2590866089184749,刀斩相思情,30,583345,,
2026-05-03 14:34:30,55297650633,下次见面会有花吗,30,583434,[等级21],[粉丝团 Lv10]
2026-05-03 14:34:34,99521902808,张君雅的啤酒瓶,39,583540,[等级34],[粉丝团:张君雅 Lv15]
2026-05-03 14:34:36,55297650633,下次见面会有花吗,30,583648,[等级21],[粉丝团 Lv10]
2026-05-03 14:34:39,2590866089184749,刀斩相思情,27,583763,,
2026-05-03 14:34:42,3430926407969671,爷听不懂人类说话,6,583910,,
2026-05-03 14:34:45,94240260750,略略略🤪,30,584003,[等级9],[粉丝团 Lv8]
2026-05-03 14:34:48,55297650633,下次见面会有花吗,33,584109,[等级21],[粉丝团 Lv10]
2026-05-03 14:34:51,2590866089184749,刀斩相思情,24,584218,,
2026-05-03 14:34:55,55297650633,下次见面会有花吗,30,584324,[等级21],[粉丝团 Lv10]
2026-05-03 14:34:57,94240260750,略略略🤪,30,584420,[等级9],[粉丝团 Lv8]
2026-05-03 14:35:01,55297650633,下次见面会有花吗,30,584509,[等级21],[粉丝团 Lv10]
2026-05-03 14:35:03,2590866089184749,刀斩相思情,21,584597,,
2026-05-03 14:35:07,55297650633,下次见面会有花吗,30,584677,[等级21],[粉丝团 Lv10]
2026-05-03 14:35:09,2590866089184749,刀斩相思情,24,584782,,
2026-05-03 14:35:12,55297650633,下次见面会有花吗,30,584915,[等级21],[粉丝团 Lv10]
2026-05-03 14:35:15,2590866089184749,刀斩相思情,27,585014,,
2026-05-03 14:35:18,55297650633,下次见面会有花吗,33,585133,[等级21],[粉丝团 Lv10]
2026-05-03 14:35:21,94240260750,略略略🤪,30,585242,[等级9],[粉丝团 Lv8]
2026-05-03 14:35:24,55297650633,下次见面会有花吗,30,585330,[等级21],[粉丝团 Lv10]
2026-05-03 14:35:27,2590866089184749,刀斩相思情,9,585386,,
2026-05-03 14:35:30,55297650633,下次见面会有花吗,30,585477,[等级21],[粉丝团 Lv10]
2026-05-03 14:35:34,94240260750,略略略🤪,30,585577,[等级9],[粉丝团 Lv8]
2026-05-03 14:35:36,602150072750619,Mr一荤一素,27,585649,[等级4],
2026-05-03 14:35:40,94240260750,略略略🤪,27,585755,[等级9],[粉丝团 Lv8]
2026-05-03 14:35:42,110666097981,陈豆豆,15,585863,[等级5],[粉丝团 Lv8]
2026-05-03 14:35:45,2590866089184749,刀斩相思情,12,585959,,
2026-05-03 14:35:48,110666097981,陈豆豆,15,586053,[等级5],[粉丝团 Lv8]
2026-05-03 14:35:51,2056522849069129,ZZZ,24,586133,[等级19],
2026-05-03 14:35:55,55297650633,下次见面会有花吗,27,586218,[等级21],[粉丝团 Lv10]
2026-05-03 14:35:57,2590866089184749,刀斩相思情,15,586270,,
2026-05-03 14:36:00,110666097981,陈豆豆,30,586345,[等级5],[粉丝团 Lv8]
2026-05-03 14:36:03,2056522849069129,ZZZ,24,586411,[等级19],
2026-05-03 14:36:07,55297650633,下次见面会有花吗,30,586500,[等级21],[粉丝团 Lv10]
2026-05-03 14:36:09,2590866089184749,刀斩相思情,24,586549,,
2026-05-03 14:36:13,55297650633,下次见面会有花吗,33,586612,[等级21],[粉丝团 Lv10]
2026-05-03 14:36:15,2056522849069129,ZZZ,24,586673,[等级19],
2026-05-03 14:36:18,55297650633,下次见面会有花吗,30,586741,[等级21],[粉丝团 Lv10]
2026-05-03 14:36:21,72117217430,你睡了没🫧,18,586829,[等级10],
2026-05-03 14:36:24,409475870112408,Lzz,6,586908,[等级13],
2026-05-03 14:36:27,2590866089184749,刀斩相思情,18,587010,,
2026-05-03 14:36:31,55297650633,下次见面会有花吗,30,587079,[等级21],[粉丝团 Lv10]
2026-05-03 14:36:33,2056522849069129,ZZZ,27,587145,[等级19],
2026-05-03 14:36:36,94282588829,shivanya,3,587205,[等级8],
2026-05-03 14:36:40,2056522849069129,ZZZ,27,587280,[等级19],
2026-05-03 14:36:42,94671416945,戈多,3,587328,[等级32],[粉丝团 Lv8]
2026-05-03 14:36:45,2056522849069129,ZZZ,27,587393,[等级19],
2026-05-03 14:36:48,110666097981,陈豆豆,9,587431,[等级5],[粉丝团 Lv8]
2026-05-03 14:36:52,2056522849069129,ZZZ,24,587462,[等级19],
2026-05-03 14:36:56,2056522849069129,ZZZ,27,587481,[等级19],
2026-05-03 14:36:58,2056522849069129,ZZZ,27,587493,[等级19],
2026-05-03 14:37:01,453442174718862,张君雅的陛下⁵¹⁰⁷⁴,33,587521,[等级35],[粉丝团 Lv16]
2026-05-03 14:37:04,110666097981,陈豆豆,9,587543,[等级5],[粉丝团 Lv8]
2026-05-03 14:37:07,453442174718862,张君雅的陛下⁵¹⁰⁷⁴,12,587547,[等级35],[粉丝团 Lv16]
2026-05-03 14:37:11,67473904800,恬恬圈🍩,12,587551,[等级14],[粉丝团 Lv7]
2026-05-03 14:37:20,110666097981,陈豆豆,21,587560,[等级5],[粉丝团 Lv8]
2026-05-03 14:37:23,92935540824,yai,3,587563,[等级9],
2026-05-03 14:37:24,111464739454,..,18,587578,[等级2],[粉丝团 Lv5]
2026-05-03 14:37:28,110487983863,都怪你隐身太清晰,39,587605,[等级17],[粉丝团 Lv7]
2026-05-03 14:37:30,103679617294,赵贵权的瑰艺森百货创意屋,3,587673,[等级20],
2026-05-03 14:37:34,1319857090724429,梅,3,587698,,
2026-05-03 14:37:37,94223415564,H. 🍊,3,587711,[等级37],
2026-05-03 14:37:40,110487983863,都怪你隐身太清晰,36,587738,[等级17],[粉丝团 Lv7]
2026-05-03 14:37:42,110666097981,陈豆豆,3,587758,[等级5],[粉丝团 Lv8]
2026-05-03 14:37:46,110487983863,都怪你隐身太清晰,36,587800,[等级17],[粉丝团 Lv7]
2026-05-03 14:37:48,82727682821,7,6,587819,,
2026-05-03 14:37:52,110487983863,都怪你隐身太清晰,33,587846,[等级17],[粉丝团 Lv7]
2026-05-03 14:37:55,1576036409292490,花心症候群(偏爱版）,6,587864,[等级44],
2026-05-03 14:37:58,102691477890,youngzcyy,9,587890,[等级2],
2026-05-03 14:38:01,453442174718862,张君雅的陛下⁵¹⁰⁷⁴,30,587915,[等级35],[粉丝团 Lv16]
2026-05-03 14:38:03,99393356410,吃不了一点香菜,27,587961,[等级26],[粉丝团 Lv12]
2026-05-03 14:38:07,453442174718862,张君雅的陛下⁵¹⁰⁷⁴,33,588024,[等级35],[粉丝团 Lv16]
2026-05-03 14:38:09,99393356410,吃不了一点香菜,18,588067,[等级26],[粉丝团 Lv12]
2026-05-03 14:38:13,453442174718862,张君雅的陛下⁵¹⁰⁷⁴,24,588132,[等级35],[粉丝团 Lv16]
2026-05-03 14:38:15,99393356410,吃不了一点香菜,3,588194,[等级26],[粉丝团 Lv12]
2026-05-03 14:38:18,110666097981,陈豆豆,6,588255,[等级5],[粉丝团 Lv8]
2026-05-03 14:38:22,110487983863,都怪你隐身太清晰,33,588323,[等级17],[粉丝团 Lv7]
2026-05-03 14:38:24,2056522849069129,ZZZ,30,588404,[等级19],
2026-05-03 14:38:28,3737966600787709,乐成R,6,588447,[等级11],[粉丝团 Lv7]
2026-05-03 14:38:31,2056522849069129,ZZZ,30,588483,[等级19],
2026-05-03 14:38:33,99393356410,吃不了一点香菜,27,588544,[等级26],[粉丝团 Lv12]
2026-05-03 14:38:37,2056522849069129,ZZZ,27,588597,[等级19],
2026-05-03 14:38:40,552426102336122,🎋,3,588615,[等级10],
2026-05-03 14:38:42,111464739454,..,24,588634,[等级2],[粉丝团 Lv5]
2026-05-03 14:38:46,111464739454,..,24,588657,[等级2],[粉丝团 Lv5]
2026-05-03 14:38:48,111464739454,..,3,588658,[等级2],[粉丝团 Lv5]
2026-05-03 14:38:52,453442174718862,张君雅的陛下⁵¹⁰⁷⁴,15,588664,[等级35],[粉丝团 Lv16]
2026-05-03 14:38:55,544948117847831,顺泽,18,588671,[等级12],[粉丝团 Lv2]
2026-05-03 14:38:58,99393356410,吃不了一点香菜,21,588690,[等级26],[粉丝团 Lv12]
2026-05-03 14:39:00,110666097981,陈豆豆,24,588735,[等级5],[粉丝团 Lv8]
2026-05-03 14:39:03,796478002168072,摩天伦,24,588790,,
2026-05-03 14:39:06,1698113291814791,灏灝,9,588840,[等级5],
2026-05-03 14:39:09,844015467254797,幼稚的不能再幼稚,3,588895,[等级7],[粉丝团 Lv2]
2026-05-03 14:39:12,110666097981,陈豆豆,18,588977,[等级5],[粉丝团 Lv8]
2026-05-03 14:39:15,2590866089184749,刀斩相思情,30,589051,,
2026-05-03 14:39:18,110666097981,陈豆豆,3,589117,[等级5],[粉丝团 Lv8]
2026-05-03 14:39:21,73908919846,袜子一周一洗,18,589196,[等级4],[粉丝团 Lv7]
2026-05-03 14:39:24,188719472842030,小人物:),24,589240,[等级19],[粉丝团 Lv7]
2026-05-03 14:39:27,2590866089184749,刀斩相思情,18,589307,,
2026-05-03 14:39:30,188719472842030,小人物:),18,589368,[等级19],[粉丝团 Lv7]
2026-05-03 14:39:34,110666097981,陈豆豆,30,589435,[等级5],[粉丝团 Lv8]
2026-05-03 14:39:36,110666097981,陈豆豆,30,589459,[等级5],[粉丝团 Lv8]
2026-05-03 14:39:40,92295550260,名字太长果然有傻子跟着念,6,589502,[等级15],[粉丝团 Lv4]
2026-05-03 14:39:42,110666097981,陈豆豆,30,589527,[等级5],[粉丝团 Lv8]
2026-05-03 14:39:46,1436418792502736,快乐,3,589610,[等级8],
2026-05-03 14:39:48,4121412286293544,远山与海,12,589640,[等级8],
2026-05-03 14:39:51,544948117847831,顺泽,33,589692,[等级12],[粉丝团 Lv2]
2026-05-03 14:39:54,110666097981,陈豆豆,30,589785,[等级5],[粉丝团 Lv8]
2026-05-03 14:39:57,544948117847831,顺泽,33,589960,[等级12],[粉丝团 Lv2]
2026-05-03 14:40:00,453442174718862,张君雅的陛下⁵¹⁰⁷⁴,15,590102,[等级35],[粉丝团 Lv16]
2026-05-03 14:40:03,544948117847831,顺泽,36,590196,[等级12],[粉丝团 Lv2]
2026-05-03 14:40:06,99393356410,吃不了一点香菜,24,590289,[等级26],[粉丝团 Lv12]
2026-05-03 14:40:09,544948117847831,顺泽,24,590395,[等级12],[粉丝团 Lv2]
2026-05-03 14:40:12,63611092592,楠一💙,24,590517,[等级17],[粉丝团 Lv3]
2026-05-03 14:40:15,544948117847831,顺泽,30,590648,[等级12],[粉丝团 Lv2]
2026-05-03 14:40:18,409475870112408,Lzz,9,590742,[等级13],
2026-05-03 14:40:21,2814398071321872,没辣吃不饱,30,590879,[等级15],[粉丝团 Lv10]
2026-05-03 14:40:24,63611092592,楠一💙,3,590963,[等级17],[粉丝团 Lv3]
2026-05-03 14:40:27,2814398071321872,没辣吃不饱,27,591031,[等级15],[粉丝团 Lv10]
2026-05-03 14:40:31,453442174718862,张君雅的陛下⁵¹⁰⁷⁴,30,591092,[等级35],[粉丝团 Lv16]
2026-05-03 14:40:33,855889974924892,迟遇👑,12,591175,[等级17],[粉丝团 Lv3]
2026-05-03 14:40:37,409475870112408,Lzz,9,591256,[等级13],
2026-05-03 14:40:39,2056522849069129,ZZZ,30,591336,[等级19],
2026-05-03 14:40:43,84704398489,小郑,30,591388,[等级24],[粉丝团 Lv11]
2026-05-03 14:40:45,2056522849069129,ZZZ,30,591451,[等级19],
2026-05-03 14:40:48,52491426048,大王,9,591501,[等级3],[粉丝团 Lv6]
2026-05-03 14:40:51,2056522849069129,ZZZ,27,591557,[等级19],
2026-05-03 14:40:54,409475870112408,Lzz,9,591593,[等级13],
2026-05-03 14:40:57,101470489750,人民,15,591629,[等级19],[粉丝团 Lv10]
2026-05-03 14:41:00,63611092592,楠一💙,15,591654,[等级17],[粉丝团 Lv3]
2026-05-03 14:41:04,2541668209263790,女人、活出你应有的姿态,24,591674,[等级9],
2026-05-03 14:41:07,2056522849069129,ZZZ,18,591691,[等级19],
2026-05-03 14:41:09,2056522849069129,ZZZ,30,591702,[等级19],
2026-05-03 14:41:13,453442174718862,张君雅的陛下⁵¹⁰⁷⁴,15,591740,[等级35],[粉丝团 Lv16]
2026-05-03 14:41:15,2056522849069129,ZZZ,30,591777,[等级19],
2026-05-03 14:41:19,751693780497405,尾号6178,27,591838,[等级32],[粉丝团 Lv15]
2026-05-03 14:41:22,69321116213,张…,3,591887,[等级10],
2026-05-03 14:41:25,751693780497405,尾号6178,30,591944,[等级32],[粉丝团 Lv15]
2026-05-03 14:41:28,2274230711092158,奶油田田圈,36,592018,[等级5],
2026-05-03 14:41:30,62143214986,🕊️Moo,3,592050,[等级25],
2026-05-03 14:41:33,2505135916058521,一切从简,3,592096,[等级16],[粉丝团 Lv10]
2026-05-03 14:41:36,2274230711092158,奶油田田圈,33,592192,[等级5],
2026-05-03 14:41:40,2458102176691848,堇年,21,592286,[等级12],[粉丝团 Lv9]
2026-05-03 14:41:42,2274230711092158,奶油田田圈,30,592387,[等级5],
2026-05-03 14:41:46,2458102176691848,堇年,27,592461,[等级12],[粉丝团 Lv9]
2026-05-03 14:41:49,2274230711092158,奶油田田圈,30,592554,[等级5],
2026-05-03 14:41:51,97929220301,ღ᭄ꦿℒℴѵℯএ强,33,592661,[等级9],
2026-05-03 14:41:54,2274230711092158,奶油田田圈,30,592777,[等级5],
2026-05-03 14:41:58,3870696668931000,旗,21,592871,[等级2],[粉丝团 Lv1]
2026-05-03 14:42:00,2274230711092158,奶油田田圈,30,592960,[等级5],
2026-05-03 14:42:04,2458102176691848,堇年,3,593032,[等级12],[粉丝团 Lv9]
2026-05-03 14:42:06,2274230711092158,奶油田田圈,27,593105,[等级5],
2026-05-03 14:42:09,1458399404635385,煮饭放味精🐥,27,593170,[等级16],
2026-05-03 14:42:12,3081266249862527,糯米,36,593272,[等级4],[粉丝团 Lv5]
2026-05-03 14:42:15,2458102176691848,堇年,27,593370,[等级12],[粉丝团 Lv9]
2026-05-03 14:42:18,2274230711092158,奶油田田圈,30,593440,[等级5],
2026-05-03 14:42:22,2617266373659864,许昌昌达花木有限公司1860399902,27,593502,,
2026-05-03 14:42:24,2274230711092158,奶油田田圈,30,593600,[等级5],
2026-05-03 14:42:28,2617266373659864,许昌昌达花木有限公司1860399902,3,593692,,
2026-05-03 14:42:30,2274230711092158,奶油田田圈,30,593820,[等级5],
2026-05-03 14:42:33,237088232449438,醉仙灵芙🌿,21,593895,[等级8],[粉丝团 Lv10]
2026-05-03 14:42:36,2274230711092158,奶油田田圈,30,594025,[等级5],
2026-05-03 14:42:39,64566941948,知名.,30,594131,[等级6],[粉丝团 Lv4]
2026-05-03 14:42:42,2274230711092158,奶油田田圈,30,594198,[等级5],
2026-05-03 14:42:45,2617266373659864,许昌昌达花木有限公司1860399902,18,594278,,
2026-05-03 14:42:48,2274230711092158,奶油田田圈,27,594338,[等级5],
2026-05-03 14:42:51,63611092592,楠一💙,21,594396,[等级17],[粉丝团 Lv3]
2026-05-03 14:42:54,2274230711092158,奶油田田圈,30,594452,[等级5],
2026-05-03 14:42:57,237088232449438,醉仙灵芙🌿,3,594495,[等级8],[粉丝团 Lv10]
2026-05-03 14:43:00,2274230711092158,奶油田田圈,27,594576,[等级5],
2026-05-03 14:43:03,237088232449438,醉仙灵芙🌿,9,594627,[等级8],[粉丝团 Lv10]
2026-05-03 14:43:06,2274230711092158,奶油田田圈,27,594672,[等级5],
2026-05-03 14:43:10,2274230711092158,奶油田田圈,27,594726,[等级5],
2026-05-03 14:43:12,2274230711092158,奶油田田圈,30,594760,[等级5],
2026-05-03 14:43:15,237088232449438,醉仙灵芙🌿,24,594795,[等级8],[粉丝团 Lv10]
2026-05-03 14:43:18,2274230711092158,奶油田田圈,30,594843,[等级5],
2026-05-03 14:43:22,2274230711092158,奶油田田圈,30,594875,[等级5],
2026-05-03 14:43:24,2274230711092158,奶油田田圈,30,594887,[等级5],
2026-05-03 14:43:28,2274230711092158,奶油田田圈,27,594929,[等级5],
2026-05-03 14:43:30,2274230711092158,奶油田田圈,30,594942,[等级5],
2026-05-03 14:43:33,2317373761654948,华弟,3,594968,,
2026-05-03 14:43:36,2274230711092158,奶油田田圈,30,594978,[等级5],
2026-05-03 14:43:39,116989357206187,谁也找不到我,3,594990,[等级7],[粉丝团 Lv5]
2026-05-03 14:43:42,2274230711092158,奶油田田圈,30,595011,[等级5],
2026-05-03 14:43:45,237088232449438,醉仙灵芙🌿,12,595035,[等级8],[粉丝团 Lv10]
2026-05-03 14:43:48,2274230711092158,奶油田田圈,30,595063,[等级5],
2026-05-03 14:43:51,2851449418561945,用户2195445543780,3,595085,,
2026-05-03 14:43:54,2274230711092158,奶油田田圈,30,595131,[等级5],
2026-05-03 14:43:57,124678850753691,思索衬,27,595165,[等级11],
2026-05-03 14:44:00,2274230711092158,奶油田田圈,30,595211,[等级5],
2026-05-03 14:44:04,64209062087,潇洒嘚蝈蝈²⁰²⁶₁₆₈,18,595240,[等级30],[粉丝团 Lv2]
2026-05-03 14:44:07,2274230711092158,奶油田田圈,30,595274,[等级5],
2026-05-03 14:44:10,2274230711092158,奶油田田圈,27,595309,[等级5],
2026-05-03 14:44:12,2274230711092158,奶油田田圈,30,595328,[等级5],
2026-05-03 14:44:16,2752831106842696,鞠,3,595386,[等级16],[粉丝团 Lv6]
2026-05-03 14:44:18,2274230711092158,奶油田田圈,30,595417,[等级5],
2026-05-03 14:44:22,110666097981,陈豆豆,18,595479,[等级5],[粉丝团 Lv8]
2026-05-03 14:44:24,2274230711092158,奶油田田圈,30,595498,[等级5],
2026-05-03 14:44:28,2542547644723374,在路上⛰️,3,595514,,
2026-05-03 14:44:30,2274230711092158,奶油田田圈,30,595534,[等级5],
2026-05-03 14:44:34,2274230711092158,奶油田田圈,30,595574,[等级5],
2026-05-03 14:44:36,2274230711092158,奶油田田圈,30,595592,[等级5],
2026-05-03 14:44:39,102691477890,youngzcyy,3,595604,[等级2],
2026-05-03 14:44:42,2274230711092158,奶油田田圈,30,595637,[等级5],
2026-05-03 14:44:45,94398869017,屿风ㅤ,21,595663,[等级15],
2026-05-03 14:44:48,2274230711092158,奶油田田圈,27,595714,[等级5],
2026-05-03 14:44:52,2274230711092158,奶油田田圈,27,595752,[等级5],
2026-05-03 14:44:54,2274230711092158,奶油田田圈,30,595774,[等级5],
2026-05-03 14:44:58,63641118423,醧愸懿,3,595800,[等级13],[粉丝团 Lv7]
2026-05-03 14:45:00,2274230711092158,奶油田田圈,30,595819,[等级5],
2026-05-03 14:45:03,99241736500,⚡,6,595841,,
2026-05-03 14:45:06,2274230711092158,奶油田田圈,27,595881,[等级5],
2026-05-03 14:45:09,61226644760,EAseven,9,595912,[等级24],[粉丝团 Lv6]
2026-05-03 14:45:13,1427643035813181,乌镇小凉亭,3,595957,[等级13],[粉丝团 Lv10]
2026-05-03 14:45:15,3903694862298105,孤独的狼,6,595983,[等级5],
2026-05-03 14:45:18,2274230711092158,奶油田田圈,30,596034,[等级5],
2026-05-03 14:45:22,2274230711092158,奶油田田圈,30,596065,[等级5],
2026-05-03 14:45:24,2274230711092158,奶油田田圈,30,596083,[等级5],
2026-05-03 14:45:27,2590866089184749,刀斩相思情,9,596121,,
2026-05-03 14:45:30,2274230711092158,奶油田田圈,30,596162,[等级5],
2026-05-03 14:45:34,2274230711092158,奶油田田圈,30,596194,[等级5],
2026-05-03 14:45:36,2274230711092158,奶油田田圈,27,596203,[等级5],
2026-05-03 14:45:40,2274230711092158,奶油田田圈,27,596235,[等级5],
2026-05-03 14:45:42,2274230711092158,奶油田田圈,30,596256,[等级5],
2026-05-03 14:45:46,2274230711092158,奶油田田圈,15,596281,[等级5],
2026-05-03 14:45:48,2274230711092158,奶油田田圈,21,596302,[等级5],
2026-05-03 14:45:52,2274230711092158,奶油田田圈,30,596338,[等级5],
2026-05-03 14:45:54,2274230711092158,奶油田田圈,30,596349,[等级5],
2026-05-03 14:45:57,94240260750,略略略🤪,39,596378,[等级9],[粉丝团 Lv8]
2026-05-03 14:46:00,2274230711092158,奶油田田圈,30,596410,[等级5],
2026-05-03 14:46:03,74404998803,十五是话唠,36,596463,[等级21],[粉丝团 Lv11]
2026-05-03 14:46:06,2274230711092158,奶油田田圈,30,596528,[等级5],
2026-05-03 14:46:09,74404998803,十五是话唠,9,596587,[等级21],[粉丝团 Lv11]
2026-05-03 14:46:12,2274230711092158,奶油田田圈,30,596629,[等级5],
2026-05-03 14:46:15,74404998803,十五是话唠,36,596656,[等级21],[粉丝团 Lv11]
2026-05-03 14:46:19,2274230711092158,奶油田田圈,30,596695,[等级5],
2026-05-03 14:46:22,70041434073,🍊。,24,596733,[等级7],
2026-05-03 14:46:24,2274230711092158,奶油田田圈,27,596747,[等级5],
2026-05-03 14:46:27,60305644755,tyilll,3,596773,[等级19],[粉丝团 Lv6]
2026-05-03 14:46:30,2274230711092158,奶油田田圈,3,596827,[等级5],
2026-05-03 14:46:34,102262170695,赏你一耳光,27,596891,[等级14],[粉丝团 Lv14]
2026-05-03 14:46:36,96894780169,腻笑,24,596940,[等级33],[粉丝团 Lv12]
2026-05-03 14:46:40,102262170695,赏你一耳光,30,597003,[等级14],[粉丝团 Lv14]
2026-05-03 14:46:42,96894780169,腻笑,30,597069,[等级33],[粉丝团 Lv12]
2026-05-03 14:46:45,102262170695,赏你一耳光,30,597134,[等级14],[粉丝团 Lv14]
2026-05-03 14:46:48,2274230711092158,奶油田田圈,27,597192,[等级5],
2026-05-03 14:46:51,102262170695,赏你一耳光,9,597236,[等级14],[粉丝团 Lv14]
2026-05-03 14:46:54,1427643035813181,乌镇小凉亭,6,597274,[等级13],[粉丝团 Lv10]
2026-05-03 14:46:57,102262170695,赏你一耳光,24,597318,[等级14],[粉丝团 Lv14]
2026-05-03 14:47:00,96894780169,腻笑,15,597360,[等级33],[粉丝团 Lv12]
2026-05-03 14:47:03,3554079958374583,爱喝冰红茶的Aries🐒（再旭十年）,3,597429,[等级24],[粉丝团 Lv5]
2026-05-03 14:47:06,2274230711092158,奶油田田圈,27,597478,[等级5],
2026-05-03 14:47:09,102262170695,赏你一耳光,30,597521,[等级14],[粉丝团 Lv14]
2026-05-03 14:47:12,2274230711092158,奶油田田圈,15,597567,[等级5],
2026-05-03 14:47:15,789915401987956,Zzzz z,3,597607,[等级1],
2026-05-03 14:47:18,2274230711092158,奶油田田圈,21,597625,[等级5],
2026-05-03 14:47:22,102262170695,赏你一耳光,24,597659,[等级14],[粉丝团 Lv14]
2026-05-03 14:47:24,2274230711092158,奶油田田圈,18,597702,[等级5],
2026-05-03 14:47:27,452643025072951,向晴,12,597729,[等级14],[粉丝团 Lv11]
2026-05-03 14:47:30,453442174718862,张君雅的陛下⁵¹⁰⁷⁴,18,597752,[等级35],[粉丝团 Lv16]
2026-05-03 14:47:33,62651205981,黑子说话,3,597776,[等级21],[粉丝团 Lv2]
2026-05-03 14:47:38,452643025072951,向晴,30,597797,[等级14],[粉丝团 Lv11]
2026-05-03 14:47:40,452643025072951,向晴,24,597811,[等级14],[粉丝团 Lv11]
2026-05-03 14:47:42,2274230711092158,奶油田田圈,30,597840,[等级5],
2026-05-03 14:47:46,452643025072951,向晴,3,597862,[等级14],[粉丝团 Lv11]
2026-05-03 14:47:48,2274230711092158,奶油田田圈,30,597889,[等级5],
2026-05-03 14:47:51,105665383851,熊孩子的妈妈,3,597917,[等级7],
2026-05-03 14:47:54,2274230711092158,奶油田田圈,30,597943,[等级5],
2026-05-03 14:47:57,452643025072951,向晴,15,597958,[等级14],[粉丝团 Lv11]
2026-05-03 14:48:00,2274230711092158,奶油田田圈,3,597976,[等级5],
2026-05-03 14:48:03,2717627669293583,浅浅,27,597992,[等级7],[粉丝团 Lv10]
2026-05-03 14:48:06,2274230711092158,奶油田田圈,15,598016,[等级5],
2026-05-03 14:48:09,452643025072951,向晴,3,598055,[等级14],[粉丝团 Lv11]
2026-05-03 14:48:12,2274230711092158,奶油田田圈,30,598091,[等级5],
2026-05-03 14:48:15,2717627669293583,浅浅,33,598128,[等级7],[粉丝团 Lv10]
2026-05-03 14:48:18,2274230711092158,奶油田田圈,30,598170,[等级5],
2026-05-03 14:48:22,2717627669293583,浅浅,30,598201,[等级7],[粉丝团 Lv10]
2026-05-03 14:48:24,2274230711092158,奶油田田圈,27,598240,[等级5],
2026-05-03 14:48:28,2717627669293583,浅浅,33,598304,[等级7],[粉丝团 Lv10]
2026-05-03 14:48:30,110666097981,陈豆豆,21,598356,[等级5],[粉丝团 Lv8]
2026-05-03 14:48:33,102388541601,嗜睡的青春,6,598391,[等级2],
2026-05-03 14:48:36,2274230711092158,奶油田田圈,30,598450,[等级5],
2026-05-03 14:48:40,2717627669293583,浅浅,30,598514,[等级7],[粉丝团 Lv10]
2026-05-03 14:48:42,110666097981,陈豆豆,21,598561,[等级5],[粉丝团 Lv8]
2026-05-03 14:48:46,2717627669293583,浅浅,33,598630,[等级7],[粉丝团 Lv10]
2026-05-03 14:48:48,2274230711092158,奶油田田圈,24,598670,[等级5],
2026-05-03 14:48:51,2717627669293583,浅浅,33,598720,[等级7],[粉丝团 Lv10]
2026-05-03 14:48:54,2274230711092158,奶油田田圈,15,598751,[等级5],
2026-05-03 14:48:57,1654127958963963,狂踹瘸子那条好腿  ŏ̥ㅁŏ̥,12,598776,[等级40],[粉丝团 Lv6]
2026-05-03 14:49:00,110666097981,陈豆豆,15,598834,[等级5],[粉丝团 Lv8]
2026-05-03 14:49:05,453442174718862,张君雅的陛下⁵¹⁰⁷⁴,27,598854,[等级35],[粉丝团 Lv16]
2026-05-03 14:49:07,453442174718862,张君雅的陛下⁵¹⁰⁷⁴,30,598875,[等级35],[粉丝团 Lv16]
2026-05-03 14:49:10,106053818837,梦想.天使👼,18,598904,[等级6],
2026-05-03 14:49:12,1787183299596618,甜七七,27,598939,,
2026-05-03 14:49:16,3432047138310803,阿Ran.,3,598971,[等级19],
2026-05-03 14:49:19,453442174718862,张君雅的陛下⁵¹⁰⁷⁴,27,598985,[等级35],[粉丝团 Lv16]
2026-05-03 14:49:22,64129139336,宇文锦寒,12,599006,[等级6],
2026-05-03 14:49:25,453442174718862,张君雅的陛下⁵¹⁰⁷⁴,24,599014,[等级35],[粉丝团 Lv16]
2026-05-03 14:49:27,108271490465,阿泽,3,599021,[等级9],[粉丝团 Lv4]
2026-05-03 14:49:32,453442174718862,张君雅的陛下⁵¹⁰⁷⁴,21,599031,[等级35],[粉丝团 Lv16]
2026-05-03 14:49:33,108271490465,阿泽,12,599035,[等级9],[粉丝团 Lv4]
2026-05-03 14:49:36,110666097981,陈豆豆,9,599068,[等级5],[粉丝团 Lv8]
2026-05-03 14:49:40,3601590475308715,用户3561452448398,3,599097,,
2026-05-03 14:49:42,453442174718862,张君雅的陛下⁵¹⁰⁷⁴,15,599133,[等级35],[粉丝团 Lv16]
2026-05-03 14:49:45,109259160008,UP🤟🏼,3,599154,[等级17],
2026-05-03 14:49:49,2418559959969005,雨城,30,599177,[等级18],[粉丝团 Lv10]
2026-05-03 14:49:52,110666097981,陈豆豆,12,599203,[等级5],[粉丝团 Lv8]
2026-05-03 14:49:55,2418559959969005,雨城,24,599229,[等级18],[粉丝团 Lv10]
2026-05-03 14:49:58,64129139336,宇文锦寒,6,599241,[等级6],
2026-05-03 14:50:00,394079141639065,P90,12,599269,[等级2],[粉丝团 Lv2]
2026-05-03 14:50:05,453442174718862,张君雅的陛下⁵¹⁰⁷⁴,27,599308,[等级35],[粉丝团 Lv16]
2026-05-03 14:50:06,110958195106,蓝,3,599310,,
2026-05-03 14:50:10,64129139336,宇文锦寒,12,599346,[等级6],
2026-05-03 14:50:12,110958195106,蓝,15,599364,,
2026-05-03 14:50:15,64129139336,宇文锦寒,12,599391,[等级6],
2026-05-03 14:50:18,110958195106,蓝,15,599406,,
2026-05-03 14:50:21,3830306099170952,半个橙子🩵,6,599431,[等级14],
2026-05-03 14:50:24,110958195106,蓝,12,599454,,
2026-05-03 14:50:28,110958195106,蓝,3,599479,,
2026-05-03 14:50:30,110958195106,蓝,6,599490,,
2026-05-03 14:50:34,110666097981,陈豆豆,9,599508,[等级5],[粉丝团 Lv8]
2026-05-03 14:50:36,78319275850,W·Feb²²Pis,3,599513,[等级29],[粉丝团 Lv13]
2026-05-03 14:50:40,1151910278609351,雷老虎🐯,3,599522,,
2026-05-03 14:50:42,110666097981,陈豆豆,3,599548,[等级5],[粉丝团 Lv8]
2026-05-03 14:50:46,110666097981,陈豆豆,6,599568,[等级5],[粉丝团 Lv8]
2026-05-03 14:50:48,110666097981,陈豆豆,21,599588,[等级5],[粉丝团 Lv8]
2026-05-03 14:50:52,1151910278609351,雷老虎🐯,3,599610,,
2026-05-03 14:50:54,110666097981,陈豆豆,12,599636,[等级5],[粉丝团 Lv8]
2026-05-03 14:50:58,110958195106,蓝,12,599657,,
2026-05-03 14:51:00,1024365250216124,冬天,3,599675,,
2026-05-03 14:51:04,1493581795950682,常青树🌲,3,599690,,
2026-05-03 14:51:09,453442174718862,张君雅的陛下⁵¹⁰⁷⁴,21,599698,[等级35],[粉丝团 Lv16]
2026-05-03 14:51:11,453442174718862,张君雅的陛下⁵¹⁰⁷⁴,30,599708,[等级35],[粉丝团 Lv16]
2026-05-03 14:51:12,59239295703,雨后小故事,6,599718,[等级33],
2026-05-03 14:51:16,105452933561,國哥烤冷面（小豆腐）,3,599727,[等级12],
2026-05-03 14:51:19,453442174718862,张君雅的陛下⁵¹⁰⁷⁴,12,599757,[等级35],[粉丝团 Lv16]
2026-05-03 14:51:21,93655055055,- 晚秋序,12,599777,[等级14],
2026-05-03 14:51:25,453442174718862,张君雅的陛下⁵¹⁰⁷⁴,6,599810,[等级35],[粉丝团 Lv16]
2026-05-03 14:51:29,77416951506,ら孤痞,36,599833,[等级36],[粉丝团:张君雅 Lv17]
2026-05-03 14:51:31,103215894578,拱土机,3,599845,[等级6],
2026-05-03 14:51:34,97555933830,朱大圣,3,599849,,
2026-05-03 14:51:36,110666097981,陈豆豆,6,599858,[等级5],[粉丝团 Lv8]
2026-05-03 14:51:40,102262170695,赏你一耳光,18,599871,[等级14],[粉丝团 Lv14]
2026-05-03 14:51:42,110666097981,陈豆豆,12,599898,[等级5],[粉丝团 Lv8]
2026-05-03 14:51:46,102262170695,赏你一耳光,3,599917,[等级14],[粉丝团 Lv14]
2026-05-03 14:51:49,2367721728381946,路飞（和平精英）,12,599933,[等级1],
2026-05-03 14:51:52,453442174718862,张君雅的陛下⁵¹⁰⁷⁴,27,599943,[等级35],[粉丝团 Lv16]
2026-05-03 14:51:54,110666097981,陈豆豆,3,599955,[等级5],[粉丝团 Lv8]
2026-05-03 14:51:58,110666097981,陈豆豆,3,599974,[等级5],[粉丝团 Lv8]
2026-05-03 14:52:00,453442174718862,张君雅的陛下⁵¹⁰⁷⁴,30,599984,[等级35],[粉丝团 Lv16]
2026-05-03 14:52:04,3028509834881987,莫说话,33,600014,,
2026-05-03 14:52:06,3028509834881987,莫说话,30,600031,,
2026-05-03 14:52:10,110666097981,陈豆豆,6,600074,[等级5],[粉丝团 Lv8]
2026-05-03 14:52:12,110666097981,陈豆豆,3,600079,[等级5],[粉丝团 Lv8]
2026-05-03 14:52:16,103618494925,爱上礼拜天,3,600096,[等级11],
2026-05-03 14:52:18,110666097981,陈豆豆,18,600121,[等级5],[粉丝团 Lv8]
2026-05-03 14:52:21,67444130846,沐秋,36,600139,[等级16],[粉丝团 Lv11]
2026-05-03 14:52:25,67444130846,沐秋,36,600164,[等级16],[粉丝团 Lv11]
2026-05-03 14:52:27,67444130846,沐秋,15,600181,[等级16],[粉丝团 Lv11]
2026-05-03 14:52:30,3028509834881987,莫说话,18,600201,,
2026-05-03 14:52:34,67444130846,沐秋,3,600213,[等级16],[粉丝团 Lv11]
2026-05-03 14:52:36,110666097981,陈豆豆,9,600252,[等级5],[粉丝团 Lv8]
2026-05-03 14:52:40,67444130846,沐秋,27,600286,[等级16],[粉丝团 Lv11]
2026-05-03 14:52:42,3028509834881987,莫说话,18,600325,,
2026-05-03 14:52:45,453442174718862,张君雅的陛下⁵¹⁰⁷⁴,24,600358,[等级35],[粉丝团 Lv16]
2026-05-03 14:52:48,110666097981,陈豆豆,12,600387,[等级5],[粉丝团 Lv8]
2026-05-03 14:52:53,3028509834881987,莫说话,27,600408,,
2026-05-03 14:52:54,3028509834881987,莫说话,30,600418,,
2026-05-03 14:52:58,3028509834881987,莫说话,30,600443,,
2026-05-03 14:53:00,110666097981,陈豆豆,18,600465,[等级5],[粉丝团 Lv8]
2026-05-03 14:53:03,2787972414973838,快乐之星,30,600512,[等级19],
2026-05-03 14:53:06,110666097981,陈豆豆,33,600572,[等级5],[粉丝团 Lv8]
2026-05-03 14:53:10,110666097981,陈豆豆,30,600620,[等级5],[粉丝团 Lv8]
2026-05-03 14:53:12,110666097981,陈豆豆,30,600642,[等级5],[粉丝团 Lv8]
2026-05-03 14:53:16,106067953965,禁止通行,3,600694,[等级14],[粉丝团 Lv11]
2026-05-03 14:53:18,110666097981,陈豆豆,30,600737,[等级5],[粉丝团 Lv8]
2026-05-03 14:53:21,149160329483871,不 吃早饭,21,600776,[等级17],[粉丝团 Lv11]
2026-05-03 14:53:24,3897104386242839,ʚ🧸ྀིɞʚ,3,600818,[等级9],[粉丝团 Lv4]
2026-05-03 14:53:28,3896266645576896,CC💕,3,600858,[等级7],[粉丝团 Lv10]
2026-05-03 14:53:31,3105495683171277,我思故我在,30,600874,[等级3],[粉丝团 Lv2]
2026-05-03 14:53:35,3105495683171277,我思故我在,30,600914,[等级3],[粉丝团 Lv2]
2026-05-03 14:53:36,1900431100614680,用户9253357151204,3,600929,[等级8],
2026-05-03 14:53:41,3105495683171277,我思故我在,27,600963,[等级3],[粉丝团 Lv2]
2026-05-03 14:53:43,3105495683171277,我思故我在,30,600992,[等级3],[粉丝团 Lv2]
2026-05-03 14:53:45,59562563301,EYUJ,33,601032,[等级9],[粉丝团 Lv7]
2026-05-03 14:53:48,110666097981,陈豆豆,6,601081,[等级5],[粉丝团 Lv8]
2026-05-03 14:53:51,59562563301,EYUJ,36,601123,[等级9],[粉丝团 Lv7]
2026-05-03 14:53:54,110666097981,陈豆豆,21,601168,[等级5],[粉丝团 Lv8]
2026-05-03 14:53:57,59562563301,EYUJ,33,601203,[等级9],[粉丝团 Lv7]
2026-05-03 14:54:00,3105495683171277,我思故我在,24,601231,[等级3],[粉丝团 Lv2]
2026-05-03 14:54:03,59562563301,EYUJ,33,601268,[等级9],[粉丝团 Lv7]
2026-05-03 14:54:06,63611092592,楠一💙,24,601313,[等级17],[粉丝团 Lv3]
2026-05-03 14:54:09,59562563301,EYUJ,36,601375,[等级9],[粉丝团 Lv7]
2026-05-03 14:54:12,63611092592,楠一💙,3,601404,[等级17],[粉丝团 Lv3]
2026-05-03 14:54:15,59562563301,EYUJ,33,601448,[等级9],[粉丝团 Lv7]
2026-05-03 14:54:18,110666097981,陈豆豆,33,601485,[等级5],[粉丝团 Lv8]
2026-05-03 14:54:21,59562563301,EYUJ,33,601538,[等级9],[粉丝团 Lv7]
2026-05-03 14:54:24,63611092592,楠一💙,24,601577,[等级17],[粉丝团 Lv3]
2026-05-03 14:54:27,59562563301,EYUJ,36,601624,[等级9],[粉丝团 Lv7]
2026-05-03 14:54:30,2436116885012536,霜妹儿,36,601671,[等级14],[粉丝团 Lv10]
2026-05-03 14:54:34,59562563301,EYUJ,33,601737,[等级9],[粉丝团 Lv7]
2026-05-03 14:54:36,110666097981,陈豆豆,3,601778,[等级5],[粉丝团 Lv8]
2026-05-03 14:54:39,59562563301,EYUJ,33,601859,[等级9],[粉丝团 Lv7]
2026-05-03 14:54:42,3293786078458500,y༉,9,601913,[等级26],
2026-05-03 14:54:45,59562563301,EYUJ,33,601978,[等级9],[粉丝团 Lv7]
2026-05-03 14:54:48,110666097981,陈豆豆,30,602018,[等级5],[粉丝团 Lv8]
2026-05-03 14:54:51,59562563301,EYUJ,33,602080,[等级9],[粉丝团 Lv7]
2026-05-03 14:54:54,1251690693803496,哇咔咔,3,602111,[等级9],[粉丝团 Lv2]
2026-05-03 14:54:57,59562563301,EYUJ,33,602141,[等级9],[粉丝团 Lv7]
2026-05-03 14:55:01,3105495683171277,我思故我在,30,602173,[等级3],[粉丝团 Lv2]
2026-05-03 14:55:04,59562563301,EYUJ,30,602213,[等级9],[粉丝团 Lv7]
2026-05-03 14:55:07,3105495683171277,我思故我在,27,602260,[等级3],[粉丝团 Lv2]
2026-05-03 14:55:10,59562563301,EYUJ,33,602282,[等级9],[粉丝团 Lv7]
2026-05-03 14:55:13,453442174718862,张君雅的陛下⁵¹⁰⁷⁴,18,602324,[等级35],[粉丝团 Lv16]
2026-05-03 14:55:15,149160329483871,不 吃早饭,27,602354,[等级17],[粉丝团 Lv11]
2026-05-03 14:55:18,3769603573428087,寻雾,3,602418,[等级15],
2026-05-03 14:55:21,149160329483871,不 吃早饭,24,602498,[等级17],[粉丝团 Lv11]
2026-05-03 14:55:25,453442174718862,张君雅的陛下⁵¹⁰⁷⁴,15,602589,[等级35],[粉丝团 Lv16]
2026-05-03 14:55:27,3105495683171277,我思故我在,27,602629,[等级3],[粉丝团 Lv2]
2026-05-03 14:55:30,110666097981,陈豆豆,21,602665,[等级5],[粉丝团 Lv8]
2026-05-03 14:55:33,2590866089184749,刀斩相思情,21,602732,,
2026-05-03 14:55:36,110666097981,陈豆豆,9,602774,[等级5],[粉丝团 Lv8]
2026-05-03 14:55:39,3105495683171277,我思故我在,30,602855,[等级3],[粉丝团 Lv2]
2026-05-03 14:55:43,453442174718862,张君雅的陛下⁵¹⁰⁷⁴,9,602917,[等级35],[粉丝团 Lv16]
2026-05-03 14:55:45,149160329483871,不 吃早饭,12,602966,[等级17],[粉丝团 Lv11]
2026-05-03 14:55:49,71607173106,墨上人如玉,3,603035,[等级17],
2026-05-03 14:55:51,59225851767,iiixxo,30,603069,[等级20],
2026-05-03 14:55:55,3825897623796701,门窗回收,3,603116,[等级7],
2026-05-03 14:55:57,3105495683171277,我思故我在,27,603169,[等级3],[粉丝团 Lv2]
2026-05-03 14:56:00,110666097981,陈豆豆,3,603197,[等级5],[粉丝团 Lv8]
2026-05-03 14:56:03,59225851767,iiixxo,33,603260,[等级20],
2026-05-03 14:56:06,110666097981,陈豆豆,12,603298,[等级5],[粉丝团 Lv8]
2026-05-03 14:56:09,2590866089184749,刀斩相思情,24,603369,,
2026-05-03 14:56:13,110666097981,陈豆豆,27,603419,[等级5],[粉丝团 Lv8]
2026-05-03 14:56:15,59225851767,iiixxo,27,603481,[等级20],
2026-05-03 14:56:18,453442174718862,张君雅的陛下⁵¹⁰⁷⁴,30,603518,[等级35],[粉丝团 Lv16]
2026-05-03 14:56:21,4473276549567288,Finish,21,603579,[等级2],[粉丝团 Lv3]
2026-05-03 14:56:24,110666097981,陈豆豆,24,603635,[等级5],[粉丝团 Lv8]
2026-05-03 14:56:28,3105495683171277,我思故我在,30,603691,[等级3],[粉丝团 Lv2]
2026-05-03 14:56:30,100329134076,奶白的雪子,3,603729,[等级7],
2026-05-03 14:56:34,59225851767,iiixxo,18,603778,[等级20],
2026-05-03 14:56:36,110666097981,陈豆豆,12,603820,[等级5],[粉丝团 Lv8]
2026-05-03 14:56:39,7572115602539267109,嗯嗯ovo,24,603907,[等级25],[粉丝团 Lv2]
2026-05-03 14:56:42,110666097981,陈豆豆,30,603984,[等级5],[粉丝团 Lv8]
2026-05-03 14:56:45,60786747211,琳儿,30,604078,[等级14],
2026-05-03 14:56:48,110666097981,陈豆豆,6,604144,[等级5],[粉丝团 Lv8]
2026-05-03 14:56:51,60786747211,琳儿,30,604219,[等级14],
2026-05-03 14:56:54,92473624548,ە終點站² º ² ³,33,604289,[等级25],[粉丝团 Lv9]
2026-05-03 14:56:57,7572115602539267109,嗯嗯ovo,21,604344,[等级25],[粉丝团 Lv2]
2026-05-03 14:57:00,92473624548,ە終點站² º ² ³,30,604446,[等级25],[粉丝团 Lv9]
2026-05-03 14:57:03,7572115602539267109,嗯嗯ovo,21,604525,[等级25],[粉丝团 Lv2]
2026-05-03 14:57:06,110666097981,陈豆豆,12,604624,[等级5],[粉丝团 Lv8]
2026-05-03 14:57:09,7572115602539267109,嗯嗯ovo,24,604707,[等级25],[粉丝团 Lv2]
2026-05-03 14:57:12,110666097981,陈豆豆,15,604794,[等级5],[粉丝团 Lv8]
2026-05-03 14:57:15,7572115602539267109,嗯嗯ovo,21,604854,[等级25],[粉丝团 Lv2]
2026-05-03 14:57:19,110666097981,陈豆豆,18,604923,[等级5],[粉丝团 Lv8]
2026-05-03 14:57:21,7572115602539267109,嗯嗯ovo,21,604986,[等级25],[粉丝团 Lv2]
2026-05-03 14:57:24,60786747211,琳儿,27,605046,[等级14],
2026-05-03 14:57:27,7572115602539267109,嗯嗯ovo,15,605082,[等级25],[粉丝团 Lv2]
2026-05-03 14:57:30,60786747211,琳儿,30,605125,[等级14],
2026-05-03 14:57:33,809667020723624,H..,6,605155,[等级12],
2026-05-03 14:57:37,60786747211,琳儿,27,605206,[等级14],
2026-05-03 14:57:40,3105495683171277,我思故我在,30,605254,[等级3],[粉丝团 Lv2]
2026-05-03 14:57:43,60786747211,琳儿,27,605284,[等级14],
2026-05-03 14:57:46,3105495683171277,我思故我在,30,605325,[等级3],[粉丝团 Lv2]
2026-05-03 14:57:48,110666097981,陈豆豆,3,605352,[等级5],[粉丝团 Lv8]
2026-05-03 14:57:52,3105495683171277,我思故我在,27,605393,[等级3],[粉丝团 Lv2]
2026-05-03 14:57:55,453442174718862,张君雅的陛下⁵¹⁰⁷⁴,6,605427,[等级35],[粉丝团 Lv16]
2026-05-03 14:57:58,65119172413,习惯有妳,6,605468,[等级17],
2026-05-03 14:58:00,1900431100614680,用户9253357151204,3,605500,[等级8],
2026-05-03 14:58:03,60786747211,琳儿,27,605558,[等级14],
2026-05-03 14:58:06,3105495683171277,我思故我在,30,605604,[等级3],[粉丝团 Lv2]
2026-05-03 14:58:09,60786747211,琳儿,27,605636,[等级14],
2026-05-03 14:58:12,3105495683171277,我思故我在,27,605675,[等级3],[粉丝团 Lv2]
2026-05-03 14:58:15,60786747211,琳儿,27,605723,[等级14],
2026-05-03 14:58:18,110666097981,陈豆豆,27,605775,[等级5],[粉丝团 Lv8]
2026-05-03 14:58:22,60786747211,琳儿,27,605822,[等级14],
2026-05-03 14:58:25,3105495683171277,我思故我在,27,605892,[等级3],[粉丝团 Lv2]
2026-05-03 14:58:27,809667020723624,H..,3,605935,[等级12],
2026-05-03 14:58:30,110666097981,陈豆豆,3,605993,[等级5],[粉丝团 Lv8]
2026-05-03 14:58:34,1640116164760503,鸣桐,3,606059,[等级16],[粉丝团 Lv10]
2026-05-03 14:58:36,1900431100614680,用户9253357151204,6,606117,[等级8],
2026-05-03 14:58:40,101664896914,下雨天·,33,606187,[等级8],[粉丝团 Lv4]
2026-05-03 14:58:42,3105495683171277,我思故我在,27,606250,[等级3],[粉丝团 Lv2]
2026-05-03 14:58:46,101664896914,下雨天·,33,606311,[等级8],[粉丝团 Lv4]
2026-05-03 14:58:48,3318690007,电饭宝,21,606385,[等级10],[粉丝团 Lv2]
2026-05-03 14:58:51,101664896914,下雨天·,12,606441,[等级8],[粉丝团 Lv4]
2026-05-03 14:58:54,1900431100614680,用户9253357151204,15,606515,[等级8],
2026-05-03 14:58:57,2787972414973838,快乐之星,42,606599,[等级19],
2026-05-03 14:59:00,3105495683171277,我思故我在,27,606671,[等级3],[粉丝团 Lv2]
2026-05-03 14:59:03,94240260750,略略略🤪,27,606735,[等级9],[粉丝团 Lv8]
2026-05-03 14:59:06,60786747211,琳儿,24,606808,[等级14],
2026-05-03 14:59:09,94240260750,略略略🤪,27,606883,[等级9],[粉丝团 Lv8]
2026-05-03 14:59:12,60786747211,琳儿,30,606954,[等级14],
2026-05-03 14:59:16,94240260750,略略略🤪,27,607058,[等级9],[粉丝团 Lv8]
2026-05-03 14:59:18,1900431100614680,用户9253357151204,18,607127,[等级8],
2026-05-03 14:59:22,94240260750,略略略🤪,30,607212,[等级9],[粉丝团 Lv8]
2026-05-03 14:59:24,1900431100614680,用户9253357151204,9,607275,[等级8],
2026-05-03 14:59:28,94240260750,略略略🤪,30,607323,[等级9],[粉丝团 Lv8]
2026-05-03 14:59:30,60786747211,琳儿,27,607377,[等级14],
2026-05-03 14:59:33,3943323128317463,42439685520,18,607440,[等级9],[粉丝团 Lv2]
2026-05-03 14:59:36,3105495683171277,我思故我在,27,607505,[等级3],[粉丝团 Lv2]
2026-05-03 14:59:40,2458102176691848,堇年,30,607550,[等级12],[粉丝团 Lv9]
2026-05-03 14:59:42,110666097981,陈豆豆,9,607610,[等级5],[粉丝团 Lv8]
2026-05-03 14:59:45,74774146370,厉害了wodeG,3,607672,[等级24],[粉丝团 Lv4]
2026-05-03 14:59:48,2938361592429283,涳泠,3,607779,[等级13],[粉丝团 Lv2]
2026-05-03 14:59:51,74774146370,厉害了wodeG,9,607832,[等级24],[粉丝团 Lv4]
2026-05-03 14:59:54,71364689946,🌜⃢👁‿👁⃢ 🍁浅夏,3,607889,[等级3],
2026-05-03 14:59:57,92502883374,Great Ming,6,607942,[等级26],[粉丝团 Lv10]
2026-05-03 15:00:00,3877293178501850,Dec.,33,608039,[等级6],[粉丝团 Lv1]
2026-05-03 15:00:04,91580467214,锁骨痣,15,608101,[等级5],[粉丝团 Lv2]
2026-05-03 15:00:06,3877293178501850,Dec.,9,608162,[等级6],[粉丝团 Lv1]
2026-05-03 15:00:09,91580467214,锁骨痣,33,608244,[等级5],[粉丝团 Lv2]
2026-05-03 15:00:12,110666097981,陈豆豆,3,608312,[等级5],[粉丝团 Lv8]
2026-05-03 15:00:15,789915401987956,Zzzz z,3,608371,[等级1],
2026-05-03 15:00:18,110666097981,陈豆豆,3,608424,[等级5],[粉丝团 Lv8]
2026-05-03 15:00:21,94084612075,@大漠@,21,608485,[等级7],[粉丝团 Lv3]
2026-05-03 15:00:24,83320173463,乘墉˙³˙,30,608556,[等级14],[粉丝团 Lv11]
2026-05-03 15:00:27,94084612075,@大漠@,30,608637,[等级7],[粉丝团 Lv3]
2026-05-03 15:00:30,83320173463,乘墉˙³˙,30,608702,[等级14],[粉丝团 Lv11]
2026-05-03 15:00:34,94084612075,@大漠@,30,608778,[等级7],[粉丝团 Lv3]
2026-05-03 15:00:36,83320173463,乘墉˙³˙,30,608836,[等级14],[粉丝团 Lv11]
2026-05-03 15:00:40,94084612075,@大漠@,30,608895,[等级7],[粉丝团 Lv3]
2026-05-03 15:00:42,83320173463,乘墉˙³˙,24,608942,[等级14],[粉丝团 Lv11]
2026-05-03 15:00:46,421813366822111,qnm,21,609009,[等级11],[粉丝团 Lv8]
2026-05-03 15:00:48,60786747211,琳儿,27,609041,[等级14],
2026-05-03 15:00:52,94084612075,@大漠@,3,609100,[等级7],[粉丝团 Lv3]
2026-05-03 15:00:54,60786747211,琳儿,27,609150,[等级14],
2026-05-03 15:00:57,3105495683171277,我思故我在,27,609185,[等级3],[粉丝团 Lv2]
2026-05-03 15:01:00,60786747211,琳儿,27,609242,[等级14],
2026-05-03 15:01:03,3105495683171277,我思故我在,27,609293,[等级3],[粉丝团 Lv2]
2026-05-03 15:01:06,110666097981,陈豆豆,21,609372,[等级5],[粉丝团 Lv8]
2026-05-03 15:01:09,3105495683171277,我思故我在,24,609423,[等级3],[粉丝团 Lv2]
2026-05-03 15:01:12,92473624548,ە終點站² º ² ³,33,609474,[等级25],[粉丝团 Lv9]
2026-05-03 15:01:15,3105495683171277,我思故我在,27,609512,[等级3],[粉丝团 Lv2]
2026-05-03 15:01:19,60786747211,琳儿,27,609549,[等级14],
2026-05-03 15:01:21,3105495683171277,我思故我在,27,609578,[等级3],[粉丝团 Lv2]
2026-05-03 15:01:25,60786747211,琳儿,30,609612,[等级14],
2026-05-03 15:01:27,3105495683171277,我思故我在,9,609634,[等级3],[粉丝团 Lv2]
2026-05-03 15:01:30,60786747211,琳儿,30,609664,[等级14],
2026-05-03 15:01:33,3105495683171277,我思故我在,24,609687,[等级3],[粉丝团 Lv2]
2026-05-03 15:01:37,60786747211,琳儿,27,609725,[等级14],
2026-05-03 15:01:39,3105495683171277,我思故我在,30,609747,[等级3],[粉丝团 Lv2]
2026-05-03 15:01:43,110666097981,陈豆豆,15,609770,[等级5],[粉丝团 Lv8]
2026-05-03 15:01:45,3105495683171277,我思故我在,21,609807,[等级3],[粉丝团 Lv2]
2026-05-03 15:01:48,100747646246,磊,3,609829,[等级13],[粉丝团 Lv6]
2026-05-03 15:01:51,60786747211,琳儿,27,609882,[等级14],
2026-05-03 15:01:54,99466938537,李宏标,9,609904,[等级2],
2026-05-03 15:01:57,60786747211,琳儿,30,609952,[等级14],
2026-05-03 15:02:00,99466938537,李宏标,30,609989,[等级2],
2026-05-03 15:02:03,102928176516,胖子哥哥,3,610038,[等级8],
2026-05-03 15:02:06,99466938537,李宏标,30,610077,[等级2],
2026-05-03 15:02:09,60786747211,琳儿,27,610120,[等级14],
2026-05-03 15:02:13,3105495683171277,我思故我在,30,610153,[等级3],[粉丝团 Lv2]
2026-05-03 15:02:15,3105495683171277,我思故我在,27,610163,[等级3],[粉丝团 Lv2]
2026-05-03 15:02:19,110877189919,格尔木钢管盘扣租赁站,3,610178,[等级3],[粉丝团 Lv4]
2026-05-03 15:02:21,3105495683171277,我思故我在,27,610208,[等级3],[粉丝团 Lv2]
2026-05-03 15:02:25,110877189919,格尔木钢管盘扣租赁站,3,610232,[等级3],[粉丝团 Lv4]
2026-05-03 15:02:27,3105495683171277,我思故我在,27,610255,[等级3],[粉丝团 Lv2]
2026-05-03 15:02:31,84171159543,飞,3,610266,[等级1],
2026-05-03 15:02:33,809667020723624,H..,3,610286,[等级12],
2026-05-03 15:02:38,3105495683171277,我思故我在,30,610307,[等级3],[粉丝团 Lv2]
2026-05-03 15:02:39,99310442745,无人像你,3,610317,[等级3],
2026-05-03 15:02:43,889960562178120,李东,3,610328,,
2026-05-03 15:02:46,3105495683171277,我思故我在,27,610347,[等级3],[粉丝团 Lv2]
2026-05-03 15:02:49,85789766071,耷白菜鸡毛菜,6,610367,[等级5],[粉丝团 Lv6]
2026-05-03 15:02:51,3438873158878228,命运,6,610387,[等级15],[粉丝团 Lv1]
2026-05-03 15:02:54,110666097981,陈豆豆,27,610414,[等级5],[粉丝团 Lv8]
2026-05-03 15:02:58,3438873158878228,命运,3,610441,[等级15],[粉丝团 Lv1]
2026-05-03 15:03:02,3105495683171277,我思故我在,27,610477,[等级3],[粉丝团 Lv2]
2026-05-03 15:03:04,2384210208755796,指间沙,6,610497,[等级7],[粉丝团 Lv10]
2026-05-03 15:03:08,1090303726454968,腼腆小学生,3,610519,[等级1],
2026-05-03 15:03:10,3105495683171277,我思故我在,27,610528,[等级3],[粉丝团 Lv2]
2026-05-03 15:03:13,101918461499,杰仔,3,610538,[等级26],
2026-05-03 15:03:15,109245241088,🌈🌈库的莫🌈🌈,9,610559,[等级12],
2026-05-03 15:03:20,3105495683171277,我思故我在,27,610596,[等级3],[粉丝团 Lv2]
2026-05-03 15:03:21,99310442745,无人像你,6,610598,[等级3],
2026-05-03 15:03:25,99310442745,无人像你,72,610665,[等级3],
2026-05-03 15:03:27,99310442745,无人像你,39,610687,[等级3],
2026-05-03 15:03:31,101664896914,下雨天·,18,610743,[等级8],[粉丝团 Lv5]
2026-05-03 15:03:33,99310442745,无人像你,48,610794,[等级3],
2026-05-03 15:03:36,110666097981,陈豆豆,6,610838,[等级5],[粉丝团 Lv8]
2026-05-03 15:03:39,99310442745,无人像你,69,610900,[等级3],
2026-05-03 15:03:43,109218361285,我挺好,3,610927,[等级12],[粉丝团 Lv11]
2026-05-03 15:03:45,1292622318279277,小肥林✔,3,610945,[等级20],
2026-05-03 15:03:48,3105495683171277,我思故我在,24,610965,[等级3],[粉丝团 Lv2]
2026-05-03 15:03:52,3105495683171277,我思故我在,24,610984,[等级3],[粉丝团 Lv2]
2026-05-03 15:03:54,3105495683171277,我思故我在,24,610992,[等级3],[粉丝团 Lv2]
2026-05-03 15:03:58,3105495683171277,我思故我在,27,611010,[等级3],[粉丝团 Lv2]
2026-05-03 15:04:00,3105495683171277,我思故我在,27,611020,[等级3],[粉丝团 Lv2]
2026-05-03 15:04:04,4451299830806412,ｌｅ,6,611045,[等级16],
2026-05-03 15:04:06,3105495683171277,我思故我在,27,611066,[等级3],[粉丝团 Lv2]
2026-05-03 15:04:10,3499069923138028,勿扰人心,3,611117,[等级2],
2026-05-03 15:04:12,3105495683171277,我思故我在,27,611167,[等级3],[粉丝团 Lv2]
2026-05-03 15:04:16,1066962344239722,番茄🍅炒西红柿,39,611235,[等级8],[粉丝团 Lv11]
2026-05-03 15:04:18,1066962344239722,番茄🍅炒西红柿,6,611258,[等级8],[粉丝团 Lv11]
2026-05-03 15:04:22,3105495683171277,我思故我在,27,611316,[等级3],[粉丝团 Lv2]
2026-05-03 15:04:24,3105495683171277,我思故我在,24,611341,[等级3],[粉丝团 Lv2]
2026-05-03 15:04:28,3105495683171277,我思故我在,27,611384,[等级3],[粉丝团 Lv2]
2026-05-03 15:04:30,3105495683171277,我思故我在,24,611414,[等级3],[粉丝团 Lv2]
2026-05-03 15:04:33,92813625406967,LT123456,27,611451,[等级16],[粉丝团 Lv1]
2026-05-03 15:04:37,70542553438,六六爱打架,36,611485,[等级23],[粉丝团 Lv14]
2026-05-03 15:04:39,92813625406967,LT123456,21,611518,[等级16],[粉丝团 Lv1]
2026-05-03 15:04:43,70542553438,六六爱打架,33,611547,[等级23],[粉丝团 Lv14]
2026-05-03 15:04:45,92813625406967,LT123456,12,611565,[等级16],[粉丝团 Lv1]
2026-05-03 15:04:49,59508062873,Ｈí炫染辉,36,611600,[等级33],
2026-05-03 15:04:52,3171416094813437,ʚ薄荷糖ɞ,6,611637,[等级12],[粉丝团 Lv1]
2026-05-03 15:04:54,3171416094813437,ʚ薄荷糖ɞ,3,611669,[等级12],[粉丝团 Lv1]
2026-05-03 15:04:57,59508062873,Ｈí炫染辉,33,611705,[等级33],
2026-05-03 15:05:00,3617833792570298,陆生,3,611745,[等级9],
2026-05-03 15:05:04,23357868375,单纯性.,27,611829,[等级17],
2026-05-03 15:05:06,23357868375,单纯性.,24,611859,[等级17],
2026-05-03 15:05:09,58839994030,。徐安星,3,611894,[等级25],[粉丝团 Lv7]
2026-05-03 15:05:13,23357868375,单纯性.,24,611964,[等级17],
2026-05-03 15:05:15,59508062873,Ｈí炫染辉,33,611994,[等级33],
2026-05-03 15:05:19,23357868375,单纯性.,18,612052,[等级17],
2026-05-03 15:05:23,23357868375,单纯性.,21,612109,[等级17],
2026-05-03 15:05:25,23357868375,单纯性.,18,612126,[等级17],
2026-05-03 15:05:28,3628800861029144,观海听潮,3,612144,[等级8],[粉丝团 Lv5]
2026-05-03 15:05:31,70542553438,六六爱打架,30,612180,[等级23],[粉丝团 Lv14]
2026-05-03 15:05:35,70542553438,六六爱打架,33,612202,[等级23],[粉丝团 Lv14]
2026-05-03 15:05:37,70542553438,六六爱打架,36,612215,[等级23],[粉丝团 Lv14]
2026-05-03 15:05:41,94161696152,V夏梦,3,612245,[等级15],[粉丝团 Lv11]
2026-05-03 15:05:43,62785741702,神烦傲娇天秤座,12,612262,[等级20],[粉丝团 Lv3]
2026-05-03 15:05:47,62785741702,神烦傲娇天秤座,27,612299,[等级20],[粉丝团 Lv3]
2026-05-03 15:05:49,70542553438,六六爱打架,36,612323,[等级23],[粉丝团 Lv14]
2026-05-03 15:05:51,111581558510,北京腾飞门业,3,612345,[等级11],[粉丝团 Lv2]
2026-05-03 15:05:54,2150278036991892,用户,18,612374,[等级5],
2026-05-03 15:05:57,70542553438,六六爱打架,30,612412,[等级23],[粉丝团 Lv14]
2026-05-03 15:06:01,59508062873,Ｈí炫染辉,33,612457,[等级33],
2026-05-03 15:06:03,70542553438,六六爱打架,36,612491,[等级23],[粉丝团 Lv14]
2026-05-03 15:06:07,59508062873,Ｈí炫染辉,30,612514,[等级33],
2026-05-03 15:06:11,96872138304,凌&云,3,612537,[等级9],
2026-05-03 15:06:13,59508062873,Ｈí炫染辉,36,612549,[等级33],
2026-05-03 15:06:17,59508062873,Ｈí炫染辉,33,612571,[等级33],
2026-05-03 15:06:18,110666097981,陈豆豆,6,612574,[等级5],[粉丝团 Lv8]
2026-05-03 15:06:22,110666097981,陈豆豆,6,612602,[等级5],[粉丝团 Lv8]
2026-05-03 15:06:25,62785741702,神烦傲娇天秤座,30,612665,[等级20],[粉丝团 Lv3]
2026-05-03 15:06:28,2448287037,ヾ茶凉酒寒,33,612698,[等级10],[粉丝团 Lv10]
2026-05-03 15:06:30,1256080390503179,快驴貨耘,3,612729,[等级2],[粉丝团 Lv2]
2026-05-03 15:06:33,59508062873,Ｈí炫染辉,33,612776,[等级33],
2026-05-03 15:06:37,62785741702,神烦傲娇天秤座,30,612845,[等级20],[粉丝团 Lv3]
2026-05-03 15:06:39,4066431141950349,一只猫-,6,612879,[等级2],
2026-05-03 15:06:43,62785741702,神烦傲娇天秤座,30,612943,[等级20],[粉丝团 Lv3]
2026-05-03 15:06:45,2448287037,ヾ茶凉酒寒,33,612981,[等级10],[粉丝团 Lv10]
2026-05-03 15:06:48,98110853882,小海鱼,18,613016,[等级1],
2026-05-03 15:06:51,2448287037,ヾ茶凉酒寒,33,613081,[等级10],[粉丝团 Lv10]
2026-05-03 15:06:55,76446924241,7 .,42,613126,[等级9],[粉丝团 Lv9]
2026-05-03 15:06:57,2448287037,ヾ茶凉酒寒,36,613172,[等级10],[粉丝团 Lv10]
2026-05-03 15:07:00,110666097981,陈豆豆,21,613223,[等级5],[粉丝团 Lv8]
2026-05-03 15:07:03,2448287037,ヾ茶凉酒寒,30,613289,[等级10],[粉丝团 Lv10]
2026-05-03 15:07:07,110666097981,陈豆豆,3,613324,[等级5],[粉丝团 Lv8]
2026-05-03 15:07:09,2448287037,ヾ茶凉酒寒,30,613357,[等级10],[粉丝团 Lv10]
2026-05-03 15:07:12,110666097981,陈豆豆,12,613391,[等级5],[粉丝团 Lv8]
2026-05-03 15:07:16,2448287037,ヾ茶凉酒寒,24,613415,[等级10],[粉丝团 Lv10]
2026-05-03 15:07:19,93101393291,🌈,6,613421,[等级6],
2026-05-03 15:07:22,92813625406967,LT123456,27,613440,[等级16],[粉丝团 Lv1]
2026-05-03 15:07:24,110666097981,陈豆豆,9,613458,[等级5],[粉丝团 Lv8]
2026-05-03 15:07:28,110666097981,陈豆豆,9,613515,[等级5],[粉丝团 Lv8]
2026-05-03 15:07:31,76446924241,7 .,39,613528,[等级9],[粉丝团 Lv9]
2026-05-03 15:07:33,108364309089,杨,6,613533,[等级3],
2026-05-03 15:07:37,3965257179212564,湖,3,613558,,
2026-05-03 15:07:40,110666097981,陈豆豆,6,613608,[等级5],[粉丝团 Lv8]
2026-05-03 15:07:42,110666097981,陈豆豆,3,613636,[等级5],[粉丝团 Lv8]
2026-05-03 15:07:46,110666097981,陈豆豆,12,613672,[等级5],[粉丝团 Lv8]
2026-05-03 15:07:48,110666097981,陈豆豆,6,613698,[等级5],[粉丝团 Lv8]
2026-05-03 15:07:53,92461848227,煜,3,613749,[等级13],[粉丝团 Lv11]
2026-05-03 15:07:55,62785741702,神烦傲娇天秤座,27,613779,[等级20],[粉丝团 Lv3]
2026-05-03 15:07:57,1525761913136445,🎣去钓鱼吖,3,613815,[等级27],[粉丝团 Lv9]
2026-05-03 15:08:01,59508062873,Ｈí炫染辉,33,613855,[等级33],
2026-05-03 15:08:03,59508062873,Ｈí炫染辉,33,613876,[等级33],
2026-05-03 15:08:07,62785741702,神烦傲娇天秤座,9,613910,[等级20],[粉丝团 Lv3]
2026-05-03 15:08:09,59508062873,Ｈí炫染辉,33,613943,[等级33],
2026-05-03 15:08:12,95921115221,Jason,3,613973,[等级27],[粉丝团 Lv9]
2026-05-03 15:08:16,943831845189977,小蟹没有钳💷,30,614015,[等级11],
2026-05-03 15:08:18,92813625406967,LT123456,24,614049,[等级16],[粉丝团 Lv1]
2026-05-03 15:08:22,110666097981,陈豆豆,6,614090,[等级5],[粉丝团 Lv8]
2026-05-03 15:08:24,110666097981,陈豆豆,18,614105,[等级5],[粉丝团 Lv8]
2026-05-03 15:08:27,3545249462616455,…,15,614114,[等级2],
2026-05-03 15:08:31,3545249462616455,…,15,614125,[等级2],
2026-05-03 15:08:33,3545249462616455,…,6,614150,[等级2],
2026-05-03 15:08:36,110666097981,陈豆豆,30,614184,[等级5],[粉丝团 Lv8]
2026-05-03 15:08:40,1447420101397773,7on,3,614212,[等级28],[粉丝团 Lv10]
2026-05-03 15:08:43,3545249462616455,…,24,614253,[等级2],
2026-05-03 15:08:45,3545249462616455,…,9,614269,[等级2],
2026-05-03 15:08:50,77416951506,ら孤痞,33,614304,[等级36],[粉丝团:张君雅 Lv17]
2026-05-03 15:08:52,1005412831464700,大朗 吃药,3,614315,[等级12],
2026-05-03 15:09:01,59508062873,Ｈí炫染辉,18,614321,[等级33],
2026-05-03 15:09:05,59508062873,Ｈí炫染辉,36,614344,[等级33],
2026-05-03 15:09:07,92813625406967,LT123456,12,614348,[等级16],[粉丝团 Lv1]
2026-05-03 15:09:09,92473624548,ە終點站² º ² ³,3,614364,[等级25],[粉丝团 Lv9]
2026-05-03 15:09:13,92813625406967,LT123456,12,614379,[等级16],[粉丝团 Lv1]
2026-05-03 15:09:17,92813625406967,LT123456,12,614384,[等级16],[粉丝团 Lv1]
2026-05-03 15:09:19,92813625406967,LT123456,33,614396,[等级16],[粉丝团 Lv1]
2026-05-03 15:09:22,108364309089,杨,6,614409,[等级3],
2026-05-03 15:09:28,4451299830806412,ｌｅ,12,614417,[等级16],
2026-05-03 15:09:32,4451299830806412,ｌｅ,36,614442,[等级16],
2026-05-03 15:09:34,66916302885,乐乐_,3,614452,[等级5],
2026-05-03 15:09:37,110877189919,格尔木钢管盘扣租赁站,18,614473,[等级3],[粉丝团 Lv4]
2026-05-03 15:09:40,92813625406967,LT123456,33,614501,[等级16],[粉丝团 Lv1]
2026-05-03 15:09:42,111524154361,風花雪月,6,614514,[等级11],[粉丝团 Lv3]
2026-05-03 15:09:46,92813625406967,LT123456,36,614553,[等级16],[粉丝团 Lv1]
2026-05-03 15:09:49,92813625406967,LT123456,36,614583,[等级16],[粉丝团 Lv1]
2026-05-03 15:09:51,92813625406967,LT123456,30,614604,[等级16],[粉丝团 Lv1]
2026-05-03 15:09:57,94431919111,大狼头内裤外穿,3,614621,[等级24],[粉丝团 Lv10]
2026-05-03 15:09:58,92813625406967,LT123456,3,614622,[等级16],[粉丝团 Lv1]
2026-05-03 15:10:01,62785741702,神烦傲娇天秤座,27,614651,[等级20],[粉丝团 Lv3]
2026-05-03 15:10:03,63475986578,😴,6,614671,[等级11],
2026-05-03 15:10:11,2487515459355443,达拉崩吧,3,614689,[等级45],[粉丝团 Lv2]
2026-05-03 15:10:18,4396310363123913,玛娅珍妮（宋城店）,3,614690,[等级7],
2026-05-03 15:10:19,105160933332,～王守朋～,33,614702,[等级19],[粉丝团 Lv14]
2026-05-03 15:10:23,105160933332,～王守朋～,3,614715,[等级19],[粉丝团 Lv14]
2026-05-03 15:10:25,3425685646347191,黄福仙,3,614716,,
2026-05-03 15:10:28,3425685646347191,黄福仙,24,614724,,
2026-05-03 15:10:33,61239370043,甜C兮,21,614731,[等级13],[粉丝团 Lv11]
2026-05-03 15:10:35,61239370043,甜C兮,3,614732,[等级13],[粉丝团 Lv11]
2026-05-03 15:10:38,1506766739224522,小九,3,614734,,
2026-05-03 15:10:39,770071988288381,_-、、、,3,614735,[等级1],
2026-05-03 15:10:43,770071988288381,_-、、、,3,614737,[等级1],
2026-05-03 15:10:50,97884690166,༨ꫛꪝᝰ෴ ۣ,30,614747,[等级11],[粉丝团 Lv4]
2026-05-03 15:10:53,2590866089184749,刀斩相思情,3,614748,,
2026-05-03 15:10:55,2590866089184749,刀斩相思情,30,614758,,
2026-05-03 15:10:57,2590866089184749,刀斩相思情,30,614783,,
2026-05-03 15:11:00,943831845189977,小蟹没有钳💷,33,614835,[等级11],
2026-05-03 15:11:03,2590866089184749,刀斩相思情,30,614885,,
2026-05-03 15:11:07,93430846416,樂樂。,3,614914,[等级10],
2026-05-03 15:11:09,92813625406967,LT123456,33,614936,[等级16],[粉丝团 Lv1]
2026-05-03 15:11:14,92813625406967,LT123456,15,614953,[等级16],[粉丝团 Lv1]
2026-05-03 15:11:15,81445624446,元,3,614954,[等级22],[粉丝团 Lv11]
2026-05-03 15:11:19,103005662359,小鱼儿,3,614956,[等级6],
2026-05-03 15:11:23,4321256286,有幸遇见妳,3,614958,[等级20],[粉丝团 Lv8]
2026-05-03 15:11:27,1134284974593279,Me、,6,614960,[等级16],
2026-05-03 15:11:42,102924341478,彪,3,614962,,
2026-05-03 15:11:42,106583165665,卜∨匕i,6,614966,[等级8],
2026-05-03 15:11:46,102924341478,彪,24,614985,,
2026-05-03 15:11:50,102924341478,彪,15,614994,,
2026-05-03 15:11:52,102924341478,彪,24,615017,,
2026-05-03 15:11:54,63672726608,٨ـﮩﮩ٨ـ余ﮩ٨ـﮩﮩ٨,21,615043,[等级21],[粉丝团 Lv10]
2026-05-03 15:11:57,11587239617,H.,9,615071,[等级3],[粉丝团 Lv3]
2026-05-03 15:12:00,63672726608,٨ـﮩﮩ٨ـ余ﮩ٨ـﮩﮩ٨,24,615099,[等级21],[粉丝团 Lv10]
2026-05-03 15:12:04,99312082465,皮蛋瘦肉粥,3,615130,[等级7],
2026-05-03 15:12:10,102924341478,彪,24,615156,,
2026-05-03 15:12:13,62785741702,神烦傲娇天秤座,3,615176,[等级20],[粉丝团 Lv3]
2026-05-03 15:12:16,110666097981,陈豆豆,6,615189,[等级5],[粉丝团 Lv8]
2026-05-03 15:12:18,110666097981,陈豆豆,12,615197,[等级5],[粉丝团 Lv8]
2026-05-03 15:12:23,62785741702,神烦傲娇天秤座,18,615203,[等级20],[粉丝团 Lv3]
2026-05-03 15:12:24,110666097981,陈豆豆,3,615215,[等级5],[粉丝团 Lv8]
2026-05-03 15:12:27,110898105151,Huan,3,615234,[等级7],
2026-05-03 15:12:30,1429837214129837,用户2070299285434,6,615315,,
2026-05-03 15:12:33,352265612302110,堕落,24,615434,[等级12],[粉丝团 Lv7]
2026-05-03 15:12:36,3562029460240509,将将将将,9,615566,[等级7],[粉丝团 Lv4]
2026-05-03 15:12:39,4451299830806412,ｌｅ,30,615671,[等级16],
2026-05-03 15:12:42,109170032889,若鱼,12,615854,[等级27],[粉丝团:张君雅 Lv11]
2026-05-03 15:12:45,1904006761290302,浪子阿刚,9,616008,[等级29],[粉丝团 Lv12]
2026-05-03 15:12:48,52491426048,大王,18,616148,[等级3],[粉丝团 Lv6]
2026-05-03 15:12:51,4233550562864448,冰糖炖雪李,21,616271,[等级10],
2026-05-03 15:12:54,4233550562864448,冰糖炖雪李,12,616374,[等级10],
2026-05-03 15:12:57,4233550562864448,冰糖炖雪李,9,616498,[等级10],
2026-05-03 15:13:00,544948117847831,顺泽,9,616611,[等级12],[粉丝团 Lv2]
2026-05-03 15:13:03,1758817229219927,小郭,15,616734,,
2026-05-03 15:13:06,2823157701681488,面具丶,3,616870,[等级15],
2026-05-03 15:13:09,1758817229219927,小郭,3,616960,,
2026-05-03 15:13:12,96858239814,凉城☆次元,9,617057,[等级9],
2026-05-03 15:13:15,1758817229219927,小郭,6,617151,,
2026-05-03 15:13:19,1758817229219927,小郭,21,617199,,
2026-05-03 15:13:21,1758817229219927,小郭,30,617233,,
2026-05-03 15:13:24,110666097981,陈豆豆,3,617272,[等级5],[粉丝团 Lv8]
2026-05-03 15:13:27,75704769912,爱吃麻薯,3,617311,[等级5],
2026-05-03 15:13:30,67444130846,沐秋,18,617388,[等级16],[粉丝团 Lv11]
2026-05-03 15:13:33,3258572307438155,有你才完美,21,617420,[等级11],[粉丝团 Lv8]
2026-05-03 15:13:38,92813625406967,LT123456,21,617489,[等级16],[粉丝团 Lv1]
2026-05-03 15:13:40,92813625406967,LT123456,15,617508,[等级16],[粉丝团 Lv1]
2026-05-03 15:13:44,92813625406967,LT123456,21,617543,[等级16],[粉丝团 Lv1]
2026-05-03 15:13:45,149160329483871,不 吃早饭,27,617568,[等级17],[粉丝团 Lv11]
2026-05-03 15:13:48,110666097981,陈豆豆,9,617620,[等级5],[粉丝团 Lv8]
2026-05-03 15:13:52,92992288513,昕愿,30,617657,[等级10],[粉丝团 Lv1]
2026-05-03 15:13:56,92813625406967,LT123456,21,617693,[等级16],[粉丝团 Lv1]
2026-05-03 15:13:58,60047544879,呆了个呆,21,617711,[等级20],[粉丝团 Lv11]
2026-05-03 15:14:02,92315339223,姐夫不喝药,9,617730,[等级13],[粉丝团 Lv11]
